[{"sentence": "\u4fc4\u519bT-90\u5766\u514b\u7591\u906d\u53cb\u519b\u53cd\u5766\u514b\u5bfc\u5f39\u8bef\u51fb\u00a0\u4ec5\u53d7\u4e86\u201c\u76ae\u5916\u4f24\u201d", "events": [{"trigger": {"text": "\u8bef\u51fb", "offset": 17, "length": 2}, "subject": {"text": "\u53cb\u519b\u53cd\u5766\u514b\u5bfc\u5f39", "offset": 10, "length": 7}, "object": {"text": "\u4fc4\u519bT-90\u5766\u514b", "offset": 0, "length": 8}}], "arguments": {"time": [], "loc": [], "country": [{"text": "\u4fc4", "offset": 0, "length": 1}], "weapon": [{"text": "T-90\u5766\u514b", "offset": 2, "length": 6}, {"text": "\u53cd\u5766\u514b\u5bfc\u5f39", "offset": 12, "length": 5}]}}, {"sentence": "\u3010\u73af\u7403\u7f51\u62a5\u9053 \u8bb0\u8005 \u5f90\u7490\u660e\u3011", "events": [], "arguments": {"time": [], "loc": [], "country": [], "weapon": []}}, {"sentence": "\u8fd1\u65e5\u5728\u793e\u4ea4\u5a92\u4f53\u4e0a\u6d41\u4f20\u4e86\u591a\u5f20\u7591\u4f3c\u4fc4\u7f57\u65af\u519b\u961f\u7684T-90\u5766\u514b\u88ab\u51fb\u6bc1\u7684\u73b0\u573a\u7167\u7247\u3002", "events": [], "arguments": {"time": [], "loc": [], "country": [{"text": "\u4fc4\u7f57\u65af", "offset": 15, "length": 3}], "weapon": [{"text": "T-90\u5766\u514b", "offset": 21, "length": 6}]}}, {"sentence": "\u636e\u4fc4\u7f57\u65afApostrophe\u7f51\u7ad9\u7684\u62a5\u9053\uff0c\u8fd9\u8d77T-90\u5766\u514b\u88ab\u51fb\u6bc1\u4e8b\u4ef6\u53d1\u751f\u5728\u963f\u65af\u7279\u62c9\u7f55\u5730\u533a\uff0c\u8fd9\u8f86\u5766\u514b\u906d\u5230\u4e86\u5df1\u65b9\u88c5\u7532\u8f66\u8f86\u8bef\u51fb\u3002", "events": [{"trigger": {"text": "\u8bef\u51fb", "offset": 57, "length": 2}, "subject": {"text": "\u5df1\u65b9\u88c5\u7532\u8f66\u8f86", "offset": 51, "length": 6}, "object": {"text": "T-90\u5766\u514b", "offset": 22, "length": 6}}], "arguments": {"time": [], "loc": [{"text": "\u963f\u65af\u7279\u62c9\u7f55\u5730\u533a", "offset": 36, "length": 7}], "country": [{"text": "\u4fc4\u7f57\u65af", "offset": 1, "length": 3}], "weapon": [{"text": "\u5766\u514b", "offset": 46, "length": 2}, {"text": "\u88c5\u7532\u8f66", "offset": 53, "length": 3}, {"text": "T-90\u5766\u514b", "offset": 22, "length": 6}, {"text": "\u88c5\u7532\u8f66\u8f86", "offset": 53, "length": 4}]}}, {"sentence": "\u4e5f\u6709\u5916\u5a92\u7206\u6599\u79f0\uff0c\u8fd9\u8f86T-90\u5766\u514b\u662f\u88ab\u4e00\u8f86\u4fc4\u519b\u7684BMP-2\u6b65\u5175\u6218\u8f66\u53d1\u5c04\u76849M133\u201c\u77ed\u53f7\u201d\u53cd\u5766\u514b\u5bfc\u5f39\u51fb\u4e2d\u3002", "events": [{"trigger": {"text": "\u51fb\u4e2d", "offset": 49, "length": 2}, "subject": {"text": "BMP-2\u6b65\u5175\u6218\u8f66\u53d1\u5c04\u76849M133\u201c\u77ed\u53f7\u201d\u53cd\u5766\u514b\u5bfc\u5f39", "offset": 23, "length": 26}, "object": {"text": "T-90\u5766\u514b", "offset": 10, "length": 6}}], "arguments": {"time": [], "loc": [], "country": [{"text": "\u4fc4", "offset": 20, "length": 1}], "weapon": [{"text": "T-90\u5766\u514b", "offset": 10, "length": 6}, {"text": "BMP-2\u6b65\u5175\u6218\u8f66", "offset": 23, "length": 9}, {"text": "9M133\u201c\u77ed\u53f7\u201d\u53cd\u5766\u514b\u5bfc\u5f39", "offset": 35, "length": 14}]}}, {"sentence": "\u4ece\u73b0\u573a\u753b\u9762\u6765\u770b\uff0c\u8fd9\u8f86T-90\u5766\u514b\u88ab\u51fb\u4e2d\u7684\u90e8\u4f4d\u4f4d\u4e8e\u70ae\u5854\u540e\u90e8\uff0c\u4f46\u5bfc\u5f39\u672a\u80fd\u51fb\u7a7f\u88c5\u7532\uff0c\u53ef\u80fd\u662f\u9644\u52a0\u53cd\u5e94\u88c5\u7532\u6210\u529f\u9632\u5fa1\u4f4f\u4e86\u53cd\u5766\u514b\u5bfc\u5f39\u7684\u6253\u51fb\u3002", "events": [], "arguments": {"time": [], "loc": [], "country": [], "weapon": [{"text": "T-90\u5766\u514b", "offset": 10, "length": 6}, {"text": "\u53cd\u5766\u514b\u5bfc\u5f39", "offset": 54, "length": 5}]}}, {"sentence": "\u4f46\u8be5\u5766\u514b\u7684\u53f3\u4fa7\u88d9\u6446\u5927\u9762\u79ef\u70e7\u6bc1\uff0c\u8f66\u4f53\u8868\u9762\u4e5f\u6709\u90e8\u5206\u635f\u574f\u3002", "events": [], "arguments": {"time": [], "loc": [], "country": [], "weapon": [{"text": "\u5766\u514b", "offset": 2, "length": 2}]}}, {"sentence": "T-90\u5766\u514b\u662f\u4fc4\u519b\u73b0\u5f79\u7684\u6700\u5148\u8fdb\u5766\u514b\u3002", "events": [], "arguments": {"time": [], "loc": [], "country": [{"text": "\u4fc4", "offset": 7, "length": 1}], "weapon": [{"text": "T-90\u5766\u514b", "offset": 0, "length": 6}]}}, {"sentence": "\u867d\u7136\u4fc4\u7f57\u65af\u76ee\u524d\u5df2\u7ecf\u7814\u5236\u7684\u66f4\u4e3a\u5148\u8fdb\u7684T-14\u201c\u963f\u739b\u5854\u201d\u5766\u514b\uff0c\u4f46\u76f8\u6bd4\u4e4b\u4e0b\u6280\u672f\u6210\u719f\u3001\u4f5c\u6218\u7ecf\u9a8c\u4e30\u5bcc\u7684T-90\u5766\u514b\u7684\u201c\u6027\u4ef7\u6bd4\u201d\u66f4\u9ad8\u3002", "events": [], "arguments": {"time": [], "loc": [], "country": [{"text": "\u4fc4\u7f57\u65af", "offset": 2, "length": 3}], "weapon": [{"text": "T-14\u201c\u963f\u739b\u5854\u201d\u5766\u514b", "offset": 17, "length": 11}, {"text": "T-90\u5766\u514b", "offset": 46, "length": 6}]}}, {"sentence": "\u76ee\u524d\u4fc4\u519b\u5df2\u7ecf\u88c5\u5907\u4e86\u5728T-90\u57fa\u7840\u4e0a\u7814\u53d1\u7684T-90M\u578b\u5766\u514b\uff0c\u4f5c\u6218\u80fd\u529b\u6709\u8fdb\u4e00\u6b65\u63d0\u5347\u3002", "events": [], "arguments": {"time": [], "loc": [], "country": [{"text": "\u4fc4", "offset": 2, "length": 1}], "weapon": [{"text": "T-90M\u578b\u5766\u514b", "offset": 20, "length": 8}]}}, {"sentence": "T-90\u5766\u514b\u8fd8\u88ab\u4fc4\u7f57\u65af\u6295\u5165\u5230\u4e86\u53d9\u5229\u4e9a\u6218\u573a\uff0c\u5728\u5b9e\u6218\u4e2d\u8868\u73b0\u5c1a\u4f73\uff0c\u6b64\u524d\u4e5f\u66fe\u66dd\u51fa\u88ab\u5bfc\u5f39\u547d\u4e2d\u540e\u8fd8\u80fd\u5168\u8eab\u800c\u9000\u7684\u6218\u4f8b\u3002", "events": [], "arguments": {"time": [], "loc": [], "country": [{"text": "\u4fc4\u7f57\u65af", "offset": 8, "length": 3}, {"text": "\u53d9\u5229\u4e9a", "offset": 15, "length": 3}], "weapon": [{"text": "\u5bfc\u5f39", "offset": 37, "length": 2}, {"text": "T-90\u5766\u514b", "offset": 0, "length": 6}]}}, {"sentence": "\u867d\u7136\u4fc4\u7f57\u65af\u519b\u65b9\u5c1a\u672a\u5bf9\u8fd9\u8d77\u8bef\u51fb\u4e8b\u4ef6\u4f5c\u51fa\u56de\u5e94\uff0c\u4f46\u5018\u82e5\u771f\u662f\u88ab\u53cd\u5766\u514b\u5bfc\u5f39\u51fb\u4e2d\uff0c\u8db3\u4ee5\u770b\u51fa\u8fd9\u6b3e\u5766\u514b\u7684\u6297\u6253\u51fb\u80fd\u529b\u6709\u591a\u5f3a\u3002", "events": [], "arguments": {"time": [], "loc": [], "country": [{"text": "\u4fc4\u7f57\u65af", "offset": 2, "length": 3}], "weapon": [{"text": "\u5766\u514b", "offset": 41, "length": 2}, {"text": "\u53cd\u5766\u514b\u5bfc\u5f39", "offset": 27, "length": 5}]}}, {"sentence": "\u5728\u4e0d\u4e45\u524d\u7f8e\u519b\u4e5f\u53d1\u751f\u4e86\u4e00\u8d77\u5766\u514b\u906d\u53cb\u519b\u8bef\u51fb\u4e8b\u4ef6\u3002", "events": [], "arguments": {"time": [], "loc": [], "country": [{"text": "\u7f8e", "offset": 4, "length": 1}], "weapon": [{"text": "\u5766\u514b", "offset": 12, "length": 2}]}}, {"sentence": "7\u6708\u4e0b\u65ec\uff0c\u4e00\u8f86\u7f8e\u519bM1A2\u201c\u827e\u5e03\u62c9\u59c6\u65af\u201d\u4e3b\u6218\u5766\u514b\u5728\u5fb7\u514b\u8428\u65af\u5dde\u5e03\u5229\u65af\u5821\u8bad\u7ec3\u65f6\uff0c\u8bef\u51fb\u4e86\u5df1\u65b9\u4e00\u8f86\u5766\u514b\u3002", "events": [{"trigger": {"text": "\u8bef\u51fb", "offset": 38, "length": 2}, "subject": {"text": "\u7f8e\u519bM1A2\u201c\u827e\u5e03\u62c9\u59c6\u65af\u201d\u4e3b\u6218\u5766\u514b", "offset": 7, "length": 17}, "object": {"text": "\u5df1\u65b9\u4e00\u8f86\u5766\u514b", "offset": 41, "length": 6}}], "arguments": {"time": [{"text": "7\u6708\u4e0b\u65ec", "offset": 0, "length": 4}], "loc": [{"text": "\u5fb7\u514b\u8428\u65af\u5dde\u5e03\u5229\u65af\u5821", "offset": 25, "length": 9}], "country": [{"text": "\u7f8e", "offset": 7, "length": 1}], "weapon": [{"text": "\u5766\u514b", "offset": 45, "length": 2}, {"text": "M1A2\u201c\u827e\u5e03\u62c9\u59c6\u65af\u201d\u4e3b\u6218\u5766\u514b", "offset": 9, "length": 15}]}}, {"sentence": "\u62a5\u9053\u79f0\uff0c\u5f53\u65f6\u6709\u591a\u8f86\u5766\u514b\u6b63\u5728\u8bad\u7ec3\u6253\u51fb\u79fb\u52a8\u76ee\u6807\uff0c\u5176\u4e2d\u4e00\u8f86\u201c\u827e\u5e03\u62c9\u59c6\u65af\u201d\u5766\u514b\u8bef\u628a2600\u7c73\u5916\u4e00\u8f86\u53cb\u519b\u5766\u514b\u8bef\u5f53\u6210\u79fb\u52a8\u76ee\u6807\uff0c\u5411\u5176\u53d1\u5c04\u4e86M1002\u591a\u7528\u9014\u8bad\u7ec3\u5f39\uff0c\u9020\u6210\u8f66\u5185\u4e00\u540d\u58eb\u5175\u53d7\u4f24\uff0c\u8f66\u957f\u548c\u5176\u4ed6\u4e58\u5458\u7acb\u5373\u5bf9\u8fd9\u540d\u58eb\u5175\u5c55\u5f00\u4e86\u6551\u6cbb\u3002", "events": [], "arguments": {"time": [], "loc": [], "country": [], "weapon": [{"text": "\u201c\u827e\u5e03\u62c9\u59c6\u65af\u201d\u5766\u514b", "offset": 26, "length": 9}, {"text": "M1002\u591a\u7528\u9014\u8bad\u7ec3\u5f39", "offset": 62, "length": 11}]}}]