[{"sentence": "\u4fc4\u4e24\u67b6\u8f70\u70b8\u673a\u98de\u8fc7\u6ce2\u7f57\u7684\u6d77\u4e0a\u7a7a\u00a0\u4e94\u4e2a\u56fd\u5bb6\u63a5\u8fde\u6d3e\u6218\u6597\u673a\u76d1\u89c6", "events": [{"trigger": {"text": "\u98de\u8fc7", "offset": 6, "length": 2}, "subject": {"text": "\u4fc4\u4e24\u67b6\u8f70\u70b8\u673a", "offset": 0, "length": 6}, "object": {"text": "\u6ce2\u7f57\u7684\u6d77\u4e0a\u7a7a", "offset": 8, "length": 6}}, {"trigger": {"text": "\u76d1\u89c6", "offset": 25, "length": 2}, "subject": {"text": "\u4e94\u4e2a\u56fd\u5bb6\u63a5\u8fde\u6d3e\u6218\u6597\u673a", "offset": 15, "length": 10}, "object": {"text": "\u4fc4\u4e24\u67b6\u8f70\u70b8\u673a", "offset": 0, "length": 6}}], "arguments": {"time": [], "loc": [{"text": "\u6ce2\u7f57\u7684\u6d77\u4e0a\u7a7a", "offset": 8, "length": 6}], "country": [{"text": "\u4fc4", "offset": 0, "length": 1}], "weapon": [{"text": "\u8f70\u70b8\u673a", "offset": 3, "length": 3}, {"text": "\u6218\u6597\u673a", "offset": 22, "length": 3}]}}, {"sentence": "\u3010\u73af\u7403\u7f51\u519b\u4e8b\u62a5\u9053\u3011", "events": [], "arguments": {"time": [], "loc": [], "country": [], "weapon": []}}, {"sentence": "\u4fc4\u7f57\u65af\u536b\u661f\u901a\u8baf\u793e9\u670816\u65e5\u62a5\u9053\uff0c\u4fc4\u7f57\u65af\u56fd\u9632\u90e8\u53d1\u5e03\u6d88\u606f\uff0c\u4fc4\u519b\u4e24\u67b6\u56fe-160\u6218\u7565\u8f70\u70b8\u673a\u5728\u6ce2\u7f57\u7684\u6d77\u6c34\u57df\u4e0a\u7a7a\u5b8c\u6210\u5de1\u822a\u4efb\u52a1\uff0c\u4e39\u9ea6\u3001\u610f\u5927\u5229\u3001\u5fb7\u56fd\u3001\u6ce2\u5170\u4ee5\u53ca\u745e\u5178\u7a7a\u519b\u6d3e\u673a\u4f34\u98de\u3002", "events": [{"trigger": {"text": "\u4f34\u98de", "offset": 77, "length": 2}, "subject": {"text": "\u4e39\u9ea6\u3001\u610f\u5927\u5229\u3001\u5fb7\u56fd\u3001\u6ce2\u5170\u4ee5\u53ca\u745e\u5178\u7a7a\u519b\u6d3e\u673a", "offset": 57, "length": 20}, "object": {"text": "\u56fe-160\u6218\u7565\u8f70\u70b8\u673a", "offset": 31, "length": 10}}], "arguments": {"time": [{"text": "9\u670816\u65e5", "offset": 8, "length": 5}], "loc": [{"text": "\u6ce2\u7f57\u7684\u6d77\u6c34\u57df\u4e0a\u7a7a", "offset": 42, "length": 8}], "country": [{"text": "\u4fc4\u7f57\u65af", "offset": 16, "length": 3}, {"text": "\u4e39\u9ea6", "offset": 57, "length": 2}, {"text": "\u610f\u5927\u5229", "offset": 60, "length": 3}, {"text": "\u5fb7\u56fd", "offset": 64, "length": 2}, {"text": "\u6ce2\u5170", "offset": 67, "length": 2}, {"text": "\u745e\u5178", "offset": 71, "length": 2}, {"text": "\u4fc4\u7f57\u65af", "offset": 0, "length": 3}], "weapon": [{"text": "\u56fe-160\u6218\u7565\u8f70\u70b8\u673a", "offset": 31, "length": 10}]}}, {"sentence": "\u4fc4\u56fd\u9632\u90e8\u5728\u6d88\u606f\u4e2d\u8bf4\uff1a\u201c\u4e24\u67b6\u56fe-160\u6218\u7565\u8f70\u70b8\u673a\u5728\u6ce2\u7f57\u7684\u6d77\u4e2d\u7acb\u6c34\u57df\u4e0a\u7a7a\u5b8c\u6210\u5de1\u822a\u4efb\u52a1\u3002", "events": [], "arguments": {"time": [], "loc": [{"text": "\u6ce2\u7f57\u7684\u6d77\u4e2d\u7acb\u6c34\u57df\u4e0a\u7a7a", "offset": 24, "length": 10}], "country": [{"text": "\u4fc4", "offset": 0, "length": 1}], "weapon": [{"text": "\u56fe-160\u6218\u7565\u8f70\u70b8\u673a", "offset": 13, "length": 10}]}}, {"sentence": "\u201d", "events": [], "arguments": {"time": [], "loc": [], "country": [], "weapon": []}}, {"sentence": "\u4fc4\u56fd\u9632\u90e8\u8868\u793a\uff0c\u4fc4\u7f57\u65af\u7a7a\u5929\u519b\u51fa\u52a8\u82cf-35\u6218\u673a\u4e3a\u56fe-160\u8f70\u70b8\u673a\u62a4\u822a\u3002", "events": [{"trigger": {"text": "\u62a4\u822a", "offset": 30, "length": 2}, "subject": {"text": "\u82cf-35\u6218\u673a", "offset": 15, "length": 6}, "object": {"text": "\u56fe-160\u8f70\u70b8\u673a", "offset": 22, "length": 8}}], "arguments": {"time": [], "loc": [], "country": [{"text": "\u4fc4\u7f57\u65af", "offset": 7, "length": 3}], "weapon": [{"text": "\u82cf-35\u6218\u673a", "offset": 15, "length": 6}, {"text": "\u56fe-160\u8f70\u70b8\u673a", "offset": 22, "length": 8}]}}, {"sentence": "\u4e39\u9ea6\u3001\u610f\u5927\u5229\u3001\u5fb7\u56fd\u3001\u6ce2\u5170\u4ee5\u53ca\u745e\u5178\u7a7a\u519b\u6d3e\u51fa\u6218\u6597\u673a\u5728\u98de\u884c\u671f\u95f4\u4e0d\u540c\u9636\u6bb5\u4f34\u98de\u4fc4\u6218\u673a\u3002", "events": [], "arguments": {"time": [], "loc": [], "country": [{"text": "\u4e39\u9ea6", "offset": 0, "length": 2}, {"text": "\u610f\u5927\u5229", "offset": 3, "length": 3}, {"text": "\u5fb7\u56fd", "offset": 7, "length": 2}, {"text": "\u6ce2\u5170", "offset": 10, "length": 2}, {"text": "\u745e\u5178", "offset": 14, "length": 2}], "weapon": [{"text": "\u6218\u6597\u673a", "offset": 20, "length": 3}, {"text": "\u4fc4\u6218\u673a", "offset": 34, "length": 3}]}}, {"sentence": "\u6574\u4e2a\u5de1\u822a\u98de\u884c\u6301\u7eed\u4e868\u4e2a\u591a\u5c0f\u65f6\u3002", "events": [], "arguments": {"time": [], "loc": [], "country": [], "weapon": []}}, {"sentence": "\u4fc4\u7f57\u65af\u56fd\u9632\u90e816\u65e5\u53d1\u8fd8\u5e03\u6d88\u606f\u79f0\uff0c\u4fc4\u7f57\u65af\u7a7a\u5929\u519b\u4e24\u67b6\u56fe-22M3\u8f70\u70b8\u673a\u5728\u9ed1\u6d77\u4e2d\u7acb\u6c34\u57df\u4e0a\u7a7a\u6267\u884c\u98de\u884c\u4efb\u52a1\uff0c\u5916\u56fd\u6218\u6597\u673a\u5728\u4e2a\u522b\u822a\u6bb5\u8fdb\u884c\u4f34\u98de\u3002", "events": [], "arguments": {"time": [{"text": "16\u65e5", "offset": 6, "length": 3}], "loc": [{"text": "\u9ed1\u6d77\u4e2d\u7acb\u6c34\u57df\u4e0a\u7a7a", "offset": 34, "length": 8}], "country": [{"text": "\u4fc4\u7f57\u65af", "offset": 16, "length": 3}], "weapon": [{"text": "\u56fe-22M3\u8f70\u70b8\u673a\u5728", "offset": 24, "length": 10}, {"text": "\u56fe-22M3\u8f70\u70b8\u673a", "offset": 24, "length": 9}]}}, {"sentence": "\u4fc4\u519b\u5728\u6d88\u606f\u4e2d\u79f0\uff1a\u201c\u4fc4\u7f57\u65af\u7a7a\u5929\u519b\u4e24\u67b6\u56fe-22M3\u8fdc\u7a0b\u8f70\u70b8\u673a\u5728\u9ed1\u6d77\u4e2d\u7acb\u6c34\u57df\u4e0a\u7a7a\u8fdb\u884c\u4f8b\u884c\u98de\u884c\u3002", "events": [], "arguments": {"time": [], "loc": [{"text": "\u9ed1\u6d77\u4e2d\u7acb\u6c34\u57df\u4e0a\u7a7a", "offset": 29, "length": 8}], "country": [{"text": "\u4fc4\u7f57\u65af", "offset": 9, "length": 3}], "weapon": [{"text": "\u56fe-22M3\u8fdc\u7a0b\u8f70\u70b8\u673a", "offset": 17, "length": 11}]}}, {"sentence": "\u98de\u884c\u8ddd\u79bb\u7ea6\u4e3a4500\u5343\u7c73\uff0c\u98de\u884c\u5458\u5728\u7a7a\u4e2d\u7684\u65f6\u95f4\u8d85\u8fc75\u4e2a\u5c0f\u65f6\u3002", "events": [], "arguments": {"time": [], "loc": [], "country": [], "weapon": []}}, {"sentence": "\u201d\u5916\u56fd\u6218\u6597\u673a\u5728\u4e2a\u522b\u822a\u6bb5\u5bf9\u8fdc\u7a0b\u8f70\u70b8\u673a\u8fdb\u884c\u4f34\u98de\u3002", "events": [], "arguments": {"time": [], "loc": [], "country": [], "weapon": [{"text": "\u8fdc\u7a0b\u8f70\u70b8\u673a", "offset": 12, "length": 5}, {"text": "\u6218\u6597\u673a", "offset": 3, "length": 3}]}}, {"sentence": "\u4fc4\u56fd\u9632\u90e8\u5f3a\u8c03\uff0c\u4fc4\u7f57\u65af\u7a7a\u5929\u519b\u98de\u673a\u5728\u6240\u6709\u98de\u884c\u8fc7\u7a0b\u4e2d\u9075\u5b88\u56fd\u9645\u7a7a\u57df\u4f7f\u7528\u89c4\u5219\u3002", "events": [], "arguments": {"time": [], "loc": [], "country": [{"text": "\u4fc4\u7f57\u65af", "offset": 7, "length": 3}], "weapon": [{"text": "\u7a7a\u5929\u519b\u98de\u673a", "offset": 10, "length": 5}]}}]