[{"sentence": "\u4e2d\u56fd\u53d1\u5c04\u53ef\u91cd\u590d\u4f7f\u7528\u822a\u5929\u5668\u540e\u00a0\u7f8e\u56fdX-37B\u98de\u673a\u5185\u90e8\u6784\u9020\u201c\u6070\u5de7\u201d\u66dd\u5149", "events": [{"trigger": {"text": "\u66dd\u5149", "offset": 31, "length": 2}, "subject": {"text": "\u7f8e\u56fd", "offset": 14, "length": 2}, "object": {"text": "X-37B\u98de\u673a\u5185\u90e8\u6784\u9020", "offset": 16, "length": 11}}, {"trigger": {"text": "\u53d1\u5c04", "offset": 2, "length": 2}, "subject": {"text": "\u4e2d\u56fd", "offset": 0, "length": 2}, "object": {"text": "\u53ef\u91cd\u590d\u4f7f\u7528\u822a\u5929\u5668", "offset": 4, "length": 8}}], "arguments": {"time": [], "loc": [], "country": [{"text": "\u4e2d\u56fd", "offset": 0, "length": 2}, {"text": "\u7f8e\u56fd", "offset": 14, "length": 2}], "weapon": [{"text": "X-37B\u98de\u673a", "offset": 16, "length": 7}, {"text": "\u822a\u5929\u5668", "offset": 9, "length": 3}]}}, {"sentence": "\u3010\u73af\u7403\u7f51\u62a5\u9053 \u8bb0\u8005 \u5f90\u7490\u660e\u3011", "events": [], "arguments": {"time": [], "loc": [], "country": [], "weapon": []}}, {"sentence": "\u636e\u7f8e\u56fdThe Drive\u7f51\u7ad9\u201c\u6218\u533a\u201d\u4e13\u680f9\u670815\u65e5\u62a5\u9053\uff0c\u8fd1\u65e5\u7f8e\u56fdX-37B\u592a\u7a7a\u98de\u673a\u7684\u8231\u95e8\u5f00\u542f\u7684\u753b\u9762\u9996\u6b21\u66dd\u5149\uff0c\u4eba\u4eec\u5f97\u4ee5\u4e00\u7779\u8fd9\u6b3e\u795e\u79d8\u592a\u7a7a\u98de\u884c\u5668\u7684\u5185\u90e8\u6784\u9020\u3002", "events": [{"trigger": {"text": "\u9996\u6b21\u66dd\u5149", "offset": 49, "length": 4}, "subject": {"text": "\u7f8e\u56fdX-37B\u592a\u7a7a\u98de\u673a\u7684\u8231\u95e8\u5f00\u542f\u7684\u753b\u9762", "offset": 30, "length": 19}, "object": {"text": "", "offset": 0, "length": 0}}], "arguments": {"time": [{"text": "9\u670815\u65e5", "offset": 20, "length": 5}], "loc": [], "country": [{"text": "\u7f8e\u56fd", "offset": 30, "length": 2}, {"text": "\u7f8e\u56fd", "offset": 1, "length": 2}], "weapon": [{"text": "X-37B\u592a\u7a7a\u98de\u673a", "offset": 32, "length": 9}, {"text": "\u592a\u7a7a\u98de\u884c\u5668", "offset": 64, "length": 5}]}}, {"sentence": "\u62a5\u9053\u79f0\uff0c\u5728\u6700\u65b0\u66dd\u5149\u7684\u8fd9\u6bb5\u89c6\u9891\u753b\u9762\u4e2d\uff0c29\u82f1\u5c3a\uff08\u7ea68.8\u7c73\uff09\u957f\u7684X-37B\u592a\u7a7a\u98de\u673a\u88ab\u7ad6\u76f4\u653e\u7f6e\uff0c\u7136\u540e\u673a\u8eab\u4e0a\u7684\u8231\u95e8\u6253\u5f00\uff0c\u91cc\u9762\u88c5\u7740\u7684\u662f\u592a\u9633\u80fd\u7535\u6c60\u677f\uff0c\u968f\u540e\u592a\u9633\u80fd\u7535\u6c60\u677f\u4e5f\u6162\u6162\u5c55\u5f00\u3002", "events": [], "arguments": {"time": [], "loc": [], "country": [], "weapon": [{"text": "X-37B\u592a\u7a7a\u98de\u673a", "offset": 31, "length": 9}]}}, {"sentence": "X-37B\u592a\u7a7a\u98de\u673a\u673a\u8eab\u8231\u95e8\u5f00\u542f\u753b\u9762", "events": [], "arguments": {"time": [], "loc": [], "country": [], "weapon": [{"text": "X-37B\u592a\u7a7a\u98de\u673a", "offset": 0, "length": 9}]}}, {"sentence": "\u8fd9\u6bb5\u89c6\u9891\u753b\u9762\u7684\u5177\u4f53\u62cd\u6444\u65f6\u95f4\u672a\u77e5\uff0c\u662f\u5728\u8fd1\u65e5\u4e3e\u529e\u7684\u7f8e\u56fd\u7a7a\u519b\u534f\u4f1a\u5e74\u5ea6\u4f1a\u8bae\u4e0a\u7531\u6ce2\u97f3\u516c\u53f8\u9996\u6b21\u5c55\u793a\u3002", "events": [], "arguments": {"time": [], "loc": [], "country": [{"text": "\u7f8e\u56fd", "offset": 23, "length": 2}], "weapon": []}}, {"sentence": "X-37B\u592a\u7a7a\u98de\u673a\u4e00\u76f4\u5145\u6ee1\u795e\u79d8\uff0c\u8fd9\u67b6\u7531\u7f8e\u56fd\u7a7a\u519b\u5feb\u901f\u80fd\u529b\u529e\u516c\u5ba4\u7ba1\u7406\u7684\u592a\u7a7a\u98de\u673a\u5df2\u7ecf6\u6b21\u524d\u5f80\u592a\u7a7a\u6267\u884c\u4efb\u52a1\uff0c\u4eba\u4eec\u5bf9\u4e8e\u8fd9\u8258\u98de\u673a\u5230\u5e95\u5e26\u4e86\u4ec0\u4e48\u4e1c\u897f\u8fdb\u5165\u592a\u7a7a\u77e5\u4e4b\u751a\u5c11\u3002", "events": [], "arguments": {"time": [], "loc": [], "country": [{"text": "\u7f8e\u56fd", "offset": 19, "length": 2}], "weapon": [{"text": "X-37B\u592a\u7a7a\u98de\u673a", "offset": 0, "length": 9}]}}, {"sentence": "\u4f46\u666e\u904d\u7684\u89c2\u70b9\u8ba4\u4e3a\uff0c\u8fdb\u884c\u4fa6\u5bdf\u548c\u901a\u4fe1\u5b9e\u9a8c\u4ee5\u53ca\u8f7d\u8377\u80fd\u529b\u5b9e\u9a8c\u662fX-37B\u592a\u7a7a\u98de\u673a\u4efb\u52a1\u7684\u91cd\u8981\u7ec4\u6210\u90e8\u5206\u3002", "events": [], "arguments": {"time": [], "loc": [], "country": [], "weapon": [{"text": "X-37B\u592a\u7a7a\u98de\u673a", "offset": 27, "length": 9}]}}, {"sentence": "\u8fd8\u6709\u4f20\u8a00\u79f0\u8fd9\u6b3e\u98de\u673a\u53ef\u4ee5\u7528\u6765\u6295\u9001\u5c0f\u578b\u7684\u201c\u7acb\u65b9\u4f53\u536b\u661f\u201d\u8fdb\u5165\u8f68\u9053\uff0c\u652f\u6301\u53cd\u536b\u661f\u6280\u672f\u6d4b\u8bd5\u7b49\u7b49\u3002", "events": [], "arguments": {"time": [], "loc": [], "country": [], "weapon": [{"text": "\u201c\u7acb\u65b9\u4f53\u536b\u661f\u201d", "offset": 18, "length": 7}]}}, {"sentence": "\u901a\u8fc7\u8fd9\u6bb5\u89c6\u9891\u753b\u9762\u53ef\u4ee5\u770b\u5230\uff0cX-37B\u592a\u7a7a\u98de\u673a\u5c31\u50cf\u822a\u5929\u98de\u673a\u4e00\u6837\uff0c\u673a\u8eab\u4e2d\u95f4\u6709\u5f88\u5927\u4e00\u90e8\u5206\u662f\u7a7a\u7684\uff0c\u5f53\u592a\u9633\u80fd\u7535\u6c60\u677f\u5c55\u5f00\u4e4b\u540e\uff0c\u8fd9\u90e8\u5206\u7a7a\u95f4\u5c31\u80fd\u591f\u7528\u4e8e\u5b58\u50a8\u5404\u79cd\u8f83\u5c0f\u7684\u8f7d\u8377\u3002", "events": [], "arguments": {"time": [], "loc": [], "country": [], "weapon": [{"text": "X-37B\u592a\u7a7a\u98de\u673a", "offset": 13, "length": 9}]}}, {"sentence": "X-37B\u592a\u7a7a\u98de\u673a\u673a\u8eab\u8231\u95e8\u5f00\u542f\u753b\u9762", "events": [], "arguments": {"time": [], "loc": [], "country": [], "weapon": [{"text": "X-37B\u592a\u7a7a\u98de\u673a", "offset": 0, "length": 9}]}}, {"sentence": "\u62a5\u9053\u8fd8\u63d0\u53ca\uff0cX-37B\u8fd9\u6bb5\u5f00\u542f\u8231\u95e8\u7684\u753b\u9762\u662f\u5728\u4e2d\u56fd\u6210\u529f\u53d1\u5c04\u53ef\u91cd\u590d\u4f7f\u7528\u7684\u8bd5\u9a8c\u822a\u5929\u5668\u4e4b\u540e\u7684\u6570\u5929\u66dd\u5149\u3002", "events": [{"trigger": {"text": "\u53d1\u5c04", "offset": 26, "length": 2}, "subject": {"text": "\u4e2d\u56fd", "offset": 22, "length": 2}, "object": {"text": "\u53ef\u91cd\u590d\u4f7f\u7528\u7684\u8bd5\u9a8c\u822a\u5929\u5668", "offset": 28, "length": 11}}], "arguments": {"time": [], "loc": [], "country": [{"text": "\u4e2d\u56fd", "offset": 22, "length": 2}], "weapon": [{"text": "X-37B", "offset": 6, "length": 5}, {"text": "\u8bd5\u9a8c\u822a\u5929\u5668", "offset": 34, "length": 5}]}}, {"sentence": "\u5c3d\u7ba1\u4e2d\u56fd\u5b98\u65b9\u5e76\u6ca1\u6709\u63d0\u4f9b\u8fd9\u6b21\u822a\u5929\u53d1\u5c04\u7684\u66f4\u591a\u7ec6\u8282\uff0c\u4f46\u6b64\u524d\u5916\u754c\u7eb7\u7eb7\u731c\u6d4b\u201c\u4e2d\u56fd\u53ef\u80fd\u5df2\u6210\u529f\u6d4b\u8bd5\u65b0\u578b\u7a7a\u5929\u98de\u673a\u201d\u3002", "events": [], "arguments": {"time": [], "loc": [], "country": [{"text": "\u4e2d\u56fd", "offset": 33, "length": 2}, {"text": "\u4e2d\u56fd", "offset": 2, "length": 2}], "weapon": [{"text": "\u65b0\u578b\u7a7a\u5929\u98de\u673a", "offset": 42, "length": 6}]}}, {"sentence": "\u5370\u5ea6\u4e5f\u5728\u7814\u53d1\u5177\u5907\u7c7b\u4f3c\u80fd\u529b\u7684\u822a\u5929\u5668\uff0c\u4fc4\u7f57\u65af\u4e5f\u5728\u5f00\u53d1\u81ea\u5df1\u7684\u53ef\u91cd\u590d\u4f7f\u7528\u7684\u65e0\u4eba\u98de\u8239\u3002", "events": [{"trigger": {"text": "\u7814\u53d1", "offset": 4, "length": 2}, "subject": {"text": "\u5370\u5ea6", "offset": 0, "length": 2}, "object": {"text": "\u822a\u5929\u5668", "offset": 13, "length": 3}}, {"trigger": {"text": "\u5f00\u53d1", "offset": 22, "length": 2}, "subject": {"text": "\u4fc4\u7f57\u65af", "offset": 17, "length": 3}, "object": {"text": "\u91cd\u590d\u4f7f\u7528\u7684\u65e0\u4eba\u98de\u8239", "offset": 28, "length": 9}}], "arguments": {"time": [], "loc": [], "country": [{"text": "\u5370\u5ea6", "offset": 0, "length": 2}, {"text": "\u4fc4\u7f57\u65af", "offset": 17, "length": 3}], "weapon": [{"text": "\u822a\u5929\u5668", "offset": 13, "length": 3}, {"text": "\u65e0\u4eba\u98de\u8239", "offset": 33, "length": 4}]}}, {"sentence": "\u62a5\u9053\u79f0\uff0c\u968f\u7740\u592a\u7a7a\u6210\u4e3a\u4e00\u4e2a\u7ade\u4e89\u65e5\u76ca\u6fc0\u70c8\u7684\u4f5c\u6218\u9886\u57df\uff0c\u8fd9\u4e9b\u9ad8\u5ea6\u7075\u6d3b\u3001\u53ef\u91cd\u590d\u4f7f\u7528\u7684\u822a\u5929\u5668\u5c06\u53d1\u6325\u66f4\u4e3a\u91cd\u8981\u7684\u4f5c\u7528\uff0c\u800c\u7f8e\u56fd\u5728\u8fd9\u65b9\u9762\u4fdd\u6301\u7740\u4f18\u52bf\u3002", "events": [], "arguments": {"time": [], "loc": [], "country": [{"text": "\u7f8e\u56fd", "offset": 52, "length": 2}], "weapon": [{"text": "\u822a\u5929\u5668", "offset": 37, "length": 3}]}}, {"sentence": "\u5230\u76ee\u524d\u4e3a\u6b62\uff0cX-37B\u592a\u7a7a\u98de\u673a\u5df2\u7ecf5\u6b21\u8fdb\u5165\u8f68\u9053\u5e76\u6210\u529f\u8fd4\u56de\u5730\u7403\uff0c\u7b2c6\u6b21\u98de\u884c\u4efb\u52a1\u6b63\u5728\u8fdb\u884c\u4e2d\u3002", "events": [], "arguments": {"time": [], "loc": [], "country": [], "weapon": [{"text": "X-37B\u592a\u7a7a\u98de\u673a", "offset": 6, "length": 9}]}}]