[{"sentence": "\u7f8e\u56fd\u592a\u7a7a\u519b\u79f0\u4fc4\u7f57\u65af\u518d\u6b21\u8fdb\u884c\u53cd\u536b\u661f\u6d4b\u8bd5 \u53d1\u5c04\u76f4\u63a5\u4e0a\u5347\u5f0f\u53cd\u536b\u661f\u5bfc\u5f39", "events": [], "arguments": {"time": [], "loc": [], "country": [{"text": "\u7f8e\u56fd", "offset": 0, "length": 2}, {"text": "\u4fc4\u7f57\u65af", "offset": 6, "length": 3}], "weapon": [{"text": "\u76f4\u63a5\u4e0a\u5347\u5f0f\u53cd\u536b\u661f\u5bfc\u5f39", "offset": 21, "length": 10}]}}, {"sentence": "\u3010\u73af\u7403\u7f51\u62a5\u9053 \u8bb0\u8005 \u5f90\u7490\u660e\u3011", "events": [], "arguments": {"time": [], "loc": [], "country": [], "weapon": []}}, {"sentence": "\u636e\u7f8e\u56fd\u201c\u592a\u7a7a\u201d\u7f51\u7ad912\u670816\u65e5\u62a5\u9053\uff0c\u7f8e\u56fd\u592a\u7a7a\u53f8\u4ee4\u90e8\u5b98\u5458\u5f53\u5929\u8868\u793a\uff0c\u4fc4\u7f57\u65af\u53d1\u5c04\u4e86\u4e00\u679a\u65b0\u578b\u53cd\u536b\u661f\u5bfc\u5f39\uff0c\u5e76\u6307\u8d23\u8fd9\u662f\u5728\u63a8\u52a8\u592a\u7a7a\u6b66\u5668\u5316\u3002", "events": [], "arguments": {"time": [], "loc": [], "country": [{"text": "\u7f8e\u56fd", "offset": 1, "length": 2}, {"text": "\u7f8e\u56fd", "offset": 18, "length": 2}, {"text": "\u4fc4\u7f57\u65af", "offset": 32, "length": 3}], "weapon": [{"text": "\u53cd\u536b\u661f\u5bfc\u5f39", "offset": 42, "length": 5}]}}, {"sentence": "\u62a5\u9053\u79f0\uff0c\u8fd9\u662f\u4fc4\u7f57\u65af\u4eca\u5e74\u7b2c3\u6b21\u53cd\u536b\u661f\u8bd5\u9a8c\uff0c\u4fc4\u7f57\u65af\u53d1\u5c04\u4e86\u4e00\u679a\u76f4\u63a5\u4e0a\u5347\u5f0f\u53cd\u536b\u661f\u5bfc\u5f39\uff0c\u8be5\u5bfc\u5f39\u53ef\u4ee5\u6467\u6bc1\u5728\u8fd1\u5730\u8f68\u9053\u4e0a\u7684\u5c0f\u578b\u536b\u661f\u3002", "events": [], "arguments": {"time": [], "loc": [], "country": [{"text": "\u4fc4\u7f57\u65af", "offset": 6, "length": 3}, {"text": "\u4fc4\u7f57\u65af", "offset": 20, "length": 3}], "weapon": [{"text": "\u76f4\u63a5\u4e0a\u5347\u5f0f\u53cd\u536b\u661f\u5bfc\u5f39", "offset": 28, "length": 10}]}}, {"sentence": "\u7f8e\u56fd\u592a\u7a7a\u53f8\u4ee4\u90e8\u5728\u4e00\u4efd\u58f0\u660e\u4e2d\u8bf4\uff0c\u5f53\u536b\u661f\u88ab\u8fd9\u79cd\u53cd\u536b\u661f\u5bfc\u5f39\u51fb\u4e2d\u540e\uff0c\u7559\u4e0b\u7684\u788e\u7247\u53ef\u80fd\u4f1a\u5bf9\u5176\u4ed6\u7684\u536b\u661f\u6784\u6210\u5a01\u80c1\uff0c\u201c\u5e76\u4e14\u4e0d\u53ef\u633d\u56de\u5730\u6c61\u67d3\u592a\u7a7a\u201d\u3002", "events": [], "arguments": {"time": [], "loc": [], "country": [{"text": "\u7f8e\u56fd", "offset": 0, "length": 2}], "weapon": [{"text": "\u53cd\u536b\u661f\u5bfc\u5f39", "offset": 21, "length": 5}]}}, {"sentence": "\u201c\u4fc4\u7f57\u65af\u516c\u5f00\u5ba3\u79f0\u8be5\u56fd\u6b63\u52aa\u529b\u9632\u6b62\u5916\u5c42\u7a7a\u95f4\u53d8\u6210\u6218\u573a\uff0c\u7136\u800c\u540c\u65f6\u83ab\u65af\u79d1\u5374\u5728\u901a\u8fc7\u5f00\u53d1\u548c\u90e8\u7f72\u8f68\u9053\u6253\u51fb\u80fd\u529b\u63a8\u52a8\u592a\u7a7a\u6b66\u5668\u5316\uff0c\u201d\u7f8e\u56fd\u592a\u7a7a\u53f8\u4ee4\u90e8\u6307\u6325\u5b98\u8a79\u59c6\u65af\u00b7\u8fea\u91d1\u68ee\u5c06\u519b\u5728\u58f0\u660e\u4e2d\u8bf4\u3002", "events": [], "arguments": {"time": [], "loc": [], "country": [{"text": "\u4fc4\u7f57\u65af", "offset": 1, "length": 3}, {"text": "\u7f8e\u56fd", "offset": 55, "length": 2}], "weapon": []}}, {"sentence": "\u201c\u4fc4\u7f57\u65af\u5bf9\u8fd9\u4e9b\u7cfb\u7edf\u7684\u6301\u7eed\u6d4b\u8bd5\u8868\u660e\uff0c\u5bf9\u7f8e\u56fd\u53ca\u5176\u76df\u53cb\u7684\u7a7a\u95f4\u7cfb\u7edf\u7684\u5a01\u80c1\u6b63\u5728\u5feb\u901f\u4e0a\u5347\u3002", "events": [], "arguments": {"time": [], "loc": [], "country": [{"text": "\u4fc4\u7f57\u65af", "offset": 1, "length": 3}, {"text": "\u7f8e\u56fd", "offset": 18, "length": 2}], "weapon": []}}, {"sentence": "\u201d", "events": [], "arguments": {"time": [], "loc": [], "country": [], "weapon": []}}, {"sentence": "\u62a5\u9053\u79f0\uff0c\u76ee\u524d\u4fc4\u7f57\u65af\u5df2\u7ecf\u5c55\u793a\u4e86\u4e24\u79cd\u4e0d\u540c\u7c7b\u578b\u7684\u7a7a\u95f4\u6b66\u5668\uff1a\u4ece\u5730\u9762\u53d1\u5c04\u7684\u76f4\u63a5\u4e0a\u5347\u5f0f\u53cd\u536b\u661f\u5bfc\u5f39\uff0c\u4ee5\u53ca\u88ab\u7f8e\u56fd\u5b89\u5168\u59d4\u5458\u4f1a\u79f0\u4e3a\u201c\u5171\u8f68\u53cd\u536b\u661f\u201d\u7684\u5929\u57fa\u6b66\u5668\u7cfb\u7edf\u3002", "events": [], "arguments": {"time": [], "loc": [], "country": [{"text": "\u4fc4\u7f57\u65af", "offset": 6, "length": 3}, {"text": "\u7f8e\u56fd", "offset": 46, "length": 2}], "weapon": [{"text": "\u76f4\u63a5\u4e0a\u5347\u5f0f\u53cd\u536b\u661f\u5bfc\u5f39", "offset": 32, "length": 10}, {"text": "\u5929\u57fa\u6b66\u5668\u7cfb\u7edf", "offset": 63, "length": 6}]}}, {"sentence": "\u7f8e\u56fd\u5b89\u5168\u59d4\u5458\u4f1a\u5b98\u5458\u8868\u793a\uff0c\u4fc4\u7f57\u65af\u57287\u670815\u65e5\u8fdb\u884c\u4e86\u540e\u4e00\u79cd\u53cd\u536b\u661f\u8bd5\u9a8c\uff0c\u5f53\u65f6\u4fc4\u7f57\u65af\u7684\u201c\u5b87\u5b992543\u53f7\u201d\u536b\u661f\u201c\u5411\u8f68\u9053\u6295\u653e\u4e86\u4e00\u4e2a\u65b0\u7269\u4f53\u201d\uff0c\u5e76\u201c\u8fdb\u884c\u4e86\u4e00\u6b21\u975e\u7834\u574f\u5f0f\u7684\u53cd\u536b\u661f\u6b66\u5668\u6d4b\u8bd5\u201d\u3002", "events": [], "arguments": {"time": [], "loc": [], "country": [{"text": "\u7f8e\u56fd", "offset": 0, "length": 2}, {"text": "\u4fc4\u7f57\u65af", "offset": 12, "length": 3}, {"text": "\u4fc4\u7f57\u65af", "offset": 35, "length": 3}], "weapon": [{"text": "\u201c\u5b87\u5b992543\u53f7\u201d\u536b\u661f\u201c", "offset": 39, "length": 12}]}}, {"sentence": "\u62a5\u9053\u8fd8\u63d0\u5230\uff0c\u4fc4\u7f57\u65af\u6700\u8fd1\u4e00\u6b21\u53d1\u5c04\u76f4\u63a5\u4e0a\u5347\u5f0f\u53cd\u536b\u661f\u6b66\u5668\u662f\u5728\u4eca\u5e74\u76844\u670815\u65e5\u3002", "events": [], "arguments": {"time": [], "loc": [], "country": [{"text": "\u4fc4\u7f57\u65af", "offset": 6, "length": 3}], "weapon": [{"text": "\u76f4\u63a5\u4e0a\u5347\u5f0f\u53cd\u536b\u661f\u6b66\u5668", "offset": 15, "length": 10}]}}, {"sentence": "\u53e6\u5916\u5728\u5927\u7ea6\u4e24\u4e2a\u6708\u524d\uff0c\u7f8e\u56fd\u592a\u7a7a\u519b\u8fd8\u53d1\u73b0\u4e86\u4e24\u9897\u5728\u8f68\u9053\u4e0a\u8ddf\u8e2a\u7f8e\u56fd\u95f4\u8c0d\u536b\u661f\u7684\u4fc4\u7f57\u65af\u536b\u661f\u3002", "events": [], "arguments": {"time": [], "loc": [], "country": [{"text": "\u7f8e\u56fd", "offset": 10, "length": 2}, {"text": "\u7f8e\u56fd", "offset": 27, "length": 2}, {"text": "\u4fc4\u7f57\u65af", "offset": 34, "length": 3}], "weapon": []}}, {"sentence": "\u5f53\u65f6\uff0c\u7f8e\u56fd\u592a\u7a7a\u519b\u6307\u6325\u5b98\u7ea6\u7ff0\u00b7\u96f7\u8499\u5fb7\u4e0a\u5c06\u79f0\u8fd9\u4e00\u73b0\u8c61\u201c\u4e0d\u5bfb\u5e38\u4e14\u4ee4\u4eba\u4e0d\u5b89\u201d\u3002", "events": [], "arguments": {"time": [], "loc": [], "country": [{"text": "\u7f8e\u56fd", "offset": 3, "length": 2}], "weapon": []}}, {"sentence": "\u5176\u4e2d\u4e00\u9897\u536b\u661f\u662f\u201c\u5b87\u5b992543\u53f7\u201d\u536b\u661f\uff0c\u4e5f\u5c31\u662f7\u670815\u65e5\u8fdb\u884c\u5171\u540c\u8f68\u9053\u6d4b\u8bd5\u7684\u90a3\u9897\u3002", "events": [], "arguments": {"time": [], "loc": [], "country": [], "weapon": [{"text": "\u201c\u5b87\u5b992543\u53f7\u201d\u536b\u661f", "offset": 7, "length": 11}]}}, {"sentence": "\u7f8e\u56fd\u592a\u7a7a\u53f8\u4ee4\u90e8\u6307\u6325\u5b98\u8fea\u91d1\u68ee\u8bf4\uff1a\u201c\u901a\u8fc7\u6d4b\u8bd5\u65e8\u5728\u7784\u51c6\u548c\u6467\u6bc1\u536b\u661f\u7684\u5929\u57fa\u548c\u9646\u57fa\u6b66\u5668\u7cfb\u7edf\uff0c\u4fc4\u7f57\u65af\u5df2\u7ecf\u628a\u592a\u7a7a\u53d8\u6210\u4e86\u4e00\u4e2a\u4f5c\u6218\u9886\u57df\u3002", "events": [], "arguments": {"time": [], "loc": [], "country": [{"text": "\u7f8e\u56fd", "offset": 0, "length": 2}, {"text": "\u4fc4\u7f57\u65af", "offset": 40, "length": 3}], "weapon": []}}, {"sentence": "\u8fd9\u4e00\u4e8b\u5b9e\u4e0e\u83ab\u65af\u79d1\u516c\u5f00\u5ba3\u79f0\u7684\u4fc4\u7f57\u65af\u8bd5\u56fe\u963b\u6b62\u592a\u7a7a\u6b66\u88c5\u51b2\u7a81\u4e0d\u7b26\u3002", "events": [], "arguments": {"time": [], "loc": [], "country": [{"text": "\u4fc4\u7f57\u65af", "offset": 13, "length": 3}], "weapon": []}}, {"sentence": "\u592a\u7a7a\u5bf9\u6240\u6709\u56fd\u5bb6\u90fd\u81f3\u5173\u91cd\u8981\uff0c\u4e3a\u5b89\u5168\u3001\u7a33\u5b9a\u3001\u53ef\u6301\u7eed\u7684\u592a\u7a7a\u73af\u5883\u521b\u9020\u6761\u4ef6\u662f\u6211\u4eec\u7684\u5171\u540c\u5229\u76ca\u3002", "events": [], "arguments": {"time": [], "loc": [], "country": [], "weapon": []}}, {"sentence": "\u201d", "events": [], "arguments": {"time": [], "loc": [], "country": [], "weapon": []}}]