[{"sentence": "\u4fc4\u519b\u201c\u74e6\u826f\u683c\u201d\u53f7\u5de1\u6d0b\u8230\u7387\u8230\u961f\u4ece\u65e5\u672c\u9644\u8fd1\u9a76\u8fc7\u00a0\u65e5\u672c\u8230\u673a\u4e00\u8def\u7d27\u76ef", "events": [{"trigger": {"text": "\u9a76\u8fc7", "offset": 19, "length": 2}, "subject": {"text": "\u4fc4\u519b\u201c\u74e6\u826f\u683c\u201d\u53f7\u5de1\u6d0b\u8230", "offset": 0, "length": 11}, "object": {"text": "\u65e5\u672c\u9644\u8fd1", "offset": 15, "length": 4}}], "arguments": {"time": [], "loc": [{"text": "\u65e5\u672c\u9644\u8fd1", "offset": 15, "length": 4}], "country": [{"text": "\u4fc4", "offset": 0, "length": 1}, {"text": "\u65e5\u672c", "offset": 22, "length": 2}, {"text": "\u65e5\u672c", "offset": 15, "length": 2}], "weapon": [{"text": "\u201c\u74e6\u826f\u683c\u201d\u53f7\u5de1\u6d0b\u8230", "offset": 2, "length": 9}]}}, {"sentence": "\u3010\u73af\u7403\u7f51\u62a5\u9053 \u8bb0\u8005 \u5f90\u7490\u660e\u3011", "events": [], "arguments": {"time": [], "loc": [], "country": [], "weapon": []}}, {"sentence": "\u636e\u65e5\u672c\u9632\u536b\u7701\u7edf\u5408\u5e55\u50da\u76d1\u90e89\u670815\u65e5\u53d1\u5e03\u7684\u6d88\u606f\uff0c9\u670814\u65e5\u4e0a\u5348\uff0c\u65e5\u672c\u6d77\u4e0a\u81ea\u536b\u961f\u7684P-3C\u53cd\u6f5c\u5de1\u903b\u673a\u4ee5\u53ca\u201c\u96bc\u201d\u7ea7\u5bfc\u5f39\u5feb\u8247PG-827\u201c\u96c4\u9e70\u201d\u53f7\uff0c\u5728\u5b97\u8c37\u6d77\u5ce1\u4e1c\u5317\u7ea6160\u516c\u91cc\u7684\u6d77\u57df\u53d1\u73b0\u5411\u897f\u822a\u884c\u7684\u4fc4\u7f57\u65af\u6d77\u519b\u8230\u961f\u3002", "events": [{"trigger": {"text": "\u53d1\u73b0", "offset": 86, "length": 2}, "subject": {"text": "\u65e5\u672c\u6d77\u4e0a\u81ea\u536b\u961f", "offset": 31, "length": 7}, "object": {"text": "\u4fc4\u7f57\u65af\u6d77\u519b\u8230\u961f", "offset": 93, "length": 7}}], "arguments": {"time": [{"text": "9\u670815\u65e5", "offset": 12, "length": 5}, {"text": "9\u670814\u65e5\u4e0a\u5348", "offset": 23, "length": 7}], "loc": [{"text": "\u5b97\u8c37\u6d77\u5ce1\u4e1c\u5317\u7ea6160\u516c\u91cc\u7684\u6d77\u57df", "offset": 71, "length": 15}], "country": [{"text": "\u65e5\u672c", "offset": 31, "length": 2}, {"text": "\u4fc4\u7f57\u65af", "offset": 93, "length": 3}], "weapon": [{"text": "P-3C\u53cd\u6f5c\u5de1\u903b\u673a", "offset": 39, "length": 9}, {"text": "\u201c\u96bc\u201d\u7ea7\u5bfc\u5f39\u5feb\u8247PG-827\u201c\u96c4\u9e70\u201d\u53f7", "offset": 50, "length": 19}]}}, {"sentence": "\u65e5\u672c\u9632\u536b\u7701\u516c\u5e03\u7684\u65e5\u65b9\u62cd\u6444\u5230\u7684\u4fc4\u7f57\u65af\u6d77\u519b\u8230\u961f\u753b\u9762", "events": [], "arguments": {"time": [], "loc": [], "country": [{"text": "\u65e5\u672c", "offset": 0, "length": 2}, {"text": "\u65e5\u65b9", "offset": 8, "length": 2}, {"text": "\u4fc4\u7f57\u65af", "offset": 14, "length": 3}], "weapon": []}}, {"sentence": "\u636e\u9632\u536b\u7701\u516c\u5e03\u7684\u73b0\u573a\u753b\u9762\uff0c\u8fd9\u652f\u4fc4\u7f57\u65af\u6d77\u519b\u8230\u961f\u5171\u67096\u8258\u8230\u8239\uff0c\u5305\u62ec\u201c\u74e6\u826f\u683c\u201d\u53f7\uff08\u8237\u53f7011\uff09\u5bfc\u5f39\u5de1\u6d0b\u8230\u548c\u201c\u6f58\u6377\u5217\u8036\u592b\u201d\u53f7\uff08\u8237\u53f7548\uff09\u53cd\u6f5c\u578b\u9a71\u9010\u8230\u3002", "events": [], "arguments": {"time": [], "loc": [], "country": [{"text": "\u4fc4\u7f57\u65af", "offset": 14, "length": 3}], "weapon": [{"text": "\u201c\u74e6\u826f\u683c\u201d\u53f7\uff08\u8237\u53f7011\uff09\u5bfc\u5f39\u5de1\u6d0b\u8230", "offset": 30, "length": 18}, {"text": "\u201c\u6f58\u6377\u5217\u8036\u592b\u201d\u53f7\uff08\u8237\u53f7548\uff09\u53cd\u6f5c\u578b\u9a71\u9010\u8230", "offset": 49, "length": 21}]}}, {"sentence": "\u8fd9\u4e9b\u8230\u8239\u901a\u8fc7\u5b97\u8c37\u6d77\u5ce1\u540e\u8fdb\u5165\u65e5\u672c\u6d77\u3002", "events": [{"trigger": {"text": "\u8fdb\u5165", "offset": 11, "length": 2}, "subject": {"text": "\u8230\u8239", "offset": 2, "length": 2}, "object": {"text": "\u65e5\u672c\u6d77", "offset": 13, "length": 3}}], "arguments": {"time": [], "loc": [{"text": "\u5b97\u8c37\u6d77\u5ce1", "offset": 6, "length": 4}, {"text": "\u65e5\u672c\u6d77", "offset": 13, "length": 3}], "country": [{"text": "\u65e5\u672c", "offset": 13, "length": 2}], "weapon": [{"text": "\u8230\u8239", "offset": 2, "length": 2}]}}, {"sentence": "\u65e5\u672c\u9632\u536b\u7701\u516c\u5e03\u7684\u65e5\u65b9\u62cd\u6444\u5230\u7684\u4fc4\u7f57\u65af\u6d77\u519b\u8230\u961f\u753b\u9762", "events": [], "arguments": {"time": [], "loc": [], "country": [{"text": "\u65e5\u672c", "offset": 0, "length": 2}, {"text": "\u65e5\u65b9", "offset": 8, "length": 2}, {"text": "\u4fc4\u7f57\u65af", "offset": 14, "length": 3}], "weapon": []}}]