[{"sentence": "\u7f8e\u53c2\u8bae\u5458\u900f\u9732\u7f8e\u519b\u5c06\u5728\u963f\u62c9\u65af\u52a0\u5317\u6781\u5730\u533a\u90e8\u7f72150\u67b6\u4e94\u4ee3\u6218\u673a", "events": [{"trigger": {"text": "\u90e8\u7f72", "offset": 18, "length": 2}, "subject": {"text": "\u7f8e\u519b", "offset": 6, "length": 2}, "object": {"text": "\u963f\u62c9\u65af\u52a0\u5317\u6781\u5730\u533a", "offset": 10, "length": 8}}], "arguments": {"time": [], "loc": [{"text": "\u963f\u62c9\u65af\u52a0\u5317\u6781\u5730\u533a", "offset": 10, "length": 8}], "country": [{"text": "\u7f8e", "offset": 6, "length": 1}], "weapon": [{"text": "\u4e94\u4ee3\u6218\u673a", "offset": 24, "length": 4}]}}, {"sentence": "\u3010\u73af\u7403\u7f51\u519b\u4e8b\u62a5\u9053\u3011", "events": [], "arguments": {"time": [], "loc": [], "country": [], "weapon": []}}, {"sentence": "\u4fc4\u7f57\u65af\u536b\u661f\u901a\u8baf\u793e9\u670815\u65e5\u62a5\u9053\uff0c\u7f8e\u56fd\u963f\u62c9\u65af\u52a0\u5dde\u53c2\u8bae\u5458\u4e39\u00b7\u6c99\u5229\u6587\uff08Dan Sullivan\uff09\u8868\u793a\uff0c\u7f8e\u56fd\u5c06\u5728\u8be5\u5dde\u7684\u5317\u6781\u5730\u533a\u90e8\u7f72150\u67b6\u7b2c\u4e94\u4ee3\u6218\u6597\u673a\u3002", "events": [{"trigger": {"text": "\u90e8\u7f72", "offset": 59, "length": 2}, "subject": {"text": "\u7f8e\u56fd", "offset": 48, "length": 2}, "object": {"text": "150\u67b6\u7b2c\u4e94\u4ee3\u6218\u6597\u673a", "offset": 61, "length": 10}}], "arguments": {"time": [{"text": "9\u670815\u65e5", "offset": 8, "length": 5}], "loc": [{"text": "\u8be5\u5dde\u7684\u5317\u6781\u5730\u533a", "offset": 52, "length": 7}], "country": [{"text": "\u4fc4\u7f57\u65af", "offset": 0, "length": 3}, {"text": "\u7f8e\u56fd", "offset": 48, "length": 2}, {"text": "\u7f8e\u56fd", "offset": 16, "length": 2}], "weapon": [{"text": "\u4e94\u4ee3\u6218\u6597\u673a", "offset": 66, "length": 5}, {"text": "\u7b2c\u4e94\u4ee3\u6218\u6597\u673a", "offset": 65, "length": 6}]}}, {"sentence": "\u6c99\u5229\u6587\u5728\u534e\u76db\u987f\u5a01\u5c14\u900a\u4e2d\u5fc3\u4e3e\u529e\u7684\u6d3b\u52a8\u4e0a\u8bf4\uff1a\u201c\u6211\u4eec\u5c06\u5728\u963f\u62c9\u65af\u52a0\u90e8\u7f72150\u591a\u67b6\u7b2c\u4e94\u4ee3\u8d85\u97f3\u901f\u6218\u6597\u673a\u201d\uff0c\u8fd9\u91cc\u6307\u7684\u662fF-35\u548cF-22\u3002", "events": [{"trigger": {"text": "\u90e8\u7f72", "offset": 29, "length": 2}, "subject": {"text": "", "offset": 0, "length": 0}, "object": {"text": "150\u591a\u67b6\u7b2c\u4e94\u4ee3\u8d85\u97f3\u901f\u6218\u6597\u673a", "offset": 31, "length": 14}}], "arguments": {"time": [], "loc": [{"text": "\u963f\u62c9\u65af\u52a0", "offset": 25, "length": 4}], "country": [], "weapon": [{"text": "\u7b2c\u4e94\u4ee3\u8d85\u97f3\u901f\u6218\u6597\u673a", "offset": 36, "length": 9}, {"text": "F-35", "offset": 52, "length": 4}, {"text": "F-22", "offset": 57, "length": 4}]}}, {"sentence": "\u6c99\u5229\u6587\u8fd8\u900f\u9732\uff0c\u963f\u62c9\u65af\u52a0\u8bfa\u59c6\u6e2f\u5c06\u8fdb\u884c\u6269\u5efa\uff0c\u6700\u7ec8\u4f1a\u6210\u4e3a\u7f8e\u56fd\u5728\u5317\u6781\u5708\u5185\u7684\u7b2c\u4e00\u4e2a\u6df1\u6c34\u6e2f\uff0c\u5411\u4fc4\u7f57\u65af\u7b49\u5927\u56fd\u201c\u53d1\u51fa\u4fe1\u53f7\u201d\uff0c\u544a\u8bc9\u4ed6\u4eec\u7f8e\u56fd\u51c6\u5907\u5728\u5317\u6781\u4fdd\u536b\u81ea\u5df1\u7684\u5229\u76ca\u3002", "events": [{"trigger": {"text": "\u6269\u5efa", "offset": 17, "length": 2}, "subject": {"text": "\u7f8e\u56fd", "offset": 58, "length": 2}, "object": {"text": "\u963f\u62c9\u65af\u52a0\u8bfa\u59c6\u6e2f", "offset": 7, "length": 7}}], "arguments": {"time": [], "loc": [{"text": "\u963f\u62c9\u65af\u52a0\u8bfa\u59c6\u6e2f", "offset": 7, "length": 7}, {"text": "\u5317\u6781\u5708\u5185", "offset": 28, "length": 4}], "country": [{"text": "\u7f8e\u56fd", "offset": 58, "length": 2}, {"text": "\u4fc4\u7f57\u65af", "offset": 41, "length": 3}, {"text": "\u7f8e\u56fd", "offset": 25, "length": 2}], "weapon": []}}]