[{"sentence": "\u7f8e\u519b\u8f70\u70b8\u673a\u672c\u6708\u7b2c2\u6b21\u73b0\u8eab\u4e4c\u514b\u5170\u4e0a\u7a7a\u00a0\u4e4c\u519b\u6d3e\u4fc4\u5236\u6218\u673a\u62a4\u9001", "events": [{"trigger": {"text": "\u73b0\u8eab", "offset": 10, "length": 2}, "subject": {"text": "\u7f8e\u519b\u8f70\u70b8\u673a", "offset": 0, "length": 5}, "object": {"text": "\u4e4c\u514b\u5170\u4e0a\u7a7a\u00a0", "offset": 12, "length": 6}}, {"trigger": {"text": "\u62a4\u9001", "offset": 25, "length": 2}, "subject": {"text": "\u4e4c\u519b", "offset": 18, "length": 2}, "object": {"text": "\u7f8e\u519b\u8f70\u70b8\u673a", "offset": 0, "length": 5}}], "arguments": {"time": [], "loc": [{"text": "\u4e4c\u514b\u5170\u4e0a\u7a7a", "offset": 12, "length": 5}], "country": [{"text": "\u7f8e", "offset": 0, "length": 1}, {"text": "\u4e4c", "offset": 18, "length": 1}, {"text": "\u4e4c\u514b\u5170", "offset": 12, "length": 3}], "weapon": [{"text": "\u8f70\u70b8\u673a", "offset": 2, "length": 3}, {"text": "\u4fc4\u5236\u6218\u673a", "offset": 21, "length": 4}]}}, {"sentence": "\u3010\u73af\u7403\u7f51\u519b\u4e8b\u62a5\u9053\u3011", "events": [], "arguments": {"time": [], "loc": [], "country": [], "weapon": []}}, {"sentence": "\u636e\u4fc4\u7f57\u65af\u536b\u661f\u65b0\u95fb\u901a\u8baf\u793e9\u670814\u65e5\u62a5\u9053\uff0c\u4e4c\u514b\u5170\u7a7a\u519b\u53f8\u4ee4\u90e8\u65b0\u95fb\u5904\u5f53\u5929\u8868\u793a\uff0c\u7f8e\u56fd\u7a7a\u519b\u7684B-52H\u8f70\u70b8\u673a\u518d\u6b21\u8fdb\u5165\u4e4c\u514b\u5170\u9886\u7a7a\uff0c\u4ee5\u5f00\u5c55\u5de1\u822a\u98de\u884c\u6d3b\u52a8\uff0c\u5e76\u524d\u5f80\u9ed1\u6d77\u6d77\u57df\uff0c\u4e4c\u514b\u5170\u6218\u673a\u5219\u4e3a\u7f8e\u56fd\u8f70\u70b8\u673a\u62a4\u822a\u3002", "events": [{"trigger": {"text": "\u8fdb\u5165", "offset": 50, "length": 2}, "subject": {"text": "\u7f8e\u56fd\u7a7a\u519b\u7684B-52H\u8f70\u70b8\u673a", "offset": 35, "length": 13}, "object": {"text": "\u4e4c\u514b\u5170\u9886\u7a7a", "offset": 52, "length": 5}}], "arguments": {"time": [{"text": "9\u670814\u65e5", "offset": 11, "length": 5}, {"text": "\u5f53\u5929", "offset": 30, "length": 2}], "loc": [{"text": "\u4e4c\u514b\u5170\u9886\u7a7a", "offset": 52, "length": 5}, {"text": "\u9ed1\u6d77\u6d77\u57df", "offset": 71, "length": 4}], "country": [{"text": "\u4fc4\u7f57\u65af", "offset": 1, "length": 3}, {"text": "\u4e4c\u514b\u5170", "offset": 76, "length": 3}, {"text": "\u7f8e\u56fd", "offset": 83, "length": 2}, {"text": "\u4e4c\u514b\u5170", "offset": 19, "length": 3}, {"text": "\u7f8e\u56fd", "offset": 35, "length": 2}, {"text": "\u4e4c\u514b\u5170", "offset": 52, "length": 3}], "weapon": [{"text": "\u8f70\u70b8\u673a", "offset": 85, "length": 3}, {"text": "\u6218\u673a", "offset": 79, "length": 2}, {"text": "B-52H\u8f70\u70b8\u673a", "offset": 40, "length": 8}]}}, {"sentence": "\u8be5\u65b0\u95fb\u5904\u79f0\uff0c9\u6708\u521d\uff0c\u4e4c\u514b\u5170\u7684\u82cf-27\u548c\u7c73\u683c-29\u6218\u6597\u673a\u66fe\u62a4\u9001\u7f8e\u56fd\u7684B-52\u6218\u7565\u8f70\u70b8\u673a\u4ece\u8be5\u56fd\u897f\u90e8\u8fb9\u754c\u98de\u5411\u4e9a\u901f\u6d77\uff0c\u7136\u540e\u8fd4\u822a\uff0c\u6b64\u6b21\u98de\u884c\u662f\u8ba1\u5212\u8fdb\u884c\u7684\u5de1\u822a\u884c\u52a8\u7684\u4e00\u90e8\u5206\u3002", "events": [{"trigger": {"text": "\u62a4\u9001", "offset": 28, "length": 2}, "subject": {"text": "\u4e4c\u514b\u5170\u7684\u82cf-27\u548c\u7c73\u683c-29\u6218\u6597\u673a", "offset": 10, "length": 17}, "object": {"text": "\u7f8e\u56fd\u7684B-52\u6218\u7565\u8f70\u70b8\u673a", "offset": 30, "length": 12}}], "arguments": {"time": [{"text": "9\u6708\u521d", "offset": 6, "length": 3}], "loc": [{"text": "\u8be5\u56fd\u897f\u90e8\u8fb9\u754c", "offset": 43, "length": 6}, {"text": "\u4e9a\u901f\u6d77", "offset": 51, "length": 3}], "country": [{"text": "\u4e4c\u514b\u5170", "offset": 10, "length": 3}, {"text": "\u7f8e\u56fd", "offset": 30, "length": 2}], "weapon": [{"text": "\u82cf-27", "offset": 14, "length": 4}, {"text": "\u7c73\u683c-29\u6218\u6597\u673a", "offset": 19, "length": 8}, {"text": "B-52\u6218\u7565\u8f70\u70b8\u673a", "offset": 33, "length": 9}]}}, {"sentence": "\u4e4c\u514b\u5170\u53f8\u4ee4\u90e814\u65e5\u5728\u793e\u4ea4\u5a92\u4f53\u4e0a\u53d1\u5e03\u901a\u62a5\u4e2d\uff1a\u201c9\u670814\u65e5\uff0c3\u67b6\u7f8e\u56fdB-52H\u6218\u7565\u8f70\u70b8\u673a\u5728\u4e4c\u514b\u5170\u7a7a\u519b\u6218\u673a\u7684\u62a4\u822a\u4e0b\u518d\u6b21\u51fa\u73b0\u5728\u4e4c\u514b\u5170\u9886\u7a7a\u3002", "events": [{"trigger": {"text": "\u51fa\u73b0\u5728", "offset": 56, "length": 3}, "subject": {"text": "\u7f8e\u56fdB-52H\u6218\u7565\u8f70\u70b8\u673a", "offset": 30, "length": 12}, "object": {"text": "\u4e4c\u514b\u5170\u9886\u7a7a", "offset": 59, "length": 5}}], "arguments": {"time": [{"text": "9\u670814\u65e5", "offset": 22, "length": 5}], "loc": [{"text": "\u4e4c\u514b\u5170\u9886\u7a7a", "offset": 59, "length": 5}], "country": [{"text": "\u4e4c\u514b\u5170", "offset": 59, "length": 3}, {"text": "\u4e4c\u514b\u5170", "offset": 0, "length": 3}, {"text": "\u7f8e\u56fd", "offset": 30, "length": 2}, {"text": "\u4e4c\u514b\u5170", "offset": 43, "length": 3}], "weapon": [{"text": "\u7f8e\u56fdB-52H\u6218\u7565\u8f70\u70b8\u673a", "offset": 30, "length": 12}, {"text": "B-52H\u6218\u7565\u8f70\u70b8\u673a", "offset": 32, "length": 10}]}}, {"sentence": "B-52H\u8f70\u70b8\u673a\u5728\u4e4c\u514b\u5170\u6218\u673a\u7684\u62a4\u822a\u4e0b\u524d\u5f80\u9ed1\u6d77\uff0c\u4ee5\u4e0e\u96c6\u4f53\u5b89\u5168\u9886\u57df\u5185\u7684\u4f19\u4f34\u5f00\u5c55\u8054\u5408\u884c\u52a8\u3002", "events": [], "arguments": {"time": [], "loc": [{"text": "\u9ed1\u6d77", "offset": 20, "length": 2}], "country": [{"text": "\u4e4c\u514b\u5170", "offset": 9, "length": 3}], "weapon": [{"text": "B-52H\u8f70\u70b8\u673a", "offset": 0, "length": 8}]}}, {"sentence": "\u201d", "events": [], "arguments": {"time": [], "loc": [], "country": [], "weapon": []}}, {"sentence": "\u57289\u67084\u65e5\u7c7b\u4f3c\u7684\u98de\u884c\u6d3b\u52a8\u4e2d\uff0c\u7f8e\u519bB-52\u8f70\u70b8\u673a\u8fd8\u88ab\u53d1\u73b0\u6709\u610f\u63a5\u8fd1\u514b\u91cc\u7c73\u4e9a\u8fb9\u754c\u3002", "events": [{"trigger": {"text": "\u63a5\u8fd1", "offset": 29, "length": 2}, "subject": {"text": "\u7f8e\u519bB-52\u8f70\u70b8\u673a", "offset": 14, "length": 9}, "object": {"text": "\u514b\u91cc\u7c73\u4e9a\u8fb9\u754c", "offset": 31, "length": 6}}], "arguments": {"time": [{"text": "9\u67084\u65e5", "offset": 1, "length": 4}], "loc": [{"text": "\u514b\u91cc\u7c73\u4e9a\u8fb9\u754c", "offset": 31, "length": 6}], "country": [{"text": "\u7f8e", "offset": 14, "length": 1}], "weapon": [{"text": "B-52\u8f70\u70b8\u673a", "offset": 16, "length": 7}]}}, {"sentence": "\u793e\u4ea4\u5a92\u4f53\u4e0a\u7684\u89c2\u5bdf\u4eba\u58eb\u6ce8\u610f\u5230\uff0c\u4e24\u67b6B-52\u8f70\u70b8\u673a\u671d\u7740\u4e1c\u5357\u65b9\u5411\u98de\u5411\u514b\u91cc\u7c73\u4e9a\uff0c\u89c2\u5bdf\u4eba\u58eb\u79f0\u5728\u8ddd\u79bb\u514b\u91cc\u7c73\u4e9a\u8fb9\u5883\u4ec525\u516c\u91cc\u7684\u5730\u65b9\u53d1\u73b0\u4e86B-52\u8f70\u70b8\u673a\u3002", "events": [{"trigger": {"text": "\u98de\u5411", "offset": 29, "length": 2}, "subject": {"text": "\u4e24\u67b6B-52\u8f70\u70b8\u673a", "offset": 14, "length": 9}, "object": {"text": "\u514b\u91cc\u7c73\u4e9a", "offset": 44, "length": 4}}], "arguments": {"time": [], "loc": [{"text": "\u514b\u91cc\u7c73\u4e9a", "offset": 44, "length": 4}], "country": [{"text": "\u514b\u91cc\u7c73\u4e9a", "offset": 31, "length": 4}], "weapon": [{"text": "B-52\u8f70\u70b8\u673a", "offset": 61, "length": 7}]}}]