[{"sentence": "\u4fc4\u900f\u9732\u5c06\u7528\u201c\u5e03\u62c9\u83ab\u65af\u201d\u6253\u7a7a\u4e2d\u76ee\u6807\u00a0\u4e3b\u8981\u5bf9\u4ed8\u9884\u8b66\u673a", "events": [], "arguments": {"time": [], "loc": [], "country": [{"text": "\u4fc4", "offset": 0, "length": 1}], "weapon": [{"text": "\u201c\u5e03\u62c9\u83ab\u65af\u201d", "offset": 5, "length": 6}, {"text": "\u9884\u8b66\u673a", "offset": 21, "length": 3}]}}, {"sentence": "\u3010\u73af\u7403\u7f51\u519b\u4e8b\u62a5\u9053\u3011", "events": [], "arguments": {"time": [], "loc": [], "country": [], "weapon": []}}, {"sentence": "\u4fc4\u7f57\u65af\u536b\u661f\u901a\u8baf\u793e9\u670814\u65e5\u62a5\u9053\uff0c\u4fc4\u5370\u5408\u8d44\u4f01\u4e1a\u5e03\u62c9\u83ab\u65af\u822a\u7a7a\u822a\u5929\u516c\u53f8\u4fc4\u65b9\u7ecf\u7406\u4e9a\u5386\u5c71\u5927\u00b7\u9a6c\u514b\u897f\u5207\u592b\u5411\u536b\u661f\u901a\u8baf\u793e\u8868\u793a\uff0c\u8be5\u516c\u53f8\u5c06\u57282024\u5e74\u5efa\u9020\u51fa\u7528\u4e8e\u6467\u6bc1\u9884\u8b66\u673a\uff08AWACS\uff09\u7c7b\u7a7a\u4e2d\u76ee\u6807\u7684\u201c\u5e03\u62c9\u83ab\u65af\u201d\u5de1\u822a\u5bfc\u5f39\u3002", "events": [{"trigger": {"text": "\u5efa\u9020", "offset": 65, "length": 2}, "subject": {"text": "\u4fc4\u5370\u5408\u8d44\u4f01\u4e1a\u5e03\u62c9\u83ab\u65af\u822a\u7a7a\u822a\u5929\u516c\u53f8", "offset": 16, "length": 16}, "object": {"text": "\u201c\u5e03\u62c9\u83ab\u65af\u201d\u5de1\u822a\u5bfc\u5f39", "offset": 88, "length": 10}}], "arguments": {"time": [{"text": "2024\u5e74", "offset": 60, "length": 5}], "loc": [], "country": [{"text": "\u4fc4", "offset": 32, "length": 1}, {"text": "\u4fc4\u7f57\u65af", "offset": 0, "length": 3}], "weapon": [{"text": "\u9884\u8b66\u673a\uff08AWACS\uff09", "offset": 72, "length": 10}, {"text": "\u201c\u5e03\u62c9\u83ab\u65af\u201d\u5de1\u822a\u5bfc\u5f39", "offset": 88, "length": 10}]}}, {"sentence": "\u4fc4\u7f57\u65af\u548c\u5370\u5ea6\u8054\u5408\u7814\u5236\u7684\u201c\u5e03\u62c9\u83ab\u65af\u201d\u5de1\u822a\u5bfc\u5f39", "events": [{"trigger": {"text": "\u7814\u5236", "offset": 8, "length": 2}, "subject": {"text": "\u4fc4\u7f57\u65af\u548c\u5370\u5ea6", "offset": 0, "length": 6}, "object": {"text": "\u201c\u5e03\u62c9\u83ab\u65af\u201d\u5de1\u822a\u5bfc\u5f39", "offset": 11, "length": 10}}], "arguments": {"time": [], "loc": [], "country": [{"text": "\u4fc4\u7f57\u65af", "offset": 0, "length": 3}, {"text": "\u5370\u5ea6", "offset": 4, "length": 2}], "weapon": [{"text": "\u201c\u5e03\u62c9\u83ab\u65af\u201d\u5de1\u822a\u5bfc\u5f39", "offset": 11, "length": 10}]}}, {"sentence": "\u9a6c\u514b\u897f\u5207\u592b\u8868\u793a\uff1a\u201c\u80fd\u6467\u6bc1\u9884\u8b66\u673a\u7c7b\u7a7a\u4e2d\u76ee\u6807\u7684\u2018\u5e03\u62c9\u83ab\u65af\u2019\u7a7a\u5bf9\u7a7a\u5de1\u822a\u5bfc\u5f39\u8bbe\u8ba1\u65b9\u6848\u5df2\u7ecf\u83b7\u6279\uff0c\u9996\u6b21\u53d1\u5c04\u7684\u51c6\u5907\u5de5\u4f5c\u8ba1\u5212\u5c06\u4e8e2024\u5e74\u7ed3\u675f\u3002", "events": [{"trigger": {"text": "\u83b7\u6279", "offset": 40, "length": 2}, "subject": {"text": "\u2018\u5e03\u62c9\u83ab\u65af\u2019\u7a7a\u5bf9\u7a7a\u5de1\u822a\u5bfc\u5f39\u8bbe\u8ba1\u65b9\u6848", "offset": 21, "length": 17}, "object": {"text": "", "offset": 0, "length": 0}}], "arguments": {"time": [{"text": "2024\u5e74", "offset": 56, "length": 5}], "loc": [], "country": [], "weapon": [{"text": "\u9884\u8b66\u673a", "offset": 12, "length": 3}, {"text": "\u2018\u5e03\u62c9\u83ab\u65af\u2019\u7a7a\u5bf9\u7a7a\u5de1\u822a\u5bfc\u5f39", "offset": 21, "length": 13}]}}, {"sentence": "\u201d", "events": [], "arguments": {"time": [], "loc": [], "country": [], "weapon": []}}, {"sentence": "\u9a6c\u514b\u897f\u5207\u592b\u79f0\uff0c\u8fd9\u6b3e\u5bfc\u5f39\u6700\u5927\u7684\u7279\u70b9\u662f\u5c06\u7528\u4e8e\u6467\u6bc1\u9884\u8b66\u673a\u7b49\u5927\u578b\u7a7a\u4e2d\u91cd\u8981\u76ee\u6807\u3002", "events": [], "arguments": {"time": [], "loc": [], "country": [], "weapon": [{"text": "\u9884\u8b66\u673a", "offset": 22, "length": 3}, {"text": "\u5bfc\u5f39", "offset": 9, "length": 2}]}}, {"sentence": "\u76ee\u524d\uff0c\u201c\u5e03\u62c9\u83ab\u65af\u201d\u7cfb\u5217\u5bfc\u5f39\u4ec5\u7528\u4e8e\u6467\u6bc1\u5730\u9762\u548c\u6d77\u4e0a\u76ee\u6807\u3002", "events": [], "arguments": {"time": [], "loc": [], "country": [], "weapon": [{"text": "\u201c\u5e03\u62c9\u83ab\u65af\u201d\u7cfb\u5217\u5bfc\u5f39", "offset": 3, "length": 10}]}}, {"sentence": "\u4ed6\u8bf4\uff1a\u201c\u56e0\u6b64\uff0c\u6211\u4eec\u5c06\u6269\u5927\u2018\u5e03\u62c9\u83ab\u65af\u2019\u7cfb\u5217\u5bfc\u5f39\u7684\u4efb\u52a1\u8303\u56f4\uff0c\u6570\u5e74\u540e\u5c31\u4f1a\u5177\u5907\u6467\u6bc1\u7a7a\u4e2d\u76ee\u6807\u7684\u80fd\u529b\u3002", "events": [], "arguments": {"time": [], "loc": [], "country": [], "weapon": [{"text": "\u2018\u5e03\u62c9\u83ab\u65af\u2019\u7cfb\u5217\u5bfc\u5f39", "offset": 12, "length": 10}]}}, {"sentence": "\u4e5f\u5c31\u662f\u8bf4\uff0c\u5e73\u53f0\u4f9d\u65e7\uff0c\u53ea\u662f\u7565\u4f5c\u6539\u8fdb\uff0c\u4f46\u2018\u5927\u8111\u2019\u5c06\u8fdb\u884c\u66f4\u6362\uff0c\u6467\u6bc1\u96f7\u8fbe\u53cd\u5c04\u7a7a\u4e2d\u76ee\u6807\u7684\u81ea\u5bfc\u5f15\u5934\u4e0d\u518d\u76f8\u540c\u3002", "events": [], "arguments": {"time": [], "loc": [], "country": [], "weapon": []}}, {"sentence": "\u201d", "events": [], "arguments": {"time": [], "loc": [], "country": [], "weapon": []}}]