[{"sentence": "\u7f8e\u519b\u90e8\u7f72\u4e2d\u4e1c\u822a\u6bcd\u53c8\u51fa\u4e8b\u00a0\u9884\u8b66\u673a\u7740\u8230\u65f6\u649e\u4e0a\u53e6\u4e00\u67b6\u6302\u5f39\u6218\u6597\u673a", "events": [{"trigger": {"text": "\u649e\u4e0a", "offset": 18, "length": 2}, "subject": {"text": "\u9884\u8b66\u673a", "offset": 12, "length": 3}, "object": {"text": "\u6302\u5f39\u6218\u6597\u673a", "offset": 23, "length": 5}}], "arguments": {"time": [], "loc": [], "country": [{"text": "\u7f8e", "offset": 0, "length": 1}], "weapon": [{"text": "\u822a\u6bcd", "offset": 6, "length": 2}, {"text": "\u9884\u8b66\u673a", "offset": 12, "length": 3}, {"text": "\u6302\u5f39\u6218\u6597\u673a", "offset": 23, "length": 5}]}}, {"sentence": "\u3010\u73af\u7403\u7f51\u62a5\u9053 \u8bb0\u8005 \u5f90\u7490\u660e\u3011", "events": [], "arguments": {"time": [], "loc": [], "country": [], "weapon": []}}, {"sentence": "\u636e\u7f8e\u56fd\u201c\u519b\u4e8b\u201d\u7f51\u7ad99\u670811\u65e5\u62a5\u9053\uff0c\u4e00\u67b6\u7f8e\u56fd\u6d77\u519b\u9884\u8b66\u673a\u8fd1\u65e5\u5728\u4f4d\u4e8e\u963f\u62c9\u4f2f\u6d77\u7684\u4e00\u8258\u822a\u7a7a\u6bcd\u8230\u4e0a\u964d\u843d\u65f6\u53d1\u751f\u610f\u5916\uff0c\u4e0e\u8be5\u822a\u6bcd\u4e0a\u7684\u53e6\u4e00\u67b6\u6218\u673a\u76f8\u649e\uff0c\u9020\u6210\u4e24\u67b6\u6218\u673a\u53d7\u635f\u3002", "events": [{"trigger": {"text": "\u649e", "offset": 63, "length": 1}, "subject": {"text": "\u4e00\u67b6\u7f8e\u56fd\u6d77\u519b\u9884\u8b66\u673a", "offset": 17, "length": 9}, "object": {"text": "\u822a\u6bcd\u4e0a\u7684\u53e6\u4e00\u67b6\u6218\u673a", "offset": 53, "length": 9}}], "arguments": {"time": [{"text": "9\u670811\u65e5", "offset": 9, "length": 5}], "loc": [{"text": "\u963f\u62c9\u4f2f\u6d77", "offset": 31, "length": 4}], "country": [{"text": "\u7f8e\u56fd", "offset": 19, "length": 2}, {"text": "\u7f8e\u56fd", "offset": 1, "length": 2}], "weapon": [{"text": "\u9884\u8b66\u673a", "offset": 23, "length": 3}, {"text": "\u822a\u7a7a\u6bcd\u8230", "offset": 38, "length": 4}]}}, {"sentence": "\u7f8e\u56fd\u6d77\u519b\u7b2c11\u822a\u6bcd\u6218\u6597\u7fa4\u53d1\u8a00\u4eba\u8389\u624e\u00b7\u591a\u5c14\u8482\u4e2d\u6821\u62ab\u9732\u4e86\u8fd9\u8d77\u4e8b\u6545\uff0c\u4e8b\u53d1\u4e8e8\u670824\u65e5\uff0c\u5f53\u65f6\u4e00\u67b6\u7b2c14\u8230\u8f7d\u673a\u8054\u961f\u7684E-2C\u201c\u9e70\u773c\u201d\u9884\u8b66\u673a\u201c\u90e8\u5206\u63a5\u89e6\u201d\u4e86\u505c\u653e\u5728\u201c\u5c3c\u7c73\u5179\u201d\u53f7\u822a\u6bcd\u98de\u884c\u7532\u677f\u4e0a\u7684\u4e00\u67b6F/A-18\u8230\u8f7d\u6218\u6597\u673a\u3002", "events": [], "arguments": {"time": [{"text": "8\u670824\u65e5", "offset": 34, "length": 5}], "loc": [], "country": [{"text": "\u7f8e\u56fd", "offset": 0, "length": 2}], "weapon": [{"text": "E-2C\u201c\u9e70\u773c\u201d\u9884\u8b66\u673a\u201c", "offset": 53, "length": 12}, {"text": "\u201c\u5c3c\u7c73\u5179\u201d\u53f7\u822a\u6bcd", "offset": 74, "length": 8}, {"text": "F/A-18\u8230\u8f7d\u6218\u6597\u673a", "offset": 90, "length": 11}]}}, {"sentence": "\u5979\u8865\u5145\u8bf4\uff0c\u8fd9\u8d77\u4e8b\u6545\u53d1\u751f\u5728\u5f53\u5730\u65f6\u95f4\u7684\u4e0b\u53484\u70b930\u5206\u5de6\u53f3\uff0c\u6ca1\u6709\u9020\u6210\u4eba\u5458\u53d7\u4f24\u3002", "events": [], "arguments": {"time": [{"text": "\u4e0b\u53484\u70b930\u5206\u5de6\u53f3", "offset": 17, "length": 9}], "loc": [], "country": [], "weapon": []}}, {"sentence": "\u53e6\u636e\u7f8e\u56fd\u6d77\u519b\u5b89\u5168\u4e2d\u5fc3\u7684\u62a5\u544a\u8bf4\uff0cE-2C\u9884\u8b66\u673a\u201c\u5728\u62e6\u963b\u7740\u8230\u8fc7\u7a0b\u4e2d\u649e\u5230\u4e86\u4e00\u67b6F/A-18\u6218\u6597\u673a\u4e0a\u7684\u4e00\u679aCATM-9X\u5bfc\u5f39\u7684\u5c3e\u7ffc\u201d\u3002", "events": [{"trigger": {"text": "\u649e\u5230", "offset": 31, "length": 2}, "subject": {"text": "E-2C\u9884\u8b66\u673a\u201c", "offset": 15, "length": 8}, "object": {"text": "\u4e00\u67b6F/A-18\u6218\u6597\u673a\u4e0a\u7684\u4e00\u679aCATM-9X\u5bfc\u5f39\u7684\u5c3e\u7ffc", "offset": 34, "length": 27}}], "arguments": {"time": [], "loc": [], "country": [{"text": "\u7f8e\u56fd", "offset": 2, "length": 2}], "weapon": [{"text": "E-2C\u9884\u8b66\u673a\u201c", "offset": 15, "length": 8}, {"text": "F/A-18\u6218\u6597\u673a", "offset": 36, "length": 9}, {"text": "CATM-9X\u5bfc\u5f39", "offset": 49, "length": 9}]}}, {"sentence": "\u5f53\u88ab\u95ee\u53ca\u5bfc\u5f39\u5c3e\u7ffc\u88ab\u51fb\u4e2d\u662f\u5426\u4f1a\u5bf9\u201c\u5c3c\u7c73\u5179\u201d\u53f7\u4e0a\u7684\u4eba\u5458\u6784\u6210\u5a01\u80c1\u65f6\uff0c\u591a\u5c14\u8482\u56de\u5e94\u8bf4\uff0c\u5728\u822a\u6bcd\u7532\u677f\u4e0a\u5de5\u4f5c\u672c\u6765\u5c31\u662f\u5145\u6ee1\u5371\u9669\u7684\u73af\u5883\u3002", "events": [], "arguments": {"time": [], "loc": [], "country": [], "weapon": [{"text": "\u201c\u5c3c\u7c73\u5179\u201d\u53f7", "offset": 15, "length": 6}, {"text": "\u5bfc\u5f39", "offset": 4, "length": 2}]}}, {"sentence": "\u636e\u6089\uff0cCATM-9X\u5bfc\u5f39\u662fAIM-9X\u7a7a\u7a7a\u5bfc\u5f39\u7684\u8bad\u7ec3\u5f39\uff0c\u5176\u5916\u5f62\u548cAIM-9X\u7a7a\u7a7a\u5bfc\u5f39\u65e0\u5f02\uff0c\u5176\u6218\u6597\u90e8\u91c7\u7528\u201c\u60f0\u6027\u201d\u88c5\u836f\uff0c\u7406\u8bba\u4e0a\u4e0d\u4f1a\u7206\u70b8\u3002", "events": [], "arguments": {"time": [], "loc": [], "country": [], "weapon": [{"text": "CATM-9X\u5bfc\u5f39", "offset": 3, "length": 9}, {"text": "AIM-9X\u7a7a\u7a7a\u5bfc\u5f39", "offset": 32, "length": 10}, {"text": "AIM-9X\u7a7a\u7a7a\u5bfc\u5f39", "offset": 13, "length": 10}]}}, {"sentence": "\u4f46\u8be5\u5bfc\u5f39\u88ab\u649e\u6bc1\u540e\u98de\u6e85\u7684\u788e\u7247\uff0c\u5f88\u6709\u53ef\u80fd\u4f1a\u5bf9\u505c\u653e\u5728\u7532\u677f\u4e0a\u7684\u6218\u6597\u673a\u9020\u6210\u4e25\u91cd\u635f\u5bb3\u3002", "events": [], "arguments": {"time": [], "loc": [], "country": [], "weapon": [{"text": "\u5bfc\u5f39", "offset": 2, "length": 2}, {"text": "\u6218\u6597\u673a", "offset": 27, "length": 3}]}}, {"sentence": "\u591a\u5c14\u8482\u8bf4\uff1a\u201c\u8fd9\u5c31\u662f\u4e3a\u4ec0\u4e48\u6211\u4eec\u5c06\u7ee7\u7eed\u4fdd\u6301\u4e25\u683c\u7684\u8bad\u7ec3\u7684\u548c\u5b89\u5168\u7a0b\u5e8f\uff0c\u4fdd\u8bc1\u4eba\u5458\u7684\u5b89\u5168\u662f\u91cd\u4e2d\u4e4b\u91cd\u3002", "events": [], "arguments": {"time": [], "loc": [], "country": [], "weapon": []}}, {"sentence": "\u201d\u5979\u8fd8\u8868\u793a\uff0c\u4e8b\u53d1\u65f6E-2C\u9884\u8b66\u673a\u4e0a\u67095\u540d\u4eba\u5458\uff0c\u800cF/A-18\u8230\u8f7d\u6218\u6597\u673a\u4e0a\u6ca1\u6709\u4eba\uff0c\u4e8b\u6545\u539f\u56e0\u6b63\u5728\u8c03\u67e5\u4e4b\u4e2d\u3002", "events": [], "arguments": {"time": [], "loc": [], "country": [], "weapon": [{"text": "E-2C\u9884\u8b66\u673a", "offset": 9, "length": 7}, {"text": "F/A-18\u8230\u8f7d\u6218\u6597\u673a", "offset": 24, "length": 11}]}}, {"sentence": "\u591a\u5c14\u8482\u6ca1\u6709\u56de\u7b54\u6218\u673a\u662f\u5426\u4f1a\u56e0\u4e8b\u6545\u505c\u98de\uff0c\u53ea\u662f\u8bf4\u8230\u8f7d\u673a\u90e8\u961f\u548c\u822a\u6bcd\u4ecd\u7136\u201c\u5b8c\u5168\u6709\u80fd\u529b\u6267\u884c\u4efb\u52a1\uff0c\u968f\u65f6\u4fdd\u6301\u6218\u5907\u201d\u3002", "events": [], "arguments": {"time": [], "loc": [], "country": [], "weapon": [{"text": "\u6218\u673a", "offset": 7, "length": 2}, {"text": "\u822a\u6bcd", "offset": 27, "length": 2}]}}, {"sentence": "\u636e\u6089\uff0c\u8fd9\u662f\u201c\u5c3c\u7c73\u5179\u201d\u53f7\u822a\u6bcd\u5728\u4e24\u5468\u65f6\u95f4\u5185\u53d1\u751f\u7684\u7b2c\u4e8c\u8d77\u4e8b\u6545\uff0c\u4e00\u540d\u88ab\u90e8\u7f72\u5230\u201c\u5c3c\u7c73\u5179\u201d\u53f7\u822a\u6bcd\u4e0a\u7684\u6c34\u5175\u4e8e9\u67086\u65e5\u88ab\u62a5\u544a\u5931\u8e2a\uff0c\u4e8b\u53d1\u5730\u70b9\u4f4d\u4e8e\u5317\u963f\u62c9\u4f2f\u6d77\uff0c\u8fd9\u91cc\u8ddd\u79bb\u6ce2\u65af\u6e7e\u548c\u4f0a\u6717\u90fd\u5f88\u8fd1\u3002", "events": [{"trigger": {"text": "\u5931\u8e2a", "offset": 54, "length": 2}, "subject": {"text": "\u88ab\u90e8\u7f72\u5230\u201c\u5c3c\u7c73\u5179\u201d\u53f7\u822a\u6bcd\u4e0a\u7684\u6c34\u5175", "offset": 30, "length": 16}, "object": {"text": "", "offset": 0, "length": 0}}], "arguments": {"time": [{"text": "9\u67086\u65e5", "offset": 47, "length": 4}], "loc": [{"text": "\u5317\u963f\u62c9\u4f2f\u6d77", "offset": 63, "length": 5}], "country": [{"text": "\u4f0a\u6717", "offset": 77, "length": 2}], "weapon": [{"text": "\u201c\u5c3c\u7c73\u5179\u201d\u53f7\u822a\u6bcd", "offset": 34, "length": 8}]}}, {"sentence": "\u201c\u5c3c\u7c73\u5179\u201d\u53f7\u822a\u6bcd\u81ea7\u6708\u4ee5\u6765\u5c31\u4e00\u76f4\u5728\u4e2d\u4e1c\u6d77\u57df\u4f5c\u4e1a\uff0c\u8fd9\u8258\u822a\u6bcd\u4e8e\u4eca\u5e744\u6708\u79bb\u5f00\u4f4d\u4e8e\u534e\u76db\u987f\u5dde\u7684\u57fa\u7279\u8428\u6d77\u519b\u57fa\u5730\u7684\u6bcd\u6e2f\u5f00\u59cb\u8fdb\u884c\u90e8\u7f72\u3002", "events": [{"trigger": {"text": "\u90e8\u7f72", "offset": 56, "length": 2}, "subject": {"text": "\u201c\u5c3c\u7c73\u5179\u201d\u53f7\u822a\u6bcd", "offset": 0, "length": 8}, "object": {"text": "", "offset": 0, "length": 0}}], "arguments": {"time": [{"text": "7\u6708", "offset": 9, "length": 2}], "loc": [{"text": "\u4e2d\u4e1c\u6d77\u57df", "offset": 17, "length": 4}, {"text": "\u534e\u76db\u987f\u5dde\u7684\u57fa\u7279\u8428\u6d77\u519b\u57fa\u5730\u7684\u6bcd\u6e2f", "offset": 37, "length": 15}], "country": [], "weapon": [{"text": "\u201c\u5c3c\u7c73\u5179\u201d\u53f7\u822a\u6bcd", "offset": 0, "length": 8}]}}, {"sentence": "\u201c\u5c3c\u7c73\u5179\u201d\u53f7\u822a\u6bcd\u6218\u6597\u7fa4\u5305\u62ec\u5927\u7ea68000\u540d\u8230\u5458\uff0c\u9664\u822a\u6bcd\u5916\u8fd8\u6709\u201c\u666e\u6797\u65af\u987f\u201d\u53f7\u5de1\u6d0b\u8230\u3001\u201c\u65af\u7279\u83b1\u7279\u201d\u53f7\u548c\u201c\u62c9\u5c14\u592b\u00b7\u7ea6\u7ff0\u900a\u201d\u53f7\u5bfc\u5f39\u9a71\u9010\u8230\u3002", "events": [], "arguments": {"time": [], "loc": [], "country": [], "weapon": [{"text": "\u201c\u5c3c\u7c73\u5179\u201d\u53f7\u822a\u6bcd", "offset": 0, "length": 8}, {"text": "\u666e\u6797\u65af\u987f\u201d\u53f7\u5de1\u6d0b\u8230", "offset": 30, "length": 9}, {"text": "\u201c\u65af\u7279\u83b1\u7279\u201d\u53f7", "offset": 40, "length": 7}, {"text": "\u201c\u62c9\u5c14\u592b\u00b7\u7ea6\u7ff0\u900a\u201d\u53f7\u5bfc\u5f39\u9a71\u9010\u8230", "offset": 48, "length": 15}, {"text": "\u201c\u666e\u6797\u65af\u987f\u201d\u53f7\u5de1\u6d0b\u8230", "offset": 29, "length": 10}]}}]