[{"sentence": "\u8d85\u9707\u64bc\uff01", "events": [], "arguments": {"time": [], "loc": [], "country": [], "weapon": []}}, {"sentence": "\u8fd0-20\u8fd1\u8ddd\u79bb\u4ece\u5934\u9876\u63a0\u8fc7\u662f\u79cd\u4ec0\u4e48\u4f53\u9a8c\uff1f", "events": [{"trigger": {"text": "\u63a0\u8fc7", "offset": 10, "length": 2}, "subject": {"text": "\u8fd0-20", "offset": 0, "length": 4}, "object": {"text": "", "offset": 0, "length": 0}}], "arguments": {"time": [], "loc": [], "country": [], "weapon": [{"text": "\u8fd0-20", "offset": 0, "length": 4}]}}, {"sentence": "\u524d\u4e0d\u4e45\uff0c\u4e00\u67b6\u8fd0-20\u8fd0\u8f93\u673a\u8fd1\u8ddd\u79bb\u4ece\u592e\u89c6\u8bb0\u8005\u5934\u9876\u63a0\u8fc7\uff0c\u8bb0\u8005\u4f9d\u7136\u6de1\u5b9a\u64ad\u62a5\u7684\u4e00\u5e55\uff0c\u5f15\u53d1\u7f51\u53cb\u70ed\u8bae\u3002", "events": [{"trigger": {"text": "\u63a0\u8fc7", "offset": 23, "length": 2}, "subject": {"text": "\u8fd0-20\u8fd0\u8f93\u673a", "offset": 6, "length": 7}, "object": {"text": "\u5934\u9876", "offset": 21, "length": 2}}], "arguments": {"time": [{"text": "\u524d\u4e0d\u4e45", "offset": 0, "length": 3}], "loc": [], "country": [], "weapon": [{"text": "\u8fd0-20\u8fd0\u8f93\u673a", "offset": 6, "length": 7}]}}, {"sentence": "\u6709\u7f51\u53cb\u731c\u6d4b\uff0c\u8fd9\u662f\u7528\u7eff\u5e55\u5408\u6210\u7684\u5417\uff1f", "events": [], "arguments": {"time": [], "loc": [], "country": [], "weapon": []}}, {"sentence": "\u770b\u89c6\u9891\uff0c\u4e3a\u4f60\u63ed\u79d8\u3002", "events": [], "arguments": {"time": [], "loc": [], "country": [], "weapon": []}}]