[{"sentence": "\u201c5\u4e07\u4e2d\u56fd\u58eb\u5175\u5728\u7f8e\u52a0\u8fb9\u5883\u96c6\u7ed3\u201d\uff1f", "events": [], "arguments": {"time": [], "loc": [], "country": [{"text": "\u4e2d\u56fd", "offset": 3, "length": 2}], "weapon": []}}, {"sentence": "\u7f8e\u5a92\u8f9f\u8c23\uff1a\u7167\u7247\u91cc\u7684\u662f\u7f8e\u519b", "events": [], "arguments": {"time": [], "loc": [], "country": [{"text": "\u7f8e", "offset": 0, "length": 1}, {"text": "\u7f8e", "offset": 10, "length": 1}], "weapon": []}}, {"sentence": "\u3010\u73af\u7403\u7f51\u62a5\u9053 \u8bb0\u8005 \u5f90\u7490\u660e\u3011", "events": [], "arguments": {"time": [], "loc": [], "country": [], "weapon": []}}, {"sentence": "\u8fd1\u65e5\u4e00\u540d\u62e5\u6709\u8fd15\u4e07\u540d\u7c89\u4e1d\u7684\u63a8\u7279\u8d26\u6237\u53d1\u5e03\u4e86\u4e00\u5219\u8c23\u8a00\uff0c\u58f0\u79f0\u5728\u7f8e\u56fd\u7f05\u56e0\u5dde\u4e0e\u52a0\u62ff\u5927\u8fb9\u5883\u6709\u6570\u4ee5\u4e07\u8ba1\u7684\u4e2d\u56fd\u519b\u961f\u5728\u6b64\u96c6\u7ed3\uff0c\u8fd8\u79f0\u4e2d\u56fd\u51fb\u843d\u4e86\u7f8e\u56fd\u6218\u6597\u673a\uff0c\u7f8e\u5a92\u7acb\u5373\u5bf9\u8fd9\u4e00\u5047\u6d88\u606f\u8fdb\u884c\u4e86\u8f9f\u8c23\u3002", "events": [], "arguments": {"time": [], "loc": [], "country": [{"text": "\u7f8e\u56fd", "offset": 28, "length": 2}, {"text": "\u52a0\u62ff\u5927", "offset": 34, "length": 3}, {"text": "\u4e2d\u56fd", "offset": 45, "length": 2}, {"text": "\u4e2d\u56fd", "offset": 56, "length": 2}, {"text": "\u7f8e\u56fd", "offset": 61, "length": 2}], "weapon": [{"text": "\u7f8e\u56fd\u6218\u6597\u673a", "offset": 61, "length": 5}]}}, {"sentence": "\u636e\u7f8e\u56fd\u300a\u519b\u961f\u65f6\u62a5\u300b12\u670816\u65e5\u62a5\u9053\uff0c\u8fd1\u65e5\u4e00\u4e2a\u62e5\u6709\u8fd15\u4e07\u7c89\u4e1d\u7684\u63a8\u7279\u8d26\u6237\u6563\u5e03\u6d88\u606f\u79f0\uff0c\u6570\u4ee5\u4e07\u8ba1\u7684\u4e2d\u56fd\u519b\u961f\u6b63\u5728\u7f8e\u56fd\u7f05\u56e0\u5dde\u4e0e\u52a0\u62ff\u5927\u8fb9\u5883\u96c6\u7ed3\u96c6\u7ed3\uff0c\u8fd8\u58f0\u79f0\u4e0a\u5468\u5728\u5bc6\u6b47\u6839\u5dde\u5760\u6bc1\u7684F-16\u6218\u6597\u673a\u5c31\u662f\u88ab\u4e2d\u56fd\u51fb\u843d\u7684\u3002", "events": [], "arguments": {"time": [], "loc": [], "country": [{"text": "\u7f8e\u56fd", "offset": 1, "length": 2}, {"text": "\u4e2d\u56fd", "offset": 45, "length": 2}, {"text": "\u7f8e\u56fd", "offset": 51, "length": 2}, {"text": "\u52a0\u62ff\u5927", "offset": 57, "length": 3}, {"text": "\u4e2d\u56fd", "offset": 90, "length": 2}], "weapon": [{"text": "F-16\u6218\u6597\u673a", "offset": 80, "length": 7}]}}, {"sentence": "\u7f51\u7edc\u4e0a\u6d41\u4f20\u7684\u201c\u4e2d\u56fd\u519b\u961f\u5728\u7f8e\u52a0\u8fb9\u5883\u96c6\u7ed3\u201d\u7167\u7247\u5b9e\u9645\u4e0a\u662f\u7f8e\u519b\u88c5\u5907\u8fdb\u884c\u8f6c\u8fd0\u7684\u753b\u9762", "events": [], "arguments": {"time": [], "loc": [], "country": [{"text": "\u4e2d\u56fd", "offset": 7, "length": 2}], "weapon": []}}, {"sentence": "\u5bf9\u4e8e\u8fd9\u4e00\u6d88\u606f\uff0c\u300a\u519b\u961f\u65f6\u62a5\u300b\u8fdb\u884c\u4e86\u8f9f\u8c23\uff1a\u7f05\u56e0\u5dde\u8fb9\u5883\u6ca1\u6709\u4e2d\u56fd\u519b\u961f\uff0c\u800c\u4e14\u8fd9\u79cd\u9634\u8c0b\u8bba\u7684\u80e1\u8a00\u4e71\u8bed\u4e00\u70b9\u4e5f\u4e0d\u597d\u7b11\u3002", "events": [], "arguments": {"time": [], "loc": [], "country": [{"text": "\u4e2d\u56fd", "offset": 26, "length": 2}], "weapon": []}}, {"sentence": "\u62a5\u9053\u79f0\uff0c\u63a8\u7279\u7528\u6237@stormis_us\u53d1\u8868\u8d34\u6587\u8bf4\uff1a\u201c\u5bc6\u6b47\u6839\u5dde\u4e0a\u7a7a\u4e00\u67b6F-16\u6218\u6597\u673a\u88ab\u51fb\u843d\uff0c\u6211\u73b0\u5728\u76f8\u4fe1\uff0c\u67095\u4e07\u540d\u4e2d\u56fd\u58eb\u5175\u88ab\u70b8\u5f39\u70b8\u6b7b\uff0c\u5c31\u5728\u7f8e\u56fd\u7f05\u56e0\u5dde\u548c\u52a0\u62ff\u5927\u8fb9\u5883\u3002", "events": [], "arguments": {"time": [], "loc": [], "country": [{"text": "\u4e2d\u56fd", "offset": 55, "length": 2}, {"text": "\u7f8e\u56fd", "offset": 67, "length": 2}, {"text": "\u52a0\u62ff\u5927", "offset": 73, "length": 3}], "weapon": [{"text": "F-16\u6218\u6597\u673a", "offset": 34, "length": 7}]}}, {"sentence": "\u201d\u8fd9\u4e9b\u4fe1\u606f\u867d\u7136\u770b\u8d77\u6765\u5f88\u6ed1\u7a3d\uff0c\u4f46\u5b83\u6807\u6ce8\u4e86\u201c\u771f\u76f8\u548c\u4e8b\u5b9e\u201d\u8fd9\u6837\u7684\u5b57\u773c\uff0c\u8fd8\u6253\u4e0a\u4e86\u5404\u79cd\u6807\u7b7e\uff0c\u52a0\u4e0a\u8be5\u8d26\u53f7\u6709\u8fd15\u4e07\u540d\u7c89\u4e1d\uff0c\u4f7f\u5f97\u5f88\u591a\u4eba\u4fe1\u4ee5\u4e3a\u771f\u3002", "events": [], "arguments": {"time": [], "loc": [], "country": [], "weapon": []}}, {"sentence": "\u62a5\u9053\u63ed\u793a\u4e86\u8fd9\u5219\u8c23\u8a00\u7684\u4e24\u5904\u660e\u663e\u9519\u8bef\u3002", "events": [], "arguments": {"time": [], "loc": [], "country": [], "weapon": []}}, {"sentence": "\u9996\u5148\u662f\u52a0\u62ff\u5927\u5883\u5185\u6ca1\u6709\u4e2d\u56fd\u519b\u961f\uff1b\u5176\u6b21\u662f\u5760\u6bc1\u7684F-16\u6218\u6597\u673a\u6765\u81ea\u5a01\u65af\u5eb7\u661f\u5dde\uff0c\u662f\u5728\u4f8b\u884c\u8bad\u7ec3\u4efb\u52a1\u4e2d\u5760\u6bc1\u7684\uff0c\u800c\u4e0d\u662f\u88ab\u51fb\u843d\u3002", "events": [], "arguments": {"time": [], "loc": [], "country": [{"text": "\u52a0\u62ff\u5927", "offset": 3, "length": 3}, {"text": "\u4e2d\u56fd", "offset": 10, "length": 2}], "weapon": [{"text": "F-16\u6218\u6597\u673a", "offset": 21, "length": 7}]}}, {"sentence": "\u5bf9\u4e8e\u8fd9\u5219\u8c23\u8a00\u7f05\u56e0\u5dde\u5f53\u5730\u5b98\u5458\u4e5f\u8fdb\u884c\u4e86\u8f9f\u8c23\u3002", "events": [], "arguments": {"time": [], "loc": [], "country": [], "weapon": []}}, {"sentence": "\u7f05\u56e0\u5dde\u6770\u514b\u66fc\u9547\u5b98\u5458\u7ef4\u591a\u5229\u4e9a\u00b7D\u00b7\u798f\u514b\u65af\u8bf4\uff1a\u201c\u8fd1\u671f\u5728\u6770\u514b\u66fc\u9547\u91cc\u8fd8\u6709\u9644\u8fd1\u90fd\u6ca1\u6709\u53d1\u751f\u8fc7\u519b\u4e8b\u51b2\u7a81\u3002", "events": [], "arguments": {"time": [], "loc": [], "country": [], "weapon": []}}, {"sentence": "\u201d\u7f05\u56e0\u5dde\u56fd\u6c11\u8b66\u536b\u961f\u53d1\u8a00\u4eba\u3001\u9646\u519b\u5c11\u6821\u5361\u5c14\u00b7\u5170\u59c6\u5728\u56de\u7b54\u662f\u5426\u6709\u4e2d\u56fd\u519b\u961f\u9a7b\u624e\u5728\u7f8e\u52a0\u8fb9\u5883\u65f6\u8bf4\uff1a\u201c\u7f05\u56e0\u5dde\u56fd\u6c11\u8b66\u536b\u961f\u5e76\u4e0d\u77e5\u9053\u6709\u8fd9\u6837\u7684\u90e8\u961f\u8c03\u52a8\u3002", "events": [], "arguments": {"time": [], "loc": [], "country": [{"text": "\u4e2d\u56fd", "offset": 28, "length": 2}], "weapon": []}}, {"sentence": "\u201d", "events": [], "arguments": {"time": [], "loc": [], "country": [], "weapon": []}}, {"sentence": "\u5bf9\u4e8e\u8c23\u8a00\u4e2d\u5f15\u7528\u7684\u201c\u8bc1\u636e\u201d\u2014\u2014\u4e00\u5f20\u8fd0\u8f7d\u69b4\u5f39\u70ae\u7684\u706b\u8f66\u5728\u7f05\u56e0\u5dde\u884c\u9a76\u7684\u7167\u7247\uff0c\u7f8e\u5a92\u4e5f\u8f9f\u8c23\u8bf4\u8be5\u7167\u7247\u62cd\u6444\u4e8e\u4eca\u5e7410\u6708\uff0c\u5b9e\u9645\u4e0a\u662f\u7f8e\u519b\u88c5\u5907\u8fdb\u884c\u8f6c\u79fb\u7684\u753b\u9762\u3002", "events": [], "arguments": {"time": [], "loc": [], "country": [], "weapon": [{"text": "\u69b4\u5f39\u70ae", "offset": 18, "length": 3}, {"text": "\u706b\u8f66", "offset": 22, "length": 2}]}}, {"sentence": "\u5170\u59c6\u56de\u5e94\u8bf4\uff1a\u201c\u7f05\u56e0\u5dde\u519b\u4e8b\u7ba1\u7406\u90e8\u95e8\u6b64\u524d\u4e00\u76f4\u5728\u627f\u62c5\u8fd9\u4e9b\u69b4\u5f39\u70ae\u7684\u7ef4\u4fee\u5de5\u4f5c\uff0c\u4f46\u8fd9\u4e9b\u5de5\u4f5c\u5df2\u4e8e\u4e24\u5e74\u524d\u7ed3\u675f\u3002", "events": [], "arguments": {"time": [], "loc": [], "country": [], "weapon": [{"text": "\u69b4\u5f39\u70ae", "offset": 25, "length": 3}]}}, {"sentence": "\u6700\u8fd1\u8054\u90a6\u653f\u5e9c\u51b3\u5b9a\u5c06\u8fd9\u4e9b\u706b\u70ae\u8f6c\u79fb\u51fa\u7f05\u56e0\u5dde\uff0c\u5c06\u8fd9\u4e9b\u88c5\u5907\u8fd0\u8f93\u5230\u96f7\u65af\u514b\u5c9b\uff0c\u91c7\u7528\u7684\u662f\u94c1\u8def\u8fd0\u8f93\u7684\u65b9\u5f0f\u3002", "events": [], "arguments": {"time": [], "loc": [], "country": [], "weapon": [{"text": "\u706b\u70ae", "offset": 11, "length": 2}]}}, {"sentence": "\u201d", "events": [], "arguments": {"time": [], "loc": [], "country": [], "weapon": []}}, {"sentence": "\u62a5\u9053\u79f0\uff0c\u4e00\u4e9b\u4fe1\u606f\u5b89\u5168\u9886\u57df\u7684\u4e13\u5bb6\u8868\u793a\uff0c\u5c3d\u7ba1\u4e2d\u56fd\u519b\u961f\u51fa\u73b0\u5728\u52a0\u62ff\u5927\u8fd9\u79cd\u8bf4\u6cd5\u5145\u6ee1\u4e86\u5e7b\u60f3\uff0c\u4f46\u8fd9\u7c7b\u865a\u5047\u4fe1\u606f\u672c\u8eab\u624d\u662f\u771f\u6b63\u7684\u5a01\u80c1\u3002", "events": [], "arguments": {"time": [], "loc": [], "country": [{"text": "\u4e2d\u56fd", "offset": 20, "length": 2}, {"text": "\u52a0\u62ff\u5927", "offset": 27, "length": 3}], "weapon": []}}, {"sentence": "\u201c\u4ece\u67d0\u79cd\u610f\u4e49\u4e0a\u6765\u8bf4\uff0c\u8fd9\u5c31\u662f\u4fe1\u606f\u6218\uff0c\u201d\u7f8e\u56fd\u9000\u5f79\u6d77\u519b\u4e0a\u6821\u6234\u592b\u00b7\u62c9\u6f58\u8fd9\u6837\u8bf4\uff0c\u4ed6\u66fe\u5728\u7f8e\u56fd\u56fd\u9632\u90e8\u548c\u56fd\u571f\u5b89\u5168\u90e8\u7b49\u591a\u4e2a\u90e8\u95e8\u4efb\u804c\u3002", "events": [], "arguments": {"time": [], "loc": [], "country": [{"text": "\u7f8e\u56fd", "offset": 18, "length": 2}, {"text": "\u7f8e\u56fd", "offset": 38, "length": 2}], "weapon": []}}, {"sentence": "\u201c\u8fd9\u5c31\u662f\u6211\u4eec\u901a\u5e38\u5904\u7406\u7684\u6765\u81ea\u6211\u4eec\u5bf9\u624b\u7684\u8fd9\u4e9b\u4e8b\u60c5\u3002", "events": [], "arguments": {"time": [], "loc": [], "country": [], "weapon": []}}, {"sentence": "\u8c01\u77e5\u9053\u5462\uff0c\u5176\u4e2d\u4e00\u4e9b\u53ef\u80fd\u5c31\u662f\u6211\u4eec\u7684\u5bf9\u624b\u5236\u9020\u51fa\u6765\u7684\u3002", "events": [], "arguments": {"time": [], "loc": [], "country": [], "weapon": []}}, {"sentence": "\u201d", "events": [], "arguments": {"time": [], "loc": [], "country": [], "weapon": []}}, {"sentence": "\u7f8e\u56fd\u4e24\u515a\u653f\u7b56\u4e2d\u5fc3\u901a\u8baf\u90e8\u95e8\u526f\u603b\u7ecf\u7406\u62c9\u6f58\u5219\u8868\u793a\uff1a\u201c\u5728\u5f53\u524d\u7684\u73af\u5883\u4e0b\uff0c\u6211\u4eec\u5927\u5bb6\u90fd\u7f3a\u4e4f\u4fe1\u4efb\u3002", "events": [], "arguments": {"time": [], "loc": [], "country": [{"text": "\u7f8e\u56fd", "offset": 0, "length": 2}], "weapon": []}}, {"sentence": "\u5728\u6700\u8fd1\u7f8e\u56fd\u5404\u5730\u7684\u9a9a\u4e71\u4e2d\uff0c\u6709\u6240\u8c13\u7684\u6c11\u5175\u7ec4\u7ec7\u548c\u6267\u6cd5\u4eba\u5458\u6253\u626e\u6210\u519b\u4eba\u7684\u6837\u5b50\uff0c\u52a0\u5267\u4e86\u8fd9\u79cd\u4e0d\u4fe1\u4efb\u3002", "events": [], "arguments": {"time": [], "loc": [], "country": [{"text": "\u7f8e\u56fd", "offset": 3, "length": 2}], "weapon": []}}, {"sentence": "\u6c11\u4f17\u4eec\u6709\u8fd9\u6837\u7684\u4e00\u79cd\u611f\u89c9\uff0c\u7f8e\u519b\u6b63\u5728\u505a\u4e00\u4e9b\u5b9e\u9645\u4e0a\u4ed6\u4eec\u5e76\u6ca1\u6709\u505a\u7684\u4e8b\u3002", "events": [], "arguments": {"time": [], "loc": [], "country": [{"text": "\u7f8e", "offset": 12, "length": 1}], "weapon": []}}, {"sentence": "\u201d", "events": [], "arguments": {"time": [], "loc": [], "country": [], "weapon": []}}]