[{"sentence": "\u6b27\u76df\u519b\u8230\u62e6\u622a\u5f00\u5f80\u5229\u6bd4\u4e9a\u5546\u8239\u00a0\u79f0\u5176\u8fdd\u53cd\u8054\u5408\u56fd\u6b66\u5668\u7981\u8fd0\u4ee4", "events": [{"trigger": {"text": "\u62e6\u622a", "offset": 4, "length": 2}, "subject": {"text": "\u6b27\u76df\u519b\u8230", "offset": 0, "length": 4}, "object": {"text": "\u5f00\u5f80\u5229\u6bd4\u4e9a\u5546\u8239", "offset": 6, "length": 7}}], "arguments": {"time": [], "loc": [], "country": [{"text": "\u5229\u6bd4\u4e9a", "offset": 8, "length": 3}, {"text": "\u6b27\u76df", "offset": 0, "length": 2}], "weapon": [{"text": "\u519b\u8230", "offset": 2, "length": 2}]}}, {"sentence": "\u3010\u73af\u7403\u7f51\u62a5\u9053 \u8bb0\u8005 \u9a6c\u5ca9\u3011", "events": [], "arguments": {"time": [], "loc": [], "country": [], "weapon": []}}, {"sentence": "\u636e\u300a\u4e2d\u4e1c\u7bb4\u8a00\u300b\u7f51\u7ad99\u670810\u65e5\u62a5\u9053\uff0c\u4e00\u8258\u6b27\u76df\u519b\u8230\u5f53\u5929\u62e6\u622a\u4e86\u4e00\u8258\u4ece\u963f\u8054\u914b\u5f00\u5f80\u5229\u6bd4\u4e9a\u7684\u8f7d\u6709\u822a\u7a7a\u71c3\u6cb9\u7684\u8f6e\u8239\uff0c\u6000\u7591\u8be5\u8239\u8fdd\u53cd\u4e86\u8054\u5408\u56fd\u7684\u6b66\u5668\u7981\u8fd0\u4ee4\u3002", "events": [{"trigger": {"text": "\u62e6\u622a", "offset": 25, "length": 2}, "subject": {"text": "\u6b27\u76df\u519b\u8230", "offset": 19, "length": 4}, "object": {"text": "\u4e00\u8258\u4ece\u963f\u8054\u914b\u5f00\u5f80\u5229\u6bd4\u4e9a\u7684\u8f7d\u6709\u822a\u7a7a\u71c3\u6cb9\u7684\u8f6e\u8239", "offset": 28, "length": 21}}], "arguments": {"time": [{"text": "9\u670810\u65e5", "offset": 9, "length": 5}], "loc": [{"text": "\u5229\u6bd4\u4e9a", "offset": 36, "length": 3}], "country": [{"text": "\u6b27\u76df", "offset": 19, "length": 2}, {"text": "\u963f\u8054\u914b", "offset": 31, "length": 3}, {"text": "\u5229\u6bd4\u4e9a", "offset": 36, "length": 3}], "weapon": [{"text": "\u6b27\u76df\u519b\u8230", "offset": 19, "length": 4}, {"text": "\u8f6e\u8239", "offset": 47, "length": 2}]}}, {"sentence": "\u62a5\u9053\u79f0\uff0c\u76ee\u524d\u540d\u53eb\u201c\u4f0a\u91cc\u5c3c\u201d\u7684\u6b27\u76df\u519b\u56e2\u6b63\u5728\u5730\u4e2d\u6d77\u91c7\u53d6\u884c\u52a8\uff0c\u963b\u6b62\u6b66\u5668\u8fdb\u5165\u5229\u6bd4\u4e9a\u4ea4\u6218\u53cc\u65b9\u3002", "events": [{"trigger": {"text": "\u91c7\u53d6\u884c\u52a8", "offset": 23, "length": 4}, "subject": {"text": "\u201c\u4f0a\u91cc\u5c3c\u201d\u7684\u6b27\u76df\u519b\u56e2", "offset": 8, "length": 10}, "object": {"text": "\u5730\u4e2d\u6d77", "offset": 20, "length": 3}}, {"trigger": {"text": "\u91c7\u53d6\u884c\u52a8", "offset": 23, "length": 4}, "subject": {"text": "\u201c\u4f0a\u91cc\u5c3c\u201d\u7684\u6b27\u76df\u519b\u56e2", "offset": 8, "length": 10}, "object": {"text": "\u5730\u4e2d\u6d77", "offset": 20, "length": 3}}, {"trigger": {"text": "\u963b\u6b62", "offset": 28, "length": 2}, "subject": {"text": "\u201c\u4f0a\u91cc\u5c3c\u201d\u7684\u6b27\u76df\u519b\u56e2", "offset": 8, "length": 10}, "object": {"text": "\u6b66\u5668\u8fdb\u5165\u5229\u6bd4\u4e9a\u4ea4\u6218\u53cc\u65b9", "offset": 30, "length": 11}}], "arguments": {"time": [], "loc": [{"text": "\u5730\u4e2d\u6d77", "offset": 20, "length": 3}, {"text": "\u5229\u6bd4\u4e9a", "offset": 34, "length": 3}], "country": [{"text": "\u5229\u6bd4\u4e9a", "offset": 34, "length": 3}, {"text": "\u6b27\u76df", "offset": 14, "length": 2}], "weapon": []}}, {"sentence": "\u8be5\u519b\u56e2\u7684\u4e00\u4efd\u58f0\u660e\u8bf4\uff0c\u9ece\u660e\u521a\u8fc7\uff0c\u4e00\u8258\u5fb7\u56fd\u62a4\u536b\u8230\u5728\u4e00\u8258\u610f\u5927\u5229\u62a4\u536b\u8230\u7684\u652f\u6301\u4e0b\uff0c\u5728\u5229\u6bd4\u4e9a\u6e2f\u53e3\u57ce\u5e02\u5fb7\u5c14\u7eb3\u4ee5\u5317150\u516c\u91cc\u7684\u56fd\u9645\u6c34\u57df\u62e6\u622a\u4e86\u5546\u8239\u201c\u7687\u5bb6\u94bb\u77f37\u53f7\u201d\u3002", "events": [{"trigger": {"text": "\u62e6\u622a", "offset": 59, "length": 2}, "subject": {"text": "\u5fb7\u56fd\u62a4\u536b\u8230", "offset": 17, "length": 5}, "object": {"text": "\u5546\u8239\u201c\u7687\u5bb6\u94bb\u77f37\u53f7\u201d", "offset": 62, "length": 10}}], "arguments": {"time": [], "loc": [{"text": "\u5229\u6bd4\u4e9a\u6e2f\u53e3\u57ce\u5e02\u5fb7\u5c14\u7eb3\u4ee5\u5317150\u516c\u91cc\u7684\u56fd\u9645\u6c34\u57df", "offset": 37, "length": 22}], "country": [{"text": "\u5fb7\u56fd", "offset": 17, "length": 2}, {"text": "\u610f\u5927\u5229", "offset": 25, "length": 3}, {"text": "\u5229\u6bd4\u4e9a", "offset": 37, "length": 3}], "weapon": [{"text": "\u5fb7\u56fd\u62a4\u536b\u8230", "offset": 17, "length": 5}, {"text": "\u610f\u5927\u5229\u62a4\u536b\u8230", "offset": 25, "length": 6}, {"text": "\u62a4\u536b\u8230", "offset": 19, "length": 3}, {"text": "\u62a4\u536b\u8230", "offset": 28, "length": 3}, {"text": "\u201c\u7687\u5bb6\u94bb\u77f37\u53f7\u201d", "offset": 64, "length": 8}]}}, {"sentence": "\u8be5\u58f0\u660e\u79f0\uff0c\u201c\u7687\u5bb6\u94bb\u77f37\u53f7\u201d\u4ece\u963f\u8054\u914b\u6c99\u8fe6\u6e2f\u51fa\u53d1\uff0c\u76ee\u7684\u5730\u662f\u5229\u6bd4\u4e9a\u73ed\u52a0\u897f\uff0c\u8239\u4e0a\u7684\u822a\u7a7a\u71c3\u6cb9\u53ef\u4ee5\u7528\u4e8e\u519b\u4e8b\u76ee\u7684\u3002", "events": [], "arguments": {"time": [], "loc": [{"text": "\u963f\u8054\u914b\u6c99\u8fe6\u6e2f", "offset": 14, "length": 6}, {"text": "\u5229\u6bd4\u4e9a\u73ed\u52a0\u897f", "offset": 27, "length": 6}], "country": [{"text": "\u963f\u8054\u914b", "offset": 14, "length": 3}, {"text": "\u5229\u6bd4\u4e9a", "offset": 27, "length": 3}], "weapon": [{"text": "\u201c\u7687\u5bb6\u94bb\u77f37\u53f7\u201d", "offset": 5, "length": 8}]}}, {"sentence": "\u76ee\u524d\uff0c\u8fd9\u8258\u5546\u8239\u5df2\u88ab\u8f6c\u79fb\u5230\u4e00\u4e2a\u79d8\u5bc6\u7684\u6b27\u76df\u56fd\u5bb6\u6e2f\u53e3\uff0c\u4ee5\u8fdb\u884c\u8fdb\u4e00\u6b65\u68c0\u67e5\u3002", "events": [{"trigger": {"text": "\u8f6c\u79fb\u5230", "offset": 9, "length": 3}, "subject": {"text": "\u5546\u8239", "offset": 5, "length": 2}, "object": {"text": "\u4e00\u4e2a\u79d8\u5bc6\u7684\u6b27\u76df\u56fd\u5bb6\u6e2f\u53e3", "offset": 12, "length": 11}}], "arguments": {"time": [], "loc": [{"text": "\u6b27\u76df\u56fd\u5bb6\u6e2f\u53e3", "offset": 17, "length": 6}], "country": [{"text": "\u6b27\u76df\u56fd\u5bb6", "offset": 17, "length": 4}, {"text": "\u6b27\u76df", "offset": 17, "length": 2}], "weapon": []}}]