[{"sentence": "\u201c\u786b\u78fa\u77f3\u201d\u5bfc\u5f39\u7f55\u89c1\u4e0e\u5730\u9762\u8f66\u8f86\u7ed3\u5408\u00a0\u5c06\u88c5\u5907\u6ce2\u5170\u9646\u519b", "events": [{"trigger": {"text": "\u88c5\u5907", "offset": 18, "length": 2}, "subject": {"text": "\u201c\u786b\u78fa\u77f3\u201d\u5bfc\u5f39", "offset": 0, "length": 7}, "object": {"text": "\u6ce2\u5170\u9646\u519b", "offset": 20, "length": 4}}], "arguments": {"time": [], "loc": [], "country": [{"text": "\u6ce2\u5170", "offset": 20, "length": 2}], "weapon": [{"text": "\u201c\u786b\u78fa\u77f3\u201d\u5bfc\u5f39", "offset": 0, "length": 7}]}}, {"sentence": "\u3010\u73af\u7403\u7f51\u62a5\u9053 \u8bb0\u8005 \u9a6c\u5ca9\u3011", "events": [], "arguments": {"time": [], "loc": [], "country": [], "weapon": []}}, {"sentence": "\u636e\u201c\u9646\u519b\u60c5\u62a5\u201d\u7f519\u67089\u65e5\u62a5\u9053\uff0c\u5728\u6ce2\u5170\u4e3e\u884c\u7684MSPO 2020\u56fd\u9645\u9632\u52a1\u5c55\u89c8\u4f1a\u4e0a\uff0c\u6b27\u6d32\u5bfc\u5f39\u96c6\u56e2\u5c55\u793a\u4e86\u4e00\u6b3e\u65b0\u6982\u5ff5\u7684\u53cd\u5766\u514b\u5bfc\u5f39\u53d1\u5c04\u8f66\uff0c\u8fd9\u6b3e\u8f66\u662f\u7531\u6ce2\u5170\u5236\u9020\u7684\u5c65\u5e26\u5f0f\u6216\u8f6e\u5f0f\u88c5\u7532\u8f66\u642d\u8f7d\u201c\u786b\u78fa\u77f3\u201d\u53cd\u5766\u514b\u5bfc\u5f39\u3002", "events": [{"trigger": {"text": "\u5c55\u793a", "offset": 45, "length": 2}, "subject": {"text": "\u6b27\u6d32\u5bfc\u5f39\u96c6\u56e2", "offset": 39, "length": 6}, "object": {"text": "\u4e00\u6b3e\u65b0\u6982\u5ff5\u7684\u53cd\u5766\u514b\u5bfc\u5f39\u53d1\u5c04\u8f66", "offset": 48, "length": 14}}], "arguments": {"time": [{"text": "9\u67089\u65e5", "offset": 8, "length": 4}], "loc": [{"text": "\u6ce2\u5170\u4e3e\u884c\u7684MSPO 2020\u56fd\u9645\u9632\u52a1\u5c55\u89c8\u4f1a", "offset": 16, "length": 21}], "country": [{"text": "\u6ce2\u5170", "offset": 68, "length": 2}, {"text": "\u6ce2\u5170", "offset": 16, "length": 2}, {"text": "\u6b27\u6d32", "offset": 39, "length": 2}], "weapon": [{"text": "\u53cd\u5766\u514b\u5bfc\u5f39\u53d1\u5c04\u8f66", "offset": 54, "length": 8}, {"text": "\u5c65\u5e26\u5f0f\u6216\u8f6e\u5f0f\u88c5\u7532\u8f66", "offset": 73, "length": 9}, {"text": "\u201c\u786b\u78fa\u77f3\u201d\u53cd\u5766\u514b\u5bfc\u5f39", "offset": 84, "length": 10}]}}, {"sentence": "\u7531\u6b27\u6d32\u5bfc\u5f39\u96c6\u56e2\u5f00\u53d1\u7684\u201c\u786b\u78fa\u77f3\u201d\u5bfc\u5f39\u662f\u82f1\u56fd\u7a7a\u519b\u4f7f\u7528\u7684\u7a7a\u5bf9\u5730\u5bfc\u5f39\uff0c\u5b83\u62e5\u6709\u201c\u4e32\u8054\u9525\u5f62\u88c5\u836f\u201d\u5f39\u5934\uff0c\u5176\u524d\u90e8\u5c11\u91cf\u70b8\u836f\u7528\u4e8e\u5f15\u7206\u5766\u514b\u7684\u53cd\u5e94\u88c5\u7532\uff0c\u540e\u90e8\u88c5\u6709\u66f4\u591a\u3001\u66f4\u5177\u7834\u574f\u6027\u7684\u70b8\u836f\uff0c\u7528\u4e8e\u7a7f\u900f\u548c\u51fb\u6bc1\u57fa\u7840\u88c5\u7532\u3002", "events": [], "arguments": {"time": [], "loc": [], "country": [{"text": "\u82f1\u56fd", "offset": 18, "length": 2}, {"text": "\u6b27\u6d32", "offset": 1, "length": 2}], "weapon": [{"text": "\u201c\u786b\u78fa\u77f3\u201d\u5bfc\u5f39", "offset": 10, "length": 7}, {"text": "\u7a7a\u5bf9\u5730\u5bfc\u5f39", "offset": 25, "length": 5}]}}, {"sentence": "\u201c\u786b\u78fa\u77f3\u201d\u5bfc\u5f39\u91cd\u91cf\u4ec550\u516c\u65a4\uff0c\u5177\u6709\u5148\u8fdb\u7684\u53cc\u6a21\u201c\u6beb\u7c73\u6ce2/\u534a\u4e3b\u52a8\u6fc0\u5149\u201d\u5bfc\u5f15\u5934\uff0c\u53ef\u4ee5\u7528\u6765\u5e7f\u6cdb\u6253\u51fb\u5404\u7c7b\u76ee\u6807\uff0c\u5305\u62ec\u5728\u9646\u5730\u548c\u6d77\u6d0b\u73af\u5883\u91cc\uff0c\u4ee5\u53ca\u5728\u76f4\u63a5\u548c\u95f4\u63a5\u6a21\u5f0f\u4e0b\u5feb\u901f\u79fb\u52a8\u7684\u8f66\u8f86\u548c\u8239\u53ea\u3002", "events": [], "arguments": {"time": [], "loc": [], "country": [], "weapon": [{"text": "\u201c\u786b\u78fa\u77f3\u201d\u5bfc\u5f39", "offset": 0, "length": 7}]}}, {"sentence": "\u76ee\u524d\uff0c\u201c\u786b\u78fa\u77f3\u201d\u5bfc\u5f39\u4e3b\u8981\u5728\u6218\u6597\u673a\u548c\u76f4\u5347\u673a\u4e0a\u4f7f\u7528\uff0c\u4f46\u5b83\u4e5f\u53ef\u4ee5\u5728\u65e0\u4eba\u673a\u3001\u9646\u5730\u548c\u6d77\u4e0a\u5e73\u53f0\u4e0a\u4f7f\u7528\u3002", "events": [], "arguments": {"time": [], "loc": [], "country": [], "weapon": [{"text": "\u201c\u786b\u78fa\u77f3\u201d\u5bfc\u5f39", "offset": 3, "length": 7}, {"text": "\u6218\u6597\u673a", "offset": 13, "length": 3}, {"text": "\u76f4\u5347\u673a", "offset": 17, "length": 3}, {"text": "\u65e0\u4eba\u673a", "offset": 30, "length": 3}]}}, {"sentence": "\u6839\u636e\u6b27\u6d32\u5bfc\u5f39\u96c6\u56e2\u53d1\u5e03\u7684\u6982\u5ff5\u56fe\uff0c\u7531\u6ce2\u5170\u5236\u9020\u7684\u5c65\u5e26\u5f0f\u6216\u8f6e\u5f0f\u8f66\u8f86\u642d\u8f7d\u7740\u4e00\u4e2a\u5bfc\u5f39\u4ed3\uff0c\u4ed3\u91cc\u88c5\u6709\u516b\u679a\u53ef\u4ee5\u968f\u65f6\u53d1\u5c04\u7684\u201c\u786b\u78fa\u77f3\u201d\u5bfc\u5f39\u3002", "events": [], "arguments": {"time": [], "loc": [], "country": [{"text": "\u6ce2\u5170", "offset": 16, "length": 2}, {"text": "\u6b27\u6d32", "offset": 2, "length": 2}], "weapon": [{"text": "\u5c65\u5e26\u5f0f\u6216\u8f6e\u5f0f\u8f66\u8f86", "offset": 21, "length": 8}, {"text": "\u201c\u786b\u78fa\u77f3\u201d\u5bfc\u5f39", "offset": 51, "length": 7}]}}, {"sentence": "\u636e\u6089\uff0c\u6ce2\u5170\u9646\u519b\u5df2\u7ecf\u8ba1\u5212\u8d2d\u4e70\u8fd9\u6b3e\u53cd\u5766\u514b\u5bfc\u5f39\u53d1\u5c04\u8f66\uff0c\u7528\u4e8e\u66ff\u4ee3\u8001\u65e7\u7684\u3001\u642d\u8f7d\u6709\u7ebf\u5236\u5bfc\u5bfc\u5f39\u7684\u82cf\u5236BMP-1 \u5c65\u5e26\u5f0f\u548cBRDM-2\u8f6e\u5f0f\u53d1\u5c04\u8f66\u3002", "events": [{"trigger": {"text": "\u8ba1\u5212\u8d2d\u4e70", "offset": 9, "length": 4}, "subject": {"text": "\u6ce2\u5170\u9646\u519b", "offset": 3, "length": 4}, "object": {"text": "\u53cd\u5766\u514b\u5bfc\u5f39\u53d1\u5c04\u8f66", "offset": 15, "length": 8}}], "arguments": {"time": [], "loc": [], "country": [{"text": "\u6ce2\u5170", "offset": 3, "length": 2}], "weapon": [{"text": "\u53cd\u5766\u514b\u5bfc\u5f39\u53d1\u5c04\u8f66", "offset": 15, "length": 8}, {"text": "\u82cf\u5236BMP-1", "offset": 41, "length": 7}, {"text": "\u5c65\u5e26\u5f0f\u548cBRDM-2\u8f6e\u5f0f\u53d1\u5c04\u8f66", "offset": 49, "length": 15}, {"text": "BMP-1 \u5c65\u5e26\u5f0f\u548cBRDM-2\u8f6e\u5f0f\u53d1\u5c04\u8f66", "offset": 43, "length": 21}]}}, {"sentence": "\uff08\u5b8c\uff09", "events": [], "arguments": {"time": [], "loc": [], "country": [], "weapon": []}}, {"sentence": "\uff08\u5b8c\uff09", "events": [], "arguments": {"time": [], "loc": [], "country": [], "weapon": []}}]