[{"sentence": "\u4e2d\u56fd\u519b\u65b9\u5ba3\u5e03\u53c2\u52a0\u201c\u9ad8\u52a0\u7d22\u201d\u6218\u7565\u6f14\u4e60\uff0c\u56fd\u9632\u90e8\uff1a\u6f14\u4e60\u4e0d\u9488\u5bf9\u4efb\u4f55\u7b2c\u4e09\u65b9\uff0c\u4e0e\u5730\u533a\u5c40\u52bf\u65e0\u5173", "events": [{"trigger": {"text": "\u53c2\u52a0", "offset": 6, "length": 2}, "subject": {"text": "\u4e2d\u56fd\u519b\u65b9", "offset": 0, "length": 4}, "object": {"text": "\u201c\u9ad8\u52a0\u7d22\u201d\u6218\u7565\u6f14\u4e60", "offset": 8, "length": 9}}], "arguments": {"time": [], "loc": [], "country": [{"text": "\u4e2d\u56fd", "offset": 0, "length": 2}], "weapon": []}}, {"sentence": "\u3010\u73af\u7403\u65f6\u62a5\u8bb0\u8005 \u67f3\u7389\u9e4f\u3011", "events": [], "arguments": {"time": [], "loc": [], "country": [], "weapon": []}}, {"sentence": "\u4fc4\u7f57\u65af\u201c\u9ad8\u52a0\u7d22-2020\u201d\u9996\u957f\u53f8\u4ee4\u90e8\u6218\u7565\u5927\u6f14\u4e60\u5c06\u4e8e\u672c\u6708\u4e0a\u65ec\u5728\u4fc4\u963f\u65af\u7279\u62c9\u7f55\u5dde\u5168\u9762\u5c55\u5f00\u3002", "events": [], "arguments": {"time": [{"text": "\u672c\u6708\u4e0a\u65ec", "offset": 25, "length": 4}], "loc": [{"text": "\u4fc4\u963f\u65af\u7279\u62c9\u7f55\u5dde", "offset": 30, "length": 7}], "country": [{"text": "\u4fc4\u7f57\u65af", "offset": 0, "length": 3}], "weapon": []}}, {"sentence": "\u4fc4\u56fd\u9632\u90e8\u90e8\u957f\u7ecd\u4f0a\u53e4\u5ba3\u5e03\uff0c\u5c4a\u65f6\u5c06\u67099\u4e2a\u56fd\u5bb6\u6d3e\u519b\u4eba\u53c2\u52a0\uff0c\u540c\u65f69\u4e2a\u56fd\u5bb6\u6d3e\u51fa\u519b\u4e8b\u89c2\u5bdf\u5458\u3002", "events": [], "arguments": {"time": [], "loc": [], "country": [{"text": "\u4fc4", "offset": 0, "length": 1}], "weapon": []}}, {"sentence": "\u4e2d\u56fd\u56fd\u9632\u90e8\u5ba3\u5e03\u5c06\u6d3e\u5175\u53c2\u52a0\u3002", "events": [], "arguments": {"time": [], "loc": [], "country": [{"text": "\u4e2d\u56fd", "offset": 0, "length": 2}], "weapon": []}}, {"sentence": "\u4fc4\u4e13\u5bb6\u79f0\uff0c\u8fd9\u4e00\u6f14\u4e60\u662f\u4e3a\u4e86\u5411\u5916\u754c\u5c55\u793a\u4fc4\u7f57\u65af\u5728\u897f\u90e8\u65b9\u5411\u4fdd\u536b\u56fd\u5bb6\u5b89\u5168\u7684\u80fd\u529b\u3002", "events": [], "arguments": {"time": [], "loc": [], "country": [{"text": "\u4fc4\u7f57\u65af", "offset": 17, "length": 3}], "weapon": []}}, {"sentence": "\u4fc4\u7f57\u65af\u5854\u65af\u793e10\u65e5\u62a5\u9053\u79f0\uff0c\u7ecd\u4f0a\u53e48\u65e5\u8868\u793a\uff0c\u201c\u9ad8\u52a0\u7d22-2020\u201d\u9996\u957f\u53f8\u4ee4\u90e8\u6218\u7565\u6f14\u4e60\u5c06\u4e8e9\u670821\u65e5\u81f326\u65e5\u4e3e\u884c\u3002", "events": [{"trigger": {"text": "\u4e3e\u884c", "offset": 51, "length": 2}, "subject": {"text": "", "offset": 0, "length": 0}, "object": {"text": "\u201c\u9ad8\u52a0\u7d22-2020\u201d\u9996\u957f\u53f8\u4ee4\u90e8\u6218\u7565\u6f14\u4e60", "offset": 21, "length": 19}}], "arguments": {"time": [{"text": "10\u65e5", "offset": 6, "length": 3}, {"text": "8\u65e5", "offset": 16, "length": 2}, {"text": "9\u670821\u65e5\u81f326\u65e5", "offset": 42, "length": 9}], "loc": [], "country": [{"text": "\u4fc4\u7f57\u65af", "offset": 0, "length": 3}], "weapon": []}}, {"sentence": "\u4eca\u5e74\u5c06\u8fdb\u884c\u6b66\u88c5\u90e8\u961f\u6218\u6597\u8bad\u7ec3\u6f14\u7ec3\uff0c\u5176\u95f4\u5c06\u6f14\u7ec3\u8054\u5408\u90e8\u961f\u3001\u5175\u56e2\u548c\u5206\u961f\u5728\u53cd\u6050\u884c\u52a8\u4e2d\u8054\u5408\u6307\u6325\u548c\u89e3\u51b3\u6b66\u88c5\u51b2\u7a81\u7b49\u79d1\u76ee\u3002", "events": [], "arguments": {"time": [], "loc": [], "country": [], "weapon": []}}, {"sentence": "\u6b64\u6b21\u6f14\u4e60\u5c06\u4e3b\u8981\u5728\u5361\u666e\u65af\u4eac\u4e9a\u5c14\u548c\u963f\u8212\u5362\u514b\u9776\u573a\u4ee5\u53ca\u9ed1\u6d77\u548c\u91cc\u6d77\u6d77\u57df\u8fdb\u884c\u3002", "events": [], "arguments": {"time": [], "loc": [{"text": "\u5361\u666e\u65af\u4eac\u4e9a\u5c14\u548c\u963f\u8212\u5362\u514b\u9776\u573a", "offset": 8, "length": 13}, {"text": "\u9ed1\u6d77\u548c\u91cc\u6d77\u6d77\u57df", "offset": 23, "length": 7}], "country": [], "weapon": []}}, {"sentence": "\u4ed6\u5f3a\u8c03\uff0c\u6f14\u4e60\u5c06\u5bf9\u5357\u90e8\u519b\u533a\u4fdd\u969c\u4fc4\u897f\u5357\u90e8\u5730\u533a\u519b\u4e8b\u5b89\u5168\u7684\u80fd\u529b\u8fdb\u884c\u8bc4\u4f30\u3002", "events": [], "arguments": {"time": [], "loc": [], "country": [], "weapon": []}}, {"sentence": "\u4e2d\u56fd\u56fd\u9632\u90e8\u7f51\u7ad910\u65e5\u53d1\u5e03\u6d88\u606f\u79f0\uff0c\u6839\u636e\u4e2d\u4fc4\u53cc\u65b9\u8fbe\u6210\u7684\u5171\u8bc6\uff0c\u4e2d\u56fd\u519b\u961f\u5c06\u6d3e\u5458\u8d74\u4fc4\u7f57\u65af\u963f\u65af\u7279\u62c9\u7f55\u5dde\u53c2\u52a0\u201c\u9ad8\u52a0\u7d22-2020\u201d\u6218\u7565\u6f14\u4e60\u3002", "events": [{"trigger": {"text": "\u8d74", "offset": 35, "length": 1}, "subject": {"text": "\u4e2d\u56fd\u519b\u961f\u5c06\u6d3e\u5458", "offset": 28, "length": 7}, "object": {"text": "\u4fc4\u7f57\u65af", "offset": 36, "length": 3}}], "arguments": {"time": [{"text": "10\u65e5", "offset": 7, "length": 3}], "loc": [{"text": "\u963f\u65af\u7279\u62c9\u7f55\u5dde", "offset": 39, "length": 6}], "country": [{"text": "\u4e2d\u56fd", "offset": 28, "length": 2}, {"text": "\u4fc4\u7f57\u65af", "offset": 36, "length": 3}, {"text": "\u4e2d\u56fd", "offset": 0, "length": 2}, {"text": "\u4e2d", "offset": 18, "length": 1}, {"text": "\u4fc4", "offset": 19, "length": 1}], "weapon": []}}, {"sentence": "\u4e2d\u65b9\u53c2\u6f14\u90e8\u961f\u4ee5\u897f\u90e8\u6218\u533a\u4e3a\u4e3b\uff0c\u643a\u90e8\u5206\u8f6e\u5f0f\u88c5\u5907\u53ca\u8f7b\u6b66\u5668\uff0c\u4f7f\u7528\u4e2d\u65b9\u65b0\u578b\u8fd0\u8f93\u673a\u5b9e\u65bd\u6295\u9001\uff0c\u4e3b\u8981\u53c2\u4e0e\u6f14\u4e60\u673a\u52a8\u9632\u5fa1\u6b7c\u654c\u3001\u8054\u5408\u706b\u529b\u6253\u51fb\u3001\u7acb\u4f53\u7a81\u5165\u56f4\u6b7c\u3001\u7a33\u63a7\u6218\u573a\u5c40\u52bf\u7b49\u9636\u6bb5\u6f14\u7ec3\u3002", "events": [], "arguments": {"time": [], "loc": [], "country": [{"text": "\u4e2d\u65b9", "offset": 28, "length": 2}, {"text": "\u4e2d\u65b9", "offset": 0, "length": 2}], "weapon": [{"text": "\u8f6e\u5f0f\u88c5\u5907", "offset": 17, "length": 4}, {"text": "\u8f7b\u6b66\u5668", "offset": 22, "length": 3}, {"text": "\u65b0\u578b\u8fd0\u8f93\u673a", "offset": 30, "length": 5}, {"text": "\u8fd0\u8f93\u673a", "offset": 0, "length": 3}]}}, {"sentence": "\u4e2d\u56fd\u56fd\u9632\u90e8\u8868\u793a\uff0c\u5728\u5168\u7403\u643a\u624b\u6297\u75ab\u7684\u91cd\u8981\u65f6\u523b\uff0c\u4e2d\u65b9\u6d3e\u5458\u53c2\u6f14\u65e8\u5728\u8fdb\u4e00\u6b65\u53d1\u5c55\u4e2d\u4fc4\u65b0\u65f6\u4ee3\u5168\u9762\u6218\u7565\u534f\u4f5c\u4f19\u4f34\u5173\u7cfb\uff0c\u6df1\u5316\u4e24\u519b\u519b\u4e8b\u8bad\u7ec3\u9886\u57df\u52a1\u5b9e\u5408\u4f5c\uff0c\u63d0\u5347\u591a\u56fd\u90e8\u961f\u8054\u5408\u5e94\u5bf9\u5b89\u5168\u5a01\u80c1\u3001\u5171\u540c\u7ef4\u62a4\u5730\u533a\u548c\u5e73\u7a33\u5b9a\u7684\u80fd\u529b\u3002", "events": [], "arguments": {"time": [], "loc": [], "country": [{"text": "\u4e2d\u56fd", "offset": 0, "length": 2}, {"text": "\u4e2d\u65b9", "offset": 21, "length": 2}, {"text": "\u4fc4", "offset": 35, "length": 1}], "weapon": []}}, {"sentence": "\u6f14\u4e60\u4e0d\u9488\u5bf9\u4efb\u4f55\u7b2c\u4e09\u65b9\uff0c\u4e0e\u5730\u533a\u5c40\u52bf\u65e0\u5173\u3002", "events": [], "arguments": {"time": [], "loc": [], "country": [], "weapon": []}}, {"sentence": "\u6309\u7167\u8ba1\u5212\uff0c\u5305\u62ec\u767d\u4fc4\u7f57\u65af\u3001\u4f0a\u6717\u3001\u7f05\u7538\u548c\u5df4\u57fa\u65af\u5766\u5728\u5185\u7684\u591a\u4e2a\u56fd\u5bb6\u90fd\u5c06\u6d3e\u51fa\u672c\u56fd\u90e8\u961f\u53c2\u52a0\u3002", "events": [], "arguments": {"time": [], "loc": [], "country": [{"text": "\u767d\u4fc4\u7f57\u65af", "offset": 7, "length": 4}, {"text": "\u4f0a\u6717", "offset": 12, "length": 2}, {"text": "\u7f05\u7538", "offset": 15, "length": 2}, {"text": "\u5df4\u57fa\u65af\u5766", "offset": 18, "length": 4}], "weapon": []}}, {"sentence": "\u6b64\u524d\uff0c\u963f\u585e\u62dc\u7586\u548c\u5370\u5ea6\u5ba3\u5e03\u5c06\u4e0d\u4f1a\u6d3e\u90e8\u961f\u53c2\u52a0\u8be5\u519b\u6f14\uff0c\u53ea\u8ba1\u5212\u6d3e\u89c2\u5bdf\u5458\u51fa\u5e2d\u3002", "events": [], "arguments": {"time": [], "loc": [], "country": [{"text": "\u963f\u585e\u62dc\u7586", "offset": 3, "length": 4}, {"text": "\u5370\u5ea6", "offset": 8, "length": 2}], "weapon": []}}, {"sentence": "\u5370\u5ea6\u519b\u65b9\u539f\u8ba1\u5212\u6d3e200\u4eba\u53c2\u6f14\u3002", "events": [], "arguments": {"time": [], "loc": [], "country": [{"text": "\u5370\u5ea6", "offset": 0, "length": 2}], "weapon": []}}, {"sentence": "\u4fc4\u7f57\u65af\u8054\u90a6\u65b0\u95fb\u793e9\u65e5\u62a5\u9053\u79f0\uff0c\u672c\u6708\u521d\uff0c\u4fc4\u5357\u90e8\u519b\u533a\u53d1\u8a00\u4eba\u79f0\uff0c\u8be5\u519b\u533a\u7684\u5bfc\u5f39\u90e8\u961f\u548c\u70ae\u51758000\u591a\u540d\u519b\u4eba\u53ca\u6b66\u5668\u88c5\u5907\u5f00\u59cb\u4e3a\u201c\u9ad8\u52a0\u7d22-2020\u201d\u6218\u7565\u5927\u6f14\u4e60\u505a\u51c6\u5907\u3002", "events": [], "arguments": {"time": [{"text": "9\u65e5", "offset": 8, "length": 2}], "loc": [], "country": [{"text": "\u4fc4\u7f57\u65af", "offset": 0, "length": 3}], "weapon": []}}, {"sentence": "\u636e\u6089\uff0c\u6b64\u6b21\u5927\u6f14\u4e60\u5305\u62ec\u6765\u81ea\u5916\u56fd\u519b\u4eba\u5728\u5185\uff0c\u5171\u5c06\u670910\u4e07\u81f312\u4e07\u540d\u519b\u4eba\u53c2\u52a0\u6f14\u4e60\uff0c\u5c06\u52a8\u7528\u7ea63000\u8f86\u88c5\u7532\u6218\u8f66\u3001500\u8f86\u5766\u514b\u3001300\u67b6\u98de\u673a\u3001250\u67b6\u76f4\u5347\u673a\u300150\u8258\u8230\u53ea\u548c5\u8258\u6f5c\u8247\u3002", "events": [], "arguments": {"time": [], "loc": [], "country": [], "weapon": [{"text": "\u88c5\u7532\u6218\u8f66", "offset": 46, "length": 4}, {"text": "\u5766\u514b", "offset": 55, "length": 2}, {"text": "\u8258\u8230", "offset": 75, "length": 2}, {"text": "\u6f5c\u8247", "offset": 81, "length": 2}, {"text": "\u98de\u673a", "offset": 62, "length": 2}, {"text": "\u76f4\u5347\u673a", "offset": 69, "length": 3}, {"text": "\u8230\u53ea", "offset": 76, "length": 2}]}}, {"sentence": "\u6b64\u524d\uff0c\u4e2d\u56fd\u8fd8\u66fe\u7ecf\u53c2\u52a0\u8fc7\u4fc4\u7f57\u65af\u4e3e\u529e\u7684\u201c\u4e1c\u65b9-2018\u201d\u6218\u7565\u5927\u6f14\u4e60\uff0c\u53c2\u6f14\u5175\u529b3000\u4f59\u4eba\uff0c\u5404\u578b\u6b66\u5668\u88c5\u5907900\u591a\u53f0\uff0c\u56fa\u5b9a\u7ffc\u98de\u673a\u548c\u76f4\u5347\u673a30\u67b6\u3002", "events": [], "arguments": {"time": [], "loc": [], "country": [{"text": "\u4e2d\u56fd", "offset": 3, "length": 2}, {"text": "\u4fc4\u7f57\u65af", "offset": 11, "length": 3}], "weapon": [{"text": "\u56fa\u5b9a\u7ffc\u98de\u673a", "offset": 55, "length": 5}, {"text": "\u76f4\u5347\u673a", "offset": 61, "length": 3}]}}]