[{"sentence": "\u4fc4\u519b\u6218\u673a\u4e00\u5929\u5185\u540c\u65f6\u5728\u9ed1\u6d77\u3001\u5df4\u4f26\u652f\u6d77\u62e6\u622a\u5317\u7ea6\u4fa6\u5bdf\u673a", "events": [{"trigger": {"text": "\u62e6\u622a", "offset": 17, "length": 2}, "subject": {"text": "\u4fc4\u519b\u6218\u673a", "offset": 0, "length": 4}, "object": {"text": "\u5317\u7ea6\u4fa6\u5bdf\u673a", "offset": 19, "length": 5}}], "arguments": {"time": [], "loc": [{"text": "\u9ed1\u6d77", "offset": 10, "length": 2}, {"text": "\u5df4\u4f26\u652f\u6d77", "offset": 13, "length": 4}], "country": [{"text": "\u4fc4", "offset": 0, "length": 1}, {"text": "\u5317\u7ea6", "offset": 19, "length": 2}], "weapon": [{"text": "\u5317\u7ea6\u4fa6\u5bdf\u673a", "offset": 19, "length": 5}, {"text": "\u4fc4\u519b\u6218\u673a", "offset": 0, "length": 4}]}}, {"sentence": "\u3010\u73af\u7403\u7f51\u519b\u4e8b\u62a5\u9053\u3011", "events": [], "arguments": {"time": [], "loc": [], "country": [], "weapon": []}}, {"sentence": "\u4fc4\u7f57\u65af\u536b\u661f\u901a\u8baf\u793e9\u670810\u65e5\u62a5\u9053\uff0c\u4fc4\u7f57\u65af\u56fd\u5bb6\u9632\u5fa1\u6307\u6325\u4e2d\u5fc3\u5f53\u5929\u53d1\u5e03\u6d88\u606f\u8868\u793a\uff0c9\u67089\u65e5\u6570\u67b6\u4fc4\u7f57\u65af\u7c73\u683c-29\u6218\u6597\u673a\u5347\u7a7a\uff0c\u5728\u5df4\u4f26\u652f\u6d77\u4e0a\u7a7a\u62e6\u622a\u4e86\u63a5\u8fd1\u4fc4\u8fb9\u754c\u7684\u632a\u5a01\u7a7a\u519b\u65e0\u7ebf\u7535\u6280\u672f\u4fa6\u5bdf\u673a\u548c\u5de1\u903b\u673a\u3002", "events": [{"trigger": {"text": "\u62e6\u622a", "offset": 63, "length": 2}, "subject": {"text": "\u4fc4\u7f57\u65af\u7c73\u683c-29\u6218\u6597\u673a", "offset": 42, "length": 11}, "object": {"text": "\u632a\u5a01\u7a7a\u519b\u65e0\u7ebf\u7535\u6280\u672f\u4fa6\u5bdf\u673a\u548c\u5de1\u903b\u673a", "offset": 72, "length": 16}}], "arguments": {"time": [{"text": "9\u670810\u65e5", "offset": 8, "length": 5}, {"text": "9\u67089\u65e5", "offset": 36, "length": 4}], "loc": [{"text": "\u5df4\u4f26\u652f\u6d77\u4e0a\u7a7a", "offset": 57, "length": 6}, {"text": "\u4fc4\u8fb9\u754c", "offset": 68, "length": 3}], "country": [{"text": "\u4fc4\u7f57\u65af", "offset": 42, "length": 3}, {"text": "\u4fc4\u7f57\u65af", "offset": 0, "length": 3}, {"text": "\u4fc4\u7f57\u65af", "offset": 16, "length": 3}, {"text": "\u632a\u5a01", "offset": 72, "length": 2}], "weapon": [{"text": "\u7c73\u683c-29\u6218\u6597\u673a", "offset": 45, "length": 8}, {"text": "\u632a\u5a01\u7a7a\u519b\u65e0\u7ebf\u7535\u6280\u672f\u4fa6\u5bdf\u673a", "offset": 72, "length": 12}, {"text": "\u5de1\u903b\u673a", "offset": 85, "length": 3}]}}, {"sentence": "\u4fc4\u519b\u65b9\u5728\u6d88\u606f\u4e2d\u8868\u793a\uff0c\u4fc4\u7f57\u65af\u7a7a\u57df\u76d1\u63a7\u8bbe\u5907\u53d1\u73b0\u5728\u5df4\u4f26\u652f\u6d77\u4e2d\u7acb\u6c34\u57df\u4e0a\u7a7a\u6709\u4e24\u4e2a\u7a7a\u4e2d\u76ee\u6807\u63a5\u8fd1\u4fc4\u8054\u90a6\u56fd\u754c\uff0c\u201c\u4e3a\u8bc6\u522b\u7a7a\u4e2d\u76ee\u6807\u5e76\u5236\u6b62\u4fb5\u72af\u4fc4\u8054\u90a6\u56fd\u754c\u7684\u60c5\u51b5\u53d1\u751f\uff0c\u4e24\u67b6\u7c73\u683c-29\u6218\u6597\u673a\u5347\u7a7a\uff0c\u8bc6\u522b\u51fa\u7a7a\u4e2d\u76ee\u6807\u4e3a\u632a\u5a01\u7a7a\u519b\u7684\u4e00\u67b6\u2018\u730e\u9e70-20\u2019\u65e0\u7ebf\u7535\u7535\u5b50\u4fa6\u5bdf\u673a\u53ca\u4e00\u67b6P-3C\u2018\u730e\u6237\u5ea7\u2019\u5de1\u903b\u673a\u3002", "events": [], "arguments": {"time": [], "loc": [{"text": "\u5df4\u4f26\u652f\u6d77\u4e2d\u7acb\u6c34\u57df\u4e0a\u7a7a", "offset": 22, "length": 10}, {"text": "\u4fc4\u8054\u90a6\u56fd\u754c", "offset": 60, "length": 5}], "country": [{"text": "\u4fc4\u7f57\u65af", "offset": 10, "length": 3}, {"text": "\u632a\u5a01", "offset": 92, "length": 2}], "weapon": [{"text": "\u7c73\u683c-29\u6218\u6597\u673a", "offset": 73, "length": 8}, {"text": "\u2018\u730e\u9e70-20\u2019\u65e0\u7ebf\u7535\u7535\u5b50\u4fa6\u5bdf\u673a", "offset": 99, "length": 15}, {"text": "P-3C\u2018\u730e\u6237\u5ea7\u2019\u5de1\u903b\u673a", "offset": 117, "length": 12}]}}, {"sentence": "\u201d", "events": [], "arguments": {"time": [], "loc": [], "country": [], "weapon": []}}, {"sentence": "\u636e\u4fc4\u7f57\u65af\u56fd\u9632\u7ba1\u7406\u4e2d\u5fc3\u8fd8\u53d1\u5e03\u6d88\u606f\u79f0\uff0c\u540c\u6837\u662f\u5728\u57289\u67089\u65e5\uff0c\u4fc4\u519b\u82cf-27\u6218\u673a\u5347\u7a7a\uff0c\u5728\u9ed1\u6d77\u4e0a\u7a7a\u62e6\u622a\u7f8e\u519b\u4fa6\u5bdf\u673a\u3002", "events": [{"trigger": {"text": "\u62e6\u622a", "offset": 43, "length": 2}, "subject": {"text": "\u4fc4\u519b\u82cf-27\u6218\u673a", "offset": 27, "length": 8}, "object": {"text": "\u7f8e\u519b\u4fa6\u5bdf\u673a", "offset": 45, "length": 5}}], "arguments": {"time": [{"text": "9\u67089\u65e5", "offset": 22, "length": 4}], "loc": [{"text": "\u9ed1\u6d77\u4e0a\u7a7a", "offset": 39, "length": 4}], "country": [{"text": "\u4fc4\u7f57\u65af", "offset": 1, "length": 3}], "weapon": [{"text": "\u7f8e\u519b\u4fa6\u5bdf\u673a", "offset": 45, "length": 5}, {"text": "\u82cf-27\u6218\u673a", "offset": 29, "length": 6}]}}, {"sentence": "\u4fc4\u56fd\u9632\u90e8\u5728\u6d88\u606f\u4e2d\u8868\u793a\uff0c\u4fc4\u7f57\u65af\u7a7a\u57df\u76d1\u63a7\u8bbe\u5907\u5728\u9ed1\u6d77\u4e2d\u7acb\u6c34\u57df\u4e0a\u7a7a\u53d1\u73b0\u4e00\u4e2a\u76ee\u6807\u6b63\u5728\u5411\u4fc4\u7f57\u65af\u8fb9\u5883\u9760\u8fd1\uff0c\u201c\u4fc4\u519b\u82cf-27\u6218\u673a\u5347\u7a7a\uff0c\u524d\u5f80\u67e5\u8bc1\u3001\u62e6\u622a\u3002", "events": [], "arguments": {"time": [], "loc": [{"text": "\u9ed1\u6d77\u4e2d\u7acb\u6c34\u57df\u4e0a\u7a7a", "offset": 21, "length": 8}, {"text": "\u4fc4\u7f57\u65af\u8fb9\u5883", "offset": 38, "length": 5}], "country": [{"text": "\u4fc4\u7f57\u65af", "offset": 38, "length": 3}, {"text": "\u4fc4\u7f57\u65af", "offset": 11, "length": 3}], "weapon": [{"text": "\u201c\u4fc4\u519b\u82cf-27\u6218\u673a", "offset": 46, "length": 9}, {"text": "\u82cf-27\u6218\u673a", "offset": 49, "length": 6}]}}, {"sentence": "\u7ecf\u67e5\u8bc1\uff0c\u76ee\u6807\u4e3a\u7f8e\u56fd\u7a7a\u519bRC-135\u6218\u7565\u4fa6\u5bdf\u673a\u3002", "events": [], "arguments": {"time": [], "loc": [], "country": [{"text": "\u7f8e\u56fd", "offset": 7, "length": 2}], "weapon": [{"text": "RC-135\u6218\u7565\u4fa6\u5bdf\u673a", "offset": 11, "length": 11}]}}, {"sentence": "\u4fc4\u519b\u6218\u673a\u968f\u5373\u5728\u9ed1\u6d77\u4e0a\u7a7a\u4f34\u98de\u7f8e\u56fd\u519b\u673a\u201d\u3002", "events": [], "arguments": {"time": [], "loc": [{"text": "\u9ed1\u6d77\u4e0a\u7a7a", "offset": 7, "length": 4}], "country": [{"text": "\u4fc4", "offset": 0, "length": 1}, {"text": "\u7f8e\u56fd", "offset": 13, "length": 2}], "weapon": [{"text": "\u6218\u673a", "offset": 2, "length": 2}, {"text": "\u519b\u673a", "offset": 15, "length": 2}]}}]