[{"sentence": "\u4f0a\u6717\u516c\u5f00\u4e24\u6b3e\u65b0\u5bfc\u5f39\uff0c\u5c04\u7a0b\u5747\u8d851000\u516c\u91cc", "events": [{"trigger": {"text": "\u516c\u5f00", "offset": 2, "length": 2}, "subject": {"text": "\u4f0a\u6717", "offset": 0, "length": 2}, "object": {"text": "\u4e24\u6b3e\u65b0\u5bfc\u5f39", "offset": 4, "length": 5}}], "arguments": {"time": [], "loc": [], "country": [{"text": "\u4f0a\u6717", "offset": 0, "length": 2}], "weapon": [{"text": "\u5bfc\u5f39", "offset": 7, "length": 2}]}}, {"sentence": "\u4f0a\u6717\u516c\u5f00\u4e24\u6b3e\u65b0\u5bfc\u5f39\uff0c\u5c04\u7a0b\u5747\u8d851000\u516c\u91cc", "events": [{"trigger": {"text": "\u516c\u5f00", "offset": 2, "length": 2}, "subject": {"text": "\u4f0a\u6717", "offset": 0, "length": 2}, "object": {"text": "\u4e24\u6b3e\u65b0\u5bfc\u5f39", "offset": 4, "length": 5}}], "arguments": {"time": [], "loc": [], "country": [{"text": "\u4f0a\u6717", "offset": 0, "length": 2}], "weapon": [{"text": "\u5bfc\u5f39", "offset": 7, "length": 2}]}}, {"sentence": "\u4e13\u5bb6\u804a\u88c5\u5907", "events": [], "arguments": {"time": [], "loc": [], "country": [], "weapon": []}}, {"sentence": "\u4f0a\u67178\u670820\u65e5\u516c\u5f00\u4e86\u4e24\u6b3e\u65b0\u578b\u5bfc\u5f39\uff0c\u4e00\u6b3e\u662f\u5c04\u7a0b1400\u516c\u91cc\u7684\u5730\u5bf9\u5730\u5f39\u9053\u5bfc\u5f39\uff0c\u540d\u4e3a\u201c\u5361\u897f\u59c6\u00b7\u82cf\u83b1\u66fc\u5c3c\u201d\uff1b\u53e6\u4e00\u6b3e\u662f\u5c04\u7a0b1000\u516c\u91cc\u7684\u5de1\u822a\u5bfc\u5f39\uff0c\u540d\u4e3a\u201c\u963f\u5e03\u00b7\u7a46\u6c49\u8fea\u65af\u201d\u3002", "events": [{"trigger": {"text": "\u516c\u5f00", "offset": 7, "length": 2}, "subject": {"text": "\u4f0a\u6717", "offset": 0, "length": 2}, "object": {"text": "\u4e24\u6b3e\u65b0\u578b\u5bfc\u5f39", "offset": 10, "length": 6}}], "arguments": {"time": [{"text": "8\u670820\u65e5", "offset": 2, "length": 5}], "loc": [], "country": [{"text": "\u4f0a\u6717", "offset": 0, "length": 2}], "weapon": [{"text": "\u5c04\u7a0b1400\u516c\u91cc\u7684\u5730\u5bf9\u5730\u5f39\u9053\u5bfc\u5f39", "offset": 20, "length": 16}, {"text": "\u5c04\u7a0b1000\u516c\u91cc\u7684\u5de1\u822a\u5bfc\u5f39", "offset": 54, "length": 13}, {"text": "\u201c\u963f\u5e03\u00b7\u7a46\u6c49\u8fea\u65af\u201d", "offset": 70, "length": 9}, {"text": "\u201c\u5361\u897f\u59c6\u00b7\u82cf\u83b1\u66fc\u5c3c\u201d", "offset": 39, "length": 10}]}}, {"sentence": "\u4e24\u6b3e\u5bfc\u5f39\u7684\u66dd\u5149\u548c\u547d\u540d\u5f15\u53d1\u5916\u754c\u7684\u666e\u904d\u5173\u6ce8\u3002", "events": [], "arguments": {"time": [], "loc": [], "country": [], "weapon": [{"text": "\u5bfc\u5f39", "offset": 2, "length": 2}]}}, {"sentence": "\u5bf9\u6b64\uff0c\u519b\u4e8b\u7814\u7a76\u5458\u5170\u987a\u6b63\u8868\u793a\uff1a\u201c\u4f0a\u6717\u65b0\u63a8\u51fa\u7684\u4e24\u6b3e\u5bfc\u5f39\u90fd\u662f\u4ee5\u70c8\u58eb\u7684\u540d\u5b57\u547d\u540d\uff0c\u5e26\u6709\u975e\u5e38\u5f3a\u70c8\u7684\u2018\u590d\u4ec7\u2019\u610f\u5473\uff0c\u80fd\u632f\u594b\u519b\u6c11\u58eb\u6c14\u3002", "events": [{"trigger": {"text": "\u547d\u540d", "offset": 33, "length": 2}, "subject": {"text": "\u4f0a\u6717", "offset": 15, "length": 2}, "object": {"text": "\u65b0\u63a8\u51fa\u7684\u4e24\u6b3e\u5bfc\u5f39", "offset": 17, "length": 8}}], "arguments": {"time": [], "loc": [], "country": [{"text": "\u4f0a\u6717", "offset": 15, "length": 2}], "weapon": [{"text": "\u5bfc\u5f39", "offset": 23, "length": 2}]}}, {"sentence": "\u5f53\u524d\uff0c\u5bf9\u4f0a\u6717\u7684\u6b66\u5668\u7981\u8fd0\u5373\u5c06\u5230\u671f\uff0c\u4f46\u7f8e\u56fd\u53c8\u60f3\u65e0\u9650\u5ef6\u671f\u5bf9\u4f0a\u6717\u7684\u6b66\u5668\u7981\u8fd0\u3002", "events": [], "arguments": {"time": [], "loc": [], "country": [{"text": "\u4f0a\u6717", "offset": 26, "length": 2}, {"text": "\u7f8e\u56fd", "offset": 17, "length": 2}, {"text": "\u4f0a\u6717", "offset": 4, "length": 2}], "weapon": []}}, {"sentence": "\u6b64\u6b21\u4f0a\u6717\u63a8\u51fa\u8fd9\u4e24\u6b3e\u65b0\u5f0f\u5bfc\u5f39\u4e5f\u6709\u5411\u7f8e\u56fd\u793a\u5a01\u7684\u542b\u4e49\u2014\u2014\u5373\u4fbf\u6b66\u5668\u7981\u8fd0\uff0c\u4e5f\u963b\u6321\u4e0d\u4e86\u4f0a\u6717\u53d1\u5c55\u9632\u5fa1\u6027\u6b66\u5668\u7684\u51b3\u5fc3\u3002", "events": [], "arguments": {"time": [], "loc": [], "country": [{"text": "\u4f0a\u6717", "offset": 37, "length": 2}, {"text": "\u7f8e\u56fd", "offset": 16, "length": 2}, {"text": "\u4f0a\u6717", "offset": 2, "length": 2}], "weapon": [{"text": "\u5bfc\u5f39", "offset": 11, "length": 2}]}}, {"sentence": "\u201d", "events": [], "arguments": {"time": [], "loc": [], "country": [], "weapon": []}}, {"sentence": "\u91c7\u7528\u56fa\u4f53\u71c3\u6599\u53d1\u52a8\u673a\uff0c\u66f4\u9002\u5408\u73b0\u4ee3\u6218\u4e89", "events": [], "arguments": {"time": [], "loc": [], "country": [], "weapon": []}}, {"sentence": "\u516c\u5f00\u4fe1\u606f\u663e\u793a\uff0c\u201c\u5361\u897f\u59c6\u00b7\u82cf\u83b1\u66fc\u5c3c\u201d\u662f\u4e00\u6b3e\u56fa\u4f53\u71c3\u6599\u63a8\u8fdb\u7684\u4e24\u7ea7\u5f39\u9053\u5bfc\u5f39\uff0c\u91c7\u7528\u5730\u4e0b\u56fa\u5b9a\u53d1\u5c04\uff0c\u5373\u5730\u4e0b\u4e95\u53d1\u5c04\uff0c\u5c04\u7a0b\u7ea6\u4e3a1400\u516c\u91cc\uff0c\u6709\u6548\u8f7d\u8377\u7ea61000\u516c\u65a4\u4e14\u7cbe\u5ea6\u8f83\u9ad8\u3002", "events": [], "arguments": {"time": [], "loc": [], "country": [], "weapon": [{"text": "\u201c\u5361\u897f\u59c6\u00b7\u82cf\u83b1\u66fc\u5c3c\u201d", "offset": 7, "length": 10}, {"text": "\u4e24\u7ea7\u5f39\u9053\u5bfc\u5f39", "offset": 27, "length": 6}]}}, {"sentence": "\u201c\u963f\u5e03\u00b7\u7a46\u6c49\u8fea\u65af\u201d\u5de1\u822a\u5bfc\u5f39\u7684\u5c04\u7a0b\u8d85\u8fc71000\u516c\u91cc\uff0c\u5927\u5c0f\u63a5\u8fd1\u7f8e\u56fd\u7684\u201c\u6218\u65a7\u201d\u5de1\u822a\u5bfc\u5f39\uff0c\u9664\u4e86\u9646\u57fa\u7248\u672c\u4e4b\u5916\uff0c\u8fd8\u53ef\u4ee5\u4ece\u6c34\u9762\u8230\u8247\u53d1\u5c04\uff0c\u6253\u51fb\u7075\u6d3b\u6027\u8f83\u597d\u3002", "events": [], "arguments": {"time": [], "loc": [], "country": [{"text": "\u7f8e\u56fd", "offset": 29, "length": 2}], "weapon": [{"text": "\u201c\u963f\u5e03\u00b7\u7a46\u6c49\u8fea\u65af\u201d\u5de1\u822a\u5bfc\u5f39", "offset": 0, "length": 13}, {"text": "\u201c\u6218\u65a7\u201d\u5de1\u822a\u5bfc\u5f39", "offset": 32, "length": 8}]}}, {"sentence": "\u4f0a\u6717\u603b\u7edf\u9c81\u54c8\u5c3c\u8868\u793a\uff1a\u201c\u6211\u4eec\u5728\u4e0d\u5230\u4e24\u5e74\u7684\u65f6\u95f4\u91cc\u5c06\u5bfc\u5f39\u5c04\u7a0b\u4ece300\u516c\u91cc\u63d0\u5347\u81f31000\u516c\u91cc\uff0c\u8fd9\u662f\u4e00\u4e2a\u4e86\u4e0d\u8d77\u7684\u6210\u5c31\u3002", "events": [], "arguments": {"time": [], "loc": [], "country": [{"text": "\u4f0a\u6717", "offset": 0, "length": 2}], "weapon": [{"text": "\u5bfc\u5f39", "offset": 23, "length": 2}]}}, {"sentence": "\u201d", "events": [], "arguments": {"time": [], "loc": [], "country": [], "weapon": []}}, {"sentence": "\u4f46\u5170\u987a\u6b63\u8868\u793a\uff0c\u5b9e\u9645\u4e0a\u9664\u4e86\u5c04\u7a0b\u4e4b\u5916\uff0c\u201c\u963f\u5e03\u00b7\u7a46\u6c49\u8fea\u65af\u201d\u5e76\u6ca1\u6709\u592a\u591a\u51fa\u5f69\u7684\u5730\u65b9\u3002", "events": [], "arguments": {"time": [], "loc": [], "country": [], "weapon": [{"text": "\u201c\u963f\u5e03\u00b7\u7a46\u6c49\u8fea\u65af\u201d", "offset": 17, "length": 9}]}}, {"sentence": "\u53cd\u800c\u6700\u65b0\u66dd\u5149\u7684\u8fd9\u6b3e\u5f39\u9053\u5bfc\u5f39\u201c\u5361\u897f\u59c6\u00b7\u82cf\u83b1\u66fc\u5c3c\u201d\u6709\u4e00\u4e2a\u503c\u5f97\u6ce8\u610f\u7684\u5730\u65b9\uff0c\u90a3\u5c31\u662f\u5b83\u91c7\u7528\u4e86\u56fa\u4f53\u71c3\u6599\u53d1\u52a8\u673a\u3002", "events": [], "arguments": {"time": [], "loc": [], "country": [], "weapon": [{"text": "\u201c\u5361\u897f\u59c6\u00b7\u82cf\u83b1\u66fc\u5c3c\u201d", "offset": 13, "length": 10}, {"text": "\u5f39\u9053\u5bfc\u5f39\u201c\u5361\u897f\u59c6\u00b7\u82cf\u83b1\u66fc\u5c3c\u201d", "offset": 9, "length": 14}]}}, {"sentence": "\u4ed6\u79d1\u666e\u9053\uff0c\u201c\u6bd4\u8d77\u6db2\u4f53\u71c3\u6599\u53d1\u52a8\u673a\uff0c\u91c7\u7528\u56fa\u4f53\u71c3\u6599\u53d1\u52a8\u673a\u7684\u5bfc\u5f39\u7075\u6d3b\u6027\u66f4\u5f3a\u3001\u53cd\u5e94\u901f\u5ea6\u66f4\u5feb\uff0c\u66f4\u9002\u5408\u5728\u73b0\u4ee3\u6218\u4e89\u4e2d\u4f7f\u7528\u3002", "events": [], "arguments": {"time": [], "loc": [], "country": [], "weapon": [{"text": "\u5bfc\u5f39", "offset": 26, "length": 2}]}}, {"sentence": "\u6db2\u6001\u71c3\u6599\u5bfc\u5f39\u5728\u53d1\u5c04\u4e4b\u524d\u8981\u52a0\u6ce8\u71c3\u6599\uff0c\u53cd\u5e94\u65f6\u95f4\u6162\uff0c\u53d1\u5c04\u51c6\u5907\u65f6\u95f4\u957f\uff0c\u4e14\u71c3\u6599\u6709\u5267\u6bd2\u548c\u8f83\u9ad8\u7684\u8150\u8680\u6027\u3002", "events": [], "arguments": {"time": [], "loc": [], "country": [], "weapon": [{"text": "\u6db2\u6001\u71c3\u6599\u5bfc\u5f39", "offset": 0, "length": 6}]}}, {"sentence": "\u540c\u65f6\uff0c\u52a0\u6ce8\u5b8c\u4e4b\u540e\u8fd8\u4e0d\u80fd\u8fdb\u884c\u8fdc\u8ddd\u79bb\u5feb\u901f\u673a\u52a8\u3002", "events": [], "arguments": {"time": [], "loc": [], "country": [], "weapon": []}}, {"sentence": "\u800c\u56fa\u6001\u71c3\u6599\u5bfc\u5f39\u53cd\u5e94\u65f6\u95f4\u5feb\uff0c\u53d1\u5c04\u51c6\u5907\u65f6\u95f4\u77ed\uff0c\u65b9\u4fbf\u65e0\u6c61\u67d3\uff0c\u5e76\u53ef\u957f\u671f\u5b58\u50a8\uff0c\u4e0d\u8fc7\u5176\u8981\u6c42\u7684\u6280\u672f\u5de5\u827a\u8981\u590d\u6742\u5f97\u591a\u3002", "events": [], "arguments": {"time": [], "loc": [], "country": [], "weapon": [{"text": "\u56fa\u6001\u71c3\u6599\u5bfc\u5f39", "offset": 1, "length": 6}]}}, {"sentence": "\u201d", "events": [], "arguments": {"time": [], "loc": [], "country": [], "weapon": []}}, {"sentence": "\u524d\u4e0d\u4e45\uff0c\u7f8e\u56fd\u89e3\u9664\u4e86\u5bf9\u97e9\u56fd\u8fd0\u8f7d\u706b\u7bad\u56fa\u4f53\u71c3\u6599\u7684\u4f7f\u7528\u9650\u5236\u3002", "events": [{"trigger": {"text": "\u89e3\u9664", "offset": 6, "length": 2}, "subject": {"text": "\u7f8e\u56fd", "offset": 4, "length": 2}, "object": {"text": "\u97e9\u56fd\u8fd0\u8f7d\u706b\u7bad\u56fa\u4f53\u71c3\u6599\u7684\u4f7f\u7528\u9650\u5236", "offset": 10, "length": 15}}], "arguments": {"time": [], "loc": [], "country": [{"text": "\u7f8e\u56fd", "offset": 4, "length": 2}, {"text": "\u97e9\u56fd", "offset": 10, "length": 2}], "weapon": []}}, {"sentence": "\u4f7f\u7528\u56fa\u4f53\u71c3\u6599\u7684\u8fd0\u8f7d\u706b\u7bad\u53ef\u8f6c\u7528\u4e8e\u5f39\u9053\u5bfc\u5f39\u7b49\u519b\u4e8b\u76ee\u7684\uff0c\u51fa\u4e8e\u8fd9\u79cd\u62c5\u5fe7\uff0c\u7f8e\u56fd\u4e00\u76f4\u901a\u8fc7\u300a\u97e9\u7f8e\u5bfc\u5f39\u65b9\u9488\u300b\u9650\u5236\u97e9\u56fd\u4f7f\u7528\u56fa\u4f53\u71c3\u6599\u3002", "events": [], "arguments": {"time": [], "loc": [], "country": [{"text": "\u7f8e", "offset": 40, "length": 1}, {"text": "\u97e9", "offset": 48, "length": 1}, {"text": "\u7f8e\u56fd", "offset": 32, "length": 2}, {"text": "\u97e9\u56fd", "offset": 48, "length": 2}], "weapon": [{"text": "\u8fd0\u8f7d\u706b\u7bad", "offset": 7, "length": 4}]}}, {"sentence": "\u6b64\u4e3e\u4e5f\u5f15\u53d1\u4e86\u5a92\u4f53\u5173\u6ce8\u3002", "events": [], "arguments": {"time": [], "loc": [], "country": [], "weapon": []}}, {"sentence": "\u201c\u56e0\u6b64\uff0c\u5c3d\u7ba1\u2018\u5361\u897f\u59c6\u00b7\u82cf\u83b1\u66fc\u5c3c\u2019\u5f39\u9053\u5bfc\u5f39\u5728\u5c04\u7a0b\u3001\u5a01\u529b\u4e0a\u5e76\u6ca1\u6709\u592a\u591a\u51fa\u4f17\u7684\u5730\u65b9\uff0c\u4f46\u5176\u7075\u6d3b\u6027\u3001\u53cd\u5e94\u901f\u5ea6\u5374\u5927\u5927\u63d0\u5347\uff0c\u662f\u4f0a\u6717\u5bfc\u5f39\u6280\u672f\u7684\u4e00\u6b21\u98de\u8dc3\uff0c\u5bf9\u7f8e\u56fd\u6765\u8bf4\u5a01\u80c1\u66f4\u5927\u3002", "events": [], "arguments": {"time": [], "loc": [], "country": [{"text": "\u4f0a\u6717", "offset": 55, "length": 2}, {"text": "\u7f8e\u56fd", "offset": 68, "length": 2}], "weapon": [{"text": "\u5361\u897f\u59c6\u00b7\u82cf\u83b1\u66fc\u5c3c\u2019\u5f39\u9053\u5bfc\u5f39", "offset": 7, "length": 13}, {"text": "\u2018\u5361\u897f\u59c6\u00b7\u82cf\u83b1\u66fc\u5c3c\u2019\u5f39\u9053\u5bfc\u5f39", "offset": 6, "length": 14}]}}, {"sentence": "\u201d\u5170\u987a\u6b63\u8bf4\u3002", "events": [], "arguments": {"time": [], "loc": [], "country": [], "weapon": []}}, {"sentence": "\u4e5f\u6709\u5a92\u4f53\u6307\u51fa\uff0c\u8fd9\u6b3e\u5f39\u9053\u5bfc\u5f39\u7684\u7b2c\u4e8c\u7ea7\u914d\u6709\u5f39\u7ffc\uff0c\u53ef\u4ee5\u5728\u98de\u884c\u9636\u6bb5\u548c\u8fdb\u5165\u5927\u6c14\u5c42\u9636\u6bb5\u4fee\u6b63\u5f39\u9053\u3001\u8c03\u6574\u98de\u884c\u59ff\u52bf\uff0c\u6709\u52a9\u4e8e\u63d0\u5347\u5176\u7a81\u9632\u80fd\u529b\u548c\u6253\u51fb\u7cbe\u5ea6\u3002", "events": [], "arguments": {"time": [], "loc": [], "country": [], "weapon": [{"text": "\u5f39\u9053\u5bfc\u5f39", "offset": 9, "length": 4}]}}, {"sentence": "\u6539\u8fdb\u4f0a\u6717\u73b0\u6709\u5bfc\u5f39\uff0c\u63a8\u52a8\u5bfc\u5f39\u56fd\u4ea7\u5316\u5386\u7a0b", "events": [], "arguments": {"time": [], "loc": [], "country": [{"text": "\u4f0a\u6717", "offset": 2, "length": 2}], "weapon": [{"text": "\u5bfc\u5f39", "offset": 6, "length": 2}, {"text": "\u5bfc\u5f39", "offset": 11, "length": 2}]}}, {"sentence": "\u666e\u904d\u731c\u6d4b\uff0c\u201c\u5361\u897f\u59c6\u00b7\u82cf\u83b1\u66fc\u5c3c\u201d\u5730\u5bf9\u5730\u5bfc\u5f39\u662f\u4f0a\u6717\u73b0\u6709\u5f39\u9053\u5bfc\u5f39\u7684\u6539\u8fdb\u578b\u3002", "events": [], "arguments": {"time": [], "loc": [], "country": [{"text": "\u4f0a\u6717", "offset": 21, "length": 2}], "weapon": [{"text": "\u201c\u5361\u897f\u59c6\u00b7\u82cf\u83b1\u66fc\u5c3c\u201d\u5730\u5bf9\u5730\u5bfc\u5f39", "offset": 5, "length": 15}, {"text": "\u5f39\u9053\u5bfc\u5f39", "offset": 25, "length": 4}]}}, {"sentence": "\u79d1\u6280\u65e5\u62a5\u8bb0\u8005\u4e86\u89e3\u5230\uff0c\u4f0a\u6717\u5f39\u9053\u5bfc\u5f39\u56fd\u4ea7\u5316\u5386\u7a0b\u59cb\u4e8e\u4e0a\u4e16\u7eaa80\u5e74\u4ee3\u3002", "events": [], "arguments": {"time": [], "loc": [], "country": [{"text": "\u4f0a\u6717", "offset": 10, "length": 2}], "weapon": [{"text": "\u5f39\u9053\u5bfc\u5f39", "offset": 12, "length": 4}]}}, {"sentence": "\u51e0\u5341\u5e74\u91cc\uff0c\u4f0a\u6717\u6210\u529f\u7814\u5236\u4e86\u591a\u79cd\u4e0d\u540c\u7c7b\u578b\u7684\u5f39\u9053\u5bfc\u5f39\u3002", "events": [], "arguments": {"time": [], "loc": [], "country": [{"text": "\u4f0a\u6717", "offset": 5, "length": 2}], "weapon": [{"text": "\u5f39\u9053\u5bfc\u5f39", "offset": 19, "length": 4}]}}, {"sentence": "\u76ee\u524d\uff0c\u4f0a\u6717\u88c5\u5907\u5404\u578b\u5bfc\u5f39\u8fd12000\u679a\uff0c\u62e5\u6709\u4e2d\u4e1c\u5730\u533a\u6700\u5f3a\u5927\u7684\u5bfc\u5f39\u5e93\u3002", "events": [], "arguments": {"time": [], "loc": [], "country": [{"text": "\u4f0a\u6717", "offset": 3, "length": 2}], "weapon": [{"text": "\u5bfc\u5f39", "offset": 9, "length": 2}]}}, {"sentence": "\u5170\u987a\u6b63\u4ecb\u7ecd\uff1a\u201c\u4f0a\u6717\u5148\u540e\u7814\u53d1\u4e86\u2018\u7a46\u6c99\u514b\u2019\u7cfb\u5217\u77ed\u7a0b\u6218\u672f\u5bfc\u5f39\u3001\u2018\u5f81\u670d\u8005\u2019\u7cfb\u5217\u77ed\u7a0b\u6218\u672f\u5bfc\u5f39\u3001\u2018\u6d41\u661f\u2019\u7cfb\u5217\u5f39\u9053\u5bfc\u5f39\u548c\u2018\u6ce5\u77f3\u2019\u7cfb\u5217\u5f39\u9053\u5bfc\u5f39\u7b49\u3002", "events": [], "arguments": {"time": [], "loc": [], "country": [{"text": "\u4f0a\u6717", "offset": 7, "length": 2}], "weapon": [{"text": "\u2018\u7a46\u6c99\u514b\u2019\u7cfb\u5217\u77ed\u7a0b\u6218\u672f\u5bfc\u5f39", "offset": 14, "length": 13}, {"text": "\u2018\u5f81\u670d\u8005\u2019\u7cfb\u5217\u77ed\u7a0b\u6218\u672f\u5bfc\u5f39", "offset": 28, "length": 13}, {"text": "\u2018\u6d41\u661f\u2019\u7cfb\u5217\u5f39\u9053\u5bfc\u5f39", "offset": 42, "length": 10}, {"text": "\u6ce5\u77f3\u2019\u7cfb\u5217\u5f39\u9053\u5bfc\u5f39", "offset": 54, "length": 9}, {"text": "\u2018\u6ce5\u77f3\u2019\u7cfb\u5217\u5f39\u9053\u5bfc\u5f39", "offset": 53, "length": 10}]}}, {"sentence": "\u666e\u904d\u8ba4\u4e3a\uff0c\u4f0a\u6717\u6700\u65b0\u7684\u2018\u5361\u897f\u59c6\u00b7\u82cf\u83b1\u66fc\u5c3c\u2019\u5f39\u9053\u5bfc\u5f39\uff0c\u5e94\u8be5\u5c5e\u4e8e\u2018\u6d41\u661f-3\u2019\u5f39\u9053\u5bfc\u5f39\u7684\u5347\u7ea7\u7248\u672c\u3002", "events": [], "arguments": {"time": [], "loc": [], "country": [{"text": "\u4f0a\u6717", "offset": 5, "length": 2}], "weapon": [{"text": "\u2018\u5361\u897f\u59c6\u00b7\u82cf\u83b1\u66fc\u5c3c\u2019\u5f39\u9053\u5bfc\u5f39", "offset": 10, "length": 14}, {"text": "\u2018\u6d41\u661f-3\u2019\u5f39\u9053\u5bfc\u5f39", "offset": 29, "length": 10}]}}, {"sentence": "\u201d", "events": [], "arguments": {"time": [], "loc": [], "country": [], "weapon": []}}, {"sentence": "\u201c\u6d41\u661f-3\u201d\u4f7f\u7528\u6db2\u4f53\u63a8\u8fdb\u5242\uff0c\u957f16\u7c73\uff0c\u5f39\u5f841.35\u7c73\uff0c\u6700\u5927\u53d1\u5c04\u91cd\u91cf16\u5428\uff0c\u6709\u6548\u8f7d\u83771200\u516c\u65a4\uff0c\u6700\u5927\u5c04\u7a0b1350\u20141500\u516c\u91cc\u3002", "events": [], "arguments": {"time": [], "loc": [], "country": [], "weapon": [{"text": "\u201c\u6d41\u661f-3\u201d", "offset": 0, "length": 6}]}}, {"sentence": "1998\u5e74\u9996\u6b21\u53d1\u5c04\u8bd5\u9a8c\u6210\u529f\uff0c\u4f7f\u4f0a\u6717\u9996\u6b21\u8fc8\u5165\u4e2d\u7a0b\u5bfc\u5f39\u56fd\u5bb6\u4e4b\u5217\u3002", "events": [], "arguments": {"time": [], "loc": [], "country": [{"text": "\u4f0a\u6717", "offset": 15, "length": 2}], "weapon": []}}, {"sentence": "2003\u5e747\u6708\uff0c\u201c\u6d41\u661f-3\u201d\u5bfc\u5f39\u5b8c\u6210\u6700\u540e\u6d4b\u8bd5\uff0c\u5e76\u5f00\u59cb\u5217\u88c5\u4f0a\u65af\u5170\u9769\u547d\u536b\u961f\uff0c\u62c5\u8d1f\u6218\u5907\u503c\u73ed\u4efb\u52a1\u3002", "events": [], "arguments": {"time": [], "loc": [], "country": [], "weapon": [{"text": "\u201c\u6d41\u661f-3\u201d\u5bfc\u5f39", "offset": 8, "length": 8}]}}, {"sentence": "\u201c\u4ece\u5404\u79cd\u53c2\u6570\u4e0a\u770b\uff0c\u2018\u5361\u897f\u59c6\u00b7\u82cf\u83b1\u66fc\u5c3c\u2019\u5f39\u9053\u5bfc\u5f39\u548c\u2018\u6d41\u661f-3\u2019\u5f39\u9053\u5bfc\u5f39\u6bd4\u8f83\u63a5\u8fd1\uff0c\u6709\u53ef\u80fd\u662f\u2018\u6d41\u661f-3\u2019\u7684\u56fa\u4f53\u71c3\u6599\u7248\u672c\u3002", "events": [], "arguments": {"time": [], "loc": [], "country": [], "weapon": [{"text": "\u2018\u5361\u897f\u59c6\u00b7\u82cf\u83b1\u66fc\u5c3c\u2019\u5f39\u9053\u5bfc\u5f39", "offset": 9, "length": 14}, {"text": "\u2018\u6d41\u661f-3\u2019", "offset": 43, "length": 6}, {"text": "\u2018\u6d41\u661f-3\u2019\u5f39\u9053\u5bfc\u5f39", "offset": 24, "length": 10}]}}, {"sentence": "\u201d\u4ed6\u8868\u793a\uff0c\u201c\u5f53\u7136\uff0c\u4e5f\u6709\u4e00\u79cd\u8bf4\u6cd5\uff0c\u8ba4\u4e3a\u2018\u5361\u897f\u59c6\u00b7\u82cf\u83b1\u66fc\u5c3c\u2019\u5f39\u9053\u5bfc\u5f39\u662f\u2018\u6ce5\u77f3-2\u2019\u578b\u5f39\u9053\u5bfc\u5f39\u7684\u6539\u8fdb\u578b\u3002", "events": [], "arguments": {"time": [], "loc": [], "country": [], "weapon": [{"text": "\u2018\u5361\u897f\u59c6\u00b7\u82cf\u83b1\u66fc\u5c3c\u2019\u5f39\u9053\u5bfc\u5f39", "offset": 18, "length": 14}, {"text": "\u2018\u6ce5\u77f3-2\u2019\u578b\u5f39\u9053\u5bfc\u5f39", "offset": 33, "length": 11}]}}, {"sentence": "\u201d", "events": [], "arguments": {"time": [], "loc": [], "country": [], "weapon": []}}, {"sentence": "\u201c\u6ce5\u77f3-2\u201d\u5bfc\u5f39\u9996\u6b21\u66dd\u5149\u4e8e2009\u5e74\u3002", "events": [], "arguments": {"time": [], "loc": [], "country": [], "weapon": [{"text": "\u201c\u6ce5\u77f3-2\u201d\u5bfc\u5f39", "offset": 0, "length": 8}]}}, {"sentence": "\u4f0a\u6717\u5f53\u65f6\u516c\u5f00\u5ba3\u5e03\u6210\u529f\u53d1\u5c041\u679a\u5c04\u7a0b\u7ea6\u4e3a2000\u516c\u91cc\u7684\u5f39\u9053\u5bfc\u5f39\u3002", "events": [], "arguments": {"time": [], "loc": [], "country": [{"text": "\u4f0a\u6717", "offset": 0, "length": 2}], "weapon": [{"text": "\u5c04\u7a0b\u7ea6\u4e3a2000\u516c\u91cc\u7684\u5f39\u9053\u5bfc\u5f39", "offset": 14, "length": 15}, {"text": "2000\u516c\u91cc\u7684\u5f39\u9053\u5bfc\u5f39", "offset": 18, "length": 11}]}}, {"sentence": "\u8be5\u5bfc\u5f39\u4f7f\u7528\u65b0\u578b\u590d\u5408\u56fa\u4f53\u63a8\u8fdb\u5242\uff0c\u540c\u65f6\u91c7\u7528\u4e86\u4e24\u7ea7\u706b\u7bad\u6280\u672f\u3002", "events": [], "arguments": {"time": [], "loc": [], "country": [], "weapon": [{"text": "\u5bfc\u5f39", "offset": 1, "length": 2}]}}, {"sentence": "\u201c\u4ece\u7eb8\u9762\u6570\u636e\u6765\u770b\uff0c\u8fd9\u6b3e\u5bfc\u5f39\u975e\u5e38\u5148\u8fdb\u3002", "events": [], "arguments": {"time": [], "loc": [], "country": [], "weapon": [{"text": "\u5bfc\u5f39", "offset": 11, "length": 2}]}}, {"sentence": "\u4f46\u6b64\u540e\u2018\u6ce5\u77f3-2\u2019\u7684\u76f8\u5173\u62a5\u9053\u5374\u9010\u6e10\u51cf\u5c11\uff0c\u6709\u62a5\u9053\u79f0\u5176\u5728\u8bd5\u9a8c\u8fc7\u7a0b\u4e2d\u591a\u6b21\u5931\u8d25\uff0c\u5916\u754c\u731c\u6d4b\u4f0a\u6717\u7684\u56fa\u4f53\u5bfc\u5f39\u53d1\u5c55\u8ba1\u5212\u906d\u9047\u6280\u672f\u74f6\u9888\u3002", "events": [], "arguments": {"time": [], "loc": [], "country": [{"text": "\u4f0a\u6717", "offset": 40, "length": 2}], "weapon": [{"text": "\u2018\u6ce5\u77f3-2\u2019", "offset": 3, "length": 6}]}}, {"sentence": "\u201d\u4ed6\u8868\u793a\uff0c\u201c\u56e0\u6b64\uff0c\u4e5f\u6709\u53ef\u80fd\u2018\u6ce5\u77f3-2\u2019\u7ecf\u8fc710\u5e74\u7684\u653b\u5173\uff0c\u91c7\u53d6\u4e86\u66f4\u52a0\u4fdd\u5b88\u3001\u7a33\u56fa\u7684\u6280\u672f\uff0c\u5e76\u7f29\u77ed\u4e86\u5c04\u7a0b\u3002", "events": [], "arguments": {"time": [], "loc": [], "country": [], "weapon": [{"text": "\u2018\u6ce5\u77f3-2\u2019", "offset": 13, "length": 6}]}}, {"sentence": "\u2018\u5361\u897f\u59c6\u00b7\u82cf\u83b1\u66fc\u5c3c\u2019\u6b63\u662f\u5176\u6700\u65b0\u6210\u679c\u3002", "events": [], "arguments": {"time": [], "loc": [], "country": [], "weapon": [{"text": "\u2018\u5361\u897f\u59c6\u00b7\u82cf\u83b1\u66fc\u5c3c\u2019", "offset": 0, "length": 10}]}}, {"sentence": "\u201d", "events": [], "arguments": {"time": [], "loc": [], "country": [], "weapon": []}}, {"sentence": "\u4e0d\u7ba1\u600e\u4e48\u6837\uff0c\u6b63\u5982\u6709\u4e9b\u5a92\u4f53\u6240\u8868\u793a\u7684\uff0c\u7531\u4e8e\u201c\u5361\u897f\u59c6\u00b7\u82cf\u83b1\u66fc\u5c3c\u201d\u5f39\u9053\u5bfc\u5f39\u5c04\u7a0b\u9ad8\u8fbe1400\u516c\u91cc\uff0c\u51e0\u4e4e\u8986\u76d6\u4e86\u6574\u4e2a\u4e2d\u4e1c\u7684\u7f8e\u519b\u519b\u4e8b\u57fa\u5730\u548c\u4ee5\u8272\u5217\u7684\u4e3b\u8981\u57ce\u5e02\uff0c\u4e14\u66f4\u52a0\u7075\u6d3b\u673a\u52a8\uff0c\u5176\u5a01\u6151\u80fd\u529b\u4e5f\u5c31\u66f4\u5927\u3002", "events": [], "arguments": {"time": [], "loc": [], "country": [{"text": "\u7f8e", "offset": 54, "length": 1}, {"text": "\u4ee5\u8272\u5217", "offset": 61, "length": 3}], "weapon": [{"text": "\u201c\u5361\u897f\u59c6\u00b7\u82cf\u83b1\u66fc\u5c3c\u201d\u5f39\u9053\u5bfc\u5f39", "offset": 19, "length": 14}]}}]