[{"sentence": "\u4fc4\u9632\u957f\uff1a\u5317\u7ea6\u6218\u673a\u5bf9\u4fc4\u4fa6\u5bdf\u6025\u5267\u589e\u52a0\uff0c\u8fd8\u6a21\u62df\u5bf9\u4fc4\u7a7a\u88ad", "events": [{"trigger": {"text": "\u589e\u52a0", "offset": 14, "length": 2}, "subject": {"text": "\u5317\u7ea6\u6218\u673a", "offset": 4, "length": 4}, "object": {"text": "\u5bf9\u4fc4\u7a7a\u88ad", "offset": 20, "length": 4}}, {"trigger": {"text": "\u6a21\u62df", "offset": 18, "length": 2}, "subject": {"text": "\u5317\u7ea6\u6218\u673a", "offset": 4, "length": 4}, "object": {"text": "\u5bf9\u4fc4\u7a7a\u88ad", "offset": 20, "length": 4}}], "arguments": {"time": [], "loc": [], "country": [{"text": "\u4fc4", "offset": 21, "length": 1}, {"text": "\u5317\u7ea6", "offset": 4, "length": 2}], "weapon": [{"text": "\u5317\u7ea6\u6218\u673a", "offset": 4, "length": 4}]}}, {"sentence": "\u3010\u73af\u7403\u7f51\u62a5\u9053 \u8bb0\u8005 \u5f90\u7490\u660e\u3011", "events": [], "arguments": {"time": [], "loc": [], "country": [], "weapon": []}}, {"sentence": "\u4fc4\u7f57\u65af\u56fd\u9632\u90e8\u957f\u900f\u9732\uff0c\u5317\u7ea6\u6218\u673a\u7ecf\u5e38\u5bf9\u4fc4\u7f57\u65af\u53d1\u8d77\u6a21\u62df\u5bfc\u5f39\u653b\u51fb\u3002", "events": [{"trigger": {"text": "\u53d1\u8d77", "offset": 20, "length": 2}, "subject": {"text": "\u5317\u7ea6\u6218\u673a", "offset": 10, "length": 4}, "object": {"text": "\u6a21\u62df\u5bfc\u5f39\u653b\u51fb", "offset": 22, "length": 6}}], "arguments": {"time": [], "loc": [], "country": [{"text": "\u4fc4\u7f57\u65af", "offset": 17, "length": 3}, {"text": "\u4fc4\u7f57\u65af", "offset": 0, "length": 3}, {"text": "\u5317\u7ea6", "offset": 10, "length": 2}], "weapon": [{"text": "\u5bfc\u5f39", "offset": 24, "length": 2}, {"text": "\u6218\u673a", "offset": 12, "length": 2}]}}, {"sentence": "\u636eRT\u65b0\u95fb9\u67087\u65e5\u62a5\u9053\uff0c\u4fc4\u7f57\u65af\u56fd\u9632\u90e8\u957f\u7ecd\u4f0a\u53e4\u5728\u63a5\u53d7\u91c7\u8bbf\u65f6\u8868\u793a\uff0c\u7f8e\u56fd\u548c\u5317\u7ea6\u7a7a\u519b\u4e0d\u4ec5\u52a0\u5f3a\u4e86\u5728\u4fc4\u7f57\u65af\u8fb9\u5883\u7684\u76d1\u89c6\u6d3b\u52a8\uff0c\u800c\u4e14\u73b0\u5728\u8d8a\u6765\u8d8a\u591a\u5730\u4e3a\u53ef\u80fd\u5728\u4fc4\u7f57\u65af\u9886\u571f\u4e0a\u53d1\u52a8\u7684\u88ad\u51fb\u8fdb\u884c\u6f14\u7ec3\u3002", "events": [{"trigger": {"text": "\u52a0\u5f3a", "offset": 40, "length": 2}, "subject": {"text": "\u7f8e\u56fd\u548c\u5317\u7ea6\u7a7a\u519b", "offset": 31, "length": 7}, "object": {"text": "\u7f57\u65af\u8fb9\u5883\u7684\u76d1\u89c6\u6d3b\u52a8", "offset": 45, "length": 9}}], "arguments": {"time": [{"text": "9\u67087\u65e5", "offset": 5, "length": 4}], "loc": [{"text": "\u4fc4\u7f57\u65af\u8fb9\u5883", "offset": 44, "length": 5}, {"text": "\u4fc4\u7f57\u65af\u9886\u571f", "offset": 68, "length": 5}], "country": [{"text": "\u4fc4\u7f57\u65af", "offset": 68, "length": 3}, {"text": "\u7f8e\u56fd", "offset": 31, "length": 2}, {"text": "\u4fc4\u7f57\u65af", "offset": 12, "length": 3}, {"text": "\u5317\u7ea6", "offset": 34, "length": 2}], "weapon": []}}, {"sentence": "\u7ecd\u4f0a\u53e49\u67086\u65e5\u5728\u63a5\u53d7\u4fc4\u7f57\u65af\u7535\u89c6\u53f0\u7684\u91c7\u8bbf\u65f6\u8868\u793a\uff0c\u5916\u56fd\u5bf9\u4fc4\u7f57\u65af\u8fb9\u5883\u548c\u9632\u7a7a\u7cfb\u7edf\u7684\u76d1\u89c6\u4fa6\u5bdf\u6d3b\u52a8\u6025\u5267\u589e\u52a0\u3002", "events": [], "arguments": {"time": [{"text": "9\u67086\u65e5", "offset": 3, "length": 4}], "loc": [], "country": [{"text": "\u4fc4\u7f57\u65af", "offset": 26, "length": 3}, {"text": "\u4fc4\u7f57\u65af", "offset": 10, "length": 3}], "weapon": []}}, {"sentence": "\u4e0a\u4e2a\u6708\uff0c\u7c7b\u4f3c\u7684\u4fa6\u5bdf\u6d3b\u52a8\u6bd4\u53bb\u5e748\u6708\u589e\u52a0\u4e86\u5927\u7ea630%\u3002", "events": [], "arguments": {"time": [{"text": "\u4e0a\u4e2a\u6708", "offset": 0, "length": 3}, {"text": "\u53bb\u5e748\u6708", "offset": 12, "length": 4}], "loc": [], "country": [], "weapon": []}}, {"sentence": "\u6b64\u5916\uff0c\u7ecd\u4f0a\u53e4\u8fd8\u900f\u9732\uff0c\u897f\u65b9\u7684\u6218\u673a\u4e00\u76f4\u5728\u79ef\u6781\u5f00\u5c55\u7a7a\u88ad\u8bad\u7ec3\uff0c\u5b9a\u671f\u5bf9\u4fc4\u7f57\u65af\u7684\u5883\u5185\u76ee\u6807\u53d1\u8d77\u6a21\u62df\u5bfc\u5f39\u6253\u51fb\u3002", "events": [], "arguments": {"time": [], "loc": [], "country": [{"text": "\u4fc4\u7f57\u65af", "offset": 30, "length": 3}], "weapon": [{"text": "\u5bfc\u5f39", "offset": 42, "length": 2}]}}, {"sentence": "\u7ecd\u4f0a\u53e4\u8bf4\uff1a\u201c\u6700\u4ee4\u4eba\u62c5\u5fc3\u7684\u662f\uff0c\u5982\u679c\u8bf4\u4e4b\u524d\u2026\u2026\u4e3b\u8981\u662f\u4fa6\u5bdf\u673a\uff0c\u90a3\u4e48\u73b0\u5728\u5f00\u59cb\u5df2\u7ecf\u5f00\u59cb\u5b9a\u671f\u8fdb\u884c\u6f14\u7ec3\uff0c\u6a21\u62df\u5bfc\u5f39\u53d1\u5c04\u3002", "events": [], "arguments": {"time": [], "loc": [], "country": [], "weapon": [{"text": "\u4fa6\u5bdf\u673a", "offset": 24, "length": 3}, {"text": "\u5bfc\u5f39", "offset": 47, "length": 2}]}}, {"sentence": "\u201d", "events": [], "arguments": {"time": [], "loc": [], "country": [], "weapon": []}}, {"sentence": "\u62a5\u9053\u79f0\uff0c\u5728\u8fc7\u53bb\u51e0\u5468\uff0c\u4fc4\u7f57\u65af\u548c\u5317\u7ea6\u6218\u673a\u5728\u4e4c\u514b\u5170\u8fb9\u5883\u9644\u8fd1\u53d1\u751f\u591a\u8d77\u4e8b\u4ef6\u3002", "events": [], "arguments": {"time": [], "loc": [{"text": "\u4e4c\u514b\u5170\u8fb9\u5883\u9644\u8fd1", "offset": 19, "length": 7}], "country": [{"text": "\u4fc4\u7f57\u65af", "offset": 10, "length": 3}, {"text": "\u4e4c\u514b\u5170", "offset": 19, "length": 3}, {"text": "\u5317\u7ea6", "offset": 14, "length": 2}], "weapon": [{"text": "\u6218\u673a", "offset": 16, "length": 2}]}}, {"sentence": "\u6700\u8fd1\u4e00\u8d77\u53d1\u751f\u5728\u4e0a\u5468\u4e94\uff0c\u4e09\u67b6\u7f8e\u56fd\u7a7a\u519b\u7684B-52\u6218\u7565\u8f70\u70b8\u673a\u901a\u8fc7\u4e4c\u514b\u5170\u9886\u7a7a\u63a5\u8fd1\u4fc4\u7f57\u65af\u8fb9\u5883\uff0c\u4fc4\u519b\u51fa\u52a8\u4e868\u67b6\u6218\u6597\u673a\u8fdb\u884c\u62e6\u622a\uff0c\u5e76\u8b66\u544a\u5b83\u4eec\u8fdc\u79bb\u4fc4\u8fb9\u5883\u3002", "events": [{"trigger": {"text": "\u62e6\u622a", "offset": 54, "length": 2}, "subject": {"text": "\u4fc4\u519b", "offset": 42, "length": 2}, "object": {"text": "\u4e09\u67b6\u7f8e\u56fd\u7a7a\u519b\u7684B-52\u6218\u7565\u8f70\u70b8\u673a", "offset": 11, "length": 16}}], "arguments": {"time": [], "loc": [{"text": "\u4fc4\u7f57\u65af\u8fb9\u5883", "offset": 36, "length": 5}], "country": [{"text": "\u7f8e\u56fd", "offset": 13, "length": 2}, {"text": "\u4e4c\u514b\u5170", "offset": 29, "length": 3}, {"text": "\u4fc4\u7f57\u65af", "offset": 36, "length": 3}], "weapon": [{"text": "B-52\u6218\u7565\u8f70\u70b8\u673a", "offset": 18, "length": 9}, {"text": "\u6218\u6597\u673a", "offset": 49, "length": 3}]}}, {"sentence": "\u53e6\u4e00\u8d77\u6d89\u53ca\u5230\u7f8e\u519b\u6218\u7565\u8f70\u70b8\u673a\u7684\u4e8b\u4ef6\u53d1\u751f\u57288\u6708\u5e95\uff0c\u5f53\u65f6\u4e00\u67b6B-52H\u8f70\u70b8\u673a\u5728\u6ce2\u7f57\u7684\u6d77\u4e0a\u7a7a\u88ab\u4e00\u67b6\u4fc4\u7f57\u65af\u82cf-27\u6218\u6597\u673a\u62e6\u622a\uff0c\u7ee7\u800c\u5f15\u53d1\u4e39\u9ea6\u7684\u6297\u8bae\uff0c\u4e39\u9ea6\u79f0\u4fc4\u7f57\u65af\u6218\u6597\u673a\u5728\u8ffd\u8d76\u7f8e\u519b\u8f70\u70b8\u673a\u65f6\u4fb5\u72af\u4e86\u4e39\u9ea6\u9886\u7a7a\u3002", "events": [{"trigger": {"text": "\u62e6\u622a", "offset": 55, "length": 2}, "subject": {"text": "\u4fc4\u7f57\u65af\u82cf-27\u6218\u6597\u673a", "offset": 45, "length": 10}, "object": {"text": "B-52H\u8f70\u70b8\u673a", "offset": 27, "length": 8}}], "arguments": {"time": [], "loc": [{"text": "\u6ce2\u7f57\u7684\u6d77\u4e0a\u7a7a", "offset": 36, "length": 6}], "country": [{"text": "\u7f8e", "offset": 80, "length": 1}, {"text": "\u4fc4\u7f57\u65af", "offset": 71, "length": 3}, {"text": "\u4e39\u9ea6", "offset": 89, "length": 2}, {"text": "\u4fc4\u7f57\u65af", "offset": 45, "length": 3}, {"text": "\u4e39\u9ea6", "offset": 62, "length": 2}, {"text": "\u4e39\u9ea6", "offset": 68, "length": 2}], "weapon": [{"text": "B-52H\u8f70\u70b8\u673a", "offset": 27, "length": 8}, {"text": "\u82cf-27\u6218\u6597\u673a", "offset": 48, "length": 7}]}}, {"sentence": "\u7136\u800c\u83ab\u65af\u79d1\u65b9\u9762\u5bf9\u6b64\u5426\u8ba4\uff0c\u79f0\u5176\u62e6\u622a\u884c\u52a8\u7b26\u5408\u56fd\u9645\u89c4\u5219\u3002", "events": [], "arguments": {"time": [], "loc": [], "country": [], "weapon": []}}]