[{"sentence": "\u65e5\u672c\u5c06\u8d2d\u4e70\u5c04\u7a0b\u7ea6500\u516c\u91cc\u5bfc\u5f39\u00a0\u53ef\u52a0\u88c5\u5728F-35\u9690\u8eab\u6218\u6597\u673a\u4e0a", "events": [{"trigger": {"text": "\u8d2d\u4e70", "offset": 3, "length": 2}, "subject": {"text": "\u65e5\u672c", "offset": 0, "length": 2}, "object": {"text": "\u5c04\u7a0b\u7ea6500\u516c\u91cc\u5bfc\u5f39", "offset": 5, "length": 10}}], "arguments": {"time": [], "loc": [], "country": [{"text": "\u65e5\u672c", "offset": 0, "length": 2}], "weapon": [{"text": "\u5c04\u7a0b\u7ea6500\u516c\u91cc\u5bfc\u5f39", "offset": 5, "length": 10}, {"text": "F-35\u9690\u8eab\u6218\u6597\u673a", "offset": 20, "length": 9}]}}, {"sentence": "\u3010\u73af\u7403\u7f51\u62a5\u9053 \u8bb0\u8005 \u9a6c\u5ca9\u3011", "events": [], "arguments": {"time": [], "loc": [], "country": [], "weapon": []}}, {"sentence": "\u636e\u300a\u65e5\u672c\u65f6\u62a5\u300b\u7f51\u7ad99\u67087\u65e5\u62a5\u9053\uff0c\u65e5\u672c\u9632\u536b\u7701\u8ba1\u5212\u57282022\u5e743\u6708\u524d\u83b7\u5f97\u5c04\u7a0b\u7ea6500\u516c\u91cc\u7684\u5bfc\u5f39\uff0c\u5176\u53ef\u4ee5\u5728\u654c\u65b9\u5bfc\u5f39\u5c04\u7a0b\u4e4b\u5916\u53d1\u8d77\u653b\u51fb\u3002", "events": [], "arguments": {"time": [{"text": "9\u67087\u65e5", "offset": 9, "length": 4}, {"text": "2022\u5e743\u6708", "offset": 24, "length": 7}], "loc": [], "country": [{"text": "\u65e5\u672c", "offset": 16, "length": 2}, {"text": "\u65e5\u672c", "offset": 2, "length": 2}], "weapon": [{"text": "\u5c04\u7a0b\u7ea6500\u516c\u91cc\u7684\u5bfc\u5f39", "offset": 34, "length": 11}, {"text": "\u5bfc\u5f39", "offset": 52, "length": 2}]}}, {"sentence": "\u62a5\u9053\u79f0\uff0c\u5728\u81ea\u536b\u961f\u73b0\u6709\u6b66\u5668\u7cfb\u7edf\u4e2d\uff0c\u8fd9\u79cd\u65b0\u578b\u5bfc\u5f39\u9884\u8ba1\u5c04\u7a0b\u5c06\u662f\u6700\u8fdc\u7684\uff0c\u5b83\u5c06\u88ab\u52a0\u88c5\u5728F-35\u9690\u8eab\u6218\u6597\u673a\u4e0a\u3002", "events": [{"trigger": {"text": "\u52a0\u88c5", "offset": 35, "length": 2}, "subject": {"text": "\u65b0\u578b\u5bfc\u5f39", "offset": 18, "length": 4}, "object": {"text": "F-35\u9690\u8eab\u6218\u6597\u673a\u4e0a", "offset": 38, "length": 10}}], "arguments": {"time": [], "loc": [], "country": [], "weapon": [{"text": "F-35\u9690\u8eab\u6218\u6597\u673a", "offset": 38, "length": 9}, {"text": "\u65b0\u578b\u5bfc\u5f39", "offset": 18, "length": 4}]}}, {"sentence": "\u81ea\u4ece\u4eca\u5e74\u65e9\u4e9b\u65f6\u5019\u653e\u5f03\u90e8\u7f72\u9646\u57fa\u5b99\u65af\u76fe\u5bfc\u5f39\u62e6\u622a\u7cfb\u7edf\u4ee5\u6765\uff0c\u65e5\u672c\u653f\u5e9c\u79ef\u6781\u7814\u8ba8\u4e86\u5bf9\u5f39\u9053\u5bfc\u5f39\u5a01\u80c1\u7684\u5a01\u6151\u624b\u6bb5\uff0c\u5305\u62ec\u83b7\u5f97\u6253\u51fb\u654c\u4eba\u57fa\u5730\u7684\u80fd\u529b\u3002", "events": [], "arguments": {"time": [], "loc": [], "country": [{"text": "\u65e5\u672c", "offset": 26, "length": 2}], "weapon": [{"text": "\u5f39\u9053\u5bfc\u5f39", "offset": 36, "length": 4}]}}, {"sentence": "\u6839\u636e\u9632\u536b\u7701\u548c\u5176\u5b83\u6d88\u606f\u6765\u6e90\uff0c\u65e5\u672c\u8ba1\u5212\u8d2d\u4e70\u632a\u5a01\u7684JSM\u53cd\u8230\u5bfc\u5f39\uff0c\u6b64\u5bfc\u5f39\u7814\u53d1\u5df2\u7ecf\u5b8c\u6210\uff0c\u9884\u8ba12022\u5e743\u6708\u4e2d\u65ec\u4ea4\u4ed8\u3002", "events": [{"trigger": {"text": "\u8ba1\u5212\u8d2d\u4e70", "offset": 15, "length": 4}, "subject": {"text": "\u65e5\u672c", "offset": 13, "length": 2}, "object": {"text": "\u632a\u5a01\u7684JSM\u53cd\u8230\u5bfc\u5f39", "offset": 19, "length": 10}}], "arguments": {"time": [{"text": "2022\u5e743\u6708", "offset": 42, "length": 7}], "loc": [], "country": [{"text": "\u65e5\u672c", "offset": 13, "length": 2}, {"text": "\u632a\u5a01", "offset": 19, "length": 2}], "weapon": [{"text": "JSM\u53cd\u8230\u5bfc\u5f39", "offset": 22, "length": 7}]}}, {"sentence": "JSM\u5bfc\u5f39\u53ef\u4ee5\u5b89\u88c5\u5728F-35\u7684\u673a\u8eab\u5185\uff0c\u4ece\u800c\u5145\u5206\u5229\u7528\u98de\u673a\u7684\u9690\u8eab\u80fd\u529b\u3002", "events": [], "arguments": {"time": [], "loc": [], "country": [], "weapon": [{"text": "JSM\u5bfc\u5f39", "offset": 0, "length": 5}, {"text": "F-35", "offset": 10, "length": 4}]}}, {"sentence": "\u6b64\u5916\uff0c\u9632\u536b\u7701\u8fd8\u5728\u8003\u8651\u91c7\u8d2d\u7f8e\u56fd\u6d1b\u514b\u5e0c\u5fb7\u2022\u9a6c\u4e01\u516c\u53f8\u7684LRASM\u6216JASSM\u5bfc\u5f39\uff0c\u5176\u5c04\u7a0b\u7ea6900\u516c\u91cc\uff0c\u53ef\u4ee5\u6302\u8f7d\u5728F-15\u6218\u6597\u673a\u4e0a\u3002", "events": [{"trigger": {"text": "\u8003\u8651\u91c7\u8d2d", "offset": 8, "length": 4}, "subject": {"text": "\u9632\u536b\u7701", "offset": 3, "length": 3}, "object": {"text": "\u7f8e\u56fd\u6d1b\u514b\u5e0c\u5fb7\u2022\u9a6c\u4e01\u516c\u53f8\u7684LRASM\u6216JASSM\u5bfc\u5f39", "offset": 12, "length": 25}}], "arguments": {"time": [], "loc": [], "country": [{"text": "\u7f8e\u56fd", "offset": 12, "length": 2}], "weapon": [{"text": "LRASM\u6216JASSM\u5bfc\u5f39", "offset": 24, "length": 13}, {"text": "F-15\u6218\u6597\u673a", "offset": 53, "length": 7}]}}, {"sentence": "\u7f8e\u56fd\u519b\u65b9\u5df2\u7ecf\u7528\u6218\u7565\u8f70\u70b8\u673a\u8bd5\u5c04\u4e86JASSM\u5bfc\u5f39\uff0c\u800c\u8ba1\u5212\u5b89\u88c5\u5728\u201c\u5b99\u65af\u76fe\u201d\u8230\u4e0a\u7684LRASM\u5bfc\u5f39\u8fd8\u5728\u7814\u53d1\u8fc7\u7a0b\u4e2d\u3002", "events": [{"trigger": {"text": "\u8bd5\u5c04", "offset": 12, "length": 2}, "subject": {"text": "\u7f8e\u56fd\u519b\u65b9", "offset": 0, "length": 4}, "object": {"text": "JASSM\u5bfc\u5f39", "offset": 15, "length": 7}}], "arguments": {"time": [], "loc": [], "country": [{"text": "\u7f8e\u56fd", "offset": 0, "length": 2}], "weapon": [{"text": "\u6218\u7565\u8f70\u70b8\u673a", "offset": 7, "length": 5}, {"text": "JASSM\u5bfc\u5f39", "offset": 15, "length": 7}, {"text": "\u201c\u5b99\u65af\u76fe\u201d\u8230", "offset": 29, "length": 6}, {"text": "LRASM\u5bfc\u5f39", "offset": 37, "length": 7}]}}, {"sentence": "\u62a5\u9053\u79f0\uff0c\u5728\u83b7\u5f97\u5c04\u7a0b\u8f83\u8fdc\u7684\u5bfc\u5f39\u540e\uff0c\u65e5\u672c\u822a\u7a7a\u81ea\u536b\u961f\u7684\u6218\u6597\u673a\u5c06\u53ef\u4ee5\u653b\u51fb\u671d\u9c9c\u3001\u4e2d\u56fd\u6216\u4fc4\u7f57\u65af\u5883\u5185\u7684\u76ee\u6807\u3002", "events": [], "arguments": {"time": [], "loc": [], "country": [{"text": "\u65e5\u672c", "offset": 16, "length": 2}, {"text": "\u671d\u9c9c", "offset": 32, "length": 2}, {"text": "\u4e2d\u56fd", "offset": 35, "length": 2}, {"text": "\u4fc4\u7f57\u65af", "offset": 38, "length": 3}], "weapon": [{"text": "\u5bfc\u5f39", "offset": 12, "length": 2}, {"text": "\u6218\u6597\u673a", "offset": 24, "length": 3}]}}]