[{"sentence": "\u7f8e\u56fd\u5c06\u5411\u897f\u73ed\u7259\u51fa\u552e100\u679a\u7a7a\u5bf9\u7a7a\u5bfc\u5f39\u00a0\u603b\u4ef7\u503c2.485\u4ebf\u7f8e\u5143", "events": [], "arguments": {"time": [], "loc": [], "country": [{"text": "\u7f8e\u56fd", "offset": 0, "length": 2}, {"text": "\u897f\u73ed\u7259", "offset": 4, "length": 3}], "weapon": [{"text": "\u7a7a\u5bf9\u7a7a\u5bfc\u5f39", "offset": 13, "length": 5}]}}, {"sentence": "\u3010\u73af\u7403\u7f51\u62a5\u9053 \u8bb0\u8005 \u9a6c\u5ca9\u3011", "events": [], "arguments": {"time": [], "loc": [], "country": [], "weapon": []}}, {"sentence": "\u636e\u201c\u7a7a\u519b\u60c5\u62a5\u201d\u7f519\u67083\u65e5\u62a5\u9053\uff0c\u7f8e\u56fd\u56fd\u52a1\u9662\u5df2\u7ecf\u51b3\u5b9a\u6279\u51c6\u4e00\u9879\u5bf9\u5916\u519b\u552e\uff0c\u5411\u897f\u73ed\u7259\u51fa\u552e100\u679aAIM-120C-7/8\u7a7a\u5bf9\u7a7a\u5bfc\u5f39\u53ca\u76f8\u5173\u8bbe\u5907\uff0c\u9884\u8ba1\u603b\u4ef7\u503c2.485\u4ebf\u7f8e\u5143\u3002", "events": [{"trigger": {"text": "\u51fa\u552e", "offset": 37, "length": 2}, "subject": {"text": "\u7f8e\u56fd", "offset": 15, "length": 2}, "object": {"text": "AIM-120C-7/8\u7a7a\u5bf9\u7a7a\u5bfc\u5f39\u53ca\u76f8\u5173\u8bbe\u5907", "offset": 43, "length": 22}}], "arguments": {"time": [{"text": "9\u67083\u65e5", "offset": 8, "length": 4}], "loc": [], "country": [{"text": "\u7f8e\u56fd", "offset": 15, "length": 2}, {"text": "\u897f\u73ed\u7259", "offset": 34, "length": 3}], "weapon": [{"text": "AIM-120C-7/8\u7a7a\u5bf9\u7a7a\u5bfc\u5f39", "offset": 43, "length": 17}]}}, {"sentence": "\u636e\u4ecb\u7ecd\uff0c\u9664100\u679a\u5bfc\u5f39\u5916\uff0c\u897f\u73ed\u7259\u653f\u5e9c\u8981\u8d2d\u4e70\u7684\u8fd8\u5305\u62ec\u4e00\u4e2a\u5236\u5bfc\u90e8\u5206\u5907\u4ef6\u3001KGV-135A\u52a0\u5bc6\u88c5\u7f6e\u3001\u5bb9\u5668\u3001\u6b66\u5668\u4fdd\u969c\u548c\u4fdd\u969c\u8bbe\u5907\u3001\u5907\u4ef6\u548c\u7ef4\u4fee\u96f6\u4ef6\u3001\u51fa\u7248\u7269\u548c\u6280\u672f\u6587\u4ef6\u3001\u7f8e\u56fd\u653f\u5e9c\u548c\u627f\u5305\u5546\u7684\u540e\u52e4\u652f\u6301\u670d\u52a1\u7b49\u3002", "events": [], "arguments": {"time": [], "loc": [], "country": [{"text": "\u897f\u73ed\u7259", "offset": 13, "length": 3}, {"text": "\u7f8e\u56fd", "offset": 77, "length": 2}], "weapon": [{"text": "\u5bfc\u5f39", "offset": 9, "length": 2}, {"text": "KGV-135A", "offset": 34, "length": 8}]}}, {"sentence": "\u6b64\u9879\u76ee\u7684\u4e3b\u627f\u5305\u5546\u662f\u201c\u96f7\u795e\u201d\u5bfc\u5f39\u548c\u9632\u52a1\u516c\u53f8\uff0c\u6b64\u6b21\u4ea4\u6613\u4e0d\u9700\u8981\u7f8e\u56fd\u653f\u5e9c\u6216\u627f\u5305\u5546\u5728\u897f\u73ed\u7259\u7684\u4ee3\u8868\u3002", "events": [], "arguments": {"time": [], "loc": [], "country": [{"text": "\u7f8e\u56fd", "offset": 28, "length": 2}, {"text": "\u897f\u73ed\u7259", "offset": 37, "length": 3}], "weapon": [{"text": "\u201c\u96f7\u795e\u201d\u5bfc\u5f39", "offset": 9, "length": 6}]}}, {"sentence": "\uff08\u5b8c\uff09", "events": [], "arguments": {"time": [], "loc": [], "country": [], "weapon": []}}, {"sentence": "\uff08\u5b8c\uff09", "events": [], "arguments": {"time": [], "loc": [], "country": [], "weapon": []}}]