[{"sentence": "\u4e4c\u514b\u5170\u4e0e\u571f\u8033\u5176\u6df1\u5316\u9632\u52a1\u5408\u4f5c\u00a0\u5c06\u5171\u540c\u7814\u53d1\u65e0\u4eba\u673a\u7cfb\u7edf", "events": [], "arguments": {"time": [], "loc": [], "country": [{"text": "\u4e4c\u514b\u5170", "offset": 0, "length": 3}, {"text": "\u571f\u8033\u5176", "offset": 4, "length": 3}], "weapon": [{"text": "\u65e0\u4eba\u673a\u7cfb\u7edf", "offset": 19, "length": 5}]}}, {"sentence": "\u3010\u73af\u7403\u7f51\u62a5\u9053 \u8bb0\u8005 \u9a6c\u5ca9\u3011", "events": [], "arguments": {"time": [], "loc": [], "country": [], "weapon": []}}, {"sentence": "\u636e\u300a\u9632\u52a1\u65b0\u95fb\u300b\u7f51\u7ad99\u67082\u65e5\u62a5\u9053\uff0c\u4e4c\u514b\u5170\u548c\u571f\u8033\u5176\u6b63\u5728\u52aa\u529b\u6df1\u5316\u9632\u52a1\u548c\u822a\u5929\u5de5\u4e1a\u5408\u4f5c\uff0c\u53cc\u65b9\u6b63\u5728\u8fdb\u884c\u9ad8\u5c42\u4e92\u8bbf\uff0c\u5e76\u5c31\u8054\u5408\u9879\u76ee\u4e3e\u884c\u4f1a\u8c08\u3002", "events": [], "arguments": {"time": [{"text": "9\u67082\u65e5", "offset": 9, "length": 4}], "loc": [{"text": "\u4e4c\u514b\u5170", "offset": 16, "length": 3}], "country": [{"text": "\u571f\u8033\u5176", "offset": 20, "length": 3}, {"text": "\u4e4c\u514b\u5170", "offset": 16, "length": 3}], "weapon": []}}, {"sentence": "\u62a5\u9053\u79f0\uff0c\u4e4c\u514b\u5170\u526f\u603b\u7406\u5965\u5217\u683c8\u670828\u65e5\u8bbf\u95ee\u571f\u8033\u5176\u65f6\u8868\u793a\uff0c\u4e4c\u514b\u5170\u5bf9\u8054\u5408\u5f00\u53d1\u98de\u673a\u5f15\u64ce\u62b1\u6709\u5e0c\u671b\u3002", "events": [], "arguments": {"time": [], "loc": [], "country": [{"text": "\u4e4c\u514b\u5170", "offset": 4, "length": 3}, {"text": "\u571f\u8033\u5176", "offset": 20, "length": 3}, {"text": "\u4e4c\u514b\u5170", "offset": 27, "length": 3}], "weapon": [{"text": "\u98de\u673a", "offset": 35, "length": 2}]}}, {"sentence": "\u4ed6\u8868\u793a\uff0c\u4e24\u5bb6\u4e4c\u514b\u5170\u516c\u53f8Ivchenko-Progress\u548cMotor Sich\u5c06\u4e0e\u571f\u8033\u5176\u9632\u52a1\u516c\u53f8\u4e3e\u884c\u4f1a\u8c08\u3002", "events": [], "arguments": {"time": [], "loc": [], "country": [{"text": "\u4e4c\u514b\u5170", "offset": 6, "length": 3}, {"text": "\u571f\u8033\u5176", "offset": 41, "length": 3}], "weapon": []}}, {"sentence": "\u6b64\u5916\uff0c\u4e4c\u514b\u5170\u98de\u673a\u5236\u9020\u5546\u5b89\u4e1c\u8bfa\u592b\u5e0c\u671b\u52a0\u5f3a\u4e0e\u571f\u8033\u5176\u56fd\u6709\u9632\u52a1\u516c\u53f8Roketsan\u7684\u4f19\u4f34\u5173\u7cfb\u3002", "events": [], "arguments": {"time": [], "loc": [], "country": [{"text": "\u4e4c\u514b\u5170", "offset": 3, "length": 3}, {"text": "\u571f\u8033\u5176", "offset": 20, "length": 3}], "weapon": []}}, {"sentence": "\u4e00\u540d\u571f\u8033\u5176\u822a\u7a7a\u9886\u57df\u5b98\u5458\u8868\u793a\uff0c\u571f\u8033\u5176\u548c\u4e4c\u514b\u5170\u6b63\u5728\u8ba8\u8bba\u8054\u5408\u751f\u4ea7\u5b89\u2014178\u8fd0\u8f93\u673a\u7684\u53ef\u80fd\u6027\u3002", "events": [{"trigger": {"text": "\u751f\u4ea7", "offset": 27, "length": 2}, "subject": {"text": "\u571f\u8033\u5176\u548c\u4e4c\u514b\u5170", "offset": 14, "length": 7}, "object": {"text": "\u5b89\u2014178\u8fd0\u8f93\u673a", "offset": 29, "length": 8}}], "arguments": {"time": [], "loc": [], "country": [{"text": "\u571f\u8033\u5176", "offset": 2, "length": 3}, {"text": "\u571f\u8033\u5176", "offset": 14, "length": 3}, {"text": "\u4e4c\u514b\u5170", "offset": 18, "length": 3}], "weapon": [{"text": "\u5b89\u2014178\u8fd0\u8f93\u673a", "offset": 29, "length": 8}]}}, {"sentence": "\u571f\u8033\u5176\u5de5\u4e1a\u7684\u77ed\u677f\u4e4b\u4e00\u5c31\u662f\u7f3a\u4e4f\u53d1\u52a8\u673a\u6280\u672f\uff0c\u5176\u81ea\u4e3b\u7814\u53d1\u7684\u65b0\u4e00\u4ee3\u6218\u6597\u673a\u8ba1\u5212TF-X\u505c\u6ede\u4e0d\u524d\uff0c\u5c31\u662f\u56e0\u4e3a\u6ca1\u6709\u627e\u5230\u5408\u9002\u7684\u822a\u7a7a\u53d1\u52a8\u673a\u3002", "events": [], "arguments": {"time": [], "loc": [], "country": [{"text": "\u571f\u8033\u5176", "offset": 0, "length": 3}], "weapon": [{"text": "TF-X", "offset": 34, "length": 4}]}}, {"sentence": "2019\u5e74\uff0c\u571f\u8033\u5176\u5411\u4e4c\u514b\u5170\u51fa\u552e\u4e866\u67b6TB-2\u65e0\u4eba\u673a\uff0c\u6807\u5fd7\u7740\u4e24\u56fd\u56fd\u9632\u548c\u822a\u7a7a\u822a\u5929\u5408\u4f5c\u7684\u5f00\u59cb\u3002", "events": [], "arguments": {"time": [], "loc": [], "country": [{"text": "\u571f\u8033\u5176", "offset": 6, "length": 3}, {"text": "\u4e4c\u514b\u5170", "offset": 10, "length": 3}], "weapon": [{"text": "TB-2\u65e0\u4eba\u673a", "offset": 18, "length": 7}]}}, {"sentence": "\u540c\u5e74\uff0c\u4e4c\u514b\u5170\u56fd\u6709\u4f01\u4e1aUkrspecexport\u548c\u571f\u8033\u5176Baykar Makina\u7b7e\u7f72\u4e86\u6218\u7565\u5408\u4f5c\u534f\u8bae\uff0c\u8ba1\u5212\u5171\u540c\u7814\u53d1\u548c\u751f\u4ea7\u5148\u8fdb\u65e0\u4eba\u673a\u7cfb\u7edf\u3002", "events": [], "arguments": {"time": [], "loc": [], "country": [{"text": "\u4e4c\u514b\u5170", "offset": 3, "length": 3}, {"text": "\u571f\u8033\u5176", "offset": 24, "length": 3}], "weapon": [{"text": "\u65e0\u4eba\u673a", "offset": 61, "length": 3}]}}]