[{"sentence": "\u4fc4\u8fd1\u671f\u5c06\u8bd5\u5c04\u201c\u8428\u5c14\u9a6c\u7279\u201d\u6d32\u9645\u5bfc\u5f39 \u80fd\u98de\u8dc3\u5317\u6781\u5357\u6781\u6253\u51fb\u76ee\u6807", "events": [{"trigger": {"text": "\u8bd5\u5c04", "offset": 4, "length": 2}, "subject": {"text": "\u4fc4", "offset": 0, "length": 1}, "object": {"text": "\u201c\u8428\u5c14\u9a6c\u7279\u201d\u6d32\u9645\u5bfc\u5f39", "offset": 6, "length": 10}}], "arguments": {"time": [], "loc": [], "country": [{"text": "\u4fc4", "offset": 0, "length": 1}], "weapon": [{"text": "\u201c\u8428\u5c14\u9a6c\u7279\u201d\u6d32\u9645\u5bfc\u5f39", "offset": 6, "length": 10}]}}, {"sentence": "\u3010\u73af\u7403\u7f51\u519b\u4e8b\u62a5\u9053\u3011", "events": [], "arguments": {"time": [], "loc": [], "country": [], "weapon": []}}, {"sentence": "\u636e\u4fc4\u7f57\u65af\u536b\u661f\u901a\u8baf\u793e12\u670830\u65e5\u62a5\u9053\uff0c\u4fc4\u7f57\u65af\u56fd\u9632\u90e8\u526f\u90e8\u957f\u963f\u5217\u514b\u8c22\u00b7\u514b\u91cc\u6c83\u9c81\u5947\u79d1\u8868\u793a\uff0c\u4fc4\u7f57\u65af\u201c\u8428\u5c14\u9a6c\u7279\u201d\u6d32\u9645\u5f39\u9053\u5bfc\u5f39\u5c06\u4e8e\u8fd1\u671f\u5f00\u59cb\u98de\u884c\u6d4b\u8bd5\u3002", "events": [{"trigger": {"text": "\u98de\u884c\u6d4b\u8bd5", "offset": 62, "length": 4}, "subject": {"text": "\u4fc4\u7f57\u65af\u201c\u8428\u5c14\u9a6c\u7279\u201d\u6d32\u9645\u5f39\u9053\u5bfc\u5f39", "offset": 41, "length": 15}, "object": {"text": "", "offset": 0, "length": 0}}], "arguments": {"time": [{"text": "12\u670830\u65e5", "offset": 9, "length": 6}], "loc": [], "country": [{"text": "\u4fc4\u7f57\u65af", "offset": 41, "length": 3}, {"text": "\u4fc4\u7f57\u65af", "offset": 1, "length": 3}], "weapon": [{"text": "\u201c\u8428\u5c14\u9a6c\u7279\u201d\u6d32\u9645\u5f39\u9053\u5bfc\u5f39", "offset": 44, "length": 12}]}}, {"sentence": "\u62a5\u9053\u79f0\uff0c\u514b\u91cc\u6c83\u9c81\u5947\u79d1\u5728\u63a5\u53d7\u91c7\u8bbf\u65f6\u8868\u793a\uff0c\u201c\u8428\u5c14\u9a6c\u7279\u201d\u6d32\u9645\u578b\u5f39\u9053\u5bfc\u5f39\u5c06\u4e8e\u8fd1\u671f\u5f00\u59cb\u98de\u884c\u6d4b\u8bd5\u3002", "events": [{"trigger": {"text": "\u98de\u884c\u6d4b\u8bd5", "offset": 38, "length": 4}, "subject": {"text": "\u201c\u8428\u5c14\u9a6c\u7279\u201d\u6d32\u9645\u578b\u5f39\u9053\u5bfc\u5f39", "offset": 19, "length": 13}, "object": {"text": "", "offset": 0, "length": 0}}], "arguments": {"time": [], "loc": [], "country": [], "weapon": [{"text": "\u201c\u8428\u5c14\u9a6c\u7279\u201d\u6d32\u9645\u578b\u5f39\u9053\u5bfc\u5f39", "offset": 19, "length": 13}]}}, {"sentence": "\u4ed6\u8bf4\uff1a\u201c\u6211\u4eec\u5c06\u4e8e\u8fd1\u671f\u7740\u624b\u5b9e\u65bd\u8fd9\u6b3e\u5bfc\u5f39\u7cfb\u7edf\u7684\u98de\u884c\u6d4b\u8bd5\u5de5\u4f5c\u3002", "events": [], "arguments": {"time": [], "loc": [], "country": [], "weapon": [{"text": "\u5bfc\u5f39\u7cfb\u7edf", "offset": 16, "length": 4}]}}, {"sentence": "\u201d", "events": [], "arguments": {"time": [], "loc": [], "country": [], "weapon": []}}, {"sentence": "\u4fc4\u7f57\u65af\u201c\u8428\u5c14\u9a6c\u7279\u201d\uff08RS-28\uff09\u5bfc\u5f39\u7cfb\u7edf\u5c06\u53d6\u4ee3\u5168\u7403\u6700\u91cd\u578b\u7684\u201c\u519b\u653f\u957f\u5b98\u201d\u6218\u7565\u5bfc\u5f39\uff08\u5317\u7ea6\u4ee3\u53f7\u4e3aRS-20V\u201c\u6492\u65e6\u201d\uff09\uff0c\u5b9e\u9a8c\u8bbe\u8ba1\u5de5\u4f5c\u59cb\u4e8e2011\u5e74\u3002", "events": [{"trigger": {"text": "\u53d6\u4ee3", "offset": 21, "length": 2}, "subject": {"text": "\u4fc4\u7f57\u65af\u201c\u8428\u5c14\u9a6c\u7279\u201d\uff08RS-28\uff09\u5bfc\u5f39\u7cfb\u7edf", "offset": 0, "length": 20}, "object": {"text": "\u5168\u7403\u6700\u91cd\u578b\u7684\u201c\u519b\u653f\u957f\u5b98\u201d\u6218\u7565\u5bfc\u5f39\uff08\u5317\u7ea6\u4ee3\u53f7\u4e3aRS-20V\u201c\u6492\u65e6\u201d\uff09", "offset": 23, "length": 33}}], "arguments": {"time": [{"text": "2011\u5e74", "offset": 65, "length": 5}], "loc": [], "country": [{"text": "\u4fc4\u7f57\u65af", "offset": 0, "length": 3}, {"text": "\u5317\u7ea6", "offset": 40, "length": 2}], "weapon": [{"text": "\u201c\u8428\u5c14\u9a6c\u7279\u201d\uff08RS-28\uff09\u5bfc\u5f39\u7cfb\u7edf", "offset": 3, "length": 17}, {"text": "\u201c\u519b\u653f\u957f\u5b98\u201d\u6218\u7565\u5bfc\u5f39", "offset": 29, "length": 10}, {"text": "RS-20V\u201c\u6492\u65e6\u201d", "offset": 45, "length": 10}]}}, {"sentence": "\u201c\u8428\u5c14\u9a6c\u7279\u201d\u5bfc\u5f39\u80fd\u591f\u98de\u8dc3\u5317\u6781\u6216\u5357\u6781\u7a81\u7834\u53cd\u5bfc\u9632\u5fa1\u7cfb\u7edf\u5bf9\u76ee\u6807\u5b9e\u65bd\u653b\u51fb\u3002", "events": [], "arguments": {"time": [], "loc": [], "country": [], "weapon": [{"text": "\u201c\u8428\u5c14\u9a6c\u7279\u201d\u5bfc\u5f39", "offset": 0, "length": 8}]}}, {"sentence": "\u8be5\u5bfc\u5f39\u6b64\u524d\u5df2\u7ecf\u5728\u4fc4\u666e\u5217\u8c22\u8328\u514b\u822a\u5929\u53d1\u5c04\u573a\u5b8c\u6210\u6295\u5c04\u6d4b\u8bd5\u3002", "events": [{"trigger": {"text": "\u6295\u5c04\u6d4b\u8bd5", "offset": 21, "length": 4}, "subject": {"text": "\u8be5\u5bfc\u5f39", "offset": 0, "length": 3}, "object": {"text": "", "offset": 0, "length": 0}}], "arguments": {"time": [], "loc": [{"text": "\u4fc4\u666e\u5217\u8c22\u8328\u514b\u822a\u5929\u53d1\u5c04\u573a", "offset": 8, "length": 11}], "country": [], "weapon": [{"text": "\u5bfc\u5f39", "offset": 1, "length": 2}]}}, {"sentence": "\u4fc4\u7f57\u65af\u6218\u7565\u706b\u7bad\u5175\u53f8\u4ee4\u8c22\u5c14\u76d6?\u5361\u62c9\u5361\u8036\u592b\u5927\u5c062020\u5e7412\u6708\u62ab\u9732\uff0c\u201c\u8428\u5c14\u9a6c\u7279\u201d\u7cfb\u7edf\u5c06\u4e8e2022\u5e74\u6295\u5165\u6218\u6597\u503c\u73ed\u3002", "events": [{"trigger": {"text": "\u6218\u6597\u503c\u73ed", "offset": 49, "length": 4}, "subject": {"text": "\u201c\u8428\u5c14\u9a6c\u7279\u201d\u7cfb\u7edf", "offset": 32, "length": 8}, "object": {"text": "", "offset": 0, "length": 0}}], "arguments": {"time": [{"text": "2022\u5e74", "offset": 42, "length": 5}], "loc": [], "country": [{"text": "\u4fc4\u7f57\u65af", "offset": 0, "length": 3}], "weapon": [{"text": "\u201c\u8428\u5c14\u9a6c\u7279\u201d\u7cfb\u7edf", "offset": 32, "length": 8}]}}]