[{"sentence": "\u62ff\u5230\u4e86\u6c34\u6676\u7403\uff1f", "events": [], "arguments": {"time": [], "loc": [], "country": [], "weapon": []}}, {"sentence": "\u4e94\u89d2\u5927\u697c\u53d1\u5e03\u201c\u4e2d\u56fd\u519b\u529b\u62a5\u544a\u201d\uff0c\u9884\u8a00\u201c\u4e2d\u56fd\u6838\u5f39\u5934\u672a\u676510\u5e74\u6570\u91cf\u589e\u52a0\u4e00\u500d\u201d", "events": [], "arguments": {"time": [], "loc": [], "country": [{"text": "\u4e2d\u56fd", "offset": 7, "length": 2}, {"text": "\u4e2d\u56fd", "offset": 18, "length": 2}], "weapon": []}}, {"sentence": "\u3010\u73af\u7403\u7f51\u62a5\u9053 \u8bb0\u8005 \u5f90\u7490\u660e\u3011", "events": [], "arguments": {"time": [], "loc": [], "country": [], "weapon": []}}, {"sentence": "\u201c\u4e2d\u56fd\u62e5\u6709\u4e16\u754c\u4e0a\u6700\u5927\u89c4\u6a21\u7684\u6d77\u519b\u90e8\u961f\u201d\u3001\u201c\u672a\u676510\u5e74\u6838\u5f39\u5934\u6570\u91cf\u5c06\u589e\u52a0\u4e00\u500d\u201d\u3001\u201c\u6253\u9020\u4e16\u754c\u7ea7\u519b\u961f\u201d\uff0c\u7f8e\u56fd\u56fd\u9632\u90e89\u67081\u65e5\u5728\u5411\u56fd\u4f1a\u63d0\u4ea4\u76842020\u5e74\u5ea6\u300a\u4e2d\u56fd\u519b\u529b\u62a5\u544a\u300b\u4e2d\u7528\u8fd9\u6837\u7684\u63cf\u8ff0\u6765\u5438\u5f15\u773c\u7403\uff0c\u7092\u4f5c\u4e2d\u56fd\u519b\u529b\u53d1\u5c55\u3002", "events": [], "arguments": {"time": [], "loc": [], "country": [{"text": "\u4e2d\u56fd", "offset": 1, "length": 2}, {"text": "\u7f8e\u56fd", "offset": 47, "length": 2}, {"text": "\u4e2d\u56fd", "offset": 70, "length": 2}, {"text": "\u4e2d\u56fd", "offset": 92, "length": 2}], "weapon": []}}, {"sentence": "\u867d\u7136\u8fd9\u4efd\u62a5\u544a\u5f15\u7528\u4e86\u5927\u91cf\u5e76\u4e0d\u9760\u8c31\u7684\u4fe1\u606f\u6765\u6e90\uff0c\u8fd8\u4ee5\u5927\u91cf\u731c\u6d4b\u7684\u8bed\u6c14\u81c6\u6d4b\u4e2d\u56fd\u519b\u961f\u672a\u6765\u7684\u53d1\u5c55\uff0c\u4f46\u5b83\u53cd\u6620\u51fa\u7684\u7f8e\u56fd\u5173\u6ce8\u91cd\u70b9\u548c\u9488\u5bf9\u6027\u52a8\u5411\u4ecd\u503c\u5f97\u8b66\u60d5\u3002", "events": [], "arguments": {"time": [], "loc": [], "country": [{"text": "\u4e2d\u56fd", "offset": 32, "length": 2}, {"text": "\u7f8e\u56fd", "offset": 48, "length": 2}], "weapon": []}}, {"sentence": "\u6e32\u67d3\u201c\u4e2d\u56fd\u62e5\u6709\u4e16\u754c\u6700\u5927\u6d77\u519b\u201d", "events": [], "arguments": {"time": [], "loc": [], "country": [{"text": "\u4e2d\u56fd", "offset": 3, "length": 2}], "weapon": []}}, {"sentence": "\u636e\u300a\u798f\u5e03\u65af\u300b\u6742\u5fd7\u7f51\u7ad9\u3001\u7f8e\u56fd\u6d77\u519b\u7814\u7a76\u5b66\u4f1a\uff08USNI\uff09\u7f51\u7ad99\u67081\u65e5\u7684\u62a5\u9053\uff0c\u4e94\u89d2\u5927\u697c\u5728\u5bf9\u4e2d\u56fd\u519b\u961f\u7684\u6700\u65b0\u5e74\u5ea6\u8bc4\u4f30\u4e2d\u79f0\uff0c\u4e2d\u56fd\u51b3\u5fc3\u6253\u9020\u4e00\u652f\u4e16\u754c\u7ea7\u7684\u519b\u961f\uff0c\u80fd\u591f\u5728\u5168\u7403\u5f00\u5c55\u8054\u5408\u884c\u52a8\uff0c\u5e76\u4e14\u62e5\u6709\u4e16\u754c\u4e0a\u6700\u5927\u89c4\u6a21\u7684\u6d77\u519b\u90e8\u961f\u3002", "events": [], "arguments": {"time": [], "loc": [], "country": [{"text": "\u7f8e\u56fd", "offset": 11, "length": 2}, {"text": "\u4e2d\u56fd", "offset": 41, "length": 2}, {"text": "\u4e2d\u56fd", "offset": 55, "length": 2}], "weapon": []}}, {"sentence": "\u201c\u4e2d\u56fd\u5df2\u7ecf\u62e5\u6709\u4e16\u754c\u4e0a\u6700\u5927\u89c4\u6a21\u7684\u6d77\u519b\u90e8\u961f\uff0c\u88c5\u5907\u5927\u7ea6350\u8258\u8230\u8247\uff0c\u5176\u4e2d\u5305\u62ec130\u591a\u8258\u5927\u578b\u6c34\u9762\u6218\u6597\u8230\u8247\uff0c\u201d\u7f8e\u56fd\u56fd\u9632\u90e8\u5728\u5411\u56fd\u4f1a\u63d0\u4ea4\u76842020\u5e74\u4e2d\u56fd\u519b\u4e8b\u529b\u91cf\u62a5\u544a\u4e2d\u8bf4\u3002", "events": [], "arguments": {"time": [], "loc": [], "country": [{"text": "\u4e2d\u56fd", "offset": 1, "length": 2}, {"text": "\u7f8e\u56fd", "offset": 50, "length": 2}, {"text": "\u4e2d\u56fd", "offset": 67, "length": 2}], "weapon": [{"text": "\u5927\u578b\u6c34\u9762\u6218\u6597\u8230\u8247", "offset": 40, "length": 8}]}}, {"sentence": "\u201c\u76f8\u6bd4\u4e4b\u4e0b\uff0c\u7f8e\u56fd\u6d77\u519b\u52302020\u5e74\u521d\u5927\u7ea6\u6709293\u8258\u8230\u8247\u3002", "events": [], "arguments": {"time": [], "loc": [], "country": [{"text": "\u7f8e\u56fd", "offset": 6, "length": 2}], "weapon": [{"text": "\u8230\u8247", "offset": 24, "length": 2}]}}, {"sentence": "\u201d", "events": [], "arguments": {"time": [], "loc": [], "country": [], "weapon": []}}, {"sentence": "\u4f46\u300a\u798f\u5e03\u65af\u300b\u8868\u793a\uff0c\u8fd9\u4e2a\u7edf\u8ba1\u6570\u5b57\u672c\u8eab\u5c31\u5b58\u5728\u4e00\u5b9a\u7684\u8bef\u5bfc\u6027\uff0c\u867d\u7136\u4e2d\u56fd\u6d77\u519b\u62e5\u6709\u7684\u8230\u8247\u6bd4\u7f8e\u56fd\u6d77\u519b\u8981\u591a\uff0c\u4f46\u7f8e\u56fd\u6d77\u519b\u7684\u8230\u8247\u66f4\u5927\u3001\u5728\u5428\u4f4d\u4e0a\u9886\u5148\uff0c\u8fd9\u4e9b\u8230\u8247\u4e2d\u5c31\u5305\u62ec11\u8258\u6392\u6c34\u91cf\u8fbe\u523010\u4e07\u5428\u4ee5\u4e0a\u7684\u822a\u7a7a\u6bcd\u8230\u3002", "events": [], "arguments": {"time": [], "loc": [], "country": [{"text": "\u4e2d\u56fd", "offset": 29, "length": 2}, {"text": "\u7f8e\u56fd", "offset": 39, "length": 2}, {"text": "\u7f8e\u56fd", "offset": 47, "length": 2}], "weapon": [{"text": "\u822a\u7a7a\u6bcd\u8230", "offset": 87, "length": 4}]}}, {"sentence": "\u4e94\u89d2\u5927\u697c\u5728\u8fd9\u4efd\u300a\u4e2d\u56fd\u519b\u529b\u4e0e\u5b89\u5168\u53d1\u5c55\u62a5\u544a\u300b\u4e2d\u5ba3\u79f0\uff0c\u4e2d\u56fd\u6d77\u519b\u201c\u662f\u4e00\u652f\u65e5\u76ca\u73b0\u4ee3\u5316\u548c\u7075\u6d3b\u7684\u529b\u91cf\uff0c\u5176\u53d1\u5c55\u4fa7\u91cd\u70b9\u662f\u53d6\u4ee3\u80fd\u529b\u6709\u9650\u7684\u524d\u51e0\u4ee3\u5e73\u53f0\uff0c\u652f\u6301\u66f4\u5927\u7684\u3001\u66f4\u73b0\u4ee3\u5316\u7684\u591a\u89d2\u8272\u6218\u6597\u5e73\u53f0\u3002", "events": [], "arguments": {"time": [], "loc": [], "country": [{"text": "\u4e2d\u56fd", "offset": 8, "length": 2}, {"text": "\u4e2d\u56fd", "offset": 24, "length": 2}], "weapon": []}}, {"sentence": "\u201d\u62a5\u544a\u5c24\u4e3a\u5173\u6ce8\u4e2d\u56fd\u6d77\u519b\u822a\u7a7a\u6bcd\u8230\u7684\u53d1\u5c55\uff0c\u5e76\u5ba3\u79f0\u4e2d\u56fd\u8ba1\u5212\u5efa\u9020\u66f4\u591a\u7684\u822a\u6bcd\u3002", "events": [], "arguments": {"time": [], "loc": [], "country": [{"text": "\u4e2d\u56fd", "offset": 7, "length": 2}, {"text": "\u4e2d\u56fd", "offset": 22, "length": 2}], "weapon": [{"text": "\u822a\u7a7a\u6bcd\u8230", "offset": 11, "length": 4}, {"text": "\u822a\u6bcd", "offset": 31, "length": 2}]}}, {"sentence": "\u672a\u6765\u7684\u65b0\u822a\u6bcd\u4e0a\u8fd8\u5c06\u914d\u5907\u5148\u8fdb\u7684\u88c5\u7f6e\uff0c\u4f8b\u5982\u7535\u78c1\u5f39\u5c04\u5668\u7b49\u3002", "events": [], "arguments": {"time": [], "loc": [], "country": [], "weapon": [{"text": "\u822a\u6bcd", "offset": 4, "length": 2}, {"text": "\u7535\u78c1\u5f39\u5c04\u5668", "offset": 19, "length": 5}]}}, {"sentence": "\u5728\u6c34\u4e0b\u4f5c\u6218\u65b9\u9762\uff0c\u4e94\u89d2\u5927\u697c\u731c\u6d4b\u4e2d\u56fd\u8fd8\u5c06\u7ee7\u7eed\u5efa\u9020\u66f4\u591a\u7684\u67f4\u7535\u52a8\u529b\u6f5c\u8247\u548c\u6838\u6f5c\u8247\u3002", "events": [], "arguments": {"time": [], "loc": [], "country": [{"text": "\u4e2d\u56fd", "offset": 14, "length": 2}], "weapon": [{"text": "\u67f4\u7535\u52a8\u529b\u6f5c\u8247", "offset": 25, "length": 6}, {"text": "\u6838\u6f5c\u8247", "offset": 32, "length": 3}]}}, {"sentence": "\u201c\u4e2d\u56fd\u7684\u4e0b\u4e00\u4ee3096\u578b\u6218\u7565\u5bfc\u5f39\u6838\u6f5c\u8247\u5f88\u53ef\u80fd\u57282020\u5e74\u4ee3\u4e2d\u671f\u5f00\u59cb\u5efa\u9020\uff0c\u636e\u8bf4\u5c06\u80fd\u643a\u5e26\u65b0\u578b\u7684\u6f5c\u5c04\u5f39\u9053\u5bfc\u5f39\u3002", "events": [], "arguments": {"time": [], "loc": [], "country": [{"text": "\u4e2d\u56fd", "offset": 1, "length": 2}], "weapon": [{"text": "096\u578b\u6218\u7565\u5bfc\u5f39\u6838\u6f5c\u8247", "offset": 7, "length": 11}, {"text": "\u6f5c\u5c04\u5f39\u9053\u5bfc\u5f39", "offset": 44, "length": 6}]}}, {"sentence": "\u201d", "events": [], "arguments": {"time": [], "loc": [], "country": [], "weapon": []}}, {"sentence": "\u4e94\u89d2\u5927\u697c\u5728\u62a5\u544a\u4e2d\u8fd8\u8bf4\uff1a\u201c\u5728\u672a\u6765\u51e0\u5e74\uff0c\u4e2d\u56fd\u6d77\u519b\u53ef\u80fd\u4f1a\u5728\u5176\u66f4\u4e3a\u5148\u8fdb\u7684\u9a71\u9010\u8230\u548c\u65b0\u578b\u6f5c\u8247\u4e0a\u90e8\u7f72\u5bf9\u5730\u653b\u51fb\u5de1\u822a\u5bfc\u5f39\u3002", "events": [], "arguments": {"time": [], "loc": [], "country": [{"text": "\u4e2d\u56fd", "offset": 18, "length": 2}], "weapon": [{"text": "\u9a71\u9010\u8230", "offset": 32, "length": 3}, {"text": "\u6f5c\u8247", "offset": 38, "length": 2}, {"text": "\u5bf9\u5730\u653b\u51fb\u5de1\u822a\u5bfc\u5f39", "offset": 43, "length": 8}]}}, {"sentence": "\u201d\u201c\u4e2d\u56fd\u6d77\u519b\u8fd8\u53ef\u4ee5\u6539\u9020\u65e7\u578b\u7684\u6c34\u9762\u4f5c\u6218\u5e73\u53f0\u548c\u6f5c\u8247\uff0c\u4f7f\u5176\u5177\u5907\u5bf9\u9646\u653b\u51fb\u80fd\u529b\uff0c\u63d0\u4f9b\u66f4\u4e3a\u7075\u6d3b\u7684\u6253\u51fb\u80fd\u529b\u3002", "events": [], "arguments": {"time": [], "loc": [], "country": [{"text": "\u4e2d\u56fd", "offset": 2, "length": 2}], "weapon": [{"text": "\u6f5c\u8247", "offset": 21, "length": 2}]}}, {"sentence": "\u201d", "events": [], "arguments": {"time": [], "loc": [], "country": [], "weapon": []}}, {"sentence": "\u4e0d\u8fc7\u6b63\u5982\u300a\u798f\u5e03\u65af\u300b\u6240\u63d0\u5230\u7684\uff0c\u6d77\u519b\u4f5c\u6218\u529b\u91cf\u8fdc\u4e0d\u6b62\u662f\u519b\u8230\u548c\u5bfc\u5f39\u7684\u6570\u91cf\uff0c\u7f8e\u56fd\u6d77\u519b\u5728\u8230\u8247\u5428\u4f4d\u3001\u6b66\u5668\u5148\u8fdb\u7a0b\u5ea6\u3001\u4f5c\u6218\u7ecf\u9a8c\u7b49\u65b9\u9762\u8981\u9886\u5148\u4e8e\u4e2d\u56fd\u6d77\u519b\uff0c\u7f8e\u56fd\u6d77\u519b\u4e5f\u62e5\u6709\u4e16\u754c\u4e0a\u6700\u5f3a\u5927\u7684\u822a\u6bcd\u4f5c\u6218\u529b\u91cf\u3002", "events": [], "arguments": {"time": [], "loc": [], "country": [{"text": "\u7f8e\u56fd", "offset": 33, "length": 2}, {"text": "\u4e2d\u56fd", "offset": 61, "length": 2}, {"text": "\u7f8e\u56fd", "offset": 66, "length": 2}], "weapon": [{"text": "\u519b\u8230", "offset": 24, "length": 2}, {"text": "\u5bfc\u5f39", "offset": 27, "length": 2}, {"text": "\u822a\u6bcd", "offset": 80, "length": 2}]}}, {"sentence": "\u62a5\u544a\u4e2d\u523b\u610f\u5f3a\u8c03\u201c\u4e2d\u56fd\u62e5\u6709\u4e16\u754c\u4e0a\u6700\u5927\u89c4\u6a21\u7684\u6d77\u519b\u90e8\u961f\u201d\uff0c\u5938\u5927\u5176\u8bcd\u3001\u6df7\u6dc6\u89c6\u542c\uff0c\u65e0\u975e\u662f\u60f3\u535a\u53d6\u773c\u7403\uff0c\u6e32\u67d3\u201c\u4e2d\u56fd\u5a01\u80c1\u8bba\u201d\u3002", "events": [], "arguments": {"time": [], "loc": [], "country": [{"text": "\u4e2d\u56fd", "offset": 8, "length": 2}, {"text": "\u4e2d\u56fd", "offset": 48, "length": 2}], "weapon": []}}, {"sentence": "\u7092\u4f5c\u201c\u4e2d\u56fd\u6838\u5f39\u5934\u672a\u676510\u5e74\u6570\u91cf\u589e\u52a0\u4e00\u500d\u201d", "events": [], "arguments": {"time": [], "loc": [], "country": [{"text": "\u4e2d\u56fd", "offset": 3, "length": 2}], "weapon": [{"text": "\u6838\u5f39\u5934", "offset": 5, "length": 3}]}}, {"sentence": "\u7f8e\u56fd\u56fd\u9632\u90e8\u7f51\u7ad99\u67081\u65e5\u4e5f\u5bf9\u300a2020\u4e2d\u56fd\u519b\u529b\u4e0e\u5b89\u5168\u53d1\u5c55\u62a5\u544a\u300b\u8fdb\u884c\u4e86\u89e3\u8bfb\u3002", "events": [], "arguments": {"time": [], "loc": [], "country": [{"text": "\u7f8e\u56fd", "offset": 0, "length": 2}, {"text": "\u4e2d\u56fd", "offset": 18, "length": 2}], "weapon": []}}, {"sentence": "\u7f8e\u56fd\u56fd\u9632\u90e8\u526f\u52a9\u7406\u90e8\u957f\u67e5\u5fb7\u00b7\u65af\u5e03\u62c9\u57fa\u4e9a\u5f53\u5929\u5728\u7f8e\u56fd\u4f01\u4e1a\u7814\u7a76\u6240\u8bf4\uff0c\u9884\u8ba1\u5728\u672a\u676510\u5e74\uff0c\u4e2d\u56fd\u5c06\u628a\u5176\u62e5\u6709\u7684\u6838\u5f39\u5934\u6570\u91cf\u589e\u52a0\u4e00\u500d\uff0c\u540c\u65f6\u5f00\u59cb\u52aa\u529b\u6269\u5927\u6838\u80fd\u529b\u7684\u90e8\u7f72\u65b9\u5f0f\u3002", "events": [], "arguments": {"time": [], "loc": [], "country": [{"text": "\u7f8e\u56fd", "offset": 0, "length": 2}, {"text": "\u7f8e\u56fd", "offset": 21, "length": 2}, {"text": "\u4e2d\u56fd", "offset": 39, "length": 2}], "weapon": []}}, {"sentence": "\u65af\u5e03\u62c9\u57fa\u4e9a\u5f53\u65f6\u8ba8\u8bba\u4e86\u4e94\u89d2\u5927\u697c\u521a\u53d1\u5e03\u7684\u8fd9\u4efd\u62a5\u544a\uff0c\u4ed6\u8bf4\uff1a\u201c\u8fd9\u4efd\u62a5\u544a\u6307\u51fa\uff0c\u4e2d\u56fd\u76ee\u524d\u7684\u6838\u5f39\u5934\u5e93\u5b58\u4f30\u8ba1\u5728200\u679a\u5de6\u53f3\uff0c\u968f\u7740\u4e2d\u56fd\u6838\u529b\u91cf\u7684\u6269\u5f20\u548c\u73b0\u4ee3\u5316\uff0c\u9884\u8ba1\u5728\u672a\u676510\u5e74\uff0c\u6838\u5f39\u5934\u7684\u6570\u91cf\u5c06\u81f3\u5c11\u589e\u52a0\u4e00\u500d\u3002", "events": [], "arguments": {"time": [], "loc": [], "country": [{"text": "\u4e2d\u56fd", "offset": 34, "length": 2}, {"text": "\u4e2d\u56fd", "offset": 56, "length": 2}], "weapon": []}}, {"sentence": "\u201d", "events": [], "arguments": {"time": [], "loc": [], "country": [], "weapon": []}}, {"sentence": "\u7f8e\u56fd\u56fd\u9632\u90e8\u63d0\u5230\uff0c\u540c\u6837\u91cd\u8981\u7684\u662f\u4e2d\u56fd\u5c06\u5982\u4f55\u8fd0\u8f7d\u8fd9\u4e9b\u5f39\u5934\uff0c\u4e2d\u56fd\u6b63\u5728\u53d1\u5c55\u7c7b\u4f3c\u4e8e\u7f8e\u56fd\u7684\u201c\u6838\u4e09\u4f4d\u4e00\u4f53\u201d\u8ba1\u5212\u3002", "events": [], "arguments": {"time": [], "loc": [], "country": [{"text": "\u7f8e\u56fd", "offset": 0, "length": 2}, {"text": "\u4e2d\u56fd", "offset": 14, "length": 2}, {"text": "\u4e2d\u56fd", "offset": 26, "length": 2}, {"text": "\u7f8e\u56fd", "offset": 35, "length": 2}], "weapon": []}}, {"sentence": "\u7f8e\u56fd\u7684\u201c\u6838\u4e09\u4f4d\u4e00\u4f53\u201d\u53ef\u4ee5\u4ece\u9646\u57fa\u5bfc\u5f39\u3001\u6d77\u57fa\u6838\u6f5c\u8247\u548c\u7a7a\u57fa\u6218\u7565\u8f70\u70b8\u673a\u4e0a\u8fdb\u884c\u6838\u5f39\u53d1\u5c04\u3002", "events": [], "arguments": {"time": [], "loc": [], "country": [{"text": "\u7f8e\u56fd", "offset": 0, "length": 2}], "weapon": [{"text": "\u201c\u6838\u4e09\u4f4d\u4e00\u4f53\u201d", "offset": 3, "length": 7}, {"text": "\u9646\u57fa\u5bfc\u5f39", "offset": 13, "length": 4}, {"text": "\u6d77\u57fa\u6838\u6f5c\u8247", "offset": 18, "length": 5}, {"text": "\u7a7a\u57fa\u6218\u7565\u8f70\u70b8\u673a", "offset": 24, "length": 7}]}}, {"sentence": "\u65af\u5e03\u62c9\u57fa\u4e9a\u8bf4\uff1a\u201c\u4e2d\u56fd\u6b63\u5728\u5168\u9762\u6269\u5927\u548c\u63a8\u8fdb\u73b0\u4ee3\u5316\uff0c\u4f7f\u5176\u6838\u529b\u91cf\u591a\u6837\u5316\u3002", "events": [], "arguments": {"time": [], "loc": [], "country": [{"text": "\u4e2d\u56fd", "offset": 8, "length": 2}], "weapon": []}}, {"sentence": "\u201d\u201c\u4ec5\u4ec5\u770b\u5f39\u5934\u6570\u91cf\u672c\u8eab\u5e76\u4e0d\u80fd\u8bf4\u660e\u5168\u90e8\u60c5\u51b5\u3002", "events": [], "arguments": {"time": [], "loc": [], "country": [], "weapon": []}}, {"sentence": "\u201d\u4ed6\u8868\u793a\uff0c\u5728\u672a\u6765\u5341\u5e74\uff0c\u4e2d\u56fd\u8ba1\u5212\u6269\u5927\u5176\u5f39\u9053\u5bfc\u5f39\u6f5c\u8247\u90e8\u961f\uff0c\u5e76\u90e8\u7f72\u80fd\u529b\u66f4\u5f3a\u3001\u5c04\u7a0b\u66f4\u8fdc\u7684\u6d77\u57fa\u5f39\u9053\u5bfc\u5f39\uff0c\u4e2d\u56fd\u8fd8\u8ba1\u5212\u5b8c\u6210\u5177\u5907\u7a7a\u5c04\u5f39\u9053\u5bfc\u5f39\u7684\u8f70\u70b8\u673a\u7684\u7814\u53d1\u3002", "events": [], "arguments": {"time": [], "loc": [], "country": [{"text": "\u4e2d\u56fd", "offset": 11, "length": 2}, {"text": "\u4e2d\u56fd", "offset": 47, "length": 2}], "weapon": [{"text": "\u6d77\u57fa\u5f39\u9053\u5bfc\u5f39", "offset": 40, "length": 6}, {"text": "\u8f70\u70b8\u673a", "offset": 63, "length": 3}]}}, {"sentence": "\u4ed6\u8fd8\u8bf4\uff0c\u5728\u5730\u9762\u4e0a\u4e2d\u56fd\u8ba1\u5212\u90e8\u7f72\u66f4\u591a\u673a\u52a8\u5f0f\u6d32\u9645\u5bfc\u5f39\uff0c\u4e5f\u53ef\u80fd\u6269\u5927\u5176\u53d1\u5c04\u4e95\u56fa\u5b9a\u5f0f\u6d32\u9645\u5f39\u9053\u5bfc\u5f39\u7684\u80fd\u529b\u3002", "events": [], "arguments": {"time": [], "loc": [], "country": [{"text": "\u4e2d\u56fd", "offset": 8, "length": 2}], "weapon": [{"text": "\u673a\u52a8\u5f0f\u6d32\u9645\u5bfc\u5f39", "offset": 16, "length": 7}, {"text": "\u4e95\u56fa\u5b9a\u5f0f\u6d32\u9645\u5f39\u9053\u5bfc\u5f39", "offset": 32, "length": 10}]}}, {"sentence": "\u7f8e\u56fd\u4e00\u5411\u4e60\u60ef\u7092\u4f5c\u4e2d\u56fd\u6838\u6b66\u5668\u8bdd\u9898\uff0c\u7136\u800c\u73b0\u5b9e\u5374\u662f\u7f8e\u56fd\u662f\u4e16\u754c\u4e0a\u62e5\u6709\u6838\u6b66\u5668\u6570\u91cf\u6700\u591a\u7684\u56fd\u5bb6\u3002", "events": [], "arguments": {"time": [], "loc": [], "country": [{"text": "\u7f8e\u56fd", "offset": 0, "length": 2}, {"text": "\u4e2d\u56fd", "offset": 8, "length": 2}, {"text": "\u7f8e\u56fd", "offset": 22, "length": 2}], "weapon": []}}, {"sentence": "\u4e2d\u56fd\u5916\u4ea4\u90e8\u53d1\u8a00\u4eba\u8d75\u7acb\u575a\u66fe\u8868\u793a\uff0c\u4e2d\u65b9\u4e00\u8d2f\u4e3b\u5f20\u6700\u7ec8\u5168\u9762\u7981\u6b62\u548c\u5f7b\u5e95\u9500\u6bc1\u6838\u6b66\u5668\u3002", "events": [], "arguments": {"time": [], "loc": [], "country": [{"text": "\u4e2d\u56fd", "offset": 0, "length": 2}, {"text": "\u4e2d\u65b9", "offset": 15, "length": 2}], "weapon": []}}, {"sentence": "\u540c\u65f6\uff0c\u4e2d\u65b9\u8ba4\u4e3a\uff0c\u6838\u88c1\u519b\u5e94\u9075\u5faa\u201c\u7ef4\u62a4\u5168\u7403\u6218\u7565\u7a33\u5b9a\u201d\u548c\u201c\u5404\u56fd\u5b89\u5168\u4e0d\u53d7\u51cf\u635f\u201d\u7684\u539f\u5219\uff0c\u5faa\u5e8f\u6e10\u8fdb\u52a0\u4ee5\u63a8\u8fdb\u3002", "events": [], "arguments": {"time": [], "loc": [], "country": [{"text": "\u4e2d\u65b9", "offset": 3, "length": 2}], "weapon": []}}, {"sentence": "\u62e5\u6709\u6700\u5927\u6838\u6b66\u5e93\u7684\u56fd\u5bb6\uff0c\u5728\u6838\u88c1\u519b\u65b9\u9762\u8d1f\u6709\u7279\u6b8a\u3001\u4f18\u5148\u8d23\u4efb\u3002", "events": [], "arguments": {"time": [], "loc": [], "country": [], "weapon": []}}, {"sentence": "\u5f53\u524d\uff0c\u56fd\u9645\u6838\u519b\u63a7\u4f53\u7cfb\u6b63\u9762\u4e34\u4e25\u5cfb\u6311\u6218\u3002", "events": [], "arguments": {"time": [], "loc": [], "country": [], "weapon": []}}, {"sentence": "\u7f8e\u56fd\u5e94\u5f53\u4ee5\u8d1f\u8d23\u4efb\u6001\u5ea6\u56de\u5e94\u4fc4\u7f57\u65af\u7684\u79ef\u6781\u547c\u5401\uff0c\u5ef6\u957f\u300a\u7f8e\u4fc4\u5173\u4e8e\u8fdb\u4e00\u6b65\u524a\u51cf\u548c\u9650\u5236\u8fdb\u653b\u6027\u6218\u7565\u6b66\u5668\u63aa\u65bd\u7684\u6761\u7ea6\u300b\uff0c\u5e76\u5728\u6b64\u57fa\u7840\u4e0a\u8fdb\u4e00\u6b65\u5927\u5e45\u524a\u51cf\u6838\u6b66\u5e93\uff0c\u4e3a\u5176\u4ed6\u56fd\u5bb6\u53c2\u52a0\u6838\u88c1\u519b\u8c08\u5224\u521b\u9020\u6761\u4ef6\u3002", "events": [], "arguments": {"time": [], "loc": [], "country": [{"text": "\u7f8e\u56fd", "offset": 0, "length": 2}, {"text": "\u4fc4\u7f57\u65af", "offset": 12, "length": 3}], "weapon": []}}, {"sentence": "\u5984\u731c\u201c\u4e2d\u56fd\u6253\u9020\u4e16\u754c\u7ea7\u519b\u961f\u201d", "events": [], "arguments": {"time": [], "loc": [], "country": [{"text": "\u4e2d\u56fd", "offset": 3, "length": 2}], "weapon": []}}, {"sentence": "\u8be5\u62a5\u544a\u8fd8\u5f97\u51fa\u7ed3\u8bba\uff0c\u9664\u4e86\u5728\u6838\u80fd\u529b\u65b9\u9762\uff0c\u4e2d\u56fd\u7684\u76ee\u6807\u662f\u57282050\u5e74\u5de6\u53f3\u5c06\u89e3\u653e\u519b\u6253\u9020\u6210\u201c\u4e16\u754c\u7ea7\u7684\u519b\u961f\u201d\u3002", "events": [], "arguments": {"time": [], "loc": [], "country": [{"text": "\u4e2d\u56fd", "offset": 18, "length": 2}], "weapon": []}}, {"sentence": "\u62a5\u544a\u79f0\uff0c\u4e2d\u56fd\u201c\u5f88\u53ef\u80fd\u5df2\u7ecf\u5728\u8003\u8651\u201d\u5728\u5883\u5916\u5efa\u7acb\u53ef\u652f\u6301\u5176\u6d77\u9646\u7a7a\u90e8\u961f\u7684\u540e\u52e4\u8bbe\u65bd\uff0c\u53ef\u80fd\u8003\u8651\u7684\u56fd\u5bb6\u548c\u5730\u533a\u5305\u62ec\u7f05\u7538\u3001\u6cf0\u56fd\u3001\u65b0\u52a0\u5761\u3001\u5370\u5ea6\u5c3c\u897f\u4e9a\u3001\u5df4\u57fa\u65af\u5766\u3001\u65af\u91cc\u5170\u5361\u3001\u963f\u8054\u914b\u3001\u80af\u5c3c\u4e9a\u3001\u585e\u820c\u5c14\u3001\u5766\u6851\u5c3c\u4e9a\u3001\u5b89\u54e5\u62c9\u548c\u5854\u5409\u514b\u65af\u5766\u3002", "events": [], "arguments": {"time": [], "loc": [], "country": [{"text": "\u4e2d\u56fd", "offset": 4, "length": 2}, {"text": "\u7f05\u7538", "offset": 48, "length": 2}, {"text": "\u6cf0\u56fd", "offset": 51, "length": 2}, {"text": "\u65b0\u52a0\u5761", "offset": 54, "length": 3}, {"text": "\u5370\u5ea6\u5c3c\u897f\u4e9a", "offset": 58, "length": 5}, {"text": "\u5df4\u57fa\u65af\u5766", "offset": 64, "length": 4}, {"text": "\u65af\u91cc\u5170\u5361", "offset": 69, "length": 4}, {"text": "\u963f\u8054\u914b", "offset": 74, "length": 3}, {"text": "\u80af\u5c3c\u4e9a", "offset": 78, "length": 3}, {"text": "\u585e\u820c\u5c14", "offset": 82, "length": 3}, {"text": "\u5766\u6851\u5c3c\u4e9a", "offset": 86, "length": 4}, {"text": "\u5b89\u54e5\u62c9", "offset": 91, "length": 3}, {"text": "\u5854\u5409\u514b\u65af\u5766", "offset": 95, "length": 5}], "weapon": []}}, {"sentence": "\u65af\u5e03\u62c9\u57fa\u4e9a\u8bf4\uff1a\u201c\u5bf9\u4e8e\u89e3\u653e\u519b\u6765\u8bf4\uff0c\u8fd9\u610f\u5473\u7740\u4ed6\u4eec\u6709\u2018\u8d70\u51fa\u53bb\u2019\u7684\u60f3\u6cd5\uff0c\u6211\u8ba4\u4e3a\u8fd9\u5c31\u662f\u2018\u4e16\u754c\u7ea7\u519b\u961f\u2019\u7684\u4e00\u4e2a\u65b9\u9762\uff0c\u53ef\u4ee5\u5728\u81ea\u5df1\u9009\u62e9\u7684\u65f6\u95f4\u8282\u70b9\u548c\u5730\u70b9\u4e0a\u5f62\u6210\u5f71\u54cd\u529b\u3002", "events": [], "arguments": {"time": [], "loc": [], "country": [], "weapon": []}}, {"sentence": "\u201d", "events": [], "arguments": {"time": [], "loc": [], "country": [], "weapon": []}}, {"sentence": "\u5b9e\u9645\u4e0a\uff0c\u7f8e\u56fd\u519b\u65b9\u6bcf\u5e74\u90fd\u4f1a\u53d1\u5e03\u6240\u8c13\u7684\u300a\u4e2d\u56fd\u519b\u529b\u4e0e\u5b89\u5168\u53d1\u5c55\u62a5\u544a\u300b\uff0c\u7092\u4f5c\u201c\u4e2d\u56fd\u5a01\u80c1\u8bba\u201d\u3002", "events": [], "arguments": {"time": [], "loc": [], "country": [{"text": "\u7f8e\u56fd", "offset": 4, "length": 2}, {"text": "\u4e2d\u56fd", "offset": 18, "length": 2}, {"text": "\u4e2d\u56fd", "offset": 34, "length": 2}], "weapon": []}}, {"sentence": "\u4e2d\u56fd\u653f\u5e9c\u5728\u53bb\u5e74\u53d1\u8868\u300a\u65b0\u65f6\u4ee3\u7684\u4e2d\u56fd\u56fd\u9632\u300b\u4e2d\u6307\u51fa\uff0c\u575a\u51b3\u634d\u536b\u56fd\u5bb6\u4e3b\u6743\u3001\u5b89\u5168\u3001\u53d1\u5c55\u5229\u76ca\uff0c\u662f\u65b0\u65f6\u4ee3\u4e2d\u56fd\u56fd\u9632\u7684\u6839\u672c\u76ee\u6807\uff1b\u575a\u6301\u6c38\u4e0d\u79f0\u9738\u3001\u6c38\u4e0d\u6269\u5f20\u3001\u6c38\u4e0d\u8c0b\u6c42\u52bf\u529b\u8303\u56f4\uff0c\u662f\u65b0\u65f6\u4ee3\u4e2d\u56fd\u56fd\u9632\u7684\u9c9c\u660e\u7279\u5f81\uff1b\u8d2f\u5f7b\u843d\u5b9e\u65b0\u65f6\u4ee3\u519b\u4e8b\u6218\u7565\u65b9\u9488\uff0c\u662f\u65b0\u65f6\u4ee3\u4e2d\u56fd\u56fd\u9632\u7684\u6218\u7565\u6307\u5bfc\uff1b\u575a\u6301\u8d70\u4e2d\u56fd\u7279\u8272\u5f3a\u519b\u4e4b\u8def\uff0c\u662f\u65b0\u65f6\u4ee3\u4e2d\u56fd\u56fd\u9632\u7684\u53d1\u5c55\u8def\u5f84\uff1b\u670d\u52a1\u6784\u5efa\u4eba\u7c7b\u547d\u8fd0\u5171\u540c\u4f53\uff0c\u662f\u65b0\u65f6\u4ee3\u4e2d\u56fd\u56fd\u9632\u7684\u4e16\u754c\u610f\u4e49\u3002", "events": [], "arguments": {"time": [], "loc": [], "country": [{"text": "\u4e2d\u56fd", "offset": 0, "length": 2}, {"text": "\u4e2d\u56fd", "offset": 14, "length": 2}, {"text": "\u4e2d\u56fd", "offset": 44, "length": 2}, {"text": "\u4e2d\u56fd", "offset": 79, "length": 2}, {"text": "\u4e2d\u56fd", "offset": 107, "length": 2}, {"text": "\u4e2d\u56fd", "offset": 120, "length": 2}, {"text": "\u4e2d\u56fd", "offset": 133, "length": 2}, {"text": "\u4e2d\u56fd", "offset": 159, "length": 2}], "weapon": []}}, {"sentence": "\u4e2d\u56fd\u519b\u961f\u5fe0\u5b9e\u8df5\u884c\u4eba\u7c7b\u547d\u8fd0\u5171\u540c\u4f53\u7406\u5ff5\uff0c\u79ef\u6781\u5c65\u884c\u5927\u56fd\u519b\u961f\u56fd\u9645\u8d23\u4efb\uff0c\u5168\u9762\u63a8\u8fdb\u65b0\u65f6\u4ee3\u56fd\u9645\u519b\u4e8b\u5408\u4f5c\uff0c\u52aa\u529b\u4e3a\u5efa\u8bbe\u6301\u4e45\u548c\u5e73\u3001\u666e\u904d\u5b89\u5168\u7684\u7f8e\u597d\u4e16\u754c\u4f5c\u8d21\u732e\u3002", "events": [], "arguments": {"time": [], "loc": [], "country": [{"text": "\u4e2d\u56fd", "offset": 0, "length": 2}], "weapon": []}}]