[{"sentence": "\u65b0\u51a0\u75ab\u60c5\u4ee4\u591a\u56fd\u6f14\u4e60\u53d6\u6d88\u00a0\u5fb7\u56fd\u5c06\u5355\u72ec\u5728\u6ce2\u7f57\u7684\u6d77\u4e3e\u884c\u6f14\u4e60", "events": [], "arguments": {"time": [], "loc": [], "country": [{"text": "\u5fb7\u56fd", "offset": 12, "length": 2}], "weapon": []}}, {"sentence": "\u3010\u73af\u7403\u7f51\u62a5\u9053 \u8bb0\u8005 \u9a6c\u5ca9\u3011", "events": [], "arguments": {"time": [], "loc": [], "country": [], "weapon": []}}, {"sentence": "\u636e\u201c\u4e16\u754c\u9632\u52a1\u65b0\u95fb\u201d\u7f51\u7ad98\u670831\u65e5\u62a5\u9053\uff0c\u5fb7\u56fd\u6d77\u519b\u5f53\u5929\u5ba3\u5e03\uff0c\u201c\u5fb7\u56fd\u6f14\u4e602020\u201d\u5c06\u5728\u6ce2\u7f57\u7684\u6d77\u897f\u90e8\u4e3e\u884c\uff0c\u5e76\u6301\u7eed\u81f39\u67087\u65e5\u3002", "events": [], "arguments": {"time": [{"text": "8\u670831\u65e5", "offset": 11, "length": 5}, {"text": "9\u67087\u65e5", "offset": 53, "length": 4}], "loc": [], "country": [{"text": "\u5fb7\u56fd", "offset": 19, "length": 2}, {"text": "\u5fb7\u56fd", "offset": 29, "length": 2}], "weapon": []}}, {"sentence": "\u73b0\u4efb\u6d77\u519b\u7763\u5bdf\u3001\u526f\u4e0a\u5c06\u5b89\u5fb7\u91cc\u4e9a\u65af\u2022\u514b\u52b3\u65af\u51b3\u5b9a\u4eca\u5e74\u4e3e\u884c\u5355\u4e00\u56fd\u5bb6\u7684\u6f14\u4e60\uff0c\u53d6\u4ee3\u201c\u5317\u90e8\u6d77\u5cb8\u201d\u591a\u56fd\u6f14\u4e60\uff0c\u5176\u6f14\u4e60\u5185\u5bb9\u5305\u62ec\u5355\u72ec\u4f5c\u6218\u8bad\u7ec3\u548c\u6218\u672f\u8054\u5408\u6f14\u4e60\u3002", "events": [], "arguments": {"time": [], "loc": [], "country": [], "weapon": []}}, {"sentence": "\u8fd9\u4e3b\u8981\u662f\u7531\u4e8e\u65b0\u51a0\u75ab\u60c5\u4ee4\u591a\u56fd\u8054\u5408\u6f14\u4e60\u65e0\u6cd5\u4e3e\u884c\u3002", "events": [], "arguments": {"time": [], "loc": [], "country": [], "weapon": []}}, {"sentence": "\u53c2\u4e0e\u201c\u5fb7\u56fd\u6f14\u4e602020\u201d\u7684\u4e3b\u8981\u519b\u4e8b\u88c5\u5907\u6709\u201c\u6d2a\u5821\u201d\u53f7\u626b\u96f7\u8230\u3001\u201c\u5a01\u62c9\u201d\u53f7\u9644\u5c5e\u8239\u3001U33\u53f7\u6f5c\u8247\u3001P-3C\u53cd\u6f5c\u673a\u4ee5\u53ca\u201c\u6d77\u738b\u201d\u548c\u201c\u6d77\u5c71\u732b\u201d\u76f4\u5347\u673a\u3002", "events": [], "arguments": {"time": [], "loc": [], "country": [{"text": "\u5fb7\u56fd", "offset": 3, "length": 2}], "weapon": [{"text": "\u201c\u6d2a\u5821\u201d\u53f7\u626b\u96f7\u8230", "offset": 20, "length": 8}, {"text": "\u201c\u5a01\u62c9\u201d\u53f7\u9644\u5c5e\u8239", "offset": 29, "length": 8}, {"text": "U33\u53f7\u6f5c\u8247\u3001", "offset": 38, "length": 7}, {"text": "P-3C\u53cd\u6f5c\u673a", "offset": 45, "length": 7}, {"text": "\u201c\u6d77\u738b\u201d", "offset": 54, "length": 4}, {"text": "\u201c\u6d77\u5c71\u732b\u201d\u76f4\u5347\u673a", "offset": 59, "length": 8}, {"text": "U33\u53f7\u6f5c\u8247", "offset": 38, "length": 6}]}}, {"sentence": "\u6b64\u5916\uff0c\u201c\u5317\u83b1\u8335-\u5a01\u65af\u7279\u6cd5\u4f26\u201d\u53f7\u62a4\u536b\u8230\u3001\u5317\u7ea6\u7684\u201c\u5e38\u8bbe\u5317\u7ea6\u6d77\u4e8b\u7ec4\u7ec71\u53f7\u201d\u4ee5\u53ca\u7231\u6c99\u5c3c\u4e9a\u6d77\u519b\u7684\u201c\u4e4c\u7518\u8fea\u201d\u53f7\u626b\u96f7\u8239\u4e5f\u5c06\u77ed\u671f\u53c2\u52a0\u6f14\u4e60\u3002", "events": [], "arguments": {"time": [], "loc": [], "country": [{"text": "\u5317\u7ea6", "offset": 19, "length": 2}, {"text": "\u5317\u7ea6", "offset": 25, "length": 2}, {"text": "\u7231\u6c99\u5c3c\u4e9a", "offset": 36, "length": 4}], "weapon": [{"text": "\u201c\u5317\u83b1\u8335-\u5a01\u65af\u7279\u6cd5\u4f26\u201d\u53f7\u62a4\u536b\u8230", "offset": 3, "length": 15}, {"text": "\u201c\u5e38\u8bbe\u5317\u7ea6\u6d77\u4e8b\u7ec4\u7ec71\u53f7", "offset": 22, "length": 11}, {"text": "\u201c\u4e4c\u7518\u8fea\u201d\u53f7\u626b\u96f7\u8239", "offset": 43, "length": 9}, {"text": "\u201c\u5e38\u8bbe\u5317\u7ea6\u6d77\u4e8b\u7ec4\u7ec71\u53f7\u201d", "offset": 22, "length": 12}]}}, {"sentence": "\u6ce2\u7f57\u7684\u6d77\u7684\u5730\u7406\u4f4d\u7f6e\u5177\u6709\u91cd\u8981\u6218\u7565\u610f\u4e49\uff0c\u7531\u4e8e\u6d77\u5ce1\u548c\u5c9b\u5c7f\u4f17\u591a\u3001\u6c34\u6df1\u8f83\u6d45\uff0c\u6d77\u519b\u7684\u4f5c\u6218\u96be\u5ea6\u975e\u5e38\u5927\u3002", "events": [], "arguments": {"time": [], "loc": [{"text": "\u6ce2\u7f57\u7684\u6d77", "offset": 0, "length": 4}], "country": [], "weapon": []}}]