[{"sentence": "\u7f8e\u6d77\u519b\u4e00\u67b6E-2C\u201c\u9e70\u773c\u201d\u5760\u6bc1\u00a0\u673a\u4e0a\u4eba\u5458\u8df3\u4f1e\u9003\u751f", "events": [], "arguments": {"time": [], "loc": [], "country": [{"text": "\u7f8e", "offset": 0, "length": 1}], "weapon": [{"text": "E-2C\u201c\u9e70\u773c\u201d", "offset": 5, "length": 8}]}}, {"sentence": "\u3010\u73af\u7403\u7f51\u62a5\u9053 \u8bb0\u8005 \u9a6c\u5ca9\u3011", "events": [], "arguments": {"time": [], "loc": [], "country": [], "weapon": []}}, {"sentence": "\u636e\u300a\u6d77\u519b\u65f6\u62a5\u300b\u7f51\u7ad98\u670831\u65e5\u62a5\u9053\uff0c\u7f8e\u56fd\u6d77\u519b\u5f53\u5929\u5ba3\u5e03\u4e00\u67b6E-2C\u201c\u9e70\u773c\u201d\u9884\u8b66\u673a\u5728\u5f17\u5409\u5c3c\u4e9a\u5dde\u5760\u6bc1\u3002", "events": [{"trigger": {"text": "\u5760\u6bc1", "offset": 44, "length": 2}, "subject": {"text": "E-2C\u201c\u9e70\u773c\u201d\u9884\u8b66\u673a", "offset": 27, "length": 11}, "object": {"text": "", "offset": 0, "length": 0}}], "arguments": {"time": [{"text": "8\u670831\u65e5", "offset": 9, "length": 5}], "loc": [{"text": "\u5f17\u5409\u5c3c\u4e9a\u5dde", "offset": 39, "length": 5}], "country": [{"text": "\u7f8e\u56fd", "offset": 17, "length": 2}], "weapon": [{"text": "E-2C\u201c\u9e70\u773c\u201d\u9884\u8b66\u673a", "offset": 27, "length": 11}]}}, {"sentence": "\u6d77\u519b\u822a\u7a7a\u5175\u5927\u897f\u6d0b\u90e8\u53d1\u8a00\u4eba\u8a79\u59ae\u5f17\u2022\u514b\u62c9\u683c\u5728\u58f0\u660e\u4e2d\u8bf4\uff0c\u8fd9\u67b6\u201c\u9e70\u773c\u201d\u9884\u8b66\u673a\u5f53\u65f6\u6b63\u5728\u8bad\u7ec3\u98de\u884c\uff0c\u4e8e\u4e0b\u53484\u70b95\u5206\u5728\u8bfa\u798f\u514b\u90e1\u4e1c\u5317\u65b9\u5411\u7684\u4e00\u4e2a\u5c9b\u5c7f\u9644\u8fd1\u5760\u6bc1\u3002", "events": [], "arguments": {"time": [], "loc": [], "country": [], "weapon": [{"text": "\u201c\u9e70\u773c\u201d\u9884\u8b66\u673a", "offset": 27, "length": 7}]}}, {"sentence": "\u5979\u8868\u793a\uff0c\u4e24\u540d\u98de\u884c\u5458\u548c\u4e24\u540d\u4e58\u5458\u5728\u767b\u673a\u524d\u5c31\u628a\u964d\u843d\u4f1e\u7a7f\u5728\u8eab\u4e0a\uff0c\u90fd\u53ca\u65f6\u8df3\u4f1e\uff0c\u5e76\u6ca1\u6709\u91cd\u4f24\u3002", "events": [], "arguments": {"time": [], "loc": [], "country": [], "weapon": []}}, {"sentence": "\u62a5\u9053\u79f0\uff0c\u521d\u6b65\u8c03\u67e5\u663e\u793a\u98de\u673a\u5760\u6bc1\u6ca1\u6709\u9020\u6210\u5730\u9762\u4eba\u5458\u53d7\u4f24\uff0c\u4e5f\u6ca1\u6709\u9020\u6210\u5efa\u7b51\u7269\u635f\u6bc1\u3002", "events": [], "arguments": {"time": [], "loc": [], "country": [], "weapon": [{"text": "\u98de\u673a", "offset": 10, "length": 2}]}}]