[{"sentence": "\u4fc4\u6d77\u519b\u5728\u963f\u62c9\u65af\u52a0\u9644\u8fd1\u4e3e\u884c\u5927\u89c4\u6a21\u519b\u6f14\u00a0\u79f0\u65e8\u5728\u4fdd\u62a4\u4fc4\u5728\u5317\u6781\u8d44\u6e90", "events": [], "arguments": {"time": [], "loc": [], "country": [{"text": "\u4fc4", "offset": 0, "length": 1}], "weapon": []}}, {"sentence": "\u3010\u73af\u7403\u7f51\u62a5\u9053 \u8bb0\u8005 \u9a6c\u5ca9\u3011", "events": [], "arguments": {"time": [], "loc": [], "country": [], "weapon": []}}, {"sentence": "\u636e\u300a\u519b\u4e8b\u65f6\u62a5\u300b\u7f51\u7ad98\u670830\u65e5\u62a5\u9053\uff0c\u4fc4\u7f57\u65af\u519b\u65b9\u4e0a\u5468\u4e94\u8868\u793a\uff0c\u4fc4\u6d77\u519b\u5728\u963f\u62c9\u65af\u52a0\u9644\u8fd1\u4e3e\u884c\u4e86\u6709\u6570\u5341\u8258\u519b\u8230\u53c2\u52a0\u7684\u5927\u578b\u519b\u4e8b\u6f14\u4e60\uff0c\u8fd9\u662f\u81ea\u82cf\u8054\u65f6\u4ee3\u4ee5\u6765\u5728\u8be5\u5730\u533a\u4e3e\u884c\u7684\u6700\u5927\u89c4\u6a21\u6f14\u4e60\u3002", "events": [{"trigger": {"text": "\u519b\u4e8b\u6f14\u4e60", "offset": 52, "length": 4}, "subject": {"text": "\u4fc4\u6d77\u519b", "offset": 28, "length": 3}, "object": {"text": "", "offset": 0, "length": 0}}], "arguments": {"time": [{"text": "8\u670830\u65e5", "offset": 9, "length": 5}], "loc": [{"text": "\u963f\u62c9\u65af\u52a0\u9644\u8fd1", "offset": 32, "length": 6}], "country": [{"text": "\u4fc4\u7f57\u65af", "offset": 17, "length": 3}, {"text": "\u82cf\u8054", "offset": 60, "length": 2}], "weapon": [{"text": "\u519b\u8230", "offset": 45, "length": 2}]}}, {"sentence": "\u4fc4\u7f57\u65af\u6d77\u519b\u603b\u53f8\u4ee4\u5c3c\u53e4\u62c9\u2022\u53f6\u592b\u95e8\u8bfa\u592b\u8868\u793a\uff0c\u8d85\u8fc750\u8258\u519b\u8230\u548c\u7ea640\u67b6\u98de\u673a\u53c2\u52a0\u4e86\u5728\u767d\u4ee4\u6d77\u5ce1\u7684\u6f14\u4e60\uff0c\u5176\u4e2d\u5305\u62ec\u591a\u6b21\u5bfc\u5f39\u53d1\u5c04\u8bad\u7ec3\u3002", "events": [], "arguments": {"time": [], "loc": [], "country": [{"text": "\u4fc4\u7f57\u65af", "offset": 0, "length": 3}], "weapon": [{"text": "\u519b\u8230", "offset": 25, "length": 2}, {"text": "\u98de\u673a", "offset": 32, "length": 2}, {"text": "\u5bfc\u5f39", "offset": 52, "length": 2}]}}, {"sentence": "\u4ed6\u5f3a\u8c03\uff0c\u8fd9\u6b21\u519b\u4e8b\u6f14\u4e60\u65e8\u5728\u52a0\u5f3a\u4fc4\u7f57\u65af\u5728\u5317\u6781\u5730\u533a\u7684\u5b58\u5728\u548c\u4fdd\u62a4\u5728\u5317\u6781\u7684\u8d44\u6e90\u3002", "events": [], "arguments": {"time": [], "loc": [], "country": [{"text": "\u4fc4\u7f57\u65af", "offset": 14, "length": 3}], "weapon": []}}, {"sentence": "\u8fd1\u5e74\u6765\uff0c\u4fc4\u7f57\u65af\u519b\u65b9\u5728\u5317\u6781\u5730\u533a\u91cd\u5efa\u548c\u6269\u5927\u4e86\u8bb8\u591a\u8bbe\u65bd\uff0c\u6539\u9020\u4e86\u8dd1\u9053\uff0c\u5e76\u90e8\u7f72\u4e86\u66f4\u591a\u9632\u7a7a\u88c5\u5907\u3002", "events": [], "arguments": {"time": [], "loc": [], "country": [{"text": "\u4fc4\u7f57\u65af", "offset": 4, "length": 3}], "weapon": []}}, {"sentence": "\u636e\u4fe1\uff0c\u5317\u6781\u5730\u533a\u8574\u85cf\u7740\u5168\u7403\u672a\u63a2\u660e\u77f3\u6cb9\u548c\u5929\u7136\u6c14\u50a8\u91cf\u7684\u56db\u5206\u4e4b\u4e00\u3002", "events": [], "arguments": {"time": [], "loc": [], "country": [], "weapon": []}}, {"sentence": "\u4fc4\u7f57\u65af\u603b\u7edf\u666e\u4eac\u66fe\u63f4\u5f15\u6570\u636e\u8868\u793a\uff0c\u5317\u6781\u7684\u77ff\u4ea7\u8d44\u6e90\u4ef7\u503c\u4e3a30\u4e07\u4ebf\u7f8e\u5143\u3002", "events": [], "arguments": {"time": [], "loc": [], "country": [], "weapon": []}}, {"sentence": "\u6f14\u4e60\u671f\u95f4\uff0c\u7f8e\u56fd\u519b\u65b9\u53d1\u73b0\u4e00\u8258\u4fc4\u7f57\u65af\u6f5c\u8247\u5728\u963f\u62c9\u65af\u52a0\u9644\u8fd1\u6d6e\u51fa\u6c34\u9762\uff0c\u5e76\u5bf9\u5176\u8fdb\u884c\u4e86\u5bc6\u5207\u76d1\u89c6\u3002", "events": [], "arguments": {"time": [], "loc": [], "country": [{"text": "\u7f8e\u56fd", "offset": 5, "length": 2}, {"text": "\u4fc4\u7f57\u65af", "offset": 13, "length": 3}], "weapon": [{"text": "\u6f5c\u8247", "offset": 16, "length": 2}]}}, {"sentence": "\u800c\u4fc4\u7f57\u65af\u592a\u5e73\u6d0b\u8230\u961f\u8868\u793a\uff0c\u201c\u9102\u6728\u65af\u514b\u201d\u6838\u6f5c\u8247\u6d6e\u51fa\u6c34\u9762\u662f\u4f8b\u884c\u516c\u4e8b\u3002", "events": [], "arguments": {"time": [], "loc": [], "country": [{"text": "\u4fc4\u7f57\u65af", "offset": 1, "length": 3}], "weapon": [{"text": "\u201c\u9102\u6728\u65af\u514b\u201d\u6838\u6f5c\u8247", "offset": 12, "length": 9}]}}, {"sentence": "\u6b64\u5916\uff0c\u4e0a\u5468\u56db\u665a\u95f4\uff0c\u7f8e\u519b\u51fa\u52a8F-22\u6218\u6597\u673a\u62e6\u622a\u4e86\u4e09\u7ec4\u63a5\u8fd1\u963f\u62c9\u65af\u52a0\u7684\u4fc4\u519b\u56fe-142\u6d77\u4e0a\u5de1\u903b\u673a\u3002", "events": [], "arguments": {"time": [], "loc": [], "country": [{"text": "\u7f8e", "offset": 9, "length": 1}], "weapon": [{"text": "F-22\u6218\u6597\u673a", "offset": 13, "length": 7}, {"text": "\u56fe-142\u6d77\u4e0a\u5de1\u903b\u673a", "offset": 34, "length": 10}]}}, {"sentence": "\u8fd9\u4e9b\u4fc4\u519b\u98de\u673a\u5728\u8be5\u5730\u533a\u505c\u7559\u4e86\u5927\u7ea65\u5c0f\u65f6\uff0c\u636e\u963f\u62c9\u65af\u52a0\u6700\u8fd150\u6d77\u91cc\u3002", "events": [], "arguments": {"time": [], "loc": [], "country": [{"text": "\u4fc4", "offset": 2, "length": 1}], "weapon": []}}, {"sentence": "\u6709\u5b98\u5458\u8868\u793a\uff0c\u4fc4\u519b\u98de\u673a\u4e00\u76f4\u505c\u7559\u5728\u56fd\u9645\u7a7a\u57df\uff0c\u4ece\u672a\u8fdb\u5165\u7f8e\u56fd\u6216\u52a0\u62ff\u5927\u7684\u9886\u7a7a\u3002", "events": [], "arguments": {"time": [], "loc": [], "country": [{"text": "\u4fc4", "offset": 6, "length": 1}, {"text": "\u7f8e\u56fd", "offset": 24, "length": 2}, {"text": "\u52a0\u62ff\u5927", "offset": 27, "length": 3}], "weapon": [{"text": "\u98de\u673a", "offset": 8, "length": 2}]}}, {"sentence": "\u8fd1\u5e74\u6765\uff0c\u4fc4\u7f57\u65af\u6269\u5927\u4e86\u519b\u4e8b\u6f14\u4e60\u7684\u6570\u91cf\u548c\u8303\u56f4\u3002", "events": [], "arguments": {"time": [], "loc": [], "country": [{"text": "\u4fc4\u7f57\u65af", "offset": 4, "length": 3}], "weapon": []}}, {"sentence": "2014\u5e74\u4fc4\u7f57\u65af\u541e\u5e76\u4e4c\u514b\u5170\u7684\u514b\u91cc\u7c73\u4e9a\u534a\u5c9b\u540e\uff0c\u4fc4\u7f57\u65af\u4e0e\u897f\u65b9\u7684\u5173\u7cfb\u964d\u5230\u4e86\u51b7\u6218\u7ed3\u675f\u540e\u7684\u6700\u4f4e\u6c34\u5e73\u3002", "events": [], "arguments": {"time": [], "loc": [], "country": [{"text": "\u4fc4\u7f57\u65af", "offset": 5, "length": 3}, {"text": "\u4e4c\u514b\u5170", "offset": 10, "length": 3}, {"text": "\u4fc4\u7f57\u65af", "offset": 22, "length": 3}], "weapon": []}}, {"sentence": "\uff08\u5b8c\uff09", "events": [], "arguments": {"time": [], "loc": [], "country": [], "weapon": []}}, {"sentence": "\uff08\u5b8c\uff09", "events": [], "arguments": {"time": [], "loc": [], "country": [], "weapon": []}}]