[{"sentence": "\u7f8e\u519b\u201c\u5907\u6218\u4e2d\u56fd\u201d\u641e\u6539\u9769\uff0c\u97e9\u56fd\u62c5\u5fe7\u4e86......", "events": [], "arguments": {"time": [], "loc": [], "country": [{"text": "\u7f8e", "offset": 0, "length": 1}, {"text": "\u4e2d\u56fd", "offset": 5, "length": 2}, {"text": "\u97e9\u56fd", "offset": 12, "length": 2}], "weapon": []}}, {"sentence": "\u3010\u73af\u7403\u65f6\u62a5\u8bb0\u8005 \u738b\u4f1f\u3011", "events": [], "arguments": {"time": [], "loc": [], "country": [], "weapon": []}}, {"sentence": "\u97e9\u56fd\u300a\u671d\u9c9c\u65e5\u62a5\u300b8\u670830\u65e5\u79f0\uff0c\u7f8e\u56fd\u6d77\u519b\u9646\u6218\u961f\u6b63\u5728\u89c4\u5212\u91cd\u5927\u6218\u7565\u6539\u9769\uff0c\u6838\u5fc3\u662f\u629b\u5f03\u5766\u514b\u7b49\u4f20\u7edf\u4f5c\u6218\u529b\u91cf\uff0c\u8f6c\u800c\u5927\u5e45\u52a0\u5f3a\u53cd\u8230\u5bfc\u5f39\u7b49\u7cbe\u5bc6\u6253\u51fb\u80fd\u529b\uff0c\u4ee5\u5907\u6218\u201c\u672a\u6765\u53ef\u80fd\u7684\u4e2d\u7f8e\u6d77\u4e0a\u6469\u64e6\u201d\u3002", "events": [{"trigger": {"text": "\u6218\u7565\u6539\u9769", "offset": 28, "length": 4}, "subject": {"text": "\u7f8e\u56fd\u6d77\u519b\u9646\u6218\u961f", "offset": 15, "length": 7}, "object": {"text": "", "offset": 0, "length": 0}}], "arguments": {"time": [{"text": "8\u670830\u65e5", "offset": 8, "length": 5}], "loc": [], "country": [{"text": "\u97e9\u56fd", "offset": 0, "length": 2}, {"text": "\u671d\u9c9c", "offset": 3, "length": 2}, {"text": "\u7f8e\u56fd", "offset": 15, "length": 2}], "weapon": [{"text": "\u5766\u514b", "offset": 38, "length": 2}, {"text": "\u53cd\u8230\u5bfc\u5f39", "offset": 54, "length": 4}]}}, {"sentence": "\u4f46\u7f8e\u519b\u7684\u53d8\u5316\u5374\u5728\u97e9\u56fd\u5f15\u8d77\u610f\u6599\u4e4b\u5916\u7684\u62c5\u5fc3\uff1a\u5982\u679c\u671d\u9c9c\u534a\u5c9b\u53d1\u751f\u5168\u9762\u6218\u4e89\uff0c\u4e24\u6816\u80fd\u529b\u4e25\u91cd\u524a\u5f31\u7684\u7f8e\u519b\u5982\u4f55\u5b9e\u73b0\u97e9\u7f8e\u201c\u8054\u5408\u4f5c\u6218\u8ba1\u52125015\u201d\u4e2d\u7684\u5927\u89c4\u6a21\u767b\u9646\u4f5c\u6218\uff1f", "events": [], "arguments": {"time": [], "loc": [], "country": [{"text": "\u97e9\u56fd", "offset": 8, "length": 2}], "weapon": []}}, {"sentence": "\u62a5\u9053\u79f0\uff0c\u4eca\u5e743\u6708\uff0c\u7f8e\u56fd\u6d77\u519b\u9646\u6218\u961f\u53d1\u5e03\u672a\u676510\u5e74\u6539\u9769\u65b9\u6848\uff0c\u5176\u4e2d\u89c4\u5b9a\u7f8e\u56fd\u6d77\u519b\u9646\u6218\u961f\u603b\u5175\u529b\u5c06\u7531\u73b0\u5728\u768418.9\u4e07\u4eba\u7f29\u51cf\u523017\u4e07\u3002", "events": [], "arguments": {"time": [], "loc": [], "country": [{"text": "\u7f8e\u56fd", "offset": 32, "length": 2}, {"text": "\u7f8e\u56fd", "offset": 9, "length": 2}], "weapon": []}}, {"sentence": "\u66f4\u5173\u952e\u7684\u662f\uff0c\u7f8e\u6d77\u519b\u9646\u6218\u961f\u629b\u5f03\u4e86\u91cd\u578b\u88c5\u5907\uff0c\u8f6c\u800c\u8c0b\u6c42\u5efa\u7acb\u201c\u53ef\u5728\u5357\u6d77\u548c\u4e1c\u6d77\u7206\u53d1\u51b2\u7a81\u65f6\u80fd\u8fc5\u901f\u51fa\u52a8\u7684\u767e\u4eba\u89c4\u6a21\u5c0f\u5206\u961f\uff0c\u4ee5\u4fbf\u5728\u4e2d\u56fd\u5bfc\u5f39\u5c04\u7a0b\u5185\u4e0e\u89e3\u653e\u519b\u4f5c\u6218\u201d\u3002", "events": [], "arguments": {"time": [], "loc": [], "country": [{"text": "\u7f8e", "offset": 6, "length": 1}, {"text": "\u4e2d\u56fd", "offset": 56, "length": 2}], "weapon": [{"text": "\u5bfc\u5f39", "offset": 58, "length": 2}]}}, {"sentence": "\u4f5c\u4e3a\u4ee3\u4ef7\uff0c\u7f8e\u6d77\u519b\u9646\u6218\u961f\u4e0d\u4f46\u6dd8\u6c70\u4e86M1A1\u4e3b\u6218\u5766\u514b\uff0c\u4f5c\u4e3a\u6d77\u519b\u9646\u6218\u961f\u8c61\u5f81\u7684\u767b\u9646\u7a81\u51fb\u88c5\u7532\u8f66\u8fde\u4e5f\u7531\u73b0\u5728\u76846\u4e2a\u7f29\u51cf\u4e3a4\u4e2a\uff0c\u6b64\u5916AH-1\u653b\u51fb\u76f4\u5347\u673a\u3001CH-53\u5927\u578b\u8fd0\u8f93\u76f4\u5347\u673a\u3001MV-22\u5782\u76f4\u8d77\u964d\u98de\u673a\u7b49\u7a7a\u4e2d\u90e8\u961f\u5c06\u5927\u89c4\u6a21\u51cf\u5c11\uff0c\u8d1f\u8d23\u7a7a\u4e2d\u652f\u63f4\u7684F-35\u9690\u5f62\u6218\u6597\u673a\u6570\u91cf\u4e5f\u88ab\u538b\u7f29\u3002", "events": [], "arguments": {"time": [], "loc": [], "country": [{"text": "\u7f8e", "offset": 5, "length": 1}], "weapon": [{"text": "M1A1\u4e3b\u6218\u5766\u514b", "offset": 16, "length": 8}, {"text": "AH-1\u653b\u51fb\u76f4\u5347\u673a", "offset": 58, "length": 9}, {"text": "CH-53\u5927\u578b\u8fd0\u8f93\u76f4\u5347\u673a", "offset": 68, "length": 12}, {"text": "MV-22\u5782\u76f4\u8d77\u964d\u98de\u673a", "offset": 81, "length": 11}, {"text": "F-35\u9690\u5f62\u6218\u6597\u673a", "offset": 111, "length": 9}]}}, {"sentence": "\u5982\u679c\u8fd9\u4e9b\u6784\u60f3\u6309\u8ba1\u5212\u57282030\u5e74\u843d\u5b9e\uff0c\u90a3\u79cd\u7f8e\u519b\u52a8\u5458\u4e0a\u4e07\u4eba\u6295\u9001\u5927\u89c4\u6a21\u5175\u529b\u548c\u91cd\u578b\u88c5\u5907\u8fdb\u884c\u6d77\u5cb8\u7a81\u51fb\u4f5c\u6218\u6216\u5c06\u6210\u4e3a\u5386\u53f2\u3002", "events": [], "arguments": {"time": [], "loc": [], "country": [{"text": "\u7f8e", "offset": 20, "length": 1}], "weapon": []}}, {"sentence": "\u62a5\u9053\u79f0\uff0c\u6839\u636e\u97e9\u7f8e\u89c4\u5212\uff0c\u76ee\u524d\u90e8\u7f72\u65e5\u672c\u51b2\u7ef3\u7684\u7f8e\u6d77\u519b\u9646\u6218\u961f\u7b2c\u4e09\u8fdc\u5f81\u519b\u5c06\u662f\u671d\u9c9c\u534a\u5c9b\u7206\u53d1\u6218\u4e89\u65f6\uff0c\u4e0e\u97e9\u56fd\u6d77\u519b\u9646\u6218\u961f\u5e76\u80a9\u4f5c\u6218\u3001\u767b\u9646\u671d\u9c9c\u7684\u91cd\u8981\u90e8\u961f\uff0c\u4f46\u968f\u7740\u8be5\u90e8\u961f\u7684\u88c1\u51cf\uff0c\u672a\u6765\u97e9\u7f8e\u8054\u5408\u4f5c\u6218\u4e0d\u53ef\u907f\u514d\u5c06\u53d7\u5230\u5f71\u54cd\u3002", "events": [], "arguments": {"time": [], "loc": [], "country": [{"text": "\u97e9\u56fd", "offset": 44, "length": 2}, {"text": "\u671d\u9c9c", "offset": 58, "length": 2}], "weapon": []}}, {"sentence": "\u97e9\u519b\u6d88\u606f\u4eba\u58eb30\u65e5\u79f0\uff0c\u4e00\u65e6\u7206\u53d1\u4e0e\u671d\u9c9c\u7684\u5168\u9762\u51b2\u7a81\uff0c\u97e9\u56fd\u5bf9\u7f8e\u6d77\u519b\u9646\u6218\u961f\u4f9d\u8d56\u5ea6\u5f88\u9ad8\uff0c\u4f46\u7f8e\u56fd\u6d77\u519b\u9646\u6218\u961f\u7684\u6539\u9769\u548c\u6218\u7565\u8c03\u6574\u5e76\u6ca1\u6709\u4e0e\u97e9\u65b9\u5546\u8ba8\uff0c\u672a\u6765\u53cc\u65b9\u5982\u4f55\u8054\u5408\u4f5c\u6218\u8fd8\u6ca1\u6709\u5b9a\u8bba\u3002", "events": [], "arguments": {"time": [], "loc": [], "country": [{"text": "\u671d\u9c9c", "offset": 16, "length": 2}, {"text": "\u97e9\u56fd", "offset": 24, "length": 2}, {"text": "\u7f8e\u56fd", "offset": 40, "length": 2}, {"text": "\u97e9\u65b9", "offset": 59, "length": 2}], "weapon": []}}, {"sentence": "\u9274\u4e8e\u5f53\u524d\u97e9\u56fd\u6d77\u519b\u9646\u6218\u961f\u76f4\u5347\u673a\u7b49\u7a7a\u4e2d\u529b\u91cf\u975e\u5e38\u8584\u5f31\uff0c\u7f8e\u519b\u4e0a\u8ff0\u53d8\u5316\u5c06\u4e0d\u53ef\u907f\u514d\u5bf9\u97e9\u7f8e\u8054\u5408\u4f5c\u6218\u9020\u6210\u5f71\u54cd\uff0c\u97e9\u56fd\u6d77\u519b\u9646\u6218\u961f\u7684\u6218\u529b\u4e5f\u5c06\u5927\u5e45\u4e0b\u6ed1\u3002", "events": [], "arguments": {"time": [], "loc": [], "country": [{"text": "\u97e9\u56fd", "offset": 4, "length": 2}, {"text": "\u97e9\u56fd", "offset": 47, "length": 2}], "weapon": [{"text": "\u76f4\u5347\u673a", "offset": 11, "length": 3}]}}, {"sentence": "\u97e9\u56fd\u519b\u4e8b\u4e13\u5bb6\u611f\u53f9\uff0c\u4ece\u7f8e\u56fd\u6d77\u519b\u9646\u6218\u961f\u768410\u5e74\u6539\u9769\u8ba1\u5212\u770b\uff0c\u5b9e\u9645\u4e0a\u5c31\u662f\u7740\u773c\u4e8e\u6218\u65f6\u4f5c\u6218\u6307\u6325\u6743\u79fb\u4ea4\u540e\u7684\u7f8e\u519b\u5355\u72ec\u4f5c\u6218\uff0c\u672a\u6765\u671d\u9c9c\u534a\u5c9b\u53d1\u751f\u6218\u4e8b\u65f6\uff0c\u97e9\u519b\u5fc5\u987b\u8981\u81ea\u884c\u89e3\u51b3\u8fd0\u8f93\u548c\u6253\u51fb\u7b49\u95ee\u9898\uff0c\u8fd9\u610f\u5473\u7740\u97e9\u7f8e\u8054\u5408\u4f5c\u6218\u8ba1\u5212\u5fc5\u987b\u8c03\u6574\u3002", "events": [], "arguments": {"time": [], "loc": [], "country": [{"text": "\u97e9\u56fd", "offset": 0, "length": 2}, {"text": "\u7f8e\u56fd", "offset": 10, "length": 2}], "weapon": []}}]