[{"sentence": "\u88ab\u6211\u7a7a\u519b5\u6b21\u51fb\u843d\uff0cU-2\u8fd8\u6562\u6765\u6311\u8845\uff1f", "events": [], "arguments": {"time": [], "loc": [], "country": [], "weapon": [{"text": "U-2", "offset": 9, "length": 3}]}}, {"sentence": "\uff01", "events": [], "arguments": {"time": [], "loc": [], "country": [], "weapon": []}}, {"sentence": "\u8fd1\u671f", "events": [], "arguments": {"time": [], "loc": [], "country": [], "weapon": []}}, {"sentence": "\u89e3\u653e\u519b\u591a\u6d77\u57df\u540c\u6b65\u6f14\u8bad", "events": [], "arguments": {"time": [], "loc": [], "country": [], "weapon": []}}, {"sentence": "\u7f8eU-2\u9ad8\u7a7a\u4fa6\u5bdf\u673a\u64c5\u95ef\u4e2d\u56fd\u6f14\u4e60\u7981\u98de\u533a", "events": [], "arguments": {"time": [], "loc": [], "country": [{"text": "\u7f8e", "offset": 0, "length": 1}, {"text": "\u4e2d\u56fd", "offset": 11, "length": 2}], "weapon": [{"text": "U-2\u9ad8\u7a7a\u4fa6\u5bdf\u673a", "offset": 1, "length": 8}]}}, {"sentence": "\u6211\u56fd\u9632\u90e8\u3001\u5916\u4ea4\u90e8\u4e25\u6b63\u4ea4\u6d89", "events": [], "arguments": {"time": [], "loc": [], "country": [], "weapon": []}}, {"sentence": "\u7f8e\u519bU-2\u4fa6\u5bdf\u673a\u6709\u4f55\u6765\u5934", "events": [], "arguments": {"time": [], "loc": [], "country": [{"text": "\u7f8e", "offset": 0, "length": 1}], "weapon": [{"text": "U-2\u4fa6\u5bdf\u673a", "offset": 2, "length": 6}]}}, {"sentence": "\u7adf\u6562\u5982\u6b64\u201c\u78b0\u74f7\u201d\u548c\u6311\u8845\uff1f", "events": [], "arguments": {"time": [], "loc": [], "country": [], "weapon": []}}, {"sentence": "\u7f8e\u56fd\u4e2d\u60c5\u5c40\u7edd\u5bc6\u7814\u5236", "events": [], "arguments": {"time": [], "loc": [{"text": "\u7f8e\u56fd", "offset": 0, "length": 2}], "country": [{"text": "\u7f8e\u56fd", "offset": 0, "length": 2}], "weapon": []}}, {"sentence": "\u7f8e\u7a7a\u519b\u63a5\u6536\u547d\u540d\u7b80\u79f0U-2", "events": [], "arguments": {"time": [], "loc": [], "country": [{"text": "\u7f8e", "offset": 0, "length": 1}], "weapon": [{"text": "U-2", "offset": 9, "length": 3}]}}, {"sentence": "1954\u5e74\uff0c\u65f6\u4efb\u7f8e\u56fd\u603b\u7edf\u827e\u68ee\u8c6a\u5a01\u5c14\u6279\u51c6\u4e86\u4e00\u4e2a\u79d8\u5bc6\u9879\u76ee\uff1a\u5728\u4e2d\u60c5\u5c40\u4e3b\u5bfc\u4e0b\uff0c\u519b\u706b\u5de8\u5934\u6d1b\u514b\u5e0c\u5fb7\u00b7\u9a6c\u4e01\u7684\u524d\u8eab\u2014\u2014\u6d1b\u514b\u5e0c\u5fb7\u516c\u53f8\uff0c\u7814\u5236\u51fa\u4e00\u6b3e\u9ad8\u7a7a\u9ad8\u901f\u4fa6\u5bdf\u673a\u3002", "events": [], "arguments": {"time": [], "loc": [], "country": [{"text": "\u7f8e\u56fd", "offset": 8, "length": 2}], "weapon": [{"text": "\u9ad8\u7a7a\u9ad8\u901f\u4fa6\u5bdf\u673a", "offset": 63, "length": 7}]}}, {"sentence": "\u8fd9\u67b6\u4fa6\u5bdf\u673a\u539f\u672c\u662f20\u4e16\u7eaa50\u5e74\u4ee3\u4e2d\u671f\u3001\u7531\u52a0\u5dde\u7684\u4e00\u4e2a\u5de5\u7a0b\u5e08\u56e2\u961f\u4e3a\u7f8e\u56fd\u4e2d\u60c5\u5c40\u6253\u9020\u7684\u3002", "events": [], "arguments": {"time": [], "loc": [], "country": [{"text": "\u7f8e\u56fd", "offset": 31, "length": 2}], "weapon": [{"text": "\u4fa6\u5bdf\u673a", "offset": 2, "length": 3}]}}, {"sentence": "\u8bbe\u8ba1\u65b9\u6848\u53ea\u4e3a\u8fbe\u5230\u4e00\u4e2a\u76ee\u6807\uff1a\u5728\u6781\u9ad8\u7684\u9ad8\u7a7a\u98de\u884c\uff0c\u9690\u85cf\u5728\u94c1\u5e55\u4e4b\u540e\uff0c\u5bf9\u6765\u81ea\u82cf\u8054\u7684\u519b\u4e8b\u5a01\u80c1\u8fdb\u884c\u4e25\u5bc6\u76d1\u63a7\u3002", "events": [], "arguments": {"time": [], "loc": [], "country": [{"text": "\u82cf\u8054", "offset": 33, "length": 2}], "weapon": []}}, {"sentence": " \u6574\u4e2a\u5236\u9020\u8fc7\u7a0b\u90fd\u662f\u79d8\u5bc6\u8fdb\u884c\u7684\u3002", "events": [], "arguments": {"time": [], "loc": [], "country": [], "weapon": []}}, {"sentence": "\u25b2 \u7f8e\u519bU-2\u4fa6\u5bdf\u673a\uff08\u8d44\u6599\u56fe\uff09", "events": [], "arguments": {"time": [], "loc": [], "country": [{"text": "\u7f8e", "offset": 2, "length": 1}], "weapon": [{"text": "U-2\u4fa6\u5bdf\u673a", "offset": 4, "length": 6}]}}, {"sentence": "\uff08\u8d44\u6599\u56fe\uff09", "events": [], "arguments": {"time": [], "loc": [], "country": [], "weapon": []}}, {"sentence": "\u9664\u7f8e\u56fd\u4e2d\u592e\u60c5\u62a5\u5c40\u5916\uff0c\u7f8e\u56fd\u7a7a\u519b\u4e5f\u63a5\u6536\u4e86\u8fd9\u6b3e\u4fa6\u5bdf\u673a\uff0c\u5e76\u5c06\u4e4b\u547d\u540d\u4e3a\u201c\u591a\u7528\u90142\u53f7\u4fa6\u5bdf\u673a\u201d\uff0c\u7b80\u79f0\u4e3aU-2\u3002", "events": [], "arguments": {"time": [], "loc": [], "country": [{"text": "\u7f8e\u56fd", "offset": 1, "length": 2}, {"text": "\u7f8e\u56fd", "offset": 10, "length": 2}], "weapon": [{"text": "\u201c\u591a\u7528\u90142\u53f7\u4fa6\u5bdf\u673a\u201d", "offset": 30, "length": 10}, {"text": "U-2", "offset": 44, "length": 3}]}}, {"sentence": "\u76f8\u5f53\u4e8e\u4e00\u4e2a\u5de8\u578b\u7a7a\u4e2d\u95f4\u8c0d\u519b\u56e2", "events": [], "arguments": {"time": [], "loc": [], "country": [], "weapon": []}}, {"sentence": "\u98de\u884c\u9ad8\u5ea6\u4ecd\u662f\u519b\u4e8b\u673a\u5bc6", "events": [], "arguments": {"time": [], "loc": [], "country": [], "weapon": []}}, {"sentence": "U-2\u4fa6\u5bdf\u673a\u7ffc\u5c5531\u7c73\uff0c\u4ec5\u6b21\u4e8e\u6ce2\u97f3737\u3002", "events": [], "arguments": {"time": [], "loc": [], "country": [], "weapon": [{"text": "U-2\u4fa6\u5bdf\u673a", "offset": 0, "length": 6}, {"text": "\u6ce2\u97f3737", "offset": 15, "length": 5}]}}, {"sentence": " \u5bbd\u5927\u7684\u7ffc\u5c55\u4fdd\u8bc1\u4e86\u98de\u673a\u80fd\u591f\u6500\u5347\u81f32\u4e07\u7c73\u4ee5\u4e0a\u7684\u9ad8\u7a7a\u3002", "events": [], "arguments": {"time": [], "loc": [], "country": [], "weapon": [{"text": "\u98de\u673a", "offset": 9, "length": 2}]}}, {"sentence": "U-2\u7684\u52a8\u529b\u7cfb\u7edf\u4e0eB-2\u9690\u5f62\u8f70\u70b8\u673a\u4e00\u6837\uff0c\u91c7\u7528\u901a\u7528\u7535\u6c14\u7684F-118\u53d1\u52a8\u673a\uff0c\u673a\u8eab\u904d\u5e03\u6570\u5341\u4e2a\u7535\u5b50\u4f20\u611f\u5668\uff0c\u53ef\u4ee5\u63a5\u6536\u5927\u91cf\u4fe1\u53f7\u548c\u56fe\u50cf\uff0c\u5e76\u5b9e\u65f6\u4f20\u8f93\u7ed9\u904d\u5e03\u4e16\u754c\u5404\u5730\u7684\u5730\u9762\u7ad9\u7f51\u7edc\u3002", "events": [], "arguments": {"time": [], "loc": [], "country": [], "weapon": [{"text": "B-2\u9690\u5f62\u8f70\u70b8\u673a", "offset": 9, "length": 8}]}}, {"sentence": "U-2\u4e0a\u8fd8\u88c5\u6709\u9ad8\u5206\u8fa8\u7387\u6444\u5f71\u7ec4\u5408\u7cfb\u7edf\uff0c8\u53f0\u7167\u76f8\u4fa6\u5bdf\u7528\u7684\u5168\u81ea\u52a8\u7167\u76f8\u673a\uff0c\u80fd\u57284\u5c0f\u65f6\u5185\uff0c\u572815000\u7c73\u9ad8\u7a7a\uff0c\u62cd\u4e0b\u5bbd200\u5343\u7c73\u3001\u957f4300\u5343\u7c73\u8303\u56f4\u5185\u5730\u9762\u666f\u7269\u7684\u6e05\u6670\u56fe\u50cf\uff0c\u5e76\u51b2\u5370\u51fa4000\u5f20\u7167\u7247\u7528\u4e8e\u60c5\u62a5\u5206\u6790\u2026\u2026\u7b80\u5355\u8bf4\uff0cU-2\u4fa6\u5bdf\u673a\u76f8\u5f53\u4e8e\u4e00\u4e2a\u5de8\u578b\u7684\u7a7a\u4e2d\u95f4\u8c0d\u519b\u56e2\u3002", "events": [], "arguments": {"time": [], "loc": [], "country": [], "weapon": [{"text": "U-2\u4fa6\u5bdf\u673a", "offset": 102, "length": 6}]}}, {"sentence": "\u867d\u7136\u7f8e\u56fd\u7a7a\u519b\u8868\u793a\uff0cU-2\u53ef\u4ee5\u57282\u4e07\u7c73\u4ee5\u4e0a\u7684\u9ad8\u7a7a\u98de\u884c\uff0c\u4f46\u5230\u5e95\u80fd\u98de\u591a\u9ad8\u4f9d\u7136\u662f\u519b\u4e8b\u673a\u5bc6\u3002", "events": [], "arguments": {"time": [], "loc": [], "country": [{"text": "\u7f8e\u56fd", "offset": 2, "length": 2}], "weapon": [{"text": "U-2", "offset": 9, "length": 3}]}}, {"sentence": " \u73b0\u4ee3\u7684U-2\u4fa6\u5bdf\u673a\u53ef\u4ee5\u5728\u4e0d\u4e2d\u9014\u52a0\u6cb9\u7684\u60c5\u51b5\u4e0b\u8fde\u7eed\u98de\u884c11000\u591a\u516c\u91cc\u3002", "events": [], "arguments": {"time": [], "loc": [], "country": [], "weapon": [{"text": "U-2\u4fa6\u5bdf\u673a", "offset": 4, "length": 6}]}}, {"sentence": "\u2193\u2193\u8fd1\u8ddd\u79bb\u770b\u7f8e\u519bU-2\u4fa6\u5bdf\u673a", "events": [], "arguments": {"time": [], "loc": [], "country": [{"text": "\u7f8e", "offset": 6, "length": 1}], "weapon": [{"text": "U-2\u4fa6\u5bdf\u673a", "offset": 8, "length": 6}]}}, {"sentence": "U-2\u98de\u884c\u5458\u6574\u5957\u88c5\u590725\u4e07\u7f8e\u5143", "events": [], "arguments": {"time": [], "loc": [], "country": [], "weapon": [{"text": "U-2\u98de\u884c\u5458", "offset": 0, "length": 6}]}}, {"sentence": "\u997f\u4e86\u5403\u201c\u8bd5\u7ba1\u98df\u54c1\u201d", "events": [], "arguments": {"time": [], "loc": [], "country": [], "weapon": []}}, {"sentence": "U-2\u98de\u884c\u5458\u7684\u98de\u884c\u670d\u662f\u7531\u7f8e\u56fd\u822a\u7a7a\u822a\u5929\u5c40\uff08NASA\uff09\u4f9b\u5e94\u5546\u7edf\u4e00\u5236\u9020\u7684\uff0c\u540c\u65f6\u8fd8\u6709\u4e00\u4e2a\u5927\u578b\u751f\u7406\u5b66\u4e13\u5bb6\u56e2\u961f\u3001\u4e3a\u98de\u884c\u5458\u63d0\u4f9b\u5168\u65b9\u4f4d\u670d\u52a1\u3002", "events": [], "arguments": {"time": [], "loc": [], "country": [{"text": "\u7f8e\u56fd", "offset": 12, "length": 2}], "weapon": []}}, {"sentence": "\u98de\u884c\u670d\u7684\u4ef7\u683c\u7ea6\u4e3a12.5\u4e07\u7f8e\u5143\u3002", "events": [], "arguments": {"time": [], "loc": [], "country": [], "weapon": []}}, {"sentence": "\u5982\u679c\u98de\u884c\u5458\u5168\u526f\u6b66\u88c5\uff0c\u6574\u5957\u88c5\u5907\u4ef7\u683c\u7ea6\u4e3a25\u4e07\u7f8e\u5143\u3002", "events": [], "arguments": {"time": [], "loc": [], "country": [], "weapon": []}}, {"sentence": "\u98de\u884c\u5458\u6709\u52a0\u538b\u8231\uff0c\u4f46\u662f\u5982\u679c\u589e\u538b\u7cfb\u7edf\u5931\u7075\uff0c\u8fd9\u5957\u98de\u884c\u670d\u5c31\u662f\u4ed6\u4eec\u5728\u9ad8\u7a7a\u80fd\u591f\u751f\u5b58\u4e0b\u6765\u7684\u5168\u90e8\u4f9d\u9760\u3002", "events": [], "arguments": {"time": [], "loc": [], "country": [], "weapon": []}}, {"sentence": "U-2\u98de\u884c\u5458\u7684\u5934\u76d4\u4ef7\u683c\u4e3a6\u4e07\u7f8e\u5143\u3002", "events": [], "arguments": {"time": [], "loc": [], "country": [], "weapon": [{"text": "U-2\u98de\u884c\u5458", "offset": 0, "length": 6}]}}, {"sentence": "\u7531\u4e8e\u98de\u884c\u5458\u8981\u5728\u9ad8\u7a7a\u957f\u65f6\u95f4\u6267\u884c\u98de\u884c\u4efb\u52a1\uff0c\u5168\u52a0\u538b\u5bc6\u5c01\u670d \u4e00\u65e6\u88ab\u9501\u5b9a\u5c31\u65e0\u6cd5\u518d\u6253\u5f00\u3002", "events": [], "arguments": {"time": [], "loc": [], "country": [], "weapon": []}}, {"sentence": "\u5982\u679c\u5728\u9ad8\u7a7a\u98de\u884c\u8fc7\u7a0b\u4e2d\u6253\u5f00\u5934\u76d4\uff0c\u98de\u884c\u5458\u4f53\u5185\u7684\u8840\u6db2\u5c31\u4f1a\u7acb\u523b\u6cb8\u817e\uff0c\u5bfc\u81f4\u5f53\u573a\u6b7b\u4ea1\u3002", "events": [], "arguments": {"time": [], "loc": [], "country": [], "weapon": []}}, {"sentence": "U-2\u7684\u4e00\u6b21\u98de\u884c\u4efb\u52a1\u6709\u65f6\u957f\u8fbe9\u4e2a\u5c0f\u65f6\u4ee5\u4e0a\uff0c\u56e0\u6b64\u98de\u884c\u5458\u9700\u8981\u8865\u5145\u201c\u8bd5\u7ba1\u98df\u54c1\u201d\u3002", "events": [], "arguments": {"time": [], "loc": [], "country": [], "weapon": [{"text": "U-2", "offset": 0, "length": 3}]}}, {"sentence": "\u66fe\u88ab\u4eba\u6c11\u7a7a\u519b\u591a\u6b21\u51fb\u843d", "events": [], "arguments": {"time": [], "loc": [], "country": [], "weapon": []}}, {"sentence": "\u6700\u7ec8\u8d76\u51fa\u4e2d\u56fd\u5927\u9646\u9886\u7a7a", "events": [], "arguments": {"time": [], "loc": [], "country": [{"text": "\u4e2d\u56fd", "offset": 4, "length": 2}], "weapon": []}}, {"sentence": "\u5386\u53f2\u4e0a\uff0c\u4eba\u6c11\u7a7a\u519b\u66fe\u591a\u6b21\u51fb\u843d\u8fc7U-2\u578b\u9ad8\u7a7a\u4fa6\u5bdf\u673a\u3002", "events": [{"trigger": {"text": "\u51fb\u843d", "offset": 11, "length": 2}, "subject": {"text": "\u4eba\u6c11\u7a7a\u519b", "offset": 4, "length": 4}, "object": {"text": "U-2\u578b\u9ad8\u7a7a\u4fa6\u5bdf\u673a", "offset": 14, "length": 9}}], "arguments": {"time": [], "loc": [], "country": [], "weapon": [{"text": "U-2\u578b\u9ad8\u7a7a\u4fa6\u5bdf\u673a", "offset": 14, "length": 9}]}}, {"sentence": "\u65e9\u57281962\u5e749\u67089\u65e5\uff0c\u7a7a\u519b\u5730\u7a7a\u5bfc\u5f39\u90e8\u961f\u67d0\u90e8\u4e8c\u8425\u5728\u6c5f\u897f\u5357\u660c\u5730\u533a\u8bbe\u4f0f\uff0c\u5728\u6211\u65b9\u6218\u673a\u4f6f\u52a8\u914d\u5408\u4e0b\uff0c\u9996\u6b21\u51fb\u843d\u654cU-2\u9ad8\u7a7a\u4fa6\u5bdf\u673a\u3002", "events": [], "arguments": {"time": [{"text": "1962\u5e749\u67089\u65e5", "offset": 2, "length": 9}], "loc": [{"text": "\u6c5f\u897f\u5357\u660c", "offset": 25, "length": 4}], "country": [], "weapon": [{"text": "U-2\u9ad8\u7a7a\u4fa6\u5bdf\u673a", "offset": 50, "length": 8}]}}, {"sentence": "\u5e74\u8f7b\u7684\u7a7a\u519b\u5730\u5bfc\u90e8\u961f\uff0c\u4ee5\u8fd1\u5feb\u6218\u6cd5\uff0c\u4e0a\u6f14\u4e86\u201c\u5e3d\u5b50\u620f\u6cd5\u201d\uff0c\u63a5\u8fde\u51fb\u843d5\u67b6U-2\uff0c\u9707\u60ca\u4e16\u754c\uff0c\u6210\u4e3a\u5168\u7403\u51fb\u843d\u6b64\u578b\u53f7\u4fa6\u5bdf\u673a\u6700\u591a\u7684\u56fd\u5bb6\uff0c\u6700\u7ec8\u628aU-2\u8d76\u51fa\u4e86\u4e2d\u56fd\u5927\u9646\u9886\u7a7a\u3002", "events": [], "arguments": {"time": [], "loc": [], "country": [{"text": "\u4e2d\u56fd", "offset": 68, "length": 2}], "weapon": []}}, {"sentence": "\u5176\u6b8b\u9ab8\uff0c\u73b0\u9648\u5217\u4e8e\u4e2d\u56fd\u4eba\u6c11\u9769\u547d\u519b\u4e8b\u535a\u7269\u9986\u5730\u4e0b\u4e00\u5c42\u5175\u5668\u5927\u5385\u3002", "events": [], "arguments": {"time": [], "loc": [], "country": [{"text": "\u4e2d\u56fd", "offset": 8, "length": 2}], "weapon": []}}, {"sentence": "\u6b8b\u7834\u7684\u673a\u4f53\u3001\u7070\u6697\u7684\u673a\u8231\uff0c\u4ee4\u53c2\u89c2\u8005\u5982\u4f55\u4e5f\u731c\u60f3\u4e0d\u5230\uff0c\u5b83\u66fe\u5728\u4e24\u4e07\u591a\u7c73\u7684\u9ad8\u7a7a\u201c\u4e3a\u6240\u6b32\u4e3a\u201d\u201c\u8086\u65e0\u5fcc\u60ee\u201d\u201c\u8dbe\u9ad8\u6c14\u6602\u201d\u3002", "events": [], "arguments": {"time": [], "loc": [], "country": [], "weapon": []}}, {"sentence": "\u25b2 \u4e0a\u4e16\u7eaa60\u5e74\u4ee3\uff0c\u88ab\u51fb\u843d\u7684U-2\u6b8b\u9ab8\u5728\u519b\u535a\u5c55\u51fa", "events": [], "arguments": {"time": [], "loc": [], "country": [], "weapon": [{"text": "U-2", "offset": 14, "length": 3}]}}, {"sentence": "\u25b2 \u73b0\u5728\uff0c\u9648\u5217\u5728\u519b\u535a\u7684U-2\u6b8b\u9ab8", "events": [], "arguments": {"time": [], "loc": [], "country": [], "weapon": [{"text": "U-2", "offset": 11, "length": 3}]}}]