[{"sentence": "\u7f8e\u519b\u201c\u5077\u7aa5\u201d\u5357\u6d77\u9891\u5ea6\u589e\u52a0\u00a0\u4e00\u6b21\u6d3e\u51fa\u4e24\u67b6P-8A\u5de1\u903b\u673a", "events": [], "arguments": {"time": [], "loc": [], "country": [{"text": "\u7f8e", "offset": 0, "length": 1}], "weapon": [{"text": "P-8A\u5de1\u903b\u673a", "offset": 19, "length": 7}]}}, {"sentence": "\u3010\u73af\u7403\u7f51\u62a5\u9053 \u8bb0\u8005 \u5f90\u7490\u660e\u3011", "events": [], "arguments": {"time": [], "loc": [], "country": [], "weapon": []}}, {"sentence": "\u7f8e\u519b\u8fde\u7eed\u591a\u65e5\u5411\u5357\u6d77\u6d3e\u673a\u5f00\u5c55\u4fa6\u5bdf\u884c\u52a8\uff0c8\u670828\u65e5\u4e0a\u5348\uff0c\u53c8\u6709\u7f8e\u519b\u4e24\u67b6P-8A\u53cd\u6f5c\u5de1\u903b\u673a\u88ab\u66dd\u51fa\u73b0\u5728\u5357\u6d77\u4e0a\u7a7a\u3002", "events": [], "arguments": {"time": [{"text": "8\u670828\u65e5", "offset": 18, "length": 5}], "loc": [], "country": [{"text": "\u7f8e", "offset": 0, "length": 1}, {"text": "\u7f8e", "offset": 28, "length": 1}], "weapon": [{"text": "P-8A\u53cd\u6f5c\u5de1\u903b\u673a", "offset": 32, "length": 9}]}}, {"sentence": "\u636e\u201c\u5357\u6d77\u6218\u7565\u6001\u52bf\u611f\u77e5\u201d\u8ba1\u5212\u5e73\u53f08\u670828\u65e5\u53d1\u5e03\u7684\u6d88\u606f\uff0c\u5f53\u5929\u4e0a\u5348\u4e24\u67b6\u7f8e\u56fd\u6d77\u519bP-8A\u53cd\u6f5c\u5de1\u903b\u673a\u9014\u5f84\u5df4\u58eb\u6d77\u5ce1\u8fdb\u5165\u5357\u6d77\u3002", "events": [], "arguments": {"time": [], "loc": [], "country": [{"text": "\u7f8e\u56fd", "offset": 32, "length": 2}], "weapon": [{"text": "P-8A\u53cd\u6f5c\u5de1\u903b\u673a", "offset": 36, "length": 9}]}}, {"sentence": "\u636e\u98de\u884c\u8def\u7ebf\u56fe\u663e\u793a\uff0c\u8fd9\u4e24\u67b6\u7f8e\u56fd\u6d77\u519bP-8A\u5de1\u903b\u673a\u5206\u522b\u4e8e\u4e0a\u53488\u70b9\u548c\u4e0a\u53488\u70b9\u534a\u5de6\u53f3\u8fdb\u5165\u5357\u6d77\u3002", "events": [], "arguments": {"time": [], "loc": [], "country": [{"text": "\u7f8e\u56fd", "offset": 12, "length": 2}], "weapon": [{"text": "P-8A\u5de1\u903b\u673a", "offset": 16, "length": 7}]}}, {"sentence": "\u201c\u5357\u6d77\u6218\u7565\u6001\u52bf\u611f\u77e5\u201d\u8ba1\u5212\u8868\u793a\uff0c\u5728\u53f0\u98ce\u8fc7\u540e\uff0c\u7f8e\u519b\u673a\u5728\u5357\u6d77\u7684\u4fa6\u5bdf\u884c\u52a8\u660e\u663e\u589e\u52a0\u3002", "events": [], "arguments": {"time": [], "loc": [{"text": "\u5357\u6d77", "offset": 25, "length": 2}], "country": [{"text": "\u7f8e", "offset": 21, "length": 1}], "weapon": []}}, {"sentence": "\u636e\u6089\uff0c\u7f8e\u56fd\u5df2\u8fde\u7eed\u591a\u65e5\u5411\u5357\u6d77\u6d3e\u51fa\u4fa6\u5bdf\u673a\u3002", "events": [], "arguments": {"time": [], "loc": [], "country": [{"text": "\u7f8e\u56fd", "offset": 3, "length": 2}], "weapon": [{"text": "\u4fa6\u5bdf\u673a", "offset": 15, "length": 3}]}}, {"sentence": "8\u670827\u65e5\uff0c\u4e00\u67b6\u7f8e\u56fd\u6d77\u519b\u7684P-8A\u53cd\u6f5c\u5de1\u903b\u673a\u9014\u5f84\u5df4\u58eb\u6d77\u5ce1\u524d\u5f80\u5357\u6d77\u5f00\u5c55\u4fa6\u5bdf\u884c\u52a8\uff1b8\u670826\u65e5\uff0c\u4e00\u67b6\u96b6\u5c5e\u4e8e\u7f8e\u56fd\u7a7a\u519b\u7684RC-135S\u6218\u7565\u4fa6\u5bdf\u673a\u4e8e\u5f53\u5929\u4e0a\u53488\u70b9\u5de6\u53f3\u9014\u7ecf\u5df4\u58eb\u6d77\u5ce1\u8fdb\u5165\u5357\u6d77\uff0c\u968f\u540e\u5728\u5357\u6d77\u4e0a\u7a7a\u671d\u897f\u5357\u65b9\u5411\u98de\u884c\uff1b8\u670825\u65e5\u4e0a\u5348\uff0c\u4e00\u67b6\u7f8e\u56fd\u9646\u519b\u7684\u201c\u6311\u6218\u8005650\u201d\u4fa6\u5bdf\u673a\u51fa\u73b0\u5728\u5357\u6d77\u6d77\u57df\u4e0a\u7a7a\uff0c\u8be5\u673a\u4e8e8\u670825\u65e5\u4e0a\u53488\u70b9\u5de6\u53f3\u81ea\u4e1c\u5411\u897f\u7a7f\u8d8a\u5df4\u58eb\u6d77\u5ce1\uff0c\u968f\u540e\u8fdb\u5165\u5357\u6d77\uff0c\u5411\u897f\u98de\u884c\u4e86\u4e00\u6bb5\u8ddd\u79bb\u3002", "events": [{"trigger": {"text": "\u4fa6\u5bdf", "offset": 125, "length": 2}, "subject": {"text": "P-8A\u53cd\u6f5c\u5de1\u903b\u673a", "offset": 13, "length": 9}, "object": {"text": "", "offset": 0, "length": 0}}, {"trigger": {"text": "\u98de\u884c", "offset": 172, "length": 2}, "subject": {"text": "RC-135S\u6218\u7565\u4fa6\u5bdf\u673a", "offset": 55, "length": 12}, "object": {"text": "", "offset": 0, "length": 0}}, {"trigger": {"text": "\u51fa\u73b0", "offset": 128, "length": 2}, "subject": {"text": "\u201c\u6311\u6218\u8005650\u201d\u4fa6\u5bdf\u673a", "offset": 117, "length": 11}, "object": {"text": "", "offset": 0, "length": 0}}], "arguments": {"time": [], "loc": [], "country": [{"text": "\u7f8e\u56fd", "offset": 8, "length": 2}, {"text": "\u7f8e\u56fd", "offset": 50, "length": 2}, {"text": "\u7f8e\u56fd", "offset": 112, "length": 2}], "weapon": [{"text": "\u201c\u6311\u6218\u8005650\u201d\u4fa6\u5bdf\u673a", "offset": 117, "length": 11}, {"text": "\u7f8e\u56fd\u7a7a\u519b\u7684RC-135S\u6218\u7565\u4fa6\u5bdf\u673a", "offset": 50, "length": 17}, {"text": "P-8A\u53cd\u6f5c\u5de1\u903b\u673a", "offset": 13, "length": 9}, {"text": "RC-135S\u6218\u7565\u4fa6\u5bdf\u673a", "offset": 55, "length": 12}]}}, {"sentence": "\u5bf9\u4e8e\u7f8e\u519b\u8fd1\u671f\u5728\u4e2d\u56fd\u5468\u8fb9\u6d3b\u52a8\u9891\u7e41\u3001\u519b\u673a\u5728\u6cbf\u6d77\u9ad8\u9891\u5ea6\u62b5\u8fd1\u4fa6\u5bdf\uff0c\u4e2d\u56fd\u56fd\u9632\u90e8\u65b0\u95fb\u53d1\u8a00\u4eba\u5434\u8c26\u5927\u6821\u57288\u670827\u65e5\u7684\u56fd\u9632\u90e8\u4f8b\u884c\u8bb0\u8005\u4f1a\u4e0a\u8868\u793a\uff0c\u8fd1\u671f\uff0c\u7f8e\u65b9\u52a0\u5927\u5bf9\u534e\u6311\u8845\u65bd\u538b\u529b\u5ea6\uff0c\u5bf9\u6b64\u6211\u4eec\u7684\u6001\u5ea6\u6e05\u6670\u660e\u786e\uff1a\u4e00\u662f\u53cd\u5bf9\uff0c\u4e8c\u662f\u4e0d\u6015\u3002", "events": [], "arguments": {"time": [], "loc": [], "country": [{"text": "\u4e2d\u56fd", "offset": 7, "length": 2}, {"text": "\u4e2d\u56fd", "offset": 29, "length": 2}, {"text": "\u7f8e\u65b9", "offset": 65, "length": 2}], "weapon": []}}, {"sentence": "\u7f8e\u65b9\u4e00\u4e9b\u653f\u5ba2\u5728\u5927\u9009\u524d\u4e3a\u4e86\u4e00\u5df1\u79c1\u5229\uff0c\u6781\u529b\u7834\u574f\u4e2d\u7f8e\u4e24\u56fd\u4e24\u519b\u5173\u7cfb\uff0c\u751a\u81f3\u5984\u56fe\u5236\u9020\u610f\u5916\u4e8b\u4ef6\u548c\u519b\u4e8b\u51b2\u7a81\uff0c\u8fd9\u79cd\u884c\u5f84\u7f6e\u53cc\u65b9\u4e00\u7ebf\u5b98\u5175\u751f\u547d\u5b89\u5371\u4e8e\u4e0d\u987e\uff0c\u7f6e\u4e24\u56fd\u4eba\u6c11\u6839\u672c\u5229\u76ca\u4e8e\u4e0d\u987e\uff0c\u7f6e\u4e16\u754c\u4eba\u6c11\u548c\u5e73\u8bc9\u6c42\u4e8e\u4e0d\u987e\uff0c\u662f\u6781\u4e0d\u5f97\u4eba\u5fc3\u7684\u3002", "events": [], "arguments": {"time": [], "loc": [], "country": [{"text": "\u7f8e\u65b9", "offset": 0, "length": 2}, {"text": "\u4e2d", "offset": 21, "length": 1}, {"text": "\u7f8e", "offset": 22, "length": 1}], "weapon": []}}, {"sentence": "\u4e2d\u56fd\u519b\u961f\u5c06\u575a\u5b9a\u634d\u536b\u56fd\u5bb6\u4e3b\u6743\u3001\u5b89\u5168\u3001\u53d1\u5c55\u5229\u76ca\uff0c\u575a\u5b9a\u7ef4\u62a4\u4e16\u754c\u548c\u5730\u533a\u548c\u5e73\u7a33\u5b9a\u3002", "events": [], "arguments": {"time": [], "loc": [], "country": [{"text": "\u4e2d\u56fd", "offset": 0, "length": 2}], "weapon": []}}, {"sentence": "\u6211\u4eec\u5949\u529d\u7f8e\u65b9\u4e00\u4e9b\u653f\u5ba2\u8ba4\u6e05\u73b0\u5b9e\uff0c\u4fdd\u6301\u7406\u6027\uff0c\u505c\u6b62\u6311\u8845\uff0c\u63a8\u52a8\u4e24\u56fd\u4e24\u519b\u5173\u7cfb\u56de\u5230\u6b63\u786e\u7684\u8f68\u9053\u3002", "events": [], "arguments": {"time": [], "loc": [], "country": [{"text": "\u7f8e\u65b9", "offset": 4, "length": 2}], "weapon": []}}]