[{"sentence": "\u4fc4\u519b\u5f00\u5de5\u5efa\u9020\u6700\u540e2\u8258\u201c\u5317\u98ce\u4e4b\u795e\u201d\u6838\u6f5c\u8247\u00a0\u603b\u6570\u8fbe\u523010\u8258", "events": [], "arguments": {"time": [], "loc": [], "country": [{"text": "\u4fc4", "offset": 0, "length": 1}], "weapon": [{"text": "\u201c\u5317\u98ce\u4e4b\u795e\u201d\u6838\u6f5c\u8247", "offset": 10, "length": 9}]}}, {"sentence": "\u3010\u73af\u7403\u7f51\u519b\u4e8b\u62a5\u9053\u3011", "events": [], "arguments": {"time": [], "loc": [], "country": [], "weapon": []}}, {"sentence": "\u4fc4\u7f57\u65af\u536b\u661f\u901a\u8baf\u793e8\u670827\u65e5\u62a5\u9053\uff0c\u4fc4\u7f57\u65af\u8054\u5408\u9020\u8239\u96c6\u56e2\u603b\u88c1\u963f\u5217\u514b\u8c22\u00b7\u62c9\u8d6b\u9a6c\u8bfa\u592b\u5411\u536b\u661f\u901a\u8baf\u793e\u8868\u793a\uff0c\u5317\u65b9\u673a\u68b0\u5236\u9020\u4f01\u4e1a\u751f\u4ea7\u8054\u5408\u4f53\uff08\u7b80\u79f0\u5317\u5fb7\u6587\u65af\u514b\u9020\u8239\u5382\uff09\u5c06\u5728\u4eca\u5e74\u5f00\u5de5\u5efa\u9020\u6700\u540e\u4e24\u8258955\u578b\u201c\u5317\u98ce\u4e4b\u795e-A\u201d\u7ea7\u6218\u7565\u6838\u6f5c\u8247\u3002", "events": [{"trigger": {"text": "\u5efa\u9020", "offset": 77, "length": 2}, "subject": {"text": "\u5317\u65b9\u673a\u68b0\u5236\u9020\u4f01\u4e1a\u751f\u4ea7\u8054\u5408\u4f53", "offset": 46, "length": 13}, "object": {"text": "\u4e24\u8258955\u578b\u201c\u5317\u98ce\u4e4b\u795e-A\u201d\u7ea7\u6218\u7565\u6838\u6f5c\u8247", "offset": 81, "length": 20}}], "arguments": {"time": [{"text": "8\u670827\u65e5", "offset": 8, "length": 5}], "loc": [], "country": [{"text": "\u4fc4\u7f57\u65af", "offset": 0, "length": 3}, {"text": "\u4fc4\u7f57\u65af", "offset": 16, "length": 3}], "weapon": [{"text": "955\u578b\u201c\u5317\u98ce\u4e4b\u795e-A\u201d\u7ea7\u6218\u7565\u6838\u6f5c\u8247", "offset": 83, "length": 18}]}}, {"sentence": "\u4fc4\u7f57\u65af\u6d77\u519b\u9ad8\u5c42\u6b64\u524d\u66fe\u591a\u6b21\u8868\u793a\uff0c\u4fc4\u6d77\u519b\u8230\u961f\u9700\u8981\u5341\u8258\u201c\u5317\u98ce\u4e4b\u795e\u201d\u7ea7\u6218\u7565\u6838\u6f5c\u8247\u3002", "events": [], "arguments": {"time": [], "loc": [], "country": [{"text": "\u4fc4\u7f57\u65af", "offset": 0, "length": 3}], "weapon": [{"text": "\u201c\u5317\u98ce\u4e4b\u795e\u201d\u7ea7\u6218\u7565\u6838\u6f5c\u8247", "offset": 24, "length": 12}]}}, {"sentence": "2019\u5e74\u7b7e\u7f72\u4e86\u7b2c\u4e5d\u8258\u548c\u7b2c\u5341\u8258955-A\u578b\u6838\u6f5c\u8247\u5efa\u9020\u5408\u540c\u3002", "events": [], "arguments": {"time": [], "loc": [], "country": [], "weapon": [{"text": "955-A\u578b\u6838\u6f5c\u8247", "offset": 15, "length": 9}]}}, {"sentence": "\u62c9\u8d6b\u9a6c\u8bfa\u592b\u8bf4\uff1a\u201c\uff08\u8239\u5382\uff09\u6b63\u5728\u505a\u5f00\u5de5\u51c6\u5907\uff0c\u6b63\u5728\u5207\u5272\u94a2\u677f\u3002", "events": [], "arguments": {"time": [], "loc": [], "country": [], "weapon": []}}, {"sentence": "\u4eca\u5e74\u5c06\u5f00\u5de5\u5efa\u9020\u3002", "events": [], "arguments": {"time": [], "loc": [], "country": [], "weapon": []}}, {"sentence": "\u4f1a\u540c\u65f6\u5efa\u9020\u4e24\u8258\u6838\u6f5c\u8247\uff0c\u6211\u4eec\u8ba1\u5212\u5728\u5e74\u5e95\u524d\u5f00\u5de5\u3002", "events": [], "arguments": {"time": [], "loc": [], "country": [], "weapon": [{"text": "\u6838\u6f5c\u8247", "offset": 7, "length": 3}]}}, {"sentence": "\u201d", "events": [], "arguments": {"time": [], "loc": [], "country": [], "weapon": []}}, {"sentence": "\u76ee\u524d\uff0c\u4fc4\u7f57\u65af\u6d77\u519b\u88c5\u5907\u6709\u56db\u8258955\u578b\u6838\u6f5c\u8247\uff0c\u53e6\u5916\u56db\u8258\u5904\u4e8e\u5efa\u9020\u9636\u6bb5\u3002", "events": [], "arguments": {"time": [], "loc": [], "country": [{"text": "\u4fc4\u7f57\u65af", "offset": 3, "length": 3}], "weapon": [{"text": "955\u578b\u6838\u6f5c\u8247", "offset": 13, "length": 7}]}}]