[{"sentence": "\u89e3\u653e\u519b\u6b63\u5728\u5357\u6d77\u8bad\u7ec3\u00a0\u7f8e\u519b\u4fa6\u5bdf\u673a\u8fde\u7eed3\u5929\u524d\u6765\u201c\u5077\u7aa5\u201d", "events": [], "arguments": {"time": [], "loc": [], "country": [{"text": "\u7f8e", "offset": 10, "length": 1}], "weapon": [{"text": "\u4fa6\u5bdf\u673a", "offset": 12, "length": 3}]}}, {"sentence": "\u3010\u73af\u7403\u7f51\u62a5\u9053\u8bb0\u8005 \u5f90\u7490\u660e\u3011", "events": [], "arguments": {"time": [], "loc": [], "country": [], "weapon": []}}, {"sentence": "\u8fd1\u65e5\u89e3\u653e\u519b\u5728\u5357\u6d77\u8fdb\u884c\u519b\u4e8b\u8bad\u7ec3\u6d3b\u52a8\uff0c\u5728\u6b64\u671f\u95f4\uff0c\u7f8e\u519b\u4e5f\u8fde\u7eed\u591a\u65e5\u6d3e\u51fa\u4fa6\u5bdf\u673a\u5230\u5357\u6d77\u5f00\u5c55\u4fa6\u5bdf\u884c\u52a8\u3002", "events": [], "arguments": {"time": [], "loc": [], "country": [{"text": "\u7f8e", "offset": 22, "length": 1}], "weapon": [{"text": "\u4fa6\u5bdf\u673a", "offset": 31, "length": 3}]}}, {"sentence": "\u636e\u201c\u5357\u6d77\u6218\u7565\u6001\u52bf\u611f\u77e5\u201d\u8ba1\u5212\u5e73\u53f08\u670827\u65e5\u53d1\u5e03\u7684\u6d88\u606f\uff0c\u5f53\u5929\u4e0a\u534810\u70b920\u5206\u5de6\u53f3\uff0c\u4e00\u67b6\u7f8e\u56fd\u6d77\u519b\u7684P-8A\u53cd\u6f5c\u5de1\u903b\u673a\u9014\u5f84\u5df4\u58eb\u6d77\u5ce1\u524d\u5f80\u5357\u6d77\u5f00\u5c55\u4fa6\u5bdf\u884c\u52a8\u3002", "events": [{"trigger": {"text": "\u4fa6\u5bdf", "offset": 67, "length": 2}, "subject": {"text": "\u7f8e\u56fd\u6d77\u519b\u7684P-8A\u53cd\u6f5c\u5de1\u903b\u673a", "offset": 41, "length": 14}, "object": {"text": "", "offset": 0, "length": 0}}], "arguments": {"time": [{"text": "8\u670827\u65e5", "offset": 15, "length": 5}], "loc": [{"text": "\u5357\u6d77", "offset": 63, "length": 2}], "country": [{"text": "\u7f8e\u56fd", "offset": 41, "length": 2}], "weapon": [{"text": "P-8A\u53cd\u6f5c\u5de1\u903b\u673a", "offset": 46, "length": 9}]}}, {"sentence": "\u636e\u6089\uff0c\u7f8e\u519b\u5df2\u7ecf\u8fde\u7eed\u591a\u65e5\u5411\u5357\u6d77\u6d3e\u51fa\u4fa6\u5bdf\u673a\u3002", "events": [], "arguments": {"time": [], "loc": [], "country": [{"text": "\u7f8e", "offset": 3, "length": 1}], "weapon": [{"text": "\u4fa6\u5bdf\u673a", "offset": 16, "length": 3}]}}, {"sentence": "8\u670826\u65e5\uff0c\u4e00\u67b6\u96b6\u5c5e\u4e8e\u7f8e\u56fd\u7a7a\u519b\u7684RC-135S\u6218\u7565\u4fa6\u5bdf\u673a\u4e8e\u5f53\u5929\u4e0a\u53488\u70b9\u5de6\u53f3\u9014\u7ecf\u5df4\u58eb\u6d77\u5ce1\u8fdb\u5165\u5357\u6d77\uff0c\u968f\u540e\u5728\u5357\u6d77\u4e0a\u7a7a\u671d\u897f\u5357\u65b9\u5411\u98de\u884c\uff1b8\u670825\u65e5\u4e0a\u5348\uff0c\u4e00\u67b6\u7f8e\u56fd\u9646\u519b\u7684\u201c\u6311\u6218\u8005650\u201d\u4fa6\u5bdf\u673a\u51fa\u73b0\u5728\u5357\u6d77\u6d77\u57df\u4e0a\u7a7a\uff0c\u8be5\u673a\u4e8e8\u670825\u65e5\u4e0a\u53488\u70b9\u5de6\u53f3\u81ea\u4e1c\u5411\u897f\u7a7f\u8d8a\u5df4\u58eb\u6d77\u5ce1\uff0c\u968f\u540e\u8fdb\u5165\u5357\u6d77\uff0c\u5411\u897f\u98de\u884c\u4e86\u4e00\u6bb5\u8ddd\u79bb\u3002", "events": [], "arguments": {"time": [{"text": "8\u670826\u65e5", "offset": 0, "length": 5}], "loc": [], "country": [{"text": "\u7f8e\u56fd", "offset": 11, "length": 2}, {"text": "\u7f8e\u56fd", "offset": 73, "length": 2}], "weapon": [{"text": "RC-135S\u6218\u7565\u4fa6\u5bdf\u673a", "offset": 16, "length": 12}, {"text": "\u201c\u6311\u6218\u8005650\u201d\u4fa6\u5bdf\u673a", "offset": 78, "length": 11}]}}, {"sentence": "\u7f8e\u519b\u9891\u7e41\u5411\u5357\u6d77\u6d3e\u673a\u4fa6\u5bdf\u4e4b\u9645\uff0c\u89e3\u653e\u519b\u6b63\u5728\u5357\u6d77\u8fdb\u884c\u519b\u4e8b\u8bad\u7ec3\u6d3b\u52a8\u3002", "events": [], "arguments": {"time": [], "loc": [], "country": [{"text": "\u7f8e", "offset": 0, "length": 1}], "weapon": []}}, {"sentence": "\u6d77\u5357\u6d77\u4e8b\u5c40\u66fe\u57288\u670821\u65e5\u53d1\u5e03\u822a\u884c\u8b66\u544a\uff0c8\u670824\u65e5\u81f329\u65e5\u6d77\u5357\u5c9b\u4e1c\u5357\u90e8\u6d77\u57df\u8fdb\u884c\u519b\u4e8b\u8bad\u7ec3\u6d3b\u52a8\u3002", "events": [], "arguments": {"time": [], "loc": [], "country": [], "weapon": []}}, {"sentence": "\u4e2d\u56fd\u5916\u4ea4\u90e8\u53d1\u8a00\u4eba\u6c6a\u6587\u658c\u66fe\u57287\u670828\u65e5\u5728\u4f8b\u884c\u8bb0\u8005\u4f1a\u4e0a\u8868\u793a\uff0c\u6839\u636e\u516c\u5f00\u62a5\u9053\uff0c\u4eca\u5e74\u4e0a\u534a\u5e74\uff0c\u7f8e\u519b\u673a\u5728\u5357\u6d77\u6d3b\u52a8\u591a\u8fbe2000\u591a\u6b21\u3002", "events": [], "arguments": {"time": [], "loc": [], "country": [{"text": "\u4e2d\u56fd", "offset": 0, "length": 2}], "weapon": []}}, {"sentence": "\u519b\u4e8b\u4e13\u5bb6\u674e\u6770\u8868\u793a\uff0c\u901a\u884c\u98de\u673a\u6570\u91cf\u548c\u5371\u9669\u7a0b\u5ea6\u662f\u6210\u6b63\u6bd4\u7684\uff0c\u98de\u673a\u67b6\u6b21\u6570\u91cf\u8d8a\u591a\uff0c\u5371\u9669\u5ea6\u8d8a\u9ad8\uff0c\u53d1\u751f\u78b0\u649e\u7684\u51e0\u7387\u5927\u4e3a\u589e\u52a0\uff0c\u7f8e\u519b\u534a\u5e74\u4e4b\u51852000\u67b6\u6b21\u98de\u884c\u884c\u52a8\u6beb\u65e0\u7591\u95ee\u7834\u574f\u4e86\u5357\u6d77\u5730\u533a\u7684\u548c\u5e73\u7a33\u5b9a\u3002", "events": [], "arguments": {"time": [], "loc": [], "country": [{"text": "\u7f8e", "offset": 53, "length": 1}], "weapon": []}}, {"sentence": "\u5bf9\u4e8e\u7f8e\u519b\u8230\u673a\u7684\u62b5\u8fd1\u4fa6\u5bdf\u884c\u4e3a\uff0c\u4e2d\u56fd\u56fd\u9632\u90e8\u65b0\u95fb\u53d1\u8a00\u4eba\u5434\u8c26\u5927\u6821\u66fe\u8868\u793a\uff0c\u5f53\u524d\uff0c\u5728\u5730\u533a\u56fd\u5bb6\u7684\u5171\u540c\u52aa\u529b\u4e0b\uff0c\u4e1c\u6d77\u3001\u5357\u6d77\u7684\u5c40\u52bf\u603b\u4f53\u662f\u7a33\u5b9a\u7684\u3002", "events": [], "arguments": {"time": [], "loc": [], "country": [{"text": "\u4e2d\u56fd", "offset": 14, "length": 2}], "weapon": [{"text": "\u8230\u673a", "offset": 4, "length": 2}]}}, {"sentence": "\u8fd9\u5145\u5206\u8bf4\u660e\u57df\u5185\u56fd\u5bb6\u6709\u667a\u6167\u3001\u6709\u80fd\u529b\u3001\u6709\u529e\u6cd5\u901a\u8fc7\u76f4\u63a5\u8c08\u5224\u534f\u5546\uff0c\u59a5\u5904\u5206\u6b67\uff0c\u5171\u62a4\u548c\u5e73\u3002", "events": [], "arguments": {"time": [], "loc": [], "country": [], "weapon": []}}, {"sentence": "\u53cd\u89c2\u4f5c\u4e3a\u57df\u5916\u56fd\u5bb6\u7684\u7f8e\u56fd\uff0c\u6253\u7740\u6240\u8c13\u201c\u822a\u884c\u81ea\u7531\u201d\u7684\u5e4c\u5b50\uff0c\u6d3e\u519b\u7528\u8230\u673a\u6765\u4e1c\u6d77\u3001\u5357\u6d77\u6311\u8845\uff0c\u5bf9\u4e2d\u65b9\u5b9e\u65bd\u9ad8\u9891\u5ea6\u62b5\u8fd1\u4fa6\u5bdf\uff0c\u4e3e\u884c\u9488\u5bf9\u6027\u6781\u5f3a\u7684\u519b\u4e8b\u6f14\u4e60\uff0c\u4e25\u91cd\u5371\u5bb3\u5730\u533a\u56fd\u5bb6\u7684\u4e3b\u6743\u4e0e\u5b89\u5168\u5229\u76ca\uff0c\u4e25\u91cd\u7834\u574f\u672c\u5730\u533a\u7684\u548c\u5e73\u7a33\u5b9a\u3002", "events": [], "arguments": {"time": [], "loc": [], "country": [{"text": "\u7f8e\u56fd", "offset": 9, "length": 2}, {"text": "\u4e2d\u65b9", "offset": 41, "length": 2}], "weapon": []}}]