[{"sentence": "\u4eba\u7c7b\u53f2\u4e0a\u6700\u5927\u5a01\u529b\u6838\u5f39\u8bd5\u7206\u753b\u9762\u66dd\u5149\uff01", "events": [], "arguments": {"time": [], "loc": [], "country": [], "weapon": [{"text": "\u6838\u5f39", "offset": 8, "length": 2}]}}, {"sentence": "\u706b\u7403\u76f4\u5f84\u8fd120\u516c\u91cc\uff0c\u4ece1000\u516c\u91cc\u5916\u90fd\u80fd\u770b\u5230", "events": [], "arguments": {"time": [], "loc": [], "country": [], "weapon": []}}, {"sentence": "\u3010\u73af\u7403\u7f51\u62a5\u9053\u00a0\u8bb0\u8005\u00a0\u5f90\u7490\u660e\u3011", "events": [], "arguments": {"time": [], "loc": [], "country": [], "weapon": []}}, {"sentence": "\u4fc4\u7f57\u65af\u8fd1\u65e5\u89e3\u5bc6\u4e86\u53f2\u4e0a\u5a01\u529b\u6700\u5927\u7684\u6838\u5f39\u2014\u2014\u201c\u6c99\u7687\u70b8\u5f39\u201d\u8bd5\u7206\u7684\u5f71\u50cf\u753b\u9762\u3002", "events": [], "arguments": {"time": [], "loc": [], "country": [{"text": "\u4fc4\u7f57\u65af", "offset": 0, "length": 3}], "weapon": [{"text": "\u201c\u6c99\u7687\u70b8\u5f39\u201d", "offset": 19, "length": 6}]}}, {"sentence": "\u636eThe\u00a0Drive\u7f51\u7ad9\u201c\u6218\u533a\u201d\u4e13\u680f8\u670825\u65e5\u62a5\u9053\uff0c1961\u5e7410\u670830\u65e5\uff0c\u82cf\u8054\u5728\u4f4d\u4e8e\u5317\u51b0\u6d0b\u7684\u65b0\u5730\u5c9b\u4e0a\u6295\u4e0b\u4e86\u4ee3\u53f7\u4e3a\u201c\u4f0a\u4e07\u201d\u7684\u6838\u5f39\uff0c\u8fd9\u662f\u8fc4\u4eca\u4e3a\u6b62\u6700\u5927\u7684\u4e00\u679a\u6838\u5f39\uff0c\u5f53\u91cf\u7ea6\u4e3a5000\u4e07\u5428TNT\u70b8\u836f\u3002", "events": [], "arguments": {"time": [{"text": "8\u670825\u65e5", "offset": 18, "length": 5}], "loc": [{"text": "\u5317\u51b0\u6d0b\u7684\u65b0\u5730\u5c9b", "offset": 43, "length": 7}], "country": [{"text": "\u82cf\u8054", "offset": 38, "length": 2}], "weapon": [{"text": "\u201c\u4f0a\u4e07\u201d\u7684\u6838\u5f39", "offset": 57, "length": 7}]}}, {"sentence": "\u4f46\u8fd9\u6b21\u8bd5\u7206\u7684\u5f71\u50cf\u4e00\u76f4\u88ab\u4e25\u683c\u4fdd\u5bc6\u3002", "events": [], "arguments": {"time": [], "loc": [], "country": [], "weapon": []}}, {"sentence": "\u8fd9\u679a\u5de8\u5927\u7684\u6838\u5f39\u662f\u5728\u540d\u4e3a\u201c\u4ea7\u54c1202\u201d\u7684\u9879\u76ee\u4e0b\u5f00\u53d1\uff0c\u591a\u5e74\u4ee5\u540e\u897f\u65b9\u56fd\u5bb6\u624d\u77e5\u9053\u8fd9\u79cd\u6b66\u5668\u88ab\u79f0\u4e3a\u201c\u6c99\u7687\u70b8\u5f39\u201d\u3002", "events": [], "arguments": {"time": [], "loc": [], "country": [], "weapon": [{"text": "\u201c\u6c99\u7687\u70b8\u5f39", "offset": 43, "length": 5}, {"text": "\u201d", "offset": 0, "length": 1}]}}, {"sentence": "2020\u5e748\u670820\u65e5\uff0c\u4fc4\u7f57\u65af\u56fd\u5bb6\u539f\u5b50\u80fd\u516c\u53f8(Rosatom)\u5728\u5176\u5b98\u65b9\u8d26\u53f7\u4e0a\u53d1\u5e03\u4e86\u4e00\u90e8\u957f\u8fbe30\u5206\u949f\u7684\u7eaa\u5f55\u7247\uff0c\u9996\u6b21\u5c55\u793a\u4e86\u201c\u6c99\u7687\u70b8\u5f39\u201d\u8bd5\u7206\u7684\u7ec6\u8282\u3002", "events": [{"trigger": {"text": "\u5c55\u793a", "offset": 55, "length": 2}, "subject": {"text": "\u4fc4\u7f57\u65af\u56fd\u5bb6\u539f\u5b50\u80fd\u516c\u53f8(Rosatom)", "offset": 11, "length": 19}, "object": {"text": "\u201c\u6c99\u7687\u70b8\u5f39\u201d\u8bd5\u7206", "offset": 58, "length": 8}}], "arguments": {"time": [{"text": "2020\u5e748\u670820\u65e5", "offset": 0, "length": 10}], "loc": [], "country": [{"text": "\u4fc4\u7f57\u65af", "offset": 11, "length": 3}], "weapon": [{"text": "\u201c\u6c99\u7687\u70b8\u5f39\u201d", "offset": 58, "length": 6}]}}, {"sentence": "\u8fd9\u90e8\u7eaa\u5f55\u7247\u7684\u64ad\u51fa\u6b63\u503c\u4fc4\u7f57\u65af\u6838\u5de5\u4e1a75\u5468\u5e74\u7eaa\u5ff5\u65e5\uff0c\u5c3d\u7ba1\u7528\u8fd9\u79cd\u88ab\u897f\u65b9\u79f0\u4e3a\u201c\u672b\u65e5\u6b66\u5668\u201d\u7684\u70ed\u6838\u70b8\u5f39\u6765\u7eaa\u5ff5\u662f\u4e00\u79cd\u4e0d\u540c\u5bfb\u5e38\u7684\u65b9\u5f0f\uff0c\u4f46\u8fd9\u7684\u786e\u662f\u4e00\u9879\u4e86\u4e0d\u8d77\u7684\u6280\u672f\u6210\u5c31\u3002", "events": [], "arguments": {"time": [], "loc": [], "country": [{"text": "\u4fc4\u7f57\u65af", "offset": 10, "length": 3}], "weapon": [{"text": "\u70ed\u6838\u70b8\u5f39", "offset": 41, "length": 4}]}}, {"sentence": "\u62a5\u9053\u79f0\uff0c\u8fd9\u90e8\u7eaa\u5f55\u7247\u867d\u7136\u6ee1\u6ee1\u90fd\u662f\u82cf\u8054\u65f6\u4ee3\u7684\u5ba3\u4f20\u98ce\u683c\uff0c\u4f46\u5b83\u63ed\u9732\u4e86\u5927\u91cf\u6709\u5173\u8fd9\u6b21\u6838\u8bd5\u9a8c\u7684\u7ec6\u8282\u3002", "events": [], "arguments": {"time": [], "loc": [], "country": [{"text": "\u82cf\u8054", "offset": 15, "length": 2}], "weapon": []}}, {"sentence": "\u5728\u201c\u7edd\u5bc6\u201d\u7684\u6807\u9898\u4e4b\u540e\uff0c\u4e00\u4e2a\u8fc7\u65f6\u7684\u573a\u666f\u51fa\u73b0\u4e86\u2014\u2014\u5b8c\u6210\u7ec4\u88c5\u7684\u201c\u6c99\u7687\u70b8\u5f39\u201d\u5728\u4e00\u8f86\u84b8\u6c7d\u706b\u8f66\u4e0a\u8fd0\u8f93\uff0c\u5b83\u7684\u76ee\u7684\u5730\u662f\u4f4d\u4e8e\u4fc4\u7f57\u65af\u897f\u5317\u90e8\u7684\u5965\u4f26\u96c5\u7a7a\u519b\u57fa\u5730\u3002", "events": [], "arguments": {"time": [], "loc": [], "country": [{"text": "\u4fc4\u7f57\u65af", "offset": 53, "length": 3}], "weapon": [{"text": "\u201c\u6c99\u7687\u70b8\u5f39\u201d", "offset": 28, "length": 6}]}}, {"sentence": "\u70b8\u5f39\u5728\u90a3\u91cc\u88ab\u5378\u4e0b\uff0c\u7136\u540e\u7528\u5361\u8f66\u8fd0\u8d70\u3002", "events": [], "arguments": {"time": [], "loc": [], "country": [], "weapon": [{"text": "\u70b8\u5f39", "offset": 0, "length": 2}]}}, {"sentence": "\u503c\u5f97\u6ce8\u610f\u7684\u662f\uff0c\u5f53\u65f6\u6295\u5f39\u6240\u7528\u7684\u56fe-95\u201c\u718a\u201d\u5f0f\u6218\u7565\u8f70\u70b8\u673a\uff0c\u81f3\u4eca\u4ecd\u5728\u4fc4\u7f57\u65af\u90e8\u961f\u670d\u5f79\u3002", "events": [], "arguments": {"time": [], "loc": [], "country": [{"text": "\u4fc4\u7f57\u65af", "offset": 32, "length": 3}], "weapon": [{"text": "\u56fe-95\u201c\u718a\u201d\u5f0f\u6218\u7565\u8f70\u70b8\u673a", "offset": 14, "length": 13}]}}, {"sentence": "\u5f53\u65f6\u6240\u7528\u7684\u662f\u4e00\u67b6\u7ecf\u8fc7\u7279\u6b8a\u6539\u88c5\u7684\u3001\u4e13\u95e8\u7528\u4e8e\u6d4b\u8bd5\u7684\u56fe-95V\u8f70\u70b8\u673a\uff0c\u91c7\u7528\u4e86\u534a\u57cb\u5165\u5f0f\u7684\u6b66\u5668\u5f39\u836f\u8231\uff0c\u5e76\u5bf9\u76f8\u5173\u7ed3\u6784\u8fdb\u884c\u4e86\u52a0\u5f3a\u3002", "events": [], "arguments": {"time": [], "loc": [], "country": [], "weapon": [{"text": "\u56fe-95V\u8f70\u70b8\u673a", "offset": 23, "length": 8}]}}, {"sentence": "\u7eaa\u5f55\u7247\u5411\u4eba\u4eec\u5c55\u793a\u4e86\u56fe-95V\u8f70\u70b8\u673a\u7684\u9a7e\u9a76\u8231\u91cc\u673a\u7ec4\u4eba\u5458\u4eec\u90fd\u6234\u7740\u62a4\u76ee\u955c\uff0c\u7136\u540e\u91cd\u8fbe26.5\u5428\u7684\u70b8\u5f39\u5728\u964d\u843d\u4f1e\u7684\u62d6\u62fd\u4e0b\u7f13\u7f13\u843d\u5411\u9884\u5b9a\u76ee\u6807\u2014\u2014\u9760\u8fd1\u65b0\u5730\u5c9b\u9a6c\u91d1\u7279\u6d77\u5ce1\u7684\u4fc4\u7f57\u65af\u56fd\u9632\u90e86\u53f7\u56fd\u5bb6\u8bd5\u9a8c\u573a\u3002", "events": [], "arguments": {"time": [], "loc": [], "country": [], "weapon": [{"text": "\u56fe-95V\u8f70\u70b8\u673a", "offset": 9, "length": 8}]}}, {"sentence": "\u7206\u70b8\u88ab\u4ece\u591a\u4e2a\u4e0d\u540c\u65b9\u5411\u7684\u89c6\u89d2\u8bb0\u5f55\u4e0b\u6765\uff0c\u5305\u62ec\u4ece\u7a7a\u4e2d\u62cd\u6444\u7684\u89c6\u89d2\u3002", "events": [], "arguments": {"time": [], "loc": [], "country": [], "weapon": []}}, {"sentence": "\u4f34\u968f\u56fe-95V\u6267\u884c\u6295\u5f39\u4efb\u52a1\u7684\u81f3\u5c11\u8fd8\u6709\u4e24\u67b6\u98de\u673a\uff0c\u5305\u62ec\u4e00\u67b6\u56fe-16\u8f70\u70b8\u673a\uff0c\u8be5\u673a\u4f5c\u4e3a\u201c\u98de\u884c\u5b9e\u9a8c\u5ba4\u201d\u4f7f\u7528\uff0c\u914d\u5907\u4e86\u7167\u76f8\u673a\u3001\u9065\u611f\u8bbe\u5907\u3001\u793a\u6ce2\u5668\u3001\u538b\u529b\u8bb0\u5f55\u4eea\u7b49\uff0c\u7528\u4e8e\u8bb0\u5f55\u7206\u70b8\u5f53\u91cf\u548c\u51b2\u51fb\u6ce2\u7684\u5f3a\u5ea6\u3002", "events": [], "arguments": {"time": [], "loc": [], "country": [], "weapon": [{"text": "\u56fe-16\u8f70\u70b8\u673a", "offset": 27, "length": 7}]}}, {"sentence": "\u56fe-95V\u8f70\u70b8\u673a\u672c\u8eab\u4e5f\u5b89\u88c5\u4e86\u5404\u79cd\u6d4b\u91cf\u8bbe\u5907\uff0c\u5305\u62ec\u5728\u673a\u5c3e\u70ae\u7684\u4f4d\u7f6e\u6362\u88c5\u4e86\u4f20\u611f\u5668\u63a2\u5934\u3002", "events": [], "arguments": {"time": [], "loc": [], "country": [], "weapon": [{"text": "\u56fe-95V\u8f70\u70b8\u673a", "offset": 0, "length": 8}]}}, {"sentence": "\u7eaa\u5f55\u7247\u4e2d\u7684\u753b\u9762\u663e\u793a\u4e86\u4e00\u4e2a\u6a21\u578b\uff0c\u8868\u660e\u5728\u4efb\u52a1\u5f00\u59cb\u65f6\uff0c\u81f3\u5c11\u67095\u67b6\u98de\u673a\u7ec4\u6210\u7f16\u961f\u3002", "events": [], "arguments": {"time": [], "loc": [], "country": [], "weapon": [{"text": "\u98de\u673a", "offset": 29, "length": 2}]}}, {"sentence": "\u98de\u884c\u572834449\u82f1\u5c3a\uff08\u7ea610500\u7c73\uff09\u9ad8\u7a7a\u56fe-95V\u8f70\u70b8\u673a\u6295\u4e0b\u70b8\u5f39\uff0c\u968f\u540e\u70b8\u5f39\u5728\u8ddd\u79bb\u5730\u976213123\u82f1\u5c3a\uff08\u7ea64000\u7c73\uff09\u7684\u9ad8\u5ea6\u7206\u70b8\u3002", "events": [], "arguments": {"time": [], "loc": [], "country": [], "weapon": [{"text": "\u56fe-95V\u8f70\u70b8\u673a", "offset": 21, "length": 8}]}}, {"sentence": "\u8fd9\u5c06\u5927\u5927\u964d\u4f4e\u6838\u7206\u70b8\u6240\u4ea7\u751f\u7684\u8f90\u5c04\uff0c\u8fd9\u4e5f\u8bb8\u4e5f\u662f\u8fd9\u90e8\u7eaa\u5f55\u7247\u5c06\u8be5\u70b8\u5f39\u8bf4\u6210\u662f\u201c\u5e72\u51c0\u7684\u6c22\u5f39\u201d\u7684\u539f\u56e0\u3002", "events": [], "arguments": {"time": [], "loc": [], "country": [], "weapon": [{"text": "\u6c22\u5f39", "offset": 37, "length": 2}]}}, {"sentence": "\u4e0d\u8fc7\u5bf9\u4e8e\u8fd9\u679a\u4e16\u754c\u4e0a\u5a01\u529b\u6700\u5927\u7684\u6838\u5f39\u800c\u8a00\uff0c\u4e00\u5207\u90fd\u662f\u76f8\u5bf9\u7684\u3002", "events": [], "arguments": {"time": [], "loc": [], "country": [], "weapon": [{"text": "\u6838\u5f39", "offset": 14, "length": 2}]}}, {"sentence": "\u7eaa\u5f55\u7247\u5185\u5bb9\u663e\u793a\uff0c\u7206\u70b8\u53d1\u751f\u65f6\u56fe-95\u8f70\u70b8\u673a\u8ddd\u79bb\u6295\u5f39\u70b9\u5df2\u670928\u82f1\u91cc\uff08\u7ea645\u5343\u7c73\uff09\uff0c\u4f46\u7206\u70b8\u4ea7\u751f\u7684\u706b\u7403\u5728621\u82f1\u91cc\uff08\u7ea61000\u516c\u91cc\uff09\u5916\u90fd\u80fd\u591f\u770b\u5230\u3002", "events": [], "arguments": {"time": [], "loc": [], "country": [], "weapon": [{"text": "\u56fe-95\u8f70\u70b8\u673a", "offset": 13, "length": 7}]}}, {"sentence": "\u201c\u7206\u70b8\u4f34\u968f\u7740\u5f02\u5e38\u5f3a\u70c8\u95ea\u5149\uff0c\u201d\u7eaa\u5f55\u7247\u7684\u65c1\u767d\u89e3\u91ca\u8bf4\u3002", "events": [], "arguments": {"time": [], "loc": [], "country": [], "weapon": []}}, {"sentence": "\u51e0\u79d2\u949f\u540e\uff0c\u4e00\u80a1\u5c18\u57c3\u4e0a\u5347\u5230\u4e86\u5927\u7ea66\u82f1\u91cc\uff08\u7ea69.6\u5343\u7c73\uff09\u7684\u9ad8\u5ea6\u3002", "events": [], "arguments": {"time": [], "loc": [], "country": [], "weapon": []}}, {"sentence": "\u7136\u540e\u955c\u5934\u53c8\u56de\u5230\u4e86\u98de\u673a\u4e0a\uff0c\u5728\u8ddd\u79bb\u7206\u70b8\u70b9155\u82f1\u91cc\uff08\u7ea6250\u516c\u91cc\uff09\u7684\u5730\u65b9\u53ef\u4ee5\u770b\u5230\u5de8\u5927\u7684\u706b\u7403\u6162\u6162\u4e0a\u5347\uff0c\u6700\u5927\u76f4\u5f84\u8fbe\u523012\u82f1\u91cc\uff08\u7ea619.3\u516c\u91cc\uff09\u3002", "events": [], "arguments": {"time": [], "loc": [], "country": [], "weapon": []}}, {"sentence": "\u7206\u70b8\u53d1\u751f40\u79d2\u540e\uff0c\u706b\u7403\u5230\u8fbe\u4e86\u7ea619\u82f1\u91cc\uff08\u7ea630.5\u516c\u91cc\uff09\u7684\u9ad8\u5ea6\uff0c\u4e4b\u540e\u5f00\u59cb\u5f62\u6210\u8611\u83c7\u4e91\uff0c\u6700\u5927\u9ad8\u5ea6\u8fbe\u523037-40\u82f1\u91cc\uff08\u7ea659.5-64.3\u5343\u7c73\uff09\uff0c\u76f4\u5f8456\u82f1\u91cc\uff08\u7ea690.1\u516c\u91cc\uff09\u3002", "events": [], "arguments": {"time": [], "loc": [], "country": [], "weapon": []}}, {"sentence": "\u5f53\u56fe-95V\u8f70\u70b8\u673a\u8fd4\u56de\u57fa\u5730\u65f6\uff0c\u5728\u8ddd\u79bb497\u82f1\u91cc\uff08\u7ea6800\u516c\u91cc\uff09\u7684\u5730\u65b9\u8fd8\u80fd\u770b\u5230\u8611\u83c7\u4e91\u3002", "events": [], "arguments": {"time": [], "loc": [], "country": [], "weapon": [{"text": "\u56fe-95V\u8f70\u70b8\u673a", "offset": 1, "length": 8}]}}, {"sentence": "\u5728\u7206\u70b8\u53d1\u751f\u7684\u201c\u51e0\u4e2a\u5c0f\u65f6\u201d\u540e\uff0c\u82cf\u8054\u4e13\u5bb6\u67e5\u770b\u4e86\u65b0\u5730\u5c9b\u5730\u9762\u7684\u7834\u574f\u60c5\u51b5\u3002", "events": [], "arguments": {"time": [], "loc": [], "country": [{"text": "\u82cf\u8054", "offset": 14, "length": 2}], "weapon": []}}, {"sentence": "\u4ed6\u4eec\u4e58\u5750\u4e00\u67b6\u7c73-4\u76f4\u5347\u673a\u62b5\u8fbe\u73b0\u573a\uff0c\u5728\u65e0\u9632\u62a4\u7684\u60c5\u51b5\u4e0b\u7740\u9646\uff0c\u56e0\u4e3a\u201c\u5373\u4f7f\u5728\u73b0\u573a\u7684\u6700\u4e2d\u5fc3\uff0c\uff08\u8f90\u5c04\uff09\u4e5f\u662f\u5fae\u4e0d\u8db3\u9053\u7684\u201d\u3002", "events": [], "arguments": {"time": [], "loc": [], "country": [], "weapon": [{"text": "\u7c73-4\u76f4\u5347\u673a", "offset": 6, "length": 6}]}}, {"sentence": "\u7136\u540e\u4e00\u4e9b\u6d4b\u8bd5\u56e2\u961f\u6210\u5458\u7a7f\u4e0a\u9632\u62a4\u8bbe\u5907\uff0c\u62b5\u8fd1\u8bd5\u9a8c\u573a\u7684\u4e2d\u5fc3\uff0c\u4ed6\u4eec\u4e58\u5750\u7684\u662f\u5c65\u5e26\u5f0f\u8f66\u8f86\uff0c\u8fd9\u79cd\u8f66\u8f86\u662f\u4e13\u95e8\u4e3a\u96ea\u5730\u73af\u5883\u8bbe\u8ba1\u7684\u3002", "events": [], "arguments": {"time": [], "loc": [], "country": [], "weapon": [{"text": "\u5c65\u5e26\u5f0f\u8f66\u8f86", "offset": 32, "length": 5}]}}, {"sentence": "\u5728\u90a3\u91cc\uff0c\u65b9\u5706\u6570\u5341\u516c\u91cc\u7684\u5730\u65b9\u90fd\u88ab\u70e7\u7126\uff0c\u5927\u90e8\u5206\u7684\u79ef\u96ea\u90fd\u5df2\u7ecf\u84b8\u53d1\uff0c\u5efa\u7b51\u7269\u4e5f\u88ab\u5df2\u7ecf\u88ab\u6467\u6bc1\u3002", "events": [], "arguments": {"time": [], "loc": [], "country": [], "weapon": []}}, {"sentence": "\u201c\u6c99\u7687\u70b8\u5f39\u201d\u662f\u8d6b\u9c81\u6653\u592b\u63d0\u51fa\u7684\u6784\u60f3\uff0c\u5e76\u4e8e1961\u5e747\u6708\u6b63\u5f0f\u83b7\u6279\u3002", "events": [], "arguments": {"time": [], "loc": [], "country": [], "weapon": [{"text": "\u201c\u6c99\u7687\u70b8\u5f39", "offset": 0, "length": 5}]}}, {"sentence": "\u8d6b\u9c81\u6653\u592b\u5f53\u65f6\u8981\u6c42\u5de5\u7a0b\u5e08\u4eec\u5f00\u53d1\u4e00\u79cd1\u4ebf\u5428TNT\u5f53\u91cf\u7684\u70ed\u6838\u6b66\u5668\uff0c\u4f46\u4f3c\u4e4e\u662f\u51fa\u4e8e\u5bf9\u8f90\u5c04\u7684\u62c5\u5fc3\uff0c\u7814\u53d1\u56e2\u961f\u51b3\u5b9a\u5c06\u5f53\u91cf\u964d\u4f4e\u52305000\u4e07\u5428\u3002", "events": [], "arguments": {"time": [], "loc": [], "country": [], "weapon": [{"text": "\u70ed\u6838\u6b66\u5668", "offset": 25, "length": 4}]}}, {"sentence": "\u4f46\u5373\u4f7f\u8fd9\u6837\uff0c\u8fd9\u679a\u70b8\u5f39\u7684\u5a01\u529b\u4ecd\u76f8\u5f53\u4e8e\u5927\u7ea63800\u679a\u5e7f\u5c9b\u539f\u5b50\u5f39\u3002", "events": [], "arguments": {"time": [], "loc": [], "country": [], "weapon": [{"text": "\u5e7f\u5c9b\u539f\u5b50\u5f39", "offset": 24, "length": 5}]}}, {"sentence": "\u8be5\u7eaa\u5f55\u7247\u6307\u51fa\uff0c\u70b8\u5f39\u5916\u58f3\u672c\u8eab\u7684\u5927\u5c0f\u53ef\u4ee5\u5bb9\u7eb31\u4ebf\u5428\u7ea7\u70b8\u836f\u91cf\u3002", "events": [], "arguments": {"time": [], "loc": [], "country": [], "weapon": [{"text": "\u70b8\u5f39", "offset": 7, "length": 2}]}}, {"sentence": "\u4f46\u201c\u6c99\u7687\u70b8\u5f39\u201d\u6700\u7ec8\u56e0\u4e3a\u5a01\u529b\u592a\u5927\uff0c\u65e0\u6cd5\u7528\u4e8e\u5b9e\u9645\u7684\u519b\u4e8b\u7528\u9014\u2014\u2014\u65e0\u8bba\u662f\u5728\u8fd0\u8f7d\u7cfb\u7edf\u65b9\u9762\uff0c\u8fd8\u662f\u5728\u5bfb\u627e\u503c\u5f97\u4f7f\u7528\u7684\u76ee\u6807\u65b9\u9762\u3002", "events": [], "arguments": {"time": [], "loc": [], "country": [], "weapon": [{"text": "\u201c\u6c99\u7687\u70b8\u5f39\u201d", "offset": 1, "length": 6}]}}, {"sentence": "\u6838\u6b66\u5668\u5728\u4eca\u5929\u7684\u4fc4\u7f57\u65af\u6b66\u88c5\u90e8\u961f\u4e2d\u4ecd\u7136\u6709\u7740\u4e3e\u8db3\u8f7b\u91cd\u7684\u5730\u4f4d\uff0c\u800c\u4e14\u5927\u591a\u6570\u4fc4\u519b\u6218\u6597\u673a\u90fd\u6709\u6295\u653e\u6838\u6b66\u5668\u7684\u80fd\u529b\u3002", "events": [], "arguments": {"time": [], "loc": [], "country": [{"text": "\u4fc4\u7f57\u65af", "offset": 7, "length": 3}], "weapon": [{"text": "\u6218\u6597\u673a", "offset": 34, "length": 3}]}}, {"sentence": "\u8fd9\u90e8\u51b7\u6218\u65f6\u671f\u7684\u7eaa\u5f55\u7247\u8ba9\u4eba\u4eec\u6e05\u9192\u5730\u8ba4\u8bc6\u5230\u8fd9\u4e9b\u6b66\u5668\u7684\u5b58\u5728\u4ee5\u53ca\u4ed6\u4eec\u53ef\u6015\u7684\u7834\u574f\u529b\u3002", "events": [], "arguments": {"time": [], "loc": [], "country": [], "weapon": []}}]