[{"sentence": "\u4fc4\u7a7a\u519b\u201c\u8001\u5175\u201d\u56fe-95\u5b8c\u6210\u5347\u7ea7\u00a0\u5c06\u80fd\u643a\u5e268\u679a\u5bfc\u5f39", "events": [], "arguments": {"time": [], "loc": [], "country": [{"text": "\u4fc4", "offset": 0, "length": 1}], "weapon": [{"text": "\u201c\u8001\u5175\u201d\u56fe-95", "offset": 3, "length": 8}]}}, {"sentence": "\u3010\u73af\u7403\u7f51\u62a5\u9053 \u8bb0\u8005 \u9a6c\u5ca9\u3011", "events": [], "arguments": {"time": [], "loc": [], "country": [], "weapon": []}}, {"sentence": "\u636e\u4fc4\u7f57\u65af\u5854\u65af\u793e8\u670824\u65e5\u62a5\u9053\uff0c\u7ecf\u8fc7\u5347\u7ea7\u6539\u9020\u7684\u56fe-95MSM\u6218\u7565\u8f70\u70b8\u673a\u643a\u5e26\u5bfc\u5f39\u6570\u91cf\u5c06\u4ece4\u679a\u63d0\u9ad8\u52308\u679a\uff0c\u5e76\u88c5\u6709\u65b0\u7684\u98de\u884c\u63a7\u5236\u3001\u5bfc\u822a\u548c\u901a\u4fe1\u7cfb\u7edf\u3002", "events": [], "arguments": {"time": [{"text": "8\u670824\u65e5", "offset": 7, "length": 5}], "loc": [], "country": [{"text": "\u4fc4\u7f57\u65af", "offset": 1, "length": 3}], "weapon": [{"text": "\u56fe-95MSM\u6218\u7565\u8f70\u70b8\u673a", "offset": 22, "length": 12}]}}, {"sentence": "\u8054\u5408\u98de\u673a\u516c\u53f8\u9996\u5e2d\u6267\u884c\u5b98\u5c24\u91cc\u2022\u65af\u5c24\u8428\u5c14\u8868\u793a\uff0c\u7ecf\u8fc7\u5347\u7ea7\uff0c\u56fe-95\u83b7\u5f97\u4e86\u65b0\u7684\u6b66\u5668\u548c\u98de\u673a\u63a7\u5236\u7cfb\u7edf\u3001\u98de\u884c\u63a7\u5236\u548c\u5bfc\u822a\u8bbe\u5907\u3001\u673a\u4e0a\u901a\u4fe1\u8bbe\u5907\u3001\u96f7\u8fbe\u4ee5\u53ca\u6570\u636e\u8bb0\u5f55\u8bbe\u5907\u3002", "events": [], "arguments": {"time": [], "loc": [], "country": [], "weapon": [{"text": "\u56fe-95", "offset": 26, "length": 4}]}}, {"sentence": "\u5347\u7ea7\u5c06\u63d0\u5347\u8fd9\u6b3e\u6218\u7565\u8f70\u70b8\u673a\u7684\u4f5c\u6218\u6548\u7387\u3002", "events": [], "arguments": {"time": [], "loc": [], "country": [], "weapon": [{"text": "\u6218\u7565\u8f70\u70b8\u673a", "offset": 7, "length": 5}]}}, {"sentence": "\u4ed6\u8bf4\uff0c\u5347\u7ea7\u540e\u7684\u56fe-95MSM\u6218\u7565\u8f70\u70b8\u673a\u7684\u98de\u884c\u6d4b\u8bd5\u5df2\u7ecf\u542f\u52a8\u3002", "events": [{"trigger": {"text": "\u5347\u7ea7", "offset": 3, "length": 2}, "subject": {"text": "\u56fe-95MSM\u6218\u7565\u8f70\u70b8\u673a", "offset": 7, "length": 12}, "object": {"text": "", "offset": 0, "length": 0}}], "arguments": {"time": [], "loc": [], "country": [], "weapon": [{"text": "\u56fe-95MSM\u6218\u7565\u8f70\u70b8\u673a", "offset": 7, "length": 12}]}}, {"sentence": "\u56fe-95MSM\u7684\u9996\u6b21\u98de\u884c\u6d4b\u8bd5\u5728\u6d77\u62d49000\u7c73\u9ad8\u7a7a\u8fdb\u884c\uff0c\u6301\u7eed\u4e862\u5c0f\u65f633\u5206\u949f\uff0c\u673a\u4e0a\u7cfb\u7edf\u548c\u8bbe\u5907\u8fd0\u8f6c\u6b63\u5e38\u3002", "events": [], "arguments": {"time": [], "loc": [], "country": [], "weapon": [{"text": "\u56fe-95MSM", "offset": 0, "length": 7}]}}, {"sentence": "\u56fe-95\u6218\u7565\u8f70\u70b8\u673a\u670d\u5f79\u4e8e1956\u5e74\uff0c\u662f\u4fc4\u7f57\u65af\u670d\u5f79\u5e74\u4ee3\u6700\u4e45\u7684\u8f70\u70b8\u673a\uff0c\u7ecf\u8fc7\u4e86\u591a\u6b21\u5347\u7ea7\u548c\u6539\u9020\uff0c\u9884\u8ba1\u53ef\u80fd\u670d\u5f79\u81f32040\u5e74\u3002", "events": [], "arguments": {"time": [], "loc": [], "country": [{"text": "\u4fc4\u7f57\u65af", "offset": 19, "length": 3}], "weapon": [{"text": "\u56fe-95\u6218\u7565\u8f70\u70b8\u673a", "offset": 0, "length": 9}]}}]