[{"sentence": "\u4fc4\u9ad8\u5b98\u900f\u9732\u82cf57\u6218\u673a\u6b63\u5728\u8fdb\u884c\u65e0\u4eba\u9a7e\u9a76\u6a21\u5f0f\u9a8c\u8bc1\u6d4b\u8bd5", "events": [], "arguments": {"time": [], "loc": [], "country": [{"text": "\u4fc4", "offset": 0, "length": 1}], "weapon": [{"text": "\u82cf57\u6218\u673a", "offset": 5, "length": 5}]}}, {"sentence": "\u3010\u73af\u7403\u7f51\u519b\u4e8b\u62a5\u9053\u3011", "events": [], "arguments": {"time": [], "loc": [], "country": [{"text": "\u4fc4\u7f57\u65af", "offset": -1, "length": 3}], "weapon": []}}, {"sentence": "\u4fc4\u7f57\u65af\u536b\u661f\u901a\u8baf\u793e8\u670824\u65e5\u62a5\u9053\uff0c\u4fc4\u7f57\u65af\u8054\u5408\u98de\u673a\u516c\u53f8\u603b\u7ecf\u7406\u5c24\u91cc\u00b7\u65af\u67f3\u8428\u5c14\u8868\u793a\uff0c\u4fc4\u7f57\u65af\u7b2c\u4e94\u4ee3\u6218\u673a\u82cf-57\u4ee5\u53ca\u5176\u4ed6\u4e00\u4e9b\u6218\u673a\u6b63\u88ab\u5c1d\u8bd5\u6539\u88c5\u4e3a\u65e0\u4eba\u9a7e\u9a76\u6a21\u5f0f\u3002", "events": [{"trigger": {"text": "\u6539\u88c5", "offset": 62, "length": 2}, "subject": {"text": "\u4fc4\u7f57\u65af\u7b2c\u4e94\u4ee3\u6218\u673a\u82cf-57\u4ee5\u53ca\u5176\u4ed6\u4e00\u4e9b\u6218\u673a", "offset": 38, "length": 20}, "object": {"text": "", "offset": 0, "length": 0}}], "arguments": {"time": [{"text": "8\u670824\u65e5", "offset": 8, "length": 5}], "loc": [], "country": [{"text": "\u4fc4\u7f57\u65af", "offset": 0, "length": 3}, {"text": "\u4fc4\u7f57\u65af", "offset": 16, "length": 3}, {"text": "\u4fc4\u7f57\u65af", "offset": 38, "length": 3}], "weapon": [{"text": "\u82cf-57", "offset": 46, "length": 4}]}}, {"sentence": "\u65af\u67f3\u8428\u5c14\u5728\u201c\u7ea2\u661f\u201d\u7535\u89c6\u53f0\u7684\u8282\u76ee\u4e2d\u79f0\uff1a\u201c\u6211\u4eec\u6b63\u5c1d\u8bd5\u5c06\u5927\u91cf\u7684\u88c5\u5907\u6539\u88c5\u4e3a\u65e0\u4eba\u63a7\u5236\u7684\u65b9\u6848\uff0c\u5f53\u7136\uff0c\u82cf-57\u4e5f\u5728\u8fdb\u884c\u8fd9\u79cd\u6539\u88c5\u3002", "events": [], "arguments": {"time": [], "loc": [], "country": [], "weapon": [{"text": "\u82cf-57", "offset": 44, "length": 4}]}}, {"sentence": "\u636e\u4ed6\u4ecb\u7ecd\uff0c\u76ee\u524d\u5df2\u670910\u67b6\u98de\u673a\u6267\u884c\u4e86\u8d85\u8fc74000\u6b21\u98de\u884c\u3002", "events": [], "arguments": {"time": [], "loc": [], "country": [], "weapon": [{"text": "\u98de\u673a", "offset": 12, "length": 2}]}}, {"sentence": "\u65af\u67f3\u8428\u5c14\u8fd8\u8865\u5145\u8bf4\uff1a\u201d\u6211\u4eec\u7684\u4efb\u52a1\u662f\u4e3a\u7a7a\u5929\u519b\u7684\u5229\u76ca\u5f00\u59cb\u6279\u91cf\u4f9b\u5e94\u3002", "events": [], "arguments": {"time": [], "loc": [], "country": [], "weapon": []}}, {"sentence": "\u201c", "events": [], "arguments": {"time": [], "loc": [], "country": [], "weapon": []}}, {"sentence": "\u82cf-57\u4e8e2010\u5e74\u9996\u98de\uff0c\u4e3a\u4fc4\u7f57\u65af\u7684\u7b2c\u4e94\u4ee3\u6218\u6597\u673a\uff0c\u8bbe\u5b9a\u76ee\u6807\u662f\u6467\u6bc1\u6240\u6709\u7c7b\u578b\u7684\u7a7a\u4e2d\u3001\u5730\u9762\u548c\u6c34\u9762\u76ee\u6807\u3002", "events": [], "arguments": {"time": [], "loc": [], "country": [{"text": "\u4fc4\u7f57\u65af", "offset": 14, "length": 3}], "weapon": [{"text": "\u82cf-57", "offset": 0, "length": 4}]}}, {"sentence": "\u5728\u201c\u519b\u961f-2019\u201d\u8bba\u575b\u4e0a\u7b7e\u7f72\u4e86\u5411\u4fc4\u7f57\u65af\u7a7a\u5929\u519b\u63d0\u4f9b76\u67b6\u82cf-57\u6218\u6597\u673a\u7684\u5408\u540c\u3002", "events": [], "arguments": {"time": [], "loc": [], "country": [{"text": "\u4fc4\u7f57\u65af", "offset": 17, "length": 3}], "weapon": [{"text": "\u82cf-57\u6218\u6597\u673a", "offset": 28, "length": 7}]}}, {"sentence": "\u76ee\u524d\uff0c\u4fc4\u65b9\u6b63\u5bf9\u8be5\u673a\u8fdb\u884c\u6d4b\u8bd5\uff0c\u5728\u6b64\u8fc7\u7a0b\u4e2d\u5c06\u68c0\u67e5\u5176\u7cfb\u7edf\u529f\u80fd\u4ee5\u53ca\u53d1\u52a8\u673a\u7b2c\u4e8c\u9636\u6bb5\u5de5\u4f5c\u6a21\u5f0f\u3002", "events": [], "arguments": {"time": [], "loc": [], "country": [{"text": "\u4fc4\u65b9", "offset": 3, "length": 2}], "weapon": []}}, {"sentence": "\u4fc4\u7f57\u65af\u56fd\u9632\u90e8\u6b64\u524d\u591a\u6b21\u8868\u793a\uff0c\u82cf-57\u6218\u673a\u5728\u53d9\u5229\u4e9a\u6210\u529f\u8fdb\u884c\u4e86\u6d4b\u8bd5\u3002", "events": [], "arguments": {"time": [], "loc": [], "country": [{"text": "\u53d9\u5229\u4e9a", "offset": 20, "length": 3}], "weapon": [{"text": "\u82cf-57\u6218\u673a", "offset": 13, "length": 6}]}}]