[{"sentence": "\u7d27\u5f20\u5c40\u52bf\u52a0\u5267\u4e4b\u9645\u00a0\u767d\u4fc4\u7f57\u65af\u5ba3\u5e03\u4e0e\u4fc4\u7f57\u65af\u8fbe\u6210\u6b66\u5668\u4f9b\u5e94\u534f\u8bae", "events": [], "arguments": {"time": [], "loc": [], "country": [{"text": "\u767d\u4fc4\u7f57\u65af", "offset": 9, "length": 4}, {"text": "\u4fc4\u7f57\u65af", "offset": 16, "length": 3}], "weapon": []}}, {"sentence": "\u3010\u73af\u7403\u7f51\u519b\u4e8b\u62a5\u9053\u3011", "events": [], "arguments": {"time": [], "loc": [], "country": [], "weapon": []}}, {"sentence": "\u4fc4\u7f57\u65af\u536b\u661f\u901a\u8baf\u793e8\u670824\u65e5\u62a5\u9053\uff0c\u767d\u4fc4\u7f57\u65af\u56fd\u9632\u90e8\u53d1\u5e03\u6d88\u606f\u79f0\uff0c\u660e\u65af\u514b\u4e0e\u83ab\u65af\u79d1\u5c31\u9632\u7a7a\u7cfb\u7edf\u4f9b\u5e94\u8fbe\u6210\u534f\u8bae\u3002", "events": [], "arguments": {"time": [{"text": "8\u670824\u65e5", "offset": 8, "length": 5}], "loc": [], "country": [{"text": "\u4fc4\u7f57\u65af", "offset": 17, "length": 3}, {"text": "\u4fc4\u7f57\u65af", "offset": 0, "length": 3}], "weapon": []}}, {"sentence": "\u767d\u4fc4\u7f57\u65af\u56fd\u9632\u90e8\u5728\u5176\u5b98\u65b9\u7f51\u7ad9\u53d1\u5e03\u6d88\u606f\u79f0\uff1a \u201c\u767d\u4fc4\u7f57\u65af\u4e0e\u4fc4\u7f57\u65af\u201c\u91d1\u521a\u77f3-\u5b89\u6cf0\u201d\u96c6\u56e2\u5c312025\u5e74\u524d\u63d0\u4f9b\u73b0\u4ee3\u5316\u9632\u7a7a\u7cfb\u7edf\u6837\u54c1\u7b7e\u7f72\u4e862021-2025\u5e74\u5408\u4f5c\u8ba1\u5212\u3002", "events": [], "arguments": {"time": [], "loc": [], "country": [{"text": "\u767d\u4fc4\u7f57\u65af", "offset": 21, "length": 4}, {"text": "\u4fc4\u7f57\u65af", "offset": 26, "length": 3}], "weapon": []}}, {"sentence": "\u201d", "events": [], "arguments": {"time": [], "loc": [], "country": [], "weapon": []}}, {"sentence": "\u767d\u4fc4\u7f57\u65af\u56fd\u9632\u90e8\u8fd8\u8868\u793a\uff1a\u201c\uff08\u4e24\u56fd\uff09\u8fd8\u7b7e\u7f72\u4e86\u4e00\u7cfb\u5217\u6b66\u5668\u4f9b\u5e94\u5408\u540c\uff0c\u5176\u4e2d\u5305\u62ec\u53ef\u88c5\u5907\u4e24\u4e2a\u8425\u7684BTR-82A\u578b\u88c5\u7532\u8fd0\u5175\u8f66\u548c\u7b2c\u4e00\u6279\u56db\u67b6\u7c73\u683c-35M\u76f4\u5347\u673a\u3002", "events": [{"trigger": {"text": "\u88c5\u5907", "offset": 35, "length": 2}, "subject": {"text": "\u767d\u4fc4\u7f57\u65af", "offset": 0, "length": 4}, "object": {"text": "\u4e24\u4e2a\u8425\u7684BTR-82A\u578b\u88c5\u7532\u8fd0\u5175\u8f66\u548c\u7b2c\u4e00\u6279\u56db\u67b6\u7c73\u683c-35M\u76f4\u5347\u673a", "offset": 37, "length": 32}}], "arguments": {"time": [], "loc": [], "country": [], "weapon": [{"text": "\u7c73\u683c-35M\u76f4\u5347\u673a", "offset": 60, "length": 9}, {"text": "BTR-82A\u578b\u88c5\u7532\u8fd0\u5175\u8f66", "offset": 41, "length": 13}]}}, {"sentence": "\u201d", "events": [], "arguments": {"time": [], "loc": [], "country": [], "weapon": []}}, {"sentence": "\u8def\u900f\u793e8\u670817\u65e5\u66fe\u62a5\u9053\u79f0\uff0c\u514b\u91cc\u59c6\u6797\u5bab\u5728\u4e00\u4efd\u58f0\u660e\u4e2d\u8bf4\uff0c\u5f53\u5730\u65f6\u95f416\u65e5\u4fc4\u7f57\u65af\u603b\u7edf\u666e\u4eac\u5728\u7535\u8bdd\u4e2d\u5bf9\u767d\u4fc4\u7f57\u65af\u603b\u7edf\u4e9a\u5386\u5c71\u5927\u00b7\u5362\u5361\u7533\u79d1\u8bf4\uff0c\u4fc4\u7f57\u65af\u968f\u65f6\u51c6\u5907\u6839\u636e\u5171\u540c\u519b\u4e8b\u534f\u8bae\u4e3a\u767d\u4fc4\u7f57\u65af\u63d0\u4f9b\u5e2e\u52a9\u3002", "events": [], "arguments": {"time": [], "loc": [], "country": [{"text": "\u767d\u4fc4\u7f57\u65af", "offset": 45, "length": 4}, {"text": "\u4fc4\u7f57\u65af", "offset": 62, "length": 3}, {"text": "\u767d\u4fc4\u7f57\u65af", "offset": 78, "length": 4}], "weapon": []}}, {"sentence": "\u58f0\u660e\u8fd8\u8bf4\uff0c\u767d\u4fc4\u7f57\u65af\u6b63\u53d7\u5230\u5916\u90e8\u538b\u529b\uff0c\u4f46\u672a\u6307\u51fa\u662f\u8c01\u5728\u5411\u767d\u4fc4\u7f57\u65af\u65bd\u52a0\u538b\u529b\u3002", "events": [], "arguments": {"time": [], "loc": [], "country": [{"text": "\u767d\u4fc4\u7f57\u65af", "offset": 25, "length": 4}, {"text": "\u767d\u4fc4\u7f57\u65af", "offset": 5, "length": 4}], "weapon": []}}, {"sentence": "\u57289\u65e5\u4e3e\u884c\u603b\u7edf\u9009\u4e3e\u540e\uff0c\u767d\u4fc4\u7f57\u65af\u7684\u8857\u5934\u6297\u8bae\u6d3b\u52a8\u4e00\u76f4\u6301\u7eed\u3002", "events": [], "arguments": {"time": [], "loc": [], "country": [{"text": "\u767d\u4fc4\u7f57\u65af", "offset": 11, "length": 4}], "weapon": []}}]