[{"sentence": "\u6539\u8fdb\u578b\u201c\u5e03\u62c9\u83ab\u65af\u201d\u5de1\u822a\u5bfc\u5f39\u5c06\u5728\u5e74\u5185\u6d4b\u8bd5\u00a0\u53ef\u5927\u5e45\u63d0\u9ad8\u5370\u5ea6\u7684\u4f5c\u6218\u80fd\u529b", "events": [], "arguments": {"time": [], "loc": [], "country": [{"text": "\u5370\u5ea6", "offset": 25, "length": 2}], "weapon": [{"text": "\u6539\u8fdb\u578b\u201c\u5e03\u62c9\u83ab\u65af\u201d\u5de1\u822a\u5bfc\u5f39", "offset": 0, "length": 13}]}}, {"sentence": "\u3010\u73af\u7403\u7f51\u62a5\u9053 \u8bb0\u8005 \u9a6c\u5ca9\u3011", "events": [], "arguments": {"time": [], "loc": [], "country": [], "weapon": []}}, {"sentence": "\u636e\u4fc4\u7f57\u65af\u5854\u65af\u793e8\u670824\u65e5\u62a5\u9053\uff0c\u4fc4\u7f57\u65af\u4e0e\u5370\u5ea6\u8054\u5408\u7814\u5236\u7684\u3001\u5c04\u7a0b\u66f4\u8fdc\u7684\u6539\u8fdb\u578b\u201c\u5e03\u62c9\u83ab\u65af\u201d\u5de1\u822a\u5bfc\u5f39\u5c06\u5728\u5e74\u5185\u542f\u52a8\u6d4b\u8bd5\u3002", "events": [{"trigger": {"text": "\u6d4b\u8bd5", "offset": 51, "length": 2}, "subject": {"text": "\u6539\u8fdb\u578b\u201c\u5e03\u62c9\u83ab\u65af\u201d\u5de1\u822a\u5bfc\u5f39", "offset": 32, "length": 13}, "object": {"text": "", "offset": 0, "length": 0}}], "arguments": {"time": [{"text": "8\u670824\u65e5", "offset": 7, "length": 5}], "loc": [], "country": [{"text": "\u4fc4\u7f57\u65af", "offset": 1, "length": 3}, {"text": "\u4fc4\u7f57\u65af", "offset": 15, "length": 3}, {"text": "\u5370\u5ea6", "offset": 19, "length": 2}], "weapon": [{"text": "\u6539\u8fdb\u578b\u201c\u5e03\u62c9\u83ab\u65af\u201d\u5de1\u822a\u5bfc\u5f39", "offset": 32, "length": 13}]}}, {"sentence": "\u4fc4\u7f57\u65af\u6218\u672f\u5bfc\u5f39\u516c\u53f8\u9996\u5e2d\u6267\u884c\u5b98\u9c8d\u91cc\u65af\u5728\u201c\u519b\u961f-2020\u201d\u56fd\u9645\u519b\u4e8b\u8bba\u575b\u4e0a\u900f\u9732\u4e86\u4e0a\u8ff0\u6d88\u606f\u3002", "events": [], "arguments": {"time": [], "loc": [], "country": [{"text": "\u4fc4\u7f57\u65af", "offset": 0, "length": 3}], "weapon": []}}, {"sentence": "\u4ed6\u8bf4\uff0c\u5c31\u57286\u670810\u65e5\uff0c\u7a7a\u57fa\u9ad8\u8d85\u97f3\u901f\u5de1\u822a\u5bfc\u5f39\u5f97\u5230\u4e86\u5370\u5ea6\u5b98\u65b9\u7684\u6279\u51c6\uff0c\u6b63\u5f0f\u6295\u5165\u4f7f\u7528\uff0c\u5b83\u7684\u6027\u80fd\u8fbe\u5230\u4e86\u5370\u5ea6\u7a7a\u519b\u7684\u5168\u90e8\u8981\u6c42\uff0c\u5b83\u5c06\u5927\u5927\u589e\u5f3a\u5370\u5ea6\u7a7a\u519b\u7684\u6253\u51fb\u80fd\u529b\u3002", "events": [], "arguments": {"time": [], "loc": [], "country": [{"text": "\u5370\u5ea6", "offset": 24, "length": 2}, {"text": "\u5370\u5ea6", "offset": 46, "length": 2}, {"text": "\u5370\u5ea6", "offset": 62, "length": 2}], "weapon": [{"text": "\u7a7a\u57fa\u9ad8\u8d85\u97f3\u901f\u5de1\u822a\u5bfc\u5f39", "offset": 11, "length": 10}]}}, {"sentence": "\u201c\u2018\u5e03\u62c9\u83ab\u65af\u2019\u5bfc\u5f39\u5c04\u7a0b300\u516c\u91cc\uff0c\u800c\u82cf-30MKI\u6218\u6597\u673a\u7ecf\u7a7a\u4e2d\u52a0\u6cb9\u4f5c\u6218\u534a\u5f84\u53ef\u8fbe3000\u516c\u91cc\uff0c\u4e8c\u8005\u7ed3\u5408\u53ef\u4ee5\u5927\u5927\u63d0\u9ad8\u5370\u5ea6\u7a7a\u519b\u5728\u5370\u5ea6\u6d0b\u5730\u533a\u7684\u4f5c\u6218\u4f18\u52bf\u3002", "events": [], "arguments": {"time": [], "loc": [], "country": [{"text": "\u5370\u5ea6", "offset": 56, "length": 2}], "weapon": [{"text": "\u2018\u5e03\u62c9\u83ab\u65af\u2019\u5bfc\u5f39", "offset": 1, "length": 8}, {"text": "\u201c\u2018\u5e03\u62c9\u83ab\u65af\u2019\u5bfc\u5f39", "offset": 0, "length": 9}, {"text": "\u82cf-30MKI\u6218\u6597\u673a", "offset": 18, "length": 10}]}}, {"sentence": "\u201d\u4ed6\u8bf4\u3002", "events": [], "arguments": {"time": [], "loc": [], "country": [], "weapon": []}}, {"sentence": "\u6b64\u5916\uff0c\u9c8d\u91cc\u65af\u8fd8\u5927\u5927\u8d5e\u8d4f\u4e86\u4fc4\u7f57\u65af\u4e0e\u5370\u5ea6\u6210\u7acb\u7684\u201c\u5e03\u62c9\u83ab\u65af\u201d\u9879\u76ee\u5408\u8d44\u516c\u53f8\uff0c\u79f0\u5176\u4e3a\u56fd\u9645\u519b\u4e8b\u5408\u4f5c\u6700\u6210\u529f\u5178\u8303\u4e4b\u4e00\u3002", "events": [], "arguments": {"time": [], "loc": [], "country": [{"text": "\u5370\u5ea6", "offset": 16, "length": 2}, {"text": "\u4fc4\u7f57\u65af", "offset": 12, "length": 3}], "weapon": []}}]