[{"sentence": "\u4e0d\u60e7\u7f8e\u56fd\u65bd\u538b\uff01", "events": [], "arguments": {"time": [], "loc": [], "country": [{"text": "\u7f8e\u56fd", "offset": 2, "length": 2}], "weapon": []}}, {"sentence": "\u571f\u8033\u5176\u4e0e\u4fc4\u7f57\u65af\u7b7e\u7f72\u7b2c\u4e8c\u6279S-400\u9632\u7a7a\u5bfc\u5f39\u7cfb\u7edf\u5408\u540c", "events": [], "arguments": {"time": [], "loc": [], "country": [{"text": "\u571f\u8033\u5176", "offset": 0, "length": 3}, {"text": "\u4fc4\u7f57\u65af", "offset": 4, "length": 3}], "weapon": [{"text": "S-400\u9632\u7a7a\u5bfc\u5f39\u7cfb\u7edf", "offset": 12, "length": 11}]}}, {"sentence": "\u3010\u73af\u7403\u7f51\u62a5\u9053 \u8bb0\u8005 \u9a6c\u5ca9\u3011", "events": [], "arguments": {"time": [], "loc": [], "country": [], "weapon": []}}, {"sentence": "\u636e\u4fc4\u7f57\u65af\u5854\u65af\u793e8\u670823\u65e5\u62a5\u9053\uff0c\u4fc4\u7f57\u65af\u56fd\u6709\u519b\u706b\u51fa\u53e3\u5546Rosoboronexport\u7684\u8d1f\u8d23\u4eba\u4e9a\u5386\u5c71\u5927\u2022\u7c73\u54c8\u8036\u592b\u8868\u793a\uff0c\u5411\u571f\u8033\u5176\u4ea4\u4ed8\u7b2c\u4e8c\u6279S-400\u9632\u7a7a\u5bfc\u5f39\u7cfb\u7edf\u7684\u5408\u540c\u5df2\u7ecf\u7b7e\u7f72\uff0c\u53cc\u65b9\u6b63\u5728\u8ba8\u8bba\u5408\u540c\u7684\u8d22\u52a1\u6761\u6b3e\u3002", "events": [{"trigger": {"text": "\u4ea4\u4ed8", "offset": 60, "length": 2}, "subject": {"text": "\u4fc4\u7f57\u65af\u56fd\u6709\u519b\u706b\u51fa\u53e3\u5546Rosoboronexport", "offset": 15, "length": 25}, "object": {"text": "S-400\u9632\u7a7a\u5bfc\u5f39\u7cfb\u7edf", "offset": 65, "length": 11}}], "arguments": {"time": [{"text": "8\u670823\u65e5", "offset": 7, "length": 5}], "loc": [], "country": [{"text": "\u4fc4\u7f57\u65af", "offset": 15, "length": 3}, {"text": "\u4fc4\u7f57\u65af", "offset": 1, "length": 3}, {"text": "\u571f\u8033\u5176", "offset": 57, "length": 3}], "weapon": [{"text": "S-400\u9632\u7a7a\u5bfc\u5f39\u7cfb\u7edf", "offset": 65, "length": 11}]}}, {"sentence": "\u8be5\u8d1f\u8d23\u4eba\u8bf4\uff0c\u6267\u884c\u5408\u540c\u7684\u65f6\u95f4\u8868\u5c06\u53d6\u51b3\u4e8e\u201c\u6211\u4eec\u7684\u5408\u4f5c\u4f19\u4f34\u662f\u5426\u613f\u610f\u6700\u7ec8\u89e3\u51b3\u9879\u76ee\u878d\u8d44\u7684\u7a0b\u5e8f\u95ee\u9898\u201d\u3002", "events": [], "arguments": {"time": [], "loc": [], "country": [], "weapon": []}}, {"sentence": "2017\u5e749\u6708\uff0c\u4fc4\u7f57\u65af\u5ba3\u5e03\u4e0e\u571f\u8033\u5176\u7b7e\u7f72\u4e86\u4e00\u9879\u4ef7\u503c25\u4ebf\u7f8e\u5143\u7684\u534f\u8bae\uff0c\u5411\u5176\u51fa\u53e3S-400\u9632\u7a7a\u5bfc\u5f39\u7cfb\u7edf\u3002", "events": [], "arguments": {"time": [], "loc": [], "country": [{"text": "\u4fc4\u7f57\u65af", "offset": 8, "length": 3}, {"text": "\u571f\u8033\u5176", "offset": 14, "length": 3}], "weapon": [{"text": "S-400\u9632\u7a7a\u5bfc\u5f39\u7cfb\u7edf", "offset": 37, "length": 11}]}}, {"sentence": "\u6839\u636e\u5408\u540c\uff0c\u571f\u8033\u5176\u63a5\u6536\u4e86\u4e24\u4e2a\u8425\u7684S-400\u9632\u7a7a\u5bfc\u5f39\u7cfb\u7edf\u3002", "events": [], "arguments": {"time": [], "loc": [], "country": [{"text": "\u571f\u8033\u5176", "offset": 5, "length": 3}], "weapon": [{"text": "S-400\u9632\u7a7a\u5bfc\u5f39\u7cfb\u7edf", "offset": 15, "length": 11}]}}, {"sentence": "\u8be5\u5408\u540c\u8fd8\u8bbe\u60f3\u5c06\u90e8\u5206\u751f\u4ea7\u6280\u672f\u8f6c\u8ba9\u7ed9\u571f\u8033\u5176\u3002", "events": [], "arguments": {"time": [], "loc": [], "country": [{"text": "\u571f\u8033\u5176", "offset": 16, "length": 3}], "weapon": []}}, {"sentence": "\u571f\u8033\u5176\u662f\u7b2c\u4e00\u4e2a\u4ece\u4fc4\u7f57\u65af\u8d2d\u4e70\u9632\u7a7a\u5bfc\u5f39\u7684\u5317\u7ea6\u6210\u5458\u56fd\u3002", "events": [], "arguments": {"time": [], "loc": [], "country": [{"text": "\u571f\u8033\u5176", "offset": 0, "length": 3}, {"text": "\u4fc4\u7f57\u65af", "offset": 8, "length": 3}, {"text": "\u5317\u7ea6", "offset": 18, "length": 2}], "weapon": [{"text": "\u9632\u7a7a\u5bfc\u5f39", "offset": 13, "length": 4}]}}, {"sentence": "\u4fc4\u7f57\u65af\u4ece2019\u5e747\u670812\u65e5\u5f00\u59cb\u5411\u571f\u8033\u5176\u4ea4\u4ed8S-400\u3002", "events": [], "arguments": {"time": [], "loc": [], "country": [{"text": "\u4fc4\u7f57\u65af", "offset": 0, "length": 3}, {"text": "\u571f\u8033\u5176", "offset": 17, "length": 3}], "weapon": [{"text": "S-400", "offset": 22, "length": 5}]}}, {"sentence": "\u571f\u8033\u5176\u8d2d\u4e70\u4fc4\u7f57\u65af\u9632\u7a7a\u7cfb\u7edf\u7684\u51b3\u5b9a\u4ee4\u7f8e\u56fd\u548c\u5317\u7ea6\u975e\u5e38\u4e0d\u6ee1\uff0c\u7531\u4e8e\u571f\u8033\u5176\u62d2\u7edd\u653e\u5f03\u8d2d\u4e70\uff0c\u7f8e\u56fd\u5df2\u5c06\u571f\u8033\u5176\u6392\u9664\u5728F-35\u7b2c\u4e94\u4ee3\u6218\u6597\u673a\u9879\u76ee\u4e4b\u5916\u3002", "events": [], "arguments": {"time": [], "loc": [], "country": [{"text": "\u571f\u8033\u5176", "offset": 0, "length": 3}, {"text": "\u4fc4\u7f57\u65af", "offset": 5, "length": 3}, {"text": "\u7f8e\u56fd", "offset": 16, "length": 2}, {"text": "\u5317\u7ea6", "offset": 19, "length": 2}, {"text": "\u571f\u8033\u5176", "offset": 28, "length": 3}, {"text": "\u7f8e\u56fd", "offset": 38, "length": 2}, {"text": "\u571f\u8033\u5176", "offset": 42, "length": 3}], "weapon": [{"text": "F-35\u7b2c\u4e94\u4ee3\u6218\u6597\u673a", "offset": 48, "length": 10}]}}, {"sentence": "S-400\u662f2007\u5e74\u6295\u5165\u4f7f\u7528\u7684\u5148\u8fdb\u8fdc\u7a0b\u9632\u7a7a\u5bfc\u5f39\u7cfb\u7edf\uff0c\u53ef\u4ee5\u7528\u6765\u6467\u6bc1\u98de\u673a\u3001\u5de1\u822a\u5bfc\u5f39\u3001\u5f39\u9053\u5bfc\u5f39\u7b49\u7a7a\u4e2d\u76ee\u6807\uff0c\u4e5f\u53ef\u4ee5\u7528\u6765\u5bf9\u4ed8\u5730\u9762\u8bbe\u65bd\uff0c\u5b83\u7684\u5c04\u7a0b\u8fbe400\u516c\u91cc\uff0c\u5c04\u9ad8\u8fbe30\u516c\u91cc\u3002", "events": [], "arguments": {"time": [], "loc": [], "country": [], "weapon": [{"text": "S-400", "offset": 0, "length": 5}, {"text": "\u8fdc\u7a0b\u9632\u7a7a\u5bfc\u5f39\u7cfb\u7edf", "offset": 18, "length": 8}, {"text": "\u98de\u673a", "offset": 33, "length": 2}, {"text": "\u5de1\u822a\u5bfc\u5f39", "offset": 36, "length": 4}, {"text": "\u5f39\u9053\u5bfc\u5f39", "offset": 41, "length": 4}]}}, {"sentence": "\uff08\u5b8c\uff09", "events": [], "arguments": {"time": [], "loc": [], "country": [], "weapon": []}}, {"sentence": "\uff08\u5b8c\uff09", "events": [], "arguments": {"time": [], "loc": [], "country": [], "weapon": []}}]