[{"sentence": "\u4f0a\u6717\u516c\u5e03\u4e24\u6b3e\u5c04\u7a0b\u4e0a\u5343\u516c\u91cc\u65b0\u578b\u5bfc\u5f39\u00a0\u4ee5\u82cf\u83b1\u66fc\u5c3c\u5c06\u519b\u540d\u5b57\u547d\u540d", "events": [], "arguments": {"time": [], "loc": [], "country": [{"text": "\u4f0a\u6717", "offset": 0, "length": 2}], "weapon": [{"text": "\u5bfc\u5f39", "offset": 14, "length": 2}]}}, {"sentence": "\u3010\u73af\u7403\u7f51\u62a5\u9053 \u8bb0\u8005 \u5f90\u7490\u660e\u3011", "events": [], "arguments": {"time": [], "loc": [], "country": [], "weapon": []}}, {"sentence": "\u7f8e\u56fd\u300a\u519b\u961f\u65f6\u62a5\u300b8\u670820\u65e5\u63f4\u5f15\u7f8e\u8054\u793e\u7684\u62a5\u9053\u79f0\uff0c\u4f0a\u6717\u56fd\u5bb6\u7535\u89c6\u53f0\u5f53\u5929\u516c\u5e03\u4e86\u4e24\u6b3e\u65b0\u578b\u5bfc\u5f39\uff0c\u800c\u6b64\u65f6\u6b63\u503c\u4f0a\u6717\u548c\u7f8e\u56fd\u7d27\u5f20\u5173\u7cfb\u52a0\u5267\u4e4b\u9645\u3002", "events": [{"trigger": {"text": "\u516c\u5e03", "offset": 32, "length": 2}, "subject": {"text": "\u4f0a\u6717", "offset": 47, "length": 2}, "object": {"text": "\u4e24\u6b3e\u65b0\u578b\u5bfc\u5f39", "offset": 35, "length": 6}}], "arguments": {"time": [{"text": "8\u670820\u65e5", "offset": 8, "length": 5}], "loc": [], "country": [{"text": "\u7f8e\u56fd", "offset": 50, "length": 2}, {"text": "\u7f8e\u56fd", "offset": 0, "length": 2}, {"text": "\u4f0a\u6717", "offset": 23, "length": 2}, {"text": "\u4f0a\u6717", "offset": 47, "length": 2}], "weapon": [{"text": "\u5bfc\u5f39", "offset": 39, "length": 2}]}}, {"sentence": "\u62a5\u9053\u79f0\uff0c\u4f0a\u6717\u5b98\u5458\u57288\u670820\u65e5\u4f0a\u6717\u56fd\u9632\u5de5\u4e1a\u65e5\u516c\u5e03\u4e86\u8fd9\u4e24\u6b3e\u65b0\u578b\u5bfc\u5f39\uff0c\u5e76\u4ee5\u4f0a\u6717\u9ad8\u7ea7\u5c06\u9886\u54c8\u5409\u00b7\u5361\u897f\u59c6\u00b7\u82cf\u83b1\u66fc\u5c3c\u548c\u4f0a\u62c9\u514b\u6c11\u5175\u7ec4\u7ec7\u9886\u5bfc\u4eba\u963f\u5e03\u00b7\u8fc8\u8d6b\u8fea\u00b7\u7a46\u6c49\u8fea\u65af\u7684\u540d\u5b57\u547d\u540d\u3002", "events": [], "arguments": {"time": [], "loc": [], "country": [{"text": "\u4f0a\u6717", "offset": 4, "length": 2}, {"text": "\u4f0a\u6717", "offset": 14, "length": 2}, {"text": "\u4f0a\u6717", "offset": 34, "length": 2}, {"text": "\u4f0a\u62c9\u514b", "offset": 52, "length": 3}], "weapon": [{"text": "\u5bfc\u5f39", "offset": 29, "length": 2}]}}, {"sentence": "\u8fd9\u4e24\u4f4d\u6307\u6325\u5b98\u4eca\u5e741\u6708\u5728\u7f8e\u519b\u4e8e\u5df4\u683c\u8fbe\u53d1\u52a8\u7684\u7a7a\u88ad\u4e2d\u8eab\u4ea1\u3002", "events": [], "arguments": {"time": [], "loc": [], "country": [], "weapon": []}}, {"sentence": "\u53e6\u636e\u4f0a\u6717\u6cd5\u65af\u793e\u7684\u62a5\u9053\uff0c\u540d\u4e3a\u201c\u54c8\u5409\u00b7\u5361\u897f\u59c6\u70c8\u58eb\u201d\u7684\u5730\u5bf9\u5730\u5f39\u9053\u5bfc\u5f39\u5c04\u7a0b1400\u516c\u91cc\uff0c\u540d\u4e3a\u201c\u963f\u5e03\u00b7\u8fc8\u8d6b\u8fea\u70c8\u58eb\u201d\u7684\u6d77\u519b\u5de1\u822a\u5bfc\u5f39\u5c04\u7a0b1000\u516c\u91cc\u3002", "events": [], "arguments": {"time": [], "loc": [], "country": [{"text": "\u4f0a\u6717", "offset": 2, "length": 2}], "weapon": [{"text": "\u201c\u54c8\u5409\u00b7\u5361\u897f\u59c6\u70c8\u58eb\u201d\u7684\u5730\u5bf9\u5730\u5f39\u9053\u5bfc\u5f39", "offset": 13, "length": 18}, {"text": "\u201c\u963f\u5e03\u00b7\u8fc8\u8d6b\u8fea\u70c8\u58eb\u201d\u7684\u6d77\u519b\u5de1\u822a\u5bfc\u5f39", "offset": 42, "length": 17}]}}, {"sentence": "\u62a5\u9053\u79f0\uff0c\u5982\u679c\u8fd9\u4e9b\u5c04\u7a0b\u6570\u636e\u51c6\u786e\u7684\u8bdd\uff0c\u8fd9\u4e9b\u5bfc\u5f39\u5c06\u80fd\u591f\u6253\u51fb\u7f8e\u56fd\u5728\u4e2d\u4e1c\u7684\u519b\u4e8b\u57fa\u5730\u3002", "events": [], "arguments": {"time": [], "loc": [], "country": [{"text": "\u7f8e\u56fd", "offset": 26, "length": 2}], "weapon": [{"text": "\u5bfc\u5f39", "offset": 19, "length": 2}]}}, {"sentence": "\u76ee\u524d\u4f0a\u6717\u5df2\u7ecf\u62e5\u6709\u4e86\u7814\u5236\u8fdc\u7a0b\u5bfc\u5f39\u7684\u80fd\u529b\uff0c\u4f46\u4e2d\u7a0b\u5bfc\u5f39\u80fd\u7ed9\u4f0a\u6717\u6253\u51fb\u5468\u8fb9\u5bf9\u624b\u7684\u80fd\u529b\u3002", "events": [], "arguments": {"time": [], "loc": [], "country": [{"text": "\u4f0a\u6717", "offset": 2, "length": 2}, {"text": "\u4f0a\u6717", "offset": 26, "length": 2}], "weapon": [{"text": "\u8fdc\u7a0b\u5bfc\u5f39", "offset": 11, "length": 4}, {"text": "\u4e2d\u7a0b\u5bfc\u5f39", "offset": 20, "length": 4}]}}, {"sentence": "\u62a5\u9053\u79f0\uff0c\u4f0a\u6717\u57288\u670820\u65e5\u8fd8\u516c\u5e03\u4e86\u4e00\u6b3e\u65e0\u4eba\u673a\u4f7f\u7528\u7684\u7b2c\u56db\u4ee3\u8f7b\u578b\u6da1\u6247\u55b7\u6c14\u5f0f\u53d1\u52a8\u673a\uff0c\u53e6\u5916\u8fd8\u5ba3\u5e03\u4e3a\u4f0a\u6717\u201c\u56fd\u4ea7\u201d\u7684\u201cKowsar\u201d\u6218\u6597\u673a\u6253\u9020\u4e86\u201cOwj\u201d\u53d1\u52a8\u673a\u7684\u751f\u4ea7\u7ebf\u3002", "events": [], "arguments": {"time": [], "loc": [], "country": [{"text": "\u4f0a\u6717", "offset": 4, "length": 2}, {"text": "\u4f0a\u6717", "offset": 44, "length": 2}], "weapon": [{"text": "\u201cKowsar\u201d\u6218\u6597\u673a", "offset": 51, "length": 11}, {"text": "\u65e0\u4eba\u673a", "offset": 18, "length": 3}]}}]