[{"sentence": "\u51fa\u53e3\u7248\u82cf-57\u6218\u6597\u673a\u5373\u5c06\u4eae\u76f8\u00a0\u5c06\u8fdb\u884c\u9759\u6001\u548c\u98de\u884c\u5c55\u793a", "events": [], "arguments": {"time": [], "loc": [], "country": [], "weapon": [{"text": "\u82cf-57\u6218\u6597\u673a", "offset": 3, "length": 7}]}}, {"sentence": "\u3010\u73af\u7403\u7f51\u62a5\u9053 \u89c1\u4e60\u8bb0\u8005 \u9a6c\u5ca9\u3011", "events": [], "arguments": {"time": [], "loc": [], "country": [], "weapon": []}}, {"sentence": "\u636e\u4fc4\u7f57\u65af\u5854\u65af\u793e8\u670820\u65e5\u62a5\u9053\uff0c\u4fc4\u7f57\u65af\u56fd\u5bb6\u6280\u672f\u96c6\u56e2\u5f53\u5929\u5ba3\u5e03\uff0c\u51fa\u53e3\u7248\u7684\u82cf-57\u6218\u6597\u673a\u5c06\u5728\u201c\u519b\u961f-2020\u56fd\u9645\u519b\u4e8b\u548c\u6280\u672f\u8bba\u575b\u201d\u4e0a\u9996\u6b21\u5c55\u51fa\uff0c\u5e76\u5c06\u8fdb\u884c\u98de\u884c\u5c55\u793a\u3002", "events": [{"trigger": {"text": "\u5c55\u51fa", "offset": 63, "length": 2}, "subject": {"text": "\u82cf-57\u6218\u6597\u673a", "offset": 33, "length": 7}, "object": {"text": "", "offset": 0, "length": 0}}], "arguments": {"time": [{"text": "8\u670820\u65e5", "offset": 7, "length": 5}], "loc": [], "country": [{"text": "\u4fc4\u7f57\u65af", "offset": 15, "length": 3}, {"text": "\u4fc4\u7f57\u65af", "offset": 1, "length": 3}], "weapon": [{"text": "\u82cf-57\u6218\u6597\u673a", "offset": 33, "length": 7}]}}, {"sentence": "\u82cf-57\u662f\u4e00\u6b3e\u7b2c\u4e94\u4ee3\u591a\u7528\u9014\u6218\u6597\u673a\uff0c\u53ef\u6467\u6bc1\u5404\u7c7b\u7a7a\u4e2d\u3001\u5730\u9762\u548c\u6d77\u4e0a\u76ee\u6807\u3002", "events": [], "arguments": {"time": [], "loc": [], "country": [], "weapon": [{"text": "\u82cf-57", "offset": 0, "length": 4}]}}, {"sentence": "\u5b83\u5177\u5907\u9690\u8eab\u6027\u80fd\uff0c\u53ef\u4ee5\u8d85\u97f3\u901f\u5de1\u822a\uff0c\u88c5\u6709\u6700\u5148\u8fdb\u7684\u822a\u7535\u8bbe\u5907\uff0c\u5305\u62ec\u6027\u80fd\u5f3a\u5927\u7684\u8ba1\u7b97\u673a\u3001\u96f7\u8fbe\u7cfb\u7edf\u7b49\uff0c\u5176\u642d\u8f7d\u7684\u6b66\u5668\u7f6e\u4e8e\u5185\u90e8\u5f39\u4ed3\u3002", "events": [], "arguments": {"time": [], "loc": [], "country": [], "weapon": [{"text": "\u8ba1\u7b97\u673a", "offset": 34, "length": 3}, {"text": "\u96f7\u8fbe\u7cfb\u7edf", "offset": 38, "length": 4}]}}, {"sentence": "\u82cf-57\u4e8e2010\u5e74\u9996\u98de\uff0c\u5df2\u7ecf\u5728\u53d9\u5229\u4e9a\u8fdb\u884c\u8fc7\u6218\u6597\u6761\u4ef6\u4e0b\u6d4b\u8bd5\uff0c\u5176\u4f7f\u7528\u7684\u590d\u5408\u6750\u6599\u548c\u521b\u65b0\u6280\u672f\u4ee5\u53ca\u98de\u673a\u7684\u7a7a\u6c14\u52a8\u529b\u5b66\u5916\u5f62\u4f7f\u98de\u673a\u80fd\u591f\u4fdd\u6301\u975e\u5e38\u4f4e\u7684\u96f7\u8fbe\u548c\u7ea2\u5916\u7279\u5f81\u3002", "events": [], "arguments": {"time": [], "loc": [], "country": [{"text": "\u53d9\u5229\u4e9a", "offset": 16, "length": 3}], "weapon": [{"text": "\u82cf-57", "offset": 0, "length": 4}]}}, {"sentence": "\u201c\u519b\u961f-2020\u56fd\u9645\u519b\u4e8b\u548c\u6280\u672f\u8bba\u575b\u201d\u5c06\u4e8e8\u670823\u65e5\u81f329\u65e5\u4e3e\u529e\uff0c\u7c73\u683c-35\u6218\u6597\u673a\u3001\u5361-52\u4fa6\u5bdf\u548c\u653b\u51fb\u76f4\u5347\u673a\u3001\u5347\u7ea7\u7248\u7684\u5361-27M\u6b66\u88c5\u76f4\u5347\u673a\u4e5f\u5c06\u8fdb\u884c\u98de\u884c\u5c55\u793a\u3002", "events": [{"trigger": {"text": "\u98de\u884c\u5c55\u793a", "offset": 72, "length": 4}, "subject": {"text": "\u7c73\u683c-35\u6218\u6597\u673a\u3001\u5361-52\u4fa6\u5bdf\u548c\u653b\u51fb\u76f4\u5347\u673a\u3001\u5347\u7ea7\u7248\u7684\u5361-27M\u6b66\u88c5\u76f4\u5347\u673a", "offset": 32, "length": 36}, "object": {"text": "", "offset": 0, "length": 0}}], "arguments": {"time": [{"text": "8\u670823\u65e5", "offset": 20, "length": 5}, {"text": "29\u65e5", "offset": 26, "length": 3}], "loc": [], "country": [], "weapon": [{"text": "\u7c73\u683c-35\u6218\u6597\u673a", "offset": 32, "length": 8}, {"text": "\u5361-52\u4fa6\u5bdf", "offset": 41, "length": 6}, {"text": "\u5361-27M\u6b66\u88c5\u76f4\u5347\u673a", "offset": 58, "length": 10}, {"text": "\u653b\u51fb\u76f4\u5347\u673a", "offset": 48, "length": 5}]}}, {"sentence": "\u201c\u91d1\u9e70\u201d\u7279\u6280\u8868\u6f14\u961f\u5219\u5c06\u5c55\u793a\u7c73-28N\u76f4\u5347\u673a\u7684\u5355\u72ec\u548c\u7f16\u961f\u98de\u884c\u80fd\u529b\u3002", "events": [], "arguments": {"time": [], "loc": [], "country": [], "weapon": [{"text": "\u7c73-28N\u76f4\u5347\u673a", "offset": 13, "length": 8}]}}, {"sentence": "\uff08\u5b8c\uff09", "events": [], "arguments": {"time": [], "loc": [], "country": [], "weapon": []}}, {"sentence": "\uff08\u5b8c\uff09", "events": [], "arguments": {"time": [], "loc": [], "country": [], "weapon": []}}]