[{"sentence": "\u4fc4\u519b\u6218\u6597\u673a\u8fde\u7eed\u4e24\u5929\u5728\u6ce2\u7f57\u7684\u6d77\u62e6\u622a\u7f8e\u519b\u6218\u7565\u4fa6\u5bdf\u673a", "events": [], "arguments": {"time": [], "loc": [], "country": [{"text": "\u4fc4", "offset": 0, "length": 1}, {"text": "\u7f8e", "offset": 16, "length": 1}], "weapon": [{"text": "\u4fc4\u519b\u6218\u6597\u673a", "offset": 0, "length": 5}, {"text": "\u7f8e\u519b\u6218\u7565\u4fa6\u5bdf\u673a", "offset": 16, "length": 7}]}}, {"sentence": "\u3010\u73af\u7403\u7f51\u519b\u4e8b\u62a5\u9053\u3011", "events": [], "arguments": {"time": [], "loc": [], "country": [], "weapon": []}}, {"sentence": "\u4fc4\u7f57\u65af\u536b\u661f\u901a\u8baf\u793e8\u670820\u65e5\u62a5\u9053\uff0c\u4fc4\u7f57\u65af\u897f\u90e8\u519b\u533a\u6ce2\u7f57\u7684\u6d77\u8230\u961f\u65b0\u95fb\u5904\u5f53\u5929\u53d1\u5e03\u6d88\u606f\u79f0\uff0c\u82cf-27\u6218\u673a\u8fde\u7eed\u4e24\u5929\u5347\u7a7a\uff0c\u5728\u6ce2\u7f57\u7684\u6d77\u7a7a\u57df\u62e6\u622a\u7f8e\u56fd\u4fa6\u5bdf\u673a\u3002", "events": [{"trigger": {"text": "\u62e6\u622a", "offset": 60, "length": 2}, "subject": {"text": "\u82cf-27\u6218\u673a", "offset": 40, "length": 6}, "object": {"text": "\u7f8e\u56fd\u4fa6\u5bdf\u673a", "offset": 62, "length": 5}}], "arguments": {"time": [{"text": "8\u670820\u65e5", "offset": 8, "length": 5}], "loc": [], "country": [{"text": "\u4fc4\u7f57\u65af", "offset": 16, "length": 3}, {"text": "\u4fc4\u7f57\u65af", "offset": 0, "length": 3}, {"text": "\u7f8e\u56fd", "offset": 62, "length": 2}], "weapon": [{"text": "\u82cf-27\u6218\u673a", "offset": 40, "length": 6}, {"text": "\u4fa6\u5bdf\u673a", "offset": 0, "length": 3}]}}, {"sentence": "\u4fc4\u519b\u5728\u6d88\u606f\u4e2d\u79f0\uff1a\u201c\u6ce2\u7f57\u7684\u6d77\u8230\u961f\u6d77\u519b\u822a\u7a7a\u5175\u503c\u73ed\u90e8\u961f\u7684\u82cf-27\u6218\u673a8\u670818\u65e5\u300119\u65e5\u5347\u7a7a\u62e6\u622a\u6ce2\u7f57\u7684\u6d77\u4e0a\u7a7a\u63a5\u8fd1\u4fc4\u9886\u7a7a\u7684\u7f8e\u56fd\u4fa6\u5bdf\u673a\u3002", "events": [], "arguments": {"time": [{"text": "8\u670818\u65e5", "offset": 31, "length": 5}, {"text": "19\u65e5", "offset": 37, "length": 3}], "loc": [{"text": "\u6ce2\u7f57\u7684\u6d77", "offset": 44, "length": 4}], "country": [{"text": "\u7f8e\u56fd", "offset": 56, "length": 2}], "weapon": [{"text": "\u82cf-27\u6218\u673a", "offset": 25, "length": 6}, {"text": "\u4fa6\u5bdf\u673a", "offset": 0, "length": 3}]}}, {"sentence": "\u5728\u6267\u884c\u6218\u6597\u4efb\u52a1\u65f6\uff0c\u4fc4\u7f57\u65af\u6218\u673a\u5728\u5b89\u5168\u8ddd\u79bb\u5185\u63a5\u8fd1\u7a7a\u4e2d\u76ee\u6807\uff0c\u8bc6\u522b\u5b83\u4eec\u4e3a\u7f8e\u56fd\u7a7a\u519b\u7684RC-135\u6218\u7565\u4fa6\u5bdf\u673a\u3002", "events": [], "arguments": {"time": [], "loc": [], "country": [{"text": "\u4fc4\u7f57\u65af", "offset": 9, "length": 3}, {"text": "\u7f8e\u56fd", "offset": 32, "length": 2}], "weapon": [{"text": "RC-135\u6218\u7565\u4fa6\u5bdf\u673a", "offset": 37, "length": 11}]}}, {"sentence": "\u201d", "events": [], "arguments": {"time": [], "loc": [], "country": [], "weapon": []}}, {"sentence": "\u4fc4\u7f57\u65af\u56fd\u5bb6\u9632\u52a1\u6307\u6325\u4e2d\u5fc3\u65e5\u524d\u6d88\u606f\uff0c\u6ce2\u7f57\u7684\u6d77\u8230\u961f\u9632\u7a7a\u90e8\u961f\u503c\u73ed\u90e8\u961f\u7684\u82cf-27\u6218\u673a8\u670819\u65e5\u5347\u7a7a\u62e6\u622a\u7f8e\u56fdRC-135\u4fa6\u5bdf\u673a\u3002", "events": [], "arguments": {"time": [], "loc": [], "country": [{"text": "\u4fc4\u7f57\u65af", "offset": 0, "length": 3}, {"text": "\u7f8e\u56fd", "offset": 46, "length": 2}], "weapon": [{"text": "\u82cf-27\u6218\u673a", "offset": 31, "length": 6}, {"text": "RC-135\u4fa6\u5bdf\u673a", "offset": 48, "length": 9}]}}, {"sentence": "\u8be5\u4e2d\u5fc3\u5f3a\u8c03\uff0c\u82cf-27\u7684\u6574\u4e2a\u98de\u884c\u8fc7\u7a0b\u90fd\u4e25\u683c\u6309\u7167\u4f7f\u7528\u56fd\u9645\u7a7a\u57df\u7684\u56fd\u9645\u89c4\u5219\u8fdb\u884c\u3002", "events": [], "arguments": {"time": [], "loc": [], "country": [], "weapon": [{"text": "\u82cf-27", "offset": 6, "length": 4}]}}, {"sentence": "\u4f46\u5f53\u65f6\u6709\u51738\u670818\u65e5\u7c7b\u4f3c\u4e8b\u4ef6\u7684\u6ca1\u6709\u63d0\u53ca\u3002", "events": [], "arguments": {"time": [], "loc": [], "country": [], "weapon": []}}, {"sentence": "\u4fc4\u7f57\u65af\u56fd\u9632\u63a7\u5236\u4e2d\u5fc320\u65e5\u8fd8\u53d1\u5e03\u6d88\u606f\u79f0\uff0c\u4fc4\u82cf-30SM\u6218\u6597\u673a20\u65e5\u5728\u9ed1\u6d77\u516c\u6d77\u4e0a\u7a7a\u62e6\u622a\u4e86\u6cd5\u56fd\u548c\u82f1\u56fd\u7684\u4fa6\u5bdf\u673a\u3002", "events": [], "arguments": {"time": [], "loc": [], "country": [{"text": "\u4fc4\u7f57\u65af", "offset": 0, "length": 3}, {"text": "\u6cd5\u56fd", "offset": 42, "length": 2}, {"text": "\u82f1\u56fd", "offset": 45, "length": 2}], "weapon": [{"text": "\u4fc4\u82cf-30SM\u6218\u6597\u673a", "offset": 19, "length": 10}, {"text": "\u82cf-30SM\u6218\u6597\u673a", "offset": 20, "length": 9}, {"text": "\u4fa6\u5bdf\u673a", "offset": 48, "length": 3}]}}, {"sentence": "\u7ecf\u4fc4\u65b9\u6218\u6597\u673a\u4e58\u7ec4\u8fd1\u8ddd\u79bb\u76ee\u6d4b\u8bc6\u522b\uff0c\u4e24\u67b6\u98de\u673a\u5206\u522b\u662f\u6cd5\u56fd\u6d77\u519b\u7684\u201c\u5927\u897f\u6d0bII\u201d\u548c\u82f1\u56fd\u7a7a\u519b\u7684\u201c\u54e8\u5175R1\u201d\u4fa6\u5bdf\u673a\u3002", "events": [], "arguments": {"time": [], "loc": [], "country": [{"text": "\u6cd5\u56fd", "offset": 23, "length": 2}, {"text": "\u82f1\u56fd", "offset": 36, "length": 2}, {"text": "\u4fc4\u65b9", "offset": 1, "length": 2}], "weapon": [{"text": "\u201c\u5927\u897f\u6d0bII\u201d", "offset": 28, "length": 7}, {"text": "\u201c\u54e8\u5175R1\u201d\u4fa6\u5bdf\u673a", "offset": 41, "length": 9}]}}, {"sentence": "\u8fd9\u4e24\u67b6\u98de\u673a\u6700\u540e\u6539\u53d8\u822a\u5411\uff0c\u8fdc\u79bb\u4fc4\u8fb9\u754c\u3002", "events": [], "arguments": {"time": [], "loc": [], "country": [], "weapon": [{"text": "\u98de\u673a", "offset": 3, "length": 2}]}}, {"sentence": "\u6ca1\u6709\u53d1\u751f\u4fb5\u72af\u4fc4\u9886\u7a7a\u7684\u60c5\u51b5\u3002", "events": [], "arguments": {"time": [], "loc": [], "country": [{"text": "\u4fc4", "offset": 6, "length": 1}], "weapon": []}}]