[{"sentence": "\u7f8e\u56fd\u6d77\u519b\u5df2\u5f00\u59cb\u6084\u6084\u7814\u53d1\u516d\u4ee3\u673a\u8230\u8f7d\u673a\u00a0\u4e0eF-35C\u76f8\u6bd4\u4e00\u9879\u80fd\u529b\u5927\u589e", "events": [{"trigger": {"text": "\u7814\u53d1", "offset": 9, "length": 2}, "subject": {"text": "\u7f8e\u56fd\u6d77\u519b", "offset": 0, "length": 4}, "object": {"text": "\u516d\u4ee3\u673a\u8230\u8f7d\u673a", "offset": 11, "length": 6}}], "arguments": {"time": [], "loc": [], "country": [{"text": "\u7f8e\u56fd", "offset": 0, "length": 2}], "weapon": [{"text": "F-35C", "offset": 19, "length": 5}]}}, {"sentence": "\u3010\u73af\u7403\u7f51\u62a5\u9053 \u8bb0\u8005 \u5f90\u7490\u660e\u3011", "events": [], "arguments": {"time": [], "loc": [], "country": [], "weapon": []}}, {"sentence": "\u636e\u7f8e\u56fd\u6d77\u519b\u7814\u7a76\u5b66\u4f1a\uff08USNI\uff09\u7f51\u7ad98\u670819\u65e5\u62a5\u9053\uff0c\u7f8e\u56fd\u6d77\u519b\u5df2\u6084\u7136\u542f\u52a8\u8fd120\u5e74\u6765\u7b2c\u4e00\u6b3e\u65b0\u578b\u8230\u8f7d\u6218\u6597\u673a\u7684\u5f00\u53d1\u5de5\u4f5c\uff0c\u6210\u7acb\u4e86\u4e00\u4e2a\u65b0\u7684\u9879\u76ee\u529e\u516c\u5ba4\uff0c\u5e76\u4e0e\u5de5\u4e1a\u90e8\u95e8\u5f00\u5c55\u65e9\u671f\u7814\u8ba8\u3002", "events": [], "arguments": {"time": [{"text": "8\u670819\u65e5", "offset": 17, "length": 5}], "loc": [], "country": [{"text": "\u7f8e\u56fd", "offset": 1, "length": 2}, {"text": "\u7f8e\u56fd", "offset": 25, "length": 2}], "weapon": [{"text": "\u8230\u8f7d\u6218\u6597\u673a", "offset": 44, "length": 5}]}}, {"sentence": "\u8fd9\u4e00\u9879\u76ee\u65e8\u5728\u5f00\u53d1\u4e00\u6b3e\u65b0\u578b\u7684\u6709\u4eba\u9a7e\u9a76\u6218\u6597\u673a\uff0c\u4ece2030\u5e74\u4ee3\u5f00\u59cb\u53d6\u4ee3\u73b0\u5f79F/A-18E/F\u201c\u8d85\u7ea7\u5927\u9ec4\u8702\u201d\u6218\u6597\u673a\u548cEA-18G\u201c\u5486\u54ee\u8005\u201d\u7535\u5b50\u6218\u673a\u3002", "events": [], "arguments": {"time": [], "loc": [], "country": [], "weapon": [{"text": "F/A-18E/F", "offset": 34, "length": 9}, {"text": "\u8d85\u7ea7\u5927\u9ec4\u8702", "offset": 44, "length": 5}, {"text": "EA-18G", "offset": 54, "length": 6}, {"text": "\u5486\u54ee\u8005", "offset": 61, "length": 3}, {"text": "F/A-18E/F\u201c\u8d85\u7ea7\u5927\u9ec4\u8702\u201d\u6218\u6597\u673a", "offset": 34, "length": 19}, {"text": "EA-18G\u201c\u5486\u54ee\u8005\u201d\u7535\u5b50\u6218\u673a", "offset": 54, "length": 15}]}}, {"sentence": "\u7f8e\u56fd\u6d77\u519b\u91c7\u8d2d\u529e\u516c\u5ba4\u4e3b\u4efb\u8a79\u59c6\u65af\u00b7\u683c\u8328\u4e0a\u5468\u8868\u793a\uff0c\u7f8e\u56fd\u56fd\u9632\u90e8\u4e3a\u8fd9\u4e2a\u201c\u4e0b\u4e00\u4ee3\u7a7a\u4e2d\u4f18\u52bf\u201d\u9879\u76ee\u8bbe\u7acb\u4e00\u4e2a\u72ec\u7acb\u7684\u9879\u76ee\u529e\u516c\u5ba4\u3002", "events": [], "arguments": {"time": [], "loc": [], "country": [{"text": "\u7f8e\u56fd", "offset": 0, "length": 2}, {"text": "\u7f8e\u56fd", "offset": 22, "length": 2}], "weapon": []}}, {"sentence": "\u62a5\u9053\u79f0\uff0c\u56e0\u4e3a\u4e94\u89d2\u5927\u697c\u9884\u7b97\u7d27\u5f20\uff0c\u201c\u4e0b\u4e00\u4ee3\u7a7a\u4e2d\u4f18\u52bf\u201d\u9879\u76ee\u529e\u516c\u5ba4\u8bbe\u7acb\u5728\u4e86\u7f8e\u56fd\u6d77\u519b\u822a\u7a7a\u7cfb\u7edf\u53f8\u4ee4\u90e8\u4e0b\u8fb9\u3002", "events": [], "arguments": {"time": [], "loc": [], "country": [{"text": "\u7f8e\u56fd", "offset": 33, "length": 2}], "weapon": []}}, {"sentence": "\u7f8e\u56fd\u54c8\u5fb7\u900a\u7814\u7a76\u6240\u9ad8\u7ea7\u7814\u7a76\u5458\u5e03\u8d56\u6069\u00b7\u514b\u62c9\u514b\u8868\u793a\uff0c\u7f8e\u56fd\u519b\u65b9\u53ef\u80fd\u60f3\u5728\u8fd9\u6b3e\u672a\u6765\u6709\u4eba\u9a7e\u9a76\u8230\u8f7d\u6218\u6597\u673a\u4e0a\u501f\u9274F-35C\u8230\u8f7d\u673a\u7684\u6280\u672f\uff0c\u540c\u65f6\u878d\u5165\u66f4\u591a\u7684\u66f4\u5148\u8fdb\u7684\u79d1\u6280\u3002", "events": [], "arguments": {"time": [], "loc": [], "country": [{"text": "\u7f8e\u56fd", "offset": 0, "length": 2}, {"text": "\u7f8e\u56fd", "offset": 23, "length": 2}], "weapon": [{"text": "F-35C", "offset": 47, "length": 5}, {"text": "F-35C\u8230\u8f7d\u673a", "offset": 47, "length": 8}]}}, {"sentence": "\u514b\u62c9\u514b\u8fd8\u8868\u793a\uff0c\u7f8e\u56fd\u6d77\u519b\u60f3\u8981\u5f97\u5230\u4e00\u6b3e\u5168\u65b0\u8bbe\u8ba1\u7684\u6218\u6597\u673a\uff0c\u800c\u4e0d\u4ec5\u4ec5\u662f\u5728\u5df2\u6709\u6218\u6597\u673a\u7684\u57fa\u7840\u4e0a\u7684\u884d\u751f\u578b\u53f7\uff0c\u8fd9\u5c06\u662f\u4e00\u6b3e\u7b2c\u516d\u4ee3\u6218\u6597\u673a\u3002", "events": [], "arguments": {"time": [], "loc": [], "country": [{"text": "\u7f8e\u56fd", "offset": 7, "length": 2}], "weapon": [{"text": "\u7b2c\u516d\u4ee3\u6218\u6597\u673a", "offset": 52, "length": 6}]}}, {"sentence": "\u800c\u6b64\u524d\u7f8e\u56fd\u6d77\u519b\u66fe\u88ab\u5efa\u8bae\uff0c\u6253\u9020\u4e00\u6b3e\u5c06F-35\u6218\u6597\u673a\u548cF/A-18\u6218\u6597\u673a\u76f8\u7ed3\u5408\u7684\u6218\u6597\u673a\u3002", "events": [], "arguments": {"time": [], "loc": [], "country": [{"text": "\u7f8e\u56fd", "offset": 3, "length": 2}], "weapon": [{"text": "F-35\u6218\u6597\u673a", "offset": 17, "length": 7}, {"text": "F/A-18\u6218\u6597\u673a", "offset": 25, "length": 9}]}}, {"sentence": "\u514b\u62c9\u514b\u8bf4\uff1a\u201c\u6211\u4e0d\u8ba4\u4e3a\u8fd9\u662f\u4e00\u4e2a\u597d\u4e3b\u610f\uff0c\u56e0\u4e3a\u5728\u76ee\u524d\u6d77\u519b\u6ca1\u6709\u7075\u6d3b\u9884\u7b97\u7684\u60c5\u51b5\u4e0b\uff0c\u8bbe\u8ba1\u65b0\u6218\u6597\u673a\u7684\u6210\u672c\u8981\u6bd4\u8bbe\u8ba1\u884d\u751f\u578b\u53f7\u66f4\u8d39\u94b1\u3002", "events": [], "arguments": {"time": [], "loc": [], "country": [], "weapon": [{"text": "\u6218\u6597\u673a", "offset": 39, "length": 3}]}}, {"sentence": "\u201d\u4e0eF-35\u6218\u6597\u673a700\u6d77\u91cc\uff08\u7ea61296\u516c\u91cc\uff09\u7684\u4f5c\u6218\u534a\u5f84\u76f8\u6bd4\uff0c\u514b\u62c9\u514b\u8bf4\u4ed6\u201c\u5370\u8c61\u4e2d\u201d\u6d77\u519b\u662f\u5e0c\u671b\u6253\u9020\u4e00\u6b3e\u4f5c\u6218\u534a\u5f84\u8d85\u8fc71000\u6d77\u91cc\uff08\u7ea61852\u516c\u91cc\uff09\u7684\u65b0\u578b\u6218\u6597\u673a\u3002", "events": [], "arguments": {"time": [], "loc": [], "country": [], "weapon": [{"text": "F-35\u6218\u6597\u673a", "offset": 2, "length": 7}]}}, {"sentence": "\u867d\u7136\u7f8e\u56fd\u6d77\u519b\u5c1a\u672a\u5bf9\u201c\u4e0b\u4e00\u4ee3\u7a7a\u4e2d\u4f18\u52bf\u201d\u9879\u76ee\u8fdb\u884c\u4efb\u4f55\u7684\u6210\u672c\u4f30\u7b97\uff0c\u4f46\u7f8e\u56fd\u56fd\u4f1a\u9884\u7b97\u529e\u516c\u5ba4\u57282020\u5e741\u6708\u4e00\u4efd\u62a5\u544a\u9884\u4f30\uff0c\u4ece2032\u5e74\u52302050\u5e74\u66ff\u6362F/A-18E/F\u6218\u6597\u673a\u673a\u961f\u5c06\u82b1\u8d39670\u4ebf\u7f8e\u5143\uff0c\u66ff\u6362EA-18G\u201c\u5486\u54ee\u8005\u201d\u7535\u5b50\u6218\u673a\u673a\u961f\u5c06\u82b1\u8d3940\u4ebf\u7f8e\u5143\u3002", "events": [], "arguments": {"time": [], "loc": [], "country": [{"text": "\u7f8e\u56fd", "offset": 2, "length": 2}, {"text": "\u7f8e\u56fd", "offset": 31, "length": 2}], "weapon": [{"text": "F/A-18E/F\u6218\u6597\u673a", "offset": 69, "length": 12}, {"text": "EA-18G\u201c\u5486\u54ee\u8005\u201d\u7535\u5b50\u6218\u673a", "offset": 95, "length": 15}]}}, {"sentence": "UNSI\u8fd8\u7206\u6599\uff0c\u4e3a\u4e86\u542f\u52a8\u201c\u4e0b\u4e00\u4ee3\u7a7a\u4e2d\u4f18\u52bf\u201d\u9879\u76ee\uff0c\u7f8e\u56fd\u6d77\u519b\u5728\u4eca\u5e745\u6708\u6210\u7acb\u4e86\u8be5\u9879\u76ee\u7684\u529e\u516c\u5ba4\uff0c\u88ab\u79f0\u4e3aPMA-230\uff0c\u4efb\u547d\u7a46\u8428\u4e4c\u4e0a\u6821\u62c5\u4efb\u9879\u76ee\u7ecf\u7406\u3002", "events": [], "arguments": {"time": [], "loc": [], "country": [{"text": "\u7f8e\u56fd", "offset": 24, "length": 2}], "weapon": [{"text": "PMA-230", "offset": 47, "length": 7}]}}, {"sentence": "\u636e\u77e5\u60c5\u4eba\u58eb\u900f\u9732\uff0c\u7f8e\u56fd\u6d77\u519b\u5df2\u7ecf\u4e3a\u8fd9\u4e2a\u9879\u76ee\u53ec\u5f00\u4e86\u5de5\u4e1a\u90e8\u95e8\u7684\u4f1a\u8bae\uff0c\u6ce2\u97f3\u3001\u6d1b\u514b\u5e0c\u5fb7\u00b7\u9a6c\u4e01\u4ee5\u53ca\u8bfa\u666e\u6d1b\u65af\u00b7\u683c\u9c81\u66fc\u516c\u53f8\u53ef\u80fd\u53c2\u4e0e\u8fd9\u4e00\u9879\u76ee\u7684\u7ade\u6807\u3002", "events": [], "arguments": {"time": [], "loc": [], "country": [{"text": "\u7f8e\u56fd", "offset": 8, "length": 2}], "weapon": []}}, {"sentence": "\u6309\u7167\u514b\u62c9\u514b\u7684\u8bf4\u6cd5\uff0c\u7f8e\u56fd\u6d77\u519b\u8d70\u4e0a\u4e86\u7c7b\u4f3c\u4e8e\u7f8e\u56fd\u7a7a\u519b\u7684\u201c\u4e0b\u4e00\u4ee3\u7a7a\u4e2d\u4f18\u52bf\u201d\u9879\u76ee\u7684\u9053\u8def\uff0c\u5c31\u662f\u7814\u5236\u4e00\u6b3e\u6709\u4eba\u9a7e\u9a76\u6218\u6597\u673a\uff0c\u7136\u540e\u4f7f\u7528\u4e0d\u540c\u7684\u65e0\u4eba\u9a7e\u9a76\u7cfb\u7edf\u6765\u8865\u5145\u4efb\u52a1\u3002", "events": [], "arguments": {"time": [], "loc": [], "country": [{"text": "\u7f8e\u56fd", "offset": 9, "length": 2}, {"text": "\u7f8e\u56fd", "offset": 19, "length": 2}], "weapon": [{"text": "\u6218\u6597\u673a", "offset": 49, "length": 3}]}}, {"sentence": "\u514b\u62c9\u514b\u8bf4\uff1a\u201c\u7f8e\u56fd\u6d77\u519b\u53ef\u80fd\u4f1a\u8bf4\u5728\u6b66\u5668\u8f7d\u8377\u65b9\u9762\u6709\u6240\u8ba9\u6b65\uff0c\u4e5f\u53ef\u80fd\u4f1a\u5728\u9690\u8eab\u6027\u80fd\u65b9\u9762\u6709\u6240\u8ba9\u6b65\uff0c\u4f46\u4f1a\u4fdd\u8bc1\u8fd9\u6b3e\u6218\u6597\u673a\u7684\u98de\u884c\u901f\u5ea6\u548c\u4f5c\u6218\u8303\u56f4\u3002", "events": [], "arguments": {"time": [], "loc": [], "country": [{"text": "\u7f8e\u56fd", "offset": 6, "length": 2}], "weapon": [{"text": "\u6218\u6597\u673a", "offset": 48, "length": 3}]}}, {"sentence": "\u5728\u4fdd\u6301\u8be5\u673aC4ISR\u7cfb\u7edf\uff08\u6307\u6325\u3001\u63a7\u5236\u3001\u901a\u4fe1\u3001\u8ba1\u7b97\u673a\u3001\u60c5\u62a5\u53ca\u76d1\u89c6\u4e0e\u4fa6\u5bdf\u7cfb\u7edf\uff09\u5148\u8fdb\u6027\u7684\u540c\u65f6\uff0c\u4f1a\u964d\u4f4e\u4e00\u4e9b\u8981\u6c42\u3002", "events": [], "arguments": {"time": [], "loc": [], "country": [], "weapon": [{"text": "C4ISR\u7cfb\u7edf\uff08\u6307\u6325\u3001\u63a7\u5236\u3001\u901a\u4fe1\u3001\u8ba1\u7b97\u673a\u3001\u60c5\u62a5\u53ca\u76d1\u89c6\u4e0e\u4fa6\u5bdf\u7cfb\u7edf", "offset": 5, "length": 31}]}}, {"sentence": "\u201d\u201c\u6211\u4eec\u4f1a\u628a\u8fd9\u4e9b\u4efb\u52a1\u8f6c\u79fb\u5230\u65e0\u4eba\u7cfb\u7edf\u4e0a\uff0c\u76f8\u6bd4\u76ee\u524d\u8ba95\u67b6F-35\u6218\u6597\u673a\u53bb\u6267\u884c\u4e00\u4e9b\u4efb\u52a1\uff0c\u672a\u6765\u4f1a\u8ba9\u4e24\u67b6\u6709\u4eba\u9a7e\u9a76\u6218\u6597\u673a\u643a\u5e26\u65e0\u4eba\u7cfb\u7edf\u53bb\u6267\u884c\u540c\u6837\u7684\u4efb\u52a1\u3002", "events": [], "arguments": {"time": [], "loc": [], "country": [], "weapon": [{"text": "F-35\u6218\u6597\u673a", "offset": 26, "length": 7}]}}, {"sentence": "\u201d", "events": [], "arguments": {"time": [], "loc": [], "country": [], "weapon": []}}]