[{"sentence": "\u7f8e\u56fd\u201c\u8d85\u7ea7\u5927\u9ec4\u8702\u201d\u6218\u673a\u8fdb\u884c\u6ed1\u8dc3\u8d77\u98de\u6d4b\u8bd5\u00a0\u60f3\u8981\u767b\u4e0a\u5370\u5ea6\u822a\u6bcd", "events": [], "arguments": {"time": [], "loc": [], "country": [{"text": "\u7f8e\u56fd", "offset": 0, "length": 2}, {"text": "\u5370\u5ea6", "offset": 24, "length": 2}], "weapon": [{"text": "\u8d85\u7ea7\u5927\u9ec4\u8702", "offset": 3, "length": 5}, {"text": "\u201c\u8d85\u7ea7\u5927\u9ec4\u8702\u201d\u6218\u673a", "offset": 2, "length": 9}]}}, {"sentence": "\u3010\u73af\u7403\u7f51\u62a5\u9053 \u8bb0\u8005 \u5f90\u7490\u660e\u3011", "events": [], "arguments": {"time": [], "loc": [], "country": [], "weapon": []}}, {"sentence": "\u636eThe Drive\u7f51\u7ad9\u201c\u6218\u533a\u201d\u4e13\u680f8\u670819\u65e5\u62a5\u9053\uff0c\u6ce2\u97f3\u516c\u53f8\u7684\u4e00\u67b6F/A-18E/F\u201c\u8d85\u7ea7\u5927\u9ec4\u8702\u201d\u6218\u6597\u673a\u8fd1\u65e5\u5728\u9a6c\u91cc\u5170\u5dde\u5e15\u56fe\u514b\u68ee\u7279\u6cb3\u6d77\u519b\u822a\u7a7a\u7ad9\u7684\u5730\u9762\u6ed1\u8dc3\u7532\u677f\u8bbe\u65bd\u4e0a\u8fdb\u884c\u4e86\u8d77\u98de\u6d4b\u8bd5\u3002", "events": [], "arguments": {"time": [{"text": "8\u670819\u65e5", "offset": 18, "length": 5}], "loc": [{"text": "\u9a6c\u91cc\u5170\u5dde\u5e15\u56fe\u514b\u68ee\u7279\u6cb3\u6d77\u519b\u822a\u7a7a\u7ad9", "offset": 55, "length": 15}], "country": [], "weapon": [{"text": "F/A-18E/F\u201c\u8d85\u7ea7\u5927\u9ec4\u8702\u201d\u6218\u6597\u673a", "offset": 33, "length": 19}]}}, {"sentence": "\u62a5\u9053\u79f0\uff0c\u8fd9\u662f\u4e3a\u5370\u5ea6\u6d77\u519b\u8fdb\u884c\u7684\u6f14\u793a\u5de5\u4f5c\u7684\u4e00\u90e8\u5206\uff0c\u4ee5\u8bc1\u660e\u8be5\u8230\u8f7d\u673a\u53ef\u4ee5\u4ece\u914d\u5907\u6ed1\u8dc3\u7532\u677f\u7684\u822a\u6bcd\u4e0a\u5b8c\u6210\u77ed\u8ddd\u8d77\u98de\uff0c\u4f8b\u5982\u5370\u5ea6\u6d77\u519b\u7684\u201c\u7ef4\u514b\u62c9\u739b\u8482\u4e9a\u201d\u53f7\u822a\u6bcd\u548c\u672a\u6765\u7684\u201c\u7ef4\u514b\u5170\u7279\u201d\u53f7\u822a\u6bcd\u3002", "events": [], "arguments": {"time": [], "loc": [], "country": [{"text": "\u5370\u5ea6", "offset": 7, "length": 2}, {"text": "\u5370\u5ea6", "offset": 52, "length": 2}], "weapon": [{"text": "\u7ef4\u514b\u62c9\u739b\u8482\u4e9a", "offset": 58, "length": 6}, {"text": "\u7ef4\u514b\u5170\u7279", "offset": 73, "length": 4}, {"text": "\u201c\u7ef4\u514b\u62c9\u739b\u8482\u4e9a\u201d\u53f7\u822a\u6bcd", "offset": 57, "length": 11}, {"text": "\u201c\u7ef4\u514b\u5170\u7279\u201d\u53f7\u822a\u6bcd", "offset": 72, "length": 9}]}}, {"sentence": "\u7f8e\u56fd\u6d77\u519bF/A-18E\u6218\u6597\u673a\u4ece\u822a\u6bcd\u4e0a\u8d77\u98de", "events": [], "arguments": {"time": [], "loc": [], "country": [{"text": "\u7f8e\u56fd", "offset": 0, "length": 2}], "weapon": [{"text": "F/A-18E", "offset": 4, "length": 7}, {"text": "F/A-18E\u6218\u6597\u673a", "offset": 4, "length": 10}]}}, {"sentence": "\u6b64\u524d\u5c31\u6709\u5370\u5ea6\u7684\u56fd\u9632\u5206\u6790\u5bb6\u5728\u793e\u4ea4\u5a92\u4f53\u4e0a\u900f\u9732\u4e86\u6b64\u6b21\u6ed1\u8dc3\u8d77\u98de\u6d4b\u8bd5\uff0c\u6ce2\u97f3\u516c\u53f8\u968f\u540e\u8bc1\u5b9e\uff0c\u8fd9\u4e00\u6f14\u793a\u9879\u76ee\u6b63\u5728\u56fe\u514b\u68ee\u7279\u6cb3\u6d77\u519b\u822a\u7a7a\u7ad9\u8fdb\u884c\uff0c\u8be5\u822a\u7a7a\u7ad9\u6b64\u524d\u4e5f\u7528\u7c7b\u4f3c\u7684\u9646\u57fa\u6ed1\u8dc3\u7cfb\u7edf\u5bf9F-35B\u6218\u6597\u673a\u8fdb\u884c\u6ed1\u8dc3\u8d77\u98de\u6d4b\u8bd5\u3002", "events": [], "arguments": {"time": [], "loc": [], "country": [{"text": "\u5370\u5ea6", "offset": 4, "length": 2}], "weapon": [{"text": "F-35B", "offset": 78, "length": 5}, {"text": "F-35B\u6218\u6597\u673a", "offset": 78, "length": 8}]}}, {"sentence": "\u6ce2\u97f3\u516c\u53f8\u53d1\u8a00\u4eba\u8d3e\u65af\u6c40\u00b7\u5409\u5e03\u68ee\u8868\u793a\uff1a\u201c\u6ce2\u97f3\u516c\u53f8\u548c\u7f8e\u56fd\u6d77\u519b\u5df2\u7ecf\u5f00\u59cb\u5728\u5e15\u56fe\u514b\u68ee\u7279\u6cb3\u6d77\u519b\u822a\u7a7a\u7ad9\u6d4b\u8bd5F/A-18\u6218\u6597\u673a\uff0c\u4ee5\u8bc1\u660e\u5176\u7b26\u5408\u5370\u5ea6\u6d77\u519b\u7684\u8981\u6c42\u3002", "events": [], "arguments": {"time": [], "loc": [], "country": [{"text": "\u7f8e\u56fd", "offset": 23, "length": 2}, {"text": "\u5370\u5ea6", "offset": 61, "length": 2}], "weapon": [{"text": "F/A-18", "offset": 45, "length": 6}, {"text": "F/A-18\u6218\u6597\u673a", "offset": 45, "length": 9}]}}, {"sentence": "\u201d\u201c\u6ce2\u97f3\u516c\u53f8\u5c31F/A-18\u6218\u6597\u673a\u4e0e\u5370\u5ea6\u822a\u6bcd\u517c\u5bb9\u6027\u7684\u95ee\u9898\u5b8c\u6210\u4e86\u5927\u91cf\u5206\u6790\u548c\u8d85\u8fc7150\u6b21\u98de\u884c\u6a21\u62df\u6d4b\u8bd5\u3002", "events": [], "arguments": {"time": [], "loc": [], "country": [{"text": "\u5370\u5ea6", "offset": 17, "length": 2}], "weapon": [{"text": "F/A-18\u6218\u6597\u673a", "offset": 7, "length": 9}]}}, {"sentence": "\u867d\u7136\u76ee\u524d\u7684\u8bc4\u4f30\u663e\u793a\u8fd9\u6b3e\u6218\u6597\u673a\u5177\u5907\u4ece\u6ed1\u8dc3\u7532\u677f\u8d77\u98de\u7684\u80fd\u529b\uff0c\u4f46\u8fd8\u9700\u8fdb\u884c\u66f4\u8fdb\u4e00\u6b65\u7684\u6d4b\u8bd5\u3002", "events": [], "arguments": {"time": [], "loc": [], "country": [], "weapon": [{"text": "\u6218\u6597\u673a", "offset": 11, "length": 3}]}}, {"sentence": "\u66f4\u591a\u7684\u7ec6\u8282\u5c06\u5728\u6574\u4e2a\u6d4b\u8bd5\u5b8c\u6210\u4e4b\u540e\u516c\u5e03\u3002", "events": [], "arguments": {"time": [], "loc": [], "country": [], "weapon": []}}, {"sentence": "\u201d", "events": [], "arguments": {"time": [], "loc": [], "country": [], "weapon": []}}, {"sentence": "F/A-18\u6218\u6597\u673a\u7684\u6700\u521d\u7814\u5236\u65b9\u9ea6\u9053\u516c\u53f8\u5728\u540e\u6765\u88ab\u6ce2\u97f3\u6536\u8d2d\uff0c\u9ea6\u9053\u516c\u53f8\u5728\u66fe\u5728\u51b7\u6218\u672b\u671f\u5bf9\u8fd9\u6b3e\u6218\u6597\u673a\u8fdb\u884c\u8fc7\u6ed1\u8dc3\u8d77\u98de\u6d4b\u8bd5\u3002", "events": [], "arguments": {"time": [], "loc": [], "country": [], "weapon": [{"text": "F/A-18\u6218\u6597\u673a", "offset": 0, "length": 9}]}}, {"sentence": "\u6d4b\u8bd5\u8868\u660e\uff0c\u5728\u503e\u659c9\u5ea6\u7684\u6ed1\u8dc3\u7532\u677f\u4e0a\uff0c\u201c\u5927\u9ec4\u8702\u201d\u6218\u6597\u673a\u7684\u8d77\u98de\u6ed1\u884c\u8ddd\u79bb\u5c31\u53ef\u4ee5\u7f29\u5c0f\u4e00\u534a\uff0c\u4f46\u5f53\u65f6\u8fd8\u4e0d\u6e05\u695a\u8981\u8fbe\u5230\u8fd9\u79cd\u98de\u884c\u6027\u80fd\u5bf9\u6218\u6597\u673a\u7684\u91cd\u91cf\u8981\u6c42\u662f\u591a\u5c11\u3002", "events": [], "arguments": {"time": [], "loc": [], "country": [], "weapon": [{"text": "\u201c\u5927\u9ec4\u8702\u201d\u6218\u6597\u673a", "offset": 17, "length": 8}]}}, {"sentence": "\u5728\u6ca1\u6709\u5f39\u5c04\u5668\u7684\u60c5\u51b5\u4e0b\uff0c\u91c7\u7528\u6ed1\u8dc3\u7684\u65b9\u5f0f\u53ef\u4ee5\u6709\u6548\u63d0\u9ad8\u8230\u8f7d\u6218\u6597\u673a\u7684\u8d77\u98de\u6027\u80fd\u3002", "events": [], "arguments": {"time": [], "loc": [], "country": [], "weapon": [{"text": "\u8230\u8f7d\u6218\u6597\u673a", "offset": 24, "length": 5}]}}, {"sentence": "\u62a5\u9053\u79f0\uff0c\u81f3\u5c11\u4ece2016\u5e74\u5f00\u59cb\uff0c\u5370\u5ea6\u6d77\u519b\u5c31\u4e00\u76f4\u5728\u52aa\u529b\u91c7\u8d2d\u81f3\u5c1157\u67b6\u65b0\u578b\u6218\u6597\u673a\uff0c\u4ee5\u8865\u5145\u5370\u5ea6\u4ee5\u7c73\u683c-29K\u8230\u8f7d\u6218\u6597\u673a\u4e3a\u4e3b\u7684\u8230\u8f7d\u673a\u673a\u961f\u3002", "events": [], "arguments": {"time": [], "loc": [], "country": [{"text": "\u5370\u5ea6", "offset": 15, "length": 2}, {"text": "\u5370\u5ea6", "offset": 41, "length": 2}], "weapon": [{"text": "\u7c73\u683c-29K", "offset": 44, "length": 6}, {"text": "\u7c73\u683c-29K\u8230\u8f7d\u6218\u6597\u673a", "offset": 44, "length": 11}]}}, {"sentence": "\u8fd1\u51e0\u5e74\u6709\u4e0d\u5c11\u62a5\u544a\u79f0\uff0c\u5370\u5ea6\u5bf9\u4ed6\u4eec\u7684\u7c73\u683c-29K\u6218\u6597\u673a\u7684\u8868\u73b0\u611f\u5230\u5931\u671b\u3002", "events": [], "arguments": {"time": [], "loc": [], "country": [{"text": "\u5370\u5ea6", "offset": 10, "length": 2}], "weapon": [{"text": "\u7c73\u683c-29K\u6218\u6597\u673a", "offset": 16, "length": 9}]}}, {"sentence": "\u201c\u8d85\u7ea7\u5927\u9ec4\u8702\u201d\u73b0\u5728\u6b63\u4e0e\u4fc4\u5236\u7c73\u683c-29K\u6218\u6597\u673a\u3001\u6cd5\u56fd\u8230\u8f7d\u7248\u201c\u9635\u98ce\u201d\u6218\u6597\u673a\u3001\u745e\u5178\u8230\u8f7d\u7248\u201c\u9e70\u72ee\u201d\u6218\u6597\u673a\u8fdb\u884c\u7ade\u4e89\u3002", "events": [], "arguments": {"time": [], "loc": [], "country": [{"text": "\u6cd5\u56fd", "offset": 23, "length": 2}, {"text": "\u745e\u5178", "offset": 36, "length": 2}], "weapon": [{"text": "\u201c\u9635\u98ce\u201d\u6218\u6597\u673a", "offset": 28, "length": 7}, {"text": "\u201c\u9e70\u72ee\u201d\u6218\u6597\u673a", "offset": 41, "length": 7}, {"text": "\u7c73\u683c-29K\u6218\u6597\u673a", "offset": 13, "length": 9}]}}, {"sentence": "\u800c\u503c\u5f97\u6ce8\u610f\u7684\u662f\uff0c\u6cd5\u56fd\u5728\u4e0a\u4e2a\u6708\u5411\u5370\u5ea6\u4ea4\u4ed8\u4e86\u9996\u6279\u9646\u57fa\u7248\u7684\u201c\u9635\u98ce\u201d\u6218\u6597\u673a\u3002", "events": [], "arguments": {"time": [], "loc": [], "country": [{"text": "\u6cd5\u56fd", "offset": 8, "length": 2}, {"text": "\u5370\u5ea6", "offset": 15, "length": 2}], "weapon": [{"text": "\u201c\u9635\u98ce\u201d\u6218\u6597\u673a", "offset": 26, "length": 7}]}}, {"sentence": "\u6b64\u524d\u5370\u5ea6\u6d77\u519b\u4e5f\u62d2\u7edd\u4e86\u8ba9\u5370\u5ea6\u56fd\u4ea7\u201c\u5149\u8f89\u201d\u6218\u6597\u673a\u4e0a\u8230\uff0c\u8ba4\u4e3a\u5176\u65e0\u6cd5\u6ee1\u8db3\u4f5c\u6218\u9700\u6c42\uff0c\u8fd9\u6b3e\u6218\u6597\u673a\u7684\u6539\u8fdb\u5de5\u4f5c\u4ecd\u5728\u7ee7\u7eed\u63a8\u8fdb\u3002", "events": [], "arguments": {"time": [], "loc": [], "country": [{"text": "\u5370\u5ea6", "offset": 2, "length": 2}, {"text": "\u5370\u5ea6", "offset": 11, "length": 2}], "weapon": [{"text": "\u201c\u5149\u8f89\u201d\u6218\u6597\u673a", "offset": 15, "length": 7}]}}, {"sentence": "\u62a5\u9053\u8ba4\u4e3a\uff0c\u53ef\u4ee5\u660e\u786e\u7684\u4e00\u70b9\u662f\uff0c\u5370\u5ea6\u8ba1\u5212\u6269\u5927\u5176\u822a\u6bcd\u8230\u961f\uff0c\u8fd9\u4e5f\u9700\u8981\u8d2d\u4e70\u66f4\u591a\u7684\u8230\u8f7d\u673a\u3002", "events": [], "arguments": {"time": [], "loc": [], "country": [{"text": "\u5370\u5ea6", "offset": 14, "length": 2}], "weapon": [{"text": "\u822a\u6bcd", "offset": 21, "length": 2}]}}, {"sentence": "\u800cF/A-18E/F\u201c\u8d85\u7ea7\u5927\u9ec4\u8702\u201d\u5df2\u7ecf\u8bc1\u660e\u4e86\u8be5\u673a\u578b\u5177\u5907\u5728\u6ed1\u8dc3\u7532\u677f\u4e0a\u7684\u8d77\u98de\u80fd\u529b\uff0c\u8fd9\u5c06\u7ed9\u5b83\u5728\u672a\u6765\u7684\u7ade\u4e89\u4e2d\u5e26\u6765\u4f18\u52bf\u3002", "events": [], "arguments": {"time": [], "loc": [], "country": [], "weapon": [{"text": "F/A-18E/F\u201c\u8d85\u7ea7\u5927\u9ec4\u8702\u201d", "offset": 1, "length": 16}]}}]