[{"sentence": "\u6e2f\u5a92\uff1a\u7f8e\u9646\u519b\u4e00\u67b6\u201c\u6311\u6218\u8005650\u201d\u4fa6\u5bdf\u673a\u73b0\u8eab\u53f0\u6e7e\u4e1c\u90e8\u7a7a\u57df", "events": [{"trigger": {"text": "\u73b0\u8eab", "offset": 19, "length": 2}, "subject": {"text": "\u201c\u6311\u6218\u8005650\u201d\u4fa6\u5bdf\u673a", "offset": 8, "length": 11}, "object": {"text": "\u53f0\u6e7e\u4e1c\u90e8\u7a7a\u57df", "offset": 21, "length": 6}}], "arguments": {"time": [], "loc": [], "country": [{"text": "\u7f8e", "offset": 3, "length": 1}, {"text": "\u53f0\u6e7e", "offset": 21, "length": 2}], "weapon": [{"text": "\u201c\u6311\u6218\u8005650\u201d\u4fa6\u5bdf\u673a", "offset": 8, "length": 11}]}}, {"sentence": "\u3010\u73af\u7403\u7f51\u62a5\u9053 \u89c1\u4e60\u8bb0\u8005 \u9a6c\u5ca9\u3011", "events": [], "arguments": {"time": [], "loc": [], "country": [], "weapon": []}}, {"sentence": "\u636e\u9999\u6e2f\u5a92\u4f538\u670819\u65e5\u62a5\u9053\uff0c\u7f8e\u56fd\u9646\u519b\u4e00\u67b6\u201c\u6311\u6218\u8005650\u201d\u4fa6\u5bdf\u673a\u5f53\u5929\u4ece\u51b2\u7ef3\u5609\u624b\u7eb3\u7a7a\u519b\u57fa\u5730\u8d77\u98de\uff0c\u7ea6\u4e0a\u534810\u70b9\u4ece\u53f0\u6e7e\u4e1c\u90e8\u7a7a\u57df\u7ecf\u8fc7\uff0c\u4e2d\u5348\u5728\u5df4\u58eb\u6d77\u5ce1\u4e0a\u7a7a\u6298\u8fd4\u3002", "events": [], "arguments": {"time": [{"text": "8\u670819\u65e5", "offset": 5, "length": 5}, {"text": "\u7ea6\u4e0a\u534810\u70b9", "offset": 45, "length": 6}], "loc": [{"text": "\u51b2\u7ef3\u5609\u624b\u7eb3\u7a7a\u519b\u57fa\u5730", "offset": 33, "length": 9}, {"text": "\u53f0\u6e7e\u4e1c\u90e8\u7a7a\u57df", "offset": 52, "length": 6}, {"text": "\u5df4\u58eb\u6d77\u5ce1", "offset": 64, "length": 4}], "country": [{"text": "\u7f8e\u56fd", "offset": 13, "length": 2}], "weapon": [{"text": "\u6311\u6218\u8005650", "offset": 20, "length": 6}, {"text": "\u201c\u6311\u6218\u8005650\u201d\u4fa6\u5bdf\u673a", "offset": 19, "length": 11}]}}, {"sentence": "\u62a5\u9053\u79f0\uff0c\u201c\u6311\u6218\u8005650\u201d\u914d\u5907\u9ad8\u7cbe\u5ea6\u68c0\u6d4b\u548c\u5229\u7528\u7cfb\u7edf\uff08HADES\uff09\uff0c\u53ef\u7ed3\u5408\u5730\u9762\u96f7\u8fbe\u548c\u7535\u5b50\u60c5\u62a5\u63a5\u6536\u5668\uff0c\u53ef\u4ee5\u5728\u4fc4\u7f57\u65af\u6216\u4e2d\u56fd\u7684\u9632\u7a7a\u7cfb\u7edf\u8303\u56f4\u4e4b\u5916\u8fd0\u884c\uff0c\u4fa6\u6d4b\u79fb\u52a8\u76ee\u6807\uff0c\u5305\u62ec\u8f66\u8f86\u3001\u8239\u53ea\u7b49\uff0c\u63a5\u6536\u5668\u53ef\u4fa6\u641c\u5230\u654c\u65b9\u96f7\u8fbe\uff0c\u534f\u52a9\u8fdc\u7a0b\u706b\u70ae\u7cbe\u786e\u5c04\u51fb\u3002", "events": [], "arguments": {"time": [], "loc": [], "country": [{"text": "\u4fc4\u7f57\u65af", "offset": 51, "length": 3}, {"text": "\u4e2d\u56fd", "offset": 55, "length": 2}], "weapon": [{"text": "\u6311\u6218\u8005650", "offset": 5, "length": 6}, {"text": "HADES", "offset": 25, "length": 5}, {"text": "\u201c\u6311\u6218\u8005650\u201d", "offset": 4, "length": 8}]}}, {"sentence": "\u5bf9\u4e8e\u7f8e\u519b\u673a\u3001\u8230\u8fc7\u53f0\u6d77\uff0c\u5916\u4ea4\u90e8\u53d1\u8a00\u4eba\u66fe\u591a\u6b21\u8868\u793a\uff0c\u53f0\u6e7e\u95ee\u9898\u4e8b\u5173\u4e2d\u56fd\u7684\u4e3b\u6743\u548c\u9886\u571f\u5b8c\u6574\uff0c\u662f\u4e2d\u7f8e\u5173\u7cfb\u4e2d\u6700\u91cd\u8981\u3001\u6700\u654f\u611f\u7684\u95ee\u9898\u3002", "events": [], "arguments": {"time": [], "loc": [], "country": [{"text": "\u4e2d\u56fd", "offset": 29, "length": 2}, {"text": "\u53f0\u6e7e", "offset": 23, "length": 2}], "weapon": []}}, {"sentence": "\u6211\u4eec\u6566\u4fc3\u7f8e\u65b9\u606a\u5b88\u4e00\u4e2a\u4e2d\u56fd\u539f\u5219\u548c\u4e2d\u7f8e\u4e09\u4e2a\u8054\u5408\u516c\u62a5\u7684\u89c4\u5b9a\uff0c\u614e\u91cd\u59a5\u5584\u5730\u5904\u7406\u6d89\u53f0\u95ee\u9898\uff0c\u4ee5\u514d\u635f\u5bb3\u4e2d\u7f8e\u5173\u7cfb\u548c\u53f0\u6d77\u7684\u548c\u5e73\u7a33\u5b9a\u3002", "events": [], "arguments": {"time": [], "loc": [], "country": [{"text": "\u7f8e\u65b9", "offset": 4, "length": 2}, {"text": "\u4e2d\u56fd", "offset": 10, "length": 2}, {"text": "\u7f8e", "offset": 16, "length": 1}], "weapon": []}}, {"sentence": "\u5927\u9646\u56fd\u9632\u90e8\u65b0\u95fb\u53d1\u8a00\u4eba\u5434\u8c26\u4e5f\u66fe\u5f3a\u8c03\uff0c\u53f0\u6e7e\u662f\u4e2d\u56fd\u4e0d\u53ef\u5206\u5272\u7684\u4e00\u90e8\u5206\u3002", "events": [], "arguments": {"time": [], "loc": [], "country": [{"text": "\u4e2d\u56fd", "offset": 20, "length": 2}, {"text": "\u53f0\u6e7e", "offset": 17, "length": 2}], "weapon": []}}, {"sentence": "\u53f0\u6e7e\u4e8b\u52a1\u7eaf\u5c5e\u4e2d\u56fd\u5185\u653f\uff0c\u4e0d\u5bb9\u4efb\u4f55\u5916\u6765\u5e72\u6d89\u3002", "events": [], "arguments": {"time": [], "loc": [], "country": [{"text": "\u53f0\u6e7e", "offset": 0, "length": 2}, {"text": "\u4e2d\u56fd", "offset": 6, "length": 2}], "weapon": []}}, {"sentence": "\u7f8e\u65b9\u9891\u7e41\u6253\u53f0\u6e7e\u724c\uff0c\u60f3\u901a\u8fc7\u201c\u5207\u9999\u80a0\u201d\u7684\u65b9\u5f0f\u6765\u5371\u5bb3\u4e2d\u56fd\u7684\u4e3b\u6743\u548c\u9886\u571f\u5b8c\u6574\uff0c\u8fd9\u5b8c\u5168\u662f\u75f4\u5fc3\u5984\u60f3\u3002", "events": [], "arguments": {"time": [], "loc": [], "country": [{"text": "\u7f8e", "offset": 0, "length": 1}, {"text": "\u4e2d\u56fd", "offset": 23, "length": 2}, {"text": "\u7f8e\u65b9", "offset": 0, "length": 2}, {"text": "\u53f0\u6e7e", "offset": 5, "length": 2}], "weapon": []}}, {"sentence": "\u89e3\u653e\u519b\u59cb\u7ec8\u4fdd\u6301\u9ad8\u5ea6\u6212\u5907\uff0c\u6709\u575a\u5b9a\u7684\u610f\u5fd7\u3001\u5145\u5206\u7684\u4fe1\u5fc3\u548c\u8db3\u591f\u7684\u80fd\u529b\u7ef4\u62a4\u56fd\u5bb6\u4e3b\u6743\u548c\u9886\u571f\u5b8c\u6574\uff0c\u7ef4\u62a4\u53f0\u6d77\u5730\u533a\u548c\u5e73\u7a33\u5b9a\u3002", "events": [], "arguments": {"time": [], "loc": [{"text": "\u53f0\u6d77\u5730\u533a", "offset": 44, "length": 4}], "country": [], "weapon": []}}]