[{"sentence": "\u7f8e\u519b\u4f20\u5947\u5973\u5c11\u5c06\u66dd\u51fa\u4e11\u95fb\u906d\u64a4\u804c\u00a0\u66fe\u662fF-22\u6218\u673a\u9876\u7ea7\u5973\u6027\u98de\u884c\u5458", "events": [], "arguments": {"time": [], "loc": [], "country": [{"text": "\u7f8e", "offset": 0, "length": 1}], "weapon": [{"text": "F-22\u6218\u673a", "offset": 17, "length": 6}]}}, {"sentence": "\u3010\u73af\u7403\u7f51\u62a5\u9053 \u8bb0\u8005 \u5f90\u7490\u660e\u3011", "events": [], "arguments": {"time": [], "loc": [], "country": [], "weapon": []}}, {"sentence": "\u4e00\u540d\u8d1f\u8d23\u7f8e\u519b\u7edd\u5bc6\u9879\u76ee\u7684\u5973\u5c06\u519b\u8fd1\u65e5\u88ab\u66dd\u51fa\u906d\u5230\u519b\u65b9\u89e3\u804c\u3002", "events": [], "arguments": {"time": [], "loc": [], "country": [{"text": "\u7f8e", "offset": 4, "length": 1}], "weapon": []}}, {"sentence": "\u5979\u6b64\u524d\u66fe\u662f\u4e00\u540dF-22\u6218\u6597\u673a\u7684\u98de\u884c\u5458\uff0c\u5374\u56e0\u7ed9\u540c\u4e8b\u4eec\u5e26\u6765\u201c\u6709\u5bb3\u201d\u7684\u5de5\u4f5c\u73af\u5883\u800c\u5f15\u53d1\u4e89\u8bae\u3002", "events": [], "arguments": {"time": [], "loc": [], "country": [], "weapon": [{"text": "F-22\u6218\u6597\u673a", "offset": 7, "length": 7}]}}, {"sentence": "\u636e\u7f8e\u56fdMilitary.com\u7f51\u7ad98\u670818\u65e5\u62a5\u9053\uff0c\u4e00\u4efd\u7f8e\u519b\u6700\u65b0\u7684\u62a5\u544a\u663e\u793a\uff0c\u4e00\u540d\u8d1f\u8d23\u4e94\u89d2\u5927\u697c\u529e\u516c\u5ba4\u7684\u7f8e\u56fd\u7a7a\u519b\u5c06\u519b\u5728\u53bb\u5e74\u88ab\u89e3\u804c\uff0c\u539f\u56e0\u662f\u5979\u7ed9\u540c\u4e8b\u4eec\u5e26\u6765\u4e86\u201c\u6709\u5bb3\u201d\u7684\u5de5\u4f5c\u73af\u5883\u3002", "events": [], "arguments": {"time": [], "loc": [], "country": [{"text": "\u7f8e\u56fd", "offset": 1, "length": 2}, {"text": "\u7f8e\u56fd", "offset": 49, "length": 2}], "weapon": []}}, {"sentence": "\u5979\u6240\u5728\u7684\u529e\u516c\u5ba4\u8d1f\u8d23\u76d1\u7763\u7f8e\u519b\u7684\u4e00\u4e9b\u7edd\u5bc6\u9879\u76ee\u3002", "events": [], "arguments": {"time": [], "loc": [], "country": [{"text": "\u7f8e", "offset": 11, "length": 1}], "weapon": []}}, {"sentence": "\u62a5\u9053\u79f0\uff0c\u8fd9\u540d\u88ab\u89e3\u804c\u7684\u5973\u519b\u5b98\u662f\u7f8e\u56fd\u7a7a\u519b\u5c11\u5c06\u9053\u6069\u00b7\u9093\u6d1b\u666e\uff0c\u5979\u6b64\u524d\u62c5\u4efb\u7684\u662f\u7f8e\u519b\u201c\u7279\u6b8a\u6295\u8d44\u9879\u76ee\u63a7\u5236\u201d\u529e\u516c\u5ba4\u4e3b\u4efb\u4e00\u804c\u3002", "events": [], "arguments": {"time": [], "loc": [], "country": [{"text": "\u7f8e\u56fd", "offset": 14, "length": 2}], "weapon": []}}, {"sentence": "\u5979\u66fe\u591a\u6b21\u5bf9\u4e0b\u5c5e\u505a\u51fa\u4e0d\u5c0a\u91cd\u7684\u4e3e\u52a8\uff0c\u8fd8\u6709\u4e00\u6b21\u751a\u81f3\u8fd8\u4ee5\u4e0d\u6070\u5f53\u7684\u65b9\u5f0f\u6293\u4f4f\u4e0b\u5c5e\u7684\u624b\u5e76\u8bd5\u56fe\u8fb1\u9a82\u4e0b\u5c5e\u3002", "events": [], "arguments": {"time": [], "loc": [], "country": [], "weapon": []}}, {"sentence": "\u53e6\u636e\u7f8e\u56fd\u300a\u7a7a\u519b\u65f6\u62a5\u300b\u7684\u62a5\u9053\uff0c\u5728\u597d\u51e0\u8d77\u4e8b\u4ef6\u91cc\uff0c\u9093\u6d1b\u666e\u90fd\u4ee5\u8d2c\u4f4e\u7684\u6001\u5ea6\u5bf9\u5f85\u4e0b\u5c5e\uff0c\u7528\u8a00\u8bed\u6697\u793a\u4ed6\u4eec\u5f88\u611a\u8822\u3002", "events": [], "arguments": {"time": [], "loc": [], "country": [{"text": "\u7f8e\u56fd", "offset": 2, "length": 2}], "weapon": []}}, {"sentence": "\u62a5\u9053\u79f0\uff0c\u9093\u6d1b\u666e\u662f\u7f8e\u56fd\u7a7a\u519b\u9996\u540d\u6218\u6597\u673a\u5973\u6027\u8bd5\u98de\u5458\uff0c\u66fe\u9a7e\u9a76F-22\u5e76\u6307\u6325\u4e2d\u961f\u4f5c\u6218\uff0c\u662f\u7f8e\u56fd\u7a7a\u519b\u7ea7\u522b\u6700\u9ad8\u7684\u5973\u6027\u6218\u6597\u673a\u98de\u884c\u5458\u4e4b\u4e00\u3002", "events": [], "arguments": {"time": [], "loc": [], "country": [{"text": "\u7f8e\u56fd", "offset": 8, "length": 2}, {"text": "\u7f8e\u56fd", "offset": 39, "length": 2}], "weapon": [{"text": "F-22", "offset": 26, "length": 4}]}}, {"sentence": "\u4f46\u76f8\u5173\u4eba\u58eb\u7528\u201c\u8fd1\u4e4e\u8650\u5f85\u201d\u548c\u201c\u72ec\u88c1\u201d\u7b49\u5b57\u773c\u6765\u5f62\u5bb9\u5979\u3002", "events": [], "arguments": {"time": [], "loc": [], "country": [], "weapon": []}}, {"sentence": "\u8fd8\u6709\u4e00\u4e9b\u5979\u7684\u4e0b\u5c5e\u8868\u793a\uff0c\u4ed6\u4eec\u751a\u81f3\u4e0d\u6562\u6765\u5de5\u4f5c\u3002", "events": [], "arguments": {"time": [], "loc": [], "country": [], "weapon": []}}, {"sentence": "\u201c\u8fd9\u5c31\u662f\u6211\u4eec\u6240\u5904\u7684\u73af\u5883\uff0c\u505a\u4ec0\u4e48\u90fd\u4e0d\u5bf9\uff0c\u201d\u4e00\u540d\u8eab\u4efd\u4e0d\u660e\u7684\u76f8\u5173\u4eba\u58eb\u5728\u62a5\u544a\u4e2d\u900f\u9732\u3002", "events": [], "arguments": {"time": [], "loc": [], "country": [], "weapon": []}}, {"sentence": "\u9093\u6d1b\u666e\u7684\u9886\u5bfc\u98ce\u683c\u88ab\u8ba4\u4e3a\u662f\u201c\u597d\u6597\u201d\u7684\uff0c\u8fd9\u79cd\u62a5\u544a\u4e2d\u63d0\u53ca\u7684\u51e0\u8d77\u4e8b\u4ef6\u4e2d\u5c31\u80fd\u770b\u51fa\u3002", "events": [], "arguments": {"time": [], "loc": [], "country": [], "weapon": []}}, {"sentence": "\u57282019\u5e741\u6708\uff0c\u9093\u6d1b\u666e\u7684\u4e00\u540d\u4e0b\u5c5e\u8d70\u8fdb\u5979\u7684\u529e\u516c\u5ba4\uff0c\u544a\u8bc9\u5979\u4e00\u540d\u8bbf\u5ba2\u5373\u5c06\u6765\u8bbf\u3002", "events": [], "arguments": {"time": [], "loc": [], "country": [], "weapon": []}}, {"sentence": "\u8fd9\u540d\u4e0b\u5c5e\u8bf4\uff0c\u9093\u6d1b\u666e\u611f\u5230\u5f88\u610f\u5916\uff0c\u201c\u7b80\u76f4\u66b4\u8df3\u5982\u96f7\u201d\uff0c\u5e76\u6307\u8d23\u4e0b\u5c5e\u6ca1\u6709\u63d0\u524d\u63d0\u9192\u5979\u6709\u8bbf\u5ba2\u8981\u6765\u3002", "events": [], "arguments": {"time": [], "loc": [], "country": [], "weapon": []}}, {"sentence": "\u5f53\u8fd9\u540d\u4e0b\u5c5e\u8bd5\u56fe\u63d0\u9192\u5979\u770b\u65e5\u7a0b\u8868\u65f6\uff0c\u9093\u6d1b\u666e\u6293\u4f4f\u5979\u7684\u624b\u6447\u6643\uff0c\u201c\u50cf\u4e2a\u5b69\u5b50\u4e00\u6837\u6765\u5438\u5f15\u6211\u7684\u6ce8\u610f\u529b\u201d\u3002", "events": [], "arguments": {"time": [], "loc": [], "country": [], "weapon": []}}, {"sentence": "\u9093\u6d1b\u666e\u540e\u6765\u8868\u793a\uff0c\u5979\u5e76\u6ca1\u6709\u751f\u6c14\uff0c\u4e5f\u6ca1\u6709\u5931\u793c\u7684\u4e3e\u52a8\uff0c\u53ea\u662f\u8f7b\u8f7b\u5730\u78b0\u4e86\u78b0\u4e0b\u5c5e\u7684\u624b\uff0c\u800c\u5f53\u65f6\u5728\u573a\u76ee\u51fb\u8005\u8ba4\u4e3a\u8fd9\u4e00\u4e3e\u52a8\u201c\u5b8c\u5168\u4e0d\u5408\u9002\u201d\u3002", "events": [], "arguments": {"time": [], "loc": [], "country": [], "weapon": []}}, {"sentence": "\u62a5\u9053\u79f0\uff0c\u68c0\u5bdf\u5b98\u8ba4\u4e3a\u9093\u6d1b\u666e\u7684\u884c\u4e3a\u201c\u8fdd\u53cd\u4e86\u7981\u6b62\u4e0d\u7b26\u5408\u519b\u5b98\u8eab\u4efd\u7684\u884c\u4e3a\u7684\u89c4\u5b9a\u201d\u3002", "events": [], "arguments": {"time": [], "loc": [], "country": [], "weapon": []}}, {"sentence": "\u57282019\u5e745\u6708\u7684\u4e00\u6b21\u4f1a\u8bae\u4e0a\uff0c\u5bf9\u9093\u6d1b\u666e\u8a00\u884c\u7684\u62b1\u6028\u8fbe\u5230\u4e86\u9876\u70b9\uff0c\u5f53\u65f6\u51e0\u540d\u9ad8\u7ea7\u5c06\u9886\u770b\u5230\u9093\u6d1b\u666e\u5632\u7b11\u53e6\u4e00\u540d\u9ad8\u7ea7\u5b98\u5458\uff0c\u4ed6\u4eec\u6012\u6c14\u51b2\u51b2\u5730\u79bb\u5f00\u4e86\u4f1a\u8bae\u5ba4\u3002", "events": [], "arguments": {"time": [], "loc": [], "country": [], "weapon": []}}, {"sentence": "\u800c\u636e\u300a\u6cf0\u6664\u58eb\u62a5\u300b\u7684\u62a5\u9053\uff0c\u5728\u53bb\u5e74\u7684\u53e6\u4e00\u9879\u8c03\u67e5\u4e2d\uff0c\u7f8e\u56fd\u7a7a\u519b\u5f97\u51fa\u7ed3\u8bba\uff0c\u57282016\u81f32018\u5e74\u671f\u95f4\uff0c\u9093\u6d1b\u666e\u5728\u4f4d\u4e8e\u5fb7\u56fd\u7684\u5317\u7ea6\u7a7a\u519b\u57fa\u5730\u62c5\u4efb\u9884\u8b66\u548c\u63a7\u5236\u90e8\u961f\u6307\u6325\u5b98\u671f\u95f4\uff0c\u6ee5\u7528\u4e0b\u5c5e\u7684\u79c1\u4eba\u65f6\u95f4\u6765\u5b8c\u6210\u5979\u7684\u201c\u4e2a\u4eba\u8981\u6c42\u201d\u3002", "events": [], "arguments": {"time": [], "loc": [], "country": [{"text": "\u7f8e\u56fd", "offset": 23, "length": 2}, {"text": "\u5fb7\u56fd", "offset": 52, "length": 2}, {"text": "\u5317\u7ea6", "offset": 55, "length": 2}], "weapon": []}}, {"sentence": "\u4f8b\u5982\uff0c\u6709\u7f8e\u56fd\u7a7a\u519b\u4eba\u5458\u4e3a\u9093\u6d1b\u666e\u7684\u6c7d\u8f66\u6362\u4e86\u8f6e\u80ce\u548c\u673a\u6cb9\uff0c\u8fd8\u5728\u5e2e\u5979\u5c06\u8f66\u8fd0\u56de\u7f8e\u56fd\u4e4b\u524d\u515c\u5708\u8017\u6cb9\uff0c\u4ee5\u51cf\u8f7b\u8f66\u8f86\u7684\u91cd\u91cf\u4ece\u800c\u8fbe\u5230\u8fd0\u8f93\u7684\u91cd\u91cf\u6807\u51c6\u3002", "events": [], "arguments": {"time": [], "loc": [], "country": [{"text": "\u7f8e\u56fd", "offset": 4, "length": 2}, {"text": "\u7f8e\u56fd", "offset": 33, "length": 2}], "weapon": []}}, {"sentence": "\u9093\u6d1b\u666e\u7684\u5f8b\u5e08\u52a0\u91cc\u00b7\u8fc8\u5c14\u65af\u8868\u793a\uff0c\u8fd9\u4efd\u62a5\u544a\u5bf9\u9093\u6d1b\u666e\u6765\u8bf4\u662f\u4e00\u4e2a\u63d0\u9192\uff0c\u4f46\u4ed6\u4e5f\u8868\u793a\uff0c\u62a5\u544a\u80af\u5b9a\u4e86\u9093\u6d1b\u666e\u7684\u5de5\u4f5c\u6210\u679c\u3002", "events": [], "arguments": {"time": [], "loc": [], "country": [], "weapon": []}}, {"sentence": "\u8fc8\u5c14\u65af\u8bf4\uff1a\u201c\u5728\u5979\u7684\u804c\u4e1a\u751f\u6daf\u4e2d\uff0c\u7ed9\u4eba\u5e26\u6765\u4e86\u4e00\u79cd\u6b63\u503c\u3001\u5353\u8d8a\u7684\u611f\u89c9\uff0c\u4ee5\u53ca\u4e3a\u98de\u884c\u5458\u4eec\u548c\u56fd\u5bb6\u670d\u52a1\u7684\u5f3a\u70c8\u613f\u671b\u3002", "events": [], "arguments": {"time": [], "loc": [], "country": [], "weapon": []}}, {"sentence": "\u201d\u4ed6\u8fd8\u8865\u5145\u8bf4\uff1a\u201c\u8c03\u67e5\u62a5\u544a\u5e76\u6ca1\u6709\u53cd\u6620\u51fa\u5979\u662f\u4e00\u4e2a\u4ec0\u4e48\u6837\u7684\u4eba\uff0c\u4e5f\u6ca1\u6709\u53cd\u6620\u51fa\u7684\u5979\u7684\u4ef7\u503c\u89c2\u548c\u597930\u591a\u5e74\u6765\u7684\u8d21\u732e\u3002", "events": [], "arguments": {"time": [], "loc": [], "country": [], "weapon": []}}, {"sentence": "\u201d", "events": [], "arguments": {"time": [], "loc": [], "country": [], "weapon": []}}]