[{"sentence": "\u4fc4\u519b\u6218\u6597\u673a\u4e00\u5929\u5185\u4e24\u6b21\u5728\u6ce2\u7f57\u7684\u6d77\u4e0a\u7a7a\u62e6\u622a\u5916\u56fd\u4fa6\u5bdf\u673a", "events": [{"trigger": {"text": "\u62e6\u622a", "offset": 17, "length": 2}, "subject": {"text": "\u4fc4\u519b\u6218\u6597\u673a", "offset": 0, "length": 5}, "object": {"text": "\u5916\u56fd\u4fa6\u5bdf\u673a", "offset": 19, "length": 5}}], "arguments": {"time": [], "loc": [], "country": [{"text": "\u4fc4", "offset": 0, "length": 1}], "weapon": [{"text": "\u4fc4\u519b\u6218\u6597\u673a", "offset": 0, "length": 5}, {"text": "\u5916\u56fd\u4fa6\u5bdf\u673a", "offset": 19, "length": 5}]}}, {"sentence": "\u3010\u73af\u7403\u7f51\u519b\u4e8b\u62a5\u9053\u3011", "events": [], "arguments": {"time": [], "loc": [], "country": [], "weapon": []}}, {"sentence": "\u4fc4\u7f57\u65af\u536b\u661f\u901a\u8baf\u793e\u83ab\u65af\u79d18\u670817\u65e5\u62a5\u9053\uff0c\u4fc4\u7f57\u65af\u56fd\u9632\u90e8\u56fd\u5bb6\u56fd\u9632\u7ba1\u7406\u4e2d\u5fc3\u5f53\u5929\u53d1\u5e03\u6d88\u606f\uff0c\u4fc4\u519b\u6218\u673a\u518d\u6b21\u5347\u7a7a\uff0c\u5728\u9ed1\u6d77\u65b9\u5411\u62e6\u622a\u5411\u4fc4\u7f57\u65af\u8fb9\u754c\u9760\u8fd1\u76843\u67b6\u7f8e\u3001\u82f1\u4fa6\u5bdf\u673a\u3002", "events": [], "arguments": {"time": [{"text": "8\u670817\u65e5", "offset": 11, "length": 5}], "loc": [], "country": [{"text": "\u4fc4\u7f57\u65af", "offset": 57, "length": 3}, {"text": "\u4fc4\u7f57\u65af", "offset": 0, "length": 3}], "weapon": []}}, {"sentence": "\u4fc4\u56fd\u9632\u90e8\u5728\u6d88\u606f\u4e2d\u8bf4\uff1a\u201c2020\u5e748\u670817\u65e5\uff0c\u4fc4\u7f57\u65af\u7a7a\u57df\u76d1\u63a7\u8bbe\u5907\u5728\u9ed1\u6d77\u4e2d\u7acb\u6c34\u57df\u4e0a\u7a7a\u53d1\u73b03\u4e2a\u6b63\u5728\u5411\u4fc4\u7f57\u65af\u8fb9\u5883\u9760\u8fd1\u7684\u7a7a\u4e2d\u76ee\u6807\u3002", "events": [], "arguments": {"time": [{"text": "2020\u5e748\u670817\u65e5", "offset": 11, "length": 10}], "loc": [{"text": "\u9ed1\u6d77\u4e2d\u7acb\u6c34\u57df", "offset": 32, "length": 6}], "country": [{"text": "\u4fc4\u7f57\u65af", "offset": 22, "length": 3}], "weapon": []}}, {"sentence": "\u4fc4\u7f57\u65af\u5357\u90e8\u519b\u533a\u9632\u7a7a\u90e8\u961f\u62c5\u4efb\u6218\u5907\u6267\u52e4\u4efb\u52a1\u7684\u82cf-27\u6218\u673a\u5347\u7a7a\uff0c\u524d\u5f80\u67e5\u8bc1\u3001\u62e6\u622a\u201d\u3002", "events": [], "arguments": {"time": [], "loc": [], "country": [{"text": "\u4fc4\u7f57\u65af", "offset": 0, "length": 3}], "weapon": [{"text": "\u82cf-27\u6218\u673a", "offset": 20, "length": 6}]}}, {"sentence": "\u4fc4\u519b\u6218\u6597\u673a\u62e6\u622a\u7f8e\u519bP-8A\u53cd\u6f5c\u5de1\u903b\u673a", "events": [], "arguments": {"time": [], "loc": [], "country": [{"text": "\u7f8e", "offset": 7, "length": 1}, {"text": "\u4fc4", "offset": 0, "length": 1}], "weapon": [{"text": "P-8A\u53cd\u6f5c\u5de1\u903b\u673a", "offset": 9, "length": 9}, {"text": "\u6218\u6597\u673a", "offset": 2, "length": 3}]}}, {"sentence": "\u4fc4\u519b\u98de\u884c\u5458\u9a7e\u673a\u63a5\u8fd1\u76ee\u6807\u81f3\u5b89\u5168\u8ddd\u79bb\uff0c\u8bc6\u522b\u51fa\u76ee\u6807\u4e3a\u7f8e\u56fd\u7a7a\u519bRC-135\u6218\u7565\u4fa6\u5bdf\u673a\u3001\u7f8e\u56fd\u6d77\u519bP-8A\u201c\u6ce2\u585e\u51ac\u201d\u53cd\u6f5c\u5de1\u903b\u673a\u4ee5\u53ca\u82f1\u56fd\u7a7a\u519b\u201c\u524d\u54e8\u201dR1\u4fa6\u5bdf\u673a\u3002", "events": [], "arguments": {"time": [], "loc": [], "country": [{"text": "\u4fc4", "offset": 0, "length": 1}, {"text": "\u7f8e\u56fd", "offset": 23, "length": 2}, {"text": "\u7f8e\u56fd", "offset": 39, "length": 2}, {"text": "\u82f1\u56fd", "offset": 59, "length": 2}], "weapon": [{"text": "RC-135\u6218\u7565\u4fa6\u5bdf\u673a", "offset": 27, "length": 11}, {"text": "P-8A\u201c\u6ce2\u585e\u51ac\u201d\u53cd\u6f5c\u5de1\u903b\u673a", "offset": 43, "length": 14}, {"text": "\u201c\u524d\u54e8\u201dR1\u4fa6\u5bdf\u673a", "offset": 63, "length": 9}]}}, {"sentence": "\u4fc4\u56fd\u9632\u90e8\u8868\u793a\uff1a\u201c\u5728\u5916\u56fd\u519b\u673a\u98de\u79bb\u4fc4\u7f57\u65af\u8fb9\u754c\u540e\uff0c\u4fc4\u519b\u6218\u673a\u8fd4\u56de\u9a7b\u5730\u673a\u573a\u3002", "events": [], "arguments": {"time": [], "loc": [], "country": [{"text": "\u4fc4", "offset": 22, "length": 1}], "weapon": [{"text": "\u6218\u673a", "offset": 24, "length": 2}]}}, {"sentence": "\u82cf-27\u6218\u673a\u5728\u6574\u4e2a\u98de\u884c\u671f\u95f4\u4e25\u683c\u9075\u5b88\u4e86\u56fd\u9645\u7a7a\u57df\u4f7f\u7528\u89c4\u5219\u3002", "events": [], "arguments": {"time": [], "loc": [], "country": [], "weapon": [{"text": "\u82cf-27\u6218\u673a", "offset": 0, "length": 6}]}}, {"sentence": "\u201d\u6ca1\u6709\u53d1\u751f\u7f8e\u3001\u82f1\u519b\u98de\u673a\u4fb5\u72af\u4fc4\u7f57\u65af\u9886\u7a7a\u7684\u60c5\u51b5\u3002", "events": [], "arguments": {"time": [], "loc": [], "country": [{"text": "\u82f1", "offset": 7, "length": 1}, {"text": "\u4fc4\u7f57\u65af", "offset": 13, "length": 3}], "weapon": [{"text": "\u98de\u673a", "offset": 9, "length": 2}]}}, {"sentence": "\u4fc4\u7f57\u65af\u56fd\u9632\u90e8\u56fd\u5bb6\u56fd\u9632\u7ba1\u7406\u4e2d\u5fc38\u670817\u65e5\u65e9\u4e9b\u65f6\u5019\u8868\u793a\uff0c\u4fc4\u519b\u82cf-27SM\u5347\u7a7a\u98de\u884c\u81f3\u6ce2\u7f57\u7684\u6d77\uff0c\u4f34\u98de\u4e86\u7f8e\u56fd\u7a7a\u519bRC-135\u4fa6\u5bdf\u673a\uff0c\u7f8e\u673a\u4e4b\u540e\u98de\u79bb\u4fc4\u8fb9\u754c\u3002", "events": [], "arguments": {"time": [], "loc": [], "country": [{"text": "\u7f8e\u56fd", "offset": 47, "length": 2}], "weapon": [{"text": "\u82cf-27SM", "offset": 28, "length": 6}, {"text": "RC-135\u4fa6\u5bdf\u673a", "offset": 51, "length": 9}]}}, {"sentence": "\u8fd1\u671f\uff0c\u4fc4\u519b\u5728\u4fc4\u7f57\u65af\u8fb9\u5883\u9644\u8fd1\u62e6\u622a\u7f8e\u56fd\u4fa6\u5bdf\u673a\u7684\u6b21\u6570\u6709\u6240\u589e\u52a0\uff0c\u81ea8\u6708\u521d\u4ee5\u6765\uff0c\u5df2\u62a5\u544a\u4e86\u5341\u591a\u6b21\u7c7b\u4f3c\u7684\u4e8b\u4ef6\uff0c\u5730\u70b9\u5305\u62ec\u9ed1\u6d77\u548c\u5df4\u4f26\u652f\u6d77\u6d77\u57df\u3002", "events": [], "arguments": {"time": [], "loc": [{"text": "\u5df4\u4f26\u652f\u6d77\u6d77\u57df", "offset": 55, "length": 6}, {"text": "\u9ed1\u6d77", "offset": 52, "length": 2}], "country": [{"text": "\u7f8e\u56fd", "offset": 15, "length": 2}], "weapon": []}}]