[{"sentence": "\u89e3\u653e\u519b\u5ba3\u5e03\u5728\u53f0\u6e7e\u6d77\u5ce1\u6f14\u7ec3\u540e\u00a0\u7f8e\u519b\u8fde\u7eed3\u65e5\u5411\u53f0\u6e7e\u5468\u8fb9\u6d3e\u51fa7\u67b6\u6b21\u4fa6\u5bdf\u673a", "events": [{"trigger": {"text": "\u6d3e\u51fa", "offset": 25, "length": 2}, "subject": {"text": "\u7f8e\u519b", "offset": 14, "length": 2}, "object": {"text": "\u4fa6\u5bdf\u673a", "offset": 30, "length": 3}}], "arguments": {"time": [], "loc": [], "country": [{"text": "\u7f8e", "offset": 14, "length": 1}, {"text": "\u53f0\u6e7e", "offset": 21, "length": 2}], "weapon": [{"text": "\u4fa6\u5bdf\u673a", "offset": 30, "length": 3}]}}, {"sentence": "\u3010\u73af\u7403\u7f51\u62a5\u9053 \u8bb0\u8005 \u5f90\u7490\u660e\u3011", "events": [], "arguments": {"time": [], "loc": [], "country": [], "weapon": []}}, {"sentence": "\u57288\u670813\u65e5\u89e3\u653e\u519b\u5ba3\u5e03\u4e8e\u53f0\u6e7e\u6d77\u5ce1\u53ca\u5357\u5317\u4e24\u7aef\u7ec4\u7ec7\u5b9e\u6218\u5316\u6f14\u7ec3\u540e\uff0c\u7f8e\u519b\u8fde\u7eed3\u65e5\u5411\u53f0\u6e7e\u5468\u8fb9\u6d3e\u51fa7\u67b6\u6b21\u4fa6\u5bdf\u673a\u3002", "events": [], "arguments": {"time": [{"text": "8\u670813\u65e5", "offset": 1, "length": 5}], "loc": [], "country": [{"text": "\u7f8e", "offset": 30, "length": 1}, {"text": "\u53f0\u6e7e", "offset": 37, "length": 2}], "weapon": [{"text": "\u4fa6\u5bdf\u673a", "offset": 46, "length": 3}]}}, {"sentence": "\u8fd1\u671f\u7f8e\u519b\u5de1\u903b\u673a\u3001\u4fa6\u5bdf\u673a\u9891\u7e41\u73b0\u8eab\u53f0\u6e7e\u5468\u8fb9\u7a7a\u57df\u5f00\u5c55\u6301\u7eed\u4fa6\u5bdf\u6d3b\u52a8\uff0c\u636e\u201c\u5357\u6d77\u6218\u7565\u6001\u52bf\u611f\u77e5\u8ba1\u5212\u201d\u5e73\u53f0\u7edf\u8ba1\uff0c\u4ec5\u8fc7\u53bb\u4e09\u5929\u5185\uff0c\u7f8e\u519b\u5df2\u7ecf\u7d2f\u8ba1\u6d3e\u51fa\u5305\u62ecP-8A\u53cd\u6f5c\u5de1\u903b\u673a\u3001P-3C\u5de1\u903b\u673a\u3001RC-135\u6218\u7565\u4fa6\u5bdf\u673a\u53caEP-3E\u7535\u5b50\u4fa6\u5bdf\u673a\u5728\u5185\u81f3\u5c117\u67b6\u6b21\u5404\u578b\u4fa6\u5bdf\u673a\u3002", "events": [], "arguments": {"time": [], "loc": [], "country": [{"text": "\u53f0\u6e7e", "offset": 15, "length": 2}], "weapon": [{"text": "P-8A\u53cd\u6f5c\u5de1\u903b\u673a", "offset": 65, "length": 9}, {"text": "P-3C\u5de1\u903b\u673a", "offset": 75, "length": 7}, {"text": "RC-135\u6218\u7565\u4fa6\u5bdf\u673a", "offset": 83, "length": 11}, {"text": "EP-3E\u7535\u5b50\u4fa6\u5bdf\u673a", "offset": 95, "length": 10}]}}, {"sentence": "\u636e\u201c\u5357\u6d77\u6218\u7565\u6001\u52bf\u611f\u77e5\u8ba1\u5212\u201d\u5e73\u53f08\u670815\u65e5\u53d1\u5e03\u7684\u6d88\u606f\uff0c8\u670815\u65e5\uff0c\u4e00\u67b6\u96b6\u5c5e\u4e8e\u7f8e\u56fd\u6d77\u519b\u7684EP-3E\u7535\u5b50\u4fa6\u5bdf\u673a\u73b0\u8eab\u5357\u6d77\uff0c\u5728\u53f0\u6e7e\u6d77\u5ce1\u5357\u90e8\u5f00\u5c55\u4fa6\u5bdf\u98de\u884c\u6d3b\u52a8\uff0c\u6700\u8fd1\u65f6\u8ddd\u79bb\u5e7f\u4e1c\u9886\u6d77\u57fa\u7ebf51.19\u6d77\u91cc(\u7ea6\u540892.95\u516c\u91cc)\u3002", "events": [], "arguments": {"time": [{"text": "8\u670815\u65e5", "offset": 26, "length": 5}], "loc": [], "country": [{"text": "\u7f8e\u56fd", "offset": 37, "length": 2}], "weapon": [{"text": "EP-3E\u7535\u5b50\u4fa6\u5bdf\u673a", "offset": 42, "length": 10}]}}, {"sentence": "8\u670813\u65e5\uff0c\u89e3\u653e\u519b\u5ba3\u5e03\u5728\u53f0\u6e7e\u6d77\u5ce1\u6d77\u5ce1\u53ca\u5357\u5317\u4e24\u7aef\u7ec4\u7ec7\u5b9e\u6218\u5316\u6f14\u7ec3\u3002", "events": [], "arguments": {"time": [{"text": "8\u670813\u65e5", "offset": 0, "length": 5}], "loc": [{"text": "\u53f0\u6e7e\u6d77\u5ce1", "offset": 12, "length": 4}], "country": [], "weapon": []}}, {"sentence": "\u89e3\u653e\u519b\u4e1c\u90e8\u6218\u533a\u53d1\u8a00\u4eba\u3001\u7a7a\u519b\u5927\u6821\u5f20\u6625\u6656\u8868\u793a\uff0c\u4e1c\u90e8\u6218\u533a\u591a\u519b\u79cd\u5728\u591a\u65b9\u5411\u6210\u4f53\u7cfb\u51fa\u52a8\u5175\u529b\uff0c\u5728\u53f0\u6e7e\u6d77\u5ce1\u53ca\u5357\u5317\u4e24\u7aef\u8fde\u7eed\u7ec4\u7ec7\u5b9e\u6218\u5316\u6f14\u7ec3\uff0c\u8fdb\u4e00\u6b65\u68c0\u9a8c\u63d0\u5347\u591a\u519b\u79cd\u8054\u5408\u4f5c\u6218\u80fd\u529b\u3002", "events": [], "arguments": {"time": [], "loc": [], "country": [], "weapon": []}}, {"sentence": "\u4ed6\u8bf4\uff0c\u201c\u4e2a\u522b\u5927\u56fd\u201d\u5728\u53f0\u6e7e\u95ee\u9898\u4e0a\u6d88\u6781\u52a8\u5411\u4e0d\u65ad\uff0c\u5411\u201c\u53f0\u72ec\u201d\u52bf\u529b\u53d1\u51fa\u4e25\u91cd\u9519\u8bef\u4fe1\u53f7\uff0c\u4e25\u91cd\u5a01\u80c1\u53f0\u6d77\u548c\u5e73\u4e0e\u7a33\u5b9a\uff0c\u201c\u53f0\u6e7e\u662f\u4e2d\u56fd\u9886\u571f\u795e\u5723\u4e0d\u53ef\u5206\u5272\u7684\u4e00\u90e8\u5206\uff0c\u6218\u533a\u90e8\u961f\u7ec4\u7ec7\u7684\u5de1\u903b\u548c\u8bad\u7ec3\u6d3b\u52a8\u662f\u9488\u5bf9\u5f53\u524d\u53f0\u6d77\u5b89\u5168\u5f62\u52bf\u548c\u7ef4\u62a4\u56fd\u5bb6\u4e3b\u6743\u9700\u8981\u91c7\u53d6\u7684\u5fc5\u8981\u884c\u52a8\u201d\u3002", "events": [], "arguments": {"time": [], "loc": [], "country": [{"text": "\u53f0\u6e7e", "offset": 51, "length": 2}, {"text": "\u4e2d\u56fd", "offset": 54, "length": 2}], "weapon": []}}, {"sentence": "\u5bf9\u4e8e\u7f8e\u519b\u8230\u673a\u7684\u62b5\u8fd1\u4fa6\u5bdf\u884c\u4e3a\uff0c\u5927\u9646\u56fd\u9632\u90e8\u65b0\u95fb\u53d1\u8a00\u4eba\u5434\u8c26\u5927\u6821\u66fe\u8868\u793a\uff0c\u5f53\u524d\uff0c\u5728\u5730\u533a\u56fd\u5bb6\u7684\u5171\u540c\u52aa\u529b\u4e0b\uff0c\u4e1c\u6d77\u3001\u5357\u6d77\u7684\u5c40\u52bf\u603b\u4f53\u662f\u7a33\u5b9a\u7684\u3002", "events": [], "arguments": {"time": [], "loc": [], "country": [{"text": "\u7f8e", "offset": 2, "length": 1}], "weapon": [{"text": "\u8230\u673a", "offset": 4, "length": 2}]}}, {"sentence": "\u8fd9\u5145\u5206\u8bf4\u660e\u57df\u5185\u56fd\u5bb6\u6709\u667a\u6167\u3001\u6709\u80fd\u529b\u3001\u6709\u529e\u6cd5\u901a\u8fc7\u76f4\u63a5\u8c08\u5224\u534f\u5546\uff0c\u59a5\u5904\u5206\u6b67\uff0c\u5171\u62a4\u548c\u5e73\u3002", "events": [], "arguments": {"time": [], "loc": [], "country": [], "weapon": []}}, {"sentence": "\u53cd\u89c2\u4f5c\u4e3a\u57df\u5916\u56fd\u5bb6\u7684\u7f8e\u56fd\uff0c\u6253\u7740\u6240\u8c13\u201c\u822a\u884c\u81ea\u7531\u201d\u7684\u5e4c\u5b50\uff0c\u6d3e\u519b\u7528\u8230\u673a\u6765\u4e1c\u6d77\u3001\u5357\u6d77\u6311\u8845\uff0c\u5bf9\u4e2d\u65b9\u5b9e\u65bd\u9ad8\u9891\u5ea6\u62b5\u8fd1\u4fa6\u5bdf\uff0c\u4e3e\u884c\u9488\u5bf9\u6027\u6781\u5f3a\u7684\u519b\u4e8b\u6f14\u4e60\uff0c\u4e25\u91cd\u5371\u5bb3\u5730\u533a\u56fd\u5bb6\u7684\u4e3b\u6743\u4e0e\u5b89\u5168\u5229\u76ca\uff0c\u4e25\u91cd\u7834\u574f\u672c\u5730\u533a\u7684\u548c\u5e73\u7a33\u5b9a\u3002", "events": [], "arguments": {"time": [], "loc": [], "country": [{"text": "\u7f8e\u56fd", "offset": 9, "length": 2}, {"text": "\u4e2d\u65b9", "offset": 41, "length": 2}], "weapon": []}}, {"sentence": "\u5bf9\u4e8e\u7f8e\u519b\u8230\u673a\u7684\u62b5\u8fd1\u4fa6\u5bdf\u884c\u4e3a\uff0c\u4e2d\u56fd\u519b\u4e8b\u4e13\u5bb6\u5b8b\u5fe0\u5e737\u67088\u65e5\u5728\u63a5\u53d7\u300a\u73af\u7403\u65f6\u62a5\u300b\u91c7\u8bbf\u65f6\u8868\u793a\uff0c\u89e3\u653e\u519b\u53ef\u4ee5\u91c7\u53d6\u62b5\u8fd1\u62e6\u622a\u7684\u65b9\u5f0f\uff0c\u5bf9\u62b5\u8fd1\u4fa6\u5bdf\u7684\u7f8e\u519b\u673a\u8fdb\u884c\u5e72\u6270\uff0c\u8ba9\u5bf9\u65b9\u65e0\u6cd5\u4e13\u5fc3\u5de5\u4f5c\u3002", "events": [], "arguments": {"time": [], "loc": [], "country": [{"text": "\u4e2d\u56fd", "offset": 14, "length": 2}], "weapon": []}}, {"sentence": "\u53e6\u4e00\u65b9\u9762\uff0c\u5f53\u5bf9\u65b9\u4fa6\u5bdf\u673a\u63a5\u8fd1\u6211\u56fd\u76f8\u5173\u7a7a\u57df\u65f6\uff0c\u89e3\u653e\u519b\u4e5f\u53ef\u4ee5\u6682\u505c\u4e00\u4e9b\u519b\u4e8b\u6d3b\u52a8\uff0c\u964d\u4f4e\u7535\u78c1\u9891\u8c31\u4fe1\u53f7\u88ab\u622a\u83b7\u7684\u6982\u7387\u3002", "events": [], "arguments": {"time": [], "loc": [], "country": [], "weapon": [{"text": "\u4fa6\u5bdf\u673a", "offset": 8, "length": 3}]}}]