[{"sentence": "\u7f8e\u79f0\u4f0a\u6717\u51fa\u52a8\u8230\u673a\u5728\u970d\u5c14\u6728\u5179\u6d77\u5ce1\u6263\u62bc\u6cb9\u8f6e\u00a0\u8fd8\u6d3e\u7279\u79cd\u90e8\u961f\u767b\u8239", "events": [], "arguments": {"time": [], "loc": [], "country": [{"text": "\u7f8e", "offset": 0, "length": 1}, {"text": "\u4f0a\u6717", "offset": 2, "length": 2}], "weapon": [{"text": "\u6cb9\u8f6e", "offset": 17, "length": 2}]}}, {"sentence": "\u3010\u73af\u7403\u7f51\u62a5\u9053 \u8bb0\u8005 \u5f90\u7490\u660e\u3011", "events": [], "arguments": {"time": [], "loc": [], "country": [], "weapon": []}}, {"sentence": "\u636e\u7f8e\u8054\u793e8\u670813\u65e5\u62a5\u9053\uff0c\u4e00\u540d\u7f8e\u56fd\u519b\u65b9\u5b98\u5458\u5f53\u5929\u8868\u793a\uff0c\u4f0a\u6717\u6d77\u519b\u5728\u970d\u5c14\u6728\u5179\u6d77\u5ce1\u9644\u8fd1\u767b\u4e0a\u5e76\u77ed\u6682\u6263\u62bc\u4e86\u4e00\u8258\u60ac\u6302\u5229\u6bd4\u91cc\u4e9a\u56fd\u65d7\u7684\u6cb9\u8f6e\uff0c\u8fd9\u52a0\u5267\u4e86\u4f0a\u6717\u548c\u7f8e\u56fd\u4e4b\u95f4\u7684\u7d27\u5f20\u5173\u7cfb\u3002", "events": [], "arguments": {"time": [], "loc": [], "country": [{"text": "\u7f8e\u56fd", "offset": 14, "length": 2}, {"text": "\u4f0a\u6717", "offset": 25, "length": 2}, {"text": "\u5229\u6bd4\u91cc\u4e9a", "offset": 50, "length": 4}, {"text": "\u4f0a\u6717", "offset": 64, "length": 2}, {"text": "\u7f8e\u56fd", "offset": 67, "length": 2}], "weapon": [{"text": "\u6cb9\u8f6e", "offset": 57, "length": 2}]}}, {"sentence": "\u62a5\u9053\u79f0\uff0c\u7f8e\u56fd\u4e2d\u592e\u53f8\u4ee4\u90e8\u516c\u5e03\u4e86\u4e00\u6bb5\u9ed1\u767d\u753b\u9762\u7684\u89c6\u9891\uff0c\u663e\u793a\u7591\u4f3c\u7279\u79cd\u90e8\u961f\u7684\u4eba\u5458\u4ece\u4e00\u67b6\u76f4\u5347\u673a\u4e0a\u5feb\u901f\u964d\u843d\u81f3\u201c\u7ef4\u62c9\u201d\u53f7\u6cb9\u8f6e\u4e0a\uff0c\u8fd9\u8258\u6cb9\u8f6e\u7684\u6700\u540e\u5b9a\u4f4d\u4f3c\u4e4e\u662f\u5728\u963f\u8054\u914b\u4e1c\u90e8\u6cbf\u6d77\u9760\u8fd1\u970d\u6cd5\u574e\u5e02\u7684\u5730\u65b9\u3002", "events": [], "arguments": {"time": [], "loc": [], "country": [{"text": "\u7f8e\u56fd", "offset": 4, "length": 2}, {"text": "\u963f\u8054\u914b", "offset": 69, "length": 3}], "weapon": [{"text": "\u76f4\u5347\u673a", "offset": 38, "length": 3}, {"text": "\u201c\u7ef4\u62c9\u201d\u53f7\u6cb9\u8f6e", "offset": 47, "length": 7}]}}, {"sentence": "\u4e00\u4f4d\u4e0d\u613f\u900f\u9732\u59d3\u540d\u7684\u7f8e\u56fd\u519b\u65b9\u5b98\u5458\u5bf9\u7f8e\u8054\u793e\u8868\u793a\uff0c\u4f0a\u6717\u6d77\u519b\u5728\u672c\u5468\u4e09\u5bf9\u8fd9\u8258\u8239\u8fdb\u884c\u4e86\u5927\u7ea65\u4e2a\u5c0f\u65f6\u7684\u6263\u62bc\u3002", "events": [], "arguments": {"time": [], "loc": [], "country": [{"text": "\u7f8e\u56fd", "offset": 9, "length": 2}, {"text": "\u4f0a\u6717", "offset": 22, "length": 2}], "weapon": []}}, {"sentence": "\u8fd9\u540d\u5b98\u5458\u8fd8\u8bf4\uff0c\u8be5\u6cb9\u8f6e\u5728\u88ab\u4f0a\u6717\u6263\u62bc\u4e4b\u524d\u3001\u671f\u95f4\u548c\u4e4b\u540e\uff0c\u90fd\u6ca1\u6709\u53d1\u51fa\u6c42\u6551\u4fe1\u53f7\u3002", "events": [], "arguments": {"time": [], "loc": [], "country": [{"text": "\u4f0a\u6717", "offset": 12, "length": 2}], "weapon": [{"text": "\u6cb9\u8f6e", "offset": 8, "length": 2}]}}, {"sentence": "\u62a5\u9053\u79f0\uff0c\u53c2\u4e0e\u6b64\u6b21\u884c\u52a8\u662f\u4e00\u67b6\u4f0a\u6717\u6d77\u519b\u88c5\u5907\u7684SH-3\u201c\u6d77\u738b\u201d\u76f4\u5347\u673a\u3002", "events": [], "arguments": {"time": [], "loc": [], "country": [{"text": "\u4f0a\u6717", "offset": 13, "length": 2}], "weapon": [{"text": "SH-3\u201c\u6d77\u738b\u201d\u76f4\u5347\u673a", "offset": 20, "length": 11}]}}, {"sentence": "\u4f0a\u6717\u6d77\u519b\u8d1f\u8d23\u7ba1\u8f96\u970d\u5c14\u6728\u5179\u6d77\u5ce1\u4e1c\u4fa7\u7684\u6240\u6709\u822a\u884c\u6d3b\u52a8\uff0c\u5168\u740320%\u7684\u77f3\u6cb9\u8d38\u6613\u90fd\u8981\u7ecf\u8fc7\u8fd9\u91cc\u3002", "events": [], "arguments": {"time": [], "loc": [], "country": [{"text": "\u4f0a\u6717", "offset": 0, "length": 2}], "weapon": []}}, {"sentence": "\u7f8e\u56fd\u4e2d\u592e\u53f8\u4ee4\u90e8\u8868\u793a\uff0c\u53e6\u5916\u4e24\u8258\u4f0a\u6717\u6d77\u519b\u7684\u8230\u8247\u4e5f\u53c2\u4e0e\u4e86\u6b64\u6b21\u6263\u62bc\u884c\u52a8\u3002", "events": [], "arguments": {"time": [], "loc": [], "country": [{"text": "\u7f8e\u56fd", "offset": 0, "length": 2}, {"text": "\u4f0a\u6717", "offset": 14, "length": 2}], "weapon": [{"text": "\u8230\u8247", "offset": 19, "length": 2}]}}, {"sentence": "\u7f8e\u56fd\u519b\u65b9\u5b98\u5458\u6ca1\u6709\u8bf4\u660e\u4f0a\u6717\u6263\u62bc\u8be5\u8239\u7684\u539f\u56e0\uff0c\u4f0a\u6717\u5a92\u4f53\u548c\u5b98\u65b9\u4e5f\u6ca1\u6709\u7acb\u5373\u627f\u8ba4\u6b64\u6b21\u6263\u62bc\u4e8b\u4ef6\uff0c\u4e5f\u6ca1\u6709\u89e3\u91ca\u6263\u62bc\u539f\u56e0\u3002", "events": [], "arguments": {"time": [], "loc": [], "country": [{"text": "\u7f8e\u56fd", "offset": 0, "length": 2}, {"text": "\u4f0a\u6717", "offset": 10, "length": 2}, {"text": "\u4f0a\u6717", "offset": 20, "length": 2}], "weapon": []}}, {"sentence": "\u6839\u636e\u8bb0\u5f55\uff0c\u201c\u7ef4\u62c9\u201d\u53f7\u6ce8\u518c\u4fe1\u606f\u4e0a\u663e\u793a\u7684\u6240\u6709\u8005\u662f\u4e00\u5bb6\u540d\u4e3aBandit Shipping Co.\u7684\u5229\u6bd4\u91cc\u4e9a\u516c\u53f8\uff0c\u7531\u5e0c\u814aIMS SA\u516c\u53f8\u4ee3\u4e3a\u7ba1\u7406\uff0c\u4f46\u7f8e\u8054\u793e\u8bb0\u8005\u672a\u80fd\u8054\u7cfb\u4e0a\u8fd9\u4e24\u5bb6\u516c\u53f8\u3002", "events": [], "arguments": {"time": [], "loc": [], "country": [{"text": "\u5229\u6bd4\u91cc\u4e9a", "offset": 46, "length": 4}, {"text": "\u5e0c\u814a", "offset": 54, "length": 2}], "weapon": [{"text": "\u201c\u7ef4\u62c9\u201d\u53f7", "offset": 5, "length": 5}]}}, {"sentence": "\u6839\u636e\u822a\u884c\u8bb0\u5f55\u65b9\u7684\u6570\u636e\uff0c\u201c\u7ef4\u62c9\u201d\u53f7\u4e8e7\u6708\u521d\u5728\u4f0a\u62c9\u514b\u7956\u62dc\u5c14\u6e2f\u9644\u8fd1\u822a\u884c\uff0c\u4e4b\u540e\u53c8\u524d\u5f80\u8fea\u62dc\u9644\u8fd1\u7684\u970d\u6cd5\u574e\u5e02\uff0c\u5728\u90a3\u91cc\u5f85\u4e86\u4e00\u4e2a\u591a\u6708\uff0c\u76ee\u524d\u8fd8\u4e0d\u6e05\u695a\u8be5\u8239\u642d\u8f7d\u4e86\u4ec0\u4e48\u8d27\u7269\u3002", "events": [], "arguments": {"time": [], "loc": [], "country": [{"text": "\u4f0a\u62c9\u514b", "offset": 21, "length": 3}, {"text": "\u8fea\u62dc", "offset": 38, "length": 2}], "weapon": [{"text": "\u201c\u7ef4\u62c9\u201d\u53f7", "offset": 11, "length": 5}]}}, {"sentence": "\u62a5\u9053\u79f0\uff0c\u7531\u4e8e\u7f8e\u56fd\u5728\u53bb\u5e74\u5355\u65b9\u9762\u5ba3\u5e03\u9000\u51fa\u4f0a\u6838\u534f\u8bae\uff0c\u5bfc\u81f4\u4f0a\u6717\u548c\u7f8e\u56fd\u4e4b\u95f4\u7684\u7d27\u5f20\u5173\u7cfb\u52a0\u5267\uff0c\u6765\u5f80\u4e8e\u4e2d\u4e1c\u6c34\u57df\u7684\u6cb9\u8f6e\u6210\u4e3a\u4e86\u76ee\u6807\uff0c\u5c24\u5176\u662f\u5728\u9760\u8fd1\u6ce2\u65af\u6e7e\u7684\u970d\u5c14\u6728\u5179\u6d77\u5ce1\u3002", "events": [], "arguments": {"time": [], "loc": [], "country": [{"text": "\u7f8e\u56fd", "offset": 6, "length": 2}, {"text": "\u4f0a\u6717", "offset": 25, "length": 2}, {"text": "\u7f8e\u56fd", "offset": 28, "length": 2}], "weapon": []}}, {"sentence": "\u7f8e\u56fd\u66fe\u6307\u8d23\u4f0a\u6717\u5bf9\u591a\u8258\u6cb9\u8f6e\u53d1\u52a8\u4e86\u6c34\u96f7\u88ad\u51fb\uff0c\u7136\u800c\u5374\u906d\u5230\u4e86\u4f0a\u6717\u65b9\u9762\u7684\u5426\u8ba4\u3002", "events": [], "arguments": {"time": [], "loc": [], "country": [{"text": "\u7f8e\u56fd", "offset": 0, "length": 2}, {"text": "\u4f0a\u6717", "offset": 5, "length": 2}, {"text": "\u4f0a\u6717", "offset": 26, "length": 2}], "weapon": [{"text": "\u6cb9\u8f6e", "offset": 10, "length": 2}]}}, {"sentence": "\u4eca\u5e747\u6708\uff0c\u7f8e\u56fd\u7684\u4e00\u4efd\u62a5\u544a\u8bf4\u4e00\u8258\u6cb9\u8f6e\u5728\u963f\u8054\u914b\u6d77\u5cb8\u9644\u8fd1\u88ab\u201c\u52ab\u6301\u201d\uff0c\u539f\u56e0\u8be5\u6cb9\u8f6e\u6d89\u5acc\u8d70\u79c1\u4f0a\u6717\u539f\u6cb9\u3002", "events": [], "arguments": {"time": [], "loc": [], "country": [{"text": "\u7f8e\u56fd", "offset": 5, "length": 2}, {"text": "\u963f\u8054\u914b", "offset": 18, "length": 3}, {"text": "\u4f0a\u6717", "offset": 40, "length": 2}], "weapon": []}}, {"sentence": "\u8fd9\u8258\u6cb9\u8f6e\u540e\u6765\u8fdb\u5165\u4e86\u4f0a\u6717\u6c34\u57df\uff0c\u8bf4\u660e\u662f\u4f0a\u6717\u6263\u62bc\u4e86\u8fd9\u8258\u8239\u3002", "events": [], "arguments": {"time": [], "loc": [], "country": [{"text": "\u4f0a\u6717", "offset": 9, "length": 2}, {"text": "\u4f0a\u6717", "offset": 17, "length": 2}], "weapon": []}}]