[{"sentence": "\u7f8e\u519b\u51cc\u6668\u7a81\u7136\u8bd5\u5c04\u4e00\u679a\u6c11\u51753\u6d32\u9645\u5bfc\u5f39\u00a0\u4ece\u897f\u6d77\u5cb8\u76f4\u5954\u592a\u5e73\u6d0b\u4e2d\u90e8\u98de\u53bb", "events": [], "arguments": {"time": [], "loc": [], "country": [{"text": "\u7f8e", "offset": 0, "length": 1}], "weapon": [{"text": "\u6c11\u51753\u6d32\u9645\u5bfc\u5f39", "offset": 10, "length": 7}]}}, {"sentence": "\u3010\u73af\u7403\u7f51\u62a5\u9053 \u8bb0\u8005 \u5f90\u7490\u660e\u3011", "events": [], "arguments": {"time": [], "loc": [], "country": [], "weapon": []}}, {"sentence": "\u7f8e\u56fd\u7a7a\u519b\u4e8e8\u67084\u65e5\u6210\u529f\u8fdb\u884c\u4e86\u4e00\u6b21\u201c\u6c11\u5175\u201d3\u578b\u6d32\u9645\u5f39\u9053\u5bfc\u5f39\u7684\u8bd5\u5c04\u3002", "events": [], "arguments": {"time": [], "loc": [], "country": [{"text": "\u7f8e\u56fd", "offset": 0, "length": 2}], "weapon": [{"text": "\u201c\u6c11\u5175\u201d3\u578b\u6d32\u9645\u5f39\u9053\u5bfc\u5f39", "offset": 16, "length": 12}]}}, {"sentence": "\u636e\u7f8e\u56fd\u7a7a\u519b\u5168\u7403\u6253\u51fb\u53f8\u4ee4\u90e88\u67084\u65e5\u5728\u5176\u5b98\u7f51\u4e0a\u53d1\u5e03\u7684\u6d88\u606f\uff0c\u5f53\u5929\u51cc\u666812\u70b921\u5206\uff0c\u7f8e\u56fd\u7a7a\u519b\u5168\u7403\u6253\u51fb\u53f8\u4ee4\u90e8\u5728\u52a0\u5229\u798f\u5c3c\u4e9a\u5dde\u8303\u767b\u5821\u7a7a\u519b\u57fa\u5730\u53d1\u5c04\u4e86\u4e00\u679a\u672a\u5b89\u88c5\u5f39\u5934\u7684\u201c\u6c11\u5175\u201d3\u578b\u6d32\u9645\u5f39\u9053\u5bfc\u5f39\u3002", "events": [], "arguments": {"time": [], "loc": [], "country": [{"text": "\u7f8e\u56fd", "offset": 1, "length": 2}, {"text": "\u7f8e\u56fd", "offset": 38, "length": 2}], "weapon": [{"text": "\u201c\u6c11\u5175\u201d3\u578b\u6d32\u9645\u5f39\u9053\u5bfc\u5f39", "offset": 74, "length": 12}]}}, {"sentence": "\u7f8e\u56fd\u7a7a\u519b\u5168\u7403\u6253\u51fb\u53f8\u4ee4\u90e8\u79f0\uff0c\u6b64\u6b21\u53d1\u5c04\u8bc1\u660e\u4e86\u7f8e\u56fd\u7684\u6838\u6b66\u5668\u6253\u51fb\u7cfb\u7edf\u662f\u5b89\u5168\u3001\u53ef\u9760\u3001\u6709\u6548\u7684\uff0c\u5e76\u968f\u65f6\u51c6\u5907\u597d\u4fdd\u536b\u7f8e\u56fd\u53ca\u5176\u76df\u53cb\uff0c\u6d32\u9645\u5f39\u9053\u5bfc\u5f39\u4e3a\u7f8e\u56fd\u53ca\u5176\u76df\u53cb\u63d0\u4f9b\u4e86\u5fc5\u8981\u7684\u5a01\u6151\u80fd\u529b\u3002", "events": [], "arguments": {"time": [], "loc": [], "country": [{"text": "\u7f8e\u56fd", "offset": 0, "length": 2}, {"text": "\u7f8e\u56fd", "offset": 20, "length": 2}, {"text": "\u7f8e\u56fd", "offset": 49, "length": 2}, {"text": "\u7f8e\u56fd", "offset": 63, "length": 2}], "weapon": [{"text": "\u6d32\u9645\u5f39\u9053\u5bfc\u5f39", "offset": 56, "length": 6}]}}, {"sentence": "\u7f8e\u519b\u5728\u6d88\u606f\u4e2d\u79f0\uff0c\u8fd9\u679a\u201c\u6c11\u5175\u201d3\u6d32\u9645\u5bfc\u5f39\u76843\u4e2a\u518d\u5165\u98de\u884c\u5668\u98de\u884c\u4e86\u5927\u7ea64200\u82f1\u91cc\uff08\u7ea66759\u516c\u91cc\uff09\u540e\u62b5\u8fbe\u4e86\u9a6c\u7ecd\u5c14\u7fa4\u5c9b\u7684\u5938\u8d3e\u6797\u73af\u7901\u3002", "events": [], "arguments": {"time": [], "loc": [], "country": [{"text": "\u7f8e", "offset": 0, "length": 1}], "weapon": [{"text": "\u201c\u6c11\u5175\u201d3\u6d32\u9645\u5bfc\u5f39", "offset": 10, "length": 9}]}}, {"sentence": "\u8fd9\u6b21\u8bd5\u5c04\u9a8c\u8bc1\u4e86\u7f8e\u519b\u6d32\u9645\u5f39\u9053\u5bfc\u5f39\u6b66\u5668\u7cfb\u7edf\u7684\u51c6\u786e\u6027\u548c\u53ef\u9760\u6027\uff0c\u4e3a\u786e\u4fdd\u6301\u7eed\u5b89\u5168\u3001\u53ef\u9760\u6709\u6548\u7684\u6838\u5a01\u6151\u63d0\u4f9b\u4e86\u6709\u4ef7\u503c\u7684\u6570\u636e\u3002", "events": [], "arguments": {"time": [], "loc": [], "country": [{"text": "\u7f8e", "offset": 7, "length": 1}], "weapon": [{"text": "\u6d32\u9645\u5f39\u9053\u5bfc\u5f39", "offset": 9, "length": 6}]}}, {"sentence": "\u7f8e\u56fd\u7a7a\u519b\u5168\u7403\u6253\u51fb\u53f8\u4ee4\u90e8\u8fd8\u5728\u6d88\u606f\u4e2d\u5f3a\u8c03\uff0c\u53d1\u5c04\u65e5\u7a0b\u8868\u662f\u63d0\u524d3\u52305\u5e74\u5236\u5b9a\u7684\uff0c\u6bcf\u6b21\u5355\u72ec\u7684\u53d1\u5c04\u8ba1\u5212\u662f\u5728\u53d1\u5c04\u524d\u7684\u516d\u4e2a\u6708\u5230\u4e00\u5e74\u65f6\u95f4\u5185\u5f00\u59cb\u51c6\u5907\uff0c\u8fd9\u6b21\u53d1\u5c04\u4e0e\u5f53\u524d\u4e16\u754c\u53d1\u751f\u7684\u4efb\u4f55\u4e8b\u4ef6\u90fd\u65e0\u5173\u3002", "events": [], "arguments": {"time": [], "loc": [], "country": [{"text": "\u7f8e\u56fd", "offset": 0, "length": 2}], "weapon": []}}, {"sentence": "\u6309\u7167\u7f8e\u56fd\u7a7a\u519b\u5168\u7403\u6253\u51fb\u53f8\u4ee4\u90e8\u7684\u5b89\u6392\u90e8\u7f72\uff0c\u201c\u6c11\u5175-3\u201d\u6d32\u9645\u5f39\u9053\u5bfc\u5f39\u8981\u5b9a\u671f\u8fdb\u884c\u62bd\u68c0\u8bd5\u5c04\uff0c\u4e00\u822c\u60c5\u51b5\u4e0b\u6bcf\u5e74\u4f1a\u8fdb\u884c5\u6b21\u5de6\u53f3\u7684\u53d1\u5c04\u6d4b\u8bd5\u3002", "events": [], "arguments": {"time": [], "loc": [], "country": [{"text": "\u7f8e\u56fd", "offset": 2, "length": 2}], "weapon": [{"text": "\u201c\u6c11\u5175-3\u201d\u6d32\u9645\u5f39\u9053\u5bfc\u5f39", "offset": 19, "length": 12}]}}, {"sentence": "\u57282018\u5e747\u6708\u7684\u8bd5\u5c04\u4e2d\uff0c\u4e00\u679a\u201c\u6c11\u5175-3\u201d\u5bfc\u5f39\u5728\u592a\u5e73\u6d0b\u4e0a\u7a7a\u53d1\u751f\u6545\u969c\u5760\u6bc1\uff0c\u8fd9\u662f\u8be5\u578b\u5bfc\u5f39\u6700\u8fd1\u4e00\u6b21\u8bd5\u5c04\u5931\u8d25\u8bb0\u5f55\u3002", "events": [], "arguments": {"time": [], "loc": [], "country": [], "weapon": [{"text": "\u201c\u6c11\u5175-3\u201d\u5bfc\u5f39", "offset": 15, "length": 8}]}}, {"sentence": "\u201c\u6c11\u5175\u201d\u7cfb\u5217\u9646\u57fa\u6d32\u9645\u5f39\u9053\u5bfc\u5f39\u6700\u521d\u7528\u4e8e\u5728\u51b7\u6218\u65f6\u671f\u5bf9\u82cf\u8054\u5b9e\u65bd\u6838\u904f\u5236\u3002", "events": [], "arguments": {"time": [], "loc": [], "country": [{"text": "\u82cf\u8054", "offset": 24, "length": 2}], "weapon": [{"text": "\u201c\u6c11\u5175\u201d\u7cfb\u5217\u9646\u57fa\u6d32\u9645\u5f39\u9053\u5bfc\u5f39", "offset": 0, "length": 14}]}}, {"sentence": "\u76ee\u524d\u201c\u6c11\u51753\u201d\u578b\u662f\u7f8e\u56fd\u5217\u88c5\u7684\u552f\u4e00\u9646\u57fa\u6d32\u9645\u5f39\u9053\u5bfc\u5f39\u3002", "events": [], "arguments": {"time": [], "loc": [], "country": [{"text": "\u7f8e\u56fd", "offset": 9, "length": 2}], "weapon": [{"text": "\u201c\u6c11\u51753\u201d\u578b", "offset": 2, "length": 6}, {"text": "\u9646\u57fa\u6d32\u9645\u5f39\u9053\u5bfc\u5f39", "offset": 16, "length": 8}]}}, {"sentence": "\u636e\u6700\u65b0\u7684\u516c\u5f00\u6570\u636e\uff0c\u7f8e\u56fd\u603b\u5171\u62e5\u6709450\u679a\u201c\u6c11\u5175-3\u201d\u578b\u5bfc\u5f39\uff0c\u5c06\u81f3\u5c11\u5217\u88c5\u81f32020\u5e74\u3002", "events": [], "arguments": {"time": [], "loc": [], "country": [{"text": "\u7f8e\u56fd", "offset": 9, "length": 2}], "weapon": [{"text": "\u201c\u6c11\u5175-3\u201d\u578b\u5bfc\u5f39", "offset": 19, "length": 9}]}}, {"sentence": "\u201c\u6c11\u5175-3\u201d\u578b\u6d32\u9645\u5f39\u9053\u5bfc\u5f39\u81ea1970\u5e74\u8d77\u5217\u88c5\u7f8e\u519b\uff0c\u8be5\u5bfc\u5f39\u80fd\u591f\u51fb\u6bc1\u534a\u5f841.2\u4e07\u5343\u7c73\u5185\u7684\u76ee\u6807\u3002", "events": [], "arguments": {"time": [], "loc": [], "country": [{"text": "\u7f8e", "offset": 22, "length": 1}], "weapon": [{"text": "\u201c\u6c11\u5175-3\u201d\u578b\u6d32\u9645\u5f39\u9053\u5bfc\u5f39", "offset": 0, "length": 13}]}}]