[{"sentence": "\u82cf\u8054\u9020\u4e16\u754c\u6700\u5927\u8fd0\u8f93\u673a\u964d\u843d\u4e2d\u4e1c\u00a0\u8231\u95e8\u4e00\u5f00\u9a76\u51fa\u7f8e\u56fd\u519b\u8f66", "events": [], "arguments": {"time": [], "loc": [], "country": [{"text": "\u82cf\u8054", "offset": 0, "length": 2}, {"text": "\u7f8e\u56fd", "offset": 21, "length": 2}], "weapon": [{"text": "\u8fd0\u8f93\u673a", "offset": 7, "length": 3}, {"text": "\u519b\u8f66", "offset": 23, "length": 2}]}}, {"sentence": "\u3010\u73af\u7403\u7f51\u62a5\u9053 \u8bb0\u8005 \u5f90\u7490\u660e\u3011", "events": [], "arguments": {"time": [], "loc": [], "country": [], "weapon": []}}, {"sentence": "\u636e\u201c\u9632\u52a1\u535a\u5ba2\u201d\u7f51\u7ad98\u67084\u65e5\u62a5\u9053\uff0c\u4e16\u754c\u6700\u5927\u98de\u673a\u5b89-225\u5f53\u5929\u964d\u843d\u5728\u4e86\u4ee5\u8272\u5217\u672c\u53e4\u91cc\u5b89\u673a\u573a\uff0c\u5411\u4ee5\u8272\u5217\u8fd0\u9001\u4e86\u4e00\u6279\u7f8e\u56fd\u5965\u65bd\u79d1\u65bd\u9632\u52a1\u516c\u53f8\u751f\u4ea7\u7684\u91cd\u578b\u5361\u8f66\u3002", "events": [], "arguments": {"time": [], "loc": [], "country": [{"text": "\u4ee5\u8272\u5217", "offset": 33, "length": 3}, {"text": "\u4ee5\u8272\u5217", "offset": 44, "length": 3}, {"text": "\u7f8e\u56fd", "offset": 52, "length": 2}], "weapon": [{"text": "\u5b89-225", "offset": 22, "length": 5}]}}, {"sentence": "\u62a5\u9053\u79f0\uff0c\u73b0\u573a\u753b\u9762\u663e\u793a\u4e00\u8f86\u5965\u65bd\u79d1\u65bd\u5361\u8f66\u4ece\u5b89-225\u8fd0\u8f93\u673a\u673a\u8231\u4e2d\u9a76\u51fa\uff0c\u7f8e\u4ee5\u65b9\u9762\u5e76\u672a\u62ab\u9732\u8fd0\u9001\u5230\u4ee5\u8272\u5217\u7684\u7f8e\u5236\u91cd\u578b\u5361\u8f66\u7684\u6570\u91cf\uff0c\u8fd9\u4e9b\u5361\u8f66\u5c06\u88c5\u4e0a\u4ee5\u8272\u5217\u7814\u5236\u7684\u201c\u94c1\u7a79\u201d\u5bfc\u5f39\u9632\u5fa1\u7cfb\u7edf\u3002", "events": [], "arguments": {"time": [], "loc": [], "country": [{"text": "\u4ee5\u8272\u5217", "offset": 44, "length": 3}, {"text": "\u4ee5\u8272\u5217", "offset": 65, "length": 3}], "weapon": [{"text": "\u5b89-225\u8fd0\u8f93\u673a", "offset": 19, "length": 8}, {"text": "\u201c\u94c1\u7a79\u201d\u5bfc\u5f39\u9632\u5fa1\u7cfb\u7edf", "offset": 71, "length": 10}]}}, {"sentence": "\u636e\u300a\u9632\u52a1\u65b0\u95fb\u300b\u7f51\u7ad98\u67083\u65e5\u62a5\u9053\uff0c\u7f8e\u56fd\u96f7\u795e\u516c\u53f8\u548c\u4ee5\u8272\u5217\u62c9\u6590\u5c14\u516c\u53f8\u5f53\u5929\u5ba3\u5e03\u6210\u7acb\u5408\u8d44\u516c\u53f8\uff0c\u5728\u7f8e\u56fd\u5efa\u8bbe\u201c\u94c1\u7a79\u201d\u5bfc\u5f39\u9632\u5fa1\u7cfb\u7edf\u3002", "events": [], "arguments": {"time": [], "loc": [], "country": [{"text": "\u7f8e\u56fd", "offset": 16, "length": 2}, {"text": "\u4ee5\u8272\u5217", "offset": 23, "length": 3}, {"text": "\u7f8e\u56fd", "offset": 43, "length": 2}], "weapon": [{"text": "\u201c\u94c1\u7a79\u201d\u5bfc\u5f39\u9632\u5fa1\u7cfb\u7edf", "offset": 47, "length": 10}]}}, {"sentence": "\u7f8e\u56fd\u9646\u519b\u8ba1\u5212\u5728\u4eca\u5e74\u5e74\u5e95\u90e8\u7f72\u201c\u94c1\u7a79\u201d\u7cfb\u7edf\uff0c\u5728\u90e8\u7f72\u524d\u5c06\u5bf9\u64cd\u4f5c\u5458\u8fdb\u884c\u8bad\u7ec3\u3002", "events": [], "arguments": {"time": [], "loc": [], "country": [{"text": "\u7f8e\u56fd", "offset": 0, "length": 2}], "weapon": [{"text": "\u201c\u94c1\u7a79\u201d\u7cfb\u7edf", "offset": 13, "length": 6}]}}, {"sentence": "\u9996\u6279\u4e24\u5957\u4ee5\u8272\u5217\u5236\u9020\u7684\u201c\u94c1\u7a79\u201d\u7cfb\u7edf\u5c06\u4e8e\u4eca\u5e7412\u6708\u548c\u660e\u5e742\u6708\u4ea4\u4ed8\u7ed9\u7f8e\u56fd\u9646\u519b\u3002", "events": [], "arguments": {"time": [], "loc": [], "country": [{"text": "\u4ee5\u8272\u5217", "offset": 4, "length": 3}, {"text": "\u7f8e\u56fd", "offset": 31, "length": 2}], "weapon": [{"text": "\u201c\u94c1\u7a79\u201d\u7cfb\u7edf", "offset": 10, "length": 6}]}}, {"sentence": "\u201c\u94c1\u7a79\u201d\u7cfb\u7edf\u662f\u4e00\u79cd\u7ecf\u8fc7\u5b9e\u6218\u68c0\u9a8c\u7684\u9ad8\u7cbe\u5ea6\u62e6\u622a\u6b66\u5668\uff0c\u591a\u5e74\u4ee5\u6765\u8be5\u6b66\u5668\u4fdd\u536b\u7740\u4ee5\u8272\u5217\u514d\u906d\u706b\u7bad\u5f39\u88ad\u51fb\u3002", "events": [], "arguments": {"time": [], "loc": [], "country": [{"text": "\u4ee5\u8272\u5217", "offset": 34, "length": 3}], "weapon": [{"text": "\u201c\u94c1\u7a79\u201d\u7cfb\u7edf", "offset": 0, "length": 6}, {"text": "\u7cbe\u5ea6\u62e6\u622a\u6b66\u5668", "offset": 0, "length": 6}, {"text": "\u706b\u7bad\u5f39", "offset": 39, "length": 3}]}}, {"sentence": "\u6574\u4e2a\u201c\u94c1\u7a79\u201d\u7cfb\u7edf\u7531\u53d1\u5c04\u3001\u96f7\u8fbe\u3001\u64cd\u63a7\u548c\u76d1\u6d4b\u7b49\u88c5\u7f6e\u7ec4\u6210\uff0c\u53ef\u81ea\u52a8\u63a2\u6d4b\u6765\u88ad\u706b\u7bad\u5f39\u5e76\u53d1\u5c04\u5bfc\u5f39\u5728\u7a7a\u4e2d\u8fdb\u884c\u62e6\u622a\u3002", "events": [], "arguments": {"time": [], "loc": [], "country": [], "weapon": [{"text": "\u201c\u94c1\u7a79\u201d\u7cfb\u7edf", "offset": 2, "length": 6}, {"text": "\u96f7\u8fbe", "offset": 12, "length": 2}, {"text": "\u706b\u7bad\u5f39", "offset": 33, "length": 3}, {"text": "\u5bfc\u5f39", "offset": 39, "length": 2}]}}]