[{"sentence": "\u65e5\u672c\u5c06\u9009\u62e9\u4e09\u83f1\u91cd\u5de5\u4f5c\u4e3aF-X\u4e3b\u627f\u5305\u5546\u00a0\u00a0\u672a\u6765\u53ef\u80fd\u4e0e\u7f8e\u56fd\u5408\u4f5c\u7814\u5236", "events": [], "arguments": {"time": [], "loc": [], "country": [{"text": "\u65e5\u672c", "offset": 0, "length": 2}, {"text": "\u7f8e\u56fd", "offset": 25, "length": 2}], "weapon": [{"text": "F-X", "offset": 11, "length": 3}]}}, {"sentence": "\u3010\u73af\u7403\u7f51\u62a5\u9053 \u89c1\u4e60\u8bb0\u8005 \u9a6c\u5ca9\u3011", "events": [], "arguments": {"time": [], "loc": [], "country": [], "weapon": []}}, {"sentence": "\u636e\u300a\u7b80\u6c0f\u9632\u52a1\u5468\u520a\u300b\u7f51\u7ad98\u67083\u65e5\u62a5\u9053\uff0c\u65e5\u672c\u9632\u536b\u5927\u81e3\u6cb3\u91ce\u592a\u90ce7\u670831\u65e5\u8bc1\u5b9e\uff0c\u8ba1\u5212\u63d0\u540d\u4e00\u5bb6\u65e5\u672c\u627f\u5305\u5546\u6765\u4e3b\u7ba1\u8be5\u56fd\u4e0b\u4e00\u4ee3\u6218\u6597\u673a\u7684\u7814\u5236\u3002", "events": [], "arguments": {"time": [], "loc": [], "country": [{"text": "\u65e5\u672c", "offset": 18, "length": 2}, {"text": "\u65e5\u672c", "offset": 42, "length": 2}], "weapon": []}}, {"sentence": "\u5728\u4e1c\u4eac\u7684\u65b0\u95fb\u53d1\u5e03\u4f1a\u4e0a\uff0c\u6cb3\u91ce\u592a\u90ce\u8bf4\u8fd9\u5bb6\u4e3b\u627f\u5305\u5546\u51e0\u4e4e\u53ef\u4ee5\u80af\u5b9a\u662f\u4e09\u83f1\u91cd\u5de5\uff0c\u5b83\u5c06\u4f5c\u4e3a\u4e0b\u4e00\u4ee3\u6218\u6597\u673aF-X\u9879\u76ee\u7684\u4e3b\u8981\u7cfb\u7edf\u96c6\u6210\u5546\u3002", "events": [], "arguments": {"time": [], "loc": [], "country": [], "weapon": [{"text": "\u6218\u6597\u673aF-X", "offset": 41, "length": 6}]}}, {"sentence": "\u6b64\u5916\uff0c\u6cb3\u91ce\u592a\u90ce\u8868\u793a\uff0c\u9632\u536b\u7701\u5df2\u7ecf\u5f00\u59cb\u7740\u624b\u6311\u9009\u53c2\u4e0e\u5f00\u53d1\u9879\u76ee\u7684\u516c\u53f8\uff0c\u4f46\u6ca1\u6709\u8fdb\u4e00\u6b65\u8be6\u7ec6\u8bf4\u660e\u3002", "events": [], "arguments": {"time": [], "loc": [], "country": [], "weapon": []}}, {"sentence": "\u6cb3\u91ce\u592a\u90ce\u8fd8\u8bc1\u5b9e\uff0c\u9632\u536b\u7701\u6b63\u5728\u8003\u8651\u4e0e\u82f1\u56fd\u548c\u7f8e\u56fd\u5408\u4f5c\u5f00\u53d1F-X\u6218\u6597\u673a\u3002", "events": [], "arguments": {"time": [], "loc": [], "country": [{"text": "\u82f1\u56fd", "offset": 16, "length": 2}, {"text": "\u7f8e\u56fd", "offset": 19, "length": 2}], "weapon": [{"text": "F-X\u6218\u6597\u673a", "offset": 25, "length": 6}]}}, {"sentence": "\u9274\u4e8e\u7f8e\u56fd\u4e0e\u65e5\u672c\u5728\u5916\u4ea4\u3001\u7ecf\u6d4e\u3001\u6218\u7565\u3001\u4ea7\u4e1a\u7b49\u65b9\u9762\u7684\u7d27\u5bc6\u8054\u7cfb\uff0c\u65e5\u672c\u9009\u62e9\u4e0e\u4e4b\u5408\u4f5c\u7684\u53ef\u80fd\u6027\u66f4\u5927\u3002", "events": [], "arguments": {"time": [], "loc": [], "country": [{"text": "\u7f8e\u56fd", "offset": 2, "length": 2}, {"text": "\u65e5\u672c", "offset": 5, "length": 2}, {"text": "\u65e5\u672c", "offset": 28, "length": 2}], "weapon": []}}, {"sentence": "F-X\u9879\u76ee\u7531\u9632\u536b\u77014\u6708\u6210\u7acb\u7684\u4e00\u4e2a\u4e13\u95e8\u529e\u516c\u5ba4\u8d1f\u8d23\uff0c\u5176\u804c\u8d23\u5305\u62ec\u6280\u672f\u8c03\u67e5\u3001\u9884\u7b97\u6267\u884c\u3001\u4fe1\u606f\u5b89\u5168\u4fdd\u969c\u4ee5\u53ca\u77e5\u8bc6\u4ea7\u6743\u63a7\u5236\u3002", "events": [], "arguments": {"time": [], "loc": [], "country": [], "weapon": [{"text": "F-X", "offset": 0, "length": 3}]}}, {"sentence": "2019\u5e7411\u6708\uff0c\u65e5\u672c\u5ba3\u5e03\u542f\u52a8F-X\u7814\u5236\u8ba1\u5212\uff0c\u9884\u8ba12025\u5e74\u7814\u5236\u51fa\u6837\u673a\uff0c2030\u5e74\u524d\u540e\u670d\u5f79\u3002", "events": [], "arguments": {"time": [], "loc": [], "country": [{"text": "\u65e5\u672c", "offset": 9, "length": 2}], "weapon": [{"text": "F-X", "offset": 15, "length": 3}]}}, {"sentence": "\uff08\u5b8c\uff09", "events": [], "arguments": {"time": [], "loc": [], "country": [], "weapon": []}}, {"sentence": "\uff08\u5b8c\uff09", "events": [], "arguments": {"time": [], "loc": [], "country": [], "weapon": []}}]