[{"sentence": "\u7092\u4f5c\u89e3\u653e\u519b\u201c\u6f14\u7ec3\u593a\u53d6\u4e1c\u6c99\u5c9b\u201d\u540e\u00a0\u53f0\u5a92\u53c8\u66dd\u53f0\u519b\u5411\u4e1c\u6c99\u5c9b\u589e\u5175", "events": [], "arguments": {"time": [], "loc": [], "country": [], "weapon": []}}, {"sentence": "\u3010\u73af\u7403\u7f51\u62a5\u9053 \u8bb0\u8005 \u5f90\u7490\u660e\u3011", "events": [], "arguments": {"time": [], "loc": [], "country": [], "weapon": []}}, {"sentence": "\u53f0\u6e7e\u5a92\u4f53\u8fd1\u65e5\u53c8\u7092\u4f5c\u89e3\u653e\u519b\u201c\u6f14\u7ec3\u593a\u53d6\u4e1c\u6c99\u5c9b\u201d\u7684\u8bdd\u9898\uff0c\u751a\u81f3\u7f16\u51fa\u4e00\u6574\u90e8\u6218\u4e89\u620f\u7801\u3002", "events": [], "arguments": {"time": [], "loc": [], "country": [{"text": "\u53f0\u6e7e", "offset": 0, "length": 2}], "weapon": []}}, {"sentence": "8\u67084\u65e5\u53f0\u5a92\u53c8\u66dd\u51fa\uff0c\u4e3a\u4e86\u201c\u968f\u65f6\u5e94\u5bf9\u53d8\u5c40\u201d\uff0c\u53f0\u519b\u518d\u5ea6\u5411\u4e1c\u6c99\u5c9b\u6d3e\u51fa\u4e86\u4eba\u6570\u4e0d\u8be6\u7684\u589e\u63f4\u90e8\u961f\u3002", "events": [], "arguments": {"time": [], "loc": [], "country": [], "weapon": []}}, {"sentence": "\u636e\u53f0\u6e7e\u4eb2\u7eff\u5a92\u4f538\u67084\u65e5\u62a5\u9053\uff0c\u6709\u53f0\u6e7e\u5b98\u5458\u8868\u793a\uff0c\u7ee7\u5148\u524d\u6d3e\u51fa\u4e00\u4e2a\u52a0\u5f3a\u8fde\u7684\u9646\u6218\u961f\u8fdb\u9a7b\u4e1c\u6c99\u5c9b\u540e\uff0c\u53f0\u519b\u4e0a\u5468\u53c8\u518d\u5ea6\u6d3e\u51fa\u201c\u4e3a\u6570\u751a\u591a\u201d\u7684\u9646\u6218\u961f\u5b98\u5175\u589e\u63f4\u8fdb\u9a7b\u4e1c\u6c99\u5c9b\uff0c\u5f3a\u5316\u4e1c\u6c99\u9632\u536b\u6218\u529b\uff0c\u968f\u65f6\u5e94\u5bf9\u53d8\u5c40\u3002", "events": [], "arguments": {"time": [], "loc": [], "country": [{"text": "\u53f0\u6e7e", "offset": 1, "length": 2}, {"text": "\u53f0\u6e7e", "offset": 15, "length": 2}], "weapon": []}}, {"sentence": "\u62a5\u9053\u79f0\uff0c\u8fd9\u6b21\u589e\u6d3e\u7684\u90e8\u961f\u5305\u62ec\u9646\u6218\u961f\u4ee5\u53ca\u6d77\u5de1\u7f72\u5b98\u5175\uff0c\u4eba\u6570\u4e0d\u8be6\uff0c\u4f46\u5e76\u975e\u5728\u5357\u90e8\u642d\u4e58\u519b\u673a\u524d\u5f80\uff0c\u800c\u662f\u5728\u5317\u90e8\u96c6\u5408\u4e4b\u540e\u642d\u4e58\u4e13\u673a\u5230\u4e1c\u6c99\u5c9b\u3002", "events": [], "arguments": {"time": [], "loc": [], "country": [], "weapon": []}}, {"sentence": "\u4e1c\u6c99\u5c9b\u65e9\u671f\u662f\u7531\u53f0\u6e7e\u6d77\u519b\u9646\u6218\u961f\u9a7b\u5b88\uff0c\u540e\u6539\u4e3a\u6d77\u5de1\u7f72\u8d1f\u8d23\u3002", "events": [], "arguments": {"time": [], "loc": [], "country": [{"text": "\u53f0\u6e7e", "offset": 7, "length": 2}], "weapon": []}}, {"sentence": "\u53f0\u6e7e\u5f53\u5c40\u6b64\u524d\u4e0b\u4ee4\u6d3e\u51fa\u9646\u6218\u961f99\u65c5\u7684\u4e00\u4e2a\u52a0\u5f3a\u8fde\uff0c\u4ee5\u90e8\u961f\u79fb\u8bad\u4e3a\u540d\u4e49\u8fdb\u9a7b\u4e1c\u6c99\u5c9b\uff0c\u5e76\u914d\u5907\u76f8\u5173\u7684\u9632\u536b\u6b66\u5668\u7cfb\u7edf\u3002", "events": [], "arguments": {"time": [], "loc": [], "country": [{"text": "\u53f0\u6e7e", "offset": 0, "length": 2}], "weapon": []}}, {"sentence": "\u6b64\u6b21\u51fa\u518d\u6d3e\u51fa\u5b98\u5175\u589e\u63f4\uff0c\u4e5f\u6709\u53f0\u6e7e\u519b\u65b9\u4eba\u58eb\u8ba4\u4e3a\u6709\u53ef\u80fd\u662f\u90e8\u961f\u6362\u9632\u4efb\u52a1\uff0c\u8ba9\u5c9b\u4e0a\u7684\u5b98\u5175\u53ef\u4ee5\u6b63\u5e38\u4f11\u5047\u3002", "events": [], "arguments": {"time": [], "loc": [], "country": [{"text": "\u53f0\u6e7e", "offset": 13, "length": 2}], "weapon": []}}, {"sentence": "\u8fd1\u65e5\uff0c\u5173\u4e8e\u89e3\u653e\u519b8\u6708\u5c06\u5728\u4e1c\u6c99\u5c9b\u6d77\u57df\u8fdb\u884c\u201c\u593a\u5c9b\u6f14\u4e60\u201d\u7684\u6d88\u606f\u7a81\u7136\u53c8\u706b\u4e86\u3002", "events": [], "arguments": {"time": [], "loc": [], "country": [], "weapon": []}}, {"sentence": "8\u67083\u65e5\uff0c\u65e5\u672c\u5171\u540c\u793e\u5f15\u7528\u4e2d\u56fd\u56fd\u9632\u5927\u5b66\u6559\u6388\u674e\u5927\u5149\u5173\u4e8e\u89e3\u653e\u519b\u6f14\u4e60\u7684\u8bc4\u8bba\u6587\u7ae0\uff0c\u53c8\u88ab\u5c9b\u5185\u5a92\u4f53\u7092\u6210\u201c\u4e2d\u56fd\u519b\u65b9\u9996\u5ea6\u8bc1\u5b9e\u201d\u593a\u5c9b\u6f14\u4e60\u3002", "events": [], "arguments": {"time": [], "loc": [], "country": [{"text": "\u65e5\u672c", "offset": 5, "length": 2}, {"text": "\u4e2d\u56fd", "offset": 12, "length": 2}, {"text": "\u4e2d\u56fd", "offset": 45, "length": 2}], "weapon": []}}, {"sentence": "\u4e2d\u56fd\u56fd\u9632\u90e8\u8fd8\u672a\u8bc1\u5b9e\u4ee5\u4e0a\u6f14\u4e60\uff0c\u53f0\u519b\u65b9\u548c\u4e00\u4e9b\u5a92\u4f53\u5374\u5df2\u7f16\u51fa\u4e00\u6574\u90e8\u6218\u4e89\u620f\u7801\u3002", "events": [], "arguments": {"time": [], "loc": [], "country": [{"text": "\u4e2d\u56fd", "offset": 0, "length": 2}], "weapon": []}}, {"sentence": "\u53f0\u6e7e\u7eff\u5a92\u57288\u67083\u65e5\u520a\u51fa\u8038\u52a8\u6807\u9898\uff1a\u201c\u4e2d\u56fd\u519b\u65b9\u9996\u5ea6\u8bc1\u5b9e\uff01", "events": [], "arguments": {"time": [], "loc": [], "country": [{"text": "\u53f0\u6e7e", "offset": 0, "length": 2}, {"text": "\u4e2d\u56fd", "offset": 17, "length": 2}], "weapon": []}}, {"sentence": "8\u6708\u5728\u5357\u6d77\u6a21\u62df\u767b\u9646\u593a\u53d6\u4e1c\u6c99\u5c9b\u6f14\u4e60\u3002", "events": [], "arguments": {"time": [], "loc": [], "country": [], "weapon": []}}, {"sentence": "\u201d\u7136\u800c\uff0c3\u65e5\u5728\u63a5\u53d7\u73af\u7403\u7f51\u8bb0\u8005\u91c7\u8bbf\u65f6\uff0c\u674e\u5927\u5149\u8868\u793a\uff1a\u201c\u5173\u4e8e\u6f14\u4e60\u7684\u4fe1\u606f\uff0c\u6211\u4e5f\u662f\u770b\u4e86\u65e5\u672c\u7684\u62a5\u9053\u624d\u77e5\u9053\u7684\u3002", "events": [], "arguments": {"time": [], "loc": [], "country": [{"text": "\u65e5\u672c", "offset": 38, "length": 2}], "weapon": []}}, {"sentence": "\u201d", "events": [], "arguments": {"time": [], "loc": [], "country": [], "weapon": []}}, {"sentence": "\u4e1c\u6c99\u5c9b\u662f\u4e1c\u6c99\u7fa4\u5c9b\u4e2d\u552f\u4e00\u7684\u5c9b\u5c7f\uff0c\u9762\u79ef1.8\u5e73\u65b9\u5343\u7c73\u3002", "events": [], "arguments": {"time": [], "loc": [], "country": [], "weapon": []}}, {"sentence": "\u636e\u5171\u540c\u793e\u62a5\u9053\uff0c\u4e1c\u6c99\u5c9b\u4f4d\u4e8e\u53f0\u6e7e\u897f\u5357\u65b9\u5411\uff0c\u98de\u673a\u4e00\u4e2a\u591a\u5c0f\u65f6\u5373\u53ef\u5230\u8fbe\uff0c\u662f\u4e2a\u5178\u578b\u7684\u5706\u5f62\u73af\u5c9b\u3002", "events": [], "arguments": {"time": [], "loc": [], "country": [{"text": "\u53f0\u6e7e", "offset": 12, "length": 2}], "weapon": []}}, {"sentence": "\u636e\u5927\u9646\u519b\u4e8b\u4e13\u5bb6\u674e\u6770\u4ecb\u7ecd\uff0c\u4e1c\u6c99\u7fa4\u5c9b\u5730\u7406\u4f4d\u7f6e\u975e\u5e38\u5173\u952e\uff0c\u4e0d\u4ec5\u662f\u5927\u9646\u6d77\u519b\u7ecf\u53f0\u6e7e\u6d77\u5ce1\u8fdb\u5165\u5357\u6d77\u7684\u54bd\u5589\u8981\u9053\uff0c\u4e5f\u662f\u7f8e\u519b\u4ece\u897f\u592a\u5e73\u6d0b\u8fdb\u5165\u5357\u6d77\u7684\u5fc5\u7ecf\u822a\u8def\u3002", "events": [], "arguments": {"time": [], "loc": [], "country": [], "weapon": []}}, {"sentence": "\u636e\u201c\u81ea\u7531\u4e9a\u6d32\u7535\u53f0\u201d\u62a5\u9053\uff0c\u7f8e\u56fd\u4ece\u5173\u5c9b\u8d77\u98de\u7684B-52\u6218\u7565\u8f70\u70b8\u673a\u591a\u6b21\u98de\u5230\u4e1c\u6c99\u5c9b\u9644\u8fd1\u7a7a\u57df\u540e\u6298\u8fd4\uff0c\u8fd9\u91cc\u662f\u7f8e\u519b\u5bf9\u4e2d\u56fd\u524d\u6cbf\u5730\u5e26\u62b5\u8fd1\u4fa6\u5bdf\u7684\u8f6c\u6298\u70b9\uff0c\u201c\u4e5f\u6709\u53ef\u80fd\u662f\u7f8e\u519b\u7684\u653b\u51fb\u53d1\u8d77\u7ebf\u201d\u3002", "events": [], "arguments": {"time": [], "loc": [], "country": [{"text": "\u7f8e\u56fd", "offset": 12, "length": 2}, {"text": "\u4e2d\u56fd", "offset": 50, "length": 2}], "weapon": [{"text": "B-52\u6218\u7565\u8f70\u70b8\u673a", "offset": 20, "length": 9}]}}, {"sentence": "\u674e\u6770\u8bf4\uff0c\u65e5\u672c\u7684\u77f3\u6cb9\u8fd0\u8f9395%\u4f9d\u8d56\u4e8e\u6d77\u4e0a\u901a\u9053\uff0c\u5357\u6d77\u662f\u6700\u4e3b\u8981\u7684\u822a\u9053\uff0c\u8fd9\u5c31\u662f\u65e5\u672c\u9ad8\u5ea6\u5173\u6ce8\u4e1c\u6c99\u5c9b\u52a8\u5411\u7684\u7f18\u7531\u3002", "events": [], "arguments": {"time": [], "loc": [], "country": [{"text": "\u65e5\u672c", "offset": 4, "length": 2}, {"text": "\u65e5\u672c", "offset": 35, "length": 2}], "weapon": []}}, {"sentence": "\u636e\u53f0\u6e7e\u300a\u5929\u4e0b\u300b\u6742\u5fd7\u62a5\u9053\uff0c\u4e1c\u6c99\u5c9b\u76ee\u524d\u9a7b\u5b88\u7684200\u540d\u53f0\u6e7e\u6d77\u5de1\u961f\u5458\uff0c\u90fd\u7ecf\u8fc7\u6d77\u519b\u9646\u6218\u961f\u8bad\u7ec3\uff0c\u4f46\u5c9b\u4e0a\u4ee5\u5f80\u90e8\u7f72\u7684\u6b66\u5668\u4e2d\uff0c\u5c04\u7a0b\u6700\u8fdc\u7684120\u8feb\u51fb\u70ae\u5c04\u7a0b\u4e5f\u4ec5\u4e3a6\u516c\u91cc\uff0c\u6050\u6015\u96be\u4ee5\u62b5\u6321\u89e3\u653e\u519b\u7684\u7cbe\u51c6\u6b66\u5668\u548c\u91cd\u578b\u706b\u70ae\u653b\u52bf\u3002", "events": [], "arguments": {"time": [], "loc": [], "country": [{"text": "\u53f0\u6e7e", "offset": 1, "length": 2}, {"text": "\u53f0\u6e7e", "offset": 24, "length": 2}], "weapon": [{"text": "120\u8feb\u51fb\u70ae", "offset": 59, "length": 6}]}}, {"sentence": "\u53e6\u6709\u53f0\u519b\u5b98\u5458\u8868\u793a\uff0c\u4e1c\u6c99\u5c9b\u5730\u52bf\u5e73\u5766\u3001\u65e0\u9669\u53ef\u5b88\uff0c\u53f0\u519b\u4e5f\u5df2\u505a\u597d\u6700\u574f\u6253\u7b97\uff0c\u62df\u5b9a\u201c\u536b\u7586\u4f5c\u6218\u8ba1\u5212\u201d\uff0c\u4e00\u65e6\u89e3\u653e\u519b\u76f4\u53d6\u4e1c\u6c99\uff0c\u53f0\u519b\u5c06\u8f7d\u8fd0\u6d77\u519b\u9646\u6218\u961f\u4e00\u4e2a\u8425\u7684\u5175\u529b\uff0c\u7d27\u6025\u524d\u5f80\u66f4\u5357\u8fb9\u7684\u592a\u5e73\u5c9b\uff0c\u6267\u884c\u6b66\u88c5\u4e24\u6816\u767b\u9646\u4f5c\u6218\uff0c\u914d\u5408\u7a7a\u519b\u519b\u673a\u8f7d\u8fd0\u7279\u6218\u5175\u529b\uff0c\u4ee5\u7a7a\u6295\u6216\u6218\u672f\u964d\u843d\u7684\u65b9\u5f0f\uff0c\u589e\u63f4\u592a\u5e73\u5c9b\u3002", "events": [], "arguments": {"time": [], "loc": [], "country": [], "weapon": []}}, {"sentence": "\u201c\u5c31\u662f\u4ece\u592a\u5e73\u5c9b\u6253\u56de\u4e1c\u6c99\u5c9b\u3002", "events": [], "arguments": {"time": [], "loc": [], "country": [], "weapon": []}}, {"sentence": "\u201d", "events": [], "arguments": {"time": [], "loc": [], "country": [], "weapon": []}}, {"sentence": "\u5bf9\u8fd9\u79cd\u201c\u4ece\u592a\u5e73\u5c9b\u6253\u56de\u4e1c\u6c99\u201d\u7684\u8bf4\u6cd5\uff0c\u519b\u4e8b\u4e13\u5bb6\u5b8b\u5fe0\u5e733\u65e5\u5bf9\u300a\u73af\u7403\u65f6\u62a5\u300b\u8868\u793a\uff0c\u8fd9\u7eaf\u5c5e\u65e0\u7a3d\u4e4b\u8c08\uff0c\u201c\u89e3\u653e\u519b\u62ff\u4e0b\u4e1c\u6c99\u5c9b\u6613\u5982\u53cd\u638c\uff0c\u4e5f\u6709\u5404\u79cd\u80fd\u529b\u80fd\u591f\u5b88\u4f4f\u4e1c\u6c99\u5c9b\uff0c\u56e0\u6b64\u53f0\u6e7e\u593a\u56de\u4e1c\u6c99\u5c9b\u7684\u53ef\u80fd\u6027\u662f\u96f6\u201d\u3002", "events": [], "arguments": {"time": [], "loc": [], "country": [{"text": "\u53f0\u6e7e", "offset": 74, "length": 2}], "weapon": []}}]