[{"sentence": "\u7f8e\u56fd\u5411\u90bb\u56fd\u63a8\u9500\u6700\u65b0\u578b\u8d85\u7ea7\u5927\u9ec4\u8702\u6218\u673a\u00a0\u630214\u679a\u7a7a\u7a7a\u5bfc\u5f39\u4eae\u76f8", "events": [{"trigger": {"text": "\u63a8\u9500", "offset": 5, "length": 2}, "subject": {"text": "\u7f8e\u56fd", "offset": 0, "length": 2}, "object": {"text": "\u6700\u65b0\u578b\u8d85\u7ea7\u5927\u9ec4\u8702\u6218\u673a", "offset": 7, "length": 10}}], "arguments": {"time": [], "loc": [], "country": [{"text": "\u7f8e\u56fd", "offset": 0, "length": 2}], "weapon": [{"text": "\u8d85\u7ea7\u5927\u9ec4\u8702\u6218\u673a", "offset": 10, "length": 7}, {"text": "\u7a7a\u7a7a\u5bfc\u5f39", "offset": 22, "length": 4}]}}, {"sentence": "\u3010\u73af\u7403\u7f51\u62a5\u9053 \u8bb0\u8005 \u5f90\u7490\u660e\u3011", "events": [], "arguments": {"time": [], "loc": [], "country": [], "weapon": []}}, {"sentence": "\u636eThe Drive\u7f51\u7ad9\u201c\u6218\u533a\u201d\u4e13\u680f8\u67082\u65e5\u62a5\u9053\uff0c\u7f8e\u56fd\u6ce2\u97f3\u516c\u53f8\u5df2\u7ecf\u6b63\u5f0f\u5411\u52a0\u62ff\u5927\u7687\u5bb6\u7a7a\u519b\u63d0\u4ea4\u4e86Block III\u7248\u672c\u7684F/A-18E/F\u201c\u8d85\u7ea7\u5927\u9ec4\u8702\u201d\u65b9\u6848\uff0c\u4ee5\u53c2\u52a0\u52a0\u62ff\u5927\u4e0b\u4e00\u4ee3\u6218\u6597\u673a\u7684\u7ade\u6807\u3002", "events": [], "arguments": {"time": [{"text": "8\u67082\u65e5", "offset": 18, "length": 4}], "loc": [{"text": "\u7f8e\u56fd\u6ce2\u97f3\u516c\u53f8", "offset": 25, "length": 6}], "country": [{"text": "\u7f8e\u56fd", "offset": 25, "length": 2}, {"text": "\u52a0\u62ff\u5927", "offset": 80, "length": 3}, {"text": "\u52a0\u62ff\u5927", "offset": 36, "length": 3}], "weapon": [{"text": "Block III\u7248\u672c\u7684F/A-18E/F\u201c\u8d85\u7ea7\u5927\u9ec4\u8702\u201d", "offset": 46, "length": 28}]}}, {"sentence": "\u5728\u6ce2\u97f3\u516c\u53f8\u5411\u52a0\u62ff\u5927\u7a7a\u519b\u5c55\u793a\u7684\u63a8\u8350\u6982\u5ff5\u56fe\u4e2d\uff0c\u5c55\u793a\u4e86\u8fd9\u6b3e\u65b0\u578b\u6218\u6597\u673a\u914d\u5907\u4e86\u4fdd\u5f62\u6cb9\u7bb1\uff0c\u643a\u5e26\u6709\u7ea2\u5916\u641c\u7d22\u540a\u8231\u548c\u4f20\u611f\u5668\u3002", "events": [], "arguments": {"time": [], "loc": [], "country": [{"text": "\u52a0\u62ff\u5927", "offset": 6, "length": 3}], "weapon": []}}, {"sentence": "\u800c\u6700\u5f15\u4eba\u6ce8\u76ee\u7684\u662f\u8be5\u673a\u914d\u5907\u4e8612\u679aAIM-120\u201c\u5148\u8fdb\u4e2d\u7a0b\u7a7a\u7a7a\u5bfc\u5f39\u201d\u548c2\u679aAIM-9X\u201c\u54cd\u5c3e\u86c7\u201d\u5bfc\u5f39\u3002", "events": [], "arguments": {"time": [], "loc": [], "country": [], "weapon": [{"text": "AIM-120\u201c\u5148\u8fdb\u4e2d\u7a0b\u7a7a\u7a7a\u5bfc\u5f39\u201d", "offset": 16, "length": 17}, {"text": "AIM-9X\u201c\u54cd\u5c3e\u86c7\u201d\u5bfc\u5f39", "offset": 36, "length": 13}]}}, {"sentence": "\u800c\u6ce2\u97f3\u7684\u7ade\u4e89\u5bf9\u624b\u6709\u6d1b\u9a6c\u516c\u53f8\u7684F-35\u6218\u6597\u673a\u548c\u745e\u5178\u8428\u535a\u516c\u53f8\u7684\u201c\u9e70\u72ee\u201d\u6218\u6597\u673a\u3002", "events": [], "arguments": {"time": [], "loc": [], "country": [{"text": "\u745e\u5178", "offset": 22, "length": 2}], "weapon": [{"text": "F-35\u6218\u6597\u673a", "offset": 14, "length": 7}, {"text": "\u201c\u9e70\u72ee\u201d\u6218\u6597\u673a", "offset": 29, "length": 7}]}}, {"sentence": "\u5728\u52a0\u62ff\u5927\u201c\u672a\u6765\u6218\u6597\u673a\u80fd\u529b\u201d\u9879\u76ee\u4e2d\uff0c\u8be5\u56fd\u7a7a\u519b\u5e0c\u671b\u83b7\u5f9788\u67b6\u65b0\u578b\u6218\u6597\u673a\u53d6\u4ee3\u73b0\u6709\u7684CF-18A/B\u201c\u5927\u9ec4\u8702\u201d\u6218\u6597\u673a\u3002", "events": [], "arguments": {"time": [], "loc": [], "country": [{"text": "\u52a0\u62ff\u5927", "offset": 1, "length": 3}], "weapon": [{"text": "CF-18A/B\u201c\u5927\u9ec4\u8702\u201d\u6218\u6597\u673a", "offset": 38, "length": 16}]}}, {"sentence": "\u52a0\u62ff\u5927\u5ba3\u5e03\u5df2\u7ecf\u6536\u5230\u5168\u90e8\u4e09\u4efd\u7ade\u6807\u63d0\u6848\uff0c\u6700\u7ec8\u5408\u540c\u7684\u4ef7\u503c\u53ef\u80fd\u5728150\u52a0\u5143\u5230190\u4ebf\u52a0\u5143\u4e4b\u95f4\uff08\u7ea6112\u4ebf\u7f8e\u5143\u5230142\u4ebf\u7f8e\u5143\uff09\u3002", "events": [], "arguments": {"time": [], "loc": [], "country": [{"text": "\u52a0\u62ff\u5927", "offset": 0, "length": 3}], "weapon": []}}, {"sentence": "\u62a5\u9053\u79f0\uff0c\u6ce2\u97f3\u5e76\u672a\u63d0\u53ca\u63d0\u4f9b\u7ed9\u52a0\u62ff\u5927\u7687\u5bb6\u7a7a\u519b\u7684\u201c\u8d85\u7ea7\u5927\u9ec4\u8702\u201d\u6218\u6597\u673a\u662f\u5426\u4f1a\u6709\u7279\u6b8a\u7684\u6539\u8fdb\uff0c\u4f46\u5728\u5ba3\u4f20\u7684\u6982\u5ff5\u56fe\u4e2d\u5c55\u793a\u8be5\u673a\u914d\u5907\u6709\u4fdd\u5f62\u6cb9\u7bb1\uff0c\u8fd9\u662fBlock III\u7248\u672c\u201c\u8d85\u7ea7\u5927\u9ec4\u8702\u201d\u6218\u6597\u673a\u7684\u4e00\u9879\u5173\u952e\u5347\u7ea7\u3002", "events": [], "arguments": {"time": [], "loc": [], "country": [{"text": "\u52a0\u62ff\u5927", "offset": 13, "length": 3}], "weapon": [{"text": "Block III\u7248\u672c\u201c\u8d85\u7ea7\u5927\u9ec4\u8702\u201d\u6218\u6597\u673a", "offset": 64, "length": 21}]}}, {"sentence": "\u989d\u5916\u7684\u71c3\u6599\u4e3a\u6218\u6597\u673a\u63d0\u4f9b\u4e86\u989d\u5916\u7684\u822a\u7a0b\uff0c\u4e5f\u53ef\u4ee5\u62e5\u6709\u66f4\u957f\u7684\u6ede\u7a7a\u65f6\u95f4\u3002", "events": [], "arguments": {"time": [], "loc": [], "country": [], "weapon": [{"text": "\u6218\u6597\u673a", "offset": 6, "length": 3}]}}, {"sentence": "\u5728\u6982\u5ff5\u56fe\u4e2d\uff0c\u201c\u8d85\u7ea7\u5927\u9ec4\u8702\u201d\u6218\u6597\u673a\u673a\u8179\u4e0b\u65b9\u8fd8\u6302\u8f7d\u4e86\u4e00\u5177\u52a0\u6cb9\u540a\u8231\uff0c\u4f7f\u5176\u53ef\u4ee5\u5728\u7a7a\u4e2d\u8fdb\u884c\u201c\u4f19\u4f34\u52a0\u6cb9\u201d\uff0c\u8fd9\u6709\u52a9\u4e8e\u8fdb\u4e00\u6b65\u63d0\u5347\u6218\u6597\u673a\u7684\u7a7a\u4e2d\u5de1\u903b\u80fd\u529b\u3002", "events": [], "arguments": {"time": [], "loc": [], "country": [], "weapon": [{"text": "\u201c\u8d85\u7ea7\u5927\u9ec4\u8702\u201d\u6218\u6597\u673a", "offset": 6, "length": 10}]}}, {"sentence": "\u53e6\u5916\uff0cBlock III\u7248\u201c\u8d85\u7ea7\u5927\u9ec4\u8702\u201d\u8fd8\u914d\u5907\u4e86\u524d\u89c6\u7ea2\u5916\u641c\u7d22\u4e0e\u8ddf\u8e2a\u7cfb\u7edf\uff0c\u7528\u4e8e\u53d1\u73b0\u548c\u8ddf\u8e2a\u5305\u62ec\u9690\u5f62\u6218\u673a\u5728\u5185\u7684\u76ee\u6807\uff0c\u8fd9\u79cd\u88c5\u7f6e\u7684\u6297\u7535\u5b50\u5e72\u6270\u80fd\u529b\u4e5f\u5f88\u5f3a\u3002", "events": [], "arguments": {"time": [], "loc": [], "country": [], "weapon": [{"text": "Block III\u7248\u201c\u8d85\u7ea7\u5927\u9ec4\u8702\u201d", "offset": 3, "length": 17}, {"text": "\u9690\u5f62\u6218\u673a", "offset": 45, "length": 4}]}}, {"sentence": "\u636e\u6089\uff0c\u201c\u8d85\u7ea7\u5927\u9ec4\u8702\u201d\u8fd8\u5c06\u6362\u88c5\u6709\u6e90\u7535\u5b50\u626b\u63cf\u9635\u5217(AESA)\u96f7\u8fbe\uff0c\u8fd9\u4e5f\u5c06\u8fdb\u4e00\u6b65\u63d0\u5347\u5176\u63a2\u6d4b\u76ee\u6807\u7684\u80fd\u529b\u3002", "events": [], "arguments": {"time": [], "loc": [], "country": [], "weapon": [{"text": "\u201c\u8d85\u7ea7\u5927\u9ec4\u8702\u201d", "offset": 3, "length": 7}, {"text": "\u6709\u6e90\u7535\u5b50\u626b\u63cf\u9635\u5217(AESA)\u96f7\u8fbe", "offset": 14, "length": 16}]}}]