[{"sentence": "\u4ee5\u8272\u5217\u5728\u53d9\u4ee5\u8fb9\u5883\u6253\u6b7b4\u540d\u6b66\u88c5\u4eba\u5458 \u540c\u65e5\u8fd8\u7a7a\u88ad\u4e86\u52a0\u6c99\u5730\u5e26\u54c8\u9a6c\u65af\u76ee\u6807", "events": [], "arguments": {"time": [], "loc": [], "country": [{"text": "\u4ee5\u8272\u5217", "offset": 0, "length": 3}, {"text": "\u54c8\u9a6c\u65af", "offset": 27, "length": 3}], "weapon": []}}, {"sentence": "\u3010\u73af\u7403\u7f51\u62a5\u9053 \u89c1\u4e60\u8bb0\u8005 \u9a6c\u5ca9\u3011", "events": [], "arguments": {"time": [], "loc": [], "country": [], "weapon": []}}, {"sentence": "\u636e\u4ee5\u8272\u5217\u300a\u56fd\u571f\u62a5\u300b\u7f51\u7ad98\u67083\u65e5\u62a5\u9053\uff0c\u4ee5\u8272\u5217\u519b\u961f2\u65e5\u665a\u95f4\u5728\u53d9\u4ee5\u8fb9\u5883\u6253\u51fb\u4e864\u540d\u8bd5\u56fe\u57cb\u8bbe\u70b8\u836f\u7684\u6b66\u88c5\u4eba\u5458\uff0c\u8fd94\u4eba\u636e\u4fe1\u5df2\u5168\u90e8\u6b7b\u4ea1\u3002", "events": [], "arguments": {"time": [], "loc": [], "country": [{"text": "\u4ee5\u8272\u5217", "offset": 1, "length": 3}, {"text": "\u4ee5\u8272\u5217", "offset": 18, "length": 3}], "weapon": []}}, {"sentence": "\u62a5\u9053\u63f4\u5f15\u4ee5\u519b\u65b9\u7684\u8bdd\u79f0\uff0c\u4ee5\u519b\u5728\u6208\u5170\u9ad8\u5730\u5357\u90e8\u7684\u4e00\u4e2a\u54e8\u6240\u53d1\u73b0\u4e86\u8fd9\u4f19\u6b66\u88c5\u4eba\u5458\uff0c\u800c\u540e\u9646\u519b\u548c\u6218\u673a\u540c\u65f6\u5411\u4ed6\u4eec\u5f00\u706b\uff0c\u5728\u4ed6\u4eec\u7a7f\u8fc7\u8fb9\u5883\u8fdb\u5165\u4ee5\u8272\u5217\u524d\u5c06\u4ed6\u4eec\u6d88\u706d\uff0c\u4ee5\u65b9\u6ca1\u6709\u4eba\u5458\u53d7\u4f24\u3002", "events": [], "arguments": {"time": [], "loc": [], "country": [{"text": "\u4ee5\u8272\u5217", "offset": 59, "length": 3}], "weapon": [{"text": "\u6218\u673a", "offset": 40, "length": 2}]}}, {"sentence": "\u53d9\u5229\u4e9a\u653f\u5e9c\u5c1a\u6ca1\u6709\u5bf9\u6b64\u53d1\u8868\u8bc4\u8bba\u3002", "events": [], "arguments": {"time": [], "loc": [], "country": [{"text": "\u53d9\u5229\u4e9a", "offset": 0, "length": 3}], "weapon": []}}, {"sentence": "\u4ee5\u8272\u5217\u519b\u65b9\u4e5f\u8868\u793a\u65e0\u6cd5\u786e\u5b9a\u662f\u4ec0\u4e48\u7ec4\u7ec7\u8bd5\u56fe\u53d1\u52a8\u88ad\u51fb\uff0c\u4f46\u8ba4\u4e3a\u53d9\u5229\u4e9a\u653f\u5e9c\u5e94\u4e3a\u6b64\u8d1f\u8d23\u3002", "events": [], "arguments": {"time": [], "loc": [], "country": [{"text": "\u4ee5\u8272\u5217", "offset": 0, "length": 3}, {"text": "\u53d9\u5229\u4e9a", "offset": 27, "length": 3}], "weapon": []}}, {"sentence": "\u5728\u8fc7\u53bb\u4e24\u5468\uff0c\u4ee5\u8272\u5217\u5317\u90e8\u8fb9\u5883\u5c40\u52bf\u7d27\u5f20\uff0c\u9ece\u5df4\u5ae9\u771f\u4e3b\u515a\u53d1\u8a93\u8981\u4e3a\u5176\u4e00\u540d\u6218\u58eb\u590d\u4ec7\uff0c\u8fd9\u540d\u6218\u58eb\u5728\u636e\u4fe1\u662f\u4ee5\u8272\u5217\u5bf9\u53d9\u5229\u4e9a\u5883\u5185\u4f0a\u6717\u52bf\u529b\u76ee\u6807\u7684\u7a7a\u88ad\u4e2d\u8eab\u4ea1\u3002", "events": [], "arguments": {"time": [], "loc": [], "country": [{"text": "\u4ee5\u8272\u5217", "offset": 6, "length": 3}, {"text": "\u9ece\u5df4\u5ae9", "offset": 18, "length": 3}, {"text": "\u4ee5\u8272\u5217", "offset": 44, "length": 3}, {"text": "\u53d9\u5229\u4e9a", "offset": 48, "length": 3}, {"text": "\u4f0a\u6717", "offset": 53, "length": 2}], "weapon": []}}, {"sentence": "\u4ee5\u8272\u5217\u52a0\u5f3a\u4e86\u5317\u90e8\u8fb9\u5883\u7684\u519b\u529b\u90e8\u7f72\uff0c\u4f46\u4e0d\u786e\u5b9a\u8fd9\u8d77\u88ad\u51fb\u662f\u5426\u4e0e\u771f\u4e3b\u515a\u6709\u5173\u3002", "events": [], "arguments": {"time": [], "loc": [], "country": [{"text": "\u4ee5\u8272\u5217", "offset": 0, "length": 3}], "weapon": []}}, {"sentence": "\u4e0a\u5468\uff0c\u4ee5\u8272\u5217\u58f0\u79f0\u632b\u8d25\u4e86\u4e00\u4f19\u771f\u4e3b\u515a\u6b66\u88c5\u4eba\u5458\u7684\u8d8a\u5883\u88ad\u51fb\u3002", "events": [], "arguments": {"time": [], "loc": [], "country": [{"text": "\u4ee5\u8272\u5217", "offset": 3, "length": 3}], "weapon": []}}, {"sentence": "\u6b64\u5916\uff0c\u4ee5\u8272\u52172\u65e5\u665a\u95f4\u8fd8\u6253\u51fb\u4e86\u52a0\u6c99\u5730\u5e26\u7684\u51e0\u5904\u54c8\u9a6c\u65af\u8bbe\u65bd\uff0c\u4ee5\u62a5\u590d\u4e00\u679a\u706b\u7bad\u5f39\u4ece\u52a0\u6c99\u5c04\u5411\u4ee5\u8272\u5217\uff0c\u8fd9\u679a\u706b\u7bad\u5f39\u88ab\u201c\u94c1\u7a79\u201d\u53cd\u5bfc\u7cfb\u7edf\u62e6\u622a\u3002", "events": [], "arguments": {"time": [], "loc": [], "country": [{"text": "\u4ee5\u8272\u5217", "offset": 3, "length": 3}, {"text": "\u6c99", "offset": 0, "length": 1}, {"text": "\u4ee5\u8272\u5217", "offset": 40, "length": 3}], "weapon": [{"text": "\u706b\u7bad\u5f39", "offset": 46, "length": 3}, {"text": "\u201c\u94c1\u7a79\u201d\u53cd\u5bfc\u7cfb\u7edf", "offset": 50, "length": 8}]}}]