[{"sentence": "\u5fb7\u56fd\u519b\u5de5\u6d4b\u8bd5130\u6beb\u7c73\u53e3\u5f84\u5766\u514b\u706b\u70ae\u00a0\u6216\u6210\u672a\u6765\u5317\u7ea6\u5766\u514b\u201c\u6807\u914d\u201d", "events": [{"trigger": {"text": "\u6d4b\u8bd5", "offset": 4, "length": 2}, "subject": {"text": "\u5fb7\u56fd\u519b\u5de5", "offset": 0, "length": 4}, "object": {"text": "130\u6beb\u7c73\u53e3\u5f84\u5766\u514b\u706b\u70ae", "offset": 6, "length": 11}}], "arguments": {"time": [], "loc": [], "country": [{"text": "\u5fb7\u56fd", "offset": 0, "length": 2}, {"text": "\u5317\u7ea6", "offset": 22, "length": 2}], "weapon": [{"text": "130\u6beb\u7c73\u53e3\u5f84\u5766\u514b\u706b\u70ae", "offset": 6, "length": 11}, {"text": "\u5766\u514b", "offset": 24, "length": 2}]}}, {"sentence": "\u3010\u73af\u7403\u7f51\u62a5\u9053 \u8bb0\u8005 \u5f90\u7490\u660e\u3011", "events": [], "arguments": {"time": [], "loc": [], "country": [], "weapon": []}}, {"sentence": "\u636e\u201c\u9632\u52a1\u4e16\u754c\u201d\u7f51\u7ad97\u670831\u65e5\u62a5\u9053\uff0c\u5fb7\u56fd\u83b1\u8335\u91d1\u5c5e\u516c\u53f8\u8fd1\u65e5\u5c55\u793a\u4e86\u8be5\u516c\u53f8\u8fdb\u884c130\u6beb\u7c73\u53e3\u5f84\u65b0\u578b\u5766\u514b\u706b\u70ae\u6d4b\u8bd5\u7684\u753b\u9762\u3002", "events": [], "arguments": {"time": [{"text": "7\u670831\u65e5", "offset": 9, "length": 5}], "loc": [{"text": "\u5fb7\u56fd\u83b1\u8335\u91d1\u5c5e\u516c\u53f8", "offset": 17, "length": 8}], "country": [{"text": "\u5fb7\u56fd", "offset": 17, "length": 2}], "weapon": []}}, {"sentence": "\u62a5\u9053\u79f0\uff0c\u8fd9\u662f\u83b1\u8335\u91d1\u5c5e\u65b0\u578b\u4e3b\u6218\u5766\u514b\u5148\u8fdb\u6280\u672f\u80fd\u529b\u6f14\u793a\u7684\u4e00\u90e8\u5206\uff0c\u53ef\u80fd\u9884\u793a\u7740\u672a\u6765\u5730\u9762\u4f5c\u6218\u6b66\u5668\u7cfb\u7edf\u7684\u7279\u70b9\u3002", "events": [], "arguments": {"time": [], "loc": [], "country": [], "weapon": []}}, {"sentence": "\u753b\u9762\u4e2d\u51fa\u73b0\u7684\u5766\u514b\u770b\u8d77\u6765\u50cf\u662f\u82f1\u56fd\u201c\u6311\u6218\u8005\u201d2\u5766\u514b\u5ef6\u5bff\u9879\u76ee\u7684\u5148\u8fdb\u6280\u672f\u6f14\u793a\u578b\u53f7\uff0c\u83b1\u8335\u91d1\u5c5e\u82f1\u56fd\u5206\u516c\u53f8\u548c\u82f1\u56fdBAE\u7cfb\u7edf\u57282019\u5e74\u6210\u7acb\u4e86\u4e00\u5bb6\u5408\u8d44\u4f01\u4e1a\uff0c\u5171\u540c\u5f00\u53d1\u201c\u6311\u6218\u8005\u201d2\u5766\u514b\u7684\u5ef6\u957f\u5bff\u547d\u9879\u76ee\u3002", "events": [], "arguments": {"time": [], "loc": [], "country": [{"text": "\u82f1\u56fd", "offset": 13, "length": 2}, {"text": "\u82f1\u56fd", "offset": 41, "length": 2}, {"text": "\u82f1\u56fd", "offset": 47, "length": 2}], "weapon": [{"text": "\u201c\u6311\u6218\u8005\u201d2\u5766\u514b", "offset": 74, "length": 8}]}}, {"sentence": "130\u6beb\u7c73\u53e3\u5f84\u6ed1\u819b\u70ae\u662f\u81ea\u4e8c\u6218\u4ee5\u6765\u897f\u65b9\u4e3b\u6218\u5766\u514b\u8bbe\u8ba1\u4e2d\u7684\u91cd\u5927\u8fdb\u6b65\uff0c\u76ee\u524d\u5317\u7ea6\u7684\u4e3b\u6218\u5766\u514b\u91c7\u7528\u7684\u90fd\u662f120\u6beb\u7c73\u53e3\u5f84\u706b\u70ae\u3002", "events": [], "arguments": {"time": [], "loc": [], "country": [{"text": "\u5317\u7ea6", "offset": 33, "length": 2}], "weapon": []}}, {"sentence": "\u83b1\u8335\u91d1\u5c5e\u516c\u53f8\u5728\u53d1\u5e03\u7684\u6d88\u606f\u4e2d\u79f0\uff1a\u201c\u5728\u5a01\u80c1\u4e0d\u65ad\u589e\u52a0\u7684\u60c5\u51b5\u4e0b\uff0c\u83b1\u8335\u91d1\u5c5e\u7814\u53d1\u7684130\u6beb\u7c73\u53e3\u5f84\u6ed1\u819b\u70ae\u6280\u672f\u662f\u4e00\u91cd\u5927\u98de\u8dc3\u3002", "events": [], "arguments": {"time": [], "loc": [], "country": [], "weapon": [{"text": "130\u6beb\u7c73\u53e3\u5f84\u6ed1\u819b\u70ae", "offset": 35, "length": 10}]}}, {"sentence": "\u201d", "events": [], "arguments": {"time": [], "loc": [], "country": [], "weapon": []}}, {"sentence": "\u62a5\u9053\u79f0\uff0c\u4fc4\u7f57\u65af\u7684T-14\u201c\u963f\u739b\u5854\u201d\u4e3b\u6218\u5766\u514b\u662f\u7b2c\u4e00\u6b3e\u7a81\u7834120\u6beb\u7c73\u53e3\u5f84\u706b\u70ae\u7684\u5766\u514b\uff0c\u914d\u5907\u4e86125\u6beb\u7c73\u53e3\u5f84\u706b\u70ae\uff0c\u5c04\u51fb\u80fd\u529b\u6709\u5927\u5e45\u63d0\u5347\u3002", "events": [], "arguments": {"time": [], "loc": [], "country": [{"text": "\u4fc4\u7f57\u65af", "offset": 4, "length": 3}], "weapon": [{"text": "T-14\u201c\u963f\u739b\u5854\u201d\u4e3b\u6218\u5766\u514b", "offset": 8, "length": 13}]}}, {"sentence": "\u65b0\u578b\u7684130\u6beb\u7c73\u706b\u70ae\u5982\u679c\u88ab\u201c\u672a\u6765\u5730\u9762\u6218\u6597\u7cfb\u7edf\u201d\u91c7\u7528\uff0c\u53ef\u80fd\u610f\u5473\u7740\u5317\u7ea6\u6807\u51c6\u5766\u514b\u706b\u70ae\u5c3a\u5bf8\u7684\u91cd\u5927\u53d8\u5316\u3002", "events": [], "arguments": {"time": [], "loc": [], "country": [{"text": "\u5317\u7ea6", "offset": 31, "length": 2}], "weapon": [{"text": "130\u6beb\u7c73\u706b\u70ae", "offset": 3, "length": 7}, {"text": "\u5766\u514b\u706b\u70ae", "offset": 35, "length": 4}]}}, {"sentence": "\u83b1\u8335\u91d1\u5c5e\u5c55\u793a\u4e86\u8fd9\u79cd\u706b\u70ae\u6240\u53d1\u5c04\u7684\u70ae\u5f39\u7684\u5f3a\u5927\u7a7f\u900f\u529b\uff0c\u5728\u673a\u52a8\u884c\u9a76\u6d4b\u8bd5\u4e2d\u8fd9\u6b3e\u65b0\u706b\u70ae\u7684\u8868\u6f14\u4e5f\u76f8\u5f53\u826f\u597d\u3002", "events": [], "arguments": {"time": [], "loc": [], "country": [], "weapon": [{"text": "\u70ae\u5f39", "offset": 15, "length": 2}, {"text": "\u706b\u70ae", "offset": 35, "length": 2}]}}, {"sentence": "\u83b1\u8335\u91d1\u5c5e\u516c\u53f8\u6b66\u5668\u90e8\u95e8\u66fe\u57282015\u5e74\u63a8\u51fa\u4e00\u9879130\u6beb\u7c73\u53e3\u5f84\u5766\u514b\u70ae\u7814\u53d1\u8ba1\u5212\uff0c130\u6beb\u7c73/L51\u706b\u70ae\u57282016\u5e74\u9996\u6b21\u4eae\u76f8\u3002", "events": [], "arguments": {"time": [], "loc": [], "country": [], "weapon": [{"text": "130\u6beb\u7c73/L51\u706b\u70ae", "offset": 36, "length": 11}]}}, {"sentence": "\u968f\u540e\u8be5\u516c\u53f8\u7684\u9ad8\u7ba1\u8868\u793a\uff0c\u53e3\u5f84\u7684\u589e\u52a0\u5c06\u4f7f\u5f97\u5766\u514b\u53ef\u4ee5\u53d1\u5c04\u66f4\u4e3a\u81f4\u547d\u7684\u5f39\u836f\uff0c\u7a7f\u7532\u80fd\u529b\u5c06\u63d0\u5347\u4e00\u500d\u3002", "events": [], "arguments": {"time": [], "loc": [], "country": [], "weapon": [{"text": "\u5766\u514b", "offset": 19, "length": 2}]}}, {"sentence": "\u83b1\u8335\u91d1\u5c5e\u516c\u53f8\u540c\u65f6\u4e5f\u5728\u5f00\u53d1\u4e00\u6b3e\u65b0\u578b\u7684\u5c3e\u7ffc\u7a33\u5b9a\u8131\u58f3\u7a7f\u7532\u5f39\u3002", "events": [], "arguments": {"time": [], "loc": [], "country": [], "weapon": [{"text": "\u5c3e\u7ffc\u7a33\u5b9a\u8131\u58f3\u7a7f\u7532\u5f39", "offset": 17, "length": 9}]}}]