[{"sentence": "\u5308\u7259\u5229\u63a5\u6536\u9996\u6279\u5fb7\u56fd\u201c\u8c79-2\u201d\u5766\u514b\u00a0\u5c06\u53d6\u4ee3\u82cf\u5236T-72\u5766\u514b", "events": [], "arguments": {"time": [], "loc": [], "country": [{"text": "\u5fb7\u56fd", "offset": 7, "length": 2}, {"text": "\u5308\u7259\u5229", "offset": 0, "length": 3}], "weapon": [{"text": "\u201c\u8c79-2\u201d\u5766\u514b", "offset": 9, "length": 7}, {"text": "T-72\u5766\u514b", "offset": 22, "length": 6}]}}, {"sentence": "\u3010\u73af\u7403\u7f51\u62a5\u9053 \u89c1\u4e60\u8bb0\u8005 \u9a6c\u5ca9\u3011", "events": [], "arguments": {"time": [], "loc": [], "country": [], "weapon": []}}, {"sentence": "\u636e\u201c\u9632\u52a1\u65b0\u95fb\u201d\u7f51\u7ad97\u670830\u65e5\u62a5\u9053\uff0c\u5308\u7259\u5229\u9646\u519b\u63a5\u6536\u4e86\u9996\u62794\u8f86\u4e8c\u624b\u201c\u8c79-2\u201d\u5766\u514b\u7528\u4e8e\u8bad\u7ec3\uff0c\u800c\u5176\u8ba2\u8d2d\u768444\u8f86\u65b0\u5766\u514b\u6b63\u5728\u751f\u4ea7\u4e2d\u3002", "events": [{"trigger": {"text": "\u63a5\u6536", "offset": 22, "length": 2}, "subject": {"text": "\u5308\u7259\u5229\u9646\u519b", "offset": 17, "length": 5}, "object": {"text": "4\u8f86\u4e8c\u624b\u201c\u8c79-2\u201d\u5766\u514b", "offset": 27, "length": 11}}], "arguments": {"time": [{"text": "7\u670830\u65e5", "offset": 9, "length": 5}], "loc": [], "country": [{"text": "\u5308\u7259\u5229", "offset": 17, "length": 3}], "weapon": [{"text": "\u201c\u8c79-2\u201d\u5766\u514b", "offset": 31, "length": 7}]}}, {"sentence": "2018\u5e74\u5e95\uff0c\u5308\u7259\u5229\u653f\u5e9c\u8ba2\u8d2d\u4e86\u201c\u8c79-2\u201d\u5766\u514b\u7528\u4e8e\u53d6\u4ee3\u82cf\u5236\u5766\u514b\u3002", "events": [], "arguments": {"time": [], "loc": [{"text": "\u5308\u7259\u5229", "offset": 7, "length": 3}], "country": [{"text": "\u5308\u7259\u5229", "offset": 7, "length": 3}], "weapon": [{"text": "\u201c\u8c79-2\u201d\u5766\u514b", "offset": 15, "length": 7}, {"text": "\u5766\u514b", "offset": 0, "length": 2}]}}, {"sentence": "\u8fd9\u6279\u201c\u8c79-2\u201d\u5766\u514b\u662f\u6700\u65b0\u6539\u8fdb\u578b\u201c\u8c79-2A7+\u201d\uff0c\u5b83\u4eec\u5c06\u53d6\u4ee3\u82cf\u5236T-72\u5766\u514b\u3002", "events": [], "arguments": {"time": [], "loc": [], "country": [], "weapon": [{"text": "\u201c\u8c79-2A7+\u201d", "offset": 15, "length": 8}, {"text": "T-72\u5766\u514b", "offset": 31, "length": 6}]}}, {"sentence": "\u5308\u7259\u5229\u653f\u5e9c\u5728\u5408\u540c\u4e2d\u8fd8\u8ba2\u8d2d\u4e8612\u8f86\u65e7\u6b3e\u7684\u201c\u8c79-2A4\u201d\uff0c\u7528\u4e8e\u57282023\u5e74\u65b0\u5766\u514b\u4ea4\u4ed8\u524d\u7684\u8bad\u7ec3\u3002", "events": [], "arguments": {"time": [], "loc": [], "country": [{"text": "\u5308\u7259\u5229", "offset": 0, "length": 3}], "weapon": [{"text": "\u201c\u8c79-2A4\u201d", "offset": 19, "length": 7}]}}, {"sentence": "\u5fb7\u56fd\u56fd\u9632\u90e8\u957f\u6258\u9a6c\u65af\u2022\u5e0c\u5c14\u4f2f\u5cf0\u8868\u793a\uff0c\u5308\u7259\u5229\u519b\u961f\u83b7\u5f97\u8fd9\u4e9b\u65b0\u88c5\u5907\u53ef\u4ee5\u589e\u5f3a\u5176\u4e0e\u5fb7\u56fd\u519b\u961f\u7684\u4e92\u8054\u4e92\u901a\u6027\uff0c\u5e76\u4e14\u52a0\u5f3a\u4e86\u6b27\u76df\u548c\u5317\u7ea6\u7684\u96c6\u4f53\u9632\u5fa1\u80fd\u529b\u3002", "events": [], "arguments": {"time": [], "loc": [], "country": [{"text": "\u5fb7\u56fd", "offset": 0, "length": 2}, {"text": "\u5308\u7259\u5229", "offset": 17, "length": 3}, {"text": "\u5fb7\u56fd", "offset": 35, "length": 2}, {"text": "\u6b27\u76df", "offset": 51, "length": 2}, {"text": "\u5317\u7ea6", "offset": 54, "length": 2}], "weapon": []}}, {"sentence": "\u5308\u7259\u5229\u8fd1\u5e74\u6765\u4ece\u5fb7\u56fd\u91c7\u8d2d\u7684\u5305\u62ec\u5766\u514b\u3001\u69b4\u5f39\u70ae\u4ee5\u53ca\u5176\u5b83\u91cd\u88c5\u5907\u603b\u4ef7\u503c\u8fbe\u5230\u4e86\u7ea620\u4ebf\u7f8e\u5143\uff0c\u4f7f\u5176\u6210\u4e3a\u76ee\u524d\u5fb7\u56fd\u6b66\u5668\u51fa\u53e3\u7684\u6700\u5927\u5ba2\u6237\u3002", "events": [{"trigger": {"text": "\u91c7\u8d2d", "offset": 9, "length": 2}, "subject": {"text": "", "offset": 0, "length": 0}, "object": {"text": "", "offset": 0, "length": 0}}], "arguments": {"time": [], "loc": [], "country": [{"text": "\u5308\u7259\u5229", "offset": 0, "length": 3}, {"text": "\u5fb7\u56fd", "offset": 7, "length": 2}, {"text": "\u5fb7\u56fd", "offset": 46, "length": 2}], "weapon": [{"text": "\u5766\u514b", "offset": 14, "length": 2}, {"text": "\u69b4\u5f39\u70ae", "offset": 17, "length": 3}]}}, {"sentence": "\uff08\u5b8c\uff09", "events": [], "arguments": {"time": [], "loc": [], "country": [], "weapon": []}}, {"sentence": "\uff08\u5b8c\uff09", "events": [], "arguments": {"time": [], "loc": [], "country": [], "weapon": []}}]