[{"sentence": "\u5370\u519bT-90\u4e3b\u6218\u5766\u514b\u90e8\u7f72\u8fb9\u5883\u5a01\u6151\u529b\u51e0\u4f55\uff1f", "events": [], "arguments": {"time": [], "loc": [], "country": [{"text": "\u5370", "offset": 0, "length": 1}], "weapon": [{"text": "T-90\u4e3b\u6218\u5766\u514b", "offset": 2, "length": 8}]}}, {"sentence": "\u9065\u611f\u56fe\u66dd\u5149\u5370\u519b\u6700\u5927\u786c\u4f24", "events": [], "arguments": {"time": [], "loc": [], "country": [{"text": "\u5370", "offset": 5, "length": 1}], "weapon": []}}, {"sentence": "\u3010\u73af\u7403\u7f51\u519b\u4e8b\u62a5\u9053\u3011", "events": [], "arguments": {"time": [], "loc": [], "country": [], "weapon": []}}, {"sentence": "\u636e\u5370\u5ea6\u5a92\u4f53\u62a5\u9053\uff0c\u65e9\u5728\u4e00\u4e2a\u6708\u524d\uff0c\u5370\u519b\u5c31\u5728\u4e2d\u5370\u8fb9\u5883\u52a0\u52d2\u4e07\u6cb3\u8c37\u5730\u533a\u5df2\u505a\u597d\u5145\u5206\u51c6\u5907\uff0c\u90e8\u7f72T-90\u4e3b\u6218\u5766\u514b\u3002", "events": [], "arguments": {"time": [{"text": "\u4e00\u4e2a\u6708\u524d", "offset": 10, "length": 4}], "loc": [{"text": "\u4e2d\u5370\u8fb9\u5883\u52a0\u52d2\u4e07\u6cb3\u8c37\u5730\u533a", "offset": 19, "length": 11}], "country": [{"text": "\u5370\u5ea6", "offset": 1, "length": 2}], "weapon": [{"text": "T-90\u4e3b\u6218\u5766\u514b", "offset": 40, "length": 8}]}}, {"sentence": "\u4f5c\u4e3a\u5370\u5ea6\u9646\u519b\u4e3b\u529b\uff0c\u540c\u65f6\u4e5f\u662f\u5370\u519b\u6700\u5f3a\u7684T-90\u5766\u514b\uff0c\u5176\u7a76\u7adf\u4f5c\u6218\u80fd\u529b\u5982\u4f55\u5462\uff1f", "events": [], "arguments": {"time": [], "loc": [], "country": [{"text": "\u5370\u5ea6", "offset": 2, "length": 2}], "weapon": [{"text": "T-90\u5766\u514b", "offset": 18, "length": 6}]}}, {"sentence": "\u9065\u611f\u667a\u5e93\u4e0e\u60a8\u4e00\u8d77\u5206\u6790\u4e00\u4e0b\u3002", "events": [], "arguments": {"time": [], "loc": [], "country": [], "weapon": []}}, {"sentence": "\u636e\u4e86\u89e3\uff0cT-90\u5766\u514b\u662f20\u4e16\u7eaa90\u5e74\u4ee3\u521d\u671f\u82cf\u8054/\u4fc4\u7f57\u65af\u7814\u5236\u7684\u4e00\u578b\u7b2c\u4e09\u4ee3\u4e3b\u6218\u5766\u514b\uff0c\u914d\u5907\u6ed1\u819b\u70ae\u3001\u673a\u67aa\u548c\u70df\u5e55\u5f39\u7b49\u6b66\u5668\u3002", "events": [], "arguments": {"time": [], "loc": [], "country": [{"text": "\u82cf\u8054", "offset": 21, "length": 2}, {"text": "\u4fc4\u7f57\u65af", "offset": 24, "length": 3}], "weapon": [{"text": "T-90\u5766\u514b", "offset": 4, "length": 6}, {"text": "\u6218\u5766\u514b", "offset": 0, "length": 3}, {"text": "\u6ed1\u819b\u70ae", "offset": 42, "length": 3}, {"text": "\u673a\u67aa", "offset": 46, "length": 2}, {"text": "\u70df\u5e55\u5f39", "offset": 49, "length": 3}]}}, {"sentence": "\u5176\u4e2d\u88c5\u914d\u7684125\u6beb\u7c73\u6ed1\u819b\u70ae\u4e3a\u4e3b\u6b66\u5668\uff0c\u70ae\u5854\u65cb\u8f6c\u8303\u56f4360\u00b0\uff0c\u706b\u70ae\u4fef\u4ef0\u8303\u56f4-6\u00b0~+14\u00b0\uff0c\u5e76\u914d\u5907\u81ea\u52a8\u88c5\u5f39\u673a\u3002", "events": [], "arguments": {"time": [], "loc": [], "country": [], "weapon": [{"text": "125\u6beb\u7c73\u6ed1\u819b\u70ae", "offset": 5, "length": 8}]}}, {"sentence": "\u7ed3\u5408\u8be5\u5766\u514b\u70ae\u6709\u6548\u5c04\u7a0b\uff0c\u4ece\u9065\u611f\u5f71\u50cf\u5206\u6790\u4e2d\u5370\u8fb9\u5883\u5b9e\u63a7\u7ebf\u6211\u65b9\u4e00\u4fa75-7\u516c\u91cc\u8303\u56f4\u5185\u65e0\u660e\u663e\u4e3b\u6218\u57fa\u5730\uff0c\u4f5c\u6218\u4e3b\u529b\u4e0d\u4f1a\u53d7\u5230\u5927\u7684\u5f71\u54cd\u3002", "events": [], "arguments": {"time": [], "loc": [], "country": [], "weapon": [{"text": "\u5766\u514b\u70ae", "offset": 3, "length": 3}]}}, {"sentence": "\u4e14\u52a0\u52d2\u4e07\u6cb3\u8c37\u4f4d\u4e8e\u6211\u56fd\u65b0\u7586\u963f\u514b\u8d5b\u94a6\u897f\u5357\uff0c\u5370\u63a7\u514b\u4ec0\u7c73\u5c14\u5f53\u9762\uff0c\u8be5\u5730\u533a\u591a\u9ad8\u5c71\u5ce1\u8c37\uff0c\u5730\u5f62\u590d\u6742\uff0c\u8c37\u6df1\u6c9f\u7a84\uff0c\u5c71\u4f53\u5761\u5ea6\u5927\u591a\u9ad8\u81f340\u00b0\u4ee5\u4e0a\uff0c\u7531\u4e8eT-90\u5766\u514b\u53d7\u722c\u5761\u5ea6\u548c\u4fa7\u503e\u5761\u5ea6\u7b49\u9650\u5236\uff0c\u4f5c\u6218\u80fd\u529b\u53d7\u5230\u660e\u663e\u524a\u5f31\u3002", "events": [], "arguments": {"time": [], "loc": [], "country": [], "weapon": [{"text": "T-90\u5766\u514b", "offset": 63, "length": 6}]}}, {"sentence": "\u5370\u519bT-90S\u4e3b\u6218\u5766\u514b", "events": [], "arguments": {"time": [], "loc": [], "country": [{"text": "\u5370", "offset": 0, "length": 1}], "weapon": [{"text": "T-90S\u4e3b\u6218\u5766\u514b", "offset": 2, "length": 9}]}}, {"sentence": "T-90\u5766\u514b\u603b\u4f53\u673a\u52a8\u80fd\u529b\u8f83\u5f3a\uff0c\u8f66\u5e95\u8ddd\u5730\u9ad80.47\u7c73\uff0c\u6700\u5927\u516c\u8def\u901f\u5ea660\u5343\u7c73/\u65f6\uff0c\u516c\u8def\u6700\u5927\u884c\u7a0b550\uff5e650\u5343\u7c73\uff0c\u571f\u8def450\u5343\u7c73\u3002", "events": [], "arguments": {"time": [], "loc": [], "country": [], "weapon": [{"text": "T-90\u5766\u514b", "offset": 0, "length": 6}]}}, {"sentence": "\u5766\u514b\u6d89\u6c34\u6df11.8\u7c73\uff0c\u6f5c\u6c34\u6df15\u7c73\uff0c\u722c\u5761\u5ea631\u00b0\uff0c\u4fa7\u503e\u5761\u5ea622\u00b0\uff0c\u8fc7\u5782\u76f4\u5899\u9ad80.85\u7c73\uff0c\u8d8a\u58d5\u5bbd2.8\u7c73\u3002", "events": [], "arguments": {"time": [], "loc": [], "country": [], "weapon": [{"text": "\u5766\u514b", "offset": 0, "length": 2}]}}, {"sentence": "\u4ece\u536b\u661f\u5f71\u50cf\u4e2d\u53ef\u4ee5\u5224\u51fa\uff0c\u52a0\u52d2\u4e07\u6cb3\u8c37\u897f\u5317\u4fa7\u5370\u519b\u51e0\u5904\u636e\u70b9\u5747\u6709\u571f\u8d28\u9053\u8def\u76f8\u8fde\uff0c\u5bbd\u7ea64\u7c73\uff0c\u5e76\u5411\u5317\u4e0e\u6597\u62c9\u7279\u522b\u5965\u91cc\u673a\u573a\u76f8\u8fde\uff0c\u5411\u4e1c\u5357\u5ef6\u4f38\u81f3\u52a0\u52d2\u4e07\u6cb3\u8c37\u5730\u533a\u3002", "events": [], "arguments": {"time": [], "loc": [], "country": [], "weapon": []}}, {"sentence": "T-90\u5766\u514b\u7ecf\u7531\u4e0a\u8ff0\u571f\u8def\u53ef\u901a\u5f80\u52a0\u52d2\u4e07\u6cb3\u8c37\u5730\u533a\uff0c\u5176\u6700\u5927\u884c\u7a0b\u53ef\u8986\u76d6\u6cb3\u8c37\u81f3\u6211\u5b9e\u63a7\u7ebf\u4ee5\u5185\u3002", "events": [], "arguments": {"time": [], "loc": [], "country": [], "weapon": [{"text": "T-90\u5766\u514b", "offset": 0, "length": 6}]}}, {"sentence": "\u4f46\u662f\uff0c\u4e0a\u8ff0\u9053\u8def\u5927\u591a\u6cbf\u7740\u5c71\u8c37\u4fee\u5efa\uff0c\u9053\u9762\u6613\u53d7\u66b4\u96e8\u5f71\u54cd\uff0c\u4e14\u6cb3\u8c37\u95f4\u591a\u7b80\u6613\u6865\u6881\uff0c\u96be\u4ee5\u627f\u53d7\u5766\u514b46\u5428\u7684\u6218\u6597\u5168\u91cd\uff0c\u901a\u884c\u56f0\u96be\u3002", "events": [], "arguments": {"time": [], "loc": [], "country": [], "weapon": [{"text": "\u5766\u514b", "offset": 39, "length": 2}]}}, {"sentence": "\u5370\u5ea6\u5728\u52a0\u52d2\u4e07\u6cb3\u8c37\u5730\u533a\u8bbe\u7f6e\u591a\u5904\u636e\u70b9\uff0c\u8bbe\u6709\u4e34\u65f6\u6307\u6325\u90e8\u3001\u8425\u623f\u548c\u5e93\u623f\u7b49\u8bbe\u65bd\uff0c\u662f\u5370\u519b\u4f4d\u8be5\u5730\u533a\u4e3b\u8981\u4f5c\u6218\u548c\u4fdd\u969c\u57fa\u5730\u3002", "events": [], "arguments": {"time": [], "loc": [], "country": [{"text": "\u5370\u5ea6", "offset": 0, "length": 2}], "weapon": []}}, {"sentence": "\u5370\u519b\u8fd8\u5229\u7528\u5e10\u7bf7\u3001\u8f66\u8f86\u7b49\u65b9\u4fbf\u79fb\u52a8\u8bbe\u65bd\u5728\u8be5\u5730\u533a\u5f00\u8bbe\u4e34\u65f6\u636e\u70b9\u3002", "events": [], "arguments": {"time": [], "loc": [], "country": [{"text": "\u5370", "offset": 0, "length": 1}], "weapon": []}}, {"sentence": "\u6b64\u5916\uff0c\u6597\u62c9\u7279\u522b\u5965\u91cc\u673a\u573a\u4fee\u5efa\u4e8e\u8ddd\u4e2d\u5370\u8fb9\u5883\u5b9e\u63a7\u7ebf\u8d8a9\u516c\u91cc\u5904\uff0c\u5efa\u6709\u8425\u623f\u3001\u5e93\u623f\u7b49\u4fdd\u969c\u8bbe\u65bd\u3002", "events": [], "arguments": {"time": [], "loc": [], "country": [], "weapon": []}}, {"sentence": "\u4e0a\u8ff0\u636e\u70b9\u548c\u673a\u573a\u53ef\u4e3aT-90\u5766\u514b\u90e8\u7f72\u63d0\u4f9b\u7ef4\u62a4\u4fdd\u517b\u3001\u7269\u8d44\u8865\u7ed9\u3001\u6f14\u4e60\u8bad\u7ec3\u7b49\u4fdd\u969c\u6761\u4ef6\u3002", "events": [{"trigger": {"text": "\u6f14\u4e60\u8bad\u7ec3", "offset": 29, "length": 4}, "subject": {"text": "T-90\u5766\u514b", "offset": 9, "length": 6}, "object": {"text": "", "offset": 0, "length": 0}}], "arguments": {"time": [], "loc": [], "country": [], "weapon": [{"text": "T-90\u5766\u514b", "offset": 9, "length": 6}]}}, {"sentence": "\u6b64\u5916\uff0c\u6cb3\u8c37\u90e8\u5206\u533a\u57df\u6709\u826f\u597d\u690d\u88ab\u8986\u76d6\uff0c\u53ef\u6210\u4e3a\u5370\u5766\u514b\u63a9\u853d\u9690\u85cf\u7684\u5929\u7136\u5c4f\u969c\u3002", "events": [], "arguments": {"time": [], "loc": [], "country": [], "weapon": [{"text": "\u5370\u5766\u514b", "offset": 20, "length": 3}]}}, {"sentence": "\u5c3d\u7ba1\u5370\u519b\u5728\u52a0\u52d2\u4e07\u6cb3\u8c37\u5730\u533a\u90e8\u7f72T-90\u5766\u514b\u4ee5\u589e\u52a0\u5176\u5e94\u5bf9\u4e2d\u5370\u8fb9\u5883\u5730\u533a\u5c40\u52bf\u7684\u7b79\u7801\uff0c\u7136\u800c\u7531\u4e8eT-90\u7535\u5b50\u8bbe\u5907\u7684\u5f31\u70b9\uff0c\u7ed3\u5408\u5f53\u5730\u7684\u5730\u5f62\u548c\u6c14\u5019\u6761\u4ef6\u5f71\u54cd\uff0c\u5176\u5b9e\u9645\u80fd\u53d1\u6325\u7684\u4f5c\u7528\u6709\u5f85\u8fdb\u4e00\u6b65\u8003\u8bc1\u3002", "events": [], "arguments": {"time": [], "loc": [], "country": [], "weapon": []}}, {"sentence": "\u636e\u300a\u4eca\u65e5\u5370\u5ea6\u300b7\u670824\u65e5\u62a5\u9053\u79f0\uff0c\u5728\u4e2d\u5370\u5bf9\u5cd9\u7684\u52a0\u52d2\u4e07\u6cb3\u8c37\u5730\u533a\uff0c\u6b64\u524d\u6301\u7eed\u5927\u96e8\u5bfc\u81f4\u6d2a\u6c34\u6cdb\u6ee5\uff0c\u4f9d\u5c71\u8c37\u4fee\u5efa\u7684\u571f\u8def\u65e0\u6cd5\u901a\u884c\uff0c\u5df2\u7136\u4e25\u91cd\u5f71\u54cd\u5305\u62ecT-90\u4e3b\u6218\u5766\u514b\u5728\u5185\u7684\u5370\u519b\u88c5\u7532\u90e8\u961f\u7684\u901a\u884c\u548c\u4f5c\u6218\u80fd\u529b\uff0c\u867d\u7136\u76ee\u524d\u8fd9\u4e9b\u9053\u8def\u5df2\u7ecf\u88ab\u5370\u5ea6\u5de5\u7a0b\u90e8\u961f\u7d27\u6025\u62a2\u4fee\uff0c\u5e76\u65b0\u5efa\u591a\u5ea7\u6865\u6881\uff0c\u4f46\u8fd9\u79cd\u8106\u5f31\u7684\u73af\u5883\u5f88\u96be\u4fdd\u8bc1\u88c5\u7532\u90e8\u961f\u7684\u6b63\u5e38\u90e8\u7f72", "events": [], "arguments": {"time": [], "loc": [], "country": [{"text": "\u5370\u5ea6", "offset": 4, "length": 2}, {"text": "\u5370\u5ea6", "offset": 101, "length": 2}], "weapon": [{"text": "T-90\u4e3b\u6218\u5766\u514b", "offset": 64, "length": 8}]}}]