[{"sentence": "\u7f8e\u56fd\u201c\u6bc5\u529b\u201d\u53f7\u706b\u661f\u8f66\u53d1\u5c04\u5347\u7a7a\uff0c\u5c06\u4e8e2021\u5e742\u6708\u767b\u9646\u706b\u661f", "events": [], "arguments": {"time": [], "loc": [], "country": [{"text": "\u7f8e\u56fd", "offset": 0, "length": 2}], "weapon": [{"text": "\u201c\u6bc5\u529b\u201d\u53f7\u706b\u661f\u8f66", "offset": 2, "length": 8}]}}, {"sentence": "\u3010\u73af\u7403\u65f6\u62a5\u7efc\u5408\u62a5\u9053\u3011", "events": [], "arguments": {"time": [], "loc": [], "country": [], "weapon": []}}, {"sentence": "\u5317\u4eac\u65f6\u95f47\u670830\u65e519\u65f650\u5206\uff0c\u643a\u5e26\u7740\u7f8e\u56fd\u201c\u6bc5\u529b\u201d\u53f7\u706b\u661f\u8f66\u7684\u201c\u706b\u661f-2020\u201d\u63a2\u6d4b\u5668\u5728\u7f8e\u56fd\u80af\u5c3c\u8fea\u822a\u5929\u4e2d\u5fc3\u53d1\u5c04\u5347\u7a7a\uff0c\u6210\u4e3a\u4eca\u5e74\u7ee7\u963f\u8054\u914b\u201c\u5e0c\u671b\u201d\u53f7\u3001\u4e2d\u56fd\u201c\u5929\u95ee\u4e00\u53f7\u201d\u4e4b\u540e\u7b2c\u4e09\u4e2a\u5f00\u542f\u706b\u661f\u4e4b\u65c5\u7684\u4eba\u7c7b\u63a2\u6d4b\u5668\u3002", "events": [], "arguments": {"time": [], "loc": [], "country": [{"text": "\u7f8e\u56fd", "offset": 19, "length": 2}, {"text": "\u7f8e\u56fd", "offset": 43, "length": 2}, {"text": "\u963f\u8054\u914b", "offset": 62, "length": 3}, {"text": "\u4e2d\u56fd", "offset": 71, "length": 2}], "weapon": [{"text": "\u201c\u6bc5\u529b\u201d\u53f7\u706b\u661f\u8f66", "offset": 21, "length": 8}, {"text": "\u201c\u706b\u661f-2020\u201d\u63a2\u6d4b\u5668", "offset": 30, "length": 12}, {"text": "\u201c\u5e0c\u671b\u201d\u53f7", "offset": 65, "length": 5}, {"text": "\u201c\u5929\u95ee\u4e00\u53f7\u201d", "offset": 73, "length": 6}]}}, {"sentence": "\u672c\u6b21\u53d1\u5c04\u4efb\u52a1\u4f7f\u7528\u963f\u7279\u62c9\u65af-5\u578b\u8fd0\u8f7d\u706b\u7bad\uff0c\u4e5f\u662fNASA\u7b2c5\u6b21\u7528\u8be5\u578b\u706b\u7bad\u53d1\u5c04\u706b\u661f\u63a2\u6d4b\u5668\u3002", "events": [], "arguments": {"time": [], "loc": [], "country": [], "weapon": [{"text": "\u963f\u7279\u62c9\u65af-5\u578b\u8fd0\u8f7d\u706b\u7bad", "offset": 8, "length": 11}, {"text": "\u706b\u661f\u63a2\u6d4b\u5668", "offset": 36, "length": 5}]}}, {"sentence": "\u6309\u7167\u8ba1\u5212\uff0c\u201c\u6bc5\u529b\u201d\u53f7\u706b\u661f\u8f66\u5c06\u4e8e2021\u5e742\u6708\u767b\u9646\u706b\u661f\u3002", "events": [], "arguments": {"time": [], "loc": [], "country": [], "weapon": [{"text": "\u201c\u6bc5\u529b\u201d\u53f7\u706b\u661f\u8f66", "offset": 5, "length": 8}]}}]