[{"sentence": "\u65e5\u672c\u9996\u67b6KC-46A\u7a7a\u4e2d\u52a0\u6cb9\u673a\u66dd\u5149\u00a0\u6b63\u5728\u6ce2\u97f3\u5de5\u5382\u79d8\u5bc6\u7ec4\u88c5", "events": [], "arguments": {"time": [], "loc": [], "country": [{"text": "\u65e5\u672c", "offset": 0, "length": 2}], "weapon": [{"text": "KC-46A\u7a7a\u4e2d\u52a0\u6cb9\u673a", "offset": 4, "length": 11}]}}, {"sentence": "\u3010\u73af\u7403\u7f51\u62a5\u9053 \u8bb0\u8005 \u5f90\u7490\u660e\u3011", "events": [], "arguments": {"time": [{"text": "7\u670830\u65e5", "offset": -1, "length": 5}], "loc": [], "country": [], "weapon": []}}, {"sentence": "7\u670830\u65e5\u5728\u793e\u4ea4\u5a92\u4f53\u4e0a\u66dd\u5149\u7684\u7167\u7247\u663e\u793a\uff0c\u7f8e\u56fd\u6ce2\u97f3\u516c\u53f8\u4e3a\u65e5\u672c\u81ea\u536b\u961f\u751f\u4ea7\u7684\u9996\u67b6KC-46A\u52a0\u6cb9\u673a\u6b63\u5728\u6ce2\u97f3\u7684\u57c3\u5f17\u96f7\u7279\u5de5\u5382\u8fdb\u884c\u7ec4\u88c5\u751f\u4ea7\u3002", "events": [], "arguments": {"time": [], "loc": [{"text": "\u65e5\u672c", "offset": 26, "length": 2}], "country": [{"text": "\u7f8e\u56fd", "offset": 19, "length": 2}, {"text": "\u65e5\u672c", "offset": 26, "length": 2}], "weapon": [{"text": "KC-46A\u52a0\u6cb9\u673a", "offset": 36, "length": 9}]}}, {"sentence": "\u4ece\u753b\u9762\u4e2d\u53ef\u4ee5\u770b\u5230\u8fd9\u67b6KC-46A\u52a0\u6cb9\u673a\u5df2\u7ecf\u57fa\u672c\u6210\u578b\uff0c\u5e76\u5237\u6d82\u4e0a\u4e86\u65e5\u672c\u822a\u7a7a\u81ea\u536b\u961f\u7684\u6d82\u88c5\u548c\u56fe\u6807\uff0c\u5782\u5c3e\u4e0a\u55b7\u6d82\u6709\u7f16\u53f7\u201c14-3611\u201d\u3002", "events": [], "arguments": {"time": [], "loc": [], "country": [{"text": "\u65e5\u672c", "offset": 31, "length": 2}], "weapon": [{"text": "KC-46A\u52a0\u6cb9\u673a", "offset": 10, "length": 9}]}}, {"sentence": "\u6ce2\u97f3\u516c\u53f8\u76ee\u524d\u5df2\u7ecf\u5411\u7f8e\u56fd\u7a7a\u519b\u4ea4\u4ed8\u4e8630\u591a\u67b6\u7684KC-4A\u578b\u52a0\u6cb9\u673a\uff0c\u4f46\u540c\u65f6\u4e5f\u5728\u79ef\u6781\u63a8\u8fdb\u8be5\u673a\u7684\u5916\u9500\u5de5\u4f5c\uff0c\u800c\u65e5\u672c\u5c31\u662f\u8fd9\u6b3e\u65b0\u578b\u7a7a\u4e2d\u52a0\u6cb9\u673a\u7684\u9996\u4e2a\u7f8e\u56fd\u56fd\u5916\u7528\u6237\u3002", "events": [{"trigger": {"text": "\u4ea4\u4ed8", "offset": 13, "length": 2}, "subject": {"text": "\u6ce2\u97f3\u516c\u53f8", "offset": 0, "length": 4}, "object": {"text": "30\u591a\u67b6\u7684KC-4A\u578b\u52a0\u6cb9\u673a", "offset": 16, "length": 14}}], "arguments": {"time": [], "loc": [], "country": [{"text": "\u7f8e\u56fd", "offset": 9, "length": 2}, {"text": "\u65e5\u672c", "offset": 49, "length": 2}, {"text": "\u7f8e\u56fd", "offset": 65, "length": 2}], "weapon": [{"text": "KC-4A", "offset": 21, "length": 5}, {"text": "KC-4A\u578b\u52a0\u6cb9\u673a", "offset": 21, "length": 9}]}}, {"sentence": "AINonline\u7f51\u7ad9\u66fe\u5728\u53bb\u5e749\u670812\u65e5\u62a5\u9053\u79f0\uff0c\u6ce2\u97f3\u516c\u53f8\u5df2\u7ecf\u5f00\u59cb\u7ec4\u88c5\u4e3a\u65e5\u672c\u822a\u7a7a\u81ea\u536b\u961f\u751f\u4ea7\u7684KC-46A\u52a0\u6cb9\u673a\u3002", "events": [], "arguments": {"time": [], "loc": [], "country": [{"text": "\u65e5\u672c", "offset": 35, "length": 2}], "weapon": [{"text": "KC-46A\u52a0\u6cb9\u673a", "offset": 45, "length": 9}]}}, {"sentence": "\u65e5\u672c\u4e00\u5171\u8ba2\u8d2d\u4e86\u4e24\u67b6\u8be5\u673a\uff0c\u5206\u522b\u662f\u57282017\u5e74\u548c2018\u5e74\u3002", "events": [], "arguments": {"time": [], "loc": [], "country": [{"text": "\u65e5\u672c", "offset": 0, "length": 2}], "weapon": []}}, {"sentence": "\u65e5\u672c\u5c06\u57282021\u5e74\u83b7\u5f97\u8fd9\u6b3e\u52a0\u6cb9\u673a\u3002", "events": [], "arguments": {"time": [], "loc": [], "country": [{"text": "\u65e5\u672c", "offset": 0, "length": 2}], "weapon": [{"text": "\u52a0\u6cb9\u673a", "offset": 13, "length": 3}]}}, {"sentence": "\u4f46\u662f\u8be5\u673a\u968f\u540e\u66dd\u51fa\u7684\u4e00\u7cfb\u5217\u95ee\u9898\u5bfc\u81f4\u8be5\u673a\u7684\u751f\u4ea7\u8ba1\u5212\u53d7\u5230\u5f71\u54cd\u3002", "events": [], "arguments": {"time": [], "loc": [], "country": [], "weapon": []}}, {"sentence": "\u68c0\u67e5\u4eba\u5458\u591a\u6b21\u5728\u5373\u5c06\u4ea4\u4ed8\u7684\u65b0\u673a\u5185\u90e8\u53d1\u73b0\u5f02\u7269\u6b8b\u9ab8\u788e\u7247\u3002", "events": [], "arguments": {"time": [], "loc": [], "country": [], "weapon": []}}, {"sentence": "\u57282019\u5e741\u6708\u6ce2\u97f3\u5f00\u59cb\u5411\u7f8e\u56fd\u7a7a\u519b\u4ea4\u4ed8KC-46A\u52a0\u6cb9\u673a\u540e\u4ec5\u4ec5\u8fc7\u4e86\u4e00\u4e2a\u6708\uff0c\u7f8e\u56fd\u7a7a\u519b\u5c31\u53d1\u73b0\u8fd9\u6b3e\u52a0\u6cb9\u673a\u4e2d\u6709\u9057\u7559\u7684\u5f02\u7269\u788e\u7247\uff0c\u5305\u62ec\u7528\u4e8e\u5236\u9020\u98de\u673a\u7684\u5de5\u5177\u548c\u5176\u4ed6\u5236\u9020\u6750\u6599\uff0c\u8fd9\u662f\u6f5c\u5728\u7684\u5b89\u5168\u9690\u60a3\u3002", "events": [], "arguments": {"time": [], "loc": [], "country": [{"text": "\u7f8e\u56fd", "offset": 13, "length": 2}, {"text": "\u7f8e\u56fd", "offset": 37, "length": 2}], "weapon": [{"text": "KC-46A\u52a0\u6cb9\u673a", "offset": 19, "length": 9}]}}, {"sentence": "\u7f8e\u56fd\u7a7a\u519b\u57282019\u5e743\u6708\u548c4\u6708\u5bf9\u8fd9\u4e00\u95ee\u9898\u8fdb\u884c\u4e86\u8c03\u67e5\uff0c\u5e76\u5728\u6570\u5468\u5185\u505c\u6b62\u63a5\u6536\u8fd9\u6b3e\u65b0\u578b\u52a0\u6cb9\u673a\u3002", "events": [], "arguments": {"time": [], "loc": [], "country": [{"text": "\u7f8e\u56fd", "offset": 0, "length": 2}], "weapon": [{"text": "\u52a0\u6cb9\u673a", "offset": 39, "length": 3}]}}, {"sentence": "\u800c\u5728\u4eca\u5e74\u76844\u6708\u521d\uff0cKC-46A\u52a0\u6cb9\u673a\u8fd8\u88ab\u66dd\u51fa\u4e86\u65b0\u7684\u6545\u969c\u2014\u2014\u201c\u8fc7\u5ea6\u71c3\u6cb9\u6cc4\u6f0f\u201d\u3002", "events": [], "arguments": {"time": [], "loc": [], "country": [], "weapon": [{"text": "KC-46A\u52a0\u6cb9\u673a", "offset": 9, "length": 9}]}}, {"sentence": "\u636e\u7f8e\u56fd\u7a7a\u519b\u79f0\uff0c\u8fd9\u4e00\u6545\u969c\u662f\u57282019\u5e74\u590f\u5929\u9996\u6b21\u53d1\u73b0\uff0c\u4f46\u6700\u8fd1\u624d\u88ab\u8ba4\u5b9a\u4e3a\u662f\u201c\u4e00\u7c7b\u4e8b\u6545\u201d\u3002", "events": [], "arguments": {"time": [], "loc": [], "country": [{"text": "\u7f8e\u56fd", "offset": 1, "length": 2}], "weapon": []}}, {"sentence": "KC-46A\u52a0\u6cb9\u673a\u4f7f\u7528\u4e86\u5197\u4f59\u71c3\u6599\u4fdd\u62a4\u6765\u9632\u6b62\u71c3\u6cb9\u6cc4\u9732\u3002", "events": [], "arguments": {"time": [], "loc": [], "country": [], "weapon": [{"text": "KC-46A\u52a0\u6cb9\u673a", "offset": 0, "length": 9}]}}, {"sentence": "\u7136\u800c\uff0c\u673a\u7ec4\u4eba\u5458\u5728\u4e00\u4e9b\u98de\u673a\u7684\u4e00\u7ea7\u548c\u4e8c\u7ea7\u71c3\u6599\u9694\u5c42\u4e4b\u95f4\u53d1\u73b0\u4e86\u71c3\u6cb9\u3002", "events": [], "arguments": {"time": [], "loc": [], "country": [], "weapon": [{"text": "\u98de\u673a", "offset": 10, "length": 2}]}}]