[{"sentence": "\u9635\u98ce\u6218\u673a\u5230\u8d27\u5370\u9632\u957f\u4e00\u987f\u731b\u5938\uff1a\u5c06\u5f7b\u5e95\u6539\u53d8\u5370\u5ea6\u7a7a\u519b\u7684\u80fd\u529b", "events": [], "arguments": {"time": [], "loc": [], "country": [{"text": "\u5370\u5ea6", "offset": 19, "length": 2}], "weapon": [{"text": "\u9635\u98ce\u6218\u673a", "offset": 0, "length": 4}]}}, {"sentence": "\u3010\u73af\u7403\u7f51\u62a5\u9053 \u8bb0\u8005 \u5f90\u7490\u660e\u3011", "events": [], "arguments": {"time": [], "loc": [], "country": [], "weapon": []}}, {"sentence": "\u9996\u62795\u67b6\u201c\u9635\u98ce\u201d\u6218\u6597\u673a\u5df2\u7ecf\u62b5\u8fbe\u5370\u5ea6\uff0c\u5370\u5ea6\u56fd\u9632\u90e8\u957f\u5bf9\u8be5\u673a\u7ed9\u4e88\u9ad8\u5ea6\u8bc4\u4ef7\uff0c\u79f0\u8be5\u673a\u5c06\u5f7b\u5e95\u6539\u53d8\u5370\u5ea6\u7a7a\u519b\u7684\u80fd\u529b\u3002", "events": [], "arguments": {"time": [], "loc": [], "country": [{"text": "\u5370\u5ea6", "offset": 42, "length": 2}, {"text": "\u5370\u5ea6", "offset": 15, "length": 2}, {"text": "\u5370\u5ea6", "offset": 18, "length": 2}], "weapon": [{"text": "\u201c\u9635\u98ce\u201d\u6218\u6597\u673a", "offset": 4, "length": 7}]}}, {"sentence": "\u636e\u300a\u5370\u5ea6\u65af\u5766\u65f6\u62a5\u300b7\u670830\u65e5\u62a5\u9053\uff0c7\u670829\u65e55\u67b6\u201c\u9635\u98ce\u201d\u6218\u6597\u673a\u7ecf\u8fc7\u957f\u8fbe8500\u516c\u91cc\u8ddd\u79bb\u7684\u98de\u884c\u540e\uff0c\u964d\u843d\u5728\u4e86\u5370\u5ea6\u5b89\u5df4\u62c9\u7a7a\u519b\u57fa\u5730\u3002", "events": [], "arguments": {"time": [{"text": "7\u670829\u65e5", "offset": 17, "length": 5}], "loc": [{"text": "\u5370\u5ea6\u5b89\u5df4\u62c9\u7a7a\u519b\u57fa\u5730", "offset": 52, "length": 9}], "country": [{"text": "\u5370\u5ea6", "offset": 52, "length": 2}], "weapon": [{"text": "\u201c\u9635\u98ce\u201d\u6218\u6597\u673a", "offset": 24, "length": 7}]}}, {"sentence": "\u5370\u5ea6\u56fd\u9632\u90e8\u957f\u62c9\u6770\u7eb3\u7279\u00b7\u8f9b\u683c\u5728\u201c\u9635\u98ce\u201d\u6218\u6597\u673a\u7740\u9646\u540e\u4e0d\u4e45\u8868\u793a\uff0c\u8fd9\u4e9b\u65b0\u6218\u673a\u5c06\u589e\u5f3a\u5370\u5ea6\u7a7a\u519b\u7684\u4f5c\u6218\u80fd\u529b\uff0c\u5e94\u5bf9\u9488\u5bf9\u5370\u5ea6\u7684\u4efb\u4f55\u5a01\u80c1\u3002", "events": [], "arguments": {"time": [], "loc": [], "country": [{"text": "\u5370\u5ea6", "offset": 0, "length": 2}, {"text": "\u5370\u5ea6", "offset": 37, "length": 2}, {"text": "\u5370\u5ea6", "offset": 51, "length": 2}], "weapon": [{"text": "\u201c\u9635\u98ce\u201d\u6218\u6597\u673a", "offset": 14, "length": 7}]}}, {"sentence": "\u4ed6\u8bf4\uff1a\u201c\u8fd9\u6b3e\u6218\u673a\u6709\u7740\u975e\u5e38\u4f18\u79c0\u7684\u98de\u884c\u6027\u80fd\uff0c\u5b83\u6240\u914d\u5907\u7684\u6b66\u5668\u3001\u96f7\u8fbe\u3001\u4f20\u611f\u5668\u548c\u7535\u5b50\u6218\u80fd\u529b\u51e0\u4e4e\u90fd\u662f\u4e16\u754c\u4e00\u6d41\u7684\u3002", "events": [], "arguments": {"time": [], "loc": [], "country": [], "weapon": [{"text": "\u6218\u673a", "offset": 6, "length": 2}]}}, {"sentence": "\u5b83\u7684\u5230\u6765\u5c06\u4f7f\u5370\u5ea6\u7a7a\u519b\u66f4\u52a0\u5f3a\u5927\uff0c\u80fd\u591f\u5a01\u6151\u4efb\u4f55\u53ef\u80fd\u5bf9\u6211\u4eec\u56fd\u5bb6\u6784\u6210\u7684\u5a01\u80c1\u3002", "events": [], "arguments": {"time": [], "loc": [], "country": [{"text": "\u5370\u5ea6", "offset": 6, "length": 2}], "weapon": []}}, {"sentence": "\u201d", "events": [], "arguments": {"time": [], "loc": [], "country": [], "weapon": []}}, {"sentence": "\u8f9b\u683c\u8fd8\u5728\u793e\u4ea4\u5a92\u4f53\u4e0a\u5199\u9053\uff1a\u201c\u2018\u9635\u98ce\u2019\u6218\u6597\u673a\u7684\u964d\u843d\u6807\u5fd7\u7740\u5370\u5ea6\u519b\u4e8b\u5386\u53f2\u65b0\u7eaa\u5143\u7684\u5f00\u59cb\uff0c\u8fd9\u6b3e\u591a\u7528\u9014\u6218\u6597\u673a\u5c06\u5f7b\u5e95\u6539\u53d8\u5370\u5ea6\u7a7a\u519b\u7684\u80fd\u529b\u3002", "events": [], "arguments": {"time": [], "loc": [], "country": [{"text": "\u5370\u5ea6", "offset": 26, "length": 2}, {"text": "\u5370\u5ea6", "offset": 52, "length": 2}], "weapon": [{"text": "\u201c\u2018\u9635\u98ce\u2019\u6218\u6597\u673a", "offset": 12, "length": 8}]}}, {"sentence": "\u201d", "events": [], "arguments": {"time": [], "loc": [], "country": [], "weapon": []}}, {"sentence": "\u62a5\u9053\u79f0\uff0c\u6b64\u524d\u5c31\u6709\u5370\u5ea6\u4e13\u5bb6\u8868\u793a\uff0c\u201c\u9635\u98ce\u201d\u6218\u6597\u673a\u5c06\u663e\u8457\u589e\u5f3a\u5370\u5ea6\u7a7a\u519b\u7684\u8fdb\u653b\u80fd\u529b\uff0c\u662f\u201c\u6e38\u620f\u89c4\u5219\u7684\u6539\u53d8\u8005\u201d\u3002", "events": [], "arguments": {"time": [], "loc": [], "country": [{"text": "\u5370\u5ea6", "offset": 8, "length": 2}, {"text": "\u5370\u5ea6", "offset": 27, "length": 2}], "weapon": [{"text": "\u201c\u9635\u98ce\u201d\u6218\u6597\u673a", "offset": 15, "length": 7}]}}, {"sentence": "\u5370\u5ea6\u7a7a\u519b\u6218\u529b\u7814\u7a76\u4e2d\u5fc3\u526f\u4e3b\u4efb\u3001\u7a7a\u519b\u5c11\u5c06\u66fc\u83ab\u6c49\u00b7\u5df4\u54c8\u675c\u5c14\u8868\u793a\uff0c\u9635\u98ce\u6218\u6597\u673a\u7684\u5230\u6765\u53ea\u662f\u4e2a\u5f00\u59cb\uff0c\u201c\u5370\u5ea6\u7a7a\u519b\u5c06\u5728\u5c3d\u53ef\u80fd\u77ed\u7684\u65f6\u95f4\u5185\u5c06\u2018\u9635\u98ce\u2019\u878d\u5165\u5176\u653b\u51fb\u4f53\u7cfb\u201d\u3002", "events": [], "arguments": {"time": [], "loc": [], "country": [{"text": "\u5370\u5ea6", "offset": 0, "length": 2}, {"text": "\u5370\u5ea6", "offset": 44, "length": 2}], "weapon": [{"text": "\u9635\u98ce\u6218\u6597\u673a", "offset": 29, "length": 5}, {"text": "\u2018\u9635\u98ce\u2019", "offset": 59, "length": 4}]}}, {"sentence": "\u62a5\u9053\u79f0\uff0c\u9996\u6279\u201c\u9635\u98ce\u201d\u6218\u6597\u673a\u5c06\u88c5\u5907\u5370\u5ea6\u7a7a\u519b\u7b2c17\u201c\u91d1\u7bad\u201d\u4e2d\u961f\uff0c\u800c\u7387\u961f\u5c06\u201c\u9635\u98ce\u201d\u6218\u6597\u5f00\u56de\u5370\u5ea6\u7684\u98de\u884c\u5458\u662f\u7b2c17\u4e2d\u961f\u7684\u6307\u6325\u5b98\u54c8\u5c14\u57fa\u62c9\u7279\u00b7\u8f9b\u683c\u3002", "events": [], "arguments": {"time": [], "loc": [], "country": [{"text": "\u5370\u5ea6", "offset": 16, "length": 2}, {"text": "\u5370\u5ea6", "offset": 42, "length": 2}], "weapon": [{"text": "\u201c\u9635\u98ce\u201d\u6218\u6597", "offset": 34, "length": 6}]}}, {"sentence": "\u5728\u201c\u9635\u98ce\u201d\u6218\u6597\u673a\u98de\u56de\u5370\u5ea6\u7684\u9014\u4e2d\uff0c\u90e8\u7f72\u5728\u897f\u963f\u62c9\u4f2f\u6d77\u7684\u5370\u5ea6\u6d77\u519b\u201c\u52a0\u5c14\u5404\u7b54\u201d\u53f7\u9a71\u9010\u8230\u901a\u8fc7\u65e0\u7ebf\u7535\u4e0e\u54c8\u5c14\u57fa\u62c9\u7279\u00b7\u8f9b\u683c\u53d6\u5f97\u8054\u7cfb\uff0c\u8230\u957f\u5bf9\u98de\u884c\u5458\u4eec\u7684\u5230\u6765\u8868\u793a\u6b22\u8fce\u3002", "events": [], "arguments": {"time": [], "loc": [], "country": [{"text": "\u5370\u5ea6", "offset": 10, "length": 2}, {"text": "\u5370\u5ea6", "offset": 25, "length": 2}], "weapon": [{"text": "\u201c\u9635\u98ce\u201d\u6218\u6597\u673a", "offset": 1, "length": 7}, {"text": "\u201c\u52a0\u5c14\u5404\u7b54\u201d\u53f7\u9a71\u9010\u8230", "offset": 29, "length": 10}]}}, {"sentence": "\u8f9b\u683c\u5bf9\u6b64\u56de\u5e94\u8bf4\uff1a\u201c\u6211\u5bf9\u6b64\u5fc3\u6000\u611f\u6fc0\uff0c\u6709\u4e00\u8258\u5370\u5ea6\u519b\u8230\u5728\u6d77\u4e0a\u4e3a\u6211\u4eec\u62a4\u822a\u662f\u6700\u4ee4\u4eba\u653e\u5fc3\u7684\u4e8b\u3002", "events": [], "arguments": {"time": [], "loc": [], "country": [{"text": "\u5370\u5ea6", "offset": 20, "length": 2}], "weapon": [{"text": "\u519b\u8230", "offset": 22, "length": 2}]}}, {"sentence": "\u201d", "events": [], "arguments": {"time": [], "loc": [], "country": [], "weapon": []}}, {"sentence": "2016\u5e749\u6708\uff0c\u5370\u5ea6\u4e0e\u6cd5\u56fd\u7b7e\u7f72\u4ef7\u503c\u8d856000\u4ebf\u5362\u6bd4\uff08\u7ea6\u540880.4\u4ebf\u7f8e\u5143\uff09\u7684\u5408\u540c\uff0c\u8d2d\u4e7036\u67b6\u201c\u9635\u98ce\u201d\u6218\u673a\u3002", "events": [{"trigger": {"text": "\u8d2d\u4e70", "offset": 40, "length": 2}, "subject": {"text": "\u5370\u5ea6", "offset": 8, "length": 2}, "object": {"text": "36\u67b6\u201c\u9635\u98ce\u201d\u6218\u673a", "offset": 42, "length": 9}}], "arguments": {"time": [], "loc": [], "country": [{"text": "\u5370\u5ea6", "offset": 8, "length": 2}, {"text": "\u6cd5\u56fd", "offset": 11, "length": 2}], "weapon": [{"text": "\u201c\u9635\u98ce\u201d\u6218\u673a", "offset": 45, "length": 6}]}}, {"sentence": "\u5176\u4e2d\uff0c30\u67b6\u4e3a\u4f5c\u6218\u98de\u673a\uff0c6\u67b6\u53cc\u5ea7\u578b\u4f5c\u4e3a\u8bad\u7ec3\u673a\u3002", "events": [], "arguments": {"time": [], "loc": [], "country": [], "weapon": [{"text": "\u4f5c\u6218\u98de\u673a", "offset": 7, "length": 4}, {"text": "\u8bad\u7ec3\u673a", "offset": 19, "length": 3}]}}, {"sentence": "\u4e00\u540d\u672a\u900f\u9732\u59d3\u540d\u7684\u6d88\u606f\u4eba\u58eb\u8868\u793a\uff1a\u201c\u5370\u5ea6\u98de\u884c\u5458\u548c\u5730\u52e4\u4eba\u5458\u53bb\u5e74\u5df2\u7ecf\u5728\u6cd5\u56fd\u63a5\u53d7\u4e86\u5168\u9762\u7684\u57f9\u8bad\uff0c\u5305\u62ec\u4f7f\u7528\u5148\u8fdb\u7684\u6b66\u5668\u7cfb\u7edf\u3002", "events": [], "arguments": {"time": [], "loc": [], "country": [{"text": "\u5370\u5ea6", "offset": 16, "length": 2}, {"text": "\u6cd5\u56fd", "offset": 31, "length": 2}], "weapon": []}}, {"sentence": "\u201d\u636e\u6089\uff0c\u5370\u5ea6\u8ba2\u8d2d\u7684\u201c\u9635\u98ce\u201d\u6218\u6597\u673a\u5c06\u5177\u5907\u5728\u9ad8\u6d77\u62d4\u57fa\u5730\u51b7\u542f\u52a8\u7684\u80fd\u529b\u3002", "events": [], "arguments": {"time": [], "loc": [], "country": [{"text": "\u5370\u5ea6", "offset": 4, "length": 2}], "weapon": [{"text": "\u201c\u9635\u98ce\u201d\u6218\u6597\u673a", "offset": 9, "length": 7}]}}, {"sentence": "\u53d1\u52a8\u673a\u51b7\u542f\u52a8\u662f\u6307\u5728\u5176\u5185\u90e8\u6e29\u5ea6\u4e0e\u73af\u5883\u6e29\u5ea6\u5927\u81f4\u4e00\u81f4\u7684\u60c5\u51b5\u4e0b\u5f00\u59cb\u542f\u52a8\uff0c\u5728\u9ad8\u539f\u7684\u4f4e\u6e29\u4f4e\u6c27\u73af\u5883\u4e2d\uff0c\u8fd9\u9879\u80fd\u529b\u80fd\u591f\u8ba9\u6218\u6597\u673a\u5728\u65e0\u9700\u9884\u70ed\u7684\u60c5\u51b5\u4e0b\u76f4\u63a5\u542f\u52a8\uff0c\u7f29\u77ed\u5e94\u6025\u8d77\u98de\u51c6\u5907\u7684\u65f6\u95f4\u3002", "events": [], "arguments": {"time": [], "loc": [], "country": [], "weapon": [{"text": "\u6218\u6597\u673a", "offset": 51, "length": 3}]}}, {"sentence": "\u5370\u5ea6\u5a92\u4f53\u9f13\u5439\u201c\u9635\u98ce\u201d\u6218\u6597\u673a\u662f\u201c\u6e38\u620f\u89c4\u5219\u6539\u53d8\u8005\u201d\uff0c\u8fd8\u6709\u8fc7\u5728\u6f14\u4e60\u4e2d\u51fb\u8d25\u7f8e\u56fdF-22\u9690\u5f62\u6218\u6597\u673a\u7684\u201c\u8f89\u714c\u6218\u7ee9\u201d\uff0c\u56e0\u6b64\u5b83\u53ef\u4ee5\u6539\u53d8\u4e2d\u5370\u8fb9\u5883\u5730\u533a\u7684\u7a7a\u4e2d\u6218\u529b\u5e73\u8861\u3002", "events": [], "arguments": {"time": [], "loc": [], "country": [{"text": "\u5370\u5ea6", "offset": 0, "length": 2}, {"text": "\u7f8e\u56fd", "offset": 33, "length": 2}], "weapon": [{"text": "F-22\u9690\u5f62\u6218\u6597\u673a", "offset": 35, "length": 9}, {"text": "\u201c\u9635\u98ce\u201d\u6218\u6597\u673a", "offset": 6, "length": 7}]}}, {"sentence": "\u4e0d\u8fc7\u4e2d\u56fd\u519b\u4e8b\u4e13\u5bb6\u5f20\u5b66\u5cf028\u65e5\u63a5\u53d7\u300a\u73af\u7403\u65f6\u62a5\u300b\u91c7\u8bbf\u65f6\u8868\u793a\uff0c\u201c\u9635\u98ce\u201d\u6218\u6597\u673a\u5728\u90e8\u5206\u4f5c\u6218\u6027\u80fd\u4e0a\u7684\u786e\u4f18\u4e8e\u5370\u5ea6\u7a7a\u519b\u73b0\u5f79\u4e3b\u529b\u6218\u673a\u82cf-30MKI\uff0c\u4f46\u5145\u5176\u91cf\u4e5f\u53ea\u80fd\u7b97\u9ad8\u51fa\u201c1/4\u4ee3\u201d\uff0c\u5e76\u65e0\u8d28\u7684\u63d0\u9ad8\u3002", "events": [], "arguments": {"time": [], "loc": [], "country": [{"text": "\u4e2d\u56fd", "offset": 2, "length": 2}, {"text": "\u5370\u5ea6", "offset": 47, "length": 2}], "weapon": [{"text": "\u82cf-30MKI", "offset": 57, "length": 7}, {"text": "\u201c\u9635\u98ce\u201d\u6218\u6597\u673a", "offset": 28, "length": 7}]}}]