[{"sentence": "\u4f0a\u6717\u5728\u970d\u5c14\u6728\u5179\u6d77\u5ce1\u5927\u89c4\u6a21\u519b\u6f14\u00a0\u00a0\u7f8e\u519b\u57fa\u5730\u4fdd\u6301\u9ad8\u5ea6\u8b66\u60d5", "events": [{"trigger": {"text": "\u519b\u6f14", "offset": 12, "length": 2}, "subject": {"text": "", "offset": 0, "length": 0}, "object": {"text": "", "offset": 0, "length": 0}}], "arguments": {"time": [], "loc": [{"text": "\u970d\u5c14\u6728\u5179\u6d77\u5ce1", "offset": 3, "length": 6}], "country": [{"text": "\u4f0a\u6717", "offset": 0, "length": 2}, {"text": "\u7f8e", "offset": 16, "length": 1}], "weapon": []}}, {"sentence": "\u3010\u73af\u7403\u7f51\u62a5\u9053 \u89c1\u4e60\u8bb0\u8005 \u9a6c\u5ca9\u3011", "events": [], "arguments": {"time": [], "loc": [], "country": [], "weapon": []}}, {"sentence": "\u636e\u201c\u9632\u52a1\u4e16\u754c\u201d\u7f51\u7ad97\u670829\u65e5\u62a5\u9053\uff0c\u5728\u4f0a\u6717\u5728\u5357\u90e8\u6cbf\u6d77\u8fdb\u884c\u6f14\u4e60\u4e4b\u9645\uff0c\u7f8e\u56fd\u5728\u4e2d\u4e1c\u7684\u519b\u4e8b\u57fa\u5730\u4fdd\u6301\u9ad8\u5ea6\u8b66\u60d5\u3002", "events": [], "arguments": {"time": [{"text": "7\u670829\u65e5", "offset": 9, "length": 5}], "loc": [], "country": [{"text": "\u4f0a\u6717", "offset": 18, "length": 2}, {"text": "\u7f8e\u56fd", "offset": 32, "length": 2}], "weapon": []}}, {"sentence": "\u62a5\u9053\u79f0\uff0c\u4f0a\u6717\u4f0a\u65af\u5170\u9769\u547d\u536b\u961f\u7684\u6d77\u7a7a\u6f14\u7ec3\u8fdb\u5165\u7b2c\u4e8c\u5929\uff0c\u5176\u7ee7\u7eed\u4ece\u5730\u4e0b\u8bbe\u65bd\u53d1\u5c04\u5f39\u9053\u5bfc\u5f39\uff0c\u7f8e\u519b\u5728\u963f\u8054\u914b\u3001\u5361\u5854\u5c14\u3001\u79d1\u5a01\u7279\u7b49\u56fd\u7684\u519b\u4e8b\u57fa\u5730\u4fdd\u6301\u9ad8\u5ea6\u8b66\u60d5\uff0c\u5b98\u5175\u88ab\u8981\u6c42\u85cf\u5165\u5730\u4e0b\u5821\u5792\u3002", "events": [{"trigger": {"text": "\u6d77\u7a7a\u6f14\u7ec3", "offset": 14, "length": 4}, "subject": {"text": "\u4f0a\u6717\u4f0a\u65af\u5170\u9769\u547d\u536b\u961f", "offset": 4, "length": 9}, "object": {"text": "\u53d1\u5c04\u5f39\u9053\u5bfc\u5f39", "offset": 32, "length": 6}}], "arguments": {"time": [], "loc": [], "country": [{"text": "\u4f0a\u6717", "offset": 4, "length": 2}, {"text": "\u963f\u8054\u914b", "offset": 42, "length": 3}, {"text": "\u5361\u5854\u5c14", "offset": 46, "length": 3}, {"text": "\u79d1\u5a01\u7279", "offset": 50, "length": 3}], "weapon": [{"text": "\u5f39\u9053\u5bfc\u5f39", "offset": 34, "length": 4}]}}, {"sentence": "\u4f0a\u6717\u4f0a\u65af\u5170\u9769\u547d\u536b\u961f\u516c\u5171\u5173\u7cfb\u90e87\u670829\u65e5\u5728\u58f0\u660e\u4e2d\u79f0\uff0c\u6f14\u4e60\u7684\u6700\u540e\u9636\u6bb5\u4ece7\u670828\u65e5\u542f\u52a8\uff0c\u5728\u4f0a\u6717\u5357\u90e8\u970d\u5c14\u6728\u5179\u7701\u7684\u7a7a\u4e2d\u3001\u9646\u5730\u548c\u6d77\u4e0a\u5e7f\u9614\u533a\u57df\u5f00\u5c55\uff0c\u7a7a\u519b\u548c\u6d77\u519b\u540c\u65f6\u53c2\u52a0\u3002", "events": [], "arguments": {"time": [], "loc": [], "country": [{"text": "\u4f0a\u6717", "offset": 0, "length": 2}, {"text": "\u4f0a\u6717", "offset": 42, "length": 2}], "weapon": []}}, {"sentence": "\u5728\u6f14\u4e60\u4e2d\uff0c\u4f0a\u65af\u5170\u9769\u547d\u536b\u961f\u51fb\u6bc1\u4e86\u4e00\u8258\u7f8e\u56fd\u201c\u5c3c\u7c73\u5179\u201d\u7ea7\u822a\u6bcd\u6a21\u578b\uff0c\u4ee5\u663e\u793a\u5bf9\u7f8e\u5f3a\u786c\u3002", "events": [], "arguments": {"time": [], "loc": [], "country": [{"text": "\u7f8e\u56fd", "offset": 17, "length": 2}], "weapon": [{"text": "\u201c\u5c3c\u7c73\u5179\u201d\u7ea7\u822a\u6bcd\u6a21\u578b", "offset": 19, "length": 10}]}}, {"sentence": "\u4f0a\u6717\u5728\u6f14\u4e60\u4e2d\u4f7f\u7528\u4e86\u201c\u970d\u5c14\u6728\u5179\u201d\u3001\u201c\u6cd5\u5854\u8d6b\u201d\u7b49\u81ea\u4e3b\u7814\u53d1\u7684\u5bfc\u5f39\uff0c\u4ee5\u53ca\u201c\u6c99\u8d6b\u5fb7\u201d--181\u3001\u201c\u7a46\u54c8\u6770\u201d\u3001\u201c\u5df4\u74e6\u5c14\u201d\u7b49\u81ea\u4e3b\u7814\u53d1\u7684\u65e0\u4eba\u673a\u3002", "events": [], "arguments": {"time": [], "loc": [], "country": [{"text": "\u4f0a\u6717", "offset": 0, "length": 2}], "weapon": [{"text": "\u201c\u970d\u5c14\u6728\u5179\u201d", "offset": 9, "length": 6}, {"text": "\u201c\u6cd5\u5854\u8d6b\u201d", "offset": 16, "length": 5}, {"text": "\u201c\u6c99\u8d6b\u5fb7\u201d--181", "offset": 32, "length": 10}, {"text": "\u201c\u7a46\u54c8\u6770\u201d", "offset": 43, "length": 5}, {"text": "\u201c\u5df4\u74e6\u5c14\u201d", "offset": 49, "length": 5}]}}]