[{"sentence": "\u5ba2\u673a\u906d\u7f8e\u6218\u673a\u4fb5\u6270\u4e4b\u540e\u00a0\u4f0a\u6717\u6253\u7b97\u201c\u51fb\u6c89\u7f8e\u56fd\u822a\u6bcd\u201d", "events": [], "arguments": {"time": [], "loc": [], "country": [{"text": "\u4f0a\u6717", "offset": 11, "length": 2}, {"text": "\u7f8e\u56fd", "offset": 18, "length": 2}], "weapon": [{"text": "\u5ba2\u673a", "offset": 0, "length": 2}, {"text": "\u6218\u673a", "offset": 0, "length": 2}, {"text": "\u822a\u6bcd", "offset": 20, "length": 2}]}}, {"sentence": "\u3010\u73af\u7403\u7f51\u62a5\u9053 \u89c1\u4e60\u8bb0\u8005 \u9a6c\u5ca9\u3011", "events": [], "arguments": {"time": [], "loc": [], "country": [], "weapon": []}}, {"sentence": "\u636e\u7f8e\u56fd\u5e7f\u64ad\u516c\u53f87\u670827\u65e5\u62a5\u9053\uff0c\u5728\u7f8e\u56fd\u4e0e\u4f0a\u6717\u5173\u7cfb\u7d27\u5f20\u4e4b\u9645\uff0c\u4f0a\u6717\u628a\u4e00\u8258\u4eff\u771f\u7f8e\u56fd\u822a\u6bcd\u62d6\u81f3\u970d\u5c14\u6728\u5179\u6d77\u5ce1\uff0c\u9884\u793a\u5176\u53ef\u80fd\u5c06\u4e3e\u884c\u5b9e\u5f39\u5c04\u51fb\u6f14\u4e60\u3002", "events": [{"trigger": {"text": "\u6f14\u4e60", "offset": 60, "length": 2}, "subject": {"text": "\u4f0a\u6717", "offset": 28, "length": 2}, "object": {"text": "", "offset": 0, "length": 0}}], "arguments": {"time": [{"text": "7\u670827\u65e5", "offset": 7, "length": 5}], "loc": [{"text": "\u970d\u5c14\u6728\u5179\u6d77\u5ce1", "offset": 41, "length": 6}], "country": [{"text": "\u4f0a\u6717", "offset": 28, "length": 2}, {"text": "\u7f8e\u56fd", "offset": 1, "length": 2}, {"text": "\u7f8e\u56fd", "offset": 16, "length": 2}, {"text": "\u4f0a\u6717", "offset": 19, "length": 2}, {"text": "\u7f8e\u56fd", "offset": 35, "length": 2}], "weapon": [{"text": "\u822a\u6bcd", "offset": 37, "length": 2}]}}, {"sentence": "\u62a5\u9053\u79f0\uff0c\u5c3d\u7ba1\u4f0a\u6717\u5b98\u65b9\u8fd8\u6ca1\u6709\u627f\u8ba4\u6b64\u4e8b\uff0c\u4f46\u4eff\u771f\u822a\u6bcd\u7684\u51fa\u73b0\u8868\u660e\u4f0a\u6717\u4f0a\u65af\u5170\u9769\u547d\u536b\u961f\u6253\u7b97\u91cd\u6f142015\u5e74\u5176\u201c\u51fb\u6c89\u7f8e\u56fd\u822a\u6bcd\u201d\u7684\u4e00\u5e55\u3002", "events": [], "arguments": {"time": [], "loc": [], "country": [{"text": "\u4f0a\u6717", "offset": 6, "length": 2}, {"text": "\u4f0a\u6717", "offset": 28, "length": 2}, {"text": "\u7f8e\u56fd", "offset": 50, "length": 2}], "weapon": []}}, {"sentence": "\u4f4d\u4e8e\u5df4\u6797\u7684\u7f8e\u56fd\u6d77\u519b\u7b2c\u4e94\u8230\u961f\u8fd8\u6ca1\u6709\u5c31\u6b64\u53d1\u8868\u8bc4\u8bba\u3002", "events": [], "arguments": {"time": [], "loc": [], "country": [{"text": "\u5df4\u6797", "offset": 2, "length": 2}, {"text": "\u7f8e\u56fd", "offset": 5, "length": 2}], "weapon": []}}, {"sentence": "\u4eff\u771f\u822a\u6bcd\u7684\u5916\u5f62\u4e0e\u7f8e\u56fd\u7684\u201c\u5c3c\u7c73\u5179\u201d\u7ea7\u975e\u5e38\u76f8\u4f3c\uff0c\u5c31\u5728\u4e0a\u5468\u672b\uff0c\u7f8e\u56fd\u201c\u5c3c\u7c73\u5179\u201d\u53f7\u822a\u6bcd\u8fdb\u5165\u4e2d\u4e1c\u6c34\u57df\uff0c\u53ef\u80fd\u5c06\u66ff\u4ee3\u201c\u827e\u68ee\u8c6a\u5a01\u5c14\u201d\u53f7\u7559\u9a7b\u963f\u62c9\u4f2f\u6d77\u3002", "events": [], "arguments": {"time": [], "loc": [{"text": "\u963f\u62c9\u4f2f\u6d77", "offset": 60, "length": 4}], "country": [{"text": "\u7f8e\u56fd", "offset": 8, "length": 2}, {"text": "\u7f8e\u56fd", "offset": 28, "length": 2}], "weapon": [{"text": "\u201c\u5c3c\u7c73\u5179\u201d\u53f7\u822a\u6bcd", "offset": 30, "length": 8}, {"text": "\u201c\u827e\u68ee\u8c6a\u5a01\u5c14\u201d\u53f7", "offset": 50, "length": 8}]}}, {"sentence": "\u4eff\u771f\u822a\u6bcd\u957f\u7ea6200\u7c73\uff0c\u5bbd\u7ea650\u7c73\uff0c\u4e0a\u9762\u642d\u8f7d\u670916\u67b6\u4eff\u771f\u6218\u6597\u673a\uff0c\u800c\u4e00\u8258\u771f\u7684\u201c\u5c3c\u7c73\u5179\u201d\u7ea7\u822a\u6bcd\u957f\u5ea6\u8d85\u8fc7300\u7c73\uff0c\u5bbd\u5ea6\u8d85\u8fc775\u7c73\u3002", "events": [], "arguments": {"time": [], "loc": [], "country": [], "weapon": [{"text": "\u201c\u5c3c\u7c73\u5179\u201d\u7ea7\u822a\u6bcd", "offset": 36, "length": 8}]}}, {"sentence": "\u57282015\u5e742\u6708\u7684\u6f14\u4e60\u4e2d\uff0c\u4f0a\u6717\u51fa\u52a8\u5927\u91cf\u5feb\u8247\u7528\u673a\u67aa\u548c\u706b\u7bad\u5f39\u626b\u5c04\u4eff\u771f\u822a\u6bcd\uff0c\u5e76\u6700\u7ec8\u7528\u7a7a\u5bf9\u6d77\u5bfc\u5f39\u5c06\u5176\u51fb\u6c89\u3002", "events": [], "arguments": {"time": [], "loc": [], "country": [{"text": "\u4f0a\u6717", "offset": 13, "length": 2}], "weapon": [{"text": "\u673a\u67aa", "offset": 22, "length": 2}, {"text": "\u706b\u7bad\u5f39", "offset": 25, "length": 3}, {"text": "\u822a\u6bcd", "offset": 32, "length": 2}, {"text": "\u7a7a\u5bf9\u6d77\u5bfc\u5f39", "offset": 39, "length": 5}]}}, {"sentence": "\u4e0a\u5468\u4e00\u67b6\u7f8e\u56fdF-15\u6218\u6597\u673a\u5728\u53d9\u5229\u4e9a\u4e0a\u7a7a\u63a5\u8fd1\u4e00\u67b6\u4f0a\u6717\u9a6c\u6c49\u822a\u7a7a\u5ba2\u673a\uff0c\u9020\u6210\u5ba2\u673a\u4e0a\u4e00\u4e9b\u4e58\u5ba2\u53d7\u4f24\uff0c\u4f0a\u6717\u5373\u5c06\u4e3e\u884c\u7684\u8fd9\u573a\u6f14\u4e60\u5f88\u53ef\u80fd\u662f\u5bf9\u8fd9\u8d77\u4e8b\u4ef6\u7684\u56de\u5e94\u3002", "events": [], "arguments": {"time": [], "loc": [], "country": [{"text": "F-15\u6218\u6597\u673a", "offset": 6, "length": 7}, {"text": "\u7f8e\u56fd", "offset": 4, "length": 2}, {"text": "\u53d9\u5229\u4e9a", "offset": 14, "length": 3}, {"text": "\u4f0a\u6717", "offset": 23, "length": 2}, {"text": "\u4f0a\u6717", "offset": 44, "length": 2}], "weapon": [{"text": "F-15\u6218\u6597\u673a", "offset": 6, "length": 7}]}}]