[{"sentence": "\u6ee1\u6302\u51fa\u51fb\uff01", "events": [], "arguments": {"time": [], "loc": [], "country": [], "weapon": []}}, {"sentence": "\u5df4\u57fa\u65af\u5766\u67ad\u9f99\u6218\u673a\u73b0\u8eab\u514b\u4ec0\u7c73\u5c14\u524d\u7ebf\u57fa\u5730", "events": [], "arguments": {"time": [], "loc": [], "country": [{"text": "\u5df4\u57fa\u65af\u5766", "offset": 0, "length": 4}], "weapon": [{"text": "\u67ad\u9f99\u6218\u673a", "offset": 4, "length": 4}]}}, {"sentence": "\u3010\u73af\u7403\u7f51\u62a5\u9053 \u8bb0\u8005 \u5f90\u7490\u660e\u3011", "events": [], "arguments": {"time": [], "loc": [], "country": [], "weapon": []}}, {"sentence": "\u5df4\u57fa\u65af\u5766\u7a7a\u519b\u53c2\u8c0b\u957f\u8fd1\u65e5\u5230\u8bbf\u4e86\u4f4d\u4e8e\u5df4\u63a7\u514b\u4ec0\u7c73\u5c14\u5730\u533a\u7684\u5df4\u57fa\u65af\u5766\u7a7a\u519b\u524d\u7ebf\u57fa\u5730\uff0c\u89c2\u6469\u4e86\u90e8\u7f72\u4e8e\u8be5\u57fa\u5730\u7684JF-17\u6218\u6597\u673a\u7684\u7d27\u6025\u51fa\u52a8\u6f14\u7ec3\u3002", "events": [{"trigger": {"text": "\u6f14\u7ec3", "offset": 59, "length": 2}, "subject": {"text": "\u5df4\u57fa\u65af\u5766\u7a7a\u519b\u524d\u7ebf\u57fa\u5730", "offset": 25, "length": 10}, "object": {"text": "JF-17\u6218\u6597\u673a\u7684\u7d27\u6025\u51fa\u52a8", "offset": 46, "length": 13}}], "arguments": {"time": [{"text": "\u8fd1\u65e5", "offset": 9, "length": 2}], "loc": [{"text": "\u5df4\u57fa\u65af\u5766\u7a7a\u519b\u524d\u7ebf\u57fa\u5730", "offset": 25, "length": 10}], "country": [{"text": "\u5df4\u57fa\u65af\u5766", "offset": 25, "length": 4}, {"text": "\u5df4\u57fa\u65af\u5766", "offset": 0, "length": 4}], "weapon": [{"text": "JF-17\u6218\u6597\u673a", "offset": 46, "length": 8}]}}, {"sentence": "\u636e\u5df4\u57fa\u65af\u5766PAF Falcons\u7f51\u7ad97\u670825\u65e5\u62a5\u9053\uff0c\u5df4\u57fa\u65af\u5766\u7a7a\u519b\u53c2\u8c0b\u957f\u7a46\u52a0\u5e0c\u5fb7\u5f53\u5929\u5230\u8bbf\u4e86\u4f4d\u4e8e\u514b\u4ec0\u7c73\u5c14\u5317\u90e8\u5409\u5c14\u5409\u7279-\u5df4\u5c14\u8482\u65af\u5766\u7701\u7684\u5df4\u57fa\u65af\u5766\u7a7a\u519b\u65af\u5361\u675c(Skardu)\u57fa\u5730\u3002", "events": [], "arguments": {"time": [], "loc": [], "country": [{"text": "\u5df4\u57fa\u65af\u5766", "offset": 1, "length": 4}, {"text": "\u5df4\u57fa\u65af\u5766", "offset": 26, "length": 4}, {"text": "\u5df4\u57fa\u65af\u5766", "offset": 64, "length": 4}], "weapon": []}}, {"sentence": "\u7a46\u52a0\u5e0c\u5fb7\u89c6\u5bdf\u4e86\u8be5\u57fa\u5730\u5185\u7684\u8bad\u7ec3\u6218\u5907\u884c\u52a8\uff0c\u5305\u62ec\u6218\u6597\u673a\u7684\u5feb\u901f\u90e8\u7f72\u548c\u652f\u63f4\u4f5c\u6218\u3002", "events": [], "arguments": {"time": [], "loc": [], "country": [], "weapon": [{"text": "\u6218\u6597\u673a", "offset": 21, "length": 3}]}}, {"sentence": "\u4ed6\u8fd8\u542c\u53d6\u4e86\u8be5\u57fa\u5730\u6b63\u5728\u8fdb\u884c\u7684\u57fa\u7840\u8bbe\u65bd\u5efa\u8bbe\u7684\u5de5\u4f5c\u7b80\u62a5\uff0c\u5bf9\u8be5\u57fa\u5730\u7684\u4f5c\u6218\u51c6\u5907\u5de5\u4f5c\u8868\u793a\u80af\u5b9a\uff0c\u5bf9\u57fa\u5efa\u8fdb\u5ea6\u8868\u793a\u6ee1\u610f\u3002", "events": [], "arguments": {"time": [], "loc": [], "country": [], "weapon": []}}, {"sentence": "\u5728\u5411\u8be5\u57fa\u5730\u7684\u4eba\u5458\u53d1\u8868\u8bb2\u8bdd\u65f6\uff0c\u7a46\u52a0\u5e0c\u5fb7\u8868\u793a\uff0c\u5df4\u57fa\u65af\u5766\u7a7a\u519b\u5f88\u4e86\u89e3\u8be5\u5730\u533a\u7684\u5730\u7f18\u6218\u7565\u53d1\u5c55\u60c5\u51b5\u3002", "events": [], "arguments": {"time": [], "loc": [], "country": [{"text": "\u5df4\u57fa\u65af\u5766", "offset": 21, "length": 4}], "weapon": []}}, {"sentence": "\u4ed6\u8bf4\uff0c\u654c\u4eba\u7684\u5177\u6709\u4fb5\u7565\u6027\u7684\u519b\u4e8b\u91c7\u8d2d\u4e0d\u4f1a\u88ab\u5ffd\u89c6\uff0c\u4e00\u4e9b\u5fc5\u8981\u7684\u63aa\u65bd\u5df2\u7ecf\u5230\u4f4d\uff0c\u4ee5\u786e\u4fdd\u5e38\u89c4\u9886\u57df\u7684\u519b\u4e8b\u529b\u91cf\u5e73\u8861\u3002", "events": [], "arguments": {"time": [], "loc": [], "country": [], "weapon": []}}, {"sentence": "\u53e6\u5916\u5df4\u57fa\u65af\u5766\u7a7a\u519b\u4e5f\u5728\u793e\u4ea4\u5a92\u4f53\u4e0a\u516c\u5e03\u4e86\u7a46\u52a0\u5e0c\u5fb7\u6b64\u6b21\u89c6\u5bdf\u7684\u76f8\u5173\u753b\u9762\uff0c\u90e8\u7f72\u5728\u8be5\u57fa\u5730\u7684JF-17\u201c\u96f7\u7535\u201d\uff08\u4e2d\u65b9\u79f0\u201c\u67ad\u9f99\u201d\uff09\u6218\u6597\u673a\u8fdb\u884c\u4e86\u6218\u5907\u7d27\u6025\u51fa\u52a8\u6f14\u793a\u3002", "events": [], "arguments": {"time": [], "loc": [], "country": [{"text": "\u5df4\u57fa\u65af\u5766", "offset": 2, "length": 4}, {"text": "\u4e2d\u65b9", "offset": 49, "length": 2}], "weapon": [{"text": "JF-17\u201c\u96f7\u7535\u201d", "offset": 39, "length": 9}, {"text": "\u201c\u67ad\u9f99\u201d\uff09\u6218\u6597\u673a", "offset": 52, "length": 8}]}}, {"sentence": "\u503c\u5f97\u6ce8\u610f\u7684\u662f\uff0cJF-17\u6218\u6597\u673a\u5728\u51fa\u52a8\u65f6\u643a\u5e26\u4e86\u526f\u6cb9\u7bb1\u548c\u4e2d\u8ddd\u3001\u77ed\u8ddd\u4e0d\u540c\u7c7b\u578b\u7684\u7a7a\u7a7a\u5bfc\u5f39\u3002", "events": [], "arguments": {"time": [], "loc": [], "country": [], "weapon": [{"text": "JF-17\u6218\u6597\u673a", "offset": 7, "length": 8}, {"text": "\u7a7a\u7a7a\u5bfc\u5f39", "offset": 36, "length": 4}]}}, {"sentence": "\u636e\u6089\uff0c\u65af\u5361\u675c\u57fa\u5730\u662f\u5df4\u57fa\u65af\u5766\u519b\u961f\u5728\u514b\u4ec0\u7c73\u5c14\u5730\u533a\u7684\u524d\u7ebf\u7a7a\u519b\u57fa\u5730\uff0c\u6d77\u62d4\u57282200\u7c73\u4ee5\u4e0a\uff0c\u8ddd\u79bb\u5370\u5df4\u5b9e\u63a7\u7ebf\u6700\u8fd1\u8ddd\u79bb\u4e3a85\u516c\u91cc\uff0c\u4e3b\u8981\u62c5\u8d1f\u5bf9\u5370\u5ea6\u7684\u8b66\u6212\u548c\u5a01\u6151\u4efb\u52a1\u3002", "events": [], "arguments": {"time": [], "loc": [], "country": [{"text": "\u5df4\u57fa\u65af\u5766", "offset": 9, "length": 4}, {"text": "\u5370\u5ea6", "offset": 63, "length": 2}], "weapon": []}}]