[{"sentence": "\u7f8e\u5ba3\u79f0\u6b63\u5728\u902017\u9a6c\u8d6b\u9ad8\u8d85\u97f3\u901f\u6b66\u5668\u00a0\u4fc4\u4e13\u5bb6\u53cd\u9a73\uff1a\u4ed6\u4eec\u6ca1\u8fd9\u6280\u672f", "events": [], "arguments": {"time": [], "loc": [], "country": [{"text": "\u7f8e", "offset": 0, "length": 1}, {"text": "\u4fc4", "offset": 17, "length": 1}], "weapon": [{"text": "17\u9a6c\u8d6b\u9ad8\u8d85\u97f3\u901f\u6b66\u5668", "offset": 6, "length": 10}]}}, {"sentence": "\u3010\u73af\u7403\u7f51\u519b\u4e8b\u62a5\u9053\u3011", "events": [], "arguments": {"time": [], "loc": [], "country": [], "weapon": []}}, {"sentence": "\u4fc4\u7f57\u65af\u536b\u661f\u901a\u8baf\u793e7\u670823\u65e5\u62a5\u9053\uff0c\u4fc4\u6218\u7565\u6b66\u5668\u9886\u57df\u4e13\u5bb6\u3001\u6218\u7565\u706b\u7bad\u5175\u90e8\u961f\u8001\u5175\u5f17\u62c9\u57fa\u7c73\u5c14\u00b7\u53f6\u592b\u8c22\u8036\u592b\u5728\u91c7\u8bbf\u65f6\u79f0\uff0c\u7f8e\u56fd\u5173\u4e8e\u7814\u53d1\u901f\u5ea6\u4e3a17\u9a6c\u8d6b\u7684\u9ad8\u8d85\u97f3\u901f\u822a\u7a7a\u5bfc\u5f39\u7684\u58f0\u660e\u672a\u5fc5\u7b26\u5408\u5b9e\u9645\uff0c\u56e0\u4e3a\u7f8e\u65b9\u6ca1\u6709\u76f8\u5173\u7684\u79d1\u6280\u50a8\u5907\u3002", "events": [{"trigger": {"text": "\u7814\u53d1", "offset": 56, "length": 2}, "subject": {"text": "\u7f8e\u56fd", "offset": 52, "length": 2}, "object": {"text": "\u5bfc\u5f39", "offset": 72, "length": 2}}], "arguments": {"time": [{"text": "7\u670823\u65e5", "offset": 8, "length": 5}], "loc": [{"text": "\u4fc4\u7f57\u65af", "offset": 0, "length": 3}], "country": [{"text": "\u7f8e\u56fd", "offset": 52, "length": 2}, {"text": "\u4fc4\u7f57\u65af", "offset": 0, "length": 3}, {"text": "\u7f8e\u65b9", "offset": 86, "length": 2}], "weapon": [{"text": "\u9ad8\u8d85\u97f3\u901f\u822a\u7a7a\u5bfc\u5f39", "offset": 66, "length": 8}]}}, {"sentence": "\u6b64\u524d\u4e94\u89d2\u5927\u697c\u8bc1\u5b9e\uff0c\u7f8e\u56fd\u65b0\u578b\u9ad8\u8d85\u97f3\u901f\u5bfc\u5f39\u7684\u901f\u5ea6\u662f\u97f3\u901f\u768417\u500d\u3002", "events": [], "arguments": {"time": [], "loc": [], "country": [{"text": "\u7f8e\u56fd", "offset": 9, "length": 2}], "weapon": [{"text": "\u9ad8\u8d85\u97f3\u901f\u5bfc\u5f39", "offset": 13, "length": 6}]}}, {"sentence": "\u53f6\u592b\u8c22\u8036\u592b\u5bf9\u6b64\u8868\u793a\uff1a\u201c\u7684\u786e\uff0c\u76ee\u524d\u7f8e\u56fd\u6b63\u5728\u7814\u5236\u4e00\u79cd\u7a7a\u57fa\u9ad8\u8d85\u97f3\u901f\u7cfb\u7edf\u3002", "events": [], "arguments": {"time": [], "loc": [], "country": [{"text": "\u7f8e\u56fd", "offset": 16, "length": 2}], "weapon": [{"text": "\u7a7a\u57fa\u9ad8\u8d85\u97f3\u901f\u7cfb\u7edf", "offset": 24, "length": 8}]}}, {"sentence": "\u4f46\u6211\u975e\u5e38\u6000\u7591\u5176\u6240\u5ba3\u5e03\u768417\u9a6c\u8d6b\u5bfc\u5f39\u901f\u5ea6\u662f\u5426\u7b26\u5408\u5b9e\u9645\u3002", "events": [], "arguments": {"time": [], "loc": [], "country": [], "weapon": [{"text": "\u5bfc\u5f39", "offset": 15, "length": 2}]}}, {"sentence": "\u5f88\u6709\u53ef\u80fd\u8fd9\u662f\u67d0\u79cd10\u9a6c\u8d6b\u6570\u7684\u5bfc\u5f39\uff0c\u5c31\u50cf\u6211\u4eec\u7684\u2018\u5315\u9996\u2019\u3002", "events": [], "arguments": {"time": [], "loc": [], "country": [], "weapon": [{"text": "\u5bfc\u5f39", "offset": 14, "length": 2}, {"text": "\u2018\u5315\u9996\u2019", "offset": 22, "length": 4}]}}, {"sentence": "\u7f8e\u56fd\u7684\u5b9e\u529b\u4f7f\u5176\u53ef\u4ee5\u5f00\u53d1\u51fa\u8fd9\u6837\u7684\u6b66\u5668\uff0c\u4f46\u5927\u7ea6\u9700\u89813\u5e74\u65f6\u95f4\u3002", "events": [], "arguments": {"time": [], "loc": [], "country": [{"text": "\u7f8e\u56fd", "offset": 0, "length": 2}], "weapon": []}}, {"sentence": "\u201d", "events": [], "arguments": {"time": [], "loc": [], "country": [], "weapon": []}}, {"sentence": "\u8fd9\u540d\u4e13\u5bb6\u8868\u793a\uff0c\u7f8e\u56fd\u9886\u5bfc\u5c42\u7684\u5728\u8fd9\u79cd\u60c5\u51b5\u4e0b\u9762\u5411\u7f8e\u56fd\u793e\u4f1a\u53d1\u8868\u8fd9\u6837\u7684\u58f0\u660e\uff0c\u662f\u5e0c\u671b\u5b89\u6170\u7f8e\u56fd\u793e\u4f1a\uff0c\u5e76\u60f3\u4f7f\u4eba\u4eec\u76f8\u4fe1\u7f8e\u56fd\u7684\u519b\u5de5\u4f01\u4e1a\u5728\u9ad8\u8d85\u97f3\u901f\u6280\u672f\u9886\u57df\u5e76\u672a\u5927\u5e45\u843d\u540e\u4e8e\u5176\u4ed6\u4e16\u754c\u519b\u4e8b\u5927\u56fd\u3002", "events": [], "arguments": {"time": [], "loc": [], "country": [{"text": "\u7f8e\u56fd", "offset": 7, "length": 2}, {"text": "\u7f8e\u56fd", "offset": 21, "length": 2}, {"text": "\u7f8e\u56fd", "offset": 38, "length": 2}, {"text": "\u7f8e\u56fd", "offset": 50, "length": 2}], "weapon": []}}, {"sentence": "\u540c\u65f6\uff0c\u4ed6\u5f3a\u8c03\u8bf4\uff0c\u5b9e\u9645\u4e0a\uff0c\u5728\u8be5\u95ee\u9898\u4e0a\uff0c\u534e\u76db\u987f\u5904\u4e8e\u201c\u8ffd\u8d76\u4f4d\u7f6e\u201d\u3002", "events": [], "arguments": {"time": [], "loc": [], "country": [], "weapon": []}}, {"sentence": "\u53f6\u592b\u8c22\u8036\u592b\u89e3\u91ca\u79f0\uff1a\u201c\u7f8e\u56fd\u7684\u7814\u53d1\u5de5\u4f5c\u5c1a\u5904\u4e8e\u8bd5\u9a8c\u9636\u6bb5\uff0c\u800c\u6211\u4eec\u5df2\u5217\u88c5\u4e86\u91cf\u4ea7\u578b\u53f7\uff0c\u751a\u81f3\u5df2\u5236\u9020\u51fa\u80fd\u591f\u4ee527\u9a6c\u8d6b\u901f\u5ea6\u7528\u9ad8\u8d85\u97f3\u901f\u98de\u884c\u5668\u53d1\u5c04\u7684\u6d32\u9645\u5bfc\u5f39\u5bfc\u5f39\u3002", "events": [], "arguments": {"time": [], "loc": [], "country": [{"text": "\u7f8e\u56fd", "offset": 10, "length": 2}], "weapon": [{"text": "\u6d32\u9645\u5bfc\u5f39\u5bfc\u5f39", "offset": 63, "length": 6}]}}, {"sentence": " \u81f3\u4e8e\u2018\u5148\u950b\u2019\u5bfc\u5f39\u7cfb\u7edf\uff0c\u7f8e\u56fd\u4eba\u751a\u81f3\u672a\u8ba1\u5212\u5236\u9020\u8fd9\u79cd\u4e1c\u897f\u2014\u2014\u4ed6\u4eec\u5728\u8be5\u9886\u57df\u6839\u672c\u6ca1\u6709\u8fd9\u79cd\u79d1\u5b66\u6280\u672f\u50a8\u5907\u3002", "events": [], "arguments": {"time": [], "loc": [], "country": [{"text": "\u7f8e\u56fd", "offset": 12, "length": 2}], "weapon": [{"text": "\u2018\u5148\u950b\u2019\u5bfc\u5f39\u7cfb\u7edf", "offset": 3, "length": 8}]}}, {"sentence": "\u201d", "events": [], "arguments": {"time": [], "loc": [], "country": [], "weapon": []}}]