[{"sentence": "\u9ad8\u9891\u5ea6\u6311\u8845\uff01", "events": [], "arguments": {"time": [], "loc": [], "country": [], "weapon": []}}, {"sentence": "\u7f8e\u519b1\u5929\u5185\u5411\u5357\u6d77\u51fa\u52a85\u67b64\u578b\u519b\u673a", "events": [], "arguments": {"time": [], "loc": [], "country": [{"text": "\u7f8e", "offset": 0, "length": 1}], "weapon": [{"text": "4\u578b\u519b\u673a", "offset": 12, "length": 4}]}}, {"sentence": "\u3010\u73af\u7403\u7f51\u62a5\u9053 \u89c1\u4e60\u8bb0\u8005 \u9a6c\u5ca9\u3011", "events": [], "arguments": {"time": [], "loc": [], "country": [], "weapon": []}}, {"sentence": "\u8fd1\u671f\u7f8e\u519b\u9891\u7e41\u6d3e\u9063\u98de\u673a\u8fdb\u5165\u4e2d\u56fd\u5357\u6d77\uff0c7\u670823\u65e5\uff0c\u7f8e\u519b\u53c8\u6d3e\u51fa5\u67b6\u30014\u4e2a\u673a\u578b\u7684\u519b\u673a\u8fdb\u5165\u5357\u6d77\u3002", "events": [], "arguments": {"time": [{"text": "7\u670823\u65e5", "offset": 17, "length": 5}], "loc": [{"text": "\u4e2d\u56fd\u5357\u6d77", "offset": 12, "length": 4}], "country": [{"text": "\u4e2d\u56fd", "offset": 12, "length": 2}], "weapon": [{"text": "\u519b\u673a", "offset": 36, "length": 2}]}}, {"sentence": "\u636e\u201c\u5357\u6d77\u6218\u7565\u6001\u52bf\u611f\u77e5\u8ba1\u5212\u201d\u5e73\u53f07\u670823\u65e5\u53d1\u5e03\u7684\u6d88\u606f\uff0c\u5f53\u5929\u65e9\u4e9b\u65f6\u5019\u4e00\u67b6\u7f8e\u519b\u6d77\u519bP-3C\u53cd\u6f5c\u5de1\u903b\u673a\u4ece\u53f0\u6e7e\u5357\u90e8\u6d77\u57df\u8fdb\u5165\u5357\u6d77\uff0c\u5411\u897f\u98de\u884c\u4e00\u6bb5\u8ddd\u79bb\u540e\u6298\u8fd4\uff1b\u5f53\u5929\u591c\u95f48\u70b9\u81f39\u70b9\uff0c\u7f8e\u56fd\u7a7a\u519b\u7684\u4e00\u67b6RC-135W\u4fa6\u5bdf\u673a\u548c\u4e00\u67b6P-8A\u53cd\u6f5c\u5de1\u903b\u673a\u4ece\u53f0\u6e7e\u5357\u90e8\u6d77\u57df\u8fdb\u5165\u5357\u6d77\uff0c\u5411\u7740\u5e7f\u4e1c\u7701\u65b9\u5411\u5411\u897f\u98de\u884c\uff1b\u5f53\u5929\u8fd8\u6709\u56db\u67b6\u7f8e\u56fd\u7a7a\u519bKC-135R\u7a7a\u4e2d\u52a0\u6cb9\u673a\u51fa\u73b0\u5728\u897f\u592a\u5e73\u6d0b\u6d77\u57df\uff0c\u5176\u4e2d\u4e24\u67b6\u8fdb\u5165\u5357\u6d77\u4e0a\u7a7a\u3002", "events": [], "arguments": {"time": [], "loc": [], "country": [{"text": "\u7f8e\u56fd", "offset": 81, "length": 2}, {"text": "\u7f8e\u56fd", "offset": 140, "length": 2}], "weapon": [{"text": "RC-135W\u4fa6\u5bdf\u673a", "offset": 88, "length": 10}, {"text": "P-3C\u53cd\u6f5c\u5de1\u903b\u673a", "offset": 38, "length": 9}, {"text": "P-8A\u53cd\u6f5c\u5de1\u903b\u673a", "offset": 101, "length": 9}, {"text": "KC-135R\u7a7a\u4e2d\u52a0\u6cb9\u673a", "offset": 144, "length": 12}]}}, {"sentence": "\u636e\u6089\uff0c7\u670822\u65e5\uff0c\u7f8e\u519b\u5c31\u5df2\u6d3e\u51faP-8A\u53cd\u6f5c\u5de1\u903b\u673a\u8fdb\u5165\u5357\u6d77\u3002", "events": [], "arguments": {"time": [], "loc": [], "country": [{"text": "\u7f8e", "offset": 9, "length": 1}], "weapon": [{"text": "P-8A\u53cd\u6f5c\u5de1\u903b\u673a", "offset": 15, "length": 9}]}}, {"sentence": "\u800c\u57287\u670813\u65e5\u30017\u670815\u65e5\u30017\u670817\u65e5\u548c7\u670821\u65e5\uff0c\u7f8e\u56fd\u7a7a\u519b\u8fde\u7eed\u6d3e\u51faE-8C\u7a7a\u5730\u76d1\u89c6\u673a\u8fdb\u5165\u5357\u6d77\u4e0a\u7a7a\u3002", "events": [], "arguments": {"time": [], "loc": [], "country": [{"text": "\u7f8e\u56fd", "offset": 26, "length": 2}], "weapon": [{"text": "E-8C\u7a7a\u5730\u76d1\u89c6\u673a", "offset": 34, "length": 9}]}}, {"sentence": "\u5bf9\u4e8e\u7f8e\u519b\u8230\u673a\u7684\u62b5\u8fd1\u4fa6\u5bdf\u884c\u4e3a\uff0c\u4e2d\u56fd\u56fd\u9632\u90e8\u65b0\u95fb\u53d1\u8a00\u4eba\u5434\u8c26\u5927\u6821\u57286\u6708\u56fd\u9632\u90e8\u4f8b\u884c\u8bb0\u8005\u4f1a\u8868\u793a\uff0c\u5f53\u524d\uff0c\u5728\u5730\u533a\u56fd\u5bb6\u7684\u5171\u540c\u52aa\u529b\u4e0b\uff0c\u4e1c\u6d77\u3001\u5357\u6d77\u7684\u5c40\u52bf\u603b\u4f53\u662f\u7a33\u5b9a\u7684\u3002", "events": [], "arguments": {"time": [], "loc": [], "country": [{"text": "\u4e2d\u56fd", "offset": 14, "length": 2}], "weapon": [{"text": "\u8230\u673a", "offset": 4, "length": 2}]}}, {"sentence": "\u8fd9\u5145\u5206\u8bf4\u660e\u57df\u5185\u56fd\u5bb6\u6709\u667a\u6167\u3001\u6709\u80fd\u529b\u3001\u6709\u529e\u6cd5\u901a\u8fc7\u76f4\u63a5\u8c08\u5224\u534f\u5546\uff0c\u59a5\u5904\u5206\u6b67\uff0c\u5171\u62a4\u548c\u5e73\u3002", "events": [], "arguments": {"time": [], "loc": [], "country": [], "weapon": []}}, {"sentence": "\u53cd\u89c2\u4f5c\u4e3a\u57df\u5916\u56fd\u5bb6\u7684\u7f8e\u56fd\uff0c\u6253\u7740\u6240\u8c13\u201c\u822a\u884c\u81ea\u7531\u201d\u7684\u5e4c\u5b50\uff0c\u6d3e\u519b\u7528\u8230\u673a\u6765\u4e1c\u6d77\u3001\u5357\u6d77\u6311\u8845\uff0c\u5bf9\u4e2d\u65b9\u5b9e\u65bd\u9ad8\u9891\u5ea6\u62b5\u8fd1\u4fa6\u5bdf\uff0c\u4e3e\u884c\u9488\u5bf9\u6027\u6781\u5f3a\u7684\u519b\u4e8b\u6f14\u4e60\uff0c\u4e25\u91cd\u5371\u5bb3\u5730\u533a\u56fd\u5bb6\u7684\u4e3b\u6743\u4e0e\u5b89\u5168\u5229\u76ca\uff0c\u4e25\u91cd\u7834\u574f\u672c\u5730\u533a\u7684\u548c\u5e73\u7a33\u5b9a\u3002", "events": [{"trigger": {"text": "\u6311\u8845", "offset": 37, "length": 2}, "subject": {"text": "\u7f8e\u56fd\uff0c\u6253\u7740\u6240\u8c13\u201c\u822a\u884c\u81ea\u7531\u201d\u7684\u5e4c\u5b50", "offset": 9, "length": 16}, "object": {"text": "\u4e2d\u65b9", "offset": 41, "length": 2}}], "arguments": {"time": [], "loc": [], "country": [{"text": "\u7f8e\u56fd", "offset": 9, "length": 2}, {"text": "\u4e2d\u65b9", "offset": 41, "length": 2}], "weapon": []}}, {"sentence": "\u5bf9\u4e8e\u7f8e\u519b\u8230\u673a\u7684\u62b5\u8fd1\u4fa6\u5bdf\u884c\u4e3a\uff0c\u4e2d\u56fd\u519b\u4e8b\u4e13\u5bb6\u5b8b\u5fe0\u5e737\u67088\u65e5\u5728\u63a5\u53d7\u300a\u73af\u7403\u65f6\u62a5\u300b\u91c7\u8bbf\u65f6\u8868\u793a\uff0c\u89e3\u653e\u519b\u53ef\u4ee5\u91c7\u53d6\u62b5\u8fd1\u62e6\u622a\u7684\u65b9\u5f0f\uff0c\u5bf9\u62b5\u8fd1\u4fa6\u5bdf\u7684\u7f8e\u519b\u673a\u8fdb\u884c\u5e72\u6270\uff0c\u8ba9\u5bf9\u65b9\u65e0\u6cd5\u4e13\u5fc3\u5de5\u4f5c\u3002", "events": [], "arguments": {"time": [], "loc": [], "country": [{"text": "\u4e2d\u56fd", "offset": 14, "length": 2}], "weapon": []}}, {"sentence": "\u53e6\u4e00\u65b9\u9762\uff0c\u5f53\u5bf9\u65b9\u4fa6\u5bdf\u673a\u63a5\u8fd1\u6211\u56fd\u76f8\u5173\u7a7a\u57df\u65f6\uff0c\u89e3\u653e\u519b\u4e5f\u53ef\u4ee5\u6682\u505c\u4e00\u4e9b\u519b\u4e8b\u6d3b\u52a8\uff0c\u964d\u4f4e\u7535\u78c1\u9891\u8c31\u4fe1\u53f7\u88ab\u622a\u83b7\u7684\u6982\u7387\u3002", "events": [], "arguments": {"time": [], "loc": [], "country": [], "weapon": [{"text": "\u4fa6\u5bdf\u673a", "offset": 8, "length": 3}]}}]