[{"sentence": "\u9996\u6279\u57c3\u53ca\u8ba2\u8d2d\u82cf-35S\u6218\u6597\u673a\u4eae\u76f8\u00a0\u591a\u9879\u6280\u672f\u4e16\u754c\u9886\u5148", "events": [{"trigger": {"text": "\u8ba2\u8d2d", "offset": 4, "length": 2}, "subject": {"text": "\u57c3\u53ca", "offset": 2, "length": 2}, "object": {"text": "\u82cf-35S\u6218\u6597\u673a", "offset": 6, "length": 8}}], "arguments": {"time": [], "loc": [], "country": [{"text": "\u57c3\u53ca", "offset": 2, "length": 2}], "weapon": [{"text": "\u82cf-35S\u6218\u6597\u673a", "offset": 6, "length": 8}]}}, {"sentence": "\u3010\u73af\u7403\u7f51\u62a5\u9053 \u89c1\u4e60\u8bb0\u8005 \u9a6c\u5ca9\u3011", "events": [], "arguments": {"time": [], "loc": [], "country": [], "weapon": []}}, {"sentence": "\u636e\u201c\u9632\u52a1\u4e16\u754c\u201d\u7f51\u7ad97\u670822\u65e5\u62a5\u9053\uff0c\u6709\u76ee\u51fb\u8005\u8868\u793a\uff0c\u7b2c\u4e00\u62795\u67b6\u57c3\u53ca\u8ba2\u8d2d\u7684\u4fc4\u5236\u82cf-35S\u6218\u6597\u673a\u51fa\u73b0\u5728\u4fc4\u7f57\u65af\u7684\u65b0\u897f\u4f2f\u5229\u4e9a\u5e02\uff0c\u636e\u79f0\u5b83\u4eec\u5373\u5c06\u88ab\u4ea4\u4ed8\u57c3\u53ca\u7a7a\u519b\u3002", "events": [], "arguments": {"time": [{"text": "7\u670822\u65e5", "offset": 9, "length": 5}], "loc": [{"text": "\u57c3\u53ca", "offset": 67, "length": 2}], "country": [{"text": "\u4fc4\u7f57\u65af", "offset": 47, "length": 3}, {"text": "\u57c3\u53ca", "offset": 67, "length": 2}, {"text": "\u57c3\u53ca", "offset": 29, "length": 2}], "weapon": [{"text": "\u82cf-35S\u6218\u6597\u673a", "offset": 36, "length": 8}]}}, {"sentence": "\u62a5\u9053\u79f0\uff0c\u57c3\u53ca\u5171\u8ba2\u8d2d\u4e8624\u67b6\u82cf-35S\uff0c\u5b83\u4eec\u7531\u82cf\u970d\u4f0a\u516c\u53f8\u7684\u65b0\u897f\u4f2f\u5229\u4e9a\u5de5\u5382\u751f\u4ea7\u3002", "events": [], "arguments": {"time": [], "loc": [], "country": [{"text": "\u57c3\u53ca", "offset": 4, "length": 2}], "weapon": [{"text": "\u82cf-35S", "offset": 13, "length": 5}]}}, {"sentence": "\u793e\u4ea4\u5a92\u4f53\u4e0a\u7684\u7167\u7247\u663e\u793a\u4e00\u4e9b\u4f4e\u98de\u7684\u82cf-35S\u5c3e\u7ffc\u4e0a\u5370\u6709\u5e8f\u5217\u53f79210\u30019211\u30019212\u30019213\u30019214\uff0c\u62a5\u9053\u79f0\u8fd9\u610f\u5473\u7740\u5b83\u4eec\u662f\u4e3a\u57c3\u53ca\u751f\u4ea7\u7684\uff0c\u4f46\u76ee\u524d\u673a\u8eab\u4e0a\u8fd8\u6ca1\u6709\u57c3\u53ca\u7a7a\u519b\u7684\u6d82\u88c5\u3002", "events": [], "arguments": {"time": [], "loc": [], "country": [{"text": "\u57c3\u53ca", "offset": 64, "length": 2}, {"text": "\u57c3\u53ca", "offset": 79, "length": 2}], "weapon": [{"text": "\u82cf-35S", "offset": 15, "length": 5}]}}, {"sentence": "\u4fc4\u7f57\u65af\u300a\u751f\u610f\u4eba\u62a5\u300b2019\u5e743\u6708\u62a5\u9053\uff0c\u57c3\u53ca\u4ee520\u4ebf\u7f8e\u5143\u7684\u4ef7\u683c\u8ba2\u8d2d\u4e8624\u67b6\u82cf-35\u6218\u6597\u673a\uff0c\u5e76\u8ba1\u5212\u4e8e2020\u5e74\u548c2021\u5e74\u4ea4\u4ed8\u3002", "events": [], "arguments": {"time": [], "loc": [], "country": [{"text": "\u4fc4\u7f57\u65af", "offset": 0, "length": 3}, {"text": "\u57c3\u53ca", "offset": 19, "length": 2}], "weapon": [{"text": "\u82cf-35\u6218\u6597\u673a", "offset": 36, "length": 7}]}}, {"sentence": "\u82cf\u970d\u4f0a\u516c\u53f8\u7684\u8d44\u6599\u663e\u793a\uff0c\u82cf-35S\u7531\u4e24\u53f0TRDDF 117S\u53d1\u52a8\u673a\u63a8\u8fdb\uff0c117S\u53d1\u52a8\u673a\u662f\u82cf-27\u7684AL-31F\u53d1\u52a8\u673a\u7684\u6539\u8fdb\u578b\uff0c\u5728\u5f00\u52a0\u529b\u7684\u60c5\u51b5\u4e0b\uff0c\u5176\u63a8\u529b\u53ef\u8fbe\u523012500\u81f314500\u5343\u514b\u529b\uff0c\u5728\u4e0d\u5f00\u52a0\u529b\u7684\u60c5\u51b5\u4e0b\uff0c\u5176\u63a8\u529b\u4e3a7700\u81f38800\u5343\u514b\u529b\u3002", "events": [], "arguments": {"time": [], "loc": [], "country": [], "weapon": [{"text": "\u82cf-35S", "offset": 11, "length": 5}, {"text": "\u82cf-27", "offset": 43, "length": 4}]}}, {"sentence": "\u8be5\u673a\u6700\u5148\u8fdb\u7684\u662f\u5176\u7efc\u5408\u6570\u5b57\u63a7\u5236\u7cfb\u7edfKSU-35\uff0c\u6b64\u7cfb\u7edf\u53ef\u4ee5\u5728\u6218\u6597\u3001\u8de8\u56fd\u98de\u884c\u548c\u964d\u843d\u8fc7\u7a0b\u4e2d\u5b9e\u73b0\u5bf9\u98de\u673a\u7684\u81ea\u52a8\u9a7e\u9a76\u3002", "events": [], "arguments": {"time": [], "loc": [], "country": [], "weapon": []}}, {"sentence": "KSU-35\u53ef\u4ee5\u9650\u5236\u98de\u673a\u8d85\u8fc7\u6b63\u5e38\u7684\u98de\u884c\u53c2\u6570\uff0c\u5728\u9047\u5230\u9669\u4e9b\u76f8\u649e\u7684\u60c5\u51b5\u65f6\u81ea\u52a8\u8eb2\u907f\u3002", "events": [], "arguments": {"time": [], "loc": [], "country": [], "weapon": [{"text": "KSU-35", "offset": 0, "length": 6}]}}, {"sentence": "\u5982\u679c\u4e00\u4e24\u4e2a\u98de\u673a\u63a7\u5236\u88c5\u7f6e\u53d7\u635f\uff0cKSU-35\u53ef\u4ee5\u81ea\u52a8\u4e88\u4ee5\u66ff\u4ee3\u3002", "events": [], "arguments": {"time": [], "loc": [], "country": [], "weapon": [{"text": "KSU-35", "offset": 14, "length": 6}]}}, {"sentence": "\u82cf-35S\u6218\u6597\u673a\u88c5\u5907\u7684\u201c\u96ea\u8c79-E\u201d\u673a\u8f7d\u96f7\u8fbe\u53ef\u4ee5\u53d1\u73b0350\u516c\u91cc\u5916\u76ee\u6807\uff0c\u6700\u591a\u540c\u65f6\u8ddf\u8e2a30\u4e2a\u76ee\u6807\uff0c\u4ee5\u53ca\u540c\u65f6\u653b\u51fb8\u4e2a\u7a7a\u4e2d\u76ee\u6807\u3002", "events": [], "arguments": {"time": [], "loc": [], "country": [], "weapon": [{"text": "\u82cf-35S\u6218\u6597\u673a", "offset": 0, "length": 8}]}}, {"sentence": "\u6b64\u5916\uff0c\u8be5\u96f7\u8fbe\u8fd8\u80fd\u53d1\u73b0\u5730\u9762\u76ee\u6807\uff0c\u540c\u65f6\u8ddf\u8e2a4\u4e2a\u5730\u9762\u76ee\u6807\uff0c\u6253\u51fb\u5176\u4e2d2\u4e2a\u3002", "events": [], "arguments": {"time": [], "loc": [], "country": [], "weapon": [{"text": "\u96f7\u8fbe", "offset": 4, "length": 2}]}}, {"sentence": "\u82cf-35\u636e\u79f0\u5df2\u7ecf\u5728\u53d9\u5229\u4e9a\u8fdb\u884c\u5b9e\u6218\u90e8\u7f72\uff0c\u5176\u8868\u73b0\u5438\u5f15\u57c3\u53ca\u7a7a\u519b\u8ba2\u8d2d\u3002", "events": [], "arguments": {"time": [], "loc": [], "country": [{"text": "\u53d9\u5229\u4e9a", "offset": 9, "length": 3}, {"text": "\u57c3\u53ca", "offset": 24, "length": 2}], "weapon": [{"text": "\u82cf-35", "offset": 0, "length": 4}]}}, {"sentence": "\uff08\u5b8c\uff09", "events": [], "arguments": {"time": [], "loc": [], "country": [], "weapon": []}}, {"sentence": "\uff08\u5b8c\uff09", "events": [], "arguments": {"time": [], "loc": [], "country": [], "weapon": []}}]