[{"sentence": "\u7f8e\u519b\u8457\u540d\u7279\u79cd\u90e8\u961f\u5728\u53d9\u5229\u4e9a\u7ffb\u8f66\u00a0\u591a\u540d\u961f\u5458\u53d7\u4f24", "events": [], "arguments": {"time": [], "loc": [], "country": [{"text": "\u7f8e", "offset": 0, "length": 1}, {"text": "\u53d9\u5229\u4e9a", "offset": 9, "length": 3}], "weapon": []}}, {"sentence": "\u3010\u73af\u7403\u7f51\u62a5\u9053 \u8bb0\u8005 \u5f90\u7490\u660e\u3011", "events": [], "arguments": {"time": [], "loc": [], "country": [], "weapon": []}}, {"sentence": "\u636e\u201c\u9632\u52a1\u535a\u5ba2\u201d\u7f51\u7ad97\u670822\u65e5\u62a5\u9053\uff0c\u7f8e\u519b\u8fd1\u65e5\u5728\u53d9\u5229\u4e9a\u4e1c\u5317\u90e8\u53d1\u751f\u4e86\u4e00\u8d77\u88c5\u7532\u8f66\u7ffb\u8f66\u4e8b\u6545\uff0c\u9020\u6210\u591a\u540d\u7279\u79cd\u90e8\u961f\u961f\u5458\u53d7\u4f24\u3002", "events": [{"trigger": {"text": "\u4e8b\u6545", "offset": 38, "length": 2}, "subject": {"text": "\u88c5\u7532\u8f66\u7ffb\u8f66", "offset": 33, "length": 5}, "object": {"text": "", "offset": 0, "length": 0}}], "arguments": {"time": [{"text": "7\u670822\u65e5", "offset": 9, "length": 5}], "loc": [{"text": "\u53d9\u5229\u4e9a\u4e1c\u5317\u90e8", "offset": 22, "length": 6}], "country": [{"text": "\u7f8e", "offset": 17, "length": 1}, {"text": "\u53d9\u5229\u4e9a", "offset": 22, "length": 3}], "weapon": [{"text": "\u88c5\u7532\u8f66", "offset": 33, "length": 3}]}}, {"sentence": "\u62a5\u9053\u79f0\uff0c\u7531\u7f8e\u56fd\u9646\u519b\u7eff\u8272\u8d1d\u96f7\u5e3d\u7279\u79cd\u90e8\u961f\u9a7e\u9a76\u7684\u4e00\u8f86M-ATV\u9632\u5730\u96f7\u8f66\u5728\u53d9\u5229\u4e9a\u4e1c\u5317\u90e8\u5de1\u903b\u65f6\u7ffb\u8f66\u3002", "events": [], "arguments": {"time": [], "loc": [], "country": [{"text": "\u7f8e\u56fd", "offset": 5, "length": 2}, {"text": "\u53d9\u5229\u4e9a", "offset": 33, "length": 3}], "weapon": [{"text": "M-ATV\u9632\u5730\u96f7\u8f66", "offset": 23, "length": 9}]}}, {"sentence": "\u4ece\u5728\u793e\u4ea4\u5a92\u4f53\u4e0a\u66dd\u5149\u7684\u753b\u9762\u4e2d\u53ef\u4ee5\u770b\u5230\uff0c\u8fd9\u8f86\u9632\u96f7\u8f66\u201c\u56db\u811a\u671d\u5929\u201d\u5730\u7ffb\u5728\u4e86\u516c\u8def\u65c1\u8fb9\u7684\u8349\u5730\u91cc\u3002", "events": [], "arguments": {"time": [], "loc": [], "country": [], "weapon": [{"text": "\u9632\u96f7\u8f66", "offset": 20, "length": 3}]}}, {"sentence": "\u62a5\u9053\u6ca1\u6709\u63d0\u53ca\u7ffb\u8f66\u4e8b\u6545\u7684\u539f\u56e0\u4ee5\u53ca\u5177\u4f53\u7ec6\u8282\uff0c\u4e5f\u6ca1\u6709\u5177\u4f53\u8bf4\u660e\u6709\u591a\u5c11\u4eba\u5728\u4e8b\u6545\u4e2d\u53d7\u4f24\u3002", "events": [], "arguments": {"time": [], "loc": [], "country": [], "weapon": []}}, {"sentence": "\u4eca\u5e746\u6708\uff0c\u793e\u4ea4\u5a92\u4f53\u4e0a\u66dd\u5149\u7684\u4e00\u6bb5\u89c6\u9891\u66fe\u663e\u793a\uff0c\u7f8e\u519b\u88c5\u7532\u8f66\u5728\u53d9\u5229\u4e9a\u4e1c\u5317\u90e8\u548c\u4fc4\u7f57\u65afBTR-80\u88c5\u7532\u8fd0\u5175\u8f66\u4ee5\u53ca\u201c\u864e\u201d\u5f0f\u8d8a\u91ce\u8f66\u5728\u516c\u8def\u4e0a\u4e92\u76f8\u8ffd\u9010\u3002", "events": [], "arguments": {"time": [], "loc": [], "country": [{"text": "\u53d9\u5229\u4e9a", "offset": 27, "length": 3}, {"text": "\u4fc4\u7f57\u65af", "offset": 34, "length": 3}], "weapon": [{"text": "BTR-80\u88c5\u7532\u8fd0\u5175\u8f66", "offset": 37, "length": 11}, {"text": "\u201c\u864e\u201d\u5f0f\u8d8a\u91ce\u8f66", "offset": 50, "length": 7}]}}, {"sentence": "\u53e6\u636e\u7f8e\u56fd\u300a\u9646\u519b\u65f6\u62a5\u300b\u7f51\u7ad97\u670822\u65e5\u62a5\u9053\uff0c\u4e00\u540d\u7f8e\u519b\u58eb\u51757\u670821\u65e5\u5728\u53d9\u5229\u4e9a\u56e0\u4e8b\u6545\u8eab\u4ea1\u3002", "events": [], "arguments": {"time": [], "loc": [], "country": [{"text": "\u7f8e\u56fd", "offset": 2, "length": 2}, {"text": "\u53d9\u5229\u4e9a", "offset": 32, "length": 3}], "weapon": []}}, {"sentence": "\u62a5\u9053\u63f4\u5f15\u7f8e\u519b\u5b98\u5458\u7684\u8bdd\u79f0\uff0c\u8fd9\u540d\u7f8e\u519b\u58eb\u5175\u662f\u56e0\u610f\u5916\u4e8b\u6545\u6b7b\u4ea1\uff0c\u800c\u4e0d\u662f\u5728\u6218\u6597\u4e2d\u9635\u4ea1\uff0c\u4e8b\u6545\u5177\u4f53\u539f\u56e0\u4ecd\u5728\u8c03\u67e5\u4e2d\u3002", "events": [], "arguments": {"time": [], "loc": [], "country": [{"text": "\u7f8e", "offset": 14, "length": 1}], "weapon": []}}]