[{"sentence": "\u7279\u6717\u666e\u7279\u4f7f\u6279\u4fc4\u5f00\u53d1\u6838\u52a8\u529b\u5bfc\u5f39\uff1a\u8fd9\u5c31\u662f\u4e2a\u4f1a\u98de\u7684\u5207\u5c14\u8bfa\u8d1d\u5229", "events": [], "arguments": {"time": [], "loc": [], "country": [{"text": "\u4fc4", "offset": 6, "length": 1}], "weapon": [{"text": "\u6838\u52a8\u529b\u5bfc\u5f39", "offset": 9, "length": 5}, {"text": "\u5207\u5c14\u8bfa\u8d1d\u5229", "offset": 22, "length": 5}]}}, {"sentence": "\u3010\u73af\u7403\u7f51\u519b\u4e8b\u62a5\u9053\u3011", "events": [], "arguments": {"time": [], "loc": [], "country": [], "weapon": []}}, {"sentence": "\u4fc4\u7f57\u65af\u536b\u661f\u901a\u8baf\u793e7\u670821\u65e5\u62a5\u9053\uff0c\u7f8e\u56fd\u603b\u7edf\u519b\u63a7\u4e8b\u52a1\u7279\u4f7f\u9a6c\u6b47\u5c14\u00b7\u6bd4\u6797\u65af\u5229\u5f53\u5929\u8868\u793a\uff0c\u7f8e\u56fd\u547c\u5401\u4fc4\u7f57\u65af\u505c\u6b62\u5f00\u53d1\u5e76\u5e94\u7528\u5e26\u6709\u6838\u53d1\u52a8\u673a\u7684\u65b0\u578b\u5bfc\u5f39\u3002", "events": [], "arguments": {"time": [], "loc": [], "country": [{"text": "\u4fc4\u7f57\u65af", "offset": 0, "length": 3}, {"text": "\u7f8e\u56fd", "offset": 16, "length": 2}, {"text": "\u7f8e\u56fd", "offset": 39, "length": 2}, {"text": "\u4fc4\u7f57\u65af", "offset": 43, "length": 3}], "weapon": [{"text": "\u5bfc\u5f39", "offset": 62, "length": 2}]}}, {"sentence": "\u4fc4\u7f57\u65af\u201c\u6d77\u71d5\u201d\u6838\u52a8\u529b\u5de1\u822a\u5bfc\u5f39\u7814\u5236\u753b\u9762", "events": [], "arguments": {"time": [], "loc": [], "country": [{"text": "\u4fc4\u7f57\u65af", "offset": 0, "length": 3}], "weapon": [{"text": "\u201c\u6d77\u71d5\u201d\u6838\u52a8\u529b\u5de1\u822a\u5bfc\u5f39", "offset": 3, "length": 11}]}}, {"sentence": "\u6bd4\u6797\u65af\u5229\u5728\u7f8e\u56fd\u53c2\u8bae\u9662\u5916\u4ea4\u59d4\u5458\u4f1a\u7684\u542c\u8bc1\u4f1a\u4e0a\u8bf4\uff1a\u201c\u6211\u4eec\u76f8\u4fe1\u8fd9\u79cd\u6b66\u5668\u6839\u672c\u5c31\u4e0d\u5e94\u8be5\u5b58\u5728\u3002", "events": [], "arguments": {"time": [], "loc": [], "country": [{"text": "\u7f8e\u56fd", "offset": 5, "length": 2}], "weapon": []}}, {"sentence": "\u4e3a\u4ec0\u4e48\u8981\u6709\u6838\u52a8\u529b\u5de1\u822a\u5bfc\u5f39\u5462\uff1f", "events": [], "arguments": {"time": [], "loc": [], "country": [], "weapon": [{"text": "\u6838\u52a8\u529b\u5de1\u822a\u5bfc\u5f39", "offset": 5, "length": 7}]}}, {"sentence": "\u8fd9\u5c31\u662f\u4e2a\u4f1a\u98de\u7684\u5207\u5c14\u8bfa\u8d1d\u5229\u3002", "events": [], "arguments": {"time": [], "loc": [], "country": [], "weapon": [{"text": "\u5207\u5c14\u8bfa\u8d1d\u5229", "offset": 7, "length": 5}]}}, {"sentence": "\u60f3\u8c61\u4e00\u4e0b\uff0c\u8fd9\u79cd\u6b66\u5668\u5728\u98de\u884c\u4e2d\u80fd\u4ea7\u751f\u600e\u6837\u7684\u8f90\u5c04\u3002", "events": [], "arguments": {"time": [], "loc": [], "country": [], "weapon": []}}, {"sentence": "\u6ca1\u6709\u903b\u8f91\u80fd\u591f\u8bc1\u660e\u672b\u65e5\u6b66\u5668\u7cfb\u7edf\u7684\u6b63\u5f53\u6027\u3002", "events": [], "arguments": {"time": [], "loc": [], "country": [], "weapon": [{"text": "\u672b\u65e5\u6b66\u5668\u7cfb\u7edf", "offset": 8, "length": 6}]}}, {"sentence": "\u6211\u76f4\u63a5\u8ddf\u4fc4\u65b9\u8bf4\u8fc7\uff0c\u8fd9\u662f\u7b14\u5de8\u5927\u7684\u652f\u51fa\uff0c\u800c\u4e14\u4ed6\u4eec\u9700\u8981\u505c\u6b62\u8fd9\u4e9b\u7834\u574f\u7a33\u5b9a\u7684\u6b66\u5668\u7814\u53d1\u3002", "events": [], "arguments": {"time": [], "loc": [], "country": [{"text": "\u4fc4\u65b9", "offset": 4, "length": 2}], "weapon": []}}, {"sentence": "\u201d", "events": [], "arguments": {"time": [], "loc": [], "country": [], "weapon": []}}, {"sentence": "\u9a6c\u6b47\u5c14\u00b7\u6bd4\u6797\u65af\u5229\u88ab\u63d0\u540d\u51fa\u4efb\u7f8e\u56fd\u8d1f\u8d23\u519b\u5907\u63a7\u5236\u548c\u56fd\u9645\u5b89\u5168\u4e8b\u52a1\u7684\u526f\u56fd\u52a1\u537f\uff0c\u7f8e\u56fd\u53c2\u8bae\u9662\u5916\u4ea4\u59d4\u5458\u4f1a7\u670821\u65e5\u5f00\u4f1a\u5ba1\u8bae\u8be5\u63d0\u540d\u3002", "events": [], "arguments": {"time": [], "loc": [], "country": [{"text": "\u7f8e\u56fd", "offset": 13, "length": 2}, {"text": "\u7f8e\u56fd", "offset": 34, "length": 2}], "weapon": []}}, {"sentence": "\u4fc4\u7f57\u65af\u603b\u7edf\u666e\u4eac2018\u5e743\u67081\u65e5\u5728\u5411\u8054\u90a6\u4f1a\u8bae\u53d1\u8868\u7684\u56fd\u60c5\u54a8\u6587\u671f\u95f4\u4ecb\u7ecd\u4e86\u201c\u5315\u9996\u201d\u9ad8\u8d85\u97f3\u901f\u5bfc\u5f39\u7cfb\u7edf\u3001\u201c\u5148\u950b\u201d\u9ad8\u8d85\u97f3\u901f\u6218\u7565\u5bfc\u5f39\u3001\u201c\u6d77\u71d5\u201d\u6838\u52a8\u529b\u5de1\u822a\u5bfc\u5f39\u3001\u201c\u4f69\u5217\u65af\u97e6\u7279\u201d\u6fc0\u5149\u6b66\u5668\u7cfb\u7edf\u4ee5\u53ca\u201c\u6ce2\u585e\u51ac\u201d\u65e0\u4eba\u6f5c\u822a\u5668\u7684\u6f5c\u8247\u7b49\u65b0\u578b\u6218\u7565\u6b66\u5668\u3002", "events": [], "arguments": {"time": [], "loc": [], "country": [], "weapon": [{"text": "\u201c\u5315\u9996\u201d\u9ad8\u8d85\u97f3\u901f\u5bfc\u5f39\u7cfb\u7edf", "offset": 34, "length": 12}, {"text": "\u201c\u5148\u950b\u201d\u9ad8\u8d85\u97f3\u901f\u6218\u7565\u5bfc\u5f39", "offset": 47, "length": 12}, {"text": "\u201c\u6d77\u71d5\u201d\u6838\u52a8\u529b\u5de1\u822a\u5bfc\u5f39", "offset": 60, "length": 11}, {"text": "\u201c\u4f69\u5217\u65af\u97e6\u7279\u201d\u6fc0\u5149\u6b66\u5668\u7cfb\u7edf", "offset": 72, "length": 13}, {"text": "\u201c\u6ce2\u585e\u51ac\u201d\u65e0\u4eba\u6f5c\u822a\u5668\u7684\u6f5c\u8247", "offset": 87, "length": 13}]}}, {"sentence": "\u4e94\u89d2\u5927\u697c\u6b64\u524d\u627f\u8ba4\uff0c\u5728\u5236\u9020\u8d85\u97f3\u901f\u6b66\u5668\u9886\u57df\u843d\u540e\u4e8e\u4fc4\u7f57\u65af\u3002", "events": [], "arguments": {"time": [], "loc": [], "country": [{"text": "\u4fc4\u7f57\u65af", "offset": 22, "length": 3}], "weapon": [{"text": "\u8d85\u97f3\u901f\u6b66\u5668", "offset": 12, "length": 5}]}}, {"sentence": "\u636e\u4fc4\u7f57\u65af\u4e13\u5bb6\u8bc4\u4f30\uff0c\u7f8e\u56fd\u5927\u7ea6\u843d\u540e5\u5e74\u3002", "events": [], "arguments": {"time": [], "loc": [], "country": [{"text": "\u4fc4\u7f57\u65af", "offset": 1, "length": 3}, {"text": "\u7f8e\u56fd", "offset": 9, "length": 2}], "weapon": []}}, {"sentence": "2020\u5e746\u670822\u81f323\u65e5\u5728\u7ef4\u4e5f\u7eb3\u4e3e\u884c\u7684\u4fc4\u7f8e\u6218\u7565\u7a33\u5b9a\u78cb\u5546\u671f\u95f4\uff0c\u53cc\u65b9\u5c31\u65b0\u578b\u6b66\u5668\u7684\u76f8\u5173\u95ee\u9898\u8fdb\u884c\u8ba8\u8bba\u3002", "events": [], "arguments": {"time": [], "loc": [], "country": [{"text": "\u4fc4", "offset": 20, "length": 1}, {"text": "\u7f8e", "offset": 21, "length": 1}], "weapon": []}}]