[{"sentence": "\u4e9a\u7f8e\u5c3c\u4e9a\u548c\u963f\u585e\u62dc\u7586\u51b2\u7a81\u53d8\u65e0\u4eba\u673a\u5927\u6218\u00a0\u53cc\u65b9\u90fd\u5ba3\u79f0\u51fb\u843d\u5bf9\u65b9\u591a\u67b6\u65e0\u4eba\u673a", "events": [], "arguments": {"time": [], "loc": [], "country": [{"text": "\u4e9a\u7f8e\u5c3c\u4e9a", "offset": 0, "length": 4}, {"text": "\u963f\u585e\u62dc\u7586", "offset": 5, "length": 4}], "weapon": [{"text": "\u65e0\u4eba\u673a", "offset": 29, "length": 3}]}}, {"sentence": "\u3010\u73af\u7403\u7f51\u519b\u4e8b\u62a5\u9053\u3011", "events": [], "arguments": {"time": [], "loc": [], "country": [], "weapon": []}}, {"sentence": "\u4fc4\u7f57\u65af\u536b\u661f\u901a\u8baf\u793e7\u670821\u65e5\u62a5\u9053\u79f0\uff0c\u4e9a\u7f8e\u5c3c\u4e9a\u9632\u7a7a\u90e8\u961f\u53c2\u8c0b\u957f\u52a0\u91cc\u514b\u00b7\u83ab\u592b\u8c22\u65af\u626c\u5f53\u5929\u8868\u793a\uff0c\u4e9a\u7f8e\u5c3c\u4e9a\u65b9\u9762\u81ea\u4e9a\u7f8e\u5c3c\u4e9a-\u963f\u585e\u62dc\u7586\u8fb9\u5883\u51b2\u7a81\u5347\u7ea7\u4ee5\u6765\u5df2\u7ecf\u51fb\u843d14\u67b6\u963f\u585e\u62dc\u7586\u7684\u65e0\u4eba\u673a\u3002", "events": [{"trigger": {"text": "\u51b2\u7a81", "offset": 60, "length": 2}, "subject": {"text": "\u4e9a\u7f8e\u5c3c\u4e9a", "offset": 49, "length": 4}, "object": {"text": "\u963f\u585e\u62dc\u7586", "offset": 73, "length": 4}}], "arguments": {"time": [{"text": "7\u670821\u65e5", "offset": 8, "length": 5}], "loc": [{"text": "\u4e9a\u7f8e\u5c3c\u4e9a-\u963f\u585e\u62dc\u7586\u8fb9\u5883", "offset": 49, "length": 11}], "country": [{"text": "\u4fc4\u7f57\u65af", "offset": 0, "length": 3}, {"text": "\u4e9a\u7f8e\u5c3c\u4e9a", "offset": 17, "length": 4}, {"text": "\u4e9a\u7f8e\u5c3c\u4e9a", "offset": 42, "length": 4}, {"text": "\u4e9a\u7f8e\u5c3c\u4e9a", "offset": 49, "length": 4}, {"text": "\u963f\u585e\u62dc\u7586", "offset": 54, "length": 4}, {"text": "\u963f\u585e\u62dc\u7586", "offset": 73, "length": 4}], "weapon": [{"text": "\u65e0\u4eba\u673a", "offset": 78, "length": 3}]}}, {"sentence": "\u83ab\u592b\u8c22\u65af\u626c\u5728\u57c3\u91cc\u6e29\u822a\u7a7a\u5b66\u9662\u5c55\u793a\u65e0\u4eba\u673a\u788e\u7247\u65f6\u8868\u793a\uff1a\u201c\u5171\u51fb\u6bc114\u67b6\u65e0\u4eba\u673a\uff0c\u5176\u4e2d\u5305\u62ec\u6218\u7565\u65e0\u4eba\u673a\uff0c\u4e5f\u5305\u62ec\u4fa6\u5bdf\u548c\u653b\u51fb\u65e0\u4eba\u673a\u3002", "events": [], "arguments": {"time": [], "loc": [], "country": [], "weapon": [{"text": "\u6218\u7565\u65e0\u4eba\u673a", "offset": 39, "length": 5}, {"text": "\u4fa6\u5bdf\u548c\u653b\u51fb\u65e0\u4eba\u673a", "offset": 48, "length": 8}]}}, {"sentence": "\u8fd9\u4e9b\u65e0\u4eba\u673a\u88ab\u4e9a\u7f8e\u5c3c\u4e9a\u9632\u7a7a\u90e8\u961f\u7684\u9632\u7a7a\u70ae\u548c\u73b0\u4ee3\u9632\u7a7a\u6b66\u5668\u51fb\u843d\u3002", "events": [], "arguments": {"time": [], "loc": [], "country": [{"text": "\u4e9a\u7f8e\u5c3c\u4e9a", "offset": 6, "length": 4}], "weapon": [{"text": "\u65e0\u4eba\u673a", "offset": 2, "length": 3}, {"text": "\u9632\u7a7a\u70ae", "offset": 15, "length": 3}, {"text": "\u9632\u7a7a\u6b66\u5668", "offset": 21, "length": 4}]}}, {"sentence": "\u201d", "events": [], "arguments": {"time": [], "loc": [], "country": [], "weapon": []}}, {"sentence": "\u636e\u8be5\u53c2\u8c0b\u957f\u79f0\uff0c\u4e9a\u7f8e\u5c3c\u4e9a\u9632\u7a7a\u90e8\u961f\u51fb\u843d\u4e86\u7528\u4e8e\u8fdb\u884c\u6218\u7565\u4fa6\u5bdf\u7684Hermes 900\u578b\u65e0\u4eba\u673a\uff0c\u4ee5\u53ca3\u67b6Orbiter-2\u548c Orbiter-3\u578b\u65e0\u4eba\u4fa6\u5bdf\u673a\u3002", "events": [], "arguments": {"time": [], "loc": [], "country": [{"text": "\u4e9a\u7f8e\u5c3c\u4e9a", "offset": 7, "length": 4}], "weapon": [{"text": "Hermes 900\u578b\u65e0\u4eba\u673a", "offset": 27, "length": 14}, {"text": "3\u67b6Orbiter-2", "offset": 44, "length": 11}, {"text": "Orbiter-3\u578b\u65e0\u4eba\u4fa6\u5bdf\u673a", "offset": 57, "length": 15}, {"text": "Orbiter-2", "offset": 46, "length": 9}, {"text": "Orbiter-3\u578b\u65e0\u4eba\u4fa6\u5bdf\u673a", "offset": 0, "length": 15}]}}, {"sentence": "\u963f\u585e\u62dc\u7586\u56fd\u9632\u90e821\u65e5\u4e5f\u5ba3\u5e03\uff0c\u51fb\u843d2\u67b6\u4e9a\u7f8e\u5c3c\u4e9a\u6b66\u88c5\u529b\u91cf\u65e0\u4eba\u673a\u3002", "events": [], "arguments": {"time": [], "loc": [], "country": [{"text": "\u963f\u585e\u62dc\u7586", "offset": 0, "length": 4}, {"text": "\u4e9a\u7f8e\u5c3c\u4e9a", "offset": 18, "length": 4}], "weapon": [{"text": "\u6b66\u88c5\u529b\u91cf\u65e0\u4eba\u673a", "offset": 22, "length": 7}]}}, {"sentence": "\u963f\u585e\u62dc\u7586\u56fd\u9632\u90e8\u8868\u793a\uff1a\u201c\u4e9a\u7f8e\u5c3c\u4e9a\u6b66\u88c5\u529b\u91cf\u5206\u961f7\u670821\u65e5\u51fa\u52a82\u67b6\u65e0\u4eba\u673a\uff0c\u8bd5\u56fe\u4fa6\u5bdf\u963f\u585e\u62dc\u7586\u519b\u4e8b\u5206\u961f\u9635\u5730\uff0c\u88ab\u6211\u7a7a\u519b\u9632\u7a7a\u5206\u961f\u8fc5\u901f\u53d1\u73b0\u5e76\u51fb\u843d\u3002", "events": [], "arguments": {"time": [], "loc": [], "country": [{"text": "\u963f\u585e\u62dc\u7586", "offset": 0, "length": 4}, {"text": "\u4e9a\u7f8e\u5c3c\u4e9a", "offset": 11, "length": 4}, {"text": "\u963f\u585e\u62dc\u7586", "offset": 38, "length": 4}], "weapon": [{"text": "\u65e0\u4eba\u673a", "offset": 30, "length": 3}]}}, {"sentence": "\u201d", "events": [], "arguments": {"time": [], "loc": [], "country": [], "weapon": []}}, {"sentence": "\u963f\u585e\u62dc\u7586\u548c\u4e9a\u7f8e\u5c3c\u4e9a\u4ea4\u754c\u7684\u8fb9\u5883\u5730\u533a\u81ea7\u670812\u65e5\u8d77\u7206\u53d1\u6b66\u88c5\u51b2\u7a81\u3002", "events": [], "arguments": {"time": [], "loc": [], "country": [{"text": "\u963f\u585e\u62dc\u7586", "offset": 0, "length": 4}, {"text": "\u4e9a\u7f8e\u5c3c\u4e9a", "offset": 5, "length": 4}], "weapon": []}}, {"sentence": "\u636e\u5df4\u5e93\u65b9\u9762\u6d88\u606f\uff0c\u4e8b\u4ef6\u5df2\u9020\u6210\u5305\u62ec1\u540d\u5c06\u519b\u5728\u5185\u768411\u540d\u963f\u585e\u62dc\u7586\u519b\u4eba\u6b7b\u4ea1\u3002", "events": [], "arguments": {"time": [], "loc": [], "country": [{"text": "\u963f\u585e\u62dc\u7586", "offset": 25, "length": 4}], "weapon": []}}, {"sentence": "\u4e9a\u7f8e\u5c3c\u4e9a\u65b9\u9762\u6307\u51fa\uff0c\u5df1\u65b94\u540d\u519b\u4eba\u9635\u4ea1\uff0c10\u540d\u519b\u4eba\u548c1\u540d\u5e73\u6c11\u53d7\u4f24\u3002", "events": [], "arguments": {"time": [], "loc": [], "country": [{"text": "\u4e9a\u7f8e\u5c3c\u4e9a", "offset": 0, "length": 4}], "weapon": []}}, {"sentence": "\u963f\u585e\u62dc\u7586\u548c\u4e9a\u7f8e\u5c3c\u4e9a\u5c31\u4e92\u76f8\u5f00\u70ae\u76f8\u4e92\u6307\u8d23\u3002", "events": [], "arguments": {"time": [], "loc": [], "country": [{"text": "\u963f\u585e\u62dc\u7586", "offset": 0, "length": 4}, {"text": "\u4e9a\u7f8e\u5c3c\u4e9a", "offset": 5, "length": 4}], "weapon": []}}, {"sentence": "\u591a\u4e2a\u56fd\u5bb6\u548c\u56fd\u9645\u7ec4\u7ec7\u5bf9\u4e9a\u963f\u8fb9\u5883\u5c40\u52bf\u8868\u793a\u5173\u5207\u3002", "events": [], "arguments": {"time": [], "loc": [], "country": [], "weapon": []}}, {"sentence": "\u4fc4\u7f57\u65af\u5916\u4ea4\u90e8\u8868\u793a\uff0c\u613f\u534f\u52a9\u53cc\u65b9\u7a33\u5b9a\u5c40\u52bf\u3002", "events": [], "arguments": {"time": [], "loc": [], "country": [{"text": "\u4fc4\u7f57\u65af", "offset": 0, "length": 3}], "weapon": []}}]