[{"sentence": "\u7f8e\u56fd\u62c9\u5e2e\u7ed3\u6d3e\u6311\u52a8\u5357\u6d77\u5c40\u52bf\u00a0\u51fa\u52a8\u822a\u6bcd\u5e26\u65e5\u6fb3\u6218\u8230\u5728\u5357\u6d77\u6f14\u7ec3", "events": [], "arguments": {"time": [], "loc": [], "country": [{"text": "\u7f8e\u56fd", "offset": 0, "length": 2}], "weapon": [{"text": "\u822a\u6bcd", "offset": 15, "length": 2}, {"text": "\u6218\u8230", "offset": 20, "length": 2}]}}, {"sentence": "\u3010\u73af\u7403\u7f51\u62a5\u9053 \u8bb0\u8005 \u5f90\u7490\u660e\u3011", "events": [], "arguments": {"time": [], "loc": [], "country": [], "weapon": []}}, {"sentence": "\u8981\u628a\u201c\u70ab\u8000\u6b66\u529b\u201d\u8fdb\u884c\u5230\u5e95\uff1f", "events": [], "arguments": {"time": [], "loc": [], "country": [], "weapon": []}}, {"sentence": "\u57287\u670817\u65e5\u4e3e\u884c\u201c\u53cc\u822a\u6bcd\u201d\u6f14\u4e60\u540e\uff0c\u7f8e\u56fd\u6d77\u519b\u201c\u91cc\u6839\u201d\u53f7\u822a\u6bcd\u53c8\u5728\u5357\u6d77\u4e0e\u65e5\u672c\u3001\u6fb3\u5927\u5229\u4e9a\u6218\u8230\u4e3e\u884c\u8054\u5408\u6f14\u7ec3\u3002", "events": [{"trigger": {"text": "\u8054\u5408\u6f14\u7ec3", "offset": 44, "length": 4}, "subject": {"text": "\u7f8e\u56fd\u6d77\u519b\u201c\u91cc\u6839\u201d\u53f7\u822a\u6bcd\u53c8\u5728\u5357\u6d77\u4e0e\u65e5\u672c\u3001\u6fb3\u5927\u5229\u4e9a\u6218\u8230", "offset": 17, "length": 25}, "object": {"text": "", "offset": 0, "length": 0}}], "arguments": {"time": [{"text": "7\u670817\u65e5", "offset": 1, "length": 5}], "loc": [{"text": "\u5357\u6d77", "offset": 30, "length": 2}], "country": [{"text": "\u7f8e\u56fd", "offset": 17, "length": 2}, {"text": "\u65e5\u672c", "offset": 33, "length": 2}, {"text": "\u6fb3\u5927\u5229\u4e9a", "offset": 36, "length": 4}], "weapon": [{"text": "\u201c\u91cc\u6839\u201d\u53f7\u822a\u6bcd", "offset": 21, "length": 7}, {"text": "\u6218\u8230", "offset": 40, "length": 2}]}}, {"sentence": "\u65e5\u672c\u6d77\u4e0a\u81ea\u536b\u961f21\u65e5\u5728\u5176\u793e\u4ea4\u5a92\u4f53\u7684\u5b98\u65b9\u8d26\u53f7\u4e0a\u53d1\u5e03\u6d88\u606f\u79f0\uff0c\u65e5\u672c\u6d77\u4e0a\u81ea\u536b\u961f\u6b63\u5728\u4e0e\u7f8e\u56fd\u6d77\u519b\u7684\u201c\u91cc\u6839\u201d\u53f7\u822a\u6bcd\u6218\u6597\u7fa4\u4ee5\u53ca\u6fb3\u5927\u5229\u4e9a\u6d77\u519b\u201c\u582a\u57f9\u62c9\u201d\u53f7\u4e24\u6816\u653b\u51fb\u8230\u8230\u961f\u5728\u5357\u6d77\u53ca\u897f\u592a\u5e73\u6d0b\u5f00\u5c55\u8054\u5408\u6f14\u7ec3\u3002", "events": [], "arguments": {"time": [], "loc": [], "country": [{"text": "\u65e5\u672c", "offset": 0, "length": 2}, {"text": "\u65e5\u672c", "offset": 28, "length": 2}, {"text": "\u7f8e\u56fd", "offset": 38, "length": 2}, {"text": "\u6fb3\u5927\u5229\u4e9a", "offset": 55, "length": 4}], "weapon": [{"text": "\u201c\u582a\u57f9\u62c9\u201d\u53f7\u4e24\u6816\u653b\u51fb\u8230", "offset": 61, "length": 11}, {"text": "\u201c\u91cc\u6839\u201d\u53f7\u822a\u6bcd\u6218\u6597\u7fa4", "offset": 43, "length": 10}]}}, {"sentence": "\u4ece\u65e5\u672c\u6d77\u4e0a\u81ea\u536b\u961f\u516c\u5e03\u7684\u73b0\u573a\u753b\u9762\u6765\u770b\uff0c\u591a\u8fbe9\u8258\u8230\u8239\u5728\u6c34\u9762\u7ec4\u6210\u5927\u578b\u7f16\u961f\uff0c\u671f\u95f4\u7f8e\u56fd\u201c\u91cc\u6839\u201d\u53f7\u822a\u6bcd\u8fd8\u51fa\u52a812\u67b6\u8230\u8f7d\u6218\u6597\u673a\u4ece\u8230\u8247\u7f16\u961f\u4e0a\u65b9\u98de\u8fc7\u3002", "events": [], "arguments": {"time": [], "loc": [], "country": [{"text": "\u65e5\u672c", "offset": 1, "length": 2}, {"text": "\u7f8e\u56fd", "offset": 36, "length": 2}], "weapon": [{"text": "\u201c\u91cc\u6839\u201d\u53f7\u822a\u6bcd", "offset": 38, "length": 7}, {"text": "\u8230\u8f7d\u6218\u6597\u673a", "offset": 51, "length": 5}]}}, {"sentence": "\u65e5\u672c\u6d77\u4e0a\u81ea\u536b\u961f\u51fa\u52a8\u4e86\u201c\u79cb\u6708\u201d\u7ea7\u9a71\u9010\u8230\u201c\u7167\u6708\u201d\u53f7\uff0c\u7f8e\u56fd\u6d77\u519b\u51fa\u52a8\u201c\u91cc\u6839\u201d\u53f7\u822a\u6bcd\u3001\u201c\u5b89\u63d0\u5766\u201d\u53f7\u5de1\u6d0b\u8230\u3001\u201c\u9a6c\u65af\u5ef7\u201d\u53f7\u9a71\u9010\u8230\uff0c\u6fb3\u5927\u5229\u4e9a\u6d77\u519b\u5219\u51fa\u52a8\u4e86\u201c\u582a\u57f9\u62c9\u201d\u53f7\u4e24\u6816\u653b\u51fb\u8230\u3001\u201c\u970d\u5df4\u7279\u201d\u53f7\u9a71\u9010\u8230\u3001\u201c\u65af\u56fe\u5c14\u7279\u201d\u53f7\u62a4\u536b\u8230\u3001\u201c\u963f\u5170\u8fbe\u201d\u53f7\u62a4\u536b\u8230\u4ee5\u53ca\u201c\u5929\u72fc\u661f\u201d\u53f7\u7efc\u5408\u8865\u7ed9\u8230\u3002", "events": [], "arguments": {"time": [], "loc": [], "country": [{"text": "\u65e5\u672c", "offset": 0, "length": 2}, {"text": "\u7f8e\u56fd", "offset": 24, "length": 2}, {"text": "\u6fb3\u5927\u5229\u4e9a", "offset": 58, "length": 4}], "weapon": [{"text": "\u201c\u79cb\u6708\u201d\u7ea7\u9a71\u9010\u8230\u201c\u7167\u6708\u201d\u53f7", "offset": 10, "length": 13}, {"text": "\u201c\u91cc\u6839\u201d\u53f7\u822a\u6bcd", "offset": 30, "length": 7}, {"text": "\u201c\u5b89\u63d0\u5766\u201d\u53f7\u5de1\u6d0b\u8230", "offset": 38, "length": 9}, {"text": "\u201c\u9a6c\u65af\u5ef7\u201d\u53f7\u9a71\u9010\u8230", "offset": 48, "length": 9}, {"text": "\u201c\u582a\u57f9\u62c9\u201d\u53f7\u4e24\u6816\u653b\u51fb\u8230", "offset": 68, "length": 11}, {"text": "\u201c\u970d\u5df4\u7279\u201d\u53f7\u9a71\u9010\u8230", "offset": 80, "length": 9}, {"text": "\u201c\u65af\u56fe\u5c14\u7279\u201d\u53f7\u62a4\u536b\u8230", "offset": 90, "length": 10}, {"text": "\u201c\u963f\u5170\u8fbe\u201d\u53f7\u62a4\u536b\u8230", "offset": 101, "length": 9}, {"text": "\u201c\u5929\u72fc\u661f\u201d\u53f7\u7efc\u5408\u8865\u7ed9\u8230", "offset": 112, "length": 11}]}}, {"sentence": "\u65e5\u672c\u6d77\u4e0a\u81ea\u536b\u961f\u5728\u6d88\u606f\u4e2d\u58f0\u79f0\uff0c\u6b64\u6b21\u591a\u8fb9\u6f14\u4e60\u8868\u660e\u65e5\u672c\u5728\u65b0\u51a0\u80ba\u708e\u5927\u6d41\u884c\u7684\u5f53\u4e0b\u4ecd\u7ee7\u7eed\u8ffd\u6c42\u201c\u81ea\u7531\u5f00\u653e\u7684\u5370\u5ea6-\u592a\u5e73\u6d0b\u201d\u7684\u613f\u666f\u3002", "events": [], "arguments": {"time": [], "loc": [], "country": [{"text": "\u65e5\u672c", "offset": 0, "length": 2}, {"text": "\u65e5\u672c", "offset": 22, "length": 2}, {"text": "\u5370\u5ea6", "offset": 46, "length": 2}], "weapon": []}}, {"sentence": "\u4e2d\u56fd\u519b\u4e8b\u95ee\u9898\u4e13\u5bb6\u674e\u6770\u6b64\u524d\u5728\u63a5\u53d7\u300a\u73af\u7403\u65f6\u62a5\u300b\u8bb0\u8005\u91c7\u8bbf\u65f6\u8868\u793a\uff0c\u4e2d\u56fd\u4ece\u672a\u59a8\u788d\u8fc7\u4efb\u4f55\u56fd\u5bb6\u5728\u5357\u6d77\u5730\u533a\u7684\u81ea\u7531\u822a\u884c\uff0c\u540c\u65f6\u4e5f\u575a\u51b3\u53cd\u5bf9\u6270\u4e71\u5357\u6d77\u5c40\u52bf\u7684\u505a\u6cd5\u3002", "events": [], "arguments": {"time": [], "loc": [], "country": [{"text": "\u4e2d\u56fd", "offset": 0, "length": 2}, {"text": "\u4e2d\u56fd", "offset": 29, "length": 2}], "weapon": []}}, {"sentence": "\u800c\u4e14\uff0c\u5357\u6d77\u5730\u533a\u4e8b\u52a1\u5e94\u8be5\u7531\u5f53\u4e8b\u65b9\u534f\u5546\u89e3\u51b3\uff0c\u5305\u62ec\u7f8e\u56fd\u5728\u5185\u7684\u57df\u5916\u56fd\u5bb6\u65e0\u6743\u63d2\u624b\uff0c\u66f4\u4e0d\u5e94\u717d\u52a8\u4ed6\u56fd\u4ecb\u5165\uff0c\u5426\u5219\u53ea\u4f1a\u5bfc\u81f4\u5f62\u52bf\u66f4\u52a0\u4e25\u5cfb\u590d\u6742\u3002", "events": [], "arguments": {"time": [], "loc": [], "country": [{"text": "\u7f8e\u56fd", "offset": 22, "length": 2}], "weapon": []}}, {"sentence": "\u7f8e\u56fd\u6d77\u519b\u672c\u6708\u5728\u5357\u6d77\u4e24\u6b21\u4e3e\u884c\u201c\u53cc\u822a\u6bcd\u201d\u6f14\u4e60\uff0c\u5982\u4eca\u53c8\u4e0e\u65e5\u672c\u3001\u6fb3\u5927\u5229\u4e9a\u6218\u8230\u4e00\u8d77\u5728\u5357\u6d77\u201c\u79c0\u808c\u8089\u201d\uff0c\u6311\u8845\u610f\u56fe\u660e\u663e\u3002", "events": [], "arguments": {"time": [], "loc": [], "country": [{"text": "\u7f8e\u56fd", "offset": 0, "length": 2}, {"text": "\u65e5\u672c", "offset": 25, "length": 2}, {"text": "\u6fb3\u5927\u5229\u4e9a", "offset": 28, "length": 4}], "weapon": [{"text": "\u6218\u8230", "offset": 32, "length": 2}]}}, {"sentence": "\u4e2d\u56fd\u56fd\u9632\u90e8\u65b0\u95fb\u53d1\u8a00\u4eba\u5434\u8c26\u5927\u6821\u66fe\u57286\u6708\u56fd\u9632\u90e8\u4f8b\u884c\u8bb0\u8005\u4f1a\u4e0a\u8868\u793a\uff0c\u53cd\u89c2\u4f5c\u4e3a\u57df\u5916\u56fd\u5bb6\u7684\u7f8e\u56fd\uff0c\u6253\u7740\u6240\u8c13\u201c\u822a\u884c\u81ea\u7531\u201d\u7684\u5e4c\u5b50\uff0c\u6d3e\u519b\u7528\u8230\u673a\u6765\u4e1c\u6d77\u3001\u5357\u6d77\u6311\u8845\uff0c\u5bf9\u4e2d\u65b9\u5b9e\u65bd\u9ad8\u9891\u5ea6\u62b5\u8fd1\u4fa6\u5bdf\uff0c\u4e3e\u884c\u9488\u5bf9\u6027\u6781\u5f3a\u7684\u519b\u4e8b\u6f14\u4e60\uff0c\u4e25\u91cd\u5371\u5bb3\u5730\u533a\u56fd\u5bb6\u7684\u4e3b\u6743\u4e0e\u5b89\u5168\u5229\u76ca\uff0c\u4e25\u91cd\u7834\u574f\u672c\u5730\u533a\u7684\u548c\u5e73\u7a33\u5b9a\u3002", "events": [], "arguments": {"time": [], "loc": [], "country": [{"text": "\u4e2d\u56fd", "offset": 0, "length": 2}, {"text": "\u7f8e\u56fd", "offset": 39, "length": 2}, {"text": "\u4e2d\u65b9", "offset": 71, "length": 2}], "weapon": []}}, {"sentence": "\u4e2d\u56fd\u5916\u4ea4\u90e8\u53d1\u8a00\u4eba\u8d75\u7acb\u575a\u6b64\u524d\u4e5f\u5bf9\u7f8e\u519b\u5728\u5357\u6d77\u5f00\u5c55\u6f14\u4e60\u56de\u5e94\u79f0\uff0c\u5f53\u524d\u5728\u4e2d\u56fd\u548c\u4e1c\u76df\u56fd\u5bb6\u7684\u5171\u540c\u52aa\u529b\u4e0b\uff0c\u5357\u6d77\u5c40\u52bf\u4fdd\u6301\u603b\u4f53\u7a33\u5b9a\u3001\u5411\u597d\u53d1\u5c55\u3002", "events": [], "arguments": {"time": [], "loc": [], "country": [{"text": "\u4e2d\u56fd", "offset": 0, "length": 2}, {"text": "\u4e2d\u56fd", "offset": 31, "length": 2}], "weapon": []}}, {"sentence": "\u5728\u6b64\u5f62\u52bf\u4e0b\uff0c\u7f8e\u56fd\u84c4\u610f\u6d3e\u91cd\u5175\u5728\u5357\u6d77\u6709\u5173\u6d77\u57df\u8fdb\u884c\u5927\u89c4\u6a21\u519b\u6f14\uff0c\u70ab\u8000\u6b66\u529b\uff0c\u5b8c\u5168\u662f\u522b\u6709\u7528\u5fc3\u3002", "events": [], "arguments": {"time": [], "loc": [], "country": [{"text": "\u7f8e\u56fd", "offset": 6, "length": 2}], "weapon": []}}, {"sentence": "\u7f8e\u65b9\u7684\u884c\u5f84\u4e00\u518d\u6311\u62e8\u79bb\u95f4\u5730\u533a\u56fd\u5bb6\u95f4\u5173\u7cfb\uff0c\u63a8\u52a8\u5357\u6d77\u519b\u4e8b\u5316\uff0c\u7834\u574f\u5357\u6d77\u5730\u533a\u548c\u5e73\u4e0e\u7a33\u5b9a\u3002", "events": [], "arguments": {"time": [], "loc": [], "country": [{"text": "\u7f8e\u65b9", "offset": 0, "length": 2}], "weapon": []}}, {"sentence": "\u56fd\u9645\u793e\u4f1a\u7279\u522b\u662f\u672c\u5730\u533a\u56fd\u5bb6\uff0c\u5bf9\u6b64\u770b\u5f97\u6e05\u6e05\u695a\u695a\u3002", "events": [], "arguments": {"time": [], "loc": [], "country": [], "weapon": []}}]