[{"sentence": "\u4fc4\u7f57\u65af\u540c\u65f6\u5f00\u5efa6\u8258\u5927\u578b\u519b\u8230\u00a0\u00a0\u5176\u4e2d\u65b0\u578b\u6838\u6f5c\u8247\u5c06\u88c5\u5907\u9ad8\u8d85\u97f3\u901f\u6b66\u5668", "events": [], "arguments": {"time": [], "loc": [], "country": [{"text": "\u4fc4\u7f57\u65af", "offset": 0, "length": 3}], "weapon": [{"text": "\u6838\u6f5c\u8247", "offset": 19, "length": 3}]}}, {"sentence": "\u3010\u73af\u7403\u7f51\u62a5\u9053 \u89c1\u4e60\u8bb0\u8005 \u9a6c\u5ca9\u3011", "events": [], "arguments": {"time": [], "loc": [], "country": [], "weapon": []}}, {"sentence": "\u636e\u4fc4\u7f57\u65af\u5854\u65af\u793e7\u670820\u65e5\u62a5\u9053\uff0c\u4fc4\u7f57\u65af\u4e09\u5ea7\u4e3b\u8981\u9020\u8239\u5382\u5f53\u5929\u540c\u65f6\u5f00\u5efa6\u8258\u8fdc\u6d0b\u519b\u8230\uff0c\u5305\u62ec2\u8258\u4e24\u6816\u653b\u51fb\u8230\u30012\u8258\u62a4\u536b\u8230\u548c2\u8258\u6838\u6f5c\u8247\u3002", "events": [], "arguments": {"time": [], "loc": [], "country": [{"text": "\u4fc4\u7f57\u65af", "offset": 1, "length": 3}, {"text": "\u4fc4\u7f57\u65af", "offset": 15, "length": 3}], "weapon": [{"text": "\u4e24\u6816\u653b\u51fb\u8230", "offset": 42, "length": 5}, {"text": "\u62a4\u536b\u8230", "offset": 50, "length": 3}, {"text": "\u6838\u6f5c\u8247", "offset": 56, "length": 3}]}}, {"sentence": "\u5728\u4fc4\u7f57\u65af\u897f\u5317\u90e8\u7684\u5317\u5fb7\u6587\u65af\u514b\u9020\u8239\u5382\uff0c2\u8258885M\u201c\u4e9a\u68ee-M\u201d\u7ea7\u6838\u6f5c\u8247\u4e3e\u884c\u5f00\u5de5\u4eea\u5f0f\uff0c\u5317\u5fb7\u6587\u65af\u514b\u9020\u8239\u5382\u9996\u5e2d\u6267\u884c\u5b98Mikhail Budnichenko\u8868\u793a\uff0c\u8fd9\u578b\u6838\u6f5c\u8247\u672a\u6765\u5c06\u88c5\u5907\u9ad8\u8d85\u97f3\u901f\u6b66\u5668\u3002", "events": [], "arguments": {"time": [], "loc": [], "country": [{"text": "\u4fc4\u7f57\u65af", "offset": 1, "length": 3}], "weapon": [{"text": "885M\u201c\u4e9a\u68ee-M\u201d\u7ea7\u6838\u6f5c\u8247", "offset": 19, "length": 14}]}}, {"sentence": "\u4fc4\u7f57\u65af\u603b\u7edf\u666e\u4eac\u4e5f\u8868\u793a\uff0c\u5f53\u5929\u5f00\u5de5\u5efa\u8bbe\u76842\u8258\u201c\u4e9a\u68ee-M\u201d\u7ea7\u6838\u6f5c\u8247\u5c06\u88ab\u547d\u540d\u4e3a\u201c\u6c83\u7f57\u6d85\u4ec0\u201d\u53f7\u548c\u201c\u7b26\u62c9\u8fea\u6c83\u65af\u6258\u514b\u201d\u53f7\u3002", "events": [], "arguments": {"time": [], "loc": [], "country": [], "weapon": [{"text": "\u201c\u4e9a\u68ee-M\u201d\u7ea7\u6838\u6f5c\u8247", "offset": 20, "length": 10}, {"text": "\u201c\u6c83\u7f57\u6d85\u4ec0\u201d\u53f7", "offset": 35, "length": 7}, {"text": "\u201c\u7b26\u62c9\u8fea\u6c83\u65af\u6258\u514b\u201d\u53f7", "offset": 43, "length": 10}]}}, {"sentence": "\u636e\u4ecb\u7ecd\uff0c885\u578b\u653b\u51fb\u578b\u6838\u6f5c\u8247\u662f\u4fc4\u7f57\u65af\u6700\u65b0\u7684\u80fd\u591f\u643a\u8f7d\u5404\u7c7b\u578b\u5bfc\u5f39\u7684\u7b2c\u56db\u4ee3/\u7b2c\u4e94\u4ee3\u591a\u7528\u9014\u653b\u51fb\u6838\u6f5c\u8247\uff0c\u5177\u6709\u5b89\u9759\u3001\u6df1\u6f5c\u3001\u6253\u51fb\u80fd\u529b\u5f3a\u3001\u81ea\u52a8\u5316\u7a0b\u5ea6\u9ad8\u7b49\u7279\u70b9\uff0c\u5b83\u4e0d\u4ec5\u80fd\u53cd\u6f5c\u3001\u53cd\u8230\u3001\u5bf9\u9646\u653b\u51fb\u3001\u6218\u5907\u8b66\u6212\uff0c\u8fd8\u80fd\u5b9e\u65bd\u4e00\u5b9a\u7684\u6218\u7565\u6253\u51fb\u4efb\u52a1\u3002", "events": [], "arguments": {"time": [], "loc": [], "country": [{"text": "\u4fc4\u7f57\u65af", "offset": 15, "length": 3}], "weapon": [{"text": "885\u578b\u653b\u51fb\u578b\u6838\u6f5c\u8247", "offset": 4, "length": 10}, {"text": "\u7b2c\u4e94\u4ee3\u591a\u7528\u9014\u653b\u51fb\u6838\u6f5c\u8247", "offset": 0, "length": 11}]}}, {"sentence": "\u5176\u4e2d\uff0c885M\u7ea7\u662f\u5176\u6700\u65b0\u6539\u8fdb\u578b\uff0c\u9996\u8258885M\u7ea7\u6838\u6f5c\u8247\u201c\u5580\u5c71\u201d\u53f7\u4e8e2009\u5e74\u5f00\u5de5\u5efa\u8bbe\uff0c\u4f46\u8fc4\u4eca\u4ecd\u672a\u6b63\u5f0f\u4ea4\u4ed8\u3002", "events": [], "arguments": {"time": [], "loc": [], "country": [], "weapon": [{"text": "885M\u7ea7\u6838\u6f5c\u8247\u201c\u5580\u5c71\u201d\u53f7", "offset": 18, "length": 13}]}}, {"sentence": "\u4e24\u8258\u4e24\u6816\u653b\u51fb\u8230\u88ab\u5206\u522b\u547d\u540d\u4e3a\u201c\u4f0a\u4e07\u7f57\u6208\u592b\u201d\u53f7\u548c\u201c\u7c73\u7279\u7f57\u51e1\u2022\u83ab\u65af\u5361\u8f6e\u79d1\u201d\u53f7\uff0c\u4e24\u8258\u62a4\u536b\u8230\u88ab\u547d\u540d\u4e3a\u201c\u5c24\u9a6c\u820d\u592b\u6d77\u519b\u4e0a\u5c06\u201d\u53f7\u548c\u201c\u65af\u535a\u745e\u591a\u8bfa\u592b\u6d77\u519b\u4e0a\u5c06\u201d\u53f7\u3002", "events": [], "arguments": {"time": [], "loc": [], "country": [], "weapon": [{"text": "\u201c\u4f0a\u4e07\u7f57\u6208\u592b\u201d\u53f7", "offset": 13, "length": 8}, {"text": "\u201c\u7c73\u7279\u7f57\u51e1\u2022\u83ab\u65af\u5361\u8f6e\u79d1\u201d\u53f7", "offset": 22, "length": 13}, {"text": "\u62a4\u536b\u8230", "offset": 38, "length": 3}, {"text": "\u201c\u5c24\u9a6c\u820d\u592b\u6d77\u519b\u4e0a\u5c06\u201d\u53f7", "offset": 45, "length": 11}, {"text": "\u201c\u65af\u535a\u745e\u591a\u8bfa\u592b\u6d77\u519b\u4e0a\u5c06\u201d\u53f7", "offset": 57, "length": 13}]}}, {"sentence": "\uff08\u5b8c\uff09", "events": [], "arguments": {"time": [], "loc": [], "country": [], "weapon": []}}, {"sentence": "\uff08\u5b8c\uff09", "events": [], "arguments": {"time": [], "loc": [], "country": [], "weapon": []}}]