[{"sentence": "\u4e4c\u514b\u5170\u201c\u6d77\u4e0a\u5fae\u98ce\u201d\u6f14\u4e60\u6253\u54cd\uff0c\u7f8e\u519b\u6d3e\u8230\u53c2\u52a0\uff0c\u4fc4\u679c\u65ad\u7528\u6b66\u529b\u56de\u5e94", "events": [], "arguments": {"time": [], "loc": [], "country": [{"text": "\u4e4c\u514b\u5170", "offset": 0, "length": 3}], "weapon": []}}, {"sentence": "\u3010\u73af\u7403\u7f51\u62a5\u9053 \u8bb0\u8005 \u5f90\u7490\u660e\u3011", "events": [], "arguments": {"time": [], "loc": [], "country": [], "weapon": []}}, {"sentence": "\u636e\u7f8e\u56fd\u6d77\u519b\u7814\u7a76\u5b66\u4f1a\uff08USNI\uff09\u7f51\u7ad97\u670820\u65e5\u62a5\u9053\uff0c\u7531\u7f8e\u56fd\u548c\u4e4c\u514b\u5170\u4e3b\u5bfc\u7684\u201c\u6d77\u4e0a\u5fae\u98ce\u201d\u591a\u56fd\u6f14\u4e60\u4e8e\u5f53\u5730\u65f6\u95f420\u65e5\u62c9\u5f00\u5e37\u5e55\u3002", "events": [{"trigger": {"text": "\u6f14\u4e60", "offset": 43, "length": 2}, "subject": {"text": "\u7f8e\u56fd\u548c\u4e4c\u514b\u5170", "offset": 26, "length": 6}, "object": {"text": "", "offset": 0, "length": 0}}], "arguments": {"time": [{"text": "7\u670820\u65e5", "offset": 17, "length": 5}], "loc": [], "country": [{"text": "\u7f8e\u56fd", "offset": 26, "length": 2}, {"text": "\u4e4c\u514b\u5170", "offset": 29, "length": 3}, {"text": "\u7f8e\u56fd", "offset": 1, "length": 2}], "weapon": []}}, {"sentence": "\u4e4c\u514b\u5170\u6d77\u519b\u53f8\u4ee4\u963f\u5217\u514b\u8c22\u00b7\u5185\u5179\u5e15\u5e15\u8868\u793a\uff1a\u201c\u8be5\u9879\u6f14\u4e60\u59cb\u4e8e1997\u5e74\uff0c\u5bf9\u4e8e\u4e4c\u514b\u5170\u6765\u8bf4\uff0c\u8fd9\u662f\u52a0\u5165\u5317\u7ea6\u7684\u4e3b\u8981\u5de5\u5177\u3002", "events": [], "arguments": {"time": [], "loc": [], "country": [{"text": "\u4e4c\u514b\u5170", "offset": 0, "length": 3}, {"text": "\u4e4c\u514b\u5170", "offset": 34, "length": 3}, {"text": "\u5317\u7ea6", "offset": 44, "length": 2}], "weapon": []}}, {"sentence": "\u201d\u8fd9\u6b21\u6f14\u4e60\u5c06\u6709\u9ed1\u6d77\u6cbf\u5cb8\u56fd\u5bb6\u548c\u975e\u9ed1\u6d77\u5730\u533a\u56fd\u5bb6\u53c2\u52a0\uff0c\u5305\u62ec\u4fdd\u52a0\u5229\u4e9a\u3001\u683c\u9c81\u5409\u4e9a\u3001\u7f57\u9a6c\u5c3c\u4e9a\u3001\u632a\u5a01\u3001\u897f\u73ed\u7259\u3001\u571f\u8033\u5176\u3001\u7f8e\u56fd\u7b49\u3002", "events": [], "arguments": {"time": [], "loc": [], "country": [{"text": "\u4fdd\u52a0\u5229\u4e9a", "offset": 26, "length": 4}, {"text": "\u683c\u9c81\u5409\u4e9a", "offset": 31, "length": 4}, {"text": "\u7f57\u9a6c\u5c3c\u4e9a", "offset": 36, "length": 4}, {"text": "\u632a\u5a01", "offset": 41, "length": 2}, {"text": "\u897f\u73ed\u7259", "offset": 44, "length": 3}, {"text": "\u571f\u8033\u5176", "offset": 48, "length": 3}, {"text": "\u7f8e\u56fd", "offset": 52, "length": 2}], "weapon": []}}, {"sentence": "\u7f8e\u56fd\u6d77\u519b\u201c\u6ce2\u7279\u201d\u53f7\u9a71\u9010\u8230", "events": [], "arguments": {"time": [], "loc": [], "country": [{"text": "\u7f8e\u56fd", "offset": 0, "length": 2}], "weapon": [{"text": "\u201c\u6ce2\u7279\u201d\u53f7\u9a71\u9010\u8230", "offset": 4, "length": 8}]}}, {"sentence": "\u7f8e\u56fd\u7b2c\u516d\u8230\u961f\u6307\u6325\u5b98\u6770\u5c3c\u00b7\u5e03\u83b1\u514b\u8bf4\uff0c\u8fd9\u9879\u4e3a\u671f\u4e00\u5468\u7684\u6f14\u4e60\u5c06\u670926\u8258\u519b\u8230\u4ee5\u53ca19\u67b6\u98de\u673a\u53c2\u52a0\uff0c\u53c2\u6f14\u4eba\u6570\u7ea6\u4e3a2000\u4eba\uff0c\u5176\u4e2d400\u4eba\u4e3a\u7f8e\u519b\u58eb\u5175\uff0c\u4e3b\u8981\u6765\u81ea\u7f8e\u56fd\u6d77\u519b\u201c\u6ce2\u7279\u201d\u53f7\u9a71\u9010\u8230\u548cVP-47\u5de1\u903b\u673a\u4e2d\u961f\u3002", "events": [], "arguments": {"time": [], "loc": [], "country": [{"text": "\u7f8e\u56fd", "offset": 0, "length": 2}, {"text": "\u7f8e\u56fd", "offset": 71, "length": 2}], "weapon": [{"text": "\u201c\u6ce2\u7279\u201d\u53f7\u9a71\u9010\u8230", "offset": 75, "length": 8}, {"text": "VP-47\u5de1\u903b\u673a", "offset": 84, "length": 8}]}}, {"sentence": "\u4eca\u5e74\u201c\u6d77\u4e0a\u5fae\u98ce\u201d\u6f14\u4e60\u7684\u5185\u5bb9\u5206\u4e3a\u7a7a\u4e2d\u548c\u6d77\u4e0a\u4e24\u4e2a\u90e8\u5206\uff0c\u8bfe\u76ee\u4e3b\u8981\u6709\u6d77\u4e0a\u62e6\u622a\u3001\u9632\u7a7a\u4f5c\u6218\u3001\u53cd\u6f5c\u4f5c\u6218\u3001\u7ba1\u635f\u63a7\u5236\u4ee5\u53ca\u641c\u7d22\u6551\u63f4\u3002", "events": [], "arguments": {"time": [], "loc": [], "country": [], "weapon": []}}, {"sentence": "\u4e4c\u514b\u5170\u6d77\u519b\u53f8\u4ee4\u5185\u5179\u5e15\u5e15\u8bf4\uff1a\u201c\u53d7\u65b0\u51a0\u80ba\u708e\u75ab\u60c5\u5f71\u54cd\uff0c\u6211\u4eec\u5c06\u6f14\u4e60\u65f6\u95f4\u538b\u7f29\u81f3\u4e00\u5468\u3002", "events": [], "arguments": {"time": [], "loc": [], "country": [{"text": "\u4e4c\u514b\u5170", "offset": 0, "length": 3}], "weapon": []}}, {"sentence": "\u4f46\u6211\u5e0c\u671b\u8fd9\u6b21\u6f14\u4e60\u5c06\u5728\u9ad8\u5c42\u6b21\u8fdb\u884c\uff0c\u5e76\u80fd\u53d6\u5f97\u6210\u679c\uff0c\u6211\u4eec\u5c06\u4f1a\u6536\u83b7\u5f88\u591a\u7ecf\u9a8c\u3002", "events": [], "arguments": {"time": [], "loc": [], "country": [], "weapon": []}}, {"sentence": "\u201d", "events": [], "arguments": {"time": [], "loc": [], "country": [], "weapon": []}}, {"sentence": "\u62a5\u9053\u63d0\u53ca\uff0c\u5728\u201c\u6d77\u4e0a\u5fae\u98ce\u201d\u6f14\u4e60\u5f00\u59cb\u524d\u4e09\u5929\uff0c\u4fc4\u7f57\u65af\u6d77\u519b\u4e5f\u5ba3\u5e03\u5728\u9ed1\u6d77\u9644\u8fd1\u5f00\u5c55\u7a81\u51fb\u6218\u5907\u68c0\u67e5\u6f14\u4e60\u3002", "events": [], "arguments": {"time": [], "loc": [], "country": [{"text": "\u4fc4\u7f57\u65af", "offset": 20, "length": 3}], "weapon": []}}, {"sentence": "\u4fc4\u5a92\u79f0\uff0c\u4fc4\u7f57\u65af\u6d77\u519b\u9ed1\u6d77\u8230\u961f\u5404\u4f5c\u6218\u5355\u4f4d\u5df2\u7ecf\u8fdb\u5165\u8b66\u6212\u72b6\u6001\uff0c\u6b64\u6b21\u6218\u5907\u68c0\u67e5\u6f14\u4e60\u6d89\u53ca3000\u591a\u540d\u58eb\u5175\u548c300\u591a\u4ef6\u519b\u4e8b\u88c5\u5907\uff0c\u5305\u62ec\u519b\u8230\u548c\u6218\u6597\u673a\u3002", "events": [], "arguments": {"time": [], "loc": [], "country": [{"text": "\u4fc4\u7f57\u65af", "offset": 4, "length": 3}], "weapon": [{"text": "\u519b\u8230", "offset": 58, "length": 2}, {"text": "\u6218\u6597\u673a", "offset": 61, "length": 3}]}}]