[{"sentence": "\u8231\u5185\u6e29\u5ea61200\u5ea6\uff01", "events": [], "arguments": {"time": [], "loc": [], "country": [], "weapon": []}}, {"sentence": "\u7f8e\u519b\u51c6\u822a\u6bcd\u88ab\u70e7\u60e8\u72b6\u516c\u5f00\uff0c\u6d77\u519b\u6700\u9ad8\u5c06\u9886\u767b\u8230\u540e\u611f\u53f9", "events": [], "arguments": {"time": [], "loc": [], "country": [{"text": "\u7f8e", "offset": 0, "length": 1}], "weapon": [{"text": "\u51c6\u822a\u6bcd", "offset": 2, "length": 3}]}}, {"sentence": "\u3010\u73af\u7403\u7f51\u62a5\u9053 \u8bb0\u8005 \u5f90\u7490\u660e\u3011", "events": [], "arguments": {"time": [], "loc": [], "country": [], "weapon": []}}, {"sentence": "\u7f8e\u56fd\u300a\u6d77\u519b\u65f6\u62a5\u300b7\u670818\u65e5\u53d1\u5e03\u4e86\u201c\u597d\u4eba\u7406\u67e5\u5fb7\u201d\u53f7\u4e24\u6816\u653b\u51fb\u8230\u8231\u5185\u88ab\u70e7\u6bc1\u7684\u591a\u5f20\u7167\u7247\uff0c\u8fd9\u8258\u51c6\u822a\u6bcd\u6b64\u524d\u53d1\u751f\u706b\u707e\uff0c\u8fde\u7eed\u71c3\u70e7\u4e864\u5929\u706b\u624d\u706d\u6389\u3002", "events": [], "arguments": {"time": [], "loc": [], "country": [{"text": "\u7f8e\u56fd", "offset": 0, "length": 2}], "weapon": [{"text": "\u201c\u597d\u4eba\u7406\u67e5\u5fb7\u201d\u53f7\u4e24\u6816\u653b\u51fb\u8230", "offset": 16, "length": 13}]}}, {"sentence": "\u8fd9\u4e9b\u6d41\u4f20\u5728\u793e\u4ea4\u5a92\u4f53\u4e0a\u7684\u7167\u7247\u771f\u5b9e\u6027\u5f97\u5230\u4e86\u4e00\u540d\u7f8e\u56fd\u6d77\u519b\u5b98\u5458\u7684\u8bc1\u5b9e\u3002", "events": [], "arguments": {"time": [], "loc": [], "country": [{"text": "\u7f8e\u56fd", "offset": 21, "length": 2}], "weapon": []}}, {"sentence": "\u62a5\u9053\u79f0\uff0c\u201c\u597d\u4eba\u7406\u67e5\u5fb7\u201d\u53f7\u4e24\u6816\u653b\u51fb\u8230\u8d77\u706b\u65f6\u6b63\u5728\u5723\u8fed\u6208\u6d77\u519b\u57fa\u5730\u8fdb\u884c\u4e3a\u8fce\u63a5F-35B\u6218\u6597\u673a\u4e0a\u8230\u7684\u5347\u7ea7\u6539\u9020\uff0c\u8be5\u8230\u56e0\u706b\u707e\u635f\u6bc1\u5bfc\u81f4\u7684\u4e00\u4e2a\u95ee\u9898\u662f\uff0c\u8fd9\u4e9bF-35B\u6218\u6597\u673a\u672a\u6765\u5c06\u5982\u4f55\u90e8\u7f72\u3002", "events": [], "arguments": {"time": [], "loc": [], "country": [], "weapon": [{"text": "\u201c\u597d\u4eba\u7406\u67e5\u5fb7\u201d\u53f7\u4e24\u6816\u653b\u51fb\u8230", "offset": 4, "length": 13}, {"text": "F-35B\u6218\u6597\u673a", "offset": 68, "length": 8}]}}, {"sentence": "\u62a5\u9053\u8fd8\u79f0\uff0c\u201c\u597d\u4eba\u7406\u67e5\u5fb7\u201d\u53f7\u5728\u71c3\u70e7\u8fc7\u7a0b\u4e2d\u8230\u4e0a\u7684\u6e29\u5ea6\u66fe\u9ad8\u81f31200\u5ea6\uff0c\u524d\u6845\u6746\u5728\u5927\u706b\u4e2d\u5012\u584c\u3002", "events": [], "arguments": {"time": [], "loc": [], "country": [], "weapon": [{"text": "\u201c\u597d\u4eba\u7406\u67e5\u5fb7\u201d\u53f7", "offset": 5, "length": 8}]}}, {"sentence": "\u76f4\u5347\u673a\u4e00\u76f4\u5728\u4e0d\u65ad\u5411\u8be5\u8230\u6d12\u6c34\u964d\u6e29\uff0c\u4f7f\u5176\u51b7\u5374\u4ee5\u4fbf\u8ba9\u6d88\u9632\u4eba\u5458\u8fdb\u5165\u5185\u90e8\u706d\u706b\u3002", "events": [], "arguments": {"time": [], "loc": [], "country": [], "weapon": [{"text": "\u76f4\u5347\u673a", "offset": 0, "length": 3}]}}, {"sentence": "\u81f3\u4e8e\u8fd9\u8258\u4e24\u6816\u653b\u51fb\u8230\u7684\u5177\u4f53\u53d7\u635f\u60c5\u51b5\u8fd8\u6709\u5f85\u8bc4\u4f30\uff0c\u4f46\u7f8e\u56fd\u6d77\u519b\u9ad8\u5c42\u5df2\u7ecf\u4e0b\u4ee4\uff0c\u5bf9\u706b\u707e\u4e8b\u6545\u8fdb\u884c\u5f7b\u5e95\u7684\u8c03\u67e5\u3002", "events": [], "arguments": {"time": [], "loc": [], "country": [{"text": "\u7f8e\u56fd", "offset": 23, "length": 2}], "weapon": [{"text": "\u4e24\u6816\u653b\u51fb\u8230", "offset": 4, "length": 5}]}}, {"sentence": "\u3001", "events": [], "arguments": {"time": [], "loc": [], "country": [], "weapon": []}}, {"sentence": "\u636e\u7f8e\u56fd\u6d77\u519b\u7814\u7a76\u5b66\u4f1a\uff08USNI\uff09\u7f51\u7ad97\u670817\u65e5\u7684\u62a5\u9053\uff0c\u7f8e\u56fd\u6d77\u519b\u7684\u6700\u9ad8\u519b\u5b98\u3001\u7f8e\u56fd\u6d77\u519b\u4f5c\u6218\u90e8\u957f\u5409\u5c14\u8fea\u5728\u4e0a\u5468\u4e94\u62b5\u8fbe\u5723\u8fed\u6208\uff0c\u4ed6\u4e0e\u6d88\u9632\u4eba\u5458\u4eec\u4f1a\u9762\uff0c\u5e76\u68c0\u67e5\u4e86\u201c\u597d\u4eba\u7406\u67e5\u5fb7\u201d\u53f7\u53d7\u635f\u7684\u7532\u677f\u548c\u8231\u5185\u7a7a\u95f4\u3002", "events": [], "arguments": {"time": [], "loc": [], "country": [{"text": "\u7f8e\u56fd", "offset": 1, "length": 2}, {"text": "\u7f8e\u56fd", "offset": 26, "length": 2}, {"text": "\u7f8e\u56fd", "offset": 36, "length": 2}], "weapon": [{"text": "\u201c\u597d\u4eba\u7406\u67e5\u5fb7\u201d\u53f7", "offset": 71, "length": 8}]}}, {"sentence": "\u5409\u5c14\u8fea\u8bf4\uff1a\u201c\u6d77\u519b\u5c06\u5bf9\u706b\u707e\u4e8b\u6545\u8fdb\u884c\u5f7b\u5e95\u7684\u8c03\u67e5\uff0c\u4ee5\u786e\u5b9a\u4e0b\u4e00\u6b65\u8be5\u600e\u4e48\u505a\u3002", "events": [], "arguments": {"time": [], "loc": [], "country": [], "weapon": []}}, {"sentence": "\u201d", "events": [], "arguments": {"time": [], "loc": [], "country": [], "weapon": []}}, {"sentence": "\u7f8e\u56fd\u6d77\u519b\u6d77\u4e0a\u7cfb\u7edf\u53f8\u4ee4\u90e8\u5c06\u7275\u5934\u5b89\u5168\u8c03\u67e5\uff0c\u800c\u6d77\u519b\u72af\u7f6a\u8c03\u67e5\u5904\u4e5f\u5c06\u4e3b\u5bfc\u8fdb\u884c\u5211\u4e8b\u8c03\u67e5\u3002", "events": [], "arguments": {"time": [], "loc": [], "country": [{"text": "\u7f8e\u56fd", "offset": 0, "length": 2}], "weapon": []}}, {"sentence": "\u201c\u5c31\u50cf\u6211\u4eec\u4e00\u8d2f\u7684\u505a\u6cd5\uff0c\u8981\u786e\u4fdd\u706b\u707e\u7684\u6839\u6e90\u4e0d\u662f\u6e0e\u804c\u5bfc\u81f4\uff0c\u201d\u5409\u5c14\u8fea\u8bf4\u3002", "events": [], "arguments": {"time": [], "loc": [], "country": [], "weapon": []}}, {"sentence": "\u76ee\u524d\uff0c\u201c\u597d\u4eba\u7406\u67e5\u5fb7\u201d\u53f7\u4e24\u6816\u653b\u51fb\u8230\u4ecd\u505c\u9760\u5728\u5723\u8fed\u6208\u519b\u6e2f\u76842\u53f7\u7801\u5934\uff0c\u8239\u8eab\u5411\u5de6\u503e\u659c\u3002", "events": [], "arguments": {"time": [], "loc": [], "country": [], "weapon": [{"text": "\u201c\u597d\u4eba\u7406\u67e5\u5fb7\u201d\u53f7\u4e24\u6816\u653b\u51fb\u8230", "offset": 3, "length": 13}]}}, {"sentence": "\u5012\u584c\u7684\u524d\u6845\u6746\u8fd8\u642d\u5728\u8230\u5c9b\u4e0a\u3002", "events": [], "arguments": {"time": [], "loc": [], "country": [], "weapon": []}}, {"sentence": "\u5409\u5c14\u8fea\u8fd8\u8bf4\uff1a\u201c\u5728\u6211\u7684\u519b\u65c5\u751f\u6daf\u4e2d\uff0c\u81f3\u5c11\u5728\u6700\u8fd1\u7684\u8bb0\u5fc6\u4e2d\uff0c\u8fd8\u6ca1\u6709\u5728\u6d77\u519b\u8230\u8247\u4e0a\u770b\u5230\u8fc7\u5982\u6b64\u4e25\u91cd\u7684\u706b\u707e\u3002", "events": [], "arguments": {"time": [], "loc": [], "country": [], "weapon": []}}, {"sentence": "\u201d\u201c\u65e9\u4e0a\u6211\u7a7f\u8fc7\u8239\u8231\uff0c\u4ece\u4e0b\u5c42\u7532\u677f\u6765\u5230\u98de\u884c\u7532\u677f\uff0c\u6211\u770b\u4e86\u770b\u8be5\u8230\u7684\u4e0a\u5c42\u5efa\u7b51\uff0c\u6211\u80fd\u5f88\u597d\u5730\u611f\u53d7\u5230\u53d7\u635f\u7a0b\u5ea6\u2014\u2014\u635f\u574f\u662f\u9762\u79ef\u662f\u975e\u5e38\u5927\u7684\u3002", "events": [], "arguments": {"time": [], "loc": [], "country": [], "weapon": []}}, {"sentence": "\u201d", "events": [], "arguments": {"time": [], "loc": [], "country": [], "weapon": []}}]