[{"sentence": "\u7f8e\u519b\u9a71\u9010\u8230\u9a76\u5165\u9ed1\u6d77\u4e0e\u4e4c\u514b\u5170\u8054\u5408\u6f14\u4e60\u00a0\u4fc4\u519b\u4e00\u8def\u7d27\u76ef", "events": [{"trigger": {"text": "\u8054\u5408\u6f14\u4e60", "offset": 13, "length": 4}, "subject": {"text": "\u7f8e\u519b\u9a71\u9010\u8230\u9a76\u5165\u9ed1\u6d77\u4e0e\u4e4c\u514b\u5170", "offset": 0, "length": 13}, "object": {"text": "", "offset": 0, "length": 0}}], "arguments": {"time": [], "loc": [], "country": [{"text": "\u7f8e", "offset": 0, "length": 1}, {"text": "\u4e4c\u514b\u5170", "offset": 10, "length": 3}], "weapon": [{"text": "\u9a71\u9010\u8230", "offset": 2, "length": 3}]}}, {"sentence": "\u3010\u73af\u7403\u7f51\u519b\u4e8b\u62a5\u9053\u3011", "events": [], "arguments": {"time": [], "loc": [], "country": [], "weapon": []}}, {"sentence": "\u4fc4\u7f57\u65af\u536b\u661f\u901a\u8baf\u793e7\u670820\u65e5\u62a5\u9053\uff0c\u4fc4\u7f57\u65af\u56fd\u9632\u7ba1\u7406\u4e2d\u5fc3\u53d1\u5e03\u6d88\u606f\u79f0\uff0c\u4fc4\u519b\u9ed1\u6d77\u8230\u961f\u5f00\u59cb\u8ddf\u8e2a19\u65e5\u9a76\u5165\u9ed1\u6d77\u6d77\u57df\u7684\u7f8e\u56fd\u201c\u6ce2\u7279\u201d\u53f7\u5bfc\u5f39\u9a71\u9010\u8230\u3002", "events": [], "arguments": {"time": [{"text": "7\u670820\u65e5", "offset": 8, "length": 5}], "loc": [{"text": "\u9ed1\u6d77", "offset": 46, "length": 2}], "country": [{"text": "\u4fc4\u7f57\u65af", "offset": 16, "length": 3}, {"text": "\u4fc4\u7f57\u65af", "offset": 0, "length": 3}, {"text": "\u7f8e\u56fd", "offset": 51, "length": 2}], "weapon": [{"text": "\u201c\u6ce2\u7279\u201d\u53f7\u5bfc\u5f39\u9a71\u9010\u8230", "offset": 53, "length": 10}]}}, {"sentence": "\u7f8e\u56fd\u7b2c\u516d\u8230\u961f\u6b64\u524d\u53d1\u5e03\u6d88\u606f\u79f0\uff0c\u7f8e\u56fd\u201c\u6ce2\u7279\u201d\u53f7\u5bfc\u5f39\u9a71\u9010\u8230\u5f00\u59cb\u9a76\u5f80\u9ed1\u6d77\uff0c\u53c2\u52a0\u4e0e\u4e4c\u514b\u5170\u5171\u540c\u4e3e\u884c\u7684\u201c\u6d77\u98ce-2020\u201d\uff08Sea Breeze\uff09\u519b\u4e8b\u6f14\u4e60\u3002", "events": [], "arguments": {"time": [], "loc": [], "country": [{"text": "\u4e4c\u514b\u5170", "offset": 36, "length": 3}, {"text": "\u7f8e\u56fd", "offset": 0, "length": 2}, {"text": "\u7f8e\u56fd", "offset": 14, "length": 2}], "weapon": [{"text": "\u201c\u6ce2\u7279\u201d\u53f7\u5bfc\u5f39\u9a71\u9010\u8230", "offset": 16, "length": 10}]}}, {"sentence": "\u4fc4\u7f57\u65af\u56fd\u9632\u7ba1\u7406\u4e2d\u5fc3\u6307\u51fa\uff0c\u201c\u9ed1\u6d77\u8230\u961f\u6d3e\u9063\u8230\u8247\u5e76\u542f\u52a8\u8bbe\u5907\uff0c\u5f00\u59cb\u8ddf\u8e2a\u7f8e\u6d77\u519b\u2018\u6ce2\u7279\u2019\u53f7\u5bfc\u5f39\u9a71\u9010\u8230\u7684\u52a8\u5411\uff0c\u8fd9\u8258\u519b\u8230\u4e8e7\u670819\u65e519\u70b945\u5206\u9a76\u5165\u9ed1\u6d77\u6d77\u57df\u201d\u3002", "events": [], "arguments": {"time": [], "loc": [{"text": "\u9ed1\u6d77\u6d77\u57df", "offset": 66, "length": 4}], "country": [{"text": "\u4fc4\u7f57\u65af", "offset": 0, "length": 3}], "weapon": [{"text": "\u2018\u6ce2\u7279\u2019\u53f7\u5bfc\u5f39\u9a71\u9010\u8230", "offset": 34, "length": 10}]}}, {"sentence": "\u7f8e\u56fd\u7b2c\u516d\u8230\u961f\u53f8\u4ee4\u3001\u6d77\u519b\u4e2d\u5c06\u5e03\u83b1\u514b\uff08Jean Black\uff09\u8bf4\uff1a\u201c\u2018\u6ce2\u7279\u2019\u53f7\u9a71\u9010\u8230\u8fd4\u56de\u9ed1\u6d77\uff0c\u8bc1\u5b9e\u7b2c\u516d\u8230\u961f\u548c\u7f8e\u56fd\u6d77\u519b\u652f\u6301\u6211\u4eec\u7684\u76df\u56fd\u548c\u5317\u7ea6\u4f19\u4f34\u3002", "events": [], "arguments": {"time": [], "loc": [], "country": [{"text": "\u7f8e\u56fd", "offset": 0, "length": 2}, {"text": "\u7f8e\u56fd", "offset": 51, "length": 2}, {"text": "\u5317\u7ea6", "offset": 63, "length": 2}], "weapon": [{"text": "\u201c\u2018\u6ce2\u7279\u2019\u53f7\u9a71\u9010\u8230", "offset": 30, "length": 9}]}}, {"sentence": "\u6211\u4eec\u53c2\u4e0e\u4ee3\u53f7\u6d77\u98ce\u8fd9\u7c7b\u591a\u56fd\u519b\u6f14\uff0c\u5c55\u73b0\u7f8e\u56fd\u5bf9\u4e8e\u6b27\u6d32\u96c6\u4f53\u9632\u536b\u7684\u51b3\u5fc3\u201d\u3002", "events": [], "arguments": {"time": [], "loc": [], "country": [{"text": "\u7f8e\u56fd", "offset": 17, "length": 2}, {"text": "\u6b27\u6d32", "offset": 21, "length": 2}], "weapon": []}}, {"sentence": "\u9884\u8ba1\u5c06\u6709\u6765\u81ea9\u4e2a\u56fd\u5bb62000\u591a\u540d\u5b98\u5175\u300127\u8258\u519b\u8230\u548c19\u67b6\u98de\u673a\u53c2\u52a0\u8fd9\u6b21\u519b\u6f14\u3002", "events": [], "arguments": {"time": [], "loc": [], "country": [], "weapon": [{"text": "\u519b\u8230", "offset": 22, "length": 2}, {"text": "\u98de\u673a", "offset": 28, "length": 2}]}}, {"sentence": "\u53c2\u52a0\u6f14\u4e60\u7684\u56fd\u5bb6\u5305\u62ec\u4fdd\u52a0\u5229\u4e9a\u3001\u6cd5\u56fd\u3001\u683c\u9c81\u5409\u4e9a\u3001\u632a\u5a01\u3001\u7f57\u9a6c\u5c3c\u4e9a\u3001\u897f\u73ed\u7259\u3001\u571f\u8033\u5176\u3001\u4e4c\u514b\u5170\u548c\u7f8e\u56fd\u3002", "events": [], "arguments": {"time": [], "loc": [], "country": [{"text": "\u4fdd\u52a0\u5229\u4e9a", "offset": 9, "length": 4}, {"text": "\u6cd5\u56fd", "offset": 14, "length": 2}, {"text": "\u683c\u9c81\u5409\u4e9a", "offset": 17, "length": 4}, {"text": "\u632a\u5a01", "offset": 22, "length": 2}, {"text": "\u7f57\u9a6c\u5c3c\u4e9a", "offset": 25, "length": 4}, {"text": "\u897f\u73ed\u7259", "offset": 30, "length": 3}, {"text": "\u571f\u8033\u5176", "offset": 34, "length": 3}, {"text": "\u4e4c\u514b\u5170", "offset": 38, "length": 3}, {"text": "\u7f8e\u56fd", "offset": 42, "length": 2}], "weapon": []}}]