[{"sentence": "\u9996\u6b21\uff01", "events": [], "arguments": {"time": [], "loc": [], "country": [], "weapon": []}}, {"sentence": "\u4fc4\u516c\u5f00\u6b66\u88c5\u7248\u201c\u730e\u6237\u5ea7\u201d\u65e0\u4eba\u673a\u7167\u7247\uff0c\u5728\u660e\u5e74\u6708\u5386\u4e0a", "events": [{"trigger": {"text": "\u516c\u5f00", "offset": 1, "length": 2}, "subject": {"text": "\u4fc4", "offset": 0, "length": 1}, "object": {"text": "\u6b66\u88c5\u7248\u201c\u730e\u6237\u5ea7\u201d\u65e0\u4eba\u673a", "offset": 3, "length": 11}}], "arguments": {"time": [{"text": "\u660e\u5e74", "offset": 18, "length": 2}], "loc": [], "country": [{"text": "\u4fc4", "offset": 0, "length": 1}], "weapon": [{"text": "\u6b66\u88c5\u7248\u201c\u730e\u6237\u5ea7\u201d\u65e0\u4eba\u673a", "offset": 3, "length": 11}]}}, {"sentence": "\u4fc4\u7f57\u65af\u536b\u661f\u901a\u8baf\u793e12\u670828\u65e5\u62a5\u9053", "events": [], "arguments": {"time": [{"text": "12\u670828\u65e5", "offset": 8, "length": 6}], "loc": [], "country": [{"text": "\u4fc4\u7f57\u65af", "offset": 0, "length": 3}], "weapon": []}}, {"sentence": "\u4fc4\u56fd\u9632\u90e8\u5b98\u7f51\u65e5\u524d\u53d1\u5e03", "events": [], "arguments": {"time": [], "loc": [], "country": [{"text": "\u4fc4", "offset": 0, "length": 1}], "weapon": []}}, {"sentence": "2021\u5e74\u73b0\u4ee3\u5316\u6b66\u5668\u6837\u54c1\u4e3b\u9898\u6708\u5386", "events": [], "arguments": {"time": [{"text": "2021\u5e74", "offset": 0, "length": 5}], "loc": [], "country": [], "weapon": []}}, {"sentence": "\u9996\u6b21\u6b63\u5f0f\u5c55\u793a\u4e86", "events": [{"trigger": {"text": "\u5c55\u793a", "offset": 4, "length": 2}, "subject": {"text": "", "offset": 0, "length": 0}, "object": {"text": "", "offset": 0, "length": 0}}], "arguments": {"time": [], "loc": [], "country": [], "weapon": []}}, {"sentence": "\u6302\u8f7d\u9ad8\u7cbe\u5ea6\u70b8\u5f39\u7684", "events": [], "arguments": {"time": [], "loc": [], "country": [], "weapon": [{"text": "\u9ad8\u7cbe\u5ea6\u70b8\u5f39", "offset": 2, "length": 5}]}}, {"sentence": "\u6b66\u88c5\u7248\u201c\u730e\u6237\u5ea7\u201d\u65e0\u4eba\u673a \u7167\u7247", "events": [], "arguments": {"time": [], "loc": [], "country": [], "weapon": [{"text": "\u6b66\u88c5\u7248\u201c\u730e\u6237\u5ea7\u201d\u65e0\u4eba\u673a", "offset": 0, "length": 11}]}}, {"sentence": "\u201c\u730e\u6237\u5ea7\u201d\u4e3a\u4e2d\u4f4e\u7a7a\u957f\u822a\u65f6\u65e0\u4eba\u673a", "events": [], "arguments": {"time": [], "loc": [], "country": [], "weapon": [{"text": "\u201c\u730e\u6237\u5ea7\u201d", "offset": 0, "length": 5}, {"text": "\u4e2d\u4f4e\u7a7a\u957f\u822a\u65f6\u65e0\u4eba\u673a", "offset": 6, "length": 9}]}}, {"sentence": "\u6708\u5386\u4e0a\u5c55\u793a\u7684\u201c\u730e\u6237\u5ea7\u201d\u65e0\u4eba\u673a\uff0c\u662f\u4e00\u79cd\u4e2d\u4f4e\u7a7a\u957f\u822a\u65f6\u5927\u578b\u65e0\u4eba\u673a\uff0c\u6700\u5927\u8d77\u98de\u91cd\u91cf1100\u516c\u65a4 \uff0c\u6700\u5927\u6709\u6548\u8f7d\u8377250\u516c\u65a4 \uff0c\u7559\u7a7a\u65f6\u95f4\u6700\u957f\u53ef\u8fbe24\u5c0f\u65f6 \u3002", "events": [{"trigger": {"text": "\u5c55\u793a", "offset": 3, "length": 2}, "subject": {"text": "", "offset": 0, "length": 0}, "object": {"text": "\u201c\u730e\u6237\u5ea7\u201d\u65e0\u4eba\u673a", "offset": 6, "length": 8}}], "arguments": {"time": [], "loc": [], "country": [], "weapon": [{"text": "\u201c\u730e\u6237\u5ea7\u201d\u65e0\u4eba\u673a", "offset": 6, "length": 8}, {"text": "\u4e2d\u4f4e\u7a7a\u957f\u822a\u65f6\u5927\u578b\u65e0\u4eba\u673a", "offset": 18, "length": 11}]}}, {"sentence": "\u201c\u730e\u6237\u5ea7\u201d\u6700\u521d\u7684\u5b9a\u4f4d\u662f\u4fa6\u5bdf\u65e0\u4eba\u673a\uff0c\u540e\u6765\u6839\u636e\u4fc4\u519b\u9700\u8981\u8c03\u6574\u4e3a\u5bdf\u6253\u4e00\u4f53\u65e0\u4eba\u673a\u3002", "events": [], "arguments": {"time": [], "loc": [], "country": [{"text": "\u4fc4", "offset": 21, "length": 1}], "weapon": [{"text": "\u201c\u730e\u6237\u5ea7\u201d", "offset": 0, "length": 5}, {"text": "\u4fa6\u5bdf\u65e0\u4eba\u673a", "offset": 11, "length": 5}, {"text": "\u5bdf\u6253\u4e00\u4f53\u65e0\u4eba\u673a", "offset": 28, "length": 7}]}}, {"sentence": "\u673a\u8f7d\u7684\u5149\u7535\u63a2\u6d4b\u7cfb\u7edf\u80fd\u5728\u98ce\u3001\u96ea\u3001\u96e8\u3001\u973e\u7b49\u80fd\u89c1\u5ea6\u8f83\u4f4e\u7684\u6761\u4ef6\u4e0b\u6b63\u5e38\u5de5\u4f5c\u3002", "events": [], "arguments": {"time": [], "loc": [], "country": [], "weapon": []}}, {"sentence": "\u7a7a\u4e2d\u53d1\u8d77\u6253\u51fb\uff0c\u5219\u662f\u201c\u730e\u6237\u5ea7\u201d\u65b0\u589e\u7684\u201c\u4e13\u957f\u201d\uff0c\u5728\u6240\u7528\u5f39\u836f\u4e0a\u201c\u5927\u5c0f\u901a\u5403\u201d\uff0c\u5f39\u836f\u91cd\u91cf\u4ece25\u5343\u514b\u523050\u5343\u514b\u4ee5\u53ca150\u5343\u514b\u4e0d\u7b49\u3002", "events": [], "arguments": {"time": [], "loc": [], "country": [], "weapon": [{"text": "\u201c\u730e\u6237\u5ea7\u201d", "offset": 9, "length": 5}]}}, {"sentence": "\u800c\u6708\u5386\u4e0a\u65e0\u4eba\u673a\u6302\u8f7d\u7684\u5236\u5bfc\u822a\u7a7a\u70b8\u5f39\u91cd21\u516c\u65a4\uff0c\u62e5\u67097\u516c\u65a4\u7684\u6740\u4f24\u7206\u7834\u6218\u6597\u90e8\uff0c\u88c5\u5907\u6709\u536b\u661f\u6216\u6fc0\u5149\u81ea\u5f15\u5bfc\u7cfb\u7edf\uff0c\u53ef\u5bf9\u654c\u65b9\u8f7b\u88c5\u7532\u88c5\u5907\u548c\u6709\u751f\u529b\u91cf\u8fdb\u884c\u9ad8\u7cbe\u5ea6\u6253\u51fb\u3002", "events": [{"trigger": {"text": "\u88c5\u5907", "offset": 57, "length": 2}, "subject": {"text": "\u65e0\u4eba\u673a", "offset": 4, "length": 3}, "object": {"text": "\u536b\u661f\u6216\u6fc0\u5149\u81ea\u5f15\u5bfc\u7cfb\u7edf", "offset": 39, "length": 10}}], "arguments": {"time": [], "loc": [], "country": [], "weapon": [{"text": "\u65e0\u4eba\u673a", "offset": 4, "length": 3}, {"text": "\u5236\u5bfc\u822a\u7a7a\u70b8\u5f39", "offset": 10, "length": 6}]}}, {"sentence": "\u201c\u730e\u6237\u5ea7\u201d\u5df2\u4ea4\u4ed8\u90e8\u961f\u8bd5\u9a8c\u6027\u5e94\u7528", "events": [{"trigger": {"text": "\u4ea4\u4ed8", "offset": 6, "length": 2}, "subject": {"text": "\u201c\u730e\u6237\u5ea7\u201d", "offset": 0, "length": 5}, "object": {"text": "\u90e8\u961f", "offset": 8, "length": 2}}], "arguments": {"time": [], "loc": [], "country": [], "weapon": [{"text": "\u201c\u730e\u6237\u5ea7\u201d", "offset": 0, "length": 5}]}}, {"sentence": "\u4fc4\u7f57\u65af\u56fd\u9632\u90e8\u4e0e\u5580\u7405\u65bd\u5854\u5f97\u516c\u53f8\u5728\u201c\u519b\u961f2020\u201d\u56fd\u9645\u519b\u4e8b\u6280\u672f\u8bba\u575b\u4e0a\u5ba3\u5e03\u7b7e\u7f72\u9996\u4efd\u201c\u730e\u6237\u5ea7\u201d\u65e0\u4eba\u673a\u91cf\u4ea7\u5408\u540c\u3002", "events": [{"trigger": {"text": "\u7b7e\u7f72", "offset": 34, "length": 2}, "subject": {"text": "\u4fc4\u7f57\u65af\u56fd\u9632\u90e8\u4e0e\u5580\u7405\u65bd\u5854\u5f97\u516c\u53f8", "offset": 0, "length": 14}, "object": {"text": "\u9996\u4efd\u201c\u730e\u6237\u5ea7\u201d\u65e0\u4eba\u673a\u91cf\u4ea7\u5408\u540c", "offset": 36, "length": 14}}], "arguments": {"time": [], "loc": [], "country": [{"text": "\u4fc4\u7f57\u65af", "offset": 0, "length": 3}], "weapon": [{"text": "\u201c\u730e\u6237\u5ea7\u201d", "offset": 38, "length": 5}, {"text": "\u201c\u730e\u6237\u5ea7\u201d\u65e0\u4eba\u673a", "offset": 38, "length": 8}]}}, {"sentence": "\u9996\u5957\u201c\u730e\u6237\u5ea7\u201d\u65e0\u4eba\u673a\u7cfb\u7edf\u5df2\u4e8e2020\u5e744\u6708\u4ea4\u4ed8\u90e8\u961f\u8fdb\u884c\u8bd5\u9a8c\u6027\u5e94\u7528\u3002", "events": [{"trigger": {"text": "\u4ea4\u4ed8", "offset": 21, "length": 2}, "subject": {"text": "\u9996\u5957\u201c\u730e\u6237\u5ea7\u201d\u65e0\u4eba\u673a\u7cfb\u7edf", "offset": 0, "length": 12}, "object": {"text": "\u90e8\u961f", "offset": 23, "length": 2}}], "arguments": {"time": [{"text": "2020\u5e744\u6708", "offset": 14, "length": 7}], "loc": [], "country": [], "weapon": [{"text": "\u201c\u730e\u6237\u5ea7\u201d\u65e0\u4eba\u673a\u7cfb\u7edf", "offset": 2, "length": 10}]}}, {"sentence": "\u867d\u7136\u201c\u730e\u6237\u5ea7\u201d\u5217\u88c5\u8f83\u665a\uff0c\u4f46\u5b83\u7684\u7814\u53d1\u6700\u65e9\u53ef\u56de\u6eaf\u52302011\u5e74\u3002", "events": [{"trigger": {"text": "\u5217\u88c5", "offset": 7, "length": 2}, "subject": {"text": "", "offset": 0, "length": 0}, "object": {"text": "\u201c\u730e\u6237\u5ea7\u201d", "offset": 2, "length": 5}}, {"trigger": {"text": "\u7814\u53d1", "offset": 15, "length": 2}, "subject": {"text": "", "offset": 0, "length": 0}, "object": {"text": "\u5b83", "offset": 13, "length": 1}}], "arguments": {"time": [{"text": "2011\u5e74", "offset": 23, "length": 5}], "loc": [], "country": [], "weapon": [{"text": "\u201c\u730e\u6237\u5ea7\u201d", "offset": 2, "length": 5}]}}, {"sentence": "\u4ece2015\u5e74\u8d77\uff0c\u5b83\u7684\u7814\u53d1\u8fdb\u7a0b\u660e\u663e\u52a0\u5feb\u3002", "events": [{"trigger": {"text": "\u7814\u53d1", "offset": 10, "length": 2}, "subject": {"text": "", "offset": 0, "length": 0}, "object": {"text": "\u5b83", "offset": 8, "length": 1}}], "arguments": {"time": [{"text": "2015\u5e74", "offset": 1, "length": 5}], "loc": [], "country": [], "weapon": []}}]