[{"sentence": "\u7f8e\u519b\u51c6\u822a\u6bcd\u70e7\u4e864\u5929\u4e4b\u540e\u5927\u706b\u7ec8\u4e8e\u6251\u706d\uff0c\u8231\u5185\u60e8\u72b6\u66dd\u5149\uff0c\u8230\u4f53\u5df2\u4e25\u91cd\u503e\u659c", "events": [{"trigger": {"text": "\u70e7\u4e864\u5929", "offset": 5, "length": 4}, "subject": {"text": "\u7f8e\u519b\u51c6\u822a\u6bcd", "offset": 0, "length": 5}, "object": {"text": "\u5927\u706b", "offset": 11, "length": 2}}], "arguments": {"time": [], "loc": [], "country": [{"text": "\u7f8e", "offset": 0, "length": 1}], "weapon": [{"text": "\u7f8e\u519b\u51c6\u822a\u6bcd", "offset": 0, "length": 5}, {"text": "\u51c6\u822a\u6bcd", "offset": 2, "length": 3}]}}, {"sentence": "\u3010\u73af\u7403\u7f51\u62a5\u9053 \u8bb0\u8005 \u5f90\u7490\u660e\u3011", "events": [], "arguments": {"time": [], "loc": [], "country": [], "weapon": []}}, {"sentence": "\u636e\u7f8e\u56fd\u6d77\u519b\u7814\u7a76\u5b66\u4f1a\u7f51\u7ad97\u670816\u65e5\u62a5\u9053\uff0c\u5728\u4e0e\u5927\u706b\u640f\u6597\u4e864\u5929\u4e4b\u540e\uff0c\u7f8e\u56fd\u6d77\u519b\u5b98\u5458\u5ba3\u5e03\uff0c\u201c\u597d\u4eba\u7406\u67e5\u5fb7\u201d\u53f7\u4e24\u6816\u653b\u51fb\u8230\u4e0a\u7684\u706b\u707e\u5df2\u7ecf\u88ab\u6251\u706d\u3002", "events": [], "arguments": {"time": [{"text": "7\u670816\u65e5", "offset": 11, "length": 5}], "loc": [], "country": [{"text": "\u7f8e\u56fd", "offset": 31, "length": 2}, {"text": "\u7f8e\u56fd", "offset": 1, "length": 2}], "weapon": [{"text": "\u201c\u597d\u4eba\u7406\u67e5\u5fb7\u201d\u53f7\u4e24\u6816\u653b\u51fb\u8230", "offset": 40, "length": 13}]}}, {"sentence": "\u201c\u6211\u4eec\u7684\u6d88\u9632\u961f\u5458\u6b63\u5728\u68c0\u67e5\u6bcf\u4e00\u5904\u89d2\u843d\uff0c\u4ee5\u786e\u8ba4\u6ca1\u6709\u706b\u707e\uff0c\u9664\u975e\u6bcf\u4e2a\u7a7a\u95f4\u90fd\u88ab\u68c0\u67e5\u8fc7\uff0c\u5426\u5219\u6211\u4eec\u65e0\u6cd5\u5f00\u59cb\u5bf9\u4e8b\u6545\u8fdb\u884c\u5f7b\u5e95\u8c03\u67e5\uff0c\u201d\u7f8e\u56fd\u6d77\u519b\u7b2c3\u8fdc\u5f81\u653b\u51fb\u7fa4\u6307\u6325\u5b98\u3001\u6d77\u519b\u5c11\u5c06\u83f2\u5229\u666e\u00b7\u7d22\u8d1d\u514b\u5728\u5468\u56db\u7684\u58f0\u660e\u4e2d\u8bf4\u3002", "events": [], "arguments": {"time": [], "loc": [], "country": [{"text": "\u7f8e\u56fd", "offset": 57, "length": 2}], "weapon": []}}, {"sentence": "\u4ed6\u8fd8\u8868\u793a\uff1a\u201c\u6211\u4eec\u5c1a\u4e0d\u6e05\u695a\u8d77\u706b\u539f\u56e0\uff0c\u4e5f\u65e0\u6cd5\u786e\u5b9a\u635f\u6bc1\u7a0b\u5ea6\u3002", "events": [], "arguments": {"time": [], "loc": [], "country": [], "weapon": []}}, {"sentence": "\u73b0\u5728\u5bf9\u8fd9\u8258\u8230\u8239\u7684\u672a\u6765\u505a\u51fa\u4efb\u4f55\u9884\u6d4b\u6216\u627f\u8bfa\u8fd8\u4e3a\u65f6\u8fc7\u65e9\u3002", "events": [], "arguments": {"time": [], "loc": [], "country": [], "weapon": [{"text": "\u8230\u8239", "offset": 5, "length": 2}]}}, {"sentence": "\u5728\u8c03\u67e5\u5b8c\u6210\u4e4b\u524d\uff0c\u6211\u4eec\u65e0\u6cd5\u7ed9\u51fa\u4efb\u4f55\u7ed3\u8bba\u3002", "events": [], "arguments": {"time": [], "loc": [], "country": [], "weapon": []}}, {"sentence": "\u201d", "events": [], "arguments": {"time": [], "loc": [], "country": [], "weapon": []}}, {"sentence": "\u62a5\u9053\u79f0\uff0c\u8230\u5458\u4eec\u5728\u5f53\u5730\u65f6\u95f47\u670816\u65e5\u7684\u51cc\u6668\u56de\u5230\u4e86\u8fd9\u8258\u4e24\u6816\u653b\u51fb\u8230\u4e0a\u3002", "events": [], "arguments": {"time": [{"text": "\u5f53\u5730\u65f6\u95f47\u670816\u65e5", "offset": 8, "length": 9}], "loc": [], "country": [], "weapon": [{"text": "\u4e24\u6816\u653b\u51fb\u8230", "offset": 25, "length": 5}]}}, {"sentence": "\u76f4\u5347\u673a\u7684\u6d12\u6c34\u706d\u706b\u5de5\u4f5c\u4e00\u76f4\u6301\u7eed\u5230\u4e867\u670815\u65e5\uff0c\u8d85\u8fc7300\u540d\u6c34\u624b\u548c\u6d88\u9632\u5458\u6295\u5165\u5230\u706d\u706b\u5de5\u4f5c\u4e2d\u3002", "events": [{"trigger": {"text": "\u6295\u5165", "offset": 34, "length": 2}, "subject": {"text": "\u8d85\u8fc7300\u540d\u6c34\u624b\u548c\u6d88\u9632\u5458", "offset": 22, "length": 12}, "object": {"text": "\u706d\u706b\u5de5\u4f5c", "offset": 37, "length": 4}}], "arguments": {"time": [{"text": "7\u670815\u65e5", "offset": 16, "length": 5}], "loc": [], "country": [], "weapon": [{"text": "\u76f4\u5347\u673a", "offset": 0, "length": 3}]}}, {"sentence": "\u53e6\u636e\u300a\u661f\u6761\u65d7\u62a5\u300b7\u670816\u65e5\u7684\u62a5\u9053\uff0c\u7531\u4e8e\u76f4\u5347\u673a\u5728\u8fd9\u8258\u4e24\u6816\u653b\u51fb\u8230\u4e0a\u6d12\u4e86\u5927\u91cf\u7684\u6c34\uff0c\u8fd9\u8258\u8239\u5df2\u660e\u663e\u503e\u659c\u3002", "events": [], "arguments": {"time": [{"text": "7\u670816\u65e5", "offset": 8, "length": 5}], "loc": [], "country": [], "weapon": [{"text": "\u76f4\u5347\u673a", "offset": 19, "length": 3}, {"text": "\u4e24\u6816\u653b\u51fb\u8230", "offset": 25, "length": 5}]}}, {"sentence": "\u800c\u57287\u670813\u65e5\u7684\u65f6\u5019\uff0c\u7531\u4e8e\u4f4d\u4e8e\u8be5\u8230\u7532\u677f\u53f3\u4fa7\u7684\u8230\u5c9b\u8d77\u706b\uff0c\u76f4\u5347\u673a\u6d12\u6c34\u7684\u4f4d\u7f6e\u4e3b\u8981\u96c6\u4e2d\u5728\u8230\u5c9b\uff0c\u66fe\u5bfc\u81f4\u8be5\u8230\u5411\u53f3\u503e\u659c\u3002", "events": [], "arguments": {"time": [], "loc": [], "country": [], "weapon": [{"text": "\u76f4\u5347\u673a", "offset": 27, "length": 3}]}}, {"sentence": "\u5728\u793e\u4ea4\u5a92\u4f53\u4e0a\u66dd\u5149\u7684\u7167\u7247\u663e\u793a\uff0c\u201c\u597d\u4eba\u7406\u67e5\u5fb7\u201d\u53f7\u7684\u8239\u8eab\u660e\u663e\u5411\u5de6\u8237\u503e\u659c\u3002", "events": [{"trigger": {"text": "\u5411\u5de6\u8237", "offset": 27, "length": 3}, "subject": {"text": "\u201c\u597d\u4eba\u7406\u67e5\u5fb7\u201d\u53f7\u7684\u8239\u8eab", "offset": 14, "length": 11}, "object": {"text": "\u503e\u659c", "offset": 30, "length": 2}}], "arguments": {"time": [], "loc": [], "country": [], "weapon": [{"text": "\u201c\u597d\u4eba\u7406\u67e5\u5fb7\u201d\u53f7", "offset": 14, "length": 8}]}}, {"sentence": "\u5728\u5f53\u5730\u65f6\u95f47\u670816\u65e5\u4e0a\u5348\uff0c\u8fd9\u8258\u4e24\u6816\u653b\u51fb\u8230\u7684\u524d\u90e8\u4ecd\u5192\u7740\u767d\u70df\uff0c\u4e0d\u8fc7\u4e0e\u4e4b\u524d\u76f8\u6bd4\u5df2\u7ecf\u5c11\u4e86\u5f88\u591a\u3002", "events": [], "arguments": {"time": [{"text": "\u5f53\u5730\u65f6\u95f47\u670816\u65e5\u4e0a\u5348", "offset": 1, "length": 11}], "loc": [], "country": [], "weapon": [{"text": "\u4e24\u6816\u653b\u51fb\u8230", "offset": 15, "length": 5}]}}, {"sentence": "\u5728\u793e\u4ea4\u5a92\u4f53\u4e0a\u8fd8\u51fa\u73b0\u4e86\u4e0d\u5c11\u201c\u597d\u4eba\u7406\u67e5\u5fb7\u201d\u53f7\u8231\u5185\u8fc7\u706b\u540e\u7684\u753b\u9762\uff0c\u53ef\u4ee5\u770b\u5230\u8239\u8231\u5185\u90e8\u4e00\u7247\u72fc\u85c9\uff0c\u9876\u90e8\u7684\u5927\u91cf\u7ba1\u7ebf\u3001\u8bbe\u5907\u6389\u843d\uff0c\u4e00\u4e9b\u7ed3\u6784\u56e0\u9ad8\u6e29\u51fa\u73b0\u5f62\u53d8\u3002", "events": [], "arguments": {"time": [], "loc": [], "country": [], "weapon": [{"text": "\u201c\u597d\u4eba\u7406\u67e5\u5fb7\u201d\u53f7", "offset": 12, "length": 8}]}}, {"sentence": "\u7f8e\u56fd\u300a\u6d77\u519b\u65f6\u62a5\u300b7\u670816\u65e5\u62a5\u9053\u79f0\uff0c\u7f8e\u56fd\u6d77\u519b\u4f5c\u6218\u90e8\u957f,\u7f8e\u56fd\u6d77\u519b\u4f5c\u6218\u90e8\u957f\u8fc8\u514b\u00b7\u5409\u5c14\u8fea(Mike Gilday)\u4e0a\u5c06\u5c06\u4e8e7\u670817\u65e5\u524d\u5f80\u5723\u8fed\u6208\uff0c\u67e5\u770b\u201c\u597d\u4eba\u7406\u67e5\u5fb7\u201d\u53f7\u4e24\u6816\u653b\u51fb\u8230\u7684\u706b\u707e\u4e8b\u6545\u60c5\u51b5\u3002", "events": [{"trigger": {"text": "\u524d\u5f80", "offset": 62, "length": 2}, "subject": {"text": "\u7f8e\u56fd\u6d77\u519b\u4f5c\u6218\u90e8\u957f\u8fc8\u514b\u00b7\u5409\u5c14\u8fea", "offset": 26, "length": 14}, "object": {"text": "\u5723\u8fed\u6208", "offset": 64, "length": 3}}, {"trigger": {"text": "\u67e5\u770b", "offset": 68, "length": 2}, "subject": {"text": "\u7f8e\u56fd\u6d77\u519b\u4f5c\u6218\u90e8\u957f\u8fc8\u514b\u00b7\u5409\u5c14\u8fea", "offset": 26, "length": 14}, "object": {"text": "\u201c\u597d\u4eba\u7406\u67e5\u5fb7\u201d\u53f7\u4e24\u6816\u653b\u51fb\u8230\u7684\u706b\u707e\u4e8b\u6545\u60c5\u51b5", "offset": 70, "length": 20}}], "arguments": {"time": [{"text": "7\u670816\u65e5", "offset": 8, "length": 5}, {"text": "7\u670817\u65e5", "offset": 57, "length": 5}], "loc": [{"text": "\u5723\u8fed\u6208", "offset": 64, "length": 3}], "country": [{"text": "\u7f8e\u56fd", "offset": 26, "length": 2}, {"text": "\u7f8e\u56fd", "offset": 0, "length": 2}, {"text": "\u7f8e\u56fd", "offset": 17, "length": 2}], "weapon": [{"text": "\u201c\u597d\u4eba\u7406\u67e5\u5fb7\u201d\u53f7\u4e24\u6816\u653b\u51fb\u8230", "offset": 70, "length": 13}]}}, {"sentence": "\u5409\u5c14\u8fea\u8bf4\uff1a\u201c\u8fd9\u662f\u4e00\u6b21\u975e\u5e38\u3001\u975e\u5e38\u4e25\u91cd\u7684\u4e8b\u6545\uff0c\u6211\u8ba4\u4e3a\u6d77\u519b\u5e94\u8be5\u505c\u4e0b\u6765\uff0c\u91cd\u65b0\u53cd\u601d\u4e0b\u81ea\u5df1\u3002", "events": [], "arguments": {"time": [], "loc": [], "country": [], "weapon": []}}, {"sentence": "\u201d", "events": [], "arguments": {"time": [], "loc": [], "country": [], "weapon": []}}]