[{"sentence": "\u53f0\u519b\u6628\u65e5\u8fdb\u884c\u9c7c\u96f7\u3001\u5bfc\u5f39\u5c04\u51fb\u6f14\u4e60\uff0c\u6709\u7f8e\u5236\u9632\u7a7a\u5bfc\u5f39\u8131\u9776", "events": [{"trigger": {"text": "\u8fdb\u884c", "offset": 4, "length": 2}, "subject": {"text": "\u53f0\u519b", "offset": 0, "length": 2}, "object": {"text": "\u9c7c\u96f7\u3001\u5bfc\u5f39\u5c04\u51fb\u6f14\u4e60", "offset": 6, "length": 9}}, {"trigger": {"text": "\u6709", "offset": 16, "length": 1}, "subject": {"text": "\u53f0\u519b", "offset": 0, "length": 2}, "object": {"text": "\u7f8e\u5236\u9632\u7a7a\u5bfc\u5f39\u8131\u9776", "offset": 17, "length": 8}}], "arguments": {"time": [{"text": "\u6628\u65e5", "offset": 2, "length": 2}], "loc": [{"text": "\u53f0", "offset": 0, "length": 1}], "country": [{"text": "\u7f8e", "offset": 17, "length": 1}, {"text": "\u53f0", "offset": 0, "length": 1}], "weapon": [{"text": "\u9c7c\u96f7", "offset": 6, "length": 2}, {"text": "\u9632\u7a7a\u5bfc\u5f39", "offset": 19, "length": 4}, {"text": "\u5bfc\u5f39", "offset": 9, "length": 2}]}}, {"sentence": "\u636e\u53f0\u6e7e\u201c\u4e2d\u592e\u793e\u201d\u62a5\u9053\uff0c15\u65e5\uff0c\u53f0\u519b\u201c\u6c49\u514936\u53f7\u201d\u5b9e\u5175\u5b9e\u5f39\u6f14\u4e60\u8fdb\u884c\u4e86\u591a\u578b\u5bfc\u5f39\u5b9e\u5f39\u5c04\u51fb\uff0c\u800c\u5251\u9f99\u7ea7\u6f5c\u8247\u5219\u5728\u53f0\u6e7e\u4e1c\u5357\u6d77\u57df\u53d1\u5c04\u5fb7\u5236SUT\u91cd\u578b\u9c7c\u96f7\uff0c\u6210\u529f\u51fb\u6c89\u9776\u8230\u3002", "events": [{"trigger": {"text": "\u8fdb\u884c", "offset": 30, "length": 2}, "subject": {"text": "\u53f0\u519b\u201c\u6c49\u514936\u53f7\u201d\u5b9e\u5175\u5b9e\u5f39\u6f14\u4e60", "offset": 15, "length": 15}, "object": {"text": "\u591a\u578b\u5bfc\u5f39\u5b9e\u5f39\u5c04\u51fb", "offset": 33, "length": 8}}, {"trigger": {"text": "\u53d1\u5c04", "offset": 56, "length": 2}, "subject": {"text": "\u5251\u9f99\u7ea7\u6f5c\u8247", "offset": 43, "length": 5}, "object": {"text": "\u5fb7\u5236SUT\u91cd\u578b\u9c7c\u96f7", "offset": 58, "length": 9}}, {"trigger": {"text": "\u6210\u529f\u51fb\u6c89", "offset": 68, "length": 4}, "subject": {"text": "\u5251\u9f99\u7ea7\u6f5c\u8247", "offset": 43, "length": 5}, "object": {"text": "\u9776\u8230", "offset": 72, "length": 2}}], "arguments": {"time": [{"text": "15\u65e5", "offset": 11, "length": 3}], "loc": [{"text": "\u53f0\u6e7e\u4e1c\u5357\u6d77\u57df", "offset": 50, "length": 6}], "country": [{"text": "\u53f0\u6e7e", "offset": 1, "length": 2}], "weapon": [{"text": "\u201c\u6c49\u514936\u53f7\u201d", "offset": 17, "length": 7}, {"text": "\u5251\u9f99\u7ea7\u6f5c\u8247", "offset": 43, "length": 5}, {"text": "\u5fb7\u5236SUT\u91cd\u578b\u9c7c\u96f7", "offset": 58, "length": 9}]}}, {"sentence": "\u8fd9\u4e5f\u662f\u65f6\u969413\u5e74\uff0c\u53f0\u519b\u518d\u5ea6\u8fdb\u884c\u9c7c\u96f7\u5b9e\u5f39\u8bd5\u5c04\u3002", "events": [], "arguments": {"time": [], "loc": [], "country": [{"text": "\u53f0", "offset": 9, "length": 1}], "weapon": [{"text": "\u9c7c\u96f7", "offset": 15, "length": 2}]}}, {"sentence": "\u53f0\u519b\u65b9\u900f\u9732\uff0c\u5728\u6f14\u4e60\u533a\u57df\u9644\u8fd1\u6709\u70ed\u5e26\u6027\u4f4e\u6c14\u538b\u5f71\u54cd\uff0c\u4f46\u4e0a\u5348\u5728\u5404\u9879\u6761\u4ef6\u5141\u8bb8\u7684\u60c5\u51b5\u4e0b\uff0c\u5251\u9f99\u7ea7\u6f5c\u8230\u5df2\u6210\u529f\u53d1\u5c04\u5fb7\u5236SUT\u91cd\u578b\u9c7c\u96f7\uff0c\u5e76\u987a\u5229\u51fb\u6c89\u7531\u9000\u5f79\u519b\u8230\u6539\u88c5\u6210\u7684\u9776\u8230\u3002", "events": [], "arguments": {"time": [], "loc": [], "country": [], "weapon": [{"text": "\u5251\u9f99\u7ea7\u6f5c\u8230", "offset": 38, "length": 5}, {"text": "\u5fb7\u5236SUT\u91cd\u578b\u9c7c\u96f7", "offset": 48, "length": 9}]}}, {"sentence": "\u62a5\u9053\u79f0\uff0c\u6839\u636e\u53f0\u519b256\u6218\u961f\u961f\u53f2\u9986\u201c\u6218\u96f7\u9a8c\u8bc1\u547d\u4e2d\u76ee\u6807\u6210\u679c\u8868\u201d\u8bb0\u8f7d\uff0c 2003\u5e74\u81f32007\u5e74\u51715\u6b21\u9c7c\u96f7\u8bd5\u5c04\uff0c\u5176\u4e2d2006\u5e7410\u67084\u65e5\u201c\u6c49\u514922\u53f7\u201d\u6f14\u4e60\u5728\u897f\u5357\u6d77\u57df\u30012007\u5e745\u670816\u65e5\u201c\u6c49\u514923\u53f7\u201d\u6f14\u4e60\u5728\u82cf\u6fb3\u5916\u6d77\u4e24\u6b21\u8bd5\u5c04\u3002", "events": [{"trigger": {"text": "\u5171", "offset": 44, "length": 1}, "subject": {"text": "\u53f0\u519b256\u6218\u961f\u961f\u53f2\u9986\u201c\u6218\u96f7\u9a8c\u8bc1\u547d\u4e2d\u76ee\u6807\u6210\u679c\u8868\u201d\u8bb0\u8f7d", "offset": 6, "length": 25}, "object": {"text": "5\u6b21\u9c7c\u96f7\u8bd5\u5c04", "offset": 45, "length": 6}}], "arguments": {"time": [{"text": " 2003\u5e74\u81f32007\u5e74", "offset": 32, "length": 12}, {"text": "2006\u5e7410\u67084\u65e5", "offset": 54, "length": 10}, {"text": "2007\u5e745\u670816\u65e5", "offset": 79, "length": 10}], "loc": [{"text": "\u897f\u5357\u6d77\u57df", "offset": 74, "length": 4}, {"text": "\u82cf\u6fb3\u5916\u6d77", "offset": 99, "length": 4}], "country": [], "weapon": []}}, {"sentence": "\u540c\u65e5\uff0c\u53f0\u519b\u6cb1\u6c5f\u7ea7\u5de1\u903b\u8230\u53d1\u5c04\u201c\u96c4\u98ce-3\u201d\u8d85\u97f3\u901f\u53cd\u8230\u5bfc\u5f39\uff0c\u5b81\u9633\u53f7\u62a4\u536b\u8230\u4e5f\u53d1\u5c04\u9c7c\u53c9\u53cd\u8230\u5bfc\u5f39\uff0c\u5747\u547d\u4e2d\u76ee\u6807\u3002", "events": [], "arguments": {"time": [{"text": "\u540c\u65e5", "offset": 0, "length": 2}], "loc": [], "country": [], "weapon": [{"text": "\u6cb1\u6c5f\u7ea7\u5de1\u903b\u8230", "offset": 5, "length": 6}, {"text": "\u201c\u96c4\u98ce-3\u201d\u8d85\u97f3\u901f\u53cd\u8230\u5bfc\u5f39", "offset": 13, "length": 13}, {"text": "\u5b81\u9633\u53f7\u62a4\u536b\u8230", "offset": 27, "length": 6}, {"text": "\u9c7c\u53c9\u53cd\u8230\u5bfc\u5f39", "offset": 36, "length": 6}]}}, {"sentence": "\u9664\u6d77\u4e0a\u6f14\u4e60\u5916\uff0c\u53f0\u519b\u4e5f\u5728\u5c4f\u4e1c\u4e5d\u9e4f\u57fa\u5730\u8fdb\u884c\u5bfc\u5f39\u5b9e\u5f39\u5c04\u51fb\u3002", "events": [{"trigger": {"text": "\u8fdb\u884c", "offset": 17, "length": 2}, "subject": {"text": "\u53f0\u519b\u4e5f\u5728\u5c4f\u4e1c\u4e5d\u9e4f\u57fa\u5730", "offset": 7, "length": 10}, "object": {"text": "\u5bfc\u5f39\u5b9e\u5f39\u5c04\u51fb", "offset": 19, "length": 6}}], "arguments": {"time": [], "loc": [{"text": "\u5c4f\u4e1c\u4e5d\u9e4f\u57fa\u5730", "offset": 11, "length": 6}], "country": [], "weapon": [{"text": "\u5bfc\u5f39", "offset": 19, "length": 2}]}}, {"sentence": "\u636e\u53f0\u9632\u52a1\u90e8\u95e8\u7edf\u8ba1\uff0c\u6b64\u6b21\u53d1\u5c04\u5f39\u79cd\u9664\u4e86\u96c4\u4e8c\u3001\u96c4\u4e09\u3001\u9c7c\u53c9\u53cd\u8230\u5bfc\u5f39\u5916\uff0c\u53e6\u6709\u201c\u6807\u51c6-1\u201d\u578b\u3001\u201c\u5929\u5f13-1\u201d\u578b\u3001\u201c\u5929\u5f13-3\u201d\u578b\u3001\u201c\u7231\u56fd\u8005-2\u201d\u578b\u9632\u7a7a\u5bfc\u5f39\uff0c\u5176\u4e2d\u201c\u6807\u51c6-1\u201d\u5bfc\u5f39\u672a\u547d\u4e2d\u9776\u6807\u3002", "events": [], "arguments": {"time": [], "loc": [], "country": [], "weapon": [{"text": "\u96c4\u4e8c\u3001\u96c4\u4e09\u3001\u9c7c\u53c9\u53cd\u8230\u5bfc\u5f39", "offset": 17, "length": 12}, {"text": "\u6807\u51c6-1\u201d\u578b", "offset": 34, "length": 6}, {"text": "\u5929\u5f13-1\u201d\u578b", "offset": 42, "length": 6}, {"text": "\u5929\u5f13-3\u201d\u578b", "offset": 50, "length": 6}, {"text": "\u7231\u56fd\u8005-2\u201d\u578b\u9632\u7a7a\u5bfc\u5f39", "offset": 58, "length": 11}, {"text": "\u6807\u51c6-1\u201d\u5bfc\u5f39", "offset": 73, "length": 7}, {"text": "\u201c\u6807\u51c6-1\u201d\u578b", "offset": 33, "length": 7}, {"text": "\u201c\u5929\u5f13-1\u201d\u578b", "offset": 41, "length": 7}, {"text": "\u201c\u5929\u5f13-3\u201d\u578b", "offset": 49, "length": 7}, {"text": "\u201c\u7231\u56fd\u8005-2\u201d\u578b\u9632\u7a7a\u5bfc\u5f39", "offset": 57, "length": 12}, {"text": "\u201c\u6807\u51c6-1\u201d\u5bfc\u5f39", "offset": 72, "length": 8}]}}]