[{"sentence": "\u5370\u5ea6\u6025\u8d2d\u53ef\u7528\u4e8e\u9ad8\u539f\u4f5c\u6218\u8f7b\u578b\u5766\u514b\u00a0\u4f46\u4ece\u54ea\u4e70\u662f\u4e2a\u96be\u9898", "events": [{"trigger": {"text": "\u6025\u8d2d", "offset": 2, "length": 2}, "subject": {"text": "\u5370\u5ea6", "offset": 0, "length": 2}, "object": {"text": "\u53ef\u7528\u4e8e\u9ad8\u539f\u4f5c\u6218\u8f7b\u578b\u5766\u514b", "offset": 4, "length": 11}}], "arguments": {"time": [], "loc": [{"text": "\u9ad8\u539f", "offset": 7, "length": 2}], "country": [{"text": "\u5370\u5ea6", "offset": 0, "length": 2}], "weapon": [{"text": "\u8f7b\u578b\u5766\u514b", "offset": 11, "length": 4}]}}, {"sentence": "\u3010\u73af\u7403\u7f51\u62a5\u9053 \u8bb0\u8005 \u5f90\u7490\u660e\u3011", "events": [], "arguments": {"time": [], "loc": [], "country": [], "weapon": []}}, {"sentence": "\u5370\u5ea6\u300a\u7ecf\u6d4e\u65f6\u62a5\u300b7\u670815\u65e5\u62a5\u9053\u79f0\uff0c\u5370\u5ea6\u653f\u5e9c\u5df2\u7ecf\u6279\u51c6\u5370\u519b\u7d27\u6025\u91c7\u8d2d\u53ef\u7528\u4e8e\u9ad8\u539f\u4f5c\u6218\u7684\u8f7b\u578b\u5766\u514b\u3002", "events": [], "arguments": {"time": [{"text": "7\u670815\u65e5", "offset": 8, "length": 5}], "loc": [], "country": [{"text": "\u5370\u5ea6", "offset": 0, "length": 2}, {"text": "\u5370\u5ea6", "offset": 17, "length": 2}], "weapon": [{"text": "\u8f7b\u578b\u5766\u514b", "offset": 39, "length": 4}]}}, {"sentence": "\u6709\u6d88\u606f\u4eba\u58eb\u900f\u9732\uff0c\u5728\u9ad8\u6d77\u62d4\u5730\u533a\uff0c\u5766\u514b\u53ef\u4ee5\u53d1\u6325\u5173\u952e\u7684\u4f5c\u7528\uff0c\u4f46\u5728\u90a3\u91cc\u8f7b\u578b\u5766\u514b\u6bd4\u91cd\u578b\u5766\u514b\u66f4\u4e3a\u7075\u6d3b\u3002", "events": [], "arguments": {"time": [], "loc": [{"text": "\u9ad8\u6d77\u62d4\u5730\u533a", "offset": 9, "length": 5}], "country": [], "weapon": []}}, {"sentence": "\u6b64\u6b21\u91c7\u8d2d\u662f\u6839\u636e\u5370\u5ea6\u519b\u961f\u7684\u7ecf\u6d4e\u91c7\u8d2d\u8ba1\u5212\u8fdb\u884c\u7684\u3002", "events": [], "arguments": {"time": [], "loc": [], "country": [{"text": "\u5370\u5ea6", "offset": 7, "length": 2}], "weapon": []}}, {"sentence": "\u6d88\u606f\u4eba\u58eb\u8fd8\u8868\u793a\uff0c\u5370\u5ea6\u9646\u519b\u6b63\u5728\u5bfb\u6c42\u53ef\u4ee5\u901a\u8fc7\u7a7a\u8fd0\u8fdb\u884c\u90e8\u7f72\u7684\u5766\u514b\uff0c\u8fd9\u79cd\u5766\u514b\u53ef\u4ee5\u8fd0\u8f93\u6216\u7a7a\u6295\u5230\u524d\u7ebf\uff0c\u8fdb\u884c\u201c\u5feb\u5982\u95ea\u7535\u201d\u822c\u7684\u90e8\u7f72\uff0c\u4ee5\u5e94\u5bf9\u8fdb\u653b\u3002", "events": [], "arguments": {"time": [], "loc": [], "country": [{"text": "\u5370\u5ea6", "offset": 8, "length": 2}], "weapon": []}}, {"sentence": "\u62a5\u9053\u79f0\uff0c\u4e0a\u5468\u5370\u5ea6\u653f\u5e9c\u5728\u4e00\u6b21\u5173\u952e\u7684\u4f1a\u8bae\u4e0a\u901a\u8fc7\u4e86\u4e00\u7cfb\u5217\u7684\u91cd\u5927\u7d27\u6025\u91c7\u8d2d\u51b3\u5b9a\uff0c\u5176\u4e2d\u5c31\u5305\u62ec\u8f7b\u578b\u5766\u514b\uff0c\u53e6\u5916\u8fd8\u6709\u4ee5\u8272\u5217\u7684\u201c\u8424\u706b\u866b\u201d\u5fae\u578b\u6218\u672f\u6e38\u8361\u6b66\u5668\u7cfb\u7edf\u3001\u201c\u82cd\u9e6d\u201d\u65e0\u4eba\u4fa6\u5bdf\u673a\u3001\u897f\u683c\u7ecd\u5c14\u7a81\u51fb\u6b65\u67aa\u3001\u4fbf\u643a\u5f0f\u9632\u7a7a\u7cfb\u7edf\u3001\u957f\u9489\u53cd\u5766\u514b\u5bfc\u5f39\u7b49\u3002", "events": [], "arguments": {"time": [], "loc": [], "country": [{"text": "\u4ee5\u8272\u5217", "offset": 49, "length": 3}, {"text": "\u5370\u5ea6", "offset": 6, "length": 2}], "weapon": [{"text": "\u201c\u8424\u706b\u866b\u201d\u5fae\u578b\u6218\u672f\u6e38\u8361\u6b66\u5668\u7cfb\u7edf", "offset": 53, "length": 15}, {"text": "\u201c\u82cd\u9e6d\u201d\u65e0\u4eba\u4fa6\u5bdf\u673a", "offset": 69, "length": 9}, {"text": "\u897f\u683c\u7ecd\u5c14\u7a81\u51fb\u6b65\u67aa", "offset": 79, "length": 8}, {"text": "\u4fbf\u643a\u5f0f\u9632\u7a7a\u7cfb\u7edf", "offset": 88, "length": 7}, {"text": "\u957f\u9489\u53cd\u5766\u514b\u5bfc\u5f39", "offset": 96, "length": 7}]}}, {"sentence": "\u4e0d\u8fc7\u62a5\u9053\u4e5f\u6307\u51fa\uff0c\u5bf9\u4e8e\u6025\u8d2d\u7684\u8fd9\u6b3e\u8f7b\u578b\u5766\u514b\uff0c\u5370\u5ea6\u7684\u9009\u62e9\u4e5f\u5f88\u6709\u9650\uff0c\u56e0\u4e3a\u76ee\u524d\u5f88\u5c11\u6709\u56fd\u5bb6\u7814\u5236\u8fd9\u79cd\u5766\u514b\u3002", "events": [], "arguments": {"time": [], "loc": [], "country": [{"text": "\u5370\u5ea6", "offset": 20, "length": 2}], "weapon": [{"text": "\u5766\u514b", "offset": 43, "length": 2}]}}, {"sentence": "\u7f8e\u56fd\u867d\u7136\u5df2\u7ecf\u7740\u624b\u5236\u9020\u8f7b\u578b\u5766\u514b\uff0c\u4f46\u8fd8\u5904\u4e8e\u539f\u578b\u8f66\u9636\u6bb5\u3002", "events": [{"trigger": {"text": "\u5904\u4e8e", "offset": 17, "length": 2}, "subject": {"text": "\u7f8e\u56fd\u867d\u7136\u5df2\u7ecf\u7740\u624b\u5236\u9020\u8f7b\u578b\u5766\u514b", "offset": 0, "length": 14}, "object": {"text": "\u539f\u578b\u8f66\u9636\u6bb5", "offset": 19, "length": 5}}], "arguments": {"time": [], "loc": [], "country": [{"text": "\u7f8e\u56fd", "offset": 0, "length": 2}], "weapon": [{"text": "\u8f7b\u578b\u5766\u514b", "offset": 10, "length": 4}]}}, {"sentence": "\u4fc4\u7f57\u65af\u63a8\u51fa\u4e862S25\u7684\u6539\u8fdb\u578b2S25M1(Sprut-SDM1)\u8f7b\u578b\u5766\u514b\uff0c\u914d\u5907\u4e86\u4e0eT-90\u5766\u514b\u76f8\u540c\u7684\u706b\u63a7\u7cfb\u7edf\uff0c\u4e0e\u5370\u5ea6\u76ee\u524d\u88c5\u5907\u7684T-72\u5766\u514b\u548cT-90\u5766\u514b\u6709\u4e00\u5b9a\u7684\u901a\u7528\u6027\u3002", "events": [{"trigger": {"text": "\u914d\u5907", "offset": 37, "length": 2}, "subject": {"text": "2S25\u7684\u6539\u8fdb\u578b2S25M1(Sprut-SDM1)\u8f7b\u578b\u5766\u514b", "offset": 6, "length": 30}, "object": {"text": "\u4e0eT-90\u5766\u514b\u76f8\u540c\u7684\u706b\u63a7\u7cfb\u7edf", "offset": 40, "length": 14}}], "arguments": {"time": [], "loc": [], "country": [{"text": "\u4fc4\u7f57\u65af", "offset": 0, "length": 3}, {"text": "\u5370\u5ea6", "offset": 56, "length": 2}], "weapon": [{"text": "2S25\u7684\u6539\u8fdb\u578b2S25M1(Sprut-SDM1)\u8f7b\u578b\u5766\u514b", "offset": 6, "length": 30}, {"text": "T-72\u5766\u514b\u548cT-90\u5766\u514b", "offset": 63, "length": 13}, {"text": "T-72\u5766\u514b", "offset": 63, "length": 6}, {"text": "T-90\u5766\u514b", "offset": 70, "length": 6}]}}, {"sentence": "\u4f46\u4e25\u683c\u4e0a\u8bb2\uff0c2S25M1\u53ea\u80fd\u7b97\u662f\u4e00\u6b3e\u81ea\u884c\u53cd\u5766\u514b\u70ae\u3002", "events": [], "arguments": {"time": [], "loc": [], "country": [], "weapon": [{"text": "2S25M1", "offset": 6, "length": 6}, {"text": "\u81ea\u884c\u53cd\u5766\u514b\u70ae", "offset": 18, "length": 6}]}}, {"sentence": "\u5370\u5ea6\u76ee\u524d\u5927\u6279\u91cf\u88c5\u5907\u7684T-72\u3001T-90\u4e3b\u6218\u5766\u514b\u90fd\u662f\u91cd\u578b\u5766\u514b\uff0c\u5b83\u4eec\u66f4\u9002\u5408\u5728\u5e73\u539f\u5730\u533a\u4f5c\u6218\uff0c\u5982\u4f55\u5c06\u5b83\u4eec\u8fd0\u9001\u5230\u524d\u7ebf\u4e00\u76f4\u662f\u4e00\u4e2a\u96be\u9898\u3002", "events": [], "arguments": {"time": [], "loc": [{"text": "\u5e73\u539f\u5730\u533a", "offset": 36, "length": 4}], "country": [{"text": "\u5370\u5ea6", "offset": 0, "length": 2}], "weapon": [{"text": "T-72", "offset": 10, "length": 4}, {"text": "T-90\u4e3b\u6218\u5766\u514b", "offset": 15, "length": 8}]}}]