[{"sentence": "\u65f6\u9694\u8fd1\u4e09\u5e74\u00a0\u7f8e\u56fd\u518d\u6b21\u7528\u201c\u6d32\u9645\u5bfc\u5f39\u201d\u5c06\u536b\u661f\u9001\u4e0a\u592a\u7a7a", "events": [{"trigger": {"text": "\u9001\u4e0a", "offset": 20, "length": 2}, "subject": {"text": "\u7f8e\u56fd\u518d\u6b21\u7528\u201c\u6d32\u9645\u5bfc\u5f39\u201d\u5c06\u536b\u661f", "offset": 6, "length": 14}, "object": {"text": "\u592a\u7a7a", "offset": 22, "length": 2}}], "arguments": {"time": [], "loc": [], "country": [{"text": "\u7f8e\u56fd", "offset": 6, "length": 2}], "weapon": [{"text": "\u6d32\u9645\u5bfc\u5f39", "offset": 12, "length": 4}, {"text": "\u201c\u6d32\u9645\u5bfc\u5f39", "offset": 11, "length": 5}, {"text": "\u201d", "offset": 0, "length": 1}]}}, {"sentence": "\u3010\u73af\u7403\u7f51\u519b\u4e8b\u62a5\u9053\u3011", "events": [], "arguments": {"time": [], "loc": [], "country": [], "weapon": []}}, {"sentence": "\u4fc4\u7f57\u65af\u536b\u661f\u901a\u8baf\u793e7\u670815\u65e5\u62a5\u9053\uff0c\u642d\u8f7d\u67094\u9897\u4fa6\u5bdf\u536b\u661f\u7684\u201c\u7c73\u8bfa\u9676-4\u201d\uff08Minotaur-4\uff09\u8fd0\u8f7d\u706b\u7bad\u4ece\u7f8e\u56fd\u5f17\u5409\u5c3c\u4e9a\u5dde\u74e6\u6d1b\u666e\u65af\u5c9b\u53d1\u5c04\u57fa\u5730\u70b9\u706b\u5347\u7a7a\uff0c\u8fd9\u662f2017\u5e74\u4ee5\u6765\u201d\u7c73\u8bfa\u9676\u201d\u8fd0\u8f7d\u706b\u7bad\u9996\u6b21\u8fdb\u884c\u536b\u661f\u53d1\u5c04\u3002", "events": [{"trigger": {"text": "\u70b9\u706b", "offset": 66, "length": 2}, "subject": {"text": "\u642d\u8f7d\u67094\u9897\u4fa6\u5bdf\u536b\u661f\u7684\u201c\u7c73\u8bfa\u9676-4\u201d\uff08Minotaur-4\uff09\u8fd0\u8f7d\u706b\u7bad", "offset": 16, "length": 33}, "object": {"text": "\u5347\u7a7a", "offset": 68, "length": 2}}], "arguments": {"time": [{"text": "7\u670815", "offset": 8, "length": 4}], "loc": [{"text": "\u5f17\u5409\u5c3c\u4e9a\u5dde\u74e6\u6d1b\u666e\u65af\u5c9b", "offset": 52, "length": 10}], "country": [{"text": "\u4fc4\u7f57\u65af", "offset": 0, "length": 3}, {"text": "\u7f8e\u56fd", "offset": 50, "length": 2}], "weapon": [{"text": "\u201c\u7c73\u8bfa\u9676-4\u201d\uff08Minotaur-4\uff09\u8fd0\u8f7d\u706b\u7bad", "offset": 26, "length": 23}, {"text": "\u4fa6\u5bdf\u536b\u661f", "offset": 21, "length": 4}]}}, {"sentence": "\u7f8e\u56fd\u592a\u7a7a\u98de\u884c\u7f51\u7ad9\uff08SpaceFlightNow.com\uff09\u76f4\u64ad\u4e86\u672c\u6b21\u53d1\u5c04\u3002", "events": [], "arguments": {"time": [], "loc": [], "country": [{"text": "\u7f8e\u56fd", "offset": 0, "length": 2}], "weapon": []}}, {"sentence": "\u7f8e\u56fd\u4e1c\u90e8\u65f6\u95f49\u70b946\u5206\uff0c\u8fd0\u8f7d\u706b\u7bad\u70b9\u706b\u3002", "events": [], "arguments": {"time": [{"text": "\u7f8e\u56fd\u4e1c\u90e8\u65f6\u95f49\u70b946\u5206", "offset": 0, "length": 11}], "loc": [], "country": [{"text": "\u7f8e\u56fd", "offset": 0, "length": 2}], "weapon": [{"text": "\u8fd0\u8f7d\u706b\u7bad", "offset": 12, "length": 4}]}}, {"sentence": "\u8fd9\u6b21\u53d1\u5c04\u662f\u8981\u5c06\u7f8e\u56fd\u56fd\u5bb6\u4fa6\u67e5\u5c40\u76844\u9897\u4fa6\u5bdf\u536b\u661f\u9001\u5165\u8f68\u9053\u3002", "events": [{"trigger": {"text": "\u9001\u5165", "offset": 21, "length": 2}, "subject": {"text": "\u7f8e\u56fd\u56fd\u5bb6\u4fa6\u67e5\u5c40\u76844\u9897\u4fa6\u5bdf\u536b\u661f", "offset": 7, "length": 14}, "object": {"text": "\u8f68\u9053", "offset": 23, "length": 2}}], "arguments": {"time": [], "loc": [], "country": [{"text": "\u7f8e\u56fd", "offset": 7, "length": 2}], "weapon": [{"text": "\u4fa6\u5bdf\u536b\u661f", "offset": 17, "length": 4}]}}, {"sentence": "\u56e0\u4e3a\u4efb\u52a1\u4fdd\u5bc6\uff0c\u76f4\u64ad\u5728\u53d1\u5c04\u540e2\u5206\u949f\u7ed3\u675f\u3002", "events": [], "arguments": {"time": [], "loc": [], "country": [], "weapon": []}}, {"sentence": "\u536b\u661f\u578b\u53f7\u53ca\u8f68\u9053\u53c2\u6570\u672a\u89c1\u62ab\u9732\u3002", "events": [], "arguments": {"time": [], "loc": [], "country": [], "weapon": []}}, {"sentence": "\u7f8e\u56fd\u56fd\u5bb6\u4fa6\u67e5\u5c40\u8868\u793a\uff0c\u672c\u6b21\u53d1\u5c04\u4efb\u52a1\u65e8\u5728\u7ef4\u62a4\u56fd\u5bb6\u5b89\u5168\uff0c\u5c06\u4e3a\u7f8e\u56fd\u653f\u6cbb\u9886\u5bfc\u4eba\u3001\u60c5\u62a5\u673a\u6784\u548c\u56fd\u9632\u90e8\u63d0\u4f9b\u60c5\u62a5\u652f\u6301\u3002", "events": [], "arguments": {"time": [], "loc": [], "country": [{"text": "\u7f8e\u56fd", "offset": 0, "length": 2}, {"text": "\u7f8e\u56fd", "offset": 27, "length": 2}], "weapon": []}}, {"sentence": "\u201c\u7c73\u8bfa\u9676\u201d\u8fd0\u8f7d\u706b\u7bad\u662f\u4e00\u79cd\u56fa\u4f53\u71c3\u6599\u706b\u7bad\uff0c\u7528\u4e8e\u7f8e\u56fd\u56fd\u9632\u90e8\u7684\u519b\u4e8b\u536b\u661f\u548c\u4fa6\u5bdf\u536b\u661f\u53d1\u5c04\u4efb\u52a1\u3002", "events": [], "arguments": {"time": [], "loc": [], "country": [{"text": "\u7f8e\u56fd", "offset": 21, "length": 2}], "weapon": [{"text": "\u201c\u7c73\u8bfa\u9676\u201d\u8fd0\u8f7d\u706b\u7bad", "offset": 0, "length": 9}]}}, {"sentence": "\u8fd9\u79cd\u8fd0\u8f7d\u706b\u7bad\u6e90\u81eaLGM-30\u201c\u6c11\u5175\u201c\u9646\u57fa\u6d32\u9645\u5f39\u9053\u5bfc\u5f39\u548c\u201c\u548c\u5e73\u536b\u58eb\u201d\u9646\u57fa\u6d32\u9645\u5f39\u9053\u5bfc\u5f39\u3002", "events": [], "arguments": {"time": [], "loc": [], "country": [], "weapon": [{"text": "LGM-30\u201c\u6c11\u5175\u201c\u9646\u57fa\u6d32\u9645\u5f39\u9053\u5bfc\u5f39", "offset": 8, "length": 18}, {"text": "\u201c\u548c\u5e73\u536b\u58eb\u201d\u9646\u57fa\u6d32\u9645\u5f39\u9053\u5bfc\u5f39", "offset": 27, "length": 14}]}}, {"sentence": "\u201c\u7c73\u8bfa\u9676\u201d\u8fd0\u8f7d\u706b\u7bad\u4e0a\u4e00\u6b21\u53d1\u5c04\u662f2017\u5e748\u6708\u5728\u5361\u7eb3\u7ef4\u62c9\u5c14\u89d2\u8fdb\u884c\u7684\u3002", "events": [], "arguments": {"time": [{"text": "2017\u5e748\u6708", "offset": 15, "length": 7}], "loc": [{"text": "\u5361\u7eb3\u7ef4\u62c9\u5c14\u89d2", "offset": 23, "length": 6}], "country": [], "weapon": [{"text": "\u201c\u7c73\u8bfa\u9676\u201d\u8fd0\u8f7d\u706b\u7bad", "offset": 0, "length": 9}]}}]