[{"sentence": "\u56db\u5904\u6311\u4e8b\uff01", "events": [], "arguments": {"time": [], "loc": [], "country": [], "weapon": []}}, {"sentence": "\u7f8e\u56fd\u519b\u8230\u4e09\u5468\u5185\u7b2c\u4e8c\u6b21\u903c\u8fd1\u59d4\u5185\u745e\u62c9\u6d77\u5cb8", "events": [{"trigger": {"text": "\u903c\u8fd1", "offset": 10, "length": 2}, "subject": {"text": "\u7f8e\u56fd\u519b\u8230\u4e09\u5468\u5185\u7b2c\u4e8c\u6b21", "offset": 0, "length": 10}, "object": {"text": "\u59d4\u5185\u745e\u62c9\u6d77\u5cb8", "offset": 12, "length": 6}}], "arguments": {"time": [], "loc": [{"text": "\u59d4\u5185\u745e\u62c9\u6d77\u5cb8", "offset": 12, "length": 6}], "country": [{"text": "\u7f8e\u56fd", "offset": 0, "length": 2}, {"text": "\u59d4\u5185\u745e\u62c9", "offset": 12, "length": 4}], "weapon": [{"text": "\u519b\u8230", "offset": 2, "length": 2}]}}, {"sentence": "\u3010\u73af\u7403\u7f51\u62a5\u9053 \u8bb0\u8005 \u5f90\u7490\u660e\u3011", "events": [], "arguments": {"time": [], "loc": [], "country": [], "weapon": []}}, {"sentence": "\u636e\u7f8e\u56fd\u300a\u6d77\u519b\u65f6\u62a5\u300b7\u670815\u65e5\u62a5\u9053\uff0c\u7f8e\u56fd\u6d77\u519b\u5f53\u5929\u6d3e\u51fa\u201c\u5e73\u514b\u5c3c\u201d\u53f7\u9a71\u9010\u8230\u8fdb\u5165\u59d4\u5185\u745e\u62c9\u6d77\u5cb8\u9644\u8fd1\u8fd8\u6709\u5f00\u5c55\u822a\u884c\u6d3b\u52a8\u3002", "events": [], "arguments": {"time": [{"text": "7\u670815\u65e5", "offset": 9, "length": 5}], "loc": [{"text": "\u59d4\u5185\u745e\u62c9\u6d77\u5cb8", "offset": 36, "length": 6}], "country": [{"text": "\u7f8e\u56fd", "offset": 17, "length": 2}, {"text": "\u7f8e\u56fd", "offset": 1, "length": 2}, {"text": "\u59d4\u5185\u745e\u62c9", "offset": 36, "length": 4}], "weapon": [{"text": "\u201c\u5e73\u514b\u5c3c\u201d\u53f7\u9a71\u9010\u8230", "offset": 25, "length": 9}]}}, {"sentence": "\u62a5\u9053\u79f0\uff0c\u8fd9\u662f\u7f8e\u56fd\u5357\u65b9\u53f8\u4ee4\u90e8\u5728\u4e09\u5468\u5185\u7b2c\u4e8c\u6b21\u6d3e\u9063\u519b\u8230\u8fdb\u5165\u59d4\u5185\u745e\u62c9\u9644\u8fd1\u6d77\u57df\uff0c\u6311\u6218\u4e86\u59d4\u5185\u745e\u62c9\u201c\u5728\u56fd\u9645\u6c34\u57df\u7684\u8fc7\u5ea6\u6d77\u8bd5\u4e3b\u5f20\u201d\u3002", "events": [], "arguments": {"time": [], "loc": [], "country": [{"text": "\u7f8e\u56fd", "offset": 6, "length": 2}, {"text": "\u59d4\u5185\u745e\u62c9", "offset": 26, "length": 4}, {"text": "\u59d4\u5185\u745e\u62c9", "offset": 38, "length": 4}], "weapon": [{"text": "\u519b\u8230", "offset": 22, "length": 2}]}}, {"sentence": "\u76ee\u524d\u201c\u5e73\u514b\u5c3c\u201d\u53f7\u9a71\u9010\u8230\u6b63\u5728\u52a0\u52d2\u6bd4\u6d77\u548c\u7f8e\u56fd\u6d77\u519b\u4ee5\u53ca\u6d77\u5cb8\u8b66\u536b\u961f\u7684\u8230\u8239\u4e00\u8d77\u6267\u884c\u7f09\u6bd2\u4efb\u52a1\u3002", "events": [], "arguments": {"time": [], "loc": [{"text": "\u52a0\u52d2\u6bd4\u6d77", "offset": 13, "length": 4}], "country": [{"text": "\u7f8e\u56fd", "offset": 18, "length": 2}], "weapon": [{"text": "\u201c\u5e73\u514b\u5c3c\u201d\u53f7\u9a71\u9010\u8230", "offset": 2, "length": 9}]}}, {"sentence": "\u7f8e\u56fd\u5357\u65b9\u53f8\u4ee4\u90e8\u53d1\u5e03\u58f0\u660e\u79f0\uff1a\u201c\u6211\u4eec\u5c06\u884c\u9a76\u5728\u56fd\u9645\u6c34\u57df\u81ea\u7531\u822a\u884c\u7684\u5408\u6cd5\u6743\u5229\uff0c\u800c\u4e0d\u4f1a\u9ed8\u8bb8\u975e\u6cd5\u4e3b\u5f20\u3002", "events": [], "arguments": {"time": [], "loc": [], "country": [{"text": "\u7f8e\u56fd", "offset": 0, "length": 2}], "weapon": []}}, {"sentence": "\u201d", "events": [], "arguments": {"time": [], "loc": [], "country": [], "weapon": []}}, {"sentence": "\u4e0a\u4e2a\u6708\uff0c\u7f8e\u56fd\u6d77\u519b\u7684\u201c\u5c3c\u91c7\u201d\u53f7\u9a71\u9010\u8230\u4e5f\u5728\u59d4\u5185\u745e\u62c9\u9644\u8fd1\u6d77\u57df\u5f00\u5c55\u4e86\u7c7b\u4f3c\u7684\u822a\u884c\u884c\u52a8\uff0c\u57281\u6708\u4efd\u7684\u65f6\u5019\u201c\u5e95\u7279\u5f8b\u201d\u53f7\u6fd2\u6d77\u6218\u6597\u8230\u4e5f\u91c7\u53d6\u8fc7\u7c7b\u4f3c\u884c\u52a8\u3002", "events": [], "arguments": {"time": [], "loc": [], "country": [{"text": "\u7f8e\u56fd", "offset": 4, "length": 2}, {"text": "\u59d4\u5185\u745e\u62c9", "offset": 19, "length": 4}], "weapon": [{"text": "\u201c\u5c3c\u91c7\u201d\u53f7\u9a71\u9010\u8230", "offset": 9, "length": 8}, {"text": "\u201c\u5e95\u7279\u5f8b\u201d\u53f7\u6fd2\u6d77\u6218\u6597\u8230", "offset": 45, "length": 11}]}}]