[{"sentence": "\u201c\u597d\u4eba\u7406\u67e5\u5fb7\u201d\u53f7\u70e7\u5230\u7b2c4\u5929\uff0c\u7f8e\u519b\u53c8\u4e00\u8258\u65b0\u578b\u51c6\u822a\u6bcd\u670d\u5f79", "events": [{"trigger": {"text": "\u670d\u5f79", "offset": 24, "length": 2}, "subject": {"text": "\u7f8e\u519b", "offset": 14, "length": 2}, "object": {"text": "\u4e00\u8258\u65b0\u578b\u51c6\u822a\u6bcd", "offset": 17, "length": 7}}], "arguments": {"time": [], "loc": [], "country": [{"text": "\u7f8e", "offset": 14, "length": 1}], "weapon": [{"text": "\u201c\u597d\u4eba\u7406\u67e5\u5fb7\u201d\u53f7", "offset": 0, "length": 8}, {"text": "\u51c6\u822a\u6bcd", "offset": 21, "length": 3}]}}, {"sentence": "\u3010\u73af\u7403\u7f51\u62a5\u9053 \u8bb0\u8005 \u5f90\u7490\u660e\u3011", "events": [], "arguments": {"time": [], "loc": [], "country": [], "weapon": []}}, {"sentence": "\u7f8e\u6d77\u519b\u4e24\u6816\u653b\u51fb\u8230\u201c\u597d\u4eba\u7406\u67e5\u5fb7\u201d\u53f7\u7684\u5927\u706b\u5df2\u7ecf\u8fdb\u5165\u7b2c\u56db\u5929\uff0c\u80fd\u5426\u4fee\u590d\u8fd8\u662f\u4e2a\u672a\u77e5\u6570\u3002", "events": [], "arguments": {"time": [], "loc": [], "country": [{"text": "\u7f8e", "offset": 0, "length": 1}], "weapon": [{"text": "\u4e24\u6816\u653b\u51fb\u8230\u201c\u597d\u4eba\u7406\u67e5\u5fb7\u201d\u53f7", "offset": 3, "length": 13}]}}, {"sentence": "\u800c\u5c31\u5728\u540c\u65f6\uff0c\u7f8e\u56fd\u6d77\u519b\u7684\u53e6\u4e00\u8258\u65b0\u9020\u4e24\u6816\u653b\u51fb\u8230\u201c\u7684\u9ece\u6ce2\u91cc\u201d\u53f7\u4f4e\u8c03\u670d\u5f79\u4e86\u3002", "events": [], "arguments": {"time": [], "loc": [], "country": [{"text": "\u7f8e\u56fd", "offset": 6, "length": 2}], "weapon": [{"text": "\u4e24\u6816\u653b\u51fb\u8230\u201c\u7684\u9ece\u6ce2\u91cc\u201d\u53f7", "offset": 16, "length": 12}]}}, {"sentence": "\u636e\u7f8e\u56fd\u6d77\u519b\u7814\u7a76\u5b66\u4f1a\uff08USNI\uff09\u7f51\u7ad97\u670815\u65e5\u62a5\u9053\uff0c\u5f53\u5929\u7f8e\u56fd\u5efa\u9020\u7684\u7b2c\u4e8c\u8258\u201c\u7f8e\u5229\u575a\u201d\u7ea7\u4e24\u6816\u653b\u51fb\u8230\u201c\u7684\u9ece\u6ce2\u91cc\u201d\u53f7\u670d\u5f79\uff0c\u6b63\u5f0f\u5165\u5217\u7f8e\u56fd\u6d77\u519b\u4f5c\u6218\u5e8f\u5217\u3002", "events": [{"trigger": {"text": "\u6b63\u5f0f\u5165\u5217", "offset": 56, "length": 4}, "subject": {"text": "\u7f8e\u56fd\u5efa\u9020\u7684\u7b2c\u4e8c\u8258\u201c\u7f8e\u5229\u575a\u201d\u7ea7\u4e24\u6816\u653b\u51fb\u8230\u201c\u7684\u9ece\u6ce2\u91cc\u201d\u53f7\u670d\u5f79", "offset": 27, "length": 28}, "object": {"text": "\u7f8e\u56fd\u6d77\u519b\u4f5c\u6218\u5e8f\u5217", "offset": 60, "length": 8}}], "arguments": {"time": [{"text": "7\u670815\u65e5", "offset": 17, "length": 5}], "loc": [], "country": [{"text": "\u7f8e\u56fd", "offset": 1, "length": 2}, {"text": "\u7f8e\u56fd", "offset": 27, "length": 2}, {"text": "\u7f8e\u56fd", "offset": 60, "length": 2}], "weapon": [{"text": "\u201c\u7f8e\u5229\u575a\u201d\u7ea7\u4e24\u6816\u653b\u51fb\u8230\u201c\u7684\u9ece\u6ce2\u91cc\u201d\u53f7", "offset": 35, "length": 18}]}}, {"sentence": "\u4f46\u53d7\u5230\u65b0\u51a0\u80ba\u708e\u75ab\u60c5\u5f71\u54cd\uff0c\u7f8e\u56fd\u6d77\u519b\u6ca1\u6709\u4e3e\u884c\u9686\u91cd\u7684\u670d\u5f79\u4eea\u5f0f\u3002", "events": [], "arguments": {"time": [], "loc": [], "country": [{"text": "\u7f8e\u56fd", "offset": 12, "length": 2}], "weapon": []}}, {"sentence": "\u62a5\u9053\u79f0\uff0c\u201c\u7684\u9ece\u6ce2\u91cc\u201d\u53f7\u5728\u4eca\u5e742\u6708\u4ea4\u4ed8\u7f8e\u56fd\u6d77\u519b\u8fdb\u884c\u8bad\u7ec3\u6d4b\u8bd5\uff0c\u5c06\u5728\u4eca\u5e74\u665a\u4e9b\u65f6\u5019\u90e8\u7f72\u5230\u4f4d\u4e8e\u52a0\u5dde\u7684\u5723\u8fed\u6208\u6d77\u519b\u57fa\u5730\u3002", "events": [], "arguments": {"time": [], "loc": [{"text": "\u52a0\u5dde\u7684\u5723\u8fed\u6208\u6d77\u519b\u57fa\u5730", "offset": 42, "length": 10}], "country": [{"text": "\u7f8e\u56fd", "offset": 18, "length": 2}], "weapon": [{"text": "\u201c\u7684\u9ece\u6ce2\u91cc\u201d\u53f7", "offset": 4, "length": 7}]}}, {"sentence": "\u7f8e\u56fd\u56fd\u9632\u90e8\u529e\u516c\u5ba4\u5728\u4e00\u4efd\u58f0\u660e\u4e2d\u8bf4\uff1a\u201c\u51fa\u4e8e\u516c\u5171\u536b\u751f\u548c\u5b89\u5168\u90e8\u95e8\u5bf9\u5927\u578b\u516c\u4f17\u96c6\u4f1a\u7684\u9650\u5236\u539f\u56e0\uff0c\u7f8e\u56fd\u6d77\u519b\u4ec5\u662f\u5728\u7a0b\u5e8f\u4e0a\u5c06\u2018\u7684\u9ece\u6ce2\u91cc\u2019\u53f7\u5165\u5217\uff0c\u76ee\u524d\u8fd9\u8258\u519b\u8230\u5df2\u7ecf\u6b63\u5e38\u8fd0\u884c\u3002", "events": [], "arguments": {"time": [], "loc": [], "country": [{"text": "\u7f8e\u56fd", "offset": 41, "length": 2}, {"text": "\u7f8e\u56fd", "offset": 0, "length": 2}], "weapon": [{"text": "\u2018\u7684\u9ece\u6ce2\u91cc\u2019\u53f7", "offset": 52, "length": 7}]}}, {"sentence": "\u201d", "events": [], "arguments": {"time": [], "loc": [], "country": [], "weapon": []}}, {"sentence": "\u5c5e\u4e8e\u201c\u7f8e\u5229\u575a\u201d\u7ea7\u4e24\u6816\u653b\u51fb\u8230\u7684\u201c\u7684\u9ece\u6ce2\u91cc\u201d\u53f7\u662f\u7531\u201c\u9ec4\u8702\u201d\u7ea7\u4e24\u6816\u653b\u51fb\u8230\u6539\u8fdb\u800c\u6765\uff0c\u4f46\u53d6\u6d88\u4e86\u4e95\u7532\u677f\uff08\u6295\u653e\u4e24\u6816\u8230\u8247\u3001\u4e24\u6816\u6218\u8f66\u7684\u575e\u8231\uff09\u7684\u8bbe\u8ba1\uff0c\u589e\u5f3a\u822a\u7a7a\u4f5c\u6218\u80fd\u529b\uff0c\u80fd\u591f\u642d\u8f7d\u66f4\u591a\u7684MV-22B\u201c\u9c7c\u9e70\u201d\u8fd0\u8f93\u673a\u548cF-35B\u8230\u8f7d\u6218\u6597\u673a\uff0c\u540c\u65f6\u8fd8\u589e\u52a0\u4e86\u822a\u7a7a\u71c3\u6599\u7684\u50a8\u5907\u3002", "events": [], "arguments": {"time": [], "loc": [], "country": [], "weapon": [{"text": "MV-22B\u201c\u9c7c\u9e70\u201d\u8fd0\u8f93\u673a", "offset": 81, "length": 13}, {"text": "F-35B\u8230\u8f7d\u6218\u6597\u673a", "offset": 95, "length": 10}, {"text": "\u201c\u9ec4\u8702\u201d\u7ea7\u4e24\u6816\u653b\u51fb\u8230", "offset": 23, "length": 10}]}}, {"sentence": "\u4e0e\u201c\u9ec4\u8702\u201d\u7ea7\u9700\u8981\u6539\u9020\u5347\u7ea7\u540e\u624d\u80fd\u642d\u8f7dF-35B\u4e0d\u540c\u7684\u662f\uff0c\u201c\u7684\u9ece\u6ce2\u91cc\u201d\u53f7\u5c06\u5728\u672a\u6765\u7684\u9996\u6b21\u90e8\u7f72\u4e2d\u5c31\u80fd\u642d\u8f7dF-35B\u6218\u6597\u673a\uff0c\u8fd9\u4e3b\u8981\u5f97\u76ca\u4e8e\u8be5\u8230\u5728\u5efa\u9020\u8fc7\u7a0b\u4e2d\u5c31\u5bf9\u4e00\u4e9b\u8bbe\u65bd\u8fdb\u884c\u4e86\u5347\u7ea7\uff0c\u4f8b\u5982\u6539\u8fdb\u8230\u4e0a\u901a\u4fe1\u7cfb\u7edf\u548c\u52a0\u5f3a\u7532\u677f\u5f3a\u5ea6\u3002", "events": [], "arguments": {"time": [], "loc": [], "country": [], "weapon": [{"text": "\u201c\u9ec4\u8702\u201d\u7ea7", "offset": 1, "length": 5}, {"text": "\u201c\u7684\u9ece\u6ce2\u91cc\u201d\u53f7", "offset": 27, "length": 7}, {"text": "F-35B\u6218\u6597\u673a", "offset": 48, "length": 8}]}}, {"sentence": "\u8fd9\u8258\u6ee1\u8f7d\u6392\u6c34\u91cf\u8fbe4.5\u4e07\u5428\u7684\u4e24\u6816\u653b\u51fb\u8230\u8fd8\u91c7\u7528\u4e86\u6cb9\u7535\u6df7\u5408\u63a8\u8fdb\u7cfb\u7edf\uff0c\u5f53\u822a\u901f\u4f4e\u4e8e12\u8282\u65f6\uff0c\u4f7f\u7528\u7535\u52a8\u53d1\u52a8\u673a\u9a71\u52a8\u3002", "events": [], "arguments": {"time": [], "loc": [], "country": [], "weapon": [{"text": "\u4e24\u6816\u653b\u51fb\u8230", "offset": 14, "length": 5}]}}, {"sentence": "\u6839\u636e\u5236\u9020\u65b9\u4ea8\u5ef7\u987f\u82f1\u683c\u5c14\u65af\u5de5\u4e1a\u516c\u53f8\u7684\u8bf4\u6cd5\uff0c\u201c\u7684\u9ece\u6ce2\u91cc\u201d\u53f7\u539f\u8ba1\u5212\u57282019\u5e74\u4ea4\u4ed8\u4f7f\u7528\uff0c\u4f46\u7531\u4e8e\u6280\u672f\u539f\u56e0\u63a8\u8fdf\u4e86\u4ea4\u4ed8\u3002", "events": [], "arguments": {"time": [], "loc": [], "country": [], "weapon": [{"text": "\u201c\u7684\u9ece\u6ce2\u91cc\u201d\u53f7", "offset": 20, "length": 7}]}}]