[{"sentence": "\u9690\u5f62\u6218\u673a\u65f6\u4ee3\u4e3a\u4f55\u8fd8\u8981\u7ec3\u201c\u72d7\u6597\u201d\uff1f", "events": [{"trigger": {"text": "\u7ec3", "offset": 10, "length": 1}, "subject": {"text": "\u9690\u5f62\u6218\u673a\u65f6\u4ee3", "offset": 0, "length": 6}, "object": {"text": "\u201c\u72d7\u6597\u201d", "offset": 11, "length": 4}}], "arguments": {"time": [], "loc": [], "country": [], "weapon": [{"text": "\u9690\u5f62\u6218\u673a", "offset": 0, "length": 4}]}}, {"sentence": "\u4e13\u5bb6\uff1a\u8fd1\u8ddd\u683c\u6597\u4e0d\u53ef\u907f\u514d\uff0c\u53ef\u63d0\u5347\u4e09\u79cd\u80fd\u529b", "events": [{"trigger": {"text": "\u53ef\u63d0\u5347", "offset": 12, "length": 3}, "subject": {"text": "\u8fd1\u8ddd\u683c\u6597", "offset": 3, "length": 4}, "object": {"text": "\u4e09\u79cd\u80fd\u529b", "offset": 15, "length": 4}}], "arguments": {"time": [], "loc": [], "country": [], "weapon": []}}, {"sentence": "\u3010\u73af\u7403\u65f6\u62a5\u7279\u7ea6\u8bb0\u8005\u674e\u5f3a \u73af\u7403\u65f6\u62a5\u8bb0\u8005 \u5218\u626c\u3011", "events": [], "arguments": {"time": [], "loc": [], "country": [], "weapon": []}}, {"sentence": "\u4e2d\u56fd\u7a7a\u519b\u5317\u90e8\u6218\u533a\u822a\u7a7a\u5175\u67d0\u90e8\u8fdb\u884c\u8fd1\u8ddd\u7a7a\u4e2d\u683c\u6597\u8bad\u7ec3\u7684\u89c6\u9891\uff08\u4e0a\u56fe\uff0915\u65e5\u5728\u4e92\u8054\u7f51\u4e0a\u5237\u5c4f\uff0c\u5176\u4e2d\uff0c\u7a7a\u6218\u5168\u7a0b\u4f7f\u7528\u82f1\u6587\u4ea4\u6d41\u4ee4\u4eba\u5370\u8c61\u6df1\u523b\u3002", "events": [{"trigger": {"text": "\u4f7f\u7528", "offset": 48, "length": 2}, "subject": {"text": "\u7a7a\u6218\u5168\u7a0b", "offset": 44, "length": 4}, "object": {"text": "\u82f1\u6587\u4ea4\u6d41", "offset": 50, "length": 4}}], "arguments": {"time": [], "loc": [{"text": "\u4e2d\u56fd\u7a7a\u519b\u5317\u90e8\u6218\u533a", "offset": 0, "length": 8}], "country": [{"text": "\u4e2d\u56fd", "offset": 0, "length": 2}], "weapon": []}}, {"sentence": "\u8fd1\u8ddd\u79bb\u683c\u6597\uff0c\u82f1\u6587\u4e3aDogfight\uff0c\u4e5f\u53ef\u4ee5\u76f4\u8bd1\u4e3a\u201c\u72d7\u6597\u201d\u3002", "events": [], "arguments": {"time": [], "loc": [], "country": [], "weapon": [{"text": "Dogfight", "offset": 9, "length": 8}]}}, {"sentence": "\u6709\u4eba\u53d1\u51fa\u7591\u95ee\uff0c\u5728\u201c\u9690\u5f62\u673a\u65f6\u4ee3\u201d\u7ec3\u7a7a\u4e2d\u683c\u6597\u8fd8\u6709\u6ca1\u6709\u610f\u4e49\u3002", "events": [], "arguments": {"time": [], "loc": [], "country": [], "weapon": [{"text": "\u201c\u9690\u5f62\u673a", "offset": 8, "length": 4}]}}, {"sentence": "\u519b\u4e8b\u4e13\u5bb6\u8868\u793a\uff0c\u7a7a\u6218\u4ea4\u6218\u8ddd\u79bb\u786e\u5b9e\u8d8a\u6765\u8d8a\u8fdc\u3002", "events": [], "arguments": {"time": [], "loc": [], "country": [], "weapon": []}}, {"sentence": "\u76ee\u524d\u6218\u6597\u673a\u7a7a\u6218\u4e3b\u8981\u4ece\u8d85\u89c6\u8ddd\u5f00\u59cb\uff0c\u4e0d\u8fc7\u8fd1\u8ddd\u683c\u6597\u8bad\u7ec3\u4ecd\u7136\u662f\u5404\u56fd\u98de\u884c\u5458\u7684\u5fc5\u8bad\u79d1\u76ee\uff0c\u5b83\u5bf9\u4e8e\u63d0\u9ad8\u6001\u52bf\u611f\u77e5\u80fd\u529b\u3001\u638c\u63e1\u6218\u6597\u673a\u6027\u80fd\uff0c\u63d0\u9ad8\u6218\u6597\u610f\u8bc6\u90fd\u6709\u91cd\u8981\u610f\u4e49\u3002", "events": [], "arguments": {"time": [], "loc": [], "country": [], "weapon": [{"text": "\u6218\u6597\u673a", "offset": 52, "length": 3}]}}, {"sentence": "\u98de\u884c\u5458\u89c6\u89d2\u683c\u6597+\u5168\u7a0b\u82f1\u8bed", "events": [], "arguments": {"time": [], "loc": [], "country": [], "weapon": []}}, {"sentence": "\u4ece\u90e8\u5206\u753b\u9762\u663e\u793a\u7684\u65f6\u95f4\u6765\u770b\uff0c\u8fd9\u6bb5\u89c6\u9891\u5f55\u5236\u4e8e2016\u5e749\u6708\uff0c\u53c2\u4e0e\u7a7a\u6218\u8bad\u7ec3\u7684\u662f\u6b7c-10\u6218\u6597\u673a\uff0c\u5176\u4e2d\u4e00\u67b6\u4e3a\u53cc\u5ea7\u673a\uff0c\u5e94\u8be5\u662f\u8fdb\u884c\u540c\u578b\u673a\u7a7a\u6218\u5bf9\u6297\u8bad\u7ec3\u3002", "events": [], "arguments": {"time": [{"text": "2016\u5e749\u6708", "offset": 20, "length": 7}], "loc": [], "country": [], "weapon": [{"text": "\u6b7c-10\u6218\u6597\u673a", "offset": 36, "length": 7}]}}, {"sentence": "\u5176\u4e2d\u5df1\u65b9\u547c\u53f7\u4e3aJaeger1\u548cJaeger2\u3002", "events": [], "arguments": {"time": [], "loc": [], "country": [], "weapon": [{"text": "Jaeger1", "offset": 7, "length": 7}, {"text": "Jaeger2", "offset": 15, "length": 7}]}}, {"sentence": "\u201c\u654c\u201d\u6211\u53cc\u673a\u4ea4\u4f1a\u540e\u8fdb\u5165\u201c\u53cc\u73af\u7a7a\u6218\u201d\u3002", "events": [], "arguments": {"time": [], "loc": [], "country": [], "weapon": []}}, {"sentence": "\u7a7a\u6218\u4e2d\uff0c\u201c\u654c\u201d\u673a\u4e00\u5ea6\u8fdb\u5165\u6211\u673a\u5c3e\u540e\u516d\u70b9\u949f\u65b9\u5411\uff0c\u800c\u6700\u7ec8Jaeger2\u51fb\u843d\u5bf9\u65b9\u98de\u673a\u4e00\u67b6\u3002", "events": [], "arguments": {"time": [], "loc": [], "country": [], "weapon": [{"text": "Jaeger2", "offset": 25, "length": 7}]}}, {"sentence": "\u503c\u5f97\u5173\u6ce8\u7684\u662f\uff0c\u6574\u4e2a\u8fc7\u7a0b\u4e2d\u98de\u884c\u5458\u5168\u7a0b\u4f7f\u7528\u82f1\u8bed\u8054\u7cfb\u3001\u6c9f\u901a\u3002", "events": [], "arguments": {"time": [], "loc": [], "country": [], "weapon": []}}, {"sentence": "\u5728\u7a7a\u6218\u683c\u6597\u4e2d\uff0c\u7a7a\u4e2d\u6001\u52bf\u590d\u6742\uff0c\u52a8\u4f5c\u8282\u594f\u975e\u5e38\u5feb\uff0c\u653b\u51fb\u673a\u4f1a\u7a0d\u7eb5\u5373\u901d\uff0c\u5728\u8fd9\u65f6\u8fdb\u884c\u65e0\u7ebf\u7535\u8054\u7edc\u534f\u540c\u5fc5\u7136\u4f7f\u7528\u81ea\u5df1\u6700\u719f\u6089\u3001\u6700\u7b80\u7ec3\u7684\u8bed\u8a00\u8fdb\u884c\u3002", "events": [], "arguments": {"time": [], "loc": [], "country": [], "weapon": []}}, {"sentence": "\u800c\u89c6\u9891\u4e2d\u65e0\u7ebf\u7535\u6c9f\u901a\u5168\u7a0b\u4f7f\u7528\u82f1\u6587\uff0c\u8bf4\u660e\u98de\u884c\u5458\u82f1\u6587\u8868\u8fbe\u975e\u5e38\u719f\u7ec3\uff0c\u80af\u5b9a\u662f\u7ecf\u5386\u4e86\u5927\u91cf\u8bad\u7ec3\u3002", "events": [], "arguments": {"time": [], "loc": [], "country": [], "weapon": []}}, {"sentence": "\u6709\u5206\u6790\u8ba4\u4e3a\uff0c\u5728\u8bad\u7ec3\u4e2d\u4f7f\u7528\u82f1\u6587\u6c9f\u901a\uff0c\u6709\u52a9\u4e8e\u4e0e\u56fd\u5916\u7a7a\u519b\u8bad\u7ec3\u65f6\u534f\u540c\u914d\u5408\u3002", "events": [], "arguments": {"time": [], "loc": [], "country": [], "weapon": []}}, {"sentence": "\u8fd1\u5e74\u6765\uff0c\u4e2d\u56fd\u7a7a\u519b\u4e0e\u56fd\u5916\u7a7a\u519b\u9891\u7e41\u8fdb\u884c\u8054\u6f14\u8054\u8bad\uff0c\u4e2d\u5df4\u7684\u201c\u96c4\u9e70\u201d\u7cfb\u5217\u3001\u4e2d\u6cf0\u201c\u9e70\u51fb\u201d\u7cfb\u5217\u8054\u5408\u8bad\u7ec3\u9010\u6b65\u5e38\u6001\u5316\uff0c\u4f7f\u7528\u82f1\u8bed\u66f4\u4fbf\u4e8e\u53cc\u65b9\u98de\u884c\u5458\u76f4\u63a5\u4ea4\u6d41\u548c\u534f\u540c\uff0c\u4ece\u67d0\u79cd\u7a0b\u5ea6\u4e0a\u8bb2\uff0c\u719f\u7ec3\u7684\u4e13\u4e1a\u82f1\u8bed\u662f\u5fc5\u9700\u7684\u3002", "events": [], "arguments": {"time": [], "loc": [], "country": [{"text": "\u5df4", "offset": 23, "length": 1}, {"text": "\u6cf0", "offset": 33, "length": 1}, {"text": "\u4e2d", "offset": 32, "length": 1}, {"text": "\u4e2d\u56fd", "offset": 4, "length": 2}], "weapon": []}}, {"sentence": "\u53e6\u4e00\u65b9\u9762\uff0c\u719f\u7ec3\u638c\u63e1\u98de\u884c\u4e13\u4e1a\u82f1\u8bed\u4e5f\u6709\u5229\u4e8e\u7a7a\u519b\u98de\u884c\u5458\u5728\u62e6\u622a\u3001\u9a71\u79bb\u9760\u8fd1\u6211\u9886\u7a7a\u6216\u9632\u7a7a\u8bc6\u522b\u533a\u7684\u56fd\u5916\u519b\u673a\u3002", "events": [], "arguments": {"time": [], "loc": [], "country": [], "weapon": [{"text": "\u519b\u673a", "offset": 44, "length": 2}]}}, {"sentence": "\u5f53\u7136\uff0c\u5168\u7a0b\u4f7f\u7528\u82f1\u8bed\u8fd8\u53ea\u662f\u4e2a\u8868\u8c61\uff0c\u4ece\u89c6\u9891\u4e2d\u4f7f\u7528\u7684\u82f1\u6587\u548c\u8fd9\u79cd\u8bad\u7ec3\u6a21\u5f0f\u6765\u770b\uff0c\u8fd9\u53cd\u6620\u51fa\u7a7a\u519b\u98de\u884c\u5458\u57f9\u517b\u8bad\u7ec3\u6a21\u5f0f\u9010\u6b65\u5411\u56fd\u5916\u5148\u8fdb\u7a7a\u519b\u770b\u9f50\u3002", "events": [], "arguments": {"time": [], "loc": [], "country": [], "weapon": []}}, {"sentence": "\u5728\u897f\u65b9\u4ecd\u662f\u5fc5\u4fee\u79d1\u76ee", "events": [], "arguments": {"time": [], "loc": [], "country": [], "weapon": []}}, {"sentence": "\u5b9e\u9645\u4e0a\uff0c\u4e0d\u4ec5\u4e2d\u56fd\u7a7a\u519b\u9891\u7e41\u5f00\u5c55\u8fd1\u8ddd\u683c\u6597\u8bad\u7ec3\uff0c\u8fd9\u79cd\u8bad\u7ec3\u751a\u81f3\u662f\u897f\u65b9\u7a7a\u519b\u6218\u6597\u673a\u98de\u884c\u5458\u7684\u5fc5\u4fee\u79d1\u76ee\uff0c\u800c\u4e14\u4ece\u5728\u98de\u884c\u5b66\u5458\u65f6\u5c31\u5df2\u7ecf\u5f00\u59cb\u3002", "events": [], "arguments": {"time": [], "loc": [], "country": [{"text": "\u4e2d\u56fd", "offset": 6, "length": 2}], "weapon": [{"text": "\u6218\u6597\u673a", "offset": 32, "length": 3}]}}, {"sentence": "\u636e\u300a\u73af\u7403\u65f6\u62a5\u300b\u8bb0\u8005\u4e86\u89e3\uff0c\u897f\u65b9\u56fd\u5bb6\u7a7a\u519b\u8fdb\u884c\u7684\u6218\u6597\u673a\u57fa\u672c\u673a\u52a8\uff08BFM\uff09\u8bad\u7ec3\u5c31\u662f\u6700\u5178\u578b\u7684\u8fd1\u8ddd\u79bb\u683c\u6597\u8bad\u7ec3\uff0c\u901a\u5e38\u4f1a\u5305\u62ec\u9632\u5fa1\u3001\u8fdb\u653b\u3001\u4e2d\u7acb\u4e09\u4e2a\u5f62\u5f0f\u3002", "events": [], "arguments": {"time": [], "loc": [], "country": [], "weapon": [{"text": "\u6218\u6597\u673a", "offset": 21, "length": 3}]}}, {"sentence": "\u201c\u9632\u5fa1\u201d\u8bad\u7ec3\u4e5f\u5c31\u662f\u53d1\u8d77\u65f6\uff0c\u5bf9\u624b\u5904\u4e8e\u5df1\u65b9\u6218\u673a\u540e\u65b9\uff1b\u8fdb\u653b\u65f6\uff0c\u5df1\u65b9\u6218\u673a\u5219\u4f4d\u4e8e\u5bf9\u65b9\u6218\u673a\u540e\u65b9\uff1b\u4e2d\u7acb\u72b6\u6001\u65f6\u5373\u53cc\u673a\u4ece\u8fce\u5934\u72b6\u6001\u5f00\u59cb\u3002", "events": [], "arguments": {"time": [], "loc": [], "country": [], "weapon": []}}, {"sentence": "\u8fd9\u79cd\u975e\u5e38\u6e05\u6670\u5730\u8bbe\u7f6e\u57fa\u672c\u56e0\u7d20\u7684\u65b9\u6cd5\u5f88\u91cd\u8981\uff0c\u56e0\u4e3a\u5b83\u4f7f\u8bc4\u4f30\u548c\u7814\u7a76\u53d8\u5f97\u66f4\u52a0\u5bb9\u6613\uff0c\u8fdb\u800c\u4f7f\u8fd9\u79cd\u8bad\u7ec3\u6210\u4e3a\u4e00\u79cd\u53ef\u4ee5\u590d\u5236\u7684\u3001\u6807\u51c6\u5316\u7684\u7a7a\u6218\u8bad\u7ec3\u65b9\u6cd5\u3002", "events": [], "arguments": {"time": [], "loc": [], "country": [], "weapon": []}}, {"sentence": "\u897f\u65b9\u7a7a\u519b\u6218\u6597\u673a\u98de\u884c\u5458\u8fdb\u884c\u8fd9\u7c7b\u8bad\u7ec3\u65f6\uff0c\u4ece\u653b\u51fb\u8005\u5230\u9632\u5fa1\u8005\u7684\u5178\u578b\u8bad\u7ec3\u8ddd\u79bb\u8bbe\u7f6e\u4e3a1-3\u516c\u91cc\uff0c\u6700\u5c0f\u8ddd\u79bb\u4e3a300\u7c73\u3002", "events": [], "arguments": {"time": [], "loc": [], "country": [], "weapon": []}}, {"sentence": "\u4ece\u4e0d\u540c\u7684\u8ddd\u79bb\u5f00\u59cb\uff0c\u4f7f\u98de\u884c\u5458\u53ef\u4ee5\u4f53\u9a8c\u4e0d\u540c\u8ddd\u79bb\u4e0b\u4ea4\u6218\u7684\u91cd\u70b9\u4e0e\u96be\u70b9\u3002", "events": [], "arguments": {"time": [], "loc": [], "country": [], "weapon": []}}, {"sentence": "\u603b\u4f53\u800c\u8a00\uff0c\u5bf9\u897f\u65b9\u98de\u884c\u5458\uff0c\u65e0\u8bba\u662f\u56db\u4ee3\u673a\u8fd8\u662f\u4e09\u4ee3\u673a\u98de\u884c\u5458\uff0c\u6218\u6597\u673a\u57fa\u672c\u673a\u52a8\u8bad\u7ec3\u90fd\u662f\u5fc5\u4fee\u8bfe\u3002", "events": [], "arguments": {"time": [], "loc": [], "country": [], "weapon": [{"text": "\u6218\u6597\u673a", "offset": 27, "length": 3}]}}, {"sentence": "\u5f53\u7136\uff0c\u897f\u65b9\u98de\u884c\u5458\u4e5f\u4f1a\u6709\u4e13\u95e8\u7684\u4e2d\u8ddd\u7a7a\u6218\u8bad\u7ec3\u3001\u5bf9\u5730\u6253\u51fb\u8bad\u7ec3\u7b49\u3002", "events": [], "arguments": {"time": [], "loc": [], "country": [], "weapon": []}}, {"sentence": "\u66f4\u9ad8\u7ea7\u7684\u8bad\u7ec3\u662f\u5f02\u5f62\u673a\u7a7a\u6218\u8bad\u7ec3\uff0c\u4f1a\u7efc\u5408\u8fd0\u7528\u5df1\u65b9\u98de\u673a\u7684\u4f18\u52bf\uff0c\u4ece\u4e2d\u8ddd\u5f00\u59cb\uff0c\u4e00\u76f4\u6253\u5230\u89c6\u8ddd\u5185\u3002", "events": [], "arguments": {"time": [], "loc": [], "country": [], "weapon": [{"text": "\u5f02\u5f62\u673a", "offset": 7, "length": 3}, {"text": "\u98de\u673a", "offset": 22, "length": 2}]}}, {"sentence": "\u7f8e\u56fdF-22\u6218\u6597\u673a\u3001F-35\u6218\u6597\u673a\u98de\u884c\u5458\u90fd\u8981\u8fdb\u884c\u7c7b\u4f3c\u7684\u7a7a\u6218\u8bad\u7ec3\u3002", "events": [], "arguments": {"time": [], "loc": [], "country": [{"text": "\u7f8e\u56fd", "offset": 0, "length": 2}], "weapon": [{"text": "F-22\u6218\u6597\u673a", "offset": 2, "length": 7}, {"text": "F-35\u6218\u6597\u673a", "offset": 10, "length": 7}]}}, {"sentence": "\u4ece\u516c\u5f00\u62a5\u9053\u770b\uff0c\u4e2d\u56fd\u7684\u201c\u91d1\u5934\u76d4\u201d\u6bd4\u6b66\u7ade\u8d5b\uff0c\u5b9e\u9645\u4e0a\u4e5f\u662f\u4ece\u4e2d\u8ddd\u6253\u5230\u8fd1\u8ddd\uff0c\u800c\u8fd1\u8ddd\u7a7a\u6218\u7684\u5f97\u5206\u6240\u5360\u6bd4\u4f8b\u4e5f\u4e0d\u4f4e\u3002", "events": [], "arguments": {"time": [], "loc": [], "country": [{"text": "\u4e2d\u56fd", "offset": 7, "length": 2}], "weapon": [{"text": "\u201c\u91d1\u5934\u76d4\u201d", "offset": 10, "length": 5}]}}, {"sentence": "\u8d85\u89c6\u8ddd\u7a7a\u6218\u65e0\u6cd5\u4fdd\u8bc1\u5b8c\u5168\u89e3\u51b3\u95ee\u9898", "events": [], "arguments": {"time": [], "loc": [], "country": [], "weapon": []}}, {"sentence": "\u76ee\u524d\u5305\u62ec\u65e5\u672c\u3001\u97e9\u56fd\u7b49\u56fd\u5728\u5185\u7684\u4e2d\u56fd\u5468\u8fb9\u56fd\u5bb6\u90fd\u5728\u8ba1\u5212\u6216\u5df2\u7ecf\u88c5\u5907\u7b2c\u56db\u4ee3\u9690\u5f62\u6218\u6597\u673a\u3002", "events": [], "arguments": {"time": [], "loc": [], "country": [{"text": "\u65e5\u672c", "offset": 4, "length": 2}, {"text": "\u97e9\u56fd", "offset": 7, "length": 2}, {"text": "\u4e2d\u56fd", "offset": 14, "length": 2}], "weapon": [{"text": "\u7b2c\u56db\u4ee3\u9690\u5f62\u6218\u6597\u673a", "offset": 29, "length": 8}]}}, {"sentence": "\u5728\u8fd9\u79cd\u80cc\u666f\u4e0b\uff0c\u4e5f\u6709\u4eba\u53d1\u51fa\u8d28\u7591\uff0c\u8fd1\u8ddd\u79bb\u7a7a\u6218\u683c\u6597\u5728\u9690\u5f62\u673a\u65f6\u4ee3\u7684\u610f\u4e49\u4f55\u5728\u3002", "events": [], "arguments": {"time": [], "loc": [], "country": [], "weapon": [{"text": "\u9690\u5f62\u673a", "offset": 23, "length": 3}]}}, {"sentence": "\u5bf9\u6b64\uff0c\u519b\u4e8b\u4e13\u5bb6\u5f20\u5b66\u5cf015\u65e5\u5bf9\u300a\u73af\u7403\u65f6\u62a5\u300b\u8bb0\u8005\u8868\u793a\uff0c\u5373\u4fbf\u4e00\u4e9b\u56fd\u5bb6\u88c5\u5907\u4e86\u9690\u5f62\u6218\u6597\u673a\uff0c\u8fd1\u8ddd\u79bb\u7a7a\u6218\u683c\u6597\u8bad\u7ec3\u5bf9\u4e8e\u6218\u6597\u673a\u98de\u884c\u5458\u800c\u8a00\u4e5f\u662f\u5fc5\u4fee\u8bfe\u3002", "events": [], "arguments": {"time": [], "loc": [], "country": [], "weapon": [{"text": "\u9690\u5f62\u6218\u6597\u673a", "offset": 34, "length": 5}, {"text": "\u6218\u6597\u673a", "offset": 51, "length": 3}]}}, {"sentence": "\u4e00\u65b9\u9762\uff0c\u8fd9\u5bf9\u4e8e\u57f9\u517b\u4f5c\u6218\u610f\u8bc6\u3001\u638c\u63e1\u6218\u673a\u98de\u884c\u6027\u80fd\u3001\u63d0\u9ad8\u6001\u52bf\u611f\u77e5\u80fd\u529b\u90fd\u975e\u5e38\u91cd\u8981\u3002", "events": [], "arguments": {"time": [], "loc": [], "country": [], "weapon": [{"text": "\u6218\u673a", "offset": 16, "length": 2}]}}, {"sentence": "\u53e6\u4e00\u65b9\u9762\uff0c\u8fd1\u8ddd\u683c\u6597\u7a7a\u6218\u77ed\u65f6\u95f4\u5185\u8fd8\u4e0d\u4f1a\u9000\u51fa\u5386\u53f2\u821e\u53f0\uff0c\u7279\u522b\u662f\u5bf9\u4e09\u4ee3\u673a\u800c\u8a00\u3002", "events": [], "arguments": {"time": [], "loc": [], "country": [], "weapon": [{"text": "\u4e09\u4ee3\u673a", "offset": 29, "length": 3}]}}, {"sentence": "\u5f20\u5b66\u5cf0\u8868\u793a\uff0c\u7b2c\u4e8c\u6b21\u4e16\u754c\u5927\u6218\u4e4b\u540e\uff0c\u7a7a\u6218\u7684\u4ea4\u6218\u8ddd\u79bb\u5c31\u4e00\u76f4\u5728\u62c9\u5927\u3002", "events": [], "arguments": {"time": [], "loc": [], "country": [], "weapon": []}}, {"sentence": "\u4e0a\u4e16\u7eaa50\u5e74\u4ee3\u523070\u5e74\u4ee3\uff0c\u7edd\u5927\u591a\u6570\u7a7a\u6218\u662f\u5728\u89c6\u8ddd\u5185\u8fdb\u884c\u7684\uff0c\u822a\u70ae\u51fb\u843d\u7684\u98de\u673a\u6570\u91cf\u751a\u81f3\u8981\u6bd4\u7a7a\u7a7a\u5bfc\u5f39\u591a\uff0c\u4f46\u968f\u7740\u5bfc\u5f39\u6280\u672f\u7684\u53d1\u5c55\uff0c\u5448\u73b0\u51fa\u6b64\u6d88\u5f7c\u957f\u7684\u8d8b\u52bf\u3002", "events": [], "arguments": {"time": [], "loc": [], "country": [], "weapon": [{"text": "\u822a\u70ae", "offset": 28, "length": 2}, {"text": "\u7a7a\u7a7a\u5bfc\u5f39", "offset": 41, "length": 4}]}}, {"sentence": "\u4e2d\u8ddd\u79bb\u7a7a\u7a7a\u5bfc\u5f39\u6210\u719f\u540e\uff0c\u8d85\u89c6\u8ddd\u7a7a\u6218\u5f00\u59cb\u6210\u4e3a\u7a7a\u6218\u7684\u4e3b\u8981\u201c\u5f97\u5206\u65b9\u5f0f\u201d\u3002", "events": [], "arguments": {"time": [], "loc": [], "country": [], "weapon": [{"text": "\u4e2d\u8ddd\u79bb\u7a7a\u7a7a\u5bfc\u5f39", "offset": 0, "length": 7}]}}, {"sentence": "\u7b2c\u4e09\u4ee3\u6218\u6597\u673a\u4e4b\u95f4\u7684\u7a7a\u6218\u80af\u5b9a\u4f1a\u9996\u5148\u53d1\u751f\u5728\u89c6\u8ddd\u5916\uff0c\u4f46\u7531\u4e8e\u7535\u5b50\u5e72\u6270\u3001\u673a\u52a8\u89c4\u907f\u7b49\u63aa\u65bd\u7684\u4f7f\u7528\uff0c\u5e76\u4e0d\u80fd\u4fdd\u8bc1\u5728\u8d85\u89c6\u8ddd\u7a7a\u6218\u4e2d\u89e3\u51b3\u95ee\u9898\u3002", "events": [], "arguments": {"time": [], "loc": [], "country": [], "weapon": [{"text": "\u7b2c\u4e09\u4ee3\u6218\u6597\u673a", "offset": 0, "length": 6}]}}, {"sentence": "\u800c\u4e14\u65e9\u671f\u7684\u4e2d\u8ddd\u7a7a\u7a7a\u5bfc\u5f39\u5b9e\u6218\u6761\u4ef6\u4e0b\u7684\u53d1\u5c04\u8ddd\u79bb\u591a\u572840\u516c\u91cc\u5de6\u53f3\uff0c\u4e00\u65e6\u672a\u80fd\u547d\u4e2d\uff0c\u5f88\u5bb9\u6613\u53d1\u5c55\u5230\u89c6\u8ddd\u683c\u6597\u3002", "events": [], "arguments": {"time": [], "loc": [], "country": [], "weapon": [{"text": "\u4e2d\u8ddd\u7a7a\u7a7a\u5bfc\u5f39", "offset": 5, "length": 6}]}}, {"sentence": "\u56db\u4ee3\u673a\u4ee5\u53ca\u4e2d\u8fdc\u7a0b\u7a7a\u7a7a\u5bfc\u5f39\u51fa\u73b0\u540e\uff0c\u4ea4\u6218\u8ddd\u79bb\u8fdb\u4e00\u6b65\u62c9\u5927\u3002", "events": [], "arguments": {"time": [], "loc": [], "country": [], "weapon": [{"text": "\u56db\u4ee3\u673a", "offset": 0, "length": 3}, {"text": "\u4e2d\u8fdc\u7a0b\u7a7a\u7a7a\u5bfc\u5f39", "offset": 5, "length": 7}]}}, {"sentence": "\u4f46\u8fd1\u8ddd\u7a7a\u6218\u4e5f\u4e0d\u4f1a\u9000\u51fa\u5386\u53f2\u821e\u53f0\u3002", "events": [], "arguments": {"time": [], "loc": [], "country": [], "weapon": []}}, {"sentence": "\u7b2c\u56db\u4ee3\u9690\u5f62\u98de\u673a\u5bf9\u4e09\u4ee3\u673a\uff0c\u80af\u5b9a\u8981\u529b\u4e89\u5728\u89c6\u8ddd\u5916\u89e3\u51b3\u6218\u6597\u3002", "events": [], "arguments": {"time": [], "loc": [], "country": [], "weapon": [{"text": "\u7b2c\u56db\u4ee3\u9690\u5f62\u98de\u673a", "offset": 0, "length": 7}, {"text": "\u4e09\u4ee3\u673a", "offset": 8, "length": 3}]}}, {"sentence": "\u56e0\u4e3a\u5728\u8fd9\u4e2a\u8ddd\u79bb\uff0c\u4e09\u4ee3\u673a\u5f88\u96be\u63a2\u6d4b\u5230\u56db\u4ee3\u9690\u5f62\u673a\uff0c\u56db\u4ee3\u673a\u5177\u6709\u7edd\u5bf9\u7684\u4f18\u52bf\u3002", "events": [], "arguments": {"time": [], "loc": [], "country": [], "weapon": [{"text": "\u56db\u4ee3\u9690\u5f62\u673a", "offset": 16, "length": 5}, {"text": "\u56db\u4ee3\u673a", "offset": 22, "length": 3}]}}, {"sentence": "\u56db\u4ee3\u673a\u4f1a\u5c3d\u91cf\u907f\u514d\u4e0e\u4e09\u4ee3\u673a\u8fdb\u884c\u7a7a\u6218\u683c\u6597\u3002", "events": [], "arguments": {"time": [], "loc": [], "country": [], "weapon": [{"text": "\u56db\u4ee3\u673a", "offset": 0, "length": 3}, {"text": "\u4e09\u4ee3\u673a", "offset": 9, "length": 3}]}}, {"sentence": "\u56e0\u4e3a\u201c\u8fd1\u8ddd\u79bb\u7a7a\u6218\u5c06\u6210\u4e3a\u5747\u8861\u5668\u201d\uff0c\u4e00\u67b6\u5e26\u6709\u5927\u79bb\u8f74\u89d2\u3001\u9ad8\u673a\u52a8\u7684\u7ea2\u5916\u6210\u50cf\u8fd1\u8ddd\u7a7a\u7a7a\u5bfc\u5f39\u7684\u4e09\u4ee3\u673a\uff0c\u518d\u914d\u4ee5\u5934\u76d4\u663e\u793a\u5668\uff0c\u5c06\u5927\u5927\u524a\u5f31\u56db\u4ee3\u673a\u7684\u4f18\u52bf\u3002", "events": [], "arguments": {"time": [], "loc": [], "country": [], "weapon": [{"text": "\u9ad8\u673a\u52a8\u7684\u7ea2\u5916\u6210\u50cf\u8fd1\u8ddd\u7a7a\u7a7a\u5bfc\u5f39", "offset": 25, "length": 14}, {"text": "\u7ea2\u5916\u6210\u50cf\u8fd1\u8ddd\u7a7a\u7a7a\u5bfc\u5f39", "offset": 29, "length": 10}, {"text": "\u4e09\u4ee3\u673a", "offset": 0, "length": 3}]}}, {"sentence": "\u5f20\u5b66\u5cf0\u79f0\uff0c\u56db\u4ee3\u673a\u4e4b\u95f4\u7684\u7a7a\u6218\u4e3b\u8981\u5f62\u6001\u8fd8\u4e0d\u597d\u8bf4\uff0c\u56e0\u4e3a\u56db\u4ee3\u673a\u7684\u96f7\u8fbe\u80fd\u5426\u5728\u89c6\u8ddd\u5916\u6709\u6548\u63a2\u6d4b\u5230\u5bf9\u65b9\uff0c\u4f20\u7edf\u7684\u96f7\u8fbe\u5236\u5bfc\u4e2d\u8ddd\u7a7a\u7a7a\u5bfc\u5f39\u80fd\u5426\u5bf9\u96f7\u8fbe\u9690\u5f62\u76ee\u6807\u6709\u6548\u5b9e\u65bd\u653b\u51fb\uff0c\u90fd\u5b58\u5728\u4e00\u5b9a\u672a\u77e5\u6570\u3002", "events": [], "arguments": {"time": [], "loc": [], "country": [], "weapon": [{"text": "\u96f7\u8fbe\u5236\u5bfc\u4e2d\u8ddd\u7a7a\u7a7a\u5bfc\u5f39", "offset": 47, "length": 10}]}}, {"sentence": "\u5982\u679c\u4e0d\u80fd\u5728\u8d85\u89c6\u8ddd\u89e3\u51b3\u95ee\u9898\uff0c\u6050\u6015\u8fd8\u8981\u5728\u89c6\u8ddd\u5185\u5c55\u5f00\u201c\u7535\u8bdd\u4ead\u5185\u7684\u767d\u5203\u6218\u201d\uff0c\u5c3d\u7ba1\u98de\u884c\u5458\u53ef\u80fd\u5e76\u4e0d\u4e50\u4e8e\u8fd9\u6837\u505a\u3002", "events": [], "arguments": {"time": [], "loc": [], "country": [], "weapon": []}}]