[{"sentence": "\u4e09\u5929\u4e24\u6b21\u62b5\u8fd1\u4e2d\u56fd\u8fd1\u6d77\uff0c\u7f8e\u519bE-8C\u60f3\u5077\u770b\u5565\uff1f", "events": [{"trigger": {"text": "\u62b5\u8fd1", "offset": 4, "length": 2}, "subject": {"text": "\u7f8e\u519bE-8C", "offset": 11, "length": 6}, "object": {"text": "\u4e2d\u56fd\u8fd1\u6d77", "offset": 6, "length": 4}}], "arguments": {"time": [], "loc": [], "country": [{"text": "\u7f8e", "offset": 11, "length": 1}, {"text": "\u4e2d\u56fd", "offset": 6, "length": 2}], "weapon": [{"text": "E-8C", "offset": 13, "length": 4}]}}, {"sentence": "\u3010\u73af\u7403\u65f6\u62a5\u7efc\u5408\u62a5\u9053\u3011", "events": [], "arguments": {"time": [], "loc": [], "country": [], "weapon": []}}, {"sentence": "\u201c\u5357\u6d77\u6218\u7565\u6001\u52bf\u611f\u77e5\u8ba1\u5212\u201d\u5b98\u65b9\u5fae\u535a15\u65e5\u53d1\u5e03\u7684\u9898\u4e3a\u201c\u4e09\u5929\u5185\u7b2c\u4e8c\u6b21\uff0cE-8C\u6218\u573a\u76d1\u89c6\u4e0e\u6307\u6325\u673a\u518d\u98de\u5e7f\u4e1c\u201d\u7684\u6d88\u606f\u79f0\uff0c15\u65e5\u4e0a\u53488\u65f6\u8bb8\uff0cE-8C\u6218\u573a\u76d1\u89c6\u4e0e\u6307\u6325\u673a\u518d\u6b21\u7ecf\u7531\u5df4\u58eb\u6d77\u5ce1\uff0c\u98de\u5f80\u5e7f\u4e1c\u65b9\u5411\u3002", "events": [], "arguments": {"time": [{"text": "15\u65e5\u4e0a\u53488\u65f6\u8bb8", "offset": 54, "length": 8}], "loc": [{"text": "\u5e7f\u4e1c", "offset": 86, "length": 2}, {"text": "\u5df4\u58eb\u6d77\u5ce1", "offset": 79, "length": 4}, {"text": "\u5357\u6d77", "offset": 1, "length": 2}], "country": [], "weapon": [{"text": "E-8C\u6218\u573a\u76d1\u89c6\u4e0e\u6307\u6325\u673a", "offset": 63, "length": 12}]}}, {"sentence": "\u7f8e\u519b\u673a\u4e09\u5929\u4e24\u6b21\u6d3eE-8C\u524d\u5f80\u4e2d\u56fd\u5468\u8fb9\u62b5\u8fd1\u4fa6\u5bdf\u60f3\u8981\u4fa6\u5bdf\u4ec0\u4e48\u5462\uff1f", "events": [{"trigger": {"text": "\u6d3eE-8C\u524d\u5f80", "offset": 7, "length": 7}, "subject": {"text": "\u7f8e\u519b\u673a\u4e09\u5929\u4e24\u6b21", "offset": 0, "length": 7}, "object": {"text": "\u4e2d\u56fd\u5468\u8fb9\u62b5\u8fd1\u4fa6\u5bdf", "offset": 14, "length": 8}}], "arguments": {"time": [], "loc": [], "country": [{"text": "\u7f8e", "offset": 0, "length": 1}, {"text": "\u4e2d\u56fd", "offset": 14, "length": 2}], "weapon": [{"text": "E-8C", "offset": 8, "length": 4}]}}, {"sentence": "\u201c\u5357\u6d77\u6218\u7565\u6001\u52bf\u611f\u77e5\u8ba1\u5212\u201d\u5b98\u5fae\u79f0\uff0c\u7f8e\u519b\u7f55\u89c1\u63a5\u8fde\u6d3eE-8C\u524d\u6765\u4e2d\u56fd\u8fd1\u6d77\u62b5\u8fd1\u4fa6\u5bdf\uff0c\u8868\u660e\u7f8e\u519b\u6b63\u8fdb\u4e00\u6b65\u52a0\u5f3a\u5728\u5357\u6d77\u5468\u8fb9\u7684\u6218\u573a\u5efa\u8bbe\u529b\u5ea6\u3002", "events": [], "arguments": {"time": [], "loc": [], "country": [{"text": "\u4e2d\u56fd", "offset": 29, "length": 2}], "weapon": [{"text": "E-8C", "offset": 23, "length": 4}]}}, {"sentence": "\u8be5\u673a\u91cd\u70b9\u5728\u4e8e\u76d1\u89c6\u548c\u7814\u7a76\u5bf9\u624b\u7684\u5730\u9762\u96f7\u8fbe\u7cfb\u7edf\uff0c\u6b64\u756a\u524d\u6765\u610f\u5728\u641c\u96c6\u4e2d\u56fd\u5927\u9646\u5730\u9762\u96f7\u8fbe\u7cfb\u7edf\u6570\u636e\uff0c\u5e76\u53ef\u80fd\u8fdb\u884c\u7535\u78c1\u538b\u5236\u3002", "events": [], "arguments": {"time": [], "loc": [], "country": [{"text": "\u4e2d\u56fd", "offset": 29, "length": 2}], "weapon": [{"text": "\u5730\u9762\u96f7\u8fbe\u7cfb\u7edf", "offset": 33, "length": 6}]}}, {"sentence": "7\u670813\u65e5\u5f53\u5929\u4e5f\u6709\u4e00\u67b6E-8C\u201c\u8054\u5408\u661f\u201d\u7531\u53f0\u6e7e\u5357\u90e8\u8fdb\u5165\u5357\u6d77\uff0c\u968f\u540e\u81ea\u4e1c\u5411\u897f\u98de\u884c\uff0c\u4e00\u5ea6\u98de\u81f3\u8ddd\u79bb\u5e7f\u4e1c\u6d77\u5cb867.51\u6d77\u91cc\uff08\u7ea6125\u516c\u91cc\uff09\u7684\u4f4d\u7f6e\u3002", "events": [], "arguments": {"time": [], "loc": [{"text": "\u53f0\u6e7e\u5357\u90e8", "offset": 21, "length": 4}], "country": [{"text": "\u53f0\u6e7e", "offset": 21, "length": 2}], "weapon": [{"text": "E-8C\u201c\u8054\u5408\u661f\u201d", "offset": 11, "length": 9}]}}, {"sentence": "\u519b\u4e8b\u4e13\u5bb6\u674e\u677015\u65e5\u5bf9\u300a\u73af\u7403\u65f6\u62a5\u300b\u8bb0\u8005\u8868\u793a\uff0c\u7f8e\u519b\u6d3e\u51fa\u4e0d\u540c\u578b\u53f7\u519b\u673a\u662f\u6709\u4e00\u5b9a\u5206\u5de5\u7684\uff0c\u6709\u7684\u662f\u4fa7\u91cd\u4e8e\u56fe\u50cf\u641c\u96c6\uff0c\u6709\u7684\u662f\u9488\u5bf9\u4fe1\u606f\uff0c\u4e5f\u6709\u662f\u9488\u5bf9\u6c34\u4e0b\u3001\u6c34\u9762\u6216\u8005\u7a7a\u4e2d\u76ee\u6807\u3002", "events": [], "arguments": {"time": [], "loc": [], "country": [{"text": "\u7f8e", "offset": 21, "length": 1}], "weapon": [{"text": "\u519b\u673a", "offset": 29, "length": 2}]}}, {"sentence": "\u7f8e\u519b\u638c\u63e1\u5230\u7535\u5b50\u4fe1\u606f\u548c\u5404\u79cd\u6570\u636e\u540e\uff0c\u4f1a\u5bf9\u5b83\u4eec\u8fdb\u884c\u5206\u6790\uff0c\u5c06\u6765\u53ea\u8981\u4e2d\u56fd\u5927\u9646\u8230\u673a\u51fa\u52a8\uff0c\u7f8e\u519b\u65b9\u5c31\u80fd\u7b2c\u4e00\u65f6\u95f4\u5224\u65ad\u51fa\u662f\u4ec0\u4e48\u578b\u53f7\u7684\u8230\u673a\uff0c\u7136\u540e\u5c31\u53ef\u4ee5\u6709\u9488\u5bf9\u6027\u5730\u91c7\u53d6\u884c\u52a8\uff0c\u638c\u63e1\u884c\u52a8\u7684\u52a8\u5411\u3002", "events": [], "arguments": {"time": [], "loc": [], "country": [{"text": "\u4e2d\u56fd", "offset": 29, "length": 2}], "weapon": [{"text": "\u8230\u673a", "offset": 56, "length": 2}]}}, {"sentence": "\u8fd9\u662f\u975e\u5e38\u5371\u9669\u7684\u3002", "events": [], "arguments": {"time": [], "loc": [], "country": [], "weapon": []}}, {"sentence": "\u6709\u5206\u6790\u8ba4\u4e3a\uff0c\u773c\u4e0b\u6b63\u503c\u53f0\u519b\u8fdb\u884c\u201c\u6c49\u5149\u201d\u6f14\u4e60\uff0c\u7f8e\u519b\u6d3e\u9063\u4fa6\u5bdf\u673a\u5bf9\u5927\u9646\u6cbf\u6d77\u57ce\u5e02\u8fdb\u884c\u62b5\u8fd1\u4fa6\u5bdf\u7684\u76ee\u7684\u5728\u4e8e\uff0c\u8d81\u7740\u89e3\u653e\u519b\u4fa6\u5bdf\u53f0\u519b\u6f14\u4e60\u52a8\u6001\u65f6\uff0c\u641c\u96c6\u6211\u519b\u5305\u62ec\u96f7\u8fbe\u5728\u5185\u7684\u5404\u578b\u88c5\u5907\u4fe1\u606f\u3002", "events": [], "arguments": {"time": [], "loc": [], "country": [{"text": "\u7f8e", "offset": 21, "length": 1}], "weapon": [{"text": "\u4fa6\u5bdf\u673a", "offset": 25, "length": 3}]}}, {"sentence": "\u674e\u6770\u8868\u793a\uff0c\u8fd9\u786e\u5b9e\u53ef\u80fd\u662f\u7f8e\u519b\u7684\u4e00\u4e2a\u91cd\u8981\u8003\u91cf\u3002", "events": [], "arguments": {"time": [], "loc": [], "country": [{"text": "\u7f8e", "offset": 11, "length": 1}], "weapon": []}}, {"sentence": "\uff08\u5218\u714a\u5c0a\uff09", "events": [], "arguments": {"time": [], "loc": [], "country": [], "weapon": []}}, {"sentence": "\uff08\u5218\u714a\u5c0a\uff09", "events": [], "arguments": {"time": [], "loc": [], "country": [], "weapon": []}}]