[{"sentence": "\u7f8e\u519b\u51fa\u52a8\u53f2\u4e0a\u6700\u5927\u89c4\u6a21C-130\u673a\u961f\u00a0\u6218\u673a\u5728\u8dd1\u9053\u96c6\u7ed3\u5bc6\u5bc6\u9ebb\u9ebb\uff01", "events": [{"trigger": {"text": "\u51fa\u52a8", "offset": 2, "length": 2}, "subject": {"text": "\u7f8e\u519b", "offset": 0, "length": 2}, "object": {"text": "\u53f2\u4e0a\u6700\u5927\u89c4\u6a21C-130\u673a\u961f", "offset": 4, "length": 13}}], "arguments": {"time": [], "loc": [], "country": [{"text": "\u7f8e", "offset": 0, "length": 1}], "weapon": [{"text": "C-130\u673a\u961f", "offset": 10, "length": 7}]}}, {"sentence": "\u3010\u73af\u7403\u7f51\u62a5\u9053 \u89c1\u4e60\u8bb0\u8005 \u9a6c\u5ca9\u3011", "events": [], "arguments": {"time": [], "loc": [], "country": [], "weapon": []}}, {"sentence": "\u636ektxs.com\u7f51\u7ad97\u670815\u65e5\u62a5\u9053\uff0c\u7f8e\u56fd\u7a7a\u519b\u5386\u53f2\u4e0a\u6700\u5927\u7684C-130J\u8fd0\u8f93\u673a\u7f16\u961f7\u670814\u65e5\u98de\u8d8a\u4e86\u5fb7\u514b\u8428\u65af\u5dde\u963f\u6bd4\u6797\u5e02\u4e0a\u7a7a\u3002", "events": [], "arguments": {"time": [{"text": "7\u670815\u65e5", "offset": 11, "length": 5}], "loc": [{"text": "\u5fb7\u514b\u8428\u65af\u5dde\u963f\u6bd4\u6797\u5e02", "offset": 48, "length": 9}], "country": [{"text": "\u7f8e\u56fd", "offset": 19, "length": 2}], "weapon": [{"text": "C-130J\u8fd0\u8f93\u673a", "offset": 29, "length": 9}]}}, {"sentence": "\u5728\u8fd9\u652f\u7f16\u961f\u4e2d\uff0c24\u67b6C-130J\u6765\u81ea\u6234\u8036\u65af\u7a7a\u519b\u57fa\u5730\uff0c\u53e6\u591614\u67b6\u6765\u81ea\u5c0f\u77f3\u57ce\u7a7a\u519b\u57fa\u5730\u3002", "events": [], "arguments": {"time": [], "loc": [{"text": "\u6234\u8036\u65af\u7a7a\u519b\u57fa\u5730", "offset": 18, "length": 7}, {"text": "\u5c0f\u77f3\u57ce\u7a7a\u519b\u57fa\u5730", "offset": 33, "length": 7}], "country": [], "weapon": [{"text": "C-130J", "offset": 10, "length": 6}]}}, {"sentence": "\u8fd9\u4e9b\u98de\u673a\u5728\u6234\u8036\u65af\u7a7a\u519b\u57fa\u5730\u548c\u5927\u672c\u5fb7\u5730\u533a\u8fdb\u884c\u4e86\u6a21\u62df\u7a7a\u6295\u3002", "events": [{"trigger": {"text": "\u8fdb\u884c\u4e86", "offset": 18, "length": 3}, "subject": {"text": "\u98de\u673a\u5728\u6234\u8036\u65af\u7a7a\u519b\u57fa\u5730\u548c\u5927\u672c\u5fb7\u5730\u533a", "offset": 2, "length": 16}, "object": {"text": "\u6a21\u62df\u7a7a\u6295", "offset": 21, "length": 4}}], "arguments": {"time": [], "loc": [], "country": [], "weapon": []}}, {"sentence": "\u6234\u8036\u65af\u7a7a\u519b\u57fa\u5730\u5728\u65b0\u95fb\u53d1\u5e03\u4e2d\u8bf4\uff0c\u8fd9\u573a\u8bad\u7ec3\u662f\u4e3a\u6267\u884c\u56fd\u9632\u6218\u7565\u505a\u597d\u5168\u65b9\u4f4d\u51c6\u5907\uff0c\u5176\u6b21\uff0c\u8fd9\u573a\u8bad\u7ec3\u8fd8\u663e\u793a\u51fa\u5c3d\u7ba1\u53d7\u5230\u65b0\u51a0\u75ab\u60c5\u5f71\u54cd\uff0c\u4f46\u7f8e\u56fd\u7a7a\u519b\u4ecd\u7136\u4e3a\u4e00\u5207\u53ef\u80fd\u505a\u597d\u4e86\u51c6\u5907\u3002", "events": [], "arguments": {"time": [], "loc": [], "country": [{"text": "\u7f8e\u56fd", "offset": 58, "length": 2}], "weapon": []}}, {"sentence": "\uff08\u5b8c\uff09", "events": [], "arguments": {"time": [], "loc": [], "country": [], "weapon": []}}, {"sentence": "\uff08\u5b8c\uff09", "events": [], "arguments": {"time": [], "loc": [], "country": [], "weapon": []}}]