[{"sentence": "\u7f8e\u56fd\u5728\u5357\u6d77\u6405\u5c40\u6311\u62e8\u540e\uff0c\u53c8\u6d3e\u519b\u8230\u5230\u5357\u6c99\u7fa4\u5c9b\u822a\u884c\u5236\u9020\u7d27\u5f20", "events": [{"trigger": {"text": "\u6d3e\u519b\u8230\u5230", "offset": 12, "length": 4}, "subject": {"text": "\u7f8e\u56fd", "offset": 0, "length": 2}, "object": {"text": "\u5357\u6c99\u7fa4\u5c9b\u822a\u884c", "offset": 16, "length": 6}}], "arguments": {"time": [], "loc": [{"text": "\u5357\u6d77", "offset": 3, "length": 2}, {"text": "\u5357\u6c99\u7fa4\u5c9b", "offset": 16, "length": 4}], "country": [{"text": "\u7f8e\u56fd", "offset": 0, "length": 2}], "weapon": [{"text": "\u519b\u8230", "offset": 13, "length": 2}]}}, {"sentence": "\u3010\u73af\u7403\u7f51\u62a5\u9053\u8bb0\u8005 \u5f90\u7490\u660e\u3011", "events": [], "arguments": {"time": [], "loc": [], "country": [], "weapon": []}}, {"sentence": "\u5728\u7f8e\u56fd\u56fd\u52a1\u966213\u65e5\u53d1\u8868\u6d89\u5357\u6d77\u58f0\u660e\u540e\uff0c\u7f8e\u519b\u9a71\u9010\u823014\u65e5\u5728\u5357\u6c99\u7fa4\u5c9b\u5f00\u5c55\u4e86\u6240\u8c13\u7684\u201c\u65e0\u5bb3\u901a\u884c\u201d\u822a\u884c\u6d3b\u52a8\u3002", "events": [], "arguments": {"time": [], "loc": [], "country": [{"text": "\u7f8e\u56fd", "offset": 1, "length": 2}], "weapon": [{"text": "\u9a71\u9010\u8230", "offset": 20, "length": 3}]}}, {"sentence": "\u7f8e\u56fd\u592a\u5e73\u6d0b\u8230\u961f7\u670814\u65e5\u5728\u5176\u5b98\u7f51\u4e0a\u53d1\u5e03\u6d88\u606f\u79f0\uff0c\u7f8e\u56fd\u6d77\u519b\u963f\u5229\u4f2f\u514b\u7ea7\u9a71\u9010\u8230\u201c\u62c9\u5c14\u592b\u00b7\u7ea6\u7ff0\u900a\u201d\u53f7\u5f53\u5929\u5728\u5357\u6c99\u7fa4\u5c9b\u5f00\u5c55\u822a\u884c\u6d3b\u52a8\u3002", "events": [], "arguments": {"time": [{"text": "7\u670814\u65e5", "offset": 7, "length": 5}], "loc": [], "country": [{"text": "\u7f8e\u56fd", "offset": 0, "length": 2}, {"text": "\u7f8e\u56fd", "offset": 23, "length": 2}], "weapon": [{"text": "\u963f\u5229\u4f2f\u514b\u7ea7\u9a71\u9010\u8230\u201c\u62c9\u5c14\u592b\u00b7\u7ea6\u7ff0\u900a\u201d\u53f7", "offset": 27, "length": 18}]}}, {"sentence": "\u7f8e\u56fd\u592a\u5e73\u6d0b\u8230\u961f\u8fd8\u5728\u901a\u544a\u4e2d\u58f0\u79f0\uff0c\u901a\u8fc7\u6b64\u6b21\u201c\u65e0\u5bb3\u901a\u884c\u201d\u884c\u52a8\uff0c\u7ef4\u62a4\u4e86\u5408\u6cd5\u4f7f\u7528\u6d77\u6d0b\u7684\u6743\u5229\u548c\u81ea\u7531\u3002", "events": [], "arguments": {"time": [], "loc": [], "country": [{"text": "\u7f8e\u56fd", "offset": 0, "length": 2}], "weapon": []}}, {"sentence": "\u503c\u5f97\u6ce8\u610f\u7684\u662f\uff0c\u7f8e\u56fd\u519b\u8230\u5f00\u5c55\u6b64\u6b21\u884c\u52a8\u7684\u524d\u4e00\u5929\uff0c\u7f8e\u56fd\u56fd\u52a1\u537f\u84ec\u4f69\u5965\u53d1\u8868\u58f0\u660e\uff0c\u5ba3\u79f0\u4e2d\u56fd\u5728\u5357\u6d77\u8bb8\u591a\u4e3b\u5f20\u201c\u975e\u6cd5\u201d\u3002", "events": [], "arguments": {"time": [], "loc": [], "country": [{"text": "\u7f8e\u56fd", "offset": 7, "length": 2}, {"text": "\u7f8e\u56fd", "offset": 22, "length": 2}, {"text": "\u4e2d\u56fd", "offset": 37, "length": 2}], "weapon": []}}, {"sentence": "\u84ec\u4f69\u5965\u9009\u62e9\u5728\u6240\u8c13\u201c\u5357\u6d77\u4ef2\u88c1\u6848\u201d4\u5468\u5e74\u4e4b\u9645\u53d1\u8868\u8fd9\u4e00\u58f0\u660e\uff0c\u4f01\u56fe\u5728\u4e2d\u56fd\u5468\u8fb9\u5236\u9020\u65b0\u7684\u7d27\u5f20\uff0c\u8fd9\u662f\u7f8e\u56fd\u8fd1\u6765\u9488\u5bf9\u4e2d\u56fd\u7684\u4e00\u7cfb\u5217\u62b9\u9ed1\u548c\u6253\u538b\u884c\u52a8\u7684\u6700\u65b0\u4e3e\u52a8\u3002", "events": [], "arguments": {"time": [], "loc": [], "country": [{"text": "\u4e2d\u56fd", "offset": 30, "length": 2}, {"text": "\u7f8e\u56fd", "offset": 43, "length": 2}, {"text": "\u4e2d\u56fd", "offset": 49, "length": 2}], "weapon": []}}, {"sentence": "7\u670814\u65e5\uff0c\u4e2d\u56fd\u5916\u4ea4\u90e8\u53d1\u8a00\u4eba\u8d75\u7acb\u575a\u5728\u8bb0\u8005\u4f1a\u4e0a\u8868\u793a\uff0c\u7f8e\u65b9\u501f\u7092\u4f5c\uff08\u5357\u6d77\uff09\u4ef2\u88c1\u6848\u6765\u670d\u52a1\u81ea\u8eab\u653f\u6cbb\u76ee\u7684\uff0c\u662f\u5bf9\u56fd\u9645\u6d77\u6d0b\u6cd5\u7684\u6ee5\u7528\uff0c\u4e2d\u65b9\u7edd\u4e0d\u63a5\u53d7\u3002", "events": [], "arguments": {"time": [], "loc": [], "country": [{"text": "\u4e2d\u56fd", "offset": 6, "length": 2}, {"text": "\u7f8e\u65b9", "offset": 25, "length": 2}, {"text": "\u4e2d\u65b9", "offset": 58, "length": 2}], "weapon": []}}, {"sentence": "\u8d75\u7acb\u575a1\u8868\u793a\uff0c\u7f8e\u56fd\u62d2\u7edd\u52a0\u5165\u300a\u8054\u5408\u56fd\u6d77\u6d0b\u6cd5\u516c\u7ea6\u300b\uff0c\u5728\u56fd\u9645\u4e0a\u9891\u9891\u201c\u9000\u7fa4\u6bc1\u7ea6\u201d\uff0c\u5bf9\u56fd\u9645\u6cd5\u5408\u5219\u7528\u4e0d\u5408\u5219\u5f03\uff0c\u9891\u7e41\u6d3e\u9063\u5927\u89c4\u6a21\u5148\u8fdb\u519b\u8230\u519b\u673a\u5728\u5357\u6d77\u5927\u641e\u519b\u4e8b\u5316\uff0c\u63a8\u884c\u5f3a\u6743\u903b\u8f91\u548c\u9738\u9053\u505a\u6cd5\uff0c\u624d\u662f\u672c\u5730\u533a\u548c\u5e73\u7a33\u5b9a\u7684\u7834\u574f\u8005\u548c\u9ebb\u70e6\u5236\u9020\u8005\uff0c\u56fd\u9645\u793e\u4f1a\u770b\u5f97\u5341\u5206\u6e05\u695a\u3002", "events": [], "arguments": {"time": [], "loc": [], "country": [{"text": "\u7f8e\u56fd", "offset": 7, "length": 2}], "weapon": [{"text": "\u519b\u8230\u519b\u673a", "offset": 58, "length": 4}]}}, {"sentence": "\u4e2d\u56fd\u793e\u79d1\u9662\u4e1c\u5357\u4e9a\u7814\u7a76\u4e2d\u5fc3\u4e3b\u4efb\u8bb8\u5229\u5e7314\u65e5\u63a5\u53d7\u300a\u73af\u7403\u65f6\u62a5\u300b\u8bb0\u8005\u91c7\u8bbf\u65f6\u8868\u793a\uff0c\u4eca\u5e74\u8d8a\u5357\u662f\u4e1c\u76df\u8f6e\u503c\u4e3b\u5e2d\u56fd\uff0c\u4e2d\u56fd\u548c\u4e1c\u76df\u6b63\u5728\u52a0\u5feb\u201c\u5357\u6d77\u884c\u4e3a\u51c6\u5219\u201d\u7684\u78cb\u5546\u3002", "events": [], "arguments": {"time": [], "loc": [], "country": [{"text": "\u8d8a\u5357", "offset": 38, "length": 2}, {"text": "\u4e2d\u56fd", "offset": 0, "length": 2}, {"text": "\u4e2d\u56fd", "offset": 49, "length": 2}], "weapon": []}}, {"sentence": "\u7f8e\u56fd\u6b64\u65f6\u63d2\u624b\u5357\u6d77\u95ee\u9898\uff0c\u6545\u610f\u5728\u5357\u6d77\u95ee\u9898\u4e0a\u9009\u8fb9\u7ad9\uff0c\u662f\u4f01\u56fe\u8ba9\u5357\u6d77\u4e00\u4e9b\u56fd\u5bb6\u4e0e\u4e2d\u56fd\u5207\u5272\u3001\u8131\u94a9\u548c\u5bf9\u6297\u3002", "events": [], "arguments": {"time": [], "loc": [], "country": [{"text": "\u7f8e\u56fd", "offset": 0, "length": 2}, {"text": "\u4e2d\u56fd", "offset": 34, "length": 2}], "weapon": []}}, {"sentence": "\u6b64\u5916\uff0c\u75ab\u60c5\u5bf9\u7f8e\u56fd\u7ecf\u6d4e\u6253\u51fb\u6bd4\u8f83\u5927\uff0c\u5b83\u501f\u6b64\u6e32\u67d3\u4e2d\u56fd\u7684\u5b89\u5168\u5a01\u80c1\uff0c\u4e3a\u81ea\u5df1\u53ef\u80fd\u5356\u519b\u706b\u63d0\u4f9b\u4fbf\u5229\u3002", "events": [], "arguments": {"time": [], "loc": [], "country": [{"text": "\u7f8e\u56fd", "offset": 6, "length": 2}, {"text": "\u4e2d\u56fd", "offset": 21, "length": 2}], "weapon": []}}]