[{"sentence": "\u4fc4\u9ad8\u5b98\u900f\u9732\u5df2\u6709\u56fd\u5bb6\u60f3\u8981\u8d2d\u4e70S500\u9632\u7a7a\u7cfb\u7edf\u00a0\u4fc4\u5a92\u70b9\u540d\u4e2d\u56fd", "events": [], "arguments": {"time": [], "loc": [], "country": [{"text": "\u4e2d\u56fd", "offset": 26, "length": 2}], "weapon": [{"text": "S500\u9632\u7a7a\u7cfb\u7edf", "offset": 13, "length": 8}]}}, {"sentence": "\u3010\u73af\u7403\u7f51\u519b\u4e8b\u62a5\u9053\u3011", "events": [], "arguments": {"time": [], "loc": [], "country": [], "weapon": []}}, {"sentence": "\u4fc4\u7f57\u65af\u6280\u672f\u96c6\u56e2\u603b\u88c1\u8fd1\u65e5\u900f\u9732\uff0c\u5df2\u7ecf\u6709\u56fd\u5bb6\u6709\u610f\u91c7\u8d2d\u4fc4\u5236S-500\u9632\u7a7a\u7cfb\u7edf\uff0c\u4ed6\u6ca1\u6709\u900f\u9732\u5177\u4f53\u7684\u56fd\u5bb6\u540d\u79f0\uff0c\u4f46\u8868\u793a\u8fd9\u5176\u4e2d\u6709\u5df2\u7ecf\u91c7\u8d2dS-400\u9632\u7a7a\u7cfb\u7edf\u7684\u56fd\u5bb6\u3002", "events": [], "arguments": {"time": [], "loc": [], "country": [{"text": "\u4fc4\u7f57\u65af", "offset": 0, "length": 3}], "weapon": [{"text": "S-500\u9632\u7a7a\u7cfb\u7edf", "offset": 25, "length": 9}, {"text": "S-400\u9632\u7a7a\u7cfb\u7edf", "offset": 59, "length": 9}]}}, {"sentence": "\u4fc4\u5a92\u5219\u8868\u793a\uff0c\u76ee\u524d\u5df2\u7ecf\u5217\u88c5S-400\u7cfb\u7edf\u7684\u56fd\u5bb6\u6709\u4e2d\u56fd\u548c\u571f\u8033\u5176\u3002", "events": [], "arguments": {"time": [], "loc": [], "country": [{"text": "\u4fc4", "offset": 0, "length": 1}, {"text": "\u4e2d\u56fd", "offset": 23, "length": 2}, {"text": "\u571f\u8033\u5176", "offset": 26, "length": 3}], "weapon": [{"text": "S-400\u7cfb\u7edf", "offset": 12, "length": 7}]}}, {"sentence": "\u4fc4\u7f57\u65af\u536b\u661f\u901a\u8baf\u793e12\u67087\u65e5\u62a5\u9053\uff0c\u4fc4\u7f57\u65af\u6280\u672f\u96c6\u56e2\u603b\u88c1\u8c22\u5c14\u76d6\u00b7\u5207\u6885\u4f50\u592b\u5f53\u5929\u5411\u8bb0\u8005\u8868\u793a\uff0c\u8be5\u56fd\u6700\u65b0\u7684\u9632\u7a7a\u5bfc\u5f39\u9632\u5fa1\u7cfb\u7edfS-500\u5728\u5217\u88c5\u4fc4\u519b\u5b8c\u6bd5\u524d\u4e0d\u4f1a\u7528\u4e8e\u51fa\u53e3\u3002", "events": [], "arguments": {"time": [], "loc": [], "country": [{"text": "\u4fc4\u7f57\u65af", "offset": 0, "length": 3}, {"text": "\u4fc4\u7f57\u65af", "offset": 16, "length": 3}], "weapon": [{"text": "\u9632\u7a7a\u5bfc\u5f39\u9632\u5fa1\u7cfb\u7edfS-500", "offset": 46, "length": 13}]}}, {"sentence": "\u9488\u5bf9S-500\u201c\u666e\u7f57\u7c73\u4fee\u65af\u201d\u9632\u7a7a\u5bfc\u5f39\u9632\u5fa1\u7cfb\u7edf\u4f55\u65f6\u51fa\u53e3\u7684\u95ee\u9898\uff0c\u5207\u6885\u4f50\u592b\u56de\u5e94\u79f0\uff1a\u201c\u9700\u5148\u4f9b\u7ed9\u81ea\u5df1\u7684\u90e8\u961f\uff0c\u7136\u540e\u518d\u51fa\u53e3\u3002", "events": [], "arguments": {"time": [], "loc": [], "country": [], "weapon": [{"text": "S-500\u201c\u666e\u7f57\u7c73\u4fee\u65af\u201d\u9632\u7a7a\u5bfc\u5f39\u9632\u5fa1\u7cfb\u7edf", "offset": 2, "length": 20}]}}, {"sentence": "\u76ee\u524d\u8c08\u51fa\u53e3\u8fd8\u4e3a\u65f6\u8fc7\u65e9\u3002", "events": [], "arguments": {"time": [], "loc": [], "country": [], "weapon": []}}, {"sentence": "\u201d", "events": [], "arguments": {"time": [], "loc": [], "country": [], "weapon": []}}, {"sentence": "\u4fc4\u7f57\u65af\u65b0\u578b\u9632\u7a7a\u5bfc\u5f39\u7cfb\u7edf\u8fdb\u884c\u6d4b\u8bd5", "events": [], "arguments": {"time": [], "loc": [], "country": [{"text": "\u4fc4\u7f57\u65af", "offset": 0, "length": 3}], "weapon": [{"text": "\u9632\u7a7a\u5bfc\u5f39\u7cfb\u7edf", "offset": 5, "length": 6}]}}, {"sentence": "\u5207\u6885\u4f50\u592b\u5411\u8bb0\u8005\u8868\u793a\uff0c\u8be5\u96c6\u56e2\u65d7\u4e0b\u7684\u56fd\u9632\u4ea7\u54c1\u51fa\u53e3\u516c\u53f8\u8ba1\u5212\u57282020\u5e74\u5411\u5883\u5916\u51fa\u53e3\u4ef7\u503c\u603b\u989d128\u4ebf\u7f8e\u5143\u7684\u6b66\u5668\u3002", "events": [], "arguments": {"time": [], "loc": [], "country": [], "weapon": []}}, {"sentence": "\u4ed6\u8868\u793a\uff0c\u6709\u4e9b\u56fd\u5bb6\u6709\u610f\u91c7\u8d2d\u4fc4\u7f57\u65afS-500\u201c\u666e\u7f57\u7c73\u4fee\u65af\u201d\u6700\u65b0\u578b\u9632\u7a7a\u5bfc\u5f39\u7cfb\u7edf\u3002", "events": [], "arguments": {"time": [], "loc": [], "country": [{"text": "\u4fc4\u7f57\u65af", "offset": 12, "length": 3}], "weapon": [{"text": "S-500\u201c\u666e\u7f57\u7c73\u4fee\u65af\u201d", "offset": 15, "length": 12}, {"text": "\u9632\u7a7a\u5bfc\u5f39\u7cfb\u7edf", "offset": 30, "length": 6}]}}, {"sentence": "\u4ed6\u8bf4\uff1a\u201c\u5916\u56fd\u4e70\u5bb6\u6709\uff08\u8d2d\u4e70\uff09\u610f\u613f\uff0c\u5177\u4f53\u662f\u54ea\u4e9b\u56fd\u5bb6\u8fd8\u4e0d\u80fd\u900f\u9732\uff0c\u4f46\u8fd9\u5176\u4e2d\u5305\u62ec\u90a3\u4e9b\u5df2\u7ecf\u4ece\u6211\u56fd\u91c7\u8d2dS-400\u7684\u56fd\u5bb6\u3002", "events": [], "arguments": {"time": [], "loc": [], "country": [], "weapon": [{"text": "S-400", "offset": 44, "length": 5}]}}, {"sentence": "\u201d", "events": [], "arguments": {"time": [], "loc": [], "country": [], "weapon": []}}, {"sentence": "\u62a5\u9053\u79f0\uff0c\u622a\u81f3\u76ee\u524d\u4e3a\u6b62\uff0c\u4e2d\u56fd\u548c\u571f\u8033\u5176\u5df2\u7ecf\u5217\u88c5S-400\u7cfb\u7edf\uff0c\u6b64\u5916\uff0c\u5370\u5ea6\u4e5f\u7b7e\u7f72\u4e86\u8be5\u7cfb\u7edf\u7684\u91c7\u8d2d\u5408\u540c\u3002", "events": [], "arguments": {"time": [], "loc": [], "country": [{"text": "\u4e2d\u56fd", "offset": 11, "length": 2}, {"text": "\u571f\u8033\u5176", "offset": 14, "length": 3}, {"text": "\u5370\u5ea6", "offset": 32, "length": 2}], "weapon": [{"text": "S-400\u7cfb\u7edf", "offset": 21, "length": 7}]}}, {"sentence": "\u4fc4\u7f57\u65af\u56fd\u9632\u90e8\u526f\u90e8\u957f\u963f\u5217\u514b\u8c22\u00b7\u514b\u91cc\u6c83\u9c81\u5947\u79d1\u6b64\u524d\u8868\u793a\uff0c\u4fc4\u519b\u8ba1\u5212\u57282021\u5e74\u63a5\u6536\u9996\u6279S-500\u8fdc\u7a0b\u62e6\u622a\u9632\u7a7a\u5bfc\u5f39\u7cfb\u7edf\uff0c\u6279\u91cf\u4f9b\u5e94\u5c06\u4ece2025\u5e74\u5f00\u59cb\u3002", "events": [], "arguments": {"time": [], "loc": [], "country": [], "weapon": [{"text": "S-500\u8fdc\u7a0b\u62e6\u622a\u9632\u7a7a\u5bfc\u5f39\u7cfb\u7edf", "offset": 39, "length": 15}]}}, {"sentence": "\u5207\u6885\u4f50\u592b\u8868\u793a\uff0c\u8be5\u96c6\u56e2\u6240\u5c5e\u4fc4\u7f57\u65af\u56fd\u9632\u51fa\u53e3\u516c\u53f8\u6b63\u4e0e\u571f\u8033\u5176\u4f19\u4f34\u8ba8\u8bbaS-400\u9632\u7a7a\u7cfb\u7edf\u90e8\u5206\u90e8\u4ef6\u751f\u4ea7\u672c\u571f\u5316\u7684\u53ef\u80fd\u6027\u3002", "events": [], "arguments": {"time": [], "loc": [], "country": [{"text": "\u4fc4\u7f57\u65af", "offset": 12, "length": 3}, {"text": "\u571f\u8033\u5176", "offset": 23, "length": 3}], "weapon": [{"text": "S-400\u9632\u7a7a\u7cfb\u7edf", "offset": 30, "length": 9}]}}, {"sentence": "\u5207\u6885\u4f50\u592b\u8c08\u5230\u5411\u5b89\u5361\u62c9\u4f9b\u5e94\u7b2c\u4e8c\u6279S-400\u7cfb\u7edf\u65f6\u79f0\uff1a\u201c\u76ee\u524d\u7403\u5728\u571f\u8033\u5176\u4e00\u65b9\uff0c\u6211\u4eec\u6b63\u7b49\u5f85\u6211\u4eec\u4f19\u4f34\u7684\u51b3\u5b9a\u3002", "events": [], "arguments": {"time": [], "loc": [], "country": [{"text": "\u5b89\u5361\u62c9", "offset": 7, "length": 3}, {"text": "\u571f\u8033\u5176", "offset": 30, "length": 3}], "weapon": [{"text": "S-400\u7cfb\u7edf", "offset": 15, "length": 7}]}}, {"sentence": "\u4fc4\u7f57\u65af\u56fd\u9632\u51fa\u53e3\u516c\u53f8\u4e0e\u571f\u65b9\u4e00\u76f4\u4fdd\u6301\u8054\u7cfb\uff0c\u5e76\u5728\u8ba8\u8bba\u8fdb\u4e00\u6b65\u7684\u5408\u4f5c\u3002", "events": [], "arguments": {"time": [], "loc": [], "country": [{"text": "\u4fc4\u7f57\u65af", "offset": 0, "length": 3}, {"text": "\u571f\u65b9", "offset": 10, "length": 2}], "weapon": []}}, {"sentence": "\u6211\u4eec\u6b63\u5728\u8ba8\u8bba\u7531\u4ed6\u4eec\u751f\u4ea7\u90e8\u4ef6\u7684\u53ef\u80fd\u6027\u3002", "events": [], "arguments": {"time": [], "loc": [], "country": [], "weapon": []}}, {"sentence": "S-400\u2018\u51ef\u65cb\u2019\u7cfb\u7edf\u6bd4\u8f83\u662f\u590d\u6742\u7684\u8bbe\u5907\u3002", "events": [], "arguments": {"time": [], "loc": [], "country": [], "weapon": [{"text": "S-400\u2018\u51ef\u65cb\u2019\u7cfb\u7edf", "offset": 0, "length": 11}]}}, {"sentence": "\u4ece\u96f6\u5f00\u59cb\u751f\u4ea7\u662f\u4e0d\u73b0\u5b9e\u7684\u3002", "events": [], "arguments": {"time": [], "loc": [], "country": [], "weapon": []}}, {"sentence": "\u201d", "events": [], "arguments": {"time": [], "loc": [], "country": [], "weapon": []}}, {"sentence": "\u4ed6\u8fd8\u8868\u793a\uff0c\u76ee\u524d\u4fc4\u7f57\u65af\u4e0e\u571f\u8033\u5176\u8fdb\u884c\u7684\u8c08\u5224\u4e0d\u4ec5\u6d89\u53ca\u5230S-400\u201c\u51ef\u65cb\u201d\u7cfb\u7edf\u7684\u51fa\u53e3\uff0c\u8fd8\u6d89\u53ca\u5230\u5176\u4ed6\u6b66\u5668\u7cfb\u7edf\u3002", "events": [], "arguments": {"time": [], "loc": [], "country": [{"text": "\u4fc4\u7f57\u65af", "offset": 7, "length": 3}, {"text": "\u571f\u8033\u5176", "offset": 11, "length": 3}], "weapon": [{"text": "S-400\u201c\u51ef\u65cb\u201d\u7cfb\u7edf", "offset": 24, "length": 11}]}}, {"sentence": "\u4fc4\u7f57\u65af\u4e8e2019\u5e74\u5b8c\u6210\u4e86\u5411\u571f\u8033\u5176\u51fa\u53e3\u56db\u4e2a\u56e2S-400\u7cfb\u7edf\uff0c\u603b\u4ef725\u4ebf\u7f8e\u5143\u7684\u7b2c\u4e00\u4efd\u5408\u540c\u3002", "events": [], "arguments": {"time": [], "loc": [], "country": [{"text": "\u4fc4\u7f57\u65af", "offset": 0, "length": 3}, {"text": "\u571f\u8033\u5176", "offset": 13, "length": 3}], "weapon": [{"text": "S-400\u7cfb\u7edf", "offset": 21, "length": 7}]}}, {"sentence": "\u8be5\u5408\u540c\u8fd8\u5305\u62ec\u53e6\u4e00\u4e2a\u56e2\u88c5\u5907\u9009\u62e9\u6743\u3002", "events": [], "arguments": {"time": [], "loc": [], "country": [], "weapon": []}}, {"sentence": "S-500\u201c\u666e\u7f57\u7c73\u4fee\u65af\u201d\u9632\u7a7a\u5bfc\u5f39\u7cfb\u7edf\u5c5e\u4e8e\u65b0\u4e00\u4ee3\u5730\u7a7a\u5bfc\u5f39\u7cfb\u7edf\uff0c\u4e0d\u4ec5\u80fd\u591f\u6467\u6bc1\u5f39\u9053\u76ee\u6807\uff0c\u800c\u4e14\u80fd\u591f\u6467\u6bc1\u98de\u673a\u3001\u76f4\u5347\u673a\u7b49\u7a7a\u6c14\u52a8\u529b\u76ee\u6807\u4ee5\u53ca\u5de1\u822a\u5bfc\u5f39\u3002", "events": [], "arguments": {"time": [], "loc": [], "country": [], "weapon": [{"text": "S-500\u201c\u666e\u7f57\u7c73\u4fee\u65af\u201d\u9632\u7a7a\u5bfc\u5f39\u7cfb\u7edf", "offset": 0, "length": 18}, {"text": "\u98de\u673a", "offset": 47, "length": 2}, {"text": "\u76f4\u5347\u673a", "offset": 50, "length": 3}]}}, {"sentence": "\u516c\u5f00\u6765\u6e90\u6570\u636e\u663e\u793a\uff0c\u8be5\u7cfb\u7edf\u6740\u4f24\u534a\u5f84\u7ea6\u4e3a600\u516c\u91cc\u3002", "events": [], "arguments": {"time": [], "loc": [], "country": [], "weapon": []}}, {"sentence": "\u8be5\u7cfb\u7edf\u6027\u80fd\u53c2\u6570\u5c06\u5927\u5e45\u8d85\u8d8a\u73b0\u5f79\u7684S-400\u548c\u7f8e\u56fd\u7684\u201c\u7231\u56fd\u8005-3\u201d\u9632\u7a7a\u5bfc\u5f39\u7cfb\u7edf\u3002", "events": [], "arguments": {"time": [], "loc": [], "country": [{"text": "\u7f8e\u56fd", "offset": 21, "length": 2}], "weapon": [{"text": "S-400", "offset": 15, "length": 5}, {"text": "\u201c\u7231\u56fd\u8005-3\u201d\u9632\u7a7a\u5bfc\u5f39\u7cfb\u7edf", "offset": 24, "length": 13}]}}]