[{"sentence": "\u83f2\u5f8b\u5bbe\u9996\u8258\u5bfc\u5f39\u62a4\u536b\u8230\u670d\u5f79\uff0c\u8ba1\u5212\u51fa\u6218\u73af\u592a\u519b\u6f14\uff0c\u5374\u4e0d\u5e78\u67d3\u4e0a\u65b0\u51a0", "events": [], "arguments": {"time": [], "loc": [], "country": [{"text": "\u83f2\u5f8b\u5bbe", "offset": 0, "length": 3}], "weapon": [{"text": "\u5bfc\u5f39\u62a4\u536b\u8230", "offset": 5, "length": 5}]}}, {"sentence": "\u3010\u73af\u7403\u7f51\u62a5\u9053 \u8bb0\u8005 \u5f90\u7490\u660e\u3011", "events": [], "arguments": {"time": [], "loc": [], "country": [], "weapon": []}}, {"sentence": "\u636e\u201c\u6d77\u519b\u65b0\u95fb\u201d\u7f51\u7ad97\u670814\u65e5\u62a5\u9053\uff0c\u4ee5\u83f2\u5f8b\u5bbe\u6c11\u65cf\u82f1\u96c4\u4f55\u585e\u00b7\u9ece\u5239\u547d\u540d\u7684\u83f2\u9996\u8258\u5bfc\u5f39\u62a4\u536b\u823010\u65e5\u5728\u82cf\u6bd4\u514b\u6e2f\u6b63\u5f0f\u670d\u5f79\uff0c\u5165\u5217\u83f2\u5f8b\u5bbe\u6d77\u519b\u3002", "events": [{"trigger": {"text": "\u670d\u5f79\uff0c\u5165\u5217", "offset": 51, "length": 5}, "subject": {"text": "\u83f2\u9996\u8258\u5bfc\u5f39\u62a4\u536b\u823010\u65e5\u5728\u82cf\u6bd4\u514b\u6e2f", "offset": 33, "length": 16}, "object": {"text": "\u83f2\u5f8b\u5bbe\u6d77\u519b", "offset": 56, "length": 5}}], "arguments": {"time": [{"text": "7\u670814\u65e5", "offset": 9, "length": 5}], "loc": [{"text": "\u82cf\u6bd4\u514b\u6e2f", "offset": 45, "length": 4}], "country": [{"text": "\u83f2\u5f8b\u5bbe", "offset": 18, "length": 3}, {"text": "\u83f2\u5f8b\u5bbe", "offset": 56, "length": 3}], "weapon": [{"text": "\u5bfc\u5f39\u62a4\u536b\u8230", "offset": 36, "length": 5}]}}, {"sentence": "\u62a5\u9053\u79f0\uff0c\u83f2\u5f8b\u5bbe\u603b\u7edf\u675c\u7279\u5c14\u7279\u548c\u83f2\u5f8b\u5bbe\u6d77\u519b\u526f\u53f8\u4ee4\u5df4\u8003\u5c14\u591a\u901a\u8fc7\u89c6\u9891\u8fde\u7ebf\u7684\u65b9\u5f0f\u8fdc\u7a0b\u51fa\u5e2d\u4e86\u6b64\u6b21\u6d3b\u52a8\u3002", "events": [], "arguments": {"time": [], "loc": [], "country": [{"text": "\u83f2\u5f8b\u5bbe", "offset": 4, "length": 3}, {"text": "\u83f2\u5f8b\u5bbe", "offset": 14, "length": 3}], "weapon": []}}, {"sentence": "\u670d\u5f79\u4eea\u5f0f\u672c\u5e94\u57286\u670819\u65e5\u4e3e\u884c\uff0c\u8fd9\u4e00\u5929\u4e5f\u662f\u83f2\u5f8b\u5bbe\u6c11\u65cf\u82f1\u96c4\u4f55\u585e\u00b7\u9ece\u5239\u7684\u751f\u65e5\u3002", "events": [], "arguments": {"time": [], "loc": [], "country": [{"text": "\u83f2\u5f8b\u5bbe", "offset": 20, "length": 3}], "weapon": []}}, {"sentence": "\u4f46\u8fd9\u8258\u62a4\u536b\u8230\u57286\u670815\u65e5\u62b5\u8fbe\u83f2\u5f8b\u5bbe\u6e2f\u53e3\u65f6\uff0c\u4e00\u540d\u8230\u5458\u88ab\u68c0\u6d4b\u51fa\u611f\u67d3\u65b0\u51a0\u80ba\u708e\uff0c\u4f7f\u5f97\u6240\u6709\u768465\u540d\u8230\u5458\u4e0d\u5f97\u4e0d\u63a5\u53d7\u4e3a\u671f\u4e24\u5468\u7684\u9694\u79bb\u3002", "events": [], "arguments": {"time": [], "loc": [{"text": "\u83f2\u5f8b\u5bbe\u6e2f\u53e3", "offset": 14, "length": 5}], "country": [{"text": "\u83f2\u5f8b\u5bbe", "offset": 14, "length": 3}], "weapon": [{"text": "\u62a4\u536b\u8230", "offset": 3, "length": 3}]}}, {"sentence": "\u83f2\u5f8b\u5bbe\u6d77\u519b\u5728\u672c\u5468\u65e9\u4e9b\u65f6\u5019\u5ba3\u5e03\uff0c\u201c\u4f55\u585e\u00b7\u9ece\u5239\u201d\u53f7\u62a4\u536b\u8230\u5c06\u4e0e\u7f8e\u56fd\u6d77\u519b\u4ee5\u53ca\u5176\u4ed610\u4e2a\u56fd\u5bb6\u7684\u6d77\u519b\u4e00\u8d77\u53c2\u52a0\u4eca\u5e74\u7684\u201c\u73af\u592a\u5e73\u6d0b\u201d\u8054\u5408\u519b\u4e8b\u6f14\u4e60\u3002", "events": [{"trigger": {"text": "\u4e00\u8d77\u53c2\u52a0", "offset": 44, "length": 4}, "subject": {"text": "\u201c\u4f55\u585e\u00b7\u9ece\u5239\u201d\u53f7\u62a4\u536b\u8230\u5c06\u4e0e\u7f8e\u56fd\u6d77\u519b\u4ee5\u53ca\u5176\u4ed610\u4e2a\u56fd\u5bb6\u7684\u6d77\u519b", "offset": 15, "length": 29}, "object": {"text": "\u4eca\u5e74\u7684\u201c\u73af\u592a\u5e73\u6d0b\u201d\u8054\u5408\u519b\u4e8b\u6f14\u4e60", "offset": 48, "length": 15}}], "arguments": {"time": [{"text": "\u672c\u5468\u65e9\u4e9b\u65f6\u5019", "offset": 6, "length": 6}], "loc": [], "country": [{"text": "\u7f8e\u56fd", "offset": 28, "length": 2}, {"text": "\u83f2\u5f8b\u5bbe", "offset": 0, "length": 3}], "weapon": [{"text": "\u201c\u4f55\u585e\u00b7\u9ece\u5239\u201d\u53f7\u62a4\u536b\u8230", "offset": 15, "length": 11}]}}, {"sentence": "\u636e\u6089\uff0c\u201c\u4f55\u585e\u00b7\u9ece\u5239\u201d\u53f7\u662f\u97e9\u56fd\u4ee5\u4ec1\u5ddd\u7ea7\u62a4\u536b\u8230\u6539\u8fdb\u800c\u6765\uff0c\u7531\u97e9\u56fd\u8fdb\u884c\u5efa\u9020\u3002", "events": [], "arguments": {"time": [], "loc": [], "country": [{"text": "\u97e9\u56fd", "offset": 12, "length": 2}, {"text": "\u97e9\u56fd", "offset": 27, "length": 2}], "weapon": [{"text": "\u201c\u4f55\u585e\u00b7\u9ece\u5239\u201d\u53f7", "offset": 3, "length": 8}, {"text": "\u4ec1\u5ddd\u7ea7\u62a4\u536b\u8230", "offset": 15, "length": 6}]}}, {"sentence": "\u83f2\u5f8b\u5bbe\u6d77\u519b\u4e8e2016\u5e7410\u6708\u4e0e\u97e9\u65b9\u7b7e\u7f72\u4e86\u4e24\u8258\u8f7b\u578b\u62a4\u536b\u8230\u7684\u5efa\u9020\u5408\u540c\uff0c\u5408\u540c\u4ef7\u503c\u7ea6\u4e3a3.11\u4ebf\u7f8e\u5143\u3002", "events": [{"trigger": {"text": "\u7b7e\u7f72\u4e86", "offset": 17, "length": 3}, "subject": {"text": "\u83f2\u5f8b\u5bbe\u6d77\u519b", "offset": 0, "length": 5}, "object": {"text": "\u4e24\u8258\u8f7b\u578b\u62a4\u536b\u8230\u7684\u5efa\u9020\u5408\u540c", "offset": 20, "length": 12}}], "arguments": {"time": [{"text": "2016\u5e7410\u6708", "offset": 6, "length": 8}], "loc": [], "country": [{"text": "\u97e9", "offset": 15, "length": 1}, {"text": "\u83f2\u5f8b\u5bbe", "offset": 0, "length": 3}, {"text": "\u97e9\u65b9", "offset": 15, "length": 2}], "weapon": [{"text": "\u8f7b\u578b\u62a4\u536b\u8230", "offset": 22, "length": 5}]}}, {"sentence": "\u8fd9\u4e2a\u4ef7\u683c\u4ec5\u662f\u8230\u8239\u672c\u8eab\u7684\u9020\u4ef7\uff0c\u6b66\u5668\u7cfb\u7edf\u4e0d\u5305\u62ec\u5728\u5185\u3002", "events": [], "arguments": {"time": [], "loc": [], "country": [], "weapon": [{"text": "\u8230\u8239", "offset": 6, "length": 2}]}}, {"sentence": "\u8be5\u578b\u62a4\u536b\u8230\u6807\u51c6\u6392\u6c34\u91cf\u7ea6\u4e3a2600\u5428\uff0c\u957f\u5ea6107\u7c73\uff0c\u914d\u5907\u7684\u6b66\u5668\u88c5\u5907\u5305\u62ec1\u95e876\u6beb\u7c73\u53e3\u5f84\u8230\u70ae\u30014\u5177\u53cd\u8230\u5bfc\u5f39\u53d1\u5c04\u5668\uff08\u53ef\u80fd\u914d\u5907\u97e9\u56fd\u5236\u9020\u7684SSM-700K\u53cd\u8230\u5bfc\u5f39\uff09\u3001\u4e24\u5957\u6cd5\u56fd\u201c\u897f\u5317\u98ce\u201d\u9632\u7a7a\u5bfc\u5f39\u7cfb\u7edf\u3001\u4e24\u5177324\u6beb\u7c73\u53e3\u5f84\u9c7c\u96f7\u53d1\u5c04\u5668\uff0c\u53e6\u5916\u8fd8\u67098\u5355\u5143\u7684\u5782\u76f4\u6b66\u5668\u53d1\u5c04\u7cfb\u7edf\uff08\u76ee\u524d\u5c1a\u672a\u88c5\u5907\u5bfc\u5f39\uff09\uff0c\u53ef\u642d\u8f7d\u4e00\u67b6\u591a\u7528\u9014\u76f4\u5347\u673a\u3002", "events": [], "arguments": {"time": [], "loc": [], "country": [{"text": "\u97e9\u56fd", "offset": 59, "length": 2}, {"text": "\u6cd5\u56fd", "offset": 80, "length": 2}], "weapon": [{"text": "76\u6beb\u7c73\u53e3\u5f84\u8230\u70ae", "offset": 36, "length": 8}, {"text": "\u53cd\u8230\u5bfc\u5f39\u53d1\u5c04\u5668", "offset": 47, "length": 7}, {"text": "SSM-700K\u53cd\u8230\u5bfc\u5f39", "offset": 64, "length": 12}, {"text": "\u201c\u897f\u5317\u98ce\u201d\u9632\u7a7a\u5bfc\u5f39\u7cfb\u7edf", "offset": 82, "length": 11}, {"text": "324\u6beb\u7c73\u53e3\u5f84\u9c7c\u96f7\u53d1\u5c04\u5668", "offset": 96, "length": 12}, {"text": "\u5782\u76f4\u6b66\u5668\u53d1\u5c04\u7cfb\u7edf", "offset": 117, "length": 8}, {"text": "\u591a\u7528\u9014\u76f4\u5347\u673a", "offset": 141, "length": 6}]}}, {"sentence": "\u62a5\u9053\u79f0\uff0c\u201c\u4f55\u585e\u00b7\u9ece\u5239\u201d\u53f7\u7684\u670d\u5f79\u5bf9\u83f2\u5f8b\u5bbe\u6d77\u519b\u6765\u8bf4\u662f\u5386\u53f2\u6027\u7a81\u7834\uff0c\u6b64\u524d\u8be5\u56fd\u6d77\u519b\u88c5\u5907\u5927\u591a\u662f\u8fc7\u65f6\u548c\u8001\u5316\u4e25\u91cd\u7684\u8230\u8247\uff0c\u5176\u4e2d\u8fd8\u5305\u62ec\u4e8c\u6218\u65f6\u671f\u5efa\u9020\u7684\u4e8c\u624b\u7f8e\u56fd\u519b\u8230\u3002", "events": [], "arguments": {"time": [], "loc": [], "country": [{"text": "\u83f2\u5f8b\u5bbe", "offset": 16, "length": 3}, {"text": "\u7f8e\u56fd", "offset": 66, "length": 2}], "weapon": [{"text": "\u201c\u4f55\u585e\u00b7\u9ece\u5239\u201d\u53f7", "offset": 4, "length": 8}]}}]