[{"sentence": "\u5934\u53f7\u6b66\u5668\u5356\u5bb6\uff01", "events": [], "arguments": {"time": [], "loc": [], "country": [], "weapon": []}}, {"sentence": "\u7f8e\u56fd2020\u8d22\u5e74\u519b\u5907\u51fa\u53e31750\u4ebf\u7f8e\u5143", "events": [], "arguments": {"time": [], "loc": [], "country": [{"text": "\u7f8e\u56fd", "offset": 0, "length": 2}], "weapon": []}}, {"sentence": "\u7f8e\u56fd2020\u8d22\u5e74\u519b\u5907\u51fa\u53e3", "events": [], "arguments": {"time": [], "loc": [], "country": [{"text": "\u7f8e\u56fd", "offset": 0, "length": 2}], "weapon": []}}, {"sentence": "\u603b\u989d\u9ad8\u8fbe1750\u4ebf\u7f8e\u5143", "events": [], "arguments": {"time": [], "loc": [], "country": [], "weapon": []}}, {"sentence": "\u540c\u6bd4\u589e\u957f2.8%", "events": [], "arguments": {"time": [], "loc": [], "country": [], "weapon": []}}, {"sentence": "\u6709\u667a\u5e93\u7814\u7a76\u62a5\u544a\u79f0", "events": [], "arguments": {"time": [], "loc": [], "country": [], "weapon": []}}, {"sentence": "\u5176\u4e2d\u4e00\u534a\u6b66\u5668\u6d41\u5411\u4e2d\u4e1c", "events": [], "arguments": {"time": [], "loc": [], "country": [], "weapon": []}}, {"sentence": "\u51fa\u53e3\u603b\u989d\u540c\u6bd4\u589e\u52a02.8%", "events": [], "arguments": {"time": [], "loc": [], "country": [], "weapon": []}}, {"sentence": "\u6218\u673a\u548c\u5bfc\u5f39\u51fa\u53e3\u5927\u589e", "events": [], "arguments": {"time": [], "loc": [], "country": [], "weapon": [{"text": "\u6218\u673a", "offset": 0, "length": 2}, {"text": "\u5bfc\u5f39", "offset": 3, "length": 2}]}}, {"sentence": "\u8fd1\u65e5\uff0c\u7f8e\u56fd\u5b98\u5458\u62ab\u9732\uff0c\u7f8e\u56fd2020\u8d22\u5e74\uff08\u4ece2019\u5e7410\u67081\u65e5\u81f32020\u5e749\u670830\u65e5\uff09\u519b\u4e8b\u88c5\u5907\u51fa\u53e3\u603b\u989d\u9ad8\u8fbe1750\u4ebf\u7f8e\u5143\uff0c\u540c\u6bd4\u589e\u52a02.8%\u3002", "events": [], "arguments": {"time": [], "loc": [], "country": [{"text": "\u7f8e\u56fd", "offset": 3, "length": 2}, {"text": "\u7f8e\u56fd", "offset": 10, "length": 2}], "weapon": []}}, {"sentence": "\u636e\u7f8e\u56fd\u56fd\u52a1\u9662\u53d1\u5e03\u7684\u6570\u636e\uff0c\u7f8e\u56fd\u6218\u6597\u673a\u548c\u5236\u5bfc\u5bfc\u5f39\u51fa\u53e3\u989d\u5728\u8fd9\u4e00\u8d22\u5e74\u4e2d\u663e\u8457\u4e0a\u5347\uff0c\u4e24\u5927\u519b\u5de5\u4f01\u4e1a\u6d1b\u514b\u5e0c\u5fb7-\u9a6c\u4e01\u516c\u53f8\u548c\u96f7\u795e\u516c\u53f8\u6536\u83b7\u5927\u7b14\u8ba2\u5355\u3002", "events": [], "arguments": {"time": [], "loc": [], "country": [{"text": "\u7f8e\u56fd", "offset": 1, "length": 2}, {"text": "\u7f8e\u56fd", "offset": 12, "length": 2}], "weapon": [{"text": "\u6218\u6597\u673a", "offset": 14, "length": 3}, {"text": "\u5236\u5bfc\u5bfc\u5f39", "offset": 18, "length": 4}]}}, {"sentence": "\u6570\u636e\u663e\u793a\uff0c\u65e5\u672c\u4ece\u6d1b\u514b\u5e0c\u5fb7\u00b7\u9a6c\u4e01\u516c\u53f8\u8d2d\u4e7063\u67b6F-35\u6218\u6597\u673a\uff0c\u8ba2\u5355\u603b\u989d\u9ad8\u8fbe230\u4ebf\u7f8e\u5143\u3002", "events": [], "arguments": {"time": [], "loc": [], "country": [{"text": "\u65e5\u672c", "offset": 5, "length": 2}], "weapon": [{"text": "F-35\u6218\u6597\u673a", "offset": 22, "length": 7}]}}, {"sentence": "\u7f8e5\u5e74\u6b66\u5668\u51fa\u53e3\u6570\u91cf", "events": [], "arguments": {"time": [], "loc": [], "country": [{"text": "\u7f8e", "offset": 0, "length": 1}], "weapon": []}}, {"sentence": "\u5360\u5168\u7403\u4e09\u5206\u4e4b\u4e00\u4ee5\u4e0a", "events": [], "arguments": {"time": [], "loc": [], "country": [], "weapon": []}}, {"sentence": "\u6709\u5206\u6790\u6307\u51fa\uff0c\u7f8e\u56fd\u603b\u7edf\u7279\u6717\u666e\u6267\u653f\u671f\u95f4\uff0c\u653e\u5bbd\u7f8e\u56fd\u6b66\u5668\u51fa\u53e3\u9650\u5236\uff0c\u79ef\u6781\u4fc3\u8fdb\u5bf9\u5916\u519b\u552e\uff0c\u751a\u81f3\u9f13\u52b1\u7f8e\u56fd\u5916\u4ea4\u5b98\u627f\u62c5\u63a8\u9500\u5de5\u4f5c\uff0c\u7f8e\u56fd\u6b66\u5668\u5e74\u5747\u51fa\u53e3\u989d\u660e\u663e\u9ad8\u4e8e\u5965\u5df4\u9a6c\u603b\u7edf\u4efb\u5185\u3002", "events": [], "arguments": {"time": [], "loc": [], "country": [{"text": "\u7f8e\u56fd", "offset": 6, "length": 2}, {"text": "\u7f8e\u56fd", "offset": 20, "length": 2}, {"text": "\u7f8e\u56fd", "offset": 42, "length": 2}, {"text": "\u7f8e\u56fd", "offset": 54, "length": 2}], "weapon": []}}, {"sentence": "\u745e\u5178\u65af\u5fb7\u54e5\u5c14\u6469\u56fd\u9645\u548c\u5e73\u7814\u7a76\u6240\u4eca\u5e743\u6708\u7684\u4e00\u4efd\u62a5\u544a\u663e\u793a\uff0c\u7f8e\u56fd\u8fc7\u53bb5\u5e74\u6b66\u5668\u51fa\u53e3\u6570\u91cf\u5360\u5168\u7403\u51fa\u53e3\u6570\u91cf\u4e09\u5206\u4e4b\u4e00\u4ee5\u4e0a\uff0c\u7a33\u5750\u5168\u7403\u5934\u53f7\u6b66\u5668\u5356\u5bb6\u4ea4\u6905\u3002", "events": [], "arguments": {"time": [], "loc": [], "country": [{"text": "\u745e\u5178", "offset": 0, "length": 2}, {"text": "\u7f8e\u56fd", "offset": 26, "length": 2}], "weapon": []}}, {"sentence": "\u62a5\u544a\u79f0\uff0c\u7f8e\u56fd\u51fa\u53e3\u6b66\u5668\u7684\u4e00\u534a\u6d41\u5411\u4e2d\u4e1c\u3002", "events": [], "arguments": {"time": [], "loc": [], "country": [{"text": "\u7f8e\u56fd", "offset": 4, "length": 2}], "weapon": []}}, {"sentence": "\u5ef6\u4f38\u9605\u8bfb\uff1a\u7f8e\u56fd\u963f\u8054\u914b\u8fbe\u6210230\u4ebf\u519b\u552e\u8ba1\u5212\uff0c\u5305\u62ec50\u67b6F-35\u6218\u673a\u3002", "events": [], "arguments": {"time": [], "loc": [], "country": [{"text": "\u7f8e\u56fd", "offset": 5, "length": 2}, {"text": "\u963f\u8054\u914b", "offset": 7, "length": 3}], "weapon": [{"text": "F-35\u6218\u673a", "offset": 26, "length": 6}]}}, {"sentence": "\u6765\u6e90\uff1aCCTV-4\u300a\u4eca\u65e5\u5173\u6ce8\u300b", "events": [], "arguments": {"time": [], "loc": [], "country": [], "weapon": []}}]