[{"sentence": "\u6709\u767e\u4f59\u67b6F-35\u8fd8\u4e0d\u6ee1\u8db3\uff1f", "events": [], "arguments": {"time": [], "loc": [], "country": [], "weapon": [{"text": "F-35", "offset": 4, "length": 4}]}}, {"sentence": "\u65e5\u672c\u5ba3\u5e032031\u5e74\u751f\u4ea7\u81ea\u7814\u9690\u8eab\u6218\u6597\u673a", "events": [{"trigger": {"text": "\u5ba3\u5e03", "offset": 2, "length": 2}, "subject": {"text": "\u65e5\u672c", "offset": 0, "length": 2}, "object": {"text": "2031\u5e74\u751f\u4ea7\u81ea\u7814\u9690\u8eab\u6218\u6597\u673a", "offset": 4, "length": 14}}], "arguments": {"time": [], "loc": [], "country": [{"text": "\u65e5\u672c", "offset": 0, "length": 2}], "weapon": [{"text": "\u9690\u8eab\u6218\u6597\u673a", "offset": 13, "length": 5}]}}, {"sentence": "\u3010\u73af\u7403\u7f51\u62a5\u9053 \u89c1\u4e60\u8bb0\u8005 \u9a6c\u5ca9\u3011", "events": [], "arguments": {"time": [], "loc": [], "country": [], "weapon": []}}, {"sentence": "\u636e\u7f8e\u56fd\u6709\u7ebf\u65b0\u95fb\u7f517\u670810\u65e5\u62a5\u9053\uff0c\u65e5\u672c\u65e5\u524d\u5ba3\u5e03\u5c06\u7814\u5236\u4e16\u754c\u9886\u5148\u7684\u9690\u8eab\u6218\u6597\u673a\uff0c\u5b83\u5f88\u53ef\u80fd\u662f\u4e00\u6b3e\u53cc\u53d1\u52a8\u673a\u7684\u6218\u6597\u673a\uff0c\u5e76\u5728\u672a\u6765\u5341\u5e74\u5185\u6210\u4e3a\u65e5\u672c\u822a\u7a7a\u81ea\u536b\u961f\u4e3b\u529b\u6218\u673a\u3002", "events": [], "arguments": {"time": [{"text": "7\u670810\u65e5", "offset": 8, "length": 5}], "loc": [], "country": [{"text": "\u7f8e\u56fd", "offset": 1, "length": 2}, {"text": "\u65e5\u672c", "offset": 16, "length": 2}, {"text": "\u65e5\u672c", "offset": 61, "length": 2}], "weapon": [{"text": "\u9690\u8eab\u6218\u6597\u673a", "offset": 30, "length": 5}]}}, {"sentence": "\u65e5\u672c\u56fd\u4ea7\u9690\u8eab\u6218\u6597\u673a\u60f3\u8c61\u56fe", "events": [], "arguments": {"time": [], "loc": [], "country": [{"text": "\u65e5\u672c", "offset": 0, "length": 2}], "weapon": [{"text": "\u9690\u8eab\u6218\u6597\u673a", "offset": 4, "length": 5}]}}, {"sentence": "\u62a5\u9053\u79f0\uff0c\u65e5\u672c\u9632\u536b\u7701\u4e0a\u5468\u544a\u77e5\u56fd\u4f1a\uff0c\u8fd9\u6b3e\u201c\u7b2c\u516d\u4ee3\u6218\u6597\u673a\u201d\u5c06\u57282031\u8d22\u5e74\u5f00\u59cb\u6295\u5165\u751f\u4ea7\uff0c\u5e76\u53d6\u4ee3\u8fd1100\u67b6\u4eff\u5236\u7f8e\u56fdF-16\u7684\u65e5\u672cF-2\u6218\u6597\u673a\u3002", "events": [{"trigger": {"text": "\u5f00\u59cb\u6295\u5165", "offset": 34, "length": 4}, "subject": {"text": "\u201c\u7b2c\u516d\u4ee3\u6218\u6597\u673a\u201d", "offset": 18, "length": 8}, "object": {"text": "\u751f\u4ea7", "offset": 38, "length": 2}}, {"trigger": {"text": "\u53d6\u4ee3", "offset": 42, "length": 2}, "subject": {"text": "\u201c\u7b2c\u516d\u4ee3\u6218\u6597\u673a\u201d", "offset": 18, "length": 8}, "object": {"text": "\u8fd1100\u67b6\u4eff\u5236\u7f8e\u56fdF-16\u7684\u65e5\u672cF-2\u6218\u6597\u673a", "offset": 44, "length": 22}}], "arguments": {"time": [{"text": "2031\u8d22\u5e74", "offset": 28, "length": 6}], "loc": [], "country": [{"text": "\u65e5\u672c", "offset": 4, "length": 2}, {"text": "\u7f8e\u56fd", "offset": 51, "length": 2}, {"text": "\u65e5\u672c", "offset": 58, "length": 2}], "weapon": [{"text": "F-16", "offset": 53, "length": 4}, {"text": "F-2\u6218\u6597\u673a", "offset": 60, "length": 6}]}}, {"sentence": "\u65e5\u672c2020\u8d22\u5e74\u56fd\u9632\u9884\u7b97\u4e3a\u8fd9\u4e2a\u88ab\u79f0\u4e3aF-X\u7684\u65b0\u6218\u6597\u673a\u7814\u5236\u9879\u76ee\u62e8\u6b3e\u8d85\u8fc72.61\u4ebf\u7f8e\u5143\uff0c\u5176\u4e2d\u5305\u62ec\u8d44\u91d1\u7528\u4e8e\u7814\u5236\u4e0e\u8fd9\u6b3e\u6218\u6597\u673a\u534f\u540c\u914d\u5408\u7684\u65e0\u4eba\u673a\u3002", "events": [{"trigger": {"text": "\u62e8\u6b3e", "offset": 30, "length": 2}, "subject": {"text": "F-X\u7684\u65b0\u6218\u6597\u673a\u7814\u5236\u9879\u76ee", "offset": 18, "length": 12}, "object": {"text": "\u8d85\u8fc72.61\u4ebf\u7f8e\u5143", "offset": 32, "length": 9}}], "arguments": {"time": [], "loc": [], "country": [{"text": "\u65e5\u672c", "offset": 0, "length": 2}], "weapon": [{"text": "F-X", "offset": 18, "length": 3}, {"text": "\u65e0\u4eba\u673a", "offset": 63, "length": 3}]}}, {"sentence": "\u62a5\u9053\u79f0\uff0c\u65e5\u672c\u65b9\u9762\u8fd8\u5ba3\u79f0F-X\u6218\u6597\u673a\u5177\u5907\u540c\u65f6\u9501\u5b9a\u591a\u4e2a\u654c\u65b9\u76ee\u6807\u3001\u5185\u7f6e\u6b66\u5668\u4ed3\u3001\u77e2\u91cf\u63a8\u529b\u55b7\u53e3\u7b49\u3002", "events": [], "arguments": {"time": [], "loc": [], "country": [{"text": "\u65e5\u672c", "offset": 4, "length": 2}], "weapon": [{"text": "F-X\u6218\u6597\u673a", "offset": 11, "length": 6}]}}, {"sentence": "\u800c\u540c\u6837\u57287\u670810\u65e5\uff0c\u7f8e\u56fd\u56fd\u52a1\u9662\u6279\u51c6\u5411\u65e5\u672c\u51fa\u53e3105\u67b6F-35\u201c\u95ea\u75352\u201d\u9690\u8eab\u6218\u6597\u673a\uff0c\u5408\u540c\u603b\u4ef7\u503c\u7ea6231.1\u4ebf\u7f8e\u5143\u3002", "events": [{"trigger": {"text": "\u51fa\u53e3", "offset": 20, "length": 2}, "subject": {"text": "\u7f8e\u56fd\u56fd\u52a1\u9662\u6279\u51c6\u5411\u65e5\u672c", "offset": 10, "length": 10}, "object": {"text": "105\u67b6F-35\u201c\u95ea\u75352\u201d\u9690\u8eab\u6218\u6597\u673a", "offset": 22, "length": 18}}], "arguments": {"time": [], "loc": [], "country": [{"text": "\u7f8e\u56fd", "offset": 10, "length": 2}, {"text": "\u65e5\u672c", "offset": 18, "length": 2}], "weapon": [{"text": "F-35\u201c\u95ea\u75352\u201d\u9690\u8eab\u6218\u6597\u673a", "offset": 26, "length": 14}]}}, {"sentence": "\u65e5\u672c\u6240\u62e5\u6709\u7684F-35\u6218\u6597\u673a\u603b\u6570\u5c06\u8fbe147\u67b6\uff0c\u4ec5\u6b21\u4e8e\u7f8e\u56fd\u3002", "events": [], "arguments": {"time": [], "loc": [], "country": [{"text": "\u65e5\u672c", "offset": 0, "length": 2}, {"text": "\u7f8e\u56fd", "offset": 25, "length": 2}], "weapon": [{"text": "F-35\u6218\u6597\u673a", "offset": 6, "length": 7}]}}]