[{"sentence": "\u8981\u8ba9\u81ea\u6740\u65e0\u4eba\u673a\u5e03\u6ee1\u6218\u573a\uff1f", "events": [], "arguments": {"time": [], "loc": [], "country": [], "weapon": [{"text": "\u81ea\u6740\u65e0\u4eba\u673a", "offset": 2, "length": 5}]}}, {"sentence": "\u5370\u519b\u770b\u4e0a\u4ee5\u8272\u5217\u201c\u6218\u672f\u6e38\u8361\u6b66\u5668\u7cfb\u7edf\u201d", "events": [{"trigger": {"text": "\u770b\u4e0a", "offset": 2, "length": 2}, "subject": {"text": "\u5370\u519b", "offset": 0, "length": 2}, "object": {"text": "\u4ee5\u8272\u5217\u201c\u6218\u672f\u6e38\u8361\u6b66\u5668\u7cfb\u7edf\u201d", "offset": 4, "length": 13}}], "arguments": {"time": [], "loc": [], "country": [{"text": "\u5370", "offset": 0, "length": 1}, {"text": "\u4ee5\u8272\u5217", "offset": 4, "length": 3}], "weapon": []}}, {"sentence": "\u3010\u73af\u7403\u7f51\u62a5\u9053 \u8bb0\u8005 \u5f90\u7490\u660e\u3011", "events": [], "arguments": {"time": [], "loc": [], "country": [], "weapon": []}}, {"sentence": "\u5728\u5411\u4fc4\u7f57\u65af\u7d27\u6025\u589e\u8d2d\u6218\u6597\u673a\u548c\u5411\u6cd5\u56fd\u50ac\u4fc3\u4ea4\u4ed8\u201c\u9635\u98ce\u201d\u6218\u6597\u673a\u4e4b\u540e\uff0c\u5370\u5ea6\u519b\u961f\u53c8\u60f3\u4ece\u7f8e\u56fd\u83b7\u5f97\u5148\u8fdb\u7684\u6b66\u5668\u88c5\u5907\u3002", "events": [], "arguments": {"time": [], "loc": [], "country": [{"text": "\u4fc4\u7f57\u65af", "offset": 2, "length": 3}, {"text": "\u6cd5\u56fd", "offset": 14, "length": 2}, {"text": "\u5370\u5ea6", "offset": 30, "length": 2}, {"text": "\u7f8e\u56fd", "offset": 37, "length": 2}], "weapon": [{"text": "\u201c\u9635\u98ce\u201d\u6218\u6597\u673a", "offset": 20, "length": 7}]}}, {"sentence": "\u636e\u300a\u5370\u5ea6\u65af\u5766\u65f6\u62a5\u300b\u7f51\u7ad97\u670813\u65e5\u62a5\u9053\uff0c\u5370\u5ea6\u519b\u65b9\u5df2\u7ecf\u5c06\u76ee\u5149\u6295\u5411\u4ece\u7f8e\u56fd\u83b7\u5f97\u201c\u5927\u4e4c\u9e26\u201d(Raven)\u65e0\u4eba\u4fa6\u5bdf\u673a\u548c\u4ee5\u8272\u5217\u5236\u9020\u7684\u6700\u65b0\u578b\u201c\u8424\u706b\u866b\u201d(FireFly)\u5fae\u578b\u6218\u672f\u6e38\u8361\u6b66\u5668\u7cfb\u7edf\uff0c\u4ee5\u589e\u5f3a\u5370\u519b\u6b65\u5175\u90e8\u961f\u7684\u6218\u6597\u529b\u3002", "events": [], "arguments": {"time": [{"text": "7\u670813\u65e5", "offset": 11, "length": 5}], "loc": [], "country": [{"text": "\u5370\u5ea6", "offset": 19, "length": 2}, {"text": "\u7f8e\u56fd", "offset": 31, "length": 2}, {"text": "\u4ee5\u8272\u5217", "offset": 53, "length": 3}], "weapon": [{"text": "\u201c\u5927\u4e4c\u9e26\u201d(Raven)\u65e0\u4eba\u4fa6\u5bdf\u673a", "offset": 35, "length": 17}, {"text": "\u201c\u8424\u706b\u866b\u201d(FireFly)\u5fae\u578b\u6218\u672f\u6e38\u8361\u6b66\u5668\u7cfb\u7edf", "offset": 62, "length": 24}]}}, {"sentence": "\u4ee5\u8272\u5217\u7814\u53d1\u7684\u201c\u8424\u706b\u866b\u201d\u5fae\u578b\u6218\u672f\u6e38\u8361\u6b66\u5668\u7cfb\u7edf", "events": [], "arguments": {"time": [], "loc": [], "country": [{"text": "\u4ee5\u8272\u5217", "offset": 0, "length": 3}], "weapon": [{"text": "\u201c\u8424\u706b\u866b\u201d\u5fae\u578b\u6218\u672f\u6e38\u8361\u6b66\u5668\u7cfb\u7edf", "offset": 6, "length": 15}]}}, {"sentence": "\u62a5\u9053\u79f0\uff0c\u5370\u519b\u5c06\u83b7\u5f97200\u67b6RQ-11\u201c\u5927\u4e4c\u9e26\u201d\u65e0\u4eba\u673a\uff0c\u8fd9\u79cd\u65e0\u4eba\u673a\u7684\u822a\u7a0b10\u516c\u91cc\u3001\u98de\u884c\u901f\u5ea6\u53ef\u8fbe95\u5343\u7c73/\u5c0f\u65f6\uff0c\u5e2e\u52a9\u6b65\u5175\u6267\u884c\u6218\u672f\u4fa6\u5bdf\u4efb\u52a1\u3002", "events": [{"trigger": {"text": "\u83b7\u5f97", "offset": 7, "length": 2}, "subject": {"text": "\u5370\u519b", "offset": 4, "length": 2}, "object": {"text": "200\u67b6RQ-11\u201c\u5927\u4e4c\u9e26\u201d\u65e0\u4eba\u673a", "offset": 9, "length": 17}}], "arguments": {"time": [], "loc": [], "country": [{"text": "\u5370", "offset": 4, "length": 1}], "weapon": [{"text": "RQ-11\u201c\u5927\u4e4c\u9e26\u201d\u65e0\u4eba\u673a", "offset": 13, "length": 13}]}}, {"sentence": "\u6b64\u524d\u5370\u5ea6\u5df2\u7ecf\u7d27\u6025\u4ece\u4ee5\u8272\u5217\u8d2d\u4e70\u4e86\u201c\u957f\u9489\u201dMark III(Spike Mark III)\u578b\u53cd\u5766\u514b\u5bfc\u5f39\uff0c\u73b0\u5728\u53c8\u6b63\u5728\u8d2d\u4e70\u201c\u8424\u706b\u866b\u201d\u6218\u672f\u6e38\u8361\u5f39\u836f\u3002", "events": [], "arguments": {"time": [], "loc": [], "country": [{"text": "\u5370\u5ea6", "offset": 2, "length": 2}, {"text": "\u4ee5\u8272\u5217", "offset": 9, "length": 3}], "weapon": [{"text": "\u201c\u957f\u9489\u201dMark III(Spike Mark III)\u578b\u53cd\u5766\u514b\u5bfc\u5f39", "offset": 15, "length": 34}]}}, {"sentence": "\u636e\u6089\uff0c\u201c\u8424\u706b\u866b\u201d\u5176\u5b9e\u5c31\u662f\u4e00\u6b3e\u81ea\u6740\u5f0f\u65e0\u4eba\u673a\uff0c\u5927\u89c4\u6a21\u90e8\u7f72\u540e\u80fd\u591f\u5f62\u6210\u6f2b\u5929\u98de\u884c\u3001\u6e38\u8361\u730e\u6740\u76ee\u6807\u7684\u4f5c\u6218\u6548\u80fd\u3002", "events": [], "arguments": {"time": [], "loc": [], "country": [], "weapon": [{"text": "\u201c\u8424\u706b\u866b\u201d", "offset": 3, "length": 5}, {"text": "\u81ea\u6740\u5f0f\u65e0\u4eba\u673a", "offset": 14, "length": 6}]}}, {"sentence": "\u8fd9\u662f\u4e00\u79cd\u53ef\u663c\u591c\u643a\u5e26\u7684\u6001\u52bf\u611f\u77e5/\u6740\u4f24\u6e38\u8361\u7cfb\u7edf\uff0c\u91cd\u91cf\u4ec5\u4e3a3\u5343\u514b\uff0c\u914d\u5907\u6709\u91cd\u91cf\u8f7b\u7684\u5168\u5411\u9ad8\u81f4\u547d\u6027\u7206\u70b8\u788e\u88c2\u6218\u6597\u90e8\u3002", "events": [], "arguments": {"time": [], "loc": [], "country": [], "weapon": []}}, {"sentence": "\u8fd9\u79cd\u7279\u6b8a\u6b66\u5668\u53ef\u4ee5\u5bf9\u9690\u85cf\u5728\u4e00\u516c\u91cc\u8303\u56f4\u5185\u7684\u654c\u4eba\u8fdb\u884c\u7cbe\u786e\u6253\u51fb\u3002", "events": [], "arguments": {"time": [], "loc": [], "country": [], "weapon": []}}, {"sentence": "\u7f8e\u5236\u201c\u5927\u4e4c\u9e26\u201d\u6218\u672f\u4fa6\u5bdf\u65e0\u4eba\u673a", "events": [], "arguments": {"time": [], "loc": [], "country": [{"text": "\u7f8e", "offset": 0, "length": 1}], "weapon": [{"text": "\u201c\u5927\u4e4c\u9e26\u201d\u6218\u672f\u4fa6\u5bdf\u65e0\u4eba\u673a", "offset": 2, "length": 12}]}}, {"sentence": "\u201c\u8424\u706b\u866b\u201d\u7684\u5236\u9020\u5546\u62c9\u6590\u5c14\u5148\u8fdb\u9632\u5fa1\u7cfb\u7edf\u516c\u53f8\u4ee3\u8868\u66fe\u8868\u793a\uff0c\u8fd9\u79cd\u6b66\u5668\u201c\u4e13\u95e8\u4e3a\u6218\u672f\u673a\u52a8\u7684\u5730\u9762\u90e8\u961f/\u7279\u79cd\u90e8\u961f\u5728\u57ce\u5e02\u73af\u5883\u4e2d\u4f5c\u6218\u63d0\u4f9b\u6709\u673a\u7684\u706b\u529b\u652f\u6301\uff0c\u5728\u8fd9\u79cd\u73af\u5883\u4e2d\uff0c\u6001\u52bf\u611f\u77e5\u662f\u6709\u9650\u7684\uff0c\u654c\u4eba\u5904\u4e8e\u63a9\u62a4\u4e4b\u4e0b\uff0c\u7cbe\u786e\u6253\u51fb\u81f3\u5173\u91cd\u8981\u3002", "events": [], "arguments": {"time": [], "loc": [], "country": [], "weapon": [{"text": "\u201c\u8424\u706b\u866b\u201d", "offset": 0, "length": 5}]}}, {"sentence": "\u201d", "events": [], "arguments": {"time": [], "loc": [], "country": [], "weapon": []}}, {"sentence": "\u9664\u6b64\u4e4b\u5916\uff0c\u5370\u5ea6\u7a7a\u519b\u8fd8\u5c06\u4e8e\u672c\u6708\u4ece\u6cd5\u56fd\u83b7\u5f975\u67b6\u201c\u9635\u98ce\u201d\u6218\u6597\u673a\uff0c\u53e6\u67094\u67b6\u7559\u5728\u6cd5\u56fd\u7528\u4e8e\u8bad\u7ec3\u3002", "events": [], "arguments": {"time": [], "loc": [], "country": [{"text": "\u5370\u5ea6", "offset": 5, "length": 2}, {"text": "\u6cd5\u56fd", "offset": 15, "length": 2}, {"text": "\u6cd5\u56fd", "offset": 35, "length": 2}], "weapon": [{"text": "\u201c\u9635\u98ce\u201d\u6218\u6597\u673a", "offset": 21, "length": 7}]}}, {"sentence": "\u4eca\u5e74\u665a\u4e9b\u65f6\u5019\uff0c\u5370\u5ea6\u6d77\u519b\u7684\u7b2c\u4e8c\u8258\u5f39\u9053\u5bfc\u5f39\u6838\u6f5c\u8247\u201c\u963f\u91cc\u5b89\u7279\u201d\uff08INS Arighat\uff09\u53f7\u4e5f\u5c06\u6295\u5165\u4f7f\u7528\u3002", "events": [], "arguments": {"time": [], "loc": [], "country": [{"text": "\u5370\u5ea6", "offset": 7, "length": 2}], "weapon": [{"text": "\u5f39\u9053\u5bfc\u5f39\u6838\u6f5c\u8247\u201c\u963f\u91cc\u5b89\u7279\u201d\uff08INS Arighat\uff09\u53f7", "offset": 15, "length": 27}]}}]