[{"sentence": "\u6b66\u88c5\u76df\u53cb\u3001\u904f\u5236\u4e2d\u4fc4\u3001\u6253\u538b\u65e5\u56fd\u4ea7\u6218\u673a\uff0c\u7f8e\u552e\u65e5F-35\u6b32\u201c\u4e00\u7bad\u4e09\u96d5\u201d", "events": [{"trigger": {"text": "\u6b32", "offset": 25, "length": 1}, "subject": {"text": "\u7f8e\u552e\u65e5F-35", "offset": 18, "length": 7}, "object": {"text": "\u201c\u4e00\u7bad\u4e09\u96d5\u201d", "offset": 26, "length": 6}}], "arguments": {"time": [], "loc": [], "country": [{"text": "\u7f8e", "offset": 18, "length": 1}, {"text": "\u65e5", "offset": 20, "length": 1}, {"text": "\u4e2d", "offset": 7, "length": 1}, {"text": "\u4fc4", "offset": 8, "length": 1}], "weapon": [{"text": "F-35", "offset": 21, "length": 4}]}}, {"sentence": "\u3010\u73af\u7403\u65f6\u62a5\u8bb0\u8005 \u9a6c\u4fca \u7ae0\u8282\u3011", "events": [], "arguments": {"time": [], "loc": [], "country": [], "weapon": []}}, {"sentence": "\u4f34\u968f\u7740\u7f8e\u56fd\u6279\u51c6\u5411\u65e5\u672c\u63d0\u4f9b105\u67b6F-35\u9690\u5f62\u6218\u6597\u673a\uff0c\u65e5\u672c\u5c06\u4e00\u4e3e\u6210\u4e3aF-35\u7684\u6700\u5927\u6d77\u5916\u7528\u6237\u3002", "events": [{"trigger": {"text": "\u63d0\u4f9b", "offset": 10, "length": 2}, "subject": {"text": "\u7f8e\u56fd\u6279\u51c6\u5411\u65e5\u672c", "offset": 3, "length": 7}, "object": {"text": "105\u67b6F-35\u9690\u5f62\u6218\u6597\u673a", "offset": 12, "length": 13}}], "arguments": {"time": [], "loc": [], "country": [{"text": "\u7f8e\u56fd", "offset": 3, "length": 2}, {"text": "\u65e5\u672c", "offset": 8, "length": 2}, {"text": "\u65e5\u672c", "offset": 26, "length": 2}], "weapon": [{"text": "F-35\u9690\u5f62\u6218\u6597\u673a", "offset": 16, "length": 9}, {"text": "F-35", "offset": 33, "length": 4}]}}, {"sentence": "\u63a5\u53d7\u300a\u73af\u7403\u65f6\u62a5\u300b\u8bb0\u8005\u91c7\u8bbf\u7684\u4e2d\u56fd\u4e13\u5bb612\u65e5\u8868\u793a\uff0c\u6b64\u4e3e\u4e0d\u4f46\u5c06\u4f7f\u65e5\u672c\u201c\u51fa\u4e91\u201d\u7ea7\u76f4\u5347\u673a\u6bcd\u8230\u53d8\u8eab\u4e3a\u6218\u529b\u53ef\u89c2\u7684\u8f7b\u578b\u822a\u6bcd\uff0c\u6210\u4e3a\u7f8e\u56fd\u7275\u5236\u4e2d\u56fd\u6d77\u519b\u7684\u5f97\u529b\u68cb\u5b50\uff0c\u800c\u4e14\u7f8e\u56fd\u8fd8\u6709\u610f\u8ba9\u7531F-35\u6b66\u88c5\u7684\u65e5\u672c\u81ea\u536b\u961f\u51b2\u5728\u904f\u5236\u4e2d\u4fc4\u7684\u7b2c\u4e00\u7ebf\uff0c\u66f4\u987a\u5e26\u538b\u5236\u4e86\u65e5\u672c\u56fd\u4ea7\u9690\u5f62\u6218\u673a\u7684\u88c5\u5907\u7a7a\u95f4\uff0c\u53ef\u8c13\u201c\u4e00\u7bad\u4e09\u96d5\u201d\u3002", "events": [], "arguments": {"time": [], "loc": [], "country": [{"text": "\u4e2d\u56fd", "offset": 13, "length": 2}, {"text": "\u65e5\u672c", "offset": 29, "length": 2}, {"text": "\u7f8e\u56fd", "offset": 56, "length": 2}, {"text": "\u4e2d\u56fd", "offset": 60, "length": 2}, {"text": "\u7f8e\u56fd", "offset": 72, "length": 2}, {"text": "\u65e5\u672c", "offset": 86, "length": 2}, {"text": "\u65e5\u672c", "offset": 108, "length": 2}], "weapon": [{"text": "\u201c\u51fa\u4e91\u201d\u7ea7\u76f4\u5347\u673a\u6bcd\u8230", "offset": 31, "length": 10}, {"text": "F-35", "offset": 79, "length": 4}, {"text": "\u9690\u5f62\u6218\u673a", "offset": 112, "length": 4}]}}, {"sentence": "\u65e5\u672c\u6210F-35\u6700\u5927\u6d77\u5916\u7528\u6237", "events": [], "arguments": {"time": [], "loc": [], "country": [{"text": "\u65e5\u672c", "offset": 0, "length": 2}], "weapon": [{"text": "F-35", "offset": 3, "length": 4}]}}, {"sentence": "\u7f8e\u56fd\u300a\u9632\u52a1\u65b0\u95fb\u300b\u7f51\u7ad910\u65e5\u5728\u9898\u4e3a\u201c\u7f8e\u56fd\u4e3a\u5bf9\u65e5\u51fa\u552e\u4ef7\u503c230\u4ebf\u7f8e\u5143\u7684F-35\u5927\u5f00\u7eff\u706f\u201d\u7684\u62a5\u9053\u4e2d\u63d0\u5230\uff0c\u7f8e\u56fd\u6279\u51c6\u7684\u4e00\u63fd\u5b50\u8ba1\u5212\u5305\u62ec63\u67b6F-35A\u5e38\u89c4\u578b\u53f7\u548c42\u67b6F-35B\u77ed\u8ddd\u8d77\u964d\u578b\u53f7\uff0c\u5b9e\u8d28\u4e0a\u662f\u4e3a\u65e5\u672c\u57282018\u5e74\u5236\u8ba2\u7684\u91c7\u8d2d\u8ba1\u5212\u5927\u5f00\u7eff\u706f\u3002", "events": [], "arguments": {"time": [{"text": "10\u65e5", "offset": 10, "length": 3}], "loc": [], "country": [{"text": "\u7f8e\u56fd", "offset": 0, "length": 2}, {"text": "\u7f8e\u56fd", "offset": 17, "length": 2}, {"text": "\u7f8e\u56fd", "offset": 49, "length": 2}, {"text": "\u65e5\u672c", "offset": 94, "length": 2}], "weapon": [{"text": "F-35A\u5e38\u89c4\u578b\u53f7", "offset": 64, "length": 9}, {"text": "F-35B\u77ed\u8ddd\u8d77\u964d\u578b\u53f7", "offset": 77, "length": 11}]}}, {"sentence": "\u8fd9\u4e2a\u8d85\u7ea7\u519b\u552e\u5408\u540c\u603b\u4ef7\u503c\u7ea6230\u4ebf\u7f8e\u5143\u3002", "events": [], "arguments": {"time": [], "loc": [], "country": [], "weapon": []}}, {"sentence": "\u5982\u679c\u65e5\u672c\u5b8c\u6210\u8fd9\u9879\u91c7\u8d2d\uff0c\u5b83\u5c06\u62e5\u6709147\u67b6F-35\u7cfb\u5217\u6218\u6597\u673a\uff0c\u6210\u4e3a\u4ec5\u6b21\u4e8e\u7f8e\u56fd\u7684F-35\u7cfb\u5217\u6218\u6597\u673a\u7b2c\u4e8c\u5927\u7528\u6237\uff0c\u540c\u65f6\u4e5f\u662f\u6700\u5927\u7684\u6d77\u5916\u7528\u6237\u3002", "events": [], "arguments": {"time": [], "loc": [], "country": [{"text": "\u65e5\u672c", "offset": 2, "length": 2}, {"text": "\u7f8e\u56fd", "offset": 34, "length": 2}], "weapon": [{"text": "F-35\u7cfb\u5217\u6218\u6597\u673a", "offset": 19, "length": 9}, {"text": "F-35\u7cfb\u5217\u6218\u6597\u673a", "offset": 37, "length": 9}]}}, {"sentence": "\u519b\u4e8b\u4e13\u5bb6\u5f20\u5b66\u5cf012\u65e5\u5bf9\u300a\u73af\u7403\u65f6\u62a5\u300b\u8bb0\u8005\u8868\u793a\uff0c\u8fd9\u4e2a\u6d88\u606f\u5e76\u4e0d\u4ee4\u4eba\u610f\u5916\u3002", "events": [], "arguments": {"time": [], "loc": [], "country": [], "weapon": []}}, {"sentence": "\u65e9\u57282018\u5e7412\u6708\uff0c\u65e5\u672c\u9996\u76f8\u5b89\u500d\u664b\u4e09\u5c31\u6279\u51c6\u81ea\u536b\u961f\u5728\u73b0\u670942\u67b6\u7b2c\u4e94\u4ee3F-35A\u6218\u6597\u673a\u8ba2\u5355\u7684\u57fa\u7840\u4e0a\uff0c\u589e\u8d2d105\u67b6F-35\u7cfb\u5217\u6218\u673a\u7684\u8ba1\u5212\u3002", "events": [], "arguments": {"time": [], "loc": [], "country": [{"text": "\u65e5\u672c", "offset": 11, "length": 2}], "weapon": [{"text": "\u7b2c\u4e94\u4ee3F-35A\u6218\u6597\u673a", "offset": 31, "length": 11}, {"text": "F-35\u7cfb\u5217\u6218\u673a", "offset": 55, "length": 8}]}}, {"sentence": "\u7f8e\u56fd\u6709\u7ebf\u7535\u89c6\u65b0\u95fb\u7f5110\u65e5\u79f0\uff0c\u65e5\u672c\u8ba1\u5212\u57282031\u5e74\u63a8\u51faF-3\u56fd\u4ea7\u9690\u5f62\u6218\u6597\u673a\u53d6\u4ee3\u73b0\u5f79F-2\u6218\u6597\u673a\u3002", "events": [{"trigger": {"text": "\u8ba1\u5212", "offset": 16, "length": 2}, "subject": {"text": "\u65e5\u672c", "offset": 14, "length": 2}, "object": {"text": "\u57282031\u5e74\u63a8\u51faF-3\u56fd\u4ea7\u9690\u5f62\u6218\u6597\u673a\u53d6\u4ee3\u73b0\u5f79F-2\u6218\u6597\u673a", "offset": 18, "length": 28}}], "arguments": {"time": [], "loc": [], "country": [{"text": "\u7f8e\u56fd", "offset": 0, "length": 2}, {"text": "\u65e5\u672c", "offset": 14, "length": 2}], "weapon": [{"text": "F-3\u56fd\u4ea7\u9690\u5f62\u6218\u6597\u673a", "offset": 26, "length": 10}, {"text": "F-2\u6218\u6597\u673a", "offset": 40, "length": 6}]}}, {"sentence": "\u5f20\u5b66\u5cf0\u8ba4\u4e3a\uff0c\u5982\u4eca\u7f8e\u56fd\u5411\u65e5\u672c\u51fa\u552e\u5927\u6279F-35\uff0c\u5c06\u8fdb\u4e00\u6b65\u538b\u7f29\u65e5\u672c\u81ea\u4e3b\u7814\u5236\u4e0b\u4e00\u4ee3\u6218\u6597\u673a\u7684\u88c5\u5907\u7a7a\u95f4\u3002", "events": [], "arguments": {"time": [], "loc": [], "country": [{"text": "\u7f8e\u56fd", "offset": 8, "length": 2}, {"text": "\u65e5\u672c", "offset": 11, "length": 2}, {"text": "\u65e5\u672c", "offset": 28, "length": 2}], "weapon": [{"text": "F-35", "offset": 17, "length": 4}]}}, {"sentence": "\u4ece\u76ee\u524d\u900f\u9732\u51fa\u7684\u60c5\u51b5\u770b\uff0cF-3\u662f\u4e0eF-22\u540c\u4e00\u7ea7\u522b\u7684\u91cd\u578b\u9690\u5f62\u6218\u6597\u673a\uff0c\u4e00\u65e6\u65e5\u672c\u628a\u8fd9\u79cd\u6218\u6597\u673a\u201c\u5750\u5b9e\u201d\uff0c\u4e0d\u4ec5\u63d0\u9ad8\u81ea\u536b\u961f\u7684\u88c5\u5907\u6c34\u5e73\uff0c\u8fd8\u5c06\u6781\u5927\u63d0\u9ad8\u81ea\u8eab\u822a\u7a7a\u5de5\u4e1a\u6c34\u5e73\uff0c\u51cf\u5c11\u5bf9\u7f8e\u56fd\u7684\u4f9d\u8d56\u3002", "events": [], "arguments": {"time": [], "loc": [], "country": [{"text": "\u65e5\u672c", "offset": 35, "length": 2}, {"text": "\u7f8e\u56fd", "offset": 79, "length": 2}], "weapon": [{"text": "F-3", "offset": 11, "length": 3}, {"text": "F-22", "offset": 16, "length": 4}]}}, {"sentence": "\u800c\u5927\u6279F-35\u7684\u91c7\u8d2d\u65e0\u7591\u4f1a\u5360\u7528\u76f8\u5f53\u90e8\u5206\u7ecf\u8d39\uff0c\u8ba9\u539f\u672c\u5c31\u524d\u666f\u96be\u6599\u7684F-3\u9879\u76ee\u5e73\u6dfb\u53d8\u6570\u3002", "events": [], "arguments": {"time": [], "loc": [], "country": [], "weapon": [{"text": "F-35", "offset": 3, "length": 4}, {"text": "F-3", "offset": 31, "length": 3}]}}, {"sentence": "\u6b64\u5916\uff0c\u5bf9\u65e5\u672c\u589e\u52a0\u51fa\u552eF-35\u53ef\u4ee5\u8ba9\u7f8e\u9632\u52a1\u627f\u5305\u5546\u8d5a\u4e2a\u76c6\u6ee1\u94b5\u6ee1\uff0c\u8fd9\u4e5f\u662f\u7f8e\u56fd\u603b\u7edf\u7279\u6717\u666e\u4e00\u518d\u5411\u65e5\u672c\u65bd\u538b\u7684\u76ee\u7684\u3002", "events": [], "arguments": {"time": [], "loc": [], "country": [{"text": "\u65e5\u672c", "offset": 4, "length": 2}, {"text": "\u7f8e\u56fd", "offset": 33, "length": 2}, {"text": "\u65e5\u672c", "offset": 43, "length": 2}], "weapon": [{"text": "F-35", "offset": 10, "length": 4}]}}, {"sentence": "\u8ba9\u201c\u51fa\u4e91\u201d\u7ea7\u53d8\u201c\u771f\u822a\u6bcd\u201d", "events": [], "arguments": {"time": [], "loc": [], "country": [], "weapon": [{"text": "\u201c\u51fa\u4e91\u201d\u7ea7", "offset": 1, "length": 5}, {"text": "\u822a\u6bcd", "offset": 9, "length": 2}]}}, {"sentence": "\u503c\u5f97\u6ce8\u610f\u7684\u662f\uff0c\u65e5\u672c\u7684105\u67b6F-35\u7cfb\u5217\u6218\u6597\u673a\u91c7\u8d2d\u6e05\u5355\u4e2d\uff0c\u9664\u4e86\u5e38\u89c4\u8d77\u964d\u7684F-35A\u4ee5\u5916\uff0c\u8fd8\u5305\u62ec42\u67b6F-35B\u77ed\u8ddd\u8d77\u964d\u578b\u53f7\u3002", "events": [], "arguments": {"time": [], "loc": [], "country": [{"text": "\u65e5\u672c", "offset": 7, "length": 2}], "weapon": [{"text": "F-35\u7cfb\u5217\u6218\u6597\u673a", "offset": 14, "length": 9}, {"text": "F-35B\u77ed\u8ddd\u8d77\u964d\u578b\u53f7", "offset": 50, "length": 11}]}}, {"sentence": "F-35B\u7684\u5f15\u8fdb\u8ba9\u65e5\u672c\u4e24\u8258\u201c\u51fa\u4e91\u201d\u7ea7\u76f4\u5347\u673a\u822a\u6bcd\u53d8\u8eab\u822a\u6bcd\u6210\u4e3a\u53ef\u80fd\u3002", "events": [], "arguments": {"time": [], "loc": [], "country": [{"text": "\u65e5\u672c", "offset": 9, "length": 2}], "weapon": [{"text": "F-35B", "offset": 0, "length": 5}, {"text": "\u201c\u51fa\u4e91\u201d\u7ea7\u76f4\u5347\u673a\u822a\u6bcd", "offset": 13, "length": 10}]}}, {"sentence": "\u201c\u51fa\u4e91\u201d\u7ea7\u76f4\u5347\u673a\u6bcd\u8230\u6ee1\u8f7d\u6392\u6c34\u91cf2.6\u4e07\u5428\uff0c\u8230\u957f248\u7c73\uff0c\u91c7\u7528\u76f4\u901a\u7532\u677f\u8bbe\u8ba1\u3002", "events": [], "arguments": {"time": [], "loc": [], "country": [], "weapon": [{"text": "\u201c\u51fa\u4e91\u201d\u7ea7\u76f4\u5347\u673a\u6bcd\u8230", "offset": 0, "length": 10}]}}, {"sentence": "\u5b83\u7684\u6392\u6c34\u91cf\u5b9e\u9645\u4e0a\u5df2\u7ecf\u8d85\u8fc7\u4e00\u4e9b\u56fd\u5bb6\u7684\u8f7b\u578b\u822a\u6bcd\u3002", "events": [], "arguments": {"time": [], "loc": [], "country": [], "weapon": [{"text": "\u8f7b\u578b\u822a\u6bcd", "offset": 17, "length": 4}]}}, {"sentence": "\u201c\u51fa\u4e91\u201d\u7ea7\u7ecf\u8fc7\u6539\u9020\u540e\uff0c\u53ef\u4ee5\u642d\u8f7d14\u67b6\u5de6\u53f3\u7684F-35B\u3002", "events": [], "arguments": {"time": [], "loc": [], "country": [], "weapon": [{"text": "F-35B", "offset": 21, "length": 5}, {"text": "\u201c\u51fa\u4e91\u201d\u7ea7", "offset": 0, "length": 5}]}}, {"sentence": "42\u67b6F-35B\u8db3\u4ee5\u6b66\u88c53\u8258\u540c\u7ea7\u522b\u8f7b\u578b\u822a\u6bcd\uff0c\u65e5\u672c\u4e5f\u53ef\u80fd\u4f1a\u8003\u8651\u4e3a\u201c\u51fa\u4e91\u201d\u53f7\u548c\u201c\u52a0\u8d3a\u201d\u53f7\u5404\u88c5\u5907\u4e00\u4e2aF-35B\u4e2d\u961f\uff0c\u518d\u7559\u6709\u4e00\u4e2a\u4e2d\u961f\u4f5c\u4e3a\u5907\u4efd\u3002", "events": [], "arguments": {"time": [], "loc": [], "country": [{"text": "\u65e5\u672c", "offset": 22, "length": 2}], "weapon": [{"text": "\u201c\u51fa\u4e91\u201d\u53f7", "offset": 31, "length": 5}, {"text": "\u201c\u52a0\u8d3a\u201d\u53f7", "offset": 37, "length": 5}]}}, {"sentence": "\u5982\u679c\u65e5\u672c\u60f3\u8fdb\u4e00\u6b65\u53d1\u6325F-35B\u7684\u4f5c\u6218\u6548\u80fd\uff0c\u8fd8\u53ef\u4ee5\u4e3a\u201c\u51fa\u4e91\u201d\u7ea7\u52a0\u88c5\u6ed1\u8dc3\u7532\u677f\uff0c\u8fdb\u4e00\u6b65\u63d0\u9ad8F-35B\u7684\u8d77\u98de\u91cd\u91cf\uff0c\u589e\u52a0\u5176\u6302\u5f39\u91cf\u548c\u8f7d\u6cb9\u91cf\uff0c\u7f29\u77ed\u6ed1\u8dd1\u8ddd\u79bb\uff0c\u4f46\u8fd9\u6837\u7684\u8bdd\uff0c\u6539\u9020\u5de5\u7a0b\u91cf\u4f1a\u66f4\u5927\u3002", "events": [], "arguments": {"time": [], "loc": [], "country": [{"text": "\u65e5\u672c", "offset": 2, "length": 2}], "weapon": [{"text": "\u201c\u51fa\u4e91\u201d\u7ea7", "offset": 25, "length": 5}, {"text": "F-35B", "offset": 42, "length": 5}]}}, {"sentence": "\u636e\u300a\u65e5\u672c\u65f6\u62a5\u300b\u7f51\u7ad9\u62a5\u9053\uff0c\u65e5\u672c\u6d77\u4e0a\u81ea\u536b\u961f\u9000\u5f79\u5c06\u9886\u4f0a\u85e4\u4fca\u5e78\u4f30\u8ba1\uff0c\u65e5\u672c\u5171\u9700\u89814\u8258\u822a\u6bcd\uff0c\u5982\u679c\u4ec5\u67092\u8258\uff0c\u53ea\u80fd\u6ee1\u8db3\u76f8\u5173\u4eba\u5458\u8d77\u964d\u8bad\u7ec3\u3002", "events": [], "arguments": {"time": [], "loc": [], "country": [{"text": "\u65e5\u672c", "offset": 2, "length": 2}, {"text": "\u65e5\u672c", "offset": 12, "length": 2}, {"text": "\u65e5\u672c", "offset": 30, "length": 2}], "weapon": [{"text": "\u822a\u6bcd", "offset": 37, "length": 2}]}}, {"sentence": "\u5f20\u5b66\u5cf0\u4ecb\u7ecd\u8bf4\uff0cF-35B\u6218\u6597\u673a\u5728F-35\u7cfb\u5217\u6218\u6597\u673a\u4e2d\uff0c\u9664\u4e86\u8d77\u964d\u6027\u80fd\u5916\u7684\u5404\u9879\u6027\u80fd\uff0c\u5305\u62ec\u822a\u7a0b\u3001\u673a\u52a8\u6027\u3001\u6700\u5927\u8d77\u98de\u91cd\u91cf\uff0c\u90fd\u5904\u4e8e\u201c\u57ab\u5e95\u201d\u4f4d\u7f6e\uff0c\u4f46\u5982\u679c\u548c\u5176\u4ed6\u56fd\u5bb6\u7684\u8230\u8f7d\u4e09\u4ee3\u6218\u6597\u673a\u4e89\u593a\u5236\u7a7a\u6743\uff0c\u4ecd\u7136\u6709\u76f8\u5f53\u5927\u7684\u4f18\u52bf\u3002", "events": [], "arguments": {"time": [], "loc": [], "country": [], "weapon": [{"text": "F-35B\u6218\u6597\u673a", "offset": 7, "length": 8}, {"text": "F-35\u7cfb\u5217\u6218\u6597\u673a", "offset": 16, "length": 9}]}}, {"sentence": "F-35B\u5177\u5907\u7684\u9690\u5f62\u7279\u6027\u5c06\u6781\u5927\u538b\u7f29\u4e09\u4ee3\u673a\u96f7\u8fbe\u7684\u63a2\u6d4b\u8ddd\u79bb\uff0c\u800c\u5b83\u81ea\u8eab\u88c5\u5907\u7684\u96f7\u8fbe\u63a2\u6d4b\u8ddd\u79bb\u8fdc\uff0c\u800c\u4e14\u53ef\u80fd\u5177\u6709\u4f4e\u622a\u83b7\u6982\u7387\u7684\u7279\u6027\uff0c\u5373\u4fbf\u9501\u5b9a\u5bf9\u65b9\uff0c\u5bf9\u65b9\u6218\u6597\u673a\u53ef\u80fd\u4e5f\u65e0\u6cd5\u505a\u51fa\u544a\u8b66\uff0c\u8fdb\u800c\u96be\u4ee5\u505a\u51fa\u89c4\u907f\u3001\u5e72\u6270\u7b49\u5bf9\u6297\u63aa\u65bd\uff0c\u56e0\u6b64\u8fd8\u662f\u8981\u5bf9F-35B\u4fdd\u6301\u8db3\u591f\u7684\u91cd\u89c6\u3002", "events": [], "arguments": {"time": [], "loc": [], "country": [], "weapon": [{"text": "\u6218\u6597\u673a", "offset": 67, "length": 3}, {"text": "F-35B", "offset": 103, "length": 5}]}}, {"sentence": "\u6b64\u5916\uff0c\u4e00\u65e6\u88c5\u5907F-35B\uff0c\u201c\u51fa\u4e91\u201d\u53f7\u548c\u201c\u52a0\u8d3a\u201d\u53f7\u7684\u90e8\u7f72\u76f8\u5bf9\u7075\u6d3b\uff0c\u53ef\u4ece\u591a\u4e2a\u65b9\u5411\u7ed9\u5bf9\u624b\u9020\u6210\u5a01\u80c1\u3002", "events": [], "arguments": {"time": [], "loc": [], "country": [], "weapon": [{"text": "F-35B", "offset": 7, "length": 5}, {"text": "\u201c\u51fa\u4e91\u201d\u53f7", "offset": 13, "length": 5}, {"text": "\u201c\u52a0\u8d3a\u201d\u53f7", "offset": 19, "length": 5}]}}, {"sentence": "\u7528F-35\u904f\u5236\u4e2d\u4fc4\uff1f", "events": [], "arguments": {"time": [], "loc": [], "country": [{"text": "\u4e2d", "offset": 7, "length": 1}, {"text": "\u4fc4", "offset": 8, "length": 1}], "weapon": [{"text": "F-35", "offset": 1, "length": 4}]}}, {"sentence": "\u4e00\u4f4d\u533f\u540d\u519b\u4e8b\u4e13\u5bb6\u5bf9\u300a\u73af\u7403\u65f6\u62a5\u300b\u8bb0\u8005\u8868\u793a\uff0c\u5728\u7f8e\u56fd\u770b\u6765\uff0c\u5bf9\u65e5\u589e\u552eF-35\u6700\u91cd\u8981\u7684\u52a8\u56e0\u662f\uff0cF-35\u5c06\u5e2e\u52a9\u65e5\u672c\u81ea\u536b\u961f\u8fdb\u4e00\u6b65\u904f\u5236\u4e2d\u4fc4\uff0c\u5c31\u5982\u540c20\u4e16\u7eaa80\u5e74\u4ee3\u7f8e\u56fd\u7387\u5148\u5411\u65e5\u672c\u51fa\u53e3\u9876\u7ea7F-15\u6218\u6597\u673a\u5bf9\u6297\u82cf\u8054\u4e00\u6837\u3002", "events": [], "arguments": {"time": [], "loc": [], "country": [{"text": "\u7f8e\u56fd", "offset": 21, "length": 2}, {"text": "\u65e5\u672c", "offset": 49, "length": 2}, {"text": "\u4fc4", "offset": 60, "length": 1}, {"text": "\u7f8e\u56fd", "offset": 73, "length": 2}, {"text": "\u65e5\u672c", "offset": 78, "length": 2}, {"text": "\u82cf\u8054", "offset": 93, "length": 2}], "weapon": [{"text": "F-15\u6218\u6597\u673a", "offset": 84, "length": 7}]}}, {"sentence": "\u5728\u8fd9\u4e00\u70b9\u4e0a\uff0c\u7f8e\u65e5\u7684\u65b9\u5411\u662f\u4e00\u81f4\u7684\u3002", "events": [], "arguments": {"time": [], "loc": [], "country": [{"text": "\u7f8e", "offset": 6, "length": 1}, {"text": "\u65e5", "offset": 7, "length": 1}], "weapon": []}}, {"sentence": "\u76ee\u524d\u4fc4\u7f57\u65af\u5728\u7b2c\u4e94\u4ee3\u9690\u5f62\u6218\u6597\u673a\u7684\u88c5\u5907\u4e0a\u843d\u540e\u4e00\u62cd\uff0c\u5f88\u53ef\u80fd\u5728\u76f8\u5f53\u957f\u4e00\u6bb5\u65f6\u95f4\u5185\u4e5f\u96be\u4ee5\u6539\u53d8\u8fd9\u79cd\u5c40\u9762\uff0c\u65e5\u672c\u822a\u7a7a\u81ea\u536b\u961f\u88c5\u5907F-35\u81f3\u5c11\u53ef\u5bf9\u4fc4\u519b\u4fdd\u6301\u5fc3\u7406\u4f18\u52bf\u3002", "events": [], "arguments": {"time": [], "loc": [], "country": [{"text": "\u4fc4\u7f57\u65af", "offset": 2, "length": 3}, {"text": "\u65e5\u672c", "offset": 45, "length": 2}], "weapon": [{"text": "\u7b2c\u4e94\u4ee3\u9690\u5f62\u6218\u6597\u673a", "offset": 6, "length": 8}, {"text": "F-35", "offset": 54, "length": 4}]}}, {"sentence": "\u6b64\u5916\uff0cF-35\u8d4b\u4e88\u4e86\u65e5\u672c\u822a\u7a7a\u81ea\u536b\u961f\u8f83\u5f3a\u7684\u653b\u51fb\u80fd\u529b\u3002", "events": [], "arguments": {"time": [], "loc": [], "country": [{"text": "\u65e5\u672c", "offset": 10, "length": 2}], "weapon": [{"text": "F-35", "offset": 3, "length": 4}]}}, {"sentence": "F-35\u4e00\u76f4\u88ab\u79f0\u4e3a\u201c\u8054\u5408\u653b\u51fb\u6218\u6597\u673a\u201d\uff0c\u5bf9\u5730\u653b\u51fb\u662f\u5176\u53d1\u5c55\u7684\u91cd\u8981\u52a8\u56e0\uff0c\u5185\u7f6e\u5f39\u8231\u53ef\u4ee5\u88c5\u5907\u7684\u5f39\u836f\u54c1\u79cd\u6bd4F-22\u8fd8\u591a\uff0c\u822a\u7a0b\u4e5f\u66f4\u8fdc\u3002", "events": [], "arguments": {"time": [], "loc": [], "country": [], "weapon": [{"text": "F-35", "offset": 0, "length": 4}, {"text": "F-22", "offset": 47, "length": 4}]}}, {"sentence": "\u65e5\u672c\u822a\u7a7a\u81ea\u536b\u961f\u4e4b\u524d\u53d7\u7f8e\u56fd\u7ea6\u675f\uff0c\u5728\u5bf9\u5730\u3001\u5bf9\u6d77\u653b\u51fb\u65b9\u9762\u4e00\u76f4\u7f3a\u5c11\u53ef\u9760\u624b\u6bb5\u3002", "events": [], "arguments": {"time": [], "loc": [], "country": [{"text": "\u65e5\u672c", "offset": 0, "length": 2}, {"text": "\u7f8e\u56fd", "offset": 10, "length": 2}], "weapon": []}}, {"sentence": "\u88c5\u5907F-35\u540e\uff0c\u5982\u679c\u518d\u5f15\u8fdb\u914d\u5957\u7684\u9632\u533a\u5916\u6253\u51fb\u5bfc\u5f39\uff0c\u5c06\u6781\u5927\u589e\u5f3a\u65e5\u672c\u81ea\u536b\u961f\u7684\u8fdb\u653b\u80fd\u529b\u3002", "events": [], "arguments": {"time": [], "loc": [], "country": [{"text": "\u65e5\u672c", "offset": 29, "length": 2}], "weapon": [{"text": "F-35", "offset": 2, "length": 4}, {"text": "\u5bfc\u5f39", "offset": 21, "length": 2}]}}, {"sentence": "\u4e0d\u8fc7\u8fd9\u540d\u4e13\u5bb6\u8ba4\u4e3a\uff0c\u65e5\u672c\u822a\u7a7a\u81ea\u536b\u961f\u7684\u8fdb\u653b\u6027\u88c5\u5907\u4f53\u7cfb\u5316\u6c34\u5e73\u4e0d\u8db3\uff0c\u5c06\u4f1a\u9650\u5236F-35\u7684\u8fd0\u7528\uff0c\u7279\u522b\u662f\u5728\u8fdc\u7a0b\u653b\u51fb\u65b9\u9762\u3002", "events": [], "arguments": {"time": [], "loc": [], "country": [{"text": "\u65e5\u672c", "offset": 9, "length": 2}], "weapon": [{"text": "F-35", "offset": 34, "length": 4}]}}, {"sentence": "\u800c\u4e14\u65e5\u672c\u7684\u6218\u7565\u7eb5\u6df1\u76f8\u5bf9\u8f83\u6d45\u3002", "events": [], "arguments": {"time": [], "loc": [], "country": [{"text": "\u65e5\u672c", "offset": 2, "length": 2}], "weapon": []}}, {"sentence": "\u76f8\u6bd4\u4e4b\u4e0b\uff0c\u4fc4\u7f57\u65af\u62e5\u6709\u5de1\u822a\u5bfc\u5f39\u3001\u5f39\u9053\u5bfc\u5f39\u548c\u9ad8\u8d85\u97f3\u901f\u5bfc\u5f39\uff0c\u53ef\u4ee5\u5148\u53d1\u5236\u4eba\uff0c\u762b\u75eaF-35\u7684\u57fa\u5730\uff0c\u201c\u5c06F-35\u6bc1\u4e8e\u5730\u9762\u8981\u6bd4\u5728\u7a7a\u4e2d\u51fb\u843d\u66f4\u4e3a\u5bb9\u6613\u201d\u3002", "events": [], "arguments": {"time": [], "loc": [], "country": [{"text": "\u4fc4\u7f57\u65af", "offset": 5, "length": 3}], "weapon": [{"text": "\u5de1\u822a\u5bfc\u5f39", "offset": 10, "length": 4}, {"text": "\u5f39\u9053\u5bfc\u5f39", "offset": 15, "length": 4}, {"text": "\u9ad8\u8d85\u97f3\u901f\u5bfc\u5f39", "offset": 20, "length": 6}, {"text": "F-35", "offset": 46, "length": 4}]}}, {"sentence": "\u65e5\u672c\u6d77\u4e0a\u81ea\u536b\u961f\u7684F-35B\u4e5f\u540c\u6837\u9762\u4e34\u8fd9\u79cd\u60c5\u51b5\uff1aF-35B\u867d\u7136\u9690\u5f62\uff0c\u4f46\u201c\u51fa\u4e91\u201d\u53f7\u548c\u201c\u52a0\u8d3a\u201d\u53f7\u5e76\u4e0d\u9690\u5f62\u3002", "events": [], "arguments": {"time": [], "loc": [], "country": [{"text": "\u65e5\u672c", "offset": 0, "length": 2}], "weapon": [{"text": "F-35B", "offset": 23, "length": 5}, {"text": "\u201c\u51fa\u4e91\u201d\u53f7", "offset": 34, "length": 5}, {"text": "\u201c\u52a0\u8d3a\u201d\u53f7", "offset": 40, "length": 5}]}}]