[{"sentence": "\u4fc4\u7f55\u89c1\u51fa\u52a8\u57fa\u6d1b\u592b\u7ea7\u5de1\u6d0b\u8230\u6f14\u4e60\u00a0\u53d1\u5c04\u53cd\u8230\u5bfc\u5f39\u6253\u51fb400\u516c\u91cc\u5916\u76ee\u6807", "events": [{"trigger": {"text": "\u53d1\u5c04", "offset": 15, "length": 2}, "subject": {"text": "\u4fc4\u7f55\u89c1\u51fa\u52a8\u57fa\u6d1b\u592b\u7ea7\u5de1\u6d0b\u8230\u6f14\u4e60", "offset": 0, "length": 14}, "object": {"text": "\u53cd\u8230\u5bfc\u5f39\u6253\u51fb400\u516c\u91cc\u5916\u76ee\u6807", "offset": 17, "length": 14}}], "arguments": {"time": [], "loc": [], "country": [{"text": "\u4fc4", "offset": 0, "length": 1}], "weapon": [{"text": "\u57fa\u6d1b\u592b\u7ea7\u5de1\u6d0b\u8230", "offset": 5, "length": 7}, {"text": "\u53cd\u8230\u5bfc\u5f39", "offset": 17, "length": 4}]}}, {"sentence": "\u3010\u73af\u7403\u7f51\u519b\u4e8b\u62a5\u9053\u3011", "events": [], "arguments": {"time": [], "loc": [], "country": [], "weapon": []}}, {"sentence": "\u4fc4\u7f57\u65af\u536b\u661f\u901a\u8baf\u793e7\u67089\u65e5\u62a5\u9053\uff0c\u4fc4\u7f57\u65af\u5317\u65b9\u8230\u961f\u65b0\u95fb\u5904\u5f53\u5929\u53d1\u5e03\u6d88\u606f\u79f0\uff0c\u4fc4\u7f57\u65af\u6d77\u519b\u5317\u65b9\u8230\u961f\u5728\u4fc4\u7a7a\u5929\u519b\u56fe-22M3\u6218\u7565\u8f70\u70b8\u673a\u7684\u652f\u63f4\u4e0b\uff0c\u5728\u5df4\u4f26\u652f\u6d77\u7684\u6f14\u4e60\u4e2d\u5bf9\u5047\u60f3\u654c\u53d1\u52a8\u5bfc\u5f39\u653b\u51fb\u3002", "events": [], "arguments": {"time": [{"text": "7\u67089\u65e5", "offset": 8, "length": 4}], "loc": [], "country": [{"text": "\u4fc4\u7f57\u65af", "offset": 0, "length": 3}, {"text": "\u4fc4\u7f57\u65af", "offset": 15, "length": 3}, {"text": "\u4fc4\u7f57\u65af", "offset": 33, "length": 3}], "weapon": [{"text": "22M3\u6218\u7565\u8f70\u70b8\u673a", "offset": 49, "length": 9}, {"text": "\u56fe-22M3\u6218\u7565\u8f70\u70b8\u673a", "offset": 47, "length": 11}]}}, {"sentence": "\u201c\u5f7c\u5f97\u5927\u5e1d\u201d\u53f7\u5de1\u6d0b\u8230\u5728\u6f14\u4e60\u4e2d\u5f00\u706b\u5c04\u51fb", "events": [], "arguments": {"time": [], "loc": [], "country": [], "weapon": [{"text": "\u201c\u5f7c\u5f97\u5927\u5e1d\u201d\u53f7\u5de1\u6d0b\u8230", "offset": 0, "length": 10}]}}, {"sentence": "\u62a5\u9053\u79f0\uff0c\u4ee5\u201c\u5f7c\u5f97\u5927\u5e1d\u201d\u53f7\u91cd\u578b\u6838\u52a8\u529b\u5bfc\u5f39\u5de1\u6d0b\u8230\u4e3a\u65d7\u8230\u7684\u5317\u65b9\u8230\u961f\u5404\u653b\u51fb\u90e8\u961f\u5bf9\u4f4d\u4e8e\u5df4\u4f26\u652f\u6d77\u7684\u5047\u60f3\u654c\u7fa4\u5b9e\u65bd\u4e86\u5bfc\u5f39\u653b\u51fb\u3002", "events": [], "arguments": {"time": [], "loc": [{"text": "\u5df4\u4f26\u652f\u6d77", "offset": 38, "length": 4}], "country": [], "weapon": [{"text": "\u201c\u5f7c\u5f97\u5927\u5e1d\u201d\u53f7\u91cd\u578b\u6838\u52a8\u529b\u5bfc\u5f39\u5de1\u6d0b\u8230", "offset": 5, "length": 17}]}}, {"sentence": "\u6d88\u606f\u79f0\uff0c\u201c\u82b1\u5c97\u5ca9\u201d\u53cd\u8230\u5de1\u822a\u5bfc\u5f39\u548c\u201c\u706b\u5c71\u201d\u53cd\u8230\u5de1\u822a\u5bfc\u5f39\u5bf9\u6a21\u62df\u5047\u60f3\u654c\u6d77\u519b\u7f16\u961f\u7684\u9ad8\u96be\u5ea6\u9776\u6807\u5b9e\u65bd\u6253\u51fb\uff0c\u4e14\u76ee\u6807\u4f4d\u4e8e\u6700\u5927\u5c04\u7a0b\u7684\u4f4d\u7f6e\u3002", "events": [], "arguments": {"time": [], "loc": [], "country": [], "weapon": [{"text": "\u201c\u82b1\u5c97\u5ca9\u201d\u53cd\u8230\u5de1\u822a\u5bfc\u5f39", "offset": 4, "length": 11}, {"text": "\u201c\u706b\u5c71\u201d\u53cd\u8230\u5de1\u822a\u5bfc\u5f39", "offset": 16, "length": 10}]}}, {"sentence": "\u9664\u4e86\u4f7f\u7528\u7a7a\u5bf9\u5730\u5de1\u822a\u5bfc\u5f39\u5bf9\u8fd9\u4e9b400\u516c\u91cc\u4e4b\u5916\u76ee\u6807\u7684\u8fdb\u884c\u653b\u51fb\u5916\uff0c\u4fc4\u7a7a\u5929\u519b\u8fdc\u7a0b\u822a\u7a7a\u5175\u7684\u56fe-22M3\u8d85\u97f3\u901f\u8fdc\u7a0b\u8f70\u70b8\u673a\u4e5f\u4ece\u5df4\u4f26\u652f\u6d77\u6c34\u57df\u6307\u5b9a\u4f4d\u7f6e\u6267\u884c\u4e86\u8fdc\u7a0b\u653b\u51fb\u3002", "events": [], "arguments": {"time": [], "loc": [], "country": [{"text": "\u4fc4", "offset": 30, "length": 1}], "weapon": [{"text": "\u7a7a\u5bf9\u5730\u5de1\u822a\u5bfc\u5f39", "offset": 4, "length": 7}, {"text": "\u56fe-22M3\u8d85\u97f3\u901f\u8fdc\u7a0b\u8f70\u70b8\u673a", "offset": 40, "length": 14}]}}, {"sentence": "\u8fd9\u6b21\u5bfc\u5f39\u653b\u51fb\u6f14\u7ec3\u662f\u4fc4\u6d77\u519b\u5317\u65b9\u8230\u961f\u53f8\u4ee4\u83ab\u4f0a\u8c22\u8036\u592b\u7387\u7f16\u961f\u51fa\u822a\u8bad\u7ec3\u7684\u4e00\u90e8\u5206\u3002", "events": [], "arguments": {"time": [], "loc": [], "country": [{"text": "\u4fc4", "offset": 9, "length": 1}], "weapon": [{"text": "\u5bfc\u5f39", "offset": 2, "length": 2}]}}, {"sentence": "7\u67087\u65e5\u4fc4\u5317\u65b9\u8230\u961f\u66fe\u53d1\u5e03\u7f16\u961f\u51fa\u822a\u7684\u6d88\u606f\uff0c\u8be5\u7f16\u961f\u5305\u62ec30\u591a\u8258\u6c34\u9762\u8230\u53ea\u3001\u6f5c\u8247\u548c\u652f\u63f4\u8230\uff0c\u4ee5\u53ca20\u67b6\u98de\u673a\u548c\u7ea640\u5957\u5730\u9762\u5bfc\u5f39\u8bbe\u65bd\u3002", "events": [], "arguments": {"time": [], "loc": [], "country": [{"text": "\u4fc4", "offset": 4, "length": 1}], "weapon": [{"text": "\u6c34\u9762\u8230\u53ea", "offset": 29, "length": 4}, {"text": "\u6f5c\u8247", "offset": 34, "length": 2}, {"text": "\u652f\u63f4\u8230", "offset": 37, "length": 3}, {"text": "\u98de\u673a", "offset": 46, "length": 2}, {"text": "\u5730\u9762\u5bfc\u5f39", "offset": 53, "length": 4}]}}, {"sentence": "\u5176\u4e2d\u5305\u62ec\u201c\u5f7c\u5f97\u5927\u5e1d\u201d\u53f7\u91cd\u578b\u6838\u52a8\u529b\u5bfc\u5f39\u5de1\u6d0b\u8230\u548c\u201c\u4e4c\u65af\u5b63\u8bfa\u592b\u5143\u5e05\u53f7\u201d\u5bfc\u5f39\u5de1\u6d0b\u8230\u3002", "events": [], "arguments": {"time": [], "loc": [], "country": [], "weapon": [{"text": "\u201c\u4e4c\u65af\u5b63\u8bfa\u592b\u5143\u5e05\u53f7\u201d\u5bfc\u5f39\u5de1\u6d0b\u8230", "offset": 22, "length": 15}, {"text": "\u201c\u5f7c\u5f97\u5927\u5e1d\u201d\u53f7\u91cd\u578b\u6838\u52a8\u529b\u5bfc\u5f39\u5de1\u6d0b\u8230", "offset": 4, "length": 17}]}}, {"sentence": "\u6f14\u4e60\u5c06\u6301\u7eed\u6570\u5929\u65f6\u95f4\uff0c\u8ba1\u5212\u8fdb\u884c\u5bfc\u5f39\u3001\u9632\u7a7a\u3001\u706b\u70ae\u548c\u9c7c\u96f7\u653b\u51fb\u3002", "events": [], "arguments": {"time": [], "loc": [], "country": [], "weapon": [{"text": "\u5bfc\u5f39", "offset": 14, "length": 2}, {"text": "\u9632\u7a7a", "offset": 17, "length": 2}, {"text": "\u706b\u70ae", "offset": 20, "length": 2}, {"text": "\u9c7c\u96f7", "offset": 23, "length": 2}]}}]