[{"sentence": "\u7f8e\u56fd\u6279\u51c6\u5bf9\u65e5\u672c\u51fa\u53e3105\u67b6F-35\u6218\u673a\u00a0\u65e5\u672c\u5c06\u62e5\u6709\u4e16\u754c\u7b2c\u4e8c\u5927F-35\u673a\u7fa4", "events": [{"trigger": {"text": "\u51fa\u53e3", "offset": 7, "length": 2}, "subject": {"text": "\u65e5\u672c", "offset": 20, "length": 2}, "object": {"text": "105\u67b6F-35\u6218\u673a", "offset": 9, "length": 10}}, {"trigger": {"text": "\u62e5\u6709", "offset": 23, "length": 2}, "subject": {"text": "\u65e5\u672c", "offset": 20, "length": 2}, "object": {"text": "\u4e16\u754c\u7b2c\u4e8c\u5927F-35\u673a\u7fa4", "offset": 25, "length": 11}}], "arguments": {"time": [], "loc": [], "country": [{"text": "\u7f8e\u56fd", "offset": 0, "length": 2}, {"text": "\u65e5\u672c", "offset": 20, "length": 2}, {"text": "\u65e5\u672c", "offset": 5, "length": 2}], "weapon": [{"text": "F-35\u6218\u673a", "offset": 13, "length": 6}]}}, {"sentence": "\u3010\u73af\u7403\u7f51\u62a5\u9053 \u89c1\u4e60\u8bb0\u8005 \u9a6c\u5ca9\u3011", "events": [], "arguments": {"time": [], "loc": [], "country": [], "weapon": []}}, {"sentence": "\u636e\u201c\u73af\u7403\u98de\u884c\u201d\uff08FlightGlobal\uff09\u7f51\u7ad97\u670810\u65e5\u62a5\u9053\uff0c\u7f8e\u56fd\u56fd\u52a1\u9662\u5df2\u7ecf\u540c\u610f\u5411\u65e5\u672c\u51fa\u53e3105\u67b6F-35\u201c\u95ea\u75352\u201d\u9690\u8eab\u6218\u6597\u673a\uff0c\u5408\u540c\u603b\u4ef7\u503c\u7ea6231.1\u4ebf\u7f8e\u5143\u3002", "events": [], "arguments": {"time": [{"text": "7\u670810\u65e5", "offset": 23, "length": 5}], "loc": [], "country": [{"text": "\u7f8e\u56fd", "offset": 31, "length": 2}, {"text": "\u65e5\u672c", "offset": 41, "length": 2}], "weapon": [{"text": "F-35\u201c\u95ea\u75352\u201d\u9690\u8eab\u6218\u6597\u673a", "offset": 49, "length": 14}]}}, {"sentence": "\u65e5\u672c\u6240\u62e5\u6709\u7684F-35\u6218\u6597\u673a\u603b\u6570\u5c06\u8fbe147\u67b6\uff0c\u4ec5\u6b21\u4e8e\u7f8e\u56fd\u3002", "events": [], "arguments": {"time": [], "loc": [], "country": [{"text": "\u65e5\u672c", "offset": 0, "length": 2}, {"text": "\u7f8e\u56fd", "offset": 25, "length": 2}], "weapon": [{"text": "F-35\u6218\u6597\u673a", "offset": 6, "length": 7}]}}, {"sentence": "\u8fd9\u9879\u4ea4\u6613\u662f\u7f8e\u56fd\u5386\u53f2\u4e0a\u91d1\u989d\u7b2c\u4e8c\u5927\u7684\u6b66\u5668\u4ea4\u6613\uff0c\u4ec5\u6b21\u4e8e2010\u5e74\u6c99\u7279\u4ee5294\u4ebf\u7f8e\u5143\u91c7\u8d2dF-15SA\u6218\u6597\u673a\u53ca\u76f8\u5173\u7684\u6b66\u5668\u3002", "events": [], "arguments": {"time": [], "loc": [], "country": [{"text": "\u6c99\u7279", "offset": 29, "length": 2}, {"text": "\u7f8e\u56fd", "offset": 5, "length": 2}], "weapon": [{"text": "F-15SA\u6218\u6597\u673a", "offset": 40, "length": 9}]}}, {"sentence": "F-35A\u6218\u6597\u673a\u4ece\u5bcc\u58eb\u5c71\u4e0a\u7a7a\u98de\u8fc7", "events": [], "arguments": {"time": [], "loc": [{"text": "\u5bcc\u58eb\u5c71", "offset": 9, "length": 3}], "country": [], "weapon": [{"text": "F-35A\u6218\u6597\u673a", "offset": 0, "length": 8}]}}, {"sentence": "\u62a5\u9053\u79f0\uff0c\u65e5\u672c\u5171\u91c7\u8d2d\u4e8663\u67b6F-35A\u5e38\u89c4\u8d77\u964d\u578b\u6218\u6597\u673a\u548c42\u67b6F-35B\u77ed\u8ddd\u8d77\u98de\u5782\u76f4\u964d\u843d\u6218\u6597\u673a\uff0c\u6b64\u5916\uff0c\u4ea4\u6613\u8fd8\u5305\u62ec110\u53f0\u666e\u00b7\u60e0\u516c\u53f8\u7684F135\u53d1\u52a8\u673a\uff0c\u5305\u62ec5\u53f0\u5907\u7528\u6da1\u8f6e\u3002", "events": [], "arguments": {"time": [], "loc": [], "country": [{"text": "\u65e5\u672c", "offset": 4, "length": 2}], "weapon": [{"text": "F-35A\u5e38\u89c4\u8d77\u964d\u578b\u6218\u6597\u673a", "offset": 13, "length": 13}, {"text": "F-35B\u77ed\u8ddd\u8d77\u98de\u5782\u76f4\u964d\u843d\u6218\u6597\u673a", "offset": 30, "length": 16}]}}, {"sentence": "2018\u5e74\u5e95\uff0c\u65e5\u672c\u9996\u76f8\u5b89\u500d\u664b\u4e09\u6279\u51c6\u81ea\u536b\u961f\u5728\u73b0\u670942\u67b6F-35\u6218\u6597\u673a\u7684\u57fa\u7840\u4e0a\uff0c\u589e\u8d2d105\u67b6F-35\u6218\u6597\u673a\uff0c\u4f7f\u65e5\u672c\u7684F-35\u603b\u6570\u8fbe\u5230147\u67b6\u3002", "events": [], "arguments": {"time": [], "loc": [], "country": [{"text": "\u65e5\u672c", "offset": 7, "length": 2}, {"text": "\u65e5\u672c", "offset": 53, "length": 2}], "weapon": [{"text": "F-35\u6218\u6597\u673a", "offset": 26, "length": 7}, {"text": "F-35\u6218\u6597\u673a", "offset": 44, "length": 7}]}}, {"sentence": "\u5982\u6b64\u770b\u6765\uff0c\u7f8e\u56fd\u7f8e\u56fd\u56fd\u52a1\u9662\u73b0\u5728\u662f\u6b63\u5f0f\u6279\u51c6\u4e86\u65e5\u672c\u7684\u589e\u8d2dF-35\u6218\u6597\u673a\u7684\u65b9\u6848\u3002", "events": [], "arguments": {"time": [], "loc": [], "country": [{"text": "\u7f8e\u56fd", "offset": 5, "length": 2}, {"text": "\u7f8e\u56fd", "offset": 7, "length": 2}, {"text": "\u65e5\u672c", "offset": 20, "length": 2}], "weapon": [{"text": "F-35\u6218\u6597\u673a", "offset": 25, "length": 7}]}}, {"sentence": "\u65e5\u672c\u76ee\u524d\u6b63\u5728\u5bf9\u201c\u51fa\u4e91\u201d\u53f7\u76f4\u5347\u673a\u822a\u6bcd\u8fdb\u884c\u5347\u7ea7\u6539\u9020\uff0c\u4f7f\u5176\u6210\u4e3a\u80fd\u591f\u642d\u8f7d\u56fa\u5b9a\u7ffc\u6218\u6597\u673a\u7684\u771f\u6b63\u610f\u4e49\u4e0a\u7684\u822a\u6bcd\uff0c\u800c\u65e5\u672c\u589e\u8d2d\u7684105\u67b6F-35\u6218\u6597\u673a\u4e2d\u5c31\u6709F-35B\u578b\uff0c\u5e94\u8be5\u5c31\u662f\u4e3a\u4e86\u88c5\u5907\u201c\u51fa\u4e91\u201d\u53f7\u800c\u51c6\u5907\u7684\u3002", "events": [], "arguments": {"time": [], "loc": [], "country": [{"text": "\u65e5\u672c", "offset": 0, "length": 2}, {"text": "\u65e5\u672c", "offset": 49, "length": 2}], "weapon": [{"text": "F-35B\u578b", "offset": 68, "length": 6}, {"text": "F-35\u6218\u6597\u673a", "offset": 58, "length": 7}]}}, {"sentence": "\u65e5\u672c\u5728\u5f15\u8fdbF-35\u6218\u6597\u673a\u65b9\u9762\uff0c\u8fd8\u4e0d\u4ec5\u4ec5\u6ee1\u8db3\u4e8e\u83b7\u5f97\u8fd9\u6b3e\u6218\u6597\u673a\uff0c\u8fd8\u60f3\u638c\u63e1\u7b2c\u4e94\u4ee3\u6218\u6597\u673a\u7684\u76f8\u5173\u6280\u672f\u3002", "events": [], "arguments": {"time": [], "loc": [], "country": [{"text": "\u65e5\u672c", "offset": 0, "length": 2}], "weapon": [{"text": "F-35\u6218\u6597\u673a", "offset": 5, "length": 7}]}}, {"sentence": "\u65e5\u672c\u4e0d\u60dc\u82b1\u8d39\u91cd\u91d1\u4ece\u7f8e\u56fd\u5f15\u8fdb\u4e86F-35\u6218\u6597\u673a\u7684\u7ec4\u88c5\u7ebf\uff0c\u5b9e\u73b0\u201c\u672c\u571f\u5316\u201d\u751f\u4ea7\u3002", "events": [], "arguments": {"time": [], "loc": [], "country": [{"text": "\u65e5\u672c", "offset": 0, "length": 2}, {"text": "\u7f8e\u56fd", "offset": 9, "length": 2}], "weapon": [{"text": "F-35\u6218\u6597\u673a", "offset": 14, "length": 7}]}}, {"sentence": "\u65e5\u672c\u6700\u521d\u8d2d\u4e70\u768442\u67b6F-35\u4e2d\uff0c\u9664\u6700\u521d\u76841\u81f34\u53f74\u67b6\u98de\u673a\u7531\u7f8e\u56fd\u539f\u88c5\uff0c\u5176\u4f5938\u67b6\u5c06\u7531\u65e5\u672c\u5728\u56fd\u5185\u7ec4\u88c5\u3002", "events": [], "arguments": {"time": [], "loc": [], "country": [{"text": "\u65e5\u672c", "offset": 0, "length": 2}, {"text": "\u7f8e\u56fd", "offset": 29, "length": 2}, {"text": "\u65e5\u672c", "offset": 41, "length": 2}], "weapon": [{"text": "F-35", "offset": 10, "length": 4}]}}, {"sentence": "\u4f46\u4e0d\u5e78\u7684\u662f\uff0c\u65e5\u672c\u81ea\u884c\u7ec4\u88c5\u7684\u9996\u67b6F-35\uff085\u53f7\u673a\uff09\u4e8e\u53bb\u5e744\u670810\u65e5\u5728\u9752\u68ee\u53bf\u4e1c\u5317\u65b9\u5411\u7ea6135\u516c\u91cc\u5904\u5760\u6d77\uff0c\u673a\u6bc1\u4eba\u4ea1\u3002", "events": [], "arguments": {"time": [], "loc": [], "country": [{"text": "\u65e5\u672c", "offset": 6, "length": 2}], "weapon": [{"text": "F-35\uff085\u53f7\u673a\uff09", "offset": 15, "length": 9}]}}]