[{"sentence": "\u201c\u98de\u8c79\u201d\u7a7a\u6218\u5927\u7247\u6765\u88ad\uff01", "events": [], "arguments": {"time": [], "loc": [], "country": [], "weapon": [{"text": "\u201c\u98de\u8c79\u201d", "offset": 0, "length": 4}]}}, {"sentence": "\u6295\u63b7\u5236\u5bfc\u70b8\u5f39\u753b\u9762\u7f55\u89c1\u66dd\u5149", "events": [], "arguments": {"time": [], "loc": [], "country": [], "weapon": [{"text": "\u5236\u5bfc\u70b8\u5f39", "offset": 2, "length": 4}]}}, {"sentence": "\u65e5\u524d\uff0c\u4eba\u6c11\u6d77\u519b\u5fae\u535a\u53d1\u5e03\u4e86", "events": [], "arguments": {"time": [], "loc": [], "country": [], "weapon": []}}, {"sentence": "\u201c\u98de\u8c79\u201d\u6b7c\u8f70-7\u6218\u673a", "events": [], "arguments": {"time": [], "loc": [], "country": [], "weapon": [{"text": "\u201c\u98de\u8c79\u201d\u6b7c\u8f70-7\u6218\u673a", "offset": 0, "length": 10}]}}, {"sentence": "\u5b9e\u5f39\u5c04\u51fb\u8bad\u7ec3\u7684\u73b0\u573a\u89c6\u9891", "events": [], "arguments": {"time": [], "loc": [], "country": [], "weapon": []}}, {"sentence": "\u5b9b\u5982\u5927\u7247\u4e2d\u7684\u7279\u6280\u753b\u9762", "events": [], "arguments": {"time": [], "loc": [], "country": [], "weapon": []}}, {"sentence": "\u7f51\u53cb\u8bc4\u8bba\uff1a\u201c\u98de\u8c79\u51b2\u5929\uff0c\u820d\u6211\u5176\u8c01\uff01", "events": [], "arguments": {"time": [], "loc": [], "country": [], "weapon": []}}, {"sentence": "\u201d", "events": [], "arguments": {"time": [], "loc": [], "country": [], "weapon": []}}, {"sentence": "\u4e00\u8d77\u6765\u611f\u53d7\u4e00\u4e0b\u2193\u2193\u2193", "events": [], "arguments": {"time": [], "loc": [], "country": [], "weapon": []}}, {"sentence": "\u98ce\u901f8\u7c73/\u79d2\uff0c\u72d9\u51fb\u624b\u7cbe\u51c6\u5c04\u51fb", "events": [], "arguments": {"time": [], "loc": [], "country": [], "weapon": []}}, {"sentence": "\u4e2d\u56fd\u519b\u4eba\u7ed9\u4f60\u5e26\u6765\u7684", "events": [], "arguments": {"time": [], "loc": [], "country": [{"text": "\u4e2d\u56fd", "offset": 0, "length": 2}], "weapon": []}}, {"sentence": "\u8fdc\u8fdc\u4e0d\u6b62\u6218\u673a\u98de\u884c\u7684\u201c\u9ad8\u7a7a\u7729\u6655\u201d", "events": [], "arguments": {"time": [], "loc": [], "country": [], "weapon": [{"text": "\u6218\u673a", "offset": 4, "length": 2}]}}, {"sentence": "\u8fd8\u6709\u7cbe\u51c6\u5c04\u51fb\u5e26\u6765\u7684\u52a8\u4eba\u5fc3\u9b44", "events": [], "arguments": {"time": [], "loc": [], "country": [], "weapon": []}}, {"sentence": "\u6765\u770b\u8fd9\u6bb5\u8d85\u5e05\u7684\u201c\u72d9\u51fb\u6392\u7206\u201d\u2193", "events": [], "arguments": {"time": [], "loc": [], "country": [], "weapon": []}}, {"sentence": "\u6765\u81ea\u6b66\u8b66\u5317\u4eac\u603b\u961f", "events": [], "arguments": {"time": [], "loc": [], "country": [], "weapon": []}}, {"sentence": "\u673a\u52a8\u67d0\u652f\u961f\u7684\u72d9\u51fb\u624b\u738b\u8302\u65ed", "events": [], "arguments": {"time": [], "loc": [], "country": [], "weapon": []}}, {"sentence": "\u5728\u8ddd\u79bb50\u7c73\u3001\u98ce\u901f8\u7c73/\u79d2", "events": [], "arguments": {"time": [], "loc": [], "country": [], "weapon": []}}, {"sentence": "\u5f15\u4fe1\u76f4\u5f841.5\u6beb\u7c73 \u7684\u60c5\u51b5\u4e0b", "events": [], "arguments": {"time": [], "loc": [], "country": [], "weapon": []}}, {"sentence": "\u63a5\u8fde\u51fb\u53d1\u4e24\u67aa", "events": [], "arguments": {"time": [], "loc": [], "country": [], "weapon": []}}, {"sentence": "\u7b2c\u4e00\u67aa\u6fc0\u6d3b\u70b8\u836f\u7684\u5f15\u4fe1", "events": [], "arguments": {"time": [], "loc": [], "country": [], "weapon": []}}, {"sentence": "\u7b2c\u4e8c\u67aa\u5c04\u51fb\u6253\u65ad\u5f15\u4fe1\u963b\u6b62\u7206\u70b8", "events": [], "arguments": {"time": [], "loc": [], "country": [], "weapon": []}}, {"sentence": "\u8981\u8fbe\u5230\u6bcf\u4e00\u6b21\u7cbe\u51c6\u5c04\u51fb", "events": [], "arguments": {"time": [], "loc": [], "country": [], "weapon": []}}, {"sentence": "\u72d9\u51fb\u624b\u9700\u8981\u7ecf\u5386", "events": [], "arguments": {"time": [], "loc": [], "country": [], "weapon": []}}, {"sentence": "\u65e0\u6570\u6b21\u7684\u5b9e\u8df5\u548c\u8003\u9a8c", "events": [], "arguments": {"time": [], "loc": [], "country": [], "weapon": []}}, {"sentence": "\u65e0\u60e7\u6076\u52a3\u73af\u5883\uff0c\u6208\u58c1\u6ee9\u4e0a\u706b\u529b\u5168\u5f00", "events": [], "arguments": {"time": [], "loc": [], "country": [], "weapon": []}}, {"sentence": "\u832b\u832b\u897f\u5317\u6208\u58c1", "events": [], "arguments": {"time": [], "loc": [], "country": [], "weapon": []}}, {"sentence": "\u7b2c74\u96c6\u56e2\u519b\u67d0\u65c5", "events": [], "arguments": {"time": [], "loc": [], "country": [], "weapon": []}}, {"sentence": "\u4e00\u573a\u706b\u7bad\u5f39\u7cbe\u51c6\u5c04\u51fb\u8003\u6838\u6b63\u5728\u8fdb\u884c", "events": [], "arguments": {"time": [], "loc": [], "country": [], "weapon": [{"text": "\u706b\u7bad\u5f39", "offset": 2, "length": 3}]}}, {"sentence": "\u94c1\u6d41\u6eda\u6eda\uff0c\u785d\u70df\u5f25\u6f2b", "events": [], "arguments": {"time": [], "loc": [], "country": [], "weapon": []}}, {"sentence": "\u9762\u5bf9\u6208\u58c1\u4e0a\u968f\u65f6\u626c\u8d77\u7684\u98ce\u6c99", "events": [], "arguments": {"time": [], "loc": [], "country": [], "weapon": []}}, {"sentence": "\u8d85\u8fc760\u6444\u6c0f\u5ea6 \u7684\u5730\u8868\u6e29\u5ea6", "events": [], "arguments": {"time": [], "loc": [], "country": [], "weapon": []}}, {"sentence": "\u5b98\u5175\u4eec\u6beb\u4e0d\u754f\u60e7", "events": [], "arguments": {"time": [], "loc": [], "country": [], "weapon": []}}, {"sentence": "\u4f9d\u65e7\u6325\u6c57\u5982\u96e8\u3001\u82e6\u7ec3\u7cbe\u5175", "events": [], "arguments": {"time": [], "loc": [], "country": [], "weapon": []}}, {"sentence": "\u5f92\u624b\u6389\u8f6c\u8f66\u5934\uff0c3\u5206\u949f\u901f\u8fc7\u969c\u788d\u8def\u6bb5", "events": [], "arguments": {"time": [], "loc": [], "country": [], "weapon": []}}, {"sentence": "\u8fde\u7eed\u969c\u788d\u8def\u9a7e\u9a76\u3001\u539f\u5730\u7d27\u6025\u6389\u5934", "events": [], "arguments": {"time": [], "loc": [], "country": [], "weapon": []}}, {"sentence": "\u9ad8\u901f\u8fde\u7eed\u7ed5\u5f2f", "events": [], "arguments": {"time": [], "loc": [], "country": [], "weapon": []}}, {"sentence": "\u2026\u2026", "events": [], "arguments": {"time": [], "loc": [], "country": [], "weapon": []}}, {"sentence": "\u6c89\u91cd\u7b28\u62d9\u7684\u8f66\u8eab\u5728\u9a7e\u9a76\u5458\u7684\u201c\u795e\u64cd\u4f5c\u201d\u4e0b", "events": [], "arguments": {"time": [], "loc": [], "country": [], "weapon": []}}, {"sentence": "\u7075\u6d3b\u5730\u8f6c\u5f2f\u3001\u6389\u5934", "events": [], "arguments": {"time": [], "loc": [], "country": [], "weapon": []}}, {"sentence": "\u8fd9\u4e0d\u662f\u98d9\u8f66\u5927\u7247", "events": [], "arguments": {"time": [], "loc": [], "country": [], "weapon": []}}, {"sentence": "\u800c\u662f\u6bd4\u201c\u6b66\u201d\u73b0\u573a", "events": [], "arguments": {"time": [], "loc": [], "country": [], "weapon": []}}, {"sentence": "\u5728\u539f\u5730\u6389\u5934\u7684\u8bfe\u76ee\u4e2d", "events": [], "arguments": {"time": [], "loc": [], "country": [], "weapon": []}}, {"sentence": "\u5b98\u5175\u4eec\u7528\u5343\u65a4\u9876", "events": [], "arguments": {"time": [], "loc": [], "country": [], "weapon": []}}, {"sentence": "\u9876\u5728\u5e95\u76d8\u4e2d\u5fc3\u70b9\u4e0a", "events": [], "arguments": {"time": [], "loc": [], "country": [], "weapon": []}}, {"sentence": "\u7528\u624b\u63a8\u7740\u5b8c\u6210\u4e86\u6389\u5934", "events": [], "arguments": {"time": [], "loc": [], "country": [], "weapon": []}}, {"sentence": "\u8fde\u7eed\u969c\u788d\u8def\u9a7e\u9a76", "events": [], "arguments": {"time": [], "loc": [], "country": [], "weapon": []}}, {"sentence": "\u9009\u624b\u4eec\u9700\u8981\u57283\u5206\u949f \u5185", "events": [], "arguments": {"time": [], "loc": [], "country": [], "weapon": []}}, {"sentence": "\u5feb\u901f\u901a\u8fc75\u516c\u91cc\u8def\u7a0b\u7684", "events": [], "arguments": {"time": [], "loc": [], "country": [], "weapon": []}}, {"sentence": "\u70ae\u5f39\u5751\u3001\u53cc\u8fb9\u6865\u3001\u6d89\u6c34\u573a\u7b49\u969c\u788d", "events": [], "arguments": {"time": [], "loc": [], "country": [], "weapon": []}}, {"sentence": "\u8fd9\u4e9b\u201c\u795e\u4e00\u822c\u201d\u7684\u201c\u7279\u6548\u64cd\u4f5c\u201d", "events": [], "arguments": {"time": [], "loc": [], "country": [], "weapon": []}}, {"sentence": "\u4e0d\u8fc7\u662f\u4eba\u6c11\u519b\u961f\u7684\u8bad\u7ec3\u65e5\u5e38", "events": [], "arguments": {"time": [], "loc": [], "country": [], "weapon": []}}, {"sentence": "\u5e05\u6c14\u7684\u753b\u9762\u540e", "events": [], "arguments": {"time": [], "loc": [], "country": [], "weapon": []}}, {"sentence": "\u662f\u5e38\u4eba\u96be\u4ee5\u60f3\u8c61\u7684\u4ed8\u51fa", "events": [], "arguments": {"time": [], "loc": [], "country": [], "weapon": []}}, {"sentence": "\u4e3a\u4e2d\u56fd\u519b\u4eba\u70b9\u8d5e\uff01", "events": [], "arguments": {"time": [], "loc": [], "country": [{"text": "\u4e2d\u56fd", "offset": 1, "length": 2}], "weapon": []}}]