[{"sentence": "\u5df4\u897f\u5f00\u59cb\u5728\u672c\u571f\u751f\u4ea7\u201c\u9e70\u72ee\u201d\u96f6\u90e8\u4ef6\u00a0\u7ecf\u5178\u6b27\u6d32\u6218\u673a\u5c06\u5177\u5357\u7f8e\u8840\u7edf", "events": [{"trigger": {"text": "\u751f\u4ea7", "offset": 7, "length": 2}, "subject": {"text": "\u5df4\u897f\u5f00\u59cb\u5728\u672c\u571f", "offset": 0, "length": 7}, "object": {"text": "\u201c\u9e70\u72ee\u201d\u96f6\u90e8\u4ef6", "offset": 9, "length": 7}}], "arguments": {"time": [], "loc": [], "country": [{"text": "\u5df4\u897f", "offset": 0, "length": 2}, {"text": "\u6b27\u6d32", "offset": 19, "length": 2}], "weapon": [{"text": "\u201c\u9e70\u72ee\u201d", "offset": 9, "length": 4}, {"text": "\u6218\u673a", "offset": 21, "length": 2}]}}, {"sentence": "\u3010\u73af\u7403\u7f51\u62a5\u9053 \u89c1\u4e60\u8bb0\u8005 \u9a6c\u5ca9\u3011", "events": [], "arguments": {"time": [], "loc": [], "country": [], "weapon": []}}, {"sentence": "\u636e\u300a\u9632\u52a1\u65b0\u95fb\u300b\u7f51\u7ad97\u67088\u65e5\u62a5\u9053\uff0c\u5df4\u897f\u5df2\u5f00\u59cb\u5728\u672c\u571f\u751f\u4ea7\u745e\u5178\u201c\u9e70\u72ee\u201d\u6218\u6597\u673a\u7684\u90e8\u4ef6\u3002", "events": [], "arguments": {"time": [{"text": "7\u67088\u65e5", "offset": 9, "length": 4}], "loc": [], "country": [{"text": "\u5df4\u897f", "offset": 16, "length": 2}, {"text": "\u745e\u5178", "offset": 26, "length": 2}], "weapon": [{"text": "\u201c\u9e70\u72ee\u201d\u6218\u6597\u673a", "offset": 28, "length": 7}]}}, {"sentence": "\u201c\u9e70\u72ee\u201d\u6218\u6597\u673a\u5236\u9020\u5546\u867d\u7136\u8428\u535a\u516c\u53f8\u5728\u5df4\u897f\u5723\u4fdd\u7f57\u9644\u8fd1\u5efa\u8bbe\u7684\u5de5\u5382\u76ee\u524d\u5df2\u7ecf\u5f00\u59cb\u751f\u4ea7\u5355\u5ea7\u201c\u9e70\u72ee\u201dE\u6218\u6597\u673a\u7684\u673a\u8eab\u672b\u7aef\u548c\u524d\u90e8\u673a\u8eab\uff0c\u672a\u6765\u8fd8\u5c06\u751f\u4ea7\u53cc\u5ea7\u201c\u9e70\u72ee\u201dF\u578b\u7684\u5236\u52a8\u5668\u3001\u540e\u90e8\u673a\u8eab\u3001\u7ffc\u76d2\u548c\u524d\u90e8\u673a\u8eab\u3002", "events": [], "arguments": {"time": [], "loc": [{"text": "\u5df4\u897f\u5723\u4fdd\u7f57", "offset": 17, "length": 5}], "country": [{"text": "\u5df4\u897f", "offset": 17, "length": 2}], "weapon": [{"text": "\u5355\u5ea7\u201c\u9e70\u72ee\u201dE\u6218\u6597\u673a", "offset": 37, "length": 10}, {"text": "\u53cc\u5ea7\u201c\u9e70\u72ee\u201dF\u578b", "offset": 64, "length": 8}]}}, {"sentence": "\u8428\u535a2019\u5e74\u5411\u5df4\u897f\u7a7a\u519b\u4ea4\u4ed8\u9996\u67b6\u201c\u9e70\u72ee\u201dE\u6218\u6597\u673a", "events": [{"trigger": {"text": "\u4ea4\u4ed8", "offset": 12, "length": 2}, "subject": {"text": "\u8428\u535a2019\u5e74\u5411\u5df4\u897f\u7a7a\u519b", "offset": 0, "length": 12}, "object": {"text": "\u9996\u67b6\u201c\u9e70\u72ee\u201dE\u6218\u6597\u673a", "offset": 14, "length": 10}}], "arguments": {"time": [{"text": "2019\u5e74", "offset": 2, "length": 5}], "loc": [], "country": [{"text": "\u5df4\u897f", "offset": 8, "length": 2}], "weapon": [{"text": "\u201c\u9e70\u72ee\u201dE\u6218\u6597\u673a", "offset": 16, "length": 8}]}}, {"sentence": "\u8fd9\u4e9b\u96f6\u90e8\u4ef6\u5c06\u6700\u7ec8\u5728\u5df4\u897f\u822a\u7a7a\u5de5\u4e1a\u516c\u53f8\u5728\u5723\u4fdd\u7f57\u9644\u8fd1\u7684\u5de5\u5382\uff0c\u4ee5\u53ca\u8428\u535a\u516c\u53f8\u5728\u745e\u5178\u672c\u571f\u7684\u5de5\u5382\u5b8c\u6210\u6574\u673a\u7ec4\u88c5\u3002", "events": [], "arguments": {"time": [], "loc": [], "country": [{"text": "\u5df4\u897f", "offset": 9, "length": 2}, {"text": "\u745e\u5178", "offset": 34, "length": 2}], "weapon": []}}, {"sentence": "\u62a5\u9053\u79f0\uff0c2014\u5e74\uff0c\u5728\u4e0e\u7f8e\u56fd\u7684F/A-18\u201c\u8d85\u7ea7\u5927\u9ec4\u8702\u201d\u3001\u6cd5\u56fd\u7684\u201c\u9635\u98ce\u201d\u548c\u6b27\u6d32\u7684\u201c\u53f0\u98ce\u201d\u7ade\u4e89\u80dc\u51fa\u540e\uff0c\u8428\u535a\u8d62\u5f97\u4e86\u5df4\u897f36\u67b6\u201c\u9e70\u72ee\u201dE\u548cF\u7684\u91c7\u8d2d\u5408\u540c\uff0c\u540c\u610f\u8f6c\u8ba9\u6280\u672f\u662f\u5176\u83b7\u80dc\u7684\u4e3b\u8981\u4f18\u52bf\u3002", "events": [], "arguments": {"time": [], "loc": [], "country": [{"text": "\u7f8e\u56fd", "offset": 12, "length": 2}, {"text": "\u6cd5\u56fd", "offset": 29, "length": 2}, {"text": "\u6b27\u6d32", "offset": 37, "length": 2}, {"text": "\u5df4\u897f", "offset": 55, "length": 2}], "weapon": [{"text": "F/A-18\u201c\u8d85\u7ea7\u5927\u9ec4\u8702\u201d", "offset": 15, "length": 13}, {"text": "\u201c\u9635\u98ce\u201d", "offset": 32, "length": 4}, {"text": "\u201c\u53f0\u98ce\u201d", "offset": 40, "length": 4}, {"text": "\u201c\u9e70\u72ee\u201dE", "offset": 60, "length": 5}]}}, {"sentence": "\u8428\u535a\u516c\u53f8\u8868\u793a\uff0c\u5176\u5728\u5df4\u897f\u7684\u5de5\u5382\u5efa\u6210\u4e8e2018\u5e74\uff0c\u76ee\u524d\u5df2\u7ecf\u96c7\u4f63\u4e86\u8d85\u8fc770\u540d\u5df4\u897f\u5de5\u4eba\uff0c\u5176\u4e2d\u534a\u6570\u5c06\u8d74\u745e\u5178\u63a5\u53d7\u57f9\u8bad\uff0c\u4e00\u4e9b\u5de5\u4eba\u5df2\u7ecf\u5b8c\u6210\u57f9\u8bad\u8fd4\u56de\uff0c\u5f00\u59cb\u4e86\u751f\u4ea7\u5de5\u4f5c\uff0c\u9884\u8ba1\u52302024\u5e74\u96c7\u4f63\u4eba\u6570\u5c06\u8fbe\u5230200\u540d\u5de6\u53f3\u3002", "events": [], "arguments": {"time": [], "loc": [], "country": [{"text": "\u5df4\u897f", "offset": 9, "length": 2}, {"text": "\u5df4\u897f", "offset": 35, "length": 2}, {"text": "\u745e\u5178", "offset": 46, "length": 2}], "weapon": []}}]