[{"sentence": "\u8bc4\u4f30\u4fc4\u7f57\u65af\u519b\u4e8b\u80fd\u529b\uff0c\u7f8e\u6700\u65b0\u62a5\u544a\u8fd9\u6837\u8bf4", "events": [{"trigger": {"text": "\u8bc4\u4f30", "offset": 0, "length": 2}, "subject": {"text": "\u7f8e\u6700\u65b0\u62a5\u544a", "offset": 10, "length": 5}, "object": {"text": "\u4fc4\u7f57\u65af\u519b\u4e8b\u80fd\u529b", "offset": 2, "length": 7}}], "arguments": {"time": [], "loc": [], "country": [{"text": "\u4fc4\u7f57\u65af", "offset": 2, "length": 3}, {"text": "\u7f8e", "offset": 10, "length": 1}], "weapon": []}}, {"sentence": "\u3010\u73af\u7403\u65f6\u62a5\u7279\u7ea6\u8bb0\u8005 \u5f20\u4ea6\u9a70\u3011", "events": [], "arguments": {"time": [], "loc": [], "country": [], "weapon": []}}, {"sentence": "\u636e\u7f8e\u56fd\u6d77\u519b\u534f\u4f1a\u5b98\u7f517\u67087\u65e5\u62a5\u9053\uff0c\u7f8e\u56fd\u56fd\u4f1a\u7814\u7a76\u670d\u52a1\u5c40\u8fd1\u65e5\u5411\u56fd\u4f1a\u63d0\u4ea4\u4e86\u4e00\u4efd\u540d\u4e3a\u201c\u4fc4\u7f57\u65af\u6b66\u88c5\u90e8\u961f\uff1a\u80fd\u529b\u201d\u7684\u62a5\u544a\uff0c\u8fd9\u4e2a\u7bc7\u5e45\u53ea\u67093\u9875\u7684\u62a5\u544a\u7b80\u8981\u4ecb\u7ecd\u4e86\u4fc4\u7f57\u65af\u76ee\u524d\u7684\u519b\u4e8b\u5b9e\u529b\uff0c\u5305\u62ec\u4fc4\u519b\u961f\u81ea\u8eab\u4f18\u52a3\u52bf\u3002", "events": [], "arguments": {"time": [{"text": "7\u67087\u65e5", "offset": 9, "length": 4}], "loc": [], "country": [{"text": "\u7f8e\u56fd", "offset": 1, "length": 2}, {"text": "\u7f8e\u56fd", "offset": 16, "length": 2}, {"text": "\u4fc4\u7f57\u65af", "offset": 38, "length": 3}, {"text": "\u4fc4\u7f57\u65af", "offset": 69, "length": 3}], "weapon": []}}, {"sentence": "\u8be5\u62a5\u544a\u4e3b\u8981\u76ee\u7684\u6050\u6015\u662f\u4e3a\u5929\u5929\u5bf9\u4fc4\u7f57\u65af\u558a\u6253\u558a\u6740\u7684\u7f8e\u56fd\u8bae\u5458\u641e\u201c\u79d1\u666e\u201d\u3002", "events": [], "arguments": {"time": [], "loc": [], "country": [{"text": "\u4fc4\u7f57\u65af", "offset": 14, "length": 3}, {"text": "\u7f8e\u56fd", "offset": 22, "length": 2}], "weapon": []}}, {"sentence": "\u62a5\u544a\u79f0\uff0c\u81ea2008\u5e74\u4ee5\u6765\uff0c\u4fc4\u7f57\u65af\u4e00\u76f4\u5728\u5bfb\u6c42\u519b\u4e8b\u73b0\u4ee3\u5316\uff0c\u5e76\u5728\u5176\u5883\u5916\u8fdb\u884c\u4e86\u51e0\u6b21\u519b\u4e8b\u884c\u52a8\u3002", "events": [], "arguments": {"time": [], "loc": [], "country": [{"text": "\u4fc4\u7f57\u65af", "offset": 13, "length": 3}], "weapon": []}}, {"sentence": "\u300a2018\u5e74\u7f8e\u56fd\u56fd\u9632\u6218\u7565\u300b\u4f18\u5148\u5173\u6ce8\u4e0e\u4fc4\u7f57\u65af\uff08\u548c\u4e2d\u56fd\uff09\u7684\u201c\u957f\u671f\u6218\u7565\u7ade\u4e89\u201d\u3002", "events": [], "arguments": {"time": [], "loc": [], "country": [{"text": "\u7f8e\u56fd", "offset": 6, "length": 2}, {"text": "\u4fc4\u7f57\u65af", "offset": 18, "length": 3}, {"text": "\u4e2d\u56fd", "offset": 23, "length": 2}], "weapon": []}}, {"sentence": "\u4e3a\u4e86\u5e2e\u52a9\u6307\u5bfc\u51b3\u7b56\u4ee5\u5e94\u5bf9\u4fc4\u7f57\u65af\u7684\u6311\u6218\uff0c\u7f8e\u56fd\u4f1a\u8bae\u5458\u53ef\u80fd\u4f1a\u5bf9\u8bc4\u4f30\u4fc4\u7f57\u65af\u6b66\u88c5\u90e8\u961f\u7684\u80fd\u529b\u611f\u5174\u8da3\u3002", "events": [], "arguments": {"time": [], "loc": [], "country": [{"text": "\u4fc4\u7f57\u65af", "offset": 11, "length": 3}, {"text": "\u7f8e\u56fd", "offset": 18, "length": 2}, {"text": "\u4fc4\u7f57\u65af", "offset": 29, "length": 3}], "weapon": []}}, {"sentence": "\u8fd9\u4e5f\u662f\u5236\u4f5c\u8fd9\u4efd\u62a5\u544a\u7684\u4e3b\u8981\u76ee\u7684\u3002", "events": [], "arguments": {"time": [], "loc": [], "country": [], "weapon": []}}, {"sentence": "\u62a5\u544a\u5148\u4ecb\u7ecd\u4e86\u4fc4\u7f57\u65af\u7684\u519b\u8d39\u60c5\u51b5\u3002", "events": [], "arguments": {"time": [], "loc": [], "country": [{"text": "\u4fc4\u7f57\u65af", "offset": 6, "length": 3}], "weapon": []}}, {"sentence": "\u4fc4\u5b98\u65b9\u6570\u636e\u663e\u793a\uff0c\u4fc4\u7f57\u65af\u519b\u8d39\u5f00\u652f\u6bcf\u5e74\u5728600\u4ebf\u7f8e\u5143\u81f3650\u4ebf\u7f8e\u5143\u4e4b\u95f4\uff0c\u7ea6\u5360\u5176\u56fd\u5185\u751f\u4ea7\u603b\u503c\uff08GDP\uff09\u76844\uff05\u3002", "events": [], "arguments": {"time": [], "loc": [], "country": [{"text": "\u4fc4\u7f57\u65af", "offset": 8, "length": 3}], "weapon": []}}, {"sentence": "\u4f46\u5982\u679c\u6839\u636e\u8d2d\u4e70\u529b\u800c\u4e0d\u662f\u5e02\u573a\u6c47\u7387\u6765\u8bc4\u4f30\uff0c\u4fc4\u7f57\u65af\u56fd\u9632\u652f\u51fa\u53ef\u80fd\u66f4\u591a\u3002", "events": [], "arguments": {"time": [], "loc": [], "country": [{"text": "\u4fc4\u7f57\u65af", "offset": 19, "length": 3}], "weapon": []}}, {"sentence": "\u62a5\u544a\u8ba4\u4e3a\uff0c\u4fc4\u7f57\u65af\u7684\u957f\u671f\u56fd\u9632\u652f\u51fa\u4f18\u5148\u4e8b\u9879\u5728\u56fd\u5bb6\u519b\u5907\u8ba1\u5212\uff08GPV\uff09\u4e2d\u8fdb\u884c\u4e86\u8be6\u7ec6\u8bf4\u660e\uff0c\u8be5\u8ba1\u5212\u4ee510\u5e74\u4e3a\u5468\u671f\u5b9a\u671f\u66f4\u65b0\u3002", "events": [], "arguments": {"time": [], "loc": [], "country": [{"text": "\u4fc4\u7f57\u65af", "offset": 5, "length": 3}], "weapon": []}}, {"sentence": "\u89c4\u52122011\u5e74\u52302020\u5e74\u519b\u5907\u8ba1\u5212\u7684GPV 2020\uff0c\u81f4\u529b\u4e8e\u5c06\u519b\u961f\u73b0\u4ee3\u5316\u88c5\u5907\u7684\u603b\u4f53\u4efd\u989d\u63d0\u9ad8\u523070\uff05\u3002", "events": [], "arguments": {"time": [], "loc": [], "country": [], "weapon": []}}, {"sentence": "\u62a5\u544a\u79f0\uff0c\u4fc4\u7f57\u65af\u7684\u519b\u4e8b\u6539\u9769\u5f3a\u8c03\u6307\u6325\u548c\u63a7\u5236\u7ed3\u6784\u7684\u7cbe\u7b80\u3002", "events": [], "arguments": {"time": [], "loc": [], "country": [{"text": "\u4fc4\u7f57\u65af", "offset": 4, "length": 3}], "weapon": []}}, {"sentence": "\u4fc4\u7f57\u65af\u519b\u961f\u76ee\u524d\u5206\u4e3a4\u4e2a\u519b\u533a\uff08MD\uff09\u3002", "events": [], "arguments": {"time": [], "loc": [], "country": [{"text": "\u4fc4\u7f57\u65af", "offset": 0, "length": 3}], "weapon": []}}, {"sentence": "\u4fc4\u7f57\u65af\u8fd8\u5efa\u7acb\u4e86\u4e00\u4e2a\u4f4d\u4e8e\u83ab\u65af\u79d1\u7684\u4e2d\u592e\u6307\u6325\u4e2d\u5fc3\uff0c\u5373\u56fd\u9632\u6307\u6325\u4e2d\u5fc3\u3002", "events": [], "arguments": {"time": [], "loc": [], "country": [{"text": "\u4fc4\u7f57\u65af", "offset": 0, "length": 3}], "weapon": []}}, {"sentence": "\u6b64\u540e\uff0c\u62a5\u544a\u53c8\u5bf9\u4fc4\u7f57\u65af\u9646\u519b\u3001\u7a7a\u5929\u519b\u3001\u6d77\u519b\u3001\u7279\u79cd\u4f5c\u6218\u90e8\u961f\u4ee5\u53ca\u7a7a\u964d\u548c\u7a7a\u4e2d\u7a81\u51fb\u7fa4\u8fdb\u884c\u4e86\u7b80\u8981\u4ecb\u7ecd\u3002", "events": [], "arguments": {"time": [], "loc": [], "country": [{"text": "\u4fc4\u7f57\u65af", "offset": 7, "length": 3}], "weapon": []}}, {"sentence": "\u62a5\u544a\u79f0\uff0c\u5728\u8fc7\u53bb\u5341\u5e74\u4e2d\uff0c\u968f\u7740\u91cd\u578b\u706b\u70ae\u3001\u5bfc\u5f39\u548c\u7535\u5b50\u6218\u90e8\u961f\u5347\u7ea7\uff0c\u62db\u52df\u4e13\u4e1a\u58eb\u5175\u7684\u4eba\u6570\u6709\u6240\u589e\u52a0\uff0c\u4fc4\u7f57\u65af\u5730\u9762\u90e8\u961f\u5f97\u5230\u5927\u5927\u6539\u5584\u3002", "events": [], "arguments": {"time": [], "loc": [], "country": [{"text": "\u4fc4\u7f57\u65af", "offset": 43, "length": 3}], "weapon": [{"text": "\u706b\u70ae", "offset": 15, "length": 2}, {"text": "\u5bfc\u5f39", "offset": 18, "length": 2}]}}, {"sentence": "\u4fc4\u9646\u519b\u7684\u5176\u4ed6\u4f18\u5148\u4e8b\u9879\u5305\u62ec\u5f3a\u5316\u4fa6\u5bdf\u3001\u901a\u4fe1\u80fd\u529b\u548c\u589e\u5efa\u9f50\u88c5\u6ee1\u5458\u7684\u5e38\u5907\u90e8\u961f\u3002", "events": [], "arguments": {"time": [], "loc": [], "country": [{"text": "\u4fc4", "offset": 0, "length": 1}], "weapon": []}}, {"sentence": "\u62a5\u544a\u8ba4\u4e3a\uff0c\u4fc4\u7f57\u65af\u7684\u5730\u9762\u90e8\u961f\u5f3a\u8c03\u673a\u52a8\u6027\uff0c\u5e76\u201c\u8d8a\u6765\u8d8a\u6709\u80fd\u529b\u8fdb\u884c\u77ed\u6682\u4f46\u590d\u6742\u7684\u5feb\u8282\u594f\u884c\u52a8\u201d\u3002", "events": [], "arguments": {"time": [], "loc": [], "country": [{"text": "\u4fc4\u7f57\u65af", "offset": 5, "length": 3}], "weapon": []}}, {"sentence": "\u540c\u65f6\uff0c\u4fc4\u7f57\u65af\u5730\u9762\u90e8\u961f\u7ee7\u7eed\u4f9d\u9760\u5f81\u5175\u3001\u4f17\u591a\u76f8\u4f3c\u88c5\u5907\u4ee5\u53ca\u76f8\u5bf9\u6709\u9650\u7684\u90e8\u961f\u6765\u4fdd\u536b\u4fc4\u7f57\u65af\u5e7f\u9614\u7684\u9886\u571f\u3002", "events": [], "arguments": {"time": [], "loc": [], "country": [{"text": "\u4fc4\u7f57\u65af", "offset": 3, "length": 3}, {"text": "\u4fc4\u7f57\u65af", "offset": 35, "length": 3}], "weapon": []}}, {"sentence": "\u4fc4\u7f57\u65af\u88c5\u5907\u6700\u5148\u8fdb\u7684\u9646\u519b\u5728\u897f\u90e8\u519b\u533a\uff0c\u800c\u5357\u90e8\u519b\u533a\u4f3c\u4e4e\u62e5\u6709\u6570\u91cf\u6700\u591a\u7684\u90e8\u961f\u3002", "events": [], "arguments": {"time": [], "loc": [], "country": [{"text": "\u4fc4\u7f57\u65af", "offset": 0, "length": 3}], "weapon": []}}, {"sentence": "\u4fc4\u7f57\u65af\u90e8\u961f\u5c55\u793a\u4e86\u5e08\u4e0e\u65c5\u7684\u6df7\u5408\u7ed3\u6784\uff0c\u65c5\u4e3b\u8981\u7528\u4e8e\u4e0d\u5229\u4e8e\u5e08\u7ea7\u90e8\u961f\u5c55\u5f00\u884c\u52a8\u7684\u5730\u533a\u3002", "events": [], "arguments": {"time": [], "loc": [], "country": [{"text": "\u4fc4\u7f57\u65af", "offset": 0, "length": 3}], "weapon": []}}, {"sentence": "\u62a5\u544a\u79f0\uff0c\u62db\u8058\u4e13\u4e1a\u58eb\u5175\u4e00\u76f4\u662f\u5f53\u52a1\u4e4b\u6025\u3002", "events": [], "arguments": {"time": [], "loc": [], "country": [], "weapon": []}}, {"sentence": "\u5f81\u5175\u5236\u4e0d\u53d7\u6b22\u8fce\uff0c\u4fc4\u519b\u8ba4\u4e3a\u8fd9\u79cd\u58eb\u5175\u572812\u4e2a\u6708\u5185\u65e0\u6cd5\u6709\u6548\u8fdb\u884c\u8bad\u7ec3\u3002", "events": [], "arguments": {"time": [], "loc": [], "country": [{"text": "\u4fc4", "offset": 8, "length": 1}], "weapon": []}}, {"sentence": "\u5c3d\u7ba1\u5728\u5927\u591a\u6570\u673a\u52a8\u90e8\u961f\u4e2d\uff0c\u5e94\u5f81\u5165\u4f0d\u58eb\u5175\u6700\u591a\u5360\u4eba\u5458\u76841/3\uff0c\u4f46\u5927\u591a\u6570\u5e94\u5f81\u5165\u4f0d\u58eb\u5175\u90fd\u626e\u6f14\u7740\u8f85\u52a9\u652f\u63f4\u7684\u89d2\u8272\u3002", "events": [], "arguments": {"time": [], "loc": [], "country": [], "weapon": []}}, {"sentence": "\u4fc4\u7f57\u65af\u519b\u65b9\u5728\u53d9\u5229\u4e9a\u7b49\u5730\u7684\u884c\u52a8\u7ecf\u5386\u518d\u6b21\u8bc1\u660e\u5927\u89c4\u6a21\u706b\u70ae\u3001\u706b\u7bad\u5f39\u548c\u88c5\u7532\u90e8\u961f\u7684\u91cd\u8981\u6027\u3002", "events": [], "arguments": {"time": [], "loc": [], "country": [{"text": "\u4fc4\u7f57\u65af", "offset": 0, "length": 3}, {"text": "\u53d9\u5229\u4e9a", "offset": 6, "length": 3}], "weapon": [{"text": "\u706b\u70ae", "offset": 23, "length": 2}, {"text": "\u706b\u7bad\u5f39", "offset": 26, "length": 3}]}}, {"sentence": "\u4f46\u5728\u4fc4\u7f57\u65af\u519b\u961f\u7684\u73b0\u4ee3\u5316\u5efa\u8bbe\u4e2d\uff0c\u5730\u9762\u90e8\u961f\u5730\u4f4d\u4e00\u76f4\u662f\u76f8\u5bf9\u8f83\u4f4e\u7684\u3002", "events": [], "arguments": {"time": [], "loc": [], "country": [{"text": "\u4fc4\u7f57\u65af", "offset": 2, "length": 3}], "weapon": []}}, {"sentence": "\u6709\u5173\u90e8\u961f\u7684\u73b0\u4ee3\u5316\u5de5\u4f5c\u5927\u90e8\u5206\u7528\u4e8e\u5347\u7ea7\u73b0\u6709\u5e73\u53f0\uff0c\u4ece\u800c\u964d\u4f4e\u4e86\u5355\u4f4d\u4e4b\u95f4\u7684\u6807\u51c6\u5316\u7a0b\u5ea6\u5e76\u589e\u52a0\u4e86\u7ef4\u62a4\u6210\u672c\u3002", "events": [], "arguments": {"time": [], "loc": [], "country": [], "weapon": []}}, {"sentence": "\u62a5\u544a\u5bf9\u4fc4\u7f57\u65af\u7a7a\u5929\u519b\u548c\u6d77\u519b\u7b49\u90e8\u961f\u8fdb\u884c\u4ecb\u7ecd\u65f6\u79f0\uff0c\u4fc4\u7f57\u65af\u7a7a\u5929\u519b\u5305\u62ec\u7a7a\u519b\u3001\u9632\u7a7a\u519b\u3001\u822a\u5929\u519b\u7b49\u3002", "events": [], "arguments": {"time": [], "loc": [], "country": [{"text": "\u4fc4\u7f57\u65af", "offset": 3, "length": 3}, {"text": "\u4fc4\u7f57\u65af", "offset": 22, "length": 3}], "weapon": []}}, {"sentence": "\u548c\u6d77\u519b\u4e00\u6837\uff0c\u4fc4\u7a7a\u5929\u519b\u5728GPV 2020\u671f\u95f4\u83b7\u5f97\u4e86\u6700\u9ad8\u4f18\u5148\u7ea7\uff0c\u5141\u8bb8\u5f15\u5165\u65b0\u578b\u88c5\u5907\u548c\u8fdb\u884c\u5347\u7ea7\u7684\u88c5\u5907\uff0c\u5305\u62ec\u5927\u5e45\u6539\u8fdb\u7684\u5bfc\u5f39\u548c\u7cbe\u786e\u5236\u5bfc\u5f39\u836f\u3002", "events": [], "arguments": {"time": [], "loc": [], "country": [{"text": "\u4fc4", "offset": 6, "length": 1}], "weapon": [{"text": "\u5bfc\u5f39", "offset": 54, "length": 2}]}}, {"sentence": "\u6b64\u5916\uff0c\u52aa\u529b\u589e\u52a0\u98de\u884c\u5458\u548c\u673a\u7ec4\u4eba\u5458\u7684\u8bad\u7ec3\u548c\u98de\u884c\u65f6\u95f4\u3002", "events": [], "arguments": {"time": [], "loc": [], "country": [], "weapon": []}}, {"sentence": "\u4fc4\u6d77\u519b\u5206\u4e3a\u56db\u4e2a\u8230\u961f\uff0c\u5373\u5317\u65b9\u8230\u961f\u3001\u592a\u5e73\u6d0b\u8230\u961f\u3001\u9ed1\u6d77\u8230\u961f\u548c\u6ce2\u7f57\u7684\u6d77\u8230\u961f\uff0c\u8fd8\u6709\u4e00\u4e2a\u91cc\u6d77\u533a\u8230\u961f\u3002", "events": [], "arguments": {"time": [], "loc": [], "country": [{"text": "\u4fc4", "offset": 0, "length": 1}], "weapon": []}}, {"sentence": "\u4fc4\u6d77\u519b\u7684\u4e3b\u8981\u76ee\u6807\u662f\u6d77\u4e0a\u62d2\u6b62\u548c\u4fdd\u62a4\u4fc4\u7f57\u65af\u6f5c\u57fa\u6838\u5a01\u6151\u529b\u91cf\u3002", "events": [], "arguments": {"time": [], "loc": [], "country": [{"text": "\u4fc4", "offset": 0, "length": 1}, {"text": "\u4fc4\u7f57\u65af", "offset": 16, "length": 3}], "weapon": []}}, {"sentence": "\u53d7\u9650\u4e8e\u8d44\u6e90\u548c\u9020\u8239\u80fd\u529b\uff0c\u4fc4\u7f57\u65af\u6d77\u519b\u91cd\u70b9\u5173\u6ce8\u6cbf\u6d77\u9632\u5fa1\uff0c\u8fdc\u5f81\u80fd\u529b\u6709\u9650\u3002", "events": [], "arguments": {"time": [], "loc": [], "country": [{"text": "\u4fc4\u7f57\u65af", "offset": 11, "length": 3}], "weapon": []}}, {"sentence": "\u5317\u65b9\u8230\u961f\u548c\u592a\u5e73\u6d0b\u8230\u961f\u662f\u4fc4\u7f57\u65af\u6838\u6f5c\u8247\u529b\u91cf\u7684\u4e3b\u8981\u9a7b\u624e\u5730\u3002", "events": [], "arguments": {"time": [], "loc": [], "country": [{"text": "\u4fc4\u7f57\u65af", "offset": 11, "length": 3}], "weapon": [{"text": "\u6838\u6f5c\u8247", "offset": 14, "length": 3}]}}, {"sentence": "\u800c\u5317\u65b9\u8230\u961f\u88c5\u5907\u6700\u5148\u8fdb\uff0c\u8d1f\u8d23\u5317\u6781\u548c\u5317\u90e8\u519b\u533a\uff0c\u800c\u9ed1\u6d77\u8230\u961f\u89c4\u6a21\u548c\u80fd\u529b\u4e5f\u5728\u4e0d\u65ad\u58ee\u5927\u3002", "events": [], "arguments": {"time": [], "loc": [], "country": [], "weapon": []}}]