[{"sentence": "\u65e5\u672c\u9632\u536b\u526f\u5927\u81e3\u89c6\u5bdf\u6b66\u5668\u7814\u7a76\u6240\u00a0\u9ad8\u8d85\u97f3\u901f\u5bfc\u5f39\u6a21\u578b\u610f\u5916\u66dd\u5149", "events": [{"trigger": {"text": "\u89c6\u5bdf", "offset": 7, "length": 2}, "subject": {"text": "\u65e5\u672c\u9632\u536b\u526f\u5927\u81e3", "offset": 0, "length": 7}, "object": {"text": "\u6b66\u5668\u7814\u7a76\u6240", "offset": 9, "length": 5}}], "arguments": {"time": [], "loc": [], "country": [{"text": "\u65e5\u672c", "offset": 0, "length": 2}], "weapon": [{"text": "\u9ad8\u8d85\u97f3\u901f\u5bfc\u5f39", "offset": 15, "length": 6}]}}, {"sentence": "\u3010\u73af\u7403\u7f51\u62a5\u9053 \u8bb0\u8005 \u5f90\u7490\u660e\u3011", "events": [], "arguments": {"time": [], "loc": [], "country": [], "weapon": []}}, {"sentence": "\u65e5\u672c\u9632\u536b\u526f\u5927\u81e3\u5c71\u672c\u670b\u5e7f\u8fd1\u65e5\u89c6\u5bdf\u4e86\u81ea\u536b\u961f\u822a\u7a7a\u88c5\u5907\u7814\u7a76\u6240\uff0c\u800c\u5728\u516c\u5f00\u7684\u753b\u9762\u4e2d\uff0c\u4e00\u5177\u7591\u4f3c\u9ad8\u8d85\u97f3\u901f\u98de\u884c\u5668\u7684\u6a21\u578b\u5f15\u4eba\u5173\u6ce8\u3002", "events": [], "arguments": {"time": [], "loc": [{"text": "\u81ea\u536b\u961f\u822a\u7a7a\u88c5\u5907\u7814\u7a76\u6240", "offset": 16, "length": 10}], "country": [{"text": "\u65e5\u672c", "offset": 0, "length": 2}], "weapon": [{"text": "\u9ad8\u8d85\u97f3\u901f\u98de\u884c\u5668", "offset": 40, "length": 7}]}}, {"sentence": "\u65e5\u672c\u9632\u536b\u526f\u5927\u81e3\u5c71\u672c\u670b\u5e7f7\u67087\u65e5\u5728\u793e\u4ea4\u5a92\u4f53\u4e0a\u53d1\u5e03\u6d88\u606f\u79f0\uff0c\u4ed6\u5f53\u5929\u89c6\u5bdf\u4e86\u65e5\u672c\u81ea\u536b\u961f\u822a\u7a7a\u88c5\u5907\u7814\u7a76\u6240\u3002", "events": [], "arguments": {"time": [{"text": "7\u67087\u65e5", "offset": 11, "length": 4}], "loc": [], "country": [{"text": "\u65e5\u672c", "offset": 0, "length": 2}, {"text": "\u65e5\u672c", "offset": 33, "length": 2}], "weapon": []}}, {"sentence": "\u5c71\u672c\u670b\u5e7f\u542c\u53d6\u4e86\u5173\u4e8e\u65e5\u672c\u65b0\u4e00\u4ee3\u6218\u6597\u673a\u7684\u4ecb\u7ecd\uff0c\u4f53\u9a8c\u4e86\u98de\u884c\u6a21\u62df\u5668\uff0c\u5e76\u67e5\u770b\u4e86\u6b63\u5728\u7814\u5236\u7684\u65b0\u578b\u53d1\u52a8\u673a\u7b49\u65b0\u88c5\u5907\u3002", "events": [], "arguments": {"time": [], "loc": [], "country": [{"text": "\u65e5\u672c", "offset": 9, "length": 2}], "weapon": [{"text": "\u6218\u6597\u673a", "offset": 14, "length": 3}]}}, {"sentence": "\u5728\u5c71\u672c\u670b\u5e7f\u53d1\u5e03\u7684\u56fe\u7247\u4e2d\uff0c\u80cc\u666f\u91cc\u7684\u4e00\u4e2a\u98de\u884c\u5668\u6a21\u578b\u5f15\u4eba\u5173\u6ce8\u3002", "events": [], "arguments": {"time": [], "loc": [], "country": [], "weapon": []}}, {"sentence": "\u4ece\u5916\u5f62\u7279\u5f81\u4e0a\u770b\uff0c\u8fd9\u5f88\u53ef\u80fd\u662f\u65e5\u672c\u6b63\u5728\u7814\u53d1\u7684\u9ad8\u8d85\u97f3\u901f\u5bfc\u5f39\u6a21\u578b\u3002", "events": [], "arguments": {"time": [], "loc": [], "country": [{"text": "\u65e5\u672c", "offset": 13, "length": 2}], "weapon": [{"text": "\u9ad8\u8d85\u97f3\u901f\u5bfc\u5f39", "offset": 20, "length": 6}]}}, {"sentence": "\u65e5\u672c\u5728\u53bb\u5e74\u5e74\u5e95\u9ad8\u8c03\u66dd\u5149\u4e86\u6b63\u5728\u7814\u5236\u7684\u201c\u9ad8\u901f\u6ed1\u7a7a\u5f39\u201d\u98de\u884c\u5668\uff0c\u5728\u65e5\u672c\u9996\u6b21\u4e3e\u529e\u7684\u201c\u9632\u52a1\u4e0e\u5b89\u5168\u8bbe\u5907\u56fd\u9645\u535a\u89c8\u4f1a\u201d\uff08DESI\uff09\u4e0a\u516c\u5f00\u8fdb\u884c\u5c55\u793a\u3002", "events": [{"trigger": {"text": "\u66dd\u5149\u4e86", "offset": 9, "length": 3}, "subject": {"text": "\u65e5\u672c\u5728\u53bb\u5e74\u5e74\u5e95\u9ad8\u8c03", "offset": 0, "length": 9}, "object": {"text": "\u6b63\u5728\u7814\u5236\u7684\u201c\u9ad8\u901f\u6ed1\u7a7a\u5f39\u201d\u98de\u884c\u5668", "offset": 12, "length": 15}}], "arguments": {"time": [], "loc": [], "country": [{"text": "\u65e5\u672c", "offset": 0, "length": 2}, {"text": "\u65e5\u672c", "offset": 29, "length": 2}], "weapon": [{"text": "\u201c\u9ad8\u901f\u6ed1\u7a7a\u5f39\u201d\u98de\u884c\u5668", "offset": 17, "length": 10}]}}, {"sentence": "\u5f53\u65f6\u6709\u62a5\u9053\u79f0\uff0c\u8fd9\u79cd\u98de\u884c\u5668\u5b9e\u9645\u4e0a\u662f\u4e00\u79cd\u9ad8\u8d85\u97f3\u901f\u98de\u884c\u88c5\u7f6e\uff0c\u91c7\u7528\u4e0e\u4fc4\u7f57\u65af\u201c\u5148\u950b\u201d\u5bfc\u5f39\u7c7b\u4f3c\u7684\u52a9\u63a8\u6ed1\u7fd4\u98de\u884c\u6a21\u5f0f\uff0c\u53ef\u4ee5\u4ee55\u500d\u97f3\u901f\u4ee5\u4e0a\u7684\u901f\u5ea6\u98de\u884c\u3002", "events": [], "arguments": {"time": [], "loc": [], "country": [{"text": "\u4fc4\u7f57\u65af", "offset": 30, "length": 3}], "weapon": [{"text": "\u201c\u5148\u950b\u201d\u5bfc\u5f39", "offset": 33, "length": 6}]}}, {"sentence": "\u5728\u5f53\u65f6\u516c\u5f00\u7684\u52a8\u753b\u4e2d\u6f14\u793a\u4e86\u65e5\u672c\u201c\u9ad8\u901f\u6ed1\u7a7a\u5f39\u201d\u4ece\u53d1\u5c04\u5230\u5f39\u7bad\u5206\u79bb\uff0c\u7136\u540e\u8fdb\u884c\u6ed1\u7fd4\u98de\u884c\uff0c\u518d\u5230\u51c6\u786e\u547d\u4e2d\u6c34\u9762\u822a\u6bcd\u7684\u6a21\u62df\u8fc7\u7a0b\u3002", "events": [], "arguments": {"time": [], "loc": [], "country": [{"text": "\u65e5\u672c", "offset": 12, "length": 2}], "weapon": [{"text": "\u9ad8\u901f\u6ed1\u7a7a\u5f39", "offset": 15, "length": 5}, {"text": "\u201c\u9ad8\u901f\u6ed1\u7a7a\u5f39\u201d", "offset": 14, "length": 7}]}}, {"sentence": "\u867d\u7136\u65e5\u672c\u76ee\u524d\u8fd8\u662f\u53ea\u662f\u5728\u8fdb\u884c\u6ed1\u7fd4\u98de\u884c\u5668\u7684\u7814\u7a76\uff0c\u4f46\u4ece\u8fd9\u6bb5\u6f14\u793a\u52a8\u753b\u4e2d\u6765\u770b\uff0c\u5176\u6700\u7ec8\u76ee\u7684\u8fd8\u662f\u8981\u5b9e\u73b0\u9ad8\u8d85\u97f3\u901f\u98de\u884c\u5668\u7684\u6b66\u5668\u5316\uff0c\u8ba1\u5212\u5c06\u5176\u7528\u4e8e\u6253\u51fb\u5927\u578b\u6c34\u9762\u8230\u8239\u3002", "events": [], "arguments": {"time": [], "loc": [], "country": [{"text": "\u65e5\u672c", "offset": 2, "length": 2}], "weapon": [{"text": "\u6ed1\u7fd4\u98de\u884c\u5668", "offset": 13, "length": 5}, {"text": "\u9ad8\u8d85\u97f3\u901f\u98de\u884c\u5668", "offset": 44, "length": 7}, {"text": "\u5927\u578b\u6c34\u9762\u8230\u8239", "offset": 64, "length": 6}]}}, {"sentence": "\u65e5\u672c\u653f\u5e9c\u4e5f\u5728\u5e73\u621030\u5e74\u4e2d\u671f\u9632\u536b\u5927\u7eb2\u660e\u786e\u8981\u6c42\u57282028\u5e74\u5de6\u53f3\u88c5\u5907\u4e24\u4e2a\u9ad8\u8d85\u97f3\u901f\u5de1\u822a\u5bfc\u5f39\u5927\u961f\uff0c\u5206\u4e3a\u65e9\u671f\u88c5\u5907\u578b\uff08Block.1\uff09\u548c\u6027\u80fd\u5347\u7ea7\u578b\uff08Block.2\uff09\u3002", "events": [], "arguments": {"time": [], "loc": [], "country": [{"text": "\u65e5\u672c", "offset": 0, "length": 2}], "weapon": [{"text": "\u65e9\u671f\u88c5\u5907\u578b\uff08Block.1\uff09", "offset": 46, "length": 14}, {"text": "\u6027\u80fd\u5347\u7ea7\u578b\uff08Block.2\uff09", "offset": 61, "length": 14}]}}, {"sentence": "\u5bf9\u4e8e\u65e5\u672c\u9632\u536b\u7701\u7684\u9ad8\u8d85\u97f3\u901f\u6b66\u5668\u7814\u5236\u8ba1\u5212\uff0c\u4fc4\u519b\u4e8b\u4e13\u5bb6\u74e6\u897f\u91cc\u00b7\u5361\u7533\u66fe\u8bc4\u8bba\u8bf4\uff0c\u6700\u8fd1\u4e0d\u65ad\u51fa\u73b0\u7684\u6709\u5173\u65e5\u672c\u9ad8\u8d85\u97f3\u901f\u6b66\u5668\u8ba1\u5212\u7684\u6700\u65b0\u4fe1\u606f\u8868\u660e\uff0c\u672a\u6765\u5341\u5e74\u65e5\u672c\u6709\u53ef\u80fd\u5bf9\u5b89\u5168\u653f\u7b56\u8fdb\u884c\u91cd\u5927\u8c03\u6574\u3002", "events": [], "arguments": {"time": [], "loc": [], "country": [{"text": "\u65e5\u672c", "offset": 2, "length": 2}, {"text": "\u65e5\u672c", "offset": 44, "length": 2}, {"text": "\u65e5\u672c", "offset": 66, "length": 2}], "weapon": [{"text": "\u9ad8\u8d85\u97f3\u901f\u6b66\u5668", "offset": 46, "length": 6}]}}, {"sentence": "\u5361\u7533\u8ba4\u4e3a\uff0c\u65e5\u672c\u5177\u6709\u5f3a\u5927\u7684\u6574\u4f53\u5de5\u4e1a\u6f5c\u529b\uff0c\u518d\u52a0\u4e0a\u5bf9\u65e5\u672c\u519b\u5de5\u591a\u5e74\u6765\u7684\u6295\u8d44\uff0c\u53ef\u4ee5\u63a8\u6d4b\uff0c\u65e5\u672c\u5728\u56fd\u5185\u653f\u6cbb\u5c40\u52bf\u6446\u8131\u7f8e\u56fd\u8fc7\u5ea6\u5f71\u54cd\u540e\uff0c\u80fd\u591f\u72ec\u81ea\u89e3\u51b3\u81ea\u8eab\u5b89\u5168\u95ee\u9898\uff0c\u5411\u9ad8\u8d85\u97f3\u901f\u5bfc\u5f39\u8fc7\u6e21\uff0c\u72ec\u7acb\u751f\u4ea7\u5c06\u7ed9\u65e5\u672c\u5728\u8be5\u5730\u533a\u7684\u4efb\u4f55\u5bf9\u624b\uff0c\u751a\u81f3\u5305\u62ec\u4e2d\u56fd\uff0c\u9020\u6210\u6709\u6548\u5a01\u6151\u3002", "events": [], "arguments": {"time": [], "loc": [], "country": [{"text": "\u65e5\u672c", "offset": 5, "length": 2}, {"text": "\u65e5\u672c", "offset": 23, "length": 2}, {"text": "\u65e5\u672c", "offset": 39, "length": 2}, {"text": "\u7f8e\u56fd", "offset": 50, "length": 2}, {"text": "\u65e5\u672c", "offset": 87, "length": 2}, {"text": "\u4e2d\u56fd", "offset": 103, "length": 2}], "weapon": [{"text": "\u9ad8\u8d85\u97f3\u901f\u5bfc\u5f39", "offset": 72, "length": 6}]}}]