[{"sentence": "\u7f8e\u56fd2020\u8d22\u5e74\u519b\u4e8b\u88c5\u5907\u51fa\u53e3\u8fbe1750\u4ebf\u7f8e\u5143", "events": [], "arguments": {"time": [], "loc": [], "country": [{"text": "\u7f8e\u56fd", "offset": 0, "length": 2}], "weapon": []}}, {"sentence": "\u7f8e\u56fd\u5b98\u54584\u65e5\u62ab\u9732\uff0c\u7f8e\u56fd2020\u8d22\u653f\u5e74\u5ea6\u519b\u4e8b\u88c5\u5907\u51fa\u53e3\u603b\u989d\u4e3a1750\u4ebf\u7f8e\u5143\uff0c\u540c\u6bd4\u589e\u52a02.8%\u3002", "events": [], "arguments": {"time": [], "loc": [], "country": [{"text": "\u7f8e\u56fd", "offset": 0, "length": 2}, {"text": "\u7f8e\u56fd", "offset": 9, "length": 2}], "weapon": []}}, {"sentence": "\u7f8e\u56fd2020\u8d22\u5e74\u4ece2019\u5e7410\u67081\u65e5\u6301\u7eed\u81f32020\u5e749\u670830\u65e5\u3002", "events": [], "arguments": {"time": [], "loc": [], "country": [{"text": "\u7f8e\u56fd", "offset": 0, "length": 2}], "weapon": []}}, {"sentence": "\u636e\u7f8e\u56fd\u56fd\u52a1\u9662\u53d1\u5e03\u7684\u6570\u636e\uff0c\u7f8e\u56fd\u6218\u6597\u673a\u548c\u5236\u5bfc\u5bfc\u5f39\u51fa\u53e3\u989d\u5728\u8fd9\u4e00\u5e74\u91cc\u663e\u8457\u4e0a\u5347\uff0c\u4e24\u5927\u519b\u5de5\u4f01\u4e1a\u6d1b\u514b\u5e0c\u5fb7-\u9a6c\u4e01\u516c\u53f8\u548c\u96f7\u795e\u516c\u53f8\u6536\u83b7\u5927\u7b14\u8ba2\u5355\u3002", "events": [], "arguments": {"time": [], "loc": [], "country": [{"text": "\u7f8e\u56fd", "offset": 1, "length": 2}, {"text": "\u7f8e\u56fd", "offset": 12, "length": 2}], "weapon": [{"text": "\u6218\u6597\u673a", "offset": 14, "length": 3}, {"text": "\u5236\u5bfc\u5bfc\u5f39", "offset": 18, "length": 4}]}}, {"sentence": "\u4f8b\u5982\uff0c\u65e5\u672c\u4ece\u6d1b\u514b\u5e0c\u5fb7-\u9a6c\u4e01\u516c\u53f8\u8d2d\u4e7063\u67b6F-35\u6218\u6597\u673a\uff0c\u8ba2\u5355\u603b\u989d\u9ad8\u8fbe230\u4ebf\u7f8e\u5143\u3002", "events": [], "arguments": {"time": [], "loc": [], "country": [{"text": "\u65e5\u672c", "offset": 3, "length": 2}], "weapon": [{"text": "F-35\u6218\u6597\u673a", "offset": 20, "length": 7}]}}, {"sentence": "\u5916\u56fd\u8d2d\u4e70\u7f8e\u56fd\u519b\u706b\u901a\u5e38\u6709\u4e24\u79cd\u65b9\u5f0f\uff1a\u7b2c\u4e00\uff0c\u5916\u56fd\u653f\u5e9c\u4e0e\u6d1b\u514b\u5e0c\u5fb7-\u9a6c\u4e01\u3001\u96f7\u795e\u7b49\u7f8e\u56fd\u519b\u5de5\u4f01\u4e1a\u76f4\u63a5\u8c08\u5177\u4f53\u4ea4\u6613\uff1b\u7b2c\u4e8c\uff0c\u5916\u56fd\u8054\u7edc\u7f8e\u56fd\u4f7f\u9986\u7684\u56fd\u9632\u90e8\u5b98\u5458\u5546\u8c08\u519b\u8d2d\u4e8b\u5b9c\u3002", "events": [], "arguments": {"time": [], "loc": [], "country": [{"text": "\u7f8e\u56fd", "offset": 4, "length": 2}, {"text": "\u7f8e\u56fd", "offset": 35, "length": 2}, {"text": "\u7f8e\u56fd", "offset": 56, "length": 2}], "weapon": []}}, {"sentence": "\u65e0\u8bba\u54ea\u79cd\u65b9\u5f0f\uff0c\u6700\u7ec8\u90fd\u9700\u83b7\u5f97\u7f8e\u56fd\u653f\u5e9c\u6279\u51c6\u624d\u80fd\u5b9e\u73b0\u7f8e\u56fd\u6b66\u5668\u51fa\u53e3\u3002", "events": [], "arguments": {"time": [], "loc": [], "country": [{"text": "\u7f8e\u56fd", "offset": 13, "length": 2}, {"text": "\u7f8e\u56fd", "offset": 23, "length": 2}], "weapon": []}}, {"sentence": "\u57282020\u8d22\u5e74\uff0c\u4ee5\u4e0a\u8ff0\u7b2c\u4e00\u79cd\u65b9\u5f0f\u5b9e\u73b0\u7684\u7f8e\u56fd\u519b\u4e8b\u88c5\u5907\u51fa\u53e3\u989d\u7ea6\u4e3a1243\u4ebf\u7f8e\u5143\uff0c\u540c\u6bd4\u589e\u52a08.4%\uff1b\u4ee5\u7b2c\u4e8c\u79cd\u65b9\u5f0f\u5b9e\u73b0\u7684\u7f8e\u56fd\u519b\u4e8b\u88c5\u5907\u51fa\u53e3\u989d\u7ea6\u4e3a507.8\u4ebf\u7f8e\u5143\uff0c\u540c\u6bd4\u51cf\u5c118.3%\u3002", "events": [], "arguments": {"time": [], "loc": [], "country": [{"text": "\u7f8e\u56fd", "offset": 19, "length": 2}, {"text": "\u7f8e\u56fd", "offset": 56, "length": 2}], "weapon": []}}, {"sentence": "\u7531\u4e8e\u7edf\u8ba1\u53e3\u5f84\u548c\u8303\u56f4\u4e0d\u540c\uff0c\u4e0d\u540c\u673a\u6784\u548c\u5a92\u4f53\u7ed9\u51fa\u7684\u7f8e\u56fd\u519b\u4e8b\u88c5\u5907\u51fa\u53e3\u989d\u6570\u5b57\u53ef\u80fd\u6709\u6240\u4e0d\u540c\u3002", "events": [], "arguments": {"time": [], "loc": [], "country": [{"text": "\u7f8e\u56fd", "offset": 22, "length": 2}], "weapon": []}}, {"sentence": "\u4e0d\u5c11\u5206\u6790\u5e08\u6ce8\u610f\u5230\uff0c\u7f8e\u56fd\u603b\u7edf\u5510\u7eb3\u5fb7\u00b7\u7279\u6717\u666e\u6267\u653f\u671f\u95f4\u653e\u5bbd\u7f8e\u56fd\u6b66\u5668\u51fa\u53e3\u9650\u5236\uff0c\u79ef\u6781\u4fc3\u8fdb\u5bf9\u5916\u519b\u552e\uff0c\u751a\u81f3\u9f13\u52b1\u7f8e\u56fd\u5916\u4ea4\u5b98\u627f\u62c5\u63a8\u9500\u5de5\u4f5c\uff0c\u7f8e\u56fd\u6b66\u5668\u5e74\u5747\u51fa\u53e3\u989d\u660e\u663e\u9ad8\u4e8e\u8d1d\u62c9\u514b\u00b7\u5965\u5df4\u9a6c\u603b\u7edf\u4efb\u5185\u3002", "events": [], "arguments": {"time": [], "loc": [], "country": [{"text": "\u7f8e\u56fd", "offset": 9, "length": 2}, {"text": "\u7f8e\u56fd", "offset": 26, "length": 2}, {"text": "\u7f8e\u56fd", "offset": 48, "length": 2}, {"text": "\u7f8e\u56fd", "offset": 60, "length": 2}], "weapon": []}}, {"sentence": "\u745e\u5178\u65af\u5fb7\u54e5\u5c14\u6469\u56fd\u9645\u548c\u5e73\u7814\u7a76\u6240\u4eca\u5e743\u6708\u4e00\u4efd\u62a5\u544a\u663e\u793a\uff0c\u7f8e\u56fd\u8fc7\u53bb5\u5e74\u6b66\u5668\u51fa\u53e3\u6570\u91cf\u5360\u5168\u7403\u51fa\u53e3\u6570\u91cf\u4e09\u5206\u4e4b\u4e00\u4ee5\u4e0a\uff0c\u7a33\u5750\u5168\u7403\u5934\u53f7\u6b66\u5668\u5356\u5bb6\u4ea4\u6905\u3002", "events": [], "arguments": {"time": [], "loc": [], "country": [{"text": "\u745e\u5178", "offset": 0, "length": 2}, {"text": "\u7f8e\u56fd", "offset": 25, "length": 2}], "weapon": []}}, {"sentence": "\u62a5\u544a\u79f0\uff0c\u7f8e\u56fd\u51fa\u53e3\u6b66\u5668\u7684\u4e00\u534a\u6d41\u5411\u4e2d\u4e1c\u3002", "events": [], "arguments": {"time": [], "loc": [], "country": [{"text": "\u7f8e\u56fd", "offset": 4, "length": 2}], "weapon": []}}, {"sentence": "\uff08\u6768\u8212\u6021\uff09", "events": [], "arguments": {"time": [], "loc": [], "country": [], "weapon": []}}, {"sentence": "\uff08\u6768\u8212\u6021\uff09\uff08\u65b0\u534e\u793e\u4e13\u7279\u7a3f\uff09", "events": [], "arguments": {"time": [], "loc": [], "country": [], "weapon": []}}, {"sentence": "\uff08\u6768\u8212\u6021\uff09", "events": [], "arguments": {"time": [], "loc": [], "country": [], "weapon": []}}]