[{"sentence": "\u7ec6\u8282\u66dd\u5149\uff01", "events": [], "arguments": {"time": [], "loc": [], "country": [], "weapon": []}}, {"sentence": "\u8fd9\u5c31\u662f\u7f8e\u6fb3\u5bc6\u8c0b\u7684\u9ad8\u8d85\u97f3\u901f\u5bfc\u5f39", "events": [], "arguments": {"time": [], "loc": [], "country": [{"text": "\u7f8e", "offset": 3, "length": 1}, {"text": "\u6fb3", "offset": 4, "length": 1}], "weapon": [{"text": "\u9ad8\u8d85\u97f3\u901f\u5bfc\u5f39", "offset": 8, "length": 6}]}}, {"sentence": "\u6fb3\u5927\u5229\u4e9a\u5ba3\u5e03", "events": [], "arguments": {"time": [], "loc": [], "country": [{"text": "\u6fb3\u5927\u5229\u4e9a", "offset": 0, "length": 4}], "weapon": []}}, {"sentence": "\u4e0e\u7f8e\u56fd\u8054\u5408\u7814\u5236\u9ad8\u8d85\u97f3\u901f\u6b66\u5668", "events": [], "arguments": {"time": [], "loc": [], "country": [{"text": "\u7f8e\u56fd", "offset": 1, "length": 2}], "weapon": [{"text": "\u9ad8\u8d85\u97f3\u901f\u6b66\u5668", "offset": 7, "length": 6}]}}, {"sentence": "\u8fd9\u662f\u4e00\u6b3e\u4ec0\u4e48\u6837\u7684\u6b66\u5668\uff1f", "events": [], "arguments": {"time": [], "loc": [], "country": [], "weapon": []}}, {"sentence": "\u6fb3\u65b9\u6b64\u4e3e", "events": [], "arguments": {"time": [], "loc": [], "country": [{"text": "\u6fb3\u65b9", "offset": 0, "length": 2}], "weapon": []}}, {"sentence": "\u5c06\u5bf9\u4e9a\u592a\u5730\u533a\u7684\u5b89\u5168\u5c40\u52bf", "events": [], "arguments": {"time": [], "loc": [], "country": [], "weapon": []}}, {"sentence": "\u6709\u4f55\u5f71\u54cd?", "events": [], "arguments": {"time": [], "loc": [], "country": [], "weapon": []}}, {"sentence": "\u6fb3\u7f8e\u8054\u5408\u7814\u5236\u9ad8\u8d85\u97f3\u901f\u5bfc\u5f39", "events": [], "arguments": {"time": [], "loc": [], "country": [{"text": "\u6fb3", "offset": 0, "length": 1}, {"text": "\u7f8e", "offset": 1, "length": 1}], "weapon": [{"text": "\u9ad8\u8d85\u97f3\u901f\u5bfc\u5f39", "offset": 6, "length": 6}]}}, {"sentence": "\u5f53\u5730\u65f6\u95f412\u67081\u65e5\uff0c\u6fb3\u5927\u5229\u4e9a\u56fd\u9632\u90e8\u957f\u96f7\u8bfa\u5179\u5728\u4e00\u4efd\u58f0\u660e\u4e2d\u5ba3\u5e03\uff0c\u6fb3\u5927\u5229\u4e9a\u4e0e\u7f8e\u56fd\u8fd1\u65e5\u7b7e\u7f72\u4e86\u4e00\u4efd\u5408\u4f5c\u534f\u8bae\uff0c\u5c06\u8054\u5408\u5f00\u53d1\u5e76\u6d4b\u8bd5\u9ad8\u8d85\u97f3\u901f\u6b66\u5668\u3002", "events": [], "arguments": {"time": [], "loc": [], "country": [{"text": "\u6fb3\u5927\u5229\u4e9a", "offset": 10, "length": 4}, {"text": "\u6fb3\u5927\u5229\u4e9a", "offset": 30, "length": 4}, {"text": "\u7f8e\u56fd", "offset": 35, "length": 2}], "weapon": [{"text": "\u9ad8\u8d85\u97f3\u901f\u6b66\u5668", "offset": 57, "length": 6}]}}, {"sentence": "\u6fb3\u7f8e\u5b98\u65b9\u90fd\u6ca1\u6709\u516c\u5e03\u66f4\u591a\u7ec6\u8282\u3002", "events": [], "arguments": {"time": [], "loc": [], "country": [{"text": "\u6fb3", "offset": 0, "length": 1}, {"text": "\u7f8e", "offset": 1, "length": 1}], "weapon": []}}, {"sentence": "\u7efc\u5408\u4e24\u56fd\u5a92\u4f53\u7684\u62a5\u9053\uff0c\u53cc\u65b9\u5171\u540c\u7814\u5236\u7684\u662f\u4e00\u6b3e\u4ece\u98de\u673a\u4e0a\u53d1\u5c04\u7684\u8fdc\u7a0b\u5bfc\u5f39 \uff0c\u53ef\u4ee5\u642d\u8f7d\u5230\u6fb3\u519b\u7684F/A-18F\u201c\u8d85\u7ea7\u5927\u9ec4\u8702\u201d\u6218\u673a\u3001F-35A\u6218\u673a\u3001EA-18G\u201c\u5486\u54ee\u8005\u201d\u7535\u5b50\u6218\u98de\u673a\u4ee5\u53caP-8A\u6d77\u4e0a\u5de1\u903b\u673a\u7b49\u591a\u4e2a\u578b\u53f7\u7684\u4f5c\u6218\u5e73\u53f0\u4e0a\u3002", "events": [], "arguments": {"time": [], "loc": [], "country": [{"text": "\u6fb3", "offset": 38, "length": 1}], "weapon": [{"text": "F/A-18F\u201c\u8d85\u7ea7\u5927\u9ec4\u8702\u201d\u6218\u673a", "offset": 41, "length": 16}, {"text": "F-35A\u6218\u673a", "offset": 58, "length": 7}, {"text": "EA-18G\u201c\u5486\u54ee\u8005\u201d\u7535\u5b50\u6218\u98de\u673a", "offset": 66, "length": 16}, {"text": "P-8A\u6d77\u4e0a\u5de1\u903b\u673a", "offset": 84, "length": 9}]}}, {"sentence": "\u5bfc\u5f39\u7684\u5c04\u7a0b\u53ef\u80fd\u8fbe\u52301600\u516c\u91cc\u3002", "events": [], "arguments": {"time": [], "loc": [], "country": [], "weapon": [{"text": "\u5bfc\u5f39", "offset": 0, "length": 2}]}}, {"sentence": "\u5bfc\u5f39\u6837\u54c1\u6700\u5feb\u53ef\u80fd\u5728\u51e0\u4e2a\u6708\u4e4b\u5185\u542f\u52a8\u6d4b\u8bd5\uff0c\u6fb3\u5927\u5229\u4e9a\u519b\u65b9\u5e0c\u671b\u5176\u80fd\u57285\u81f310\u5e74\u5185\u670d\u5f79\u3002", "events": [], "arguments": {"time": [], "loc": [], "country": [{"text": "\u6fb3\u5927\u5229\u4e9a", "offset": 19, "length": 4}], "weapon": [{"text": "\u5bfc\u5f39", "offset": 0, "length": 2}]}}, {"sentence": "\u636e\u7f8e\u56fd\u300a\u9632\u52a1\u65b0\u95fb\u300b\u62a5\u9053\uff0c\u5bfc\u5f39\u7684\u6d4b\u8bd5\u5de5\u4f5c\u5f88\u53ef\u80fd\u5728\u4f4d\u4e8e\u6fb3\u5927\u5229\u4e9a\u5357\u90e8\u7684\u4e4c\u7f8e\u62c9\u8fdb\u884c\u3002", "events": [], "arguments": {"time": [], "loc": [], "country": [{"text": "\u7f8e\u56fd", "offset": 1, "length": 2}, {"text": "\u6fb3\u5927\u5229\u4e9a", "offset": 25, "length": 4}], "weapon": [{"text": "\u5bfc\u5f39", "offset": 12, "length": 2}]}}, {"sentence": "\u6fb3\u9632\u957f\u96f7\u8bfa\u5179\u4eca\u5e747\u6708\u8bbf\u7f8e\u671f\u95f4\uff0c\u66fe\u4e0e\u65f6\u4efb\u7f8e\u56fd\u56fd\u9632\u90e8\u957f\u57c3\u65af\u73c0\u5c31\u5171\u540c\u7814\u5236\u9ad8\u8d85\u97f3\u901f\u6b66\u5668\u4e00\u4e8b\u8fdb\u884c\u8fc7\u78cb\u5546\u3002", "events": [], "arguments": {"time": [], "loc": [], "country": [{"text": "\u7f8e\u56fd", "offset": 19, "length": 2}], "weapon": [{"text": "\u9ad8\u8d85\u97f3\u901f\u6b66\u5668", "offset": 33, "length": 6}]}}, {"sentence": "\u4f46\u6fb3\u5a92\u8868\u793a\uff0c\u4e24\u56fd\u5728\u4e0e\u9ad8\u8d85\u97f3\u901f\u6b66\u5668\u76f8\u5173\u7684\u52a8\u529b\u3001\u4f20\u611f\u5668\u53ca\u6750\u6599\u6280\u672f\u7b49\u9886\u57df\uff0c\u5df2\u7ecf\u8fdb\u884c\u4e86\u957f\u8fbe15\u5e74\u7684\u5408\u4f5c\u7814\u7a76\u3002", "events": [], "arguments": {"time": [], "loc": [], "country": [{"text": "\u6fb3", "offset": 1, "length": 1}], "weapon": [{"text": "\u9ad8\u8d85\u97f3\u901f\u6b66\u5668", "offset": 10, "length": 6}]}}, {"sentence": "\u800c\u7f8e\u56fd\u4e00\u76f4\u5728\u79ef\u6781\u8fdb\u884c\u9ad8\u8d85\u97f3\u901f\u6b66\u5668\u7684\u7814\u7a76\uff0c\u4e94\u89d2\u5927\u697c2021\u8d22\u5e74\u4e3a\u8fd9\u4e00\u7814\u7a76\u63d0\u51fa\u7684\u9884\u7b97\u9700\u6c42\u8fbe\u523032\u4ebf\u7f8e\u5143\u3002", "events": [], "arguments": {"time": [], "loc": [], "country": [{"text": "\u7f8e\u56fd", "offset": 1, "length": 2}], "weapon": [{"text": "\u9ad8\u8d85\u97f3\u901f\u6b66\u5668", "offset": 10, "length": 6}]}}, {"sentence": "\u6fb3\u62df10\u5e74\u62952700\u4ebf\u6fb3\u5143\u9632\u536b\u5f00\u652f", "events": [], "arguments": {"time": [], "loc": [], "country": [{"text": "\u6fb3", "offset": 0, "length": 1}], "weapon": []}}, {"sentence": "\u5e76\u4e14\u63d0\u5347\u8fdc\u7a0b\u7cbe\u786e\u6253\u51fb\u80fd\u529b", "events": [], "arguments": {"time": [], "loc": [], "country": [], "weapon": []}}, {"sentence": "\u6fb3\u5927\u5229\u4e9a\u7814\u5236\u9ad8\u8d85\u97f3\u901f\u5bfc\u5f39\uff0c\u4e0e\u5176\u9632\u536b\u6218\u7565\u8c03\u6574\uff0c\u5c24\u5176\u662f\u5f00\u59cb\u5f3a\u8c03\u8fdc\u7a0b\u7cbe\u786e\u6253\u51fb\u80fd\u529b\u5bc6\u4e0d\u53ef\u5206\u3002", "events": [], "arguments": {"time": [], "loc": [], "country": [{"text": "\u6fb3\u5927\u5229\u4e9a", "offset": 0, "length": 4}], "weapon": [{"text": "\u9ad8\u8d85\u97f3\u901f\u5bfc\u5f39", "offset": 6, "length": 6}]}}, {"sentence": "\u4eca\u5e747\u6708\uff0c\u6fb3\u603b\u7406\u83ab\u91cc\u68ee\u5ba3\u5e03\u5927\u5e45\u589e\u52a0\u9632\u536b\u5f00\u652f\uff1a\u672a\u676510\u5e74\uff0c\u6fb3\u653f\u5e9c\u8ba1\u5212\u5728\u56fd\u9632\u9886\u57df\u6295\u51652700\u4ebf\u6fb3\u5143\uff08\u7ea6\u54081.3\u4e07\u4ebf\u4eba\u6c11\u5e01\uff09\uff0c\u4e3b\u8981\u7528\u4e8e\u91c7\u8d2d\u5148\u8fdb\u88c5\u5907\u5e76\u589e\u52a0\u6fb3\u519b\u4eba\u5458\u6570\u91cf\u3002", "events": [], "arguments": {"time": [], "loc": [], "country": [], "weapon": []}}, {"sentence": "\u8fd92700\u4ebf\u6fb3\u5143\u4e2d\uff0c750\u4ebf\u7528\u4e8e\u6d77\u4e0a\u4e0e\u6c34\u4e0b\u6218\u529b\u7684\u63d0\u5347\uff0c650\u4ebf\u7528\u4e8e\u7a7a\u4e2d\u4e0e\u9632\u7a7a\u6218\u529b\u7684\u5f3a\u5316\uff0c550\u4ebf\u7528\u4e8e\u9646\u4e0a\u4f5c\u6218\u7cfb\u7edf\u7684\u5347\u7ea7\uff0c\u53e6\u670993\u4ebf\u6fb3\u5143\u5c06\u7528\u4e8e\u8fdc\u7a0b\u7cbe\u786e\u6253\u51fb\u6b66\u5668\u548c\u53cd\u5bfc\u7cfb\u7edf\u3002", "events": [], "arguments": {"time": [], "loc": [], "country": [], "weapon": []}}, {"sentence": "\u4f5c\u4e3a\u6253\u9020\u8fdc\u7a0b\u7cbe\u786e\u6253\u51fb\u80fd\u529b\u7684\u7b2c\u4e00\u6b65\uff0c\u6fb3\u5927\u5229\u4e9a\u5c06\u8017\u8d44\u7ea68\u4ebf\u6fb3\u5143\u4ece\u7f8e\u56fd\u91c7\u8d2dAGM-158C\u8fdc\u7a0b\u53cd\u8230\u5bfc\u5f39\u3002", "events": [], "arguments": {"time": [], "loc": [], "country": [{"text": "\u6fb3\u5927\u5229\u4e9a", "offset": 17, "length": 4}, {"text": "\u7f8e\u56fd", "offset": 30, "length": 2}], "weapon": [{"text": "AGM-158C\u8fdc\u7a0b\u53cd\u8230\u5bfc\u5f39", "offset": 34, "length": 14}]}}, {"sentence": "\u8fd9\u4e00\u578b\u53f7\u7684\u5bfc\u5f39\u7531\u6d1b\u514b\u5e0c\u5fb7\u00b7\u9a6c\u4e01\u516c\u53f8\u7814\u5236\uff0c\u53ef\u7531\u7f8e\u519b\u8230\u8f7d\u673a\u548cB-1B\u6218\u7565\u8f70\u70b8\u673a\u7b49\u591a\u4e2a\u673a\u578b\u643a\u5e26\u3002", "events": [], "arguments": {"time": [], "loc": [], "country": [{"text": "\u7f8e", "offset": 22, "length": 1}], "weapon": [{"text": "\u8230\u8f7d\u673a", "offset": 24, "length": 3}, {"text": "B-1B\u6218\u7565\u8f70\u70b8\u673a", "offset": 28, "length": 9}]}}, {"sentence": "\u8be5\u578b\u5bfc\u5f39\u7684\u5404\u9879\u6027\u80fd\u5168\u9762\u8d85\u8fc7\u7f8e\u56fd\u53ca\u5176\u76df\u53cb\u76ee\u524d\u4f7f\u7528\u7684\u201c\u9c7c\u53c9\u201d\u53cd\u8230\u5bfc\u5f39\u3002", "events": [], "arguments": {"time": [], "loc": [], "country": [{"text": "\u7f8e\u56fd", "offset": 13, "length": 2}], "weapon": [{"text": "\u201c\u9c7c\u53c9\u201d\u53cd\u8230\u5bfc\u5f39", "offset": 24, "length": 8}]}}, {"sentence": "\u7f8e\u5a92\u8ba4\u4e3a\uff0c\u8fd9\u79cd\u5bfc\u5f39\u4e3b\u8981\u9488\u5bf9\u7684\u76ee\u6807\u5c31\u662f\u5305\u62ec\u822a\u6bcd\u7b49\u5728\u5185\u7684\u5927\u578b\u6c34\u9762\u8230\u8247\uff0c\u90e8\u7f72\u5230\u4e9a\u592a\u5730\u533a\u7684\u6307\u5411\u6027\u4e0d\u8a00\u800c\u55bb\u3002", "events": [], "arguments": {"time": [], "loc": [], "country": [{"text": "\u7f8e", "offset": 0, "length": 1}], "weapon": [{"text": "\u5bfc\u5f39", "offset": 7, "length": 2}, {"text": "\u822a\u6bcd", "offset": 20, "length": 2}]}}, {"sentence": "\u4e13\u5bb6\uff1a\u6fb3\u5927\u5229\u4e9a\u9677\u5165\u5927\u56fd\u7ade\u4e89", "events": [], "arguments": {"time": [], "loc": [], "country": [{"text": "\u6fb3\u5927\u5229\u4e9a", "offset": 3, "length": 4}], "weapon": []}}, {"sentence": "\u6fb3\u5927\u5229\u4e9a\u4eca\u5e74\u5927\u5e45\u589e\u52a0\u9632\u536b\u5f00\u652f\uff0c\u53c8\u4e0e\u7f8e\u56fd\u8054\u5408\u7814\u5236\u9ad8\u8d85\u97f3\u901f\u6b66\u5668\uff0c\u6b64\u4e3e\u6709\u4f55\u610f\u56fe\uff1f", "events": [], "arguments": {"time": [], "loc": [], "country": [{"text": "\u6fb3\u5927\u5229\u4e9a", "offset": 0, "length": 4}, {"text": "\u7f8e\u56fd", "offset": 17, "length": 2}], "weapon": [{"text": "\u9ad8\u8d85\u97f3\u901f\u6b66\u5668", "offset": 23, "length": 6}]}}, {"sentence": "\u6fb3\u65b9\u505a\u6cd5\u5c06\u5bf9\u4e9a\u592a\u5730\u533a\u7684\u5b89\u5168\u5c40\u52bf\u6709\u4f55\u5f71\u54cd\uff1f", "events": [], "arguments": {"time": [], "loc": [], "country": [{"text": "\u6fb3\u65b9", "offset": 0, "length": 2}], "weapon": []}}, {"sentence": "\u56fd\u9645\u95ee\u9898\u4e13\u5bb6\u82cf\u6653\u6656\u8ba4\u4e3a\uff1a", "events": [], "arguments": {"time": [], "loc": [], "country": [], "weapon": []}}, {"sentence": "\u8fd1\u5e74\u6765\u7f8e\u56fd\u63a8\u52a8\u5370\u592a\u6218\u7565\uff0c\u7279\u6717\u666e\u653f\u5e9c\u5bf9\u5370\u592a\u5730\u533a\u52a0\u5927\u6295\u5165\uff0c\u6fb3\u5927\u5229\u4e9a\u67d0\u79cd\u7a0b\u5ea6\u662f\u626e\u6f14\u4e86\u201c\u9a6c\u524d\u5352\u201d\uff0c\u6240\u4ee5\u5728\u5b89\u5168\u5c42\u9762\u4e0a\uff0c\u6fb3\u5927\u5229\u4e9a\u660e\u786e\u91ca\u653e\u4fe1\u606f\u8981\u5e94\u5bf9\u5927\u56fd\u5d1b\u8d77\u3002", "events": [], "arguments": {"time": [], "loc": [], "country": [{"text": "\u7f8e\u56fd", "offset": 3, "length": 2}, {"text": "\u6fb3\u5927\u5229\u4e9a", "offset": 27, "length": 4}, {"text": "\u6fb3\u5927\u5229\u4e9a", "offset": 54, "length": 4}], "weapon": []}}, {"sentence": "\u6fb3\u5927\u5229\u4e9a\u613f\u610f\u628a\u81ea\u5df1\u4f5c\u4e3a\u7f8e\u56fd\u5370\u592a\u6218\u7565\u7684\u91cd\u8981\u652f\u67f1\uff0c\u540c\u6837\u4e5f\u5e0c\u671b\u5f71\u54cd\u672a\u6765\u62dc\u767b\u653f\u5e9c\u7684\u5730\u533a\u6218\u7565\u8d70\u5411\u3002", "events": [], "arguments": {"time": [], "loc": [], "country": [{"text": "\u6fb3\u5927\u5229\u4e9a", "offset": 0, "length": 4}, {"text": "\u7f8e\u56fd", "offset": 11, "length": 2}], "weapon": []}}, {"sentence": "\u6fb3\u65b9\u505a\u6cd5\u5bf9\u4e8e\u5730\u533a\u5b89\u5168\u6765\u8bf4\u4e0d\u4f1a\u4ea7\u751f\u6b63\u5411\u4f5c\u7528\uff0c\u53cd\u800c\u4f1a\u5236\u9020\u51fa\u66f4\u591a\u7684\u5206\u6b67\uff0c\u4f7f\u5730\u533a\u5b89\u5168\u5c40\u52bf\u5448\u73b0\u66f4\u52a0\u590d\u6742\u7684\u5c40\u9762\u3002", "events": [], "arguments": {"time": [], "loc": [], "country": [{"text": "\u6fb3\u65b9", "offset": 0, "length": 2}], "weapon": []}}, {"sentence": "\u53e6\u5916\uff0c\u6295\u5165\u5927\u56fd\u7ade\u4e89\uff0c\u4e5f\u662f\u5bf9\u6fb3\u5927\u5229\u4e9a\u81ea\u8eab\u8d44\u6e90\u7684\u6d88\u8017\u3002", "events": [], "arguments": {"time": [], "loc": [], "country": [{"text": "\u6fb3\u5927\u5229\u4e9a", "offset": 13, "length": 4}], "weapon": []}}, {"sentence": "\u6211\u5916\u4ea4\u90e8\uff1a\u6fb3\u81c6\u9020\u6240\u8c13\u201c\u4e2d\u56fd\u5a01\u80c1\u8bba\u201d", "events": [], "arguments": {"time": [], "loc": [], "country": [{"text": "\u4e2d\u56fd", "offset": 11, "length": 2}], "weapon": []}}, {"sentence": "\u4e3a\u6269\u5f20\u6b66\u5907\u627e\u501f\u53e3", "events": [], "arguments": {"time": [], "loc": [], "country": [], "weapon": []}}, {"sentence": "12\u67083\u65e5\uff0c\u5916\u4ea4\u90e8\u53d1\u8a00\u4eba\u534e\u6625\u83b9\u56de\u5e94\u6fb3\u5927\u5229\u4e9a\u5c06\u4e0e\u7f8e\u56fd\u8054\u5408\u7814\u5236\u9ad8\u8d85\u97f3\u901f\u5bfc\u5f39\u8868\u793a\uff0c\u8fd1\u5e74\u6765\uff0c\u7f8e\u56fd\u5e26\u5934\u53d1\u5c55\u9ad8\u8d85\u97f3\u901f\u6b66\u5668\uff0c\u76f4\u63a5\u5bfc\u81f4\u6b64\u7c7b\u6b66\u5668\u519b\u5907\u7ade\u8d5b\u52bf\u5934\u52a0\u5267\uff0c\u4e25\u91cd\u5f71\u54cd\u5168\u7403\u6218\u7565\u7a33\u5b9a\u3002", "events": [], "arguments": {"time": [], "loc": [], "country": [{"text": "\u6fb3\u5927\u5229\u4e9a", "offset": 17, "length": 4}, {"text": "\u7f8e\u56fd", "offset": 23, "length": 2}, {"text": "\u7f8e\u56fd", "offset": 42, "length": 2}], "weapon": [{"text": "\u9ad8\u8d85\u97f3\u901f\u5bfc\u5f39", "offset": 29, "length": 6}, {"text": "\u9ad8\u8d85\u97f3\u901f\u6b66\u5668", "offset": 48, "length": 6}]}}, {"sentence": "\u6fb3\u5927\u5229\u4e9a\u7d27\u7d27\u8ffd\u968f\u7f8e\u56fd\u7684\u6b65\u4f10\uff0c\u81c6\u9020\u6240\u8c13\u7684\u201c\u4e2d\u56fd\u5a01\u80c1\u8bba\u201d\u201c\u4fc4\u7f57\u65af\u5a01\u80c1\u8bba\u201d\uff0c\u4e3a\u81ea\u5df1\u6269\u5f20\u6b66\u5907\u627e\u501f\u53e3\uff0c\u7ed9\u5730\u533a\u4e43\u81f3\u4e16\u754c\u5b89\u5168\u589e\u6dfb\u4e0d\u7a33\u5b9a\u56e0\u7d20\u3002", "events": [], "arguments": {"time": [], "loc": [], "country": [{"text": "\u6fb3\u5927\u5229\u4e9a", "offset": 0, "length": 4}, {"text": "\u7f8e\u56fd", "offset": 8, "length": 2}, {"text": "\u4e2d\u56fd", "offset": 20, "length": 2}, {"text": "\u4fc4\u7f57\u65af", "offset": 27, "length": 3}], "weapon": []}}, {"sentence": "\u534e\u6625\u83b9\u5f3a\u8c03\uff0c\u4e2d\u56fd\u4e00\u8d2f\u5949\u884c\u9632\u5fa1\u6027\u56fd\u9632\u653f\u7b56\uff0c\u6ca1\u6709\u50cf\u7f8e\u56fd\u4e00\u6837\u7684\u5168\u7403\u4f5c\u6218\u6218\u7565\u548c\u8ba1\u5212\uff0c\u4e5f\u65e0\u610f\u9488\u5bf9\u6fb3\u5927\u5229\u4e9a\uff0c\u66f4\u6ca1\u6709\u4e0e\u522b\u56fd\u5f00\u5c55\u519b\u5907\u7ade\u8d5b\u7684\u5174\u8da3\u3002", "events": [], "arguments": {"time": [], "loc": [], "country": [{"text": "\u4e2d\u56fd", "offset": 6, "length": 2}, {"text": "\u7f8e\u56fd", "offset": 23, "length": 2}, {"text": "\u6fb3\u5927\u5229\u4e9a", "offset": 43, "length": 4}], "weapon": []}}, {"sentence": "\u6765\u6e90\uff1aCCTV-7\u300a\u6b63\u5348\u56fd\u9632\u519b\u4e8b\u300b\u3001CCTV-4\u300a\u4eca\u65e5\u4e9a\u6d32\u300b", "events": [], "arguments": {"time": [], "loc": [], "country": [], "weapon": [{"text": "CCTV-7", "offset": 3, "length": 6}, {"text": "CCTV-4", "offset": 18, "length": 6}]}}]