[{"sentence": "\u53f0\u6e7e\u6c49\u5149\u6f14\u4e60\u9884\u6f14\u53c8\u51fa\u610f\u5916\uff1a\u5feb\u8247\u7ffb\u8986\u591a\u540d\u58eb\u5175\u843d\u6c34\uff0c\u4e24\u4eba\u88ab\u9001\u8fdbICU\u62a2\u6551", "events": [], "arguments": {"time": [], "loc": [], "country": [{"text": "\u53f0\u6e7e", "offset": 0, "length": 2}], "weapon": [{"text": "\u5feb\u8247", "offset": 13, "length": 2}]}}, {"sentence": "\u3010\u73af\u7403\u7f51\u62a5\u9053 \u8bb0\u8005 \u5f90\u7490\u660e\u3011", "events": [], "arguments": {"time": [], "loc": [], "country": [], "weapon": []}}, {"sentence": "\u636e\u53f0\u6e7e\u201c\u8054\u5408\u65b0\u95fb\u7f51\u201d7\u67083\u65e5\u62a5\u9053\uff0c\u5f53\u5929\u65e9\u4e0a\u53f0\u6e7e\u201c\u6d77\u519b\u519b\u9646\u6218\u961f\u201d\u5728\u8fdb\u884c\u64cd\u821f\u8bad\u7ec3\u65f6\u53d1\u751f\u5feb\u8247\u7ffb\u8986\u4e8b\u6545\uff0c\u591a\u4eba\u843d\u6c34\u3002", "events": [], "arguments": {"time": [], "loc": [], "country": [{"text": "\u53f0\u6e7e", "offset": 1, "length": 2}, {"text": "\u53f0\u6e7e", "offset": 21, "length": 2}], "weapon": []}}, {"sentence": "\u539f\u672c\u6709\u4e00\u540d\u843d\u6c34\u8005\u5931\u8e2a\uff0c\u4f46\u968f\u540e\u88ab\u627e\u5230\u3002", "events": [], "arguments": {"time": [], "loc": [], "country": [], "weapon": []}}, {"sentence": "\u76ee\u524d\u5df2\u6709\u4e09\u4eba\u5148\u540e\u9001\u5f80\u53f0\u519b\u5de6\u8425\u519b\u8425\u533b\u9662\u6025\u6551\uff0c\u4e00\u4eba\u610f\u8bc6\u5c1a\u6e05\u9192\uff0c\u4e24\u4eba\u5931\u53bb\u610f\u8bc6\u4e14\u60c5\u51b5\u5371\u6025\uff0c\u5df2\u88ab\u9001\u5165\u52a0\u62a4\u75c5\u623f\uff08\u91cd\u75c7\u76d1\u62a4\u5ba4\uff0c\u7b80\u79f0ICU\uff09\uff0c\u6b63\u5728\u62a2\u6551\u4e2d\u3002", "events": [], "arguments": {"time": [], "loc": [], "country": [], "weapon": []}}, {"sentence": "\u6b64\u6b21\u64cd\u821f\u8bad\u7ec3\u662f\u53f0\u519b\u5c06\u4e8e13\u65e5\u4e3e\u884c\u7684\u201c\u6c49\u5149\u6f14\u4e60\u201d\u7684\u9884\u6f14\u3002", "events": [], "arguments": {"time": [], "loc": [], "country": [], "weapon": []}}, {"sentence": "\u533b\u9662\u65b9\u9762\u8bc1\u5b9e\uff0c\u9001\u5230\u533b\u9662\u7684\u4e09\u540d\u53f0\u519b\u58eb\u5175\u4e2d\uff0c\u5176\u4e2d\u6709\u4e00\u540d\u5973\u4e2d\u58eb\uff0c\u5230\u9662\u524d\u610f\u8bc6\u6e05\u695a\uff0c\u65e0\u660e\u663e\u5916\u4f24\uff0c\u4f46\u53d7\u5230\u60ca\u5413\uff0c\u76ee\u524d\u7559\u9662\u89c2\u5bdf\uff1b\u53e6\u4e24\u4eba\u610f\u8bc6\u4e0d\u6e05\uff0c\u8f6c\u5165\u52a0\u62a4\u75c5\u623f\u7ee7\u7eed\u62a2\u6551\uff0c\u5176\u4e2d\u4e00\u4eba\u60c5\u51b5\u5371\u6025\uff0c\u5df2\u7ecf\u4f7f\u7528ECMO\uff08\u4f53\u5916\u819c\u80ba\u6c27\u5408\uff0c\u7528\u4e8e\u4e3a\u91cd\u75c7\u5fc3\u80ba\u529f\u80fd\u8870\u7aed\u60a3\u8005\u63d0\u4f9b\u6301\u7eed\u7684\u4f53\u5916\u547c\u5438\u4e0e\u5faa\u73af\u4ee5\u7ef4\u6301\u60a3\u8005\u751f\u547d\uff09\u3002", "events": [], "arguments": {"time": [], "loc": [], "country": [], "weapon": []}}, {"sentence": "\u9662\u65b9\u8fd8\u8868\u793a\uff0c\u4e09\u4eba\u90fd\u662f\u6eba\u6c34\u545b\u4f24\u3002", "events": [], "arguments": {"time": [], "loc": [], "country": [], "weapon": []}}, {"sentence": "\u53f0\u6e7e\u6bcf\u5e74\u4e3e\u529e\u7684\u201c\u6c49\u5149\u6f14\u4e60\u201d\u6b64\u524d\u5df2\u7ecf\u591a\u6b21\u53d1\u751f\u4e8b\u6545\uff0c\u5728\u6700\u8fd1\u51e0\u5e74\u66f4\u662f\u6bcf\u5e74\u90fd\u6709\u58eb\u5175\u6b7b\u4f24\u7684\u60c5\u51b5\u51fa\u73b0\u3002", "events": [], "arguments": {"time": [], "loc": [], "country": [{"text": "\u53f0\u6e7e", "offset": 0, "length": 2}], "weapon": []}}, {"sentence": "2019\u5e745\u6708\u4e0b\u65ec\uff0c\u53f0\u6e7e\u201c\u6c49\u5149\u6f14\u4e60\u201d\u4e2d\u53d1\u751f\u6218\u8f66\u649e\u5012\u5e9f\u5f03\u5c97\u54e8\u7684\u4e8b\u6545\uff0c\u9020\u621015\u4eba\u53d7\u4f24\u3002", "events": [], "arguments": {"time": [], "loc": [], "country": [{"text": "\u53f0\u6e7e", "offset": 10, "length": 2}], "weapon": [{"text": "\u6218\u8f66", "offset": 21, "length": 2}]}}, {"sentence": "\u5f53\u65f6\u53f0\u519b\u58eb\u5175\u9a7e\u9a76\u4e2d\u578b\u6218\u672f\u8f66\u8f86\u884c\u7ecf\u6e56\u53e3\u4e8c\u8425\u533a\u5e9f\u5f03\u5c97\u54e8\u5904\uff0c\u649e\u51fb\u8425\u533a\u56f4\u5899\u81f4\u8f66\u5934\u534a\u6bc1\u300115\u4eba\u53d7\u4f24\uff0c\u968f\u540e\u4f24\u8005\u88ab\u7d27\u6025\u9001\u5f80\u533b\u9662\u3002", "events": [], "arguments": {"time": [], "loc": [], "country": [], "weapon": [{"text": "\u4e2d\u578b\u6218\u672f\u8f66\u8f86", "offset": 8, "length": 6}]}}, {"sentence": "2018\u5e745\u6708\u4e2d\u65ec\uff0c\u201c\u6c49\u514934\u53f7\u201d\u6f14\u4e60\u9884\u6f14\u73af\u8282\u53d1\u751f\u610f\u5916\uff0c\u4e00\u540d\u6a21\u62df\u201c\u5165\u4fb5\u7ea2\u519b\u201d\u7684\u8521\u59d3\u4f1e\u5175\u8df3\u51faC130\u673a\u8231\u540e\uff0c\u964d\u843d\u4f1e\u4e3b\u4f1e\u672a\u80fd\u6253\u5f00\uff0c\u8be5\u58eb\u5175\u4ece1300\u82f1\u5c3a(\u7ea6396\u7c73)\u7684\u9ad8\u7a7a\u5448\u201c\u81ea\u7531\u843d\u4f53\u201d\u5feb\u901f\u6454\u843d\u6e05\u6cc9\u5c97\u673a\u573a\uff0c\u968f\u540e\u88ab\u9001\u5230\u533b\u9662\u62a2\u6551\u3002", "events": [], "arguments": {"time": [], "loc": [], "country": [], "weapon": []}}, {"sentence": "\u800c\u57282018\u5e746\u6708\u521d\u7684\u6f14\u4e60\u6b63\u5f0f\u73af\u8282\uff0c\u4e00\u67b6\u53c2\u4e0e\u6f14\u4e60\u7684\u53f0\u519bF-16\u6218\u6597\u673a\u5728\u96f7\u8fbe\u5c4f\u5e55\u4e0a\u6d88\u5931\uff0c\u968f\u540e\u53f0\u519b\u65b9\u5728\u57fa\u9686\u5c71\u533a\u53d1\u73b0\u4e86\u6218\u673a\u649e\u5c71\u5760\u6bc1\u7684\u7684\u6b8b\u9ab8\u548c\u6ed1\u8e6d\u75d5\u8ff9\uff0c\u540e\u6765\u53c8\u53d1\u73b0\u4e86\u98de\u884c\u5458\u5434\u5f66\u9706\u5c11\u6821\u7684\u5c38\u5757\uff0c\u5224\u5b9a\u8be5\u67b6\u6218\u6597\u673a\u53d1\u751f\u649e\u5c71\u4e8b\u6545\u81f4\u673a\u6bc1\u4eba\u4ea1\u3002", "events": [], "arguments": {"time": [], "loc": [], "country": [], "weapon": [{"text": "F-16\u6218\u6597\u673a", "offset": 27, "length": 7}]}}, {"sentence": "\u5bf9\u4e8e\u201c\u6c49\u5149\u6f14\u4e60\u201d\uff0c\u519b\u4e8b\u4e13\u5bb6\u5b8b\u5fe0\u5e73\u6b64\u524d\u5bf9\u300a\u73af\u7403\u65f6\u62a5\u300b\u8bb0\u8005\u8868\u793a\uff0c\u201c\u6c49\u5149\u6f14\u4e60\u201d\u5b9e\u9645\u4e0a\u6839\u672c\u4e0d\u662f\u6f14\u4e60\uff0c\u800c\u662f\u6f14\u620f\u3002", "events": [], "arguments": {"time": [], "loc": [], "country": [], "weapon": []}}, {"sentence": "\u662f\u53f0\u5f53\u5c40\u6f14\u7ed9\u6c11\u4f17\u770b\u7684\uff0c\u5e76\u4e0d\u5177\u5907\u5b9e\u6218\u610f\u4e49\u3002", "events": [], "arguments": {"time": [], "loc": [], "country": [], "weapon": []}}, {"sentence": "\u8fd1\u5e74\u6765\u53f0\u6e7e\u5175\u6e90\u4e25\u91cd\u7f3a\u4e4f\uff0c\u6b66\u5668\u88c5\u5907\u4e5f\u5927\u591a\u662f\u8001\u65e7\u7684\u4e8c\u624b\u8d27\uff0c\u53f0\u519b\u5b98\u5175\u4e5f\u4e0d\u60f3\u6253\u4ed7\uff0c\u4e0d\u77e5\u9053\u4e3a\u8c01\u800c\u6218\uff0c\u56e0\u6b64\u201c\u6c49\u5149\u6f14\u4e60\u201d\u591a\u6b21\u53d1\u751f\u4e8b\u6545\u3002", "events": [], "arguments": {"time": [], "loc": [], "country": [{"text": "\u53f0\u6e7e", "offset": 3, "length": 2}], "weapon": []}}, {"sentence": "\u201c\u6c49\u5149\u6f14\u4e60\u201d\u5bf9\u4e8e\u8521\u82f1\u6587\u6765\u8bb2\u53ea\u662f\u4e00\u573a\u4f5c\u79c0\u3002", "events": [], "arguments": {"time": [], "loc": [], "country": [], "weapon": []}}]