[{"sentence": "\u5317\u7ea6\u53c8\u8d77\u5185\u8ba7\uff01", "events": [], "arguments": {"time": [], "loc": [], "country": [{"text": "\u5317\u7ea6", "offset": 0, "length": 2}], "weapon": []}}, {"sentence": "\u6cd5\u56fd\u79f0\u5176\u62a4\u536b\u8230\u906d\u571f\u8033\u5176\u519b\u8230\u6b66\u5668\u7cfb\u7edf\u4e09\u6b21\u7784\u51c6", "events": [], "arguments": {"time": [], "loc": [], "country": [{"text": "\u6cd5\u56fd", "offset": 0, "length": 2}, {"text": "\u571f\u8033\u5176", "offset": 8, "length": 3}], "weapon": [{"text": "\u62a4\u536b\u8230", "offset": 4, "length": 3}]}}, {"sentence": "\u3010\u73af\u7403\u7f51\u62a5\u9053 \u89c1\u4e60\u8bb0\u8005 \u9a6c\u5ca9\u3011", "events": [], "arguments": {"time": [], "loc": [], "country": [], "weapon": []}}, {"sentence": "\u636e\u82f1\u56fd\u5e7f\u64ad\u516c\u53f8\uff08BBC\uff097\u67082\u65e5\u62a5\u9053\uff0c\u6cd5\u56fd\u56fd\u9632\u90e8\u5ba3\u5e03\u6682\u505c\u53c2\u4e0e\u5317\u7ea6\u201c\u6d77\u4e0a\u536b\u58eb\u201d\u884c\u52a8\uff0c\u79f0\u662f\u7531\u4e8e\u571f\u8033\u5176\u8fdd\u53cd\u5bf9\u5229\u6bd4\u4e9a\u7684\u6b66\u5668\u7981\u8fd0\u3002", "events": [{"trigger": {"text": "\u5ba3\u5e03\u6682\u505c", "offset": 24, "length": 4}, "subject": {"text": "\u6cd5\u56fd\u56fd\u9632\u90e8", "offset": 19, "length": 5}, "object": {"text": "\u53c2\u4e0e\u5317\u7ea6\u201c\u6d77\u4e0a\u536b\u58eb\u201d\u884c\u52a8", "offset": 28, "length": 12}}, {"trigger": {"text": "\u79f0\u662f", "offset": 41, "length": 2}, "subject": {"text": "\u6cd5\u56fd\u56fd\u9632\u90e8", "offset": 19, "length": 5}, "object": {"text": "\u7531\u4e8e\u571f\u8033\u5176\u8fdd\u53cd\u5bf9\u5229\u6bd4\u4e9a\u7684\u6b66\u5668\u7981\u8fd0", "offset": 43, "length": 16}}], "arguments": {"time": [{"text": "7\u67082\u65e5", "offset": 12, "length": 4}], "loc": [], "country": [{"text": "\u82f1\u56fd", "offset": 1, "length": 2}, {"text": "\u6cd5\u56fd", "offset": 19, "length": 2}, {"text": "\u5317\u7ea6", "offset": 30, "length": 2}, {"text": "\u571f\u8033\u5176", "offset": 45, "length": 3}, {"text": "\u5229\u6bd4\u4e9a", "offset": 51, "length": 3}], "weapon": []}}, {"sentence": "\u62a5\u9053\u79f0\uff0c6\u670810\u65e5\uff0c\u6cd5\u56fd\u62a4\u536b\u8230\u201c\u5e93\u5c14\u8d1d\u201d\u53f7\u5728\u5229\u6bd4\u4e9a\u6d77\u5cb8\u6b63\u51c6\u5907\u68c0\u67e5\u4e00\u8258\u60ac\u6302\u5766\u6851\u5c3c\u4e9a\u56fd\u65d7\u7684\u8d27\u8f6e\uff0c\u67e5\u770b\u5b83\u662f\u5426\u5728\u8d70\u79c1\u6b66\u5668\uff0c\u6309\u7167\u6cd5\u56fd\u56fd\u9632\u90e8\u7684\u8bf4\u6cd5\uff0c\u8fd9\u662f\u6cd5\u56fd\u53c2\u4e0e\u5317\u7ea6\u201c\u6d77\u4e0a\u536b\u58eb\u201d\u884c\u52a8\u7684\u4e00\u90e8\u5206\u3002", "events": [], "arguments": {"time": [], "loc": [{"text": "\u5229\u6bd4\u4e9a\u6d77\u5cb8", "offset": 22, "length": 5}], "country": [{"text": "\u5766\u6851\u5c3c\u4e9a", "offset": 36, "length": 4}, {"text": "\u6cd5\u56fd", "offset": 10, "length": 2}, {"text": "\u5229\u6bd4\u4e9a", "offset": 22, "length": 3}, {"text": "\u6cd5\u56fd", "offset": 59, "length": 2}, {"text": "\u6cd5\u56fd", "offset": 70, "length": 2}, {"text": "\u5317\u7ea6", "offset": 74, "length": 2}], "weapon": [{"text": "\u201c\u5e93\u5c14\u8d1d\u201d\u53f7", "offset": 15, "length": 6}, {"text": "\u62a4\u536b\u8230\u201c\u5e93\u5c14\u8d1d\u201d\u53f7", "offset": 12, "length": 9}]}}, {"sentence": "\u7136\u800c\uff0c\u571f\u8033\u5176\u519b\u8230\u5374\u62a4\u536b\u7740\u8fd9\u8258\u8d27\u8f6e\uff0c\u5bf9\u6cd5\u56fd\u62a4\u536b\u8230\u201c\u5e93\u5c14\u8d1d\u201d\u53f7\u5c55\u73b0\u51fa\u654c\u610f\uff0c\u751a\u81f3\u7528\u6b66\u5668\u7cfb\u7edf\u4e09\u6b21\u7784\u51c6\u201c\u5e93\u5c14\u8d1d\u201d\u53f7\u3002", "events": [], "arguments": {"time": [], "loc": [], "country": [{"text": "\u571f\u8033\u5176", "offset": 3, "length": 3}, {"text": "\u6cd5\u56fd", "offset": 18, "length": 2}], "weapon": [{"text": "\u62a4\u536b\u8230\u201c\u5e93\u5c14\u8d1d\u201d\u53f7", "offset": 20, "length": 9}]}}, {"sentence": "\u571f\u8033\u5176\u575a\u51b3\u5426\u8ba4\u7528\u6b66\u5668\u7784\u51c6\u6cd5\u56fd\u62a4\u536b\u8230\uff0c\u5e76\u79f0\u5f53\u65f6\u7684\u4e92\u52a8\u662f\u53cb\u5584\u7684\uff0c\u800c\u4e14\u79f0\u90a3\u8258\u8d27\u8f6e\u8fd0\u9001\u7684\u662f\u533b\u7597\u7269\u8d44\u3002", "events": [], "arguments": {"time": [], "loc": [], "country": [{"text": "\u571f\u8033\u5176", "offset": 0, "length": 3}, {"text": "\u6cd5\u56fd", "offset": 12, "length": 2}], "weapon": [{"text": "\u62a4\u536b\u8230", "offset": 14, "length": 3}]}}, {"sentence": "\u4f46\u6cd5\u56fd\u8981\u6c42\u5317\u7ea6\u8c03\u67e5\u8fd9\u4e00\u4e8b\u4ef6\u3002", "events": [], "arguments": {"time": [], "loc": [], "country": [{"text": "\u6cd5\u56fd", "offset": 1, "length": 2}, {"text": "\u5317\u7ea6", "offset": 5, "length": 2}], "weapon": []}}, {"sentence": "\u62a5\u9053\u8bf4\uff0c\u6700\u8fd1\u51e0\u5468\uff0c\u6cd5\u571f\u4e24\u56fd\u6301\u7eed\u201c\u53e3\u6c34\u6218\u201d\u3002", "events": [], "arguments": {"time": [], "loc": [], "country": [{"text": "\u6cd5", "offset": 9, "length": 1}, {"text": "\u571f", "offset": 10, "length": 1}], "weapon": []}}, {"sentence": "\u672c\u5468\u4e00\uff0c\u6cd5\u56fd\u603b\u7edf\u9a6c\u514b\u9f99\u6307\u8d23\u571f\u8033\u5176\u201c\u4f5c\u4e3a\u4e00\u4e2a\u81ea\u79f0\u4e3a\u5317\u7ea6\u6210\u5458\u7684\u56fd\u5bb6\uff0c\u5bf9\u5229\u6bd4\u4e9a\u51b2\u7a81\u8d1f\u6709\u5386\u53f2\u7f6a\u884c\u201d\u3002", "events": [], "arguments": {"time": [], "loc": [], "country": [{"text": "\u6cd5\u56fd", "offset": 4, "length": 2}, {"text": "\u571f\u8033\u5176", "offset": 13, "length": 3}, {"text": "\u5317\u7ea6", "offset": 24, "length": 2}, {"text": "\u5229\u6bd4\u4e9a", "offset": 33, "length": 3}], "weapon": []}}, {"sentence": "\u5bf9\u6b64\uff0c\u571f\u8033\u5176\u5916\u957f\u6070\u6b66\u4ec0\u5965\u5362\u5468\u4e8c\u53cd\u51fb\u79f0\u6cd5\u56fd\u5728\u5229\u6bd4\u4e9a\u53d1\u6325\u4e86\u201c\u7834\u574f\u6027\u201d\u4f5c\u7528\uff0c\u5e76\u201c\u8bd5\u56fe\u8ba9\u4fc4\u7f57\u65af\u6269\u5927\u5728\u5229\u6bd4\u4e9a\u7684\u5f71\u54cd\u529b\u201d\u3002", "events": [], "arguments": {"time": [], "loc": [], "country": [{"text": "\u571f\u8033\u5176", "offset": 3, "length": 3}, {"text": "\u6cd5\u56fd", "offset": 18, "length": 2}, {"text": "\u5229\u6bd4\u4e9a", "offset": 21, "length": 3}, {"text": "\u4fc4\u7f57\u65af", "offset": 40, "length": 3}, {"text": "\u5229\u6bd4\u4e9a", "offset": 46, "length": 3}], "weapon": []}}, {"sentence": "\u62a5\u9053\u79f0\uff0c\u76ee\u524d\u5229\u6bd4\u4e9a\u51b2\u7a81\u53cc\u65b9\u5229\u6bd4\u4e9a\u6c11\u65cf\u56e2\u7ed3\u653f\u5e9c\u548c\u54c8\u592b\u5854\u5c14\u9886\u5bfc\u7684\u201c\u5229\u6bd4\u4e9a\u56fd\u6c11\u519b\u201d\u80cc\u540e\u90fd\u6709\u5916\u56fd\u652f\u6301\u3002", "events": [], "arguments": {"time": [], "loc": [], "country": [{"text": "\u5229\u6bd4\u4e9a", "offset": 6, "length": 3}, {"text": "\u5229\u6bd4\u4e9a", "offset": 13, "length": 3}, {"text": "\u5229\u6bd4\u4e9a", "offset": 31, "length": 3}], "weapon": []}}, {"sentence": "\u571f\u8033\u5176\u3001\u610f\u5927\u5229\u3001\u5361\u5854\u5c14\u652f\u6301\u4f4d\u4e8e\u9996\u90fd\u7684\u9ece\u6ce2\u91cc\u7684\u5229\u6bd4\u4e9a\u6c11\u65cf\u56e2\u7ed3\u653f\u5e9c\uff0c\u800c\u4fc4\u7f57\u65af\u3001\u57c3\u53ca\u3001\u963f\u8054\u914b\u652f\u6301\u54c8\u592b\u5854\u5c14\u9886\u5bfc\u7684\u201c\u5229\u6bd4\u4e9a\u56fd\u6c11\u519b\u201d\u3002", "events": [], "arguments": {"time": [], "loc": [], "country": [{"text": "\u610f\u5927\u5229", "offset": 4, "length": 3}, {"text": "\u57c3\u53ca", "offset": 37, "length": 2}, {"text": "\u4fc4\u7f57\u65af", "offset": 33, "length": 3}, {"text": "\u963f\u8054\u914b", "offset": 40, "length": 3}, {"text": "\u5361\u5854\u5c14", "offset": 8, "length": 3}, {"text": "\u571f\u8033\u5176", "offset": 0, "length": 3}, {"text": "\u5229\u6bd4\u4e9a", "offset": 22, "length": 3}, {"text": "\u5229\u6bd4\u4e9a", "offset": 53, "length": 3}], "weapon": []}}, {"sentence": "\u800c\u6cd5\u56fd\u4e5f\u88ab\u8ba4\u4e3a\u652f\u6301\u201c\u5229\u6bd4\u4e9a\u56fd\u6c11\u519b\u201d\uff0c\u5c3d\u7ba1\u5176\u591a\u6b21\u5426\u8ba4\u3002", "events": [], "arguments": {"time": [], "loc": [], "country": [{"text": "\u6cd5\u56fd", "offset": 1, "length": 2}, {"text": "\u5229\u6bd4\u4e9a", "offset": 10, "length": 3}], "weapon": []}}, {"sentence": "\u571f\u8033\u51762019\u5e74\u4e0e\u5229\u6bd4\u4e9a\u6c11\u65cf\u56e2\u7ed3\u653f\u5e9c\u8fbe\u6210\u4e86\u519b\u4e8b\u5408\u4f5c\u534f\u8bae\uff0c\u5e76\u5728\u4eca\u5e741\u6708\u5411\u5229\u6bd4\u4e9a\u90e8\u7f72\u4e86\u519b\u961f\u3002", "events": [{"trigger": {"text": "\u8fbe\u6210", "offset": 18, "length": 2}, "subject": {"text": "\u571f\u8033\u51762019\u5e74\u4e0e\u5229\u6bd4\u4e9a\u6c11\u65cf\u56e2\u7ed3\u653f\u5e9c", "offset": 0, "length": 18}, "object": {"text": "\u4e86\u519b\u4e8b\u5408\u4f5c\u534f\u8bae", "offset": 20, "length": 7}}], "arguments": {"time": [], "loc": [], "country": [{"text": "\u571f\u8033\u5176", "offset": 0, "length": 3}, {"text": "\u5229\u6bd4\u4e9a", "offset": 9, "length": 3}, {"text": "\u5229\u6bd4\u4e9a", "offset": 35, "length": 3}], "weapon": []}}, {"sentence": "\u4e0a\u4e2a\u6708\uff0c\u5728\u571f\u8033\u5176\u7684\u5e2e\u52a9\u4e0b\uff0c\u6c11\u65cf\u56e2\u7ed3\u653f\u5e9c\u6b66\u88c5\u91cd\u65b0\u5168\u9762\u63a7\u5236\u4e86\u9996\u90fd\u7684\u9ece\u6ce2\u91cc\u3002", "events": [], "arguments": {"time": [], "loc": [], "country": [{"text": "\u571f\u8033\u5176", "offset": 5, "length": 3}], "weapon": []}}]