[{"sentence": "\u7f8e\u82e5\u62ff\u5230S-400\u80fd\u7834\u89e3\u6280\u672f\u673a\u5bc6\u5417\uff1f", "events": [], "arguments": {"time": [], "loc": [], "country": [{"text": "\u7f8e", "offset": 0, "length": 1}], "weapon": [{"text": "S-400", "offset": 4, "length": 5}]}}, {"sentence": "\u00a0\u4fc4\u4e13\u5bb6\uff1a\u4e0d\u4f1a", "events": [], "arguments": {"time": [], "loc": [], "country": [{"text": "\u4fc4", "offset": 1, "length": 1}], "weapon": []}}, {"sentence": "\u3010\u73af\u7403\u65f6\u62a5\u62a5\u9053\u8bb0\u8005 \u67f3\u7389\u9e4f\u3011", "events": [], "arguments": {"time": [], "loc": [], "country": [], "weapon": []}}, {"sentence": "\u6709\u7f8e\u56fd\u8bae\u5458\u8fd1\u65e5\u8868\u793a\u62df\u4ece\u571f\u8033\u5176\u8d2d\u4e70\u4fc4\u5236S-400\u9632\u7a7a\u5bfc\u5f39\u7cfb\u7edf\u3002", "events": [{"trigger": {"text": "\u8d2d\u4e70", "offset": 14, "length": 2}, "subject": {"text": "\u7f8e\u56fd\u8bae\u5458\u8fd1\u65e5\u8868\u793a\u62df\u4ece\u571f\u8033\u5176", "offset": 1, "length": 13}, "object": {"text": "\u4fc4\u5236S-400\u9632\u7a7a\u5bfc\u5f39\u7cfb\u7edf", "offset": 16, "length": 13}}], "arguments": {"time": [], "loc": [], "country": [{"text": "\u571f\u8033\u5176", "offset": 11, "length": 3}, {"text": "\u7f8e\u56fd", "offset": 1, "length": 2}], "weapon": [{"text": "S-400\u9632\u7a7a\u5bfc\u5f39\u7cfb\u7edf", "offset": 18, "length": 11}]}}, {"sentence": "\u4e00\u65e6\u7f8e\u56fd\u62ff\u5230\u8be5\u7cfb\u7edf\uff0c\u4fc4\u7f57\u65af\u6280\u672f\u673a\u5bc6\u4f1a\u88ab\u7834\u89e3\u5417\uff1f", "events": [], "arguments": {"time": [], "loc": [], "country": [{"text": "\u7f8e\u56fd", "offset": 2, "length": 2}, {"text": "\u4fc4\u7f57\u65af", "offset": 10, "length": 3}], "weapon": []}}, {"sentence": "\u8fd9\u662f\u4fc4\u7f57\u65af\u5404\u754c\u6700\u4e3a\u5173\u5fc3\u7684\u3002", "events": [], "arguments": {"time": [], "loc": [], "country": [{"text": "\u4fc4\u7f57\u65af", "offset": 2, "length": 3}], "weapon": []}}, {"sentence": "\u5bf9\u6b64\uff0c\u4fc4\u7f57\u65af\u519b\u4e8b\u4e13\u5bb6\u8868\u793a\uff0c\u7f8e\u56fd\u5373\u4f7f\u4ece\u571f\u8033\u5176\u624b\u4e2d\u4e70\u5230S-400\u9632\u7a7a\u5bfc\u5f39\u7cfb\u7edf\uff0c\u4e5f\u65e0\u6cd5\u7834\u89e3\u4fc4\u7f57\u65af\u88c5\u5907\u7684\u6838\u5fc3\u673a\u5bc6\u3002", "events": [], "arguments": {"time": [], "loc": [], "country": [{"text": "\u4fc4\u7f57\u65af", "offset": 42, "length": 3}, {"text": "\u4fc4\u7f57\u65af", "offset": 3, "length": 3}, {"text": "\u7f8e\u56fd", "offset": 13, "length": 2}, {"text": "\u571f\u8033\u5176", "offset": 18, "length": 3}], "weapon": [{"text": "S-400\u9632\u7a7a\u5bfc\u5f39\u7cfb\u7edf", "offset": 25, "length": 11}]}}, {"sentence": "\u4fc4\u7f57\u65af\u300a\u89c2\u70b9\u62a5\u300b7\u67081\u65e5\u62a5\u9053\u79f0\uff0c\u5bf9\u4e8e\u7f8e\u56fd\u662f\u5426\u80fd\u591f\u4ece\u4fc4\u8fd9\u4e00\u9632\u7a7a\u7cfb\u7edf\u4e2d\u83b7\u53d6\u79d8\u5bc6\uff0c\u4fc4\u9646\u519b\u9632\u7a7a\u90e8\u961f\u524d\u526f\u53f8\u4ee4\u4e9a\u5386\u5c71\u5927\u00b7\u5362\u8d5e\u8868\u793a\uff1a\u201c\u5373\u4f7f\u7f8e\u56fd\u4ece\u571f\u8033\u5176\u8d2d\u4e70\u4e86S-400\u9632\u7a7a\u7cfb\u7edf\uff0c\u4ed6\u4eec\u4e5f\u65e0\u6cd5\u83b7\u53d6\u4efb\u4f55\u65b0\u7684\u6838\u5fc3\u6280\u672f\u3002", "events": [], "arguments": {"time": [{"text": "7\u67081\u65e5", "offset": 8, "length": 4}], "loc": [], "country": [{"text": "\u4fc4\u7f57\u65af", "offset": 0, "length": 3}, {"text": "\u7f8e\u56fd", "offset": 18, "length": 2}, {"text": "\u7f8e\u56fd", "offset": 62, "length": 2}, {"text": "\u571f\u8033\u5176", "offset": 65, "length": 3}], "weapon": [{"text": "S-400\u9632\u7a7a\u7cfb\u7edf", "offset": 71, "length": 9}]}}, {"sentence": "\u6700\u5173\u952e\u6838\u5fc3\u6280\u672f\u662f\u6570\u5b66\u7b97\u6cd5\uff0c\u4f7f\u6b66\u5668\u7cfb\u7edf\u80fd\u591f\u8bc6\u522b\u76ee\u6807\u3001\u8ba1\u7b97\u5bfc\u5f39\u98de\u884c\u6570\u636e\uff0c\u8fd9\u4e9b\u6838\u5fc3\u6280\u672f\u90fd\u9501\u5b9a\u5728\u65e0\u6cd5\u7834\u89e3\u7684\u82af\u7247\u5185\u3002", "events": [], "arguments": {"time": [], "loc": [], "country": [], "weapon": [{"text": "\u5bfc\u5f39", "offset": 27, "length": 2}]}}, {"sentence": "\u201d\u4ed6\u8868\u793a\uff0c\u6b64\u524d\uff0c\u7f8e\u56fd\u5df2\u7ecf\u4ece\u56fd\u5916\u8d2d\u4e70\u4e86\u4fc4\u7f57\u65afS-300\u9632\u7a7a\u7cfb\u7edf\uff0c\u4f46\u5e76\u6ca1\u6709\u5bfc\u81f4\u6838\u5fc3\u6280\u672f\u7684\u6cc4\u9732\u3002", "events": [], "arguments": {"time": [], "loc": [], "country": [{"text": "\u7f8e\u56fd", "offset": 8, "length": 2}, {"text": "\u4fc4\u7f57\u65af", "offset": 18, "length": 3}], "weapon": [{"text": "S-300\u9632\u7a7a\u7cfb\u7edf", "offset": 21, "length": 9}]}}, {"sentence": "\u7f8e\u56fd\u4eba\u6700\u611f\u5174\u8da3\u7684\u662fS-300B\u9ad8\u5c4f\u6247\u5f62\u641c\u7d22\u96f7\u8fbe9S19\u548c\u79fb\u52a8\u641c\u7d22\u96f7\u8fbe9S15\u3002", "events": [], "arguments": {"time": [], "loc": [], "country": [{"text": "\u7f8e\u56fd", "offset": 0, "length": 2}], "weapon": [{"text": "S-300B\u9ad8\u5c4f\u6247\u5f62\u641c\u7d22\u96f7\u8fbe9S19", "offset": 9, "length": 18}, {"text": "\u79fb\u52a8\u641c\u7d22\u96f7\u8fbe9S15", "offset": 28, "length": 10}]}}, {"sentence": "\u7f8e\u56fd\u66fe\u4f01\u56fe\u83b7\u5f97\u76f8\u5173\u6280\u672f\uff0c\u4f46\u6ca1\u80fd\u6210\u529f\u3002", "events": [], "arguments": {"time": [], "loc": [], "country": [{"text": "\u7f8e\u56fd", "offset": 0, "length": 2}], "weapon": []}}, {"sentence": "\u4fc4\u7f57\u65af\u519b\u4e8b\u4e13\u5bb6\u7ef4\u514b\u591a\u00b7\u5229\u6258\u592b\u91d1\u8868\u793a\uff0c\u4fc4\u7f57\u65af\u5728\u4e0e\u5916\u56fd\u7b7e\u8ba2\u6240\u6709\u6b66\u5668\u5408\u540c\u4e2d\u90fd\u6709\u4e00\u4e2a\u7279\u6b8a\u6761\u6b3e\uff0c\u7981\u6b62\u5c06\u6b66\u5668\u53ca\u5176\u6280\u672f\u8f6c\u8ba9\u7ed9\u7b2c\u4e09\u65b9\u3002", "events": [], "arguments": {"time": [], "loc": [], "country": [{"text": "\u4fc4\u7f57\u65af", "offset": 0, "length": 3}, {"text": "\u4fc4\u7f57\u65af", "offset": 18, "length": 3}], "weapon": []}}, {"sentence": "\u5982\u679c\u8fdd\u53cd\uff0c\u4fc4\u7f57\u65af\u5c06\u5bf9\u5176\u65bd\u52a0\u5236\u88c1\uff0c\u5e76\u53ef\u80fd\u63d0\u8d77\u8bc9\u8bbc\uff0c\u56e0\u6b64\u571f\u8033\u5176\u6216\u5c06\u652f\u4ed8\u5de8\u989d\u7f5a\u6b3e\u3002", "events": [], "arguments": {"time": [], "loc": [], "country": [{"text": "\u4fc4\u7f57\u65af", "offset": 5, "length": 3}, {"text": "\u571f\u8033\u5176", "offset": 26, "length": 3}], "weapon": []}}, {"sentence": "\u53e6\u5916\uff0c\u5373\u4f7f\u7f8e\u56fd\u83b7\u5f97\u8fd9\u4e00\u9632\u7a7a\u7cfb\u7edf\u5bf9\u4fc4\u4e5f\u4e0d\u6784\u6210\u5a01\u80c1\u3002", "events": [], "arguments": {"time": [], "loc": [], "country": [{"text": "\u7f8e\u56fd", "offset": 5, "length": 2}], "weapon": []}}, {"sentence": "\u4fc4\u7f57\u65af\u4efb\u4f55\u6b66\u5668\u7684\u51fa\u53e3\u7248\u672c\u5728\u6027\u80fd\u4e0a\u90fd\u4e0e\u4fc4\u519b\u4f7f\u7528\u7248\u672c\u4e0d\u540c\u3002", "events": [], "arguments": {"time": [], "loc": [], "country": [{"text": "\u4fc4\u7f57\u65af", "offset": 0, "length": 3}], "weapon": []}}, {"sentence": "\u56e0\u6b64\uff0c\u7f8e\u56fd\u6216\u5176\u4ed6\u7b2c\u4e09\u56fd\u65e0\u8bba\u5982\u4f55\u4e5f\u4e0d\u4f1a\u83b7\u5f97\u8be5\u6b66\u5668\u5173\u952e\u6280\u672f\u3002", "events": [], "arguments": {"time": [], "loc": [], "country": [{"text": "\u7f8e\u56fd", "offset": 3, "length": 2}], "weapon": []}}, {"sentence": "\u4fc4\u7f57\u65af\u300a\u5171\u9752\u56e2\u771f\u7406\u62a5\u300b7\u67081\u65e5\u79f0\uff0c\u5728\u4fc4\u7f57\u65af\u6b66\u5668\u7cfb\u7edf\u4e2d\u59cb\u7ec8\u6709\u6280\u672f\u4fdd\u62a4\u63aa\u65bd\u3002", "events": [], "arguments": {"time": [], "loc": [], "country": [{"text": "\u4fc4\u7f57\u65af", "offset": 0, "length": 3}, {"text": "\u4fc4\u7f57\u65af", "offset": 18, "length": 3}], "weapon": []}}, {"sentence": "\u5982\u679c\u672a\u7ecf\u83b7\u51c6\u62c6\u5f00\u6b66\u5668\u7cfb\u7edf\uff0c\u4e0d\u4f46\u627e\u4e0d\u5230\u4efb\u4f55\u79d8\u5bc6\uff0c\u53cd\u800c\u4f1a\u7834\u574f\u6b66\u5668\u7cfb\u7edf\u3002", "events": [], "arguments": {"time": [], "loc": [], "country": [], "weapon": []}}, {"sentence": "\u7f8e\u56fd\u5e0c\u671b\u4e86\u89e3S-400\u7cfb\u7edf\u7684\u79d8\u5bc6\uff0c\u4f46\u8fd9\u662f\u6ca1\u6709\u7528\u7684\uff0cS-400\u7684\u5173\u952e\u6280\u672f\u53d7\u5230\u5f88\u597d\u7684\u4fdd\u62a4\uff0c\u7f8e\u56fd\u6839\u672c\u65e0\u6cd5\u83b7\u5f97\u3002", "events": [], "arguments": {"time": [], "loc": [], "country": [{"text": "\u7f8e\u56fd", "offset": 0, "length": 2}, {"text": "\u7f8e\u56fd", "offset": 43, "length": 2}], "weapon": [{"text": "S-400", "offset": 25, "length": 5}]}}, {"sentence": "\u4fc4\u519b\u4e8b\u4e13\u5bb6\u7ef4\u514b\u591a\u00b7\u5df4\u62c9\u6d85\u8328\u4e5f\u8868\u793a\uff0c\u5982\u679c\u5176\u4ed6\u4eba\u8bd5\u56fe\u8fdb\u5165S-400\u7535\u5b50\u8bbe\u5907\u201c\u5185\u90e8\u201d\uff0c\u6700\u5173\u952e\u8bbe\u5907\u5c06\u4f1a\u5931\u6548\uff0c\u5982\u679c\u6ca1\u6709\u4fc4\u7f57\u65af\u4e13\u5bb6\u5c31\u65e0\u6cd5\u4fee\u7406\u3002", "events": [], "arguments": {"time": [], "loc": [], "country": [{"text": "\u4fc4\u7f57\u65af", "offset": 54, "length": 3}], "weapon": [{"text": "S-400\u7535\u5b50\u8bbe\u5907", "offset": 26, "length": 9}]}}]