[{"sentence": "\u5173\u5c9b\u57fa\u573037\u4eba\u786e\u8bca\u540e\u7f8e\u519b\u5728\u6b64\u6f14\u7ec3\u7a7a\u964d\uff0c\u4e00\u53e3\u6c14\u6295\u4e0b350\u540d\u4f1e\u5175", "events": [], "arguments": {"time": [], "loc": [], "country": [{"text": "\u7f8e", "offset": 10, "length": 1}], "weapon": []}}, {"sentence": "\u3010\u73af\u7403\u7f51\u62a5\u9053 \u89c1\u4e60\u8bb0\u8005 \u9a6c\u5ca9\u3011", "events": [], "arguments": {"time": [], "loc": [], "country": [], "weapon": []}}, {"sentence": "\u636e\u300a\u661f\u6761\u65d7\u62a5\u300b\u7f51\u7ad96\u670830\u65e5\u62a5\u9053\uff0c\u5f53\u5929350\u540d\u7f8e\u56fd\u7a7a\u964d\u5175\u4e58\u98de\u673a\u4ece\u963f\u62c9\u65af\u52a0\u5dde\u98de\u62b5\u5173\u5c9b\uff0c\u5e76\u8fdb\u884c\u4e86\u4f1e\u964d\u8bad\u7ec3\u3002", "events": [], "arguments": {"time": [], "loc": [], "country": [{"text": "\u7f8e\u56fd", "offset": 23, "length": 2}], "weapon": []}}, {"sentence": "\u62a5\u9053\u63f4\u5f15\u7f8e\u56fd\u9646\u519b\u7684\u58f0\u660e\u8bf4\uff0c5\u67b6C-17\u201c\u73af\u7403\u9738\u738b\u201d\u8fd0\u8f93\u673a\u642d\u8f7d\u8fd9\u4e9b\u7a7a\u964d\u5175\u4ece\u963f\u62c9\u65af\u52a0\u5dde\u7684\u57c3\u5c14\u95e8\u591a\u592b\u00b7\u7406\u67e5\u68ee\u8054\u5408\u57fa\u5730\u8d77\u98de\uff0c\u8fdc\u8d74\u5173\u5c9b\u8fdb\u884c\u4e86\u5e94\u6025\u90e8\u7f72\u8bad\u7ec3\u3002", "events": [], "arguments": {"time": [], "loc": [], "country": [{"text": "\u7f8e\u56fd", "offset": 4, "length": 2}], "weapon": [{"text": "C-17\u201c\u73af\u7403\u9738\u738b\u201d\u8fd0\u8f93\u673a", "offset": 15, "length": 13}]}}, {"sentence": "\u7f8e\u519bC-17\u8fd0\u8f93\u673a\u5728\u5173\u5c9b\u5b89\u5fb7\u68ee\u7a7a\u519b\u57fa\u5730\u4e0a\u7a7a\u6295\u4e0b\u5927\u6279\u4f1e\u5175", "events": [], "arguments": {"time": [], "loc": [], "country": [{"text": "\u7f8e", "offset": 0, "length": 1}], "weapon": [{"text": "C-17\u8fd0\u8f93\u673a", "offset": 2, "length": 7}]}}, {"sentence": "\u65b0\u51a0\u75ab\u60c5\u7684\u8513\u5ef6\u5236\u7ea6\u4e86\u7f8e\u519b\u8fdb\u884c\u7fa4\u4f53\u8bad\u7ec3\u548c\u6267\u884c\u8fdc\u9014\u4efb\u52a1\u7684\u80fd\u529b\u3002", "events": [], "arguments": {"time": [], "loc": [], "country": [{"text": "\u7f8e", "offset": 10, "length": 1}], "weapon": []}}, {"sentence": "\u201c\u7f57\u65af\u798f\u201d\u53f7\u822a\u6bcd\u4eca\u5e74\u6625\u5b63\u66fe\u505c\u9760\u5173\u5c9b6\u5468\uff0c\u5904\u7406\u5176\u8d85\u8fc71150\u540d\u8239\u5458\u611f\u67d3\u65b0\u51a0\u7684\u95ee\u9898\u3002", "events": [], "arguments": {"time": [], "loc": [], "country": [], "weapon": [{"text": "\u201c\u7f57\u65af\u798f\u201d\u53f7\u822a\u6bcd", "offset": 0, "length": 8}]}}, {"sentence": "\u6b64\u524d\u636e\u300a\u5173\u5c9b\u6bcf\u65e5\u90ae\u62a5\u300b6\u670822\u65e5\u62a5\u9053\uff0c\u5173\u5c9b\u5b89\u5fb7\u68ee\u7a7a\u519b\u57fa\u5730\u670937\u540d\u7a7a\u519b\u4eba\u5458\u611f\u67d3\u4e86\u65b0\u51a0\u80ba\u708e\uff0c\u57fa\u5730\u5bf9\u4ed6\u4eec\u8fdb\u884c\u4e86\u9694\u79bb\u3002", "events": [], "arguments": {"time": [], "loc": [], "country": [], "weapon": []}}, {"sentence": "\u7f8e\u56fd\u9646\u519b\u963f\u62c9\u65af\u52a0\u5dde\u53d1\u8a00\u4eba\u67e5\u7406\u00b7\u8fea\u8328\u5728\u63a5\u53d7\u300a\u661f\u6761\u65d7\u62a5\u300b\u91c7\u8bbf\u65f6\u8868\u793a\uff0c\u8fd9\u6b21\u7a7a\u964d\u8bad\u7ec3\u5411\u5916\u754c\u5c55\u793a\u5c3d\u7ba1\u65b0\u51a0\u80ba\u708e\u75ab\u60c5\u4f9d\u65e7\u5728\u8513\u5ef6\uff0c\u4f46\u7f8e\u519b\u4ecd\u6709\u80fd\u529b\u8fc5\u901f\u6267\u884c\u5404\u79cd\u4efb\u52a1\uff0c\u5305\u62ec\u8fdc\u9014\u90e8\u7f72\u3002", "events": [], "arguments": {"time": [], "loc": [], "country": [{"text": "\u7f8e\u56fd", "offset": 0, "length": 2}], "weapon": []}}, {"sentence": "\u6b64\u5916\uff0c\u4ed6\u8fd8\u8868\u793a\uff0c\u53c2\u4e0e\u7a7a\u964d\u8bad\u7ec3\u7684\u58eb\u5175\u5728\u51c6\u5907\u9636\u6bb5\u5c31\u8fdb\u884c\u4e86\u6838\u9178\u68c0\u6d4b\uff0c\u5e76\u4e14\u5728\u5173\u5c9b\u505c\u7559\u4e00\u5929\u540e\u5c31\u8fd4\u56de\uff0c\u4e0d\u4f1a\u8ddf\u4ed6\u4eec\u4ee5\u5916\u7684\u4eba\u6709\u4efb\u4f55\u63a5\u89e6\u3002", "events": [], "arguments": {"time": [], "loc": [], "country": [], "weapon": []}}]