[{"sentence": "\u5370\u5ea6\u50ac\u4fc3\u591a\u56fd\u4ea4\u4ed8\u519b\u706b\uff0c\u5206\u6790\u79f0\u6070\u597d\u8bf4\u660e\u5370\u519b\u6218\u5907\u7a0b\u5ea6\u5f88\u5dee", "events": [{"trigger": {"text": "\u50ac\u4fc3", "offset": 2, "length": 2}, "subject": {"text": "\u5370\u5ea6", "offset": 0, "length": 2}, "object": {"text": "\u591a\u56fd\u4ea4\u4ed8\u519b\u706b", "offset": 4, "length": 6}}], "arguments": {"time": [], "loc": [], "country": [{"text": "\u5370\u5ea6", "offset": 0, "length": 2}], "weapon": []}}, {"sentence": "\u3010\u73af\u7403\u65f6\u62a5\u62a5\u9053 \u8bb0\u8005 \u9648\u5c71\u3011", "events": [], "arguments": {"time": [], "loc": [], "country": [], "weapon": []}}, {"sentence": "\u6218\u673a\u3001\u5bfc\u5f39\u3001\u70ae\u5f39\u3001\u67aa\u652f\u2026\u2026\u6700\u8fd1\u5370\u5ea6\u6b63\u6025\u7740\u5411\u5168\u7403\u91c7\u8d2d\u6240\u9700\u8981\u7684\u5404\u79cd\u519b\u706b\u3002", "events": [], "arguments": {"time": [], "loc": [], "country": [{"text": "\u5370\u5ea6", "offset": 15, "length": 2}], "weapon": [{"text": "\u6218\u673a", "offset": 0, "length": 2}, {"text": "\u5bfc\u5f39", "offset": 3, "length": 2}, {"text": "\u70ae\u5f39", "offset": 6, "length": 2}, {"text": "\u67aa\u652f", "offset": 9, "length": 2}]}}, {"sentence": "\u201c\u4eca\u65e5\u5370\u5ea6\u201d\u7f51\u7ad96\u670830\u65e5\u79f0\uff0c\u5370\u5ea6\u7a7a\u519b\u6700\u65e9\u5c06\u57287\u670827\u65e5\u83b7\u5f97\u9996\u6279\u5168\u526f\u6b66\u88c5\u7684\u6cd5\u5236\u201c\u9635\u98ce\u201d\u6218\u6597\u673a\u3002", "events": [], "arguments": {"time": [{"text": "6\u670830\u65e5", "offset": 8, "length": 5}], "loc": [], "country": [{"text": "\u5370\u5ea6", "offset": 3, "length": 2}, {"text": "\u5370\u5ea6", "offset": 15, "length": 2}], "weapon": [{"text": "\u201c\u9635\u98ce\u201d\u6218\u6597\u673a", "offset": 39, "length": 7}]}}, {"sentence": "\u62a5\u9053\u79f0\uff0c\u5370\u5ea6\u56fd\u9632\u90e8\u8fd1\u65e5\u5411\u6cd5\u56fd\u8bf7\u6c42\u201c\u589e\u52a0\u9996\u6279\u6218\u6597\u673a\u7684\u4ea4\u4ed8\u6570\u91cf\u201d\u3002", "events": [], "arguments": {"time": [], "loc": [], "country": [{"text": "\u5370\u5ea6", "offset": 4, "length": 2}, {"text": "\u6cd5\u56fd", "offset": 12, "length": 2}], "weapon": [{"text": "\u6218\u6597\u673a", "offset": 21, "length": 3}]}}, {"sentence": "\u6309\u8ba1\u5212\uff0c\u9996\u62794\u67b6\u201c\u9635\u98ce\u201d\u6218\u6597\u673a\u672c\u5e94\u4e8e\u4eca\u5e745\u6708\u4ea4\u4ed8\uff0c\u4f46\u56e0\u4e3a\u65b0\u51a0\u75ab\u60c5\u88ab\u63a8\u8fdf\u3002", "events": [], "arguments": {"time": [], "loc": [], "country": [], "weapon": [{"text": "\u201c\u9635\u98ce\u201d\u6218\u6597\u673a", "offset": 8, "length": 7}]}}, {"sentence": "\u76ee\u524d\u8fd8\u4e0d\u6e05\u695a\u6cd5\u56fd\u63d0\u65e9\u4ea4\u4ed8\u7684\u5177\u4f53\u6570\u91cf\u3002", "events": [], "arguments": {"time": [], "loc": [], "country": [{"text": "\u6cd5\u56fd", "offset": 6, "length": 2}], "weapon": []}}, {"sentence": "\u503c\u5f97\u6ce8\u610f\u7684\u662f\uff0c\u5370\u5ea6\u7a7a\u519b\u83b7\u5f97\u7684\u201c\u9635\u98ce\u201d\u88c5\u5907\u6709\u4e24\u79cd\u9632\u533a\u5916\u4f5c\u6218\u6b66\u5668\u2014\u2014\u5c04\u7a0b\u8d85\u8fc7100\u516c\u91cc\u7684\u201c\u6d41\u661f\u201d\u7a7a\u5bf9\u7a7a\u5bfc\u5f39\u548c\u5c04\u7a0b500\u516c\u91cc\u7684\u201c\u65af\u5361\u5c14\u666e\u201d\u7a7a\u5bf9\u5730\u5bfc\u5f39\u3002", "events": [], "arguments": {"time": [], "loc": [], "country": [{"text": "\u5370\u5ea6", "offset": 7, "length": 2}], "weapon": [{"text": "\u201c\u6d41\u661f\u201d\u7a7a\u5bf9\u7a7a\u5bfc\u5f39", "offset": 42, "length": 9}, {"text": "\u201c\u65af\u5361\u5c14\u666e\u201d\u7a7a\u5bf9\u5730\u5bfc\u5f39", "offset": 60, "length": 11}]}}, {"sentence": "\u62a5\u9053\u5f97\u610f\u5730\u5ba3\u79f0\uff0c\u201c\u6027\u80fd\u63a5\u8fd1\u7b2c\u4e94\u4ee3\u6218\u6597\u673a\u7684\u2018\u9635\u98ce\u2019\u5c3d\u7ba1\u6570\u91cf\u4e0d\u591a\uff0c\u4f46\u5b83\u4eec\u7684\u5b58\u5728\u672c\u8eab\u5c31\u662f\u5bf9\u4e2d\u56fd\u7684\u5a01\u6151\u201d\u3002", "events": [], "arguments": {"time": [], "loc": [], "country": [{"text": "\u4e2d\u56fd", "offset": 42, "length": 2}], "weapon": [{"text": "\u7b2c\u4e94\u4ee3\u6218\u6597\u673a", "offset": 13, "length": 6}, {"text": "\u2018\u9635\u98ce\u2019", "offset": 20, "length": 4}]}}, {"sentence": "\u6cd5\u5236\u201c\u9635\u98ce\u201d\u6218\u673a\uff08\u8d44\u6599\u56fe\uff09", "events": [], "arguments": {"time": [], "loc": [], "country": [{"text": "\u6cd5", "offset": 0, "length": 1}], "weapon": [{"text": "\u6cd5\u5236\u201c\u9635\u98ce\u201d\u6218\u673a", "offset": 0, "length": 8}]}}, {"sentence": "\uff08\u8d44\u6599\u56fe\uff09", "events": [], "arguments": {"time": [], "loc": [], "country": [], "weapon": []}}, {"sentence": "\u540c\u6837\u63a5\u5230\u5370\u5ea6\u65b9\u9762\u50ac\u4fc3\u4ea4\u4ed8\u519b\u706b\u7684\u8fd8\u6709\u4fc4\u7f57\u65af\u3002", "events": [], "arguments": {"time": [], "loc": [], "country": [{"text": "\u5370\u5ea6", "offset": 4, "length": 2}, {"text": "\u4fc4\u7f57\u65af", "offset": 17, "length": 3}], "weapon": []}}, {"sentence": "\u6b64\u524d\u5370\u5ea6\u5df2\u7ecf\u5411\u4fc4\u7f57\u65af\u63d0\u8bae\u91c7\u8d2d\u82cf-30MKI\u548c\u7c73\u683c-29UPG\u6218\u6597\u673a\u3002", "events": [], "arguments": {"time": [], "loc": [], "country": [{"text": "\u5370\u5ea6", "offset": 2, "length": 2}, {"text": "\u4fc4\u7f57\u65af", "offset": 7, "length": 3}], "weapon": [{"text": "\u82cf-30MKI", "offset": 14, "length": 7}, {"text": "\u7c73\u683c-29UPG\u6218\u6597\u673a", "offset": 22, "length": 11}]}}, {"sentence": "\u4fc4\u7f57\u65af\u627f\u8bfa\uff0c\u4e00\u65e6\u4ea4\u6613\u83b7\u6279\uff0c\u5c06\u5728\u6700\u77ed\u7684\u65f6\u95f4\u5185\u5b8c\u6210\u8fd9\u6279\u6218\u6597\u673a\u7684\u4ea4\u4ed8\u3002", "events": [], "arguments": {"time": [], "loc": [], "country": [{"text": "\u4fc4\u7f57\u65af", "offset": 0, "length": 3}], "weapon": [{"text": "\u6218\u6597\u673a", "offset": 25, "length": 3}]}}, {"sentence": "\u6b64\u5916\uff0c\u5370\u5ea6\u9632\u957f\u8fd1\u65e5\u8bbf\u4fc4\u65f6\uff0c\u8fd8\u5e0c\u671b\u4fc4\u65b9\u80fd\u63d0\u524d\u4ea4\u4ed8\u4ef7\u503c54\u4ebf\u7f8e\u5143\u7684S-400\u8fdc\u7a0b\u9632\u7a7a\u5bfc\u5f39\u7cfb\u7edf\uff0c\u4f46\u4fc4\u5a92\u79f0\uff0c\u4fc4\u65b9\u8868\u793a\u65e0\u6cd5\u5728\u77ed\u65f6\u95f4\u5185\u6ee1\u8db3\u8fd9\u4e2a\u8981\u6c42\u3002", "events": [], "arguments": {"time": [], "loc": [], "country": [{"text": "\u5370\u5ea6", "offset": 3, "length": 2}, {"text": "\u4fc4\u65b9", "offset": 16, "length": 2}, {"text": "\u4fc4\u65b9", "offset": 50, "length": 2}], "weapon": [{"text": "S-400\u8fdc\u7a0b\u9632\u7a7a\u5bfc\u5f39\u7cfb\u7edf", "offset": 31, "length": 13}]}}, {"sentence": "\u300a\u65b0\u6d77\u5ce1\u65f6\u62a5\u300b6\u670830\u65e5\u79f0\uff0c\u5370\u5ea6\u8fd8\u5411\u4fc4\u7f57\u65af\u63d0\u4ea4\u4e86\u4e00\u4efd\u7d27\u6025\u91c7\u8d2d\u6e05\u5355\uff0c\u5176\u4e2d\u6d89\u53ca\u6570\u5341\u9879\u519b\u706b\uff0c\u603b\u4ef7\u503c\u8d85\u8fc710\u4ebf\u7f8e\u5143\u3002", "events": [], "arguments": {"time": [], "loc": [], "country": [{"text": "\u5370\u5ea6", "offset": 14, "length": 2}, {"text": "\u4fc4\u7f57\u65af", "offset": 18, "length": 3}], "weapon": []}}, {"sentence": "\u201c\u9274\u4e8e\u5927\u591a\u6570\u5370\u5ea6\u9646\u519b\u6b66\u5668\uff0c\u4f8b\u5982\u5766\u514b\u548c\u88c5\u7532\u8f66\uff0c\u90fd\u662f\u4fc4\u7f57\u65af\u751f\u4ea7\u7684\uff0c\u5370\u5ea6\u6b63\u5728\u5bfb\u627e\u5404\u79cd\u914d\u5957\u5f39\u836f\uff0c\u5982\u679c\u53d1\u751f\u66f4\u5927\u7684\u51b2\u7a81\uff0c\u8fd9\u4e9b\u5f39\u836f\u5c06\u662f\u5fc5\u9700\u7684\u201d\u3002", "events": [], "arguments": {"time": [], "loc": [], "country": [{"text": "\u5370\u5ea6", "offset": 6, "length": 2}, {"text": "\u4fc4\u7f57\u65af", "offset": 24, "length": 3}, {"text": "\u5370\u5ea6", "offset": 31, "length": 2}], "weapon": [{"text": "\u5766\u514b", "offset": 15, "length": 2}, {"text": "\u88c5\u7532\u8f66", "offset": 18, "length": 3}]}}, {"sentence": "\u76ee\u524d\u5370\u5ea6\u7a7a\u519b\u6b63\u5728\u5bfb\u627e\u7d27\u6025\u4f9b\u5e94\u7684\u7a7a\u6295\u70b8\u5f39\u548c\u5bfc\u5f39\uff0c\u800c\u5370\u5ea6\u9646\u519b\u5219\u8981\u6c42\u63d0\u4f9b\u53cd\u5766\u514b\u5bfc\u5f39\u548c\u4fbf\u643a\u5f0f\u9632\u7a7a\u7cfb\u7edf\u3002", "events": [], "arguments": {"time": [], "loc": [], "country": [{"text": "\u5370\u5ea6", "offset": 2, "length": 2}, {"text": "\u5370\u5ea6", "offset": 24, "length": 2}], "weapon": [{"text": "\u7a7a\u6295\u70b8\u5f39", "offset": 15, "length": 4}, {"text": "\u5bfc\u5f39", "offset": 20, "length": 2}, {"text": "\u53cd\u5766\u514b\u5bfc\u5f39", "offset": 33, "length": 5}, {"text": "\u4fbf\u643a\u5f0f\u9632\u7a7a\u7cfb\u7edf", "offset": 39, "length": 7}]}}, {"sentence": "\u300a\u65b0\u6d77\u5ce1\u65f6\u62a5\u300b\u79f0\uff0c\u7f8e\u56fd\u5df2\u5411\u5370\u5ea6\u63d0\u4f9b\u81f3\u5173\u91cd\u8981\u7684\u60c5\u62a5\u548c\u536b\u661f\u56fe\u50cf\uff0c\u4ee5\u5e2e\u52a9\u5370\u5ea6\u519b\u65b9\u4e86\u89e3\u8fb9\u5883\u5c40\u52bf\u3002", "events": [], "arguments": {"time": [], "loc": [], "country": [{"text": "\u7f8e\u56fd", "offset": 9, "length": 2}, {"text": "\u5370\u5ea6", "offset": 13, "length": 2}, {"text": "\u5370\u5ea6", "offset": 33, "length": 2}], "weapon": []}}, {"sentence": "\u8003\u8651\u5230\u5c71\u5730\u6218\u4e2d\u706b\u70ae\u7684\u91cd\u8981\u6027\uff0c\u5370\u5ea6\u8fd8\u5411\u7f8e\u56fd\u8ffd\u52a0\u8ba2\u8d2d\u4e86\u5927\u6279\u201c\u795e\u5251\u201d\u7cbe\u786e\u5236\u5bfc\u70ae\u5f39\u3002", "events": [], "arguments": {"time": [], "loc": [], "country": [{"text": "\u5370\u5ea6", "offset": 14, "length": 2}, {"text": "\u7f8e\u56fd", "offset": 18, "length": 2}], "weapon": [{"text": "\u795e\u5251\u201d\u7cbe\u786e\u5236\u5bfc\u70ae\u5f39", "offset": 28, "length": 9}, {"text": "\u201c\u795e\u5251\u201d\u7cbe\u786e\u5236\u5bfc\u70ae\u5f39", "offset": 27, "length": 10}]}}, {"sentence": "\u5b83\u53ef\u7531\u5370\u5ea6\u88c5\u5907\u7684\u7f8e\u5236M777\u8f7b\u578b\u69b4\u5f39\u70ae\u53d1\u5c04\uff0c\u91c7\u7528\u591a\u529f\u80fd\u5f15\u4fe1\uff0c\u6839\u636e\u9700\u8981\u80fd\u7f16\u7a0b\u5728\u7a7a\u4e2d\u7206\u70b8\u3001\u649e\u51fb\u5730\u9762\u7206\u70b8\u6216\u5728\u7a7f\u900f\u76ee\u6807\u540e\u7206\u70b8\u3002", "events": [], "arguments": {"time": [], "loc": [], "country": [{"text": "\u5370\u5ea6", "offset": 3, "length": 2}], "weapon": [{"text": "M777\u8f7b\u578b\u69b4\u5f39\u70ae", "offset": 10, "length": 9}]}}, {"sentence": "\u6839\u636e\u7f8e\u519b\u7684\u5ba3\u4f20\uff0c1\u679a\u201c\u795e\u5251\u201d\u70ae\u5f39\u7684\u6253\u51fb\u6548\u679c\u76f8\u5f53\u4e8e10-50\u679a\u975e\u5236\u5bfc\u70ae\u5f39\u3002", "events": [], "arguments": {"time": [], "loc": [], "country": [{"text": "\u7f8e", "offset": 2, "length": 1}], "weapon": [{"text": "\u201c\u795e\u5251\u201d\u70ae\u5f39", "offset": 10, "length": 6}, {"text": "\u975e\u5236\u5bfc\u70ae\u5f39", "offset": 30, "length": 5}]}}, {"sentence": "\u62a5\u9053\u8fd8\u63d0\u5230\uff0c\u5370\u5ea6\u5c06\u4ece\u4ee5\u8272\u5217\u63a5\u6536\u4e00\u6279\u9632\u7a7a\u7cfb\u7edf\u3002", "events": [], "arguments": {"time": [], "loc": [], "country": [{"text": "\u5370\u5ea6", "offset": 6, "length": 2}, {"text": "\u4ee5\u8272\u5217", "offset": 10, "length": 3}], "weapon": [{"text": "\u9632\u7a7a\u7cfb\u7edf", "offset": 17, "length": 4}]}}, {"sentence": "\u5c3d\u7ba1\u62a5\u9053\u6ca1\u6709\u900f\u9732\u5177\u4f53\u9632\u7a7a\u5bfc\u5f39\u578b\u53f7\uff0c\u4f46\u201c\u5b83\u4eec\u5c06\u4ece\u4ee5\u8272\u5217\u73b0\u5f79\u90e8\u961f\u62bd\u8c03\u51fa\u6765\u201d\u3002", "events": [], "arguments": {"time": [], "loc": [], "country": [{"text": "\u4ee5\u8272\u5217", "offset": 23, "length": 3}], "weapon": [{"text": "\u9632\u7a7a\u5bfc\u5f39", "offset": 10, "length": 4}]}}, {"sentence": "\u7f8e\u5236M777\u8f7b\u578b\u69b4\u5f39\u70ae", "events": [], "arguments": {"time": [], "loc": [], "country": [{"text": "\u7f8e", "offset": 0, "length": 1}], "weapon": [{"text": "M777\u8f7b\u578b\u69b4\u5f39\u70ae", "offset": 2, "length": 9}]}}, {"sentence": "\u6709\u5206\u6790\u79f0\uff0c\u5370\u5ea6\u6025\u7740\u4ece\u5168\u7403\u91c7\u8d2d\u770b\u4f3c\u5148\u8fdb\u7684\u519b\u706b\uff0c\u6070\u597d\u8bf4\u660e\u5370\u519b\u6218\u5907\u7a0b\u5ea6\u5f88\u5dee\u3002", "events": [], "arguments": {"time": [], "loc": [], "country": [{"text": "\u5370\u5ea6", "offset": 5, "length": 2}], "weapon": []}}, {"sentence": "\u4e14\u4e0d\u8c08\u8fd9\u4e9b\u8fdb\u53e3\u6b66\u5668\u88c5\u5907\u80fd\u5426\u53ca\u65f6\u4ea4\u4ed8\uff0c\u5149\u662f\u6765\u6e90\u4e94\u82b1\u516b\u95e8\u7684\u201c\u4e07\u56fd\u9020\u201d\u88c5\u5907\u5c31\u8db3\u4ee5\u8ba9\u5370\u519b\u540e\u52e4\u4fdd\u969c\u90e8\u95e8\u201c\u6293\u72c2\u201d\u3002", "events": [], "arguments": {"time": [], "loc": [], "country": [{"text": "\u5370", "offset": 38, "length": 1}], "weapon": []}}, {"sentence": "\u66f4\u91cd\u8981\u7684\u662f\uff0c\u73b0\u4ee3\u6b66\u5668\u5f80\u5f80\u8fd8\u9700\u8981\u7ecf\u8fc7\u5145\u8db3\u8bad\u7ec3\u624d\u80fd\u719f\u7ec3\u8fd0\u7528\uff0c\u800c\u8fd9\u6b63\u662f\u201c\u4e34\u65f6\u62b1\u4f5b\u811a\u201d\u7684\u5370\u519b\u9762\u4e34\u7684\u5927\u96be\u9898\u3002", "events": [], "arguments": {"time": [], "loc": [], "country": [{"text": "\u5370", "offset": 40, "length": 1}], "weapon": []}}, {"sentence": "\u5370\u5ea6\u9646\u519b\u4ecd\u5728\u88c5\u5907\u4f7f\u7528\u582a\u79f0\u201c\u53e4\u8463\u201d\u7684T-55\u5766\u514b", "events": [], "arguments": {"time": [], "loc": [], "country": [{"text": "\u5370\u5ea6", "offset": 0, "length": 2}], "weapon": [{"text": "T-55\u5766\u514b", "offset": 17, "length": 6}]}}]