[{"sentence": "\u7f8e\u519b\u9996\u6b21\u7ed9U2\u4fa6\u5bdf\u673a\u88c5\u4e0a\u4eba\u5de5\u667a\u80fd \u5168\u6743\u63a5\u7ba1\u8be5\u673a\u4e24\u5927\u5173\u952e\u7cfb\u7edf", "events": [{"trigger": {"text": "\u88c5\u4e0a", "offset": 10, "length": 2}, "object": {"text": "", "offset": 0, "length": 0}, "subject": {"text": "", "offset": 0, "length": 0}}], "arguments": {"time": [], "loc": [], "country": [{"text": "\u7f8e", "offset": 0, "length": 1}], "weapon": [{"text": "U2\u4fa6\u5bdf\u673a", "offset": 5, "length": 5}]}}, {"sentence": "\u3010\u73af\u7403\u7f51\u62a5\u9053 \u8bb0\u8005 \u5f90\u7490\u660e\u3011", "events": [], "arguments": {"time": [], "loc": [], "country": [], "weapon": []}}, {"sentence": "\u7f8e\u56fd\u7a7a\u519b\u8fd1\u65e5\u9996\u6b21\u5c06\u4eba\u5de5\u667a\u80fd\uff08AI\uff09\u7cfb\u7edf\u5e94\u7528\u5230\u4e86U-2\u4fa6\u5bdf\u673a\u4e0a\uff0c\u8be5\u673a\u7684\u98de\u884c\u5458\u5c06\u4e0e\u4eba\u5de5\u667a\u80fd\u526f\u9a7e\u9a76\u4e00\u8d77\u98de\u884c\uff0c\u5e76\u80a9\u4f5c\u6218\u3002", "events": [{"trigger": {"text": "\u98de\u884c", "offset": 48, "length": 2}, "object": {"text": "", "offset": 0, "length": 0}, "subject": {"text": "", "offset": 0, "length": 0}}], "arguments": {"time": [], "loc": [], "country": [{"text": "\u7f8e\u56fd", "offset": 0, "length": 2}], "weapon": [{"text": "U-2\u4fa6\u5bdf\u673a", "offset": 23, "length": 6}]}}, {"sentence": "\u636e\u7f8e\u56fd\u201c\u9632\u52a1\u65b0\u95fb\u201d12\u670816\u65e5\u62a5\u9053\uff0c\u7f8e\u56fd\u7a7a\u519b\u73b0\u5728\u5df2\u7ecf\u62e5\u6709\u4e86\u81ea\u5df1\u7684\u4eba\u5de5\u667a\u80fd\u7cfb\u7edf\uff0c\u540d\u4e3aArtoo\u3002", "events": [], "arguments": {"time": [{"text": "12\u670816\u65e5", "offset": 9, "length": 6}], "loc": [], "country": [{"text": "\u7f8e\u56fd", "offset": 1, "length": 2}, {"text": "\u7f8e\u56fd", "offset": 18, "length": 2}], "weapon": [{"text": "Artoo", "offset": 41, "length": 5}]}}, {"sentence": "\u8be5\u7cfb\u7edf\u4e8e12\u670815\u65e5\u9996\u6b21\u88ab\u5b89\u88c5\u5230\u4e86\u6d1b\u514b\u5e0c\u5fb7\u00b7\u9a6c\u4e01\u516c\u53f8\u7814\u5236\u7684U-2\u4fa6\u5bdf\u673a\u4e0a\uff0c\u5e76\u88ab\u8d4b\u4e88\u63a7\u5236\u4fa6\u5bdf\u673a\u96f7\u8fbe\u548c\u4f20\u611f\u5668\u7cfb\u7edf\u7684\u4efb\u52a1\u3002", "events": [{"trigger": {"text": "\u5b89\u88c5", "offset": 13, "length": 2}, "object": {"text": "", "offset": 0, "length": 0}, "subject": {"text": "", "offset": 0, "length": 0}}, {"trigger": {"text": "\u7814\u5236", "offset": 26, "length": 2}, "object": {"text": "", "offset": 0, "length": 0}, "subject": {"text": "", "offset": 0, "length": 0}}], "arguments": {"time": [{"text": "12\u670815\u65e5", "offset": 4, "length": 6}], "loc": [], "country": [], "weapon": [{"text": "U-2\u4fa6\u5bdf\u673a", "offset": 29, "length": 6}]}}, {"sentence": "\u7f8e\u56fd\u7a7a\u519b\u5728\u4e00\u4efd\u65b0\u95fb\u7a3f\u4e2d\u8bf4\uff0c\u5728\u52a0\u5dde\u6bd4\u5c14\u7a7a\u519b\u57fa\u5730\u5c55\u5f00\u7684\u8bad\u7ec3\u4efb\u52a1\u4e2d\uff0cArtoo\u7684\u4efb\u52a1\u662f\u627e\u5230\u7528\u4e8e\u6a21\u62df\u5bfc\u5f39\u88ad\u51fb\u7684\u5bfc\u5f39\u53d1\u5c04\u88c5\u7f6e\uff0c\u5e76\u5728\u8d77\u98de\u540e\u5168\u6743\u8d1f\u8d23\u4f20\u611f\u5668\u7684\u4f7f\u7528\u548c\u6218\u672f\u5bfc\u822a\u7cfb\u7edf\u3002", "events": [{"trigger": {"text": "\u88ad\u51fb", "offset": 48, "length": 2}, "object": {"text": "", "offset": 0, "length": 0}, "subject": {"text": "", "offset": 0, "length": 0}}, {"trigger": {"text": "\u8d77\u98de", "offset": 60, "length": 2}, "object": {"text": "", "offset": 0, "length": 0}, "subject": {"text": "", "offset": 0, "length": 0}}], "arguments": {"time": [], "loc": [{"text": "\u52a0\u5dde\u6bd4\u5c14\u7a7a\u519b\u57fa\u5730", "offset": 14, "length": 8}], "country": [{"text": "\u7f8e\u56fd", "offset": 0, "length": 2}], "weapon": [{"text": "\u5bfc\u5f39\u53d1\u5c04\u88c5\u7f6e", "offset": 51, "length": 6}]}}, {"sentence": "\u800cU-2\u4fa6\u5bdf\u673a\u7684\u98de\u884c\u5458\u5219\u4e13\u6ce8\u4e8e\u5bfb\u627e\u654c\u673a\uff0c\u5e76\u4e0eAI\u201c\u526f\u9a7e\u9a76\u201d\u5171\u4eab\u96f7\u8fbe\u4fe1\u606f\u3002", "events": [], "arguments": {"time": [], "loc": [], "country": [], "weapon": [{"text": "U-2\u4fa6\u5bdf\u673a", "offset": 1, "length": 6}]}}, {"sentence": "\u201c\u5c31\u50cf\u4efb\u4f55\u98de\u884c\u5458\u4e00\u6837\uff0cArtoo\u4e5f\u6709\u4f18\u7f3a\u70b9\uff0c\u201d\u7f8e\u56fd\u7a7a\u519b\u91c7\u8d2d\u90e8\u95e8\u4e3b\u7ba1\u5a01\u5c14\u00b7\u7f57\u73c0\u8868\u793a\u3002", "events": [{"trigger": {"text": "\u91c7\u8d2d", "offset": 27, "length": 2}, "object": {"text": "", "offset": 0, "length": 0}, "subject": {"text": "", "offset": 0, "length": 0}}], "arguments": {"time": [], "loc": [], "country": [{"text": "\u7f8e\u56fd", "offset": 23, "length": 2}], "weapon": [{"text": "Artoo", "offset": 11, "length": 5}]}}, {"sentence": "\u201c\u7406\u89e3\u4ed6\u4eec\uff0c\u8ba9\u4eba\u7c7b\u548c\u4eba\u5de5\u667a\u80fd\u4e3a\u5c06\u6765\u7684\u7b97\u6cd5\u6218\u4e89\u65b0\u65f6\u4ee3\u505a\u597d\u51c6\u5907\uff0c\u662f\u6211\u4eec\u4e0b\u4e00\u6b65\u5fc5\u987b\u8981\u505a\u7684\u3002", "events": [], "arguments": {"time": [], "loc": [], "country": [], "weapon": []}}, {"sentence": "\u6211\u4eec\u8981\u4e48\u6210\u4e3a\u79d1\u5e7b\u5c0f\u8bf4\uff0c\u8981\u4e48\u6210\u4e3a\u5386\u53f2\u3002", "events": [], "arguments": {"time": [], "loc": [], "country": [], "weapon": []}}, {"sentence": "\u201d", "events": [], "arguments": {"time": [], "loc": [], "country": [], "weapon": []}}, {"sentence": "\u62a5\u9053\u79f0\uff0cArtoo\u7cfb\u7edf\u7531U-2\u4fa6\u5bdf\u673a\u8054\u90a6\u5b9e\u9a8c\u5ba4\u7814\u53d1\uff0c\u8be5\u5b9e\u9a8c\u5ba4\u572810\u6708\u5bf9U-2\u4fa6\u5bdf\u673a\u7684\u8fdb\u884c\u7684\u5347\u7ea7\u4e2d\u88c5\u5165\u4e86\u8be5\u7cfb\u7edf\uff0c\u8fd9\u5bf9\u4e8e\u7f8e\u519b\u800c\u8a00\u662f\u5934\u4e00\u56de\u3002", "events": [{"trigger": {"text": "\u5347\u7ea7", "offset": 45, "length": 2}, "object": {"text": "", "offset": 0, "length": 0}, "subject": {"text": "", "offset": 0, "length": 0}}], "arguments": {"time": [{"text": "10\u6708", "offset": 31, "length": 3}], "loc": [], "country": [{"text": "\u7f8e", "offset": 58, "length": 1}], "weapon": [{"text": "U-2\u4fa6\u5bdf\u673a", "offset": 35, "length": 6}]}}, {"sentence": "\u7f8e\u56fd\u7a7a\u519b\u65b9\u9762\u8868\u793a\uff0c\u5c3d\u7ba1Artoo\u7684\u8bbe\u8ba1\u76ee\u7684\u662f\u51cf\u8f7bU-2\u98de\u884c\u5458\u7684\u5de5\u4f5c\u8d1f\u62c5\uff0c\u4f46\u8fd9\u79cd\u7cfb\u7edf\u4e5f\u53ef\u5728\u4fee\u6539\u540e\u88ab\u7528\u4e8e\u5176\u4ed6\u4f5c\u6218\u98de\u673a\u3002", "events": [], "arguments": {"time": [], "loc": [], "country": [{"text": "\u7f8e\u56fd", "offset": 0, "length": 2}], "weapon": [{"text": "Artoo", "offset": 11, "length": 5}, {"text": "U-2", "offset": 24, "length": 3}]}}, {"sentence": "\u7f8e\u56fd\u7a7a\u519b\u53c2\u8c0b\u957f\u67e5\u5c14\u65af\u00b7\u5e03\u6717\u4e0a\u5c06\u5728\u4e00\u4efd\u58f0\u660e\u4e2d\u8bf4\uff1a\u201c\u6211\u4eec\u77e5\u9053\uff0c\u4e3a\u4e86\u5728\u672a\u6765\u4e0e\u5bf9\u7b49\u5bf9\u624b\u7684\u51b2\u7a81\u4e2d\u4f5c\u6218\u5e76\u8d62\u5f97\u80dc\u5229\uff0c\u6211\u4eec\u5fc5\u987b\u62e5\u6709\u5177\u6709\u51b3\u5b9a\u6027\u4f5c\u6218\u7684\u6570\u5b57\u4f18\u52bf\u3002", "events": [{"trigger": {"text": "\u51b2\u7a81", "offset": 40, "length": 2}, "object": {"text": "", "offset": 0, "length": 0}, "subject": {"text": "", "offset": 0, "length": 0}}], "arguments": {"time": [], "loc": [], "country": [{"text": "\u7f8e\u56fd", "offset": 0, "length": 2}], "weapon": []}}, {"sentence": "\u201d\u201c\u4eba\u5de5\u667a\u80fd\u5c06\u5728\u5b9e\u73b0\u8fd9\u4e00\u4f18\u52bf\u4e2d\u53d1\u6325\u5173\u952e\u4f5c\u7528\uff0c\u6240\u4ee5\u6211\u5bf9\u6211\u4eec\u56e2\u961f\u53d6\u5f97\u6210\u5c31\u65e0\u6bd4\u81ea\u8c6a\uff0c\u6211\u4eec\u5fc5\u987b\u52a0\u901f\u53d8\u9769\uff0c\u53ea\u6709\u5f53\u6211\u4eec\u7684\u98de\u884c\u5458\u7a81\u7834\u6211\u4eec\u8ba4\u4e3a\u53ef\u80fd\u7684\u6781\u9650\u65f6\uff0c\u53d8\u9769\u624d\u4f1a\u53d1\u751f\u3002", "events": [], "arguments": {"time": [], "loc": [], "country": [], "weapon": []}}, {"sentence": "\u201d", "events": [], "arguments": {"time": [], "loc": [], "country": [], "weapon": []}}]