[{"sentence": "\u4fc4\u519b\u540c\u4e00\u5929\u5411\u56db\u5927\u6d77\u57df\u6d3e\u51fa\u6218\u6597\u673a\u62e6\u622a\u5317\u7ea6\u6218\u673a", "events": [{"trigger": {"text": "\u62e6\u622a", "offset": 15, "length": 2}, "subject": {"text": "\u4fc4\u519b", "offset": 0, "length": 2}, "object": {"text": "\u5317\u7ea6\u6218\u673a", "offset": 17, "length": 4}}, {"trigger": {"text": "\u6d3e\u51fa", "offset": 10, "length": 2}, "object": {"text": "", "offset": 0, "length": 0}, "subject": {"text": "", "offset": 0, "length": 0}}], "arguments": {"time": [], "loc": [], "country": [{"text": "\u4fc4", "offset": 0, "length": 1}, {"text": "\u5317\u7ea6", "offset": 17, "length": 2}], "weapon": [{"text": "\u5317\u7ea6\u6218\u673a", "offset": 17, "length": 4}, {"text": "\u6218\u6597\u673a", "offset": 12, "length": 3}]}}, {"sentence": "\u3010\u73af\u7403\u7f51\u62a5\u9053 \u8bb0\u8005 \u5f90\u7490\u660e\u3011", "events": [], "arguments": {"time": [], "loc": [], "country": [], "weapon": []}}, {"sentence": "\u5317\u7ea6\u8fd1\u65e5\u9891\u7e41\u6d3e\u673a\u5728\u4fc4\u8fb9\u754c\u5f00\u5c55\u4fa6\u5bdf\u548c\u5a01\u6151\u98de\u884c\uff0c\u57289\u670815\u65e5\u4e00\u5929\u4e4b\u5185\uff0c\u4fc4\u7f57\u65af\u519b\u65b9\u901a\u62a5\u4e863\u8d77\u5317\u7ea6\u6218\u673a\u9760\u8fd1\u4fc4\u8fb9\u754c\u7684\u4e8b\u4ef6\uff0c\u4fc4\u519b\u5411\u6ce2\u7f57\u7684\u6d77\u3001\u9ed1\u6d77\u3001\u767d\u4ee4\u6d77\u548c\u9102\u970d\u6b21\u514b\u6d77\u6d3e\u51fa\u6218\u673a\u5bf9\u5317\u7ea6\u6218\u673a\u8fdb\u884c\u67e5\u8bc1\u3001\u62e6\u622a\u3001\u4f34\u98de\u76d1\u89c6\u3002", "events": [{"trigger": {"text": "\u9760\u8fd1", "offset": 47, "length": 2}, "subject": {"text": "\u5317\u7ea6", "offset": 81, "length": 2}, "object": {"text": "\u4fc4\u8fb9\u754c", "offset": 49, "length": 3}}, {"trigger": {"text": "\u5f00\u5c55", "offset": 12, "length": 2}, "subject": {"text": "\u5317\u7ea6", "offset": 81, "length": 2}, "object": {"text": "\u4fa6\u5bdf\u548c\u5a01\u6151\u98de\u884c", "offset": 14, "length": 7}}, {"trigger": {"text": "\u4f34\u98de\u76d1\u89c6", "offset": 93, "length": 4}, "object": {"text": "", "offset": 0, "length": 0}, "subject": {"text": "", "offset": 0, "length": 0}}], "arguments": {"time": [{"text": "9\u670815\u65e5", "offset": 23, "length": 5}], "loc": [{"text": "\u4fc4\u8fb9\u754c", "offset": 49, "length": 3}, {"text": "\u6ce2\u7f57\u7684\u6d77\u3001\u9ed1\u6d77\u3001\u767d\u4ee4\u6d77\u548c\u9102\u970d\u6b21\u514b\u6d77", "offset": 59, "length": 17}, {"text": "\u4fc4\u8fb9\u754c", "offset": 9, "length": 3}], "country": [{"text": "\u4fc4\u7f57\u65af", "offset": 33, "length": 3}, {"text": "\u5317\u7ea6", "offset": 0, "length": 2}, {"text": "\u5317\u7ea6", "offset": 43, "length": 2}, {"text": "\u5317\u7ea6", "offset": 81, "length": 2}], "weapon": [{"text": "\u5317\u7ea6\u6218\u673a", "offset": 81, "length": 4}]}}, {"sentence": "\u4fc4\u7f57\u65af\u56fd\u9632\u90e8\u53d1\u5e03\u76849\u670815\u65e5\u4fc4\u519b\u6218\u6597\u673a\u5728\u767d\u4ee4\u6d77\u4e0a\u62e6\u622a\u7f8e\u519bB-1B\u8f70\u70b8\u673a\u7684\u753b\u9762", "events": [{"trigger": {"text": "\u62e6\u622a", "offset": 24, "length": 2}, "subject": {"text": "\u4fc4\u519b\u6218\u6597\u673a", "offset": 14, "length": 5}, "object": {"text": "\u7f8e\u519bB-1B\u8f70\u70b8\u673a", "offset": 26, "length": 9}}], "arguments": {"time": [{"text": "9\u670815\u65e5", "offset": 9, "length": 5}], "loc": [{"text": "\u767d\u4ee4\u6d77\u4e0a", "offset": 20, "length": 4}, {"text": "\u4fc4\u7f57\u65af\u56fd\u9632\u90e8", "offset": 0, "length": 6}], "country": [{"text": "\u4fc4\u7f57\u65af", "offset": 0, "length": 3}], "weapon": [{"text": "\u4fc4\u519b\u6218\u6597\u673a", "offset": 14, "length": 5}, {"text": "B-1B\u8f70\u70b8\u673a", "offset": 28, "length": 7}]}}, {"sentence": "\u4fc4\u7f57\u65af\u56fd\u9632\u90e8\u56fd\u5bb6\u56fd\u9632\u7ba1\u7406\u4e2d\u5fc39\u670815\u65e5\u53d1\u5e03\u6d88\u606f\u79f0\uff0c\u4fc4\u519b\u7684\u82cf-27\u6218\u673a\u5728\u6ce2\u7f57\u7684\u6d77\u62e6\u622a\u4e86\u4e00\u67b6\u7f8e\u519b\u53cd\u6f5c\u5de1\u903b\u673a\u3002", "events": [{"trigger": {"text": "\u62e6\u622a", "offset": 39, "length": 2}, "subject": {"text": "\u82cf-27\u6218\u673a", "offset": 28, "length": 6}, "object": {"text": "\u7f8e\u519b\u53cd\u6f5c\u5de1\u903b\u673a", "offset": 44, "length": 7}}], "arguments": {"time": [{"text": "9\u670815\u65e5", "offset": 14, "length": 5}], "loc": [{"text": "\u6ce2\u7f57\u7684\u6d77", "offset": 35, "length": 4}, {"text": "\u4fc4\u7f57\u65af\u56fd\u9632\u90e8", "offset": 0, "length": 6}], "country": [{"text": "\u4fc4\u7f57\u65af", "offset": 0, "length": 3}, {"text": "\u7f8e", "offset": 44, "length": 1}], "weapon": [{"text": "\u82cf-27\u6218\u673a", "offset": 28, "length": 6}, {"text": "\u53cd\u6f5c\u5de1\u903b\u673a", "offset": 46, "length": 5}]}}, {"sentence": "\u4fc4\u56fd\u9632\u90e8\u5728\u6d88\u606f\u4e2d\u8bf4\uff1a\u201c9\u670815\u65e5\uff0c\u4fc4\u7f57\u65af\u7a7a\u57df\u76d1\u63a7\u8bbe\u5907\u5728\u6ce2\u7f57\u7684\u6d77\u4e2d\u7acb\u6c34\u57df\u4e0a\u7a7a\u53d1\u73b0\u4e00\u4e2a\u7a7a\u4e2d\u76ee\u6807\u6b63\u5728\u5411\u4fc4\u7f57\u65af\u8fb9\u5883\u9760\u8fd1\u3002", "events": [{"trigger": {"text": "\u9760\u8fd1", "offset": 53, "length": 2}, "object": {"text": "", "offset": 0, "length": 0}, "subject": {"text": "", "offset": 0, "length": 0}}], "arguments": {"time": [{"text": "9\u670815\u65e5", "offset": 11, "length": 5}], "loc": [{"text": "\u6ce2\u7f57\u7684\u6d77\u4e2d\u7acb\u6c34\u57df\u4e0a\u7a7a", "offset": 27, "length": 10}, {"text": "\u4fc4\u7f57\u65af\u8fb9\u5883\u9760", "offset": 48, "length": 6}, {"text": "\u4fc4\u7f57\u65af\u8fb9\u5883", "offset": 48, "length": 5}], "country": [{"text": "\u4fc4\u7f57\u65af", "offset": 48, "length": 3}, {"text": "\u4fc4\u7f57\u65af", "offset": 17, "length": 3}], "weapon": []}}, {"sentence": "\u201d\u4fc4\u897f\u90e8\u519b\u533a\u9632\u7a7a\u90e8\u961f\u62c5\u4efb\u6218\u5907\u6267\u52e4\u4efb\u52a1\u7684\u82cf-27\u6218\u673a\u5347\u7a7a\uff0c\u524d\u5f80\u67e5\u8bc1\u3001\u62e6\u622a\u3002", "events": [{"trigger": {"text": "\u524d\u5f80", "offset": 28, "length": 2}, "object": {"text": "", "offset": 0, "length": 0}, "subject": {"text": "", "offset": 0, "length": 0}}, {"trigger": {"text": "\u62e6\u622a", "offset": 33, "length": 2}, "object": {"text": "", "offset": 0, "length": 0}, "subject": {"text": "", "offset": 0, "length": 0}}], "arguments": {"time": [], "loc": [], "country": [{"text": "\u4fc4", "offset": 1, "length": 1}], "weapon": [{"text": "\u82cf-27\u6218\u673a", "offset": 19, "length": 6}]}}, {"sentence": "\u4fc4\u56fd\u9632\u90e8\u8868\u793a\uff1a\u201c\u4fc4\u519b\u98de\u884c\u5458\u9a7e\u673a\u63a5\u8fd1\u76ee\u6807\u81f3\u5b89\u5168\u8ddd\u79bb\uff0c\u8bc6\u522b\u51fa\u76ee\u6807\u4e3a\u7f8e\u56fd\u6d77\u519b\u7684P-8A\u2018\u6ce2\u585e\u51ac\u2019\u53cd\u6f5c\u5de1\u903b\u673a\uff0c\u968f\u5373\u4e88\u4ee5\u4f34\u98de\u3002", "events": [{"trigger": {"text": "\u63a5\u8fd1", "offset": 15, "length": 2}, "object": {"text": "", "offset": 0, "length": 0}, "subject": {"text": "", "offset": 0, "length": 0}}, {"trigger": {"text": "\u4f34\u98de", "offset": 55, "length": 2}, "object": {"text": "", "offset": 0, "length": 0}, "subject": {"text": "", "offset": 0, "length": 0}}], "arguments": {"time": [], "loc": [], "country": [{"text": "\u4fc4", "offset": 8, "length": 1}, {"text": "\u7f8e\u56fd", "offset": 31, "length": 2}], "weapon": [{"text": "P-8A\u2018\u6ce2\u585e\u51ac\u2019\u53cd\u6f5c\u5de1\u903b\u673a", "offset": 36, "length": 14}]}}, {"sentence": "\u201c\u5728P-8A\u53cd\u6f5c\u5de1\u903b\u673a\u98de\u79bb\u4fc4\u7f57\u65af\u8fb9\u754c\u540e\uff0c\u4fc4\u519b\u6218\u673a\u8fd4\u56de\u9a7b\u5730\u673a\u573a\u3002", "events": [{"trigger": {"text": "\u8fd4\u56de", "offset": 24, "length": 2}, "object": {"text": "", "offset": 0, "length": 0}, "subject": {"text": "", "offset": 0, "length": 0}}], "arguments": {"time": [], "loc": [{"text": "\u4fc4\u7f57\u65af\u8fb9\u754c", "offset": 13, "length": 5}, {"text": "\u9a7b\u5730\u673a\u573a", "offset": 26, "length": 4}], "country": [{"text": "\u4fc4\u7f57\u65af", "offset": 13, "length": 3}, {"text": "\u4fc4", "offset": 20, "length": 1}], "weapon": [{"text": "P-8A\u53cd\u6f5c\u5de1\u903b\u673a", "offset": 2, "length": 9}]}}, {"sentence": "\u82cf-27\u6218\u673a\u5728\u6574\u4e2a\u98de\u884c\u671f\u95f4\u4e25\u683c\u9075\u5b88\u4e86\u56fd\u9645\u7a7a\u57df\u4f7f\u7528\u89c4\u5219\u3002", "events": [{"trigger": {"text": "\u98de\u884c", "offset": 9, "length": 2}, "object": {"text": "", "offset": 0, "length": 0}, "subject": {"text": "", "offset": 0, "length": 0}}], "arguments": {"time": [], "loc": [], "country": [], "weapon": [{"text": "\u82cf-27\u6218\u673a", "offset": 0, "length": 6}]}}, {"sentence": "\u4fc4\u7f57\u65af\u82cf-27\u6218\u6597\u673a\u62e6\u622a\u7f8e\u519bP-8A\u53cd\u6f5c\u5de1\u903b\u673a", "events": [{"trigger": {"text": "\u62e6\u622a", "offset": 10, "length": 2}, "subject": {"text": "\u82cf-27\u6218\u6597\u673a", "offset": 3, "length": 7}, "object": {"text": "\u7f8e\u519bP-8A\u53cd\u6f5c\u5de1\u903b\u673a", "offset": 12, "length": 11}}], "arguments": {"time": [], "loc": [], "country": [{"text": "\u4fc4\u7f57\u65af", "offset": 0, "length": 3}], "weapon": [{"text": "\u82cf-27\u6218\u6597\u673a", "offset": 3, "length": 7}, {"text": "P-8A\u53cd\u6f5c\u5de1\u903b\u673a", "offset": 14, "length": 9}]}}, {"sentence": "\u4fc4\u7f57\u65af\u56fd\u9632\u90e8\u56fd\u5bb6\u56fd\u9632\u7ba1\u7406\u4e2d\u5fc3\u540c\u65f6\u53d1\u5e03\u6d88\u606f\u79f0\uff0c\u540c\u4e00\u5929\uff0c\u7f8e\u82f1\u4e24\u56fd\u5404\u6d3e\u51fa\u4e00\u67b6\u4fa6\u5bdf\u673a\u5728\u9ed1\u6d77\u4e0a\u7a7a\u5411\u4fc4\u8fb9\u754c\u9760\u8fd1\uff0c\u4fc4\u519b\u82cf-27\u6218\u673a\u5347\u7a7a\u6212\u5907\u3002", "events": [{"trigger": {"text": "\u9760\u8fd1", "offset": 47, "length": 2}, "subject": {"text": "\u7f8e\u82f1\u4e24\u56fd\u5404\u6d3e\u51fa\u4e00\u67b6\u4fa6\u5bdf\u673a", "offset": 26, "length": 12}, "object": {"text": "\u4fc4\u8fb9\u754c", "offset": 44, "length": 3}}, {"trigger": {"text": "\u5347\u7a7a", "offset": 58, "length": 2}, "object": {"text": "", "offset": 0, "length": 0}, "subject": {"text": "", "offset": 0, "length": 0}}], "arguments": {"time": [], "loc": [{"text": "\u9ed1\u6d77\u4e0a\u7a7a", "offset": 39, "length": 4}, {"text": "\u4fc4\u8fb9\u754c", "offset": 44, "length": 3}, {"text": "\u4fc4\u7f57\u65af\u56fd\u9632\u90e8", "offset": 0, "length": 6}], "country": [{"text": "\u4fc4\u7f57\u65af", "offset": 0, "length": 3}, {"text": "\u7f8e", "offset": 26, "length": 1}, {"text": "\u82f1", "offset": 27, "length": 1}], "weapon": [{"text": "\u4fa6\u5bdf\u673a", "offset": 35, "length": 3}, {"text": "\u82cf-27\u6218\u673a", "offset": 52, "length": 6}]}}, {"sentence": "\u4fc4\u56fd\u9632\u90e8\u5728\u6d88\u606f\u4e2d\u8bf4\uff1a\u201c\u4fc4\u519b\u98de\u884c\u5458\u9a7e\u673a\u63a5\u8fd1\u76ee\u6807\u81f3\u5b89\u5168\u8ddd\u79bb\uff0c\u8bc6\u522b\u51fa\u76ee\u6807\u5206\u522b\u4e3a\u7f8e\u56fd\u7a7a\u519b\u3001\u82f1\u56fd\u7a7a\u519b\u7684RC-135\u4fa6\u5bdf\u673a\u3002", "events": [{"trigger": {"text": "\u63a5\u8fd1", "offset": 18, "length": 2}, "object": {"text": "", "offset": 0, "length": 0}, "subject": {"text": "", "offset": 0, "length": 0}}], "arguments": {"time": [], "loc": [], "country": [{"text": "\u4fc4", "offset": 11, "length": 1}, {"text": "\u7f8e\u56fd", "offset": 36, "length": 2}, {"text": "\u82f1\u56fd", "offset": 41, "length": 2}], "weapon": [{"text": "RC-135\u4fa6\u5bdf\u673a", "offset": 46, "length": 9}]}}, {"sentence": "\u201d", "events": [], "arguments": {"time": [], "loc": [], "country": [], "weapon": []}}, {"sentence": "\u4fc4\u7f57\u65af\u56fd\u9632\u90e8\u56fd\u5bb6\u56fd\u9632\u7ba1\u7406\u4e2d\u5fc3\u572815\u65e5\u8fd8\u8868\u793a\uff0c\u4fc4\u51fa\u52a8\u591a\u67b6\u6218\u6597\u673a\u5728\u767d\u4ee4\u6d77\u548c\u9102\u970d\u6b21\u514b\u6d77\u4f34\u98de\u4e86\u7f8e\u56fd\u7a7a\u519b\u7684\u6218\u7565\u8f70\u70b8\u673a\u3002", "events": [{"trigger": {"text": "\u51fa\u52a8", "offset": 23, "length": 2}, "object": {"text": "", "offset": 0, "length": 0}, "subject": {"text": "", "offset": 0, "length": 0}}], "arguments": {"time": [{"text": "15\u65e5", "offset": 15, "length": 3}], "loc": [{"text": "\u767d\u4ee4\u6d77", "offset": 31, "length": 3}, {"text": "\u9102\u970d\u6b21\u514b\u6d77", "offset": 35, "length": 5}, {"text": "\u4fc4\u7f57\u65af\u56fd\u9632\u90e8", "offset": 0, "length": 6}], "country": [{"text": "\u4fc4\u7f57\u65af", "offset": 0, "length": 3}, {"text": "\u7f8e\u56fd", "offset": 43, "length": 2}], "weapon": [{"text": "\u6218\u7565\u8f70\u70b8\u673a", "offset": 48, "length": 5}, {"text": "\u6218\u6597\u673a", "offset": 27, "length": 3}]}}, {"sentence": "\u4fc4\u56fd\u9632\u90e8\u8868\u793a\uff0c\u96b6\u5c5e\u592a\u5e73\u6d0b\u8230\u961f\u7684\u7c73\u683c-31\u6218\u6597\u673a\u548c\u4e1c\u90e8\u519b\u533a\u7684\u82cf-35S\u6218\u6597\u673a\uff0c\u5728\u767d\u4ee4\u6d77\u548c\u9102\u970d\u6b21\u514b\u6d77\u4e0a\u7a7a\u4f34\u98de\u4e00\u67b6\u7f8e\u519bB-1B\u201c\u8f7b\u9a91\u5175\u201d\u8f70\u70b8\u673a\u3002", "events": [{"trigger": {"text": "\u4f34\u98de", "offset": 50, "length": 2}, "subject": {"text": "\u592a\u5e73\u6d0b\u8230\u961f\u7684\u7c73\u683c-31\u6218\u6597\u673a\u548c\u4e1c\u90e8\u519b\u533a\u7684\u82cf-35S\u6218\u6597\u673a", "offset": 9, "length": 28}, "object": {"text": "\u7f8e\u519bB-1B\u201c\u8f7b\u9a91\u5175\u201d\u8f70\u70b8\u673a", "offset": 54, "length": 14}}], "arguments": {"time": [], "loc": [{"text": "\u767d\u4ee4\u6d77", "offset": 39, "length": 3}, {"text": "\u9102\u970d\u6b21\u514b\u6d77", "offset": 43, "length": 5}, {"text": "\u592a\u5e73\u6d0b", "offset": 9, "length": 3}], "country": [{"text": "\u4fc4", "offset": 0, "length": 1}, {"text": "\u7f8e", "offset": 54, "length": 1}], "weapon": [{"text": "\u7c73\u683c-31\u6218\u6597\u673a", "offset": 15, "length": 8}, {"text": "\u82cf-35S\u6218\u6597\u673a", "offset": 29, "length": 8}, {"text": "B-1B\u201c\u8f7b\u9a91\u5175\u201d\u8f70\u70b8\u673a", "offset": 56, "length": 12}]}}, {"sentence": "\u4fc4\u65b9\u5728\u6d88\u606f\u4e2d\u79f0\uff1a\u201c\u7ecf\u786e\u8ba4\uff0c\u76ee\u6807\u662f\u7f8e\u519bB-1B\u2018\u67aa\u9a91\u5175\u2019\u8f70\u70b8\u673a\u3002", "events": [], "arguments": {"time": [], "loc": [], "country": [{"text": "\u4fc4\u65b9", "offset": 0, "length": 2}, {"text": "\u7f8e", "offset": 16, "length": 1}], "weapon": [{"text": "B-1B\u2018\u67aa\u9a91\u5175\u2019\u8f70\u70b8\u673a", "offset": 18, "length": 12}]}}, {"sentence": "\u7ed3\u675f\u4f34\u98de\u540e\uff0c\u4fc4\u6218\u673a\u987a\u5229\u8fd4\u56de\u9a7b\u5730\u3002", "events": [{"trigger": {"text": "\u8fd4\u56de", "offset": 11, "length": 2}, "object": {"text": "", "offset": 0, "length": 0}, "subject": {"text": "", "offset": 0, "length": 0}}], "arguments": {"time": [], "loc": [], "country": [{"text": "\u4fc4", "offset": 6, "length": 1}], "weapon": [{"text": "\u4fc4\u6218\u673a", "offset": 6, "length": 3}]}}, {"sentence": "\u201d", "events": [], "arguments": {"time": [], "loc": [], "country": [], "weapon": []}}]