[{"sentence": "\u7f8e\u56fd\u519b\u8230\u4eca\u5e74\u7b2c6\u6b21\u8fdb\u5165\u9ed1\u6d77\u00a0\u4fc4\u7f57\u65af\u7acb\u5373\u6d3e\u8230\u8ddf\u8e2a\u76d1\u89c6", "events": [{"trigger": {"text": "\u8fdb\u5165", "offset": 9, "length": 2}, "subject": {"text": "\u7f8e\u56fd\u519b\u8230", "offset": 0, "length": 4}, "object": {"text": "\u9ed1\u6d77\u00a0", "offset": 11, "length": 3}}, {"trigger": {"text": "\u8ddf\u8e2a\u76d1\u89c6", "offset": 21, "length": 4}, "subject": {"text": "\u4fc4\u7f57\u65af", "offset": 14, "length": 3}, "object": {"text": "\u7f8e\u56fd\u519b\u8230", "offset": 0, "length": 4}}], "arguments": {"time": [], "loc": [{"text": "\u9ed1\u6d77", "offset": 11, "length": 2}], "country": [{"text": "\u7f8e\u56fd", "offset": 0, "length": 2}, {"text": "\u00a0\u4fc4\u7f57\u65af", "offset": 13, "length": 4}, {"text": "\u4fc4\u7f57\u65af", "offset": 14, "length": 3}], "weapon": [{"text": "\u8230", "offset": 20, "length": 1}, {"text": "\u519b\u8230", "offset": 2, "length": 2}]}}, {"sentence": "\u3010\u73af\u7403\u7f51\u519b\u4e8b\u62a5\u9053\u3011", "events": [], "arguments": {"time": [], "loc": [], "country": [], "weapon": []}}, {"sentence": "\u636e\u4fc4\u7f57\u65af\u536b\u661f\u65b0\u95fb\u901a\u8baf\u793e9\u670816\u65e5\u62a5\u9053\uff0c\u7f8e\u56fd\u6d77\u519b\u7b2c\u516d\u8230\u961f\u65b0\u95fb\u5904\u79f0\uff0c\u7f8e\u56fd\u6d77\u519b\u201c\u7f57\u65af\u798f\u201d\u53f7\u9a71\u9010\u8230\u201c\u524d\u5f80\u9ed1\u6d77\u4e0e\u5317\u7ea6\u76df\u56fd\u548c\u4f19\u4f34\u5408\u4f5c\u56fd\u5f00\u5c55\u884c\u52a8\uff0c\u4ee5\u4fdd\u8bc1\u6d77\u4e0a\u5b89\u5168\u3002", "events": [{"trigger": {"text": "\u5f00\u5c55\u884c\u52a8", "offset": 61, "length": 4}, "subject": {"text": "\u7f8e\u56fd\u6d77\u519b", "offset": 32, "length": 4}, "object": {"text": "", "offset": 0, "length": 0}}], "arguments": {"time": [{"text": "9\u670816\u65e5", "offset": 11, "length": 5}], "loc": [{"text": "\u9ed1\u6d77", "offset": 48, "length": 2}, {"text": "\u6d77\u4e0a", "offset": 69, "length": 2}], "country": [{"text": "\u4fc4\u7f57\u65af", "offset": 1, "length": 3}, {"text": "\u7f8e\u56fd", "offset": 32, "length": 2}, {"text": "\u7f8e\u56fd", "offset": 19, "length": 2}, {"text": "\u5317\u7ea6", "offset": 51, "length": 2}], "weapon": [{"text": "\u201c\u7f57\u65af\u798f\u201d\u53f7\u9a71\u9010\u8230\u201c", "offset": 36, "length": 10}]}}, {"sentence": "\u7f8e\u56fd\u6d77\u519b\u201c\u7f57\u65af\u798f\u201d\u53f7\u9a71\u9010\u8230", "events": [], "arguments": {"time": [], "loc": [], "country": [{"text": "\u7f8e\u56fd", "offset": 0, "length": 2}], "weapon": [{"text": "\u201c\u7f57\u65af\u798f\u201d\u53f7\u9a71\u9010\u8230", "offset": 4, "length": 9}]}}, {"sentence": "\u7f8e\u56fd\u6d77\u519b\u5728\u58f0\u660e\u4e2d\u79f0\uff1a\u201c2020\u5e749\u670815\u65e5\u201c\u7f57\u65af\u798f\u201d\u53f7\u9a71\u9010\u8230\u5f00\u59cb\u5411\u5317\u524d\u5f80\u9ed1\u6d77\uff0c\u4e0e\u5317\u7ea6\u76df\u56fd\u548c\u5730\u533a\u5408\u4f5c\u4f19\u4f34\u56fd\u5f00\u5c55\u884c\u52a8\u4ee5\u4fdd\u8bc1\u6d77\u4e0a\u5b89\u5168\u3002", "events": [{"trigger": {"text": "\u5411\u5317\u524d\u5f80", "offset": 32, "length": 4}, "subject": {"text": "\u201c\u7f57\u65af\u798f\u201d\u53f7\u9a71\u9010\u8230", "offset": 21, "length": 9}, "object": {"text": "\u9ed1\u6d77", "offset": 36, "length": 2}}, {"trigger": {"text": "\u5f00\u5c55\u884c\u52a8", "offset": 52, "length": 4}, "object": {"text": "", "offset": 0, "length": 0}, "subject": {"text": "", "offset": 0, "length": 0}}], "arguments": {"time": [{"text": "2020\u5e749\u670815\u65e5", "offset": 11, "length": 10}], "loc": [{"text": "\u9ed1\u6d77", "offset": 36, "length": 2}, {"text": "\u6d77\u4e0a", "offset": 59, "length": 2}], "country": [{"text": "\u7f8e\u56fd", "offset": 0, "length": 2}, {"text": "\u5317\u7ea6", "offset": 40, "length": 2}], "weapon": [{"text": "\u201c\u7f57\u65af\u798f\u201d\u53f7\u9a71\u9010\u8230", "offset": 21, "length": 9}]}}, {"sentence": "\u201c", "events": [], "arguments": {"time": [], "loc": [], "country": [], "weapon": []}}, {"sentence": "\u7f8e\u519b\u5728\u58f0\u660e\u4e2d\u79f0\uff0c\u8fd9\u5c06\u662f\u81ea2020\u5e74\u5e74\u521d\u8d77\u7f8e\u56fd\u6d77\u519b\u7b2c\u516d\u6b21\u8fdb\u5165\u9ed1\u6d77\u3002", "events": [{"trigger": {"text": "\u8fdb\u5165", "offset": 27, "length": 2}, "object": {"text": "", "offset": 0, "length": 0}, "subject": {"text": "", "offset": 0, "length": 0}}], "arguments": {"time": [{"text": "2020\u5e74\u5e74\u521d", "offset": 12, "length": 7}], "loc": [{"text": "\u9ed1\u6d77", "offset": 29, "length": 2}], "country": [{"text": "\u7f8e\u519b", "offset": 0, "length": 2}, {"text": "\u7f8e\u56fd", "offset": 20, "length": 2}], "weapon": []}}, {"sentence": "\u7f8e\u56fd\u6d77\u519b\u7684\u6ce2\u7279\u53f7\u9a71\u9010\u8230\u66fe\u57287\u6708\u8fdb\u5165\u9ed1\u6d77\u4e0e\u4e4c\u514b\u5170\u4e00\u8d77\u5f00\u5c55\u201c\u6d77\u4e0a\u5fae\u98ce-2020\u201d\u6f14\u4e60\u3002", "events": [{"trigger": {"text": "\u6f14\u4e60", "offset": 38, "length": 2}, "subject": {"text": "\u7f8e\u56fd\u6d77\u519b", "offset": 0, "length": 4}, "object": {"text": "\u201c\u6d77\u4e0a\u5fae\u98ce-2020\u201d", "offset": 27, "length": 11}}], "arguments": {"time": [{"text": "7\u6708", "offset": 13, "length": 2}], "loc": [{"text": "\u9ed1\u6d77", "offset": 17, "length": 2}, {"text": "\u6d77\u4e0a", "offset": 28, "length": 2}], "country": [{"text": "\u7f8e\u56fd", "offset": 0, "length": 2}, {"text": "\u4e4c\u514b\u5170", "offset": 20, "length": 3}], "weapon": [{"text": "\u6ce2\u7279\u53f7\u9a71\u9010\u8230", "offset": 5, "length": 6}]}}, {"sentence": "\u5bf9\u4e8e\u7f8e\u8230\u8fdb\u5165\u9ed1\u6d77\u6d77\u57df\u7684\u4e3e\u52a8\uff0c\u4fc4\u7f57\u65af\u519b\u65b9\u4e5f\u505a\u51fa\u4e86\u56de\u5e94\u3002", "events": [{"trigger": {"text": "\u8fdb\u5165", "offset": 4, "length": 2}, "object": {"text": "", "offset": 0, "length": 0}, "subject": {"text": "", "offset": 0, "length": 0}}], "arguments": {"time": [], "loc": [{"text": "\u9ed1\u6d77\u6d77\u57df", "offset": 6, "length": 4}], "country": [{"text": "\u7f8e", "offset": 2, "length": 1}, {"text": "\u4fc4\u7f57\u65af", "offset": 14, "length": 3}], "weapon": []}}, {"sentence": "\u4fc4\u7f57\u65af\u56fd\u9632\u90e8\u56fd\u5bb6\u56fd\u9632\u7ba1\u7406\u4e2d\u5fc316\u65e5\u53d1\u5e03\u6d88\u606f\u79f0\uff0c\u4fc4\u6d77\u519b\u201c\u57c3\u68ee\u6d77\u519b\u4e0a\u5c06\u201d\u53f7\u62a4\u536b\u8230\u5df2\u7ecf\u5f00\u59cb\u8ddf\u8e2a\u76d1\u89c6\u4e8e9\u670815\u65e5\u9a76\u5165\u9ed1\u6d77\u7684\u7f8e\u56fd\u6d77\u519b\u201c\u7f57\u65af\u798f\u201d\u53f7\u9a71\u9010\u8230\u3002", "events": [{"trigger": {"text": "\u8ddf\u8e2a\u76d1\u89c6", "offset": 42, "length": 4}, "subject": {"text": "\uff0c\u4fc4\u6d77\u519b\u201c\u57c3\u68ee\u6d77\u519b\u4e0a\u5c06\u201d\u53f7\u62a4\u536b\u8230", "offset": 22, "length": 16}, "object": {"text": "\u7f8e\u56fd\u6d77\u519b\u201c\u7f57\u65af\u798f\u201d\u53f7\u9a71\u9010\u8230", "offset": 57, "length": 13}}, {"trigger": {"text": "\u9a76\u5165", "offset": 52, "length": 2}, "object": {"text": "", "offset": 0, "length": 0}, "subject": {"text": "", "offset": 0, "length": 0}}], "arguments": {"time": [{"text": "16\u65e5", "offset": 14, "length": 3}, {"text": "9\u670815\u65e5", "offset": 47, "length": 5}], "loc": [{"text": "\u9ed1\u6d77", "offset": 54, "length": 2}, {"text": "\u4fc4\u7f57\u65af\u56fd\u9632\u90e8", "offset": 0, "length": 6}], "country": [{"text": "\u4fc4\u7f57\u65af", "offset": 0, "length": 3}, {"text": "\u7f8e\u56fd", "offset": 57, "length": 2}], "weapon": [{"text": "\u201c\u57c3\u68ee\u6d77\u519b\u4e0a\u5c06\u201d\u53f7\u62a4\u536b\u8230", "offset": 26, "length": 12}, {"text": "\u7f57\u65af\u798f\u201d\u53f7\u9a71\u9010\u8230", "offset": 62, "length": 8}, {"text": "\u201c\u7f57\u65af\u798f\u201d\u53f7\u9a71\u9010\u8230", "offset": 61, "length": 9}]}}]