[{"sentence": "\u897f\u85cf\u519b\u533a\u6f14\u4e60\u7cbe\u51c6\u6467\u6bc1\u65e0\u4eba\u673a\u8702\u7fa4", "events": [{"trigger": {"text": "\u6f14\u4e60", "offset": 4, "length": 2}, "subject": {"text": "\u897f\u85cf\u519b\u533a", "offset": 0, "length": 4}, "object": {"text": "\u65e0\u4eba\u673a\u8702\u7fa4", "offset": 10, "length": 5}}, {"trigger": {"text": "\u6467\u6bc1", "offset": 8, "length": 2}, "subject": {"text": "", "offset": 0, "length": 0}, "object": {"text": "\u65e0\u4eba\u673a\u8702\u7fa4", "offset": 10, "length": 5}}], "arguments": {"time": [], "loc": [{"text": "\u897f\u85cf\u519b\u533a", "offset": 0, "length": 4}], "country": [], "weapon": [{"text": "\u65e0\u4eba\u673a", "offset": 10, "length": 3}]}}, {"sentence": "\u3010#\u897f\u85cf\u519b\u533a\u6f14\u4e60\u7cbe\u51c6\u6467\u6bc1\u65e0\u4eba\u673a\u8702\u7fa4#\u3011", "events": [{"trigger": {"text": "\u6f14\u4e60", "offset": 6, "length": 2}, "object": {"text": "", "offset": 0, "length": 0}, "subject": {"text": "", "offset": 0, "length": 0}}, {"trigger": {"text": "\u6467\u6bc1", "offset": 10, "length": 2}, "object": {"text": "", "offset": 0, "length": 0}, "subject": {"text": "", "offset": 0, "length": 0}}], "arguments": {"time": [], "loc": [{"text": "\u897f\u85cf\u519b\u533a", "offset": 2, "length": 4}], "country": [], "weapon": [{"text": "\u65e0\u4eba\u673a", "offset": 12, "length": 3}]}}, {"sentence": "\u8fd1\u65e5\uff0c\u6d77\u62d44500\u7c73\u5ff5\u9752\u5510\u53e4\u62c9\u5c71\u8109\u5357\u9e93\uff0c\u897f\u85cf\u519b\u533a\u67d0\u9632\u7a7a\u65c5\u5b9e\u5f39\u6f14\u7ec3\u3002", "events": [{"trigger": {"text": "\u5b9e\u5f39\u6f14\u7ec3", "offset": 28, "length": 4}, "subject": {"text": "\u897f\u85cf\u519b\u533a\u67d0\u9632\u7a7a\u65c5", "offset": 20, "length": 8}, "object": {"text": "", "offset": 0, "length": 0}}], "arguments": {"time": [{"text": "\u8fd1\u65e5", "offset": 0, "length": 2}], "loc": [{"text": "\u6d77\u62d44500\u7c73\u5ff5\u9752\u5510\u53e4\u62c9\u5c71\u8109\u5357\u9e93", "offset": 3, "length": 16}, {"text": "\u897f\u85cf\u519b\u533a", "offset": 20, "length": 4}], "country": [], "weapon": []}}, {"sentence": "\u201c\u654c\u201d\u65b9\u6d3e\u51fa\u65e0\u4eba\u673a\u201c\u8702\u7fa4\u201d\u548c\u591a\u673a\u7f16\u961f\u88ad\u6270\uff0c\u6211\u65b9\u8fc5\u901f\u7ec4\u7ec7\u9ad8\u70ae\u5206\u961f\u548c\u5404\u7c7b\u5bfc\u5f39\u5206\u961f\uff0c\u6784\u8bbe\u9ad8\u4f4e\u534f\u540c\u7684\u7acb\u4f53\u9632\u62a4\u706b\u529b\uff0c\u7cbe\u51c6\u6b7c\u201c\u654c\u201d\uff01", "events": [{"trigger": {"text": "\u6d3e\u51fa", "offset": 4, "length": 2}, "object": {"text": "", "offset": 0, "length": 0}, "subject": {"text": "", "offset": 0, "length": 0}}], "arguments": {"time": [], "loc": [], "country": [], "weapon": [{"text": "\u65e0\u4eba\u673a\u201c\u8702\u7fa4\u201d", "offset": 6, "length": 7}]}}, {"sentence": "#\u5f53\u5175\u5c31\u8981\u7ec3\u7ec3\u7ec3#\uff08\u8bb0\u8005\u4f59\u5747 \u8d75\u670b\u8d85 \u5510\u4e1c\u5c71 \u4e8e\u8317 \u66fe\u5e86\u660e \u6731\u5065 \u5b59\u4e16\u6797 \u5434\u56fd\u9f99\uff09", "events": [], "arguments": {"time": [], "loc": [], "country": [], "weapon": []}}, {"sentence": "\uff08\u8bb0\u8005\u4f59\u5747 \u8d75\u670b\u8d85 \u5510\u4e1c\u5c71 \u4e8e\u8317 \u66fe\u5e86\u660e \u6731\u5065 \u5b59\u4e16\u6797 \u5434\u56fd\u9f99\uff09", "events": [], "arguments": {"time": [], "loc": [], "country": [], "weapon": []}}]