[{"sentence": "\u5927\u9646\u53d1\u5c04\u706b\u7bad\u7279\u5730\u6807\u6ce8\u98de\u8fc7\u53f0\u6e7e\u5c9b\uff1f", "events": [{"trigger": {"text": "\u98de\u8fc7", "offset": 10, "length": 2}, "subject": {"text": "\u5927\u9646\u53d1\u5c04\u706b\u7bad", "offset": 0, "length": 6}, "object": {"text": "\u53f0\u6e7e\u5c9b", "offset": 12, "length": 3}}], "arguments": {"time": [], "loc": [{"text": "\u53f0\u6e7e\u5c9b", "offset": 12, "length": 3}], "country": [{"text": "\u53f0\u6e7e", "offset": 12, "length": 2}], "weapon": [{"text": "\u706b\u7bad", "offset": 4, "length": 2}]}}, {"sentence": "\u53f0\u5a92\u53c8\u7ed9\u81ea\u5df1\u201c\u52a0\u620f\u201d", "events": [], "arguments": {"time": [], "loc": [], "country": [{"text": "\u53f0", "offset": 0, "length": 1}], "weapon": []}}, {"sentence": "\u3010\u73af\u7403\u7f51\u62a5\u9053 \u8bb0\u8005 \u5f90\u7490\u660e\u3011", "events": [], "arguments": {"time": [], "loc": [], "country": [], "weapon": []}}, {"sentence": "9\u670815\u65e59\u65f623\u5206\uff0c\u6211\u56fd\u5728\u9ec4\u6d77\u6d77\u57df\u7528\u957f\u5f81\u5341\u4e00\u53f7\u6d77\u5c04\u8fd0\u8f7d\u706b\u7bad\uff0c\u91c7\u53d6\u201c\u4e00\u7bad\u4e5d\u661f\u201d\u65b9\u5f0f\u5c06\u201c\u5409\u6797\u4e00\u53f7\u201d\u9ad8\u520603-1\u7ec4\u536b\u661f\u9001\u5165\u9884\u5b9a\u8f68\u9053\uff0c\u53d1\u5c04\u83b7\u5f97\u5706\u6ee1\u6210\u529f\u3002", "events": [{"trigger": {"text": "\u53d1\u5c04", "offset": 64, "length": 2}, "subject": {"text": "\u201c\u5409\u6797\u4e00\u53f7\u201d\u9ad8\u520603-1\u7ec4\u536b\u661f", "offset": 42, "length": 15}, "object": {"text": "", "offset": 0, "length": 0}}], "arguments": {"time": [{"text": "9\u670815\u65e59\u65f623\u5206", "offset": 0, "length": 10}], "loc": [{"text": "\u9ec4\u6d77\u6d77\u57df", "offset": 14, "length": 4}], "country": [], "weapon": [{"text": "\u957f\u5f81\u5341\u4e00\u53f7\u6d77\u5c04\u8fd0\u8f7d\u706b\u7bad", "offset": 19, "length": 11}, {"text": "\u201c\u5409\u6797\u4e00\u53f7\u201d\u9ad8\u520603-1\u7ec4\u536b\u661f", "offset": 42, "length": 15}]}}, {"sentence": "\u800c\u5728\u6b64\u6b21\u53d1\u5c04\u524d\u540e\uff0c\u5c31\u6709\u4e0d\u5c11\u53f0\u6e7e\u5a92\u4f53\u5728\u7092\u4f5c\u5927\u9646\u53d1\u5c04\u706b\u7bad\u7279\u5730\u6807\u6ce8\u201c\u4ece\u53f0\u6e7e\u4e0a\u7a7a\u98de\u8fc7\u201d\u7684\u8bdd\u9898\u3002", "events": [{"trigger": {"text": "\u53d1\u5c04", "offset": 4, "length": 2}, "object": {"text": "", "offset": 0, "length": 0}, "subject": {"text": "", "offset": 0, "length": 0}}, {"trigger": {"text": "\u98de\u8fc7", "offset": 36, "length": 2}, "object": {"text": "", "offset": 0, "length": 0}, "subject": {"text": "", "offset": 0, "length": 0}}, {"trigger": {"text": "\u53d1\u5c04", "offset": 22, "length": 2}, "object": {"text": "", "offset": 0, "length": 0}, "subject": {"text": "", "offset": 0, "length": 0}}], "arguments": {"time": [], "loc": [{"text": "\u53f0\u6e7e\u4e0a\u7a7a", "offset": 32, "length": 4}], "country": [{"text": "\u53f0\u6e7e", "offset": 32, "length": 2}, {"text": "\u53f0\u6e7e", "offset": 13, "length": 2}], "weapon": [{"text": "\u706b\u7bad", "offset": 24, "length": 2}]}}, {"sentence": "\u636e\u201c\u8054\u5408\u62a5\u201d9\u670815\u65e5\u7684\u62a5\u9053\uff0c14\u65e5\u5728\u5fae\u535a\u4e0a\u51fa\u73b0\u4e86\u4e00\u5f20\u957f\u5f81\u5341\u4e00\u53f7\u706b\u7bad\u53d1\u5c04\u7684\u8f68\u8ff9\u793a\u610f\u56fe\uff0c\u663e\u793a\u706b\u7bad\u4ece\u9ec4\u6d77\u7684\u6d77\u4e0a\u5e73\u53f0\u53d1\u5c04\u540e\uff0c\u6574\u6d41\u7f69\u4ee5\u53ca\u4e00\u7ea7\u706b\u7bad\u4f1a\u843d\u5728\u4e1c\u6d77\u6d77\u57df\uff0c\u706b\u7bad\u7ee7\u7eed\u5411\u5357\u98de\u884c\uff0c\u5e76\u4e14\u4f1a\u81ea\u5317\u5411\u5357\u7a7f\u8d8a\u53f0\u6e7e\u672c\u5c9b\u4e0a\u7a7a\uff0c\u518d\u5411\u5357\u6d77\u4e0a\u7a7a\u98de\u53bb\u3002", "events": [{"trigger": {"text": "\u53d1\u5c04", "offset": 55, "length": 2}, "object": {"text": "", "offset": 0, "length": 0}, "subject": {"text": "", "offset": 0, "length": 0}}, {"trigger": {"text": "\u7a7f\u8d8a", "offset": 92, "length": 2}, "object": {"text": "", "offset": 0, "length": 0}, "subject": {"text": "", "offset": 0, "length": 0}}, {"trigger": {"text": "\u98de\u884c", "offset": 82, "length": 2}, "object": {"text": "", "offset": 0, "length": 0}, "subject": {"text": "", "offset": 0, "length": 0}}], "arguments": {"time": [{"text": "9\u670815\u65e5", "offset": 6, "length": 5}, {"text": "14\u65e5", "offset": 15, "length": 3}], "loc": [{"text": "\u9ec4\u6d77\u7684\u6d77\u4e0a\u5e73\u53f0", "offset": 48, "length": 7}, {"text": "\u4e1c\u6d77\u6d77\u57df", "offset": 71, "length": 4}, {"text": "\u53f0\u6e7e\u672c\u5c9b\u4e0a\u7a7a", "offset": 94, "length": 6}, {"text": "\u5357\u6d77\u4e0a\u7a7a", "offset": 103, "length": 4}], "country": [{"text": "\u53f0\u6e7e", "offset": 94, "length": 2}], "weapon": []}}, {"sentence": "\u62a5\u9053\u8fd8\u79f0\uff0c\u53d1\u5e03\u8fd9\u5f20\u8f68\u8ff9\u56fe\u7684\u5fae\u535a\u8d26\u53f7\u8fd8\u7279\u5730\u6807\u6ce8\u706b\u7bad\u201c\u4ece\u4e2d\u56fd\u53f0\u6e7e\u5c9b\u4e0a\u7a7a\u98de\u8fc7\u201d\u3002", "events": [{"trigger": {"text": "\u98de\u8fc7", "offset": 33, "length": 2}, "object": {"text": "", "offset": 0, "length": 0}, "subject": {"text": "", "offset": 0, "length": 0}}], "arguments": {"time": [], "loc": [{"text": "\u4e2d\u56fd\u53f0\u6e7e\u5c9b\u4e0a\u7a7a", "offset": 26, "length": 7}], "country": [{"text": "\u4e2d\u56fd", "offset": 26, "length": 2}], "weapon": [{"text": "\u706b\u7bad", "offset": 22, "length": 2}]}}, {"sentence": "\u66f4\u6709\u7eff\u5a92\u62ff\u8fd9\u4e8b\u5927\u52a0\u7092\u4f5c\uff0c\u7528\u201c\u4e25\u91cd\u6311\u8845\u201d\u7b49\u5b57\u773c\u8fdb\u884c\u6e32\u67d3\u62a5\u9053\uff0c\u79f0\u8fd9\u4e2a\u7279\u522b\u6807\u6ce8\u662f\u201c\u6781\u5177\u6311\u8845\u610f\u5473\u7684\u4e3e\u52a8\u201d\u3002", "events": [{"trigger": {"text": "\u6311\u8845", "offset": 40, "length": 2}, "object": {"text": "", "offset": 0, "length": 0}, "subject": {"text": "", "offset": 0, "length": 0}}], "arguments": {"time": [], "loc": [], "country": [], "weapon": []}}, {"sentence": "\u53f0\u6e7e\u9632\u52a1\u90e8\u95e8\u4e5f\u5bf9\u6b64\u4e8b\u505a\u51fa\u56de\u5e94\uff0c\u79f0\u201c\u53f0\u6e7e\u8fd0\u7528\u8054\u5408\u60c5\u76d1\u4fa6\uff0c\u90fd\u6709\u96e8\u5145\u5206\u7684\u638c\u63e1\uff0c\u5e76\u9002\u5207\u5e94\u5904\u201d\u3002", "events": [], "arguments": {"time": [], "loc": [], "country": [{"text": "\u53f0\u6e7e", "offset": 17, "length": 2}, {"text": "\u53f0\u6e7e", "offset": 0, "length": 2}], "weapon": []}}, {"sentence": "\u4f46\u7ecf\u8fc7\u73af\u7403\u7f51\u8bb0\u8005\u67e5\u8bc1\u53d1\u73b0\uff0c\u8fd9\u5f20\u6240\u8c13\u7684\u957f\u5f81\u5341\u4e00\u53f7\u706b\u7bad\u53d1\u5c04\u7684\u8f68\u8ff9\u793a\u610f\u56fe\uff0c\u5e76\u975e\u7531\u5927\u9646\u5b98\u65b9\u53d1\u5e03\uff0c\u800c\u662f\u7531\u5916\u56fd\u7f51\u53cb\u7ed8\u5236\u5e76\u53d1\u5e03\u5728\u63a8\u7279\u4e0a\u7684\u4e00\u5f20\u793a\u610f\u56fe\uff0c\u968f\u540e\u88ab\u8f6c\u8f7d\u5230\u5fae\u535a\u5e73\u53f0\u4e0a\u3002", "events": [], "arguments": {"time": [], "loc": [], "country": [], "weapon": [{"text": "\u957f\u5f81\u5341\u4e00\u53f7\u706b\u7bad", "offset": 18, "length": 7}]}}, {"sentence": "\u81f3\u4e8e\u8fd9\u6761\u6240\u8c13\u7684\u98de\u884c\u8f68\u8ff9\u7684\u53ef\u4fe1\u5ea6\uff0c\u8fd8\u6709\u5f85\u8003\u8bc1\u3002", "events": [{"trigger": {"text": "\u98de\u884c", "offset": 7, "length": 2}, "object": {"text": "", "offset": 0, "length": 0}, "subject": {"text": "", "offset": 0, "length": 0}}], "arguments": {"time": [], "loc": [], "country": [], "weapon": []}}, {"sentence": "\u53f0\u6e7e\u65b9\u9762\u5bf9\u4e8e\u4e00\u5f20\u7f51\u4f20\u56fe\u7684\u8868\u73b0\u5c31\u5982\u6b64\u7d27\u5f20\uff0c\u672a\u514d\u6709\u70b9\u592a\u5c0f\u9898\u5927\u505a\u3002", "events": [], "arguments": {"time": [], "loc": [], "country": [{"text": "\u53f0\u6e7e", "offset": 0, "length": 2}], "weapon": []}}, {"sentence": "\u4e0d\u8fc7\u4e5f\u6709\u53f0\u6e7e\u5a92\u4f53\u7684\u53cd\u5e94\u6bd4\u8f83\u7406\u667a\u3002", "events": [], "arguments": {"time": [], "loc": [], "country": [{"text": "\u53f0\u6e7e", "offset": 4, "length": 2}], "weapon": []}}, {"sentence": "\u636e\u201c\u4e2d\u65f6\u7535\u5b50\u62a5\u201d\u7684\u62a5\u9053\uff0c\u53f0\u6e7e\u201c\u56fd\u5b89\u9662\u201d\u5148\u8fdb\u79d1\u6280\u4e0e\u4f5c\u6218\u6982\u5ff5\u7814\u7a76\u6240\u52a9\u7406\u7814\u7a76\u5458\u8212\u5b5d\u714c\u8868\u793a\uff0c\u5176\u5b9e\uff0c\u6bcf\u5929\u5404\u56fd\u4e0a\u7a7a\u98de\u8fc7\u7684\u592a\u7a7a\u98de\u884c\u5668\u591a\u5230\u6570\u4e0d\u80dc\u6570\uff0c\u56e0\u4e3a\u53d1\u5c04\u536b\u661f\u3001\u706b\u7bad\u5f88\u96be\u4e0d\u7ecf\u8fc7\u5176\u4ed6\u56fd\u5bb6\u4e0a\u7a7a\u3002", "events": [], "arguments": {"time": [], "loc": [], "country": [{"text": "\u53f0\u6e7e", "offset": 12, "length": 2}], "weapon": []}}, {"sentence": "\u5c24\u5176\u662f\u5927\u9646\u4e0e\u591a\u56fd\u76f8\u90bb\uff0c\u4e0d\u7ba1\u628a\u706b\u7bad\u5f80\u54ea\u4e2a\u5730\u65b9\u6253\uff0c\u4e00\u5b9a\u4f1a\u7ecf\u8fc7\u522b\u7684\u56fd\u5bb6\u6216\u5730\u533a\uff0c\u6240\u4ee5\u5927\u9646\u706b\u7bad\u7ecf\u8fc7\u53f0\u6e7e\u4e0a\u7a7a\uff0c\u662f\u6b63\u5e38\u73b0\u8c61\u3002", "events": [], "arguments": {"time": [], "loc": [{"text": "\u53f0\u6e7e\u4e0a\u7a7a", "offset": 44, "length": 4}], "country": [{"text": "\u53f0\u6e7e", "offset": 44, "length": 2}], "weapon": []}}]