[{"sentence": "\u7f8e\u6d3e\u4e09\u67b6B-1\u98de\u62b5\u4fc4\u7f57\u65af\u8fdc\u4e1c\u6d77\u57df\u00a0\u4fc4\u6307\u8d23\u5176\u201c\u654c\u5bf9\u548c\u6311\u8845\u201d", "events": [{"trigger": {"text": "\u98de\u62b5", "offset": 7, "length": 2}, "subject": {"text": "\u7f8e\u6d3e\u4e09\u67b6B-1", "offset": 0, "length": 7}, "object": {"text": "\u4fc4\u7f57\u65af\u8fdc\u4e1c\u6d77\u57df", "offset": 9, "length": 7}}, {"trigger": {"text": "\u6311\u8845", "offset": 25, "length": 2}, "object": {"text": "", "offset": 0, "length": 0}, "subject": {"text": "", "offset": 0, "length": 0}}], "arguments": {"time": [], "loc": [{"text": "\u4fc4\u7f57\u65af\u8fdc\u4e1c\u6d77\u57df", "offset": 9, "length": 7}], "country": [{"text": "\u7f8e", "offset": 0, "length": 1}, {"text": "\u4fc4", "offset": 17, "length": 1}], "weapon": [{"text": "B-1", "offset": 4, "length": 3}]}}, {"sentence": "\u3010\u73af\u7403\u7f51\u62a5\u9053 \u8bb0\u8005 \u9a6c\u5ca9\u3011", "events": [], "arguments": {"time": [], "loc": [], "country": [], "weapon": []}}, {"sentence": "\u636e\u300a\u7a7a\u519b\u65f6\u62a5\u300b\u7f51\u7ad99\u670813\u65e5\u62a5\u9053\uff0c\u7f8e\u56fd\u7a7a\u519b\u4e09\u67b6B-1\u6218\u7565\u8f70\u70b8\u673a\u65e5\u524d\u98de\u8d8a\u4fc4\u7f57\u65af\u8fdc\u4e1c\u5730\u533a\u4ee5\u5317\u7684\u4e1c\u897f\u4f2f\u5229\u4e9a\u6d77\uff0c\u7f8e\u56fd\u519b\u65b9\u79f0\u6b64\u4e3e\u4e3a\u5c55\u793a\u5176\u652f\u6301\u76df\u53cb\u7684\u80fd\u529b\uff0c\u800c\u4fc4\u7f57\u65af\u65b9\u9762\u8ba4\u4e3a\u8fd9\u662f\u201c\u654c\u5bf9\u548c\u6311\u8845\u201d\u3002", "events": [{"trigger": {"text": "\u98de\u8d8a", "offset": 33, "length": 2}, "subject": {"text": "\u7f8e\u56fd\u7a7a\u519b\u4e09\u67b6B-1\u6218\u7565\u8f70\u70b8\u673a", "offset": 17, "length": 14}, "object": {"text": "\u4fc4\u7f57\u65af\u8fdc\u4e1c\u5730\u533a\u4ee5\u5317\u7684\u4e1c\u897f\u4f2f\u5229\u4e9a\u6d77", "offset": 35, "length": 16}}, {"trigger": {"text": "\u6311\u8845", "offset": 85, "length": 2}, "object": {"text": "", "offset": 0, "length": 0}, "subject": {"text": "", "offset": 0, "length": 0}}], "arguments": {"time": [{"text": "9\u670813\u65e5", "offset": 9, "length": 5}], "loc": [{"text": "\u4fc4\u7f57\u65af\u8fdc\u4e1c\u5730\u533a\u4ee5\u5317\u7684\u4e1c\u897f\u4f2f\u5229\u4e9a\u6d77", "offset": 35, "length": 16}], "country": [{"text": "\u7f8e\u56fd", "offset": 52, "length": 2}, {"text": "\u4fc4\u7f57\u65af", "offset": 72, "length": 3}, {"text": "\u7f8e\u56fd", "offset": 17, "length": 2}], "weapon": [{"text": "B-1\u6218\u7565\u8f70\u70b8\u673a", "offset": 23, "length": 8}]}}, {"sentence": "\u5c31\u5728\u4e00\u5468\u524d\uff0c\u4e09\u67b6\u4e34\u65f6\u90e8\u7f72\u5728\u82f1\u56fd\u7684B-52\u8f70\u70b8\u673a\u98de\u8d8a\u4e86\u4e4c\u514b\u5170\u7a7a\u57df\uff0c\u9760\u8fd1\u4fc4\u7f57\u65af\u7684\u897f\u5357\u8fb9\u5883\u3002", "events": [{"trigger": {"text": "\u98de\u8d8a", "offset": 23, "length": 2}, "subject": {"text": "\u4e09\u67b6\u4e34\u65f6\u90e8\u7f72\u5728\u82f1\u56fd\u7684B-52\u8f70\u70b8\u673a", "offset": 6, "length": 17}, "object": {"text": "\u4e4c\u514b\u5170\u7a7a\u57df", "offset": 26, "length": 5}}, {"trigger": {"text": "\u9760\u8fd1", "offset": 32, "length": 2}, "subject": {"text": "\u4e09\u67b6\u4e34\u65f6\u90e8\u7f72\u5728\u82f1\u56fd\u7684B-52\u8f70\u70b8\u673a", "offset": 6, "length": 17}, "object": {"text": "\u4fc4\u7f57\u65af\u7684\u897f\u5357\u8fb9\u5883", "offset": 34, "length": 8}}, {"trigger": {"text": "\u90e8\u7f72\u5728", "offset": 10, "length": 3}, "object": {"text": "", "offset": 0, "length": 0}, "subject": {"text": "", "offset": 0, "length": 0}}], "arguments": {"time": [{"text": "\u4e00\u5468\u524d", "offset": 2, "length": 3}], "loc": [{"text": "\u4e4c\u514b\u5170\u7a7a\u57df", "offset": 26, "length": 5}, {"text": "\u4fc4\u7f57\u65af\u7684\u897f\u5357\u8fb9\u5883", "offset": 34, "length": 8}], "country": [{"text": "\u82f1\u56fd", "offset": 13, "length": 2}, {"text": "\u4e4c\u514b\u5170", "offset": 26, "length": 3}, {"text": "\u4fc4\u7f57\u65af", "offset": 34, "length": 3}, {"text": "\u7f57\u65af", "offset": 0, "length": 2}], "weapon": [{"text": "B-52\u8f70\u70b8\u673a", "offset": 16, "length": 7}]}}, {"sentence": "\u62a5\u9053\u79f0\uff0c\u7f8e\u56fd\u519b\u65b9\u8868\u793a\uff0c\u8fd1\u671f\u4e00\u7cfb\u5217\u8f70\u70b8\u673a\u5de1\u822a\u884c\u52a8\u663e\u793a\uff0c\u7f8e\u56fd\u7a7a\u519b\u6709\u80fd\u529b\u5728\u77ed\u65f6\u95f4\u5185\u5230\u8fbe\u5168\u7403\u4efb\u4f55\u5730\u70b9\u6267\u884c\u4efb\u52a1\uff0c\u5e76\u968f\u65f6\u4fdd\u6301\u5c31\u7eea\uff0c\u4ee5\u652f\u6301\u76df\u56fd\u548c\u4f19\u4f34\u56fd\u3002", "events": [{"trigger": {"text": "\u5de1\u822a", "offset": 19, "length": 2}, "object": {"text": "", "offset": 0, "length": 0}, "subject": {"text": "", "offset": 0, "length": 0}}], "arguments": {"time": [], "loc": [], "country": [{"text": "\u7f8e\u56fd", "offset": 26, "length": 2}, {"text": "\u7f8e\u56fd", "offset": 4, "length": 2}], "weapon": []}}, {"sentence": "\u4fc4\u7f57\u65af\u4e00\u540d\u9ad8\u7ea7\u519b\u5b98\u8fd1\u65e5\u8868\u793a\uff0c\u4eca\u5e74\u7f8e\u56fd\u548c\u5317\u7ea6\u5728\u4fc4\u7f57\u65af\u8fb9\u5883\u9644\u8fd1\u7684\u98de\u884c\u6b21\u6570\u663e\u8457\u589e\u52a0\uff0c\u4ec5\u57288\u6708\u4efd\uff0c\u4fc4\u7f57\u65af\u6218\u6597\u673a\u5c31\u7d27\u6025\u8d77\u98de27\u6b21\uff0c\u5728\u6ce2\u7f57\u7684\u6d77\u3001\u5df4\u4f26\u652f\u6d77\u3001\u9ed1\u6d77\u548c\u9102\u970d\u8328\u514b\u6d77\u62e6\u622a\u7f8e\u56fd\u548c\u5317\u7ea6\u7684\u6218\u673a\u3002", "events": [{"trigger": {"text": "\u7d27\u6025\u8d77\u98de", "offset": 52, "length": 4}, "subject": {"text": "\u4fc4\u7f57\u65af\u6218\u6597\u673a", "offset": 45, "length": 6}, "object": {"text": "27\u6b21", "offset": 56, "length": 3}}, {"trigger": {"text": "\u62e6\u622a", "offset": 79, "length": 2}, "subject": {"text": "\u4fc4\u7f57\u65af\u6218\u6597\u673a", "offset": 45, "length": 6}, "object": {"text": "\u7f8e\u56fd\u548c\u5317\u7ea6\u7684\u6218\u673a", "offset": 81, "length": 8}}, {"trigger": {"text": "\u8d77\u98de", "offset": 54, "length": 2}, "object": {"text": "", "offset": 0, "length": 0}, "subject": {"text": "", "offset": 0, "length": 0}}], "arguments": {"time": [{"text": "8\u6708\u4efd", "offset": 41, "length": 3}], "loc": [{"text": "\u4fc4\u7f57\u65af\u8fb9\u5883\u9644\u8fd1", "offset": 22, "length": 7}, {"text": "\u6ce2\u7f57\u7684\u6d77\u3001\u5df4\u4f26\u652f\u6d77\u3001\u9ed1\u6d77\u548c\u9102\u970d\u8328\u514b\u6d77", "offset": 61, "length": 18}], "country": [{"text": "\u4fc4\u7f57\u65af", "offset": 45, "length": 3}, {"text": "\u7f8e\u56fd", "offset": 81, "length": 2}, {"text": "\u4fc4\u7f57\u65af", "offset": 0, "length": 3}, {"text": "\u7f8e\u56fd", "offset": 16, "length": 2}, {"text": "\u5317\u7ea6", "offset": 19, "length": 2}, {"text": "\u5317\u7ea6", "offset": 84, "length": 2}], "weapon": [{"text": "\u6218\u6597\u673a", "offset": 48, "length": 3}, {"text": "\u6218\u673a", "offset": 87, "length": 2}]}}, {"sentence": "\u4ed6\u8bf4\uff0c\u57288\u6708\u5e95\u548c9\u6708\u521d\uff0c\u7f8e\u56fd\u7684B-52\u8f70\u70b8\u673a\u98de\u62b5\u4fc4\u7f57\u65af\u514b\u91cc\u7c73\u4e9a\u548c\u52a0\u91cc\u5b81\u683c\u52d2\u7684\u8fb9\u5883\u9644\u8fd1\uff0c\u6a21\u62df\u6f14\u7ec3\u53d1\u5c04\u5de1\u822a\u5bfc\u5f39\u653b\u51fb\u4fc4\u65b9\u8bbe\u65bd\uff0c\u8fd9\u663e\u7136\u662f\u5177\u6709\u653b\u51fb\u6027\u7684\u884c\u52a8\u3002", "events": [{"trigger": {"text": "\u6a21\u62df\u6f14\u7ec3\u53d1\u5c04", "offset": 43, "length": 6}, "subject": {"text": "\u7f8e\u56fd\u7684B-52\u8f70\u70b8\u673a", "offset": 12, "length": 10}, "object": {"text": "\u5de1\u822a\u5bfc\u5f39\u653b\u51fb\u4fc4\u65b9\u8bbe\u65bd", "offset": 49, "length": 10}}, {"trigger": {"text": "\u98de\u62b5", "offset": 22, "length": 2}, "object": {"text": "", "offset": 0, "length": 0}, "subject": {"text": "", "offset": 0, "length": 0}}, {"trigger": {"text": "\u653b\u51fb", "offset": 53, "length": 2}, "object": {"text": "", "offset": 0, "length": 0}, "subject": {"text": "", "offset": 0, "length": 0}}, {"trigger": {"text": "\u53d1\u5c04", "offset": 47, "length": 2}, "object": {"text": "", "offset": 0, "length": 0}, "subject": {"text": "", "offset": 0, "length": 0}}], "arguments": {"time": [{"text": "8\u6708\u5e95", "offset": 4, "length": 3}, {"text": "9\u6708\u521d", "offset": 8, "length": 3}], "loc": [{"text": "\u4fc4\u7f57\u65af\u514b\u91cc\u7c73\u4e9a\u548c\u52a0\u91cc\u5b81\u683c\u52d2\u7684\u8fb9\u5883\u9644\u8fd1", "offset": 24, "length": 18}], "country": [{"text": "\u4fc4\u7f57\u65af", "offset": 24, "length": 3}, {"text": "\u7f8e\u56fd", "offset": 12, "length": 2}], "weapon": [{"text": "B-52\u8f70\u70b8\u673a", "offset": 15, "length": 7}, {"text": "\u5de1\u822a\u5bfc\u5f39", "offset": 49, "length": 4}]}}, {"sentence": "\u81ea2014\u5e74\u4fc4\u7f57\u65af\u541e\u5e76\u4e4c\u514b\u5170\u514b\u91cc\u7c73\u4e9a\u540e\uff0c\u897f\u65b9\u4e0e\u4fc4\u7f57\u65af\u7684\u5173\u7cfb\u964d\u5230\u4e86\u51b7\u6218\u540e\u7684\u6700\u4f4e\u70b9\uff0c\u4fc4\u7f57\u65af\u5bf9\u5317\u7ea6\u5728\u6ce2\u7f57\u7684\u6d77\u56fd\u5bb6\u90e8\u7f72\u519b\u961f\u611f\u5230\u6124\u6012\uff0c\u53cc\u65b9\u7ecf\u5e38\u5c31\u519b\u673a\u98de\u884c\u95ee\u9898\u76f8\u4e92\u6307\u8d23\u3002", "events": [{"trigger": {"text": "\u90e8\u7f72", "offset": 53, "length": 2}, "object": {"text": "", "offset": 0, "length": 0}, "subject": {"text": "", "offset": 0, "length": 0}}, {"trigger": {"text": "\u98de\u884c", "offset": 69, "length": 2}, "object": {"text": "", "offset": 0, "length": 0}, "subject": {"text": "", "offset": 0, "length": 0}}], "arguments": {"time": [{"text": "2014\u5e74", "offset": 1, "length": 5}], "loc": [{"text": "\u6ce2\u7f57\u7684\u6d77", "offset": 47, "length": 4}], "country": [{"text": "\u4fc4\u7f57\u65af", "offset": 40, "length": 3}, {"text": "\u4e4c\u514b\u5170", "offset": 11, "length": 3}, {"text": "\u4fc4\u7f57\u65af", "offset": 6, "length": 3}, {"text": "\u4e9a", "offset": 0, "length": 1}, {"text": "\u4fc4\u7f57\u65af", "offset": 23, "length": 3}, {"text": "\u5317\u7ea6", "offset": 44, "length": 2}], "weapon": []}}, {"sentence": "\uff08\u5b8c\uff09", "events": [], "arguments": {"time": [], "loc": [], "country": [], "weapon": []}}, {"sentence": "\uff08\u5b8c\uff09", "events": [], "arguments": {"time": [], "loc": [], "country": [], "weapon": []}}]