[{"sentence": "\u72ec\u5bb6\u63ed\u79d8\uff01", "events": [], "arguments": {"time": [], "loc": [], "country": [], "weapon": []}}, {"sentence": "\u90a3\u4e9b\u9707\u64bc\u573a\u9762\u7684\u80cc\u540e\u2026\u2026", "events": [], "arguments": {"time": [], "loc": [], "country": [], "weapon": []}}, {"sentence": "\u4eca\u5929\u51cc\u6668", "events": [], "arguments": {"time": [{"text": "\u4eca\u5929\u51cc\u6668", "offset": 0, "length": 4}], "loc": [], "country": [], "weapon": []}}, {"sentence": "\u8fd0-20\u5927\u578b\u8fd0\u8f93\u673a\u518d\u51fa\u56fd\u95e8", "events": [], "arguments": {"time": [], "loc": [], "country": [], "weapon": [{"text": "\u8fd0-20\u5927\u578b\u8fd0\u8f93\u673a", "offset": 0, "length": 9}]}}, {"sentence": "\u70b9\u5bf9\u70b9\u8fdc\u7a0b\u7a7a\u4e2d\u6295\u9001\u8d74\u4fc4\u53c2\u52a0\u519b\u6f14\u7684", "events": [{"trigger": {"text": "\u53c2\u52a0", "offset": 11, "length": 2}, "subject": {"text": "", "offset": 0, "length": 0}, "object": {"text": "\u519b\u6f14", "offset": 13, "length": 2}}], "arguments": {"time": [], "loc": [], "country": [{"text": "\u4fc4", "offset": 10, "length": 1}], "weapon": []}}, {"sentence": "\u4eba\u5458\u548c\u88c5\u5907", "events": [], "arguments": {"time": [], "loc": [], "country": [], "weapon": []}}, {"sentence": "\u5c31\u5728\u4e0d\u4e45\u524d", "events": [], "arguments": {"time": [], "loc": [], "country": [], "weapon": []}}, {"sentence": "\u56fd\u9632\u519b\u4e8b\u9891\u9053\u8bb0\u8005\u4e0e\u8fd0-20\u6709\u8fc7\u4e00\u6b21", "events": [], "arguments": {"time": [], "loc": [], "country": [], "weapon": [{"text": "\u8fd0-20", "offset": 9, "length": 4}]}}, {"sentence": "\u201c\u4eb2\u5bc6\u63a5\u89e6\u201d", "events": [], "arguments": {"time": [], "loc": [], "country": [], "weapon": []}}, {"sentence": "\u8fd0-20\u4ece\u8bb0\u8005\u5934\u9876\u201c\u524a\u8fc7\u201d", "events": [], "arguments": {"time": [], "loc": [], "country": [], "weapon": [{"text": "\u8fd0-20", "offset": 0, "length": 4}]}}, {"sentence": "\u8fd9\u4e00\u5e55\u5f15\u53d1\u7f51\u53cb\u70ed\u8bae\u2193\u2193", "events": [], "arguments": {"time": [], "loc": [], "country": [], "weapon": []}}, {"sentence": "\u751a\u81f3\u6709\u7f51\u53cb\u6253\u8d4c\u8bf4\uff1a", "events": [], "arguments": {"time": [], "loc": [], "country": [], "weapon": []}}, {"sentence": "\u8fd9\u4e00\u5b9a\u662f\u7528\u7eff\u5e55\u5408\u6210\u7684\u5427\uff1f", "events": [], "arguments": {"time": [], "loc": [], "country": [], "weapon": []}}, {"sentence": "\u4e0d\u597d\u610f\u601d\uff0c\u4f60\u4eec\u731c\u9519\u4e86", "events": [], "arguments": {"time": [], "loc": [], "country": [], "weapon": []}}, {"sentence": "\u4e03\u73ed\u957f\u5b9e\u529b\u8f9f\u8c23\uff1a\u5b9e\u62cd\uff01", "events": [], "arguments": {"time": [], "loc": [], "country": [], "weapon": []}}, {"sentence": "\u4e00\u4e2a\u89d2\u5ea6\u6ca1\u770b\u8fc7\u763e\uff1f", "events": [], "arguments": {"time": [], "loc": [], "country": [], "weapon": []}}, {"sentence": "\u6362\u4e2a\u89d2\u5ea6\u6162\u6162\u770b\u2193\u2193", "events": [], "arguments": {"time": [], "loc": [], "country": [], "weapon": []}}, {"sentence": "\u25b3\u5e05\u6c14\u7684\u6444\u50cf\u5c0f\u54e5\u8096\u70e8", "events": [], "arguments": {"time": [], "loc": [], "country": [], "weapon": []}}, {"sentence": "\u90a3\u4e48\u95ee\u9898\u6765\u4e86\uff1a", "events": [], "arguments": {"time": [], "loc": [], "country": [], "weapon": []}}, {"sentence": "\u201c\u80d6\u599e\u201d\u4ece\u5934\u9876\u98de\u8fc7\u7684\u9707\u64bc\u753b\u9762", "events": [], "arguments": {"time": [], "loc": [], "country": [], "weapon": [{"text": "\u201c\u80d6\u599e\u201d", "offset": 0, "length": 4}]}}, {"sentence": "\u5230\u5e95\u662f\u5982\u4f55\u62cd\u6444\u7684\uff1f", "events": [], "arguments": {"time": [], "loc": [], "country": [], "weapon": []}}, {"sentence": "\u4eca\u5929\u4e3a\u4f60\u63ed\u79d8", "events": [], "arguments": {"time": [], "loc": [], "country": [], "weapon": []}}, {"sentence": "\u5176\u5b9e\uff0c\u50cf\u8fd9\u6837\u7684\u201c\u6781\u9650\u201d\u64cd\u4f5c", "events": [], "arguments": {"time": [], "loc": [], "country": [], "weapon": []}}, {"sentence": "\u5bf9\u4e8e\u519b\u4e8b\u8bb0\u8005\u6765\u8bf4", "events": [], "arguments": {"time": [], "loc": [], "country": [], "weapon": []}}, {"sentence": "\u53ea\u662f\u62a5\u9053\u5de5\u4f5c\u7684\u65e5\u5e38", "events": [], "arguments": {"time": [], "loc": [], "country": [], "weapon": []}}, {"sentence": "\u70ce\u70ce\u70ce\uff01", "events": [], "arguments": {"time": [], "loc": [], "country": [], "weapon": []}}, {"sentence": "\u706b\u529b\u6709\u591a\u731b\uff0c\u8bd5\u7ed9\u4f60\u770b", "events": [], "arguments": {"time": [], "loc": [], "country": [], "weapon": []}}, {"sentence": "\u5f00\u5c40\u5148\u6765\u4e00\u628a\u5927\u72d9", "events": [], "arguments": {"time": [], "loc": [], "country": [], "weapon": []}}, {"sentence": "\u5927\u5409\u5927\u5229\uff0c\u4eca\u665a\u5403\u9e21", "events": [], "arguments": {"time": [], "loc": [], "country": [], "weapon": []}}, {"sentence": "\u8bb0\u8005\u6797\u6cc9\u73b0\u573a\u8bd5\u4e00\u8bd5", "events": [], "arguments": {"time": [], "loc": [], "country": [], "weapon": []}}, {"sentence": "\u201c\u7a81\u7a81\u7a81\u201d\u8fd8\u4e0d\u8fc7\u763e\uff1f", "events": [], "arguments": {"time": [], "loc": [], "country": [], "weapon": []}}, {"sentence": "\u884c\uff0c\u6211\u4eec\u62c6\u7ed9\u4f60\u770b\uff01", "events": [], "arguments": {"time": [], "loc": [], "country": [], "weapon": []}}, {"sentence": "\u8bb0\u8005\u79e6\u7136\u7684\u624b\u901f\u53ef\u8fd8\u884c\uff1f", "events": [], "arguments": {"time": [], "loc": [], "country": [], "weapon": []}}, {"sentence": "\u518d\u6765\u8bd5\u8bd5\u58eb\u5175\u624b\u4e2d\u7684\u201c\u5927\u70ae\u201d", "events": [], "arguments": {"time": [], "loc": [], "country": [], "weapon": [{"text": "\u201c\u5927\u70ae", "offset": 9, "length": 3}]}}, {"sentence": "\u56fd\u4ea7\u9ad8\u901f\u69b4\u5f39\u53d1\u5c04\u5668", "events": [], "arguments": {"time": [], "loc": [], "country": [], "weapon": [{"text": "\u56fd\u4ea7\u9ad8\u901f\u69b4\u5f39\u53d1\u5c04\u5668", "offset": 0, "length": 9}]}}, {"sentence": "\u8bb0\u8005\u5434\u6770\u5b9e\u6d4b\u7684\u771f\u5b9e\u611f\u53d7", "events": [], "arguments": {"time": [], "loc": [], "country": [], "weapon": []}}, {"sentence": "\u80a9\u8180\u75bc\u75db\u3001\u8868\u60c5\u626d\u66f2\u2026\u2026", "events": [], "arguments": {"time": [], "loc": [], "country": [], "weapon": []}}, {"sentence": "\u8fd8\u6709\u70b9\u61f5\uff01", "events": [], "arguments": {"time": [], "loc": [], "country": [], "weapon": []}}, {"sentence": "\u8fd9\u6837\u770b\u8d77\u6765\u6ca1\u611f\u89c9\uff1f", "events": [], "arguments": {"time": [], "loc": [], "country": [], "weapon": []}}, {"sentence": "\u6362\u4e0a\u4e00\u8f86\u771f\u6b63\u7684\u6c7d\u8f66\u5f53\u9776\u5b50", "events": [], "arguments": {"time": [], "loc": [], "country": [], "weapon": [{"text": "\u6c7d\u8f66", "offset": 7, "length": 2}]}}, {"sentence": "\u5b9e\u5f39\u6d4b\u8bd5\uff0c\u6253\u7ed9\u4f60\u770b\uff01", "events": [{"trigger": {"text": "\u6d4b\u8bd5", "offset": 2, "length": 2}, "object": {"text": "", "offset": 0, "length": 0}, "subject": {"text": "", "offset": 0, "length": 0}}], "arguments": {"time": [], "loc": [], "country": [], "weapon": []}}, {"sentence": "\u8fd8\u6ca1\u770b\u8fc7\u763e\uff1f", "events": [], "arguments": {"time": [], "loc": [], "country": [], "weapon": []}}, {"sentence": "\u91cd\u578b\u88c5\u5907\u9707\u64bc\u767b\u573a", "events": [], "arguments": {"time": [], "loc": [], "country": [], "weapon": []}}, {"sentence": "\u5b9e\u6d4b11\u5f0f\u8f6e\u5f0f\u7a81\u51fb\u8f66", "events": [], "arguments": {"time": [], "loc": [], "country": [], "weapon": [{"text": "11\u5f0f\u8f6e\u5f0f\u7a81\u51fb\u8f66", "offset": 2, "length": 8}]}}, {"sentence": "\u7784\u51c6\u3001\u5f00\u706b\uff0c\u547d\u4e2d\u76ee\u6807\uff01", "events": [], "arguments": {"time": [], "loc": [], "country": [], "weapon": []}}, {"sentence": "\u9694\u5c4f\u90fd\u6709\u9707\u611f\u2026\u2026", "events": [], "arguments": {"time": [], "loc": [], "country": [], "weapon": []}}, {"sentence": "\u8fd1\u4e00\u70b9\uff0c\u518d\u8fd1\u4e00\u70b9\uff01", "events": [], "arguments": {"time": [], "loc": [], "country": [], "weapon": []}}, {"sentence": "\u6218\u5730\u6444\u5f71\u5e08\u7f57\u4f2f\u7279\u00b7\u5361\u5e15\u66fe\u8bf4", "events": [], "arguments": {"time": [], "loc": [], "country": [], "weapon": []}}, {"sentence": "\u201c\u5982\u679c\u4f60\u62cd\u5f97\u4e0d\u591f\u597d", "events": [], "arguments": {"time": [], "loc": [], "country": [], "weapon": []}}, {"sentence": "\u90a3\u662f\u56e0\u4e3a\u4f60\u9760\u5f97\u4e0d\u591f\u8fd1\u201d", "events": [], "arguments": {"time": [], "loc": [], "country": [], "weapon": []}}, {"sentence": "\u25b3\u8bb0\u8005\u738b\u5c45\u851a\u5728\u5bfc\u5f39\u53d1\u5c04\u73b0\u573a", "events": [{"trigger": {"text": "\u53d1\u5c04", "offset": 9, "length": 2}, "object": {"text": "", "offset": 0, "length": 0}, "subject": {"text": "", "offset": 0, "length": 0}}], "arguments": {"time": [], "loc": [], "country": [], "weapon": [{"text": "\u5bfc\u5f39", "offset": 7, "length": 2}]}}, {"sentence": "\u5bfc\u5f39\u53d1\u5c04\u7684\u77ac\u95f4\u6709\u591a\u71c3", "events": [], "arguments": {"time": [], "loc": [], "country": [], "weapon": [{"text": "\u5bfc\u5f39", "offset": 0, "length": 2}]}}, {"sentence": "\u6211\u4eec\u7684\u8bb0\u8005\u5c31\u6709\u591a\u201c\u571f\u201d", "events": [], "arguments": {"time": [], "loc": [], "country": [], "weapon": []}}, {"sentence": "\u6444\u50cf\uff1a\u98ce\u6c99\u592a\u5927\uff0c\u4e0d\u64a4\u4f1a\u88ab\u649e\u5230\u5730\u4e0a~", "events": [], "arguments": {"time": [], "loc": [], "country": [], "weapon": []}}, {"sentence": "\u8bb0\u8005\uff1a\u4f60\u7b49\u7b49\u6211\uff0c\u6211\u592a\u96be\u4e86\u2026\u2026", "events": [], "arguments": {"time": [], "loc": [], "country": [], "weapon": []}}, {"sentence": "\u56fd\u4ea7VT-5\u5766\u514b", "events": [], "arguments": {"time": [], "loc": [], "country": [], "weapon": [{"text": "\u56fd\u4ea7VT-5\u5766\u514b", "offset": 0, "length": 8}]}}, {"sentence": "\u4f60\u662f\u4e0d\u662f\u53ea\u89c1\u8fc7\u3001\u6ca1\u6478\u8fc7\uff1f", "events": [], "arguments": {"time": [], "loc": [], "country": [], "weapon": []}}, {"sentence": "\u8bb0\u8005\u767b\u4e0a\u65b0\u578b\u6218\u8f66", "events": [], "arguments": {"time": [], "loc": [], "country": [], "weapon": [{"text": "\u65b0\u578b\u6218\u8f66", "offset": 4, "length": 4}]}}, {"sentence": "\u96f6\u8ddd\u79bb\u4f53\u9a8c\u5168\u81ea\u52a8\u88c5\u5f39", "events": [], "arguments": {"time": [], "loc": [], "country": [], "weapon": []}}, {"sentence": "\u4f60\u770b\u4ed6\u5f00\u5fc3\u5730\u7b11\u4e86", "events": [], "arguments": {"time": [], "loc": [], "country": [], "weapon": []}}, {"sentence": "\u519b\u8ff7\u670b\u53cb\u90fd\u7fa1\u6155\u54ed\u4e86", "events": [], "arguments": {"time": [], "loc": [], "country": [], "weapon": []}}, {"sentence": "\u5728\u56fd\u9645\u519b\u4e8b\u6bd4\u8d5b\u7684\u8bad\u7ec3\u573a\u4e0a", "events": [{"trigger": {"text": "\u8bad\u7ec3", "offset": 8, "length": 2}, "object": {"text": "", "offset": 0, "length": 0}, "subject": {"text": "", "offset": 0, "length": 0}}], "arguments": {"time": [], "loc": [], "country": [], "weapon": []}}, {"sentence": "\u8bb0\u8005\u8f7b\u677e\u8df3\u4e0a\u6b65\u6218\u8f66", "events": [], "arguments": {"time": [], "loc": [], "country": [], "weapon": [{"text": "\u6b65\u6218\u8f66", "offset": 6, "length": 3}]}}, {"sentence": "\u832b\u832b\u6208\u58c1\u95f4", "events": [], "arguments": {"time": [], "loc": [], "country": [], "weapon": []}}, {"sentence": "\u4e58\u7740\u6218\u8f66\u611f\u53d7\u901f\u5ea6\u4e0e\u6fc0\u60c5", "events": [], "arguments": {"time": [], "loc": [], "country": [], "weapon": [{"text": "\u6218\u8f66", "offset": 2, "length": 2}]}}, {"sentence": "\u98ce\u6c99\u6253\u5728\u8138\u4e0a", "events": [], "arguments": {"time": [], "loc": [], "country": [], "weapon": []}}, {"sentence": "\u77ac\u95f4\u611f\u89c9\u81ea\u5df1\u662f\u6574\u6761\u8857\u6700\u9753\u7684\u4ed4", "events": [], "arguments": {"time": [], "loc": [], "country": [], "weapon": []}}, {"sentence": "\u8bb0\u8005\u5468\u96f7\u73b0\u573a\u62a5\u9053", "events": [], "arguments": {"time": [], "loc": [], "country": [], "weapon": []}}, {"sentence": "\u76f4\u5347\u673a\u4f4e\u7a7a\u548c\u8d85\u4f4e\u7a7a\u7a81\u9632", "events": [], "arguments": {"time": [], "loc": [], "country": [], "weapon": [{"text": "\u76f4\u5347\u673a", "offset": 0, "length": 3}]}}, {"sentence": "\u5439\u554a\u5439\u554a\uff0c\u98ce\u518d\u5927", "events": [], "arguments": {"time": [], "loc": [], "country": [], "weapon": []}}, {"sentence": "\u53ea\u8981\u6211\u624b\u63e1\u8bdd\u7b52\u5c31\u4e0d\u5bb3\u6015", "events": [], "arguments": {"time": [], "loc": [], "country": [], "weapon": []}}, {"sentence": "\u8fd1\u5230\u5fc3\u8d34\u5fc3\u7684\u8ddd\u79bb", "events": [], "arguments": {"time": [], "loc": [], "country": [], "weapon": []}}, {"sentence": "\u8fd8\u6709\u4e00\u79cd\u8d34\u8fd1", "events": [], "arguments": {"time": [], "loc": [], "country": [], "weapon": []}}, {"sentence": "\u662f\u5fc3\u4e0e\u5fc3\u7684\u8ddd\u79bb", "events": [], "arguments": {"time": [], "loc": [], "country": [], "weapon": []}}, {"sentence": "\u201c\u8001\u82f1\u96c4\uff0c\u6211\u62b1\u60a8\u8d70\u5427\uff01", "events": [], "arguments": {"time": [], "loc": [], "country": [], "weapon": []}}, {"sentence": "\u201d", "events": [], "arguments": {"time": [], "loc": [], "country": [], "weapon": []}}, {"sentence": "\u4e3a\u4e86\u5e2e\u52a9\u8001\u82f1\u96c4\u674e\u5b89\u752b", "events": [], "arguments": {"time": [], "loc": [], "country": [], "weapon": []}}, {"sentence": "\u5b8c\u6210\u5728\u5929\u5b89\u95e8\u770b\u5347\u65d7\u4eea\u5f0f\u7684\u5fc3\u613f", "events": [], "arguments": {"time": [], "loc": [], "country": [], "weapon": []}}, {"sentence": "\u8bb0\u8005\u502a\u5b81\u4e00\u628a\u62b1\u8d77\u8001\u4eba\u72c2\u5954", "events": [], "arguments": {"time": [], "loc": [], "country": [], "weapon": []}}, {"sentence": "\u201c\u5f53\u65f6\uff0c\u6211\u7684\u8138\u8d34\u7740\u8001\u4eba", "events": [], "arguments": {"time": [], "loc": [], "country": [], "weapon": []}}, {"sentence": "\u4ed6\u80f8\u524d\u7684\u519b\u529f\u7ae0\u78b0\u649e\u7740\u6253\u5728\u6211\u8138\u4e0a", "events": [], "arguments": {"time": [], "loc": [], "country": [], "weapon": []}}, {"sentence": "\u6e05\u8106\u7684\u78b0\u649e\u58f0\u5c31\u5728\u6211\u8033\u8fb9", "events": [{"trigger": {"text": "\u78b0\u649e", "offset": 3, "length": 2}, "object": {"text": "", "offset": 0, "length": 0}, "subject": {"text": "", "offset": 0, "length": 0}}], "arguments": {"time": [], "loc": [], "country": [], "weapon": []}}, {"sentence": "\u90a3\u79cd\u611f\u89c9\u771f\u7684\u5f88\u7279\u522b\u201d", "events": [], "arguments": {"time": [], "loc": [], "country": [], "weapon": []}}, {"sentence": "\u6211\u80fd\uff0c\u6211\u6562\uff0c\u6211\u53ef\u4ee5\uff01", "events": [], "arguments": {"time": [], "loc": [], "country": [], "weapon": []}}, {"sentence": "\u4e0a\u80fd\u9ad8\u7a7a\u8df3\u4f1e\uff0c\u4e0b\u80fd\u6f5c\u5165\u6df1\u6d77", "events": [], "arguments": {"time": [], "loc": [], "country": [], "weapon": []}}, {"sentence": "\u65e0\u6240\u754f\u60e7", "events": [], "arguments": {"time": [], "loc": [], "country": [], "weapon": []}}, {"sentence": "\u25b3\u8bb0\u8005\u848b\u9f99\u5343\u7c73\u8df3\u4f1e", "events": [], "arguments": {"time": [], "loc": [], "country": [], "weapon": []}}, {"sentence": "\u25b3\u8bb0\u8005\u6797\u6cc9\u8df3\u8fdb\u6d77\u4e2d", "events": [], "arguments": {"time": [], "loc": [], "country": [], "weapon": []}}, {"sentence": "\u4f46\u5176\u5b9e\u6bcf\u4e00\u6b21\u62a5\u9053\u90fd\u662f", "events": [], "arguments": {"time": [], "loc": [], "country": [], "weapon": []}}, {"sentence": "\u81ea\u6211\u6311\u6218\u3001\u81ea\u6211\u7a81\u7834", "events": [], "arguments": {"time": [], "loc": [], "country": [], "weapon": []}}, {"sentence": "\u8bb0\u8005\u6797\u6cc9\u514b\u670d\u5bf9\u6c34\u7684\u6050\u60e7", "events": [], "arguments": {"time": [], "loc": [], "country": [], "weapon": []}}, {"sentence": "\u548c\u5b98\u5175\u4eec\u4e00\u8d77\u8fdb\u884c\u6f5c\u6c34\u8bad\u7ec3", "events": [{"trigger": {"text": "\u8bad\u7ec3", "offset": 10, "length": 2}, "object": {"text": "", "offset": 0, "length": 0}, "subject": {"text": "", "offset": 0, "length": 0}}], "arguments": {"time": [], "loc": [], "country": [], "weapon": []}}, {"sentence": "\u9ad8\u5ea6\u8d85\u8fc770\u7c73\u7684\u5927\u575d", "events": [], "arguments": {"time": [], "loc": [], "country": [], "weapon": []}}, {"sentence": "\u6b66\u8b66\u7279\u6218\u961f\u5458\u8fdb\u884c\u7d22\u964d\u8bad\u7ec3", "events": [{"trigger": {"text": "\u8bad\u7ec3", "offset": 10, "length": 2}, "object": {"text": "", "offset": 0, "length": 0}, "subject": {"text": "", "offset": 0, "length": 0}}], "arguments": {"time": [], "loc": [], "country": [], "weapon": []}}, {"sentence": "\u8bb0\u8005\u5434\u6770\u73b0\u573a\u4f53\u9a8c", "events": [], "arguments": {"time": [], "loc": [], "country": [], "weapon": []}}, {"sentence": "\u53ea\u662f\u5f80\u4e0b\u770b\u4e86\u4e00\u773c", "events": [], "arguments": {"time": [], "loc": [], "country": [], "weapon": []}}, {"sentence": "\u817f\u5c31\u5df2\u7ecf\u5f00\u59cb\u53d1\u98a4\u4e86", "events": [], "arguments": {"time": [], "loc": [], "country": [], "weapon": []}}, {"sentence": "\u514b\u670d\u6050\u9ad8\u5fc3\u7406", "events": [], "arguments": {"time": [], "loc": [], "country": [], "weapon": []}}, {"sentence": "\u4ed6\u7ec8\u4e8e\u8fc8\u51fa\u4e86\u52c7\u6562\u7684\u4e00\u6b65", "events": [], "arguments": {"time": [], "loc": [], "country": [], "weapon": []}}, {"sentence": "\u4ece\u6b64\uff0c\u98de\u6a90\u8d70\u58c1\uff0c\u80fd\u884c", "events": [], "arguments": {"time": [], "loc": [], "country": [], "weapon": []}}, {"sentence": "\u518d\u8fdc\u7684\u8def\u4e5f\u80fd\u5230\u8fbe\uff01", "events": [], "arguments": {"time": [], "loc": [], "country": [], "weapon": []}}, {"sentence": "\u6d77\u62d46000\u7c73", "events": [], "arguments": {"time": [], "loc": [{"text": "\u6d77\u62d46000\u7c73", "offset": 0, "length": 7}], "country": [], "weapon": []}}, {"sentence": "\u56fd\u9632\u519b\u4e8b\u9891\u9053\u8bb0\u8005\u91c7\u8bbf\u65f6", "events": [], "arguments": {"time": [], "loc": [], "country": [], "weapon": []}}, {"sentence": "\u7a81\u9047\u66b4\u98ce\u96ea", "events": [], "arguments": {"time": [], "loc": [], "country": [], "weapon": []}}, {"sentence": "\u5927\u5bb6\u53ea\u80fd\u62a4\u7740\u8bbe\u5907\u62b1\u6210\u4e00\u56e2", "events": [], "arguments": {"time": [], "loc": [], "country": [], "weapon": []}}, {"sentence": "\u5426\u5219\u968f\u65f6\u4f1a\u88ab\u98ce\u5439\u8dd1", "events": [], "arguments": {"time": [], "loc": [], "country": [], "weapon": []}}, {"sentence": "\u7d20\u6750\u4f20\u56de\u540e\u65b9", "events": [], "arguments": {"time": [], "loc": [], "country": [], "weapon": []}}, {"sentence": "\u8bb0\u8005\u53ea\u53ee\u5631\u4e86\u4e00\u53e5\u8bdd", "events": [], "arguments": {"time": [], "loc": [], "country": [], "weapon": []}}, {"sentence": "\u201c\u522b\u51fa\u540d\u5b57\uff0c\u56e0\u4e3a\u5bb6\u91cc\u8001\u4eba\u4f1a\u62c5\u5fc3\uff01", "events": [], "arguments": {"time": [], "loc": [], "country": [], "weapon": []}}, {"sentence": "\u201d", "events": [], "arguments": {"time": [], "loc": [], "country": [], "weapon": []}}, {"sentence": "\u6d77\u62d45000\u7c73\u9ad8\u539f", "events": [], "arguments": {"time": [], "loc": [{"text": "\u6d77\u62d45000\u7c73\u9ad8\u539f", "offset": 0, "length": 9}], "country": [], "weapon": []}}, {"sentence": "\u8bb0\u8005\u8ddf\u968f\u8fb9\u9632\u5b98\u5175\u5de1\u903b", "events": [{"trigger": {"text": "\u5de1\u903b", "offset": 8, "length": 2}, "object": {"text": "", "offset": 0, "length": 0}, "subject": {"text": "", "offset": 0, "length": 0}}], "arguments": {"time": [], "loc": [], "country": [], "weapon": []}}, {"sentence": "\u6bcf\u8d70\u4e00\u6b65", "events": [], "arguments": {"time": [], "loc": [], "country": [], "weapon": []}}, {"sentence": "\u90fd\u662f\u5bf9\u4f53\u529b\u548c\u610f\u5fd7\u7684\u8003\u9a8c", "events": [], "arguments": {"time": [], "loc": [], "country": [], "weapon": []}}, {"sentence": "\u25b3\u8bb0\u8005\u675c\u5a1f\u5728\u91c7\u8bbf\u9014\u4e2d\u5438\u6c27", "events": [], "arguments": {"time": [], "loc": [], "country": [], "weapon": []}}, {"sentence": "\u518d\u6076\u52a3\u7684\u5929\u6c14\u4e5f\u65e0\u6cd5\u963b\u6321\uff01", "events": [], "arguments": {"time": [], "loc": [], "country": [], "weapon": []}}, {"sentence": "\u8ddf\u968f\u6d77\u51b0723\u7834\u51b0\u8239\u51fa\u53d1", "events": [{"trigger": {"text": "\u51fa\u53d1", "offset": 10, "length": 2}, "object": {"text": "", "offset": 0, "length": 0}, "subject": {"text": "", "offset": 0, "length": 0}}], "arguments": {"time": [], "loc": [], "country": [], "weapon": [{"text": "\u6d77\u51b0723\u7834\u51b0\u8239", "offset": 2, "length": 8}]}}, {"sentence": "\u8bb0\u8005\u5434\u6960\u5728\u5475\u6c14\u6210\u51b0\u7684\u6d77\u9762\u4e0a", "events": [], "arguments": {"time": [], "loc": [], "country": [], "weapon": []}}, {"sentence": "\u62a5\u9053\u6e24\u6d77\u201c\u7834\u51b0\u201d\u4e4b\u65c5", "events": [], "arguments": {"time": [], "loc": [{"text": "\u6e24\u6d77", "offset": 2, "length": 2}], "country": [], "weapon": []}}, {"sentence": "\u5317\u56fd\uff0c\u5bd2\u51ac", "events": [], "arguments": {"time": [], "loc": [], "country": [{"text": "\u5317\u56fd", "offset": 0, "length": 2}], "weapon": []}}, {"sentence": "\u8bb0\u8005\u5434\u6770\u62a5\u9053\u706b\u7bad\u519b\u51ac\u8bad", "events": [], "arguments": {"time": [], "loc": [], "country": [], "weapon": []}}, {"sentence": "\u6253\u7740\u8d64\u818a\u7528\u96ea\u201c\u6d17\u6fa1\u201d", "events": [], "arguments": {"time": [], "loc": [], "country": [], "weapon": []}}, {"sentence": "\u90a3\u9178\u723d\uff0c\u8c01\u6d17\u8c01\u77e5\u9053", "events": [], "arguments": {"time": [], "loc": [], "country": [], "weapon": []}}, {"sentence": "\u5728\u96ea\u5730\u91cc\u7ec3\u62f3\u3001\u7ec3\u5012\u529f", "events": [], "arguments": {"time": [], "loc": [], "country": [], "weapon": []}}, {"sentence": "\u4e0d\u5c0f\u5fc3\u78d5\u7834\u4e86\u624b\u8098", "events": [], "arguments": {"time": [], "loc": [], "country": [], "weapon": []}}, {"sentence": "\u6c57\u6c34\u3001\u8840\u6c34\u3001\u96ea\u6c34\u6d41\u5230\u4e00\u8d77", "events": [], "arguments": {"time": [], "loc": [], "country": [], "weapon": []}}, {"sentence": "\u522b\u95ee\u75bc\u4e0d\u75bc\uff0c\u95ee\u5c31\u662f\u4e0d\u75bc\uff01", "events": [], "arguments": {"time": [], "loc": [], "country": [], "weapon": []}}, {"sentence": "\u5357\u65b9\uff0c\u5bc6\u6797", "events": [], "arguments": {"time": [], "loc": [], "country": [], "weapon": []}}, {"sentence": "\u62a5\u9053\u91ce\u5916\u9a7b\u8bad", "events": [], "arguments": {"time": [], "loc": [], "country": [], "weapon": []}}, {"sentence": "\u968f\u5b98\u5175\u4e00\u8d77\u6f5c\u4f0f\u4e00\u663c\u591c", "events": [], "arguments": {"time": [], "loc": [], "country": [], "weapon": []}}, {"sentence": "\u71ac\u7ea2\u4e86\u53cc\u773c", "events": [], "arguments": {"time": [], "loc": [], "country": [], "weapon": []}}, {"sentence": "\u8fd8\u56e0\u868a\u866b\u53ee\u54ac\u7559\u4e0b\u4e86\u6ee1\u8eab\u7684\u5305", "events": [], "arguments": {"time": [], "loc": [], "country": [], "weapon": []}}]