[{"sentence": "\u5370\u5a92\uff1a\u82cf57\u9996\u4e2a\u5916\u56fd\u7528\u6237\u4e0d\u662f\u5370\u5ea6\u4e5f\u4e0d\u662f\u4e2d\u56fd\u00a0\u800c\u662f\u4e00\u4e2a\u975e\u6d32\u56fd\u5bb6", "events": [], "arguments": {"time": [], "loc": [{"text": "\u975e\u6d32", "offset": 26, "length": 2}], "country": [{"text": "\u5370\u5ea6", "offset": 14, "length": 2}, {"text": "\u4e2d\u56fd", "offset": 19, "length": 2}], "weapon": [{"text": "\u82cf57", "offset": 3, "length": 3}]}}, {"sentence": "\u3010\u73af\u7403\u7f51\u62a5\u9053 \u8bb0\u8005 \u5f90\u7490\u660e\u3011", "events": [], "arguments": {"time": [], "loc": [], "country": [], "weapon": []}}, {"sentence": "\u5370\u5ea6\u5a92\u4f53\u300a\u6b27\u4e9a\u65f6\u62a5\u300b9\u67089\u65e5\u62a5\u9053\u79f0\uff0c\u5bf9\u4e8e\u4fc4\u7f57\u65af\u53ef\u80fd\u51fa\u53e3\u7684\u9996\u6b3e\u9690\u5f62\u6218\u6597\u673a\u82cf-57\uff0c\u76ee\u524d\u8fd8\u6709\u4e0d\u5c11\u4e89\u8bae\uff0c\u8fd9\u6b3e\u6218\u6597\u673a\u7684\u9996\u4e2a\u5916\u56fd\u5ba2\u6237\u5c06\u4e0d\u4f1a\u662f\u5370\u5ea6\u6216\u8005\u4e2d\u56fd\uff0c\u800c\u662f\u4e00\u4e2a\u975e\u6d32\u56fd\u5bb6\u3002", "events": [], "arguments": {"time": [{"text": "9\u67089\u65e5", "offset": 10, "length": 4}], "loc": [{"text": "\u975e\u6d32", "offset": 76, "length": 2}], "country": [{"text": "\u5370\u5ea6", "offset": 65, "length": 2}, {"text": "\u4fc4\u7f57\u65af", "offset": 20, "length": 3}, {"text": "\u4e2d\u56fd", "offset": 69, "length": 2}, {"text": "\u5370\u5ea6", "offset": 0, "length": 2}], "weapon": [{"text": "\u9690\u5f62\u6218\u6597\u673a\u82cf-57", "offset": 30, "length": 9}]}}, {"sentence": "\u62a5\u9053\u79f0\uff0c\u963f\u5c14\u53ca\u5229\u4e9a\u5c06\u53ef\u80fd\u6210\u4e3a\u82cf-57\u6218\u6597\u673a\u7684\u9996\u4e2a\u5916\u56fd\u7528\u6237\uff0c\u8fd9\u7b14\u4ea4\u6613\u9884\u8ba1\u5c06\u8fbe\u523020\u4ebf\u7f8e\u5143\uff0c\u4e0d\u8fc7\u76ee\u524d\u963f\u5c14\u53ca\u5229\u4e9a\u548c\u4fc4\u7f57\u65af\u5b98\u65b9\u90fd\u8fd8\u6ca1\u6709\u8bc1\u5b9e\u8fd9\u4e00\u6d88\u606f\u3002", "events": [{"trigger": {"text": "\u4ea4\u6613", "offset": 31, "length": 2}, "object": {"text": "", "offset": 0, "length": 0}, "subject": {"text": "", "offset": 0, "length": 0}}], "arguments": {"time": [], "loc": [], "country": [{"text": "\u963f\u5c14\u53ca\u5229\u4e9a", "offset": 48, "length": 5}, {"text": "\u4fc4\u7f57\u65af", "offset": 54, "length": 3}, {"text": "\u963f\u5c14\u53ca\u5229\u4e9a", "offset": 4, "length": 5}], "weapon": [{"text": "\u82cf-57\u6218\u6597\u673a", "offset": 14, "length": 7}]}}, {"sentence": "\u963f\u5c14\u53ca\u5229\u4e9a\u7a7a\u519b\u76ee\u524d\u7684\u4f5c\u6218\u4e3b\u529b\u662f\u82cf-30MKA\u548c\u7c73\u683c-29\u6218\u6597\u673a\uff0c\u53e6\u5916\u8fd8\u88c5\u5907\u6709\u82cf-24\u548c\u7c73\u683c-25\u6218\u6597\u673a\u3002", "events": [], "arguments": {"time": [], "loc": [], "country": [{"text": "\u963f\u5c14\u53ca\u5229\u4e9a", "offset": 0, "length": 5}], "weapon": [{"text": "\u82cf-30MKA", "offset": 15, "length": 7}, {"text": "\u7c73\u683c-29\u6218\u6597\u673a", "offset": 23, "length": 8}, {"text": "\u82cf-24", "offset": 38, "length": 4}, {"text": "\u7c73\u683c-25\u6218\u6597\u673a", "offset": 43, "length": 8}]}}, {"sentence": "\u963f\u5c14\u53ca\u5229\u4e9a\u5df2\u7ecf\u7b7e\u7f72\u4e8614\u67b6\u82cf-34\u6218\u6597\u8f70\u70b8\u673a\u548c14\u67b6\u82cf-35\u6218\u6597\u673a\u7684\u5408\u540c\uff0c\u82cf-57\u6218\u6597\u673a\u4e5f\u5728\u963f\u5c14\u53ca\u5229\u4e9a\u7684\u8d2d\u4e70\u540d\u5355\u4e0a\u3002", "events": [{"trigger": {"text": "\u8d2d\u4e70", "offset": 52, "length": 2}, "subject": {"text": "\u963f\u5c14\u53ca\u5229\u4e9a", "offset": 46, "length": 5}, "object": {"text": "\u82cf-57\u6218\u6597\u673a", "offset": 37, "length": 7}}], "arguments": {"time": [], "loc": [], "country": [{"text": "\u963f\u5c14\u53ca\u5229\u4e9a", "offset": 46, "length": 5}, {"text": "\u963f\u5c14\u53ca\u5229\u4e9a", "offset": 0, "length": 5}], "weapon": [{"text": "\u82cf-34\u6218\u6597\u8f70\u70b8\u673a", "offset": 13, "length": 9}, {"text": "\u82cf-35\u6218\u6597\u673a", "offset": 26, "length": 7}, {"text": "\u82cf-57\u6218\u6597\u673a", "offset": 37, "length": 7}]}}, {"sentence": "\u62a5\u9053\u8ba4\u4e3a\uff0c\u963f\u5c14\u53ca\u5229\u4e9a\u8d2d\u4e70\u4fc4\u5236\u5148\u8fdb\u6218\u6597\u673a\u662f\u519b\u5907\u7ade\u8d5b\u7684\u7ed3\u679c\u3002", "events": [{"trigger": {"text": "\u8d2d\u4e70", "offset": 10, "length": 2}, "subject": {"text": "\u963f\u5c14\u53ca\u5229\u4e9a", "offset": 5, "length": 5}, "object": {"text": "\u4fc4\u5236\u5148\u8fdb\u6218\u6597\u673a", "offset": 12, "length": 7}}], "arguments": {"time": [], "loc": [], "country": [{"text": "\u963f\u5c14\u53ca\u5229\u4e9a", "offset": 5, "length": 5}, {"text": "\u4fc4", "offset": 12, "length": 1}], "weapon": [{"text": "\u4fc4\u5236\u5148\u8fdb\u6218\u6597\u673a", "offset": 12, "length": 7}]}}, {"sentence": "\u7f8e\u56fd\u6700\u8fd1\u516c\u5f00\u652f\u6301\u963f\u5c14\u53ca\u5229\u4e9a\u7684\u90bb\u56fd\u6469\u6d1b\u54e5\uff0c\u7f8e\u56fd\u5df2\u7ecf\u6279\u51c6\u5411\u6469\u6d1b\u54e5\u51fa\u552eBlock70/72\u7248\u672c\u7684F-16\u6218\u6597\u673a\uff0c\u6b64\u5916\u6469\u6d1b\u54e5\u7a7a\u519b\u73b0\u5f79\u768423\u67b6F-16\u6218\u6597\u673a\u4e5f\u5c06\u8fdb\u884c\u5347\u7ea7\u6539\u9020\u3002", "events": [{"trigger": {"text": "\u5347\u7ea7\u6539\u9020", "offset": 77, "length": 4}, "subject": {"text": "\u6469\u6d1b\u54e5\u7a7a\u519b\u73b0\u5f79\u768423\u67b6F-16\u6218\u6597", "offset": 55, "length": 17}, "object": {"text": "\u6469\u6d1b\u54e5", "offset": 55, "length": 3}}, {"trigger": {"text": "\u652f\u6301", "offset": 6, "length": 2}, "subject": {"text": "\u7f8e\u56fd", "offset": 20, "length": 2}, "object": {"text": "\u6469\u6d1b\u54e5", "offset": 55, "length": 3}}, {"trigger": {"text": "\u51fa\u552e", "offset": 30, "length": 2}, "subject": {"text": "\u7f8e\u56fd", "offset": 20, "length": 2}, "object": {"text": "Block70/72\u7248\u672c\u7684F-16\u6218\u6597\u673a", "offset": 32, "length": 20}}], "arguments": {"time": [], "loc": [], "country": [{"text": "\u7f8e\u56fd", "offset": 20, "length": 2}, {"text": "\u963f\u5c14\u53ca\u5229\u4e9a", "offset": 8, "length": 5}, {"text": "\u6469\u6d1b\u54e5", "offset": 55, "length": 3}, {"text": "\u7f8e\u56fd", "offset": 0, "length": 2}, {"text": "\u6469\u6d1b\u54e5", "offset": 16, "length": 3}, {"text": "\u6469\u6d1b\u54e5", "offset": 27, "length": 3}], "weapon": [{"text": "F-16\u6218\u6597\u673a", "offset": 66, "length": 7}]}}, {"sentence": "\u6469\u6d1b\u54e5\u8fd8\u5c06\u6210\u4e3a\u5c11\u6570\u51e0\u4e2a\u83b7\u5f97\u7f8e\u5236\u201c\u5148\u8fdb\u4e2d\u7a0b\u7a7a\u5bf9\u7a7a\u5bfc\u5f39\u201d\uff08AMRAAM\u5bfc\u5f39\uff09\u7684\u56fd\u5bb6\uff0c\u8fd9\u7b14\u519b\u552e\u4ef7\u503c7.86\u4ebf\u7f8e\u5143\uff0c\u9884\u8ba1\u5c06\u4e8e2023\u5e742\u6708\u5b8c\u6210\u3002", "events": [{"trigger": {"text": "\u83b7\u5f97", "offset": 11, "length": 2}, "subject": {"text": "\u6469\u6d1b\u54e5", "offset": 0, "length": 3}, "object": {"text": "\u7f8e\u5236\u201c\u5148\u8fdb\u4e2d\u7a0b\u7a7a\u5bf9\u7a7a\u5bfc\u5f39\u201d\uff08AMRAAM\u5bfc\u5f39\uff09", "offset": 13, "length": 23}}], "arguments": {"time": [{"text": "2023\u5e742\u6708", "offset": 58, "length": 7}], "loc": [], "country": [{"text": "\u6469\u6d1b\u54e5", "offset": 0, "length": 3}, {"text": "\u7f8e", "offset": 51, "length": 1}], "weapon": [{"text": "\u7f8e\u5236\u201c\u5148\u8fdb\u4e2d\u7a0b\u7a7a\u5bf9\u7a7a\u5bfc\u5f39\u201d\uff08AMRAAM\u5bfc\u5f39\uff09", "offset": 13, "length": 23}, {"text": "\u201c\u5148\u8fdb\u4e2d\u7a0b\u7a7a\u5bf9\u7a7a\u5bfc\u5f39\u201d\uff08AMRAAM\u5bfc\u5f39\uff09", "offset": 15, "length": 21}]}}, {"sentence": "\u4fc4\u7f57\u65af\u7814\u5236\u7684\u82cf-57\u6218\u6597\u673a\u88ab\u8bbe\u8ba1\u4e3a\u96c6\u8d85\u97f3\u901f\u5de1\u822a\u3001\u8d85\u673a\u52a8\u548c\u5148\u8fdb\u822a\u7535\u8bbe\u5907\u4e8e\u4e00\u8eab\u7684\u65b0\u4e00\u4ee3\u6218\u6597\u673a\uff0c\u5177\u5907\u9690\u8eab\u6280\u672f\u7279\u6027\u3002", "events": [{"trigger": {"text": "\u7814\u5236", "offset": 3, "length": 2}, "subject": {"text": "\u4fc4\u7f57\u65af", "offset": 0, "length": 3}, "object": {"text": "\u82cf-57\u6218\u6597\u673a", "offset": 6, "length": 7}}, {"trigger": {"text": "\u5de1\u822a", "offset": 21, "length": 2}, "object": {"text": "", "offset": 0, "length": 0}, "subject": {"text": "", "offset": 0, "length": 0}}], "arguments": {"time": [], "loc": [], "country": [{"text": "\u4fc4\u7f57\u65af", "offset": 0, "length": 3}], "weapon": [{"text": "\u82cf-57\u6218\u6597\u673a", "offset": 6, "length": 7}]}}, {"sentence": "\u4f46\u7f8e\u56fd\u5a92\u4f53\u5bf9\u8be5\u673a\u7684\u9690\u8eab\u6027\u80fd\u63d0\u51fa\u4e86\u8d28\u7591\uff0c\u5e76\u79f0\u82cf-57\u4e0eF-22\u3001F-35\u7b49\u897f\u65b9\u4e94\u4ee3\u673a\u76f8\u6bd4\uff0c\u4ecd\u7136\u7f3a\u4e4f\u5173\u952e\u7684\u822a\u7535\u529f\u80fd\u3002", "events": [], "arguments": {"time": [], "loc": [], "country": [{"text": "\u7f8e\u56fd", "offset": 1, "length": 2}], "weapon": [{"text": "\u82cf-57", "offset": 21, "length": 4}, {"text": "F-22", "offset": 26, "length": 4}, {"text": "F-35", "offset": 31, "length": 4}]}}, {"sentence": "\u7f8e\u56fd\u300a\u56fd\u5bb6\u5229\u76ca\u300b\u6742\u5fd7\u62a5\u9053\u79f0\uff0c\u82cf-57\u6218\u6597\u673a\u8fd8\u672a\u505a\u597d\u51fa\u53e3\u51c6\u5907\uff0c\u539f\u56e0\u662f\u7f3a\u4e4f\u8d44\u91d1\uff0c\u4ee5\u53ca\u4fc4\u7f57\u65af\u4e0e\u5370\u5ea6\u8054\u5408\u7814\u53d1\u534f\u8bae\u7834\u88c2\u5bfc\u81f4\u8be5\u673a\u8fdb\u5c55\u88ab\u62d6\u5ef6\u3002", "events": [{"trigger": {"text": "\u7834\u88c2", "offset": 52, "length": 2}, "subject": {"text": "\u4fc4\u7f57\u65af\u4e0e\u5370\u5ea6\u8054\u5408\u7814\u53d1\u534f\u8bae", "offset": 40, "length": 12}, "object": {"text": "", "offset": 0, "length": 0}}, {"trigger": {"text": "\u88ab\u62d6\u5ef6", "offset": 60, "length": 3}, "subject": {"text": "\u82cf-57\u6218\u6597\u673a", "offset": 14, "length": 7}, "object": {"text": "", "offset": 0, "length": 0}}, {"trigger": {"text": "\u8054\u5408\u7814\u53d1", "offset": 46, "length": 4}, "object": {"text": "", "offset": 0, "length": 0}, "subject": {"text": "", "offset": 0, "length": 0}}], "arguments": {"time": [], "loc": [], "country": [{"text": "\u7f8e\u56fd", "offset": 0, "length": 2}, {"text": "\u4fc4\u7f57\u65af", "offset": 40, "length": 3}, {"text": "\u5370\u5ea6", "offset": 44, "length": 2}], "weapon": [{"text": "\u82cf-57\u6218\u6597\u673a", "offset": 14, "length": 7}]}}]