[{"sentence": "\u7f8e\u519b\u8f70\u70b8\u673a\u5728\u897f\u592a\u4e0a\u7a7a\u8f6c\u4e86\u4e2a\u5f2f \u7eff\u5a92\u7acb\u5373\u7092\u4f5c\uff1a\u6b63\u671d\u53f0\u6e7e\u98de\u6765\uff01", "events": [], "arguments": {"time": [], "loc": [{"text": "\u897f\u592a\u4e0a\u7a7a", "offset": 6, "length": 4}], "country": [{"text": "\u7f8e", "offset": 0, "length": 1}, {"text": "\u53f0\u6e7e", "offset": 24, "length": 2}], "weapon": [{"text": "\u8f70\u70b8\u673a", "offset": 2, "length": 3}]}}, {"sentence": "\u3010\u73af\u7403\u7f51\u62a5\u9053\u8bb0\u8005 \u5f90\u7490\u660e\u3011", "events": [], "arguments": {"time": [], "loc": [], "country": [], "weapon": []}}, {"sentence": "12\u670816\u65e5\u7f8e\u519b\u4e24\u67b6\u8f70\u70b8\u673a\u4ece\u5173\u5c9b\u8d77\u98de\u524d\u5f80\u51b2\u7ef3\u9644\u8fd1\u7a7a\u57df\uff0c\u53f0\u5a92\u5728\u5f97\u77e5\u8fd9\u4e00\u6d88\u606f\u540e\u7acb\u5373\u7528\u201c\u671d\u53f0\u6e7e\u98de\u201d\u8fd9\u6837\u7684\u5b57\u773c\u8ddf\u8fdb\u7092\u4f5c\u3002", "events": [{"trigger": {"text": "\u8d77\u98de\u524d\u5f80", "offset": 16, "length": 4}, "object": {"text": "", "offset": 0, "length": 0}, "subject": {"text": "", "offset": 0, "length": 0}}], "arguments": {"time": [{"text": "12\u670816\u65e5", "offset": 0, "length": 6}], "loc": [{"text": "\u5173\u5c9b", "offset": 14, "length": 2}, {"text": "\u51b2\u7ef3\u9644\u8fd1\u7a7a\u57df", "offset": 20, "length": 6}], "country": [{"text": "\u53f0\u6e7e", "offset": 42, "length": 2}], "weapon": [{"text": "\u8f70\u70b8\u673a", "offset": 10, "length": 3}]}}, {"sentence": "\u4e13\u95e8\u8bb0\u5f55\u519b\u4e8b\u98de\u884c\u5668\u52a8\u6001\u7684\u63a8\u7279\u8d26\u53f7\u201c\u98de\u673a\u5b88\u671b\u201d12\u670816\u65e5\u53d1\u5e03\u6d88\u606f\u79f0\uff0c\u5f53\u5929\u4e24\u67b6\u7f8e\u56fd\u7a7a\u519b\u7684B-1B\u8f70\u70b8\u673a\u4ece\u5173\u5c9b\u5b89\u5fb7\u68ee\u7a7a\u519b\u57fa\u5730\u8d77\u98de\uff0c\u671d\u7740\u897f\u5317\u65b9\u5411\u98de\u5f80\u51b2\u7ef3\u9644\u8fd1\u7684\u7a7a\u57df\u3002", "events": [{"trigger": {"text": "\u98de\u5f80", "offset": 69, "length": 2}, "object": {"text": "", "offset": 0, "length": 0}, "subject": {"text": "", "offset": 0, "length": 0}}], "arguments": {"time": [{"text": "12\u670816\u65e5", "offset": 22, "length": 6}], "loc": [{"text": "\u5173\u5c9b\u5b89\u5fb7\u68ee\u7a7a\u519b\u57fa\u5730", "offset": 51, "length": 9}, {"text": "\u51b2\u7ef3\u9644\u8fd1\u7684\u7a7a\u57df", "offset": 71, "length": 7}], "country": [{"text": "\u7f8e\u56fd", "offset": 38, "length": 2}], "weapon": [{"text": "B-1B\u8f70\u70b8\u673a", "offset": 43, "length": 7}]}}, {"sentence": "\u201c\u98de\u673a\u5b88\u671b\u201d\u63a8\u6d4b\uff0c\u8fd9\u4e24\u67b6B-1B\u8f70\u70b8\u673a\u53ef\u80fd\u4f1a\u4e0e\u4ece\u5609\u624b\u7eb3\u7a7a\u519b\u57fa\u5730\u8d77\u98de\u7684\u6218\u6597\u673a\u6c47\u5408\uff0c\u76ee\u524d\u8fd8\u4e0d\u6e05\u695a\u8fd9\u4e9b\u8f70\u70b8\u673a\u662f\u5426\u4f1a\u8fdb\u5165\u4e1c\u6d77\u3002", "events": [{"trigger": {"text": "\u8fdb\u5165", "offset": 54, "length": 2}, "object": {"text": "", "offset": 0, "length": 0}, "subject": {"text": "", "offset": 0, "length": 0}}], "arguments": {"time": [], "loc": [{"text": "\u5609\u624b\u7eb3\u7a7a\u519b\u57fa\u5730", "offset": 24, "length": 7}, {"text": "\u4e1c\u6d77", "offset": 56, "length": 2}], "country": [], "weapon": [{"text": "B-1B\u8f70\u70b8\u673a", "offset": 12, "length": 7}]}}, {"sentence": "\u5728\u770b\u5230\u8fd9\u4e00\u62a5\u9053\u540e\uff0c\u53f0\u6e7e\u4eb2\u7eff\u5a92\u4f53\u201c\u4e09\u7acb\u65b0\u95fb\u201d\u7acb\u5373\u8fdb\u884c\u4e86\u8f6c\u5f15\u62a5\u9053\uff0c\u8fd8\u523b\u610f\u7092\u4f5c\u8fd9\u4e24\u67b6\u7f8e\u519b\u8f70\u70b8\u673a\u662f\u201c\u671d\u53f0\u6e7e\u98de\u201d\u3002", "events": [], "arguments": {"time": [], "loc": [], "country": [{"text": "\u53f0\u6e7e", "offset": 9, "length": 2}, {"text": "\u53f0\u6e7e", "offset": 47, "length": 2}], "weapon": [{"text": "\u8f70\u70b8\u673a", "offset": 41, "length": 3}]}}, {"sentence": "\u201c\u4e09\u7acb\u65b0\u95fb\u201d\u79f0\uff0c\u8fd9\u4e24\u67b6\u7f8e\u519b\u8f70\u70b8\u673a\u201c\u76ee\u524d\u6b63\u5728\u51b2\u7ef3\u9644\u8fd1\u7a7a\u57df\u5e76\u5f80\u53f0\u6e7e\u524d\u8fdb\u201d\u3002", "events": [], "arguments": {"time": [], "loc": [{"text": "\u51b2\u7ef3\u9644\u8fd1\u7a7a\u57df", "offset": 21, "length": 6}], "country": [{"text": "\u7f8e", "offset": 11, "length": 1}, {"text": "\u53f0\u6e7e", "offset": 29, "length": 2}], "weapon": [{"text": "\u8f70\u70b8\u673a", "offset": 13, "length": 3}]}}, {"sentence": "\u4f46\u5b9e\u9645\u4e0a\u5728\u201c\u98de\u673a\u5b88\u671b\u201d\u53d1\u5e03\u7684\u539f\u6d88\u606f\u4e2d\uff0c\u5e76\u672a\u63d0\u53ca\u53f0\u6e7e\u3002", "events": [], "arguments": {"time": [], "loc": [], "country": [{"text": "\u53f0\u6e7e", "offset": 23, "length": 2}], "weapon": []}}, {"sentence": "\u201c\u4e09\u7acb\u65b0\u95fb\u201d\u8fd8\u6709\u610f\u5c06\u7f8e\u519b\u8f70\u70b8\u673a\u7684\u98de\u884c\u6d3b\u52a8\u4e0e\u89e3\u653e\u519b\u5728\u53f0\u6e7e\u5468\u8fb9\u7684\u98de\u884c\u6d3b\u52a8\u76f8\u63d0\u5e76\u8bba\u3002", "events": [{"trigger": {"text": "\u98de\u884c", "offset": 30, "length": 2}, "object": {"text": "", "offset": 0, "length": 0}, "subject": {"text": "", "offset": 0, "length": 0}}], "arguments": {"time": [], "loc": [], "country": [{"text": "\u7f8e", "offset": 10, "length": 1}, {"text": "\u53f0\u6e7e", "offset": 25, "length": 2}], "weapon": [{"text": "\u8f70\u70b8\u673a", "offset": 12, "length": 3}]}}, {"sentence": "\u201c\u4e09\u7acb\u65b0\u95fb\u201d\u5728\u62a5\u9053\u4e2d\u63d0\u5230\uff0c\u89e3\u653e\u519b\u6218\u673a\u4e8e15\u65e5\u518d\u6b21\u51fa\u73b0\u5728\u53f0\u6e7e\u897f\u5357\u9632\u7a7a\u8bc6\u522b\u533a\uff0c\u5bf9\u4e8e\u53f0\u519b\u7684\u201c\u5e7f\u64ad\u9a71\u79bb\u201d\u7f6e\u4e4b\u4e0d\u7406\uff0c\u751a\u81f3\u8fd8\u4f20\u51fa\u8fdb\u5165\u53f0\u897f\u5357\u7a7a\u57df\u201c\u9886\u7a7a\u201d\u3002", "events": [{"trigger": {"text": "\u51fa\u73b0\u5728", "offset": 24, "length": 3}, "object": {"text": "", "offset": 0, "length": 0}, "subject": {"text": "", "offset": 0, "length": 0}}, {"trigger": {"text": "\u8fdb\u5165", "offset": 58, "length": 2}, "object": {"text": "", "offset": 0, "length": 0}, "subject": {"text": "", "offset": 0, "length": 0}}], "arguments": {"time": [{"text": "15\u65e5", "offset": 19, "length": 3}], "loc": [{"text": "\u53f0\u6e7e\u897f\u5357\u9632\u7a7a\u8bc6\u522b\u533a", "offset": 27, "length": 9}, {"text": "\u53f0\u897f\u5357\u7a7a\u57df", "offset": 60, "length": 5}], "country": [{"text": "\u53f0\u6e7e", "offset": 27, "length": 2}], "weapon": [{"text": "\u89e3\u653e\u519b\u6218\u673a", "offset": 13, "length": 5}]}}, {"sentence": "\u519b\u4e8b\u89c2\u5bdf\u4eba\u58eb\u8868\u793a\uff0c\u7f8e\u519b\u90e8\u7f72\u5728\u5173\u5c9b\u5b89\u5fb7\u68ee\u57fa\u5730\u7684\u6218\u7565\u8f70\u70b8\u673a\u7ecf\u5e38\u5728\u897f\u592a\u5f00\u5c55\u98de\u884c\u6d3b\u52a8\uff0c\u4e5f\u4e0d\u65f6\u51fa\u73b0\u5728\u4e1c\u6d77\u4e0a\u7a7a\u3002", "events": [{"trigger": {"text": "\u90e8\u7f72\u5728", "offset": 11, "length": 3}, "object": {"text": "", "offset": 0, "length": 0}, "subject": {"text": "", "offset": 0, "length": 0}}, {"trigger": {"text": "\u51fa\u73b0\u5728", "offset": 42, "length": 3}, "object": {"text": "", "offset": 0, "length": 0}, "subject": {"text": "", "offset": 0, "length": 0}}, {"trigger": {"text": "\u98de\u884c", "offset": 34, "length": 2}, "object": {"text": "", "offset": 0, "length": 0}, "subject": {"text": "", "offset": 0, "length": 0}}], "arguments": {"time": [], "loc": [{"text": "\u5173\u5c9b\u5b89\u5fb7\u68ee\u57fa\u5730", "offset": 14, "length": 7}, {"text": "\u897f\u592a", "offset": 30, "length": 2}, {"text": "\u4e1c\u6d77\u4e0a\u7a7a", "offset": 45, "length": 4}], "country": [{"text": "\u7f8e", "offset": 9, "length": 1}], "weapon": [{"text": "\u6218\u7565\u8f70\u70b8\u673a", "offset": 22, "length": 5}]}}, {"sentence": "\u4ece\u5730\u7406\u4f4d\u7f6e\u4e0a\u770b\uff0c\u90e8\u7f72\u5728\u5173\u5c9b\u7684\u7f8e\u56fd\u519b\u673a\u5982\u679c\u8981\u524d\u5f80\u4e2d\u56fd\u5927\u9646\u5468\u8fb9\uff0c\u5c31\u5fc5\u987b\u5411\u897f\u5317\u65b9\u5411\u98de\u884c\uff0c\u800c\u53f0\u6e7e\u5c31\u5728\u8fd9\u4e00\u8def\u7ebf\u671d\u5411\u4e0a\u3002", "events": [{"trigger": {"text": "\u90e8\u7f72\u5728", "offset": 8, "length": 3}, "object": {"text": "", "offset": 0, "length": 0}, "subject": {"text": "", "offset": 0, "length": 0}}, {"trigger": {"text": "\u524d\u5f80", "offset": 21, "length": 2}, "object": {"text": "", "offset": 0, "length": 0}, "subject": {"text": "", "offset": 0, "length": 0}}, {"trigger": {"text": "\u98de\u884c", "offset": 38, "length": 2}, "object": {"text": "", "offset": 0, "length": 0}, "subject": {"text": "", "offset": 0, "length": 0}}], "arguments": {"time": [], "loc": [{"text": "\u5173\u5c9b", "offset": 11, "length": 2}], "country": [{"text": "\u7f8e\u56fd", "offset": 14, "length": 2}, {"text": "\u4e2d\u56fd", "offset": 23, "length": 2}, {"text": "\u53f0\u6e7e", "offset": 42, "length": 2}], "weapon": []}}, {"sentence": "\u53f0\u5a92\u523b\u610f\u5f3a\u8c03\u7f8e\u519b\u8f70\u70b8\u673a\u201c\u671d\u53f0\u6e7e\u98de\u201d\uff0c\u5c31\u662f\u5728\u7ed9\u81ea\u5df1\u5f3a\u884c\u201c\u52a0\u620f\u201d\u3002", "events": [], "arguments": {"time": [], "loc": [], "country": [{"text": "\u7f8e", "offset": 6, "length": 1}, {"text": "\u53f0\u6e7e", "offset": 13, "length": 2}], "weapon": [{"text": "\u8f70\u70b8\u673a", "offset": 8, "length": 3}]}}, {"sentence": "\u5bf9\u4e8e\u7f8e\u519b\u8fd1\u671f\u5728\u4e2d\u56fd\u5468\u8fb9\u6d3b\u52a8\u9891\u7e41\u7b49\u60c5\u51b5\uff0c\u4e2d\u56fd\u56fd\u9632\u90e8\u65b0\u95fb\u53d1\u8a00\u4eba\u5434\u8c26\u5927\u6821\u6b64\u524d\u5728\u4f8b\u884c\u8bb0\u8005\u4f1a\u4e0a\u56de\u5e94\u79f0\uff0c\u8fd1\u671f\uff0c\u7f8e\u65b9\u52a0\u5927\u5bf9\u534e\u6311\u8845\u65bd\u538b\u529b\u5ea6\uff0c\u5bf9\u6b64\u6211\u4eec\u7684\u6001\u5ea6\u6e05\u6670\u660e\u786e\uff1a\u4e00\u662f\u53cd\u5bf9\uff0c\u4e8c\u662f\u4e0d\u6015\u3002", "events": [{"trigger": {"text": "\u6311\u8845", "offset": 55, "length": 2}, "object": {"text": "", "offset": 0, "length": 0}, "subject": {"text": "", "offset": 0, "length": 0}}], "arguments": {"time": [], "loc": [{"text": "\u4e2d\u56fd\u5468\u8fb9", "offset": 7, "length": 4}], "country": [{"text": "\u4e2d\u56fd", "offset": 7, "length": 2}, {"text": "\u4e2d\u56fd", "offset": 19, "length": 2}, {"text": "\u7f8e\u65b9", "offset": 49, "length": 2}], "weapon": []}}, {"sentence": "\u7f8e\u65b9\u4e00\u4e9b\u653f\u5ba2\u5728\u5927\u9009\u524d\u4e3a\u4e86\u4e00\u5df1\u79c1\u5229\uff0c\u6781\u529b\u7834\u574f\u4e2d\u7f8e\u4e24\u56fd\u4e24\u519b\u5173\u7cfb\uff0c\u751a\u81f3\u5984\u56fe\u5236\u9020\u610f\u5916\u4e8b\u4ef6\u548c\u519b\u4e8b\u51b2\u7a81\uff0c\u8fd9\u79cd\u884c\u5f84\u7f6e\u53cc\u65b9\u4e00\u7ebf\u5b98\u5175\u751f\u547d\u5b89\u5371\u4e8e\u4e0d\u987e\uff0c\u7f6e\u4e24\u56fd\u4eba\u6c11\u6839\u672c\u5229\u76ca\u4e8e\u4e0d\u987e\uff0c\u7f6e\u4e16\u754c\u4eba\u6c11\u548c\u5e73\u8bc9\u6c42\u4e8e\u4e0d\u987e\uff0c\u662f\u6781\u4e0d\u5f97\u4eba\u5fc3\u7684\u3002", "events": [{"trigger": {"text": "\u5236\u9020", "offset": 34, "length": 2}, "object": {"text": "", "offset": 0, "length": 0}, "subject": {"text": "", "offset": 0, "length": 0}}], "arguments": {"time": [], "loc": [], "country": [{"text": "\u7f8e\u65b9", "offset": 0, "length": 2}, {"text": "\u4e2d", "offset": 21, "length": 1}, {"text": "\u7f8e", "offset": 22, "length": 1}], "weapon": []}}, {"sentence": "\u4e2d\u56fd\u519b\u961f\u5c06\u575a\u5b9a\u634d\u536b\u56fd\u5bb6\u4e3b\u6743\u3001\u5b89\u5168\u3001\u53d1\u5c55\u5229\u76ca\uff0c\u575a\u5b9a\u7ef4\u62a4\u4e16\u754c\u548c\u5730\u533a\u548c\u5e73\u7a33\u5b9a\u3002", "events": [], "arguments": {"time": [], "loc": [], "country": [{"text": "\u4e2d\u56fd", "offset": 0, "length": 2}], "weapon": []}}, {"sentence": "\u6211\u4eec\u5949\u529d\u7f8e\u65b9\u4e00\u4e9b\u653f\u5ba2\u8ba4\u6e05\u73b0\u5b9e\uff0c\u4fdd\u6301\u7406\u6027\uff0c\u505c\u6b62\u6311\u8845\uff0c\u63a8\u52a8\u4e24\u56fd\u4e24\u519b\u5173\u7cfb\u56de\u5230\u6b63\u786e\u7684\u8f68\u9053\u3002", "events": [{"trigger": {"text": "\u6311\u8845", "offset": 22, "length": 2}, "object": {"text": "", "offset": 0, "length": 0}, "subject": {"text": "", "offset": 0, "length": 0}}], "arguments": {"time": [], "loc": [], "country": [{"text": "\u7f8e\u65b9", "offset": 4, "length": 2}], "weapon": []}}]