[{"sentence": "\u745e\u5178\u5411\u514b\u7f57\u5730\u4e9a\u51fa\u552e12\u67b6\u201c\u9e70\u72ee\u201d\u6218\u6597\u673a\u00a0\u53d6\u4ee3\u8001\u65e7\u82cf\u5236\u7c73\u683c-21", "events": [{"trigger": {"text": "\u51fa\u552e", "offset": 7, "length": 2}, "subject": {"text": "\u745e\u5178", "offset": 0, "length": 2}, "object": {"text": "\u201c\u9e70\u72ee\u201d\u6218\u6597\u673a", "offset": 12, "length": 7}}, {"trigger": {"text": "\u53d6\u4ee3", "offset": 20, "length": 2}, "subject": {"text": "\u201c\u9e70\u72ee\u201d\u6218\u6597\u673a", "offset": 12, "length": 7}, "object": {"text": "\u8001\u65e7\u82cf\u5236\u7c73\u683c-21", "offset": 22, "length": 9}}], "arguments": {"time": [], "loc": [], "country": [{"text": "\u745e\u5178", "offset": 0, "length": 2}, {"text": "\u514b\u7f57\u5730\u4e9a", "offset": 3, "length": 4}], "weapon": [{"text": "\u201c\u9e70\u72ee\u201d\u6218\u6597\u673a", "offset": 12, "length": 7}, {"text": "\u7c73\u683c-21", "offset": 26, "length": 5}]}}, {"sentence": "\u3010\u73af\u7403\u7f51\u62a5\u9053 \u8bb0\u8005 \u9a6c\u5ca9\u3011", "events": [], "arguments": {"time": [], "loc": [], "country": [], "weapon": []}}, {"sentence": "\u636e\u300a\u7b80\u6c0f\u9632\u52a1\u5468\u520a\u300b\u7f51\u7ad99\u67089\u65e5\u62a5\u9053\uff0c\u745e\u5178\u5df2\u7ecf\u6b63\u5f0f\u51b3\u5b9a\u5411\u514b\u7f57\u5730\u4e9a\u51fa\u552e12\u67b6\u201c\u9e70\u72ee\u201dC/D\u6218\u6597\u673a\uff0c\u4ee5\u53d6\u4ee3\u8be5\u56fd\u8001\u65e7\u7684\u82cf\u5236\u7c73\u683c-21\u6218\u6597\u673a\u3002", "events": [{"trigger": {"text": "\u51fa\u552e", "offset": 31, "length": 2}, "subject": {"text": "\u745e\u5178", "offset": 18, "length": 2}, "object": {"text": "12\u67b6\u201c\u9e70\u72ee\u201dC/D\u6218\u6597\u673a", "offset": 33, "length": 13}}, {"trigger": {"text": "\u53d6\u4ee3", "offset": 48, "length": 2}, "object": {"text": "", "offset": 0, "length": 0}, "subject": {"text": "", "offset": 0, "length": 0}}], "arguments": {"time": [{"text": "9\u67089\u65e5", "offset": 11, "length": 4}], "loc": [], "country": [{"text": "\u745e\u5178", "offset": 18, "length": 2}, {"text": "\u514b\u7f57\u5730\u4e9a", "offset": 27, "length": 4}], "weapon": [{"text": "\u201c\u9e70\u72ee\u201dC/D\u6218\u6597\u673a", "offset": 36, "length": 10}, {"text": "\u7c73\u683c-21\u6218\u6597\u673a", "offset": 57, "length": 8}]}}, {"sentence": "\u745e\u5178\u8428\u535a\u516c\u53f89\u67089\u65e5\u5ba3\u5e03\u4e86\u4e00\u9879\u653f\u5e9c\u95f4\u7684\u5408\u4f5c\u8ba1\u5212\uff0c\u8be5\u8ba1\u5212\u8fd8\u5305\u62ec\u201c\u91cf\u8eab\u5b9a\u5236\u7684\u6218\u7565\u5408\u4f5c\u8ba1\u5212\u201d\uff0c\u65e8\u5728\u63a8\u52a8\u514b\u7f57\u5730\u4e9a\u7684\u56fd\u9632\u5de5\u4e1a\u548c\u56fd\u5bb6\u5b89\u5168\u3002", "events": [], "arguments": {"time": [{"text": "9\u67089\u65e5", "offset": 6, "length": 4}], "loc": [], "country": [{"text": "\u745e\u5178", "offset": 0, "length": 2}, {"text": "\u514b\u7f57\u5730\u4e9a", "offset": 48, "length": 4}], "weapon": []}}, {"sentence": "\u636e\u6089\uff0c\u8428\u535a\u516c\u53f8\u5c06\u5411\u514b\u7f57\u5730\u4e9a\u8f6c\u8ba9\u201c\u9e70\u72ee\u201d\u7684\u751f\u4ea7\u6280\u672f\uff0c\u5e76\u5728\u5f53\u5730\u5efa\u7acb\u4e00\u4e2a\u5730\u533a\u822a\u7a7a\u652f\u6301\u670d\u52a1\u4e2d\u5fc3\uff0c\u8fd9\u5c06\u53d1\u5c55\u4e0e\u514b\u7f57\u5730\u4e9a\u56fd\u9632\u5de5\u4e1a\u548c\u5b66\u672f\u90e8\u95e8\u7684\u957f\u671f\u5408\u4f5c\uff0c\u521b\u9020\u5927\u7ea6500\u4e2a\u9ad8\u79d1\u6280\u5de5\u4f5c\u5c97\u4f4d\u3002", "events": [{"trigger": {"text": "\u8f6c\u8ba9", "offset": 13, "length": 2}, "subject": {"text": "\u8428\u535a\u516c\u53f8", "offset": 3, "length": 4}, "object": {"text": "\u201c\u9e70\u72ee\u201d\u7684\u751f\u4ea7\u6280\u672f", "offset": 15, "length": 9}}], "arguments": {"time": [], "loc": [], "country": [{"text": "\u514b\u7f57\u5730\u4e9a", "offset": 49, "length": 4}, {"text": "\u514b\u7f57\u5730\u4e9a", "offset": 9, "length": 4}], "weapon": [{"text": "\u201c\u9e70\u72ee\u201d", "offset": 15, "length": 4}]}}, {"sentence": "\u514b\u7f57\u5730\u4e9a\u7a7a\u519b\u6025\u9700\u53d6\u4ee3\u8001\u65e7\u768412\u67b6\u7c73\u683c-21\u6218\u6597\u673a\uff0c\u5c3d\u7ba1\u8fd9\u4e9b\u6218\u6597\u673a\u57282003\u81f32004\u5e74\u5728\u7f57\u9a6c\u5c3c\u4e9a\u8fdb\u884c\u4e86\u5927\u4fee\uff0c\u5e76\u57282013\u81f32015\u5e74\u5728\u4e4c\u514b\u5170\u8fdb\u884c\u4e86\u5c0f\u89c4\u6a21\u5347\u7ea7\uff0c\u4f46\u76ee\u524d\u4ec5\u67093\u81f36\u67b6\u4ecd\u53ef\u4ee5\u4f7f\u7528\u3002", "events": [{"trigger": {"text": "\u53d6\u4ee3", "offset": 8, "length": 2}, "subject": {"text": "\u514b\u7f57\u5730\u4e9a\u7a7a\u519b", "offset": 0, "length": 6}, "object": {"text": "\u8001\u65e7\u768412\u67b6\u7c73\u683c-21\u6218\u6597\u673a", "offset": 10, "length": 14}}, {"trigger": {"text": "\u5347\u7ea7", "offset": 76, "length": 2}, "object": {"text": "", "offset": 0, "length": 0}, "subject": {"text": "", "offset": 0, "length": 0}}], "arguments": {"time": [{"text": "2003\u81f32004\u5e74", "offset": 33, "length": 10}, {"text": "2013\u81f32015\u5e74", "offset": 56, "length": 10}], "loc": [], "country": [{"text": "\u514b\u7f57\u5730\u4e9a", "offset": 0, "length": 4}, {"text": "\u7f57\u9a6c\u5c3c\u4e9a", "offset": 44, "length": 4}, {"text": "\u4e4c\u514b\u5170", "offset": 67, "length": 3}], "weapon": [{"text": "\u7c73\u683c-21\u6218\u6597\u673a", "offset": 16, "length": 8}]}}, {"sentence": "\u514b\u7f57\u5730\u4e9a\u6b64\u524d\u66fe\u9009\u62e9\u8d2d\u4e70\u4ee5\u8272\u5217\u4e8c\u624b\u7684F-16 C/D\u6218\u6597\u673a\uff0c\u4f46\u7531\u4e8e\u7f8e\u56fd\u4e0d\u5141\u8bb8\u4ee5\u8272\u5217\u5411\u7b2c\u4e09\u65b9\u8f6c\u8ba9\u6218\u673a\u4e0a\u7684\u67d0\u4e9b\u5173\u952e\u8bbe\u5907\uff0c\u8fd9\u4e2a\u8ba1\u5212\u88ab\u8feb\u53d6\u6d88\u3002", "events": [{"trigger": {"text": "\u8d2d\u4e70", "offset": 9, "length": 2}, "subject": {"text": "\u514b\u7f57\u5730\u4e9a", "offset": 0, "length": 4}, "object": {"text": "\u4ee5\u8272\u5217\u4e8c\u624b\u7684F-16 C/D\u6218\u6597\u673a", "offset": 11, "length": 17}}, {"trigger": {"text": "\u53d6\u6d88", "offset": 63, "length": 2}, "subject": {"text": "\u8d2d\u4e70\u4ee5\u8272\u5217\u4e8c\u624b\u7684F-16 C/D\u6218\u6597\u673a", "offset": 9, "length": 19}, "object": {"text": "", "offset": 0, "length": 0}}], "arguments": {"time": [], "loc": [], "country": [{"text": "\u514b\u7f57\u5730\u4e9a", "offset": 0, "length": 4}, {"text": "\u7f8e\u56fd", "offset": 32, "length": 2}, {"text": "\u4ee5\u8272\u5217", "offset": 37, "length": 3}, {"text": "\u4ee5\u8272\u5217", "offset": 11, "length": 3}], "weapon": [{"text": "F-16 C/D\u6218\u6597\u673a", "offset": 17, "length": 11}]}}, {"sentence": "\uff08\u5b8c\uff09", "events": [], "arguments": {"time": [], "loc": [], "country": [], "weapon": []}}, {"sentence": "\uff08\u5b8c\uff09", "events": [], "arguments": {"time": [], "loc": [], "country": [], "weapon": []}}]