[{"sentence": "\u4fc4\u6218\u673a\u5728\u9ed1\u6d77\u4e0a\u7a7a\u62e6\u622a\u7f8e\u519b\u4fa6\u5bdf\u673a", "events": [{"trigger": {"text": "\u62e6\u622a", "offset": 8, "length": 2}, "subject": {"text": "\u4fc4\u6218\u673a\u5728", "offset": 0, "length": 4}, "object": {"text": "\u7f8e\u519b\u4fa6\u5bdf\u673a", "offset": 10, "length": 5}}], "arguments": {"time": [], "loc": [{"text": "\u9ed1\u6d77", "offset": 4, "length": 2}, {"text": "\u9ed1\u6d77\u4e0a\u7a7a", "offset": 4, "length": 4}], "country": [{"text": "\u4fc4", "offset": 0, "length": 1}, {"text": "\u7f8e", "offset": 10, "length": 1}], "weapon": [{"text": "\u4fc4\u6218\u673a", "offset": 0, "length": 3}, {"text": "\u7f8e\u519b\u4fa6\u5bdf\u673a", "offset": 10, "length": 5}]}}, {"sentence": "\u4fc4\u6218\u673a\u5728\u9ed1\u6d77\u4e0a\u7a7a\u62e6\u622a\u7f8e\u519b\u4fa6\u5bdf\u673a", "events": [{"trigger": {"text": "\u62e6\u622a", "offset": 8, "length": 2}, "subject": {"text": "\u4fc4\u6218\u673a", "offset": 0, "length": 3}, "object": {"text": "\u7f8e\u519b\u4fa6\u5bdf\u673a", "offset": 10, "length": 5}}], "arguments": {"time": [], "loc": [{"text": "\u9ed1\u6d77\u4e0a\u7a7a", "offset": 4, "length": 4}], "country": [{"text": "\u4fc4", "offset": 0, "length": 1}, {"text": "\u7f8e", "offset": 10, "length": 1}], "weapon": [{"text": "\u4fc4\u6218\u673a", "offset": 0, "length": 3}, {"text": "\u7f8e\u519b\u4fa6\u5bdf\u673a", "offset": 10, "length": 5}]}}, {"sentence": "\u65b0\u534e\u793e\u83ab\u65af\u79d19\u67089\u65e5\u7535(\u8bb0\u8005\u5434\u521a)\u4fc4\u7f57\u65af\u56fd\u9632\u90e8\u56fd\u5bb6\u56fd\u9632\u7ba1\u7406\u4e2d\u5fc39\u65e5\u53d1\u8868\u516c\u62a5\u8bf4\uff0c\u4fc4\u6218\u673a\u5f53\u5929\u5728\u9ed1\u6d77\u6c34\u57df\u4e0a\u7a7a\u5bf9\u8bd5\u56fe\u62b5\u8fd1\u4fc4\u8fb9\u754c\u7684\u7f8e\u519b\u4fa6\u5bdf\u673a\u8fdb\u884c\u4e86\u62e6\u622a\u3002", "events": [{"trigger": {"text": "\u62e6\u622a", "offset": 68, "length": 2}, "subject": {"text": "\u4fc4\u6218\u673a", "offset": 39, "length": 3}, "object": {"text": "\u7f8e\u519b\u4fa6\u5bdf\u673a", "offset": 60, "length": 5}}, {"trigger": {"text": "\u62b5\u8fd1", "offset": 54, "length": 2}, "object": {"text": "", "offset": 0, "length": 0}, "subject": {"text": "", "offset": 0, "length": 0}}], "arguments": {"time": [{"text": "9\u65e5", "offset": 31, "length": 2}], "loc": [{"text": "\u9ed1\u6d77\u6c34\u57df\u4e0a\u7a7a", "offset": 45, "length": 6}, {"text": "\u83ab\u65af\u79d1", "offset": 3, "length": 3}, {"text": "\u4fc4\u7f57\u65af\u56fd\u9632\u90e8", "offset": 17, "length": 6}, {"text": "\u4fc4\u8fb9\u754c", "offset": 56, "length": 3}], "country": [{"text": "\u4fc4\u7f57\u65af", "offset": 17, "length": 3}, {"text": "\u7f8e", "offset": 60, "length": 1}], "weapon": [{"text": "\u4fc4\u6218\u673a", "offset": 39, "length": 3}, {"text": "\u7f8e\u519b\u4fa6\u5bdf\u673a", "offset": 60, "length": 5}]}}, {"sentence": "\u516c\u62a5\u8bf4\uff0c\u4fc4\u9632\u7a7a\u529b\u91cf\u5f53\u5929\u901a\u8fc7\u96f7\u8fbe\u5728\u9ed1\u6d77\u6c34\u57df\u4e0a\u7a7a\u76d1\u6d4b\u5230\u4e00\u67b6\u8bd5\u56fe\u62b5\u8fd1\u4fc4\u8fb9\u754c\u7684\u7f8e\u519bRC-135\u4fa6\u5bdf\u673a\uff0c\u968f\u540e\u6d3e\u51fa\u4e00\u67b6\u82cf-27\u6218\u673a\u5b9e\u65bd\u62e6\u622a\u3002", "events": [{"trigger": {"text": "\u62e6\u622a", "offset": 61, "length": 2}, "subject": {"text": "\u82cf-27\u6218\u673a", "offset": 53, "length": 6}, "object": {"text": "\u7f8e\u519bRC-135\u4fa6\u5bdf\u673a", "offset": 35, "length": 11}}, {"trigger": {"text": "\u62b5\u8fd1", "offset": 29, "length": 2}, "object": {"text": "", "offset": 0, "length": 0}, "subject": {"text": "", "offset": 0, "length": 0}}, {"trigger": {"text": "\u6d3e\u51fa", "offset": 49, "length": 2}, "object": {"text": "", "offset": 0, "length": 0}, "subject": {"text": "", "offset": 0, "length": 0}}], "arguments": {"time": [], "loc": [{"text": "\u9ed1\u6d77\u6c34\u57df\u4e0a\u7a7a", "offset": 16, "length": 6}, {"text": "\u4fc4\u8fb9\u754c", "offset": 31, "length": 3}], "country": [{"text": "\u4fc4", "offset": 31, "length": 1}, {"text": "\u7f8e", "offset": 35, "length": 1}], "weapon": [{"text": "RC-135\u4fa6\u5bdf\u673a", "offset": 37, "length": 9}, {"text": "\u82cf-27\u6218\u673a", "offset": 53, "length": 6}]}}, {"sentence": "\u4fc4\u6218\u673a\u5bf9\u7f8e\u519b\u4fa6\u5bdf\u673a\u8fdb\u884c\u4e86\u4f34\u98de\uff0c\u672a\u4f7f\u5176\u8fdb\u5165\u4fc4\u9886\u7a7a\u3002", "events": [{"trigger": {"text": "\u4f34\u98de", "offset": 12, "length": 2}, "object": {"text": "", "offset": 0, "length": 0}, "subject": {"text": "", "offset": 0, "length": 0}}, {"trigger": {"text": "\u8fdb\u5165", "offset": 18, "length": 2}, "object": {"text": "", "offset": 0, "length": 0}, "subject": {"text": "", "offset": 0, "length": 0}}], "arguments": {"time": [], "loc": [], "country": [{"text": "\u4fc4", "offset": 20, "length": 1}, {"text": "\u7f8e", "offset": 4, "length": 1}, {"text": "\u4fc4", "offset": 0, "length": 1}], "weapon": [{"text": "\u4fc4\u6218\u673a", "offset": 0, "length": 3}, {"text": "\u7f8e\u519b\u4fa6\u5bdf\u673a", "offset": 4, "length": 5}]}}, {"sentence": "\u516c\u62a5\u8bf4\uff0c\u5728\u7f8e\u519b\u4fa6\u5bdf\u673a\u8c03\u8f6c\u65b9\u5411\u8fdc\u79bb\u4fc4\u8fb9\u754c\u540e\uff0c\u4fc4\u6218\u673a\u5b89\u5168\u8fd4\u56de\u57fa\u5730\u3002", "events": [{"trigger": {"text": "\u8fd4\u56de", "offset": 26, "length": 2}, "object": {"text": "", "offset": 0, "length": 0}, "subject": {"text": "", "offset": 0, "length": 0}}], "arguments": {"time": [], "loc": [{"text": "\u4fc4\u8fb9\u754c", "offset": 16, "length": 3}], "country": [{"text": "\u7f8e", "offset": 5, "length": 1}, {"text": "\u4fc4", "offset": 21, "length": 1}], "weapon": [{"text": "\u7f8e\u519b\u4fa6\u5bdf\u673a", "offset": 5, "length": 5}, {"text": "\u4fc4\u6218\u673a", "offset": 21, "length": 3}]}}, {"sentence": "\u4ee5\u7f8e\u56fd\u4e3a\u9996\u7684\u5317\u7ea6\u98de\u673a\u7ecf\u5e38\u62b5\u8fd1\u4fc4\u8fb9\u754c\u8fdb\u884c\u4fa6\u5bdf\u6d3b\u52a8\uff0c\u4fc4\u7f57\u65af\u4e00\u76f4\u5bf9\u6b64\u575a\u51b3\u53cd\u5bf9\u3002", "events": [{"trigger": {"text": "\u4fa6\u5bdf", "offset": 19, "length": 2}, "object": {"text": "", "offset": 0, "length": 0}, "subject": {"text": "", "offset": 0, "length": 0}}], "arguments": {"time": [], "loc": [{"text": "\u4fc4\u8fb9\u754c", "offset": 14, "length": 3}], "country": [{"text": "\u7f8e\u56fd", "offset": 1, "length": 2}, {"text": "\u4fc4\u7f57\u65af", "offset": 24, "length": 3}, {"text": "\u5317\u7ea6", "offset": 6, "length": 2}], "weapon": []}}]