[{"sentence": "\u7f8e\u56fd\u4fa6\u5bdf\u673a9\u65e5\u5230\u8fbe\u9ec4\u6d77\u7a7a\u57df\u5b9e\u65bd\u4fa6\u5bdf\uff0c\u53c8\u7528\u8fd9\u4e9b\u201c\u82b1\u62db\u201d", "events": [{"trigger": {"text": "\u4fa6\u5bdf", "offset": 15, "length": 2}, "subject": {"text": "\u7f8e\u56fd\u4fa6\u5bdf\u673a", "offset": 0, "length": 5}, "object": {"text": "\u9ec4\u6d77\u7a7a\u57df", "offset": 9, "length": 4}}], "arguments": {"time": [{"text": "9\u65e5", "offset": 5, "length": 2}], "loc": [{"text": "\u9ec4\u6d77\u7a7a\u57df", "offset": 9, "length": 4}], "country": [{"text": "\u7f8e\u56fd", "offset": 0, "length": 2}], "weapon": [{"text": "\u7f8e\u56fd\u4fa6\u5bdf\u673a", "offset": 0, "length": 5}]}}, {"sentence": "\u3010\u73af\u7403\u65f6\u62a5\u8bb0\u8005 \u5f20\u6770\u3011", "events": [], "arguments": {"time": [], "loc": [], "country": [], "weapon": []}}, {"sentence": "\u201c\u5357\u6d77\u6218\u7565\u6001\u52bf\u611f\u77e5\u201d\u5b98\u65b9\u5fae\u535a9\u65e5\u53d1\u5e03\u6d88\u606f\u79f0\uff0c1\u67b6\u7f8e\u56fd\u4fa6\u5bdf\u673a\u5f53\u5929\u5230\u9ec4\u6d77\u7a7a\u57df\u5b9e\u65bd\u4fa6\u5bdf\uff0c\u5176\u95f4\u7591\u4f3c\u4f7f\u7528\u865a\u5047\u7535\u7801\u3002", "events": [{"trigger": {"text": "\u5b9e\u65bd\u4fa6\u5bdf", "offset": 36, "length": 4}, "subject": {"text": "1\u67b6\u7f8e\u56fd\u4fa6\u5bdf\u673a", "offset": 22, "length": 7}, "object": {"text": "\u9ec4\u6d77\u7a7a", "offset": 32, "length": 3}}, {"trigger": {"text": "\u4fa6\u5bdf", "offset": 38, "length": 2}, "object": {"text": "", "offset": 0, "length": 0}, "subject": {"text": "", "offset": 0, "length": 0}}], "arguments": {"time": [{"text": "9\u65e5", "offset": 14, "length": 2}], "loc": [{"text": "\u9ec4\u6d77\u7a7a\u57df", "offset": 32, "length": 4}, {"text": "\u5357\u6d77", "offset": 1, "length": 2}], "country": [{"text": "\u7f8e\u56fd", "offset": 24, "length": 2}], "weapon": [{"text": "\u7f8e\u56fd\u4fa6\u5bdf\u673a", "offset": 24, "length": 5}]}}, {"sentence": "\u800c\u8fd9\u662f\u8fd1\u671f\u8bb0\u5f55\u5230\u7684\u7f8e\u56fd\u519b\u673a\u7b2c\u4e09\u6b21\u4f7f\u7528\u865a\u5047\u7535\u7801\u5bf9\u4e2d\u56fd\u8fdb\u884c\u4fa6\u5bdf\u3002", "events": [{"trigger": {"text": "\u4fa6\u5bdf", "offset": 27, "length": 2}, "object": {"text": "", "offset": 0, "length": 0}, "subject": {"text": "", "offset": 0, "length": 0}}], "arguments": {"time": [], "loc": [], "country": [{"text": "\u7f8e\u56fd", "offset": 9, "length": 2}, {"text": "\u4e2d\u56fd", "offset": 23, "length": 2}], "weapon": []}}, {"sentence": "\u5b9e\u9645\u4e0a\uff0c\u7f8e\u56fd\u519b\u673a\u5728\u5bf9\u5404\u56fd\u76ee\u6807\u5b9e\u65bd\u4fa6\u5bdf\u8fc7\u7a0b\u4e2d\uff0c\u7ecf\u5e38\u201c\u800d\u82b1\u62db\u201d\uff0c\u641e\u4e00\u4e9b\u5371\u9669\u52a8\u4f5c\u3002", "events": [{"trigger": {"text": "\u4fa6\u5bdf", "offset": 16, "length": 2}, "object": {"text": "", "offset": 0, "length": 0}, "subject": {"text": "", "offset": 0, "length": 0}}], "arguments": {"time": [], "loc": [], "country": [{"text": "\u7f8e\u56fd", "offset": 4, "length": 2}], "weapon": []}}, {"sentence": "\u8fd9\u5bf9\u53cd\u4fa6\u5bdf\u4ee5\u53ca\u62e6\u622a\u884c\u52a8\u63d0\u51fa\u4e86\u66f4\u9ad8\u8981\u6c42\u3002", "events": [{"trigger": {"text": "\u4fa6\u5bdf", "offset": 3, "length": 2}, "object": {"text": "", "offset": 0, "length": 0}, "subject": {"text": "", "offset": 0, "length": 0}}, {"trigger": {"text": "\u62e6\u622a", "offset": 7, "length": 2}, "object": {"text": "", "offset": 0, "length": 0}, "subject": {"text": "", "offset": 0, "length": 0}}], "arguments": {"time": [], "loc": [], "country": [], "weapon": []}}, {"sentence": "\u7f8e\u673a\u4fa6\u5bdf\u9891\u800d\u82b1\u62db", "events": [{"trigger": {"text": "\u4fa6\u5bdf", "offset": 2, "length": 2}, "object": {"text": "", "offset": 0, "length": 0}, "subject": {"text": "", "offset": 0, "length": 0}}], "arguments": {"time": [], "loc": [], "country": [{"text": "\u7f8e", "offset": 0, "length": 1}], "weapon": []}}, {"sentence": "\u636e\u201c\u5357\u6d77\u6218\u7565\u6001\u52bf\u611f\u77e5\u201d\u62a5\u9053\uff0c9\u65e53\u65f6\uff0c\u7f8e\u519b1\u67b6RC-135S\u5bfc\u5f39\u76d1\u89c6\u673a\u4ece\u51b2\u7ef3\u5609\u624b\u7eb3\u5411\u5317\u8d77\u98de\u540e\u4fe1\u53f7\u6d88\u5931\u3002", "events": [{"trigger": {"text": "\u8d77\u98de", "offset": 43, "length": 2}, "subject": {"text": "\u7f8e\u519b1\u67b6RC-135S\u5bfc\u5f39\u76d1\u89c6\u673a", "offset": 19, "length": 16}, "object": {"text": "\u4fe1\u53f7\u6d88\u5931", "offset": 46, "length": 4}}], "arguments": {"time": [{"text": "9\u65e53\u65f6", "offset": 14, "length": 4}], "loc": [{"text": "\u51b2\u7ef3\u5609\u624b\u7eb3", "offset": 36, "length": 5}, {"text": "\u5357\u6d77", "offset": 2, "length": 2}], "country": [{"text": "\u7f8e", "offset": 19, "length": 1}], "weapon": [{"text": "RC-135S\u5bfc\u5f39\u76d1\u89c6\u673a", "offset": 23, "length": 12}]}}, {"sentence": "\u968f\u540e1\u67b6\u56fd\u7c4d\u663e\u793a\u4e3a\u201c\u9a6c\u6765\u897f\u4e9a\u201d\u7684\u98de\u673a\uff08752B29\uff09\u8fdb\u5165\u9ec4\u6d77\u7a7a\u57df\uff0c\u5e76\u4ece\u51cc\u66685\u65f6\u8bb8\u8d77\u6301\u7eed\u76d8\u65cb\u81f3\u4e0a\u534811\u65f6\u65b9\u624d\u79bb\u5f00\uff0c\u5176\u95f4\u6700\u8fd1\u65f6\u8ddd\u79bb\u5c71\u4e1c\u9886\u6d77\u57fa\u7ebf\u7ea656\u6d77\u91cc\u3002", "events": [{"trigger": {"text": "\u8fdb\u5165", "offset": 26, "length": 2}, "subject": {"text": "", "offset": 0, "length": 0}, "object": {"text": "\u9ec4\u6d77\u7a7a\u57df", "offset": 28, "length": 4}}], "arguments": {"time": [{"text": "\u4e0a\u534811\u65f6", "offset": 46, "length": 5}], "loc": [{"text": "\u5c71\u4e1c\u9886\u6d77\u57fa\u7ebf", "offset": 63, "length": 6}, {"text": "\u9ec4\u6d77\u7a7a\u57df", "offset": 28, "length": 4}], "country": [{"text": "\u9a6c\u6765\u897f\u4e9a", "offset": 10, "length": 4}], "weapon": [{"text": "\u98de\u673a\uff08752B29\uff09", "offset": 16, "length": 10}]}}, {"sentence": "\u201c\u5357\u6d77\u6218\u7565\u6001\u52bf\u611f\u77e5\u201d\u63a8\u6d4b\u662fRC-135S\u6302\u865a\u5047\u7535\u7801\u76d1\u89c6\u89e3\u653e\u519b\u6e24\u6d77\u519b\u6f14\uff0c\u6536\u96c6\u5f39\u9053\u5bfc\u5f39\u4fe1\u53f7\u7279\u5f81\u3002", "events": [{"trigger": {"text": "\u76d1\u89c6", "offset": 25, "length": 2}, "subject": {"text": "RC-135S\u6302\u865a\u5047\u7535\u7801", "offset": 13, "length": 12}, "object": {"text": "\u89e3\u653e\u519b\u6e24\u6d77\u519b\u6f14", "offset": 27, "length": 7}}, {"trigger": {"text": "\u519b\u6f14", "offset": 32, "length": 2}, "object": {"text": "", "offset": 0, "length": 0}, "subject": {"text": "", "offset": 0, "length": 0}}], "arguments": {"time": [], "loc": [{"text": "\u5357\u6d77", "offset": 1, "length": 2}, {"text": "\u6e24\u6d77", "offset": 30, "length": 2}], "country": [], "weapon": [{"text": "RC-135S", "offset": 13, "length": 7}]}}, {"sentence": "\u201c\u5357\u6d77\u6218\u7565\u6001\u52bf\u611f\u77e5\u201d\u79f0\uff0c\u8fd9\u662f\u8fd1\u671f\u8bb0\u5f55\u5230\u7b2c\u4e09\u6b21\u7f8e\u519b\u4f7f\u7528\u865a\u5047\u7535\u7801\u5bf9\u4e2d\u56fd\u8fdb\u884c\u4fa6\u5bdf\u7684\u6848\u4f8b\u3002", "events": [{"trigger": {"text": "\u4fa6\u5bdf", "offset": 35, "length": 2}, "object": {"text": "", "offset": 0, "length": 0}, "subject": {"text": "", "offset": 0, "length": 0}}], "arguments": {"time": [], "loc": [{"text": "\u5357\u6d77", "offset": 1, "length": 2}], "country": [{"text": "\u7f8e", "offset": 22, "length": 1}, {"text": "\u4e2d\u56fd", "offset": 31, "length": 2}], "weapon": []}}, {"sentence": "\u5b9e\u9645\u4e0a\uff0c\u8fd9\u79cd\u82b1\u62db\u53ea\u7b97\u662f\u201c\u5c0f\u806a\u660e\u201d\u3002", "events": [], "arguments": {"time": [], "loc": [], "country": [], "weapon": []}}, {"sentence": "\u8fd9\u79cd\u5c0f\u82b1\u62db\u867d\u7136\u4f1a\u5728\u4e00\u5b9a\u7a0b\u5ea6\u4e0a\u6270\u4e71\u7a7a\u7ba1\u7cfb\u7edf\uff0c\u5371\u53ca\u6c11\u822a\u98de\u673a\u5b89\u5168\uff0c\u4f46\u5b83\u65e0\u6cd5\u9a97\u8fc7\u5927\u56fd\u7684\u9884\u8b66\u63a2\u6d4b\u7cfb\u7edf\u3002", "events": [], "arguments": {"time": [], "loc": [], "country": [], "weapon": []}}, {"sentence": "\u56e0\u4e3a\u822a\u7ba1\u96f7\u8fbe\u7684\u4e8c\u6b21\u4fe1\u53f7\u53ea\u662f\u8f85\u52a9\u624b\u6bb5\uff0c\u519b\u65b9\u5bf9\u76ee\u6807\u7684\u63a2\u6d4b\u4e3b\u8981\u4f7f\u7528\u9632\u7a7a\u9884\u8b66\u7cfb\u7edf\u4f7f\u7528\u7684\u96f7\u8fbe\u3002", "events": [], "arguments": {"time": [], "loc": [], "country": [], "weapon": [{"text": "\u822a\u7ba1\u96f7\u8fbe", "offset": 2, "length": 4}, {"text": "\u9632\u7a7a\u9884\u8b66\u7cfb\u7edf", "offset": 30, "length": 6}, {"text": "\u96f7\u8fbe", "offset": 39, "length": 2}]}}, {"sentence": "\u7f8e\u56fd\u519b\u673a\u8fdb\u884c\u62b5\u8fd1\u4fa6\u5bdf\u65f6\u53ef\u80fd\u4f1a\u8d8a\u6765\u8d8a\u591a\u5730\u800d\u82b1\u62db\u3002", "events": [{"trigger": {"text": "\u62b5\u8fd1\u4fa6\u5bdf", "offset": 6, "length": 4}, "object": {"text": "", "offset": 0, "length": 0}, "subject": {"text": "", "offset": 0, "length": 0}}], "arguments": {"time": [], "loc": [], "country": [{"text": "\u7f8e\u56fd", "offset": 0, "length": 2}], "weapon": []}}, {"sentence": "\u4ee5\u524d\u7535\u5b50\u4fa6\u5bdf\u673a\uff0c\u901a\u8fc7\u5e38\u89c4\u98de\u884c\u5c31\u80fd\u6536\u96c6\u4e0d\u5c11\u4fe1\u606f\u3002", "events": [{"trigger": {"text": "\u98de\u884c", "offset": 12, "length": 2}, "object": {"text": "", "offset": 0, "length": 0}, "subject": {"text": "", "offset": 0, "length": 0}}], "arguments": {"time": [], "loc": [], "country": [], "weapon": [{"text": "\u7535\u5b50\u4fa6\u5bdf\u673a", "offset": 2, "length": 5}]}}, {"sentence": "\u56e0\u4e3a\u7f8e\u56fd\u7684\u5bf9\u624b\u7535\u5b50\u7cfb\u7edf\u6280\u672f\u6c34\u5e73\u76f8\u5bf9\u8f83\u5dee\u3002", "events": [], "arguments": {"time": [], "loc": [], "country": [{"text": "\u7f8e\u56fd", "offset": 2, "length": 2}], "weapon": []}}, {"sentence": "\u6bd4\u5982\u96f7\u8fbe\u5de5\u4f5c\u6a21\u5f0f\u5355\u4e00\u3001\u9891\u5e26\u5f88\u7a84\u3001\u9891\u7387\u70b9\u6709\u9650\uff0c\u800c\u4e14\u5f88\u591a\u96f7\u8fbe\u4f53\u79ef\u6bd4\u8f83\u5927\uff0c\u901a\u5e38\u56fa\u5b9a\u90e8\u7f72\uff0c\u51e0\u6b21\u4fa6\u5bdf\u5c31\u5c3d\u6536\u773c\u5e95\u3002", "events": [{"trigger": {"text": "\u90e8\u7f72", "offset": 38, "length": 2}, "object": {"text": "", "offset": 0, "length": 0}, "subject": {"text": "", "offset": 0, "length": 0}}, {"trigger": {"text": "\u4fa6\u5bdf", "offset": 43, "length": 2}, "object": {"text": "", "offset": 0, "length": 0}, "subject": {"text": "", "offset": 0, "length": 0}}], "arguments": {"time": [], "loc": [], "country": [], "weapon": [{"text": "\u96f7\u8fbe", "offset": 2, "length": 2}, {"text": "\u96f7\u8fbe", "offset": 26, "length": 2}]}}, {"sentence": "\u800c\u968f\u7740\u7535\u5b50\u6280\u672f\u4e0d\u65ad\u8fdb\u6b65\uff0c\u96f7\u8fbe\u7cfb\u7edf\u7684\u5de5\u4f5c\u6a21\u5f0f\u8d8a\u6765\u8d8a\u591a\uff0c\u5de5\u4f5c\u5e26\u5bbd\u4e5f\u8d8a\u6765\u8d8a\u5bbd\uff0c\u4fa6\u5bdf\u673a\u6309\u7167\u5e38\u89c4\u5957\u8def\u4fa6\u5bdf\uff0c\u80fd\u83b7\u5f97\u7684\u6709\u6548\u4fe1\u606f\u8d8a\u6765\u8d8a\u5c11\u3002", "events": [{"trigger": {"text": "\u4fa6\u5bdf", "offset": 45, "length": 2}, "object": {"text": "", "offset": 0, "length": 0}, "subject": {"text": "", "offset": 0, "length": 0}}], "arguments": {"time": [], "loc": [], "country": [], "weapon": [{"text": "\u4fa6\u5bdf\u673a", "offset": 36, "length": 3}]}}, {"sentence": "\u56e0\u4e3a\u8fd9\u4e9b\u96f7\u8fbe\u5728\u6218\u65f6\u53ef\u80fd\u6709\u5b8c\u5168\u4e0d\u540c\u7684\u5de5\u4f5c\u6a21\u5f0f\u3001\u9891\u7387\u70b9\u4ee5\u53ca\u90e8\u7f72\u5730\u70b9\u3002", "events": [{"trigger": {"text": "\u90e8\u7f72", "offset": 27, "length": 2}, "object": {"text": "", "offset": 0, "length": 0}, "subject": {"text": "", "offset": 0, "length": 0}}], "arguments": {"time": [], "loc": [], "country": [], "weapon": [{"text": "\u96f7\u8fbe", "offset": 4, "length": 2}]}}, {"sentence": "\u4e3a\u4e86\u89e6\u52a8\u9632\u5fa1\u7cfb\u7edf\u66f4\u591a\u7684\u5de5\u4f5c\u6a21\u5f0f\uff0c\u7f8e\u56fd\u519b\u673a\u53ef\u80fd\u4f1a\u7a81\u7136\u5b9e\u65bd\u7535\u5b50\u5e72\u6270\uff0c\u8feb\u4f7f\u5bf9\u65b9\u9632\u7a7a\u7cfb\u7edf\u542f\u52a8\u65b0\u96f7\u8fbe\u6216\u96f7\u8fbe\u7684\u4f5c\u6218\u6a21\u5f0f\u3001\u6297\u5e72\u6270\u6a21\u5f0f\uff0c\u8fdb\u4e00\u6b65\u5b9e\u65bd\u4fa6\u5bdf\u3002", "events": [{"trigger": {"text": "\u4fa6\u5bdf", "offset": 65, "length": 2}, "object": {"text": "", "offset": 0, "length": 0}, "subject": {"text": "", "offset": 0, "length": 0}}], "arguments": {"time": [], "loc": [], "country": [{"text": "\u7f8e\u56fd", "offset": 16, "length": 2}], "weapon": [{"text": "\u96f7\u8fbe", "offset": 46, "length": 2}]}}, {"sentence": "\u800c\u8fd9\u79cd\u5e72\u6270\u624b\u6bb5\uff0c\u53ef\u80fd\u4f1a\u5bf9\u6c11\u7528\u901a\u4fe1\u7cfb\u7edf\u9020\u6210\u5e72\u6270\uff0c\u5bfc\u81f4\u5371\u9669\u53d1\u751f\u3002", "events": [], "arguments": {"time": [], "loc": [], "country": [], "weapon": []}}, {"sentence": "\u65e9\u5728\u51b7\u6218\u521d\u671f\uff0c\u7f8e\u56fd\u4fa6\u5bdf\u673a\u5c31\u66fe\u4e0e\u6f5c\u8247\u914d\u5408\uff0c\u8bd5\u63a2\u82cf\u8054\u7684\u9632\u7a7a\u7cfb\u7edf\u5b9e\u529b\u3002", "events": [], "arguments": {"time": [], "loc": [], "country": [{"text": "\u7f8e\u56fd", "offset": 7, "length": 2}, {"text": "\u82cf\u8054", "offset": 22, "length": 2}], "weapon": [{"text": "\u7f8e\u56fd\u4fa6\u5bdf\u673a", "offset": 7, "length": 5}, {"text": "\u6f5c\u8247", "offset": 15, "length": 2}]}}, {"sentence": "\u5f53\u65f6\uff0c\u7f8e\u56fd\u6d3e\u51fa\u6f5c\u8247\u5728\u82cf\u8054\u6d77\u5cb8\u9644\u8fd1\uff0c\u91ca\u653e\u643a\u5e26\u4e0d\u540c\u96f7\u8fbe\u53cd\u5c04\u4f53\u7684\u6c14\u7403\u3002", "events": [{"trigger": {"text": "\u6d3e\u51fa", "offset": 5, "length": 2}, "object": {"text": "", "offset": 0, "length": 0}, "subject": {"text": "", "offset": 0, "length": 0}}, {"trigger": {"text": "\u643a\u5e26", "offset": 19, "length": 2}, "object": {"text": "", "offset": 0, "length": 0}, "subject": {"text": "", "offset": 0, "length": 0}}], "arguments": {"time": [], "loc": [{"text": "\u82cf\u8054\u6d77\u5cb8", "offset": 10, "length": 4}], "country": [{"text": "\u7f8e\u56fd", "offset": 3, "length": 2}, {"text": "\u82cf\u8054", "offset": 10, "length": 2}], "weapon": [{"text": "\u6f5c\u8247", "offset": 7, "length": 2}]}}, {"sentence": "\u82cf\u8054\u9632\u7a7a\u96f7\u8fbe\u63a2\u6d4b\u5230\u76ee\u6807\u540e\uff0c\u901a\u8fc7\u65e0\u7ebf\u7535\u7cfb\u7edf\u8fdb\u884c\u62a5\u544a\u3002", "events": [], "arguments": {"time": [], "loc": [], "country": [{"text": "\u82cf\u8054", "offset": 0, "length": 2}], "weapon": [{"text": "\u9632\u7a7a\u96f7\u8fbe", "offset": 2, "length": 4}]}}, {"sentence": "\u800c\u7f8e\u56fd\u4fa6\u5bdf\u673a\u5219\u501f\u673a\u5bf9\u82cf\u8054\u901a\u4fe1\u7cfb\u7edf\u3001\u96f7\u8fbe\u7cfb\u7edf\u8fdb\u884c\u4fa6\u5bdf\uff0c\u7834\u8bd1\u82cf\u519b\u901a\u4fe1\u7cfb\u7edf\u7f16\u7801\uff0c\u5e76\u5bf9\u82cf\u8054\u9632\u7a7a\u7cfb\u7edf\u7684\u80fd\u529b\u8fdb\u884c\u8bc4\u4f30\u3002", "events": [{"trigger": {"text": "\u4fa6\u5bdf", "offset": 23, "length": 2}, "object": {"text": "", "offset": 0, "length": 0}, "subject": {"text": "", "offset": 0, "length": 0}}], "arguments": {"time": [], "loc": [], "country": [{"text": "\u7f8e\u56fd", "offset": 1, "length": 2}, {"text": "\u82cf\u8054", "offset": 10, "length": 2}, {"text": "\u82cf\u8054", "offset": 39, "length": 2}], "weapon": [{"text": "\u7f8e\u56fd\u4fa6\u5bdf\u673a", "offset": 1, "length": 5}]}}, {"sentence": "\u82b1\u5f0f\u62e6\u622a\u8868\u6001\u5ea6", "events": [{"trigger": {"text": "\u62e6\u622a", "offset": 2, "length": 2}, "object": {"text": "", "offset": 0, "length": 0}, "subject": {"text": "", "offset": 0, "length": 0}}], "arguments": {"time": [], "loc": [], "country": [], "weapon": []}}, {"sentence": "\u201c\u5357\u6d77\u6218\u7565\u6001\u52bf\u611f\u77e5\u201d\u8ba1\u5212\u5e73\u53f09\u65e5\u53d1\u5e03\u6d88\u606f\u79f0\uff0c\u89e3\u653e\u519b\u6f14\u4e60\u4e4b\u9645\uff0c\u5f53\u5929\uff0c\u9ec4\u6d77\u3001\u4e1c\u6d77\u3001\u5357\u6d77\u4e09\u4e2a\u65b9\u5411\u90fd\u51fa\u73b0\u7f8e\u519b\u4fa6\u5bdf\u673a\u8eab\u5f71\u3002", "events": [{"trigger": {"text": "\u6f14\u4e60", "offset": 25, "length": 2}, "object": {"text": "", "offset": 0, "length": 0}, "subject": {"text": "", "offset": 0, "length": 0}}], "arguments": {"time": [{"text": "9\u65e5", "offset": 14, "length": 2}], "loc": [{"text": "\u9ec4\u6d77\u3001\u4e1c\u6d77\u3001\u5357\u6d77\u4e09\u4e2a\u65b9\u5411", "offset": 33, "length": 12}, {"text": "\u5357\u6d77", "offset": 1, "length": 2}], "country": [{"text": "\u7f8e", "offset": 48, "length": 1}], "weapon": [{"text": "\u7f8e\u519b\u4fa6\u5bdf\u673a", "offset": 48, "length": 5}]}}, {"sentence": "\u9ec4\u6d77\uff0c1\u67b6RC-135S\u5bfc\u5f39\u76d1\u89c6\u673a\uff08AE01D6\uff09\uff0c\u63a8\u6d4b\u662f\u5728\u76d1\u89c6\u89e3\u653e\u519b\u5728\u6e24\u6d77\u7684\u519b\u4e8b\u6f14\u4e60\uff1b\u4e1c\u6d77\uff0c1\u67b6P-8A\u53cd\u6f5c\u5de1\u903b\u673a\uff08AE67AB\uff09\uff0c\u63a8\u6d4b\u662f\u5728\u76d1\u89c6\u89e3\u653e\u519b\u5728\u6d59\u6c5f\u8fd1\u6d77\u7684\u519b\u4e8b\u6f14\u4e60\uff1b\u5357\u6d77\uff0c1\u67b6P-8A\u53cd\u6f5c\u5de1\u903b\u673a\uff08AE687E\uff09\u30011\u67b6EP-3E\u7535\u5b50\u4fa6\u5bdf\u673a\uff08AE1D91\uff09\u3002", "events": [{"trigger": {"text": "\u76d1\u89c6", "offset": 71, "length": 2}, "subject": {"text": "", "offset": 0, "length": 0}, "object": {"text": "\u89e3\u653e\u519b\u5728\u6d59\u6c5f\u8fd1\u6d77\u7684\u519b\u4e8b\u6f14\u4e60", "offset": 73, "length": 13}}, {"trigger": {"text": "\u519b\u4e8b\u6f14\u4e60", "offset": 39, "length": 4}, "object": {"text": "", "offset": 0, "length": 0}, "subject": {"text": "", "offset": 0, "length": 0}}, {"trigger": {"text": "\u519b\u4e8b\u6f14\u4e60", "offset": 82, "length": 4}, "object": {"text": "", "offset": 0, "length": 0}, "subject": {"text": "", "offset": 0, "length": 0}}], "arguments": {"time": [], "loc": [{"text": "\u9ec4\u6d77", "offset": 0, "length": 2}, {"text": "\u6e24\u6d77", "offset": 36, "length": 2}, {"text": "\u4e1c\u6d77", "offset": 44, "length": 2}, {"text": "\u6d59\u6c5f\u8fd1\u6d77", "offset": 77, "length": 4}, {"text": "\u5357\u6d77", "offset": 87, "length": 2}], "country": [], "weapon": [{"text": "RC-135S\u5bfc\u5f39\u76d1\u89c6\u673a\uff08AE01D6\uff09", "offset": 5, "length": 20}, {"text": "P-8A\u53cd\u6f5c\u5de1\u903b\u673a\uff08AE67AB\uff09", "offset": 49, "length": 17}, {"text": "P-8A\u53cd\u6f5c\u5de1\u903b\u673a\uff08AE687E\uff09", "offset": 92, "length": 17}, {"text": "EP-3E\u7535\u5b50\u4fa6\u5bdf\u673a\uff08AE1D91\uff09", "offset": 112, "length": 18}]}}, {"sentence": "\u9762\u5bf9\u7f8e\u56fd\u4fa6\u5bdf\u673a\u8d8a\u6765\u8d8a\u591a\u6837\u7684\u4fa6\u5bdf\u65b9\u5f0f\uff0c\u5f88\u591a\u56fd\u5bb6\u4e5f\u91c7\u53d6\u4e86\u591a\u79cd\u5e94\u5bf9\u65b9\u5f0f\u3002", "events": [{"trigger": {"text": "\u4fa6\u5bdf", "offset": 13, "length": 2}, "object": {"text": "", "offset": 0, "length": 0}, "subject": {"text": "", "offset": 0, "length": 0}}], "arguments": {"time": [], "loc": [], "country": [{"text": "\u7f8e\u56fd", "offset": 2, "length": 2}], "weapon": [{"text": "\u7f8e\u56fd\u4fa6\u5bdf\u673a", "offset": 2, "length": 5}]}}, {"sentence": "\u5728\u62e6\u622a\u5bf9\u65b9\u98de\u673a\u8fc7\u7a0b\u4e2d\uff0c\u8fdb\u884c\u8fd1\u8ddd\u79bb\u4f34\u98de\uff0c\u751a\u81f3\u4f7f\u7528\u6446\u52a8\u673a\u7ffc\u3001\u6876\u6eda\u673a\u52a8\u3001\u7a7f\u8d8a\u822a\u7ebf\u3001\u8fd1\u8ddd\u79bb\u5916\u903c\u7b49\u82b1\u5f0f\u52a8\u4f5c\u8fdb\u884c\u62e6\u622a\u7684\u65b9\u5f0f\u7ecf\u5e38\u4e3a\u4eba\u6d25\u6d25\u4e50\u9053\u3002", "events": [{"trigger": {"text": "\u4f34\u98de", "offset": 16, "length": 2}, "object": {"text": "", "offset": 0, "length": 0}, "subject": {"text": "", "offset": 0, "length": 0}}, {"trigger": {"text": "\u7a7f\u8d8a", "offset": 33, "length": 2}, "object": {"text": "", "offset": 0, "length": 0}, "subject": {"text": "", "offset": 0, "length": 0}}, {"trigger": {"text": "\u62e6\u622a", "offset": 50, "length": 2}, "object": {"text": "", "offset": 0, "length": 0}, "subject": {"text": "", "offset": 0, "length": 0}}], "arguments": {"time": [], "loc": [], "country": [], "weapon": [{"text": "\u98de\u673a", "offset": 5, "length": 2}]}}, {"sentence": "\u8fd9\u4e9b\u62e6\u622a\u65b9\u5f0f\uff0c\u4e5f\u786e\u5b9e\u5728\u4e00\u4e9b\u7a7a\u4e2d\u6597\u4e89\u4e2d\u5f97\u5230\u6709\u6548\u5e94\u7528\u3002", "events": [{"trigger": {"text": "\u62e6\u622a", "offset": 2, "length": 2}, "object": {"text": "", "offset": 0, "length": 0}, "subject": {"text": "", "offset": 0, "length": 0}}], "arguments": {"time": [], "loc": [], "country": [], "weapon": []}}, {"sentence": "\u6bd4\u5982\uff0c\u8fd1\u8ddd\u79bb\u4f34\u98de\uff0c\u7136\u540e\u9760\u8fd1\u6446\u52a8\u673a\u7ffc\uff0c\u5e76\u9732\u51fa\u643a\u5e26\u7684\u7a7a\u7a7a\u5bfc\u5f39\u662f\u5404\u56fd\u8fdb\u884c\u7a7a\u4e2d\u62e6\u622a\u8f83\u5e38\u89c1\u7684\u201c\u82b1\u5f0f\u62e6\u622a\u201d\u65b9\u6cd5\u3002", "events": [{"trigger": {"text": "\u4f34\u98de", "offset": 6, "length": 2}, "object": {"text": "", "offset": 0, "length": 0}, "subject": {"text": "", "offset": 0, "length": 0}}, {"trigger": {"text": "\u9760\u8fd1", "offset": 11, "length": 2}, "object": {"text": "", "offset": 0, "length": 0}, "subject": {"text": "", "offset": 0, "length": 0}}, {"trigger": {"text": "\u62e6\u622a", "offset": 35, "length": 2}, "object": {"text": "", "offset": 0, "length": 0}, "subject": {"text": "", "offset": 0, "length": 0}}, {"trigger": {"text": "\u62e6\u622a", "offset": 44, "length": 2}, "object": {"text": "", "offset": 0, "length": 0}, "subject": {"text": "", "offset": 0, "length": 0}}], "arguments": {"time": [], "loc": [], "country": [], "weapon": [{"text": "\u7a7a\u7a7a\u5bfc\u5f39", "offset": 24, "length": 4}]}}, {"sentence": "\u4ece\u4fc4\u7f57\u65af\u7b49\u56fd\u7684\u62e6\u622a\u89c6\u9891\u4e2d\u53ef\u4ee5\u7ecf\u5e38\u770b\u5230\u3002", "events": [{"trigger": {"text": "\u62e6\u622a", "offset": 7, "length": 2}, "object": {"text": "", "offset": 0, "length": 0}, "subject": {"text": "", "offset": 0, "length": 0}}], "arguments": {"time": [], "loc": [], "country": [{"text": "\u4fc4\u7f57\u65af", "offset": 1, "length": 3}], "weapon": []}}, {"sentence": "\u6700\u8457\u540d\u7684\u82b1\u5f0f\u62e6\u622a\u65b9\u5f0f\u5f53\u5c5e\u201c\u5df4\u4f26\u652f\u6d77\u624b\u672f\u5200\u201d\u4e8b\u4ef6\u3002", "events": [{"trigger": {"text": "\u62e6\u622a", "offset": 6, "length": 2}, "object": {"text": "", "offset": 0, "length": 0}, "subject": {"text": "", "offset": 0, "length": 0}}], "arguments": {"time": [], "loc": [], "country": [], "weapon": [{"text": "\u201c\u5df4\u4f26\u652f\u6d77\u624b\u672f\u5200", "offset": 12, "length": 8}]}}, {"sentence": "1987\u5e749\u6708\uff0c\u82cf\u8054\u4e00\u67b6\u82cf-27\u6218\u6597\u673a\u7528\u5782\u5c3e\u5212\u7834\u6b63\u5728\u8fdb\u884c\u4fa6\u5bdf\u98de\u884c\u7684\u632a\u5a01\u7a7a\u519bP-3\u98de\u673a\u7684\u53d1\u52a8\u673a\u77ed\u8231\uff0c\u8feb\u4f7f\u540e\u8005\u79bb\u5f00\u3002", "events": [{"trigger": {"text": "\u5212\u7834", "offset": 22, "length": 2}, "subject": {"text": "\u82cf\u8054\u4e00\u67b6\u82cf-27\u6218\u6597\u673a", "offset": 8, "length": 11}, "object": {"text": "\u632a\u5a01\u7a7a\u519bP-3\u98de\u673a", "offset": 33, "length": 9}}, {"trigger": {"text": "\u4fa6\u5bdf\u98de\u884c", "offset": 28, "length": 4}, "object": {"text": "", "offset": 0, "length": 0}, "subject": {"text": "", "offset": 0, "length": 0}}], "arguments": {"time": [{"text": "1987\u5e749\u6708", "offset": 0, "length": 7}], "loc": [], "country": [{"text": "\u82cf\u8054", "offset": 8, "length": 2}, {"text": "\u632a\u5a01", "offset": 33, "length": 2}], "weapon": [{"text": "\u82cf-27\u6218\u6597\u673a", "offset": 12, "length": 7}, {"text": "\u632a\u5a01\u7a7a\u519bP-3\u98de\u673a", "offset": 33, "length": 9}]}}, {"sentence": "\u4e0d\u8fc7\uff0c\u603b\u4f53\u6765\u770b\uff0c\u8fd9\u79cd\u201c\u82b1\u5f0f\u62e6\u622a\u201d\u5c3d\u7ba1\u80fd\u5c55\u793a\u4e00\u79cd\u6001\u5ea6\uff0c\u89e3\u51b3\u4e00\u65f6\u95ee\u9898\uff0c\u4f46\u4e0d\u80fd\u89e3\u51b3\u957f\u4e45\u7684\u95ee\u9898\u3002", "events": [{"trigger": {"text": "\u5c55\u793a", "offset": 19, "length": 2}, "object": {"text": "", "offset": 0, "length": 0}, "subject": {"text": "", "offset": 0, "length": 0}}], "arguments": {"time": [], "loc": [], "country": [], "weapon": []}}, {"sentence": "\u82cf\u8054\u5f53\u5e74\u7684\u201c\u624b\u672f\u5200\u201d\uff0c\u5e76\u6ca1\u80fd\u963b\u6b62\u540e\u6765\u5317\u7ea6\u519b\u673a\u524d\u6765\u4fa6\u5bdf\u3002", "events": [{"trigger": {"text": "\u4fa6\u5bdf", "offset": 24, "length": 2}, "object": {"text": "", "offset": 0, "length": 0}, "subject": {"text": "", "offset": 0, "length": 0}}], "arguments": {"time": [], "loc": [], "country": [{"text": "\u82cf\u8054", "offset": 0, "length": 2}, {"text": "\u5317\u7ea6", "offset": 18, "length": 2}], "weapon": [{"text": "\u201c\u624b\u672f\u5200\u201d", "offset": 5, "length": 5}, {"text": "\u519b\u673a", "offset": 0, "length": 2}]}}, {"sentence": "\u800c\u4e14\u4fa6\u5bdf\u673a\u5f80\u5f80\u4e00\u98de\u5c31\u56db\u4e94\u4e2a\u5c0f\u65f6\uff0c\u6218\u6597\u673a\u5f88\u96be\u59cb\u7ec8\u8ddf\u968f\uff0c\u7279\u522b\u662f\u9488\u5bf9\u65e0\u4eba\u673a\uff0c\u8fd9\u79cd\u62e6\u622a\u65b9\u5f0f\u751a\u81f3\u65e0\u6cd5\u628a\u5bf9\u65b9\u8d76\u8d70\u3002", "events": [{"trigger": {"text": "\u62e6\u622a", "offset": 37, "length": 2}, "object": {"text": "", "offset": 0, "length": 0}, "subject": {"text": "", "offset": 0, "length": 0}}], "arguments": {"time": [], "loc": [], "country": [], "weapon": [{"text": "\u65e0\u4eba\u673a", "offset": 31, "length": 3}, {"text": "\u4fa6\u5bdf\u673a", "offset": 2, "length": 3}]}}, {"sentence": "\u6240\u4ee5\u8fd9\u79cd\u82b1\u5f0f\u62e6\u622a\uff0c\u770b\u7740\u89e3\u6c14\uff0c\u4f46\u4e0d\u80fd\u4ece\u6839\u672c\u4e0a\u89e3\u51b3\u95ee\u9898\u3002", "events": [{"trigger": {"text": "\u62e6\u622a", "offset": 6, "length": 2}, "object": {"text": "", "offset": 0, "length": 0}, "subject": {"text": "", "offset": 0, "length": 0}}], "arguments": {"time": [], "loc": [], "country": [], "weapon": []}}, {"sentence": "\u5426\u5219\uff0c\u7f8e\u56fd\u4fa6\u5bdf\u673a\u5728\u4e16\u754c\u8303\u56f4\u7684\u4fa6\u5bdf\u98de\u884c\u65e9\u5c31\u5043\u65d7\u606f\u9f13\u4e86\u3002", "events": [{"trigger": {"text": "\u4fa6\u5bdf\u98de\u884c", "offset": 14, "length": 4}, "object": {"text": "", "offset": 0, "length": 0}, "subject": {"text": "", "offset": 0, "length": 0}}], "arguments": {"time": [], "loc": [], "country": [{"text": "\u7f8e\u56fd", "offset": 3, "length": 2}], "weapon": [{"text": "\u7f8e\u56fd\u4fa6\u5bdf\u673a", "offset": 3, "length": 5}]}}, {"sentence": "\u8fdb\u4e0d\u8fdb\u9886\u7a7a\u662f\u5173\u952e", "events": [], "arguments": {"time": [], "loc": [], "country": [], "weapon": []}}, {"sentence": "\u6709\u5206\u6790\u8ba4\u4e3a\uff0c\u5bf9\u4e8e\u7f8e\u673a\u7684\u65e5\u5e38\u7535\u5b50\u4fa6\u5bdf\uff0c\u201c\u6ca1\u6709\u53cd\u5e94\u201d\u53ef\u80fd\u662f\u6700\u597d\u7684\u53cd\u5e94\u3002", "events": [{"trigger": {"text": "\u4fa6\u5bdf", "offset": 15, "length": 2}, "object": {"text": "", "offset": 0, "length": 0}, "subject": {"text": "", "offset": 0, "length": 0}}], "arguments": {"time": [], "loc": [], "country": [{"text": "\u7f8e", "offset": 8, "length": 1}], "weapon": []}}, {"sentence": "\u4e5f\u5c31\u662f\u5c3d\u91cf\u51cf\u5c11\u5bf9\u5916\u7684\u7535\u5b50\u4fe1\u53f7\u6cc4\u9732\uff0c\u4f7f\u5176\u96be\u4ee5\u6355\u83b7\u6709\u4ef7\u503c\u7684\u4fe1\u606f\u3002", "events": [], "arguments": {"time": [], "loc": [], "country": [], "weapon": []}}, {"sentence": "\u800c\u5bf9\u4e8e\u4e00\u4e9b\u88c5\u5907\u5149\u5b66\u4fa6\u5bdf\u3001\u96f7\u8fbe\u6210\u50cf\u4fa6\u5bdf\u88c5\u5907\u7684\u4fa6\u5bdf\u673a\u6765\u8bf4\uff0c\u8fd9\u79cd\u65b9\u5f0f\u53ef\u80fd\u6548\u679c\u6709\u9650\u3002", "events": [{"trigger": {"text": "\u4fa6\u5bdf", "offset": 16, "length": 2}, "object": {"text": "", "offset": 0, "length": 0}, "subject": {"text": "", "offset": 0, "length": 0}}], "arguments": {"time": [], "loc": [], "country": [], "weapon": [{"text": "\u5149\u5b66\u4fa6\u5bdf", "offset": 7, "length": 4}, {"text": "\u4fa6\u5bdf\u673a", "offset": 21, "length": 3}]}}, {"sentence": "\u73b0\u5728\u7684\u5408\u6210\u5b54\u5f84\u96f7\u8fbe\u53ef\u4ee5\u63a2\u6d4b\u6570\u767e\u516c\u91cc\u8303\u56f4\u5185\u7684\u5730\u9762\u76ee\u6807\uff0c\u7cbe\u5ea6\u53ef\u4ee5\u8fbe\u52301\u7c73\u4ee5\u5185\uff0c\u8fd8\u80fd\u63a2\u6d4b\u79fb\u52a8\u76ee\u6807\uff0c\u5982\u8f66\u961f\u3002", "events": [], "arguments": {"time": [], "loc": [], "country": [], "weapon": [{"text": "\u5408\u6210\u5b54\u5f84\u96f7\u8fbe", "offset": 3, "length": 6}]}}, {"sentence": "\u5982\u679c\u4efb\u7531\u8fd9\u79cd\u96f7\u8fbe\u63a2\u6d4b\uff0c\u90a3\u4e48\u5730\u9762\u90e8\u961f\u7684\u8c03\u52a8\u3001\u90e8\u7f72\u5f88\u5bb9\u6613\u88ab\u5bf9\u65b9\u4fa6\u5bdf\u673a\u5c3d\u6536\u773c\u5e95\u3002", "events": [{"trigger": {"text": "\u90e8\u7f72", "offset": 21, "length": 2}, "object": {"text": "", "offset": 0, "length": 0}, "subject": {"text": "", "offset": 0, "length": 0}}], "arguments": {"time": [], "loc": [], "country": [], "weapon": [{"text": "\u4fa6\u5bdf\u673a", "offset": 29, "length": 3}]}}, {"sentence": "\u5bf9\u4e8e\u8fd9\u79cd\u96f7\u8fbe\uff0c\u5728\u5fc5\u8981\u65f6\u53ef\u4ee5\u5b9e\u65bd\u4e00\u5b9a\u7684\u7535\u5b50\u5e72\u6270\uff0c\u4f7f\u5176\u65e0\u6cd5\u6709\u6548\u5bf9\u5df1\u65b9\u76ee\u6807\u8fdb\u884c\u6210\u50cf\u4fa6\u5bdf\u3002", "events": [{"trigger": {"text": "\u4fa6\u5bdf", "offset": 38, "length": 2}, "object": {"text": "", "offset": 0, "length": 0}, "subject": {"text": "", "offset": 0, "length": 0}}], "arguments": {"time": [], "loc": [], "country": [], "weapon": [{"text": "\u96f7\u8fbe", "offset": 4, "length": 2}]}}, {"sentence": "\u6709\u4e0d\u5c11\u7f51\u53cb\u8868\u793a\uff0c\u80fd\u4e0d\u80fd\u51fb\u843d\u8fdb\u884c\u62b5\u8fd1\u4fa6\u5bdf\u7684\u4ed6\u56fd\u4fa6\u5bdf\u673a\u5462\u3002", "events": [{"trigger": {"text": "\u62b5\u8fd1\u4fa6\u5bdf", "offset": 15, "length": 4}, "object": {"text": "", "offset": 0, "length": 0}, "subject": {"text": "", "offset": 0, "length": 0}}], "arguments": {"time": [], "loc": [], "country": [], "weapon": [{"text": "\u4fa6\u5bdf\u673a", "offset": 22, "length": 3}]}}, {"sentence": "\u8fd9\u5176\u4e2d\u6d89\u53ca\u4e00\u4e9b\u6e38\u620f\u89c4\u5219\u548c\u6f5c\u89c4\u5219\u3002", "events": [], "arguments": {"time": [], "loc": [], "country": [], "weapon": []}}, {"sentence": "\u663e\u89c4\u5219\u5c31\u662f\u56fd\u9645\u6cd5\uff0c\u800c\u6f5c\u89c4\u5219\u5219\u4f53\u73b0\u5728\u4e4b\u524d\u7684\u519b\u4e8b\u5b9e\u8df5\u4e0a\u3002", "events": [], "arguments": {"time": [], "loc": [], "country": [], "weapon": []}}, {"sentence": "\u5927\u81f4\u7684\u6807\u51c6\u662f\uff0c\u5728\u548c\u5e73\u65f6\u671f\uff0c\u5982\u679c\u5bf9\u65b9\u519b\u673a\u6ca1\u6709\u8fdb\u5165\u5df1\u65b9\u9886\u7a7a\uff0c\u901a\u5e38\u4e0d\u4f1a\u8fd9\u6837\u505a\u3002", "events": [{"trigger": {"text": "\u8fdb\u5165", "offset": 21, "length": 2}, "object": {"text": "", "offset": 0, "length": 0}, "subject": {"text": "", "offset": 0, "length": 0}}], "arguments": {"time": [], "loc": [], "country": [], "weapon": [{"text": "\u519b\u673a", "offset": 17, "length": 2}]}}, {"sentence": "\u4e00\u65b9\u9762\uff0c\u5982\u679c\u5bf9\u65b9\u519b\u673a\u6ca1\u6709\u8fdb\u5165\u9886\u7a7a\uff0c\u5373\u4fbf\u662f\u6267\u884c\u4fa6\u5bdf\u4efb\u52a1\uff0c\u4e5f\u5c5e\u4e8e\u6253\u64e6\u8fb9\u7403\u3002", "events": [{"trigger": {"text": "\u4fa6\u5bdf", "offset": 22, "length": 2}, "object": {"text": "", "offset": 0, "length": 0}, "subject": {"text": "", "offset": 0, "length": 0}}], "arguments": {"time": [], "loc": [], "country": [], "weapon": [{"text": "\u519b\u673a", "offset": 8, "length": 2}]}}, {"sentence": "\u4ece\u56fd\u9645\u519b\u4e8b\u5b9e\u8df5\u6765\u770b\uff0c\u4e5f\u6781\u5c11\u5b9e\u65bd\u51fb\u843d\u3002", "events": [{"trigger": {"text": "\u51fb\u843d", "offset": 15, "length": 2}, "object": {"text": "", "offset": 0, "length": 0}, "subject": {"text": "", "offset": 0, "length": 0}}], "arguments": {"time": [], "loc": [], "country": [], "weapon": []}}, {"sentence": "\u7f8e\u56fd\u5bf9\u4ed8\u5728\u81ea\u8eab\u9632\u7a7a\u8bc6\u522b\u533a\u98de\u884c\u7684\u4fc4\u7f57\u65af\u519b\u673a\uff0c\u4e5f\u53ea\u662f\u8d77\u98de\u76d1\u89c6\uff0c\u6216\u8fdb\u884c\u8fd1\u8ddd\u79bb\u4f34\u98de\u62e6\u622a\u3002", "events": [{"trigger": {"text": "\u4f34\u98de\u62e6\u622a", "offset": 35, "length": 4}, "object": {"text": "", "offset": 0, "length": 0}, "subject": {"text": "", "offset": 0, "length": 0}}], "arguments": {"time": [], "loc": [], "country": [{"text": "\u7f8e\u56fd", "offset": 0, "length": 2}, {"text": "\u4fc4\u7f57\u65af", "offset": 15, "length": 3}], "weapon": [{"text": "\u519b\u673a", "offset": 18, "length": 2}]}}, {"sentence": "\u5bf9\u4e8e\u7f8e\u4fc4\u7684\u4fa6\u5bdf\u5de1\u822a\u98de\u673a\u800c\u8a00\uff0c\u5728\u6ca1\u6709\u8fdb\u5165\u9886\u7a7a\uff0c\u5e76\u4e14\u6ca1\u4e3b\u52a8\u5bf9\u5bf9\u65b9\u5883\u5185\u5b9e\u65bd\u7535\u5b50\u5e72\u6270\u7b49\u653b\u51fb\u6027\u654c\u5bf9\u6d3b\u52a8\u7684\u524d\u63d0\u4e0b\uff0c\u76f8\u4e92\u4e0d\u51fb\u843d\u662f\u4e00\u4e2a\u5e95\u7ebf\uff0c\u56e0\u4e3a\u5df1\u65b9\u7684\u98de\u673a\u4e5f\u4f1a\u5230\u5bf9\u65b9\u5468\u8fb9\u533a\u57df\u5b9e\u65bd\u4fa6\u5bdf\u6216\u5de1\u822a\u98de\u884c\u3002", "events": [{"trigger": {"text": "\u5de1\u822a\u98de\u884c", "offset": 83, "length": 4}, "object": {"text": "", "offset": 0, "length": 0}, "subject": {"text": "", "offset": 0, "length": 0}}], "arguments": {"time": [], "loc": [], "country": [{"text": "\u7f8e", "offset": 2, "length": 1}, {"text": "\u4fc4", "offset": 3, "length": 1}], "weapon": [{"text": "\u7f8e\u4fc4\u7684\u4fa6\u5bdf\u5de1\u822a\u98de\u673a", "offset": 2, "length": 9}, {"text": "\u4fa6\u5bdf\u5de1\u822a\u98de\u673a", "offset": 5, "length": 6}]}}]