[{"sentence": "\u7f8e\u519b\u786e\u8ba4\u7f57\u65af\u798f\u53f7\u5931\u8e2a\u8230\u5458\u5df2\u6b7b\u4ea1 \u8be5\u822a\u6bcd1\u5e74\u5185\u6b7b\u4e863\u4eba", "events": [], "arguments": {"time": [], "loc": [], "country": [{"text": "\u7f8e", "offset": 0, "length": 1}], "weapon": [{"text": "\u7f57\u65af\u798f\u53f7", "offset": 4, "length": 4}]}}, {"sentence": "\u3010\u73af\u7403\u7f51\u62a5\u9053 \u8bb0\u8005 \u5f90\u7490\u660e\u3011", "events": [], "arguments": {"time": [], "loc": [], "country": [], "weapon": []}}, {"sentence": "\u636e\u7f8e\u56fd\u201c\u4efb\u52a1\u4e0e\u76ee\u6807\u201d\u7f51\u7ad912\u670814\u65e5\u62a5\u9053\uff0c\u7f8e\u56fd\u6d77\u519b\u5df2\u7ecf\u786e\u8ba4\u4e8e12\u670810\u65e5\u5931\u8e2a\u7684\u201c\u7f57\u65af\u798f\u201d\u53f7\u822a\u6bcd\u6c34\u5175\u6b7b\u4ea1\uff0c\u4ed6\u7684\u8eab\u4efd\u662f\u822a\u7a7a\u90e8\u95e8\u519b\u68b0\u5b66\u5f92\u4f0a\u6851\u00b7\u52a0\u52d2\u7279\u00b7\u53e4\u5c14\u65af\u6bd4\u3002", "events": [], "arguments": {"time": [{"text": "12\u670814\u65e5", "offset": 12, "length": 6}, {"text": "12\u670810\u65e5", "offset": 30, "length": 6}], "loc": [], "country": [{"text": "\u7f8e\u56fd", "offset": 1, "length": 2}, {"text": "\u7f8e\u56fd", "offset": 21, "length": 2}], "weapon": [{"text": "\u201c\u7f57\u65af\u798f\u201d\u53f7\u822a\u6bcd", "offset": 39, "length": 8}]}}, {"sentence": "12\u670810\u65e5\uff0c\u5f53\u65f6\u201c\u7f57\u65af\u798f\u201d\u53f7\u822a\u6bcd\u4e0a\u7684\u4e00\u540d\u77ad\u671b\u5458\u53d1\u73b0\u6c34\u4e2d\u6709\u4eba\uff0c\u968f\u540e\u7f8e\u56fd\u6d77\u519b\u548c\u6d77\u5cb8\u8b66\u536b\u961f\u51fa\u52a8\u5175\u529b\u8fdb\u884c\u641c\u7d22\uff0c\u4f46\u5728\u957f\u8fbe55\u4e2a\u5c0f\u65f6\u7684\u641c\u7d22\u540e\uff0c\u5e76\u6ca1\u6709\u627e\u5230\u8fd9\u540d\u843d\u6c34\u7684\u6c34\u5175\u53e4\u5c14\u65af\u6bd4\u3002", "events": [{"trigger": {"text": "\u51fa\u52a8", "offset": 43, "length": 2}, "object": {"text": "", "offset": 0, "length": 0}, "subject": {"text": "", "offset": 0, "length": 0}}], "arguments": {"time": [{"text": "12\u670810\u65e5", "offset": 0, "length": 6}], "loc": [], "country": [{"text": "\u7f8e\u56fd", "offset": 33, "length": 2}], "weapon": [{"text": "\u201c\u7f57\u65af\u798f\u201d\u53f7\u822a\u6bcd", "offset": 9, "length": 8}]}}, {"sentence": "\u201c\u7f57\u65af\u798f\u201d\u53f7\u822a\u6bcd\u51fa\u6d77\u753b\u9762", "events": [{"trigger": {"text": "\u51fa\u6d77", "offset": 8, "length": 2}, "object": {"text": "", "offset": 0, "length": 0}, "subject": {"text": "", "offset": 0, "length": 0}}], "arguments": {"time": [], "loc": [], "country": [], "weapon": [{"text": "\u201c\u7f57\u65af\u798f\u201d\u53f7\u822a\u6bcd", "offset": 0, "length": 8}]}}, {"sentence": "\u6839\u636e\u7f8e\u56fd\u7b2c\u4e09\u8230\u961f\u7684\u901a\u62a5\uff0c\u4f0a\u68ee\u00b7\u53e4\u5c14\u65af\u6bd4\u81ea7\u6708\u8d77\u5c31\u5728\u201c\u7f57\u65af\u798f\u201d\u53f7\u822a\u6bcd\u4e0a\u670d\u5f79\uff0c\u4ed6\u4e8e2019\u5e7411\u6708\u5f00\u59cb\u5728\u4f0a\u5229\u8bfa\u4f0a\u5dde\u5927\u6e56\u533a\u65b0\u5175\u8bad\u7ec3\u53f8\u4ee4\u90e8\u63a5\u53d7\u65b0\u5175\u8bad\u7ec3\uff0c\u5728\u4eca\u5e749\u6708\u83b7\u5f97\u4e86\u664b\u5347\u3002", "events": [{"trigger": {"text": "\u670d\u5f79", "offset": 34, "length": 2}, "object": {"text": "", "offset": 0, "length": 0}, "subject": {"text": "", "offset": 0, "length": 0}}], "arguments": {"time": [{"text": "7\u6708", "offset": 20, "length": 2}, {"text": "2019\u5e7411\u6708", "offset": 39, "length": 8}, {"text": "\u4eca\u5e749\u6708", "offset": 73, "length": 4}], "loc": [{"text": "\u4f0a\u5229\u8bfa\u4f0a\u5dde\u5927\u6e56\u533a", "offset": 50, "length": 8}], "country": [{"text": "\u7f8e\u56fd", "offset": 2, "length": 2}], "weapon": [{"text": "\u201c\u7f57\u65af\u798f\u201d\u53f7\u822a\u6bcd", "offset": 25, "length": 8}]}}, {"sentence": "\u4ed6\u7684\u7236\u4eb2\u51ef\u5229\u00b7\u53e4\u5c14\u65af\u6bd4\u5728\u793e\u4ea4\u5a92\u4f53\u4e0a\u53d1\u5e03\u6d88\u606f\u8bf4\uff0c\u76ee\u524d\u6d77\u519b\u6b63\u5728\u8c03\u67e5\u4ed6\u662f\u5982\u4f55\u843d\u6c34\u7684\u3002", "events": [], "arguments": {"time": [], "loc": [], "country": [], "weapon": []}}, {"sentence": "\u201c\u6211\u4eec\u5bf9\u7f8e\u56fd\u6d77\u519b\u4e3a\u6211\u4eec\u6240\u505a\u7684\u5de5\u4f5c\u8868\u793a\u611f\u8c22\uff0c\u201d\u8001\u53e4\u5c14\u65af\u6bd4\u5199\u9053\u3002", "events": [], "arguments": {"time": [], "loc": [], "country": [{"text": "\u7f8e\u56fd", "offset": 4, "length": 2}], "weapon": []}}, {"sentence": "\u201c\u6211\u4eec\u4ecd\u7136\u5bf9\u4ed6\u4eec\u7ee7\u7eed\u5bfb\u627e\u6211\u4eec\u552f\u4e00\u513f\u5b50\u7684\u9057\u4f53\u62b1\u7740\u5e0c\u671b\uff0c\u4f0a\u6851\u5bf9\u4ed6\u80fd\u4e3a\u6d77\u519b\u548c\u56fd\u5bb6\u6240\u505a\u7684\u8d21\u732e\u611f\u5230\u975e\u5e38\u81ea\u8c6a\u3002", "events": [], "arguments": {"time": [], "loc": [], "country": [], "weapon": []}}, {"sentence": "\u201d", "events": [], "arguments": {"time": [], "loc": [], "country": [], "weapon": []}}, {"sentence": "\u636e\u6089\uff0c\u6b64\u6b21\u6c34\u5175\u5931\u8e2a\u4e8b\u6545\u53d1\u751f\u5728\u201c\u7f57\u65af\u798f\u201d\u53f7\u822a\u6bcd\u4eca\u5e74\u7b2c\u4e8c\u6b21\u90e8\u7f72\u671f\u95f4\u3002", "events": [{"trigger": {"text": "\u90e8\u7f72", "offset": 27, "length": 2}, "object": {"text": "", "offset": 0, "length": 0}, "subject": {"text": "", "offset": 0, "length": 0}}], "arguments": {"time": [], "loc": [], "country": [], "weapon": [{"text": "\u201c\u7f57\u65af\u798f\u201d\u53f7\u822a\u6bcd", "offset": 14, "length": 8}]}}, {"sentence": "\u636e\u7f8e\u56fd\u6d77\u519b\u7814\u7a76\u5b66\u4f1a\uff08USNI\uff09\u7f51\u7ad912\u67087\u65e5\u62a5\u9053\uff0c\u7f8e\u56fd\u6d77\u519b\u201c\u7f57\u65af\u798f\u201d\u53f7\u822a\u6bcd\u5f53\u5929\u8d77\u822a\u79bb\u5f00\u5723\u8fed\u6208\u519b\u6e2f\uff0c\u5f00\u59cb2020\u5e74\u7684\u7b2c\u4e8c\u6b21\u90e8\u7f72\u3002", "events": [{"trigger": {"text": "\u90e8\u7f72", "offset": 60, "length": 2}, "object": {"text": "", "offset": 0, "length": 0}, "subject": {"text": "", "offset": 0, "length": 0}}], "arguments": {"time": [{"text": "12\u67087\u65e5", "offset": 17, "length": 5}], "loc": [{"text": "\u5723\u8fed\u6208\u519b\u6e2f", "offset": 43, "length": 5}], "country": [{"text": "\u7f8e\u56fd", "offset": 1, "length": 2}, {"text": "\u7f8e\u56fd", "offset": 25, "length": 2}], "weapon": [{"text": "\u201c\u7f57\u65af\u798f\u201d\u53f7\u822a\u6bcd", "offset": 29, "length": 8}]}}, {"sentence": "\u8fd9\u8258\u822a\u6bcd\u66fe\u5728\u4eca\u5e74\u5e74\u521d\u90e8\u7f72\u81f3\u5370\u5ea6-\u592a\u5e73\u6d0b\uff0c\u4f46\u65b0\u51a0\u75c5\u6bd2\u5374\u5728\u8230\u4e0a\u66b4\u53d1\uff0c\u5bfc\u81f41200\u591a\u540d\u8230\u5458\u611f\u67d3\uff0c\u5e76\u67091\u540d\u8230\u5458\u6b7b\u4ea1\u3002", "events": [{"trigger": {"text": "\u90e8\u7f72\u81f3", "offset": 10, "length": 3}, "object": {"text": "", "offset": 0, "length": 0}, "subject": {"text": "", "offset": 0, "length": 0}}], "arguments": {"time": [{"text": "\u4eca\u5e74\u5e74\u521d", "offset": 6, "length": 4}], "loc": [{"text": "\u5370\u5ea6-\u592a\u5e73\u6d0b", "offset": 13, "length": 6}], "country": [], "weapon": [{"text": "\u822a\u6bcd", "offset": 2, "length": 2}]}}, {"sentence": "\u8be5\u822a\u6bcd\u66b4\u53d1\u75ab\u60c5\u540e\u4e0d\u5f97\u4e0d\u4e2d\u65ad\u90e8\u7f72\uff0c\u5728\u5173\u5c9b\u6d77\u519b\u57fa\u5730\u505c\u9760\u4e86\u8fd1\u4e24\u4e2a\u6708\uff0c\u8ba9\u8230\u5458\u4eec\u4e0b\u8239\u8fdb\u884c\u9694\u79bb\u548c\u6cbb\u7597\u3002", "events": [{"trigger": {"text": "\u90e8\u7f72", "offset": 13, "length": 2}, "object": {"text": "", "offset": 0, "length": 0}, "subject": {"text": "", "offset": 0, "length": 0}}], "arguments": {"time": [], "loc": [{"text": "\u5173\u5c9b\u6d77\u519b\u57fa\u5730", "offset": 17, "length": 6}], "country": [], "weapon": [{"text": "\u822a\u6bcd", "offset": 1, "length": 2}]}}, {"sentence": "\u4e8e12\u670810\u65e5\u5931\u8e2a\u7684\u201c\u7f57\u65af\u798f\u201d\u53f7\u822a\u6bcd\u6c34\u5175\u4f0a\u68ee\u00b7\u53e4\u5c14\u65af\u6bd4", "events": [], "arguments": {"time": [{"text": "12\u670810\u65e5", "offset": 1, "length": 6}], "loc": [], "country": [], "weapon": [{"text": "\u201c\u7f57\u65af\u798f\u201d\u53f7\u822a\u6bcd", "offset": 10, "length": 8}]}}, {"sentence": "\u9664\u4e86\u67091\u540d\u8230\u5458\u6b7b\u4e8e\u65b0\u51a0\u75c5\u6bd2\u5916\uff0c\u5728\u8fd9\u8258\u822a\u6bcd\u4e8e7\u6708\u8fd4\u56de\u7f8e\u56fd\u897f\u6d77\u5cb8\u7684\u9014\u4e2d\uff0c\u53c8\u51fa\u73b0\u4e86\u8230\u5458\u6b7b\u4ea1\u7684\u610f\u5916\u4e8b\u4ef6\u3002", "events": [{"trigger": {"text": "\u8fd4\u56de", "offset": 23, "length": 2}, "object": {"text": "", "offset": 0, "length": 0}, "subject": {"text": "", "offset": 0, "length": 0}}], "arguments": {"time": [{"text": "7\u6708", "offset": 21, "length": 2}], "loc": [{"text": "\u7f8e\u56fd\u897f\u6d77\u5cb8", "offset": 25, "length": 5}], "country": [{"text": "\u7f8e\u56fd", "offset": 25, "length": 2}], "weapon": [{"text": "\u822a\u6bcd", "offset": 18, "length": 2}]}}, {"sentence": "\u4e00\u540d\u88ab\u5206\u914d\u5230\u201c\u7f57\u65af\u798f\u201d\u53f7\u822a\u6bcdVFA-146\u201c\u84dd\u8272\u94bb\u77f3\u201d\u6218\u6597\u673a\u98de\u884c\u4e2d\u961f\u7684\u8230\u5458\u4e8e7\u67083\u65e5\u6b7b\u4ea1\u3002", "events": [{"trigger": {"text": "\u98de\u884c", "offset": 30, "length": 2}, "object": {"text": "", "offset": 0, "length": 0}, "subject": {"text": "", "offset": 0, "length": 0}}], "arguments": {"time": [{"text": "7\u67083\u65e5", "offset": 38, "length": 4}], "loc": [], "country": [], "weapon": [{"text": "\u201c\u7f57\u65af\u798f\u201d\u53f7\u822a\u6bcdVFA-146\u201c\u84dd\u8272\u94bb\u77f3\u201d\u6218\u6597\u673a", "offset": 6, "length": 24}]}}, {"sentence": "\u7f8e\u519b\u79f0\u8fd9\u540d\u8230\u5458\u8eab\u4f53\u7a81\u53d1\u4e0d\u9002\uff0c\u88ab\u4e00\u67b6\u76f4\u5347\u673a\u8f6c\u9001\u81f3\u5cb8\u4e0a\u7684\u4e00\u6240\u533b\u9662\uff0c\u968f\u540e\u5728\u90a3\u91cc\u88ab\u5ba3\u5e03\u6b7b\u4ea1\u3002", "events": [], "arguments": {"time": [], "loc": [], "country": [{"text": "\u7f8e", "offset": 0, "length": 1}], "weapon": [{"text": "\u76f4\u5347\u673a", "offset": 17, "length": 3}]}}, {"sentence": "\u8fd9\u4e5f\u662f\u7f8e\u56fd\u822a\u6bcd\u8fd1\u671f\u53d1\u751f\u7684\u7b2c\u4e8c\u671f\u6c34\u5175\u5931\u8e2a\u4e8b\u4ef6\u3002", "events": [], "arguments": {"time": [], "loc": [], "country": [{"text": "\u7f8e\u56fd", "offset": 3, "length": 2}], "weapon": [{"text": "\u822a\u6bcd", "offset": 5, "length": 2}]}}, {"sentence": "\u4e00\u540d\u88ab\u90e8\u7f72\u5230\u201c\u5c3c\u7c73\u5179\u201d\u53f7\u822a\u6bcd\u4e0a\u7684\u6c34\u5175\u4e8e9\u67086\u65e5\u88ab\u62a5\u544a\u5931\u8e2a\uff0c\u4e8b\u53d1\u5730\u70b9\u4f4d\u4e8e\u5317\u963f\u62c9\u4f2f\u6d77\uff0c\u8ddd\u79bb\u6ce2\u65af\u6e7e\u548c\u4f0a\u6717\u90fd\u5f88\u8fd1\u3002", "events": [{"trigger": {"text": "\u90e8\u7f72", "offset": 3, "length": 2}, "object": {"text": "", "offset": 0, "length": 0}, "subject": {"text": "", "offset": 0, "length": 0}}], "arguments": {"time": [{"text": "9\u67086\u65e5", "offset": 19, "length": 4}], "loc": [{"text": "\u5317\u963f\u62c9\u4f2f\u6d77", "offset": 35, "length": 5}, {"text": "\u6ce2\u65af\u6e7e", "offset": 43, "length": 3}], "country": [{"text": "\u4f0a\u6717", "offset": 47, "length": 2}], "weapon": [{"text": "\u201c\u5c3c\u7c73\u5179\u201d\u53f7\u822a\u6bcd", "offset": 6, "length": 8}]}}]