[{"sentence": "\u65e5\u672c\u4e24\u8258\u5916\u6d3e\u9a71\u9010\u8230\u63a5\u8fde\u51fa\u73b0\u75ab\u60c5\u00a0\u521a\u51fa\u6d77\u4e24\u5929\u5c31\u6253\u9053\u56de\u5e9c", "events": [{"trigger": {"text": "\u51fa\u6d77", "offset": 17, "length": 2}, "object": {"text": "", "offset": 0, "length": 0}, "subject": {"text": "", "offset": 0, "length": 0}}], "arguments": {"time": [], "loc": [], "country": [{"text": "\u65e5\u672c", "offset": 0, "length": 2}], "weapon": [{"text": "\u9a71\u9010\u8230", "offset": 6, "length": 3}]}}, {"sentence": "\u3010\u73af\u7403\u7f51\u519b\u4e8b\u62a5\u9053\u3011", "events": [], "arguments": {"time": [], "loc": [], "country": [], "weapon": []}}, {"sentence": "\u636e\u65e5\u672c\u5171\u540c\u793e9\u67088\u65e5\u7535\u62a5\u9053\uff0c\u65b0\u578b\u51a0\u72b6\u75c5\u6bd2\u75ab\u60c5\u6b63\u9010\u6b65\u5f71\u54cd\u65e5\u672c\u81ea\u536b\u961f\u7684\u6d3b\u52a8\u3002", "events": [], "arguments": {"time": [{"text": "9\u67088\u65e5", "offset": 6, "length": 4}], "loc": [], "country": [{"text": "\u65e5\u672c", "offset": 1, "length": 2}, {"text": "\u65e5\u672c", "offset": 27, "length": 2}], "weapon": []}}, {"sentence": "\u5373\u5c06\u88ab\u6d3e\u5f80\u6d77\u5916\u7684\u65e5\u672c\u9a71\u9010\u8230\u4e0a\u786e\u8ba4\u611f\u67d3\u8005\u5bfc\u81f4\u51fa\u53d1\u63a8\u8fdf\u7684\u60c5\u51b5\u5df2\u8fde\u7eed\u53d1\u751f2\u6b21\uff0c\u611f\u67d3\u7684\u81ea\u536b\u961f\u5458\u4e5f\u603b\u8ba1\u8d85\u8fc7110\u4eba\u3002", "events": [{"trigger": {"text": "\u51fa\u53d1", "offset": 21, "length": 2}, "object": {"text": "", "offset": 0, "length": 0}, "subject": {"text": "", "offset": 0, "length": 0}}], "arguments": {"time": [], "loc": [], "country": [{"text": "\u65e5\u672c", "offset": 8, "length": 2}], "weapon": [{"text": "\u9a71\u9010\u8230", "offset": 10, "length": 3}]}}, {"sentence": "\u62a5\u9053\u79f0\uff0c\u4f5c\u4e3a\u7b2c\u4e09\u6279\u4ee5\u786e\u4fdd\u65e5\u672c\u76f8\u5173\u8239\u8236\u5b89\u5168\u4e3a\u76ee\u7684\u7684\u4e2d\u4e1c\u6d3e\u9063\u961f\u4f0d\uff0c\u6d77\u4e0a\u81ea\u536b\u961f\u9a71\u9010\u8230\u201c\u6751\u96e8\u201d\u53f78\u670830\u65e5\u4ece\u6a2a\u987b\u8d3a\u57fa\u5730\uff08\u795e\u5948\u5ddd\u53bf\uff09\u51fa\u53d1\uff0c\u4f469\u67081\u65e5\u53d1\u73b0\u8239\u4e0a\u67091\u4eba\u611f\u67d3\u65b0\u51a0\u3002", "events": [{"trigger": {"text": "\u6d3e\u9063", "offset": 26, "length": 2}, "object": {"text": "", "offset": 0, "length": 0}, "subject": {"text": "", "offset": 0, "length": 0}}, {"trigger": {"text": "\u51fa\u53d1", "offset": 61, "length": 2}, "object": {"text": "", "offset": 0, "length": 0}, "subject": {"text": "", "offset": 0, "length": 0}}], "arguments": {"time": [{"text": "8\u670830\u65e5", "offset": 44, "length": 5}, {"text": "9\u67081\u65e5", "offset": 65, "length": 4}], "loc": [{"text": "\u6d77\u4e0a", "offset": 31, "length": 2}, {"text": "\u6a2a\u987b\u8d3a\u57fa\u5730", "offset": 50, "length": 5}], "country": [{"text": "\u65e5\u672c", "offset": 12, "length": 2}], "weapon": [{"text": "\u9a71\u9010\u8230\u201c\u6751\u96e8\u201d\u53f7", "offset": 36, "length": 8}]}}, {"sentence": "\u8be5\u8230\u4e00\u5ea6\u8fd4\u56de\u57fa\u5730\u8ba9\u611f\u67d3\u7684\u961f\u5458\u4e0b\u8239\uff0c\u5e76\u8ba8\u8bba\u91cd\u65b0\u51fa\u53d1\u7684\u65f6\u95f4\u3002", "events": [{"trigger": {"text": "\u8fd4\u56de", "offset": 4, "length": 2}, "object": {"text": "", "offset": 0, "length": 0}, "subject": {"text": "", "offset": 0, "length": 0}}], "arguments": {"time": [], "loc": [], "country": [], "weapon": []}}, {"sentence": "\u65e5\u672c\u6d77\u4e0a\u81ea\u536b\u961f\u7684\u201c\u6751\u96e8\u201d\u53f7\u9a71\u9010\u8230", "events": [], "arguments": {"time": [], "loc": [{"text": "\u6d77\u4e0a", "offset": 2, "length": 2}], "country": [{"text": "\u65e5\u672c", "offset": 0, "length": 2}], "weapon": [{"text": "\u201c\u6751\u96e8\u201d\u53f7\u9a71\u9010\u8230", "offset": 8, "length": 8}]}}, {"sentence": "\u65e9\u57287\u6708\uff0c\u96b6\u5c5e\u4e8e\u4f50\u4e16\u4fdd\u57fa\u5730\u7684\u6d77\u81ea\u5b99\u65af\u76fe\u8230\u201c\u8db3\u67c4\u201d\u53f7\u4e5f\u51fa\u73b0\u611f\u67d3\u8005\uff0c\u51fa\u53d1\u53c2\u52a0\u5404\u56fd\u201c\u73af\u592a\u5e73\u6d0b\u201d\u8054\u5408\u6f14\u4e60\u7684\u65f6\u95f4\u63a8\u8fdf\u4e8610\u5929\u3002", "events": [{"trigger": {"text": "\u8054\u5408\u6f14\u4e60", "offset": 44, "length": 4}, "object": {"text": "", "offset": 0, "length": 0}, "subject": {"text": "", "offset": 0, "length": 0}}], "arguments": {"time": [{"text": "7\u6708", "offset": 2, "length": 2}], "loc": [{"text": "\u4f50\u4e16\u4fdd\u57fa\u5730", "offset": 8, "length": 5}, {"text": "\u592a\u5e73\u6d0b", "offset": 40, "length": 3}], "country": [], "weapon": [{"text": "\u6d77\u81ea\u5b99\u65af\u76fe\u8230\u201c\u8db3\u67c4\u201d\u53f7", "offset": 14, "length": 11}]}}, {"sentence": "\u65e5\u672c\u6d77\u81ea\u5b98\u5458\u900f\u9732\uff1a\u201c\u4eca\u540e\u53ef\u80fd\u4e5f\u4f1a\u53d1\u751f\u540c\u6837\u7684\u60c5\u51b5\u3002", "events": [], "arguments": {"time": [], "loc": [], "country": [{"text": "\u65e5\u672c", "offset": 0, "length": 2}], "weapon": []}}, {"sentence": "\u53ea\u80fd\u505a\u597d\u5fc3\u7406\u51c6\u5907\u5236\u5b9a\u76f8\u5e94\u8ba1\u5212\u3002", "events": [], "arguments": {"time": [], "loc": [], "country": [], "weapon": []}}, {"sentence": "\u201d", "events": [], "arguments": {"time": [], "loc": [], "country": [], "weapon": []}}, {"sentence": "\u4e0a\u8ff0\u8230\u8239\u5747\u4e8e\u542f\u822a\u540e\u4e0d\u4e45\u5728\u8239\u4e0a\u5b9e\u65bdPCR\u68c0\u6d4b\uff0c\u539f\u8ba1\u5212\u5728\u65e5\u672c\u8fd1\u6d77\u9017\u755914\u5929\uff0c\u786e\u8ba4\u6ca1\u6709\u51fa\u73b0\u75c7\u72b6\u540e\u524d\u5f80\u5f53\u5730\u3002", "events": [{"trigger": {"text": "\u524d\u5f80", "offset": 45, "length": 2}, "object": {"text": "", "offset": 0, "length": 0}, "subject": {"text": "", "offset": 0, "length": 0}}], "arguments": {"time": [], "loc": [{"text": "\u65e5\u672c\u8fd1\u6d77", "offset": 26, "length": 4}], "country": [{"text": "\u65e5\u672c", "offset": 26, "length": 2}], "weapon": []}}, {"sentence": "\u65e5\u672c\u9632\u536b\u7701\u5b98\u5458\u5bf9\u6b64\u8868\u793a\uff1a\u201c\u6d3e\u9063\u65f6\u95f4\u5c06\u53d8\u957f\uff0c\u961f\u5458\u8d1f\u62c5\u4f1a\u589e\u52a0\uff0c\u4f46\u4f18\u5148\u8003\u8651\u7684\u662f\u907f\u514d\u79bb\u5f00\u65e5\u672c\u540e\u53d1\u751f\u96c6\u4f53\u611f\u67d3\u7684\u98ce\u9669\u3002", "events": [{"trigger": {"text": "\u6d3e\u9063", "offset": 13, "length": 2}, "object": {"text": "", "offset": 0, "length": 0}, "subject": {"text": "", "offset": 0, "length": 0}}], "arguments": {"time": [], "loc": [], "country": [{"text": "\u65e5\u672c", "offset": 0, "length": 2}, {"text": "\u65e5\u672c", "offset": 40, "length": 2}], "weapon": []}}, {"sentence": "\u201d", "events": [], "arguments": {"time": [], "loc": [], "country": [], "weapon": []}}, {"sentence": "\u65e5\u672c\u9646\u4e0a\u81ea\u536b\u961f8\u6708\u4e0b\u65ec\u542f\u52a8\u8bbe\u60f3\u5e94\u5bf9\u5317\u6d77\u9053\u5404\u5730\u201c\u79bb\u5c9b\u201d\u906d\u5165\u4fb5\u653b\u51fb\u7684\u5927\u89c4\u6a21\u6f14\u7ec3\u3002", "events": [{"trigger": {"text": "\u653b\u51fb", "offset": 29, "length": 2}, "object": {"text": "", "offset": 0, "length": 0}, "subject": {"text": "", "offset": 0, "length": 0}}, {"trigger": {"text": "\u6f14\u7ec3", "offset": 35, "length": 2}, "object": {"text": "", "offset": 0, "length": 0}, "subject": {"text": "", "offset": 0, "length": 0}}], "arguments": {"time": [{"text": "8\u6708\u4e0b\u65ec", "offset": 7, "length": 4}], "loc": [{"text": "\u5317\u6d77\u9053", "offset": 17, "length": 3}], "country": [{"text": "\u65e5\u672c", "offset": 0, "length": 2}], "weapon": []}}, {"sentence": "\u6c47\u96c6\u591a\u4e2a\u90e8\u961f\u7684\u6f14\u7ec3\u81ea4\u6708\u4e0b\u65ec\u8d77\u4e5f\u4e00\u76f4\u672a\u4e3e\u884c\uff0c\u800c\u6b64\u6b21\u6f14\u7ec3\u4e5f\u6709\u6765\u81ea\u5317\u6d77\u9053\u4ee5\u5916\u7684\u90e8\u961f\u53c2\u52a0\u3002", "events": [{"trigger": {"text": "\u6f14\u7ec3", "offset": 7, "length": 2}, "object": {"text": "", "offset": 0, "length": 0}, "subject": {"text": "", "offset": 0, "length": 0}}, {"trigger": {"text": "\u6f14\u7ec3", "offset": 25, "length": 2}, "object": {"text": "", "offset": 0, "length": 0}, "subject": {"text": "", "offset": 0, "length": 0}}], "arguments": {"time": [{"text": "4\u6708\u4e0b\u65ec", "offset": 10, "length": 4}], "loc": [], "country": [], "weapon": []}}, {"sentence": "\u9999\u5ddd\u53bf\u7684\u90e8\u961f\u4e5f\u6b63\u5b9e\u65bd\u5229\u7528\u6c11\u95f4\u6e21\u8239\u5728\u5bf9\u9a6c\u5730\u533a\uff08\u957f\u5d0e\u53bf\uff09\u5c55\u5f00\u7684\u6f14\u7ec3\u3002", "events": [{"trigger": {"text": "\u6f14\u7ec3", "offset": 29, "length": 2}, "object": {"text": "", "offset": 0, "length": 0}, "subject": {"text": "", "offset": 0, "length": 0}}], "arguments": {"time": [], "loc": [], "country": [], "weapon": []}}, {"sentence": "\u9646\u4e0a\u81ea\u536b\u961f\u4e3a\u9632\u6b62\u90e8\u961f\u79fb\u52a8\u5bfc\u81f4\u75ab\u60c5\u6269\u5927\uff0c\u4e25\u683c\u8981\u6c42\u961f\u5458\u4f69\u6234\u53e3\u7f69\uff0c\u5e76\u9650\u5236\u5229\u7528\u9ad8\u901f\u516c\u8def\u7684\u4f11\u606f\u7ad9\u7b49\u6c11\u95f4\u8bbe\u65bd\u3002", "events": [], "arguments": {"time": [], "loc": [], "country": [], "weapon": []}}, {"sentence": "\u8bad\u7ec3\u573a\u5c06\u5e10\u7bf7\u4f4f\u5bbf\u4eba\u6570\u964d\u81f3\u5c11\u4e8e\u989d\u5b9a\u4eba\u6570\u7b49\uff0c\u6ce8\u610f\u4fdd\u6301\u793e\u4ea4\u8ddd\u79bb\u3002", "events": [{"trigger": {"text": "\u8bad\u7ec3", "offset": 0, "length": 2}, "object": {"text": "", "offset": 0, "length": 0}, "subject": {"text": "", "offset": 0, "length": 0}}], "arguments": {"time": [], "loc": [], "country": [], "weapon": []}}, {"sentence": "\u65e5\u672c\u9646\u81ea\u5b98\u5458\u79f0\uff1a\u201c\u65b0\u51a0\u75ab\u60c5\u5bf9\u7b56\u4e00\u65b9\u9762\u4e5f\u9020\u6210\u4e86\u8d1f\u62c5\uff0c\u4f46\u53ea\u80fd\u529b\u4e89\u4e0e\u6d3b\u52a8\u505a\u5230\u517c\u987e\u3002", "events": [], "arguments": {"time": [], "loc": [], "country": [{"text": "\u65e5\u672c", "offset": 0, "length": 2}], "weapon": []}}, {"sentence": "\u201d", "events": [], "arguments": {"time": [], "loc": [], "country": [], "weapon": []}}, {"sentence": "\u4e00\u540d\u81ea\u536b\u961f\u5b98\u5458\u63d0\u5230\u75ab\u60c5\u8513\u5ef6\u5bfc\u81f4\u7f8e\u519b\u822a\u6bcd\u9677\u5165\u762b\u75ea\u7684\u4e8b\u4f8b\uff0c\u8868\u793a\u201c\u65b0\u51a0\u75ab\u60c5\u53ef\u80fd\u4f1a\u4e25\u91cd\u9650\u5236\u81ea\u536b\u961f\u7684\u80fd\u529b\uff0c\u6709\u5fc5\u8981\u4fdd\u6301\u6700\u5927\u7a0b\u5ea6\u7684\u8b66\u6212\u201d\u3002", "events": [], "arguments": {"time": [], "loc": [], "country": [{"text": "\u7f8e", "offset": 15, "length": 1}], "weapon": [{"text": "\u822a\u6bcd", "offset": 17, "length": 2}]}}]