[{"sentence": "\u4e3a\u4e86\u7701\u94b1\uff0c\u7f8e\u519b\u5c1d\u8bd5\u7528\u5927\u70ae\u51fb\u843d\u201c\u4fc4\u7f57\u65af\u5de1\u822a\u5bfc\u5f39\u201d", "events": [{"trigger": {"text": "\u51fb\u843d", "offset": 12, "length": 2}, "subject": {"text": "\u7f8e\u519b", "offset": 5, "length": 2}, "object": {"text": "", "offset": 0, "length": 0}}], "arguments": {"time": [], "loc": [], "country": [{"text": "\u7f8e", "offset": 5, "length": 1}, {"text": "\u4fc4\u7f57\u65af", "offset": 15, "length": 3}], "weapon": [{"text": "\u4fc4\u7f57\u65af\u5de1\u822a\u5bfc\u5f39", "offset": 15, "length": 7}, {"text": "\u5927\u70ae", "offset": 10, "length": 2}, {"text": "\u201c\u4fc4\u7f57\u65af\u5de1\u822a\u5bfc\u5f39", "offset": 14, "length": 8}]}}, {"sentence": "\u3010\u73af\u7403\u7f51\u62a5\u9053 \u8bb0\u8005 \u5f90\u7490\u660e\u3011", "events": [], "arguments": {"time": [], "loc": [], "country": [], "weapon": []}}, {"sentence": "\u636e\u300a\u6b27\u4e9a\u65f6\u62a5\u300b9\u67087\u65e5\u62a5\u9053\uff0c\u7f8e\u56fd\u519b\u65b9\u6d4b\u8bd5\u4e86\u4e00\u6b3e\u65b0\u578b\u69b4\u5f39\u70ae\u70ae\u5f39\uff0c\u51fb\u843d\u4e86\u4e00\u67b6\u7528\u4e8e\u6a21\u62df\u5de1\u822a\u5bfc\u5f39\u7684\u65e0\u4eba\u9776\u673a\uff0c\u8fd9\u662f\u7f8e\u56fd\u53d1\u5c55\u62e6\u622a\u5de1\u822a\u5bfc\u5f39\u80fd\u529b\u7684\u91cd\u8981\u4e00\u6b65\u3002", "events": [{"trigger": {"text": "\u6d4b\u8bd5", "offset": 18, "length": 2}, "subject": {"text": "\u7f8e\u56fd\u519b\u65b9", "offset": 14, "length": 4}, "object": {"text": "\u4e00\u6b3e\u65b0\u578b\u69b4\u5f39\u70ae\u70ae\u5f39", "offset": 21, "length": 9}}, {"trigger": {"text": "\u51fb\u843d", "offset": 31, "length": 2}, "subject": {"text": "\u7f8e\u56fd\u519b\u65b9", "offset": 14, "length": 4}, "object": {"text": "\u4e00\u67b6\u7528\u4e8e\u6a21\u62df\u5de1\u822a\u5bfc\u5f39\u7684\u65e0\u4eba\u9776\u673a", "offset": 34, "length": 15}}, {"trigger": {"text": "\u62e6\u622a", "offset": 56, "length": 2}, "object": {"text": "", "offset": 0, "length": 0}, "subject": {"text": "", "offset": 0, "length": 0}}], "arguments": {"time": [{"text": "9\u67087\u65e5", "offset": 7, "length": 4}], "loc": [], "country": [{"text": "\u7f8e\u56fd", "offset": 52, "length": 2}, {"text": "\u7f8e\u56fd", "offset": 14, "length": 2}], "weapon": [{"text": "\u65b0\u578b\u69b4\u5f39\u70ae\u70ae\u5f39", "offset": 23, "length": 7}, {"text": "\u5de1\u822a\u5bfc\u5f39", "offset": 58, "length": 4}, {"text": "\u69b4\u5f39\u70ae\u70ae\u5f39", "offset": 25, "length": 5}, {"text": "\u65e0\u4eba\u9776\u673a", "offset": 45, "length": 4}]}}, {"sentence": "\u62a5\u9053\u79f0\uff0c\u8fd9\u6b21\u6d4b\u8bd5\u4e8e\u4e0a\u5468\u4e09\uff089\u67082\u65e5\uff09\u5728\u65b0\u58a8\u897f\u54e5\u5dde\u7684\u767d\u6c99\u5bfc\u5f39\u9776\u573a\u8fdb\u884c\uff0c\u4e00\u8f86M109A6\u81ea\u884c\u69b4\u5f39\u70ae\u5411\u4e00\u67b6\u7684BQM-157\u65e0\u4eba\u9776\u673a\u53d1\u5c04\u4e86\u4e00\u679a155\u6beb\u7c73\u53e3\u5f84\u7684\u8d85\u9ad8\u901f\u70ae\u5f39\uff0c\u5e76\u6210\u529f\u5c06\u5176\u51fb\u843d\u3002", "events": [{"trigger": {"text": "\u51fb\u843d", "offset": 86, "length": 2}, "subject": {"text": "M109A6\u81ea\u884c\u69b4\u5f39\u70ae", "offset": 36, "length": 11}, "object": {"text": "\u4e00\u67b6\u7684BQM-157\u65e0\u4eba\u9776\u673a", "offset": 48, "length": 14}}, {"trigger": {"text": "\u6d4b\u8bd5", "offset": 6, "length": 2}, "object": {"text": "", "offset": 0, "length": 0}, "subject": {"text": "", "offset": 0, "length": 0}}], "arguments": {"time": [{"text": "\u4e0a\u5468\u4e09\uff089\u67082\u65e5\uff09", "offset": 9, "length": 9}], "loc": [{"text": "\u65b0\u58a8\u897f\u54e5\u5dde\u7684\u767d\u6c99\u5bfc\u5f39\u9776\u573a", "offset": 19, "length": 12}], "country": [], "weapon": [{"text": "M109A6\u81ea\u884c\u69b4\u5f39\u70ae", "offset": 36, "length": 11}, {"text": "155\u6beb\u7c73\u53e3\u5f84\u7684\u8d85\u9ad8\u901f\u70ae\u5f39", "offset": 67, "length": 13}, {"text": "BQM-157\u65e0\u4eba\u9776\u673a", "offset": 51, "length": 11}]}}, {"sentence": "\u5bf9\u7f8e\u56fd\u519b\u65b9\u6765\u8bf4\uff0c\u8fd9\u6b21\u6d4b\u8bd5\u8bc1\u5b9e\u8fd9\u79cd\u70ae\u5f39\u5177\u5907\u51fb\u843d\u654c\u65b9\u7a7a\u4e2d\u76ee\u6807\u7684\u80fd\u529b\uff0c\u8be5\u9879\u6280\u672f\u7684\u5f00\u53d1\u53ef\u4ee5\u4e3a\u7f8e\u519b\u5728\u672a\u6765\u7684\u6218\u4e89\u4e2d\u8282\u7701\u6570\u5341\u4ebf\u7f8e\u5143\u3002", "events": [{"trigger": {"text": "\u5f00\u53d1", "offset": 37, "length": 2}, "object": {"text": "", "offset": 0, "length": 0}, "subject": {"text": "", "offset": 0, "length": 0}}], "arguments": {"time": [], "loc": [], "country": [{"text": "\u7f8e\u56fd", "offset": 1, "length": 2}], "weapon": [{"text": "\u70ae\u5f39", "offset": 16, "length": 2}]}}, {"sentence": "\u6b64\u6b21\u6d4b\u8bd5\u6240\u4f7f\u7528\u7684BQM-157\u65e0\u4eba\u9776\u673a\u4e00\u822c\u662f\u7528\u6765\u6a21\u62df\u4fc4\u7f57\u65af\u7684\u4e9a\u97f3\u901f\u5de1\u822a\u5bfc\u5f39\u3002", "events": [{"trigger": {"text": "\u6d4b\u8bd5", "offset": 2, "length": 2}, "object": {"text": "", "offset": 0, "length": 0}, "subject": {"text": "", "offset": 0, "length": 0}}], "arguments": {"time": [], "loc": [], "country": [{"text": "\u4fc4\u7f57\u65af", "offset": 26, "length": 3}], "weapon": [{"text": "BQM-157\u65e0\u4eba\u9776\u673a", "offset": 8, "length": 11}, {"text": "\u4e9a\u97f3\u901f\u5de1\u822a\u5bfc\u5f39", "offset": 30, "length": 7}]}}, {"sentence": "\u6d4b\u8bd5\u7531\u7f8e\u56fd\u9646\u519b\u548c\u6d77\u519b\u8054\u5408\u4e3b\u5bfc\u8fdb\u884c\uff0c\u8fd9\u79cd\u65b0\u578b\u8d85\u9ad8\u901f\u70ae\u5f39\u8fd8\u8ba1\u5212\u88c5\u5907\u5230\u519b\u8230\u4e0a\u3002", "events": [{"trigger": {"text": "\u6d4b\u8bd5", "offset": 0, "length": 2}, "object": {"text": "", "offset": 0, "length": 0}, "subject": {"text": "", "offset": 0, "length": 0}}], "arguments": {"time": [], "loc": [], "country": [{"text": "\u7f8e\u56fd", "offset": 3, "length": 2}], "weapon": [{"text": "\u65b0\u578b\u8d85\u9ad8\u901f\u70ae\u5f39", "offset": 19, "length": 7}, {"text": "\u519b\u8230", "offset": 32, "length": 2}, {"text": "\u8d85\u9ad8\u901f\u70ae\u5f39", "offset": 21, "length": 5}]}}, {"sentence": "\u867d\u7136\u7528\u8f83\u5c0f\u7684\u8d85\u9ad8\u901f\u70ae\u5f39\u6765\u51fb\u843d\u6765\u88ad\u5bfc\u5f39\u7684\u60f3\u6cd5\u662f\u5177\u6709\u7a81\u7834\u6027\u7684\uff0c\u4f46\u76ee\u524d\u8fd8\u4e0d\u6e05\u695a\u8be5\u6b66\u5668\u7cfb\u7edf\u80fd\u5426\u51fb\u843d\u8d85\u97f3\u901f\u6216\u662f\u9ad8\u8d85\u97f3\u901f\u5bfc\u5f39\u3002", "events": [{"trigger": {"text": "\u51fb\u843d", "offset": 43, "length": 2}, "object": {"text": "", "offset": 0, "length": 0}, "subject": {"text": "", "offset": 0, "length": 0}}], "arguments": {"time": [], "loc": [], "country": [], "weapon": [{"text": "\u8f83\u5c0f\u7684\u8d85\u9ad8\u901f\u70ae\u5f39", "offset": 3, "length": 8}, {"text": "\u8d85\u97f3\u901f\u6216\u662f\u9ad8\u8d85\u97f3\u901f\u5bfc\u5f39", "offset": 45, "length": 11}, {"text": "\u8d85\u9ad8\u901f\u70ae\u5f39", "offset": 6, "length": 5}, {"text": "\u9ad8\u8d85\u97f3\u901f\u5bfc\u5f39", "offset": 50, "length": 6}]}}, {"sentence": "\u7f8e\u56fd\u7a7a\u519b\u7684\u9996\u5e2d\u79d1\u5b66\u987e\u95ee\u5a01\u5c14\u00b7\u7f57\u73c0\u8868\u793a\u201c\u4f7f\u7528\u5766\u514b\u6765\u51fb\u843d\u5de1\u822a\u5bfc\u5f39\u662f\u5f88\u68d2\u7684\u4e3b\u610f\u201d\uff0c\u5728\u53cd\u5bfc\u9886\u57df\u4f7f\u7528\u8d85\u9ad8\u901f\u70ae\u5f39\u6280\u672f\u5bf9\u4ed6\u6765\u8bf4\u500d\u611f\u4eb2\u5207\uff0c\u5b9e\u9645\u4e0a\u8fd9\u9879\u7814\u7a76\u5de5\u4f5c\u57282013\u5e74\u5c31\u5df2\u7ecf\u5f00\u59cb\uff0c\u800c\u4ed6\u5f53\u65f6\u6b63\u4e3b\u5bfc\u8fd9\u9879\u7814\u53d1\u3002", "events": [{"trigger": {"text": "\u7814\u7a76", "offset": 66, "length": 2}, "object": {"text": "", "offset": 0, "length": 0}, "subject": {"text": "", "offset": 0, "length": 0}}, {"trigger": {"text": "\u7814\u53d1", "offset": 91, "length": 2}, "object": {"text": "", "offset": 0, "length": 0}, "subject": {"text": "", "offset": 0, "length": 0}}], "arguments": {"time": [{"text": "2013\u5e74", "offset": 71, "length": 5}], "loc": [], "country": [{"text": "\u7f8e\u56fd", "offset": 0, "length": 2}], "weapon": [{"text": "\u5de1\u822a\u5bfc\u5f39", "offset": 26, "length": 4}, {"text": "\u5766\u514b", "offset": 21, "length": 2}]}}, {"sentence": "\u4e5f\u6709\u7f8e\u56fd\u4e13\u5bb6\u8868\u793a\uff0c\u8fd9\u79cd\u6b66\u5668\u7cfb\u7edf\u66f4\u4e3a\u7701\u94b1\u3002", "events": [], "arguments": {"time": [], "loc": [], "country": [{"text": "\u7f8e\u56fd", "offset": 2, "length": 2}], "weapon": []}}, {"sentence": "\u4ed6\u4eec\u53ef\u4ee5\u66ff\u4ee3\u73b0\u6709\u7684\u4e2d\u7a0b\u9632\u7a7a\u7cfb\u7edf\uff0c\u4ee5\u786e\u4fdd\u6218\u7565\u8981\u5730\u7684\u5b89\u5168\uff0c\u63d0\u4f9b\u6bd4\u5bfc\u5f39\u7cfb\u7edf\u66f4\u4fbf\u5b9c\u7684\u9009\u62e9\uff0c\u800c\u4e14\u5728\u540e\u52e4\u7ef4\u62a4\u65b9\u9762\u4e5f\u66f4\u4e3a\u5bb9\u6613\u3002", "events": [], "arguments": {"time": [], "loc": [], "country": [], "weapon": [{"text": "\u4e2d\u7a0b\u9632\u7a7a\u7cfb\u7edf", "offset": 9, "length": 6}, {"text": "\u5bfc\u5f39\u7cfb\u7edf", "offset": 30, "length": 4}]}}]