[{"sentence": "\u5357\u6d77\u6218\u7565\u6001\u52bf\u611f\u77e5\uff1a\u7f8e\u9646\u519b\u4fa6\u5bdf\u673a\u4ece\u51b2\u7ef3\u8d77\u98de\u5f80\u5e7f\u4e1c\u65b9\u5411\u4fa6\u5bdf", "events": [{"trigger": {"text": "\u4fa6\u5bdf", "offset": 25, "length": 2}, "subject": {"text": "\u7f8e\u9646\u519b\u4fa6\u5bdf\u673a", "offset": 9, "length": 6}, "object": {"text": "", "offset": 0, "length": 0}}], "arguments": {"time": [], "loc": [{"text": "\u51b2\u7ef3", "offset": 16, "length": 2}, {"text": "\u5e7f\u4e1c", "offset": 21, "length": 2}, {"text": "\u5357\u6d77", "offset": 0, "length": 2}], "country": [{"text": "\u7f8e", "offset": 9, "length": 1}], "weapon": [{"text": "\u4fa6\u5bdf\u673a", "offset": 12, "length": 3}]}}, {"sentence": "\u636e\u201c\u5357\u6d77\u6218\u7565\u6001\u52bf\u611f\u77e5\u201d\u667a\u5e93\u5b98\u65b9\u5fae\u535a\u6d88\u606f\uff0c9\u67087\u65e5\uff0c\u7f8e\u9646\u519b1\u67b6\u7f16\u53f7\u4e3aN488CR\u7684CL-604\u4fa6\u5bdf\u673a\uff08A60693\uff09\u4ece\u51b2\u7ef3\u5609\u624b\u7eb3\u57fa\u5730\u8d77\u98de\uff0c\u524d\u5f80\u5e7f\u4e1c\u65b9\u5411\u5f00\u5c55\u4fa6\u5bdf\u884c\u52a8\u3002", "events": [{"trigger": {"text": "\u5f00\u5c55", "offset": 74, "length": 2}, "subject": {"text": "\u7f8e\u9646\u519b1\u67b6\u7f16\u53f7\u4e3aN488CR\u7684CL-604\u4fa6\u5bdf\u673a\uff08A60693\uff09", "offset": 25, "length": 32}, "object": {"text": "\u4fa6\u5bdf\u884c\u52a8", "offset": 76, "length": 4}}, {"trigger": {"text": "\u4fa6\u5bdf\u884c\u52a8", "offset": 76, "length": 4}, "object": {"text": "", "offset": 0, "length": 0}, "subject": {"text": "", "offset": 0, "length": 0}}], "arguments": {"time": [{"text": "9\u67087\u65e5", "offset": 20, "length": 4}], "loc": [{"text": "\u51b2\u7ef3\u5609\u624b\u7eb3\u57fa\u5730", "offset": 58, "length": 7}, {"text": "\u5e7f\u4e1c\u65b9\u5411", "offset": 70, "length": 4}, {"text": "\u5357\u6d77", "offset": 2, "length": 2}, {"text": "\u5e7f\u4e1c", "offset": 70, "length": 2}], "country": [{"text": "\u7f8e", "offset": 25, "length": 1}], "weapon": [{"text": "CL-604\u4fa6\u5bdf\u673a\uff08A60693\uff09", "offset": 40, "length": 17}]}}, {"sentence": "\u53e6\u5916\uff0c\u8fd8\u6709\u7f8e\u7a7a\u519b1\u67b6RC-135W\uff08AE01CE\uff09\u7535\u5b50\u4fa6\u5bdf\u673a\u548c1\u67b6RC-135S\uff08AE01D6\uff09\u5bfc\u5f39\u76d1\u89c6\u673a\u4ece\u65e5\u672c\u6a2a\u7530\u8f6c\u573a\u81f3\u51b2\u7ef3\u5609\u624b\u7eb3\uff0c\u9884\u8ba1\u5c06\u4e8e\u8fd1\u671f\u5bf9\u4e2d\u56fd\u5f00\u5c55\u8fdb\u4e00\u6b65\u4fa6\u5bdf\u3002", "events": [{"trigger": {"text": "\u4fa6\u5bdf", "offset": 81, "length": 2}, "subject": {"text": "\u7f8e\u7a7a\u519b", "offset": 5, "length": 3}, "object": {"text": "\u4e2d\u56fd", "offset": 74, "length": 2}}], "arguments": {"time": [], "loc": [{"text": "\u6a2a\u7530", "offset": 56, "length": 2}, {"text": "\u51b2\u7ef3\u5609\u624b\u7eb3", "offset": 61, "length": 5}], "country": [{"text": "\u7f8e", "offset": 5, "length": 1}, {"text": "\u65e5\u672c", "offset": 54, "length": 2}, {"text": "\u4e2d\u56fd", "offset": 74, "length": 2}], "weapon": [{"text": "RC-135W\uff08AE01CE\uff09\u7535\u5b50\u4fa6\u5bdf\u673a", "offset": 10, "length": 20}, {"text": "RC-135S\uff08AE01D6\uff09\u5bfc\u5f39\u76d1\u89c6\u673a", "offset": 33, "length": 20}]}}]