[{"sentence": "\u5370\u5ea6\u6210\u529f\u6d4b\u8bd5\u9996\u6b3e\u56fd\u4ea7\u9ad8\u8d85\u97f3\u901f\u98de\u884c\u5668\u00a0\u7528\u70c8\u706b\u5f39\u9053\u5bfc\u5f39\u9001\u4e0a\u5929", "events": [{"trigger": {"text": "\u6210\u529f\u6d4b\u8bd5", "offset": 2, "length": 4}, "subject": {"text": "\u5370\u5ea6", "offset": 0, "length": 2}, "object": {"text": "\u56fd\u4ea7\u9ad8\u8d85\u97f3\u901f\u98de\u884c\u5668\u00a0", "offset": 8, "length": 10}}, {"trigger": {"text": "\u6d4b\u8bd5", "offset": 4, "length": 2}, "object": {"text": "", "offset": 0, "length": 0}, "subject": {"text": "", "offset": 0, "length": 0}}], "arguments": {"time": [], "loc": [], "country": [{"text": "\u5370\u5ea6", "offset": 0, "length": 2}], "weapon": [{"text": "\u56fd\u4ea7\u9ad8\u8d85\u97f3\u901f\u98de\u884c\u5668", "offset": 8, "length": 9}, {"text": "\u70c8\u706b\u5f39\u9053\u5bfc\u5f39", "offset": 19, "length": 6}, {"text": "\u9ad8\u8d85\u97f3\u901f\u98de\u884c\u5668", "offset": 10, "length": 7}]}}, {"sentence": "\u3010\u73af\u7403\u7f51\u62a5\u9053 \u8bb0\u8005 \u5f90\u7490\u660e\u3011", "events": [], "arguments": {"time": [], "loc": [], "country": [], "weapon": []}}, {"sentence": "\u5370\u5ea6\u4e8e9\u67087\u65e5\u6210\u529f\u53d1\u5c04\u4e86\u56fd\u4ea7\u9ad8\u8d85\u97f3\u901f\u6d4b\u8bd5\u6f14\u793a\u673a\uff0c\u5370\u5ea6\u5a92\u4f53\u79f0\u5370\u5ea6\u6210\u529f\u52a0\u5165\u4e86\u201c\u9ad8\u8d85\u97f3\u901f\u5bfc\u5f39\u4ff1\u4e50\u90e8\u201d", "events": [{"trigger": {"text": "\u6210\u529f\u53d1\u5c04", "offset": 7, "length": 4}, "subject": {"text": "\u5370\u5ea6", "offset": 29, "length": 2}, "object": {"text": "\u56fd\u4ea7\u9ad8\u8d85\u97f3\u901f\u6d4b\u8bd5\u6f14\u793a\u673a", "offset": 12, "length": 11}}], "arguments": {"time": [{"text": "9\u67087\u65e5", "offset": 3, "length": 4}], "loc": [], "country": [{"text": "\u5370\u5ea6", "offset": 29, "length": 2}, {"text": "\u5370\u5ea6", "offset": 0, "length": 2}, {"text": "\u5370\u5ea6", "offset": 24, "length": 2}], "weapon": [{"text": "\u56fd\u4ea7\u9ad8\u8d85\u97f3\u901f\u6d4b\u8bd5\u6f14\u793a\u673a", "offset": 12, "length": 11}]}}, {"sentence": "\u636e\u300a\u5370\u5ea6\u65af\u5766\u65f6\u62a5\u300b9\u67087\u65e5\u62a5\u9053\uff0c\u5370\u5ea6\u6210\u529f\u5728\u4f4d\u4e8e\u5df4\u62c9\u7d22\u5c14\u7684APJ Abdul Kalam\u8bd5\u9a8c\u573a\u6210\u529f\u5bf9\u8be5\u56fd\u7814\u53d1\u7684\u9ad8\u8d85\u97f3\u901f\u6d4b\u8bd5\u6f14\u793a\u673a(HSTDV)\u8fdb\u884c\u4e86\u6d4b\u8bd5\u3002", "events": [{"trigger": {"text": "\u6d4b\u8bd5", "offset": 73, "length": 2}, "object": {"text": "", "offset": 0, "length": 0}, "subject": {"text": "", "offset": 0, "length": 0}}], "arguments": {"time": [{"text": "9\u67087\u65e5", "offset": 9, "length": 4}], "loc": [{"text": "\u5df4\u62c9\u7d22\u5c14\u7684APJ Abdul Kalam\u8bd5\u9a8c\u573a", "offset": 23, "length": 23}], "country": [{"text": "\u5370\u5ea6", "offset": 16, "length": 2}], "weapon": [{"text": "\u9ad8\u8d85\u97f3\u901f\u6d4b\u8bd5\u6f14\u793a\u673a(HSTDV)", "offset": 54, "length": 16}]}}, {"sentence": "\u62a5\u9053\u79f0\uff0c\u8fd9\u79cd\u56fd\u4ea7\u9ad8\u8d85\u97f3\u901f\u6280\u672f\u5c06\u4e3a\u5370\u5ea6\u7814\u53d16\u9a6c\u8d6b\u7684\u9ad8\u8d85\u97f3\u901f\u5bfc\u5f39\u94fa\u5e73\u9053\u8def\uff0c\u5370\u5ea6\u6210\u4e3a\u7ee7\u7f8e\u56fd\u3001\u4fc4\u7f57\u65af\u548c\u4e2d\u56fd\u4e4b\u540e\u7684\u7b2c4\u4e2a\u6210\u529f\u6d4b\u8bd5\u9ad8\u8d85\u97f3\u901f\u6280\u672f\u7684\u56fd\u5bb6\uff0c\u52a0\u5165\u4e86\u201c\u9ad8\u8d85\u97f3\u901f\u5bfc\u5f39\u4ff1\u4e50\u90e8\u201d\u3002", "events": [{"trigger": {"text": "\u7814\u53d1", "offset": 18, "length": 2}, "subject": {"text": "\u5370\u5ea6", "offset": 35, "length": 2}, "object": {"text": "6\u9a6c\u8d6b\u7684\u9ad8\u8d85\u97f3\u901f\u5bfc\u5f39", "offset": 20, "length": 10}}, {"trigger": {"text": "\u6d4b\u8bd5", "offset": 57, "length": 2}, "object": {"text": "", "offset": 0, "length": 0}, "subject": {"text": "", "offset": 0, "length": 0}}], "arguments": {"time": [], "loc": [], "country": [{"text": "\u5370\u5ea6", "offset": 35, "length": 2}, {"text": "\u7f8e\u56fd", "offset": 40, "length": 2}, {"text": "\u4fc4\u7f57\u65af", "offset": 43, "length": 3}, {"text": "\u4e2d\u56fd", "offset": 47, "length": 2}, {"text": "\u5370\u5ea6", "offset": 16, "length": 2}], "weapon": []}}, {"sentence": "\u62a5\u9053\u79f0\uff0c\u6b64\u6b21\u6d4b\u8bd5\u7531\u5370\u5ea6\u56fd\u9632\u7814\u7a76\u4e0e\u53d1\u5c55\u7ec4\u7ec7(DRDO)\u8fdb\u884c\uff0cHSTDV\u7531\u4e00\u679a\u201c\u70c8\u706b\u201d\u5bfc\u5f39\u642d\u8f7d\u5347\u7a7a\uff0c\u6d4b\u8bd5\u4e00\u5171\u6301\u7eed\u4e865\u5206\u949f\u3002", "events": [{"trigger": {"text": "\u642d\u8f7d\u5347\u7a7a", "offset": 43, "length": 4}, "object": {"text": "", "offset": 0, "length": 0}, "subject": {"text": "", "offset": 0, "length": 0}}, {"trigger": {"text": "\u6d4b\u8bd5", "offset": 48, "length": 2}, "object": {"text": "", "offset": 0, "length": 0}, "subject": {"text": "", "offset": 0, "length": 0}}], "arguments": {"time": [], "loc": [], "country": [{"text": "\u5370\u5ea6", "offset": 9, "length": 2}], "weapon": [{"text": "\u201c\u70c8\u706b\u201d\u5bfc\u5f39", "offset": 37, "length": 6}]}}, {"sentence": "\u76f8\u5173\u4eba\u58eb\u8868\u793a\uff0c\u8fd9\u6b21\u6d4b\u8bd5\u610f\u5473\u7740DRDO\u6709\u80fd\u529b\u5728\u672a\u67655\u5e74\u5185\u7814\u53d1\u51fa\u914d\u5907\u8d85\u71c3\u51b2\u538b\u53d1\u52a8\u673a\u7684\u9ad8\u8d85\u97f3\u901f\u5bfc\u5f39\uff0c\u5176\u98de\u884c\u901f\u5ea6\u5c06\u8d85\u8fc7\u6bcf\u79d2\u949f\u4e24\u516c\u91cc\u3002", "events": [{"trigger": {"text": "\u7814\u53d1\u51fa", "offset": 27, "length": 3}, "object": {"text": "", "offset": 0, "length": 0}, "subject": {"text": "", "offset": 0, "length": 0}}, {"trigger": {"text": "\u914d\u5907", "offset": 30, "length": 2}, "object": {"text": "", "offset": 0, "length": 0}, "subject": {"text": "", "offset": 0, "length": 0}}], "arguments": {"time": [], "loc": [], "country": [], "weapon": [{"text": "\u9ad8\u8d85\u97f3\u901f\u5bfc\u5f39", "offset": 40, "length": 6}]}}, {"sentence": "DRDO\u79f0\uff0c\u5bf9HSTDV\u7684\u6240\u6709\u53c2\u6570\u90fd\u8fdb\u884c\u4e86\u6d4b\u8bd5\uff0c\u5305\u62ec\u71c3\u70e7\u5ba4\u538b\u529b\u3001\u8fdb\u6c14\u53e3\u7ed3\u6784\u548c\u63a7\u5236\u5236\u5bfc\u6280\u672f\u7b49\u3002", "events": [{"trigger": {"text": "\u6d4b\u8bd5", "offset": 21, "length": 2}, "object": {"text": "", "offset": 0, "length": 0}, "subject": {"text": "", "offset": 0, "length": 0}}], "arguments": {"time": [], "loc": [], "country": [], "weapon": [{"text": "HSTDV", "offset": 7, "length": 5}]}}, {"sentence": "\u62a5\u9053\u8fd8\u62ab\u9732\u6b64\u6b21\u6d4b\u8bd5\u5177\u4f53\u7ec6\u8282\uff0c\u5728\u5f53\u5730\u65f6\u95f47\u65e5\u4e0a\u534811\u70b903\u5206\uff0c\u201c\u70c8\u706b\u201d\u5bfc\u5f39\u7684\u52a9\u63a8\u5668\u5c06HSTDV\u5e26\u5230\u4e8630\u516c\u91cc\u7684\u9ad8\u5ea6\uff0c\u4e4b\u540eHSTDV\u5206\u79bb\u3002", "events": [{"trigger": {"text": "\u6d4b\u8bd5", "offset": 7, "length": 2}, "object": {"text": "", "offset": 0, "length": 0}, "subject": {"text": "", "offset": 0, "length": 0}}], "arguments": {"time": [{"text": "7\u65e5\u4e0a\u534811\u70b903\u5206", "offset": 19, "length": 10}], "loc": [], "country": [], "weapon": [{"text": "HSTDV", "offset": 59, "length": 5}, {"text": "\u201c\u70c8\u706b\u201d\u5bfc\u5f39", "offset": 30, "length": 6}]}}, {"sentence": "\u968f\u540eHSTDV\u7684\u8fdb\u6c14\u53e3\u6253\u5f00\uff0c\u8d85\u71c3\u51b2\u538b\u53d1\u52a8\u673a\u6210\u529f\u70b9\u706b\uff0c\u71c3\u70e7\u6301\u7eed\u4e8620\u591a\u79d2\uff0c\u98de\u884c\u901f\u5ea6\u8fbe\u5230\u4e866\u9a6c\u8d6b\u3002", "events": [], "arguments": {"time": [], "loc": [], "country": [], "weapon": [{"text": "HSTDV", "offset": 2, "length": 5}]}}, {"sentence": "\u4e00\u4f4d\u5370\u5ea6\u9ad8\u7ea7\u5b98\u5458\u8bf4\uff1a\u201c\u4ece\u6240\u6709\u9884\u5b9a\u53c2\u6570\u4e0a\u770b\u8be5\u6f14\u793a\u673a\u90fd\u8868\u73b0\u51fa\u6210\u529f\uff0c\u5305\u62ec\u5728\u5e94\u5bf92500\u6444\u6c0f\u5ea6\u7684\u71c3\u70e7\u6e29\u5ea6\u548c\u7a7a\u6c14\u6d41\u4f53\u901f\u5ea6\u7684\u80fd\u529b\u7b49\u65b9\u9762\u3002", "events": [], "arguments": {"time": [], "loc": [], "country": [{"text": "\u5370\u5ea6", "offset": 2, "length": 2}], "weapon": []}}, {"sentence": "\u201d", "events": [], "arguments": {"time": [], "loc": [], "country": [], "weapon": []}}, {"sentence": "\u5370\u5ea6\u56fd\u9632\u90e8\u957f\u8f9b\u683c\u5728\u6d4b\u8bd5\u7ed3\u675f\u540e\u7acb\u5373\u5411DRDO\u8868\u793a\u795d\u8d3a\uff0c\u5e76\u8d5e\u626c\u4e86\u4ed6\u4eec\u5728\u81ea\u4e3b\u7814\u53d1\u8d85\u71c3\u51b2\u538b\u53d1\u52a8\u673a\u65b9\u9762\u7684\u52aa\u529b\u3002", "events": [{"trigger": {"text": "\u81ea\u4e3b\u7814\u53d1", "offset": 33, "length": 4}, "object": {"text": "", "offset": 0, "length": 0}, "subject": {"text": "", "offset": 0, "length": 0}}], "arguments": {"time": [], "loc": [], "country": [{"text": "\u5370\u5ea6", "offset": 0, "length": 2}], "weapon": []}}, {"sentence": "\u4ed6\u8d5e\u626c\u8bf4\uff0c\u8fd9\u662f\u5b9e\u73b0\u201c\u81ea\u7ed9\u81ea\u8db3\u7684\u5370\u5ea6\u201d\u613f\u666f\u91cc\u7a0b\u7891\u5f0f\u7684\u6210\u5c31\u3002", "events": [], "arguments": {"time": [], "loc": [], "country": [{"text": "\u5370\u5ea6", "offset": 15, "length": 2}], "weapon": []}}, {"sentence": "\u201c\u4eca\u5929\uff0cDRDO\u6210\u529f\u8bd5\u98de\u4e86\u81ea\u4e3b\u7814\u53d1\u7684\u8d85\u71c3\u51b2\u538b\u53d1\u52a8\u673a\u63a8\u8fdb\u9ad8\u8d85\u97f3\u901f\u6280\u672f\u6f14\u793a\u98de\u884c\u5668\uff0c\u968f\u7740\u8fd9\u6b21\u6d4b\u8bd5\u7684\u6210\u529f\uff0c\u6240\u6709\u5173\u952e\u6280\u672f\u73b0\u5728\u90fd\u5df2\u7ecf\u5efa\u7acb\u8d77\u6765\uff0c\u51c6\u5907\u8fdb\u5165\u4e0b\u4e00\u9636\u6bb5\uff0c\u201d\u8f9b\u683c\u5728\u793e\u4ea4\u5a92\u4f53\u4e0a\u5199\u9053\u3002", "events": [{"trigger": {"text": "\u98de\u884c", "offset": 35, "length": 2}, "object": {"text": "", "offset": 0, "length": 0}, "subject": {"text": "", "offset": 0, "length": 0}}, {"trigger": {"text": "\u6d4b\u8bd5", "offset": 43, "length": 2}, "object": {"text": "", "offset": 0, "length": 0}, "subject": {"text": "", "offset": 0, "length": 0}}, {"trigger": {"text": "\u8fdb\u5165", "offset": 67, "length": 2}, "object": {"text": "", "offset": 0, "length": 0}, "subject": {"text": "", "offset": 0, "length": 0}}], "arguments": {"time": [], "loc": [], "country": [], "weapon": []}}, {"sentence": "\u62a5\u9053\u79f0\uff0cHSTDV\u662f\u4e00\u79cd\u7528\u4e8e\u9ad8\u8d85\u97f3\u901f\u98de\u884c\u5668\u7814\u7a76\u7684\u8d85\u71c3\u51b2\u538b\u53d1\u52a8\u673a\u6f14\u793a\u9a8c\u8bc1\u673a\uff0c\u9664\u4e86\u672a\u6765\u80fd\u591f\u65e0\u62e5\u6709\u8fdc\u7a0b\u5de1\u822a\u5bfc\u5f39\u7684\u7814\u53d1\u4e4b\u5916\uff0c\u8fd9\u9879\u6280\u672f\u8fd8\u6709\u591a\u79cd\u6c11\u7528\u5e94\u7528\u3002", "events": [{"trigger": {"text": "\u7814\u7a76", "offset": 21, "length": 2}, "object": {"text": "", "offset": 0, "length": 0}, "subject": {"text": "", "offset": 0, "length": 0}}, {"trigger": {"text": "\u7814\u53d1", "offset": 53, "length": 2}, "object": {"text": "", "offset": 0, "length": 0}, "subject": {"text": "", "offset": 0, "length": 0}}], "arguments": {"time": [], "loc": [], "country": [], "weapon": [{"text": "HSTDV", "offset": 4, "length": 5}, {"text": "\u8fdc\u7a0b\u5de1\u822a\u5bfc\u5f39", "offset": 46, "length": 6}]}}, {"sentence": "\u636e\u5370\u5ea6\u653f\u5e9c\u5b98\u5458\u8bf4\uff0c\u5b83\u8fd8\u53ef\u4ee5\u62e5\u6709\u4f4e\u6210\u672c\u5730\u53d1\u5c04\u536b\u661f\u3002", "events": [{"trigger": {"text": "\u53d1\u5c04", "offset": 19, "length": 2}, "object": {"text": "", "offset": 0, "length": 0}, "subject": {"text": "", "offset": 0, "length": 0}}], "arguments": {"time": [], "loc": [], "country": [{"text": "\u5370\u5ea6", "offset": 1, "length": 2}], "weapon": []}}, {"sentence": "HSTDV\u98de\u884c\u5668\u5b89\u88c5\u5728\u56fa\u4f53\u706b\u7bad\u53d1\u52a8\u673a\u4e0a\uff0c\u901a\u8fc7\u706b\u7bad\u8fd0\u9001\u5230\u6240\u9700\u7684\u9ad8\u5ea6\uff0c\u4e00\u65e6\u8fbe\u5230\u4e00\u5b9a\u7684\u9a6c\u8d6b\u6570\uff0c\u98de\u884c\u5668\u5c31\u4f1a\u4e0e\u8fd0\u8f7d\u706b\u7bad\u5206\u79bb\uff0c\u968f\u540e\u8d85\u71c3\u51b2\u538b\u53d1\u52a8\u673a\u5c06\u81ea\u52a8\u542f\u52a8\u3002", "events": [{"trigger": {"text": "\u98de\u884c", "offset": 5, "length": 2}, "object": {"text": "", "offset": 0, "length": 0}, "subject": {"text": "", "offset": 0, "length": 0}}], "arguments": {"time": [], "loc": [], "country": [], "weapon": [{"text": "\u98de\u884c\u5668", "offset": 44, "length": 3}]}}]