[{"sentence": "\u7f8e\u5a92\uff1a\u4e3a\u6297\u8861\u4e2d\u4fc4\uff0c\u7f8e\u56fd\u9646\u519b\u6b63\u6253\u9020\u4e00\u6b3e\u201c\u5168\u80fd\u201d\u5bfc\u5f39", "events": [{"trigger": {"text": "\u6253\u9020", "offset": 14, "length": 2}, "subject": {"text": "\u7f8e\u56fd\u9646\u519b", "offset": 9, "length": 4}, "object": {"text": "\u201c\u5168\u80fd\u201d\u5bfc\u5f39", "offset": 18, "length": 6}}], "arguments": {"time": [], "loc": [], "country": [{"text": "\u7f8e\u56fd", "offset": 9, "length": 2}, {"text": "\u4e2d", "offset": 6, "length": 1}, {"text": "\u4fc4", "offset": 7, "length": 1}], "weapon": [{"text": "\u201c\u5168\u80fd\u201d\u5bfc\u5f39", "offset": 18, "length": 6}]}}, {"sentence": "\u3010\u73af\u7403\u7f51\u62a5\u9053 \u8bb0\u8005 \u5f90\u7490\u660e\u3011", "events": [], "arguments": {"time": [], "loc": [], "country": [], "weapon": []}}, {"sentence": "\u636e\u7f8e\u56fdThe Drive\u7f51\u7ad9\u201c\u6218\u533a\u201d\u4e13\u680f9\u67086\u65e5\u62a5\u9053\uff0c\u7f8e\u56fd\u9646\u519b\u6b63\u5728\u52aa\u529b\u91cd\u65b0\u81ea\u6211\u5b9a\u4f4d\uff0c\u4ee5\u5177\u5907\u5728\u5e7f\u9614\u7684\u592a\u5e73\u6d0b\u6218\u573a\u4e0a\u4e0e\u4ed6\u56fd\u8fdb\u884c\u7ade\u4e89\u3002", "events": [], "arguments": {"time": [{"text": "9\u67086\u65e5", "offset": 20, "length": 4}], "loc": [{"text": "\u592a\u5e73\u6d0b\u6218\u573a\u4e0a", "offset": 49, "length": 6}, {"text": "\u592a\u5e73\u6d0b\u6218\u573a", "offset": 49, "length": 5}], "country": [{"text": "\u7f8e\u56fd", "offset": 27, "length": 2}, {"text": "\u7f8e\u56fd", "offset": 1, "length": 2}], "weapon": []}}, {"sentence": "\u5982\u4eca\u300a\u4e2d\u5bfc\u6761\u7ea6\u300b\u5df2\u7ecf\u5931\u6548\uff0c\u53ef\u4ee5\u8fdb\u884c\u8fdc\u8ddd\u79bb\u7cbe\u786e\u6253\u51fb\u7684\u5404\u7c7b\u9646\u57fa\u5bfc\u5f39\u5c06\u6210\u4e3a\u7f8e\u519b\u7684\u9009\u62e9\uff0c\u8fd9\u4e9b\u5bfc\u5f39\u53ef\u4ee5\u662f\u5de1\u822a\u5bfc\u5f39\u548c\u5f39\u9053\u5bfc\u5f39\uff0c\u4e5f\u53ef\u4ee5\u662f\u9ad8\u8d85\u97f3\u901f\u5bfc\u5f39\u3002", "events": [{"trigger": {"text": "\u6253\u51fb", "offset": 22, "length": 2}, "object": {"text": "", "offset": 0, "length": 0}, "subject": {"text": "", "offset": 0, "length": 0}}], "arguments": {"time": [], "loc": [], "country": [{"text": "\u7f8e", "offset": 34, "length": 1}], "weapon": [{"text": "\u5de1\u822a\u5bfc\u5f39", "offset": 47, "length": 4}, {"text": "\u5f39\u9053\u5bfc\u5f39", "offset": 52, "length": 4}, {"text": "\u9ad8\u8d85\u97f3\u901f\u5bfc\u5f39", "offset": 61, "length": 6}]}}, {"sentence": "\u62a5\u9053\u76f4\u63a5\u6307\u660e\u7f8e\u56fd\u9646\u519b\u90e8\u7f72\u8fd9\u4e9b\u5bfc\u5f39\u7684\u76ee\u7684\u5c31\u662f\u4e3a\u4e86\u5728\u4e9a\u6d32\u90e8\u7f72\u8fdc\u7a0b\u6253\u51fb\u80fd\u529b\uff0c\u4ee5\u6297\u8861\u4e2d\u56fd\uff0c\u540c\u65f6\u5a01\u6151\u4fc4\u7f57\u65af\u3002", "events": [{"trigger": {"text": "\u6253\u51fb", "offset": 30, "length": 2}, "object": {"text": "", "offset": 0, "length": 0}, "subject": {"text": "", "offset": 0, "length": 0}}], "arguments": {"time": [], "loc": [{"text": "\u4e9a\u6d32", "offset": 24, "length": 2}], "country": [{"text": "\u7f8e\u56fd", "offset": 6, "length": 2}, {"text": "\u4e2d\u56fd", "offset": 38, "length": 2}, {"text": "\u4fc4\u7f57\u65af", "offset": 45, "length": 3}], "weapon": [{"text": "\u5bfc\u5f39", "offset": 14, "length": 2}]}}, {"sentence": "\u73b0\u5728\u7684\u95ee\u9898\u5c31\u6210\u4e86\u7f8e\u519b\u5982\u4f55\u80fd\u5728\u76f8\u5bf9\u8f83\u77ed\u7684\u65f6\u95f4\u5185\u91cd\u65b0\u90e8\u7f72\u8fd9\u4e9b\u6b64\u524d\u5904\u4e8e\u201c\u4f11\u7720\u72b6\u6001\u201d\u7684\u6218\u6597\u529b\u3002", "events": [{"trigger": {"text": "\u90e8\u7f72", "offset": 24, "length": 2}, "object": {"text": "", "offset": 0, "length": 0}, "subject": {"text": "", "offset": 0, "length": 0}}], "arguments": {"time": [], "loc": [], "country": [{"text": "\u7f8e", "offset": 8, "length": 1}], "weapon": []}}, {"sentence": "\u62a5\u9053\u79f0\uff0c\u7f8e\u56fd\u6d77\u519b\u73b0\u5728\u6240\u7528\u7684\u201c\u6218\u65a7\u201d\u5de1\u822a\u5bfc\u5f39\u662f\u4e00\u79cd\u591a\u7528\u9014\u5bfc\u5f39\uff0c\u65e2\u80fd\u6253\u51fb\u9646\u5730\u76ee\u6807\u4e5f\u80fd\u6253\u51fb\u6c34\u9762\u76ee\u6807\uff0c\u751a\u81f3\u8fd8\u80fd\u5728\u98de\u884c\u4e2d\u91cd\u65b0\u7784\u51c6\u3002", "events": [{"trigger": {"text": "\u6253\u51fb", "offset": 40, "length": 2}, "object": {"text": "", "offset": 0, "length": 0}, "subject": {"text": "", "offset": 0, "length": 0}}, {"trigger": {"text": "\u98de\u884c", "offset": 52, "length": 2}, "object": {"text": "", "offset": 0, "length": 0}, "subject": {"text": "", "offset": 0, "length": 0}}], "arguments": {"time": [], "loc": [], "country": [{"text": "\u7f8e\u56fd", "offset": 4, "length": 2}], "weapon": [{"text": "\u201c\u6218\u65a7\u201d\u5de1\u822a\u5bfc\u5f39", "offset": 13, "length": 8}]}}, {"sentence": "\u201c\u6218\u65a7\u201d\u5bfc\u5f39\u7684\u9646\u57fa\u201c\u8868\u4eb2\u201d\u2014\u2014BGM-109G\u5bfc\u5f39\uff0c\u5728\u51b7\u6218\u7684\u6700\u540e\u5341\u5e74\u91cc\u6210\u4e3a\u4e86\u6b27\u6d32\u6838\u5a01\u6151\u529b\u91cf\u7684\u4e3b\u8981\u4fc3\u6210\u90e8\u5206\u3002", "events": [], "arguments": {"time": [], "loc": [], "country": [{"text": "\u6b27\u6d32", "offset": 38, "length": 2}], "weapon": [{"text": "\u201c\u6218\u65a7\u201d\u5bfc\u5f39", "offset": 0, "length": 6}, {"text": "BGM-109G\u5bfc\u5f39", "offset": 15, "length": 10}, {"text": "\u201d\u2014\u2014BGM-109G\u5bfc\u5f39", "offset": 12, "length": 13}]}}, {"sentence": "\u8003\u8651\u5230\u8fd9\u4e00\u70b9\uff0c\u9646\u57fa\u578b\u7684Block IV\u7248\u672c\u201c\u6218\u65a7\u201d\u5bfc\u5f39\u662f\u76ee\u524d\u6700\u63a5\u8fd1\u6210\u719f\u80fd\u529b\u7684\u6b66\u5668\uff0c\u53ef\u4ee5\u4f9b\u7f8e\u56fd\u9646\u519b\u4f7f\u7528\uff0c\u800c\u4e14\u8fd9\u6837\u7684\u8ba1\u5212\u5df2\u7ecf\u5728\u8fdb\u884c\u4e2d\uff0c\u7f8e\u56fd\u6d77\u519b\u9646\u6218\u961f\u5f88\u5feb\u4e5f\u4f1a\u6536\u5230\u7c7b\u4f3c\u7684\u6b66\u5668\u3002", "events": [{"trigger": {"text": "\u63a5\u8fd1", "offset": 31, "length": 2}, "object": {"text": "", "offset": 0, "length": 0}, "subject": {"text": "", "offset": 0, "length": 0}}], "arguments": {"time": [], "loc": [], "country": [{"text": "\u7f8e\u56fd", "offset": 65, "length": 2}, {"text": "\u7f8e\u56fd", "offset": 44, "length": 2}], "weapon": [{"text": "Block IV\u7248\u672c\u201c\u6218\u65a7\u201d\u5bfc\u5f39", "offset": 11, "length": 16}]}}, {"sentence": "\u4e0e\u6b64\u540c\u65f6\uff0c\u7f8e\u519b\u7684\u9ad8\u8d85\u97f3\u901f\u5bfc\u5f39\u6280\u672f\u4e5f\u5728\u5feb\u901f\u63a8\u8fdb\uff0c\u7f8e\u56fd\u9646\u519b\u4e5f\u6709\u81ea\u5df1\u7684\u8ba1\u5212\u3002", "events": [], "arguments": {"time": [], "loc": [], "country": [{"text": "\u7f8e\u56fd", "offset": 23, "length": 2}], "weapon": [{"text": "\u9ad8\u8d85\u97f3\u901f\u5bfc\u5f39", "offset": 8, "length": 6}]}}, {"sentence": "\u4f46\u8fd9\u4e9b\u6b66\u5668\u9020\u4ef7\u9ad8\u6602\uff0c\u4e3b\u8981\u7528\u4e8e\u6467\u6bc1\u654c\u4eba\u6700\u5173\u952e\u7684\u9632\u5fa1\u548c\u6218\u7565\u8bbe\u65bd\u3002", "events": [{"trigger": {"text": "\u6467\u6bc1", "offset": 14, "length": 2}, "object": {"text": "", "offset": 0, "length": 0}, "subject": {"text": "", "offset": 0, "length": 0}}], "arguments": {"time": [], "loc": [], "country": [], "weapon": []}}, {"sentence": "\u9664\u6b64\u4e4b\u5916\uff0c\u7f8e\u56fd\u9646\u519b\u8fd8\u6709\u4e00\u79cd\u9009\u62e9\uff0c\u5c31\u662f\u7f8e\u56fd\u6d77\u519b\u76ee\u524d\u7814\u5236\u7684\u201c\u6807\u51c6\u201d-6\u5bfc\u5f39\u3002", "events": [{"trigger": {"text": "\u7814\u5236", "offset": 24, "length": 2}, "subject": {"text": "\u7f8e\u56fd\u6d77\u519b", "offset": 18, "length": 4}, "object": {"text": "\u201c\u6807\u51c6\u201d-6\u5bfc\u5f39", "offset": 27, "length": 8}}], "arguments": {"time": [], "loc": [], "country": [{"text": "\u7f8e\u56fd", "offset": 18, "length": 2}, {"text": "\u7f8e\u56fd", "offset": 5, "length": 2}], "weapon": [{"text": "\u201c\u6807\u51c6\u201d-6\u5bfc\u5f39", "offset": 27, "length": 8}]}}, {"sentence": "\u5728\u8fd1\u65e5\u4e00\u6b21\u7f51\u7edc\u4f1a\u8bae\u4e0a\uff0c\u7f8e\u56fd\u9646\u519b\u526f\u53c2\u8c0b\u957f\u7ea6\u745f\u592b\u00b7\u9a6c\u4e01\u5c06\u519b\u900f\u9732\uff0c\u7f8e\u56fd\u9646\u519b\u6b63\u5728\u5bfb\u627e\u53ef\u4ee5\u4ece\u9646\u5730\u53d1\u5c04\u7684\u201c\u6218\u65a7\u201d\u5bfc\u5f39\u548c\u201c\u6807\u51c6\u201d-6\u5bfc\u5f39\uff0c\u8fd9\u4e9b\u5bfc\u5f39\u76ee\u524d\u90fd\u5728\u6d77\u519b\u7684\u6b66\u5668\u5e93\u4e2d\u3002", "events": [{"trigger": {"text": "\u6b63\u5728\u5bfb\u627e", "offset": 34, "length": 4}, "subject": {"text": "\u7f8e\u56fd\u9646\u519b", "offset": 30, "length": 4}, "object": {"text": "\u53ef\u4ee5\u4ece\u9646\u5730\u53d1\u5c04\u7684\u201c\u6218\u65a7\u201d\u5bfc\u5f39\u548c\u201c\u6807\u51c6\u201d-6\u5bfc\u5f39", "offset": 38, "length": 23}}], "arguments": {"time": [], "loc": [], "country": [{"text": "\u7f8e\u56fd", "offset": 30, "length": 2}, {"text": "\u7f8e\u56fd", "offset": 11, "length": 2}], "weapon": [{"text": "\u201c\u6218\u65a7\u201d\u5bfc\u5f39", "offset": 46, "length": 6}, {"text": "\u201c\u6807\u51c6\u201d-6\u5bfc\u5f39", "offset": 53, "length": 8}]}}, {"sentence": "\u201c\u6211\u4eec\u6b63\u5728\u8003\u8651\u4ece\u9646\u5730\u53d1\u5c04\uff08\u8fd9\u4e9b\u6b66\u5668\uff09\uff0c\u8fd9\u4e00\u80fd\u529b\u5c06\u57282023\u5e74\u7684\u7b2c\u4e09\u5b63\u5ea6\u5b9e\u73b0\u3002", "events": [{"trigger": {"text": "\u53d1\u5c04", "offset": 10, "length": 2}, "object": {"text": "", "offset": 0, "length": 0}, "subject": {"text": "", "offset": 0, "length": 0}}], "arguments": {"time": [{"text": "2023\u5e74\u7684\u7b2c\u4e09\u5b63\u5ea6", "offset": 25, "length": 10}, {"text": "2023\u5e74", "offset": 25, "length": 5}], "loc": [], "country": [], "weapon": []}}, {"sentence": "\u201d", "events": [], "arguments": {"time": [], "loc": [], "country": [], "weapon": []}}, {"sentence": "\u201c\u6807\u51c6\u201d-6\u5bfc\u5f39\u4e5f\u88ab\u79f0\u4e3aRIM-174\u201c\u6807\u51c6\u589e\u7a0b\u4e3b\u52a8\u5f0f\u5bfc\u5f39\u201d\uff0c\u4e3b\u8981\u662f\u4f5c\u4e3a\u5730\u5bf9\u7a7a\u5bfc\u5f39\u4f7f\u7528\uff0c\u53ef\u4ee5\u7528\u4e8e\u5728\u8fdc\u8ddd\u79bb\u5bf9\u4ed8\u98de\u884c\u5668\u548c\u5de1\u822a\u5bfc\u5f39\uff0c\u540c\u65f6\u4e5f\u5177\u5907\u4e00\u5b9a\u7684\u672b\u7aef\u53cd\u5bfc\u80fd\u529b\u3002", "events": [], "arguments": {"time": [], "loc": [], "country": [], "weapon": [{"text": "\u201c\u6807\u51c6\u201d-6\u5bfc\u5f39", "offset": 0, "length": 8}, {"text": "RIM-174\u201c\u6807\u51c6\u589e\u7a0b\u4e3b\u52a8\u5f0f\u5bfc\u5f39\u201d", "offset": 12, "length": 18}, {"text": "\u5de1\u822a\u5bfc\u5f39", "offset": 58, "length": 4}, {"text": "\u98de\u884c\u5668", "offset": 54, "length": 3}]}}, {"sentence": "\u7136\u800c\u62a5\u9053\u79f0\uff0c\u9c9c\u4e3a\u4eba\u77e5\u7684\u662f\uff0c\u8fd9\u79cd\u5bfc\u5f39\u8fd8\u5177\u5907\u5bf9\u9646\u653b\u51fb\u548c\u53cd\u8230\u6253\u51fb\u80fd\u529b\uff0c\u4ece\u8fd9\u4e2a\u610f\u4e49\u4e0a\u8bf4\uff0c\u5b83\u662f\u4e00\u79cd\u51c6\u5f39\u9053\u5bfc\u5f39\uff0c\u672c\u8d28\u4e0a\u5df2\u7ecf\u5177\u5907\u591a\u79cd\u7528\u9014\u3002", "events": [{"trigger": {"text": "\u6253\u51fb", "offset": 27, "length": 2}, "object": {"text": "", "offset": 0, "length": 0}, "subject": {"text": "", "offset": 0, "length": 0}}], "arguments": {"time": [], "loc": [], "country": [], "weapon": [{"text": "\u51c6\u5f39\u9053\u5bfc\u5f39", "offset": 44, "length": 5}]}}, {"sentence": "\u867d\u7136\u8fd8\u4e0d\u77e5\u9053\u5177\u4f53\u7684\u6027\u80fd\uff0c\u4f46\u8fd9\u79cd\u5bfc\u5f39\u53ef\u80fd\u4f1a\u4ee5\u975e\u5e38\u9ad8\u7684\u8d85\u97f3\u901f\u751a\u81f3\u9ad8\u8d85\u97f3\u901f\u7684\u901f\u5ea6\u964d\u843d\u5230\u76ee\u6807\u4e0a\uff0c\u8fd9\u4f7f\u5f97\u5b83\u6bd4\u201c\u6218\u65a7\u201d\u5bfc\u5f39\u7684\u751f\u5b58\u80fd\u529b\u66f4\u5f3a\u3002", "events": [], "arguments": {"time": [], "loc": [], "country": [], "weapon": [{"text": "\u201c\u6218\u65a7\u201d\u5bfc\u5f39", "offset": 49, "length": 6}]}}, {"sentence": "\u62a5\u9053\u79f0\uff0c\u7f8e\u56fd\u9646\u519b\u53ef\u4ee5\u5229\u7528\u6d77\u519b\u7684\u6280\u672f\u6210\u679c\u5bf9\u201c\u6807\u51c6\u201d-6\u5bfc\u5f39\u8fdb\u884c\u9646\u5730\u6d4b\u8bd5\uff0c\u66f4\u4ee4\u4eba\u5174\u594b\u7684\u662f\uff0c\u968f\u7740\u6765\u81ea\u7f8e\u56fd\u9646\u519b\u7684\u989d\u5916\u7684\u5f00\u53d1\u8d44\u91d1\u7684\u6295\u5165\uff0c\u201c\u6807\u51c6\u201d-6\u5bfc\u5f39\u9879\u76ee\u7684\u53d1\u5c55\u901f\u5ea6\u5c06\u4f1a\u5f97\u5230\u6781\u5927\u63a8\u8fdb\uff0c\u751a\u81f3\u6709\u53ef\u80fd\u4f1a\u88ab\u6539\u88c5\u4e3a\u4ece\u7a7a\u4e2d\u53d1\u5c04\u7684\u8fdc\u7a0b\u7a7a\u5bf9\u7a7a\u5bfc\u5f39\u3001\u5bf9\u9646\u653b\u51fb\u5bfc\u5f39\u548c\u53cd\u8230\u5bfc\u5f39\u3002", "events": [{"trigger": {"text": "\u6781\u5927\u63a8\u8fdb", "offset": 82, "length": 4}, "subject": {"text": "\u201c\u6807\u51c6\u201d-6\u5bfc\u5f39\u9879\u76ee\u7684\u53d1\u5c55\u901f\u5ea6", "offset": 63, "length": 15}, "object": {"text": "", "offset": 0, "length": 0}}, {"trigger": {"text": "\u6d4b\u8bd5", "offset": 32, "length": 2}, "object": {"text": "", "offset": 0, "length": 0}, "subject": {"text": "", "offset": 0, "length": 0}}, {"trigger": {"text": "\u5f00\u53d1", "offset": 55, "length": 2}, "object": {"text": "", "offset": 0, "length": 0}, "subject": {"text": "", "offset": 0, "length": 0}}], "arguments": {"time": [], "loc": [], "country": [{"text": "\u7f8e\u56fd", "offset": 47, "length": 2}, {"text": "\u7f8e\u56fd", "offset": 4, "length": 2}], "weapon": [{"text": "\u201c\u6807\u51c6\u201d-6\u5bfc\u5f39", "offset": 63, "length": 8}, {"text": "\u8fdc\u7a0b\u7a7a\u5bf9\u7a7a\u5bfc\u5f39", "offset": 103, "length": 7}, {"text": "\u5bf9\u9646\u653b\u51fb\u5bfc\u5f39", "offset": 111, "length": 6}, {"text": "\u53cd\u8230\u5bfc\u5f39", "offset": 118, "length": 4}]}}, {"sentence": "\u9274\u4e8e\u201c\u6807\u51c6\u201d-6\u5bfc\u5f39\u662f\u56f4\u7ed5\u6d77\u519b\u7684MK-41\u53d1\u5c04\u88c5\u7f6e\u8fdb\u884c\u8bbe\u8ba1\u7684\uff0c\u5176\u9646\u57fa\u7248\u672c\u4e5f\u80fd\u4e5f\u4f1a\u4f7f\u7528\u76f8\u540c\u7684\u88c5\u7f6e\u3002", "events": [], "arguments": {"time": [], "loc": [], "country": [], "weapon": [{"text": "\u201c\u6807\u51c6\u201d-6\u5bfc\u5f39", "offset": 2, "length": 8}, {"text": "MK-41\u53d1\u5c04\u88c5\u7f6e", "offset": 16, "length": 9}]}}, {"sentence": "\u4f46\u62a5\u9053\u4e5f\u63d0\u53ca\uff0c\u5982\u679c\u7f8e\u56fd\u5728\u4e9a\u592a\u90e8\u7f72\u9646\u57fa\u201c\u6807\u51c6\u201d-6\u5bfc\u5f39\uff0c\u6700\u5927\u95ee\u9898\u5c06\u662f\u5982\u4f55\u8ba9\u522b\u7684\u56fd\u5bb6\u5141\u8bb8\u7f8e\u56fd\u5728\u4ed6\u56fd\u9886\u571f\u4e0a\u90e8\u7f72\u8fd9\u6b3e\u5bfc\u5f39\u3002", "events": [{"trigger": {"text": "\u90e8\u7f72", "offset": 14, "length": 2}, "object": {"text": "", "offset": 0, "length": 0}, "subject": {"text": "", "offset": 0, "length": 0}}, {"trigger": {"text": "\u90e8\u7f72", "offset": 50, "length": 2}, "object": {"text": "", "offset": 0, "length": 0}, "subject": {"text": "", "offset": 0, "length": 0}}], "arguments": {"time": [], "loc": [{"text": "\u4e9a\u592a", "offset": 12, "length": 2}], "country": [{"text": "\u7f8e\u56fd", "offset": 42, "length": 2}, {"text": "\u7f8e\u56fd", "offset": 9, "length": 2}], "weapon": [{"text": "\u201c\u6807\u51c6\u201d-6\u5bfc\u5f39", "offset": 18, "length": 8}]}}, {"sentence": "\u4f46\u76f8\u6bd4\u4e4b\u4e0b\u5728\u6b27\u6d32\u5bfb\u627e\u90e8\u7f72\u5730\u8981\u5bb9\u6613\u4e00\u4e9b\u3002", "events": [{"trigger": {"text": "\u90e8\u7f72", "offset": 10, "length": 2}, "object": {"text": "", "offset": 0, "length": 0}, "subject": {"text": "", "offset": 0, "length": 0}}], "arguments": {"time": [], "loc": [], "country": [{"text": "\u6b27\u6d32", "offset": 6, "length": 2}], "weapon": []}}, {"sentence": "\u65e0\u53ef\u8bba\u5982\u4f55\uff0c\u201c\u6807\u51c6\u201d-6\u5bfc\u5f39\u5728\u672a\u6765\u51e0\u5e74\u5f88\u53ef\u80fd\u6210\u4e3a\u7f8e\u56fd\u9646\u519b\u7684\u591a\u7528\u9014\u5feb\u901f\u6253\u51fb\u6b66\u5668\u7684\u9996\u9009\uff0c\u5728\u4e0d\u4e45\u7684\u5c06\u6765\u8be5\u6b66\u5668\u7684\u6218\u6597\u529b\u5c06\u4f1a\u8fc5\u901f\u589e\u5f3a\u3002", "events": [{"trigger": {"text": "\u6253\u51fb", "offset": 34, "length": 2}, "object": {"text": "", "offset": 0, "length": 0}, "subject": {"text": "", "offset": 0, "length": 0}}], "arguments": {"time": [], "loc": [], "country": [{"text": "\u7f8e\u56fd", "offset": 24, "length": 2}], "weapon": [{"text": "\u201c\u6807\u51c6\u201d-6\u5bfc\u5f39", "offset": 6, "length": 8}]}}]