[{"sentence": "\u201c\u53f0\u7248\u8428\u5fb7\u201d\u8981\u53d1\u5c04\uff1f", "events": [{"trigger": {"text": "\u53d1\u5c04", "offset": 7, "length": 2}, "object": {"text": "", "offset": 0, "length": 0}, "subject": {"text": "", "offset": 0, "length": 0}}], "arguments": {"time": [], "loc": [], "country": [], "weapon": [{"text": "\u7248\u8428\u5fb7\u201d", "offset": 0, "length": 4}]}}, {"sentence": "\u7eff\u5a92high\u4e86", "events": [], "arguments": {"time": [], "loc": [], "country": [], "weapon": []}}, {"sentence": "\u6709\u53f0\u6e7e\u4eb2\u7eff\u5a92\u4f53\u62a5\u9053\uff0c\u53f0\u519b\u8fd1\u65e5\u5c06\u53d1\u5c04\u201c\u5929\u5f13\u4e09\u578b\u201d\u9632\u7a7a\u5bfc\u5f39\uff0c\u6b64\u5bfc\u5f39\u88ab\u79f0\u4e3a\u201c\u53f0\u7248\u8428\u5fb7\u201d\u3002", "events": [{"trigger": {"text": "\u53d1\u5c04", "offset": 15, "length": 2}, "subject": {"text": "\u53f0\u519b", "offset": 10, "length": 2}, "object": {"text": "\u201c\u5929\u5f13\u4e09\u578b\u201d\u9632\u7a7a\u5bfc\u5f39", "offset": 17, "length": 10}}], "arguments": {"time": [], "loc": [], "country": [{"text": "\u53f0\u6e7e", "offset": 1, "length": 2}], "weapon": [{"text": "\u201c\u5929\u5f13\u4e09\u578b\u201d\u9632\u7a7a\u5bfc\u5f39", "offset": 17, "length": 10}]}}, {"sentence": "\u53f0\u6e7e\u4eb2\u7eff\u5a92\u4f53\u201c\u4e09\u7acb\u65b0\u95fb\u7f51\u201d9\u67086\u65e5\u62a5\u9053\u79f0\uff0c\u6839\u636e\u53f0\u6e7e\u201c\u4e2d\u79d1\u9662\u201d\u516c\u544a\uff0c\u672c\u67089\u65e5\u300110\u65e5\u4e24\u5929\u6e05\u6668\u5c06\u8fdb\u884c\u201c\u706b\u70ae\u5c04\u51fb\u201d\uff0c\u5176\u4e2d\u6700\u5927\u5f39\u9053\u9ad8\u5ea6\u5b9a\u4e3a\u201c\u65e0\u9650\u9ad8\u201d \u3002", "events": [], "arguments": {"time": [{"text": "\u672c\u67089\u65e5\u300110\u65e5\u4e24\u5929\u6e05\u6668", "offset": 33, "length": 12}, {"text": "9\u67086\u65e5", "offset": 13, "length": 4}, {"text": "\u672c\u67089\u65e5", "offset": 33, "length": 4}, {"text": "10\u65e5", "offset": 38, "length": 3}, {"text": "\u6e05\u6668", "offset": 0, "length": 2}], "loc": [], "country": [{"text": "\u53f0\u6e7e", "offset": 0, "length": 2}, {"text": "\u53f0\u6e7e", "offset": 23, "length": 2}], "weapon": []}}, {"sentence": "\u8fd9\u5f15\u53d1\u5404\u754c\u8206\u8bba\u5173\u6ce8\uff0c\u5916\u754c\u7eb7\u7eb7\u597d\u5947\u662f\u5426\u8981\u53d1\u5c04\u201c\u5929\u5f13\u4e09\u578b\u201d\u9632\u7a7a\u5bfc\u5f39\uff0c\u5bf9\u6b64\uff0c\u53f0\u519b\u65b9\u4e0d\u613f\u8bc4\u8bba\u3002", "events": [{"trigger": {"text": "\u53d1\u5c04", "offset": 19, "length": 2}, "object": {"text": "", "offset": 0, "length": 0}, "subject": {"text": "", "offset": 0, "length": 0}}], "arguments": {"time": [], "loc": [], "country": [], "weapon": [{"text": "\u201c\u5929\u5f13\u4e09\u578b\u201d\u9632\u7a7a\u5bfc\u5f39", "offset": 21, "length": 10}]}}, {"sentence": "\u62a5\u9053\u63f4\u5f15\u201c\u4e2d\u79d1\u9662\u201d\u516c\u544a\u79f0\uff0c\u53d1\u5c04\u5730\u70b9\u5728\u53f0\u6e7e\u4e5d\u9e4f\u5730\u533a\uff0c\u53d1\u5c04\u8b66\u544a\u533a\u57df\u5448\u73b0\u5de6\u53f3\u76f8\u53cd\u7684\u201cL\u5b57\u578b\u201d\u3002", "events": [{"trigger": {"text": "\u53d1\u5c04", "offset": 13, "length": 2}, "object": {"text": "", "offset": 0, "length": 0}, "subject": {"text": "", "offset": 0, "length": 0}}, {"trigger": {"text": "\u53d1\u5c04", "offset": 25, "length": 2}, "object": {"text": "", "offset": 0, "length": 0}, "subject": {"text": "", "offset": 0, "length": 0}}], "arguments": {"time": [], "loc": [{"text": "\u53f0\u6e7e\u4e5d\u9e4f\u5730\u533a", "offset": 18, "length": 6}], "country": [{"text": "\u53f0\u6e7e", "offset": 18, "length": 2}], "weapon": []}}, {"sentence": "\u62a5\u9053\u79f0\uff0c\u201c\u5929\u5f13\u4e09\u578b\u201d\u9632\u7a7a\u5bfc\u5f39\u56e0\u5177\u6709\u8f83\u5f3a\u7684\u62e6\u622a\u80fd\u529b\uff0c\u88ab\u79f0\u4e3a\u53f0\u7248\u201c\u8428\u5fb7\u201d\uff0c\u8be5\u5bfc\u5f39\u76ee\u524d\u5df2\u7ecf\u91cf\u4ea7\u3002", "events": [{"trigger": {"text": "\u62e6\u622a", "offset": 20, "length": 2}, "object": {"text": "", "offset": 0, "length": 0}, "subject": {"text": "", "offset": 0, "length": 0}}], "arguments": {"time": [], "loc": [], "country": [], "weapon": [{"text": "\u201c\u5929\u5f13\u4e09\u578b\u201d\u9632\u7a7a\u5bfc\u5f39", "offset": 4, "length": 10}]}}, {"sentence": "\u53f0\u6e7e\u201c\u4e2d\u79d1\u9662\u201d\u8fd1\u5e74\u8fd8\u79ef\u6781\u7814\u53d1\u201c\u5929\u5f13\u4e09\u578b\u201d\u589e\u7a0b\u578b\u9632\u7a7a\u5bfc\u5f39\uff0c\u5e0c\u671b\u5c06\u5bfc\u5f39\u62e6\u622a\u9ad8\u5ea6\u63d0\u5347\u523070\u516c\u91cc\uff0c\u4ee5\u63d0\u9ad8\u53f0\u519b\u7684\u201c\u9632\u5fa1\u201d\u80fd\u529b\u3002", "events": [{"trigger": {"text": "\u7814\u53d1", "offset": 12, "length": 2}, "object": {"text": "", "offset": 0, "length": 0}, "subject": {"text": "", "offset": 0, "length": 0}}, {"trigger": {"text": "\u62e6\u622a", "offset": 33, "length": 2}, "object": {"text": "", "offset": 0, "length": 0}, "subject": {"text": "", "offset": 0, "length": 0}}], "arguments": {"time": [], "loc": [], "country": [{"text": "\u53f0\u6e7e", "offset": 0, "length": 2}], "weapon": [{"text": "\u201c\u5929\u5f13\u4e09\u578b\u201d\u589e\u7a0b\u578b\u9632\u7a7a\u5bfc\u5f39", "offset": 14, "length": 13}]}}, {"sentence": "\u201c\u5929\u5f13\u4e09\u578b\u201d\u5bfc\u5f39", "events": [], "arguments": {"time": [], "loc": [], "country": [], "weapon": [{"text": "\u201c\u5929\u5f13\u4e09\u578b\u201d\u5bfc\u5f39", "offset": 0, "length": 8}]}}, {"sentence": "\u5bf9\u4e8e\u53f0\u6e7e\u5f53\u5c40\u5984\u56fe\u4ee5\u6b66\u8c0b\u201c\u72ec\u201d\u7684\u505a\u6cd5\uff0c\u4e2d\u56fd\u56fd\u9632\u90e8\u65b0\u95fb\u53d1\u8a00\u4eba\u5434\u8c26\u66fe\u8868\u793a\uff0c\u53f0\u6e7e\u662f\u4e2d\u56fd\u4e0d\u53ef\u5206\u5272\u7684\u4e00\u90e8\u5206\u3002", "events": [], "arguments": {"time": [], "loc": [], "country": [{"text": "\u53f0\u6e7e", "offset": 2, "length": 2}, {"text": "\u4e2d\u56fd", "offset": 18, "length": 2}, {"text": "\u53f0\u6e7e", "offset": 34, "length": 2}, {"text": "\u4e2d\u56fd", "offset": 37, "length": 2}], "weapon": []}}, {"sentence": "\u4e2d\u65b9\u5728\u53f0\u6e7e\u95ee\u9898\u4e0a\u7684\u7acb\u573a\u662f\u4e00\u8d2f\u7684\u3001\u660e\u786e\u7684\uff0c\u4e2d\u65b9\u51b3\u4e0d\u5141\u8bb8\u4efb\u4f55\u4eba\u3001\u4efb\u4f55\u7ec4\u7ec7\u3001\u4efb\u4f55\u56fd\u5bb6\u91c7\u53d6\u4efb\u4f55\u65b9\u5f0f\u628a\u53f0\u6e7e\u4ece\u7956\u56fd\u5206\u79bb\u51fa\u53bb\uff0c\u4e00\u5207\u8fdd\u80cc\u5386\u53f2\u6f6e\u6d41\u3001\u5236\u9020\u201c\u4e00\u4e2d\u4e00\u53f0\u201d\u3001\u5206\u88c2\u4e2d\u56fd\u7684\u56fe\u8c0b\u90fd\u5c06\u53d7\u5230\u5305\u62ec\u6240\u6709\u6d77\u5916\u534e\u4eba\u5728\u5185\u5168\u4f53\u4e2d\u534e\u513f\u5973\u7684\u575a\u51b3\u53cd\u5bf9\u3002", "events": [{"trigger": {"text": "\u5236\u9020", "offset": 65, "length": 2}, "object": {"text": "", "offset": 0, "length": 0}, "subject": {"text": "", "offset": 0, "length": 0}}], "arguments": {"time": [], "loc": [], "country": [{"text": "\u4e2d\u65b9", "offset": 0, "length": 2}, {"text": "\u4e2d\u65b9", "offset": 20, "length": 2}, {"text": "\u53f0\u6e7e", "offset": 46, "length": 2}, {"text": "\u4e2d\u56fd", "offset": 76, "length": 2}], "weapon": []}}, {"sentence": "\u6211\u4eec\u540c\u65f6\u6b63\u544a\u6c11\u8fdb\u515a\u5f53\u5c40\uff0c\u7956\u56fd\u7edf\u4e00\u662f\u6c11\u65cf\u5927\u4e49\u6240\u5728\u3001\u4e24\u5cb8\u4eba\u5fc3\u6240\u5411\u3002", "events": [], "arguments": {"time": [], "loc": [], "country": [], "weapon": []}}, {"sentence": "\u631f\u6d0b\u81ea\u91cd\u6c38\u65e0\u51fa\u8def\uff0c\u4ee5\u6b66\u8c0b\u201c\u72ec\u201d\u6b7b\u8def\u4e00\u6761\u3002", "events": [], "arguments": {"time": [], "loc": [], "country": [], "weapon": []}}, {"sentence": "\u4e2d\u56fd\u4eba\u6c11\u89e3\u653e\u519b\u5c06\u91c7\u53d6\u4e00\u5207\u5fc5\u8981\u63aa\u65bd\uff0c\u575a\u51b3\u634d\u536b\u56fd\u5bb6\u4e3b\u6743\u548c\u9886\u571f\u5b8c\u6574\uff0c\u575a\u5b9a\u7ef4\u62a4\u53f0\u6d77\u5730\u533a\u548c\u5e73\u7a33\u5b9a\u3002", "events": [], "arguments": {"time": [], "loc": [{"text": "\u53f0\u6d77\u5730\u533a", "offset": 35, "length": 4}], "country": [{"text": "\u4e2d\u56fd", "offset": 0, "length": 2}], "weapon": []}}, {"sentence": "\u6765\u6e90\uff1a\u73af\u7403\u7f51/\u9a6c\u5ca9", "events": [], "arguments": {"time": [], "loc": [], "country": [], "weapon": []}}]