[{"sentence": "\u674e\u6770\uff1a\u4e2d\u56fd\u6d77\u519b\u88c5\u5907\u5feb\u901f\u53d1\u5c55\u00a0\u5168\u6c11\u6d77\u9632\u610f\u8bc6\u4ecd\u6709\u5f85\u52a0\u5f3a", "events": [], "arguments": {"time": [], "loc": [], "country": [{"text": "\u4e2d\u56fd", "offset": 3, "length": 2}], "weapon": []}}, {"sentence": "\u3010\u73af\u7403\u65f6\u62a5-\u73af\u7403\u7f51\u62a5\u9053 \u00a0\u8bb0\u8005 \u5218\u626c\u3011", "events": [], "arguments": {"time": [], "loc": [], "country": [], "weapon": []}}, {"sentence": "9\u67085\u65e5\uff0c\u201c\u6d77\u6d0b\u4e0e\u56fd\u9632\u79d1\u666e\u6559\u80b2\u4e13\u5bb6\u5bf9\u8bdd\u201d\u5728\u4eac\u53ec\u5f00\u3002", "events": [], "arguments": {"time": [{"text": "9\u67085\u65e5", "offset": 0, "length": 4}], "loc": [], "country": [], "weapon": []}}, {"sentence": "\u6b64\u6b21\u5ea7\u8c08\u4f1a\u7531\u4e2d\u56fd\u79d1\u666e\u4f5c\u5bb6\u534f\u4f1a\u79d1\u666e\u6559\u80b2\u4e13\u4e1a\u59d4\u5458\u4f1a\u3001\u56fd\u9632\u79d1\u666e\u4e13\u4e1a\u59d4\u5458\u4f1a\u3001\u79d1\u666e\u51fa\u7248\u4e13\u4e1a\u59d4\u5458\u4f1a\u4e3b\u529e\uff0c\u4e3b\u9898\u4e3a\u201c\u53d1\u73b0\u7f8e\u4e3d\u6d77\u6d0b\u3001\u5b88\u62a4\u84dd\u8272\u5bb6\u56ed\u201d\uff0c\u65e8\u5728\u63a2\u8ba8\u53d1\u6325\u591a\u5143\u79d1\u666e\u6559\u80b2\u4f18\u52bf\uff0c\u52a0\u5f3a\u6d77\u6d0b\u4e0e\u56fd\u9632\u6559\u80b2\u5de5\u4f5c\uff0c\u5207\u5b9e\u63d0\u9ad8\u516c\u6c11\u6d77\u6d0b\u610f\u8bc6\u3001\u56fd\u9632\u610f\u8bc6\uff0c\u5efa\u7acb\u5bb6\u56fd\u60c5\u6000\u3002", "events": [], "arguments": {"time": [], "loc": [], "country": [{"text": "\u4e2d\u56fd", "offset": 6, "length": 2}], "weapon": []}}, {"sentence": "\u6b64\u6b21\u5ea7\u8c08\u4f1a\u9080\u8bf7\u4e86\u6765\u81ea\u4e2d\u56fd\u79d1\u666e\u4f5c\u5bb6\u534f\u4f1a\u3001\u6d77\u519b\u519b\u4e8b\u5b66\u672f\u7814\u7a76\u6240\u3001\u4e2d\u56fd\u79d1\u5b66\u9662\u5730\u7406\u79d1\u5b66\u4e0e\u8d44\u6e90\u7814\u7a76\u6240\u3001\u4e2d\u56fd\u81ea\u7136\u8d44\u6e90\u62a5\u793e\u3001\u4e2d\u56fd\u56fd\u5bb6\u5730\u7406\u300a\u535a\u7269\u300b\u6742\u5fd7\u3001\u5317\u4eac\u5b66\u751f\u6d3b\u52a8\u7ba1\u7406\u4e2d\u5fc3\u7b49\u5355\u4f4d\u76846\u4f4d\u4e13\u5bb6\u5b66\u8005\u53ca\u76f8\u5173\u9886\u5bfc\u51fa\u5e2d\u3002", "events": [], "arguments": {"time": [], "loc": [], "country": [{"text": "\u4e2d\u56fd", "offset": 10, "length": 2}, {"text": "\u4e2d\u56fd", "offset": 29, "length": 2}, {"text": "\u4e2d\u56fd", "offset": 45, "length": 2}, {"text": "\u4e2d\u56fd", "offset": 54, "length": 2}], "weapon": []}}, {"sentence": "\u5ea7\u8c08\u4f1a\u5c31\u5982\u4f55\u9762\u5bf9\u65b0\u5f62\u52bf\u4e0b\u7684\u6311\u6218\u548c\u673a\u9047\uff0c\u505a\u597d\u6d77\u6d0b\u79d1\u666e\u4e0e\u56fd\u9632\u79d1\u666e\u6559\u80b2\uff0c\u52a0\u5f3a\u516c\u4f17\u5bf9\u6d77\u6d0b\u6743\u76ca\u7684\u8ba4\u8bc6\u3001\u6d77\u6d0b\u4e0e\u56fd\u9632\u79d1\u5b66\u666e\u53ca\u8fdb\u884c\u4e86\u4ea4\u6d41\u5206\u4eab\u3002", "events": [], "arguments": {"time": [], "loc": [], "country": [], "weapon": []}}, {"sentence": "\u5168\u519b\u519b\u4e8b\u6218\u7565\u5b66\u79d1\u9996\u5e2d\u79d1\u5b66\u4f20\u64ad\u4e13\u5bb6\u3001\u6d77\u519b\u519b\u4e8b\u5b66\u672f\u7814\u7a76\u6240\u674e\u6770\u7814\u7a76\u5458\u4ecb\u7ecd\u4e86\u6211\u56fd\u6d77\u9632\u7684\u57fa\u672c\u60c5\u51b5\u4ee5\u53ca\u6d77\u6d0b\u5728\u6211\u56fd\u56fd\u5bb6\u6218\u7565\u7684\u91cd\u8981\u5730\u4f4d\uff0c\u5e76\u53f7\u53ec\u66f4\u591a\u7684\u76f8\u5173\u79d1\u6280\u5de5\u4f5c\u8005\u3001\u6559\u80b2\u5de5\u4f5c\u8005\u3001\u53c2\u4e0e\u6d77\u6d0b\u4e0e\u56fd\u9632\u79d1\u666e\uff0c\u5c06\u66f4\u591a\u66f4\u597d\u7684\u6d77\u6d0b\u79d1\u666e\u5185\u5bb9\u4ee5\u516c\u76ca\u6027\u3001\u666e\u60e0\u6027\u7684\u5f62\u5f0f\u9001\u5230\u5185\u9646\u5730\u533a\u3001\u8d2b\u56f0\u5730\u533a\uff0c\u4ee5\u63d0\u5347\u5168\u6c11\u6d77\u6d0b\u610f\u8bc6\u4e0e\u56fd\u5bb6\u5b89\u5168\u610f\u8bc6\u3002", "events": [], "arguments": {"time": [], "loc": [], "country": [], "weapon": []}}, {"sentence": "\u674e\u6770\u5728\u4f1a\u4e0a\u8868\u793a\uff0c\u65b0\u4e2d\u56fd\u6210\u7acb\u4ee5\u6765\uff0c\u4e2d\u56fd\u7684\u6d77\u9632\u529b\u91cf\u7684\u53d1\u5c55\u8fdb\u6b65\u5f88\u5feb\u3002", "events": [], "arguments": {"time": [], "loc": [], "country": [{"text": "\u4e2d\u56fd", "offset": 9, "length": 2}, {"text": "\u4e2d\u56fd", "offset": 16, "length": 2}], "weapon": []}}, {"sentence": "\u65b0\u4e2d\u56fd\u521a\u6210\u7acb\u65f6\uff0c\u4e2d\u56fd\u6d77\u519b\u7684\u8230\u8247\u5428\u4f4d\u52a0\u8d77\u6765\u4e5f\u6ca1\u51e0\u4e07\u5428\uff0c\u800c\u73b0\u5728\u5149\u8fbd\u5b81\u8230\u822a\u6bcd\u5c31\u67096\u4e07\u591a\u5428\uff0c\u8d85\u8fc7\u5f53\u5e74\u5168\u4e2d\u56fd\u6d77\u519b\u7684\u5168\u90e8\u8230\u8247\u5428\u4f4d\u4e4b\u548c\uff0c\u7531\u6b64\u53ef\u89c1\u57281949\u5e74\u4e4b\u524d\uff0c\u4e2d\u56fd\u662f\u6709\u6d77\u65e0\u9632\uff0c\u6216\u8005\u8bf4\u6709\u6d77\u96be\u9632\u3002", "events": [], "arguments": {"time": [{"text": "1949\u5e74", "offset": 66, "length": 5}], "loc": [], "country": [{"text": "\u4e2d\u56fd", "offset": 1, "length": 2}, {"text": "\u4e2d\u56fd", "offset": 8, "length": 2}, {"text": "\u4e2d\u56fd", "offset": 47, "length": 2}, {"text": "\u4e2d\u56fd", "offset": 74, "length": 2}], "weapon": [{"text": "\u8fbd\u5b81\u8230\u822a\u6bcd", "offset": 30, "length": 5}]}}, {"sentence": "\u674e\u6770\u4ecb\u7ecd\u8bf4\uff0c\u76ee\u524d\uff0c\u4e2d\u56fd\u6d77\u519b\u5904\u4e8e\u5373\u5c06\u4ece\u5927\u56fd\u6d77\u519b\u5411\u5f3a\u56fd\u6d77\u519b\u8fc8\u8fdb\u7684\u9636\u6bb5\u3002", "events": [], "arguments": {"time": [], "loc": [], "country": [{"text": "\u4e2d\u56fd", "offset": 9, "length": 2}], "weapon": []}}, {"sentence": "\u4e2d\u56fd\u5df2\u7ecf\u6709\u4e24\u8258\u822a\u6bcd\u5165\u5f79\uff0c\u53ef\u4ee5\u9884\u89c1\uff0c\u672a\u6765\u7b2c\u4e09\u8258\u4e43\u81f3\u7b2c\u56db\u8258\u822a\u6bcd\u4e5f\u5c06\u4e0d\u65ad\u7814\u53d1\u4e0e\u5efa\u9020\uff0c\u7b2c\u4e09\u8258\u822a\u6bcd\u5f88\u53ef\u80fd\u548c\u524d\u4e24\u8258\u822a\u6bcd\u4e0d\u592a\u4e00\u6837\uff0c\u4e0d\u518d\u91c7\u7528\u6ed1\u8dc3\u5f0f\u7532\u677f\uff0c\u6709\u53ef\u80fd\u4f1a\u91c7\u7528\u5f39\u5c04\u8d77\u98de\u88c5\u7f6e\uff0c\u800c\u7b2c\u56db\u8258\u5728\u672a\u6765\u5efa\u9020\u65f6\u5f88\u53ef\u80fd\u4f1a\u5728\u52a8\u529b\u7cfb\u7edf\u65b9\u9762\u53d1\u751f\u91cd\u5927\u53d8\u5316\u3002", "events": [{"trigger": {"text": "\u5f39\u5c04\u8d77\u98de", "offset": 74, "length": 4}, "object": {"text": "", "offset": 0, "length": 0}, "subject": {"text": "", "offset": 0, "length": 0}}, {"trigger": {"text": "\u5efa\u9020", "offset": 88, "length": 2}, "object": {"text": "", "offset": 0, "length": 0}, "subject": {"text": "", "offset": 0, "length": 0}}], "arguments": {"time": [], "loc": [], "country": [{"text": "\u4e2d\u56fd", "offset": 0, "length": 2}], "weapon": []}}, {"sentence": "\u800c\u5728\u4e24\u6816\u653b\u51fb\u8230\u65b9\u9762\uff0c\u6570\u4e07\u5428\u7684\u4e24\u6816\u653b\u51fb\u8230\u81f3\u5c11\u8981\u5efa\u90204\u8258\uff0c\u751a\u81f38\u8258\u3002", "events": [{"trigger": {"text": "\u5efa\u9020", "offset": 22, "length": 2}, "object": {"text": "", "offset": 0, "length": 0}, "subject": {"text": "", "offset": 0, "length": 0}}], "arguments": {"time": [], "loc": [], "country": [], "weapon": [{"text": "\u4e24\u6816\u653b\u51fb\u8230", "offset": 14, "length": 5}]}}, {"sentence": "\u6218\u7565\u6838\u6f5c\u8247\u548c\u653b\u51fb\u578b\u6838\u6f5c\u8247\u4e5f\u6b63\u5728\u6301\u7eed\u53d1\u5c55\u3002", "events": [], "arguments": {"time": [], "loc": [], "country": [], "weapon": [{"text": "\u6218\u7565\u6838\u6f5c\u8247", "offset": 0, "length": 5}, {"text": "\u653b\u51fb\u578b\u6838\u6f5c\u8247", "offset": 6, "length": 6}]}}, {"sentence": "\u4e07\u5428\u7ea7\u7684055\u5927\u578b\u5bfc\u5f39\u9a71\u9010\u8230\u4e2d\u56fd\u4e5f\u6b63\u5728\u6301\u7eed\u5efa\u9020\u5e76\u5f3a\u5316\u6218\u529b\uff0c\u6839\u636e\u516c\u5f00\u62a5\u9053\u76ee\u524d\u5df2\u7ecf\u6709\u4e00\u5b9a\u6570\u91cf\u7684055\u578b\u5bfc\u5f39\u9a71\u9010\u8230\u5f00\u59cb\u5b9e\u7528\u5316\u3002", "events": [{"trigger": {"text": "\u5efa\u9020", "offset": 21, "length": 2}, "object": {"text": "", "offset": 0, "length": 0}, "subject": {"text": "", "offset": 0, "length": 0}}], "arguments": {"time": [], "loc": [], "country": [{"text": "\u4e2d\u56fd", "offset": 14, "length": 2}], "weapon": [{"text": "055\u5927\u578b\u5bfc\u5f39\u9a71\u9010\u8230", "offset": 4, "length": 10}, {"text": "055\u578b\u5bfc\u5f39\u9a71\u9010\u8230", "offset": 45, "length": 9}]}}, {"sentence": "\u5b89\u88c5\u4e86\u56fd\u4ea7\u76f8\u63a7\u9635\u96f7\u8fbe\u7684052C\u548c052D\u5bfc\u5f39\u9a71\u9010\u8230\u7684\u6570\u91cf\u5df2\u7ecf\u8fbe\u5230\u6bd4\u8f83\u53ef\u89c2\u7684\u6c34\u5e73\u3002", "events": [], "arguments": {"time": [], "loc": [], "country": [], "weapon": [{"text": "052C", "offset": 11, "length": 4}, {"text": "052D\u5bfc\u5f39\u9a71\u9010\u8230", "offset": 16, "length": 9}]}}, {"sentence": "\u674e\u6770\u5f3a\u8c03\uff0c\u6d77\u519b\u88c5\u5907\u53d1\u5c55\u5f88\u5feb\uff0c\u5168\u793e\u4f1a\u7684\u6d77\u6d0b\u610f\u8bc6\u8fd9\u4e9b\u5e74\u6709\u4e86\u5f88\u5927\u63d0\u9ad8\uff0c\u4f46\u4ecd\u6709\u5f85\u52a0\u5f3a\u3002", "events": [], "arguments": {"time": [], "loc": [], "country": [], "weapon": []}}, {"sentence": "\u4ed6\u7ed9\u5168\u56fd\u4e2d\u5c0f\u5b66\u751f\u8bb2\u4e86\u4e0a\u5343\u5802\u6d77\u6d0b\u548c\u79d1\u666e\u8bfe\uff0c\u4f46\u5f88\u591a\u65f6\u5019\u5f53\u5730\u7684\u8001\u5e08\u548c\u5b66\u751f\u90fd\u4e0d\u77e5\u9053\u4e2d\u56fd\u7684\u56fd\u571f\u9762\u79ef\u662f\u591a\u5c11\uff0c\u6709\u4e9b\u80fd\u7b54\u51fa960\u4e07\u5e73\u65b9\u516c\u91cc\uff0c\u4f46\u57fa\u672c\u4e0a\u90fd\u7b54\u4e0d\u51fa\u4e2d\u56fd\u201c\u6d77\u6d0b\u56fd\u571f\u201d\u7684\u9762\u79ef\u3002", "events": [], "arguments": {"time": [], "loc": [], "country": [{"text": "\u4e2d\u56fd", "offset": 37, "length": 2}, {"text": "\u4e2d\u56fd", "offset": 70, "length": 2}], "weapon": []}}, {"sentence": "\u674e\u6770\u8868\u793a\uff0c\u4e2d\u56fd\u9664\u4e86960\u4e07\u5e73\u65b9\u516c\u91cc\u9646\u5730\u56fd\u571f\u4e4b\u5916\uff0c\u8fd8\u6709\u76f8\u5f53\u5927\u9762\u79ef\u7684\u6d77\u6d0b\u56fd\u571f\uff0c\u51c6\u786e\u8bb2\uff0c\u662f300\u4e07\u5e73\u65b9\u516c\u91cc\u7684\u7ba1\u8f96\u6d77\u57df\uff0c\u6240\u4ee5\u5168\u6c11\u5e94\u8be5\u7262\u56fa\u6811\u7acb\u4e2d\u56fd\u56fd\u571f\u9762\u79ef\u5305\u62ec\u9646\u5730\u56fd\u571f\u548c\u6d77\u6d0b\u56fd\u571f\u7684\u6982\u5ff5\u3002", "events": [], "arguments": {"time": [], "loc": [], "country": [{"text": "\u4e2d\u56fd", "offset": 5, "length": 2}, {"text": "\u4e2d\u56fd", "offset": 66, "length": 2}], "weapon": []}}, {"sentence": "\u8fc7\u53bb\u4e2d\u56fd\u5bf9\u4e8e\u6d77\u7586\u7684\u4fdd\u536b\u53ea\u662f\u5f3a\u8c03\u8fd1\u6d77\u9632\u5fa1\uff0c\u76ee\u524d\u662f\u8fd1\u6d77\u9632\u5fa1\u52a0\u8fdc\u6d77\u62a4\u536b\uff0c\u524d\u4e24\u5929\u4e2d\u56fd\u6d77\u519b\u5ba3\u5e03\u7b2c36\u6279\u8d74\u7d22\u9a6c\u91cc\u4e9a\u4e01\u6e7e\u6d77\u57df\u62a4\u822a\u7f16\u961f\u5f00\u59cb\u62a4\u822a\u4efb\u52a1\uff0c\u8fc7\u53bb12\u5e74\u4e2d\u56fd\u5df2\u7ecf\u6d3e\u51fa36\u6279\u62a4\u822a\u7f16\u961f\u3002", "events": [{"trigger": {"text": "\u4fdd\u536b", "offset": 9, "length": 2}, "object": {"text": "", "offset": 0, "length": 0}, "subject": {"text": "", "offset": 0, "length": 0}}, {"trigger": {"text": "\u62a4\u822a", "offset": 61, "length": 2}, "object": {"text": "", "offset": 0, "length": 0}, "subject": {"text": "", "offset": 0, "length": 0}}, {"trigger": {"text": "\u6d3e\u51fa", "offset": 75, "length": 2}, "object": {"text": "", "offset": 0, "length": 0}, "subject": {"text": "", "offset": 0, "length": 0}}, {"trigger": {"text": "\u62a4\u822a", "offset": 55, "length": 2}, "object": {"text": "", "offset": 0, "length": 0}, "subject": {"text": "", "offset": 0, "length": 0}}, {"trigger": {"text": "\u62a4\u822a", "offset": 80, "length": 2}, "object": {"text": "", "offset": 0, "length": 0}, "subject": {"text": "", "offset": 0, "length": 0}}], "arguments": {"time": [], "loc": [{"text": "\u7d22\u9a6c\u91cc\u4e9a\u4e01\u6e7e\u6d77\u57df", "offset": 47, "length": 8}], "country": [{"text": "\u4e2d\u56fd", "offset": 2, "length": 2}, {"text": "\u4e2d\u56fd", "offset": 36, "length": 2}, {"text": "\u4e2d\u56fd", "offset": 71, "length": 2}], "weapon": []}}, {"sentence": "\u4e2d\u56fd\u6d77\u519b\u5df2\u7ecf\u4e0d\u662f\u5f53\u5e74\u5b88\u5728\u5bb6\u95e8\u53e3\u7684\u5c0f\u6d77\u519b\uff0c\u90a3\u5c31\u9700\u8981\u8fdb\u4e00\u6b65\u52a0\u5f3a\u5168\u6c11\u7684\u6d77\u6d0b\u56fd\u571f\u4e0e\u6d77\u6d0b\u56fd\u9632\u610f\u8bc6\u3002", "events": [], "arguments": {"time": [], "loc": [], "country": [{"text": "\u4e2d\u56fd", "offset": 0, "length": 2}], "weapon": []}}, {"sentence": "\u4e2d\u56fd\u79d1\u5b66\u9662\u5730\u7406\u79d1\u5b66\u4e0e\u8d44\u6e90\u7814\u7a76\u6240\uff0c\u6c34\u6587\u6c34\u8d44\u6e90\u5b66\u79d1\u5e26\u5934\u4eba\u5b8b\u732e\u65b9\u7814\u7a76\u5458\u4ecb\u7ecd\u4e86\u5c9b\u7901\u4e0e\u6de1\u6c34\u751f\u6001\u7cfb\u7edf\u7684\u6784\u6210\u53ca\u5176\u4fdd\u62a4\u6d77\u6d0b\u751f\u6001\u7cfb\u7edf\u7684\u91cd\u8981\u610f\u4e49\uff0c\u4ece\u6218\u7565\u89c6\u89d2\u5e26\u7ed9\u516c\u4f17\u5730\u7406\u4e0e\u5c9b\u7901\u751f\u6001\u7cfb\u7edf\u7684\u65b0\u89c6\u89d2\u3002", "events": [], "arguments": {"time": [], "loc": [], "country": [{"text": "\u4e2d\u56fd", "offset": 0, "length": 2}], "weapon": []}}, {"sentence": "\u4e2d\u56fd\u81ea\u7136\u8d44\u6e90\u62a5\u793e\u878d\u5a92\u4f53\u90e8\u8d1f\u8d23\u4eba\u8d75\u5efa\u4e1c\u56f4\u7ed5\u6d77\u6d0b\u547d\u8fd0\u5171\u540c\u4f53\u7406\u5ff5\u9610\u8ff0\u4e86\u6709\u5173\u6d77\u6d0b\u79d1\u666e\u6559\u80b2\u7684\u7406\u89e3\uff0c\u4ece\u6d77\u6d0b\u7ecf\u6d4e\u3001\u6d77\u6d0b\u5b89\u5168\u3001\u6d77\u6d0b\u751f\u6001\u7b49\u65b9\u9762\u5bf9\u4e8e\u56fd\u5bb6\u63a8\u8fdb\u516c\u4f17\u7406\u89e3\u6d77\u6d0b\u7684\u8981\u70b9\u8fdb\u884c\u4e86\u5206\u4eab\u3002", "events": [], "arguments": {"time": [], "loc": [], "country": [{"text": "\u4e2d\u56fd", "offset": 0, "length": 2}], "weapon": []}}, {"sentence": "\u4e2d\u56fd\u56fd\u5bb6\u5730\u7406\u300a\u535a\u7269\u300b\u6742\u5fd7\u5185\u5bb9\u603b\u76d1\u5218\u83b9\u5206\u4eab\u4e86\u897f\u6c99\u7684\u91c7\u98ce\u7ecf\u5386\u53ca\u672c\u671f\u897f\u6c99\u7279\u520a\u7f16\u521b\u7684\u6545\u4e8b\u3002", "events": [], "arguments": {"time": [], "loc": [{"text": "\u897f\u6c99", "offset": 21, "length": 2}, {"text": "\u6c99", "offset": 0, "length": 1}], "country": [{"text": "\u4e2d\u56fd", "offset": 0, "length": 2}], "weapon": []}}, {"sentence": "\u4e0e\u4e2d\u56fd\u79d1\u666e\u6559\u80b2\u4e13\u4e1a\u59d4\u5458\u4f1a\u3001\u56fd\u9632\u79d1\u666e\u4e13\u4e1a\u59d4\u5458\u4f1a\u63a8\u9001\u56fd\u9632\u79d1\u666e\u6559\u80b2\u54c1\u724c\u201c\u4e2d\u79d1\u5c0f\u6d77\u519b\u201d\u79d1\u666e\u7814\u5b66\u5408\u4f5c\u5f00\u53d1\u81ea\u7136\u4e0e\u4eba\u6587\u79d1\u5b66\u5185\u5bb9\u3001\u4e3a\u6d77\u6d0b\u4e0e\u6d77\u5c9b\u79d1\u666e\u7814\u5b66\u6d3b\u52a8\u5f00\u5c55\u63d0\u4f9b\u4e86\u793a\u8303\u6027\u6848\u4f8b\u3002", "events": [{"trigger": {"text": "\u5f00\u53d1", "offset": 45, "length": 2}, "object": {"text": "", "offset": 0, "length": 0}, "subject": {"text": "", "offset": 0, "length": 0}}], "arguments": {"time": [], "loc": [], "country": [{"text": "\u4e2d\u56fd", "offset": 1, "length": 2}], "weapon": []}}, {"sentence": "\u5317\u4eac\u5b66\u751f\u6d3b\u52a8\u7ba1\u7406\u4e2d\u5fc3\u793e\u4f1a\u5927\u8bfe\u5408\u4f5c\u529e\u516c\u5ba4\u4e3b\u4efb\u9ad8\u4ed8\u5143\u5c31\u5f00\u5c55\u591a\u5143\u5316\u6821\u5185\u3001\u6821\u5916\uff0c\u6d77\u6d0b\u4e0e\u56fd\u9632\u79d1\u666e\u6559\u80b2\u662f\u7231\u56fd\u4e3b\u4e49\u6559\u80b2\u7684\u91cd\u8981\u7ec4\u6210\u90e8\u5206\u3002", "events": [], "arguments": {"time": [], "loc": [], "country": [], "weapon": []}}, {"sentence": "\u5982\u4f55\u4ece\u610f\u8bc6\u3001\u89c4\u5212\u3001\u5b9e\u8df5\u6a21\u5f0f\u4e0e\u53ef\u884c\u8def\u5f84\u7b49\u65b9\u9762\u8fdb\u884c\u4e86\u7ecf\u9a8c\u5206\u4eab\u3002", "events": [], "arguments": {"time": [], "loc": [], "country": [], "weapon": []}}, {"sentence": "\u9488\u5bf9\u201c\u4e2d\u79d1\u5c0f\u6d77\u519b\u201d\u6d77\u6d0b\u4e0e\u56fd\u9632\u79d1\u666e\u6559\u80b2\u4f53\u7cfb\u4e2d\u79d1\u5b66\u6559\u80b2\u4e0e\u884c\u8d70\u7684\u6d77\u6d0b\u79d1\u5b66\u5b9e\u8df5\u6d3b\u52a8\u7ed9\u4e88\u9ad8\u5ea6\u8bc4\u4ef7\u3002", "events": [], "arguments": {"time": [], "loc": [], "country": [], "weapon": []}}, {"sentence": "\u5e76\u6307\u51fa\u5b66\u751f\u4ece\u79d1\u5b66\u6559\u80b2\u7684\u89c6\u89d2\u6765\u8bb2\uff0c\u5e94\u8be5\u7acb\u4f53\u7684\u8ba4\u77e5\u9646\u5730\u3001\u6d77\u6d0b\u3001\u5929\u7a7a\uff0c\u5efa\u7acb\u8de8\u5b66\u79d1\u601d\u7ef4\u3001\u5728\u5b9e\u8df5\u4e2d\u638c\u63e1\u79d1\u5b66\u65b9\u6cd5\uff0c\u5efa\u7acb\u79d1\u5b66\u601d\u60f3\u3001\u57f9\u517b\u79d1\u5b66\u7cbe\u795e\u3001\u63d0\u9ad8\u79d1\u5b66\u7d20\u8d28\u3002", "events": [], "arguments": {"time": [], "loc": [], "country": [], "weapon": []}}, {"sentence": "\u4e2d\u56fd\u79d1\u666e\u4f5c\u534f\u79d1\u666e\u6559\u80b2\u4e13\u4e1a\u59d4\u5458\u4f1a\u526f\u79d8\u4e66\u957f\u9a6c\u5a1f\u5a1f\u4e3b\u6301\u4ea4\u6d41\uff0c\u9610\u8ff0\u4e86\u5b9e\u8df5\u4e0e\u7406\u8bba\u76f8\u7ed3\u5408\u63a8\u8fdb\u79d1\u666e\u6559\u80b2\u5de5\u4f5c\u7684\u91cd\u8981\u6027\u3002", "events": [], "arguments": {"time": [], "loc": [], "country": [{"text": "\u4e2d\u56fd", "offset": 0, "length": 2}], "weapon": []}}, {"sentence": "\u5979\u63d0\u51fa\u79d1\u666e\u5de5\u4f5c\u8005\u8981\u52a0\u5f3a\u6d77\u6d0b\u4e0e\u56fd\u9632\u79d1\u666e\u6559\u80b2\uff0c\u7528\u4e30\u5bcc\u591a\u6837\u5316\u7684\u5f62\u5f0f\u3001\u591a\u7ef4\u5ea6\u591a\u89c6\u89d2\u7684\u8bed\u5883\u3001\u8de8\u754c\u878d\u5408\u7684\u5408\u4f5c\u673a\u5236\u3001\u52a9\u529b\u5168\u6c11\u7ec8\u751f\u6559\u80b2\u7684\u793e\u4f1a\u79d1\u666e\u8d44\u6e90\u8054\u52a8\u751f\u6001\u3001\u53ef\u6301\u7eed\u7684\u53d1\u5c55\u79d1\u666e\u6559\u80b2\u5de5\u4f5c\uff0c\u4ece\u800c\u63d0\u9ad8\u5168\u6c11\u79d1\u5b66\u7d20\u517b\u3002", "events": [], "arguments": {"time": [], "loc": [], "country": [], "weapon": []}}, {"sentence": "\u4ece\u800c\u6253\u9020\u6d77\u6d0b\u5f3a\u56fd\uff0c\u79d1\u6280\u5f3a\u56fd\uff0c\u6559\u80b2\u5f3a\u56fd\uff01", "events": [{"trigger": {"text": "\u6253\u9020", "offset": 2, "length": 2}, "object": {"text": "", "offset": 0, "length": 0}, "subject": {"text": "", "offset": 0, "length": 0}}], "arguments": {"time": [], "loc": [], "country": [], "weapon": []}}]