[{"sentence": "\u7f8e\u9646\u519b\u9996\u8f86\u65b0\u578b\u88c5\u7532\u8f66\u5b8c\u6210\u751f\u4ea7\u00a0\u7528\u4e8e\u53d6\u4ee3\u8001\u5f0fM113\u88c5\u7532\u8f66", "events": [{"trigger": {"text": "\u751f\u4ea7", "offset": 12, "length": 2}, "object": {"text": "", "offset": 0, "length": 0}, "subject": {"text": "", "offset": 0, "length": 0}}, {"trigger": {"text": "\u53d6\u4ee3", "offset": 17, "length": 2}, "object": {"text": "", "offset": 0, "length": 0}, "subject": {"text": "", "offset": 0, "length": 0}}], "arguments": {"time": [], "loc": [], "country": [{"text": "\u7f8e", "offset": 0, "length": 1}], "weapon": [{"text": "M113\u88c5\u7532\u8f66", "offset": 21, "length": 7}]}}, {"sentence": "\u3010\u73af\u7403\u7f51\u62a5\u9053 \u8bb0\u8005 \u9a6c\u5ca9\u3011", "events": [], "arguments": {"time": [], "loc": [], "country": [], "weapon": []}}, {"sentence": "\u636eMilitary.com\u7f51\u7ad99\u67082\u65e5\u62a5\u9053\uff0c\u5236\u9020\u5546BAE\u7cfb\u7edf\u516c\u53f8\u5f53\u5929\u5ba3\u5e03\uff0c\u7528\u4e8e\u53d6\u4ee3\u7f8e\u519b\u8001\u5f0fM113\u88c5\u7532\u8fd0\u5175\u8f66\u7684\u7b2c\u4e00\u8f86\u65b0\u578b\u88c5\u7532\u8f66\u5df2\u7ecf\u751f\u6210\u5b8c\u6210\u3002", "events": [{"trigger": {"text": "\u53d6\u4ee3", "offset": 39, "length": 2}, "object": {"text": "", "offset": 0, "length": 0}, "subject": {"text": "", "offset": 0, "length": 0}}], "arguments": {"time": [{"text": "9\u67082\u65e5", "offset": 15, "length": 4}], "loc": [], "country": [{"text": "\u7f8e", "offset": 41, "length": 1}], "weapon": [{"text": "M113\u88c5\u7532\u8fd0\u5175\u8f66", "offset": 45, "length": 9}, {"text": "\u7532\u8f66", "offset": 0, "length": 2}]}}, {"sentence": "\u62a5\u9053\u79f0\uff0c2018\u5e74\u7b7e\u8ba2\u7684\u4f4e\u901f\u7387\u521d\u59cb\u5408\u540c\u89c4\u5b9a\uff0cBAE\u7cfb\u7edf\u516c\u53f8\u5c06\u5411\u7f8e\u56fd\u9646\u519b\u4ea4\u4ed8\u591a\u8fbe450\u8f86\u65b0\u578b\u88c5\u7532\u8f66\u3002", "events": [{"trigger": {"text": "\u4ea4\u4ed8", "offset": 35, "length": 2}, "subject": {"text": "BAE\u7cfb\u7edf\u516c\u53f8", "offset": 22, "length": 7}, "object": {"text": "450\u8f86\u65b0\u578b\u88c5\u7532\u8f66", "offset": 39, "length": 9}}], "arguments": {"time": [{"text": "2018\u5e74", "offset": 4, "length": 5}], "loc": [], "country": [{"text": "\u7f8e\u56fd", "offset": 31, "length": 2}], "weapon": [{"text": "\u88c5\u7532\u8f66", "offset": 45, "length": 3}]}}, {"sentence": "\u636e\u6089\uff0c\u8fd9\u6b3e\u540d\u53ebAMPV\u7684\u65b0\u578b\u88c5\u7532\u8f66\u662f\u81ea1980\u5e74\u4ee5\u6765\u7f8e\u56fd\u9646\u519b\u7684\u7b2c\u4e00\u79cd\u5168\u65b0\u7684\u5c65\u5e26\u5f0f\u6218\u6597\u8f66\u8f86\uff0c\u7528\u4e8e\u53d6\u4ee3\u81ea1965\u5e74\u4ee5\u6765\u4e00\u76f4\u670d\u5f79\u7684M113\u88c5\u7532\u8f66\u3002", "events": [{"trigger": {"text": "\u53d6\u4ee3", "offset": 47, "length": 2}, "object": {"text": "", "offset": 0, "length": 0}, "subject": {"text": "", "offset": 0, "length": 0}}, {"trigger": {"text": "\u670d\u5f79", "offset": 59, "length": 2}, "object": {"text": "", "offset": 0, "length": 0}, "subject": {"text": "", "offset": 0, "length": 0}}], "arguments": {"time": [], "loc": [], "country": [{"text": "\u7f8e\u56fd", "offset": 26, "length": 2}], "weapon": [{"text": "M113\u88c5\u7532\u8f66", "offset": 62, "length": 7}, {"text": "AMPV\u7684\u65b0\u578b\u88c5\u7532\u8f66", "offset": 7, "length": 10}]}}, {"sentence": "AMPV\u8ba1\u5212\u66fe\u906d\u9047\u8fc7\u591a\u6b21\u5ef6\u8fdf\u3002", "events": [], "arguments": {"time": [], "loc": [], "country": [], "weapon": [{"text": "AMPV", "offset": 0, "length": 4}]}}, {"sentence": "\u5236\u9020\u8fc7\u7a0b\u4e2d\u51fa\u73b0\u7684\u95ee\u9898\u4f7fBAE\u516c\u53f8\u628a\u4ea4\u4ed8\u65f6\u95f4\u4ece3\u6708\u63a8\u8fdf\u52307\u6708\uff0c\u800c\u540e\u65b0\u51a0\u80ba\u708e\u75ab\u60c5\u53c8\u628a\u4ea4\u4ed8\u65f6\u95f4\u63a8\u8fdf\u52308\u6708\u3002", "events": [{"trigger": {"text": "\u5236\u9020", "offset": 0, "length": 2}, "object": {"text": "", "offset": 0, "length": 0}, "subject": {"text": "", "offset": 0, "length": 0}}, {"trigger": {"text": "\u4ea4\u4ed8", "offset": 40, "length": 2}, "object": {"text": "", "offset": 0, "length": 0}, "subject": {"text": "", "offset": 0, "length": 0}}, {"trigger": {"text": "\u4ea4\u4ed8", "offset": 17, "length": 2}, "object": {"text": "", "offset": 0, "length": 0}, "subject": {"text": "", "offset": 0, "length": 0}}], "arguments": {"time": [{"text": "3\u6708", "offset": 22, "length": 2}, {"text": "7\u6708", "offset": 27, "length": 2}, {"text": "8\u6708", "offset": 47, "length": 2}], "loc": [], "country": [], "weapon": []}}, {"sentence": "\u6b64\u8ba1\u5212\u8fd8\u906d\u53d7\u4e86\u7ecf\u8d39\u524a\u51cf\uff0c\u7f8e\u56fd\u9646\u519b\u57282021\u8d22\u5e74\u9884\u7b97\u4e2d\u4e3a\u8be5\u9879\u76ee\u7533\u8bf7\u4e861.93\u4ebf\u7f8e\u5143\uff0c\u76f8\u6bd4\u4e4b\u4e0b\uff0c2020\u8d22\u5e74\u8be5\u9879\u76ee\u83b7\u5f97\u4e864.45\u4ebf\u7f8e\u5143\uff0c2019\u8d22\u5e74\u83b7\u5f97\u4e866.73\u4ebf\u7f8e\u5143\u3002", "events": [], "arguments": {"time": [{"text": "2021\u8d22\u5e74", "offset": 17, "length": 6}, {"text": "2020\u8d22\u5e74", "offset": 46, "length": 6}, {"text": "2019\u8d22\u5e74", "offset": 66, "length": 6}], "loc": [], "country": [{"text": "\u7f8e\u56fd", "offset": 12, "length": 2}], "weapon": []}}, {"sentence": "\u636e\u4ecb\u7ecd\uff0c\u4ea4\u4ed8\u7684\u7b2c\u4e00\u8f86\u8f66\u662fAMPV\u8f66\u65cf\u7684\u6307\u6325\u8f66\uff0c\u5176\u5b83\u79cd\u7c7b\u8fd8\u5305\u62ec\u901a\u7528\u8f66\u3001\u8feb\u51fb\u70ae\u8f66\u3001\u4f24\u5458\u8fd0\u9001\u8f66\u3001\u533b\u7597\u8f66\u7b49\u3002", "events": [{"trigger": {"text": "\u4ea4\u4ed8", "offset": 4, "length": 2}, "object": {"text": "", "offset": 0, "length": 0}, "subject": {"text": "", "offset": 0, "length": 0}}], "arguments": {"time": [], "loc": [], "country": [], "weapon": [{"text": "AMPV\u8f66\u65cf\u7684\u6307\u6325\u8f66", "offset": 12, "length": 10}, {"text": "\u901a\u7528\u8f66", "offset": 30, "length": 3}, {"text": "\u8feb\u51fb\u70ae\u8f66", "offset": 34, "length": 4}, {"text": "\u4f24\u5458\u8fd0\u9001\u8f66", "offset": 39, "length": 5}, {"text": "\u533b\u7597\u8f66", "offset": 45, "length": 3}]}}]