[{"sentence": "\u7f8e\u7a7a\u519bB-21\u8f70\u70b8\u673a\u9996\u98de\u5ef6\u8fdf\u00a0\u73b0\u6709\u8f70\u70b8\u673a\u90e8\u961f\u5c06\u8fdb\u884c\u91cd\u5927\u6539\u9020", "events": [{"trigger": {"text": "\u6539\u9020", "offset": 27, "length": 2}, "object": {"text": "", "offset": 0, "length": 0}, "subject": {"text": "", "offset": 0, "length": 0}}], "arguments": {"time": [], "loc": [], "country": [{"text": "\u7f8e", "offset": 0, "length": 1}], "weapon": [{"text": "B-21\u8f70\u70b8\u673a", "offset": 3, "length": 7}]}}, {"sentence": "\u3010\u73af\u7403\u7f51\u62a5\u9053 \u8bb0\u8005 \u9a6c\u5ca9\u3011", "events": [], "arguments": {"time": [], "loc": [], "country": [], "weapon": []}}, {"sentence": "\u636e\u300a\u7b80\u6c0f\u9632\u52a1\u5468\u520a\u300b\u7f51\u7ad99\u67081\u65e5\u62a5\u9053\uff0c\u7f8e\u56fd\u7a7a\u519b\u76ee\u524d\u9884\u8ba1\u8bfa\u65af\u7f57\u666e\u2022\u683c\u9c81\u66fc\u516c\u53f8\u7814\u53d1\u7684B-21\u8fdc\u7a0b\u8f70\u70b8\u673a\u9996\u98de\u65f6\u95f4\u4e0d\u4f1a\u65e9\u4e8e2022\u5e74\uff0c\u7565\u665a\u4e8e\u6b64\u524d\u4f30\u8ba1\u76842021\u5e74\u5e95\u3002", "events": [{"trigger": {"text": "\u9996\u98de", "offset": 48, "length": 2}, "object": {"text": "", "offset": 0, "length": 0}, "subject": {"text": "", "offset": 0, "length": 0}}], "arguments": {"time": [{"text": "9\u67081\u65e5", "offset": 11, "length": 4}, {"text": "2022\u5e74", "offset": 56, "length": 5}, {"text": "2021\u5e74\u5e95", "offset": 70, "length": 6}], "loc": [], "country": [{"text": "\u7f8e\u56fd", "offset": 18, "length": 2}], "weapon": [{"text": "B-21\u8fdc\u7a0b\u8f70\u70b8\u673a", "offset": 39, "length": 9}]}}, {"sentence": "\u7b2c\u516b\u7a7a\u519b\u6307\u6325\u5b98\u9a6c\u514b\u5c11\u5c068\u670831\u65e5\u8bf4\uff0c\u7a7a\u519b\u53ef\u4ee5\u63d0\u524d\u5b9e\u73b0B-21\u7684\u521d\u59cb\u4f5c\u6218\u80fd\u529b\uff0c\u4f46\u53d6\u51b3\u4e8e\u4ea4\u4ed8\u80fd\u5426\u52a0\u901f\u3002", "events": [{"trigger": {"text": "\u4ea4\u4ed8", "offset": 42, "length": 2}, "object": {"text": "", "offset": 0, "length": 0}, "subject": {"text": "", "offset": 0, "length": 0}}], "arguments": {"time": [{"text": "8\u670831\u65e5", "offset": 11, "length": 5}], "loc": [], "country": [], "weapon": [{"text": "B-21", "offset": 26, "length": 4}]}}, {"sentence": "\u800c\u524d\u7f8e\u56fd\u7a7a\u519b\u526f\u90e8\u957f\u9a6c\u4fee\u2022\u591a\u8bfa\u4e07\u66fe\u57282018\u5e741\u6708\u8bf4\uff0cB-21\u7684\u521d\u59cb\u4f5c\u6218\u80fd\u529b\u6709\u671b\u4e8e2020\u5e74\u4e2d\u671f\u5b9e\u73b0\u3002", "events": [], "arguments": {"time": [{"text": "2018\u5e741\u6708", "offset": 17, "length": 7}], "loc": [], "country": [{"text": "\u7f8e\u56fd", "offset": 2, "length": 2}], "weapon": [{"text": "B-21", "offset": 26, "length": 4}]}}, {"sentence": "\u7b2c\u516b\u7a7a\u519b\u8d1f\u8d23\u8f70\u70b8\u673a\u90e8\u961f\u548c\u673a\u8f7d\u6838\u6b66\u5668\uff0c\u76ee\u524d\u5171\u6709157\u67b6\u8f70\u70b8\u673a\uff0c\u5305\u62ec61\u67b6B-1B\uff0c76\u67b6B-52H\uff0c\u548c20\u67b6B-2\u9690\u8eab\u8f70\u70b8\u673a\u3002", "events": [], "arguments": {"time": [], "loc": [], "country": [], "weapon": [{"text": "B-1B", "offset": 35, "length": 4}, {"text": "B-52H", "offset": 43, "length": 5}, {"text": "B-2\u9690\u8eab\u8f70\u70b8\u673a", "offset": 53, "length": 8}]}}, {"sentence": "\u7f8e\u56fd\u7a7a\u519b\u6b63\u8ba1\u5212\u5bf9\u5176\u8f70\u70b8\u673a\u90e8\u961f\u8fdb\u884c\u4e00\u6b21\u91cd\u5927\u6539\u9020\u3002", "events": [{"trigger": {"text": "\u6539\u9020", "offset": 20, "length": 2}, "subject": {"text": "\u7f8e\u56fd\u7a7a\u519b", "offset": 0, "length": 4}, "object": {"text": "\u8f70\u70b8\u673a", "offset": 9, "length": 3}}], "arguments": {"time": [], "loc": [], "country": [{"text": "\u7f8e\u56fd", "offset": 0, "length": 2}], "weapon": [{"text": "\u6539\u9020", "offset": 20, "length": 2}, {"text": "\u8f70\u70b8\u673a", "offset": 9, "length": 3}]}}, {"sentence": "\u5b83\u5c06\u7528\u65b0\u7684\u5f15\u64ce\u3001\u96f7\u8fbe\u548c\u901a\u4fe1\u7cfb\u7edf\u7b49\u6765\u73b0\u4ee3\u5316\u6539\u9020B-52H\u673a\u961f\uff0c\u6253\u7b97\u73b0\u5728\u5f00\u59cb\u9000\u5f79B-1B\u8f70\u70b8\u673a\uff0c\u5e76\u5728B-21\u4ea4\u4ed8\u540e\u5f00\u59cb\u9000\u5f79B-2\u8f70\u70b8\u673a\u3002", "events": [{"trigger": {"text": "\u6539\u9020", "offset": 20, "length": 2}, "subject": {"text": "", "offset": 0, "length": 0}, "object": {"text": "B-52H\u673a\u961f", "offset": 22, "length": 7}}, {"trigger": {"text": "\u9000\u5f79", "offset": 57, "length": 2}, "object": {"text": "", "offset": 0, "length": 0}, "subject": {"text": "", "offset": 0, "length": 0}}], "arguments": {"time": [], "loc": [], "country": [], "weapon": [{"text": "B-1B\u8f70\u70b8\u673a", "offset": 38, "length": 7}, {"text": "B-21", "offset": 48, "length": 4}, {"text": "B-2\u8f70\u70b8\u673a", "offset": 59, "length": 6}]}}, {"sentence": "\u7f8e\u56fd\u7a7a\u519b\u57282021\u8d22\u5e74\u9884\u7b97\u4e2d\u5efa\u8bae\u9000\u5f7917\u67b6B-1B\uff0c\u4ece\u800c\u628a\u8f70\u70b8\u673a\u6570\u91cf\u4ece157\u67b6\u7f29\u51cf\u81f3140\u67b6\u3002", "events": [{"trigger": {"text": "\u9000\u5f79", "offset": 16, "length": 2}, "object": {"text": "", "offset": 0, "length": 0}, "subject": {"text": "", "offset": 0, "length": 0}}], "arguments": {"time": [{"text": "2021\u8d22\u5e74", "offset": 5, "length": 6}], "loc": [], "country": [{"text": "\u7f8e\u56fd", "offset": 0, "length": 2}], "weapon": [{"text": "B-1B", "offset": 21, "length": 4}]}}, {"sentence": "\uff08\u5b8c\uff09", "events": [], "arguments": {"time": [], "loc": [], "country": [], "weapon": []}}, {"sentence": "\uff08\u5b8c\uff09", "events": [], "arguments": {"time": [], "loc": [], "country": [], "weapon": []}}]