[{"sentence": "\u53f0\u9632\u52a1\u90e8\u95e8\u79f0\u7f8e\u519b\u8230\u901a\u8fc7\u53f0\u6e7e\u6d77\u5ce1\uff0c\u8fd8\u8bc1\u5b9e\u201c\u89e3\u653e\u519b\u6bcf\u5929\u6d3e\u6d77\u7a7a\u519b\u8230\u673a\u5de1\u822a\u6d77\u5ce1\u4e2d\u7ebf\u4ee5\u897f\u201d", "events": [{"trigger": {"text": "\u5de1\u822a", "offset": 31, "length": 2}, "object": {"text": "", "offset": 0, "length": 0}, "subject": {"text": "", "offset": 0, "length": 0}}], "arguments": {"time": [], "loc": [{"text": "\u53f0\u6e7e\u6d77\u5ce1", "offset": 11, "length": 4}, {"text": "\u6d77\u5ce1\u4e2d\u7ebf", "offset": 33, "length": 4}, {"text": "\u897f", "offset": 0, "length": 1}], "country": [{"text": "\u7f8e", "offset": 6, "length": 1}], "weapon": [{"text": "\u6d77\u7a7a\u519b\u8230\u673a", "offset": 26, "length": 5}]}}, {"sentence": "\u3010\u73af\u7403\u7f51\u62a5\u9053\u3011", "events": [], "arguments": {"time": [], "loc": [], "country": [], "weapon": []}}, {"sentence": "\u4eca\u5929\uff0c\u5c9b\u5185\u5a92\u4f53\u5bc6\u96c6\u62a5\u9053\u4e24\u5219\u201c\u519b\u4e8b\u6d88\u606f\u201d\uff0c\u6d88\u606f\u6e90\u5934\u5747\u4e3a\u53f0\u6e7e\u9632\u52a1\u90e8\u95e8\u3002", "events": [], "arguments": {"time": [], "loc": [], "country": [{"text": "\u53f0\u6e7e", "offset": 26, "length": 2}], "weapon": []}}, {"sentence": "\u540e\u8005\u4eca\u5929\u65e9\u4e0a\u516c\u5e03\u201c2020\u5e74\u4e2d\u5171\u519b\u529b\u62a5\u544a\u201d\uff0c\u53f0\u6e7e\u9632\u52a1\u90e8\u95e8\u4eca\u5929\u9996\u6b21\u8bc1\u5b9e\uff0c\u201c\u5171\u519b\u6bcf\u5929\u6d3e\u9063\u6d77\u7a7a\u519b\u8230\u673a\u5728\u6d77\u5ce1\u4e2d\u7ebf\u4ee5\u897f\u8fdb\u884c\u4f8b\u884c\u6d77\u5ce1\u5de1\u5f0b\u4efb\u52a1\u201d\uff0c\u91cd\u70b9\u662f\u201c\u6bcf\u5929\u201d\u3002", "events": [{"trigger": {"text": "\u6d3e\u9063", "offset": 40, "length": 2}, "object": {"text": "", "offset": 0, "length": 0}, "subject": {"text": "", "offset": 0, "length": 0}}], "arguments": {"time": [{"text": "2020\u5e74", "offset": 9, "length": 5}], "loc": [{"text": "\u6d77\u5ce1\u4e2d\u7ebf", "offset": 48, "length": 4}, {"text": "\u5ce1", "offset": 0, "length": 1}], "country": [{"text": "\u53f0\u6e7e", "offset": 22, "length": 2}], "weapon": [{"text": "\u6d77\u7a7a\u519b\u8230\u673a", "offset": 42, "length": 5}]}}, {"sentence": "\u4e0e\u6b64\u540c\u65f6\uff0c\u53f0\u9632\u52a1\u90e8\u95e831\u65e5\u8fd8\u5ba3\u79f0\uff0c\u7f8e\u519b\u4e00\u8258\u9a71\u9010\u8230\u7531\u5317\u5411\u5357\u822a\u7ecf\u53f0\u6e7e\u6d77\u5ce1\u5e76\u7ee7\u7eed\u5411\u5357\u822a\u884c\uff0c\u8fd9\u662f\u7f8e\u519b\u9a71\u9010\u8230\u4eca\u5e74\u7b2c\u4e5d\u6b21\u901a\u8fc7\u53f0\u6e7e\u6d77\u5ce1\u3002", "events": [{"trigger": {"text": "\u822a\u884c", "offset": 39, "length": 2}, "object": {"text": "", "offset": 0, "length": 0}, "subject": {"text": "", "offset": 0, "length": 0}}], "arguments": {"time": [{"text": "31\u65e5", "offset": 10, "length": 3}], "loc": [{"text": "\u53f0\u6e7e\u6d77\u5ce1", "offset": 30, "length": 4}, {"text": "\u53f0\u6e7e\u6d77\u5ce1", "offset": 56, "length": 4}], "country": [], "weapon": [{"text": "\u9a71\u9010\u8230", "offset": 21, "length": 3}, {"text": "\u9a71\u9010\u8230", "offset": 46, "length": 3}]}}, {"sentence": "\u5bf9\u4e8e\u4e0a\u8ff0\u4e24\u5219\u6d88\u606f\uff0c\u300a\u4e2d\u56fd\u65f6\u62a5\u300b\u300a\u8054\u5408\u62a5\u300b\u4e09\u7acb\u65b0\u95fb\u7b49\u53f0\u6e7e\u5a92\u4f53\u90fd\u505a\u4e86\u62a5\u9053\u3002", "events": [], "arguments": {"time": [], "loc": [], "country": [{"text": "\u53f0\u6e7e", "offset": 25, "length": 2}], "weapon": []}}, {"sentence": "\u300a\u8054\u5408\u62a5\u300b\u79f0\uff0c\u53f0\u6e7e\u9632\u536b\u90e8\u95e8\u64b0\u5199\u76842020\u5e74\u201c\u4e2d\u5171\u519b\u529b\u62a5\u544a\u4e66\u201d\u4eca\u5929\u4e0a\u5348\u9001\u81f3\u201c\u7acb\u6cd5\u9662\u201d\uff0c\u5176\u4e2d\u53f0\u6e7e\u9632\u52a1\u90e8\u95e8\u9996\u5ea6\u516c\u5f00\u8bc1\u5b9e\uff0c\u201c\u4e2d\u5171\u6bcf\u65e5\u5747\u6d3e\u9063\u6d77\u3001\u7a7a\u519b\u8230\u3001\u673a\uff0c\u4e8e\u6d77\u5ce1\u4e2d\u7ebf\u4ee5\u897f\u6d77\u7a7a\u57df\u4ece\u4e8b\u4f8b\u884c\u6027\u6d77\u5ce1\u5de1\u5f0b\u4efb\u52a1\u201d\uff0c\u5e76\u79f0\u201c\u8fd1\u671f\u7f8e\u519b\u8054\u5408\u76df\u90a6\u6269\u5927\u5728\u4e1c\u6d77\u3001\u53f0\u6d77\u53ca\u5357\u6d77\u5730\u533a\u673a\u3001\u8230\u5de1\u5f0b\u529b\u5ea6\uff0c\u800c\u4e2d\u5171\u2018\u9022\u8230\u5fc5\u8ddf\u3001\u9022\u673a\u5fc5\u67e5\u2019\uff0c\u4e5f\u8c03\u6574\u6cbf\u6d77\u5f53\u9762\u673a\u573a\u589e\u9a7b\u591a\u578b\u65b0\u5f0f\u7a7a\u4e2d\u5175\u529b\uff0c\u4ee5\u5e94\u5bf9\u7f8e\u7c4d\u673a\u8230\u9ad8\u5f3a\u5ea6\u3001\u5927\u8303\u56f4\u62b5\u8fd1\u4fa6\u5bdf\u4e0e\u5e38\u6001\u81ea\u7531\u822a\u884c\u4f5c\u4e3a\u201d\u3002", "events": [{"trigger": {"text": "\u62b5\u8fd1\u4fa6\u5bdf", "offset": 177, "length": 4}, "object": {"text": "", "offset": 0, "length": 0}, "subject": {"text": "", "offset": 0, "length": 0}}, {"trigger": {"text": "\u822a\u884c", "offset": 186, "length": 2}, "object": {"text": "", "offset": 0, "length": 0}, "subject": {"text": "", "offset": 0, "length": 0}}], "arguments": {"time": [{"text": "2020\u5e74", "offset": 16, "length": 5}], "loc": [{"text": "\u6d77\u5ce1\u4e2d\u7ebf", "offset": 74, "length": 4}, {"text": "\u897f\u6d77\u7a7a\u57df", "offset": 0, "length": 4}, {"text": "\u4e1c\u6d77", "offset": 110, "length": 2}, {"text": "\u53f0\u6d77", "offset": 113, "length": 2}, {"text": "\u5357\u6d77\u5730\u533a", "offset": 116, "length": 4}], "country": [{"text": "\u53f0\u6e7e", "offset": 7, "length": 2}, {"text": "\u53f0\u6e7e", "offset": 44, "length": 2}], "weapon": [{"text": "\u673a\u8230", "offset": 168, "length": 2}]}}, {"sentence": "\u62a5\u544a\u540c\u65f6\u5ba3\u79f0\uff0c\u4eca\u5e742\u6708\u30018\u6708\uff0c\u89e3\u653e\u519b\u6218\u673a\u66fe\u4e24\u6b21\u201c\u84c4\u610f\u903e\u8d8a\u6d77\u5ce1\u4e2d\u7ebf\u201d\uff0c\u8bd5\u56fe\u6253\u7834\u6d77\u5ce1\u4e2d\u7ebf\u9ed8\u5951\uff0c\u5e76\u201c\u6d4b\u8bd5\u6211\u7a7a\u9632\u8b66\u6212\u5e94\u5904\u4f5c\u4e3a\uff0c\u538b\u7f29\u6211\u6d3b\u52a8\u7a7a\u57df\uff0c\u7f29\u77ed\u6211\u9884\u8b66\u53cd\u5e94\u65f6\u95f4\uff0c\u5bf9\u6211\u5175\u529b\u5e94\u5904\u3001\u4eba\u5458\u8d1f\u8377\u53ca\u53f0\u6d77\u7a7a\u9632\u5b89\u5168\u9020\u6210\u6781\u5927\u538b\u529b\u4e0e\u6311\u6218\u201d\u3002", "events": [{"trigger": {"text": "\u6d4b\u8bd5", "offset": 47, "length": 2}, "object": {"text": "", "offset": 0, "length": 0}, "subject": {"text": "", "offset": 0, "length": 0}}], "arguments": {"time": [{"text": "\u4eca\u5e742\u6708", "offset": 7, "length": 4}, {"text": "8\u6708", "offset": 12, "length": 2}], "loc": [{"text": "\u6d77\u5ce1\u4e2d\u7ebf", "offset": 28, "length": 4}, {"text": "\u6d77\u5ce1\u4e2d\u7ebf", "offset": 38, "length": 4}, {"text": "\u53f0\u6d77", "offset": 89, "length": 2}], "country": [], "weapon": [{"text": "\u89e3\u653e\u519b\u6218\u673a", "offset": 15, "length": 5}]}}, {"sentence": "\u8be5\u62a5\u544a\u5728\u201c\u6d77\u519b\u65b9\u9762\u201d\u8fd8\u63d0\u5230\uff0c\u201c\u53c2\u8bc1\u5386\u5e74\u4e2d\u5171\u6d77\u519b\u8fdc\u6d77\u957f\u822a\u8303\u56f4\u4ec5\u5c40\u9650\u5728\u7b2c\u4e00\u3001\u4e8c\u5c9b\u94fe\u95f4\u533a\u57df\uff0c\u4f46\u4eca\u5e74\u521d\u5357\u6d77\u8230\u961f\u8fdc\u6d77\u957f\u822a\u822a\u7ebf\u9996\u6b21\u62b5\u8fd1\u7b2c\u4e09\u5c9b\u94fe\uff0c\u5bf9\u5916\u5c55\u73b0\u7a81\u7834\u5c9b\u94fe\u5c01\u9501\u53ca\u8fdc\u6d77\u4f5c\u6218\u5b9e\u529b\u201d\u3002", "events": [{"trigger": {"text": "\u62b5\u8fd1", "offset": 59, "length": 2}, "object": {"text": "", "offset": 0, "length": 0}, "subject": {"text": "", "offset": 0, "length": 0}}], "arguments": {"time": [], "loc": [{"text": "\u5357\u6d77", "offset": 47, "length": 2}, {"text": "\u7b2c\u4e09\u5c9b\u94fe", "offset": 61, "length": 4}], "country": [], "weapon": []}}, {"sentence": "\u540c\u65e5\uff0c\u53f0\u6e7e\u9632\u52a1\u90e8\u95e8\u8fd8\u5bf9\u5916\u8bc1\u5b9e\uff0c\u7f8e\u519b\u4e00\u8258\u9a71\u9010\u8230\u7531\u5317\u5411\u5357\u822a\u7ecf\u6d77\u6e7e\u6d77\u5ce1\u5e76\u7ee7\u7eed\u5411\u5357\u822a\u884c\uff0c\u8fd9\u662f\u7f8e\u519b\u9a71\u9010\u8230\u4eca\u5e74\u7b2c\u4e5d\u6b21\u901a\u8fc7\u53f0\u6e7e\u6d77\u5ce1\u3002", "events": [{"trigger": {"text": "\u822a\u884c", "offset": 37, "length": 2}, "object": {"text": "", "offset": 0, "length": 0}, "subject": {"text": "", "offset": 0, "length": 0}}], "arguments": {"time": [], "loc": [{"text": "\u6d77\u6e7e\u6d77\u5ce1", "offset": 28, "length": 4}, {"text": "\u53f0\u6e7e\u6d77\u5ce1", "offset": 54, "length": 4}], "country": [{"text": "\u53f0\u6e7e", "offset": 3, "length": 2}], "weapon": [{"text": "\u9a71\u9010\u8230", "offset": 19, "length": 3}, {"text": "\u9a71\u9010\u8230", "offset": 44, "length": 3}]}}, {"sentence": "\u504f\u7eff\u7684\u5a92\u4f53\u4e09\u7acb\u65b0\u95fb\u8fd8\u5c06\u6b64\u4e8b\u4e0e\u6377\u514b\u8bae\u4f1a\u4ee3\u8868\u56e2\u62b5\u8fbe\u53f0\u6e7e\u76f8\u8054\u7cfb\uff0c\u5f3a\u8c03\u7f8e\u56fd\u519b\u8230\u8fc7\u53f0\u6d77\u662f\u5728\u6377\u514b\u8bae\u957f\u8bbf\u95ee\u53f0\u6e7e\u4e4b\u9645\u3002", "events": [{"trigger": {"text": "\u62b5\u8fbe", "offset": 21, "length": 2}, "object": {"text": "", "offset": 0, "length": 0}, "subject": {"text": "", "offset": 0, "length": 0}}], "arguments": {"time": [], "loc": [{"text": "\u53f0\u6d77", "offset": 36, "length": 2}], "country": [{"text": "\u6377\u514b", "offset": 14, "length": 2}, {"text": "\u53f0\u6e7e", "offset": 23, "length": 2}, {"text": "\u7f8e\u56fd", "offset": 31, "length": 2}, {"text": "\u6377\u514b", "offset": 40, "length": 2}, {"text": "\u53f0\u6e7e", "offset": 46, "length": 2}], "weapon": []}}, {"sentence": "\u53e6\u636e\u8def\u900f\u793e\u6d88\u606f\uff0c\u7f8e\u56fd\u6d77\u519b\u7b2c\u4e03\u8230\u961f\u4ee3\u8868\u4e3d\u6069\u00b7\u83ab\u59c6\u68ee\u8868\u793a\uff0c\u963f\u5229\u4f2f\u514b\u7ea7\u5bfc\u5f39\u9a71\u9010\u8230\u201c\u54c8\u5c14\u897f\u201d\u53f7\u4e8e8\u670830\u65e5\u4f8b\u884c\u901a\u8fc7\u53f0\u6e7e\u6d77\u5ce1\u3002", "events": [], "arguments": {"time": [{"text": "8\u670830\u65e5", "offset": 44, "length": 5}], "loc": [{"text": "\u53f0\u6e7e\u6d77\u5ce1", "offset": 53, "length": 4}], "country": [{"text": "\u7f8e\u56fd", "offset": 8, "length": 2}], "weapon": [{"text": "\u963f\u5229\u4f2f\u514b\u7ea7\u5bfc\u5f39\u9a71\u9010\u8230\u201c\u54c8\u5c14\u897f\u201d\u53f7", "offset": 27, "length": 16}]}}, {"sentence": "\u4e2d\u56fd\u56fd\u9632\u90e8\u65b0\u95fb\u53d1\u8a00\u4eba\u5434\u8c26\u5927\u6821\u6b64\u524d\u66fe\u8868\u793a\uff0c\u53f0\u6e7e\u662f\u4e2d\u56fd\u4e0d\u53ef\u5206\u5272\u7684\u4e00\u90e8\u5206\u3002", "events": [], "arguments": {"time": [], "loc": [], "country": [{"text": "\u4e2d\u56fd", "offset": 0, "length": 2}, {"text": "\u53f0\u6e7e", "offset": 20, "length": 2}, {"text": "\u4e2d\u56fd", "offset": 23, "length": 2}], "weapon": []}}, {"sentence": "\u53f0\u6e7e\u4e8b\u52a1\u7eaf\u5c5e\u4e2d\u56fd\u5185\u653f\uff0c\u4e0d\u5bb9\u4efb\u4f55\u5916\u6765\u5e72\u6d89\u3002", "events": [], "arguments": {"time": [], "loc": [], "country": [{"text": "\u53f0\u6e7e", "offset": 0, "length": 2}, {"text": "\u4e2d\u56fd", "offset": 6, "length": 2}], "weapon": []}}, {"sentence": "\u7f8e\u65b9\u9891\u7e41\u6253\u53f0\u6e7e\u724c\uff0c\u60f3\u901a\u8fc7\u201c\u5207\u9999\u80a0\u201d\u7684\u65b9\u5f0f\u6765\u5371\u5bb3\u4e2d\u56fd\u7684\u4e3b\u6743\u548c\u9886\u571f\u5b8c\u6574\uff0c\u8fd9\u5b8c\u5168\u662f\u75f4\u5fc3\u5984\u60f3\u3002", "events": [], "arguments": {"time": [], "loc": [], "country": [{"text": "\u7f8e\u65b9", "offset": 0, "length": 2}, {"text": "\u53f0\u6e7e", "offset": 5, "length": 2}, {"text": "\u4e2d\u56fd", "offset": 23, "length": 2}], "weapon": []}}, {"sentence": "\u89e3\u653e\u519b\u59cb\u7ec8\u4fdd\u6301\u9ad8\u5ea6\u6212\u5907\uff0c\u6709\u575a\u5b9a\u7684\u610f\u5fd7\u3001\u5145\u5206\u7684\u4fe1\u5fc3\u548c\u8db3\u591f\u7684\u80fd\u529b\u7ef4\u62a4\u56fd\u5bb6\u4e3b\u6743\u548c\u9886\u571f\u5b8c\u6574\uff0c\u7ef4\u62a4\u53f0\u6d77\u5730\u533a\u548c\u5e73\u7a33\u5b9a\u3002", "events": [], "arguments": {"time": [], "loc": [{"text": "\u53f0\u6d77\u5730\u533a", "offset": 44, "length": 4}], "country": [], "weapon": []}}, {"sentence": "\u4e2d\u56fd\u56fd\u9632\u90e8\u4e5f\u66fe\u7528\u201c\u4e09\u4e2a\u4e25\u91cd\u201d\u56de\u5e94\u7f8e\u519b\u8230\u673a\u9891\u7e41\u73b0\u8eab\u53f0\u6d77\u7684\u95ee\u9898\uff0c\u56fd\u9632\u90e8\u53d1\u8a00\u4eba\u4efb\u56fd\u5f3a2020\u5e743\u670826\u65e5\u66fe\u8868\u793a\uff0c\u8fd1\u4e00\u6bb5\u65f6\u95f4\u4ee5\u6765\u7f8e\u65b9\u5728\u53f0\u6e7e\u95ee\u9898\u4e0a\u6d88\u6781\u52a8\u4f5c\u4e0d\u65ad\uff0c\u4e25\u91cd\u5e72\u6d89\u4e2d\u56fd\u5185\u653f\uff0c\u4e25\u91cd\u7834\u574f\u53f0\u6d77\u548c\u5e73\u7a33\u5b9a\uff0c\u4e25\u91cd\u6bd2\u5316\u4e2d\u7f8e\u4e24\u56fd\u4e24\u519b\u5173\u7cfb\uff0c\u201c\u5411\u53f0\u72ec\u52bf\u529b\u91ca\u653e\u9519\u8bef\u4fe1\u53f7\uff0c\u662f\u6781\u5176\u5371\u9669\u7684\u201d\uff0c\u4e2d\u56fd\u7edd\u4e0d\u5141\u8bb8\u5916\u56fd\u52bf\u529b\u6253\u201c\u53f0\u6e7e\u724c\u201d\uff0c\u7edd\u4e0d\u5bb9\u5fcd\u4efb\u4f55\u5f62\u5f0f\u7684\u201c\u53f0\u72ec\u201d\u5206\u88c2\u56fe\u8c0b\u548c\u884c\u5f84\u3002", "events": [{"trigger": {"text": "\u9891\u7e41\u73b0\u8eab", "offset": 20, "length": 4}, "object": {"text": "", "offset": 0, "length": 0}, "subject": {"text": "", "offset": 0, "length": 0}}], "arguments": {"time": [{"text": "2020\u5e743\u670826\u65e5", "offset": 39, "length": 10}], "loc": [{"text": "\u53f0\u6d77", "offset": 24, "length": 2}, {"text": "\u53f0\u6d77", "offset": 88, "length": 2}], "country": [{"text": "\u4e2d\u56fd", "offset": 0, "length": 2}, {"text": "\u7f8e\u65b9", "offset": 60, "length": 2}, {"text": "\u4e2d\u56fd", "offset": 79, "length": 2}, {"text": "\u7f8e", "offset": 100, "length": 1}, {"text": "\u4e2d\u56fd", "offset": 129, "length": 2}, {"text": "\u6e7e", "offset": 0, "length": 1}], "weapon": []}}, {"sentence": "\u4ed6\u8bf4\uff0c\u89e3\u653e\u519b\u8fdb\u884c\u6218\u5907\u5de1\u822a\u7b49\u519b\u4e8b\u884c\u52a8\u65e8\u5728\u7ef4\u62a4\u56fd\u5bb6\u4e3b\u6743\u548c\u9886\u571f\u5b8c\u6574\uff0c\u7ef4\u62a4\u53f0\u6d77\u5730\u533a\u548c\u5e73\u7a33\u5b9a\uff0c\u7ef4\u62a4\u4e24\u5cb8\u540c\u80de\u7684\u5171\u540c\u5229\u76ca\u3002", "events": [{"trigger": {"text": "\u5de1\u822a", "offset": 10, "length": 2}, "object": {"text": "", "offset": 0, "length": 0}, "subject": {"text": "", "offset": 0, "length": 0}}], "arguments": {"time": [], "loc": [{"text": "\u53f0\u6d77\u5730\u533a", "offset": 33, "length": 4}], "country": [], "weapon": []}}, {"sentence": "\u5bf9\u4e8e\u89e3\u653e\u519b\u519b\u673a\u51fa\u73b0\u5728\u53f0\u6d77\u4e00\u4e8b\uff0c\u4e1c\u90e8\u6218\u533a\u65b0\u95fb\u53d1\u8a00\u4eba\u5f20\u6625\u6656\u7a7a\u519b\u5927\u6821\u66fe\u5c31\u6d77\u7a7a\u5175\u529b\u6218\u5907\u5de1\u822a\u53d1\u8868\u8c08\u8bdd\u8868\u793a\uff0c\u53f0\u6e7e\u53ca\u5176\u9644\u5c5e\u5c9b\u5c7f\u662f\u4e2d\u56fd\u9886\u571f\u795e\u5723\u4e0d\u53ef\u5206\u5272\u7684\u4e00\u90e8\u5206\uff0c\u4e2d\u56fd\u519b\u961f\u6218\u5907\u5de1\u822a\u5b8c\u5168\u6b63\u5f53\u5408\u6cd5\uff0c\u662f\u9488\u5bf9\u5f53\u524d\u53f0\u6d77\u5b89\u5168\u5f62\u52bf\u548c\u7ef4\u62a4\u56fd\u5bb6\u4e3b\u6743\u9700\u8981\u91c7\u53d6\u7684\u5fc5\u8981\u884c\u52a8\u3002", "events": [{"trigger": {"text": "\u51fa\u73b0\u5728", "offset": 7, "length": 3}, "object": {"text": "", "offset": 0, "length": 0}, "subject": {"text": "", "offset": 0, "length": 0}}, {"trigger": {"text": "\u5de1\u822a", "offset": 78, "length": 2}, "object": {"text": "", "offset": 0, "length": 0}, "subject": {"text": "", "offset": 0, "length": 0}}, {"trigger": {"text": "\u5de1\u822a", "offset": 39, "length": 2}, "object": {"text": "", "offset": 0, "length": 0}, "subject": {"text": "", "offset": 0, "length": 0}}], "arguments": {"time": [], "loc": [{"text": "\u53f0\u6d77", "offset": 10, "length": 2}, {"text": "\u4e1c\u90e8\u6218\u533a", "offset": 15, "length": 4}, {"text": "\u53f0\u6d77", "offset": 92, "length": 2}], "country": [{"text": "\u53f0\u6e7e", "offset": 48, "length": 2}, {"text": "\u4e2d\u56fd", "offset": 57, "length": 2}, {"text": "\u4e2d\u56fd", "offset": 72, "length": 2}], "weapon": []}}, {"sentence": "\u6218\u533a\u90e8\u961f\u6709\u51b3\u5fc3\u3001\u6709\u80fd\u529b\u632b\u8d25\u4e00\u5207\u201c\u53f0\u72ec\u201d\u5206\u88c2\u6d3b\u52a8\uff0c\u575a\u51b3\u634d\u536b\u56fd\u5bb6\u4e3b\u6743\u5b89\u5168\u548c\u9886\u571f\u5b8c\u6574\uff0c\u575a\u51b3\u7ef4\u62a4\u53f0\u6d77\u5730\u533a\u548c\u5e73\u7a33\u5b9a\u3002", "events": [], "arguments": {"time": [], "loc": [{"text": "\u53f0\u6d77\u5730\u533a", "offset": 44, "length": 4}], "country": [], "weapon": []}}]