[{"sentence": "\u7f8e\u8f70\u70b8\u673a\u98de\u904d\u5317\u7ea630\u56fd \u5ba3\u79f0\u201c\u5f70\u663e\u56e2\u7ed3\u201d", "events": [], "arguments": {"time": [], "loc": [], "country": [{"text": "\u7f8e", "offset": 0, "length": 1}, {"text": "\u5317\u7ea6", "offset": 6, "length": 2}], "weapon": [{"text": "\u8f70\u70b8\u673a", "offset": 1, "length": 3}]}}, {"sentence": "\u7f8e\u56fd\u519b\u65b9\u8bc1\u5b9e\uff0c\u5f53\u5730\u65f6\u95f428\u65e5\uff0c\u7f8e\u519b\u591a\u67b6B-52\u8f70\u70b8\u673a\u201c\u98de\u904d\u5317\u7ea630\u4e2a\u6210\u5458\u56fd\u4e0a\u7a7a\u201d\u3002", "events": [{"trigger": {"text": "\u98de\u904d", "offset": 27, "length": 2}, "subject": {"text": "B-52\u8f70\u70b8\u673a", "offset": 19, "length": 7}, "object": {"text": "\u5317\u7ea630\u4e2a\u6210\u5458\u56fd", "offset": 29, "length": 8}}], "arguments": {"time": [{"text": "28\u65e5", "offset": 11, "length": 3}], "loc": [], "country": [{"text": "\u7f8e\u56fd", "offset": 0, "length": 2}, {"text": "\u5317\u7ea6", "offset": 29, "length": 2}], "weapon": [{"text": "B-52\u8f70\u70b8\u673a", "offset": 19, "length": 7}]}}, {"sentence": "\u5176\u4e2d\uff0c4\u67b6\u57fa\u5730\u5728\u82f1\u56fd\u7684B-52\u5728\u6b27\u6d32\u98de\uff0c2\u67b6\u57fa\u5730\u5728\u7f8e\u56fd\u5317\u8fbe\u79d1\u4ed6\u5dde\u7684B-52\u98de\u8d8a\u7f8e\u56fd\u548c\u52a0\u62ff\u5927\u3002", "events": [{"trigger": {"text": "\u98de\u8d8a", "offset": 37, "length": 2}, "object": {"text": "", "offset": 0, "length": 0}, "subject": {"text": "", "offset": 0, "length": 0}}], "arguments": {"time": [], "loc": [{"text": "\u5317\u8fbe\u79d1\u4ed6\u5dde", "offset": 27, "length": 5}], "country": [{"text": "\u82f1\u56fd", "offset": 8, "length": 2}, {"text": "\u6b27\u6d32", "offset": 16, "length": 2}, {"text": "\u7f8e\u56fd", "offset": 25, "length": 2}, {"text": "\u7f8e\u56fd", "offset": 39, "length": 2}, {"text": "\u52a0\u62ff\u5927", "offset": 42, "length": 3}], "weapon": [{"text": "B-52", "offset": 33, "length": 4}]}}, {"sentence": "\u7f8e\u56fd\u519b\u65b9\u5ba3\u79f0\uff0c\u8fd9\u6837\u7684\u98de\u884c\u5b89\u6392\u662f\u4e3a\u4e86\u5f70\u663e\u5317\u7ea6\u5185\u90e8\u7684\u56e2\u7ed3\u3002", "events": [{"trigger": {"text": "\u98de\u884c", "offset": 10, "length": 2}, "object": {"text": "", "offset": 0, "length": 0}, "subject": {"text": "", "offset": 0, "length": 0}}], "arguments": {"time": [], "loc": [], "country": [{"text": "\u7f8e\u56fd", "offset": 0, "length": 2}, {"text": "\u5317\u7ea6", "offset": 19, "length": 2}], "weapon": []}}, {"sentence": "\u4e0d\u8fc7\uff0c\u7f8e\u56fd\u5a92\u4f53\u7684\u62a5\u9053\u6307\u51fa\uff0c\u672c\u5c4a\u7f8e\u56fd\u653f\u5e9c\u6267\u653f\u4ee5\u6765\uff0c\u4ee5\u5fb7\u56fd\u4e3a\u9996\u7684\u5317\u7ea6\u591a\u56fd\u4e0d\u6ee1\u7f8e\u65b9\u201c\u63d0\u9ad8\u519b\u8d39\u5f00\u652f\u5360\u6bd4\u201d\u7684\u8981\u6c42\uff0c\u88c2\u75d5\u8d8a\u6765\u8d8a\u660e\u663e\uff1b\u518d\u52a0\u4e0a\u8fd1\u6765\u5e0c\u814a\u548c\u571f\u8033\u5176\u4e24\u4e2a\u5317\u7ea6\u6210\u5458\u56fd\u53c8\u56e0\u4e89\u593a\u6d77\u6d0b\u6743\u76ca\u800c\u5251\u62d4\u5f29\u5f20\uff0c\u6240\u8c13\u7684\u201c\u5317\u7ea6\u5185\u90e8\u56e2\u7ed3\u201d\uff0c\u53ea\u662f\u7f8e\u56fd\u7684\u4e00\u53a2\u60c5\u613f\u3002", "events": [], "arguments": {"time": [], "loc": [], "country": [{"text": "\u5e0c\u814a", "offset": 65, "length": 2}, {"text": "\u571f\u8033\u5176", "offset": 68, "length": 3}, {"text": "\u7f8e\u56fd", "offset": 3, "length": 2}, {"text": "\u7f8e\u56fd", "offset": 15, "length": 2}, {"text": "\u5fb7\u56fd", "offset": 25, "length": 2}, {"text": "\u5317\u7ea6", "offset": 30, "length": 2}, {"text": "\u7f8e\u65b9", "offset": 36, "length": 2}, {"text": "\u5317\u7ea6", "offset": 73, "length": 2}, {"text": "\u5317\u7ea6", "offset": 96, "length": 2}, {"text": "\u7f8e\u56fd", "offset": 106, "length": 2}], "weapon": []}}, {"sentence": "\uff08\u603b\u53f0\u592e\u89c6\u8bb0\u8005 \u6768\u6ce2\uff09", "events": [], "arguments": {"time": [], "loc": [], "country": [], "weapon": []}}, {"sentence": "\uff08\u603b\u53f0\u592e\u89c6\u8bb0\u8005 \u6768\u6ce2\uff09", "events": [], "arguments": {"time": [], "loc": [], "country": [], "weapon": []}}]