[{"sentence": "\u7f8e\u4e0d\u65ad\u5728\u5370\u592a\u5730\u533a\u8fdb\u884c\u6240\u8c13\u00a0\u201c\u822a\u884c\u81ea\u7531\u884c\u52a8\u201d \u8d77\u5e95\u7f8e\u5370\u592a\u6218\u7565\u56db\u5927\u6d77\u4e0a\u636e\u70b9", "events": [{"trigger": {"text": "\u822a\u884c", "offset": 14, "length": 2}, "object": {"text": "", "offset": 0, "length": 0}, "subject": {"text": "", "offset": 0, "length": 0}}], "arguments": {"time": [], "loc": [{"text": "\u5370\u592a\u5730\u533a", "offset": 4, "length": 4}, {"text": "\u6d77\u4e0a", "offset": 31, "length": 2}], "country": [{"text": "\u7f8e", "offset": 0, "length": 1}, {"text": "\u7f8e", "offset": 24, "length": 1}], "weapon": []}}, {"sentence": "\u7f8e\u519b\u201c\u9a6c\u65af\u5ef7\u201d\u53f7\u5bfc\u5f39\u9a71\u9010\u82308\u670827\u65e5\u64c5\u95ef\u4e2d\u56fd\u897f\u6c99\u9886\u6d77\uff0c\u88ab\u6211\u519b\u8b66\u544a\u9a71\u79bb\u3002", "events": [{"trigger": {"text": "\u8b66\u544a\u9a71\u79bb", "offset": 30, "length": 4}, "object": {"text": "", "offset": 0, "length": 0}, "subject": {"text": "", "offset": 0, "length": 0}}], "arguments": {"time": [{"text": "8\u670827\u65e5", "offset": 13, "length": 5}], "loc": [{"text": "\u4e2d\u56fd\u897f\u6c99\u9886\u6d77", "offset": 20, "length": 6}], "country": [{"text": "\u7f8e", "offset": 0, "length": 1}, {"text": "\u4e2d\u56fd", "offset": 20, "length": 2}], "weapon": [{"text": "\u201c\u9a6c\u65af\u5ef7\u201d\u53f7\u5bfc\u5f39\u9a71\u9010\u8230", "offset": 2, "length": 11}]}}, {"sentence": "\u7f8e\u56fd\u4e0d\u65ad\u5728\u5370\u592a\u5730\u533a\u8fdb\u884c\u6240\u8c13 \u201c\u822a\u884c\u81ea\u7531\u884c\u52a8\u201d\uff0c\u4e3b\u8981\u4f9d\u9760\u56db\u4e2a\u201c\u636e\u70b9\u201d\uff1a\u65e5\u672c\u6a2a\u987b\u8d3a\u6d77\u519b\u57fa\u5730\u3001\u5173\u5c9b\u6d77\u519b\u57fa\u5730\u3001\u8fbe\u5c14\u6587\u6e2f\u6d77\u519b\u57fa\u5730\u3001\u8fea\u6208\u52a0\u897f\u4e9a\u3002", "events": [{"trigger": {"text": "\u822a\u884c", "offset": 15, "length": 2}, "object": {"text": "", "offset": 0, "length": 0}, "subject": {"text": "", "offset": 0, "length": 0}}], "arguments": {"time": [], "loc": [{"text": "\u5370\u592a\u5730\u533a", "offset": 5, "length": 4}, {"text": "\u65e5\u672c\u6a2a\u987b\u8d3a\u6d77\u519b\u57fa\u5730\u3001\u5173\u5c9b\u6d77\u519b\u57fa\u5730\u3001\u8fbe\u5c14\u6587\u6e2f\u6d77\u519b\u57fa\u5730", "offset": 34, "length": 25}, {"text": "\u8fea\u6208\u52a0\u897f\u4e9a", "offset": 0, "length": 5}], "country": [{"text": "\u7f8e\u56fd", "offset": 0, "length": 2}, {"text": "\u65e5\u672c", "offset": 34, "length": 2}, {"text": "\u4e9a", "offset": 0, "length": 1}], "weapon": []}}, {"sentence": "\u4ece\u5176\u90e8\u7f72\u4e0d\u96be\u770b\u51fa\uff0c\u7f8e\u6d77\u519b\u5984\u56fe\u5bf9\u4e2d\u56fd\u5f62\u6210\u7f51\u515c\u5f62\u7684\u5408\u56f4\u4e4b\u52bf\u3002", "events": [{"trigger": {"text": "\u90e8\u7f72", "offset": 2, "length": 2}, "object": {"text": "", "offset": 0, "length": 0}, "subject": {"text": "", "offset": 0, "length": 0}}], "arguments": {"time": [], "loc": [], "country": [{"text": "\u7f8e", "offset": 9, "length": 1}, {"text": "\u4e2d\u56fd", "offset": 15, "length": 2}], "weapon": []}}]