[{"sentence": "\u7f8e\u519b\u6f5c\u8247\u88ab\u66dd\u5728\u4fc4\u9644\u8fd1\u73b0\u8eab\u4e24\u5929\u540e\uff0c\u7f8e\u56fd\u6d77\u5cb8\u9644\u8fd1\u7a81\u7136\u6d6e\u51fa\u4e00\u8258\u4fc4\u519b\u6f5c\u8247", "events": [{"trigger": {"text": "\u73b0\u8eab", "offset": 10, "length": 2}, "object": {"text": "", "offset": 0, "length": 0}, "subject": {"text": "", "offset": 0, "length": 0}}], "arguments": {"time": [], "loc": [{"text": "\u7f8e\u56fd\u6d77\u5cb8", "offset": 16, "length": 4}], "country": [{"text": "\u7f8e", "offset": 0, "length": 1}, {"text": "\u7f8e\u56fd", "offset": 16, "length": 2}], "weapon": [{"text": "\u6f5c\u8247", "offset": 30, "length": 2}]}}, {"sentence": "\u3010\u73af\u7403\u7f51\u62a5\u9053 \u8bb0\u8005 \u5f90\u7490\u660e\u3011", "events": [], "arguments": {"time": [], "loc": [], "country": [], "weapon": []}}, {"sentence": "\u636e\u7f8e\u56fd\u300a\u519b\u961f\u65f6\u62a5\u300b8\u670827\u65e5\u62a5\u9053\uff0c\u7f8e\u56fd\u519b\u65b9\u5b98\u5458\u79f0\uff0c\u4e00\u8258\u4fc4\u7f57\u65af\u6f5c\u82478\u670827\u65e5\u5728\u7f8e\u56fd\u963f\u62c9\u65af\u52a0\u9644\u8fd1\u6d6e\u51fa\u6c34\u9762\uff0c\u5f53\u65f6\u4fc4\u7f57\u65af\u6b63\u5728\u5f00\u5c55\u519b\u4e8b\u6f14\u4e60\u3002", "events": [{"trigger": {"text": "\u519b\u4e8b\u6f14\u4e60", "offset": 60, "length": 4}, "subject": {"text": "\u4fc4\u7f57\u65af\u6f5c\u8247", "offset": 27, "length": 5}, "object": {"text": "", "offset": 0, "length": 0}}], "arguments": {"time": [{"text": "8\u670827\u65e5", "offset": 32, "length": 5}, {"text": "8\u670827\u65e5", "offset": 9, "length": 5}], "loc": [{"text": "\u7f8e\u56fd\u963f\u62c9\u65af\u52a0", "offset": 38, "length": 6}], "country": [{"text": "\u7f8e\u56fd", "offset": 1, "length": 2}, {"text": "\u7f8e\u56fd", "offset": 17, "length": 2}, {"text": "\u4fc4\u7f57\u65af", "offset": 27, "length": 3}, {"text": "\u7f8e\u56fd", "offset": 38, "length": 2}, {"text": "\u4fc4\u7f57\u65af", "offset": 53, "length": 3}], "weapon": [{"text": "\u6f5c\u8247", "offset": 30, "length": 2}]}}, {"sentence": "\u7f8e\u56fd\u5317\u65b9\u53f8\u4ee4\u90e8\u53d1\u8a00\u4eba\u6bd4\u5c14\u00b7\u5218\u6613\u65af\u5bf9\u6b64\u8868\u793a\uff0c\u5317\u7f8e\u822a\u7a7a\u822a\u5929\u9632\u5fa1\u53f8\u4ee4\u90e8\u548c\u7f8e\u56fd\u5317\u65b9\u53f8\u4ee4\u90e8\u6b63\u5728\u5bc6\u5207\u76d1\u89c6\u8fd9\u8258\u4fc4\u7f57\u65af\u6f5c\u8247\u3002", "events": [{"trigger": {"text": "\u76d1\u89c6", "offset": 44, "length": 2}, "object": {"text": "", "offset": 0, "length": 0}, "subject": {"text": "", "offset": 0, "length": 0}}], "arguments": {"time": [], "loc": [], "country": [{"text": "\u7f8e\u56fd", "offset": 33, "length": 2}, {"text": "\u7f8e\u56fd", "offset": 0, "length": 2}, {"text": "\u4fc4\u7f57\u65af", "offset": 48, "length": 3}], "weapon": [{"text": "\u6f5c\u8247", "offset": 51, "length": 2}]}}, {"sentence": "\u4ed6\u5728\u79d1\u7f57\u62c9\u591a\u5dde\u7684\u5f7c\u5f97\u68ee\u7a7a\u519b\u57fa\u5730\u8bf4\uff1a\u201c\u6211\u4eec\u8fd8\u6ca1\u6709\u6536\u5230\u4fc4\u7f57\u65af\u6d77\u519b\u6216\u662f\u5728\u8be5\u5730\u533a\u5176\u4ed6\u6d77\u519b\u90e8\u961f\u4efb\u4f55\u63f4\u52a9\u8bf7\u6c42\u3002", "events": [], "arguments": {"time": [], "loc": [{"text": "\u79d1\u7f57\u62c9\u591a\u5dde\u7684\u5f7c\u5f97\u68ee\u7a7a\u519b\u57fa\u5730", "offset": 2, "length": 13}], "country": [{"text": "\u4fc4\u7f57\u65af", "offset": 25, "length": 3}], "weapon": []}}, {"sentence": "\u201d\u201c\u6211\u4eec\u51c6\u5907\u968f\u65f6\u5e2e\u52a9\u90a3\u4e9b\u6709\u56f0\u96be\u7684\u4eba\u3002", "events": [], "arguments": {"time": [], "loc": [], "country": [], "weapon": []}}, {"sentence": "\u201d", "events": [], "arguments": {"time": [], "loc": [], "country": [], "weapon": []}}, {"sentence": "\u5218\u6613\u65af\u62d2\u7edd\u63d0\u4f9b\u6709\u5173\u8fd9\u8258\u6f5c\u8247\u7684\u66f4\u591a\u7ec6\u8282\uff0c\u53ea\u662f\u8bf4\u5b83\u662f\u5728\u963f\u62c9\u65af\u52a0\u9644\u8fd1\u7684\u56fd\u9645\u6c34\u57df\u4f5c\u4e1a\u3002", "events": [], "arguments": {"time": [], "loc": [{"text": "\u963f\u62c9\u65af\u52a0", "offset": 25, "length": 4}, {"text": "\u9645\u6c34\u57df", "offset": 0, "length": 3}], "country": [], "weapon": [{"text": "\u6f5c\u8247", "offset": 11, "length": 2}]}}, {"sentence": "\u201c\u5728\u6211\u4eec\u7684\u8d23\u4efb\u533a\u57df\uff0c\u6211\u4eec\u4f1a\u5bc6\u5207\u5173\u6ce8\u76f8\u5173\u7684\u8230\u8247\uff0c\u5305\u62ec\u5916\u56fd\u6d77\u519b\u8230\u8247\u3002", "events": [], "arguments": {"time": [], "loc": [], "country": [], "weapon": [{"text": "\u8230\u8247", "offset": 20, "length": 2}, {"text": "\u8230\u8247", "offset": 29, "length": 2}]}}, {"sentence": "\u201d\u4ed6\u8868\u793a\u4fc4\u7f57\u65af\u7684\u519b\u4e8b\u6f14\u4e60\u662f\u5728\u7f8e\u56fd\u9886\u6d77\u4ee5\u5916\u7684\u56fd\u9645\u6c34\u57df\u8fdb\u884c\u7684\u3002", "events": [{"trigger": {"text": "\u519b\u4e8b\u6f14\u4e60", "offset": 8, "length": 4}, "object": {"text": "", "offset": 0, "length": 0}, "subject": {"text": "", "offset": 0, "length": 0}}], "arguments": {"time": [], "loc": [], "country": [{"text": "\u4fc4\u7f57\u65af", "offset": 4, "length": 3}, {"text": "\u7f8e\u56fd", "offset": 14, "length": 2}], "weapon": []}}, {"sentence": "\u7f8e\u56fd\u6d77\u5cb8\u8b66\u536b\u961f\u5c31\u4fc4\u7f57\u65af\u6d77\u519b\u6f14\u4e60\u7684\u76f8\u5173\u95ee\u9898\u8868\u793a\uff0c\u4fc4\u519b\u6f14\u4e60\u7ed9\u5728\u767d\u4ee4\u6d77\u7684\u7f8e\u56fd\u5546\u4e1a\u6e14\u8239\u5e26\u6765\u4e86\u5f71\u54cd\u3002", "events": [{"trigger": {"text": "\u6f14\u4e60", "offset": 13, "length": 2}, "object": {"text": "", "offset": 0, "length": 0}, "subject": {"text": "", "offset": 0, "length": 0}}, {"trigger": {"text": "\u6f14\u4e60", "offset": 25, "length": 2}, "object": {"text": "", "offset": 0, "length": 0}, "subject": {"text": "", "offset": 0, "length": 0}}], "arguments": {"time": [], "loc": [{"text": "\u767d\u4ee4\u6d77", "offset": 29, "length": 3}], "country": [{"text": "\u7f8e\u56fd", "offset": 0, "length": 2}, {"text": "\u4fc4\u7f57\u65af", "offset": 8, "length": 3}, {"text": "\u7f8e\u56fd", "offset": 33, "length": 2}], "weapon": []}}, {"sentence": "\u7f8e\u56fd\u6d77\u5cb8\u8b66\u536b\u961f\u53d1\u8a00\u4eba\u8bf4\uff1a\u201c\u5728\u767d\u4ee4\u6d77\u4f5c\u4e1a\u7684\u591a\u8258\u6e14\u8239\u901a\u77e5\u6211\u4eec\uff0c\u4ed6\u4eec\u9047\u5230\u4e86\u53c2\u52a0\u6f14\u4e60\u7684\u4fc4\u519b\u8230\u8247\uff0c\u4ed6\u4eec\u5f88\u62c5\u5fc3\uff0c\u6240\u4ee5\u8054\u7cfb\u4e86\u6211\u4eec\u201d\u3002", "events": [{"trigger": {"text": "\u53c2\u52a0\u6f14\u4e60", "offset": 34, "length": 4}, "object": {"text": "", "offset": 0, "length": 0}, "subject": {"text": "", "offset": 0, "length": 0}}], "arguments": {"time": [], "loc": [{"text": "\u767d\u4ee4\u6d77", "offset": 14, "length": 3}], "country": [{"text": "\u7f8e\u56fd", "offset": 0, "length": 2}], "weapon": [{"text": "\u8230\u8247", "offset": 41, "length": 2}]}}, {"sentence": "\u7f8e\u56fd\u6d77\u5cb8\u8b66\u536b\u961f\u968f\u540e\u8054\u7cfb\u4e86\u4f4d\u4e8e\u57c3\u5c14\u95e8\u591a\u592b-\u7406\u67e5\u68ee\u8054\u5408\u57fa\u5730\u7684\u963f\u62c9\u65af\u52a0\u53f8\u4ee4\u90e8\uff0c\u540e\u8005\u8bc1\u5b9e\u4e86\u4fc4\u519b\u5f00\u5c55\u519b\u4e8b\u6f14\u4e60\u7684\u4fe1\u606f\u3002", "events": [{"trigger": {"text": "\u519b\u4e8b\u6f14\u4e60", "offset": 45, "length": 4}, "object": {"text": "", "offset": 0, "length": 0}, "subject": {"text": "", "offset": 0, "length": 0}}], "arguments": {"time": [], "loc": [{"text": "\u57c3\u5c14\u95e8\u591a\u592b-\u7406\u67e5\u68ee\u8054\u5408\u57fa\u5730", "offset": 14, "length": 13}, {"text": "\u62c9\u65af\u52a0", "offset": 0, "length": 3}], "country": [{"text": "\u7f8e\u56fd", "offset": 0, "length": 2}], "weapon": []}}, {"sentence": "\u503c\u5f97\u6ce8\u610f\u7684\u662f\uff0c\u5728\u4fc4\u7f57\u65af\u6f5c\u8247\u4e8e\u7f8e\u56fd\u963f\u62c9\u65af\u52a0\u9644\u8fd1\u73b0\u8eab\u7684\u51e0\u5929\u4e4b\u524d\uff0c\u4e00\u8258\u4e00\u5411\u5f88\u5c11\u9732\u9762\u7684\u7f8e\u519b\u6838\u6f5c\u8247\u66fe\u5728\u4fc4\u7f57\u65af\u9644\u8fd1\u4e0a\u6d6e\u73b0\u8eab\u3002", "events": [{"trigger": {"text": "\u73b0\u8eab", "offset": 22, "length": 2}, "object": {"text": "", "offset": 0, "length": 0}, "subject": {"text": "", "offset": 0, "length": 0}}], "arguments": {"time": [], "loc": [{"text": "\u963f\u62c9\u65af\u52a0\u9644\u8fd1", "offset": 16, "length": 6}], "country": [{"text": "\u4fc4\u7f57\u65af", "offset": 46, "length": 3}, {"text": "\u4fc4\u7f57\u65af", "offset": 8, "length": 3}, {"text": "\u7f8e\u56fd", "offset": 14, "length": 2}], "weapon": [{"text": "\u6838\u6f5c\u8247", "offset": 41, "length": 3}]}}, {"sentence": "\u636eThe Drive\u7f51\u7ad9\u201c\u6218\u533a\u201d\u4e13\u680f8\u670825\u65e5\u62a5\u9053\uff0c\u7f8e\u56fd\u6d77\u519b\u53d1\u5e03\u7684\u4e00\u7cfb\u5217\u7167\u7247\u663e\u793a\uff0c\u7f8e\u56fd\u201c\u6d77\u72fc\u201d\u53f7\u6838\u6f5c\u8247\u4e0a\u5468\u6d6e\u51fa\u6c34\u9762\uff0c\u51fa\u73b0\u5728\u4e86\u632a\u5a01\u8fd1\u6d77\u3002", "events": [{"trigger": {"text": "\u51fa\u73b0\u5728", "offset": 58, "length": 3}, "object": {"text": "", "offset": 0, "length": 0}, "subject": {"text": "", "offset": 0, "length": 0}}], "arguments": {"time": [{"text": "8\u670825\u65e5", "offset": 18, "length": 5}], "loc": [{"text": "\u632a\u5a01\u8fd1\u6d77", "offset": 62, "length": 4}], "country": [{"text": "\u7f8e\u56fd", "offset": 26, "length": 2}, {"text": "\u7f8e\u56fd", "offset": 41, "length": 2}, {"text": "\u632a\u5a01", "offset": 62, "length": 2}], "weapon": [{"text": "\u7f8e\u56fd\u201c\u6d77\u72fc\u201d\u53f7\u6838\u6f5c\u8247", "offset": 41, "length": 10}, {"text": "\u201c\u6d77\u72fc\u201d\u53f7\u6838\u6f5c\u8247", "offset": 43, "length": 8}]}}, {"sentence": "\u7f8e\u56fd\u56fd\u9632\u90e8\u5bf9\u6f5c\u8247\u7684\u884c\u52a8\u4e00\u5411\u662f\u5b88\u53e3\u5982\u74f6\uff0c\u5bf9\u4e09\u8258\u5148\u8fdb\u4e14\u795e\u79d8\u7684\u201c\u6d77\u72fc\u201d\u7ea7\u6f5c\u8247\u66f4\u662f\u4e25\u683c\u4fdd\u5bc6\u3002", "events": [], "arguments": {"time": [], "loc": [], "country": [{"text": "\u7f8e\u56fd", "offset": 0, "length": 2}], "weapon": [{"text": "\u201c\u6d77\u72fc\u201d\u7ea7\u6f5c\u8247", "offset": 28, "length": 7}]}}, {"sentence": "\u8fd9\u79cd\u6838\u52a8\u529b\u5feb\u901f\u653b\u51fb\u6f5c\u8247\u4e3b\u8981\u7528\u4e8e\u5f00\u5c55\u60c5\u62a5\u6d3b\u52a8\u548c\u6267\u884c\u7279\u522b\u4efb\u52a1\uff0c\u8fd9\u6b21\u5728\u65af\u582a\u7684\u7eb3\u7ef4\u4e9a\u534a\u5c9b\u7684\u516c\u5f00\u9732\u9762\u975e\u5e38\u7f55\u89c1\u3002", "events": [], "arguments": {"time": [], "loc": [{"text": "\u65af\u582a\u7684\u7eb3\u7ef4\u4e9a\u534a\u5c9b", "offset": 32, "length": 8}], "country": [], "weapon": [{"text": "\u6838\u52a8\u529b\u5feb\u901f\u653b\u51fb\u6f5c\u8247", "offset": 2, "length": 9}]}}, {"sentence": "\u632a\u5a01\u6d77\u5cb8\u7ebf\u548c\u5df4\u4f26\u652f\u6d77\u718a\u5c9b\u4e4b\u95f4\u7684\u6d77\u5ce1\u662f\u4fc4\u7f57\u65af\u6f5c\u8247\u4ece\u4fc4\u897f\u5317\u90e8\u57fa\u5730\u8fdb\u51fa\u5927\u6d0b\u7684\u5fc5\u7ecf\u4e4b\u8def\u3002", "events": [], "arguments": {"time": [], "loc": [{"text": "\u5df4\u4f26\u652f\u6d77\u718a\u5c9b\u4e4b\u95f4\u7684\u6d77\u5ce1", "offset": 6, "length": 11}, {"text": "\u4fc4\u897f\u5317\u90e8\u57fa\u5730", "offset": 24, "length": 6}], "country": [{"text": "\u632a\u5a01", "offset": 0, "length": 2}, {"text": "\u4fc4\u7f57\u65af", "offset": 18, "length": 3}], "weapon": [{"text": "\u6f5c\u8247", "offset": 21, "length": 2}]}}, {"sentence": "\u62a5\u9053\u8ba4\u4e3a\uff0c\u8fd9\u4f3c\u4e4e\u662f\u4e3a\u4e86\u5411\u4fc4\u7f57\u65af\u4f20\u8fbe\u7f8e\u56fd\u5728\u8be5\u5730\u533a\u6c34\u4e0b\u4f5c\u6218\u80fd\u529b\u7684\u4fe1\u606f\u3002", "events": [], "arguments": {"time": [], "loc": [], "country": [{"text": "\u4fc4\u7f57\u65af", "offset": 12, "length": 3}, {"text": "\u7f8e\u56fd", "offset": 17, "length": 2}], "weapon": []}}]