[{"sentence": "\u4f0a\u6717\u628a\u7f8e\u56fd\u4eba\u201c\u6253\u8dd1\u201d\u4e4b\u540e\uff0c\u4f0a\u62c9\u514b\u88ab\u66dd\u5927\u91cfF-16\u6218\u673a\u65e0\u6cd5\u7ef4\u62a4\u5df2\u505c\u98de", "events": [], "arguments": {"time": [], "loc": [], "country": [{"text": "\u4f0a\u6717", "offset": 0, "length": 2}, {"text": "\u7f8e\u56fd", "offset": 3, "length": 2}, {"text": "\u4f0a\u62c9\u514b", "offset": 13, "length": 3}], "weapon": [{"text": "F-16\u6218\u673a", "offset": 20, "length": 6}]}}, {"sentence": "\u3010\u73af\u7403\u7f51\u62a5\u9053 \u8bb0\u8005 \u5f90\u7490\u660e\u3011", "events": [], "arguments": {"time": [], "loc": [], "country": [], "weapon": []}}, {"sentence": "\u636e\u4fc4\u7f57\u65af\u536b\u661f\u65b0\u95fb\u901a\u8baf\u793e8\u670826\u65e5\u62a5\u9053\uff0c\u4f0a\u62c9\u514b\u98de\u884c\u5458\u6307\u8d23\u79f0\u7f8e\u56fd\u63d0\u4f9b\u7ed9\u4f0a\u62c9\u514b\u7684F-16\u6218\u6597\u673a\u5df2\u7ecf\u5927\u91cf\u505c\u98de\uff0c\u800c\u8fd9\u5bfc\u81f4\u4e86\u6570\u5341\u4ebf\u7f8e\u5143\u7684\u6d6a\u8d39\u3002", "events": [], "arguments": {"time": [{"text": "8\u670826\u65e5", "offset": 11, "length": 5}], "loc": [], "country": [{"text": "\u4fc4\u7f57\u65af", "offset": 1, "length": 3}, {"text": "\u4f0a\u62c9\u514b", "offset": 19, "length": 3}, {"text": "\u7f8e\u56fd", "offset": 28, "length": 2}, {"text": "\u4f0a\u62c9\u514b", "offset": 33, "length": 3}], "weapon": [{"text": "F-16\u6218\u6597\u673a", "offset": 37, "length": 7}]}}, {"sentence": "2011\u5e74\u4f0a\u62c9\u514b\u4e0e\u7f8e\u56fd\u7b7e\u7f72\u4e86\u4ef7\u503c30\u4ebf\u7f8e\u5143\u7684\u534f\u8bae\uff0c\u8d2d\u4e70\u7f8e\u5236F-16\u6218\u6597\u673a\u3002", "events": [{"trigger": {"text": "\u8d2d\u4e70", "offset": 25, "length": 2}, "subject": {"text": "\u4f0a\u62c9\u514b", "offset": 5, "length": 3}, "object": {"text": "F-16\u6218\u6597\u673a", "offset": 29, "length": 7}}, {"trigger": {"text": "\u7b7e\u7f72", "offset": 11, "length": 2}, "object": {"text": "", "offset": 0, "length": 0}, "subject": {"text": "", "offset": 0, "length": 0}}], "arguments": {"time": [{"text": "2011\u5e74", "offset": 0, "length": 5}], "loc": [], "country": [{"text": "\u4f0a\u62c9\u514b", "offset": 5, "length": 3}, {"text": "\u7f8e\u56fd", "offset": 9, "length": 2}], "weapon": [{"text": "F-16\u6218\u6597\u673a", "offset": 29, "length": 7}]}}, {"sentence": "\u5f53\u65f6\u8fd9\u9879\u534f\u8bae\u88ab\u8ba4\u4e3a\u80fd\u591f\u589e\u5f3a\u4f0a\u62c9\u514b\u7684\u519b\u4e8b\u80fd\u529b\uff0c\u5e76\u4e3a\u8be5\u56fd\u5728\u62b5\u5fa1\u5916\u90e8\u7a7a\u4e2d\u5a01\u80c1\u65f6\u63d0\u4f9b\u7a7a\u4e2d\u9632\u5fa1\u7684\u57fa\u7840\u80fd\u529b\u3002", "events": [], "arguments": {"time": [], "loc": [], "country": [{"text": "\u4f0a\u62c9\u514b", "offset": 13, "length": 3}], "weapon": []}}, {"sentence": "\u536b\u661f\u65b0\u95fb\u901a\u8baf\u793e\u63f4\u5f15\u798f\u514b\u65af\u65b0\u95fb\u7684\u62a5\u9053\u79f0\uff0c\u5c3d\u7ba1\u8fd9\u9879\u5177\u6709\u91cc\u7a0b\u7891\u610f\u4e49\u7684\u534f\u8bae\u5df2\u7ecf\u7b7e\u8ba2\u4e86\u8fd1\u5341\u5e74\uff0c\u4f46\u4e00\u4e9b\u4f0a\u62c9\u514b\u98de\u884c\u5458\u5728\u4e00\u4efd\u672a\u7ecf\u8bc1\u5b9e\u7684\u62a5\u544a\u4e2d\u8868\u793a\uff0c\u8fd9\u7b14\u6295\u8d44\u76ee\u524d\u6ca1\u6709\u4ec0\u4e48\u6210\u679c\u3002", "events": [], "arguments": {"time": [], "loc": [], "country": [{"text": "\u4f0a\u62c9\u514b", "offset": 45, "length": 3}], "weapon": []}}, {"sentence": "\u4ed6\u4eec\u8fd8\u62c5\u5fc3\uff0c\u5982\u679c\u518d\u51fa\u73b0\u4e00\u6ce2\u6781\u7aef\u6b66\u88c5\u5206\u5b50\u7684\u8fdb\u653b\u9ad8\u6f6e\u6216\u662f\u51fa\u73b0\u65b0\u7684\u5a01\u80c1\uff0c\u8fd9\u6279F-16\u6218\u6597\u673a\u4e2d\u6ca1\u51e0\u67b6\u80fd\u591f\u505a\u597d\u6218\u6597\u51c6\u5907\u3002", "events": [], "arguments": {"time": [], "loc": [], "country": [], "weapon": [{"text": "F-16\u6218\u6597\u673a", "offset": 35, "length": 7}]}}, {"sentence": "\u636e\u4e24\u540d\u4e0d\u613f\u900f\u9732\u59d3\u540d\u7684\u4f0a\u62c9\u514b\u7a7a\u519b\u98de\u884c\u5458\u8bf4\uff0c\u5728\u8fc7\u53bb\u7684\u51e0\u4e2a\u6708\u91cc\u4f0a\u62c9\u514b\u7684F-16\u6218\u6597\u673a\u51fa\u73b0\u4e86\u4e00\u4e9b\u95ee\u9898\u3002", "events": [], "arguments": {"time": [], "loc": [], "country": [{"text": "\u4f0a\u62c9\u514b", "offset": 10, "length": 3}, {"text": "\u4f0a\u62c9\u514b", "offset": 28, "length": 3}], "weapon": [{"text": "F-16\u6218\u6597\u673a", "offset": 32, "length": 7}]}}, {"sentence": "\u5728\u4eca\u5e741\u67083\u65e5\u7f8e\u56fd\u4e8e\u5df4\u683c\u8fbe\u53d1\u52a8\u7a7a\u88ad\u70b8\u6b7b\u4f0a\u6717\u9ad8\u7ea7\u519b\u4e8b\u5c06\u9886\u82cf\u83b1\u66fc\u5c3c\u3001\u4f0a\u6717\u5bf9\u9a7b\u4f0a\u62c9\u514b\u7f8e\u519b\u57fa\u5730\u53d1\u52a8\u62a5\u590d\u6027\u6253\u51fb\u4e4b\u540e\uff0c\u7f8e\u65b9\u5f00\u59cb\u4ece\u4f0a\u62c9\u514b\u7684\u591a\u4e2a\u57fa\u5730\u64a4\u51fa\u627f\u5305\u5546\u548c\u7f8e\u519b\u90e8\u961f\uff0c\u8fd9\u4e9b\u57fa\u5730\u4e2d\u5c31\u5305\u62ec\u4f0a\u62c9\u514b\u7a7a\u519bF-16\u6218\u6597\u673a\u5728\u5df4\u62c9\u5fb7\u7684\u5927\u672c\u8425\u3002", "events": [{"trigger": {"text": "\u6253\u51fb", "offset": 48, "length": 2}, "object": {"text": "", "offset": 0, "length": 0}, "subject": {"text": "", "offset": 0, "length": 0}}], "arguments": {"time": [{"text": "\u4eca\u5e741\u67083\u65e5", "offset": 1, "length": 6}], "loc": [{"text": "\u5df4\u683c\u8fbe", "offset": 10, "length": 3}, {"text": "\u9a7b\u4f0a\u62c9\u514b\u7f8e\u519b\u57fa\u5730", "offset": 35, "length": 8}, {"text": "\u5df4\u62c9\u5fb7", "offset": 98, "length": 3}], "country": [{"text": "\u7f8e\u56fd", "offset": 7, "length": 2}, {"text": "\u4f0a\u6717", "offset": 19, "length": 2}, {"text": "\u4f0a\u6717", "offset": 32, "length": 2}, {"text": "\u7f8e\u65b9", "offset": 53, "length": 2}, {"text": "\u4f0a\u62c9\u514b", "offset": 58, "length": 3}, {"text": "\u4f0a\u62c9\u514b", "offset": 85, "length": 3}], "weapon": [{"text": "F-16\u6218\u6597\u673a", "offset": 90, "length": 7}]}}, {"sentence": "\u4e94\u89d2\u5927\u697c\u79f0\uff0c\u5728\u4f0a\u6717\u53d1\u52a8\u88ad\u51fb\u540e\uff0c\u6d1b\u514b\u5e0c\u5fb7\u00b7\u9a6c\u4e01\u516c\u53f8\u7684\u627f\u5305\u5546\u4eba\u5458\u4e8e2020\u5e741\u67084\u65e5\u81f38\u65e5\u4ece\u5df4\u62c9\u5fb7\u7684\u57fa\u5730\u64a4\u51fa\u3002", "events": [{"trigger": {"text": "\u88ad\u51fb", "offset": 11, "length": 2}, "object": {"text": "", "offset": 0, "length": 0}, "subject": {"text": "", "offset": 0, "length": 0}}], "arguments": {"time": [{"text": "2020\u5e741\u67084\u65e5\u81f38\u65e5", "offset": 31, "length": 12}], "loc": [{"text": "\u4e94\u89d2\u5927\u697c", "offset": 0, "length": 4}, {"text": "\u5df4\u62c9\u5fb7\u7684\u57fa\u5730", "offset": 44, "length": 6}], "country": [{"text": "\u4f0a\u6717", "offset": 7, "length": 2}], "weapon": []}}, {"sentence": "\u4e00\u540d\u6d88\u606f\u4eba\u58eb\u8bf4\uff1a\u201c\u6d1b\u9a6c\u516c\u53f8\u7684\u4eba\u867d\u7136\u8d70\u4e86\uff0c\u4f46F-16\u6218\u6597\u673a\u4ecd\u9700\u8981\u7ee7\u7eed\u8fdb\u884c\u7ef4\u62a4\uff0c\u7531\u4e8e\u7f3a\u5c11\u96f6\u90e8\u4ef6\uff0c\u4f0a\u62c9\u514b\u56fd\u9632\u90e8\u5f00\u59cb\u81ea\u5df1\u7814\u5236\u751f\u4ea7\u8fd9\u4e9b\u4e1c\u897f\uff0c\u8fd9\u662f\u4e0d\u88ab\u5141\u8bb8\u7684\uff0c\u4f1a\u76f4\u63a5\u4f7f\u5f97\u7f8e\u65b9\u5bf9\u8be5\u673a\u7684\u4fdd\u4fee\u627f\u8bfa\u5931\u6548\u3002", "events": [{"trigger": {"text": "\u7814\u5236\u751f\u4ea7", "offset": 56, "length": 4}, "object": {"text": "", "offset": 0, "length": 0}, "subject": {"text": "", "offset": 0, "length": 0}}], "arguments": {"time": [], "loc": [], "country": [{"text": "\u4f0a\u62c9\u514b", "offset": 46, "length": 3}, {"text": "\u7f8e\u65b9", "offset": 78, "length": 2}], "weapon": [{"text": "F-16\u6218\u6597\u673a", "offset": 21, "length": 7}]}}, {"sentence": "\u201d", "events": [], "arguments": {"time": [], "loc": [], "country": [], "weapon": []}}, {"sentence": "\u636e\u6089\uff0c\u76ee\u524d\u4f0a\u62c9\u514b\u8bb8\u591aF-16\u6218\u6597\u673a\u90fd\u5df2\u7ecf\u505c\u98de\uff0c\u4f0a\u62c9\u514b\u7a7a\u519b\u4eba\u5458\u8868\u793a\u8fd9\u4e9b\u6218\u673a\u7684\u7ef4\u62a4\u4e0d\u5408\u683c\uff0c\u8fd9\u610f\u5473\u7740\u4f0a\u62c9\u514b\u98de\u884c\u5458\u201c\u4e0d\u80fd\u6bcf\u6708\u8fdb\u884c\u98de\u884c\u8ba4\u8bc1\u8bad\u7ec3\uff0c\u56e0\u6b64\u4e0d\u80fd\u505a\u597d\u6218\u6597\u51c6\u5907\u201d\u3002", "events": [{"trigger": {"text": "\u98de\u884c", "offset": 60, "length": 2}, "object": {"text": "", "offset": 0, "length": 0}, "subject": {"text": "", "offset": 0, "length": 0}}, {"trigger": {"text": "\u8bad\u7ec3", "offset": 64, "length": 2}, "object": {"text": "", "offset": 0, "length": 0}, "subject": {"text": "", "offset": 0, "length": 0}}], "arguments": {"time": [], "loc": [], "country": [{"text": "\u4f0a\u62c9\u514b", "offset": 5, "length": 3}, {"text": "\u4f0a\u62c9\u514b", "offset": 23, "length": 3}, {"text": "\u4f0a\u62c9\u514b", "offset": 47, "length": 3}], "weapon": [{"text": "F-16\u6218\u6597\u673a", "offset": 10, "length": 7}]}}, {"sentence": "\u62a5\u9053\u79f0\uff0c\u56e0\u4e3aF-16\u6218\u6597\u673a\u201c\u57fa\u672c\u4e0a\u662f\u5bf9\u6297\u6781\u7aef\u6b66\u88c5\u7ec4\u7ec7\u6700\u5f3a\u7684\u6b66\u5668\u201d\uff0c\u56e0\u6b64\u4f0a\u62c9\u514b\u7a7a\u519b\u76ee\u524d\u9762\u4e34\u7684\u5f62\u52bf\u5341\u5206\u4e25\u5cfb\u3002", "events": [{"trigger": {"text": "\u5bf9\u6297", "offset": 18, "length": 2}, "object": {"text": "", "offset": 0, "length": 0}, "subject": {"text": "", "offset": 0, "length": 0}}], "arguments": {"time": [], "loc": [], "country": [{"text": "\u4f0a\u62c9\u514b", "offset": 35, "length": 3}], "weapon": [{"text": "F-16\u6218\u6597\u673a", "offset": 6, "length": 7}]}}, {"sentence": "\u4e00\u540d\u6d88\u606f\u4eba\u58eb\u8bf4\uff1a\u201c\u82b1\u8d39\u4e86\u8fd9\u4e48\u591a\u94b1\uff0c\u6218\u673a\u5374\u4fdd\u517b\u4e0d\u5584\uff0c\u5177\u5907\u5b8c\u5168\u4f5c\u6218\u80fd\u529b\u7684\u6218\u6597\u673a\u4ece18\u67b6\u523020\u67b6\uff0c\u4e0b\u964d\u5230\u4e86\u76ee\u524d\u53ea\u67097\u67b6\u3002", "events": [], "arguments": {"time": [], "loc": [], "country": [], "weapon": [{"text": "\u6218\u6597\u673a", "offset": 34, "length": 3}]}}, {"sentence": "\u201d", "events": [], "arguments": {"time": [], "loc": [], "country": [], "weapon": []}}, {"sentence": "\u4f0a\u62c9\u514b\u6b64\u524d\u7684\u4e00\u4efd\u62a5\u544a\u66fe\u8868\u8fbe\u8fc7\u5bf9F-16\u6218\u6597\u673a\u5b58\u5728\u7684\u95ee\u9898\u7684\u62c5\u5fe7\uff0c\u8be5\u62a5\u544a\u5f3a\u8c03\uff1a\u201c\u505c\u98de\u7684\u6218\u6597\u673a\u662f\u7f8e\u56fd\u6602\u8d35\u7684\u519b\u4e8b\u63f4\u52a9\u672a\u80fd\u57f9\u517b\u51fa\u4f0a\u62c9\u514b\u519b\u4e8b\u80fd\u529b\u7684\u4e00\u4e2a\u5178\u578b\u4f8b\u5b50\u3002", "events": [], "arguments": {"time": [], "loc": [], "country": [{"text": "\u4f0a\u62c9\u514b", "offset": 0, "length": 3}, {"text": "\u7f8e\u56fd", "offset": 45, "length": 2}, {"text": "\u4f0a\u62c9\u514b", "offset": 59, "length": 3}], "weapon": [{"text": "F-16\u6218\u6597\u673a", "offset": 15, "length": 7}]}}, {"sentence": "\u201d", "events": [], "arguments": {"time": [], "loc": [], "country": [], "weapon": []}}, {"sentence": "\u4f46\u798f\u514b\u65af\u65b0\u95fb\u7f51\u6700\u8fd1\u7684\u62a5\u9053\u79f0\uff0c\u4e00\u540d\u7f8e\u56fd\u653f\u5e9c\u5b98\u5458\u8868\u793a\uff0c\u6d1b\u9a6c\u516c\u53f8\u4ecd\u5728\u4e0e\u4f0a\u62c9\u514b\u7a7a\u519b\u5408\u4f5c\uff0c\u5e76\u4e3a\u8be5\u56fd\u7684F-16\u6218\u6597\u673a\u63d0\u4f9b\u7ef4\u62a4\u670d\u52a1\u3002", "events": [], "arguments": {"time": [], "loc": [{"text": "\u6d1b\u9a6c\u516c\u53f8", "offset": 25, "length": 4}], "country": [{"text": "\u7f8e\u56fd", "offset": 16, "length": 2}, {"text": "\u4f0a\u62c9\u514b", "offset": 32, "length": 3}], "weapon": [{"text": "F-16\u6218\u6597\u673a", "offset": 45, "length": 7}]}}, {"sentence": "\u8fd9\u540d\u5b98\u5458\u8bf4\uff1a\u201c\u9632\u52a1\u63f4\u52a9\u673a\u6784\u4e00\u76f4\u5728\u52e4\u594b\u5730\u4e0e\u6211\u4eec\u7684\u4f0a\u62c9\u514b\u4f19\u4f34\u5408\u4f5c\uff0c\u652f\u6301\u4ed6\u4eec\u7684F-16\u6218\u6597\u673a\u9879\u76ee\u3002", "events": [], "arguments": {"time": [], "loc": [], "country": [{"text": "\u4f0a\u62c9\u514b", "offset": 23, "length": 3}], "weapon": [{"text": "F-16\u6218\u6597\u673a", "offset": 36, "length": 7}]}}, {"sentence": "\u201d\u6d1b\u9a6c\u516c\u53f8\u7684\u53d1\u8a00\u4eba\u4e5f\u8868\u8fbe\u4e86\u540c\u6837\u7684\u7acb\u573a\uff0c\u575a\u79f0\u8be5\u516c\u53f8\u201c\u91cd\u89c6\u4e0e\u4f0a\u62c9\u514b\u7a7a\u519b\u7684\u5408\u4f5c\u4f19\u4f34\u5173\u7cfb\u201d\u3002", "events": [], "arguments": {"time": [], "loc": [], "country": [{"text": "\u4f0a\u62c9\u514b", "offset": 28, "length": 3}], "weapon": []}}, {"sentence": "\u4f0a\u62c9\u514b\u56fd\u9632\u90e8\u57287\u6708\u53d1\u8868\u4e8e\u793e\u4ea4\u5a92\u4f53\u4e0a\u7684\u4e00\u4efd\u58f0\u660e\u4e2d\uff0c\u5426\u8ba4\u4e86\u6709\u5173F-16\u6218\u6597\u673a\u534f\u8bae\u5b58\u5728\u7f3a\u9677\u7684\u8bf4\u6cd5\u3002", "events": [], "arguments": {"time": [{"text": "7\u6708", "offset": 7, "length": 2}], "loc": [], "country": [{"text": "\u4f0a\u62c9\u514b", "offset": 0, "length": 3}], "weapon": [{"text": "F-16\u6218\u6597\u673a", "offset": 29, "length": 7}]}}, {"sentence": "\u4f0a\u62c9\u514b\u56fd\u9632\u90e8\u8868\u793a\uff1a\u201c\u5373\u4f7f\u5728\u7f8e\u56fd\u516c\u53f8\u64a4\u79bb\u4e4b\u540e\uff0cF-16\u6218\u6597\u673a\u4ecd\u80fd\u7ee7\u7eed\u6267\u884c\u8bad\u7ec3\u548c\u6218\u6597\u4efb\u52a1\u3002", "events": [{"trigger": {"text": "\u8bad\u7ec3", "offset": 35, "length": 2}, "object": {"text": "", "offset": 0, "length": 0}, "subject": {"text": "", "offset": 0, "length": 0}}], "arguments": {"time": [], "loc": [], "country": [{"text": "\u4f0a\u62c9\u514b", "offset": 0, "length": 3}, {"text": "\u7f8e\u56fd", "offset": 13, "length": 2}], "weapon": [{"text": "F-16\u6218\u6597\u673a", "offset": 22, "length": 7}]}}, {"sentence": "\u201d\u4f0a\u62c9\u514b\u7a7a\u519b\u53d1\u8a00\u4eba\u6b64\u524d\u4e5f\u8868\u793a\uff0c\u4f0a\u62c9\u514b\u7a7a\u519b\u7684\u6700\u9ad8\u6307\u6325\u5b98\u53c2\u89c2\u4e86\u5df4\u62c9\u5fb7\u7a7a\u519b\u57fa\u5730\uff0c\u5e76\u786e\u8ba4\u4e8619\u67b6F-16\u6218\u6597\u673a\u201c\u72b6\u51b5\u826f\u597d\u201d\u3002", "events": [], "arguments": {"time": [], "loc": [{"text": "\u5df4\u62c9\u5fb7\u7a7a\u519b\u57fa\u5730", "offset": 29, "length": 7}], "country": [{"text": "\u4f0a\u62c9\u514b", "offset": 1, "length": 3}, {"text": "\u4f0a\u62c9\u514b", "offset": 15, "length": 3}], "weapon": [{"text": "F-16\u6218\u6597\u673a", "offset": 44, "length": 7}]}}]