[{"sentence": "\u4fc4\u7f57\u65af\u4f01\u4e1a\u53d1\u5e03\u65b0\u6b3e\u8f6e\u5f0f\u5e95\u76d8\u8f66\u00a0\u53ef\u642d\u8f7d\u5730\u7a7a\u5bfc\u5f39\u7b49\u591a\u79cd\u8bbe\u5907", "events": [{"trigger": {"text": "\u642d\u8f7d", "offset": 16, "length": 2}, "object": {"text": "", "offset": 0, "length": 0}, "subject": {"text": "", "offset": 0, "length": 0}}], "arguments": {"time": [], "loc": [], "country": [{"text": "\u4fc4\u7f57\u65af", "offset": 0, "length": 3}], "weapon": [{"text": "\u8f6e\u5f0f\u5e95\u76d8\u8f66", "offset": 9, "length": 5}, {"text": "\u5730\u7a7a\u5bfc\u5f39", "offset": 18, "length": 4}]}}, {"sentence": "\u3010\u73af\u7403\u7f51\u62a5\u9053 \u8bb0\u8005 \u9a6c\u5ca9\u3011", "events": [], "arguments": {"time": [], "loc": [], "country": [], "weapon": []}}, {"sentence": "\u636e\u300a\u7b80\u6c0f\u9632\u52a1\u5468\u520a\u300b\u7f51\u7ad98\u670826\u65e5\u62a5\u9053\uff0c\u4fc4\u7f57\u65afRostec\u96c6\u56e2\u65d7\u4e0b\u7684\u5361\u62c9\u4ec0\u5c3c\u79d1\u592b\u516c\u53f8\u5728\u201c\u519b\u961f-2020\u201d\u8bba\u575b\u4e0a\u516c\u5e03\u4e86\u5176\u7814\u53d1\u7684SKKSh-568\u5730\u7a7a\u5bfc\u5f39\u8f6e\u5f0f\u5e95\u76d8\u8f66\uff0c\u4f5c\u4e3a\u5bf9\u5c65\u5e26\u5f0f\u5e95\u76d8\u8f66\u7684\u8865\u5145\u3002", "events": [{"trigger": {"text": "\u7814\u53d1", "offset": 58, "length": 2}, "subject": {"text": "\u5361\u62c9\u4ec0\u5c3c\u79d1\u592b\u516c\u53f8", "offset": 33, "length": 8}, "object": {"text": "SKKSh-568\u5730\u7a7a\u5bfc\u5f39\u8f6e\u5f0f\u5e95\u76d8\u8f66", "offset": 61, "length": 18}}], "arguments": {"time": [{"text": "8\u670826\u65e5", "offset": 11, "length": 5}], "loc": [], "country": [{"text": "\u4fc4\u7f57\u65af", "offset": 19, "length": 3}], "weapon": [{"text": "SKKSh-568\u5730\u7a7a\u5bfc\u5f39", "offset": 61, "length": 13}]}}, {"sentence": "\u5361\u62c9\u4ec0\u5c3c\u79d1\u592b\u516c\u53f8\u53d1\u8a00\u4eba\u8868\u793a\uff0c\u8fd9\u6b3e\u5e95\u76d8\u8f66\u65e2\u80fd\u6ee1\u8db3\u4fc4\u7f57\u65af\u56fd\u9632\u90e8\u7684\u8981\u6c42\uff0c\u4e5f\u80fd\u6ee1\u8db3\u5916\u56fd\u5ba2\u6237\u7684\u9700\u8981\uff0c\u5b83\u62e5\u6709\u5f39\u9053\u9632\u62a4\u548c\u6d89\u6c34\u80fd\u529b\uff0c\u5728\u8bbe\u8ba1\u8fc7\u7a0b\u4e2d\uff0c\u7814\u53d1\u4eba\u5458\u8ba1\u5212\u53d1\u5c55\u4e00\u4e2a\u8f66\u65cf\uff0c\u6765\u642d\u8f7d\u5ba2\u6237\u7684\u5404\u79cd\u8bbe\u5907\u3002", "events": [{"trigger": {"text": "\u642d\u8f7d", "offset": 79, "length": 2}, "object": {"text": "", "offset": 0, "length": 0}, "subject": {"text": "", "offset": 0, "length": 0}}], "arguments": {"time": [], "loc": [{"text": "\u4fc4\u7f57\u65af\u56fd\u9632\u90e8", "offset": 23, "length": 6}], "country": [], "weapon": []}}, {"sentence": "\u76ee\u524d\uff0c\u5361\u62c9\u4ec0\u5c3c\u79d1\u592b\u516c\u53f8\u5373\u5c06\u5b8c\u6210\u6837\u8f66\u7684\u5236\u9020\uff0c\u7b2c\u4e00\u8f86\u642d\u8f7d\u5bfc\u5f39\u7684\u6837\u8f66\u5c06\u4e8e2021\u5e74\u4ea4\u4ed8\u8bd5\u9a8c\uff0c\u6279\u91cf\u751f\u4ea7\u9884\u8ba1\u5c06\u57282023\u5e741\u6708\u542f\u52a8\u3002", "events": [{"trigger": {"text": "\u6279\u91cf\u751f\u4ea7", "offset": 43, "length": 4}, "object": {"text": "", "offset": 0, "length": 0}, "subject": {"text": "", "offset": 0, "length": 0}}], "arguments": {"time": [{"text": "2021\u5e74", "offset": 33, "length": 5}, {"text": "2023\u5e741\u6708", "offset": 51, "length": 7}], "loc": [], "country": [], "weapon": [{"text": "\u5bfc\u5f39", "offset": 26, "length": 2}]}}, {"sentence": "\u636e\u6089\uff0c\u8fd9\u6b3e\u5e95\u76d8\u8f66\u6700\u9ad8\u65f6\u901f80\u516c\u91cc\uff0c\u5728\u516c\u8def\u4e0a\u7684\u5e73\u5747\u65f6\u901f60\u516c\u91cc\uff0c\u7eed\u822a\u91cc\u7a0b\u8fbe800\u516c\u91cc\u3002", "events": [], "arguments": {"time": [], "loc": [], "country": [], "weapon": [{"text": "\u5e95\u76d8\u8f66", "offset": 5, "length": 3}]}}]