[{"sentence": "\u963f\u8054\u914b\u5c06\u6d3e\u6218\u6597\u673a\u524d\u5f80\u5e0c\u814a\u00a0\u652f\u6301\u5176\u5bf9\u6297\u571f\u8033\u5176", "events": [{"trigger": {"text": "\u5bf9\u6297", "offset": 16, "length": 2}, "object": {"text": "", "offset": 0, "length": 0}, "subject": {"text": "", "offset": 0, "length": 0}}], "arguments": {"time": [], "loc": [], "country": [{"text": "\u963f\u8054\u914b", "offset": 0, "length": 3}, {"text": "\u5e0c\u814a", "offset": 10, "length": 2}, {"text": "\u571f\u8033\u5176", "offset": 18, "length": 3}], "weapon": [{"text": "\u6218\u6597\u673a", "offset": 5, "length": 3}]}}, {"sentence": "\u3010\u73af\u7403\u7f51\u62a5\u9053 \u8bb0\u8005 \u9a6c\u5ca9\u3011", "events": [], "arguments": {"time": [], "loc": [], "country": [], "weapon": []}}, {"sentence": "\u636e\u798f\u5e03\u65af\u65b0\u95fb\u7f51\u7ad98\u670826\u65e5\u62a5\u9053\uff0c\u963f\u8054\u914b\u5c06\u6d3e\u90632\u52304\u67b6\u6218\u6597\u673a\u524d\u5f80\u5e0c\u814a\u7684\u514b\u91cc\u7279\u5c9b\uff0c\u4e0e\u5e0c\u814a\u7a7a\u519b\u8054\u5408\u8bad\u7ec3\u6f14\u4e60\uff0c\u4ee5\u652f\u6301\u5e0c\u814a\u5bf9\u6297\u571f\u8033\u5176\u5728\u4e1c\u5730\u4e2d\u6d77\u7684\u6269\u5f20\u3002", "events": [{"trigger": {"text": "\u6f14\u4e60", "offset": 48, "length": 2}, "subject": {"text": "\u963f\u8054\u914b\u5c06\u6d3e\u90632\u52304\u67b6\u6218\u6597\u673a", "offset": 16, "length": 13}, "object": {"text": "", "offset": 0, "length": 0}}, {"trigger": {"text": "\u8054\u5408\u8bad\u7ec3", "offset": 44, "length": 4}, "object": {"text": "", "offset": 0, "length": 0}, "subject": {"text": "", "offset": 0, "length": 0}}, {"trigger": {"text": "\u5bf9\u6297", "offset": 56, "length": 2}, "object": {"text": "", "offset": 0, "length": 0}, "subject": {"text": "", "offset": 0, "length": 0}}], "arguments": {"time": [{"text": "8\u670826\u65e5", "offset": 8, "length": 5}], "loc": [{"text": "\u514b\u91cc\u7279\u5c9b", "offset": 34, "length": 4}, {"text": "\u4e1c\u5730\u4e2d\u6d77", "offset": 62, "length": 4}], "country": [{"text": "\u963f\u8054\u914b", "offset": 16, "length": 3}, {"text": "\u5e0c\u814a", "offset": 31, "length": 2}, {"text": "\u5e0c\u814a", "offset": 40, "length": 2}, {"text": "\u5e0c\u814a", "offset": 54, "length": 2}, {"text": "\u571f\u8033\u5176", "offset": 58, "length": 3}], "weapon": [{"text": "\u6218\u6597\u673a", "offset": 26, "length": 3}]}}, {"sentence": "\u571f\u8033\u5176\u4e0e\u5e0c\u814a\u8fd1\u671f\u5c31\u4e1c\u5730\u4e2d\u6d77\u6cb9\u6c14\u8d44\u6e90\u5f00\u91c7\u6743\u4ee5\u53ca\u6d77\u4e0a\u8fb9\u754c\u95ee\u9898\u4e89\u6267\u4e0d\u4e0b\uff0c\u571f\u8033\u5176\u6d3e\u9063\u8003\u5bdf\u8239\u5728\u519b\u8230\u62a4\u9001\u4e0b\u8fdb\u5165\u5e0c\u814a\u5ba3\u79f0\u7684\u4e13\u5c5e\u7ecf\u6d4e\u533a\u8fdb\u884c\u52d8\u63a2\u8c03\u67e5\u3002", "events": [{"trigger": {"text": "\u6d3e\u9063", "offset": 36, "length": 2}, "object": {"text": "", "offset": 0, "length": 0}, "subject": {"text": "", "offset": 0, "length": 0}}, {"trigger": {"text": "\u8fdb\u5165", "offset": 47, "length": 2}, "object": {"text": "", "offset": 0, "length": 0}, "subject": {"text": "", "offset": 0, "length": 0}}], "arguments": {"time": [], "loc": [{"text": "\u4e1c\u5730\u4e2d\u6d77", "offset": 9, "length": 4}, {"text": "\u6d77\u4e0a", "offset": 22, "length": 2}], "country": [{"text": "\u571f\u8033\u5176", "offset": 33, "length": 3}, {"text": "\u5e0c\u814a", "offset": 49, "length": 2}, {"text": "\u571f\u8033\u5176", "offset": 0, "length": 3}, {"text": "\u5e0c\u814a", "offset": 4, "length": 2}], "weapon": [{"text": "\u8003\u5bdf\u8239", "offset": 38, "length": 3}]}}, {"sentence": "\u6b64\u524d\uff0c\u6cd5\u56fd\u4e5f\u6d3e\u51fa\u4e24\u67b6\u201c\u9635\u98ce\u201d\u6218\u6597\u673a\u62b5\u8fbe\u5e0c\u814a\u514b\u91cc\u7279\u5c9b\uff0c\u4ee5\u663e\u793a\u5bf9\u5e0c\u814a\u7684\u652f\u6301\u3002", "events": [{"trigger": {"text": "\u62b5\u8fbe", "offset": 17, "length": 2}, "object": {"text": "", "offset": 0, "length": 0}, "subject": {"text": "", "offset": 0, "length": 0}}], "arguments": {"time": [], "loc": [{"text": "\u514b\u91cc\u7279\u5c9b", "offset": 21, "length": 4}], "country": [{"text": "\u6cd5\u56fd", "offset": 3, "length": 2}, {"text": "\u5e0c\u814a", "offset": 19, "length": 2}, {"text": "\u5e0c\u814a", "offset": 30, "length": 2}], "weapon": [{"text": "\u201c\u9635\u98ce\u201d\u6218\u6597\u673a", "offset": 10, "length": 7}]}}, {"sentence": "\u571f\u8033\u5176\u7684\u7a7a\u519b\u89c4\u6a21\u8fdc\u5927\u4e8e\u963f\u8054\u914b\u548c\u5e0c\u814a\uff0c\u5176\u62e5\u6709\u8d85\u8fc7200\u67b6F-16\u548c40\u67b6F-4\u6218\u6597\u673a\uff0c\u800c\u963f\u8054\u914b\u62e5\u6709\u8d85\u8fc770\u67b6F-16\u548c\u7ea660\u67b6\u6cd5\u5236\u201c\u5e7b\u5f712000\u201d\uff0c\u4f46\u963f\u8054\u914b\u88c5\u5907\u7684F-16\u7248\u672c\u66f4\u65b0\u3002", "events": [], "arguments": {"time": [], "loc": [], "country": [{"text": "\u571f\u8033\u5176", "offset": 0, "length": 3}, {"text": "\u963f\u8054\u914b", "offset": 11, "length": 3}, {"text": "\u5e0c\u814a", "offset": 15, "length": 2}, {"text": "\u963f\u8054\u914b", "offset": 43, "length": 3}, {"text": "\u963f\u8054\u914b", "offset": 74, "length": 3}], "weapon": [{"text": "F-16", "offset": 80, "length": 4}, {"text": "F-4\u6218\u6597\u673a", "offset": 35, "length": 6}, {"text": "\u201c\u5e7b\u5f712000\u201d", "offset": 64, "length": 8}]}}, {"sentence": "\u8fd1\u5e74\u6765\uff0c\u963f\u8054\u914b\u4e0e\u571f\u8033\u5176\u5728\u4e00\u7cfb\u5217\u95ee\u9898\u4e0a\u51fa\u73b0\u5bf9\u5cd9\u3002", "events": [{"trigger": {"text": "\u5bf9\u5cd9", "offset": 20, "length": 2}, "object": {"text": "", "offset": 0, "length": 0}, "subject": {"text": "", "offset": 0, "length": 0}}], "arguments": {"time": [], "loc": [], "country": [{"text": "\u963f\u8054\u914b", "offset": 4, "length": 3}, {"text": "\u571f\u8033\u5176", "offset": 8, "length": 3}], "weapon": []}}, {"sentence": "\u571f\u8033\u5176\u548c\u5361\u5854\u5c14\u662f\u4e2d\u4e1c\u7a46\u65af\u6797\u5144\u5f1f\u4f1a\u7684\u652f\u6301\u8005\uff0c\u800c\u963f\u8054\u914b\u548c\u6c99\u7279\u5f3a\u70c8\u53cd\u5bf9\u7a46\u5144\u4f1a\uff0c\u5e76\u652f\u6301\u6253\u538b\u7a46\u5144\u4f1a\u3002", "events": [], "arguments": {"time": [], "loc": [], "country": [{"text": "\u571f\u8033\u5176", "offset": 0, "length": 3}, {"text": "\u5361\u5854\u5c14", "offset": 4, "length": 3}, {"text": "\u963f\u8054\u914b", "offset": 22, "length": 3}, {"text": "\u6c99\u7279", "offset": 26, "length": 2}], "weapon": []}}, {"sentence": "\u5728\u5229\u6bd4\u4e9a\u56fd\u5185\u51b2\u7a81\u4e2d\uff0c\u571f\u8033\u5176\u652f\u6301\u603b\u90e8\u4f4d\u4e8e\u7684\u9ece\u6ce2\u91cc\u7684\u5229\u6bd4\u4e9a\u6c11\u65cf\u56e2\u7ed3\u653f\u5e9c\uff0c\u800c\u963f\u8054\u914b\u652f\u6301\u54c8\u592b\u5854\u5c14\u9886\u5bfc\u7684\u5229\u6bd4\u4e9a\u56fd\u6c11\u519b\uff0c\u53cc\u65b9\u90fd\u5df2\u7ecf\u76f4\u63a5\u6d3e\u51fa\u519b\u4eba\u548c\u6b66\u5668\u88c5\u5907\u4ecb\u5165\u5229\u6bd4\u4e9a\u56fd\u5185\u51b2\u7a81\u3002", "events": [{"trigger": {"text": "\u51b2\u7a81", "offset": 77, "length": 2}, "object": {"text": "", "offset": 0, "length": 0}, "subject": {"text": "", "offset": 0, "length": 0}}], "arguments": {"time": [], "loc": [{"text": "\u7684\u9ece\u6ce2\u91cc", "offset": 19, "length": 4}], "country": [{"text": "\u5229\u6bd4\u4e9a", "offset": 1, "length": 3}, {"text": "\u571f\u8033\u5176", "offset": 10, "length": 3}, {"text": "\u5229\u6bd4\u4e9a", "offset": 24, "length": 3}, {"text": "\u963f\u8054\u914b", "offset": 35, "length": 3}, {"text": "\u5229\u6bd4\u4e9a", "offset": 47, "length": 3}, {"text": "\u5229\u6bd4\u4e9a", "offset": 72, "length": 3}], "weapon": []}}]