[{"sentence": "\u65e5\u672c\u653e\u5bbd\u5916\u56fd\u516c\u53f8\u53c2\u4e0e\u5176\u4e0b\u4e00\u4ee3\u6218\u673aF-X\u9879\u76ee", "events": [], "arguments": {"time": [], "loc": [], "country": [{"text": "\u65e5\u672c", "offset": 0, "length": 2}], "weapon": [{"text": "F-X", "offset": 16, "length": 3}]}}, {"sentence": "\u3010\u73af\u7403\u7f51\u62a5\u9053 \u8bb0\u8005 \u9a6c\u5ca9\u3011", "events": [], "arguments": {"time": [], "loc": [], "country": [], "weapon": []}}, {"sentence": "\u636e\u300a\u7b80\u6c0f\u9632\u52a1\u5468\u520a\u300b\u7f51\u7ad98\u670826\u65e5\u62a5\u9053\uff0c\u65e5\u672c\u9632\u536b\u7701\u65e5\u524d\u53d1\u5e03\u4e86\u4e00\u4efd\u901a\u77e5\uff0c\u9080\u8bf7\u5916\u56fd\u516c\u53f8\u53c2\u4e0e\u5176\u4e0b\u4e00\u4ee3\u6218\u6597\u673aF-X\u9879\u76ee\u3002", "events": [], "arguments": {"time": [{"text": "8\u670826\u65e5", "offset": 11, "length": 5}], "loc": [{"text": "\u65e5\u672c\u9632\u536b\u7701", "offset": 19, "length": 5}], "country": [{"text": "\u65e5\u672c", "offset": 19, "length": 2}], "weapon": [{"text": "F-X", "offset": 49, "length": 3}]}}, {"sentence": "\u6839\u636e\u8be5\u901a\u77e5\uff0c\u5916\u56fd\u516c\u53f8\u53ef\u4ee5\u53c2\u4e0eF-X\u9879\u76ee\u7684\u7814\u53d1\u9636\u6bb5\u548c\u76f8\u5173\u6280\u672f\u548c\u80fd\u529b\u7684\u96c6\u6210\u3002", "events": [{"trigger": {"text": "\u7814\u53d1", "offset": 20, "length": 2}, "subject": {"text": "\u5916\u56fd\u516c\u53f8", "offset": 6, "length": 4}, "object": {"text": "F-X\u9879\u76ee", "offset": 14, "length": 5}}], "arguments": {"time": [], "loc": [], "country": [], "weapon": [{"text": "F-X", "offset": 14, "length": 3}]}}, {"sentence": "\u9632\u536b\u7701\u8868\u793a\uff0c\u5e0c\u671b\u53c2\u4e0eF-X\u9879\u76ee\u7684\u5916\u56fd\u516c\u53f8\u9700\u8981\u8bc1\u660e\u5176\u7684\u9ad8\u6280\u672f\u6c34\u5e73\uff0c\u4f8b\u5982\uff0c\u5305\u62ec\u9690\u8eab\u65e0\u4eba\u673a\u5728\u5185\u7684\u56fa\u5b9a\u7ffc\u98de\u673a\u6280\u672f\uff0c\u5305\u62ec\u96f7\u8fbe\u3001\u4f20\u611f\u5668\u3001\u7535\u5b50\u6218\u8bbe\u5907\u3001\u6570\u636e\u94fe\u8bbe\u5907\u5728\u5185\u7684\u7a7a\u57fa\u5bfc\u5f39\u7cfb\u7edf\uff0c\u4ee5\u53ca\u96c6\u6210\u6280\u672f\u7684\u7cfb\u7edf\u3002", "events": [], "arguments": {"time": [], "loc": [], "country": [], "weapon": [{"text": "F-X\u9879\u76ee", "offset": 10, "length": 5}, {"text": "F-X", "offset": 10, "length": 3}, {"text": "\u4eba\u673a", "offset": 0, "length": 2}]}}, {"sentence": "\u65e5\u672c\u9632\u536b\u76f8\u6cb3\u91ce\u592a\u90ce\u8868\u793a\uff0c\u5916\u56fd\u516c\u53f8\u7533\u8bf7\u53c2\u4e0e\u8be5\u9879\u76ee\u7684\u6700\u540e\u671f\u9650\u662f8\u670831\u65e5\u3002", "events": [], "arguments": {"time": [{"text": "8\u670831\u65e5", "offset": 29, "length": 5}], "loc": [], "country": [{"text": "\u65e5\u672c", "offset": 0, "length": 2}], "weapon": []}}, {"sentence": "\u201c\u6211\u4eec\u76ee\u524d\u6b63\u5728\u8ddf\u7f8e\u56fd\u548c\u82f1\u56fd\u4ea4\u6362\u4fe1\u606f\uff0c\u4ee5\u8fdb\u4e00\u6b65\u8003\u8651\u5982\u4f55\u5728\u6b64\u9879\u76ee\u4e2d\u8fdb\u884c\u56fd\u9645\u5408\u4f5c\u3002", "events": [], "arguments": {"time": [], "loc": [], "country": [{"text": "\u7f8e\u56fd", "offset": 8, "length": 2}, {"text": "\u82f1\u56fd", "offset": 11, "length": 2}], "weapon": []}}, {"sentence": "\u201d\u6cb3\u91ce\u592a\u90ce\u8bf4\u3002", "events": [], "arguments": {"time": [], "loc": [], "country": [], "weapon": []}}, {"sentence": "\uff08\u5b8c\uff09", "events": [], "arguments": {"time": [], "loc": [], "country": [], "weapon": []}}, {"sentence": "\uff08\u5b8c\uff09", "events": [], "arguments": {"time": [], "loc": [], "country": [], "weapon": []}}]