[{"sentence": "\u7f8e\u519b\u4fa6\u5bdf\u673a\u9891\u9891\u9a9a\u6270\u4e2d\u56fd\u5468\u8fb9\uff0c\u610f\u6b32\u4f55\u4e3a?", "events": [], "arguments": {"time": [], "loc": [], "country": [{"text": "\u7f8e", "offset": 0, "length": 1}, {"text": "\u4e2d\u56fd", "offset": 9, "length": 2}], "weapon": [{"text": "\u4fa6\u5bdf\u673a", "offset": 2, "length": 3}]}}, {"sentence": "\u7f8e\u519bU-2\u4fa6\u5bdf\u673a", "events": [], "arguments": {"time": [], "loc": [], "country": [{"text": "\u7f8e", "offset": 0, "length": 1}], "weapon": [{"text": "U-2\u4fa6\u5bdf\u673a", "offset": 2, "length": 6}]}}, {"sentence": "\u64c5\u95ef\u4e2d\u56fd\u6f14\u4e60\u7981\u98de\u533a", "events": [{"trigger": {"text": "\u64c5\u95ef", "offset": 0, "length": 2}, "object": {"text": "", "offset": 0, "length": 0}, "subject": {"text": "", "offset": 0, "length": 0}}, {"trigger": {"text": "\u6f14\u4e60", "offset": 4, "length": 2}, "object": {"text": "", "offset": 0, "length": 0}, "subject": {"text": "", "offset": 0, "length": 0}}], "arguments": {"time": [], "loc": [], "country": [{"text": "\u4e2d\u56fd", "offset": 2, "length": 2}], "weapon": []}}, {"sentence": "\u201c\u6311\u6218\u8005650\u201d\u4fa6\u5bdf\u673a", "events": [], "arguments": {"time": [], "loc": [], "country": [], "weapon": [{"text": "\u201c\u6311\u6218\u8005650\u201d\u4fa6\u5bdf\u673a", "offset": 0, "length": 11}]}}, {"sentence": "\u9891\u7e41\u51fa\u73b0\u5728\u5357\u6d77\u4e0a\u7a7a", "events": [{"trigger": {"text": "\u51fa\u73b0\u5728", "offset": 2, "length": 3}, "object": {"text": "", "offset": 0, "length": 0}, "subject": {"text": "", "offset": 0, "length": 0}}], "arguments": {"time": [], "loc": [{"text": "\u5357\u6d77", "offset": 5, "length": 2}], "country": [], "weapon": []}}, {"sentence": "\u2026\u2026", "events": [], "arguments": {"time": [], "loc": [], "country": [], "weapon": []}}, {"sentence": "\u7f8e\u519b\u8fd1\u671f\u5bf9\u4e2d\u56fd\u5468\u8fb9\u9891\u9891\u201c\u9a9a\u6270\u201d", "events": [], "arguments": {"time": [], "loc": [{"text": "\u4e2d\u56fd\u5468\u8fb9", "offset": 5, "length": 4}], "country": [{"text": "\u7f8e", "offset": 0, "length": 1}, {"text": "\u4e2d\u56fd", "offset": 5, "length": 2}], "weapon": []}}, {"sentence": "\u7a76\u7adf\u6709\u4f55\u4f01\u56fe\uff1f", "events": [], "arguments": {"time": [], "loc": [], "country": [], "weapon": []}}, {"sentence": "\u7f8eU-2\u4fa6\u5bdf\u673a\u64c5\u95ef\u4e2d\u56fd\u6f14\u4e60\u7981\u98de\u533a", "events": [{"trigger": {"text": "\u64c5\u95ef", "offset": 7, "length": 2}, "object": {"text": "", "offset": 0, "length": 0}, "subject": {"text": "", "offset": 0, "length": 0}}, {"trigger": {"text": "\u6f14\u4e60", "offset": 11, "length": 2}, "object": {"text": "", "offset": 0, "length": 0}, "subject": {"text": "", "offset": 0, "length": 0}}], "arguments": {"time": [], "loc": [], "country": [{"text": "\u7f8e", "offset": 0, "length": 1}, {"text": "\u4e2d\u56fd", "offset": 9, "length": 2}], "weapon": [{"text": "U-2\u4fa6\u5bdf\u673a", "offset": 1, "length": 6}]}}, {"sentence": "25\u65e5\uff0c\u7f8e\u519bU-2\u9ad8\u7a7a\u4fa6\u5bdf\u673a\u64c5\u95ef\u6211\u519b\u5b9e\u5f39\u6f14\u4e60\u7981\u98de\u533a\u3002", "events": [{"trigger": {"text": "\u64c5\u95ef", "offset": 14, "length": 2}, "object": {"text": "", "offset": 0, "length": 0}, "subject": {"text": "", "offset": 0, "length": 0}}], "arguments": {"time": [{"text": "25\u65e5", "offset": 0, "length": 3}], "loc": [], "country": [{"text": "\u7f8e", "offset": 4, "length": 1}], "weapon": [{"text": "U-2\u9ad8\u7a7a\u4fa6\u5bdf\u673a", "offset": 6, "length": 8}]}}, {"sentence": "\u5bf9\u6b64\uff0c\u6211\u56fd\u9632\u90e8\u3001\u5916\u4ea4\u90e8\u5148\u540e\u56de\u5e94\uff1a\u8be5\u884c\u4e3a\u4e25\u91cd\u5e72\u6270\u4e2d\u65b9\u6b63\u5e38\u6f14\u8bad\u6d3b\u52a8\uff0c\u4e25\u91cd\u8fdd\u53cd\u4e2d\u7f8e\u6d77\u7a7a\u5b89\u5168\u884c\u4e3a\u51c6\u5219\u53ca\u76f8\u5173\u56fd\u9645\u60ef\u4f8b\uff0c\u6781\u6613\u5f15\u53d1\u8bef\u89e3\u8bef\u5224\u751a\u81f3\u9020\u6210\u6d77\u7a7a\u610f\u5916\u4e8b\u4ef6\uff0c\u662f\u8d64\u88f8\u88f8\u7684\u6311\u8845\u884c\u52a8\u3002", "events": [{"trigger": {"text": "\u6311\u8845", "offset": 78, "length": 2}, "object": {"text": "", "offset": 0, "length": 0}, "subject": {"text": "", "offset": 0, "length": 0}}], "arguments": {"time": [], "loc": [], "country": [{"text": "\u4e2d\u65b9", "offset": 23, "length": 2}, {"text": "\u7f8e", "offset": 37, "length": 1}], "weapon": []}}, {"sentence": "\u25b2 \u7f8e\u519bU-2\u4fa6\u5bdf\u673a\uff08\u8d44\u6599\u56fe\uff09", "events": [], "arguments": {"time": [], "loc": [], "country": [{"text": "\u7f8e", "offset": 2, "length": 1}], "weapon": [{"text": "U-2\u4fa6\u5bdf\u673a", "offset": 4, "length": 6}]}}, {"sentence": "\uff08\u8d44\u6599\u56fe\uff09", "events": [], "arguments": {"time": [], "loc": [], "country": [], "weapon": []}}, {"sentence": "\u7f8e\u56fd\u8fd9\u4e00\u884c\u52a8\u7a76\u7adf\u6709\u4ec0\u4e48\u4f01\u56fe\uff0c\u8fd9\u4e00\u4e3e\u52a8\u53c8\u5c06\u5bf9\u4e2d\u7f8e\u4e24\u519b\u3001\u4e24\u56fd\u5173\u7cfb\u4ea7\u751f\u54ea\u4e9b\u6d88\u6781\u5f71\u54cd\uff1f", "events": [], "arguments": {"time": [], "loc": [], "country": [{"text": "\u7f8e\u56fd", "offset": 0, "length": 2}, {"text": "\u4e2d", "offset": 21, "length": 1}, {"text": "\u7f8e", "offset": 22, "length": 1}], "weapon": []}}, {"sentence": "\u603b\u53f0\u7279\u7ea6\u8bc4\u8bba\u5458\u82cf\u6653\u6656\u6df1\u5ea6\u89e3\u8bfb\u3002", "events": [], "arguments": {"time": [], "loc": [], "country": [], "weapon": []}}, {"sentence": "\u7f8e\u519b\u673a\u6b32\u4fa6\u5bdf\u523a\u63a2\u6211\u519b\u60c5\u62a5", "events": [{"trigger": {"text": "\u4fa6\u5bdf", "offset": 4, "length": 2}, "object": {"text": "", "offset": 0, "length": 0}, "subject": {"text": "", "offset": 0, "length": 0}}], "arguments": {"time": [], "loc": [], "country": [{"text": "\u7f8e", "offset": 0, "length": 1}], "weapon": []}}, {"sentence": "\u82cf\u6653\u6656\u8868\u793a\uff0c\u6b64\u524d\u4e2d\u65b9\u5df2\u5ba3\u5e03\u5c06\u8fdb\u884c\u6f14\u7ec3\u3001\u6309\u7167\u60ef\u4f8b\u5212\u8bbe\u7981\u98de\u533a\u3002", "events": [{"trigger": {"text": "\u6f14\u7ec3", "offset": 16, "length": 2}, "object": {"text": "", "offset": 0, "length": 0}, "subject": {"text": "", "offset": 0, "length": 0}}], "arguments": {"time": [], "loc": [], "country": [{"text": "\u4e2d\u65b9", "offset": 8, "length": 2}], "weapon": []}}, {"sentence": "\u7981\u98de\u533a\u7684\u5212\u8bbe\uff0c\u4e00\u65b9\u9762\u662f\u4fdd\u8bc1\u4e2d\u65b9\u6f14\u7ec3\u6b63\u5e38\u8fdb\u884c\uff0c\u540c\u65f6\u4e5f\u662f\u9632\u6b62\u53d1\u751f\u610f\u5916\u7684\u201c\u64e6\u67aa\u8d70\u706b\u201d\u4e8b\u4ef6\uff0c\u800c\u8fd9\u6837\u7684\u60ef\u4f8b\u5728\u7f8e\u56fd\u773c\u4e2d\u5f62\u540c\u865a\u8bbe\u3002", "events": [{"trigger": {"text": "\u6f14\u7ec3", "offset": 15, "length": 2}, "object": {"text": "", "offset": 0, "length": 0}, "subject": {"text": "", "offset": 0, "length": 0}}], "arguments": {"time": [], "loc": [], "country": [{"text": "\u4e2d\u65b9", "offset": 13, "length": 2}, {"text": "\u7f8e\u56fd", "offset": 49, "length": 2}], "weapon": []}}, {"sentence": "\u7f8e\u56fd\u91c7\u53d6\u8fd9\u79cd\u5192\u9669\u884c\u52a8\uff0c\u4e00\u65b9\u9762\u662f\u5e0c\u671b\u83b7\u5f97\u66f4\u591a\u7684\u60c5\u62a5\u548c\u4fe1\u606f\uff0c\u540c\u65f6\u4e5f\u662f\u5bf9\u4e2d\u56fd\u6f14\u7ec3\u8d64\u88f8\u88f8\u7684\u5e72\u6270\u3002", "events": [{"trigger": {"text": "\u6f14\u7ec3", "offset": 35, "length": 2}, "object": {"text": "", "offset": 0, "length": 0}, "subject": {"text": "", "offset": 0, "length": 0}}], "arguments": {"time": [], "loc": [], "country": [{"text": "\u7f8e\u56fd", "offset": 0, "length": 2}, {"text": "\u4e2d\u56fd", "offset": 33, "length": 2}], "weapon": []}}, {"sentence": "\u25b2 \u7f8e\u519bU-2\u4fa6\u5bdf\u673a\uff08\u8d44\u6599\u56fe\uff09", "events": [], "arguments": {"time": [], "loc": [], "country": [{"text": "\u7f8e", "offset": 2, "length": 1}], "weapon": [{"text": "U-2\u4fa6\u5bdf\u673a", "offset": 4, "length": 6}]}}, {"sentence": "\uff08\u8d44\u6599\u56fe\uff09", "events": [], "arguments": {"time": [], "loc": [], "country": [], "weapon": []}}, {"sentence": "\u7f8e\u519b\u884c\u52a8\u52a0\u5267\u5730\u533a\u5b89\u5168\u98ce\u9669", "events": [], "arguments": {"time": [], "loc": [], "country": [{"text": "\u7f8e", "offset": 0, "length": 1}], "weapon": []}}, {"sentence": "\u82cf\u6653\u6656\u8bf4\uff0c\u7f8e\u56fdU-2\u4fa6\u5bdf\u673a\u64c5\u95ef\u4e2d\u56fd\u7981\u98de\u533a\uff0c\u662f\u975e\u5e38\u5192\u9669\u7684\u884c\u4e3a\uff0c\u52a0\u5927\u4e86\u4e2d\u7f8e\u4e4b\u95f4\u201c\u64e6\u67aa\u8d70\u706b\u201d\u7684\u98ce\u9669\uff0c\u4e3a\u5730\u533a\u5236\u9020\u4e0d\u548c\u8c10\u56e0\u7d20\u3002", "events": [{"trigger": {"text": "\u64c5\u95ef", "offset": 13, "length": 2}, "object": {"text": "", "offset": 0, "length": 0}, "subject": {"text": "", "offset": 0, "length": 0}}, {"trigger": {"text": "\u5236\u9020", "offset": 50, "length": 2}, "object": {"text": "", "offset": 0, "length": 0}, "subject": {"text": "", "offset": 0, "length": 0}}], "arguments": {"time": [], "loc": [], "country": [{"text": "\u7f8e\u56fd", "offset": 5, "length": 2}, {"text": "\u4e2d\u56fd", "offset": 15, "length": 2}, {"text": "\u7f8e", "offset": 34, "length": 1}], "weapon": [{"text": "U-2\u4fa6\u5bdf\u673a", "offset": 7, "length": 6}]}}, {"sentence": "\u25b2 \u7f8e\u519bU-2\u4fa6\u5bdf\u673a\uff08\u8d44\u6599\u56fe\uff09", "events": [], "arguments": {"time": [], "loc": [], "country": [{"text": "\u7f8e", "offset": 2, "length": 1}], "weapon": [{"text": "U-2\u4fa6\u5bdf\u673a", "offset": 4, "length": 6}]}}, {"sentence": "\uff08\u8d44\u6599\u56fe\uff09", "events": [], "arguments": {"time": [], "loc": [], "country": [], "weapon": []}}, {"sentence": "\u8fdb\u4e00\u6b65\u52a0\u5267\u4e2d\u7f8e\u5173\u7cfb\u7d27\u5f20", "events": [], "arguments": {"time": [], "loc": [], "country": [{"text": "\u4e2d", "offset": 5, "length": 1}, {"text": "\u7f8e", "offset": 6, "length": 1}], "weapon": []}}, {"sentence": "\u82cf\u6653\u6656\u8868\u793a\uff0c\u7f8e\u56fd\u8fd9\u6b21\u64c5\u95ef\uff0c\u53cd\u6620\u51fa\u7f8e\u56fd\u5728\u5f53\u524d\u4e2d\u7f8e\u5173\u7cfb\u5df2\u7ecf\u56e0\u7f8e\u65b9\u884c\u52a8\u800c\u906d\u9047\u632b\u6298\u7684\u8fc7\u7a0b\u4e2d\uff0c\u4ecd\u5728\u8fdb\u4e00\u6b65\u635f\u5bb3\u4e2d\u7f8e\u5173\u7cfb\u3002", "events": [{"trigger": {"text": "\u64c5\u95ef", "offset": 10, "length": 2}, "object": {"text": "", "offset": 0, "length": 0}, "subject": {"text": "", "offset": 0, "length": 0}}], "arguments": {"time": [], "loc": [], "country": [{"text": "\u7f8e\u56fd", "offset": 6, "length": 2}, {"text": "\u7f8e\u56fd", "offset": 16, "length": 2}, {"text": "\u7f8e\u65b9", "offset": 28, "length": 2}], "weapon": []}}, {"sentence": " \u8fd9\u79cd\u64c5\u95ef\u884c\u52a8\uff0c\u4e00\u65b9\u9762\u4f1a\u635f\u5931\u4e24\u519b\u4e4b\u95f4\u7684\u4e92\u4fe1\uff0c\u548c\u6b64\u524d\u5df2\u7ecf\u8fbe\u6210\u7684\u67d0\u79cd\u9ed8\u5951\u3002", "events": [], "arguments": {"time": [], "loc": [], "country": [], "weapon": []}}, {"sentence": "\u540c\u65f6\u4e5f\u4f1a\u4e3a\u4e2d\u7f8e\u4e0b\u4e00\u6b65\u8fdb\u884c\u826f\u6027\u4e92\u52a8\u5236\u9020\u66f4\u591a\u969c\u788d\u3002", "events": [{"trigger": {"text": "\u5236\u9020", "offset": 16, "length": 2}, "object": {"text": "", "offset": 0, "length": 0}, "subject": {"text": "", "offset": 0, "length": 0}}], "arguments": {"time": [], "loc": [], "country": [{"text": "\u4e2d", "offset": 5, "length": 1}, {"text": "\u7f8e", "offset": 6, "length": 1}], "weapon": []}}, {"sentence": "\u7f8e\u4e09\u519b\u4fa6\u5bdf\u673a\u9891\u9891\u9a9a\u6270", "events": [], "arguments": {"time": [], "loc": [], "country": [{"text": "\u7f8e", "offset": 0, "length": 1}], "weapon": []}}, {"sentence": "\u610f\u6b32\u5168\u9762\u641c\u96c6\u60c5\u62a5", "events": [], "arguments": {"time": [], "loc": [], "country": [], "weapon": []}}, {"sentence": "\u6b64\u5916\uff0c\u636e\u201c\u5357\u6d77\u6218\u7565\u6001\u52bf\u611f\u77e5\u8ba1\u5212\u201d\u5e73\u53f025\u65e5\u53d1\u5e03\u6d88\u606f\uff0c\u5f53\u5929\u4e0a\u5348\uff0c1\u67b6\u7f8e\u56fd\u9646\u519b\u201c\u6311\u6218\u8005650\u201d\u4fa6\u5bdf\u673a\u51fa\u73b0\u5728\u5357\u6d77\u6d77\u57df\u4e0a\u7a7a\u3002", "events": [{"trigger": {"text": "\u51fa\u73b0\u5728", "offset": 48, "length": 3}, "object": {"text": "", "offset": 0, "length": 0}, "subject": {"text": "", "offset": 0, "length": 0}}], "arguments": {"time": [{"text": "25\u65e5", "offset": 18, "length": 3}], "loc": [{"text": "\u5357\u6d77", "offset": 5, "length": 2}], "country": [{"text": "\u7f8e\u56fd", "offset": 33, "length": 2}], "weapon": [{"text": "\u201c\u6311\u6218\u8005650\u201d\u4fa6\u5bdf\u673a", "offset": 37, "length": 11}]}}, {"sentence": "\u636e\u7edf\u8ba1\uff0c\u672c\u6708\u5df2\u6709\u8fd110\u67b6\u6b21\u201c\u6311\u6218\u8005650\u201d\u4fa6\u5bdf\u673a\u51fa\u73b0\u5728\u5357\u6d77\u4e0a\u7a7a\u3002", "events": [{"trigger": {"text": "\u51fa\u73b0\u5728", "offset": 24, "length": 3}, "object": {"text": "", "offset": 0, "length": 0}, "subject": {"text": "", "offset": 0, "length": 0}}], "arguments": {"time": [{"text": "\u672c\u6708", "offset": 4, "length": 2}], "loc": [{"text": "\u5357\u6d77\u4e0a\u7a7a", "offset": 27, "length": 4}], "country": [], "weapon": [{"text": "\u201c\u6311\u6218\u8005650\u201d\u4fa6\u5bdf\u673a", "offset": 13, "length": 11}]}}, {"sentence": "\u201c\u6311\u6218\u8005650\u201d\u4fa6\u5bdf\u673a\u88c5\u6709\u8d85\u9ad8\u89e3\u6790\u5ea6\u63a2\u6d4b\u76d1\u89c6\u7cfb\u7edf\uff0c\u53ef\u7ed3\u5408\u5730\u9762\u96f7\u8fbe\u548c\u7535\u5b50\u60c5\u62a5\u63a5\u6536\u5668\uff0c\u5bf9\u9646\u5730\u4e0a\u7684\u79fb\u52a8\u76ee\u6807\u4ee5\u53ca\u6c34\u9762\u8230\u8247\u7b49\u8fdb\u884c\u4fa6\u5bdf\uff0c\u914d\u5408\u5730\u9762\u8fdc\u7a0b\u706b\u529b\u6253\u51fb\u3002", "events": [{"trigger": {"text": "\u4fa6\u5bdf", "offset": 59, "length": 2}, "object": {"text": "", "offset": 0, "length": 0}, "subject": {"text": "", "offset": 0, "length": 0}}, {"trigger": {"text": "\u6253\u51fb", "offset": 70, "length": 2}, "object": {"text": "", "offset": 0, "length": 0}, "subject": {"text": "", "offset": 0, "length": 0}}], "arguments": {"time": [], "loc": [], "country": [], "weapon": [{"text": "\u201c\u6311\u6218\u8005650\u201d\u4fa6\u5bdf\u673a", "offset": 0, "length": 11}]}}, {"sentence": "\u7f8e\u519b\u822a\u7a7a\u9879\u76ee\u884c\u653f\u529e\u516c\u5ba4\u66fe\u516c\u5e03\u8fc7\u8be5\u673a\u7167\u7247\uff0c\u5e76\u6ca1\u6709\u7f8e\u519b\u6d82\u88c5\uff0c\u5916\u89c2\u5c31\u662f\u4e00\u67b6\u5c0f\u578b\u201c\u5546\u52a1\u673a\u201d\uff0c\u9690\u853d\u6027\u6781\u5f3a\u3002", "events": [], "arguments": {"time": [], "loc": [], "country": [{"text": "\u7f8e", "offset": 0, "length": 1}, {"text": "\u7f8e", "offset": 23, "length": 1}], "weapon": []}}, {"sentence": "\u8fd1\u671f\uff0c\u7f8e\u519b\u5728\u4e2d\u56fd\u5468\u8fb9\u52a8\u4f5c\u4e0d\u65ad\uff0c\u51fa\u52a8\u7684\u4fa6\u5bdf\u88c5\u5907\u4e5f\u662f\u4e94\u82b1\u516b\u95e8\u3002", "events": [{"trigger": {"text": "\u4fa6\u5bdf", "offset": 18, "length": 2}, "object": {"text": "", "offset": 0, "length": 0}, "subject": {"text": "", "offset": 0, "length": 0}}], "arguments": {"time": [], "loc": [{"text": "\u4e2d\u56fd\u5468\u8fb9", "offset": 6, "length": 4}], "country": [{"text": "\u7f8e", "offset": 3, "length": 1}, {"text": "\u4e2d\u56fd", "offset": 6, "length": 2}], "weapon": []}}, {"sentence": "\u7f8e\u56fd\u6b64\u65f6\u9891\u9891\u201c\u9a9a\u6270\u201d\u4e2d\u56fd\u5468\u8fb9\uff0c\u80cc\u540e\u6709\u54ea\u4e9b\u56e0\u7d20\uff1f", "events": [], "arguments": {"time": [], "loc": [{"text": "\u4e2d\u56fd\u5468\u8fb9", "offset": 10, "length": 4}], "country": [{"text": "\u7f8e\u56fd", "offset": 0, "length": 2}, {"text": "\u4e2d\u56fd", "offset": 10, "length": 2}], "weapon": []}}, {"sentence": "\u4e09\u519b\u4fa6\u5bdf\u673a\u51fa\u52a8\uff0c\u5168\u9762\u6536\u96c6\u60c5\u62a5", "events": [{"trigger": {"text": "\u51fa\u52a8", "offset": 5, "length": 2}, "object": {"text": "", "offset": 0, "length": 0}, "subject": {"text": "", "offset": 0, "length": 0}}], "arguments": {"time": [], "loc": [], "country": [], "weapon": [{"text": "\u4fa6\u5bdf\u673a", "offset": 2, "length": 3}]}}, {"sentence": "\u82cf\u6653\u6656\u5206\u6790\u8ba4\u4e3a\uff0c\u7f8e\u65b9\u6d3e\u51fa\u4e09\u519b\u4fa6\u5bdf\u673a\u6536\u96c6\u4fe1\u606f\uff0c\u8bf4\u660e\u5176\u4e0d\u4ec5\u5e0c\u671b\u4e86\u89e3\u5357\u6d77\u3001\u4e1c\u6d77\u3001\u53f0\u6d77\u76f8\u5173\u6d77\u57df\u6c34\u4e0a\u3001\u6c34\u4e0b\u8230\u8247\u60c5\u51b5\uff0c\u8fd8\u8bd5\u56fe\u901a\u8fc7\u4fa6\u5bdf\uff0c\u8fdb\u4e00\u6b65\u4e86\u89e3\u9646\u4e0a\u7684\u60c5\u51b5\u3002", "events": [{"trigger": {"text": "\u4fa6\u5bdf", "offset": 58, "length": 2}, "object": {"text": "", "offset": 0, "length": 0}, "subject": {"text": "", "offset": 0, "length": 0}}], "arguments": {"time": [], "loc": [{"text": "\u5357\u6d77", "offset": 31, "length": 2}, {"text": "\u4e1c\u6d77", "offset": 34, "length": 2}, {"text": "\u53f0\u6d77", "offset": 37, "length": 2}], "country": [{"text": "\u7f8e\u65b9", "offset": 8, "length": 2}], "weapon": []}}, {"sentence": "\u8425\u9020\u7d27\u5f20\u6c1b\u56f4\uff0c\u5236\u9020\u6218\u4e89\u9634\u4e91", "events": [{"trigger": {"text": "\u5236\u9020", "offset": 7, "length": 2}, "object": {"text": "", "offset": 0, "length": 0}, "subject": {"text": "", "offset": 0, "length": 0}}], "arguments": {"time": [], "loc": [], "country": [], "weapon": []}}, {"sentence": "\u82cf\u6653\u6656\u8868\u793a\uff0c\u8fd1\u671f\u7f8e\u4e09\u519b\u4fa6\u5bdf\u673a\u5728\u4e2d\u56fd\u5468\u8fb9\u4e0d\u65ad\u51fa\u73b0\uff0c\u8fd9\u80cc\u540e\uff0c\u662f\u7531\u7f8e\u56fd\u5bf9\u534e\u654c\u89c6\u7684\u6001\u5ea6\u6240\u9a71\u4f7f\u3002", "events": [], "arguments": {"time": [], "loc": [{"text": "\u4e2d\u56fd\u5468\u8fb9", "offset": 15, "length": 4}], "country": [{"text": "\u4e2d\u56fd", "offset": 15, "length": 2}, {"text": "\u7f8e\u56fd", "offset": 30, "length": 2}], "weapon": [{"text": "\u4fa6\u5bdf\u673a", "offset": 11, "length": 3}]}}, {"sentence": "\u540c\u65f6\uff0c\u7f8e\u56fd\u4e5f\u5e0c\u671b\u8425\u9020\u67d0\u79cd\u7d27\u5f20\u6c1b\u56f4\uff0c\u751a\u81f3\u5236\u9020\u4e00\u4e9b\u6218\u4e89\u9634\u4e91\u3002", "events": [{"trigger": {"text": "\u5236\u9020", "offset": 19, "length": 2}, "object": {"text": "", "offset": 0, "length": 0}, "subject": {"text": "", "offset": 0, "length": 0}}], "arguments": {"time": [], "loc": [], "country": [{"text": "\u7f8e\u56fd", "offset": 3, "length": 2}], "weapon": []}}, {"sentence": "\u8fd9\u79cd\u65b9\u5f0f\u4e0d\u4f46\u4f1a\u5bf9\u5730\u533a\u7a33\u5b9a\u4ea7\u751f\u4e0d\u5229\u5f71\u54cd\uff0c\u540c\u65f6\u4e5f\u4f1a\u5bf9\u4e2d\u7f8e\u5173\u7cfb\u7684\u63a8\u8fdb\u5236\u9020\u66f4\u591a\u4e0d\u548c\u8c10\u56e0\u7d20\u3002", "events": [{"trigger": {"text": "\u5236\u9020", "offset": 31, "length": 2}, "object": {"text": "", "offset": 0, "length": 0}, "subject": {"text": "", "offset": 0, "length": 0}}], "arguments": {"time": [], "loc": [], "country": [{"text": "\u4e2d", "offset": 24, "length": 1}, {"text": "\u7f8e", "offset": 25, "length": 1}], "weapon": []}}, {"sentence": "\u6765\u6e90\uff1aCCTV-7\u300a\u6b63\u5348\u56fd\u9632\u519b\u4e8b\u300b", "events": [], "arguments": {"time": [], "loc": [], "country": [], "weapon": []}}]