[{"sentence": "\u89e3\u653e\u519b\u5728\u5357\u6d77\u8fdb\u884c\u519b\u4e8b\u8bad\u7ec3\u4e4b\u9645\u00a0\u7f8e\u519b\u4fa6\u5bdf\u673a\u903c\u8fd1\u6311\u8845", "events": [{"trigger": {"text": "\u903c\u8fd1\u6311\u8845", "offset": 20, "length": 4}, "object": {"text": "", "offset": 0, "length": 0}, "subject": {"text": "", "offset": 0, "length": 0}}], "arguments": {"time": [], "loc": [{"text": "\u5357\u6d77", "offset": 4, "length": 2}], "country": [{"text": "\u7f8e", "offset": 15, "length": 1}], "weapon": [{"text": "\u4fa6\u5bdf\u673a", "offset": 17, "length": 3}]}}, {"sentence": "\u3010\u73af\u7403\u7f51\u62a5\u9053 \u8bb0\u8005 \u5f90\u7490\u660e\u3011", "events": [], "arguments": {"time": [], "loc": [], "country": [], "weapon": []}}, {"sentence": "\u4e00\u67b6\u7f8e\u56fd\u7a7a\u519b\u4fa6\u5bdf\u673a\u88ab\u66dd\u4e8e8\u670826\u65e5\u4e0a\u5348\u8fdb\u5165\u5357\u6d77\uff0c\u6b64\u65f6\u6b63\u503c\u89e3\u653e\u519b\u5728\u6d77\u5357\u5c9b\u4e1c\u5357\u90e8\u6d77\u57df\u8fdb\u884c\u519b\u4e8b\u8bad\u7ec3\u6d3b\u52a8\u4e4b\u9645\u3002", "events": [{"trigger": {"text": "\u8fdb\u5165", "offset": 19, "length": 2}, "object": {"text": "", "offset": 0, "length": 0}, "subject": {"text": "", "offset": 0, "length": 0}}], "arguments": {"time": [{"text": "8\u670826\u65e5\u4e0a\u5348", "offset": 12, "length": 7}], "loc": [{"text": "\u5357\u6d77", "offset": 21, "length": 2}, {"text": "\u6d77\u5357\u5c9b\u4e1c\u5357\u90e8\u6d77\u57df", "offset": 32, "length": 8}], "country": [{"text": "\u7f8e\u56fd", "offset": 2, "length": 2}], "weapon": [{"text": "\u7a7a\u519b\u4fa6\u5bdf\u673a", "offset": 4, "length": 5}]}}, {"sentence": "\u636e\u201c\u5357\u6d77\u6218\u7565\u6001\u52bf\u611f\u77e5\u201d\u5e73\u53f08\u670826\u65e5\u53d1\u5e03\u7684\u6d88\u606f\u663e\u793a\uff0c\u4e00\u67b6\u96b6\u5c5e\u4e8e\u7f8e\u56fd\u7a7a\u519b\u7684RC-135S\u6218\u7565\u4fa6\u5bdf\u673a\u4e8e\u5f53\u5929\u4e0a\u53488\u70b9\u5de6\u53f3\u9014\u5f84\u5df4\u58eb\u6d77\u5ce1\u8fdb\u5165\u5357\u6d77\uff0c\u968f\u540e\u5728\u5357\u6d77\u4e0a\u7a7a\u671d\u897f\u5357\u65b9\u5411\u98de\u884c\u3002", "events": [{"trigger": {"text": "\u8fdb\u5165", "offset": 63, "length": 2}, "subject": {"text": "\u7f8e\u56fd\u7a7a\u519b\u7684RC-135S\u6218\u7565\u4fa6\u5bdf\u673a", "offset": 31, "length": 17}, "object": {"text": "\u5357\u6d77", "offset": 71, "length": 2}}, {"trigger": {"text": "\u98de\u884c", "offset": 80, "length": 2}, "object": {"text": "", "offset": 0, "length": 0}, "subject": {"text": "", "offset": 0, "length": 0}}], "arguments": {"time": [{"text": "8\u670826\u65e5", "offset": 13, "length": 5}, {"text": "\u5929\u4e0a\u53488\u70b9\u5de6\u53f3", "offset": 0, "length": 7}], "loc": [{"text": "\u5357\u6d77", "offset": 2, "length": 2}, {"text": "\u5df4\u58eb\u6d77\u5ce1", "offset": 59, "length": 4}, {"text": "\u5357\u6d77", "offset": 65, "length": 2}, {"text": "\u5357\u6d77\u4e0a\u7a7a", "offset": 71, "length": 4}], "country": [{"text": "\u7f8e\u56fd", "offset": 31, "length": 2}], "weapon": [{"text": "RC-135S\u6218\u7565\u4fa6\u5bdf\u673a", "offset": 36, "length": 12}]}}, {"sentence": "\u503c\u5f97\u6ce8\u610f\u7684\u662f\uff0c\u7f8e\u519b\u4fa6\u5bdf\u673a\u6b64\u6b21\u98de\u884c\uff0c\u6b63\u503c\u89e3\u653e\u519b\u5728\u5357\u6d77\u8fdb\u884c\u519b\u4e8b\u8bad\u7ec3\u6d3b\u52a8\u4e4b\u9645\u3002", "events": [{"trigger": {"text": "\u98de\u884c", "offset": 14, "length": 2}, "object": {"text": "", "offset": 0, "length": 0}, "subject": {"text": "", "offset": 0, "length": 0}}], "arguments": {"time": [], "loc": [{"text": "\u5357\u6d77", "offset": 23, "length": 2}], "country": [{"text": "\u7f8e", "offset": 7, "length": 1}], "weapon": []}}, {"sentence": "\u6d77\u5357\u6d77\u4e8b\u5c40\u66fe\u57288\u670821\u65e5\u53d1\u5e03\u822a\u884c\u8b66\u544a\uff0c8\u670824\u65e5\u81f329\u65e5\u6d77\u5357\u5c9b\u4e1c\u5357\u90e8\u6d77\u57df\u8fdb\u884c\u519b\u4e8b\u8bad\u7ec3\u6d3b\u52a8\u3002", "events": [{"trigger": {"text": "\u822a\u884c", "offset": 14, "length": 2}, "object": {"text": "", "offset": 0, "length": 0}, "subject": {"text": "", "offset": 0, "length": 0}}], "arguments": {"time": [{"text": "8\u670821\u65e5", "offset": 7, "length": 5}], "loc": [], "country": [], "weapon": []}}, {"sentence": "\u4e2d\u56fd\u56fd\u9632\u90e8\u8fd8\u57288\u670825\u65e5\u53d1\u5e03\u6d88\u606f\u79f0\uff0c\u5f53\u5929\u7f8eU-2\u9ad8\u7a7a\u4fa6\u5bdf\u673a\u64c5\u81ea\u95ef\u5165\u4e2d\u56fd\u4eba\u6c11\u89e3\u653e\u519b\u5317\u90e8\u6218\u533a\u5b9e\u5f39\u6f14\u4e60\u7981\u98de\u533a\u6d3b\u52a8\uff0c\u4e25\u91cd\u5e72\u6270\u4e2d\u65b9\u6b63\u5e38\u6f14\u8bad\u6d3b\u52a8\uff0c\u4e25\u91cd\u8fdd\u53cd\u4e2d\u7f8e\u6d77\u7a7a\u5b89\u5168\u884c\u4e3a\u51c6\u5219\u53ca\u76f8\u5173\u56fd\u9645\u60ef\u4f8b\uff0c\u6781\u6613\u5f15\u53d1\u8bef\u89e3\u8bef\u5224\u751a\u81f3\u9020\u6210\u6d77\u7a7a\u610f\u5916\u4e8b\u4ef6\uff0c\u662f\u8d64\u88f8\u88f8\u7684\u6311\u8845\u884c\u52a8\uff0c\u4e2d\u65b9\u5bf9\u6b64\u575a\u51b3\u53cd\u5bf9\uff0c\u5e76\u5df2\u5411\u7f8e\u65b9\u63d0\u51fa\u4e25\u6b63\u4ea4\u6d89\u3002", "events": [{"trigger": {"text": "\u64c5\u81ea\u95ef\u5165", "offset": 29, "length": 4}, "object": {"text": "", "offset": 0, "length": 0}, "subject": {"text": "", "offset": 0, "length": 0}}, {"trigger": {"text": "\u6311\u8845", "offset": 113, "length": 2}, "object": {"text": "", "offset": 0, "length": 0}, "subject": {"text": "", "offset": 0, "length": 0}}], "arguments": {"time": [{"text": "8\u670825\u65e5", "offset": 7, "length": 5}], "loc": [{"text": "\u4eba\u6c11\u89e3\u653e\u519b\u5317\u90e8\u6218\u533a", "offset": 0, "length": 9}], "country": [{"text": "\u4e2d\u56fd", "offset": 33, "length": 2}, {"text": "\u4e2d\u56fd", "offset": 0, "length": 2}, {"text": "\u4e2d\u65b9", "offset": 58, "length": 2}, {"text": "\u4e2d\u65b9", "offset": 118, "length": 2}, {"text": "\u7f8e\u65b9", "offset": 130, "length": 2}], "weapon": [{"text": "U-2\u9ad8\u7a7a\u4fa6\u5bdf\u673a", "offset": 21, "length": 8}]}}, {"sentence": "\u4e2d\u65b9\u8981\u6c42\u7f8e\u65b9\u7acb\u5373\u505c\u6b62\u6b64\u7c7b\u6311\u8845\u884c\u52a8\uff0c\u4ee5\u5b9e\u9645\u884c\u52a8\u7ef4\u62a4\u672c\u5730\u533a\u548c\u5e73\u7a33\u5b9a\u3002", "events": [{"trigger": {"text": "\u6311\u8845", "offset": 12, "length": 2}, "object": {"text": "", "offset": 0, "length": 0}, "subject": {"text": "", "offset": 0, "length": 0}}], "arguments": {"time": [], "loc": [], "country": [{"text": "\u4e2d\u65b9", "offset": 0, "length": 2}, {"text": "\u7f8e\u65b9", "offset": 4, "length": 2}], "weapon": []}}, {"sentence": "\u4e00\u4f4d\u533f\u540d\u4e13\u4e1a\u4eba\u58eb25\u65e5\u5bf9\u300a\u73af\u7403\u65f6\u62a5\u300b\u8868\u793a\uff0c\u7f8e\u7a7a\u519b\u4fa6\u5bdf\u673a\u65e0\u89c6\u4e2d\u56fd\u519b\u65b9\u5212\u5b9a\u548c\u5ba3\u5e03\u7684\u7981\u98de\u533a\u7684\u5b58\u5728\uff0c\u6063\u610f\u5984\u884c\uff0c\u5145\u5206\u66b4\u9732\u4e86\u7f8e\u519b\u65b9\u84c4\u610f\u6311\u8845\u4e2d\u56fd\u7684\u9669\u6076\u7528\u5fc3\u3002", "events": [{"trigger": {"text": "\u6311\u8845", "offset": 61, "length": 2}, "object": {"text": "", "offset": 0, "length": 0}, "subject": {"text": "", "offset": 0, "length": 0}}], "arguments": {"time": [{"text": "25\u65e5", "offset": 8, "length": 3}], "loc": [], "country": [{"text": "\u4e2d\u56fd", "offset": 29, "length": 2}, {"text": "\u4e2d\u56fd", "offset": 63, "length": 2}], "weapon": [{"text": "\u7a7a\u519b\u4fa6\u5bdf\u673a", "offset": 22, "length": 5}]}}, {"sentence": "\u636e\u8be5\u4eba\u58eb\u4ecb\u7ecd\uff0c\u5305\u62ec\u7f8e\u519b\u65b9\u5728\u5185\u7684\u4e16\u754c\u5404\u56fd\u519b\u65b9\u5728\u7ec4\u7ec7\u519b\u4e8b\u6f14\u4e60\u65f6\u90fd\u8981\u5212\u5b9a\u548c\u5ba3\u5e03\u7981\u98de\u533a\uff0c\u8fd9\u662f\u4e3a\u4e86\u907f\u514d\u5371\u9669\u4e8b\u4ef6\u7684\u53d1\u751f\uff0c\u662f\u5404\u56fd\u519b\u65b9\u7684\u901a\u884c\u505a\u6cd5\uff0c\u5408\u7406\u5408\u89c4\u3002", "events": [{"trigger": {"text": "\u519b\u4e8b\u6f14\u4e60", "offset": 24, "length": 4}, "object": {"text": "", "offset": 0, "length": 0}, "subject": {"text": "", "offset": 0, "length": 0}}], "arguments": {"time": [], "loc": [], "country": [{"text": "\u7f8e", "offset": 9, "length": 1}], "weapon": []}}, {"sentence": "\u7b2c\u4e09\u65b9\u7684\u5404\u7c7b\u98de\u884c\u5668\u90fd\u8981\u8c28\u614e\u98de\u884c\uff0c\u9632\u6b62\u8bef\u5165\u7981\u98de\u533a\u800c\u5f15\u53d1\u8bef\u5224\u3001\u8bef\u51fb\u7b49\u7a81\u53d1\u610f\u5916\u4e8b\u4ef6\uff0c\u5bfc\u81f4\u7a7a\u4e2d\u60b2\u5267\u53d1\u751f\u3002", "events": [{"trigger": {"text": "\u98de\u884c", "offset": 6, "length": 2}, "object": {"text": "", "offset": 0, "length": 0}, "subject": {"text": "", "offset": 0, "length": 0}}, {"trigger": {"text": "\u98de\u884c", "offset": 13, "length": 2}, "object": {"text": "", "offset": 0, "length": 0}, "subject": {"text": "", "offset": 0, "length": 0}}, {"trigger": {"text": "\u8bef\u51fb", "offset": 29, "length": 2}, "object": {"text": "", "offset": 0, "length": 0}, "subject": {"text": "", "offset": 0, "length": 0}}], "arguments": {"time": [], "loc": [], "country": [], "weapon": []}}, {"sentence": "\u5bf9\u4e8e\u7f8e\u519b\u8230\u673a\u7684\u62b5\u8fd1\u4fa6\u5bdf\u884c\u4e3a\uff0c\u5927\u9646\u56fd\u9632\u90e8\u65b0\u95fb\u53d1\u8a00\u4eba\u5434\u8c26\u5927\u6821\u66fe\u8868\u793a\uff0c\u5f53\u524d\uff0c\u5728\u5730\u533a\u56fd\u5bb6\u7684\u5171\u540c\u52aa\u529b\u4e0b\uff0c\u4e1c\u6d77\u3001\u5357\u6d77\u7684\u5c40\u52bf\u603b\u4f53\u662f\u7a33\u5b9a\u7684\u3002", "events": [{"trigger": {"text": "\u62b5\u8fd1\u4fa6\u5bdf", "offset": 7, "length": 4}, "object": {"text": "", "offset": 0, "length": 0}, "subject": {"text": "", "offset": 0, "length": 0}}], "arguments": {"time": [], "loc": [{"text": "\u4e1c\u6d77", "offset": 47, "length": 2}, {"text": "\u5357\u6d77", "offset": 50, "length": 2}], "country": [{"text": "\u7f8e", "offset": 2, "length": 1}], "weapon": [{"text": "\u8230\u673a", "offset": 4, "length": 2}]}}, {"sentence": "\u8fd9\u5145\u5206\u8bf4\u660e\u57df\u5185\u56fd\u5bb6\u6709\u667a\u6167\u3001\u6709\u80fd\u529b\u3001\u6709\u529e\u6cd5\u901a\u8fc7\u76f4\u63a5\u8c08\u5224\u534f\u5546\uff0c\u59a5\u5904\u5206\u6b67\uff0c\u5171\u62a4\u548c\u5e73\u3002", "events": [], "arguments": {"time": [], "loc": [], "country": [], "weapon": []}}, {"sentence": "\u53cd\u89c2\u4f5c\u4e3a\u57df\u5916\u56fd\u5bb6\u7684\u7f8e\u56fd\uff0c\u6253\u7740\u6240\u8c13\u201c\u822a\u884c\u81ea\u7531\u201d\u7684\u5e4c\u5b50\uff0c\u6d3e\u519b\u7528\u8230\u673a\u6765\u4e1c\u6d77\u3001\u5357\u6d77\u6311\u8845\uff0c\u5bf9\u4e2d\u65b9\u5b9e\u65bd\u9ad8\u9891\u5ea6\u62b5\u8fd1\u4fa6\u5bdf\uff0c\u4e3e\u884c\u9488\u5bf9\u6027\u6781\u5f3a\u7684\u519b\u4e8b\u6f14\u4e60\uff0c\u4e25\u91cd\u5371\u5bb3\u5730\u533a\u56fd\u5bb6\u7684\u4e3b\u6743\u4e0e\u5b89\u5168\u5229\u76ca\uff0c\u4e25\u91cd\u7834\u574f\u672c\u5730\u533a\u7684\u548c\u5e73\u7a33\u5b9a\u3002", "events": [{"trigger": {"text": "\u62b5\u8fd1\u4fa6\u5bdf", "offset": 48, "length": 4}, "object": {"text": "", "offset": 0, "length": 0}, "subject": {"text": "", "offset": 0, "length": 0}}, {"trigger": {"text": "\u519b\u4e8b\u6f14\u4e60", "offset": 61, "length": 4}, "object": {"text": "", "offset": 0, "length": 0}, "subject": {"text": "", "offset": 0, "length": 0}}], "arguments": {"time": [], "loc": [{"text": "\u4e1c\u6d77", "offset": 32, "length": 2}, {"text": "\u5357\u6d77", "offset": 35, "length": 2}], "country": [{"text": "\u7f8e\u56fd", "offset": 9, "length": 2}, {"text": "\u4e2d\u65b9", "offset": 41, "length": 2}], "weapon": []}}]