[{"sentence": "\u4fc4S-500\u9632\u7a7a\u7cfb\u7edf\u5df2\u542f\u52a8\u56fd\u5bb6\u6d4b\u8bd5\u00a0\u9884\u8ba12025\u5e74\u6279\u91cf\u4ea4\u4ed8", "events": [{"trigger": {"text": "\u6d4b\u8bd5", "offset": 15, "length": 2}, "object": {"text": "", "offset": 0, "length": 0}, "subject": {"text": "", "offset": 0, "length": 0}}, {"trigger": {"text": "\u4ea4\u4ed8", "offset": 27, "length": 2}, "object": {"text": "", "offset": 0, "length": 0}, "subject": {"text": "", "offset": 0, "length": 0}}], "arguments": {"time": [{"text": "2025\u5e74", "offset": 20, "length": 5}], "loc": [], "country": [{"text": "\u4fc4", "offset": 0, "length": 1}], "weapon": [{"text": "S-500\u9632\u7a7a\u7cfb\u7edf", "offset": 1, "length": 9}]}}, {"sentence": "\u3010\u73af\u7403\u7f51\u62a5\u9053 \u8bb0\u8005 \u9a6c\u5ca9\u3011", "events": [], "arguments": {"time": [], "loc": [], "country": [], "weapon": []}}, {"sentence": "\u636e\u4fc4\u7f57\u65af\u5854\u65af\u793e8\u670824\u65e5\u62a5\u9053\uff0c\u4fc4\u7f57\u65af\u526f\u603b\u7406\u5c24\u91cc\u2022\u9c8d\u91cc\u7d22\u592b\u5f53\u5929\u5728\u201c\u519b\u961f-2020\u201d\u8bba\u575b\u4e0a\u8bf4\uff0c\u4fc4\u7f57\u65af\u6700\u65b0\u7684S-500\u9632\u7a7a\u5bfc\u5f39\u7cfb\u7edf\u5df2\u7ecf\u8fdb\u5165\u4e86\u56fd\u5bb6\u6d4b\u8bd5\u9636\u6bb5\u3002", "events": [{"trigger": {"text": "\u6d4b\u8bd5", "offset": 69, "length": 2}, "subject": {"text": "\u4fc4\u7f57\u65af\u6700\u65b0\u7684S-500\u9632\u7a7a\u5bfc\u5f39\u7cfb\u7edf", "offset": 45, "length": 17}, "object": {"text": "", "offset": 0, "length": 0}}], "arguments": {"time": [{"text": "8\u670824\u65e5", "offset": 7, "length": 5}], "loc": [], "country": [{"text": "\u4fc4\u7f57\u65af", "offset": 45, "length": 3}, {"text": "\u4fc4\u7f57\u65af", "offset": 1, "length": 3}, {"text": "\u4fc4\u7f57\u65af", "offset": 15, "length": 3}], "weapon": [{"text": "S-500\u9632\u7a7a\u5bfc\u5f39\u7cfb\u7edf", "offset": 51, "length": 11}]}}, {"sentence": "\u201cS-500\u7684\u56fd\u5bb6\u6d4b\u8bd5\u5df2\u7ecf\u5f00\u59cb\uff0c\u4e8b\u5b9e\u4e0a\u4f4e\u914d\u7f6e\u7684S-500\u5df2\u7ecf\u53ef\u4ee5\u4f7f\u7528\uff0c\u76ee\u524d\u6b63\u5728\u8d2d\u4e70\u96f6\u90e8\u4ef6\uff0c\u51c6\u5907\u6279\u91cf\u751f\u4ea7\u8fd9\u79cd\u9632\u7a7a\u7cfb\u7edf\u3002", "events": [{"trigger": {"text": "\u6279\u91cf\u751f\u4ea7", "offset": 47, "length": 4}, "object": {"text": "", "offset": 0, "length": 0}, "subject": {"text": "", "offset": 0, "length": 0}}], "arguments": {"time": [], "loc": [], "country": [], "weapon": [{"text": "S-500", "offset": 23, "length": 5}]}}, {"sentence": "\u201d\u4ed6\u8bf4\u3002", "events": [], "arguments": {"time": [], "loc": [], "country": [], "weapon": []}}, {"sentence": "\u4fc4\u7f57\u65af\u526f\u56fd\u9632\u90e8\u957f\u963f\u5217\u514b\u8c22\u2022\u514b\u91cc\u6c83\u9c81\u5947\u79d1\u53bb\u5e7412\u6708\u66fe\u8bf4\uff0cS-500\u7684\u521d\u6b65\u6d4b\u8bd5\u5c06\u57282020\u5e74\u542f\u52a8\uff0c\u9884\u8ba1\u5c06\u4e8e2025\u5e74\u6279\u91cf\u4ea4\u4ed8\u7ed9\u4fc4\u519b\u3002", "events": [{"trigger": {"text": "\u4ea4\u4ed8", "offset": 58, "length": 2}, "object": {"text": "", "offset": 0, "length": 0}, "subject": {"text": "", "offset": 0, "length": 0}}], "arguments": {"time": [{"text": "\u53bb\u5e7412\u6708", "offset": 19, "length": 5}, {"text": "2020\u5e74", "offset": 39, "length": 5}, {"text": "2025\u5e74", "offset": 51, "length": 5}], "loc": [], "country": [{"text": "\u4fc4\u7f57\u65af", "offset": 0, "length": 3}], "weapon": [{"text": "S-500", "offset": 27, "length": 5}]}}, {"sentence": "\u4ece2017\u5e74\u5f00\u59cb\uff0c\u4fc4\u7f57\u65af\u5c31\u5728\u8bad\u7ec3\u6280\u672f\u4e13\u5bb6\uff0c\u4ee5\u5728\u672a\u6765\u64cd\u4f5c\u4f7f\u7528\u8fd9\u79cd\u9632\u7a7a\u7cfb\u7edf\u3002", "events": [{"trigger": {"text": "\u8bad\u7ec3", "offset": 14, "length": 2}, "object": {"text": "", "offset": 0, "length": 0}, "subject": {"text": "", "offset": 0, "length": 0}}], "arguments": {"time": [{"text": "2017\u5e74", "offset": 1, "length": 5}], "loc": [], "country": [{"text": "\u4fc4\u7f57\u65af", "offset": 9, "length": 3}], "weapon": [{"text": "\u9632\u7a7a\u7cfb\u7edf", "offset": 31, "length": 4}]}}, {"sentence": "\u4fc4\u7f57\u65af\u8ba1\u5212\u5c06S-500\u9632\u7a7a\u5bfc\u5f39\u670d\u5f7925\u5e74\uff0c\u5b83\u53ef\u4ee5\u6253\u51fb\u6700\u8fdc481.2\u516c\u91cc\u5916\u7684\u76ee\u6807\uff0c\u8d85\u8fc7\u76ee\u524d\u5c04\u7a0b\u6700\u8fdc\u7684\u9632\u7a7a\u7cfb\u7edf80\u516c\u91cc\u3002", "events": [{"trigger": {"text": "\u6253\u51fb", "offset": 24, "length": 2}, "object": {"text": "", "offset": 0, "length": 0}, "subject": {"text": "", "offset": 0, "length": 0}}], "arguments": {"time": [], "loc": [], "country": [{"text": "\u4fc4\u7f57\u65af", "offset": 0, "length": 3}], "weapon": [{"text": "S-500\u9632\u7a7a\u5bfc\u5f39", "offset": 6, "length": 9}]}}]