[{"sentence": "\u5370\u5ea6\u9a7b\u4fc4\u5927\u4f7f\uff1a\u65b0\u51a0\u75ab\u60c5\u4e0d\u4f1a\u5f71\u54cd\u5370\u5ea6S400\u9632\u7a7a\u7cfb\u7edf\u4ea4\u4ed8\u8fdb\u5ea6", "events": [{"trigger": {"text": "\u4ea4\u4ed8", "offset": 25, "length": 2}, "object": {"text": "", "offset": 0, "length": 0}, "subject": {"text": "", "offset": 0, "length": 0}}], "arguments": {"time": [], "loc": [], "country": [{"text": "\u5370\u5ea6", "offset": 0, "length": 2}, {"text": "\u5370\u5ea6", "offset": 15, "length": 2}], "weapon": [{"text": "S400\u9632\u7a7a\u7cfb\u7edf", "offset": 17, "length": 8}]}}, {"sentence": "\u3010\u73af\u7403\u7f51\u519b\u4e8b\u62a5\u9053\u3011", "events": [], "arguments": {"time": [], "loc": [], "country": [], "weapon": []}}, {"sentence": "\u4fc4\u7f57\u65af\u536b\u661f\u901a\u8baf\u793e8\u670824\u65e5\u62a5\u9053\uff0c\u5370\u5ea6\u9a7b\u4fc4\u7f57\u65af\u5927\u4f7f\u6587\u5361\u5854\u65af\u00b7\u74e6\u5c14\u739b\u5411\u536b\u661f\u901a\u8baf\u793e\u8868\u793a\uff0c\u65b0\u51a0\u80ba\u708e\u75ab\u60c5\u4e0d\u4f1a\u5bf9S-400\u9632\u7a7a\u5bfc\u5f39\u7cfb\u7edf\u7684\u4ea4\u4ed8\u8fdb\u5ea6\u4ea7\u751f\u5f71\u54cd\u3002", "events": [{"trigger": {"text": "\u4ea4\u4ed8", "offset": 62, "length": 2}, "object": {"text": "", "offset": 0, "length": 0}, "subject": {"text": "", "offset": 0, "length": 0}}], "arguments": {"time": [{"text": "8\u670824\u65e5", "offset": 8, "length": 5}], "loc": [], "country": [{"text": "\u4fc4\u7f57\u65af", "offset": 0, "length": 3}, {"text": "\u5370\u5ea6", "offset": 16, "length": 2}, {"text": "\u4fc4\u7f57\u65af", "offset": 19, "length": 3}], "weapon": [{"text": "S-400\u9632\u7a7a\u5bfc\u5f39\u7cfb\u7edf", "offset": 50, "length": 11}]}}, {"sentence": "\u5370\u5ea6\u9a7b\u4fc4\u7f57\u65af\u5927\u4f7f\u6587\u5361\u5854\u65af\u00b7\u74e6\u5c14\u739b\u5728\u5e93\u5bbe\u5361\u4e3e\u529e\u7684\u201c\u519b\u961f-2020\u201c\u8bba\u575b\u4e0a\u5411\u901a\u8baf\u793e\u8868\u793a\uff1a \u201cS-400\u7cfb\u7edf\u5c06\u6309\u65f6\u4ea4\u4ed8\u3002", "events": [{"trigger": {"text": "\u4ea4\u4ed8", "offset": 54, "length": 2}, "object": {"text": "", "offset": 0, "length": 0}, "subject": {"text": "", "offset": 0, "length": 0}}], "arguments": {"time": [], "loc": [], "country": [{"text": "\u4fc4\u7f57\u65af", "offset": 3, "length": 3}, {"text": "\u5370\u5ea6", "offset": 0, "length": 2}], "weapon": [{"text": "\u201cS-400\u7cfb\u7edf", "offset": 43, "length": 8}]}}, {"sentence": " \u65b0\u51a0\u75ab\u60c5\u4e0d\u4f1a\u5bf9S-400\u7cfb\u7edf\u7684\u4ea4\u4ed8\u8fdb\u5ea6\u4ea7\u751f\u5f71\u54cd\u3002", "events": [{"trigger": {"text": "\u4ea4\u4ed8", "offset": 16, "length": 2}, "object": {"text": "", "offset": 0, "length": 0}, "subject": {"text": "", "offset": 0, "length": 0}}], "arguments": {"time": [], "loc": [], "country": [], "weapon": [{"text": "S-400\u7cfb\u7edf", "offset": 8, "length": 7}]}}, {"sentence": "\u201d", "events": [], "arguments": {"time": [], "loc": [], "country": [], "weapon": []}}, {"sentence": "2018\u5e7410\u6708\uff0c\u83ab\u65af\u79d1\u4e0e\u65b0\u5fb7\u91cc\u7b7e\u7f72\u4e86\u4f9b\u5e94\u4ef7\u503c50\u591a\u4ebf\u7f8e\u5143\u76845\u4e2a\u56e2S-400\u5bfc\u5f39\u7684\u5408\u540c\u3002", "events": [], "arguments": {"time": [{"text": "2018\u5e7410\u6708", "offset": 0, "length": 8}], "loc": [{"text": "\u83ab\u65af\u79d1", "offset": 9, "length": 3}, {"text": "\u65b0\u5fb7\u91cc", "offset": 13, "length": 3}], "country": [], "weapon": [{"text": "S-400\u5bfc\u5f39", "offset": 33, "length": 7}]}}, {"sentence": " \u8fd9\u88ab\u79f0\u4f5c\u4fc4\u56fd\u9632\u51fa\u53e3\u516c\u53f8\u53f2\u4e0a\u6700\u5927\u7684\u4ea4\u6613\u3002", "events": [{"trigger": {"text": "\u51fa\u53e3", "offset": 8, "length": 2}, "object": {"text": "", "offset": 0, "length": 0}, "subject": {"text": "", "offset": 0, "length": 0}}, {"trigger": {"text": "\u4ea4\u6613", "offset": 17, "length": 2}, "object": {"text": "", "offset": 0, "length": 0}, "subject": {"text": "", "offset": 0, "length": 0}}], "arguments": {"time": [], "loc": [], "country": [{"text": "\u4fc4", "offset": 5, "length": 1}], "weapon": []}}, {"sentence": "\u201c\u5546\u4e1a\u5185\u5e55\u201d\u7f51\u7ad9\u57286\u670822\u65e5\u66fe\u62a5\u9053\uff0c\u5370\u5ea6\u8fd1\u65e5\u50ac\u4fc3\u4fc4\u7f57\u65af\u52a0\u5feb\u4ea4\u4ed8S400\u9632\u7a7a\u5bfc\u5f39\u7cfb\u7edf\u3002", "events": [{"trigger": {"text": "\u4ea4\u4ed8", "offset": 29, "length": 2}, "subject": {"text": "\u4fc4\u7f57\u65af", "offset": 24, "length": 3}, "object": {"text": "S400\u9632\u7a7a\u5bfc\u5f39\u7cfb\u7edf", "offset": 31, "length": 10}}], "arguments": {"time": [{"text": "6\u670822\u65e5", "offset": 9, "length": 5}], "loc": [], "country": [{"text": "\u5370\u5ea6", "offset": 18, "length": 2}, {"text": "\u4fc4\u7f57\u65af", "offset": 24, "length": 3}], "weapon": [{"text": "S400\u9632\u7a7a\u5bfc\u5f39\u7cfb\u7edf", "offset": 31, "length": 10}]}}, {"sentence": "\u5f53\u65f6\u5370\u5ea6\u56fd\u9632\u90e8\u957f\u62c9\u6770\u7eb3\u7279\u00b7\u8f9b\u683c\uff08Rajnath Singh\uff09\u5373\u5c06\u8bbf\u95ee\u4fc4\u7f57\u65af\uff0c\u62a5\u9053\u79f0\u5176\u4e2d\u4e00\u9879\u91cd\u8981\u5185\u5bb9\u5c31\u662f\u50ac\u4fc3\u4fc4\u7f57\u65af\u52a0\u901f\u4ea4\u4ed8\u4ef7\u503c52\u4ebf\u7f8e\u5143\u7684S400\u9632\u7a7a\u7cfb\u7edf\u3002", "events": [{"trigger": {"text": "\u4ea4\u4ed8", "offset": 58, "length": 2}, "object": {"text": "", "offset": 0, "length": 0}, "subject": {"text": "", "offset": 0, "length": 0}}], "arguments": {"time": [], "loc": [], "country": [{"text": "\u5370\u5ea6", "offset": 2, "length": 2}, {"text": "\u4fc4\u7f57\u65af", "offset": 34, "length": 3}, {"text": "\u4fc4\u7f57\u65af", "offset": 53, "length": 3}], "weapon": [{"text": "S400\u9632\u7a7a\u7cfb\u7edf", "offset": 68, "length": 8}]}}, {"sentence": "\u201c\u5546\u4e1a\u5185\u5e55\u201d\u79f0\uff0c\u5370\u5ea6\u6025\u4e8e\u83b7\u5f97S400\u7684\u539f\u56e0\u662f\u4e2d\u56fd\u5df2\u7ecf\u62e5\u6709\u4e86\u8be5\u7cfb\u7edf\u3002", "events": [], "arguments": {"time": [], "loc": [], "country": [{"text": "\u5370\u5ea6", "offset": 8, "length": 2}, {"text": "\u4e2d\u56fd", "offset": 22, "length": 2}], "weapon": [{"text": "S400", "offset": 14, "length": 4}]}}, {"sentence": "2014\u5e74\uff0c\u4e2d\u56fd\u4e0e\u4fc4\u7f57\u65af\u8fbe\u6210\u4e86\u4ea4\u6613\u5408\u540c\uff0c\u6210\u4e3a\u4e86\u7b2c\u4e00\u4e2aS400\u9632\u7a7a\u7cfb\u7edf\u7684\u8fdb\u53e3\u56fd\u3002", "events": [{"trigger": {"text": "\u8fdb\u53e3", "offset": 35, "length": 2}, "object": {"text": "", "offset": 0, "length": 0}, "subject": {"text": "", "offset": 0, "length": 0}}], "arguments": {"time": [{"text": "2014\u5e74", "offset": 0, "length": 5}], "loc": [], "country": [{"text": "\u4e2d\u56fd", "offset": 6, "length": 2}, {"text": "\u4fc4\u7f57\u65af", "offset": 9, "length": 3}], "weapon": [{"text": "S400\u9632\u7a7a\u7cfb\u7edf", "offset": 26, "length": 8}]}}, {"sentence": "2018\u5e748\u6708\uff0c\u4e2d\u56fd\u5df2\u5b8c\u6210\u4e86S400\u7cfb\u7edf\u7684\u90e8\u7f72\uff0c\u5e76\u8fdb\u884c\u4e86\u8bd5\u5c04\u3002", "events": [{"trigger": {"text": "\u8bd5\u5c04", "offset": 28, "length": 2}, "object": {"text": "", "offset": 0, "length": 0}, "subject": {"text": "", "offset": 0, "length": 0}}], "arguments": {"time": [{"text": "2018\u5e748\u6708", "offset": 0, "length": 7}], "loc": [], "country": [{"text": "\u4e2d\u56fd", "offset": 8, "length": 2}], "weapon": [{"text": "S400\u7cfb\u7edf", "offset": 14, "length": 6}]}}, {"sentence": "\u5370\u5ea6\u4e0e\u4fc4\u7f57\u65af\u57282019\u5e74\u8fbe\u6210\u4e86S400\u7684\u8d2d\u4e70\u5408\u540c\uff0c\u539f\u8ba1\u52122021\u5e74\u5e95\u5b8c\u6210\u4ea4\u4ed8\uff0c\u4f46\u6709\u6d88\u606f\u4eba\u58eb\u79f0\uff0c\u7531\u4e8e\u53d7\u65b0\u51a0\u80ba\u708e\u75ab\u60c5\u7684\u5f71\u54cd\uff0c\u4ea4\u4ed8\u53ef\u80fd\u88ab\u63a8\u8fdf\u81f32025\u5e74\u3002", "events": [{"trigger": {"text": "\u8d2d\u4e70", "offset": 20, "length": 2}, "object": {"text": "", "offset": 0, "length": 0}, "subject": {"text": "", "offset": 0, "length": 0}}, {"trigger": {"text": "\u4ea4\u4ed8", "offset": 36, "length": 2}, "object": {"text": "", "offset": 0, "length": 0}, "subject": {"text": "", "offset": 0, "length": 0}}, {"trigger": {"text": "\u4ea4\u4ed8", "offset": 60, "length": 2}, "object": {"text": "", "offset": 0, "length": 0}, "subject": {"text": "", "offset": 0, "length": 0}}], "arguments": {"time": [{"text": "2019\u5e74", "offset": 7, "length": 5}, {"text": "2021\u5e74\u5e95", "offset": 28, "length": 6}, {"text": "2025\u5e74", "offset": 68, "length": 5}], "loc": [], "country": [{"text": "\u5370\u5ea6", "offset": 0, "length": 2}, {"text": "\u4fc4\u7f57\u65af", "offset": 3, "length": 3}], "weapon": []}}]