[{"sentence": "\u536b\u661f\u56fe\u66dd\u5149\u4fc4\u519b\u52a0\u957f\u5317\u6781\u57fa\u5730\u8dd1\u9053\u00a0\u53ef\u8d77\u964d\u90e8\u7f72\u6218\u7565\u8f70\u70b8\u673a", "events": [{"trigger": {"text": "\u90e8\u7f72", "offset": 19, "length": 2}, "object": {"text": "", "offset": 0, "length": 0}, "subject": {"text": "", "offset": 0, "length": 0}}], "arguments": {"time": [], "loc": [{"text": "\u5317\u6781\u57fa\u5730", "offset": 9, "length": 4}], "country": [{"text": "\u4fc4", "offset": 5, "length": 1}], "weapon": [{"text": "\u6218\u7565\u8f70\u70b8\u673a", "offset": 21, "length": 5}]}}, {"sentence": "\u3010\u73af\u7403\u7f51\u62a5\u9053 \u8bb0\u8005 \u5f90\u7490\u660e\u3011", "events": [], "arguments": {"time": [], "loc": [], "country": [], "weapon": []}}, {"sentence": "\u636eThe Drive\u7f51\u7ad9\u201c\u6218\u533a\u201d\u4e13\u680f8\u670822\u65e5\u62a5\u9053\uff0c\u6700\u65b0\u7684\u536b\u661f\u56fe\u50cf\u663e\u793a\uff0c\u4fc4\u7f57\u65af\u519b\u65b9\u6b63\u5728\u5bf9\u7eb3\u683c\u5c14\u65af\u79d1\u8036\u57fa\u5730\u7684\u673a\u573a\u8dd1\u9053\u8fdb\u884c\u52a0\u957f\u3002", "events": [], "arguments": {"time": [{"text": "8\u670822\u65e5", "offset": 18, "length": 5}], "loc": [{"text": "\u7eb3\u683c\u5c14\u65af\u79d1\u8036\u57fa\u5730", "offset": 44, "length": 8}], "country": [{"text": "\u4fc4\u7f57\u65af", "offset": 36, "length": 3}], "weapon": []}}, {"sentence": "\u7eb3\u683c\u5c14\u65af\u79d1\u8036\u57fa\u5730\u662f\u4fc4\u7f57\u65af\u6700\u9760\u5317\u7684\u519b\u4e8b\u57fa\u5730\uff0c\u4f4d\u4e8e\u6218\u7565\u610f\u4e49\u65e5\u76ca\u7a81\u51fa\u7684\u5317\u6781\u5730\u533a\u3002", "events": [], "arguments": {"time": [], "loc": [{"text": "\u7eb3\u683c\u5c14\u65af\u79d1\u8036\u57fa\u5730", "offset": 0, "length": 8}, {"text": "\u5317\u6781\u5730\u533a", "offset": 32, "length": 4}], "country": [{"text": "\u4fc4\u7f57\u65af", "offset": 9, "length": 3}], "weapon": []}}, {"sentence": "\u514b\u6797\u59c6\u6797\u5bab\u6b64\u524d\u5ba3\u5e03\uff0c\u8be5\u57fa\u5730\u4ece\u4eca\u5e744\u6708\u5f00\u59cb\u6295\u5165\u8fd0\u8425\u3002", "events": [], "arguments": {"time": [{"text": "\u4eca\u5e744\u6708", "offset": 14, "length": 4}], "loc": [], "country": [], "weapon": []}}, {"sentence": "\u73b0\u5728\u770b\u6765\uff0c\u8be5\u57fa\u5730\u5f88\u5feb\u5c31\u80fd\u591f\u652f\u6301\u91cd\u578b\u7a7a\u4e2d\u529b\u91cf\u7684\u5e38\u89c4\u90e8\u7f72\uff0c\u4fc4\u519b\u751a\u81f3\u53ef\u4ee5\u5728\u6b64\u90e8\u7f72\u6218\u6597\u673a\u524d\u6cbf\u90e8\u961f\uff0c\u4f8b\u5982\u5c06\u7c73\u683c-31\u622a\u51fb\u673a\u90e8\u7f72\u4e8e\u6b64\u3002", "events": [{"trigger": {"text": "\u90e8\u7f72", "offset": 56, "length": 2}, "object": {"text": "", "offset": 0, "length": 0}, "subject": {"text": "", "offset": 0, "length": 0}}], "arguments": {"time": [], "loc": [], "country": [{"text": "\u4fc4", "offset": 27, "length": 1}], "weapon": [{"text": "\u7c73\u683c-31\u622a\u51fb\u673a", "offset": 48, "length": 8}]}}, {"sentence": "\u62a5\u9053\u79f0\uff0c2020\u5e748\u670813\u65e5\u7684\u536b\u661f\u56fe\u50cf\u663e\u793a\uff0c\u7eb3\u683c\u5c14\u65af\u79d1\u8036\u57fa\u5730\u7684\u8dd1\u9053\u52a0\u957f\u5de5\u4f5c\u5df2\u7ecf\u57fa\u672c\u5b8c\u6210\uff0c\u957f\u5ea6\u8fbe\u523011500\u82f1\u5c3a\uff08\u7ea63.5\u5343\u7c73\uff09\uff0c\u6bd4\u4e4b\u524d\u7684\u5927\u7ea68200\u82f1\u5c3a\uff08\u7ea62.5\u516c\u91cc\uff09\u6709\u663e\u8457\u52a0\u957f\u3002", "events": [], "arguments": {"time": [{"text": "2020\u5e748\u670813\u65e5", "offset": 4, "length": 10}], "loc": [{"text": "\u7eb3\u683c\u5c14\u65af\u79d1\u8036\u57fa\u5730", "offset": 22, "length": 8}], "country": [], "weapon": []}}, {"sentence": "\u8fd9\u4e00\u52a0\u957f\u4f7f\u5f97\u8be5\u8dd1\u9053\u53ef\u4ee5\u8f7b\u677e\u652f\u6301\u4fc4\u519b\u4efb\u4f55\u4e00\u6b3e\u6218\u673a\u5728\u6b64\u8d77\u964d\u3002", "events": [], "arguments": {"time": [], "loc": [], "country": [{"text": "\u4fc4", "offset": 15, "length": 1}], "weapon": [{"text": "\u6218\u673a", "offset": 21, "length": 2}]}}, {"sentence": "\u81ea2016\u5e74\u4fc4\u7f57\u65af\u5ba3\u5e03\u91cd\u5efa\u7eb3\u683c\u5c14\u65af\u79d1\u8036\u57fa\u5730\u673a\u573a\u4ee5\u6765\uff0c\u8be5\u57fa\u5730\u5c31\u5728\u4e0d\u65ad\u8fdb\u884c\u7740\u6269\u5efa\u3002", "events": [], "arguments": {"time": [{"text": "2016\u5e74", "offset": 1, "length": 5}], "loc": [{"text": "\u7eb3\u683c\u5c14\u65af\u79d1\u8036\u57fa\u5730\u673a\u573a", "offset": 13, "length": 10}], "country": [{"text": "\u4fc4\u7f57\u65af", "offset": 6, "length": 3}], "weapon": []}}, {"sentence": "\u4fc4\u7f57\u65af\u4e8e018\u5e74\u5f00\u59cb\u94fa\u8bbe\u65b0\u7684\u8dd1\u9053\u548c\u505c\u673a\u576a\uff0c\u57282020\u5e744\u6708\u4fc4\u7f57\u65af\u5317\u65b9\u8230\u961f\u7684\u4e00\u4efd\u65b0\u95fb\u7a3f\u4e2d\uff0c\u4fc4\u519b\u5ba3\u5e03\u8be5\u57fa\u5730\u7684\u8bbe\u65bd\u6709\u80fd\u5728\u5168\u5e74\u8fdb\u884c\u5e38\u89c4\u8fd0\u884c\u3002", "events": [], "arguments": {"time": [{"text": "018\u5e74", "offset": 4, "length": 4}, {"text": "2020\u5e744\u6708", "offset": 22, "length": 7}], "loc": [], "country": [{"text": "\u4fc4\u7f57\u65af", "offset": 0, "length": 3}, {"text": "\u4fc4\u7f57\u65af", "offset": 29, "length": 3}], "weapon": []}}, {"sentence": "\u8fd9\u4e00\u58f0\u660e\u6807\u5fd7\u7740\u7eb3\u683c\u5c14\u65af\u79d1\u8036\u57fa\u5730\u6269\u5efa\u5de5\u7a0b\u7684\u91cd\u5927\u8fdb\u5c55\u3002", "events": [], "arguments": {"time": [], "loc": [{"text": "\u7eb3\u683c\u5c14\u65af\u79d1\u8036\u57fa\u5730", "offset": 7, "length": 8}], "country": [], "weapon": []}}, {"sentence": "\u4fc4\u7f57\u65af\u540c\u65f6\u4e5f\u5728\u5176\u5317\u90e8\u9ad8\u5bd2\u5730\u533a\u65b0\u5efa\u6216\u662f\u7ffb\u65b0\u673a\u573a\uff0c\u4f46\u8fd9\u4e9b\u519b\u4e8b\u57fa\u5730\u4e2d\u6709\u76f8\u5f53\u7684\u4e00\u90e8\u5206\u53ea\u6709\u5b63\u8282\u6027\u7684\u8dd1\u9053\uff0c\u65e0\u6cd5\u5168\u5e74\u8fd0\u884c\uff0c\u6781\u7aef\u6076\u52a3\u7684\u5929\u6c14\u5bf9\u7ed9\u8fd9\u4e9b\u5730\u533a\u7684\u7a7a\u4e2d\u6d3b\u52a8\u5e26\u6765\u4e0d\u5c0f\u5a01\u80c1\u3002", "events": [], "arguments": {"time": [], "loc": [], "country": [{"text": "\u4fc4\u7f57\u65af", "offset": 0, "length": 3}], "weapon": []}}, {"sentence": "\u53e6\u4e00\u4e2a\u73b0\u5b9e\u662f\uff0c\u60f3\u8981\u83b7\u5f97\u7eb3\u683c\u5c14\u65af\u79d1\u8036\u57fa\u5730\u7684\u536b\u661f\u56fe\u50cf\u662f\u76f8\u5f53\u56f0\u96be\u7684\uff0c\u56e0\u4e3a\u8be5\u57fa\u5730\u5168\u5e74\u90fd\u88ab\u6301\u7eed\u7684\u4e91\u5c42\u8986\u76d6\u3002", "events": [], "arguments": {"time": [], "loc": [{"text": "\u7eb3\u683c\u5c14\u65af\u79d1\u8036\u57fa\u5730", "offset": 11, "length": 8}], "country": [], "weapon": []}}, {"sentence": "\u8bbe\u65bd\u65e5\u76ca\u5b8c\u5584\u7eb3\u683c\u5c14\u65af\u79d1\u8036\u57fa\u5730\u589e\u52a0\u4e86\u4fc4\u519b\u6218\u6597\u673a\u5728\u6b64\u5e38\u9a7b\u7684\u53ef\u80fd\u6027\uff0c\u6216\u8005\u81f3\u5c11\u662f\u77ed\u671f\u5185\u5728\u6b64\u8f6e\u6362\u9a7b\u624e\u3002", "events": [{"trigger": {"text": "\u9a7b\u624e", "offset": 43, "length": 2}, "object": {"text": "", "offset": 0, "length": 0}, "subject": {"text": "", "offset": 0, "length": 0}}], "arguments": {"time": [], "loc": [{"text": "\u7eb3\u683c\u5c14\u65af\u79d1\u8036\u57fa\u5730", "offset": 6, "length": 8}], "country": [{"text": "\u4fc4", "offset": 17, "length": 1}], "weapon": [{"text": "\u6218\u6597\u673a", "offset": 19, "length": 3}]}}, {"sentence": "\u65e9\u57282016\u5e74\uff0c\u4fc4\u7f57\u65af\u56fd\u9632\u90e8\u5c31\u516c\u5f00\u8868\u793a\u8ba1\u5212\u4e3a\u8be5\u57fa\u5730\u914d\u5907\u6052\u6e29\u673a\u5e93\uff0c\u7528\u4e8e\u5b58\u653e\u7c73\u683c-31\u622a\u51fb\u673a\u3001\u82cf-34\u6218\u6597\u673a\u4ee5\u53ca\u4f0a\u5c14-78\u52a0\u6cb9\u673a\uff0c\u968f\u540e\u4e5f\u4e0d\u65ad\u6709\u62a5\u9053\u79f0\uff0c\u4e00\u652f\u7c73\u683c-31\u90e8\u961f\u5c06\u4f1a\u8fdb\u9a7b\u5317\u6781\u57fa\u5730\u3002", "events": [{"trigger": {"text": "\u8fdb\u9a7b", "offset": 84, "length": 2}, "object": {"text": "", "offset": 0, "length": 0}, "subject": {"text": "", "offset": 0, "length": 0}}], "arguments": {"time": [{"text": "2016\u5e74", "offset": 2, "length": 5}], "loc": [{"text": "\u4fc4\u7f57\u65af\u56fd\u9632\u90e8", "offset": 8, "length": 6}, {"text": "\u5317\u6781\u57fa\u5730", "offset": 86, "length": 4}], "country": [], "weapon": [{"text": "\u7c73\u683c-31\u622a\u51fb\u673a", "offset": 36, "length": 8}, {"text": "\u82cf-34\u6218\u6597\u673a", "offset": 45, "length": 7}, {"text": "\u4f0a\u5c14-78\u52a0\u6cb9\u673a", "offset": 54, "length": 8}]}}, {"sentence": "\u53e6\u5916\uff0c\u7eb3\u683c\u5c14\u65af\u79d1\u8036\u57fa\u5730\u8fd8\u5c06\u80fd\u591f\u5bb9\u7eb3\u5927\u578b\u7a7a\u4e2d\u88c5\u5907\uff0c\u81f3\u5c11\u53ef\u4ee5\u4f5c\u4e3a\u5927\u578b\u6218\u673a\u7684\u524d\u54e8\u57fa\u5730\uff0c\u4f8b\u5982\u56fe-95\u3001\u56fe-160\u6218\u7565\u8f70\u70b8\u673a\u4ee5\u53ca\u56fe-142\u3001\u4f0a\u5c14-38\u53cd\u6f5c\u5de1\u903b\u673a\u7b49\u3002", "events": [], "arguments": {"time": [], "loc": [{"text": "\u7eb3\u683c\u5c14\u65af\u79d1\u8036\u57fa\u5730", "offset": 3, "length": 8}], "country": [], "weapon": [{"text": "\u56fe-95", "offset": 42, "length": 4}, {"text": "\u56fe-160\u6218\u7565\u8f70\u70b8\u673a", "offset": 47, "length": 10}, {"text": "\u56fe-142", "offset": 59, "length": 5}, {"text": "\u4f0a\u5c14-38\u53cd\u6f5c\u5de1\u903b\u673a", "offset": 65, "length": 10}]}}, {"sentence": "\u8fd1\u5e74\u6765\u8be5\u57fa\u5730\u7684\u6269\u5efa\u4f7f\u5176\u80fd\u591f\u652f\u6301\u66f4\u5927\u89c4\u6a21\u7684\u519b\u4e8b\u884c\u52a8\uff0c\u540c\u65f6\u8fd8\u65b0\u589e\u4e86\u4e00\u4e2a\u96f7\u8fbe\u7ad9\uff0c\u4f7f\u5f97\u4fc4\u519b\u4eba\u5458\u80fd\u591f\u66f4\u597d\u5730\u76d1\u89c6\u9644\u8fd1\u7a7a\u4e2d\u548c\u6d77\u4e0a\u7684\u6d3b\u52a8\u3002", "events": [{"trigger": {"text": "\u76d1\u89c6", "offset": 48, "length": 2}, "object": {"text": "", "offset": 0, "length": 0}, "subject": {"text": "", "offset": 0, "length": 0}}], "arguments": {"time": [], "loc": [{"text": "\u6d77\u4e0a", "offset": 55, "length": 2}], "country": [{"text": "\u4fc4", "offset": 39, "length": 1}], "weapon": []}}, {"sentence": "\u4fc4\u519b\u65b9\u8fd8\u8868\u793a\uff0c\u8fd8\u5c06\u5728\u8be5\u57fa\u5730\u5efa\u7acb\u9632\u7a7a\u7cfb\u7edf\u4ee5\u63d0\u5347\u9632\u62a4\u80fd\u529b\u3002", "events": [], "arguments": {"time": [], "loc": [], "country": [{"text": "\u4fc4", "offset": 0, "length": 1}], "weapon": []}}, {"sentence": "\u62a5\u9053\u8ba4\u4e3a\uff0c\u4fc4\u7f57\u65af\u7684\u6574\u4e2a\u5317\u6781\u519b\u4e8b\u884c\u52a8\u5f88\u5927\u7a0b\u5ea6\u4e0a\u662f\u53d7\u5168\u7403\u6c14\u5019\u53d8\u6696\u5f71\u54cd\uff0c\u5317\u6781\u6d77\u57df\u7684\u5546\u4e1a\u822a\u8fd0\u6d3b\u52a8\u6709\u6240\u589e\u52a0\uff0c\u5404\u79cd\u81ea\u7136\u8d44\u6e90\u7684\u5f00\u53d1\u4e5f\u6210\u4e3a\u65b0\u7684\u6f5c\u529b\uff0c\u4f46\u8fd9\u4e9b\u589e\u52a0\u4e86\u7ade\u4e89\u548c\u51b2\u7a81\u7684\u53ef\u80fd\u6027\u3002", "events": [{"trigger": {"text": "\u51b2\u7a81", "offset": 75, "length": 2}, "object": {"text": "", "offset": 0, "length": 0}, "subject": {"text": "", "offset": 0, "length": 0}}], "arguments": {"time": [], "loc": [{"text": "\u5317\u6781", "offset": 11, "length": 2}, {"text": "\u5317\u6781\u6d77\u57df", "offset": 33, "length": 4}], "country": [{"text": "\u4fc4\u7f57\u65af", "offset": 5, "length": 3}], "weapon": []}}, {"sentence": "\u5373\u4f7f\u4fc4\u519b\u53ea\u662f\u5c06\u7eb3\u683c\u5c14\u65af\u79d1\u8036\u57fa\u5730\u4f5c\u4e3a\u622a\u51fb\u673a\u548c\u653b\u51fb\u673a\u7684\u57fa\u5730\uff0c\u4e5f\u610f\u5473\u7740\u4fc4\u7f57\u65af\u62e5\u6709\u4e86\u9a7b\u624e\u5728\u8fd9\u4e00\u5730\u533a\u7684\u552f\u4e00\u6218\u672f\u7a7a\u4e2d\u4f5c\u6218\u80fd\u529b\u3002", "events": [], "arguments": {"time": [], "loc": [{"text": "\u7eb3\u683c\u5c14\u65af\u79d1\u8036\u57fa\u5730", "offset": 7, "length": 8}], "country": [{"text": "\u4fc4\u7f57\u65af", "offset": 32, "length": 3}], "weapon": [{"text": "\u622a\u51fb\u673a", "offset": 17, "length": 3}, {"text": "\u653b\u51fb\u673a", "offset": 21, "length": 3}]}}, {"sentence": "\u622a\u51fb\u673a\u3001\u6218\u6597\u673a\u3001\u9884\u8b66\u673a\u548c\u6d77\u4e0a\u5de1\u903b\u673a\u4e92\u76f8\u642d\u914d\uff0c\u5c06\u8ba9\u4fc4\u7f57\u65af\u7684\u6218\u529b\u4ece\u5176\u6700\u5317\u90e8\u7684\u57fa\u5730\u5411\u5916\u5ef6\u4f38\uff0c\u63d0\u5347\u4fc4\u7f57\u65af\u7684\u53cd\u4ecb\u5165/\u533a\u57df\u62d2\u6b62\u80fd\u529b\u3002", "events": [], "arguments": {"time": [], "loc": [], "country": [{"text": "\u4fc4\u7f57\u65af", "offset": 24, "length": 3}, {"text": "\u4fc4\u7f57\u65af", "offset": 45, "length": 3}], "weapon": [{"text": "\u622a\u51fb\u673a", "offset": 0, "length": 3}, {"text": "\u6218\u6597\u673a", "offset": 4, "length": 3}, {"text": "\u9884\u8b66\u673a", "offset": 8, "length": 3}, {"text": "\u6d77\u4e0a\u5de1\u903b\u673a", "offset": 12, "length": 5}]}}]