[{"sentence": "\u7f8e\u56fd\u7740\u624b\u6253\u9020\u672c\u571f\u591a\u5c42\u53cd\u5bfc\u4f53\u7cfb\u00a0\u60f3\u9760\u6807\u51c63\u5bfc\u5f39\u62e6\u4e0b\u6d32\u9645\u5bfc\u5f39", "events": [{"trigger": {"text": "\u6253\u9020", "offset": 4, "length": 2}, "object": {"text": "", "offset": 0, "length": 0}, "subject": {"text": "", "offset": 0, "length": 0}}], "arguments": {"time": [], "loc": [], "country": [{"text": "\u7f8e\u56fd", "offset": 0, "length": 2}], "weapon": [{"text": "\u6807\u51c63\u5bfc\u5f39", "offset": 17, "length": 5}, {"text": "\u6d32\u9645\u5bfc\u5f39", "offset": 24, "length": 4}]}}, {"sentence": "\u3010\u73af\u7403\u7f51\u62a5\u9053 \u8bb0\u8005 \u5f90\u7490\u660e\u3011", "events": [], "arguments": {"time": [], "loc": [], "country": [], "weapon": []}}, {"sentence": "\u636e\u7f8e\u56fd\u300a\u6d77\u6d0b\u529b\u91cf\u300b\u6742\u5fd7\u7f51\u7ad98\u670820\u65e5\u62a5\u9053\uff0c\u7f8e\u56fd\u5bfc\u5f39\u9632\u5fa1\u5c40\u6b63\u5728\u7814\u7a76\u5c06\u201c\u5b99\u65af\u76fe\u201d\u4f5c\u6218\u7cfb\u7edf\u548c\u201c\u6807\u51c6-3\u201dBlock IIA\u5bfc\u5f39\u4f5c\u4e3a\u7f8e\u56fd\u591a\u5c42\u56fd\u571f\u9632\u5fa1\u7cfb\u7edf\u7684\u4e00\u90e8\u5206\u7684\u53ef\u80fd\u6027\u3002", "events": [{"trigger": {"text": "\u7814\u7a76", "offset": 30, "length": 2}, "subject": {"text": "\u7f8e\u56fd\u5bfc\u5f39\u9632\u5fa1\u5c40", "offset": 21, "length": 7}, "object": {"text": "\u201c\u5b99\u65af\u76fe\u201d\u4f5c\u6218\u7cfb\u7edf\u548c\u201c\u6807\u51c6-3\u201dBlock IIA\u5bfc\u5f39", "offset": 33, "length": 27}}], "arguments": {"time": [{"text": "8\u670820\u65e5", "offset": 13, "length": 5}], "loc": [], "country": [{"text": "\u7f8e\u56fd", "offset": 62, "length": 2}, {"text": "\u7f8e\u56fd", "offset": 1, "length": 2}, {"text": "\u7f8e\u56fd", "offset": 21, "length": 2}], "weapon": [{"text": "\u201c\u5b99\u65af\u76fe\u201d\u4f5c\u6218\u7cfb\u7edf", "offset": 33, "length": 9}, {"text": "\u201c\u6807\u51c6-3\u201dBlock IIA\u5bfc\u5f39", "offset": 43, "length": 17}]}}, {"sentence": "\u201c\u6211\u4eec\u6b63\u5728\u7814\u7a76\u90e8\u7f72\u591a\u5c42\u56fd\u571f\u9632\u5fa1\u7cfb\u7edf\u7684\u53ef\u80fd\u6027\uff0c\u4ee5\u6709\u66f4\u591a\u7684\u624b\u6bb5\u6765\u5e94\u5bf9\u8fdc\u7a0b\u5bfc\u5f39\u7684\u5a01\u80c1\uff0c\u201d\u7f8e\u56fd\u5bfc\u5f39\u9632\u5fa1\u5c40\u4e3b\u7ba1\u4e54\u6069\u00b7A\u00b7\u5e0c\u5c14\u4e2d\u5c06\u57288\u670818\u65e5\u7684\u4e00\u6b21\u7f51\u7edc\u7814\u8ba8\u4f1a\u4e0a\u8868\u793a\u3002", "events": [{"trigger": {"text": "\u7814\u7a76\u90e8\u7f72", "offset": 5, "length": 4}, "object": {"text": "", "offset": 0, "length": 0}, "subject": {"text": "", "offset": 0, "length": 0}}], "arguments": {"time": [{"text": "8\u670818\u65e5", "offset": 60, "length": 5}], "loc": [], "country": [{"text": "\u7f8e\u56fd", "offset": 41, "length": 2}], "weapon": [{"text": "\u8fdc\u7a0b\u5bfc\u5f39", "offset": 32, "length": 4}]}}, {"sentence": "\u201c\u8fd9\u610f\u5473\u7740\u6211\u4eec\u6b63\u5728\u7814\u7a76\u73b0\u6709\u6b66\u5668\u7cfb\u7edf\u7684\u6f5c\u529b\uff0c\u6bd4\u5982\u4f7f\u7528\u2018\u6807\u51c6-3\u2019Block IIA\u7684\u2018\u5b99\u65af\u76fe\u2019\u5bfc\u5f39\u9632\u5fa1\u7cfb\u7edf\uff0c\u770b\u770b\u8fd9\u79cd\u6b66\u5668\u80fd\u5426\u4e3a\u56fd\u571f\u9632\u5fa1\u505a\u51fa\u8d21\u732e\u3002", "events": [{"trigger": {"text": "\u7814\u7a76", "offset": 9, "length": 2}, "object": {"text": "", "offset": 0, "length": 0}, "subject": {"text": "", "offset": 0, "length": 0}}], "arguments": {"time": [], "loc": [], "country": [], "weapon": [{"text": "\u2018\u6807\u51c6-3\u2019Block IIA\u7684\u2018\u5b99\u65af\u76fe\u2019\u5bfc\u5f39\u9632\u5fa1\u7cfb\u7edf", "offset": 25, "length": 27}]}}, {"sentence": "\u201d", "events": [], "arguments": {"time": [], "loc": [], "country": [], "weapon": []}}, {"sentence": "\u5e0c\u5c14\u4e2d\u5c06\u8bf4\uff0c\u5728\u4eca\u5e74\u665a\u4e9b\u65f6\u5019\uff0c\u7f8e\u56fd\u5bfc\u5f39\u9632\u5fa1\u5c40\u5c06\u8fdb\u884c\u4e00\u6b21\u201c\u5b99\u65af\u76fe\u201d\u7cfb\u7edf\u6d4b\u8bd5\uff0c\u4f7f\u7528\u201c\u6807\u51c6-3\u201dBlock IIA\u5bfc\u5f39\u62e6\u622a\u6d32\u9645\u5f39\u9053\u5bfc\u5f39\u3002", "events": [{"trigger": {"text": "\u62e6\u622a", "offset": 55, "length": 2}, "object": {"text": "", "offset": 0, "length": 0}, "subject": {"text": "", "offset": 0, "length": 0}}], "arguments": {"time": [], "loc": [], "country": [{"text": "\u7f8e\u56fd", "offset": 14, "length": 2}], "weapon": [{"text": "\u201c\u6807\u51c6-3\u201dBlock IIA\u5bfc\u5f39", "offset": 38, "length": 17}, {"text": "\u6d32\u9645\u5f39\u9053\u5bfc\u5f39", "offset": 57, "length": 6}]}}, {"sentence": "\u4ed6\u8868\u793a\uff0c\u65b0\u51a0\u80ba\u708e\u75ab\u60c5\u5bfc\u81f4\u6d4b\u8bd5\u51c6\u5907\u5de5\u4f5c\u88ab\u62d6\u5ef6\uff0c\u4f46\u6d4b\u8bd5\u4ecd\u5c06\u7ee7\u7eed\u8fdb\u884c\u3002", "events": [{"trigger": {"text": "\u6d4b\u8bd5", "offset": 12, "length": 2}, "object": {"text": "", "offset": 0, "length": 0}, "subject": {"text": "", "offset": 0, "length": 0}}, {"trigger": {"text": "\u6d4b\u8bd5", "offset": 23, "length": 2}, "object": {"text": "", "offset": 0, "length": 0}, "subject": {"text": "", "offset": 0, "length": 0}}], "arguments": {"time": [], "loc": [], "country": [], "weapon": []}}, {"sentence": "\u4ed6\u8fd8\u8868\u793a\uff1a\u201c\u6211\u4eec\u5df2\u7ecf\u51c6\u5907\u597d\u5728\u592a\u5e73\u6d0b\u6267\u884c\u8fd9\u6b21\u4ee3\u53f7\u4e3a\u2018FTM-44\u2019\u7684\u6d4b\u8bd5\uff0c\u8fd9\u5c06\u662f\u201c\u5b99\u65af\u76fe\u201d\u7cfb\u7edf\u7b2c\u4e00\u6b21\u5bf9\u6297\u6d32\u9645\u5f39\u9053\u5bfc\u5f39\uff0c\u5c06\u51fa\u52a8\u4e00\u641c\u72d0\u914d\u5907\u2018\u6807\u51c6-3\u2019Block IIA\u5bfc\u5f39\u7684\u201c\u5b99\u65af\u76fe\u201d\u6218\u8230\u3002", "events": [{"trigger": {"text": "\u5bf9\u6297", "offset": 49, "length": 2}, "object": {"text": "", "offset": 0, "length": 0}, "subject": {"text": "", "offset": 0, "length": 0}}, {"trigger": {"text": "\u51fa\u52a8", "offset": 59, "length": 2}, "object": {"text": "", "offset": 0, "length": 0}, "subject": {"text": "", "offset": 0, "length": 0}}, {"trigger": {"text": "\u914d\u5907", "offset": 64, "length": 2}, "object": {"text": "", "offset": 0, "length": 0}, "subject": {"text": "", "offset": 0, "length": 0}}], "arguments": {"time": [], "loc": [{"text": "\u592a\u5e73\u6d0b", "offset": 14, "length": 3}], "country": [], "weapon": [{"text": "\u2018FTM-44\u2019", "offset": 24, "length": 8}, {"text": "\u2018\u6807\u51c6-3\u2019Block IIA\u5bfc\u5f39", "offset": 66, "length": 17}, {"text": "\u201c\u5b99\u65af\u76fe\u201d\u6218\u8230", "offset": 84, "length": 7}]}}, {"sentence": "\u201d\u201c\u6211\u4eec\u73b0\u5728\u7684\u8ba1\u5212\u662f\u5728\u4eca\u5e74\u5e74\u5e95\u524d\u5b8c\u6210\u8fd9\u9879\u6d4b\u8bd5\uff0c\u6b63\u671d\u7740\u8fd9\u4e00\u65b9\u5411\u52aa\u529b\u3002", "events": [{"trigger": {"text": "\u6d4b\u8bd5", "offset": 20, "length": 2}, "object": {"text": "", "offset": 0, "length": 0}, "subject": {"text": "", "offset": 0, "length": 0}}], "arguments": {"time": [], "loc": [], "country": [], "weapon": []}}, {"sentence": "\u201d", "events": [], "arguments": {"time": [], "loc": [], "country": [], "weapon": []}}, {"sentence": "\u4e0d\u8fc7\u62a5\u9053\u63d0\u53ca\uff0cFTM-44\u6d4b\u8bd5\u4e2d\u5bfc\u5f39\u9632\u5fa1\u7cfb\u7edf\u5bf9\u6297\u7684\u5c06\u662f\u4e0d\u5177\u5907\u53cd\u62e6\u622a\u63aa\u65bd\u7684\u6d32\u9645\u5f39\u9053\u5bfc\u5f39\u3002", "events": [{"trigger": {"text": "\u5bf9\u6297", "offset": 22, "length": 2}, "object": {"text": "", "offset": 0, "length": 0}, "subject": {"text": "", "offset": 0, "length": 0}}, {"trigger": {"text": "\u62e6\u622a", "offset": 31, "length": 2}, "object": {"text": "", "offset": 0, "length": 0}, "subject": {"text": "", "offset": 0, "length": 0}}], "arguments": {"time": [], "loc": [], "country": [], "weapon": [{"text": "FTM-44", "offset": 7, "length": 6}, {"text": "\u6d32\u9645\u5f39\u9053\u5bfc\u5f39", "offset": 36, "length": 6}]}}, {"sentence": "\u5e0c\u5c14\u4e2d\u5c06\u8868\u793a\uff0c\u4e00\u65e6\u8fd9\u6b21\u6d4b\u8bd5\u53d6\u5f97\u6210\u529f\uff0c\u5bfc\u5f39\u9632\u5fa1\u5c40\u5c06\u201c\u5f00\u59cb\u5168\u9762\u8003\u8651\u8fd9\u79cd\u6784\u67b6\u5e76\u5f00\u59cb\u4e0e\u4f5c\u6218\u4eba\u5458\u8fdb\u884c\u66f4\u4e3a\u5bc6\u5207\u7684\u5408\u4f5c\u201d\u3002", "events": [{"trigger": {"text": "\u6d4b\u8bd5", "offset": 11, "length": 2}, "object": {"text": "", "offset": 0, "length": 0}, "subject": {"text": "", "offset": 0, "length": 0}}], "arguments": {"time": [], "loc": [], "country": [], "weapon": []}}, {"sentence": "\u4ed6\u8bf4\uff1a\u201c\u7136\u540e\u6211\u4eec\u9700\u8981\u8fdb\u884c\u53e6\u4e00\u9879\u6d4b\u8bd5\uff0c\u6d4b\u8bd5\u5bf9\u6297\u4e00\u79cd\u975e\u5e38\u590d\u6742\u7684\u6d32\u9645\u5f39\u9053\u5bfc\u5f39\uff0c\u8fd9\u79cd\u5bfc\u5f39\u4f1a\u5206\u79bb\u51fa\u5f88\u591a\u5047\u76ee\u6807\uff0c\u4e5f\u6709\u5f88\u591a\u5bf9\u6297\u62e6\u622a\u7684\u63aa\u65bd\u3002", "events": [{"trigger": {"text": "\u6d4b\u8bd5\u5bf9\u6297", "offset": 18, "length": 4}, "object": {"text": "", "offset": 0, "length": 0}, "subject": {"text": "", "offset": 0, "length": 0}}, {"trigger": {"text": "\u5bf9\u6297\u62e6\u622a", "offset": 54, "length": 4}, "object": {"text": "", "offset": 0, "length": 0}, "subject": {"text": "", "offset": 0, "length": 0}}, {"trigger": {"text": "\u5bf9\u6297", "offset": 54, "length": 2}, "object": {"text": "", "offset": 0, "length": 0}, "subject": {"text": "", "offset": 0, "length": 0}}, {"trigger": {"text": "\u62e6\u622a", "offset": 56, "length": 2}, "object": {"text": "", "offset": 0, "length": 0}, "subject": {"text": "", "offset": 0, "length": 0}}], "arguments": {"time": [], "loc": [], "country": [], "weapon": [{"text": "\u6d32\u9645\u5f39\u9053\u5bfc\u5f39", "offset": 29, "length": 6}, {"text": "\u5bfc\u5f39", "offset": 38, "length": 2}]}}, {"sentence": "\u201d", "events": [], "arguments": {"time": [], "loc": [], "country": [], "weapon": []}}]