[{"sentence": "\u4fc4\u519b\u4e24\u67b6\u56fe-95\u8f70\u70b8\u673a\u98de\u8fd1\u65e5\u672c\u00a0\u81ea\u536b\u961f\u7d27\u6025\u51fa\u52a8\u6218\u6597\u673a\u5e94\u5bf9", "events": [{"trigger": {"text": "\u98de\u8fd1", "offset": 11, "length": 2}, "subject": {"text": "\u56fe-95\u8f70\u70b8\u673a", "offset": 4, "length": 7}, "object": {"text": "\u65e5\u672c", "offset": 13, "length": 2}}, {"trigger": {"text": "\u51fa\u52a8", "offset": 21, "length": 2}, "object": {"text": "", "offset": 0, "length": 0}, "subject": {"text": "", "offset": 0, "length": 0}}], "arguments": {"time": [], "loc": [], "country": [{"text": "\u4fc4", "offset": 0, "length": 1}, {"text": "\u65e5\u672c", "offset": 13, "length": 2}], "weapon": [{"text": "\u56fe-95\u8f70\u70b8\u673a", "offset": 4, "length": 7}]}}, {"sentence": "\u3010\u73af\u7403\u7f51\u62a5\u9053 \u8bb0\u8005 \u5f90\u7490\u660e\u3011", "events": [], "arguments": {"time": [], "loc": [], "country": [], "weapon": []}}, {"sentence": "\u636e\u65e5\u672c\u9632\u536b\u7701\u7edf\u5408\u5e55\u50da\u76d1\u90e88\u670819\u65e5\u53d1\u5e03\u7684\u6d88\u606f\uff0c\u65e5\u672c\u81ea\u536b\u961f\u5f53\u5929\u5728\u65e5\u672c\u6d77\u4e0a\u53d1\u73b0\u7591\u4f3c\u591a\u8fbe8\u67b6\u4fc4\u7f57\u65af\u6218\u673a\u5f00\u5c55\u98de\u884c\u6d3b\u52a8\uff0c\u7ecf\u67e5\u8bc1\u8bc6\u522b\u5176\u4e2d\u4e24\u67b6\u4e3a\u56fe-95MS\u6218\u7565\u8f70\u70b8\u673a\uff0c\u5176\u4f596\u67b6\u673a\u578b\u4e0d\u660e\u3002", "events": [{"trigger": {"text": "\u98de\u884c", "offset": 50, "length": 2}, "object": {"text": "", "offset": 0, "length": 0}, "subject": {"text": "", "offset": 0, "length": 0}}], "arguments": {"time": [{"text": "8\u670819\u65e5", "offset": 12, "length": 5}], "loc": [{"text": "\u65e5\u672c\u9632\u536b\u7701", "offset": 1, "length": 5}, {"text": "\u6d77\u4e0a", "offset": 33, "length": 2}], "country": [{"text": "\u65e5\u672c", "offset": 23, "length": 2}, {"text": "\u65e5\u672c", "offset": 31, "length": 2}, {"text": "\u4fc4\u7f57\u65af", "offset": 43, "length": 3}], "weapon": [{"text": "\u56fe-95MS", "offset": 65, "length": 6}, {"text": "\u56fe-95MS\u6218\u7565\u8f70\u70b8\u673a", "offset": 65, "length": 11}]}}, {"sentence": "\u65e5\u672c\u822a\u7a7a\u81ea\u536b\u961f\u7d27\u6025\u51fa\u52a8\u6218\u6597\u673a\u8fdb\u884c\u5e94\u5bf9\u3002", "events": [{"trigger": {"text": "\u51fa\u52a8", "offset": 9, "length": 2}, "object": {"text": "", "offset": 0, "length": 0}, "subject": {"text": "", "offset": 0, "length": 0}}], "arguments": {"time": [], "loc": [], "country": [{"text": "\u65e5\u672c", "offset": 0, "length": 2}], "weapon": [{"text": "\u6218\u6597\u673a", "offset": 11, "length": 3}]}}, {"sentence": "\u65e5\u672c\u81ea\u536b\u961f\u62cd\u6444\u5230\u7684\u4fc4\u7f57\u65af\u56fe-95\u6218\u7565\u8f70\u70b8\u673a", "events": [], "arguments": {"time": [], "loc": [], "country": [{"text": "\u65e5\u672c", "offset": 0, "length": 2}, {"text": "\u4fc4\u7f57\u65af", "offset": 9, "length": 3}], "weapon": [{"text": "\u56fe-95\u6218\u7565\u8f70\u70b8\u673a", "offset": 12, "length": 9}]}}, {"sentence": "\u53e6\u636e\u4fc4\u7f57\u65af\u536b\u661f\u65b0\u95fb\u901a\u8baf\u793e8\u670819\u65e5\u62a5\u9053\uff0c\u4fc4\u7f57\u65af\u56fd\u9632\u90e8\u5f53\u5929\u53d1\u5e03\u6d88\u606f\u79f0\uff1a\u201c\u4e24\u67b6\u56fe-95MS\u6218\u7565\u8f70\u70b8\u673a\u5728\u65e5\u672c\u6d77\u548c\u592a\u5e73\u6d0b\u897f\u5317\u90e8\u4e2d\u7acb\u6c34\u57df\u4e0a\u7a7a\u9042\u884c\u4f8b\u884c\u5de1\u822a\u4efb\u52a1\u3002", "events": [{"trigger": {"text": "\u5de1\u822a", "offset": 69, "length": 2}, "object": {"text": "", "offset": 0, "length": 0}, "subject": {"text": "", "offset": 0, "length": 0}}], "arguments": {"time": [{"text": "8\u670819\u65e5", "offset": 12, "length": 5}], "loc": [{"text": "\u65e5\u672c\u6d77", "offset": 49, "length": 3}, {"text": "\u592a\u5e73\u6d0b\u897f\u5317\u90e8\u4e2d\u7acb\u6c34\u57df", "offset": 53, "length": 10}, {"text": "\u4fc4\u7f57\u65af\u56fd\u9632\u90e8", "offset": 20, "length": 6}, {"text": "\u592a\u5e73\u6d0b\u897f\u5317\u90e8\u4e2d\u7acb\u6c34\u57df\u4e0a\u7a7a", "offset": 53, "length": 12}], "country": [{"text": "\u4fc4\u7f57\u65af", "offset": 2, "length": 3}], "weapon": [{"text": "\u56fe-95MS\u6218\u7565\u8f70\u70b8\u673a", "offset": 37, "length": 11}]}}, {"sentence": "\u98de\u884c\u65f6\u957f\u8d85\u8fc79\u5c0f\u65f6\uff0c\u5728\u98de\u884c\u8def\u7ebf\u4e2a\u522b\u9636\u6bb5\u65e5\u672c\u822a\u7a7a\u81ea\u536b\u961f\u6218\u673a\u4f34\u98de\u3002", "events": [{"trigger": {"text": "\u4f34\u98de", "offset": 28, "length": 2}, "object": {"text": "", "offset": 0, "length": 0}, "subject": {"text": "", "offset": 0, "length": 0}}], "arguments": {"time": [], "loc": [], "country": [{"text": "\u65e5\u672c", "offset": 19, "length": 2}], "weapon": [{"text": "\u6218\u673a", "offset": 26, "length": 2}]}}, {"sentence": "\u201d", "events": [], "arguments": {"time": [], "loc": [], "country": [], "weapon": []}}, {"sentence": "\u65e5\u672c\u9632\u536b\u7701\u53d1\u5e03\u76848\u670819\u65e5\u4fc4\u7f57\u65af\u6218\u673a\u98de\u884c\u8def\u7ebf", "events": [{"trigger": {"text": "\u98de\u884c", "offset": 18, "length": 2}, "object": {"text": "", "offset": 0, "length": 0}, "subject": {"text": "", "offset": 0, "length": 0}}], "arguments": {"time": [{"text": "8\u670819\u65e5", "offset": 8, "length": 5}], "loc": [], "country": [{"text": "\u65e5\u672c", "offset": 0, "length": 2}, {"text": "\u4fc4\u7f57\u65af", "offset": 13, "length": 3}], "weapon": [{"text": "\u6218\u673a", "offset": 16, "length": 2}]}}, {"sentence": "\u8fd1\u65e5\u4fc4\u7f57\u65af\u519b\u673a\u5728\u65e5\u672c\u5468\u8fb9\u7684\u6d3b\u52a8\u5f00\u59cb\u589e\u52a0\uff0c\u636e\u9632\u536b\u77018\u670814\u65e5\u53d1\u5e03\u7684\u6d88\u606f\uff0c\u5f53\u5929\u81ea\u536b\u961f\u53d1\u73b0\u4e00\u67b6\u4fc4\u7f57\u65af\u7684\u4f0a\u5c14-20\u4fa6\u5bdf\u673a\u5728\u65e5\u672c\u6d77\u4e0a\u7a7a\u98de\u884c\uff0c\u81ea\u536b\u961f\u7d27\u6025\u51fa\u52a8\u6218\u6597\u673a\u8fdb\u884c\u5e94\u5bf9\u3002", "events": [{"trigger": {"text": "\u51fa\u52a8", "offset": 70, "length": 2}, "object": {"text": "", "offset": 0, "length": 0}, "subject": {"text": "", "offset": 0, "length": 0}}], "arguments": {"time": [{"text": "8\u670814\u65e5", "offset": 24, "length": 5}], "loc": [{"text": "\u65e5\u672c\u6d77", "offset": 57, "length": 3}, {"text": "\u4e0a\u7a7a", "offset": 0, "length": 2}], "country": [{"text": "\u4fc4\u7f57\u65af", "offset": 2, "length": 3}, {"text": "\u65e5\u672c", "offset": 8, "length": 2}, {"text": "\u4fc4\u7f57\u65af", "offset": 44, "length": 3}], "weapon": [{"text": "\u4f0a\u5c14-20\u4fa6\u5bdf\u673a", "offset": 48, "length": 8}]}}]