[{"sentence": "\u4ec0\u4e48\u610f\u56fe\uff1f", "events": [], "arguments": {"time": [], "loc": [], "country": [], "weapon": []}}, {"sentence": "\uff01", "events": [], "arguments": {"time": [], "loc": [], "country": [], "weapon": []}}, {"sentence": "\u7f8e\u8d85\u97f3\u901f\u8f70\u70b8\u673a\u8fd4\u56de\u672c\u571f\u9014\u4e2d\u6545\u610f\u7ed5\u9053\u4e1c\u6d77", "events": [{"trigger": {"text": "\u8fd4\u56de", "offset": 7, "length": 2}, "object": {"text": "", "offset": 0, "length": 0}, "subject": {"text": "", "offset": 0, "length": 0}}], "arguments": {"time": [], "loc": [{"text": "\u4e1c\u6d77", "offset": 17, "length": 2}], "country": [{"text": "\u7f8e", "offset": 0, "length": 1}], "weapon": [{"text": "\u8d85\u97f3\u901f\u8f70\u70b8\u673a", "offset": 1, "length": 6}]}}, {"sentence": "\u3010\u73af\u7403\u7f51\u62a5\u9053 \u8bb0\u8005 \u5f90\u7490\u660e\u3011", "events": [], "arguments": {"time": [], "loc": [], "country": [], "weapon": []}}, {"sentence": "\u7f8e\u56fd\u7a7a\u519b\u4e24\u67b6B-1B\u8f70\u70b8\u673a\u4e8e8\u670817\u65e5\u4ece\u5173\u5c9b\u8fd4\u56de\u7f8e\u56fd\u672c\u571f\u57fa\u5730\uff0c\u800c\u5728\u98de\u884c\u9014\u4e2d\u8fd8\u6709\u610f\u7ed5\u9053\u4e1c\u6d77\u518d\u8f6c\u5411\u98de\u56de\u7f8e\u56fd\uff0c\u8fd9\u6837\u7684\u4e3e\u52a8\u5e76\u4e0d\u591a\u89c1\u3002", "events": [{"trigger": {"text": "\u98de\u56de", "offset": 47, "length": 2}, "object": {"text": "", "offset": 0, "length": 0}, "subject": {"text": "", "offset": 0, "length": 0}}], "arguments": {"time": [{"text": "8\u670817\u65e5", "offset": 14, "length": 5}], "loc": [{"text": "\u5173\u5c9b", "offset": 20, "length": 2}, {"text": "\u4e1c\u6d77", "offset": 42, "length": 2}], "country": [{"text": "\u7f8e\u56fd", "offset": 49, "length": 2}, {"text": "\u7f8e\u56fd", "offset": 0, "length": 2}, {"text": "\u7f8e\u56fd", "offset": 24, "length": 2}], "weapon": [{"text": "B-1B\u8f70\u70b8\u673a", "offset": 6, "length": 7}]}}, {"sentence": "\u636e\u8bb0\u5f55\u519b\u4e8b\u98de\u884c\u5668\u52a8\u6001\u7684\u793e\u7fa4\u5a92\u4f53\u201c\u98de\u673a\u5b88\u671b\u201d8\u670818\u65e5\u53d1\u5e03\u7684\u6d88\u606f\u663e\u793a\uff0c\u4e24\u67b6\u547c\u53f7\u4e3aRUDDY11\u548cRUDDY12\u7684\u7f8e\u56fd\u7a7a\u519bB-1B\u8f70\u70b8\u673a\u4e8e17\u65e5\u98de\u79bb\u5173\u5c9b\u5b89\u5fb7\u68ee\u7a7a\u519b\u57fa\u5730\uff0c\u8fd4\u56de\u4f4d\u4e8e\u5357\u8fbe\u79d1\u4ed6\u5dde\u7684\u57c3\u5c14\u65af\u6c83\u65af\u7a7a\u519b\u57fa\u5730\u3002", "events": [{"trigger": {"text": "\u98de\u79bb", "offset": 70, "length": 2}, "subject": {"text": "B-1B\u8f70\u70b8\u673a", "offset": 59, "length": 7}, "object": {"text": "\u5173\u5c9b\u5b89\u5fb7\u68ee\u7a7a\u519b\u57fa\u5730", "offset": 72, "length": 9}}, {"trigger": {"text": "\u8fd4\u56de", "offset": 82, "length": 2}, "object": {"text": "", "offset": 0, "length": 0}, "subject": {"text": "", "offset": 0, "length": 0}}], "arguments": {"time": [{"text": "8\u670818\u65e5", "offset": 21, "length": 5}, {"text": "17\u65e5", "offset": 67, "length": 3}], "loc": [{"text": "\u5173\u5c9b\u5b89\u5fb7\u68ee\u7a7a\u519b\u57fa\u5730", "offset": 72, "length": 9}, {"text": "\u5357\u8fbe\u79d1\u4ed6\u5dde\u7684\u57c3\u5c14\u65af\u6c83\u65af\u7a7a\u519b\u57fa\u5730", "offset": 86, "length": 15}], "country": [{"text": "\u7f8e\u56fd", "offset": 55, "length": 2}], "weapon": [{"text": "RUDDY11", "offset": 39, "length": 7}, {"text": "RUDDY12", "offset": 47, "length": 7}, {"text": "B-1B\u8f70\u70b8\u673a", "offset": 59, "length": 7}]}}, {"sentence": "\u800c\u4ece\u98de\u673a\u8f68\u8ff9\u4e0a\u770b\uff0c\u4e24\u67b6\u7f8e\u519bB-1B\u8f70\u70b8\u673a\u5e76\u6ca1\u6709\u6cbf\u6700\u77ed\u8def\u7ebf\u76f4\u63a5\u98de\u56de\u7f8e\u56fd\u672c\u571f\uff0c\u800c\u662f\u7ed5\u9053\u5230\u4e1c\u6d77\u518d\u8f6c\u5411\u98de\u5f80\u7f8e\u56fd\u3002", "events": [{"trigger": {"text": "\u98de\u56de", "offset": 30, "length": 2}, "object": {"text": "", "offset": 0, "length": 0}, "subject": {"text": "", "offset": 0, "length": 0}}, {"trigger": {"text": "\u98de\u5f80", "offset": 47, "length": 2}, "object": {"text": "", "offset": 0, "length": 0}, "subject": {"text": "", "offset": 0, "length": 0}}], "arguments": {"time": [], "loc": [{"text": "\u4e1c\u6d77", "offset": 42, "length": 2}], "country": [{"text": "\u7f8e\u56fd", "offset": 32, "length": 2}, {"text": "\u7f8e\u56fd", "offset": 49, "length": 2}], "weapon": [{"text": "B-1B\u8f70\u70b8\u673a", "offset": 13, "length": 7}]}}, {"sentence": "\u8fd9\u4e24\u67b6\u8f70\u70b8\u673a\u5148\u662f\u5411\u897f\u5317\u65b9\u5411\u98de\u5411\u4e1c\u6d77\u6d77\u57df\u4e0a\u7a7a\uff0c\u5176\u4e2d\u4e00\u67b6B-1B\u8f70\u70b8\u673a\u5728\u63a5\u8fd1\u4e1c\u6d77\u65f6\u8f6c\u5411\u98de\u5411\u4e1c\u5317\u65b9\u5411\uff0c\u53e6\u4e00\u67b6B-1B\u8f70\u70b8\u673a\u5219\u662f\u98de\u5165\u4e1c\u6d77\u4e0a\u7a7a\uff0c\u968f\u540e\u8f6c\u5411\u98de\u5411\u4e1c\u5317\uff0c\u4ece\u65e5\u672c\u4e0a\u7a7a\u98de\u8fc7\u8fd4\u56de\u7f8e\u56fd\u672c\u571f\u3002", "events": [{"trigger": {"text": "\u98de\u8fc7\u8fd4\u56de", "offset": 81, "length": 4}, "object": {"text": "", "offset": 0, "length": 0}, "subject": {"text": "", "offset": 0, "length": 0}}], "arguments": {"time": [], "loc": [{"text": "\u4e1c\u6d77", "offset": 36, "length": 2}, {"text": "\u4e1c\u6d77\u4e0a\u7a7a", "offset": 62, "length": 4}], "country": [{"text": "\u65e5\u672c", "offset": 77, "length": 2}, {"text": "\u7f8e\u56fd", "offset": 85, "length": 2}], "weapon": [{"text": "B-1B\u8f70\u70b8\u673a", "offset": 26, "length": 7}, {"text": "B-1B\u8f70\u70b8\u673a", "offset": 51, "length": 7}]}}, {"sentence": "\u8fd1\u671f\uff0c\u90e8\u7f72\u5728\u5173\u5c9b\u7684\u7f8e\u519bB-1B\u8f70\u70b8\u673a\u5728\u4e2d\u56fd\u5468\u8fb9\u9891\u7e41\u6d3b\u52a8\u3002", "events": [{"trigger": {"text": "\u90e8\u7f72\u5728", "offset": 3, "length": 3}, "object": {"text": "", "offset": 0, "length": 0}, "subject": {"text": "", "offset": 0, "length": 0}}], "arguments": {"time": [], "loc": [{"text": "\u5173\u5c9b", "offset": 6, "length": 2}, {"text": "\u4e2d\u56fd\u5468\u8fb9", "offset": 19, "length": 4}], "country": [{"text": "\u7f8e", "offset": 9, "length": 1}, {"text": "\u4e2d\u56fd", "offset": 19, "length": 2}], "weapon": [{"text": "B-1B\u8f70\u70b8\u673a", "offset": 11, "length": 7}]}}, {"sentence": "\u7f8e\u519b1\u67b6B-1B\u8f70\u70b8\u673a\u88ab\u66dd\u4e8e8\u670816\u65e5\u98de\u5411\u4e1c\u6d77\uff0c\u903c\u8fd1\u4e1c\u6d77\u9632\u7a7a\u8bc6\u522b\u533a\u3002", "events": [{"trigger": {"text": "\u98de\u5411", "offset": 19, "length": 2}, "subject": {"text": "B-1B\u8f70\u70b8\u673a", "offset": 4, "length": 7}, "object": {"text": "\u4e1c\u6d77", "offset": 26, "length": 2}}, {"trigger": {"text": "\u903c\u8fd1", "offset": 24, "length": 2}, "object": {"text": "", "offset": 0, "length": 0}, "subject": {"text": "", "offset": 0, "length": 0}}], "arguments": {"time": [{"text": "8\u670816\u65e5", "offset": 14, "length": 5}], "loc": [{"text": "\u4e1c\u6d77", "offset": 21, "length": 2}, {"text": "\u4e1c\u6d77\u9632\u7a7a\u8bc6\u522b\u533a", "offset": 26, "length": 7}], "country": [{"text": "\u7f8e", "offset": 0, "length": 1}], "weapon": [{"text": "B-1B\u8f70\u70b8\u673a", "offset": 4, "length": 7}]}}, {"sentence": "\u8fd9\u4e00\u884c\u52a8\u8fd8\u8fc5\u901f\u88ab\u53f0\u6e7e\u4eb2\u7eff\u5a92\u4f53\u7092\u4f5c\u4e3a\u201c\u6311\u6218\u89e3\u653e\u519b\u5e95\u7ebf\u201d\u3002", "events": [], "arguments": {"time": [], "loc": [], "country": [{"text": "\u53f0\u6e7e", "offset": 8, "length": 2}], "weapon": []}}, {"sentence": "\u7f8e\u56fd\u7a7a\u519b\u88c5\u5907\u7684B-1B\u8f70\u70b8\u673a\u662f\u7f8e\u56fd\u4e09\u5927\u6218\u7565\u8f70\u70b8\u673a\u4e4b\u4e00\uff0c\u4e0eB-52\u3001B-2\u8f70\u70b8\u673a\u76f8\u6bd4\uff0cB-1B\u7684\u7279\u70b9\u662f\u80fd\u591f\u7a81\u7834\u97f3\u901f\u98de\u884c\uff0c\u5b9e\u65bd\u8d85\u97f3\u901f\u7a81\u9632\u6253\u51fb\u3002", "events": [{"trigger": {"text": "\u98de\u884c", "offset": 56, "length": 2}, "object": {"text": "", "offset": 0, "length": 0}, "subject": {"text": "", "offset": 0, "length": 0}}, {"trigger": {"text": "\u6253\u51fb", "offset": 66, "length": 2}, "object": {"text": "", "offset": 0, "length": 0}, "subject": {"text": "", "offset": 0, "length": 0}}], "arguments": {"time": [], "loc": [], "country": [{"text": "\u7f8e\u56fd", "offset": 0, "length": 2}, {"text": "\u7f8e\u56fd", "offset": 15, "length": 2}], "weapon": [{"text": "B-52", "offset": 28, "length": 4}, {"text": "B-2\u8f70\u70b8\u673a", "offset": 33, "length": 6}]}}, {"sentence": "\u540c\u65f6\u8be5\u673a\u8fd8\u80fd\u591f\u642d\u8f7d\u9632\u533a\u5916\u4f5c\u6218\u6b66\u5668\uff0c\u4ece\u9632\u533a\u5916\u53d1\u8d77\u8fdc\u8ddd\u79bb\u7cbe\u786e\u6253\u51fb\u3002", "events": [{"trigger": {"text": "\u6253\u51fb", "offset": 28, "length": 2}, "object": {"text": "", "offset": 0, "length": 0}, "subject": {"text": "", "offset": 0, "length": 0}}], "arguments": {"time": [], "loc": [], "country": [], "weapon": []}}, {"sentence": "\u7f8e\u519b\u5411\u4e1c\u6d77\u6d3e\u51fa\u8fd9\u6b3e\u9887\u5177\u8fdb\u653b\u6027\u7684\u6218\u7565\u8f70\u70b8\u673a\uff0c\u5176\u5a01\u80c1\u6027\u4e0d\u8a00\u800c\u55bb\u3002", "events": [{"trigger": {"text": "\u6d3e\u51fa", "offset": 5, "length": 2}, "object": {"text": "", "offset": 0, "length": 0}, "subject": {"text": "", "offset": 0, "length": 0}}], "arguments": {"time": [], "loc": [{"text": "\u4e1c\u6d77", "offset": 3, "length": 2}], "country": [{"text": "\u7f8e", "offset": 0, "length": 1}], "weapon": []}}, {"sentence": "\u5bf9\u4e8e\u7f8e\u519b\u8230\u673a\u5728\u4e1c\u6d77\u7684\u6d3b\u52a8\uff0c\u5927\u9646\u56fd\u9632\u90e8\u65b0\u95fb\u53d1\u8a00\u4eba\u5434\u8c26\u5927\u6821\u66fe\u8868\u793a\uff0c\u5f53\u524d\uff0c\u5728\u5730\u533a\u56fd\u5bb6\u7684\u5171\u540c\u52aa\u529b\u4e0b\uff0c\u4e1c\u6d77\u3001\u5357\u6d77\u7684\u5c40\u52bf\u603b\u4f53\u662f\u7a33\u5b9a\u7684\u3002", "events": [], "arguments": {"time": [], "loc": [{"text": "\u4e1c\u6d77", "offset": 7, "length": 2}, {"text": "\u4e1c\u6d77", "offset": 46, "length": 2}, {"text": "\u5357\u6d77", "offset": 49, "length": 2}], "country": [{"text": "\u7f8e", "offset": 2, "length": 1}], "weapon": []}}, {"sentence": "\u8fd9\u5145\u5206\u8bf4\u660e\u57df\u5185\u56fd\u5bb6\u6709\u667a\u6167\u3001\u6709\u80fd\u529b\u3001\u6709\u529e\u6cd5\u901a\u8fc7\u76f4\u63a5\u8c08\u5224\u534f\u5546\uff0c\u59a5\u5904\u5206\u6b67\uff0c\u5171\u62a4\u548c\u5e73\u3002", "events": [], "arguments": {"time": [], "loc": [], "country": [], "weapon": []}}, {"sentence": "\u53cd\u89c2\u4f5c\u4e3a\u57df\u5916\u56fd\u5bb6\u7684\u7f8e\u56fd\uff0c\u6253\u7740\u6240\u8c13\u201c\u822a\u884c\u81ea\u7531\u201d\u7684\u5e4c\u5b50\uff0c\u6d3e\u519b\u7528\u8230\u673a\u6765\u4e1c\u6d77\u3001\u5357\u6d77\u6311\u8845\uff0c\u5bf9\u4e2d\u65b9\u5b9e\u65bd\u9ad8\u9891\u5ea6\u62b5\u8fd1\u4fa6\u5bdf\uff0c\u4e3e\u884c\u9488\u5bf9\u6027\u6781\u5f3a\u7684\u519b\u4e8b\u6f14\u4e60\uff0c\u4e25\u91cd\u5371\u5bb3\u5730\u533a\u56fd\u5bb6\u7684\u4e3b\u6743\u4e0e\u5b89\u5168\u5229\u76ca\uff0c\u4e25\u91cd\u7834\u574f\u672c\u5730\u533a\u7684\u548c\u5e73\u7a33\u5b9a\u3002", "events": [{"trigger": {"text": "\u62b5\u8fd1\u4fa6\u5bdf", "offset": 48, "length": 4}, "object": {"text": "", "offset": 0, "length": 0}, "subject": {"text": "", "offset": 0, "length": 0}}, {"trigger": {"text": "\u519b\u4e8b\u6f14\u4e60", "offset": 61, "length": 4}, "object": {"text": "", "offset": 0, "length": 0}, "subject": {"text": "", "offset": 0, "length": 0}}], "arguments": {"time": [], "loc": [{"text": "\u4e1c\u6d77", "offset": 32, "length": 2}, {"text": "\u5357\u6d77", "offset": 35, "length": 2}], "country": [{"text": "\u7f8e\u56fd", "offset": 9, "length": 2}, {"text": "\u4e2d\u65b9", "offset": 41, "length": 2}], "weapon": []}}]