[{"sentence": "\u7f8e\u56fd\u548c\u52a0\u62ff\u5927\u5728\u5317\u6781\u4e3e\u884c\u519b\u6f14\u00a0\u4e25\u683c\u9884\u9632\u628a\u65b0\u51a0\u75c5\u6bd2\u5e26\u5230\u5317\u6781", "events": [{"trigger": {"text": "\u519b\u6f14", "offset": 11, "length": 2}, "object": {"text": "", "offset": 0, "length": 0}, "subject": {"text": "", "offset": 0, "length": 0}}], "arguments": {"time": [], "loc": [{"text": "\u5317\u6781", "offset": 7, "length": 2}, {"text": "\u5317\u6781", "offset": 25, "length": 2}], "country": [{"text": "\u7f8e\u56fd", "offset": 0, "length": 2}, {"text": "\u52a0\u62ff\u5927", "offset": 3, "length": 3}], "weapon": []}}, {"sentence": "\u3010\u73af\u7403\u7f51\u62a5\u9053 \u8bb0\u8005 \u5f90\u7490\u660e\u3011", "events": [], "arguments": {"time": [], "loc": [], "country": [], "weapon": []}}, {"sentence": "\u636e\u201c\u9632\u52a1\u535a\u5ba2\u201d\u7f51\u7ad98\u670817\u65e5\u62a5\u9053\uff0c\u7f8e\u56fd\u548c\u52a0\u62ff\u5927\u6218\u673a\u5c06\u5728\u5317\u6781\u5f00\u5c55\u8054\u5408\u519b\u4e8b\u6f14\u7ec3\u3002", "events": [{"trigger": {"text": "\u519b\u4e8b\u6f14\u7ec3", "offset": 33, "length": 4}, "object": {"text": "", "offset": 0, "length": 0}, "subject": {"text": "", "offset": 0, "length": 0}}], "arguments": {"time": [{"text": "8\u670817\u65e5", "offset": 9, "length": 5}], "loc": [{"text": "\u5317\u6781", "offset": 27, "length": 2}], "country": [{"text": "\u7f8e\u56fd", "offset": 17, "length": 2}, {"text": "\u52a0\u62ff\u5927", "offset": 20, "length": 3}], "weapon": [{"text": "\u6218\u673a", "offset": 23, "length": 2}]}}, {"sentence": "\u62a5\u9053\u79f0\uff0c\u636e\u5317\u7f8e\u9632\u7a7a\u53f8\u4ee4\u90e8\u7684\u6d88\u606f\uff0c\u7f8e\u56fd\u548c\u52a0\u62ff\u5927\u5c06\u4e8e8\u670817\u65e5\u81f321\u65e5\u5728\u5317\u6781\u5730\u533a\u5f00\u5c55\u9632\u7a7a\u6f14\u7ec3\uff0c\u6f14\u4e60\u8303\u56f4\u4ece\u6ce2\u5f17\u7279\u6d77\uff08\u5317\u51b0\u6d0b\u8fb9\u7f18\u6d77\uff09\u81f3\u683c\u6797\u5170\u5c9b\u7684\u56fe\u52d2\u3002", "events": [{"trigger": {"text": "\u6f14\u7ec3", "offset": 42, "length": 2}, "object": {"text": "", "offset": 0, "length": 0}, "subject": {"text": "", "offset": 0, "length": 0}}, {"trigger": {"text": "\u6f14\u4e60", "offset": 45, "length": 2}, "object": {"text": "", "offset": 0, "length": 0}, "subject": {"text": "", "offset": 0, "length": 0}}], "arguments": {"time": [{"text": "8\u670817\u65e5\u81f321\u65e5", "offset": 24, "length": 9}], "loc": [{"text": "\u6ce2\u5f17\u7279\u6d77", "offset": 50, "length": 4}, {"text": "\u5317\u51b0\u6d0b\u8fb9\u7f18\u6d77", "offset": 55, "length": 6}, {"text": "\u683c\u6797\u5170\u5c9b\u7684\u56fe\u52d2", "offset": 63, "length": 7}, {"text": "\u5317\u6781\u5730\u533a", "offset": 34, "length": 4}], "country": [{"text": "\u7f8e\u56fd", "offset": 16, "length": 2}, {"text": "\u52a0\u62ff\u5927", "offset": 19, "length": 3}], "weapon": []}}, {"sentence": "\u6f14\u4e60\u4e2d\u52a0\u62ff\u5927\u5c06\u51fa\u52a8CF1-8\u6218\u6597\u673a\u3001CP-140\u5de1\u903b\u673a\u548cCC-150T\u7a7a\u4e2d\u52a0\u6cb9\u673a\uff0c\u7f8e\u56fd\u5c06\u51fa\u52a8F-15\u6218\u6597\u673a\u3001KC-10\u52a0\u6cb9\u673a\u548cC-17\u8fd0\u8f93\u673a\u3002", "events": [{"trigger": {"text": "\u6f14\u4e60", "offset": 0, "length": 2}, "object": {"text": "", "offset": 0, "length": 0}, "subject": {"text": "", "offset": 0, "length": 0}}, {"trigger": {"text": "\u51fa\u52a8", "offset": 44, "length": 2}, "object": {"text": "", "offset": 0, "length": 0}, "subject": {"text": "", "offset": 0, "length": 0}}, {"trigger": {"text": "\u51fa\u52a8", "offset": 7, "length": 2}, "object": {"text": "", "offset": 0, "length": 0}, "subject": {"text": "", "offset": 0, "length": 0}}], "arguments": {"time": [], "loc": [], "country": [{"text": "\u52a0\u62ff\u5927", "offset": 3, "length": 3}, {"text": "\u7f8e\u56fd", "offset": 41, "length": 2}], "weapon": [{"text": "CF1-8\u6218\u6597\u673a", "offset": 9, "length": 8}, {"text": "CP-140\u5de1\u903b\u673a", "offset": 18, "length": 9}, {"text": "CC-150T\u7a7a\u4e2d\u52a0\u6cb9\u673a", "offset": 28, "length": 12}, {"text": "F-15\u6218\u6597\u673a", "offset": 46, "length": 7}, {"text": "KC-10\u52a0\u6cb9\u673a", "offset": 54, "length": 8}, {"text": "C-17\u8fd0\u8f93\u673a", "offset": 63, "length": 7}]}}, {"sentence": "\u6f14\u4e60\u7684\u98de\u884c\u6d3b\u52a8\u5c06\u5728\u4eba\u70df\u7a00\u5c11\u7684\u5317\u6781\u5730\u533a\u548c\u9ad8\u6d77\u62d4\u5730\u533a\u8fdb\u884c\u3002", "events": [{"trigger": {"text": "\u6f14\u4e60", "offset": 0, "length": 2}, "object": {"text": "", "offset": 0, "length": 0}, "subject": {"text": "", "offset": 0, "length": 0}}, {"trigger": {"text": "\u98de\u884c", "offset": 3, "length": 2}, "object": {"text": "", "offset": 0, "length": 0}, "subject": {"text": "", "offset": 0, "length": 0}}], "arguments": {"time": [], "loc": [{"text": "\u5317\u6781\u5730\u533a", "offset": 14, "length": 4}], "country": [], "weapon": []}}, {"sentence": "\u5317\u7f8e\u9632\u7a7a\u53f8\u4ee4\u90e8\u7ecf\u5e38\u5f00\u5c55\u5404\u79cd\u5177\u6709\u9488\u5bf9\u6027\u7684\u6f14\u4e60\uff0c\u5305\u62ec\u5e94\u5bf9\u64c5\u95ef\u9650\u5236\u7a7a\u57df\u3001\u52ab\u6301\u5ba2\u673a\u7b49\u3002", "events": [{"trigger": {"text": "\u64c5\u95ef", "offset": 26, "length": 2}, "object": {"text": "", "offset": 0, "length": 0}, "subject": {"text": "", "offset": 0, "length": 0}}], "arguments": {"time": [], "loc": [], "country": [], "weapon": []}}, {"sentence": "\u4e3a\u5e94\u5bf9\u65b0\u51a0\u80ba\u708e\u75ab\u60c5\uff0c\u5317\u7f8e\u9632\u7a7a\u53f8\u4ee4\u90e8\u8fd8\u5236\u5b9a\u4e86\u4e25\u683c\u7684\u9884\u9632\u63aa\u65bd\uff0c\u5305\u62ec\u8981\u6c42\u53c2\u4e0e\u4eba\u5458\u4fdd\u6301\u793e\u4ea4\u8ddd\u79bb\u3001\u4f69\u6234\u53e3\u7f69\uff0c\u4ee5\u51cf\u5c11\u519b\u4eba\u548c\u5f53\u5730\u5c45\u6c11\u7684\u65b0\u51a0\u611f\u67d3\u98ce\u9669\u3002", "events": [], "arguments": {"time": [], "loc": [], "country": [], "weapon": []}}, {"sentence": "\u6b64\u5916\uff0c\u53c2\u52a0\u6f14\u4e60\u7684\u7f8e\u56fd\u519b\u4eba\u5728\u62b5\u8fbe\u52a0\u62ff\u5927\u524d\u8fd8\u9700\u8981\u8fdb\u884c\u4e24\u6b21\u65b0\u51a0\u75c5\u6bd2\u7684\u9634\u6027\u68c0\u6d4b\uff0c\u6240\u6709\u90e8\u7f72\u5728\u524d\u7ebf\u4f5c\u6218\u5730\u70b9\u7684\u519b\u4eba\u4e5f\u5c06\u90fd\u88ab\u9694\u79bb\u5728\u8425\u533a\u5185\u3002", "events": [{"trigger": {"text": "\u53c2\u52a0\u6f14\u4e60", "offset": 3, "length": 4}, "object": {"text": "", "offset": 0, "length": 0}, "subject": {"text": "", "offset": 0, "length": 0}}, {"trigger": {"text": "\u90e8\u7f72\u5728", "offset": 38, "length": 3}, "object": {"text": "", "offset": 0, "length": 0}, "subject": {"text": "", "offset": 0, "length": 0}}, {"trigger": {"text": "\u62b5\u8fbe", "offset": 13, "length": 2}, "object": {"text": "", "offset": 0, "length": 0}, "subject": {"text": "", "offset": 0, "length": 0}}], "arguments": {"time": [], "loc": [], "country": [{"text": "\u7f8e\u56fd", "offset": 8, "length": 2}, {"text": "\u52a0\u62ff\u5927", "offset": 15, "length": 3}], "weapon": []}}]