[{"sentence": "\u4e3a\u63d0\u9632\u4f0a\u6717\u4e70\u5230\u4fc4\u5236S400\u9632\u7a7a\u7cfb\u7edf\u00a0\u7f8e\u56fd\u548c\u4ee5\u8272\u5217F-35\u6218\u673a\u7ec3\u8054\u624b\u7ede\u6740", "events": [], "arguments": {"time": [], "loc": [], "country": [{"text": "\u4f0a\u6717", "offset": 3, "length": 2}, {"text": "\u7f8e\u56fd", "offset": 18, "length": 2}, {"text": "\u4ee5\u8272\u5217", "offset": 21, "length": 3}, {"text": "\u4fc4", "offset": 7, "length": 1}], "weapon": [{"text": "S400\u9632\u7a7a\u7cfb\u7edf", "offset": 9, "length": 8}, {"text": "F-35\u6218\u673a", "offset": 24, "length": 6}]}}, {"sentence": "\u3010\u73af\u7403\u7f51\u62a5\u9053 \u8bb0\u8005 \u5f90\u7490\u660e\u3011", "events": [], "arguments": {"time": [], "loc": [], "country": [], "weapon": []}}, {"sentence": "\u636e\u201c\u9632\u52a1\u7a81\u53d1\u65b0\u95fb\u201d\u7f51\u7ad98\u670815\u65e5\u62a5\u9053\uff0c\u7f8e\u56fd\u548c\u4ee5\u8272\u5217\u5728\u672c\u6708\u521d\u4e3e\u884c\u4e86\u7b2c\u4e8c\u9636\u6bb5\u7684\u201c\u6301\u4e45\u95ea\u7535\u201d\u8054\u5408\u6f14\u4e60\uff0c\u8be5\u6f14\u4e60\u65e8\u5728\u63d0\u9ad8\u7f8e\u4ee5\u4e24\u56fd\u7a7a\u519bF-35\u7b2c\u4e94\u4ee3\u6218\u6597\u673a\u7684\u4f5c\u6218\u80fd\u529b\u3002", "events": [{"trigger": {"text": "\u8054\u5408\u6f14\u4e60", "offset": 43, "length": 4}, "object": {"text": "", "offset": 0, "length": 0}, "subject": {"text": "", "offset": 0, "length": 0}}, {"trigger": {"text": "\u6f14\u4e60", "offset": 49, "length": 2}, "object": {"text": "", "offset": 0, "length": 0}, "subject": {"text": "", "offset": 0, "length": 0}}], "arguments": {"time": [{"text": "8\u670815\u65e5", "offset": 11, "length": 5}, {"text": "\u672c\u6708\u521d", "offset": 26, "length": 3}], "loc": [], "country": [{"text": "\u7f8e\u56fd", "offset": 19, "length": 2}, {"text": "\u4ee5\u8272\u5217", "offset": 22, "length": 3}], "weapon": [{"text": "F-35\u7b2c\u4e94\u4ee3\u6218\u6597\u673a", "offset": 61, "length": 10}]}}, {"sentence": "\u5728\u6f14\u4e60\u4e2d\uff0c\u6765\u81ea\u4ee5\u8272\u5217\u7a7a\u519b\u7684\u7b2c140\u4e2d\u961f\u7684F-35\u6218\u6597\u673a\u4e0e\u6765\u81ea\u7f8e\u56fd\u7a7a\u519b\u7b2c421\u8fdc\u5f81\u6218\u6597\u673a\u4e2d\u961f\u7684F-35A\u6218\u6597\u673a\u4e00\u8d77\u8fdb\u884c\u8bad\u7ec3\uff0c\u5e76\u51fa\u52a8\u4e00\u67b6\u4ee5\u8272\u5217\u9884\u8b66\u673a\u63d0\u4f9b\u7a7a\u4e2d\u6307\u6325\u652f\u6301\u3002", "events": [{"trigger": {"text": "\u8bad\u7ec3", "offset": 58, "length": 2}, "object": {"text": "", "offset": 0, "length": 0}, "subject": {"text": "", "offset": 0, "length": 0}}, {"trigger": {"text": "\u51fa\u52a8", "offset": 62, "length": 2}, "object": {"text": "", "offset": 0, "length": 0}, "subject": {"text": "", "offset": 0, "length": 0}}], "arguments": {"time": [], "loc": [], "country": [{"text": "\u4ee5\u8272\u5217", "offset": 66, "length": 3}, {"text": "\u4ee5\u8272\u5217", "offset": 7, "length": 3}, {"text": "\u7f8e\u56fd", "offset": 30, "length": 2}], "weapon": [{"text": "F-35\u6218\u6597\u673a", "offset": 20, "length": 7}, {"text": "F-35A\u6218\u6597\u673a", "offset": 46, "length": 8}, {"text": "\u9884\u8b66\u673a", "offset": 69, "length": 3}]}}, {"sentence": "\u4e0e\u4eca\u5e74\u65e9\u4e9b\u65f6\u5019\u4e3e\u884c\u7684\u7b2c\u4e00\u9636\u6bb5\u201c\u6301\u4e45\u95ea\u7535\u201d\u6f14\u4e60\u76f8\u6bd4\uff0c\u8fd9\u6b21\u6f14\u4e60\u6709\u4e86\u91cd\u5927\u8fdb\u5c55\u3002", "events": [{"trigger": {"text": "\u6f14\u4e60", "offset": 20, "length": 2}, "object": {"text": "", "offset": 0, "length": 0}, "subject": {"text": "", "offset": 0, "length": 0}}, {"trigger": {"text": "\u6f14\u4e60", "offset": 27, "length": 2}, "object": {"text": "", "offset": 0, "length": 0}, "subject": {"text": "", "offset": 0, "length": 0}}], "arguments": {"time": [], "loc": [], "country": [], "weapon": []}}, {"sentence": "\u4ee5\u8272\u5217\u7684F-35\u6218\u6597\u673a\u5728\u6f14\u4e60\u4e2d\u4e0e\u7f8e\u56fd\u7a7a\u519b\u7b2c908\u8fdc\u5f81\u7a7a\u4e2d\u52a0\u6cb9\u673a\u4e2d\u961f\u7684KC-10\u52a0\u6cb9\u673a\u5bf9\u63a5\uff0c\u5b8c\u6210\u4e86\u7a7a\u4e2d\u52a0\u6cb9\u4f5c\u4e1a\u3002", "events": [{"trigger": {"text": "\u6f14\u4e60", "offset": 12, "length": 2}, "object": {"text": "", "offset": 0, "length": 0}, "subject": {"text": "", "offset": 0, "length": 0}}], "arguments": {"time": [], "loc": [], "country": [{"text": "\u4ee5\u8272\u5217", "offset": 0, "length": 3}, {"text": "\u7f8e\u56fd", "offset": 16, "length": 2}], "weapon": [{"text": "KC-10\u52a0\u6cb9\u673a", "offset": 34, "length": 8}, {"text": "F-35\u6218\u6597\u673a", "offset": 4, "length": 7}]}}, {"sentence": "\u7f8e\u56fd\u548c\u4ee5\u8272\u5217\u7684F-35\u6218\u6597\u673a\u98de\u884c\u5458\u8fdb\u884c\u4e86\u901a\u4fe1\u7cfb\u7edf\u7684\u534f\u540c\u64cd\u4f5c\u8bad\u7ec3\uff0c\u8fd8\u5f00\u5c55\u4e86\u7ea2\u84dd\u5bf9\u6297\u6a21\u62df\u6f14\u7ec3\u3002", "events": [{"trigger": {"text": "\u6a21\u62df\u6f14\u7ec3", "offset": 40, "length": 4}, "object": {"text": "", "offset": 0, "length": 0}, "subject": {"text": "", "offset": 0, "length": 0}}], "arguments": {"time": [], "loc": [], "country": [{"text": "\u7f8e\u56fd", "offset": 0, "length": 2}, {"text": "\u4ee5\u8272\u5217", "offset": 3, "length": 3}], "weapon": [{"text": "F-35\u6218\u6597\u673a", "offset": 7, "length": 7}]}}, {"sentence": "\u8fd9\u4f7f\u5f97\u7f8e\u4ee5\u4e24\u56fd\u7684F-35\u98de\u884c\u5458\u80fd\u591f\u6709\u673a\u4f1a\u5728\u4e00\u8d77\u6f14\u7ec3\u5982\u4f55\u51fb\u8d25\u654c\u65b9\u5148\u8fdb\u7684\u9632\u7a7a\u7cfb\u7edf\u548c\u6218\u6597\u673a\u3002", "events": [{"trigger": {"text": "\u51fb\u8d25", "offset": 27, "length": 2}, "object": {"text": "", "offset": 0, "length": 0}, "subject": {"text": "", "offset": 0, "length": 0}}], "arguments": {"time": [], "loc": [], "country": [{"text": "\u7f8e", "offset": 3, "length": 1}, {"text": "\u4ee5", "offset": 4, "length": 1}], "weapon": [{"text": "F-35", "offset": 8, "length": 4}, {"text": "\u9632\u7a7a\u7cfb\u7edf", "offset": 34, "length": 4}, {"text": "\u6218\u6597\u673a", "offset": 39, "length": 3}]}}, {"sentence": "\u62a5\u9053\u79f0\uff0c\u7f8e\u4ee5\u9762\u4e34\u7684\u73b0\u5b9e\u60c5\u51b5\u662f\uff0c\u4ed6\u4eec\u5fc5\u987b\u6467\u6bc1\u4f0a\u6717\u7684\u9632\u7a7a\u7cfb\u7edf\u548c\u6218\u6597\u673a\uff0c\u624d\u80fd\u5bf9\u5176\u5730\u9762\u76ee\u6807\u5f00\u5c55\u8fdb\u4e00\u6b65\u6253\u51fb\u3002", "events": [{"trigger": {"text": "\u6253\u51fb", "offset": 46, "length": 2}, "object": {"text": "", "offset": 0, "length": 0}, "subject": {"text": "", "offset": 0, "length": 0}}], "arguments": {"time": [], "loc": [], "country": [{"text": "\u4f0a\u6717", "offset": 21, "length": 2}], "weapon": [{"text": "\u6218\u6597\u673a", "offset": 29, "length": 3}]}}, {"sentence": "\u8fd9\u79cd\u5bf9\u4f0a\u6717\u65e5\u76ca\u589e\u957f\u7684\u519b\u4e8b\u80fd\u529b\u7684\u62c5\u5fe7\u5e76\u4e0d\u662f\u7a7a\u7a74\u6765\u98ce\u3002", "events": [], "arguments": {"time": [], "loc": [], "country": [{"text": "\u4f0a\u6717", "offset": 3, "length": 2}], "weapon": []}}, {"sentence": "\u4f0a\u6717\u5df2\u7ecf\u88c5\u5907\u4e86\u5148\u8fdb\u7684\u4fc4\u5236\u9632\u7a7a\u6b66\u5668\u7cfb\u7edf\uff0c\u4f8b\u5982S-300\u9632\u7a7a\u5bfc\u5f39\u3002", "events": [{"trigger": {"text": "\u88c5\u5907\u4e86", "offset": 4, "length": 3}, "object": {"text": "", "offset": 0, "length": 0}, "subject": {"text": "", "offset": 0, "length": 0}}], "arguments": {"time": [], "loc": [], "country": [{"text": "\u4f0a\u6717", "offset": 0, "length": 2}], "weapon": [{"text": "S-300\u9632\u7a7a\u5bfc\u5f39", "offset": 21, "length": 9}]}}, {"sentence": "2019\u5e74\u4f0a\u6717\u8fd8\u5bfb\u6c42\u8d2d\u4e70\u4fc4\u5236S-400\u9632\u7a7a\u7cfb\u7edf\u3002", "events": [{"trigger": {"text": "\u8d2d\u4e70", "offset": 10, "length": 2}, "object": {"text": "", "offset": 0, "length": 0}, "subject": {"text": "", "offset": 0, "length": 0}}], "arguments": {"time": [{"text": "2019\u5e74", "offset": 0, "length": 5}], "loc": [], "country": [{"text": "\u4f0a\u6717", "offset": 5, "length": 2}], "weapon": [{"text": "S-400\u9632\u7a7a\u7cfb\u7edf", "offset": 14, "length": 9}]}}, {"sentence": "\u867d\u7136\u4fc4\u7f57\u65af\u62d2\u7edd\u4e86\u4f0a\u6717\u7684\u8fd9\u4e00\u8bf7\u6c42\uff0c\u4f46\u5982\u679c\u6b66\u5668\u7981\u8fd0\u89e3\u7981\uff0c\u4fc4\u7f57\u65af\u53ef\u80fd\u4f1a\u6293\u4f4f\u8fd9\u4e00\u65f6\u673a\u5411\u4f0a\u6717\u51fa\u552eS-400\u9632\u7a7a\u7cfb\u7edf\u3001\u6218\u6597\u673a\u548c\u5176\u4ed6\u6b66\u5668\u88c5\u5907\u3002", "events": [{"trigger": {"text": "\u51fa\u552e", "offset": 41, "length": 2}, "object": {"text": "", "offset": 0, "length": 0}, "subject": {"text": "", "offset": 0, "length": 0}}], "arguments": {"time": [], "loc": [], "country": [{"text": "\u4fc4\u7f57\u65af", "offset": 2, "length": 3}, {"text": "\u4f0a\u6717", "offset": 8, "length": 2}, {"text": "\u4fc4\u7f57\u65af", "offset": 26, "length": 3}, {"text": "\u4f0a\u6717", "offset": 39, "length": 2}], "weapon": [{"text": "S-400\u9632\u7a7a\u7cfb\u7edf", "offset": 43, "length": 9}, {"text": "\u6218\u6597\u673a", "offset": 53, "length": 3}]}}, {"sentence": "\u4eca\u5e747\u6708\uff0c\u4f0a\u6717\u5916\u4ea4\u90e8\u957f\u624e\u91cc\u592b\u66fe\u4e24\u6b21\u8bbf\u95ee\u83ab\u65af\u79d1\uff0c\u4f0a\u6717\u9a7b\u4fc4\u7f57\u65af\u5927\u4f7f\u8d3e\u62c9\u5229\u660e\u786e\u8868\u793a\uff0c\u4f0a\u6717\u5bfb\u6c42\u901a\u8fc7\u4ece\u4fc4\u7f57\u65af\u8d2d\u4e70\u6b66\u5668\u6765\u201c\u589e\u5f3a\u9632\u5fa1\u80fd\u529b\u201d\u3002", "events": [{"trigger": {"text": "\u8d2d\u4e70", "offset": 49, "length": 2}, "object": {"text": "", "offset": 0, "length": 0}, "subject": {"text": "", "offset": 0, "length": 0}}], "arguments": {"time": [{"text": "\u4eca\u5e747\u6708", "offset": 0, "length": 4}], "loc": [{"text": "\u83ab\u65af\u79d1", "offset": 19, "length": 3}], "country": [{"text": "\u4f0a\u6717", "offset": 5, "length": 2}, {"text": "\u4f0a\u6717", "offset": 23, "length": 2}, {"text": "\u4fc4\u7f57\u65af", "offset": 26, "length": 3}, {"text": "\u4f0a\u6717", "offset": 39, "length": 2}, {"text": "\u4fc4\u7f57\u65af", "offset": 46, "length": 3}], "weapon": []}}, {"sentence": "\u62a5\u9053\u79f0\uff0c\u8fd9\u5bf9\u4e8e\u7f8e\u56fd\u3001\u4ee5\u8272\u5217\u7b49\u56fd\u6765\u8bf4\u5c24\u4e3a\u4e0d\u5999\uff0c\u56e0\u4e3a\u4f0a\u6717\u5df2\u7ecf\u5177\u5907\u4e86\u4e00\u5b9a\u7684\u53cd\u4ecb\u5165/\u533a\u57df\u62d2\u6b62\u80fd\u529b\uff0c\u5176\u4f5c\u6218\u5b9e\u529b\u7684\u8fdb\u4e00\u6b65\u589e\u5f3a\u5c06\u5927\u5927\u589e\u52a0\u7f8e\u56fd\u548c\u4ee5\u8272\u5217\u519b\u961f\u9762\u4e34\u7684\u98ce\u9669\u3002", "events": [], "arguments": {"time": [], "loc": [], "country": [{"text": "\u7f8e\u56fd", "offset": 7, "length": 2}, {"text": "\u4ee5\u8272\u5217", "offset": 10, "length": 3}, {"text": "\u4f0a\u6717", "offset": 24, "length": 2}, {"text": "\u7f8e\u56fd", "offset": 61, "length": 2}, {"text": "\u4ee5\u8272\u5217", "offset": 64, "length": 3}], "weapon": []}}, {"sentence": "\u4e0e\u8001\u5f0f\u6218\u6597\u673a\u76f8\u6bd4\uff0c\u7f8e\u4ee5\u4e24\u56fd\u88c5\u5907\u7684F-35\u6218\u6597\u673a\u7684\u6218\u6597\u529b\u6709\u663e\u8457\u63d0\u5347\uff0c\u8fd9\u662f\u904f\u5236\u4f0a\u6717\u7684\u5173\u952e\u3002", "events": [], "arguments": {"time": [], "loc": [], "country": [{"text": "\u7f8e", "offset": 9, "length": 1}, {"text": "\u4ee5", "offset": 10, "length": 1}, {"text": "\u4f0a\u6717", "offset": 37, "length": 2}], "weapon": [{"text": "F-35\u6218\u6597\u673a", "offset": 16, "length": 7}]}}, {"sentence": "\u7f8e\u4ee5\u5728\u6b64\u65f6\u5f00\u5c55\u201c\u6301\u4e45\u95ea\u7535\u201d\u8fd9\u6837\u7684\u8054\u5408\u6f14\u4e60\u4e5f\u663e\u5f97\u6bd4\u4ee5\u5f80\u65f6\u5019\u90fd\u66f4\u4e3a\u91cd\u8981\u3002", "events": [{"trigger": {"text": "\u8054\u5408\u6f14\u4e60", "offset": 16, "length": 4}, "object": {"text": "", "offset": 0, "length": 0}, "subject": {"text": "", "offset": 0, "length": 0}}], "arguments": {"time": [], "loc": [], "country": [{"text": "\u7f8e", "offset": 0, "length": 1}, {"text": "\u4ee5", "offset": 1, "length": 1}], "weapon": []}}]