[{"sentence": "\u7f8e\u519b\u88ab\u4f20\u53ef\u80fd\u5c06\u7814\u53d1\u4e2d\u7684\u201c\u8d85\u7ea7\u5927\u70ae\u201d\u90e8\u7f72\u81f3\u97e9\u56fd\uff0c\u97e9\u5a92\uff1a\u5c04\u7a0b1600\u516c\u91cc\uff0c\u53ef\u6253\u51fb\u5317\u4eac\u4e0a\u6d77", "events": [{"trigger": {"text": "\u90e8\u7f72\u81f3", "offset": 17, "length": 3}, "object": {"text": "", "offset": 0, "length": 0}, "subject": {"text": "", "offset": 0, "length": 0}}, {"trigger": {"text": "\u6253\u51fb", "offset": 36, "length": 2}, "object": {"text": "", "offset": 0, "length": 0}, "subject": {"text": "", "offset": 0, "length": 0}}], "arguments": {"time": [], "loc": [], "country": [{"text": "\u7f8e", "offset": 0, "length": 1}, {"text": "\u97e9\u56fd", "offset": 20, "length": 2}], "weapon": [{"text": "\u201c\u8d85\u7ea7\u5927\u70ae\u201d", "offset": 11, "length": 6}]}}, {"sentence": "\u3010\u73af\u7403\u7f51\u519b\u4e8b\u62a5\u9053\u3011", "events": [], "arguments": {"time": [], "loc": [], "country": [], "weapon": []}}, {"sentence": "\u636e\u97e9\u56fd\u5a92\u4f53\u300a\u671d\u9c9c\u65e5\u62a5\u300b8\u670813\u65e5\u62a5\u9053\uff0c\u6709\u8a00\u8bba\u79f0\uff0c\u7f8e\u56fd\u9646\u519b\u6b63\u5728\u5f00\u53d1\u7684\u5c04\u7a0b\u8d85\u8fc71000\u82f1\u91cc\uff081600\u516c\u91cc\uff09\u7684\u201c\u6218\u7565\u8fdc\u7a0b\u52a0\u519c\u70ae\uff08SLRC\uff0cStrategic Long Range Cannon\uff09\u201d\u6709\u53ef\u80fd\u5728\u97e9\u534a\u5c9b\u5b9e\u65bd\u90e8\u7f72\u3002", "events": [{"trigger": {"text": "\u90e8\u7f72", "offset": 104, "length": 2}, "object": {"text": "", "offset": 0, "length": 0}, "subject": {"text": "", "offset": 0, "length": 0}}], "arguments": {"time": [{"text": "8\u670813\u65e5", "offset": 11, "length": 5}], "loc": [{"text": "\u97e9\u534a\u5c9b", "offset": 99, "length": 3}], "country": [{"text": "\u97e9\u56fd", "offset": 1, "length": 2}, {"text": "\u671d\u9c9c", "offset": 6, "length": 2}, {"text": "\u7f8e\u56fd", "offset": 24, "length": 2}], "weapon": [{"text": "\u201c\u6218\u7565\u8fdc\u7a0b\u52a0\u519c\u70ae\uff08SLRC\uff0cStrategic Long Range Cannon\uff09\u201d", "offset": 52, "length": 43}]}}, {"sentence": "\u5982\u679c\u8be5\u52a0\u519c\u70ae\u5728\u97e9\u90e8\u7f72\uff0c\u5317\u4eac\u3001\u4e0a\u6d77\u7b49\u4e2d\u56fd\u4e3b\u8981\u57ce\u5e02\u90fd\u5c06\u88ab\u7eb3\u5165\u5176\u5c04\u7a0b\u8303\u56f4\u3002", "events": [{"trigger": {"text": "\u90e8\u7f72", "offset": 8, "length": 2}, "object": {"text": "", "offset": 0, "length": 0}, "subject": {"text": "", "offset": 0, "length": 0}}], "arguments": {"time": [], "loc": [], "country": [{"text": "\u4e2d\u56fd", "offset": 17, "length": 2}], "weapon": [{"text": "\u52a0\u519c\u70ae", "offset": 3, "length": 3}]}}, {"sentence": "\u62a5\u9053\u79f0\uff0c\u5f53\u5730\u65f6\u95f48\u670811\u65e5\uff0c\u7f8e\u56fd\u7ecf\u6d4e\u6742\u5fd7\u300a\u798f\u5e03\u65af\u300b\u53d1\u5e03\u9898\u4e3a\u300a\u4e0e\u4e2d\u56fd\u5f00\u6218\uff0c\u7f8e\u519b\u5c06\u5728\u4f55\u5904\u90e8\u7f72\u5c04\u7a0b\u4e3a1000\u82f1\u91cc\u7684\u8fdc\u7a0b\u52a0\u519c\u70ae\uff1f", "events": [{"trigger": {"text": "\u90e8\u7f72", "offset": 42, "length": 2}, "object": {"text": "", "offset": 0, "length": 0}, "subject": {"text": "", "offset": 0, "length": 0}}], "arguments": {"time": [{"text": "8\u670811\u65e5", "offset": 8, "length": 5}], "loc": [], "country": [{"text": "\u7f8e\u56fd", "offset": 14, "length": 2}, {"text": "\u4e2d\u56fd", "offset": 31, "length": 2}], "weapon": [{"text": "\u8fdc\u7a0b\u52a0\u519c\u70ae", "offset": 54, "length": 5}]}}, {"sentence": "\u300b\u7684\u62a5\u9053\u79f0\uff0c\u6b64\u524d\u7531\u4e8e\u4e0e\u4e2d\u56fd\u7684\u7ea0\u7eb7\u5927\u591a\u53d1\u751f\u5728\u6d77\u4e0a\uff0c\u56e0\u6b64\u9664\u975e\u4e2d\u7f8e\u5168\u9762\u6218\u4e89\uff0c\u5426\u5219\u7f8e\u56fd\u9646\u519b\u4e00\u76f4\u88ab\u8ba4\u4e3a\u4f5c\u7528\u6709\u9650\u3002", "events": [], "arguments": {"time": [], "loc": [{"text": "\u6d77\u4e0a", "offset": 21, "length": 2}], "country": [{"text": "\u4e2d\u56fd", "offset": 11, "length": 2}, {"text": "\u7f8e\u56fd", "offset": 37, "length": 2}], "weapon": []}}, {"sentence": "\u4f46\u5982\u679c\u9646\u519b\u6b63\u5728\u5f00\u53d1\u7684\u5c04\u7a0b\u8fbe1000\u82f1\u91cc\u7684\u201c\u6218\u7565\u8fdc\u7a0b\u52a0\u519c\u70ae\u201d\u5b8c\u6210\u90e8\u7f72\u5219\u53e6\u5f53\u522b\u8bba\u3002", "events": [{"trigger": {"text": "\u90e8\u7f72", "offset": 31, "length": 2}, "object": {"text": "", "offset": 0, "length": 0}, "subject": {"text": "", "offset": 0, "length": 0}}], "arguments": {"time": [], "loc": [], "country": [], "weapon": [{"text": "\u201c\u6218\u7565\u8fdc\u7a0b\u52a0\u519c\u70ae\u201d", "offset": 20, "length": 9}]}}, {"sentence": "\u62a5\u9053\u8ba4\u4e3a\uff0c\u97e9\u56fd\u3001\u65e5\u672c\u3001\u83f2\u5f8b\u5bbe\u662f\u7f8e\u56fd\u90e8\u7f72\u70ae\u5175\u90e8\u961f\u7684\u5019\u9009\u5730\u533a\uff0c\u201c\u4f46\u4e0d\u4fdd\u8bc1\u8fd9\u4e9b\u5730\u533a\u60f3\u8981\u5f15\u8fdb\u70ae\u5175\u3002", "events": [{"trigger": {"text": "\u5f15\u8fdb", "offset": 40, "length": 2}, "object": {"text": "", "offset": 0, "length": 0}, "subject": {"text": "", "offset": 0, "length": 0}}], "arguments": {"time": [], "loc": [], "country": [{"text": "\u97e9\u56fd", "offset": 5, "length": 2}, {"text": "\u65e5\u672c", "offset": 8, "length": 2}, {"text": "\u83f2\u5f8b\u5bbe", "offset": 11, "length": 3}, {"text": "\u7f8e\u56fd", "offset": 15, "length": 2}], "weapon": []}}, {"sentence": "\u201d\u4f5c\u4e3a\u5907\u9009\u65b9\u6848\uff0c\u62a5\u9053\u63d0\u51fa\u53ef\u4ee5\u5728\u4e2d\u56fd\u5468\u8fb9\u6d77\u57df\u7684\u5c9b\u5c7f\u4e0a\u5077\u5077\u90e8\u7f72\u8fd9\u4e9b\u70ae\u53f0\uff0c\u4f46\u6050\u96be\u62db\u67b6\u4e2d\u56fd\u7684\u653b\u51fb\u3002", "events": [{"trigger": {"text": "\u90e8\u7f72", "offset": 27, "length": 2}, "object": {"text": "", "offset": 0, "length": 0}, "subject": {"text": "", "offset": 0, "length": 0}}, {"trigger": {"text": "\u653b\u51fb", "offset": 42, "length": 2}, "object": {"text": "", "offset": 0, "length": 0}, "subject": {"text": "", "offset": 0, "length": 0}}], "arguments": {"time": [], "loc": [], "country": [{"text": "\u4e2d\u56fd", "offset": 15, "length": 2}, {"text": "\u4e2d\u56fd", "offset": 39, "length": 2}], "weapon": []}}, {"sentence": "\u800c\u97e9\u56fd\u4e4b\u6240\u4ee5\u88ab\u7eb3\u5165\u5019\u9009\u5730\u533a\uff0c\u4ece\u5170\u5fb7\u516c\u53f82019\u5e74\u53d1\u5e03\u7684\u62a5\u544a\u4e2d\u7684\u5730\u56fe\u5c31\u53ef\u4ee5\u770b\u51fa\u3002", "events": [], "arguments": {"time": [{"text": "2019\u5e74", "offset": 19, "length": 5}], "loc": [], "country": [{"text": "\u97e9\u56fd", "offset": 1, "length": 2}], "weapon": []}}, {"sentence": "\u5170\u5fb7\u516c\u53f8\u5047\u8bbe\u4e86\u5728\u97e9\u56fd\u3001\u65e5\u672c\u3001\u83f2\u5f8b\u5bbe\u90e8\u7f72\u5c04\u7a0b\u4e3a750\u82f1\u91cc\uff081200\u516c\u91cc\uff09\u7684\u70ae\u53f0\u6216\u5bfc\u5f39\u7684\u60c5\u51b5\u3002", "events": [{"trigger": {"text": "\u90e8\u7f72", "offset": 17, "length": 2}, "object": {"text": "", "offset": 0, "length": 0}, "subject": {"text": "", "offset": 0, "length": 0}}], "arguments": {"time": [], "loc": [], "country": [{"text": "\u97e9\u56fd", "offset": 8, "length": 2}, {"text": "\u65e5\u672c", "offset": 11, "length": 2}, {"text": "\u83f2\u5f8b\u5bbe", "offset": 14, "length": 3}], "weapon": [{"text": "\u70ae\u53f0", "offset": 36, "length": 2}, {"text": "\u5bfc\u5f39", "offset": 39, "length": 2}]}}, {"sentence": "\u5982\u679c\u5728\u97e9\u90e8\u7f72\uff0c\u5c06\u5904\u4e8e\u6253\u51fb\u4e2d\u56fd\u6838\u5fc3\u5730\u533a\u7684\u6700\u4f18\u4f4d\u7f6e\u3002", "events": [{"trigger": {"text": "\u6253\u51fb", "offset": 10, "length": 2}, "object": {"text": "", "offset": 0, "length": 0}, "subject": {"text": "", "offset": 0, "length": 0}}], "arguments": {"time": [], "loc": [], "country": [{"text": "\u4e2d\u56fd", "offset": 12, "length": 2}], "weapon": []}}, {"sentence": "\u4eca\u5e74\u5e74\u521d\uff0c\u5728\u63a8\u7279\u7b49\u5e73\u53f0\u4e0a\u66fe\u51fa\u73b0\u5927\u91cf\u7f8e\u56fd\u9646\u519b\u672a\u6765\u53f8\u4ee4\u90e8\u6b63\u5728\u5f00\u53d1\u76841000\u82f1\u91cc\u5c04\u7a0b\u7684\u5927\u70ae\u7167\u7247\u3002", "events": [], "arguments": {"time": [{"text": "\u4eca\u5e74\u5e74\u521d", "offset": 0, "length": 4}], "loc": [], "country": [{"text": "\u7f8e\u56fd", "offset": 17, "length": 2}], "weapon": [{"text": "1000\u82f1\u91cc\u5c04\u7a0b\u7684\u5927\u70ae", "offset": 31, "length": 11}]}}, {"sentence": "\u70ae\u53f0\u88ab\u8bbe\u8ba1\u6210\u53ef\u4ee5\u7528\u5927\u578b\u519b\u7528\u5361\u8f66\u8fdb\u884c\u62d6\u62fd\u7684\u6837\u5f0f\uff0c\u5728\u770b\u4f3c\u5f00\u53d1\u6307\u5357\u7684\u6587\u4ef6\u4e2d\u5199\u7740\uff0c\u8be5\u706b\u70ae\u5fc5\u987b\u75318\u540d\u70ae\u5175\u64cd\u4f5c\uff0c\u4e14\u53ef\u7528\u8239\u6216\u98de\u673a\u8fd0\u8f93\u7684\u5185\u5bb9\u3002", "events": [{"trigger": {"text": "\u5f00\u53d1", "offset": 26, "length": 2}, "object": {"text": "", "offset": 0, "length": 0}, "subject": {"text": "", "offset": 0, "length": 0}}], "arguments": {"time": [], "loc": [], "country": [], "weapon": [{"text": "\u706b\u70ae", "offset": 38, "length": 2}]}}, {"sentence": "\u7f8e\u56fd\u519b\u4e8b\u4e13\u520a\u8fd8\u66fe\u62a5\u9053\u79f0\uff0c\u8be5\u6218\u7565\u8fdc\u7a0b\u52a0\u519c\u70ae\u8bd5\u5236\u54c1\u5c06\u57282023\u5e74\u5b8c\u6210\u751f\u4ea7\uff0c\u5e76\u5f00\u59cb\u8fdb\u884c\u5b9e\u9645\u6d4b\u8bd5\u3002", "events": [{"trigger": {"text": "\u751f\u4ea7", "offset": 32, "length": 2}, "object": {"text": "", "offset": 0, "length": 0}, "subject": {"text": "", "offset": 0, "length": 0}}, {"trigger": {"text": "\u6d4b\u8bd5", "offset": 42, "length": 2}, "object": {"text": "", "offset": 0, "length": 0}, "subject": {"text": "", "offset": 0, "length": 0}}], "arguments": {"time": [{"text": "2023\u5e74", "offset": 25, "length": 5}], "loc": [], "country": [{"text": "\u7f8e\u56fd", "offset": 0, "length": 2}], "weapon": []}}, {"sentence": "\u7f8e\u56fd\u9646\u519b\u7684\u201c\u6218\u7565\u8fdc\u7a0b\u52a0\u519c\u70ae\u201d\uff08SLRC\uff09\u7814\u5236\u8ba1\u5212\u4e8e2019\u5e74\u5e95\u66dd\u5149\uff0c\u4f46\u76ee\u524d\u516c\u5f00\u7684\u4fe1\u606f\u53ea\u6709\u4e00\u5f20\u8bbe\u8ba1\u6982\u5ff5\u56fe\uff0c\u5e76\u672a\u8fdb\u5165\u9a8c\u8bc1\u4e0e\u5efa\u9020\u9636\u6bb5\u3002", "events": [{"trigger": {"text": "\u7814\u5236", "offset": 20, "length": 2}, "object": {"text": "", "offset": 0, "length": 0}, "subject": {"text": "", "offset": 0, "length": 0}}, {"trigger": {"text": "\u5efa\u9020", "offset": 59, "length": 2}, "object": {"text": "", "offset": 0, "length": 0}, "subject": {"text": "", "offset": 0, "length": 0}}, {"trigger": {"text": "\u8fdb\u5165", "offset": 54, "length": 2}, "object": {"text": "", "offset": 0, "length": 0}, "subject": {"text": "", "offset": 0, "length": 0}}], "arguments": {"time": [{"text": "2019\u5e74\u5e95", "offset": 25, "length": 6}], "loc": [], "country": [{"text": "\u7f8e\u56fd", "offset": 0, "length": 2}], "weapon": [{"text": "\u201c\u6218\u7565\u8fdc\u7a0b\u52a0\u519c\u70ae\u201d\uff08SLRC\uff09", "offset": 5, "length": 15}]}}, {"sentence": "\u7f8e\u56fd\u9646\u519b\u6b64\u524d\u8868\u793a\uff0c\u5e0c\u671b2023\u5e74\u524d\u80fd\u591f\u9020\u51fa\u4e00\u4e2a\u6f14\u793a\u539f\u578b\uff0c\u81f3\u4e8e\u6b63\u5f0f\u6295\u4ea7\u66f4\u662f\u9065\u9065\u65e0\u671f\u3002", "events": [{"trigger": {"text": "\u9020\u51fa", "offset": 19, "length": 2}, "object": {"text": "", "offset": 0, "length": 0}, "subject": {"text": "", "offset": 0, "length": 0}}], "arguments": {"time": [{"text": "2023\u5e74\u524d", "offset": 11, "length": 6}], "loc": [], "country": [{"text": "\u7f8e\u56fd", "offset": 0, "length": 2}], "weapon": []}}, {"sentence": "\u7f8e\u519b\u7814\u53d1\u8fd9\u79cd\u8d85\u8fdc\u5c04\u7a0b\u7684\u706b\u70ae\u6b66\u5668\uff0c\u4e3b\u8981\u76ee\u7684\u4e5f\u53ea\u662f\u4e3a\u4e86\u7701\u94b1\uff0c\u4e0e\u6bcf\u679a\u4ef7\u503c\u6570\u767e\u4e07\u7f8e\u5143\u7684\u5bfc\u5f39\u76f8\u6bd4\uff0c\u8be5\u706b\u70ae\u7cfb\u7edf\u7684\u5f39\u836f\u6210\u672c\u8981\u4f4e\u5f97\u591a\u3002", "events": [{"trigger": {"text": "\u7814\u53d1", "offset": 2, "length": 2}, "object": {"text": "", "offset": 0, "length": 0}, "subject": {"text": "", "offset": 0, "length": 0}}], "arguments": {"time": [], "loc": [], "country": [{"text": "\u7f8e", "offset": 0, "length": 1}], "weapon": [{"text": "\u5bfc\u5f39", "offset": 39, "length": 2}]}}, {"sentence": "\u4ee5\u73b0\u6709\u7684\u6280\u672f\u6761\u4ef6\u800c\u8a00\uff0c\u80fd\u5426\u9020\u51fa\u8fd9\u6b3e\u6b66\u5668\u8fd8\u662f\u4e2a\u672a\u77e5\u6570\u3002", "events": [{"trigger": {"text": "\u9020\u51fa", "offset": 13, "length": 2}, "object": {"text": "", "offset": 0, "length": 0}, "subject": {"text": "", "offset": 0, "length": 0}}], "arguments": {"time": [], "loc": [], "country": [], "weapon": []}}, {"sentence": "\u4f46\u5728\u8fd9\u6b3e\u6b66\u5668\u7684\u6982\u5ff5\u8bbe\u8ba1\u66dd\u5149\u4e4b\u540e\uff0c\u5916\u5a92\u5c31\u7acb\u5373\u5c06\u5176\u4e0e\u201c\u4e2d\u56fd\u5a01\u80c1\u8bba\u201d\u76f8\u6302\u94a9\uff0c\u79f0\u7f8e\u519b\u5c06\u628a\u8fd9\u6b3e\u6b66\u5668\u653e\u5728\u4e2d\u56fd\u5468\u8fb9\uff0c\u8fd9\u6837\u7684\u8a00\u8bba\u66f4\u662f\u7a7a\u7a74\u6765\u98ce\u3002", "events": [], "arguments": {"time": [], "loc": [], "country": [{"text": "\u4e2d\u56fd", "offset": 25, "length": 2}, {"text": "\u7f8e", "offset": 36, "length": 1}, {"text": "\u4e2d\u56fd", "offset": 46, "length": 2}], "weapon": []}}]