[{"sentence": "\u5916\u5a92\uff1a\u91c7\u8d2d\u201c\u9635\u98ce\u201d\u6218\u673a\u65e0\u6cd5\u6539\u53d8\u5370\u5ea6\u52a3\u52bf\u00a0\u5bf9\u624b\u53ef\u8c03\u52a8\u7ea6550\u67b6\u6218\u6597\u673a", "events": [{"trigger": {"text": "\u91c7\u8d2d", "offset": 3, "length": 2}, "object": {"text": "", "offset": 0, "length": 0}, "subject": {"text": "", "offset": 0, "length": 0}}], "arguments": {"time": [], "loc": [], "country": [{"text": "\u5370\u5ea6", "offset": 15, "length": 2}], "weapon": [{"text": "\u201c\u9635\u98ce\u201d\u6218\u673a", "offset": 5, "length": 6}, {"text": "\u6218\u6597\u673a", "offset": 30, "length": 3}]}}, {"sentence": "\u3010\u73af\u7403\u7f51\u62a5\u9053 \u89c1\u4e60\u8bb0\u8005 \u9a6c\u5ca9\u3011", "events": [], "arguments": {"time": [], "loc": [], "country": [], "weapon": []}}, {"sentence": "\u636e\u5370\u5ea6\u5a92\u4f53EurAsian\u7f51\u7ad98\u670813\u65e5\u62a5\u9053\uff0c\u89c2\u5bdf\u8005\u7814\u7a76\u57fa\u91d1\u4f1a\u7684\u4e00\u7bc7\u6587\u7ae0\u5206\u6790\u79f0\uff0c\u5370\u5ea6\u8d2d\u4e7036\u67b6\u6cd5\u56fd\u201c\u9635\u98ce\u201d\u6218\u673a\u4e0d\u4f1a\u6539\u53d8\u5176\u5728\u7a7a\u4e2d\u5b9e\u529b\u65b9\u9762\u201c\u8fdc\u8fdc\u843d\u540e\u201d\u7684\u73b0\u5b9e\u3002", "events": [{"trigger": {"text": "\u7814\u7a76", "offset": 26, "length": 2}, "object": {"text": "", "offset": 0, "length": 0}, "subject": {"text": "", "offset": 0, "length": 0}}, {"trigger": {"text": "\u8d2d\u4e70", "offset": 42, "length": 2}, "object": {"text": "", "offset": 0, "length": 0}, "subject": {"text": "", "offset": 0, "length": 0}}], "arguments": {"time": [{"text": "8\u670813\u65e5", "offset": 15, "length": 5}], "loc": [], "country": [{"text": "\u5370\u5ea6", "offset": 1, "length": 2}, {"text": "\u5370\u5ea6", "offset": 40, "length": 2}, {"text": "\u6cd5\u56fd", "offset": 47, "length": 2}], "weapon": [{"text": "\u201c\u9635\u98ce\u201d\u6218\u673a", "offset": 49, "length": 6}]}}, {"sentence": "\u62a5\u9053\u79f0\uff0c\u65e0\u8bba\u201c\u9635\u98ce\u201d\u6218\u6597\u673a\u6027\u80fd\u591a\u51fa\u8272\uff0c\u5176\u642d\u8f7d\u7684\u8fdc\u7a0b\u6b66\u5668\u6709\u591a\u6709\u6548\uff0c36\u67b6\u7684\u89c4\u6a21\u4e5f\u4e0d\u4f1a\u663e\u8457\u6539\u53d8\u8be5\u5730\u533a\u7684\u529b\u91cf\u5e73\u8861\u3002", "events": [{"trigger": {"text": "\u642d\u8f7d", "offset": 20, "length": 2}, "object": {"text": "", "offset": 0, "length": 0}, "subject": {"text": "", "offset": 0, "length": 0}}], "arguments": {"time": [], "loc": [], "country": [], "weapon": [{"text": "\u201c\u9635\u98ce\u201d\u6218\u6597\u673a", "offset": 6, "length": 7}]}}, {"sentence": "\u5370\u5ea6\u7684\u5bf9\u624b\u62e5\u6709\u7ea6550\u67b6\u6218\u6597\u673a\u53ef\u4ee5\u7528\u6765\u5bf9\u4ed8\u5370\u5ea6\u3002", "events": [], "arguments": {"time": [], "loc": [], "country": [{"text": "\u5370\u5ea6", "offset": 0, "length": 2}, {"text": "\u5370\u5ea6", "offset": 21, "length": 2}], "weapon": [{"text": "\u6218\u6597\u673a", "offset": 12, "length": 3}]}}, {"sentence": "\u62a5\u9053\u79f0\uff0c\u5370\u5ea6\u7a7a\u519b\u4e2d\u961f\u9884\u8ba1\u52302025\u5e74\u5c06\u8fbe\u523030\u4e2a\uff0c\u4f4e\u4e8e\u653f\u5e9c\u6279\u51c6\u768442\u4e2a\uff0c\u5370\u5ea6\u5bf9\u624b\u7684\u7a7a\u519b\u89c4\u6a21\u8d85\u8fc7\u5370\u5ea6\u7684\u72b6\u51b5\u672a\u6765\u8fd8\u5c06\u7ee7\u7eed\u5b58\u5728\u3002", "events": [], "arguments": {"time": [{"text": "2025\u5e74", "offset": 13, "length": 5}], "loc": [], "country": [{"text": "\u5370\u5ea6", "offset": 4, "length": 2}, {"text": "\u5370\u5ea6", "offset": 36, "length": 2}, {"text": "\u5370\u5ea6", "offset": 47, "length": 2}], "weapon": []}}, {"sentence": "\u6b64\u5916\uff0c\u5370\u5ea6\u7684\u5bf9\u624b\u62e5\u6709\u7684\u7a7a\u4e2d\u52a0\u6cb9\u673a\u548c\u9884\u8b66\u673a\u4e5f\u6bd4\u5370\u5ea6\u7a7a\u519b\u591a\uff0c\u8fd9\u4e9b\u201c\u5175\u529b\u500d\u589e\u5668\u201d\u663e\u8457\u63d0\u9ad8\u4e86\u4f5c\u6218\u6548\u80fd\u3002", "events": [], "arguments": {"time": [], "loc": [], "country": [{"text": "\u5370\u5ea6", "offset": 3, "length": 2}, {"text": "\u5370\u5ea6", "offset": 22, "length": 2}], "weapon": [{"text": "\u7a7a\u4e2d\u52a0\u6cb9\u673a", "offset": 11, "length": 5}, {"text": "\u9884\u8b66\u673a", "offset": 17, "length": 3}]}}]