[{"sentence": "\u582a\u6bd4\u5927\u7247\uff01", "events": [], "arguments": {"time": [], "loc": [], "country": [], "weapon": []}}, {"sentence": "\u6d77\u519b\u62a4\u822a\u7f16\u961f\u89e3\u6551\u88ab\u52ab\u6301\u8239\u8236\u771f\u5b9e\u753b\u9762\u516c\u5e03", "events": [{"trigger": {"text": "\u62a4\u822a", "offset": 2, "length": 2}, "object": {"text": "", "offset": 0, "length": 0}, "subject": {"text": "", "offset": 0, "length": 0}}], "arguments": {"time": [], "loc": [], "country": [], "weapon": []}}, {"sentence": "\u8fd1\u65e5", "events": [], "arguments": {"time": [], "loc": [], "country": [], "weapon": []}}, {"sentence": "\u6211\u6d77\u519b\u7b2c35\u6279\u62a4\u822a\u7f16\u961f", "events": [{"trigger": {"text": "\u62a4\u822a", "offset": 7, "length": 2}, "object": {"text": "", "offset": 0, "length": 0}, "subject": {"text": "", "offset": 0, "length": 0}}], "arguments": {"time": [], "loc": [], "country": [], "weapon": []}}, {"sentence": "\u987a\u5229\u5b8c\u6210\u7b2c1321\u6279\u62a4\u822a\u4efb\u52a1", "events": [{"trigger": {"text": "\u62a4\u822a", "offset": 10, "length": 2}, "object": {"text": "", "offset": 0, "length": 0}, "subject": {"text": "", "offset": 0, "length": 0}}], "arguments": {"time": [], "loc": [], "country": [], "weapon": []}}, {"sentence": "\u5546\u8239\u88ab\u62a4\u9001\u81f3\u66fc\u5fb7\u6d77\u5ce1\u9644\u8fd1\u6d77\u57df\u89e3\u62a4\u540e", "events": [], "arguments": {"time": [], "loc": [{"text": "\u66fc\u5fb7\u6d77\u5ce1", "offset": 6, "length": 4}, {"text": "\u9644\u8fd1\u6d77\u57df", "offset": 0, "length": 4}], "country": [], "weapon": []}}, {"sentence": "\u88ab\u62a4\u8239\u8236\u8239\u957f\u4ee5\u97f3\u9891\u7684\u65b9\u5f0f", "events": [], "arguments": {"time": [], "loc": [], "country": [], "weapon": []}}, {"sentence": "\u5411\u6211\u62a4\u822a\u5b98\u5175\u8868\u8fbe\u611f\u8c22", "events": [{"trigger": {"text": "\u62a4\u822a", "offset": 2, "length": 2}, "object": {"text": "", "offset": 0, "length": 0}, "subject": {"text": "", "offset": 0, "length": 0}}], "arguments": {"time": [], "loc": [], "country": [], "weapon": []}}, {"sentence": "\u5341\u591a\u5e74\u6765", "events": [], "arguments": {"time": [], "loc": [], "country": [], "weapon": []}}, {"sentence": "30\u4f59\u6279\u62a4\u822a\u7f16\u961f100\u4f59\u8258\u6b21\u8230\u8247", "events": [{"trigger": {"text": "\u62a4\u822a", "offset": 4, "length": 2}, "object": {"text": "", "offset": 0, "length": 0}, "subject": {"text": "", "offset": 0, "length": 0}}], "arguments": {"time": [], "loc": [], "country": [], "weapon": [{"text": "\u8230\u8247", "offset": 14, "length": 2}]}}, {"sentence": "\u5288\u6ce2\u65a9\u6d6a\u3001\u63a5\u529b\u524d\u884c", "events": [], "arguments": {"time": [], "loc": [], "country": [], "weapon": []}}, {"sentence": "\u62a4\u9001\u4e2d\u5916\u8239\u82366000\u4f59\u8258\u6b21", "events": [{"trigger": {"text": "\u62a4\u9001", "offset": 0, "length": 2}, "object": {"text": "", "offset": 0, "length": 0}, "subject": {"text": "", "offset": 0, "length": 0}}], "arguments": {"time": [], "loc": [], "country": [], "weapon": []}}, {"sentence": "\u8d62\u5f97\u4e86\u5916\u56fd\u6d77\u519b\u540c\u884c\u7684\u5c0a\u91cd", "events": [], "arguments": {"time": [], "loc": [], "country": [], "weapon": []}}, {"sentence": "\u5c55\u793a\u4e86\u4e2d\u56fd\u6d77\u519b\u7684\u5927\u56fd\u98ce\u8303", "events": [{"trigger": {"text": "\u5c55\u793a", "offset": 0, "length": 2}, "object": {"text": "", "offset": 0, "length": 0}, "subject": {"text": "", "offset": 0, "length": 0}}], "arguments": {"time": [], "loc": [], "country": [{"text": "\u4e2d\u56fd", "offset": 3, "length": 2}], "weapon": []}}, {"sentence": "\u65e5\u524d\uff0c\u6d77\u519b\u53d1\u5e03\u7684\u4e00\u6bb5\u89c6\u9891", "events": [], "arguments": {"time": [], "loc": [], "country": [], "weapon": []}}, {"sentence": "\u5c31\u771f\u5b9e\u8bb0\u5f55\u4e86", "events": [], "arguments": {"time": [], "loc": [], "country": [], "weapon": []}}, {"sentence": "\u6d77\u519b\u62a4\u822a\u7f16\u961f", "events": [{"trigger": {"text": "\u62a4\u822a", "offset": 2, "length": 2}, "object": {"text": "", "offset": 0, "length": 0}, "subject": {"text": "", "offset": 0, "length": 0}}], "arguments": {"time": [], "loc": [], "country": [], "weapon": []}}, {"sentence": "\u89e3\u6551\u88ab\u52ab\u6301\u8239\u8236\u7684\u573a\u9762", "events": [], "arguments": {"time": [], "loc": [], "country": [], "weapon": []}}, {"sentence": "2009\u5e74", "events": [], "arguments": {"time": [], "loc": [], "country": [], "weapon": []}}, {"sentence": "\u9996\u6279\u6d77\u519b\u62a4\u822a\u7f16\u961f", "events": [{"trigger": {"text": "\u62a4\u822a", "offset": 4, "length": 2}, "object": {"text": "", "offset": 0, "length": 0}, "subject": {"text": "", "offset": 0, "length": 0}}], "arguments": {"time": [], "loc": [], "country": [], "weapon": []}}, {"sentence": "\u7d27\u6025\u6551\u63f4\u88ab\u6d77\u76d7\u5feb\u8247\u56f4\u653b\u7684\u5e0c\u814a\u5546\u8239", "events": [], "arguments": {"time": [], "loc": [], "country": [{"text": "\u5e0c\u814a", "offset": 12, "length": 2}], "weapon": [{"text": "\u6d77\u76d7\u5feb\u8247", "offset": 5, "length": 4}]}}, {"sentence": "2017\u5e74", "events": [], "arguments": {"time": [], "loc": [], "country": [], "weapon": []}}, {"sentence": "\u7b2c25\u6279\u62a4\u822a\u7f16\u961f", "events": [{"trigger": {"text": "\u62a4\u822a", "offset": 4, "length": 2}, "object": {"text": "", "offset": 0, "length": 0}, "subject": {"text": "", "offset": 0, "length": 0}}], "arguments": {"time": [], "loc": [], "country": [], "weapon": []}}, {"sentence": "\u6210\u529f\u89e3\u6551\u906d\u6d77\u76d7\u52ab\u6301\u7684\u56fe\u74e6\u5362\u7c4d\u8d27\u8239", "events": [], "arguments": {"time": [], "loc": [], "country": [{"text": "\u56fe\u74e6\u5362", "offset": 10, "length": 3}], "weapon": [{"text": "\u8d27\u8239", "offset": 14, "length": 2}]}}, {"sentence": "\u2026\u2026", "events": [], "arguments": {"time": [], "loc": [], "country": [], "weapon": []}}, {"sentence": "\u5728\u4e9a\u4e01\u6e7e\u7d22\u9a6c\u91cc\u6d77\u57df", "events": [], "arguments": {"time": [], "loc": [{"text": "\u4e9a\u4e01\u6e7e\u7d22\u9a6c\u91cc\u6d77\u57df", "offset": 1, "length": 8}], "country": [], "weapon": []}}, {"sentence": "\u4e2d\u56fd\u6d77\u519b\u5b89\u5168\u3001\u9ad8\u6548\u7684\u62a4\u822a\u884c\u52a8", "events": [{"trigger": {"text": "\u62a4\u822a", "offset": 10, "length": 2}, "object": {"text": "", "offset": 0, "length": 0}, "subject": {"text": "", "offset": 0, "length": 0}}], "arguments": {"time": [], "loc": [], "country": [{"text": "\u4e2d\u56fd", "offset": 0, "length": 2}], "weapon": []}}, {"sentence": "\u6210\u4e3a\u4e2d\u5916\u5546\u8239\u7684\u201c\u5b88\u62a4\u795e\u201d", "events": [], "arguments": {"time": [], "loc": [], "country": [], "weapon": []}}, {"sentence": "\u5728\u4e00\u6b21\u6b21\u7d27\u8981\u5173\u5934\u633a\u8eab\u800c\u51fa", "events": [], "arguments": {"time": [], "loc": [], "country": [], "weapon": []}}, {"sentence": "\u8d62\u5f97\u4e86\u4e2d\u5916\u5546\u8239\u7684\u4fe1\u4efb", "events": [], "arguments": {"time": [], "loc": [], "country": [], "weapon": []}}, {"sentence": "\u8d8a\u6765\u8d8a\u591a\u7684\u5916\u56fd\u8239\u8236", "events": [], "arguments": {"time": [], "loc": [], "country": [], "weapon": [{"text": "\u8239\u8236", "offset": 7, "length": 2}]}}, {"sentence": "\u5f00\u59cb\u4e3b\u52a8\u5bfb\u6c42\u4e2d\u56fd\u6d77\u519b\u7684\u62a4\u822a", "events": [{"trigger": {"text": "\u62a4\u822a", "offset": 11, "length": 2}, "object": {"text": "", "offset": 0, "length": 0}, "subject": {"text": "", "offset": 0, "length": 0}}], "arguments": {"time": [], "loc": [], "country": [{"text": "\u4e2d\u56fd", "offset": 6, "length": 2}], "weapon": []}}, {"sentence": "\u5728\u5176\u62b5\u8fbe\u5b89\u5168\u6d77\u57df\u540e", "events": [{"trigger": {"text": "\u62b5\u8fbe", "offset": 2, "length": 2}, "object": {"text": "", "offset": 0, "length": 0}, "subject": {"text": "", "offset": 0, "length": 0}}], "arguments": {"time": [], "loc": [], "country": [], "weapon": []}}, {"sentence": "\u901a\u8fc7\u9e23\u7b1b\u3001\u706f\u5149\u548c\u611f\u8c22\u4fe1\u7b49\u65b9\u5f0f", "events": [], "arguments": {"time": [], "loc": [], "country": [], "weapon": []}}, {"sentence": "\u5411\u4e2d\u56fd\u6d77\u519b\u62a4\u822a\u7f16\u961f\u8868\u8fbe\u8c22\u610f", "events": [{"trigger": {"text": "\u62a4\u822a", "offset": 5, "length": 2}, "object": {"text": "", "offset": 0, "length": 0}, "subject": {"text": "", "offset": 0, "length": 0}}], "arguments": {"time": [], "loc": [], "country": [{"text": "\u4e2d\u56fd", "offset": 1, "length": 2}], "weapon": []}}, {"sentence": "\u8fd8\u7ec4\u7ec7\u8239\u5458\u5217\u961f", "events": [], "arguments": {"time": [], "loc": [], "country": [], "weapon": []}}, {"sentence": "\u5411\u4e2d\u56fd\u6d77\u519b\u62a4\u822a\u8230\u8247\u81f4\u656c", "events": [], "arguments": {"time": [], "loc": [], "country": [{"text": "\u4e2d\u56fd", "offset": 1, "length": 2}], "weapon": [{"text": "\u62a4\u822a\u8230\u8247", "offset": 5, "length": 4}]}}, {"sentence": "\u4e2d\u56fd\u6d77\u519b\u62a4\u822a\u7f16\u961f", "events": [{"trigger": {"text": "\u62a4\u822a", "offset": 4, "length": 2}, "object": {"text": "", "offset": 0, "length": 0}, "subject": {"text": "", "offset": 0, "length": 0}}], "arguments": {"time": [], "loc": [], "country": [{"text": "\u4e2d\u56fd", "offset": 0, "length": 2}], "weapon": []}}, {"sentence": "\u5728\u5b8c\u6210\u62a4\u822a\u4efb\u52a1\u7684\u540c\u65f6", "events": [{"trigger": {"text": "\u62a4\u822a", "offset": 3, "length": 2}, "object": {"text": "", "offset": 0, "length": 0}, "subject": {"text": "", "offset": 0, "length": 0}}], "arguments": {"time": [], "loc": [], "country": [], "weapon": []}}, {"sentence": "\u4e5f\u521b\u9020\u4e86\u6d77\u519b\u62a4\u822a\u53f2\u4e0a\u591a\u4e2a\u9996\u6b21", "events": [{"trigger": {"text": "\u62a4\u822a", "offset": 6, "length": 2}, "object": {"text": "", "offset": 0, "length": 0}, "subject": {"text": "", "offset": 0, "length": 0}}], "arguments": {"time": [], "loc": [], "country": [], "weapon": []}}, {"sentence": "01", "events": [], "arguments": {"time": [], "loc": [], "country": [], "weapon": []}}, {"sentence": "\u9996\u6279\u62a4\u822a\u7f16\u961f", "events": [{"trigger": {"text": "\u62a4\u822a", "offset": 2, "length": 2}, "object": {"text": "", "offset": 0, "length": 0}, "subject": {"text": "", "offset": 0, "length": 0}}], "arguments": {"time": [], "loc": [], "country": [], "weapon": []}}, {"sentence": "2008\u5e7412\u670826\u65e5\uff0c\u7531\u6b66\u6c49\u8230\u3001\u6d77\u53e3\u8230\u548c\u5fae\u5c71\u6e56\u8230\u7ec4\u6210\u7684\u9996\u6279\u8230\u8247\u7f16\u961f\u4ece\u4e09\u4e9a\u542f\u822a\uff0c\u8d74\u4e9a\u4e01\u6e7e\u7d22\u9a6c\u91cc\u6d77\u57df\u6267\u884c\u62a4\u822a\u4efb\u52a1\uff0c\u8fd9\u662f\u6211\u56fd\u9996\u6b21\u4f7f\u7528\u519b\u4e8b\u529b\u91cf\u8d74\u6d77\u5916\u7ef4\u62a4\u56fd\u5bb6\u6218\u7565\u5229\u76ca\uff0c\u5c65\u884c\u56fd\u9645\u4eba\u9053\u4e3b\u4e49\u4e49\u52a1\u548c\u4fdd\u62a4\u91cd\u8981\u8fd0\u8f93\u7ebf\u5b89\u5168\u3002", "events": [{"trigger": {"text": "\u62a4\u822a", "offset": 51, "length": 2}, "object": {"text": "", "offset": 0, "length": 0}, "subject": {"text": "", "offset": 0, "length": 0}}], "arguments": {"time": [{"text": "2008\u5e7412\u670826\u65e5", "offset": 0, "length": 11}], "loc": [{"text": "\u4e09\u4e9a", "offset": 35, "length": 2}, {"text": "\u4e9a\u4e01\u6e7e\u7d22\u9a6c\u91cc\u6d77\u57df", "offset": 41, "length": 8}], "country": [], "weapon": [{"text": "\u6b66\u6c49\u8230", "offset": 13, "length": 3}, {"text": "\u6d77\u53e3\u8230", "offset": 17, "length": 3}, {"text": "\u5fae\u5c71\u6e56\u8230", "offset": 21, "length": 4}]}}, {"sentence": "02", "events": [], "arguments": {"time": [], "loc": [], "country": [], "weapon": []}}, {"sentence": "\u9996\u6b21\u62a4\u822a\u884c\u52a8", "events": [{"trigger": {"text": "\u62a4\u822a", "offset": 2, "length": 2}, "object": {"text": "", "offset": 0, "length": 0}, "subject": {"text": "", "offset": 0, "length": 0}}], "arguments": {"time": [], "loc": [], "country": [], "weapon": []}}, {"sentence": "2009\u5e741\u67086\u65e5\uff0c\u9996\u6279\u62a4\u822a\u7f16\u961f\u5f00\u59cb\u6267\u884c\u9996\u6b21\u62a4\u822a\u4efb\u52a1\uff0c\u4e3a\u56db\u8258\u4e2d\u56fd\u5546\u8239\u4f34\u968f\u62a4\u822a\u3002", "events": [{"trigger": {"text": "\u62a4\u822a", "offset": 22, "length": 2}, "object": {"text": "", "offset": 0, "length": 0}, "subject": {"text": "", "offset": 0, "length": 0}}, {"trigger": {"text": "\u62a4\u822a", "offset": 36, "length": 2}, "object": {"text": "", "offset": 0, "length": 0}, "subject": {"text": "", "offset": 0, "length": 0}}], "arguments": {"time": [{"text": "2009\u5e741\u67086\u65e5", "offset": 0, "length": 9}], "loc": [], "country": [{"text": "\u4e2d\u56fd", "offset": 30, "length": 2}], "weapon": []}}, {"sentence": "1\u670829\u65e5\uff0c\u62a4\u822a\u7f16\u961f\u9996\u6b21\u89e3\u6551\u4e86\u88ab\u6d77\u76d7\u8239\u53ea\u56f4\u5835\u7684\u5e0c\u814a\u7c4d\u5546\u8239\u3002", "events": [{"trigger": {"text": "\u62a4\u822a", "offset": 6, "length": 2}, "object": {"text": "", "offset": 0, "length": 0}, "subject": {"text": "", "offset": 0, "length": 0}}], "arguments": {"time": [{"text": "1\u670829\u65e5", "offset": 0, "length": 5}], "loc": [], "country": [{"text": "\u5e0c\u814a", "offset": 23, "length": 2}], "weapon": []}}, {"sentence": "03", "events": [], "arguments": {"time": [], "loc": [], "country": [], "weapon": []}}, {"sentence": "\u9996\u6b21\u4e0e\u5916\u519b\u8054\u5408\u62a4\u822a", "events": [{"trigger": {"text": "\u8054\u5408\u62a4\u822a", "offset": 5, "length": 4}, "object": {"text": "", "offset": 0, "length": 0}, "subject": {"text": "", "offset": 0, "length": 0}}], "arguments": {"time": [], "loc": [], "country": [], "weapon": []}}, {"sentence": "2009\u5e749\u6708\uff0c\u6d77\u519b\u7b2c\u4e09\u6279\u62a4\u822a\u7f16\u961f\u9996\u6b21\u4e0e\u4fc4\u7f57\u65af\u6d77\u519b\u6267\u884c\u8054\u5408\u62a4\u822a\u4efb\u52a1\uff0c\u5e76\u5171\u540c\u7ec4\u7ec7\u8054\u5408\u53cd\u6d77\u76d7\u6f14\u7ec3\u3002", "events": [{"trigger": {"text": "\u62a4\u822a", "offset": 29, "length": 2}, "object": {"text": "", "offset": 0, "length": 0}, "subject": {"text": "", "offset": 0, "length": 0}}, {"trigger": {"text": "\u6f14\u7ec3", "offset": 44, "length": 2}, "object": {"text": "", "offset": 0, "length": 0}, "subject": {"text": "", "offset": 0, "length": 0}}], "arguments": {"time": [{"text": "2009\u5e749\u6708", "offset": 0, "length": 7}], "loc": [], "country": [{"text": "\u4fc4\u7f57\u65af", "offset": 20, "length": 3}], "weapon": []}}, {"sentence": "04", "events": [], "arguments": {"time": [], "loc": [], "country": [], "weapon": []}}, {"sentence": "\u9996\u6b21\u83b7\u5f97\u822a\u8fd0\u548c\u4eba\u7c7b\u7279\u522b\u670d\u52a1\u5956", "events": [], "arguments": {"time": [], "loc": [], "country": [], "weapon": []}}, {"sentence": "2009\u5e7411\u670823\u65e5\uff0c\u6b66\u6c49\u8230\u3001\u6d77\u53e3\u8230\u3001\u6df1\u5733\u8230\u3001\u9ec4\u5c71\u8230\u548c\u5fae\u5c71\u6e56\u8230\u88ab\u56fd\u9645\u6d77\u4e8b\u7ec4\u7ec7\u5927\u4f1a\u6388\u4e88\u201c\u822a\u8fd0\u548c\u4eba\u7c7b\u7279\u522b\u670d\u52a1\u5956\u201d\u3002", "events": [], "arguments": {"time": [{"text": "2009\u5e7411\u670823\u65e5", "offset": 0, "length": 11}], "loc": [], "country": [], "weapon": [{"text": "\u6b66\u6c49\u8230", "offset": 12, "length": 3}, {"text": "\u6d77\u53e3\u8230", "offset": 16, "length": 3}, {"text": "\u6df1\u5733\u8230", "offset": 20, "length": 3}, {"text": "\u9ec4\u5c71\u8230", "offset": 24, "length": 3}, {"text": "\u5fae\u5c71\u6e56\u8230", "offset": 28, "length": 4}]}}, {"sentence": "05", "events": [], "arguments": {"time": [], "loc": [], "country": [], "weapon": []}}, {"sentence": "\u9996\u6b21\u6b66\u529b\u8425\u6551\u88ab\u52ab\u6301\u5546\u8239", "events": [], "arguments": {"time": [], "loc": [], "country": [], "weapon": []}}, {"sentence": "\u201c\u5f90\u5dde\u201d\u8230\uff08\u8d44\u6599\u56fe\uff09", "events": [], "arguments": {"time": [], "loc": [], "country": [], "weapon": [{"text": "\u201c\u5f90\u5dde\u201d\u8230", "offset": 0, "length": 5}]}}, {"sentence": "\uff08\u8d44\u6599\u56fe\uff09", "events": [], "arguments": {"time": [], "loc": [], "country": [], "weapon": []}}, {"sentence": "2010\u5e7411\u670820\u65e5\uff0c\u7b2c\u4e03\u6279\u62a4\u822a\u7f16\u961f\u7279\u6218\u961f\u5458\u767b\u4e0a\u88ab\u88ad\u51fb\u7684\u4e2d\u56fd\u7c4d\u7279\u79cd\u8fd0\u8f93\u8239\u201c\u6cf0\u5b89\u53e3\u201d\u8f6e\u5e76\u9a71\u79bb\u6d77\u76d7\uff0c\u5168\u6570\u8239\u5458\u5b89\u5168\u83b7\u6551\u3002", "events": [{"trigger": {"text": "\u88ad\u51fb", "offset": 26, "length": 2}, "object": {"text": "", "offset": 0, "length": 0}, "subject": {"text": "", "offset": 0, "length": 0}}], "arguments": {"time": [{"text": "2010\u5e7411\u670820\u65e5", "offset": 0, "length": 11}], "loc": [], "country": [{"text": "\u4e2d\u56fd", "offset": 29, "length": 2}], "weapon": [{"text": "\u7279\u79cd\u8fd0\u8f93\u8239\u201c\u6cf0\u5b89\u53e3\u201d\u8f6e", "offset": 32, "length": 11}]}}, {"sentence": "06", "events": [], "arguments": {"time": [], "loc": [], "country": [], "weapon": []}}, {"sentence": "\u9996\u6b21\u53c2\u52a0\u591a\u56fd\u6d77\u4e0a\u8054\u5408\u519b\u6f14", "events": [{"trigger": {"text": "\u8054\u5408\u519b\u6f14", "offset": 8, "length": 4}, "object": {"text": "", "offset": 0, "length": 0}, "subject": {"text": "", "offset": 0, "length": 0}}], "arguments": {"time": [], "loc": [{"text": "\u6d77\u4e0a", "offset": 6, "length": 2}], "country": [], "weapon": []}}, {"sentence": "2011\u5e743\u67087\u65e5\uff0c\u7b2c\u516b\u6279\u62a4\u822a\u7f16\u961f\u6e29\u5dde\u8230\u3001\u9a6c\u978d\u5c71\u8230\u5728\u5361\u62c9\u5947\u6e2f\u4e0e\u591a\u56fd\u8fdb\u884c\u6d77\u4e0a\u8054\u5408\u519b\u6f14\u3002", "events": [{"trigger": {"text": "\u8054\u5408\u519b\u6f14", "offset": 37, "length": 4}, "object": {"text": "", "offset": 0, "length": 0}, "subject": {"text": "", "offset": 0, "length": 0}}], "arguments": {"time": [{"text": "2011\u5e743\u67087\u65e5", "offset": 0, "length": 9}], "loc": [{"text": "\u5361\u62c9\u5947\u6e2f", "offset": 26, "length": 4}, {"text": "\u6d77\u4e0a", "offset": 35, "length": 2}], "country": [], "weapon": [{"text": "\u6e29\u5dde\u8230", "offset": 17, "length": 3}, {"text": "\u9a6c\u978d\u5c71\u8230", "offset": 21, "length": 4}]}}, {"sentence": "07", "events": [], "arguments": {"time": [], "loc": [], "country": [], "weapon": []}}, {"sentence": "\u9996\u6b21\u4e3a\u53d9\u5316\u6b66\u6d77\u8fd0\u8239\u53ea\u62a4\u822a", "events": [{"trigger": {"text": "\u62a4\u822a", "offset": 10, "length": 2}, "object": {"text": "", "offset": 0, "length": 0}, "subject": {"text": "", "offset": 0, "length": 0}}], "arguments": {"time": [], "loc": [], "country": [], "weapon": []}}, {"sentence": "2013\u5e7412\u670831\u65e5\uff0c\u7b2c\u5341\u516d\u6279\u62a4\u822a\u7f16\u961f\u76d0\u57ce\u8230\u4e0e\u4fc4\u5de1\u6d0b\u8230\u7ec4\u6210\u8054\u5408\u62a4\u822a\u7f16\u961f\uff0c\u540c\u65f6\u4e0e\u4e39\u3001\u632a\u5404\u65b9\u8230\u8247\u52a0\u5f3a\u8054\u7cfb\u5728\u8fdb\u5165\u53d9\u9886\u6d77\u540e\u4fbf\u4e0e\u4e39\u3001\u632a\u3001\u4fc4\u8230\u8247\u6309\u65b9\u6848\u7ec4\u7ec7\u62a4\u822a\u7f16\u961f\uff0c\u5f00\u59cb\u4e3a\u53d9\u5316\u6b66\u8239\u53ea\u62a4\u822a\u3002", "events": [{"trigger": {"text": "\u62a4\u822a", "offset": 32, "length": 2}, "object": {"text": "", "offset": 0, "length": 0}, "subject": {"text": "", "offset": 0, "length": 0}}, {"trigger": {"text": "\u62a4\u822a", "offset": 72, "length": 2}, "object": {"text": "", "offset": 0, "length": 0}, "subject": {"text": "", "offset": 0, "length": 0}}, {"trigger": {"text": "\u62a4\u822a", "offset": 85, "length": 2}, "object": {"text": "", "offset": 0, "length": 0}, "subject": {"text": "", "offset": 0, "length": 0}}, {"trigger": {"text": "\u8fdb\u5165", "offset": 52, "length": 2}, "object": {"text": "", "offset": 0, "length": 0}, "subject": {"text": "", "offset": 0, "length": 0}}], "arguments": {"time": [{"text": "2013\u5e7412\u670831\u65e5", "offset": 0, "length": 11}], "loc": [{"text": "\u53d9\u9886\u6d77", "offset": 54, "length": 3}], "country": [], "weapon": [{"text": "\u76d0\u57ce\u8230", "offset": 20, "length": 3}, {"text": "\u5de1\u6d0b\u8230", "offset": 0, "length": 3}, {"text": "\u8230\u8247", "offset": 65, "length": 2}]}}, {"sentence": "08", "events": [], "arguments": {"time": [], "loc": [], "country": [], "weapon": []}}, {"sentence": "\u9996\u6b21\u4e5f\u95e8\u64a4\u79bb\u4e2d\u5916\u516c\u6c11", "events": [], "arguments": {"time": [], "loc": [], "country": [{"text": "\u4e5f\u95e8", "offset": 2, "length": 2}], "weapon": []}}, {"sentence": "2015\u5e743\u670826\u65e5\uff0c\u7b2c\u5341\u4e5d\u6279\u62a4\u822a\u7f16\u961f\u5949\u547d\u524d\u5f80\u4e5f\u95e8\uff0c\u8f6c\u62183\u56fd\u5b8c\u6210897\u540d\u4e2d\u5916\u516c\u6c11\u64a4\u79bb\u4efb\u52a1\uff0c\u521b\u9020\u4e86\u6211\u56fd\u9996\u6b21\u519b\u8230\u76f4\u63a5\u9760\u6cca\u5916\u56fd\u6e2f\u53e3\u64a4\u4fa8\u3001\u9996\u6b21\u6267\u884c\u5916\u56fd\u516c\u6c11\u64a4\u79bb\u4efb\u52a1\u3001\u9996\u6b21\u5728\u6218\u573a\u70ae\u706b\u5a01\u80c1\u4e0b\u64a4\u4fa8\u7684\u7eaa\u5f55\u3002", "events": [{"trigger": {"text": "\u524d\u5f80", "offset": 21, "length": 2}, "object": {"text": "", "offset": 0, "length": 0}, "subject": {"text": "", "offset": 0, "length": 0}}], "arguments": {"time": [{"text": "2015\u5e743\u670826\u65e5", "offset": 0, "length": 10}], "loc": [], "country": [{"text": "\u4e5f\u95e8", "offset": 23, "length": 2}], "weapon": []}}, {"sentence": " 09", "events": [], "arguments": {"time": [], "loc": [], "country": [], "weapon": []}}, {"sentence": "\u62a4\u822a\u7f16\u961f\u9996\u6b21\u73af\u7403\u8bbf\u95ee", "events": [{"trigger": {"text": "\u62a4\u822a", "offset": 0, "length": 2}, "object": {"text": "", "offset": 0, "length": 0}, "subject": {"text": "", "offset": 0, "length": 0}}], "arguments": {"time": [], "loc": [], "country": [], "weapon": []}}, {"sentence": "2015\u5e744\u67083\u65e5\uff0c\u7531\u6d4e\u5357\u8230\u3001\u76ca\u9633\u8230\u548c\u5343\u5c9b\u6e56\u8230\u7ec4\u6210\u7684152\u8230\u8247\u7f16\u961f\u5b8c\u6210\u62a4\u822a\u4efb\u52a1\u540e\uff0c\u8d74\u57c3\u53ca\u3001\u745e\u5178\u3001\u7f8e\u56fd\u3001\u53e4\u5df4\u7b4913\u56fd\u8fdb\u884c\u73af\u7403\u8bbf\u95ee\uff0c\u6b64\u6b21\u4efb\u52a1\u5386\u65f6309\u5929\uff0c\u822a\u7ecf\u4e09\u5927\u6d0b\u4e94\u5927\u6d32\uff0c\u9760\u6cca16\u56fd18\u6e2f\uff0c\u4efb\u52a1\u822a\u7a0b\u4e4b\u8fdc\u3001\u9014\u7ecf\u6d77\u57df\u4e4b\u5e7f\u3001\u65f6\u95f4\u8de8\u5ea6\u4e4b\u957f\u3001\u8bbf\u95ee\u56fd\u5bb6\u4e4b\u591a\u5747\u521b\u4eba\u6c11\u6d77\u519b\u5386\u53f2\u4e4b\u6700\u3002", "events": [{"trigger": {"text": "\u62a4\u822a", "offset": 35, "length": 2}, "object": {"text": "", "offset": 0, "length": 0}, "subject": {"text": "", "offset": 0, "length": 0}}], "arguments": {"time": [{"text": "2015\u5e744\u67083\u65e5", "offset": 0, "length": 9}], "loc": [], "country": [{"text": "\u57c3\u53ca", "offset": 42, "length": 2}, {"text": "\u745e\u5178", "offset": 45, "length": 2}, {"text": "\u7f8e\u56fd", "offset": 48, "length": 2}, {"text": "\u53e4\u5df4", "offset": 51, "length": 2}], "weapon": [{"text": "\u6d4e\u5357\u8230", "offset": 11, "length": 3}, {"text": "\u76ca\u9633\u8230", "offset": 15, "length": 3}, {"text": "\u5343\u5c9b\u6e56\u8230", "offset": 19, "length": 4}]}}, {"sentence": " 10", "events": [], "arguments": {"time": [], "loc": [], "country": [], "weapon": []}}, {"sentence": "\u9996\u6b21\u6b66\u529b\u8425\u6551\u906d\u6d77\u76d7\u767b\u8239\u88ad\u51fb\u8239\u8236", "events": [{"trigger": {"text": "\u88ad\u51fb", "offset": 11, "length": 2}, "object": {"text": "", "offset": 0, "length": 0}, "subject": {"text": "", "offset": 0, "length": 0}}], "arguments": {"time": [], "loc": [], "country": [], "weapon": []}}, {"sentence": "2017\u5e744\u67089\u65e5\uff0c\u7b2c25\u6279\u62a4\u822a\u7f16\u961f\u8425\u6551\u4e00\u8258\u906d\u52ab\u6301\u7684\u56fe\u74e6\u5362\u7c4d\u8d27\u8239\uff0c16\u540d\u7279\u6218\u961f\u5458\u5728\u63a9\u62a4\u4e0b\u767b\u4e0a\u8d27\u8239\uff0c\u5c06\u5168\u6570\u8239\u5458\u89e3\u6551\u51fa\u5b89\u5168\u8231\uff0c\u5e76\u6293\u83b7\u4e863\u540d\u6d77\u76d7\u3002", "events": [{"trigger": {"text": "\u62a4\u822a", "offset": 14, "length": 2}, "object": {"text": "", "offset": 0, "length": 0}, "subject": {"text": "", "offset": 0, "length": 0}}], "arguments": {"time": [{"text": "2017\u5e744\u67089\u65e5", "offset": 0, "length": 9}], "loc": [], "country": [{"text": "\u56fe\u74e6\u5362", "offset": 26, "length": 3}], "weapon": []}}, {"sentence": "\u4ece\u4e2d\u56fd\u519b\u6e2f\u8d77\u822a", "events": [], "arguments": {"time": [], "loc": [], "country": [{"text": "\u4e2d\u56fd", "offset": 1, "length": 2}], "weapon": []}}, {"sentence": "\u7ecf\u897f\u6c99\u3001\u5357\u6c99\uff0c\u8fc7\u9a6c\u516d\u7532\u6d77\u5ce1", "events": [], "arguments": {"time": [], "loc": [{"text": "\u897f\u6c99", "offset": 1, "length": 2}, {"text": "\u5357\u6c99", "offset": 4, "length": 2}, {"text": "\u9a6c\u516d\u7532\u6d77\u5ce1", "offset": 8, "length": 5}], "country": [], "weapon": []}}, {"sentence": "\u8de8\u8d8a\u5370\u5ea6\u6d0b\uff0c\u81f3\u4e9a\u4e01\u6e7e\u7d22\u9a6c\u91cc\u6d77\u57df", "events": [], "arguments": {"time": [], "loc": [{"text": "\u5370\u5ea6\u6d0b", "offset": 2, "length": 3}, {"text": "\u4e9a\u4e01\u6e7e\u7d22\u9a6c\u91cc\u6d77\u57df", "offset": 7, "length": 8}], "country": [], "weapon": []}}, {"sentence": "\u4e00\u6761\u4e0d\u65ad\u5ef6\u4f38\u7684\u822a\u8ff9\u7ebf", "events": [], "arguments": {"time": [], "loc": [], "country": [], "weapon": []}}, {"sentence": "\u89c1\u8bc1\u7740\u4e2d\u56fd\u6d77\u519b\u7684\u8d23\u4efb\u62c5\u5f53", "events": [], "arguments": {"time": [], "loc": [], "country": [{"text": "\u4e2d\u56fd", "offset": 3, "length": 2}], "weapon": []}}, {"sentence": "\u6765\u6e90\uff1a\u89e3\u653e\u519b\u62a5 ID\uff1ajfjbdzzy \u7efc\u5408\u592e\u89c6\u519b\u4e8b\u3001\u89e3\u653e\u519b\u62a5\u3001\u592e\u89c6\u7f51\u3001\u4e2d\u56fd\u6d77\u519b\u7f51\u7b49", "events": [], "arguments": {"time": [], "loc": [], "country": [{"text": "\u4e2d\u56fd", "offset": 36, "length": 2}], "weapon": []}}]