[{"sentence": "\u201c\u6253\u5305\u201d\u8d2d\u4e70\u6574\u652f\u673a\u961f \u5370\u5c3c\u770b\u4e2d\u4e86\u201c\u53f0\u98ce\u201d\u6218\u6597\u673a\u54ea\u4e00\u70b9", "events": [{"trigger": {"text": "\u8d2d\u4e70", "offset": 4, "length": 2}, "object": {"text": "", "offset": 0, "length": 0}, "subject": {"text": "", "offset": 0, "length": 0}}], "arguments": {"time": [], "loc": [], "country": [{"text": "\u5370\u5c3c", "offset": 11, "length": 2}], "weapon": [{"text": "\u201c\u53f0\u98ce\u201d\u6218\u6597\u673a", "offset": 16, "length": 7}]}}, {"sentence": "\u201c\u6253\u5305\u201d\u8d2d\u4e70\u6574\u652f\u673a\u961f \u5370\u5c3c\u770b\u4e2d\u4e86\u201c\u53f0\u98ce\u201d\u6218\u6597\u673a\u54ea\u4e00\u70b9", "events": [{"trigger": {"text": "\u8d2d\u4e70", "offset": 4, "length": 2}, "object": {"text": "", "offset": 0, "length": 0}, "subject": {"text": "", "offset": 0, "length": 0}}], "arguments": {"time": [], "loc": [], "country": [{"text": "\u5370\u5c3c", "offset": 11, "length": 2}], "weapon": [{"text": "\u201c\u53f0\u98ce\u201d\u6218\u6597\u673a", "offset": 16, "length": 7}]}}, {"sentence": "\u672c\u62a5\u8bb0\u8005 \u5f20 \u5f3a", "events": [], "arguments": {"time": [], "loc": [], "country": [], "weapon": []}}, {"sentence": "\u201c\u53f0\u98ce\u201d\u6218\u6597\u673a\u91c7\u7528EJ200\u6da1\u6247\u53d1\u52a8\u673a\uff0c\u63a8\u91cd\u6bd4\u8fbe\u5230\u4e8610\uff0c\u7ed3\u5408\u826f\u597d\u7684\u6c14\u52a8\u5e03\u5c40\uff0c\u4f7f\u5176\u5177\u5907\u826f\u597d\u7684\u673a\u52a8\u6027\uff0c\u5e76\u4e14\u53ef\u4ee5\u8fdb\u884c\u8d85\u58f0\u901f\u5de1\u822a\uff0c\u5e76\u53ef\u6302\u8f7d\u6b27\u7f8e\u56fd\u5bb6\u7684\u7a7a\u7a7a\u3001\u7a7a\u5730\u6b66\u5668\u3002", "events": [{"trigger": {"text": "\u5de1\u822a", "offset": 59, "length": 2}, "object": {"text": "", "offset": 0, "length": 0}, "subject": {"text": "", "offset": 0, "length": 0}}, {"trigger": {"text": "\u6302\u8f7d", "offset": 64, "length": 2}, "object": {"text": "", "offset": 0, "length": 0}, "subject": {"text": "", "offset": 0, "length": 0}}], "arguments": {"time": [], "loc": [], "country": [], "weapon": [{"text": "\u201c\u53f0\u98ce\u201d\u6218\u6597\u673a", "offset": 0, "length": 7}]}}, {"sentence": "\u5370\u5ea6\u5c3c\u897f\u4e9a\uff08\u4ee5\u4e0b\u7b80\u79f0\u5370\u5c3c\uff09\u8fd1\u65e5\u8868\u793a\uff0c\u5c06\u8ba1\u5212\u8d2d\u4e70\u5965\u5730\u5229\u7684\u6574\u652f\u201c\u53f0\u98ce\u201d\u6218\u6597\u673a\u673a\u961f\u3002", "events": [{"trigger": {"text": "\u8d2d\u4e70", "offset": 21, "length": 2}, "object": {"text": "", "offset": 0, "length": 0}, "subject": {"text": "", "offset": 0, "length": 0}}], "arguments": {"time": [], "loc": [], "country": [{"text": "\u5370\u5ea6\u5c3c\u897f\u4e9a", "offset": 0, "length": 5}, {"text": "\u5370\u5c3c", "offset": 10, "length": 2}, {"text": "\u5965\u5730\u5229", "offset": 23, "length": 3}], "weapon": [{"text": "\u201c\u53f0\u98ce\u201d\u6218\u6597\u673a", "offset": 29, "length": 7}]}}, {"sentence": "\u76ee\u524d\uff0c\u5370\u5c3c\u5df2\u7ecf\u5bfb\u6c42\u5c31\u8d2d\u4e70\u5965\u5730\u5229\u7a7a\u519b\u7684\u6574\u652f\u201c\u53f0\u98ce\u201d\u6218\u6597\u673a\u673a\u961f\u5c55\u5f00\u8c08\u5224\u3002", "events": [{"trigger": {"text": "\u8d2d\u4e70", "offset": 10, "length": 2}, "object": {"text": "", "offset": 0, "length": 0}, "subject": {"text": "", "offset": 0, "length": 0}}], "arguments": {"time": [], "loc": [], "country": [{"text": "\u5370\u5c3c", "offset": 3, "length": 2}, {"text": "\u5965\u5730\u5229", "offset": 12, "length": 3}], "weapon": [{"text": "\u201c\u53f0\u98ce\u201d\u6218\u6597\u673a", "offset": 20, "length": 7}]}}, {"sentence": "\u5370\u5c3c\u300a\u96c5\u52a0\u8fbe\u90ae\u62a5\u300b\u66f4\u662f\u62a5\u9053\u79f0\uff0c\u5370\u5c3c\u548c\u5965\u5730\u5229\u5df2\u5c31\u8f6c\u8ba9\u201c\u53f0\u98ce\u201d\u8fbe\u6210\u521d\u6b65\u610f\u5411\u3002", "events": [], "arguments": {"time": [], "loc": [], "country": [{"text": "\u5370\u5c3c", "offset": 0, "length": 2}, {"text": "\u5370\u5c3c", "offset": 15, "length": 2}, {"text": "\u5965\u5730\u5229", "offset": 18, "length": 3}], "weapon": [{"text": "\u201c\u53f0\u98ce\u201d", "offset": 25, "length": 4}]}}, {"sentence": "\u51fa\u4e8e\u79cd\u79cd\u539f\u56e0\uff0c\u5965\u5730\u5229\u51b3\u5b9a\u4eca\u5e74\u6574\u4f53\u9000\u5f79\u201c\u53f0\u98ce\u201d\u6218\u6597\u673a\uff0c\u4ee5\u201c\u66f4\u6709\u6548\u3001\u66f4\u5212\u7b97\u201d\u7684\u89e3\u51b3\u65b9\u6848\u6765\u6ee1\u8db3\u8fd9\u4e2a\u4e2d\u6b27\u56fd\u5bb6\u7684\u9632\u7a7a\u9700\u6c42\u3002", "events": [{"trigger": {"text": "\u9000\u5f79", "offset": 16, "length": 2}, "object": {"text": "", "offset": 0, "length": 0}, "subject": {"text": "", "offset": 0, "length": 0}}], "arguments": {"time": [], "loc": [], "country": [{"text": "\u5965\u5730\u5229", "offset": 7, "length": 3}], "weapon": [{"text": "\u201c\u53f0\u98ce\u201d\u6218\u6597\u673a", "offset": 18, "length": 7}]}}, {"sentence": "\u800c\u5370\u5c3c\u4e00\u76f4\u5728\u5bfb\u6c42\u4e00\u6b3e\u65b0\u578b\u6218\u6597\u673a\u3002", "events": [], "arguments": {"time": [], "loc": [], "country": [{"text": "\u5370\u5c3c", "offset": 1, "length": 2}], "weapon": [{"text": "\u6218\u6597\u673a", "offset": 12, "length": 3}]}}, {"sentence": "\u90a3\u4e48\uff0c\u5965\u5730\u5229\u4e3a\u4f55\u8981\u9000\u5f79\u6240\u6709\u7684\u201c\u53f0\u98ce\u201d\u6218\u6597\u673a\u5462\uff1f", "events": [{"trigger": {"text": "\u9000\u5f79", "offset": 9, "length": 2}, "object": {"text": "", "offset": 0, "length": 0}, "subject": {"text": "", "offset": 0, "length": 0}}], "arguments": {"time": [], "loc": [], "country": [{"text": "\u5965\u5730\u5229", "offset": 3, "length": 3}], "weapon": [{"text": "\u201c\u53f0\u98ce\u201d\u6218\u6597\u673a", "offset": 14, "length": 7}]}}, {"sentence": "\u201c\u53f0\u98ce\u201d\u6218\u6597\u673a\u6027\u80fd\u7a76\u7adf\u5982\u4f55\uff1f", "events": [], "arguments": {"time": [], "loc": [], "country": [], "weapon": [{"text": "\u201c\u53f0\u98ce\u201d\u6218\u6597\u673a", "offset": 0, "length": 7}]}}, {"sentence": "\u5370\u5c3c\u8d2d\u4e70\u8fd9\u4e9b\u201c\u53f0\u98ce\u201d\u6218\u6597\u673a\u7a76\u7adf\u5212\u4e0d\u5212\u7b97\uff1f", "events": [{"trigger": {"text": "\u8d2d\u4e70", "offset": 2, "length": 2}, "object": {"text": "", "offset": 0, "length": 0}, "subject": {"text": "", "offset": 0, "length": 0}}], "arguments": {"time": [], "loc": [], "country": [{"text": "\u5370\u5c3c", "offset": 0, "length": 2}], "weapon": [{"text": "\u201c\u53f0\u98ce\u201d\u6218\u6597\u673a", "offset": 6, "length": 7}]}}, {"sentence": "\u9488\u5bf9\u8fd9\u4e9b\u95ee\u9898\uff0c\u79d1\u6280\u65e5\u62a5\u8bb0\u8005\u91c7\u8bbf\u4e86\u76f8\u5173\u4e13\u5bb6\u3002", "events": [], "arguments": {"time": [], "loc": [], "country": [], "weapon": []}}, {"sentence": "\u6027\u80fd\u4e0d\u9519\u4f46\u5b8c\u597d\u7387\u8f83\u4f4e", "events": [], "arguments": {"time": [], "loc": [], "country": [], "weapon": []}}, {"sentence": "\u201c\u53f0\u98ce\u201d\u6218\u6597\u673a\u662f\u4e00\u6b3e\u7531\u6b27\u6d32\u6218\u6597\u673a\u516c\u53f8\u4e8e\u4e0a\u4e16\u7eaa70\u5e74\u4ee3\u672b80\u5e74\u4ee3\u521d\u5f00\u59cb\u7814\u53d1\u7684\u53cc\u53d1\u3001\u4e09\u89d2\u7ffc\u3001\u9e2d\u5f0f\u5e03\u5c40\u3001\u9ad8\u673a\u52a8\u6027\u591a\u7528\u9014\u56db\u4ee3\u534a\u6218\u6597\u673a\u3002", "events": [], "arguments": {"time": [{"text": "\u4e0a\u4e16\u7eaa70\u5e74\u4ee3\u672b80\u5e74\u4ee3\u521d", "offset": 19, "length": 13}], "loc": [], "country": [{"text": "\u6b27\u6d32", "offset": 11, "length": 2}], "weapon": [{"text": "\u201c\u53f0\u98ce\u201d\u6218\u6597\u673a", "offset": 0, "length": 7}, {"text": "\u9014\u56db\u4ee3\u534a\u6218\u6597\u673a", "offset": 0, "length": 7}]}}, {"sentence": "\u4e0e\u5176\u540c\u65f6\u671f\u7684\u6b27\u6d32\u56db\u4ee3\u534a\u6218\u673a\u6709\u6cd5\u56fd\u201c\u9635\u98ce\u201d\u6218\u6597\u673a\u548c\u745e\u5178\u7684JAS-39\u201c\u9e70\u72ee\u201d\u6218\u6597\u673a\u3002", "events": [], "arguments": {"time": [], "loc": [], "country": [{"text": "\u6b27\u6d32", "offset": 6, "length": 2}, {"text": "\u6cd5\u56fd", "offset": 14, "length": 2}, {"text": "\u745e\u5178", "offset": 24, "length": 2}], "weapon": [{"text": "\u201c\u9635\u98ce\u201d\u6218\u6597\u673a", "offset": 16, "length": 7}, {"text": "JAS-39\u201c\u9e70\u72ee\u201d\u6218\u6597\u673a", "offset": 27, "length": 13}]}}, {"sentence": "\u201c\u4ece\u5176\u8bbe\u8ba1\u53c2\u6570\u4e0a\u6765\u770b\uff0c\u2018\u53f0\u98ce\u2019\u6027\u80fd\u76f8\u5f53\u4e0d\u9519\u3002", "events": [], "arguments": {"time": [], "loc": [], "country": [], "weapon": [{"text": "\u2018\u53f0\u98ce\u2019", "offset": 11, "length": 4}]}}, {"sentence": "\u5176\u91c7\u7528\u7684EJ200\u6da1\u6247\u53d1\u52a8\u673a\u63a8\u91cd\u6bd4\u8fbe\u5230\u4e8610\uff0c\u7ed3\u5408\u826f\u597d\u7684\u6c14\u52a8\u5e03\u5c40\uff0c\u4f7f\u5176\u5177\u5907\u826f\u597d\u7684\u673a\u52a8\u6027\uff0c\u5e76\u4e14\u53ef\u4ee5\u8fdb\u884c\u8d85\u58f0\u901f\u5de1\u822a\u3002", "events": [{"trigger": {"text": "\u5de1\u822a", "offset": 53, "length": 2}, "object": {"text": "", "offset": 0, "length": 0}, "subject": {"text": "", "offset": 0, "length": 0}}], "arguments": {"time": [], "loc": [], "country": [], "weapon": []}}, {"sentence": "\u5176\u6302\u8f7d\u80fd\u529b\u5f88\u5f3a\uff0c\u5171\u670913\u4e2a\u5916\u6302\u70b9\uff0c\u6700\u5927\u5916\u6302\u91cf7.5\u5428\uff0c\u53ef\u6302\u8f7d\u6b27\u7f8e\u56fd\u5bb6\u4e3b\u8981\u7684\u7a7a\u7a7a\u3001\u7a7a\u5730\u6b66\u5668\uff0c\u5982AIM-120\u5148\u8fdb\u4e2d\u8ddd\u7a7a\u7a7a\u5bfc\u5f39\u3001\u2018\u6d41\u661f\u2019\u4e2d\u8ddd\u7a7a\u7a7a\u5bfc\u5f39\u3001\u2018\u5b9d\u77f3\u8def\u2019\u6fc0\u5149\u5236\u5bfc\u70b8\u5f39\u7b49\u3002", "events": [{"trigger": {"text": "\u6302\u8f7d", "offset": 28, "length": 2}, "object": {"text": "", "offset": 0, "length": 0}, "subject": {"text": "", "offset": 0, "length": 0}}], "arguments": {"time": [], "loc": [], "country": [], "weapon": [{"text": "AIM-120\u5148\u8fdb\u4e2d\u8ddd\u7a7a\u7a7a\u5bfc\u5f39", "offset": 46, "length": 15}, {"text": "\u2018\u6d41\u661f\u2019\u4e2d\u8ddd\u7a7a\u7a7a\u5bfc\u5f39", "offset": 62, "length": 10}, {"text": "\u2018\u5b9d\u77f3\u8def\u2019\u6fc0\u5149\u5236\u5bfc\u70b8\u5f39", "offset": 73, "length": 11}]}}, {"sentence": "\u201d\u6587\u660c\u4ecb\u7ecd\u3002", "events": [], "arguments": {"time": [], "loc": [], "country": [], "weapon": []}}, {"sentence": "\u8fd9\u6b3e\u98de\u673a\u5b9e\u6218\u6027\u80fd\u4e5f\u76f8\u5f53\u4e0d\u9519\u3002", "events": [], "arguments": {"time": [], "loc": [], "country": [], "weapon": [{"text": "\u98de\u673a", "offset": 2, "length": 2}]}}, {"sentence": "2011\u5e74\uff0c\u82f1\u56fd\u5728\u7a7a\u88ad\u5229\u6bd4\u4e9a\u65f6\u5c31\u4f7f\u7528\u4e86\u201c\u53f0\u98ce\u201d\u6218\u6597\u673a\u3002", "events": [{"trigger": {"text": "\u7a7a\u88ad", "offset": 9, "length": 2}, "object": {"text": "", "offset": 0, "length": 0}, "subject": {"text": "", "offset": 0, "length": 0}}], "arguments": {"time": [{"text": "2011\u5e74", "offset": 0, "length": 5}], "loc": [], "country": [{"text": "\u82f1\u56fd", "offset": 6, "length": 2}, {"text": "\u5229\u6bd4\u4e9a", "offset": 11, "length": 3}], "weapon": [{"text": "\u201c\u53f0\u98ce\u201d\u6218\u6597\u673a", "offset": 19, "length": 7}]}}, {"sentence": "\u5f53\u65f6\uff0c\u201c\u53f0\u98ce\u201d\u6218\u6597\u673a\u4ece\u82f1\u56fd\u672c\u571f\u7684\u4e00\u4e2a\u7a7a\u519b\u57fa\u5730\u8d77\u98de\uff0c\u9014\u4e2d\u7ecf\u8fc7\u51e0\u6b21\u7a7a\u4e2d\u52a0\u6cb9\uff0c\u957f\u9014\u5954\u88ad\u5229\u6bd4\u4e9a\uff0c\u5e76\u6295\u4e0b\u4e86\u5236\u5bfc\u70b8\u5f39\u3002", "events": [{"trigger": {"text": "\u8d77\u98de", "offset": 22, "length": 2}, "object": {"text": "", "offset": 0, "length": 0}, "subject": {"text": "", "offset": 0, "length": 0}}], "arguments": {"time": [], "loc": [{"text": "\u519b\u57fa\u5730", "offset": 0, "length": 3}, {"text": "\u5229\u6bd4\u4e9a", "offset": 40, "length": 3}], "country": [{"text": "\u82f1\u56fd", "offset": 11, "length": 2}, {"text": "\u5229\u6bd4\u4e9a", "offset": 40, "length": 3}], "weapon": [{"text": "\u201c\u53f0\u98ce\u201d\u6218\u6597\u673a", "offset": 3, "length": 7}]}}, {"sentence": "\u8fd9\u4e2a\u6218\u4f8b\u5728\u5f53\u65f6\u53ef\u7b97\u662f\u8f70\u52a8\u4e00\u65f6\u3002", "events": [], "arguments": {"time": [], "loc": [], "country": [], "weapon": []}}, {"sentence": "\u5728\u6b64\u4e4b\u524d\uff0c\u4e00\u4e9b\u56fd\u5bb6\u66fe\u6709\u8fc7\u8981\u4e0d\u8981\u53d1\u5c55\u8f70\u70b8\u673a\u3001\u53d1\u5c55\u4ec0\u4e48\u6837\u7684\u8f70\u70b8\u673a\u4e4b\u4e89\u3002", "events": [], "arguments": {"time": [], "loc": [], "country": [], "weapon": [{"text": "\u8f70\u70b8\u673a", "offset": 17, "length": 3}, {"text": "\u8f70\u70b8\u673a", "offset": 27, "length": 3}]}}, {"sentence": "\u6709\u4e13\u5bb6\u8ba4\u4e3a\uff0c\u4f7f\u7528\u6218\u6597\u673a\u914d\u5408\u52a0\u6cb9\u673a\u548c\u9884\u8b66\u673a\u4e5f\u53ef\u4ee5\u5c65\u884c\u6218\u7565\u6253\u51fb\u4efb\u52a1\u3002", "events": [{"trigger": {"text": "\u6253\u51fb", "offset": 27, "length": 2}, "object": {"text": "", "offset": 0, "length": 0}, "subject": {"text": "", "offset": 0, "length": 0}}], "arguments": {"time": [], "loc": [], "country": [], "weapon": [{"text": "\u6218\u6597\u673a", "offset": 8, "length": 3}, {"text": "\u52a0\u6cb9\u673a", "offset": 13, "length": 3}, {"text": "\u9884\u8b66\u673a", "offset": 17, "length": 3}]}}, {"sentence": "\u201c\u53f0\u98ce\u201d\u957f\u9014\u5954\u88ad\u5229\u6bd4\u4e9a\u5c31\u9a8c\u8bc1\u4e86\u8fd9\u4e48\u4e00\u79cd\u8bf4\u6cd5\u3002", "events": [], "arguments": {"time": [], "loc": [{"text": "\u5229\u6bd4\u4e9a", "offset": 8, "length": 3}], "country": [{"text": "\u5229\u6bd4\u4e9a", "offset": 8, "length": 3}], "weapon": [{"text": "\u201c\u53f0\u98ce\u201d", "offset": 0, "length": 4}]}}, {"sentence": "\u516c\u5f00\u8d44\u6599\u663e\u793a\uff0c2018\u5e74\u65f6\uff0c\u201c\u53f0\u98ce\u201d\u6218\u6597\u673a\u670d\u5f7915\u5468\u5e74\uff0c\u76f8\u5173\u4fe1\u606f\u663e\u793a\u5df2\u4ea4\u4ed8549\u67b6\u3001\u98de\u884c50\u4e07\u5c0f\u65f6\u3002", "events": [{"trigger": {"text": "\u98de\u884c", "offset": 42, "length": 2}, "object": {"text": "", "offset": 0, "length": 0}, "subject": {"text": "", "offset": 0, "length": 0}}], "arguments": {"time": [{"text": "2018\u5e74\u65f6", "offset": 7, "length": 6}], "loc": [], "country": [], "weapon": [{"text": "\u201c\u53f0\u98ce\u201d\u6218\u6597\u673a", "offset": 14, "length": 7}]}}, {"sentence": "\u5bf9\u6b64\uff0c\u6587\u660c\u6307\u51fa\uff0c\u7ecf\u8fc7\u7b80\u5355\u8ba1\u7b97\u53ef\u77e5\uff0c\u201c\u53f0\u98ce\u201d\u6218\u6597\u673a\u5e73\u5747\u6bcf\u5e74\u6bcf\u67b6\u7684\u98de\u884c\u65f6\u95f4\u4ec5\u4e3a60\u591a\u5c0f\u65f6\uff0c\u76f8\u6bd4\u540c\u7c7b\u6218\u673a\uff0c\u8fd9\u4e2a\u6570\u636e\u5e76\u4e0d\u7a81\u51fa\u3002", "events": [{"trigger": {"text": "\u98de\u884c", "offset": 31, "length": 2}, "object": {"text": "", "offset": 0, "length": 0}, "subject": {"text": "", "offset": 0, "length": 0}}], "arguments": {"time": [], "loc": [], "country": [], "weapon": [{"text": "\u201c\u53f0\u98ce\u201d\u6218\u6597\u673a", "offset": 17, "length": 7}]}}, {"sentence": "\u8981\u77e5\u9053\uff0c\u7f8e\u519b\u6218\u6597\u673a\u6807\u51c6\u5e73\u5747\u5e74\u98de\u884c\u65f6\u95f4\u53ef\u8fbe250\u5c0f\u65f6\u4ee5\u4e0a\uff0c\u751a\u81f3300\u5c0f\u65f6\u3002", "events": [{"trigger": {"text": "\u98de\u884c", "offset": 14, "length": 2}, "object": {"text": "", "offset": 0, "length": 0}, "subject": {"text": "", "offset": 0, "length": 0}}], "arguments": {"time": [], "loc": [], "country": [{"text": "\u7f8e", "offset": 4, "length": 1}], "weapon": [{"text": "\u6218\u6597\u673a", "offset": 6, "length": 3}]}}, {"sentence": "\u56e0\u6b64\uff0c\u8fd9\u4efd\u6210\u7ee9\u5355\u751a\u81f3\u53ef\u4ee5\u8bf4\u6709\u4e9b\u5c34\u5c2c\u3002", "events": [], "arguments": {"time": [], "loc": [], "country": [], "weapon": []}}, {"sentence": "\u8fd9\u53cd\u6620\u4e86\u201c\u53f0\u98ce\u201d\u6218\u6597\u673a\u7684\u98de\u884c\u65f6\u95f4\u76f8\u5bf9\u4e0d\u8db3\uff0c\u98de\u884c\u5458\u7684\u8bad\u7ec3\u65f6\u95f4\u4e5f\u76f8\u5e94\u4e0d\u8db3\u3002", "events": [{"trigger": {"text": "\u8bad\u7ec3", "offset": 25, "length": 2}, "object": {"text": "", "offset": 0, "length": 0}, "subject": {"text": "", "offset": 0, "length": 0}}], "arguments": {"time": [], "loc": [], "country": [], "weapon": [{"text": "\u201c\u53f0\u98ce\u201d\u6218\u6597\u673a", "offset": 4, "length": 7}]}}, {"sentence": "2018\u5e74\u6709\u6d88\u606f\u79f0\uff0c\u5fb7\u56fd\u7a7a\u519b\u73b0\u5f79\u7684128\u67b6\u201c\u53f0\u98ce\u201d\u6218\u6597\u673a\u4e2d\uff0c\u53ea\u67098\u67b6\u80fd\u591f\u968f\u65f6\u8d77\u98de\u4f5c\u6218\u3002", "events": [{"trigger": {"text": "\u8d77\u98de", "offset": 38, "length": 2}, "object": {"text": "", "offset": 0, "length": 0}, "subject": {"text": "", "offset": 0, "length": 0}}], "arguments": {"time": [{"text": "2018\u5e74", "offset": 0, "length": 5}], "loc": [], "country": [{"text": "\u5fb7\u56fd", "offset": 10, "length": 2}], "weapon": [{"text": "\u201c\u53f0\u98ce\u201d\u6218\u6597\u673a", "offset": 21, "length": 7}]}}, {"sentence": "\u4e14\u4e0d\u8bba\u6d88\u606f\u6570\u636e\u662f\u5426\u771f\u5b9e\uff0c\u4f46\u5b83\u81f3\u5c11\u53cd\u6620\u4e86\u201c\u53f0\u98ce\u201d\u6218\u6597\u673a\u7684\u6545\u969c\u7387\u8f83\u9ad8\uff0c\u5b8c\u597d\u7387\u8f83\u4f4e\u3002", "events": [], "arguments": {"time": [], "loc": [], "country": [], "weapon": [{"text": "\u201c\u53f0\u98ce\u201d\u6218\u6597\u673a", "offset": 19, "length": 7}]}}, {"sentence": "\u201c\u56e0\u6b64\uff0c\u6574\u4f53\u770b\u8fd9\u662f\u4e00\u6b3e\u597d\u98de\u673a\uff0c\u4f46\u5728\u4f7f\u7528\u8fc7\u7a0b\u4e2d\u66b4\u9732\u51fa\u7684\u4e00\u4e9b\u95ee\u9898\u5374\u5bfc\u81f4\u5176\u4f5c\u6218\u6548\u80fd\u5e76\u4e0d\u9ad8\u3002", "events": [], "arguments": {"time": [], "loc": [], "country": [], "weapon": []}}, {"sentence": "\u201d\u6587\u660c\u8868\u793a\u3002", "events": [], "arguments": {"time": [], "loc": [], "country": [], "weapon": []}}, {"sentence": "\u5965\u5c06\u5bfb\u6c42\u201c\u66f4\u6709\u6548\u3001\u66f4\u5212\u7b97\u201d\u7684\u89e3\u51b3\u65b9\u6848", "events": [], "arguments": {"time": [], "loc": [], "country": [{"text": "\u5965", "offset": 0, "length": 1}], "weapon": []}}, {"sentence": "2007\u5e747\u6708\uff0c\u6b27\u6d32\u6218\u6597\u673a\u516c\u53f8\u5411\u5965\u5730\u5229\u4ea4\u4ed8\u9996\u67b6\u201c\u53f0\u98ce\u201d\u6218\u6597\u673a\u3002", "events": [{"trigger": {"text": "\u4ea4\u4ed8", "offset": 19, "length": 2}, "object": {"text": "", "offset": 0, "length": 0}, "subject": {"text": "", "offset": 0, "length": 0}}], "arguments": {"time": [{"text": "2007\u5e747\u6708", "offset": 0, "length": 7}], "loc": [], "country": [{"text": "\u6b27\u6d32", "offset": 8, "length": 2}, {"text": "\u5965\u5730\u5229", "offset": 16, "length": 3}], "weapon": [{"text": "\u201c\u53f0\u98ce\u201d\u6218\u6597\u673a", "offset": 23, "length": 7}]}}, {"sentence": "\u4ec5\u4ec54\u5e74\u540e\uff0c\u82f1\u56fd\u5a92\u4f532011\u5e747\u67086\u65e5\u62a5\u9053\u79f0\uff0c\u5965\u5730\u522915\u67b6\u201c\u53f0\u98ce\u201d\u6218\u6597\u673a\u4e2d\u7684\u7b2c\u4e00\u67b6\u5728\u5b8c\u6210\u5347\u7ea7\u540e\u5c06\u91cd\u65b0\u670d\u5f79\u3002", "events": [{"trigger": {"text": "\u670d\u5f79", "offset": 50, "length": 2}, "object": {"text": "", "offset": 0, "length": 0}, "subject": {"text": "", "offset": 0, "length": 0}}], "arguments": {"time": [{"text": "2011\u5e747\u67086\u65e5", "offset": 10, "length": 9}], "loc": [], "country": [{"text": "\u82f1\u56fd", "offset": 6, "length": 2}, {"text": "\u5965\u5730\u5229", "offset": 23, "length": 3}], "weapon": [{"text": "\u201c\u53f0\u98ce\u201d\u6218\u6597\u673a", "offset": 29, "length": 7}]}}, {"sentence": "\u4e5f\u5c31\u662f\u8bf4\uff0c\u5965\u5730\u5229\u7684\u8fd9\u4e9b\u201c\u53f0\u98ce\u201d\u6218\u6597\u673a\u670d\u5f79\u8ddd\u4eca\u4ec5\u670913\u5e74\u65f6\u95f4\uff0c\u4e14\u4e2d\u95f4\u8fd8\u8fdb\u884c\u4e86\u4e00\u6b21\u5347\u7ea7\u3002", "events": [{"trigger": {"text": "\u5347\u7ea7", "offset": 39, "length": 2}, "object": {"text": "", "offset": 0, "length": 0}, "subject": {"text": "", "offset": 0, "length": 0}}], "arguments": {"time": [], "loc": [], "country": [{"text": "\u5965\u5730\u5229", "offset": 5, "length": 3}], "weapon": [{"text": "\u201c\u53f0\u98ce\u201d\u6218\u6597\u673a", "offset": 11, "length": 7}]}}, {"sentence": "\u90a3\u4e48\uff0c\u5965\u5730\u5229\u4e3a\u4ec0\u4e48\u8981\u5728\u8fd9\u4e2a\u65f6\u95f4\u9000\u5f79\u8fd9\u4e9b\u201c\u53f0\u98ce\u201d\u6218\u6597\u673a\u5462\uff1f", "events": [{"trigger": {"text": "\u9000\u5f79", "offset": 15, "length": 2}, "object": {"text": "", "offset": 0, "length": 0}, "subject": {"text": "", "offset": 0, "length": 0}}], "arguments": {"time": [], "loc": [], "country": [{"text": "\u5965\u5730\u5229", "offset": 3, "length": 3}], "weapon": [{"text": "\u201c\u53f0\u98ce\u201d\u6218\u6597\u673a", "offset": 19, "length": 7}]}}, {"sentence": "\u6587\u660c\u8868\u793a\uff1a\u201c\u5fc5\u987b\u627f\u8ba4\uff0c\u5965\u5730\u5229\u9000\u5f79\u8fd9\u4e9b\u2018\u53f0\u98ce\u2019\u6218\u6597\u673a\u786e\u5b9e\u6709\u4e9b\u65e9\u4e86\u3002", "events": [{"trigger": {"text": "\u9000\u5f79", "offset": 14, "length": 2}, "object": {"text": "", "offset": 0, "length": 0}, "subject": {"text": "", "offset": 0, "length": 0}}], "arguments": {"time": [], "loc": [], "country": [{"text": "\u5965\u5730\u5229", "offset": 11, "length": 3}], "weapon": [{"text": "\u2018\u53f0\u98ce\u2019\u6218\u6597\u673a", "offset": 18, "length": 7}]}}, {"sentence": "\u539f\u56e0\u6709\u8fd9\u4e48\u51e0\u70b9\uff1a\u4e00\u662f\u5965\u5730\u5229\u8ba4\u4e3a\u8fd9\u4e9b\u2018\u53f0\u98ce\u2019\u6218\u6597\u673a\u5e76\u4e0d\u4fbf\u5b9c\uff0c\u867d\u7136\u5176\u6700\u521d\u5b9a\u4ef7\u8f83\u4f4e\uff0c\u4f46\u5728\u540e\u7eed\u7684\u4ea4\u4ed8\u8fc7\u7a0b\u4e2d\u4e0d\u65ad\u63d0\u4ef7\uff0c\u4ee5\u81f3\u4e8e\u5965\u5730\u5229\u4e0d\u5f97\u4e0d\u5c06\u539f\u5b9a18\u67b6\u7684\u8ba2\u8d2d\u8ba1\u5212\u51cf\u5c11\u4e3a15\u67b6\uff1b\u4e8c\u662f\u5728\u4f7f\u7528\u8fc7\u7a0b\u4e2d\uff0c\u5176\u5b8c\u597d\u7387\u592a\u4f4e\uff0c\u6545\u969c\u7387\u9ad8\uff0c\u4f5c\u6218\u6548\u80fd\u4e0d\u9ad8\u3002", "events": [{"trigger": {"text": "\u8ba2\u8d2d", "offset": 70, "length": 2}, "object": {"text": "", "offset": 0, "length": 0}, "subject": {"text": "", "offset": 0, "length": 0}}], "arguments": {"time": [], "loc": [], "country": [{"text": "\u5965\u5730\u5229", "offset": 10, "length": 3}, {"text": "\u5965\u5730\u5229", "offset": 57, "length": 3}], "weapon": [{"text": "\u2018\u53f0\u98ce\u2019\u6218\u6597\u673a", "offset": 17, "length": 7}]}}, {"sentence": "\u800c\u4e14\u8d8a\u662f\u73b0\u4ee3\u5316\u7684\u98de\u673a\uff0c\u5176\u7ef4\u4fee\u8d39\u7528\u8d8a\u8d35\uff0c\u8fd9\u662f\u5965\u5730\u5229\u96be\u4ee5\u627f\u53d7\u7684\u3002", "events": [{"trigger": {"text": "\u7ef4\u4fee", "offset": 12, "length": 2}, "object": {"text": "", "offset": 0, "length": 0}, "subject": {"text": "", "offset": 0, "length": 0}}], "arguments": {"time": [], "loc": [], "country": [{"text": "\u5965\u5730\u5229", "offset": 21, "length": 3}], "weapon": [{"text": "\u98de\u673a", "offset": 8, "length": 2}]}}, {"sentence": "\u4e5f\u5c31\u662f\u8bf4\uff0c\u5965\u5730\u5229\u5feb\u8981\u2018\u7528\u4e0d\u8d77\u2019\u8fd9\u4e9b\u98de\u673a\u4e86\uff1b\u4e09\u662f\u6709\u8d44\u6599\u663e\u793a\uff0c\u5965\u5730\u5229\u6240\u5f97\u5230\u7684\u2018\u53f0\u98ce\u2019\u6218\u6597\u673a\u662f\u7f29\u6c34\u7248\uff0c\u7535\u5b50\u8bbe\u5907\u6863\u6b21\u8f83\u4f4e\u3002", "events": [], "arguments": {"time": [], "loc": [], "country": [{"text": "\u5965\u5730\u5229", "offset": 5, "length": 3}, {"text": "\u5965\u5730\u5229", "offset": 29, "length": 3}], "weapon": [{"text": "\u2018\u53f0\u98ce\u2019\u6218\u6597\u673a", "offset": 36, "length": 7}]}}, {"sentence": "\u867d\u7136\u8d44\u6599\u5e76\u4e0d\u4e00\u5b9a\u51c6\u786e\uff0c\u4f46\u81f3\u5c11\u53cd\u6620\u4e86\u5965\u5730\u5229\u8ba4\u4e3a\u5176\u83b7\u5f97\u7684\u2018\u53f0\u98ce\u2019\u6218\u6597\u673a\u548c\u751f\u4ea7\u5546\u6240\u5ba3\u4f20\u7684\u6027\u80fd\u6709\u6240\u5dee\u8ddd\u3002", "events": [], "arguments": {"time": [], "loc": [], "country": [{"text": "\u5965\u5730\u5229", "offset": 17, "length": 3}], "weapon": [{"text": "\u2018\u53f0\u98ce\u2019\u6218\u6597\u673a", "offset": 26, "length": 7}]}}, {"sentence": "\u201d", "events": [], "arguments": {"time": [], "loc": [], "country": [], "weapon": []}}, {"sentence": "\u5965\u5730\u5229\u5a92\u4f53\u66fe\u62a5\u9053\uff0c\u591a\u5e74\u6765\uff0c\u7531\u4e8e\u6b27\u6d32\u6218\u6597\u673a\u516c\u53f8\u4e0d\u65ad\u62d6\u5ef6\u4ea4\u8d27\u65f6\u95f4\uff0c\u52a0\u4e4b\u8d2d\u4e70\u6210\u672c\u4e0d\u65ad\u589e\u52a0\uff0c\u540c\u65f6\u5965\u5730\u5229\u6240\u5f97\u5230\u7684\u201c\u53f0\u98ce\u201d\u6218\u6597\u673a\u4e5f\u5b58\u5728\u7f3a\u9677\uff0c\u4e14\u7ef4\u4fee\u4ef7\u683c\u9ad8\u6602\u3002", "events": [{"trigger": {"text": "\u4ea4\u8d27", "offset": 26, "length": 2}, "object": {"text": "", "offset": 0, "length": 0}, "subject": {"text": "", "offset": 0, "length": 0}}, {"trigger": {"text": "\u7ef4\u4fee", "offset": 65, "length": 2}, "object": {"text": "", "offset": 0, "length": 0}, "subject": {"text": "", "offset": 0, "length": 0}}, {"trigger": {"text": "\u8d2d\u4e70", "offset": 33, "length": 2}, "object": {"text": "", "offset": 0, "length": 0}, "subject": {"text": "", "offset": 0, "length": 0}}], "arguments": {"time": [], "loc": [], "country": [{"text": "\u5965\u5730\u5229", "offset": 0, "length": 3}, {"text": "\u6b27\u6d32", "offset": 15, "length": 2}, {"text": "\u5965\u5730\u5229", "offset": 44, "length": 3}], "weapon": [{"text": "\u201c\u53f0\u98ce\u201d\u6218\u6597\u673a", "offset": 51, "length": 7}]}}, {"sentence": "\u6240\u4ee5\uff0c\u5965\u5730\u5229\u519b\u65b9\u8ba4\u4e3a\uff0c\u81ea2002\u5e74\u4ee5\u6765\uff0c\u7a7a\u5ba2\u516c\u53f8\u548c\u6b27\u6d32\u6218\u6597\u673a\u516c\u53f8\u5728\u6218\u6597\u673a\u9500\u552e\u4ef7\u683c\u548c\u4ea4\u4ed8\u80fd\u529b\u7b49\u65b9\u9762\u6b3a\u9a97\u5965\u5730\u5229\u653f\u5e9c\u3002", "events": [{"trigger": {"text": "\u4ea4\u4ed8", "offset": 41, "length": 2}, "object": {"text": "", "offset": 0, "length": 0}, "subject": {"text": "", "offset": 0, "length": 0}}], "arguments": {"time": [], "loc": [], "country": [{"text": "\u5965\u5730\u5229", "offset": 3, "length": 3}, {"text": "\u6b27\u6d32", "offset": 25, "length": 2}, {"text": "\u5965\u5730\u5229", "offset": 50, "length": 3}], "weapon": [{"text": "\u6218\u6597\u673a", "offset": 33, "length": 3}]}}, {"sentence": "\u5965\u5730\u5229\u5df2\u7ecf\u5c31\u6b64\u63d0\u51fa\u8bc9\u8bbc\u3002", "events": [], "arguments": {"time": [], "loc": [], "country": [{"text": "\u5965\u5730\u5229", "offset": 0, "length": 3}], "weapon": []}}, {"sentence": "\u57fa\u4e8e\u8fd9\u4e9b\u539f\u56e0\uff0c\u5965\u5730\u5229\u51b3\u5b9a\u4eca\u5e74\u9000\u5f79\u8fd9\u6b3e\u6218\u6597\u673a\uff0c\u4ee5\u201c\u66f4\u6709\u6548\u3001\u66f4\u5212\u7b97\u201d\u7684\u89e3\u51b3\u65b9\u6848\u6765\u6ee1\u8db3\u9632\u7a7a\u9700\u6c42\u3002", "events": [{"trigger": {"text": "\u9000\u5f79", "offset": 14, "length": 2}, "object": {"text": "", "offset": 0, "length": 0}, "subject": {"text": "", "offset": 0, "length": 0}}], "arguments": {"time": [], "loc": [], "country": [{"text": "\u5965\u5730\u5229", "offset": 7, "length": 3}], "weapon": [{"text": "\u6218\u6597\u673a", "offset": 18, "length": 3}]}}, {"sentence": "\u5bf9\u6b64\uff0c\u6587\u660c\u8ba4\u4e3a\uff0c\u201c\u66f4\u6709\u6548\u3001\u66f4\u5212\u7b97\u201d\u5176\u5b9e\u53ef\u4ee5\u7406\u89e3\u4e3a\u6027\u4ef7\u6bd4\u8f83\u9ad8\uff0c\u4f5c\u6218\u6548\u80fd\u8f83\u9ad8\uff0c\u4e0d\u80fd\u82b1\u51a4\u6789\u94b1\u3002", "events": [], "arguments": {"time": [], "loc": [], "country": [], "weapon": []}}, {"sentence": "\u201c\u76ee\u524d\u770b\uff0cF-16\u6218\u6597\u673a\u6216\u8bb8\u662f\u4e00\u4e2a\u6bd4\u8f83\u597d\u7684\u66ff\u4ee3\u65b9\u6848\u3002", "events": [], "arguments": {"time": [], "loc": [], "country": [], "weapon": [{"text": "F-16\u6218\u6597\u673a", "offset": 5, "length": 7}]}}, {"sentence": "\u5317\u7ea6\u56fd\u5bb6\u88c5\u5907\u7684\u98de\u673a\u4e3b\u8981\u6709\u7f8e\u5236F-16\u6218\u6597\u673a\u3001F-35\u6218\u6597\u673a\uff0c\u4ee5\u53ca\u6b27\u6d32\u81ea\u7814\u7684\u4e09\u6b3e\u56db\u4ee3\u534a\u6218\u673a\u3002", "events": [], "arguments": {"time": [], "loc": [], "country": [{"text": "\u5317\u7ea6", "offset": 0, "length": 2}, {"text": "\u6b27\u6d32", "offset": 32, "length": 2}], "weapon": [{"text": "F-16\u6218\u6597\u673a", "offset": 14, "length": 7}, {"text": "F-35\u6218\u6597\u673a", "offset": 22, "length": 7}, {"text": "\u6218\u673a", "offset": 0, "length": 2}]}}, {"sentence": "\u4ece\u4ef7\u683c\u6765\u770b\uff0c\u2018\u9e70\u72ee\u2019\u548cF-35\u6218\u6597\u673a\u90fd\u4e0d\u4fbf\u5b9c\uff0c\u540e\u671f\u7ef4\u62a4\u8d39\u7528\u4e5f\u9ad8\u3002", "events": [], "arguments": {"time": [], "loc": [], "country": [], "weapon": [{"text": "\u2018\u9e70\u72ee\u2019", "offset": 6, "length": 4}, {"text": "F-35\u6218\u6597\u673a", "offset": 11, "length": 7}]}}, {"sentence": "\u800c\u4e14\uff0c\u4f5c\u4e3a\u4e00\u4e2a\u6b27\u6d32\u5185\u9646\u56fd\u5bb6\uff0c\u5965\u5730\u5229\u9762\u4e34\u7684\u6218\u7565\u538b\u529b\u8f83\u5c0f\uff0c\u5230\u5e95\u9700\u4e0d\u9700\u8981\u90a3\u4e48\u2018\u9ad8\u7ea7\u2019\u7684\u6218\u6597\u673a\uff0c\u4e5f\u9700\u8981\u8bba\u8bc1\u3002", "events": [], "arguments": {"time": [], "loc": [], "country": [{"text": "\u6b27\u6d32", "offset": 7, "length": 2}, {"text": "\u5965\u5730\u5229", "offset": 14, "length": 3}], "weapon": [{"text": "\u6218\u6597\u673a", "offset": 40, "length": 3}]}}, {"sentence": "\u56e0\u6b64\uff0c\u4e70\u4e2a\u52a1\u5b9e\u4e00\u70b9\u7684\uff0c\u800c\u4e14\u65e2\u4e70\u5f97\u8d77\u53c8\u7528\u5f97\u8d77\u7684\u98de\u673a\u5c31\u6210\u4e86\u9996\u9009\u3002", "events": [], "arguments": {"time": [], "loc": [], "country": [], "weapon": [{"text": "\u98de\u673a", "offset": 22, "length": 2}]}}, {"sentence": "\u76ee\u524d\uff0cF-16\u6218\u6597\u673a\u6700\u65b0\u6539\u8fdb\u578b\u53f7\u4e5f\u80fd\u8fbe\u5230\u56db\u4ee3\u534a\u6807\u51c6\u3002", "events": [{"trigger": {"text": "\u6539\u8fdb", "offset": 12, "length": 2}, "object": {"text": "", "offset": 0, "length": 0}, "subject": {"text": "", "offset": 0, "length": 0}}], "arguments": {"time": [], "loc": [], "country": [], "weapon": [{"text": "F-16\u6218\u6597\u673a", "offset": 3, "length": 7}]}}, {"sentence": "\u5728\u6027\u80fd\u548c\u4ef7\u683c\u4e0a\u4f5c\u6743\u8861\uff0cF-16\u5f88\u53ef\u80fd\u6210\u4e3a\u5965\u5730\u5229\u2018\u53f0\u98ce\u2019\u7684\u66ff\u4ee3\u65b9\u6848\u3002", "events": [], "arguments": {"time": [], "loc": [], "country": [{"text": "\u5965\u5730\u5229", "offset": 20, "length": 3}], "weapon": [{"text": "F-16", "offset": 11, "length": 4}, {"text": "\u2018\u53f0\u98ce\u2019", "offset": 23, "length": 4}]}}, {"sentence": "\u201d\u6587\u660c\u8bf4\u3002", "events": [], "arguments": {"time": [], "loc": [], "country": [], "weapon": []}}, {"sentence": "\u5370\u5c3c\u9009\u62e9\u201c\u53f0\u98ce\u201d\u53ef\u80fd\u5e76\u4e0d\u5212\u7b97", "events": [], "arguments": {"time": [], "loc": [], "country": [{"text": "\u5370\u5c3c", "offset": 0, "length": 2}], "weapon": [{"text": "\u201c\u53f0\u98ce\u201d", "offset": 4, "length": 4}]}}, {"sentence": "\u201c\u53f0\u98ce\u201d\u6218\u6597\u673a\u5176\u5b9e\u66fe\u7ecf\u5e76\u4e0d\u662f\u5370\u5c3c\u7684\u9996\u9009\u3002", "events": [], "arguments": {"time": [], "loc": [], "country": [{"text": "\u5370\u5c3c", "offset": 14, "length": 2}], "weapon": [{"text": "\u201c\u53f0\u98ce\u201d\u6218\u6597\u673a", "offset": 0, "length": 7}]}}, {"sentence": "\u5370\u5c3c\u66fe\u8003\u8651\u8d2d\u4e70\u82cf-35\u6218\u673a\uff0c\u4f46\u6700\u7ec8\u65e0\u6cd5\u5b8c\u6210\u91c7\u8d2d\u8ba1\u5212\u3002", "events": [{"trigger": {"text": "\u91c7\u8d2d\u8ba1\u5212", "offset": 21, "length": 4}, "object": {"text": "", "offset": 0, "length": 0}, "subject": {"text": "", "offset": 0, "length": 0}}], "arguments": {"time": [], "loc": [], "country": [{"text": "\u5370\u5c3c", "offset": 0, "length": 2}], "weapon": [{"text": "\u82cf-35\u6218\u673a", "offset": 7, "length": 6}]}}, {"sentence": "\u201c\u5370\u5c3c\u653e\u5f03\u4fc4\u7f57\u65af\u7684\u82cf-35\u6218\u673a\u6700\u4e3b\u8981\u539f\u56e0\u8fd8\u662f\u62c5\u5fc3\u7f8e\u56fd\u7684\u5236\u88c1\u3002", "events": [], "arguments": {"time": [], "loc": [], "country": [{"text": "\u5370\u5c3c", "offset": 1, "length": 2}, {"text": "\u4fc4\u7f57\u65af", "offset": 5, "length": 3}, {"text": "\u7f8e\u56fd", "offset": 24, "length": 2}], "weapon": [{"text": "\u82cf-35\u6218\u673a", "offset": 9, "length": 6}]}}, {"sentence": "\u5b9e\u9645\u4e0a\uff0c\u81ea\u4ece\u5370\u5c3c\u4e0e\u4fc4\u7f57\u65af\u8c08\u5224\u6253\u7b97\u5f15\u8fdb\u82cf-35\u6218\u673a\u4ee5\u6765\uff0c\u7f8e\u56fd\u5c31\u4e00\u76f4\u5bf9\u5370\u5c3c\u65bd\u538b\u3002", "events": [{"trigger": {"text": "\u5f15\u8fdb", "offset": 16, "length": 2}, "object": {"text": "", "offset": 0, "length": 0}, "subject": {"text": "", "offset": 0, "length": 0}}], "arguments": {"time": [], "loc": [], "country": [{"text": "\u5370\u5c3c", "offset": 6, "length": 2}, {"text": "\u4fc4\u7f57\u65af", "offset": 9, "length": 3}, {"text": "\u7f8e\u56fd", "offset": 27, "length": 2}, {"text": "\u5370\u5c3c", "offset": 33, "length": 2}], "weapon": [{"text": "\u82cf-35\u6218\u673a", "offset": 18, "length": 6}]}}, {"sentence": "\u7279\u522b\u662f\u7f8e\u56fd\u8fd1\u51e0\u5e74\u51fa\u53f0\u4e86\u300a\u4ee5\u5236\u88c1\u53cd\u51fb\u7f8e\u56fd\u654c\u4eba\u6cd5\u6848\u300b\uff0c\u8fd9\u5c31\u4f7f\u5f97\u5370\u5c3c\u4e0d\u5f97\u4e0d\u8003\u8651\u5176\u540e\u679c\uff0c\u5e76\u6700\u7ec8\u653e\u5f03\u4e86\u91c7\u8d2d\u8ba1\u5212\u3002", "events": [{"trigger": {"text": "\u91c7\u8d2d\u8ba1\u5212", "offset": 46, "length": 4}, "object": {"text": "", "offset": 0, "length": 0}, "subject": {"text": "", "offset": 0, "length": 0}}], "arguments": {"time": [], "loc": [], "country": [{"text": "\u7f8e\u56fd", "offset": 3, "length": 2}, {"text": "\u7f8e\u56fd", "offset": 17, "length": 2}, {"text": "\u5370\u5c3c", "offset": 29, "length": 2}], "weapon": []}}, {"sentence": "\u201d\u6587\u660c\u8bf4\u3002", "events": [], "arguments": {"time": [], "loc": [], "country": [], "weapon": []}}, {"sentence": "\u76f8\u6bd4\u201c\u53f0\u98ce\u201d\uff0c\u82cf-35\u6218\u6597\u673a\u66f4\u52a0\u9002\u5408\u5370\u5c3c\u3002", "events": [], "arguments": {"time": [], "loc": [], "country": [{"text": "\u5370\u5c3c", "offset": 18, "length": 2}], "weapon": [{"text": "\u82cf-35\u6218\u6597\u673a", "offset": 7, "length": 7}]}}, {"sentence": "\u56e0\u4e3a\uff0c\u5370\u5c3c\u7a7a\u519b\u5df2\u7ecf\u88c5\u5907\u4e86\u4fc4\u7f57\u65af\u7684\u82cf-27\u3001\u82cf-30\u98de\u673a\uff0c\u4ece\u4f7f\u7528\u3001\u7ef4\u4fee\u3001\u4fdd\u517b\u7b49\u65b9\u9762\u770b\uff0c\u5f15\u8fdb\u82cf-35\u662f\u4e00\u4e2a\u975e\u5e38\u6709\u5229\u7684\u9009\u62e9\u3002", "events": [{"trigger": {"text": "\u88c5\u5907\u4e86", "offset": 9, "length": 3}, "object": {"text": "", "offset": 0, "length": 0}, "subject": {"text": "", "offset": 0, "length": 0}}, {"trigger": {"text": "\u5f15\u8fdb", "offset": 42, "length": 2}, "object": {"text": "", "offset": 0, "length": 0}, "subject": {"text": "", "offset": 0, "length": 0}}, {"trigger": {"text": "\u7ef4\u4fee", "offset": 32, "length": 2}, "object": {"text": "", "offset": 0, "length": 0}, "subject": {"text": "", "offset": 0, "length": 0}}], "arguments": {"time": [], "loc": [], "country": [{"text": "\u5370\u5c3c", "offset": 3, "length": 2}, {"text": "\u4fc4\u7f57\u65af", "offset": 12, "length": 3}], "weapon": [{"text": "\u82cf-27", "offset": 16, "length": 4}, {"text": "\u82cf-30\u98de\u673a", "offset": 21, "length": 6}, {"text": "\u82cf-35", "offset": 44, "length": 4}]}}, {"sentence": "\u800c\u4e14\uff0c\u4ece\u6027\u80fd\u4e0a\u770b\uff0c\u82cf-35\u5c5e\u4e8e\u91cd\u578b\u6218\u6597\u673a\uff0c\u800c\u201c\u53f0\u98ce\u201d\u6218\u6597\u673a\u662f\u4e2d\u578b\u6218\u6597\u673a\uff0c\u4e00\u822c\u8ba4\u4e3a\u91cd\u578b\u6218\u6597\u673a\u4f5c\u6218\u6548\u80fd\u66f4\u9ad8\u3002", "events": [], "arguments": {"time": [], "loc": [], "country": [], "weapon": [{"text": "\u82cf-35", "offset": 9, "length": 4}, {"text": "\u201c\u53f0\u98ce\u201d\u6218\u6597\u673a", "offset": 22, "length": 7}]}}, {"sentence": "\u4ece\u53d1\u5c55\u7684\u65f6\u4ee3\u770b\uff0c\u201c\u53f0\u98ce\u201d\u6218\u6597\u673a\u5c5e\u4e8e\u4e0a\u4e16\u7eaa90\u5e74\u4ee3\u7684\u6c34\u5e73\uff0c\u800c\u82cf-35\u5219\u5c5e\u4e8e\u4e00\u6b3e21\u4e16\u7eaa\u7684\u4ea7\u54c1\uff0c\u82cf-35\u8bbe\u8ba1\u7406\u5ff5\u5e94\u8be5\u66f4\u4e3a\u5148\u8fdb\uff0c\u6bd4\u5982\u82cf-35\u91c7\u7528\u7684\u662f\u65e0\u6e90\u76f8\u63a7\u9635\u96f7\u8fbe\uff0c\u201c\u53f0\u98ce\u201d\u4f7f\u7528\u7684\u662f\u8109\u51b2\u591a\u666e\u52d2\u96f7\u8fbe\uff0c\u5176\u6027\u80fd\u5dee\u5f02\u662f\u6bd4\u8f83\u660e\u663e\u7684\u3002", "events": [], "arguments": {"time": [], "loc": [], "country": [], "weapon": [{"text": "\u201c\u53f0\u98ce\u201d\u6218\u6597\u673a", "offset": 8, "length": 7}, {"text": "\u82cf-35", "offset": 63, "length": 4}, {"text": "\u201c\u53f0\u98ce\u201d", "offset": 79, "length": 4}]}}, {"sentence": "\u540c\u65f6\uff0c\u82cf-35\u7684\u673a\u52a8\u6027\u4e5f\u662f\u6709\u76ee\u5171\u7779\u7684\uff0c\u597d\u4e8e\u201c\u53f0\u98ce\u201d\u6218\u6597\u673a\u3002", "events": [], "arguments": {"time": [], "loc": [], "country": [], "weapon": [{"text": "\u82cf-35", "offset": 3, "length": 4}, {"text": "\u201c\u53f0\u98ce\u201d\u6218\u6597\u673a", "offset": 21, "length": 7}]}}, {"sentence": "\u201c\u6700\u5173\u952e\u7684\u662f\uff0c\u5982\u679c\u5370\u5c3c\u91c7\u8d2d\u5965\u5730\u5229\u7684\u2018\u53f0\u98ce\u2019\u6218\u6597\u673a\uff0c\u53ef\u80fd\u4f1a\u80cc\u4e0a\u6c89\u91cd\u7684\u8d1f\u62c5\u3002", "events": [{"trigger": {"text": "\u91c7\u8d2d", "offset": 11, "length": 2}, "object": {"text": "", "offset": 0, "length": 0}, "subject": {"text": "", "offset": 0, "length": 0}}], "arguments": {"time": [], "loc": [], "country": [{"text": "\u5370\u5c3c", "offset": 9, "length": 2}, {"text": "\u5965\u5730\u5229", "offset": 13, "length": 3}], "weapon": [{"text": "\u2018\u53f0\u98ce\u2019\u6218\u6597\u673a", "offset": 17, "length": 7}]}}, {"sentence": "\u5c3d\u7ba1\u5965\u5730\u5229\u7684\u2018\u53f0\u98ce\u2019\u6218\u6597\u673a\u6709\u4e9b\u5df2\u7ecf\u8fdb\u884c\u4e86\u5c40\u90e8\u7684\u5347\u7ea7\u66f4\u65b0\uff0c\u4f46\u5f88\u591a\u5927\u90e8\u4ef6\u5e76\u6ca1\u6709\u66f4\u65b0\u6362\u4ee3\u3002", "events": [{"trigger": {"text": "\u5347\u7ea7", "offset": 23, "length": 2}, "object": {"text": "", "offset": 0, "length": 0}, "subject": {"text": "", "offset": 0, "length": 0}}], "arguments": {"time": [], "loc": [], "country": [{"text": "\u5965\u5730\u5229", "offset": 2, "length": 3}], "weapon": [{"text": "\u2018\u53f0\u98ce\u2019\u6218\u6597\u673a", "offset": 6, "length": 7}]}}, {"sentence": "\u6bd4\u5982\uff0c\u6309\u7167\u4f7f\u7528\u5e74\u9650\u770b\uff0c\u5176\u53d1\u52a8\u673a\u662f\u4e0d\u662f\u5df2\u7ecf\u5feb\u5230\u7ffb\u4fee\u671f\u4e86\uff1f", "events": [], "arguments": {"time": [], "loc": [], "country": [], "weapon": []}}, {"sentence": "\u5982\u679c\u5370\u5c3c\u8fd9\u65f6\u5019\u8d2d\u4e70\u8fd9\u4e9b\u2018\u53f0\u98ce\u2019\u6218\u6597\u673a\uff0c\u5176\u7ef4\u4fee\u4fdd\u517b\u6210\u672c\u5c06\u662f\u4e0d\u5f97\u4e0d\u8003\u8651\u7684\u3002", "events": [{"trigger": {"text": "\u7ef4\u4fee", "offset": 20, "length": 2}, "object": {"text": "", "offset": 0, "length": 0}, "subject": {"text": "", "offset": 0, "length": 0}}], "arguments": {"time": [], "loc": [], "country": [{"text": "\u5370\u5c3c", "offset": 2, "length": 2}], "weapon": [{"text": "\u2018\u53f0\u98ce\u2019\u6218\u6597\u673a", "offset": 11, "length": 7}]}}, {"sentence": "\u800c\u4e14\u2018\u53f0\u98ce\u2019\u6218\u6597\u673a\u5373\u5c06\u542f\u52a8\u5347\u7ea7\u8ba1\u5212\uff0c\u8fd9\u4e9b\u5347\u7ea7\u5c06\u4f7f\u2018\u53f0\u98ce\u2019\u6218\u6597\u673a\u2018\u770b\u2019\u5f97\u66f4\u8fdc\u3001\u7b97\u5f97\u66f4\u5feb\u3001\u98de\u884c\u5458\u8d1f\u62c5\u66f4\u8f7b\u3001\u6253\u51fb\u80fd\u529b\u66f4\u5f3a\u3002", "events": [{"trigger": {"text": "\u5347\u7ea7", "offset": 13, "length": 2}, "object": {"text": "", "offset": 0, "length": 0}, "subject": {"text": "", "offset": 0, "length": 0}}, {"trigger": {"text": "\u6253\u51fb", "offset": 51, "length": 2}, "object": {"text": "", "offset": 0, "length": 0}, "subject": {"text": "", "offset": 0, "length": 0}}, {"trigger": {"text": "\u5347\u7ea7", "offset": 20, "length": 2}, "object": {"text": "", "offset": 0, "length": 0}, "subject": {"text": "", "offset": 0, "length": 0}}], "arguments": {"time": [], "loc": [], "country": [], "weapon": [{"text": "\u2018\u53f0\u98ce\u2019\u6218\u6597\u673a", "offset": 24, "length": 7}]}}, {"sentence": "\u90a3\u4e48\u8d2d\u4e70\u8fd9\u4e9b\u4e8c\u624b\u2018\u53f0\u98ce\u2019\u65f6\u662f\u4e0d\u662f\u4e5f\u8981\u8fdb\u884c\u76f8\u5e94\u7684\u66f4\u65b0\u6362\u4ee3\u5462\uff1f", "events": [{"trigger": {"text": "\u8d2d\u4e70", "offset": 2, "length": 2}, "object": {"text": "", "offset": 0, "length": 0}, "subject": {"text": "", "offset": 0, "length": 0}}], "arguments": {"time": [], "loc": [], "country": [], "weapon": [{"text": "\u2018\u53f0\u98ce\u2019", "offset": 8, "length": 4}]}}, {"sentence": "\u8fd9\u4e5f\u662f\u5370\u5c3c\u4e0d\u5f97\u4e0d\u8003\u8651\u7684\u95ee\u9898\u3002", "events": [], "arguments": {"time": [], "loc": [], "country": [{"text": "\u5370\u5c3c", "offset": 3, "length": 2}], "weapon": []}}, {"sentence": "\u201d\u6587\u660c\u8868\u793a\uff0c\u56e0\u6b64\uff0c\u65e0\u8bba\u662f\u4ece\u6027\u80fd\u8fd8\u662f\u7ecf\u6d4e\u89d2\u5ea6\u770b\uff0c\u5370\u5c3c\u7684\u8fd9\u4e00\u9009\u62e9\u5e76\u4e0d\u80fd\u8bf4\u5f88\u8d5a\u3002", "events": [], "arguments": {"time": [], "loc": [], "country": [{"text": "\u5370\u5c3c", "offset": 23, "length": 2}], "weapon": []}}]