[{"sentence": "\u963f\u5bcc\u6c57\u4e00\u76d1\u72f1\u906d\u88ad\u81f429\u4eba\u6b7b\u4ea1\u00a0\u00a0\u00a0\u201c\u4f0a\u65af\u5170\u56fd\u201d\u5206\u652f\u5ba3\u5e03\u8d1f\u8d23", "events": [{"trigger": {"text": "\u906d\u88ad", "offset": 6, "length": 2}, "object": {"text": "", "offset": 0, "length": 0}, "subject": {"text": "", "offset": 0, "length": 0}}], "arguments": {"time": [], "loc": [], "country": [{"text": "\u963f\u5bcc\u6c57", "offset": 0, "length": 3}], "weapon": []}}, {"sentence": "\u3010\u73af\u7403\u7f51\u62a5\u9053 \u89c1\u4e60\u8bb0\u8005 \u9a6c\u5ca9\u3011", "events": [], "arguments": {"time": [], "loc": [], "country": [], "weapon": []}}, {"sentence": "\u636e\u5361\u5854\u5c14\u534a\u5c9b\u7535\u89c6\u53f08\u67083\u65e5\u62a5\u9053\uff0c\u963f\u5bcc\u6c57\u4e00\u6240\u76d1\u72f1\u906d\u5230\u88ad\u51fb\uff0c\u9020\u6210\u81f3\u5c1129\u4eba\u6b7b\u4ea1\uff0c\u201c\u4f0a\u65af\u5170\u56fd\u201d\u7ec4\u7ec7\u5df2\u5ba3\u79f0\u5bf9\u88ad\u51fb\u8d1f\u8d23\u3002", "events": [{"trigger": {"text": "\u88ad\u51fb", "offset": 25, "length": 2}, "object": {"text": "", "offset": 0, "length": 0}, "subject": {"text": "", "offset": 0, "length": 0}}, {"trigger": {"text": "\u88ad\u51fb", "offset": 50, "length": 2}, "object": {"text": "", "offset": 0, "length": 0}, "subject": {"text": "", "offset": 0, "length": 0}}], "arguments": {"time": [{"text": "8\u67083\u65e5", "offset": 9, "length": 4}], "loc": [{"text": "\u5361\u5854\u5c14\u534a\u5c9b", "offset": 1, "length": 5}], "country": [{"text": "\u963f\u5bcc\u6c57", "offset": 16, "length": 3}], "weapon": []}}, {"sentence": "\u62a5\u9053\u79f0\uff0c2\u65e5\u665a\u95f4\uff0c\u4e00\u540d\u201c\u4f0a\u65af\u5170\u56fd\u201d\u6b66\u88c5\u5206\u5b50\u9a7e\u9a76\u88c5\u6709\u70b8\u836f\u7684\u6c7d\u8f66\u70b8\u5f00\u4e86\u76d1\u72f1\u5927\u95e8\uff0c\u968f\u540e\u963f\u5bcc\u6c57\u519b\u8b66\u8fd8\u4e0e\u5176\u4ed6\u88ad\u51fb\u8005\u53d1\u751f\u67aa\u6218\uff0c\u6210\u767e\u4e0a\u5343\u540d\u56da\u72af\u8d81\u673a\u9003\u79bb\u3002", "events": [{"trigger": {"text": "\u88c5\u6709", "offset": 23, "length": 2}, "object": {"text": "", "offset": 0, "length": 0}, "subject": {"text": "", "offset": 0, "length": 0}}], "arguments": {"time": [{"text": "2\u65e5\u665a\u95f4", "offset": 4, "length": 4}], "loc": [], "country": [{"text": "\u963f\u5bcc\u6c57", "offset": 40, "length": 3}], "weapon": []}}, {"sentence": "\u88ad\u51fb\u9020\u6210\u81f3\u5c1129\u4eba\u6b7b\u4ea1\uff0c\u7ea650\u4eba\u53d7\u4f24\uff0c\u6b7b\u4f24\u8005\u5305\u62ec\u56da\u72af\u3001\u5e73\u6c11\u3001\u72f1\u8b66\u548c\u519b\u4eba\uff0c\u53e6\u6709\u81f3\u5c1110\u540d\u88ad\u51fb\u8005\u88ab\u963f\u5bcc\u6c57\u5b89\u5168\u90e8\u961f\u51fb\u6bd9\u3002", "events": [{"trigger": {"text": "\u88ad\u51fb", "offset": 0, "length": 2}, "object": {"text": "", "offset": 0, "length": 0}, "subject": {"text": "", "offset": 0, "length": 0}}], "arguments": {"time": [], "loc": [], "country": [{"text": "\u963f\u5bcc\u6c57", "offset": 47, "length": 3}], "weapon": []}}, {"sentence": "\u8be5\u76d1\u72f1\u5173\u62bc\u7740\u5927\u7ea62000\u540d\u56da\u72af\uff0c\u5176\u4e2d\u8bb8\u591a\u4eba\u6765\u81ea\u201c\u4f0a\u65af\u5170\u56fd\u201d\u548c\u5854\u5229\u73ed\u3002", "events": [], "arguments": {"time": [], "loc": [], "country": [], "weapon": []}}, {"sentence": "\u968f\u540e\uff0c\u201c\u4f0a\u65af\u5170\u56fd\u201d\u7ec4\u7ec7\u5728\u963f\u5bcc\u6c57\u5206\u652f\u201c\u547c\u7f57\u73ca\u201d\u5ba3\u5e03\u5bf9\u8fd9\u8d77\u88ad\u51fb\u8d1f\u8d23\u3002", "events": [{"trigger": {"text": "\u88ad\u51fb", "offset": 27, "length": 2}, "object": {"text": "", "offset": 0, "length": 0}, "subject": {"text": "", "offset": 0, "length": 0}}], "arguments": {"time": [], "loc": [], "country": [{"text": "\u963f\u5bcc\u6c57", "offset": 12, "length": 3}], "weapon": []}}, {"sentence": "\u8054\u5408\u56fd\u53d1\u5e03\u7684\u4e00\u4efd\u62a5\u544a\u663e\u793a\uff0c\u5728\u963f\u5bcc\u6c57\u5927\u7ea6\u67092200\u540d\u201c\u4f0a\u65af\u5170\u56fd\u201d\u6210\u5458\uff0c\u5c3d\u7ba1\u8be5\u7ec4\u7ec7\u5b9e\u529b\u5df2\u7ecf\u906d\u5230\u524a\u5f31\uff0c\u4f46\u5b83\u4ecd\u5177\u5907\u5728\u5305\u62ec\u9996\u90fd\u5580\u5e03\u5c14\u5728\u5185\u7684\u963f\u5bcc\u6c57\u5404\u5730\u5b9e\u65bd\u88ad\u51fb\u7684\u80fd\u529b\u3002", "events": [{"trigger": {"text": "\u88ad\u51fb", "offset": 71, "length": 2}, "object": {"text": "", "offset": 0, "length": 0}, "subject": {"text": "", "offset": 0, "length": 0}}], "arguments": {"time": [], "loc": [], "country": [{"text": "\u963f\u5bcc\u6c57", "offset": 14, "length": 3}, {"text": "\u963f\u5bcc\u6c57", "offset": 64, "length": 3}], "weapon": []}}, {"sentence": " \uff08\u5b8c\uff09", "events": [], "arguments": {"time": [], "loc": [], "country": [], "weapon": []}}, {"sentence": "\uff08\u5b8c\uff09", "events": [], "arguments": {"time": [], "loc": [], "country": [], "weapon": []}}]