[{"sentence": "\u4fc4\u519b\u795e\u79d8\u7279\u79cd\u6f5c\u8247\u5f00\u59cb\u6d4b\u8bd5\uff0c\u6392\u6c34\u91cf3\u4e07\u5428\uff0c\u80fd\u642d\u8f7d6\u8258\u201c\u6838\u9c7c\u96f7\u201d", "events": [{"trigger": {"text": "\u6d4b\u8bd5", "offset": 10, "length": 2}, "subject": {"text": "\u4fc4\u519b", "offset": 0, "length": 2}, "object": {"text": "\u795e\u79d8\u7279\u79cd\u6f5c\u8247", "offset": 2, "length": 6}}, {"trigger": {"text": "\u642d\u8f7d", "offset": 21, "length": 2}, "object": {"text": "", "offset": 0, "length": 0}, "subject": {"text": "", "offset": 0, "length": 0}}], "arguments": {"time": [], "loc": [], "country": [{"text": "\u4fc4", "offset": 0, "length": 1}], "weapon": [{"text": "\u6f5c\u8247", "offset": 6, "length": 2}, {"text": "\u201c\u6838\u9c7c\u96f7", "offset": 25, "length": 4}]}}, {"sentence": "\u3010\u73af\u7403\u7f51\u519b\u4e8b\u62a5\u9053\u3011", "events": [], "arguments": {"time": [], "loc": [], "country": [], "weapon": []}}, {"sentence": "\u636e\u4fc4\u7f57\u65af\u536b\u661f\u65b0\u95fb\u901a\u8baf\u793e8\u67081\u65e5\u62a5\u9053\uff0c\u4fc4\u7f57\u65af\u56fd\u9632\u90e8\u5f53\u5929\u5ba3\u5e03\uff0c\u4fc4\u519b\u5f00\u59cb\u6d4b\u8bd5\u201c\u522b\u5c14\u54e5\u7f57\u5fb7\u201d\u53f7\u6838\u6f5c\u8247\u3002", "events": [{"trigger": {"text": "\u6d4b\u8bd5", "offset": 33, "length": 2}, "object": {"text": "", "offset": 0, "length": 0}, "subject": {"text": "", "offset": 0, "length": 0}}], "arguments": {"time": [{"text": "8\u67081\u65e5", "offset": 11, "length": 4}], "loc": [{"text": "\u4fc4\u7f57\u65af", "offset": 18, "length": 3}, {"text": "\u4fc4\u7f57\u65af\u56fd\u9632\u90e8", "offset": 18, "length": 6}], "country": [{"text": "\u4fc4\u7f57\u65af", "offset": 1, "length": 3}], "weapon": [{"text": "\u201c\u522b\u5c14\u54e5\u7f57\u5fb7\u201d\u53f7\u6838\u6f5c\u8247", "offset": 35, "length": 11}]}}, {"sentence": "\u8be5\u6f5c\u8247\u5c06\u6210\u4e3a\u9996\u4e2a\u88c5\u914d\u6709\u201c\u6ce2\u585e\u51ac\u201d\u6838\u52a8\u529b\u65e0\u4eba\u6f5c\u8247\u7684\u6bcd\u8247\u3002", "events": [], "arguments": {"time": [], "loc": [], "country": [], "weapon": [{"text": "\u201c\u6ce2\u585e\u51ac\u201d\u6838\u52a8\u529b\u65e0\u4eba\u6f5c\u8247", "offset": 11, "length": 12}]}}, {"sentence": "2018\u5e74\u6625\uff0c\u4fc4\u8054\u90a6\u603b\u7edf\u5f17\u62c9\u57fa\u7c73\u5c14\u00b7\u666e\u4eac\u901a\u8fc7\u8bae\u4f1a\u53d1\u8868\u56fd\u60c5\u54a8\u6587\uff0c\u5411\u516c\u4f17\u4ecb\u7ecd\u4e86\u4fc4\u7f57\u65af\u65e0\u4eba\u653b\u51fb\u6f5c\u8247\u7684\u4fe1\u606f\u3002", "events": [], "arguments": {"time": [{"text": "2018\u5e74\u6625", "offset": 0, "length": 6}], "loc": [], "country": [{"text": "\u4fc4\u7f57\u65af", "offset": 37, "length": 3}], "weapon": [{"text": "\u65e0\u4eba\u653b\u51fb\u6f5c\u8247", "offset": 40, "length": 6}]}}, {"sentence": "\u4f46\u65e9\u57282016\u5e7412\u6708\u7f8e\u56fd\u4e2d\u592e\u60c5\u62a5\u5c40\u5c31\u66fe\u5ba3\u5e03\uff0c\u4fc4\u7f57\u65af\u5df2\u7ecf\u6d4b\u8bd5\u4e86\u6df1\u6c34\u6838\u52a8\u529b\u88c5\u7f6e\u3002", "events": [], "arguments": {"time": [{"text": "2016\u5e7412\u6708", "offset": 3, "length": 8}], "loc": [], "country": [{"text": "\u4fc4\u7f57\u65af", "offset": 23, "length": 3}, {"text": "\u7f8e\u56fd", "offset": 11, "length": 2}], "weapon": []}}, {"sentence": "\u62a5\u9053\u79f0\uff0c\u201c\u6ce2\u585e\u51ac\u201d\u7c7b\u4f3c\u5927\u578b\u9c7c\u96f7\uff0c\u662f\u5c0f\u578b\u7684\u673a\u5668\u4eba\u6838\u6f5c\u8247\u3002", "events": [], "arguments": {"time": [], "loc": [], "country": [], "weapon": [{"text": "\u201c\u6ce2\u585e\u51ac\u201d", "offset": 4, "length": 5}, {"text": "\u9c7c\u96f7", "offset": 0, "length": 2}, {"text": "\u673a\u5668\u4eba\u6838\u6f5c\u8247", "offset": 20, "length": 6}]}}, {"sentence": "\u636e\u897f\u65b9\u519b\u4e8b\u4e13\u5bb6\u8bc4\u4f30\uff0c\u5176\u6392\u6c34\u91cf\u4e3a\u6570\u5341\u5428\uff0c\u53ea\u6709\u7279\u5236\u7684\u6f5c\u8247\u8f7d\u4f53\u624d\u80fd\u8fd0\u9001\u3002", "events": [{"trigger": {"text": "\u8fd0\u9001", "offset": 30, "length": 2}, "object": {"text": "", "offset": 0, "length": 0}, "subject": {"text": "", "offset": 0, "length": 0}}], "arguments": {"time": [], "loc": [], "country": [], "weapon": [{"text": "\u6f5c\u8247", "offset": 24, "length": 2}]}}, {"sentence": "\u65e0\u4eba\u6f5c\u8247\u7684\u6709\u7740\u666e\u901a\u6f5c\u8247\u96be\u4ee5\u4f01\u53ca\u7684\u822a\u901f\u548c\u4e0b\u6f5c\u6df1\u5ea6\uff0c\u5b83\u53ef\u72ec\u81ea\u6cbf\u7740\u6700\u4f73\u822a\u7ebf\u5230\u8fbe\u76ee\u6807\u70b9\uff0c\u800c\u4e14\u822a\u7a0b\u4e0d\u9650\u3002", "events": [], "arguments": {"time": [], "loc": [], "country": [], "weapon": [{"text": "\u65e0\u4eba\u6f5c\u8247", "offset": 0, "length": 4}, {"text": "\u6f5c\u8247", "offset": 9, "length": 2}]}}, {"sentence": "\u5bf9\u5317\u7ea6\u6f5c\u8247\u62e6\u622a\u7cfb\u7edf\u6765\u8bf4\uff0c\u201c\u6ce2\u585e\u51ac\u201d\u662f\u6781\u4e3a\u590d\u6742\u7684\u76ee\u6807\u3002", "events": [{"trigger": {"text": "\u62e6\u622a", "offset": 5, "length": 2}, "object": {"text": "", "offset": 0, "length": 0}, "subject": {"text": "", "offset": 0, "length": 0}}], "arguments": {"time": [], "loc": [], "country": [{"text": "\u5317\u7ea6", "offset": 1, "length": 2}], "weapon": [{"text": "\u201c\u6ce2\u585e\u51ac\u201d", "offset": 12, "length": 5}]}}, {"sentence": "\u65e0\u4eba\u6f5c\u8247\u5373\u80fd\u643a\u5e26\u666e\u901a\u6218\u6597\u90e8\uff0c\u4e5f\u53ef\u643a\u5e26\u6838\u5f39\u6216\u70ed\u6838\u6218\u6597\u90e8\u3002", "events": [{"trigger": {"text": "\u643a\u5e26", "offset": 6, "length": 2}, "object": {"text": "", "offset": 0, "length": 0}, "subject": {"text": "", "offset": 0, "length": 0}}, {"trigger": {"text": "\u643a\u5e26", "offset": 16, "length": 2}, "object": {"text": "", "offset": 0, "length": 0}, "subject": {"text": "", "offset": 0, "length": 0}}], "arguments": {"time": [], "loc": [], "country": [], "weapon": [{"text": "\u65e0\u4eba\u6f5c\u8247", "offset": 0, "length": 4}, {"text": "\u6838\u5f39", "offset": 18, "length": 2}]}}, {"sentence": "\u4e13\u5bb6\u4eec\u8ba4\u4e3a\uff0c\u5176\u5a01\u529b\u8db3\u4ee5\u5c06\u654c\u65b9\u6d77\u519b\u57fa\u5730\u70b8\u6210\u7070\u5c18\uff0c\u6216\u8005\u901a\u8fc7\u5236\u9020\u4eba\u5de5\u6d77\u5578\uff0c\u6df9\u6ca1\u6cbf\u5cb8\u57ce\u5e02\u3002", "events": [{"trigger": {"text": "\u5236\u9020", "offset": 27, "length": 2}, "object": {"text": "", "offset": 0, "length": 0}, "subject": {"text": "", "offset": 0, "length": 0}}], "arguments": {"time": [], "loc": [], "country": [], "weapon": []}}, {"sentence": "\u201c\u522b\u5c14\u54e5\u7f57\u5fb7\u201d\u53f7\u6838\u6f5c\u8247\u662f\u201c\u6ce2\u585e\u51ac\u201d\u7684\u8fd0\u9001\u8f7d\u4f53\uff0c\u5c06\u4e8e\u4eca\u5e74\u5e74\u672b\u5217\u88c5\u6d77\u519b\u3002", "events": [{"trigger": {"text": "\u8fd0\u9001", "offset": 18, "length": 2}, "object": {"text": "", "offset": 0, "length": 0}, "subject": {"text": "", "offset": 0, "length": 0}}, {"trigger": {"text": "\u5217\u88c5", "offset": 29, "length": 2}, "object": {"text": "", "offset": 0, "length": 0}, "subject": {"text": "", "offset": 0, "length": 0}}], "arguments": {"time": [], "loc": [], "country": [], "weapon": [{"text": "\u201c\u522b\u5c14\u54e5\u7f57\u5fb7\u201d\u53f7\u6838\u6f5c\u8247", "offset": 0, "length": 11}, {"text": "\u201c\u6ce2\u585e\u51ac\u201d", "offset": 12, "length": 5}]}}, {"sentence": "1992\u5e74\uff0c\u4fc4\u7f57\u65af\u5f00\u59cb\u7b79\u5efa\u8fd9\u6b3e\u6f5c\u8247\uff0c20\u5e74\u540e\u6309\u7279\u522b\u8bbe\u8ba1\u5bf9\u5176\u8fdb\u884c\u4e86\u6539\u88c5\u3002", "events": [{"trigger": {"text": "\u6539\u88c5", "offset": 32, "length": 2}, "object": {"text": "", "offset": 0, "length": 0}, "subject": {"text": "", "offset": 0, "length": 0}}], "arguments": {"time": [{"text": "1992\u5e74", "offset": 0, "length": 5}], "loc": [], "country": [{"text": "\u4fc4\u7f57\u65af", "offset": 6, "length": 3}], "weapon": [{"text": "\u6f5c\u8247", "offset": 15, "length": 2}]}}, {"sentence": "\u8247\u4f53\u52a0\u957f\u4e8630\u7c73\uff0c\u6392\u6c34\u91cf\u589e\u81f33\u4e07\u5428\u3002", "events": [], "arguments": {"time": [], "loc": [], "country": [], "weapon": []}}, {"sentence": "\u201c\u522b\u5c14\u54e5\u7f57\u5fb7\u201d\u53f7\u7684\u91cd\u8981\u7279\u6027\u662f\u5176\u822a\u884c\u87ba\u65cb\u6868\u7edd\u5bf9\u7684\u4f4e\u566a\u97f3\u3002", "events": [{"trigger": {"text": "\u822a\u884c", "offset": 15, "length": 2}, "object": {"text": "", "offset": 0, "length": 0}, "subject": {"text": "", "offset": 0, "length": 0}}], "arguments": {"time": [], "loc": [], "country": [], "weapon": [{"text": "\u201c\u522b\u5c14\u54e5\u7f57\u5fb7\u201d\u53f7", "offset": 0, "length": 8}]}}, {"sentence": "\u4e5f\u5c31\u662f\u8bf4\uff0c\u8be5\u6f5c\u8247\u80fd\u591f\u9759\u6084\u6084\u5730\u8fdb\u5165\u653b\u51fb\u8fb9\u754c\uff0c\u53d1\u5c04\u201c\u6ce2\u585e\u51ac\u201d\u65e0\u4eba\u6f5c\u8247\u3002", "events": [{"trigger": {"text": "\u8fdb\u5165\u653b\u51fb", "offset": 14, "length": 4}, "object": {"text": "", "offset": 0, "length": 0}, "subject": {"text": "", "offset": 0, "length": 0}}, {"trigger": {"text": "\u53d1\u5c04", "offset": 21, "length": 2}, "object": {"text": "", "offset": 0, "length": 0}, "subject": {"text": "", "offset": 0, "length": 0}}], "arguments": {"time": [], "loc": [], "country": [], "weapon": [{"text": "\u201c\u6ce2\u585e\u51ac\u201d\u65e0\u4eba\u6f5c\u8247", "offset": 23, "length": 9}]}}, {"sentence": "\u6709\u8d44\u6599\u663e\u793a\uff0c\u4e00\u8258\u8be5\u578b\u6f5c\u8247\u53ef\u643a\u5e262-6\u8258\u65e0\u4eba\u6f5c\u8247\u3002", "events": [{"trigger": {"text": "\u643a\u5e26", "offset": 13, "length": 2}, "object": {"text": "", "offset": 0, "length": 0}, "subject": {"text": "", "offset": 0, "length": 0}}], "arguments": {"time": [], "loc": [], "country": [], "weapon": [{"text": "\u65e0\u4eba\u6f5c\u8247", "offset": 19, "length": 4}]}}, {"sentence": "\u4fc4\u7f57\u65af\u519b\u4e8b\u4e13\u5bb6\u4e9a\u5386\u5c71\u5927\u00b7\u65e5\u5cad\u4ecb\u7ecd\uff1a\u201c\u8f7d\u4eba\u6f5c\u8247\u5f53\u7136\u662f\u5a01\u529b\u5de8\u5927\u7684\u6b66\u5668\uff0c\u4f46\u4e5f\u6709\u5c40\u9650\u6027\uff0c\u5373\u4eba\u4e3a\u56e0\u7d20\u3002", "events": [], "arguments": {"time": [], "loc": [], "country": [{"text": "\u4fc4\u7f57\u65af", "offset": 0, "length": 3}], "weapon": [{"text": "\u8f7d\u4eba\u6f5c\u8247", "offset": 18, "length": 4}]}}, {"sentence": "\u800c\u2018\u6ce2\u585e\u51ac\u2019\u53ef\u4e00\u76f4\u5904\u4e8e\u6218\u6597\u72b6\u6001\uff0c\u5728\u4efb\u4f55\u65f6\u5019\u5b8c\u6210\u90e8\u7f72\u7684\u4efb\u52a1\u3002", "events": [{"trigger": {"text": "\u90e8\u7f72", "offset": 23, "length": 2}, "object": {"text": "", "offset": 0, "length": 0}, "subject": {"text": "", "offset": 0, "length": 0}}], "arguments": {"time": [], "loc": [], "country": [], "weapon": [{"text": "\u2018\u6ce2\u585e\u51ac\u2019", "offset": 1, "length": 5}]}}, {"sentence": "\u6b64\u7c7b\u578b\u65e0\u4eba\u6f5c\u8247\uff0c\u53ef\u901a\u8fc7\u52a0\u8f7d\u7684\u8f6f\u4ef6\u8fdb\u884c\u63a7\u5236\u3002", "events": [], "arguments": {"time": [], "loc": [], "country": [], "weapon": [{"text": "\u65e0\u4eba\u6f5c\u8247", "offset": 3, "length": 4}]}}, {"sentence": "\u201d", "events": [], "arguments": {"time": [], "loc": [], "country": [], "weapon": []}}, {"sentence": "\u62a5\u9053\u79f0\uff0c\u201c\u6ce2\u585e\u51ac\u201d\u8ba9\u7f8e\u56fd\u519b\u653f\u754c\u6781\u4e3a\u7d27\u5f20\u3002", "events": [], "arguments": {"time": [], "loc": [], "country": [{"text": "\u7f8e\u56fd", "offset": 10, "length": 2}], "weapon": [{"text": "\u201c\u6ce2\u585e\u51ac\u201d", "offset": 4, "length": 5}]}}, {"sentence": "\u5927\u591a\u6570\u897f\u65b9\u5206\u6790\u5e08\u8ba4\u4e3a\uff0c\u8f7d\u6709\u7279\u522b\u6218\u6597\u90e8\u7684\u6838\u52a8\u529b\u65e0\u4eba\u6f5c\u8247\uff0c\u662f\u4fc4\u7f57\u65af\u5bf9\u7f8e\u56fd\u90e8\u7f72\u53cd\u5bfc\u7cfb\u7edf\u7684\u6709\u6548\u56de\u5e94\u3002", "events": [{"trigger": {"text": "\u90e8\u7f72", "offset": 34, "length": 2}, "object": {"text": "", "offset": 0, "length": 0}, "subject": {"text": "", "offset": 0, "length": 0}}], "arguments": {"time": [], "loc": [], "country": [{"text": "\u4fc4\u7f57\u65af", "offset": 28, "length": 3}, {"text": "\u7f8e\u56fd", "offset": 32, "length": 2}], "weapon": [{"text": "\u6838\u52a8\u529b\u65e0\u4eba\u6f5c\u8247", "offset": 19, "length": 7}]}}, {"sentence": "7\u6708\u521d\uff0c\u7f8e\u56fd\u603b\u7edf\u519b\u63a7\u7279\u4f7f\u9a6c\u6b47\u5c14\u00b7\u6bd4\u6797\u65af\u5229\u6307\u51fa\uff0c\u201c\u6ce2\u585e\u51ac\u201d\u548c\u201c\u6d77\u71d5\u201d\u6838\u52a8\u529b\u5de1\u822a\u5bfc\u5f39\u662f\u201c\u53ef\u6015\u7684\u6b66\u5668\u201d\uff0c\u5e94\u5c06\u5176\u5217\u5165\u300a\u7b2c\u4e09\u9636\u6bb5\u6d88\u51cf\u6218\u7565\u6b66\u5668\u6761\u7ea6\u300b\u6846\u67b6\u3002", "events": [], "arguments": {"time": [{"text": "7\u6708\u521d", "offset": 0, "length": 3}], "loc": [], "country": [{"text": "\u7f8e\u56fd", "offset": 4, "length": 2}], "weapon": [{"text": "\u201c\u6ce2\u585e\u51ac\u201d", "offset": 23, "length": 5}, {"text": "\u201c\u6d77\u71d5\u201d\u6838\u52a8\u529b\u5de1\u822a\u5bfc\u5f39", "offset": 29, "length": 11}]}}, {"sentence": "\u6b64\u5916\uff0c\u8fd8\u8981\u52a0\u4e0a\u201c\u9506\u77f3\u201d\u8d85\u97f3\u901f\u53cd\u8230\u5bfc\u5f39\u3002", "events": [], "arguments": {"time": [], "loc": [], "country": [], "weapon": [{"text": "\u201c\u9506\u77f3\u201d\u8d85\u97f3\u901f\u53cd\u8230\u5bfc\u5f39", "offset": 7, "length": 11}]}}, {"sentence": "\u4e0d\u7136\u7684\u8bdd\uff0c\u7f8e\u56fd\u5c06\u62d2\u7edd\u5ef6\u957f\u300a\u7b2c\u4e09\u9636\u6bb5\u6d88\u51cf\u6218\u7565\u6b66\u5668\u6761\u7ea6\u300b\u3002", "events": [], "arguments": {"time": [], "loc": [], "country": [{"text": "\u7f8e\u56fd", "offset": 5, "length": 2}], "weapon": []}}, {"sentence": "\u4f46\u5f88\u96be\u8bf4\u83ab\u65af\u79d1\u662f\u5426\u4f1a\u5c48\u670d\u4e8e\u538b\u529b\u3002", "events": [], "arguments": {"time": [], "loc": [], "country": [], "weapon": []}}, {"sentence": "\u534e\u76db\u987f\u6709\u610f\u9650\u5236\u4fc4\u7f57\u65af\u519b\u5de5\u7cfb\u7edf\u7684\u6280\u672f\u8fdb\u6b65\uff0c\u539f\u56e0\u5728\u4e8e\u7f8e\u56fd\u6ca1\u6709\u6b64\u7c7b\u7814\u7a76\u6210\u679c\u3002", "events": [{"trigger": {"text": "\u7814\u7a76", "offset": 30, "length": 2}, "object": {"text": "", "offset": 0, "length": 0}, "subject": {"text": "", "offset": 0, "length": 0}}], "arguments": {"time": [], "loc": [], "country": [{"text": "\u4fc4\u7f57\u65af", "offset": 7, "length": 3}, {"text": "\u7f8e\u56fd", "offset": 24, "length": 2}], "weapon": []}}]