[{"sentence": "\u7f8e\u6b27\u88c2\u75d5\u52a0\u6df1\u00a0\u6cd5\u5fb7\u4e24\u56fd\u8bd5\u56fe\u5728\u6b66\u5668\u7814\u5236\u4e2d\u51cf\u5c11\u4f7f\u7528\u7f8e\u56fd\u6280\u672f", "events": [{"trigger": {"text": "\u7814\u5236", "offset": 16, "length": 2}, "object": {"text": "", "offset": 0, "length": 0}, "subject": {"text": "", "offset": 0, "length": 0}}], "arguments": {"time": [], "loc": [], "country": [{"text": "\u7f8e", "offset": 0, "length": 1}, {"text": "\u6b27", "offset": 1, "length": 1}, {"text": "\u6cd5", "offset": 7, "length": 1}, {"text": "\u5fb7", "offset": 8, "length": 1}, {"text": "\u7f8e\u56fd", "offset": 23, "length": 2}], "weapon": []}}, {"sentence": "\u3010\u73af\u7403\u7f51\u62a5\u9053 \u89c1\u4e60\u8bb0\u8005 \u9a6c\u5ca9\u3011", "events": [], "arguments": {"time": [], "loc": [], "country": [], "weapon": []}}, {"sentence": "\u636e\u201c\u4eca\u65e5\u4fc4\u7f57\u65af\u201d\u7f51\u7ad98\u67082\u65e5\u62a5\u9053\uff0c\u6cd5\u56fd\u548c\u5fb7\u56fd\u8ba1\u5212\u5728\u751f\u4ea7\u519b\u4e8b\u88c5\u5907\u65b9\u9762\u51cf\u5c11\u5bf9\u7f8e\u56fd\u7684\u4f9d\u8d56\uff0c\u800c\u66f4\u591a\u5730\u4f7f\u7528\u81ea\u5df1\u7684\u6280\u672f\u548c\u96f6\u90e8\u4ef6\u3002", "events": [{"trigger": {"text": "\u751f\u4ea7", "offset": 25, "length": 2}, "object": {"text": "", "offset": 0, "length": 0}, "subject": {"text": "", "offset": 0, "length": 0}}], "arguments": {"time": [{"text": "8\u67082\u65e5", "offset": 10, "length": 4}], "loc": [], "country": [{"text": "\u4fc4\u7f57\u65af", "offset": 4, "length": 3}, {"text": "\u6cd5\u56fd", "offset": 17, "length": 2}, {"text": "\u5fb7\u56fd", "offset": 20, "length": 2}, {"text": "\u7f8e\u56fd", "offset": 36, "length": 2}], "weapon": []}}, {"sentence": "\u62a5\u9053\u79f0\uff0c\u6cd5\u56fd\u548c\u5fb7\u56fd\u7684\u6b66\u5668\u751f\u4ea7\u5546\u6b63\u8bd5\u56fe\u5728\u76f4\u5347\u673a\u5236\u9020\u3001\u4e3a\u5fb7\u519b\u7814\u53d1\u7684\u4e00\u6b3e\u65b0\u5f0f\u7a81\u51fb\u6b65\u67aa\uff0c\u4ee5\u53ca\u4e24\u56fd\u5408\u4f5c\u7814\u5236\u7684\u4e00\u6b3e\u65b0\u578b\u6218\u6597\u673a\u7b49\u9886\u57df\u6392\u9664\u7f8e\u56fd\u6280\u672f\u3002", "events": [{"trigger": {"text": "\u5236\u9020", "offset": 22, "length": 2}, "object": {"text": "", "offset": 0, "length": 0}, "subject": {"text": "", "offset": 0, "length": 0}}, {"trigger": {"text": "\u7814\u5236", "offset": 46, "length": 2}, "object": {"text": "", "offset": 0, "length": 0}, "subject": {"text": "", "offset": 0, "length": 0}}], "arguments": {"time": [], "loc": [], "country": [{"text": "\u6cd5\u56fd", "offset": 4, "length": 2}, {"text": "\u5fb7\u56fd", "offset": 7, "length": 2}, {"text": "\u7f8e\u56fd", "offset": 61, "length": 2}], "weapon": [{"text": "\u76f4\u5347\u673a", "offset": 19, "length": 3}, {"text": "\u7a81\u51fb\u6b65\u67aa", "offset": 35, "length": 4}, {"text": "\u6218\u6597\u673a", "offset": 53, "length": 3}]}}, {"sentence": "\u4fdd\u62a4\u654f\u611f\u6570\u636e\u662f\u5fb7\u6cd5\u4e24\u56fd\u60f3\u8981\u66f4\u52a0\u72ec\u7acb\u4e8e\u7f8e\u56fd\u7684\u539f\u56e0\u4e4b\u4e00\uff0c\u6b64\u5916\uff0c\u6839\u636e\u7f8e\u56fd\u7684\u201c\u56fd\u9645\u6b66\u5668\u8d38\u6613\u6761\u4f8b\u201d\uff0c\u7f8e\u56fd\u653f\u5e9c\u6709\u6743\u5bf9\u4f7f\u7528\u7f8e\u56fd\u6280\u672f\u7684\u6b66\u5668\u4e88\u4ee5\u7ba1\u5236\uff0c\u5e76\u963b\u6b62\u8fd9\u4e9b\u6b66\u5668\u51fa\u53e3\u3002", "events": [{"trigger": {"text": "\u51fa\u53e3", "offset": 73, "length": 2}, "object": {"text": "", "offset": 0, "length": 0}, "subject": {"text": "", "offset": 0, "length": 0}}], "arguments": {"time": [], "loc": [], "country": [{"text": "\u6cd5", "offset": 8, "length": 1}, {"text": "\u7f8e\u56fd", "offset": 18, "length": 2}, {"text": "\u7f8e\u56fd", "offset": 31, "length": 2}, {"text": "\u7f8e\u56fd", "offset": 45, "length": 2}, {"text": "\u7f8e\u56fd", "offset": 54, "length": 2}], "weapon": []}}, {"sentence": "\u201c\u5728\u4e0d\u4f9d\u8d56\u7f8e\u56fd\u7684\u60c5\u51b5\u4e0b\uff0c\u6b27\u6d32\u6709\u66f4\u591a\u81ea\u7531\u51b3\u5b9a\u5411\u8c01\u51fa\u53e3\u6b66\u5668\u3002", "events": [{"trigger": {"text": "\u51fa\u53e3", "offset": 23, "length": 2}, "object": {"text": "", "offset": 0, "length": 0}, "subject": {"text": "", "offset": 0, "length": 0}}], "arguments": {"time": [], "loc": [], "country": [{"text": "\u7f8e\u56fd", "offset": 5, "length": 2}, {"text": "\u6b27\u6d32", "offset": 12, "length": 2}], "weapon": []}}, {"sentence": "\u201d\u6cd5\u56fd\u8d5b\u5cf0\u96c6\u56e2\u76f4\u5347\u673a\u53d1\u52a8\u673a\u90e8\u9500\u552e\u4e3b\u7ba1\u4f5b\u6d1b\u4f26\u7279\u2022\u8096\u65fa\u897f\uff08Florent Chauvancy\uff09\u8bf4\u3002", "events": [], "arguments": {"time": [], "loc": [], "country": [{"text": "\u6cd5\u56fd", "offset": 1, "length": 2}], "weapon": []}}, {"sentence": "\u76ee\u524d\u8d5b\u5cf0\u96c6\u56e2\u6b63\u4e0e\u4e00\u5bb6\u5fb7\u56fd\u5236\u9020\u5546\u5408\u4f5c\u7814\u53d1\u4e00\u6b3e\u65b0\u578b\u53d1\u52a8\u673a\uff0c\u51c6\u5907\u7528\u4e8e\u5927\u578b\u519b\u7528\u65e0\u4eba\u673a\uff0c\u5728\u7814\u53d1\u8fc7\u7a0b\u4e2d\u80fd\u5426\u5b8c\u5168\u56de\u907f\u7f8e\u56fd\u6280\u672f\u662f\u4e00\u4e2a\u73b0\u5b9e\u7684\u95ee\u9898\u3002", "events": [{"trigger": {"text": "\u7814\u53d1", "offset": 40, "length": 2}, "object": {"text": "", "offset": 0, "length": 0}, "subject": {"text": "", "offset": 0, "length": 0}}], "arguments": {"time": [], "loc": [], "country": [{"text": "\u5fb7\u56fd", "offset": 10, "length": 2}, {"text": "\u7f8e\u56fd", "offset": 51, "length": 2}], "weapon": [{"text": "\u5927\u578b\u519b\u7528\u65e0\u4eba\u673a", "offset": 31, "length": 7}]}}, {"sentence": "\u4e0d\u4e45\u524d\uff0c\u7f8e\u56fd\u4ee5\u5fb7\u56fd\u56fd\u9632\u5f00\u652f\u672a\u8fbe\u6807\u4e3a\u7531\uff0c\u5ba3\u5e03\u4ece\u5fb7\u56fd\u64a4\u51fa12000\u540d\u7f8e\u56fd\u9a7b\u519b\u3002", "events": [], "arguments": {"time": [], "loc": [], "country": [{"text": "\u7f8e\u56fd", "offset": 4, "length": 2}, {"text": "\u5fb7\u56fd", "offset": 7, "length": 2}, {"text": "\u5fb7\u56fd", "offset": 22, "length": 2}, {"text": "\u7f8e\u56fd", "offset": 32, "length": 2}], "weapon": []}}, {"sentence": "\u6b64\u5916\uff0c\u7f8e\u56fd\u8fd8\u6781\u529b\u53cd\u5bf9\u5fb7\u56fd\u4e0e\u4fc4\u7f57\u65af\u4e4b\u95f4\u7684\u80fd\u6e90\u5408\u4f5c\uff0c\u5305\u62ec\u5efa\u8bbe\u7a7f\u8d8a\u6ce2\u7f57\u7684\u6d77\u7684\u201c\u5317\u6eaa-2\u201d\u5929\u7136\u6c14\u7ba1\u9053\u9879\u76ee\uff0c\u53bb\u5e74\u7f8e\u56fd\u65bd\u538b\u6682\u505c\u4e86\u8be5\u9879\u76ee\uff0c\u8fd1\u6765\u8fdb\u4e00\u6b65\u8981\u6c42\u6240\u6709\u6295\u8d44\u8005\u548c\u6b27\u6d32\u4f01\u4e1a\u4e0d\u53c2\u52a0\u8be5\u9879\u76ee\u3002", "events": [{"trigger": {"text": "\u7a7f\u8d8a", "offset": 28, "length": 2}, "object": {"text": "", "offset": 0, "length": 0}, "subject": {"text": "", "offset": 0, "length": 0}}], "arguments": {"time": [], "loc": [{"text": "\u6ce2\u7f57\u7684\u6d77", "offset": 30, "length": 4}], "country": [{"text": "\u7f8e\u56fd", "offset": 3, "length": 2}, {"text": "\u5fb7\u56fd", "offset": 10, "length": 2}, {"text": "\u4fc4\u7f57\u65af", "offset": 13, "length": 3}, {"text": "\u7f8e\u56fd", "offset": 51, "length": 2}, {"text": "\u6b27\u6d32", "offset": 75, "length": 2}], "weapon": []}}]