[{"sentence": "\u7f8e\u519b\u9646\u6218\u961f\u5c06\u914d\u5907\u65b0\u6b3e\u5168\u8eab\u578b\u5916\u9aa8\u9abc\u00a0\u53ef\u4ee5\u8ba9\u58eb\u5175\u4ee5\u4e00\u9876\u5341", "events": [{"trigger": {"text": "\u914d\u5907", "offset": 6, "length": 2}, "object": {"text": "", "offset": 0, "length": 0}, "subject": {"text": "", "offset": 0, "length": 0}}], "arguments": {"time": [], "loc": [], "country": [{"text": "\u7f8e", "offset": 0, "length": 1}], "weapon": []}}, {"sentence": "\u3010\u73af\u7403\u7f51\u62a5\u9053 \u8bb0\u8005 \u5f90\u7490\u660e\u3011", "events": [], "arguments": {"time": [], "loc": [], "country": [], "weapon": []}}, {"sentence": "\u7f8e\u5a92\u79f0\u7f8e\u56fd\u6d77\u519b\u9646\u6218\u961f\u5373\u5c06\u5bf9\u4e00\u6b3e\u65b0\u578b\u5916\u9aa8\u9abc\u7cfb\u7edf\u8fdb\u884c\u6d4b\u8bd5\uff0c\u8fd9\u5957\u5916\u9aa8\u9abc\u751a\u81f3\u53ef\u4ee5\u8ba91\u540d\u58eb\u5175\u5e7210\u540d\u58eb\u5175\u624d\u80fd\u5b8c\u6210\u7684\u5de5\u4f5c\u3002", "events": [{"trigger": {"text": "\u6d4b\u8bd5", "offset": 24, "length": 2}, "object": {"text": "", "offset": 0, "length": 0}, "subject": {"text": "", "offset": 0, "length": 0}}], "arguments": {"time": [], "loc": [], "country": [{"text": "\u7f8e\u56fd", "offset": 3, "length": 2}], "weapon": []}}, {"sentence": "\u636eMilitary.com\u7f51\u7ad97\u670830\u65e5\u62a5\u9053\uff0c\u7f8e\u56fd\u6d77\u519b\u9646\u6218\u961f\u6b63\u5728\u8ba1\u5212\u5bf9\u4e00\u6b3e\u53ef\u7a7f\u6234\u5f0f\u7684\u673a\u5668\u4eba\u5916\u9aa8\u9abc\u7cfb\u7edf\u8fdb\u884c\u6d4b\u8bd5\u3002", "events": [{"trigger": {"text": "\u6d4b\u8bd5", "offset": 52, "length": 2}, "object": {"text": "", "offset": 0, "length": 0}, "subject": {"text": "", "offset": 0, "length": 0}}], "arguments": {"time": [{"text": "7\u670830\u65e5", "offset": 15, "length": 5}], "loc": [], "country": [{"text": "\u7f8e\u56fd", "offset": 23, "length": 2}], "weapon": []}}, {"sentence": "\u62a5\u9053\u79f0\uff0c\u5230\u4eca\u5e74\u5e74\u5e95\uff0c\u7f8e\u56fd\u6d77\u519b\u9646\u6218\u961f\u5c06\u914d\u5907\u8fd9\u6b3e\u540d\u4e3a\u201c\u5b88\u62a4\u8005XO\u201d\u7684\u5168\u8eab\u578b\u673a\u5668\u4eba\u5916\u9aa8\u9abc\uff0c\u6839\u636e\u4e0d\u540c\u7684\u4efb\u52a1\u79cd\u7c7b\uff0c\u8fd9\u5957\u5916\u9aa8\u9abc\u53ef\u4ee5\u8ba91\u540d\u58eb\u5175\u5e724\u523010\u540d\u58eb\u5175\u624d\u80fd\u5b8c\u6210\u7684\u5de5\u4f5c\u3002", "events": [{"trigger": {"text": "\u914d\u5907", "offset": 18, "length": 2}, "object": {"text": "", "offset": 0, "length": 0}, "subject": {"text": "", "offset": 0, "length": 0}}], "arguments": {"time": [{"text": "\u4eca\u5e74\u5e74\u5e95", "offset": 5, "length": 4}], "loc": [], "country": [{"text": "\u7f8e\u56fd", "offset": 10, "length": 2}], "weapon": [{"text": "\u201c\u5b88\u62a4\u8005XO\u201d", "offset": 24, "length": 7}]}}, {"sentence": "\u8fd9\u79cd\u53ef\u7a7f\u6234\u5f0f\u7684\u5916\u9aa8\u9abc\u53ef\u4ee5\u8fde\u7eed8\u4e2a\u5c0f\u65f6\u53cd\u590d\u63d0\u8d77\u548c\u79fb\u52a8\u91cd\u8fbe200\u78c5\u7684\u88c5\u5907\uff0c\u800c\u8fd9\u4ee5\u524d\u662f\u4e00\u540d\u666e\u901a\u6d77\u519b\u9646\u6218\u961f\u58eb\u5175\u65e0\u6cd5\u72ec\u7acb\u5b8c\u6210\u7684\u4f53\u529b\u52b3\u52a8\u3002", "events": [], "arguments": {"time": [], "loc": [], "country": [], "weapon": []}}, {"sentence": "\u8fd9\u9879\u5408\u4f5c\u534f\u8bae\u7531\u6d77\u519b\u9646\u6218\u961f\u540e\u52e4\u521b\u65b0\u529e\u516c\u5ba4\u548cSarcos\u56fd\u9632\u88c5\u5907\u516c\u53f8\u7b7e\u7f72\uff0cSarcos\u662f\u4e00\u5bb6\u7814\u5236\u9ad8\u79d1\u6280\u5957\u88c5\u7684\u516c\u53f8\u3002", "events": [{"trigger": {"text": "\u7814\u5236", "offset": 44, "length": 2}, "object": {"text": "", "offset": 0, "length": 0}, "subject": {"text": "", "offset": 0, "length": 0}}], "arguments": {"time": [], "loc": [], "country": [], "weapon": []}}, {"sentence": "\u4f46Sarcos\u516c\u53f8\u7684\u4ee3\u8868\u62d2\u7edd\u900f\u9732\u8fd9\u5957\u5916\u9aa8\u9abc\u88c5\u5907\u7684\u5177\u4f53\u4ef7\u683c\uff0c\u53ea\u662f\u8bf4\u5176\u9020\u4ef7\u5927\u81f4\u76f8\u5f53\u4e8e\u4e00\u540d\u666e\u901a\u804c\u5de55.2\u4e07\u7f8e\u5143\u7684\u5e74\u6536\u5165\uff0c\u518d\u7b97\u4e0a\u4ed6\u7684\u7a0e\u6536\u3001\u798f\u5229\u4ee5\u53ca\u5176\u4ed6\u8d39\u7528\u3002", "events": [], "arguments": {"time": [], "loc": [], "country": [], "weapon": []}}, {"sentence": "\u62a5\u9053\u79f0\uff0c\u201c\u5b88\u62a4\u8005XO \u201d\u5916\u9aa8\u9abc\u5957\u88c5\u975e\u5e38\u9002\u5408\u88c5\u5907\u540e\u52e4\u4eba\u5458\uff0c\u7528\u4e8e\u79fb\u52a8\u8bf8\u5982\u706b\u70ae\u4e00\u7c7b\u7684\u91cd\u578b\u8bbe\u5907\u3002", "events": [], "arguments": {"time": [], "loc": [], "country": [], "weapon": [{"text": "\u706b\u70ae", "offset": 34, "length": 2}]}}, {"sentence": "Sarcos\u516c\u53f8CEO\u672c\u00b7\u6c83\u5c14\u592b\u8868\u793a\uff0c\u8fd9\u5957\u5916\u9aa8\u9abc\u8fd8\u53ef\u4ee5\u5e2e\u52a9\u519b\u4eba\u51cf\u5c11\u56e0\u642c\u8fd0\u91cd\u7269\u800c\u9020\u6210\u7684\u4f24\u5bb3\u3002", "events": [], "arguments": {"time": [], "loc": [], "country": [], "weapon": []}}, {"sentence": "\u4ed6\u8865\u5145\u8bf4\uff0c\u7f8e\u56fd\u7a7a\u519b\u3001\u6d77\u519b\u548c\u7279\u79cd\u4f5c\u6218\u53f8\u4ee4\u90e8\u4e5f\u5728\u5916\u9aa8\u9abc\u6280\u672f\u65b9\u9762\u4e0e\u8be5\u516c\u53f8\u5408\u4f5c\u3002", "events": [], "arguments": {"time": [], "loc": [], "country": [{"text": "\u7f8e\u56fd", "offset": 5, "length": 2}], "weapon": []}}]