[{"sentence": "5290\u5c0f\u65f6\uff01", "events": [], "arguments": {"time": [], "loc": [], "country": [], "weapon": []}}, {"sentence": "\u4ed6\u521b\u9020\u51fa\u4e2d\u56fd\u7a7a\u519b\u6b7c\u51fb\u673a\u5b89\u5168\u98de\u884c\u65f6\u95f4\u6700\u957f\u7eaa\u5f55", "events": [{"trigger": {"text": "\u98de\u884c", "offset": 13, "length": 2}, "object": {"text": "", "offset": 0, "length": 0}, "subject": {"text": "", "offset": 0, "length": 0}}], "arguments": {"time": [], "loc": [], "country": [{"text": "\u4e2d\u56fd", "offset": 4, "length": 2}], "weapon": [{"text": "\u6b7c\u51fb\u673a", "offset": 8, "length": 3}]}}, {"sentence": "\u6700\u540e\u4e00\u6b21\u5f52\u822a", "events": [], "arguments": {"time": [], "loc": [], "country": [], "weapon": []}}, {"sentence": "\u66ae\u4e91\u98d8\u6563\uff0c\u591c\u8272\u6e10\u6d53\uff0c\u4e91\u8d35\u9ad8\u539f\u67d0\u673a\u573a\u5185\uff0c\u4e00\u67b6\u6218\u9e70\u547c\u5578\u800c\u8d77\uff0c\u6495\u5f00\u591c\u5e55\u3002", "events": [], "arguments": {"time": [], "loc": [{"text": "\u4e91\u8d35\u9ad8\u539f", "offset": 10, "length": 4}, {"text": "\u67d0\u673a\u573a", "offset": 0, "length": 3}], "country": [], "weapon": [{"text": "\u6218\u9e70", "offset": 21, "length": 2}]}}, {"sentence": "\u8fd9\u662f\u7a7a\u519b\u7279\u7ea7\u98de\u884c\u5458\u738b\u6587\u5e38\u98de\u884c\u751f\u6daf\u6700\u540e\u4e00\u4e2a\u67b6\u6b21\u3002", "events": [{"trigger": {"text": "\u98de\u884c", "offset": 12, "length": 2}, "object": {"text": "", "offset": 0, "length": 0}, "subject": {"text": "", "offset": 0, "length": 0}}], "arguments": {"time": [], "loc": [], "country": [], "weapon": []}}, {"sentence": "\u7f6e\u8eab\u72ed\u5c0f\u7684\u6218\u673a\u540e\u8231\uff0c\u4ed6\u4e00\u5982\u5f80\u5e38\u822c\u6ce2\u6f9c\u4e0d\u60ca\u3002", "events": [], "arguments": {"time": [], "loc": [], "country": [], "weapon": [{"text": "\u6218\u673a", "offset": 5, "length": 2}]}}, {"sentence": "\u811a\u4e0b\uff0c\u661f\u661f\u70b9\u70b9\u7684\u4e07\u5bb6\u706f\u706b\uff0c\u6e10\u6e10\u5316\u6210\u6d41\u5149\u6ea2\u5f69\u7684\u8679\u9713\u3002", "events": [], "arguments": {"time": [], "loc": [], "country": [], "weapon": []}}, {"sentence": "\u738b\u6587\u5e38\u559c\u6b22\u770b\u8231\u5916\u7684\u98ce\u666f\uff0c\u90a3\u662f\u4ed6\u5fc3\u5e95\u6700\u73cd\u89c6\u7684\u5b89\u8be6\u3002", "events": [], "arguments": {"time": [], "loc": [], "country": [], "weapon": []}}, {"sentence": "\u591c\u8272\u4e2d\uff0c\u6218\u9e70\u707f\u82e5\u6d41\u661f\u4e4b\u5149\uff0c\u5229\u5982\u66f3\u5f71\u4e4b\u5251\uff0c\u4eba\u4eec\u51e0\u4e4e\u611f\u89c9\u4e0d\u5230\u5b83\u7684\u5b58\u5728\u3002", "events": [], "arguments": {"time": [], "loc": [], "country": [], "weapon": [{"text": "\u6218\u9e70", "offset": 4, "length": 2}]}}, {"sentence": "\u5730\u9762\uff0c\u51e0\u5341\u53cc\u773c\u775b\u4ef0\u671b\u8fd9\u5e45\u6d41\u52a8\u7684\u58a8\u8272\u753b\u5377\u3002", "events": [], "arguments": {"time": [], "loc": [], "country": [], "weapon": []}}, {"sentence": "\u4eba\u7fa4\u4e2d\uff0c\u59bb\u5b50\u90ed\u8273\u4ed9\u811a\u5c16\u8f7b\u8e2e\uff0c\u4ece\u5f00\u98de\u8d77\u5c31\u4e00\u76f4\u9759\u9759\u5b88\u5019\u5728\u673a\u68da\u3002", "events": [], "arguments": {"time": [], "loc": [], "country": [], "weapon": []}}, {"sentence": "\u4e0d\u4e45\u4e4b\u540e\uff0c\u5357\u90e8\u6218\u533a\u7a7a\u519b\u822a\u7a7a\u5175\u67d0\u65c5\u5b98\u5175\u5c06\u89c1\u8bc1\u4e00\u4e2a\u521b\u7eaa\u5f55\u7684\u65f6\u523b\u2014\u2014\u7a7a\u519b\u6b7c\u51fb\u673a\u98de\u884c\u5458\u5b89\u5168\u98de\u884c5290\u5c0f\u65f6\u3002", "events": [{"trigger": {"text": "\u98de\u884c", "offset": 41, "length": 2}, "object": {"text": "", "offset": 0, "length": 0}, "subject": {"text": "", "offset": 0, "length": 0}}], "arguments": {"time": [], "loc": [{"text": "\u5357\u90e8\u6218\u533a", "offset": 5, "length": 4}], "country": [], "weapon": [{"text": "\u6b7c\u51fb\u673a", "offset": 33, "length": 3}]}}, {"sentence": "\u201c\u5e08\u5085\u5e26\u6211\u98de\u7fd4\uff0c\u6211\u9001\u4ed6\u7740\u9646\uff0c\u8fd9\u662f\u6211\u7684\u8363\u5e78\u3002", "events": [{"trigger": {"text": "\u7740\u9646", "offset": 11, "length": 2}, "object": {"text": "", "offset": 0, "length": 0}, "subject": {"text": "", "offset": 0, "length": 0}}], "arguments": {"time": [], "loc": [], "country": [], "weapon": []}}, {"sentence": "\u201d\u524d\u8231\u98de\u884c\u5458\u5f90\u56fd\u6865\u8bf4\uff0c\u80fd\u966a\u5e08\u5085\u98de\u5b8c\u6700\u540e\u4e00\u67b6\u6b21\uff0c\u4e5f\u5706\u4e86\u81ea\u5df1\u4e00\u4e2a\u5fc3\u613f\u3002", "events": [], "arguments": {"time": [], "loc": [], "country": [], "weapon": []}}, {"sentence": "20\u70b929\u5206\uff0c\u6218\u673a\u89e6\u5730\uff0c\u7740\u9646\u706f\u8000\u773c\u7684\u5149\uff0c\u7167\u5728\u5f52\u5de2\u7684\u6218\u9e70\u4e0a\u2026\u2026\u4e0b\u4e86\u98de\u673a\uff0c\u738b\u6587\u5e38\u548c\u524d\u6765\u795d\u8d3a\u7684\u6218\u53cb\u4e00\u4e00\u63e1\u624b\u3002", "events": [{"trigger": {"text": "\u7740\u9646", "offset": 12, "length": 2}, "object": {"text": "", "offset": 0, "length": 0}, "subject": {"text": "", "offset": 0, "length": 0}}], "arguments": {"time": [{"text": "20\u70b929\u5206", "offset": 0, "length": 6}], "loc": [], "country": [], "weapon": []}}, {"sentence": "\u5929\u7a7a\u6ca1\u6709\u7559\u4e0b\u7fc5\u8180\u7684\u75d5\u8ff9\uff0c\u4f46\u738b\u6587\u5e38\u4e66\u5199\u4e86\u4e00\u6bb5\u8ffd\u68a6\u7a7a\u5929\u7684\u4f20\u5947\uff0c2\u6b21\u8363\u7acb\u4e8c\u7b49\u529f\uff0c\u83b7\u5f97\u7a7a\u519b\u98de\u884c\u4eba\u5458\u91d1\u8d28\u8363\u8a89\u5956\u7ae0\u3002", "events": [{"trigger": {"text": "\u98de\u884c", "offset": 41, "length": 2}, "object": {"text": "", "offset": 0, "length": 0}, "subject": {"text": "", "offset": 0, "length": 0}}], "arguments": {"time": [], "loc": [], "country": [], "weapon": []}}, {"sentence": "\u8fd9\u4e00\u6b21\u5f52\u822a\u540e\uff0c\u5c06\u4e0d\u518d\u6709\u51fa\u5f81\u3002", "events": [], "arguments": {"time": [], "loc": [], "country": [], "weapon": []}}, {"sentence": "\u5e73\u65e5\u521a\u6bc5\u5982\u94c1\u7684\u4e1c\u5317\u786c\u6c49\uff0c\u773c\u4e2d\u6cdb\u8d77\u6cea\u5149\u3002", "events": [], "arguments": {"time": [], "loc": [], "country": [], "weapon": []}}, {"sentence": "\u544a\u522b\u98de\u884c\uff0c\u5706\u6ee1\u843d\u5e55\u3002", "events": [{"trigger": {"text": "\u98de\u884c", "offset": 2, "length": 2}, "object": {"text": "", "offset": 0, "length": 0}, "subject": {"text": "", "offset": 0, "length": 0}}], "arguments": {"time": [], "loc": [], "country": [], "weapon": []}}, {"sentence": "\u9ad8\u539f\u673a\u573a\u7684\u665a\u98ce\u5e26\u7740\u4e91\u6735\u7684\u6c14\u606f\uff0c\u5439\u5f97\u4eba\u5fc3\u65f7\u795e\u6021\u3002", "events": [], "arguments": {"time": [], "loc": [{"text": "\u9ad8\u539f\u673a\u573a", "offset": 0, "length": 4}], "country": [], "weapon": []}}, {"sentence": "\u8fd4\u56de\u8425\u533a\u5bb6\u5c5e\u9662\u7684\u8def\u4e0a\uff0c\u738b\u6587\u5e38\u58f0\u60c5\u5e76\u8302\u5730\u548c\u59bb\u5b50\u3001\u5f92\u5f1f\u4eec\u8c08\u8bba\u7740\u8fd9\u6b21\u98de\u884c\u7684\u4f53\u9a8c\u3002", "events": [{"trigger": {"text": "\u8fd4\u56de", "offset": 0, "length": 2}, "object": {"text": "", "offset": 0, "length": 0}, "subject": {"text": "", "offset": 0, "length": 0}}, {"trigger": {"text": "\u98de\u884c", "offset": 31, "length": 2}, "object": {"text": "", "offset": 0, "length": 0}, "subject": {"text": "", "offset": 0, "length": 0}}], "arguments": {"time": [], "loc": [], "country": [], "weapon": []}}, {"sentence": "\u53c8\u4e00\u9635\u547c\u5578\u58f0\u4f20\u6765\uff0c\u6218\u673a\u63a0\u8fc7\u4ed6\u4eec\u5934\u9876\uff0c\u822a\u8ff9\u5982\u8679\u3002", "events": [], "arguments": {"time": [], "loc": [], "country": [], "weapon": [{"text": "\u6218\u673a", "offset": 9, "length": 2}]}}, {"sentence": "\u56de\u9996\u4e4b\u95f4\uff0c\u90a3\u7f8e\u4e3d\u7684\u5f27\u7ebf\u5316\u4f5c\u4e86\u8000\u773c\u7684\u661f\u8fb0\u3002", "events": [], "arguments": {"time": [], "loc": [], "country": [], "weapon": []}}, {"sentence": "\u201c\u4ed6\u4eec\u4f1a\u98de\u5f97\u66f4\u9ad8\u66f4\u8fdc\u2026\u2026\u201d\u738b\u6587\u5e38\u610f\u5473\u6df1\u957f\u5730\u8bf4\u3002", "events": [], "arguments": {"time": [], "loc": [], "country": [], "weapon": []}}, {"sentence": "\u4ed6\u76f8\u4fe1\uff0c\u201c5290\u201d\u8fd9\u4e2a\u81ea\u5df1\u7684\u7ec8\u70b9\uff0c\u5c06\u4f1a\u662f\u66f4\u591a\u98de\u884c\u5458\u632f\u7fc5\u9ad8\u98de\u7684\u8d77\u70b9\u3002", "events": [], "arguments": {"time": [], "loc": [], "country": [], "weapon": []}}, {"sentence": "\uff08\u9ec4 \u52c7 \u89e3\u653e\u519b\u62a5\u8bb0\u8005 \u674e\u5efa\u6587 \u7279\u7ea6\u8bb0\u8005 \u5f20\u5efa\u65b0\uff09", "events": [], "arguments": {"time": [], "loc": [], "country": [], "weapon": []}}, {"sentence": "\uff08\u9ec4 \u52c7 \u89e3\u653e\u519b\u62a5\u8bb0\u8005 \u674e\u5efa\u6587 \u7279\u7ea6\u8bb0\u8005 \u5f20\u5efa\u65b0\uff09", "events": [], "arguments": {"time": [], "loc": [], "country": [], "weapon": []}}, {"sentence": "\u7a7a\u519b\u7279\u7ea7\u98de\u884c\u5458\u738b\u6587\u5e38\u2014\u2014", "events": [], "arguments": {"time": [], "loc": [], "country": [], "weapon": []}}, {"sentence": "\u98de\u884c\uff0c\u4e00\u8f88\u5b50\u8ffd\u6c42\u7684\u4e8b\u4e1a", "events": [{"trigger": {"text": "\u98de\u884c", "offset": 0, "length": 2}, "object": {"text": "", "offset": 0, "length": 0}, "subject": {"text": "", "offset": 0, "length": 0}}], "arguments": {"time": [], "loc": [], "country": [], "weapon": []}}, {"sentence": "\u505c\u98de\u4eea\u5f0f\u4e0a\uff0c\u7a7a\u519b\u822a\u7a7a\u5175\u67d0\u65c5\u5b98\u5175\u6446\u51fa\u201c5290\u201d\u7684\u6570\u5b57\u56fe\u6848\uff0c\u5411\u7a7a\u519b\u6b7c\u51fb\u673a\u5b89\u5168\u98de\u884c\u65f6\u957f\u7eaa\u5f55\u4fdd\u6301\u8005\u738b\u6587\u5e38\u81f4\u656c\u3002", "events": [{"trigger": {"text": "\u98de\u884c", "offset": 37, "length": 2}, "object": {"text": "", "offset": 0, "length": 0}, "subject": {"text": "", "offset": 0, "length": 0}}], "arguments": {"time": [], "loc": [], "country": [], "weapon": [{"text": "\u6b7c\u51fb\u673a", "offset": 32, "length": 3}]}}, {"sentence": "\u7687 \u52c7\u6444", "events": [], "arguments": {"time": [], "loc": [], "country": [], "weapon": []}}, {"sentence": "\u4e00\u8eab\u534a\u65b0\u4e0d\u65e7\u7684\u98de\u884c\u670d\uff0c\u4e00\u5f20\u6ce2\u6f9c\u4e0d\u60ca\u7684\u9762\u5e9e\u3002", "events": [{"trigger": {"text": "\u98de\u884c", "offset": 7, "length": 2}, "object": {"text": "", "offset": 0, "length": 0}, "subject": {"text": "", "offset": 0, "length": 0}}], "arguments": {"time": [], "loc": [], "country": [], "weapon": []}}, {"sentence": "\u90a3\u5929\uff0c\u5728\u5b66\u6821\u95e8\u53e3\uff0c\u65b0\u98de\u884c\u5458\u8881\u98de\u9633\u4e00\u4e0b\u5c31\u8ba4\u51fa\u6765\uff0c\u63a5\u4ed6\u53bb\u90e8\u961f\u62a5\u5230\u7684\u4eba\uff0c\u7adf\u662f\u81ea\u5df1\u7684\u5076\u50cf\u738b\u6587\u5e38\u3002", "events": [], "arguments": {"time": [], "loc": [], "country": [], "weapon": []}}, {"sentence": "7\u67081\u65e5\uff0c\u662f\u8881\u98de\u9633\u548c\u4f19\u4f34\u4eec\u4ece\u98de\u884c\u5b66\u9662\u6bd5\u4e1a\u7684\u65e5\u5b50\u3002", "events": [{"trigger": {"text": "\u98de\u884c", "offset": 14, "length": 2}, "object": {"text": "", "offset": 0, "length": 0}, "subject": {"text": "", "offset": 0, "length": 0}}], "arguments": {"time": [{"text": "7\u67081\u65e5", "offset": 0, "length": 4}], "loc": [], "country": [], "weapon": []}}, {"sentence": "\u4ee5\u8fd9\u79cd\u65b9\u5f0f\u9082\u9005\u5fc3\u4e2d\u7684\u5076\u50cf\uff0c\u8881\u98de\u9633\u6709\u70b9\u5174\u594b\u3002", "events": [], "arguments": {"time": [], "loc": [], "country": [], "weapon": []}}, {"sentence": "\u5f53\u4ed6\u8fd8\u662f\u4e00\u540d\u98de\u884c\u5b66\u5458\u65f6\uff0c\u5c31\u66fe\u770b\u8fc7\u738b\u6587\u5e38\u7684\u4f20\u5947\u6545\u4e8b\u3002", "events": [{"trigger": {"text": "\u98de\u884c", "offset": 6, "length": 2}, "object": {"text": "", "offset": 0, "length": 0}, "subject": {"text": "", "offset": 0, "length": 0}}], "arguments": {"time": [], "loc": [], "country": [], "weapon": []}}, {"sentence": "\u81f3\u4eca\uff0c\u8881\u98de\u9633\u624b\u673a\u6536\u85cf\u5939\u91cc\uff0c\u8fd8\u4fdd\u5b58\u7740\u8fd9\u6837\u4e00\u6761\u65b0\u95fb\u2014\u2014", "events": [], "arguments": {"time": [], "loc": [], "country": [], "weapon": []}}, {"sentence": "\u5728\u7a7a\u519b\u98de\u884c\u90e8\u961f\u4ee5\u5206\u79d2\u8861\u91cf\u7684\u9ad8\u98ce\u9669\u6218\u8bad\u4e2d\uff0c\u7279\u7ea7\u98de\u884c\u5458\u738b\u6587\u5e38\u5b89\u5168\u98de\u884c5290\u5c0f\u65f6\uff0c\u8d77\u964d10000\u591a\u67b6\u6b21\uff0c\u521b\u9020\u51fa\u4e2d\u56fd\u7a7a\u519b\u6b7c\u51fb\u673a\u5b89\u5168\u98de\u884c\u65f6\u95f4\u6700\u957f\u7eaa\u5f55\u3002", "events": [{"trigger": {"text": "\u98de\u884c", "offset": 62, "length": 2}, "object": {"text": "", "offset": 0, "length": 0}, "subject": {"text": "", "offset": 0, "length": 0}}], "arguments": {"time": [], "loc": [], "country": [{"text": "\u4e2d\u56fd", "offset": 53, "length": 2}], "weapon": [{"text": "\u6b7c\u51fb\u673a", "offset": 57, "length": 3}]}}, {"sentence": "\u201c\u6253\u7834\u7eaa\u5f55\uff0c\u6ca1\u6709\u4ec0\u4e48\u4e86\u4e0d\u8d77\u201d", "events": [], "arguments": {"time": [], "loc": [], "country": [], "weapon": []}}, {"sentence": "\u201c\u6b7c\u51fb\u673a\u98de\u884c\uff0c\u662f\u5728\u5200\u5c16\u4e0a\u884c\u8d70\u7684\u2018\u827a\u672f\u2019\u3002", "events": [{"trigger": {"text": "\u98de\u884c", "offset": 4, "length": 2}, "object": {"text": "", "offset": 0, "length": 0}, "subject": {"text": "", "offset": 0, "length": 0}}], "arguments": {"time": [], "loc": [], "country": [], "weapon": [{"text": "\u201c\u6b7c\u51fb\u673a", "offset": 0, "length": 4}]}}, {"sentence": "\u98de\u884c5290\u5c0f\u65f6\uff0c\u6211\u66fe\u9047\u5230\u8fc73\u6b21\u7a7a\u4e2d\u7279\u60c5\u2026\u2026\u201d7\u67085\u65e5\uff0c\u738b\u6587\u5e38\u7ed9\u521a\u62a5\u5230\u65b0\u98de\u884c\u5458\u4eec\u8bb2\u7684\u7b2c\u4e00\u8bfe\uff0c\u8ba9\u8881\u98de\u9633\u683c\u5916\u9707\u64bc\u3002", "events": [{"trigger": {"text": "\u98de\u884c", "offset": 0, "length": 2}, "object": {"text": "", "offset": 0, "length": 0}, "subject": {"text": "", "offset": 0, "length": 0}}], "arguments": {"time": [{"text": "7\u67085\u65e5", "offset": 23, "length": 4}], "loc": [], "country": [], "weapon": []}}, {"sentence": "\u65c5\u957f\u6797\u5fb7\u751f\u5bf9\u8fd9\u540d\u8001\u98de\u884c\u5458\u7684\u94a6\u4f69\u662f\u53d1\u81ea\u5185\u5fc3\u7684\uff1a\u201c\u4e0e\u6c11\u822a\u98de\u884c\u5458\u4e0d\u540c\uff0c\u9a7e\u9a76\u6b7c\u51fb\u673a\u662f\u4e00\u79cd\u9ad8\u5f3a\u5ea6\u7684\u98de\u884c\uff0c\u5bf9\u98de\u884c\u5458\u7684\u8eab\u4f53\u6761\u4ef6\u6709\u7740\u4e25\u82db\u7684\u8981\u6c42\u3002", "events": [{"trigger": {"text": "\u98de\u884c", "offset": 44, "length": 2}, "object": {"text": "", "offset": 0, "length": 0}, "subject": {"text": "", "offset": 0, "length": 0}}], "arguments": {"time": [], "loc": [], "country": [], "weapon": [{"text": "\u6b7c\u51fb\u673a", "offset": 34, "length": 3}]}}, {"sentence": "\u4e8b\u5b9e\u4e0a\uff0c\u53ea\u8981\u98de\u884c\u65f6\u95f4\u7a81\u78343300\u5c0f\u65f6\uff0c\u5c31\u5df2\u7ecf\u76f8\u5f53\u96be\u5f97\u4e86\u3002", "events": [{"trigger": {"text": "\u98de\u884c", "offset": 6, "length": 2}, "object": {"text": "", "offset": 0, "length": 0}, "subject": {"text": "", "offset": 0, "length": 0}}], "arguments": {"time": [], "loc": [], "country": [], "weapon": []}}, {"sentence": "\u738b\u6587\u5e38\u76845290\u5c0f\u65f6\u6765\u4e4b\u4e0d\u6613\uff0c\u662f\u6211\u4eec\u6b7c\u51fb\u673a\u98de\u884c\u5458\u7684\u4e00\u4e2a\u6781\u9650\u2026\u2026\u201d", "events": [], "arguments": {"time": [], "loc": [], "country": [], "weapon": [{"text": "\u6b7c\u51fb\u673a", "offset": 18, "length": 3}]}}, {"sentence": "2018\u5e74\u521d\u6625\u7684\u4e00\u4e2a\u6e05\u6668\uff0c\u5357\u90e8\u6218\u533a\u7a7a\u519b\u822a\u7a7a\u5175\u67d0\u65c5\u653f\u59d4\u4e01\u9707\u627e\u5230\u738b\u6587\u5e38\uff0c\u544a\u8bc9\u4ed6\u4e00\u4e2a\u6d88\u606f\uff1a\u201c\u4f60\u9a6c\u4e0a\u8981\u7834\u7eaa\u5f55\u4e86\uff0c\u7a7a\u519b\u6b7c\u51fb\u673a\u5b89\u5168\u98de\u884c\u7a81\u78345000\u5c0f\u65f6\u7b2c\u4e00\u4eba\uff01", "events": [{"trigger": {"text": "\u98de\u884c", "offset": 59, "length": 2}, "object": {"text": "", "offset": 0, "length": 0}, "subject": {"text": "", "offset": 0, "length": 0}}], "arguments": {"time": [{"text": "2018\u5e74\u521d\u6625", "offset": 0, "length": 7}], "loc": [{"text": "\u5357\u90e8\u6218\u533a", "offset": 13, "length": 4}], "country": [], "weapon": [{"text": "\u7a7a\u519b\u6b7c\u51fb\u673a", "offset": 52, "length": 5}]}}, {"sentence": "\u201d", "events": [], "arguments": {"time": [], "loc": [], "country": [], "weapon": []}}, {"sentence": "\u738b\u6587\u5e38\u6709\u70b9\u610f\u5916\u3002", "events": [], "arguments": {"time": [], "loc": [], "country": [], "weapon": []}}, {"sentence": "\u98de\u884c20\u591a\u5e74\uff0c\u5bf9\u4e8e\u7a81\u78345000\u5c0f\u65f6\uff0c\u4ed6\u5176\u5b9e\u5e76\u6ca1\u6709\u4ec0\u4e48\u6982\u5ff5\u3002", "events": [{"trigger": {"text": "\u98de\u884c", "offset": 0, "length": 2}, "object": {"text": "", "offset": 0, "length": 0}, "subject": {"text": "", "offset": 0, "length": 0}}], "arguments": {"time": [], "loc": [], "country": [], "weapon": []}}, {"sentence": "\u738b\u6587\u5e38\u53ea\u5173\u6ce8\u81ea\u5df1\u6bcf\u5e74200\u591a\u5c0f\u65f6\u7684\u98de\u884c\u4efb\u52a1\u3002", "events": [{"trigger": {"text": "\u98de\u884c", "offset": 17, "length": 2}, "object": {"text": "", "offset": 0, "length": 0}, "subject": {"text": "", "offset": 0, "length": 0}}], "arguments": {"time": [], "loc": [], "country": [], "weapon": []}}, {"sentence": "\u59bb\u5b50\u90ed\u8273\u4ed9\u5f97\u77e5\u8fd9\u4e2a\u6d88\u606f\u5f53\u665a\uff0c\u4e13\u95e8\u5728\u5bb6\u91cc\u5f20\u7f57\u4e86\u4e00\u5927\u684c\u5b50\u83dc\uff0c\u628a\u738b\u6587\u5e38\u7684\u5f92\u5f1f\u4eec\u558a\u6765\u70ed\u95f9\u4e00\u4e0b\u3002", "events": [], "arguments": {"time": [], "loc": [], "country": [], "weapon": []}}, {"sentence": "\u7ed3\u679c\uff0c\u539f\u672c\u7684\u5e86\u529f\u5bb4\u53c8\u88ab\u738b\u6587\u5e38\u201c\u5e26\u8dd1\u201d\u4e86\u2014\u2014\u804a\u7740\u804a\u7740\u5c31\u53d8\u6210\u4e86\u98de\u884c\u6280\u672f\u8bb2\u8bc4\u8bfe\uff0c\u59bb\u5b50\u54ed\u7b11\u4e0d\u5f97\u3002", "events": [{"trigger": {"text": "\u98de\u884c", "offset": 29, "length": 2}, "object": {"text": "", "offset": 0, "length": 0}, "subject": {"text": "", "offset": 0, "length": 0}}], "arguments": {"time": [], "loc": [], "country": [], "weapon": []}}, {"sentence": "\u201c\u62a5\u544a\u738b\u6559\u5458\uff0c\u6211\u662f\u60a8\u7b2c47\u540d\u5b66\u5458\u4e01\u7167\u6587\uff01", "events": [], "arguments": {"time": [], "loc": [], "country": [], "weapon": []}}, {"sentence": "\u201d", "events": [], "arguments": {"time": [], "loc": [], "country": [], "weapon": []}}, {"sentence": "\u201c\u62a5\u544a\u738b\u6559\u5458\uff0c\u6211\u662f\u60a8\u7b2c53\u540d\u5b66\u5458\u674e\u54cd\uff01", "events": [], "arguments": {"time": [], "loc": [], "country": [], "weapon": []}}, {"sentence": "\u201d", "events": [], "arguments": {"time": [], "loc": [], "country": [], "weapon": []}}, {"sentence": "\u5e86\u795d\u738b\u6587\u5e38\u5b89\u5168\u98de\u884c\u7a81\u78345000\u5c0f\u65f6\u4eea\u5f0f\u73b0\u573a\uff0c\u4e00\u6392\u5e74\u8f7b\u98de\u884c\u5458\u90d1\u91cd\u5411\u4ed6\u81f4\u656c\u3002", "events": [{"trigger": {"text": "\u98de\u884c", "offset": 7, "length": 2}, "object": {"text": "", "offset": 0, "length": 0}, "subject": {"text": "", "offset": 0, "length": 0}}], "arguments": {"time": [], "loc": [], "country": [], "weapon": []}}, {"sentence": "\u5f7c\u65f6\uff0c\u5411\u6765\u6c89\u7a33\u5982\u5c71\u7684\u738b\u6587\u5e38\uff0c\u663e\u5f97\u6709\u4e9b\u6fc0\u52a8\uff0c\u8138\u4e0a\u6d0b\u6ea2\u7740\u9a84\u50b2\u548c\u5e78\u798f\uff1a\u201c\u98de\u884c\u5458\u662f\u56fd\u5bb6\u7684\u2018\u5b9d\u2019\u554a\u3002", "events": [], "arguments": {"time": [], "loc": [], "country": [], "weapon": []}}, {"sentence": "\u5c31\u51b2\u4f60\u4eec\uff0c\u6211\u611f\u89c9\u81ea\u5df1\u8fd920\u591a\u5e74\uff0c\u503c\uff01", "events": [], "arguments": {"time": [], "loc": [], "country": [], "weapon": []}}, {"sentence": "\u201d", "events": [], "arguments": {"time": [], "loc": [], "country": [], "weapon": []}}, {"sentence": "\u7535\u89c6\u53f0\u5f55\u4e86\u8282\u76ee\uff0c\u4e0a\u7ea7\u515a\u59d4\u53d1\u51fa\u4e86\u5411\u738b\u6587\u5e38\u5b66\u4e60\u7684\u5021\u8bae\u3002", "events": [], "arguments": {"time": [], "loc": [], "country": [], "weapon": []}}, {"sentence": "\u4e00\u65f6\u95f4\uff0c\u795d\u8d3a\u7eb7\u81f3\u6c93\u6765\uff0c\u738b\u6587\u5e38\u5374\u6de1\u5982\u5e73\u5e38\u3002", "events": [], "arguments": {"time": [], "loc": [], "country": [], "weapon": []}}, {"sentence": "\u7528\u4ed6\u7684\u8bdd\u6765\u8bf4\uff0c\u201c\u6253\u7834\u7eaa\u5f55\uff0c\u6ca1\u6709\u4ec0\u4e48\u4e86\u4e0d\u8d77\uff0c\u53ea\u80fd\u8bf4\u660e\u6211\u6bd4\u522b\u4eba\u98de\u7684\u65f6\u95f4\u957f\u800c\u5df2\u3002", "events": [], "arguments": {"time": [], "loc": [], "country": [], "weapon": []}}, {"sentence": "\u201d", "events": [], "arguments": {"time": [], "loc": [], "country": [], "weapon": []}}, {"sentence": "\u5982\u679c\u628a\u8fd9\u4e9b\u5e74\u738b\u6587\u5e38\u7684\u98de\u884c\u8282\u594f\u753b\u51fa\u4e00\u4e2a\u65f6\u95f4\u8f74\uff0c\u4f60\u4f1a\u53d1\u73b0\uff0c\u5982\u540c\u53d1\u6e90\u4e8e\u96ea\u5c71\u7684\u5927\u6c5f\u5927\u6cb3\u4e00\u822c\uff0c\u6700\u521d\u5e76\u6ca1\u6709\u4e00\u6cfb\u5343\u91cc\u7684\u6c14\u52bf\uff0c\u800c\u662f\u6108\u6d41\u6108\u6e4d\u6025\u3002", "events": [{"trigger": {"text": "\u98de\u884c", "offset": 10, "length": 2}, "object": {"text": "", "offset": 0, "length": 0}, "subject": {"text": "", "offset": 0, "length": 0}}], "arguments": {"time": [], "loc": [], "country": [], "weapon": []}}, {"sentence": "\u738b\u6587\u5e38\u548c\u6218\u53cb\u4eec\u660e\u767d\uff0c\u515a\u7684\u5341\u516b\u5927\u4ee5\u6765\uff0c\u5b9e\u6218\u5316\u8bad\u7ec3\u6301\u7eed\u63a8\u8fdb\uff0c\u98de\u884c\u5f3a\u5ea6\u8d8a\u6765\u8d8a\u5927\uff0c\u96be\u5ea6\u8d8a\u6765\u8d8a\u9ad8\u3002", "events": [{"trigger": {"text": "\u8bad\u7ec3", "offset": 21, "length": 2}, "object": {"text": "", "offset": 0, "length": 0}, "subject": {"text": "", "offset": 0, "length": 0}}, {"trigger": {"text": "\u98de\u884c", "offset": 28, "length": 2}, "object": {"text": "", "offset": 0, "length": 0}, "subject": {"text": "", "offset": 0, "length": 0}}], "arguments": {"time": [], "loc": [], "country": [], "weapon": []}}, {"sentence": "\u98de\u884c\u5458\u7684\u8eab\u5fc3\u90fd\u627f\u53d7\u7740\u524d\u6240\u672a\u6709\u7684\u8003\u9a8c\uff0c\u8bad\u7ec3\u6210\u679c\u4e5f\u8d8a\u6765\u8d8a\u663e\u8457\u3002", "events": [{"trigger": {"text": "\u8bad\u7ec3", "offset": 18, "length": 2}, "object": {"text": "", "offset": 0, "length": 0}, "subject": {"text": "", "offset": 0, "length": 0}}], "arguments": {"time": [], "loc": [], "country": [], "weapon": []}}, {"sentence": "\u5e38\u5e74\u7684\u9ad8\u5f3a\u5ea6\u8bad\u7ec3\uff0c\u8ba9\u738b\u6587\u5e38\u7684\u80a9\u9888\u548c\u819d\u5173\u8282\u6709\u4e86\u4e0d\u540c\u7a0b\u5ea6\u7684\u635f\u4f24\u3002", "events": [{"trigger": {"text": "\u8bad\u7ec3", "offset": 6, "length": 2}, "object": {"text": "", "offset": 0, "length": 0}, "subject": {"text": "", "offset": 0, "length": 0}}], "arguments": {"time": [], "loc": [], "country": [], "weapon": []}}, {"sentence": "\u80a9\u5468\u708e\u53d1\u4f5c\u65f6\uff0c\u4ed6\u751a\u81f3\u75bc\u5f97\u65e0\u6cd5\u6b63\u5e38\u5e73\u8eba\u3002", "events": [], "arguments": {"time": [], "loc": [], "country": [], "weapon": []}}, {"sentence": "\u59bb\u5b50\u7279\u522b\u5fc3\u75bc\uff0c\u81ea\u5b66\u7a74\u4f4d\u6309\u6469\u548c\u9488\u7078\u7406\u7597\uff0c\u4e3a\u4ed6\u7f13\u89e3\u4f24\u75db\u3002", "events": [], "arguments": {"time": [], "loc": [], "country": [], "weapon": []}}, {"sentence": "\u738b\u6587\u5e38\u548c\u59bb\u5b50\u662f\u521d\u4e2d\u540c\u73ed\u540c\u5b66\u3002", "events": [], "arguments": {"time": [], "loc": [], "country": [], "weapon": []}}, {"sentence": "\u5979\u8bb0\u5f97\uff0c\u738b\u6587\u5e38\u5728\u4e2d\u5b66\u6bd5\u4e1a\u7eaa\u5ff5\u518c\u4e0a\u5199\u4e0b\u7684\u7406\u60f3\u662f\u5f53\u4e00\u540d\u7a7a\u519b\u98de\u884c\u5458\u3002", "events": [], "arguments": {"time": [], "loc": [], "country": [], "weapon": []}}, {"sentence": "1990\u5e74\uff0c19\u5c81\u7684\u738b\u6587\u5e38\u4ece\u5409\u6797\u519c\u6751\u8d70\u51fa\uff0c\u62db\u98de\u5165\u4f0d\u8003\u5165\u539f\u7a7a\u519b\u7b2c\u4e09\u98de\u884c\u5b66\u9662\u3002", "events": [{"trigger": {"text": "\u98de\u884c", "offset": 32, "length": 2}, "object": {"text": "", "offset": 0, "length": 0}, "subject": {"text": "", "offset": 0, "length": 0}}], "arguments": {"time": [{"text": "1990\u5e74", "offset": 0, "length": 5}], "loc": [], "country": [], "weapon": []}}, {"sentence": "\u4e0d\u4e45\u540e\uff0c\u6d77\u6e7e\u6218\u4e89\u7206\u53d1\uff0c\u4ed6\u5f3a\u70c8\u5730\u8ba4\u8bc6\u5230\uff0c\u73b0\u4ee3\u6218\u4e89\u4e2d\uff0c\u5236\u7a7a\u6743\u5df2\u7ecf\u6210\u4e3a\u5f71\u54cd\u6218\u4e89\u5168\u5c40\u7684\u91cd\u4e2d\u4e4b\u91cd\u3002", "events": [], "arguments": {"time": [], "loc": [], "country": [], "weapon": []}}, {"sentence": "\u201c\u4e00\u5b9a\u8981\u6210\u4e3a\u4f18\u79c0\u7684\u6218\u6597\u673a\u98de\u884c\u5458\uff01", "events": [], "arguments": {"time": [], "loc": [], "country": [], "weapon": [{"text": "\u6218\u6597\u673a", "offset": 9, "length": 3}]}}, {"sentence": "\u201d\u90a3\u4e00\u523b\uff0c\u738b\u6587\u5e38\u4f3c\u4e4e\u627e\u5230\u4e86\u81ea\u5df1\u7684\u65b9\u5411\u3002", "events": [], "arguments": {"time": [], "loc": [], "country": [], "weapon": []}}, {"sentence": "\u6bcf\u4e00\u6b21\u98de\u5b8c\uff0c\u4ed6\u90fd\u4f1a\u8be6\u7ec6\u8bb0\u5f55\u64cd\u4f5c\u7ec6\u8282\uff0c\u5bf9\u7167\u98de\u53c2\u6570\u636e\u8fdb\u884c\u590d\u76d8\u68c0\u8ba8\u3002", "events": [], "arguments": {"time": [], "loc": [], "country": [], "weapon": []}}, {"sentence": "\u5728\u540c\u6279\u5b66\u5458\u4e2d\uff0c\u738b\u6587\u5e38\u7b2c\u4e00\u4e2a\u653e\u5355\u98de\u3002", "events": [], "arguments": {"time": [], "loc": [], "country": [], "weapon": []}}, {"sentence": "\u51e0\u5e74\u540e\uff0c\u4ed6\u5e26\u7740\u4f18\u5f02\u7684\u6210\u7ee9\u548c8\u4e07\u591a\u5b57\u7684\u98de\u884c\u5fc3\u5f97\u7b14\u8bb0\uff0c\u5206\u914d\u5230\u822a\u7a7a\u5175\u67d0\u90e8\u3002", "events": [{"trigger": {"text": "\u98de\u884c", "offset": 18, "length": 2}, "object": {"text": "", "offset": 0, "length": 0}, "subject": {"text": "", "offset": 0, "length": 0}}], "arguments": {"time": [], "loc": [], "country": [], "weapon": []}}, {"sentence": "\u4ece\u8fbd\u9614\u7684\u4e1c\u5317\u5230\u5343\u91cc\u4e4b\u5916\u7684\u897f\u5357\uff0c\u539f\u672c\u54ab\u5c3a\u4e4b\u9065\u7684\u5bb6\u4e61\u53d8\u6210\u4e86\u68a6\u4e2d\u7684\u6545\u571f\u3002", "events": [], "arguments": {"time": [], "loc": [], "country": [], "weapon": []}}, {"sentence": "\u7ff1\u7fd4\u84dd\u5929\uff0c\u738b\u6587\u5e38\u611f\u53d7\u8fc7\u5317\u56fd\u7684\u96ea\uff0c\u677e\u82b1\u6c5f\u4e24\u5cb8\u4e0a\u6f14\u7740\u5ab2\u7f8e\u7ae5\u8bdd\u4e16\u754c\u7684\u94f6\u88c5\u76db\u666f\u3002", "events": [], "arguments": {"time": [], "loc": [], "country": [{"text": "\u5317\u56fd", "offset": 11, "length": 2}], "weapon": []}}, {"sentence": "\u9a7e\u673a\u98de\u8fc7\u5f69\u4e91\u4e4b\u5357\uff0c\u843d\u65e5\u7684\u4f59\u6656\u6d12\u5728\u9759\u8c27\u7684\u9ad8\u539f\uff0c\u5b9b\u5982\u4e00\u5c42\u8584\u7eb1\u7b3c\u7f69\u7740\u5c11\u5973\u7684\u8138\u988a\u3002", "events": [{"trigger": {"text": "\u98de\u8fc7", "offset": 2, "length": 2}, "object": {"text": "", "offset": 0, "length": 0}, "subject": {"text": "", "offset": 0, "length": 0}}], "arguments": {"time": [], "loc": [], "country": [], "weapon": []}}, {"sentence": "\u5bf9\u738b\u6587\u5e38\u800c\u8a00\uff0c\u811a\u4e0b\u8fd9\u7247\u5927\u5730\u662f\u5982\u6b64\u7f8e\u4e3d\uff0c\u81ea\u5df1\u4e5f\u56e0\u5b88\u62a4\u7740\u5979\u800c\u683c\u5916\u81ea\u8c6a\u3002", "events": [], "arguments": {"time": [], "loc": [], "country": [], "weapon": []}}, {"sentence": "\u7a7a\u519b\u98de\u884c\u6559\u5458\u738b\u6587\u5e38\uff08\u53f3\u4e00\uff09\u5411\u5f92\u5f1f\u5f90\u56fd\u6865\u79fb\u4ea4\u98de\u884c\u5934\u76d4\u3002", "events": [{"trigger": {"text": "\u98de\u884c", "offset": 2, "length": 2}, "object": {"text": "", "offset": 0, "length": 0}, "subject": {"text": "", "offset": 0, "length": 0}}, {"trigger": {"text": "\u98de\u884c", "offset": 21, "length": 2}, "object": {"text": "", "offset": 0, "length": 0}, "subject": {"text": "", "offset": 0, "length": 0}}], "arguments": {"time": [], "loc": [], "country": [], "weapon": []}}, {"sentence": "\u5468\u661f\u5b87\u6444", "events": [], "arguments": {"time": [], "loc": [], "country": [], "weapon": []}}, {"sentence": "\u201c\u4f60\u5c31\u662f\u6211\u98de\u884c\u751f\u6daf\u6700\u5927\u7684\u9a84\u50b2\u201d", "events": [{"trigger": {"text": "\u98de\u884c", "offset": 5, "length": 2}, "object": {"text": "", "offset": 0, "length": 0}, "subject": {"text": "", "offset": 0, "length": 0}}], "arguments": {"time": [], "loc": [], "country": [], "weapon": []}}, {"sentence": "\u8dd1\u9053\u4e0a\uff0c\u6218\u673a\u63a5\u8fde\u4e0d\u65ad\u5730\u6ed1\u884c\u3001\u8d77\u964d\uff0c\u9ad8\u5f3a\u5ea6\u7684\u98de\u884c\u4efb\u52a1\u8ba9\u4eba\u795e\u7ecf\u7d27\u7ef7\u5230\u6781\u70b9\u3002", "events": [{"trigger": {"text": "\u98de\u884c", "offset": 21, "length": 2}, "object": {"text": "", "offset": 0, "length": 0}, "subject": {"text": "", "offset": 0, "length": 0}}], "arguments": {"time": [], "loc": [], "country": [], "weapon": [{"text": "\u6218\u673a", "offset": 4, "length": 2}]}}, {"sentence": "\u7ad9\u5728\u9ad8\u9ad8\u7684\u98de\u884c\u5854\u53f0\uff0c\u738b\u6587\u5e38\u6b63\u8003\u6838\u4e00\u6279\u65b0\u98de\u884c\u5458\uff0c\u5c31\u50cf\u8001\u9e70\u68c0\u9a8c\u4e00\u7fa4\u8bd5\u7ffc\u7684\u96cf\u9e70\u3002", "events": [{"trigger": {"text": "\u98de\u884c", "offset": 5, "length": 2}, "object": {"text": "", "offset": 0, "length": 0}, "subject": {"text": "", "offset": 0, "length": 0}}], "arguments": {"time": [], "loc": [], "country": [], "weapon": []}}, {"sentence": "\u65b0\u98de\u884c\u5458\u4eec\u80fd\u4e0d\u80fd\u6210\u529f\u653e\u5355\u98de\uff0c\u4e0d\u4ec5\u5173\u7cfb\u7740\u4e2a\u4eba\u98de\u884c\u6210\u7ee9\uff0c\u8fd8\u4e8b\u5173\u98de\u884c\u5b89\u5168\uff0c\u66f4\u51b3\u5b9a\u4e86\u524d\u671f\u8bad\u7ec3\u6210\u679c\u80fd\u5426\u987a\u5229\u8f6c\u6362\u4e3a\u6218\u6597\u529b\u3002", "events": [{"trigger": {"text": "\u8bad\u7ec3", "offset": 40, "length": 2}, "object": {"text": "", "offset": 0, "length": 0}, "subject": {"text": "", "offset": 0, "length": 0}}], "arguments": {"time": [], "loc": [], "country": [], "weapon": []}}, {"sentence": "\u4ece\u201c\u80fd\u98de\u201d\u5230\u201c\u4f1a\u98de\u201d\u7684\u8de8\u8d8a\uff0c\u5e76\u975e\u6bcf\u4e2a\u65b0\u98de\u884c\u5458\u90fd\u80fd\u8f7b\u6613\u5b9e\u73b0\u3002", "events": [], "arguments": {"time": [], "loc": [], "country": [], "weapon": []}}, {"sentence": "\u738b\u6587\u5e38\u6ce8\u610f\u5230\uff0c\u4e00\u540d\u65b0\u98de\u884c\u5458\u5728\u98de\u8d77\u843d\u822a\u7ebf\u8bfe\u76ee\u65f6\u53c8\u51fa\u73b0\u4e86\u7ec6\u5fae\u504f\u5dee\u3002", "events": [], "arguments": {"time": [], "loc": [], "country": [], "weapon": []}}, {"sentence": "\u6b64\u524d\uff0c\u4ed6\u4e5f\u66fe\u591a\u6b21\u72af\u8fc7\u540c\u6837\u7684\u6bdb\u75c5\u3002", "events": [], "arguments": {"time": [], "loc": [], "country": [], "weapon": []}}, {"sentence": "\u6210\u7ee9\u516c\u5e03\uff0c\u4e0d\u51fa\u6240\u6599\uff0c\u90a3\u540d\u65b0\u98de\u884c\u5458\u6ca1\u80fd\u6210\u529f\u653e\u5355\u98de\u3002", "events": [], "arguments": {"time": [], "loc": [], "country": [], "weapon": []}}, {"sentence": "\u201c\u6211\u5f97\u4e864\u5206\uff0c\u662f\u826f\u597d\u554a\uff01", "events": [], "arguments": {"time": [], "loc": [], "country": [], "weapon": []}}, {"sentence": "\u201d\u5e74\u8f7b\u7684\u98de\u884c\u5458\u7565\u5e26\u4e0d\u6ee1\u5730\u8bf4\u3002", "events": [], "arguments": {"time": [], "loc": [], "country": [], "weapon": []}}, {"sentence": "\u201c\u6210\u7ee9\u826f\u597d\uff0c\u4e60\u60ef\u4e0d\u826f\uff01", "events": [], "arguments": {"time": [], "loc": [], "country": [], "weapon": []}}, {"sentence": "\u201d\u738b\u6587\u5e38\u4e25\u5389\u5730\u8bf4\u3002", "events": [], "arguments": {"time": [], "loc": [], "country": [], "weapon": []}}, {"sentence": "\u5bf9\u4e8e\u98de\u884c\u4e60\u60ef\u7684\u517b\u6210\uff0c\u738b\u6587\u5e38\u6709\u7740\u8fd1\u4e4e\u6267\u62d7\u7684\u4e25\u683c\uff1a\u201c\u6807\u51c6\u4e0d\u80fd\u964d\uff0c\u6b63\u662f\u8fd9\u4e9b\u7ec6\u8282\u51b3\u5b9a\u7740\u65b0\u98de\u884c\u5458\u57f9\u517b\u8d28\u91cf\u3002", "events": [{"trigger": {"text": "\u98de\u884c", "offset": 2, "length": 2}, "object": {"text": "", "offset": 0, "length": 0}, "subject": {"text": "", "offset": 0, "length": 0}}], "arguments": {"time": [], "loc": [], "country": [], "weapon": []}}, {"sentence": "\u201d", "events": [], "arguments": {"time": [], "loc": [], "country": [], "weapon": []}}, {"sentence": "\u8bb2\u8bc4\u65b0\u98de\u884c\u5458\u8bad\u7ec3\u65f6\uff0c\u738b\u6587\u5e38\u8bf4\u5f97\u5e76\u4e0d\u591a\u3002", "events": [{"trigger": {"text": "\u8bad\u7ec3", "offset": 6, "length": 2}, "object": {"text": "", "offset": 0, "length": 0}, "subject": {"text": "", "offset": 0, "length": 0}}], "arguments": {"time": [], "loc": [], "country": [], "weapon": []}}, {"sentence": "\u4ed6\u7684\u4e60\u60ef\u662f\u4eb2\u81ea\u9a7e\u673a\u793a\u8303\uff0c\u7528\u5b9e\u9645\u64cd\u4f5c\u544a\u8bc9\u5f92\u5f1f\u201c\u6807\u51c6\u201d\u662f\u4ec0\u4e48\u6837\u5b50\u3002", "events": [], "arguments": {"time": [], "loc": [], "country": [], "weapon": []}}, {"sentence": "\u738b\u6587\u5e38\u7684\u201c\u6807\u51c6\u201d\uff0c\u4f20\u627f\u4e8e\u81ea\u5df1\u7684\u5e08\u5085\u2014\u2014\u521d\u6559-6\u98de\u884c\u6559\u5458\u6bb5\u667a\u6210\u3002", "events": [{"trigger": {"text": "\u98de\u884c", "offset": 23, "length": 2}, "object": {"text": "", "offset": 0, "length": 0}, "subject": {"text": "", "offset": 0, "length": 0}}], "arguments": {"time": [], "loc": [], "country": [], "weapon": [{"text": "\u521d\u6559-6", "offset": 19, "length": 4}]}}, {"sentence": "\u4e00\u4e2a\u98de\u884c\u65e5\uff0c\u7ec3\u4e6010\u4e2a\u8bfe\u76ee\uff0c\u738b\u6587\u5e38\u98de\u7684\u524d9\u4e2a\u52a8\u4f5c\u90fd\u662f\u6ee1\u5206\uff0c\u800c\u6700\u540e\u4e00\u4e2a\u52a8\u4f5c\u98de\u4e86\u51e0\u904d\u90fd\u6709\u4e9b\u5c0f\u7455\u75b5\u3002", "events": [{"trigger": {"text": "\u98de\u884c", "offset": 2, "length": 2}, "object": {"text": "", "offset": 0, "length": 0}, "subject": {"text": "", "offset": 0, "length": 0}}], "arguments": {"time": [], "loc": [], "country": [], "weapon": []}}, {"sentence": "\u672c\u4ee5\u4e3a\u81ea\u5df1\u7684\u5404\u8bfe\u76ee\u6210\u7ee9\u80fd\u201c\u4f18\u52a3\u76f8\u62b5\u201d\uff0c\u6ca1\u60f3\u5230\u7b2c\u4e8c\u5929\u6559\u5458\u53c8\u5e26\u7740\u738b\u6587\u5e38\u8fdb\u884c\u4e13\u9879\u8bad\u7ec3\u3002", "events": [{"trigger": {"text": "\u8bad\u7ec3", "offset": 37, "length": 2}, "object": {"text": "", "offset": 0, "length": 0}, "subject": {"text": "", "offset": 0, "length": 0}}], "arguments": {"time": [], "loc": [], "country": [], "weapon": []}}, {"sentence": "\u76f4\u5230\u4ed6\u8fde\u505a\u4e09\u904d\u90fd\u662f\u6ee1\u5206\uff0c\u6bb5\u6559\u5458\u624d\u9732\u51fa\u6ee1\u610f\u7684\u7b11\u5bb9\u3002", "events": [], "arguments": {"time": [], "loc": [], "country": [], "weapon": []}}, {"sentence": "\u6bcf\u4e00\u7c92\u79cd\u5b50\u90fd\u5b55\u80b2\u7740\u5e0c\u671b\u3002", "events": [], "arguments": {"time": [], "loc": [], "country": [], "weapon": []}}, {"sentence": "\u5f53\u81ea\u5df1\u4e5f\u6210\u4e3a\u4e00\u540d\u98de\u884c\u6559\u5458\u540e\uff0c\u738b\u6587\u5e38\u7406\u89e3\u4e86\u5e08\u5085\u5f53\u5e74\u7684\u82e6\u5fc3\u548c\u7528\u5fc3\u3002", "events": [{"trigger": {"text": "\u98de\u884c", "offset": 8, "length": 2}, "object": {"text": "", "offset": 0, "length": 0}, "subject": {"text": "", "offset": 0, "length": 0}}], "arguments": {"time": [], "loc": [], "country": [], "weapon": []}}, {"sentence": "\u4e00\u6b21\uff0c\u738b\u6587\u5e38\u5e26\u6559\u7684\u4e00\u4f4d\u65b0\u98de\u884c\u5458\u56e0\u4e3a\u7a7a\u4e2d\u8868\u73b0\u4e0d\u4f73\uff0c\u88ab\u5217\u5165\u201c\u5f85\u505c\u98de\u201d\u4eba\u5458\u540d\u5355\u3002", "events": [], "arguments": {"time": [], "loc": [], "country": [], "weapon": []}}, {"sentence": "\u5728\u4f8b\u884c\u7684\u6559\u5458\u4ea4\u53c9\u8003\u6838\u540e\uff0c\u7b49\u5f85\u4ed6\u7684\u5f88\u53ef\u80fd\u662f\u201c\u505c\u98de\u201d\u7684\u7ed3\u8bba\u3002", "events": [], "arguments": {"time": [], "loc": [], "country": [], "weapon": []}}, {"sentence": "\u738b\u6587\u5e38\u7684\u6001\u5ea6\uff0c\u5c06\u51b3\u5b9a\u4ed6\u7684\u53bb\u7559\u3002", "events": [], "arguments": {"time": [], "loc": [], "country": [], "weapon": []}}, {"sentence": "\u738b\u6587\u5e38\u6df1\u77e5\uff0c\u6bcf\u4e00\u540d\u98de\u884c\u5458\u90fd\u662f\u56fd\u5bb6\u7684\u5b9d\u8d35\u8d22\u5bcc\uff0c\u5018\u82e5\u76f2\u76ee\u51b3\u5b9a\uff0c\u4e0d\u4f46\u4f1a\u51fb\u788e\u4e00\u540d\u70ed\u8840\u9752\u5e74\u7684\u7a7a\u5929\u68a6\u60f3\uff0c\u800c\u4e14\u4f1a\u7ed9\u56fd\u5bb6\u548c\u519b\u961f\u9020\u6210\u6781\u5927\u7684\u635f\u5931\u3002", "events": [], "arguments": {"time": [], "loc": [], "country": [], "weapon": []}}, {"sentence": "\u8fd9\u540d\u65b0\u98de\u884c\u5458\u98de\u5b8c\u51e0\u4e2a\u8d77\u843d\u540e\uff0c\u738b\u6587\u5e38\u7ed9\u51fa\u4e86\u81ea\u5df1\u7684\u201c\u8bca\u65ad\u201d\u2014\u2014\u4e0d\u505c\u98de\u3002", "events": [], "arguments": {"time": [], "loc": [], "country": [], "weapon": []}}, {"sentence": "\u63a5\u4e0b\u6765\u7684\u4e24\u5468\uff0c\u738b\u6587\u5e38\u624b\u628a\u624b\u5e2e\u5e26\uff0c\u6bcf\u5929\u7ed9\u4ed6\u201c\u5f00\u5c0f\u7076\u201d\u3002", "events": [], "arguments": {"time": [], "loc": [], "country": [], "weapon": []}}, {"sentence": "\u6ca1\u8fc7\u591a\u4e45\uff0c\u8fd9\u540d\u65b0\u98de\u884c\u5458\u4eff\u4f5b\u7a81\u7136\u201c\u5f00\u4e86\u7a8d\u201d\uff0c\u7a81\u7834\u4e86\u98de\u884c\u7684\u201c\u74f6\u9888\u201d\uff0c\u4e5f\u7a81\u7834\u4e86\u81ea\u5df1\u7684\u201c\u74f6\u9888\u201d\u3002", "events": [{"trigger": {"text": "\u98de\u884c", "offset": 24, "length": 2}, "object": {"text": "", "offset": 0, "length": 0}, "subject": {"text": "", "offset": 0, "length": 0}}], "arguments": {"time": [], "loc": [], "country": [], "weapon": []}}, {"sentence": "20\u591a\u5e74\u6765\uff0c\u591a\u540d\u5373\u5c06\u505c\u98de\u7684\u65b0\u98de\u884c\u5458\u5728\u738b\u6587\u5e38\u7684\u5e26\u6559\u4e0b\u91cd\u8fd4\u84dd\u5929\uff0c\u800c\u4e14\u8d8a\u98de\u8d8a\u597d\u3002", "events": [{"trigger": {"text": "\u91cd\u8fd4", "offset": 25, "length": 2}, "object": {"text": "", "offset": 0, "length": 0}, "subject": {"text": "", "offset": 0, "length": 0}}], "arguments": {"time": [], "loc": [], "country": [], "weapon": []}}, {"sentence": "\u968f\u7740\u8bad\u7ec3\u8bfe\u76ee\u8d8a\u6765\u8d8a\u8d34\u8fd1\u5b9e\u6218\uff0c\u738b\u6587\u5e38\u8fd9\u4e2a\u201c\u8001\u98de\u201d\u4e5f\u65f6\u5e38\u611f\u5230\u6709\u4e9b\u5403\u529b\u3002", "events": [{"trigger": {"text": "\u8bad\u7ec3", "offset": 2, "length": 2}, "object": {"text": "", "offset": 0, "length": 0}, "subject": {"text": "", "offset": 0, "length": 0}}], "arguments": {"time": [], "loc": [], "country": [], "weapon": []}}, {"sentence": "\u4f46\u4ed6\u5185\u5fc3\u975e\u5e38\u5174\u594b\uff0c\u56e0\u4e3a\u5728\u5b9e\u6218\u5316\u6d6a\u6f6e\u7684\u6d17\u793c\u4e0b\uff0c\u80fd\u6295\u8eab\u8fd9\u573a\u9010\u68a6\u7a7a\u5929\u7684\u201c\u63a5\u529b\u8d5b\u201d\uff0c\u662f\u4e00\u79cd\u65f6\u4ee3\u7684\u5e78\u8fd0\u3002", "events": [], "arguments": {"time": [], "loc": [], "country": [], "weapon": []}}, {"sentence": "\u56fd\u5e8670\u5468\u5e74\u5927\u9605\u5175\uff0c\u6b7c-20\u3001\u8fd0-20\u4ece\u5929\u5b89\u95e8\u5e7f\u573a\u4e0a\u7a7a\u98de\u8fc7\u3002", "events": [{"trigger": {"text": "\u98de\u8fc7", "offset": 27, "length": 2}, "object": {"text": "", "offset": 0, "length": 0}, "subject": {"text": "", "offset": 0, "length": 0}}], "arguments": {"time": [], "loc": [{"text": "\u5929\u5b89\u95e8\u5e7f\u573a", "offset": 20, "length": 5}], "country": [], "weapon": [{"text": "\u6b7c-20", "offset": 10, "length": 4}, {"text": "\u8fd0-20", "offset": 15, "length": 4}]}}, {"sentence": "\u770b\u5230\u4eba\u6c11\u7a7a\u519b\u6218\u7565\u8f6c\u578b\u5f00\u542f\u201c\u52a0\u901f\u5ea6\u201d\uff0c\u738b\u6587\u5e38\u559c\u60a6\u4e4b\u4f59\uff0c\u5fc3\u4e2d\u4e5f\u751f\u51fa\u4e00\u4e1d\u9057\u61be\u3002", "events": [], "arguments": {"time": [], "loc": [], "country": [], "weapon": []}}, {"sentence": "\u8fd9\u4e9b\u5e74\uff0c\u738b\u6587\u5e38\u5e26\u51fa\u7684\u5f92\u5f1f\u904d\u5e03\u5929\u5357\u5730\u5317\uff0c\u4ed6\u4eec\u6709\u7684\u6210\u4e3a\u516b\u4e00\u98de\u884c\u8868\u6f14\u961f\u961f\u5458\uff0c\u6709\u7684\u5728\u4e00\u7ebf\u90e8\u961f\u9a7e\u9a76\u56fd\u4ea7\u6700\u5148\u8fdb\u6218\u673a\uff0c\u6709\u7684\u5728\u6bd4\u6b66\u4e2d\u52c7\u593a\u201c\u91d1\u5934\u76d4\u201d\uff0c\u8fd8\u6709\u7684\u521b\u9020\u51fa\u7a7a\u519b\u67d0\u578b\u6218\u673a\u51fb\u843d\u76ee\u6807\u7684\u5386\u53f2\u7eaa\u5f55\u3002", "events": [{"trigger": {"text": "\u51fb\u843d", "offset": 78, "length": 2}, "object": {"text": "", "offset": 0, "length": 0}, "subject": {"text": "", "offset": 0, "length": 0}}], "arguments": {"time": [], "loc": [], "country": [], "weapon": [{"text": "\u6218\u673a", "offset": 76, "length": 2}]}}, {"sentence": "\u4f5c\u4e3a\u8001\u5e08\uff0c\u4e00\u76f4\u98de\u4e8c\u4ee3\u673a\u7684\u738b\u6587\u5e38\uff0c\u7fa1\u6155\u81ea\u5df1\u7684\u5b66\u751f\u3002", "events": [], "arguments": {"time": [], "loc": [], "country": [], "weapon": [{"text": "\u4e8c\u4ee3\u673a", "offset": 8, "length": 3}]}}, {"sentence": "\u4ed6\u8bf4\u81ea\u5df1\u5e76\u4e0d\u540e\u6094\uff0c\u56e0\u4e3a\u8fd950\u591a\u540d\u98de\u884c\u5458\u5c31\u662f\u81ea\u5df1\u8015\u8018\u84dd\u5929\u7ed3\u51fa\u6765\u7684\u679c\u5b9e\u3002", "events": [], "arguments": {"time": [], "loc": [], "country": [], "weapon": []}}, {"sentence": "\u738b\u6587\u5e38\u8eab\u4e0a\u80a9\u8d1f\u7684\u4f7f\u547d\uff0c\u662f\u7a7a\u519b\u6240\u6709\u98de\u884c\u6559\u5458\u7684\u4e00\u4e2a\u7f29\u5f71\u3002", "events": [{"trigger": {"text": "\u98de\u884c", "offset": 16, "length": 2}, "object": {"text": "", "offset": 0, "length": 0}, "subject": {"text": "", "offset": 0, "length": 0}}], "arguments": {"time": [], "loc": [], "country": [], "weapon": []}}, {"sentence": "\u4f5c\u4e3a\u7a7a\u519b\u822a\u7a7a\u5175\u8f6c\u578b\u53d1\u5c55\u7684\u4eb2\u5386\u8005\u548c\u89c1\u8bc1\u8005\uff0c\u4ed6\u4eec\u6700\u5f15\u4ee5\u4e3a\u50b2\u7684\u5c31\u662f\u80b2\u4eba\u6210\u624d\u3002", "events": [], "arguments": {"time": [], "loc": [], "country": [], "weapon": []}}, {"sentence": "\u201c\u5e08\u5085\uff0c\u6211\u98de\u4e0a\u6b7c-20\u5566\uff01", "events": [], "arguments": {"time": [], "loc": [], "country": [], "weapon": [{"text": "\u6b7c-20", "offset": 7, "length": 4}]}}, {"sentence": "\u201d\u90a3\u5929\uff0c\u98de\u884c\u5458\u859b\u519b\u7530\u5174\u594b\u5730\u7ed9\u738b\u6587\u5e38\u6253\u6765\u7535\u8bdd\u3002", "events": [], "arguments": {"time": [], "loc": [], "country": [], "weapon": []}}, {"sentence": "\u542c\u5230\u8fd9\u4e2a\u559c\u8baf\uff0c\u738b\u6587\u5e38\u9732\u51fa\u4e86\u5fae\u7b11\u3002", "events": [], "arguments": {"time": [], "loc": [], "country": [], "weapon": []}}, {"sentence": "\u4ed6\u62cd\u62cd\u5f92\u5f1f\u4eec\u7684\u80a9\u8180\u8bf4\uff1a\u201c\u90fd\u597d\u597d\u98de\uff0c\u50cf\u4f60\u4eec\u859b\u5e08\u5144\u4e00\u6837\uff0c\u6210\u4e3a\u6700\u4f18\u79c0\u7684\u98de\u884c\u5458\u3002", "events": [], "arguments": {"time": [], "loc": [], "country": [], "weapon": []}}, {"sentence": "\u201d", "events": [], "arguments": {"time": [], "loc": [], "country": [], "weapon": []}}, {"sentence": "\u53c8\u4e00\u4e2a\u98de\u884c\u65e5\uff0c23\u5c81\u7684\u65b0\u98de\u884c\u5458\u9648\u54f2\u6a21\u5750\u8fdb\u524d\u8231\uff0c\u9a7e\u9a76\u6218\u673a\u8fce\u98ce\u7ff1\u7fd4\u3002", "events": [{"trigger": {"text": "\u98de\u884c", "offset": 3, "length": 2}, "object": {"text": "", "offset": 0, "length": 0}, "subject": {"text": "", "offset": 0, "length": 0}}], "arguments": {"time": [], "loc": [], "country": [], "weapon": [{"text": "\u6218\u673a", "offset": 25, "length": 2}]}}, {"sentence": "\u5728\u4ed6\u8eab\u540e\uff0c\u738b\u6587\u5e38\u770b\u7740\u719f\u6089\u7684\u8868\u76d8\uff0c\u6307\u5bfc\u81ea\u5df1\u6700\u540e\u4e00\u540d\u5f92\u5f1f\u5f00\u59cb\u98de\u65b0\u8bfe\u76ee\u3002", "events": [], "arguments": {"time": [], "loc": [], "country": [], "weapon": []}}, {"sentence": "\u540c\u4e00\u5929\uff0c36\u5c81\u7684\u98de\u884c\u5458\u859b\u519b\u7530\u4e5f\u8d77\u98de\u4e86\u3002", "events": [], "arguments": {"time": [], "loc": [], "country": [], "weapon": []}}, {"sentence": "\u4ed6\u9a7e\u9a76\u6700\u5148\u8fdb\u7684\u56fd\u4ea7\u6218\u673a\u5de1\u822a\u84dd\u5929\uff0c\u9762\u5bf9\u73b0\u4ee3\u5316\u7684\u6570\u5b57\u663e\u793a\u5c4f\uff0c\u5f00\u59cb\u4e86\u65b0\u4e00\u8f6e\u7684\u6218\u6597\u8bad\u7ec3\u3002", "events": [{"trigger": {"text": "\u5de1\u822a", "offset": 11, "length": 2}, "object": {"text": "", "offset": 0, "length": 0}, "subject": {"text": "", "offset": 0, "length": 0}}, {"trigger": {"text": "\u8bad\u7ec3", "offset": 37, "length": 2}, "object": {"text": "", "offset": 0, "length": 0}, "subject": {"text": "", "offset": 0, "length": 0}}], "arguments": {"time": [], "loc": [], "country": [], "weapon": [{"text": "\u6218\u673a", "offset": 9, "length": 2}]}}, {"sentence": "\u9648\u54f2\u6a21\u8d77\u98de\u7684\u90a3\u6761\u8dd1\u9053\uff0c\u4e5f\u66fe\u662f\u859b\u519b\u7530\u98de\u884c\u7684\u8d77\u70b9\u2026\u2026\u5728\u540c\u4e00\u7247\u84dd\u5929\u4e0b\uff0c\u738b\u6587\u5e38\u76ee\u9001\u4e00\u6279\u53c8\u4e00\u6279\u6218\u9e70\u9ad8\u98de\u8fdc\u822a\u3002", "events": [{"trigger": {"text": "\u98de\u884c", "offset": 17, "length": 2}, "object": {"text": "", "offset": 0, "length": 0}, "subject": {"text": "", "offset": 0, "length": 0}}], "arguments": {"time": [], "loc": [], "country": [], "weapon": []}}, {"sentence": "\u5f97\u77e5\u81ea\u5df1\u7684\u5e08\u5085\u6bb5\u667a\u6210\u505c\u98de\uff0c\u738b\u6587\u5e38\u4e13\u95e8\u5f55\u4e86\u4e00\u6bb5\u89c6\u9891\uff0c\u4e3a\u5e08\u5085\u9001\u53bb\u795d\u798f\u3002", "events": [], "arguments": {"time": [], "loc": [], "country": [], "weapon": []}}, {"sentence": "\u5e08\u5085\u6253\u6765\u7535\u8bdd\u8bf4\uff1a\u201c\u6587\u5e38\u554a\uff0c\u4f60\u5c31\u662f\u6211\u98de\u884c\u751f\u6daf\u6700\u5927\u7684\u9a84\u50b2\uff01", "events": [{"trigger": {"text": "\u98de\u884c", "offset": 17, "length": 2}, "object": {"text": "", "offset": 0, "length": 0}, "subject": {"text": "", "offset": 0, "length": 0}}], "arguments": {"time": [], "loc": [], "country": [], "weapon": []}}, {"sentence": "\u201d", "events": [], "arguments": {"time": [], "loc": [], "country": [], "weapon": []}}, {"sentence": "\u5929\u7a7a\uff0c\u662f\u98de\u884c\u5458\u738b\u6587\u5e38\u6700\u8363\u8000\u7684\u821e\u53f0\u3002", "events": [], "arguments": {"time": [], "loc": [], "country": [], "weapon": []}}, {"sentence": "\u7687 \u52c7\u6444", "events": [], "arguments": {"time": [], "loc": [], "country": [], "weapon": []}}, {"sentence": "\u201c\u6211\u671f\u5f85\uff0c\u6709\u4eba\u8d85\u8d8a\u6211\u201d", "events": [], "arguments": {"time": [], "loc": [], "country": [], "weapon": []}}, {"sentence": "\u90a3\u5929\uff0c\u738b\u6587\u5e38\u6b63\u5728\u98df\u5802\u6253\u996d\uff0c\u65f6\u4efb\u65c5\u957f\u8d75\u5efa\u65b0\u62db\u547c\u4ed6\uff1a\u201c\u5230\u6211\u8ddf\u524d\u6765\u5750\u3002", "events": [], "arguments": {"time": [], "loc": [], "country": [], "weapon": []}}, {"sentence": "\u201d\u4e24\u4eba\u8fb9\u5403\u8fb9\u804a\u3002", "events": [], "arguments": {"time": [], "loc": [], "country": [], "weapon": []}}, {"sentence": "\u201c\u4f60\u7684\u505c\u98de\u547d\u4ee4\u5230\u4e86\u2026\u2026\u201d", "events": [], "arguments": {"time": [], "loc": [], "country": [], "weapon": []}}, {"sentence": "\u65c5\u957f\u8bf4\u51fa\u8fd9\u53e5\u8bdd\u7684\u77ac\u95f4\uff0c\u738b\u6587\u5e38\u7684\u5927\u8111\u201c\u505c\u6b62\u4e86\u601d\u8003\u201d\u3002", "events": [], "arguments": {"time": [], "loc": [], "country": [], "weapon": []}}, {"sentence": "\u8fd9\u662f\u4ed6\u4e00\u8f88\u5b50\u90fd\u4e0d\u66fe\u6709\u8fc7\u7684\u611f\u53d7\u3002", "events": [], "arguments": {"time": [], "loc": [], "country": [], "weapon": []}}, {"sentence": "\u201c\u80fd\u4e0d\u80fd\u518d\u98de\u4e24\u4e2a\u67b6\u6b21\uff1f", "events": [], "arguments": {"time": [], "loc": [], "country": [], "weapon": []}}, {"sentence": "\u201d\u738b\u6587\u5e38\u7684\u7709\u5934\u62e7\u4e86\u4e2a\u7ed3\u3002", "events": [], "arguments": {"time": [], "loc": [], "country": [], "weapon": []}}, {"sentence": "\u6839\u636e\u7a7a\u519b\u89c4\u5b9a\uff0c\u6218\u6597\u673a\u98de\u884c\u5458\u6ee143\u5c81\u5373\u53ef\u968f\u65f6\u505c\u98de\uff0c\u6700\u9ad8\u98de\u884c\u5e74\u9650\u4e3a48\u5c81\u3002", "events": [{"trigger": {"text": "\u98de\u884c", "offset": 26, "length": 2}, "object": {"text": "", "offset": 0, "length": 0}, "subject": {"text": "", "offset": 0, "length": 0}}], "arguments": {"time": [], "loc": [], "country": [], "weapon": [{"text": "\u6218\u6597\u673a", "offset": 7, "length": 3}]}}, {"sentence": "\u201c\u4e00\u5b9a\u8981\u98de\u5230\u6700\u9ad8\u5e74\u9650\uff0c\u5230\u4e0d\u5141\u8bb8\u98de\u7684\u90a3\u4e00\u5929\uff0c\u5b89\u5b89\u5168\u5168\u3001\u987a\u987a\u5229\u5229\u4ea4\u51fa\u9a7e\u9a76\u6746\uff0c\u56de\u62a5\u515a\u548c\u519b\u961f\u3002", "events": [], "arguments": {"time": [], "loc": [], "country": [], "weapon": []}}, {"sentence": "\u201d\u8fd9\u66fe\u662f\u738b\u6587\u5e38\u7684\u671f\u671b\u3002", "events": [], "arguments": {"time": [], "loc": [], "country": [], "weapon": []}}, {"sentence": "\u4f46\u90a3\u4e00\u5929\u771f\u7684\u6765\u4e34\u65f6\uff0c\u4ed6\u53c8\u8ba1\u8f83\u4e86\u8d77\u6765\u3002", "events": [], "arguments": {"time": [], "loc": [], "country": [], "weapon": []}}, {"sentence": "\u622a\u81f32019\u5e7411\u6708\uff0c\u738b\u6587\u5e38\u7d2f\u8ba1\u9a7e\u9a76\u6b7c\u51fb\u673a\u5b89\u5168\u98de\u884c5290\u5c0f\u65f6\uff0c\u8fd9\u4e2a\u7eaa\u5f55\u4e2d\u56fd\u7a7a\u519b\u81f3\u4eca\u65e0\u4eba\u6253\u7834\u3002", "events": [{"trigger": {"text": "\u98de\u884c", "offset": 23, "length": 2}, "object": {"text": "", "offset": 0, "length": 0}, "subject": {"text": "", "offset": 0, "length": 0}}], "arguments": {"time": [{"text": "2019\u5e7411\u6708", "offset": 2, "length": 8}], "loc": [], "country": [{"text": "\u4e2d\u56fd", "offset": 36, "length": 2}], "weapon": [{"text": "\u6b7c\u51fb\u673a", "offset": 18, "length": 3}]}}, {"sentence": "5290\u5c0f\u65f6\uff0c\u662f\u4e00\u4e2a\u5f88\u7b80\u5355\u7684\u6570\u5b57\uff0c\u4e5f\u662f\u4e00\u4e2a\u4e86\u4e0d\u8d77\u7684\u5750\u6807\u3002", "events": [], "arguments": {"time": [], "loc": [], "country": [], "weapon": []}}, {"sentence": "\u6ca1\u6709\u91cd\u5927\u4efb\u52a1\uff0c\u6ca1\u6709\u8f89\u714c\u6218\u679c\uff0c\u6709\u7684\u53ea\u662f\u4e00\u79cd\u575a\u5b88\u7684\u6781\u81f4\u3002", "events": [], "arguments": {"time": [], "loc": [], "country": [], "weapon": []}}, {"sentence": "\u800c\u8fd9\u6781\u81f4\u80cc\u540e\uff0c\u662f\u4e00\u540d\u8001\u98de\u884c\u5458\u5bf9\u56fd\u5bb6\u548c\u519b\u961f\u7684\u65e0\u9650\u5fe0\u8bda\u3002", "events": [], "arguments": {"time": [], "loc": [], "country": [], "weapon": []}}, {"sentence": "\u51e0\u5e74\u524d\u53c2\u52a0\u540c\u5b66\u805a\u4f1a\uff0c\u8f6c\u4e1a\u540e\u5728\u6c11\u822a\u62ff\u7740\u9ad8\u85aa\u7684\u6218\u53cb\u4e5f\u66fe\u8ba9\u738b\u6587\u5e38\u7684\u5fc3\u8d77\u8fc7\u6ce2\u6f9c\u3002", "events": [], "arguments": {"time": [], "loc": [], "country": [], "weapon": []}}, {"sentence": "\u5929\u4e0b\u4e4b\u96be\u6301\u8005\u83ab\u5982\u5fc3\uff0c\u5929\u4e0b\u4e4b\u6613\u67d3\u8005\u83ab\u5982\u6b32\u3002", "events": [], "arguments": {"time": [], "loc": [], "country": [], "weapon": []}}, {"sentence": "\u738b\u6587\u5e38\u7684\u7236\u4eb2\u662f\u4e00\u540d\u4e61\u6751\u6559\u5e08\u3002", "events": [], "arguments": {"time": [], "loc": [], "country": [], "weapon": []}}, {"sentence": "\u4ece\u5c0f\uff0c\u7236\u4eb2\u5c31\u6559\u4ed6\u201c\u8d23\u4efb\u7acb\u8eab\u3001\u5fe0\u8bda\u7acb\u547d\u201d\u3002", "events": [], "arguments": {"time": [], "loc": [], "country": [], "weapon": []}}, {"sentence": "\u201c\u56fd\u5bb6\u82b1\u8fd9\u4e48\u5927\u7684\u4ee3\u4ef7\u57f9\u517b\u4e00\u4e2a\u98de\u884c\u5458\uff0c\u5c24\u5176\u662f\u98de\u884c\u6559\u5458\uff0c\u54ea\u6709\u90a3\u4e48\u5bb9\u6613\uff01", "events": [{"trigger": {"text": "\u98de\u884c", "offset": 21, "length": 2}, "object": {"text": "", "offset": 0, "length": 0}, "subject": {"text": "", "offset": 0, "length": 0}}], "arguments": {"time": [], "loc": [], "country": [], "weapon": []}}, {"sentence": "\u201d\u7236\u4eb2\u8fd9\u53e5\u8bdd\uff0c\u534a\u662f\u6b23\u8d4f\u534a\u662f\u52c9\u52b1\u3002", "events": [], "arguments": {"time": [], "loc": [], "country": [], "weapon": []}}, {"sentence": "\u738b\u6587\u5e38\u559c\u6b22\u6977\u4e66\uff0c\u201c\u5f62\u4f53\u65b9\u6b63\uff0c\u7b14\u753b\u5e73\u76f4\uff0c\u53ef\u505a\u6977\u6a21\u201d\u3002", "events": [], "arguments": {"time": [], "loc": [], "country": [], "weapon": []}}, {"sentence": "\u4eba\u5982\u5176\u5b57\uff0c\u5b57\u5982\u5176\u4eba\u3002", "events": [], "arguments": {"time": [], "loc": [], "country": [], "weapon": []}}, {"sentence": "\u673a\u68b0\u5e08\u4f55\u8dc3\u6b66\u4e00\u773c\u5c31\u80fd\u5206\u8fa8\u51fa\u54ea\u5f20\u662f\u738b\u6587\u5e38\u7684\u98de\u884c\u786e\u8ba4\u5361\uff0c\u56e0\u4e3a\u738b\u6559\u5458\u6bcf\u67b6\u6b21\u7b7e\u540d\u90fd\u5de5\u5de5\u6574\u6574\u3002", "events": [{"trigger": {"text": "\u98de\u884c", "offset": 20, "length": 2}, "object": {"text": "", "offset": 0, "length": 0}, "subject": {"text": "", "offset": 0, "length": 0}}], "arguments": {"time": [], "loc": [], "country": [], "weapon": []}}, {"sentence": "\u5bf9\u738b\u6587\u5e38\u6765\u8bf4\uff0c\u98de\u884c\u662f\u7231\u597d\uff0c\u662f\u521d\u5fc3\uff0c\u66f4\u662f\u8d23\u4efb\u3002", "events": [{"trigger": {"text": "\u98de\u884c", "offset": 7, "length": 2}, "object": {"text": "", "offset": 0, "length": 0}, "subject": {"text": "", "offset": 0, "length": 0}}], "arguments": {"time": [], "loc": [], "country": [], "weapon": []}}, {"sentence": "\u8fd9\u4efd\u5bf9\u98de\u884c\u96be\u4ee5\u5272\u820d\u7684\u60c5\u610f\uff0c\u5f88\u5feb\u6821\u6b63\u4e86\u4ed6\u7684\u822a\u7ebf\u3002", "events": [{"trigger": {"text": "\u98de\u884c", "offset": 3, "length": 2}, "object": {"text": "", "offset": 0, "length": 0}, "subject": {"text": "", "offset": 0, "length": 0}}], "arguments": {"time": [], "loc": [], "country": [], "weapon": []}}, {"sentence": "\u8d70\u8fdb\u90e8\u961f\u5bb6\u5c5e\u9662\u738b\u6587\u5e38\u7684\u5bb6\uff0c\u4e00\u5207\u53ea\u80fd\u7528\u201c\u6781\u7b80\u201d\u6765\u5f62\u5bb9\u2014\u2014\u5c4b\u91cc\u51e0\u4e4e\u6ca1\u6709\u591a\u4f59\u7684\u4e1c\u897f\uff0c\u4e00\u5207\u7b80\u7b80\u5355\u5355\uff0c\u4e95\u4e95\u6709\u6761\u3002", "events": [], "arguments": {"time": [], "loc": [], "country": [], "weapon": []}}, {"sentence": "\u51c6\u786e\u5730\u8bf4\uff0c\u8fd9\u66f4\u50cf\u662f\u59bb\u5b50\u90ed\u8273\u4ed9\u7684\u5bb6\u3002", "events": [], "arguments": {"time": [], "loc": [], "country": [], "weapon": []}}, {"sentence": "\u5de5\u4f5c\u65e5\uff0c\u738b\u6587\u5e38\u5403\u4f4f\u90fd\u5728\u98de\u884c\u5927\u961f\uff0c\u53ea\u6709\u5468\u672b\u624d\u56de\u5bb6\u5c5e\u9662\u4f4f\u4e0a\u4e00\u4e24\u5929\u3002", "events": [{"trigger": {"text": "\u98de\u884c", "offset": 11, "length": 2}, "object": {"text": "", "offset": 0, "length": 0}, "subject": {"text": "", "offset": 0, "length": 0}}], "arguments": {"time": [], "loc": [], "country": [], "weapon": []}}, {"sentence": "\u5c3d\u7ba1\u592b\u59bb\u4e24\u4eba\u540c\u5728\u4e00\u4e2a\u8425\u9662\uff0c\u8fc7\u7684\u5374\u662f\u9e4a\u6865\u76f8\u4f1a\u7684\u65e5\u5b50\u3002", "events": [], "arguments": {"time": [], "loc": [], "country": [], "weapon": []}}, {"sentence": "\u513f\u5b50\u957f\u5927\u540e\uff0c\u59bb\u5b50\u5c31\u8fc7\u8d77\u201c\u5355\u8eab\u201d\u751f\u6d3b\u3002", "events": [], "arguments": {"time": [], "loc": [], "country": [], "weapon": []}}, {"sentence": "\u201c\u4e70\u4e00\u6839\u6392\u9aa8\uff0c\u780d\u6210\u516d\u4e03\u622a\u513f\uff0c\u5979\u4e00\u4e2a\u4eba\u8981\u5403\u4e09\u987f\u624d\u80fd\u5403\u5b8c\u3002", "events": [], "arguments": {"time": [], "loc": [], "country": [], "weapon": []}}, {"sentence": "\u201d\u8bf4\u8d77\u8fd9\u4e9b\uff0c\u738b\u6587\u5e38\u6709\u4e9b\u6127\u759a\uff0c\u201c\u6211\u8fd95290\u5c0f\u65f6\uff0c\u6709\u4e00\u534a\u662f\u5979\u98de\u51fa\u6765\u7684\u3002", "events": [], "arguments": {"time": [], "loc": [], "country": [], "weapon": []}}, {"sentence": "\u201d", "events": [], "arguments": {"time": [], "loc": [], "country": [], "weapon": []}}, {"sentence": "\u59bb\u5b50\u81f3\u4eca\u8fd8\u73cd\u85cf\u7740\u738b\u6587\u5e38\u5199\u7ed9\u5979\u7684\u4e0a\u767e\u5c01\u4fe1\u3002", "events": [], "arguments": {"time": [], "loc": [], "country": [], "weapon": []}}, {"sentence": "\u201c\u4f60\u7684\u4fe1\u7ecf\u8fc75\u5929\u7684\u8dcb\u6d89\u4e8e24\u65e5\u6536\u5230\u2026\u2026\u53c8\u89c1\u5230\u67ab\u53f6\u4e00\u7247\u7247\uff0c\u4f60\u90a3\u7ea2\u7ea2\u7684\u7b11\u8138\uff0c\u8981\u6bd4\u67ab\u53f6\u66f4\u5a07\u8273\u2026\u2026\u201d\u773c\u524d\u8fd9\u4e2a\u9b41\u68a7\u5065\u7855\u7684\u7537\u4eba\uff0c\u7b14\u4e0b\u5374\u6d41\u6dcc\u7740\u5982\u6b64\u6e29\u67d4\u591a\u60c5\u7684\u6587\u5b57\u3002", "events": [], "arguments": {"time": [{"text": "24\u65e5", "offset": 12, "length": 3}], "loc": [], "country": [], "weapon": []}}, {"sentence": "\u738b\u6587\u5e38\u8bf4\uff0c\u4ed6\u7684\u540d\u5b57\u91cc\u6709\u4e2a\u201c\u5e38\u201d\u5b57\uff0c\u98de\u884c\u5c31\u662f\u8981\u8bb2\u7a76\u201c\u5982\u5e38\u201d\uff0c\u6ca1\u6709\u4efb\u4f55\u4f8b\u5916\u3002", "events": [{"trigger": {"text": "\u98de\u884c", "offset": 17, "length": 2}, "object": {"text": "", "offset": 0, "length": 0}, "subject": {"text": "", "offset": 0, "length": 0}}], "arguments": {"time": [], "loc": [], "country": [], "weapon": []}}, {"sentence": "\u5176\u5b9e\uff0c\u540e\u534a\u53e5\u8bdd\u4ed6\u6ca1\u6709\u8bf4\uff1a\u7231\u60c5\uff0c\u4ea6\u5982\u662f\u3002", "events": [], "arguments": {"time": [], "loc": [], "country": [], "weapon": []}}, {"sentence": "\u300a\u6211\u7231\u7956\u56fd\u7684\u84dd\u5929\u300b\u54cd\u8d77\uff0c\u60a0\u626c\u7684\u65cb\u5f8b\u4e2d\uff0c\u738b\u6587\u5e38\u7f13\u7f13\u8d70\u5411\u6218\u673a\u3002", "events": [], "arguments": {"time": [], "loc": [], "country": [], "weapon": [{"text": "\u6218\u673a", "offset": 26, "length": 2}]}}, {"sentence": "\u4eca\u5e745\u670825\u65e5\uff0c\u90e8\u961f\u4e3a\u738b\u6587\u5e38\u4e3e\u884c\u4e86\u9686\u91cd\u7684\u505c\u98de\u4eea\u5f0f\u3002", "events": [], "arguments": {"time": [{"text": "\u4eca\u5e745\u670825\u65e5", "offset": 0, "length": 7}], "loc": [], "country": [], "weapon": []}}, {"sentence": "\u65e9\u5df2\u4e60\u60ef\u4e86\u9ad8\u901f\u5ea6\u5feb\u8282\u594f\u6218\u6597\u751f\u6d3b\u7684\u738b\u6587\u5e38\uff0c\u6b64\u523b\u5374\u8d70\u5f97\u5f88\u6162\u3002", "events": [], "arguments": {"time": [], "loc": [], "country": [], "weapon": []}}, {"sentence": "\u51dd\u671b\uff0c\u6469\u6332\uff0c\u8f7b\u62cd\uff0c\u4e00\u904d\u53c8\u4e00\u904d\uff0c\u4ed6\u60f3\u4e0e\u671d\u5915\u76f8\u4f34\u7684\u201c\u8001\u4f19\u8ba1\u201d\u591a\u5f85\u4e00\u4f1a\u513f\u3002", "events": [], "arguments": {"time": [], "loc": [], "country": [], "weapon": []}}, {"sentence": "\u4e00\u66f2\u7ec8\u4e86\uff0c\u4f59\u97f3\u56de\u8361\u673a\u573a\u3002", "events": [], "arguments": {"time": [], "loc": [], "country": [], "weapon": []}}, {"sentence": "\u9762\u5411\u6218\u673a\uff0c\u738b\u6587\u5e38\u62ac\u8d77\u53f3\u81c2\u5e84\u4e25\u656c\u793c\u3002", "events": [], "arguments": {"time": [], "loc": [], "country": [], "weapon": []}}, {"sentence": "\u90a3\u4e00\u523b\uff0c\u9ad8\u5347\u7684\u65ed\u65e5\u67d3\u7ea2\u4e86\u4ed6\u7684\u8138\u988a\uff0c\u6e05\u98ce\u5439\u6563\u4e86\u773c\u4e2d\u7684\u96fe\u82b1\uff0c\u73b0\u573a\u54cd\u8d77\u96f7\u9e23\u822c\u7684\u638c\u58f0\u3002", "events": [], "arguments": {"time": [], "loc": [], "country": [], "weapon": []}}, {"sentence": "\u505c\u98de\u540e\uff0c\u738b\u6587\u5e38\u8f6c\u5230\u5730\u9762\u53c2\u8c0b\u7684\u5c97\u4f4d\u4e0a\uff0c\u7528\u81ea\u5df1\u7684\u7ecf\u9a8c\u5e2e\u52a9\u66f4\u591a\u98de\u884c\u5458\u5b8c\u5584\u64cd\u4f5c\uff0c\u6478\u7d22\u65b0\u7684\u6218\u672f\u6218\u6cd5\u3002", "events": [], "arguments": {"time": [], "loc": [], "country": [], "weapon": []}}, {"sentence": "\u738b\u6587\u5e38\u5bb6\u91cc\u6709\u4e00\u5757\u5c0f\u9ed1\u677f\uff0c\u95f2\u6687\u65f6\uff0c\u4ed6\u4e60\u60ef\u5728\u9ed1\u677f\u4e0a\u753b\u5ea7\u8231\u56fe\uff0c\u8fdb\u884c\u56fe\u4e0a\u6f14\u7ec3\u3002", "events": [{"trigger": {"text": "\u6f14\u7ec3", "offset": 32, "length": 2}, "object": {"text": "", "offset": 0, "length": 0}, "subject": {"text": "", "offset": 0, "length": 0}}], "arguments": {"time": [], "loc": [], "country": [], "weapon": []}}, {"sentence": "\u5982\u4eca\uff0c\u4ed6\u8fd8\u662f\u6539\u4e0d\u4e86\u8ddf\u98de\u884c\u6709\u5173\u7684\u4e00\u5207\u4e60\u60ef\uff0c\u5305\u62ec\u5728\u5c0f\u9ed1\u677f\u4e0a\u201c\u4f5c\u753b\u201d\u3002", "events": [{"trigger": {"text": "\u98de\u884c", "offset": 10, "length": 2}, "object": {"text": "", "offset": 0, "length": 0}, "subject": {"text": "", "offset": 0, "length": 0}}], "arguments": {"time": [], "loc": [], "country": [], "weapon": []}}, {"sentence": "\u513f\u5b50\u9ad8\u4e2d\u6bd5\u4e1a\u540e\uff0c\u4e5f\u62a5\u8003\u4e86\u519b\u6821\uff0c\u5982\u4eca\u662f\u7a7a\u519b\u67d0\u90e8\u4e00\u540d\u6392\u957f\u3002", "events": [], "arguments": {"time": [], "loc": [], "country": [], "weapon": []}}, {"sentence": "\u5bb6\u91cc\u8fd9\u5757\u5c0f\u9ed1\u677f\uff0c\u4e5f\u662f\u4ed6\u7ae5\u5e74\u6700\u6df1\u7684\u5370\u8bb0\u3002", "events": [], "arguments": {"time": [], "loc": [], "country": [], "weapon": []}}, {"sentence": "\u5e73\u65e5\u91cc\uff0c\u738b\u6587\u5e38\u4e0d\u82db\u6c42\u513f\u5b50\u7684\u8003\u8bd5\u5206\u6570\u3002", "events": [], "arguments": {"time": [], "loc": [], "country": [], "weapon": []}}, {"sentence": "\u6709\u4e00\u6b21\uff0c\u4ed6\u53d1\u73b0\u513f\u5b50\u7ffb\u9605\u300a\u4e09\u5b57\u7ecf\u300b\uff0c\u51e0\u5929\u540e\u5c31\u4e22\u5728\u4e00\u8fb9\u3002", "events": [], "arguments": {"time": [], "loc": [], "country": [], "weapon": []}}, {"sentence": "\u4ed6\u6ca1\u6709\u6279\u8bc4\u513f\u5b50\uff0c\u800c\u662f\u9ed8\u9ed8\u7ffb\u5f00\u8fd9\u672c\u4e66\u3002", "events": [], "arguments": {"time": [], "loc": [], "country": [], "weapon": []}}, {"sentence": "\u51e0\u5929\u540e\uff0c\u542c\u5230\u7236\u4eb2\u628a\u300a\u4e09\u5b57\u7ecf\u300b\u4ece\u5934\u81f3\u5c3e\u6d41\u7545\u5730\u80cc\u4e86\u51fa\u6765\uff0c\u513f\u5b50\u4e00\u8138\u60ca\u8bb6\u4e0e\u94a6\u4f69\u3002", "events": [], "arguments": {"time": [], "loc": [], "country": [], "weapon": []}}, {"sentence": "\u65b0\u98de\u884c\u5458\u4eec\u5e73\u65f6\u5f88\u96be\u56de\u5bb6\uff0c\u738b\u6587\u5e38\u7684\u5bb6\u5c31\u662f\u4ed6\u4eec\u81ea\u5df1\u7684\u5bb6\u3002", "events": [], "arguments": {"time": [], "loc": [], "country": [], "weapon": []}}, {"sentence": "\u6bcf\u9022\u8fc7\u5e74\u8fc7\u8282\uff0c\u5e08\u5f92\u51e0\u4e2a\u805a\u5728\u4e00\u8d77\uff0c\u5176\u4e50\u878d\u878d\u3002", "events": [], "arguments": {"time": [], "loc": [], "country": [], "weapon": []}}, {"sentence": "\u996d\u684c\u65c1\uff0c\u738b\u6587\u5e38\u5631\u5490\u5f92\u5f1f\uff1a\u201c\u6211\u4eec\u8fd9\u4ee3\u98de\u884c\u5458\uff0c\u90fd\u6709\u4e00\u4e2a\u5171\u540c\u7684\u671f\u671b\uff0c\u98de\u597d\u98de\u673a\uff0c\u505a\u4e00\u6d41\u7684\u6218\u6597\u673a\u98de\u884c\u5458\u3002", "events": [], "arguments": {"time": [], "loc": [], "country": [], "weapon": [{"text": "\u6218\u6597\u673a", "offset": 40, "length": 3}]}}, {"sentence": "\u4ee5\u540e\uff0c\u4f60\u4eec\u4e5f\u4f1a\u6709\u81ea\u5df1\u7684\u5f92\u5f1f\uff0c\u8981\u4e00\u4ee3\u4ee3\u4f20\u627f\u4e0b\u53bb\u3002", "events": [], "arguments": {"time": [], "loc": [], "country": [], "weapon": []}}, {"sentence": "\u201d\u773c\u89d2\u7684\u76b1\u7eb9\uff0c\u906e\u4e0d\u4f4f\u738b\u6587\u5e38\u5fc3\u4e2d\u7684\u5feb\u610f\u3002", "events": [], "arguments": {"time": [], "loc": [], "country": [], "weapon": []}}, {"sentence": "\u5982\u4eca\uff0c\u738b\u6587\u5e38\u7684\u5f92\u5f1f\u5b59\u7ea2\u4eae\u4e5f\u5750\u8fdb\u4e86\u540e\u8231\uff0c\u653e\u98de\u4e00\u6279\u6279\u8ffd\u98ce\u9010\u65e5\u7684\u6218\u9e70\u3002", "events": [], "arguments": {"time": [], "loc": [], "country": [], "weapon": []}}]