[{"sentence": "\u7f8e\u56fd\u4e00\u6b3e\u201c\u6700\u6210\u529f\u201d\u6218\u6597\u673a\u76ee\u524d\u5217\u88c525\u56fd\u00a0\u6700\u540e\u4e00\u67b6\u7ed9\u4e86\u4f0a\u62c9\u514b", "events": [{"trigger": {"text": "\u5217\u88c5", "offset": 14, "length": 2}, "object": {"text": "", "offset": 0, "length": 0}, "subject": {"text": "", "offset": 0, "length": 0}}], "arguments": {"time": [], "loc": [], "country": [{"text": "\u7f8e\u56fd", "offset": 0, "length": 2}, {"text": "\u4f0a\u62c9\u514b", "offset": 26, "length": 3}], "weapon": [{"text": "\u6218\u6597\u673a", "offset": 9, "length": 3}]}}, {"sentence": "\u3010\u73af\u7403\u7f51\u62a5\u9053 \u8bb0\u8005 \u5f90\u7490\u660e\u3011", "events": [], "arguments": {"time": [], "loc": [], "country": [], "weapon": []}}, {"sentence": "\u636e\u7f8e\u56fd\u300a\u56fd\u5bb6\u5229\u76ca\u300b\u6742\u5fd7\u7f51\u7ad97\u670829\u65e5\u62a5\u9053\uff0c2017\u5e7411\u6708\uff0c\u7f8e\u56fd\u6d1b\u514b\u5e0c\u5fb7\u00b7\u9a6c\u4e01\u516c\u53f8\u5c06\u6700\u540e\u4e00\u67b6F-16\u6218\u6597\u673a\u4ea4\u4ed8\u7ed9\u4e86\u4f0a\u62c9\u514b\u7a7a\u519b\uff0c\u7ed3\u675f\u4e86\u8fd9\u6b3e\u6218\u6597\u673a40\u5e74\u7684\u751f\u4ea7\u5386\u7a0b\uff0c\u4f46\u5728\u672a\u6765\u591a\u5e74\u8fd9\u6b3e\u6218\u6597\u673a\u8fd8\u5c06\u7ee7\u7eed\u5728\u7a7a\u4e2d\u98de\u884c\u3002", "events": [{"trigger": {"text": "\u4ea4\u4ed8", "offset": 53, "length": 2}, "subject": {"text": "\u7f8e\u56fd\u6d1b\u514b\u5e0c\u5fb7\u00b7\u9a6c\u4e01\u516c\u53f8", "offset": 30, "length": 11}, "object": {"text": "F-16\u6218\u6597\u673a", "offset": 46, "length": 7}}, {"trigger": {"text": "\u751f\u4ea7", "offset": 75, "length": 2}, "object": {"text": "", "offset": 0, "length": 0}, "subject": {"text": "", "offset": 0, "length": 0}}, {"trigger": {"text": "\u98de\u884c", "offset": 98, "length": 2}, "object": {"text": "", "offset": 0, "length": 0}, "subject": {"text": "", "offset": 0, "length": 0}}], "arguments": {"time": [{"text": "2017\u5e7411\u6708", "offset": 21, "length": 8}, {"text": "7\u670829\u65e5", "offset": 13, "length": 5}], "loc": [{"text": "\u4f0a\u62c9\u514b", "offset": 57, "length": 3}], "country": [{"text": "\u7f8e\u56fd", "offset": 30, "length": 2}, {"text": "\u4f0a\u62c9\u514b", "offset": 57, "length": 3}, {"text": "\u7f8e\u56fd", "offset": 1, "length": 2}], "weapon": [{"text": "F-16\u6218\u6597\u673a", "offset": 46, "length": 7}]}}, {"sentence": "\u62a5\u9053\u79f0\uff0c\u76ee\u524d\u5927\u7ea6\u67093000\u67b6F-16\u6218\u6597\u673a\u572825\u4e2a\u56fd\u5bb6\u670d\u5f79\uff0c\u8fd9\u65e0\u7591\u662f\u4e16\u754c\u4e0a\u6700\u6210\u529f\u7684\u3001\u5b9e\u6218\u7ecf\u9a8c\u6700\u591a\u7684\u591a\u7528\u9014\u55b7\u6c14\u5f0f\u6218\u6597\u673a\u3002", "events": [{"trigger": {"text": "\u670d\u5f79", "offset": 27, "length": 2}, "object": {"text": "", "offset": 0, "length": 0}, "subject": {"text": "", "offset": 0, "length": 0}}], "arguments": {"time": [], "loc": [], "country": [], "weapon": [{"text": "F-16\u6218\u6597\u673a", "offset": 14, "length": 7}, {"text": "\u6c14\u5f0f\u6218\u6597\u673a", "offset": 0, "length": 5}]}}, {"sentence": "F-16\u6218\u6597\u673a\u4e0d\u4ec5\u6280\u672f\u5148\u8fdb\uff0c\u6027\u4ef7\u6bd4\u4e5f\u5f88\u9ad8\u3002", "events": [], "arguments": {"time": [], "loc": [], "country": [], "weapon": [{"text": "F-16\u6218\u6597\u673a", "offset": 0, "length": 7}]}}, {"sentence": "\u867d\u7136\u8be5\u673a\u7684\u822a\u7a0b\u548c\u6b66\u5668\u6302\u8f7d\u80fd\u529b\u4e0d\u5982F-15\u6218\u6597\u673a\uff0c\u4f46F-16\u7684\u6210\u672c\u4e0d\u5230F-15\u7684\u4e00\u534a\u3002", "events": [{"trigger": {"text": "\u6302\u8f7d", "offset": 10, "length": 2}, "object": {"text": "", "offset": 0, "length": 0}, "subject": {"text": "", "offset": 0, "length": 0}}], "arguments": {"time": [], "loc": [], "country": [], "weapon": [{"text": "F-15\u6218\u6597\u673a", "offset": 16, "length": 7}, {"text": "F-15", "offset": 34, "length": 4}]}}, {"sentence": "\u81ea1979\u5e74\u670d\u5f79\u4ee5\u6765\uff0cF-16\u6218\u6597\u673a\u5df2\u7ecf\u591a\u6b21\u53c2\u52a0\u5b9e\u6218\uff0c\u53c2\u4e0e\u4e86\u8d85\u8fc740\u4e07\u67b6\u6b21\u7684\u6218\u6597\u4efb\u52a1\uff0c\u603b\u5171\u98de\u884c\u4e861900\u4e07\u5c0f\u65f6\u3002", "events": [{"trigger": {"text": "\u670d\u5f79", "offset": 6, "length": 2}, "object": {"text": "", "offset": 0, "length": 0}, "subject": {"text": "", "offset": 0, "length": 0}}], "arguments": {"time": [], "loc": [], "country": [], "weapon": [{"text": "F-16\u6218\u6597\u673a", "offset": 11, "length": 7}]}}, {"sentence": "\u8fd9\u6b3e\u6218\u6597\u673a\u8fd8\u88ab\u6539\u88c5\u4ee5\u5b8c\u6210\u5404\u79cd\u4efb\u52a1\uff0c\u5305\u62ec\u7a7a\u5bf9\u7a7a\u683c\u6597\u3001\u5bf9\u5730\u653b\u51fb\u548c\u7535\u5b50\u6218\u3002", "events": [{"trigger": {"text": "\u6539\u88c5", "offset": 7, "length": 2}, "object": {"text": "", "offset": 0, "length": 0}, "subject": {"text": "", "offset": 0, "length": 0}}, {"trigger": {"text": "\u653b\u51fb", "offset": 27, "length": 2}, "object": {"text": "", "offset": 0, "length": 0}, "subject": {"text": "", "offset": 0, "length": 0}}], "arguments": {"time": [], "loc": [], "country": [], "weapon": [{"text": "\u6218\u6597\u673a", "offset": 2, "length": 3}]}}, {"sentence": "\u6700\u65b0\u7248\u7684F-16\u6218\u6597\u673a\u914d\u5907\u4e86\u901a\u7528\u7535\u6c14\u7684F110-GE-129\u53d1\u52a8\u673a\u548c\u666e\u60e0\u7684F100-PW-229\u53d1\u52a8\u673a\u3002", "events": [{"trigger": {"text": "\u914d\u5907", "offset": 11, "length": 2}, "object": {"text": "", "offset": 0, "length": 0}, "subject": {"text": "", "offset": 0, "length": 0}}], "arguments": {"time": [], "loc": [], "country": [], "weapon": [{"text": "F-16\u6218\u6597\u673a", "offset": 4, "length": 7}]}}, {"sentence": "\u8be5\u673a\u7684\u6253\u51fb\u80fd\u529b\u4e5f\u975e\u5e38\u5f3a\u5927\uff0c\u5171\u67099\u4e2a\u6b66\u5668\u6302\u8f7d\u70b9\uff0c\u4e24\u4e2a\u7ffc\u5c16\u5404\u6709\u4e00\u4e2a\u6302\u8f7d\u70b9\uff0c\u6bcf\u4fa7\u673a\u7ffc\u4e0b\u4e5f\u5404\u6709\u4e09\u4e2a\uff0c\u518d\u52a0\u4e0a\u673a\u8eab\u4e0b\u65b9\u7684\u4e00\u4e2a\u3002", "events": [{"trigger": {"text": "\u6302\u8f7d", "offset": 19, "length": 2}, "object": {"text": "", "offset": 0, "length": 0}, "subject": {"text": "", "offset": 0, "length": 0}}, {"trigger": {"text": "\u6302\u8f7d", "offset": 31, "length": 2}, "object": {"text": "", "offset": 0, "length": 0}, "subject": {"text": "", "offset": 0, "length": 0}}], "arguments": {"time": [], "loc": [], "country": [], "weapon": []}}, {"sentence": "F-16\u6218\u6597\u673a\u80fd\u591f\u642d\u8f7d\u591a\u79cd\u7a7a\u5bf9\u7a7a\u5bfc\u5f39\uff0c\u5305\u62ec\u201c\u54cd\u5c3e\u86c7\u201d\u5bfc\u5f39\u3001AMRAAM\u5bfc\u5f39\u3001\u201c\u9ebb\u96c0\u201d\u5bfc\u5f39\u3001\u201c\u5929\u7a7a\u95ea\u5149\u201d\u5bfc\u5f39\u3001ASRAAM\u5bfc\u5f39\u7b49\u3002", "events": [{"trigger": {"text": "\u642d\u8f7d", "offset": 9, "length": 2}, "object": {"text": "", "offset": 0, "length": 0}, "subject": {"text": "", "offset": 0, "length": 0}}], "arguments": {"time": [], "loc": [], "country": [], "weapon": [{"text": "F-16\u6218\u6597\u673a", "offset": 0, "length": 7}, {"text": "\u201c\u54cd\u5c3e\u86c7\u201d\u5bfc\u5f39", "offset": 21, "length": 7}, {"text": "AMRAAM\u5bfc\u5f39", "offset": 29, "length": 8}, {"text": "\u201c\u9ebb\u96c0\u201d\u5bfc\u5f39", "offset": 38, "length": 6}, {"text": "\u201c\u5929\u7a7a\u95ea\u5149\u201d\u5bfc\u5f39", "offset": 45, "length": 8}, {"text": "ASRAAM\u5bfc\u5f39", "offset": 54, "length": 8}]}}, {"sentence": "\u8be5\u673a\u4e5f\u662f\u9996\u6b3e\u53d1\u5c04AIM-9X\u65b0\u4e00\u4ee3\u201c\u54cd\u5c3e\u86c7\u201d\u5bfc\u5f39\u7684\u6218\u6597\u673a\u3002", "events": [{"trigger": {"text": "\u53d1\u5c04", "offset": 6, "length": 2}, "object": {"text": "", "offset": 0, "length": 0}, "subject": {"text": "", "offset": 0, "length": 0}}], "arguments": {"time": [], "loc": [], "country": [], "weapon": [{"text": "AIM-9X", "offset": 8, "length": 6}, {"text": "\u201c\u54cd\u5c3e\u86c7\u201d\u5bfc\u5f39", "offset": 17, "length": 7}]}}, {"sentence": "F-16\u914d\u5907\u7684\u7a7a\u5bf9\u5730\u5bfc\u5f39\u5219\u6709\u201c\u5c0f\u725b\u201d\u5bfc\u5f39\u3001HARM\u53cd\u8f90\u5c04\u5bfc\u5f39\u3001\u201c\u767e\u820c\u9e1f\u201d\u53cd\u8f90\u5c04\u5bfc\u5f39\u3002", "events": [{"trigger": {"text": "\u914d\u5907", "offset": 4, "length": 2}, "object": {"text": "", "offset": 0, "length": 0}, "subject": {"text": "", "offset": 0, "length": 0}}], "arguments": {"time": [], "loc": [], "country": [], "weapon": [{"text": "F-16", "offset": 0, "length": 4}, {"text": "\u201c\u5c0f\u725b\u201d\u5bfc\u5f39", "offset": 14, "length": 6}, {"text": "HARM\u53cd\u8f90\u5c04\u5bfc\u5f39", "offset": 21, "length": 9}, {"text": "\u201c\u767e\u820c\u9e1f\u201d\u53cd\u8f90\u5c04\u5bfc\u5f39", "offset": 31, "length": 10}]}}, {"sentence": "\u540c\u65f6F-16\u8fd8\u5177\u5907\u53cd\u8230\u6253\u51fb\u80fd\u529b\uff0c\u53cd\u8230\u6b66\u5668\u5305\u62ec\u201c\u9c7c\u53c9\u201d\u5bfc\u5f39\u548c\u201c\u4f01\u9e45\u201d\u5bfc\u5f39\u3002", "events": [{"trigger": {"text": "\u6253\u51fb", "offset": 11, "length": 2}, "object": {"text": "", "offset": 0, "length": 0}, "subject": {"text": "", "offset": 0, "length": 0}}], "arguments": {"time": [], "loc": [], "country": [], "weapon": [{"text": "F-16", "offset": 2, "length": 4}, {"text": "\u201c\u9c7c\u53c9\u201d\u5bfc\u5f39", "offset": 22, "length": 6}, {"text": "\u201c\u4f01\u9e45\u201d\u5bfc\u5f39", "offset": 29, "length": 6}]}}]