[{"sentence": "\u6cd5\u56fd\u201c\u68ad\u9c7c\u201d\u7ea7\u6838\u6f5c\u8247\u5f00\u59cb\u7b2c\u4e8c\u9636\u6bb5\u6d4b\u8bd5\u00a0\u00a0\u9884\u8ba12030\u5e74\u524d\u670d\u5f79\u5168\u90e86\u8258", "events": [{"trigger": {"text": "\u6d4b\u8bd5", "offset": 16, "length": 2}, "subject": {"text": "\u6cd5\u56fd\u201c\u68ad\u9c7c\u201d\u7ea7\u6838\u6f5c\u8247", "offset": 0, "length": 10}, "object": {"text": "", "offset": 0, "length": 0}}, {"trigger": {"text": "\u670d\u5f79", "offset": 28, "length": 2}, "object": {"text": "", "offset": 0, "length": 0}, "subject": {"text": "", "offset": 0, "length": 0}}], "arguments": {"time": [{"text": "2030\u5e74", "offset": 22, "length": 5}], "loc": [], "country": [{"text": "\u6cd5\u56fd", "offset": 0, "length": 2}], "weapon": [{"text": "\u201c\u68ad\u9c7c\u201d\u7ea7\u6838\u6f5c\u8247", "offset": 2, "length": 8}]}}, {"sentence": "\u3010\u73af\u7403\u7f51\u62a5\u9053 \u89c1\u4e60\u8bb0\u8005 \u9a6c\u5ca9\u3011", "events": [], "arguments": {"time": [], "loc": [], "country": [], "weapon": []}}, {"sentence": "\u636e\u201c\u9632\u52a1\u4e16\u754c\u201d\u7f51\u7ad97\u670829\u65e5\u62a5\u9053\uff0c\u5728\u5b8c\u6210\u521d\u6b65\u6d77\u8bd5\u4e4b\u540e\uff0c\u6cd5\u56fd\u65b0\u4e00\u4ee3\u201c\u68ad\u9c7c\u201d\u7ea7\u653b\u51fb\u578b\u6838\u6f5c\u8247\u5c06\u5f00\u59cb\u5bf9\u5176\u6218\u6597\u7cfb\u7edf\u3001\u6218\u672f\u6b66\u5668\u548c\u5176\u5b83\u8230\u4e0a\u7684\u519b\u4e8b\u8bbe\u5907\u8fdb\u884c\u6d4b\u8bd5\u3002", "events": [{"trigger": {"text": "\u6d4b\u8bd5", "offset": 69, "length": 2}, "object": {"text": "", "offset": 0, "length": 0}, "subject": {"text": "", "offset": 0, "length": 0}}], "arguments": {"time": [{"text": "7\u670829\u65e5", "offset": 9, "length": 5}], "loc": [], "country": [{"text": "\u6cd5\u56fd", "offset": 27, "length": 2}], "weapon": [{"text": "\u201c\u68ad\u9c7c\u201d\u7ea7\u653b\u51fb\u578b\u6838\u6f5c\u8247", "offset": 32, "length": 11}]}}, {"sentence": "\u8be5\u6f5c\u8247\u5236\u9020\u5546\u201c\u6d77\u519b\u96c6\u56e2\u201d7\u670829\u65e5\u5ba3\u5e03\uff0c\u201c\u68ad\u9c7c\u201d\u7ea7\u7684\u9996\u8230\u5df2\u7ecf\u62b5\u8fbe\u5176\u672a\u6765\u7684\u6bcd\u6e2f\u2014\u2014\u571f\u4f26\u6e2f\uff0c\u5176\u4e4b\u524d\u5728\u82f1\u5409\u5229\u6d77\u5ce1\u548c\u5927\u897f\u6d0b\u4e0a\u7684\u6d4b\u8bd5\u5df2\u7ecf\u8bc1\u660e\u4e86\u5176\u6210\u719f\u5ea6\u3002", "events": [{"trigger": {"text": "\u62b5\u8fbe", "offset": 30, "length": 2}, "object": {"text": "", "offset": 0, "length": 0}, "subject": {"text": "", "offset": 0, "length": 0}}, {"trigger": {"text": "\u6d4b\u8bd5", "offset": 59, "length": 2}, "object": {"text": "", "offset": 0, "length": 0}, "subject": {"text": "", "offset": 0, "length": 0}}], "arguments": {"time": [{"text": "7\u670829", "offset": 12, "length": 4}, {"text": "7\u670829\u65e5", "offset": 12, "length": 5}], "loc": [{"text": "\u571f\u4f26\u6e2f", "offset": 40, "length": 3}, {"text": "\u82f1\u5409\u5229\u6d77\u5ce1", "offset": 48, "length": 5}, {"text": "\u5927\u897f\u6d0b\u4e0a", "offset": 54, "length": 4}, {"text": "\u5927\u897f\u6d0b", "offset": 54, "length": 3}, {"text": "\u4e0a", "offset": 0, "length": 1}], "country": [], "weapon": [{"text": "\u201c\u68ad\u9c7c\u201d\u7ea7", "offset": 20, "length": 5}]}}, {"sentence": "\u8be5\u96c6\u56e2\u8868\u793a\uff0c\u8fd9\u8258\u6f5c\u8247\u76ee\u524d\u4f4d\u4e8e\u5730\u4e2d\u6d77\uff0c\u5373\u5c06\u8fdb\u5165\u7b2c\u4e8c\u9636\u6bb5\u6d4b\u8bd5\uff0c\u5373\u5bf9\u6218\u6597\u7cfb\u7edf\u3001\u6218\u672f\u6b66\u5668\u548c\u6218\u7565\u519b\u4e8b\u8bbe\u5907\u7684\u6d4b\u8bd5\u3002", "events": [{"trigger": {"text": "\u8fdb\u5165", "offset": 20, "length": 2}, "object": {"text": "", "offset": 0, "length": 0}, "subject": {"text": "", "offset": 0, "length": 0}}, {"trigger": {"text": "\u6d4b\u8bd5", "offset": 26, "length": 2}, "object": {"text": "", "offset": 0, "length": 0}, "subject": {"text": "", "offset": 0, "length": 0}}, {"trigger": {"text": "\u6d4b\u8bd5", "offset": 48, "length": 2}, "object": {"text": "", "offset": 0, "length": 0}, "subject": {"text": "", "offset": 0, "length": 0}}], "arguments": {"time": [], "loc": [{"text": "\u5730\u4e2d\u6d77", "offset": 14, "length": 3}], "country": [], "weapon": [{"text": "\u6f5c\u8247", "offset": 8, "length": 2}]}}, {"sentence": "\u201c\u68ad\u9c7c\u201d\u7ea7\u6838\u6f5c\u8247\u81ea1998\u5e74\u5f00\u59cb\u8bbe\u8ba1\uff0c\u7528\u6765\u66ff\u4ee3\u201c\u7ea2\u5b9d\u77f3\u201d\u7ea7\u653b\u51fb\u578b\u6838\u6f5c\u8247\uff0c\u5176\u91c7\u7528\u5927\u91cf\u201c\u51ef\u65cb\u201d\u7ea7\u6218\u7565\u6838\u6f5c\u8247\u7684\u6280\u672f\uff0c\u53ef\u88c5\u5907\u5de1\u822a\u5bfc\u5f39\u5b9e\u73b0\u8fdc\u8ddd\u79bb\u6df1\u5165\u6253\u51fb\uff0c\u53ef\u6267\u884c\u7684\u4efb\u52a1\u5305\u62ec\u53cd\u8230\u3001\u53cd\u6f5c\u3001\u5bf9\u9646\u653b\u51fb\u3001\u60c5\u62a5\u641c\u96c6\u3001\u7279\u79cd\u4f5c\u6218\u7b49\uff0c\u5171\u8ba1\u5212\u5efa\u90206\u8258\uff0c\u57282030\u5e74\u524d\u5168\u90e8\u670d\u5f79\u3002", "events": [{"trigger": {"text": "\u5de1\u822a", "offset": 58, "length": 2}, "object": {"text": "", "offset": 0, "length": 0}, "subject": {"text": "", "offset": 0, "length": 0}}, {"trigger": {"text": "\u5efa\u9020", "offset": 105, "length": 2}, "object": {"text": "", "offset": 0, "length": 0}, "subject": {"text": "", "offset": 0, "length": 0}}, {"trigger": {"text": "\u6253\u51fb", "offset": 69, "length": 2}, "object": {"text": "", "offset": 0, "length": 0}, "subject": {"text": "", "offset": 0, "length": 0}}, {"trigger": {"text": "\u653b\u51fb", "offset": 88, "length": 2}, "object": {"text": "", "offset": 0, "length": 0}, "subject": {"text": "", "offset": 0, "length": 0}}, {"trigger": {"text": "\u670d\u5f79", "offset": 119, "length": 2}, "object": {"text": "", "offset": 0, "length": 0}, "subject": {"text": "", "offset": 0, "length": 0}}], "arguments": {"time": [{"text": "1998\u5e74", "offset": 9, "length": 5}], "loc": [], "country": [], "weapon": [{"text": "\u201c\u7ea2\u5b9d\u77f3\u201d\u7ea7\u653b\u51fb\u578b\u6838\u6f5c\u8247", "offset": 23, "length": 12}]}}]