[{"sentence": "\u9000\u5f79\u6d77\u519b\u5c11\u5c06\u79f0\u571f\u8033\u5176\u6025\u9700\u822a\u6bcd \u5982\u5f97\u4e0d\u5230F-35B\u53ef\u8003\u8651\u8d2d\u4e70\u4e2d\u56fd\u8230\u8f7d\u673a", "events": [{"trigger": {"text": "\u8d2d\u4e70", "offset": 27, "length": 2}, "subject": {"text": "\u571f\u8033\u5176", "offset": 7, "length": 3}, "object": {"text": "\u4e2d\u56fd\u8230\u8f7d\u673a", "offset": 29, "length": 5}}], "arguments": {"time": [], "loc": [], "country": [{"text": "\u571f\u8033\u5176", "offset": 7, "length": 3}, {"text": "\u4e2d\u56fd", "offset": 29, "length": 2}], "weapon": [{"text": "F-35B", "offset": 19, "length": 5}]}}, {"sentence": "\u3010\u73af\u7403\u7f51\u62a5\u9053 \u89c1\u4e60\u8bb0\u8005 \u9a6c\u5ca9\u3011", "events": [], "arguments": {"time": [], "loc": [], "country": [], "weapon": []}}, {"sentence": "\u636e\u5916\u56fd\u9632\u52a1\u5a92\u4f53\u300a\u9632\u5fa1\u5de5\u4e8b\u300b\u7f51\u7ad97\u670825\u65e5\u62a5\u9053\uff0c\u5df2\u9000\u5f79\u7684\u571f\u8033\u5176\u6d77\u519b\u5c11\u5c06\u5409\u54c8\u7279\u2022\u4e9a\u4f0a\u514b\u65e5\u524d\u5728\u63a5\u53d7\u91c7\u8bbf\u65f6\u8868\u793a\uff0c\u571f\u8033\u5176\u6025\u9700\u822a\u7a7a\u6bcd\u8230\uff0c\u5982\u679c\u7f8e\u56fd\u4e0d\u7ed9F-35B\uff0c\u571f\u8033\u5176\u53ef\u4ee5\u8003\u8651\u8d2d\u4e70\u4e2d\u56fd\u7684\u8230\u8f7d\u673a\u3002", "events": [{"trigger": {"text": "\u8d2d\u4e70", "offset": 81, "length": 2}, "object": {"text": "", "offset": 0, "length": 0}, "subject": {"text": "", "offset": 0, "length": 0}}], "arguments": {"time": [{"text": "7\u670825\u65e5", "offset": 15, "length": 5}], "loc": [{"text": "\u571f\u8033\u5176", "offset": 74, "length": 3}], "country": [{"text": "\u571f\u8033\u5176", "offset": 27, "length": 3}, {"text": "\u571f\u8033\u5176", "offset": 52, "length": 3}, {"text": "\u7f8e\u56fd", "offset": 64, "length": 2}, {"text": "\u571f\u8033\u5176", "offset": 74, "length": 3}, {"text": "\u4e2d\u56fd", "offset": 83, "length": 2}], "weapon": [{"text": "F-35B", "offset": 68, "length": 5}]}}, {"sentence": "\u4e9a\u4f0a\u514b\u8868\u793a\uff0c\u6211\u4eec\u5c06\u62e5\u6709\u4f20\u8f93\u548c\u6295\u5c04\u80fd\u529b\u3002", "events": [], "arguments": {"time": [], "loc": [], "country": [], "weapon": []}}, {"sentence": "\u5982\u679c\u60f3\u5c06\u519b\u961f\u90e8\u7f72\u5230\u4e00\u4e2a\u6d77\u5916\u7684\u67d0\u4e2a\u5730\u65b9\uff0c\u5e76\u5bf9\u5176\u8fdb\u884c\u63a7\u5236\uff0c\u90a3\u4e48\u53ea\u6709\u6d77\u519b\u624d\u80fd\u505a\u5230\u8fd9\u4e00\u70b9\u3002", "events": [{"trigger": {"text": "\u90e8\u7f72", "offset": 6, "length": 2}, "object": {"text": "", "offset": 0, "length": 0}, "subject": {"text": "", "offset": 0, "length": 0}}], "arguments": {"time": [], "loc": [], "country": [], "weapon": []}}, {"sentence": "\u6240\u4ee5\u5728\u6211\u4e2a\u4eba\u770b\u6765\uff0c\u6211\u4eec\u6025\u9700\u9632\u7a7a\u62a4\u536b\u8230\u548c\u822a\u7a7a\u6bcd\u8230\u3002", "events": [], "arguments": {"time": [], "loc": [], "country": [], "weapon": [{"text": "\u9632\u7a7a\u62a4\u536b\u8230", "offset": 13, "length": 5}, {"text": "\u822a\u7a7a\u6bcd\u8230", "offset": 19, "length": 4}]}}, {"sentence": "\u76ee\u524d\u6d77\u519b\u6b63\u5728\u5efa\u9020\u201c\u963f\u7eb3\u591a\u5362\u201d\u53f7\u8f7b\u578b\u822a\u7a7a\u6bcd\u8230\uff0c\u800c\u7ee7\u201c\u963f\u7eb3\u591a\u5362\u201d\u53f7\u4e4b\u540e\u7684\u53e6\u4e00\u8258\u201c\u7279\u62c9\u57fa\u201d\u53f7\u822a\u6bcd\u4e5f\u5728\u8ba1\u5212\u4e4b\u4e2d\uff0c\u6211\u5e0c\u671b\u8fd9\u4e9b\u519b\u8230\u80fd\u591f\u52a0\u5feb\u8fdb\u884c\u751f\u4ea7\u3002", "events": [{"trigger": {"text": "\u751f\u4ea7", "offset": 65, "length": 2}, "object": {"text": "", "offset": 0, "length": 0}, "subject": {"text": "", "offset": 0, "length": 0}}], "arguments": {"time": [], "loc": [], "country": [], "weapon": [{"text": "\u201c\u963f\u7eb3\u591a\u5362\u201d\u53f7\u8f7b\u578b\u822a\u7a7a\u6bcd\u8230", "offset": 8, "length": 13}, {"text": "\u201c\u963f\u7eb3\u591a\u5362\u201d\u53f7", "offset": 24, "length": 7}, {"text": "\u201c\u7279\u62c9\u57fa\u201d\u53f7\u822a\u6bcd", "offset": 37, "length": 8}]}}, {"sentence": "\u5728\u8c08\u5230\u571f\u8033\u5176\u6d77\u519b\u7684\u73b0\u72b6\u65f6\uff0c\u4e9a\u4f0a\u514b\u8bf4\uff1a\u6211\u4eec\u7684\u6d77\u519b\u4ee5\u6700\u597d\u7684\u65b9\u5f0f\u4f7f\u7528\u4ea4\u7ed9\u5b83\u7684\u6b66\u5668\u88c5\u5907\u3002", "events": [], "arguments": {"time": [], "loc": [], "country": [{"text": "\u571f\u8033\u5176", "offset": 3, "length": 3}], "weapon": []}}, {"sentence": "\u5728\u8c08\u5230\u5229\u6bd4\u4e9a\u95ee\u9898\u65f6\uff0c\u4e9a\u4f0a\u514b\u8868\u793a\uff0c\u6211\u4eec\u5fc5\u987b\u6709\u4e00\u652f\u5f3a\u5927\u7684\u6d77\u519b\u529b\u91cf\u3002", "events": [], "arguments": {"time": [], "loc": [], "country": [{"text": "\u5229\u6bd4\u4e9a", "offset": 3, "length": 3}], "weapon": []}}, {"sentence": "\u6210\u4e3a\u4e00\u4e2a\u4f1f\u5927\u7684\u56fd\u5bb6\u3002", "events": [], "arguments": {"time": [], "loc": [], "country": [], "weapon": []}}, {"sentence": "\u5229\u6bd4\u4e9a\u95ee\u9898\u975e\u5e38\u6e05\u695a\u7684\u8868\u660e\uff0c\u6211\u4eec\u9700\u8981\u4e00\u652f\u5f3a\u5927\u7684\u6d77\u519b\u529b\u91cf\u3002", "events": [], "arguments": {"time": [], "loc": [], "country": [{"text": "\u5229\u6bd4\u4e9a", "offset": 0, "length": 3}], "weapon": []}}, {"sentence": "\u5982\u679c\u6211\u4eec\u6709\u4e00\u8258\u822a\u7a7a\u6bcd\u8230\uff0c\u90a3\u4e48\u4e00\u5207\u90fd\u4f1a\u6709\u6240\u4e0d\u540c\u3002", "events": [], "arguments": {"time": [], "loc": [], "country": [], "weapon": [{"text": "\u822a\u7a7a\u6bcd\u8230", "offset": 7, "length": 4}]}}, {"sentence": "\u4e9a\u4f0a\u514b\u8868\u793a\uff0c\u6d77\u519b\u53bb\u5e74\u5efa\u7acb\u4e86\u4e00\u6240\u6d77\u519b\u822a\u7a7a\u5b66\u6821\u6765\u8bad\u7ec3\u81ea\u5df1\u7684\u98de\u884c\u5458\u3002", "events": [{"trigger": {"text": "\u8bad\u7ec3", "offset": 22, "length": 2}, "object": {"text": "", "offset": 0, "length": 0}, "subject": {"text": "", "offset": 0, "length": 0}}], "arguments": {"time": [], "loc": [], "country": [], "weapon": []}}, {"sentence": "\u8ba9\u98de\u884c\u5458\u4eec\u5728\u8fd9\u91cc\u63a5\u53d7\u8bad\u7ec3\uff0c\u662f\u4e3a\u4e86\u8ba9\u98de\u884c\u5458\u8d76\u5728\u65b0\u578b\u8230\u8f7d\u673a\u88c5\u5907\u4e4b\u524d\u5c31\u80fd\u5168\u90e8\u5c31\u4f4d\uff0c\u8fd9\u6837\u5c31\u4e0d\u4f1a\u7f3a\u5c11\u98de\u884c\u5458\u4e86\u3002", "events": [{"trigger": {"text": "\u8bad\u7ec3", "offset": 10, "length": 2}, "object": {"text": "", "offset": 0, "length": 0}, "subject": {"text": "", "offset": 0, "length": 0}}], "arguments": {"time": [], "loc": [], "country": [], "weapon": [{"text": "\u8230\u8f7d\u673a", "offset": 24, "length": 3}]}}, {"sentence": "\u73b0\u5728\u6d77\u519b\u822a\u7a7a\u5b66\u6821\u6210\u7acb\u4e86\uff0c\u6d77\u519b\u5c06\u5728\u5185\u90e8\u8bad\u7ec3\u81ea\u5df1\u7684\u98de\u884c\u5458\u3002", "events": [{"trigger": {"text": "\u8bad\u7ec3", "offset": 18, "length": 2}, "object": {"text": "", "offset": 0, "length": 0}, "subject": {"text": "", "offset": 0, "length": 0}}], "arguments": {"time": [], "loc": [], "country": [], "weapon": []}}, {"sentence": "\u4e9a\u4f0a\u514b\u5f3a\u8c03\uff0c\u201c\u963f\u7eb3\u591a\u5362\u201d\u53f7\u822a\u6bcd\u5fc5\u987b\u914d\u5907\u8230\u8f7d\u673a\uff0c\u5373\u4f7f\u8fd9\u4e9b\u8230\u8f7d\u673a\u4e0d\u662f\u5168\u65b0\u7684\u3002", "events": [{"trigger": {"text": "\u914d\u5907", "offset": 17, "length": 2}, "object": {"text": "", "offset": 0, "length": 0}, "subject": {"text": "", "offset": 0, "length": 0}}], "arguments": {"time": [], "loc": [], "country": [], "weapon": [{"text": "\u201c\u963f\u7eb3\u591a\u5362\u201d\u53f7\u822a\u6bcd", "offset": 6, "length": 9}]}}, {"sentence": "\u5982\u679c\u6211\u4eec\u5f97\u4e0d\u5230F-35B\uff0c\u90a3\u6211\u4eec\u53ef\u4ee5\u53bb\u4e70\u4e8c\u624b\u7684\u201c\u9e5e\u201d\u5f0f\u98de\u673a\u3002", "events": [], "arguments": {"time": [], "loc": [], "country": [], "weapon": [{"text": "F-35B", "offset": 7, "length": 5}, {"text": "\u201c\u9e5e\u201d\u5f0f\u98de\u673a", "offset": 23, "length": 6}]}}, {"sentence": "\u4f46\u6211\u4eec\u5e94\u8be5\u5c3d\u5feb\u5bf9\u6b64\u505a\u51fa\u8bf4\u660e\u3002", "events": [], "arguments": {"time": [], "loc": [], "country": [], "weapon": []}}, {"sentence": "\u5982\u679c\u6709\u5fc5\u8981\uff0c\u6211\u4eec\u5e94\u8be5\u8d2d\u4e70\u4e2d\u56fd\u98de\u673a\u3002", "events": [{"trigger": {"text": "\u8d2d\u4e70", "offset": 10, "length": 2}, "object": {"text": "", "offset": 0, "length": 0}, "subject": {"text": "", "offset": 0, "length": 0}}], "arguments": {"time": [], "loc": [], "country": [{"text": "\u4e2d\u56fd", "offset": 12, "length": 2}], "weapon": [{"text": "\u98de\u673a", "offset": 14, "length": 2}]}}, {"sentence": "\u6211\u4eec\u5e94\u8be5\u5728\u201c\u963f\u7eb3\u591a\u5362\u201d\u53f7\u822a\u6bcd\u9996\u6b21\u90e8\u7f723-5\u67b6\u8230\u8f7d\u673a\u3002", "events": [{"trigger": {"text": "\u90e8\u7f72", "offset": 16, "length": 2}, "object": {"text": "", "offset": 0, "length": 0}, "subject": {"text": "", "offset": 0, "length": 0}}], "arguments": {"time": [], "loc": [], "country": [], "weapon": [{"text": "\u201c\u963f\u7eb3\u591a\u5362\u201d\u53f7\u822a\u6bcd", "offset": 5, "length": 9}]}}, {"sentence": "\uff08\u5b8c\uff09", "events": [], "arguments": {"time": [], "loc": [], "country": [], "weapon": []}}, {"sentence": "\uff08\u5b8c\uff09", "events": [], "arguments": {"time": [], "loc": [], "country": [], "weapon": []}}]