[{"sentence": "\u4f0a\u6717\u4f0a\u65af\u5170\u9769\u547d\u536b\u961f\u5ba3\u5e03\u201c\u4f1f\u5927\u5148\u77e514\u201d\u519b\u4e8b\u6f14\u4e60\u8fdb\u5165\u6700\u540e\u9636\u6bb5", "events": [{"trigger": {"text": "\u6f14\u4e60", "offset": 21, "length": 2}, "subject": {"text": "\u201c\u4f1f\u5927\u5148\u77e514\u201d", "offset": 11, "length": 8}, "object": {"text": "\u8fdb\u5165\u6700\u540e\u9636\u6bb5", "offset": 23, "length": 6}}, {"trigger": {"text": "\u519b\u4e8b\u6f14\u4e60", "offset": 19, "length": 4}, "object": {"text": "", "offset": 0, "length": 0}, "subject": {"text": "", "offset": 0, "length": 0}}, {"trigger": {"text": "\u8fdb\u5165", "offset": 23, "length": 2}, "object": {"text": "", "offset": 0, "length": 0}, "subject": {"text": "", "offset": 0, "length": 0}}], "arguments": {"time": [], "loc": [], "country": [{"text": "\u4f0a\u6717", "offset": 0, "length": 2}], "weapon": []}}, {"sentence": "\u25b3\u56fe\u7247\u6765\u6e90\uff1a\u4f0a\u6717\u5f53\u5730\u5a92\u4f53", "events": [], "arguments": {"time": [], "loc": [], "country": [{"text": "\u4f0a\u6717", "offset": 6, "length": 2}], "weapon": []}}, {"sentence": "\u636e\u4f0a\u6717\u591a\u5bb6\u5a92\u4f53\u62a5\u9053\uff0c\u5f53\u5730\u65f6\u95f428\u65e5\uff0c\u4f0a\u6717\u4f0a\u65af\u5170\u9769\u547d\u536b\u961f\u53d1\u8868\u58f0\u660e\u79f0\uff0c\u7531\u9769\u547d\u536b\u961f\u6d77\u519b\u548c\u822a\u7a7a\u822a\u5929\u90e8\u961f\u8054\u5408\u4e3e\u884c\u7684\u201c\u4f1f\u5927\u5148\u77e514\u201d\u519b\u4e8b\u6f14\u4e60\u8fdb\u5165\u6700\u540e\u4e00\u4e2a\u9636\u6bb5\uff0c\u6f14\u4e60\u5730\u70b9\u4e3a\u4f0a\u6717\u5357\u90e8\u7684\u970d\u5c14\u6728\u5179\u7518\u7701\u3002", "events": [{"trigger": {"text": "\u519b\u4e8b\u6f14\u4e60", "offset": 60, "length": 4}, "object": {"text": "", "offset": 0, "length": 0}, "subject": {"text": "", "offset": 0, "length": 0}}, {"trigger": {"text": "\u8fdb\u5165", "offset": 64, "length": 2}, "object": {"text": "", "offset": 0, "length": 0}, "subject": {"text": "", "offset": 0, "length": 0}}, {"trigger": {"text": "\u6f14\u4e60", "offset": 73, "length": 2}, "object": {"text": "", "offset": 0, "length": 0}, "subject": {"text": "", "offset": 0, "length": 0}}], "arguments": {"time": [{"text": "28\u65e5", "offset": 14, "length": 3}], "loc": [{"text": "\u4f0a\u6717\u5357\u90e8", "offset": 78, "length": 4}, {"text": "\u970d\u5c14\u6728\u5179\u7518\u7701", "offset": 83, "length": 6}, {"text": "\u4f0a\u6717\u5357\u90e8\u7684\u970d\u5c14\u6728\u5179\u7518\u7701", "offset": 78, "length": 11}], "country": [{"text": "\u4f0a\u6717", "offset": 78, "length": 2}, {"text": "\u4f0a\u6717", "offset": 1, "length": 2}, {"text": "\u4f0a\u6717", "offset": 18, "length": 2}], "weapon": []}}, {"sentence": "\u58f0\u660e\u8868\u793a\uff0c\u9769\u547d\u536b\u961f\u6d77\u519b\u7684\u5bfc\u5f39\u3001\u8230\u8239\u548c\u65e0\u4eba\u673a\uff0c\u4ee5\u53ca\u822a\u7a7a\u822a\u5929\u90e8\u961f\u7684\u5bfc\u5f39\u3001\u65e0\u4eba\u673a\u548c\u96f7\u8fbe\u5c06\u6089\u6570\u4eae\u76f8\u3002", "events": [], "arguments": {"time": [], "loc": [], "country": [], "weapon": [{"text": "\u5bfc\u5f39", "offset": 31, "length": 2}, {"text": "\u8230\u8239", "offset": 15, "length": 2}, {"text": "\u65e0\u4eba\u673a", "offset": 34, "length": 3}, {"text": "\u96f7\u8fbe", "offset": 38, "length": 2}, {"text": "\u5bfc\u5f39", "offset": 12, "length": 2}, {"text": "\u65e0\u4eba\u673a", "offset": 18, "length": 3}]}}, {"sentence": "\u58f0\u660e\u8868\u793a\uff0c\u8be5\u6b21\u6f14\u4e60\u7684\u8bae\u7a0b\u5305\u62ec\uff1a\u5c06\u5bfc\u5f39\u5bf9\u51c6\u865a\u62df\u654c\u4eba\u76ee\u6807\u53d1\u52a8\u653b\u51fb\uff0c\u5e76\u94fa\u8bbe\u9632\u5fa1\u5730\u96f7\u3001\u5207\u65ad\u865a\u62df\u654c\u4eba\u7684\u8239\u53ea\u901a\u4fe1\uff0c\u5e76\u4ece\u76f4\u5347\u673a\u4e0a\u53d1\u5c04\u706b\u7bad\u5f39\u4ee5\u53ca\u53d1\u5c04\u8fd1\u6d77\u5bfc\u5f39\u7b49\u3002", "events": [{"trigger": {"text": "\u6f14\u4e60", "offset": 7, "length": 2}, "subject": {"text": "", "offset": 0, "length": 0}, "object": {"text": "", "offset": 0, "length": 0}}, {"trigger": {"text": "\u653b\u51fb", "offset": 28, "length": 2}, "object": {"text": "", "offset": 0, "length": 0}, "subject": {"text": "", "offset": 0, "length": 0}}, {"trigger": {"text": "\u53d1\u5c04", "offset": 57, "length": 2}, "object": {"text": "", "offset": 0, "length": 0}, "subject": {"text": "", "offset": 0, "length": 0}}, {"trigger": {"text": "\u53d1\u5c04", "offset": 64, "length": 2}, "object": {"text": "", "offset": 0, "length": 0}, "subject": {"text": "", "offset": 0, "length": 0}}], "arguments": {"time": [], "loc": [], "country": [], "weapon": [{"text": "\u706b\u7bad\u5f39", "offset": 59, "length": 3}, {"text": "\u8fd1\u6d77\u5bfc\u5f39", "offset": 66, "length": 4}]}}, {"sentence": "\u25b3\u56fe\u7247\u6765\u6e90\uff1a\u4f0a\u6717\u5f53\u5730\u5a92\u4f53", "events": [], "arguments": {"time": [], "loc": [], "country": [{"text": "\u4f0a\u6717", "offset": 6, "length": 2}], "weapon": []}}, {"sentence": "\u503c\u5f97\u6ce8\u610f\u7684\u662f\uff0c\u4f0a\u6717\u5728\u4eca\u5e744\u670822\u65e5\u6210\u529f\u53d1\u5c04\u7684\u7b2c\u4e00\u9897\u519b\u4e8b\u536b\u661f\u201c\u52aa\u5c14\u4e00\u53f7\u201d\uff0c\u5168\u7a0b\u53c2\u4e0e\u4e86\u5bf9\u672c\u6b21\u6f14\u4e60\u7684\u76d1\u89c6\u3002", "events": [{"trigger": {"text": "\u6f14\u4e60", "offset": 44, "length": 2}, "object": {"text": "", "offset": 0, "length": 0}, "subject": {"text": "", "offset": 0, "length": 0}}, {"trigger": {"text": "\u76d1\u89c6", "offset": 47, "length": 2}, "object": {"text": "", "offset": 0, "length": 0}, "subject": {"text": "", "offset": 0, "length": 0}}], "arguments": {"time": [{"text": "4\u670822\u65e5", "offset": 12, "length": 5}, {"text": "\u4eca\u5e744\u670822\u65e5", "offset": 10, "length": 7}], "loc": [], "country": [{"text": "\u4f0a\u6717", "offset": 7, "length": 2}], "weapon": [{"text": "\u519b\u4e8b\u536b\u661f\u201c\u52aa\u5c14\u4e00\u53f7\u201d", "offset": 25, "length": 10}]}}, {"sentence": "\u6709\u5f53\u5730\u5206\u6790\u8868\u793a\uff0c\u53c2\u6f14\u7684\u201c\u52aa\u5c14\u4e00\u53f7\u201d\u663e\u793a\u51fa\u9769\u547d\u536b\u961f\u8fd0\u7528\u536b\u661f\u7684\u6280\u672f\u6210\u719f\u7a0b\u5ea6\uff0c\u8be5\u536b\u661f\u53ef\u5728\u672a\u6765\u6267\u884c\u66f4\u591a\u7684\u592a\u7a7a\u4f5c\u6218\u548c\u519b\u4e8b\u4fa6\u5bdf\u4efb\u52a1\uff0c\u540c\u65f6\u6536\u96c6\u6709\u52a9\u4e8e\u4fdd\u6301\u4f0a\u6717\u7a7a\u57df\u5b89\u5168\u7684\u6570\u636e\u3002", "events": [{"trigger": {"text": "\u4fa6\u5bdf", "offset": 55, "length": 2}, "object": {"text": "", "offset": 0, "length": 0}, "subject": {"text": "", "offset": 0, "length": 0}}], "arguments": {"time": [], "loc": [], "country": [{"text": "\u4f0a\u6717", "offset": 69, "length": 2}], "weapon": [{"text": "\u201c\u52aa\u5c14\u4e00\u53f7\u201d", "offset": 11, "length": 6}]}}, {"sentence": "\u6b64\u5916\uff0c\u6709\u5916\u5a9227\u65e5\u62a5\u9053\u79f0\uff0c\u5728\u672c\u6b21\u519b\u6f14\u4e2d\u4f0a\u6717\u5c06\u4e00\u8258\u7f8e\u56fd\u822a\u7a7a\u6bcd\u8230\u7684\u6a21\u578b\u79fb\u81f3\u6f14\u4e60\u6d77\u57df\uff0c\u5e76\u5c06\u8be5\u822a\u6bcd\u6a21\u578b\u5f53\u4f5c\u6f14\u4e60\u76ee\u6807\u3002", "events": [{"trigger": {"text": "\u6f14\u4e60", "offset": 49, "length": 2}, "object": {"text": "", "offset": 0, "length": 0}, "subject": {"text": "", "offset": 0, "length": 0}}], "arguments": {"time": [{"text": "27\u65e5", "offset": 6, "length": 3}], "loc": [], "country": [{"text": "\u4f0a\u6717", "offset": 19, "length": 2}, {"text": "\u7f8e\u56fd", "offset": 24, "length": 2}], "weapon": [{"text": "\u822a\u7a7a\u6bcd\u8230", "offset": 26, "length": 4}]}}, {"sentence": "\u53e6\u6709\u5206\u6790\u8868\u793a\uff0c\u8fd1\u671f\u4f0a\u6717\u9a6c\u6c49\u822a\u7a7a\u4e00\u67b6\u98de\u5f80\u8d1d\u9c81\u7279\u7684\u5ba2\u673a\u88ab\u7f8e\u56fd\u4e24\u67b6\u6218\u6597\u673a\u4fb5\u6270\uff0c\u9020\u6210\u591a\u4eba\u53d7\u4f24\uff0c\u8be5\u4e8b\u4ef6\u8ba9\u7f8e\u4f0a\u5173\u7cfb\u53d8\u5f97\u66f4\u52a0\u7d27\u5f20\uff0c\u4f0a\u6717\u672c\u6b21\u519b\u6f14\u4e5f\u662f\u5bf9\u7f8e\u6218\u673a\u884c\u4e3a\u8fdb\u884c\u56de\u5e94\u3002", "events": [{"trigger": {"text": "\u98de\u5f80", "offset": 17, "length": 2}, "object": {"text": "", "offset": 0, "length": 0}, "subject": {"text": "", "offset": 0, "length": 0}}, {"trigger": {"text": "\u519b\u6f14", "offset": 62, "length": 2}, "object": {"text": "", "offset": 0, "length": 0}, "subject": {"text": "", "offset": 0, "length": 0}}], "arguments": {"time": [], "loc": [], "country": [{"text": "\u4f0a\u6717", "offset": 9, "length": 2}, {"text": "\u9c81\u7279", "offset": 0, "length": 2}, {"text": "\u7f8e\u56fd", "offset": 26, "length": 2}, {"text": "\u4f0a\u6717", "offset": 58, "length": 2}], "weapon": [{"text": "\u6218\u6597\u673a", "offset": 30, "length": 3}]}}, {"sentence": "\uff08\u603b\u53f0\u8bb0\u8005 \u674e\u5065\u5357\uff09", "events": [], "arguments": {"time": [], "loc": [], "country": [], "weapon": []}}]