[{"sentence": "\u4fc4\u6218\u673a\u4e00\u5468\u5185\u4e09\u6b21\u5728\u9ed1\u6d77\u4e0a\u7a7a\u62e6\u622a\u7f8e\u5de1\u903b\u673a\u00a0\u00a0\u79f0\u7f8e\u884c\u4e3a\u5177\u6311\u8845\u6027", "events": [{"trigger": {"text": "\u62e6\u622a", "offset": 13, "length": 2}, "subject": {"text": "\u4fc4\u6218\u673a", "offset": 0, "length": 3}, "object": {"text": "\u7f8e\u5de1\u903b\u673a\u00a0", "offset": 15, "length": 5}}], "arguments": {"time": [], "loc": [{"text": "\u9ed1\u6d77\u4e0a\u7a7a", "offset": 9, "length": 4}], "country": [{"text": "\u4fc4", "offset": 0, "length": 1}], "weapon": [{"text": "\u4fc4\u6218\u673a", "offset": 0, "length": 3}, {"text": "\u5de1\u903b\u673a", "offset": 0, "length": 3}]}}, {"sentence": "\u3010\u73af\u7403\u7f51\u62a5\u9053 \u89c1\u4e60\u8bb0\u8005 \u9a6c\u5ca9\u3011", "events": [], "arguments": {"time": [], "loc": [], "country": [], "weapon": []}}, {"sentence": "\u636e\u201c\u4eca\u65e5\u4fc4\u7f57\u65af\u201d\u7f51\u7ad97\u670827\u65e5\u62a5\u9053\uff0c\u4e00\u67b6\u7f8e\u56fdP-8A\u6d77\u4e0a\u5de1\u903b\u673a\u5f53\u5929\u5728\u9ed1\u6d77\u4e0a\u7a7a\u906d\u4fc4\u6218\u673a\u62e6\u622a\uff0c\u8fd9\u662f\u81ea\u4e0a\u5468\u56db\u4ee5\u6765\uff0c\u4fc4\u7f57\u65af\u6218\u673a\u8fde\u7eed\u7b2c\u4e09\u6b21\u5728\u9ed1\u6d77\u4e0a\u7a7a\u62e6\u622a\u7f8e\u56fd\u95f4\u8c0d\u98de\u673a\u3002", "events": [{"trigger": {"text": "\u62e6\u622a", "offset": 42, "length": 2}, "object": {"text": "", "offset": 0, "length": 0}, "subject": {"text": "", "offset": 0, "length": 0}}, {"trigger": {"text": "\u62e6\u622a", "offset": 69, "length": 2}, "object": {"text": "", "offset": 0, "length": 0}, "subject": {"text": "", "offset": 0, "length": 0}}], "arguments": {"time": [{"text": "7\u670827\u65e5", "offset": 10, "length": 5}], "loc": [{"text": "\u9ed1\u6d77\u4e0a\u7a7a", "offset": 65, "length": 4}, {"text": "\u9ed1\u6d77\u4e0a\u7a7a", "offset": 34, "length": 4}], "country": [{"text": "\u4fc4\u7f57\u65af", "offset": 54, "length": 3}, {"text": "\u7f8e\u56fd", "offset": 71, "length": 2}, {"text": "\u4fc4\u7f57\u65af", "offset": 4, "length": 3}, {"text": "\u7f8e\u56fd", "offset": 20, "length": 2}], "weapon": [{"text": "P-8A\u6d77\u4e0a\u5de1\u903b\u673a", "offset": 22, "length": 9}]}}, {"sentence": "\u5f53\u5929\uff0c\u4fc4\u7f57\u65af\u519b\u65b9\u96f7\u8fbe\u53d1\u73b0\u6709\u7a7a\u4e2d\u76ee\u6807\u63a5\u8fd1\u5176\u8fb9\u5883\uff0c\u968f\u540e\u6d3e\u51fa\u82cf-27\u6218\u6597\u673a\u4e88\u4ee5\u62e6\u622a\u4f34\u98de\uff0c\u5e76\u786e\u8ba4\u8fd9\u662f\u4e00\u67b6\u7f8e\u56fdP-8A\u201c\u6d77\u795e\u201d\u6d77\u4e0a\u5de1\u903b\u673a\u3002", "events": [{"trigger": {"text": "\u62e6\u622a\u4f34\u98de", "offset": 36, "length": 4}, "object": {"text": "", "offset": 0, "length": 0}, "subject": {"text": "", "offset": 0, "length": 0}}], "arguments": {"time": [], "loc": [], "country": [{"text": "\u4fc4\u7f57\u65af", "offset": 3, "length": 3}, {"text": "\u7f8e\u56fd", "offset": 48, "length": 2}], "weapon": [{"text": "\u82cf-27\u6218\u6597\u673a", "offset": 27, "length": 7}, {"text": "P-8A\u201c\u6d77\u795e\u201d\u6d77\u4e0a\u5de1\u903b\u673a", "offset": 50, "length": 13}]}}, {"sentence": "\u906d\u9047\u4fc4\u6218\u673a\u62e6\u622a\u540e\uff0c\u7f8e\u56fd\u7684P-8A\u6539\u53d8\u822a\u5411\uff0c\u8fdc\u79bb\u4e86\u4fc4\u7f57\u65af\u9886\u7a7a\uff0c\u968f\u540e\u7f8e\u56fd\u7684\u82cf-27\u4e5f\u5b89\u5168\u8fd4\u56de\u57fa\u5730\u3002", "events": [{"trigger": {"text": "\u8fd4\u56de", "offset": 42, "length": 2}, "object": {"text": "", "offset": 0, "length": 0}, "subject": {"text": "", "offset": 0, "length": 0}}], "arguments": {"time": [], "loc": [], "country": [{"text": "\u7f8e\u56fd", "offset": 9, "length": 2}, {"text": "\u4fc4\u7f57\u65af", "offset": 24, "length": 3}, {"text": "\u7f8e\u56fd", "offset": 32, "length": 2}], "weapon": [{"text": "P-8A", "offset": 12, "length": 4}, {"text": "\u82cf-27", "offset": 35, "length": 4}]}}, {"sentence": "\u201c\u4fc4\u7f57\u65af\u7684\u8fb9\u5883\u7edd\u5bf9\u4e0d\u5bb9\u4fb5\u72af\u3002", "events": [{"trigger": {"text": "\u4fb5\u72af", "offset": 11, "length": 2}, "object": {"text": "", "offset": 0, "length": 0}, "subject": {"text": "", "offset": 0, "length": 0}}], "arguments": {"time": [], "loc": [], "country": [{"text": "\u4fc4\u7f57\u65af", "offset": 1, "length": 3}], "weapon": []}}, {"sentence": "\u201d\u4fc4\u7f57\u65af\u56fd\u9632\u90e8\u5728\u58f0\u660e\u4e2d\u8868\u793a\u3002", "events": [], "arguments": {"time": [], "loc": [{"text": "\u4fc4\u7f57\u65af\u56fd\u9632\u90e8", "offset": 1, "length": 6}], "country": [], "weapon": []}}, {"sentence": "\u4e0a\u5468\u56db\u548c\u5468\u4e94\uff0c\u7f8e\u56fd\u4e5f\u5148\u540e\u4e24\u6b21\u6d3e\u51faP-8A\u5728\u4fc4\u7f57\u65af\u8fb9\u5883\u7684\u9ed1\u6d77\u4e0a\u7a7a\u5de1\u822a\uff0c\u5e76\u88ab\u4fc4\u6218\u673a\u9a71\u79bb\u3002", "events": [{"trigger": {"text": "\u5de1\u822a", "offset": 31, "length": 2}, "object": {"text": "", "offset": 0, "length": 0}, "subject": {"text": "", "offset": 0, "length": 0}}], "arguments": {"time": [{"text": "\u4e0a\u5468\u56db", "offset": 0, "length": 3}, {"text": "\u5468\u4e94", "offset": 4, "length": 2}], "loc": [{"text": "\u9ed1\u6d77\u4e0a\u7a7a", "offset": 27, "length": 4}], "country": [{"text": "\u7f8e\u56fd", "offset": 7, "length": 2}], "weapon": [{"text": "P-8A", "offset": 16, "length": 4}, {"text": "\u4fc4\u6218\u673a", "offset": 36, "length": 3}]}}, {"sentence": "\u81ea2014\u5e74\u4ee5\u6765\uff0c\u7f8e\u56fd\u7684\u4fa6\u5bdf\u673a\u548c\u8fdc\u7a0b\u8f70\u70b8\u673a\uff0c\u4ee5\u53ca\u5176\u5b83\u5317\u7ea6\u56fd\u5bb6\u7684\u98de\u673a\u9891\u7e41\u51fa\u73b0\u5728\u4fc4\u7f57\u65af\u8fb9\u5883\u9644\u8fd1\uff0c\u4fc4\u7f57\u65af\u653f\u5e9c\u8ba4\u4e3a\u8fd9\u79cd\u884c\u4e3a\u5177\u6709\u6311\u8845\u6027\u3002", "events": [{"trigger": {"text": "\u51fa\u73b0\u5728", "offset": 35, "length": 3}, "object": {"text": "", "offset": 0, "length": 0}, "subject": {"text": "", "offset": 0, "length": 0}}], "arguments": {"time": [], "loc": [{"text": "\u4fc4\u7f57\u65af\u8fb9\u5883", "offset": 38, "length": 5}], "country": [{"text": "\u7f8e\u56fd", "offset": 9, "length": 2}, {"text": "\u5317\u7ea6", "offset": 26, "length": 2}, {"text": "\u4fc4\u7f57\u65af", "offset": 46, "length": 3}], "weapon": [{"text": "\u4fa6\u5bdf\u673a", "offset": 12, "length": 3}, {"text": "\u8fdc\u7a0b\u8f70\u70b8\u673a", "offset": 16, "length": 5}]}}]