[{"sentence": "\u65e5\u672c\u81ea\u536b\u961f\u9996\u6b21\u62cd\u5356\u6dd8\u6c70\u88c5\u5907\uff0c\u539f\u672c\u60f3\u5356\u51fa\u591f\u4e70\u4e00\u67b6F-35\u7684\u94b1\uff0c\u7ed3\u679c\u2026\u2026", "events": [{"trigger": {"text": "\u5356\u51fa\u591f\u4e70", "offset": 17, "length": 4}, "object": {"text": "", "offset": 0, "length": 0}, "subject": {"text": "", "offset": 0, "length": 0}}], "arguments": {"time": [], "loc": [], "country": [{"text": "\u65e5\u672c", "offset": 0, "length": 2}], "weapon": [{"text": "F-35", "offset": 23, "length": 4}]}}, {"sentence": "\u3010\u73af\u7403\u7f51\u519b\u4e8b\u62a5\u9053\u3011", "events": [], "arguments": {"time": [], "loc": [], "country": [], "weapon": []}}, {"sentence": "\u636e\u65e5\u672c\u5171\u540c\u793e7\u670826\u65e5\u62a5\u9053\uff0c\u65e5\u672c\u9632\u536b\u88c5\u5907\u538526\u65e5\u9996\u6b21\u8fdb\u884c\u5df2\u6dd8\u6c70\u7684\u81ea\u536b\u961f\u88c5\u5907\u62cd\u5356\uff0c\u76ee\u7684\u662f\u786e\u4fdd\u8d22\u6e90\u6536\u5165\u3002", "events": [{"trigger": {"text": "\u6dd8\u6c70", "offset": 29, "length": 2}, "object": {"text": "", "offset": 0, "length": 0}, "subject": {"text": "", "offset": 0, "length": 0}}], "arguments": {"time": [{"text": "7\u670826\u65e5", "offset": 6, "length": 5}], "loc": [{"text": "\u65e5\u672c\u9632\u536b\u88c5\u5907\u5385", "offset": 14, "length": 7}], "country": [{"text": "\u65e5\u672c", "offset": 14, "length": 2}, {"text": "\u65e5\u672c", "offset": 1, "length": 2}], "weapon": []}}, {"sentence": "\u9632\u536b\u88c5\u5907\u5385\u62cd\u5356\u4e86\u6625\u5b63\u9000\u5f79\u7684\u8bad\u7ec3\u8230\u201c\u5c71\u96ea\u201d\u53f7\u7684\u8235\u8f6e\uff0c\u4ee5\u53ca\u6210\u5957\u7684\u98de\u884c\u5458\u5934\u76d4\u548c\u6c27\u6c14\u9762\u7f69\u53ca\u80cc\u5305\u7b49\u3002", "events": [{"trigger": {"text": "\u8bad\u7ec3", "offset": 13, "length": 2}, "object": {"text": "", "offset": 0, "length": 0}, "subject": {"text": "", "offset": 0, "length": 0}}], "arguments": {"time": [], "loc": [], "country": [], "weapon": [{"text": "\u201c\u5c71\u96ea\u201d\u53f7", "offset": 16, "length": 5}]}}, {"sentence": "\u6210\u4ea4\u603b\u989d\u4e3a\u4e0d\u542b\u7a0e581.8\u4e07\u65e5\u5143\uff08\u7ea6\u5408\u4eba\u6c11\u5e0138.5\u4e07\u5143\uff09\uff0c\u9632\u536b\u76f8\u6cb3\u91ce\u592a\u90ce\u5bf9\u6b64\u8868\u793a\u6ee1\u610f\uff0c\u201c\u62cd\u51fa\u4e86\u6bd4\u60f3\u8c61\u66f4\u9ad8\u7684\u4ef7\u683c\u201d\u3002", "events": [], "arguments": {"time": [], "loc": [], "country": [], "weapon": []}}, {"sentence": "\u672c\u6b21\u62cd\u5356\u5728\u65e5\u672c\u9632\u536b\u7701\u7684\u8bb2\u5802\u4e3e\u884c\uff0c176\u4eba\u53c2\u52a0\u3002", "events": [], "arguments": {"time": [], "loc": [{"text": "\u65e5\u672c\u9632\u536b\u7701\u7684\u8bb2\u5802", "offset": 5, "length": 8}], "country": [{"text": "\u65e5\u672c", "offset": 5, "length": 2}], "weapon": []}}, {"sentence": "\u201c\u5c71\u96ea\u201d\u53f7\u7684\u8235\u8f6e\u4ee52\u4e07\u65e5\u5143\uff08\u7ea61325\u5143\u4eba\u6c11\u5e01\uff09\u8d77\u62cd\uff0c\u6700\u540e52\u4e07\u65e5\u5143\uff08\u7ea634460\u4eba\u6c11\u5e01\uff09\u6210\u4ea4\u3002", "events": [], "arguments": {"time": [], "loc": [], "country": [], "weapon": [{"text": "\u201c\u5c71\u96ea\u201d\u53f7", "offset": 0, "length": 5}]}}, {"sentence": "\u6210\u5957\u5934\u76d4\u4ee566\u4e07\u65e5\u5143\uff08\u7ea643738\u5143\u4eba\u6c11\u5e01\uff09\u7684\u5f53\u5929\u6700\u9ad8\u4ef7\u6210\u4ea4\u3002", "events": [], "arguments": {"time": [], "loc": [], "country": [], "weapon": []}}, {"sentence": "\u4e0d\u8fc7\u57287\u6708\u521d\u7684\u9884\u70ed\u5ba3\u4f20\u4e2d\uff0c\u6cb3\u91ce\u66fe\u8868\u793a\u5e0c\u671b\u80fd\u591f\u7b79\u5230\u4e00\u67b6F-35\u6218\u673a\u7684\u94b1\u3002", "events": [], "arguments": {"time": [{"text": "7\u6708\u521d", "offset": 3, "length": 3}], "loc": [], "country": [], "weapon": [{"text": "F-35\u6218\u673a", "offset": 26, "length": 6}]}}, {"sentence": "\u636e\u65e5\u672cTBS\u7535\u89c6\u53f07\u67083\u65e5\u7684\u62a5\u9053\uff0c\u6cb3\u91ce\u8868\u793a\u201c\u901a\u8fc7\u5404\u79cd\u5c1d\u8bd5\uff0c\u5e0c\u671b\u80fd\u7b79\u5230\u4e00\u67b6F35\u6218\u673a\u7684\u94b1\uff08\u4ef7\u683c\u7ea6\u4e3a6.6\u4ebf\u4eba\u6c11\u5e01\uff09\u201d\u3002", "events": [], "arguments": {"time": [{"text": "7\u67083\u65e5", "offset": 9, "length": 4}], "loc": [], "country": [{"text": "\u65e5\u672c", "offset": 1, "length": 2}], "weapon": [{"text": "F35\u6218\u673a", "offset": 36, "length": 5}]}}, {"sentence": "\u4ece\u6700\u540e581.8\u4e07\u65e5\u5143\uff08\u7ea6\u5408\u4eba\u6c11\u5e0138.5\u4e07\u5143\uff09\u7684\u6210\u4ea4\u603b\u989d\u6765\u770b\uff0c\u8ddd\u79bb\u591f\u4e70\u4e00\u67b6F-35\u6218\u6597\u673a\u7684\u76ee\u6807\u8fd8\u6709\u5f88\u5927\u5dee\u8ddd\u3002", "events": [{"trigger": {"text": "\u4e70", "offset": 35, "length": 1}, "subject": {"text": "", "offset": 0, "length": 0}, "object": {"text": "", "offset": 0, "length": 0}}], "arguments": {"time": [], "loc": [], "country": [], "weapon": [{"text": "F-35\u6218\u6597\u673a", "offset": 38, "length": 7}]}}, {"sentence": "\u6cb3\u91ce\u5728\u62cd\u5356\u4f0a\u59cb\u5ba3\u4f20\u79f0\uff1a\u201c\u8fc4\u4eca\u4e3a\u6b62\uff08\u88c5\u5907\uff09\u90fd\u662f\u5206\u89e3\u4e3a\u788e\u7247\uff0c\u50cf\u5e9f\u94c1\u4e00\u6837\u5356\u6389\u3002", "events": [], "arguments": {"time": [], "loc": [], "country": [], "weapon": []}}, {"sentence": "\u5982\u679c\u80fd\u5356\u7ed9\u6709\u5174\u8da3\u7684\u4eba\uff0c\u5e76\u4e14\u80fd\u5356\u51fa\u4e00\u4e9b\u94b1\uff0c\u5219\u662f\u4e00\u4e3e\u4e24\u5f97\u3002", "events": [], "arguments": {"time": [], "loc": [], "country": [], "weapon": []}}, {"sentence": "\u201d", "events": [], "arguments": {"time": [], "loc": [], "country": [], "weapon": []}}, {"sentence": "\u4eca\u540e\u8ba1\u5212\u6269\u5927\u62cd\u5356\u8303\u56f4\u5305\u62ec\u7f51\u4e0a\u7ade\u62cd\u7b49\u3002", "events": [], "arguments": {"time": [], "loc": [], "country": [], "weapon": []}}, {"sentence": "\u636e\u79f0\u5c06\u4e0e\u8d22\u52a1\u7701\u5546\u91cf\uff0c\u62df\u628a\u672c\u6b21\u7684\u62cd\u5356\u989d\u7528\u4e8e\u6539\u5584\u81ea\u536b\u961f\u5458\u7684\u751f\u6d3b\u548c\u5de5\u4f5c\u73af\u5883\u3002", "events": [], "arguments": {"time": [], "loc": [], "country": [], "weapon": []}}, {"sentence": "\u6b64\u6b21\u7ade\u62cd\u6709590\u4eba\u62a5\u540d\uff0c\u901a\u8fc7\u62bd\u7b7e\u9009\u51fa450\u4eba\uff0c\u4f46\u8003\u8651\u5230\u4e1c\u4eac\u90fd\u65b0\u51a0\u75ab\u60c5\u6b63\u5728\u8513\u5ef6\uff0c\u6cb3\u91ce\u547c\u5401\u4e0d\u8981\u4ece\u90fd\u5916\u524d\u6765\u53c2\u52a0\u3002", "events": [], "arguments": {"time": [], "loc": [], "country": [], "weapon": []}}]