[{"sentence": "\u7f8e\u519b\u53c8\u6d3e\u4e24\u67b6\u519b\u673a\u8fdb\u5165\u5357\u6d77\u4fa6\u5bdf\uff0c\u53f0\u5a92\uff1a\u8fde\u7eed\u7b2c12\u5929\u73b0\u8eab\u5df4\u58eb\u6d77\u5ce1", "events": [{"trigger": {"text": "\u4fa6\u5bdf", "offset": 12, "length": 2}, "object": {"text": "", "offset": 0, "length": 0}, "subject": {"text": "", "offset": 0, "length": 0}}, {"trigger": {"text": "\u73b0\u8eab", "offset": 24, "length": 2}, "object": {"text": "", "offset": 0, "length": 0}, "subject": {"text": "", "offset": 0, "length": 0}}], "arguments": {"time": [], "loc": [{"text": "\u5357\u6d77", "offset": 10, "length": 2}, {"text": "\u5df4\u58eb\u6d77\u5ce1", "offset": 26, "length": 4}], "country": [{"text": "\u7f8e", "offset": 0, "length": 1}], "weapon": [{"text": "\u519b\u673a", "offset": 6, "length": 2}]}}, {"sentence": "\u3010\u73af\u7403\u7f51\u62a5\u9053 \u8bb0\u8005 \u674e\u4e1c\u5c27\u3011", "events": [], "arguments": {"time": [], "loc": [], "country": [], "weapon": []}}, {"sentence": "\u8fd1\u671f\u7f8e\u56fd\u519b\u673a\u9891\u7e41\u8fdb\u5165\u4e2d\u56fd\u8fd1\u6d77\u4e0a\u7a7a\uff0c7\u670826\u65e5\uff0c\u6839\u636e\u201c\u5357\u6d77\u6218\u7565\u6001\u52bf\u611f\u77e5\u8ba1\u5212\u201d\u5e73\u53f0\u5728\u63a8\u7279\u4e0a\u53d1\u5e03\u7684\u6d88\u606f\uff0c\u4e00\u67b6\u96b6\u5c5e\u4e8e\u7f8e\u56fd\u7a7a\u519b\u7684E-8C\u201c\u8054\u5408\u661f\u201d\u98de\u673a\u4e0e\u4e00\u67b6\u96b6\u5c5e\u4e8e\u7f8e\u56fd\u6d77\u519bEP-3E\u7535\u5b50\u4fa6\u5bdf\u673a\u5f53\u5929\u51fa\u73b0\u5728\u53f0\u6e7e\u5c9b\u4ee5\u5357\u7684\u5357\u6d77\u6d77\u57df\uff0c\u5e76\u5411\u897f\u98de\u884c\u3002", "events": [{"trigger": {"text": "\u9891\u7e41\u8fdb\u5165", "offset": 6, "length": 4}, "object": {"text": "", "offset": 0, "length": 0}, "subject": {"text": "", "offset": 0, "length": 0}}, {"trigger": {"text": "\u51fa\u73b0\u5728", "offset": 92, "length": 3}, "object": {"text": "", "offset": 0, "length": 0}, "subject": {"text": "", "offset": 0, "length": 0}}, {"trigger": {"text": "\u98de\u884c", "offset": 109, "length": 2}, "object": {"text": "", "offset": 0, "length": 0}, "subject": {"text": "", "offset": 0, "length": 0}}], "arguments": {"time": [{"text": "7\u670826\u65e5", "offset": 17, "length": 5}], "loc": [{"text": "\u53f0\u6e7e\u5c9b\u4ee5\u5357\u7684\u5357\u6d77\u6d77\u57df", "offset": 95, "length": 10}, {"text": "\u5357\u6d77", "offset": 26, "length": 2}], "country": [{"text": "\u7f8e\u56fd", "offset": 76, "length": 2}, {"text": "\u7f8e\u56fd", "offset": 2, "length": 2}, {"text": "\u4e2d\u56fd", "offset": 10, "length": 2}, {"text": "\u7f8e\u56fd", "offset": 54, "length": 2}], "weapon": [{"text": "E-8C\u201c\u8054\u5408\u661f\u201d\u98de\u673a", "offset": 59, "length": 11}, {"text": "EP-3E\u7535\u5b50\u4fa6\u5bdf\u673a", "offset": 80, "length": 10}]}}, {"sentence": "\u53f0\u6e7e\u4eb2\u7eff\u5a92\u4f53\u201c\u81ea\u7531\u65f6\u62a5\u201d\u62a5\u9053\u79f0\uff0c15\u65e5\u8d77\u81f3\u4eca\u5929\u4e3a\u6b62\uff0c\u8fd9\u5df2\u662f\u7f8e\u519b\u673a\u8fde\u7eed\u7b2c12\u5929\u73b0\u8eab\u5df4\u58eb\u6d77\u5ce1\u5411\u5357\u6d77\u8fdb\u884c\u4fa6\u5bdf\u3002", "events": [{"trigger": {"text": "\u4fa6\u5bdf", "offset": 49, "length": 2}, "subject": {"text": "\u7f8e\u519b\u673a", "offset": 29, "length": 3}, "object": {"text": "\u5357\u6d77", "offset": 45, "length": 2}}], "arguments": {"time": [{"text": "15\u65e5", "offset": 16, "length": 3}], "loc": [{"text": "\u5df4\u58eb\u6d77\u5ce1", "offset": 40, "length": 4}, {"text": "\u5357\u6d77", "offset": 45, "length": 2}], "country": [{"text": "\u53f0\u6e7e", "offset": 0, "length": 2}], "weapon": []}}, {"sentence": "\u622a\u81f3\u76ee\u524d\uff0c\u7f8e\u56fd\u519b\u65b9\u5c1a\u672a\u5c31\u6b64\u6b21\u98de\u884c\u884c\u52a8\u8fdb\u884c\u8868\u6001\u6216\u4e88\u4ee5\u8bc1\u5b9e\u3002", "events": [{"trigger": {"text": "\u98de\u884c", "offset": 14, "length": 2}, "object": {"text": "", "offset": 0, "length": 0}, "subject": {"text": "", "offset": 0, "length": 0}}], "arguments": {"time": [], "loc": [], "country": [{"text": "\u7f8e\u56fd", "offset": 5, "length": 2}], "weapon": []}}, {"sentence": "\u636e\u6b64\u524d\u62a5\u9053\uff0cE-8C\u201c\u8054\u5408\u661f\u201d\u98de\u673a\u8fd1\u671f\u9891\u7e41\u5728\u5357\u6d77\u6d3b\u52a8\u3002", "events": [], "arguments": {"time": [], "loc": [{"text": "\u5357\u6d77", "offset": 22, "length": 2}], "country": [], "weapon": [{"text": "E-8C\u201c\u8054\u5408\u661f\u201d\u98de\u673a", "offset": 6, "length": 11}]}}, {"sentence": "\u672c\u6708\u8be5\u673a\u66fe\u591a\u6b21\u73b0\u8eab\u5357\u6d77\u4e0a\u7a7a\uff0c\u5206\u522b\u662f\u57287\u670813\u65e5\u30017\u670815\u65e5\u30017\u670817\u65e5\u4e0e7\u670821\u65e5\u3002", "events": [{"trigger": {"text": "\u73b0\u8eab", "offset": 7, "length": 2}, "object": {"text": "", "offset": 0, "length": 0}, "subject": {"text": "", "offset": 0, "length": 0}}], "arguments": {"time": [{"text": "7\u670813\u65e5", "offset": 18, "length": 5}, {"text": "7\u670815\u65e5", "offset": 24, "length": 5}, {"text": "7\u670817\u65e5", "offset": 30, "length": 5}, {"text": "7\u670821\u65e5", "offset": 36, "length": 5}], "loc": [{"text": "\u5357\u6d77\u4e0a\u7a7a", "offset": 9, "length": 4}], "country": [], "weapon": []}}, {"sentence": "\u800c7\u67088\u65e5\u4e0a\u5348\uff0c\u7f8e\u519b\u4e5f\u66fe\u6d3e\u51fa\u4e00\u67b6EP-3E\u7535\u5b50\u4fa6\u5bdf\u673a\uff0c\u8fd9\u67b6\u4fa6\u5bdf\u673a\u98de\u7ecf\u5df4\u58eb\u6d77\u5ce1\uff0c\u7531\u5357\u5f80\u5317\u9760\u8fd1\u6240\u8c13\u201c\u53f0\u6d77\u4e2d\u7ebf\u201d\u540e\uff0c\u518d\u6298\u5f80\u897f\u5357\u98de\u884c\uff0c\u5bf9\u5e7f\u4e1c\u6cbf\u5cb8\u8fdb\u884c\u62b5\u8fd1\u4fa6\u5bdf\u3002", "events": [{"trigger": {"text": "\u62b5\u8fd1\u4fa6\u5bdf", "offset": 70, "length": 4}, "object": {"text": "", "offset": 0, "length": 0}, "subject": {"text": "", "offset": 0, "length": 0}}], "arguments": {"time": [{"text": "7\u67088\u65e5\u4e0a\u5348", "offset": 1, "length": 6}], "loc": [{"text": "\u5df4\u58eb\u6d77\u5ce1", "offset": 34, "length": 4}, {"text": "\u201c\u53f0\u6d77\u4e2d\u7ebf\u201d", "offset": 47, "length": 6}, {"text": "\u5e7f\u4e1c\u6cbf\u5cb8", "offset": 64, "length": 4}], "country": [{"text": "\u7f8e", "offset": 8, "length": 1}], "weapon": [{"text": "EP-3E\u7535\u5b50\u4fa6\u5bdf\u673a", "offset": 16, "length": 10}]}}, {"sentence": "\u7f8e\u56fd\u7a7a\u519b\u88c5\u5907\u7684E-8C\u201c\u8054\u5408\u661f\u201d\u98de\u673a\u662f\u4e00\u6b3e\u7a7a\u5730\u76d1\u89c6\u98de\u673a\u3002", "events": [{"trigger": {"text": "\u76d1\u89c6", "offset": 23, "length": 2}, "object": {"text": "", "offset": 0, "length": 0}, "subject": {"text": "", "offset": 0, "length": 0}}], "arguments": {"time": [], "loc": [], "country": [{"text": "\u7f8e\u56fd", "offset": 0, "length": 2}], "weapon": [{"text": "E-8C\u201c\u8054\u5408\u661f\u201d\u98de\u673a", "offset": 7, "length": 11}]}}, {"sentence": "\u8be5\u673a\u578b\u5168\u79f0\u4e3a\u201c\u8054\u5408\u76d1\u89c6\u76ee\u6807\u653b\u51fb\u96f7\u8fbe\u7cfb\u7edf\u201d\uff08JointSTARS\uff09\uff0c\u642d\u8f7d\u6709\u7f8e\u519b\u6700\u5148\u8fdb\u7684\u673a\u8f7d\u5bf9\u5730\u76d1\u89c6\u3001\u76ee\u6807\u641c\u7d22\u548c\u6218\u573a\u7ba1\u7406\u7cfb\u7edf\uff0c\u582a\u79f0\u7f8e\u519b\u7a7a\u5730\u4e00\u4f53\u4f5c\u6218\u7684\u201c\u4e2d\u67a2\u795e\u7ecf\u201d\u3002", "events": [{"trigger": {"text": "\u76d1\u89c6", "offset": 9, "length": 2}, "object": {"text": "", "offset": 0, "length": 0}, "subject": {"text": "", "offset": 0, "length": 0}}, {"trigger": {"text": "\u76d1\u89c6", "offset": 46, "length": 2}, "object": {"text": "", "offset": 0, "length": 0}, "subject": {"text": "", "offset": 0, "length": 0}}, {"trigger": {"text": "\u653b\u51fb", "offset": 13, "length": 2}, "object": {"text": "", "offset": 0, "length": 0}, "subject": {"text": "", "offset": 0, "length": 0}}], "arguments": {"time": [], "loc": [], "country": [], "weapon": []}}, {"sentence": "\u8be5\u673a\u53ef\u4ee5\u5728\u9632\u533a\u5916\u5bf9\u5730\u9762\u76ee\u6807\u8fdb\u884c\u63a2\u6d4b\u3001\u8bc6\u522b\u3001\u5206\u7c7b\uff0c\u5e76\u5b9e\u65f6\u5c06\u6570\u636e\u4f20\u9012\u7ed9\u540e\u65b9\u6307\u6325\u6240\u3002", "events": [], "arguments": {"time": [], "loc": [], "country": [], "weapon": []}}, {"sentence": "\u5bf9\u4e8e\u7f8e\u519b\u8230\u673a\u7684\u62b5\u8fd1\u4fa6\u5bdf\u884c\u4e3a\uff0c\u5927\u9646\u56fd\u9632\u90e8\u65b0\u95fb\u53d1\u8a00\u4eba\u5434\u8c26\u5927\u6821\u57286\u6708\u56fd\u9632\u90e8\u4f8b\u884c\u8bb0\u8005\u4f1a\u8868\u793a\uff0c\u5f53\u524d\uff0c\u5728\u5730\u533a\u56fd\u5bb6\u7684\u5171\u540c\u52aa\u529b\u4e0b\uff0c\u4e1c\u6d77\u3001\u5357\u6d77\u7684\u5c40\u52bf\u603b\u4f53\u662f\u7a33\u5b9a\u7684\u3002", "events": [{"trigger": {"text": "\u62b5\u8fd1\u4fa6\u5bdf", "offset": 7, "length": 4}, "object": {"text": "", "offset": 0, "length": 0}, "subject": {"text": "", "offset": 0, "length": 0}}], "arguments": {"time": [{"text": "6\u6708", "offset": 29, "length": 2}], "loc": [{"text": "\u4e1c\u6d77", "offset": 57, "length": 2}, {"text": "\u5357\u6d77", "offset": 60, "length": 2}], "country": [{"text": "\u7f8e", "offset": 2, "length": 1}], "weapon": [{"text": "\u8230\u673a", "offset": 4, "length": 2}]}}, {"sentence": "\u8fd9\u5145\u5206\u8bf4\u660e\u57df\u5185\u56fd\u5bb6\u6709\u667a\u6167\u3001\u6709\u80fd\u529b\u3001\u6709\u529e\u6cd5\u901a\u8fc7\u76f4\u63a5\u8c08\u5224\u534f\u5546\uff0c\u59a5\u5904\u5206\u6b67\uff0c\u5171\u62a4\u548c\u5e73\u3002", "events": [], "arguments": {"time": [], "loc": [], "country": [], "weapon": []}}, {"sentence": "\u53cd\u89c2\u4f5c\u4e3a\u57df\u5916\u56fd\u5bb6\u7684\u7f8e\u56fd\uff0c\u6253\u7740\u6240\u8c13\u201c\u822a\u884c\u81ea\u7531\u201d\u7684\u5e4c\u5b50\uff0c\u6d3e\u519b\u7528\u8230\u673a\u6765\u4e1c\u6d77\u3001\u5357\u6d77\u6311\u8845\uff0c\u5bf9\u4e2d\u65b9\u5b9e\u65bd\u9ad8\u9891\u5ea6\u62b5\u8fd1\u4fa6\u5bdf\uff0c\u4e3e\u884c\u9488\u5bf9\u6027\u6781\u5f3a\u7684\u519b\u4e8b\u6f14\u4e60\uff0c\u4e25\u91cd\u5371\u5bb3\u5730\u533a\u56fd\u5bb6\u7684\u4e3b\u6743\u4e0e\u5b89\u5168\u5229\u76ca\uff0c\u4e25\u91cd\u7834\u574f\u672c\u5730\u533a\u7684\u548c\u5e73\u7a33\u5b9a\u3002", "events": [{"trigger": {"text": "\u62b5\u8fd1\u4fa6\u5bdf", "offset": 48, "length": 4}, "object": {"text": "", "offset": 0, "length": 0}, "subject": {"text": "", "offset": 0, "length": 0}}, {"trigger": {"text": "\u519b\u4e8b\u6f14\u4e60", "offset": 61, "length": 4}, "object": {"text": "", "offset": 0, "length": 0}, "subject": {"text": "", "offset": 0, "length": 0}}], "arguments": {"time": [], "loc": [{"text": "\u4e1c\u6d77", "offset": 32, "length": 2}, {"text": "\u5357\u6d77", "offset": 35, "length": 2}], "country": [{"text": "\u7f8e\u56fd", "offset": 9, "length": 2}, {"text": "\u4e2d\u65b9", "offset": 41, "length": 2}], "weapon": []}}, {"sentence": "\u5bf9\u4e8e\u7f8e\u519b\u8230\u673a\u7684\u62b5\u8fd1\u4fa6\u5bdf\u884c\u4e3a\uff0c\u4e2d\u56fd\u519b\u4e8b\u4e13\u5bb6\u5b8b\u5fe0\u5e737\u67088\u65e5\u5728\u63a5\u53d7\u300a\u73af\u7403\u65f6\u62a5\u300b\u91c7\u8bbf\u65f6\u8868\u793a\uff0c\u89e3\u653e\u519b\u53ef\u4ee5\u91c7\u53d6\u62b5\u8fd1\u62e6\u622a\u7684\u65b9\u5f0f\uff0c\u5bf9\u62b5\u8fd1\u4fa6\u5bdf\u7684\u7f8e\u519b\u673a\u8fdb\u884c\u5e72\u6270\uff0c\u8ba9\u5bf9\u65b9\u65e0\u6cd5\u4e13\u5fc3\u5de5\u4f5c\u3002", "events": [{"trigger": {"text": "\u62b5\u8fd1\u4fa6\u5bdf", "offset": 7, "length": 4}, "object": {"text": "", "offset": 0, "length": 0}, "subject": {"text": "", "offset": 0, "length": 0}}, {"trigger": {"text": "\u62b5\u8fd1\u4fa6\u5bdf", "offset": 58, "length": 4}, "object": {"text": "", "offset": 0, "length": 0}, "subject": {"text": "", "offset": 0, "length": 0}}, {"trigger": {"text": "\u62b5\u8fd1\u62e6\u622a", "offset": 49, "length": 4}, "object": {"text": "", "offset": 0, "length": 0}, "subject": {"text": "", "offset": 0, "length": 0}}, {"trigger": {"text": "\u62b5\u8fd1", "offset": 49, "length": 2}, "object": {"text": "", "offset": 0, "length": 0}, "subject": {"text": "", "offset": 0, "length": 0}}, {"trigger": {"text": "\u62e6\u622a", "offset": 51, "length": 2}, "object": {"text": "", "offset": 0, "length": 0}, "subject": {"text": "", "offset": 0, "length": 0}}], "arguments": {"time": [{"text": "7\u67088\u65e5", "offset": 23, "length": 4}], "loc": [], "country": [{"text": "\u4e2d\u56fd", "offset": 14, "length": 2}], "weapon": []}}, {"sentence": "\u53e6\u4e00\u65b9\u9762\uff0c\u5f53\u5bf9\u65b9\u4fa6\u5bdf\u673a\u63a5\u8fd1\u6211\u56fd\u76f8\u5173\u7a7a\u57df\u65f6\uff0c\u89e3\u653e\u519b\u4e5f\u53ef\u4ee5\u6682\u505c\u4e00\u4e9b\u519b\u4e8b\u6d3b\u52a8\uff0c\u964d\u4f4e\u7535\u78c1\u9891\u8c31\u4fe1\u53f7\u88ab\u622a\u83b7\u7684\u6982\u7387\u3002", "events": [{"trigger": {"text": "\u622a\u83b7", "offset": 45, "length": 2}, "object": {"text": "", "offset": 0, "length": 0}, "subject": {"text": "", "offset": 0, "length": 0}}], "arguments": {"time": [], "loc": [], "country": [], "weapon": [{"text": "\u4fa6\u5bdf\u673a", "offset": 8, "length": 3}]}}]