[{"sentence": "\u519b\u7f51\u7f51\u8bc4\uff1a\u6d2a\u6c34\u4e2d\u7262\u4e0d\u53ef\u7834\u7684\u201c\u94a2\u94c1\u5927\u5824\u201d", "events": [], "arguments": {"time": [], "loc": [], "country": [], "weapon": []}}, {"sentence": "\u519b\u7f51\u7f51\u8bc4\uff1a\u6d2a\u6c34\u4e2d\u7262\u4e0d\u53ef\u7834\u7684\u201c\u94a2\u94c1\u5927\u5824\u201d", "events": [], "arguments": {"time": [], "loc": [], "country": [], "weapon": []}}, {"sentence": "\u25a0\u515a\u6653\u519b", "events": [], "arguments": {"time": [], "loc": [], "country": [], "weapon": []}}, {"sentence": "\u4eca\u590f\u5165\u6c5b\u4ee5\u6765\uff0c\u5168\u56fd\u5404\u5730\u8fde\u964d\u66b4\u96e8\uff0c\u7a7a\u524d\u6c5b\u60c5\u4e25\u91cd\u5a01\u80c1\u5357\u65b9\u5404\u7701\u7fa4\u4f17\u751f\u547d\u8d22\u4ea7\u5b89\u5168\uff0c\u957f\u6c5f\u3001\u6dee\u6cb3\u3001\u9131\u9633\u6e56\u7b49\u6cb3\u6d41\u6cbf\u5cb8\u5927\u5824\u7eb7\u7eb7\u544a\u6025\u3002", "events": [], "arguments": {"time": [], "loc": [], "country": [], "weapon": []}}, {"sentence": "\u5728\u6b64\u65f6\u523b\uff0c\u82f1\u52c7\u7684\u4eba\u6c11\u5b50\u5f1f\u5175\u575a\u51b3\u54cd\u5e94\u4e60\u4e3b\u5e2d\u53f7\u53ec\uff0c\u7528\u5f92\u6b65\u3001\u4e58\u519b\u8f66\u3001\u5750\u519b\u5217\u3001\u9a7e\u8230\u8247\uff0c\u7d27\u6025\u5954\u8d74\u9632\u6c5b\u62a2\u9669\u7b2c\u4e00\u7ebf\uff0c\u5728\u5de8\u6d6a\u6d2a\u6c34\u524d\uff0c\u7528\u8840\u8089\u4e4b\u8eaf\u7acb\u8d77\u4e00\u9053\u9053\u7262\u4e0d\u53ef\u7834\u7684\u201c\u94a2\u94c1\u5927\u5824\u201d\u3002", "events": [], "arguments": {"time": [], "loc": [], "country": [], "weapon": [{"text": "\u8230\u8247", "offset": 36, "length": 2}]}}, {"sentence": "7\u670817\u65e5\uff0c\u6b66\u8b66\u6c5f\u897f\u603b\u961f\u673a\u52a8\u652f\u961f\u515a\u5458\u7a81\u51fb\u961f\u5728\u9131\u9633\u53bf\u9131\u9633\u9547\u660c\u6c5f\u5729\u7528\u63a8\u8f66\u5c06\u4f59\u571f\u63a8\u5230\u7a7a\u5730\u5806\u653e\u3002", "events": [], "arguments": {"time": [{"text": "7\u670817\u65e5", "offset": 0, "length": 5}], "loc": [{"text": "\u9131\u9633\u53bf\u9131\u9633\u9547\u660c\u6c5f\u5729", "offset": 22, "length": 9}], "country": [], "weapon": []}}, {"sentence": "\u65b0\u534e\u793e\u53d1\uff08\u66f9\u5148\u8bad \u6444\uff09", "events": [], "arguments": {"time": [], "loc": [], "country": [], "weapon": []}}, {"sentence": "\uff08\u66f9\u5148\u8bad \u6444\uff09", "events": [], "arguments": {"time": [], "loc": [], "country": [], "weapon": []}}, {"sentence": "\u8fd9\u94a2\u94c1\u5927\u5824\u662f\u8001\u7ea2\u519b\u7cbe\u795e\u4f20\u627f\u7684\u5927\u5824\u3002", "events": [], "arguments": {"time": [], "loc": [], "country": [], "weapon": []}}, {"sentence": "\u4e60\u4e3b\u5e2d\u5728\u53e4\u7530\u5168\u519b\u653f\u6cbb\u5de5\u4f5c\u4f1a\u8bae\u4e0a\uff0c\u4e13\u95e8\u5f3a\u8c03\u8981\u7ee7\u7eed\u4f20\u627f\u5f18\u626c\u8001\u7ea2\u519b\u7684\u5149\u8363\u4f20\u7edf\u548c\u4f18\u826f\u4f5c\u98ce\u3002", "events": [], "arguments": {"time": [], "loc": [{"text": "\u53e4\u7530", "offset": 4, "length": 2}], "country": [], "weapon": []}}, {"sentence": "\u8fd9\u79cd\u7cbe\u795e\u5f88\u91cd\u8981\u7684\u4e00\u6761\u5c31\u662f\u65f6\u523b\u4e0e\u4eba\u6c11\u7fa4\u4f17\u7ad9\u5728\u4e00\u8d77\uff0c\u540c\u751f\u6b7b\u3001\u5171\u60a3\u96be\u3002", "events": [], "arguments": {"time": [], "loc": [], "country": [], "weapon": []}}, {"sentence": "\u8fd9\u6b21\u6c5b\u60c5\u53d1\u751f\u540e\uff0c\u5927\u6c5f\u5357\u5317\u7684\u5ea7\u5ea7\u519b\u8425\uff0c\u4e0d\u7ba1\u662f\u9646\u6d77\u7a7a\uff0c\u8fd8\u662f\u6b66\u8b66\u548c\u6218\u652f\u90e8\u961f\uff0c\u90fd\u662f\u95fb\u6c5b\u800c\u52a8\u3001\u5411\u9669\u800c\u884c\u3002", "events": [], "arguments": {"time": [], "loc": [], "country": [], "weapon": []}}, {"sentence": "\u50cf\u201c\u70df\u53f0\u5cf0\u82f1\u96c4\u8fde\u201d\u6240\u5728\u90e8\u961f\u521a\u521a\u7ed3\u675f\u4e24\u4e2a\u534a\u6708\u7684\u91ce\u5916\u9a7b\u8bad\u56de\u5230\u8425\u533a\uff0c\u987e\u4e0d\u4e0a\u4f11\u6574\u5c31\u9a6c\u4e0d\u505c\u8e44\u5954\u8d74\u707e\u533a\u3002", "events": [], "arguments": {"time": [], "loc": [], "country": [], "weapon": []}}, {"sentence": "\u50cf\u201c\u738b\u6770\u73ed\u201d\u6218\u58eb\u5f90\u5f6c\u5f97\u5230\u6c5b\u60c5\uff0c\u6084\u6084\u9000\u7968\u968f\u961f\u6551\u707e\u3002", "events": [], "arguments": {"time": [], "loc": [], "country": [], "weapon": []}}, {"sentence": "\u8fd8\u6709\u201c\u7231\u6c11\u6a21\u8303\u201d\u738b\u514b\u52e4\u751f\u524d\u6240\u5728\u90e8\u961f\u7b49\u82f1\u96c4\u90e8\u961f\uff0c\u90fd\u662f\u4e00\u58f0\u4ee4\u4e0b\u3001\u706b\u901f\u6551\u63f4\uff0c\u4ee5\u5b9e\u9645\u884c\u52a8\u7ed9\u707e\u533a\u4eba\u6c11\u5403\u4e0b\u201c\u5b9a\u5fc3\u4e38\u201d\uff0c\u8001\u767e\u59d3\u611f\u6168\u8bf4\u9053\u201c\u5f53\u5e74\u7684\u82f1\u96c4\u90e8\u961f\u53c8\u56de\u6765\u4e86\u201d\u3002", "events": [], "arguments": {"time": [], "loc": [], "country": [], "weapon": []}}, {"sentence": "7\u670814\u65e5\uff0c\u6c5f\u897f\u4e5d\u6c5f\u8299\u84c9\u9547\u8299\u84c9\u5824\u7a81\u53d1\u7ba1\u6d8c\u9669\u60c5\uff0c\u4e1c\u90e8\u6218\u533a\u9646\u519b\u7b2c71\u96c6\u56e2\u519b\u5468\u4e3d\u5e73\u751f\u524d\u6240\u5728\u90e8\u961f\u7ec4\u7ec7\u515a\u5458\u7a81\u51fb\u961f\u586b\u88c5\u6c99\u888b\u5c01\u5835\u7ba1\u6d8c\u3002", "events": [], "arguments": {"time": [{"text": "7\u670814\u65e5", "offset": 0, "length": 5}], "loc": [{"text": "\u6c5f\u897f\u4e5d\u6c5f\u8299\u84c9\u9547\u8299\u84c9\u5824", "offset": 6, "length": 10}, {"text": "\u4e1c\u90e8\u6218\u533a", "offset": 23, "length": 4}], "country": [], "weapon": []}}, {"sentence": "\u65b0\u534e\u793e\u53d1\uff08\u5f20\u6d77\u8f89 \u6444\uff09", "events": [], "arguments": {"time": [], "loc": [], "country": [], "weapon": []}}, {"sentence": "\uff08\u5f20\u6d77\u8f89 \u6444\uff09", "events": [], "arguments": {"time": [], "loc": [], "country": [], "weapon": []}}, {"sentence": "\u8fd9\u94a2\u94c1\u5927\u5824\u662f\u65b0\u65f6\u4ee3\u5b98\u5175\u94f8\u5c31\u7684\u5927\u5824\u3002", "events": [], "arguments": {"time": [], "loc": [], "country": [], "weapon": []}}, {"sentence": "\u524d\u4e0d\u4e45\uff0c\u4e00\u5f20\u4ee4\u4eba\u5fc3\u75bc\u7684\u6297\u6d2a\u5b98\u5175\u80f3\u818a\u4e0a\u5bc6\u5bc6\u9ebb\u9ebb\u7684\u6c34\u6ce1\u7167\u7247\u5728\u793e\u4ea4\u5a92\u4f53\u5237\u5c4f\uff1a\u7a7a\u964d\u519b\u67d0\u65c5\u5728\u6e56\u5317\u6d2a\u6e56\u8fde\u7eed\u6570\u65e5\u6297\u6d2a\u62a2\u9669\uff0c\u8bb8\u591a\u5b98\u5175\u8eab\u4e0a\u88ab\u6652\u51fa\u6c34\u6ce1\uff0c\u6709\u7684\u5b98\u5175\u5df2\u7ecf\u88ab\u6652\u5f97\u8131\u4e86\u76ae\uff0c\u8fd9\u6837\u7684\u201c\u7ea2\u4e0e\u9ed1\u201d\u201c\u9ed1\u767d\u914d\u201d\uff0c\u4ee4\u65e0\u6570\u7f51\u53cb\u611f\u52a8\u548c\u5fc3\u75bc\uff0c\u800c\u6218\u58eb\u4eec\u53ea\u662f\u7b11\u7740\u8bf4\uff1a\u201c\u7834\u4e86\u76ae\uff0c\u7ed3\u4e86\u75c2\uff0c\u5c31\u597d\u4e86\u201d\u3002", "events": [], "arguments": {"time": [], "loc": [{"text": "\u6e56\u5317\u6d2a\u6e56", "offset": 41, "length": 4}], "country": [], "weapon": []}}, {"sentence": "\u8fd8\u6709\u90a3\u4e9b\u88ab\u6d2a\u6c34\u6ce1\u5f97\u53d1\u767d\u7684\u53cc\u811a\uff0c\u90a3\u4e9b\u4f24\u75d5\u7d2f\u7d2f\u7684\u53cc\u624b\uff0c\u90a3\u4e9b\u5012\u5730\u800c\u5367\u7684\u59ff\u6001\u2014\u2014\u8fd9\u4e9b\u4ee590\u540e\u548c00\u540e\u4e3a\u4e3b\u4f53\u7684\u5b98\u5175\uff0c\u8ba9\u6211\u4eec\u770b\u5230\u4e86\u65b0\u65f6\u4ee3\u5b98\u5175\u7684\u6602\u626c\u7cbe\u795e\u98ce\u8c8c\u3002", "events": [], "arguments": {"time": [], "loc": [], "country": [], "weapon": []}}, {"sentence": "\u8fd9\u4e9b\u7236\u6bcd\u773c\u4e2d\u7684\u5b69\u5b50\uff0c\u5728\u6d2a\u6c34\u707e\u5bb3\u9762\u524d\uff0c\u4ed6\u4eec\u52c7\u6562\u625b\u8d77\u62a4\u4f51\u4eba\u6c11\u7684\u8d23\u4efb\uff0c\u4e00\u53e5\u201c\u6d2a\u6c34\u4e0d\u9000\u3001\u6211\u4eec\u4e0d\u64a4\u201d\uff0c\u9053\u51fa\u4e86\u540e\u6d6a\u7684\u529b\u91cf\uff0c\u8bc1\u660e\u4e86\u9752\u6625\u70ed\u8840\u7684\u529b\u91cf\u3002", "events": [], "arguments": {"time": [], "loc": [], "country": [], "weapon": []}}, {"sentence": "7\u6708\u7684\u6d2a\u6e56\uff0c\u767d\u5929\u5730\u8868\u6e29\u5ea6\u9ad8\u8fbe35\u2103\uff0c\u5728\u592a\u9633\u8fde\u7eed\u7099\u70e4\u4e0b\uff0c\u7a7a\u964d\u5175\u67d0\u65c5\u7684\u52c7\u58eb\u4eec\u6301\u7eed\u6218\u6597\uff0c\u8bb8\u591a\u6218\u53cb\u7684\u76ae\u80a4\u90fd\u88ab\u6652\u4f24\u3001\u707c\u4f24\uff0c\u80f3\u818a\u8d77\u4e86\u6c34\u6ce1\uff08\u592e\u5e7f\u519b\u4e8b\uff09\u3002", "events": [], "arguments": {"time": [{"text": "7\u6708", "offset": 0, "length": 2}], "loc": [{"text": "\u6d2a\u6e56", "offset": 3, "length": 2}], "country": [], "weapon": []}}, {"sentence": "\u6297\u6d2a\u6218\u58eb\u594b\u621816\u4e2a\u5c0f\u65f6\u540e\u53cc\u811a\u6ce1\u5230\u8d77\u76b1\u53d1\u767d\uff08\u592e\u89c6\u65b0\u95fb\uff09\u3002", "events": [], "arguments": {"time": [], "loc": [], "country": [], "weapon": []}}, {"sentence": "\u8fd9\u94a2\u94c1\u5927\u5824\u662f\u5f3a\u56fd\u68a6\u4f1f\u4e1a\u6fc0\u52b1\u7684\u5927\u5824\u3002", "events": [], "arguments": {"time": [], "loc": [], "country": [], "weapon": []}}, {"sentence": "\u4eca\u5e74\u662f\u6781\u4e0d\u5e73\u51e1\u7684\u4e00\u5e74\uff0c\u6709\u592a\u591a\u7684\u6545\u4e8b\u8ba9\u6211\u4eec\u611f\u52a8\u3002", "events": [], "arguments": {"time": [], "loc": [], "country": [], "weapon": []}}, {"sentence": "\u8fd9\u91cc\u9762\uff0c\u6709\u51cc\u6668\u51fa\u5f81\u7684\u519b\u961f\u533b\u52a1\u5de5\u4f5c\u8005\uff0c\u6709\u706b\u795e\u5c71\u533b\u9662\u7684\u62d4\u5730\u800c\u8d77\uff0c\u6709\u9ad8\u539f\u8fb9\u9632\u7ebf\u4e0a\u8a93\u6b7b\u4e0d\u9000\u7684\u52c7\u58eb\uff0c\u8fd8\u6709\u5357\u6d77\u5fe0\u8bda\u5b88\u5c9b\u5b88\u7901\u7684\u5b98\u5175\uff0c\u4e5f\u6709\u51b2\u4e0a\u9632\u6c5b\u4e00\u7ebf\u7684\u82f1\u96c4\u90e8\u961f\uff0c\u66f4\u6709\u6570\u4e0d\u6e05\u81ea\u53d1\u800c\u6765\u7684\u7fa4\u4f17\u52a0\u5165\u4e86\u6297\u6d2a\u5927\u519b\u3002", "events": [], "arguments": {"time": [], "loc": [{"text": "\u5357\u6d77", "offset": 47, "length": 2}], "country": [], "weapon": []}}, {"sentence": "\u8fd9\u79cd\u529b\u91cf\u6765\u81ea\u4e8e\u5bf9\u5f3a\u56fd\u68a6\u7684\u4fe1\u4ef0\u548c\u8ffd\u6c42\uff0c\u6765\u81ea\u4e8e\u5b9e\u73b0\u4e2d\u534e\u6c11\u65cf\u4f1f\u5927\u590d\u5174\u7684\u4f7f\u547d\u611f\u3002", "events": [], "arguments": {"time": [], "loc": [], "country": [], "weapon": []}}, {"sentence": "\u6b63\u662f\u8fd9\u79cd\u529b\u91cf\uff0c\u6fc0\u52b1\u7740\u4ebf\u4e07\u4e2d\u534e\u513f\u5973\u622e\u529b\u540c\u5fc3\u3001\u5171\u6218\u6d2a\u9b54\uff0c\u62a4\u536b\u7740\u534e\u590f\u5927\u5730\u5e78\u798f\u5b89\u5eb7\u3002", "events": [], "arguments": {"time": [], "loc": [], "country": [], "weapon": []}}, {"sentence": "7\u670813\u65e5\uff0c\u7b2c71\u96c6\u56e2\u519b\u67d0\u65c5\u5b98\u5175\u5728\u6c5f\u897f\u4e5d\u6c5f\u5f6d\u6cfd\u53bf\u8299\u84c9\u58a9\u9547\u6cbf\u6c5f\u5927\u9053\u4e1c\u57c2\u5c01\u5835\u7ba1\u6d8c\u3002", "events": [], "arguments": {"time": [{"text": "7\u670813\u65e5", "offset": 0, "length": 5}], "loc": [{"text": "\u6c5f\u897f\u4e5d\u6c5f\u5f6d\u6cfd\u53bf\u8299\u84c9\u58a9\u9547\u6cbf\u6c5f\u5927\u9053\u4e1c\u57c2", "offset": 17, "length": 17}], "country": [], "weapon": []}}, {"sentence": "\u65b0\u534e\u793e\u53d1\uff08\u65b9\u77e5 \u6444\uff09", "events": [], "arguments": {"time": [], "loc": [], "country": [], "weapon": []}}, {"sentence": "\uff08\u65b9\u77e5 \u6444\uff09", "events": [], "arguments": {"time": [], "loc": [], "country": [], "weapon": []}}, {"sentence": "\u5f53\u524d\uff0c\u5168\u56fd\u9632\u6c5b\u6b63\u5904\u5728\u201c\u4e03\u4e0b\u516b\u4e0a\u201d\u7684\u5173\u952e\u9636\u6bb5\uff0c\u6700\u5927\u7684\u6c5b\u60c5\u53ef\u80fd\u8fd8\u6ca1\u6709\u5230\u6765\uff0c\u6700\u8270\u5de8\u7684\u6311\u6218\u8fd8\u5728\u540e\u5934\uff0c\u76f8\u4fe1\u6709\u515a\u4e2d\u592e\u3001\u4e60\u4e3b\u5e2d\u7684\u82f1\u660e\u9886\u5bfc\uff0c\u6709\u5e7f\u5927\u7fa4\u4f17\u7684\u540c\u5fc3\u534f\u529b\uff0c\u82f1\u96c4\u7684\u4eba\u6c11\u5b50\u5f1f\u5175\u4e00\u5b9a\u4f1a\u4e25\u9632\u6b7b\u5b88\uff0c\u4e3a\u4eba\u6c11\u7fa4\u4f17\u7b51\u8d77\u5c79\u7acb\u4e0d\u5012\u7684\u201c\u5b50\u5f1f\u5175\u5927\u5824\u201d\u3002", "events": [], "arguments": {"time": [], "loc": [], "country": [], "weapon": []}}]