[{"sentence": "\u6311\u8845\uff01", "events": [{"trigger": {"text": "\u6311\u8845", "offset": 0, "length": 2}, "object": {"text": "", "offset": 0, "length": 0}, "subject": {"text": "", "offset": 0, "length": 0}}], "arguments": {"time": [], "loc": [], "country": [], "weapon": []}}, {"sentence": "\u89e3\u653e\u519b\u96f7\u5dde\u534a\u5c9b\u4ee5\u897f\u6d77\u57df\u5b9e\u5f39\u6f14\u4e60\u4e4b\u9645\uff0c\u7f8e\u56fd\u6d77\u7a7a\u519b\u5404\u6d3e\u519b\u673a\u98de\u5411\u5357\u6d77", "events": [{"trigger": {"text": "\u98de\u5411", "offset": 27, "length": 2}, "object": {"text": "", "offset": 0, "length": 0}, "subject": {"text": "", "offset": 0, "length": 0}}], "arguments": {"time": [], "loc": [{"text": "\u96f7\u5dde\u534a\u5c9b\u4ee5\u897f\u6d77\u57df", "offset": 3, "length": 8}, {"text": "\u5357\u6d77", "offset": 29, "length": 2}], "country": [{"text": "\u7f8e\u56fd", "offset": 18, "length": 2}], "weapon": [{"text": "\u519b\u673a", "offset": 25, "length": 2}]}}, {"sentence": "\u3010\u73af\u7403\u7f51\u62a5\u9053 \u8bb0\u8005 \u5c39\u8273\u8f89\u3011", "events": [], "arguments": {"time": [], "loc": [], "country": [], "weapon": []}}, {"sentence": "\u8fd1\u671f\u7f8e\u519b\u9891\u7e41\u6d3e\u9063\u98de\u673a\u8fdb\u5165\u4e2d\u56fd\u5357\u6d77\uff0c\u636e\u591a\u5bb6\u53f0\u5a92\u62a5\u9053\uff0c7\u670825\u65e5\uff0c\u7f8e\u56fd\u6d77\u519b\u53c8\u6d3e\u51fa\u4e00\u67b6P-3C\u53cd\u6f5c\u673a\u3001\u4e00\u67b6P-8A\u53cd\u6f5c\u673a\u901a\u8fc7\u5df4\u58eb\u6d77\u5ce1\u671d\u5357\u6d77\u5de1\u822a\uff1b\u7f8e\u56fd\u7a7a\u519b\u5219\u662f\u6d3e\u51fa\u4e00\u67b6KC-135T\u52a0\u6cb9\u673a\u98de\u5f80\u5357\u6d77\u6df1\u5904\u3002", "events": [{"trigger": {"text": "\u6d3e\u9063", "offset": 6, "length": 2}, "object": {"text": "", "offset": 0, "length": 0}, "subject": {"text": "", "offset": 0, "length": 0}}, {"trigger": {"text": "\u5de1\u822a", "offset": 66, "length": 2}, "object": {"text": "", "offset": 0, "length": 0}, "subject": {"text": "", "offset": 0, "length": 0}}, {"trigger": {"text": "\u98de\u5f80", "offset": 89, "length": 2}, "object": {"text": "", "offset": 0, "length": 0}, "subject": {"text": "", "offset": 0, "length": 0}}, {"trigger": {"text": "\u6d3e\u51fa", "offset": 36, "length": 2}, "object": {"text": "", "offset": 0, "length": 0}, "subject": {"text": "", "offset": 0, "length": 0}}, {"trigger": {"text": "\u8fdb\u5165", "offset": 10, "length": 2}, "object": {"text": "", "offset": 0, "length": 0}, "subject": {"text": "", "offset": 0, "length": 0}}, {"trigger": {"text": "\u6d3e\u51fa", "offset": 75, "length": 2}, "object": {"text": "", "offset": 0, "length": 0}, "subject": {"text": "", "offset": 0, "length": 0}}], "arguments": {"time": [{"text": "7\u670825\u65e5", "offset": 25, "length": 5}], "loc": [{"text": "\u4e2d\u56fd\u5357\u6d77", "offset": 12, "length": 4}, {"text": "\u5df4\u58eb\u6d77\u5ce1", "offset": 59, "length": 4}, {"text": "\u5357\u6d77", "offset": 64, "length": 2}, {"text": "\u5357\u6d77", "offset": 91, "length": 2}], "country": [{"text": "\u7f8e\u56fd", "offset": 69, "length": 2}, {"text": "\u4e2d\u56fd", "offset": 12, "length": 2}, {"text": "\u7f8e\u56fd", "offset": 31, "length": 2}], "weapon": [{"text": "P-3C\u53cd\u6f5c\u673a", "offset": 40, "length": 7}, {"text": "KC-135T\u52a0\u6cb9\u673a", "offset": 79, "length": 10}, {"text": "P-8A\u53cd\u6f5c\u673a", "offset": 50, "length": 7}]}}, {"sentence": "\u53f0\u6e7e\u4eb2\u7eff\u5a92\u4f53\u300a\u81ea\u7531\u65f6\u62a5\u300b\u79f0\uff0c\u8fd9\u662f\u7f8e\u56fd\u519b\u673a\u8fde\u7eed\u7b2c11\u65e5\u5728\u5df4\u58eb\u6d77\u5ce1\u4e0e\u5357\u6d77\u98de\u884c\u3002", "events": [{"trigger": {"text": "\u98de\u884c", "offset": 34, "length": 2}, "object": {"text": "", "offset": 0, "length": 0}, "subject": {"text": "", "offset": 0, "length": 0}}], "arguments": {"time": [], "loc": [{"text": "\u5df4\u58eb\u6d77\u5ce1", "offset": 27, "length": 4}, {"text": "\u5357\u6d77", "offset": 32, "length": 2}], "country": [{"text": "\u53f0\u6e7e", "offset": 0, "length": 2}, {"text": "\u7f8e\u56fd", "offset": 16, "length": 2}], "weapon": [{"text": "\u519b\u673a", "offset": 18, "length": 2}]}}, {"sentence": "7\u670823\u65e5\uff0c\u5317\u6d77\u5e7f\u64ad\u7535\u89c6\u53f0\u5fae\u4fe1\u516c\u4f17\u53f7\u53d1\u5e03\u4e86\u7531\u4e2d\u56fd\u4eba\u6c11\u89e3\u653e\u519b\u4e5d\u4e94\u4e00\u516b\u3007\u90e8\u961f\u53d1\u51fa\u7684\u5c01\u6d77\u516c\u544a\uff0c\u5ba3\u5e03\u89e3\u653e\u519b\u5c06\u4e8e7\u670825\u65e5-8\u67082\u65e5\u5728\u96f7\u5dde\u534a\u5c9b\u4ee5\u897f\u6d77\u57df\u7ec4\u7ec7\u5b9e\u5f39\u6253\u9776\u3002", "events": [], "arguments": {"time": [{"text": "7\u670823\u65e5", "offset": 0, "length": 5}, {"text": "7\u670825\u65e5-8\u67082\u65e5", "offset": 51, "length": 10}], "loc": [{"text": "\u5317\u6d77", "offset": 6, "length": 2}, {"text": "\u96f7\u5dde\u534a\u5c9b\u4ee5\u897f\u6d77\u57df", "offset": 62, "length": 8}], "country": [{"text": "\u4e2d\u56fd", "offset": 22, "length": 2}], "weapon": []}}, {"sentence": "\u201c\u5357\u6d77\u6218\u7565\u6001\u52bf\u611f\u77e5\u8ba1\u5212\u201d\u5e73\u53f0\uff08SCS Probing Initiative\uff09\u4eca\u65e5\uff0825\u65e5\uff09\u5728\u63a8\u7279\u53d1\u5e03\u4fe1\u606f\u79f0\uff0c\u7f8e\u519b\u4eca\u65e5\u5206\u522b\u6d3e\u51fa\u5404\u4e00\u67b6P-3C\u53cd\u6f5c\u673a\u4e0eP-8A\u53cd\u6f5c\u673a\u98de\u5f80\u5357\u6d77\u5de1\u822a\uff1b\u6b64\u5916\uff0c\u5e73\u53f0\u79f0\u7f8e\u56fd\u7a7a\u519b\u4e00\u67b6KC-135T\u52a0\u6cb9\u673a\u98de\u5f80\u5357\u6d77\u6df1\u5904\uff0c\u53ef\u80fd\u662f\u4e3a\u5176\u4ed6\u672a\u88ab\u5e73\u53f0\u8bc6\u522b\u7684\u7f8e\u56fd\u519b\u673a\u8fdb\u884c\u6cb9\u6599\u8865\u7ed9\u3002", "events": [{"trigger": {"text": "\u98de\u5f80", "offset": 80, "length": 2}, "object": {"text": "", "offset": 0, "length": 0}, "subject": {"text": "", "offset": 0, "length": 0}}, {"trigger": {"text": "\u98de\u5f80", "offset": 109, "length": 2}, "object": {"text": "", "offset": 0, "length": 0}, "subject": {"text": "", "offset": 0, "length": 0}}, {"trigger": {"text": "\u5de1\u822a", "offset": 84, "length": 2}, "object": {"text": "", "offset": 0, "length": 0}, "subject": {"text": "", "offset": 0, "length": 0}}], "arguments": {"time": [], "loc": [{"text": "\u5357\u6d77", "offset": 1, "length": 2}, {"text": "\u5357\u6d77", "offset": 82, "length": 2}, {"text": "\u5357\u6d77", "offset": 111, "length": 2}], "country": [{"text": "\u7f8e\u56fd", "offset": 93, "length": 2}, {"text": "\u7f8e\u56fd", "offset": 129, "length": 2}], "weapon": [{"text": "P-3C\u53cd\u6f5c\u673a", "offset": 65, "length": 7}, {"text": "P-8A\u53cd\u6f5c\u673a", "offset": 73, "length": 7}, {"text": "KC-135T\u52a0\u6cb9\u673a", "offset": 99, "length": 10}]}}, {"sentence": "\u300a\u81ea\u7531\u65f6\u62a5\u300b\u79f0\uff0c\u6839\u636e\u6b64\u5e73\u53f0\u516c\u5f00\u7684\u4fe1\u606f\uff0c\u8fd9\u662f\u81ea7\u670815\u65e5\u4ee5\u6765\uff0c\u8fde\u7eed\u7b2c11\u5929\u6709\u7f8e\u56fd\u519b\u673a\u9014\u7ecf\u5df4\u58eb\u6d77\u5ce1\u822a\u5411\u5357\u6d77\u5de1\u903b\u6216\u662f\u98de\u5f80\u5e7f\u4e1c\u6cbf\u5cb8\u8fdb\u884c\u62b5\u8fd1\u4fa6\u5bdf\u3002", "events": [{"trigger": {"text": "\u4fa6\u5bdf", "offset": 65, "length": 2}, "subject": {"text": "\u7f8e\u56fd\u519b\u673a", "offset": 37, "length": 4}, "object": {"text": "\u5357\u6d77\u5de1\u903b\u6216\u662f\u98de\u5f80\u5e7f\u4e1c\u6cbf\u5cb8", "offset": 49, "length": 12}}, {"trigger": {"text": "\u62b5\u8fd1\u4fa6\u5bdf", "offset": 63, "length": 4}, "object": {"text": "", "offset": 0, "length": 0}, "subject": {"text": "", "offset": 0, "length": 0}}], "arguments": {"time": [{"text": "7\u670815\u65e5", "offset": 22, "length": 5}], "loc": [{"text": "\u5df4\u58eb\u6d77\u5ce1", "offset": 43, "length": 4}, {"text": "\u5357\u6d77", "offset": 49, "length": 2}, {"text": "\u5e7f\u4e1c\u6cbf\u5cb8", "offset": 57, "length": 4}], "country": [{"text": "\u7f8e\u56fd", "offset": 37, "length": 2}], "weapon": [{"text": "\u519b\u673a", "offset": 39, "length": 2}]}}, {"sentence": "\u5bf9\u4e8e\u7f8e\u519b\u8230\u673a\u7684\u62b5\u8fd1\u4fa6\u5bdf\u884c\u4e3a\uff0c\u4e2d\u56fd\u56fd\u9632\u90e8\u65b0\u95fb\u53d1\u8a00\u4eba\u5434\u8c26\u5927\u6821\u57286\u6708\u56fd\u9632\u90e8\u4f8b\u884c\u8bb0\u8005\u4f1a\u8868\u793a\uff0c\u5f53\u524d\uff0c\u5728\u5730\u533a\u56fd\u5bb6\u7684\u5171\u540c\u52aa\u529b\u4e0b\uff0c\u4e1c\u6d77\u3001\u5357\u6d77\u7684\u5c40\u52bf\u603b\u4f53\u662f\u7a33\u5b9a\u7684\u3002", "events": [{"trigger": {"text": "\u62b5\u8fd1\u4fa6\u5bdf", "offset": 7, "length": 4}, "object": {"text": "", "offset": 0, "length": 0}, "subject": {"text": "", "offset": 0, "length": 0}}], "arguments": {"time": [{"text": "6\u6708", "offset": 29, "length": 2}], "loc": [{"text": "\u4e1c\u6d77", "offset": 57, "length": 2}, {"text": "\u5357\u6d77", "offset": 60, "length": 2}], "country": [{"text": "\u4e2d\u56fd", "offset": 14, "length": 2}], "weapon": [{"text": "\u8230\u673a", "offset": 4, "length": 2}]}}, {"sentence": "\u8fd9\u5145\u5206\u8bf4\u660e\u57df\u5185\u56fd\u5bb6\u6709\u667a\u6167\u3001\u6709\u80fd\u529b\u3001\u6709\u529e\u6cd5\u901a\u8fc7\u76f4\u63a5\u8c08\u5224\u534f\u5546\uff0c\u59a5\u5904\u5206\u6b67\uff0c\u5171\u62a4\u548c\u5e73\u3002", "events": [], "arguments": {"time": [], "loc": [], "country": [], "weapon": []}}, {"sentence": "\u53cd\u89c2\u4f5c\u4e3a\u57df\u5916\u56fd\u5bb6\u7684\u7f8e\u56fd\uff0c\u6253\u7740\u6240\u8c13\u201c\u822a\u884c\u81ea\u7531\u201d\u7684\u5e4c\u5b50\uff0c\u6d3e\u519b\u7528\u8230\u673a\u6765\u4e1c\u6d77\u3001\u5357\u6d77\u6311\u8845\uff0c\u5bf9\u4e2d\u65b9\u5b9e\u65bd\u9ad8\u9891\u5ea6\u62b5\u8fd1\u4fa6\u5bdf\uff0c\u4e3e\u884c\u9488\u5bf9\u6027\u6781\u5f3a\u7684\u519b\u4e8b\u6f14\u4e60\uff0c\u4e25\u91cd\u5371\u5bb3\u5730\u533a\u56fd\u5bb6\u7684\u4e3b\u6743\u4e0e\u5b89\u5168\u5229\u76ca\uff0c\u4e25\u91cd\u7834\u574f\u672c\u5730\u533a\u7684\u548c\u5e73\u7a33\u5b9a\u3002", "events": [{"trigger": {"text": "\u62b5\u8fd1\u4fa6\u5bdf", "offset": 48, "length": 4}, "object": {"text": "", "offset": 0, "length": 0}, "subject": {"text": "", "offset": 0, "length": 0}}, {"trigger": {"text": "\u519b\u4e8b\u6f14\u4e60", "offset": 61, "length": 4}, "object": {"text": "", "offset": 0, "length": 0}, "subject": {"text": "", "offset": 0, "length": 0}}], "arguments": {"time": [], "loc": [{"text": "\u4e1c\u6d77", "offset": 32, "length": 2}, {"text": "\u5357\u6d77", "offset": 35, "length": 2}], "country": [{"text": "\u7f8e\u56fd", "offset": 9, "length": 2}, {"text": "\u4e2d\u65b9", "offset": 41, "length": 2}], "weapon": []}}, {"sentence": "\u5bf9\u4e8e\u7f8e\u519b\u8230\u673a\u7684\u62b5\u8fd1\u4fa6\u5bdf\u884c\u4e3a\uff0c\u4e2d\u56fd\u519b\u4e8b\u4e13\u5bb6\u5b8b\u5fe0\u5e737\u67088\u65e5\u5728\u63a5\u53d7\u300a\u73af\u7403\u65f6\u62a5\u300b\u91c7\u8bbf\u65f6\u8868\u793a\uff0c\u89e3\u653e\u519b\u53ef\u4ee5\u91c7\u53d6\u62b5\u8fd1\u62e6\u622a\u7684\u65b9\u5f0f\uff0c\u5bf9\u62b5\u8fd1\u4fa6\u5bdf\u7684\u7f8e\u519b\u673a\u8fdb\u884c\u5e72\u6270\uff0c\u8ba9\u5bf9\u65b9\u65e0\u6cd5\u4e13\u5fc3\u5de5\u4f5c\u3002", "events": [{"trigger": {"text": "\u62b5\u8fd1\u4fa6\u5bdf", "offset": 7, "length": 4}, "object": {"text": "", "offset": 0, "length": 0}, "subject": {"text": "", "offset": 0, "length": 0}}, {"trigger": {"text": "\u62b5\u8fd1\u4fa6\u5bdf", "offset": 58, "length": 4}, "object": {"text": "", "offset": 0, "length": 0}, "subject": {"text": "", "offset": 0, "length": 0}}, {"trigger": {"text": "\u62b5\u8fd1\u62e6\u622a", "offset": 49, "length": 4}, "object": {"text": "", "offset": 0, "length": 0}, "subject": {"text": "", "offset": 0, "length": 0}}, {"trigger": {"text": "\u62b5\u8fd1", "offset": 49, "length": 2}, "object": {"text": "", "offset": 0, "length": 0}, "subject": {"text": "", "offset": 0, "length": 0}}, {"trigger": {"text": "\u62e6\u622a", "offset": 51, "length": 2}, "object": {"text": "", "offset": 0, "length": 0}, "subject": {"text": "", "offset": 0, "length": 0}}], "arguments": {"time": [{"text": "7\u67088\u65e5", "offset": 23, "length": 4}], "loc": [], "country": [{"text": "\u4e2d\u56fd", "offset": 14, "length": 2}], "weapon": []}}, {"sentence": "\u53e6\u4e00\u65b9\u9762\uff0c\u5f53\u5bf9\u65b9\u4fa6\u5bdf\u673a\u63a5\u8fd1\u6211\u56fd\u76f8\u5173\u7a7a\u57df\u65f6\uff0c\u89e3\u653e\u519b\u4e5f\u53ef\u4ee5\u6682\u505c\u4e00\u4e9b\u519b\u4e8b\u6d3b\u52a8\uff0c\u964d\u4f4e\u7535\u78c1\u9891\u8c31\u4fe1\u53f7\u88ab\u622a\u83b7\u7684\u6982\u7387\u3002", "events": [{"trigger": {"text": "\u622a\u83b7", "offset": 45, "length": 2}, "object": {"text": "", "offset": 0, "length": 0}, "subject": {"text": "", "offset": 0, "length": 0}}], "arguments": {"time": [], "loc": [], "country": [], "weapon": [{"text": "\u4fa6\u5bdf\u673a", "offset": 8, "length": 3}]}}]