[{"sentence": "\u5370\u5c3c\u9a7b\u4fc4\u5927\u4f7f\uff1a\u5c3d\u7ba1\u7f8e\u56fd\u5a01\u80c1\u5236\u88c1\u00a0\u4f46\u5370\u5c3c\u4ecd\u60f3\u4e70\u4fc4\u82cf35\u6218\u673a", "events": [], "arguments": {"time": [], "loc": [], "country": [{"text": "\u5370\u5c3c", "offset": 0, "length": 2}, {"text": "\u7f8e\u56fd", "offset": 9, "length": 2}, {"text": "\u5370\u5c3c", "offset": 17, "length": 2}], "weapon": [{"text": "\u4fc4\u82cf35\u6218\u673a", "offset": 22, "length": 6}]}}, {"sentence": "\u3010\u73af\u7403\u7f51\u519b\u4e8b\u62a5\u9053\u3011", "events": [], "arguments": {"time": [], "loc": [{"text": "\u4fc4\u7f57\u65af", "offset": -1, "length": 3}], "country": [], "weapon": []}}, {"sentence": "\u4fc4\u7f57\u65af\u536b\u661f\u901a\u8baf\u793e7\u670824\u65e5\u62a5\u9053\uff0c\u5370\u5ea6\u5c3c\u897f\u4e9a\u9a7b\u4fc4\u7f57\u65af\u5927\u4f7f\u82cf\u666e\u91cc\u4e9a\u8fea(Mohamad Wahid Supriyadi)\u5f53\u5929\u5bf9\u536b\u661f\u901a\u8baf\u793e\u79f0\uff0c\u5c3d\u7ba1\u7f8e\u56fd\u5a01\u80c1\u8fdb\u884c\u5236\u88c1\uff0c\u96c5\u52a0\u8fbe\u4ecd\u7136\u81f4\u529b\u4e8e\u5c65\u884c2018\u5e74\u8fbe\u6210\u7684\u82cf-35\u6218\u6597\u673a\u8d2d\u4e70\u5408\u540c\u3002", "events": [{"trigger": {"text": "\u8d2d\u4e70", "offset": 103, "length": 2}, "subject": {"text": "\u96c5\u52a0\u8fbe", "offset": 78, "length": 3}, "object": {"text": "\u82cf-35\u6218\u6597\u673a", "offset": 96, "length": 7}}], "arguments": {"time": [{"text": "7\u670824\u65e5", "offset": 8, "length": 5}, {"text": "2018\u5e74", "offset": 88, "length": 5}], "loc": [], "country": [{"text": "\u5370\u5ea6\u5c3c\u897f\u4e9a", "offset": 16, "length": 5}, {"text": "\u4fc4\u7f57\u65af", "offset": 0, "length": 3}, {"text": "\u4fc4\u7f57\u65af", "offset": 22, "length": 3}, {"text": "\u7f8e\u56fd", "offset": 69, "length": 2}], "weapon": [{"text": "\u82cf-35\u6218\u6597\u673a", "offset": 96, "length": 7}]}}, {"sentence": "\u6b64\u524d\u5f6d\u535a\u793e\u63f4\u5f15\u6d88\u606f\u4eba\u58eb\u7684\u8bdd\u62a5\u9053\u79f0\uff0c\u7f8e\u56fd\u603b\u7edf\u7279\u6717\u666e\u653f\u5e9c\u903c\u8feb\u5370\u5c3c\u653e\u5f03\u8fd9\u9879\u4ea4\u6613\u3002", "events": [{"trigger": {"text": "\u4ea4\u6613", "offset": 34, "length": 2}, "object": {"text": "", "offset": 0, "length": 0}, "subject": {"text": "", "offset": 0, "length": 0}}], "arguments": {"time": [], "loc": [], "country": [{"text": "\u7f8e\u56fd", "offset": 17, "length": 2}, {"text": "\u5370\u5c3c", "offset": 28, "length": 2}], "weapon": []}}, {"sentence": "2018\u5e74\u5370\u5c3c\u548c\u4fc4\u7f57\u65af\u6240\u7b7e\u7f72\u7684\u82cf-35\u5408\u540c\u603b\u989d\u8d85\u8fc710\u4ebf\u7f8e\u5143\uff0c\u89c4\u5b9a\u4f9b\u5e9411\u67b6\u8be5\u578b\u6218\u6597\u673a\u3002", "events": [], "arguments": {"time": [{"text": "2018\u5e74", "offset": 0, "length": 5}], "loc": [], "country": [{"text": "\u5370\u5c3c", "offset": 5, "length": 2}, {"text": "\u4fc4\u7f57\u65af", "offset": 8, "length": 3}], "weapon": [{"text": "\u82cf-35", "offset": 15, "length": 4}]}}, {"sentence": "\u636e\u5370\u5ea6\u5c3c\u897f\u4e9a\u9a7b\u4fc4\u7f57\u65af\u5927\u4f7f\u82cf\u666e\u91cc\u4e9a\u8fea\u79f0\uff0c\u8fd9\u9879\u4ea4\u6613\u76ee\u524d\u4ecd\u7136\u6709\u6548\uff0c\u201c\u4ea4\u6613\u4ecd\u5728\u7ee7\u7eed\u201d\u3002", "events": [{"trigger": {"text": "\u4ea4\u6613", "offset": 21, "length": 2}, "object": {"text": "", "offset": 0, "length": 0}, "subject": {"text": "", "offset": 0, "length": 0}}, {"trigger": {"text": "\u4ea4\u6613", "offset": 31, "length": 2}, "object": {"text": "", "offset": 0, "length": 0}, "subject": {"text": "", "offset": 0, "length": 0}}], "arguments": {"time": [], "loc": [], "country": [{"text": "\u5370\u5ea6\u5c3c\u897f\u4e9a", "offset": 1, "length": 5}, {"text": "\u4fc4\u7f57\u65af", "offset": 7, "length": 3}], "weapon": []}}, {"sentence": "\u4ed6\u8fd8\u8868\u793a\uff0c\u4f5c\u4e3a\u4e00\u4e2a\u72ec\u7acb\u56fd\u5bb6\uff0c\u5370\u5c3c\u6709\u6743\u4ece\u6240\u5e0c\u671b\u7684\u4e00\u65b9\u8d2d\u4e70\u519b\u4e8b\u6280\u672f\u88c5\u5907\u3002", "events": [{"trigger": {"text": "\u8d2d\u4e70", "offset": 25, "length": 2}, "object": {"text": "", "offset": 0, "length": 0}, "subject": {"text": "", "offset": 0, "length": 0}}], "arguments": {"time": [], "loc": [], "country": [{"text": "\u5370\u5c3c", "offset": 14, "length": 2}], "weapon": []}}, {"sentence": "\u4ed6\u8bf4\uff1a\u201c\u6211\u4eec\u660e\u767d\uff0c\u67d0\u56fd\u6709\u4e00\u5b9a\u7684\u62c5\u5fc3\uff0c\u4f46\u6211\u4eec\u662f\u72ec\u7acb\u56fd\u5bb6\uff0c\u4ece\u8bb8\u591a\u56fd\u5bb6\u8d2d\u4e70\u4e86\u519b\u4e8b\u6280\u672f\u88c5\u5907\u3002", "events": [], "arguments": {"time": [], "loc": [], "country": [], "weapon": []}}, {"sentence": "\u6211\u4eec\u53ef\u4ee5\u4ece\u7f8e\u56fd\u3001\u6b27\u6d32\u548c\u4fc4\u7f57\u65af\u8d2d\u4e70\u3002", "events": [{"trigger": {"text": "\u8d2d\u4e70", "offset": 14, "length": 2}, "object": {"text": "", "offset": 0, "length": 0}, "subject": {"text": "", "offset": 0, "length": 0}}], "arguments": {"time": [], "loc": [], "country": [{"text": "\u7f8e\u56fd", "offset": 5, "length": 2}, {"text": "\u6b27\u6d32", "offset": 8, "length": 2}, {"text": "\u4fc4\u7f57\u65af", "offset": 11, "length": 3}], "weapon": []}}, {"sentence": "\u8fd9\u5c31\u662f\u6211\u4eec\u5e94\u8be5\u505a\u51fa\u7684\u51b3\u5b9a\u3002", "events": [], "arguments": {"time": [], "loc": [], "country": [], "weapon": []}}, {"sentence": "\u201d", "events": [], "arguments": {"time": [], "loc": [], "country": [], "weapon": []}}, {"sentence": "\u6b64\u5916\uff0c\u82cf\u666e\u91cc\u4e9a\u8fea\u8fd8\u8868\u793a\uff0c\u5370\u5c3c\u56fd\u9632\u90e8\u6b63\u5728\u8003\u8651\u8d2d\u4e70\u4fc4\u7f57\u65af\u7c73-17\u76f4\u5347\u673a\u7684\u53ef\u80fd\u6027\u3002", "events": [{"trigger": {"text": "\u8d2d\u4e70", "offset": 21, "length": 2}, "object": {"text": "", "offset": 0, "length": 0}, "subject": {"text": "", "offset": 0, "length": 0}}], "arguments": {"time": [], "loc": [], "country": [{"text": "\u5370\u5c3c", "offset": 12, "length": 2}, {"text": "\u4fc4\u7f57\u65af", "offset": 23, "length": 3}], "weapon": [{"text": "\u7c73-17\u76f4\u5347\u673a", "offset": 26, "length": 7}]}}]