[{"sentence": "\u6fb3\u5a92\uff1a\u6fb3\u51c6\u822a\u6bcd\u8230\u961f\u9760\u8fd1\u5357\u6c99\u7fa4\u5c9b\uff0c\u201c\u4e00\u5ea6\u4e0e\u4e2d\u56fd\u6d77\u519b\u53d1\u751f\u5bf9\u5cd9\u201d", "events": [{"trigger": {"text": "\u5bf9\u5cd9", "offset": 26, "length": 2}, "object": {"text": "", "offset": 0, "length": 0}, "subject": {"text": "", "offset": 0, "length": 0}}], "arguments": {"time": [], "loc": [{"text": "\u5357\u6c99\u7fa4\u5c9b", "offset": 11, "length": 4}], "country": [{"text": "\u4e2d\u56fd", "offset": 20, "length": 2}], "weapon": []}}, {"sentence": "\u3010\u73af\u7403\u7f51\u62a5\u9053 \u8bb0\u8005 \u5f90\u7490\u660e\u3011", "events": [], "arguments": {"time": [], "loc": [], "country": [], "weapon": []}}, {"sentence": "\u8fd1\u65e5\u6fb3\u5927\u5229\u4e9a\u6d3e\u51fa\u591a\u8fbe5\u8258\u519b\u8230\u5728\u5357\u6d77\u548c\u897f\u592a\u5e73\u6d0b\u4e0e\u7f8e\u56fd\u3001\u65e5\u672c\u5f00\u5c55\u8054\u5408\u6f14\u7ec3\uff0c\u6fb3\u5927\u5229\u4e9a\u5a92\u4f53\u6700\u65b0\u62a5\u9053\u8fd8\u66dd\u51fa\uff0c\u6fb3\u5927\u5229\u4e9a\u8230\u961f\u5728\u5357\u6d77\u822a\u884c\u671f\u95f4\u8fd8\u4e00\u5ea6\u4e0e\u4e2d\u56fd\u6d77\u519b\u53d1\u751f\u5bf9\u5cd9\u3002", "events": [{"trigger": {"text": "\u8054\u5408\u6f14\u7ec3", "offset": 30, "length": 4}, "subject": {"text": "\u6fb3\u5927\u5229\u4e9a\u6d3e\u51fa\u591a\u8fbe5\u8258\u519b\u8230\u5728\u5357\u6d77\u548c\u897f\u592a\u5e73\u6d0b\u4e0e\u7f8e\u56fd\u3001\u65e5\u672c", "offset": 2, "length": 26}, "object": {"text": "", "offset": 0, "length": 0}}, {"trigger": {"text": "\u5bf9\u5cd9", "offset": 72, "length": 2}, "object": {"text": "", "offset": 0, "length": 0}, "subject": {"text": "", "offset": 0, "length": 0}}, {"trigger": {"text": "\u822a\u884c", "offset": 58, "length": 2}, "object": {"text": "", "offset": 0, "length": 0}, "subject": {"text": "", "offset": 0, "length": 0}}], "arguments": {"time": [], "loc": [{"text": "\u5357\u6d77", "offset": 56, "length": 2}, {"text": "\u897f\u592a\u5e73\u6d0b", "offset": 18, "length": 4}, {"text": "\u5357\u6d77", "offset": 15, "length": 2}], "country": [{"text": "\u6fb3\u5927\u5229\u4e9a", "offset": 49, "length": 4}, {"text": "\u4e2d\u56fd", "offset": 66, "length": 2}, {"text": "\u6fb3\u5927\u5229\u4e9a", "offset": 2, "length": 4}, {"text": "\u7f8e\u56fd", "offset": 23, "length": 2}, {"text": "\u65e5\u672c", "offset": 26, "length": 2}, {"text": "\u6fb3\u5927\u5229\u4e9a", "offset": 35, "length": 4}], "weapon": []}}, {"sentence": "\u636e\u6fb3\u5927\u5229\u4e9aAbc.net\u65b0\u95fb\u7f51\u7ad97\u670822\u65e5\u79f0\uff0c\u6fb3\u5927\u5229\u4e9a\u519b\u8230\u5728\u5357\u6d77\u4e00\u5ea6\u4e0e\u4e2d\u56fd\u6d77\u519b\u53d1\u751f\u4e86\u5bf9\u5cd9\u3002", "events": [{"trigger": {"text": "\u5bf9\u5cd9", "offset": 42, "length": 2}, "object": {"text": "", "offset": 0, "length": 0}, "subject": {"text": "", "offset": 0, "length": 0}}], "arguments": {"time": [{"text": "7\u670822\u65e5", "offset": 16, "length": 5}], "loc": [{"text": "\u5357\u6d77", "offset": 30, "length": 2}], "country": [{"text": "\u6fb3\u5927\u5229\u4e9a", "offset": 1, "length": 4}, {"text": "\u6fb3\u5927\u5229\u4e9a", "offset": 23, "length": 4}, {"text": "\u4e2d\u56fd", "offset": 35, "length": 2}], "weapon": [{"text": "\u519b\u8230", "offset": 27, "length": 2}]}}, {"sentence": "\u5bf9\u5cd9\u4e8b\u4ef6\u53d1\u751f\u65f6\uff0c\u6fb3\u8230\u8239\u6b63\u5728\u5357\u6c99\u7fa4\u5c9b\u9644\u8fd1\u822a\u884c\u3002", "events": [{"trigger": {"text": "\u5bf9\u5cd9", "offset": 0, "length": 2}, "object": {"text": "", "offset": 0, "length": 0}, "subject": {"text": "", "offset": 0, "length": 0}}, {"trigger": {"text": "\u822a\u884c", "offset": 19, "length": 2}, "object": {"text": "", "offset": 0, "length": 0}, "subject": {"text": "", "offset": 0, "length": 0}}], "arguments": {"time": [], "loc": [{"text": "\u5357\u6c99\u7fa4\u5c9b", "offset": 13, "length": 4}], "country": [], "weapon": [{"text": "\u8230\u8239", "offset": 9, "length": 2}]}}, {"sentence": "\u8fd9\u4e9b\u519b\u8230\u5305\u62ec\u201c\u582a\u57f9\u62c9\u201d\u53f7\u4e24\u6816\u653b\u51fb\u8230\u3001\u201c\u970d\u5df4\u7279\u201d\u53f7\u9a71\u9010\u8230\u3001\u201c\u65af\u56fe\u5c14\u7279\u201d\u53f7\u548c\u201c\u963f\u5170\u8fbe\u201d\u53f7\u62a4\u536b\u8230\u4ee5\u53ca\u201c\u5929\u72fc\u661f\u201d\u53f7\u7efc\u5408\u8865\u7ed9\u8230\uff0c\u5f53\u65f6\u5b83\u4eec\u6b63\u5728\u5357\u6d77\u53c2\u52a0\u519b\u4e8b\u6f14\u4e60\u3002", "events": [{"trigger": {"text": "\u519b\u4e8b\u6f14\u4e60", "offset": 69, "length": 4}, "object": {"text": "", "offset": 0, "length": 0}, "subject": {"text": "", "offset": 0, "length": 0}}], "arguments": {"time": [], "loc": [{"text": "\u5357\u6d77", "offset": 65, "length": 2}], "country": [], "weapon": [{"text": "\u201c\u582a\u57f9\u62c9\u201d\u53f7\u4e24\u6816\u653b\u51fb\u8230", "offset": 6, "length": 11}, {"text": "\u201c\u970d\u5df4\u7279\u201d\u53f7\u9a71\u9010\u8230", "offset": 18, "length": 9}, {"text": "\u201c\u65af\u56fe\u5c14\u7279\u201d\u53f7", "offset": 28, "length": 7}, {"text": "\u201c\u963f\u5170\u8fbe\u201d\u53f7\u62a4\u536b\u8230", "offset": 36, "length": 9}, {"text": "\u201c\u5929\u72fc\u661f\u201d\u53f7\u7efc\u5408\u8865\u7ed9\u8230", "offset": 47, "length": 11}]}}, {"sentence": "\u62a5\u9053\u5ba3\u79f0\uff0c\u6fb3\u5927\u5229\u4e9a\u519b\u8230\u6ca1\u6709\u8fdb\u5165\u5230\u5357\u6c99\u7fa4\u5c9b12\u6d77\u91cc\u4ee5\u5185\u3002", "events": [], "arguments": {"time": [], "loc": [{"text": "\u5357\u6c99\u7fa4\u5c9b", "offset": 16, "length": 4}], "country": [{"text": "\u6fb3\u5927\u5229\u4e9a", "offset": 5, "length": 4}], "weapon": [{"text": "\u519b\u8230", "offset": 9, "length": 2}]}}, {"sentence": "\u6fb3\u5927\u5229\u4e9a\u56fd\u9632\u90e8\u5728\u4e00\u4efd\u58f0\u660e\u4e2d\u8bf4\uff0c\u5728\u6574\u4e2a\u90e8\u7f72\u8fc7\u7a0b\u4e2d\uff0c\u4e0e\u5916\u56fd\u519b\u8230\u7684\u8ba1\u5212\u5916\u4e92\u52a8\u662f\u4ee5\u5b89\u5168\u548c\u4e13\u4e1a\u7684\u65b9\u5f0f\u8fdb\u884c\u7684\uff0c\u201c\u5728\u90e8\u7f72\u671f\u95f4\u8fdb\u884c\u7684\u6d3b\u52a8\u662f\u6fb3\u5927\u5229\u4e9a\u56fd\u9632\u529b\u91cf\u5728\u6574\u4e2a\u5370\u5ea6-\u592a\u5e73\u6d0b\u5730\u533a\u7684\u5e74\u5ea6\u5e38\u89c4\u6d3b\u52a8\u7684\u4e00\u90e8\u5206\u3002", "events": [{"trigger": {"text": "\u90e8\u7f72", "offset": 18, "length": 2}, "object": {"text": "", "offset": 0, "length": 0}, "subject": {"text": "", "offset": 0, "length": 0}}, {"trigger": {"text": "\u90e8\u7f72", "offset": 51, "length": 2}, "object": {"text": "", "offset": 0, "length": 0}, "subject": {"text": "", "offset": 0, "length": 0}}], "arguments": {"time": [], "loc": [{"text": "\u5370\u5ea6-\u592a\u5e73\u6d0b\u5730\u533a", "offset": 72, "length": 8}], "country": [{"text": "\u6fb3\u5927\u5229\u4e9a", "offset": 0, "length": 4}, {"text": "\u6fb3\u5927\u5229\u4e9a", "offset": 61, "length": 4}], "weapon": []}}, {"sentence": "\u201d\u62a5\u9053\u8fd8\u63d0\u53ca\uff0c\u6fb3\u5927\u5229\u4e9a\u6d77\u519b\u53bb\u5e74\u5728\u5357\u6d77\u4e00\u6b21\u7c7b\u4f3c\u822a\u884c\u6d3b\u52a8\u4e5f\u53d7\u5230\u4e86\u4e2d\u56fd\u519b\u65b9\u7684\u5bc6\u5207\u5173\u6ce8\u3002", "events": [{"trigger": {"text": "\u822a\u884c", "offset": 22, "length": 2}, "object": {"text": "", "offset": 0, "length": 0}, "subject": {"text": "", "offset": 0, "length": 0}}], "arguments": {"time": [], "loc": [{"text": "\u5357\u6d77", "offset": 16, "length": 2}], "country": [{"text": "\u6fb3\u5927\u5229\u4e9a", "offset": 7, "length": 4}, {"text": "\u4e2d\u56fd", "offset": 30, "length": 2}], "weapon": []}}, {"sentence": "\u65e5\u672c\u6d77\u4e0a\u81ea\u536b\u961f7\u670821\u65e5\u5728\u5176\u793e\u4ea4\u5a92\u4f53\u7684\u5b98\u65b9\u8d26\u53f7\u4e0a\u53d1\u5e03\u6d88\u606f\u79f0\uff0c\u65e5\u672c\u6d77\u4e0a\u81ea\u536b\u961f\u6b63\u5728\u4e0e\u7f8e\u56fd\u6d77\u519b\u7684\u201c\u91cc\u6839\u201d\u53f7\u822a\u6bcd\u6218\u6597\u7fa4\u4ee5\u53ca\u6fb3\u5927\u5229\u4e9a\u6d77\u519b\u201c\u582a\u57f9\u62c9\u201d\u53f7\u4e24\u6816\u653b\u51fb\u8230\u8230\u961f\u5728\u5357\u6d77\u53ca\u897f\u592a\u5e73\u6d0b\u5f00\u5c55\u8054\u5408\u6f14\u7ec3\u3002", "events": [{"trigger": {"text": "\u8054\u5408\u6f14\u7ec3", "offset": 86, "length": 4}, "object": {"text": "", "offset": 0, "length": 0}, "subject": {"text": "", "offset": 0, "length": 0}}], "arguments": {"time": [{"text": "7\u670821\u65e5", "offset": 7, "length": 5}], "loc": [{"text": "\u6d77\u4e0a", "offset": 2, "length": 2}, {"text": "\u6d77\u4e0a", "offset": 32, "length": 2}, {"text": "\u5357\u6d77", "offset": 77, "length": 2}, {"text": "\u897f\u592a\u5e73\u6d0b", "offset": 80, "length": 4}], "country": [{"text": "\u65e5\u672c", "offset": 0, "length": 2}, {"text": "\u65e5\u672c", "offset": 30, "length": 2}, {"text": "\u7f8e\u56fd", "offset": 40, "length": 2}, {"text": "\u6fb3\u5927\u5229\u4e9a", "offset": 57, "length": 4}], "weapon": [{"text": "\u201c\u91cc\u6839\u201d\u53f7\u822a\u6bcd\u6218\u6597\u7fa4", "offset": 45, "length": 10}, {"text": "\u201c\u582a\u57f9\u62c9\u201d\u53f7\u4e24\u6816\u653b\u51fb\u8230", "offset": 63, "length": 11}]}}, {"sentence": "\u4ece\u65e5\u672c\u6d77\u4e0a\u81ea\u536b\u961f\u516c\u5e03\u7684\u73b0\u573a\u753b\u9762\u6765\u770b\uff0c\u591a\u8fbe9\u8258\u8230\u8239\u5728\u6c34\u9762\u7ec4\u6210\u5927\u578b\u7f16\u961f\uff0c\u671f\u95f4\u7f8e\u56fd\u201c\u91cc\u6839\u201d\u53f7\u822a\u6bcd\u8fd8\u51fa\u52a812\u67b6\u8230\u8f7d\u6218\u6597\u673a\u4ece\u8230\u8247\u7f16\u961f\u4e0a\u65b9\u98de\u8fc7\u3002", "events": [{"trigger": {"text": "\u98de\u8fc7", "offset": 63, "length": 2}, "object": {"text": "", "offset": 0, "length": 0}, "subject": {"text": "", "offset": 0, "length": 0}}], "arguments": {"time": [], "loc": [{"text": "\u6d77\u4e0a", "offset": 3, "length": 2}], "country": [{"text": "\u65e5\u672c", "offset": 1, "length": 2}, {"text": "\u7f8e\u56fd", "offset": 36, "length": 2}], "weapon": [{"text": "\u201c\u91cc\u6839\u201d\u53f7\u822a\u6bcd", "offset": 38, "length": 7}, {"text": "\u8230\u8f7d\u6218\u6597\u673a", "offset": 51, "length": 5}]}}, {"sentence": "\u4e2d\u56fd\u519b\u4e8b\u95ee\u9898\u4e13\u5bb6\u674e\u6770\u6b64\u524d\u5728\u63a5\u53d7\u300a\u73af\u7403\u65f6\u62a5\u300b\u8bb0\u8005\u91c7\u8bbf\u65f6\u8868\u793a\uff0c\u4e2d\u56fd\u4ece\u672a\u59a8\u788d\u8fc7\u4efb\u4f55\u56fd\u5bb6\u5728\u5357\u6d77\u5730\u533a\u7684\u81ea\u7531\u822a\u884c\uff0c\u540c\u65f6\u4e5f\u575a\u51b3\u53cd\u5bf9\u6270\u4e71\u5357\u6d77\u5c40\u52bf\u7684\u505a\u6cd5\u3002", "events": [{"trigger": {"text": "\u822a\u884c", "offset": 48, "length": 2}, "object": {"text": "", "offset": 0, "length": 0}, "subject": {"text": "", "offset": 0, "length": 0}}], "arguments": {"time": [], "loc": [{"text": "\u5357\u6d77\u5730\u533a", "offset": 41, "length": 4}, {"text": "\u5357\u6d77", "offset": 60, "length": 2}], "country": [{"text": "\u4e2d\u56fd", "offset": 0, "length": 2}, {"text": "\u4e2d\u56fd", "offset": 29, "length": 2}], "weapon": []}}, {"sentence": "\u800c\u4e14\uff0c\u5357\u6d77\u5730\u533a\u4e8b\u52a1\u5e94\u8be5\u7531\u5f53\u4e8b\u65b9\u534f\u5546\u89e3\u51b3\uff0c\u5305\u62ec\u7f8e\u56fd\u5728\u5185\u7684\u57df\u5916\u56fd\u5bb6\u65e0\u6743\u63d2\u624b\uff0c\u66f4\u4e0d\u5e94\u717d\u52a8\u4ed6\u56fd\u4ecb\u5165\uff0c\u5426\u5219\u53ea\u4f1a\u5bfc\u81f4\u5f62\u52bf\u66f4\u52a0\u4e25\u5cfb\u590d\u6742\u3002", "events": [], "arguments": {"time": [], "loc": [{"text": "\u5357\u6d77\u5730\u533a", "offset": 3, "length": 4}], "country": [{"text": "\u7f8e\u56fd", "offset": 22, "length": 2}], "weapon": []}}, {"sentence": "\u4e2d\u56fd\u5916\u4ea4\u90e8\u53d1\u8a00\u4eba\u8d75\u7acb\u575a\u57287\u67088\u65e5\u4e3e\u884c\u7684\u4f8b\u884c\u8bb0\u8005\u4f1a\u4e0a\u8868\u793a\uff0c\u5f53\u524d\uff0c\u5728\u5730\u533a\u56fd\u5bb6\u7684\u5171\u540c\u52aa\u529b\u4e0b\uff0c\u4e1c\u6d77\u3001\u5357\u6d77\u5c40\u52bf\u4fdd\u6301\u603b\u4f53\u7a33\u5b9a\u5e76\u5411\u597d\u53d1\u5c55\u3002", "events": [], "arguments": {"time": [{"text": "7\u67088\u65e5", "offset": 12, "length": 4}], "loc": [{"text": "\u4e1c\u6d77", "offset": 43, "length": 2}, {"text": "\u5357\u6d77", "offset": 46, "length": 2}], "country": [{"text": "\u4e2d\u56fd", "offset": 0, "length": 2}], "weapon": []}}, {"sentence": "\u5728\u6b64\u5f62\u52bf\u4e0b\uff0c\u4e2a\u522b\u57df\u5916\u56fd\u5bb6\u4ece\u4e00\u5df1\u79c1\u5229\u51fa\u53d1\uff0c\u9891\u7e41\u7092\u4f5c\u4e1c\u6d77\u3001\u5357\u6d77\u6709\u5173\u95ee\u9898\uff0c\u751a\u81f3\u6d3e\u9063\u5927\u89c4\u6a21\u5148\u8fdb\u519b\u8230\u3001\u98de\u673a\u8fdb\u5165\u76f8\u5173\u6d77\u57df\uff0c\u63a8\u52a8\u519b\u4e8b\u5316\uff0c\u5a01\u80c1\u5730\u533a\u548c\u5e73\u7a33\u5b9a\u3002", "events": [{"trigger": {"text": "\u51fa\u53d1", "offset": 17, "length": 2}, "object": {"text": "", "offset": 0, "length": 0}, "subject": {"text": "", "offset": 0, "length": 0}}, {"trigger": {"text": "\u6d3e\u9063", "offset": 36, "length": 2}, "object": {"text": "", "offset": 0, "length": 0}, "subject": {"text": "", "offset": 0, "length": 0}}, {"trigger": {"text": "\u8fdb\u5165", "offset": 48, "length": 2}, "object": {"text": "", "offset": 0, "length": 0}, "subject": {"text": "", "offset": 0, "length": 0}}], "arguments": {"time": [], "loc": [{"text": "\u4e1c\u6d77", "offset": 24, "length": 2}, {"text": "\u5357\u6d77", "offset": 27, "length": 2}], "country": [], "weapon": [{"text": "\u519b\u8230", "offset": 43, "length": 2}, {"text": "\u98de\u673a", "offset": 46, "length": 2}]}}, {"sentence": "\u201c\u4e2d\u65b9\u5bf9\u6b64\u575a\u51b3\u53cd\u5bf9\uff0c\u6566\u4fc3\u6709\u5173\u56fd\u5bb6\u8ba4\u6e05\u5730\u533a\u53d1\u5c55\u7684\u4e3b\u6d41\u548c\u5927\u52bf\uff0c\u5c0a\u91cd\u5730\u533a\u56fd\u5bb6\u7ef4\u62a4\u6709\u5173\u6d77\u57df\u548c\u5e73\u7a33\u5b9a\u7684\u52aa\u529b\u3002", "events": [], "arguments": {"time": [], "loc": [], "country": [{"text": "\u4e2d\u65b9", "offset": 1, "length": 2}], "weapon": []}}, {"sentence": "\u201d", "events": [], "arguments": {"time": [], "loc": [], "country": [], "weapon": []}}]