[{"sentence": "\u5efa\u9ad8\u4eff\u7b49\u6bd4\u6a21\u578b\u5f53\u4e3a\u201c\u966a\u7ec3\u201d\uff1f", "events": [], "arguments": {"time": [], "loc": [], "country": [], "weapon": []}}, {"sentence": " \u6b7c-20\u5168\u5c3a\u5bf8\u6a21\u578b\u73b0\u8eab\u7f8e\u519b\u57fa\u5730", "events": [{"trigger": {"text": "\u73b0\u8eab", "offset": 10, "length": 2}, "object": {"text": "", "offset": 0, "length": 0}, "subject": {"text": "", "offset": 0, "length": 0}}], "arguments": {"time": [], "loc": [{"text": "\u7f8e\u519b\u57fa\u5730", "offset": 12, "length": 4}], "country": [], "weapon": [{"text": "\u6b7c-20", "offset": 1, "length": 4}]}}, {"sentence": "\u3010\u73af\u7403\u65f6\u62a5\u8bb0\u8005 \u9b4f\u9f50\u3011", "events": [], "arguments": {"time": [], "loc": [], "country": [], "weapon": []}}, {"sentence": "\u6700\u8fd1\uff0c\u6b7c-20\u7684\u5916\u89c2\u8bbe\u8ba1\u4e13\u5229\u8363\u83b7\u4e2d\u56fd\u4e13\u5229\u5956\u5916\u89c2\u8bbe\u8ba1\u91d1\u5956\uff0c\u800c\u4e00\u76f4\u5f3a\u8c03\u4fdd\u62a4\u77e5\u8bc6\u4ea7\u6743\u7684\u7f8e\u56fd\u4eba\u5374\u5728\u5077\u5077\u6a21\u4eff\u8be5\u673a\u5916\u5f62\u9020\u201c\u5047\u6b7c-20\u201d\u3002", "events": [], "arguments": {"time": [], "loc": [], "country": [{"text": "\u4e2d\u56fd", "offset": 16, "length": 2}, {"text": "\u7f8e\u56fd", "offset": 40, "length": 2}], "weapon": [{"text": "\u6b7c-20", "offset": 3, "length": 4}, {"text": "\u6b7c-20", "offset": 56, "length": 4}]}}, {"sentence": "\u636e\u7f8e\u56fd\u201c\u5546\u4e1a\u5185\u5e55\u201d\u7f51\u7ad921\u65e5\u62a5\u9053\uff0c\u6700\u65b0\u536b\u661f\u7167\u7247\u663e\u793a1\u67b6\u6b7c-20\u6218\u673a\u7684\u5168\u6bd4\u4f8b\u6a21\u578b\u51fa\u73b0\u5728\u7f8e\u56fd\u6d77\u519b\u9646\u6218\u961f\u4e00\u5904\u57fa\u5730\u5185\u3002", "events": [{"trigger": {"text": "\u51fa\u73b0\u5728", "offset": 39, "length": 3}, "object": {"text": "", "offset": 0, "length": 0}, "subject": {"text": "", "offset": 0, "length": 0}}], "arguments": {"time": [{"text": "21\u65e5", "offset": 11, "length": 3}], "loc": [{"text": "\u7f8e\u56fd\u6d77\u519b\u9646\u6218\u961f", "offset": 42, "length": 7}, {"text": "\u57fa\u5730", "offset": 0, "length": 2}], "country": [{"text": "\u7f8e\u56fd", "offset": 1, "length": 2}, {"text": "\u7f8e\u56fd", "offset": 42, "length": 2}], "weapon": [{"text": "\u6b7c-20\u6218\u673a", "offset": 27, "length": 6}]}}, {"sentence": "\u4e0d\u8fc7\uff0c\u7f8e\u56fd\u519b\u65b9\u5236\u9020\u8be5\u673a\u7684\u76ee\u7684\u5c1a\u4e0d\u6e05\u695a\u3002", "events": [{"trigger": {"text": "\u5236\u9020", "offset": 7, "length": 2}, "object": {"text": "", "offset": 0, "length": 0}, "subject": {"text": "", "offset": 0, "length": 0}}], "arguments": {"time": [], "loc": [], "country": [{"text": "\u7f8e\u56fd", "offset": 3, "length": 2}], "weapon": []}}, {"sentence": "\u7f8e\u56fd\u5f88\u5c11\u5236\u9020\u5bf9\u624b\u6218\u673a\u7684\u5927\u6bd4\u4f8b\u6a21\u578b\u8fdb\u884c\u7814\u7a76\u6216\u8bad\u7ec3\uff0c\u66f4\u591a\u60c5\u51b5\u4e0b\u662f\u60f3\u529e\u6cd5\u83b7\u53d6\u5bf9\u624b\u771f\u6b63\u6218\u673a\u6216\u8005\u7528\u81ea\u5df1\u7684\u6218\u673a\u6a21\u62df\u5bf9\u65b9\u6218\u673a\u8fdb\u884c\u8bad\u7ec3\u8bc4\u4f30\u3002", "events": [{"trigger": {"text": "\u7814\u7a76", "offset": 18, "length": 2}, "object": {"text": "", "offset": 0, "length": 0}, "subject": {"text": "", "offset": 0, "length": 0}}, {"trigger": {"text": "\u8bad\u7ec3", "offset": 57, "length": 2}, "object": {"text": "", "offset": 0, "length": 0}, "subject": {"text": "", "offset": 0, "length": 0}}, {"trigger": {"text": "\u8bad\u7ec3", "offset": 21, "length": 2}, "object": {"text": "", "offset": 0, "length": 0}, "subject": {"text": "", "offset": 0, "length": 0}}], "arguments": {"time": [], "loc": [], "country": [{"text": "\u7f8e\u56fd", "offset": 0, "length": 2}], "weapon": [{"text": "\u6218\u673a", "offset": 47, "length": 2}, {"text": "\u6218\u673a", "offset": 53, "length": 2}]}}, {"sentence": "\u7f8e\u519b\u9020\u6b7c-20\u6a21\u578b\u60f3\u5e72\u5565", "events": [], "arguments": {"time": [], "loc": [], "country": [{"text": "\u7f8e", "offset": 0, "length": 1}], "weapon": [{"text": "\u6b7c-20\u6a21\u578b", "offset": 3, "length": 6}]}}, {"sentence": "\u201c\u5546\u4e1a\u5185\u5e55\u201d\u7f51\u7ad9\u9898\u4e3a\u201c\u536b\u661f\u56fe\u50cf\u663e\u793a\u4e2d\u56fd\u6b7c-20\u6a21\u578b\u51fa\u73b0\u5728\u5317\u5361\u7f57\u6765\u7eb3\u5dde\u6d77\u519b\u9646\u6218\u961f\u673a\u573a\u201d\u7684\u62a5\u9053\u79f0\uff0c2018\u5e7412\u6708\u9996\u6b21\u53d1\u73b0\u7684\u6b7c-20\u8bad\u7ec3\u6a21\u578b\u88ab\u7f8e\u56fd\u6d77\u519b\u9646\u6218\u961f\u653e\u5728\u4e86\u7f8e\u56fd\u5317\u5361\u7f57\u6765\u7eb3\u5dde\u7684\u4e00\u4e2a\u673a\u573a\u3002", "events": [{"trigger": {"text": "\u51fa\u73b0\u5728", "offset": 25, "length": 3}, "object": {"text": "", "offset": 0, "length": 0}, "subject": {"text": "", "offset": 0, "length": 0}}, {"trigger": {"text": "\u8bad\u7ec3", "offset": 64, "length": 2}, "object": {"text": "", "offset": 0, "length": 0}, "subject": {"text": "", "offset": 0, "length": 0}}], "arguments": {"time": [{"text": "2018\u5e7412\u6708", "offset": 47, "length": 8}], "loc": [{"text": "\u5317\u5361\u7f57\u6765\u7eb3\u5dde\u6d77\u519b\u9646\u6218\u961f\u673a\u573a", "offset": 28, "length": 13}, {"text": "\u7f8e\u56fd\u5317\u5361\u7f57\u6765\u7eb3\u5dde\u7684\u4e00\u4e2a\u673a\u573a", "offset": 79, "length": 13}], "country": [{"text": "\u4e2d\u56fd", "offset": 17, "length": 2}, {"text": "\u7f8e\u56fd", "offset": 69, "length": 2}, {"text": "\u7f8e\u56fd", "offset": 79, "length": 2}], "weapon": []}}, {"sentence": "\u62a5\u9053\u79f0\uff0c2018\u5e7412\u6708\uff0c\u5916\u754c\u9996\u6b21\u53d1\u73b0\u4e00\u67b6\u201c\u6b7c-20\u201d\u51fa\u73b0\u5728\u7f8e\u56fd\u4f50\u6cbb\u4e9a\u5dde\u7684\u4e00\u4e2a\u673a\u573a\uff0c\u56fe\u7247\u663e\u793a\u90a3\u662f\u4e00\u67b6\u6b7c-20\u7684\u6a21\u578b\uff0c\u7167\u7247\u7684\u4f4d\u7f6e\u4fe1\u606f\u663e\u793a\uff0c\u8fd9\u5f20\u7167\u7247\u662f\u5728\u8428\u51e1\u7eb3-\u5e0c\u5c14\u987f\u9ed1\u5fb7\u56fd\u9645\u673a\u573a\u7684\u7f8e\u56fd\u7a7a\u519b\u7a7a\u4e2d\u4f18\u52bf\u4e2d\u5fc3\u524d\u62cd\u6444\u7684\uff0c\u5728\u90a3\u91cc\u7684\u7f8e\u56fd\u7a7a\u519b\u548c\u7a7a\u519b\u9884\u5907\u5f79\u90e8\u961f\u88c5\u5907\u5f88\u591a\u98de\u673a\u3002", "events": [{"trigger": {"text": "\u51fa\u73b0\u5728", "offset": 27, "length": 3}, "object": {"text": "", "offset": 0, "length": 0}, "subject": {"text": "", "offset": 0, "length": 0}}], "arguments": {"time": [{"text": "2018\u5e7412\u6708", "offset": 4, "length": 8}], "loc": [{"text": "\u4f50\u6cbb\u4e9a\u5dde", "offset": 32, "length": 4}, {"text": "\u673a\u573a", "offset": 0, "length": 2}, {"text": "\u8428\u51e1\u7eb3-\u5e0c\u5c14\u987f\u9ed1\u5fb7\u56fd\u9645\u673a\u573a", "offset": 74, "length": 13}], "country": [{"text": "\u7f8e\u56fd", "offset": 30, "length": 2}, {"text": "\u7f8e\u56fd", "offset": 88, "length": 2}, {"text": "\u7f8e\u56fd", "offset": 107, "length": 2}], "weapon": [{"text": "\u201c\u6b7c-20\u201d", "offset": 21, "length": 6}, {"text": "\u6b7c-20", "offset": 50, "length": 4}]}}, {"sentence": "\u51e0\u5929\u540e\uff0c\u8428\u51e1\u7eb3\u7a7a\u4e2d\u4f18\u52bf\u4e2d\u5fc3\u6307\u6325\u5b98\u4f0a\u66fc\u7ebd\u5c14\u00b7\u54c8\u5c14\u591a\u666e\u6d1b\u65af\u4e0a\u6821\u786e\u8ba4\uff0c\u8fd9\u67b6\u98de\u673a\u662f\u4e00\u4e2a\u7b49\u6bd4\u4f8b\u7684\u590d\u5236\u54c1\uff0c\u57282018\u5e7412\u67084\u65e5\u81f36\u65e5\uff0c\u5728\u7a7a\u4e2d\u4f18\u52bf\u4e2d\u5fc3\u77ed\u6682\u505c\u7559\u3002", "events": [], "arguments": {"time": [{"text": "2018\u5e7412\u67084\u65e5\u81f36\u65e5", "offset": 48, "length": 13}], "loc": [], "country": [], "weapon": []}}, {"sentence": "\u7f8e\u6d77\u519b\u9646\u6218\u961f\u6b63\u5728\u4e3a\u5b83\u63d0\u4f9b\u8d44\u91d1\uff0c\u5e76\u5c06\u6b64\u8bbe\u5907\u7528\u4e8e\u8bad\u7ec3\u76ee\u7684\u3002", "events": [{"trigger": {"text": "\u8bad\u7ec3", "offset": 22, "length": 2}, "object": {"text": "", "offset": 0, "length": 0}, "subject": {"text": "", "offset": 0, "length": 0}}], "arguments": {"time": [], "loc": [], "country": [{"text": "\u7f8e", "offset": 0, "length": 1}], "weapon": []}}, {"sentence": "\u800c\u7f8e\u56fd\u6d77\u519b\u9646\u6218\u961f\u5b98\u65b9\u6d88\u606f\u5e76\u6ca1\u6709\u62ab\u9732\u8be5\u6a21\u578b\u7684\u5177\u4f53\u4f5c\u7528\u3002", "events": [], "arguments": {"time": [], "loc": [], "country": [{"text": "\u7f8e\u56fd", "offset": 1, "length": 2}], "weapon": []}}, {"sentence": "\u7f8e\u6d77\u519b\u9646\u6218\u961f\u8bad\u7ec3\u4e0e\u6559\u80b2\u53f8\u4ee4\u90e8\uff08TECOM\uff09\u7ed9\u7f8e\u56fd\u300a\u6d77\u519b\u9646\u6218\u961f\u65f6\u62a5\u300b\u7684\u4e00\u4efd\u58f0\u660e\u79f0\uff0c\u4e2d\u56fd\u6218\u673a\u6a21\u578b\u7528\u4e8e\u201c\u76ee\u89c6\u548c\u4f20\u611f\u5668\u8bad\u7ec3\u201d\u3002", "events": [{"trigger": {"text": "\u8bad\u7ec3", "offset": 6, "length": 2}, "object": {"text": "", "offset": 0, "length": 0}, "subject": {"text": "", "offset": 0, "length": 0}}, {"trigger": {"text": "\u8bad\u7ec3", "offset": 55, "length": 2}, "object": {"text": "", "offset": 0, "length": 0}, "subject": {"text": "", "offset": 0, "length": 0}}], "arguments": {"time": [], "loc": [], "country": [{"text": "\u7f8e\u56fd", "offset": 22, "length": 2}, {"text": "\u4e2d\u56fd", "offset": 40, "length": 2}], "weapon": [{"text": "\u6218\u673a", "offset": 42, "length": 2}]}}, {"sentence": "\u58f0\u660e\u8868\u793a\uff0c\u7f8e\u6d77\u519b\u9646\u6218\u961f\u8981\u201c\u590d\u5236\u5404\u79cd\u5a01\u80c1\u7cfb\u7edf\u201d\u3002", "events": [], "arguments": {"time": [], "loc": [], "country": [{"text": "\u7f8e", "offset": 5, "length": 1}], "weapon": []}}, {"sentence": "TECOM\u8868\u793a\uff0c\u8fd9\u4e2a\u6a21\u578b\u7531\u4f50\u6cbb\u4e9a\u5dde\u62c9\u683c\u6717\u65e5\u7684\u4e00\u4e2a\u627f\u5305\u5546\u5236\u9020\uff0c\u7136\u540e\u88ab\u8f6c\u79fb\u5230\u4f50\u6cbb\u4e9a\u5dde\u8428\u51e1\u7eb3\u7684\u7a7a\u4e2d\u4f18\u52bf\u4e2d\u5fc3\uff0c\u4ee5\u8bc4\u4f30\u88c5\u914d\u548c\u5206\u89e3\u8fc7\u7a0b\u3001\u70ed\u5b66\u548c\u5149\u5b66\u4fe1\u53f7\uff0c\u5e76\u4e3a\u5411\u5317\u5361\u7f57\u6765\u7eb3\u9009\u5b9a\u7684\u8bad\u7ec3\u533a\u8fd0\u8f93\u505a\u597d\u51c6\u5907\u3002", "events": [{"trigger": {"text": "\u8bad\u7ec3", "offset": 81, "length": 2}, "object": {"text": "", "offset": 0, "length": 0}, "subject": {"text": "", "offset": 0, "length": 0}}], "arguments": {"time": [], "loc": [{"text": "\u4f50\u6cbb\u4e9a\u5dde\u62c9\u683c\u6717\u65e5", "offset": 13, "length": 8}, {"text": "\u4f50\u6cbb\u4e9a\u5dde\u8428\u51e1\u7eb3\u7684\u7a7a\u4e2d\u4f18\u52bf\u4e2d\u5fc3", "offset": 36, "length": 14}, {"text": "\u5317\u5361\u7f57\u6765\u7eb3", "offset": 73, "length": 5}], "country": [], "weapon": []}}, {"sentence": "\u7814\u7a76\u5bf9\u624b\u6218\u673a\u6a21\u578b\u4e0d\u5bfb\u5e38", "events": [{"trigger": {"text": "\u7814\u7a76", "offset": 0, "length": 2}, "object": {"text": "", "offset": 0, "length": 0}, "subject": {"text": "", "offset": 0, "length": 0}}], "arguments": {"time": [], "loc": [], "country": [], "weapon": [{"text": "\u6218\u673a", "offset": 4, "length": 2}]}}, {"sentence": "\u4e0d\u613f\u900f\u9732\u59d3\u540d\u7684\u4e2d\u56fd\u4e13\u5bb622\u65e5\u5bf9\u300a\u73af\u7403\u65f6\u62a5\u300b\u8bb0\u8005\u8868\u793a\uff0c\u7f8e\u519b\u5f88\u5c11\u5236\u4f5c\u5bf9\u624b\u98de\u673a\u7684\u5168\u6bd4\u4f8b\u6a21\u578b\u8fdb\u884c\u7814\u7a76\u3002", "events": [{"trigger": {"text": "\u7814\u7a76", "offset": 44, "length": 2}, "object": {"text": "", "offset": 0, "length": 0}, "subject": {"text": "", "offset": 0, "length": 0}}], "arguments": {"time": [{"text": "22\u65e5", "offset": 11, "length": 3}], "loc": [], "country": [{"text": "\u4e2d\u56fd", "offset": 7, "length": 2}], "weapon": [{"text": "\u98de\u673a", "offset": 34, "length": 2}]}}, {"sentence": "\u4e00\u822c\u800c\u8a00\uff0c\u5982\u679c\u662f\u7528\u4e8e\u7814\u7a76\u6c14\u52a8\u6570\u636e\uff0c\u53ef\u5236\u4f5c\u8f83\u5c0f\u7684\u98ce\u6d1e\u6a21\u578b\uff0c\u8fdb\u884c\u5439\u98ce\u8bd5\u9a8c\uff0c\u518d\u7ed3\u5408\u8ba1\u7b97\u673a\u4eff\u771f\uff0c\u53ef\u5927\u81f4\u5206\u6790\u5bf9\u624b\u6218\u673a\u7684\u4e00\u4e9b\u6027\u80fd\u53c2\u6570\u3002", "events": [{"trigger": {"text": "\u8bd5\u9a8c", "offset": 32, "length": 2}, "object": {"text": "", "offset": 0, "length": 0}, "subject": {"text": "", "offset": 0, "length": 0}}], "arguments": {"time": [], "loc": [], "country": [], "weapon": [{"text": "\u6218\u673a", "offset": 51, "length": 2}]}}, {"sentence": "\u82cf\u8054\u5728\u7814\u5236\u82cf-27\u524d\u540e\uff0c\u5c31\u66fe\u6309\u7167\u6b64\u529e\u6cd5\u6765\u5206\u6790\u7f8e\u56fdF-15\u6218\u6597\u673a\u7684\u6280\u6218\u672f\u53c2\u6570\uff0c\u4e3a\u82cf-27\u7684\u53c2\u6570\u5236\u5b9a\u63d0\u4f9b\u53c2\u8003\u3002", "events": [{"trigger": {"text": "\u7814\u5236", "offset": 3, "length": 2}, "object": {"text": "", "offset": 0, "length": 0}, "subject": {"text": "", "offset": 0, "length": 0}}], "arguments": {"time": [], "loc": [], "country": [{"text": "\u82cf\u8054", "offset": 0, "length": 2}, {"text": "\u7f8e\u56fd", "offset": 22, "length": 2}], "weapon": [{"text": "F-15\u6218\u6597\u673a", "offset": 24, "length": 7}]}}, {"sentence": "\u4e0d\u8fc7\uff0c\u5982\u679c\u662f\u6d4b\u8bd5\u98de\u673a\u7684\u96f7\u8fbe\u6563\u5c04\u622a\u9762\u79ef\uff08RCS\uff09\uff0c\u5c0f\u6bd4\u4f8b\u6a21\u578b\u7684\u51c6\u786e\u5ea6\u6b20\u4f73\uff0c\u5c31\u9700\u8981\u8fdb\u884c\u7b49\u6bd4\u4f8b\u6a21\u578b\u7684\u6d4b\u8bd5\u3002", "events": [{"trigger": {"text": "\u6d4b\u8bd5", "offset": 6, "length": 2}, "object": {"text": "", "offset": 0, "length": 0}, "subject": {"text": "", "offset": 0, "length": 0}}, {"trigger": {"text": "\u6d4b\u8bd5", "offset": 47, "length": 2}, "object": {"text": "", "offset": 0, "length": 0}, "subject": {"text": "", "offset": 0, "length": 0}}], "arguments": {"time": [], "loc": [], "country": [], "weapon": [{"text": "\u98de\u673a", "offset": 8, "length": 2}]}}, {"sentence": "\u4f46\u8fd9\u5bf9\u6a21\u578b\u7684\u7cbe\u5ea6\u8981\u6c42\u5f88\u9ad8\uff0c\u800c\u4ece\u4e4b\u524d\u66dd\u5149\u7684\u7167\u7247\u6765\u770b\uff0c\u7f8e\u56fd\u7684\u8fd9\u4e2a\u6240\u8c13\u6b7c-20\u6a21\u578b\u7684\u7ec6\u8282\u5236\u4f5c\u8fc7\u4e8e\u7c97\u7cd9\uff0c\u751a\u81f3\u8fd8\u4e0d\u5982\u7535\u5f71\u9053\u5177\u903c\u771f\u3002", "events": [], "arguments": {"time": [], "loc": [], "country": [{"text": "\u7f8e\u56fd", "offset": 25, "length": 2}], "weapon": [{"text": "\u6b7c-20", "offset": 32, "length": 4}]}}, {"sentence": "\u5728\u8fd9\u4e2a\u6a21\u578b\u4e0a\u6050\u6015\u96be\u4ee5\u83b7\u53d6\u9ad8\u4ef7\u503c\u7684\u79d1\u5b66\u7814\u7a76\u6570\u636e\u3002", "events": [], "arguments": {"time": [], "loc": [], "country": [], "weapon": []}}, {"sentence": "\u53e6\u5916\uff0c\u8fd9\u4e2a\u6a21\u578b\u4f3c\u4e4e\u4e5f\u4e0d\u80fd\u98de\uff0c\u4e0d\u80fd\u8fdb\u884c\u5bf9\u6297\u6027\u8bad\u7ec3\u6216\u98de\u884c\u6d4b\u8bd5\u3002", "events": [{"trigger": {"text": "\u98de\u884c\u6d4b\u8bd5", "offset": 24, "length": 4}, "object": {"text": "", "offset": 0, "length": 0}, "subject": {"text": "", "offset": 0, "length": 0}}], "arguments": {"time": [], "loc": [], "country": [], "weapon": []}}, {"sentence": "\u6309\u7167\u7f8e\u56fd\u6d77\u519b\u9646\u6218\u961f\u7684\u8bf4\u6cd5\uff0c\u4e3b\u8981\u7528\u4e8e\u201c\u76ee\u89c6\u548c\u4f20\u611f\u5668\u8bad\u7ec3\u201d\uff0c\u53ef\u80fd\u5c31\u662f\u7528\u4e8e\u8bc6\u522b\u8bad\u7ec3\u3002", "events": [{"trigger": {"text": "\u8bad\u7ec3", "offset": 36, "length": 2}, "object": {"text": "", "offset": 0, "length": 0}, "subject": {"text": "", "offset": 0, "length": 0}}], "arguments": {"time": [], "loc": [], "country": [{"text": "\u7f8e\u56fd", "offset": 2, "length": 2}], "weapon": []}}, {"sentence": "\u4ece\u536b\u661f\u7167\u7247\u6765\u770b\uff0c\u8fd9\u67b6\u98de\u673a\u5916\u5f62\u8fd8\u662f\u548c\u6b7c-20\u6709\u51e0\u5206\u795e\u4f3c\u7684\uff0c\u81f3\u5c11\u4e00\u773c\u770b\u4e0a\u53bb\u77e5\u9053\u5b83\u6a21\u4eff\u7684\u662f\u6b7c-20\u3002", "events": [], "arguments": {"time": [], "loc": [], "country": [], "weapon": [{"text": "\u6b7c-20", "offset": 17, "length": 4}, {"text": "\u6b7c-20", "offset": 42, "length": 4}]}}, {"sentence": "\u4f46\u5982\u679c\u4ec5\u4ec5\u7528\u4e8e\u6b64\u76ee\u7684\uff0c\u5b9e\u9645\u4ef7\u503c\u6709\u591a\u5927\u4ee4\u4eba\u6000\u7591\u3002", "events": [], "arguments": {"time": [], "loc": [], "country": [], "weapon": []}}, {"sentence": "\u4ece\u76ee\u524d\u6765\u770b\uff0c\u7f8e\u56fd\u6d77\u3001\u7a7a\u519b\u5e76\u672a\u4e3b\u5bfc\u8fd9\u9879\u7814\u7a76\uff0c\u5927\u6982\u662f\u7f8e\u56fd\u6d77\u519b\u9646\u6218\u961f\u627e\u4e86\u4e00\u4e2a\u201c\u51b7\u95e8\u201d\u6765\u51f8\u663e\u81ea\u5df1\u7684\u4e0e\u4f17\u4e0d\u540c\u3002", "events": [{"trigger": {"text": "\u7814\u7a76", "offset": 18, "length": 2}, "object": {"text": "", "offset": 0, "length": 0}, "subject": {"text": "", "offset": 0, "length": 0}}], "arguments": {"time": [], "loc": [], "country": [{"text": "\u7f8e\u56fd", "offset": 6, "length": 2}, {"text": "\u7f8e\u56fd", "offset": 24, "length": 2}], "weapon": []}}, {"sentence": "\u4e3a\u4e86\u6a21\u62df\u5bf9\u624b\uff0c\u7f8e\u519b\u5e38\u89c4\u7684\u505a\u6cd5\u662f\u628a\u6218\u673a\u7684\u8ff7\u5f69\u6d82\u6210\u5bf9\u624b\u6218\u673a\u7684\u98ce\u683c\u3002", "events": [], "arguments": {"time": [], "loc": [], "country": [{"text": "\u7f8e", "offset": 7, "length": 1}], "weapon": [{"text": "\u6218\u673a", "offset": 16, "length": 2}, {"text": "\u6218\u673a", "offset": 25, "length": 2}]}}, {"sentence": "\u636e\u201c\u822a\u7a7a\u5bb6\u201d\u7f51\u7ad920\u65e5\u62a5\u9053\uff0c\u7f8e\u56fd\u6d77\u519b\u6700\u8fd1\u5c31\u628a\u4e00\u67b6F-5F\u6218\u6597\u673a\u6d82\u6210\u4e86\u4fc4\u7f57\u65af\u82cf-27SKM\u6218\u6597\u673a\u7684\u7070\u767d\u76f8\u95f4\u7684\u8ff7\u5f69\u6d82\u88c5\u3002", "events": [], "arguments": {"time": [{"text": "20\u65e5", "offset": 8, "length": 3}], "loc": [], "country": [{"text": "\u7f8e\u56fd", "offset": 14, "length": 2}, {"text": "\u4fc4\u7f57\u65af", "offset": 34, "length": 3}], "weapon": [{"text": "F-5F\u6218\u6597\u673a", "offset": 24, "length": 7}, {"text": "\u82cf-27SKM\u6218\u6597\u673a", "offset": 37, "length": 10}]}}, {"sentence": "\u8fd9\u662f\u7f8e\u56fd\u6d77\u7a7a\u519b\u7684\u60ef\u7528\u529e\u6cd5\u3002", "events": [], "arguments": {"time": [], "loc": [], "country": [{"text": "\u7f8e\u56fd", "offset": 2, "length": 2}], "weapon": []}}, {"sentence": "\u524d\u6bb5\u65f6\u95f4\u7f8e\u56fd\u7a7a\u519b\u4e00\u67b6F-16\u8fd8\u6a21\u4eff\u82cf-57\u6218\u6597\u673a\u7684\u6570\u7801\u8ff7\u5f69\u6d82\u88c5\u8fdb\u884c\u4e86\u91cd\u65b0\u55b7\u6d82\u3002", "events": [], "arguments": {"time": [], "loc": [], "country": [{"text": "\u7f8e\u56fd", "offset": 4, "length": 2}], "weapon": [{"text": "F-16", "offset": 10, "length": 4}, {"text": "\u82cf-57\u6218\u6597\u673a", "offset": 17, "length": 7}]}}, {"sentence": "\u771f\u98de\u673a\u4e0d\u53ef\u66ff\u4ee3", "events": [], "arguments": {"time": [], "loc": [], "country": [], "weapon": [{"text": "\u98de\u673a", "offset": 1, "length": 2}]}}, {"sentence": "\u4e2d\u56fd\u4e13\u5bb6\u8868\u793a\uff0c\u66f4\u591a\u65f6\u5019\uff0c\u7f8e\u56fd\u4f1a\u5bfb\u627e\u5bf9\u624b\u7684\u771f\u98de\u673a\u8fdb\u884c\u8bc4\u4f30\u548c\u8bad\u7ec3\u3002", "events": [{"trigger": {"text": "\u8bad\u7ec3", "offset": 28, "length": 2}, "object": {"text": "", "offset": 0, "length": 0}, "subject": {"text": "", "offset": 0, "length": 0}}], "arguments": {"time": [], "loc": [], "country": [{"text": "\u4e2d\u56fd", "offset": 0, "length": 2}, {"text": "\u7f8e\u56fd", "offset": 12, "length": 2}], "weapon": []}}, {"sentence": "\u201c\u5546\u4e1a\u5185\u5e55\u201d\u7f51\u7ad9\u4e5f\u62a5\u9053\u79f0\uff0c\u7f8e\u56fd\u6d77\u519b\u9646\u6218\u961f\u548c\u7f8e\u56fd\u6d77\u3001\u7a7a\u519b\u90fd\u4f7f\u7528\u771f\u5b9e\u7684\u5bf9\u624b\u98de\u673a\u8fdb\u884c\u8bad\u7ec3\uff0c\u751a\u81f3\u8fdb\u884c\u771f\u5b9e\u7684\u201c\u5165\u4fb5\u8005\u201d\u5bf9\u6297\u8bad\u7ec3\u662f\u5f88\u5e38\u89c1\u7684\u3002", "events": [{"trigger": {"text": "\u5bf9\u6297\u8bad\u7ec3", "offset": 54, "length": 4}, "object": {"text": "", "offset": 0, "length": 0}, "subject": {"text": "", "offset": 0, "length": 0}}], "arguments": {"time": [], "loc": [], "country": [{"text": "\u7f8e\u56fd", "offset": 13, "length": 2}, {"text": "\u7f8e\u56fd", "offset": 21, "length": 2}], "weapon": []}}, {"sentence": "\u4f8b\u5982\uff0c2018\u5e74\uff0c\u7f8e\u56fd\u6d77\u519b\u9646\u6218\u961f\u8981\u6c42\u627f\u5305\u5546\u63d0\u4f9b\u4fc4\u5236\u7c73-24\u653b\u51fb\u76f4\u5347\u673a\uff0c\u4ee5\u88c5\u5907\u5047\u60f3\u654c\u90e8\u961f\u8fdb\u884c\u6a21\u62df\u4f5c\u6218\u6f14\u4e60\u3002", "events": [{"trigger": {"text": "\u4f5c\u6218\u6f14\u4e60", "offset": 47, "length": 4}, "object": {"text": "", "offset": 0, "length": 0}, "subject": {"text": "", "offset": 0, "length": 0}}], "arguments": {"time": [{"text": "2018\u5e74", "offset": 3, "length": 5}], "loc": [], "country": [{"text": "\u7f8e\u56fd", "offset": 9, "length": 2}], "weapon": [{"text": "\u7c73-24\u653b\u51fb\u76f4\u5347\u673a", "offset": 25, "length": 9}]}}, {"sentence": "\u7f8e\u56fd\u5176\u4ed6\u519b\u79cd\u4e5f\u505a\u4e86\u540c\u6837\u7684\u5de5\u4f5c\uff0c\u7f8e\u56fd\u7a7a\u519b\u88c5\u5907\u4e24\u67b6\u7c73-24\uff0c\u5728\u6234\u7ef4\u65af\u00b7\u8499\u5c71\u7a7a\u519b\u57fa\u5730\u4e0eHH-60G\u76f4\u5347\u673a\u8fdb\u884c\u7a7a\u4e2d\u8bad\u7ec3\uff0c\u7f8e\u56fd\u7a7a\u519b\u8fd8\u5728\u795e\u79d8\u768451\u533a\u4e0e\u6765\u6e90\u4e0d\u660e\u7684\u82cf-27\u4e00\u8d77\u8bad\u7ec3\u3002", "events": [{"trigger": {"text": "\u88c5\u5907", "offset": 19, "length": 2}, "object": {"text": "", "offset": 0, "length": 0}, "subject": {"text": "", "offset": 0, "length": 0}}, {"trigger": {"text": "\u8bad\u7ec3", "offset": 53, "length": 2}, "object": {"text": "", "offset": 0, "length": 0}, "subject": {"text": "", "offset": 0, "length": 0}}, {"trigger": {"text": "\u8bad\u7ec3", "offset": 80, "length": 2}, "object": {"text": "", "offset": 0, "length": 0}, "subject": {"text": "", "offset": 0, "length": 0}}], "arguments": {"time": [], "loc": [{"text": "\u6234\u7ef4\u65af\u00b7\u8499\u5c71\u7a7a\u519b\u57fa\u5730", "offset": 29, "length": 10}, {"text": "51\u533a", "offset": 65, "length": 3}], "country": [{"text": "\u7f8e\u56fd", "offset": 0, "length": 2}, {"text": "\u7f8e\u56fd", "offset": 15, "length": 2}, {"text": "\u7f8e\u56fd", "offset": 56, "length": 2}], "weapon": [{"text": "\u7c73-24", "offset": 23, "length": 4}, {"text": "HH-60G\u76f4\u5347\u673a", "offset": 40, "length": 9}, {"text": "\u82cf-27", "offset": 74, "length": 4}]}}, {"sentence": "\u4e2d\u56fd\u4e13\u5bb6\u79f0\uff0c\u7f8e\u56fd\u7814\u7a76\u5bf9\u624b\u98de\u673a\uff0c\u66f4\u591a\u662f\u91c7\u7528\u5077\u548c\u4ece\u7b2c\u4e09\u56fd\u4e70\u7684\u65b9\u5f0f\u3002", "events": [{"trigger": {"text": "\u7814\u7a76", "offset": 8, "length": 2}, "object": {"text": "", "offset": 0, "length": 0}, "subject": {"text": "", "offset": 0, "length": 0}}], "arguments": {"time": [], "loc": [], "country": [{"text": "\u4e2d\u56fd", "offset": 0, "length": 2}, {"text": "\u7f8e\u56fd", "offset": 6, "length": 2}], "weapon": [{"text": "\u98de\u673a", "offset": 12, "length": 2}]}}, {"sentence": "\u4ece\u7c73\u683c-15\u5230\u7c73\u683c-21\u3001\u518d\u5230\u7c73\u683c-23\uff0c\u751a\u81f3\u82cf-27\u6218\u6597\u673a\uff0c\u82cf\u8054/\u4fc4\u7f57\u65af\u7684\u51e0\u4ee3\u4e3b\u529b\u6218\u6597\u673a\u90fd\u66fe\u88ab\u7f8e\u56fd\u901a\u8fc7\u5404\u79cd\u6e20\u9053\u201c\u641e\u5230\u201d\u3002", "events": [], "arguments": {"time": [], "loc": [], "country": [{"text": "\u82cf\u8054", "offset": 31, "length": 2}, {"text": "\u4fc4\u7f57\u65af", "offset": 34, "length": 3}, {"text": "\u7f8e\u56fd", "offset": 48, "length": 2}], "weapon": [{"text": "\u7c73\u683c-15", "offset": 1, "length": 5}, {"text": "\u7c73\u683c-21", "offset": 7, "length": 5}, {"text": "\u7c73\u683c-23", "offset": 15, "length": 5}, {"text": "\u82cf-27\u6218\u6597\u673a", "offset": 23, "length": 7}]}}, {"sentence": "\u8fd9\u4e9b\u578b\u53f7\u4e2d\u7684\u5927\u591a\u6570\u7531\u4e8e\u6570\u91cf\u5c11\uff0c\u914d\u5957\u4fdd\u969c\u8bbe\u5907\u4e5f\u4e0d\u5168\uff0c\u4e3b\u8981\u7531\u4e13\u4e1a\u673a\u6784\u8fdb\u884c\u6d4b\u8bd5\u8bc4\u4f30\uff0c\u8f83\u5c11\u7528\u4e8e\u5e7f\u6cdb\u7684\u5bf9\u6297\u6027\u8bad\u7ec3\u3002", "events": [{"trigger": {"text": "\u6d4b\u8bd5", "offset": 34, "length": 2}, "object": {"text": "", "offset": 0, "length": 0}, "subject": {"text": "", "offset": 0, "length": 0}}, {"trigger": {"text": "\u8bad\u7ec3", "offset": 49, "length": 2}, "object": {"text": "", "offset": 0, "length": 0}, "subject": {"text": "", "offset": 0, "length": 0}}], "arguments": {"time": [], "loc": [], "country": [], "weapon": []}}, {"sentence": "\u53e6\u5916\u4e00\u4e2a\u4e86\u89e3\u5bf9\u624b\u7684\u9014\u5f84\u662f\u4e0e\u88c5\u5907\u76f8\u5173\u6218\u673a\u7684\u201c\u53cb\u597d\u56fd\u5bb6\u201d\u8fdb\u884c\u8054\u5408\u8bad\u7ec3\u3002", "events": [{"trigger": {"text": "\u8054\u5408\u8bad\u7ec3", "offset": 28, "length": 4}, "object": {"text": "", "offset": 0, "length": 0}, "subject": {"text": "", "offset": 0, "length": 0}}], "arguments": {"time": [], "loc": [], "country": [], "weapon": []}}, {"sentence": "\u6bd4\u5982\uff0c\u7f8e\u56fd\u66fe\u4e0e\u5370\u5ea6\u7a7a\u519b\u82cf-30MKI\u90e8\u961f\u591a\u6b21\u8fdb\u884c\u201c\u7ea2\u65d7\u201d\u519b\u6f14\u3002", "events": [{"trigger": {"text": "\u519b\u6f14", "offset": 28, "length": 2}, "object": {"text": "", "offset": 0, "length": 0}, "subject": {"text": "", "offset": 0, "length": 0}}], "arguments": {"time": [], "loc": [], "country": [{"text": "\u7f8e\u56fd", "offset": 3, "length": 2}, {"text": "\u5370\u5ea6", "offset": 7, "length": 2}], "weapon": []}}]