[{"sentence": "\u65e5\u5a92\uff1a\u65e5\u672c\u51b3\u5b9a\u5347\u7ea712\u5f0f\u9646\u57fa\u53cd\u8230\u5bfc\u5f39\uff0c\u5c04\u7a0b\u51e0\u4e4e\u7ffb\u500d", "events": [{"trigger": {"text": "\u5347\u7ea7", "offset": 7, "length": 2}, "object": {"text": "", "offset": 0, "length": 0}, "subject": {"text": "", "offset": 0, "length": 0}}], "arguments": {"time": [], "loc": [], "country": [{"text": "\u65e5\u672c", "offset": 3, "length": 2}], "weapon": [{"text": "12\u5f0f\u9646\u57fa\u53cd\u8230\u5bfc\u5f39", "offset": 9, "length": 9}]}}, {"sentence": "\u3010\u73af\u7403\u7f51\u519b\u4e8b\u62a5\u9053\u3011", "events": [], "arguments": {"time": [], "loc": [], "country": [], "weapon": []}}, {"sentence": "\u636e\u65e5\u672c\u5171\u540c\u793e12\u67087\u65e5\u62a5\u9053\uff0c\u591a\u540d\u65e5\u672c\u653f\u5e9c\u76f8\u5173\u4eba\u58eb7\u65e5\u900f\u9732\uff0c\u65e5\u672c\u653f\u5e9c\u5df2\u7ecf\u57fa\u672c\u51b3\u5b9a\u5c06\u589e\u957f\u9646\u4e0a\u81ea\u536b\u961f12\u5f0f\u9646\u57fa\u53cd\u8230\u5bfc\u5f39\u7684\u5c04\u7a0b\u3002", "events": [], "arguments": {"time": [{"text": "12\u67087\u65e5", "offset": 6, "length": 5}, {"text": "7\u65e5", "offset": 24, "length": 2}], "loc": [], "country": [{"text": "\u65e5\u672c", "offset": 1, "length": 2}, {"text": "\u65e5\u672c", "offset": 16, "length": 2}, {"text": "\u65e5\u672c", "offset": 29, "length": 2}], "weapon": [{"text": "12\u5f0f\u9646\u57fa\u53cd\u8230\u5bfc\u5f39", "offset": 47, "length": 9}]}}, {"sentence": "\u62a5\u9053\u79f0\uff0c\u65e5\u672c\u653f\u5e9c\u6b64\u524d\u57282021\u5e74\u5ea6\u9884\u7b97\u6848\u7533\u8bf7\u4e2d\u5217\u5165\u768427\u4ebf\u65e5\u5143\uff08\u7ea6\u5408\u4eba\u6c11\u5e011.7\u4ebf\u5143\uff09\u9646\u57fa\u53cd\u8230\u5bfc\u5f39\u5f00\u53d1\u8d39\uff0c\u76ee\u524d\u6b63\u5728\u534f\u8c03\uff0c\u62df\u5927\u5e45\u589e\u989d\u81f3\u903e330\u4ebf\u65e5\u5143\u3002", "events": [{"trigger": {"text": "\u5f00\u53d1", "offset": 49, "length": 2}, "object": {"text": "", "offset": 0, "length": 0}, "subject": {"text": "", "offset": 0, "length": 0}}], "arguments": {"time": [{"text": "2021\u5e74", "offset": 11, "length": 5}], "loc": [], "country": [{"text": "\u65e5\u672c", "offset": 4, "length": 2}], "weapon": [{"text": "\u9646\u57fa\u53cd\u8230\u5bfc\u5f39", "offset": 43, "length": 6}]}}, {"sentence": "\u65e5\u672c\u653f\u5e9c\u6253\u7b97\u6539\u826f\u9646\u57fa\u53cd\u8230\u5bfc\u5f39\uff0c\u4f7f\u5176\u76ee\u524d\u7ea6100\u591a\u516c\u91cc\u7684\u5c04\u7a0b\u589e\u81f3\u7ea62\u500d\uff0c\u5b9e\u73b0\u5bf9\u5bab\u53e4\u6d77\u5ce1\u5168\u57df\u7684\u8986\u76d6\u3002", "events": [], "arguments": {"time": [], "loc": [{"text": "\u5bab\u53e4\u6d77\u5ce1", "offset": 38, "length": 4}], "country": [{"text": "\u65e5\u672c", "offset": 0, "length": 2}], "weapon": [{"text": "\u9646\u57fa\u53cd\u8230\u5bfc\u5f39", "offset": 8, "length": 6}]}}, {"sentence": "\u65e5\u672c\u9632\u536b\u7701\u6b63\u5728\u63a2\u8ba8\u62df\u7531\u4eca\u5e743\u6708\u90e8\u7f72\u5230\u9646\u81ea\u5bab\u53e4\u5c9b\u9a7b\u5730\u7684\u53cd\u8230\u5bfc\u5f39\u90e8\u961f\u8d1f\u8d23\u8fd0\u7528\u3002", "events": [{"trigger": {"text": "\u90e8\u7f72", "offset": 15, "length": 2}, "object": {"text": "", "offset": 0, "length": 0}, "subject": {"text": "", "offset": 0, "length": 0}}], "arguments": {"time": [{"text": "\u4eca\u5e743\u6708", "offset": 11, "length": 4}], "loc": [{"text": "\u65e5\u672c\u9632\u536b\u7701", "offset": 0, "length": 5}, {"text": "\u5bab\u53e4\u5c9b\u9a7b\u5730", "offset": 20, "length": 5}], "country": [{"text": "\u65e5\u672c", "offset": 0, "length": 2}], "weapon": [{"text": "\u53cd\u8230\u5bfc\u5f39", "offset": 26, "length": 4}]}}, {"sentence": "\u65e5\u672c\u653f\u5e9c\u5c31\u6b64\u6b21\u6539\u826f\u5b9a\u4f4d\u4e3a\u53ef\u4ee5\u4ece\u5c04\u7a0b\u5916\u653b\u51fb\u5bf9\u65b9\u7684\u201c\u9632\u533a\u5916\u80fd\u529b\u201d\u3002", "events": [{"trigger": {"text": "\u653b\u51fb", "offset": 18, "length": 2}, "object": {"text": "", "offset": 0, "length": 0}, "subject": {"text": "", "offset": 0, "length": 0}}], "arguments": {"time": [], "loc": [], "country": [{"text": "\u65e5\u672c", "offset": 0, "length": 2}], "weapon": []}}, {"sentence": "\u62a5\u9053\u8fd8\u63d0\u5230\uff0c\u5bfc\u5f39\u8bbe\u60f3\u90e8\u7f72\u5728\u51b2\u7ef3\u53bf\u5bab\u53e4\u5c9b\u9a7b\u5730\uff0c\u6b64\u4e3e\u65e8\u5728\u5f3a\u5316\u5357\u897f\u8bf8\u5c9b\u9632\u536b\u3002", "events": [{"trigger": {"text": "\u90e8\u7f72\u5728", "offset": 10, "length": 3}, "object": {"text": "", "offset": 0, "length": 0}, "subject": {"text": "", "offset": 0, "length": 0}}], "arguments": {"time": [], "loc": [{"text": "\u51b2\u7ef3\u53bf\u5bab\u53e4\u5c9b\u9a7b\u5730", "offset": 13, "length": 8}, {"text": "\u5357\u897f\u8bf8\u5c9b", "offset": 28, "length": 4}], "country": [], "weapon": [{"text": "\u5bfc\u5f39", "offset": 6, "length": 2}]}}, {"sentence": "\u65e5\u672c\u5728\u4eca\u5e744\u6708\u786e\u8ba4\u5230\u4e2d\u56fd\u6d77\u519b\u822a\u6bcd\u201c\u8fbd\u5b81\u8230\u201d\u7b496\u8258\u8230\u8239\u901a\u8fc7\u51b2\u7ef3\u672c\u5c9b\u548c\u5bab\u53e4\u5c9b\u4e4b\u95f4\u6d77\u57df\uff0c\u65e5\u672c\u653f\u5e9c\u63d0\u9ad8\u4e86\u5bf9\u4e2d\u56fd\u5728\u4e1c\u6d77\u7684\u519b\u4e8b\u6d3b\u52a8\u7684\u5173\u5207\u3002", "events": [], "arguments": {"time": [{"text": "\u4eca\u5e744\u6708", "offset": 3, "length": 4}], "loc": [{"text": "\u51b2\u7ef3\u672c\u5c9b\u548c\u5bab\u53e4\u5c9b\u4e4b\u95f4\u6d77\u57df", "offset": 28, "length": 12}, {"text": "\u4e1c\u6d77", "offset": 52, "length": 2}], "country": [{"text": "\u65e5\u672c", "offset": 0, "length": 2}, {"text": "\u4e2d\u56fd", "offset": 10, "length": 2}, {"text": "\u65e5\u672c", "offset": 41, "length": 2}, {"text": "\u4e2d\u56fd", "offset": 49, "length": 2}], "weapon": [{"text": "\u822a\u6bcd\u201c\u8fbd\u5b81\u8230\u201d", "offset": 14, "length": 7}]}}, {"sentence": "\u4eca\u5e744\u6708\u4e2d\u56fd\u8fbd\u5b81\u8230\u822a\u6bcd\u7f16\u961f\u7ec4\u7ec7\u8de8\u533a\u673a\u52a8\u8bad\u7ec3\uff0c\u5f53\u65f6\u6d77\u519b\u65b0\u95fb\u53d1\u8a00\u4eba\u9ad8\u79c0\u6210\u4ecb\u7ecd\uff0c\u6839\u636e\u5e74\u5ea6\u8ba1\u5212\u5b89\u6392\uff0c\u8fbd\u5b81\u8230\u822a\u6bcd\u7f16\u961f\u822a\u7ecf\u5bab\u53e4\u6d77\u5ce1\u3001\u5df4\u58eb\u6d77\u5ce1\uff0c\u5230\u5357\u6d77\u6709\u5173\u6d77\u57df\u5f00\u5c55\u8bad\u7ec3\uff0c\u8fd9\u662f\u5e74\u5ea6\u8ba1\u5212\u5185\u7684\u4f8b\u884c\u6027\u5b89\u6392\uff0c\u7b26\u5408\u56fd\u9645\u6cd5\u548c\u56fd\u9645\u60ef\u4f8b\uff0c\u4eca\u540e\u4e2d\u56fd\u6d77\u519b\u4ecd\u5c06\u6309\u8ba1\u5212\u5e38\u6001\u7ec4\u7ec7\u7c7b\u4f3c\u6f14\u8bad\u6d3b\u52a8\uff0c\u52a0\u5feb\u63d0\u5347\u822a\u6bcd\u7f16\u961f\u4f53\u7cfb\u4f5c\u6218\u80fd\u529b\u3002", "events": [{"trigger": {"text": "\u8bad\u7ec3", "offset": 19, "length": 2}, "object": {"text": "", "offset": 0, "length": 0}, "subject": {"text": "", "offset": 0, "length": 0}}, {"trigger": {"text": "\u8bad\u7ec3", "offset": 74, "length": 2}, "object": {"text": "", "offset": 0, "length": 0}, "subject": {"text": "", "offset": 0, "length": 0}}], "arguments": {"time": [{"text": "\u4eca\u5e744\u6708", "offset": 0, "length": 4}], "loc": [{"text": "\u5bab\u53e4\u6d77\u5ce1", "offset": 55, "length": 4}, {"text": "\u5df4\u58eb\u6d77\u5ce1", "offset": 60, "length": 4}, {"text": "\u5357\u6d77", "offset": 66, "length": 2}], "country": [{"text": "\u4e2d\u56fd", "offset": 4, "length": 2}, {"text": "\u4e2d\u56fd", "offset": 104, "length": 2}], "weapon": []}}]