[{"sentence": "\u5370\u5c3c\u60f3\u8981\u4e70\u4e0b\u6b27\u6d32\u4e00\u56fd\u6574\u652f\u201c\u53f0\u98ce\u201d\u6218\u6597\u673a\u673a\u961f", "events": [{"trigger": {"text": "\u4e70", "offset": 4, "length": 1}, "subject": {"text": "\u5370\u5c3c", "offset": 0, "length": 2}, "object": {"text": "\u201c\u53f0\u98ce\u201d\u6218\u6597\u673a\u673a\u961f", "offset": 12, "length": 9}}, {"trigger": {"text": "\u4e70\u4e0b", "offset": 4, "length": 2}, "object": {"text": "", "offset": 0, "length": 0}, "subject": {"text": "", "offset": 0, "length": 0}}], "arguments": {"time": [], "loc": [], "country": [{"text": "\u5370\u5c3c", "offset": 0, "length": 2}, {"text": "\u6b27\u6d32", "offset": 6, "length": 2}], "weapon": [{"text": "\u201c\u53f0\u98ce\u201d\u6218\u6597\u673a", "offset": 12, "length": 7}]}}, {"sentence": "\u3010\u73af\u7403\u7f51\u62a5\u9053 \u8bb0\u8005 \u5f90\u7490\u660e\u3011", "events": [], "arguments": {"time": [], "loc": [], "country": [], "weapon": []}}, {"sentence": "\u636e\u201c\u9632\u52a1\u65b0\u95fb\u201d\u7f51\u7ad97\u670821\u65e5\u62a5\u9053\uff0c\u5370\u5ea6\u5c3c\u897f\u4e9a\u8fd1\u65e5\u8868\u793a\uff0c\u8ba1\u5212\u8d2d\u4e70\u5965\u5730\u5229\u7684\u6574\u652f\u201c\u53f0\u98ce\u201d\u6218\u6597\u673a\u673a\u961f\u3002", "events": [{"trigger": {"text": "\u8d2d\u4e70", "offset": 29, "length": 2}, "object": {"text": "", "offset": 0, "length": 0}, "subject": {"text": "", "offset": 0, "length": 0}}], "arguments": {"time": [{"text": "7\u670821\u65e5", "offset": 9, "length": 5}], "loc": [{"text": "\u5370\u5ea6\u5c3c\u897f\u4e9a", "offset": 17, "length": 5}], "country": [{"text": "\u5370\u5ea6\u5c3c\u897f\u4e9a", "offset": 17, "length": 5}, {"text": "\u5965\u5730\u5229", "offset": 31, "length": 3}], "weapon": [{"text": "\u201c\u53f0\u98ce\u201d\u6218\u6597\u673a", "offset": 37, "length": 7}]}}, {"sentence": "\u62a5\u9053\u79f0\uff0c\u5370\u5c3c\u6709\u610f\u8d2d\u4e70\u5965\u5730\u5229\u7684\u201c\u53f0\u98ce\u201d\u6218\u6597\u673a\u673a\u961f\uff0c\u8fd9\u662f\u4e00\u4e2a\u4ee4\u4eba\u610f\u5916\u7684\u56fd\u9632\u91c7\u8d2d\u8ba1\u5212\u3002", "events": [{"trigger": {"text": "\u91c7\u8d2d\u8ba1\u5212", "offset": 35, "length": 4}, "object": {"text": "", "offset": 0, "length": 0}, "subject": {"text": "", "offset": 0, "length": 0}}], "arguments": {"time": [], "loc": [], "country": [{"text": "\u5370\u5c3c", "offset": 4, "length": 2}, {"text": "\u5965\u5730\u5229", "offset": 10, "length": 3}], "weapon": [{"text": "\u201c\u53f0\u98ce\u201d\u6218\u6597\u673a", "offset": 14, "length": 7}]}}, {"sentence": "\u5370\u5c3c\u56fd\u9632\u90e8\u957f\u666e\u62c9\u535a\u6c83\u00b7\u82cf\u6bd4\u5b89\u6258\u5728\u5199\u7ed9\u5965\u5730\u5229\u56fd\u9632\u90e8\u957f\u514b\u62c9\u8fea\u4e9a\u00b7\u5766\u7eb3\u7684\u4e00\u5c01\u4fe1\u4e2d\uff0c\u5bfb\u6c42\u5c31\u8d2d\u4e70\u5965\u5730\u5229\u7a7a\u519b\u6240\u6709\u768415\u67b6\u201c\u53f0\u98ce\u201d\u6218\u6597\u673a\u5c55\u5f00\u8c08\u5224\u3002", "events": [{"trigger": {"text": "\u8d2d\u4e70", "offset": 41, "length": 2}, "object": {"text": "", "offset": 0, "length": 0}, "subject": {"text": "", "offset": 0, "length": 0}}], "arguments": {"time": [], "loc": [], "country": [{"text": "\u5370\u5c3c", "offset": 0, "length": 2}, {"text": "\u5965\u5730\u5229", "offset": 18, "length": 3}, {"text": "\u5965\u5730\u5229", "offset": 43, "length": 3}], "weapon": [{"text": "\u201c\u53f0\u98ce\u201d\u6218\u6597\u673a", "offset": 54, "length": 7}]}}, {"sentence": "\u5965\u5730\u5229\u7a7a\u519b\u88c5\u5907\u7684\u201c\u53f0\u98ce\u201d\u6218\u6597\u673a", "events": [], "arguments": {"time": [], "loc": [], "country": [{"text": "\u5965\u5730\u5229", "offset": 0, "length": 3}], "weapon": [{"text": "\u201c\u53f0\u98ce\u201d\u6218\u6597\u673a", "offset": 8, "length": 7}]}}, {"sentence": "\u666e\u62c9\u535a\u6c83\u5728\u4fe1\u4e2d\u8bf4\uff0c\u8fd9\u6b21\u6f5c\u5728\u7684\u6536\u8d2d\u5c06\u6709\u52a9\u4e8e\u5b9e\u73b0\u5370\u5ea6\u5c3c\u897f\u4e9a\u7a7a\u519b\u73b0\u4ee3\u5316\u7684\u76ee\u6807\u3002", "events": [{"trigger": {"text": "\u6536\u8d2d", "offset": 14, "length": 2}, "object": {"text": "", "offset": 0, "length": 0}, "subject": {"text": "", "offset": 0, "length": 0}}], "arguments": {"time": [], "loc": [], "country": [{"text": "\u5370\u5ea6\u5c3c\u897f\u4e9a", "offset": 22, "length": 5}], "weapon": []}}, {"sentence": "\u4ed6\u8865\u5145\u8bf4\uff0c\u4ed6\u660e\u767d\u8fd9\u9879\u63d0\u8bae\u7684\u201c\u654f\u611f\u6027\u201d\u3002", "events": [], "arguments": {"time": [], "loc": [], "country": [], "weapon": []}}, {"sentence": "\u8fd9\u6307\u7684\u53ef\u80fd\u662f\u5965\u5730\u52292002\u5e74\u8d2d\u4e70\u201c\u53f0\u98ce\u201d\u6218\u6597\u673a\u65f6\u51fa\u73b0\u7684\u6301\u7eed\u4e89\u8bae\uff0c\u8fd9\u6b3e\u6218\u6597\u673a\u7684\u8d2d\u4e70\u4e00\u76f4\u9971\u53d7\u6709\u5173\u6210\u672c\u548c\u5b9e\u7528\u6027\u7684\u4e89\u8bae\uff0c\u6700\u8fd1\u53c8\u51fa\u73b0\u4e86\u8150\u8d25\u6307\u63a7\u3002", "events": [{"trigger": {"text": "\u8d2d\u4e70", "offset": 38, "length": 2}, "object": {"text": "", "offset": 0, "length": 0}, "subject": {"text": "", "offset": 0, "length": 0}}], "arguments": {"time": [{"text": "2002\u5e74", "offset": 9, "length": 5}], "loc": [], "country": [{"text": "\u5965\u5730\u5229", "offset": 6, "length": 3}], "weapon": [{"text": "\u201c\u53f0\u98ce\u201d\u6218\u6597\u673a", "offset": 16, "length": 7}]}}, {"sentence": "\u8fd9\u79cd\u60c5\u51b5\u57282017\u5e74\u8fbe\u5230\u9876\u5cf0\uff0c\u5965\u5730\u5229\u51b3\u5b9a\u4eca\u5e74\u9000\u5f79\u8fd9\u6b3e\u6218\u6597\u673a\uff0c\u4ee5\u201c\u66f4\u6709\u6548\u3001\u66f4\u5212\u7b97\u201d\u7684\u89e3\u51b3\u65b9\u6848\u6765\u6ee1\u8db3\u8fd9\u4e2a\u4e2d\u6b27\u56fd\u5bb6\u7684\u9632\u7a7a\u9700\u6c42\u3002", "events": [{"trigger": {"text": "\u9000\u5f79", "offset": 22, "length": 2}, "object": {"text": "", "offset": 0, "length": 0}, "subject": {"text": "", "offset": 0, "length": 0}}], "arguments": {"time": [{"text": "2017\u5e74", "offset": 5, "length": 5}], "loc": [], "country": [{"text": "\u5965\u5730\u5229", "offset": 15, "length": 3}], "weapon": [{"text": "\u6218\u6597\u673a", "offset": 26, "length": 3}]}}, {"sentence": "\u800c\u5370\u5c3c\u4e00\u76f4\u5728\u5bfb\u6c42\u4e00\u6b3e\u65b0\u578b\u6218\u6597\u673a\uff0c\u4e0e23\u67b6\u7f8e\u5236F-16C/D\u6218\u6597\u673a\u4e00\u8d77\u670d\u5f79\u3002", "events": [{"trigger": {"text": "\u670d\u5f79", "offset": 34, "length": 2}, "object": {"text": "", "offset": 0, "length": 0}, "subject": {"text": "", "offset": 0, "length": 0}}], "arguments": {"time": [], "loc": [], "country": [{"text": "\u5370\u5c3c", "offset": 1, "length": 2}], "weapon": [{"text": "F-16C/D\u6218\u6597\u673a", "offset": 22, "length": 10}]}}, {"sentence": "\u62a5\u9053\u79f0\uff0c\u5370\u5c3c\u9009\u62e9\u201c\u53f0\u98ce\u201d\u6218\u6597\u673a\u7684\u51b3\u5b9a\u5bf9\u4e8e\u4fc4\u7f57\u65af\u5c1d\u8bd5\u5411\u5370\u5c3c\u51fa\u552e\u82cf-35\u6218\u6597\u673a\u6765\u8bf4\u662f\u4e00\u4e2a\u4e0d\u5c0f\u7684\u6253\u51fb\u3002", "events": [{"trigger": {"text": "\u6253\u51fb", "offset": 45, "length": 2}, "object": {"text": "", "offset": 0, "length": 0}, "subject": {"text": "", "offset": 0, "length": 0}}], "arguments": {"time": [], "loc": [], "country": [{"text": "\u5370\u5c3c", "offset": 4, "length": 2}, {"text": "\u4fc4\u7f57\u65af", "offset": 20, "length": 3}, {"text": "\u5370\u5c3c", "offset": 26, "length": 2}], "weapon": [{"text": "\u201c\u53f0\u98ce\u201d\u6218\u6597\u673a", "offset": 8, "length": 7}, {"text": "\u82cf-35\u6218\u6597\u673a", "offset": 30, "length": 7}]}}, {"sentence": "\u5370\u5c3c\u66fe\u9009\u62e9\u82cf-35\u4f5c\u4e3a\u4e0b\u4e00\u6b3e\u6218\u6597\u673a\uff0c\u76f8\u5173\u8c08\u5224\u5df2\u4e8e2018\u5e74\u7ed3\u675f\uff0c\u4f46\u5370\u5c3c\u4e00\u76f4\u4e0d\u613f\u7b7e\u7f72\u8fd9\u4efd\u4ef7\u503c11.4\u4ebf\u7f8e\u5143\u7684\u5408\u540c\uff0c\u636e\u79f0\u662f\u56e0\u4e3a\u62c5\u5fc3\u53ef\u80fd\u906d\u5230\u7f8e\u56fd\u5236\u88c1\u3002", "events": [], "arguments": {"time": [{"text": "2018\u5e74", "offset": 24, "length": 5}], "loc": [], "country": [{"text": "\u5370\u5c3c", "offset": 0, "length": 2}, {"text": "\u5370\u5c3c", "offset": 33, "length": 2}, {"text": "\u7f8e\u56fd", "offset": 67, "length": 2}], "weapon": [{"text": "\u82cf-35", "offset": 5, "length": 4}]}}]