[{"sentence": "\u6025\u4ec0\u4e48\uff1f", "events": [], "arguments": {"time": [], "loc": [], "country": [], "weapon": []}}, {"sentence": "\u7f8e\u519b\u5ba3\u79f0\uff1a\u9996\u4e2aF-35C\u4e2d\u961f\u5df2\u505a\u597d\u6218\u6597\u51c6\u5907", "events": [], "arguments": {"time": [], "loc": [], "country": [{"text": "\u7f8e", "offset": 0, "length": 1}], "weapon": [{"text": "F-35C", "offset": 7, "length": 5}]}}, {"sentence": "\u7f8e\u519b\u5ba3\u5e03", "events": [], "arguments": {"time": [], "loc": [], "country": [{"text": "\u7f8e", "offset": 0, "length": 1}], "weapon": []}}, {"sentence": "\u9996\u4e2a\u914d\u5907F-35C\u7684\u4e2d\u961f", "events": [{"trigger": {"text": "\u914d\u5907", "offset": 2, "length": 2}, "object": {"text": "", "offset": 0, "length": 0}, "subject": {"text": "", "offset": 0, "length": 0}}], "arguments": {"time": [], "loc": [], "country": [], "weapon": [{"text": "F-35C", "offset": 4, "length": 5}]}}, {"sentence": "\u5df2\u7ecf\u5177\u5907\u521d\u59cb\u6218\u529b", "events": [], "arguments": {"time": [], "loc": [], "country": [], "weapon": []}}, {"sentence": "\u5e76\u5c06\u4e8e2022\u5e74\u90e8\u7f72\u5728\u822a\u6bcd\u4e0a", "events": [{"trigger": {"text": "\u90e8\u7f72\u5728", "offset": 8, "length": 3}, "object": {"text": "", "offset": 0, "length": 0}, "subject": {"text": "", "offset": 0, "length": 0}}], "arguments": {"time": [{"text": "2022\u5e74", "offset": 3, "length": 5}], "loc": [], "country": [], "weapon": [{"text": "\u822a\u6bcd", "offset": 11, "length": 2}]}}, {"sentence": "\u8fd9\u610f\u5473\u4ec0\u4e48\uff1f", "events": [], "arguments": {"time": [], "loc": [], "country": [], "weapon": []}}, {"sentence": "\u9996\u4e2a\u914d\u5907F-35C\u4e2d\u961f", "events": [{"trigger": {"text": "\u914d\u5907", "offset": 2, "length": 2}, "object": {"text": "", "offset": 0, "length": 0}, "subject": {"text": "", "offset": 0, "length": 0}}], "arguments": {"time": [], "loc": [], "country": [], "weapon": [{"text": "F-35C", "offset": 4, "length": 5}]}}, {"sentence": "\u5c06\u4e8e2022\u5e74\u90e8\u7f72\u822a\u6bcd", "events": [{"trigger": {"text": "\u90e8\u7f72", "offset": 7, "length": 2}, "object": {"text": "", "offset": 0, "length": 0}, "subject": {"text": "", "offset": 0, "length": 0}}], "arguments": {"time": [{"text": "2022\u5e74", "offset": 2, "length": 5}], "loc": [], "country": [], "weapon": [{"text": "\u822a\u6bcd", "offset": 9, "length": 2}]}}, {"sentence": "\u636e\u7f8e\u5a92\u62a5\u9053\uff0c\u7f8e\u56fd\u6d77\u519b\u9646\u6218\u961f\u8fd1\u65e5\u5ba3\u5e03\uff0c\u7b2c\u4e00\u4e2a\u914d\u5907F-35C\u201c\u95ea\u7535\u201d\u2161\u9690\u5f62\u6218\u6597\u673a\u7684\u4e2d\u961f\u5df2\u7ecf\u505a\u597d\u6218\u6597\u51c6\u5907\u3002", "events": [{"trigger": {"text": "\u914d\u5907", "offset": 21, "length": 2}, "object": {"text": "", "offset": 0, "length": 0}, "subject": {"text": "", "offset": 0, "length": 0}}], "arguments": {"time": [], "loc": [], "country": [{"text": "\u7f8e\u56fd", "offset": 6, "length": 2}], "weapon": [{"text": "F-35C\u201c\u95ea\u7535\u201d\u2161\u9690\u5f62\u6218\u6597\u673a", "offset": 23, "length": 15}]}}, {"sentence": "\u7f8e\u56fd\u6d77\u519b\u9996\u4e2aF-35C\u4e2d\u961f\u662f\u7f8e\u6d77\u519b\u9646\u6218\u961f\u7b2c3\u822a\u7a7a\u8054\u961f\u3002", "events": [], "arguments": {"time": [], "loc": [], "country": [{"text": "\u7f8e\u56fd", "offset": 0, "length": 2}], "weapon": [{"text": "F-35C", "offset": 6, "length": 5}]}}, {"sentence": "\u8be5\u4e2d\u961f\u5c06\u4e8e\u660e\u5e74\u8ddf\u968f\u201c\u5361\u5c14\u00b7\u6587\u68ee\u201d\u53f7\u822a\u6bcd\u8fdb\u884c\u9996\u6b21\u5de1\u822a\u3002", "events": [{"trigger": {"text": "\u5de1\u822a", "offset": 23, "length": 2}, "object": {"text": "", "offset": 0, "length": 0}, "subject": {"text": "", "offset": 0, "length": 0}}], "arguments": {"time": [], "loc": [], "country": [], "weapon": [{"text": "\u201c\u5361\u5c14\u00b7\u6587\u68ee\u201d\u53f7\u822a\u6bcd", "offset": 9, "length": 10}]}}, {"sentence": "\u7f8e\u6d77\u519b\u8fd8\u8ba1\u52122022\u5e74\u521d\u5c06\u8be5\u4e2d\u961f\u90e8\u7f72\u5728\u4e00\u8258\u7f8e\u56fd\u897f\u6d77\u5cb8\u7684\u822a\u6bcd\u4e0a\u3002", "events": [{"trigger": {"text": "\u90e8\u7f72\u5728", "offset": 16, "length": 3}, "object": {"text": "", "offset": 0, "length": 0}, "subject": {"text": "", "offset": 0, "length": 0}}], "arguments": {"time": [{"text": "2022\u5e74\u521d", "offset": 6, "length": 6}], "loc": [{"text": "\u7f8e\u56fd\u897f\u6d77\u5cb8", "offset": 21, "length": 5}], "country": [{"text": "\u7f8e", "offset": 0, "length": 1}, {"text": "\u7f8e\u56fd", "offset": 21, "length": 2}], "weapon": [{"text": "\u822a\u6bcd", "offset": 27, "length": 2}]}}, {"sentence": "\u62a5\u9053\u79f0\uff0c\u4f5c\u4e3a\u8230\u8f7d\u673a\u8054\u961f\u7684\u4e00\u90e8\u5206\uff0cF-35C\u4e2d\u961f\u8d1f\u8d23\u6267\u884c\u7eb5\u6df1\u6253\u51fb\u4efb\u52a1\uff0c\u7a81\u7834\u9632\u7a7a\u7cfb\u7edf\u6253\u51fb\u654c\u65b9\u57fa\u5730\u3001\u8865\u7ed9\u7ebf\u548c\u6307\u6325\u8bbe\u65bd\u3002", "events": [{"trigger": {"text": "\u6253\u51fb", "offset": 29, "length": 2}, "object": {"text": "", "offset": 0, "length": 0}, "subject": {"text": "", "offset": 0, "length": 0}}, {"trigger": {"text": "\u6253\u51fb", "offset": 40, "length": 2}, "object": {"text": "", "offset": 0, "length": 0}, "subject": {"text": "", "offset": 0, "length": 0}}], "arguments": {"time": [], "loc": [], "country": [], "weapon": []}}, {"sentence": "\u673a\u7ffc\u548c\u6b66\u5668\u8231\u66f4\u5927", "events": [], "arguments": {"time": [], "loc": [], "country": [], "weapon": []}}, {"sentence": "F-35C\u66f4\u9002\u5408\u8fdc\u7a0b\u6253\u51fb", "events": [{"trigger": {"text": "\u6253\u51fb", "offset": 10, "length": 2}, "object": {"text": "", "offset": 0, "length": 0}, "subject": {"text": "", "offset": 0, "length": 0}}], "arguments": {"time": [], "loc": [], "country": [], "weapon": [{"text": "F-35C", "offset": 0, "length": 5}]}}, {"sentence": "\u636e\u7f8e\u56fd\u300a\u798f\u5e03\u65af\u300b\u53cc\u5468\u520a\u7f51\u7ad912\u67083\u65e5\u62a5\u9053\uff0c\u6d1b\u514b\u5e0c\u5fb7-\u9a6c\u4e01\u516c\u53f8\u4e3aF-35C\u5b89\u88c5\u4e86\u6bd4\u5e38\u89c4\u7684F-35A\u548c\u5782\u76f4\u8d77\u964d\u7684F-35B\u66f4\u5927\u7684\u673a\u7ffc\uff0c\u4f7fC\u578b\u201c\u95ea\u7535\u201d\u2161\u80fd\u591f\u5728\u7f8e\u56fd\u6d77\u519b\u6838\u52a8\u529b\u822a\u6bcd\u7ea6305\u7c73\u7684\u7532\u677f\u4e0a\u8d77\u98de\u548c\u964d\u843d\u3002", "events": [{"trigger": {"text": "\u8d77\u98de", "offset": 94, "length": 2}, "object": {"text": "", "offset": 0, "length": 0}, "subject": {"text": "", "offset": 0, "length": 0}}, {"trigger": {"text": "\u964d\u843d", "offset": 97, "length": 2}, "object": {"text": "", "offset": 0, "length": 0}, "subject": {"text": "", "offset": 0, "length": 0}}], "arguments": {"time": [{"text": "12\u67083\u65e5", "offset": 13, "length": 5}], "loc": [], "country": [{"text": "\u7f8e\u56fd", "offset": 1, "length": 2}, {"text": "\u7f8e\u56fd", "offset": 76, "length": 2}], "weapon": [{"text": "F-35A", "offset": 43, "length": 5}, {"text": "F-35B", "offset": 54, "length": 5}, {"text": "C\u578b\u201c\u95ea\u7535\u201d\u2161", "offset": 66, "length": 7}]}}, {"sentence": "\u62a5\u9053\u6307\u51fa\uff0c\u5230\u672c\u4e16\u7eaa30\u5e74\u4ee3\uff0c\u7f8e\u56fd\u6d77\u519b\u6240\u67099\u4e2a\u822a\u6bcd\u8230\u8f7d\u673a\u8054\u961f\u90fd\u5c06\u62e5\u6709F-35C\u6218\u6597\u673a\u4e2d\u961f\u3002", "events": [], "arguments": {"time": [{"text": "\u672c\u4e16\u7eaa30\u5e74\u4ee3", "offset": 6, "length": 7}], "loc": [], "country": [{"text": "\u7f8e\u56fd", "offset": 14, "length": 2}], "weapon": [{"text": "F-35C\u6218\u6597\u673a", "offset": 33, "length": 8}]}}, {"sentence": "\u7f8e\u5a92\u8fd8\u79f0\uff0cF-35B\u4e0eF-35C\u91c7\u7528\u540c\u6837\u7684\u6280\u672f\uff0c\u4f46\u662f\u673a\u8eab\u5374\u5b8c\u5168\u4e0d\u540c\u3002", "events": [], "arguments": {"time": [], "loc": [], "country": [{"text": "\u7f8e", "offset": 0, "length": 1}], "weapon": [{"text": "F-35B", "offset": 5, "length": 5}, {"text": "F-35C", "offset": 11, "length": 5}]}}, {"sentence": "\u4e0eF-35B\u76f8\u6bd4\uff0c\u5927\u7ffcF-35C\u867d\u7136\u52a8\u4f5c\u8fdf\u7f13\uff0c\u4f46\u80fd\u643a\u5e26\u66f4\u591a\u71c3\u6599\uff0c\u6b66\u5668\u8231\u5bb9\u91cf\u5927\uff0c\u66f4\u9002\u5408\u8fdc\u7a0b\u6253\u51fb\u3002", "events": [{"trigger": {"text": "\u6253\u51fb", "offset": 44, "length": 2}, "object": {"text": "", "offset": 0, "length": 0}, "subject": {"text": "", "offset": 0, "length": 0}}], "arguments": {"time": [], "loc": [], "country": [], "weapon": [{"text": "F-35B", "offset": 1, "length": 5}, {"text": "\u5927\u7ffcF-35C", "offset": 9, "length": 7}]}}, {"sentence": "\u7f8e\u519b\u6025\u4e8e\u90e8\u7f72F-35C", "events": [{"trigger": {"text": "\u90e8\u7f72", "offset": 4, "length": 2}, "object": {"text": "", "offset": 0, "length": 0}, "subject": {"text": "", "offset": 0, "length": 0}}], "arguments": {"time": [], "loc": [], "country": [{"text": "\u7f8e", "offset": 0, "length": 1}], "weapon": [{"text": "F-35C", "offset": 6, "length": 5}]}}, {"sentence": "\u4e13\u5bb6\uff1a\u56f4\u5835\u4e2d\u4fc4\u5de9\u56fa\u9738\u6743", "events": [], "arguments": {"time": [], "loc": [], "country": [{"text": "\u4e2d", "offset": 5, "length": 1}, {"text": "\u4fc4", "offset": 6, "length": 1}], "weapon": []}}, {"sentence": "\u7f8e\u519b\u4e3a\u4f55\u6025\u4e8e\u628aF-35C\u90e8\u7f72\u822a\u6bcd\uff1f", "events": [{"trigger": {"text": "\u90e8\u7f72", "offset": 12, "length": 2}, "object": {"text": "", "offset": 0, "length": 0}, "subject": {"text": "", "offset": 0, "length": 0}}], "arguments": {"time": [], "loc": [], "country": [{"text": "\u7f8e", "offset": 0, "length": 1}], "weapon": [{"text": "F-35C", "offset": 7, "length": 5}]}}, {"sentence": "\u519b\u4e8b\u4e13\u5bb6\u738b\u660e\u4eae\u89e3\u8bfb\uff1a", "events": [], "arguments": {"time": [], "loc": [], "country": [], "weapon": []}}, {"sentence": "F-35C\u7684\u6700\u5927\u7279\u70b9\u5c31\u662f\u80fd\u5728\u822a\u6bcd\u4e0a\u8d77\u964d\u4f5c\u6218\u3002", "events": [], "arguments": {"time": [], "loc": [], "country": [], "weapon": [{"text": "F-35C", "offset": 0, "length": 5}]}}, {"sentence": "F-35C\u6025\u4e8e\u4e0a\u822a\u6bcd\uff0c\u662f\u4e3a\u4e86\u914d\u5408\u7f8e\u56fd\u5f53\u524d\u6218\u7565\uff1a\u5728\u4e9a\u592a\u533a\u57df\u7ee7\u7eed\u5de9\u56fa\u5176\u4f20\u7edf\u6d77\u4e0a\u9738\u6743\uff0c\u5e76\u5bf9\u4e2d\u56fd\u548c\u4fc4\u7f57\u65af\u8fdb\u884c\u6218\u7565\u56f4\u5835\u3002", "events": [], "arguments": {"time": [], "loc": [{"text": "\u4e9a\u592a\u533a\u57df", "offset": 24, "length": 4}, {"text": "\u6d77\u4e0a", "offset": 35, "length": 2}], "country": [{"text": "\u7f8e\u56fd", "offset": 16, "length": 2}, {"text": "\u4e2d\u56fd", "offset": 42, "length": 2}, {"text": "\u4fc4\u7f57\u65af", "offset": 45, "length": 3}], "weapon": [{"text": "F-35C", "offset": 0, "length": 5}]}}, {"sentence": "\u4f46\u4ece\u591a\u5e74\u5b9e\u8df5\u6765\u770b\uff0c\u7531\u4e8eF-35\u7cfb\u5217\u6218\u673a\u8fc7\u5ea6\u8ffd\u6c42\u9ad8\u6280\u672f\uff0c\u64cd\u4f5c\u53ca\u7ef4\u62a4\u90fd\u5b58\u5728\u4e0d\u5c11\u95ee\u9898\uff0c\u4e8b\u6545\u9891\u53d1\uff0c\u6240\u4ee5\u7f8e\u56fd\u60f3\u51ed\u501f\u4e00\u4e24\u6b3e\u5148\u8fdb\u98de\u673a\u6765\u7ef4\u62a4\u5176\u6d77\u4e0a\u9738\u6743\u53ef\u80fd\u6709\u70b9\u5f02\u60f3\u5929\u5f00\u3002", "events": [], "arguments": {"time": [], "loc": [{"text": "\u6d77\u4e0a", "offset": 63, "length": 2}], "country": [{"text": "\u7f8e\u56fd", "offset": 47, "length": 2}], "weapon": [{"text": "F-35\u7cfb\u5217\u6218\u673a", "offset": 11, "length": 8}]}}, {"sentence": "\u6765\u6e90\uff1aCCTV-7\u300a\u6b63\u5348\u56fd\u9632\u519b\u4e8b\u300b", "events": [], "arguments": {"time": [], "loc": [], "country": [], "weapon": []}}]