[{"sentence": "\u540e\u77e5\u540e\u89c9\uff1f", "events": [], "arguments": {"time": [], "loc": [], "country": [], "weapon": []}}, {"sentence": "\u201c\u5fa1\u7528\u6444\u5f71\u5e08\u201d\u53d1\u5e03\u4e00\u5468\u524d\u4e2d\u56fd\u519b\u8230\u8fc7\u5bab\u53e4\u6d77\u5ce1\u753b\u9762", "events": [], "arguments": {"time": [], "loc": [{"text": "\u5bab\u53e4\u6d77\u5ce1", "offset": 17, "length": 4}], "country": [{"text": "\u4e2d\u56fd", "offset": 12, "length": 2}], "weapon": [{"text": "\u519b\u8230", "offset": 14, "length": 2}]}}, {"sentence": "\u3010\u73af\u7403\u7f51\u62a5\u9053 \u8bb0\u8005 \u5f90\u7490\u660e\u3011", "events": [], "arguments": {"time": [], "loc": [], "country": [], "weapon": []}}, {"sentence": "\u65e5\u672c\u9632\u536b\u7701\u53d1\u5e03\u4e86\u4e2d\u56fd\u6d77\u519b054A\u8230\u901a\u8fc7\u5bab\u53e4\u6d77\u5ce1\u524d\u5f80\u897f\u592a\u5e73\u6d0b\u7684\u6d88\u606f\uff0c\u800c\u8fd9\u5219\u57287\u670820\u65e5\u53d1\u5e03\u7684\u6d88\u606f\u5374\u662f\u53d1\u751f\u57287\u670813\u65e5\u3002", "events": [{"trigger": {"text": "\u524d\u5f80", "offset": 23, "length": 2}, "object": {"text": "", "offset": 0, "length": 0}, "subject": {"text": "", "offset": 0, "length": 0}}], "arguments": {"time": [{"text": "7\u670820\u65e5", "offset": 37, "length": 5}, {"text": "7\u670813\u65e5", "offset": 52, "length": 5}], "loc": [{"text": "\u5bab\u53e4\u6d77\u5ce1", "offset": 19, "length": 4}, {"text": "\u897f\u592a\u5e73\u6d0b", "offset": 25, "length": 4}], "country": [{"text": "\u65e5\u672c", "offset": 0, "length": 2}, {"text": "\u4e2d\u56fd", "offset": 8, "length": 2}], "weapon": [{"text": "054A\u8230", "offset": 12, "length": 5}]}}, {"sentence": "\u65e5\u672c\u9632\u536b\u7701\u5728\u65f6\u9694\u4e00\u5468\u4e4b\u540e\u53d1\u5e03\u201c\u65e7\u95fb\u201d\uff0c\u8fd9\u6837\u7684\u60c5\u51b5\u5e76\u4e0d\u591a\u89c1\u3002", "events": [], "arguments": {"time": [], "loc": [], "country": [{"text": "\u65e5\u672c", "offset": 0, "length": 2}], "weapon": []}}, {"sentence": "\u65e5\u672c\u9632\u536b\u7701\u7edf\u5408\u5e55\u50da\u76d1\u90e87\u670820\u65e5\u53d1\u5e03\u6d88\u606f\u79f0\uff0c\u65e5\u672c\u6d77\u4e0a\u81ea\u536b\u961f\u7684\u671d\u96fe\u7ea7\u9a71\u9010\u8230\u201c\u5929\u96fe\u201d\u53f7\u4ee5\u53caP-3C\u53cd\u6f5c\u5de1\u903b\u673a\u4e8e7\u670813\u65e5\u5728\u4e45\u7c73\u5c9b\u897f\u5317\u65b9\u5411\u7ea6150\u516c\u91cc\u6d77\u57df\uff0c\u53d1\u73b0\u4e00\u8258\u5411\u4e1c\u822a\u884c\u7684\u4e2d\u56fd\u6d77\u519b054A\u578b\u62a4\u536b\u8230\u3002", "events": [{"trigger": {"text": "\u822a\u884c", "offset": 81, "length": 2}, "object": {"text": "", "offset": 0, "length": 0}, "subject": {"text": "", "offset": 0, "length": 0}}], "arguments": {"time": [{"text": "7\u670820\u65e5", "offset": 11, "length": 5}, {"text": "7\u670813\u65e5", "offset": 53, "length": 5}], "loc": [{"text": "\u65e5\u672c\u9632\u536b\u7701", "offset": 0, "length": 5}, {"text": "\u6d77\u4e0a", "offset": 24, "length": 2}, {"text": "\u4e45\u7c73\u5c9b\u897f\u5317\u65b9\u5411\u7ea6150\u516c\u91cc\u6d77\u57df", "offset": 59, "length": 15}], "country": [{"text": "\u65e5\u672c", "offset": 22, "length": 2}, {"text": "\u4e2d\u56fd", "offset": 84, "length": 2}], "weapon": [{"text": "\u671d\u96fe\u7ea7\u9a71\u9010\u8230\u201c\u5929\u96fe\u201d\u53f7", "offset": 30, "length": 11}, {"text": "P-3C\u53cd\u6f5c\u5de1\u903b\u673a", "offset": 43, "length": 9}, {"text": "054A\u578b\u62a4\u536b\u8230", "offset": 88, "length": 8}]}}, {"sentence": "\u636e\u65e5\u672c\u9632\u536b\u7701\u516c\u5e03\u7684\u753b\u9762\u663e\u793a\uff0c\u65e5\u672c\u6240\u62cd\u6444\u5230\u7684\u662f\u4e2d\u56fd\u6d77\u519b054A\u578b\u62a4\u536b\u8230\u201c\u9ec4\u5188\u201d\u8230(\u8237\u53f7\uff1a577)\u3002", "events": [], "arguments": {"time": [], "loc": [], "country": [{"text": "\u65e5\u672c", "offset": 1, "length": 2}, {"text": "\u65e5\u672c", "offset": 14, "length": 2}, {"text": "\u4e2d\u56fd", "offset": 22, "length": 2}], "weapon": [{"text": "054A\u578b\u62a4\u536b\u8230\u201c\u9ec4\u5188\u201d\u8230(\u8237\u53f7\uff1a577)", "offset": 26, "length": 21}]}}, {"sentence": "\u65e5\u65b9\u79f0\u8be5\u8230\u57287\u670817\u65e5\u7a7f\u8d8a\u5bab\u53e4\u6d77\u5ce1\u8fdb\u5165\u897f\u592a\u5e73\u6d0b\uff0c18\u65e5\u8be5\u8230\u518d\u6b21\u7a7f\u8d8a\u5bab\u53e4\u6d77\u5ce1\u5411\u5317\u822a\u884c\u56de\u5230\u4e1c\u6d77\u3002", "events": [{"trigger": {"text": "\u822a\u884c", "offset": 39, "length": 2}, "object": {"text": "", "offset": 0, "length": 0}, "subject": {"text": "", "offset": 0, "length": 0}}], "arguments": {"time": [{"text": "7\u670817\u65e5", "offset": 6, "length": 5}, {"text": "18\u65e5", "offset": 24, "length": 3}], "loc": [{"text": "\u5bab\u53e4\u6d77\u5ce1", "offset": 13, "length": 4}, {"text": "\u897f\u592a\u5e73\u6d0b", "offset": 19, "length": 4}, {"text": "\u5bab\u53e4\u6d77\u5ce1", "offset": 33, "length": 4}, {"text": "\u4e1c\u6d77", "offset": 43, "length": 2}], "country": [{"text": "\u65e5\u65b9", "offset": 0, "length": 2}], "weapon": []}}, {"sentence": "\u4ee5\u5f80\u65e5\u672c\u9632\u536b\u7701\u5728\u62cd\u6444\u5230\u4e2d\u56fd\u8230\u673a\u7684\u753b\u9762\u540e\uff0c\u901a\u5e38\u4f1a\u5728\u5f53\u5929\u6216\u662f\u7b2c\u4e8c\u5929\u516c\u5e03\u76f8\u5173\u6d88\u606f\u548c\u56fe\u7247\u3002", "events": [], "arguments": {"time": [], "loc": [], "country": [{"text": "\u65e5\u672c", "offset": 2, "length": 2}, {"text": "\u4e2d\u56fd", "offset": 11, "length": 2}], "weapon": [{"text": "\u8230\u673a", "offset": 13, "length": 2}]}}, {"sentence": "\u800c\u8fd9\u6b21\u65e5\u65b9\u57287\u670813\u65e5\u62cd\u6444\u5230\u4e2d\u56fd\u6d77\u519b\u201c\u9ec4\u5188\u201d\u8230\u901a\u8fc7\u5bab\u53e4\u6d77\u5ce1\u7684\u753b\u9762\u540e\uff0c\u65f6\u9694\u4e00\u5468\u624d\u53d1\u5e03\u6d88\u606f\uff0c\u4e0d\u77e5\u662f\u51fa\u4e8e\u4f55\u79cd\u539f\u56e0\u3002", "events": [], "arguments": {"time": [{"text": "7\u670813\u65e5", "offset": 6, "length": 5}], "loc": [{"text": "\u5bab\u53e4\u6d77\u5ce1", "offset": 25, "length": 4}], "country": [{"text": "\u65e5\u65b9", "offset": 3, "length": 2}, {"text": "\u4e2d\u56fd", "offset": 14, "length": 2}], "weapon": [{"text": "\u201c\u9ec4\u5188\u201d\u8230", "offset": 18, "length": 5}]}}]