[{"sentence": "\u9488\u5bf9\u8c01\uff1f", "events": [], "arguments": {"time": [], "loc": [], "country": [], "weapon": []}}, {"sentence": "\u7f8e\u519b\u8981\u5efa\u65b0\u57fa\u5730\uff0c\u9009\u5740\u592a\u5e73\u6d0b\u4e0a", "events": [], "arguments": {"time": [], "loc": [{"text": "\u592a\u5e73\u6d0b", "offset": 10, "length": 3}, {"text": "\u4e0a", "offset": 0, "length": 1}], "country": [{"text": "\u7f8e", "offset": 0, "length": 1}], "weapon": []}}, {"sentence": "\u636e\u8fd1\u65e5\u7f8e\u5a92\u62a5\u9053", "events": [], "arguments": {"time": [], "loc": [], "country": [{"text": "\u7f8e", "offset": 3, "length": 1}], "weapon": []}}, {"sentence": "\u7f8e\u56fd\u6b63\u8ba1\u5212\u5728\u592a\u5e73\u6d0b\u4e0a", "events": [], "arguments": {"time": [], "loc": [{"text": "\u592a\u5e73\u6d0b", "offset": 6, "length": 3}, {"text": "\u4e0a", "offset": 0, "length": 1}], "country": [{"text": "\u7f8e\u56fd", "offset": 0, "length": 2}], "weapon": []}}, {"sentence": "\u65b0\u5efa\u4e00\u5904\u540e\u5907\u7a7a\u519b\u57fa\u5730", "events": [], "arguments": {"time": [], "loc": [], "country": [], "weapon": []}}, {"sentence": "\u4ee5\u4fbf\u5728\u53d1\u751f\u5927\u56fd\u51b2\u7a81\u65f6\u80fd\u4f7f\u7528", "events": [{"trigger": {"text": "\u51b2\u7a81", "offset": 7, "length": 2}, "object": {"text": "", "offset": 0, "length": 0}, "subject": {"text": "", "offset": 0, "length": 0}}], "arguments": {"time": [], "loc": [], "country": [], "weapon": []}}, {"sentence": "\u7f8e\u540e\u5907\u7a7a\u519b\u57fa\u5730", "events": [], "arguments": {"time": [], "loc": [], "country": [{"text": "\u7f8e", "offset": 0, "length": 1}], "weapon": []}}, {"sentence": "\u5730\u70b9\u9009\u5728\u5929\u5b81\u5c9b", "events": [], "arguments": {"time": [], "loc": [{"text": "\u5929\u5b81\u5c9b", "offset": 4, "length": 3}], "country": [], "weapon": []}}, {"sentence": "\u636e\u7f8e\u56fd\u519b\u4e8b\u7f51\u7ad9\u62a5\u9053\uff0c\u7f8e\u56fd\u9632\u90e8\u6b63\u8ba1\u5212\u5728\u592a\u5e73\u6d0b\u4e0a\u7684\u5929\u5b81\u5c9b\u5efa\u9020\u4e00\u5904\u540e\u5907\u7a7a\u519b\u57fa\u5730\u3002", "events": [{"trigger": {"text": "\u5efa\u9020", "offset": 26, "length": 2}, "object": {"text": "", "offset": 0, "length": 0}, "subject": {"text": "", "offset": 0, "length": 0}}], "arguments": {"time": [], "loc": [{"text": "\u5929\u5b81\u5c9b", "offset": 23, "length": 3}], "country": [{"text": "\u7f8e\u56fd", "offset": 1, "length": 2}, {"text": "\u7f8e\u56fd", "offset": 10, "length": 2}], "weapon": []}}, {"sentence": "\u5929\u5b81\u5c9b\u4f4d\u4e8e\u7f8e\u519b\u5b89\u5fb7\u68ee\u7a7a\u519b\u57fa\u5730\u6240\u5728\u7684\u5173\u5c9b\u4ee5\u5317\u7ea6100\u82f1\u91cc\u3001\u5373160\u516c\u91cc\u5904\u3002", "events": [], "arguments": {"time": [], "loc": [{"text": "\u5929\u5b81\u5c9b", "offset": 0, "length": 3}, {"text": "\u7f8e\u519b\u5b89\u5fb7\u68ee\u7a7a\u519b\u57fa\u5730", "offset": 5, "length": 9}], "country": [], "weapon": []}}, {"sentence": "\u5728\u8fd9\u91cc\u5efa\u9020\u65b0\u7684\u5907\u7528\u673a\u573a\uff0c\u5c06\u964d\u4f4e\u7f8e\u519b\u76ee\u524d\u4e25\u91cd\u4f9d\u8d56\u5b89\u5fb7\u68ee\u7a7a\u519b\u57fa\u5730\u7684\u98ce\u9669\u3002", "events": [{"trigger": {"text": "\u5efa\u9020", "offset": 3, "length": 2}, "object": {"text": "", "offset": 0, "length": 0}, "subject": {"text": "", "offset": 0, "length": 0}}], "arguments": {"time": [], "loc": [{"text": "\u5b89\u5fb7\u68ee\u7a7a\u519b\u57fa\u5730", "offset": 23, "length": 7}], "country": [{"text": "\u7f8e", "offset": 15, "length": 1}], "weapon": []}}, {"sentence": "\u7f8e\u519b\u65b0\u57fa\u5730\u5efa\u6210\u4e4b\u540e", "events": [], "arguments": {"time": [], "loc": [], "country": [{"text": "\u7f8e", "offset": 0, "length": 1}], "weapon": []}}, {"sentence": "\u80fd\u5728\u897f\u592a\u5e73\u6d0b\u5c55\u5f00\u884c\u52a8", "events": [{"trigger": {"text": "\u5c55\u5f00\u884c\u52a8", "offset": 6, "length": 4}, "object": {"text": "", "offset": 0, "length": 0}, "subject": {"text": "", "offset": 0, "length": 0}}], "arguments": {"time": [], "loc": [{"text": "\u897f\u592a\u5e73\u6d0b", "offset": 2, "length": 4}], "country": [], "weapon": []}}, {"sentence": "\u636e\u7f8e\u5a92\u62a5\u9053\uff0c\u76ee\u524d\u4e94\u89d2\u5927\u697c\u6b63\u81f4\u529b\u4e8e\u6269\u5927\u7f8e\u519b\u4f4d\u4e8e\u592a\u5e73\u6d0b\u6df1\u5904\u7684\u673a\u573a\u7684\u89c4\u6a21\uff0c\u751a\u81f3\u662f\u5efa\u9020\u65b0\u7684\u673a\u573a\uff0c\u4ee5\u4fbf\u5728\u53d1\u751f\u5927\u56fd\u51b2\u7a81\u65f6\u80fd\u591f\u4f7f\u7528\u3002", "events": [{"trigger": {"text": "\u51b2\u7a81", "offset": 51, "length": 2}, "object": {"text": "", "offset": 0, "length": 0}, "subject": {"text": "", "offset": 0, "length": 0}}], "arguments": {"time": [], "loc": [{"text": "\u4e94\u89d2\u5927\u697c", "offset": 8, "length": 4}, {"text": "\u592a\u5e73\u6d0b", "offset": 22, "length": 3}], "country": [], "weapon": []}}, {"sentence": "\u5173\u5c9b\u5b89\u5fb7\u68ee\u7a7a\u519b\u57fa\u5730\u662f\u7f8e\u56fd\u7684\u6218\u7565\u5173\u952e\uff0c\u4f46\u81ea\u7136\u707e\u5bb3\u53ef\u80fd\u4f1a\u5bf9\u8be5\u5730\u533a\u7684\u98de\u884c\u884c\u52a8\u9020\u6210\u7834\u574f\u3002", "events": [{"trigger": {"text": "\u98de\u884c", "offset": 31, "length": 2}, "object": {"text": "", "offset": 0, "length": 0}, "subject": {"text": "", "offset": 0, "length": 0}}], "arguments": {"time": [], "loc": [{"text": "\u5173\u5c9b\u5b89\u5fb7\u68ee\u7a7a\u519b\u57fa\u5730", "offset": 0, "length": 9}], "country": [{"text": "\u7f8e\u56fd", "offset": 10, "length": 2}], "weapon": []}}, {"sentence": "\u4e00\u65e6\u5b89\u5fb7\u68ee\u7a7a\u519b\u57fa\u5730\u56e0\u4e3a\u654c\u4eba\u884c\u52a8\u6216\u81ea\u7136\u707e\u5bb3\u800c\u65e0\u6cd5\u6267\u884c\u4efb\u52a1\uff0c\u5728\u5176\u4e0d\u8fdc\u5904\u7684\u5929\u5b81\u5c9b\u5efa\u9020\u4e00\u5957\u5168\u9762\u8bbe\u65bd\u5c06\u53ef\u4ee5\u63a5\u7eb3\u8f6c\u573a\u7684\u6218\u673a\u7f16\u961f\uff0c\u751a\u81f3\u53ef\u4ee5\u76f4\u63a5\u53d1\u8d77\u6218\u6597\u884c\u52a8\u3002", "events": [{"trigger": {"text": "\u5efa\u9020", "offset": 37, "length": 2}, "object": {"text": "", "offset": 0, "length": 0}, "subject": {"text": "", "offset": 0, "length": 0}}], "arguments": {"time": [], "loc": [{"text": "\u5b89\u5fb7\u68ee\u7a7a\u519b\u57fa\u5730", "offset": 2, "length": 7}, {"text": "\u5929\u5b81\u5c9b", "offset": 34, "length": 3}], "country": [], "weapon": [{"text": "\u6218\u673a", "offset": 53, "length": 2}]}}, {"sentence": "\u5929\u5b81\u5c9b\u65b0\u57fa\u5730\u5efa\u6210\u540e\uff0c\u7f8e\u519b\u5c06\u6709\u80fd\u529b\u5728\u897f\u592a\u5e73\u6d0b\u65b9\u5411\u5f00\u5c55\u66f4\u5927\u89c4\u6a21\u7684\u519b\u4e8b\u884c\u52a8\u3002", "events": [], "arguments": {"time": [], "loc": [{"text": "\u5929\u5b81\u5c9b", "offset": 0, "length": 3}, {"text": "\u897f\u592a\u5e73\u6d0b", "offset": 17, "length": 4}], "country": [{"text": "\u7f8e", "offset": 10, "length": 1}], "weapon": []}}, {"sentence": "\u62a5\u9053\u4ecb\u7ecd\uff0c\u5929\u5b81\u5c9b\u5317\u90e8\u7684\u673a\u573a\u53ef\u8c13\u89c1\u8bc1\u4e86\u5386\u53f2\u3002", "events": [], "arguments": {"time": [], "loc": [{"text": "\u5929\u5b81\u5c9b\u5317\u90e8", "offset": 5, "length": 5}], "country": [], "weapon": []}}, {"sentence": "\u4e8c\u6218\u672b\u671f\uff0c\u7f8e\u519b\u4e24\u67b6B-29\u8f70\u70b8\u673a\u88c5\u8f7d\u539f\u5b50\u5f39\u4ece\u8fd9\u91cc\u8d77\u98de\uff0c\u6267\u884c\u4e86\u5bf9\u65e5\u672c\u7684\u6838\u5f39\u6295\u63b7\u4efb\u52a1\u3002", "events": [{"trigger": {"text": "\u6295\u63b7", "offset": 36, "length": 2}, "object": {"text": "", "offset": 0, "length": 0}, "subject": {"text": "", "offset": 0, "length": 0}}], "arguments": {"time": [], "loc": [], "country": [{"text": "\u7f8e", "offset": 5, "length": 1}, {"text": "\u65e5\u672c", "offset": 31, "length": 2}], "weapon": [{"text": "B-29\u8f70\u70b8\u673a", "offset": 9, "length": 7}]}}]