[{"sentence": "\u72ec\u5bb6\u4e28\u6b7c-20\u6218\u673a\u8363\u83b7\u4e2d\u56fd\u4e13\u5229\u5956\u5916\u89c2\u8bbe\u8ba1\u91d1\u5956", "events": [], "arguments": {"time": [], "loc": [], "country": [{"text": "\u4e2d\u56fd", "offset": 11, "length": 2}], "weapon": [{"text": "\u6b7c-20\u6218\u673a", "offset": 3, "length": 6}]}}, {"sentence": "\u3010\u73af\u7403\u7f51\u519b\u4e8b\u62a5\u9053 \u7279\u7ea6\u8bb0\u8005 \u6768\u94c1\u864e\u3011", "events": [], "arguments": {"time": [], "loc": [], "country": [], "weapon": []}}, {"sentence": "7\u670814\u65e5\uff0c\u56fd\u5bb6\u77e5\u8bc6\u4ea7\u6743\u5c40\u53d1\u5e03\u4e86\u7b2c\u4e8c\u5341\u4e00\u5c4a\u4e2d\u56fd\u4e13\u5229\u5956\u6388\u5956\u51b3\u5b9a\uff0c\u201c\u5347\u529b\u4f53\u8fb9\u6761\u7ffc\u9e2d\u5f0f\u5e03\u5c40\u98de\u673a\u201d\u2014\u2014\u6b7c-20\u6218\u6597\u673a\u8363\u83b7\u4e2d\u56fd\u4e13\u5229\u5956\u5916\u89c2\u8bbe\u8ba1\u91d1\u5956\u3002", "events": [], "arguments": {"time": [{"text": "7\u670814\u65e5", "offset": 0, "length": 5}], "loc": [], "country": [{"text": "\u4e2d\u56fd", "offset": 21, "length": 2}, {"text": "\u4e2d\u56fd", "offset": 56, "length": 2}], "weapon": [{"text": "\u201c\u5347\u529b\u4f53\u8fb9\u6761\u7ffc\u9e2d\u5f0f\u5e03\u5c40\u98de\u673a\u201d\u2014\u2014\u6b7c-20\u6218\u6597\u673a", "offset": 31, "length": 23}]}}, {"sentence": "\u8fd9\u662f\u4e2d\u56fd\u822a\u7a7a\u5de5\u4e1a\u96c6\u56e2\u516c\u53f8\u6210\u90fd\u98de\u673a\u8bbe\u8ba1\u7814\u7a76\u6240\uff08\u7b80\u79f0\u822a\u7a7a\u5de5\u4e1a\u6210\u90fd\u6240\uff09\u9996\u6b21\u83b7\u5f97\u4e13\u5229\u9886\u57df\u7684\u56fd\u5bb6\u7ea7\u5956\u9879\uff0c\u6807\u5fd7\u7740\u6210\u90fd\u6240\u77e5\u8bc6\u4ea7\u6743\u7ba1\u7406\u4ece\u63d0\u9ad8\u4e13\u5229\u6570\u91cf\u8fdb\u5165\u63d0\u5347\u4e13\u5229\u8d28\u91cf\u7684\u65b0\u9636\u6bb5\u3002", "events": [], "arguments": {"time": [], "loc": [], "country": [{"text": "\u4e2d\u56fd", "offset": 2, "length": 2}], "weapon": []}}, {"sentence": "\u4e2d\u56fd\u4e13\u5229\u5956\u4e8e1989\u5e74\u8bbe\u7acb\uff0c\u662f\u56fd\u5bb6\u77e5\u8bc6\u4ea7\u6743\u5c40\uff08CNIPA\uff09\u548c\u4e16\u754c\u77e5\u8bc6\u4ea7\u6743\u7ec4\u7ec7\uff08WIPO\uff09\u4e3a\u5f3a\u5316\u77e5\u8bc6\u4ea7\u6743\u4fdd\u62a4\u548c\u8fd0\u7528\u5de5\u4f5c\u5bfc\u5411\uff0c\u52a0\u5feb\u63a8\u8fdb\u77e5\u8bc6\u4ea7\u6743\u6218\u7565\u548c\u521b\u65b0\u9a71\u52a8\u53d1\u5c55\u6218\u7565\u6df1\u5165\u5b9e\u65bd\u800c\u8bbe\u7acb\u7684\u5956\u9879\uff0c\u4e5f\u662f\u4e2d\u56fd\u552f\u4e00\u4e13\u95e8\u5bf9\u6388\u4e88\u4e13\u5229\u6743\u7684\u53d1\u660e\u521b\u9020\u7ed9\u4e88\u5956\u52b1\u7684\u653f\u5e9c\u5956\u9879\u3002", "events": [], "arguments": {"time": [{"text": "1989\u5e74", "offset": 6, "length": 5}], "loc": [], "country": [{"text": "\u4e2d\u56fd", "offset": 0, "length": 2}, {"text": "\u4e2d\u56fd", "offset": 93, "length": 2}], "weapon": []}}, {"sentence": "\u6b7c-20\u98de\u673a\u5916\u89c2\u8bbe\u8ba1\u83b7\u4e2d\u56fd\u4e13\u5229\u5956\uff0c\u4e0d\u4ec5\u662f\u5bf9\u822a\u7a7a\u5de5\u4e1a\u6210\u90fd\u6240\u77e5\u8bc6\u4ea7\u6743\u5b9e\u529b\u7684\u8ba4\u53ef\uff0c\u66f4\u662f\u5bf9\u98de\u673a\u8bbe\u8ba1\u81ea\u4e3b\u521b\u65b0\u80fd\u529b\u7684\u80af\u5b9a\u3002", "events": [], "arguments": {"time": [], "loc": [], "country": [{"text": "\u4e2d\u56fd", "offset": 11, "length": 2}], "weapon": [{"text": "\u6b7c-20\u98de\u673a", "offset": 0, "length": 6}]}}, {"sentence": "\u822a\u7a7a\u5de5\u4e1a\u6210\u90fd\u6240\u8868\u793a\uff0c\u521b\u65b0\u662f\u4e8b\u4e1a\u6301\u7eed\u53d1\u5c55\u7684\u6839\u57fa\u3002", "events": [], "arguments": {"time": [], "loc": [], "country": [], "weapon": []}}, {"sentence": "\u8be5\u6240\u5c06\u6301\u7eed\u6309\u7167\u201c\u52a9\u63a8\u6280\u672f\u521b\u65b0\u3001\u652f\u6491\u4ea7\u4e1a\u53d1\u5c55\u3001\u4fdd\u62a4\u77e5\u8bc6\u6743\u76ca\u3001\u6269\u5927\u54c1\u724c\u5f71\u54cd\u201d\u7684\u77e5\u8bc6\u4ea7\u6743\u5de5\u4f5c\u5b9a\u4f4d\uff0c\u63a8\u8fdb\u201c\u5185\u6db5\u5f0f\u53d1\u5c55\u3001\u5dee\u5f02\u5316\u7ade\u4e89\u3001\u58c1\u5792\u5f0f\u7ba1\u63a7\u3001\u54c1\u724c\u5316\u5f70\u663e\u201d\u7684\u77e5\u8bc6\u4ea7\u6743\u6218\u7565\u843d\u5730\uff0c\u8fdb\u4e00\u6b65\u52a0\u5f3a\u77e5\u8bc6\u4ea7\u6743\u4fdd\u62a4\u548c\u8fd0\u7528\uff0c\u5b9e\u65bd\u91cd\u70b9\u578b\u53f7\u3001\u6280\u672f\u53ca\u4ea7\u54c1\u7684\u4e13\u5229\u57f9\u80b2\uff0c\u5f62\u6210\u9ad8\u4ef7\u503c\u4e13\u5229\u7fa4\u3002", "events": [], "arguments": {"time": [], "loc": [], "country": [], "weapon": []}}, {"sentence": "\u6b7c-20\u98de\u673a\u662f\u4e2d\u56fd\u81ea\u4e3b\u7814\u5236\u7684\u5168\u5929\u5019\u3001\u4e2d\u8fdc\u7a0b\u3001\u91cd\u578b\u8d85\u97f3\u901f\u9690\u8eab\u6218\u6597\u673a\uff0c\u5177\u6709\u4f18\u5f02\u7684\u5236\u7a7a\u4f5c\u6218\u80fd\u529b\u548c\u826f\u597d\u7684\u5bf9\u5730\u5bf9\u6d77\u7cbe\u786e\u6253\u51fb\u80fd\u529b\u3002", "events": [{"trigger": {"text": "\u6253\u51fb", "offset": 54, "length": 2}, "object": {"text": "", "offset": 0, "length": 0}, "subject": {"text": "", "offset": 0, "length": 0}}], "arguments": {"time": [], "loc": [], "country": [{"text": "\u4e2d\u56fd", "offset": 7, "length": 2}], "weapon": [{"text": "\u6b7c-20\u98de\u673a", "offset": 0, "length": 6}, {"text": "\u8fdc\u7a0b\u3001\u91cd\u578b\u8d85\u97f3\u901f\u9690\u8eab\u6218\u6597\u673a", "offset": 0, "length": 13}]}}, {"sentence": "2011\u5e741\u670811\u65e5\u5728\u56db\u5ddd\u6210\u90fd\u9996\u98de\u6210\u529f\uff0c2016\u5e7411\u67081\u65e5\u5728\u7b2c\u5341\u4e00\u5c4a\u4e2d\u56fd\u56fd\u9645\u822a\u7a7a\u822a\u5929\u535a\u89c8\u4f1a\u4e0a\u9996\u6b21\u516c\u5f00\u4eae\u76f8\uff0c2017\u5e747\u670830\u65e5\u9996\u6b21\u5c55\u7fc5\u6c99\u573a\u9605\u5175\uff0c2018\u5e74\u5e74\u521d\u5f00\u59cb\u5217\u88c5\u7a7a\u519b\u4f5c\u6218\u90e8\u961f\uff0c2019\u5e7410\u67081\u65e5\u9996\u6b21\u53c2\u52a0\u56fd\u5e86\u9605\u5175\uff0c2019\u5e7410\u670817\u65e5\u9996\u6b21\u70ab\u6280\u7a7a\u519b\u822a\u7a7a\u5f00\u653e\u6d3b\u52a8\u3002", "events": [{"trigger": {"text": "\u516c\u5f00\u4eae\u76f8", "offset": 49, "length": 4}, "object": {"text": "", "offset": 0, "length": 0}, "subject": {"text": "", "offset": 0, "length": 0}}, {"trigger": {"text": "\u5217\u88c5", "offset": 82, "length": 2}, "object": {"text": "", "offset": 0, "length": 0}, "subject": {"text": "", "offset": 0, "length": 0}}], "arguments": {"time": [{"text": "2011\u5e741\u670811\u65e5", "offset": 0, "length": 10}, {"text": "2016\u5e7411\u67081\u65e5", "offset": 20, "length": 10}, {"text": "2017\u5e747\u670830\u65e5", "offset": 54, "length": 10}, {"text": "2018\u5e74\u5e74\u521d", "offset": 73, "length": 7}, {"text": "2019\u5e7410\u67081\u65e5", "offset": 91, "length": 10}, {"text": "2019\u5e7410\u670817\u65e5", "offset": 110, "length": 11}], "loc": [], "country": [{"text": "\u4e2d\u56fd", "offset": 35, "length": 2}], "weapon": []}}, {"sentence": "\uff08\u5b8c\uff09", "events": [], "arguments": {"time": [], "loc": [], "country": [], "weapon": []}}, {"sentence": "\uff08\u5b8c\uff09", "events": [], "arguments": {"time": [], "loc": [], "country": [], "weapon": []}}]