[{"sentence": "\u66b4\u75ab\u60c5\u3001\u70e7\u519b\u8230\u3001\u6389\u98de\u673a\u2026\u2026\u8fd9\u4e2a\u590f\u5929\uff0c\u7f8e\u519b\u771f\u95f9\u5fc3\uff01", "events": [], "arguments": {"time": [], "loc": [], "country": [{"text": "\u7f8e", "offset": 18, "length": 1}], "weapon": [{"text": "\u519b\u8230", "offset": 5, "length": 2}]}}, {"sentence": "\u9a7b\u51b2\u7ef3\u7f8e\u519b\u57fa\u5730\u66b4\u53d1\u96c6\u4f53\u6027\u65b0\u51a0\u611f\u67d3\uff0c\u7f8e\u6d77\u519b\u201c\u597d\u4eba\u7406\u67e5\u5fb7\u201d\u53f7\u4e24\u6816\u653b\u51fb\u8230\u71c3\u8d77\u51b2\u5929\u5927\u706b\uff0c\u7f8e\u7a7a\u519b\u5760\u6bc1\u4e86\u4e00\u67b6F-16C\u2026\u2026", "events": [{"trigger": {"text": "\u66b4\u53d1", "offset": 7, "length": 2}, "subject": {"text": "\u9a7b\u51b2\u7ef3\u7f8e\u519b\u57fa\u5730", "offset": 0, "length": 7}, "object": {"text": "\u96c6\u4f53\u6027\u65b0\u51a0\u611f\u67d3", "offset": 9, "length": 7}}, {"trigger": {"text": "\u71c3\u8d77", "offset": 33, "length": 2}, "subject": {"text": "\u7f8e\u6d77\u519b\u201c\u597d\u4eba\u7406\u67e5\u5fb7\u201d\u53f7\u4e24\u6816\u653b\u51fb\u8230", "offset": 17, "length": 16}, "object": {"text": "\u51b2\u5929\u5927\u706b", "offset": 35, "length": 4}}, {"trigger": {"text": "\u5760\u6bc1", "offset": 43, "length": 2}, "subject": {"text": "\u7f8e\u7a7a\u519b", "offset": 40, "length": 3}, "object": {"text": "\u4e00\u67b6F-16C", "offset": 46, "length": 7}}], "arguments": {"time": [], "loc": [{"text": "\u9a7b\u51b2\u7ef3\u7f8e\u519b\u57fa\u5730", "offset": 0, "length": 7}], "country": [], "weapon": [{"text": "\u201c\u597d\u4eba\u7406\u67e5\u5fb7\u201d\u53f7\u4e24\u6816\u653b\u51fb\u8230", "offset": 20, "length": 13}, {"text": "F-16C", "offset": 48, "length": 5}, {"text": "F-16C\u2026\u2026", "offset": 48, "length": 7}]}}, {"sentence": "\u8fd9\u4e2a\u590f\u5929\uff0c\u90e8\u7f72\u5728\u4e16\u754c\u591a\u5730\u7684\u7f8e\u519b\u4e8b\u6545\u9891\u53d1\uff0c\u9ebb\u70e6\u4e0d\u65ad\uff01", "events": [{"trigger": {"text": "\u90e8\u7f72\u5728", "offset": 5, "length": 3}, "object": {"text": "", "offset": 0, "length": 0}, "subject": {"text": "", "offset": 0, "length": 0}}], "arguments": {"time": [], "loc": [], "country": [{"text": "\u7f8e", "offset": 13, "length": 1}], "weapon": []}}, {"sentence": "\u8fd9\u662f2018\u5e741\u670827\u65e5\u822a\u62cd\u7684\u65e5\u672c\u51b2\u7ef3\u9a7b\u65e5\u7f8e\u519b\u666e\u5929\u95f4\u57fa\u5730\u3002", "events": [], "arguments": {"time": [{"text": "2018\u5e741\u670827\u65e5", "offset": 2, "length": 10}], "loc": [{"text": "\u65e5\u672c\u51b2\u7ef3\u9a7b\u65e5\u7f8e\u519b\u666e\u5929\u95f4\u57fa\u5730", "offset": 15, "length": 13}], "country": [{"text": "\u65e5\u672c", "offset": 15, "length": 2}], "weapon": []}}, {"sentence": "\u65b0\u534e\u793e/\u7f8e\u8054", "events": [], "arguments": {"time": [], "loc": [], "country": [{"text": "\u7f8e", "offset": 4, "length": 1}], "weapon": []}}, {"sentence": "\u60f9\u4f17\u6012\uff01", "events": [], "arguments": {"time": [], "loc": [], "country": [], "weapon": []}}, {"sentence": "\u9a7b\u65e5\u7f8e\u519b\u57fa\u5730\u66b4\u53d1\u805a\u96c6\u6027\u65b0\u51a0\u75ab\u60c5", "events": [], "arguments": {"time": [], "loc": [{"text": "\u9a7b\u65e5\u7f8e\u519b\u57fa\u5730", "offset": 0, "length": 6}], "country": [], "weapon": []}}, {"sentence": "\u8fd1\u65e5\uff0c\u7f8e\u519b\u9a7b\u51b2\u7ef3\u57fa\u5730\u7a81\u7136\u51fa\u73b0\u96c6\u4f53\u6027\u65b0\u51a0\u611f\u67d3\u3002", "events": [], "arguments": {"time": [], "loc": [{"text": "\u7f8e\u519b\u9a7b\u51b2\u7ef3\u57fa\u5730", "offset": 3, "length": 7}], "country": [{"text": "\u7f8e", "offset": 3, "length": 1}], "weapon": []}}, {"sentence": "\u4ec5\u57287\u67087\u65e5\u81f311\u65e5\uff0c\u51b2\u7ef3\u7f8e\u519b\u57fa\u5730\u5c31\u5df2\u51fa\u73b061\u4f8b\u65b0\u51a0\u786e\u8bca\u75c5\u4f8b\uff0c13\u65e5\uff0c\u51b2\u7ef3\u7f8e\u519b\u57fa\u5730\u518d\u5411\u5f53\u5730\u901a\u62a5\u4e8632\u4f8b\u786e\u8bca\u75c5\u4f8b\u3002", "events": [{"trigger": {"text": "\u51fa\u73b0", "offset": 19, "length": 2}, "subject": {"text": "\u51b2\u7ef3\u7f8e\u519b\u57fa\u5730", "offset": 35, "length": 6}, "object": {"text": "61\u4f8b\u65b0\u51a0\u786e\u8bca\u75c5\u4f8b", "offset": 21, "length": 9}}, {"trigger": {"text": "\u901a\u62a5", "offset": 45, "length": 2}, "subject": {"text": "\u51b2\u7ef3\u7f8e\u519b\u57fa\u5730", "offset": 35, "length": 6}, "object": {"text": "32\u4f8b\u786e\u8bca\u75c5\u4f8b", "offset": 48, "length": 7}}], "arguments": {"time": [{"text": "7\u67087\u65e5\u81f311\u65e5", "offset": 2, "length": 8}, {"text": "13\u65e5", "offset": 31, "length": 3}], "loc": [{"text": "\u51b2\u7ef3\u7f8e\u519b\u57fa\u5730", "offset": 35, "length": 6}, {"text": "\u51b2\u7ef3\u7f8e\u519b\u57fa\u5730", "offset": 11, "length": 6}], "country": [], "weapon": []}}, {"sentence": "15\u65e5\uff0c\u65e5\u672c\u51b2\u7ef3\u53bf\u653f\u5e9c\u8bc1\u5b9e\uff0c\u5f53\u5730\u7684\u591a\u4e2a\u9a7b\u65e5\u7f8e\u519b\u57fa\u5730\u65b0\u589e36\u4f8b\u65b0\u51a0\u786e\u8bca\u75c5\u4f8b\u3002", "events": [{"trigger": {"text": "\u65b0\u589e", "offset": 25, "length": 2}, "subject": {"text": "\u5f53\u5730\u7684\u591a\u4e2a\u9a7b\u65e5\u7f8e\u519b\u57fa\u5730", "offset": 14, "length": 11}, "object": {"text": "36\u4f8b\u65b0\u51a0\u786e\u8bca\u75c5\u4f8b", "offset": 27, "length": 9}}], "arguments": {"time": [{"text": "15\u65e5", "offset": 0, "length": 3}], "loc": [{"text": "\u51b2\u7ef3\u53bf\u653f\u5e9c", "offset": 6, "length": 5}, {"text": "\u9a7b\u65e5\u7f8e\u519b\u57fa\u5730", "offset": 19, "length": 6}], "country": [{"text": "\u65e5\u672c", "offset": 4, "length": 2}], "weapon": []}}, {"sentence": "\u77ed\u65f6\u95f4\u5185\u51fa\u73b0\u5927\u91cf\u786e\u8bca\u75c5\u4f8b\uff0c\u51b2\u7ef3\u53bf\u77e5\u4e8b\u7389\u57ce\u4e39\u5c3c\u5bf9\u8fd9\u4e00\u6d88\u606f\u611f\u5230\u201c\u51b2\u51fb\u201d\u548c\u201c\u6781\u4e3a\u9057\u61be\u201d\uff0c\u5e76\u8868\u793a\u201c\u4e0d\u5f97\u4e0d\u5bf9\uff08\u9a7b\u51b2\u7ef3\u7f8e\u519b\u7684\uff09\u9632\u75ab\u5bf9\u7b56\u5f3a\u70c8\u6000\u7591\u201d\u3002", "events": [], "arguments": {"time": [], "loc": [{"text": "\u51b2\u7ef3", "offset": 51, "length": 2}], "country": [], "weapon": []}}, {"sentence": "\u6709\u62a5\u9053\u79f0\uff0c\u5728\u7ea65\u4e07\u4eba\u7684\u9a7b\u65e5\u7f8e\u519b\u4e2d\uff0c\u6709\u534a\u6570\u4ee5\u4e0a\u9a7b\u624e\u5728\u51b2\u7ef3\uff0c\u800c\u4ed6\u4eec\u65e0\u987b\u63a5\u53d7\u65e5\u65b9\u7684\u65b0\u51a0\u75c5\u6bd2\u68c0\u6d4b\uff0c\u7f8e\u519b\u5404\u9879\u9632\u75ab\u63aa\u65bd\u4e5f\u4e0d\u53d7\u65e5\u65b9\u7ba1\u63a7\u3002", "events": [], "arguments": {"time": [], "loc": [{"text": "\u51b2\u7ef3", "offset": 25, "length": 2}], "country": [{"text": "\u65e5", "offset": 56, "length": 1}], "weapon": []}}, {"sentence": "\u66f4\u6709\u6d88\u606f\u6307\u51fa\uff0c\u7f8e\u65b9\u8d77\u521d\u5e76\u4e0d\u613f\u900f\u9732\u9a7b\u65e5\u7f8e\u519b\u786e\u8bca\u75c5\u4f8b\u6570\u4ee5\u53ca\u786e\u8bca\u75c5\u4f8b\u884c\u8e2a\u7b49\u4fe1\u606f\uff0c\u540e\u6765\u5728\u65e5\u65b9\u4e00\u518d\u8981\u6c42\u4e0b\uff0c\u624d\u4e0d\u5f97\u4e0d\u516c\u5e03\u76f8\u5173\u4fe1\u606f\u3002", "events": [], "arguments": {"time": [], "loc": [], "country": [{"text": "\u7f8e", "offset": 18, "length": 1}, {"text": "\u7f8e\u65b9", "offset": 7, "length": 2}, {"text": "\u65e5\u65b9", "offset": 40, "length": 2}], "weapon": []}}, {"sentence": "\u4eab\u6709\u201c\u7279\u6b8a\u5730\u4f4d\u201d\u7684\u7f8e\u56fd\u5927\u5175\u5728\u51b2\u7ef3\u201c\u6765\u53bb\u81ea\u7531\u201d\u201c\u6211\u884c\u6211\u7d20\u201d\u3002", "events": [], "arguments": {"time": [], "loc": [{"text": "\u51b2\u7ef3", "offset": 14, "length": 2}], "country": [{"text": "\u7f8e\u56fd", "offset": 9, "length": 2}], "weapon": []}}, {"sentence": "\u6709\u51b2\u7ef3\u5c45\u6c11\u8868\u793a\uff0c\u75ab\u60c5\u671f\u95f4\uff0c\u770b\u5230\u8857\u4e0a\u51fa\u73b0\u4e0d\u6234\u53e3\u7f69\u7684\u7f8e\u519b\u58eb\u5175\uff0c\u771f\u7684\u611f\u5230\u62c5\u5fe7\u3002", "events": [], "arguments": {"time": [], "loc": [], "country": [{"text": "\u7f8e", "offset": 24, "length": 1}], "weapon": []}}, {"sentence": "\u957f\u671f\u4ee5\u6765\uff0c\u51b2\u7ef3\u5c45\u6c11\u5bf9\u7f8e\u519b\u57fa\u5730\u5e26\u6765\u566a\u97f3\u548c\u6c61\u67d3\u3001\u7f8e\u56fd\u519b\u673a\u5760\u6bc1\uff0c\u4ee5\u53ca\u7f8e\u519b\u4eba\u5458\u72af\u7f6a\u7b49\u95ee\u9898\u591a\u6709\u6028\u8a00\uff0c\u6b64\u6b21\u66b4\u53d1\u7684\u805a\u96c6\u6027\u75ab\u60c5\uff0c\u66f4\u662f\u52a0\u5267\u4e86\u4ed6\u4eec\u7684\u4e0d\u6ee1\u3002", "events": [{"trigger": {"text": "\u5760\u6bc1", "offset": 26, "length": 2}, "object": {"text": "", "offset": 0, "length": 0}, "subject": {"text": "", "offset": 0, "length": 0}}], "arguments": {"time": [], "loc": [{"text": "\u51b2\u7ef3", "offset": 5, "length": 2}], "country": [{"text": "\u7f8e\u56fd", "offset": 22, "length": 2}], "weapon": []}}, {"sentence": "\u592a\u7cdf\u5fc3\uff01", "events": [], "arguments": {"time": [], "loc": [], "country": [], "weapon": []}}, {"sentence": "\u7f8e\u56fd\u6d77\u519b\u201c\u51c6\u822a\u6bcd\u201d\u706b\u5149\u51b2\u5929", "events": [], "arguments": {"time": [], "loc": [], "country": [{"text": "\u7f8e\u56fd", "offset": 0, "length": 2}], "weapon": [{"text": "\u7f8e\u56fd\u6d77\u519b\u201c\u51c6\u822a\u6bcd\u201d", "offset": 0, "length": 9}, {"text": "\u201c\u51c6\u822a\u6bcd\u201d", "offset": 4, "length": 5}]}}, {"sentence": "\u592a\u5e73\u6d0b\u897f\u5cb8\u7684\u9a7b\u65e5\u7f8e\u519b\u57fa\u5730\u51fa\u4e86\u4e8b\uff0c\u4e1c\u5cb8\u7684\u7f8e\u6d77\u519b\u57fa\u5730\u4e5f\u4e0d\u201c\u592a\u5e73\u201d\u3002", "events": [], "arguments": {"time": [], "loc": [{"text": "\u592a\u5e73\u6d0b\u897f\u5cb8", "offset": 0, "length": 5}, {"text": "\u9a7b\u65e5\u7f8e\u519b\u57fa\u5730", "offset": 6, "length": 6}, {"text": "\u4e1c\u5cb8", "offset": 16, "length": 2}, {"text": "\u7f8e\u6d77\u519b\u57fa\u5730", "offset": 19, "length": 5}, {"text": "\u592a\u5e73\u6d0b", "offset": 0, "length": 3}], "country": [], "weapon": []}}, {"sentence": "\u5f53\u5730\u65f6\u95f47\u670812\u65e5\uff0c\u505c\u6cca\u5728\u7f8e\u56fd\u5723\u8fed\u6208\u6d77\u519b\u57fa\u5730\u7684\u4e24\u6816\u653b\u51fb\u8230\u201c\u597d\u4eba\u7406\u67e5\u5fb7\u201d\u53f7\u53d1\u751f\u7206\u70b8\uff0c\u71c3\u8d77\u718a\u718a\u5927\u706b\u3002", "events": [{"trigger": {"text": "\u53d1\u751f", "offset": 36, "length": 2}, "subject": {"text": "\u7f8e\u56fd\u5723\u8fed\u6208\u6d77\u519b\u57fa\u5730\u7684\u4e24\u6816\u653b\u51fb\u8230\u201c\u597d\u4eba\u7406\u67e5\u5fb7\u201d\u53f7", "offset": 13, "length": 23}, "object": {"text": "\u7206\u70b8", "offset": 38, "length": 2}}, {"trigger": {"text": "\u71c3\u8d77", "offset": 41, "length": 2}, "object": {"text": "", "offset": 0, "length": 0}, "subject": {"text": "", "offset": 0, "length": 0}}], "arguments": {"time": [{"text": "\u5f53\u5730\u65f6\u95f47\u670812\u65e5", "offset": 0, "length": 9}, {"text": "7\u670812\u65e5", "offset": 4, "length": 5}], "loc": [{"text": "\u7f8e\u56fd\u5723\u8fed\u6208\u6d77\u519b\u57fa\u5730", "offset": 13, "length": 9}], "country": [{"text": "\u7f8e\u56fd", "offset": 13, "length": 2}], "weapon": [{"text": "\u4e24\u6816\u653b\u51fb\u8230\u201c\u597d\u4eba\u7406\u67e5\u5fb7\u201d\u53f7", "offset": 23, "length": 13}]}}, {"sentence": "\u4e00\u65f6\u95f4\uff0c\u5851\u6599\u3001\u7535\u7f06\u548c\u5176\u4ed6\u6750\u6599\u71c3\u70e7\u4ea7\u751f\u7684\u523a\u9f3b\u70df\u96fe\u98d8\u904d\u5723\u8fed\u6208\u5e02\u4e2d\u5fc3\u4e0a\u7a7a\uff0c\u8bb8\u591a\u4ece\u8230\u4e0a\u9003\u8131\u7684\u6c34\u5175\u4e5f\u5931\u53bb\u4e86\u5168\u90e8\u8d22\u4ea7\uff0c\u201c\u53ea\u5269\u4e00\u8eab\u8863\u670d\u201d\u3002", "events": [], "arguments": {"time": [], "loc": [{"text": "\u5723\u8fed\u6208\u5e02", "offset": 25, "length": 4}], "country": [], "weapon": []}}, {"sentence": "7\u670812\u65e5\uff0c\u7f8e\u56fd\u52a0\u5229\u798f\u5c3c\u4e9a\u5dde\u5723\u8fed\u6208\u6d77\u519b\u57fa\u5730\u8d77\u706b\u5192\u51fa\u6d53\u70df\u3002", "events": [], "arguments": {"time": [{"text": "7\u670812\u65e5", "offset": 0, "length": 5}], "loc": [{"text": "\u52a0\u5229\u798f\u5c3c\u4e9a\u5dde", "offset": 8, "length": 6}, {"text": "\u5723\u8fed\u6208\u6d77\u519b\u57fa\u5730", "offset": 14, "length": 7}, {"text": "\u52a0\u5229\u798f\u5c3c\u4e9a\u5dde\u5723\u8fed\u6208\u6d77\u519b\u57fa\u5730", "offset": 8, "length": 13}], "country": [{"text": "\u7f8e\u56fd", "offset": 6, "length": 2}], "weapon": []}}, {"sentence": " \u505c\u6cca\u5728\u52a0\u5229\u798f\u5c3c\u4e9a\u5dde\u5723\u8fed\u6208\u6d77\u519b\u57fa\u5730\u7684\u4e00\u8258\u7f8e\u519b\u4e24\u6816\u653b\u51fb\u823012\u65e5\u53d1\u751f\u706b\u707e\u3002", "events": [{"trigger": {"text": "\u53d1\u751f", "offset": 30, "length": 2}, "subject": {"text": "\u52a0\u5229\u798f\u5c3c\u4e9a\u5dde\u5723\u8fed\u6208\u6d77\u519b\u57fa\u5730\u7684\u4e00\u8258\u7f8e\u519b\u4e24\u6816\u653b\u51fb\u8230", "offset": 4, "length": 23}, "object": {"text": "\u706b\u707e", "offset": 32, "length": 2}}, {"trigger": {"text": "\u53d1\u751f\u706b\u707e", "offset": 30, "length": 4}, "object": {"text": "", "offset": 0, "length": 0}, "subject": {"text": "", "offset": 0, "length": 0}}], "arguments": {"time": [], "loc": [{"text": "\u52a0\u5229\u798f\u5c3c\u4e9a\u5dde\u5723\u8fed\u6208\u6d77\u519b\u57fa\u5730", "offset": 4, "length": 13}], "country": [{"text": "\u7f8e", "offset": 20, "length": 1}], "weapon": [{"text": "\u4e24\u6816\u653b\u51fb\u8230", "offset": 22, "length": 5}]}}, {"sentence": "\u65b0\u534e\u793e/\u7f8e\u8054", "events": [], "arguments": {"time": [], "loc": [], "country": [{"text": "\u7f8e", "offset": 4, "length": 1}], "weapon": []}}, {"sentence": "\u7f8e\u6d77\u519b\u79f0\uff0c\u622a\u81f313\u65e5\u4e0b\u5348\uff0c\u5df2\u670936\u540d\u6c34\u5175\u548c23\u540d\u5e73\u6c11\u56e0\u9ad8\u6e29\u707c\u4f24\u548c\u5438\u5165\u70df\u5c18\u7b49\u539f\u56e0\u63a5\u53d7\u6cbb\u7597\u3002", "events": [{"trigger": {"text": "\u63a5\u53d7", "offset": 39, "length": 2}, "subject": {"text": "36\u540d\u6c34\u5175\u548c23\u540d\u5e73\u6c11", "offset": 15, "length": 11}, "object": {"text": "\u6cbb\u7597", "offset": 41, "length": 2}}], "arguments": {"time": [{"text": "13\u65e5\u4e0b\u5348", "offset": 7, "length": 5}], "loc": [], "country": [{"text": "\u7f8e", "offset": 0, "length": 1}], "weapon": []}}, {"sentence": "\u201c\u597d\u4eba\u7406\u67e5\u5fb7\u201d\u53f7\u662f\u7f8e\u56fd\u6d77\u519b\u201c\u9ec4\u8702\u201d\u7ea7\u4e24\u6816\u653b\u51fb\u8230\u4e2d\u7684\u4e00\u8258\uff0c\u6392\u6c34\u91cf\u8d85\u8fc74\u4e07\u5428\uff0c\u8be5\u8230\u5177\u6709\u5bbd\u655e\u7684\u98de\u884c\u7532\u677f\u548c\u673a\u5e93\u7532\u677f\uff0c\u53ef\u5bb9\u7eb3\u76f4\u5347\u673a\u3001\u503e\u8f6c\u65cb\u7ffc\u673a\u4ee5\u53ca\u77ed\u8ddd\u8d77\u964d\u98de\u673a\uff0c\u76f8\u5f53\u4e8e\u4e00\u8258\u201c\u51c6\u822a\u6bcd\u201d\u3002", "events": [{"trigger": {"text": "\u98de\u884c", "offset": 44, "length": 2}, "object": {"text": "", "offset": 0, "length": 0}, "subject": {"text": "", "offset": 0, "length": 0}}], "arguments": {"time": [], "loc": [], "country": [{"text": "\u7f8e\u56fd", "offset": 9, "length": 2}], "weapon": [{"text": "\u7f8e\u56fd\u6d77\u519b\u201c\u9ec4\u8702\u201d\u7ea7\u4e24\u6816\u653b\u51fb\u8230", "offset": 9, "length": 14}, {"text": "\u76f4\u5347\u673a", "offset": 57, "length": 3}, {"text": "\u503e\u8f6c\u65cb\u7ffc\u673a", "offset": 61, "length": 5}, {"text": "\u77ed\u8ddd\u8d77\u964d\u98de\u673a", "offset": 68, "length": 6}, {"text": "\u201c\u597d\u4eba\u7406\u67e5\u5fb7\u201d\u53f7", "offset": 0, "length": 8}, {"text": "\u201c\u9ec4\u8702\u201d\u7ea7\u4e24\u6816\u653b\u51fb\u8230", "offset": 13, "length": 10}]}}, {"sentence": "\u867d\u7136\u540d\u5b57\u5f88\u7279\u522b\uff0c\u4f46\u5f88\u591a\u4eba\u5e76\u4e0d\u4f1a\u5bf9\u8be5\u8230\u611f\u5230\u964c\u751f\uff0c\u524d\u4e9b\u5e74\u5927\u70ed\u7684\u79d1\u5e7b\u7535\u5f71\u300a\u8d85\u7ea7\u6218\u8230\u300b\u4e2d\uff0c\u4eba\u4eec\u5c31\u66fe\u9886\u7565\u8fc7\u8fd9\u8258\u5927\u8230\u7684\u98ce\u91c7\u3002", "events": [], "arguments": {"time": [], "loc": [], "country": [], "weapon": [{"text": "\u8d85\u7ea7\u6218\u8230", "offset": 34, "length": 4}]}}, {"sentence": "\u5931\u706b\u4ee5\u524d\uff0c\u8be5\u8230\u6b63\u5728\u5904\u4e8e\u4e2d\u671f\u7ef4\u62a4\u4e2d\uff0c\u4e3b\u8981\u662f\u5bf9\u98de\u884c\u7532\u677f\u8fdb\u884c\u5347\u7ea7\u6539\u9020\uff0c\u5347\u7ea7\u540e\u6700\u591a\u5c06\u80fd\u642d\u8f7d16\u67b6F-35B\u77ed\u8ddd\u8d77\u98de/\u5782\u76f4\u964d\u843d\u6218\u6597\u673a\u621622\u67b6MV-22B\u201c\u9c7c\u9e70\u201d\u8fd0\u8f93\u673a\u3002", "events": [{"trigger": {"text": "\u5347\u7ea7\u6539\u9020", "offset": 27, "length": 4}, "object": {"text": "", "offset": 0, "length": 0}, "subject": {"text": "", "offset": 0, "length": 0}}, {"trigger": {"text": "\u642d\u8f7d", "offset": 39, "length": 2}, "object": {"text": "", "offset": 0, "length": 0}, "subject": {"text": "", "offset": 0, "length": 0}}, {"trigger": {"text": "\u5347\u7ea7", "offset": 32, "length": 2}, "object": {"text": "", "offset": 0, "length": 0}, "subject": {"text": "", "offset": 0, "length": 0}}], "arguments": {"time": [], "loc": [], "country": [], "weapon": [{"text": "F-35B", "offset": 44, "length": 5}, {"text": "MV-22B\u201c\u9c7c\u9e70\u201d\u8fd0\u8f93\u673a", "offset": 65, "length": 13}, {"text": "F-35B\u77ed\u8ddd\u8d77\u98de/\u5782\u76f4\u964d\u843d\u6218\u6597\u673a", "offset": 44, "length": 17}]}}, {"sentence": "\u800c\u8fd9\u573a\u6301\u7eed\u6570\u5341\u4e2a\u5c0f\u65f6\u7684\u5927\u706b\uff0c\u53ef\u80fd\u4f7f\u5f97\u8fd9\u8258\u8230\u9f84\u8d85\u8fc720\u5e74\u7684\u5de8\u8230\u96be\u4ee5\u91cd\u632f\u96c4\u98ce\u3002", "events": [], "arguments": {"time": [], "loc": [], "country": [], "weapon": []}}, {"sentence": "\u6709\u5206\u6790\u6307\u51fa\uff0c\u867d\u7136\u8be5\u8230\u635f\u574f\u7a0b\u5ea6\u5c1a\u4e0d\u6e05\u695a\uff0c\u4f46\u706b\u707e\u7684\u5f3a\u5ea6\u8db3\u4ee5\u4f7f\u5f97\u8230\u4f53\u7ed3\u6784\u94a2\u53d8\u5f62\uff0c\u8003\u8651\u5230\u635f\u574f\u7a0b\u5ea6\uff0c\u8be5\u8230\u81f3\u5c11\u5c06\u505c\u6b62\u4f7f\u7528\u6570\u5e74\uff0c\u5e76\u4e14\u5f88\u53ef\u80fd\u88ab\u9274\u5b9a\u4e3a\u5b8c\u5168\u62a5\u5e9f\u3002", "events": [{"trigger": {"text": "\u62a5\u5e9f", "offset": 68, "length": 2}, "object": {"text": "", "offset": 0, "length": 0}, "subject": {"text": "", "offset": 0, "length": 0}}], "arguments": {"time": [], "loc": [], "country": [], "weapon": []}}, {"sentence": "\u4e00\u65e6\u8be5\u8230\u62a5\u5e9f\uff0c\u8fd9\u5c06\u662f\u201c\u7f8e\u56fd\u6d77\u519b\u8fd120\u5e74\u6700\u4e25\u91cd\u7684\u5b89\u5168\u4e8b\u6545\u201d\uff0c\u635f\u5931\u60e8\u91cd\u3002", "events": [{"trigger": {"text": "\u62a5\u5e9f", "offset": 4, "length": 2}, "object": {"text": "", "offset": 0, "length": 0}, "subject": {"text": "", "offset": 0, "length": 0}}], "arguments": {"time": [], "loc": [], "country": [{"text": "\u7f8e\u56fd", "offset": 11, "length": 2}], "weapon": []}}, {"sentence": "\u771f\u6dfb\u5835\uff01", "events": [], "arguments": {"time": [], "loc": [], "country": [], "weapon": []}}, {"sentence": "\u7f8e\u56fd\u7a7a\u519b\u6700\u8fd1\u53c8\u53cc\u53d2\u53d5\u6389\u98de\u673a", "events": [], "arguments": {"time": [], "loc": [], "country": [{"text": "\u7f8e\u56fd", "offset": 0, "length": 2}], "weapon": [{"text": "\u98de\u673a", "offset": 11, "length": 2}]}}, {"sentence": "\u5c4b\u6f0f\u504f\u9022\u8fde\u591c\u96e8\uff0c\u201c\u597d\u4eba\u7406\u67e5\u5fb7\u201d\u53f7\u4e0a\u7684\u5927\u706b\u5c1a\u672a\u7184\u706d\uff0c\u7a7a\u519b\u53c8\u7ed9\u7f8e\u56fd\u519b\u65b9\u201c\u6dfb\u4e86\u5835\u201d\u3002", "events": [], "arguments": {"time": [], "loc": [], "country": [{"text": "\u7f8e\u56fd", "offset": 29, "length": 2}], "weapon": [{"text": "\u201c\u597d\u4eba\u7406\u67e5\u5fb7\u201d\u53f7", "offset": 8, "length": 8}]}}, {"sentence": "\u5f53\u5730\u65f6\u95f47\u670813\u65e5\uff0c\u7f8e\u56fd\u65b0\u58a8\u897f\u54e5\u5dde\u970d\u6d1b\u66fc\u7a7a\u519b\u57fa\u5730\u7684\u4e00\u67b6F-16C\u6218\u6597\u673a\u53d1\u751f\u5760\u6bc1\u4e8b\u6545\u3002", "events": [{"trigger": {"text": "\u53d1\u751f", "offset": 35, "length": 2}, "subject": {"text": "\u7f8e\u56fd\u65b0\u58a8\u897f\u54e5\u5dde\u970d\u6d1b\u66fc\u7a7a\u519b\u57fa\u5730\u7684\u4e00\u67b6F-16C\u6218\u6597\u673a", "offset": 10, "length": 25}, "object": {"text": "\u5760\u6bc1\u4e8b\u6545", "offset": 37, "length": 4}}, {"trigger": {"text": "\u5760\u6bc1", "offset": 37, "length": 2}, "object": {"text": "", "offset": 0, "length": 0}, "subject": {"text": "", "offset": 0, "length": 0}}], "arguments": {"time": [{"text": "\u5f53\u5730\u65f6\u95f47\u670813\u65e5", "offset": 0, "length": 9}, {"text": "7\u670813\u65e5", "offset": 4, "length": 5}], "loc": [{"text": "\u65b0\u58a8\u897f\u54e5\u5dde\u970d\u6d1b\u66fc\u7a7a\u519b\u57fa\u5730", "offset": 12, "length": 12}], "country": [{"text": "\u7f8e\u56fd", "offset": 10, "length": 2}], "weapon": [{"text": "F-16C\u6218\u6597\u673a", "offset": 27, "length": 8}]}}, {"sentence": "\u8d44\u6599\u56fe\uff1a\u7f8e\u56fd\u7a7a\u519bF-16C\u6218\u6597\u673a", "events": [], "arguments": {"time": [], "loc": [], "country": [{"text": "\u7f8e\u56fd", "offset": 4, "length": 2}], "weapon": [{"text": "\u7f8e\u56fd\u7a7a\u519bF-16C\u6218\u6597\u673a", "offset": 4, "length": 12}, {"text": "F-16C\u6218\u6597\u673a", "offset": 8, "length": 8}]}}, {"sentence": "\u7136\u800c\uff0c\u8fd9\u6b21\u5760\u673a\u4e8b\u4ef6\u5e76\u4e0d\u662f\u4eca\u5e74\u552f\u4e00\u4e00\u8d77\u3002", "events": [{"trigger": {"text": "\u5760\u673a", "offset": 5, "length": 2}, "object": {"text": "", "offset": 0, "length": 0}, "subject": {"text": "", "offset": 0, "length": 0}}], "arguments": {"time": [], "loc": [], "country": [], "weapon": []}}, {"sentence": "\u81ea5\u6708\u4ee5\u6765\uff0c\u7f8e\u7a7a\u519b\u591a\u6b21\u53d1\u751f\u5760\u673a\u4e8b\u6545\uff0c\u5176\u4e2d\u4e0d\u4e4f\u201c\u673a\u6bc1\u4eba\u4ea1\u201d\u7684\u60e8\u5267\u3002", "events": [{"trigger": {"text": "\u5760\u673a", "offset": 13, "length": 2}, "object": {"text": "", "offset": 0, "length": 0}, "subject": {"text": "", "offset": 0, "length": 0}}], "arguments": {"time": [{"text": "5\u6708", "offset": 1, "length": 2}], "loc": [], "country": [{"text": "\u7f8e", "offset": 6, "length": 1}], "weapon": []}}, {"sentence": "5\u670815\u65e5\uff0c\u7f8e\u7a7a\u519b\u4e00\u67b6F-22\u578b\u6218\u673a\u5728\u4f5b\u7f57\u91cc\u8fbe\u5dde\u57c3\u683c\u6797\u7a7a\u519b\u57fa\u5730\u9644\u8fd1\u5760\u6bc1\uff0c\u98de\u884c\u5458\u5f39\u5c04\u9003\u751f\u3002", "events": [{"trigger": {"text": "\u5728\u4f5b\u7f57\u91cc\u8fbe\u5dde\u57c3\u683c\u6797\u7a7a\u519b\u57fa\u5730\u9644\u8fd1", "offset": 18, "length": 15}, "subject": {"text": "\u7f8e\u7a7a\u519b\u4e00\u67b6F-22\u578b\u6218\u673a", "offset": 6, "length": 12}, "object": {"text": "\u5760\u6bc1", "offset": 33, "length": 2}}, {"trigger": {"text": "\u5f39\u5c04", "offset": 39, "length": 2}, "object": {"text": "", "offset": 0, "length": 0}, "subject": {"text": "", "offset": 0, "length": 0}}], "arguments": {"time": [{"text": "5\u670815\u65e5", "offset": 0, "length": 5}], "loc": [{"text": "\u4f5b\u7f57\u91cc\u8fbe\u5dde\u57c3\u683c\u6797\u7a7a\u519b\u57fa\u5730", "offset": 19, "length": 12}], "country": [{"text": "\u7f8e", "offset": 6, "length": 1}], "weapon": [{"text": "F-22\u578b\u6218\u673a", "offset": 11, "length": 7}]}}, {"sentence": "5\u670820\u65e5\uff0c\u57c3\u683c\u6797\u7a7a\u519b\u57fa\u5730\u786e\u8ba4\uff0c\u4e00\u67b6F-35A\u578b\u6218\u6597\u673a19\u65e5\u665a\u5c1d\u8bd5\u5728\u57fa\u5730\u964d\u843d\u65f6\u5760\u6bc1\uff0c\u98de\u884c\u5458\u540c\u6837\u5f39\u5c04\u9003\u751f\u3002", "events": [{"trigger": {"text": "\u964d\u843d", "offset": 36, "length": 2}, "object": {"text": "", "offset": 0, "length": 0}, "subject": {"text": "", "offset": 0, "length": 0}}, {"trigger": {"text": "\u5f39\u5c04", "offset": 47, "length": 2}, "object": {"text": "", "offset": 0, "length": 0}, "subject": {"text": "", "offset": 0, "length": 0}}, {"trigger": {"text": "\u5760\u6bc1", "offset": 39, "length": 2}, "object": {"text": "", "offset": 0, "length": 0}, "subject": {"text": "", "offset": 0, "length": 0}}], "arguments": {"time": [{"text": "5\u670820\u65e5", "offset": 0, "length": 5}, {"text": "19\u65e5\u665a", "offset": 27, "length": 4}], "loc": [{"text": "\u57c3\u683c\u6797\u7a7a\u519b\u57fa\u5730", "offset": 6, "length": 7}], "country": [], "weapon": [{"text": "F-35A\u578b\u6218\u6597\u673a", "offset": 18, "length": 9}]}}, {"sentence": "6\u670815\u65e5\uff0c\u9a7b\u82f1\u7f8e\u519b\u57fa\u5730\u4e00\u67b6F-15C\u6218\u6597\u673a\u5f53\u65e5\u5728\u6267\u884c\u8bad\u7ec3\u4efb\u52a1\u65f6\u5760\u6bc1\u3002", "events": [{"trigger": {"text": "\u8bad\u7ec3", "offset": 27, "length": 2}, "object": {"text": "", "offset": 0, "length": 0}, "subject": {"text": "", "offset": 0, "length": 0}}, {"trigger": {"text": "\u5760\u6bc1", "offset": 32, "length": 2}, "object": {"text": "", "offset": 0, "length": 0}, "subject": {"text": "", "offset": 0, "length": 0}}], "arguments": {"time": [{"text": "6\u670815\u65e5", "offset": 0, "length": 5}], "loc": [{"text": "\u9a7b\u82f1\u7f8e\u519b\u57fa\u5730", "offset": 6, "length": 6}], "country": [{"text": "\u7f8e", "offset": 8, "length": 1}], "weapon": [{"text": "F-15C\u6218\u6597\u673a", "offset": 14, "length": 8}]}}, {"sentence": "6\u670830\u65e5\uff0c\u7f8e\u56fd\u5357\u52a0\u5dde\u8096\u7a7a\u519b\u57fa\u5730\u4e00\u67b6F-16\u6218\u6597\u673a\u5728\u6267\u884c\u65e5\u5e38\u8bad\u7ec3\u4efb\u52a1\u65f6\u5760\u6bc1\uff0c\u673a\u4e0a\u98de\u884c\u5458\u88ab\u9001\u5f80\u533b\u9662\uff0c\u4e4b\u540e\u88ab\u5ba3\u5e03\u8111\u6b7b\u4ea1\u3002", "events": [{"trigger": {"text": "\u8bad\u7ec3", "offset": 30, "length": 2}, "object": {"text": "", "offset": 0, "length": 0}, "subject": {"text": "", "offset": 0, "length": 0}}, {"trigger": {"text": "\u5760\u6bc1", "offset": 35, "length": 2}, "object": {"text": "", "offset": 0, "length": 0}, "subject": {"text": "", "offset": 0, "length": 0}}], "arguments": {"time": [{"text": "6\u670830\u65e5", "offset": 0, "length": 5}], "loc": [{"text": "\u7f8e\u56fd\u5357\u52a0\u5dde\u8096\u7a7a\u519b\u57fa\u5730", "offset": 6, "length": 10}], "country": [{"text": "\u7f8e\u56fd", "offset": 6, "length": 2}], "weapon": [{"text": "F-16\u6218\u6597\u673a", "offset": 18, "length": 7}]}}, {"sentence": "\u4e0d\u52302\u4e2a\u6708\uff0c\u6570\u67b6\u9020\u4ef7\u4e0d\u83f2\uff0c\u6027\u80fd\u51fa\u4f17\u7684\u201c\u6218\u9e70\u201d\u5728\u8bad\u7ec3\u4e2d\u201c\u6298\u7ffc\u201d\uff0c\u635f\u5931\u4e0d\u53ef\u8c13\u4e0d\u5927\u3002", "events": [{"trigger": {"text": "\u8bad\u7ec3", "offset": 23, "length": 2}, "object": {"text": "", "offset": 0, "length": 0}, "subject": {"text": "", "offset": 0, "length": 0}}], "arguments": {"time": [], "loc": [], "country": [], "weapon": [{"text": "\u201c\u6218\u9e70\u201d", "offset": 18, "length": 4}]}}, {"sentence": "\u7b56\u5212\uff1a\u5218\u52a0\u6587", "events": [], "arguments": {"time": [], "loc": [], "country": [], "weapon": []}}, {"sentence": "\u76d1\u5236\uff1a\u590f\u5c0f\u9e4f \u5f90\u5029", "events": [], "arguments": {"time": [], "loc": [], "country": [], "weapon": []}}, {"sentence": "\u4f5c\u8005\uff1a\u5f90\u6d77\u77e5", "events": [], "arguments": {"time": [], "loc": [], "country": [], "weapon": []}}, {"sentence": "\u6821\u5bf9\uff1a\u5218\u5c0f\u519b \u6bd5\u79cb\u5170", "events": [], "arguments": {"time": [], "loc": [], "country": [], "weapon": []}}, {"sentence": "\u6765\u6e90\uff1a\u90e8\u5206\u6587\u5b57\u7efc\u5408\u65b0\u534e\u793e \u4e2d\u65b0\u7f51 \u4eba\u6c11\u7f51 \u73af\u7403\u7f51 \u592e\u89c6\u65b0\u95fb", "events": [], "arguments": {"time": [], "loc": [], "country": [], "weapon": []}}, {"sentence": "\u65b0\u534e\u7f51\u6d77\u5916\u4f20\u64ad\u4e2d\u5fc3\u5236\u4f5c", "events": [], "arguments": {"time": [], "loc": [], "country": [], "weapon": []}}]