[{"sentence": "\u6700\u65b0\u7248F-15\u6218\u673a\u5f97\u5230\u7f8e\u519b\u9752\u7750\u540e\u00a0\u6ce2\u97f3\u7acb\u5373\u60f3\u8981\u63a8\u9500\u7ed9\u5370\u5ea6", "events": [{"trigger": {"text": "\u5f97\u5230", "offset": 9, "length": 2}, "subject": {"text": "\u6700\u65b0\u7248F-15\u6218\u673a", "offset": 0, "length": 9}, "object": {"text": "\u7f8e\u519b\u9752\u7750", "offset": 11, "length": 4}}, {"trigger": {"text": "\u63a8\u9500", "offset": 23, "length": 2}, "subject": {"text": "\u6ce2\u97f3", "offset": 17, "length": 2}, "object": {"text": "\u5370\u5ea6", "offset": 26, "length": 2}}], "arguments": {"time": [], "loc": [], "country": [{"text": "\u7f8e", "offset": 11, "length": 1}, {"text": "\u5370\u5ea6", "offset": 26, "length": 2}], "weapon": [{"text": "F-15\u6218\u673a", "offset": 3, "length": 6}]}}, {"sentence": "\u3010\u73af\u7403\u7f51\u62a5\u9053 \u89c1\u4e60\u8bb0\u8005 \u9a6c\u5ca9\u3011", "events": [], "arguments": {"time": [], "loc": [], "country": [], "weapon": []}}, {"sentence": "\u636eThe Drive\u7f51\u7ad9\u201c\u6218\u5730\u201d\u4e13\u680f7\u670815\u65e5\u62a5\u9053\uff0c\u7f8e\u56fd\u6ce2\u97f3\u516c\u53f8\u6b63\u7b79\u5212\u4e0e\u4ee5\u8272\u5217\u548c\u5370\u5ea6\u7684\u6f5c\u5728\u5408\u540c\uff0c\u4ee5\u4f7f\u6539\u8fdb\u578bF-15\u6218\u6597\u673a\u53ef\u4ee5\u7ee7\u7eed\u751f\u4ea710\u5e74\u4ee5\u4e0a\u3002", "events": [{"trigger": {"text": "\u7b79\u5212", "offset": 33, "length": 2}, "subject": {"text": "\u7f8e\u56fd\u6ce2\u97f3\u516c\u53f8", "offset": 26, "length": 6}, "object": {"text": "\u4e0e\u4ee5\u8272\u5217\u548c\u5370\u5ea6\u7684\u6f5c\u5728\u5408\u540c", "offset": 35, "length": 12}}, {"trigger": {"text": "\u751f\u4ea7", "offset": 64, "length": 2}, "object": {"text": "", "offset": 0, "length": 0}, "subject": {"text": "", "offset": 0, "length": 0}}], "arguments": {"time": [{"text": "7\u670815\u65e5", "offset": 18, "length": 5}], "loc": [{"text": "\u7f8e\u56fd\u6ce2\u97f3\u516c\u53f8", "offset": 26, "length": 6}], "country": [{"text": "\u4ee5\u8272\u5217", "offset": 36, "length": 3}, {"text": "\u7f8e\u56fd", "offset": 26, "length": 2}, {"text": "\u5370\u5ea6", "offset": 40, "length": 2}], "weapon": [{"text": "\u6539\u8fdb\u578bF-15\u6218\u6597\u673a", "offset": 50, "length": 10}]}}, {"sentence": "\u6ce2\u97f3\u526f\u603b\u88c1\u666e\u62c9\u7279\u00b7\u5e93\u9a6c\u5c14\u8bf4\uff0c\u4ee5\u8272\u5217\u6709\u610f\u5411\u8d2d\u4e70\u591a\u8fbe25\u67b6\u65b0\u7248\u672c\u7684F-15\u201c\u5148\u8fdb\u9e70\u201d\uff0c\u5e76\u5347\u7ea7\u73b0\u5b58\u768425\u67b6F-15I\u3002", "events": [{"trigger": {"text": "\u6709\u610f\u5411\u8d2d\u4e70", "offset": 17, "length": 5}, "subject": {"text": "\u4ee5\u8272\u5217", "offset": 14, "length": 3}, "object": {"text": "\u591a\u8fbe25\u67b6\u65b0\u7248\u672c\u7684F-15\u201c\u5148\u8fdb\u9e70\u201d", "offset": 22, "length": 18}}, {"trigger": {"text": "\u8d2d\u4e70", "offset": 20, "length": 2}, "object": {"text": "", "offset": 0, "length": 0}, "subject": {"text": "", "offset": 0, "length": 0}}, {"trigger": {"text": "\u5347\u7ea7", "offset": 42, "length": 2}, "object": {"text": "", "offset": 0, "length": 0}, "subject": {"text": "", "offset": 0, "length": 0}}], "arguments": {"time": [], "loc": [], "country": [{"text": "\u4ee5\u8272\u5217", "offset": 14, "length": 3}], "weapon": [{"text": "F-15\u201c\u5148\u8fdb\u9e70\u201d", "offset": 31, "length": 9}, {"text": "F-15I", "offset": 50, "length": 5}]}}, {"sentence": "\u6b64\u5916\uff0c\u5370\u5ea6\u4e5f\u88ab\u6ce2\u97f3\u89c6\u4e3a\u6f5c\u5728\u5927\u5ba2\u6237\u3002", "events": [], "arguments": {"time": [], "loc": [], "country": [{"text": "\u5370\u5ea6", "offset": 3, "length": 2}], "weapon": []}}, {"sentence": "\u201c\u5370\u5ea6\u6253\u7b97\u9010\u6b65\u6362\u88c5\u5176144\u67b6\u65e7\u6b3e\u6218\u6597\u673a\uff0c\u6ce2\u97f3\u6b63\u5728\u5411\u7f8e\u56fd\u653f\u5e9c\u7533\u8bf7\u8bb8\u53ef\uff0c\u4e00\u65e6\u5f97\u5230\u6279\u51c6\uff0c\u5c31\u53ef\u4ee5\u5f00\u59cb\u4e0e\u5370\u5ea6\u7684\u8c08\u5224\uff0c\u4f46\u8fd8\u4e0d\u77e5F-15\u80fd\u5426\u83b7\u5f97\u5370\u5ea6\u7684\u9752\u7750\u3002", "events": [{"trigger": {"text": "\u6253\u7b97\u9010\u6b65\u6362\u88c5", "offset": 3, "length": 6}, "subject": {"text": "\u5370\u5ea6", "offset": 65, "length": 2}, "object": {"text": "\u5176144\u67b6\u65e7\u6b3e\u6218\u6597\u673a", "offset": 9, "length": 10}}, {"trigger": {"text": "\u6362\u88c5", "offset": 7, "length": 2}, "object": {"text": "", "offset": 0, "length": 0}, "subject": {"text": "", "offset": 0, "length": 0}}], "arguments": {"time": [], "loc": [], "country": [{"text": "\u5370\u5ea6", "offset": 1, "length": 2}, {"text": "\u7f8e\u56fd", "offset": 25, "length": 2}, {"text": "\u5370\u5ea6", "offset": 47, "length": 2}, {"text": "\u5370\u5ea6", "offset": 65, "length": 2}], "weapon": [{"text": "F-15", "offset": 57, "length": 4}]}}, {"sentence": "\u201d\u666e\u62c9\u7279\u00b7\u5e93\u9a6c\u5c14\u8bf4\u3002", "events": [], "arguments": {"time": [], "loc": [], "country": [], "weapon": []}}, {"sentence": "\u672c\u5468\u65e9\u4e9b\u65f6\u5019\uff0c\u7f8e\u56fd\u7a7a\u519b\u4e0e\u6ce2\u97f3\u516c\u53f8\u8fbe\u6210\u534f\u8bae\uff0c\u8ba1\u5212\u672a\u6765\u6570\u5e74\u5185\u8d2d\u4e70\u591a\u8fbe200\u67b6F-15EX\u6218\u6597\u673a\uff0c\u7528\u4e8e\u53d6\u4ee3\u7f8e\u7a7a\u519bF-15C/D\u6218\u6597\u673a\u3002", "events": [{"trigger": {"text": "\u8fbe\u6210", "offset": 16, "length": 2}, "subject": {"text": "\u7f8e\u56fd\u7a7a\u519b\u4e0e\u6ce2\u97f3\u516c\u53f8", "offset": 7, "length": 9}, "object": {"text": "\u534f\u8bae", "offset": 18, "length": 2}}, {"trigger": {"text": "\u8ba1\u5212\u672a\u6765\u6570\u5e74\u5185\u8d2d\u4e70", "offset": 21, "length": 9}, "subject": {"text": "\u534f\u8bae", "offset": 18, "length": 2}, "object": {"text": "\u591a\u8fbe200\u67b6F-15EX\u6218\u6597\u673a", "offset": 30, "length": 15}}, {"trigger": {"text": "\u53d6\u4ee3", "offset": 48, "length": 2}, "subject": {"text": "\u534f\u8bae", "offset": 18, "length": 2}, "object": {"text": "\u7f8e\u7a7a\u519bF-15C/D\u6218\u6597\u673a", "offset": 50, "length": 13}}], "arguments": {"time": [], "loc": [], "country": [{"text": "\u7f8e\u56fd", "offset": 7, "length": 2}], "weapon": [{"text": "F-15EX\u6218\u6597\u673a", "offset": 36, "length": 9}, {"text": "F-15C/D\u6218\u6597\u673a", "offset": 53, "length": 10}]}}, {"sentence": "\u6ce2\u97f3\u516c\u53f8\u8868\u793a\uff0cF-15EX\u662f\u7f8e\u56fd\u7a7a\u519b\u201c\u6570\u5b57\u4e16\u7eaa\u7cfb\u5217\u201d\u6982\u5ff5\u7684\u201c\u63a2\u8def\u8005\u201d\uff0c\u6b64\u6982\u5ff5\u65e8\u5728\u901a\u8fc7\u6570\u5b57\u5de5\u7a0b\u8fc5\u901f\u5f00\u53d1\u65b0\u5e73\u53f0\uff0c\u5e76\u4ee5\u5168\u65b0\u7684\u65b9\u5f0f\u7814\u5236\u672a\u6765\u6218\u6597\u673a\u3002", "events": [{"trigger": {"text": "\u5f00\u53d1", "offset": 48, "length": 2}, "object": {"text": "", "offset": 0, "length": 0}, "subject": {"text": "", "offset": 0, "length": 0}}, {"trigger": {"text": "\u7814\u5236", "offset": 61, "length": 2}, "object": {"text": "", "offset": 0, "length": 0}, "subject": {"text": "", "offset": 0, "length": 0}}], "arguments": {"time": [], "loc": [], "country": [{"text": "\u7f8e\u56fd", "offset": 14, "length": 2}], "weapon": [{"text": "F-15EX", "offset": 7, "length": 6}]}}, {"sentence": "\uff08\u5b8c\uff09", "events": [], "arguments": {"time": [], "loc": [], "country": [], "weapon": []}}, {"sentence": "\uff08\u5b8c\uff09", "events": [], "arguments": {"time": [], "loc": [], "country": [], "weapon": []}}]