[{"sentence": "\u7f8e\u56fd\u51c6\u822a\u6bcd\u5927\u706b\u7b2c\u56db\u5929\u4ecd\u672a\u6251\u706d\u00a0\u7f8e\u56fd\u6d77\u519b\u8868\u793a\u201c\u53ef\u4ee5\u8865\u6551\u201d", "events": [{"trigger": {"text": "\u4ecd\u672a\u6251\u706d", "offset": 10, "length": 4}, "subject": {"text": "\u7f8e\u56fd\u51c6\u822a\u6bcd", "offset": 0, "length": 5}, "object": {"text": "\u5927\u706b", "offset": 5, "length": 2}}], "arguments": {"time": [{"text": "\u7b2c\u56db\u5929", "offset": 7, "length": 3}], "loc": [], "country": [{"text": "\u7f8e\u56fd", "offset": 15, "length": 2}, {"text": "\u7f8e\u56fd", "offset": 0, "length": 2}], "weapon": [{"text": "\u51c6\u822a\u6bcd", "offset": 2, "length": 3}]}}, {"sentence": "\u3010\u73af\u7403\u7f51\u62a5\u9053 \u89c1\u4e60\u8bb0\u8005 \u9a6c\u5ca9\u3011", "events": [], "arguments": {"time": [], "loc": [], "country": [], "weapon": []}}, {"sentence": "\u636e\u201c\u4eca\u65e5\u4fc4\u7f57\u65af\u201d\u7f51\u7ad97\u670815\u65e5\u62a5\u9053\uff0c\u7f8e\u6d77\u519b\u4e24\u6816\u653b\u51fb\u8230\u201c\u597d\u4eba\u7406\u67e5\u5fb7\u201d\u53f7\u7684\u5927\u706b\u5df2\u7ecf\u8fdb\u5165\u7b2c\u56db\u5929\uff0c\u6d88\u9632\u5458\u4ecd\u5728\u6301\u7eed\u8fdb\u884c\u706d\u706b\u5de5\u4f5c\u3002", "events": [{"trigger": {"text": "\u8fdb\u5165", "offset": 39, "length": 2}, "object": {"text": "", "offset": 0, "length": 0}, "subject": {"text": "", "offset": 0, "length": 0}}], "arguments": {"time": [{"text": "7\u670815\u65e5", "offset": 10, "length": 5}], "loc": [], "country": [{"text": "\u4fc4\u7f57\u65af", "offset": 4, "length": 3}], "weapon": [{"text": "\u4e24\u6816\u653b\u51fb\u8230\u201c\u597d\u4eba\u7406\u67e5\u5fb7\u201d\u53f7", "offset": 21, "length": 13}]}}, {"sentence": "\u6709\u89c6\u9891\u663e\u793a\uff0c\u6d88\u9632\u8239\u4e0d\u65ad\u5730\u5411\u201c\u597d\u4eba\u7406\u67e5\u5fb7\u201d\u53f7\u55b7\u6d12\u6d88\u9632\u6db2\u4f53\u7684\u540c\u65f6\uff0c\u6709\u76f4\u5347\u673a\u4ece\u7a7a\u4e2d\u5411\u8239\u4f53\u6d12\u6c34\uff0c\u6d88\u9632\u5458\u767b\u4e0a\u8239\u4f53\u706d\u706b\uff0c\u5927\u7247\u7684\u70df\u96fe\u4ece\u8239\u4f53\u5192\u51fa\u3002", "events": [], "arguments": {"time": [], "loc": [], "country": [], "weapon": [{"text": "\u201c\u597d\u4eba\u7406\u67e5\u5fb7\u201d\u53f7", "offset": 13, "length": 8}]}}, {"sentence": "\u7f8e\u56fd\u6d77\u519b\u8868\u793a\uff0c\u76ee\u524d\u603b\u5171\u670963\u4eba\u56e0\u8f7b\u4f24\u63a5\u53d7\u533b\u6cbb\uff0c\u5305\u62ec40\u540d\u8230\u5458\u548c23\u540d\u5e73\u6c11\uff0c\u4f46\u76ee\u524d\u6240\u6709\u4eba\u90fd\u5df2\u51fa\u9662\u3002", "events": [], "arguments": {"time": [], "loc": [], "country": [{"text": "\u7f8e\u56fd", "offset": 0, "length": 2}], "weapon": []}}, {"sentence": "\u6b64\u5916\uff0c\u5c3d\u7ba1\u906d\u53d7\u4e86\u5927\u706b\u548c\u4e00\u6b21\u7206\u70b8\u7684\u7834\u574f\uff0c\u201c\u597d\u4eba\u7406\u67e5\u5fb7\u201d\u53f7\u7684\u635f\u5931\u662f\u53ef\u4ee5\u8865\u6551\u7684\u3002", "events": [{"trigger": {"text": "\u7206\u70b8", "offset": 13, "length": 2}, "object": {"text": "", "offset": 0, "length": 0}, "subject": {"text": "", "offset": 0, "length": 0}}], "arguments": {"time": [], "loc": [], "country": [], "weapon": [{"text": "\u201c\u597d\u4eba\u7406\u67e5\u5fb7\u201d\u53f7", "offset": 19, "length": 8}]}}, {"sentence": "\u7f8e\u56fd\u6d77\u519b\u5c11\u5c06\u83f2\u5229\u666e\u00b7\u7d22\u8d1d\u514b\u5bf9\u5a92\u4f53\u8868\u793a\uff0c\u6cb9\u7bb1\u672a\u53d7\u5230\u5a01\u80c1\uff0c\u8239\u7684\u6574\u4f53\u7ed3\u6784\u5b89\u5168\u53ef\u9760\uff0c\u6d88\u9632\u5458\u7ecf\u8fc7\u68c0\u67e5\u53d1\u73b04\u4e2a\u4e3b\u5f15\u64ce\u533a\u57df\u4e5f\u6ca1\u6709\u592a\u5927\u635f\u5931\u3002", "events": [{"trigger": {"text": "\u68c0\u67e5", "offset": 43, "length": 2}, "object": {"text": "", "offset": 0, "length": 0}, "subject": {"text": "", "offset": 0, "length": 0}}], "arguments": {"time": [], "loc": [], "country": [{"text": "\u7f8e\u56fd", "offset": 0, "length": 2}], "weapon": []}}, {"sentence": "\u62a5\u9053\u79f0\uff0c\u636e\u63a8\u6d4b\u6700\u5148\u7740\u706b\u7684\u662f\u8239\u4e0a\u4e00\u4e2a\u5b58\u653e\u786c\u7eb8\u7bb1\u7684\u90e8\u4f4d\uff0c\u5177\u4f53\u8d77\u706b\u539f\u56e0\u4e0d\u660e\u3002", "events": [], "arguments": {"time": [], "loc": [], "country": [], "weapon": []}}, {"sentence": "\u4e0d\u5de7\u7684\u662f\uff0c\u8239\u4e0a\u7684\u81ea\u52a8\u706d\u706b\u7cfb\u7edf\u5728\u8239\u8fdb\u884c\u7ef4\u4fee\u671f\u95f4\u6ca1\u6709\u5f00\u542f\u3002", "events": [{"trigger": {"text": "\u7ef4\u4fee", "offset": 18, "length": 2}, "object": {"text": "", "offset": 0, "length": 0}, "subject": {"text": "", "offset": 0, "length": 0}}], "arguments": {"time": [], "loc": [], "country": [], "weapon": []}}, {"sentence": "\u6b64\u5916\uff0c\u8d77\u706b\u4e24\u5c0f\u65f6\u540e\u53d1\u751f\u7206\u70b8\u7684\u539f\u56e0\u4e5f\u5c1a\u4e0d\u660e\u786e\u3002", "events": [], "arguments": {"time": [], "loc": [], "country": [], "weapon": []}}, {"sentence": "\u636e\u4ecb\u7ecd\uff0c\u201c\u597d\u4eba\u7406\u67e5\u5fb7\u201d\u53f7\u662f\u7f8e\u56fd\u6d77\u519b9\u8258\u5927\u578b\u7532\u677f\u7684\u4e24\u6816\u653b\u51fb\u8230\u4e4b\u4e00\uff0c\u80fd\u591f\u642d\u8f7d\u591a\u67b6\u76f4\u5347\u673a\u3001\u503e\u8f6c\u65cb\u7ffc\u673a\u6216\u6700\u591a6\u67b6\u5782\u76f4\u8d77\u964d\u6218\u6597\u673a\u3002", "events": [{"trigger": {"text": "\u653b\u51fb", "offset": 26, "length": 2}, "object": {"text": "", "offset": 0, "length": 0}, "subject": {"text": "", "offset": 0, "length": 0}}, {"trigger": {"text": "\u642d\u8f7d", "offset": 34, "length": 2}, "object": {"text": "", "offset": 0, "length": 0}, "subject": {"text": "", "offset": 0, "length": 0}}], "arguments": {"time": [], "loc": [], "country": [{"text": "\u7f8e\u56fd", "offset": 13, "length": 2}], "weapon": [{"text": "\u503e\u8f6c\u65cb\u7ffc\u673a", "offset": 42, "length": 5}, {"text": "\u201c\u597d\u4eba\u7406\u67e5\u5fb7\u201d\u53f7", "offset": 4, "length": 8}, {"text": "\u76f4\u5347\u673a", "offset": 38, "length": 3}, {"text": "\u5782\u76f4\u8d77\u964d\u6218\u6597\u673a", "offset": 52, "length": 7}]}}, {"sentence": "\u8fd9\u8258\u670d\u5f7922\u5e74\u7684\u519b\u8230\u5728\u65e5\u672c\u90e8\u7f72\u6570\u5e74\u540e\uff0c\u4e8e2018\u5e74\u8fd4\u56de\u5723\u8fed\u6208\u8fdb\u884c\u5927\u4fee\u3002", "events": [{"trigger": {"text": "\u8fd4\u56de", "offset": 25, "length": 2}, "object": {"text": "", "offset": 0, "length": 0}, "subject": {"text": "", "offset": 0, "length": 0}}], "arguments": {"time": [{"text": "2018\u5e74", "offset": 20, "length": 5}], "loc": [{"text": "\u5723\u8fed\u6208", "offset": 27, "length": 3}], "country": [{"text": "\u65e5\u672c", "offset": 11, "length": 2}], "weapon": [{"text": "\u519b\u8230", "offset": 8, "length": 2}]}}, {"sentence": "\uff08\u5b8c\uff09", "events": [], "arguments": {"time": [], "loc": [], "country": [], "weapon": []}}, {"sentence": "\uff08\u5b8c\uff09", "events": [], "arguments": {"time": [], "loc": [], "country": [], "weapon": []}}]