[{"sentence": "\u4fc4\u571f\u8054\u5408\u5de1\u903b\u8f66\u961f\u5728\u53d9\u5229\u4e9a\u906d\u70b8\u5f39\u88ad\u51fb\u00a0\u73b0\u573a\u817e\u8d77\u8611\u83c7\u4e91", "events": [{"trigger": {"text": "\u906d", "offset": 12, "length": 1}, "subject": {"text": "\u4fc4\u571f\u8054\u5408\u5de1\u903b\u8f66\u961f\u5728\u53d9\u5229\u4e9a", "offset": 0, "length": 12}, "object": {"text": "\u70b8\u5f39\u88ad\u51fb", "offset": 13, "length": 4}}, {"trigger": {"text": "\u5de1\u903b", "offset": 4, "length": 2}, "object": {"text": "", "offset": 0, "length": 0}, "subject": {"text": "", "offset": 0, "length": 0}}, {"trigger": {"text": "\u88ad\u51fb", "offset": 15, "length": 2}, "object": {"text": "", "offset": 0, "length": 0}, "subject": {"text": "", "offset": 0, "length": 0}}], "arguments": {"time": [], "loc": [], "country": [{"text": "\u4fc4", "offset": 0, "length": 1}, {"text": "\u571f", "offset": 1, "length": 1}, {"text": "\u53d9\u5229\u4e9a", "offset": 9, "length": 3}], "weapon": [{"text": "\u70b8\u5f39", "offset": 13, "length": 2}]}}, {"sentence": "\u3010\u73af\u7403\u7f51\u519b\u4e8b\u62a5\u9053\u3011", "events": [], "arguments": {"time": [], "loc": [], "country": [], "weapon": []}}, {"sentence": "\u4fc4\u7f57\u65af\u536b\u661f\u901a\u8baf\u793e7\u670814\u65e5\u62a5\u9053\uff0c\u4fc4\u7f57\u65af\u9a7b\u53d9\u51b2\u7a81\u5404\u65b9\u548c\u89e3\u4e2d\u5fc3\u5f53\u5929\u53d1\u5e03\u901a\u62a5\u79f0\uff0c\u4fc4\u519b\u5de1\u903b\u961f\u4e0e\u571f\u8033\u5176\u519b\u961f\u5728\u53d9\u5229\u4e9a\u8054\u5408\u6267\u884c\u4efb\u52a1\u671f\u95f4\uff0c\u906d\u5230\u6050\u6016\u5206\u5b50\u70b8\u5f39\u88ad\u51fb\uff0c\u9020\u6210\u4fc4\u571f\u591a\u540d\u519b\u4eba\u53d7\u4f24\u3002", "events": [{"trigger": {"text": "\u51b2\u7a81", "offset": 21, "length": 2}, "object": {"text": "", "offset": 0, "length": 0}, "subject": {"text": "", "offset": 0, "length": 0}}, {"trigger": {"text": "\u88ad\u51fb", "offset": 69, "length": 2}, "object": {"text": "", "offset": 0, "length": 0}, "subject": {"text": "", "offset": 0, "length": 0}}], "arguments": {"time": [{"text": "7\u670814\u65e5", "offset": 8, "length": 5}], "loc": [], "country": [{"text": "\u571f\u8033\u5176", "offset": 43, "length": 3}, {"text": "\u4fc4\u7f57\u65af", "offset": 16, "length": 3}, {"text": "\u4fc4\u7f57\u65af", "offset": 0, "length": 3}, {"text": "\u53d9\u5229\u4e9a", "offset": 49, "length": 3}], "weapon": [{"text": "\u70b8\u5f39", "offset": 67, "length": 2}]}}, {"sentence": "\u4fc4\u65b9\u5728\u901a\u62a5\u79f0\uff0c\u201c\u4fc4\u571f\u5206\u961f\u5728\u4f0a\u5fb7\u5229\u535c\u964d\u7ea7\u533a\u5357\u90e8\u5bf9M-4\u516c\u8def\u5c55\u5f00\u7b2c20\u6b21\u8054\u5408\u5de1\u903b\u671f\u95f4\uff0c\u884c\u8fdb\u8f66\u961f\u906d\u5230\u81ea\u5236\u7206\u70b8\u88c5\u7f6e\u7684\u88ad\u51fb\u3002", "events": [{"trigger": {"text": "\u7206\u70b8", "offset": 49, "length": 2}, "object": {"text": "", "offset": 0, "length": 0}, "subject": {"text": "", "offset": 0, "length": 0}}, {"trigger": {"text": "\u88ad\u51fb", "offset": 54, "length": 2}, "object": {"text": "", "offset": 0, "length": 0}, "subject": {"text": "", "offset": 0, "length": 0}}], "arguments": {"time": [], "loc": [{"text": "\u4f0a\u5fb7\u5229\u535c\u964d\u7ea7\u533a\u5357\u90e8", "offset": 13, "length": 9}], "country": [{"text": "\u4fc4\u65b9", "offset": 0, "length": 2}, {"text": "\u4f0a\u5fb7\u5229\u535c", "offset": 13, "length": 4}], "weapon": []}}, {"sentence": "\u201d", "events": [], "arguments": {"time": [], "loc": [], "country": [], "weapon": []}}, {"sentence": "\u901a\u62a5\u6307\u51fa\uff0c\u7206\u70b8\u5bfc\u81f4\u4fc4\u519b\u4e8b\u8b66\u5bdf1\u8f86\u88c5\u7532\u8fd0\u8f93\u8f66\u548c\u571f\u8033\u51761\u8f86\u88c5\u7532\u6c7d\u8f66\u53d7\u635f\u3002", "events": [{"trigger": {"text": "\u7206\u70b8", "offset": 5, "length": 2}, "object": {"text": "", "offset": 0, "length": 0}, "subject": {"text": "", "offset": 0, "length": 0}}], "arguments": {"time": [], "loc": [], "country": [{"text": "\u571f\u8033\u5176", "offset": 22, "length": 3}], "weapon": [{"text": "\u88c5\u7532\u8fd0\u8f93\u8f66", "offset": 16, "length": 5}, {"text": "\u88c5\u7532\u6c7d\u8f66", "offset": 27, "length": 4}]}}, {"sentence": "\u4fc4\u519b3\u4eba\u8f7b\u4f24\uff0c\u571f\u8033\u5176\u5de1\u903b\u961f\u4e5f\u6709\u4eba\u5458\u53d7\u4f24\u3002", "events": [{"trigger": {"text": "\u5de1\u903b", "offset": 10, "length": 2}, "object": {"text": "", "offset": 0, "length": 0}, "subject": {"text": "", "offset": 0, "length": 0}}], "arguments": {"time": [], "loc": [], "country": [{"text": "\u4fc4", "offset": 0, "length": 1}, {"text": "\u571f\u8033\u5176", "offset": 7, "length": 3}], "weapon": []}}, {"sentence": "\u4fc4\u65b9\u5f3a\u8c03\uff0c\u201c\u6240\u6709\u4f24\u5458\u5747\u5feb\u901f\u64a4\u79bb\u8be5\u5730\u533a\u3002", "events": [], "arguments": {"time": [], "loc": [], "country": [{"text": "\u4fc4\u65b9", "offset": 0, "length": 2}], "weapon": []}}, {"sentence": "\u4fc4\u519b\u4f24\u5458\u9001\u8fd4\u8d6b\u6885\u7c73\u59c6\u57fa\u5730\uff0c\u63a5\u53d7\u4e86\u5fc5\u8981\u7684\u533b\u7597\u6551\u6cbb\uff0c\u65e0\u751f\u547d\u5371\u9669\u3002", "events": [], "arguments": {"time": [], "loc": [{"text": "\u8d6b\u6885\u7c73\u59c6\u57fa\u5730", "offset": 6, "length": 6}], "country": [{"text": "\u4fc4", "offset": 0, "length": 1}], "weapon": []}}, {"sentence": "\u201d", "events": [], "arguments": {"time": [], "loc": [], "country": [], "weapon": []}}]