[{"sentence": "\u6ce2\u97f3\u7684\u91cd\u5927\u80dc\u5229\uff1f", "events": [], "arguments": {"time": [], "loc": [], "country": [], "weapon": []}}, {"sentence": "\u7f8e\u519b\u4e0b\u5355\u8d2d\u4e70\u6700\u65b0\u6b3eF-15EX\u6218\u673a\uff0c\u6700\u7ec8\u603b\u4ef7\u6216\u8fbe230\u4ebf\u7f8e\u5143", "events": [{"trigger": {"text": "\u4e0b\u5355\u8d2d\u4e70", "offset": 2, "length": 4}, "subject": {"text": "\u7f8e\u519b", "offset": 0, "length": 2}, "object": {"text": "\u6700\u65b0\u6b3eF-15EX\u6218\u673a", "offset": 6, "length": 11}}, {"trigger": {"text": "\u8d2d\u4e70", "offset": 4, "length": 2}, "object": {"text": "", "offset": 0, "length": 0}, "subject": {"text": "", "offset": 0, "length": 0}}], "arguments": {"time": [], "loc": [], "country": [{"text": "\u7f8e", "offset": 0, "length": 1}], "weapon": [{"text": "F-15EX\u6218\u673a", "offset": 9, "length": 8}]}}, {"sentence": "\u3010\u73af\u7403\u7f51\u62a5\u9053 \u89c1\u4e60\u8bb0\u8005 \u9a6c\u5ca9\u3011", "events": [], "arguments": {"time": [], "loc": [], "country": [], "weapon": []}}, {"sentence": "\u636e\u300a\u9632\u52a1\u65b0\u95fb\u300b\u7f51\u7ad97\u670814\u65e5\u62a5\u9053\uff0c\u7f8e\u56fd\u7a7a\u519b13\u65e5\u4e0e\u6ce2\u97f3\u516c\u53f8\u8fbe\u6210\u4ef7\u503c12\u4ebf\u7f8e\u5143\u5408\u540c\uff0c\u8ba1\u5212\u8d2d\u4e70\u7b2c\u4e00\u6279F-15EX\u6218\u6597\u673a\u3002", "events": [{"trigger": {"text": "\u8fbe\u6210", "offset": 29, "length": 2}, "subject": {"text": "\u7f8e\u56fd\u7a7a\u519b13\u65e5\u4e0e\u6ce2\u97f3\u516c\u53f8", "offset": 17, "length": 12}, "object": {"text": "\u4ef7\u503c12\u4ebf\u7f8e\u5143\u5408\u540c", "offset": 31, "length": 9}}, {"trigger": {"text": "\u8d2d\u4e70", "offset": 43, "length": 2}, "object": {"text": "", "offset": 0, "length": 0}, "subject": {"text": "", "offset": 0, "length": 0}}], "arguments": {"time": [{"text": "13\u65e5", "offset": 21, "length": 3}, {"text": "7\u670814\u65e5", "offset": 9, "length": 5}], "loc": [], "country": [{"text": "\u7f8e\u56fd", "offset": 17, "length": 2}], "weapon": [{"text": "F-15EX\u6218\u6597\u673a", "offset": 48, "length": 9}]}}, {"sentence": "\u800c\u8be5\u5408\u540c\u7684\u6700\u7ec8\u4ef7\u503c\u53ef\u80fd\u63a5\u8fd1230\u4ebf\u7f8e\u5143\uff0c\u6d89\u53ca144\u67b6\u6218\u6597\u673a\u3002", "events": [{"trigger": {"text": "\u63a5\u8fd1", "offset": 11, "length": 2}, "object": {"text": "", "offset": 0, "length": 0}, "subject": {"text": "", "offset": 0, "length": 0}}], "arguments": {"time": [], "loc": [], "country": [], "weapon": [{"text": "\u6218\u6597\u673a", "offset": 26, "length": 3}]}}, {"sentence": "\u62a5\u9053\u79f0\uff0c\u8fd9\u7b14\u5408\u540c\u5305\u62ec8\u67b6F-15EX\u6218\u6597\u673a\uff0c\u4ee5\u53ca\u552e\u540e\u7ef4\u62a4\u548c\u4e00\u6b21\u6027\u9884\u4ed8\u5de5\u7a0b\u6210\u672c\u3002", "events": [], "arguments": {"time": [], "loc": [], "country": [], "weapon": [{"text": "F-15EX\u6218\u6597\u673a", "offset": 12, "length": 9}]}}, {"sentence": "\u8fd9\u7b14\u5408\u540c\u662f\u6ce2\u97f3\u516c\u53f8\u7684\u4e00\u4e2a\u91cd\u5927\u80dc\u5229\uff0c\u5b83\u4f7f\u6ce2\u97f3\u5728\u5723\u8def\u6613\u65af\u7684F-15\u751f\u4ea7\u7ebf\u83b7\u5f97\u4e86\u91cd\u751f\uff0c\u6ce2\u97f3\u6b64\u524d\u4e00\u76f4\u5efa\u8bae\u7f8e\u56fd\u7a7a\u519b\u8003\u8651F-15\u6218\u6597\u673a\u7684\u5148\u8fdb\u7248\u672c\uff0c\u4ee5\u4f5c\u4e3a\u5bf9\u6d1b\u00b7\u9a6c\u516c\u53f8F-35\u6218\u6597\u673a\u7684\u8865\u5145\u3002", "events": [], "arguments": {"time": [], "loc": [{"text": "\u5723\u8def\u6613\u65af", "offset": 22, "length": 4}], "country": [{"text": "\u7f8e\u56fd", "offset": 48, "length": 2}], "weapon": [{"text": "F-15\u6218\u6597\u673a", "offset": 54, "length": 7}, {"text": "F-35\u6218\u6597\u673a", "offset": 76, "length": 7}]}}, {"sentence": "\u5c3d\u7ba1\u7f8e\u56fd\u7a7a\u519b\u9886\u5bfc\u5c42\u4ee5\u524d\u4e00\u76f4\u503e\u5411\u4e8e\u82b1\u94b1\u8d2d\u4e70\u66f4\u591a\u7b2c\u4e94\u4ee3\u6218\u6597\u673aF-35\uff0c\u4f46\u73b0\u5728\u4ed6\u4eec\u8ba4\u4e3a\u8d2d\u4e70\u5148\u8fdb\u7248\u672c\u7684F-15\u662f\u53d6\u4ee3\u5373\u5c06\u9000\u5f79\u7684F-15C/D\u7684\u6700\u5feb\u9014\u5f84\u3002", "events": [{"trigger": {"text": "\u8d2d\u4e70", "offset": 18, "length": 2}, "object": {"text": "", "offset": 0, "length": 0}, "subject": {"text": "", "offset": 0, "length": 0}}, {"trigger": {"text": "\u9000\u5f79", "offset": 56, "length": 2}, "object": {"text": "", "offset": 0, "length": 0}, "subject": {"text": "", "offset": 0, "length": 0}}, {"trigger": {"text": "\u8d2d\u4e70", "offset": 40, "length": 2}, "object": {"text": "", "offset": 0, "length": 0}, "subject": {"text": "", "offset": 0, "length": 0}}, {"trigger": {"text": "\u53d6\u4ee3", "offset": 52, "length": 2}, "object": {"text": "", "offset": 0, "length": 0}, "subject": {"text": "", "offset": 0, "length": 0}}], "arguments": {"time": [], "loc": [], "country": [{"text": "\u7f8e\u56fd", "offset": 2, "length": 2}], "weapon": [{"text": "F-15C/D", "offset": 59, "length": 7}]}}, {"sentence": "\u62a5\u9053\u79f0\uff0c\u5934\u4e24\u67b6F-15EX\u6218\u6597\u673a\u5df2\u7ecf\u5728\u751f\u4ea7\u4e2d\uff0c\u5e76\u5c06\u4e8e\u660e\u5e74\u521d\u4e0b\u7ebf\u3002", "events": [{"trigger": {"text": "\u751f\u4ea7", "offset": 19, "length": 2}, "object": {"text": "", "offset": 0, "length": 0}, "subject": {"text": "", "offset": 0, "length": 0}}], "arguments": {"time": [{"text": "\u660e\u5e74\u521d", "offset": 26, "length": 3}], "loc": [], "country": [], "weapon": [{"text": "F-15EX\u6218\u6597\u673a", "offset": 7, "length": 9}]}}, {"sentence": "\u5b83\u4eec\u5c06\u9996\u5148\u88ab\u90e8\u7f72\u5728\u57c3\u683c\u6797\u7a7a\u519b\u57fa\u5730\u6d4b\u8bd5\uff0c\u800c\u5176\u4f596\u67b6\u5c06\u57282023\u8d22\u5e74\u88ab\u4ea4\u4ed8\u3002", "events": [{"trigger": {"text": "\u90e8\u7f72\u5728", "offset": 6, "length": 3}, "object": {"text": "", "offset": 0, "length": 0}, "subject": {"text": "", "offset": 0, "length": 0}}, {"trigger": {"text": "\u6d4b\u8bd5", "offset": 16, "length": 2}, "object": {"text": "", "offset": 0, "length": 0}, "subject": {"text": "", "offset": 0, "length": 0}}, {"trigger": {"text": "\u4ea4\u4ed8", "offset": 33, "length": 2}, "object": {"text": "", "offset": 0, "length": 0}, "subject": {"text": "", "offset": 0, "length": 0}}], "arguments": {"time": [{"text": "2023\u8d22\u5e74", "offset": 26, "length": 6}], "loc": [{"text": "\u57c3\u683c\u6797\u7a7a\u519b\u57fa\u5730", "offset": 9, "length": 7}], "country": [], "weapon": []}}, {"sentence": "\u6ce2\u97f3\u516c\u53f8\u8868\u793a\uff0c\u9664\u4e862020\u8d22\u5e74\u5df2\u88ab\u6279\u51c6\u8d2d\u4e70\u76848\u67b6F-15EX\u5916\uff0c\u7a7a\u519b\u8fd8\u5c06\u57282021\u8d22\u5e74\u8d2d\u4e7012\u67b6\uff0c\u5e76\u57282022\u81f32025\u8d22\u5e74\u8d2d\u4e7064\u67b6\uff0c\u6700\u7ec8\u5c06\u53ef\u80fd\u8d2d\u4e70144\u67b6\u3002", "events": [{"trigger": {"text": "\u8d2d\u4e70", "offset": 19, "length": 2}, "object": {"text": "", "offset": 0, "length": 0}, "subject": {"text": "", "offset": 0, "length": 0}}, {"trigger": {"text": "\u8d2d\u4e70", "offset": 73, "length": 2}, "object": {"text": "", "offset": 0, "length": 0}, "subject": {"text": "", "offset": 0, "length": 0}}, {"trigger": {"text": "\u8d2d\u4e70", "offset": 43, "length": 2}, "object": {"text": "", "offset": 0, "length": 0}, "subject": {"text": "", "offset": 0, "length": 0}}, {"trigger": {"text": "\u8d2d\u4e70", "offset": 62, "length": 2}, "object": {"text": "", "offset": 0, "length": 0}, "subject": {"text": "", "offset": 0, "length": 0}}], "arguments": {"time": [{"text": "2020\u8d22\u5e74", "offset": 9, "length": 6}, {"text": "2021\u8d22\u5e74", "offset": 37, "length": 6}, {"text": "2022\u81f32025\u8d22\u5e74", "offset": 51, "length": 11}], "loc": [], "country": [], "weapon": [{"text": "F-15EX", "offset": 24, "length": 6}]}}, {"sentence": "\u636e\u6089\uff0cF-15EX\u662f\u4e00\u6b3e\u53cc\u5ea7\u3001\u7535\u5b50\u63a7\u5236\u7684\u6218\u6597\u673a\uff0c\u88c5\u5907\u6709\u65b0\u578b\u7535\u5b50\u6218\u73af\u5883\u4e0b\u7684\u751f\u5b58\u7cfb\u7edf\u3001\u5148\u8fdb\u9a7e\u9a76\u5ea7\u8231\uff0c\u4ee5\u53ca\u65b0\u578b\u4efb\u52a1\u7cfb\u7edf\u3002", "events": [], "arguments": {"time": [], "loc": [], "country": [], "weapon": [{"text": "F-15EX", "offset": 3, "length": 6}]}}, {"sentence": "\u4f46\u6700\u5438\u5f15\u7a7a\u519b\u7684\u662f\u5176\u5f00\u653e\u5f0f\u4efb\u52a1\u7cfb\u7edf\u8bbe\u8ba1\uff0c\u8fd9\u53ef\u4ee5\u65b9\u4fbf\u7a7a\u519b\u8fc5\u901f\u5347\u7ea7\u5176\u8f6f\u4ef6\u3002", "events": [{"trigger": {"text": "\u5347\u7ea7", "offset": 28, "length": 2}, "object": {"text": "", "offset": 0, "length": 0}, "subject": {"text": "", "offset": 0, "length": 0}}], "arguments": {"time": [], "loc": [], "country": [], "weapon": []}}]