[{"sentence": "\u7f8e\u519b\u7206\u70b8\u8d77\u706b\u4e24\u6816\u653b\u51fb\u8230\u8230\u5c9b\u5df2\u88ab\u70e7\u7740\u00a0\u52a8\u7528\u76f4\u5347\u673a\u6d12\u6c34\u706d\u706b", "events": [{"trigger": {"text": "\u7206\u70b8\u8d77\u706b", "offset": 2, "length": 4}, "subject": {"text": "\u7f8e\u519b", "offset": 0, "length": 2}, "object": {"text": "\u4e24\u6816\u653b\u51fb\u8230\u8230\u5c9b", "offset": 6, "length": 7}}, {"trigger": {"text": "\u7206\u70b8", "offset": 2, "length": 2}, "object": {"text": "", "offset": 0, "length": 0}, "subject": {"text": "", "offset": 0, "length": 0}}], "arguments": {"time": [], "loc": [], "country": [{"text": "\u7f8e", "offset": 0, "length": 1}], "weapon": [{"text": "\u4e24\u6816\u653b\u51fb\u8230", "offset": 6, "length": 5}, {"text": "\u76f4\u5347\u673a", "offset": 20, "length": 3}]}}, {"sentence": "\u3010\u73af\u7403\u7f51\u62a5\u9053 \u8bb0\u8005 \u5f90\u7490\u660e\u3011", "events": [], "arguments": {"time": [], "loc": [], "country": [], "weapon": []}}, {"sentence": "\u4e8e\u5f53\u5730\u65f6\u95f47\u670812\u65e5\u4e0a\u53488\u70b930\u5206\u53d1\u751f\u706b\u707e\u7684\u7f8e\u56fd\u6d77\u519b\u201c\u597d\u4eba\u7406\u67e5\u5fb7\u201d\u53f7\u4e24\u6816\u653b\u51fb\u8230\uff0c\u4ece\u65e9\u4e0a\u4e00\u76f4\u70e7\u5230\u4e86\u665a\u4e0a\uff0c\u76ee\u524d\u8be5\u8230\u7684\u706b\u707e\u4ecd\u672a\u6251\u706d\u3002", "events": [{"trigger": {"text": "\u53d1\u751f", "offset": 17, "length": 2}, "subject": {"text": "\u7f8e\u56fd\u6d77\u519b\u201c\u597d\u4eba\u7406\u67e5\u5fb7\u201d\u53f7\u4e24\u6816\u653b\u51fb\u8230", "offset": 22, "length": 17}, "object": {"text": "\u706b\u707e", "offset": 56, "length": 2}}, {"trigger": {"text": "\u53d1\u751f\u706b\u707e", "offset": 17, "length": 4}, "object": {"text": "", "offset": 0, "length": 0}, "subject": {"text": "", "offset": 0, "length": 0}}, {"trigger": {"text": "\u706b\u707e", "offset": 56, "length": 2}, "object": {"text": "", "offset": 0, "length": 0}, "subject": {"text": "", "offset": 0, "length": 0}}], "arguments": {"time": [{"text": "\u5f53\u5730\u65f6\u95f47\u670812\u65e5\u4e0a\u53488\u70b930\u5206", "offset": 1, "length": 16}, {"text": "7\u670812\u65e5\u4e0a\u53488\u70b930\u5206", "offset": 5, "length": 12}], "loc": [], "country": [{"text": "\u7f8e\u56fd", "offset": 22, "length": 2}], "weapon": [{"text": "\u201c\u597d\u4eba\u7406\u67e5\u5fb7\u201d\u53f7\u4e24\u6816\u653b\u51fb\u8230", "offset": 26, "length": 13}]}}, {"sentence": "\u800c\u5728\u7f51\u7edc\u4e0a\u66dd\u5149\u7684\u753b\u9762\u663e\u793a\uff0c\u8be5\u8230\u7684\u8868\u9762\u5df2\u7ecf\u5f00\u59cb\u51fa\u73b0\u660e\u706b\uff0c\u8230\u5c9b\u4e5f\u5df2\u88ab\u70e7\u7740\u3002", "events": [], "arguments": {"time": [], "loc": [], "country": [], "weapon": []}}, {"sentence": "\u636e\u7f8e\u56fd\u7f51\u53cb\u8fd1\u8ddd\u79bb\u62cd\u6444\u7684\u753b\u9762\u663e\u793a\uff0c\u8fd9\u8258\u4e24\u6816\u653b\u51fb\u8230\u7684\u8230\u824f\u90e8\u4f4d\u5192\u51fa\u5927\u91cf\u6d53\u70df\uff0c\u800c\u5728\u4e0a\u5348\u62cd\u6444\u7684\u753b\u9762\u4e2d\uff0c\u8be5\u8230\u662f\u8230\u4f53\u4e2d\u90e8\u5192\u51fa\u6d53\u70df\uff0c\u53ef\u4ee5\u770b\u51fa\u706b\u52bf\u5df2\u7ecf\u5411\u8230\u824f\u90e8\u4f4d\u8513\u5ef6\u3002", "events": [], "arguments": {"time": [], "loc": [], "country": [{"text": "\u7f8e\u56fd", "offset": 1, "length": 2}], "weapon": [{"text": "\u4e24\u6816\u653b\u51fb\u8230", "offset": 18, "length": 5}]}}, {"sentence": "\u5728\u8be5\u8230\u7684\u98de\u884c\u7532\u677f\u4e0a\u6446\u653e\u7740\u7c7b\u4f3c\u96c6\u88c5\u7bb1\u7684\u65b9\u5f62\u7269\u4f53\u7ed3\u6784\uff0c\u4e5f\u5df2\u7ecf\u5f00\u59cb\u51fa\u73b0\u660e\u706b\uff0c\u8230\u5c9b\u4e0a\u4e5f\u4e0d\u65f6\u5192\u51fa\u706b\u5149\u3002", "events": [{"trigger": {"text": "\u98de\u884c", "offset": 4, "length": 2}, "object": {"text": "", "offset": 0, "length": 0}, "subject": {"text": "", "offset": 0, "length": 0}}], "arguments": {"time": [], "loc": [], "country": [], "weapon": []}}, {"sentence": "\u5728\u53e6\u5916\u4e00\u6bb5\u753b\u9762\u4e2d\uff0c\u7f8e\u519b\u5728\u591c\u95f4\u5df2\u7ecf\u5f00\u59cb\u52a8\u7528\u76f4\u5347\u673a\u706d\u706b\u3002", "events": [], "arguments": {"time": [], "loc": [], "country": [{"text": "\u7f8e", "offset": 9, "length": 1}], "weapon": [{"text": "\u76f4\u5347\u673a", "offset": 20, "length": 3}]}}, {"sentence": "\u643a\u5e26\u50a8\u6c34\u540a\u7bee\u7684\u76f4\u5347\u673a\u4ece\u8be5\u8230\u4e0a\u7a7a\u98de\u8fc7\uff0c\u968f\u540e\u6d12\u6c34\u706d\u706b\u3002", "events": [{"trigger": {"text": "\u98de\u8fc7", "offset": 15, "length": 2}, "object": {"text": "", "offset": 0, "length": 0}, "subject": {"text": "", "offset": 0, "length": 0}}], "arguments": {"time": [], "loc": [], "country": [], "weapon": [{"text": "\u76f4\u5347\u673a", "offset": 7, "length": 3}]}}, {"sentence": "\u636e\u201c\u5723\u8fed\u6208\u8054\u5408\u8bba\u575b\u62a5\u201d7\u670813\u65e5\u7684\u62a5\u9053\uff0c\u201c\u597d\u4eba\u7406\u67e5\u5fb7\u201d\u53f7\u7684\u706b\u707e\u5df2\u7ecf\u6301\u7eed\u71c3\u70e7\u4e86\u4e00\u5929\uff0c\u5bfc\u81f4\u6574\u4e2a\u5730\u533a\u6d53\u70df\u6eda\u6eda\uff0c\u706b\u707e\u7684\u539f\u56e0\u548c\u635f\u5931\u7a0b\u5ea6\u76ee\u524d\u5c1a\u4e0d\u6e05\u695a\uff0c\u4f46\u7f8e\u56fd\u6d77\u519b\u7b2c3\u8fdc\u5f81\u6218\u6597\u7fa4\u6307\u6325\u5b98\u3001\u6d77\u519b\u5c11\u6821\u83f2\u5229\u666e\u00b7\u7d22\u8d1d\u514b\u8bf4\uff0c\u6d77\u519b\u76f8\u4fe1\u706b\u707e\u5f00\u59cb\u4e8e\u8f83\u4f4e\u5c42\u533a\u7684\u7532\u677f\uff0c\u90a3\u91cc\u5b58\u653e\u7740\u4e24\u6816\u767b\u9646\u4f5c\u6218\u8f66\u8f86\u548c\u88c5\u5907\u3002", "events": [{"trigger": {"text": "\u706b\u707e", "offset": 52, "length": 2}, "object": {"text": "", "offset": 0, "length": 0}, "subject": {"text": "", "offset": 0, "length": 0}}, {"trigger": {"text": "\u706b\u707e", "offset": 102, "length": 2}, "object": {"text": "", "offset": 0, "length": 0}, "subject": {"text": "", "offset": 0, "length": 0}}], "arguments": {"time": [{"text": "7\u670813\u65e5", "offset": 11, "length": 5}], "loc": [], "country": [{"text": "\u7f8e\u56fd", "offset": 70, "length": 2}], "weapon": [{"text": "\u201c\u597d\u4eba\u7406\u67e5\u5fb7\u201d\u53f7", "offset": 20, "length": 8}]}}, {"sentence": "\u62a5\u9053\u79f0\uff0c\u6839\u636e\u5723\u8fed\u6208\u6d88\u9632\u6551\u63f4\u961f\u5b98\u5458\u7684\u8bf4\u6cd5\uff0c\u76ee\u51fb\u8005\u79f0\u542c\u5230\u4e86\u7206\u70b8\u58f0\uff0c\u968f\u540e\u9ed1\u3001\u767d\u3001\u7070\u8272\u7684\u70df\u96fe\u4ece\u519b\u8230\u4e0a\u6eda\u6eda\u6d8c\u51fa\u3002", "events": [{"trigger": {"text": "\u7206\u70b8", "offset": 27, "length": 2}, "object": {"text": "", "offset": 0, "length": 0}, "subject": {"text": "", "offset": 0, "length": 0}}], "arguments": {"time": [], "loc": [{"text": "\u5723\u8fed\u6208", "offset": 6, "length": 3}], "country": [], "weapon": []}}, {"sentence": "\u7d22\u8d1d\u514b\u8868\u793a\uff0c\u8fd9\u662f\u201c\u963f\u5c14\u6cd5\u201d\u7ea7\u522b\u7684\u5927\u706b\uff0c\u8fd9\u610f\u5473\u7740\u8fd9\u79cd\u706b\u707e\u662f\u7531\u6728\u5934\u3001\u5851\u6599\u3001\u5e03\u6599\u3001\u6a61\u80f6\u3001\u7eb8\u5f20\u7b49\u7269\u54c1\u5bfc\u81f4\u7684\u3002", "events": [{"trigger": {"text": "\u706b\u707e", "offset": 25, "length": 2}, "object": {"text": "", "offset": 0, "length": 0}, "subject": {"text": "", "offset": 0, "length": 0}}], "arguments": {"time": [], "loc": [], "country": [], "weapon": []}}, {"sentence": "\u53e6\u6709\u62a5\u9053\u79f0\uff0c\u5723\u8fed\u6208\u5f53\u5730\u6d88\u9632\u961f\u957f\u65af\u7279\u5a01\u5c14\u5468\u65e5\u544a\u8bc9CNN\uff0c\u5927\u706b\u53ef\u80fd\u4f1a\u6301\u7eed\u6570\u5929\uff0c\u76f4\u5230\u201c\u70e7\u5230\u6c34\u7ebf\u4f4d\u7f6e\u201d\u3002", "events": [], "arguments": {"time": [], "loc": [{"text": "\u5723\u8fed\u6208", "offset": 6, "length": 3}], "country": [], "weapon": []}}, {"sentence": "\u4e0d\u8fc7\u7f8e\u56fd\u6c11\u4f17\u53cd\u6620\u4f3c\u4e4e\u6bd4\u8f83\u6de1\u5b9a\uff0c\u5728\u53d1\u751f\u706b\u707e\u7684\u5723\u8fed\u6208\u519b\u6e2f\u5bf9\u5cb8\uff0c\u6709\u6c11\u4f17\u8fd8\u5728\u60a0\u95f2\u5730\u6253\u7740\u9ad8\u5c14\u592b\u7403\uff0c\u8fd8\u6709\u6c11\u4f17\u5fd9\u7740\u4e0e\u5192\u7740\u6d53\u70df\u7684\u519b\u8230\u5408\u5f71\u7559\u5ff5\u3002", "events": [], "arguments": {"time": [], "loc": [{"text": "\u5723\u8fed\u6208\u519b\u6e2f", "offset": 21, "length": 5}], "country": [{"text": "\u7f8e\u56fd", "offset": 2, "length": 2}], "weapon": [{"text": "\u519b\u8230", "offset": 56, "length": 2}]}}]