[{"sentence": "\u7f8e\u519b\u673a\u903c\u8fd1\u5e7f\u4e1c\u6d77\u5cb8125\u6d77\u91cc\uff0c\u8fd9\u6b21\u6765\u5077\u7aa5\u7684\u673a\u578b\u4e0d\u591a\u89c1\uff01", "events": [{"trigger": {"text": "\u903c\u8fd1", "offset": 3, "length": 2}, "subject": {"text": "\u7f8e\u519b\u673a", "offset": 0, "length": 3}, "object": {"text": "\u5e7f\u4e1c\u6d77\u5cb8125\u6d77\u91cc", "offset": 5, "length": 9}}], "arguments": {"time": [], "loc": [{"text": "\u5e7f\u4e1c\u6d77\u5cb8", "offset": 5, "length": 4}], "country": [{"text": "\u7f8e", "offset": 0, "length": 1}], "weapon": []}}, {"sentence": "\u3010\u73af\u7403\u7f51\u62a5\u9053 \u8bb0\u8005 \u5f90\u7490\u660e\u3011", "events": [], "arguments": {"time": [], "loc": [], "country": [], "weapon": []}}, {"sentence": "7\u670813\u65e5\u7f8e\u56fd\u519b\u673a\u88ab\u66dd\u518d\u5ea6\u903c\u8fd1\u4e2d\u56fd\u5e7f\u4e1c\u7701\u6d77\u5cb8\uff0c\u6700\u8fd1\u65f6\u8ddd\u79bb\u7ea6\u4e3a125\u516c\u91cc\uff0c\u800c\u4e14\u6b64\u6b21\u6d3e\u51fa\u7684\u662f\u6bd4\u8f83\u7f55\u89c1\u7684E-8C\u201c\u8054\u5408\u661f\u201d\u98de\u673a\u3002", "events": [{"trigger": {"text": "\u6d3e\u51fa", "offset": 40, "length": 2}, "object": {"text": "", "offset": 0, "length": 0}, "subject": {"text": "", "offset": 0, "length": 0}}], "arguments": {"time": [{"text": "7\u670813\u65e5", "offset": 0, "length": 5}], "loc": [{"text": "\u5e7f\u4e1c\u7701\u6d77\u5cb8", "offset": 17, "length": 5}], "country": [{"text": "\u7f8e\u56fd", "offset": 5, "length": 2}, {"text": "\u4e2d\u56fd", "offset": 15, "length": 2}], "weapon": [{"text": "E-8C\u201c\u8054\u5408\u661f\u201d\u98de\u673a", "offset": 49, "length": 11}]}}, {"sentence": "\u636e\u201c\u5357\u6d77\u6218\u7565\u6001\u52bf\u611f\u77e5\u8ba1\u5212\u201d\u5e73\u53f07\u670813\u65e5\u53d1\u5e03\u7684\u6d88\u606f\u79f0\uff0c\u4e00\u67b6\u96b6\u5c5e\u4e8e\u7f8e\u56fd\u7a7a\u519b\u7684E-8C\u201c\u8054\u5408\u661f\u201d\u7a7a\u5730\u76d1\u89c6\u98de\u673a\u7531\u53f0\u6e7e\u5357\u90e8\u8fdb\u5165\u5357\u6d77\uff0c\u968f\u540e\u81ea\u4e1c\u5411\u897f\u98de\u884c\uff0c\u4e00\u5ea6\u98de\u81f3\u8ddd\u79bb\u5e7f\u4e1c\u6d77\u5cb867.51\u6d77\u91cc\uff08\u7ea6125\u516c\u91cc\uff09\u7684\u4f4d\u7f6e\u3002", "events": [{"trigger": {"text": "\u98de\u81f3", "offset": 73, "length": 2}, "object": {"text": "", "offset": 0, "length": 0}, "subject": {"text": "", "offset": 0, "length": 0}}], "arguments": {"time": [{"text": "7\u670813\u65e5", "offset": 15, "length": 5}], "loc": [{"text": "\u5357\u6d77", "offset": 2, "length": 2}, {"text": "\u53f0\u6e7e\u5357\u90e8", "offset": 53, "length": 4}, {"text": "\u5357\u6d77", "offset": 59, "length": 2}, {"text": "\u5e7f\u4e1c\u6d77\u5cb8", "offset": 77, "length": 4}], "country": [{"text": "\u7f8e\u56fd", "offset": 32, "length": 2}, {"text": "\u53f0\u6e7e", "offset": 53, "length": 2}], "weapon": [{"text": "E-8C\u201c\u8054\u5408\u661f\u201d\u7a7a\u5730\u76d1\u89c6\u98de\u673a", "offset": 37, "length": 15}]}}, {"sentence": "\u8fd1\u65e5\u6765\u7f8e\u56fd\u519b\u673a\u9891\u7e41\u5bf9\u4e2d\u56fd\u6cbf\u6d77\u5b9e\u65bd\u62b5\u8fd1\u4fa6\u5bdf\u98de\u884c\uff0c\u4e0e\u6b64\u524d\u6d3e\u51fa\u7684EP-3E\u7535\u5b50\u4fa6\u5bdf\u673a\u3001RC-135\u4fa6\u5bdf\u673a\u3001P-8A\u53cd\u6f5c\u5de1\u903b\u673a\u4e0d\u540c\u7684\u662f\uff0c\u8fd9\u6b21\u6d3e\u51fa\u7684E-8C\u201c\u8054\u5408\u661f\u201d\u98de\u673a\u6bd4\u8f83\u7f55\u89c1\u3002", "events": [{"trigger": {"text": "\u62b5\u8fd1\u4fa6\u5bdf", "offset": 16, "length": 4}, "object": {"text": "", "offset": 0, "length": 0}, "subject": {"text": "", "offset": 0, "length": 0}}, {"trigger": {"text": "\u98de\u884c", "offset": 20, "length": 2}, "object": {"text": "", "offset": 0, "length": 0}, "subject": {"text": "", "offset": 0, "length": 0}}], "arguments": {"time": [], "loc": [], "country": [{"text": "\u7f8e\u56fd", "offset": 3, "length": 2}, {"text": "\u4e2d\u56fd", "offset": 10, "length": 2}], "weapon": [{"text": "EP-3E\u7535\u5b50\u4fa6\u5bdf\u673a", "offset": 29, "length": 10}, {"text": "RC-135\u4fa6\u5bdf\u673a", "offset": 40, "length": 9}, {"text": "P-8A\u53cd\u6f5c\u5de1\u903b\u673a", "offset": 50, "length": 9}, {"text": "E-8C\u201c\u8054\u5408\u661f\u201d\u98de\u673a", "offset": 69, "length": 11}]}}, {"sentence": "\u8be5\u673a\u578b\u5168\u79f0\u4e3a\u201c\u8054\u5408\u76d1\u89c6\u76ee\u6807\u653b\u51fb\u96f7\u8fbe\u7cfb\u7edf\u201d\uff08JointSTARS\uff09\uff0c\u642d\u8f7d\u6709\u7f8e\u519b\u6700\u5148\u8fdb\u7684\u673a\u8f7d\u5bf9\u5730\u76d1\u89c6\u3001\u76ee\u6807\u641c\u7d22\u548c\u6218\u573a\u7ba1\u7406\u7cfb\u7edf\uff0c\u582a\u79f0\u7f8e\u519b\u7a7a\u5730\u4e00\u4f53\u4f5c\u6218\u7684\u201c\u4e2d\u67a2\u795e\u7ecf\u201d\u3002", "events": [{"trigger": {"text": "\u76d1\u89c6", "offset": 9, "length": 2}, "object": {"text": "", "offset": 0, "length": 0}, "subject": {"text": "", "offset": 0, "length": 0}}, {"trigger": {"text": "\u76d1\u89c6", "offset": 46, "length": 2}, "object": {"text": "", "offset": 0, "length": 0}, "subject": {"text": "", "offset": 0, "length": 0}}, {"trigger": {"text": "\u653b\u51fb", "offset": 13, "length": 2}, "object": {"text": "", "offset": 0, "length": 0}, "subject": {"text": "", "offset": 0, "length": 0}}], "arguments": {"time": [], "loc": [], "country": [], "weapon": []}}, {"sentence": "\u8be5\u673a\u53ef\u4ee5\u5728\u9632\u533a\u5916\u5bf9\u5730\u9762\u76ee\u6807\u8fdb\u884c\u63a2\u6d4b\u3001\u8bc6\u522b\u3001\u5206\u7c7b\uff0c\u5e76\u5b9e\u65f6\u5c06\u6570\u636e\u4f20\u9012\u7ed9\u540e\u65b9\u6307\u6325\u6240\u3002", "events": [], "arguments": {"time": [], "loc": [], "country": [], "weapon": []}}, {"sentence": "\u503c\u5f97\u6ce8\u610f\u7684\u662f\uff0c\u5728E-8C\u201c\u8054\u5408\u661f\u201d\u98de\u673a\u62b5\u8fd1\u5f53\u5929\uff0c\u53f0\u519b\u201c\u6c49\u514936\u201d\u53f7\u6f14\u4e60\u5b9e\u5175\u5b9e\u5f39\u64cd\u6f14\u73af\u8282\u4e5f\u6b63\u5f0f\u5f00\u59cb\u3002", "events": [{"trigger": {"text": "\u6f14\u4e60", "offset": 33, "length": 2}, "object": {"text": "", "offset": 0, "length": 0}, "subject": {"text": "", "offset": 0, "length": 0}}], "arguments": {"time": [], "loc": [], "country": [], "weapon": [{"text": "E-8C\u201c\u8054\u5408\u661f\u201d\u98de\u673a", "offset": 8, "length": 11}]}}, {"sentence": "\u4e0d\u8fc7\u5728\u6f14\u4e60\u6b63\u5f0f\u5f00\u59cb\u7684\u9884\u6f14\u9636\u6bb5\u53f0\u519b\u5c31\u53d1\u751f\u5bfc\u81f4\u4e24\u4eba\u6b7b\u4ea1\u7684\u5feb\u8247\u7ffb\u8986\u4e8b\u6545\uff0c\u7ed9\u201c\u6c49\u5149\u201d\u6f14\u4e60\u8499\u4e0a\u4e86\u4e00\u5c42\u9634\u5f71\u3002", "events": [{"trigger": {"text": "\u6f14\u4e60", "offset": 38, "length": 2}, "object": {"text": "", "offset": 0, "length": 0}, "subject": {"text": "", "offset": 0, "length": 0}}], "arguments": {"time": [], "loc": [], "country": [], "weapon": [{"text": "\u5feb\u8247", "offset": 26, "length": 2}]}}, {"sentence": "\u5bf9\u4e8e\u7f8e\u519b\u8230\u673a\u7684\u62b5\u8fd1\u4fa6\u5bdf\u884c\u4e3a\uff0c\u5927\u9646\u56fd\u9632\u90e8\u65b0\u95fb\u53d1\u8a00\u4eba\u5434\u8c26\u5927\u6821\u57286\u6708\u56fd\u9632\u90e8\u4f8b\u884c\u8bb0\u8005\u4f1a\u8868\u793a\uff0c\u5f53\u524d\uff0c\u5728\u5730\u533a\u56fd\u5bb6\u7684\u5171\u540c\u52aa\u529b\u4e0b\uff0c\u4e1c\u6d77\u3001\u5357\u6d77\u7684\u5c40\u52bf\u603b\u4f53\u662f\u7a33\u5b9a\u7684\u3002", "events": [{"trigger": {"text": "\u62b5\u8fd1\u4fa6\u5bdf", "offset": 7, "length": 4}, "object": {"text": "", "offset": 0, "length": 0}, "subject": {"text": "", "offset": 0, "length": 0}}], "arguments": {"time": [{"text": "6\u6708", "offset": 29, "length": 2}], "loc": [{"text": "\u4e1c\u6d77", "offset": 57, "length": 2}, {"text": "\u5357\u6d77", "offset": 60, "length": 2}], "country": [{"text": "\u7f8e", "offset": 2, "length": 1}], "weapon": [{"text": "\u8230\u673a", "offset": 4, "length": 2}]}}, {"sentence": "\u8fd9\u5145\u5206\u8bf4\u660e\u57df\u5185\u56fd\u5bb6\u6709\u667a\u6167\u3001\u6709\u80fd\u529b\u3001\u6709\u529e\u6cd5\u901a\u8fc7\u76f4\u63a5\u8c08\u5224\u534f\u5546\uff0c\u59a5\u5904\u5206\u6b67\uff0c\u5171\u62a4\u548c\u5e73\u3002", "events": [], "arguments": {"time": [], "loc": [], "country": [], "weapon": []}}, {"sentence": "\u53cd\u89c2\u4f5c\u4e3a\u57df\u5916\u56fd\u5bb6\u7684\u7f8e\u56fd\uff0c\u6253\u7740\u6240\u8c13\u201c\u822a\u884c\u81ea\u7531\u201d\u7684\u5e4c\u5b50\uff0c\u6d3e\u519b\u7528\u8230\u673a\u6765\u4e1c\u6d77\u3001\u5357\u6d77\u6311\u8845\uff0c\u5bf9\u4e2d\u65b9\u5b9e\u65bd\u9ad8\u9891\u5ea6\u62b5\u8fd1\u4fa6\u5bdf\uff0c\u4e3e\u884c\u9488\u5bf9\u6027\u6781\u5f3a\u7684\u519b\u4e8b\u6f14\u4e60\uff0c\u4e25\u91cd\u5371\u5bb3\u5730\u533a\u56fd\u5bb6\u7684\u4e3b\u6743\u4e0e\u5b89\u5168\u5229\u76ca\uff0c\u4e25\u91cd\u7834\u574f\u672c\u5730\u533a\u7684\u548c\u5e73\u7a33\u5b9a\u3002", "events": [{"trigger": {"text": "\u62b5\u8fd1\u4fa6\u5bdf", "offset": 48, "length": 4}, "object": {"text": "", "offset": 0, "length": 0}, "subject": {"text": "", "offset": 0, "length": 0}}, {"trigger": {"text": "\u519b\u4e8b\u6f14\u4e60", "offset": 61, "length": 4}, "object": {"text": "", "offset": 0, "length": 0}, "subject": {"text": "", "offset": 0, "length": 0}}], "arguments": {"time": [], "loc": [{"text": "\u4e1c\u6d77", "offset": 32, "length": 2}, {"text": "\u5357\u6d77", "offset": 35, "length": 2}], "country": [{"text": "\u7f8e\u56fd", "offset": 9, "length": 2}, {"text": "\u4e2d\u65b9", "offset": 41, "length": 2}], "weapon": []}}, {"sentence": "\u5bf9\u4e8e\u7f8e\u519b\u8230\u673a\u7684\u62b5\u8fd1\u4fa6\u5bdf\u884c\u4e3a\uff0c\u4e2d\u56fd\u519b\u4e8b\u4e13\u5bb6\u5b8b\u5fe0\u5e738\u65e5\u5728\u63a5\u53d7\u300a\u73af\u7403\u65f6\u62a5\u300b\u91c7\u8bbf\u65f6\u8868\u793a\uff0c\u89e3\u653e\u519b\u53ef\u4ee5\u91c7\u53d6\u62b5\u8fd1\u62e6\u622a\u7684\u65b9\u5f0f\uff0c\u5bf9\u62b5\u8fd1\u4fa6\u5bdf\u7684\u7f8e\u519b\u673a\u8fdb\u884c\u5e72\u6270\uff0c\u8ba9\u5bf9\u65b9\u65e0\u6cd5\u4e13\u5fc3\u5de5\u4f5c\u3002", "events": [{"trigger": {"text": "\u62b5\u8fd1\u4fa6\u5bdf", "offset": 7, "length": 4}, "object": {"text": "", "offset": 0, "length": 0}, "subject": {"text": "", "offset": 0, "length": 0}}, {"trigger": {"text": "\u62b5\u8fd1\u4fa6\u5bdf", "offset": 56, "length": 4}, "object": {"text": "", "offset": 0, "length": 0}, "subject": {"text": "", "offset": 0, "length": 0}}, {"trigger": {"text": "\u62b5\u8fd1\u62e6\u622a", "offset": 47, "length": 4}, "object": {"text": "", "offset": 0, "length": 0}, "subject": {"text": "", "offset": 0, "length": 0}}, {"trigger": {"text": "\u62b5\u8fd1", "offset": 47, "length": 2}, "object": {"text": "", "offset": 0, "length": 0}, "subject": {"text": "", "offset": 0, "length": 0}}, {"trigger": {"text": "\u62e6\u622a", "offset": 49, "length": 2}, "object": {"text": "", "offset": 0, "length": 0}, "subject": {"text": "", "offset": 0, "length": 0}}], "arguments": {"time": [{"text": "8\u65e5", "offset": 23, "length": 2}], "loc": [], "country": [{"text": "\u4e2d\u56fd", "offset": 14, "length": 2}], "weapon": []}}, {"sentence": "\u53e6\u4e00\u65b9\u9762\uff0c\u5f53\u5bf9\u65b9\u4fa6\u5bdf\u673a\u63a5\u8fd1\u6211\u56fd\u76f8\u5173\u7a7a\u57df\u65f6\uff0c\u89e3\u653e\u519b\u4e5f\u53ef\u4ee5\u6682\u505c\u4e00\u4e9b\u519b\u4e8b\u6d3b\u52a8\uff0c\u964d\u4f4e\u7535\u78c1\u9891\u8c31\u4fe1\u53f7\u88ab\u622a\u83b7\u7684\u6982\u7387\u3002", "events": [{"trigger": {"text": "\u622a\u83b7", "offset": 45, "length": 2}, "object": {"text": "", "offset": 0, "length": 0}, "subject": {"text": "", "offset": 0, "length": 0}}], "arguments": {"time": [], "loc": [], "country": [], "weapon": [{"text": "\u4fa6\u5bdf\u673a", "offset": 8, "length": 3}]}}]