[{"sentence": "\u7f8e\u56fd\u4e24\u6816\u653b\u51fb\u8230\u5df2\u8fde\u7eed\u71c3\u70e7\u8d8512\u5c0f\u65f6\u00a0\u519b\u65b9\u62ab\u9732\u8d77\u706b\u4f4d\u7f6e", "events": [{"trigger": {"text": "\u5df2\u8fde\u7eed\u71c3\u70e7", "offset": 7, "length": 5}, "subject": {"text": "\u7f8e\u56fd\u4e24\u6816\u653b\u51fb\u8230", "offset": 0, "length": 7}, "object": {"text": "\u8d8512\u5c0f\u65f6", "offset": 12, "length": 5}}], "arguments": {"time": [], "loc": [], "country": [{"text": "\u7f8e\u56fd", "offset": 0, "length": 2}], "weapon": [{"text": "\u4e24\u6816\u653b\u51fb\u8230", "offset": 2, "length": 5}]}}, {"sentence": "\u3010\u73af\u7403\u7f51\u62a5\u9053 \u8bb0\u8005 \u5f90\u7490\u660e\u3011", "events": [], "arguments": {"time": [], "loc": [], "country": [], "weapon": []}}, {"sentence": " \u7f8e\u56fd\u6d77\u519b\u201c\u597d\u4eba\u7406\u67e5\u5fb7\u201d\u53f7\u4e24\u6816\u653b\u51fb\u8230\u7a81\u53d1\u7206\u70b8\u8d77\u706b\uff0c\u5230\u76ee\u524d\u8be5\u8230\u4ecd\u5728\u71c3\u70e7\uff0c\u7f8e\u5a92\u7684\u6700\u65b0\u62a5\u9053\u62ab\u9732\u4e86\u8d77\u706b\u4f4d\u7f6e\u3002", "events": [{"trigger": {"text": "\u7206\u70b8", "offset": 20, "length": 2}, "object": {"text": "", "offset": 0, "length": 0}, "subject": {"text": "", "offset": 0, "length": 0}}], "arguments": {"time": [], "loc": [], "country": [{"text": "\u7f8e\u56fd", "offset": 1, "length": 2}], "weapon": [{"text": "\u201c\u597d\u4eba\u7406\u67e5\u5fb7\u201d\u53f7\u4e24\u6816\u653b\u51fb\u8230", "offset": 5, "length": 13}]}}, {"sentence": "\u636e\u7f8e\u56fd\u300a\u6d77\u519b\u65f6\u62a5\u300b7\u670813\u65e5\u62a5\u9053\uff0c\u7f8e\u56fd\u6d77\u519b\u57287\u670812\u65e5\u8bc1\u5b9e\uff0c\u505c\u6cca\u5728\u5723\u8fed\u6208\u57fa\u5730\u7684\u7f8e\u56fd\u6d77\u519b\u201c\u597d\u4eba\u7406\u67e5\u5fb7\u201d\u53f7\u4e24\u6816\u653b\u51fb\u8230\u53d1\u751f\u7206\u70b8\u540e\u8d77\u706b\u3002", "events": [{"trigger": {"text": "\u505c\u6cca", "offset": 30, "length": 2}, "object": {"text": "", "offset": 0, "length": 0}, "subject": {"text": "", "offset": 0, "length": 0}}], "arguments": {"time": [{"text": "7\u670813\u65e5", "offset": 9, "length": 5}, {"text": "7\u670812\u65e5", "offset": 22, "length": 5}], "loc": [{"text": "\u5723\u8fed\u6208\u57fa\u5730", "offset": 33, "length": 5}], "country": [{"text": "\u7f8e\u56fd", "offset": 1, "length": 2}, {"text": "\u7f8e\u56fd", "offset": 17, "length": 2}, {"text": "\u7f8e\u56fd", "offset": 39, "length": 2}], "weapon": [{"text": "\u201c\u597d\u4eba\u7406\u67e5\u5fb7\u201d\u53f7\u4e24\u6816\u653b\u51fb\u8230", "offset": 43, "length": 13}]}}, {"sentence": "\u62a5\u9053\u79f0\uff0c\u6839\u636e\u7f8e\u56fd\u6d77\u519b\u201c\u592a\u5e73\u6d0b\u6c34\u9762\u90e8\u961f\u201d\u5728\u793e\u4ea4\u5a92\u4f53\u4e0a\u53d1\u5e03\u7684\u4e00\u4efd\u6d77\u519b\u521d\u6b65\u8c03\u67e5\u62a5\u544a\u663e\u793a\uff0c\u201c\u597d\u4eba\u7406\u67e5\u5fb7\u201d\u53f7\u7684\u706b\u707e\u53d1\u751f\u5728\u5f53\u5730\u65f6\u95f412\u65e5\u4e0a\u53488\u70b930\u5206\uff0c\u8d77\u706b\u4f4d\u7f6e\u662f\u8be5\u8230\u7684\u4e95\u7532\u677f\uff08Well Deck\uff09\u3002", "events": [{"trigger": {"text": "\u706b\u707e", "offset": 50, "length": 2}, "object": {"text": "", "offset": 0, "length": 0}, "subject": {"text": "", "offset": 0, "length": 0}}], "arguments": {"time": [{"text": "\u5f53\u5730\u65f6\u95f412\u65e5\u4e0a\u53488\u70b930\u5206", "offset": 55, "length": 14}, {"text": "12\u65e5\u4e0a\u53488\u70b930\u5206", "offset": 59, "length": 10}], "loc": [{"text": "\u592a\u5e73\u6d0b", "offset": 11, "length": 3}], "country": [{"text": "\u7f8e\u56fd", "offset": 6, "length": 2}], "weapon": [{"text": "\u201c\u597d\u4eba\u7406\u67e5\u5fb7\u201d\u53f7", "offset": 41, "length": 8}]}}, {"sentence": "\u636e\u6089\uff0c\u4e95\u7532\u677f\u662f\u4e24\u6816\u653b\u51fb\u8230\u7684\u7279\u6b8a\u7ed3\u6784\uff0c\u8fd9\u79cd\u7532\u677f\u4e3b\u8981\u7528\u4e8e\u4ece\u8239\u575e\u5185\u5411\u6d77\u9762\u6295\u653e\u4e24\u6816\u6218\u8f66\u3001\u6c14\u57ab\u8239\u7b49\u4e24\u6816\u4f5c\u6218\u88c5\u5907\u3002", "events": [{"trigger": {"text": "\u653b\u51fb", "offset": 9, "length": 2}, "object": {"text": "", "offset": 0, "length": 0}, "subject": {"text": "", "offset": 0, "length": 0}}], "arguments": {"time": [], "loc": [], "country": [], "weapon": [{"text": "\u4e24\u6816\u6218\u8f66", "offset": 35, "length": 4}, {"text": "\u6c14\u57ab\u8239", "offset": 40, "length": 3}]}}, {"sentence": "\u4e95\u7532\u677f\u901a\u5e38\u4f4d\u4e8e\u4e24\u6816\u653b\u51fb\u8230\u7684\u5c3e\u90e8\uff0c\u5728\u822a\u884c\u7684\u65f6\u5019\u9ad8\u4e8e\u6c34\u9762\uff0c\u8fdb\u884c\u4e24\u6816\u4f5c\u6218\u88c5\u5907\u6295\u653e\u65f6\uff0c\u4e24\u6816\u653b\u51fb\u8230\u901a\u8fc7\u538b\u6c34\u8231\u4f7f\u6574\u8258\u6218\u8230\u4e0b\u6c89\uff0c\u4e95\u7532\u677f\u6c89\u5230\u6c34\u9762\u4ee5\u4e0b\uff0c\u8fd9\u6837\u5404\u79cd\u4e24\u6816\u4f5c\u6218\u88c5\u5907\u5c31\u80fd\u5728\u8239\u575e\u5185\u4e0b\u6c34\u5e76\u9a76\u51fa\u8239\u8231\u3002", "events": [{"trigger": {"text": "\u822a\u884c", "offset": 17, "length": 2}, "object": {"text": "", "offset": 0, "length": 0}, "subject": {"text": "", "offset": 0, "length": 0}}, {"trigger": {"text": "\u4e0b\u6c34", "offset": 83, "length": 2}, "object": {"text": "", "offset": 0, "length": 0}, "subject": {"text": "", "offset": 0, "length": 0}}], "arguments": {"time": [], "loc": [], "country": [], "weapon": [{"text": "\u6218\u8230", "offset": 52, "length": 2}]}}, {"sentence": "\u62a5\u9053\u79f0\uff0c\u76ee\u524d\u201c\u597d\u4eba\u7406\u67e5\u5fb7\u201d\u53f7\u4e24\u6816\u653b\u51fb\u8230\u7684\u8230\u5458\u5df2\u7ecf\u5168\u90e8\u758f\u6563\uff0c17\u540d\u53d7\u4f24\u7684\u8239\u5458\u548c4\u540d\u5e73\u6c11\u88ab\u9001\u5f80\u5f53\u5730\u533b\u9662\uff0c\u76ee\u524d\u6ca1\u6709\u751f\u547d\u5371\u9669\u3002", "events": [], "arguments": {"time": [], "loc": [], "country": [], "weapon": [{"text": "\u201c\u597d\u4eba\u7406\u67e5\u5fb7\u201d\u53f7\u4e24\u6816\u653b\u51fb\u8230", "offset": 6, "length": 13}]}}, {"sentence": "\u7f51\u7edc\u4e0a\u66dd\u5149\u7684\u7167\u7247\u663e\u793a\uff0c\u8be5\u8230\u7532\u677f\u4e0a\u5192\u51fa\u53bb\u6eda\u6eda\u6d53\u70df\uff0c\u591a\u8258\u6d88\u9632\u8239\u6b63\u5728\u5411\u8230\u4f53\u55b7\u6c34\u706d\u706b\u964d\u6e29\u3002", "events": [], "arguments": {"time": [], "loc": [], "country": [], "weapon": [{"text": "\u6d88\u9632\u8239", "offset": 26, "length": 3}]}}, {"sentence": "\u201c\u597d\u4eba\u7406\u67e5\u5fb7\u201d\u53f7\u5c5e\u4e8e\u201c\u9ec4\u8702\u201d\u7ea7\u4e24\u6816\u653b\u51fb\u8230\uff0c\u6ee1\u8f7d\u6392\u6c34\u91cf\u8fbe\u52304\u4e07\u5428\uff0c\u901a\u5e38\u642d\u8f7d1200\u540d\u8230\u5458\u3002", "events": [{"trigger": {"text": "\u642d\u8f7d", "offset": 34, "length": 2}, "object": {"text": "", "offset": 0, "length": 0}, "subject": {"text": "", "offset": 0, "length": 0}}], "arguments": {"time": [], "loc": [], "country": [], "weapon": [{"text": "\u201c\u597d\u4eba\u7406\u67e5\u5fb7\u201d\u53f7", "offset": 0, "length": 8}, {"text": "\u201c\u9ec4\u8702\u201d\u7ea7\u4e24\u6816\u653b\u51fb\u8230", "offset": 10, "length": 10}]}}, {"sentence": "\u8be5\u8230\u53d1\u751f\u4e8b\u6545\u65f6\u6b63\u5728\u8fdb\u884c\u4e2d\u671f\u7ef4\u62a4\uff0c\u4e3b\u8981\u662f\u5bf9\u98de\u884c\u7532\u677f\u8fdb\u884c\u5347\u7ea7\u6539\u9020\uff0c\u4ee5\u8fce\u63a5F-35B\u8230\u8f7d\u6218\u6597\u673a\u4e0a\u8230\u90e8\u7f72\u3002", "events": [{"trigger": {"text": "\u5347\u7ea7\u6539\u9020", "offset": 26, "length": 4}, "object": {"text": "", "offset": 0, "length": 0}, "subject": {"text": "", "offset": 0, "length": 0}}, {"trigger": {"text": "\u90e8\u7f72", "offset": 46, "length": 2}, "object": {"text": "", "offset": 0, "length": 0}, "subject": {"text": "", "offset": 0, "length": 0}}], "arguments": {"time": [], "loc": [], "country": [], "weapon": [{"text": "F-35B\u8230\u8f7d\u6218\u6597\u673a", "offset": 34, "length": 10}]}}, {"sentence": "\u8be5\u8230\u5347\u7ea7\u540e\u6700\u591a\u5c06\u80fd\u642d\u8f7d16\u67b6F-35B\u77ed\u8ddd\u8d77\u98de/\u5782\u76f4\u964d\u843d\u6218\u6597\u673a\u621622\u67b6MV-22B\u201c\u9c7c\u9e70\u201d\u8fd0\u8f93\u673a\u3002", "events": [{"trigger": {"text": "\u642d\u8f7d", "offset": 9, "length": 2}, "object": {"text": "", "offset": 0, "length": 0}, "subject": {"text": "", "offset": 0, "length": 0}}], "arguments": {"time": [], "loc": [], "country": [], "weapon": [{"text": "F-35B\u77ed\u8ddd\u8d77\u98de/\u5782\u76f4\u964d\u843d\u6218\u6597\u673a", "offset": 14, "length": 17}, {"text": "MV-22B\u201c\u9c7c\u9e70\u201d\u8fd0\u8f93\u673a", "offset": 35, "length": 13}]}}, {"sentence": "\u622a\u81f3\u53d1\u7a3f\uff0c\u201c\u597d\u4eba\u7406\u67e5\u5fb7\u201d\u53f7\u4ecd\u5728\u71c3\u70e7\uff0c\u706d\u706b\u5de5\u4f5c\u4ecd\u5728\u8fdb\u884c\u4e2d\uff0c\u76ee\u524d\u4ecd\u6709\u5927\u91cf\u6d53\u70df\u4ece\u7532\u677f\u4e0a\u6d8c\u51fa\u3002", "events": [], "arguments": {"time": [], "loc": [], "country": [], "weapon": [{"text": "\u201c\u597d\u4eba\u7406\u67e5\u5fb7\u201d\u53f7", "offset": 5, "length": 8}]}}, {"sentence": "\u4ece\u5f53\u5730\u65f6\u95f412\u65e58\u70b930\u5206\u81f3\u5f53\u5730\u65f6\u95f420\u70b930\u5206\uff08\u5317\u4eac\u65f6\u95f413\u65e511\u70b930\u5206\uff09\u8ba1\u7b97\uff0c\u8fd9\u8258\u4e24\u6816\u653b\u51fb\u8230\u5df2\u7ecf\u8fde\u7eed\u71c3\u70e7\u4e8612\u5c0f\u65f6\u3002", "events": [], "arguments": {"time": [{"text": "12\u65e58\u70b930\u5206\u81f3\u5f53\u5730\u65f6\u95f420\u70b930\u5206", "offset": 5, "length": 19}, {"text": "13\u65e511\u70b930\u5206", "offset": 0, "length": 9}], "loc": [], "country": [], "weapon": [{"text": "\u4e24\u6816\u653b\u51fb\u8230", "offset": 44, "length": 5}]}}, {"sentence": "\u53e6\u6709\u62a5\u9053\u79f0\uff0c\u5723\u8fed\u6208\u5f53\u5730\u6d88\u9632\u961f\u957f\u65af\u7279\u5a01\u5c14\u5468\u65e5\u544a\u8bc9CNN\uff0c\u5927\u706b\u53ef\u80fd\u4f1a\u6301\u7eed\u6570\u5929\uff0c\u76f4\u5230\u201c\u70e7\u5230\u6c34\u7ebf\u4f4d\u7f6e\u201d\u3002", "events": [], "arguments": {"time": [], "loc": [{"text": "\u5723\u8fed\u6208", "offset": 6, "length": 3}], "country": [], "weapon": []}}]