[{"sentence": "\u83f2\u5f8b\u5bbe\u9996\u8258\u5bfc\u5f39\u62a4\u536b\u8230\u6b63\u5f0f\u5165\u5217\u6d77\u519b", "events": [{"trigger": {"text": "\u5165\u5217", "offset": 12, "length": 2}, "subject": {"text": "\u83f2\u5f8b\u5bbe\u9996\u8258\u5bfc\u5f39\u62a4\u536b\u8230", "offset": 0, "length": 10}, "object": {"text": "\u6d77\u519b", "offset": 14, "length": 2}}, {"trigger": {"text": "\u6b63\u5f0f\u5165\u5217", "offset": 10, "length": 4}, "object": {"text": "", "offset": 0, "length": 0}, "subject": {"text": "", "offset": 0, "length": 0}}], "arguments": {"time": [], "loc": [], "country": [{"text": "\u83f2\u5f8b\u5bbe", "offset": 0, "length": 3}], "weapon": [{"text": "\u5bfc\u5f39\u62a4\u536b\u8230", "offset": 5, "length": 5}]}}, {"sentence": "\u65b0\u534e\u793e\u9a6c\u5c3c\u62c97\u670810\u65e5\u7535\uff08\u8bb0\u8005\u8881\u68a6\u6668 \u90d1\u6615\uff09\u4ee5\u83f2\u5f8b\u5bbe\u6c11\u65cf\u82f1\u96c4\u4f55\u585e\u00b7\u9ece\u5239\u547d\u540d\u7684\u83f2\u9996\u8258\u5bfc\u5f39\u62a4\u536b\u823010\u65e5\u5728\u82cf\u6bd4\u514b\u6e2f\u6b63\u5f0f\u5165\u5217\u6d77\u519b\u3002", "events": [{"trigger": {"text": "\u6b63\u5f0f\u5165\u5217", "offset": 54, "length": 4}, "object": {"text": "", "offset": 0, "length": 0}, "subject": {"text": "", "offset": 0, "length": 0}}], "arguments": {"time": [{"text": "7\u670810\u65e5", "offset": 6, "length": 5}], "loc": [{"text": "\u82cf\u6bd4\u514b\u6e2f", "offset": 50, "length": 4}], "country": [{"text": "\u83f2\u5f8b\u5bbe", "offset": 23, "length": 3}], "weapon": [{"text": "\u5bfc\u5f39\u62a4\u536b\u8230", "offset": 41, "length": 5}]}}, {"sentence": "\u636e\u83f2\u5f8b\u5bbe\u6d77\u519b\u58f0\u660e\uff0c\u201c\u4f55\u585e\u00b7\u9ece\u5239\u201d\u53f7\u62a4\u536b\u8230\u6700\u5927\u822a\u901f25\u8282\uff0c\u7eed\u822a\u91cc\u7a0b\u53ef\u8fbe4500\u6d77\u91cc\uff0c\u662f\u83f2\u5f8b\u5bbe\u53f2\u4e0a\u7b2c\u4e00\u8258\u5177\u5907\u5bfc\u5f39\u653b\u51fb\u80fd\u529b\u7684\u62a4\u536b\u8230\uff0c\u88c5\u5907\u5bfc\u5f39\u7cfb\u7edf\u548c\u5176\u4ed6\u6b66\u5668\uff0c\u53ef\u6267\u884c\u9632\u7a7a\u3001\u53cd\u8230\u548c\u53cd\u6f5c\u7b49\u4f5c\u6218\u4efb\u52a1\u3002", "events": [{"trigger": {"text": "\u653b\u51fb", "offset": 54, "length": 2}, "object": {"text": "", "offset": 0, "length": 0}, "subject": {"text": "", "offset": 0, "length": 0}}], "arguments": {"time": [], "loc": [], "country": [{"text": "\u83f2\u5f8b\u5bbe", "offset": 1, "length": 3}, {"text": "\u83f2\u5f8b\u5bbe", "offset": 42, "length": 3}], "weapon": [{"text": "\u201c\u4f55\u585e\u00b7\u9ece\u5239\u201d\u53f7\u62a4\u536b\u8230", "offset": 9, "length": 11}]}}, {"sentence": "\u636e\u83f2\u5f8b\u5bbe\u5a92\u4f53\u62a5\u9053\uff0c\u83f2\u5f8b\u5bbe\u4e8e2016\u5e74\u5411\u97e9\u56fd\u8ba2\u8d2d\u4e24\u8258\u6392\u6c34\u91cf\u4e3a2600\u5428\u7684\u5bfc\u5f39\u62a4\u536b\u8230\uff0c\u5171\u8017\u8d44180\u4ebf\u6bd4\u7d22\uff08\u7ea6\u54083.6\u4ebf\u7f8e\u5143\uff09\u3002", "events": [{"trigger": {"text": "\u8ba2\u8d2d", "offset": 21, "length": 2}, "subject": {"text": "\u83f2\u5f8b\u5bbe\u4e8e2016\u5e74\u5411\u97e9\u56fd", "offset": 9, "length": 12}, "object": {"text": "\u4e24\u8258\u6392\u6c34\u91cf\u4e3a2600\u5428\u7684\u5bfc\u5f39\u62a4\u536b\u8230", "offset": 23, "length": 17}}], "arguments": {"time": [{"text": "2016\u5e74", "offset": 13, "length": 5}], "loc": [], "country": [{"text": "\u97e9\u56fd", "offset": 19, "length": 2}, {"text": "\u83f2\u5f8b\u5bbe", "offset": 1, "length": 3}, {"text": "\u83f2\u5f8b\u5bbe", "offset": 9, "length": 3}], "weapon": [{"text": "\u5bfc\u5f39\u62a4\u536b\u8230", "offset": 35, "length": 5}]}}, {"sentence": "\u8fd9\u4e24\u8258\u5bfc\u5f39\u62a4\u536b\u8230\u5747\u7531\u97e9\u56fd\u73b0\u4ee3\u91cd\u5de5\u4e1a\u516c\u53f8\u8d1f\u8d23\u5efa\u9020\uff0c\u5176\u4e2d\u201c\u4f55\u585e\u00b7\u9ece\u5239\u201d\u53f7\u62a4\u536b\u8230\u4e3a\u9996\u8230\u3002", "events": [{"trigger": {"text": "\u5efa\u9020", "offset": 21, "length": 2}, "object": {"text": "", "offset": 0, "length": 0}, "subject": {"text": "", "offset": 0, "length": 0}}], "arguments": {"time": [], "loc": [], "country": [{"text": "\u97e9\u56fd", "offset": 10, "length": 2}], "weapon": [{"text": "\u201c\u4f55\u585e\u00b7\u9ece\u5239\u201d\u53f7\u62a4\u536b\u8230", "offset": 26, "length": 11}]}}, {"sentence": "\u83f2\u5f8b\u5bbe\u56fd\u9632\u90e8\u957f\u6d1b\u4f26\u624e\u7eb3\u5f53\u5929\u51fa\u5e2d\u201c\u4f55\u585e\u00b7\u9ece\u5239\u201d\u53f7\u62a4\u536b\u8230\u5165\u5217\u4eea\u5f0f\u65f6\u8868\u793a\uff0c\u97e9\u56fd\u6709\u671b\u5728\u534a\u5e74\u4e4b\u540e\u5c06\u7b2c\u4e8c\u8258\u5bfc\u5f39\u62a4\u536b\u8230\u4ea4\u4ed8\u83f2\u65b9\u3002", "events": [{"trigger": {"text": "\u4ea4\u4ed8", "offset": 52, "length": 2}, "object": {"text": "", "offset": 0, "length": 0}, "subject": {"text": "", "offset": 0, "length": 0}}], "arguments": {"time": [], "loc": [], "country": [{"text": "\u83f2\u5f8b\u5bbe", "offset": 0, "length": 3}, {"text": "\u97e9\u56fd", "offset": 34, "length": 2}, {"text": "\u83f2\u65b9", "offset": 54, "length": 2}], "weapon": [{"text": "\u201c\u4f55\u585e\u00b7\u9ece\u5239\u201d\u53f7\u62a4\u536b\u8230", "offset": 15, "length": 11}, {"text": "\u5bfc\u5f39\u62a4\u536b\u8230", "offset": 47, "length": 5}]}}]