[{"sentence": "\u98de\u673a\u521a\u8d70\u519b\u8230\u53c8\u6765\uff01", "events": [], "arguments": {"time": [], "loc": [], "country": [], "weapon": [{"text": "\u98de\u673a", "offset": 0, "length": 2}, {"text": "\u519b\u8230", "offset": 4, "length": 2}]}}, {"sentence": "\u7f8e\u519b\u9a71\u9010\u8230\u88ab\u66dd\u73b0\u8eab\u4e1c\u6d77\uff0c\u8ddd\u79bb\u4e2d\u56fd\u6d77\u5cb8\u7ea6153\u516c\u91cc", "events": [{"trigger": {"text": "\u88ab\u66dd\u73b0\u8eab", "offset": 5, "length": 4}, "subject": {"text": "\u7f8e\u519b\u9a71\u9010\u8230", "offset": 0, "length": 5}, "object": {"text": "\u4e1c\u6d77", "offset": 9, "length": 2}}, {"trigger": {"text": "\u73b0\u8eab", "offset": 7, "length": 2}, "object": {"text": "", "offset": 0, "length": 0}, "subject": {"text": "", "offset": 0, "length": 0}}], "arguments": {"time": [], "loc": [{"text": "\u4e1c\u6d77", "offset": 9, "length": 2}], "country": [{"text": "\u7f8e", "offset": 0, "length": 1}, {"text": "\u4e2d\u56fd", "offset": 14, "length": 2}], "weapon": [{"text": "\u9a71\u9010\u8230", "offset": 2, "length": 3}]}}, {"sentence": "\u3010\u73af\u7403\u7f51\u62a5\u9053\u00a0\u8bb0\u8005 \u5f90\u7490\u660e\u3011", "events": [], "arguments": {"time": [], "loc": [], "country": [], "weapon": []}}, {"sentence": "\u5728\u8fde\u7eed\u591a\u65e5\u6d3e\u51fa\u4fa6\u5bdf\u673a\u5bf9\u4e2d\u56fd\u5e7f\u4e1c\u6d77\u5cb8\u8fdb\u884c\u62b5\u8fd1\u4fa6\u5bdf\u4e4b\u540e\uff0c\u7f8e\u56fd\u6d77\u519b\u7684\u9a71\u9010\u8230\u53c8\u88ab\u53d1\u73b0\u51fa\u73b0\u5728\u4e2d\u56fd\u6d77\u5cb8\u9644\u8fd1\uff0c\u6700\u8fd1\u65f6\u8ddd\u79bb\u6d59\u6c5f\u7701\u6d77\u5cb8\u53ea\u6709\u5927\u7ea6153\u516c\u91cc\u3002", "events": [{"trigger": {"text": "\u62b5\u8fd1\u4fa6\u5bdf", "offset": 19, "length": 4}, "object": {"text": "", "offset": 0, "length": 0}, "subject": {"text": "", "offset": 0, "length": 0}}, {"trigger": {"text": "\u51fa\u73b0\u5728", "offset": 38, "length": 3}, "object": {"text": "", "offset": 0, "length": 0}, "subject": {"text": "", "offset": 0, "length": 0}}], "arguments": {"time": [], "loc": [{"text": "\u5e7f\u4e1c\u6d77\u5cb8", "offset": 13, "length": 4}], "country": [{"text": "\u4e2d\u56fd", "offset": 11, "length": 2}, {"text": "\u7f8e\u56fd", "offset": 26, "length": 2}, {"text": "\u4e2d\u56fd", "offset": 41, "length": 2}], "weapon": [{"text": "\u4fa6\u5bdf\u673a", "offset": 7, "length": 3}, {"text": "\u9a71\u9010\u8230", "offset": 31, "length": 3}]}}, {"sentence": "\u53f0\u6e7e\u4eb2\u7eff\u5a92\u4f537\u670810\u65e5\u62a5\u9053\u79f0\uff0c\u5728\u8fd1\u65e5\u5bc6\u96c6\u6d3e\u51fa\u519b\u673a\u5bf9\u5927\u9646\u5e7f\u4e1c\u7701\u6d77\u5cb8\u8fdb\u884c\u5bc6\u96c6\u62b5\u8fd1\u4fa6\u5bdf\u4e4b\u540e\uff0c\u7f8e\u56fd\u6d77\u519b\u7684\u201c\u62c9\u6590\u5c14\u00b7\u4f69\u62c9\u5c14\u5854\u201d\u53f7\u9a71\u9010\u8230\u4e5f\u4e8e7\u670810\u65e5\u51fa\u73b0\u5728\u53f0\u6e7e\u5317\u90e8\u6d77\u57df\uff0c\u6700\u8fd1\u70b9\u8ddd\u79bb\u5927\u9646\u6d59\u6c5f\u7701\u6d77\u5cb8\u53ea\u670982.68\u6d77\u91cc\uff08\u7ea6\u5408153.12\u516c\u91cc\uff09\u3002", "events": [{"trigger": {"text": "\u62b5\u8fd1\u4fa6\u5bdf", "offset": 36, "length": 4}, "object": {"text": "", "offset": 0, "length": 0}, "subject": {"text": "", "offset": 0, "length": 0}}, {"trigger": {"text": "\u51fa\u73b0\u5728", "offset": 69, "length": 3}, "object": {"text": "", "offset": 0, "length": 0}, "subject": {"text": "", "offset": 0, "length": 0}}], "arguments": {"time": [{"text": "7\u670810\u65e5", "offset": 64, "length": 5}, {"text": "7\u670810\u65e5", "offset": 6, "length": 5}], "loc": [{"text": "\u5927\u9646\u5e7f\u4e1c\u7701\u6d77\u5cb8", "offset": 25, "length": 7}, {"text": "\u53f0\u6e7e\u5317\u90e8\u6d77\u57df", "offset": 72, "length": 6}], "country": [{"text": "\u53f0\u6e7e", "offset": 0, "length": 2}, {"text": "\u7f8e\u56fd", "offset": 43, "length": 2}], "weapon": [{"text": "\u201c\u62c9\u6590\u5c14\u00b7\u4f69\u62c9\u5c14\u5854\u201d\u53f7\u9a71\u9010\u8230", "offset": 48, "length": 14}]}}, {"sentence": "\u62a5\u9053\u63f4\u5f15\u5317\u4eac\u5927\u5b66\u6d77\u6d0b\u7814\u7a76\u9662\u8bbe\u7acb\u7684\u201c\u5357\u6d77\u6218\u7565\u6001\u52bf\u611f\u77e5\u8ba1\u5212\u201d\u5e73\u53f0\u7684\u6d88\u606f\u79f0\uff0c\u201c\u62c9\u6590\u5c14\u00b7\u4f69\u62c9\u5c14\u5854\u201d\u53f7\u9a71\u9010\u8230\u57287\u67086\u65e5\u665a\u95f4\u79bb\u5f00\u7f8e\u519b\u9a7b\u51b2\u7ef3\u57fa\u5730\u540e\uff0c\u5c31\u5411\u4e1c\u6d77\u65b9\u5411\u822a\u884c\uff0c\u57287\u670810\u65e5\u65e9\u4e0a7\u65f623\u5206\uff0c\u63a5\u8fd1\u6d59\u6c5f\u7701\u4e0e\u798f\u5efa\u7701\u4ea4\u754c\u5904\u9644\u8fd1\u6d77\u57df\uff0c\u6700\u8fd1\u7684\u70b9\u8ddd\u79bb\u4e2d\u56fd\u5927\u9646\u6d77\u5cb8\u4ec5\u670982.68\u6d77\u91cc\u3002", "events": [{"trigger": {"text": "\u63a5\u8fd1", "offset": 90, "length": 2}, "object": {"text": "", "offset": 0, "length": 0}, "subject": {"text": "", "offset": 0, "length": 0}}], "arguments": {"time": [{"text": "7\u67086\u65e5\u665a\u95f4", "offset": 50, "length": 6}, {"text": "7\u670810\u65e5\u65e9\u4e0a7\u65f623\u5206", "offset": 77, "length": 12}], "loc": [{"text": "\u5357\u6d77", "offset": 17, "length": 2}, {"text": "\u7f8e\u519b\u9a7b\u51b2\u7ef3\u57fa\u5730", "offset": 58, "length": 7}, {"text": "\u4e1c\u6d77", "offset": 69, "length": 2}], "country": [{"text": "\u4e2d\u56fd", "offset": 113, "length": 2}], "weapon": [{"text": "\u201c\u62c9\u6590\u5c14\u00b7\u4f69\u62c9\u5c14\u5854\u201d\u53f7\u9a71\u9010\u8230", "offset": 35, "length": 14}]}}, {"sentence": "\u62a5\u9053\u8fd8\u7f57\u5217\u4e86\u7f8e\u519b\u4fa6\u5bdf\u673a\u6b64\u524d\u9891\u7e41\u5bf9\u5927\u9646\u6cbf\u5cb8\u8fdb\u884c\u62b5\u8fd1\u4fa6\u5bdf\u7684\u4fe1\u606f\uff0c\u7f8e\u519b\u5728\u672c\u67086\u65e5\u30017\u65e5\u30018\u65e5\u8fde\u7eed3\u5929\u6d3e\u673a\u5bf9\u4e2d\u56fd\u5927\u9646\u62b5\u8fd1\u4fa6\u5bdf\uff0c\u5176\u4e2d6\u65e5\u662f1\u67b6RC-135\u4fa6\u5bdf\u673a\uff0c7\u65e5\u548c8\u65e5\u4e3a1\u67b6EP-3E\u7535\u5b50\u4fa6\u5bdf\u673a\uff0c8\u65e5\u7f8e\u519b\u4fa6\u5bdf\u673a\u8ddd\u79bb\u5e7f\u4e1c\u6d77\u5cb8\u6700\u8fd1\u65f6\u4ec5\u670951.68\u6d77\u91cc\uff08\u7ea695.7\u516c\u91cc\uff09\u3002", "events": [{"trigger": {"text": "\u62b5\u8fd1\u4fa6\u5bdf", "offset": 22, "length": 4}, "object": {"text": "", "offset": 0, "length": 0}, "subject": {"text": "", "offset": 0, "length": 0}}, {"trigger": {"text": "\u62b5\u8fd1\u4fa6\u5bdf", "offset": 54, "length": 4}, "object": {"text": "", "offset": 0, "length": 0}, "subject": {"text": "", "offset": 0, "length": 0}}], "arguments": {"time": [{"text": "\u672c\u67086\u65e5", "offset": 33, "length": 4}, {"text": "7\u65e5", "offset": 38, "length": 2}, {"text": "\u65e5", "offset": 0, "length": 1}], "loc": [{"text": "\u5e7f\u4e1c\u6d77\u5cb8", "offset": 104, "length": 4}], "country": [{"text": "\u4e2d\u56fd", "offset": 50, "length": 2}], "weapon": [{"text": "RC-135\u4fa6\u5bdf\u673a", "offset": 66, "length": 9}, {"text": "EP-3E\u7535\u5b50\u4fa6\u5bdf\u673a", "offset": 84, "length": 10}]}}, {"sentence": "\u62a5\u9053\u79f0\uff0c\u201c\u5357\u6d77\u6218\u7565\u6001\u52bf\u611f\u77e5\u8ba1\u5212\u201d\u5e73\u53f0\u8fd8\u6574\u7406\u4e86\u201c\u62c9\u6590\u5c14\u00b7\u4f69\u62c9\u5c14\u5854\u201d\u53f7\u9a71\u9010\u8230\u81ea\u4eca\u5e743\u6708\u4e0b\u65ec\u4ee5\u6765\u7684\u822a\u8ff9\u56fe\uff0c\u663e\u793a\u8fd9\u8258\u9a71\u9010\u8230\u7684\u4e3b\u8981\u822a\u884c\u533a\u57df\u662f\u5728\u9ec4\u6d77\u4ee5\u53ca\u4e1c\u6d77\u6d77\u57df\uff0c\u4f46\u8be5\u8230\u4e5f\u66fe\u57284\u6708\u4efd\u65f6\u6cbf\u7740\u53f0\u6e7e\u4e1c\u90e8\u6d77\u57df\u7684\u592a\u5e73\u6d0b\u6d77\u57df\u5357\u4e0b\uff0c\u5230\u8fbe\u5df4\u58eb\u6d77\u5ce1\u540e\u518d\u6298\u8fd4\u3002", "events": [{"trigger": {"text": "\u822a\u884c", "offset": 60, "length": 2}, "object": {"text": "", "offset": 0, "length": 0}, "subject": {"text": "", "offset": 0, "length": 0}}], "arguments": {"time": [{"text": "\u4eca\u5e743\u6708\u4e0b\u65ec", "offset": 37, "length": 6}, {"text": "4\u6708\u4efd", "offset": 81, "length": 3}], "loc": [{"text": "\u5357\u6d77", "offset": 5, "length": 2}, {"text": "\u9ec4\u6d77", "offset": 66, "length": 2}, {"text": "\u4e1c\u6d77\u6d77\u57df", "offset": 70, "length": 4}, {"text": "\u592a\u5e73\u6d0b\u6d77\u57df", "offset": 94, "length": 5}, {"text": "\u5df4\u58eb\u6d77\u5ce1", "offset": 104, "length": 4}], "country": [{"text": "\u53f0\u6e7e", "offset": 87, "length": 2}], "weapon": [{"text": "\u201c\u62c9\u6590\u5c14\u00b7\u4f69\u62c9\u5c14\u5854\u201d\u53f7\u9a71\u9010\u8230", "offset": 22, "length": 14}]}}, {"sentence": "\u5bf9\u4e8e\u7f8e\u519b\u8230\u673a\u7684\u62b5\u8fd1\u4fa6\u5bdf\u884c\u4e3a\uff0c\u5927\u9646\u56fd\u9632\u90e8\u65b0\u95fb\u53d1\u8a00\u4eba\u5434\u8c26\u5927\u6821\u57286\u6708\u56fd\u9632\u90e8\u4f8b\u884c\u8bb0\u8005\u4f1a\u8868\u793a\uff0c\u5f53\u524d\uff0c\u5728\u5730\u533a\u56fd\u5bb6\u7684\u5171\u540c\u52aa\u529b\u4e0b\uff0c\u4e1c\u6d77\u3001\u5357\u6d77\u7684\u5c40\u52bf\u603b\u4f53\u662f\u7a33\u5b9a\u7684\u3002", "events": [{"trigger": {"text": "\u62b5\u8fd1\u4fa6\u5bdf", "offset": 7, "length": 4}, "object": {"text": "", "offset": 0, "length": 0}, "subject": {"text": "", "offset": 0, "length": 0}}], "arguments": {"time": [{"text": "6\u6708", "offset": 29, "length": 2}], "loc": [{"text": "\u4e1c\u6d77", "offset": 57, "length": 2}, {"text": "\u5357\u6d77", "offset": 60, "length": 2}], "country": [{"text": "\u7f8e", "offset": 2, "length": 1}], "weapon": [{"text": "\u8230\u673a", "offset": 4, "length": 2}]}}, {"sentence": "\u8fd9\u5145\u5206\u8bf4\u660e\u57df\u5185\u56fd\u5bb6\u6709\u667a\u6167\u3001\u6709\u80fd\u529b\u3001\u6709\u529e\u6cd5\u901a\u8fc7\u76f4\u63a5\u8c08\u5224\u534f\u5546\uff0c\u59a5\u5904\u5206\u6b67\uff0c\u5171\u62a4\u548c\u5e73\u3002", "events": [], "arguments": {"time": [], "loc": [], "country": [], "weapon": []}}, {"sentence": "\u53cd\u89c2\u4f5c\u4e3a\u57df\u5916\u56fd\u5bb6\u7684\u7f8e\u56fd\uff0c\u6253\u7740\u6240\u8c13\u201c\u822a\u884c\u81ea\u7531\u201d\u7684\u5e4c\u5b50\uff0c\u6d3e\u519b\u7528\u8230\u673a\u6765\u4e1c\u6d77\u3001\u5357\u6d77\u6311\u8845\uff0c\u5bf9\u4e2d\u65b9\u5b9e\u65bd\u9ad8\u9891\u5ea6\u62b5\u8fd1\u4fa6\u5bdf\uff0c\u4e3e\u884c\u9488\u5bf9\u6027\u6781\u5f3a\u7684\u519b\u4e8b\u6f14\u4e60\uff0c\u4e25\u91cd\u5371\u5bb3\u5730\u533a\u56fd\u5bb6\u7684\u4e3b\u6743\u4e0e\u5b89\u5168\u5229\u76ca\uff0c\u4e25\u91cd\u7834\u574f\u672c\u5730\u533a\u7684\u548c\u5e73\u7a33\u5b9a\u3002", "events": [{"trigger": {"text": "\u62b5\u8fd1\u4fa6\u5bdf", "offset": 48, "length": 4}, "object": {"text": "", "offset": 0, "length": 0}, "subject": {"text": "", "offset": 0, "length": 0}}, {"trigger": {"text": "\u519b\u4e8b\u6f14\u4e60", "offset": 61, "length": 4}, "object": {"text": "", "offset": 0, "length": 0}, "subject": {"text": "", "offset": 0, "length": 0}}], "arguments": {"time": [], "loc": [{"text": "\u4e1c\u6d77", "offset": 32, "length": 2}, {"text": "\u5357\u6d77", "offset": 35, "length": 2}], "country": [{"text": "\u7f8e\u56fd", "offset": 9, "length": 2}, {"text": "\u4e2d\u65b9", "offset": 41, "length": 2}], "weapon": []}}, {"sentence": "\u5bf9\u4e8e\u7f8e\u519b\u8230\u673a\u7684\u62b5\u8fd1\u4fa6\u5bdf\u884c\u4e3a\uff0c\u4e2d\u56fd\u519b\u4e8b\u4e13\u5bb6\u5b8b\u5fe0\u5e738\u65e5\u5728\u63a5\u53d7\u300a\u73af\u7403\u65f6\u62a5\u300b\u91c7\u8bbf\u65f6\u8868\u793a\uff0c\u89e3\u653e\u519b\u53ef\u4ee5\u91c7\u53d6\u62b5\u8fd1\u62e6\u622a\u7684\u65b9\u5f0f\uff0c\u5bf9\u62b5\u8fd1\u4fa6\u5bdf\u7684\u7f8e\u519b\u673a\u8fdb\u884c\u5e72\u6270\uff0c\u8ba9\u5bf9\u65b9\u65e0\u6cd5\u4e13\u5fc3\u5de5\u4f5c\u3002", "events": [{"trigger": {"text": "\u62b5\u8fd1\u4fa6\u5bdf", "offset": 7, "length": 4}, "object": {"text": "", "offset": 0, "length": 0}, "subject": {"text": "", "offset": 0, "length": 0}}, {"trigger": {"text": "\u62b5\u8fd1\u4fa6\u5bdf", "offset": 56, "length": 4}, "object": {"text": "", "offset": 0, "length": 0}, "subject": {"text": "", "offset": 0, "length": 0}}, {"trigger": {"text": "\u62b5\u8fd1\u62e6\u622a", "offset": 47, "length": 4}, "object": {"text": "", "offset": 0, "length": 0}, "subject": {"text": "", "offset": 0, "length": 0}}, {"trigger": {"text": "\u62b5\u8fd1", "offset": 47, "length": 2}, "object": {"text": "", "offset": 0, "length": 0}, "subject": {"text": "", "offset": 0, "length": 0}}, {"trigger": {"text": "\u62e6\u622a", "offset": 49, "length": 2}, "object": {"text": "", "offset": 0, "length": 0}, "subject": {"text": "", "offset": 0, "length": 0}}], "arguments": {"time": [{"text": "8\u65e5", "offset": 23, "length": 2}], "loc": [], "country": [{"text": "\u4e2d\u56fd", "offset": 14, "length": 2}], "weapon": []}}, {"sentence": "\u53e6\u4e00\u65b9\u9762\uff0c\u5f53\u5bf9\u65b9\u4fa6\u5bdf\u673a\u63a5\u8fd1\u6211\u56fd\u76f8\u5173\u7a7a\u57df\u65f6\uff0c\u89e3\u653e\u519b\u4e5f\u53ef\u4ee5\u6682\u505c\u4e00\u4e9b\u519b\u4e8b\u6d3b\u52a8\uff0c\u964d\u4f4e\u7535\u78c1\u9891\u8c31\u4fe1\u53f7\u88ab\u622a\u83b7\u7684\u6982\u7387\u3002", "events": [{"trigger": {"text": "\u622a\u83b7", "offset": 45, "length": 2}, "object": {"text": "", "offset": 0, "length": 0}, "subject": {"text": "", "offset": 0, "length": 0}}], "arguments": {"time": [], "loc": [], "country": [], "weapon": [{"text": "\u4fa6\u5bdf\u673a", "offset": 8, "length": 3}]}}]