[{"sentence": "\u4fc4\u7f57\u65af\u5373\u5c06\u670d\u5f79\u7684S-500\u9632\u7a7a\u5bfc\u5f39\u7cfb\u7edf\uff0c\u771f\u80fd\u53cd\u536b\u661f\u5417\uff1f", "events": [{"trigger": {"text": "\u670d\u5f79", "offset": 5, "length": 2}, "subject": {"text": "\u4fc4\u7f57\u65af", "offset": 0, "length": 3}, "object": {"text": "S-500\u9632\u7a7a\u5bfc\u5f39\u7cfb\u7edf", "offset": 8, "length": 11}}], "arguments": {"time": [], "loc": [], "country": [{"text": "\u4fc4\u7f57\u65af", "offset": 0, "length": 3}], "weapon": [{"text": "S-500\u9632\u7a7a\u5bfc\u5f39\u7cfb\u7edf", "offset": 8, "length": 11}]}}, {"sentence": "\u3010\u73af\u7403\u65f6\u62a5\u62a5\u9053 \u8bb0\u8005 \u67f3\u7389\u9e4f\u3011", "events": [], "arguments": {"time": [], "loc": [], "country": [], "weapon": []}}, {"sentence": "\u201c\u4fc4\u519b\u5c06\u4e8e\u4eca\u5e74\u5e95\u524d\u63a5\u6536\u6700\u65b0\u578bS-500\u2018\u666e\u7f57\u7c73\u4fee\u65af\u2019\u9632\u7a7a\u5bfc\u5f39\u7cfb\u7edf\u3002", "events": [{"trigger": {"text": "\u63a5\u6536", "offset": 9, "length": 2}, "object": {"text": "", "offset": 0, "length": 0}, "subject": {"text": "", "offset": 0, "length": 0}}], "arguments": {"time": [{"text": "\u4eca\u5e74\u5e95", "offset": 5, "length": 3}], "loc": [], "country": [{"text": "\u4fc4", "offset": 1, "length": 1}], "weapon": [{"text": "S-500\u2018\u666e\u7f57\u7c73\u4fee\u65af\u2019\u9632\u7a7a\u5bfc\u5f39\u7cfb\u7edf", "offset": 14, "length": 18}]}}, {"sentence": "\u201d8\u65e5\u662f\u4fc4\u7a7a\u5929\u519b\u9632\u7a7a\u5bfc\u5f39\u90e8\u961f\u8282\u3002", "events": [], "arguments": {"time": [{"text": "\u201d8\u65e5", "offset": 0, "length": 3}], "loc": [], "country": [{"text": "\u4fc4", "offset": 4, "length": 1}], "weapon": []}}, {"sentence": "\u5f53\u5929\uff0c\u4fc4\u7a7a\u5929\u519b\u9632\u7a7a\u5bfc\u5f39\u90e8\u961f\u53f8\u4ee4\u8c22\u5c14\u76d6\u00b7\u5df4\u5df4\u79d1\u592b\u5728\u63a5\u53d7\u300a\u7ea2\u661f\u62a5\u300b\u91c7\u8bbf\u65f6\u5ba3\u5e03\u8fd9\u4e00\u6d88\u606f\u3002", "events": [], "arguments": {"time": [], "loc": [], "country": [{"text": "\u4fc4", "offset": 3, "length": 1}], "weapon": []}}, {"sentence": "\u4fc4\u519b\u4e8b\u4e13\u5bb6\u79f0\uff0c\u8fd9\u4e00\u7cfb\u7edf\u53ef\u4ee5\u6467\u6bc1\u4f4e\u8f68\u9053\u536b\u661f\u3001\u592a\u7a7a\u6b66\u5668\u548c\u9ad8\u8d85\u97f3\u901f\u6b66\u5668\u3002", "events": [{"trigger": {"text": "\u6467\u6bc1", "offset": 13, "length": 2}, "object": {"text": "", "offset": 0, "length": 0}, "subject": {"text": "", "offset": 0, "length": 0}}], "arguments": {"time": [], "loc": [], "country": [{"text": "\u4fc4", "offset": 0, "length": 1}], "weapon": [{"text": "\u4f4e\u8f68\u9053\u536b\u661f", "offset": 15, "length": 5}, {"text": "\u592a\u7a7a\u6b66\u5668", "offset": 21, "length": 4}, {"text": "\u9ad8\u8d85\u97f3\u901f\u6b66\u5668", "offset": 26, "length": 6}]}}, {"sentence": "\u76ee\u524d\u4e16\u754c\u4e0a\u8fd8\u6ca1\u6709\u7c7b\u4f3c\u7684\u9632\u7a7a\u53cd\u5bfc\u7cfb\u7edf\u3002", "events": [], "arguments": {"time": [], "loc": [], "country": [], "weapon": [{"text": "\u9632\u7a7a\u53cd\u5bfc\u7cfb\u7edf", "offset": 11, "length": 6}]}}, {"sentence": "\u4fc4\u7f57\u65af\u300a\u89c2\u70b9\u62a5\u300b\u62a5\u9053\u79f0\uff0c\u4fc4\u7a7a\u5929\u519b\u603b\u53f8\u4ee4\u8c22\u5c14\u76d6\u00b7\u82cf\u7f57\u7ef4\u91d1\u8868\u793a\uff0cS-500\u9632\u7a7a\u5bfc\u5f39\u7cfb\u7edf\u5c06\u5177\u5907\u5728\u8fd1\u5730\u7a7a\u95f4\u6467\u6bc1\u9ad8\u8d85\u97f3\u901f\u6b66\u5668\u7684\u80fd\u529b\u3002", "events": [{"trigger": {"text": "\u6467\u6bc1", "offset": 49, "length": 2}, "object": {"text": "", "offset": 0, "length": 0}, "subject": {"text": "", "offset": 0, "length": 0}}], "arguments": {"time": [], "loc": [], "country": [{"text": "\u4fc4\u7f57\u65af", "offset": 0, "length": 3}], "weapon": [{"text": "S-500\u9632\u7a7a\u5bfc\u5f39\u7cfb\u7edf", "offset": 30, "length": 11}]}}, {"sentence": "\u6839\u636eS-500\u7684\u6280\u672f\u7279\u5f81\uff0c\u53ef\u4ee5\u5c06\u8fd9\u5957\u7cfb\u7edf\u5217\u4e3a\u7b2c\u4e00\u4ee3\u592a\u7a7a\u9632\u5fa1\u7cfb\u7edf\uff0c\u56e0\u4e3a\u5b83\u53ef\u4ee5\u6467\u6bc1\u4f4e\u8f68\u536b\u661f\u548c\u592a\u7a7a\u6b66\u5668\u3002", "events": [{"trigger": {"text": "\u6467\u6bc1", "offset": 37, "length": 2}, "object": {"text": "", "offset": 0, "length": 0}, "subject": {"text": "", "offset": 0, "length": 0}}], "arguments": {"time": [], "loc": [], "country": [], "weapon": [{"text": "S-500", "offset": 2, "length": 5}]}}, {"sentence": "\u4ed6\u8868\u793a\uff0c\u6839\u636eS-500\u7684\u7279\u70b9\uff0c\u9664\u80fd\u591f\u6467\u6bc1\u7a7a\u6c14\u52a8\u529b\u76ee\u6807\u548c\u5f39\u9053\u76ee\u6807\u5916\uff0c\u8fd8\u53ef\u4ee5\u6467\u6bc1\u5305\u62ec\u8fd1\u592a\u7a7a\u5728\u5185\u7684\u6240\u6709\u578b\u53f7\u9ad8\u8d85\u97f3\u901f\u6b66\u5668\u3002", "events": [{"trigger": {"text": "\u6467\u6bc1", "offset": 36, "length": 2}, "object": {"text": "", "offset": 0, "length": 0}, "subject": {"text": "", "offset": 0, "length": 0}}], "arguments": {"time": [], "loc": [], "country": [], "weapon": [{"text": "S-500", "offset": 6, "length": 5}]}}, {"sentence": "\u4fc4\u519b\u4e8b\u4e13\u5bb6\u8868\u793a\uff0cS-500\u9632\u7a7a\u5bfc\u5f39\u7cfb\u7edf\u662f\u4fc4\u7f57\u65af\u65b0\u4e00\u4ee3\u9632\u7a7a\u5bfc\u5f39\u7cfb\u7edf\uff0c\u662f\u8fdc\u7a0b\u548c\u9ad8\u7a7a\u62e6\u622a\u7684\u901a\u7528\u9632\u7a7a\u7cfb\u7edf\uff0c\u53ef\u589e\u5f3a\u5bfc\u5f39\u9632\u5fa1\u80fd\u529b\u5e76\u62e6\u622a\u5f39\u9053\u5bfc\u5f39\u3002", "events": [{"trigger": {"text": "\u62e6\u622a", "offset": 39, "length": 2}, "object": {"text": "", "offset": 0, "length": 0}, "subject": {"text": "", "offset": 0, "length": 0}}, {"trigger": {"text": "\u62e6\u622a", "offset": 59, "length": 2}, "object": {"text": "", "offset": 0, "length": 0}, "subject": {"text": "", "offset": 0, "length": 0}}], "arguments": {"time": [], "loc": [], "country": [{"text": "\u4fc4\u7f57\u65af", "offset": 20, "length": 3}], "weapon": [{"text": "S-500\u9632\u7a7a\u5bfc\u5f39\u7cfb\u7edf", "offset": 8, "length": 11}, {"text": "\u5f39\u9053\u5bfc\u5f39", "offset": 61, "length": 4}]}}, {"sentence": "\u9664\u5f39\u9053\u5bfc\u5f39\u5916\uff0c\u8fd8\u80fd\u591f\u62e6\u622a\u5de1\u822a\u5bfc\u5f39\u3001\u5404\u7c7b\u98de\u673a\u548c\u76f4\u5347\u673a\u7b49\u7a7a\u4e2d\u76ee\u6807\u3002", "events": [{"trigger": {"text": "\u62e6\u622a", "offset": 10, "length": 2}, "object": {"text": "", "offset": 0, "length": 0}, "subject": {"text": "", "offset": 0, "length": 0}}], "arguments": {"time": [], "loc": [], "country": [], "weapon": [{"text": "\u5f39\u9053\u5bfc\u5f39", "offset": 1, "length": 4}, {"text": "\u5de1\u822a\u5bfc\u5f39", "offset": 12, "length": 4}, {"text": "\u98de\u673a", "offset": 19, "length": 2}, {"text": "\u76f4\u5347\u673a", "offset": 22, "length": 3}]}}, {"sentence": "\u76ee\u524d\uff0cS-500\u65b0\u4e00\u4ee3\u9632\u7a7a\u5bfc\u5f39\u7cfb\u7edf\u7684\u6d4b\u8bd5\u5de5\u4f5c\u5373\u5c06\u7ed3\u675f\uff0c\u4fc4\u7f57\u65af\u8ba1\u5212\u4e8e2021\u5e74\u524d\u5217\u88c5\u9996\u6279S-500\u8fdc\u7a0b\u9632\u7a7a\u5bfc\u5f39\u7cfb\u7edf\uff0c\u5e76\u4ece2025\u5e74\u5f00\u59cb\u6279\u91cf\u4ea4\u4ed8\u3002", "events": [{"trigger": {"text": "\u4ea4\u4ed8", "offset": 68, "length": 2}, "object": {"text": "", "offset": 0, "length": 0}, "subject": {"text": "", "offset": 0, "length": 0}}], "arguments": {"time": [{"text": "2025\u5e74", "offset": 59, "length": 5}], "loc": [], "country": [{"text": "\u4fc4\u7f57\u65af", "offset": 27, "length": 3}], "weapon": [{"text": "S-500\u8fdc\u7a0b\u9632\u7a7a\u5bfc\u5f39\u7cfb\u7edf", "offset": 43, "length": 13}]}}]