[{"sentence": "\u771f\u80fd\u91cd\u65b0\u5b9a\u4e49\u6218\u4e89\uff1f", "events": [], "arguments": {"time": [], "loc": [], "country": [], "weapon": []}}, {"sentence": "\u7f8e\u519b\u672a\u67653\u5e74\u8981\u7ed97\u8258\u519b\u8230\u88c5\u4e0a\u6fc0\u5149\u6b66\u5668", "events": [{"trigger": {"text": "\u8981\u7ed9", "offset": 6, "length": 2}, "subject": {"text": "\u7f8e\u519b\u672a\u67653\u5e74", "offset": 0, "length": 6}, "object": {"text": "7\u8258\u519b\u8230\u88c5\u4e0a\u6fc0\u5149\u6b66\u5668", "offset": 8, "length": 10}}, {"trigger": {"text": "\u88c5\u4e0a", "offset": 12, "length": 2}, "object": {"text": "", "offset": 0, "length": 0}, "subject": {"text": "", "offset": 0, "length": 0}}], "arguments": {"time": [], "loc": [], "country": [{"text": "\u7f8e", "offset": 0, "length": 1}], "weapon": [{"text": "\u519b\u8230", "offset": 10, "length": 2}]}}, {"sentence": "\u3010\u73af\u7403\u7f51\u62a5\u9053 \u8bb0\u8005 \u5f90\u7490\u660e\u3011", "events": [], "arguments": {"time": [], "loc": [], "country": [], "weapon": []}}, {"sentence": "\u7f8e\u5a92\u79f0\u7f8e\u56fd\u6d77\u519b\u8ba1\u5212\u5728\u672a\u67653\u5e74\u5185\uff0c\u7ed97\u8258\u519b\u8230\u88c5\u4e0a\u65b0\u578b\u7684\u6fc0\u5149\u6b66\u5668\u7cfb\u7edf\u3002", "events": [{"trigger": {"text": "\u88c5\u4e0a", "offset": 21, "length": 2}, "object": {"text": "", "offset": 0, "length": 0}, "subject": {"text": "", "offset": 0, "length": 0}}], "arguments": {"time": [], "loc": [], "country": [{"text": "\u7f8e\u56fd", "offset": 3, "length": 2}], "weapon": [{"text": "\u519b\u8230", "offset": 19, "length": 2}]}}, {"sentence": "\u7f8e\u5a92\u6b64\u524d\u5728\u8bc4\u4ef7\u8fd9\u79cd\u65b0\u578b\u6b66\u5668\u7684\u65f6\u5019\uff0c\u79f0\u5176\u53ef\u4ee5\u201c\u91cd\u65b0\u5b9a\u4e49\u6218\u4e89\u201d\u3002", "events": [], "arguments": {"time": [], "loc": [], "country": [{"text": "\u7f8e", "offset": 0, "length": 1}], "weapon": []}}, {"sentence": "\u636e\u7f8e\u56fdThe Drive\u7f51\u7ad9\u201c\u6218\u533a\u201d\u4e13\u680f7\u67088\u65e5\u62a5\u9053\uff0c\u7f8e\u56fd\u6d77\u519b\u9884\u8ba1\u5c06\u5728\u672a\u67653\u5e74\u5185\u7ed98\u8258\u519b\u8230\u88c5\u4e0a\u6fc0\u5149\u6b66\u5668\u7cfb\u7edf\u3002", "events": [{"trigger": {"text": "\u88c5\u4e0a", "offset": 45, "length": 2}, "object": {"text": "", "offset": 0, "length": 0}, "subject": {"text": "", "offset": 0, "length": 0}}], "arguments": {"time": [{"text": "7\u67088\u65e5", "offset": 20, "length": 4}], "loc": [], "country": [{"text": "\u7f8e\u56fd", "offset": 1, "length": 2}, {"text": "\u7f8e\u56fd", "offset": 27, "length": 2}], "weapon": [{"text": "\u519b\u8230", "offset": 43, "length": 2}]}}, {"sentence": "\u8fd9\u4e9b\u6fc0\u5149\u6b66\u5668\u7cfb\u7edf\u5305\u62ec\u540d\u4e3a\u201c\u5965\u4e01\u201d\uff08ODIN\uff09\u7684\u6fc0\u5149\u5b9a\u5411\u80fd\u6b66\u5668\u7cfb\u7edf\uff0c\u7f8e\u56fd\u6d77\u519b\u7684\u963f\u5229\u4f2f\u514b\u7ea7\u9a71\u9010\u8230\u201c\u675c\u5a01\u201d\u53f7\u53bb\u5e74\u88ab\u66dd\u5df2\u7ecf\u88c5\u5907\u8fd9\u6b3e\u6fc0\u5149\u6b66\u5668\u3002", "events": [], "arguments": {"time": [], "loc": [], "country": [{"text": "\u7f8e\u56fd", "offset": 33, "length": 2}], "weapon": [{"text": "\u201c\u5965\u4e01\u201d\uff08ODIN\uff09\u7684\u6fc0\u5149\u5b9a\u5411\u80fd\u6b66\u5668\u7cfb\u7edf", "offset": 12, "length": 20}, {"text": "\u963f\u5229\u4f2f\u514b\u7ea7\u9a71\u9010\u8230\u201c\u675c\u5a01\u201d\u53f7", "offset": 38, "length": 13}]}}, {"sentence": "\u52a0\u88c5\u4e86\u201c\u5965\u4e01\u201d\u6fc0\u5149\u5b9a\u5411\u80fd\u6b66\u5668\u7cfb\u7edf\u7684\u201c\u675c\u5a01\u201d\u53f7\u9a71\u9010\u8230", "events": [], "arguments": {"time": [], "loc": [], "country": [], "weapon": [{"text": "\u201c\u675c\u5a01\u201d\u53f7\u9a71\u9010\u8230", "offset": 17, "length": 8}]}}, {"sentence": "\u62a5\u9053\u79f0\uff0c\u57282020\u5e747\u67087\u65e5\u7684\u4e00\u6b21\u5728\u7ebf\u7814\u8ba8\u4f1a\u4e2d\uff0c\u7f8e\u56fd\u6d77\u519b\u7814\u7a76\u529e\u516c\u5ba4\u5b9a\u5411\u80fd\u9ad8\u7ea7\u6280\u672f\u4e13\u5bb6\u5f17\u5170\u514b\u00b7\u5f7c\u5f97\u91d1\u900f\u9732\u4e86\u672a\u6765\u5728\u6d77\u519b\u8230\u961f\u90e8\u7f727\u5957\u201c\u5965\u4e01\u201d\u6fc0\u5149\u5b9a\u5411\u80fd\u6b66\u5668\u7cfb\u7edf\u7684\u603b\u4f53\u8ba1\u5212\u3002", "events": [{"trigger": {"text": "\u7814\u7a76", "offset": 28, "length": 2}, "object": {"text": "", "offset": 0, "length": 0}, "subject": {"text": "", "offset": 0, "length": 0}}, {"trigger": {"text": "\u90e8\u7f72", "offset": 59, "length": 2}, "object": {"text": "", "offset": 0, "length": 0}, "subject": {"text": "", "offset": 0, "length": 0}}], "arguments": {"time": [{"text": "2020\u5e747\u67087\u65e5", "offset": 5, "length": 9}], "loc": [], "country": [{"text": "\u7f8e\u56fd", "offset": 24, "length": 2}], "weapon": [{"text": "\u201c\u5965\u4e01\u201d\u6fc0\u5149\u5b9a\u5411\u80fd\u6b66\u5668\u7cfb\u7edf", "offset": 63, "length": 13}]}}, {"sentence": "\u4ed6\u89e3\u91ca\u8bf4\uff1a\u201c\u5728\u8fc7\u53bb\u7684\u51e0\u5e74\u65f6\u95f4\u91cc\uff0c\u6211\u4eec\u4e00\u76f4\u5728\u52aa\u529b\u4e3a\u4f5c\u6218\u90e8\u961f\u6253\u9020\u5177\u6709\u5b9e\u6548\u7684\u5b9a\u5411\u80fd\u7cfb\u7edf\uff0c\u540c\u65f6\u4e5f\u5728\u79ef\u6781\u63a8\u8fdb\u76f8\u5173\u6280\u672f\u3002", "events": [{"trigger": {"text": "\u6253\u9020", "offset": 28, "length": 2}, "object": {"text": "", "offset": 0, "length": 0}, "subject": {"text": "", "offset": 0, "length": 0}}], "arguments": {"time": [], "loc": [], "country": [], "weapon": [{"text": "\u5b9a\u5411\u80fd\u7cfb\u7edf", "offset": 35, "length": 5}]}}, {"sentence": "\u201d\u201c\u4f5c\u6218\u90e8\u961f\u7684\u58eb\u5175\u4eec\u5fc5\u987b\u771f\u5b9e\u5730\u63a5\u89e6\u5230\u8fd9\u4e9b\u6b66\u5668\uff0c\u4f7f\u7528\u5b83\u4eec\uff0c\u770b\u5230\u5b83\u4eec\u662f\u5982\u4f55\u8fd0\u4f5c\u7684\u3002", "events": [], "arguments": {"time": [], "loc": [], "country": [], "weapon": []}}, {"sentence": "\u201d", "events": [], "arguments": {"time": [], "loc": [], "country": [], "weapon": []}}, {"sentence": "\u201c\u5965\u4e01\u201d\uff08ODIN\uff09\u662f\u7f8e\u56fd\u6d77\u519b\u6b63\u5728\u5f00\u53d1\u7684\u6fc0\u5149\u5b9a\u5411\u80fd\u6b66\u5668\u4e4b\u4e00\uff0c\u5b83\u662f\u7f8e\u56fd\u6d77\u519b\u6fc0\u5149\u6b66\u5668\u7cfb\u7edf\u7684\u4e00\u90e8\u5206\uff0c\u7f8e\u519b\u8ba1\u5212\u90e8\u7f72\u591a\u5957\u8fd9\u6837\u7684\u6b66\u5668\u7cfb\u7edf\uff0c\u540c\u65f6\u5e0c\u671b\u5b83\u4eec\u79f0\u4e3a\u672a\u6765\u6218\u6597\u529b\u66f4\u5f3a\u7684\u6fc0\u5149\u6b66\u5668\u7684\u201c\u57fa\u77f3\u201d\u3002", "events": [{"trigger": {"text": "\u90e8\u7f72", "offset": 51, "length": 2}, "object": {"text": "", "offset": 0, "length": 0}, "subject": {"text": "", "offset": 0, "length": 0}}], "arguments": {"time": [], "loc": [], "country": [{"text": "\u7f8e\u56fd", "offset": 32, "length": 2}, {"text": "\u7f8e\u56fd", "offset": 11, "length": 2}], "weapon": [{"text": "\u201c\u5965\u4e01\u201d\uff08ODIN\uff09", "offset": 0, "length": 10}, {"text": "\u6fc0\u5149\u5b9a\u5411\u80fd\u6b66\u5668", "offset": 20, "length": 7}]}}, {"sentence": "\u62a5\u9053\u79f0\uff0c\u201c\u5965\u4e01\u201d\u6fc0\u5149\u7cfb\u7edf\u7684\u529f\u7387\u7b49\u7ea7\u5c1a\u672a\u516c\u5f00\uff0c\u4f46\u5e94\u8be5\u662f\u4e00\u79cd\u529f\u7387\u76f8\u5bf9\u8f83\u4f4e\u7684\u6fc0\u5149\u5668\uff0c\u88ab\u8bbe\u8ba1\u4e3a\u4e00\u79cd\u4f7f\u7528\u5149\u7535\u548c\u7ea2\u5916\u5149\u5b66\u6280\u672f\u8ba9\u5bf9\u624b\u201c\u5931\u660e\u201d\u7684\u6fc0\u5149\u70ab\u76ee\u5668\u3002", "events": [], "arguments": {"time": [], "loc": [], "country": [], "weapon": [{"text": "\u201c\u5965\u4e01\u201d\u6fc0\u5149\u7cfb\u7edf", "offset": 4, "length": 8}]}}, {"sentence": "\u8fd9\u53ef\u4ee5\u7528\u6765\u5e72\u6270\u6765\u88ad\u6b66\u5668\u7684\u5149\u5b66\u6216\u70ed\u6210\u50cf\u7ea2\u5916\u5f15\u5bfc\u5934\uff0c\u5982\u53cd\u8230\u5de1\u822a\u5bfc\u5f39\uff0c\u4f7f\u5176\u504f\u79bb\u822a\u7ebf\u3001\u4e22\u5931\u76ee\u6807\uff0c\u8fd8\u53ef\u4ee5\u7528\u4e8e\u5e72\u6270\u5176\u4ed6\u8230\u8239\u3001\u6709\u4eba\u9a7e\u9a76\u98de\u673a\u548c\u65e0\u4eba\u673a\u4e0a\u7684\u60c5\u62a5\u3001\u76d1\u89c6\u548c\u4fa6\u5bdf\u6444\u50cf\u5934\u8bbe\u5907\u3002", "events": [{"trigger": {"text": "\u4fa6\u5bdf", "offset": 74, "length": 2}, "object": {"text": "", "offset": 0, "length": 0}, "subject": {"text": "", "offset": 0, "length": 0}}], "arguments": {"time": [], "loc": [], "country": [], "weapon": [{"text": "\u53cd\u8230\u5de1\u822a\u5bfc\u5f39", "offset": 25, "length": 6}, {"text": "\u8230\u8239", "offset": 53, "length": 2}, {"text": "\u9a7e\u9a76\u98de\u673a", "offset": 0, "length": 4}, {"text": "\u65e0\u4eba\u673a", "offset": 63, "length": 3}]}}, {"sentence": "\u7f8e\u56fd\u6d77\u519b\u201c\u6ce2\u7279\u5170\u201d\u53f7\u4e24\u6816\u8239\u575e\u8fd0\u8f93\u8230\u8fdb\u884c\u4e86\u8230\u8f7d\u56fa\u6001\u6fc0\u5149\u6b66\u5668\u8bd5\u9a8c", "events": [{"trigger": {"text": "\u8fdb\u884c\u4e86", "offset": 17, "length": 3}, "subject": {"text": "\u7f8e\u56fd\u6d77\u519b\u201c\u6ce2\u7279\u5170\u201d\u53f7\u4e24\u6816\u8239\u575e\u8fd0\u8f93\u8230", "offset": 0, "length": 17}, "object": {"text": "\u8230\u8f7d\u56fa\u6001\u6fc0\u5149\u6b66\u5668\u8bd5\u9a8c", "offset": 20, "length": 10}}, {"trigger": {"text": "\u8bd5\u9a8c", "offset": 28, "length": 2}, "object": {"text": "", "offset": 0, "length": 0}, "subject": {"text": "", "offset": 0, "length": 0}}], "arguments": {"time": [], "loc": [], "country": [{"text": "\u7f8e\u56fd", "offset": 0, "length": 2}], "weapon": [{"text": "\u201c\u6ce2\u7279\u5170\u201d\u53f7\u4e24\u6816\u8239\u575e\u8fd0\u8f93\u8230", "offset": 4, "length": 13}]}}, {"sentence": "\u8fd1\u5e74\u6765\uff0c\u7f8e\u56fd\u6d77\u519b\u5728\u6fc0\u5149\u6b66\u5668\u7684\u7814\u53d1\u4e0a\u53ef\u8c13\u662f\u4e0b\u4e86\u5927\u529b\u6c14\uff0c\u591a\u5957\u6fc0\u5149\u7cfb\u7edf\u88ab\u642c\u5230\u8230\u4e0a\u6d4b\u8bd5\uff0c\u3002", "events": [{"trigger": {"text": "\u6d4b\u8bd5", "offset": 37, "length": 2}, "object": {"text": "", "offset": 0, "length": 0}, "subject": {"text": "", "offset": 0, "length": 0}}], "arguments": {"time": [], "loc": [], "country": [{"text": "\u7f8e\u56fd", "offset": 4, "length": 2}], "weapon": [{"text": "\u6fc0\u5149\u6b66\u5668", "offset": 9, "length": 4}]}}, {"sentence": "\u4eca\u5e745\u6708\u4e2d\u65ec\uff0c\u7f8e\u56fd\u6d77\u519b\u201c\u6ce2\u7279\u5170\u201d\u53f7\u4e24\u6816\u8239\u575e\u8fd0\u8f93\u8230\u8fdb\u884c\u4e86\u8230\u8f7d\u56fa\u6001\u6fc0\u5149\u6b66\u5668\u8bd5\u9a8c\uff0c\u6210\u529f\u51fb\u6bc1\u4e00\u67b6\u65e0\u4eba\u673a\u3002", "events": [{"trigger": {"text": "\u8bd5\u9a8c", "offset": 35, "length": 2}, "object": {"text": "", "offset": 0, "length": 0}, "subject": {"text": "", "offset": 0, "length": 0}}, {"trigger": {"text": "\u51fb\u6bc1", "offset": 40, "length": 2}, "object": {"text": "", "offset": 0, "length": 0}, "subject": {"text": "", "offset": 0, "length": 0}}], "arguments": {"time": [{"text": "\u4eca\u5e745\u6708\u4e2d\u65ec", "offset": 0, "length": 6}], "loc": [], "country": [{"text": "\u7f8e\u56fd", "offset": 7, "length": 2}], "weapon": [{"text": "\u201c\u6ce2\u7279\u5170\u201d\u53f7\u4e24\u6816\u8239\u575e\u8fd0\u8f93\u8230", "offset": 11, "length": 13}, {"text": "\u65e0\u4eba\u673a", "offset": 44, "length": 3}]}}, {"sentence": "\u7f8e\u56fd\u6d77\u519b\u63d0\u4f9b\u7684\u56fe\u50cf\u4e0e\u89c6\u9891\u663e\u793a\uff0c\u4ece\u201c\u6ce2\u7279\u5170\u201d\u53f7\u7532\u677f\u4e0a\u53d1\u5c04\u4e86\u4e00\u9053\u6fc0\u5149\uff0c\u53e6\u5916\u4e00\u6bb5\u77ed\u89c6\u9891\u5219\u663e\u793a\u4e86\u591c\u8272\u4e2d\u88ab\u6fc0\u5149\u51fb\u4e2d\u540e\u71c3\u70e7\u7684\u65e0\u4eba\u673a\u3002", "events": [{"trigger": {"text": "\u51fb\u4e2d", "offset": 50, "length": 2}, "object": {"text": "", "offset": 0, "length": 0}, "subject": {"text": "", "offset": 0, "length": 0}}], "arguments": {"time": [], "loc": [], "country": [{"text": "\u7f8e\u56fd", "offset": 0, "length": 2}], "weapon": [{"text": "\u201c\u6ce2\u7279\u5170\u201d\u53f7", "offset": 16, "length": 6}, {"text": "\u65e0\u4eba\u673a", "offset": 56, "length": 3}]}}, {"sentence": "\u7f8e\u56fd\u6d77\u519b\u6ca1\u6709\u516c\u5f00\u8fd9\u6b21\u6fc0\u5149\u6b66\u5668\u8bd5\u9a8c\u7684\u5177\u4f53\u4f4d\u7f6e\uff0c\u53ea\u662f\u900f\u9732\u8fd9\u662f\u7f8e\u56fd\u6d77\u519b\u56fa\u6001\u6fc0\u5149\u6b66\u5668\u7684\u7b2c\u4e8c\u9636\u6bb5\u6d4b\u8bd5\uff0c\u6240\u4f7f\u7528\u7684\u6fc0\u5149\u6b66\u5668\u662f\u7f8e\u56fd\u6d77\u519b\u7814\u7a76\u529e\u516c\u5ba4\u548c\u8bfa\u00b7\u683c\u516c\u53f8\u5171\u540c\u7814\u5236\u7684LWSD MK2 MOD 0\u6837\u673a\uff0c\u529f\u7387\u8fbe150\u5343\u74e6\u3002", "events": [{"trigger": {"text": "\u7814\u7a76", "offset": 59, "length": 2}, "object": {"text": "", "offset": 0, "length": 0}, "subject": {"text": "", "offset": 0, "length": 0}}, {"trigger": {"text": "\u7814\u5236", "offset": 72, "length": 2}, "object": {"text": "", "offset": 0, "length": 0}, "subject": {"text": "", "offset": 0, "length": 0}}], "arguments": {"time": [], "loc": [], "country": [{"text": "\u7f8e\u56fd", "offset": 0, "length": 2}, {"text": "\u7f8e\u56fd", "offset": 28, "length": 2}, {"text": "\u7f8e\u56fd", "offset": 55, "length": 2}], "weapon": [{"text": "LWSD MK2 MOD 0\u6837\u673a", "offset": 75, "length": 16}]}}, {"sentence": "\u201c\u6218\u533a\u201d\u4e5f\u66fe\u57286\u6708\u521d\u62a5\u9053\u79f0\uff0c\u201c\u798f\u7279\u201d\u53f7\u5728\u5176\u8230\u5c3e\u65b0\u589e\u4e86\u5927\u578b\u7bb1\u5f62\u201c\u4e24\u7ffc\u201d\u7ed3\u6784\uff0c\u5176\u9876\u90e8\u62e5\u6709\u8f83\u5927\u7684\u8868\u9762\u79ef\uff0c\u53ef\u7528\u4e8e\u5b89\u88c5\u672a\u6765\u7684\u9632\u5fa1\u6027\u6b66\u5668\uff0c\u4e0d\u6392\u9664\u672a\u6765\u52a0\u88c5\u6fc0\u5149\u6b66\u5668\u7684\u53ef\u80fd\u3002", "events": [{"trigger": {"text": "\u5b89\u88c5", "offset": 52, "length": 2}, "object": {"text": "", "offset": 0, "length": 0}, "subject": {"text": "", "offset": 0, "length": 0}}], "arguments": {"time": [{"text": "6\u6708\u521d", "offset": 7, "length": 3}], "loc": [], "country": [], "weapon": [{"text": "\u201c\u798f\u7279\u201d\u53f7", "offset": 14, "length": 5}]}}, {"sentence": "\u9664\u4e86\u8ba9\u6fc0\u5149\u6b66\u5668\u4e0a\u8230\u4e4b\u5916\uff0c\u7f8e\u56fd\u8fd8\u5728\u7814\u7a76\u5728\u6218\u6597\u673a\u4e0a\u5b89\u88c5\u6fc0\u5149\u6b66\u5668\u3002", "events": [{"trigger": {"text": "\u7814\u7a76", "offset": 16, "length": 2}, "object": {"text": "", "offset": 0, "length": 0}, "subject": {"text": "", "offset": 0, "length": 0}}, {"trigger": {"text": "\u5b89\u88c5", "offset": 23, "length": 2}, "object": {"text": "", "offset": 0, "length": 0}, "subject": {"text": "", "offset": 0, "length": 0}}], "arguments": {"time": [], "loc": [], "country": [{"text": "\u7f8e\u56fd", "offset": 12, "length": 2}], "weapon": [{"text": "\u6218\u6597\u673a", "offset": 19, "length": 3}]}}, {"sentence": "\u4f46\u636e\u300a\u9632\u52a1\u65b0\u95fb\u300b\u7f51\u7ad97\u67081\u65e5\u62a5\u9053\uff0c\u7531\u4e8e\u6280\u672f\u6311\u6218\u4ee5\u53ca\u65b0\u51a0\u75ab\u60c5\u7684\u5f71\u54cd\uff0c\u7f8e\u7a7a\u519b\u7531\u6218\u6597\u673a\u642d\u8f7d\u7684\u6fc0\u5149\u6b66\u5668\u6d4b\u8bd5\u88ab\u63a8\u8fdf\u81f32023\u5e74\u3002", "events": [{"trigger": {"text": "\u642d\u8f7d", "offset": 40, "length": 2}, "object": {"text": "", "offset": 0, "length": 0}, "subject": {"text": "", "offset": 0, "length": 0}}, {"trigger": {"text": "\u6d4b\u8bd5", "offset": 47, "length": 2}, "object": {"text": "", "offset": 0, "length": 0}, "subject": {"text": "", "offset": 0, "length": 0}}], "arguments": {"time": [{"text": "7\u67081\u65e5", "offset": 10, "length": 4}, {"text": "2023\u5e74", "offset": 53, "length": 5}], "loc": [], "country": [{"text": "\u7f8e", "offset": 33, "length": 1}], "weapon": [{"text": "\u6218\u6597\u673a", "offset": 37, "length": 3}]}}]