[{"sentence": "\u65e5\u672c\u8981\u7ed9F-15J\u6218\u673a\u52a0\u88c5\u5c04\u7a0b900\u516c\u91cc\u5bfc\u5f39\u00a0\u60f3\u201c\u780d\u4ef7\u201d\u5374\u906d\u7f8e\u56fd\u62d2\u7edd", "events": [], "arguments": {"time": [], "loc": [], "country": [{"text": "\u65e5\u672c", "offset": 0, "length": 2}, {"text": "\u7f8e\u56fd", "offset": 30, "length": 2}], "weapon": [{"text": "F-15J\u6218\u673a", "offset": 4, "length": 7}, {"text": "\u5c04\u7a0b900\u516c\u91cc\u5bfc\u5f39", "offset": 13, "length": 9}]}}, {"sentence": "\u3010\u73af\u7403\u7f51\u519b\u4e8b\u62a5\u9053\u3011", "events": [], "arguments": {"time": [], "loc": [], "country": [], "weapon": []}}, {"sentence": "\u636e\u5171\u540c\u793e12\u67086\u65e5\u62a5\u9053\uff0c\u591a\u540d\u65e5\u672c\u653f\u5e9c\u76f8\u5173\u4eba\u58eb\u5f53\u5929\u900f\u9732\uff0c\u56f4\u7ed5\u822a\u7a7a\u81ea\u536b\u961fF-15\u6218\u6597\u673a\u4e3a\u642d\u8f7d\u8fdc\u7a0b\u5de1\u822a\u5bfc\u5f39\u8fdb\u884c\u7684\u673a\u4f53\u6539\u88c5\uff0c\u65e5\u672c\u653f\u5e9c\u8981\u6c42\u53c2\u4e0e\u9879\u76ee\u7684\u7f8e\u56fd\u653f\u5e9c\u51cf\u5c11\u76f8\u5173\u7ecf\u8d39\u3002", "events": [{"trigger": {"text": "\u6539\u88c5", "offset": 55, "length": 2}, "object": {"text": "", "offset": 0, "length": 0}, "subject": {"text": "", "offset": 0, "length": 0}}], "arguments": {"time": [{"text": "12\u67086\u65e5", "offset": 4, "length": 5}], "loc": [], "country": [{"text": "\u65e5\u672c", "offset": 14, "length": 2}, {"text": "\u65e5\u672c", "offset": 58, "length": 2}, {"text": "\u7f8e\u56fd", "offset": 69, "length": 2}], "weapon": [{"text": "F-15\u6218\u6597\u673a", "offset": 34, "length": 7}, {"text": "\u8fdc\u7a0b\u5de1\u822a\u5bfc\u5f39", "offset": 44, "length": 6}]}}, {"sentence": "\u65e5\u672c\u822a\u7a7a\u81ea\u536b\u961f\u88c5\u5907\u7684F-15J\u6218\u6597\u673a", "events": [], "arguments": {"time": [], "loc": [], "country": [{"text": "\u65e5\u672c", "offset": 0, "length": 2}], "weapon": [{"text": "F-15J\u6218\u6597\u673a", "offset": 10, "length": 8}]}}, {"sentence": "\u62a5\u9053\u79f0\uff0c\u8fd9\u662f\u56e0\u4e3a\u6539\u88c5\u7684\u521d\u671f\u8d39\u7528\u5927\u5927\u8d85\u8fc7\u4f30\u4ef7\u91d1\u989d\u800c\u91c7\u53d6\u7684\u63aa\u65bd\u3002", "events": [], "arguments": {"time": [], "loc": [], "country": [], "weapon": []}}, {"sentence": "\u7f8e\u65b9\u4f3c\u4e4e\u4ee5\u521d\u671f\u8d39\u7528\u589e\u52a0\u7684\u539f\u56e0\u662f\u96f6\u90e8\u4ef6\u7f3a\u4e4f\u3001\u5c5e\u4e8e\u9884\u6599\u4e4b\u5916\u4e3a\u7531\uff0c\u6ca1\u6709\u540c\u610f\u65e5\u672c\u7684\u8981\u6c42\u3002", "events": [], "arguments": {"time": [], "loc": [], "country": [{"text": "\u7f8e\u65b9", "offset": 0, "length": 2}, {"text": "\u65e5\u672c", "offset": 34, "length": 2}], "weapon": []}}, {"sentence": "\u4ee52027\u5e74\u5ea6\u4e3a\u76ee\u6807\u768420\u67b6\u6539\u88c5\u5b8c\u6bd5\u7684\u65f6\u95f4\u6216\u5c06\u5927\u5e45\u5ef6\u8fdf\u3002", "events": [{"trigger": {"text": "\u6539\u88c5", "offset": 14, "length": 2}, "object": {"text": "", "offset": 0, "length": 0}, "subject": {"text": "", "offset": 0, "length": 0}}], "arguments": {"time": [{"text": "2027\u5e74\u5ea6", "offset": 1, "length": 6}], "loc": [], "country": [], "weapon": []}}, {"sentence": "\u65e5\u672c\u81ea\u536b\u961fF-15\u6218\u673a\u5c06\u642d\u8f7d\u7684\u5de1\u822a\u5bfc\u5f39\u7684\u5c04\u7a0b\u7ea6\u4e3a900\u516c\u91cc\uff0c\u8fd9\u5c06\u4e3a\u8fd9\u6b3e\u88ab\u5b9a\u4f4d\u4e3a\u5357\u897f\u8bf8\u5c9b\u9632\u536b\u6838\u5fc3\u7684\u6218\u673a\u7684\u6539\u88c5\u8fce\u6765\u4e86\u91cd\u8981\u5c40\u9762\u3002", "events": [{"trigger": {"text": "\u6539\u88c5", "offset": 51, "length": 2}, "object": {"text": "", "offset": 0, "length": 0}, "subject": {"text": "", "offset": 0, "length": 0}}], "arguments": {"time": [], "loc": [{"text": "\u5357\u897f\u8bf8\u5c9b", "offset": 39, "length": 4}], "country": [{"text": "\u65e5\u672c", "offset": 0, "length": 2}], "weapon": [{"text": "F-15\u6218\u673a", "offset": 5, "length": 6}, {"text": "\u5de1\u822a\u5bfc\u5f39", "offset": 15, "length": 4}]}}, {"sentence": "\u4f5c\u4e3a\u521d\u671f\u8d39\u7528\u7684\u7ecf\u8d39\uff0c\u65e5\u672c\u653f\u5e9c\u5217\u5165\u4ece2019\u5e74\u5ea6\u8d77\u4e24\u5e74802\u4ebf\u65e5\u5143\uff08\u7ea6\u5408\u4eba\u6c11\u5e0150\u4ebf\u5143\uff09\u7684\u9884\u7b97\u3002", "events": [], "arguments": {"time": [{"text": "2019\u5e74\u5ea6", "offset": 17, "length": 6}], "loc": [], "country": [{"text": "\u65e5\u672c", "offset": 10, "length": 2}], "weapon": []}}, {"sentence": "\u5c3d\u7ba1\u5982\u6b64\u4ecd\u7136\u4e0d\u591f\uff0c\u57282021\u5e74\u5ea6\u9884\u7b97\u6848\u7684\u7533\u8bf7\u4e2d\u8ffd\u52a0\u4e86213\u4ebf\u65e5\u5143\u3002", "events": [], "arguments": {"time": [{"text": "2021\u5e74", "offset": 10, "length": 5}], "loc": [], "country": [], "weapon": []}}, {"sentence": "\u636e\u76f8\u5173\u4eba\u58eb\u79f0\uff0c\u65e5\u672c\u9632\u536b\u7701\u5e72\u90e89\u6708\u4ee5\u6765\u4e0e\u7f8e\u56fd\u56fd\u9632\u90e8\u76f8\u5173\u4eba\u58eb\u4e3e\u884c\u89c6\u9891\u7535\u8bdd\u4f1a\u8bae\uff0c\u4f20\u8fbe\u4e86\u5bf9\u521d\u671f\u8d39\u7528\u589e\u5927\u7684\u62c5\u5fe7\uff0c\u8981\u6c42\u964d\u4f4e\u8d39\u7528\u3002", "events": [], "arguments": {"time": [], "loc": [{"text": "\u65e5\u672c\u9632\u536b\u7701", "offset": 7, "length": 5}], "country": [{"text": "\u65e5\u672c", "offset": 7, "length": 2}, {"text": "\u7f8e\u56fd", "offset": 19, "length": 2}], "weapon": []}}, {"sentence": "\u65e5\u672c\u65b9\u9762\u5f3a\u8c03\uff0c\u5982\u679c\u521d\u671f\u8d39\u7528\u6301\u7eed\u589e\u52a0\u3001\u7ecf\u8d39\u603b\u989d\u65e0\u6cd5\u9884\u8ba1\u7684\u72b6\u51b5\u5f97\u4e0d\u5230\u6539\u5584\uff0c\u5c31\u4e0d\u5f97\u4e0d\u653e\u5f03\u57282021\u5e74\u5ea6\u9884\u7b97\u6848\u4e2d\u5217\u5165\u76f8\u5173\u7ecf\u8d39\u3002", "events": [], "arguments": {"time": [{"text": "2021\u5e74", "offset": 42, "length": 5}], "loc": [], "country": [{"text": "\u65e5\u672c", "offset": 0, "length": 2}], "weapon": []}}, {"sentence": "F-15\u662f\u7f8e\u56fd\u5f00\u53d1\u7684\u6218\u6597\u673a\uff0c\u65e5\u672c\u6240\u88c5\u5907\u7684F-15J\u7684\u6539\u88c5\u5de5\u4f5c\u7531\u4e09\u83f1\u91cd\u5de5\u4e1a\u63a5\u53d7\u7f8e\u56fd\u6ce2\u97f3\u516c\u53f8\u7684\u5408\u4f5c\u5b9e\u65bd\u3002", "events": [{"trigger": {"text": "\u6539\u88c5", "offset": 26, "length": 2}, "object": {"text": "", "offset": 0, "length": 0}, "subject": {"text": "", "offset": 0, "length": 0}}], "arguments": {"time": [], "loc": [], "country": [{"text": "\u7f8e\u56fd", "offset": 5, "length": 2}, {"text": "\u65e5\u672c", "offset": 14, "length": 2}, {"text": "\u7f8e\u56fd", "offset": 38, "length": 2}], "weapon": [{"text": "F-15J", "offset": 20, "length": 5}]}}, {"sentence": "\u521d\u671f\u8d39\u7528\u4e2d\u7ea67\u6210\u7531\u7f8e\u56fd\u653f\u5e9c\u4ee5\u201c\u5bf9\u5916\u6709\u507f\u519b\u4e8b\u63f4\u52a9\u201d\u65b9\u5f0f\u63d0\u4f9b\u3002", "events": [], "arguments": {"time": [], "loc": [], "country": [{"text": "\u7f8e\u56fd", "offset": 9, "length": 2}], "weapon": []}}, {"sentence": "\u9488\u5bf9\u8fd9\u9879\u201c\u5bf9\u5916\u6709\u507f\u519b\u4e8b\u63f4\u52a9\u201d\uff0c\u65e5\u672c\u56fd\u5185\u6709\u6279\u8bc4\u79f0\u7f8e\u65b9\u7684\u201c\u8981\u4ef7\u201d\u6210\u4e3a\u4e86\u4f30\u4ef7\u91d1\u989d\u3002", "events": [], "arguments": {"time": [], "loc": [], "country": [{"text": "\u65e5\u672c", "offset": 15, "length": 2}, {"text": "\u7f8e\u65b9", "offset": 23, "length": 2}], "weapon": []}}]