[{"sentence": "\u5a92\u4f53\uff1a\u7f8e\u519b\u4fa6\u5bdf\u673a\u903c\u8fd1\u5e7f\u4e1c\u6d77\u5cb8111\u516c\u91cc\u5904\uff01", "events": [{"trigger": {"text": "\u903c\u8fd1", "offset": 8, "length": 2}, "subject": {"text": "\u7f8e\u519b\u4fa6\u5bdf\u673a", "offset": 3, "length": 5}, "object": {"text": "\u5e7f\u4e1c\u6d77\u5cb8111\u516c\u91cc\u5904", "offset": 10, "length": 10}}], "arguments": {"time": [], "loc": [{"text": "\u5e7f\u4e1c\u6d77\u5cb8", "offset": 10, "length": 4}], "country": [{"text": "\u7f8e", "offset": 3, "length": 1}], "weapon": [{"text": "\u7f8e\u519b\u4fa6\u5bdf\u673a", "offset": 3, "length": 5}]}}, {"sentence": "\u3010\u73af\u7403\u7f51\u62a5\u9053 \u8bb0\u8005 \u5f90\u7490\u660e\u3011", "events": [], "arguments": {"time": [], "loc": [], "country": [], "weapon": []}}, {"sentence": "\u7f8e\u519b\u4e00\u67b6\u7535\u5b50\u4fa6\u5bdf\u673a\u88ab\u66dd7\u67086\u65e5\u73b0\u8eab\u5357\u6d77\uff0c\u671f\u95f4\u8fd8\u4e00\u5ea6\u98de\u81f3\u8ddd\u79bb\u5e7f\u4e1c\u6d77\u5cb8\u53ea\u6709\u7ea6111\u516c\u91cc\u7684\u4f4d\u7f6e\u3002", "events": [{"trigger": {"text": "\u98de\u81f3", "offset": 25, "length": 2}, "object": {"text": "", "offset": 0, "length": 0}, "subject": {"text": "", "offset": 0, "length": 0}}], "arguments": {"time": [{"text": "7\u67086\u65e5", "offset": 11, "length": 4}], "loc": [{"text": "\u5357\u6d77", "offset": 17, "length": 2}, {"text": "\u5e7f\u4e1c\u6d77\u5cb8", "offset": 29, "length": 4}], "country": [{"text": "\u7f8e", "offset": 0, "length": 1}], "weapon": [{"text": "\u7535\u5b50\u4fa6\u5bdf\u673a", "offset": 4, "length": 5}]}}, {"sentence": "\u636e\u5c9b\u5185\u7eff\u5a927\u67087\u65e5\u62a5\u9053\uff0c\u7f8e\u56fd\u519b\u673a\u8fd1\u671f\u9891\u7e41\u73b0\u8eab\u53f0\u6e7e\u9644\u8fd1\uff0c7\u67086\u65e5\u66f4\u662f\u4f20\u51fa\u7f8e\u56fd\u7a7a\u519b\u7684RC-135\u4fa6\u5bdf\u673a\u5bf9\u4e2d\u56fd\u5b9e\u65bd\u62b5\u8fd1\u4fa6\u5bdf\uff0c\u8ddd\u79bb\u5e7f\u4e1c\u6d77\u5cb8\u4ec5\u670960\u6d77\u91cc\uff08\u7ea6111\u516c\u91cc\uff09\u3002", "events": [{"trigger": {"text": "\u9891\u7e41\u73b0\u8eab", "offset": 18, "length": 4}, "object": {"text": "", "offset": 0, "length": 0}, "subject": {"text": "", "offset": 0, "length": 0}}, {"trigger": {"text": "\u62b5\u8fd1\u4fa6\u5bdf", "offset": 54, "length": 4}, "object": {"text": "", "offset": 0, "length": 0}, "subject": {"text": "", "offset": 0, "length": 0}}], "arguments": {"time": [{"text": "7\u67087\u65e5", "offset": 5, "length": 4}, {"text": "7\u67086\u65e5", "offset": 27, "length": 4}], "loc": [{"text": "\u53f0\u6e7e", "offset": 22, "length": 2}, {"text": "\u5e7f\u4e1c\u6d77\u5cb8", "offset": 61, "length": 4}], "country": [{"text": "\u7f8e\u56fd", "offset": 12, "length": 2}, {"text": "\u53f0\u6e7e", "offset": 22, "length": 2}, {"text": "\u7f8e\u56fd", "offset": 35, "length": 2}, {"text": "\u4e2d\u56fd", "offset": 50, "length": 2}], "weapon": [{"text": "RC-135\u4fa6\u5bdf\u673a", "offset": 40, "length": 9}]}}, {"sentence": "\u62a5\u9053\u63f4\u5f15\u5317\u4eac\u5927\u5b66\u6d77\u6d0b\u7814\u7a76\u9662\u8bbe\u7acb\u7684\u5e73\u53f0\u201c\u5357\u6d77\u6218\u7565\u6001\u52bf\u611f\u77e5\u8ba1\u5212\u201d7\u67086\u65e5\u53d1\u5e03\u7684\u6d88\u606f\u79f0\uff0c\u7f8e\u56fd\u4e00\u67b6RC-135\u4fa6\u5bdf\u673a\u9014\u5f84\u5df4\u58eb\u6d77\u5ce1\u8fdb\u5165\u5357\u6d77\uff0c\u98de\u81f3\u8ddd\u79bb\u5e7f\u4e1c60\u6d77\u91cc\u7684\u4f4d\u7f6e\u8fdb\u884c\u4fa6\u5bdf\u3002", "events": [{"trigger": {"text": "\u98de\u81f3", "offset": 65, "length": 2}, "object": {"text": "", "offset": 0, "length": 0}, "subject": {"text": "", "offset": 0, "length": 0}}, {"trigger": {"text": "\u4fa6\u5bdf", "offset": 80, "length": 2}, "object": {"text": "", "offset": 0, "length": 0}, "subject": {"text": "", "offset": 0, "length": 0}}], "arguments": {"time": [{"text": "7\u67086\u65e5", "offset": 30, "length": 4}], "loc": [{"text": "\u5df4\u58eb\u6d77\u5ce1", "offset": 56, "length": 4}, {"text": "\u5357\u6d77", "offset": 19, "length": 2}, {"text": "\u5357\u6d77", "offset": 62, "length": 2}, {"text": "\u5e7f\u4e1c", "offset": 69, "length": 2}], "country": [{"text": "\u7f8e\u56fd", "offset": 41, "length": 2}], "weapon": [{"text": "RC-135\u4fa6\u5bdf\u673a", "offset": 45, "length": 9}]}}, {"sentence": "\u53f0\u5a92\u79f0\uff0cRC-135\u4fa6\u5bdf\u673a\u64c5\u957f\u5728\u76ee\u6807\u5730\u533a\u6cbf\u6d77\u8fdb\u884c\u4fa6\u5bdf\uff0c\u8be5\u673a\u6709\u591a\u79cd\u578b\u53f7\uff0c\u914d\u5907\u6709\u5927\u91cf\u7684\u7535\u5b50\u5929\u7ebf\u4ee5\u53ca\u7535\u5b50\u4fa6\u5bdf\u8bbe\u5907\uff0c\u80fd\u591f\u76d1\u542c\u5e7f\u6cdb\u9891\u6bb5\u7684\u65e0\u7ebf\u7535\u4fe1\u53f7\u4ee5\u53ca\u7535\u78c1\u4fe1\u53f7\uff0c\u53ef\u4ee5\u7528\u4e8e\u4fa6\u5bdf\u96f7\u8fbe\u4fe1\u53f7\u3001\u7535\u5b50\u60c5\u62a5\u3001\u5bfc\u5f39\u53d1\u5c04\u60c5\u62a5\u7b49\u3002", "events": [{"trigger": {"text": "\u4fa6\u5bdf", "offset": 49, "length": 2}, "object": {"text": "", "offset": 0, "length": 0}, "subject": {"text": "", "offset": 0, "length": 0}}, {"trigger": {"text": "\u4fa6\u5bdf", "offset": 79, "length": 2}, "object": {"text": "", "offset": 0, "length": 0}, "subject": {"text": "", "offset": 0, "length": 0}}, {"trigger": {"text": "\u53d1\u5c04", "offset": 93, "length": 2}, "object": {"text": "", "offset": 0, "length": 0}, "subject": {"text": "", "offset": 0, "length": 0}}], "arguments": {"time": [], "loc": [], "country": [], "weapon": [{"text": "RC-135\u4fa6\u5bdf\u673a", "offset": 4, "length": 9}]}}, {"sentence": "\u8fd1\u671f\u7f8e\u519b\u8230\u673a\u5728\u5357\u6d77\u9891\u7e41\u5f00\u5c55\u6d3b\u52a8\u3002", "events": [{"trigger": {"text": "\u9891\u7e41\u5f00\u5c55", "offset": 9, "length": 4}, "subject": {"text": "\u8fd1\u671f\u7f8e\u519b\u8230\u673a\u5728\u5357\u6d77", "offset": 0, "length": 9}, "object": {"text": "\u6d3b\u52a8", "offset": 13, "length": 2}}], "arguments": {"time": [], "loc": [{"text": "\u5357\u6d77", "offset": 7, "length": 2}], "country": [{"text": "\u7f8e", "offset": 2, "length": 1}], "weapon": [{"text": "\u8230\u673a", "offset": 4, "length": 2}]}}, {"sentence": "\u7f8e\u56fd\u519b\u65b94\u65e5\u53d1\u8868\u58f0\u660e\u79f0\uff0c\u7f8e\u56fd\u201c\u5c3c\u7c73\u5179\u201d\u53f7\u822a\u6bcd\u6218\u6597\u7fa4\u548c\u201c\u91cc\u6839\u201d\u53f7\u822a\u6bcd\u6218\u6597\u7fa4\u5f53\u5929\u5728\u5357\u6d77\u5730\u533a\u4e3e\u884c\u6f14\u4e60\u3002", "events": [{"trigger": {"text": "\u6f14\u4e60", "offset": 45, "length": 2}, "object": {"text": "", "offset": 0, "length": 0}, "subject": {"text": "", "offset": 0, "length": 0}}], "arguments": {"time": [{"text": "4\u65e5", "offset": 4, "length": 2}], "loc": [{"text": "\u5357\u6d77\u5730\u533a", "offset": 39, "length": 4}], "country": [{"text": "\u7f8e\u56fd", "offset": 0, "length": 2}, {"text": "\u7f8e\u56fd", "offset": 12, "length": 2}], "weapon": [{"text": "\u201c\u5c3c\u7c73\u5179\u201d\u53f7\u822a\u6bcd", "offset": 14, "length": 8}, {"text": "\u201c\u91cc\u6839\u201d\u53f7\u822a\u6bcd", "offset": 26, "length": 7}, {"text": "\u201c\u91cc\u6839\u201d\u53f7\u822a\u6bcd\u6218\u6597\u7fa4", "offset": 26, "length": 10}]}}, {"sentence": "\u7f8e\u56fd\u7b2c\u4e03\u8230\u961f\u8868\u793a\uff1a\u201c\u4e24\u4e2a\u822a\u6bcd\u6253\u51fb\u7fa4\u5728\u5357\u6d77\u5730\u533a\u4e3e\u884c\u8054\u5408\u6f14\u7ec3\uff0c\u4ee4\u4f5c\u6218\u6307\u6325\u5b98\u6709\u673a\u4f1a\u4f53\u9a8c\u53ea\u6709\u7f8e\u56fd\u6d77\u519b\u624d\u80fd\u9a7e\u9a6d\u7684\u9ad8\u5ea6\u4f5c\u6218\u7075\u6d3b\u6027\u548c\u4f5c\u6218\u80fd\u529b\u201d\u3002", "events": [{"trigger": {"text": "\u8054\u5408\u6f14\u7ec3", "offset": 24, "length": 4}, "object": {"text": "", "offset": 0, "length": 0}, "subject": {"text": "", "offset": 0, "length": 0}}], "arguments": {"time": [], "loc": [{"text": "\u5357\u6d77\u5730\u533a", "offset": 18, "length": 4}], "country": [{"text": "\u7f8e\u56fd", "offset": 0, "length": 2}, {"text": "\u7f8e\u56fd", "offset": 42, "length": 2}], "weapon": []}}, {"sentence": "\u5bf9\u4e8e\u7f8e\u56fd\u5728\u5357\u6d77\u8fdb\u884c\u201c\u53cc\u822a\u6bcd\u201d\u6f14\u4e60\uff0c\u4e2d\u56fd\u5916\u4ea4\u90e8\u53d1\u8a00\u4eba\u8d75\u7acb\u575a\u56de\u5e94\u8bf4\uff0c\u5f53\u524d\u5728\u4e2d\u56fd\u548c\u4e1c\u76df\u56fd\u5bb6\u7684\u5171\u540c\u52aa\u529b\u4e0b\uff0c\u5357\u6d77\u5c40\u52bf\u4fdd\u6301\u603b\u4f53\u7a33\u5b9a\u3001\u5411\u597d\u53d1\u5c55\u3002", "events": [{"trigger": {"text": "\u6f14\u4e60", "offset": 14, "length": 2}, "object": {"text": "", "offset": 0, "length": 0}, "subject": {"text": "", "offset": 0, "length": 0}}], "arguments": {"time": [], "loc": [{"text": "\u5357\u6d77", "offset": 5, "length": 2}, {"text": "\u5357\u6d77", "offset": 49, "length": 2}], "country": [{"text": "\u4e2d\u56fd", "offset": 35, "length": 2}, {"text": "\u7f8e\u56fd", "offset": 2, "length": 2}, {"text": "\u4e2d\u56fd", "offset": 17, "length": 2}], "weapon": []}}, {"sentence": "\u5728\u6b64\u5f62\u52bf\u4e0b\uff0c\u7f8e\u56fd\u84c4\u610f\u6d3e\u91cd\u5175\u5728\u5357\u6d77\u6709\u5173\u6d77\u57df\u8fdb\u884c\u5927\u89c4\u6a21\u519b\u6f14\uff0c\u70ab\u8000\u6b66\u529b\uff0c\u5b8c\u5168\u662f\u522b\u6709\u7528\u5fc3\u3002", "events": [{"trigger": {"text": "\u519b\u6f14", "offset": 25, "length": 2}, "object": {"text": "", "offset": 0, "length": 0}, "subject": {"text": "", "offset": 0, "length": 0}}], "arguments": {"time": [], "loc": [{"text": "\u5357\u6d77", "offset": 14, "length": 2}], "country": [{"text": "\u7f8e\u56fd", "offset": 6, "length": 2}], "weapon": []}}, {"sentence": "\u7f8e\u65b9\u7684\u884c\u5f84\u4e00\u518d\u6311\u62e8\u79bb\u95f4\u5730\u533a\u56fd\u5bb6\u95f4\u5173\u7cfb\uff0c\u63a8\u52a8\u5357\u6d77\u519b\u4e8b\u5316\uff0c\u7834\u574f\u5357\u6d77\u5730\u533a\u548c\u5e73\u4e0e\u7a33\u5b9a\u3002", "events": [], "arguments": {"time": [], "loc": [{"text": "\u5357\u6d77", "offset": 21, "length": 2}, {"text": "\u5357\u6d77\u5730\u533a", "offset": 29, "length": 4}], "country": [{"text": "\u7f8e\u65b9", "offset": 0, "length": 2}], "weapon": []}}, {"sentence": "\u56fd\u9645\u793e\u4f1a\u7279\u522b\u662f\u672c\u5730\u533a\u56fd\u5bb6\uff0c\u5bf9\u6b64\u770b\u5f97\u6e05\u6e05\u695a\u695a\u3002", "events": [], "arguments": {"time": [], "loc": [], "country": [], "weapon": []}}, {"sentence": "\u9488\u5bf9\u7f8e\u56fd\u8230\u673a\u8fd1\u671f\u5728\u53f0\u6e7e\u9644\u8fd1\u7684\u6d3b\u52a8\uff0c\u5927\u9646\u56fd\u9632\u90e8\u65b0\u95fb\u53d1\u8a00\u4eba\u5434\u8c26\u5927\u6821\u57286\u6708\u56fd\u9632\u90e8\u4f8b\u884c\u8bb0\u8005\u4f1a\u4e0a\u56de\u5e94\u79f0\uff0c\u53f0\u6e7e\u662f\u4e2d\u56fd\u4e0d\u53ef\u5206\u5272\u7684\u4e00\u90e8\u5206\u3002", "events": [], "arguments": {"time": [{"text": "6\u6708", "offset": 32, "length": 2}], "loc": [], "country": [{"text": "\u7f8e\u56fd", "offset": 2, "length": 2}, {"text": "\u53f0\u6e7e", "offset": 9, "length": 2}, {"text": "\u53f0\u6e7e", "offset": 47, "length": 2}, {"text": "\u4e2d\u56fd", "offset": 50, "length": 2}], "weapon": []}}, {"sentence": "\u53f0\u6e7e\u4e8b\u52a1\u7eaf\u5c5e\u4e2d\u56fd\u5185\u653f\uff0c\u4e0d\u5bb9\u4efb\u4f55\u5916\u6765\u5e72\u6d89\u3002", "events": [], "arguments": {"time": [], "loc": [], "country": [{"text": "\u53f0\u6e7e", "offset": 0, "length": 2}, {"text": "\u4e2d\u56fd", "offset": 6, "length": 2}], "weapon": []}}, {"sentence": "\u7f8e\u65b9\u9891\u7e41\u6253\u53f0\u6e7e\u724c\uff0c\u60f3\u901a\u8fc7\u201c\u5207\u9999\u80a0\u201d\u7684\u65b9\u5f0f\u6765\u5371\u5bb3\u4e2d\u56fd\u7684\u4e3b\u6743\u548c\u9886\u571f\u5b8c\u6574\uff0c\u8fd9\u5b8c\u5168\u662f\u75f4\u5fc3\u5984\u60f3\u3002", "events": [], "arguments": {"time": [], "loc": [], "country": [{"text": "\u7f8e\u65b9", "offset": 0, "length": 2}, {"text": "\u53f0\u6e7e", "offset": 5, "length": 2}, {"text": "\u4e2d\u56fd", "offset": 23, "length": 2}], "weapon": []}}, {"sentence": "\u89e3\u653e\u519b\u59cb\u7ec8\u4fdd\u6301\u9ad8\u5ea6\u6212\u5907\uff0c\u6709\u575a\u5b9a\u7684\u610f\u5fd7\u3001\u5145\u5206\u7684\u4fe1\u5fc3\u548c\u8db3\u591f\u7684\u80fd\u529b\u7ef4\u62a4\u56fd\u5bb6\u4e3b\u6743\u548c\u9886\u571f\u5b8c\u6574\uff0c\u7ef4\u62a4\u53f0\u6d77\u5730\u533a\u548c\u5e73\u7a33\u5b9a\u3002", "events": [], "arguments": {"time": [], "loc": [{"text": "\u53f0\u6d77\u5730\u533a", "offset": 44, "length": 4}], "country": [], "weapon": []}}, {"sentence": "\u5bf9\u4e8e\u7f8e\u519b\u8230\u673a\u7684\u62b5\u8fd1\u4fa6\u5bdf\u884c\u4e3a\uff0c\u5434\u8c26\u5927\u6821\u4e5f\u56de\u5e94\u8bf4\uff0c\u5f53\u524d\uff0c\u5728\u5730\u533a\u56fd\u5bb6\u7684\u5171\u540c\u52aa\u529b\u4e0b\uff0c\u4e1c\u6d77\u3001\u5357\u6d77\u7684\u5c40\u52bf\u603b\u4f53\u662f\u7a33\u5b9a\u7684\u3002", "events": [{"trigger": {"text": "\u62b5\u8fd1\u4fa6\u5bdf", "offset": 7, "length": 4}, "object": {"text": "", "offset": 0, "length": 0}, "subject": {"text": "", "offset": 0, "length": 0}}], "arguments": {"time": [], "loc": [{"text": "\u4e1c\u6d77", "offset": 38, "length": 2}, {"text": "\u5357\u6d77", "offset": 41, "length": 2}], "country": [{"text": "\u7f8e", "offset": 2, "length": 1}], "weapon": [{"text": "\u8230\u673a", "offset": 4, "length": 2}]}}, {"sentence": "\u8fd9\u5145\u5206\u8bf4\u660e\u57df\u5185\u56fd\u5bb6\u6709\u667a\u6167\u3001\u6709\u80fd\u529b\u3001\u6709\u529e\u6cd5\u901a\u8fc7\u76f4\u63a5\u8c08\u5224\u534f\u5546\uff0c\u59a5\u5904\u5206\u6b67\uff0c\u5171\u62a4\u548c\u5e73\u3002", "events": [], "arguments": {"time": [], "loc": [], "country": [], "weapon": []}}, {"sentence": "\u53cd\u89c2\u4f5c\u4e3a\u57df\u5916\u56fd\u5bb6\u7684\u7f8e\u56fd\uff0c\u6253\u7740\u6240\u8c13\u201c\u822a\u884c\u81ea\u7531\u201d\u7684\u5e4c\u5b50\uff0c\u6d3e\u519b\u7528\u8230\u673a\u6765\u4e1c\u6d77\u3001\u5357\u6d77\u6311\u8845\uff0c\u5bf9\u4e2d\u65b9\u5b9e\u65bd\u9ad8\u9891\u5ea6\u62b5\u8fd1\u4fa6\u5bdf\uff0c\u4e3e\u884c\u9488\u5bf9\u6027\u6781\u5f3a\u7684\u519b\u4e8b\u6f14\u4e60\uff0c\u4e25\u91cd\u5371\u5bb3\u5730\u533a\u56fd\u5bb6\u7684\u4e3b\u6743\u4e0e\u5b89\u5168\u5229\u76ca\uff0c\u4e25\u91cd\u7834\u574f\u672c\u5730\u533a\u7684\u548c\u5e73\u7a33\u5b9a\u3002", "events": [{"trigger": {"text": "\u62b5\u8fd1\u4fa6\u5bdf", "offset": 48, "length": 4}, "object": {"text": "", "offset": 0, "length": 0}, "subject": {"text": "", "offset": 0, "length": 0}}, {"trigger": {"text": "\u519b\u4e8b\u6f14\u4e60", "offset": 61, "length": 4}, "object": {"text": "", "offset": 0, "length": 0}, "subject": {"text": "", "offset": 0, "length": 0}}], "arguments": {"time": [], "loc": [{"text": "\u4e1c\u6d77", "offset": 32, "length": 2}, {"text": "\u5357\u6d77", "offset": 35, "length": 2}], "country": [{"text": "\u7f8e\u56fd", "offset": 9, "length": 2}, {"text": "\u4e2d\u65b9", "offset": 41, "length": 2}], "weapon": []}}]