[{"sentence": "\u4fc4\u6d77\u519b\u603b\u53f8\u4ee4\uff1a\u4fc4\u6d77\u519b\u4eca\u5e74\u5c06\u5217\u88c540\u8258\u5404\u578b\u8230\u8239", "events": [{"trigger": {"text": "\u5217\u88c5", "offset": 13, "length": 2}, "subject": {"text": "\u4fc4\u6d77\u519b\u4eca\u5e74\u5c06", "offset": 7, "length": 6}, "object": {"text": "40\u8258\u5404\u578b\u8230\u8239", "offset": 15, "length": 7}}], "arguments": {"time": [], "loc": [], "country": [{"text": "\u4fc4", "offset": 7, "length": 1}, {"text": "\u4fc4", "offset": 0, "length": 1}], "weapon": [{"text": "\u8230\u8239", "offset": 20, "length": 2}]}}, {"sentence": "\u3010\u73af\u7403\u7f51\u519b\u4e8b\u62a5\u9053\u3011", "events": [], "arguments": {"time": [], "loc": [], "country": [], "weapon": []}}, {"sentence": "\u4fc4\u7f57\u65af\u536b\u661f\u901a\u8baf\u793e7\u67086\u65e5\u62a5\u9053\uff0c\u4fc4\u7f57\u65af\u6d77\u519b\u603b\u53f8\u4ee4\u5c3c\u53e4\u62c9\u00b7\u53f6\u592b\u6885\u8bfa\u592b\u6d77\u519b\u4e0a\u5c06\u5f53\u5929\u8868\u793a\uff0c\u7ea640\u8258\u5404\u578b\u8230\u8239\u5c06\u57282020\u5e74\u5165\u7f16\u4fc4\u6d77\u519b\u3002", "events": [{"trigger": {"text": "\u5165\u7f16", "offset": 56, "length": 2}, "object": {"text": "", "offset": 0, "length": 0}, "subject": {"text": "", "offset": 0, "length": 0}}], "arguments": {"time": [{"text": "7\u67086\u65e5", "offset": 8, "length": 4}, {"text": "2020\u5e74", "offset": 51, "length": 5}], "loc": [], "country": [{"text": "\u4fc4\u7f57\u65af", "offset": 0, "length": 3}, {"text": "\u4fc4\u7f57\u65af", "offset": 15, "length": 3}], "weapon": [{"text": "\u8230\u8239", "offset": 47, "length": 2}]}}, {"sentence": "\u53f6\u592b\u6885\u8bfa\u592b\u5728\u63a5\u53d7\u300a\u7ea2\u661f\u62a5\u300b\u91c7\u8bbf\u65f6\u8868\u793a\uff1a\u201c2020\u5e74\u6d77\u519b\u603b\u5171\u5c06\u5165\u7f16\u7ea640\u8258\u5404\u578b\u8230\u8239\u3002", "events": [{"trigger": {"text": "\u5165\u7f16", "offset": 30, "length": 2}, "object": {"text": "", "offset": 0, "length": 0}, "subject": {"text": "", "offset": 0, "length": 0}}], "arguments": {"time": [{"text": "2020\u5e74", "offset": 20, "length": 5}], "loc": [], "country": [], "weapon": [{"text": "\u8230\u8239", "offset": 38, "length": 2}]}}, {"sentence": "\u8fd9\u663e\u793a\u4e86\u6211\u56fd\u6b63\u6709\u6548\u5730\u843d\u5b9e\u519b\u7528\u9020\u8239\u8ba1\u5212\u3002", "events": [], "arguments": {"time": [], "loc": [], "country": [], "weapon": []}}, {"sentence": "\u201d\u4ed6\u8865\u5145\u8bf4\uff0c\u65b0\u8230\u8239\u5458\u5c06\u5728\u6d77\u519b\u7edf\u4e00\u8bad\u7ec3\u4e2d\u5fc3\u6309\u7167\u9488\u5bf9\u65b0\u6280\u672f\u88c5\u5907\u548c\u6b66\u5668\u7684\u4f7f\u7528\u800c\u5236\u5b9a\u7684\u5927\u7eb2\u8fdb\u884c\u57f9\u8bad\u3002", "events": [{"trigger": {"text": "\u8bad\u7ec3", "offset": 16, "length": 2}, "object": {"text": "", "offset": 0, "length": 0}, "subject": {"text": "", "offset": 0, "length": 0}}], "arguments": {"time": [], "loc": [], "country": [], "weapon": []}}, {"sentence": "\u53f6\u592b\u6885\u8bfa\u592b\u8868\u793a\uff1a\u201c\u51ac\u8bad\u671f\u65b0\u578b\u8fdc\u6d0b\u8230\u2018\u52e4\u594b\u2019\u53f7\u8f7b\u578b\u62a4\u536b\u8230\u548c\u2018\u6208\u6d1b\u592b\u79d1\u6d77\u519b\u4e0a\u5c06\u2019\u53f7\u62a4\u536b\u8230\u5df2\u7ecf\u4e0b\u6c34\u3002", "events": [{"trigger": {"text": "\u4e0b\u6c34", "offset": 44, "length": 2}, "object": {"text": "", "offset": 0, "length": 0}, "subject": {"text": "", "offset": 0, "length": 0}}], "arguments": {"time": [], "loc": [], "country": [], "weapon": [{"text": "\u65b0\u578b\u8fdc\u6d0b\u8230\u2018\u52e4\u594b\u2019\u53f7\u8f7b\u578b\u62a4\u536b\u8230", "offset": 12, "length": 15}, {"text": "\u2018\u6208\u6d1b\u592b\u79d1\u6d77\u519b\u4e0a\u5c06\u2019\u53f7\u62a4\u536b\u8230", "offset": 28, "length": 14}, {"text": "\u2018\u52e4\u594b\u2019\u53f7\u8f7b\u578b\u62a4\u536b\u8230", "offset": 17, "length": 10}]}}, {"sentence": "\u201d\u4ed6\u8868\u793a\uff0c\u7528\u4e8e\u592a\u5e73\u6d0b\u8230\u961f\u7684\u201c\u5217\u592b\u00b7\u5207\u5c14\u7eb3\u6e29\u201d\u53f7\u6c34\u96f7\u9632\u5fa1\u8230\u5c06\u5728\u4fc4\u7f57\u65af\u6d77\u519b\u8282\u524d\u5915\u4e8e\u5723\u5f7c\u5f97\u5821\u4e2d\u6d85\u74e6\u9020\u8239\u5382\u516c\u53f8\u5f00\u5de5\u3002", "events": [], "arguments": {"time": [], "loc": [{"text": "\u5723\u5f7c\u5f97\u5821\u4e2d\u6d85\u74e6\u9020\u8239\u5382\u516c\u53f8", "offset": 39, "length": 12}, {"text": "\u592a\u5e73\u6d0b", "offset": 7, "length": 3}], "country": [{"text": "\u4fc4\u7f57\u65af", "offset": 30, "length": 3}], "weapon": [{"text": "\u201c\u5217\u592b\u00b7\u5207\u5c14\u7eb3\u6e29\u201d\u53f7\u6c34\u96f7\u9632\u5fa1\u8230", "offset": 13, "length": 15}]}}, {"sentence": "\u4ed6\u5f3a\u8c03\u79f0\uff0c\u4fc4\u7f57\u65af\u6d77\u519b\u5404\u8230\u961f\u7684\u5e03\u96f7\u626b\u96f7\u5175\u529b\u5c06\u88c5\u5907\u8be5\u578b\u8230\u3002", "events": [{"trigger": {"text": "\u88c5\u5907", "offset": 21, "length": 2}, "subject": {"text": "\u4fc4\u7f57\u65af\u6d77\u519b\u5404\u8230\u961f\u7684\u5e03\u96f7\u626b\u96f7\u5175\u529b", "offset": 5, "length": 15}, "object": {"text": "\u8be5\u578b\u8230", "offset": 23, "length": 3}}], "arguments": {"time": [], "loc": [], "country": [{"text": "\u4fc4\u7f57\u65af", "offset": 5, "length": 3}], "weapon": []}}]