[{"sentence": "\u8054\u7f51\u6253\u6e38\u620f\uff1f", "events": [], "arguments": {"time": [], "loc": [], "country": [], "weapon": []}}, {"sentence": "\u7f8e\u519bF-35\u5b9e\u73b0\u4e0e\u5176\u5b83\u673a\u578b\u5171\u540c\u6a21\u62df\u8bad\u7ec3", "events": [{"trigger": {"text": "\u5b9e\u73b0", "offset": 6, "length": 2}, "subject": {"text": "\u7f8e\u519bF-35", "offset": 0, "length": 6}, "object": {"text": "\u4e0e\u5176\u5b83\u673a\u578b\u5171\u540c\u6a21\u62df\u8bad\u7ec3", "offset": 8, "length": 11}}], "arguments": {"time": [], "loc": [], "country": [{"text": "\u7f8e", "offset": 0, "length": 1}], "weapon": [{"text": "F-35", "offset": 2, "length": 4}]}}, {"sentence": "\u3010\u73af\u7403\u7f51\u62a5\u9053 \u89c1\u4e60\u8bb0\u8005 \u9a6c\u5ca9\u3011", "events": [], "arguments": {"time": [], "loc": [], "country": [], "weapon": []}}, {"sentence": "\u636e\u300a\u9632\u52a1\u65b0\u95fb\u300b\u7f51\u7ad97\u67082\u65e5\u62a5\u9053\uff0c\u6d1b\u514b\u5e0c\u5fb7\u00b7\u9a6c\u4e01\u516c\u53f8\u8fd1\u65e5\u5ba3\u5e03\uff0cF-35\u6218\u6597\u673a\u7684\u6a21\u62df\u5668\u5df2\u7ecf\u4e0e\u591a\u6b3e\u5176\u5b83\u673a\u578b\u7684\u6a21\u62df\u5668\u5b9e\u73b0\u4e92\u8054\u4e92\u901a\uff0cF-35\u7684\u98de\u884c\u5458\u53ef\u4ee5\u4e0eF-15\u3001F-16\u7b49\u5176\u5b83\u673a\u578b\u4e00\u540c\u8fdb\u884c\u6a21\u62df\u8bad\u7ec3\u548c\u5bf9\u6297\u3002", "events": [{"trigger": {"text": "\u5bf9\u6297", "offset": 95, "length": 2}, "object": {"text": "", "offset": 0, "length": 0}, "subject": {"text": "", "offset": 0, "length": 0}}], "arguments": {"time": [{"text": "7\u67082\u65e5", "offset": 9, "length": 4}], "loc": [], "country": [], "weapon": [{"text": "F-35\u6218\u6597\u673a", "offset": 30, "length": 7}, {"text": "F-15", "offset": 72, "length": 4}, {"text": "F-16", "offset": 77, "length": 4}]}}, {"sentence": "\u62a5\u9053\u79f0\uff0c\u901a\u8fc76\u670818\u65e5\u7684\u6700\u7ec8\u6d4b\u8bd5\u540e\uff0c\u7f8e\u56fd\u7a7a\u519b\u4f5c\u6218\u53f8\u4ee4\u90e8\u6700\u7ec8\u4e8e6\u670822\u65e5\u8ba4\u53ef\u4e86\u6d1b\u514b\u5e0c\u5fb7\u00b7\u9a6c\u4e01\u516c\u53f8\u7684\u201c\u5206\u6563\u5f0f\u4efb\u52a1\u8bad\u7ec3\u7cfb\u7edf\u201d\uff08DMT\uff09\u3002", "events": [{"trigger": {"text": "\u6d4b\u8bd5", "offset": 14, "length": 2}, "object": {"text": "", "offset": 0, "length": 0}, "subject": {"text": "", "offset": 0, "length": 0}}], "arguments": {"time": [{"text": "6\u670818\u65e5", "offset": 6, "length": 5}, {"text": "6\u670822\u65e5", "offset": 30, "length": 5}], "loc": [], "country": [{"text": "\u7f8e\u56fd", "offset": 18, "length": 2}], "weapon": [{"text": "\u201c\u5206\u6563\u5f0f\u4efb\u52a1\u8bad\u7ec3\u7cfb\u7edf\u201d\uff08DMT\uff09", "offset": 48, "length": 16}]}}, {"sentence": "\u5728\u8fd9\u6b21\u6d4b\u8bd5\u4e2d\uff0c4\u4e2a\u4f4d\u4e8e\u5185\u534e\u8fbe\u5dde\u5185\u5229\u65af\u7a7a\u519b\u57fa\u5730\u7684F-35\u6a21\u62df\u5668\u540c\u5176\u5b83\u51e0\u4e2a\u57fa\u5730\u7684F-22\u3001F-16\u3001E-3\u7684\u6a21\u62df\u5668\u8fdb\u884c\u4e86\u8054\u5408\u6a21\u62df\u8bad\u7ec3\u3002", "events": [{"trigger": {"text": "\u6d4b\u8bd5", "offset": 3, "length": 2}, "object": {"text": "", "offset": 0, "length": 0}, "subject": {"text": "", "offset": 0, "length": 0}}], "arguments": {"time": [], "loc": [{"text": "\u5185\u534e\u8fbe\u5dde\u5185\u5229\u65af\u7a7a\u519b\u57fa\u5730", "offset": 11, "length": 11}], "country": [], "weapon": [{"text": "F-35", "offset": 23, "length": 4}, {"text": "F-22", "offset": 38, "length": 4}, {"text": "F-16", "offset": 43, "length": 4}, {"text": "E-3", "offset": 48, "length": 3}]}}, {"sentence": "\u5728\u6b64\u4e4b\u524d\uff0c\u4e00\u4e2aF-35\u7684\u6a21\u62df\u5668\u4ec5\u53ef\u4ee5\u548c\u540c\u4e00\u57fa\u5730\u5185\u7684\u5176\u5b83F-35\u6a21\u62df\u5668\u8fdb\u884c\u8054\u7f51\u8bad\u7ec3\uff0c\u4f46\u73b0\u5728\u53ef\u4ee5\u8ddf\u5f88\u591a\u4e0d\u540c\u7c7b\u578b\u98de\u673a\u7684\u6a21\u62df\u5668\u8054\u7f51\u8bad\u7ec3\u3002", "events": [{"trigger": {"text": "\u8bad\u7ec3", "offset": 61, "length": 2}, "object": {"text": "", "offset": 0, "length": 0}, "subject": {"text": "", "offset": 0, "length": 0}}], "arguments": {"time": [], "loc": [], "country": [], "weapon": [{"text": "F-35", "offset": 27, "length": 4}]}}, {"sentence": "\u62a5\u9053\u8bf4\uff0c\u4e0b\u4e00\u6b65\u6d1b\u514b\u5e0c\u5fb7\u00b7\u9a6c\u4e01\u516c\u53f8\u5c06\u5728\u4eca\u5e74\u79cb\u5b63\u628aDMT\u7cfb\u7edf\u8fde\u63a5\u5230\u4e00\u5ea7\u6d77\u519b\u822a\u7a7a\u7ad9\uff0c\u660e\u5e74\u6625\u5b63\u8fde\u63a5\u5230\u4e00\u5ea7\u6d77\u519b\u9646\u6218\u961f\u822a\u7a7a\u7ad9\u3002", "events": [], "arguments": {"time": [], "loc": [], "country": [], "weapon": [{"text": "DMT\u7cfb\u7edf", "offset": 23, "length": 5}]}}]