[{"sentence": "\u91cd\u56de\u90e8\u7f72\u540e\u201c\u7f57\u65af\u798f\u201d\u53f7\u822a\u6bcd\u53c8\u67091\u540d\u8230\u5458\u6b7b\u4ea1\uff0c\u6b7b\u56e0\u6210\u8c1c", "events": [{"trigger": {"text": "\u90e8\u7f72", "offset": 2, "length": 2}, "object": {"text": "", "offset": 0, "length": 0}, "subject": {"text": "", "offset": 0, "length": 0}}], "arguments": {"time": [], "loc": [], "country": [], "weapon": [{"text": "\u201c\u7f57\u65af\u798f\u201d\u53f7\u822a\u6bcd", "offset": 5, "length": 8}]}}, {"sentence": "\u3010\u73af\u7403\u7f51\u62a5\u9053 \u8bb0\u8005 \u5f90\u7490\u660e\u3011", "events": [], "arguments": {"time": [], "loc": [], "country": [], "weapon": []}}, {"sentence": "\u6b64\u524d\u66b4\u53d1\u65b0\u51a0\u80ba\u708e\u75ab\u60c5\u7684\u201c\u7f57\u65af\u798f\u201d\u53f7\u822a\u6bcd\u5df2\u7ecf\u91cd\u56de\u90e8\u7f72\uff0c\u4f467\u67083\u65e5\u8be5\u822a\u6bcd\u4e00\u540d\u8230\u5458\u88ab\u66dd\u6b7b\u4ea1\uff0c\u4f46\u5c1a\u4e0d\u6e05\u695a\u662f\u5426\u4e0e\u65b0\u51a0\u80ba\u708e\u6709\u5173\u3002", "events": [{"trigger": {"text": "\u90e8\u7f72", "offset": 23, "length": 2}, "object": {"text": "", "offset": 0, "length": 0}, "subject": {"text": "", "offset": 0, "length": 0}}], "arguments": {"time": [{"text": "7\u67083\u65e5", "offset": 27, "length": 4}], "loc": [], "country": [], "weapon": [{"text": "\u201c\u7f57\u65af\u798f\u201d\u53f7\u822a\u6bcd", "offset": 11, "length": 8}]}}, {"sentence": "\u636e\u7f8e\u56fd\u6d77\u519b\u7814\u7a76\u5b66\u4f1a\uff08USNI\uff09\u7f51\u7ad97\u67083\u65e5\u62a5\u9053\uff0c\u7f8e\u56fd\u6d77\u519b\u5f53\u5929\u5ba3\u5e03\uff0c\u4e00\u540d\u88ab\u5206\u914d\u5230\u201c\u7f57\u65af\u798f\u201d\u53f7\u822a\u6bcdVFA-146\u201c\u84dd\u8272\u94bb\u77f3\u201d\u6218\u6597\u673a\u98de\u884c\u4e2d\u961f\u7684\u8230\u5458\u4e8e7\u67083\u65e5\u6b7b\u4ea1\u3002", "events": [{"trigger": {"text": "\u98de\u884c", "offset": 63, "length": 2}, "object": {"text": "", "offset": 0, "length": 0}, "subject": {"text": "", "offset": 0, "length": 0}}], "arguments": {"time": [{"text": "7\u67083\u65e5", "offset": 17, "length": 4}, {"text": "7\u67083\u65e5", "offset": 71, "length": 4}], "loc": [], "country": [{"text": "\u7f8e\u56fd", "offset": 1, "length": 2}, {"text": "\u7f8e\u56fd", "offset": 24, "length": 2}], "weapon": [{"text": "\u201c\u7f57\u65af\u798f\u201d\u53f7\u822a\u6bcdVFA-146\u201c\u84dd\u8272\u94bb\u77f3\u201d\u6218\u6597\u673a", "offset": 39, "length": 24}]}}, {"sentence": "\u62a5\u9053\u79f0\uff0c\u76ee\u524d\u5c1a\u4e0d\u6e05\u695a\u8be5\u4e8b\u4ef6\u662f\u5426\u4e0e\u65b0\u51a0\u80ba\u708e\u75ab\u60c5\u6709\u5173\u3002", "events": [], "arguments": {"time": [], "loc": [], "country": [], "weapon": []}}, {"sentence": "\u7f8e\u56fd\u6d77\u519b\u5728\u65b0\u95fb\u53d1\u5e03\u4f1a\u4e0a\u8bf4\uff1a\u201c\u5f53\u65f6\u8fd9\u540d\u8230\u5458\u5728\u8230\u4e0a\u63a5\u53d7\u4e86\u6cbb\u7597\uff0c\u7136\u540e\u7531\u4e00\u67b6\u76f4\u5347\u673a\u5c06\u5176\u8f6c\u79fb\u5230\u5cb8\u4e0a\u7684\u519b\u4e8b\u533b\u7597\u8bbe\u65bd\u6cbb\u7597\uff0c\u5f53\u5730\u65f6\u95f4\u51cc\u66685\u70b9\uff0c\u8fd9\u540d\u8230\u5458\u88ab\u5ba3\u5e03\u6b7b\u4ea1\u3002", "events": [], "arguments": {"time": [], "loc": [], "country": [{"text": "\u7f8e\u56fd", "offset": 0, "length": 2}], "weapon": [{"text": "\u76f4\u5347\u673a", "offset": 34, "length": 3}]}}, {"sentence": "\u201d", "events": [], "arguments": {"time": [], "loc": [], "country": [], "weapon": []}}, {"sentence": "\u62a5\u9053\u79f0\uff0c\u76ee\u524d\u201c\u7f57\u65af\u798f\u201d\u53f7\u822a\u6bcd\u6b63\u5728\u8fd4\u56de\u5723\u8fed\u6208\u6bcd\u6e2f\u7684\u9014\u4e2d\uff0c\u4e8b\u6545\u7684\u53d1\u751f\u5730\u70b9\u4f3c\u4e4e\u662f\u5728\u590f\u5a01\u5937\u9644\u8fd1\u3002", "events": [{"trigger": {"text": "\u8fd4\u56de", "offset": 16, "length": 2}, "object": {"text": "", "offset": 0, "length": 0}, "subject": {"text": "", "offset": 0, "length": 0}}], "arguments": {"time": [], "loc": [{"text": "\u5723\u8fed\u6208\u6bcd\u6e2f", "offset": 18, "length": 5}, {"text": "\u590f\u5a01\u5937", "offset": 38, "length": 3}], "country": [], "weapon": [{"text": "\u201c\u7f57\u65af\u798f\u201d\u53f7\u822a\u6bcd", "offset": 6, "length": 8}]}}, {"sentence": "\u7f8e\u56fd\u6d77\u519b\u8fd8\u5728\u65b0\u95fb\u7a3f\u4e2d\u79f0\uff1a\u201c\u8fd9\u540d\u8230\u5458\u548c\u2018\u7f57\u65af\u798f\u2019\u53f7\u4e0a\u6240\u6709\u5176\u4ed6\u8230\u5458\u4e00\u6837\uff0c\u6b64\u524d\u66fe\u591a\u6b21\u63a5\u53d7\u65b0\u51a0\u75c5\u6bd2\u68c0\u6d4b\uff0c\u5728\u822a\u6bcd\u7684\u6574\u4e2a\u90e8\u7f72\u8fc7\u7a0b\u4e2d\uff0c\u4ed6\u7684\u68c0\u6d4b\u7ed3\u679c\u5747\u4e3a\u9634\u6027\u3002", "events": [{"trigger": {"text": "\u90e8\u7f72", "offset": 54, "length": 2}, "object": {"text": "", "offset": 0, "length": 0}, "subject": {"text": "", "offset": 0, "length": 0}}], "arguments": {"time": [], "loc": [], "country": [{"text": "\u7f8e\u56fd", "offset": 0, "length": 2}], "weapon": [{"text": "\u2018\u7f57\u65af\u798f\u2019\u53f7", "offset": 18, "length": 6}]}}, {"sentence": "\u201d", "events": [], "arguments": {"time": [], "loc": [], "country": [], "weapon": []}}, {"sentence": "\u8fd9\u540d\u8230\u5458\u7684\u8eab\u4efd\u76ee\u524d\u5c1a\u672a\u516c\u5f00\uff0c\u4f46\u4ed6\u7684\u5bb6\u4eba\u5df2\u7ecf\u5f97\u5230\u4e86\u901a\u77e5\u3002", "events": [], "arguments": {"time": [], "loc": [], "country": [], "weapon": []}}, {"sentence": "\u201c\u7f57\u65af\u798f\u201d\u53f7\u4e0a\u76ee\u524d\u6b63\u6709\u4e00\u652f\u533b\u5b66\u5fc3\u7406\u56e2\u961f\u5bf9\u8230\u5458\u8fdb\u884c\u5fc3\u7406\u758f\u5bfc\u3002", "events": [], "arguments": {"time": [], "loc": [], "country": [], "weapon": [{"text": "\u201c\u7f57\u65af\u798f\u201d\u53f7", "offset": 0, "length": 6}]}}, {"sentence": "\u636e\u6089\uff0c\u201c\u7f57\u65af\u798f\u201d\u53f7\u822a\u6bcd\u7d2f\u8ba1\u5df2\u67091200\u591a\u4eba\u65b0\u51a0\u75c5\u6bd2\u68c0\u6d4b\u9633\u6027\uff0c\u8fd9\u6b21\u8230\u5458\u6b7b\u4ea1\u4e8b\u4ef6\u8fd9\u662f\u81ea\u8be5\u822a\u6bcd\u66b4\u53d1\u65b0\u51a0\u80ba\u708e\u75ab\u60c5\u4ee5\u6765\uff0c\u51fa\u73b0\u7684\u7b2c\u4e8c\u8d77\u8230\u5458\u6b7b\u4ea1\u4e8b\u4ef6\u3002", "events": [], "arguments": {"time": [], "loc": [], "country": [], "weapon": [{"text": "\u201c\u7f57\u65af\u798f\u201d\u53f7\u822a\u6bcd", "offset": 3, "length": 8}]}}, {"sentence": "4\u6708\u4e2d\u65ec\uff0c\u8be5\u822a\u6bcd\u4e0a\u540d\u4e3a\u5c0f\u67e5\u5c14\u65af\u00b7\u7f57\u4f2f\u7279\u00b7\u585e\u514b\u768441\u5c81\u58eb\u5b98\u957f\u56e0\u65b0\u51a0\u80ba\u708e\u5728\u5173\u5c9b\u6d77\u519b\u533b\u9662\u53bb\u4e16\uff0c\u51e0\u5929\u524d\u4ed6\u5728\u53c2\u52a0\u4f53\u9a8c\u65f6\u88ab\u53d1\u73b0\u6709\u4e9b\u53cd\u5e94\u8fdf\u949d\uff0c\u968f\u540e\u88ab\u9001\u8fdb\u4e86\u91cd\u75c7\u76d1\u62a4\u5ba4\u3002", "events": [], "arguments": {"time": [{"text": "4\u6708\u4e2d\u65ec", "offset": 0, "length": 4}], "loc": [{"text": "\u5173\u5c9b\u6d77\u519b\u533b\u9662", "offset": 35, "length": 6}], "country": [], "weapon": []}}, {"sentence": "\u5728\u5173\u5c9b\u201c\u8db4\u7a9d\u201d\u4e86\u8fd1\u4e24\u4e2a\u6708\u540e\uff0c\u201c\u7f57\u65af\u798f\u201d\u53f7\u822a\u6bcd\u57285\u6708\u4e0b\u65ec\u518d\u6b21\u51fa\u6d77\u8bad\u7ec3\uff0c\u968f\u540e\u5f00\u59cb\u7ee7\u7eed\u6267\u884c\u5370\u5ea6-\u592a\u5e73\u6d0b\u5730\u533a\u90e8\u7f72\u4efb\u52a1\u3002", "events": [{"trigger": {"text": "\u51fa\u6d77\u8bad\u7ec3", "offset": 29, "length": 4}, "object": {"text": "", "offset": 0, "length": 0}, "subject": {"text": "", "offset": 0, "length": 0}}, {"trigger": {"text": "\u90e8\u7f72", "offset": 50, "length": 2}, "object": {"text": "", "offset": 0, "length": 0}, "subject": {"text": "", "offset": 0, "length": 0}}], "arguments": {"time": [{"text": "5\u6708\u4e0b\u65ec", "offset": 23, "length": 4}], "loc": [{"text": "\u5173\u5c9b", "offset": 1, "length": 2}, {"text": "\u5370\u5ea6-\u592a\u5e73\u6d0b\u5730\u533a", "offset": 42, "length": 8}], "country": [], "weapon": [{"text": "\u201c\u7f57\u65af\u798f\u201d\u53f7\u822a\u6bcd", "offset": 14, "length": 8}]}}, {"sentence": "6\u670821\u65e5\uff0c\u201c\u7f57\u65af\u798f\u201d\u53f7\u822a\u6bcd\u8fd8\u4e0e\u201c\u5c3c\u7c73\u5179\u201d\u53f7\u822a\u6bcd\u5728\u83f2\u5f8b\u5bbe\u6d77\u5f00\u5c55\u53cc\u822a\u6bcd\u6218\u6597\u7fa4\u4f5c\u6218\u6f14\u7ec3\u3002", "events": [{"trigger": {"text": "\u6f14\u7ec3", "offset": 39, "length": 2}, "object": {"text": "", "offset": 0, "length": 0}, "subject": {"text": "", "offset": 0, "length": 0}}], "arguments": {"time": [{"text": "6\u670821\u65e5", "offset": 0, "length": 5}], "loc": [{"text": "\u83f2\u5f8b\u5bbe\u6d77", "offset": 25, "length": 4}], "country": [], "weapon": [{"text": "\u201c\u7f57\u65af\u798f\u201d\u53f7\u822a\u6bcd", "offset": 6, "length": 8}, {"text": "\u201c\u5c3c\u7c73\u5179\u201d\u53f7\u822a\u6bcd", "offset": 16, "length": 8}]}}, {"sentence": "\u81f3\u4e8e\u201c\u7f57\u65af\u798f\u201d\u53f7\u67d3\u4e0a\u75c5\u6bd2\u7684\u539f\u56e0\uff0c\u7f8e\u56fd\u6d77\u519b\u6700\u521d\u8ba4\u4e3a\u822a\u6bcd\u53ef\u80fd\u662f3\u6708\u5728\u8d8a\u5357\u6e2f\u53e3\u505c\u9760\u671f\u95f4\u88ab\u4f20\u67d3\u7684\uff0c\u4f46\u968f\u540e\u8ba4\u5b9a\u662f\u6765\u81ea\u5176\u4ed6\u8230\u8247\u7684\u8230\u8f7d\u673a\u6267\u884c\u7269\u8d44\u8865\u7ed9\u65f6\u5c06\u75c5\u6bd2\u4e00\u5e76\u5e26\u5165\u5e76\u9020\u6210\u75ab\u60c5\u5927\u66b4\u53d1\uff0c\u56e0\u4e3a\u7387\u5148\u53d1\u75c5\u7684\u4e0d\u662f\u66fe\u79bb\u8230\u524d\u5f80\u6e2f\u53e3\u6e38\u73a9\u7684\u8230\u5458\uff0c\u800c\u662f\u8230\u8f7d\u673a\u90e8\u961f\u7684\u4e24\u540d\u58eb\u5175\u3002", "events": [{"trigger": {"text": "\u524d\u5f80", "offset": 96, "length": 2}, "object": {"text": "", "offset": 0, "length": 0}, "subject": {"text": "", "offset": 0, "length": 0}}], "arguments": {"time": [{"text": "3\u6708", "offset": 29, "length": 2}], "loc": [{"text": "\u8d8a\u5357\u6e2f\u53e3", "offset": 32, "length": 4}], "country": [{"text": "\u7f8e\u56fd", "offset": 16, "length": 2}], "weapon": [{"text": "\u201c\u7f57\u65af\u798f\u201d\u53f7", "offset": 2, "length": 6}]}}, {"sentence": "\u4f46\u7ecf\u8fc7\u957f\u8fbe\u6570\u6708\u7684\u8c03\u67e5\uff0c\u7f8e\u519b\u6700\u7ec8\u5f97\u51fa\u7ed3\u8bba\uff0c\u57fa\u672c\u8ba4\u5b9a\u662f\u822a\u6bcd\u505c\u9760\u8d8a\u5357\u6e2f\u53e3\u65f6\u88ab\u611f\u67d3\u3002", "events": [{"trigger": {"text": "\u505c\u9760", "offset": 27, "length": 2}, "object": {"text": "", "offset": 0, "length": 0}, "subject": {"text": "", "offset": 0, "length": 0}}], "arguments": {"time": [], "loc": [], "country": [{"text": "\u7f8e", "offset": 11, "length": 1}, {"text": "\u8d8a\u5357", "offset": 29, "length": 2}], "weapon": [{"text": "\u822a\u6bcd", "offset": 25, "length": 2}]}}]