[{"sentence": "\u7f8e\u519b\u6fd2\u6d77\u6218\u6597\u8230\u5728\u5357\u6d77\u62b5\u8fd1\u4e2d\u56fd\u79d1\u8003\u8239\uff0c\u6211\u519b\u62a4\u536b\u8230\u5728\u7f8e\u8230\u540e\u65b9\u73b0\u8eab", "events": [{"trigger": {"text": "\u62b5\u8fd1", "offset": 10, "length": 2}, "subject": {"text": "\u7f8e\u519b\u6fd2\u6d77\u6218\u6597\u8230\u5728\u5357\u6d77", "offset": 0, "length": 10}, "object": {"text": "\u4e2d\u56fd\u79d1\u8003\u8239", "offset": 12, "length": 5}}, {"trigger": {"text": "\u73b0\u8eab", "offset": 28, "length": 2}, "object": {"text": "", "offset": 0, "length": 0}, "subject": {"text": "", "offset": 0, "length": 0}}], "arguments": {"time": [], "loc": [{"text": "\u5357\u6d77", "offset": 8, "length": 2}], "country": [{"text": "\u7f8e", "offset": 24, "length": 1}, {"text": "\u4e2d\u56fd", "offset": 12, "length": 2}, {"text": "\u7f8e", "offset": 0, "length": 1}], "weapon": [{"text": "\u6fd2\u6d77\u6218\u6597\u8230", "offset": 2, "length": 5}, {"text": "\u62a4\u536b\u8230", "offset": 20, "length": 3}]}}, {"sentence": "\u3010\u73af\u7403\u7f51\u62a5\u9053 \u8bb0\u8005 \u5f90\u7490\u660e\u3011", "events": [], "arguments": {"time": [], "loc": [], "country": [], "weapon": []}}, {"sentence": "\u636e\u7f8e\u56fd\u592a\u5e73\u6d0b\u8230\u961f7\u67082\u5728\u5176\u793e\u4ea4\u5a92\u4f53\u5b98\u65b9\u8d26\u53f7\u4e0a\u53d1\u5e03\u7684\u7167\u7247\u663e\u793a\uff0c\u7f8e\u56fd\u6d77\u519b\u7684\u201c\u5409\u798f\u5179\u201d\u53f7\u6fd2\u6d77\u6218\u6597\u8230\u4e8e6\u670830\u65e5\u30017\u67081\u65e5\u8fde\u7eed\u4e24\u5929\u90fd\u5728\u5357\u6d77\u5f00\u5c55\u822a\u884c\u6d3b\u52a8\u3002", "events": [{"trigger": {"text": "\u5f00\u5c55", "offset": 65, "length": 2}, "subject": {"text": "\u7f8e\u56fd\u6d77\u519b\u7684\u201c\u5409\u798f\u5179\u201d\u53f7\u6fd2\u6d77\u6218\u6597\u8230\u4e8e6\u670830\u65e5\u30017\u67081\u65e5\u8fde\u7eed\u4e24\u5929\u90fd\u5728\u5357\u6d77", "offset": 30, "length": 35}, "object": {"text": "\u822a\u884c\u6d3b\u52a8", "offset": 67, "length": 4}}, {"trigger": {"text": "\u822a\u884c", "offset": 67, "length": 2}, "object": {"text": "", "offset": 0, "length": 0}, "subject": {"text": "", "offset": 0, "length": 0}}], "arguments": {"time": [{"text": "6\u670830\u65e5", "offset": 47, "length": 5}, {"text": "7\u67081\u65e5", "offset": 53, "length": 4}, {"text": "7\u67082", "offset": 8, "length": 3}], "loc": [{"text": "\u592a\u5e73\u6d0b", "offset": 3, "length": 3}, {"text": "\u5357\u6d77", "offset": 63, "length": 2}], "country": [{"text": "\u7f8e\u56fd", "offset": 1, "length": 2}, {"text": "\u7f8e\u56fd", "offset": 30, "length": 2}], "weapon": [{"text": "\u201c\u5409\u798f\u5179\u201d\u53f7\u6fd2\u6d77\u6218\u6597\u8230", "offset": 35, "length": 11}]}}, {"sentence": "\u7f8e\u519b\u516c\u5e03\u7684\u753b\u9762\u663e\u793a\uff0c\u201c\u5409\u798f\u5179\u201d\u53f7\u6fd2\u6d77\u6218\u6597\u8230\u57287\u67081\u65e5\u7684\u822a\u884c\u8fc7\u7a0b\u4e2d\uff0c\u4ece\u4e2d\u56fd\u201c\u6d77\u6d0b\u56db\u53f7\u201d\u8fdc\u6d0b\u79d1\u5b66\u8003\u5bdf\u8239\u4e0d\u8fdc\u5904\u822a\u884c\u9a76\u8fc7\u3002", "events": [{"trigger": {"text": "\u822a\u884c\u9a76\u8fc7", "offset": 52, "length": 4}, "object": {"text": "", "offset": 0, "length": 0}, "subject": {"text": "", "offset": 0, "length": 0}}], "arguments": {"time": [{"text": "7\u67081\u65e5", "offset": 22, "length": 4}], "loc": [], "country": [{"text": "\u7f8e", "offset": 0, "length": 1}, {"text": "\u4e2d\u56fd", "offset": 34, "length": 2}], "weapon": [{"text": "\u201c\u5409\u798f\u5179\u201d\u53f7\u6fd2\u6d77\u6218\u6597\u8230", "offset": 10, "length": 11}, {"text": "\u201c\u6d77\u6d0b\u56db\u53f7\u201d\u8fdc\u6d0b\u79d1\u5b66\u8003\u5bdf\u8239", "offset": 36, "length": 13}]}}, {"sentence": "\u800c\u5728\u53e6\u4e00\u4e2a\u753b\u9762\u4e2d\uff0c\u201c\u5409\u798f\u5179\u201d\u53f7\u7684\u4e0d\u8fdc\u5904\u51fa\u73b0\u4e86\u4e00\u8258\u4e2d\u56fd\u6d77\u519b054A\u62a4\u536b\u8230\u7684\u8eab\u5f71\u3002", "events": [], "arguments": {"time": [], "loc": [], "country": [{"text": "\u4e2d\u56fd", "offset": 24, "length": 2}], "weapon": [{"text": "054A\u62a4\u536b\u8230", "offset": 28, "length": 7}, {"text": "\u201c\u5409\u798f\u5179\u201d\u53f7", "offset": 9, "length": 6}]}}, {"sentence": "\u201c\u5409\u798f\u5179\u201d\u53f7\u6fd2\u6d77\u6218\u6597\u8230\u8fd1\u671f\u9891\u7e41\u5728\u5357\u6d77\u5f00\u5c55\u6d3b\u52a8\uff0c6\u670823\u65e5\u8be5\u8230\u548c\u65e5\u672c\u6d77\u4e0a\u81ea\u536b\u961f\u7684\u591a\u8258\u8bad\u7ec3\u8230\u5728\u5357\u6d77\u5f00\u5c55\u4e86\u53cc\u8fb9\u6f14\u4e60\u3002", "events": [{"trigger": {"text": "\u53cc\u8fb9\u6f14\u4e60", "offset": 50, "length": 4}, "object": {"text": "", "offset": 0, "length": 0}, "subject": {"text": "", "offset": 0, "length": 0}}], "arguments": {"time": [{"text": "6\u670823\u65e5", "offset": 23, "length": 5}], "loc": [{"text": "\u5357\u6d77", "offset": 16, "length": 2}, {"text": "\u6d77\u4e0a", "offset": 33, "length": 2}, {"text": "\u5357\u6d77", "offset": 45, "length": 2}], "country": [{"text": "\u65e5\u672c", "offset": 31, "length": 2}], "weapon": [{"text": "\u201c\u5409\u798f\u5179\u201d\u53f7\u6fd2\u6d77\u6218\u6597\u8230", "offset": 0, "length": 11}]}}, {"sentence": "\u6f14\u4e60\u5185\u5bb9\u5305\u62ec\u53cc\u8fb9\u901a\u4fe1\u6f14\u4e60\u3001\u6218\u672f\u673a\u52a8\u7b49\u3002", "events": [{"trigger": {"text": "\u6f14\u4e60", "offset": 10, "length": 2}, "object": {"text": "", "offset": 0, "length": 0}, "subject": {"text": "", "offset": 0, "length": 0}}], "arguments": {"time": [], "loc": [], "country": [], "weapon": []}}, {"sentence": "\u7f8e\u56fd\u592a\u5e73\u6d0b\u8230\u961f\u8868\u793a\uff0c\u201c\u5409\u798f\u5179\u201d\u53f7\u6fd2\u6d77\u6218\u6597\u8230\u76ee\u524d\u6b63\u5728\u6267\u884c\u7b2c\u4e03\u8230\u961f\u7684\u8f6e\u6362\u90e8\u7f72\u4efb\u52a1\uff0c\u8fd8\u58f0\u79f0\u8fd9\u662f\u4e3a\u201c\u652f\u6301\u5370\u5ea6-\u592a\u5e73\u6d0b\u5730\u533a\u7684\u5b89\u5168\u548c\u7a33\u5b9a\u201d\u3002", "events": [{"trigger": {"text": "\u90e8\u7f72", "offset": 34, "length": 2}, "object": {"text": "", "offset": 0, "length": 0}, "subject": {"text": "", "offset": 0, "length": 0}}], "arguments": {"time": [], "loc": [{"text": "\u592a\u5e73\u6d0b", "offset": 2, "length": 3}, {"text": "\u592a\u5e73\u6d0b\u5730\u533a", "offset": 51, "length": 5}], "country": [{"text": "\u7f8e\u56fd", "offset": 0, "length": 2}], "weapon": [{"text": "\u201c\u5409\u798f\u5179\u201d\u53f7\u6fd2\u6d77\u6218\u6597\u8230", "offset": 10, "length": 11}]}}, {"sentence": "\u503c\u5f97\u6ce8\u610f\u7684\u662f\uff0c\u201c\u5409\u798f\u5179\u201d\u53f7\u6fd2\u6d77\u6218\u6597\u8230\u5728\u5357\u6d77\u5f00\u5c55\u822a\u884c\u6d3b\u52a8\u540c\u65f6\uff0c\u89e3\u653e\u519b\u5728\u897f\u6c99\u7fa4\u5c9b\u6d77\u57df\u8fdb\u884c\u519b\u4e8b\u8bad\u7ec3\u3002", "events": [{"trigger": {"text": "\u8fdb\u884c", "offset": 40, "length": 2}, "subject": {"text": "\u89e3\u653e\u519b\u5728\u897f\u6c99\u7fa4\u5c9b\u6d77\u57df", "offset": 30, "length": 10}, "object": {"text": "\u519b\u4e8b\u8bad\u7ec3", "offset": 42, "length": 4}}, {"trigger": {"text": "\u822a\u884c", "offset": 23, "length": 2}, "object": {"text": "", "offset": 0, "length": 0}, "subject": {"text": "", "offset": 0, "length": 0}}], "arguments": {"time": [], "loc": [{"text": "\u5357\u6d77", "offset": 19, "length": 2}, {"text": "\u897f\u6c99\u7fa4\u5c9b\u6d77\u57df", "offset": 34, "length": 6}], "country": [], "weapon": [{"text": "\u201c\u5409\u798f\u5179\u201d\u53f7\u6fd2\u6d77\u6218\u6597\u8230", "offset": 7, "length": 11}]}}, {"sentence": "\u636e\u6d77\u5357\u6d77\u4e8b\u5c40\u5b98\u7f516\u670829\u65e5\u7684\u6d88\u606f\uff0c2020\u5e747\u67081\u65e5\u96f6\u65f6\u81f37\u67085\u65e524\u65f6\uff0c\u897f\u6c99\u7fa4\u5c9b\u6d77\u57df\u5c06\u8fdb\u884c\u519b\u4e8b\u8bad\u7ec3\u3002", "events": [], "arguments": {"time": [{"text": "6\u670829\u65e5", "offset": 8, "length": 5}, {"text": "2020\u5e747\u67081\u65e5\u96f6\u65f6\u81f37\u67085\u65e524\u65f6", "offset": 17, "length": 19}], "loc": [{"text": "\u897f\u6c99\u7fa4\u5c9b\u6d77\u57df", "offset": 37, "length": 6}], "country": [], "weapon": []}}, {"sentence": "\u4efb\u4f55\u8239\u8236\u7981\u6b62\u8fdb\u5165\u519b\u4e8b\u8bad\u7ec3\u6d77\u57df\u822a\u884c\uff0c\u5e76\u542c\u4ece\u73b0\u573a\u5f15\u5bfc\u8239\u53ea\u5f15\u5bfc\u548c\u6307\u6325\u3002", "events": [{"trigger": {"text": "\u8fdb\u5165", "offset": 6, "length": 2}, "object": {"text": "", "offset": 0, "length": 0}, "subject": {"text": "", "offset": 0, "length": 0}}, {"trigger": {"text": "\u822a\u884c", "offset": 14, "length": 2}, "object": {"text": "", "offset": 0, "length": 0}, "subject": {"text": "", "offset": 0, "length": 0}}], "arguments": {"time": [], "loc": [], "country": [], "weapon": []}}, {"sentence": "\u8fd1\u671f\u7f8e\u519b\u9891\u7e41\u5411\u4e1c\u6d77\u3001\u5357\u6d77\u6d3e\u51fa\u8230\u673a\uff0c\u5bf9\u4e2d\u56fd\u7684\u6311\u8845\u884c\u52a8\u6bd4\u5f80\u5e38\u66f4\u4e3a\u5bc6\u96c6\u3002", "events": [{"trigger": {"text": "\u6311\u8845", "offset": 21, "length": 2}, "object": {"text": "", "offset": 0, "length": 0}, "subject": {"text": "", "offset": 0, "length": 0}}], "arguments": {"time": [], "loc": [{"text": "\u4e1c\u6d77", "offset": 7, "length": 2}, {"text": "\u5357\u6d77", "offset": 10, "length": 2}], "country": [{"text": "\u7f8e", "offset": 2, "length": 1}, {"text": "\u4e2d\u56fd", "offset": 18, "length": 2}], "weapon": [{"text": "\u8230\u673a", "offset": 14, "length": 2}]}}, {"sentence": "\u5357\u90e8\u6218\u533a\u65b0\u95fb\u53d1\u8a00\u4eba\u674e\u534e\u654f\u5927\u6821\u66fe\u8868\u793a\uff0c\u7f8e\u65b9\u6311\u8845\u884c\u5f84\u4e25\u91cd\u8fdd\u53cd\u6709\u5173\u56fd\u9645\u6cd5\u51c6\u5219\uff0c\u4e25\u91cd\u4fb5\u72af\u4e2d\u56fd\u4e3b\u6743\u548c\u5b89\u5168\u5229\u76ca\uff0c\u4eba\u4e3a\u589e\u52a0\u5730\u533a\u5b89\u5168\u98ce\u9669\uff0c\u6781\u6613\u5f15\u53d1\u4e0d\u6d4b\u4e8b\u4ef6\uff0c\u4e0e\u56fd\u9645\u793e\u4f1a\u5408\u529b\u6297\u75ab\u7684\u6c1b\u56f4\u683c\u683c\u4e0d\u5165\uff0c\u4e0e\u5357\u6d77\u5730\u533a\u56fd\u5bb6\u4fdd\u6301\u5357\u6d77\u548c\u5e73\u7a33\u5b9a\u7684\u5171\u540c\u610f\u613f\u683c\u683c\u4e0d\u5165\u3002", "events": [{"trigger": {"text": "\u4fb5\u72af", "offset": 38, "length": 2}, "object": {"text": "", "offset": 0, "length": 0}, "subject": {"text": "", "offset": 0, "length": 0}}], "arguments": {"time": [], "loc": [{"text": "\u5357\u90e8\u6218\u533a", "offset": 0, "length": 4}, {"text": "\u5357\u6d77", "offset": 96, "length": 2}], "country": [{"text": "\u7f8e\u65b9", "offset": 18, "length": 2}, {"text": "\u4e2d\u56fd", "offset": 40, "length": 2}], "weapon": []}}, {"sentence": "\u57286\u670824\u65e5\u7684\u56fd\u9632\u90e8\u4f8b\u884c\u8bb0\u8005\u4f1a\u4e0a\uff0c\u4e2d\u56fd\u56fd\u9632\u90e8\u65b0\u95fb\u53d1\u8a00\u4eba\u5434\u8c26\u5927\u6821\u5bf9\u7f8e\u56fd\u6d3e\u519b\u8230\u5230\u4e1c\u6d77\u3001\u5357\u6d77\u6311\u8845\u8868\u6001\u79f0\uff0c\u5f53\u524d\uff0c\u5728\u5730\u533a\u56fd\u5bb6\u7684\u5171\u540c\u52aa\u529b\u4e0b\uff0c\u4e1c\u6d77\u3001\u5357\u6d77\u7684\u5c40\u52bf\u603b\u4f53\u662f\u7a33\u5b9a\u7684\u3002", "events": [{"trigger": {"text": "\u6311\u8845", "offset": 43, "length": 2}, "object": {"text": "", "offset": 0, "length": 0}, "subject": {"text": "", "offset": 0, "length": 0}}], "arguments": {"time": [{"text": "6\u670824\u65e5", "offset": 1, "length": 5}], "loc": [{"text": "\u4e1c\u6d77", "offset": 38, "length": 2}, {"text": "\u5357\u6d77", "offset": 41, "length": 2}, {"text": "\u4e1c\u6d77", "offset": 64, "length": 2}, {"text": "\u5357\u6d77", "offset": 67, "length": 2}], "country": [{"text": "\u4e2d\u56fd", "offset": 17, "length": 2}, {"text": "\u7f8e\u56fd", "offset": 32, "length": 2}], "weapon": [{"text": "\u519b\u8230", "offset": 35, "length": 2}]}}, {"sentence": "\u8fd9\u5145\u5206\u8bf4\u660e\u57df\u5185\u56fd\u5bb6\u6709\u667a\u6167\u3001\u6709\u80fd\u529b\u3001\u6709\u529e\u6cd5\u901a\u8fc7\u76f4\u63a5\u8c08\u5224\u534f\u5546\uff0c\u59a5\u5904\u5206\u6b67\uff0c\u5171\u62a4\u548c\u5e73\u3002", "events": [], "arguments": {"time": [], "loc": [], "country": [], "weapon": []}}, {"sentence": "\u53cd\u89c2\u4f5c\u4e3a\u57df\u5916\u56fd\u5bb6\u7684\u7f8e\u56fd\uff0c\u6253\u7740\u6240\u8c13\u201c\u822a\u884c\u81ea\u7531\u201d\u7684\u5e4c\u5b50\uff0c\u6d3e\u519b\u7528\u8230\u673a\u6765\u4e1c\u6d77\u3001\u5357\u6d77\u6311\u8845\uff0c\u5bf9\u4e2d\u65b9\u5b9e\u65bd\u9ad8\u9891\u5ea6\u62b5\u8fd1\u4fa6\u5bdf\uff0c\u4e3e\u884c\u9488\u5bf9\u6027\u6781\u5f3a\u7684\u519b\u4e8b\u6f14\u4e60\uff0c\u4e25\u91cd\u5371\u5bb3\u5730\u533a\u56fd\u5bb6\u7684\u4e3b\u6743\u4e0e\u5b89\u5168\u5229\u76ca\uff0c\u4e25\u91cd\u7834\u574f\u672c\u5730\u533a\u7684\u548c\u5e73\u7a33\u5b9a\u3002", "events": [{"trigger": {"text": "\u62b5\u8fd1\u4fa6\u5bdf", "offset": 48, "length": 4}, "object": {"text": "", "offset": 0, "length": 0}, "subject": {"text": "", "offset": 0, "length": 0}}, {"trigger": {"text": "\u519b\u4e8b\u6f14\u4e60", "offset": 61, "length": 4}, "object": {"text": "", "offset": 0, "length": 0}, "subject": {"text": "", "offset": 0, "length": 0}}], "arguments": {"time": [], "loc": [{"text": "\u4e1c\u6d77", "offset": 32, "length": 2}, {"text": "\u5357\u6d77", "offset": 35, "length": 2}], "country": [{"text": "\u7f8e\u56fd", "offset": 9, "length": 2}, {"text": "\u4e2d\u65b9", "offset": 41, "length": 2}], "weapon": []}}]