[{"sentence": "\u7f8e\u56fd\u592a\u7a7a\u519b\u7ec4\u7ec7\u67b6\u6784\u6b63\u5f0f\u6572\u5b9a\uff01", "events": [], "arguments": {"time": [], "loc": [], "country": [{"text": "\u7f8e\u56fd", "offset": 0, "length": 2}], "weapon": []}}, {"sentence": "\u8bbe\u7acb\u4e09\u5927\u201c\u53f8\u4ee4\u90e8\u201d", "events": [], "arguments": {"time": [], "loc": [], "country": [], "weapon": []}}, {"sentence": "\u3010\u73af\u7403\u7f51\u62a5\u9053 \u8bb0\u8005 \u5f90\u7490\u660e\u3011", "events": [], "arguments": {"time": [], "loc": [], "country": [], "weapon": []}}, {"sentence": "\u636e\u201c\u9632\u52a1\u65b0\u95fb\u201d6\u670830\u65e5\u62a5\u9053\uff0c\u7f8e\u56fd\u592a\u7a7a\u519b\u4e8e6\u670829\u65e5\u516c\u5e03\u4e86\u5176\u7ec4\u7ec7\u67b6\u6784\u2014\u2014\u7531\u592a\u7a7a\u4f5c\u6218\u53f8\u4ee4\u90e8\u3001\u592a\u7a7a\u7cfb\u7edf\u53f8\u4ee4\u90e8\u548c\u592a\u7a7a\u8bad\u7ec3\u6218\u5907\u53f8\u4ee4\u90e8\u4e09\u4e2a\u53f8\u4ee4\u90e8\u6784\u6210\u3002", "events": [{"trigger": {"text": "\u516c\u5e03\u4e86", "offset": 26, "length": 3}, "subject": {"text": "\u7f8e\u56fd\u592a\u7a7a\u519b\u4e8e6\u670829\u65e5", "offset": 15, "length": 11}, "object": {"text": "\u5176\u7ec4\u7ec7\u67b6\u6784\u2014\u2014\u7531\u592a\u7a7a\u4f5c\u6218\u53f8\u4ee4\u90e8\u3001\u592a\u7a7a\u7cfb\u7edf\u53f8\u4ee4\u90e8\u548c\u592a\u7a7a\u8bad\u7ec3\u6218\u5907\u53f8\u4ee4\u90e8\u4e09\u4e2a\u53f8\u4ee4\u90e8\u6784\u6210", "offset": 29, "length": 40}}, {"trigger": {"text": "\u8bad\u7ec3", "offset": 55, "length": 2}, "object": {"text": "", "offset": 0, "length": 0}, "subject": {"text": "", "offset": 0, "length": 0}}], "arguments": {"time": [{"text": "6\u670829\u65e5", "offset": 21, "length": 5}, {"text": "6\u670830\u65e5", "offset": 7, "length": 5}], "loc": [], "country": [{"text": "\u7f8e\u56fd", "offset": 15, "length": 2}], "weapon": []}}, {"sentence": "\u7f8e\u56fd\u592a\u7a7a\u519b\u526f\u6307\u6325\u5b98\u6234\u7ef4\u00b7\u6c64\u666e\u68ee\u4e2d\u5c06\u5bf9\u6b64\u8868\u793a\uff0c\u8fd9\u9879\u51b3\u5b9a\u662f\u5728\u592a\u7a7a\u90e8\u961f\u6210\u7acb\u540e\u5927\u7ea6\u534a\u5e74\u505a\u51fa\u7684\u3002", "events": [], "arguments": {"time": [], "loc": [], "country": [{"text": "\u7f8e\u56fd", "offset": 0, "length": 2}], "weapon": []}}, {"sentence": "\u201c\u6211\u4eec\u5bf9\u6b64\u91c7\u53d6\u4e86\u4e00\u79cd\u5168\u65b0\u7684\u65b9\u5f0f\uff0c\u201d\u4ed6\u8865\u5145\u8bf4\uff0c\u8fd9\u6837\u505a\u7684\u76ee\u6807\u662f\u521b\u5efa\u4e00\u79cd\u201c\u4e13\u6ce8\u4e8e\u4efb\u52a1\u6709\u6548\u6027\u548c\u7075\u6d3b\u6027\u201d\u7684\u592a\u7a7a\u90e8\u961f\u7ec4\u7ec7\u67b6\u6784\u3002", "events": [], "arguments": {"time": [], "loc": [], "country": [], "weapon": []}}, {"sentence": "\u62a5\u9053\u79f0\uff0c\u592a\u7a7a\u4f5c\u6218\u53f8\u4ee4\u90e8\u5c06\u5728\u79d1\u7f57\u62c9\u591a\u5dde\u7684\u5f7c\u5f97\u68ee\u7a7a\u519b\u57fa\u5730\uff0c\u8d1f\u8d23\u76d1\u7763\u519b\u7528\u536b\u661f\u7684\u8fd0\u884c\uff0c\u5305\u62ecGPS\u7cfb\u7edf\u3001\u5bfc\u5f39\u9884\u8b66\u536b\u661f\u661f\u5ea7\u548c\u536b\u661f\u901a\u4fe1\u7cfb\u7edf\u3002", "events": [], "arguments": {"time": [], "loc": [{"text": "\u79d1\u7f57\u62c9\u591a\u5dde", "offset": 13, "length": 5}, {"text": "\u5f7c\u5f97\u68ee\u7a7a\u519b\u57fa\u5730", "offset": 19, "length": 7}], "country": [], "weapon": [{"text": "GPS\u7cfb\u7edf", "offset": 41, "length": 5}]}}, {"sentence": "\u6c64\u666e\u68ee\u8868\u793a\uff0c\u4e00\u540d\u4e09\u661f\u5c06\u519b\u5c06\u88ab\u4efb\u547d\u6765\u9886\u5bfc\u8fd9\u4e00\u53f8\u4ee4\u90e8\u3002", "events": [], "arguments": {"time": [], "loc": [], "country": [], "weapon": []}}, {"sentence": "\u592a\u7a7a\u7cfb\u7edf\u53f8\u4ee4\u90e8\u4e5f\u5c06\u7531\u4e00\u4f4d\u4e09\u661f\u5c06\u519b\u9886\u5bfc\uff0c\u8be5\u673a\u6784\u5c06\u6210\u4e3a\u592a\u7a7a\u90e8\u961f\u7814\u53d1\u3001\u88c5\u5907\u548c\u7ef4\u6301\u7a7a\u95f4\u6b66\u5668\u7cfb\u7edf\u8fd0\u884c\u7684\u4e2d\u5fc3\u3002", "events": [{"trigger": {"text": "\u7814\u53d1", "offset": 29, "length": 2}, "object": {"text": "", "offset": 0, "length": 0}, "subject": {"text": "", "offset": 0, "length": 0}}], "arguments": {"time": [], "loc": [], "country": [], "weapon": []}}, {"sentence": "\u6c64\u666e\u68ee\u8bf4\uff0c\u76ee\u524d\u7684\u592a\u7a7a\u548c\u5bfc\u5f39\u7cfb\u7edf\u4e2d\u5fc3\u5c06\u5212\u5f52\u592a\u7a7a\u7cfb\u7edf\u53f8\u4ee4\u90e8\uff0c\u5176\u4ed6\u4e00\u4e9b\u4f8b\u5982\u56fd\u9632\u90e8\u5546\u4e1a\u536b\u661f\u901a\u4fe1\u529e\u516c\u5ba4\u3001\u7a7a\u519b\u6280\u672f\u529f\u80fd\u5f00\u53d1\u7814\u7a76\u5b9e\u9a8c\u5ba4\u7684\u673a\u6784\u4e5f\u5c06\u5e76\u5165\u3002", "events": [{"trigger": {"text": "\u5f00\u53d1\u7814\u7a76", "offset": 53, "length": 4}, "object": {"text": "", "offset": 0, "length": 0}, "subject": {"text": "", "offset": 0, "length": 0}}], "arguments": {"time": [], "loc": [], "country": [], "weapon": []}}, {"sentence": "\u592a\u7a7a\u8bad\u7ec3\u6218\u5907\u53f8\u4ee4\u90e8\u5c06\u8d1f\u8d23\u592a\u7a7a\u90e8\u961f\u6210\u5458\u804c\u4e1a\u751f\u6daf\u6700\u521d\u9636\u6bb5\u7684\u57f9\u8bad\uff0c\u76f4\u81f3\u5176\u767b\u4e0a\u4f5c\u6218\u5c97\u4f4d\u3002", "events": [{"trigger": {"text": "\u8bad\u7ec3", "offset": 2, "length": 2}, "object": {"text": "", "offset": 0, "length": 0}, "subject": {"text": "", "offset": 0, "length": 0}}], "arguments": {"time": [], "loc": [], "country": [], "weapon": []}}, {"sentence": "\u62a5\u9053\u79f0\uff0c\u76ee\u524d\u592a\u7a7a\u7cfb\u7edf\u53f8\u4ee4\u90e8\u548c\u592a\u7a7a\u8bad\u7ec3\u6218\u5907\u53f8\u4ee4\u90e8\u7684\u76f8\u5173\u7ec6\u8282\u8fd8\u6ca1\u6709\u6572\u5b9a\uff0c\u5305\u62ec\u603b\u90e8\u6240\u5728\u4f4d\u7f6e\u7b49\u3002", "events": [{"trigger": {"text": "\u8bad\u7ec3", "offset": 16, "length": 2}, "object": {"text": "", "offset": 0, "length": 0}, "subject": {"text": "", "offset": 0, "length": 0}}], "arguments": {"time": [], "loc": [], "country": [], "weapon": []}}, {"sentence": "\u6c64\u666e\u68ee\u8bf4\uff1b\u201c\u6211\u4eec\u4ecd\u5728\u4e0e\u7f8e\u56fd\u56fd\u9632\u90e8\u3001\u9646\u519b\u548c\u6d77\u519b\u5408\u4f5c\uff0c\u5c31\u673a\u6784\u79fb\u4ea4\u3001\u804c\u80fd\u8bbe\u5b9a\u7b49\u95ee\u9898\u4f5c\u51fa\u6700\u540e\u51b3\u5b9a\u3002", "events": [], "arguments": {"time": [], "loc": [], "country": [{"text": "\u7f8e\u56fd", "offset": 11, "length": 2}], "weapon": []}}, {"sentence": "\u201d\u4ed6\u8865\u5145\u8bf4\uff0c\u63a5\u4e0b\u6765\u7684\u8ba1\u5212\u662f\u5728\u201c\u51e0\u5468\u6216\u51e0\u4e2a\u6708\u201d\u5185\u5b8c\u5584\u8fd9\u4efd\u6e05\u5355\uff0c\u6709\u5173\u592a\u7a7a\u7cfb\u7edf\u53f8\u4ee4\u603b\u90e8\u7684\u95ee\u9898\u7684\u6700\u7ec8\u51b3\u5b9a\u4e5f\u5c06\u7531\u9646\u519b\u548c\u6d77\u519b\u505a\u51fa\u3002", "events": [], "arguments": {"time": [], "loc": [], "country": [], "weapon": []}}]