[{"sentence": "\u5370\u5ea6\u540c\u6b65\u7814\u53d13\u6b3e\u56fd\u4ea7\u6218\u6597\u673a\uff0c\u529b\u4e894\u5e74\u5185\u9020\u51fa\uff0c4+\u4ee3\u548c5\u4ee3\u673a\u90fd\u6709", "events": [{"trigger": {"text": "\u7814\u53d1", "offset": 4, "length": 2}, "subject": {"text": "\u5370\u5ea6\u540c\u6b65", "offset": 0, "length": 4}, "object": {"text": "3\u6b3e\u56fd\u4ea7\u6218\u6597\u673a", "offset": 6, "length": 7}}, {"trigger": {"text": "\u9020\u51fa", "offset": 19, "length": 2}, "object": {"text": "", "offset": 0, "length": 0}, "subject": {"text": "", "offset": 0, "length": 0}}], "arguments": {"time": [], "loc": [], "country": [{"text": "\u5370\u5ea6", "offset": 0, "length": 2}], "weapon": []}}, {"sentence": "\u3010\u73af\u7403\u7f51\u62a5\u9053 \u8bb0\u8005 \u5f90\u7490\u660e\u3011", "events": [], "arguments": {"time": [], "loc": [], "country": [], "weapon": []}}, {"sentence": "\u5728\u8fd1\u671f\u79ef\u6781\u5f15\u8fdb\u56fd\u5916\u5148\u8fdb\u6b66\u5668\u7684\u540c\u65f6\uff0c\u5370\u5ea6\u4e5f\u5728\u52a0\u7d27\u63a8\u8fdb\u56fd\u4ea7\u6b66\u5668\u7684\u7814\u53d1\u3002", "events": [{"trigger": {"text": "\u5f15\u8fdb", "offset": 5, "length": 2}, "object": {"text": "", "offset": 0, "length": 0}, "subject": {"text": "", "offset": 0, "length": 0}}, {"trigger": {"text": "\u7814\u53d1", "offset": 30, "length": 2}, "object": {"text": "", "offset": 0, "length": 0}, "subject": {"text": "", "offset": 0, "length": 0}}], "arguments": {"time": [], "loc": [], "country": [{"text": "\u5370\u5ea6", "offset": 17, "length": 2}], "weapon": []}}, {"sentence": "\u5916\u5a92\u62a5\u9053\u79f0\uff0c\u5370\u5ea6\u6b63\u540c\u6b65\u7814\u53d13\u6b3e\u6218\u6597\u673a\uff0c\u529b\u4e89\u5728\u672a\u67654\u5e74\u5185\u9020\u51fa\u539f\u578b\u673a\u3002", "events": [{"trigger": {"text": "\u9020\u51fa", "offset": 27, "length": 2}, "object": {"text": "", "offset": 0, "length": 0}, "subject": {"text": "", "offset": 0, "length": 0}}], "arguments": {"time": [], "loc": [], "country": [{"text": "\u5370\u5ea6", "offset": 6, "length": 2}], "weapon": [{"text": "\u6218\u6597\u673a", "offset": 15, "length": 3}]}}, {"sentence": "\u636e\u201c\u6218\u673a\u4e16\u754c\u201d\u7f51\u7ad96\u670830\u65e5\u62a5\u9053\uff0c\u5370\u5ea6\u65af\u5766\u822a\u7a7a\u516c\u53f8(\u7b80\u79f0HAL)\u8463\u4e8b\u957f\u9a6c\u8fbe\u54c8\u6587(R. Madhavan)\u8868\u793a\uff0c\u5370\u5ea6\u4e09\u6b3e\u56fd\u4ea7\u6218\u6597\u673a\u539f\u578b\u673a\u5c06\u5728\u672a\u67654\u5e74\u5185\u51c6\u5907\u5c31\u7eea\u3002", "events": [], "arguments": {"time": [{"text": "6\u670830\u65e5", "offset": 9, "length": 5}], "loc": [], "country": [{"text": "\u5370\u5ea6", "offset": 55, "length": 2}], "weapon": []}}, {"sentence": "\u5370\u5ea6\u76ee\u524d\u6b63\u5728\u7814\u5236\u4e09\u6b3e\u56fd\u4ea7\u6218\u6597\u673a\u2014\u2014\u201c\u5149\u8f89\u201dMK2\u3001\u53cc\u53d1\u7248\u8230\u8f7d\u6218\u6597\u673a\u4ee5\u53ca\u7b2c\u4e94\u4ee3\u5148\u8fdb\u4e2d\u578b\u6218\u6597\u673a\uff08AMCA\uff09\uff0c\u8fd9\u4e09\u6b3e\u6218\u6597\u673a\u7684\u539f\u578b\u673a\u5c06\u57283-4\u5e74\u65f6\u95f4\u5185\u95ee\u4e16\u3002", "events": [{"trigger": {"text": "\u7814\u5236", "offset": 6, "length": 2}, "object": {"text": "", "offset": 0, "length": 0}, "subject": {"text": "", "offset": 0, "length": 0}}], "arguments": {"time": [], "loc": [], "country": [{"text": "\u5370\u5ea6", "offset": 0, "length": 2}], "weapon": [{"text": "\u201c\u5149\u8f89\u201dMK2", "offset": 17, "length": 7}, {"text": "\u53cc\u53d1\u7248\u8230\u8f7d\u6218\u6597\u673a", "offset": 25, "length": 8}, {"text": "\u7b2c\u4e94\u4ee3\u5148\u8fdb\u4e2d\u578b\u6218\u6597\u673a\uff08AMCA\uff09", "offset": 35, "length": 16}, {"text": "\u2014\u201c\u5149\u8f89\u201dMK2", "offset": 16, "length": 8}]}}, {"sentence": "\u4f46\u9a6c\u8fbe\u54c8\u6587\u4e5f\u8865\u5145\u8bf4\uff0cHAL\u6b63\u5728\u8003\u86517-8\u5e74\u7684\u65f6\u95f4\u6846\u67b6\uff0c\u4ee5\u4fbf\u201c\u6bcf\u6b3e\u6218\u673a\u90fd\u80fd\u987a\u5229\u8d77\u98de\u201d\u3002", "events": [{"trigger": {"text": "\u8d77\u98de", "offset": 38, "length": 2}, "object": {"text": "", "offset": 0, "length": 0}, "subject": {"text": "", "offset": 0, "length": 0}}], "arguments": {"time": [], "loc": [], "country": [], "weapon": [{"text": "\u6218\u673a", "offset": 32, "length": 2}]}}, {"sentence": "\u5728\u7b2c\u4e94\u4ee3\u5148\u8fdb\u4e2d\u578b\u6218\u6597\u673a\uff08AMCA\uff09\u7684\u7814\u5236\u65f6\u95f4\u8868\u4e0a\uff0c\u5370\u5ea6\u65b9\u9762\u62ab\u9732\u4e86\u4e00\u4e9b\u7ec6\u8282\u3002", "events": [{"trigger": {"text": "\u7814\u5236", "offset": 18, "length": 2}, "object": {"text": "", "offset": 0, "length": 0}, "subject": {"text": "", "offset": 0, "length": 0}}], "arguments": {"time": [], "loc": [], "country": [{"text": "\u5370\u5ea6", "offset": 25, "length": 2}], "weapon": [{"text": "\u7b2c\u4e94\u4ee3\u5148\u8fdb\u4e2d\u578b\u6218\u6597\u673a\uff08AMCA\uff09", "offset": 1, "length": 16}]}}, {"sentence": "\u9a6c\u8fbe\u54c8\u6587\u8bf4\uff1a\u201c\u8fd9\u6b3e\u6218\u6597\u673a\u73b0\u5728\u8fd8\u5728\u56fe\u7eb8\u4e0a\uff0c\u521d\u6b65\u8bbe\u8ba1\u5df2\u7ecf\u5b8c\u6210\uff0c\u9996\u67b6\u539f\u578b\u673a\u5c06\u57282026\u5e74\u81f32027\u5e74\u4e4b\u95f4\u63a8\u51fa\u5e76\u9996\u98de\u3002", "events": [{"trigger": {"text": "\u63a8\u51fa", "offset": 49, "length": 2}, "object": {"text": "", "offset": 0, "length": 0}, "subject": {"text": "", "offset": 0, "length": 0}}, {"trigger": {"text": "\u9996\u98de", "offset": 52, "length": 2}, "object": {"text": "", "offset": 0, "length": 0}, "subject": {"text": "", "offset": 0, "length": 0}}], "arguments": {"time": [{"text": "2026\u5e74\u81f32027\u5e74", "offset": 36, "length": 11}], "loc": [], "country": [], "weapon": []}}, {"sentence": "\u81f3\u4e8e\u540c\u65f6\u7814\u53d1\u2018\u5149\u8f89\u2019MK2\u548cAMCA\u6218\u6597\u673a\uff0c\u8fd9\u5c06\u8ba9\u6211\u4eec\u540c\u65f6\u62e5\u6709\u7b2c4+\u4ee3\u548c\u7b2c5\u4ee3\u6218\u6597\u673a\uff0c\u5b83\u4eec\u4e4b\u95f4\u4e0d\u80fd\u4e92\u76f8\u53d6\u4ee3\u3002", "events": [{"trigger": {"text": "\u53d6\u4ee3", "offset": 51, "length": 2}, "object": {"text": "", "offset": 0, "length": 0}, "subject": {"text": "", "offset": 0, "length": 0}}], "arguments": {"time": [], "loc": [], "country": [], "weapon": [{"text": "\u2018\u5149\u8f89\u2019MK2", "offset": 6, "length": 7}, {"text": "AMCA\u6218\u6597\u673a", "offset": 14, "length": 7}, {"text": "\u7b2c5\u4ee3\u6218\u6597\u673a", "offset": 36, "length": 6}]}}, {"sentence": "\u5982\u679c\u4f60\u770b\u770b\u7f8e\u56fd\uff0c\u4ed6\u4eec\u4e5f\u5728\u8d2d\u4e70F-35\u4e4b\u5916\u7684\u7b2c\u56db\u4ee3\u55b7\u6c14\u5f0f\u6218\u6597\u673a\u3002", "events": [{"trigger": {"text": "\u8d2d\u4e70", "offset": 12, "length": 2}, "object": {"text": "", "offset": 0, "length": 0}, "subject": {"text": "", "offset": 0, "length": 0}}], "arguments": {"time": [], "loc": [], "country": [{"text": "\u7f8e\u56fd", "offset": 5, "length": 2}], "weapon": [{"text": "F-35", "offset": 14, "length": 4}, {"text": "\u55b7\u6c14\u5f0f\u6218\u6597\u673a", "offset": 24, "length": 6}]}}, {"sentence": "\u201d", "events": [], "arguments": {"time": [], "loc": [], "country": [], "weapon": []}}, {"sentence": "\u9a6c\u8fbe\u54c8\u6587\u8fd8\u8868\u793a\uff0c\u9996\u5148\u5c06\u9020\u51fa\u201c\u5149\u8f89\u201dMK2\u6218\u6597\u673a\uff0c\u7136\u540e\u662f\u4ece\u201c\u5149\u8f89\u201d\u6218\u6597\u673a\u884d\u751f\u800c\u6765\u7684\u53cc\u53d1\u8230\u8f7d\u6218\u6597\u673a\uff0c\u4e4b\u540e\u662fAMCA\u6218\u6597\u673a\uff0c\u6211\u4eec\u9884\u8ba1\u6bcf\u6b3e\u6218\u6597\u673a\u7684\u7814\u53d1\u65f6\u95f4\u9700\u89817-8\u5e74\uff0c\u8fd9\u5bf9\u4e8e\u822a\u7a7a\u98de\u884c\u5668\u7684\u7814\u5236\u6765\u8bf4\u662f\u975e\u5e38\u77ed\u7684\u3002", "events": [{"trigger": {"text": "\u9020\u51fa", "offset": 11, "length": 2}, "object": {"text": "", "offset": 0, "length": 0}, "subject": {"text": "", "offset": 0, "length": 0}}, {"trigger": {"text": "\u7814\u53d1", "offset": 69, "length": 2}, "object": {"text": "", "offset": 0, "length": 0}, "subject": {"text": "", "offset": 0, "length": 0}}, {"trigger": {"text": "\u7814\u5236", "offset": 89, "length": 2}, "object": {"text": "", "offset": 0, "length": 0}, "subject": {"text": "", "offset": 0, "length": 0}}], "arguments": {"time": [], "loc": [], "country": [], "weapon": [{"text": "\u201c\u5149\u8f89\u201dMK2\u6218\u6597\u673a", "offset": 13, "length": 10}, {"text": "\u201c\u5149\u8f89\u201d\u6218\u6597\u673a", "offset": 28, "length": 7}, {"text": "\u53cc\u53d1\u8230\u8f7d\u6218\u6597\u673a", "offset": 40, "length": 7}, {"text": "AMCA\u6218\u6597\u673a", "offset": 51, "length": 7}]}}, {"sentence": "\u201c\u6218\u673a\u4e16\u754c\u201d\u7f51\u7ad9\u4e5f\u5217\u51fa\u4e86\u5370\u5ea6\u8fd9\u4e09\u6b3e\u65b0\u578b\u6218\u6597\u673a\u7684\u5177\u4f53\u6027\u80fd\u7ec6\u8282\uff1a", "events": [], "arguments": {"time": [], "loc": [], "country": [{"text": "\u5370\u5ea6", "offset": 12, "length": 2}], "weapon": []}}, {"sentence": "1\u3001LCA\u201c\u5149\u8f89\u201dMK2\u6218\u6597\u673a", "events": [], "arguments": {"time": [], "loc": [], "country": [], "weapon": [{"text": "LCA\u201c\u5149\u8f89\u201dMK2\u6218\u6597\u673a", "offset": 2, "length": 13}]}}, {"sentence": "\u8be5\u673a\u662fLCA\u201c\u5149\u8f89\u201d\u6218\u6597\u673a\u7684\u6539\u8fdb\u7248\u672c\uff0c\u662f\u4e00\u6b3e\u4e2d\u578b\u6218\u6597\u673a\uff0c\u5c06\u6b64\u524d\u201c\u5149\u8f89\u201d\u6218\u6597\u673a\u6240\u4f7f\u7528\u7684F404\u53d1\u52a8\u673a\u6362\u4e3a\u63a8\u529b\u66f4\u4e3a\u5f3a\u5927\u7684F414\u53d1\u52a8\u673a\uff0c\u540c\u65f6\u5728\u9a7e\u9a76\u8231\u540e\u65b9\u4f4d\u7f6e\u52a0\u88c5\u4e00\u5bf9\u524d\u7ffc\uff08\u9e2d\u7ffc\uff09\uff0c\u4ece\u800c\u5927\u5e45\u63d0\u9ad8\u673a\u52a8\u98de\u884c\u80fd\u529b\u3002", "events": [{"trigger": {"text": "\u98de\u884c", "offset": 95, "length": 2}, "object": {"text": "", "offset": 0, "length": 0}, "subject": {"text": "", "offset": 0, "length": 0}}], "arguments": {"time": [], "loc": [], "country": [], "weapon": [{"text": "LCA\u201c\u5149\u8f89\u201d\u6218\u6597\u673a", "offset": 3, "length": 10}, {"text": "\u201c\u5149\u8f89\u201d\u6218\u6597\u673a", "offset": 31, "length": 7}]}}, {"sentence": "2\u3001\u53cc\u53d1\u8230\u8f7d\u6218\u6597\u673a", "events": [], "arguments": {"time": [], "loc": [], "country": [], "weapon": [{"text": "\u53cc\u53d1\u8230\u8f7d\u6218\u6597\u673a", "offset": 2, "length": 7}]}}, {"sentence": "\u8be5\u578b\u6218\u6597\u673a\u6e90\u81ea\u201c\u5149\u8f89\u201d\u6218\u6597\u673a\u7684\u6d77\u519b\u7248\u672c\u7814\u53d1\u3002", "events": [{"trigger": {"text": "\u7814\u53d1", "offset": 19, "length": 2}, "object": {"text": "", "offset": 0, "length": 0}, "subject": {"text": "", "offset": 0, "length": 0}}], "arguments": {"time": [], "loc": [], "country": [], "weapon": [{"text": "\u201c\u5149\u8f89\u201d\u6218\u6597\u673a", "offset": 7, "length": 7}]}}, {"sentence": "\u76ee\u524d\u6d77\u519b\u7248\u7684\u201c\u5149\u8f89\u201d\u6218\u6597\u673a\u5df2\u7ecf\u5b8c\u6210\u4e86\u9996\u6b21\u822a\u6bcd\u8d77\u964d\u6d4b\u8bd5\uff0c\u4f46\u5370\u5ea6\u6d77\u519b\u5bf9\u8be5\u673a\u7684\u822a\u7a0b\u3001\u8f7d\u5f39\u91cf\u7b49\u6027\u80fd\u6307\u6807\u5e76\u4e0d\u6ee1\u610f\uff0c\u7814\u5236\u65b9\u51b3\u5b9a\u5728\u8be5\u673a\u57fa\u7840\u4e0a\u91cd\u65b0\u7814\u53d1\u53cc\u53d1\u52a8\u673a\u7248\u672c\uff0c\u8fd9\u5c06\u63d0\u5347\u8f7d\u6cb9\u91cf\u548c\u8f7d\u5f39\u91cf\u3002", "events": [{"trigger": {"text": "\u6d4b\u8bd5", "offset": 24, "length": 2}, "object": {"text": "", "offset": 0, "length": 0}, "subject": {"text": "", "offset": 0, "length": 0}}, {"trigger": {"text": "\u7814\u53d1", "offset": 65, "length": 2}, "object": {"text": "", "offset": 0, "length": 0}, "subject": {"text": "", "offset": 0, "length": 0}}, {"trigger": {"text": "\u7814\u5236", "offset": 52, "length": 2}, "object": {"text": "", "offset": 0, "length": 0}, "subject": {"text": "", "offset": 0, "length": 0}}], "arguments": {"time": [], "loc": [], "country": [{"text": "\u5370\u5ea6", "offset": 28, "length": 2}], "weapon": [{"text": "\u201c\u5149\u8f89\u201d\u6218\u6597\u673a", "offset": 6, "length": 7}]}}, {"sentence": "\u9a6c\u8fbe\u54c8\u6587\u8bf4\uff1a\u201c\u5370\u5ea6\u6d77\u519b\u8ba4\u4e3a\u5355\u53d1\u7248\u7684LCA\u6218\u6597\u673a\u65e0\u6cd5\u6ee1\u8db3\u4f5c\u6218\u9700\u6c42\uff0c\u6d77\u519b\u9700\u8981\u7684\u662f\u53cc\u53d1\u6218\u6597\u673a\uff0c\u624d\u80fd\u6709\u66f4\u5927\u7684\u63a8\u529b\u8ba9\u6218\u673a\u643a\u5e26\u66f4\u591a\u7684\u6b66\u5668\u3002", "events": [{"trigger": {"text": "\u643a\u5e26", "offset": 55, "length": 2}, "object": {"text": "", "offset": 0, "length": 0}, "subject": {"text": "", "offset": 0, "length": 0}}], "arguments": {"time": [], "loc": [], "country": [{"text": "\u5370\u5ea6", "offset": 7, "length": 2}], "weapon": [{"text": "LCA\u6218\u6597\u673a", "offset": 17, "length": 6}, {"text": "\u53d1\u6218\u6597\u673a", "offset": 0, "length": 4}]}}, {"sentence": "\u6211\u4eec\u5df2\u7ecf\u542f\u52a8\u8be5\u9879\u76ee\uff0c\u672c\u6708\u5df2\u7ecf\u83b7\u5f97\u8bb8\u53ef\uff0c\u5e76\u5e0c\u671b\u8fd9\u6b3e\u6218\u673a\u80fd\u57286\u81f37\u5e74\u5185\u670d\u5f79\u3002", "events": [{"trigger": {"text": "\u670d\u5f79", "offset": 33, "length": 2}, "object": {"text": "", "offset": 0, "length": 0}, "subject": {"text": "", "offset": 0, "length": 0}}], "arguments": {"time": [{"text": "\u672c\u6708", "offset": 10, "length": 2}], "loc": [], "country": [], "weapon": [{"text": "\u6218\u673a", "offset": 24, "length": 2}]}}, {"sentence": "\u201d", "events": [], "arguments": {"time": [], "loc": [], "country": [], "weapon": []}}, {"sentence": "3\u3001\u5148\u8fdb\u4e2d\u578b\u6218\u6597\u673a\uff08AMCA\uff09", "events": [], "arguments": {"time": [], "loc": [], "country": [], "weapon": [{"text": "\u5148\u8fdb\u4e2d\u578b\u6218\u6597\u673a\uff08AMCA\uff09", "offset": 2, "length": 13}]}}, {"sentence": "\uff08AMCA\uff09", "events": [], "arguments": {"time": [], "loc": [], "country": [], "weapon": []}}, {"sentence": "\u5370\u5ea6\u7684AMCA\u56fd\u4ea7\u4e94\u4ee3\u673a\u8ba1\u5212\u5df2\u7ecf\u7b97\u4e0d\u4e0a\u662f\u65b0\u95fb\u4e86\uff0c\u8fd9\u6b3e\u6218\u6597\u673a\u5df2\u7ecf\u7814\u53d1\u591a\u5e74\uff0c\u6700\u65b0\u7684\u62a5\u9053\u79f0\u8be5\u6218\u6597\u673a\u7684\u7814\u5236\u4e0e\u591a\u5bb6\u79c1\u4f01\u5408\u4f5c\u5408\u4f5c\u3002", "events": [{"trigger": {"text": "\u7814\u53d1", "offset": 31, "length": 2}, "object": {"text": "", "offset": 0, "length": 0}, "subject": {"text": "", "offset": 0, "length": 0}}, {"trigger": {"text": "\u7814\u5236", "offset": 47, "length": 2}, "object": {"text": "", "offset": 0, "length": 0}, "subject": {"text": "", "offset": 0, "length": 0}}], "arguments": {"time": [], "loc": [], "country": [{"text": "\u5370\u5ea6", "offset": 0, "length": 2}], "weapon": [{"text": "AMCA\u56fd\u4ea7\u4e94\u4ee3\u673a", "offset": 3, "length": 9}]}}, {"sentence": "\u5370\u5ea6\u56fd\u9632\u53d1\u5c55\u7ec4\u7ec7\uff08DRDO\uff09\u4e0eHAL\u6b63\u5728\u5bfb\u627e\u5370\u5ea6\u56fd\u5185\u7684\u9ad8\u79d1\u6280\u516c\u53f8\u52a0\u5165\u7814\u53d1\u3002", "events": [{"trigger": {"text": "\u7814\u53d1", "offset": 34, "length": 2}, "object": {"text": "", "offset": 0, "length": 0}, "subject": {"text": "", "offset": 0, "length": 0}}], "arguments": {"time": [], "loc": [], "country": [{"text": "\u5370\u5ea6", "offset": 0, "length": 2}, {"text": "\u5370\u5ea6", "offset": 22, "length": 2}], "weapon": []}}, {"sentence": "\u76ee\u524d\u8be5\u6218\u6597\u673a\u8fd8\u505c\u7559\u5728\u7eb8\u9762\u8bbe\u8ba1\u7684\u9636\u6bb5\u3002", "events": [], "arguments": {"time": [], "loc": [], "country": [], "weapon": [{"text": "\u6218\u6597\u673a", "offset": 3, "length": 3}]}}]