[{"sentence": "\u5251\u6307\u4f55\u65b9\uff1f", "events": [], "arguments": {"time": [], "loc": [], "country": [], "weapon": []}}, {"sentence": "\u5317\u7ea6\u5728\u5317\u5927\u897f\u6d0b\u542f\u52a8\u5927\u578b\u8054\u5408\u53cd\u6f5c\u6f14\u4e60", "events": [{"trigger": {"text": "\u542f\u52a8", "offset": 7, "length": 2}, "subject": {"text": "\u5317\u7ea6\u5728\u5317\u5927\u897f\u6d0b", "offset": 0, "length": 7}, "object": {"text": "\u5927\u578b\u8054\u5408\u53cd\u6f5c\u6f14\u4e60", "offset": 9, "length": 8}}, {"trigger": {"text": "\u6f14\u4e60", "offset": 15, "length": 2}, "object": {"text": "", "offset": 0, "length": 0}, "subject": {"text": "", "offset": 0, "length": 0}}], "arguments": {"time": [], "loc": [{"text": "\u5317\u5927\u897f\u6d0b", "offset": 3, "length": 4}], "country": [{"text": "\u5317\u7ea6", "offset": 0, "length": 2}], "weapon": []}}, {"sentence": "\u3010\u73af\u7403\u7f51\u62a5\u9053 \u89c1\u4e60\u8bb0\u8005 \u9a6c\u5ca9\u3011", "events": [], "arguments": {"time": [], "loc": [], "country": [], "weapon": []}}, {"sentence": "\u636e\u7f8e\u56fd\u6d77\u519b\u5b98\u7f516\u670829\u65e5\u62a5\u9053\uff0c\u6765\u81ea\u7f8e\u56fd\u3001\u82f1\u56fd\u3001\u6cd5\u56fd\u3001\u5fb7\u56fd\u3001\u52a0\u62ff\u5927\u3001\u632a\u5a01\u3001\u51b0\u5c9b\u7b49\u591a\u4e2a\u5317\u7ea6\u56fd\u5bb6\u7684\u6d77\u519b\u8230\u8247\u5f53\u5929\u5728\u5317\u5927\u897f\u6d0b\u542f\u52a8\u201c\u6d3b\u529b\u732b\u9f2c-2020\u201d\u6f14\u4e60\uff0c\u6b64\u6f14\u4e60\u5c06\u6301\u7eed\u81f37\u670810\u65e5\u3002", "events": [{"trigger": {"text": "\u6f14\u4e60", "offset": 70, "length": 2}, "object": {"text": "", "offset": 0, "length": 0}, "subject": {"text": "", "offset": 0, "length": 0}}, {"trigger": {"text": "\u6f14\u4e60", "offset": 74, "length": 2}, "object": {"text": "", "offset": 0, "length": 0}, "subject": {"text": "", "offset": 0, "length": 0}}], "arguments": {"time": [{"text": "6\u670829\u65e5", "offset": 7, "length": 5}, {"text": "7\u670810\u65e5", "offset": 80, "length": 5}], "loc": [{"text": "\u5317\u5927\u897f\u6d0b", "offset": 53, "length": 4}], "country": [{"text": "\u7f8e\u56fd", "offset": 17, "length": 2}, {"text": "\u82f1\u56fd", "offset": 20, "length": 2}, {"text": "\u6cd5\u56fd", "offset": 23, "length": 2}, {"text": "\u5fb7\u56fd", "offset": 26, "length": 2}, {"text": "\u52a0\u62ff\u5927", "offset": 29, "length": 3}, {"text": "\u632a\u5a01", "offset": 33, "length": 2}, {"text": "\u51b0\u5c9b", "offset": 36, "length": 2}, {"text": "\u7f8e\u56fd", "offset": 1, "length": 2}, {"text": "\u5317\u7ea6", "offset": 41, "length": 2}], "weapon": []}}, {"sentence": "\u7f8e\u56fd\u6d77\u519b\u6b64\u6b21\u6d3e\u51fa\u4e86\u963f\u5229\u00b7\u4f2f\u514b\u7ea7\u5bfc\u5f39\u9a71\u9010\u8230\u201c\u7f57\u65af\u798f\u201d\u53f7\u3001\u5f17\u5409\u5c3c\u4e9a\u7ea7\u653b\u51fb\u578b\u6838\u6f5c\u8247\u201c\u5370\u7b2c\u5b89\u7eb3\u201d\u53f7\u4ee5\u53ca\u4e24\u67b6P-8A\u201c\u6d77\u795e\u201d\u6d77\u4e0a\u5de1\u903b\u53cd\u6f5c\u673a\u53c2\u52a0\u6f14\u4e60\u3002", "events": [{"trigger": {"text": "\u53c2\u52a0\u6f14\u4e60", "offset": 64, "length": 4}, "object": {"text": "", "offset": 0, "length": 0}, "subject": {"text": "", "offset": 0, "length": 0}}], "arguments": {"time": [], "loc": [], "country": [{"text": "\u7f8e\u56fd", "offset": 0, "length": 2}], "weapon": [{"text": "\u963f\u5229\u00b7\u4f2f\u514b\u7ea7\u5bfc\u5f39\u9a71\u9010\u8230", "offset": 9, "length": 11}, {"text": "\u201c\u7f57\u65af\u798f\u201d\u53f7", "offset": 20, "length": 6}, {"text": "\u5f17\u5409\u5c3c\u4e9a\u7ea7\u653b\u51fb\u578b\u6838\u6f5c\u8247\u201c\u5370\u7b2c\u5b89\u7eb3\u201d\u53f7", "offset": 27, "length": 18}, {"text": "P-8A\u201c\u6d77\u795e\u201d\u6d77\u4e0a\u5de1\u903b\u53cd\u6f5c\u673a", "offset": 49, "length": 15}, {"text": "\u963f\u5229\u00b7\u4f2f\u514b\u7ea7\u5bfc\u5f39\u9a71\u9010\u8230\u201c\u7f57\u65af\u798f\u201d\u53f7", "offset": 9, "length": 17}]}}, {"sentence": "\u201c\u8fd9\u6b21\u6f14\u4e60\u5c06\u4f7f\u201c\u7f57\u65af\u798f\u201d\u53f7\u5bfc\u5f39\u9a71\u9010\u8230\u6709\u673a\u4f1a\u5229\u7528\u5176\u5148\u8fdb\u58f0\u5450\u7cfb\u7edf\uff0c\u5728\u8239\u53ea\u5bc6\u96c6\u7684\u6d77\u57df\u8fdb\u884c\u53cd\u6f5c\u8bad\u7ec3\uff0c\u5e76\u589e\u5f3a\u4e0e\u5317\u7ea6\u76df\u56fd\u7684\u519b\u8230\u534f\u540c\u884c\u52a8\u7684\u80fd\u529b\u201d\u3002", "events": [{"trigger": {"text": "\u8bad\u7ec3", "offset": 43, "length": 2}, "object": {"text": "", "offset": 0, "length": 0}, "subject": {"text": "", "offset": 0, "length": 0}}], "arguments": {"time": [], "loc": [], "country": [{"text": "\u5317\u7ea6", "offset": 50, "length": 2}], "weapon": [{"text": "\u201c\u7f57\u65af\u798f\u201d\u53f7\u5bfc\u5f39\u9a71\u9010\u8230", "offset": 7, "length": 11}]}}, {"sentence": "\u201c\u7f57\u65af\u798f\u201d\u53f7\u9a71\u9010\u8230\u8230\u957f\u745e\u5b89\u00b7\u80af\u8fbe\u5c14\u8bf4\u3002", "events": [], "arguments": {"time": [], "loc": [], "country": [], "weapon": [{"text": "\u201c\u7f57\u65af\u798f\u201d\u53f7\u9a71\u9010\u8230", "offset": 0, "length": 9}]}}, {"sentence": "\u62a5\u9053\u79f0\uff0c\u53d7\u65b0\u51a0\u75ab\u60c5\u7684\u5f71\u54cd\uff0c\u4e3a\u4fdd\u969c\u53c2\u6f14\u519b\u4eba\u7684\u751f\u547d\u5065\u5eb7\uff0c\u4eca\u5e74\u7684\u6f14\u4e60\u5c06\u4ec5\u5728\u6d77\u4e0a\u8fdb\u884c\u3002", "events": [{"trigger": {"text": "\u53c2\u6f14", "offset": 16, "length": 2}, "object": {"text": "", "offset": 0, "length": 0}, "subject": {"text": "", "offset": 0, "length": 0}}, {"trigger": {"text": "\u6f14\u4e60", "offset": 29, "length": 2}, "object": {"text": "", "offset": 0, "length": 0}, "subject": {"text": "", "offset": 0, "length": 0}}], "arguments": {"time": [], "loc": [{"text": "\u6d77\u4e0a", "offset": 34, "length": 2}], "country": [], "weapon": []}}, {"sentence": "\u4e3b\u5bfc\u6b64\u6b21\u6f14\u4e60\u7684\u7f8e\u6d77\u519b\u7b2c6\u8230\u961f\u603b\u90e8\u4f4d\u4e8e\u610f\u5927\u5229\u7684\u90a3\u4e0d\u52d2\u65af\uff0c\u5b83\u4e3b\u8981\u8d1f\u8d23\u5728\u6b27\u6d32\u548c\u975e\u6d32\u62d3\u5c55\u7f8e\u56fd\u7684\u5f71\u54cd\uff0c\u7ecf\u5e38\u4e0e\u76df\u56fd\u6d77\u519b\u4e3e\u884c\u8054\u5408\u6f14\u4e60\uff0c\u6216\u5f00\u5c55\u5176\u5b83\u5171\u540c\u884c\u52a8\u3002", "events": [{"trigger": {"text": "\u8054\u5408\u6f14\u4e60", "offset": 55, "length": 4}, "object": {"text": "", "offset": 0, "length": 0}, "subject": {"text": "", "offset": 0, "length": 0}}], "arguments": {"time": [], "loc": [{"text": "\u90a3\u4e0d\u52d2\u65af", "offset": 22, "length": 4}, {"text": "\u975e\u6d32", "offset": 36, "length": 2}], "country": [{"text": "\u610f\u5927\u5229", "offset": 18, "length": 3}, {"text": "\u6b27\u6d32", "offset": 33, "length": 2}, {"text": "\u7f8e\u56fd", "offset": 40, "length": 2}], "weapon": []}}]