[{"sentence": "\u5fb7\u56fd\u6d77\u519b\u91c7\u8d2d\u65b0\u53cd\u8230\u5bfc\u5f39\u00a0\u7531\u5fb7\u56fd\u548c\u745e\u5178\u8054\u5408\u7814\u53d1", "events": [{"trigger": {"text": "\u91c7\u8d2d", "offset": 4, "length": 2}, "subject": {"text": "\u5fb7\u56fd\u6d77\u519b", "offset": 0, "length": 4}, "object": {"text": "\u65b0\u53cd\u8230\u5bfc\u5f39\u00a0", "offset": 6, "length": 6}}, {"trigger": {"text": "\u8054\u5408\u7814\u53d1", "offset": 18, "length": 4}, "subject": {"text": "\u5fb7\u56fd\u548c\u745e\u5178", "offset": 13, "length": 5}, "object": {"text": "\u65b0\u53cd\u8230\u5bfc\u5f39\u00a0", "offset": 6, "length": 6}}], "arguments": {"time": [], "loc": [], "country": [{"text": "\u5fb7\u56fd", "offset": 13, "length": 2}, {"text": "\u745e\u5178", "offset": 16, "length": 2}], "weapon": [{"text": "\u65b0\u53cd\u8230\u5bfc\u5f39", "offset": 6, "length": 5}, {"text": "\u53cd\u8230\u5bfc\u5f39", "offset": 7, "length": 4}]}}, {"sentence": "\u3010\u73af\u7403\u7f51\u62a5\u9053 \u8bb0\u8005 \u9a6c\u5ca9\u3011", "events": [], "arguments": {"time": [], "loc": [], "country": [], "weapon": []}}, {"sentence": "\u636e\u201c\u9632\u52a1\u535a\u5ba2\u201d\u7f51\u7ad99\u670816\u65e5\u62a5\u9053\uff0c\u745e\u5178\u8428\u535a\u516c\u53f8\u5ba3\u5e03\u5176\u6536\u5230\u6765\u81ea\u5fb7\u56fd\u5408\u4f5c\u4f19\u4f34\u8fea\u5c14\u9632\u52a1\u516c\u53f8\u7684\u8ba2\u5355\uff0c\u5c06\u4e3a\u5fb7\u56fd\u6d77\u519b\u63d0\u4f9bRBS15\u53cd\u8230\u5bfc\u5f39\u3002", "events": [{"trigger": {"text": "\u63d0\u4f9b", "offset": 52, "length": 2}, "subject": {"text": "\u745e\u5178\u8428\u535a\u516c\u53f8", "offset": 17, "length": 6}, "object": {"text": "RBS15\u53cd\u8230\u5bfc\u5f39", "offset": 54, "length": 9}}], "arguments": {"time": [{"text": "9\u670816\u65e5", "offset": 9, "length": 5}], "loc": [], "country": [{"text": "\u745e\u5178", "offset": 17, "length": 2}, {"text": "\u5fb7\u56fd", "offset": 48, "length": 2}], "weapon": [{"text": "RBS15\u53cd\u8230\u5bfc\u5f39", "offset": 54, "length": 9}]}}, {"sentence": "\u8be5\u8ba2\u5355\u4ef7\u503c\u7ea61.94\u4ebf\u7f8e\u5143\uff0c\u4ea4\u4ed8\u65f6\u95f4\u4e3a2022\u81f32026\u5e74\u3002", "events": [], "arguments": {"time": [{"text": "2022\u81f32026\u5e74", "offset": 19, "length": 10}], "loc": [], "country": [], "weapon": []}}, {"sentence": "\u8be5\u8ba2\u5355\u7684RBS15\u5bfc\u5f39\u548c\u53d1\u5c04\u7cfb\u7edf\u5c06\u5b89\u88c5\u5728\u5fb7\u56fd\u6d77\u519b\u7684\u201c\u5e03\u52b3\u6069\u65bd\u5a01\u683c\u201d\u7ea7\u62a4\u536b\u8230\u4e0a\uff0c\u9664\u4e86\u5bfc\u5f39\uff0c\u8ba2\u5355\u8fd8\u5305\u62ec\u76f8\u5173\u7684\u8bbe\u5907\u548c\u670d\u52a1\u3002", "events": [{"trigger": {"text": "\u5b89\u88c5\u5728", "offset": 17, "length": 3}, "subject": {"text": "RBS15\u5bfc\u5f39\u548c\u53d1\u5c04\u7cfb\u7edf", "offset": 4, "length": 12}, "object": {"text": "\u5fb7\u56fd\u6d77\u519b\u7684\u201c\u5e03\u52b3\u6069\u65bd\u5a01\u683c\u201d\u7ea7\u62a4\u536b\u8230", "offset": 20, "length": 17}}], "arguments": {"time": [], "loc": [], "country": [{"text": "\u5fb7\u56fd", "offset": 20, "length": 2}], "weapon": [{"text": "\u201c\u5e03\u52b3\u6069\u65bd\u5a01\u683c\u201d\u7ea7\u62a4\u536b\u8230", "offset": 25, "length": 12}, {"text": "\u5bfc\u5f39", "offset": 41, "length": 2}, {"text": "RBS15\u5bfc\u5f39", "offset": 4, "length": 7}]}}, {"sentence": "\u5fb7\u56fd\u6d77\u519b\u4ece2011\u5e74\u5f00\u59cb\u4f7f\u7528RBS15\u53cd\u8230\u5bfc\u5f39\u3002", "events": [], "arguments": {"time": [{"text": "2011\u5e74", "offset": 5, "length": 5}], "loc": [], "country": [{"text": "\u5fb7\u56fd", "offset": 0, "length": 2}], "weapon": [{"text": "RBS15\u53cd\u8230\u5bfc\u5f39", "offset": 14, "length": 9}]}}, {"sentence": "RBS15\u5bfc\u5f39\u7531\u745e\u5178\u8428\u535a\u548c\u5fb7\u56fd\u8fea\u5c14\u516c\u53f8\u8054\u5408\u7814\u53d1\uff0c\u5b83\u5c04\u7a0b\u8fdc\u4e14\u5177\u6709\u5168\u5929\u5019\u7684\u53cd\u8230\u80fd\u529b\uff0c\u53ef\u4ee5\u5e94\u5bf9\u73b0\u4ee3\u6d77\u6218\u7684\u5404\u79cd\u6311\u6218\u3002", "events": [{"trigger": {"text": "\u8054\u5408\u7814\u53d1", "offset": 19, "length": 4}, "subject": {"text": "\u745e\u5178\u8428\u535a\u548c\u5fb7\u56fd\u8fea\u5c14\u516c\u53f8", "offset": 8, "length": 11}, "object": {"text": "RBS15\u5bfc\u5f39", "offset": 0, "length": 7}}], "arguments": {"time": [], "loc": [], "country": [{"text": "\u745e\u5178", "offset": 8, "length": 2}, {"text": "\u5fb7\u56fd", "offset": 13, "length": 2}], "weapon": [{"text": "RBS15\u5bfc\u5f39", "offset": 0, "length": 7}]}}, {"sentence": "\u5b83\u53ef\u4ee5\u90e8\u7f72\u5728\u591a\u79cd\u6d77\u4e0a\u5e73\u53f0\u4e0a\uff0c\u76ee\u524d\u5df2\u7ecf\u88c5\u5907\u591a\u4e2a\u56fd\u5bb6\u7684\u6d77\u519b\u3002", "events": [], "arguments": {"time": [], "loc": [], "country": [], "weapon": []}}]