[{"sentence": "\u7f8e\u519b\u540c\u65f6\u5411\u5357\u6d77\u8fde\u6d3e\u4e24\u67b6\u4fa6\u5bdf\u673a\u00a0\u5176\u4e2d\u4e00\u67b6\u98de\u673a6\u5929\u6765\u4e864\u6b21", "events": [], "arguments": {"time": [], "loc": [{"text": "\u5357\u6d77", "offset": 5, "length": 2}], "country": [{"text": "\u7f8e", "offset": 0, "length": 1}], "weapon": [{"text": "\u4fa6\u5bdf\u673a", "offset": 11, "length": 3}]}}, {"sentence": "\u3010\u73af\u7403\u7f51\u62a5\u9053 \u8bb0\u8005 \u5f90\u7490\u660e\u3011", "events": [], "arguments": {"time": [], "loc": [], "country": [], "weapon": []}}, {"sentence": "\u8fd1\u671f\u7f8e\u519b\u4fa6\u5bdf\u673a\u5728\u5357\u6d77\u5b9e\u65bd\u9ad8\u5f3a\u5ea6\u4fa6\u5bdf\u6d3b\u52a8\uff0c9\u670816\u65e5\uff0c\u7f8e\u519b\u88ab\u66dd\u540c\u65f6\u6d3e\u51fa\u4e24\u67b6\u4fa6\u5bdf\u673a\u8fdb\u5165\u5357\u6d77\uff0c\u5176\u4e2d\u7684\u4e00\u67b6E-8C\u7a7a\u5730\u76d1\u89c6\u98de\u673a\u662f\u81ea9\u670811\u65e5\u4ee5\u6765\u7b2c4\u6b21\u8fdb\u5165\u5357\u6d77\u3002", "events": [{"trigger": {"text": "\u8fdb\u5165", "offset": 71, "length": 2}, "subject": {"text": "\u7f8e\u519b", "offset": 26, "length": 2}, "object": {"text": "\u5357\u6d77", "offset": 73, "length": 2}}], "arguments": {"time": [{"text": "9\u670816\u65e5", "offset": 20, "length": 5}, {"text": "9\u670811\u65e5", "offset": 61, "length": 5}], "loc": [{"text": "\u5357\u6d77", "offset": 73, "length": 2}], "country": [{"text": "\u7f8e", "offset": 26, "length": 1}], "weapon": [{"text": "\u4fa6\u5bdf\u673a", "offset": 36, "length": 3}, {"text": "E-8C\u7a7a\u5730\u76d1\u89c6\u98de\u673a", "offset": 49, "length": 10}]}}, {"sentence": "\u201c\u5357\u6d77\u6218\u7565\u6001\u52bf\u611f\u77e5\u201d\u8ba1\u5212\u5e73\u53f09\u670816\u65e5\u53d1\u5e03\u6d88\u606f\u79f0\uff0c\u5f53\u5929\u4e0a\u53488\u70b9\u534a\u5de6\u53f3\uff0c\u4e00\u67b6\u7f8e\u56fd\u7a7a\u519b\u7684E-8C\u7a7a\u5730\u76d1\u89c6\u98de\u673a\u548c\u4e00\u67b6\u7f8e\u56fd\u6d77\u519b\u7684EP-3E\u7535\u5b50\u4fa6\u5bdf\u673a\uff0c\u9014\u5f84\u5df4\u58eb\u6d77\u5ce1\u8fdb\u5165\u5357\u6d77\u3002", "events": [{"trigger": {"text": "\u8fdb\u5165", "offset": 77, "length": 2}, "subject": {"text": "\u7f8e\u56fd\u7a7a\u519b\u7684E-8C\u7a7a\u5730\u76d1\u89c6\u98de\u673a\u548c\u4e00\u67b6\u7f8e\u56fd\u6d77\u519b\u7684EP-3E\u7535\u5b50\u4fa6\u5bdf\u673a", "offset": 37, "length": 33}, "object": {"text": "\u5357\u6d77", "offset": 79, "length": 2}}], "arguments": {"time": [{"text": "9\u670816\u65e5", "offset": 14, "length": 5}, {"text": "\u5f53\u5929\u4e0a\u53488\u70b9\u534a\u5de6\u53f3", "offset": 25, "length": 9}], "loc": [{"text": "\u5df4\u58eb\u6d77\u5ce1", "offset": 73, "length": 4}, {"text": "\u5357\u6d77", "offset": 79, "length": 2}], "country": [{"text": "\u7f8e\u56fd", "offset": 55, "length": 2}], "weapon": [{"text": "E-8C\u7a7a\u5730\u76d1\u89c6\u98de\u673a", "offset": 42, "length": 10}, {"text": "EP-3E\u7535\u5b50\u4fa6\u5bdf\u673a", "offset": 60, "length": 10}]}}, {"sentence": "\u201c\u5357\u6d77\u6218\u7565\u6001\u52bf\u611f\u77e5\u201d\u8ba1\u5212\u5e73\u53f09\u670816\u65e5\u53d1\u5e03\u7684\u7f8e\u519b\u4fa6\u5bdf\u673a\u5728\u5357\u6d77\u98de\u884c\u8def\u7ebf", "events": [], "arguments": {"time": [{"text": "9\u670816\u65e5", "offset": 14, "length": 5}], "loc": [{"text": "\u5357\u6d77", "offset": 28, "length": 2}], "country": [{"text": "\u7f8e", "offset": 22, "length": 1}], "weapon": [{"text": "\u7f8e\u519b\u4fa6\u5bdf\u673a", "offset": 22, "length": 5}]}}, {"sentence": "\u201c\u5357\u6d77\u6218\u7565\u6001\u52bf\u611f\u77e5\u201d\u8ba1\u5212\u5e73\u53f0\u8fd8\u8868\u793a\uff0c\u8fd9\u662f\u8fd9\u67b6\u7f16\u53f7\u4e3a96-0042\u7684\u7f8e\u56fd\u7a7a\u519bE-8C\u7a7a\u5730\u76d1\u89c6\u98de\u673a\u81ea9\u670811\u65e5\u4ee5\u6765\u7b2c4\u6b21\u8fdb\u5165\u5357\u6d77\u6267\u884c\u4efb\u52a1\u3002", "events": [{"trigger": {"text": "\u8fdb\u5165", "offset": 58, "length": 2}, "subject": {"text": "E-8C\u7a7a\u5730\u76d1\u89c6\u98de\u673a", "offset": 37, "length": 10}, "object": {"text": "\u5357\u6d77", "offset": 60, "length": 2}}], "arguments": {"time": [{"text": "9\u670811\u65e5", "offset": 48, "length": 5}], "loc": [{"text": "\u5357\u6d77", "offset": 60, "length": 2}], "country": [{"text": "\u7f8e\u56fd", "offset": 33, "length": 2}], "weapon": [{"text": "E-8C\u7a7a\u5730\u76d1\u89c6\u98de\u673a", "offset": 37, "length": 10}]}}, {"sentence": "\u8be5\u673a\u66fe\u57289\u670811\u65e5\u30019\u670813\u65e5\u548c9\u670814\u65e5\uff0c\u98de\u5165\u5357\u6d77\u5b9e\u65bd\u9ad8\u5f3a\u5ea6\u4fa6\u5bdf\u3002", "events": [], "arguments": {"time": [{"text": "9\u670811\u65e5", "offset": 4, "length": 5}, {"text": "9\u670813\u65e5", "offset": 10, "length": 5}, {"text": "9\u670814\u65e5", "offset": 16, "length": 5}], "loc": [{"text": "\u5357\u6d77", "offset": 24, "length": 2}], "country": [], "weapon": []}}, {"sentence": "\u7f8e\u56fd\u7a7a\u519b\u88c5\u5907\u7684E-8C\u201c\u8054\u5408\u661f\u201d\u98de\u673a\u662f\u4e00\u6b3e\u7a7a\u5730\u76d1\u89c6\u98de\u673a\u3002", "events": [], "arguments": {"time": [], "loc": [], "country": [{"text": "\u7f8e\u56fd", "offset": 0, "length": 2}], "weapon": [{"text": "E-8C\u201c\u8054\u5408\u661f\u201d\u98de\u673a", "offset": 7, "length": 11}]}}, {"sentence": "\u8be5\u673a\u578b\u5168\u79f0\u4e3a\u201c\u8054\u5408\u76d1\u89c6\u76ee\u6807\u653b\u51fb\u96f7\u8fbe\u7cfb\u7edf\u201d(JointSTARS)\uff0c\u642d\u8f7d\u6709\u7f8e\u519b\u6700\u5148\u8fdb\u7684\u673a\u8f7d\u5bf9\u5730\u76d1\u89c6\u3001\u76ee\u6807\u641c\u7d22\u548c\u6218\u573a\u7ba1\u7406\u7cfb\u7edf\uff0c\u582a\u79f0\u7f8e\u519b\u7a7a\u5730\u4e00\u4f53\u4f5c\u6218\u7684\u201c\u4e2d\u67a2\u795e\u7ecf\u201d\u3002", "events": [], "arguments": {"time": [], "loc": [], "country": [{"text": "\u7f8e", "offset": 63, "length": 1}], "weapon": [{"text": "\u201c\u8054\u5408\u76d1\u89c6\u76ee\u6807\u653b\u51fb\u96f7\u8fbe\u7cfb\u7edf\u201d", "offset": 6, "length": 14}, {"text": "\u201c\u8054\u5408\u76d1\u89c6\u76ee\u6807\u653b\u51fb\u96f7\u8fbe\u7cfb\u7edf\u201d(JointSTARS)", "offset": 6, "length": 26}]}}, {"sentence": "\u8be5\u673a\u53ef\u4ee5\u5728\u9632\u533a\u5916\u5bf9\u5730\u9762\u76ee\u6807\u8fdb\u884c\u63a2\u6d4b\u3001\u8bc6\u522b\u3001\u5206\u7c7b\uff0c\u5e76\u5b9e\u65f6\u5c06\u6570\u636e\u4f20\u9012\u7ed9\u540e\u65b9\u6307\u6325\u6240\u3002", "events": [], "arguments": {"time": [], "loc": [], "country": [], "weapon": []}}, {"sentence": "\u7f8e\u56fd\u7a7a\u519bE-8C\u7a7a\u5730\u76d1\u89c6\u98de\u673a", "events": [], "arguments": {"time": [], "loc": [], "country": [{"text": "\u7f8e\u56fd", "offset": 0, "length": 2}], "weapon": [{"text": "E-8C\u7a7a\u5730\u76d1\u89c6\u98de\u673a", "offset": 4, "length": 10}]}}, {"sentence": "\u201c\u5357\u6d77\u6218\u7565\u6001\u52bf\u611f\u77e5\u201d\u6b64\u524d\u8868\u793a\uff0cE-8C\u98de\u673a\u6240\u76d1\u63a7\u7684\u5bf9\u8c61\u5e76\u4e0d\u662f\u7a7a\u4e2d\u548c\u6c34\u9762\u76ee\u6807\uff0c\u800c\u4e3b\u8981\u662f\u5730\u9762\u76ee\u6807\u7535\u5b50\u548c\u96f7\u8fbe\u7cfb\u7edf\uff0c\u7528\u4e8e\u5bf9\u5730\u9762\u9759\u6b62\u6216\u6d3b\u52a8\u76ee\u6807\u8fdb\u884c\u5b9a\u4f4d\u3001\u63a2\u6d4b\u4e0e\u8ddf\u8e2a\uff0c\u5176\u7eb5\u6df1\u8ddd\u79bb\u53ef\u8fbe\u5230250\u516c\u91cc\u5de6\u53f3\u3002", "events": [], "arguments": {"time": [], "loc": [], "country": [], "weapon": [{"text": "E-8C\u98de\u673a", "offset": 15, "length": 6}]}}, {"sentence": "\u8be5\u5e73\u53f0\u6307\u51fa\uff0cE-8C\u5982\u6b64\u9891\u7e41\u5730\u62b5\u8fd1\u4e2d\u56fd\u5e7f\u4e1c\u3001\u6d77\u5357\u5c9b\u8fd1\u6d77\uff0c\u5728\u5386\u53f2\u4e0a\u4e5f\u8f83\u4e3a\u5c11\u89c1\u3002", "events": [], "arguments": {"time": [], "loc": [{"text": "\u4e2d\u56fd\u5e7f\u4e1c", "offset": 17, "length": 4}, {"text": "\u6d77\u5357\u5c9b\u8fd1\u6d77", "offset": 22, "length": 5}], "country": [{"text": "\u4e2d\u56fd", "offset": 17, "length": 2}], "weapon": [{"text": "E-8C", "offset": 6, "length": 4}]}}, {"sentence": "9\u67089\u65e5\uff0c\u4e2d\u56fd\u56fd\u52a1\u59d4\u5458\u517c\u5916\u957f\u738b\u6bc5\u5728\u51fa\u5e2d\u7b2c\u5341\u5c4a\u4e1c\u4e9a\u5cf0\u4f1a\u5916\u957f\u4f1a\u65f6\u8868\u793a\uff0c\u4ec5\u4e0a\u534a\u5e74\uff0c\u7f8e\u56fd\u5c31\u6d3e\u51fa\u8fd13000\u67b6\u6b21\u519b\u673a\u300160\u4f59\u8258\u6b21\u519b\u8230\uff0c\u5305\u62ec\u591a\u6279\u6b21\u8f70\u70b8\u673a\u548c\u53cc\u822a\u6bcd\u7f16\u961f\uff0c\u4e0d\u65ad\u5728\u5357\u6d77\u70ab\u8000\u6b66\u529b\uff0c\u5f3a\u5316\u519b\u4e8b\u90e8\u7f72\uff0c\u751a\u81f3\u5728\u4e0e\u5176\u6beb\u4e0d\u76f8\u5e72\u7684\u4e89\u8bae\u6d77\u57df\u6a2a\u51b2\u76f4\u649e\uff0c\u8086\u610f\u63a8\u9ad8\u5730\u533a\u51b2\u7a81\u98ce\u9669\uff0c\u6b63\u5728\u6210\u4e3a\u5357\u6d77\u519b\u4e8b\u5316\u7684\u6700\u5927\u63a8\u624b\u3002", "events": [{"trigger": {"text": "\u70ab\u8000\u6b66\u529b", "offset": 81, "length": 4}, "subject": {"text": "\u7f8e\u56fd", "offset": 38, "length": 2}, "object": {"text": "\u5357\u6d77", "offset": 127, "length": 2}}], "arguments": {"time": [{"text": "9\u67089\u65e5", "offset": 0, "length": 4}], "loc": [{"text": "\u5357\u6d77", "offset": 127, "length": 2}], "country": [{"text": "\u4e2d\u56fd", "offset": 5, "length": 2}, {"text": "\u7f8e\u56fd", "offset": 38, "length": 2}], "weapon": [{"text": "\u519b\u673a", "offset": 50, "length": 2}, {"text": "\u519b\u8230", "offset": 58, "length": 2}, {"text": "\u8f70\u70b8\u673a", "offset": 66, "length": 3}, {"text": "\u53cc\u822a\u6bcd\u7f16\u961f", "offset": 70, "length": 5}, {"text": "\u822a\u6bcd", "offset": 71, "length": 2}]}}, {"sentence": "\u5bf9\u4e8e\u7f8e\u519b\u8fd1\u671f\u5728\u4e2d\u56fd\u5468\u8fb9\u6d3b\u52a8\u9891\u7e41\u7b49\u60c5\u51b5\uff0c\u4e2d\u56fd\u56fd\u9632\u90e8\u65b0\u95fb\u53d1\u8a00\u4eba\u5434\u8c26\u5927\u6821\u57288\u670827\u65e5\u7684\u4f8b\u884c\u8bb0\u8005\u4f1a\u4e0a\u56de\u5e94\u79f0\uff0c\u8fd1\u671f\uff0c\u7f8e\u65b9\u52a0\u5927\u5bf9\u534e\u6311\u8845\u65bd\u538b\u529b\u5ea6\uff0c\u5bf9\u6b64\u6211\u4eec\u7684\u6001\u5ea6\u6e05\u6670\u660e\u786e\uff1a\u4e00\u662f\u53cd\u5bf9\uff0c\u4e8c\u662f\u4e0d\u6015\u3002", "events": [], "arguments": {"time": [{"text": "8\u670827\u65e5", "offset": 34, "length": 5}], "loc": [], "country": [{"text": "\u7f8e", "offset": 53, "length": 1}, {"text": "\u4e2d\u56fd", "offset": 19, "length": 2}], "weapon": []}}, {"sentence": "\u7f8e\u65b9\u4e00\u4e9b\u653f\u5ba2\u5728\u5927\u9009\u524d\u4e3a\u4e86\u4e00\u5df1\u79c1\u5229\uff0c\u6781\u529b\u7834\u574f\u4e2d\u7f8e\u4e24\u56fd\u4e24\u519b\u5173\u7cfb\uff0c\u751a\u81f3\u5984\u56fe\u5236\u9020\u610f\u5916\u4e8b\u4ef6\u548c\u519b\u4e8b\u51b2\u7a81\uff0c\u8fd9\u79cd\u884c\u5f84\u7f6e\u53cc\u65b9\u4e00\u7ebf\u5b98\u5175\u751f\u547d\u5b89\u5371\u4e8e\u4e0d\u987e\uff0c\u7f6e\u4e24\u56fd\u4eba\u6c11\u6839\u672c\u5229\u76ca\u4e8e\u4e0d\u987e\uff0c\u7f6e\u4e16\u754c\u4eba\u6c11\u548c\u5e73\u8bc9\u6c42\u4e8e\u4e0d\u987e\uff0c\u662f\u6781\u4e0d\u5f97\u4eba\u5fc3\u7684\u3002", "events": [], "arguments": {"time": [], "loc": [], "country": [{"text": "\u7f8e", "offset": 22, "length": 1}, {"text": "\u4e2d", "offset": 21, "length": 1}], "weapon": []}}, {"sentence": "\u4e2d\u56fd\u519b\u961f\u5c06\u575a\u5b9a\u634d\u536b\u56fd\u5bb6\u4e3b\u6743\u3001\u5b89\u5168\u3001\u53d1\u5c55\u5229\u76ca\uff0c\u575a\u5b9a\u7ef4\u62a4\u4e16\u754c\u548c\u5730\u533a\u548c\u5e73\u7a33\u5b9a\u3002", "events": [], "arguments": {"time": [], "loc": [], "country": [{"text": "\u4e2d", "offset": 0, "length": 1}], "weapon": []}}, {"sentence": "\u6211\u4eec\u5949\u529d\u7f8e\u65b9\u4e00\u4e9b\u653f\u5ba2\u8ba4\u6e05\u73b0\u5b9e\uff0c\u4fdd\u6301\u7406\u6027\uff0c\u505c\u6b62\u6311\u8845\uff0c\u63a8\u52a8\u4e24\u56fd\u4e24\u519b\u5173\u7cfb\u56de\u5230\u6b63\u786e\u7684\u8f68\u9053\u3002", "events": [], "arguments": {"time": [], "loc": [], "country": [{"text": "\u7f8e\u65b9", "offset": 4, "length": 2}], "weapon": []}}]