[{"sentence": "\u5df4\u57fa\u65af\u5766\u7a7a\u519b\u4e00\u67b6\u6218\u673a\u5760\u6bc1\u00a0\u98de\u884c\u5458\u6210\u529f\u5f39\u5c04\u9003\u751f", "events": [{"trigger": {"text": "\u5760\u6bc1", "offset": 10, "length": 2}, "subject": {"text": "\u5df4\u57fa\u65af\u5766\u7a7a\u519b\u4e00\u67b6\u6218\u673a", "offset": 0, "length": 10}, "object": {"text": "", "offset": 0, "length": 0}}], "arguments": {"time": [], "loc": [], "country": [{"text": "\u5df4\u57fa\u65af\u5766", "offset": 0, "length": 4}], "weapon": [{"text": "\u6218\u673a", "offset": 8, "length": 2}]}}, {"sentence": "\u3010\u73af\u7403\u7f51\u62a5\u9053 \u8bb0\u8005 \u5f90\u7490\u660e\u3011", "events": [], "arguments": {"time": [], "loc": [], "country": [], "weapon": []}}, {"sentence": "\u636e\u5df4\u57fa\u65af\u5766\u901a\u8baf\u793e9\u670815\u65e5\u62a5\u9053\uff0c\u4e00\u67b6\u5df4\u57fa\u65af\u5766\u7a7a\u519b\u98de\u673a\u5728Pindigheb\u5730\u533a\u5760\u6bc1\uff0c\u98de\u884c\u5458\u6210\u529f\u5f39\u5c04\u9003\u751f\u3002", "events": [{"trigger": {"text": "\u5760\u6bc1", "offset": 38, "length": 2}, "subject": {"text": "\u5df4\u57fa\u65af\u5766\u7a7a\u519b\u98de\u673a", "offset": 18, "length": 8}, "object": {"text": "", "offset": 0, "length": 0}}], "arguments": {"time": [{"text": "9\u670815\u65e5", "offset": 8, "length": 5}], "loc": [{"text": "Pindigheb\u5730\u533a", "offset": 27, "length": 11}], "country": [{"text": "\u5df4\u57fa\u65af\u5766", "offset": 18, "length": 4}], "weapon": [{"text": "\u7a7a\u519b\u98de\u673a", "offset": 22, "length": 4}]}}, {"sentence": "\u62a5\u9053\u79f0\uff0c\u8fd9\u67b6\u6218\u673a\u5f53\u65f6\u6b63\u5728\u6267\u884c\u4f8b\u884c\u8bad\u7ec3\u4efb\u52a1\u3002", "events": [], "arguments": {"time": [], "loc": [], "country": [], "weapon": [{"text": "\u6218\u673a", "offset": 6, "length": 2}]}}, {"sentence": "\u5df4\u57fa\u65af\u5766\u7a7a\u519b\u5728\u4e00\u4efd\u65b0\u95fb\u7a3f\u4e2d\u8bf4\uff0c\u76ee\u524d\u6ca1\u6709\u6536\u5230\u5730\u9762\u4eba\u5458\u4f24\u4ea1\u548c\u8d22\u4ea7\u635f\u5931\u7684\u62a5\u544a\u3002", "events": [], "arguments": {"time": [], "loc": [], "country": [{"text": "\u5df4\u57fa\u65af\u5766", "offset": 0, "length": 4}], "weapon": []}}, {"sentence": "\u8c03\u67e5\u59d4\u5458\u4f1a\u5df2\u7ecf\u5f00\u59cb\u5bf9\u4e8b\u6545\u539f\u56e0\u8fdb\u884c\u8c03\u67e5\u3002", "events": [], "arguments": {"time": [], "loc": [], "country": [], "weapon": []}}, {"sentence": "\u53e6\u636e\u5df4\u57fa\u65af\u5766\u300a\u9ece\u660e\u62a5\u300b\u7684\u62a5\u9053\uff0c\u8fd9\u8d77\u4e8b\u6545\u53d1\u751f\u4e8e9\u670814\u65e5\uff0c\u8fd9\u662f\u5df4\u57fa\u65af\u5766\u7a7a\u519b\u81ea\u4eca\u5e74\u5e74\u521d\u4ee5\u6765\u53d1\u751f\u7684\u7b2c5\u8d77\u5760\u673a\u4e8b\u6545\u3002", "events": [], "arguments": {"time": [{"text": "9\u670814\u65e5", "offset": 22, "length": 5}], "loc": [], "country": [{"text": "\u5df4\u57fa\u65af\u5766", "offset": 30, "length": 4}], "weapon": []}}, {"sentence": "\u4eca\u5e743\u6708\uff0c\u4e00\u67b6\u5df4\u57fa\u65af\u5766\u7a7a\u519b\u7684F-16\u6218\u6597\u673a\u5728\u8fdb\u884c\u9605\u5175\u5f69\u6392\u65f6\u5760\u6bc1\uff0c\u98de\u884c\u5458\u727a\u7272\uff1b2\u670812\u65e5\uff0c\u5df4\u57fa\u65af\u5766\u7a7a\u519b\u4e00\u67b6\u6559\u7ec3\u673a\u5728\u6267\u884c\u4f8b\u884c\u8bad\u7ec3\u65f6\u5760\u6bc1\uff0c\u98de\u884c\u5458\u751f\u8fd8\uff1b\u540c\u6837\u662f\u57282\u6708\uff0c\u4e00\u67b6\u6267\u884c\u4f5c\u6218\u8bad\u7ec3\u4efb\u52a1\u7684\u201c\u5e7b\u5f71\u201d\u6218\u6597\u673a\u5760\u6bc1\uff0c\u98de\u884c\u5458\u6210\u529f\u5f39\u5c04\u751f\u8fd8\uff1b1\u6708\u521d\uff0c\u5df4\u57fa\u65af\u5766\u7a7a\u519b\u4e00\u67b6FT-7\u6218\u6597/\u6559\u7ec3\u673a\u5728\u6267\u884c\u8bad\u7ec3\u4efb\u52a1\u65f6\u5760\u6bc1\uff0c\u673a\u4e0a\u7684\u4e24\u540d\u98de\u884c\u5458\u4e27\u751f\u3002", "events": [{"trigger": {"text": "\u5760\u6bc1", "offset": 140, "length": 2}, "subject": {"text": "\u201c\u5e7b\u5f71\u201d\u6218\u6597\u673a", "offset": 90, "length": 7}, "object": {"text": "", "offset": 0, "length": 0}}], "arguments": {"time": [{"text": "\u4eca\u5e743\u6708", "offset": 0, "length": 4}, {"text": "2\u670812\u65e5", "offset": 38, "length": 5}, {"text": "1\u6708\u521d", "offset": 110, "length": 3}], "loc": [], "country": [{"text": "\u5df4\u57fa\u65af\u5766", "offset": 114, "length": 4}], "weapon": [{"text": "F-16\u6218\u6597\u673a", "offset": 14, "length": 7}, {"text": "\u201c\u5e7b\u5f71\u201d\u6218\u6597\u673a", "offset": 90, "length": 7}, {"text": "FT-7\u6218\u6597/\u6559\u7ec3\u673a", "offset": 122, "length": 10}]}}]