[{"sentence": "\u7f8e\u519b\u8230\u8f7d\u673a\u5f39\u5c04\u8d77\u98de\u65f6\u526f\u6cb9\u7bb1\u8131\u843d\u00a0\u76f4\u63a5\u683d\u8fdb\u6d77\u91cc", "events": [{"trigger": {"text": "\u683d\u8fdb", "offset": 18, "length": 2}, "subject": {"text": "\u526f\u6cb9\u7bb1\u8131\u843d", "offset": 10, "length": 5}, "object": {"text": "\u6d77\u91cc", "offset": 20, "length": 2}}, {"trigger": {"text": "\u8131\u843d", "offset": 13, "length": 2}, "subject": {"text": "\u7f8e\u519b\u8230\u8f7d\u673a", "offset": 0, "length": 5}, "object": {"text": "\u526f\u6cb9\u7bb1", "offset": 10, "length": 3}}], "arguments": {"time": [], "loc": [], "country": [{"text": "\u7f8e", "offset": 0, "length": 1}], "weapon": [{"text": "\u8230\u8f7d\u673a", "offset": 2, "length": 3}]}}, {"sentence": "\u3010\u73af\u7403\u7f51\u62a5\u9053 \u8bb0\u8005 \u5f90\u7490\u660e\u3011", "events": [], "arguments": {"time": [], "loc": [], "country": [], "weapon": []}}, {"sentence": "\u636e\u7f8e\u56fdThe Drive\u7f51\u7ad9\u201c\u6218\u533a\u201d\u4e13\u680f9\u670814\u65e5\u62a5\u9053\uff0c\u4e00\u6bb5\u5728\u4e92\u8054\u7f51\u4e0a\u6d41\u4f20\u7684\u89c6\u9891\u663e\u793a\uff0c\u4e00\u67b6\u7f8e\u56fd\u6d77\u519b\u7684F/A-18\u8230\u8f7d\u6218\u6597\u673a\u5728\u4ece\u822a\u6bcd\u7532\u677f\u8d77\u98de\u65f6\uff0c\u53d1\u751f\u4e86\u526f\u6cb9\u7bb1\u6389\u843d\u7684\u610f\u5916\u4e8b\u6545\u3002", "events": [{"trigger": {"text": "\u6389\u843d", "offset": 77, "length": 2}, "subject": {"text": "F/A-18\u8230\u8f7d\u6218\u6597\u673a", "offset": 50, "length": 11}, "object": {"text": "\u526f\u6cb9\u7bb1", "offset": 74, "length": 3}}], "arguments": {"time": [{"text": "9\u670814\u65e5", "offset": 20, "length": 5}], "loc": [], "country": [{"text": "\u7f8e\u56fd", "offset": 45, "length": 2}], "weapon": [{"text": "F/A-18\u8230\u8f7d\u6218\u6597\u673a", "offset": 50, "length": 11}]}}, {"sentence": "\u62a5\u9053\u79f0\uff0c\u5f53\u65f6\u8fd9\u67b6F/A-18\u8230\u8f7d\u6218\u6597\u673a\u6b63\u5728\u8fdb\u884c\u5f39\u5c04\u8d77\u98de\u3002", "events": [], "arguments": {"time": [], "loc": [], "country": [], "weapon": [{"text": "F/A-18\u8230\u8f7d\u6218\u6597\u673a", "offset": 8, "length": 11}]}}, {"sentence": "\u822a\u6bcd\u7684\u5f39\u5c04\u5668\u80fd\u591f\u5c0625\u5428\u91cd\u7684\u6218\u6597\u673a\u5728\u5927\u7ea6300\u82f1\u5c3a\uff08\u7ea6\u540891\u7c73\uff09\u7684\u8ddd\u79bb\u5185\u4ece0\u901f\u5ea6\u52a0\u901f\u5230130\u8282\u7684\u901f\u5ea6\uff0c\u5728\u8fd9\u4e00\u8fc7\u7a0b\u4e2d\u98de\u884c\u5458\u3001\u673a\u7ec4\u4eba\u5458\u4ee5\u53ca\u6218\u673a\u4e0a\u7684\u8f7d\u8377\u9700\u8981\u627f\u53d74\u500d\u7684\u91cd\u529b\u52a0\u901f\u5ea6\u3002", "events": [], "arguments": {"time": [], "loc": [], "country": [], "weapon": [{"text": "\u822a\u6bcd", "offset": 0, "length": 2}, {"text": "\u6218\u6597\u673a", "offset": 14, "length": 3}]}}, {"sentence": "\u5c31\u5728\u8fd9\u6837\u7684\u60c5\u51b5\u4e0b\uff0c\u8fd9\u67b6F/A-18\u8230\u8f7d\u6218\u6597\u673a\u7684\u526f\u6cb9\u7bb1\u4ece\u6218\u673a\u4e0a\u6389\u843d\uff0c\u5e76\u5728\u822a\u6bcd\u7684\u6b63\u524d\u65b9\u5760\u5165\u4e86\u5927\u6d77\u3002", "events": [{"trigger": {"text": "\u5760\u5165\u4e86\u5927\u6d77", "offset": 41, "length": 5}, "subject": {"text": "F/A-18\u8230\u8f7d\u6218\u6597\u673a\u7684\u526f\u6cb9\u7bb1", "offset": 11, "length": 15}, "object": {"text": "", "offset": 0, "length": 0}}], "arguments": {"time": [], "loc": [], "country": [], "weapon": [{"text": "F/A-18\u8230\u8f7d\u6218\u6597\u673a", "offset": 11, "length": 11}]}}, {"sentence": "\u62a5\u9053\u5e76\u672a\u63d0\u53ca\u6b64\u6b21\u4e8b\u6545\u53d1\u751f\u7684\u5177\u4f53\u65f6\u95f4\u548c\u5730\u70b9\uff0c\u4e5f\u8fd8\u4e0d\u6e05\u695a\u8fd9\u8d77\u4e8b\u6545\u7684\u5177\u4f53\u539f\u56e0\uff0c\u53ef\u80fd\u662f\u6cb9\u7bb1\u6ca1\u6709\u88ab\u7a33\u56fa\u5730\u56fa\u5b9a\u6216\u662f\u51fa\u73b0\u6545\u969c\u5bfc\u81f4\u88ab\u610f\u5916\u629b\u5f03\u3002", "events": [], "arguments": {"time": [], "loc": [], "country": [], "weapon": []}}, {"sentence": "\u6240\u5e78\u7684\u662f\uff0c\u8fd9\u8d77\u4e8b\u6545\u6ca1\u6709\u9020\u6210\u4eba\u5458\u4f24\u4ea1\u3002", "events": [], "arguments": {"time": [], "loc": [], "country": [], "weapon": []}}, {"sentence": "\u4ece\u822a\u7a7a\u4f5c\u6218\u7684\u603b\u4f53\u6210\u672c\u6765\u770b\uff0c\u4e22\u5931\u4e00\u4e2a\u526f\u6cb9\u7bb1\u7684\u635f\u5931\u5e76\u6ca1\u6709\u5f88\u5927\uff0c\u4e00\u5177\u526f\u6cb9\u7bb1\u4ec5\u9700\u8981\u82b1\u8d39\u6570\u5343\u7f8e\u5143\u3002", "events": [], "arguments": {"time": [], "loc": [], "country": [], "weapon": []}}]