[{"sentence": "\u7f8e\u5a92\u63ed\u79d8\u4f0a\u6717\u6700\u5927\u56fd\u4ea7\u6f5c\u8247\uff1a\u80fd\u88c56\u679a\u5bfc\u5f39\u00a0\u8fd8\u6709\u795e\u79d8\u5bb9\u5668", "events": [{"trigger": {"text": "\u63ed\u79d8", "offset": 2, "length": 2}, "subject": {"text": "\u7f8e\u5a92", "offset": 0, "length": 2}, "object": {"text": "\u4f0a\u6717\u6700\u5927\u56fd\u4ea7\u6f5c\u8247", "offset": 4, "length": 8}}], "arguments": {"time": [], "loc": [], "country": [{"text": "\u7f8e", "offset": 0, "length": 1}, {"text": "\u4f0a\u6717", "offset": 4, "length": 2}], "weapon": [{"text": "\u6f5c\u8247", "offset": 10, "length": 2}, {"text": "\u5bfc\u5f39", "offset": 17, "length": 2}]}}, {"sentence": "\u3010\u73af\u7403\u7f51\u62a5\u9053 \u8bb0\u8005 \u5f90\u7490\u660e\u3011", "events": [], "arguments": {"time": [], "loc": [], "country": [], "weapon": []}}, {"sentence": "\u636e\u7f8e\u56fd\u300a\u56fd\u5bb6\u5229\u76ca\u300b\u6742\u5fd7\u7f51\u7ad99\u670814\u65e5\u62a5\u9053\uff0c\u5728\u4f0a\u6717\u56fd\u5bb6\u7535\u89c6\u53f0\u8fd1\u65e5\u516c\u5e03\u4e00\u6bb5\u6f14\u4e60\u753b\u9762\u4e2d\uff0c\u4f0a\u6717\u6700\u65b0\u578b\u7684\u56fd\u4ea7\u201c\u6cd5\u5854\u8d6b\u201d\u7ea7\u6f5c\u8247\u77ed\u6682\u4eae\u76f8\u3002", "events": [{"trigger": {"text": "\u4eae\u76f8", "offset": 59, "length": 2}, "subject": {"text": "\u4f0a\u6717", "offset": 41, "length": 2}, "object": {"text": "\u6700\u65b0\u578b\u7684\u56fd\u4ea7\u201c\u6cd5\u5854\u8d6b\u201d\u7ea7\u6f5c\u8247", "offset": 43, "length": 14}}], "arguments": {"time": [{"text": "9\u670814\u65e5", "offset": 13, "length": 5}], "loc": [], "country": [{"text": "\u7f8e\u56fd", "offset": 1, "length": 2}, {"text": "\u4f0a\u6717", "offset": 41, "length": 2}], "weapon": [{"text": "\u201c\u6cd5\u5854\u8d6b\u201d\u7ea7\u6f5c\u8247", "offset": 49, "length": 8}]}}, {"sentence": "\u5728\u89c6\u9891\u4e2d\u53ef\u4ee5\u770b\u5230\u201c\u6cd5\u5854\u8d6b\u201d\u7ea7\u6f5c\u8247\u5728\u6c34\u9762\u4e0a\u822a\u884c\uff0c\u8be5\u6f5c\u8247\u662f\u4f0a\u6717\u81ea\u4e3b\u8bbe\u8ba1\u548c\u5efa\u9020\u7684\u6700\u5927\u6f5c\u8247\u4e4b\u4e00\u3002", "events": [], "arguments": {"time": [], "loc": [], "country": [{"text": "\u4f0a\u6717", "offset": 27, "length": 2}], "weapon": [{"text": "\u201c\u6cd5\u5854\u8d6b\u201d\u7ea7\u6f5c\u8247", "offset": 8, "length": 8}]}}, {"sentence": "\u8be5\u6f5c\u8247\u867d\u7136\u4f53\u578b\u4e0d\u7b97\u5f88\u5927\uff0c\u4f46\u4ecd\u6709\u4e00\u4e9b\u503c\u5f97\u6ce8\u610f\u7684\u4f5c\u6218\u80fd\u529b\u3002", "events": [], "arguments": {"time": [], "loc": [], "country": [], "weapon": [{"text": "\u6f5c\u8247", "offset": 1, "length": 2}]}}, {"sentence": "\u62a5\u9053\u79f0\uff0c\u201c\u6cd5\u5854\u8d6b\u201d\u7ea7\u6f5c\u8247\u7684\u540e\u90e8\u643a\u5e26\u4e86\u67d0\u79cd\u5bb9\u5668\u88c5\u7f6e\uff0c\u53ef\u80fd\u662f\u4f9b\u7279\u79cd\u90e8\u961f\u4f7f\u7528\u3002", "events": [], "arguments": {"time": [], "loc": [], "country": [], "weapon": [{"text": "\u201c\u6cd5\u5854\u8d6b\u201d\u7ea7\u6f5c\u8247", "offset": 4, "length": 8}]}}, {"sentence": "\u867d\u7136\u8be5\u578b\u6f5c\u8247\u6ca1\u6709\u914d\u5907\u5782\u76f4\u53d1\u5c04\u88c5\u7f6e\uff0c\u4f46\u5728\u8247\u9996\u67094\u5177\u9c7c\u96f7\u53d1\u5c04\u7ba1\uff0c\u5f88\u53ef\u80fd\u662f\u7528\u4e8e\u53d1\u5c04\u4f0a\u6717\u5236\u9020\u7684\u201cJask-2\u201d\u53cd\u8230\u5bfc\u5f39\u3002", "events": [], "arguments": {"time": [], "loc": [], "country": [{"text": "\u4f0a\u6717", "offset": 38, "length": 2}], "weapon": [{"text": "\u6f5c\u8247", "offset": 4, "length": 2}, {"text": "\u9c7c\u96f7\u53d1\u5c04\u7ba1", "offset": 24, "length": 5}, {"text": "\u201cJask-2\u201d\u53cd\u8230\u5bfc\u5f39", "offset": 43, "length": 12}]}}, {"sentence": "\u8fd9\u79cd\u53cd\u8230\u5bfc\u5f39\u786e\u5b9e\u53ef\u4ee5\u5bf9\u6c34\u9762\u6f5c\u8247\u6784\u6210\u81f4\u547d\u5a01\u80c1\uff0c\u4f46\u8be5\u6b66\u5668\u6740\u4f24\u529b\u5374\u53d7\u5230\u6f5c\u8247\u8f7d\u5f39\u91cf\u7684\u9650\u5236\uff0c\u8fd9\u79cd\u6f5c\u8247\u4f30\u8ba1\u53ea\u80fd\u643a\u5e266\u679a\u9c7c\u96f7\u6216\u5bfc\u5f39\u3002", "events": [], "arguments": {"time": [], "loc": [], "country": [], "weapon": [{"text": "\u5bfc\u5f39", "offset": 56, "length": 2}, {"text": "\u9c7c\u96f7", "offset": 53, "length": 2}, {"text": "\u53cd\u8230\u5bfc\u5f39", "offset": 2, "length": 4}]}}, {"sentence": "\u4e00\u65e6\u6f5c\u8247\u4e0a\u7684\u6240\u6709\u6b66\u5668\u53d1\u5c04\u5b8c\u6bd5\uff0c\u201c\u6cd5\u5854\u8d6b\u201d\u7ea7\u6f5c\u8247\u5c06\u88ab\u8feb\u5192\u9669\u8fd4\u56de\u6e2f\u53e3\u8fdb\u884c\u5f39\u836f\u8865\u7ed9\u3002", "events": [], "arguments": {"time": [], "loc": [], "country": [], "weapon": [{"text": "\u201c\u6cd5\u5854\u8d6b\u201d\u7ea7\u6f5c\u8247", "offset": 15, "length": 8}, {"text": "\u5f39\u836f", "offset": 34, "length": 2}]}}, {"sentence": "\u4f0a\u6717\u7684\u6f5c\u8247\u90e8\u961f\u5b9e\u9645\u4e0a\u4e3b\u8981\u7528\u4e8e\u6cbf\u6d77\u4f5c\u6218\uff0c\u5c3d\u7ba1\u80fd\u643a\u5e26\u7684\u6b66\u5668\u6570\u91cf\u6709\u9650\uff0c\u4f46\u201c\u6cd5\u5854\u8d6b\u201d\u7ea7\u4ecd\u80fd\u591f\u5bf9\u5728\u4f0a\u6717\u9644\u8fd1\u72ed\u7a84\u6c34\u57df\u7684\u8230\u8239\u6784\u6210\u4e25\u91cd\u5a01\u80c1\u3002", "events": [], "arguments": {"time": [], "loc": [{"text": "\u4f0a\u6717\u9644\u8fd1\u72ed\u7a84\u6c34\u57df", "offset": 44, "length": 8}], "country": [{"text": "\u4f0a\u6717", "offset": 44, "length": 2}], "weapon": [{"text": "\u201c\u6cd5\u5854\u8d6b\u201d\u7ea7", "offset": 33, "length": 6}, {"text": "\u6f5c\u8247", "offset": 3, "length": 2}, {"text": "\u8230\u8239", "offset": 53, "length": 2}]}}, {"sentence": "\u62a5\u9053\u79f0\uff0c\u6709\u4e00\u70b9\u662f\u5f88\u660e\u786e\u7684\uff0c\u5c31\u662f\u4f0a\u6717\u7684\u6f5c\u8247\u5236\u9020\u80fd\u529b\u6b63\u5728\u7f13\u6162\u800c\u575a\u5b9a\u5730\u5411\u524d\u53d1\u5c55\uff0c\u5176\u6f5c\u8247\u5a01\u80c1\u4e5f\u5728\u4e0d\u65ad\u589e\u957f\u3002", "events": [{"trigger": {"text": "\u589e\u957f", "offset": 46, "length": 2}, "subject": {"text": "\u4f0a\u6717\u7684\u6f5c\u8247\u5236\u9020\u80fd\u529b", "offset": 15, "length": 9}, "object": {"text": "", "offset": 0, "length": 0}}], "arguments": {"time": [], "loc": [], "country": [{"text": "\u4f0a\u6717", "offset": 15, "length": 2}], "weapon": [{"text": "\u6f5c\u8247", "offset": 38, "length": 2}]}}]