[{"sentence": "\u7f8e\u5a92\uff1a\u5df2\u6709\u81f3\u5c11\u4e24\u67b6\u7c73\u683c29\u6218\u673a\u5728\u5229\u6bd4\u4e9a\u5760\u6bc1\uff0c\u4f46\u7591\u70b9\u91cd\u91cd", "events": [{"trigger": {"text": "\u5760\u6bc1", "offset": 19, "length": 2}, "subject": {"text": "\u81f3\u5c11\u4e24\u67b6\u7c73\u683c29\u6218\u673a", "offset": 5, "length": 10}, "object": {"text": "\u5229\u6bd4\u4e9a", "offset": 16, "length": 3}}], "arguments": {"time": [], "loc": [{"text": "\u5229\u6bd4\u4e9a", "offset": 16, "length": 3}], "country": [{"text": "\u7f8e", "offset": 0, "length": 1}, {"text": "\u5229\u6bd4\u4e9a", "offset": 16, "length": 3}], "weapon": [{"text": "\u7c73\u683c29\u6218\u673a", "offset": 9, "length": 6}]}}, {"sentence": "\u3010\u73af\u7403\u7f51\u62a5\u9053 \u8bb0\u8005 \u5f90\u7490\u660e\u3011", "events": [], "arguments": {"time": [], "loc": [], "country": [], "weapon": []}}, {"sentence": "\u636e\u7f8e\u56fdThe Drive\u7f51\u7ad99\u670812\u65e5\u62a5\u9053\uff0c\u7f8e\u56fd\u975e\u6d32\u53f8\u4ee4\u90e8\u8fd1\u65e5\u8868\u793a\uff0c\u5df2\u7ecf\u81f3\u5c11\u6709\u4e24\u67b6\u7c73\u683c-29\u6218\u6597\u673a\u5728\u5229\u6bd4\u4e9a\u5760\u6bc1\uff0c\u800c\u8fd9\u4e9b\u6218\u6597\u673a\u53ef\u80fd\u7531\u795e\u79d8\u7684\u4fc4\u7f57\u65af\u96c7\u4f63\u5175\u9a7e\u9a76\u3002", "events": [{"trigger": {"text": "\u5760\u6bc1", "offset": 53, "length": 2}, "subject": {"text": "\u5c11\u6709\u4e24\u67b6\u7c73\u683c-29\u6218\u6597\u673a", "offset": 37, "length": 12}, "object": {"text": "\u5229\u6bd4\u4e9a", "offset": 50, "length": 3}}], "arguments": {"time": [{"text": "9\u670812\u65e5", "offset": 14, "length": 5}], "loc": [{"text": "\u5229\u6bd4\u4e9a", "offset": 50, "length": 3}], "country": [{"text": "\u7f8e\u56fd", "offset": 22, "length": 2}, {"text": "\u5229\u6bd4\u4e9a", "offset": 50, "length": 3}, {"text": "\u4fc4\u7f57\u65af", "offset": 68, "length": 3}], "weapon": [{"text": "\u7c73\u683c-29\u6218\u6597\u673a", "offset": 41, "length": 8}]}}, {"sentence": "\u5916\u56fd\u5a92\u4f53AI-Monitor\u9a7b\u4e94\u89d2\u5927\u697c\u7684\u8bb0\u8005\u8d3e\u91cc\u5fb7\u00b7\u82cf\u5df4(Jared Szuba)\u66fe\u5728\u63a8\u7279\u4e0a\u53d1\u63a8\u79f0\uff0c\u5176\u4e2d\u4e00\u67b6\u7c73\u683c-29\u663e\u7136\u662f\u57286\u670828\u65e5\u51fa\u4e8b\u7684\uff0c\u800c\u53e6\u4e00\u67b6\u662f\u57289\u670827\u65e5\u5760\u6bc1\u3002", "events": [], "arguments": {"time": [{"text": "9\u670827\u65e5", "offset": 78, "length": 5}, {"text": "6\u670828\u65e5", "offset": 63, "length": 5}], "loc": [], "country": [], "weapon": [{"text": "\u7c73\u683c-29", "offset": 54, "length": 5}]}}, {"sentence": "\u7f8e\u56fd\u975e\u6d32\u53f8\u4ee4\u90e8\u60c5\u62a5\u8d1f\u8d23\u4eba\u6d77\u519b\u5c11\u5c06\u6d77\u8482\u00b7\u4f2f\u683c\u5728\u4e00\u4efd\u58f0\u660e\u4e2d\u4e5f\u900f\u9732\u4e86\u8fd9\u4e00\u4fe1\u606f\u3002", "events": [], "arguments": {"time": [], "loc": [], "country": [{"text": "\u7f8e\u56fd", "offset": 0, "length": 2}], "weapon": []}}, {"sentence": "\u7f8e\u519b\u516c\u5e03\u7684\u7c73\u683c-29\u6218\u6597\u673a\u524d\u5f80\u5229\u6bd4\u4e9a\u753b\u9762", "events": [], "arguments": {"time": [], "loc": [], "country": [{"text": "\u7f8e", "offset": 0, "length": 1}, {"text": "\u5229\u6bd4\u4e9a", "offset": 15, "length": 3}], "weapon": [{"text": "\u7c73\u683c-29\u6218\u6597\u673a", "offset": 5, "length": 8}]}}, {"sentence": "\u82cf\u5df4\u7684\u53e6\u4e00\u6761\u63a8\u6587\u663e\u793a\uff0c\u4f2f\u683c\u8ba4\u4e3a\u201c\u4fc4\u7f57\u65af\u6218\u6597\u673a\u201d\u5df2\u7ecf\u5728\u5229\u6bd4\u4e9a\u5b9e\u65bd\u4e86\u7a7a\u88ad\uff0c\u8fd9\u4e9b\u6218\u6597\u673a\u53ef\u80fd\u662f\u7c73\u683c-29\u6216\u82cf-24\u3002", "events": [{"trigger": {"text": "\u7a7a\u88ad", "offset": 32, "length": 2}, "subject": {"text": "\u201c\u4fc4\u7f57\u65af\u6218\u6597\u673a\u201d", "offset": 15, "length": 8}, "object": {"text": "\u5229\u6bd4\u4e9a", "offset": 26, "length": 3}}], "arguments": {"time": [], "loc": [{"text": "\u5229\u6bd4\u4e9a", "offset": 26, "length": 3}], "country": [{"text": "\u4fc4\u7f57\u65af", "offset": 16, "length": 3}, {"text": "\u5229\u6bd4\u4e9a", "offset": 26, "length": 3}], "weapon": [{"text": "\u4fc4\u7f57\u65af\u6218\u6597\u673a", "offset": 16, "length": 6}, {"text": "\u7c73\u683c-29", "offset": 43, "length": 5}, {"text": "\u82cf-24", "offset": 49, "length": 4}]}}, {"sentence": "\u800c\u7f8e\u56fd\u975e\u6d32\u53f8\u4ee4\u90e8\u8ba4\u4e3a\uff0c\u8fd9\u4e9b\u4fc4\u5236\u6218\u6597\u673a\u662f\u7531\u51c6\u519b\u4e8b\u7684\u627f\u5305\u5546\u74e6\u683c\u7eb3\u96c6\u56e2\u5728\u64cd\u4f5c\u9a7e\u9a76\u7684\u3002", "events": [], "arguments": {"time": [], "loc": [], "country": [{"text": "\u7f8e\u56fd", "offset": 1, "length": 2}, {"text": "\u4fc4", "offset": 13, "length": 1}], "weapon": []}}, {"sentence": "\u62a5\u9053\u8ba4\u4e3a\uff0c\u8be5\u7ec4\u7ec7\u4e0e\u4fc4\u7f57\u65af\u60c5\u62a5\u673a\u6784\u5173\u7cfb\u5bc6\u5207\u3002", "events": [], "arguments": {"time": [], "loc": [], "country": [{"text": "\u4fc4\u7f57\u65af", "offset": 9, "length": 3}], "weapon": []}}, {"sentence": "\u4e0a\u5468\u5728\u793e\u4ea4\u5a92\u4f53\u4e0a\u66dd\u5149\u7684\u4e00\u6bb5\u89c6\u9891\u5c55\u793a\u4e86\u4e00\u540d\u8bf4\u4fc4\u8bed\u7684\u98de\u884c\u5458\u9a7e\u9a76\u6218\u6597\u673a\u5728\u5229\u6bd4\u4e9a\u5760\u673a\u540e\u7684\u753b\u9762\uff0c\u89c6\u9891\u7684\u540e\u534a\u6bb5\u663e\u793a\u4ed6\u88ab\u4e00\u67b6\u7c73-24\u6b66\u88c5\u76f4\u5347\u673a\u63a5\u8d70\u3002", "events": [], "arguments": {"time": [{"text": "\u4e0a\u5468", "offset": 0, "length": 2}], "loc": [{"text": "\u5229\u6bd4\u4e9a", "offset": 33, "length": 3}], "country": [{"text": "\u4fc4", "offset": 21, "length": 1}], "weapon": [{"text": "\u7c73-24\u6b66\u88c5\u76f4\u5347\u673a", "offset": 55, "length": 9}]}}, {"sentence": "\u4f46\u62a5\u9053\u4e5f\u5bf9\u8fd9\u6bb5\u89c6\u9891\u7684\u771f\u5b9e\u6027\u63d0\u51fa\u8d28\u7591\uff0c\u8fd9\u6bb5\u4e24\u5206\u949f\u7684\u89c6\u9891\u5e76\u6ca1\u6709\u8868\u660e\u65e5\u671f\uff0c\u4e5f\u4e0d\u786e\u5b9a\u5c55\u793a\u7684\u662f\u771f\u5b9e\u7684\u6551\u63f4\u573a\u666f\u8fd8\u662f\u6f14\u4e60\u3002", "events": [], "arguments": {"time": [], "loc": [], "country": [], "weapon": []}}, {"sentence": "\u5c3d\u7ba1\u89c6\u9891\u4e2d\u51fa\u73b0\u4e86\u4e0e\u4fc4\u5236\u6218\u6597\u673a\u76f8\u4f3c\u7684\u7269\u54c1\uff0c\u98de\u884c\u5458\u4e5f\u63d0\u5230\u4ed6\u521a\u4ece\u6218\u6597\u673a\u4e0a\u5f39\u5c04\u843d\u5730\uff0c\u4f46\u6ca1\u6709\u770b\u5230\u6218\u673a\u6b8b\u9ab8\u6216\u662f\u70df\u96fe\u3002", "events": [], "arguments": {"time": [], "loc": [], "country": [{"text": "\u4fc4", "offset": 9, "length": 1}], "weapon": [{"text": "\u6218\u673a", "offset": 43, "length": 2}]}}, {"sentence": "\u8fd9\u6bb5\u89c6\u9891\u7684\u53d1\u5e03\u8005\u4e5f\u6ca1\u6709\u505a\u51fa\u76f8\u5173\u7684\u89e3\u91ca\uff0c\u4f46\u6709\u4eba\u6307\u51fa\u8fd9\u5176\u5b9e\u662f\u4e00\u6b21\u6218\u6597\u641c\u6551\u6f14\u4e60\uff0c\u540c\u65f6\u63d0\u51fa\u4e86\u4e00\u4e9b\u53ef\u7591\u4e4b\u5904\uff0c\u4f8b\u5982\u98de\u884c\u5458\u5e76\u672a\u7a7f\u7740\u98de\u884c\u670d\u3001\u98de\u884c\u5458\u6240\u7528\u7684R-855\u578b\u65e0\u7ebf\u7535\u88c5\u7f6e\u4e00\u822c\u4e0d\u4f1a\u5728\u4f5c\u6218\u4efb\u52a1\u4e2d\u4f7f\u7528\u3002", "events": [], "arguments": {"time": [], "loc": [], "country": [], "weapon": [{"text": "R-855\u578b\u65e0\u7ebf\u7535\u88c5\u7f6e", "offset": 68, "length": 11}]}}, {"sentence": "\u62a5\u9053\u79f0\uff0c\u81ea5\u6708\u4ee5\u6765\uff0c\u6709\u81f3\u5c1114\u67b6\u4fc4\u5236\u6218\u673a\u5728\u5229\u6bd4\u4e9a\u98de\u884c\uff0c\u4ee5\u652f\u6301\u201c\u56fd\u6c11\u519b\u201d\u7684\u76f8\u5173\u884c\u52a8\u3002", "events": [], "arguments": {"time": [{"text": "5\u6708", "offset": 5, "length": 2}], "loc": [{"text": "\u5229\u6bd4\u4e9a", "offset": 21, "length": 3}], "country": [{"text": "\u4fc4", "offset": 16, "length": 1}, {"text": "\u5229\u6bd4\u4e9a", "offset": 21, "length": 3}], "weapon": [{"text": "\u6218\u673a", "offset": 18, "length": 2}]}}, {"sentence": "\u5176\u4e2d\u6709\u4e24\u67b6\u7c73\u683c-29\u6218\u6597\u673a\u5728\u4fc4\u7f57\u65af\u9a7b\u53d9\u5229\u4e9a\u8d6b\u6885\u7c73\u59c6\u7a7a\u519b\u57fa\u5730\u77ed\u6682\u505c\u7559\u540e\uff0c\u98de\u62b5\u5229\u6bd4\u4e9a\u57fa\u5730\u3002", "events": [{"trigger": {"text": "\u98de\u62b5", "offset": 35, "length": 2}, "subject": {"text": "\u4e24\u67b6\u7c73\u683c-29\u6218\u6597\u673a", "offset": 3, "length": 10}, "object": {"text": "\u5229\u6bd4\u4e9a\u57fa\u5730", "offset": 37, "length": 5}}], "arguments": {"time": [], "loc": [{"text": "\u4fc4\u7f57\u65af\u9a7b\u53d9\u5229\u4e9a\u8d6b\u6885\u7c73\u59c6\u7a7a\u519b\u57fa\u5730", "offset": 14, "length": 15}, {"text": "\u5229\u6bd4\u4e9a\u57fa\u5730", "offset": 37, "length": 5}], "country": [{"text": "\u4fc4\u7f57\u65af", "offset": 14, "length": 3}, {"text": "\u53d9\u5229\u4e9a", "offset": 18, "length": 3}, {"text": "\u5229\u6bd4\u4e9a", "offset": 37, "length": 3}], "weapon": [{"text": "\u7c73\u683c-29\u6218\u6597\u673a", "offset": 5, "length": 8}]}}]