[{"sentence": "\u7279\u6717\u666e\u201c\u4e2d\u4fc4\u90fd\u6ca1\u542c\u8fc7\u7684\u6b66\u5668\u201d\u7a76\u7adf\u662f\u5565\uff1f", "events": [], "arguments": {"time": [], "loc": [], "country": [{"text": "\u4e2d", "offset": 4, "length": 1}, {"text": "\u4fc4", "offset": 5, "length": 1}], "weapon": []}}, {"sentence": "\u7f8e\u5a92\u63ed\u6653\u8c1c\u5e95", "events": [], "arguments": {"time": [], "loc": [], "country": [{"text": "\u7f8e", "offset": 0, "length": 1}], "weapon": []}}, {"sentence": "\u3010\u73af\u7403\u7f51\u62a5\u9053 \u8bb0\u8005 \u5f90\u7490\u660e\u3011", "events": [], "arguments": {"time": [], "loc": [], "country": [], "weapon": []}}, {"sentence": "\u7f8e\u56fd\u603b\u7edf\u7279\u6717\u666e\u6b64\u524d\u88ab\u66dd\u66fe\u5439\u5618\u7f8e\u56fd\u62e5\u6709\u201c\u79d8\u5bc6\u6838\u6b66\u5668\u7cfb\u7edf\u201d\uff0c\u8fd8\u58f0\u79f0\u4fc4\u7f57\u65af\u548c\u4e2d\u56fd\u90fd\u6ca1\u6709\u8fd9\u79cd\u6b66\u5668\u3002", "events": [], "arguments": {"time": [], "loc": [], "country": [{"text": "\u7f8e\u56fd", "offset": 14, "length": 2}, {"text": "\u4fc4\u7f57\u65af", "offset": 31, "length": 3}, {"text": "\u4e2d\u56fd", "offset": 35, "length": 2}], "weapon": []}}, {"sentence": "\u7f8e\u5a92\u5a92\u4f53\u5bf9\u7279\u6717\u666e\u63d0\u5230\u7684\u8fd9\u79cd\u6b66\u5668\u8fdb\u884c\u4e86\u201c\u63ed\u79d8\u201d\uff0c\u79f0\u5176\u5f88\u53ef\u80fd\u662fW76-2\u65b0\u578b\u6838\u5f39\u5934\u3002", "events": [{"trigger": {"text": "\u53ef\u80fd\u662f", "offset": 26, "length": 3}, "subject": {"text": "\u7279\u6717\u666e\u63d0\u5230\u7684\u8fd9\u79cd\u6b66\u5668", "offset": 5, "length": 10}, "object": {"text": "W76-2\u65b0\u578b\u6838\u5f39\u5934", "offset": 29, "length": 10}}], "arguments": {"time": [], "loc": [], "country": [{"text": "\u7f8e", "offset": 0, "length": 1}], "weapon": [{"text": "W76-2\u65b0\u578b\u6838\u5f39\u5934", "offset": 29, "length": 10}]}}, {"sentence": "\u636e\u201c\u5927\u4f17\u673a\u68b0\u201d\u7f51\u7ad99\u670811\u65e5\u62a5\u9053\uff0c\u7279\u6717\u666e\u5728\u8bb0\u8005\u9c8d\u52c3\u00b7\u4f0d\u5fb7\u6c83\u5fb7\u7684\u65b0\u4e66\u300a\u6124\u6012\u300b\u4e2d\u8bb2\u8ff0\u4e86\u7f8e\u56fd\u5df2\u7ecf\u5efa\u7acb\u4e86\u4e00\u4e2a\u201c\u4ece\u672a\u6709\u8fc7\u7684\u201d\u65b0\u578b\u6838\u6b66\u5668\u7cfb\u7edf\u3002", "events": [], "arguments": {"time": [{"text": "9\u670811\u65e5", "offset": 9, "length": 5}], "loc": [], "country": [{"text": "\u7f8e\u56fd", "offset": 41, "length": 2}], "weapon": []}}, {"sentence": "\u5728\u300a\u534e\u76db\u987f\u90ae\u62a5\u300b\u520a\u767b\u7684\u91c7\u8bbf\u6458\u5f55\u4e2d\uff0c\u7279\u6717\u666e\u8bf4\uff1a\u201c\u6211\u4eec\u5df2\u7ecf\u5efa\u7acb\u4e86\u8fd9\u4e2a\u56fd\u5bb6\u4ece\u672a\u6709\u8fc7\u7684\u6838\u6b66\u5668\u7cfb\u7edf\uff0c\u6709\u4e9b\u4e1c\u897f\u4f60\u90fd\u6ca1\u6709\u89c1\u8fc7\u6216\u542c\u8fc7\uff0c\u751a\u81f3\u8fde\u4fc4\u7f57\u65af\u548c\u4e2d\u56fd\u4e5f\u6ca1\u542c\u8bf4\u8fc7\u3002", "events": [], "arguments": {"time": [], "loc": [], "country": [{"text": "\u4fc4\u7f57\u65af", "offset": 62, "length": 3}, {"text": "\u4e2d\u56fd", "offset": 66, "length": 2}], "weapon": []}}, {"sentence": "\u201d", "events": [], "arguments": {"time": [], "loc": [], "country": [], "weapon": []}}, {"sentence": "\u7f8e\u519b\u6f5c\u8247\u53d1\u5c04\u201c\u4e09\u53c9\u621f\u201dD5\u6f5c\u5c04\u5bfc\u5f39", "events": [{"trigger": {"text": "\u53d1\u5c04", "offset": 4, "length": 2}, "subject": {"text": "\u7f8e\u519b\u6f5c\u8247", "offset": 0, "length": 4}, "object": {"text": "\u201c\u4e09\u53c9\u621f\u201dD5\u6f5c\u5c04\u5bfc\u5f39", "offset": 6, "length": 11}}], "arguments": {"time": [], "loc": [], "country": [{"text": "\u7f8e", "offset": 0, "length": 1}], "weapon": [{"text": "\u201c\u4e09\u53c9\u621f\u201dD5\u6f5c\u5c04\u5bfc\u5f39", "offset": 6, "length": 11}, {"text": "\u7f8e\u519b\u6f5c\u8247", "offset": 0, "length": 4}, {"text": "\u6f5c\u8247", "offset": 2, "length": 2}]}}, {"sentence": "\u62a5\u9053\u79f0\uff0c\u7279\u6717\u666e\u7684\u8fd9\u756a\u8a00\u8bba\u5f88\u5947\u602a\uff0c\u56e0\u4e3a\u8054\u90a6\u653f\u5e9c\u65e2\u6ca1\u6709\u5ba3\u5e03\u6b63\u5728\u5f00\u53d1\u4e00\u79cd\u65b0\u7684\u6838\u6b66\u5668\uff0c\u4e5f\u6ca1\u6709\u5bfb\u6c42\u8d44\u91d1\u6765\u5b9e\u73b0\u8fd9\u4e00\u76ee\u6807\u3002", "events": [], "arguments": {"time": [], "loc": [], "country": [], "weapon": []}}, {"sentence": "\u6838\u6b66\u5668\u7684\u5f00\u53d1\u96be\u5ea6\u91cd\u91cd\u4e14\u82b1\u8d39\u9ad8\u6602\uff0c\u4e00\u6b3e\u65b0\u7684\u6838\u6b66\u5668\u53ef\u80fd\u9700\u898110\u5e74\u751a\u81f3\u66f4\u957f\u7684\u65f6\u95f4\uff0c\u624d\u80fd\u4ece\u4e00\u4efd\u8d77\u8349\u6587\u4ef6\u53d8\u6210\u653e\u5728\u53d1\u5c04\u4e95\u4e2d\u7684\u5bfc\u5f39\u3002", "events": [], "arguments": {"time": [], "loc": [], "country": [], "weapon": [{"text": "\u5bfc\u5f39", "offset": 56, "length": 2}]}}, {"sentence": "\u62a5\u9053\u8ba4\u4e3a\uff0c\u7279\u6717\u666e\u63d0\u5230\u7684\uff0c\u53ef\u80fd\u662fW76-2\u65b0\u578b\u6838\u5f39\u5934\uff0c\u8fd9\u79cd\u6838\u5f39\u5934\u5c06\u7528\u4e8e\u88c5\u5907\u201c\u4e09\u53c9\u621f\u201dD5\u578b\u6f5c\u5c04\u5f39\u9053\u5bfc\u5f39\u3002", "events": [], "arguments": {"time": [], "loc": [], "country": [], "weapon": [{"text": "W76-2\u65b0\u578b\u6838\u5f39\u5934", "offset": 15, "length": 10}, {"text": "\u201c\u4e09\u53c9\u621f\u201dD5\u578b\u6f5c\u5c04\u5f39\u9053\u5bfc\u5f39", "offset": 36, "length": 14}]}}, {"sentence": "\u7f8e\u56fd\u6d77\u519b\u76ee\u524d\u90e8\u7f72\u4e8612\u8258\u5f39\u9053\u5bfc\u5f39\u6838\u6f5c\u8247\uff0c\u6bcf\u8258\u6f5c\u8247\u88c5\u5907\u4e86\u5927\u7ea620\u679a\u201c\u4e09\u53c9\u621f\u201dD5\u578b\u6f5c\u5c04\u5f39\u9053\u5bfc\u5f39\uff0c\u6bcf\u679a\u5bfc\u5f39\u53ef\u4ee5\u642d\u8f7d4\u81f35\u679aW-76\u6838\u5f39\u5934\u3002", "events": [{"trigger": {"text": "\u90e8\u7f72", "offset": 6, "length": 2}, "subject": {"text": "\u7f8e\u56fd\u6d77\u519b", "offset": 0, "length": 4}, "object": {"text": "12\u8258\u5f39\u9053\u5bfc\u5f39\u6838\u6f5c\u8247", "offset": 9, "length": 10}}, {"trigger": {"text": "\u88c5\u5907", "offset": 24, "length": 2}, "subject": {"text": "\u5f39\u9053\u5bfc\u5f39\u6838\u6f5c\u8247", "offset": 12, "length": 7}, "object": {"text": "\u5927\u7ea620\u679a\u201c\u4e09\u53c9\u621f\u201dD5\u578b\u6f5c\u5c04\u5f39\u9053\u5bfc\u5f39", "offset": 27, "length": 19}}], "arguments": {"time": [], "loc": [], "country": [{"text": "\u7f8e\u56fd", "offset": 0, "length": 2}], "weapon": [{"text": "\u5f39\u9053\u5bfc\u5f39\u6838\u6f5c\u8247", "offset": 12, "length": 7}, {"text": "\u201c\u4e09\u53c9\u621f\u201dD5\u578b\u6f5c\u5c04\u5f39\u9053\u5bfc\u5f39", "offset": 32, "length": 14}, {"text": "W-76\u6838\u5f39\u5934", "offset": 59, "length": 7}]}}, {"sentence": "W-76\u6838\u5f39\u5934\u7684\u7206\u70b8\u5a01\u529b\u7ea6\u4e3a10\u4e07\u5428\uff0c\u5927\u7ea6\u662f\u5e7f\u5c9b\u539f\u5b50\u5f39\u5a01\u529b\u76846\u500d\u3002", "events": [], "arguments": {"time": [], "loc": [], "country": [], "weapon": [{"text": "W-76\u6838\u5f39\u5934", "offset": 0, "length": 7}, {"text": "\u5e7f\u5c9b\u539f\u5b50\u5f39", "offset": 22, "length": 5}]}}, {"sentence": "2018\u5e74\uff0c\u7f8e\u56fd\u653f\u5e9c\u9996\u6b21\u63d0\u5230\u4e86W76-2\u6838\u5f39\u5934\u3002", "events": [], "arguments": {"time": [{"text": "2018\u5e74", "offset": 0, "length": 5}], "loc": [], "country": [{"text": "\u7f8e\u56fd", "offset": 6, "length": 2}], "weapon": [{"text": "W76-2\u6838\u5f39\u5934", "offset": 15, "length": 8}]}}, {"sentence": "\u6b64\u524d\u7f8e\u56fd\u7684\u519b\u4e8b\u5206\u6790\u5bb6\u4eec\u62c5\u5fc3\u7f8e\u56fd\u8fd8\u6709\u5c0f\u578b\u7684\u3001\u4f4e\u5f53\u91cf\u7684\u6218\u672f\u6838\u5f39\uff0c\u65e0\u6cd5\u8fc5\u901f\u5e94\u5bf9\u4fc4\u7f57\u65af\u7684\u4f4e\u5f53\u91cf\u6838\u6b66\u5668\u6253\u51fb\u3002", "events": [], "arguments": {"time": [], "loc": [], "country": [{"text": "\u7f8e\u56fd", "offset": 13, "length": 2}, {"text": "\u4fc4\u7f57\u65af", "offset": 36, "length": 3}], "weapon": [{"text": "\u6218\u672f\u6838\u5f39", "offset": 25, "length": 4}]}}, {"sentence": "\u7f8e\u56fd\u7684\u6218\u672f\u6838\u6b66\u5668\u53ea\u6709\u6218\u673a\u642d\u8f7d\u7684\u6838\u5f39\uff0c\u800c\u8fd9\u79cd\u6838\u5f39\u7684\u51c6\u5907\u548c\u90e8\u7f72\u53ef\u80fd\u9700\u8981\u6570\u5c0f\u65f6\u7684\u65f6\u95f4\uff0c\u201c\u4e09\u53c9\u621f\u201dD5\u6f5c\u5c04\u5bfc\u5f39\u5219\u53ef\u5728\u6570\u5206\u949f\u5185\u5b8c\u6210\u50cfW76-2\u8fd9\u6837\u7684\u6838\u5f39\u5934\u7684\u90e8\u7f72\uff0c\u7136\u540e\u5feb\u901f\u7a81\u7834\u654c\u4eba\u7684\u9632\u7a7a\u7cfb\u7edf\u4ee5\u5b9e\u73b0\u6253\u51fb\u6548\u679c\u3002", "events": [], "arguments": {"time": [], "loc": [], "country": [{"text": "\u7f8e\u56fd", "offset": 0, "length": 2}], "weapon": [{"text": "\u201c\u4e09\u53c9\u621f\u201dD5\u6f5c\u5c04\u5bfc\u5f39", "offset": 40, "length": 11}, {"text": "W76-2", "offset": 61, "length": 5}]}}, {"sentence": "\u50cfW76-2\u8fd9\u6837\u7684\u70ed\u6838\u6b66\u5668\u4e3b\u8981\u662f\u901a\u8fc7\u4e8c\u7ea7\u7684\u88c2-\u805a\u53d8\u53cd\u5e94\u6765\u8fbe\u5230\u5176\u5ba3\u79f0\u7684\u7206\u70b8\u5a01\u529b\u3002", "events": [], "arguments": {"time": [], "loc": [], "country": [], "weapon": [{"text": "W76-2", "offset": 1, "length": 5}]}}, {"sentence": "\u6700\u521d\u662f\u5148\u4ea7\u751f\u88c2\u53d8\uff0c\u7136\u540e\u89e6\u53d1\u7b2c\u4e8c\u9636\u6bb5\u7684\u7206\u70b8\uff0c\u8fd9\u4e2a\u9636\u6bb5\u4f1a\u5f15\u53d1\u4e00\u4e2a\u5a01\u529b\u5927\u5f97\u591a\u7684\u805a\u53d8\u7206\u70b8\u3002", "events": [], "arguments": {"time": [], "loc": [], "country": [], "weapon": []}}, {"sentence": "\u7f8e\u56fd\u56fd\u5bb6\u6838\u5b89\u5168\u673a\u6784\u89e3\u91ca\u8bf4\uff0cW76-2\u662f\u4e00\u79cd\u88ab\u8bbe\u7f6e\u4e3a\u201c\u53ea\u8fdb\u884c\u4e3b\u7206\u201d\u7684W76\u6838\u5f39\u5934\u3002", "events": [], "arguments": {"time": [], "loc": [], "country": [{"text": "\u7f8e\u56fd", "offset": 0, "length": 2}], "weapon": [{"text": "W76-2", "offset": 13, "length": 5}, {"text": "W76\u6838\u5f39\u5934", "offset": 33, "length": 6}]}}, {"sentence": "\u76ee\u524d\u9664\u4e86\u7f8e\u56fd\u653f\u5e9c\uff0c\u6ca1\u6709\u4eba\u77e5\u9053\u786e\u5207\u5730\u77e5\u9053W76\u6838\u5f39\u5934\u521d\u59cb\u9636\u6bb5\u7206\u70b8\u5a01\u529b\u7684\u5927\u5c0f\uff0c\u4f46\u5f88\u53ef\u80fd\u57284000\u52301\u4e07\u5428TNT\u5f53\u91cf\u4e4b\u95f4\u3002", "events": [], "arguments": {"time": [], "loc": [], "country": [{"text": "\u7f8e\u56fd", "offset": 4, "length": 2}], "weapon": [{"text": "W76\u6838\u5f39\u5934", "offset": 19, "length": 6}]}}, {"sentence": "\u7f8e\u56fd\u79d1\u5b66\u5bb6\u8054\u5408\u4f1a\u4f30\u8ba1\uff0c\u7f8e\u56fd\u653f\u5e9c\u4f1a\u5c0650\u679aW76\u578b\u6838\u5f39\u5934\u6539\u88c5\u6210\u4e3aW76-2\u578b\uff0c\u800c\u4e14\u5f88\u53ef\u80fd\u6bcf\u8258\u6f5c\u8247\u5728\u6bcf\u6b21\u6267\u884c\u5de1\u903b\u4efb\u52a1\u65f6\u90fd\u4f1a\u643a\u5e26\u4e00\u5230\u4e24\u679a\u90e8\u7f72\u4e86W76-2\u578b\u6838\u5f39\u5934\u7684\u5bfc\u5f39\u3002", "events": [], "arguments": {"time": [], "loc": [], "country": [{"text": "\u7f8e\u56fd", "offset": 11, "length": 2}], "weapon": [{"text": "W76\u578b\u6838\u5f39\u5934", "offset": 20, "length": 7}, {"text": "W76-2\u578b", "offset": 68, "length": 6}, {"text": "\u6f5c\u8247", "offset": 45, "length": 2}, {"text": "\u5bfc\u5f39", "offset": 78, "length": 2}]}}, {"sentence": "\u4e0d\u8fc7\u62a5\u9053\u4e5f\u63d0\u5230\uff0c\u5bf9\u4e8e\u7f8e\u56fd\u662f\u5426\u771f\u7684\u9700\u8981W76-2\u578b\u6838\u5f39\u5934\uff0c\u5916\u754c\u4e5f\u5b58\u5728\u7740\u5f88\u5927\u4e89\u8bae\u3002", "events": [], "arguments": {"time": [], "loc": [], "country": [{"text": "\u7f8e\u56fd", "offset": 10, "length": 2}], "weapon": [{"text": "W76-2\u578b\u6838\u5f39\u5934", "offset": 18, "length": 9}]}}, {"sentence": "\u8bb8\u591a\u89c2\u5bdf\u4eba\u58eb\u8ba4\u4e3a\uff0c\u8fd9\u79cd\u6b66\u5668\u65e2\u6ca1\u6709\u5fc5\u8981\u4e5f\u5f88\u5371\u9669\u3002", "events": [], "arguments": {"time": [], "loc": [], "country": [], "weapon": []}}, {"sentence": "\u7f8e\u56fd\u7684\u79d1\u5b66\u5bb6\u534f\u4f1a\u8ba4\u4e3a\uff0c\u5bf9\u624b\u80fd\u591f\u63a2\u6d4b\u5230\u201c\u4e09\u53c9\u621f\u201dD5\u5bfc\u5f39\u7684\u53d1\u5c04\uff0c\u4f46\u4e0d\u77e5\u9053\u5f39\u5934\u662fW76-2\u8fd8\u662f\u5a01\u529b\u5927\u5f97\u591a\u7684W76\uff0c\u56e0\u6b64\u8fd9\u79cd\u65b0\u578b\u5f39\u5934\u53ef\u80fd\u4f1a\u5bfc\u81f4\u666e\u901a\u6218\u4e89\u548c\u5168\u9762\u6838\u6218\u4e89\u4e4b\u95f4\u7684\u754c\u9650\u6a21\u7cca\u3002", "events": [], "arguments": {"time": [], "loc": [], "country": [{"text": "\u7f8e\u56fd", "offset": 0, "length": 2}], "weapon": [{"text": "\u201c\u4e09\u53c9\u621f\u201dD5\u5bfc\u5f39", "offset": 18, "length": 9}, {"text": "W76", "offset": 51, "length": 3}, {"text": "W76-2", "offset": 38, "length": 5}]}}]