[{"sentence": "\u7f8e\u56fd\u6700\u957f\u5bff\u4e8c\u6218\u8001\u5175\u8fce111\u5c81\u751f\u65e5\u00a0\u66fe\u5728\u975e\u6d32\u88d4\u7f8e\u56fd\u4eba\u90e8\u961f\u670d\u5f79", "events": [], "arguments": {"time": [], "loc": [], "country": [], "weapon": []}}, {"sentence": "\u3010\u73af\u7403\u7f51\u62a5\u9053 \u8bb0\u8005 \u9a6c\u5ca9\u3011", "events": [], "arguments": {"time": [], "loc": [], "country": [], "weapon": []}}, {"sentence": "\u636e\u300a\u519b\u4e8b\u65f6\u62a5\u300b\u7f51\u7ad99\u670812\u65e5\u62a5\u9053\uff0c\u7f8e\u56fd\u6700\u957f\u5bff\u7684\u4e8c\u6218\u8001\u5175\u5f53\u5929\u8fce\u6765\u4e86111\u5c81\u751f\u65e5\u3002", "events": [], "arguments": {"time": [{"text": "9\u670812\u65e5", "offset": 9, "length": 5}], "loc": [], "country": [], "weapon": []}}, {"sentence": "\u62a5\u9053\u79f0\uff0c\u8fd9\u4f4d\u540d\u53eb\u52b3\u4f26\u65af\u2022\u5e03\u9c81\u514b\u65af\u7684\u8001\u51751909\u5e749\u670812\u65e5\u51fa\u751f\u5728\u8def\u6613\u65af\u5b89\u90a3\u5dde\uff0c\u4e8c\u6218\u671f\u95f4\uff0c\u4ed6\u5728\u7b2c91\u5de5\u7a0b\u5175\u8425\u670d\u5f79\uff0c\u8fd9\u662f\u4e00\u652f\u4e3b\u8981\u7531\u975e\u6d32\u88d4\u7f8e\u56fd\u4eba\u7ec4\u6210\u7684\u90e8\u961f\uff0c\u4ed6\u66fe\u968f\u90e8\u961f\u524d\u5f80\u65b0\u51e0\u5185\u4e9a\u548c\u83f2\u5f8b\u5bbe\u6267\u884c\u4efb\u52a1\u3002", "events": [], "arguments": {"time": [{"text": "1909\u5e749\u670812\u65e5", "offset": 19, "length": 10}], "loc": [{"text": "\u8def\u6613\u65af\u5b89\u90a3\u5dde", "offset": 32, "length": 6}], "country": [], "weapon": []}}, {"sentence": "\u636e\u8fd9\u540d\u8001\u5175\u8bb2\u8ff0\uff0c\u6709\u4e00\u6b21\uff0c\u4ed6\u4e58\u5750C-47\u8fd0\u8f93\u673a\u8fd0\u9001\u94c1\u4e1d\u7f51\uff0c\u98de\u673a\u7684\u4e00\u4e2a\u5f15\u64ce\u7184\u706b\u4e86\u3002", "events": [], "arguments": {"time": [], "loc": [], "country": [], "weapon": [{"text": "C-47\u8fd0\u8f93\u673a", "offset": 15, "length": 7}]}}, {"sentence": "\u4ed6\u628a\u94c1\u4e1d\u7f51\u6254\u51fa\u98de\u673a\uff0c\u4ee5\u51cf\u8f7b\u91cd\u91cf\u3002", "events": [], "arguments": {"time": [], "loc": [], "country": [], "weapon": []}}, {"sentence": "\u5f53\u65f6\u98de\u673a\u4e0a\u4ec5\u4e24\u540d\u98de\u884c\u5458\u6709\u964d\u843d\u4f1e\uff0c\u5f53\u5e03\u9c81\u514b\u65af\u8d70\u5230\u98de\u673a\u524d\u90e8\u65f6\uff0c\u4ed6\u7684\u4e00\u4f4d\u6218\u53cb\u95ee\u4ed6\u5728\u505a\u4ec0\u4e48\u3002", "events": [], "arguments": {"time": [], "loc": [], "country": [], "weapon": []}}, {"sentence": "\u201c\u5982\u679c\u98de\u884c\u5458\u79c1\u81ea\u8df3\u4f1e\uff0c\u6211\u5c31\u6293\u4f4f\u4ed6\u4eec\u4e2d\u7684\u4e00\u4e2a\u3002", "events": [], "arguments": {"time": [], "loc": [], "country": [], "weapon": []}}, {"sentence": "\u201d\u4ed6\u7b11\u7740\u8bf4\u3002", "events": [], "arguments": {"time": [], "loc": [], "country": [], "weapon": []}}, {"sentence": "\u5e03\u9c81\u514b\u65af\u662f\u4e94\u4e2a\u5b69\u5b50\u548c\u4e94\u4e2a\u7ee7\u5b50\u7684\u7236\u4eb2\uff0c\u5176\u59bb\u5b50\u65e9\u5df2\u53bb\u4e16\u3002", "events": [], "arguments": {"time": [], "loc": [], "country": [], "weapon": []}}, {"sentence": "\u7f8e\u56fd\u56fd\u9632\u90e8\u957f\u57c3\u65af\u73c0\u795d\u798f\u4ed6\u8bf4\uff1a\u201c\u6211\u5411\u4f60\u7684\u727a\u7272\u548c\u4f60\u4e00\u751f\u7684\u594b\u6597\u81f4\u656c\u3002", "events": [], "arguments": {"time": [], "loc": [], "country": [], "weapon": []}}, {"sentence": "\u201d\uff08\u5b8c\uff09", "events": [], "arguments": {"time": [], "loc": [], "country": [], "weapon": []}}, {"sentence": "\uff08\u5b8c\uff09", "events": [], "arguments": {"time": [], "loc": [], "country": [], "weapon": []}}]