[{"sentence": "\u71c3\uff01", "events": [], "arguments": {"time": [], "loc": [], "country": [], "weapon": []}}, {"sentence": "\u897f\u85cf\u519b\u533a\u8054\u5408\u62d4\u70b9\u6f14\u7ec3\u70b8\u6bc1\u5766\u514b", "events": [{"trigger": {"text": "\u6f14\u7ec3", "offset": 8, "length": 2}, "subject": {"text": "\u897f\u85cf\u519b\u533a", "offset": 0, "length": 4}, "object": {"text": "\u5766\u514b", "offset": 12, "length": 2}}, {"trigger": {"text": "\u70b8\u6bc1", "offset": 10, "length": 2}, "subject": {"text": "", "offset": 0, "length": 0}, "object": {"text": "\u5766\u514b", "offset": 12, "length": 2}}], "arguments": {"time": [], "loc": [{"text": "\u897f\u85cf\u519b\u533a", "offset": 0, "length": 4}], "country": [], "weapon": [{"text": "\u5766\u514b", "offset": 12, "length": 2}]}}, {"sentence": "\u3010\u71c3\uff01#\u897f\u85cf\u519b\u533a\u8054\u5408\u62d4\u70b9\u6f14\u7ec3\u70b8\u6bc1\u5766\u514b#\u3011", "events": [], "arguments": {"time": [], "loc": [{"text": "\u897f\u85cf\u519b\u533a", "offset": 4, "length": 4}], "country": [], "weapon": [{"text": "\u5766\u514b", "offset": 16, "length": 2}]}}, {"sentence": "\u201c\u53f3\u524d\u65b9\uff0c\u7a7f\u7532\u5f39\uff0c\u6b7c\u706d\uff01", "events": [], "arguments": {"time": [], "loc": [], "country": [], "weapon": [{"text": "\u7a7f\u7532\u5f39", "offset": 5, "length": 3}]}}, {"sentence": "\u201d\u5728\u5e73\u5747\u6d77\u62d45000\u7c73\u7684\u559c\u9a6c\u62c9\u96c5\u5c71\u8179\u5730\uff0c\u897f\u85cf\u519b\u533a\u67d0\u5408\u6210\u65c5\u8fd1\u65e5\u7ec4\u7ec7\u591a\u5175\u79cd\u3001\u591a\u578b\u88c5\u7532\u88c5\u5907\u7acb\u4f53\u8054\u5408\u62d4\u70b9\u6218\u6597\u6f14\u7ec3\u3002", "events": [], "arguments": {"time": [], "loc": [{"text": "\u897f\u85cf\u519b\u533a", "offset": 20, "length": 4}, {"text": "\u5e73\u5747\u6d77\u62d45000\u7c73\u7684\u559c\u9a6c\u62c9\u96c5\u5c71\u8179\u5730", "offset": 2, "length": 17}], "country": [], "weapon": [{"text": "\u88c5\u7532\u88c5\u5907", "offset": 38, "length": 4}]}}, {"sentence": "\u5404\u578b\u9632\u7a7a\u5bfc\u5f39\u5347\u7a7a\uff0c\u7cbe\u786e\u5236\u5bfc\u5bfc\u5f39\u706b\u529b\u6467\u6bc1\uff0c15\u5f0f\u8f7b\u578b\u5766\u514b\u300104\u5f0f\u6b65\u5175\u6218\u8f66\u5c04\u51fb\u2026\u2026\u753b\u9762\u71c3\u7206\uff01", "events": [{"trigger": {"text": "\u6467\u6bc1", "offset": 17, "length": 2}, "subject": {"text": "\u5bfc\u5f39", "offset": 13, "length": 2}, "object": {"text": "", "offset": 0, "length": 0}}], "arguments": {"time": [], "loc": [], "country": [], "weapon": [{"text": "\u5bfc\u5f39", "offset": 13, "length": 2}, {"text": "\u8f7b\u578b\u5766\u514b", "offset": 23, "length": 4}, {"text": "04\u5f0f\u6b65\u5175\u6218\u8f66", "offset": 28, "length": 7}, {"text": "\u9632\u7a7a\u5bfc\u5f39", "offset": 2, "length": 4}]}}, {"sentence": "#\u5f53\u5175\u5c31\u8981\u7ec3\u7ec3\u7ec3#\uff08\u8bb0\u8005\u4f59\u5747 \u8d75\u670b\u8d85 \u4ef5\u671d\u9633 \u8e47\u8302 \u5468\u83ab \u96f7\u65b0\u6797 \u5468\u5029\u4e91 \u5f20\u9ece\u660e \u6881\u4f1f\uff09", "events": [], "arguments": {"time": [], "loc": [], "country": [], "weapon": []}}, {"sentence": "\uff08\u8bb0\u8005\u4f59\u5747 \u8d75\u670b\u8d85 \u4ef5\u671d\u9633 \u8e47\u8302 \u5468\u83ab \u96f7\u65b0\u6797 \u5468\u5029\u4e91 \u5f20\u9ece\u660e \u6881\u4f1f\uff09", "events": [], "arguments": {"time": [], "loc": [], "country": [], "weapon": []}}]