[{"sentence": "\u7f8e\u519b\u6388\u4e88\u8d1d\u5c14\u76f4\u5347\u673a\u5408\u540c\u00a0\u8bbe\u8ba1\u201c\u672a\u6765\u653b\u51fb\u4fa6\u5bdf\u673a\u201d", "events": [{"trigger": {"text": "\u6388\u4e88", "offset": 2, "length": 2}, "subject": {"text": "\u7f8e\u519b", "offset": 0, "length": 2}, "object": {"text": "\u8d1d\u5c14\u76f4\u5347\u673a\u5408\u540c\u00a0", "offset": 4, "length": 8}}, {"trigger": {"text": "\u8bbe\u8ba1", "offset": 12, "length": 2}, "subject": {"text": "\u7f8e\u519b", "offset": 0, "length": 2}, "object": {"text": "\u201c\u672a\u6765\u653b\u51fb\u4fa6\u5bdf\u673a\u201d", "offset": 14, "length": 9}}], "arguments": {"time": [], "loc": [], "country": [{"text": "\u7f8e", "offset": 0, "length": 1}], "weapon": [{"text": "\u76f4\u5347\u673a", "offset": 6, "length": 3}, {"text": "\u5bdf\u673a", "offset": 0, "length": 2}]}}, {"sentence": "\u3010\u73af\u7403\u7f51\u62a5\u9053 \u8bb0\u8005 \u5f90\u7490\u660e\u3011", "events": [], "arguments": {"time": [], "loc": [], "country": [], "weapon": []}}, {"sentence": "\u636e\u201c\u9632\u52a1\u535a\u5ba2\u201d\u7f51\u7ad99\u670810\u65e5\u62a5\u9053\uff0c\u7f8e\u56fd\u9646\u519b\u5408\u7ea6\u53f8\u4ee4\u90e8\u6388\u4e88\u4e86\u8d1d\u5c14\u76f4\u5347\u673a\u516c\u53f8\u4e00\u4efd\u201c\u591a\u5e74\u751f\u4ea7\u534f\u8bae\u201d\uff0c\u4e3b\u8981\u662f\u7528\u4e8e\u7814\u53d1\u201c\u672a\u6765\u653b\u51fb\u4fa6\u5bdf\u673a\u201d\u3002", "events": [{"trigger": {"text": "\u7814\u53d1", "offset": 52, "length": 2}, "subject": {"text": "\u7f8e\u56fd", "offset": 17, "length": 2}, "object": {"text": "\u672a\u6765\u653b\u51fb\u4fa6\u5bdf\u673a\u201d", "offset": 55, "length": 8}}], "arguments": {"time": [{"text": "9\u670810\u65e5", "offset": 9, "length": 5}], "loc": [], "country": [{"text": "\u7f8e\u56fd", "offset": 17, "length": 2}], "weapon": []}}, {"sentence": "\u7f8e\u56fd\u56fd\u9632\u90e8\u5728\u672c\u5468\u4e8c\u5ba3\u5e03\uff0c\u8fd9\u4efd\u4ef7\u503c\u8d85\u8fc71350\u4e07\u7f8e\u5143\u7684\u5408\u540c\u7528\u4e8e\u8bbe\u8ba1\u3001\u7814\u7a76\u3001\u5206\u6790\u3001\u6d4b\u8bd5\u3001\u96c6\u6210\u548c\u5236\u9020\u201c\u672a\u6765\u653b\u51fb\u4fa6\u5bdf\u673a\u201d\uff08FARA\uff09\uff0c\u4ee5\u53ca\u6539\u8fdb\u5b50\u7cfb\u7edf\u548c\u7cfb\u7edf\u6210\u719f\u5ea6\u3002", "events": [], "arguments": {"time": [{"text": "\u672c\u5468\u4e8c", "offset": 6, "length": 3}], "loc": [], "country": [{"text": "\u7f8e\u56fd", "offset": 0, "length": 2}], "weapon": [{"text": "\u201c\u672a\u6765\u653b\u51fb\u4fa6\u5bdf\u673a\u201d\uff08FARA\uff09", "offset": 47, "length": 15}]}}, {"sentence": "\u5408\u540c\u7684\u9884\u8ba1\u5b8c\u5de5\u65e5\u671f\u4e3a2025\u5e749\u67087\u65e5\u3002", "events": [], "arguments": {"time": [{"text": "2025\u5e749\u67087\u65e5", "offset": 10, "length": 9}], "loc": [], "country": [], "weapon": []}}, {"sentence": "\u6839\u636eFARA\u7684\u4f5c\u6218\u5b9a\u4f4d\uff0c\u8be5\u673a\u5c06\u7528\u4e8e\u53d6\u4ee3\u7f8e\u519b\u7684OH-58\u76f4\u5347\u673a\u3002", "events": [], "arguments": {"time": [], "loc": [], "country": [{"text": "\u7f8e", "offset": 19, "length": 1}], "weapon": [{"text": "OH-58\u76f4\u5347\u673a", "offset": 22, "length": 8}]}}, {"sentence": "FARA\u9879\u76ee\u7ade\u6807\u65e8\u5728\u6253\u9020\u4e0b\u4e00\u4ee3\u653b\u51fb\u4fa6\u5bdf\u673a\uff0c\u4ee5\u586b\u8865\u7f8e\u56fd\u9646\u519b\u5728\u8fd9\u4e00\u80fd\u529b\u65b9\u9762\u7684\u7f3a\u53e3\u3002", "events": [], "arguments": {"time": [], "loc": [], "country": [{"text": "\u7f8e\u56fd", "offset": 24, "length": 2}], "weapon": [{"text": "\u653b\u51fb\u4fa6\u5bdf\u673a", "offset": 15, "length": 5}]}}, {"sentence": "\u7f8e\u56fd\u9646\u519b\u9700\u8981\u4e00\u79cd\u80fd\u591f\u5728\u590d\u6742\u7a7a\u57df\u548c\u73af\u5883\u4e2d\u4f5c\u6218\u7684\u98de\u673a\uff0c\u914d\u5907\u5148\u8fdb\u7684\u4f5c\u6218\u7cfb\u7edf\uff0c\u80fd\u591f\u548c\u540c\u7ea7\u522b\u4ee5\u53ca\u76f8\u8fd1\u7ea7\u522b\u7684\u5bf9\u624b\u5bf9\u6297\u3002", "events": [], "arguments": {"time": [], "loc": [], "country": [{"text": "\u7f8e\u56fd", "offset": 0, "length": 2}], "weapon": []}}, {"sentence": "\u65b0\u5e73\u53f0\u5c06\u80fd\u591f\u642d\u8f7d\u591a\u79cd\u4efb\u52a1\u8f7d\u8377\uff0c\u80fd\u591f\u914d\u5907\u65e0\u4eba\u673a\u7cfb\u7edf\uff0c\u5e76\u4e3a\u5730\u9762\u90e8\u961f\u63d0\u4f9b\u652f\u6301\u3002", "events": [], "arguments": {"time": [], "loc": [], "country": [], "weapon": [{"text": "\u65e0\u4eba\u673a", "offset": 19, "length": 3}]}}, {"sentence": "\u7f8e\u56fd\u9646\u519b\u57282016\u5e74\u56e0\u9884\u7b97\u4e0d\u8db3\uff0c\u5c06OH-58\u76f4\u5347\u673a\u5168\u6570\u9000\u5f79\u3002", "events": [{"trigger": {"text": "\u9000\u5f79", "offset": 27, "length": 2}, "subject": {"text": "OH-58\u76f4\u5347\u673a", "offset": 17, "length": 8}, "object": {"text": "", "offset": 0, "length": 0}}], "arguments": {"time": [{"text": "2016\u5e74", "offset": 5, "length": 5}], "loc": [], "country": [{"text": "\u7f8e\u56fd", "offset": 0, "length": 2}], "weapon": [{"text": "OH-58\u76f4\u5347\u673a", "offset": 17, "length": 8}]}}, {"sentence": "\u7ed3\u679c\u540e\u6765\u5728\u5b9e\u6218\u4e2d\u5374\u53d1\u73b0\uff0c\u5177\u5907\u6218\u6597\u548c\u4fa6\u5bdf\u80fd\u529b\u7684\u76f4\u5347\u673a\u4ecd\u76f8\u5f53\u91cd\u8981\uff0c\u6240\u4ee5\u63d0\u51fa\u4e86FARA\u8ba1\u5212\u3002", "events": [{"trigger": {"text": "\u63d0\u51fa", "offset": 33, "length": 2}, "subject": {"text": "", "offset": 0, "length": 0}, "object": {"text": "FARA\u8ba1\u5212", "offset": 36, "length": 6}}], "arguments": {"time": [], "loc": [], "country": [], "weapon": [{"text": "FARA", "offset": 36, "length": 4}, {"text": "\u76f4\u5347\u673a", "offset": 22, "length": 3}]}}, {"sentence": "FARA\u7684\u901f\u5ea6\u8981\u6c42\u662f\u6781\u901f\u80fd\u591f\u8fbe\u5230200\u8282\uff08\u7ea6370\u516c\u91cc/\u5c0f\u65f6\uff09\u3002", "events": [], "arguments": {"time": [], "loc": [], "country": [], "weapon": [{"text": "FARA", "offset": 0, "length": 4}]}}]