[{"sentence": "\u4ee5\u8272\u5217\u503e\u5411\u8d2d\u4e70\u66f4\u591aF-35\u6218\u6597\u673a\u00a0\u76ee\u524d\u5df2\u8ba2\u8d2d50\u67b6", "events": [{"trigger": {"text": "\u503e\u5411\u8d2d\u4e70", "offset": 3, "length": 4}, "subject": {"text": "\u4ee5\u8272\u5217", "offset": 0, "length": 3}, "object": {"text": "F-35\u6218\u6597\u673a", "offset": 9, "length": 7}}, {"trigger": {"text": "\u8ba2\u8d2d", "offset": 20, "length": 2}, "subject": {"text": "\u4ee5\u8272\u5217", "offset": 0, "length": 3}, "object": {"text": "F-35\u6218\u6597\u673a", "offset": 9, "length": 7}}], "arguments": {"time": [], "loc": [], "country": [{"text": "\u4ee5\u8272\u5217", "offset": 0, "length": 3}], "weapon": [{"text": "F-35\u6218\u6597\u673a", "offset": 9, "length": 7}]}}, {"sentence": "\u3010\u73af\u7403\u7f51\u62a5\u9053 \u8bb0\u8005 \u9a6c\u5ca9\u3011", "events": [], "arguments": {"time": [], "loc": [], "country": [], "weapon": []}}, {"sentence": "\u636e\u300a\u7b80\u6c0f\u9632\u52a1\u5468\u520a\u300b\u7f51\u7ad99\u670810\u65e5\u62a5\u9053\uff0c\u4ee5\u8272\u5217\u7a7a\u519b\u6b63\u503e\u5411\u4e8e\u8d2d\u4e70\u7b2c\u4e09\u4e2aF-35\u6218\u6597\u673a\u4e2d\u961f\u3002", "events": [{"trigger": {"text": "\u6b63\u503e\u5411\u4e8e\u8d2d\u4e70", "offset": 24, "length": 6}, "subject": {"text": "\u4ee5\u8272\u5217\u7a7a\u519b", "offset": 19, "length": 5}, "object": {"text": "\u7b2c\u4e09\u4e2aF-35\u6218\u6597\u673a\u4e2d\u961f", "offset": 30, "length": 12}}], "arguments": {"time": [{"text": "9\u670810\u65e5", "offset": 11, "length": 5}], "loc": [], "country": [{"text": "\u4ee5\u8272\u5217", "offset": 19, "length": 3}], "weapon": [{"text": "F-35\u6218\u6597\u673a", "offset": 33, "length": 7}]}}, {"sentence": "\u65b0\u4e00\u6279\u6218\u6597\u673a\u53ef\u80fd\u5c06\u88ab\u90e8\u7f72\u5728\u9996\u90fd\u7279\u62c9\u7ef4\u592b\u4ee5\u5357\u7684\u4e00\u4e2a\u7a7a\u519b\u57fa\u5730\u3002", "events": [{"trigger": {"text": "\u90e8\u7f72", "offset": 10, "length": 2}, "subject": {"text": "", "offset": 0, "length": 0}, "object": {"text": "\u65b0\u4e00\u6279\u6218\u6597\u673a", "offset": 0, "length": 6}}], "arguments": {"time": [], "loc": [{"text": "\u9996\u90fd\u7279\u62c9\u7ef4\u592b\u4ee5\u5357\u7684\u4e00\u4e2a\u7a7a\u519b\u57fa\u5730", "offset": 13, "length": 15}], "country": [], "weapon": [{"text": "\u6218\u6597\u673a", "offset": 3, "length": 3}]}}, {"sentence": "\u4ee5\u8272\u5217\u7a7a\u519b\u76ee\u524d\u5df2\u7ecf\u8ba2\u8d2d\u4e8650\u67b6\u3001\u4e24\u4e2a\u4e2d\u961f\u7684F-35I\u6218\u6597\u673a\uff0c\u90fd\u8ba1\u5212\u90e8\u7f72\u5728\u8be5\u56fd\u5357\u90e8\u7684\u5185\u74e6\u8482\u59c6\u7a7a\u519b\u57fa\u5730\uff0c\u6d1b\u514b\u5e0c\u5fb7\u2022\u9a6c\u4e01\u516c\u53f8\u6bcf\u5e74\u4e3a\u4ee5\u8272\u5217\u751f\u4ea76\u67b6F-35I\u6218\u6597\u673a\uff0c27\u67b6\u9884\u8ba1\u5728\u4eca\u5e74\u5e74\u5e95\u4ea4\u4ed8\u3002", "events": [{"trigger": {"text": "\u8ba2\u8d2d", "offset": 9, "length": 2}, "subject": {"text": "\u4ee5\u8272\u5217\u7a7a\u519b", "offset": 0, "length": 5}, "object": {"text": "F-35I\u6218\u6597\u673a", "offset": 69, "length": 8}}, {"trigger": {"text": "\u4ea4\u4ed8", "offset": 88, "length": 2}, "subject": {"text": "\u6d1b\u514b\u5e0c\u5fb7\u2022\u9a6c\u4e01\u516c\u53f8", "offset": 50, "length": 9}, "object": {"text": "F-35I\u6218\u6597\u673a", "offset": 69, "length": 8}}], "arguments": {"time": [], "loc": [{"text": "\u8be5\u56fd\u5357\u90e8\u7684\u5185\u74e6\u8482\u59c6\u7a7a\u519b\u57fa\u5730", "offset": 36, "length": 13}], "country": [{"text": "\u4ee5\u8272\u5217", "offset": 62, "length": 3}], "weapon": [{"text": "F-35I\u6218\u6597\u673a", "offset": 69, "length": 8}]}}, {"sentence": "\u62a5\u9053\u79f0\uff0c\u4ee5\u8272\u5217\u7a7a\u519b\u6b63\u5728\u6743\u8861\u662f\u8d2d\u4e70\u7b2c\u4e09\u4e2a\u4e2d\u961f\u7684F-35\uff0c\u8fd8\u662f\u8d2d\u4e70\u53ef\u4ee5\u642d\u8f7d\u66f4\u591a\u6b66\u5668\u7684\u6539\u8fdb\u578bF-15s\u3002", "events": [], "arguments": {"time": [], "loc": [], "country": [{"text": "\u4ee5\u8272\u5217", "offset": 4, "length": 3}], "weapon": [{"text": "F-35", "offset": 22, "length": 4}, {"text": "F-15s", "offset": 43, "length": 5}]}}, {"sentence": "\u4ee5\u8272\u5217\u5a92\u4f53\u66fe\u57282\u6708\u62a5\u9053\uff0c\u4ee5\u519b\u53c2\u8c0b\u957f\u963f\u7ef4\u592b\u2022\u79d1\u67e5\u7ef4\u5c06\u5bfb\u6c42\u6279\u51c6\u8d2d\u4e70\u7b2c\u4e09\u4e2aF-35\u4e2d\u961f\u548c\u4e00\u4e2a\u6539\u8fdb\u578bF-15s\u4e2d\u961f\u3002", "events": [], "arguments": {"time": [], "loc": [], "country": [{"text": "\u4ee5\u8272\u5217", "offset": 0, "length": 3}], "weapon": [{"text": "F-35", "offset": 34, "length": 4}, {"text": "F-15s", "offset": 46, "length": 5}]}}, {"sentence": "\u6700\u7ec8\u51b3\u5b9a\u5fc5\u987b\u5f97\u5230\u4ee5\u8272\u5217\u5185\u9601\u548c\u91c7\u8d2d\u59d4\u5458\u4f1a\u7684\u6279\u51c6\u3002", "events": [], "arguments": {"time": [], "loc": [], "country": [{"text": "\u4ee5\u8272\u5217", "offset": 8, "length": 3}], "weapon": []}}, {"sentence": "\u4ee5\u8272\u5217\u8981\u8d2d\u4e70\u7684\u7b2c\u4e09\u4e2a\u4e2d\u961f\u53ef\u80fd\u8fd8\u662f\u7531F-35A\u6f14\u53d8\u800c\u6765\u7684F-35I\uff0c\u4f46\u5176\u8d2d\u4e70\u7684\u7b2c\u56db\u4e2a\u4e2d\u961f\u53ef\u80fd\u5c06\u662f\u80fd\u591f\u77ed\u8ddd\u8d77\u98de\u3001\u5782\u76f4\u964d\u843d\u7684F-35B\uff0c\u56e0\u4e3a\u8fd9\u79cd\u6218\u673a\u53ef\u4ee5\u5728\u98de\u673a\u8dd1\u9053\u906d\u7834\u574f\u65f6\u8d77\u98de\u4f5c\u6218\u3002", "events": [], "arguments": {"time": [], "loc": [], "country": [{"text": "\u4ee5\u8272\u5217", "offset": 0, "length": 3}], "weapon": [{"text": "F-35A", "offset": 17, "length": 5}, {"text": "F-35I", "offset": 27, "length": 5}, {"text": "F-35B", "offset": 59, "length": 5}]}}, {"sentence": "\uff08\u5b8c\uff09", "events": [], "arguments": {"time": [], "loc": [], "country": [], "weapon": []}}, {"sentence": "\uff08\u5b8c\uff09", "events": [], "arguments": {"time": [], "loc": [], "country": [], "weapon": []}}]