[{"sentence": "\u89e3\u653e\u519b\u6e24\u6d77\u519b\u6f14\u4e4b\u9645\uff0c\u53f0\u5a92\u66dd\u53f0\u519b\u7d27\u76ef\u201c\u5c71\u4e1c\u53f7\u201d\u201c\u8fbd\u5b81\u53f7\u201d\u53cc\u822a\u6bcd\u52a8\u6001", "events": [{"trigger": {"text": "\u519b\u6f14", "offset": 5, "length": 2}, "subject": {"text": "\u89e3\u653e\u519b", "offset": 0, "length": 3}, "object": {"text": "\u6e24\u6d77", "offset": 3, "length": 2}}], "arguments": {"time": [], "loc": [{"text": "\u6e24\u6d77", "offset": 3, "length": 2}], "country": [], "weapon": [{"text": "\u201c\u5c71\u4e1c\u53f7\u201d\u201c\u8fbd\u5b81\u53f7\u201d\u53cc\u822a\u6bcd", "offset": 17, "length": 13}]}}, {"sentence": "\u3010\u73af\u7403\u7f51\u62a5\u9053\u3011", "events": [], "arguments": {"time": [], "loc": [], "country": [], "weapon": []}}, {"sentence": "\u89e3\u653e\u519b\u8fd1\u65e5\u5728\u6e24\u6d77\u3001\u5357\u6d77\u8fdb\u884c\u519b\u4e8b\u8bad\u7ec3\u6d3b\u52a8\uff0c9\u670811\u65e5\uff0c\u6709\u53f0\u5a92\u79f0\uff0c\u6839\u636e\u519b\u4e8b\u60c5\u62a5\u663e\u793a\uff0c\u89e3\u653e\u519b\u201c\u5c71\u4e1c\u53f7\u201d\u4e0e\u201c\u8fbd\u5b81\u53f7\u201d\u822a\u6bcd\u5c06\u8fdb\u884c\u53cc\u822a\u6bcd\u8054\u5408\u8bad\u7ec3\u3002", "events": [{"trigger": {"text": "\u8054\u5408\u8bad\u7ec3", "offset": 62, "length": 4}, "subject": {"text": "\u89e3\u653e\u519b", "offset": 40, "length": 3}, "object": {"text": "\u201c\u5c71\u4e1c\u53f7\u201d\u4e0e\u201c\u8fbd\u5b81\u53f7\u201d\u822a\u6bcd", "offset": 43, "length": 13}}], "arguments": {"time": [{"text": "9\u670811\u65e5", "offset": 20, "length": 5}], "loc": [{"text": "\u6e24\u6d77", "offset": 6, "length": 2}, {"text": "\u5357\u6d77", "offset": 9, "length": 2}], "country": [{"text": "\u53f0", "offset": 27, "length": 1}], "weapon": [{"text": "\u201c\u5c71\u4e1c\u53f7\u201d", "offset": 43, "length": 5}, {"text": "\u201c\u8fbd\u5b81\u53f7\u201d\u822a\u6bcd", "offset": 49, "length": 7}]}}, {"sentence": "\u636e\u79f0\uff0c\u53f0\u519b\u5185\u90e8\u6b63\u4e25\u9635\u4ee5\u5f85\uff0c\u7d27\u76ef\u201c\u5c71\u4e1c\u53f7\u201d\u4e0e\u201c\u8fbd\u5b81\u53f7\u201d\u52a8\u6001\u3002", "events": [{"trigger": {"text": "\u7d27\u76ef", "offset": 13, "length": 2}, "subject": {"text": "\u53f0\u519b", "offset": 3, "length": 2}, "object": {"text": "\u201c\u5c71\u4e1c\u53f7\u201d\u4e0e\u201c\u8fbd\u5b81\u53f7\u201d\u52a8\u6001", "offset": 15, "length": 13}}], "arguments": {"time": [], "loc": [], "country": [{"text": "\u53f0", "offset": 3, "length": 1}], "weapon": [{"text": "\u201c\u5c71\u4e1c\u53f7\u201d", "offset": 15, "length": 5}, {"text": "\u201c\u8fbd\u5b81\u53f7\u201d", "offset": 21, "length": 5}]}}, {"sentence": "\u6839\u636e\u4e2d\u56fd\u6d77\u4e8b\u5c40\u7f51\u7ad98\u670821\u65e5\u53d1\u5e03\u7684\u822a\u884c\u8b66\u544a\uff0c\u89e3\u653e\u519b\u5c06\u4e8e8\u670824\u65e5\u81f39\u670830\u65e5\u5728\u6e24\u6d77\u6267\u884c\u5b9e\u5f39\u5c04\u51fb\u6d3b\u52a8\uff0c\u76f8\u5173\u533a\u57df\u7981\u6b62\u901a\u822a\u3002", "events": [{"trigger": {"text": "\u6267\u884c", "offset": 41, "length": 2}, "subject": {"text": "\u89e3\u653e\u519b", "offset": 22, "length": 3}, "object": {"text": "\u5b9e\u5f39\u5c04\u51fb\u6d3b\u52a8", "offset": 43, "length": 6}}], "arguments": {"time": [{"text": "8\u670821\u65e5", "offset": 9, "length": 5}, {"text": "8\u670824\u65e5\u81f39\u670830\u65e5", "offset": 27, "length": 11}], "loc": [{"text": "\u6e24\u6d77", "offset": 39, "length": 2}], "country": [{"text": "\u4e2d\u56fd", "offset": 2, "length": 2}], "weapon": []}}, {"sentence": "\u53f0\u5a92\u5f15\u8ff0\u6d88\u606f\u79f0\uff0c\u89e3\u653e\u519b\u201c\u5c71\u4e1c\u53f7\u201d\u822a\u6bcd\u76ee\u524d\u6b63\u5728\u6e24\u6d77\u8fdb\u884c\u8230\u8f7d\u673a\u8bad\u7ec3\uff0c\u201c\u8fbd\u5b81\u53f7\u201d\u822a\u6bcd\u4e5f\u5c06\u524d\u5f80\u4f1a\u5408\uff0c\u8fdb\u884c\u53cc\u822a\u6bcd\u8054\u5408\u8bad\u7ec3\u3002", "events": [{"trigger": {"text": "\u8bad\u7ec3", "offset": 53, "length": 2}, "subject": {"text": "\u89e3\u653e\u519b\u201c\u5c71\u4e1c\u53f7\u201d\u822a\u6bcd", "offset": 8, "length": 10}, "object": {"text": "\u8230\u8f7d\u673a", "offset": 26, "length": 3}}], "arguments": {"time": [], "loc": [{"text": "\u6e24\u6d77", "offset": 22, "length": 2}], "country": [], "weapon": [{"text": "\u201c\u8fbd\u5b81\u53f7\u201d\u822a\u6bcd", "offset": 32, "length": 7}, {"text": "\u201c\u5c71\u4e1c\u53f7\u201d\u822a\u6bcd", "offset": 11, "length": 7}]}}, {"sentence": "\u636e\u79f0\uff0c\u53f0\u519b\u5185\u90e8\u6b63\u4e25\u9635\u4ee5\u5f85\uff0c\u7d27\u76ef\u201c\u5c71\u4e1c\u53f7\u201d\u4e0e\u201c\u8fbd\u5b81\u53f7\u201d\u53cc\u822a\u6bcd\u52a8\u6001\uff0c\u63d0\u9632\u5982\u679c\u4e24\u8258\u822a\u6bcd\u540c\u65f6\u7ed5\u53f0\u53ef\u80fd\u5bf9\u53f0\u6d77\u60c5\u52bf\u9020\u6210\u7684\u201c\u51b2\u51fb\u201d\u3002", "events": [], "arguments": {"time": [], "loc": [], "country": [{"text": "\u53f0", "offset": 47, "length": 1}], "weapon": [{"text": "\u201c\u5c71\u4e1c\u53f7\u201d", "offset": 15, "length": 5}, {"text": "\u201c\u8fbd\u5b81\u53f7\u201d", "offset": 21, "length": 5}]}}, {"sentence": "\u53f0\u5a92\u8fd8\u63d0\u5230\uff0c\u6709\u53f0\u6e7e\u201c\u6d77\u519b\u201d\u5b98\u5458\u63a8\u6d4b\uff0c\u89e3\u653e\u519b\u822a\u6bcd\u7ed5\u53f0\u7684\u65f6\u95f4\u70b9\u4f1a\u57289\u670822\u65e5\u524d\u540e\uff0c\u81f3\u4e8e\u662f\u53cc\u822a\u6bcd\u7ed5\u53f0\u8fd8\u662f\u5355\u8258\u822a\u6bcd\u7ed5\u53f0\uff0c\u76ee\u524d\u65e0\u6cd5\u63a8\u6d4b\uff0c\u58f0\u79f0\u201c\u53f0\u519b\u4f1a\u5229\u7528\u8054\u5408\u60c5\u641c\u76d1\u4fa6\u7684\u65b9\u5f0f\uff0c\u4e25\u5bc6\u76d1\u63a7\u89e3\u653e\u519b\u822a\u6bcd\u53ca\u519b\u673a\u52a8\u6001\u201d\u4e91\u4e91\u3002", "events": [{"trigger": {"text": "\u7ed5\u53f0", "offset": 53, "length": 2}, "subject": {"text": "\u89e3\u653e\u519b\u822a\u6bcd", "offset": 85, "length": 5}, "object": {"text": "", "offset": 0, "length": 0}}], "arguments": {"time": [{"text": "9\u670822\u65e5\u524d\u540e", "offset": 31, "length": 7}], "loc": [], "country": [{"text": "\u53f0\u6e7e", "offset": 7, "length": 2}], "weapon": [{"text": "\u822a\u6bcd", "offset": 88, "length": 2}, {"text": "\u519b\u673a", "offset": 91, "length": 2}]}}, {"sentence": "\u6b64\u524d\u66fe\u6709\u5916\u5a92\u62a5\u9053\u79f0\uff0c\u4e2d\u56fd\u7684\u7b2c\u4e00\u8258\u822a\u6bcd\u201c\u8fbd\u5b81\u53f7\u201d\u88ab\u53d1\u73b0\u5728\u9ec4\u6d77\u4e2d\u822a\u884c\uff0c\u800c\u4e2d\u56fd\u7684\u7b2c\u4e8c\u8258\u822a\u6bcd\u201c\u5c71\u4e1c\u53f7\u201d\u540c\u65f6\u5f00\u59cb\u4e86\u5728\u6e24\u6d77\u7684\u8bad\u7ec3\u822a\u7a0b\u3002", "events": [], "arguments": {"time": [], "loc": [{"text": "\u9ec4\u6d77", "offset": 27, "length": 2}, {"text": "\u6e24\u6d77", "offset": 53, "length": 2}], "country": [{"text": "\u4e2d\u56fd", "offset": 34, "length": 2}], "weapon": [{"text": "\u201c\u8fbd\u5b81\u53f7\u201d", "offset": 18, "length": 5}, {"text": "\u201c\u5c71\u4e1c\u53f7\u201d", "offset": 42, "length": 5}]}}, {"sentence": "\u5a92\u4f53\u62a5\u9053\u79f0\uff1a\u201c\u8fd9\u662f\u9996\u6b21\u8ba9\u516c\u4f17\u77e5\u9053\uff0c\u4e2d\u56fd\u6709\u4e24\u8258\u73b0\u5f79\u822a\u6bcd\u5728\u6d77\u4e0a\u8fdb\u884c\u6f14\u4e60\u3002", "events": [{"trigger": {"text": "\u6f14\u4e60", "offset": 31, "length": 2}, "subject": {"text": "\u4e24\u8258\u73b0\u5f79\u822a\u6bcd", "offset": 20, "length": 6}, "object": {"text": "", "offset": 0, "length": 0}}], "arguments": {"time": [], "loc": [], "country": [{"text": "\u4e2d\u56fd", "offset": 17, "length": 2}], "weapon": [{"text": "\u822a\u6bcd", "offset": 24, "length": 2}]}}, {"sentence": "\u201d9\u67088\u65e5\uff0c\u7f8e\u56fd\u300a\u56fd\u5bb6\u5229\u76ca\u300b\u7f51\u7ad9\u62a5\u9053\u79f0\uff0c\u4e2d\u56fd\u73b0\u5728\u80fd\u591f\u5728\u4e00\u4e2a\u8bad\u7ec3\u4efb\u52a1\u4e2d\u540c\u65f6\u64cd\u4f5c\u4e24\u8258\u822a\u7a7a\u6bcd\u8230\uff0c\u8fd9\u80fd\u591f\u5b8c\u5584\u5176\u6218\u672f\uff0c\u6700\u7ec8\u5728\u672a\u6765\u8fdb\u884c\u53cc\u822a\u6bcd\u4f5c\u6218\u3002", "events": [], "arguments": {"time": [{"text": "9\u67088\u65e5", "offset": 1, "length": 4}], "loc": [], "country": [{"text": "\u7f8e\u56fd", "offset": 6, "length": 2}, {"text": "\u4e2d\u56fd", "offset": 20, "length": 2}], "weapon": [{"text": "\u822a\u7a7a\u6bcd\u8230", "offset": 40, "length": 4}]}}, {"sentence": "\u8fd1\u65e5\uff0c\u5c31\u5728\u53f0\u519b\u5373\u5c06\u4e3e\u884c\u5e74\u5ea6\u201c\u6c49\u5149\u201d\u8ba1\u7b97\u673a\u5175\u68cb\u63a8\u6f14\u4e4b\u9645\uff0c\u53f0\u9632\u52a1\u90e8\u95e8\u4e0d\u65ad\u516c\u5e03\u89e3\u653e\u519b\u519b\u673a\u5bc6\u96c6\u7ed5\u53f0\u7684\u6d88\u606f\u3002", "events": [], "arguments": {"time": [], "loc": [], "country": [{"text": "\u53f0", "offset": 44, "length": 1}], "weapon": []}}, {"sentence": "\u6c11\u8fdb\u515a\u5f53\u5c40\u4e24\u5927\u90e8\u95e810\u65e5\u7f55\u89c1\u5730\u53ec\u5f00\u4e34\u65f6\u8bb0\u8005\u4f1a\u8c08\u89e3\u653e\u519b\u519b\u673a\u7ed5\u53f0\u3002", "events": [], "arguments": {"time": [{"text": "10\u65e5", "offset": 9, "length": 3}], "loc": [], "country": [{"text": "\u53f0", "offset": 29, "length": 1}], "weapon": []}}, {"sentence": "\u53f0\u9632\u52a1\u90e8\u95e8\u79f0\uff0c\u5f53\u5929\u4e0a\u5348\u518d\u5ea6\u4fa6\u83b7\u89e3\u653e\u519b\u82cf-30\u548c\u8fd0-8\u7b49\u591a\u578b\u6218\u673a\uff0c\u591a\u67b6\u6b21\u8fdb\u5165\u53f0\u897f\u5357\u7a7a\u57df\u9632\u7a7a\u8bc6\u522b\u533a\u6d3b\u52a8\uff0c\u201c\u6211\u7a7a\u519b\u6d3e\u9063\u7a7a\u4e2d\u5175\u529b\u4e25\u5bc6\u76d1\u63a7\u3001\u5e94\u5bf9\u201d\u3002", "events": [], "arguments": {"time": [], "loc": [], "country": [{"text": "\u53f0", "offset": 37, "length": 1}], "weapon": [{"text": "\u82cf-30", "offset": 18, "length": 4}, {"text": "\u8fd0-8", "offset": 23, "length": 3}]}}, {"sentence": "\u665a\u95f4\uff0c\u53f0\u6e7e\u9632\u52a1\u90e8\u95e8\u53c8\u79f0\uff0c\u89e3\u653e\u519b9\u65e5\u548c10\u65e5\u5728\u53f0\u897f\u5357\u65b9\u5916\u56f4\u6d77\u7a7a\u57df\u8fdb\u884c\u5927\u89c4\u6a21\u8054\u5408\u64cd\u6f14\uff0c\u4e14\u8ddd\u53f0\u6700\u8fd1\u4ec5166\u516c\u91cc\uff0c\u201c\u9488\u5bf9\u6027\u5f3a\u3001\u89c4\u6a21\u5927\u3001\u65f6\u95f4\u957f\uff0c\u53c8\u662f\u8054\u5408\u64cd\u6f14\uff0c\u5c31\u662f\u5f88\u660e\u663e\u7684\u5bf9\u53f0\u6b66\u5413\u5a01\u80c1\u201d\u3002", "events": [], "arguments": {"time": [{"text": "9\u65e5", "offset": 15, "length": 2}, {"text": "10\u65e5", "offset": 18, "length": 3}], "loc": [{"text": "\u53f0\u897f\u5357\u65b9\u5916\u56f4\u6d77\u7a7a\u57df", "offset": 22, "length": 9}], "country": [{"text": "\u53f0\u6e7e", "offset": 3, "length": 2}], "weapon": []}}, {"sentence": "\u53f0\u5916\u4e8b\u4e3b\u7ba1\u90e8\u95e8\u79f0\u5df2\u5c06\u5927\u9646\u201c\u5a01\u80c1\u201d\u901a\u62a5\u91cd\u8981\u53cb\u53f0\u5730\u533a\uff0c\u5e76\u626c\u8a00\u201c\u4e00\u65e6\u53d1\u751f\u4efb\u4f55\u6218\u4e8b\uff0c\u53f0\u6e7e\u5168\u4f53\u4eba\u6c11\u4f1a\u6218\u5230\u6700\u540e\u4e00\u5175\u4e00\u5352\u201d\u3002", "events": [], "arguments": {"time": [], "loc": [], "country": [{"text": "\u53f0\u6e7e", "offset": 38, "length": 2}], "weapon": []}}, {"sentence": "\u5bf9\u4e8e\u6c11\u8fdb\u515a\u5f53\u5c40\u5984\u56fe\u4ee5\u6b66\u8c0b\u201c\u72ec\u201d\u7684\u505a\u6cd5\uff0c\u4e2d\u56fd\u56fd\u9632\u90e8\u65b0\u95fb\u53d1\u8a00\u4eba\u5434\u8c26\u66fe\u5f3a\u8c03\uff0c\u53f0\u6e7e\u662f\u4e2d\u56fd\u4e0d\u53ef\u5206\u5272\u7684\u4e00\u90e8\u5206\u3002", "events": [], "arguments": {"time": [], "loc": [], "country": [{"text": "\u4e2d\u56fd", "offset": 38, "length": 2}], "weapon": []}}, {"sentence": "\u4e2d\u65b9\u5728\u53f0\u6e7e\u95ee\u9898\u4e0a\u7684\u7acb\u573a\u662f\u4e00\u8d2f\u7684\u3001\u660e\u786e\u7684\uff0c\u4e2d\u65b9\u51b3\u4e0d\u5141\u8bb8\u4efb\u4f55\u4eba\u3001\u4efb\u4f55\u7ec4\u7ec7\u3001\u4efb\u4f55\u56fd\u5bb6\u91c7\u53d6\u4efb\u4f55\u65b9\u5f0f\u628a\u53f0\u6e7e\u4ece\u7956\u56fd\u5206\u79bb\u51fa\u53bb\uff0c\u4e00\u5207\u8fdd\u80cc\u5386\u53f2\u6f6e\u6d41\u3001\u5236\u9020\u201c\u4e00\u4e2d\u4e00\u53f0\u201d\u3001\u5206\u88c2\u4e2d\u56fd\u7684\u56fe\u8c0b\u90fd\u5c06\u53d7\u5230\u5305\u62ec\u6240\u6709\u6d77\u5916\u534e\u4eba\u5728\u5185\u5168\u4f53\u4e2d\u534e\u513f\u5973\u7684\u575a\u51b3\u53cd\u5bf9\u3002", "events": [], "arguments": {"time": [], "loc": [], "country": [{"text": "\u4e2d\u65b9", "offset": 20, "length": 2}, {"text": "\u53f0\u6e7e", "offset": 46, "length": 2}], "weapon": []}}, {"sentence": " \u6211\u4eec\u540c\u65f6\u6b63\u544a\u6c11\u8fdb\u515a\u5f53\u5c40\uff0c\u7956\u56fd\u7edf\u4e00\u662f\u6c11\u65cf\u5927\u4e49\u6240\u5728\u3001\u4e24\u5cb8\u4eba\u5fc3\u6240\u5411\u3002", "events": [], "arguments": {"time": [], "loc": [], "country": [], "weapon": []}}, {"sentence": "\u631f\u6d0b\u81ea\u91cd\u6c38\u65e0\u51fa\u8def\uff0c\u4ee5\u6b66\u8c0b\u201c\u72ec\u201d\u6b7b\u8def\u4e00\u6761\u3002", "events": [], "arguments": {"time": [], "loc": [], "country": [], "weapon": []}}, {"sentence": "\u4e2d\u56fd\u4eba\u6c11\u89e3\u653e\u519b\u5c06\u91c7\u53d6\u4e00\u5207\u5fc5\u8981\u63aa\u65bd\uff0c\u575a\u51b3\u634d\u536b\u56fd\u5bb6\u4e3b\u6743\u548c\u9886\u571f\u5b8c\u6574\uff0c\u575a\u5b9a\u7ef4\u62a4\u53f0\u6d77\u5730\u533a\u548c\u5e73\u7a33\u5b9a\u3002", "events": [], "arguments": {"time": [], "loc": [], "country": [], "weapon": []}}, {"sentence": "\u5c31\u89e3\u653e\u519b\u519b\u673a\u51fa\u73b0\u5728\u53f0\u6d77\u4e00\u4e8b\uff0c\u89e3\u653e\u519b\u4e1c\u90e8\u6218\u533a\u65b0\u95fb\u53d1\u8a00\u4eba\u5f20\u6625\u6656\u7a7a\u519b\u5927\u6821\u66fe\u5c31\u6d77\u7a7a\u5175\u529b\u6218\u5907\u5de1\u822a\u53d1\u8868\u8c08\u8bdd\u8868\u793a\uff0c\u53f0\u6e7e\u53ca\u5176\u9644\u5c5e\u5c9b\u5c7f\u662f\u4e2d\u56fd\u9886\u571f\u795e\u5723\u4e0d\u53ef\u5206\u5272\u7684\u4e00\u90e8\u5206\uff0c\u4e2d\u56fd\u519b\u961f\u6218\u5907\u5de1\u822a\u5b8c\u5168\u6b63\u5f53\u5408\u6cd5\uff0c\u662f\u9488\u5bf9\u5f53\u524d\u53f0\u6d77\u5b89\u5168\u5f62\u52bf\u548c\u7ef4\u62a4\u56fd\u5bb6\u4e3b\u6743\u9700\u8981\u91c7\u53d6\u7684\u5fc5\u8981\u884c\u52a8\u3002", "events": [], "arguments": {"time": [], "loc": [], "country": [{"text": "\u53f0\u6e7e", "offset": 50, "length": 2}], "weapon": []}}, {"sentence": "\u6218\u533a\u90e8\u961f\u6709\u51b3\u5fc3\u3001\u6709\u80fd\u529b\u632b\u8d25\u4e00\u5207\u201c\u53f0\u72ec\u201d\u5206\u88c2\u6d3b\u52a8\uff0c\u575a\u51b3\u634d\u536b\u56fd\u5bb6\u4e3b\u6743\u5b89\u5168\u548c\u9886\u571f\u5b8c\u6574\uff0c\u575a\u51b3\u7ef4\u62a4\u53f0\u6d77\u5730\u533a\u548c\u5e73\u7a33\u5b9a\u3002", "events": [], "arguments": {"time": [], "loc": [], "country": [], "weapon": []}}]