[{"sentence": "\u5370\u5ea65\u67b6\u9635\u98ce\u6218\u6597\u673a\u6b63\u5f0f\u5165\u5217\u00a0\u5370\u5a92\uff1a\u5370\u5ea6\u7a7a\u519b\u8d85\u8d8a\u4e2d\u5df4\u7a7a\u519b", "events": [{"trigger": {"text": "\u5165\u5217", "offset": 11, "length": 2}, "subject": {"text": "\u5370\u5ea65\u67b6\u9635\u98ce\u6218\u6597\u673a", "offset": 0, "length": 9}, "object": {"text": "", "offset": 0, "length": 0}}], "arguments": {"time": [], "loc": [], "country": [{"text": "\u5370\u5ea6", "offset": 17, "length": 2}, {"text": "\u4e2d", "offset": 23, "length": 1}, {"text": "\u5df4", "offset": 24, "length": 1}], "weapon": [{"text": "\u9635\u98ce\u6218\u6597\u673a", "offset": 4, "length": 5}]}}, {"sentence": "\u3010\u73af\u7403\u7f51\u62a5\u9053 \u8bb0\u8005 \u5f90\u7490\u660e\u3011", "events": [], "arguments": {"time": [], "loc": [], "country": [], "weapon": []}}, {"sentence": "\u5370\u5ea6\u7a7a\u519b\u4e8e9\u670810\u65e5\u6b63\u5f0f\u5217\u88c5\u9996\u62795\u67b6\u201c\u9635\u98ce\u201d\u6218\u6597\u673a\uff0c\u5370\u5ea6\u4e0e\u6cd5\u56fd\u4e24\u56fd\u9632\u957f\u51fa\u5e2d\u5165\u5217\u4eea\u5f0f\u3002", "events": [{"trigger": {"text": "\u6b63\u5f0f\u5217\u88c5", "offset": 10, "length": 4}, "subject": {"text": "\u5370\u5ea6\u7a7a\u519b", "offset": 0, "length": 4}, "object": {"text": "\u9996\u62795\u67b6\u201c\u9635\u98ce\u201d\u6218\u6597\u673a", "offset": 14, "length": 11}}], "arguments": {"time": [{"text": "9\u670810\u65e5", "offset": 5, "length": 5}], "loc": [], "country": [{"text": "\u5370\u5ea6", "offset": 26, "length": 2}, {"text": "\u6cd5\u56fd", "offset": 29, "length": 2}], "weapon": [{"text": "\u201c\u9635\u98ce\u201d\u6218\u6597\u673a", "offset": 18, "length": 7}]}}, {"sentence": "\u6709\u5370\u5ea6\u5a92\u4f53\u5728\u201c\u9635\u98ce\u201d\u6218\u6597\u673a\u6b63\u5f0f\u5165\u5217\u4e4b\u9645\uff0c\u53c8\u8fdb\u884c\u4e86\u4e00\u756a\u5439\u6367\u5f0f\u62a5\u9053\u3002", "events": [], "arguments": {"time": [], "loc": [], "country": [], "weapon": [{"text": "\u201c\u9635\u98ce\u201d\u6218\u6597\u673a", "offset": 6, "length": 7}]}}, {"sentence": "\u636e\u7f8e\u8054\u793e9\u670810\u65e5\u62a5\u9053\uff0c\u5370\u5ea6\u7a7a\u519b\u5f53\u5929\u6b63\u5f0f\u5217\u88c5\u4e86\u9996\u62795\u67b6\u4ece\u6cd5\u56fd\u5f15\u8fdb\u7684\u201c\u9635\u98ce\u201d\u6218\u6597\u673a\u3002", "events": [{"trigger": {"text": "\u6b63\u5f0f\u5217\u88c5", "offset": 18, "length": 4}, "subject": {"text": "\u5370\u5ea6\u7a7a\u519b", "offset": 12, "length": 4}, "object": {"text": "\u9996\u62795\u67b6\u4ece\u6cd5\u56fd\u5f15\u8fdb\u7684\u201c\u9635\u98ce\u201d\u6218\u6597\u673a", "offset": 23, "length": 17}}], "arguments": {"time": [{"text": "9\u670810\u65e5", "offset": 4, "length": 5}], "loc": [], "country": [{"text": "\u5370\u5ea6", "offset": 12, "length": 2}, {"text": "\u6cd5\u56fd", "offset": 28, "length": 2}], "weapon": [{"text": "\u201c\u9635\u98ce\u201d\u6218\u6597\u673a", "offset": 33, "length": 7}]}}, {"sentence": "\u62a5\u9053\u79f0\uff0c\u5728\u5370\u5ea6\u5317\u90e8\u5b89\u5df4\u62c9\u7a7a\u519b\u57fa\u5730\u4e3e\u884c\u7684\u4eea\u5f0f\u4e0a\uff0c\u5370\u5ea6\u56fd\u9632\u90e8\u957f\u62c9\u6770\u7eb3\u7279\u00b7\u8f9b\u683c\u8868\u793a\uff0c\u8003\u8651\u5230\u5370\u5ea6\u7684\u8fb9\u5883\u5b89\u5168\u5c40\u52bf\uff0c\u8fd9\u6b3e\u6218\u6597\u673a\u7684\u5f15\u8fdb\u975e\u5e38\u91cd\u8981\u3002", "events": [], "arguments": {"time": [], "loc": [{"text": "\u5370\u5ea6\u5317\u90e8\u5b89\u5df4\u62c9\u7a7a\u519b\u57fa\u5730", "offset": 5, "length": 11}], "country": [{"text": "\u5370\u5ea6", "offset": 42, "length": 2}], "weapon": []}}, {"sentence": "\u8fd95\u67b6\u201c\u9635\u98ce\u201d\u6218\u6597\u673a\u6b63\u5f0f\u5165\u5217\u5370\u5ea6\u7a7a\u519b\u7b2c17\u4e2d\u961f\u201c\u91d1\u7bad\u201d\u3002", "events": [], "arguments": {"time": [], "loc": [], "country": [], "weapon": [{"text": "\u201c\u9635\u98ce\u201d\u6218\u6597\u673a", "offset": 3, "length": 7}]}}, {"sentence": "\u8fd9\u6279\u201c\u9635\u98ce\u201d\u6218\u6597\u673a\u662f\u5370\u5ea6\u4e0e\u6cd5\u56fd\u57282016\u5e74\u7b7e\u7f72\u7684\u4ef7\u503c87.8\u4ebf\u7f8e\u5143\u7684\u519b\u552e\u534f\u8bae\u7684\u4e00\u90e8\u5206\uff0c36\u67b6\u201c\u9635\u98ce\u201d\u6218\u6597\u673a\u5c06\u5728\u6cd5\u56fd\u5236\u9020\uff0c\u9884\u8ba1\u5c06\u57282022\u5e74\u5b8c\u6210\u5168\u90e8\u4ea4\u4ed8\u3002", "events": [], "arguments": {"time": [{"text": "2016\u5e74", "offset": 16, "length": 5}, {"text": "2022\u5e74", "offset": 64, "length": 5}], "loc": [], "country": [{"text": "\u5370\u5ea6", "offset": 10, "length": 2}, {"text": "\u6cd5\u56fd", "offset": 55, "length": 2}], "weapon": [{"text": "\u201c\u9635\u98ce\u201d\u6218\u6597\u673a", "offset": 46, "length": 7}]}}, {"sentence": "\u53c2\u52a0\u5165\u5217\u4eea\u5f0f\u7684\u8fd8\u6709\u6cd5\u56fd\u56fd\u9632\u90e8\u957f\u5e15\u5229\u8bf4\uff0c\u201c\u9635\u98ce\u201d\u6218\u6597\u673a\u5df2\u7ecf\u5728\u5bf9\u4ed8\u9a6c\u91cc\u548c\u53d9\u5229\u4e9a\u6b66\u88c5\u5206\u5b50\u7684\u6218\u573a\u4e0a\u8bc1\u660e\u4e86\u81ea\u5df1\u7684\u80fd\u529b\uff0c\u8fd9\u79cd\u7ecf\u8fc7\u5b9e\u6218\u68c0\u9a8c\u7684\u6218\u673a\u5c06\u201c\u4e3a\u5370\u5ea6\u5728\u8be5\u5730\u533a\u4fdd\u62a4\u81ea\u8eab\u63d0\u4f9b\u4f18\u52bf\u201d\u3002", "events": [], "arguments": {"time": [], "loc": [], "country": [{"text": "\u6cd5\u56fd", "offset": 9, "length": 2}, {"text": "\u9a6c\u91cc", "offset": 31, "length": 2}, {"text": "\u53d9\u5229\u4e9a", "offset": 34, "length": 3}], "weapon": [{"text": "\u201c\u9635\u98ce\u201d\u6218\u6597\u673a", "offset": 19, "length": 7}]}}, {"sentence": "\u5728\u8fd95\u67b6\u201c\u9635\u98ce\u201d\u6218\u6597\u673a\u4e8e7\u670829\u65e5\u98de\u62b5\u5370\u5ea6\u7684\u65f6\u5019\uff0c\u5370\u5ea6\u5a92\u4f53\u5c31\u8fdb\u884c\u5927\u91cf\u9ad8\u8c03\u7684\u5ba3\u4f20\u62a5\u9053\u3002", "events": [], "arguments": {"time": [{"text": "7\u670829\u65e5", "offset": 12, "length": 5}], "loc": [], "country": [{"text": "\u5370\u5ea6", "offset": 25, "length": 2}], "weapon": [{"text": "\u201c\u9635\u98ce\u201d\u6218\u6597\u673a", "offset": 4, "length": 7}]}}, {"sentence": "\u800c\u57289\u670810\u65e5\u8fd9\u6279\u6218\u6597\u673a\u6b63\u5f0f\u5165\u5217\u4e4b\u9645\uff0c\u5370\u5ea6\u5a92\u4f53\u66f4\u662f\u5bf9\u8fd9\u6b3e\u6218\u6597\u673a\u8fdb\u884c\u4e86\u4e00\u756a\u5439\u6367\u3002", "events": [], "arguments": {"time": [{"text": "9\u670810\u65e5", "offset": 2, "length": 5}], "loc": [], "country": [{"text": "\u5370\u5ea6", "offset": 19, "length": 2}], "weapon": []}}, {"sentence": "\u5370\u5ea6ZeeNews\u65b0\u95fb\u7f51\u7ad9\u53d1\u8868\u4e86\u4e00\u7bc7\u957f\u6587\uff0c\u4ece\u6280\u672f\u7279\u70b9\u3001\u5b9e\u6218\u7ecf\u9a8c\u3001\u6b66\u5668\u914d\u7f6e\u3001\u98de\u884c\u80fd\u529b\u3001\u9632\u62a4\u80fd\u529b\u7b49\u591a\u4e2a\u65b9\u9762\u5c06\u5176\u4e0e\u4e2d\u5df4\u5148\u8fdb\u6218\u6597\u673a\u8fdb\u884c\u5bf9\u6bd4\uff0c\u5c24\u5176\u662f\u91cd\u70b9\u5c06\u201c\u9635\u98ce\u201d\u4e0eJF-17\u201c\u67ad\u9f99\u201d\u3001\u6b7c-20\u6218\u6597\u673a\u8fdb\u884c\u5bf9\u6bd4\u3002", "events": [], "arguments": {"time": [], "loc": [], "country": [{"text": "\u5370\u5ea6", "offset": 0, "length": 2}], "weapon": [{"text": "\u201c\u9635\u98ce\u201d", "offset": 72, "length": 4}, {"text": "JF-17\u201c\u67ad\u9f99\u201d", "offset": 77, "length": 9}, {"text": "\u6b7c-20\u6218\u6597\u673a", "offset": 87, "length": 7}]}}, {"sentence": "\u5f97\u51fa\u7684\u7ed3\u8bba\u662f\u201c\u9635\u98ce\u201d\u6218\u6597\u673a\u80fd\u8ba9\u5370\u5ea6\u7a7a\u519b\u83b7\u5f97\u201c\u5de8\u5927\u4f18\u52bf\u201d\uff0c\u4e00\u4e3e\u8d85\u8d8a\u5df4\u57fa\u65af\u5766\u7a7a\u519b\u548c\u4e2d\u56fd\u7a7a\u519b\u3002", "events": [], "arguments": {"time": [], "loc": [], "country": [{"text": "\u5df4\u57fa\u65af\u5766", "offset": 32, "length": 4}, {"text": "\u4e2d\u56fd", "offset": 39, "length": 2}], "weapon": [{"text": "\u201c\u9635\u98ce\u201d\u6218\u6597\u673a", "offset": 6, "length": 7}]}}, {"sentence": "ZeeNews\u62a5\u9053\u79f0\u201c\u9635\u98ce\u201d\u4e00\u6b21\u53ef\u4ee5\u5b8c\u62104\u79cd\u4efb\u52a1\uff0c\u800c\u6b7c-20\u4e0d\u5177\u5907\u591a\u4efb\u52a1\u4f5c\u6218\u80fd\u529b\u3002", "events": [], "arguments": {"time": [], "loc": [], "country": [], "weapon": [{"text": "\u201c\u9635\u98ce\u201d", "offset": 10, "length": 4}, {"text": "\u6b7c-20", "offset": 26, "length": 4}]}}, {"sentence": "ZeeNews\u7ed9\u51fa\u7684\u5404\u79cd\u7406\u7531\u8fd8\u6709\u6b7c-20\u6ca1\u6709\u5b9e\u6218\u7ecf\u9a8c\u3001\u7a7a\u6218\u80fd\u529b\u4e0d\u591f\u3001\u71c3\u6599\u643a\u5e26\u80fd\u529b\u4e0d\u8db3\u7b49\u7b49\uff0c\u8fd8\u58f0\u79f0\u201c\u9635\u98ce\u201d\u7684\u6b66\u5668\u6302\u8f7d\u80fd\u529b\u6bd4\u6b7c-20\u66f4\u5f3a\uff0c\u4e0d\u8fc7ZeeNews\u65b0\u95fb\u53ea\u662f\u5217\u51fa\u4e86\u201c\u9635\u98ce\u201d\u6218\u6597\u673a\u7684\u79cd\u79cd\u53c2\u6570\uff0c\u800c\u672a\u80fd\u7ed9\u51faJF-17\u201c\u67ad\u9f99\u201d\u3001\u6b7c-20\u6218\u6597\u673a\u7684\u5177\u4f53\u6027\u80fd\u53c2\u6570\u4f5c\u4e3a\u5bf9\u6bd4\uff0c\u5b8c\u5168\u5c31\u662f\u201c\u5168\u51ed\u4e00\u5f20\u5634\u201d\u3002", "events": [], "arguments": {"time": [], "loc": [], "country": [], "weapon": [{"text": "\u6b7c-20", "offset": 111, "length": 4}, {"text": "\u201c\u9635\u98ce\u201d", "offset": 83, "length": 4}, {"text": "JF-17\u201c\u67ad\u9f99\u201d", "offset": 101, "length": 9}, {"text": "\u6b7c-20\u6218\u6597\u673a", "offset": 111, "length": 7}]}}, {"sentence": "\u9664\u4e86\u5370\u5ea6\u5a92\u4f53\uff0c\u201c\u9635\u98ce\u201d\u6218\u6597\u673a\u7684\u5230\u6765\u6b64\u524d\u4e5f\u66fe\u8ba9\u67d0\u4e9b\u5370\u5ea6\u4eba\u6709\u70b9\u201c\u98d8\u201d\u4e86\u3002", "events": [], "arguments": {"time": [], "loc": [], "country": [{"text": "\u5370\u5ea6", "offset": 24, "length": 2}], "weapon": [{"text": "\u201c\u9635\u98ce\u201d\u6218\u6597\u673a", "offset": 7, "length": 7}]}}, {"sentence": "\u5370\u5ea6\u7a7a\u519b\u524d\u4efb\u53c2\u8c0b\u957fB\u00b7S\u00b7\u8fbe\u8bfa\u963f\u66fe\u8bf4\uff1a\u201c\u2018\u9635\u98ce\u2019\u6218\u6597\u673a\u662f\u6e38\u620f\u89c4\u5219\u7684\u6539\u53d8\u8005\uff0c\u4e2d\u56fd\u7684\u6b7c-20\u6218\u6597\u673a\u751a\u81f3\u65e0\u6cd5\u4e0e\u4e4b\u5ab2\u7f8e\u3002", "events": [], "arguments": {"time": [], "loc": [], "country": [{"text": "\u5370\u5ea6", "offset": 0, "length": 2}, {"text": "\u4e2d\u56fd", "offset": 37, "length": 2}], "weapon": [{"text": "\u201c\u2018\u9635\u98ce\u2019\u6218\u6597\u673a", "offset": 19, "length": 8}, {"text": "\u6b7c-20\u6218\u6597\u673a", "offset": 40, "length": 7}]}}, {"sentence": "\u201d", "events": [], "arguments": {"time": [], "loc": [], "country": [], "weapon": []}}, {"sentence": "\u5370\u5ea6\u5a92\u4f53\u6b64\u524d\u8fd8\u9f13\u5439\u201c\u9635\u98ce\u201d\u6218\u6597\u673a\u662f\u201c\u6e38\u620f\u89c4\u5219\u6539\u53d8\u8005\u201d\uff0c\u8fd8\u6709\u8fc7\u5728\u6f14\u4e60\u4e2d\u51fb\u8d25\u7f8e\u56fdF-22\u9690\u5f62\u6218\u6597\u673a\u7684\u201c\u8f89\u714c\u6218\u7ee9\u201d\uff0c\u56e0\u6b64\u5b83\u53ef\u4ee5\u6539\u53d8\u4e2d\u5370\u8fb9\u5883\u5730\u533a\u7684\u7a7a\u4e2d\u6218\u529b\u5e73\u8861\u3002", "events": [], "arguments": {"time": [], "loc": [], "country": [{"text": "\u5370\u5ea6", "offset": 0, "length": 2}, {"text": "\u4e2d", "offset": 70, "length": 1}], "weapon": [{"text": "\u201c\u9635\u98ce\u201d\u6218\u6597\u673a", "offset": 9, "length": 7}, {"text": "\u7f8e\u56fdF-22\u9690\u5f62\u6218\u6597\u673a", "offset": 36, "length": 11}, {"text": "F-22\u9690\u5f62\u6218\u6597\u673a", "offset": 38, "length": 9}]}}, {"sentence": "\u4e0d\u8fc7\u4e2d\u56fd\u519b\u4e8b\u4e13\u5bb6\u5f20\u5b66\u5cf0\u5728\u63a5\u53d7\u300a\u73af\u7403\u65f6\u62a5\u300b\u91c7\u8bbf\u65f6\u8868\u793a\uff0c\u201c\u9635\u98ce\u201d\u6218\u6597\u673a\u5728\u90e8\u5206\u4f5c\u6218\u6027\u80fd\u4e0a\u7684\u786e\u4f18\u4e8e\u5370\u5ea6\u7a7a\u519b\u73b0\u5f79\u4e3b\u529b\u6218\u673a\u82cf-30MKI\uff0c\u4f46\u5145\u5176\u91cf\u4e5f\u53ea\u80fd\u7b97\u9ad8\u51fa\u201c1/4\u4ee3\u201d\uff0c\u5e76\u65e0\u8d28\u7684\u63d0\u9ad8\u3002", "events": [], "arguments": {"time": [], "loc": [], "country": [{"text": "\u4e2d\u56fd", "offset": 2, "length": 2}], "weapon": [{"text": "\u201c\u9635\u98ce\u201d\u6218\u6597\u673a", "offset": 26, "length": 7}, {"text": "\u82cf-30MKI", "offset": 55, "length": 7}]}}, {"sentence": "\u4e5f\u6709\u4e2d\u56fd\u4e13\u5bb6\u8868\u793a\uff0c\u5370\u519b\u7684\u201c\u9635\u98ce\u201d\u6218\u6597\u673a\u77ed\u671f\u5185\u5c1a\u65e0\u6cd5\u5f62\u6210\u4f5c\u6218\u80fd\u529b\uff0c\u8be5\u673a\u88c5\u5907\u4e86\u5148\u8fdb\u7684\u6709\u6e90\u76f8\u63a7\u9635\u96f7\u8fbe\u548c\u8fdc\u5c04\u7a0b\u7684\u201c\u6d41\u661f\u201d\u7a7a\u7a7a\u5bfc\u5f39\uff0c\u4f7f\u7528\u4e86\u90e8\u5206\u9690\u5f62\u6280\u672f\uff08\u4f46\u4e0d\u77e5\u9053\u51fa\u53e3\u5370\u5ea6\u7684\u201c\u9635\u98ce\u201d\u662f\u5426\u5177\u6709\u8be5\u6027\u80fd\uff09\uff0c\u4f46\u4ecd\u7136\u5c5e\u4e8e\u4e09\u4ee3\u673a\u8303\u7574\u3002", "events": [], "arguments": {"time": [], "loc": [], "country": [{"text": "\u4e2d\u56fd", "offset": 2, "length": 2}, {"text": "\u5370", "offset": 77, "length": 1}], "weapon": [{"text": "\u201c\u9635\u98ce\u201d\u6218\u6597\u673a", "offset": 12, "length": 7}, {"text": "\u201c\u6d41\u661f\u201d\u7a7a\u7a7a\u5bfc\u5f39", "offset": 52, "length": 8}, {"text": "\u63a7\u9635\u96f7\u8fbe", "offset": 0, "length": 4}]}}, {"sentence": "\u603b\u4f53\u6765\u770b\uff0c\u5370\u5ea6\u7a7a\u519b\u6218\u6597\u673a\u673a\u961f\u6700\u5927\u77ed\u677f\u5728\u4e8e\u6ca1\u6709\u88c5\u5907\u5177\u6709\u9690\u5f62\u80fd\u529b\u7684\u56db\u4ee3\u673a\u3002", "events": [], "arguments": {"time": [], "loc": [], "country": [{"text": "\u5370\u5ea6", "offset": 5, "length": 2}], "weapon": [{"text": "\u56db\u4ee3\u673a", "offset": 31, "length": 3}]}}]