[{"sentence": "\u7f8e\u519b\u8ba1\u5212\u5728\u592a\u5e73\u6d0b\u5f00\u5c55\u5927\u578b\u65e0\u4eba\u6218\u6597\u6f14\u7ec3\u00a0\u8fd8\u63d0\u5230\u4e86\u4e2d\u56fd", "events": [{"trigger": {"text": "\u6f14\u7ec3", "offset": 16, "length": 2}, "subject": {"text": "\u7f8e\u519b", "offset": 0, "length": 2}, "object": {"text": "\u65e0\u4eba\u6218\u6597\u6f14\u7ec3", "offset": 12, "length": 6}}, {"trigger": {"text": "\u8ba1\u5212", "offset": 2, "length": 2}, "subject": {"text": "\u7f8e\u519b", "offset": 0, "length": 2}, "object": {"text": "\u65e0\u4eba\u6218\u6597\u6f14\u7ec3", "offset": 12, "length": 6}}], "arguments": {"time": [], "loc": [{"text": "\u592a\u5e73\u6d0b", "offset": 5, "length": 3}], "country": [{"text": "\u7f8e", "offset": 0, "length": 1}, {"text": "\u4e2d\u56fd", "offset": 23, "length": 2}], "weapon": []}}, {"sentence": "\u3010\u73af\u7403\u7f51\u62a5\u9053 \u8bb0\u8005 \u5f90\u7490\u660e\u3011", "events": [], "arguments": {"time": [], "loc": [], "country": [], "weapon": []}}, {"sentence": "\u7f8e\u56fd\u6d77\u519b\u6b63\u51c6\u5907\u5728\u592a\u5e73\u6d0b\u5f00\u5c55\u4e00\u573a\u5927\u578b\u7684\u65e0\u4eba\u8230\u673a\u6218\u6597\u6d4b\u8bd5\u6f14\u7ec3\uff0c\u7f8e\u519b\u5b98\u5458\u5728\u8c08\u53ca\u8be5\u6f14\u7ec3\u8ba1\u5212\u65f6\u8fd8\u7a81\u7136\u63d0\u5230\u4e86\u4e2d\u56fd\u3002", "events": [{"trigger": {"text": "\u6d4b\u8bd5\u6f14\u7ec3", "offset": 24, "length": 4}, "subject": {"text": "\u7f8e\u56fd\u6d77\u519b", "offset": 0, "length": 4}, "object": {"text": "\u65e0\u4eba\u8230\u673a\u6218\u6597", "offset": 18, "length": 6}}], "arguments": {"time": [], "loc": [{"text": "\u592a\u5e73\u6d0b", "offset": 8, "length": 3}], "country": [{"text": "\u7f8e", "offset": 29, "length": 1}, {"text": "\u4e2d\u56fd", "offset": 48, "length": 2}], "weapon": [{"text": "\u65e0\u4eba\u8230\u673a", "offset": 18, "length": 4}]}}, {"sentence": "\u636e\u7f8e\u56fd\u201c\u519b\u4e8b\u201d\u7f51\u7ad99\u67089\u65e5\u62a5\u9053\uff0c\u7f8e\u56fd\u6d77\u519b\u8ba1\u5212\u660e\u5e74\u5728\u592a\u5e73\u6d0b\u90e8\u7f72\u53ef\u4ee5\u5728\u7a7a\u4e2d\u3001\u6c34\u4e0b\u548c\u6c34\u9762\u64cd\u4f5c\u7684\u65e0\u4eba\u8230\u673a\uff0c\u8fd9\u5bf9\u4e8e\u7f8e\u56fd\u6d77\u519b\u5982\u4f55\u5c06\u65e0\u4eba\u9a7e\u9a76\u6280\u672f\u878d\u5165\u5230\u4f5c\u6218\u4e2d\u6765\u8bf4\u662f\u4e00\u9879\u91cd\u5927\u8003\u9a8c\u3002", "events": [], "arguments": {"time": [{"text": "9\u67089\u65e5", "offset": 9, "length": 4}], "loc": [{"text": "\u592a\u5e73\u6d0b", "offset": 25, "length": 3}], "country": [{"text": "\u7f8e\u56fd", "offset": 52, "length": 2}], "weapon": [{"text": "\u65e0\u4eba\u8230\u673a", "offset": 44, "length": 4}]}}, {"sentence": "\u7f8e\u56fd\u592a\u5e73\u6d0b\u8230\u961f\u6d77\u4e8b\u603b\u90e8\u8d1f\u8d23\u4eba\u3001\u6d77\u519b\u5c11\u5c06\u7f57\u4f2f\u7279\u00b7\u9ad8\u96ea\uff08Robert Gaucher\uff09\u57289\u67088\u65e5\u8868\u793a\uff0c\u7f8e\u56fd\u6d77\u519b\u9886\u5bfc\u4eba\u8ba1\u5212\u5728\u660e\u5e74\u5e74\u521d\u89e3\u51b3\u201c\u65e0\u4eba\u8230\u961f\u4f5c\u6218\u95ee\u9898\u3002", "events": [], "arguments": {"time": [{"text": "9\u67088\u65e5", "offset": 42, "length": 4}], "loc": [], "country": [{"text": "\u7f8e\u56fd", "offset": 49, "length": 2}], "weapon": [{"text": "\u8230\u961f", "offset": 68, "length": 2}]}}, {"sentence": "\u201d\u4ed6\u5f53\u6b63\u5728\u53c2\u52a0\u56fd\u9645\u65e0\u4eba\u9a7e\u9a76\u7cfb\u7edf\u534f\u4f1a\u5e74\u5ea6\u9632\u52a1\u5c55\uff0c\u5ba3\u5e03\u4e86\u8fd9\u4e00\u6d4b\u8bd5\u6f14\u4e60\u8ba1\u5212\u3002", "events": [], "arguments": {"time": [], "loc": [], "country": [], "weapon": []}}, {"sentence": "\u4ed6\u8bf4\uff1a\u201c\u6211\u4eec\u7684\u76ee\u6807\u662f\u57282021\u5e74\u5904\u7406\u4ee5\u65e0\u4eba\u9a7e\u9a76\u4e3a\u6838\u5fc3\u7684\u8230\u961f\u6218\u6597\u95ee\u9898\u3002", "events": [{"trigger": {"text": "\u5904\u7406", "offset": 16, "length": 2}, "subject": {"text": "", "offset": 0, "length": 0}, "object": {"text": "\u4ee5\u65e0\u4eba\u9a7e\u9a76\u4e3a\u6838\u5fc3\u7684\u8230\u961f\u6218\u6597\u95ee\u9898", "offset": 18, "length": 15}}], "arguments": {"time": [], "loc": [], "country": [], "weapon": [{"text": "\u8230\u961f", "offset": 27, "length": 2}]}}, {"sentence": "\u201d", "events": [], "arguments": {"time": [], "loc": [], "country": [], "weapon": []}}, {"sentence": "\u4e0a\u5468\u4e94\uff0c\u7f8e\u56fd\u6d77\u519b\u6388\u4e88\u4e866\u5bb6\u516c\u53f8\u8fd14200\u4e07\u7f8e\u5143\u7684\u5408\u540c\uff0c\u7528\u4e8e\u5f00\u53d1\u65b0\u578b\u7684\u5927\u578b\u65e0\u4eba\u6c34\u9762\u8230\u8247\uff0c\u8fd9\u4e9b\u8230\u8247\u7684\u7814\u7a76\u5de5\u4f5c\u9884\u8ba1\u5c06\u4e8e2022\u5e745\u6708\u5b8c\u6210\u3002", "events": [{"trigger": {"text": "\u5f00\u53d1", "offset": 29, "length": 2}, "subject": {"text": "\u7f8e\u56fd\u6d77\u519b", "offset": 4, "length": 4}, "object": {"text": "\u65b0\u578b\u7684\u5927\u578b\u65e0\u4eba\u6c34\u9762\u8230\u8247", "offset": 31, "length": 11}}], "arguments": {"time": [{"text": "\u4e0a\u5468\u4e94", "offset": 0, "length": 3}, {"text": "2022\u5e745\u6708", "offset": 56, "length": 7}], "loc": [], "country": [{"text": "\u7f8e\u56fd", "offset": 4, "length": 2}], "weapon": [{"text": "\u8230\u8247", "offset": 45, "length": 2}, {"text": "\u5927\u578b\u65e0\u4eba\u6c34\u9762\u8230\u8247", "offset": 34, "length": 8}]}}, {"sentence": "\u7f8e\u56fd\u56fd\u9632\u90e8\u5219\u60f3\u8981\u5f97\u523020\u4ebf\u7f8e\u5143\uff0c\u5728\u672a\u67655\u5e74\u5185\u5efa\u902010\u8258\u5927\u578b\u65e0\u4eba\u6c34\u9762\u8230\u8247\u3002", "events": [{"trigger": {"text": "\u5efa\u9020", "offset": 22, "length": 2}, "subject": {"text": "", "offset": 0, "length": 0}, "object": {"text": "10\u8258\u5927\u578b\u65e0\u4eba\u6c34\u9762\u8230\u8247", "offset": 24, "length": 11}}], "arguments": {"time": [], "loc": [], "country": [{"text": "\u7f8e\u56fd", "offset": 0, "length": 2}], "weapon": [{"text": "\u5927\u578b\u65e0\u4eba\u6c34\u9762\u8230\u8247", "offset": 27, "length": 8}]}}, {"sentence": "\u4e0d\u8fc7\u7f8e\u56fd\u56fd\u4f1a\u4e2d\u4ecd\u6709\u4eba\u8d28\u7591\u7f8e\u56fd\u6d77\u519b\u662f\u5426\u771f\u7684\u77e5\u9053\u81ea\u5df1\u60f3\u4ece\u65e0\u4eba\u9a7e\u9a76\u8230\u673a\u4e0a\u5f97\u5230\u4ec0\u4e48\u3002", "events": [], "arguments": {"time": [], "loc": [], "country": [{"text": "\u7f8e\u56fd", "offset": 12, "length": 2}], "weapon": []}}, {"sentence": "\u62a5\u9053\u79f0\uff0c\u7f8e\u56fd\u6d77\u519b\u9ad8\u5b98\u57289\u67088\u65e5\u5f3a\u8c03\uff0c\u65e0\u4eba\u7cfb\u7edf\u5c06\u5728\u672a\u6765\u7684\u6d77\u4e0a\u884c\u52a8\u4e2d\u53d1\u6325\u5de8\u5927\u4f5c\u7528\uff0c\u7279\u522b\u662f\u5982\u679c\u5728\u592a\u5e73\u6d0b\u5730\u533a\u548c\u4e2d\u56fd\u7206\u53d1\u51b2\u7a81\u7684\u60c5\u51b5\u4e0b\u3002", "events": [], "arguments": {"time": [{"text": "9\u67088\u65e5", "offset": 11, "length": 4}], "loc": [{"text": "\u592a\u5e73\u6d0b\u5730\u533a", "offset": 45, "length": 5}], "country": [{"text": "\u7f8e\u56fd", "offset": 4, "length": 2}], "weapon": [{"text": "\u65e0\u4eba\u7cfb\u7edf", "offset": 18, "length": 4}]}}, {"sentence": "\u4e0d\u8fc7\u7f8e\u56fd\u6d77\u519b\u9646\u6218\u961f\u6218\u6597\u548c\u96c6\u6210\u80fd\u529b\u5f00\u53d1\u90e8\u95e8\u7684\u4e3b\u7ba1\u57c3\u91cc\u514b\u00b7\u5965\u65af\u6c40\u51c6\u5c06\u57288\u65e5\u7684\u8fd9\u6b21\u5706\u684c\u4f1a\u8bae\u4e0a\u4e5f\u5766\u8a00\uff0c\u5728\u65e0\u4eba\u9a7e\u9a76\u6280\u672f\u7684\u95ee\u9898\u4e0a\u5b58\u5728\u201c\u4e0d\u540c\u7a0b\u5ea6\u7684\u4fe1\u5fc3\u201d\u3002", "events": [], "arguments": {"time": [{"text": "8\u65e5", "offset": 33, "length": 2}], "loc": [], "country": [{"text": "\u7f8e\u56fd", "offset": 2, "length": 2}], "weapon": []}}, {"sentence": "\u4ed6\u8bf4\uff1a\u201c\u5bf9\u4e8e\u5f88\u591a\u8054\u5408\u90e8\u961f\u6765\u8bf4\uff0c\u8fd9\u662f\u4e00\u4e2a\u5f88\u5927\u7684\u6539\u53d8\u3002", "events": [], "arguments": {"time": [], "loc": [], "country": [], "weapon": []}}, {"sentence": "\u201d\u201c\u6709\u4e9b\u90e8\u961f\u6bd4\u5176\u4ed6\u90e8\u961f\u8d70\u5f97\u66f4\u8fdc\uff0c\u4f46\u6211\u8ba4\u4e3a\uff0c\u968f\u7740\u6211\u4eec\u6280\u672f\u6c34\u5e73\u7684\u4e0d\u65ad\u63d0\u9ad8\u3001\u80fd\u529b\u4e0d\u65ad\u52a0\u5f3a\uff0c\u4f1a\u8ba9\u4e8b\u60c5\u53d8\u5f97\u66f4\u5bb9\u6613\u3002", "events": [], "arguments": {"time": [], "loc": [], "country": [], "weapon": []}}, {"sentence": "\u201d", "events": [], "arguments": {"time": [], "loc": [], "country": [], "weapon": []}}, {"sentence": "\u62a5\u9053\u79f0\uff0c\u7f8e\u56fd\u6d77\u519b\u5176\u5b9e\u4e00\u76f4\u90fd\u5728\u8fdb\u884c\u65e0\u4eba\u7cfb\u7edf\u7684\u6d4b\u8bd5\uff0c\u53bb\u5e74\uff0c\u7f8e\u56fd\u6d77\u519b\u5c06132\u82f1\u5c3a\uff08\u7ea640\u7c73\uff09\u957f\u7684\u65e0\u4eba\u9a7e\u9a76\u8230\u8239\u201c\u6d77\u4e0a\u730e\u624b\u201d\u4ece\u5723\u8fed\u6208\u8fd0\u9001\u5230\u4e86\u590f\u5a01\u5937\u8fdb\u884c\u6d4b\u8bd5\u3002", "events": [{"trigger": {"text": "\u6d4b\u8bd5", "offset": 70, "length": 2}, "subject": {"text": "\u7f8e\u56fd\u6d77\u519b", "offset": 27, "length": 4}, "object": {"text": "\u65e0\u4eba\u7cfb\u7edf", "offset": 16, "length": 4}}], "arguments": {"time": [], "loc": [{"text": "\u5723\u8fed\u6208", "offset": 58, "length": 3}, {"text": "\u590f\u5a01\u5937", "offset": 65, "length": 3}], "country": [{"text": "\u7f8e\u56fd", "offset": 27, "length": 2}], "weapon": [{"text": "\u65e0\u4eba\u9a7e\u9a76\u8230\u8239\u201c\u6d77\u4e0a\u730e\u624b\u201d", "offset": 45, "length": 12}]}}, {"sentence": "\u53bb\u5e74\u7f8e\u56fd\u6d77\u519b\u8fd8\u4ece\u4f5b\u5409\u5c3c\u4e9a\u5dde\u7684\u8bfa\u798f\u514b\u57fa\u5730\u5411\u5317\u5361\u7f57\u6765\u7eb3\u5dde\u6d3e\u9063\u4e86\u4e00\u8258\u8fdc\u7a0b\u65e0\u4eba\u6c34\u9762\u8230\u8247\u3002", "events": [{"trigger": {"text": "\u6d3e\u9063", "offset": 26, "length": 2}, "subject": {"text": "\u7f8e\u56fd\u6d77\u519b", "offset": 2, "length": 4}, "object": {"text": "\u4e00\u8258\u8fdc\u7a0b\u65e0\u4eba\u6c34\u9762\u8230\u8247", "offset": 29, "length": 10}}], "arguments": {"time": [], "loc": [{"text": "\u4f5b\u5409\u5c3c\u4e9a\u5dde\u7684\u8bfa\u798f\u514b\u57fa\u5730", "offset": 8, "length": 11}, {"text": "\u5317\u5361\u7f57\u6765\u7eb3\u5dde", "offset": 20, "length": 6}], "country": [{"text": "\u7f8e\u56fd", "offset": 2, "length": 2}], "weapon": [{"text": "\u65e0\u4eba\u6c34\u9762\u8230\u8247", "offset": 33, "length": 6}, {"text": "\u8fdc\u7a0b\u65e0\u4eba\u6c34\u9762\u8230\u8247", "offset": 31, "length": 8}]}}, {"sentence": "\u57c3\u91cc\u514b\u00b7\u5965\u65af\u6c40\u5bf9\u6b64\u8868\u793a\uff0c\u8fd9\u8258\u8230\u8247\u201c\u80fd\u591f\u4f7f\u7528\u52a8\u80fd\u6b66\u5668\u6253\u51fb\u9776\u573a\u5185\u7684\u76ee\u6807\u201d\uff0c\u8fd9\u8258\u8230\u8247\u968f\u540e\u7ee7\u7eed\u5411\u5357\u822a\u884c\uff0c\u9a76\u5f80\u52d2\u743c\u8425\u3002", "events": [], "arguments": {"time": [], "loc": [{"text": "\u52d2\u743c\u8425", "offset": 50, "length": 3}], "country": [], "weapon": [{"text": "\u8230\u8247", "offset": 37, "length": 2}]}}, {"sentence": "\u7f8e\u56fd\u6d77\u519b\u8fd8\u66fe\u6d3e\u51fa\u201c\u706b\u529b\u4fa6\u5bdf\u5175\u201d\u65e0\u4eba\u76f4\u5347\u673a\uff0c\u5e76\u5c06MQ-4C\u201c\u6d77\u795e\u201d\u65e0\u4eba\u673a\u90e8\u7f72\u5230\u5173\u5c9b\uff0c\u8fd9\u7c7b\u65e0\u4eba\u673a\u90fd\u80fd\u591f\u6267\u884c\u4fa6\u5bdf\u4efb\u52a1\u3002", "events": [{"trigger": {"text": "\u90e8\u7f72", "offset": 35, "length": 2}, "subject": {"text": "\u7f8e\u56fd\u6d77\u519b", "offset": 0, "length": 4}, "object": {"text": "\u5173\u5c9b", "offset": 38, "length": 2}}], "arguments": {"time": [], "loc": [], "country": [{"text": "\u7f8e\u56fd", "offset": 0, "length": 2}], "weapon": [{"text": "\u201c\u706b\u529b\u4fa6\u5bdf\u5175\u201d\u65e0\u4eba\u76f4\u5347\u673a", "offset": 8, "length": 12}, {"text": "MQ-4C\u201c\u6d77\u795e\u201d\u65e0\u4eba\u673a", "offset": 23, "length": 12}]}}, {"sentence": "\u7f8e\u56fd\u6d77\u519b\u8fd8\u5f00\u53d1\u4e86\u591a\u6b3e\u80fd\u591f\u7528\u4e8e\u5e94\u5bf9\u6c34\u96f7\u7684\u65e0\u4eba\u6f5c\u822a\u5668\u3002", "events": [{"trigger": {"text": "\u5f00\u53d1", "offset": 5, "length": 2}, "subject": {"text": "\u7f8e\u56fd\u6d77\u519b", "offset": 0, "length": 4}, "object": {"text": "\u80fd\u591f\u7528\u4e8e\u5e94\u5bf9\u6c34\u96f7\u7684\u65e0\u4eba\u6f5c\u822a\u5668", "offset": 10, "length": 14}}], "arguments": {"time": [], "loc": [], "country": [{"text": "\u7f8e\u56fd", "offset": 0, "length": 2}], "weapon": [{"text": "\u65e0\u4eba\u6f5c\u822a\u5668", "offset": 19, "length": 5}]}}, {"sentence": "\u7f57\u4f2f\u7279\u00b7\u9ad8\u96ea\u8868\u793a\uff0c\u7f8e\u56fd\u6d77\u519b\u4ecd\u5904\u4e8e\u6253\u9020\u65e0\u4eba\u6218\u6597\u8230\u961f\u7684\u8ba1\u5212\u9636\u6bb5\uff0c\u4f46\u6f14\u4e60\u7684\u5185\u5bb9\u53ef\u80fd\u5305\u62ec\u6307\u6325\u63a7\u5236\u3001\u4f20\u611f\u5668\u6d4b\u8bd5\u548c\u8f7d\u8377\u80fd\u529b\u6d4b\u8bd5\u7b49\u65b9\u9762\u3002", "events": [], "arguments": {"time": [], "loc": [], "country": [{"text": "\u7f8e\u56fd", "offset": 9, "length": 2}], "weapon": []}}]