[{"sentence": "\u4eba\u5de5\u667a\u80fd\u51fb\u8d25\u4eba\u7c7b\u98de\u884c\u5458\u00a0\u65e0\u4eba\u673a\u5c06\u4e3b\u5bfc\u672a\u6765\u7a7a\u6218\uff1f", "events": [{"trigger": {"text": "\u51fb\u8d25", "offset": 4, "length": 2}, "subject": {"text": "\u4eba\u5de5\u667a\u80fd", "offset": 0, "length": 4}, "object": {"text": "\u4eba\u7c7b\u98de\u884c\u5458\u00a0", "offset": 6, "length": 6}}], "arguments": {"time": [], "loc": [], "country": [], "weapon": [{"text": "\u65e0\u4eba\u673a", "offset": 12, "length": 3}]}}, {"sentence": "\u3010\u73af\u7403\u7f51\u62a5\u9053 \u8bb0\u8005 \u9a6c\u5ca9\u3011", "events": [], "arguments": {"time": [], "loc": [], "country": [], "weapon": []}}, {"sentence": "\u636e\u300a\u519b\u4e8b\u65f6\u62a5\u300b\u7f51\u7ad99\u67089\u65e5\u62a5\u9053\uff0c\u7f8e\u56fd\u56fd\u9632\u90e8\u957f\u57c3\u65af\u73c0\u5f53\u5929\u5ba3\u5e03\uff0c\u7f8e\u519b\u8ba1\u5212\u57282024\u5e74\u5f00\u5c55\u4eba\u5de5\u667a\u80fd\u64cd\u63a7\u7684\u98de\u673a\u4e0e\u4eba\u7c7b\u98de\u884c\u5458\u7684\u5bf9\u6218\u6f14\u4e60\u3002", "events": [{"trigger": {"text": "\u8ba1\u5212", "offset": 32, "length": 2}, "subject": {"text": "\u7f8e\u519b", "offset": 30, "length": 2}, "object": {"text": "\u4eba\u5de5\u667a\u80fd\u64cd\u63a7\u7684\u98de\u673a\u4e0e\u4eba\u7c7b\u98de\u884c\u5458\u7684\u5bf9\u6218\u6f14\u4e60", "offset": 42, "length": 20}}], "arguments": {"time": [{"text": "9\u67089\u65e5", "offset": 9, "length": 4}, {"text": "2024\u5e74", "offset": 35, "length": 5}], "loc": [], "country": [{"text": "\u7f8e\u56fd", "offset": 16, "length": 2}], "weapon": [{"text": "\u4eba\u5de5\u667a\u80fd\u64cd\u63a7\u7684\u98de\u673a", "offset": 42, "length": 9}]}}, {"sentence": "\u4e09\u5468\u524d\uff0c\u5728\u4e00\u573a\u6a21\u62df\u7684F-16\u6218\u673a\u7a7a\u6218\u4e2d\uff0c\u4e00\u79cd\u4eba\u5de5\u667a\u80fd\u7b97\u6cd5\u51fb\u8d25\u4e86\u4eba\u7c7b\u98de\u884c\u5458\uff0c\u57c3\u65af\u73c0\u5c06\u5176\u79f0\u4e3a\u673a\u5668\u5b66\u4e60\u5bf9\u672a\u6765\u519b\u4e8b\u5f71\u54cd\u7684\u4e00\u4e2a\u4f8b\u5b50\u3002", "events": [{"trigger": {"text": "\u51fb\u8d25", "offset": 28, "length": 2}, "subject": {"text": "\u4e00\u79cd\u4eba\u5de5\u667a\u80fd\u7b97\u6cd5", "offset": 20, "length": 8}, "object": {"text": "\u4eba\u7c7b\u98de\u884c\u5458", "offset": 31, "length": 5}}], "arguments": {"time": [{"text": "\u4e09\u5468\u524d", "offset": 0, "length": 3}], "loc": [], "country": [], "weapon": [{"text": "F-16\u6218\u673a", "offset": 10, "length": 6}]}}, {"sentence": "\u57c3\u65af\u73c0\u8bf4\uff0c\u4eba\u5de5\u667a\u80fd\u5728\u6a21\u62df\u5bf9\u6218\u4e2d\u7684\u80dc\u5229\u8bc1\u660e\u4e86\u5148\u8fdb\u7b97\u6cd5\u53ef\u4ee5\u8d85\u51fa\u4eba\u7c7b\uff0c2024\u5e74\u5c06\u8981\u8fdb\u884c\u7684\u4eba\u5de5\u667a\u80fd\u4e0e\u4eba\u7c7b\u98de\u884c\u5458\u771f\u673a\u5bf9\u6218\u6f14\u4e60\u5c06\u4f1a\u662f\u4eba\u673a\u5bf9\u6218\u8bd5\u9a8c\u7684\u6700\u9ad8\u5cf0\u3002", "events": [], "arguments": {"time": [{"text": "2024\u5e74", "offset": 32, "length": 5}], "loc": [], "country": [], "weapon": []}}, {"sentence": "\u6b64\u6b21\u6a21\u62df\u5bf9\u6218\u7684\u7b97\u6cd5\u7531\u82cd\u9e6d\u7cfb\u7edf\u516c\u53f8\u5f00\u53d1\uff0c\u8fde\u7eed\u5728\u4e94\u8f6e\u6bd4\u8d5b\u4e2d\u8f7b\u677e\u51fb\u8d25\u4e86\u4eba\u7c7b\u98de\u884c\u5458\uff0c\u4f46\u8fd9\u4e2a\u7b97\u6cd5\u5e76\u4e0d\u5b8c\u7f8e\uff0c\u82cd\u9e6d\u7ecf\u5e38\u5728\u57fa\u672c\u7684\u6218\u6597\u673a\u673a\u52a8\u4e2d\u72af\u4e00\u4e2a\u9519\u8bef\uff0c\u5373\u4ece\u8ffd\u968f\u654c\u673a\u8f6c\u5411\u5176\u5b83\u98de\u673a\u4f1a\u53bb\u7684\u65b9\u5411\uff0c\u7136\u540e\u5b83\u5c31\u5728\u6574\u573a\u6218\u6597\u4e2d\u90fd\u65e0\u6cd5\u6062\u590d\u3002", "events": [], "arguments": {"time": [], "loc": [], "country": [], "weapon": []}}, {"sentence": "\u7f8e\u56fd\u56fd\u9632\u90e8\u9ad8\u7ea7\u7814\u7a76\u8ba1\u5212\u5c40\u6218\u7565\u6280\u672f\u529e\u516c\u5ba4\u9879\u76ee\u7ecf\u7406\u4e39\u2022\u8d3e\u6c83\u585e\u514b\u8bf4\uff0c\u9700\u8981\u4e3a\u7cfb\u7edf\u6dfb\u52a0\u5f88\u591a\u8b66\u544a\u548c\u514d\u8d23\u58f0\u660e\uff0c\u5305\u62ec\u4eba\u5de5\u667a\u80fd\u53ef\u80fd\u5728\u5b9e\u9645\u6218\u6597\u573a\u666f\u4e2d\u53ef\u80fd\u65e0\u6cd5\u83b7\u5f97\u7684\u91cd\u8981\u4fe1\u606f\u3002", "events": [], "arguments": {"time": [], "loc": [], "country": [{"text": "\u7f8e\u56fd", "offset": 0, "length": 2}], "weapon": []}}, {"sentence": "\u62a5\u9053\u79f0\uff0c\u7f8e\u56fd\u519b\u65b9\u4e00\u76f4\u5728\u5173\u6ce8\u4eba\u5de5\u667a\u80fd\u63a7\u5236\u98de\u673a\u7684\u6f5c\u529b\uff0c\u65e0\u8bba\u662f\u4f5c\u4e3a\u201c\u5fe0\u8bda\u50da\u673a\u201d\u7684\u4e00\u90e8\u5206\uff0c\u5373\u4e00\u4e2a\u98de\u884c\u5458\u63a7\u5236\u591a\u67b6\u65e0\u4eba\u673a\uff0c\u8fd8\u662f\u901a\u8fc7\u5229\u7528\u73b0\u6709\u7cfb\u7edf\uff0c\u8ba9\u5b83\u4eec\u6709\u9009\u62e9\u5730\u6709\u4eba\u64cd\u4f5c\u3002", "events": [], "arguments": {"time": [], "loc": [], "country": [{"text": "\u7f8e\u56fd", "offset": 4, "length": 2}], "weapon": [{"text": "\u65e0\u4eba\u673a", "offset": 51, "length": 3}]}}]