[{"sentence": "\u7f8e\u56fd\u5c06\u5411\u6ce2\u5170\u63d0\u4f9b\u65e0\u4eba\u673a\u00a0\u4e0eF-35\u914d\u5408\u4f7f\u7528\u589e\u5f3a\u6218\u529b", "events": [{"trigger": {"text": "\u63d0\u4f9b", "offset": 6, "length": 2}, "subject": {"text": "\u7f8e\u56fd", "offset": 0, "length": 2}, "object": {"text": "\u65e0\u4eba\u673a\u00a0", "offset": 8, "length": 4}}], "arguments": {"time": [], "loc": [], "country": [{"text": "\u7f8e\u56fd", "offset": 0, "length": 2}, {"text": "\u6ce2\u5170", "offset": 4, "length": 2}], "weapon": [{"text": "F-35", "offset": 13, "length": 4}, {"text": "\u65e0\u4eba\u673a", "offset": 8, "length": 3}]}}, {"sentence": "\u3010\u73af\u7403\u7f51\u62a5\u9053 \u8bb0\u8005 \u9a6c\u5ca9\u3011", "events": [], "arguments": {"time": [], "loc": [], "country": [], "weapon": []}}, {"sentence": "\u636e\u300a\u9632\u52a1\u65b0\u95fb\u300b\u7f51\u7ad99\u67089\u65e5\u62a5\u9053\uff0c\u6839\u636e\u4eca\u5e741\u6708\u7b7e\u7f72\u7684\u4e00\u9879\u534f\u8bae\uff0c\u6ce2\u5170\u5c06\u8d2d\u4e7032\u67b6F-35A\u6218\u6597\u673a\uff0c\u8be5\u6218\u673a\u5236\u9020\u5546\u6d1b\u514b\u5e0c\u5fb7\u2022\u9a6c\u4e01\u516c\u53f8\u6b63\u51c6\u5907\u5411\u6ce2\u5170\u63d0\u4f9b\u8fdc\u7a0b\u65e0\u4eba\u673a\uff0c\u4ee5\u589e\u5f3aF-35\u7684\u4f5c\u6218\u80fd\u529b\u3002", "events": [{"trigger": {"text": "\u8d2d\u4e70", "offset": 33, "length": 2}, "subject": {"text": "\u6ce2\u5170", "offset": 66, "length": 2}, "object": {"text": "2\u67b6F-35A\u6218\u6597\u673a", "offset": 36, "length": 10}}, {"trigger": {"text": "\u589e\u5f3a", "offset": 77, "length": 2}, "subject": {"text": "\u8fdc\u7a0b\u65e0\u4eba\u673a", "offset": 70, "length": 5}, "object": {"text": "F-35\u7684\u4f5c\u6218\u80fd\u529b", "offset": 79, "length": 9}}, {"trigger": {"text": "\u5411\u6ce2\u5170\u63d0\u4f9b", "offset": 65, "length": 5}, "subject": {"text": "\u6d1b\u514b\u5e0c\u5fb7\u2022\u9a6c\u4e01\u516c\u53f8", "offset": 53, "length": 9}, "object": {"text": "\u8fdc\u7a0b\u65e0\u4eba\u673a", "offset": 70, "length": 5}}], "arguments": {"time": [{"text": "9\u67089\u65e5", "offset": 9, "length": 4}], "loc": [], "country": [{"text": "\u6ce2\u5170", "offset": 66, "length": 2}], "weapon": [{"text": "F-35", "offset": 79, "length": 4}, {"text": "\u8fdc\u7a0b\u65e0\u4eba\u673a", "offset": 70, "length": 5}, {"text": "F-35A\u6218\u6597\u673a", "offset": 38, "length": 8}]}}, {"sentence": "\u201c\u7f8e\u56fd\u548c\u6ce2\u5170\u90fd\u5bf9\u4e0b\u4e00\u4ee3\u65e0\u4eba\u673a\u7cfb\u7edf\u611f\u5174\u8da3\u3002", "events": [], "arguments": {"time": [], "loc": [], "country": [{"text": "\u7f8e\u56fd", "offset": 1, "length": 2}, {"text": "\u6ce2\u5170", "offset": 4, "length": 2}], "weapon": [{"text": "\u65e0\u4eba\u673a", "offset": 11, "length": 3}]}}, {"sentence": "\u201d\u6d1b\u514b\u5e0c\u5fb7\u2022\u9a6c\u4e01\u516c\u53f8\u201c\u81ed\u9f2c\u201d\u5de5\u5382\u6218\u7565\u548c\u5ba2\u6237\u9700\u6c42\u90e8\u526f\u603b\u88c1\u6770\u514b\u8bf4\uff0c\u201c\u6211\u4eec\u5df2\u7ecf\u770b\u5230\u4e86\u6ce2\u5170\u56fd\u9632\u90e8\u53bb\u5e74\u53d1\u5e03\u7684\u6280\u672f\u73b0\u4ee3\u5316\u8ba1\u5212\uff0c\u8be5\u8ba1\u5212\u6982\u8ff0\u4e86\u65e0\u4eba\u673a\u7cfb\u7edf\u7684\u9700\u6c42\u3002", "events": [], "arguments": {"time": [], "loc": [], "country": [{"text": "\u6ce2\u5170", "offset": 39, "length": 2}], "weapon": [{"text": "\u65e0\u4eba\u673a", "offset": 63, "length": 3}]}}, {"sentence": "\u201d", "events": [], "arguments": {"time": [], "loc": [], "country": [], "weapon": []}}, {"sentence": "\u4ed6\u8868\u793a\uff0c\u7f8e\u56fd\u548c\u6ce2\u5170\u5bf9\u65b0\u578b\u65e0\u4eba\u673a\u7684\u6218\u672f\u9700\u6c42\u6709\u201c\u91cd\u5927\u91cd\u53e0\u201d\uff0c\u6d1b\u514b\u5e0c\u5fb7\u2022\u9a6c\u4e01\u516c\u53f8\u5bf9\u4e0e\u6ce2\u5170\u56fd\u9632\u5236\u9020\u5546\u5efa\u7acb\u5408\u4f5c\u4f19\u4f34\u5173\u7cfb\uff0c\u5171\u540c\u5f00\u53d1\u548c\u751f\u4ea7\u65e0\u4eba\u673a\u7cfb\u7edf\u975e\u5e38\u611f\u5174\u8da3\u3002", "events": [], "arguments": {"time": [], "loc": [], "country": [{"text": "\u7f8e\u56fd", "offset": 4, "length": 2}, {"text": "\u6ce2\u5170", "offset": 39, "length": 2}], "weapon": [{"text": "\u65b0\u578b\u65e0\u4eba\u673a", "offset": 10, "length": 5}]}}, {"sentence": "\u7f8e\u56fd\u5bf9\u6ce2\u5170\u51fa\u53e3\u7684F-35\u6218\u6597\u673a\u5c06\u4ece2024\u5e74\u5f00\u59cb\u4ea4\u4ed8\uff0c\u5b83\u4eec\u5c06\u53d6\u4ee3\u6ce2\u5170\u8fc7\u65f6\u7684\u82cf\u5236\u82cf-22\u548c\u7c73\u683c-29\u6218\u6597\u673a\uff0c\u4e0e48\u67b6F-16 C/D Block 52+ \u4e00\u8d77\u6210\u4e3a\u6ce2\u5170\u7a7a\u519b\u4e3b\u529b\u3002", "events": [{"trigger": {"text": "\u4ea4\u4ed8", "offset": 24, "length": 2}, "subject": {"text": "\u4ece2024\u5e74\u5f00\u59cb", "offset": 16, "length": 8}, "object": {"text": "\u5bf9\u6ce2\u5170\u51fa\u53e3\u7684F-35\u6218\u6597\u673a", "offset": 2, "length": 13}}], "arguments": {"time": [], "loc": [], "country": [{"text": "\u7f8e\u56fd", "offset": 0, "length": 2}, {"text": "\u6ce2\u5170", "offset": 80, "length": 2}], "weapon": [{"text": "F-35\u6218\u6597\u673a", "offset": 8, "length": 7}, {"text": "\u82cf\u5236\u82cf-22", "offset": 37, "length": 6}, {"text": "\u7c73\u683c-29\u6218\u6597\u673a", "offset": 44, "length": 8}, {"text": "F-16 C/D Block 52+ ", "offset": 57, "length": 19}, {"text": "\u82cf-22", "offset": 39, "length": 4}]}}, {"sentence": "\uff08\u5b8c\uff09", "events": [], "arguments": {"time": [], "loc": [], "country": [], "weapon": []}}, {"sentence": "\uff08\u5b8c\uff09", "events": [], "arguments": {"time": [], "loc": [], "country": [], "weapon": []}}]