[{"sentence": "\u7f8e\u519b\u4fa6\u5bdf\u673a\u7591\u4f3c\u4f2a\u88c5\u6210\u9a6c\u6765\u897f\u4e9a\u98de\u673a\uff0c\u5728\u6d77\u5357\u4e0e\u897f\u6c99\u7fa4\u5c9b\u95f4\u5bc6\u96c6\u98de\u884c", "events": [{"trigger": {"text": "\u98de\u884c", "offset": 28, "length": 2}, "subject": {"text": "\u7f8e\u519b\u4fa6\u5bdf\u673a", "offset": 0, "length": 5}, "object": {"text": "\u6d77\u5357\u4e0e\u897f\u6c99\u7fa4\u5c9b\u95f4", "offset": 18, "length": 8}}], "arguments": {"time": [], "loc": [{"text": "\u6d77\u5357\u4e0e\u897f\u6c99\u7fa4\u5c9b\u95f4", "offset": 18, "length": 8}], "country": [{"text": "\u7f8e", "offset": 0, "length": 1}, {"text": "\u9a6c\u6765\u897f\u4e9a", "offset": 10, "length": 4}], "weapon": [{"text": "\u7f8e\u519b\u4fa6\u5bdf\u673a", "offset": 0, "length": 5}]}}, {"sentence": "\u7f8e\u519b\u4e00\u67b6RC-135W\u7535\u5b50\u4fa6\u5bdf\u673a\u88ab\u66dd\u4e8e9\u67088\u65e5\u524d\u5f80\u5357\u6d77\uff0c\u800c\u8be5\u673a\u5728\u98de\u884c\u8fc7\u7a0b\u4e2d\u7591\u4f3c\u901a\u8fc7\u91c7\u7528\u865a\u5047\u7535\u7801\u7684\u65b9\u5f0f\u4f2a\u88c5\u6210\u4e86\u9a6c\u6765\u897f\u4e9a\u98de\u673a\uff0c\u5728\u4e2d\u56fd\u6d77\u5357\u5c9b\u548c\u897f\u6c99\u7fa4\u5c9b\u4e4b\u95f4\u5bc6\u96c6\u98de\u884c\u3002", "events": [{"trigger": {"text": "\u4f2a\u88c5\u6210", "offset": 50, "length": 3}, "subject": {"text": "\u7f8e\u519b\u4e00\u67b6RC-135W\u7535\u5b50\u4fa6\u5bdf\u673a", "offset": 0, "length": 16}, "object": {"text": "\u9a6c\u6765\u897f\u4e9a\u98de\u673a", "offset": 54, "length": 6}}], "arguments": {"time": [{"text": "9\u67088\u65e5", "offset": 19, "length": 4}], "loc": [{"text": "\u5357\u6d77", "offset": 25, "length": 2}, {"text": "\u4e2d\u56fd\u6d77\u5357\u5c9b\u548c\u897f\u6c99\u7fa4\u5c9b\u4e4b\u95f4", "offset": 62, "length": 12}], "country": [{"text": "\u7f8e", "offset": 0, "length": 1}, {"text": "\u9a6c\u6765\u897f\u4e9a", "offset": 54, "length": 4}, {"text": "\u4e2d\u56fd", "offset": 62, "length": 2}], "weapon": [{"text": "RC-135W\u7535\u5b50\u4fa6\u5bdf\u673a", "offset": 4, "length": 12}]}}, {"sentence": "\u201c\u5357\u6d77\u6218\u7565\u6001\u52bf\u611f\u77e5\u201d\u8ba1\u5212\u5e73\u53f09\u67088\u65e5\u53d1\u5e03\u7684\u7f8e\u519bRC-135W\u4fa6\u5bdf\u673a\u98de\u884c\u8def\u7ebf", "events": [], "arguments": {"time": [{"text": "9\u67088\u65e5", "offset": 14, "length": 4}], "loc": [], "country": [{"text": "\u7f8e", "offset": 21, "length": 1}], "weapon": [{"text": "RC-135W\u4fa6\u5bdf\u673a", "offset": 23, "length": 10}]}}, {"sentence": "\u636e\u201c\u5357\u6d77\u6218\u7565\u6001\u52bf\u611f\u77e5\u201d\u8ba1\u5212\u5e73\u53f09\u67088\u65e5\u53d1\u5e03\u7684\u6d88\u606f\uff0c\u5f53\u5929\u7591\u4f3c\u4e00\u67b6\u7f8e\u519b\u4fa6\u5bdf\u673a\u4f2a\u88c5\u6210\u4e86\u9a6c\u6765\u897f\u4e9a\u98de\u673a\uff0c\u5728\u5357\u6d77\u4e0a\u7a7a\u5f00\u5c55\u98de\u884c\u6d3b\u52a8\u3002", "events": [{"trigger": {"text": "\u4f2a\u88c5\u6210", "offset": 36, "length": 3}, "subject": {"text": "\u7591\u4f3c\u4e00\u67b6\u7f8e\u519b\u4fa6\u5bdf\u673a", "offset": 27, "length": 9}, "object": {"text": "\u9a6c\u6765\u897f\u4e9a\u98de\u673a", "offset": 40, "length": 6}}], "arguments": {"time": [{"text": "9\u67088\u65e5", "offset": 15, "length": 4}], "loc": [{"text": "\u5357\u6d77", "offset": 48, "length": 2}], "country": [{"text": "\u9a6c\u6765\u897f\u4e9a", "offset": 40, "length": 4}, {"text": "\u7f8e", "offset": 31, "length": 1}], "weapon": [{"text": "\u7f8e\u519b\u4fa6\u5bdf\u673a", "offset": 31, "length": 5}]}}, {"sentence": "\u201c\u5357\u6d77\u6218\u7565\u6001\u52bf\u611f\u77e5\u201d\u8ba1\u5212\u5e73\u53f0\u79f0\uff0c9\u67088\u65e5\uff0c\u4e00\u67b6\u7535\u7801\u4e3aAE01CE\u7684\u7f8e\u56fd\u7a7a\u519bRC-135W\u7535\u5b50\u4fa6\u5bdf\u673a\u4ece\u5609\u624b\u7eb3\u7a7a\u519b\u57fa\u5730\u8d77\u98de\u524d\u5f80\u5357\u6d77\u6267\u884c\u4efb\u52a1\uff0c\u4f46 \u540e\u6765\u5728RC-135W\u4fa6\u5bdf\u673a\u7684\u540c\u4e00\u822a\u7ebf\u4e0a\u51fa\u73b0\u4e86\u4e00\u67b6\u7535\u7801\u4e3a750548\u7684\u201c\u9a6c\u6765\u897f\u4e9a\u98de\u673a\u201d\uff0c\u8be5\u673a\u8fdb\u5165\u5357\u6d77\uff0c\u5e76\u5728\u6d77\u5357\u5c9b\u548c\u897f\u6c99\u7fa4\u5c9b\u4e4b\u95f4\u5f00\u5c55\u5bc6\u96c6\u7684\u98de\u884c\u6d3b\u52a8\u3002", "events": [{"trigger": {"text": "\u524d\u5f80", "offset": 59, "length": 2}, "subject": {"text": "\u7f8e\u56fd\u7a7a\u519bRC-135W\u7535\u5b50\u4fa6\u5bdf\u673a", "offset": 33, "length": 16}, "object": {"text": "\u5357\u6d77", "offset": 117, "length": 2}}, {"trigger": {"text": "\u8fdb\u5165", "offset": 115, "length": 2}, "subject": {"text": "\u4e00\u67b6\u7535\u7801\u4e3a750548\u7684\u201c\u9a6c\u6765\u897f\u4e9a\u98de\u673a\u201d", "offset": 92, "length": 20}, "object": {"text": "\u5357\u6d77", "offset": 117, "length": 2}}], "arguments": {"time": [{"text": "9\u67088\u65e5", "offset": 16, "length": 4}], "loc": [{"text": "\u5609\u624b\u7eb3\u7a7a\u519b\u57fa\u5730", "offset": 50, "length": 7}, {"text": "\u5357\u6d77", "offset": 117, "length": 2}, {"text": "\u6d77\u5357\u5c9b\u548c\u897f\u6c99\u7fa4\u5c9b\u4e4b\u95f4", "offset": 122, "length": 10}], "country": [{"text": "\u7f8e\u56fd", "offset": 33, "length": 2}, {"text": "\u9a6c\u6765\u897f\u4e9a", "offset": 105, "length": 4}], "weapon": [{"text": "RC-135W\u7535\u5b50\u4fa6\u5bdf\u673a", "offset": 37, "length": 12}, {"text": "RC-135W\u4fa6\u5bdf\u673a", "offset": 73, "length": 10}]}}, {"sentence": "\u636e\u6089\uff0c\u8fd9\u5df2\u7ecf\u662f\u672c\u6708\u7f8e\u519b\u4fa6\u5bdf\u673a\u7b2c\u4e8c\u6b21\u88ab\u66dd\u5149\u7591\u4f3c\u91c7\u7528\u865a\u5047\u7535\u7801\u5728\u5357\u6d77\u5f00\u5c55\u6d3b\u52a8\u3002", "events": [], "arguments": {"time": [], "loc": [{"text": "\u5357\u6d77", "offset": 29, "length": 2}], "country": [{"text": "\u7f8e", "offset": 9, "length": 1}], "weapon": [{"text": "\u4fa6\u5bdf\u673a", "offset": 11, "length": 3}]}}, {"sentence": " \u636e\u201c\u5357\u6d77\u6218\u7565\u6001\u52bf\u611f\u77e5\u201d\u8ba1\u5212\u5e73\u53f09\u67083\u65e5\u53d1\u5e03\u7684\u6d88\u606f\uff0c\u5f53\u5929\u4e0a\u53488\u65f6\u5de6\u53f3\uff0c1\u67b6\u7535\u7801\u4e3a07675C\u7684\u98de\u673a\u7ecf\u7531\u5df4\u58eb\u6d77\u5ce1\u7a7a\u57df\u8fdb\u5165\u5357\u6d77\uff0c\u540e\u4fe1\u53f7\u6d88\u5931\u3002", "events": [{"trigger": {"text": "\u8fdb\u5165", "offset": 57, "length": 2}, "subject": {"text": "1\u67b6\u7535\u7801\u4e3a07675C\u7684\u98de\u673a", "offset": 35, "length": 14}, "object": {"text": "\u5357\u6d77", "offset": 59, "length": 2}}], "arguments": {"time": [{"text": "\u4e0a\u53488\u65f6\u5de6\u53f3", "offset": 28, "length": 6}], "loc": [{"text": "\u5df4\u58eb\u6d77\u5ce1\u7a7a\u57df", "offset": 51, "length": 6}, {"text": "\u5357\u6d77", "offset": 59, "length": 2}], "country": [], "weapon": [{"text": "\u98de\u673a", "offset": 47, "length": 2}]}}, {"sentence": "\u4e0b\u534815\u65f6\u8bb8\uff0c\u4fe1\u53f7\u77ed\u6682\u51fa\u73b0\u540e\u518d\u6b21\u6d88\u5931\uff0c\u7ee7\u800c\u51e0\u4e4e\u540c\u4e00\u4f4d\u7f6e\u51fa\u73b0\u4e86\u7535\u7801\u4e3aAE01CE\u7684\u7f8e\u7a7a\u519bRC-135W\u7535\u5b50\u4fa6\u5bdf\u673a\u3002", "events": [], "arguments": {"time": [{"text": "\u4e0b\u534815\u65f6\u8bb8", "offset": 0, "length": 6}], "loc": [], "country": [{"text": "\u7f8e", "offset": 40, "length": 1}], "weapon": [{"text": "RC-135W\u7535\u5b50\u4fa6\u5bdf\u673a", "offset": 43, "length": 12}]}}, {"sentence": "\u201c\u5357\u6d77\u6218\u7565\u6001\u52bf\u611f\u77e5\u201d\u8ba1\u5212\u5e73\u53f0\u63a8\u6d4b\uff0c\u4e0a\u5348\u768407675C\u5c31\u662fRC-135W\u91c7\u7528\u7684\u865a\u5047\u7535\u7801\uff0c\u5728\u56de\u7a0b\u65f6\u201c\u73b0\u5f62\u201d \u3002", "events": [], "arguments": {"time": [], "loc": [], "country": [], "weapon": [{"text": "RC-135W", "offset": 28, "length": 7}]}}, {"sentence": "\u7f8e\u519bRC-135\u7535\u5b50\u4fa6\u5bdf\u673a", "events": [], "arguments": {"time": [], "loc": [], "country": [{"text": "\u7f8e", "offset": 0, "length": 1}], "weapon": [{"text": "RC-135\u7535\u5b50\u4fa6\u5bdf\u673a", "offset": 2, "length": 11}]}}, {"sentence": "\u7f8e\u519b\u4fa6\u5bdf\u673a\u8fd1\u671f\u5728\u4e2d\u56fd\u5468\u8fb9\u5f00\u5c55\u6d3b\u52a8\u53ef\u8c13\u662f\u201c\u82b1\u62db\u201d\u9891\u51fa\u3002", "events": [], "arguments": {"time": [], "loc": [{"text": "\u4e2d\u56fd\u5468\u8fb9", "offset": 8, "length": 4}], "country": [{"text": "\u7f8e", "offset": 0, "length": 1}], "weapon": []}}, {"sentence": "\u9999\u6e2f\u5a92\u4f53\u300a\u5357\u534e\u65e9\u62a5\u300b8\u670812\u65e5\u66fe\u62a5\u9053\u79f0\uff0c\u7f8e\u519b\u4fa6\u5bdf\u673a\u5728\u5357\u6d77\u4e0a\u7a7a\u4ee5\u6c11\u822a\u5ba2\u673a\u4f5c\u4e3a\u63a9\u62a4\uff0c\u8fd9\u7ed9\u6c11\u822a\u98de\u884c\u589e\u52a0\u4e86\u98ce\u9669\u3002", "events": [], "arguments": {"time": [{"text": "8\u670812\u65e5", "offset": 10, "length": 5}], "loc": [{"text": "\u5357\u6d77\u4e0a\u7a7a", "offset": 26, "length": 4}], "country": [{"text": "\u7f8e", "offset": 20, "length": 1}], "weapon": []}}, {"sentence": "\u9664\u4e86P-8A\u5de1\u903b\u673a\u3001EP-3E\u7535\u5b50\u4fa6\u5bdf\u673a\u3001RC-135\u6218\u7565\u4fa6\u5bdf\u673a\u3001E-8C\u7a7a\u5730\u76d1\u89c6\u98de\u673a\u8fd9\u4e9b\u5e38\u89c1\u7684\u4fa6\u5bdf\u673a\u5e73\u53f0\u4e4b\u5916\uff0c\u7f8e\u56fd\u9646\u519b\u8fd8\u66fe\u57288\u6708\u4e0b\u65ec\u5411\u4e1c\u6d77\u6d3e\u51fa\u201c\u6311\u6218\u8005\u201d\u4fa6\u5bdf\u673a\u5b9e\u65bd\u4fa6\u5bdf\u3002", "events": [{"trigger": {"text": "\u4fa6\u5bdf", "offset": 82, "length": 2}, "subject": {"text": "\u7f8e\u56fd\u9646\u519b", "offset": 56, "length": 4}, "object": {"text": "\u4e1c\u6d77", "offset": 68, "length": 2}}], "arguments": {"time": [{"text": "8\u6708\u4e0b\u65ec", "offset": 63, "length": 4}], "loc": [{"text": "\u4e1c\u6d77", "offset": 68, "length": 2}], "country": [{"text": "\u7f8e\u56fd", "offset": 56, "length": 2}], "weapon": [{"text": "P-8A\u5de1\u903b\u673a", "offset": 2, "length": 7}, {"text": "EP-3E\u7535\u5b50\u4fa6\u5bdf\u673a", "offset": 10, "length": 10}, {"text": "RC-135\u6218\u7565\u4fa6\u5bdf\u673a", "offset": 21, "length": 11}, {"text": "E-8C\u7a7a\u5730\u76d1\u89c6\u98de\u673a", "offset": 33, "length": 10}]}}, {"sentence": "\u8fd9\u6b3e\u4fa6\u5bdf\u673a\u7531\u52a0\u62ff\u5927\u5e9e\u5df4\u8fea\u516c\u53f8\u7684\u201c\u6311\u6218\u8005\u201d\u5546\u52a1\u673a\u6539\u88c5\u800c\u6765 \uff0c\u6ca1\u6709\u7f8e\u519b\u6d82\u88c5 \uff0c\u5916\u89c2\u5c31\u662f\u4e00\u67b6\u5c0f\u578b\u201c\u5546\u52a1\u673a\u201d\uff0c\u76ee\u89c6\u8bc6\u522b\u96be\u5ea6\u8f83\u5927\u3002", "events": [], "arguments": {"time": [], "loc": [], "country": [{"text": "\u52a0\u62ff\u5927", "offset": 6, "length": 3}, {"text": "\u7f8e", "offset": 31, "length": 1}], "weapon": [{"text": "\u201c\u6311\u6218\u8005\u201d\u5546\u52a1\u673a", "offset": 15, "length": 8}]}}, {"sentence": "\u5bf9\u4e8e\u7f8e\u519b\u8fd1\u671f\u5728\u4e2d\u56fd\u5468\u8fb9\u6d3b\u52a8\u9891\u7e41\u3001\u519b\u673a\u5728\u6cbf\u6d77\u9ad8\u9891\u5ea6\u62b5\u8fd1\u4fa6\u5bdf\u7b49\u60c5\u51b5\uff0c\u4e2d\u56fd\u56fd\u9632\u90e8\u65b0\u95fb\u53d1\u8a00\u4eba\u5434\u8c26\u5927\u6821\u57288\u670827\u65e5\u7684\u56fd\u9632\u90e8\u4f8b\u884c\u8bb0\u8005\u4f1a\u4e0a\u56de\u5e94\u79f0\uff0c\u8fd1\u671f\uff0c\u7f8e\u65b9\u52a0\u5927\u5bf9\u534e\u6311\u8845\u65bd\u538b\u529b\u5ea6\uff0c\u5bf9\u6b64\u6211\u4eec\u7684\u6001\u5ea6\u6e05\u6670\u660e\u786e\uff1a\u4e00\u662f\u53cd\u5bf9\uff0c\u4e8c\u662f\u4e0d\u6015\u3002", "events": [], "arguments": {"time": [{"text": "8\u670827\u65e5", "offset": 47, "length": 5}], "loc": [], "country": [{"text": "\u7f8e", "offset": 69, "length": 1}, {"text": "\u4e2d\u56fd", "offset": 32, "length": 2}, {"text": "\u534e", "offset": 74, "length": 1}], "weapon": []}}, {"sentence": "\u7f8e\u65b9\u4e00\u4e9b\u653f\u5ba2\u5728\u5927\u9009\u524d\u4e3a\u4e86\u4e00\u5df1\u79c1\u5229\uff0c\u6781\u529b\u7834\u574f\u4e2d\u7f8e\u4e24\u56fd\u4e24\u519b\u5173\u7cfb\uff0c\u751a\u81f3\u5984\u56fe\u5236\u9020\u610f\u5916\u4e8b\u4ef6\u548c\u519b\u4e8b\u51b2\u7a81\uff0c\u8fd9\u79cd\u884c\u5f84\u7f6e\u53cc\u65b9\u4e00\u7ebf\u5b98\u5175\u751f\u547d\u5b89\u5371\u4e8e\u4e0d\u987e\uff0c\u7f6e\u4e24\u56fd\u4eba\u6c11\u6839\u672c\u5229\u76ca\u4e8e\u4e0d\u987e\uff0c\u7f6e\u4e16\u754c\u4eba\u6c11\u548c\u5e73\u8bc9\u6c42\u4e8e\u4e0d\u987e\uff0c\u662f\u6781\u4e0d\u5f97\u4eba\u5fc3\u7684\u3002", "events": [], "arguments": {"time": [], "loc": [], "country": [{"text": "\u7f8e", "offset": 22, "length": 1}, {"text": "\u4e2d", "offset": 21, "length": 1}], "weapon": []}}, {"sentence": "\u4e2d\u56fd\u519b\u961f\u5c06\u575a\u5b9a\u634d\u536b\u56fd\u5bb6\u4e3b\u6743\u3001\u5b89\u5168\u3001\u53d1\u5c55\u5229\u76ca\uff0c\u575a\u5b9a\u7ef4\u62a4\u4e16\u754c\u548c\u5730\u533a\u548c\u5e73\u7a33\u5b9a\u3002", "events": [], "arguments": {"time": [], "loc": [], "country": [{"text": "\u4e2d\u56fd", "offset": 0, "length": 2}], "weapon": []}}, {"sentence": "\u6211\u4eec\u5949\u529d\u7f8e\u65b9\u4e00\u4e9b\u653f\u5ba2\u8ba4\u6e05\u73b0\u5b9e\uff0c\u4fdd\u6301\u7406\u6027\uff0c\u505c\u6b62\u6311\u8845\uff0c\u63a8\u52a8\u4e24\u56fd\u4e24\u519b\u5173\u7cfb\u56de\u5230\u6b63\u786e\u7684\u8f68\u9053\u3002", "events": [], "arguments": {"time": [], "loc": [], "country": [{"text": "\u7f8e", "offset": 4, "length": 1}], "weapon": []}}, {"sentence": "\u6765\u6e90\uff1a\u73af\u7403\u7f51/\u5f90\u7490\u660e", "events": [], "arguments": {"time": [], "loc": [], "country": [], "weapon": []}}]