[{"sentence": "\u6cd5\u56fd\u53c8\u91c7\u8d2d3\u67b6A330-200\u591a\u7528\u9014\u52a0\u6cb9\u673a\u00a0\u603b\u6570\u8fbe\u523015\u67b6", "events": [{"trigger": {"text": "\u91c7\u8d2d", "offset": 3, "length": 2}, "subject": {"text": "\u6cd5\u56fd", "offset": 0, "length": 2}, "object": {"text": "3\u67b6A330-200\u591a\u7528\u9014\u52a0\u6cb9\u673a", "offset": 5, "length": 16}}], "arguments": {"time": [], "loc": [], "country": [{"text": "\u6cd5\u56fd", "offset": 0, "length": 2}], "weapon": [{"text": "A330-200\u591a\u7528\u9014\u52a0\u6cb9\u673a", "offset": 7, "length": 14}]}}, {"sentence": "\u3010\u73af\u7403\u7f51\u62a5\u9053 \u8bb0\u8005 \u9a6c\u5ca9\u3011", "events": [], "arguments": {"time": [], "loc": [], "country": [], "weapon": []}}, {"sentence": "\u636e\u300a\u7b80\u6c0f\u9632\u52a1\u5468\u520a\u300b\u7f51\u7ad99\u67087\u65e5\u62a5\u9053\uff0c\u6cd5\u56fd\u53c8\u91c7\u8d2d\u4e863\u67b6\u7a7a\u5ba2A330-200\u591a\u7528\u9014\u7a7a\u4e2d\u52a0\u6cb9\u8fd0\u8f93\u673a\uff0c\u4f7f\u5176\u91c7\u8d2d\u603b\u6570\u8fbe\u5230\u4e8615\u67b6\u3002", "events": [{"trigger": {"text": "\u91c7\u8d2d", "offset": 49, "length": 2}, "subject": {"text": "\u6cd5\u56fd", "offset": 18, "length": 2}, "object": {"text": "3\u67b6\u7a7a\u5ba2A330-200\u591a\u7528\u9014\u7a7a\u4e2d\u52a0\u6cb9\u8fd0\u8f93\u673a", "offset": 24, "length": 22}}], "arguments": {"time": [{"text": "9\u67087\u65e5", "offset": 11, "length": 4}], "loc": [], "country": [{"text": "\u6cd5\u56fd", "offset": 18, "length": 2}], "weapon": [{"text": "\u7a7a\u5ba2A330-200\u591a\u7528\u9014\u7a7a\u4e2d\u52a0\u6cb9\u8fd0\u8f93\u673a", "offset": 26, "length": 20}]}}, {"sentence": "A330-200\u591a\u7528\u9014\u52a0\u6cb9\u673a", "events": [], "arguments": {"time": [], "loc": [], "country": [], "weapon": [{"text": "A330-200\u591a\u7528\u9014\u52a0\u6cb9\u673a", "offset": 0, "length": 14}]}}, {"sentence": "\u6cd5\u56fd\u56fd\u9632\u90e88\u6708\u5e95\u5ba3\u5e03\u4e86\u8fd9\u4e00\u4ef7\u503c2\u4ebf\u6b27\u5143\uff082.37\u4ebf\u7f8e\u5143\uff09\u7684\u8ba2\u5355\uff0c\u5e76\u6307\u51fa\u8fd9\u662f\u653f\u5e9c\u652f\u6301\u56fd\u5bb6\u822a\u7a7a\u5de5\u4e1a\u4e00\u63fd\u5b50\u8ba1\u5212\u7684\u4e00\u90e8\u5206\u3002", "events": [], "arguments": {"time": [{"text": "8\u6708\u5e95", "offset": 5, "length": 3}], "loc": [], "country": [{"text": "\u6cd5\u56fd", "offset": 0, "length": 2}], "weapon": []}}, {"sentence": "\u201c\u8fd9\u4e09\u67b6A330-200\u7684\u9884\u8d2d\u8ba2\u5355\u662f\u56fd\u9632\u90e8\u652f\u6301\u822a\u7a7a\u5de5\u4e1a\u7684\u5177\u4f53\u548c\u76f4\u63a5\u7684\u63aa\u65bd\u3002", "events": [], "arguments": {"time": [], "loc": [], "country": [], "weapon": [{"text": "A330-200", "offset": 4, "length": 8}]}}, {"sentence": "\u9664\u6b64\u4e4b\u5916\uff0c\u56fd\u9632\u90e8\u8fd8\u8ba1\u5212\u5bf9\u5404\u7c7b\u98de\u673a\u3001\u65e0\u4eba\u673a\u548c\u76f4\u5347\u673a\u4e0b\u8ba2\u5355\uff0c\u603b\u989d\u5c06\u8fbe\u52306\u4ebf\u6b27\u5143\u3002", "events": [], "arguments": {"time": [], "loc": [], "country": [], "weapon": [{"text": "\u98de\u673a", "offset": 14, "length": 2}, {"text": "\u65e0\u4eba\u673a", "offset": 17, "length": 3}, {"text": "\u76f4\u5347\u673a", "offset": 21, "length": 3}]}}, {"sentence": "\u201d\u56fd\u9632\u90e8\u58f0\u660e\u8bf4\u3002", "events": [], "arguments": {"time": [], "loc": [], "country": [], "weapon": []}}, {"sentence": "\u636e\u4ecb\u7ecd\uff0c2\u67b6A330-200\u5c06\u5728\u4eca\u5e74\u5e74\u5e95\u524d\u4ea4\u4ed8\uff0c\u4e00\u67b6\u57282022\u5e74\u4ea4\u4ed8\u3002", "events": [{"trigger": {"text": "\u4ea4\u4ed8", "offset": 32, "length": 2}, "subject": {"text": "\u4eca\u5e74\u5e74\u5e95\u524d", "offset": 16, "length": 5}, "object": {"text": "2\u67b6A330-200", "offset": 4, "length": 10}}], "arguments": {"time": [{"text": "\u4eca\u5e74\u5e74\u5e95", "offset": 16, "length": 4}, {"text": "2022\u5e74", "offset": 27, "length": 5}], "loc": [], "country": [], "weapon": [{"text": "A330-200", "offset": 6, "length": 8}]}}, {"sentence": "\uff08\u5b8c\uff09", "events": [], "arguments": {"time": [], "loc": [], "country": [], "weapon": []}}, {"sentence": "\uff08\u5b8c\uff09", "events": [], "arguments": {"time": [], "loc": [], "country": [], "weapon": []}}]