[{"sentence": "\u97e9\u56fd\u6d77\u519b\u5b8c\u6210C4I\u7cfb\u7edf\u5347\u7ea7\u00a0\u53ef\u63d0\u9ad8\u6307\u6325\u5b98\u6218\u65f6\u51b3\u7b56\u80fd\u529b", "events": [{"trigger": {"text": "\u5347\u7ea7", "offset": 11, "length": 2}, "subject": {"text": "\u97e9\u56fd\u6d77\u519b", "offset": 0, "length": 4}, "object": {"text": "C4I\u7cfb\u7edf", "offset": 6, "length": 5}}], "arguments": {"time": [], "loc": [], "country": [{"text": "\u97e9\u56fd", "offset": 0, "length": 2}], "weapon": [{"text": "C4I\u7cfb\u7edf", "offset": 6, "length": 5}]}}, {"sentence": "\u3010\u73af\u7403\u7f51\u62a5\u9053 \u8bb0\u8005 \u9a6c\u5ca9\u3011", "events": [], "arguments": {"time": [], "loc": [], "country": [], "weapon": []}}, {"sentence": "\u636e\u201c\u6d77\u519b\u60c5\u62a5\u201d\u7f519\u67087\u65e5\u62a5\u9053\uff0c\u97e9\u56fd\u56fd\u9632\u91c7\u8d2d\u8ba1\u5212\u5c40\u5f53\u5929\u5ba3\u5e03\uff0c\u5df2\u7ecf\u5b8c\u6210\u4e3a\u671f5\u5e74\u7684\u6d77\u519bC4I\uff08\u547d\u4ee4\u3001\u63a7\u5236\u3001\u901a\u4fe1\u3001\u8ba1\u7b97\u673a\u548c\u60c5\u62a5\uff09\u7cfb\u7edf\u7684\u5347\u7ea7\uff0c\u4ee5\u4f7f\u5176\u66f4\u597d\u9002\u5e94\u672a\u6765\u6218\u573a\u7684\u9700\u8981\u3002", "events": [{"trigger": {"text": "\u5347\u7ea7", "offset": 63, "length": 2}, "subject": {"text": "\u6d77\u519bC4I\uff08\u547d\u4ee4\u3001\u63a7\u5236\u3001\u901a\u4fe1\u3001\u8ba1\u7b97\u673a\u548c\u60c5\u62a5\uff09\u7cfb\u7edf", "offset": 38, "length": 24}, "object": {"text": "\u97e9\u56fd\u56fd\u9632", "offset": 15, "length": 4}}], "arguments": {"time": [{"text": "9\u67087\u65e5", "offset": 8, "length": 4}], "loc": [], "country": [{"text": "\u97e9\u56fd", "offset": 15, "length": 2}], "weapon": [{"text": "\u6d77\u519bC4I\uff08\u547d\u4ee4\u3001\u63a7\u5236\u3001\u901a\u4fe1\u3001\u8ba1\u7b97\u673a\u548c\u60c5\u62a5\uff09\u7cfb\u7edf", "offset": 38, "length": 24}, {"text": "C4I\uff08\u547d\u4ee4\u3001\u63a7\u5236\u3001\u901a\u4fe1\u3001\u8ba1\u7b97\u673a\u548c\u60c5\u62a5\uff09\u7cfb\u7edf", "offset": 40, "length": 22}]}}, {"sentence": "\u62a5\u9053\u79f0\uff0c\u6b64\u6b21\u5347\u7ea7\u8017\u8d441470\u4ebf\u97e9\u5143\uff08\u7ea6\u54081.24\u4ebf\u7f8e\u5143\uff09\uff0c\u5176\u6709\u52a9\u4e8e\u63d0\u9ad8\u6307\u6325\u5b98\u5728\u6218\u65f6\u7684\u51b3\u7b56\u80fd\u529b\u3002", "events": [], "arguments": {"time": [], "loc": [], "country": [], "weapon": []}}, {"sentence": "\u97e9\u56fd\u56fd\u9632\u91c7\u8d2d\u8ba1\u5212\u5c40\u8868\u793a\uff0c\u65b0\u7cfb\u7edf\u53ef\u4ee5\u4f7f\u6d77\u519b\u5355\u5143\u5b9e\u65f6\u5730\u4e0e\u5176\u5b83\u5355\u5143\u5171\u4eab\u5bfc\u5f39\u7684\u4fe1\u606f\uff0c\u5982\u679cC4I\u4e3b\u7ad9\u53d7\u635f\uff0c\u65b0\u7684\u201c\u5907\u7528\u201d\u7ad9\u53ef\u4ee5\u572810\u5206\u949f\u5185\u6295\u5165\u4f7f\u7528\uff0c\u5176\u6570\u636e\u5904\u7406\u80fd\u529b\u4e5f\u662f\u4e4b\u524d\u7cfb\u7edf\u7684\u4e09\u500d\u3002", "events": [], "arguments": {"time": [], "loc": [], "country": [{"text": "\u97e9\u56fd", "offset": 0, "length": 2}], "weapon": [{"text": "C4I", "offset": 40, "length": 3}, {"text": "\u5bfc\u5f39", "offset": 32, "length": 2}]}}, {"sentence": "\u8fc7\u53bb\uff0c\u6bcf\u4e2a\u6d77\u519b\u7684\u6307\u6325\u548c\u63a7\u5236\u7cfb\u7edf\uff0c\u4ee5\u53ca\u6218\u672f\u6570\u636e\u5904\u7406\u7cfb\u7edf\u9700\u89814\u4e2a\u7ec8\u7aef\u6765\u8fd0\u884c\uff0c\u4f46\u73b0\u5728\u53ea\u9700\u4e00\u4e2a\u7ec8\u7aef\u3002", "events": [], "arguments": {"time": [], "loc": [], "country": [], "weapon": []}}, {"sentence": "\u65b0\u7cfb\u7edf\u7684\u76ee\u6807\u5904\u7406\u80fd\u529b\u548c\u751f\u5b58\u80fd\u529b\u4e5f\u5f97\u5230\u4e86\u63d0\u9ad8\u3002", "events": [], "arguments": {"time": [], "loc": [], "country": [], "weapon": []}}, {"sentence": "\u636e\u4ecb\u7ecd\uff0cC4I\u7cfb\u7edf\u662f\u7f51\u7edc\u4e2d\u5fc3\u6218\u7684\u6838\u5fc3\uff0c\u901a\u8fc7\u8fde\u63a5\u76d1\u89c6\u3001\u51b3\u7b56\u548c\u653b\u51fb\u8fc7\u7a0b\uff0c\u4f7f\u6218\u573a\u53ef\u89c6\u5316\u3002", "events": [], "arguments": {"time": [], "loc": [], "country": [], "weapon": [{"text": "C4I\u7cfb\u7edf", "offset": 4, "length": 5}]}}]