[{"sentence": "\u7f8e\u56fd\u822a\u6bcd\u4e00\u6c34\u5175\u5931\u8e2a\uff0c\u4e8b\u53d1\u5730\u654f\u611f", "events": [], "arguments": {"time": [], "loc": [], "country": [], "weapon": [{"text": "\u822a\u6bcd", "offset": 2, "length": 2}]}}, {"sentence": "\u7f8e\u519b\u53d1\u751f\u6c34\u5175\u5931\u8e2a\u4e8b\u4ef6\u7684\u5730\u70b9\u4f4d\u4e8e\u5317\u963f\u62c9\u4f2f\u6d77\uff0c\u8fd9\u91cc\u8ddd\u79bb\u6ce2\u65af\u6e7e\u548c\u4f0a\u6717\u90fd\u5f88\u8fd1\u3002", "events": [], "arguments": {"time": [], "loc": [], "country": [], "weapon": []}}, {"sentence": "\u636e\u7f8e\u56fd\u201c\u519b\u4e8b\u201d\u7f51\u7ad99\u67086\u65e5\u62a5\u9053\uff0c\u4e00\u540d\u88ab\u90e8\u7f72\u5230\u201c\u5c3c\u7c73\u5179\u201d\u53f7\u822a\u6bcd\u4e0a\u7684\u6c34\u5175\u4e8e9\u67086\u65e5\u88ab\u62a5\u544a\u5931\u8e2a\uff0c\u76ee\u524d\u7f8e\u56fd\u6d77\u519b\u6b63\u5728\u5317\u963f\u62c9\u4f2f\u6d77\u5f00\u5c55\u641c\u6551\u5de5\u4f5c\u3002", "events": [], "arguments": {"time": [{"text": "9\u67086\u65e5", "offset": 35, "length": 4}], "loc": [], "country": [], "weapon": [{"text": "\u201c\u5c3c\u7c73\u5179\u201d\u53f7\u822a\u6bcd", "offset": 22, "length": 8}]}}, {"sentence": "\u7f8e\u56fd\u6d77\u519b\u5728\u65b0\u95fb\u53d1\u5e03\u4f1a\u4e0a\u8868\u793a\uff0c\u201c\u5c3c\u7c73\u5179\u201d\u53f7\u822a\u6bcd\u548c\u201c\u666e\u6797\u65af\u987f\u201d\u53f7\u5bfc\u5f39\u5de1\u6d0b\u8230\u7684\u8230\u5458\u76ee\u524d\u6b63\u5728\u5bfb\u627e\u8fd9\u540d\u5931\u8e2a\u7684\u6c34\u5175\u3002", "events": [], "arguments": {"time": [], "loc": [], "country": [], "weapon": [{"text": "\u201c\u5c3c\u7c73\u5179\u201d\u53f7\u822a\u6bcd", "offset": 14, "length": 8}, {"text": "\u201c\u666e\u6797\u65af\u987f\u201d\u53f7\u5bfc\u5f39\u5de1\u6d0b\u8230", "offset": 23, "length": 12}]}}, {"sentence": "\u7f8e\u519b\u5b98\u5458\u8868\u793a\uff0c\u8fd9\u540d\u88ab\u5206\u914d\u5230\u201c\u5c3c\u7c73\u5179\u201d\u53f7\u822a\u6bcd\u4e0a\u7684\u6c34\u5175\u76ee\u524d\u4ecd\u4e0b\u843d\u4e0d\u660e\u3002", "events": [], "arguments": {"time": [], "loc": [], "country": [], "weapon": [{"text": "\u201c\u5c3c\u7c73\u5179\u201d\u53f7\u822a\u6bcd", "offset": 13, "length": 8}]}}, {"sentence": "\u7f8e\u56fd\u6d77\u519b\u201c\u5c3c\u7c73\u5179\u201d\u53f7\u822a\u6bcd", "events": [], "arguments": {"time": [], "loc": [], "country": [], "weapon": [{"text": "\u201c\u5c3c\u7c73\u5179\u201d\u53f7\u822a\u6bcd", "offset": 4, "length": 8}]}}, {"sentence": "\u201c\u5c3c\u7c73\u5179\u201d\u53f7\u822a\u6bcd\u81ea7\u6708\u4ee5\u6765\u5c31\u4e00\u76f4\u5728\u4e2d\u4e1c\u6d77\u57df\u4f5c\u4e1a\uff0c\u8fd9\u8258\u822a\u6bcd\u4e8e\u4eca\u5e744\u6708\u79bb\u5f00\u4f4d\u4e8e\u534e\u76db\u987f\u5dde\u7684\u57fa\u7279\u8428\u6d77\u519b\u57fa\u5730\u7684\u6bcd\u6e2f\u5f00\u59cb\u8fdb\u884c\u90e8\u7f72\u3002", "events": [], "arguments": {"time": [{"text": "\u4eca\u5e744\u6708", "offset": 29, "length": 4}], "loc": [], "country": [], "weapon": [{"text": "\u201c\u5c3c\u7c73\u5179\u201d\u53f7\u822a\u6bcd", "offset": 0, "length": 8}]}}, {"sentence": "\u201c\u5c3c\u7c73\u5179\u201d\u53f7\u822a\u6bcd\u6218\u6597\u7fa4\u5305\u62ec\u5927\u7ea68000\u540d\u8230\u5458\uff0c\u9664\u822a\u6bcd\u5916\u8fd8\u6709\u201c\u666e\u6797\u65af\u987f\u201d\u53f7\u5de1\u6d0b\u8230\u3001\u201c\u65af\u7279\u83b1\u7279\u201d\u53f7\u548c\u201c\u62c9\u5c14\u592b\u00b7\u7ea6\u7ff0\u900a\u201d\u53f7\u5bfc\u5f39\u9a71\u9010\u8230\u3002", "events": [], "arguments": {"time": [], "loc": [], "country": [], "weapon": [{"text": "\u201c\u666e\u6797\u65af\u987f\u201d\u53f7\u5de1\u6d0b\u8230", "offset": 29, "length": 10}, {"text": "\u201c\u65af\u7279\u83b1\u7279\u201d\u53f7", "offset": 40, "length": 7}, {"text": "\u201c\u62c9\u5c14\u592b\u00b7\u7ea6\u7ff0\u900a\u201d\u53f7\u5bfc\u5f39\u9a71\u9010\u8230", "offset": 48, "length": 15}]}}, {"sentence": "\u503c\u5f97\u6ce8\u610f\u7684\u662f\uff0c\u7f8e\u519b\u53d1\u751f\u6c34\u5175\u5931\u8e2a\u4e8b\u4ef6\u7684\u5730\u70b9\u4f4d\u4e8e\u5317\u963f\u62c9\u4f2f\u6d77\uff0c\u8fd9\u91cc\u8ddd\u79bb\u6ce2\u65af\u6e7e\u548c\u4f0a\u6717\u90fd\u5f88\u8fd1\u3002", "events": [], "arguments": {"time": [], "loc": [], "country": [], "weapon": []}}, {"sentence": "\u62a5\u9053\u6307\u51fa\uff0c\u8fd1\u5e74\u6765\u7f8e\u56fd\u6d77\u519b\u5df2\u53d1\u751f\u591a\u8d77\u8230\u5458\u5728\u90e8\u7f72\u4e2d\u7684\u8230\u8239\u4e0a\u5931\u8e2a\u7684\u4e8b\u4ef6\uff0c\u5176\u4e2d\u4e00\u4e9b\u81f3\u4eca\u4ecd\u60c5\u51b5\u4e0d\u660e\u3002", "events": [], "arguments": {"time": [], "loc": [], "country": [], "weapon": []}}, {"sentence": "\u53bb\u5e74\u590f\u5929\uff0c\u4e8c\u7b49\u822a\u7a7a\u7535\u5b50\u6280\u5e08\u65af\u96f7\u987f\u00b7\u7d22\u5c14\u8fbe\u90a3\u88ab\u8ba4\u5b9a\u4ece\u201c\u6797\u80af\u201d\u53f7\u822a\u6bcd\u4e0a\u5760\u5165\u963f\u62c9\u4f2f\u6d77\uff0c\u7ecf\u8fc7\u4e00\u756a\u641c\u7d22\u4e4b\u540e\uff0c\u4ed6\u88ab\u5ba3\u5e03\u6b7b\u4ea1\u3002", "events": [], "arguments": {"time": [], "loc": [], "country": [], "weapon": [{"text": "\u201c\u6797\u80af\u201d\u53f7\u822a\u6bcd", "offset": 25, "length": 7}]}}, {"sentence": "\u6765\u81ea\u7f8e\u56fd\u3001\u897f\u73ed\u7259\u548c\u5df4\u57fa\u65af\u5766\u7684\u8239\u53ea\u5bf9\u4ed6\u8fdb\u884c\u6570\u5929\u7684\u641c\u5bfb\uff0c\u4f46\u4e00\u76f4\u6ca1\u6709\u627e\u5230\u3002", "events": [], "arguments": {"time": [], "loc": [], "country": [], "weapon": []}}, {"sentence": "\u53e6\u5916\u5728\u4e0d\u5230\u4e00\u5e74\u4e4b\u524d\uff0c\u201c\u4f0a\u5229\u6e56\u201d\u5de1\u6d0b\u8230\u4e0a\u7684\u7f8e\u56fd\u6d77\u519b\u4e2d\u5c09\u963f\u6851\u7279\u00b7\u9ea6\u51ef\u62c9\u5728\u52a0\u5dde\u6d77\u5cb8\u9644\u8fd1\u5931\u8e2a\uff0c\u7f8e\u56fd\u6d77\u519b\u641c\u5bfb\u4e864\u5929\u65e0\u679c\u3002", "events": [], "arguments": {"time": [], "loc": [], "country": [], "weapon": [{"text": "\u201c\u4f0a\u5229\u6e56\u201d\u5de1\u6d0b\u8230", "offset": 10, "length": 8}]}}, {"sentence": "\u76f4\u5230\u4e0a\u5468\uff0c\u9ea6\u51ef\u62c9\u7684\u7236\u6bcd\u4ecd\u5bf9\u5a92\u4f53\u8868\u793a\uff0c\u4ed6\u4eec\u6ca1\u6709\u6536\u5230\u6d77\u519b\u5173\u4e8e\u4ed6\u4eec\u513f\u5b50\u6b7b\u56e0\u7684\u7b54\u590d\u3002", "events": [], "arguments": {"time": [{"text": "\u4e0a\u5468", "offset": 2, "length": 2}], "loc": [], "country": [], "weapon": []}}, {"sentence": "2017\u5e74\uff0c\u7f8e\u56fd\u6d77\u519b\u4e09\u7b49\u58eb\u5b98\u5f7c\u5f97\u00b7\u7c73\u59c6\u65af\u7684\u5c38\u4f53\u5728\u201c\u590f\u6d1b\u201d\u53f7\u5de1\u6d0b\u8230\u7684\u5f15\u64ce\u5ba4\u4e2d\u88ab\u53d1\u73b0\u3002", "events": [], "arguments": {"time": [], "loc": [], "country": [], "weapon": [{"text": "\u201c\u590f\u6d1b\u201d\u53f7\u5de1\u6d0b\u8230", "offset": 24, "length": 8}]}}, {"sentence": "\u800c\u5728\u6b64\u4e4b\u524d\u7f8e\u519b\u66fe\u5bf9\u4ed6\u5f00\u5c55\u4e86\u5927\u89c4\u6a21\u7684\u641c\u7d22\u884c\u52a8\uff0c\u968f\u540e\u8be5\u58eb\u5b98\u88ab\u5ba3\u5e03\u5728\u6d77\u4e0a\u5931\u8e2a\u3002", "events": [], "arguments": {"time": [], "loc": [], "country": [], "weapon": []}}, {"sentence": "\u6765\u6e90\uff1a\u73af\u7403\u7f51/\u5f90\u7490\u660e", "events": [], "arguments": {"time": [], "loc": [], "country": [], "weapon": []}}]