[{"sentence": "\u7f8e\u519b\u6838\u8f70\u70b8\u673a\u98de\u5165\u4e4c\u514b\u5170\u4e0a\u7a7a\u00a0\u903c\u8fd1\u514b\u91cc\u7c73\u4e9a\u8fb9\u5883\u4ec525\u516c\u91cc", "events": [], "arguments": {"time": [], "loc": [], "country": [], "weapon": [{"text": "\u6838\u8f70\u70b8\u673a", "offset": 2, "length": 4}]}}, {"sentence": "\u3010\u73af\u7403\u7f51\u62a5\u9053 \u8bb0\u8005 \u5f90\u7490\u660e\u3011", "events": [], "arguments": {"time": [], "loc": [], "country": [], "weapon": []}}, {"sentence": "\u636e\u7f8e\u56fd\u201c\u519b\u4e8b\u201d\u7f51\u7ad99\u67084\u65e5\u62a5\u9053\uff0c\u8fd1\u671f\u7f8e\u56fd\u548c\u4fc4\u7f57\u65af\u7684\u7a7a\u4e2d\u5bf9\u6297\u52a0\u5267\uff0c3\u67b6\u7f8e\u56fd\u7a7a\u519bB-52\u8f70\u70b8\u673a\u57289\u67084\u65e5\u4e0e\u4e4c\u514b\u5170\u6218\u6597\u673a\u5f00\u5c55\u8054\u5408\u8bad\u7ec3\uff0c\u8fd8\u88ab\u53d1\u73b0\u98de\u8fd1\u4e86\u514b\u91cc\u7c73\u4e9a\u534a\u5c9b\uff0c\u6709\u89c2\u5bdf\u8ba4\u8bc6\u79f0\u8fd9\u662f\u5bf9\u4fc4\u7f57\u65af\u53d1\u51fa\u4e86\u201c\u5f53\u9762\u58f0\u660e\u201d\u3002", "events": [], "arguments": {"time": [{"text": "9\u67084\u65e5", "offset": 46, "length": 4}], "loc": [{"text": "\u514b\u91cc\u7c73\u4e9a\u534a\u5c9b", "offset": 71, "length": 6}], "country": [{"text": "\u7f8e\u56fd", "offset": 34, "length": 2}, {"text": "\u4fc4\u7f57\u65af", "offset": 87, "length": 3}, {"text": "\u4e4c\u514b\u5170", "offset": 51, "length": 3}], "weapon": [{"text": "B-52\u8f70\u70b8\u673a", "offset": 38, "length": 7}, {"text": "\u6218\u6597\u673a", "offset": 0, "length": 3}]}}, {"sentence": "\u62a5\u9053\u79f0\uff0c\u7f8e\u56fd\u6b27\u6d32\u53f8\u4ee4\u90e8\u5728\u4e00\u4efd\u65b0\u95fb\u7a3f\u4e2d\u8bf4\uff0c\u6765\u81ea\u5317\u8fbe\u79d1\u4ed6\u5dde\u8fc8\u8bfa\u7279\u7a7a\u519b\u57fa\u5730\u7684\u7b2c5\u8f70\u70b8\u673a\u8054\u961f\u7684\u8f70\u70b8\u673a\u201c\u5728\u4e4c\u514b\u5170\u9886\u7a7a\u4e0e\u4e4c\u514b\u5170\u6218\u673a\u8fdb\u884c\u4e86\u81f3\u5173\u91cd\u8981\u7684\u6574\u5408\u8bad\u7ec3\u201d\u3002", "events": [{"trigger": {"text": "\u6574\u5408\u8bad\u7ec3", "offset": 67, "length": 4}, "subject": {"text": "\u7b2c5\u8f70\u70b8\u673a\u8054\u961f\u7684\u8f70\u70b8\u673a\u201c\u5728\u4e4c\u514b\u5170\u9886\u7a7a\u4e0e\u4e4c\u514b\u5170\u6218\u673a", "offset": 35, "length": 24}, "object": {"text": "", "offset": 0, "length": 0}}], "arguments": {"time": [], "loc": [], "country": [], "weapon": [{"text": "\u8f70\u70b8\u673a", "offset": 43, "length": 3}, {"text": "\u6218\u673a", "offset": 57, "length": 2}]}}, {"sentence": "\u7f8e\u519b\u5b98\u5458\u79f0\uff0c\u6b64\u6b21\u8bad\u7ec3\u662f\u7f8e\u519b\u5728\u6b27\u6d32\u90e8\u7f72\u76846\u67b6B-52\u8f70\u70b8\u673a\u7684\u4efb\u52a1\u7684\u4e00\u90e8\u5206\uff0c\u201c\u4e3a\u5408\u4f5c\u4f19\u4f34\u63d0\u4f9b\u4e86\u5b9d\u8d35\u7684\u7a7a\u4e2d\u8bad\u7ec3\uff08\u673a\u4f1a\uff09\u201d\u3002", "events": [], "arguments": {"time": [], "loc": [], "country": [], "weapon": [{"text": "B-52\u8f70\u70b8\u673a", "offset": 21, "length": 7}]}}, {"sentence": "\u7f8e\u519b\u5728\u62a5\u544a\u4e2d\u8bf4\uff1a\u201c\u8fd9\u6b21\u4efb\u52a1\u5c55\u793a\u4e86\u4f4d\u4e8e\u524d\u7ebf\u7684\u6218\u673a\u548c\u673a\u7ec4\u4eba\u5458\u2014\u2014\u6bd4\u5982B-52\u8f70\u70b8\u673a\u90e8\u961f\u7684\u4eba\u5458\uff0c\u662f\u5982\u4f55\u63d0\u5347\u6574\u4f53\u9632\u5fa1\u80fd\u529b\u7684\uff0c\u5e76\u4e3a\u7f8e\u56fd\u3001\u5317\u7ea6\u76df\u56fd\u548c\u5408\u4f5c\u4f19\u4f34\u63d0\u5347\u6218\u7565\u884c\u52a8\u7684\u5e7f\u5ea6\uff0c\u4ee5\u5a01\u6151\u4fc4\u7f57\u65af\u5e76\u786e\u4fdd\u76df\u56fd\u548c\u5408\u4f5c\u4f19\u4f34\u7684\u5b89\u5168\u3002", "events": [], "arguments": {"time": [], "loc": [], "country": [], "weapon": [{"text": "B-52\u8f70\u70b8\u673a", "offset": 32, "length": 7}]}}, {"sentence": "\u201d", "events": [], "arguments": {"time": [], "loc": [], "country": [], "weapon": []}}, {"sentence": "\u5728\u4e0a\u5468\u4e94\u65e9\u4e9b\u65f6\u5019\u5c31\u6709\u793e\u4ea4\u5a92\u4f53\u4e0a\u7684\u89c2\u5bdf\u4eba\u58eb\u6ce8\u610f\u5230\uff0c\u4e24\u67b6B-52\u8f70\u70b8\u673a\u671d\u7740\u4e1c\u5357\u65b9\u5411\u98de\u5411\u514b\u91cc\u7c73\u4e9a\u3002", "events": [], "arguments": {"time": [], "loc": [], "country": [], "weapon": [{"text": "B-52\u8f70\u70b8\u673a", "offset": 26, "length": 7}]}}, {"sentence": "\u7f8e\u56fd\u79d1\u5b66\u5bb6\u8054\u5408\u4f1a\u6838\u4fe1\u606f\u9879\u76ee\u4e3b\u4efb\u6c49\u65af\u00b7\u514b\u91cc\u65af\u6ed5\u68ee\u5f53\u65f6\u8868\u793a\uff0c\u76ee\u524d\u90e8\u7f72\u5728\u6b27\u6d32\u7684\u7f8e\u56fd\u8f70\u70b8\u673a\u5177\u5907\u643a\u5e26\u6838\u6b66\u5668\u7684\u80fd\u529b\u3002", "events": [], "arguments": {"time": [], "loc": [], "country": [], "weapon": [{"text": "\u7f8e\u56fd\u8f70\u70b8\u673a", "offset": 36, "length": 5}]}}, {"sentence": "\u4ed6\u5728\u793e\u4ea4\u5a92\u4f53\u4e0a\u8bf4\uff1a\u201c\u8fd9\u662f\u4e00\u4e2a\u975e\u5e38\u4e0d\u5bfb\u5e38\u7684\u51b3\u5b9a\uff0c\u5c06\u4e00\u67b6\u6838\u8f70\u70b8\u673a\u6d3e\u5f80\u5982\u6b64\u63a5\u8fd1\u4e89\u8bae\u548c\u7d27\u5f20\u5730\u533a\u3002", "events": [], "arguments": {"time": [], "loc": [], "country": [], "weapon": [{"text": "\u6838\u8f70\u70b8\u673a", "offset": 26, "length": 4}]}}, {"sentence": "\u201d\u201c\u5b83\u4eec\uff08\u6307B-52\u8f70\u70b8\u673a\uff09\u5728\u6218\u4e89\u4e2d\u6c38\u8fdc\u4e0d\u53ef\u80fd\u98de\u5230\u8fd9\u4e48\u8fd1\uff0c\u6240\u4ee5\u8fd9\u662f\u4e00\u4e2a\u771f\u6b63\u7684\u3001\u5484\u5484\u903c\u4eba\u7684\u2018\u58f0\u660e\u2019\u3002", "events": [], "arguments": {"time": [], "loc": [], "country": [], "weapon": [{"text": "B-52\u8f70\u70b8\u673a", "offset": 6, "length": 7}]}}, {"sentence": "\u201d\u89c2\u5bdf\u4eba\u58eb\u79f0\u5728\u8ddd\u79bb\u514b\u91cc\u7c73\u4e9a\u8fb9\u5883\u4ec525\u516c\u91cc\u7684\u5730\u65b9\u53d1\u73b0\u4e86B-52\u8f70\u70b8\u673a\u3002", "events": [], "arguments": {"time": [], "loc": [], "country": [], "weapon": [{"text": "B-52\u8f70\u70b8\u673a", "offset": 26, "length": 7}]}}, {"sentence": "\u4e00\u5468\u524d\uff0c\u4e00\u652fB-52\u8f70\u70b8\u673a\u7f16\u961f\u98de\u8d8a\u4e86\u6240\u670930\u4e2a\u5317\u7ea6\u56fd\u5bb6\u4e0a\u7a7a\uff0c\u6b64\u6b21\u884c\u52a8\u88ab\u79f0\u4e3a\u201c\u76df\u519b\u5929\u7a7a\u201d\uff0c\u65e8\u5728\u5c55\u793a\u5317\u7ea6\u7684\u56e2\u7ed3\u3002", "events": [], "arguments": {"time": [], "loc": [], "country": [], "weapon": [{"text": "B-52\u8f70\u70b8\u673a", "offset": 6, "length": 7}]}}, {"sentence": "\u4f46\u57288\u670828\u65e5\u7f8e\u519b\u8f70\u70b8\u673a\u98de\u8d8a\u9ed1\u6d77\u4e0a\u7a7a\u65f6\uff0c\u906d\u5230\u4e86\u4e24\u67b6\u4fc4\u7f57\u65af\u82cf-27\u6218\u6597\u673a\u7684\u62e6\u622a\uff0c\u5176\u4e2d\u4e00\u67b6\u8ddd\u79bbB-52\u8f70\u70b8\u673a\u4e0d\u5230100\u82f1\u5c3a\uff08\u7ea6\u540830\u7c73\uff09\u3002", "events": [], "arguments": {"time": [], "loc": [], "country": [], "weapon": [{"text": "\u4fc4\u7f57\u65af\u82cf-27\u6218\u6597\u673a", "offset": 25, "length": 10}, {"text": "\u82cf-27\u6218\u6597\u673a", "offset": 28, "length": 7}, {"text": "B-52\u8f70\u70b8\u673a", "offset": 45, "length": 7}]}}, {"sentence": "\u7f8e\u56fd\u6b27\u6d32-\u975e\u6d32\u7a7a\u519b\u897f\u9675\u4e0d\u6307\u6325\u5b98\u6770\u592b\u00b7\u54c8\u91cc\u5409\u5b89\u5bf9\u6b64\u56de\u5e94\u8bf4\uff1a\u201c\u5f53\u4fc4\u7f57\u65af\u6218\u673a\u5728\u56fd\u9645\u7a7a\u57df\u98de\u884c\u65f6\uff0c\u4ed6\u4eec\u8fdd\u53cd\u4e86\u76f8\u5173\u7684\u98de\u884c\u5b89\u5168\u89c4\u5b9a\u3002", "events": [], "arguments": {"time": [], "loc": [], "country": [], "weapon": [{"text": "\u6218\u673a", "offset": 33, "length": 2}]}}, {"sentence": "\u6211\u4eec\u5e0c\u671b\u4ed6\u4eec\u80fd\u591f\u6309\u7167\u56fd\u9645\u5b89\u5168\u6807\u51c6\u98de\u884c\u3002", "events": [], "arguments": {"time": [], "loc": [], "country": [], "weapon": []}}, {"sentence": "\u201d", "events": [], "arguments": {"time": [], "loc": [], "country": [], "weapon": []}}]