[{"sentence": "\u53c8\u800d\u82b1\u62db\uff1f", "events": [], "arguments": {"time": [], "loc": [], "country": [], "weapon": []}}, {"sentence": "\uff01", "events": [], "arguments": {"time": [], "loc": [], "country": [], "weapon": []}}, {"sentence": "\u7f8e\u519b\u673a\u88ab\u66dd\u201c\u53d8\u8eab\u201d\u4fa6\u5bdf\u5357\u6d77\u2026\u2026", "events": [], "arguments": {"time": [], "loc": [], "country": [], "weapon": []}}, {"sentence": "\u4e3a\u62b5\u8fd1\u4e2d\u56fd\u4fa6\u5bdf", "events": [], "arguments": {"time": [], "loc": [], "country": [], "weapon": []}}, {"sentence": "\u7f8e\u519b\u53ef\u8c13\u4e0d\u9057\u4f59\u529b\u7ffb\u51fa\u5404\u79cd\u82b1\u6837", "events": [], "arguments": {"time": [], "loc": [], "country": [], "weapon": []}}, {"sentence": "\u5c31\u5728\u8fd1\u671f", "events": [], "arguments": {"time": [], "loc": [], "country": [], "weapon": []}}, {"sentence": "\u7f8e\u519b\u6539\u88c5\u201c\u5546\u52a1\u673a\u201d\u62b5\u8fd1\u6d59\u6c5f\u6cbf\u6d77\u65b9\u5411", "events": [], "arguments": {"time": [], "loc": [], "country": [], "weapon": [{"text": "\u201c\u5546\u52a1\u673a", "offset": 4, "length": 4}, {"text": "\u201d", "offset": 0, "length": 1}]}}, {"sentence": "\u65e5\u524d\u53c8\u88ab\u66dd\u51fa", "events": [], "arguments": {"time": [], "loc": [], "country": [], "weapon": []}}, {"sentence": "\u519b\u673a\u7591\u4f3c\u6302\u6c11\u822a\u7535\u7801\u6765\u5357\u6d77", "events": [], "arguments": {"time": [], "loc": [{"text": "\u5357\u6d77", "offset": 10, "length": 2}], "country": [], "weapon": [{"text": "\u519b\u673a", "offset": 0, "length": 2}]}}, {"sentence": "\u7f8e\u519b\u673a\u7591\u4f3c\u6302\u865a\u5047\u7535\u7801\u98de\u5357\u6d77", "events": [], "arguments": {"time": [], "loc": [], "country": [], "weapon": []}}, {"sentence": "\u56de\u7a0b\u201c\u73b0\u5f62\u201d", "events": [], "arguments": {"time": [], "loc": [], "country": [], "weapon": []}}, {"sentence": "9\u67083\u65e5\uff0c\u201c\u5357\u6d77\u6218\u7565\u6001\u52bf\u611f\u77e5\u8ba1\u5212\u201d\u5e73\u53f0\u53d1\u5e03\u6d88\u606f\u79f0\uff0c\u5f53\u5929\u4e0a\u53488\u65f6\u8bb8\uff0c\u4e00\u67b6\u7535\u7801\u4e3a07675C\u7684\u98de\u673a\u7ecf\u7531\u5df4\u58eb\u6d77\u5ce1\u7a7a\u57df\u8fdb\u5165\u5357\u6d77\uff0c\u540e\u4fe1\u53f7\u6d88\u5931\u3002", "events": [], "arguments": {"time": [{"text": "9\u67083\u65e5", "offset": 0, "length": 4}], "loc": [], "country": [], "weapon": [{"text": "\u98de\u673a", "offset": 45, "length": 2}]}}, {"sentence": "\u4e0b\u534815\u65f6\u8bb8\uff0c\u4fe1\u53f7\u77ed\u6682\u51fa\u73b0\u540e\u518d\u6b21\u6d88\u5931\uff0c\u7ee7\u800c\u51e0\u4e4e\u540c\u4e00\u4f4d\u7f6e\u51fa\u73b0\u4e86\u7535\u7801\u4e3aAE01CE\u7684\u7f8e\u7a7a\u519bRC-135W\u7535\u5b50\u4fa6\u5bdf\u673a\u3002", "events": [], "arguments": {"time": [], "loc": [], "country": [], "weapon": [{"text": "\u7f8e\u7a7a\u519bRC-135W\u7535\u5b50\u4fa6\u5bdf\u673a", "offset": 40, "length": 15}, {"text": "RC-135W\u7535\u5b50\u4fa6\u5bdf\u673a", "offset": 43, "length": 12}]}}, {"sentence": "\u7531\u6b64\uff0c\u5e73\u53f0\u63a8\u6d4b\uff0c\u8fd9\u67b6\u7f8e\u519b\u7535\u5b50\u4fa6\u5bdf\u673a\u91c7\u7528\u4e86\u865a\u5047\u7535\u7801\u8fdb\u5165\u5357\u6d77\uff0c\u5374\u5728\u56de\u7a0b\u65f6\u201c\u73b0\u5f62\u201d\u3002", "events": [], "arguments": {"time": [], "loc": [], "country": [], "weapon": [{"text": "\u7535\u5b50\u4fa6\u5bdf\u673a", "offset": 12, "length": 5}]}}, {"sentence": "\u7f8e\u519b\u673a\u5357\u6d77\u4e0a\u7a7a\u52a0\u6cb9", "events": [], "arguments": {"time": [], "loc": [], "country": [{"text": "\u7f8e\u519b", "offset": 0, "length": 2}], "weapon": []}}, {"sentence": "\u6216\u8fdb\u884c\u78e8\u5408\u6f14\u7ec3", "events": [], "arguments": {"time": [], "loc": [], "country": [], "weapon": []}}, {"sentence": "\u62a5\u9053\u8fd8\u63d0\u5230\uff0c9\u67083\u65e5\u4e0a\u5348\uff0c\u4e00\u67b6KC-135R\u52a0\u6cb9\u673a\u4ece\u5173\u5c9b\u7684\u5b89\u5fb7\u68ee\u7a7a\u519b\u57fa\u5730\u8d77\u98de\uff0c\u957f\u9014\u5954\u88ad\u524d\u5f80\u5357\u6d77\u4e0a\u7a7a\u4e3a\u7f8e\u519b\u673a\u63d0\u4f9b\u7a7a\u4e2d\u52a0\u6cb9\u3002", "events": [], "arguments": {"time": [], "loc": [], "country": [], "weapon": [{"text": "KC-135R\u52a0\u6cb9\u673a", "offset": 15, "length": 10}]}}, {"sentence": "\u62a5\u9053\u8ba4\u4e3a\u8fd9\u5e76\u4e0d\u5e38\u89c1\uff0c\u63a8\u6d4b\u53ef\u80fd\u662f\u5728\u8fdb\u884c\u7279\u5b9a\u7684\u78e8\u5408\u6f14\u7ec3\u3002", "events": [], "arguments": {"time": [], "loc": [], "country": [], "weapon": []}}, {"sentence": "\u636e\u7edf\u8ba1\uff0c\u4eca\u5e74\u4e0a\u534a\u5e74\u7f8e\u519b\u673a\u5728\u5357\u6d77\u6d3b\u52a8\u591a\u8fbe2000\u591a\u6b21\u3002", "events": [], "arguments": {"time": [], "loc": [], "country": [], "weapon": []}}, {"sentence": " \u8fd1\u671f\uff0c\u7f8e\u519b\u5728\u4e2d\u56fd\u8fd1\u6d77\u7684\u4fa6\u5bdf\u884c\u52a8\u66f4\u662f\u8fce\u6765\u5c0f\u9ad8\u6f6e\u3002", "events": [{"trigger": {"text": "\u4fa6\u5bdf\u884c\u52a8", "offset": 12, "length": 4}, "subject": {"text": "\u7f8e\u519b", "offset": 4, "length": 2}, "object": {"text": "", "offset": 0, "length": 0}}], "arguments": {"time": [], "loc": [], "country": [], "weapon": []}}, {"sentence": "\u4ec58\u670829\u65e5\u4e00\u5929\uff0c\u7f8e\u519b\u5c31\u6d3e\u51fa\u56db\u578b\u4fa6\u5bdf\u673a\u5206\u522b\u98de\u5411\u5df4\u58eb\u6d77\u5ce1\u3001\u53f0\u6e7e\u6d77\u5ce1\u3001\u4e1c\u6d77\u548c\u9ec4\u6d77\u8fdb\u884c\u4fa6\u5bdf\u6d3b\u52a8\u3002", "events": [], "arguments": {"time": [], "loc": [], "country": [], "weapon": []}}, {"sentence": "\u4e13\u5bb6\u5206\u6790\uff1a\u9690\u853d\u4fa6\u5bdf\uff0c\u6076\u610f\u6ee1\u6ee1", "events": [], "arguments": {"time": [], "loc": [], "country": [], "weapon": []}}, {"sentence": "\u7f8e\u7a7a\u519bRC-135W\u4fa6\u5bdf\u673a\u7591\u4f3c\u6302\u6c11\u822a\u7535\u7801\u8fdb\u5165\u5357\u6d77\uff0c\u4ece\u65e9\u4e0a8\u70b9\u5230\u4e0b\u534815\u70b9\uff0c7\u4e2a\u5c0f\u65f6\u6709\u53ef\u80fd\u5e72\u4e86\u4ec0\u4e48\uff1f", "events": [], "arguments": {"time": [], "loc": [], "country": [], "weapon": [{"text": "RC-135W\u4fa6\u5bdf\u673a", "offset": 3, "length": 10}]}}, {"sentence": "\u519b\u4e8b\u4e13\u5bb6\u675c\u6587\u9f99\u8ba4\u4e3a\uff1a", "events": [], "arguments": {"time": [], "loc": [], "country": [], "weapon": []}}, {"sentence": "\u4e00\u662f\u6b3a\u9a97\u6027\u7684\u4fa6\u5bdf\u3002", "events": [], "arguments": {"time": [], "loc": [], "country": [], "weapon": []}}, {"sentence": " \u7f8e\u519b\u673a\u523b\u610f\u4f2a\u88c5\uff0c\u6781\u5177\u6b3a\u9a97\u6027\uff0c\u5f88\u53ef\u80fd\u8ba9\u5357\u6d77\u5468\u8fb9\u56fd\u5bb6\u7684\u7a7a\u7ba1\u7cfb\u7edf\u5c06\u5176\u5f53\u4f5c\u4e00\u67b6\u6c11\u822a\u673a\u3002", "events": [], "arguments": {"time": [], "loc": [], "country": [], "weapon": []}}, {"sentence": "\u800c\u7f8e\u519b\u7535\u5b50\u4fa6\u5bdf\u673a\uff0c\u4e0d\u4ec5\u5728\u5357\u6d77\u610f\u56fe\u5bf9\u4e2d\u56fd\u8fdb\u884c\u4fa6\u5bdf\uff0c\u5468\u56f4\u56fd\u5bb6\u4e5f\u662f\u5176\u4fa6\u5bdf\u76ee\u6807\u3002", "events": [], "arguments": {"time": [], "loc": [], "country": [], "weapon": [{"text": "\u7535\u5b50\u4fa6\u5bdf\u673a", "offset": 3, "length": 5}]}}, {"sentence": "RC-135W\u7684\u7a7a\u4e2d\u4fa6\u5bdf\u80fd\u529b\u6781\u5f3a\uff0c\u4e0d\u4ec5\u53ef\u4ee5\u901a\u8fc7\u7ea2\u5916\u3001\u96f7\u8fbe\u7b49\u591a\u79cd\u65b9\u5f0f\u7efc\u5408\u5b9a\u4f4d\u5206\u6790\u76ee\u6807\uff0c\u8fd8\u80fd\u5bf9\u624b\u673a\u4fe1\u53f7\u548c\u519b\u7528\u96f7\u8fbe\u957f\u6ce2\u4fe1\u53f7\u8fdb\u884c\u4fa6\u5bdf\u3002", "events": [], "arguments": {"time": [], "loc": [], "country": [], "weapon": [{"text": "RC-135W", "offset": 0, "length": 7}]}}, {"sentence": "\u5982\u679cRC-135W\u91c7\u53d6\u6b3a\u9a97\u624b\u6bb5\uff0c\u6700\u5927\u9650\u5ea6\u5730\u9760\u8fd1\u5bf9\u65b9\u9886\u7a7a\uff0c\u4fa6\u5bdf\u6548\u679c\u4f1a\u66f4\u5f3a\u3002", "events": [], "arguments": {"time": [], "loc": [], "country": [], "weapon": [{"text": "RC-135W", "offset": 2, "length": 7}]}}, {"sentence": "\u4e8c\u662f\u6076\u610f\u4fa6\u5bdf\u3002", "events": [], "arguments": {"time": [], "loc": [], "country": [], "weapon": []}}, {"sentence": " \u7f8e\u519b\u673a\u7535\u7801\u4f2a\u88c5\u6210\u6c11\u822a\u98de\u673a\u7535\u7801\uff0c\u5f88\u6709\u53ef\u80fd\u5bfc\u81f4\u8bef\u5224\uff0c\u5bf9\u5357\u6d77\u4e0a\u7a7a\u98de\u884c\u7684\u6240\u6709\u6c11\u822a\u98de\u673a\u6784\u6210\u8f83\u5927\u5a01\u80c1\uff0c\u4e00\u65e6\u88ab\u5468\u8fb9\u56fd\u5bb6\u5224\u65ad\u4e3a\u5165\u4fb5\u884c\u4e3a\uff0c\u6781\u6613\u9020\u6210\u6b66\u5668\u8bef\u51fb\uff0c\u917f\u6210\u60b2\u5267\u3002", "events": [], "arguments": {"time": [], "loc": [], "country": [], "weapon": [{"text": "\u6c11\u822a\u98de\u673a", "offset": 35, "length": 4}]}}, {"sentence": "\u7f8e\u56fd\u6d3e\u5404\u578b\u519b\u673a\u98de\u6765\u5357\u6d77\uff0c\u610f\u6b32\u5f62\u6210\u519b\u4e8b\u5a01\u6151\u80fd\u529b\u3002", "events": [], "arguments": {"time": [], "loc": [], "country": [], "weapon": [{"text": "\u519b\u673a", "offset": 5, "length": 2}]}}, {"sentence": "\u867d\u7136\u7f8e\u519b\u5728\u5357\u6d77\u8fdb\u884c\u5982\u6b64\u9ad8\u9891\u7387\u4fa6\u5bdf\uff0c\u4f46\u6211\u4eec\u6709\u8db3\u591f\u7684\u80fd\u529b\u53bb\u5e94\u5bf9\uff0c\u5305\u62ec\u76f8\u5e94\u7684\u53cd\u4fa6\u5bdf\u3001\u53cd\u5e72\u6270\u624b\u6bb5\u3002", "events": [], "arguments": {"time": [], "loc": [], "country": [], "weapon": []}}, {"sentence": "\u6765\u6e90\uff1aCCTV-7\u300a\u6b63\u5348\u56fd\u9632\u519b\u4e8b\u300b\u3001CCTV-4\u300a\u4eca\u65e5\u5173\u6ce8\u300b", "events": [], "arguments": {"time": [], "loc": [], "country": [], "weapon": [{"text": "CCTV-7", "offset": 3, "length": 6}, {"text": "CCTV-4", "offset": 18, "length": 6}]}}]