[{"sentence": "\u56fd\u9645\u519b\u4e8b\u6bd4\u8d5b-2020\uff1a\u4e2d\u56fd\u961f\u83b7\u201c\u5766\u514b\u4e24\u9879\u201d\u63a5\u529b\u8d5b\u4e9a\u519b", "events": [], "arguments": {"time": [], "loc": [], "country": [], "weapon": []}}, {"sentence": "9\u67085\u65e5\uff0c\u56fd\u9645\u519b\u4e8b\u6bd4\u8d5b-2020\u201c\u5766\u514b\u4e24\u9879\u201d\u63a5\u529b\u8d5b\u51b3\u8d5b\u5728\u83ab\u65af\u79d1\u90ca\u5916\u7684\u963f\u62c9\u6bd4\u8bfa\u9776\u573a\u8fdb\u884c\uff0c\u4e2d\u56fd\u961f\u4ee524\u53d1\u76ee\u6807\u5168\u90e8\u547d\u4e2d\u7684\u6210\u7ee9\u83b7\u5f97\u4e86\u4e9a\u519b\uff0c\u4fc4\u7f57\u65af\u961f\u548c\u767d\u4fc4\u7f57\u65af\u961f\u5206\u522b\u83b7\u5f97\u4e86\u51a0\u519b\u548c\u5b63\u519b\u3002", "events": [], "arguments": {"time": [], "loc": [], "country": [], "weapon": []}}, {"sentence": "\u201c\u5766\u514b\u4e24\u9879\u201c\u63a5\u529b\u8d5b\u6bcf\u961f\u7531\u4e09\u7ec4\u9009\u624b\u7ec4\u6210\uff0c\u6bcf\u7ec4\u9009\u624b\u8981\u9a7e\u9a76\u5766\u514b\u5b8c\u62104\u5708\u7684\u6bd4\u8d5b\uff0c\u8de8\u8d8a\u5d16\u58c1\u3001\u571f\u5cad\u3001\u8f66\u8f99\u6865\u3001\u6d89\u6c34\u573a\u7b49\u969c\u788d\uff0c\u5e76\u5b8c\u6210\u706b\u70ae\u548c\u673a\u67aa\u5c04\u51fb\u7b49\u4efb\u52a1\u3002", "events": [], "arguments": {"time": [], "loc": [], "country": [], "weapon": [{"text": "\u5766\u514b", "offset": 26, "length": 2}]}}, {"sentence": "\u672c\u6b21\u6bd4\u8d5b\u4e2d\uff0c\u4e2d\u56fd\u961f\u643a96B\u578b\u5766\u514b\u53c2\u8d5b\u3002", "events": [], "arguments": {"time": [], "loc": [], "country": [], "weapon": [{"text": "96B\u578b\u5766\u514b", "offset": 10, "length": 6}]}}, {"sentence": "\uff08\u539f\u9898\u4e3a\u300a\u4e2d\u56fd\u961f\u5728\u56fd\u9645\u519b\u4e8b\u6bd4\u8d5b-2020\u201c\u5766\u514b\u4e24\u9879\u201d\u63a5\u529b\u8d5b\u4e2d\u83b7\u5f97\u4e9a\u519b\u300b\uff09", "events": [], "arguments": {"time": [], "loc": [], "country": [], "weapon": []}}, {"sentence": "(\u672c\u6587\u6765\u81ea\u6f8e\u6e43\u65b0\u95fb\uff0c\u66f4\u591a\u539f\u521b\u8d44\u8baf\u8bf7\u4e0b\u8f7d\u201c\u6f8e\u6e43\u65b0\u95fb\u201dAPP)", "events": [], "arguments": {"time": [], "loc": [], "country": [], "weapon": []}}]