[{"sentence": "\u7f8e\u5a92\uff1a\u4e3a\u8d76\u4e0a\u4e2d\u56fd\uff0c\u5370\u5ea6\u96c4\u5fc3\u52c3\u52c3\u7740\u624b\u5efa\u9020\u201c\u56fd\u4ea7\u201d\u6f5c\u8247", "events": [], "arguments": {"time": [], "loc": [], "country": [], "weapon": [{"text": "\u201c\u56fd\u4ea7\u201d\u6f5c\u8247", "offset": 19, "length": 6}]}}, {"sentence": "\u3010\u73af\u7403\u7f51\u62a5\u9053 \u8bb0\u8005 \u5f90\u7490\u660e\u3011", "events": [], "arguments": {"time": [], "loc": [], "country": [], "weapon": []}}, {"sentence": "\u636e\u7f8e\u56fd\u300a\u56fd\u5bb6\u5229\u76ca\u300b\u6742\u5fd7\u7f51\u7ad99\u67083\u65e5\u62a5\u9053\uff0c\u5370\u5ea6\u519b\u65b9\u8fd1\u5e74\u8d8a\u6765\u8d8a\u591a\u5730\u5bfb\u6c42\u56fd\u4ea7\u6b66\u5668\u88c5\u5907\uff0c\u6700\u65b0\u7684\u6d88\u606f\u663e\u793a\uff0c\u5370\u5ea6\u5e0c\u671b\u91c7\u8d2d6\u8258\u201c\u56fd\u4ea7\u201d\u6f5c\u8247\u3002", "events": [{"trigger": {"text": "\u91c7\u8d2d", "offset": 52, "length": 2}, "subject": {"text": "\u5370\u5ea6", "offset": 48, "length": 2}, "object": {"text": "6\u8258\u201c\u56fd\u4ea7\u201d\u6f5c\u8247", "offset": 54, "length": 8}}], "arguments": {"time": [{"text": "9\u67083\u65e5", "offset": 13, "length": 4}], "loc": [], "country": [], "weapon": []}}, {"sentence": "\u62a5\u9053\u79f0\uff0c\u5370\u5ea6\u653f\u5e9c\u65e0\u4e0a\u4e2a\u6708\u516c\u5e03\u4e86101\u79cd\u6b66\u5668\u88c5\u5907\u7684\u6e05\u5355\uff0c\u5c06\u4ece\u8fd1\u5e7412\u6708\u5f00\u59cb\u9010\u6b65\u7981\u6b62\u8fdb\u53e3\u8fd9\u4e9b\u6b66\u5668\u7cfb\u7edf\uff0c\u800c\u5370\u5ea6\u8fd9\u4e48\u505a\u662f\u4e3a\u4e86\u53d1\u5c55\u56fd\u5185\u6b66\u5668\u5de5\u4e1a\u3002", "events": [], "arguments": {"time": [], "loc": [], "country": [{"text": "\u5370\u5ea6", "offset": 50, "length": 2}], "weapon": []}}, {"sentence": "\u81ea2015\u5e74\u4ee5\u6765\uff0c\u5370\u5ea6\u5728\u6b66\u5668\u8fdb\u53e3\u4e0a\u4ec5\u6b21\u4e8e\u6c99\u7279\u963f\u62c9\u4f2f\u3002", "events": [], "arguments": {"time": [], "loc": [], "country": [], "weapon": []}}, {"sentence": "\u800c\u73b0\u5728\uff0c\u4ece\u72d9\u51fb\u6b65\u67aa\u3001\u98de\u673a\u5230\u519b\u8230\uff0c\u5370\u5ea6\u519b\u65b9\u90fd\u8d8a\u6765\u8d8a\u591a\u5730\u5bfb\u6c42\u56fd\u4ea7\u88c5\u5907\uff0c\u201c\u5149\u8f89\u201d\u6218\u6597\u673a\u5c31\u662f\u4e00\u4e2a\u5f88\u597d\u7684\u4f8b\u5b50\u3002", "events": [], "arguments": {"time": [], "loc": [], "country": [], "weapon": [{"text": "\u72d9\u51fb\u6b65\u67aa", "offset": 5, "length": 4}, {"text": "\u98de\u673a", "offset": 10, "length": 2}, {"text": "\u519b\u8230", "offset": 13, "length": 2}, {"text": "\u201c\u5149\u8f89\u201d\u6218\u6597\u673a", "offset": 33, "length": 7}]}}, {"sentence": "\u540c\u65f6\uff0c\u5370\u5ea6\u6b63\u5bfb\u6c42\u6269\u5927\u5176\u6d77\u519b\u90e8\u961f\uff0c\u5305\u62ec\u5efa\u9020\u4e86\u9996\u8258\u56fd\u4ea7\u822a\u6bcd\u3002", "events": [], "arguments": {"time": [], "loc": [], "country": [], "weapon": [{"text": "\u822a\u6bcd", "offset": 25, "length": 2}]}}, {"sentence": "\u62a5\u9053\u79f0\uff0c\u8fd9\u5bf9\u4e8e\u65b0\u5fb7\u91cc\u6765\u8bf4\u662f\u5fc5\u8981\u7684\uff0c\u53ef\u4ee5\u6709\u6548\u5730\u63a7\u5236\u5370\u5ea6\u6d0b\u3002", "events": [], "arguments": {"time": [], "loc": [], "country": [], "weapon": []}}, {"sentence": "\u62a5\u9053\u79f0\uff0c\u4e3a\u4e86\u5e94\u5bf9\u6d77\u4e0a\u5a01\u80c1\u4ee5\u53ca\u4e3a\u7f29\u5c0f\u4e0e\u4e2d\u56fd\u5728\u6d77\u519b\u7684\u5b9e\u529b\u5dee\u8ddd\uff0c\u5370\u5ea6\u6d77\u519b\u5c06\u5728\u4e0b\u4e2a\u6708\u5f00\u542f\u4e00\u9879\u96c4\u5fc3\u52c3\u52c3\u7684\u9879\u76ee\u7ade\u6807\uff0c\u8be5\u9879\u76ee\u5c06\u5efa\u90206\u8258\u56fd\u4ea7\u6f5c\u8247\u3002", "events": [], "arguments": {"time": [], "loc": [], "country": [], "weapon": [{"text": "\u6f5c\u8247", "offset": 62, "length": 2}]}}, {"sentence": "\u8fd9\u4e9b\u6f5c\u8247\u5c06\u5728\u5370\u5ea6\u5efa\u9020\uff0c\u5e76\u9075\u5faa\u5370\u5ea6\u56fd\u9632\u90e8\u7684\u6218\u7565\u4f19\u4f34\u5173\u7cfb\u6a21\u5f0f\uff0c\u63d0\u5347\u56fd\u4ea7\u5316\u80fd\u529b\uff0c\u51cf\u5c11\u5bf9\u8fdb\u53e3\u88c5\u5907\u7684\u4f9d\u8d56\u3002", "events": [], "arguments": {"time": [], "loc": [], "country": [], "weapon": [{"text": "\u6f5c\u8247", "offset": 2, "length": 2}]}}, {"sentence": "\u53e6\u636e\u201c\u6d77\u519b\u60c5\u62a5\u7f51\u201d\u7684\u62a5\u9053\uff0c\u8be5\u9879\u76ee\u7684\u6295\u6807\u8bf7\u6c42\u88ab\u5ba3\u4f20\u4e3a\u8fc4\u4eca\u4e3a\u6b62\u6700\u5927\u7684\u201c\u5370\u5ea6\u5236\u9020\u201d\u9879\u76ee\u4e4b\u4e00\u3002", "events": [], "arguments": {"time": [], "loc": [], "country": [], "weapon": []}}, {"sentence": "\u6295\u6807\u8bf7\u6c42\u4e66\u5c06\u572810\u6708\u4efd\u516c\u5e03\uff0c\u73b0\u5728\u5df2\u6709\u4e24\u5bb6\u5370\u5ea6\u9020\u8239\u4f01\u4e1a\u5165\u56f4\uff0c\u5206\u522b\u662f\u5370\u5ea6\u62c9\u68ee\u7279\u535a\u6d1b (L&T) \u96c6\u56e2\u548c\u9a6c\u624e\u5188\u8239\u575e\u6709\u9650\u516c\u53f8(Mazagaondocks )\uff0c\u5165\u56f4\u9632\u52a1\u5408\u4f5c\u4f19\u4f34\u7684\u7684\u5916\u56fd\u516c\u53f8\u5305\u62ec\u5fb7\u56fd\u7684\u8482\u68ee\u514b\u864f\u4f2f\u6d77\u6d0b\u7cfb\u7edf\u516c\u53f8\u3001\u897f\u73ed\u7259\u7684\u7eb3\u4e07\u63d0\u4e9a\u516c\u53f8\u548c\u6cd5\u56fd\u7684\u6d77\u519b\u96c6\u56e2\u7b49\u3002", "events": [], "arguments": {"time": [], "loc": [], "country": [], "weapon": []}}, {"sentence": "\u65b0\u578b\u6f5c\u8247\u9879\u76ee\u4ee3\u53f7\u4e3aP-75I\uff0c\u4f46\u8fd9\u4e0d\u4f1a\u662f\u4e00\u6b3e\u65b0\u7ea7\u522b\u7684\u6f5c\u8247\uff0c\u800c\u662f\u53e6\u5916\u589e\u52a0\u5efa\u90206\u8258\u201c\u9c89\u9c7c\u201d\u7ea7(Scorpene)\u6f5c\u8247\uff0c\u8fd9\u79cd\u6f5c\u8247\u662f\u6cd5\u56fd\u548c\u897f\u73ed\u7259\u4e3a\u51fa\u53e3\u56fd\u9645\u5e02\u573a\u800c\u63a8\u51fa\u7684\u4e00\u578b\u5e38\u89c4\u52a8\u529b\u6f5c\u8247\u3002", "events": [], "arguments": {"time": [], "loc": [], "country": [], "weapon": [{"text": "\u201c\u9c89\u9c7c\u201d\u7ea7(Scorpene)\u6f5c", "offset": 39, "length": 16}, {"text": "P-75I", "offset": 9, "length": 5}, {"text": "\u201c\u9c89\u9c7c\u201d\u7ea7(Scorpene)\u6f5c\u8247", "offset": 39, "length": 17}]}}, {"sentence": "\u8fd9\u6b3e\u6f5c\u8247\u5c06\u662f\u5370\u5ea6\u201c\u5361\u5c14\u74e6\u91cc\u201d\u7ea7\uff08\u201c\u5361\u5c14\u74e6\u91cc\u201d\u53f7\u662f\u5370\u5ea6\u201c\u9c89\u9c7c\u201d\u7ea7\u6f5c\u8247\u7684\u9996\u8247\uff09\u7684\u540e\u7eed\u578b\u53f7\uff0c6\u8258\u6f5c\u8247\u7684\u5f00\u53d1\u5de5\u4f5c\u5c06\u57282022\u5e74\u5b8c\u6210\u3002", "events": [], "arguments": {"time": [], "loc": [], "country": [], "weapon": [{"text": "\u201c\u5361\u5c14\u74e6\u91cc\u201d\u7ea7", "offset": 8, "length": 7}, {"text": "\u201c\u9c89\u9c7c\u201d\u7ea7\u6f5c\u8247", "offset": 26, "length": 7}]}}]