[{"sentence": "\u7f8e\u519b\u4e00\u4e2a\u6708\u5185\u518d\u6b21\u8bd5\u5c04\u6c11\u51753\u6d32\u9645\u5bfc\u5f39\u00a0\u79f0\u201c\u6709\u75ab\u60c5\u4e5f\u8981\u786e\u4fdd\u5a01\u6151\u529b\u201d", "events": [], "arguments": {"time": [], "loc": [], "country": [], "weapon": [{"text": "\u6c11\u51753\u6d32\u9645\u5bfc\u5f39", "offset": 10, "length": 7}]}}, {"sentence": "\u3010\u73af\u7403\u7f51\u62a5\u9053 \u8bb0\u8005 \u5f90\u7490\u660e\u3011", "events": [], "arguments": {"time": [], "loc": [], "country": [], "weapon": []}}, {"sentence": "\u5728\u4e0d\u5230\u4e00\u4e2a\u6708\u7684\u65f6\u95f4\u5185\uff0c\u7f8e\u56fd\u7a7a\u519b\u518d\u6b21\u8bd5\u5c04\u4e86\u4e00\u679a\u201c\u6c11\u5175\u201d3\u578b\u6d32\u9645\u5f39\u9053\u5bfc\u5f39\u3002", "events": [{"trigger": {"text": "\u8bd5\u5c04", "offset": 17, "length": 2}, "subject": {"text": "\u7f8e\u56fd\u7a7a\u519b", "offset": 11, "length": 4}, "object": {"text": "\u201c\u6c11\u5175\u201d3\u578b\u6d32\u9645\u5f39\u9053\u5bfc\u5f39", "offset": 22, "length": 12}}], "arguments": {"time": [], "loc": [], "country": [], "weapon": [{"text": "\u201c\u6c11\u5175\u201d3\u578b\u6d32\u9645\u5f39\u9053\u5bfc\u5f39", "offset": 22, "length": 12}]}}, {"sentence": "\u636e\u7f8e\u56fd\u7a7a\u519b9\u67082\u65e5\u53d1\u5e03\u7684\u6d88\u606f\uff0c\u7f8e\u56fd\u7a7a\u519b\u5168\u7403\u6253\u51fb\u53f8\u4ee4\u90e8\u4e8e\u5f53\u5730\u65f6\u95f49\u67082\u65e50\u70b903\u5206\u5728\u52a0\u5229\u798f\u5c3c\u4e9a\u5dde\u7684\u8303\u767b\u5821\u7a7a\u519b\u57fa\u5730\u53d1\u5c04\u4e86\u4e00\u679a\u672a\u88c5\u836f\u7684\u201c\u6c11\u5175\u201d3\u578b\u6d32\u9645\u5f39\u9053\u5bfc\u5f39\u3002", "events": [], "arguments": {"time": [{"text": "9\u67082\u65e50\u70b903\u5206", "offset": 31, "length": 9}], "loc": [{"text": "\u52a0\u5229\u798f\u5c3c\u4e9a\u5dde\u7684\u8303\u767b\u5821\u7a7a\u519b\u57fa\u5730", "offset": 41, "length": 14}], "country": [{"text": "\u7f8e\u56fd", "offset": 15, "length": 2}], "weapon": [{"text": "\u201c\u6c11\u5175\u201d3\u578b\u6d32\u9645\u5f39\u9053\u5bfc\u5f39", "offset": 64, "length": 12}]}}, {"sentence": "\u8fd9\u679a\u5bfc\u5f39\u7684\u518d\u5165\u98de\u884c\u5668\u5728\u98de\u884c\u5927\u7ea64200\u82f1\u91cc\uff08\u7ea66759\u516c\u91cc\uff09\u540e\u8fbe\u5230\u9a6c\u7ecd\u5c14\u7fa4\u5c9b\u7684\u5938\u8d3e\u6797\u73af\u7901\u3002", "events": [], "arguments": {"time": [], "loc": [], "country": [], "weapon": [{"text": "\u5bfc\u5f39", "offset": 2, "length": 2}]}}, {"sentence": "\u7f8e\u56fd\u7a7a\u519b\u5728\u65b0\u95fb\u7a3f\u4e2d\u79f0\uff0c\u8fd9\u6b21\u8bd5\u5c04\u8868\u660e\uff0c\u7f8e\u56fd\u7684\u6838\u5a01\u6151\u529b\u91cf\u662f\u5b89\u5168\u3001\u53ef\u9760\u3001\u6709\u6548\u7684\uff0c\u8bd5\u5c04\u4e0d\u662f\u5bf9\u4e16\u754c\u8303\u56f4\u5185\u7684\u7279\u5b9a\u4e8b\u4ef6\u6216\u662f\u5730\u533a\u7d27\u5f20\u5c40\u52bf\u7684\u56de\u5e94\u3002", "events": [], "arguments": {"time": [], "loc": [], "country": [], "weapon": []}}, {"sentence": "\u7f8e\u56fd\u7a7a\u519b\u7b2c576\u98de\u884c\u6d4b\u8bd5\u4e2d\u961f\u6307\u6325\u5b98\u5965\u9a6c\u5c14\u00b7\u79d1\u5c14\u4f2f\u7279\u4e0a\u6821\u8bf4:\u201c\u8fd9\u6b21\u4f5c\u6218\u6d4b\u8bd5\u53d1\u5c04\u662f\u51e0\u4e2a\u6708\u8270\u82e6\u5de5\u4f5c\u548c\u51c6\u5907\u6210\u679c\uff0c\u6d89\u53ca\u591a\u4e2a\u5408\u4f5c\u4f19\u4f34\u3002", "events": [], "arguments": {"time": [], "loc": [], "country": [], "weapon": []}}, {"sentence": "\u201d\u201c\u8fd9\u9879\u4efb\u52a1\u770b\u8d77\u6765\u5bb9\u6613\uff0c\u4f46\u5b9e\u9645\u60c5\u51b5\u5e76\u975e\u5982\u6b64\u3002", "events": [], "arguments": {"time": [], "loc": [], "country": [], "weapon": []}}, {"sentence": "\u201d", "events": [], "arguments": {"time": [], "loc": [], "country": [], "weapon": []}}, {"sentence": "\u6b64\u6b21\u8bd5\u5c04\u7684\u8fd9\u679a\u5bfc\u5f39\u6765\u81ea\u7f8e\u56fd\u7a7a\u519b\u7b2c91\u5bfc\u5f39\u8054\u961f\uff0c\u4f46\u53d7\u65b0\u51a0\u80ba\u708e\u75ab\u60c5\u5f71\u54cd\uff0c\u5bfc\u5f39\u7684\u7ef4\u62a4\u5de5\u4f5c\u7531\u7b2c91\u548c\u7b2c90\u5bfc\u5f39\u8054\u961f\u7684\u6280\u672f\u4eba\u5458\u5171\u540c\u6267\u884c\uff0c\u8d1f\u8d23\u5bfc\u5f39\u6d4b\u8bd5\u5de5\u4f5c\u7684\u4eba\u5458\u5219\u662f\u6765\u81ea\u7b2c576\u98de\u884c\u6d4b\u8bd5\u4e2d\u961f\u3002", "events": [], "arguments": {"time": [], "loc": [], "country": [], "weapon": [{"text": "\u5bfc\u5f39", "offset": 65, "length": 2}]}}, {"sentence": "\u7f8e\u56fd\u7a7a\u519b\u79f0\uff0c\u8fd9\u8868\u660e\u5373\u4f7f\u5728\u65b0\u51a0\u80ba\u708e\u75ab\u60c5\u5927\u6d41\u884c\u671f\u95f4\uff0c\u7f8e\u56fd\u7a7a\u519b\u5168\u7403\u6253\u51fb\u53f8\u4ee4\u90e8\u4ecd\u4fdd\u6301\u4e0d\u540c\u7a0b\u5ea6\u7684\u5197\u4f59\u80fd\u529b\uff0c\u4ee5\u786e\u4fdd\u5a01\u6151\u529b\u3002", "events": [], "arguments": {"time": [], "loc": [], "country": [], "weapon": []}}, {"sentence": "\u636e\u6089\uff0c\u8fd9\u662f\u7f8e\u56fd\u5728\u4e0d\u5230\u4e00\u4e2a\u6708\u7684\u65f6\u95f4\u5185\u7b2c\u4e8c\u6b21\u8bd5\u5c04\u201c\u6c11\u5175\u201d3\u5bfc\u5f39\u3002", "events": [], "arguments": {"time": [], "loc": [], "country": [], "weapon": [{"text": "\u201c\u6c11\u5175\u201d3\u5bfc\u5f39", "offset": 22, "length": 7}]}}, {"sentence": "\u7f8e\u56fd\u7a7a\u519b\u66fe\u57288\u67084\u65e5\u51cc\u6668\u53d1\u5c04\u4e86\u4e00\u679a\u201c\u6c11\u5175\u201d3\u6d32\u9645\u5f39\u9053\u5bfc\u5f39\uff0c\u800c\u5f53\u65f6\u7684\u53d1\u5c04\u8fd8\u6709\u4e24\u4e2a\u4e0d\u540c\u5bfb\u5e38\u7684\u5730\u65b9\uff1a\u4e00\u662f\u6b64\u6b21\u53d1\u5c04\u662f\u4ece\u201c\u672b\u65e5\u98de\u673a\u201d\u4e0a\u8fdb\u884c\u8fdc\u7a0b\u63a7\u5236\uff0c\u4e8c\u662f\u6240\u53d1\u5c04\u8fd9\u679a\u5bfc\u5f39\u642d\u8f7d\u4e863\u5177\u7528\u4e8e\u88c5\u914d\u6838\u5f39\u5934\u7684\u518d\u5165\u98de\u884c\u5668\u3002", "events": [], "arguments": {"time": [], "loc": [], "country": [], "weapon": [{"text": "\u201c\u6c11\u5175\u201d3\u6d32\u9645\u5f39\u9053\u5bfc\u5f39", "offset": 17, "length": 11}, {"text": "\u201c\u672b\u65e5\u98de\u673a", "offset": 55, "length": 5}]}}, {"sentence": "\u5f53\u65f6\u6709\u7f8e\u56fd\u5a92\u4f53\u5206\u6790\uff0c\u8fd9\u6b21\u8bd5\u5c04\u5f88\u6709\u53ef\u80fd\u662f\u5bf9\u201c\u6c11\u5175\u201d3\u5bfc\u5f39\u591a\u5f39\u5934\u80fd\u529b\u7684\u4e00\u6b21\u6d4b\u8bd5\uff0c\u4e5f\u662f\u5411\u4fc4\u7f57\u65af\u4f20\u9012\u4e00\u4e2a\u4fe1\u606f\uff1a\u5982\u679c\u6ca1\u6709\u65b0\u7684\u6218\u7565\u6b66\u5668\u9650\u5236\u6761\u7ea6\uff0c\u7f8e\u56fd\u7684\u9646\u57fa\u6838\u5a01\u6151\u529b\u91cf\u5c06\u53d8\u5f97\u66f4\u5177\u6bc1\u706d\u6027\u3002", "events": [], "arguments": {"time": [], "loc": [], "country": [], "weapon": [{"text": "\u201c\u6c11\u5175\u201d3\u5bfc\u5f39", "offset": 20, "length": 7}]}}]