[{"sentence": "\u5916\u8d38\u7248\u82cf57\u6218\u673a\u5373\u5c06\u5f00\u552e\u00a0\u4fc4\u65b9\u900f\u9732\u591a\u4e2a\u56fd\u5bb6\u5df2\u63d0\u51fa\u8d2d\u4e70\u7533\u8bf7", "events": [], "arguments": {"time": [], "loc": [], "country": [], "weapon": [{"text": "\u82cf57\u6218\u673a", "offset": 3, "length": 5}]}}, {"sentence": "\u3010\u73af\u7403\u7f51\u62a5\u9053 \u8bb0\u8005 \u5f90\u7490\u660e\u3011", "events": [], "arguments": {"time": [], "loc": [], "country": [], "weapon": []}}, {"sentence": "\u636e\u7f8e\u56fd\u300a\u56fd\u5bb6\u5229\u76ca\u300b\u6742\u5fd7\u7f51\u7ad99\u67082\u65e5\u62a5\u9053\uff0c\u4fc4\u7f57\u65af\u5373\u5c06\u63d0\u4f9b\u5916\u8d38\u7248\u7684\u82cf-57\u6218\u6597\u673a\uff0c\u5728\u4fc4\u7f57\u65af\u519b\u961f\u7684\u8ba2\u5355\u5b8c\u6210\u540e\uff0c\u5916\u56fd\u5ba2\u6237\u7684\u9700\u6c42\u91cf\u53ef\u80fd\u4f1a\u589e\u52a0\u3002", "events": [{"trigger": {"text": "\u63d0\u4f9b", "offset": 25, "length": 2}, "subject": {"text": "\u4fc4\u7f57\u65af", "offset": 40, "length": 3}, "object": {"text": "\u5916\u8d38\u7248\u7684\u82cf-57\u6218\u6597\u673a", "offset": 27, "length": 11}}], "arguments": {"time": [{"text": "9\u67082\u65e5", "offset": 13, "length": 4}], "loc": [], "country": [], "weapon": [{"text": "\u82cf-57\u6218\u6597\u673a", "offset": 31, "length": 7}]}}, {"sentence": "\u62a5\u9053\u79f0\uff0c\u82cf-57\u6218\u6597\u673a\u7684\u7814\u53d1\u5e76\u975e\u4e00\u5e06\u98ce\u987a\uff0c\u53bb\u5e7412\u6708\u5e95\u9996\u6279\u91cf\u4ea7\u578b\u7684\u4e00\u67b6\u82cf-57\u6218\u6597\u673a\u5728\u4e00\u6b21\u8bad\u7ec3\u6d4b\u8bd5\u4e2d\u5760\u6bc1\u3002", "events": [{"trigger": {"text": "\u5760\u6bc1", "offset": 50, "length": 2}, "subject": {"text": "\u82cf-57\u6218\u6597\u673a", "offset": 35, "length": 7}, "object": {"text": "", "offset": 0, "length": 0}}], "arguments": {"time": [], "loc": [], "country": [], "weapon": [{"text": "\u82cf-57\u6218\u6597\u673a", "offset": 35, "length": 7}]}}, {"sentence": "\u4e0a\u5468\u4e8c\uff0c\u6709\u4fc4\u7f57\u65af\u5b98\u65b9\u5a92\u4f53\u62a5\u9053\u79f0\uff0c\u83ab\u65af\u79d1\u5c06\u63d0\u4f9b\u82cf-57\u6218\u6597\u673a\u7528\u4e8e\u51fa\u53e3\uff0c\u9884\u8ba1\u5728\u4fc4\u7f57\u65af\u519b\u961f\u7684\u8ba2\u5355\u5b8c\u6210\u540e\uff0c\u5916\u56fd\u5ba2\u6237\u7684\u9700\u6c42\u53ef\u80fd\u4f1a\u589e\u52a0\u3002", "events": [], "arguments": {"time": [], "loc": [], "country": [], "weapon": [{"text": "\u82cf-57\u6218\u6597\u673a", "offset": 22, "length": 7}]}}, {"sentence": "\u4fc4\u7f57\u65af\u8054\u5408\u822a\u7a7a\u5236\u9020\u96c6\u56e2\u516c\u53f8\u5de5\u4e1a\u90e8\u95e8\u4e3b\u7ba1\u963f\u7eb3\u6258\u5229\u00b7\u8c22\u5c14\u4e45\u79d1\u592b\u8868\u793a\uff1a\u201c\u5728\u6211\u4eec\u4e3a\u81ea\u5df1\u7684\u519b\u961f\u63d0\u4f9b\u8db3\u591f\u7684\u88c5\u5907\uff08\u6307\u82cf-57\u6218\u6597\u673a\uff09\u4e4b\u524d\uff0c\u4e0d\u592a\u53ef\u80fd\u6709\u5de8\u5927\u7684\u5916\u8d38\u8ba2\u5355\u9700\u6c42\u3002", "events": [], "arguments": {"time": [], "loc": [], "country": [], "weapon": [{"text": "\u82cf-57\u6218\u6597\u673a", "offset": 51, "length": 7}]}}, {"sentence": "\u6240\u4ee5\u6211\u4eec\u7684\u9996\u8981\u76ee\u6807\u662f\u4fdd\u8bc1\u4fc4\u7f57\u65af\u519b\u961f\u7684\u4f18\u5148\u4f9b\u5e94\u3002", "events": [], "arguments": {"time": [], "loc": [], "country": [], "weapon": []}}, {"sentence": "\u540c\u65f6\u6211\u4eec\u4e5f\u5411\u5916\u56fd\u5ba2\u6237\u63d0\u4f9b\u8fd9\u6b3e\u88c5\u5907\uff0c\u6211\u4eec\u8fdb\u884c\u4e86\u5e7f\u6cdb\u7684\u5ba3\u4f20\u3002", "events": [], "arguments": {"time": [], "loc": [], "country": [], "weapon": []}}, {"sentence": "\u201d", "events": [], "arguments": {"time": [], "loc": [], "country": [], "weapon": []}}, {"sentence": "\u62a5\u9053\u79f0\uff0c\u5bf9\u4e8e\u4fc4\u7f57\u65af\u6765\u8bf4\u8fd9\u5e76\u4e0d\u610f\u5916\uff0c\u56e0\u4e3a\u8be5\u56fd\u7ecf\u5e38\u5411\u4e16\u754c\u5404\u5730\u7684\u5408\u4f5c\u4f19\u4f34\u51fa\u552e\u519b\u4e8b\u88c5\u5907\u3002", "events": [], "arguments": {"time": [], "loc": [], "country": [{"text": "\u4fc4\u7f57\u65af", "offset": 6, "length": 3}], "weapon": []}}, {"sentence": "\u82cf-57\u6218\u6597\u673a\uff08\u539f\u578b\u673aT-50\uff09\u57282010\u5e74\u9996\u98de\uff0c\u5e76\u66fe\u4e8e2018\u5e74\u548c2019\u5e74\u524d\u5f80\u53d9\u5229\u4e9a\u8fdb\u884c\u6d4b\u8bd5\uff0c\u4fc4\u7f57\u65af\u7a7a\u519b\u76ee\u524d\u8ba2\u8d2d\u4e8676\u67b6\u8be5\u578b\u6218\u6597\u673a\u3002", "events": [], "arguments": {"time": [], "loc": [], "country": [], "weapon": [{"text": "\u82cf-57\u6218\u6597\u673a", "offset": 0, "length": 7}, {"text": "T-50", "offset": 11, "length": 4}]}}, {"sentence": "\u300a\u56fd\u5bb6\u5229\u76ca\u300b\u8fd8\u63f4\u5f15\u4fc4\u7f57\u65af\u5854\u65af\u793e\u7684\u62a5\u9053\u79f0\uff0c\u4fc4\u7f57\u65af\u8054\u90a6\u519b\u4e8b\u6280\u672f\u5408\u4f5c\u5c40\u53d1\u8a00\u4eba\u65e9\u4e9b\u65f6\u5019\u66fe\u900f\u9732\uff0c\u6709\u201c\u51e0\u4e2a\u56fd\u5bb6\u201d\u9012\u4ea4\u4e86\u8d2d\u4e70\u82cf-57\u6218\u6597\u673a\u7684\u6b63\u5f0f\u7533\u8bf7\u3002", "events": [], "arguments": {"time": [], "loc": [], "country": [], "weapon": [{"text": "\u82cf-57\u6218\u6597\u673a", "offset": 55, "length": 7}]}}, {"sentence": "\u82cf-57\u662f\u4fc4\u7f57\u65af\u7b2c\u4e00\u6b3e\u9690\u5f62\u6218\u6597\u673a\uff0c\u5177\u5907\u8d85\u97f3\u901f\u5de1\u822a\u3001\u8d85\u673a\u52a8\u98de\u884c\u80fd\u529b\uff0c\u914d\u5907\u4e86\u5148\u8fdb\u7684\u822a\u7a7a\u7535\u5b50\u8bbe\u5907\u3002", "events": [], "arguments": {"time": [], "loc": [], "country": [], "weapon": [{"text": "\u82cf-57", "offset": 0, "length": 4}, {"text": "\u9690\u5f62\u6218\u6597\u673a", "offset": 11, "length": 5}]}}, {"sentence": "\u8be5\u673a\u914d\u5907\u6709\u5185\u7f6e\u7684\u6b66\u5668\u5f39\u836f\u4ed3\uff0c\u8868\u9762\u5237\u6d82\u6709\u9690\u8eab\u6d82\u5c42\u3002", "events": [], "arguments": {"time": [], "loc": [], "country": [], "weapon": []}}, {"sentence": "\u8be5\u673a\u6f5c\u5728\u7684\u5916\u56fd\u5ba2\u6237\u5305\u62ec\u963f\u5c14\u53ca\u5229\u4e9a\u548c\u5370\u5ea6\u3002", "events": [], "arguments": {"time": [], "loc": [], "country": [], "weapon": []}}, {"sentence": "\u571f\u8033\u5176\u4e5f\u6709\u53ef\u80fd\u5f15\u8fdb\u8fd9\u6b3e\u6218\u673a\uff0c\u8be5\u56fd\u56e0\u8d2d\u4e70\u4fc4\u5236S-400\u9632\u7a7a\u7cfb\u7edf\u88ab\u7f8e\u56fd\u8e22\u51fa\u9886\u5bfcF-35\u6218\u6597\u673a\u9879\u76ee\u3002", "events": [], "arguments": {"time": [], "loc": [], "country": [], "weapon": [{"text": "S-400\u9632\u7a7a\u7cfb\u7edf", "offset": 21, "length": 9}, {"text": "F-35\u6218\u6597\u673a", "offset": 37, "length": 7}]}}]