[{"sentence": "\u4fc4\u519b\u98de\u884c\u5458\u6709\u671b\u88c5\u5907\u5c0f\u578b\u7a81\u51fb\u6b65\u67aa\u00a0\u53d6\u4ee3\u624b\u67aa\u4f5c\u4e3a\u81ea\u536b\u6b66\u5668", "events": [], "arguments": {"time": [], "loc": [], "country": [], "weapon": [{"text": "\u624b\u67aa", "offset": 18, "length": 2}]}}, {"sentence": "\u3010\u73af\u7403\u7f51\u62a5\u9053 \u8bb0\u8005 \u9a6c\u5ca9\u3011", "events": [], "arguments": {"time": [], "loc": [], "country": [], "weapon": []}}, {"sentence": "\u636e\u201c\u9646\u519b\u60c5\u62a5\u7f51\u201d9\u67082\u65e5\u62a5\u9053\uff0c\u4fc4\u7f57\u65af\u56fd\u9632\u90e8\u65e5\u524d\u8981\u6c42\u5361\u62c9\u4ec0\u5c3c\u79d1\u592b\u96c6\u56e2\u5347\u7ea7\u6539\u9020\u5176AM-17\u7a81\u51fb\u6b65\u67aa\uff0c\u4ee5\u4f7f\u6218\u6597\u673a\u98de\u884c\u5458\u80fd\u591f\u643a\u5e26\u4f7f\u7528\u3002", "events": [{"trigger": {"text": "\u6539\u9020", "offset": 35, "length": 2}, "subject": {"text": "\u5361\u62c9\u4ec0\u5c3c\u79d1\u592b\u96c6\u56e2", "offset": 25, "length": 8}, "object": {"text": "AM-17\u7a81\u51fb\u6b65\u67aa", "offset": 38, "length": 9}}], "arguments": {"time": [{"text": "9\u67082\u65e5", "offset": 8, "length": 4}], "loc": [], "country": [], "weapon": [{"text": "AM-17\u7a81\u51fb\u6b65\u67aa", "offset": 38, "length": 9}]}}, {"sentence": "\u62a5\u9053\u79f0\uff0c\u4fc4\u7f57\u65af\u56fd\u9632\u90e8\u957f\u7ecd\u4f0a\u53e4\u5728\u201c\u519b\u961f-2020\u201d\u8bba\u575b\u4e0a\u89c6\u5bdf\u4e86\u5361\u62c9\u4ec0\u5c3c\u79d1\u592b\u5c55\u53f0\uff0cAM-17\u7a81\u51fb\u6b65\u67aa\u5f15\u8d77\u4e86\u4ed6\u7684\u6ce8\u610f\u3002", "events": [], "arguments": {"time": [], "loc": [], "country": [{"text": "\u4fc4\u7f57\u65af", "offset": 4, "length": 3}], "weapon": [{"text": "AM-17\u7a81\u51fb\u6b65\u67aa", "offset": 39, "length": 9}]}}, {"sentence": "\u4ed6\u8868\u793a\uff0c\u82cf-35\u548c\u82cf-57\u7684\u98de\u884c\u5458\u53ef\u80fd\u4f1a\u914d\u5907\u6b65\u67aa\uff0c\u4e3a\u6b64\uff0c\u6709\u5fc5\u8981\u6539\u53d8AM-17\u7684\u5927\u5c0f\u548c\u91cd\u91cf\uff0c\u4ee5\u4f7f\u5176\u80fd\u591f\u653e\u5165\u98de\u884c\u5458\u80cc\u5305\u3002", "events": [], "arguments": {"time": [], "loc": [], "country": [], "weapon": [{"text": "\u82cf-35", "offset": 4, "length": 4}, {"text": "\u82cf-57", "offset": 9, "length": 4}, {"text": "AM-17", "offset": 33, "length": 5}]}}, {"sentence": "\u76ee\u524d\uff0c\u4fc4\u7f57\u65af\u98de\u884c\u5458\u90fd\u914d\u5907Stechkin\u624b\u67aa\u3002", "events": [], "arguments": {"time": [], "loc": [], "country": [], "weapon": [{"text": "Stechkin\u624b\u67aa", "offset": 12, "length": 10}]}}, {"sentence": "AM-17\u662f\u4e00\u6b3e\u5c0f\u578b\u81ea\u52a8\u6b65\u67aa\uff0c\u4f7f\u7528\u6807\u51c6\u4e2d\u7ea75.45\u00d739\u6beb\u7c73\u5b50\u5f39\uff0c2017\u5e74\u5728\u4fc4\u7f57\u65af\u9646\u519b\u535a\u89c8\u4f1a\u4e0a\u9996\u6b21\u4eae\u76f8\uff0c\u662f\u4e00\u79cd\u8fd1\u8ddd\u79bb\u6b66\u5668\uff0c\u4e3b\u8981\u7528\u4e8e\u88c5\u5907\u4fc4\u7f57\u65af\u5185\u653f\u90e8\u7684\u519b\u4e8b\u548c\u6267\u6cd5\u5355\u4f4d\u3001\u4fc4\u7f57\u65af\u56fd\u6c11\u8b66\u536b\u961f\u548c\u4fc4\u7f57\u65af\u519b\u961f\u3002", "events": [], "arguments": {"time": [], "loc": [], "country": [], "weapon": [{"text": "AM-17", "offset": 0, "length": 5}]}}]