[{"sentence": "\u4fc4\u519b\u6218\u673a\u540c\u4e00\u5929\u5728\u4e24\u5927\u6d77\u57df\u4e0a\u7a7a\u62e6\u622a\u5317\u7ea6\u4fa6\u5bdf\u673a", "events": [], "arguments": {"time": [], "loc": [], "country": [], "weapon": [{"text": "\u4fc4\u519b\u6218\u673a", "offset": 0, "length": 4}, {"text": "\u5317\u7ea6\u4fa6\u5bdf\u673a", "offset": 16, "length": 5}]}}, {"sentence": "\u3010\u73af\u7403\u7f51\u519b\u4e8b\u62a5\u9053\u3011", "events": [], "arguments": {"time": [], "loc": [], "country": [], "weapon": []}}, {"sentence": "\u4fc4\u7f57\u65af\u536b\u661f\u901a\u8baf\u793e9\u67081\u65e5\u62a5\u9053\uff0c\u4fc4\u7f57\u65af\u56fd\u9632\u90e8\u56fd\u5bb6\u56fd\u9632\u7ba1\u7406\u4e2d\u5fc3\u5f53\u5929\u53d1\u5e03\u6d88\u606f\uff0c\u4fc4\u7f57\u65af\u7c73\u683c-31\u6218\u6597\u673a\u5347\u7a7a\uff0c\u5728\u5df4\u4f26\u652f\u6d77\u6c34\u57df\u62e6\u622a\u5411\u4fc4\u8fb9\u754c\u9760\u8fd1\u7684\u632a\u5a01\u7a7a\u519b\u98de\u673a\u3002", "events": [{"trigger": {"text": "\u62e6\u622a", "offset": 57, "length": 2}, "subject": {"text": "\u4fc4\u7f57\u65af\u7c73\u683c-31\u6218\u6597", "offset": 36, "length": 10}, "object": {"text": "\u632a\u5a01\u7a7a\u519b\u98de\u673a", "offset": 66, "length": 6}}], "arguments": {"time": [{"text": "9\u67081\u65e5", "offset": 8, "length": 4}], "loc": [{"text": "\u5df4\u4f26\u652f\u6d77\u6c34\u57df", "offset": 51, "length": 6}], "country": [], "weapon": [{"text": "\u7c73\u683c-31\u6218\u6597\u673a", "offset": 39, "length": 8}]}}, {"sentence": "\u4fc4\u56fd\u9632\u90e8\u5728\u6d88\u606f\u4e2d\u8bf4\uff1a\u201c\u4e3a\u4e86\u8bc6\u522b\u7a7a\u4e2d\u76ee\u6807\u5e76\u9632\u6b62\u4fb5\u72af\u4fc4\u7f57\u65af\u56fd\u754c\uff0c\u4fc4\u6d77\u519b\u5317\u65b9\u8230\u961f\u9632\u7a7a\u90e8\u961f\u4e00\u67b6\u503c\u73ed\u7684\u7c73\u683c-31\u6218\u6597\u673a\u5347\u7a7a\u3002", "events": [], "arguments": {"time": [], "loc": [], "country": [{"text": "\u4fc4\u7f57\u65af", "offset": 24, "length": 3}], "weapon": [{"text": "\u7c73\u683c-31\u6218\u6597\u673a", "offset": 46, "length": 8}]}}, {"sentence": "\u4fc4\u7f57\u65af\u6218\u6597\u673a\u673a\u7ec4\u4eba\u5458\u8bc6\u522b\u51fa\u8be5\u7a7a\u4e2d\u76ee\u6807\u4e3a\u632a\u5a01\u7a7a\u519bP-3C\u2018\u730e\u6237\u5ea7\u2019\u6d77\u4e0a\u5de1\u903b\u673a\u3002", "events": [], "arguments": {"time": [], "loc": [], "country": [], "weapon": [{"text": "P-3C\u2018\u730e\u6237\u5ea7\u2019\u6d77\u4e0a\u5de1\u903b\u673a", "offset": 23, "length": 14}]}}, {"sentence": "\u201d", "events": [], "arguments": {"time": [], "loc": [], "country": [], "weapon": []}}, {"sentence": "\u6d88\u606f\u79f0\uff0c\u5728\u632a\u5a01\u98de\u673a\u98de\u79bb\u4fc4\u7f57\u65af\u8fb9\u5883\u540e\uff0c\u4fc4\u519b\u6218\u673a\u8fd4\u56de\u9a7b\u5730\u673a\u573a\u3002", "events": [], "arguments": {"time": [], "loc": [], "country": [{"text": "\u632a\u5a01", "offset": 5, "length": 2}], "weapon": [{"text": "\u6218\u673a", "offset": 20, "length": 2}]}}, {"sentence": "\u4fc4\u7f57\u65af\u6218\u6597\u673a\u7684\u6574\u4e2a\u98de\u884c\u90fd\u4e25\u683c\u6309\u7167\u56fd\u9645\u7a7a\u57df\u4f7f\u7528\u89c4\u5219\u8fdb\u884c\u3002", "events": [], "arguments": {"time": [], "loc": [], "country": [], "weapon": [{"text": "\u6218\u6597\u673a", "offset": 3, "length": 3}]}}, {"sentence": "\u4fc4\u56fd\u9632\u90e8\u8868\u793a\uff0c\u6ca1\u6709\u53d1\u751f\u5916\u56fd\u519b\u673a\u4fb5\u72af\u4fc4\u7f57\u65af\u9886\u7a7a\u7684\u60c5\u51b5\u3002", "events": [], "arguments": {"time": [], "loc": [], "country": [], "weapon": []}}, {"sentence": "\u540c\u4e00\u5929\uff0c\u4fc4\u7f57\u65af\u56fd\u9632\u90e8\u56fd\u5bb6\u56fd\u9632\u7ba1\u7406\u4e2d\u5fc3\u5f53\u5929\u53d1\u5e03\u6d88\u606f\u8fd8\u53d1\u5e03\u6d88\u606f\u79f0\uff0c\u4fc4\u7f57\u65af\u82cf-27\u6218\u6597\u673a\u5728\u6ce2\u7f57\u7684\u6d77\u6c34\u57df\u62e6\u622a\u5fb7\u56fd\u7a7a\u519b\u98de\u673a\u3002", "events": [{"trigger": {"text": "\u62e6\u622a", "offset": 48, "length": 2}, "subject": {"text": "\u82cf-27\u6218\u6597\u673a", "offset": 34, "length": 7}, "object": {"text": "\u5fb7\u56fd\u7a7a\u519b\u98de\u673a", "offset": 50, "length": 6}}], "arguments": {"time": [], "loc": [{"text": "\u6ce2\u7f57\u7684\u6d77\u6c34\u57df", "offset": 42, "length": 6}], "country": [{"text": "\u5fb7\u56fd", "offset": 50, "length": 2}], "weapon": [{"text": "\u82cf-27\u6218\u6597\u673a", "offset": 34, "length": 7}, {"text": "\u673a", "offset": 0, "length": 1}]}}, {"sentence": "\u4fc4\u56fd\u9632\u90e8\u5728\u6d88\u606f\u4e2d\u8bf4\uff1a\u201c\u5e749\u67081\u65e5\uff0c\u4fc4\u7f57\u65af\u7a7a\u57df\u76d1\u63a7\u8bbe\u5907\u5728\u6ce2\u7f57\u7684\u6d77\u4e2d\u7acb\u6c34\u57df\u4e0a\u7a7a\u53d1\u73b0\u6b63\u5728\u5411\u4fc4\u8fb9\u5883\u9760\u8fd1\u7684\u7a7a\u4e2d\u76ee\u6807\u3002", "events": [], "arguments": {"time": [], "loc": [], "country": [], "weapon": []}}, {"sentence": "\u4fc4\u7f57\u65af\u6ce2\u7f57\u7684\u6d77\u8230\u961f\u9632\u7a7a\u90e8\u961f\u62c5\u4efb\u6218\u5907\u6267\u52e4\u4efb\u52a1\u7684\u82cf-27\u6218\u673a\u5347\u7a7a\uff0c\u7ecf\u67e5\u8bc1\uff0c\u76ee\u6807\u4e3a\u5fb7\u56fd\u7a7a\u519b\u7684P-3C\u2018\u730e\u6237\u5ea7\u2019\u5de1\u903b\u673a\u3002", "events": [], "arguments": {"time": [], "loc": [], "country": [], "weapon": [{"text": "P-3C\u2018\u730e\u6237\u5ea7\u2019\u5de1\u903b\u673a", "offset": 43, "length": 12}, {"text": "\u82cf-27\u6218\u673a", "offset": 22, "length": 6}]}}, {"sentence": "\u201c", "events": [], "arguments": {"time": [], "loc": [], "country": [], "weapon": []}}]