[{"sentence": "\u4fc4\u7f57\u65af\u5c06\u7814\u53d1\u7b2c\u516d\u4ee3\u6218\u6597\u673a\u00a0\u4ee5\u7c73\u683c-\u82cf\u970d\u4f0a\u8054\u5408\u54c1\u724c", "events": [], "arguments": {"time": [], "loc": [], "country": [], "weapon": [{"text": "\u7b2c\u516d\u4ee3\u6218\u6597\u673a", "offset": 6, "length": 6}]}}, {"sentence": "\u3010\u73af\u7403\u7f51\u62a5\u9053 \u8bb0\u8005 \u9a6c\u5ca9\u3011", "events": [], "arguments": {"time": [], "loc": [], "country": [], "weapon": []}}, {"sentence": "\u636e\u4fc4\u7f57\u65af\u5854\u65af\u793e9\u67081\u65e5\u62a5\u9053\uff0c\u4fc4\u7f57\u65afRostec\u822a\u7a7a\u96c6\u56e2\u5de5\u4e1a\u4e3b\u7ba1\u8c22\u5c14\u4e45\u79d1\u592b\u5f53\u5929\u8868\u793a\uff0c\u4fc4\u7f57\u65af\u53ef\u80fd\u4f1a\u7814\u53d1\u7c73\u683c-\u82cf\u970d\u4f0a\u8054\u5408\u54c1\u724c\u7684\u7b2c\u516d\u4ee3\u6218\u6597\u673a\u3002", "events": [{"trigger": {"text": "\u7814\u53d1", "offset": 47, "length": 2}, "subject": {"text": "\u4fc4\u7f57\u65af", "offset": 41, "length": 3}, "object": {"text": "\u7c73\u683c-\u82cf\u970d\u4f0a\u8054\u5408\u54c1\u724c\u7684\u7b2c\u516d\u4ee3\u6218\u6597\u673a", "offset": 49, "length": 17}}], "arguments": {"time": [{"text": "9\u67081\u65e5", "offset": 7, "length": 4}], "loc": [], "country": [], "weapon": [{"text": "\u7b2c\u516d\u4ee3\u6218\u6597\u673a", "offset": 60, "length": 6}]}}, {"sentence": "\u201c\u5230\u76ee\u524d\u4e3a\u6b62\uff0c\u6240\u6709\u5de5\u4f5c\u90fd\u5904\u4e8e\u8ba8\u8bba\u9636\u6bb5\uff0c\u73b0\u5728\u8c08\u8bba\u7ec6\u8282\u8fd8\u4e3a\u65f6\u8fc7\u65e9\u3002", "events": [], "arguments": {"time": [], "loc": [], "country": [], "weapon": []}}, {"sentence": "\u201d\u8c22\u5c14\u4e45\u79d1\u592b\u5728\u63a5\u53d7\u5a92\u4f53\u91c7\u8bbf\u65f6\u8bf4\u3002", "events": [], "arguments": {"time": [], "loc": [], "country": [], "weapon": []}}, {"sentence": "2016\u5e743\u6708\uff0c\u65f6\u4efb\u4fc4\u7f57\u65af\u526f\u603b\u7406\u5fb7\u7c73\u7279\u91cc\u2022\u7f57\u6208\u6d25\u5ba3\u5e03\uff0c\u4fc4\u7f57\u65af\u5df2\u7ecf\u542f\u52a8\u4e86\u7b2c\u516d\u4ee3\u6218\u6597\u673a\u7684\u7814\u5236\u5de5\u4f5c\uff0c\u82cf\u970d\u4f0a\u8bbe\u8ba1\u5c40\u5df2\u7ecf\u63d0\u4ea4\u4e86\u521d\u6b65\u7684\u65b9\u6848\u3002", "events": [], "arguments": {"time": [], "loc": [], "country": [{"text": "\u4fc4\u7f57\u65af", "offset": 27, "length": 3}], "weapon": [{"text": "\u7b2c\u516d\u4ee3\u6218\u6597\u673a", "offset": 35, "length": 6}]}}, {"sentence": "\u4e13\u5bb6\u6307\u51fa\uff0c\u7b2c\u516d\u4ee3\u6218\u6597\u673a\u7684\u5178\u578b\u7279\u5f81\u5305\u62ec\u53ef\u5728\u65e0\u9700\u4eba\u5de5\u5e72\u9884\u7684\u60c5\u51b5\u4e0b\u6267\u884c\u6218\u6597\u4efb\u52a1\uff0c\u53ef\u4ee5\u9ad8\u8d85\u97f3\u901f\u98de\u884c\uff0c\u53ef\u4ee5\u98de\u5230\u8fd1\u5730\u5916\u7a7a\uff0c\u4ee5\u53ca\u53ef\u4f7f\u7528\u57fa\u4e8e\u65b0\u7269\u7406\u539f\u5219\u7684\u6b66\u5668\u3002", "events": [], "arguments": {"time": [], "loc": [], "country": [], "weapon": [{"text": "\u7b2c\u516d\u4ee3\u6218\u6597\u673a", "offset": 5, "length": 6}]}}, {"sentence": "\u4fc4\u7f57\u65af\u822a\u7a7a\u822a\u5929\u529b\u91cf\u524d\u603b\u6307\u6325\u7ef4\u514b\u6258\u2022\u90a6\u8fbe\u5217\u592b\u8868\u793a\uff0c\u5728\u76f8\u4fe1\u4e86\u7b2c\u4e94\u4ee3\u6218\u6597\u673a\u7684\u53ef\u9760\u6027\u4e4b\u540e\uff0c\u4fc4\u7f57\u65af\u6b66\u88c5\u90e8\u961f\u4f1a\u9010\u6e10\u3001\u5e73\u7a33\u5730\u63a5\u53d7\u7b2c\u516d\u4ee3\u6218\u6597\u673a\uff0c\u5305\u62ec\u653b\u51fb\u65e0\u4eba\u673a\u3002", "events": [], "arguments": {"time": [], "loc": [], "country": [], "weapon": [{"text": "\u7b2c\u516d\u4ee3\u6218\u6597\u673a", "offset": 57, "length": 6}, {"text": "\u653b\u51fb\u65e0\u4eba\u673a", "offset": 66, "length": 5}]}}, {"sentence": "\uff08\u5b8c\uff09", "events": [], "arguments": {"time": [], "loc": [], "country": [], "weapon": []}}, {"sentence": "\uff08\u5b8c\uff09", "events": [], "arguments": {"time": [], "loc": [], "country": [], "weapon": []}}]