[{"sentence": "\u7f8e\u56fd\u519b\u8230\u8fc7\u53f0\u6d77\u884c\u8e2a\u88ab\u536b\u661f\u66dd\u5149\u00a0\u7591\u4f3c\u9996\u6b21\u8fdb\u5165\u6f8e\u6e56\u6c34\u9053", "events": [], "arguments": {"time": [], "loc": [], "country": [], "weapon": [{"text": "\u519b\u8230", "offset": 2, "length": 2}]}}, {"sentence": "\u3010\u73af\u7403\u7f51\u62a5\u9053 \u8bb0\u8005 \u5f90\u7490\u660e\u3011", "events": [], "arguments": {"time": [], "loc": [], "country": [], "weapon": []}}, {"sentence": "\u7f8e\u56fd\u6d77\u519b\u201c\u54c8\u5c14\u897f\u201d\u53f7\u9a71\u9010\u8230\u4e8e8\u670830\u65e5\u7531\u5317\u5411\u5357\u822a\u884c\u7a7f\u8d8a\u53f0\u6e7e\u6d77\u5ce1\uff0c\u636e\u6700\u65b0\u66dd\u5149\u7684\u536b\u661f\u7167\u663e\u793a\uff0c\u201c\u54c8\u5c14\u897f\u201d\u53f7\u5728\u901a\u8fc7\u53f0\u6e7e\u6d77\u5ce1\u671f\u95f4\u7591\u4f3c\u8d70\u4e86\u4e00\u6761\u4e0d\u540c\u5bfb\u5e38\u7684\u8def\u7ebf\u2014\u2014\u4ece\u6f8e\u6e56\u6c34\u9053\u822a\u884c\u901a\u8fc7\u3002", "events": [{"trigger": {"text": "\u7a7f\u8d8a", "offset": 25, "length": 2}, "subject": {"text": "\u7f8e\u56fd\u6d77\u519b\u201c\u54c8\u5c14\u897f\u201d\u53f7\u9a71\u9010\u8230", "offset": 0, "length": 13}, "object": {"text": "\u6f8e\u6e56\u6c34\u9053", "offset": 75, "length": 4}}], "arguments": {"time": [{"text": "8\u670830\u65e5", "offset": 14, "length": 5}], "loc": [{"text": "\u53f0\u6e7e\u6d77\u5ce1", "offset": 53, "length": 4}], "country": [], "weapon": [{"text": "\u201c\u54c8\u5c14\u897f\u201d\u53f7", "offset": 44, "length": 6}]}}, {"sentence": "\u636e\u201c\u5357\u6d77\u6218\u7565\u6001\u52bf\u611f\u77e5\u201d\u8ba1\u5212\u5e73\u53f09\u67081\u65e5\u53d1\u5e03\u7684\u6d88\u606f\uff0c\u901a\u8fc7\u536b\u661f\u6d4b\u8ddd\u6bd4\u5bf9\uff0c\u7591\u4f3c\u5728\u6f8e\u6e56\u6c34\u9053\u53d1\u73b0\u201c\u54c8\u5c14\u897f\u201d\u53f7\u7684\u8eab\u5f71\u3002", "events": [], "arguments": {"time": [], "loc": [], "country": [], "weapon": [{"text": "\u201c\u54c8\u5c14\u897f\u201d\u53f7", "offset": 43, "length": 6}]}}, {"sentence": "\u201c\u5357\u6d77\u6218\u7565\u6001\u52bf\u611f\u77e5\u201d\u79f0\uff0c\u5982\u679c\u60c5\u51b5\u5c5e\u5b9e\uff0c\u8fd9\u5c06\u662f\u9996\u6b21\u53d1\u73b0\u7f8e\u519b\u8230\u7a7f\u8d8a\u53f0\u6e7e\u6d77\u5ce1\u65f6\u5728\u53f0\u6e7e\u201c\u5185\u6c34\u201d\u822a\u884c\uff0c\u8fd9\u4e5f\u5c06\u662f\u5bf9\u4e2d\u65b9\u7684\u8fdb\u4e00\u6b65\u8bd5\u63a2\u3002", "events": [], "arguments": {"time": [], "loc": [], "country": [], "weapon": []}}, {"sentence": "\u636e\u6089\uff0c\u6f8e\u6e56\u6c34\u9053\u4f4d\u4e8e\u6f8e\u6e56\u5217\u5c9b\u4e0e\u53f0\u6e7e\u5c9b\u4e4b\u95f4\uff0c\u5448\u5357\u5317\u8d70\u5411\uff0c\u5317\u53e3\u5bbd\u7ea660\u5343\u7c73\u3001\u5357\u53e3\u5bbd\u7ea640\u5343\u7c73\u3001\u6700\u7a84\u5904\u5bbd\u7ea630\u5343\u7c73\uff0c\u662f\u53f0\u6e7e\u5c9b\u897f\u4fa7\u5357\u5317\u4ea4\u901a\u7684\u8fd1\u5cb8\u822a\u9053\uff0c\u5728\u7ecf\u6d4e\u3001\u519b\u4e8b\u4e0a\u90fd\u6709\u7740\u91cd\u8981\u610f\u4e49\u3002", "events": [], "arguments": {"time": [], "loc": [], "country": [], "weapon": []}}, {"sentence": "1999\u5e74\u53f0\u6e7e\u5f53\u5c40\u5212\u8bbe\u201c\u9886\u6d77\u57fa\u7ebf\u201d\u65f6\u4ee5\u76f4\u7ebf\u57fa\u7ebf\u5212\u6cd5\u5c06\u6574\u4e2a\u6f8e\u6e56\u6c34\u9053\u5212\u4e3a\u5176\u201c\u5185\u6c34\u201d\u3002", "events": [], "arguments": {"time": [], "loc": [], "country": [], "weapon": []}}, {"sentence": "\u503c\u5f97\u6ce8\u610f\u7684\u662f\uff0c\u57288\u670819\u65e5\u7f8e\u56fd\u519b\u8230\u4e0a\u4e00\u6b21\u7a7f\u8d8a\u53f0\u6e7e\u6d77\u5ce1\u65f6\uff0c\u4e5f\u8d70\u4e86\u4e00\u6761\u4e0d\u540c\u5bfb\u5e38\u7684\u8def\u7ebf\u3002", "events": [], "arguments": {"time": [], "loc": [], "country": [{"text": "\u7f8e\u56fd", "offset": 13, "length": 2}], "weapon": []}}, {"sentence": "\u5f53\u65f6\u53f0\u5a92\u62a5\u9053\u79f0\uff0c\u96b6\u5c5e\u7f8e\u56fd\u7b2c\u4e03\u8230\u961f\u7684\u963f\u5229\u00b7\u4f2f\u514b\u7ea7\u5bfc\u5f39\u9a71\u9010\u8230\u201c\u9a6c\u65af\u5ef7\u201d\u53f7\u662f\u5728\u6240\u8c13\u7684\u201c\u53f0\u6d77\u4e2d\u7ebf\u201d\u4ee5\u897f\u822a\u884c\uff0c\u66f4\u52a0\u9760\u8fd1\u4e2d\u56fd\u5927\u9646\u6d77\u5cb8\u7ebf\uff0c\u8fd8\u51fa\u73b0\u5728\u4e86\u9a6c\u7956\u5217\u5c9b\u4e1c\u5f15\u5c9b\u4e1c\u5357\u65b9\u6d77\u57df\uff0c\u5176\u540e\u65b9\u6709\u4e00\u8258\u89e3\u653e\u519b052D\u578b\u9a71\u9010\u8230\u5357\u4eac\u8230\u4f34\u884c\u3002", "events": [], "arguments": {"time": [], "loc": [], "country": [], "weapon": [{"text": "\u963f\u5229\u00b7\u4f2f\u514b\u7ea7\u5bfc\u5f39\u9a71\u9010\u8230\u201c\u9a6c\u65af\u5ef7\u201d\u53f7", "offset": 17, "length": 17}, {"text": "052D\u578b\u9a71\u9010\u8230\u5357\u4eac\u8230", "offset": 89, "length": 11}]}}, {"sentence": "\u201c\u5357\u6d77\u6218\u7565\u6001\u52bf\u611f\u77e5\u201d\u8ba1\u5212\u5e73\u53f0\u8ba4\u4e3a\uff0c\u5728\u4e0d\u5230\u4e24\u5468\u7684\u65f6\u95f4\u5185\uff0c\u7f8e\u519b\u8230\u4e24\u6b21\u7a7f\u8d8a\u53f0\u6e7e\u6d77\u5ce1\uff0c\u4e00\u6b21\u5728\u201c\u4e2d\u7ebf\u201d\u4ee5\u897f\uff0c\u4e00\u6b21\u8fdb\u5165\u4e1c\u4fa7\u7684\u53f0\u6e7e\u201c\u5185\u6c34\u201d\uff0c\u4e0d\u65ad\u53d8\u7740\u6cd5\u5730\u5411\u4e2d\u56fd\u65bd\u538b\u3001\u6311\u8845\u3002", "events": [], "arguments": {"time": [], "loc": [], "country": [], "weapon": []}}, {"sentence": "\u800c\u8fd9\u5e76\u4e0d\u5229\u4e8e\u7ba1\u63a7\u7d27\u5f20\u5c40\u52bf\uff0c\u53ea\u4f1a\u5bfc\u81f4\u5bf9\u6297\u8fdb\u4e00\u6b65\u5347\u7ea7\u3002", "events": [], "arguments": {"time": [], "loc": [], "country": [], "weapon": []}}, {"sentence": "\u5bf9\u4e8e\u7f8e\u519b\u673a\u3001\u8230\u8fc7\u53f0\u6d77\uff0c\u5916\u4ea4\u90e8\u53d1\u8a00\u4eba\u66fe\u591a\u6b21\u8868\u793a\uff0c\u53f0\u6e7e\u95ee\u9898\u4e8b\u5173\u4e2d\u56fd\u7684\u4e3b\u6743\u548c\u9886\u571f\u5b8c\u6574\uff0c\u662f\u4e2d\u7f8e\u5173\u7cfb\u4e2d\u6700\u91cd\u8981\u3001\u6700\u654f\u611f\u7684\u95ee\u9898\u3002", "events": [], "arguments": {"time": [], "loc": [], "country": [], "weapon": []}}, {"sentence": "\u6211\u4eec\u6566\u4fc3\u7f8e\u65b9\u606a\u5b88\u4e00\u4e2a\u4e2d\u56fd\u539f\u5219\u548c\u4e2d\u7f8e\u4e09\u4e2a\u8054\u5408\u516c\u62a5\u7684\u89c4\u5b9a\uff0c\u614e\u91cd\u59a5\u5584\u5730\u5904\u7406\u6d89\u53f0\u95ee\u9898\uff0c\u4ee5\u514d\u635f\u5bb3\u4e2d\u7f8e\u5173\u7cfb\u548c\u53f0\u6d77\u7684\u548c\u5e73\u7a33\u5b9a\u3002", "events": [], "arguments": {"time": [], "loc": [], "country": [], "weapon": []}}, {"sentence": "\u5927\u9646\u56fd\u9632\u90e8\u65b0\u95fb\u53d1\u8a00\u4eba\u5434\u8c26\u4e5f\u66fe\u5f3a\u8c03\uff0c\u53f0\u6e7e\u662f\u4e2d\u56fd\u4e0d\u53ef\u5206\u5272\u7684\u4e00\u90e8\u5206\u3002", "events": [], "arguments": {"time": [], "loc": [], "country": [], "weapon": []}}, {"sentence": "\u53f0\u6e7e\u4e8b\u52a1\u7eaf\u5c5e\u4e2d\u56fd\u5185\u653f\uff0c\u4e0d\u5bb9\u4efb\u4f55\u5916\u6765\u5e72\u6d89\u3002", "events": [], "arguments": {"time": [], "loc": [], "country": [], "weapon": []}}, {"sentence": "\u7f8e\u65b9\u9891\u7e41\u6253\u53f0\u6e7e\u724c\uff0c\u60f3\u901a\u8fc7\u201c\u5207\u9999\u80a0\u201d\u7684\u65b9\u5f0f\u6765\u5371\u5bb3\u4e2d\u56fd\u7684\u4e3b\u6743\u548c\u9886\u571f\u5b8c\u6574\uff0c\u8fd9\u5b8c\u5168\u662f\u75f4\u5fc3\u5984\u60f3\u3002", "events": [], "arguments": {"time": [], "loc": [], "country": [], "weapon": []}}, {"sentence": "\u89e3\u653e\u519b\u59cb\u7ec8\u4fdd\u6301\u9ad8\u5ea6\u6212\u5907\uff0c\u6709\u575a\u5b9a\u7684\u610f\u5fd7\u3001\u5145\u5206\u7684\u4fe1\u5fc3\u548c\u8db3\u591f\u7684\u80fd\u529b\u7ef4\u62a4\u56fd\u5bb6\u4e3b\u6743\u548c\u9886\u571f\u5b8c\u6574\uff0c\u7ef4\u62a4\u53f0\u6d77\u5730\u533a\u548c\u5e73\u7a33\u5b9a\u3002", "events": [], "arguments": {"time": [], "loc": [], "country": [], "weapon": []}}]