[{"sentence": "\u97e9\u56fd\u56fd\u9632\u9884\u7b97\u540c\u6bd4\u589e\u52a05.5%\u00a0\u4e00\u9879\u6307\u6807\u589e\u5e45\u521b\u8fd110\u5e74\u65b0\u9ad8", "events": [], "arguments": {"time": [], "loc": [], "country": [], "weapon": []}}, {"sentence": "\u3010\u73af\u7403\u7f51\u519b\u4e8b\u62a5\u9053\u3011", "events": [], "arguments": {"time": [], "loc": [], "country": [], "weapon": []}}, {"sentence": "\u636e\u97e9\u8054\u793e9\u67081\u65e5\u62a5\u9053\uff0c\u97e9\u56fd\u56fd\u9632\u90e8\u5f53\u5929\u8868\u793a\uff0c2021\u8d22\u5e74\u56fd\u9632\u9884\u7b97\u603b\u989d\u6572\u5b9a\u4e3a52.9174\u4e07\u4ebf\u97e9\u5143\uff08\u7ea6\u5408\u4eba\u6c11\u5e013054\u4ebf\u5143\uff09\uff0c\u540c\u6bd4\u589e\u52a05.5%\u3002", "events": [], "arguments": {"time": [{"text": "9\u67081\u65e5", "offset": 4, "length": 4}], "loc": [], "country": [{"text": "\u97e9\u56fd", "offset": 11, "length": 2}], "weapon": []}}, {"sentence": "\u62a5\u9053\u79f0\uff0c\u5177\u4f53\u6765\u770b\uff0c\u7528\u4e8e\u6539\u5584\u9632\u536b\u529b\u91cf\u7684\u9884\u7b97\u540c\u6bd4\u589e\u52a02.4%\uff0c\u4e3a17.0738\u4e07\u4ebf\u97e9\u5143\u3002", "events": [], "arguments": {"time": [], "loc": [], "country": [], "weapon": []}}, {"sentence": "\u65e8\u5728\u8fd0\u8425\u519b\u4e8b\u529b\u91cf\u7684\u6218\u529b\u8fd0\u8425\u9884\u7b97\u540c\u6bd4\u589e\u52a07.1%\uff0c\u4e3a35.8436\u4e07\u4ebf\u97e9\u5143\uff0c\u589e\u5e45\u521b\u8fd110\u5e74\u65b0\u9ad8\u3002", "events": [], "arguments": {"time": [], "loc": [], "country": [], "weapon": []}}, {"sentence": "\u6b66\u5668\u7cfb\u7edf\u9884\u7b97\u4e3a14.5695\u4e07\u4ebf\u97e9\u5143\u3002", "events": [], "arguments": {"time": [], "loc": [], "country": [], "weapon": []}}, {"sentence": "\u5176\u4e2d\uff0c\u5e94\u5bf9\u6838\u6b66\u548c\u5927\u89c4\u6a21\u6740\u4f24\u6027\u6b66\u5668\u7684\u9884\u7b97\u4e3a5.807\u4e07\u4ebf\u97e9\u5143\uff0c\u4e3a\u6536\u56de\u6218\u65f6\u4f5c\u6218\u6307\u6325\u6743\u52a0\u5f3a\u97e9\u519b\u6838\u5fc3\u519b\u4e8b\u529b\u91cf\u9884\u7b97\u4e3a2.2269\u4e07\u4ebf\u97e9\u5143\uff0c\u90e8\u961f\u91cd\u7ec4\u9884\u7b97\u4e3a6.4726\u4e07\u4ebf\u97e9\u5143\u3002", "events": [], "arguments": {"time": [], "loc": [], "country": [], "weapon": [{"text": "\u6838\u6b66", "offset": 5, "length": 2}]}}, {"sentence": "F-35A\u6218\u673a\u548c\u9ad8\u7a7a\u65e0\u4eba\u4fa6\u5bdf\u673a\uff08HUAV\uff09\u7b49\u88c5\u5907\u7ef4\u62a4\u8d39\u540c\u6bd4\u589e\u52a07.7%\uff0c\u4e3a3.7367\u4e07\u4ebf\u97e9\u5143\u3002", "events": [], "arguments": {"time": [], "loc": [], "country": [], "weapon": [{"text": "F-35A\u6218\u673a", "offset": 0, "length": 7}, {"text": "\u9ad8\u7a7a\u65e0\u4eba\u4fa6\u5bdf\u673a\uff08HUAV\uff09", "offset": 8, "length": 13}]}}, {"sentence": "2021\u8d22\u5e74\u65b0\u589e\u4e3a\u5e94\u5bf9\u65b0\u51a0\u75ab\u60c5\u8d2d\u4e70\u53e3\u7f69\u548c\u533b\u7597\u7269\u8d44\u50a8\u5907\u8d39\u7b49960\u4ebf\u97e9\u5143\u3002", "events": [], "arguments": {"time": [], "loc": [], "country": [], "weapon": []}}, {"sentence": "\u7528\u4e8e\u52a0\u5f3a\u56fd\u5bb6\u53cd\u6050\u529b\u91cf\u9884\u7b97544\u4ebf\u97e9\u5143\uff0c\u9002\u7528\u4eba\u5de5\u667a\u80fd\u3001\u5927\u6570\u636e\u7b49\u65e0\u7ebf\u7f51\u7684\u9646\u519b\u667a\u80fd\u90e8\u961f\u3001\u6d77\u519b\u667a\u80fd\u98de\u673a\u57fa\u5730\u3001\u7a7a\u519b\u667a\u80fd\u98de\u884c\u56e2\u9879\u76ee\u6295\u51651552\u4ebf\u97e9\u5143\uff0c\u540c\u6bd4\u589e\u52a0302\u4ebf\u97e9\u5143\u3002", "events": [], "arguments": {"time": [], "loc": [], "country": [], "weapon": []}}, {"sentence": "\u7528\u4e8e\u52a0\u5f3a\u56fd\u5bb6\u707e\u96be\u652f\u63f4\u80fd\u529b\u5efa\u8bbe\u7684\u9884\u7b97\u4e3a1643\u4ebf\u97e9\u5143\u3002", "events": [], "arguments": {"time": [], "loc": [], "country": [], "weapon": []}}, {"sentence": "\u6b64\u5916\uff0c\u5f15\u9886\u7b2c\u56db\u6b21\u5de5\u4e1a\u9769\u547d\u7684\u9ad8\u65b0\u6280\u672f\u548c\u6b66\u5668\u7814\u53d1\u9884\u7b97\u540c\u6bd4\u589e\u52a043.9%\uff0c\u4e3a1.0472\u4e07\u4ebf\u97e9\u5143\uff1b\u56fd\u9632\u7814\u53d1\u9884\u7b97\u540c\u6bd4\u589e\u52a08.5%\uff0c\u4e3a4.2524\u4e07\u4ebf\u97e9\u5143\uff1b\u8d2d\u4e70\u6b66\u5668\u4f53\u7cfb\u9884\u7b97\u4e2d\u56fd\u5185\u6295\u8d44\u6bd4\u91cd\u4ece\u4eca\u5e74\u768469.2%\u4e0a\u8c03\u5230\u660e\u5e74\u768474.7%\u3002", "events": [], "arguments": {"time": [], "loc": [], "country": [], "weapon": []}}]