[{"sentence": "\u9891\u7e41\u4ea4\u950b\uff01", "events": [], "arguments": {"time": [], "loc": [], "country": [], "weapon": []}}, {"sentence": "\u4fc4\u519b\u6218\u6597\u673a5\u5929\u51853\u6b21\u62e6\u622a\u7f8e\u519bB-52\u8f70\u70b8\u673a", "events": [], "arguments": {"time": [], "loc": [], "country": [], "weapon": [{"text": "\u6218\u6597\u673a", "offset": 2, "length": 3}, {"text": "B-52\u8f70\u70b8\u673a", "offset": 14, "length": 7}]}}, {"sentence": "\u3010\u73af\u7403\u7f51\u519b\u4e8b\u62a5\u9053\u3011", "events": [], "arguments": {"time": [], "loc": [], "country": [], "weapon": []}}, {"sentence": "\u4fc4\u7f57\u65af\u536b\u661f\u901a\u8baf\u793e9\u67081\u65e5\u62a5\u9053\uff0c\u4fc4\u56fd\u5bb6\u9632\u5fa1\u6307\u6325\u4e2d\u5fc3\u53d1\u5e03\u6d88\u606f\u79f0\uff0c\u4fc4\u7f57\u65af\u6218\u6597\u673a8\u670831\u65e5\u5728\u6ce2\u7f57\u7684\u6d77\u4e0a\u7a7a\u4f34\u98de\u7f8e\u56fd\u6218\u7565\u8f70\u70b8\u673a\u3002", "events": [], "arguments": {"time": [{"text": "8\u670831\u65e5", "offset": 36, "length": 5}, {"text": "9\u67081\u65e5", "offset": 8, "length": 4}], "loc": [], "country": [], "weapon": [{"text": "\u6218\u7565\u8f70\u70b8\u673a", "offset": 52, "length": 5}]}}, {"sentence": "\u4fc4\u56fd\u5bb6\u9632\u5fa1\u6307\u6325\u4e2d\u5fc3\u5728\u6d88\u606f\u4e2d\u79f0\uff1a\u201c8\u670831\u65e5\u4fc4\u7f57\u65af\u7684\u6ce2\u7f57\u7684\u6d77\u4e2d\u7acb\u6c34\u57df\u7a7a\u57df\u76d1\u63a7\u8bbe\u5907\u53d1\u73b0\u63a5\u8fd1\u4fc4\u8054\u90a6\u56fd\u754c\u7684\u4e09\u4e2a\u7a7a\u4e2d\u76ee\u6807\u3002", "events": [], "arguments": {"time": [], "loc": [], "country": [], "weapon": []}}, {"sentence": "\u201d\u6ce2\u7f57\u7684\u6d77\u8230\u961f\u5bf9\u7a7a\u9632\u5fa1\u503c\u73ed\u5175\u529b\u7f16\u6210\u5185\u76843\u67b6\u82cf-27\u6218\u6597\u673a\u5347\u7a7a\u3002", "events": [], "arguments": {"time": [], "loc": [], "country": [], "weapon": [{"text": "\u82cf-27\u6218\u6597\u673a", "offset": 21, "length": 7}]}}, {"sentence": "\u6d88\u606f\u8865\u5145\u79f0\uff1a\u201c\u4fc4\u7f57\u65af\u6218\u6597\u673a\u673a\u7ec4\u4eba\u5458\u8bc6\u522b\u51fa\u7a7a\u4e2d\u76ee\u6807\u4e3a\u7f8e\u56fd\u7a7a\u519bB-52H\u6218\u7565\u8f70\u70b8\u673a\u3002", "events": [], "arguments": {"time": [], "loc": [], "country": [{"text": "\u4fc4\u7f57\u65af", "offset": 7, "length": 3}], "weapon": [{"text": "B-52H\u6218\u7565\u8f70\u70b8\u673a", "offset": 29, "length": 10}]}}, {"sentence": "\u5728\u5c06\u7f8e\u56fd\u98de\u673a\u9a71\u79bb\u4fc4\u8054\u90a6\u56fd\u754c\u540e\uff0c\u4fc4\u7f57\u65af\u6b7c\u51fb\u673a\u5b89\u5168\u5730\u8fd4\u56de\u4e86\u9a7b\u624e\u673a\u573a\u3002", "events": [], "arguments": {"time": [], "loc": [], "country": [], "weapon": [{"text": "\u6b7c\u51fb\u673a", "offset": 18, "length": 3}]}}, {"sentence": "\u201d", "events": [], "arguments": {"time": [], "loc": [], "country": [], "weapon": []}}, {"sentence": "\u8be5\u6d88\u606f\u5f3a\u8c03\u79f0\uff0c\u82cf-27\u7684\u6574\u4e2a\u98de\u884c\u4e25\u683c\u9075\u5b88\u7a7a\u57df\u4f7f\u7528\u56fd\u9645\u6cd5\uff0c\u201c\u672a\u5bb9\u8bb8\u53d1\u751f\u7f8e\u56fd\u98de\u673a\u4fb5\u72af\u4fc4\u8054\u90a6\u56fd\u754c\u7684\u884c\u4e3a\u201d\u3002", "events": [], "arguments": {"time": [], "loc": [], "country": [], "weapon": [{"text": "\u82cf-27", "offset": 7, "length": 4}]}}, {"sentence": "\u8fd1\u65e5\u7f8e\u56fd\u7a7a\u519b\u7684B-52\u6218\u7565\u8f70\u70b8\u673a\u9891\u7e41\u51fa\u73b0\u5728\u4fc4\u7f57\u65af\u9644\u8fd1\u6d77\u57df\u4e0a\u7a7a\uff0c\u4fc4\u519b\u591a\u6b21\u6d3e\u51fa\u6218\u6597\u673a\u8fdb\u884c\u62e6\u622a\u4f34\u98de\u3002", "events": [{"trigger": {"text": "\u62e6\u622a\u4f34\u98de", "offset": 42, "length": 4}, "subject": {"text": "\u4fc4\u519b", "offset": 31, "length": 2}, "object": {"text": "B-52\u6218\u7565\u8f70\u70b8\u673a", "offset": 7, "length": 9}}], "arguments": {"time": [], "loc": [], "country": [{"text": "\u7f8e\u56fd", "offset": 2, "length": 2}], "weapon": [{"text": "B-52\u6218\u7565\u8f70\u70b8\u673a", "offset": 7, "length": 9}]}}, {"sentence": "8\u670828\u65e5\uff0c \u4fc4\u7f57\u65af\u56fd\u9632\u90e8\u6307\u6325\u4e2d\u5fc3\u4e5f\u53d1\u5e03\u6d88\u606f\u79f0\uff0c\u6ce2\u7f57\u7684\u6d77\u8230\u961f\u9632\u7a7a\u90e8\u961f\u503c\u73ed\u7684\u4e24\u67b6\u82cf-27\u6218\u6597\u673a\u5728\u6ce2\u7f57\u7684\u6d77\u4e0a\u7a7a\u53d1\u73b0\u4e86\u4e24\u67b6\u7f8e\u519bB-52\u8f70\u70b8\u673a\uff1b8\u670827\u65e5\uff0c\u4fc4\u7f57\u65af\u5357\u90e8\u519b\u533a\u9632\u7a7a\u90e8\u961f\u62c5\u4efb\u6218\u5907\u6267\u52e4\u4efb\u52a1\u7684\u4e24\u67b6\u82cf-27\u6218\u673a\u5728\u9ed1\u6d77\u4e0a\u7a7a\u67e5\u8bc1\u548c\u62e6\u622a\u4e86\u4e24\u67b6\u7f8e\u519bB-52H\u6218\u7565\u8f70\u70b8\u673a\u3002", "events": [], "arguments": {"time": [], "loc": [], "country": [], "weapon": [{"text": "\u82cf-27\u6218\u6597\u673a", "offset": 39, "length": 7}, {"text": "\u82cf-27\u6218\u673a", "offset": 96, "length": 6}, {"text": "B-52H\u6218\u7565\u8f70\u70b8\u673a", "offset": 117, "length": 10}]}}, {"sentence": "\u4fc4\u56fd\u9632\u90e8\u8868\u793a\uff0c\u6ca1\u6709\u53d1\u751f\u7f8e\u519b\u98de\u673a\u4fb5\u72af\u4fc4\u7f57\u65af\u9886\u7a7a\u7684\u60c5\u51b5\u3002", "events": [], "arguments": {"time": [], "loc": [], "country": [], "weapon": [{"text": "\u98de\u673a", "offset": 13, "length": 2}]}}]