[{"sentence": "\u7f8e\u56fd\u5c06\u5411\u65e5\u672c\u51fa\u552e\u5148\u8fdb\u7a7a\u5bf9\u7a7a\u5bfc\u5f39\u00a0\u603b\u4ef7\u7ea66300\u4e07\u7f8e\u5143", "events": [], "arguments": {"time": [], "loc": [], "country": [], "weapon": [{"text": "\u5148\u8fdb\u7a7a\u5bf9\u7a7a\u5bfc\u5f39", "offset": 8, "length": 7}]}}, {"sentence": "\u3010\u73af\u7403\u7f51\u62a5\u9053 \u8bb0\u8005 \u9a6c\u5ca9\u3011", "events": [], "arguments": {"time": [], "loc": [], "country": [], "weapon": []}}, {"sentence": "\u636e\u201c\u9632\u52a1\u535a\u5ba2\u201d\u7f51\u7ad98\u670830\u65e5\u62a5\u9053\uff0c\u4e94\u89d2\u5927\u697c\u8fd1\u65e5\u5df2\u901a\u77e5\u56fd\u4f1a\uff0c\u8ba1\u5212\u5411\u65e5\u672c\u51fa\u552eAIM-120C-8\u5148\u8fdb\u4e2d\u7a0b\u7a7a\u5bf9\u7a7a\u5bfc\u5f39\uff08AMRAAM\uff09\u3002", "events": [{"trigger": {"text": "\u51fa\u552e", "offset": 34, "length": 2}, "subject": {"text": "\u4e94\u89d2\u5927\u697c", "offset": 17, "length": 4}, "object": {"text": "AIM-120C-8\u5148\u8fdb\u4e2d\u7a0b\u7a7a\u5bf9\u7a7a\u5bfc\u5f39\uff08AMRAAM\uff09", "offset": 36, "length": 27}}], "arguments": {"time": [{"text": "8\u670830\u65e5", "offset": 9, "length": 5}], "loc": [], "country": [], "weapon": [{"text": "\u51fa\u552e", "offset": 34, "length": 2}]}}, {"sentence": "\u62a5\u9053\u79f0\uff0c8\u670826\u65e5\uff0c\u7f8e\u56fd\u56fd\u52a1\u9662\u5df2\u7ecf\u6279\u51c6\u5411\u65e5\u672c\u51fa\u552e32\u679aAIM-120C-8\u7a7a\u5bf9\u7a7a\u5bfc\u5f39\u4ee5\u53ca\u6280\u672f\u652f\u6301\uff0c\u4ef7\u683c\u9884\u8ba1\u7ea6\u4e3a6300\u4e07\u7f8e\u5143\u3002", "events": [], "arguments": {"time": [{"text": "8\u670826\u65e5", "offset": 4, "length": 5}], "loc": [], "country": [{"text": "\u7f8e\u56fd", "offset": 10, "length": 2}], "weapon": [{"text": "AIM-120C-8\u7a7a\u5bf9\u7a7a\u5bfc\u5f39", "offset": 27, "length": 15}]}}, {"sentence": "\u62a5\u9053\u79f0\uff0c\u65e5\u672c\u8981\u6c42\u8d2d\u4e7032\u679aAIM-120C-8\u7a7a\u5bf9\u7a7a\u5bfc\u5f39\uff0c\u4e00\u4e2a\u5236\u5bfc\u90e8\u5206\u5907\u4ef6\uff0c\u4ee5\u53ca\u88c5\u8f7d\u5bfc\u5f39\u7684\u5bb9\u5668\u3001\u652f\u6301\u8bbe\u5907\u3001\u7ef4\u4fee\u90e8\u4ef6\u3001\u7f8e\u56fd\u653f\u5e9c\u548c\u627f\u5305\u5546\u7684\u6280\u672f\u548c\u540e\u52e4\u652f\u6301\u670d\u52a1\u3001\u540e\u52e4\u548c\u9879\u76ee\u652f\u6301\u7684\u5176\u5b83\u76f8\u5173\u8981\u7d20\u3002", "events": [], "arguments": {"time": [], "loc": [], "country": [{"text": "\u65e5\u672c", "offset": 4, "length": 2}], "weapon": [{"text": "AIM-120C-8\u7a7a\u5bf9\u7a7a\u5bfc\u5f39", "offset": 13, "length": 15}]}}, {"sentence": "\u8be5\u9879\u76ee\u7684\u4e3b\u627f\u5305\u5546\u662f\u201c\u96f7\u795e\u201d\u5bfc\u5f39\u7cfb\u7edf\u516c\u53f8\u3002", "events": [], "arguments": {"time": [], "loc": [], "country": [], "weapon": []}}, {"sentence": "\u636e\u6089\uff0cAMRAAM\u662f\u4e00\u79cd\u96f7\u8fbe\u5236\u5bfc\u7a7a\u5bf9\u7a7a\u5bfc\u5f39\uff0c\u5728\u89c6\u8ddd\u548c\u8d85\u89c6\u8ddd\u8303\u56f4\u5747\u53ef\u4f7f\u7528\u3002", "events": [], "arguments": {"time": [], "loc": [], "country": [], "weapon": [{"text": "AMRAAM", "offset": 3, "length": 6}, {"text": "\u96f7\u8fbe\u5236\u5bfc\u7a7a\u5bf9\u7a7a\u5bfc\u5f39", "offset": 12, "length": 9}]}}, {"sentence": "\u6b64\u5916\uff0c\u4e00\u67b6\u6218\u6597\u673a\u53ef\u4f7f\u7528\u591a\u679aAMRAAM\u540c\u65f6\u653b\u51fb\u591a\u4e2a\u76ee\u6807\u3002", "events": [], "arguments": {"time": [], "loc": [], "country": [], "weapon": [{"text": "\u6218\u6597\u673a", "offset": 5, "length": 3}, {"text": "AMRAAM", "offset": 13, "length": 6}]}}, {"sentence": "\u636e\u201c\u96f7\u795e\u201d\u516c\u53f8\u4ecb\u7ecd\uff0c\u7ecf\u8fc730\u591a\u5e74\u7684\u8bbe\u8ba1\u3001\u5347\u7ea7\u3001\u6d4b\u8bd5\u548c\u751f\u4ea7\uff0cAIM-120\u53ef\u7ee7\u7eed\u5728\u5168\u5929\u5019\u548c\u8d85\u89c6\u8ddd\u6761\u4ef6\u4e0b\u6ee1\u8db3\u4f5c\u6218\u4eba\u5458\u7684\u9700\u6c42\u3002", "events": [], "arguments": {"time": [], "loc": [], "country": [], "weapon": [{"text": "AIM-120", "offset": 29, "length": 7}]}}, {"sentence": "\u7ecf\u8fc74800\u591a\u6b21\u6d4b\u8bd5\u5c04\u51fb\u548c10\u591a\u6b21\u7a7a\u5bf9\u7a7a\u6218\u6597\u7684\u80dc\u5229\uff0c\u5b83\u7684\u80fd\u529b\u5f97\u5230\u4e86\u5145\u5206\u7684\u8bc1\u660e\u3002", "events": [], "arguments": {"time": [], "loc": [], "country": [], "weapon": []}}, {"sentence": "\uff08\u5b8c\uff09", "events": [], "arguments": {"time": [], "loc": [], "country": [], "weapon": []}}, {"sentence": "\uff08\u5b8c\uff09", "events": [], "arguments": {"time": [], "loc": [], "country": [], "weapon": []}}]