[{"sentence": "\u5728\u63d0\u4f9bF-35\u6218\u673a\u4e4b\u540e\u00a0\u7f8e\u56fd\u53c8\u5356\u7ed9\u65e5\u672c\u4e00\u6b3e\u5173\u952e\u7a7a\u7a7a\u5bfc\u5f39", "events": [], "arguments": {"time": [], "loc": [], "country": [], "weapon": [{"text": "F-35\u6218\u673a", "offset": 3, "length": 6}, {"text": "\u7a7a\u7a7a\u5bfc\u5f39", "offset": 23, "length": 4}]}}, {"sentence": "\u3010\u73af\u7403\u7f51\u62a5\u9053 \u8bb0\u8005 \u5f90\u7490\u660e\u3011", "events": [], "arguments": {"time": [], "loc": [], "country": [], "weapon": []}}, {"sentence": "\u636e\u5370\u5ea6\u300a\u6b27\u4e9a\u65f6\u62a5\u300b8\u670827\u65e5\u62a5\u9053\uff0c\u5728\u5411\u65e5\u672c\u63d0\u4f9bF-35\u6218\u6597\u673a\u4e4b\u540e\uff0c\u7f8e\u56fd\u53c8\u6279\u51c6\u5411\u65e5\u672c\u51fa\u552e\u4e00\u6b3e\u5148\u8fdb\u7a7a\u7a7a\u5bfc\u5f39\u3002", "events": [], "arguments": {"time": [{"text": "8\u670827\u65e5", "offset": 9, "length": 5}], "loc": [], "country": [], "weapon": [{"text": "F-35\u6218\u6597\u673a", "offset": 23, "length": 7}, {"text": "\u7a7a\u7a7a\u5bfc\u5f39", "offset": 47, "length": 4}]}}, {"sentence": "\u7f8e\u56fd\u56fd\u9632\u5b89\u5168\u5408\u4f5c\u5c408\u670826\u65e5\u5728\u4e00\u4efd\u65b0\u95fb\u7a3f\u4e2d\u5ba3\u5e03\u4e86\u4e24\u9879\u4ef7\u503c1.09\u4ebf\u7f8e\u5143\u7684\u5bf9\u5916\u519b\u552e\uff0c\u5411\u65e5\u672c\u548c\u82f1\u56fd\u63d0\u4f9b\u5bfc\u5f39\u3002", "events": [], "arguments": {"time": [{"text": "8\u670826\u65e5", "offset": 9, "length": 5}], "loc": [], "country": [{"text": "\u7f8e\u56fd", "offset": 0, "length": 2}, {"text": "\u65e5\u672c", "offset": 42, "length": 2}, {"text": "\u82f1\u56fd", "offset": 45, "length": 2}], "weapon": [{"text": "\u5bfc\u5f39", "offset": 49, "length": 2}]}}, {"sentence": "\u8fd9\u4e24\u9879\u519b\u552e\u534f\u8bae\u5305\u62ec\u5411\u82f1\u56fd\u51fa\u552e\u201c\u5730\u72f1\u706b\u201d\u53cd\u5766\u514b\u5bfc\u5f39\u4ee5\u53ca\u5411\u65e5\u672c\u51fa\u552eAIM-120\u201c\u5148\u8fdb\u4e2d\u7a0b\u7a7a\u5bf9\u7a7a\u5bfc\u5f39\u201d\uff08AMRAAM\uff09\u3002", "events": [], "arguments": {"time": [], "loc": [], "country": [], "weapon": [{"text": "\u201c\u5730\u72f1\u706b\u201d\u53cd\u5766\u514b\u5bfc\u5f39", "offset": 14, "length": 10}, {"text": "AIM-120\u201c\u5148\u8fdb\u4e2d\u7a0b\u7a7a\u5bf9\u7a7a\u5bfc\u5f39\u201d", "offset": 31, "length": 18}]}}, {"sentence": "\u62a5\u9053\u79f0\uff0c\u7f8e\u56fd\u8ba1\u5212\u5411\u65e5\u672c\u51fa\u552e\u7684\u662f32\u5957AIM-120C-8\u578b\u5bfc\u5f39\uff0c\u9884\u8ba1\u603b\u91d1\u989d\u4e3a6300\u4e07\u7f8e\u5143\uff0c\u5c06\u7528\u4e8e\u88c5\u5907\u65e5\u672c\u7684F-35\u6218\u6597\u673a\u3002", "events": [{"trigger": {"text": "\u51fa\u552e", "offset": 11, "length": 2}, "subject": {"text": "\u7f8e\u56fd", "offset": 4, "length": 2}, "object": {"text": "AIM-120C-8\u578b\u5bfc\u5f39", "offset": 18, "length": 13}}], "arguments": {"time": [], "loc": [], "country": [], "weapon": [{"text": "AIM-120C-8\u578b\u5bfc\u5f39", "offset": 18, "length": 13}, {"text": "F-35\u6218\u6597\u673a", "offset": 54, "length": 7}]}}, {"sentence": "\u7f8e\u56fd\u56fd\u9632\u90e8\u5728\u58f0\u660e\u4e2d\u79f0\uff0c\u8fd9\u9879\u519b\u552e\u5c06\u4e3a\u65e5\u672c\u63d0\u4f9b\u5173\u952e\u7684\u9632\u7a7a\u80fd\u529b\u3002", "events": [], "arguments": {"time": [], "loc": [], "country": [], "weapon": []}}, {"sentence": "\u519b\u552e\u534f\u8bae\u4e2d\u7f8e\u65b9\u8fd8\u5c06\u63d0\u4f9b\u5bfc\u5f39\u76f8\u5173\u7684\u5907\u4ef6\u3001\u652f\u6301\u8bbe\u5907\u548c\u7ef4\u4fee\u96f6\u4ef6\u3002", "events": [], "arguments": {"time": [], "loc": [], "country": [], "weapon": [{"text": "\u5bfc\u5f39", "offset": 11, "length": 2}]}}]