[{"sentence": "\u4e4c\u514b\u5170\u90e8\u7f72\u65b0\u6b3e\u5cb8\u8230\u5bfc\u5f39\u00a0\u53ef\u5728\u4efb\u4f55\u6c14\u8c61\u6761\u4ef6\u4e0b\u7cbe\u786e\u6253\u51fb\u76ee\u6807", "events": [], "arguments": {"time": [], "loc": [], "country": [], "weapon": [{"text": "\u5cb8\u8230\u5bfc\u5f39", "offset": 7, "length": 4}]}}, {"sentence": "\u3010\u73af\u7403\u7f51\u62a5\u9053 \u8bb0\u8005 \u9a6c\u5ca9\u3011", "events": [], "arguments": {"time": [], "loc": [], "country": [], "weapon": []}}, {"sentence": "\u636e\u300a\u7b80\u6c0f\u9632\u52a1\u5468\u520a\u300b\u7f51\u7ad98\u670827\u65e5\u62a5\u9053\uff0c\u4e4c\u514b\u5170\u56fd\u9632\u90e8\u957f\u5b89\u5fb7\u91cc\u2022\u5854\u5170\u8fd1\u65e5\u6279\u51c6\u90e8\u7f72RK-360MC\u201c\u6d77\u738b\u661f\u201d\u5cb8\u8230\u5bfc\u5f39\uff0c\u8fd9\u6b3e\u65b0\u5bfc\u5f39\u6b64\u524d\u5df2\u7ecf\u6210\u529f\u901a\u8fc7\u56fd\u5bb6\u6d4b\u8bd5\u3002", "events": [{"trigger": {"text": "\u90e8\u7f72", "offset": 36, "length": 2}, "subject": {"text": "\u4e4c\u514b\u5170\u56fd\u9632\u90e8", "offset": 19, "length": 6}, "object": {"text": "RK-360MC\u201c\u6d77\u738b\u661f\u201d\u5cb8\u8230\u5bfc\u5f39", "offset": 38, "length": 17}}], "arguments": {"time": [{"text": "8\u670827\u65e5", "offset": 11, "length": 5}], "loc": [], "country": [{"text": "\u4e4c\u514b\u5170", "offset": 19, "length": 3}], "weapon": [{"text": "RK-360MC\u201c\u6d77\u738b\u661f\u201d\u5cb8\u8230\u5bfc\u5f39", "offset": 38, "length": 17}]}}, {"sentence": "RK-360MC\u662f\u4e00\u79cd\u9646\u57fa\u5de1\u822a\u5bfc\u5f39\u7cfb\u7edf\uff0c\u53ef\u4ee5\u6253\u51fb\u6218\u8230\u3001\u767b\u9646\u8230\u3001\u8fd0\u8f93\u8239\u7b49\u76ee\u6807\uff0c\u80fd\u9002\u5e94\u5168\u5929\u6216\u5168\u5e74\u7684\u4efb\u4f55\u6c14\u8c61\u6761\u4ef6\uff0c\u4e5f\u80fd\u5728\u654c\u65b9\u706b\u529b\u6253\u51fb\u6216\u7535\u5b50\u5e72\u6270\u6761\u4ef6\u4e0b\u8fd0\u884c\u3002", "events": [], "arguments": {"time": [], "loc": [], "country": [], "weapon": [{"text": "RK-360MC", "offset": 0, "length": 8}]}}, {"sentence": "\u8be5\u5bfc\u5f39\u7cfb\u7edf\u7684\u5e95\u76d8\u662fKrAZ-7634NE\u516b\u8f6e\u8f7d\u91cd\u6c7d\u8f66\uff0c\u6b64\u5e95\u76d8\u8f66\u53ef\u4ee5\u642d\u8f7d4\u90e8\u5bfc\u5f39\u53d1\u5c04\u5668\u3002", "events": [], "arguments": {"time": [], "loc": [], "country": [], "weapon": [{"text": "KrAZ-7634NE\u516b\u8f6e\u8f7d\u91cd\u6c7d\u8f66", "offset": 9, "length": 17}, {"text": "\u5bfc\u5f39\u53d1\u5c04\u5668", "offset": 37, "length": 5}]}}, {"sentence": "\u8ba1\u5212\u6210\u7acb\u7684\u4e00\u4e2aRK-360MC\u5bfc\u5f39\u8425\u5305\u62ec6\u90e8USPU-360\u53d1\u5c04\u5668\u3001TZM-360\u8fd0\u8f93\u88c5\u586b\u8f66\u3001TM-360\u8fd0\u8f93\u8f66\uff0c\u4ee5\u53ca\u4e00\u4e2a\u79fb\u52a8\u6307\u6325\u7ad9\u3002", "events": [], "arguments": {"time": [], "loc": [], "country": [], "weapon": [{"text": "USPU-360\u53d1\u5c04\u5668", "offset": 22, "length": 11}, {"text": "TZM-360\u8fd0\u8f93\u88c5\u586b\u8f66", "offset": 34, "length": 12}, {"text": "TM-360\u8fd0\u8f93\u8f66", "offset": 47, "length": 9}]}}, {"sentence": "\u6bcf\u4e2a\u5bfc\u5f39\u8425\u5c06\u62e5\u670972\u679a\u5df2\u7ecf\u88c5\u5165\u53d1\u5c04\u5668\u7684\u5bfc\u5f39\uff0c\u4ee5\u53ca48\u679a\u88c5\u5728\u8fd0\u8f93\u8f66\u91cc\u7684\u5bfc\u5f39\u3002", "events": [], "arguments": {"time": [], "loc": [], "country": [], "weapon": [{"text": "\u5bfc\u5f39", "offset": 19, "length": 2}, {"text": "\u5bfc\u5f39", "offset": 34, "length": 2}]}}, {"sentence": "\uff08\u5b8c\uff09", "events": [], "arguments": {"time": [], "loc": [], "country": [], "weapon": []}}, {"sentence": "\uff08\u5b8c\uff09", "events": [], "arguments": {"time": [], "loc": [], "country": [], "weapon": []}}]