[{"sentence": "\u60ca\u9669\uff01", "events": [], "arguments": {"time": [], "loc": [], "country": [], "weapon": []}}, {"sentence": "\u7f8e\u56fd\u6d77\u8b66\u8239\u5458\u5f00\u6d77\u4e0a\u6d3e\u5bf9\uff0c\u7a81\u7136\u6e38\u6765\u4e24\u7c73\u591a\u957f\u9ca8\u9c7c", "events": [], "arguments": {"time": [], "loc": [], "country": [], "weapon": []}}, {"sentence": "\u3010\u73af\u7403\u7f51\u62a5\u9053 \u8bb0\u8005 \u5f90\u7490\u660e\u3011", "events": [], "arguments": {"time": [], "loc": [], "country": [], "weapon": []}}, {"sentence": "\u636e\u7f8e\u56fd\u300a\u519b\u961f\u65f6\u62a5\u300b8\u670827\u65e5\u62a5\u9053\uff0c\u7f8e\u56fd\u6d77\u5cb8\u8b66\u536b\u961f\u7684\u201c\u91d1\u535a\u5c14\u201d\u53f7\u5de1\u903b\u8230\u4e0a\u5468\u5728\u5f00\u201c\u6d77\u4e0a\u6d3e\u5bf9\u201d\u7684\u65f6\u5019\uff0c\u7a81\u7136\u51fa\u73b0\u4e86\u4e00\u6761\u9ca8\u9c7c\uff0c\u800c\u8d1f\u8d23\u8b66\u6212\u7684\u8239\u5458\u679c\u65ad\u5f00\u67aa\u5c06\u9ca8\u9c7c\u8d76\u8d70\u3002", "events": [], "arguments": {"time": [], "loc": [], "country": [], "weapon": [{"text": "\u201c\u91d1\u535a\u5c14\u201d\u53f7\u5de1\u903b\u8230", "offset": 25, "length": 9}]}}, {"sentence": "\u753b\u9762\u663e\u793a\uff0c\u5f53\u65f6\u5341\u4f59\u540d\u6d77\u5cb8\u8b66\u536b\u961f\u961f\u5458\u6b63\u5728\u6d77\u4e0a\u6e38\u73a9\uff0c\u4ed6\u4eec\u8fd8\u5e26\u4e86\u6e38\u6cf3\u5708\u3001\u5145\u6c14\u6d6e\u5e8a\u7b49\u7269\u54c1\uff0c\u800c\u6ca1\u60f3\u5230\u6b64\u65f6\u5371\u9669\u5374\u6084\u7136\u9760\u8fd1\u3002", "events": [], "arguments": {"time": [], "loc": [], "country": [], "weapon": []}}, {"sentence": "\u4e00\u6761\u4f30\u8ba1\u67096\u52308\u82f1\u5c3a\uff08\u7ea61.8\u52302.4\u7c73\uff09\u957f\u7684\u9ca8\u9c7c\u7a81\u7136\u5411\u4ed6\u4eec\u9760\u8fd1\u3002", "events": [], "arguments": {"time": [], "loc": [], "country": [], "weapon": []}}, {"sentence": "\u9ca8\u9c7c\u6e38\u5230\u4e86\u8ddd\u79bb\u4e00\u540d\u5728\u6c34\u4e2d\u7684\u8239\u5458\u53ea\u6709\u6570\u7c73\u7684\u8ddd\u79bb\uff0c\u5de1\u903b\u8247\u4e0a\u7684\u4eba\u4e5f\u5411\u4eba\u7fa4\u53d1\u51fa\u4e86\u9ca8\u9c7c\u6765\u88ad\u7684\u8b66\u544a\uff0c\u540c\u65f6\u8d1f\u8d23\u8b66\u6212\u7684\u4e00\u7b49\u58eb\u5b98\u585e\u7f2a\u5c14\u00b7\u8f9b\u7279\u9f99\u679c\u65ad\u5411\u9ca8\u9c7c\u8fde\u5f00\u6570\u67aa\u5c04\u51fb\uff0c\u9ca8\u9c7c\u6389\u5934\u6e38\u8d70\u3002", "events": [], "arguments": {"time": [], "loc": [], "country": [], "weapon": []}}, {"sentence": "\u4f46\u968f\u540e\u8fd9\u6761\u9ca8\u9c7c\u53c8\u7ed5\u4e86\u56de\u6765\uff0c\u7ee7\u7eed\u6e38\u5411\u6c34\u9762\u7684\u4eba\u7fa4\uff0c\u8b66\u6212\u4eba\u5458\u7ee7\u7eed\u5411\u5176\u5f00\u67aa\uff0c\u6700\u7ec8\u6210\u529f\u5c06\u5176\u9a71\u79bb\u3002", "events": [], "arguments": {"time": [], "loc": [], "country": [], "weapon": []}}, {"sentence": "\u800c\u5728\u6c34\u9762\u6e38\u73a9\u7684\u8239\u5458\u4e5f\u7eb7\u7eb7\u767b\u4e0a\u5feb\u8247\uff0c\u79bb\u5f00\u6c34\u9762\u3002", "events": [], "arguments": {"time": [], "loc": [], "country": [], "weapon": [{"text": "\u5feb\u8247", "offset": 14, "length": 2}]}}, {"sentence": "\u6574\u4e2a\u8fc7\u7a0b\u6c1b\u56f4\u76f8\u5f53\u7d27\u5f20\uff0c\u8b66\u6212\u4eba\u5458\u524d\u540e\u5f00\u4e86\u8fd120\u67aa\u624d\u6210\u529f\u5c06\u9ca8\u9c7c\u8d76\u8d70\u3002", "events": [], "arguments": {"time": [], "loc": [], "country": [], "weapon": []}}, {"sentence": "\u7f8e\u56fd\u56fd\u9632\u90e8\u5728\u968f\u540e\u7684\u4e00\u4efd\u65b0\u95fb\u7a3f\u4e2d\u8bf4\uff1a\u201c\u5e78\u8fd0\u7684\u662f\uff0c\u6bcf\u4e2a\u4eba\u6700\u7ec8\u90fd\u5b89\u5168\u79bb\u5f00\u6c34\u9762\uff0c\u9ca8\u9c7c\u5728\u6e38\u8d70\u65f6\u4f3c\u4e4e\u6ca1\u6709\u53d7\u4f24\u3002", "events": [], "arguments": {"time": [], "loc": [], "country": [], "weapon": []}}, {"sentence": "\u201d", "events": [], "arguments": {"time": [], "loc": [], "country": [], "weapon": []}}, {"sentence": "\u515c\u4e86\u4e00\u5708\u4e4b\u540e\u9ca8\u9c7c\u53c8\u7ed5\u4e86\u56de\u6765\uff0c\u8b66\u6212\u4eba\u5458\u518d\u6b21\u5f00\u67aa\u9a71\u79bb\uff0c\u53ef\u4ee5\u770b\u5230\u5b50\u5f39\u6253\u5728\u6c34\u9762\u4e0a\u6e85\u8d77\u6d6a\u82b1\u3002", "events": [], "arguments": {"time": [], "loc": [], "country": [], "weapon": []}}, {"sentence": "\u7f8e\u56fd\u6d77\u519b\u548c\u6d77\u5cb8\u8b66\u536b\u961f\u7684\u8230\u8239\u4f1a\u5b9a\u671f\u4e3e\u884c\u6d77\u4e0a\u6e38\u6cf3\u3001\u8df3\u6c34\u7b49\u6d3b\u52a8\uff0c\u4ee5\u7f13\u89e3\u957f\u65f6\u95f4\u6d77\u4e0a\u90e8\u7f72\u5e26\u6765\u7684\u7cbe\u795e\u538b\u529b\uff0c\u540c\u65f6\u953b\u70bc\u8239\u5458\u7684\u4f53\u80fd\u548c\u6c42\u751f\u80fd\u529b\uff0c\u7f8e\u56fd\u6d77\u519b\u5c06\u8fd9\u79cd\u6d3b\u52a8\u79f0\u4e3a\u201cSwim Call\u201d\u3002", "events": [], "arguments": {"time": [], "loc": [], "country": [], "weapon": []}}, {"sentence": "\u4f46\u8fd9\u79cd\u6e38\u6cf3\u6d3b\u52a8\u9762\u4e34\u7684\u6700\u5927\u5a01\u80c1\u5c31\u662f\u9ca8\u9c7c\uff0c\u6240\u4ee5\u5728\u5f00\u5c55\u6d3b\u52a8\u65f6\u8239\u4e0a\u90fd\u4f1a\u914d\u5907\u4e13\u95e8\u7684\u6301\u67aa\u8b66\u6212\u4eba\u5458\uff0c\u4ed6\u4eec\u65f6\u523b\u7d27\u76ef\u7740\u6d77\u9762\uff0c\u4e00\u65e6\u53d1\u73b0\u9ca8\u9c7c\u63a5\u8fd1\u4eba\u7fa4\u5c31\u5f00\u67aa\u9a71\u79bb\u3002", "events": [], "arguments": {"time": [], "loc": [], "country": [], "weapon": []}}]