[{"sentence": "\u7f8e\u56fd\u68ee\u6797\u5927\u706b\u70e7\u5230\u519b\u4e8b\u57fa\u5730\u8fb9\u4e0a\u00a0\u505c\u673a\u576a\u4e0a\u8fd8\u505c\u7740\u5927\u91cf\u52a0\u6cb9\u673a", "events": [], "arguments": {"time": [], "loc": [], "country": [], "weapon": [{"text": "\u52a0\u6cb9\u673a", "offset": 24, "length": 3}]}}, {"sentence": "\u3010\u73af\u7403\u7f51\u62a5\u9053 \u8bb0\u8005 \u5f90\u7490\u660e\u3011", "events": [], "arguments": {"time": [], "loc": [], "country": [], "weapon": []}}, {"sentence": "\u636e\u7f8e\u56fdThe Drive\u7f51\u7ad9\u201c\u6218\u533a\u201d\u4e13\u680f8\u670827\u65e5\u62a5\u9053\uff0c\u7f8e\u56fd\u534e\u76db\u987f\u5dde\u6ce2\u574e\u53bf\u7684\u4e00\u573a\u91ce\u706b\u76ee\u524d\u5df2\u7ecf\u8513\u5ef6\u5230\u4e86\u8d39\u5c14\u67f4\u5c14\u5fb7\u7a7a\u519b\u57fa\u5730\u3002", "events": [], "arguments": {"time": [], "loc": [], "country": [], "weapon": []}}, {"sentence": "\u6700\u65b0\u66dd\u5149\u7684\u7167\u7247\u663e\u793a\uff0c\u4e00\u80a1\u6d53\u70df\u6f02\u6d6e\u5728\u8be5\u57fa\u5730\u505c\u673a\u576a\u7684\u4e0a\u7a7a\u3002", "events": [], "arguments": {"time": [], "loc": [], "country": [], "weapon": []}}, {"sentence": "\u53d1\u5e03\u8fd9\u4e9b\u7167\u7247\u7684\u662f\u7f8e\u56fd\u7a7a\u519b\u7684\u76f4\u5347\u673a\u98de\u884c\u5458\u51ef\u5c14\u00b7\u5c3c\u5c14\u68ee\u4e0a\u5c09\uff0c\u968f\u540e\u8d39\u5c14\u67f4\u5c14\u5fb7\u7a7a\u519b\u57fa\u5730\u7684\u516c\u5171\u4e8b\u52a1\u529e\u516c\u5ba4\u4e5f\u8bc1\u5b9e\uff0c\u5927\u706b\u5df2\u7ecf\u8d8a\u8fc7\u4e86\u7a7a\u519b\u57fa\u5730\u7684\u8b66\u6212\u7ebf\uff0c\u6d88\u9632\u961f\u5458\u5df2\u7ecf\u8d76\u5230\u73b0\u573a\u706d\u706b\uff0c\u76ee\u524d\u57fa\u5730\u7684\u8bbe\u65bd\u548c\u98de\u673a\u90fd\u6ca1\u6709\u5371\u9669\u3002", "events": [], "arguments": {"time": [], "loc": [], "country": [], "weapon": []}}, {"sentence": "\u62a5\u9053\u79f0\uff0c\u8fd9\u573a\u706b\u707e\u53d1\u751f\u4e8e\u533b\u5b66\u6e56\uff08Medical Lake\uff09\u9644\u8fd1\uff0c\u5927\u706b\u5df2\u7ecf\u8513\u5ef6\u5230\u81f3\u5c1140\u82f1\u4ea9\uff0c\u5e76\u5a01\u80c1\u5230\u4e86\u7a7a\u519b\u57fa\u5730\u9644\u8fd1\u7684\u623f\u5c4b\u548c\u5176\u4ed6\u5efa\u7b51\u3002", "events": [], "arguments": {"time": [], "loc": [], "country": [], "weapon": []}}, {"sentence": "\u8fd9\u573a\u706b\u707e\u5bf9\u4e8e\u8d39\u5c14\u67f4\u5c14\u5fb7\u7a7a\u519b\u57fa\u5730\u6765\u8bf4\u6709\u4e9b\u201c\u8bbd\u523a\u201d\uff0c\u56e0\u4e3a\u8be5\u57fa\u5730\u662f\u7f8e\u56fd\u7a7a\u519b\u7b2c92\u7a7a\u4e2d\u52a0\u6cb9\u673a\u8054\u961f\u7684\u9a7b\u5730\uff0c\u90e8\u7f72\u6709KC-135R\u5927\u578b\u7a7a\u4e2d\u52a0\u6cb9\u673a\u3002", "events": [], "arguments": {"time": [], "loc": [], "country": [], "weapon": [{"text": "KC-135R\u5927\u578b\u7a7a\u4e2d\u52a0\u6cb9\u673a", "offset": 51, "length": 14}]}}, {"sentence": "\u4e0a\u5468\uff0c\u6765\u81ea\u52a0\u5dde\u7279\u62c9\u7ef4\u65af\u7a7a\u519b\u57fa\u5730\u768417\u67b6KC-10A\u52a0\u6cb9\u673a\u5728\u8d39\u5c14\u67f4\u5c14\u5fb7\u7a7a\u519b\u57fa\u5730\u964d\u843d\uff0c\u4ed6\u4eec\u539f\u672c\u662f\u4e3a\u8eb2\u907f\u52a0\u5dde\u7684\u5927\u706b\uff0c\u7ed3\u679c\u6ca1\u60f3\u5230\u8d39\u5c14\u67f4\u5c14\u5fb7\u7a7a\u519b\u57fa\u5730\u4e5f\u9762\u4e34\u91ce\u706b\u7684\u5a01\u80c1\u3002", "events": [], "arguments": {"time": [], "loc": [], "country": [], "weapon": [{"text": "KC-10A\u52a0\u6cb9\u673a", "offset": 19, "length": 9}]}}, {"sentence": "\u8d39\u5c14\u67f4\u5c14\u5fb7\u7a7a\u519b\u57fa\u5730\u505c\u673a\u576a\u4e0a\u65b9\u6d53\u70df\u6eda\u6eda\uff0c\u800c\u57fa\u5730\u5185\u8fd8\u505c\u653e\u7740\u5927\u91cf\u52a0\u6cb9\u673a\u3002", "events": [], "arguments": {"time": [], "loc": [], "country": [], "weapon": [{"text": "\u52a0\u6cb9\u673a", "offset": 29, "length": 3}]}}, {"sentence": "\u76ee\u524d\u7f8e\u519b\u5e0c\u671b\u6d88\u9632\u4eba\u5458\u80fd\u591f\u5c3d\u5feb\u63a7\u5236\u4f4f\u8d39\u5c14\u67f4\u5c14\u5fb7\u7a7a\u519b\u57fa\u5730\u548c\u5468\u8fb9\u5730\u533a\u7684\u706b\u52bf\uff0c\u4ee5\u514d\u9020\u6210\u66f4\u5927\u7684\u7834\u574f\u3002", "events": [], "arguments": {"time": [], "loc": [], "country": [], "weapon": []}}]