[{"sentence": "\u7f8e\u201c\u51c6\u822a\u6bcd\u201d\u88ab\u5927\u706b\u711a\u6bc1\u4e00\u4e8b\u6700\u65b0\u8fdb\u5c55\uff1a\u7591\u4e3a\u4e00\u540d\u6c34\u5175\u6545\u610f\u7eb5\u706b\u6240\u81f4", "events": [], "arguments": {"time": [], "loc": [], "country": [], "weapon": [{"text": "\u201c\u51c6\u822a\u6bcd\u201d", "offset": 1, "length": 5}]}}, {"sentence": "\u3010\u73af\u7403\u65f6\u62a5\u62a5\u9053 \u8bb0\u8005 \u5f20\u78ca\u3011", "events": [], "arguments": {"time": [], "loc": [], "country": [], "weapon": []}}, {"sentence": "\u8ba9\u7f8e\u56fd\u6d77\u519b\u989c\u9762\u5927\u5931\u7684\u201c\u597d\u4eba\u7406\u67e5\u5fb7\u201d\u53f7\u4e24\u6816\u653b\u51fb\u8230\u88ab\u5927\u706b\u711a\u6bc1\u4e00\u4e8b\u6709\u4e86\u65b0\u8fdb\u5c55\u3002", "events": [{"trigger": {"text": "\u711a\u6bc1", "offset": 26, "length": 2}, "subject": {"text": "\u201c\u597d\u4eba\u7406\u67e5\u5fb7\u201d\u53f7\u4e24\u6816\u653b\u51fb\u8230", "offset": 10, "length": 13}, "object": {"text": "", "offset": 0, "length": 0}}], "arguments": {"time": [], "loc": [], "country": [], "weapon": [{"text": "\u201c\u597d\u4eba\u7406\u67e5\u5fb7\u201d\u53f7\u4e24\u6816\u653b\u51fb\u8230", "offset": 10, "length": 13}]}}, {"sentence": "\u7f8e\u56fd\u300a\u9632\u52a1\u65b0\u95fb\u300b26\u65e5\u79f0\uff0c\u7f8e\u56fd\u9ad8\u7ea7\u56fd\u9632\u5b98\u5458\u62ab\u9732\uff0c\u8be5\u8230\u706b\u707e\u7591\u4e3a\u4e00\u540d\u6c34\u5175\u6545\u610f\u7eb5\u706b\u6240\u81f4\u3002", "events": [], "arguments": {"time": [], "loc": [], "country": [], "weapon": []}}, {"sentence": "\u62a5\u9053\u79f0\uff0c\u7f8e\u56fd\u6d77\u519b\u5211\u4e8b\u8c03\u67e5\u5c40\u548c\u7f8e\u56fd\u70df\u9152\u67aa\u70ae\u53ca\u7206\u70b8\u7269\u7ba1\u7406\u5c40\u6b63\u5728\u5bf9\u8fd9\u540d\u6d89\u4e8b\u6c34\u5175\u8fdb\u884c\u5ba1\u8baf\u3002", "events": [], "arguments": {"time": [], "loc": [], "country": [{"text": "\u7f8e\u56fd", "offset": 14, "length": 2}], "weapon": []}}, {"sentence": "\u8be5\u5b98\u5458\u8865\u5145\u9053\uff0c\u4e94\u89d2\u5927\u697c\u9ad8\u5c42\u4e5f\u5df2\u83b7\u6089\u4e8b\u6001\u53d1\u5c55\uff0c\u4f46\u8be5\u6d77\u519b\u58eb\u5175\u76ee\u524d\u6ca1\u6709\u88ab\u6263\u7559\u3002", "events": [], "arguments": {"time": [], "loc": [], "country": [], "weapon": []}}, {"sentence": "\u7f8e\u6d77\u519b\u5b98\u65b9\u62d2\u7edd\u56de\u7b54\u76f8\u5173\u95ee\u9898\u3002", "events": [], "arguments": {"time": [], "loc": [], "country": [], "weapon": []}}, {"sentence": "\u7f8e\u6d77\u519b\u53d1\u8a00\u4eba\u8482\u59c6\u00b7\u76ae\u7279\u514b\u4e2d\u5c09\u8868\u793a\uff1a\u201c\u4e3a\u4fdd\u8bc1\u516c\u5e73\u6b63\u4e49\uff0c\u6d77\u519b\u4e0d\u4f1a\u5bf9\u6b63\u5728\u8c03\u67e5\u8fc7\u7a0b\u4e2d\u7684\u4e8b\u4ef6\u548c\u4eba\u4f5c\u51fa\u4efb\u4f55\u8bc4\u8bba\u3002", "events": [], "arguments": {"time": [], "loc": [], "country": [], "weapon": []}}, {"sentence": "\u6211\u4eec\u76ee\u524d\u6ca1\u6709\u4ec0\u4e48\u9700\u8981\u5ba3\u5e03\u7684\u3002", "events": [], "arguments": {"time": [], "loc": [], "country": [], "weapon": []}}, {"sentence": "\u201d\u7f8e\u6d77\u519b\u5211\u4e8b\u8c03\u67e5\u5c40\u4e5f\u62d2\u7edd\u5bf9\u6b64\u6848\u53d1\u8868\u8bc4\u8bba\u3002", "events": [], "arguments": {"time": [], "loc": [], "country": [], "weapon": []}}, {"sentence": "\u7f8e\u8054\u793e\u62a5\u9053\u79f0\uff0c\u201c\u597d\u4eba\u7406\u67e5\u5fb7\u201d\u53f7\u4e8e7\u670812\u65e5\u7a81\u53d1\u5927\u706b\uff0c\u5f53\u65f6\u8239\u4e0a\u7ea6\u6709160\u540d\u6d77\u519b\u5b98\u5175\u3002", "events": [], "arguments": {"time": [{"text": "7\u670812\u65e5", "offset": 16, "length": 5}], "loc": [], "country": [], "weapon": [{"text": "\u201c\u597d\u4eba\u7406\u67e5\u5fb7\u201d\u53f7", "offset": 7, "length": 8}]}}, {"sentence": "\u7531\u4e8e\u706b\u707e\u53d1\u751f\u524d\uff0c\u8be5\u8230\u6b63\u5904\u4e8e\u8017\u8d442.5\u4ebf\u7f8e\u5143\u7684\u5347\u7ea7\u6539\u9020\u672b\u671f\uff0c\u5916\u754c\u521d\u6b65\u5206\u6790\u706b\u707e\u53ef\u80fd\u662f\u7531\u4e8e\u65bd\u5de5\u4e0d\u5f53\u9020\u6210\u7684\u3002", "events": [], "arguments": {"time": [], "loc": [], "country": [], "weapon": []}}, {"sentence": "\u201c\u597d\u4eba\u7406\u67e5\u5fb7\u201d\u53f7\u7684\u5927\u706b\u71c3\u70e7\u4e864\u5929\u624d\u7184\u706d\uff0c\u7531\u6b64\u917f\u6210\u7f8e\u56fd\u6d77\u519b\u8fd1\u5e74\u6765\u6700\u4e25\u91cd\u7684\u975e\u4f5c\u6218\u5931\u706b\u4e8b\u4ef6\uff0c\u5305\u62ec17\u540d\u6d77\u519b\u58eb\u5175\u5728\u5185\u768421\u4eba\u5728\u706b\u707e\u4e2d\u53d7\u4f24\uff0c60\u591a\u540d\u6c34\u5175\u548c\u5e73\u6c11\u56e0\u8f7b\u4f24\u3001\u4e2d\u6691\u548c\u70df\u96fe\u5438\u5165\u800c\u63a5\u53d7\u6cbb\u7597\u3002", "events": [], "arguments": {"time": [], "loc": [], "country": [], "weapon": [{"text": "\u201c\u597d\u4eba\u7406\u67e5\u5fb7\u201d\u53f7", "offset": 0, "length": 8}]}}, {"sentence": "\u521d\u6b65\u8bc4\u4f30\u663e\u793a\uff0c\u8be5\u8230\u5728\u706b\u707e\u4e2d\u906d\u53d7\u5927\u9762\u79ef\u7684\u7ed3\u6784\u3001\u7535\u6c14\u4ee5\u53ca\u673a\u68b0\u635f\u574f\u3002", "events": [], "arguments": {"time": [], "loc": [], "country": [], "weapon": []}}, {"sentence": "\u8fd9\u8d77\u706b\u707e\u8fd8\u5f71\u54cd\u5230\u7f8e\u56fd\u6d77\u519b\u7684\u672a\u6765\u53d1\u5c55\u89c4\u5212\u2014\u2014\u5728\u5f53\u524d\u7f8e\u519b\u822a\u6bcd\u201c\u4e0d\u591f\u7528\u201d\u4e4b\u9645\uff0c\u62e5\u6709\u5bbd\u5927\u7532\u677f\u7684\u4e24\u6816\u653b\u51fb\u8230\u539f\u672c\u88ab\u7f8e\u56fd\u6d77\u519b\u5f53\u4f5c\u53ef\u4ee5\u8d77\u964dF-35B\u6218\u6597\u673a\u7684\u5c0f\u578b\u822a\u6bcd\uff0c\u4f46\u706b\u707e\u540e\u8be5\u89c4\u5212\u5df2\u88ab\u63a8\u8fdf\u3002", "events": [], "arguments": {"time": [], "loc": [], "country": [], "weapon": [{"text": "\u4e24\u6816\u653b\u51fb\u8230", "offset": 43, "length": 5}, {"text": "F-35B\u6218\u6597\u673a", "offset": 61, "length": 8}]}}]