[{"sentence": "\u63ed\u79d8\uff1a\u64c5\u95ef\u89e3\u653e\u519b\u6f14\u4e60\u533a\u7684U-2\u4fa6\u5bdf\u673a\uff0c\u5230\u5e95\u4ece\u54ea\u6765\uff1f", "events": [], "arguments": {"time": [], "loc": [], "country": [], "weapon": [{"text": "U-2\u4fa6\u5bdf\u673a", "offset": 12, "length": 6}]}}, {"sentence": "\u3010\u63ed\u79d8\uff1a\u64c5\u95ef\u89e3\u653e\u519b\u6f14\u4e60\u533a\u7684U-2\u4fa6\u5bdf\u673a\uff0c\u5230\u5e95\u4ece\u54ea\u6765\uff1f\u3011", "events": [], "arguments": {"time": [], "loc": [], "country": [], "weapon": [{"text": "U-2\u4fa6\u5bdf\u673a", "offset": 13, "length": 6}]}}, {"sentence": "U-2\u662f\u7f8e\u56fd\u6d1b\u514b\u5e0c\u5fb7\u516c\u53f8\u4e8e1966\u5e74\u5f00\u59cb\u7814\u5236\u7684\uff0c\u4e3b\u8981\u7528\u4e8e\u6267\u884c\u6218\u7565\u548c\u6218\u672f\u7684\u7167\u76f8\u548c\u7535\u5b50\u4fa6\u5bdf\u4efb\u52a1\u3002", "events": [], "arguments": {"time": [], "loc": [], "country": [{"text": "\u7f8e\u56fd", "offset": 4, "length": 2}], "weapon": [{"text": "U-2", "offset": 0, "length": 3}]}}, {"sentence": "\u76ee\u524d\u7f8e\u56fd\u5171\u670932\u67b6U-2\u4fa6\u5bdf\u673a\uff0c\u603b\u90e8\u4f4d\u4e8e\u52a0\u5dde\u6bd5\u5c14\u7a7a\u519b\u57fa\u5730\u7684\u7b2c9\u4fa6\u5bdf\u673a\u8054\u961f\u662f\u5b83\u4eec\u7684\u6301\u6709\u8005\u3002", "events": [], "arguments": {"time": [], "loc": [], "country": [], "weapon": [{"text": "U-2\u4fa6\u5bdf\u673a", "offset": 9, "length": 6}]}}, {"sentence": "\u65d7\u4e0b\u7b2c5\u4fa6\u5bdf\u4e2d\u961f\u957f\u671f\u90e8\u7f72\u97e9\u56fd\u4e4c\u5c71\u57fa\u5730\u3002", "events": [], "arguments": {"time": [], "loc": [], "country": [], "weapon": []}}, {"sentence": "\u6709\u5a92\u4f53\u8ba4\u4e3a\uff0c\u6b64\u6b21\u64c5\u95ef\u6211\u519b\u6f14\u4e60\u533a\u7684U-2\u4fa6\u5bdf\u673a\u6b63\u662f\u8be5\u90e8\u961f\u6240\u6709\u3002", "events": [{"trigger": {"text": "\u64c5\u95ef", "offset": 8, "length": 2}, "subject": {"text": "U-2\u4fa6\u5bdf\u673a", "offset": 16, "length": 6}, "object": {"text": "", "offset": 0, "length": 0}}], "arguments": {"time": [], "loc": [], "country": [], "weapon": [{"text": "U-2\u4fa6\u5bdf\u673a", "offset": 16, "length": 6}]}}]