[{"sentence": "\u7f8e\u56fd\u6700\u673a\u5bc6\u6f5c\u8247\u4e94\u5e74\u6765\u9996\u6b21\u516c\u5f00\u73b0\u8eab\u00a0\u4f4d\u7f6e\u79bb\u4fc4\u7f57\u65af\u5f88\u8fd1", "events": [], "arguments": {"time": [], "loc": [], "country": [], "weapon": [{"text": "\u6f5c\u8247", "offset": 5, "length": 2}]}}, {"sentence": "\u3010\u73af\u7403\u7f51\u62a5\u9053 \u8bb0\u8005 \u5f90\u7490\u660e\u3011", "events": [], "arguments": {"time": [], "loc": [], "country": [], "weapon": []}}, {"sentence": "\u7f8e\u56fd\u6d77\u519b\u6700\u4e3a\u795e\u79d8\u7684\u6838\u6f5c\u8247\u2014\u2014\u201c\u6d77\u72fc\u201d\u53f7\u6838\u6f5c\u8247\u8fd1\u65e5\u51fa\u73b0\u5728\u4e86\u632a\u5a01\u6d77\u5cb8\uff0c\u7f8e\u5a92\u8ba4\u4e3a\uff0c\u8fd9\u662f\u7f8e\u56fd\u5411\u4fc4\u7f57\u65af\u53d1\u51fa\u7684\u4fe1\u53f7\u3002", "events": [{"trigger": {"text": "\u51fa\u73b0", "offset": 24, "length": 2}, "subject": {"text": "\u201c\u6d77\u72fc\u201d\u53f7\u6838\u6f5c\u8247", "offset": 14, "length": 8}, "object": {"text": "", "offset": 0, "length": 0}}], "arguments": {"time": [], "loc": [], "country": [], "weapon": [{"text": "\u201c\u6d77\u72fc\u201d\u53f7\u6838\u6f5c\u8247", "offset": 14, "length": 8}]}}, {"sentence": "\u636eThe Drive\u7f51\u7ad9\u201c\u6218\u533a\u201d\u4e13\u680f8\u670825\u65e5\u62a5\u9053\uff0c\u7f8e\u56fd\u6d77\u519b\u53d1\u5e03\u7684\u4e00\u7cfb\u5217\u7167\u7247\u663e\u793a\uff0c\u7f8e\u56fd\u201c\u6d77\u72fc\u201d\u53f7\u6838\u6f5c\u8247\u4e0a\u5468\u6d6e\u51fa\u6c34\u9762\uff0c\u51fa\u73b0\u5728\u4e86\u632a\u5a01\u8fd1\u6d77\u3002", "events": [], "arguments": {"time": [{"text": "8\u670825\u65e5", "offset": 18, "length": 5}], "loc": [{"text": "\u632a\u5a01\u8fd1\u6d77", "offset": 62, "length": 4}], "country": [], "weapon": [{"text": "\u201c\u6d77\u72fc\u201d\u53f7\u6838\u6f5c\u8247", "offset": 43, "length": 8}]}}, {"sentence": "\u7f8e\u56fd\u56fd\u9632\u90e8\u5bf9\u6f5c\u8247\u7684\u884c\u52a8\u4e00\u5411\u662f\u5b88\u53e3\u5982\u74f6\uff0c\u5bf9\u4e09\u8258\u5148\u8fdb\u4e14\u795e\u79d8\u7684\u201c\u6d77\u72fc\u201d\u7ea7\u6f5c\u8247\u66f4\u662f\u4e25\u683c\u4fdd\u5bc6\u3002", "events": [], "arguments": {"time": [], "loc": [], "country": [{"text": "\u7f8e\u56fd", "offset": 0, "length": 2}], "weapon": [{"text": "\u201c\u6d77\u72fc\u201d\u7ea7\u6f5c\u8247", "offset": 28, "length": 7}]}}, {"sentence": "\u8fd9\u79cd\u6838\u52a8\u529b\u5feb\u901f\u653b\u51fb\u6f5c\u8247\u4e3b\u8981\u7528\u4e8e\u5f00\u5c55\u60c5\u62a5\u6d3b\u52a8\u548c\u6267\u884c\u7279\u522b\u4efb\u52a1\uff0c\u8fd9\u6b21\u5728\u65af\u582a\u7684\u7eb3\u7ef4\u4e9a\u534a\u5c9b\u7684\u516c\u5f00\u9732\u9762\u975e\u5e38\u7f55\u89c1\u3002", "events": [], "arguments": {"time": [], "loc": [], "country": [], "weapon": [{"text": "\u6838\u52a8\u529b\u5feb\u901f\u653b\u51fb\u6f5c\u8247", "offset": 2, "length": 9}]}}, {"sentence": "\u62a5\u9053\u8ba4\u4e3a\uff0c\u8fd9\u4f3c\u4e4e\u662f\u4e3a\u4e86\u5411\u4fc4\u7f57\u65af\u4f20\u8fbe\u7f8e\u56fd\u5728\u8be5\u5730\u533a\u6c34\u4e0b\u4f5c\u6218\u80fd\u529b\u7684\u4fe1\u606f\u3002", "events": [], "arguments": {"time": [], "loc": [], "country": [], "weapon": []}}, {"sentence": "\u7f8e\u56fd\u6d77\u519b\u57288\u670821\u65e5\u9996\u6b21\u5ba3\u5e03\u201c\u6d77\u72fc\u201d\u53f7\u6838\u6f5c\u8247\u5df2\u7ecf\u5230\u8bbf\u632a\u5a01\uff0c\u5e76\u5728\u8be5\u5730\u533a\u6267\u884c\u4efb\u52a1\uff0c\u800c\u8fd9\u6837\u7684\u4fe1\u606f\u62ab\u9732\u5f88\u4e0d\u5bfb\u5e38\u3002", "events": [], "arguments": {"time": [], "loc": [], "country": [], "weapon": [{"text": "\u201c\u6d77\u72fc\u201d\u53f7\u6838\u6f5c\u8247", "offset": 14, "length": 8}]}}, {"sentence": "8\u670825\u65e5\uff0c\u8fd9\u8258\u6f5c\u8247\u201c\u77ed\u6682\u505c\u7559\u201d\u7684\u7167\u7247\u4e5f\u51fa\u73b0\u5728\u4e86\u7f51\u7edc\u4e0a\uff0c\u9664\u975e\u662f\u5728\u6f14\u4e60\u671f\u95f4\u6216\u662f\u5728\u534e\u76db\u987f\u5dde\u57fa\u7279\u8428\u666e\u6d77\u519b\u57fa\u5730\u7684\u6bcd\u6e2f\u91cc\uff0c\u5e73\u65f6\u5f88\u96be\u770b\u5230\u8fd9\u8258\u6f5c\u8247\u6216\u662f\u540c\u7ea7\u522b\u6f5c\u8247\u7684\u7167\u7247\u3002", "events": [], "arguments": {"time": [], "loc": [], "country": [], "weapon": [{"text": "\u6f5c\u8247", "offset": 64, "length": 2}, {"text": "\u6f5c\u8247", "offset": 71, "length": 2}]}}, {"sentence": "\u5bc6\u5207\u5173\u6ce8\u7f8e\u56fd\u6d77\u519b\u52a8\u6001\u7684\u519b\u4e8b\u8bb0\u8005\u514b\u91cc\u65af\u00b7\u5361\u74e6\u65af\u5728\u793e\u4ea4\u5a92\u4f53\u4e0a\u8868\u793a\uff0c\u8fd9\u4f3c\u4e4e\u4e5f\u662f\u7f8e\u56fd\u6d77\u519b\u4e94\u5e74\u6765\u9996\u6b21\u53d1\u5e03\u201c\u6d77\u72fc\u201d\u53f7\u6f5c\u8247\u7684\u7167\u7247\u3002", "events": [], "arguments": {"time": [], "loc": [], "country": [], "weapon": [{"text": "\u201c\u6d77\u72fc\u201d\u53f7\u6f5c\u8247", "offset": 47, "length": 7}]}}, {"sentence": "\u7f8e\u56fd\u6d77\u519b\u6f5c\u8247\u90e8\u961f\u9ad8\u7ea7\u5b98\u5458\u3001\u6d77\u519b\u4e2d\u5c06\u8fbe\u91cc\u5c14\u00b7\u79d1\u5fb7\u5c14\u5728\u4e00\u4efd\u58f0\u660e\u4e2d\u8bf4\uff1a\u201c\u2018\u6d77\u72fc\u2019\u53f7\u6f5c\u8247\u88ab\u4ece\u534e\u76db\u987f\u73ed\u6208\u90e8\u7f72\u5230\u4e86\u7f8e\u56fd\u7b2c\u516d\u8230\u961f\u8f96\u533a\uff0c\u8bc1\u660e\u4e86\u7f8e\u519b\u6f5c\u8247\u90e8\u961f\u7684\u5168\u7403\u4f5c\u6218\u80fd\u529b\u3002", "events": [], "arguments": {"time": [], "loc": [], "country": [], "weapon": [{"text": "\u201c\u2018\u6d77\u72fc\u2019\u53f7\u6f5c\u8247", "offset": 32, "length": 8}]}}, {"sentence": "\u201d\u201c\u8fd9\u4e9b\u5728\u6d77\u5e95\u7684\u6218\u58eb\u662f\u6700\u68d2\u7684\uff0c\u4ed6\u4eec\u7684\u80fd\u529b\u65e0\u4eba\u80fd\u6bd4\uff0c\u80fd\u591f\u6210\u500d\u5730\u63d0\u5347\u8054\u5408\u90e8\u961f\u5728\u7ade\u4e89\u548c\u51b2\u7a81\u4e2d\u7684\u4f5c\u6218\u6548\u529b\u3002", "events": [], "arguments": {"time": [], "loc": [], "country": [], "weapon": []}}, {"sentence": "\u201d\u201c\u2018\u6d77\u72fc\u2019\u53f7\u6f5c\u8247\u7684\u5230\u6765\u662f\u5bf9\u6211\u4eec\u5f3a\u5927\u7684\u6c34\u4e0b\u4f5c\u6218\u80fd\u529b\u7684\u80af\u5b9a\uff0c\u4e5f\u663e\u793a\u4e86\u6211\u4eec\u5728\u6574\u4e2a\u5730\u533a\u63d0\u4f9b\u6d77\u4e0a\u5b89\u5168\u548c\u5a01\u6151\u7684\u627f\u8bfa\uff0c\u201d\u7f8e\u56fd\u6d77\u519b\u5c11\u5c06\u5b89\u4e1c\u5c3c\u00b7\u5361\u6d1b\u65af\u8865\u5145\u8bf4\u3002", "events": [], "arguments": {"time": [], "loc": [], "country": [], "weapon": [{"text": "\u201d\u201c\u2018\u6d77\u72fc\u2019\u53f7\u6f5c\u8247", "offset": 0, "length": 9}]}}, {"sentence": "\u4ed6\u662f\u7f8e\u56fd\u7b2c\u516d\u8230\u961f\u7b2c69\u6c34\u4e0b\u4f5c\u6218\u7279\u9063\u90e8\u961f\u7684\u6307\u6325\u5b98\u3002", "events": [], "arguments": {"time": [], "loc": [], "country": [], "weapon": []}}, {"sentence": "\u201c\u8fd9\u4e9b\u6f5c\u8247\u8d85\u7ea7\u5b89\u9759\u3001\u5feb\u901f\u3001\u88c5\u5907\u7cbe\u826f\uff0c\u5e76\u4e14\u914d\u5907\u4e86\u5148\u8fdb\u7684\u4f20\u611f\u5668\uff0c\u201d\u7f8e\u56fd\u6d77\u519b\u5728\u5176\u5b98\u65b9\u7684\u65b0\u95fb\u7a3f\u4e2d\u8fd9\u6837\u5199\u9053\u3002", "events": [], "arguments": {"time": [], "loc": [], "country": [], "weapon": [{"text": "\u6f5c\u8247", "offset": 3, "length": 2}]}}, {"sentence": "\u201c\u867d\u7136\u8be5\u578b\u6f5c\u8247\u6ca1\u6709\u914d\u5907\u5782\u76f4\u6b66\u5668\u53d1\u5c04\u7cfb\u7edf\uff0c\u4f46\u5b83\u88c5\u5907\u67098\u4e2a\u9c7c\u96f7\u53d1\u5c04\u7ba1\uff0c\u5728\u6b66\u5668\u5ba4\u5185\u53ef\u4ee5\u5bb9\u7eb3\u591a\u8fbe50\u4ef6\u6b66\u5668\u3002", "events": [], "arguments": {"time": [], "loc": [], "country": [], "weapon": [{"text": "\u6f5c\u8247", "offset": 5, "length": 2}, {"text": "\u9c7c\u96f7\u53d1\u5c04\u7ba1", "offset": 27, "length": 5}]}}, {"sentence": "\u201d", "events": [], "arguments": {"time": [], "loc": [], "country": [], "weapon": []}}, {"sentence": "\u201c\u6d77\u72fc\u201d\u53f7\u6f5c\u8247\u4ee5\u53ca\u5b83\u7684\u59ca\u59b9\u8247\u201c\u5eb7\u6d85\u72c4\u683c\u201d\u53f7\u548c\u201c\u5409\u7c73\u5361\u7279\u201d\u53f7\u6700\u521d\u88ab\u8bbe\u8ba1\u4e3a\u7f8e\u519b\u4e3b\u529b\u6838\u52a8\u529b\u653b\u51fb\u6f5c\u8247\u3002", "events": [], "arguments": {"time": [], "loc": [], "country": [], "weapon": [{"text": "\u201c\u5eb7\u6d85\u72c4\u683c\u201d\u53f7", "offset": 14, "length": 7}, {"text": "\u201c\u5409\u7c73\u5361\u7279\u201d\u53f7", "offset": 22, "length": 7}, {"text": "\u201c\u6d77\u72fc\u201d\u53f7\u6f5c\u8247", "offset": 0, "length": 7}]}}, {"sentence": "\u7136\u540e\u51b7\u6218\u7ed3\u675f\u540e\u4e0d\u65ad\u81a8\u80c0\u7684\u5efa\u9020\u6210\u672c\u548c\u9884\u7b97\u7684\u524a\u51cf\uff0c\u4f7f\u5f97\u7f8e\u56fd\u6d77\u519b\u653e\u5f03\u4e86\u5efa\u902029\u8258\u8be5\u578b\u6f5c\u8247\u7684\u8ba1\u5212\uff0c\u57283\u8258\u6f5c\u8247\u5b8c\u5de5\u540e\u5c31\u505c\u6b62\u4e86\u751f\u4ea7\u3002", "events": [], "arguments": {"time": [], "loc": [], "country": [], "weapon": [{"text": "\u6f5c\u8247", "offset": 48, "length": 2}]}}, {"sentence": "\u73b0\u5728\u8fd9\u4e9b\u6f5c\u8247\u7528\u4e8e\u6267\u884c\u7279\u6b8a\u4efb\u52a1\u3002", "events": [], "arguments": {"time": [], "loc": [], "country": [], "weapon": [{"text": "\u6f5c\u8247", "offset": 4, "length": 2}]}}, {"sentence": "\u201c\u6d77\u72fc\u201d\u7ea7\u6f5c\u8247\u672c\u8d28\u4e0a\u662f\u975e\u5e38\u4f18\u79c0\u7684\u60c5\u62a5\u6536\u96c6\u5e73\u53f0\uff0c\u5e76\u4e3a\u4e86\u6267\u884c\u7279\u6b8a\u4efb\u52a1\u8fdb\u884c\u4e86\u76f8\u5e94\u7684\u6539\u8fdb\u3002", "events": [], "arguments": {"time": [], "loc": [], "country": [], "weapon": [{"text": "\u201c\u6d77\u72fc\u201d\u7ea7\u6f5c\u8247", "offset": 0, "length": 7}]}}, {"sentence": "\u76ee\u524d\u516c\u5f00\u7684\u662f\u201c\u5409\u7c73\u5361\u7279\u201d\u53f7\u6bd4\u5176\u4f59\u4e24\u8258\u201c\u6d77\u72fc\u201d\u7ea7\u6f5c\u8247\u957f\u5927\u7ea6100\u82f1\u5c3a(30\u7c73)\uff0c\u56e0\u4e3a\u5b83\u8981\u5b89\u88c5\u4e00\u8282\u591a\u4efb\u52a1\u5e73\u53f0\u3002", "events": [], "arguments": {"time": [], "loc": [], "country": [], "weapon": [{"text": "\u201c\u5409\u7c73\u5361\u7279\u201d\u53f7", "offset": 6, "length": 7}, {"text": "\u201c\u6d77\u72fc\u201d\u7ea7\u6f5c\u8247", "offset": 18, "length": 7}]}}, {"sentence": "\u201c\u6d77\u72fc\u201d\u7ea7\u6f5c\u8247\u4e00\u5f00\u59cb\u5c31\u662f\u51fa\u4e8e\u7279\u6b8a\u7684\u4efb\u52a1\u76ee\u7684\u800c\u5efa\u9020\uff0c\u5b83\u4eec\u4ee5\u80fd\u591f\u5728\u5317\u6781\u539a\u539a\u7684\u51b0\u5c42\u4e0b\u957f\u65f6\u95f4\u3001\u9759\u6084\u6084\u7684\u822a\u884c\u800c\u95fb\u540d\uff0c\u8fd9\u4f7f\u5f97\u5b83\u4eec\u6210\u4e3a\u5728\u90a3\u91cc\u6267\u884c\u5de1\u903b\u548c\u76d1\u89c6\u4efb\u52a1\u7684\u7406\u60f3\u5de5\u5177\u3002", "events": [], "arguments": {"time": [], "loc": [], "country": [], "weapon": [{"text": "\u201c\u6d77\u72fc\u201d\u7ea7\u6f5c\u8247", "offset": 0, "length": 7}]}}, {"sentence": "\u7f8e\u56fd\u6d77\u519b\u8f83\u65b0\u578b\u7684\u201c\u4f5b\u5409\u5c3c\u4e9a\u201d\u7ea7\u6f5c\u8247\u4e5f\u88ab\u5b9a\u4e49\u4e3a\u653b\u51fb\u578b\u6f5c\u8247\uff0c\u4f46\u5b83\u4e0d\u662f\u591a\u7528\u9014\u6f5c\u8247\uff0c\u65e0\u6cd5\u8f83\u597d\u5730\u9002\u5e94\u5728\u51b0\u51b7\u6c34\u57df\u4f5c\u6218\u3002", "events": [], "arguments": {"time": [], "loc": [], "country": [], "weapon": [{"text": "\u201c\u4f5b\u5409\u5c3c\u4e9a\u201d\u7ea7\u6f5c\u8247", "offset": 8, "length": 9}]}}, {"sentence": "\u8fd9\u4e48\u770b\u6765\uff0c\u201c\u6d77\u72fc\u201d\u53f7\u6f5c\u8247\u51fa\u73b0\u5728\u632a\u5a01\u5317\u90e8\u6d77\u57df\u5c31\u4e0d\u8db3\u4e3a\u5947\u4e86\u3002", "events": [], "arguments": {"time": [], "loc": [], "country": [{"text": "\u632a\u5a01", "offset": 15, "length": 2}], "weapon": [{"text": "\u201c\u6d77\u72fc\u201d\u53f7\u6f5c\u8247", "offset": 5, "length": 7}]}}, {"sentence": "\u632a\u5a01\u6d77\u5cb8\u7ebf\u548c\u5df4\u4f26\u652f\u6d77\u718a\u5c9b\u4e4b\u95f4\u7684\u6d77\u5ce1\u662f\u4fc4\u7f57\u65af\u6f5c\u8247\u4ece\u4fc4\u897f\u5317\u90e8\u57fa\u5730\u8fdb\u51fa\u5927\u6d0b\u7684\u5fc5\u7ecf\u4e4b\u8def\u3002", "events": [], "arguments": {"time": [], "loc": [], "country": [], "weapon": [{"text": "\u6f5c\u8247", "offset": 21, "length": 2}]}}, {"sentence": "\u62a5\u9053\u79f0\uff0c\u4ece\u5404\u79cd\u8ff9\u8c61\u6765\u770b\uff0c\u7f8e\u56fd\u6d77\u519b\u4e0d\u540c\u5bfb\u5e38\u5730\u5ba3\u5e03\u5176\u5728\u8fd9\u4e00\u5730\u533a\u7684\u5b58\u5728\uff0c\u662f\u4e3a\u4e86\u5411\u4fc4\u7f57\u65af\u4f20\u9012\u4fe1\u606f\u3002", "events": [], "arguments": {"time": [], "loc": [], "country": [], "weapon": []}}, {"sentence": "\u5728\u7f8e\u56fd\u6f5c\u8247\u90e8\u7f72\u5230\u6b64\u4e4b\u524d\uff0c\u7f8e\u56fd\u519b\u65b9\u5b98\u5458\u548c\u5317\u7ea6\u5b98\u5458\u591a\u5e74\u6765\u4e00\u76f4\u8b66\u544a\u8bf4\uff0c\u4fc4\u7f57\u65af\u6f5c\u8247\u5728\u5317\u5927\u897f\u6d0b\u53ca\u5176\u90bb\u8fd1\u6c34\u57df\u7684\u6d3b\u52a8\u660e\u663e\u589e\u52a0\u3002", "events": [], "arguments": {"time": [], "loc": [], "country": [], "weapon": [{"text": "\u6f5c\u8247", "offset": 35, "length": 2}]}}, {"sentence": "\u6b64\u5916\uff0c\u4fc4\u7f57\u65af\u6d77\u519b\u5317\u65b9\u8230\u961f\u5728\u4eca\u5e746\u6708\u6b63\u5f0f\u63a5\u6536\u4e86\u9996\u8258\u201c\u5317\u98ce\u4e4b\u795e-A\u201d\u578b\u6838\u6f5c\u8247\uff0c\u8fd8\u88c5\u5907\u6709\u76ee\u524d\u552f\u4e00\u4e00\u8258\u73b0\u5f79\u7684\u201c\u4e9a\u68ee\u201d\u7ea7\u6838\u6f5c\u8247\u3002", "events": [], "arguments": {"time": [], "loc": [], "country": [{"text": "\u4fc4\u7f57\u65af", "offset": 3, "length": 3}], "weapon": [{"text": "\u201c\u5317\u98ce\u4e4b\u795e-A\u201d\u578b\u6838\u6f5c\u8247", "offset": 24, "length": 12}, {"text": "\u201c\u4e9a\u68ee\u201d\u7ea7\u6838\u6f5c\u8247", "offset": 50, "length": 8}]}}, {"sentence": "\u636e\u62a5\u9053\uff0c\u8fd9\u4e24\u6b3e\u6f5c\u8247\u90fd\u975e\u5e38\u5730\u5b89\u9759\uff0c\u96be\u4ee5\u63a2\u6d4b\u548c\u8ffd\u8e2a\u3002", "events": [], "arguments": {"time": [], "loc": [], "country": [], "weapon": [{"text": "\u6f5c\u8247", "offset": 7, "length": 2}]}}, {"sentence": "\u4e8e\u6b64\u540c\u65f6\uff0c\u5728\u201c\u6d77\u72fc\u201d\u53f7\u6f5c\u8247\u51fa\u73b0\u5728\u632a\u5a01\u7684\u540c\u4e00\u5929\uff0c\u7f8e\u56fd6\u67b6\u53ef\u643a\u5e26\u6838\u6b66\u5668\u7684B-52H\u6218\u7565\u8f70\u70b8\u673a\u4e5f\u5728\u82f1\u56fd\u57fa\u5730\u964d\u843d\uff0c\u8fdb\u884c\u77ed\u671f\u90e8\u7f72\u3002", "events": [{"trigger": {"text": "\u90e8\u7f72", "offset": 57, "length": 2}, "subject": {"text": "B-52H\u6218\u7565\u8f70\u70b8\u673a", "offset": 34, "length": 10}, "object": {"text": "", "offset": 0, "length": 0}}], "arguments": {"time": [], "loc": [], "country": [], "weapon": [{"text": "B-52H\u6218\u7565\u8f70\u70b8", "offset": 34, "length": 9}, {"text": "\u201c\u6d77\u72fc\u201d\u53f7\u6f5c\u8247", "offset": 6, "length": 7}, {"text": "B-52H\u6218\u7565\u8f70\u70b8\u673a", "offset": 34, "length": 10}]}}, {"sentence": "\u62a5\u9053\u79f0\uff0c\u8fd9\u4f3c\u4e4e\u4e5f\u662f\u4e00\u4e2a\u9488\u5bf9\u83ab\u65af\u79d1\u7684\u4fe1\u53f7\u3002", "events": [], "arguments": {"time": [], "loc": [], "country": [], "weapon": []}}]