[{"sentence": "\u5973\u6027\u6218\u673a\u98de\u884c\u5458\u5982\u4f55\u5c0f\u4fbf\uff1f", "events": [], "arguments": {"time": [], "loc": [], "country": [], "weapon": [{"text": "\u6218\u673a", "offset": 2, "length": 2}]}}, {"sentence": "\u7f8e\u7a7a\u519b\u4e3a\u89e3\u51b3\u8fd9\u4e00\u5386\u53f2\u96be\u9898\u529e\u8d77\u4e86\u6bd4\u8d5b", "events": [], "arguments": {"time": [], "loc": [], "country": [], "weapon": []}}, {"sentence": "\u3010\u73af\u7403\u7f51\u62a5\u9053 \u8bb0\u8005 \u5f90\u7490\u660e\u3011", "events": [], "arguments": {"time": [], "loc": [], "country": [], "weapon": []}}, {"sentence": "\u968f\u7740\u5973\u6027\u6218\u673a\u98de\u884c\u5458\u5728\u7f8e\u519b\u4e2d\u53d1\u6325\u7740\u8d8a\u6765\u8d8a\u91cd\u8981\u7684\u4f5c\u7528\uff0c\u7f8e\u56fd\u7a7a\u519b\u6b63\u5728\u5bfb\u6c42\u89e3\u51b3\u5973\u98de\u884c\u5458\u5728\u98de\u884c\u4f5c\u6218\u9014\u4e2d\u5c0f\u4fbf\u95ee\u9898\u7684\u65b0\u65b9\u6cd5\u3002", "events": [], "arguments": {"time": [], "loc": [], "country": [], "weapon": []}}, {"sentence": "\u636eThe Drive\u7f51\u7ad9\u201c\u6218\u533a\u201d\u4e13\u680f8\u670825\u65e5\u62a5\u9053\uff0c\u60f3\u8c61\u4e00\u4e0b\uff0c\u4f60\u88ab\u653e\u5728\u4e00\u67b6\u6218\u6597\u673a\u4e0a\uff0c\u6267\u884c\u4e00\u9879\u957f\u8fbe\u6570\u5c0f\u65f6\u7684\u4efb\u52a1\uff0c\u800c\u6218\u673a\u4e0a\u9009\u62e9\u975e\u5e38\u6709\u9650\uff0c\u56e0\u4e3a\u673a\u4e0a\u7684\u8bbe\u5907\u5927\u591a\u6570\u90fd\u662f\u4ee5\u7537\u6027\u9700\u6c42\u8bbe\u8ba1\u7684\u3002", "events": [], "arguments": {"time": [], "loc": [], "country": [], "weapon": [{"text": "\u6218\u6597\u673a", "offset": 37, "length": 3}]}}, {"sentence": "\u8fd9\u662f\u8bb8\u591a\u7f8e\u56fd\u7a7a\u519b\u5973\u6027\u98de\u884c\u5458\u7ecf\u5e38\u9762\u4e34\u7684\u73b0\u5b9e\u95ee\u9898\uff0c\u4e5f\u662f\u7f8e\u56fd\u7a7a\u519b\u6b63\u5728\u5bfb\u6c42\u6539\u53d8\u7684\u4e00\u4e2a\u65b9\u9762\u3002", "events": [], "arguments": {"time": [], "loc": [], "country": [], "weapon": []}}, {"sentence": "2020\u5e74\u7f8e\u56fd\u7a7a\u519b\u5f00\u59cb\u63d0\u51fa\u540d\u4e3a\u201c\u9ad8\u7a7a\u89e3\u538b\u6311\u6218\u201d\u7684\u9879\u76ee\uff0c\u7f8e\u56fd\u8fd8\u66fe\u57282017\u5e74\u8bbe\u7acb\u4e86\u540d\u4e3aAFWERX\u7684\u79d1\u6280\u5b75\u5316\u670d\u52a1\u673a\u6784\uff0c\u4ee5\u52a0\u5feb\u6280\u672f\u521b\u65b0\uff0c\u5f00\u53d1\u98de\u884c\u4e2d\u7684\u5c3f\u6db2\u6536\u96c6\u88c5\u7f6e\uff0c\u8ba9\u5973\u6027\u98de\u884c\u5458\u80fd\u591f\u8212\u9002\u5ea6\u8fc7\u957f\u8fbe16\u5c0f\u65f6\u7684\u98de\u884c\u4efb\u52a1\u3002", "events": [], "arguments": {"time": [], "loc": [], "country": [], "weapon": []}}, {"sentence": "\u62a5\u9053\u79f0\uff0c\u7f8e\u56fd\u7a7a\u519b\u76ee\u524d\u9700\u8981\u4e00\u79cd\u6539\u8fdb\u578b\u7684\u6392\u5c3f\u7cfb\u7edf\uff0c\u8ba9\u5973\u6027\u98de\u884c\u5458\u5728\u98de\u884c\u8fc7\u7a0b\u4e2d\u80fd\u591f\u5145\u5206\u996e\u6c34\u548c\u6392\u5c3f\uff0c\u800c\u4e0d\u4f1a\u5f71\u54cd\u64cd\u4f5c\u6216\u662f\u5371\u673a\u98de\u884c\u5b89\u5168\u3002", "events": [], "arguments": {"time": [], "loc": [], "country": [], "weapon": []}}, {"sentence": "\u4e00\u4e9b\u52a0\u6cb9\u673a\u673a\u7ec4\u4eba\u5458\u7ecf\u5e38\u9700\u8981\u6267\u884c16\u5c0f\u65f6\u751a\u81f3\u66f4\u957f\u65f6\u95f4\u7684\u98de\u884c\uff0c\u4ed6\u4eec\u9700\u8981\u5728\u6ca1\u6709\u89e3\u9664\u5b89\u5168\u56fa\u5b9a\u88c5\u7f6e\u7684\u60c5\u51b5\u4e0b\u591a\u6b21\u5c0f\u4fbf\u3002", "events": [], "arguments": {"time": [], "loc": [], "country": [], "weapon": [{"text": "\u52a0\u6cb9\u673a", "offset": 2, "length": 3}]}}, {"sentence": "\u7f8e\u519b\u7684\u4e00\u4efd\u6587\u4ef6\u89e3\u91ca\u8bf4\uff1a\u201c\u76ee\u524d\u5f88\u591a\u5973\u6027\u673a\u7ec4\u4eba\u5458\u91c7\u53d6\u2018\u6218\u672f\u8131\u6c34\u2019\u7684\u65b9\u5f0f\u6765\u907f\u514d\u5728\u98de\u884c\u9014\u4e2d\u5927\u5c0f\u4fbf\u7684\u96be\u9898\u548c\u6f5c\u5728\u98ce\u9669\u3002", "events": [], "arguments": {"time": [], "loc": [], "country": [], "weapon": []}}, {"sentence": "\u201d", "events": [], "arguments": {"time": [], "loc": [], "country": [], "weapon": []}}, {"sentence": "\u7f8e\u56fd\u7a7a\u519b\u4e5f\u53d1\u73b0\u5973\u6027\u6218\u6597\u673a\u98de\u884c\u5458\u7ecf\u5e38\u672a\u80fd\u53ca\u65f6\u8865\u5145\u6c34\u5206\uff0c\u800c\u4e14\u5979\u4eec\u662f\u6545\u610f\u8fd9\u6837\u505a\uff0c\u4ee5\u514d\u5728\u98de\u884c\u9014\u4e2d\u5c0f\u4fbf\u3002", "events": [], "arguments": {"time": [], "loc": [], "country": [], "weapon": [{"text": "\u6218\u6597\u673a", "offset": 9, "length": 3}]}}, {"sentence": "\u4f46\u662f\u8131\u6c34\u5176\u5b9e\u662f\u975e\u5e38\u5371\u9669\u7684\uff0c\u4f1a\u51fa\u73b0\u75b2\u52b3\u3001\u5934\u6655\u548c\u7cbe\u795e\u9519\u4e71\u3002", "events": [], "arguments": {"time": [], "loc": [], "country": [], "weapon": []}}, {"sentence": "\u5bf9\u4e8e\u90a3\u4e9b\u5728\u9646\u5730\u4e0a\u8fdb\u884c\u590d\u6742\u6216\u5bc6\u96c6\u578b\u52b3\u52a8\u7684\u4eba\u6765\u8bf4\uff0c\u8131\u6c34\u662f\u5f88\u4e25\u91cd\u7684\u95ee\u9898\u3002", "events": [], "arguments": {"time": [], "loc": [], "country": [], "weapon": []}}, {"sentence": "\u76f8\u6bd4\u4e4b\u4e0b\uff0c\u5728\u7a7a\u4e2d\u9a7e\u9a76\u64cd\u4f5c\u590d\u6742\u7684\u6218\u673a\u98de\u884c\u7684\u98de\u884c\u5458\u5982\u679c\u9762\u4e34\u8131\u6c34\uff0c\u4f1a\u4ea7\u751f\u66f4\u4e3a\u660e\u663e\u7684\u5f71\u54cd\u3002", "events": [], "arguments": {"time": [], "loc": [], "country": [], "weapon": [{"text": "\u6218\u673a", "offset": 15, "length": 2}]}}, {"sentence": "\u201c\u5728\u98de\u884c\u8fc7\u7a0b\u4e2d\uff0c\u8131\u6c34\u4f1a\u8ba9\u98de\u884c\u5458\u7684\u6297\u8d1f\u8377\u8010\u53d7\u529b\u964d\u4f4e50%\uff0c\u201d\u201c\u9ad8\u7a7a\u89e3\u538b\u6311\u6218\u201d\u9879\u76ee\u7684\u4e00\u4efd\u6587\u4ef6\u4e2d\u8fd9\u6837\u89e3\u91ca\u3002", "events": [], "arguments": {"time": [], "loc": [], "country": [], "weapon": []}}, {"sentence": "\u8131\u6c34\u4f1a\u5bfc\u81f4\u5404\u79cd\u5065\u5eb7\u95ee\u9898\uff0c\u5305\u62ec\u8eab\u4f53\u80fd\u529b\u4e0b\u964d\u3001\u8ba4\u77e5\u80fd\u529b\u4e0b\u964d\u3001\u611f\u77e5\u80fd\u529b\u4e0b\u964d\u3001\u5267\u70c8\u5934\u75db\u3001\u89c6\u529b\u53d8\u5dee\uff0c\u4ee5\u53ca\u53ef\u80fd\u7531\u9ad8\u8fc7\u8f7d\u5f15\u8d77\u7684\u6655\u53a5\u3002", "events": [], "arguments": {"time": [], "loc": [], "country": [], "weapon": []}}, {"sentence": "\u5bf9\u4e8e\u4efb\u4f55\u98de\u884c\u5458\u6765\u8bf4\uff0c\u5728\u6267\u884c\u6218\u6597\u4efb\u52a1\u65f6\u6392\u5c3f\u65b9\u5f0f\u7684\u9009\u62e9\u90fd\u662f\u6709\u9650\u7684\u3002", "events": [], "arguments": {"time": [], "loc": [], "country": [], "weapon": []}}, {"sentence": "\u4e00\u4e9b\u5355\u5ea7\u548c\u53cc\u5ea7\u6218\u673a\u786e\u5b9e\u6709\u5185\u7f6e\u7684\u5bb9\u5668\u6765\u6536\u96c6\u5c3f\u6db2\uff0c\u7136\u540e\u6392\u5230\u673a\u5916\uff1b\u53e6\u4e00\u79cd\u5e38\u89c1\u7684\u65b9\u5f0f\u662f\u201c\u5c3f\u888b\u201d\uff0c\u662f\u4e00\u79cd\u5145\u586b\u4e86\u5438\u6536\u6750\u6599\u7684\u5851\u6599\u888b\u3002", "events": [], "arguments": {"time": [], "loc": [], "country": [], "weapon": [{"text": "\u53cc\u5ea7\u6218\u673a", "offset": 5, "length": 4}]}}, {"sentence": "\u4f46\u5bf9\u4e8e\u5973\u6027\u800c\u8a00\uff0c\u5982\u679c\u6ca1\u6709\u4efb\u4f55\u53ef\u9760\u7684\u65b9\u6cd5\u9996\u5148\u5c06\u5c3f\u6db2\u4ece\u98de\u884c\u670d\u4e2d\u53d6\u51fa\uff0c\u4f7f\u7528\u8fd9\u4e24\u79cd\u65b9\u5f0f\u90fd\u5b58\u5728\u4e00\u5b9a\u56f0\u96be\u3002", "events": [], "arguments": {"time": [], "loc": [], "country": [], "weapon": []}}, {"sentence": "\u5373\u4f7f\u5bf9\u4e8e\u7537\u6027\u98de\u884c\u5458\u800c\u8a00\uff0c\u8fd9\u4e9b\u65b9\u6cd5\u4e5f\u4f1a\u628a\u4ed6\u4eec\u7684\u6ce8\u610f\u529b\u4ece\u98de\u884c\u4efb\u52a1\u4e0a\u8f6c\u79fb\u5f00\u3002", "events": [], "arguments": {"time": [], "loc": [], "country": [], "weapon": []}}, {"sentence": "\u81f3\u5c11\u67099\u8d77\u6d89\u53caF-16\u6218\u6597\u673a\u548c1\u8d77\u6d89\u53caA-10\u653b\u51fb\u673a\u7684\u5760\u6bc1\u4e8b\u6545\u88ab\u76f4\u63a5\u5f52\u548e\u4e8e\u7537\u6027\u98de\u884c\u5458\u5728\u4f7f\u7528\u5c3f\u6db2\u6536\u96c6\u88c5\u7f6e\u65f6\u7684\u4e0d\u5f53\u64cd\u4f5c\u3002", "events": [], "arguments": {"time": [], "loc": [], "country": [], "weapon": [{"text": "F-16\u6218\u6597\u673a", "offset": 7, "length": 7}, {"text": "A-10\u653b\u51fb\u673a", "offset": 19, "length": 7}]}}, {"sentence": "\u53e6\u4e00\u79cd\u9009\u62e9\u662f\u515c\u4f4f\uff0c\u6216\u8005\u5e72\u8106\u628a\u5c3f\u6db2\u5b58\u5728\u8863\u670d\u91cc\u3002", "events": [], "arguments": {"time": [], "loc": [], "country": [], "weapon": []}}, {"sentence": "\u4f46\u8fd9\u4e24\u79cd\u65b9\u5f0f\u4e5f\u90fd\u4f1a\u8ba9\u4eba\u4e0d\u8212\u670d\u3001\u8ba9\u98de\u884c\u5458\u5206\u5fc3\uff0c\u8fd8\u53ef\u80fd\u5bfc\u81f4\u6f5c\u5728\u7684\u5065\u5eb7\u95ee\u9898\u3002", "events": [], "arguments": {"time": [], "loc": [], "country": [], "weapon": []}}, {"sentence": "\u201c\u53ef\u80fd\u51fa\u73b0\u7684\u751f\u7406\u53cd\u5e94\u5305\u62ec\u80be\u7ed3\u77f3\u3001\u76ae\u80a4\u523a\u6fc0\u3001\u5c3f\u5931\u7981\u548c\u5c3f\u8def\u611f\u67d3\uff0c\u201d\u201c\u9ad8\u7a7a\u89e3\u538b\u6311\u6218\u201d\u9879\u76ee\u7684\u6587\u4ef6\u4e2d\u8fd9\u6837\u8bf4\u3002", "events": [], "arguments": {"time": [], "loc": [], "country": [], "weapon": []}}, {"sentence": "\u201c\u9ad8\u7a7a\u89e3\u538b\u6311\u6218\u201d\u9879\u76ee\u76ee\u524d\u9762\u4e344\u4e2a\u65b9\u9762\u7684\u96be\u9898\uff1a\u201c\u8212\u9002\u5408\u4f53\u7684\u5973\u6027\u63a5\u5408\u88c5\u7f6e\u201d\u3001\u201c\u6539\u8fdb\u578b\u7684\u6d41\u4f53\u6280\u672f\u201d\u3001\u201c\u4f53\u6db2\u7ba1\u7406\u548c\u5904\u7406\u201d\u3001\u201c\u65e0\u6cf5\u6cc4\u538b\u7cfb\u7edf\u201d\u3002", "events": [], "arguments": {"time": [], "loc": [], "country": [], "weapon": []}}, {"sentence": "\u7b2c\u4e00\u7c7b\u7cfb\u7edf\u8981\u6c42\u8ba9\u5973\u98de\u884c\u5458\u7a7f\u7740\u8212\u9002\u3001\u6613\u4e8e\u7a7f\u6234\u548c\u98de\u884c\uff0c\u540c\u65f6\u8fd8\u8981\u9632\u6f0f\u3001\u536b\u751f\u3001\u4fbf\u4e8e\u7ef4\u62a4\uff0c\u4f46\u4e5f\u9700\u8981\u5728\u5f39\u5c04\u7684\u65f6\u5019\u80fd\u591f\u53ef\u9760\u5730\u65ad\u5f00\uff0c\u5e76\u4e14\u4e0d\u6613\u71c3\u3001\u8010\u706b\u3002", "events": [], "arguments": {"time": [], "loc": [], "country": [], "weapon": []}}, {"sentence": "\u7cfb\u7edf\u4e2d\u7684\u5c3f\u6db2\u5bb9\u7eb3\u88c5\u7f6e\u9700\u8981\u80fd\u591f\u201c\u5904\u7406\u5bb9\u91cf\u4e3a3.9\u5347\u7684\u5c3f\u6db2\uff0c\u6700\u591a16\u5c0f\u65f6\u201d\uff0c\u5e76\u4e14\u5728\u4efb\u52a1\u7ed3\u675f\u65f6\u6613\u4e8e\u5904\u7406\u3002", "events": [], "arguments": {"time": [], "loc": [], "country": [], "weapon": []}}, {"sentence": "\u201c\u9ad8\u7a7a\u89e3\u538b\u6311\u6218\u201d\u9879\u76ee\u63d0\u51fa\u4e86\u5c06\u5c3f\u6db2\u7684\u5b9e\u9645\u72b6\u6001\u4ece\u6db2\u4f53\u53d8\u4e3a\u51dd\u80f6\u72b6\u56fa\u4f53\u6216\u6c14\u4f53\u7684\u53ef\u80fd\u6027\uff0c\u751a\u81f3\u60f3\u8981\u627e\u5230\u56de\u6536\u5c3f\u6db2\u7684\u65b9\u6cd5\u3002", "events": [], "arguments": {"time": [], "loc": [], "country": [], "weapon": []}}, {"sentence": "\u5b9e\u9645\u4e0a\uff0c\u7f8e\u56fd\u7a7a\u519b\u6216\u662f\u5176\u4ed6\u519b\u4e8b\u90e8\u95e8\u5df2\u7ecf\u4e0d\u662f\u7b2c\u4e00\u6b21\u5c1d\u8bd5\u89e3\u51b3\u8fd9\u4e00\u7279\u6b8a\u95ee\u9898\u3002", "events": [], "arguments": {"time": [], "loc": [], "country": [], "weapon": []}}, {"sentence": "2002\u5e74\uff0c\u7f8e\u56fd\u7a7a\u519b\u9996\u6b21\u96c7\u4f63\u4e86\u603b\u90e8\u4f4d\u4e8e\u4f5b\u8499\u7279\u7684Omni\u533b\u7597\u7cfb\u7edf\u516c\u53f8\u6765\u5f00\u53d1\u201c\u5148\u8fdb\u4efb\u52a1\u6269\u5c55\u5668\u201d\uff08AMXDmax\uff09\uff0c\u8fd9\u79cd\u8bbe\u5907\u6709\u7537\u6027\u548c\u5973\u6027\u7248\u672c\u3002", "events": [], "arguments": {"time": [], "loc": [], "country": [], "weapon": [{"text": "\u201c\u5148\u8fdb\u4efb\u52a1\u6269\u5c55\u5668\u201d\uff08AMXDmax\uff09", "offset": 36, "length": 18}]}}, {"sentence": "\u5973\u6027\u7248\u672c\u914d\u6709\u4e00\u4e2a\u6761\u72b6\u7684\u62a4\u57ab\uff0c\u80fd\u591f\u5c06\u5c3f\u6db2\u5bfc\u6d41\u81f3\u7ed1\u5728\u817f\u4e0a\u7684\u6536\u96c6\u888b\u91cc\u3002", "events": [], "arguments": {"time": [], "loc": [], "country": [], "weapon": []}}, {"sentence": "\u636eOmni\u533b\u7597\u7cfb\u7edf\u516c\u53f8\u8868\u793a\uff0c\u7f8e\u56fd\u9646\u519b\u548c\u6d77\u519b\u90fd\u5df2\u7ecf\u4e3a\u4ed6\u4eec\u7684\u98de\u884c\u5458\u8d2d\u4e70\u4e86\u8fd9\u4e9b\u7cfb\u7edf\uff0c\u82f1\u56fd\u7687\u5bb6\u7a7a\u519b\u3001\u8377\u5170\u7687\u5bb6\u7a7a\u519b\u3001\u5fb7\u56fd\u7a7a\u519b\u548c\u6bd4\u5229\u65f6\u7a7a\u519b\u4e5f\u5df2\u7ecf\u5f15\u8fdb\u3002", "events": [], "arguments": {"time": [], "loc": [], "country": [], "weapon": []}}, {"sentence": "\u5c3d\u7ba1\u5e02\u9762\u4e0a\u5df2\u7ecf\u6709\u7c7b\u4f3c\u7684\u8bbe\u5907\uff0c\u4f46\u76ee\u524d\u8fd8\u4e0d\u6e05\u695a\u4e3a\u4ec0\u4e48\u7f8e\u56fd\u7a7a\u519b\u8981\u901a\u8fc7\u201c\u9ad8\u7a7a\u89e3\u538b\u6311\u6218\u201d\u9879\u76ee\u6765\u5f81\u96c6\u66f4\u591a\u7684\u60f3\u6cd5\uff0c\u8fd9\u53ef\u80fd\u8868\u660e\u7f8e\u519b\u5df2\u7ecf\u6536\u5230\u4e86\u5973\u6027\u98de\u884c\u5458\u7ed9\u51fa\u7684\u6539\u8fdb\u53cd\u9988\u3002", "events": [], "arguments": {"time": [], "loc": [], "country": [], "weapon": []}}, {"sentence": "\u7f8e\u56fd\u519b\u65b9\u8fd8\u6ca1\u6709\u89e3\u51b3\u5973\u6027\u98de\u884c\u5458\u5982\u5395\u96be\u9898\u7684\u6574\u4f53\u65b9\u6848\uff0c\u8fd9\u591a\u5c11\u6709\u4e9b\u4ee4\u4eba\u96be\u582a\u3002", "events": [], "arguments": {"time": [], "loc": [], "country": [], "weapon": []}}, {"sentence": "\u9a7e\u9a76\u6218\u6597\u673a\u7684\u5973\u6027\u98de\u884c\u5458\u5df2\u7ecf\u51fa\u73b0\u4e86\u51e0\u5341\u5e74\uff0c\u4f46\u76f4\u52302002\u5e74\u7f8e\u56fd\u7a7a\u519b\u624d\u5f00\u59cb\u8003\u8651\u89e3\u51b3\u8fd9\u4e2a\u95ee\u9898\u3002", "events": [], "arguments": {"time": [], "loc": [], "country": [], "weapon": [{"text": "\u6218\u6597\u673a", "offset": 2, "length": 3}]}}, {"sentence": "\u76f4\u52302008\u5e74\uff0c\u7f8e\u56fd\u6d77\u519b\u624d\u5f00\u59cb\u8d2d\u4e70AMXDmax\u7cfb\u7edf\u3002", "events": [], "arguments": {"time": [], "loc": [], "country": [], "weapon": [{"text": "AMXDmax\u7cfb\u7edf", "offset": 17, "length": 9}]}}, {"sentence": "\u5f53\u65f6\u662f\u7f8e\u56fd\u6d77\u519b\u7684\u9ad8\u7ea7\u98de\u884c\u5458\u3001\u4e2d\u5c06\u5fb7\u6c83\u5c14\u592b\u00b7\u7c73\u52d2\u5728\u5973\u6027\u98de\u884c\u5458\u57f9\u8bad\u7814\u8ba8\u4f1a\u4e0a\u63d0\u51fa\u4e86\u8fd9\u4e00\u95ee\u9898\u3002", "events": [], "arguments": {"time": [], "loc": [], "country": [], "weapon": []}}, {"sentence": "\u4e0d\u8fc7\u4e0d\u5e78\u7684\u662f\uff0c\u8fd9\u5e76\u4e0d\u662f\u552f\u4e00\u4e00\u4e2a\u7f8e\u519b\u90e8\u961f\u4e2d\u5173\u4e8e\u5973\u6027\u519b\u4eba\u7684\u96be\u9898\u6ca1\u6709\u5f97\u5230\u89e3\u51b3\u7684\u4f8b\u5b50\u3002", "events": [], "arguments": {"time": [], "loc": [], "country": [], "weapon": []}}, {"sentence": "\u5728\u7981\u6b62\u5973\u6027\u5728\u6218\u6597\u5c97\u4f4d\u670d\u5f79\u7684\u7981\u4ee4\u7ed3\u675f\u4e94\u5e74\u540e\uff0c\u7f8e\u56fd\u9646\u519b\u73b0\u5728\u624d\u5728\u8fdb\u884c\u5973\u6027\u4e13\u7528\u9632\u5f39\u8863\u7684\u6d4b\u8bd5\u3002", "events": [], "arguments": {"time": [], "loc": [], "country": [], "weapon": [{"text": "\u9632\u5f39\u8863", "offset": 35, "length": 3}]}}, {"sentence": "\u5728\u8fd9\u4e4b\u524d\uff0c\u5973\u6027\u58eb\u5175\u4e5f\u975e\u5e38\u9700\u8981\u9488\u5bf9\u5979\u4eec\u8eab\u4f53\u8fdb\u884c\u8bbe\u8ba1\u7684\u9632\u62a4\u88c5\u5907\u3002", "events": [], "arguments": {"time": [], "loc": [], "country": [], "weapon": []}}, {"sentence": "\u201c\u9ad8\u7a7a\u89e3\u538b\u6311\u6218\u201d\u9879\u76ee\u660e\u786e\u63d0\u51fa\uff0c\u5e2e\u52a9\u5973\u6027\u98de\u884c\u5458\u89e3\u51b3\u5728\u98de\u884c\u4e2d\u5c0f\u4fbf\u95ee\u9898\u7684\u8bbe\u5907\u7cfb\u7edf\u4e0d\u4ec5\u662f\u8212\u9002\u5ea6\u7684\u95ee\u9898\uff0c\u8fd8\u5173\u7cfb\u5230\u6218\u6597\u529b\u548c\u98de\u884c\u5b89\u5168\u3002", "events": [], "arguments": {"time": [], "loc": [], "country": [], "weapon": []}}, {"sentence": "\u201c\u589e\u52a0\u5973\u6027\u98de\u884c\u5458\u201d\u548c\u201c\u7559\u4f4f\u5973\u6027\u98de\u884c\u5458\u201d\u4e5f\u88ab\u5217\u4e3a\u201c\u9ad8\u7a7a\u89e3\u538b\u6311\u6218\u201d\u9879\u76ee\u7684\u76ee\u6807\u3002", "events": [], "arguments": {"time": [], "loc": [], "country": [], "weapon": []}}, {"sentence": "\u9274\u4e8e\u7f8e\u519b\u90e8\u961f\u98de\u884c\u5458\u7684\u957f\u671f\u77ed\u7f3a\uff0c\u907f\u514d\u5973\u6027\u98de\u884c\u5458\u6d41\u5931\u662f\u4e00\u4e2a\u7279\u522b\u91cd\u8981\u7684\u95ee\u9898\u3002", "events": [], "arguments": {"time": [], "loc": [], "country": [], "weapon": []}}, {"sentence": "\u4e00\u4e2a\u8bc4\u4f30\u5c0f\u7ec4\u5c06\u4e8e2020\u5e749\u670821\u65e5\u5f00\u59cb\u5ba1\u67e5\u63d0\u4ea4\u7684\u4f5c\u54c1\uff0c\u5e76\u8ba1\u5212\u572810\u670813\u65e5\u7684\u5c55\u793a\u6d3b\u52a8\u4e0a\u8fdb\u884c\u90e8\u5206\u4f5c\u54c1\u5c55\u793a\u3002", "events": [], "arguments": {"time": [], "loc": [], "country": [], "weapon": []}}, {"sentence": "\u4f46\u9274\u4e8e\u75ab\u60c5\u539f\u56e0\uff0c\u8fd9\u4e00\u5c55\u793a\u6d3b\u52a8\u6539\u4e3a11\u67084\u65e5\u81f36\u65e5\u5728\u7f51\u4e0a\u4e3e\u884c\uff0c\u5c4a\u65f6\u80dc\u51fa\u8005\u53ef\u5c06\u6b63\u5f0f\u63d0\u4ea4\u4e00\u4efd\u8ba1\u5212\uff0c\u4ece\u800c\u80fd\u5c06\u4ed6\u4eec\u7684\u60f3\u6cd5\u8f6c\u5316\u4e3a\u5b9e\u9645\u7684\u539f\u578b\u3002", "events": [], "arguments": {"time": [], "loc": [], "country": [], "weapon": []}}]