[{"sentence": "\u4fc4\u519b\u65b0\u578b\u5766\u514b\u79c0\u70ae\u5c04\u5bfc\u5f39\u6253\u51fb\u76ee\u6807\u00a0\u7ed3\u679c\u591a\u6b21\u8131\u9776", "events": [], "arguments": {"time": [], "loc": [], "country": [], "weapon": [{"text": "\u5766\u514b", "offset": 4, "length": 2}, {"text": "\u70ae\u5c04\u5bfc\u5f39", "offset": 7, "length": 4}]}}, {"sentence": "\u3010\u73af\u7403\u7f51\u62a5\u9053 \u8bb0\u8005 \u5f90\u7490\u660e\u3011", "events": [], "arguments": {"time": [], "loc": [], "country": [], "weapon": []}}, {"sentence": "\u636e\u201c\u9632\u52a1\u535a\u5ba2\u201d\u7f51\u7ad98\u670825\u65e5\u62a5\u9053\uff0c\u5728\u83ab\u65af\u79d1\u90ca\u5916\u7684\u963f\u62c9\u6bd4\u8bfa\u8bad\u7ec3\u573a\u4e3e\u884c\u7684\u201c\u519b\u961f-2020\u201d\u56fd\u9645\u519b\u4e8b\u6280\u672f\u8bba\u575b\u4e0a\uff0c\u4fc4\u7f57\u65af\u7684T-80BVM\u5728\u4f7f\u7528\u70ae\u5c04\u5bfc\u5f39\u5c04\u51fb\u6f14\u793a\u65f6\u672a\u80fd\u51fb\u4e2d\u76ee\u6807\u3002", "events": [], "arguments": {"time": [{"text": "8\u670825\u65e5", "offset": 9, "length": 5}], "loc": [{"text": "\u83ab\u65af\u79d1\u90ca\u5916\u7684\u963f\u62c9\u6bd4\u8bfa\u8bad\u7ec3\u573a", "offset": 18, "length": 13}], "country": [], "weapon": [{"text": "T-80BVM", "offset": 57, "length": 7}, {"text": "\u5c04\u5bfc\u5f39", "offset": 0, "length": 3}]}}, {"sentence": "\u62a5\u9053\u79f0\uff0cT-80BVM\u5766\u514b\u662fT-80BV\u5766\u514b\u7684\u5347\u7ea7\u7248\u672c\uff0c\u9996\u6279T-80BVM\u5766\u514b\u4e8e\u53bb\u5e74\u914d\u53d1\u7ed9\u4e86\u4fc4\u7f57\u65af\u5317\u65b9\u8230\u961f\u7684\u673a\u52a8\u6b65\u5175\u65c5\u3002", "events": [{"trigger": {"text": "\u914d\u53d1", "offset": 42, "length": 2}, "subject": {"text": "T-80BVM\u5766\u514b", "offset": 30, "length": 9}, "object": {"text": "\u4fc4\u7f57\u65af\u5317\u65b9\u8230\u961f\u7684\u673a\u52a8\u6b65\u5175\u65c5", "offset": 46, "length": 13}}], "arguments": {"time": [], "loc": [], "country": [{"text": "\u4fc4\u7f57\u65af", "offset": 46, "length": 3}], "weapon": [{"text": "T-80BVM\u5766\u514b", "offset": 30, "length": 9}, {"text": "T-80BV\u5766\u514b", "offset": 14, "length": 8}]}}, {"sentence": "\u8fd9\u6b3e\u5347\u7ea7\u540e\u7684\u5766\u514b\u4f7f\u7528\u7684\u5e94\u8be5\u662f9M119\u201c\u6620\u5c04\u201d\u70ae\u5c04\u53cd\u5766\u514b\u5bfc\u5f39\uff0c\u4f46\u5728\u5c04\u51fb\u5c55\u793a\u8fc7\u7a0b\u4e2d\u51fa\u73b0\u4e86\u4e00\u4e9b\u95ee\u9898\uff0c\u5bfc\u81f4\u672a\u80fd\u51fb\u4e2d\u6807\u9776\u3002", "events": [], "arguments": {"time": [], "loc": [], "country": [], "weapon": [{"text": "9M119\u201c\u6620\u5c04\u201d\u70ae\u5c04\u53cd\u5766\u514b\u5bfc\u5f39", "offset": 14, "length": 16}]}}, {"sentence": "9M119\u70ae\u5c04\u5bfc\u5f39\u4e3b\u8981\u7528\u4e8e\u6253\u51fb\u914d\u5907\u6709\u53cd\u5e94\u88c5\u7532\u7684\u5766\u514b\u76ee\u6807\u4ee5\u53ca\u4f4e\u7a7a\u98de\u884c\u76ee\u6807\uff0c\u6709\u6548\u5c04\u7a0b\u8fbe5\u516c\u91cc\u3002", "events": [], "arguments": {"time": [], "loc": [], "country": [], "weapon": [{"text": "9M119\u70ae\u5c04\u5bfc\u5f39", "offset": 0, "length": 9}]}}, {"sentence": "\u8be5\u5bfc\u5f39\u7cfb\u7edf\u914d\u59079M119\u62169M119M\u578b\u5bfc\u5f39\uff0c\u5bfc\u5f39\u91c7\u7528\u534a\u81ea\u52a8\u6fc0\u5149\u6ce2\u675f\u5236\u5bfc\u548c\u7a7a\u5fc3\u88c5\u836f\u6218\u6597\u90e8\uff0c\u5bfc\u5f39\u91cd\u91cf\u4e3a23.4\u5343\u514b\u3002", "events": [], "arguments": {"time": [], "loc": [], "country": [], "weapon": [{"text": "9M119\u62169M119M\u578b\u5bfc\u5f39", "offset": 7, "length": 15}]}}, {"sentence": "\u6839\u636e\u6f14\u793a\u8ba1\u5212\uff0cT-80BVM\u5766\u514b\u5e94\u8be5\u6467\u6bc12700\u7c73\u5916\u7684\u76ee\u6807\uff0c\u4f46\u662f\u57289M119\u70ae\u5c04\u5bfc\u5f39\u53d1\u5c04\u540e\uff0c\u5bfc\u5f39\u65e0\u6cd5\u51c6\u786e\u547d\u4e2d\u3002", "events": [], "arguments": {"time": [], "loc": [], "country": [], "weapon": [{"text": "T-80BVM\u5766\u514b", "offset": 7, "length": 9}, {"text": "9M119\u70ae\u5c04\u5bfc\u5f39", "offset": 33, "length": 9}]}}, {"sentence": "\u53e6\u5916\u4e00\u8f86T-90\u5766\u514b\u5728\u5c04\u51fb\u65f6\u4e5f\u51fa\u73b0\u8131\u9776\u60c5\u51b5\uff0c\u70ae\u5c04\u5bfc\u5f39\u672a\u80fd\u51fb\u4e2d\u76ee\u6807\u3002", "events": [], "arguments": {"time": [], "loc": [], "country": [], "weapon": [{"text": "T-90\u5766\u514b", "offset": 4, "length": 6}]}}]