[{"sentence": "\u9488\u5bf9\u4e2d\u4fc4\uff1f", "events": [], "arguments": {"time": [], "loc": [], "country": [], "weapon": []}}, {"sentence": "\u7f8e\u56fd\u7a7a\u519b\u65b0\u5efa\u865a\u62df\u8bad\u7ec3\u4e2d\u5fc3\u00a0\u58f0\u79f0\u80fd\u6a21\u62df\u5927\u56fd\u51b2\u7a81", "events": [], "arguments": {"time": [], "loc": [], "country": [], "weapon": []}}, {"sentence": "\u3010\u73af\u7403\u7f51\u62a5\u9053 \u8bb0\u8005 \u5f90\u7490\u660e\u3011", "events": [], "arguments": {"time": [], "loc": [], "country": [], "weapon": []}}, {"sentence": "\u7f8e\u56fd\u7a7a\u519b\u65b0\u5efa\u7684\u4e00\u5904\u865a\u62df\u6d4b\u8bd5\u548c\u8bad\u7ec3\u4e2d\u5fc3\u4e0a\u5468\u5efa\u6210\uff0c\u7f8e\u519b\u5b98\u5458\u8868\u793a\uff0c\u8fd9\u5904\u8bad\u7ec3\u4e2d\u5fc3\u80fd\u591f\u7528\u4e8e\u6a21\u62df\u4e2d\u4fc4\u201c\u5a01\u80c1\u201d\u3002", "events": [], "arguments": {"time": [], "loc": [], "country": [], "weapon": []}}, {"sentence": "\u636e\u7f8e\u56fd\u201c\u519b\u4e8b\u201d\u7f51\u7ad98\u670824\u65e5\u62a5\u9053\uff0c\u7f8e\u56fd\u7a7a\u519b\u6ca1\u6709\u8db3\u591f\u7684\u6218\u673a\u4ee5\u53ca\u8bad\u7ec3\u573a\u80fd\u591f\u8ba9\u98de\u884c\u5458\u5f00\u5c55\u5177\u6709\u9488\u5bf9\u6027\u7684\u8bad\u7ec3\uff0c\u6240\u4ee5\u7a7a\u519b\u76ee\u524d\u6b63\u5728\u5bfb\u6c42\u5efa\u9020\u4e00\u5904\u65b0\u7684\u8bad\u7ec3\u4e2d\u5fc3\uff0c\u7528\u4e8e\u6a21\u62df\u771f\u5b9e\u7684\u6218\u573a\u73af\u5883\u3002", "events": [], "arguments": {"time": [{"text": "8\u670824\u65e5", "offset": 9, "length": 5}], "loc": [], "country": [{"text": "\u7f8e\u56fd", "offset": 17, "length": 2}], "weapon": []}}, {"sentence": "\u62a5\u9053\u79f0\uff0c\u53c2\u52a0\u201c\u7ea2\u65d7\u201d\u7a7a\u5bf9\u7a7a\u4f5c\u6218\u7684\u6f14\u4e60\u7684\u98de\u884c\u5458\uff0c\u5f88\u5feb\u5c31\u4f1a\u9762\u4e34\u8d85\u8d8a\u73b0\u5b9e\u7684\u5a01\u80c1\uff0c\u8fd8\u6709\u53ef\u80fd\u8981\u9762\u5bf9\u65b0\u5174\u7684\u865a\u62df\u5a01\u80c1\u3002", "events": [], "arguments": {"time": [], "loc": [], "country": [], "weapon": []}}, {"sentence": "\u8fd9\u4e5f\u53ef\u80fd\u6b63\u662f\u7f8e\u56fd\u7a7a\u519b\u8981\u82b1\u8d393800\u4e07\u7f8e\u5143\u6253\u9020\u865a\u62df\u6d4b\u8bd5\u548c\u8bad\u7ec3\u4e2d\u5fc3\u7684\u539f\u56e0\u4e4b\u4e00\u3002", "events": [], "arguments": {"time": [], "loc": [], "country": [], "weapon": []}}, {"sentence": "\u7f8e\u56fd\u7a7a\u519b\u4f5c\u6218\u4e2d\u5fc3\u7684\u6307\u6325\u5b98\u67e5\u514b\u00b7\u79d1\u79d1\u4f26\u5c11\u5c06\u8868\u793a\uff0c\u8fd9\u4e00\u8bad\u7ec3\u4e2d\u5fc3\u5c06\u8ba9\u7f8e\u519b\u98de\u884c\u5458\u4eec\u4e3a\u201c\u5927\u56fd\u7ade\u4e89\u201d\u505a\u597d\u51c6\u5907\u3002", "events": [], "arguments": {"time": [], "loc": [], "country": [], "weapon": []}}, {"sentence": "\u4ed6\u8bf4\uff1a\u201c\u5bf9\u4e8e\u7f8e\u56fd\u7a7a\u519b\u800c\u8a00\uff0c\u73b0\u5728\u8fd8\u6ca1\u6709\u8db3\u591f\u5927\u7684\u771f\u5b9e\u8bad\u7ec3\u573a\u5730\u80fd\u591f\u91cd\u73b0\u4e2d\u56fd\u6216\u662f\u4fc4\u7f57\u65af\u7684\u5a01\u80c1\u7a0b\u5ea6\u3002", "events": [], "arguments": {"time": [], "loc": [], "country": [], "weapon": []}}, {"sentence": "\u201d\u201c\u6240\u4ee5\u5728\u6211\u4eec\u73b0\u6709\u7684\u8bad\u7ec3\u573a\u4e0a\uff0c\u6211\u4eec\u5fc5\u987b\u5c3d\u529b\u6536\u96c6\u5404\u79cd\u6570\u636e\uff0c\u7136\u540e\u5c06\u5b83\u4eec\u8f93\u5165\u5230\u865a\u62df\u7cfb\u7edf\u4e4b\u4e2d\uff0c\u5e76\u5c06\u5176\u653e\u5927\u5230\u6211\u4eec\u6240\u9700\u8981\u7684\u7a0b\u5ea6\u3002", "events": [], "arguments": {"time": [], "loc": [], "country": [], "weapon": []}}, {"sentence": "\u201d", "events": [], "arguments": {"time": [], "loc": [], "country": [], "weapon": []}}, {"sentence": "\u7f8e\u56fd\u7a7a\u519b\u8ba1\u5212\u5728\u65b0\u5efa\u7684\u865a\u62df\u6d4b\u8bd5\u548c\u8bad\u7ec3\u4e2d\u5fc3\u7684\u5927\u697c\u91cc\u5b89\u88c5F-15E\u6218\u6597\u673a\u7684\u6a21\u62df\u5668\uff0c\u8be5\u8bad\u7ec3\u4e2d\u5fc3\u8fd8\u5c06\u914d\u5907F-35\u3001F-22\u3001F-16\u7b49\u6218\u6597\u673a\u7684\u6a21\u62df\u5668\u3002", "events": [], "arguments": {"time": [], "loc": [], "country": [], "weapon": [{"text": "F-35", "offset": 47, "length": 4}, {"text": "F-22", "offset": 52, "length": 4}, {"text": "F-16", "offset": 57, "length": 4}]}}, {"sentence": "F-35\u4f5c\u6218\u8bd5\u98de\u5458\u3001\u7b2c29\u8bad\u7ec3\u7cfb\u7edf\u4e2d\u961f\u7b2c1\u652f\u961f\u6307\u6325\u5b98\u514b\u91cc\u65af\u00b7\u9093\u80af\u4e2d\u6821\u8bf4\uff1a\u201c\u4e16\u754c\u4e0a\u4efb\u4f55\u51b2\u7a81\u90fd\u53ef\u4ee5\u5728\u8fd9\u91cc\u8fdb\u884c\u6a21\u62df\u3002", "events": [], "arguments": {"time": [], "loc": [], "country": [], "weapon": [{"text": "F-35", "offset": 0, "length": 4}]}}, {"sentence": "\u201d\u8fd9\u4e9b\u6a21\u62df\u5668\u673a\u578b\u4e2d\u53ef\u80fd\u5305\u62ec\u53c2\u52a0\u201c\u7ea2\u65d7\u201d\u519b\u6f14\u7684\u5176\u4ed6\u519b\u79cd\u6216\u76df\u56fd\u7684\u6218\u673a\u3002", "events": [], "arguments": {"time": [], "loc": [], "country": [], "weapon": [{"text": "\u6218\u673a", "offset": 30, "length": 2}]}}, {"sentence": "\u9093\u80af\u8868\u793a\uff0c\u6700\u7ec8\uff0c\u6765\u81ea\u4e16\u754c\u5404\u5730\u7684\u5b66\u5458\u90fd\u53ef\u4ee5\u53c2\u52a0\u57f9\u8bad\u3002", "events": [], "arguments": {"time": [], "loc": [], "country": [], "weapon": []}}, {"sentence": "\u62a5\u9053\u79f0\uff0c\u7f8e\u56fd\u7a7a\u519b\u8fd8\u5e0c\u671b\u65b0\u7684\u865a\u62df\u8bad\u7ec3\u4e2d\u5fc3\u80fd\u591f\u4e0e\u8054\u5408\u4eff\u771f\u73af\u5883\u7cfb\u7edf\u5bf9\u63a5\u3002", "events": [], "arguments": {"time": [], "loc": [], "country": [], "weapon": []}}, {"sentence": "\u8054\u5408\u4eff\u771f\u73af\u5883\u7cfb\u7edf\u662f\u7f8e\u56fd\u653f\u5e9c\u6240\u6709\u7684\u4e00\u5957\u6a21\u578b\u7cfb\u7edf\uff0c\u53ef\u4ee5\u7528\u4e8e\u6d4b\u8bd5\u7b2c\u4e94\u4ee3\u6218\u6597\u673a\u6216\u662f\u66f4\u5148\u8fdb\u7684\u6218\u6597\u673a\u3002", "events": [], "arguments": {"time": [], "loc": [], "country": [], "weapon": [{"text": "\u7b2c\u4e94\u4ee3\u6218\u6597\u673a", "offset": 29, "length": 6}, {"text": "\u6218\u6597\u673a", "offset": 41, "length": 3}]}}, {"sentence": "\u9093\u80af\u4e2d\u6821\u8bf4\uff1a\u201c\u8fd9\u662f\u6211\u4eec\u8bad\u7ec3\u65b9\u5f0f\u7684\u4ee3\u9645\u98de\u8dc3\u3002", "events": [], "arguments": {"time": [], "loc": [], "country": [], "weapon": []}}, {"sentence": "\u8fd9\u5c06\u5141\u8bb8\u6211\u4eec\u9a8c\u8bc1\u6218\u672f\u3001\u6280\u672f\u548c\u7a0b\u5e8f\u3002", "events": [], "arguments": {"time": [], "loc": [], "country": [], "weapon": []}}, {"sentence": "\u201d\u4ed6\u8868\u793a\u76ee\u524d\u8fd8\u6ca1\u6709\u5176\u4ed6\u7684\u65b9\u5f0f\u80fd\u591f\u8ba9\u519b\u961f\u8fdb\u884c\u8fd9\u79cd\u6218\u6597\u89c4\u6a21\u7684\u8bad\u7ec3\uff0c\u800c\u4e14\u91c7\u7528\u865a\u62df\u65b9\u5f0f\u7684\u521d\u59cb\u6295\u8d44\u6210\u672c\u8981\u6bd4\u5728\u73b0\u5b9e\u4e2d\u53bb\u5c1d\u8bd5\u4f4e\u5f97\u591a\u3002", "events": [], "arguments": {"time": [], "loc": [], "country": [], "weapon": []}}, {"sentence": "\u4ed6\u8bf4\uff1a\u201c\u8fd9\u6837\u505a\u7684\u597d\u5904\u8fdc\u8fdc\u8d85\u8fc7\u4e86\u6211\u4eec\u5728\u5b9e\u9645\u98de\u884c\u4e2d\u6240\u80fd\u505a\u5230\u7684\u3002", "events": [], "arguments": {"time": [], "loc": [], "country": [], "weapon": []}}, {"sentence": "\u5c31\u50cf\u4efb\u4f55\u4e00\u4ef6\u4e8b\u60c5\u4e00\u6837\uff0c\u8981\u60f3\u8fbe\u5230\u6211\u4eec\u60f3\u8981\u7684\u6548\u679c\uff0c\u9700\u8981\u4e00\u7b14\u5de8\u5927\u7684\u521d\u59cb\u6295\u8d44\u3002", "events": [], "arguments": {"time": [], "loc": [], "country": [], "weapon": []}}, {"sentence": "\u4f46\u662f\u73b0\u5728\u4e0d\u7ba1\u8fd9\u4e9b\u6218\u673a\u6bcf\u5c0f\u65f6\u98de\u884c\u9700\u8981\u82b1\u8d39\u591a\u5c11\u7f8e\u5143\uff0c\u5728\u865a\u62df\u7cfb\u7edf\u4e2d\u90fd\u4e0d\u4f1a\u6709\u8fd9\u4e9b\u5f00\u9500\u3002", "events": [], "arguments": {"time": [], "loc": [], "country": [], "weapon": [{"text": "\u6218\u673a", "offset": 8, "length": 2}]}}, {"sentence": "\u201d", "events": [], "arguments": {"time": [], "loc": [], "country": [], "weapon": []}}]