[{"sentence": "\u7f8e\u56fd\u9646\u519b\u4fa6\u5bdf\u673a\u53c8\u5230\u5357\u6d77\u201c\u5237\u5b58\u5728\u201d \u672c\u6708\u5df2\u6765\u4e86\u8fd110\u8d9f", "events": [], "arguments": {"time": [], "loc": [], "country": [], "weapon": [{"text": "\u9646\u519b\u4fa6\u5bdf\u673a", "offset": 2, "length": 5}]}}, {"sentence": "\u3010\u73af\u7403\u7f51\u62a5\u9053\u8bb0\u8005 \u5f90\u7490\u660e\u3011", "events": [], "arguments": {"time": [], "loc": [], "country": [], "weapon": []}}, {"sentence": "\u7f8e\u56fd\u9646\u519b\u4e00\u67b6\u201c\u6311\u6218\u8005650\u201d\u4fa6\u5bdf\u673a\u88ab\u66dd\u4e8e8\u670825\u65e5\u4e0a\u5348\u8fdb\u5165\u5357\u6d77\u3002", "events": [{"trigger": {"text": "\u8fdb\u5165", "offset": 27, "length": 2}, "subject": {"text": "\u7f8e\u56fd\u9646\u519b\u4e00\u67b6\u201c\u6311\u6218\u8005650\u201d\u4fa6\u5bdf\u673a", "offset": 0, "length": 17}, "object": {"text": "\u5357\u6d77", "offset": 29, "length": 2}}], "arguments": {"time": [{"text": "8\u670825\u65e5\u4e0a\u5348", "offset": 20, "length": 7}], "loc": [], "country": [], "weapon": [{"text": "\u201c\u6311\u6218\u8005650\u201d\u4fa6\u5bdf\u673a", "offset": 6, "length": 11}]}}, {"sentence": "\u8fd1\u671f\u8fd9\u6b3e\u4fa6\u5bdf\u673a\u5728\u5357\u6d77\u7684\u6d3b\u52a8\u53ef\u8c13\u76f8\u5f53\u9891\u7e41\uff0c\u672c\u6708\u5df2\u51fa\u52a8\u8fd110\u67b6\u6b21\u4e4b\u591a\u3002", "events": [], "arguments": {"time": [], "loc": [], "country": [], "weapon": [{"text": "\u4fa6\u5bdf\u673a", "offset": 4, "length": 3}]}}, {"sentence": "\u636e\u201c\u5357\u6d77\u6218\u7565\u6001\u52bf\u611f\u77e5\u201d\u8ba1\u5212\u5e73\u53f08\u670825\u65e5\u53d1\u5e03\u7684\u6d88\u606f\uff0c\u5f53\u5929\u4e0a\u5348\u4e00\u67b6\u7f8e\u56fd\u9646\u519b\u7684\u201c\u6311\u6218\u8005650\u201d\u4fa6\u5bdf\u673a\u51fa\u73b0\u5728\u5357\u6d77\u6d77\u57df\u4e0a\u7a7a\u3002", "events": [], "arguments": {"time": [], "loc": [{"text": "\u5357\u6d77", "offset": 51, "length": 2}], "country": [], "weapon": [{"text": "\u201c\u6311\u6218\u8005650\u201d\u4fa6\u5bdf\u673a", "offset": 37, "length": 11}]}}, {"sentence": "\u8be5\u673a\u4e8e8\u670825\u65e5\u4e0a\u53488\u70b9\u5de6\u53f3\u81ea\u4e1c\u5411\u897f\u7a7f\u8d8a\u5df4\u58eb\u6d77\u5ce1\uff0c\u968f\u540e\u8fdb\u5165\u5357\u6d77\uff0c\u5411\u897f\u98de\u884c\u4e86\u4e00\u6bb5\u8ddd\u79bb\u3002", "events": [], "arguments": {"time": [], "loc": [], "country": [], "weapon": []}}, {"sentence": "\u4ee5\u5f80\u7f8e\u56fd\u6d3e\u5f80\u5357\u6d77\u7684\u4fa6\u5bdf\u673a\u5927\u591a\u96b6\u5c5e\u4e8e\u7f8e\u56fd\u7a7a\u519b\u548c\u7f8e\u56fd\u6d77\u519b\uff0c\u7f8e\u56fd\u9646\u519b\u7684\u98de\u673a\u8f83\u5c11\u51fa\u73b0\u5728\u5357\u6d77\u4e0a\u7a7a\uff0c\u800c\u8fd1\u671f\u8fd9\u6b3e\u7f8e\u56fd\u9646\u519b\u7684\u4fa6\u5bdf\u673a\u5374\u9891\u7e41\u73b0\u8eab\u3002", "events": [], "arguments": {"time": [], "loc": [], "country": [{"text": "\u7f8e\u56fd", "offset": 49, "length": 2}], "weapon": [{"text": "\u4fa6\u5bdf\u673a", "offset": 54, "length": 3}]}}, {"sentence": "\u201c\u5357\u6d77\u6218\u7565\u6001\u52bf\u611f\u77e5\u201d\u8ba1\u5212\u5e73\u53f0\u79f0\uff0c\u672c\u6708\u5df2\u6709\u8fd110\u67b6\u6b21\u7684\u201c\u6311\u6218\u8005650\u201d\u4fa6\u5bdf\u673a\u51fa\u73b0\u5728\u5357\u6d77\u4e0a\u7a7a\u3002", "events": [], "arguments": {"time": [], "loc": [], "country": [], "weapon": [{"text": "\u201c\u6311\u6218\u8005650\u201d\u4fa6\u5bdf\u673a", "offset": 26, "length": 11}]}}, {"sentence": "\u636e\u6089\uff0c\u201c\u6311\u6218\u8005650\u201d\u4fa6\u5bdf\u673a\u662f\u7531\u52a0\u62ff\u5927\u5e9e\u5df4\u8fea\u516c\u53f8\u7684\u201c\u6311\u6218\u8005\u201d\u7cfb\u5217\u5546\u52a1\u673a\u6539\u88c5\u800c\u6765\uff0c\u673a\u4e0a\u88c5\u6709\u8d85\u9ad8\u89e3\u6790\u5ea6\u63a2\u6d4b\u76d1\u89c6\u7cfb\u7edf\uff0c\u80fd\u591f\u5bf9\u9646\u5730\u4e0a\u7684\u79fb\u52a8\u76ee\u6807\u4ee5\u53ca\u6c34\u9762\u8230\u8247\u7b49\u8fdb\u884c\u4fa6\u5bdf\uff0c\u914d\u5408\u5730\u9762\u8fdc\u7a0b\u706b\u529b\u6253\u51fb\u3002", "events": [], "arguments": {"time": [], "loc": [], "country": [], "weapon": [{"text": "\u201c\u6311\u6218\u8005650\u201d\u4fa6\u5bdf\u673a", "offset": 3, "length": 11}]}}, {"sentence": "\u7f8e\u519b\u822a\u7a7a\u9879\u76ee\u884c\u653f\u529e\u516c\u5ba4\u66fe\u516c\u5e03\u8fc7\u8be5\u673a\u7167\u7247\uff0c\u5e76\u6ca1\u6709\u7f8e\u519b\u6d82\u88c5\uff0c\u5916\u89c2\u5c31\u662f\u4e00\u67b6\u5c0f\u578b\u201c\u5546\u52a1\u673a\u201d\u3002", "events": [], "arguments": {"time": [], "loc": [], "country": [], "weapon": []}}, {"sentence": "\u4f7f\u7528\u8fd9\u6837\u7684\u98de\u673a\u5f00\u5c55\u4fa6\u5bdf\u6d3b\u52a8\u9690\u853d\u6027\u975e\u5e38\u5f3a\u3002", "events": [], "arguments": {"time": [], "loc": [], "country": [], "weapon": [{"text": "\u98de\u673a", "offset": 5, "length": 2}]}}, {"sentence": "\u5bf9\u4e8e\u7f8e\u519b\u8230\u673a\u7684\u62b5\u8fd1\u4fa6\u5bdf\u884c\u4e3a\uff0c\u5927\u9646\u56fd\u9632\u90e8\u65b0\u95fb\u53d1\u8a00\u4eba\u5434\u8c26\u5927\u6821\u66fe\u8868\u793a\uff0c\u5f53\u524d\uff0c\u5728\u5730\u533a\u56fd\u5bb6\u7684\u5171\u540c\u52aa\u529b\u4e0b\uff0c\u4e1c\u6d77\u3001\u5357\u6d77\u7684\u5c40\u52bf\u603b\u4f53\u662f\u7a33\u5b9a\u7684\u3002", "events": [], "arguments": {"time": [], "loc": [], "country": [], "weapon": [{"text": "\u8230\u673a", "offset": 4, "length": 2}]}}, {"sentence": "\u8fd9\u5145\u5206\u8bf4\u660e\u57df\u5185\u56fd\u5bb6\u6709\u667a\u6167\u3001\u6709\u80fd\u529b\u3001\u6709\u529e\u6cd5\u901a\u8fc7\u76f4\u63a5\u8c08\u5224\u534f\u5546\uff0c\u59a5\u5904\u5206\u6b67\uff0c\u5171\u62a4\u548c\u5e73\u3002", "events": [], "arguments": {"time": [], "loc": [], "country": [], "weapon": []}}, {"sentence": "\u53cd\u89c2\u4f5c\u4e3a\u57df\u5916\u56fd\u5bb6\u7684\u7f8e\u56fd\uff0c\u6253\u7740\u6240\u8c13\u201c\u822a\u884c\u81ea\u7531\u201d\u7684\u5e4c\u5b50\uff0c\u6d3e\u519b\u7528\u8230\u673a\u6765\u4e1c\u6d77\u3001\u5357\u6d77\u6311\u8845\uff0c\u5bf9\u4e2d\u65b9\u5b9e\u65bd\u9ad8\u9891\u5ea6\u62b5\u8fd1\u4fa6\u5bdf\uff0c\u4e3e\u884c\u9488\u5bf9\u6027\u6781\u5f3a\u7684\u519b\u4e8b\u6f14\u4e60\uff0c\u4e25\u91cd\u5371\u5bb3\u5730\u533a\u56fd\u5bb6\u7684\u4e3b\u6743\u4e0e\u5b89\u5168\u5229\u76ca\uff0c\u4e25\u91cd\u7834\u574f\u672c\u5730\u533a\u7684\u548c\u5e73\u7a33\u5b9a\u3002", "events": [], "arguments": {"time": [], "loc": [], "country": [], "weapon": []}}, {"sentence": "\u5bf9\u4e8e\u7f8e\u519b\u8230\u673a\u7684\u62b5\u8fd1\u4fa6\u5bdf\u884c\u4e3a\uff0c\u4e2d\u56fd\u519b\u4e8b\u4e13\u5bb6\u5b8b\u5fe0\u5e737\u67088\u65e5\u5728\u63a5\u53d7\u300a\u73af\u7403\u65f6\u62a5\u300b\u91c7\u8bbf\u65f6\u8868\u793a\uff0c\u89e3\u653e\u519b\u53ef\u4ee5\u91c7\u53d6\u62b5\u8fd1\u62e6\u622a\u7684\u65b9\u5f0f\uff0c\u5bf9\u62b5\u8fd1\u4fa6\u5bdf\u7684\u7f8e\u519b\u673a\u8fdb\u884c\u5e72\u6270\uff0c\u8ba9\u5bf9\u65b9\u65e0\u6cd5\u4e13\u5fc3\u5de5\u4f5c\u3002", "events": [], "arguments": {"time": [], "loc": [], "country": [], "weapon": []}}, {"sentence": "\u53e6\u4e00\u65b9\u9762\uff0c\u5f53\u5bf9\u65b9\u4fa6\u5bdf\u673a\u63a5\u8fd1\u6211\u56fd\u76f8\u5173\u7a7a\u57df\u65f6\uff0c\u89e3\u653e\u519b\u4e5f\u53ef\u4ee5\u6682\u505c\u4e00\u4e9b\u519b\u4e8b\u6d3b\u52a8\uff0c\u964d\u4f4e\u7535\u78c1\u9891\u8c31\u4fe1\u53f7\u88ab\u622a\u83b7\u7684\u6982\u7387\u3002", "events": [], "arguments": {"time": [], "loc": [], "country": [], "weapon": [{"text": "\u4fa6\u5bdf\u673a", "offset": 8, "length": 3}]}}]