[{"sentence": "\u4fc4\u9ad8\u5b98\u900f\u9732\u56fe-95MSM\u8f70\u70b8\u673a\u5df2\u5b8c\u6210\u9996\u98de\u00a0\u6539\u8fdb\u540e\u6218\u529b\u63d0\u5347\u4e00\u500d", "events": [], "arguments": {"time": [], "loc": [], "country": [], "weapon": [{"text": "\u56fe-95MSM\u8f70\u70b8\u673a", "offset": 5, "length": 10}]}}, {"sentence": "\u3010\u73af\u7403\u7f51\u519b\u4e8b\u62a5\u9053\u3011", "events": [], "arguments": {"time": [], "loc": [], "country": [], "weapon": []}}, {"sentence": "\u4fc4\u7f57\u65af\u536b\u661f\u901a\u8baf\u793e8\u670823\u65e5\u62a5\u9053\uff0c\u4fc4\u7f57\u65af\u56fd\u9632\u90e8\u4fe1\u606f\u4e0e\u5927\u4f17\u4f20\u5a92\u53f8\u63f4\u5f15\u8054\u5408\u822a\u7a7a\u5236\u9020\u96c6\u56e2\u516c\u53f8\u603b\u88c1\u65af\u67f3\u8428\u91cc\u8868\u793a\uff0c\u6df1\u5ea6\u6539\u8fdb\u578b\u7684\u56fe-95MSM\u8f70\u70b8\u673a\u5728\u5854\u7518\u7f57\u683c\u673a\u573a\u5b8c\u6210\u9996\u98de\u3002", "events": [{"trigger": {"text": "\u9996\u98de", "offset": 76, "length": 2}, "subject": {"text": "\u6df1\u5ea6\u6539\u8fdb\u578b\u7684\u56fe-95MSM\u8f70\u70b8\u673a", "offset": 51, "length": 16}, "object": {"text": "", "offset": 0, "length": 0}}], "arguments": {"time": [{"text": "8\u670823\u65e5", "offset": 8, "length": 5}], "loc": [{"text": "\u5854\u7518\u7f57\u683c\u673a\u573a", "offset": 68, "length": 6}], "country": [{"text": "\u4fc4\u7f57\u65af", "offset": 16, "length": 3}], "weapon": [{"text": "\u56fe-95MSM\u8f70\u70b8\u673a", "offset": 57, "length": 10}]}}, {"sentence": "\u65af\u67f3\u8428\u91cc\u8bf4\uff1a\u201c\u56fe-95MSM\u8f70\u70b8\u673a22\u65e5\u5728\u5854\u7518\u7f57\u683c\u673a\u573a\u5b8c\u6210\u9996\u98de\u3002", "events": [], "arguments": {"time": [], "loc": [], "country": [], "weapon": [{"text": "\u56fe-95MSM\u8f70\u70b8\u673a", "offset": 7, "length": 10}]}}, {"sentence": "\u673a\u7ec4\u6210\u5458\u5728\u56fe\u6ce2\u5217\u592b\u516c\u53f8\u4e0b\u5c5e\u7684\u8339\u79d1\u592b\u65af\u57fa\u8bd5\u98de\u57fa\u5730\u8bd5\u98de\u5458\u6c83\u7f57\u5df4\u8036\u592b\u7684\u6307\u6325\u4e0b\u9a7e\u9a76\u98de\u673a\u3002", "events": [], "arguments": {"time": [], "loc": [], "country": [], "weapon": [{"text": "\u98de\u673a", "offset": 37, "length": 2}]}}, {"sentence": "\u98de\u884c\u6309\u8ba1\u5212\u6b63\u5e38\u8fdb\u884c\uff0c\u98de\u884c\u9ad8\u5ea69000\u7c73\uff0c\u65f6\u957f2\u5c0f\u65f633\u5206\u949f\uff0c\u7cfb\u7edf\u548c\u8bbe\u5907\u8fd0\u884c\u6b63\u5e38\u3002", "events": [], "arguments": {"time": [], "loc": [], "country": [], "weapon": []}}, {"sentence": "\u201d", "events": [], "arguments": {"time": [], "loc": [], "country": [], "weapon": []}}, {"sentence": "\u65af\u67f3\u8428\u91cc\u8fd8\u8bf4\uff1a\u201c\u8be5\u98de\u673a\u914d\u5907\u4e86\u5168\u65b0\u7684\u6b66\u5668\u7cfb\u7edf\u3001\u673a\u8f7d\u7535\u5b50\u8bbe\u5907\u3001\u7ecf\u8fc7\u6539\u8fdb\u7684\u53d1\u52a8\u673a\u548c\u87ba\u65cb\u6868\u3002", "events": [], "arguments": {"time": [], "loc": [], "country": [], "weapon": [{"text": "\u98de\u673a", "offset": 9, "length": 2}]}}, {"sentence": "\u6539\u8fdb\u540e\u7684\u98de\u673a\u6218\u6597\u529b\u63d0\u5347\u4e00\u500d\u3002", "events": [], "arguments": {"time": [], "loc": [], "country": [], "weapon": [{"text": "\u98de\u673a", "offset": 4, "length": 2}]}}, {"sentence": "\u8d77\u98de\u540e\u5c06\u7ee7\u7eed\u8fdb\u884c\u6d4b\u8bd5\u3002", "events": [], "arguments": {"time": [], "loc": [], "country": [], "weapon": []}}, {"sentence": "\u201d", "events": [], "arguments": {"time": [], "loc": [], "country": [], "weapon": []}}, {"sentence": "\u62a5\u9053\u79f0\uff0c\u56fe-95\u8f70\u70b8\u673a\u7684\u73b0\u4ee3\u5316\u6539\u8fdb\u5de5\u4f5c\u5c06\u663e\u8457\u63d0\u9ad8\u5bfc\u822a\u7cbe\u5ea6\u548c\u53ef\u9760\u6027\u6307\u6807\uff0c\u5ef6\u957f\u822a\u7a7a\u8bbe\u5907\u7684\u4f7f\u7528\u5bff\u547d\uff0c\u5b8c\u5584\u98de\u673a\u7684\u8d77\u964d\u6027\u80fd\u3002", "events": [], "arguments": {"time": [], "loc": [], "country": [], "weapon": [{"text": "\u56fe-95\u8f70\u70b8\u673a", "offset": 4, "length": 7}]}}]