[{"sentence": "\u6709\u4f55\u4f01\u56fe\uff1f", "events": [], "arguments": {"time": [], "loc": [], "country": [], "weapon": []}}, {"sentence": "\u7f8e\u9646\u519b\u8fde\u7eed\u591a\u65e5\u6d3e\u201c\u5546\u52a1\u673a\u201d\u62b5\u8fd1\u4e2d\u56fd\u4fa6\u5bdf", "events": [], "arguments": {"time": [], "loc": [], "country": [], "weapon": [{"text": "\u201c\u5546\u52a1\u673a\u201d", "offset": 8, "length": 5}]}}, {"sentence": "\u3010\u73af\u7403\u7f51\u62a5\u9053\u3011", "events": [], "arguments": {"time": [], "loc": [], "country": [], "weapon": []}}, {"sentence": "\u672c\u5468\uff0c\u793e\u4ea4\u5a92\u4f53\u6d88\u606f\u79f0\u7f8e\u56fd\u9646\u519b\u201c\u963f\u5c14\u5fd2\u5f25\u65af\u201d\uff08Artemis\uff09\u4fa6\u5bdf\u673a\u8fde\u7eed\u51e0\u5929\u62b5\u8fd1\u4e2d\u56fd\u5468\u8fb9\u6d77\u57df\u4e0a\u7a7a\u8fdb\u884c\u4fa6\u5bdf\u3002", "events": [{"trigger": {"text": "\u4fa6\u5bdf", "offset": 49, "length": 2}, "subject": {"text": "\u7f8e\u56fd\u9646\u519b\u201c\u963f\u5c14\u5fd2\u5f25\u65af\u201d\uff08Artemis\uff09\u4fa6\u5bdf\u673a", "offset": 10, "length": 23}, "object": {"text": "", "offset": 0, "length": 0}}], "arguments": {"time": [], "loc": [], "country": [{"text": "\u4e2d\u56fd", "offset": 39, "length": 2}], "weapon": [{"text": "\u201c\u963f\u5c14\u5fd2\u5f25\u65af\u201d\uff08Artemis\uff09\u4fa6\u5bdf\u673a", "offset": 14, "length": 19}]}}, {"sentence": "\u7f8e\u5a92\u79f0\uff0c\u8be5\u578b\u98de\u673a\u7531\u52a0\u62ff\u5927\u5e9e\u5df4\u8fea\u516c\u53f8\u7684\u5546\u52a1\u673a\u6539\u88c5\u800c\u6765\uff0c\u88c5\u6709\u8d85\u9ad8\u89e3\u6790\u5ea6\u63a2\u6d4b\u76d1\u89c6\u7cfb\u7edf\uff08HADES\uff09\u3002", "events": [], "arguments": {"time": [], "loc": [], "country": [], "weapon": [{"text": "\u5546\u52a1\u673a", "offset": 18, "length": 3}]}}, {"sentence": "\u6839\u636e\u7f8e\u519b\u65b9\u516c\u5e03\u7684\u98de\u673a\u7167\u7247\uff0c\u673a\u8eab\u6ca1\u6709\u7f8e\u519b\u6d82\u88c5\u3002", "events": [], "arguments": {"time": [], "loc": [], "country": [], "weapon": []}}, {"sentence": "\u591a\u5bb6\u53f0\u5a92\u65e9\u524d\u6d88\u606f\u8bf4\uff0c\u4e00\u4e2a\u5173\u6ce8\u519b\u60c5\u52a8\u6001\u7684\u63a8\u7279\u8d26\u53f719\u65e5\u79f0\uff0c\u4e00\u67b6\u7f8e\u56fd\u9646\u519b\u201c\u963f\u5c14\u5fd2\u5f25\u65af\u201d\u4fa6\u5bdf\u673a\u4ece\u65e5\u672c\u51b2\u7ef3\u5609\u624b\u7eb3\u7a7a\u519b\u57fa\u5730\u8d77\u98de\uff0c\u5e76\u5728\u4e0a\u534810\u65f6\u5de6\u53f3\u4ece\u53f0\u6e7e\u4e1c\u90e8\u5df4\u58eb\u6d77\u5ce1\u7a7a\u57df\u7ecf\u8fc7\uff0c\u4e2d\u5348\u8fd4\u62b5\u57fa\u5730\u3002", "events": [], "arguments": {"time": [{"text": "19\u65e5", "offset": 23, "length": 3}], "loc": [{"text": "\u65e5\u672c\u51b2\u7ef3\u5609\u624b\u7eb3\u7a7a\u519b\u57fa\u5730", "offset": 45, "length": 11}, {"text": "\u53f0\u6e7e\u4e1c\u90e8\u5df4\u58eb\u6d77\u5ce1\u7a7a\u57df", "offset": 69, "length": 10}], "country": [{"text": "\u7f8e\u56fd", "offset": 30, "length": 2}], "weapon": [{"text": "\u201c\u963f\u5c14\u5fd2\u5f25\u65af\u201d\u4fa6\u5bdf\u673a", "offset": 34, "length": 10}]}}, {"sentence": "\u800c20\u65e5\uff0c\u201c\u5357\u6d77\u6218\u7565\u6001\u52bf\u611f\u77e5\u8ba1\u5212\u201d\u4e5f\u53d1\u5e03\u5fae\u535a\u63d0\u5230\uff0c20\u65e5\u4e00\u67b6\u8be5\u578b\u98de\u673a\u524d\u5f80\u53f0\u6e7e\u6d77\u5ce1\u5357\u90e8\u7a7a\u57df\u8fdb\u884c\u4fa6\u5bdf\u3002", "events": [], "arguments": {"time": [{"text": "20\u65e5", "offset": 25, "length": 3}], "loc": [], "country": [], "weapon": [{"text": "\u98de\u673a", "offset": 32, "length": 2}]}}]