[{"sentence": "\u7f8e\u519b\u63a5\u6536\u65b0\u6b3e\u81ea\u884c\u706b\u70ae\u00a0\u96f6\u90e8\u4ef6\u4e0e\u201c\u5e03\u96f7\u5fb7\u5229\u201d\u6b65\u5175\u6218\u8f66\u901a\u7528", "events": [], "arguments": {"time": [], "loc": [], "country": [], "weapon": [{"text": "\u81ea\u884c\u706b\u70ae", "offset": 6, "length": 4}, {"text": "\u201c\u5e03\u96f7\u5fb7\u5229\u201d\u6b65\u5175\u6218\u8f66", "offset": 15, "length": 10}]}}, {"sentence": "\u3010\u73af\u7403\u7f51\u62a5\u9053 \u89c1\u4e60\u8bb0\u8005 \u9a6c\u5ca9\u3011", "events": [], "arguments": {"time": [], "loc": [], "country": [], "weapon": []}}, {"sentence": "\u636e\u201c\u9632\u52a1\u535a\u5ba2\u201d\u7f51\u7ad98\u670820\u65e5\u62a5\u9053\uff0c\u7f8e\u519b\u7b2c\u4e00\u9a91\u5175\u5e08\u7684\u201c\u7070\u72fc\u201d\u65c5\u5df2\u7ecf\u63a5\u6536\u4e86M109A7\u81ea\u884c\u706b\u70ae\uff0c\u8fd9\u662fM109\u7cfb\u5217\u7684\u6700\u65b0\u578b\u53f7\u3002", "events": [{"trigger": {"text": "\u63a5\u6536", "offset": 32, "length": 2}, "subject": {"text": "\u7f8e\u519b\u7b2c\u4e00\u9a91\u5175\u5e08\u7684\u201c\u7070\u72fc\u201d\u65c5", "offset": 17, "length": 13}, "object": {"text": "M109A7\u81ea\u884c\u706b\u70ae", "offset": 35, "length": 10}}], "arguments": {"time": [{"text": "8\u670820\u65e5", "offset": 9, "length": 5}], "loc": [], "country": [], "weapon": [{"text": "M109A7\u81ea\u884c\u706b\u70ae", "offset": 35, "length": 10}]}}, {"sentence": "\u4f5c\u4e3a\u7f8e\u56fd\u9646\u519b\u6700\u5173\u952e\u7684\u6218\u6597\u8f66\u8f86\u73b0\u4ee3\u5316\u8ba1\u5212\u4e4b\u4e00\uff0cM109A7\u5c06\u53d6\u4ee3\u76ee\u524d\u7684M109A6\u81ea\u884c\u69b4\u5f39\u70ae\u3002", "events": [], "arguments": {"time": [], "loc": [], "country": [{"text": "\u7f8e\u56fd", "offset": 2, "length": 2}], "weapon": [{"text": "M109A6\u81ea\u884c\u69b4\u5f39\u70ae", "offset": 34, "length": 11}, {"text": "M109A7", "offset": 22, "length": 6}]}}, {"sentence": "\u65b0\u4e00\u4ee3\u69b4\u5f39\u70ae\u62e5\u6709\u66f4\u5f3a\u7684\u6027\u80fd\uff0c\u5305\u62ec\u5168\u65b0\u7684\u5e95\u76d8\u3001\u53d1\u52a8\u673a\u3001\u53d8\u901f\u5668\u3001\u8f6c\u5411\u7cfb\u7edf\u7b49\uff0c\u5176\u96f6\u90e8\u4ef6\u4e0e\u201c\u5e03\u96f7\u5fb7\u5229\u201d\u6b65\u5175\u6218\u8f66\u7684\u901a\u7528\uff0c\u8fd9\u964d\u4f4e\u4e86\u6574\u4e2a\u9879\u76ee\u7684\u6210\u672c\u548c\u540e\u52e4\u6d88\u8017\uff0c\u540c\u65f6\u63d0\u9ad8\u4e86\u751f\u5b58\u529b\uff0c\u4ee5\u4fdd\u6301\u6218\u573a\u4e0a\u7684\u4e3b\u5bfc\u5730\u4f4d\u3002", "events": [], "arguments": {"time": [], "loc": [], "country": [], "weapon": [{"text": "\u69b4\u5f39\u70ae", "offset": 3, "length": 3}, {"text": "\u201c\u5e03\u96f7\u5fb7\u5229\u201d\u6b65\u5175\u6218\u8f66", "offset": 41, "length": 10}]}}, {"sentence": "M109A7\u88ab\u8ba4\u4e3a\u662f\u63d0\u9ad8\u53ef\u6301\u7eed\u6027\u548c\u751f\u5b58\u80fd\u529b\u7684\u6700\u5177\u6027\u4ef7\u6bd4\u7684\u65b9\u6cd5\uff0c\u540c\u65f6\u51cf\u8f7b\u4e86\u7f8e\u519b\u88c5\u7532\u90e8\u961f\u7684\u540e\u52e4\u8d1f\u62c5\uff0c\u5e76\u53ef\u4ee5\u4e3a\u6d88\u9632\u961f\u63d0\u4f9b\u652f\u63f4\u3002", "events": [], "arguments": {"time": [], "loc": [], "country": [], "weapon": [{"text": "M109A7", "offset": 0, "length": 6}]}}, {"sentence": "\uff08\u5b8c\uff09", "events": [], "arguments": {"time": [], "loc": [], "country": [], "weapon": []}}, {"sentence": "\uff08\u5b8c\uff09", "events": [], "arguments": {"time": [], "loc": [], "country": [], "weapon": []}}]