[{"sentence": "\u4fc4\u5317\u65b9\u8230\u961f\u5c06\u88c5\u5907\u522b200\u6c34\u4e0a\u98de\u673a\u00a0\u62c5\u8d1f\u5317\u6781\u4f5c\u6218\u91cd\u4efb", "events": [{"trigger": {"text": "\u88c5\u5907", "offset": 6, "length": 2}, "subject": {"text": "\u4fc4\u5317\u65b9\u8230\u961f", "offset": 0, "length": 5}, "object": {"text": "\u522b200\u6c34\u4e0a\u98de\u673a", "offset": 8, "length": 8}}], "arguments": {"time": [], "loc": [], "country": [], "weapon": [{"text": "\u522b200\u6c34\u4e0a\u98de\u673a", "offset": 8, "length": 8}]}}, {"sentence": "\u3010\u73af\u7403\u7f51\u519b\u4e8b\u62a5\u9053\u3011", "events": [], "arguments": {"time": [], "loc": [], "country": [], "weapon": []}}, {"sentence": "\u4fc4\u7f57\u65af\u300a\u6d88\u606f\u62a5\u300b8\u670821\u65e5\u63f4\u5f15\u4fc4\u519b\u65b9\u6d88\u606f\u4eba\u58eb\u7684\u8bdd\u62a5\u9053\uff0c\u6700\u65b0\u578b\u7ef0\u53f7\u4e3a\u201c\u7275\u725b\u661f\u201d\u7684\u522b-200\u6c34\u9646\u4e24\u6816\u98de\u673a\u5c06\u62c5\u8d1f\u8d77\u4fdd\u536b\u4fc4\u7f57\u65af\u5317\u6781\u8fb9\u7586\u7684\u91cd\u4efb\u3002", "events": [], "arguments": {"time": [{"text": "8\u670821\u65e5", "offset": 8, "length": 5}], "loc": [{"text": "\u4fc4\u7f57\u65af\u5317\u6781\u8fb9\u7586", "offset": 56, "length": 7}], "country": [{"text": "\u4fc4\u7f57\u65af", "offset": 56, "length": 3}], "weapon": [{"text": "\u522b-200\u6c34\u9646\u4e24\u6816\u98de\u673a", "offset": 39, "length": 11}, {"text": "\u7275\u725b\u661f", "offset": 34, "length": 3}]}}, {"sentence": "\u4fc4\u6d77\u519b\u5317\u65b9\u8230\u5c06\u961f\u914d\u5907\u522b-200\u641c\u6551\u673a\u548c\u522b-200\u53cd\u6f5c\u673a\u3002", "events": [], "arguments": {"time": [], "loc": [], "country": [], "weapon": [{"text": "\u522b-200\u641c\u6551\u673a", "offset": 10, "length": 8}, {"text": "\u522b-200\u53cd\u6f5c\u673a", "offset": 19, "length": 8}]}}, {"sentence": "\u62a5\u9053\u79f0\uff0c\u4e3a\u4e86\u6ee1\u8db3\u522b-200\u6c34\u4e0a\u98de\u673a\u8fdb\u9a7b\u6761\u4ef6\uff0c\u9700\u8981\u5bf9\u6469\u5c14\u66fc\u65af\u514b\u9644\u8fd1\u5317\u6781\u5708\u5185\u552f\u4e00\u4e00\u5ea7\u6c34\u4e0a\u673a\u573a\u8fdb\u884c\u6539\u9020\u548c\u5347\u7ea7\u3002", "events": [], "arguments": {"time": [], "loc": [{"text": "\u6469\u5c14\u66fc\u65af\u514b", "offset": 25, "length": 5}], "country": [], "weapon": [{"text": "\u522b-200\u6c34\u4e0a\u98de\u673a", "offset": 8, "length": 9}]}}, {"sentence": "\u4fc4\u519b\u4e8b\u4e13\u5bb6\u5fb7\u7c73\u7279\u91cc\u00b7\u535a\u5c14\u575a\u79d1\u592b\u8868\u793a\uff0c\u201c\u7275\u725b\u661f\u201d\u7684\u4e3b\u8981\u4efb\u52a1\u662f\u76d1\u63a7\u5df4\u4f26\u652f\u6d77\uff0c\u4e3a\u6f5c\u8247\u4ece\u9a7b\u5730\u51fa\u6d77\u63d0\u4f9b\u4fdd\u969c\u3002", "events": [], "arguments": {"time": [], "loc": [], "country": [], "weapon": [{"text": "\u201c\u7275\u725b\u661f\u201d", "offset": 18, "length": 5}, {"text": "\u6f5c\u8247", "offset": 37, "length": 2}]}}, {"sentence": "\u300a\u6d88\u606f\u62a5\u300b\u63f4\u5f15\u535a\u5c14\u575a\u79d1\u592b\u7684\u8bdd\u8bf4\uff1a\u201c\u5176\u4e3b\u8981\u4efb\u52a1\u4e4b\u4e00\u662f\u53cd\u6f5c\uff1a\u7f8e\u56fd\u6f5c\u8247\u5b9a\u671f\u8fdb\u51fa\u5df4\u4f26\u652f\u6d77\u3002", "events": [], "arguments": {"time": [], "loc": [], "country": [{"text": "\u7f8e\u56fd", "offset": 28, "length": 2}], "weapon": [{"text": "\u6f5c\u8247", "offset": 30, "length": 2}]}}, {"sentence": "\u53e6\u4e00\u4e2a\u4efb\u52a1\u65b9\u5411\u662f\u641c\u6551\uff0c\u5df4\u4f26\u652f\u6d77\u2018\u4e1a\u52a1\u7e41\u5fd9\u2019\uff1a\u6f5c\u8247\u524d\u51fa\u6267\u884c\u6218\u5907\u5de1\u822a\u4efb\u52a1\uff0c\u519b\u8230\u3001\u6e14\u8239\u5f80\u6765\u9891\u7e41\uff0c\u5e76\u4e14\u8fd8\u8fd1\u90bb\u5317\u6d77\u822a\u7ebf\u3002", "events": [], "arguments": {"time": [], "loc": [], "country": [], "weapon": [{"text": "\u6f5c\u8247", "offset": 22, "length": 2}, {"text": "\u519b\u8230", "offset": 35, "length": 2}, {"text": "\u6e14\u8239", "offset": 38, "length": 2}]}}, {"sentence": "\u201c", "events": [], "arguments": {"time": [], "loc": [], "country": [], "weapon": []}}, {"sentence": "\u522b-200\u662f\u4e16\u754c\u4e0a\u6700\u5927\u548c\u6700\u5148\u8fdb\u7684\u6c34\u9646\u4e24\u6816\u55b7\u6c14\u98de\u673a\u3002", "events": [], "arguments": {"time": [], "loc": [], "country": [], "weapon": [{"text": "\u522b-200", "offset": 0, "length": 5}, {"text": "\u6c34\u9646\u4e24\u6816\u55b7\u6c14\u98de\u673a", "offset": 16, "length": 8}]}}, {"sentence": "\u6700\u5927\u901f\u5ea6\u8d85\u8fc7700\u5343\u7c73/\u5c0f\u65f6\u3002", "events": [], "arguments": {"time": [], "loc": [], "country": [], "weapon": []}}, {"sentence": "\u53ef\u5728\u8fdc\u79bb\u6d77\u5cb8200\u516c\u91cc\u8303\u56f4\u5185\u5de1\u822a6\u4e2a\u5c0f\u65f6\u3002", "events": [], "arguments": {"time": [], "loc": [], "country": [], "weapon": []}}, {"sentence": "\u8231\u5185\u5907\u6709\u5145\u6c14\u8247\u548c\u6551\u751f\u8bbe\u5907\uff0c\u53ef\u5bb9\u7eb345\u4eba\u3002", "events": [], "arguments": {"time": [], "loc": [], "country": [], "weapon": []}}]