[{"sentence": "\u4fc4\u519b\u6b32\u5c06\u82cf57\u90e8\u7f72\u8be5\u56fd\u897f\u90e8\u00a0\u4e13\u5bb6\uff1a\u5c06\u8ba9\u5317\u7ea6\u5728\u8be5\u5730\u533a\u6218\u529b\u201c\u53d8\u6210\u96f6\u201d", "events": [{"trigger": {"text": "\u90e8\u7f72", "offset": 7, "length": 2}, "subject": {"text": "\u4fc4\u519b\u6b32\u5c06\u82cf57", "offset": 0, "length": 7}, "object": {"text": "\u8be5\u56fd\u897f\u90e8", "offset": 9, "length": 4}}], "arguments": {"time": [], "loc": [], "country": [{"text": "\u4fc4", "offset": 0, "length": 1}], "weapon": [{"text": "\u82cf57", "offset": 4, "length": 3}]}}, {"sentence": "\u3010\u73af\u7403\u7f51\u519b\u4e8b\u62a5\u9053\u3011", "events": [], "arguments": {"time": [], "loc": [], "country": [], "weapon": []}}, {"sentence": "\u4fc4\u7f57\u65af\u536b\u661f\u901a\u8baf\u793e8\u670819\u65e5\u62a5\u9053\uff0c\u4fc4\u7f57\u65af\u5730\u7f18\u653f\u6cbb\u95ee\u9898\u5b66\u9662\u526f\u9662\u957f\u5f17\u62c9\u57fa\u7c73\u5c14\u00b7\u963f\u8bfa\u6b23\u4e0a\u6821\u8868\u793a\uff0c\u4fc4\u519b\u6d3e\u9063\u6700\u65b0\u7684\u82cf-57\u6218\u6597\u673a\u5230\u897f\u90e8\u519b\u533a\u5c06\u628a\u5317\u7ea6\u5728\u8be5\u5730\u533a\u7684\u519b\u4e8b\u6f5c\u529b\u964d\u4f4e\u5230\u96f6\u3002", "events": [], "arguments": {"time": [{"text": "8\u670819\u65e5", "offset": 8, "length": 5}], "loc": [], "country": [{"text": "\u4fc4\u7f57\u65af", "offset": 16, "length": 3}], "weapon": [{"text": "\u82cf-57", "offset": 51, "length": 4}, {"text": "\u82cf-57\u6218\u6597\u673a", "offset": 51, "length": 7}]}}, {"sentence": "\u4fc4\u7f57\u65af\u56fd\u9632\u90e8\u6d88\u606f\u4eba\u58eb\u6b64\u524d\u8868\u793a\uff0c\u6d3e\u9063\u6700\u65b0\u7684\u4fc4\u7f57\u65af\u7b2c\u4e94\u4ee3\u6218\u6597\u673a\u82cf-57\u65e8\u5728\u52a0\u5f3a\u897f\u90e8\u519b\u533a\u3002", "events": [], "arguments": {"time": [], "loc": [], "country": [], "weapon": [{"text": "\u7b2c\u4e94\u4ee3\u6218\u6597\u673a\u82cf-57", "offset": 23, "length": 10}]}}, {"sentence": "\u8be5\u6218\u6597\u673a\u8ba1\u5212\u5728\u672a\u6765\u51e0\u5e74\u4ea4\u4ed8\u3002", "events": [], "arguments": {"time": [], "loc": [], "country": [], "weapon": [{"text": "\u6218\u6597\u673a", "offset": 1, "length": 3}]}}, {"sentence": "\u4fc4\u7f57\u65af\u82cf-57\u7b2c\u4e94\u4ee3\u6218\u6597\u673a", "events": [], "arguments": {"time": [], "loc": [], "country": [], "weapon": [{"text": "\u82cf-57\u7b2c\u4e94\u4ee3\u6218\u6597\u673a", "offset": 3, "length": 10}]}}, {"sentence": "\u963f\u8bfa\u6b23\u8ba4\u4e3a\uff0c\u4fc4\u56fd\u9632\u90e8\u51b3\u5b9a\u5728\u8be5\u5730\u533a\u90e8\u7f72\u6700\u65b0\u7684\u4fc4\u7f57\u65af\u98de\u673a\u662f\u5bf9\u5317\u7ea6\u7a7a\u519b\u529b\u91cf\u52a0\u5f3a\u7684\u56de\u5e94\u3002", "events": [], "arguments": {"time": [], "loc": [], "country": [], "weapon": [{"text": "\u98de\u673a", "offset": 24, "length": 2}]}}, {"sentence": "\u4ed6\u8bf4\uff1a\u201c\u8fd9\u5c06\u4ece\u6839\u672c\u4e0a\u63d0\u4fc4\u9ad8\u897f\u90e8\u519b\u533a\u822a\u7a7a\u961f\u7684\u80fd\u529b\uff0c\u4f7f\u5f97\u8fc5\u901f\u9500\u6bc1\u8be5\u5730\u533a\u654c\u673a\u53d8\u5f97\u53ef\u80fd\u3002", "events": [], "arguments": {"time": [], "loc": [], "country": [], "weapon": []}}, {"sentence": "\u5317\u7ea6\u975e\u5e38\u4e86\u89e3\u8fd9\u4e00\u70b9\u3002", "events": [], "arguments": {"time": [], "loc": [], "country": [], "weapon": []}}, {"sentence": "\u5728\u4fc4\u7f57\u65af\u897f\u5317\u8fb9\u5883\u9644\u8fd1\u90e8\u7f72\u5f3a\u5927\u7684\u822a\u7a7a\u90e8\u961f\u662f\u519b\u4e8b\u653f\u6cbb\u5192\u9669\u3002", "events": [], "arguments": {"time": [], "loc": [], "country": [], "weapon": []}}, {"sentence": "\u5efa\u7acb\u6253\u51fb\u80fd\u529b\u5927\u4e00\u4e2a\u7ea7\u522b\u7684\u822a\u7a7a\u961f\u4f5c\u4e3a\u56de\u5e94\uff0c\u8fd9\u662f\u5b8c\u5168\u5408\u4e4e\u903b\u8f91\u7684\u4e00\u6b65\u3002", "events": [], "arguments": {"time": [], "loc": [], "country": [], "weapon": []}}, {"sentence": "\u201d", "events": [], "arguments": {"time": [], "loc": [], "country": [], "weapon": []}}, {"sentence": "\u4ed6\u8865\u5145\u8bf4\uff1a\u201c\u5f53\u82cf-57\u4e4b\u7c7b\u7684\u6218\u6597\u673a\u51fa\u73b0\u5728\u90a3\u65f6\uff0c\u6211\u4eec\u4f1a\u770b\u5230\u60c5\u7eea\u4e0a\u7684\u53cd\u5e94\u3002", "events": [], "arguments": {"time": [], "loc": [], "country": [], "weapon": [{"text": "\u82cf-57", "offset": 7, "length": 4}]}}, {"sentence": "\u52a0\u4e0a\u5f3a\u5927\u7684\u5730\u9762\u90e8\u961f\uff0c\u7279\u522b\u5728\u52a0\u91cc\u5b81\u683c\u52d2\u5dde\uff0c\u4fc4\u7f57\u65af\u7a7a\u519b\u5c06\u628a\u5317\u7ea6\u5728\u8be5\u5730\u533a\u7684\u519b\u4e8b\u6f5c\u529b\u53d8\u6210\u96f6\u3002", "events": [], "arguments": {"time": [], "loc": [{"text": "\u52a0\u91cc\u5b81\u683c\u52d2\u5dde", "offset": 13, "length": 6}], "country": [], "weapon": []}}, {"sentence": "\u201d", "events": [], "arguments": {"time": [], "loc": [], "country": [], "weapon": []}}, {"sentence": "\u82cf-57\u662f\u4fc4\u7f57\u65af\u7b2c\u4e94\u4ee3\u6218\u6597\u673a\uff0c\u65e8\u5728\u6467\u6bc1\u6240\u6709\u7c7b\u578b\u7684\u7a7a\u4e2d\u3001\u5730\u9762\u548c\u6c34\u9762\u76ee\u6807\u3002", "events": [], "arguments": {"time": [], "loc": [], "country": [], "weapon": [{"text": "\u82cf-57", "offset": 0, "length": 4}, {"text": "\u6597\u673a", "offset": 0, "length": 2}]}}, {"sentence": "\u8be5\u6218\u6597\u673a\u7684\u901f\u5ea6\u4e3a\u6bcf\u5c0f\u65f62600\u516c\u91cc\uff0c\u4e9a\u97f3\u901f\u98de\u884c\u65f6\u7684\u5b9e\u7528\u822a\u7a0b\u4e3a5500\u516c\u91cc\u3002", "events": [], "arguments": {"time": [], "loc": [], "country": [], "weapon": [{"text": "\u6218\u6597\u673a", "offset": 1, "length": 3}]}}, {"sentence": "\u98de\u673a\u7684\u6700\u5927\u6218\u6597\u8d1f\u8377\u4e3a10\u5428\u3002", "events": [], "arguments": {"time": [], "loc": [], "country": [], "weapon": [{"text": "\u98de\u673a", "offset": 0, "length": 2}]}}]