[{"sentence": "\u97e9\u5a92\uff1a\u7f8e\u519b6\u67b6\u8f70\u70b8\u673a\u540c\u65f6\u73b0\u8eab\u671d\u9c9c\u534a\u5c9b\u8fd1\u6d77\uff0c\u5b9e\u5c5e\u7f55\u89c1", "events": [{"trigger": {"text": "\u73b0\u8eab", "offset": 12, "length": 2}, "subject": {"text": "\u7f8e\u519b6\u67b6\u8f70\u70b8\u673a", "offset": 3, "length": 7}, "object": {"text": "\u671d\u9c9c\u534a\u5c9b\u8fd1\u6d77", "offset": 14, "length": 6}}], "arguments": {"time": [], "loc": [], "country": [], "weapon": [{"text": "\u8f70\u70b8\u673a", "offset": 7, "length": 3}]}}, {"sentence": "\u3010\u73af\u7403\u7f51\u519b\u4e8b\u62a5\u9053\u3011", "events": [], "arguments": {"time": [], "loc": [], "country": [], "weapon": []}}, {"sentence": "\u636e\u97e9\u8054\u793e\u9996\u5c148\u670819\u65e5\u62a5\u9053\uff0c\u7f8e\u56fd\u592a\u5e73\u6d0b\u7a7a\u519b\u53f8\u4ee4\u90e819\u65e5\u53d1\u5e03\u6d88\u606f\u79f0\uff0c4\u67b6B-1B\u6218\u7565\u8f70\u70b8\u673a\u548c2\u67b6B-2\u9690\u5f62\u8f70\u70b8\u673a17\u65e5\u4ece\u7f8e\u56fd\u672c\u571f\u548c\u5173\u5c9b\u57fa\u5730\u8d77\u98de\uff0c\u5728\u671d\u9c9c\u6d77\u5ce1\u548c\u65e5\u672c\u9644\u8fd1\u4e0a\u7a7a\u98de\u884c\u3002", "events": [], "arguments": {"time": [{"text": "19\u65e5", "offset": 24, "length": 3}, {"text": "17\u65e5", "offset": 55, "length": 3}], "loc": [{"text": "\u5173\u5c9b\u57fa\u5730", "offset": 64, "length": 4}, {"text": "\u7f8e\u56fd\u672c\u571f", "offset": 59, "length": 4}, {"text": "\u671d\u9c9c\u6d77\u5ce1", "offset": 72, "length": 4}], "country": [{"text": "\u65e5\u672c", "offset": 77, "length": 2}, {"text": "\u7f8e\u56fd", "offset": 59, "length": 2}], "weapon": [{"text": "B-1B", "offset": 35, "length": 4}, {"text": "B-2", "offset": 47, "length": 3}, {"text": "B-1B\u6218\u7565\u8f70\u70b8\u673a", "offset": 35, "length": 9}, {"text": "B-2\u9690\u5f62\u8f70\u70b8\u673a", "offset": 47, "length": 8}]}}, {"sentence": "\u62a5\u9053\u79f0\uff0c\u5728\u97e9\u7f8e\u8054\u5408\u519b\u6f14\u5f00\u542f\u4e4b\u9645\uff0c\u7f8e\u519b6\u67b6\u8f70\u70b8\u673a\u540c\u65f6\u73b0\u8eab\u671d\u9c9c\u534a\u5c9b\u8fd1\u6d77\uff0c\u5b9e\u5c5e\u7f55\u89c1\u3002", "events": [], "arguments": {"time": [], "loc": [], "country": [{"text": "\u97e9", "offset": 5, "length": 1}, {"text": "\u671d\u9c9c", "offset": 27, "length": 2}], "weapon": [{"text": "\u8f70\u70b8\u673a", "offset": 20, "length": 3}]}}, {"sentence": "4\u67b6B-1B\u8f70\u70b8\u673a\u5206\u522b\u4ece\u7f8e\u56fd\u5f97\u514b\u8428\u65af\u5dde\u6234\u65af\u7a7a\u519b\u57fa\u5730\u548c\u5173\u5c9b\u5b89\u5fb7\u68ee\u7a7a\u519b\u57fa\u5730\u8d77\u98de\u3002", "events": [], "arguments": {"time": [], "loc": [{"text": "\u5f97\u514b\u8428\u65af\u5dde\u6234\u65af\u7a7a\u519b\u57fa\u5730", "offset": 14, "length": 11}, {"text": "\u5173\u5c9b\u5b89\u5fb7\u68ee\u7a7a\u519b\u57fa\u5730", "offset": 26, "length": 9}], "country": [], "weapon": [{"text": "B-1B\u8f70\u70b8\u673a", "offset": 2, "length": 7}]}}, {"sentence": "B-2\u9690\u5f62\u8f70\u70b8\u673a\u4ece\u6700\u8fd1\u90e8\u7f72\u5230\u5370\u5ea6\u6d0b\u4e0a\u7684\u8fea\u6208\u52a0\u897f\u4e9a\u5c9b\u7f8e\u56fd\u6d77\u519b\u57fa\u5730\u8d77\u98de\uff0c\u4e00\u76f4\u98de\u5230\u65e5\u672c\u8fd1\u6d77\u3002", "events": [], "arguments": {"time": [], "loc": [{"text": "\u8fea\u6208\u52a0\u897f\u4e9a\u5c9b\u7f8e\u56fd\u6d77\u519b\u57fa\u5730", "offset": 19, "length": 12}], "country": [], "weapon": [{"text": "B-2", "offset": 0, "length": 3}, {"text": "B-2\u9690\u5f62\u8f70\u70b8\u673a", "offset": 0, "length": 8}]}}, {"sentence": "\u4ece\u6234\u65af\u7a7a\u519b\u57fa\u5730\u8d77\u98de\u76842\u67b6B-1B\u8f70\u70b8\u673a\u4e0e\u65e5\u672c\u822a\u7a7a\u81ea\u536b\u961fF-15J\u6218\u6597\u673a\u8fdb\u884c\u4e86\u8054\u5408\u6f14\u4e60\u3002", "events": [], "arguments": {"time": [], "loc": [{"text": "\u6234\u65af\u7a7a\u519b\u57fa\u5730", "offset": 1, "length": 6}], "country": [], "weapon": [{"text": "B-1B", "offset": 12, "length": 4}, {"text": "F-15J", "offset": 27, "length": 5}, {"text": "B-1B\u8f70\u70b8\u673a", "offset": 12, "length": 7}, {"text": "F-15J\u6218\u6597\u673a", "offset": 27, "length": 8}]}}, {"sentence": "\u5f53\u65f6\uff0c\u96b6\u5c5e\u4e8e\u65e5\u672c\u51b2\u7ef3\u5609\u624b\u7eb3\u57fa\u5730\u76844\u67b6F-15C\u6218\u6597\u673a\u548cF-35B\u9690\u5f62\u6218\u6597\u673a\uff0c\u4ee5\u53ca\u90e8\u7f72\u4e8e\u201c\u7f57\u7eb3\u5fb7-\u91cc\u6839\u201d\u53f7\u822a\u6bcd\u7684F/A-18E\u8d85\u7ea7\u5927\u9ec4\u8702\u4e5f\u53c2\u52a0\u6f14\u4e60\u3002", "events": [], "arguments": {"time": [], "loc": [{"text": "\u65e5\u672c\u51b2\u7ef3\u5609\u624b\u7eb3\u57fa\u5730", "offset": 6, "length": 9}], "country": [], "weapon": [{"text": "F-15C", "offset": 18, "length": 5}, {"text": "F-35B", "offset": 27, "length": 5}, {"text": "F/A-18E", "offset": 55, "length": 7}, {"text": "\u8d85\u7ea7\u5927\u9ec4\u8702", "offset": 62, "length": 5}, {"text": "\u7f57\u7eb3\u5fb7-\u91cc\u6839", "offset": 44, "length": 6}, {"text": "F-15C\u6218\u6597\u673a", "offset": 18, "length": 8}, {"text": "F-35B\u9690\u5f62\u6218\u6597\u673a", "offset": 27, "length": 10}, {"text": "\u201c\u7f57\u7eb3\u5fb7-\u91cc\u6839\u201d\u53f7\u822a\u6bcd", "offset": 43, "length": 11}, {"text": "F/A-18E\u8d85\u7ea7\u5927\u9ec4\u8702", "offset": 55, "length": 12}]}}, {"sentence": "\u7f8e\u56fd\u7a7a\u519b\u8868\u793a\uff0c\u672c\u6b21\u4efb\u52a1\u5c55\u793a\u4e86\u7f8e\u519b\u53ef\u968f\u65f6\u968f\u5730\u5411\u5168\u7403\u5404\u5730\u6218\u6597\u53f8\u4ee4\u90e8\u6307\u6325\u5b98\u4e0b\u4ee4\u8fdb\u884c\u81f4\u547d\u6027\u6253\u51fb\u7684\u80fd\u529b\u3002", "events": [], "arguments": {"time": [], "loc": [], "country": [], "weapon": []}}, {"sentence": "\u7f8e\u56fd\u592a\u5e73\u6d0b\u7a7a\u519b\u53f8\u4ee4\u5b98\u80af\u5c3c\u601d\u00b7\u5a01\u5c14\u65af\u5df4\u8d6b\u5c31\u6b64\u8bc4\u4ef7\u79f0\uff0c\u7f8e\u519b\u6709\u80fd\u529b\u5728\u6211\u4eec\u9009\u62e9\u7684\u65f6\u95f4\u548c\u5730\u70b9\u4e0e\u540c\u76df\u56fd\u5f00\u5c55\u8054\u5408\u884c\u52a8\uff0c\u8fd9\u79cd\u201c\u591a\u4efb\u52a1\u5de5\u4f5c\u201d\u7a81\u51fa\u7f8e\u519b\u4e3a\u786e\u4fdd\u5370\u592a\u5730\u533a\u81ea\u7531\u5f00\u653e\u800c\u8fc5\u901f\u90e8\u7f72\u5175\u529b\u7684\u80fd\u529b\u3002", "events": [], "arguments": {"time": [], "loc": [], "country": [], "weapon": []}}, {"sentence": "\u62a5\u9053\u79f0\uff0c\u6709\u519b\u4e8b\u4e13\u5bb6\u8ba4\u4e3a\uff0c\u6b64\u6b21\u98de\u884c\u4efb\u52a1\u53cd\u6620\u51fa\u97e9\u7f8e\u8054\u5408\u53f8\u4ee4\u90e8\u53f8\u4ee4\u7f57\u4f2f\u7279\u00b7\u827e\u5e03\u62c9\u59c6\u65af\u8bb2\u8bdd\u4e2d\u201c18\u65e5\u5f00\u542f\u7684\u97e9\u7f8e\u8054\u6f14\u5e94\u5c06\u91cd\u70b9\u653e\u5728\u9a8c\u8bc1\u8054\u9632\u6001\u52bf\u4e0a\u201d\u7684\u610f\u5fd7\u3002", "events": [], "arguments": {"time": [], "loc": [], "country": [], "weapon": []}}, {"sentence": "\u827e\u5e03\u62c9\u59c6\u65af\u4e00\u76f4\u4e3b\u5f20\uff0c\u97e9\u7f8e\u4e0b\u534a\u5e74\u8fdb\u884c\u7684\u6307\u6325\u6240\u8054\u6f14\u7684\u91cd\u70b9\u5e94\u4e3a\u4fdd\u6301\u548c\u9a8c\u8bc1\u8054\u9632\u6001\u52bf\u3002", "events": [], "arguments": {"time": [], "loc": [], "country": [], "weapon": []}}, {"sentence": "\u76f8\u53cd\uff0c\u97e9\u56fd\u519b\u65b9\u5219\u8ba4\u4e3a\uff0c\u8bc4\u4f30\u672a\u6765\u8054\u5408\u519b\u53f8\u4ee4\u90e8\u5b8c\u5168\u8fd0\u7528\u80fd\u529b\uff08FOC\uff09\u662f\u5173\u952e\u3002", "events": [], "arguments": {"time": [], "loc": [], "country": [], "weapon": []}}, {"sentence": "\u97e9\u7f8e\u519b\u65b9\u6700\u7ec8\u51b3\u5b9a\uff0c\u901a\u8fc7\u6b64\u6b21\u6f14\u4e60\u7740\u91cd\u8bc4\u4f30\u97e9\u7f8e\u8054\u5408\u519b\u53f8\u4ee4\u90e8\u7684\u6218\u6597\u80fd\u529b\uff0c\u800c\u4e0d\u662f\u5b8c\u5168\u8fd0\u7528\u80fd\u529b\u3002", "events": [], "arguments": {"time": [], "loc": [], "country": [], "weapon": []}}]