[{"sentence": "\u7f8e\u56fd\u6c11\u7528\u673a\u573a\u96c6\u88c5\u7bb1\u5185\u60ca\u73b0\u5de8\u5927\u5bfc\u5f39\u00a0\u7f8e\u519b\u62c6\u5f39\u90e8\u961f\u7d27\u6025\u51fa\u52a8", "events": [], "arguments": {"time": [], "loc": [], "country": [], "weapon": [{"text": "\u5bfc\u5f39", "offset": 14, "length": 2}]}}, {"sentence": "\u3010\u73af\u7403\u7f51\u62a5\u9053 \u8bb0\u8005 \u5f90\u7490\u660e\u3011", "events": [], "arguments": {"time": [], "loc": [], "country": [], "weapon": []}}, {"sentence": "\u636e\u7f8e\u56fd\u300a\u519b\u4e8b\u65f6\u62a5\u300b8\u670818\u65e5\u62a5\u9053\uff0c\u9ea6\u514b\u8fea\u5c14\u7a7a\u519b\u57fa\u5730\u7684\u62c6\u5f39\u5c0f\u7ec4\u5728\u4e0a\u5468\u4e94\uff088\u670814\u65e5\uff09\u88ab\u7d27\u6025\u8c03\u6d3e\u5230\u4f5b\u7f57\u91cc\u8fbe\u5dde\u7684\u83b1\u514b\u5170\u6797\u5fb7\u56fd\u9645\u673a\u573a\u3002", "events": [], "arguments": {"time": [{"text": "8\u670818\u65e5", "offset": 9, "length": 5}, {"text": "8\u670814\u65e5", "offset": 35, "length": 5}], "loc": [{"text": "\u9ea6\u514b\u8fea\u5c14\u7a7a\u519b\u57fa\u5730", "offset": 17, "length": 8}, {"text": "\u4f5b\u7f57\u91cc\u8fbe\u5dde", "offset": 47, "length": 5}, {"text": "\u83b1\u514b\u5170\u6797\u5fb7\u56fd\u9645\u673a\u573a", "offset": 53, "length": 9}], "country": [], "weapon": []}}, {"sentence": "\u8be5\u673a\u573a\u5728\u53d1\u73b0\u4e00\u679a\u5bfc\u5f39\u540e\u88ab\u7d27\u6025\u5173\u95ed\uff0c\u62c6\u5f39\u90e8\u961f\u88ab\u8c03\u6d3e\u81f3\u6b64\u6267\u884c\u62c6\u9664\u4efb\u52a1\u3002", "events": [], "arguments": {"time": [], "loc": [], "country": [], "weapon": [{"text": "\u5bfc\u5f39", "offset": 8, "length": 2}]}}, {"sentence": "\u62a5\u9053\u79f0\uff0c\u8fd9\u679a\u5bfc\u5f39\u4e3a\u4e00\u5bb6\u540d\u4e3a\u8fbe\u80af\u56fd\u9645\u7684\u516c\u53f8\u6240\u6709\uff0c\u8be5\u516c\u53f8\u662f\u4e00\u5bb6\u4e3b\u8425\u7a7a\u6218\u8bad\u7ec3\u4e1a\u52a1\u7684\u56fd\u9632\u627f\u5305\u5546\uff0c\u62e5\u6709\u4e00\u652f\u7531150\u67b6\u6218\u673a\u7ec4\u6210\u7684\u673a\u961f\uff0c\u5e2e\u52a9\u90e8\u961f\u8bad\u7ec3\u98de\u884c\u5458\u3002", "events": [], "arguments": {"time": [], "loc": [], "country": [], "weapon": [{"text": "\u5bfc\u5f39", "offset": 6, "length": 2}, {"text": "\u6218\u673a", "offset": 53, "length": 2}]}}, {"sentence": "\u7f8e\u56fd\u7a7a\u519b\u7b2c6\u7a7a\u4e2d\u52a0\u6cb9\u8054\u961f\u53d1\u8a00\u4eba\u5e03\u5170\u767b\u00b7\u6c49\u7eb3\u8bf4\uff1a\u201c\u6211\u4eec\u7684\u62c6\u5f39\u5c0f\u7ec4\u5bf9\u8be5\u5bfc\u5f39\u91c7\u53d6\u4e86\u5b89\u5168\u63aa\u65bd\uff0c\u8fd9\u662f\u4e00\u679a\u771f\u5bfc\u5f39\uff0c\u4f46\u6ca1\u6709\u5f39\u5934\u3002", "events": [], "arguments": {"time": [], "loc": [], "country": [{"text": "\u7f8e\u56fd", "offset": 0, "length": 2}], "weapon": [{"text": "\u5bfc\u5f39", "offset": 48, "length": 2}]}}, {"sentence": "\u201d\u4ed6\u8868\u793a\uff0c\u8fd9\u662f\u4e00\u679a\u6cd5\u56fd\u5236\u9020\u7684S-530\u7a7a\u5bf9\u7a7a\u5bfc\u5f39\uff0c\u4ed6\u5f97\u5230\u7684\u6d88\u606f\u662f\uff0c\u8fd9\u679a\u5bfc\u5f39\u201c\u5c31\u50cf\u4e00\u628a\u5728\u67aa\u819b\u91cc\u7684\u5b50\u5f39\uff0c\u4f46\u5b89\u5168\u53ef\u9760\u3002", "events": [], "arguments": {"time": [], "loc": [], "country": [], "weapon": [{"text": "S-530\u7a7a\u5bf9\u7a7a\u5bfc\u5f39", "offset": 14, "length": 10}]}}, {"sentence": "\u201d", "events": [], "arguments": {"time": [], "loc": [], "country": [], "weapon": []}}, {"sentence": "\u53e6\u636e\u7f8e\u56fd\u201c\u4efb\u52a1\u4e0e\u76ee\u6807\u201d\u7f51\u7ad98\u670818\u65e5\u7684\u62a5\u9053\uff0c\u8fbe\u80af\u56fd\u9645\u5f13\u867d\u5728\u6253\u5f00\u4e00\u4e2a\u96c6\u88c5\u7bb1\u65f6\uff0c\u53d1\u73b0\u91cc\u9762\u88c5\u7740\u4e00\u679a\u5de8\u5927\u7684\u5bfc\u5f39\uff0c\u8be5\u516c\u53f8\u5c31\u8fd9\u4e00\u4e8b\u4ef6\u53d1\u8868\u58f0\u660e\u79f0\uff1a\u201c\u8fbe\u80af\u56fd\u9645\u516c\u53f8\u5728\u8bc4\u4f30\u8fd0\u62b5\u8d27\u7269\u7684\u8fc7\u7a0b\u4e2d\u53d1\u73b0\u4e86\u6f5c\u5728\u7206\u70b8\u7269\uff0c\u6309\u7167\u5b89\u5168\u64cd\u4f5c\u89c4\u8303\uff0c\u5728\u6700\u77ed\u65f6\u95f4\u5185\u5bf9\u4eba\u5458\u8fdb\u884c\u758f\u6563\u5e76\u8054\u7cfb\u5f53\u5c40\u3002", "events": [], "arguments": {"time": [{"text": "8\u670818\u65e5", "offset": 13, "length": 5}], "loc": [], "country": [], "weapon": [{"text": "\u5bfc\u5f39", "offset": 49, "length": 2}]}}, {"sentence": "\u8fbe\u80af\u56fd\u9645\u516c\u53f8\u975e\u5e38\u91cd\u89c6\u5b89\u5168\u95ee\u9898\uff0c\u5e76\u4e00\u76f4\u52aa\u529b\u786e\u4fdd\u516c\u53f8\u8fd0\u884c\u7684\u5b89\u5168\u53ef\u9760\u3002", "events": [], "arguments": {"time": [], "loc": [], "country": [], "weapon": []}}, {"sentence": "\u201d", "events": [], "arguments": {"time": [], "loc": [], "country": [], "weapon": []}}]