[{"sentence": "\u65b0\u8001\u673a\u578b\u6570\u636e\u5b9e\u73b0\u4e92\u901a\uff01", "events": [], "arguments": {"time": [], "loc": [], "country": [], "weapon": []}}, {"sentence": "U-2\u63a5\u6536F-35\u53d1\u51fa\u7684\u60c5\u62a5\u3001\u76d1\u89c6\u548c\u4fa6\u5bdf\u8ffd\u8e2a\u6570\u636e", "events": [], "arguments": {"time": [], "loc": [], "country": [], "weapon": [{"text": "U-2", "offset": 0, "length": 3}, {"text": "F-35", "offset": 5, "length": 4}]}}, {"sentence": "\u3010\u73af\u7403\u7f51\u62a5\u9053 \u89c1\u4e60\u8bb0\u8005 \u9a6c\u5ca9\u3011", "events": [], "arguments": {"time": [], "loc": [], "country": [], "weapon": []}}, {"sentence": "\u636e\u300a\u7b80\u6c0f\u9632\u52a1\u5468\u520a\u300b\u7f51\u7ad98\u670817\u65e5\u62a5\u9053\uff0c\u5728\u6700\u8fd1\u4e00\u6b21\u4e94\u89d2\u5927\u697c\u7684\u201c\u6a59\u8272\u65d7\u5e1c\u8bc4\u4f30\u201d\u4e2d\uff0c\u4e00\u67b6U-2\u9ad8\u7a7a\u4fa6\u5bdf\u673a\u63a5\u6536\u4e86\u4e00\u67b6F-35\u201c\u95ea\u75352\u201d\u6218\u6597\u673a\u53d1\u51fa\u7684\u60c5\u62a5\u3001\u76d1\u89c6\u548c\u4fa6\u5bdf\u8ffd\u8e2a\u6570\u636e\u3002", "events": [], "arguments": {"time": [{"text": "8\u670817\u65e5", "offset": 11, "length": 5}], "loc": [], "country": [], "weapon": [{"text": "U-2\u9ad8\u7a7a\u4fa6\u5bdf\u673a", "offset": 41, "length": 8}, {"text": "F-35\u201c\u95ea\u75352\u201d\u6218\u6597\u673a", "offset": 54, "length": 12}]}}, {"sentence": "\u5305\u62ec\u7f8e\u56fd\u9646\u519b\u548c\u7a7a\u519b\u5728\u5185\u7684\u201c\u6a59\u8272\u65d7\u5e1c\u8bc4\u4f30\u201d\u4e8e7\u67081\u65e5\u81f32\u65e5\u4e3e\u884c\uff0c\u6f14\u793a\u4e86\u5c06F-35\u60c5\u62a5\u3001\u76d1\u89c6\u548c\u4fa6\u5bdf\u8ffd\u8e2a\u6570\u636e\u4e0e\u7f8e\u56fd\u9646\u519b\u7684\u7efc\u5408\u7a7a\u4e2d\u548c\u5bfc\u5f39\u9632\u5fa1\u4f5c\u6218\u6307\u6325\u7cfb\u7edf\u96c6\u6210\u7684\u80fd\u529b\u3002", "events": [], "arguments": {"time": [{"text": "7\u67081\u65e5\u81f32\u65e5", "offset": 21, "length": 7}], "loc": [], "country": [{"text": "\u7f8e\u56fd", "offset": 52, "length": 2}], "weapon": [{"text": "F-35", "offset": 35, "length": 4}]}}, {"sentence": "\u6d1b\u514b\u5e0c\u5fb7\u2022\u9a6c\u4e01\u516c\u53f8\u8868\u793a\uff0cF-35\u4eceU-2\u83b7\u53d6\u7684\u6570\u636e\u5c06\u6709\u52a9\u4e8e\u8bc1\u5b9e\u5355\u4e00IBCS\u673a\u8f7d\u4f20\u611f\u5668\u9002\u5e94\u5957\u4ef6\u53ef\u7528\u4e8e\u4eceF-35\u548cISR\u83b7\u53d6\u6570\u636e\u7684\u591a\u79cd\u9014\u5f84\u3002", "events": [], "arguments": {"time": [], "loc": [], "country": [], "weapon": [{"text": "F-35", "offset": 50, "length": 4}, {"text": "U-2", "offset": 17, "length": 3}, {"text": "ISR", "offset": 55, "length": 3}]}}, {"sentence": "\u8be5\u516c\u53f8\u53d1\u8a00\u4eba\u96c5\u72ee\u5a01\u8bf4\uff0c\u8be5\u8bc4\u4f30\u8868\u660e\uff0c\u8be5\u6280\u672f\u548c\u6982\u5ff5\u5df2\u7ecf\u6210\u719f\uff0c\u53ef\u4ee5\u652f\u6301\u5b9e\u5f39\u76ee\u6807\u548c\u6a21\u62df\u7231\u56fd\u8005\u20143\u7684\u98de\u884c\u5c55\u793a\u3002", "events": [], "arguments": {"time": [], "loc": [], "country": [], "weapon": [{"text": "\u7231\u56fd\u8005\u20143", "offset": 39, "length": 5}]}}, {"sentence": "\u8be5\u8bc4\u4f30\u6269\u5c55\u4e86F-35 ISR\u6570\u636e\u7684\u80fd\u529b\uff0c\u4ee5\u8ffd\u8e2a\u786e\u5b9a\u7684\u5a01\u80c1\uff0c\u5e76\u91c7\u53d6\u884c\u52a8\u3002", "events": [], "arguments": {"time": [], "loc": [], "country": [], "weapon": [{"text": "F-35", "offset": 6, "length": 4}]}}, {"sentence": "\u6839\u636e\u6d1b\u514b\u5e0c\u5fb7\u2022\u9a6c\u4e01\u516c\u53f8\u7684\u4e00\u4efd\u58f0\u660e\uff0c\u8fd9\u5df2\u5728\u4e94\u89d2\u5927\u697c\u7684\u591a\u4e2a\u670d\u52a1\u548c\u7ec4\u7ec7\u4e2d\u5f97\u5230\u4e86\u9a8c\u8bc1\u3002", "events": [], "arguments": {"time": [], "loc": [], "country": [], "weapon": []}}, {"sentence": "\u8fd9\u4e5f\u662fU-2\u4fa6\u5bdf\u673a\u7b2c\u4e00\u6b21\u53c2\u4e0e\u201c\u6a59\u8272\u65d7\u5e1c\u8bc4\u4f30\u201d\u3002", "events": [], "arguments": {"time": [], "loc": [], "country": [], "weapon": [{"text": "U-2\u4fa6\u5bdf\u673a", "offset": 3, "length": 6}]}}, {"sentence": "\u96c5\u72ee\u5a01\u8bf4\uff0cF-35\u4e3a\u7efc\u5408\u7a7a\u4e2d\u548c\u5bfc\u5f39\u9632\u5fa1\u6218\u6597\u6307\u6325\u7cfb\u7edf\u63d0\u4f9b\u4e86\u4e00\u4e2a\u63d0\u5347\u4f20\u611f\u5668\uff0c\u53ef\u4ee5\u8bc6\u522b\u3001\u8ffd\u8e2a\u548c\u63d0\u4f9b\u706b\u529b\u63a7\u5236\u8d28\u91cf\u6570\u636e\uff0c\u4ee5\u63d0\u793a\u7f8e\u56fd\u9646\u519b\u5728\u6269\u5c55\u8303\u56f4\u5185\u7684\u7efc\u5408\u7a7a\u4e2d\u548c\u5bfc\u5f39\u9632\u5fa1\u8d44\u4ea7\u3002", "events": [], "arguments": {"time": [], "loc": [], "country": [], "weapon": [{"text": "F-35", "offset": 5, "length": 4}]}}, {"sentence": "\u98de\u673a\u4e4b\u95f4\u8fde\u63a5\u7684\u4f20\u611f\u5668\u4fe1\u606f\u53ef\u4ee5\u4f9d\u6b21\u8fdb\u5165\u73b0\u6709\u7684\u5bfc\u5f39\u9632\u5fa1\u7cfb\u7edf\uff0c\u4ee5\u5e94\u5bf9\u6765\u4e34\u7684\u5a01\u80c1\u3002", "events": [], "arguments": {"time": [], "loc": [], "country": [], "weapon": [{"text": "\u98de\u673a", "offset": 0, "length": 2}, {"text": "\u5bfc\u5f39", "offset": 21, "length": 2}]}}, {"sentence": "\uff08\u5b8c\uff09", "events": [], "arguments": {"time": [], "loc": [], "country": [], "weapon": []}}, {"sentence": "\uff08\u5b8c\uff09", "events": [], "arguments": {"time": [], "loc": [], "country": [], "weapon": []}}]