[{"sentence": "\u88c5\u5907\u8d8a\u7528\u8d8a\u5f31\uff1f", "events": [], "arguments": {"time": [], "loc": [], "country": [], "weapon": []}}, {"sentence": "\u4e4c\u514b\u5170\u7a7a\u519b\u8ba1\u5212\u7528\u87ba\u65cb\u6868\u6559\u7ec3\u673a\u66ff\u6362\u55b7\u6c14\u5f0f\u6559\u7ec3\u673a", "events": [], "arguments": {"time": [], "loc": [], "country": [], "weapon": [{"text": "\u87ba\u65cb\u6868\u6559\u7ec3\u673a", "offset": 8, "length": 6}, {"text": "\u55b7\u6c14\u5f0f\u6559\u7ec3\u673a", "offset": 16, "length": 6}]}}, {"sentence": "\u3010\u73af\u7403\u7f51\u62a5\u9053 \u8bb0\u8005 \u5f90\u7490\u660e\u3011", "events": [], "arguments": {"time": [], "loc": [], "country": [], "weapon": []}}, {"sentence": "\u636e\u201c\u9632\u52a1\u535a\u5ba2\u201d\u7f51\u7ad98\u670817\u65e5\u62a5\u9053\uff0c\u4e4c\u514b\u5170\u5e0c\u671b\u7528\u5df4\u897f\u7814\u5236\u7684\u201c\u8d85\u7ea7\u5de8\u5634\u9e1f\u201d\u87ba\u65cb\u6868\u6218\u673a\u53d6\u4ee3L-39\u9ad8\u7ea7\u6559\u7ec3\u673a\u3002", "events": [], "arguments": {"time": [{"text": "8\u670817\u65e5", "offset": 9, "length": 5}], "loc": [], "country": [{"text": "\u4e4c\u514b\u5170", "offset": 17, "length": 3}, {"text": "\u5df4\u897f", "offset": 23, "length": 2}], "weapon": [{"text": "\u201c\u8d85\u7ea7\u5de8\u5634\u9e1f\u201d\u87ba\u65cb\u6868\u6218\u673a", "offset": 28, "length": 12}, {"text": "L-39\u9ad8\u7ea7\u6559\u7ec3\u673a", "offset": 42, "length": 9}]}}, {"sentence": "\u4e4c\u514b\u5170\u6b66\u88c5\u90e8\u961f\u7a7a\u519b\u53f8\u4ee4\u90e8\u8bc1\u5b9e\uff0c\u8be5\u56fd\u6b63\u5728\u5bf9\u5176\u672a\u6765\u7528\u4e8e\u98de\u884c\u5458\u8bad\u7ec3\u7684\u6559\u7ec3\u673a\u8fdb\u884c\u8bc4\u4f30\uff0c\u76ee\u524d\u62c5\u4efb\u8fd9\u4e00\u4efb\u52a1\u7684\u662fL-39\u201c\u4fe1\u5929\u7fc1\u201d\u9ad8\u7ea7\u6559\u7ec3\u673a\u3002", "events": [], "arguments": {"time": [], "loc": [], "country": [{"text": "\u4e4c\u514b\u5170", "offset": 0, "length": 3}], "weapon": [{"text": "L-39\u201c\u4fe1\u5929\u7fc1\u201d\u9ad8\u7ea7\u6559\u7ec3\u673a", "offset": 49, "length": 14}]}}, {"sentence": "\u4e4c\u514b\u5170\u7a7a\u519b\u88c5\u5907\u7684L-39\u6559\u7ec3\u673a", "events": [], "arguments": {"time": [], "loc": [], "country": [], "weapon": [{"text": "L-39\u6559\u7ec3\u673a", "offset": 8, "length": 7}]}}, {"sentence": "\u4e4c\u514b\u5170\u519b\u65b9\u7684\u62a5\u544a\u8bf4\uff0c\u519b\u65b9\u5b98\u5458\u6b63\u5728\u8003\u8651\u51cf\u5c11\u65e5\u76ca\u8001\u5316\u7684L-39\u6559\u7ec3\u673a\u7684\u6570\u91cf\uff0c\u7528\u5df4\u897f\u7814\u53d1\u7684\u201c\u8d85\u7ea7\u5de8\u5634\u9e1f\u201d\u87ba\u65cb\u6868\u98de\u673a\u6765\u66ff\u4ee3\u4ed6\u4eec\u3002", "events": [], "arguments": {"time": [], "loc": [], "country": [], "weapon": [{"text": "L-39\u6559\u7ec3\u673a", "offset": 25, "length": 7}, {"text": "\u201c\u8d85\u7ea7\u5de8\u5634\u9e1f\u201d\u87ba\u65cb\u6868\u98de\u673a", "offset": 42, "length": 12}]}}, {"sentence": "\u201c\u4e4c\u514b\u5170\u7a7a\u519b\u4ee3\u8868\u56e2\u66fe\u57282019\u5e74\u5230\u8bbf\u5df4\u897f\u65f6\u8003\u8651\u8fc7\u5f15\u8fdb\u2018\u8d85\u7ea7\u5de8\u5634\u9e1f\u2019\u98de\u673a\uff0c\u8fd9\u6b3e\u98de\u673a\u7684\u7279\u70b9\u4f7f\u5176\u53ef\u4ee5\u7528\u4e8e\u53d6\u4ee3L-39\u6559\u7ec3\u673a\uff0c\u201d\u4e4c\u514b\u5170\u7a7a\u519b\u5728\u62a5\u544a\u4e2d\u8fd9\u6837\u89e3\u91ca\u3002", "events": [], "arguments": {"time": [], "loc": [], "country": [], "weapon": [{"text": "\u2018\u8d85\u7ea7\u5de8\u5634\u9e1f\u2019\u98de\u673a", "offset": 26, "length": 9}, {"text": "L-39\u6559\u7ec3\u673a", "offset": 51, "length": 7}]}}, {"sentence": "\u636e\u6089\uff0cL-39\u201c\u4fe1\u5929\u7fc1\u201d\u6218\u6597/\u6559\u7ec3\u673a\u662f\u7531\u6377\u514b\u5f00\u53d1\u7684\u4e00\u6b3e\u9ad8\u6027\u80fd\u7684\u55b7\u6c14\u5f0f\u6559\u7ec3\u673a\uff0c\u51fa\u53e3\u5230\u8bb8\u591a\u56fd\u5bb6\uff0c\u4e3b\u8981\u4f5c\u4e3a\u6218\u6597\u673a\u98de\u884c\u5458\u7684\u6559\u5b66\u8bad\u7ec3\u800c\u4f7f\u7528\u3002", "events": [], "arguments": {"time": [], "loc": [], "country": [], "weapon": [{"text": "L-39\u201c\u4fe1\u5929\u7fc1\u201d\u6218\u6597/\u6559\u7ec3\u673a", "offset": 3, "length": 15}]}}, {"sentence": "\u76ee\u524d\u5927\u7ea6\u67092900\u67b6L-39\u6559\u7ec3\u673a\u572830\u591a\u4e2a\u56fd\u5bb6\u7684\u7a7a\u519b\u90e8\u961f\u670d\u5f79\u3002", "events": [], "arguments": {"time": [], "loc": [], "country": [], "weapon": [{"text": "L-39\u6559\u7ec3\u673a", "offset": 10, "length": 7}]}}, {"sentence": "\u800c\u201c\u8d85\u7ea7\u5de8\u5634\u9e1f\u201d\u53ea\u662f\u4e00\u6b3e\u91c7\u7528\u87ba\u65cb\u6868\u52a8\u529b\u7684\u8f7b\u578b\u98de\u673a\uff0c\u4f5c\u4e3a\u6559\u7ec3\u673a\u4f7f\u7528\u53ea\u80fd\u4e3a\u98de\u884c\u5b66\u5458\u63d0\u4f9b\u521d\u7ea7\u7684\u6559\u5b66\uff0c\u4e0e\u55b7\u6c14\u5f0f\u7684L-39\u9ad8\u7ea7\u6559\u7ec3\u673a\u76f8\u6bd4\uff0c\u6559\u5b66\u6548\u679c\u76f8\u5bf9\u8f83\u5f31\u3002", "events": [], "arguments": {"time": [], "loc": [], "country": [], "weapon": [{"text": "\u201c\u8d85\u7ea7\u5de8\u5634\u9e1f\u201d", "offset": 1, "length": 7}, {"text": "L-39\u9ad8\u7ea7\u6559\u7ec3\u673a", "offset": 52, "length": 9}]}}, {"sentence": "\u4e4c\u514b\u5170\u4e4b\u6240\u4ee5\u4f1a\u9009\u62e9\u653e\u5f03\u55b7\u6c14\u5f0f\u6559\u7ec3\u673a\u800c\u6539\u7528\u87ba\u65cb\u6868\u6559\u7ec3\u673a\uff0c\u5f88\u53ef\u80fd\u51fa\u4e8e\u8282\u7701\u5f00\u652f\u7684\u8003\u8651\u3002", "events": [], "arguments": {"time": [], "loc": [], "country": [], "weapon": [{"text": "\u55b7\u6c14\u5f0f\u6559\u7ec3\u673a", "offset": 11, "length": 6}, {"text": "\u87ba\u65cb\u6868\u6559\u7ec3\u673a", "offset": 20, "length": 6}]}}]