[{"sentence": "\u53f0\u6e7eF-16V\u5339\u654c\u6b7c-20\uff1f", "events": [], "arguments": {"time": [], "loc": [], "country": [], "weapon": [{"text": "F-16V", "offset": 2, "length": 5}, {"text": "\u6b7c-20", "offset": 9, "length": 4}]}}, {"sentence": "\u00a0\u5927\u9646\u519b\u4e8b\u4e13\u5bb6\uff1a\u5938\u5927\u5176\u8bcd\uff0c\u7f3a\u4e4f\u57fa\u672c\u5e38\u8bc6", "events": [], "arguments": {"time": [], "loc": [], "country": [], "weapon": []}}, {"sentence": "\u3010\u73af\u7403\u65f6\u62a5\u62a5\u9053 \u8bb0\u8005 \u80e1\u5bb6\u4f73\u3011", "events": [], "arguments": {"time": [], "loc": [], "country": [], "weapon": []}}, {"sentence": "\u636e\u7f8e\u56fd\u4e4b\u97f3\u7b49\u5916\u5a92\u7f51\u7ad917\u65e5\u62a5\u9053\uff0c\u53f0\u6e7e\u6b63\u5f0f\u7b7e\u8ba2\u91c7\u8d2d\u5408\u7ea6\uff0c\u5411\u7f8e\u56fd\u8d2d\u4e7066\u67b6\u6700\u65b0\u578b\u7684F-16V\u6218\u673a\uff0c\u9884\u8ba12026\u5e74\u4ea4\u4ed8\u5b8c\u6210\u3002", "events": [], "arguments": {"time": [{"text": "17\u65e5", "offset": 10, "length": 3}, {"text": "2026\u5e74", "offset": 49, "length": 5}], "loc": [], "country": [], "weapon": [{"text": "F-16V\u6218\u673a", "offset": 39, "length": 7}]}}, {"sentence": "\u5c9b\u5185\u5a92\u4f53\u56f4\u7ed5F-16V\u7684\u6218\u529b\u5c55\u5f00\u4e86\u5927\u8086\u7092\u4f5c\uff0c\u4f46\u4e5f\u6709\u4e13\u5bb6\u8ba4\u4e3a\u8a00\u8fc7\u5176\u5b9e\uff0cF-16V\u5bf9\u53f0\u519b\u7684\u6218\u529b\u63d0\u5347\u5e2e\u52a9\u5e76\u4e0d\u5927\u3002", "events": [], "arguments": {"time": [], "loc": [], "country": [], "weapon": [{"text": "F-16V", "offset": 34, "length": 5}]}}, {"sentence": "\u5c9b\u5185\u4eb2\u7eff\u5a92\u4f53\u4e09\u7acb\u65b0\u95fb\u7f51\u79f0\uff0c\u8fd9\u6279F-16V\u6218\u6597\u673a\u53f7\u79f0\u529f\u80fd\u6700\u9f50\u5168\uff0c\u822a\u7535\u4e0e\u6218\u6597\u80fd\u529b\u90fd\u8db3\u4ee5\u8ddf\u5927\u9646\u6b7c-20\u6297\u8861\u3002", "events": [], "arguments": {"time": [], "loc": [], "country": [], "weapon": [{"text": "F-16V\u6218\u6597\u673a", "offset": 15, "length": 8}, {"text": "\u6b7c-20", "offset": 44, "length": 4}]}}, {"sentence": "\u4ed6\u4eec\u7684\u7406\u7531\u662f\uff0cF-16V\u7684\u76f8\u63a7\u9635\u96f7\u8fbe\u8ddfF-35\u662f\u540c\u4e00\u6b3e\uff0c\u662f\u5b99\u65af\u76fe\u7cfb\u7edf\u7684\u76f8\u63a7\u9635\u96f7\u8fbe\u7f29\u5c0f\u7248\uff0c\u80fd\u5728\u7a7a\u4e2d\u591a\u65b9\u9501\u5b9a\u9690\u5f62\u6218\u673a\uff0c\u6709\u53f0\u6e7e\u8bb0\u8005\u751a\u81f3\u5ba3\u79f0\uff0c\u201c\u5982\u679c\u4ee5\u7f20\u6597\u6765\u8bf4\uff0cF-16V\u4e0d\u89c1\u5f97\u4f1a\u5c48\u5c45\uff08\u6b7c-20\uff09\u4e0b\u98ce\u201d\u3002", "events": [], "arguments": {"time": [], "loc": [], "country": [], "weapon": [{"text": "F-35", "offset": 19, "length": 4}, {"text": "\u9690\u5f62\u6218\u673a", "offset": 52, "length": 4}, {"text": "20", "offset": 0, "length": 2}]}}, {"sentence": "\u53f0\u5a92\u79f0\uff0cF-16V\u5bf9\u9646\u3001\u6d77\u3001\u7a7a\u90fd\u80fd\u653b\u51fb\uff0c\u8fd8\u80fd\u591f\u8fdc\u7a0b\u6253\u51fb\u5927\u9646\u7684\u6cbf\u5cb8\u57fa\u5730\u3002", "events": [], "arguments": {"time": [], "loc": [], "country": [], "weapon": [{"text": "F-16V", "offset": 4, "length": 5}]}}, {"sentence": "\u4e0d\u4ec5\u80fd\u642d\u914dAIM-120\u7a7a\u5bf9\u7a7a\u5bfc\u5f39\u3001\u672c\u8eab\u53c8\u80fd\u6302\u8f7d\u201c\u9c7c\u53c9\u201d\u53cd\u8230\u5bfc\u5f39\u3002", "events": [], "arguments": {"time": [], "loc": [], "country": [], "weapon": [{"text": "AIM-120\u7a7a\u5bf9\u7a7a\u5bfc\u5f39", "offset": 5, "length": 12}, {"text": "\u201c\u9c7c\u53c9\u201d\u53cd\u8230\u5bfc\u5f39", "offset": 24, "length": 8}]}}, {"sentence": "\u672c\u6b21\u8ba2\u5355\u4e2d\uff0c\u53f0\u519b\u8fd8\u8ba2\u8d2d\u4e86\u673a\u8f7d\u9065\u63a7\u7cbe\u51c6\u5f39\u836f\uff0c\u65b0\u6b3e\u7f8e\u56fd\u7248\u7684\u4e07\u7bad\u5f39\u98de\u884c\u8ddd\u79bb\u53ef\u8fbe130\u516c\u91cc\uff0c\u7834\u574f\u529b\u5927\uff0c\u642d\u8f7dF-16V\u6218\u673a\u5347\u7a7a\uff0c\u5230\u4e00\u5b9a\u8ddd\u79bb\u7acb\u523b\u5c31\u80fd\u653b\u51fb\u5927\u9646\u6cbf\u6d77\u9a7b\u519b\u3002", "events": [], "arguments": {"time": [], "loc": [], "country": [{"text": "\u7f8e\u56fd", "offset": 23, "length": 2}], "weapon": [{"text": "F-16V\u6218\u673a", "offset": 49, "length": 7}]}}, {"sentence": "\u4e00\u4f4d\u5927\u9646\u519b\u4e8b\u4e13\u5bb6\u8868\u793a\uff0c\u90e8\u5206\u53f0\u6e7e\u5a92\u4f53\u5728\u201c\u53f0\u72ec\u201d\u52bf\u529b\u7684\u9a71\u4f7f\u4e0b\uff0c\u5bf9\u53f0\u519b\u8d2d\u4e70\u7684\u7f8e\u5236\u6b66\u5668\u88c5\u5907\u6027\u80fd\uff0c\u5386\u6765\u6709\u5938\u5927\u5176\u8bcd\u7684\u4e60\u60ef\u3002", "events": [], "arguments": {"time": [], "loc": [], "country": [], "weapon": []}}, {"sentence": "\u6bd4\u5982\uff0cAN/APG-83\u96f7\u8fbe\u662f\u7f8e\u519bAN/APG-80\u96f7\u8fbe\u7684\u7b80\u5316\u7248\uff0c\u548c\u7f8e\u519bF-35\u6218\u673a\u7684\u96f7\u8fbe\u6027\u80fd\u6709\u5f88\u5927\u5dee\u8ddd\uff0c\u6839\u672c\u8c08\u4e0d\u4e0a\u4ec0\u4e48\u5b99\u65af\u76fe\u96f7\u8fbe\u7f29\u5c0f\u7248\u3002", "events": [], "arguments": {"time": [], "loc": [], "country": [], "weapon": [{"text": "AN/APG-83\u96f7\u8fbe", "offset": 3, "length": 11}, {"text": "AN/APG-80\u96f7\u8fbe", "offset": 17, "length": 11}, {"text": "F-35\u6218\u673a", "offset": 36, "length": 6}]}}, {"sentence": "\u7c7b\u4f3c\u201cF-16V\u5339\u654c\u6b7c-20\u201d\u8fd9\u6837\u7684\u63d0\u6cd5\uff0c\u4e0d\u4ec5\u7ecf\u4e0d\u8d77\u63a8\u6572\uff0c\u800c\u4e14\u7f3a\u4e4f\u57fa\u672c\u5e38\u8bc6\u3002", "events": [], "arguments": {"time": [], "loc": [], "country": [], "weapon": [{"text": "\u201cF-16V", "offset": 2, "length": 6}, {"text": "\u6b7c-20\u201d", "offset": 10, "length": 5}]}}, {"sentence": "F-16V\u4f5c\u4e3a\u4f20\u7edf\u56db\u4ee3\u673a\uff0c\u5e76\u4e0d\u5177\u5907\u9690\u5f62\u6218\u673a\u6027\u80fd\uff0c\u65e0\u8bba\u518d\u600e\u4e48\u8fdb\u884c\u5347\u7ea7\u6539\u9020\uff0c\u5176\u6c14\u52a8\u5e03\u5c40\u4e5f\u4e0d\u53ef\u80fd\u8fbe\u5230\u7b2c\u4e94\u4ee3\u9690\u5f62\u6218\u6597\u673a\u7684\u6c34\u5e73\u3002", "events": [], "arguments": {"time": [], "loc": [], "country": [], "weapon": [{"text": "F-16V", "offset": 0, "length": 5}, {"text": "\u9690\u5f62\u6218\u6597\u673a", "offset": 50, "length": 5}]}}, {"sentence": "\u4ece\u7efc\u5408\u6027\u80fd\u770b\uff0cF-16V\u8fde\u89e3\u653e\u519b\u5df2\u7ecf\u5217\u88c5\u7684\u6b7c-10C\u90fd\u6bd4\u4e0d\u4e86\uff0c\u66f4\u4e0d\u7528\u8bf4\u5177\u6709\u4ee3\u5dee\u4f18\u52bf\u7684\u9690\u5f62\u6218\u673a\u6b7c-20\u4e86\u3002", "events": [], "arguments": {"time": [], "loc": [], "country": [], "weapon": [{"text": "\u6b7c-10C", "offset": 21, "length": 5}, {"text": "F-16V", "offset": 7, "length": 5}, {"text": "\u9690\u5f62\u6218\u673a\u6b7c-20", "offset": 42, "length": 8}]}}, {"sentence": "\u540c\u6b7c-20\u8fdb\u884c\u7a7a\u4e2d\u6297\u8861\u65f6\uff0cF-16V\u7684\u96f7\u8fbe\u53cd\u5c04\u7279\u5f81\u660e\u663e\uff0c\u5fc5\u7136\u6ca6\u4e3a\u88ab\u5bf9\u624b\u9996\u5148\u53d1\u73b0\u7684\u76ee\u6807\u3002", "events": [], "arguments": {"time": [], "loc": [], "country": [], "weapon": [{"text": "\u6b7c-20", "offset": 1, "length": 4}, {"text": "F-16V", "offset": 13, "length": 5}]}}, {"sentence": "\u5b9e\u6218\u4e2d\uff0cF-16V\u6839\u672c\u6ca1\u6709\u4e0e\u4e94\u4ee3\u673a\u8fd1\u8eab\u7f20\u6597\u7684\u673a\u4f1a\u3002", "events": [], "arguments": {"time": [], "loc": [], "country": [], "weapon": [{"text": "F-16V", "offset": 4, "length": 5}]}}, {"sentence": "\u81f3\u4e8eF-16V\u7684\u5bf9\u7a7a\u5bf9\u6d77\u653b\u51fb\u80fd\u529b\uff0c\u5927\u9646\u519b\u4e8b\u4e13\u5bb6\u79f0\uff0c\u53f0\u519b\u8fd9\u6b21\u83b7\u5f97\u7684\u7f8e\u5236\u673a\u8f7d\u6b66\u5668\uff0c\u5e76\u6ca1\u6709\u4ec0\u4e48\u7a81\u7834\u6027\u63d0\u9ad8\u3002", "events": [], "arguments": {"time": [], "loc": [], "country": [], "weapon": [{"text": "F-16V", "offset": 2, "length": 5}]}}, {"sentence": "\u65e0\u8bba\u662f\u201c\u9c7c\u53c9\u201d\u53cd\u8230\u5bfc\u5f39\uff0c\u8fd8\u662f\u6240\u8c13\u7684\u7f8e\u5236\u653b\u51fb\u5f39\u836f\uff0c\u5c04\u7a0b\u90fd\u76f8\u5bf9\u6709\u9650\uff0c\u65e0\u6cd5\u5b9e\u73b0\u9632\u7a7a\u706b\u529b\u5708\u5916\u6253\u51fb\u3002", "events": [], "arguments": {"time": [], "loc": [], "country": [], "weapon": [{"text": "\u201c\u9c7c\u53c9\u201d\u53cd\u8230\u5bfc\u5f39", "offset": 3, "length": 8}, {"text": "\u653b\u51fb\u5f39\u836f", "offset": 19, "length": 4}]}}, {"sentence": "\u800c\u89e3\u653e\u519b\u7ecf\u8fc7\u591a\u5e74\u7684\u53d1\u5c55\uff0c\u5df2\u7ecf\u7262\u7262\u638c\u63e1\u4e86\u53f0\u6d77\u5236\u7a7a\u6743\uff0cF-16V\u5728\u6218\u65f6\u53ea\u6709\u4e24\u79cd\u547d\u8fd0\u2014\u2014\u8981\u4e48\u88ab\u6467\u6bc1\u5728\u5730\u9762\u4e0a\uff0c\u8981\u4e48\u4e00\u8d77\u98de\u5c31\u4f1a\u88ab\u53d1\u73b0\u3001\u9501\u5b9a\u3001\u51fb\u843d\u3002", "events": [], "arguments": {"time": [], "loc": [], "country": [], "weapon": [{"text": "F-16V", "offset": 25, "length": 5}]}}]