[{"sentence": "\u53ea\u6709\u5341\u56fd\u53c2\u52a0\u3001\u53c2\u6f14\u5175\u529b\u9510\u51cf\uff0c\u4eca\u5e74\u73af\u592a\u519b\u6f14\u7f29\u6c34\u8d85\u8fc7\u4e00\u534a", "events": [], "arguments": {"time": [], "loc": [], "country": [], "weapon": []}}, {"sentence": "\u3010\u73af\u7403\u65f6\u62a5\u7279\u7ea6\u8bb0\u8005 \u9b4f\u9f50\u3011", "events": [], "arguments": {"time": [], "loc": [], "country": [], "weapon": []}}, {"sentence": "\u4e24\u5e74\u4e00\u5ea6\u7684\u201c\u73af\u592a\u5e73\u6d0b\u201d\u6f14\u4e60\uff08RIMPAC\uff09\u4e8e\u672c\u5468\u4e00\u5728\u590f\u5a01\u5937\u62c9\u5f00\u5e8f\u5e55\u3002", "events": [], "arguments": {"time": [], "loc": [], "country": [], "weapon": []}}, {"sentence": "\u76f8\u6bd42018\u5e74\u4e3e\u884c\u7684\u4e0a\u4e00\u5c4a\u73af\u592a\u6f14\u4e60\uff0c\u6b64\u6b21\u6f14\u4e60\u89c4\u6a21\u5927\u5e45\u5ea6\u7f29\u6c34\uff0c\u6f14\u4e60\u79d1\u76ee\u4ec5\u9650\u4e8e\u6d77\u4e0a\uff0c\u6f14\u4e60\u65f6\u95f4\u4e5f\u53ea\u662f\u4e0a\u6b21\u6f14\u4e60\u7684\u4e00\u534a\u3002", "events": [], "arguments": {"time": [{"text": "2018\u5e74", "offset": 2, "length": 5}], "loc": [], "country": [], "weapon": []}}, {"sentence": "\u4e0d\u8fc7\uff0c\u7f8e\u56fd\u519b\u65b9\u4ecd\u7136\u79f0\u6b64\u6b21\u6f14\u4e60\u201c\u610f\u4e49\u91cd\u5927\u201d\uff0c\u800c\u7f8e\u56fd\u5a92\u4f53\u8ba4\u4e3a\uff0c\u8fd9\u6b21\u6f14\u4e60\u5c55\u73b0\u4e86\u7f8e\u56fd\u5728\u65b0\u51a0\u75ab\u60c5\u5927\u66b4\u53d1\u4e0b\u7684\u6218\u5907\u80fd\u529b\u3002", "events": [], "arguments": {"time": [], "loc": [], "country": [{"text": "\u7f8e\u56fd", "offset": 36, "length": 2}], "weapon": []}}, {"sentence": "\u53ea\u6709\u5341\u56fd\u53c2\u52a0", "events": [], "arguments": {"time": [], "loc": [], "country": [], "weapon": []}}, {"sentence": "\u636e\u7f8e\u56fd\u201c\u519b\u4e8b\u201d\u7f51\u7ad9\u62a5\u9053\uff0c\u6b64\u6b21\u5728\u590f\u5a01\u5937\u6d77\u57df\u4e3e\u884c\u7684\u6f14\u4e60\u670910\u4e2a\u56fd\u5bb6\u3001\u5927\u7ea620\u8258\u8247\u548c5300\u540d\u5b98\u5175\u53c2\u52a0\u3002", "events": [], "arguments": {"time": [], "loc": [{"text": "\u590f\u5a01\u5937\u6d77\u57df", "offset": 15, "length": 5}], "country": [], "weapon": []}}, {"sentence": "\u800c\u4e24\u5e74\u524d\uff0cRIMPAC-2018\u6f14\u4e60\u4e2d\uff0c\u5219\u5305\u62ec25\u4e2a\u56fd\u5bb6\u300146\u8258\u6c34\u9762\u8230\u8247\u30015\u8258\u6f5c\u8247\u300117\u652f\u5730\u9762\u90e8\u961f\u3001200\u591a\u67b6\u98de\u673a\u548c2.5\u4e07\u540d\u5b98\u5175\u3002", "events": [], "arguments": {"time": [], "loc": [], "country": [], "weapon": [{"text": "\u6c34\u9762\u8230\u8247", "offset": 32, "length": 4}, {"text": "\u6f5c\u8247", "offset": 39, "length": 2}, {"text": "\u98de\u673a", "offset": 55, "length": 2}]}}, {"sentence": "\u8fd9\u4e9b\u53c2\u6f14\u56fd\u90fd\u88ab\u9080\u8bf7\u53c2\u52a02020\u5e74\u7684\u73af\u592a\u6f14\u4e60\uff0c\u4f46\u53ea\u6709\u97e9\u56fd\u3001\u52a0\u62ff\u5927\u3001\u6fb3\u5927\u5229\u4e9a\u3001\u65e5\u672c\u3001\u83f2\u5f8b\u5bbe\u3001\u65b0\u52a0\u5761\u3001\u65b0\u897f\u5170\u3001\u6587\u83b1\u548c\u6cd5\u56fd\u5c06\u4e0e\u7f8e\u56fd\u4e00\u8d77\u53c2\u52a0\u672c\u5e74\u5ea6\u7684\u6f14\u4e60\u3002", "events": [], "arguments": {"time": [{"text": "2020\u5e74", "offset": 11, "length": 5}], "loc": [], "country": [{"text": "\u97e9\u56fd", "offset": 25, "length": 2}, {"text": "\u52a0\u62ff\u5927", "offset": 28, "length": 3}, {"text": "\u6fb3\u5927\u5229\u4e9a", "offset": 32, "length": 4}, {"text": "\u65e5\u672c", "offset": 37, "length": 2}, {"text": "\u83f2\u5f8b\u5bbe", "offset": 40, "length": 3}, {"text": "\u65b0\u52a0\u5761", "offset": 44, "length": 3}, {"text": "\u65b0\u897f\u5170", "offset": 48, "length": 3}, {"text": "\u6587\u83b1", "offset": 52, "length": 2}, {"text": "\u6cd5\u56fd", "offset": 55, "length": 2}, {"text": "\u7f8e\u56fd", "offset": 59, "length": 2}], "weapon": []}}, {"sentence": "\u5176\u4e2d\uff0c\u65e5\u672c\u6d3e\u51fa\u4e86\u5927\u578b\u76f4\u5347\u673a\u6bcd\u8230\u201c\u4f0a\u52bf\u201d\u53f7\u548c\u201c\u7231\u5b95\u201d\u7ea7\u201c\u5b99\u65af\u76fe\u201d\u9a71\u9010\u8230\u201c\u8db3\u67c4\u201d\u53f7\u3002", "events": [], "arguments": {"time": [], "loc": [], "country": [], "weapon": [{"text": "\u201c\u4f0a\u52bf\u201d\u53f7", "offset": 15, "length": 5}, {"text": "\u201c\u7231\u5b95\u201d\u7ea7", "offset": 21, "length": 5}, {"text": "\u201c\u5b99\u65af\u76fe\u201d\u9a71\u9010\u8230\u201c\u8db3\u67c4\u201d\u53f7", "offset": 26, "length": 13}, {"text": "\u76f4\u5347\u673a\u6bcd\u8230\u201c\u4f0a\u52bf\u201d\u53f7", "offset": 10, "length": 10}, {"text": "\u201c\u7231\u5b95\u201d\u7ea7\u201c\u5b99\u65af\u76fe\u201d\u9a71\u9010\u8230\u201c\u8db3\u67c4\u201d\u53f7", "offset": 21, "length": 18}]}}, {"sentence": "\u83f2\u5f8b\u5bbe\u6d77\u519b\u5219\u6d3e\u51fa\u4e86\u5bfc\u5f39\u62a4\u536b\u8230\u201c\u4f55\u585e\u00b7\u91cc\u624e\u5c14\u201d\u53f7\u548c\u8d85\u8fc7100\u540d\u8230\u5458\u3002", "events": [], "arguments": {"time": [], "loc": [], "country": [], "weapon": [{"text": "\u5bfc\u5f39\u62a4\u536b\u8230\u201c\u4f55\u585e\u00b7\u91cc\u624e\u5c14\u201d\u53f7", "offset": 9, "length": 14}]}}, {"sentence": "\u4e4b\u524d\uff0c\u97e9\u8054\u793e\u66fe\u62a5\u9053\u79f0\uff0c\u97e9\u56fd\u6d77\u519b\u5c06\u6d3e\u90637600\u5428\u7ea7\u201c\u5b99\u65af\u76fe\u201d\u9a71\u9010\u8230\u548c4400\u5428\u7ea7\u9a71\u9010\u8230\u54041\u8258\u53c2\u52a0\u73af\u592a\u6f14\u4e60\u3002", "events": [], "arguments": {"time": [], "loc": [], "country": [], "weapon": [{"text": "\u201c\u5b99\u65af\u76fe\u201d\u9a71\u9010\u8230", "offset": 24, "length": 8}, {"text": "4400\u5428\u7ea7\u9a71\u9010\u8230", "offset": 33, "length": 9}]}}, {"sentence": "\u62a5\u9053\u79f0\uff0c2018\u5e74\u7684\u73af\u592a\u6f14\u4e60\uff0c\u524d\u540e\u5386\u65f6\u4e00\u4e2a\u591a\u6708\u65f6\u95f4\uff0c\u800c\u4eca\u5e74\u7531\u4e8e\u75ab\u60c5\u539f\u56e0\uff0cRIMPAC\u88ab\u7f29\u51cf\u4e3a\u4e24\u4e2a\u661f\u671f\uff0c\u5e76\u4ece7\u6708\u63a8\u8fdf\u5230\u73b0\u5728\u3002", "events": [], "arguments": {"time": [], "loc": [], "country": [], "weapon": []}}, {"sentence": "\u6b64\u6b21\u6f14\u4e60\u7531\u7f8e\u56fd\u592a\u5e73\u6d0b\u8230\u961f\u4e3b\u6301\uff0c\u5177\u4f53\u7684\u6f14\u4e60\u8ba1\u5212\u7531\u7f8e\u56fd\u6d77\u519b\u7b2c\u4e09\u8230\u961f\u8d1f\u8d23\uff0c\u6f14\u4e60\u4ee5\u201c\u80fd\u529b\uff0c\u9002\u5e94\u529b\uff0c\u4f19\u4f34\u201d\u4e3a\u4e3b\u9898\u3002", "events": [], "arguments": {"time": [], "loc": [], "country": [], "weapon": []}}, {"sentence": "\u800c\u636e\u53f0\u5a92\u62a5\u9053\uff0c\u9488\u5bf9\u7f8e\u519b\u73af\u592a\u5e73\u6d0b\u519b\u6f14\u662f\u5426\u9080\u53f0\u519b\u53c2\u4e0e\uff0c\u53f0\u5f53\u5c40\u9632\u52a1\u90e8\u95e8\u53d1\u8a00\u4eba\u53f2\u987a\u6587\u65e5\u524d\u66fe\u8868\u793a\uff0c\u5c1a\u672a\u63a5\u83b7\u76f8\u5173\u8baf\u606f\u3002", "events": [], "arguments": {"time": [], "loc": [], "country": [], "weapon": []}}, {"sentence": "\u4f46\u4ed6\u4e5f\u8868\u793a\uff0c\u5c06\u5ba1\u614e\u8bc4\u4f30\uff0c\u4ee5\u5faa\u5e8f\u6e10\u8fdb\u65b9\u5f0f\uff0c\u4e89\u53d6\u4ee5\u89c2\u5bdf\u5458\u8eab\u4efd\u53c2\u4e0e\u89c2\u6469\u8054\u5408\u8ba1\u5212\u4f5c\u4e1a\u3001\u4eba\u9053\u6551\u63f4\u7b49\u91cd\u70b9\u79d1\u76ee\u3002", "events": [], "arguments": {"time": [], "loc": [], "country": [], "weapon": []}}, {"sentence": "\u4e0d\u8fc7\uff0c\u4e4b\u540e\u53f0\u65b9\u5e76\u672a\u6536\u5230\u7f8e\u519b\u9080\u8bf7\u3002", "events": [], "arguments": {"time": [], "loc": [], "country": [], "weapon": []}}, {"sentence": "\u6f14\u4e60\u79d1\u76ee\u201c\u9650\u4e8e\u6d77\u4e0a\u201d", "events": [], "arguments": {"time": [], "loc": [], "country": [], "weapon": []}}, {"sentence": "\u7f8e\u56fd\u519b\u4e8b\u7f51\u7ad9\u7684\u62a5\u9053\u79f0\uff0cRIMPAC 2020\u4ec5\u5728\u6d77\u4e0a\u8fdb\u884c\uff0c\u901a\u8fc7\u6700\u5927\u7a0b\u5ea6\u51cf\u5c11\u5cb8\u4e0a\u90e8\u961f\uff0c\u6765\u786e\u4fdd\u6240\u6709\u53c2\u6f14\u5b98\u5175\u7684\u5b89\u5168\uff0c\u964d\u4f4e\u519b\u961f\u3001\u76df\u56fd\u4ee5\u53ca\u590f\u5a01\u5937\u5f53\u5730\u6c11\u4f17\u7684\u98ce\u9669\u3002", "events": [], "arguments": {"time": [], "loc": [], "country": [], "weapon": []}}, {"sentence": "\u800c\u636e\u7f8e\u56fd\u6d77\u519b\u5b98\u65b9\u7f51\u7ad9\u62a5\u9053\uff0c\u4eca\u5e74\u7684\u6f14\u4e60\u5c06\u5305\u62ec\u591a\u56fd\u53cd\u6f5c\u6218\u3001\u6d77\u4e0a\u62e6\u622a\u884c\u52a8\u3001\u5b9e\u5f39\u8bad\u7ec3\u6d3b\u52a8\u4ee5\u53ca\u5176\u4ed6\u8054\u5408\u8bad\u7ec3\u79d1\u76ee\u3002", "events": [], "arguments": {"time": [], "loc": [], "country": [], "weapon": []}}, {"sentence": "\u4e2d\u56fd\u519b\u4e8b\u4e13\u5bb6\u5f20\u5b66\u5cf0\u5bf9\u300a\u73af\u7403\u65f6\u62a5\u300b\u8868\u793a\uff0c\u4ee5\u5f80\u7684\u73af\u592a\u519b\u6f14\uff0c\u9664\u6d77\u4e0a\u6f14\u7ec3\u5916\u8fd8\u5305\u62ec\u6e2f\u5185\u6587\u5316\u6d3b\u52a8\u3001\u519b\u4e8b\u4ea4\u6d41\u3001\u4e24\u6816\u767b\u9646\u4f5c\u6218\u548c\u5cb8\u4e0a\u6f14\u7ec3\u7b49\uff0c\u73b0\u5728\u6765\u770b\u5e94\u8be5\u90fd\u53d6\u6d88\u4e86\u3002", "events": [], "arguments": {"time": [], "loc": [], "country": [], "weapon": []}}, {"sentence": "\u6309\u7167\u4ee5\u5f80\u6f14\u7ec3\u4f20\u7edf\uff0c\u7f8e\u56fd\u6d77\u519b\u6f14\u4e60\u7684\u4e09\u5927\u79d1\u76ee\u662f\u53cd\u6f5c\u3001\u53cd\u8230\u548c\u9632\u7a7a\u4f5c\u6218\u3002", "events": [], "arguments": {"time": [], "loc": [], "country": [], "weapon": []}}, {"sentence": "\u4ee5\u5f80\uff0c\u73af\u592a\u6f14\u4e60\u8fd8\u4f1a\u5728\u6700\u540e\u4e3e\u884c\u201c\u51fb\u6c89\u6f14\u4e60\u201d\uff0c\u4e5f\u5c31\u662f\u53cd\u8230\u5b9e\u5f39\u5c04\u51fb\u6f14\u7ec3\u3002", "events": [], "arguments": {"time": [], "loc": [], "country": [], "weapon": []}}, {"sentence": "\u5728\u201c\u73af\u592a\u5e73\u6d0b-2018\u201d\u6f14\u4e60\u4e2d\uff0c\u6fb3\u5927\u5229\u4e9a\u3001\u65e5\u672c\u548c\u7f8e\u56fd\u5171\u540c\u53c2\u52a0\u4e86\u201c\u51fb\u6c89\u6f14\u4e60\u201d\uff0c\u5145\u5f53\u9776\u8230\u7684\u662f\u7f8e\u56fd\u6d77\u519b\u6392\u6c34\u91cf\u8d85\u8fc75000\u5428\u9000\u5f79\u767b\u9646\u8230\u201c\u62c9\u8f9b\u201d\u53f7\uff0c12\u5f0f\u5cb8\u5bf9\u8230\u5bfc\u5f39\u3001\u201c\u6d77\u519b\u6253\u51fb\u5bfc\u5f39\u201d\u201c\u9ad8\u673a\u52a8\u706b\u70ae\u7cfb\u7edf\u201d\u7b49\u53cd\u8230\u7cfb\u7edf\u8f6e\u756a\u4e0a\u9635\u3002", "events": [], "arguments": {"time": [], "loc": [], "country": [], "weapon": [{"text": "\u767b\u9646\u8230\u201c\u62c9\u8f9b\u201d\u53f7", "offset": 60, "length": 8}, {"text": "12\u5f0f\u5cb8\u5bf9\u8230\u5bfc\u5f39", "offset": 69, "length": 8}, {"text": "\u201c\u6d77\u519b\u6253\u51fb\u5bfc\u5f39", "offset": 78, "length": 7}, {"text": "\u201d\u201c\u9ad8\u673a\u52a8\u706b\u70ae\u7cfb\u7edf\u201d", "offset": 0, "length": 10}]}}, {"sentence": "\u6b64\u6b21\uff0c\u7f8e\u56fd\u519b\u65b9\u867d\u79f0\u4ecd\u7136\u4f1a\u6709\u5b9e\u5f39\u8bad\u7ec3\uff0c\u4f46\u53ef\u80fd\u4e0d\u4f1a\u5982\u6b64\u5927\u8d39\u5468\u7ae0\u4e86\u3002", "events": [], "arguments": {"time": [], "loc": [], "country": [], "weapon": []}}, {"sentence": "\u53cd\u6f5c\u4f5c\u6218\u5386\u6765\u662f\u7f8e\u56fd\u6d77\u519b\u7684\u91cd\u70b9\u6f14\u7ec3\u79d1\u76ee\uff0c\u8fd9\u4e00\u4f20\u7edf\u6765\u81ea\u51b7\u6218\u671f\u95f4\uff0c\u56e0\u4e3a\u82cf\u8054\u7684\u6c34\u4e0b\u529b\u91cf\u5bf9\u5f53\u65f6\u7684\u7f8e\u56fd\u6d77\u519b\u5a01\u80c1\u5f88\u5927\u3002", "events": [], "arguments": {"time": [], "loc": [], "country": [], "weapon": []}}, {"sentence": "\u800c\u9632\u7a7a\u79d1\u76ee\u662f\u5426\u8fdb\u884c\uff0c\u5219\u8981\u770b\u7f8e\u519b\u6b64\u6b21\u6f14\u4e60\u5175\u529b\u662f\u5426\u5305\u542b\u7a7a\u4e2d\u529b\u91cf\u3002", "events": [], "arguments": {"time": [], "loc": [], "country": [], "weapon": []}}, {"sentence": "\u5c55\u73b0\u75ab\u60c5\u4e0b\u6218\u5907\u80fd\u529b", "events": [], "arguments": {"time": [], "loc": [], "country": [], "weapon": []}}, {"sentence": "\u8fd9\u6b21\u6f14\u4e60\uff0c\u7f8e\u56fd\u5a92\u4f53\u666e\u904d\u628a\u5173\u6ce8\u70b9\u653e\u5230\u4e86\u5168\u7403\u66b4\u53d1\u7684\u65b0\u51a0\u75ab\u60c5\u5927\u80cc\u666f\u4e0a\uff0c\u4e2d\u56fd\u5143\u7d20\u76f8\u5bf9\u5f31\u5316\u3002", "events": [], "arguments": {"time": [], "loc": [], "country": [], "weapon": []}}, {"sentence": "\u4e0d\u8fc7\uff0c\u4ecd\u6709\u7f8e\u56fd\u5a92\u4f53\u62a5\u9053\u79f0\uff0c\u4e00\u4e9b\u53c2\u52a0\u73af\u592a\u6f14\u4e60\u7684\u56fd\u5bb6\u201c\u8c34\u8d23\u4e2d\u56fd\u63a7\u5236\u8fdb\u5165\u5173\u952e\u8d38\u6613\u8def\u7ebf\u548c\u6c34\u9053\u7684\u884c\u4e3a\u201d\u3002", "events": [], "arguments": {"time": [], "loc": [], "country": [], "weapon": []}}, {"sentence": "\u7f8e\u56fd\u6d77\u519b\u7b2c\u4e09\u8230\u961f\u65b0\u95fb\u53d1\u8a00\u4eba\u8868\u793a\uff0c\u73af\u592a\u5e73\u6d0b\u519b\u6f14\u5bf9\u4e8e\u52a0\u5f3a\u8054\u76df\u4ee5\u201c\u786e\u4fdd\u81ea\u7531\u548c\u5f00\u653e\u7684\u5370\u5ea6-\u592a\u5e73\u6d0b\u201d\u81f3\u5173\u91cd\u8981\u3002", "events": [], "arguments": {"time": [], "loc": [], "country": [], "weapon": []}}, {"sentence": "Kitv\u7f51\u7ad9\u9898\u4e3a\u201c\u73af\u592a\u519b\u6f14\u7684\u89c4\u6a21\u53ef\u80fd\u8f83\u5c0f\uff0c\u4f46\u519b\u4e8b\u9886\u5bfc\u4eba\u4ecd\u7136\u8868\u793a\u610f\u4e49\u5de8\u5927\u201d\u7684\u62a5\u9053\u79f0\uff0c\u6b64\u6b21\u6f14\u4e60\uff0c\u9664\u4e86\u5728\u591a\u56fd\u6d77\u519b\u4e4b\u95f4\u5efa\u7acb\u4fe1\u4efb\u548c\u534f\u540c\u80fd\u529b\u4e4b\u5916\uff0c\u8fd8\u5411\u53ef\u80fd\u6000\u7591\u7f8e\u56fd\u5728\u65b0\u51a0\u75ab\u60c5\u6d41\u884c\u671f\u95f4\u7684\u6218\u5907\u80fd\u529b\u7684\u4eba\u4eec\u4f20\u8fbe\u4e86\u4fe1\u606f\u3002", "events": [], "arguments": {"time": [], "loc": [], "country": [], "weapon": []}}, {"sentence": "\u62a5\u9053\u63f4\u5f15\u4e00\u4f4d\u56fd\u9645\u4e8b\u52a1\u5206\u6790\u4eba\u58eb\u7684\u8bdd\u79f0\uff0c\u7f8e\u56fd\u9700\u8981\u8868\u660e\uff0c\u5373\u4f7f\u5728\u75ab\u60c5\u671f\u95f4\u2014\u2014\u5728\u7f8e\u56fd\u53ef\u80fd\u88ab\u5206\u5fc3\u7684\u65f6\u5019\uff0c\u5bf9\u624b\u53ef\u80fd\u770b\u5230\u6709\u673a\u53ef\u4e58\u65f6\uff0c\u7f8e\u56fd\u4ecd\u7136\u80fd\u591f\u8fdb\u884c\u6b63\u5e38\u7684\u519b\u4e8b\u884c\u52a8\u3002", "events": [], "arguments": {"time": [], "loc": [], "country": [], "weapon": []}}, {"sentence": "\u201c\u5bf9\u624b\u4e0d\u5e94\u8bef\u4ee5\u4e3a\u8fd9\u4e00\u65f6\u671f\u5bf9\u4ed6\u4eec\u6765\u8bf4\u662f\u4e00\u79cd\u72ec\u7279\u7684\u673a\u4f1a\u7a97\u53e3\u3002", "events": [], "arguments": {"time": [], "loc": [], "country": [], "weapon": []}}, {"sentence": "\u201d", "events": [], "arguments": {"time": [], "loc": [], "country": [], "weapon": []}}]