[{"sentence": "\u7f8e\u56fd\u519b\u706b\u5de8\u5934\u6f14\u793a\u673a\u8f7d\u6fc0\u5149\u6b66\u5668\u00a0\u753b\u9762\u4e2d\u51fa\u73b0\u4e2d\u56fd054A\u62a4\u536b\u8230", "events": [], "arguments": {"time": [], "loc": [], "country": [{"text": "\u7f8e\u56fd", "offset": 0, "length": 2}, {"text": "\u4e2d\u56fd", "offset": 20, "length": 2}], "weapon": [{"text": "054A\u62a4\u536b\u8230", "offset": 22, "length": 7}, {"text": "\u6fc0\u5149\u6b66\u5668", "offset": 10, "length": 4}, {"text": "\u673a\u8f7d\u6fc0\u5149\u6b66\u5668", "offset": 8, "length": 6}]}}, {"sentence": "\u3010\u73af\u7403\u7f51\u62a5\u9053 \u8bb0\u8005 \u5f90\u7490\u660e\u3011", "events": [], "arguments": {"time": [], "loc": [], "country": [], "weapon": []}}, {"sentence": "\u636e\u201c\u9632\u52a1\u535a\u5ba2\u201d\u7f51\u7ad98\u670816\u65e5\u62a5\u9053\uff0c\u7f8e\u56fd\u4e94\u89d2\u5927\u697c\u7684\u6700\u5927\u6b66\u5668\u4f9b\u5e94\u5546\u6d1b\u514b\u5e0c\u5fb7\u9a6c\u4e01\u516c\u53f8\u8fd1\u65e5\u5c55\u793a\u4e86\u88c5\u5907\u5728\u6218\u673a\u4e0a\u7684\u6fc0\u5149\u6b66\u5668\u7cfb\u7edf\u3002", "events": [], "arguments": {"time": [{"text": "8\u670816\u65e5", "offset": 9, "length": 5}], "loc": [], "country": [], "weapon": [{"text": "\u6218\u673a", "offset": 47, "length": 2}, {"text": "\u6fc0\u5149\u6b66\u5668\u7cfb\u7edf", "offset": 51, "length": 6}]}}, {"sentence": "\u62a5\u9053\u79f0\uff0c\u6d1b\u514b\u5e0c\u5fb7\u00b7\u9a6c\u4e01\u516c\u53f88\u670811\u65e5\u5728\u793e\u4ea4\u5a92\u4f53\u4e0a\u53d1\u5e03\u4e86\u4e00\u6bb5\u77ed\u89c6\u9891\uff0c\u5c55\u793a\u4e86\u4e3a\u672a\u6765\u6218\u573a\u7814\u53d1\u7684\u6fc0\u5149\u6b66\u5668\u7cfb\u7edf\uff0c\u8fd9\u79cd\u7cfb\u7edf\u80fd\u591f\u8ba9\u5176\u4f7f\u7528\u8005\u4ee5\u201c\u95ea\u7535\u822c\u201d\u7684\u901f\u5ea6\u6d88\u9664\u5a01\u80c1\u3002", "events": [], "arguments": {"time": [{"text": "8\u670811\u65e5", "offset": 13, "length": 5}], "loc": [], "country": [], "weapon": [{"text": "\u6fc0\u5149\u6b66\u5668\u7cfb\u7edf", "offset": 44, "length": 6}]}}, {"sentence": "\u6d1b\u9a6c\u516c\u53f8\u53d1\u5e03\u7684\u89c6\u9891\u4e2d\uff0c\u4ecb\u7ecd\u4e86\u8be5\u516c\u53f8\u6b63\u5728\u7814\u53d1\u7684\u673a\u8f7d\u6fc0\u5149\u6b66\u5668\u7cfb\u7edf\uff0c\u8fd9\u79cd\u7cfb\u7edf\u4e3b\u8981\u7528\u4e8e\u8fdb\u884c\u9632\u536b\u62e6\u622a\u3002", "events": [], "arguments": {"time": [], "loc": [], "country": [], "weapon": [{"text": "\u673a\u8f7d\u6fc0\u5149\u6b66\u5668\u7cfb\u7edf", "offset": 22, "length": 8}]}}, {"sentence": "\u62a5\u9053\u79f0\uff0c\u6d1b\u9a6c\u516c\u53f8\u7684\u6fc0\u5149\u7cfb\u7edf\u6280\u672f\u76ee\u524d\u5df2\u7ecf\u53ef\u4ee5\u7528\u4e8e\u62b5\u5fa1\u5c0f\u5fc3\u706b\u7bad\u3001\u70ae\u5f39\u3001\u5c0f\u578b\u65e0\u4eba\u673a\u3001\u5c0f\u578b\u8230\u8247\u548c\u8f7b\u578b\u8f66\u8f86\uff0c\u5c04\u7a0b\u7ea6\u4e3a1\u82f1\u91cc\uff08\u7ea61.6\u516c\u91cc\uff09\u3002", "events": [], "arguments": {"time": [], "loc": [], "country": [], "weapon": [{"text": "\u5c0f\u5fc3\u706b\u7bad", "offset": 25, "length": 4}, {"text": "\u70ae\u5f39", "offset": 30, "length": 2}, {"text": "\u5c0f\u578b\u65e0\u4eba\u673a", "offset": 33, "length": 5}, {"text": "\u5c0f\u578b\u8230\u8247", "offset": 39, "length": 4}, {"text": "\u8f7b\u578b\u8f66\u8f86", "offset": 44, "length": 4}]}}, {"sentence": "\u800c\u968f\u7740\u6fc0\u5149\u529f\u7387\u6c34\u5e73\u7684\u4e0d\u65ad\u63d0\u5347\uff0c\u8fd9\u79cd\u7cfb\u7edf\u5c06\u80fd\u591f\u5e94\u5bf9\u66f4\u5927\u7684\u5a01\u80c1\uff0c\u5c04\u7a0b\u4e5f\u66f4\u8fdc\u3002", "events": [], "arguments": {"time": [], "loc": [], "country": [], "weapon": []}}, {"sentence": "\u800c\u5728\u7a7a\u4e2d\u5e94\u7528\u80fd\u529b\u65b9\u9762\uff0c\u673a\u8f7d\u6fc0\u5149\u7cfb\u7edf\u5c06\u80fd\u591f\u4ee5\u5149\u901f\u51fb\u843d\u6765\u88ad\u5bfc\u5f39\u3002", "events": [], "arguments": {"time": [], "loc": [], "country": [], "weapon": [{"text": "\u673a\u8f7d\u6fc0\u5149\u7cfb\u7edf", "offset": 11, "length": 6}, {"text": "\u5bfc\u5f39", "offset": 27, "length": 2}]}}, {"sentence": "\u503c\u5f97\u6ce8\u610f\u7684\u662f\uff0c\u5728\u6d1b\u9a6c\u516c\u53f8\u53d1\u5e03\u7684\u6f14\u793a\u52a8\u753b\u4e2d\uff0c\u51fa\u73b0\u4e86\u4e00\u8258\u4e0e\u4e2d\u56fd054A\u8230\u5916\u5f62\u9ad8\u5ea6\u76f8\u4f3c\u76843D\u8230\u8239\u6a21\u578b\uff0c\u7528\u4e8e\u6f14\u793aF-16\u6218\u6597\u673a\u4f7f\u7528\u6fc0\u5149\u62e6\u622a\u540a\u8231\u62e6\u622a\u8230\u5bf9\u7a7a\u5bfc\u5f39\u7684\u80fd\u529b\u3002", "events": [], "arguments": {"time": [], "loc": [], "country": [], "weapon": [{"text": "054A\u8230", "offset": 29, "length": 5}, {"text": "F-16\u6218\u6597\u673a", "offset": 52, "length": 7}]}}, {"sentence": "\u62a5\u9053\u79f0\uff0c\u7f8e\u56fd\u7a7a\u519b\u7814\u7a76\u5b9e\u9a8c\u5ba4(AFRL)\u81f3\u5c11\u4ece2013\u5e74\u5c31\u5f00\u59cb\u8fdb\u884c\u540d\u4e3a\u201c\u81ea\u6211\u4fdd\u62a4\u9ad8\u80fd\u6fc0\u5149\u6f14\u793a\u7cfb\u7edf\u201d(SHiELD)\u9879\u76ee\u7684\u7814\u7a76\u3002", "events": [], "arguments": {"time": [], "loc": [], "country": [], "weapon": [{"text": "\u201c\u81ea\u6211\u4fdd\u62a4\u9ad8\u80fd\u6fc0\u5149\u6f14\u793a\u7cfb\u7edf\u201d(SHiELD)", "offset": 34, "length": 22}]}}, {"sentence": "\u7f8e\u56fd\u7a7a\u519b\u539f\u8ba1\u5212\u57282021\u5e74\u5f00\u59cb\u8fdb\u884c\u9996\u4e2a\u5b8c\u6574\u7684\u539f\u578b\u7cfb\u7edf\u7684\u6d4b\u8bd5\uff0c\u4f46\u8fd9\u9879\u6d4b\u8bd5\u56e0\u4e3a\u6280\u672f\u96be\u5ea6\u548c\u65b0\u51a0\u80ba\u708e\u75ab\u60c5\u7684\u5f71\u54cd\u5df2\u7ecf\u88ab\u63a8\u8fdf\u5230\u4e862023\u5e74\u3002", "events": [], "arguments": {"time": [], "loc": [], "country": [], "weapon": []}}, {"sentence": "\u6839\u636e\u8be5\u8ba1\u5212\uff0c\u6fc0\u5149\u6b66\u5668\u7cfb\u7edf\u5c06\u88ab\u5b89\u7f6e\u5728\u989d\u5916\u7684\u540a\u8231\u5185\uff0c\u53ef\u4ee5\u6302\u8f7d\u6218\u6597\u673a\u6216\u8f70\u70b8\u673a\u7684\u673a\u7ffc\u4e0b\u65b9\uff0c\u7528\u4e8e\u9632\u5fa1\u5730\u5bf9\u7a7a\u548c\u7a7a\u5bf9\u7a7a\u5bfc\u5f39\u3002", "events": [], "arguments": {"time": [], "loc": [], "country": [], "weapon": [{"text": "\u6fc0\u5149\u6b66\u5668\u7cfb\u7edf", "offset": 6, "length": 6}, {"text": "\u6218\u6597\u673a", "offset": 28, "length": 3}, {"text": "\u8f70\u70b8\u673a", "offset": 32, "length": 3}, {"text": "\u7a7a\u5bf9\u7a7a\u5bfc\u5f39", "offset": 49, "length": 5}]}}]