[{"sentence": "\u53c8\u662f\u52a8\u529b\u6545\u969c\uff01", "events": [], "arguments": {"time": [], "loc": [], "country": [], "weapon": []}}, {"sentence": "\u82f1\u519b\u65b0\u8230\u670d\u5f79\u540e\u4ec5\u4ec5\u90e8\u7f729\u5929\u5c31\u5728\u6d77\u4e0a\u5931\u63a7", "events": [], "arguments": {"time": [], "loc": [], "country": [{"text": "\u82f1", "offset": 0, "length": 1}], "weapon": []}}, {"sentence": "\u3010\u73af\u7403\u7f51\u62a5\u9053 \u8bb0\u8005 \u5f90\u7490\u660e\u3011", "events": [], "arguments": {"time": [], "loc": [], "country": [], "weapon": []}}, {"sentence": "\u636e\u201c\u9632\u52a1\u4e16\u754c\u201d\u7f51\u7ad98\u670815\u65e5\u62a5\u9053\uff0c\u82f1\u56fd\u6d77\u519b\u7684\u201c\u7279\u4f26\u7279\u201d\u53f7\u5de1\u903b\u8230\u5728\u8fd1\u65e5\u7684\u9996\u6b21\u51fa\u822a\u8fc7\u7a0b\u4e2d\u56e0\u53d1\u52a8\u673a\u6545\u969c\u5728\u6d77\u4e0a\u629b\u951a\u3002", "events": [], "arguments": {"time": [{"text": "8\u670815\u65e5", "offset": 9, "length": 5}], "loc": [], "country": [{"text": "\u82f1\u56fd", "offset": 17, "length": 2}], "weapon": [{"text": "\u201c\u7279\u4f26\u7279\u201d\u53f7\u5de1\u903b\u8230", "offset": 22, "length": 9}]}}, {"sentence": "\u62a5\u9053\u79f0\uff0c\u201c\u7279\u4f26\u7279\u201d\u53f7\u5de1\u903b\u8230\u5728\u4ece\u76f4\u5e03\u7f57\u9640\u8d77\u822a\u540e\u4e0d\u4e45\u5c31\u51fa\u73b0\u4e86\u53d1\u52a8\u673a\u6545\u969c\uff0c\u968f\u540e\u6709\u4eba\u62cd\u5230\u8fd9\u8258\u5de1\u903b\u8230\u88ab\u62d6\u56de\u4e86\u6e2f\u53e3\u3002", "events": [], "arguments": {"time": [], "loc": [], "country": [], "weapon": [{"text": "\u201c\u7279\u4f26\u7279\u201d\u53f7\u5de1\u903b\u8230", "offset": 4, "length": 9}]}}, {"sentence": "\u82f1\u56fd\u7687\u5bb6\u6d77\u519b\u7684\u201c\u7279\u4f26\u7279\u201d\u53f7\u5de1\u903b\u8230\u539f\u8ba1\u5212\u53c2\u52a0\u5317\u7ea6\u6253\u51fb\u6050\u6016\u4e3b\u4e49\u548c\u4eba\u53e3\u8d29\u5356\u884c\u52a8\u7684\u4efb\u52a1\uff0c\u4f46\u5374\u5728\u5904\u5973\u822a\u4e2d\u5c31\u906d\u9047\u4e86\u52a8\u529b\u6545\u969c\u3002", "events": [], "arguments": {"time": [], "loc": [], "country": [], "weapon": [{"text": "\u201c\u7279\u4f26\u7279\u201d\u53f7\u5de1\u903b\u8230", "offset": 7, "length": 9}]}}, {"sentence": "\u76f4\u5e03\u7f57\u9640\u662f\u201c\u7279\u4f26\u7279\u201d\u53f7\u6b64\u6b21\u9996\u822a\u7b2c\u4e00\u7ad9\uff0c\u8fd9\u8258\u519b\u8230\u5f53\u65f6\u6b63\u5728\u524d\u5f80\u5730\u4e2d\u6d77\u7684\u9014\u4e2d\u3002", "events": [], "arguments": {"time": [], "loc": [{"text": "\u76f4\u5e03\u7f57\u9640", "offset": 0, "length": 4}], "country": [], "weapon": [{"text": "\u201c\u7279\u4f26\u7279\u201d\u53f7", "offset": 5, "length": 6}]}}, {"sentence": "\u8230\u957f\u66fe\u8bd5\u56fe\u6389\u5934\u8fd4\u56de\uff0c\u4f46\u8be5\u8230\u5df2\u7ecf\u5931\u53bb\u52a8\u529b\uff0c\u968f\u540e\u53ea\u80fd\u53eb\u6765\u62d6\u8239\u5c06\u5176\u62d6\u8d70\u3002", "events": [], "arguments": {"time": [], "loc": [], "country": [], "weapon": []}}, {"sentence": "\u82f1\u56fd\u7687\u5bb6\u6d77\u519b\u5bf9\u5a92\u4f53\u8868\u793a\uff0c\u8fd9\u8258\u519b\u8230\u51fa\u73b0\u4e86\u6545\u969c\uff0c\u76ee\u524d\u6b63\u5728\u7b49\u5f85\u5907\u4ef6\u9001\u8fbe\u4ee5\u4fbf\u7ef4\u4fee\u3002", "events": [], "arguments": {"time": [], "loc": [], "country": [], "weapon": [{"text": "\u519b\u8230", "offset": 14, "length": 2}]}}, {"sentence": "\u636e\u6089\uff0c\u201c\u7279\u4f26\u7279\u201d\u53f7\u662f\u82f1\u56fd\u7b2c\u4e8c\u6279\u201c\u6cb3\u6d41\u201d\u7ea7\u8fd1\u6d77\u5de1\u903b\u8230\u4e2d\u7684\u7b2c4\u8258\uff0c\u6392\u6c34\u91cf\u4e3a2000\u5428\u5de6\u53f3\uff0c\u4e3b\u8981\u7528\u4e8e\u6267\u884c\u4f4e\u5f3a\u5ea6\u7684\u6d77\u4e0a\u4efb\u52a1\uff0c\u4f8b\u5982\u5de1\u903b\u3001\u62a4\u6e14\u3001\u7f09\u6bd2\u3001\u68c0\u67e5\u7b49\uff0c\u4e3b\u8981\u6b66\u5668\u4e3a\u524d\u7532\u677f\u7684\u4e00\u95e830\u6beb\u7c73\u53e3\u5f84\u8230\u70ae\u3002", "events": [], "arguments": {"time": [], "loc": [], "country": [], "weapon": [{"text": "\u201c\u7279\u4f26\u7279\u201d\u53f7", "offset": 3, "length": 6}, {"text": "\u201c\u6cb3\u6d41\u201d\u7ea7\u8fd1\u6d77\u5de1\u903b\u8230", "offset": 15, "length": 10}, {"text": "\u8230\u70ae", "offset": 0, "length": 2}]}}, {"sentence": "\u8be5\u578b\u8230\u7684\u5355\u8258\u9020\u4ef7\u9ad8\u8fbe1\u4ebf\u82f1\u9551\u3002", "events": [], "arguments": {"time": [], "loc": [], "country": [], "weapon": []}}, {"sentence": "\u53e6\u636e\u300a\u6bcf\u65e5\u90ae\u62a5\u300b\u76848\u670815\u65e5\u7684\u62a5\u9053\uff0c\u201c\u7279\u4f26\u7279\u201d\u53f7\u6b64\u6b21\u6545\u969c\u51fa\u73b0\u5728\u670d\u5f79\u540e\u9996\u6b21\u51fa\u822a\u90e8\u7f72\u4efb\u52a1\u7684\u7b2c9\u5929\u3002", "events": [], "arguments": {"time": [], "loc": [], "country": [], "weapon": [{"text": "\u201c\u7279\u4f26\u7279\u201d\u53f7", "offset": 18, "length": 6}]}}, {"sentence": "\u8be5\u8230\u4e8e8\u67083\u65e5\u4ece\u6734\u8328\u8305\u65af\u8d77\u822a\uff0c6\u5929\u540e\u62b5\u8fbe\u76f4\u5e03\u7f57\u9640\u5e76\u505c\u7559\u4e863\u5929\uff0c8\u670812\u65e5\u518d\u6b21\u8d77\u822a\u65f6\u5c31\u51fa\u73b0\u4e86\u6545\u969c\u3002", "events": [], "arguments": {"time": [{"text": "8\u670812\u65e5", "offset": 31, "length": 5}], "loc": [], "country": [], "weapon": []}}, {"sentence": "\u4e0d\u8fc7\u4e0e\u8fd9\u8d77\u52a8\u529b\u6545\u969c\u4e8b\u6545\u76f8\u6bd4\uff0c\u53d1\u751f\u5728\u82f1\u56fd45\u578b\u9a71\u9010\u8230\u4e0a\u7684\u52a8\u529b\u95ee\u9898\u8981\u66f4\u4e3a\u4e25\u91cd\u3002", "events": [], "arguments": {"time": [], "loc": [], "country": [], "weapon": [{"text": "45\u578b\u9a71\u9010\u8230", "offset": 19, "length": 6}]}}, {"sentence": "\u5728\u4eca\u5e746\u6708\uff0c\u82f1\u56fd\u300a\u955c\u62a5\u300b\u900f\u9732\uff0c\u9020\u4ef7\u9ad8\u8fbe10\u4ebf\u82f1\u9551\u768445\u578b\u9a71\u9010\u8230\u201c\u65e0\u754f\u201d\u53f7\u81ea2016\u5e74\u4ee5\u6765\u4e00\u76f4\u5904\u4e8e\u505c\u6cca\u72b6\u6001\u3002", "events": [], "arguments": {"time": [], "loc": [], "country": [], "weapon": [{"text": "\u9a71\u9010\u8230\u201c\u65e0\u754f\u201d\u53f7", "offset": 28, "length": 8}, {"text": "45\u578b\u9a71\u9010\u8230\u201c\u65e0\u754f\u201d\u53f7", "offset": 25, "length": 11}]}}, {"sentence": "\u300a\u82f1\u56fd\u9632\u52a1\u671f\u520a\u300b\u7f51\u7ad92020\u5e74\u5728\u4eca\u5e741\u6708\u4e5f\u66fe\u62a5\u9053\uff0c\u82f1\u56fd\u6d77\u519b\u51fa\u73b0\u6545\u969c\u76846\u825845\u578b\u9a71\u9010\u8230\u6309\u7167\u8ba1\u5212\u5c06\u57282020\u5e74\u4ee3\u4e2d\u671f\u624d\u80fd\u5b8c\u6210\u52a8\u529b\u7cfb\u7edf\u5347\u7ea7\u6539\u9020\u5de5\u4f5c\u3002", "events": [], "arguments": {"time": [], "loc": [], "country": [], "weapon": [{"text": "45\u578b\u9a71\u9010\u8230", "offset": 36, "length": 6}]}}, {"sentence": "2016\u5e74\uff0c\u82f1\u56fd\u56fd\u9632\u90e8\u627f\u8ba4\u63a8\u8fdb\u7cfb\u7edf\u4e2dWR-21\u71c3\u6c14\u8f6e\u673a\u6240\u7528\u7684\u7531\u8bfa\u65af\u7f57\u666e\u00b7\u683c\u9c81\u66fc\u516c\u53f8\u5236\u9020\u7684\u4e2d\u95f4\u51b7\u5374\u5668\u5de5\u4f5c\u6027\u80fd\u4e0d\u53ef\u9760\uff0c\u6709\u65f6\u4f1a\u51fa\u73b0\u53d1\u7535\u6545\u969c\uff0c\u8fd9\u4f1a\u5bfc\u81f4\u77ed\u6682\u7684\u63a8\u8fdb\u7cfb\u7edf\u4e0d\u5de5\u4f5c\u3001\u6b66\u5668\u7cfb\u7edf\u65e0\u6cd5\u6b63\u5e38\u4f9b\u7535\u3001\u5bfc\u822a\u7cfb\u7edf\u65e0\u6cd5\u6b63\u5e38\u5de5\u4f5c\u548c\u5176\u4ed6\u529f\u80fd\u7684\u5931\u6548\uff0c\u4f7f\u8239\u53ea\u6781\u6613\u53d7\u5230\u201c\u5b8c\u5168\u65ad\u7535\u201d\u7684\u5f71\u54cd\u3002", "events": [], "arguments": {"time": [], "loc": [], "country": [], "weapon": [{"text": "WR-21\u71c3\u6c14\u8f6e\u673a", "offset": 18, "length": 9}]}}]