[{"sentence": "\u4fc4\u519b\u6218\u673a\u53c8\u5728\u9ed1\u6d77\u4e0a\u7a7a\u62e6\u622a\u4fa6\u5bdf\u673a\u00a0\u8fd9\u56de\u5374\u4e0d\u662f\u7f8e\u56fd\u6d3e\u6765\u7684", "events": [{"trigger": {"text": "\u62e6\u622a", "offset": 10, "length": 2}, "subject": {"text": "\u4fc4\u519b\u6218\u673a", "offset": 0, "length": 4}, "object": {"text": "\u4fa6\u5bdf\u673a", "offset": 12, "length": 3}}], "arguments": {"time": [], "loc": [], "country": [{"text": "\u4fc4", "offset": 0, "length": 1}, {"text": "\u7f8e\u56fd", "offset": 21, "length": 2}], "weapon": [{"text": "\u6218\u673a", "offset": 2, "length": 2}, {"text": "\u4fa6\u5bdf\u673a", "offset": 12, "length": 3}]}}, {"sentence": "\u3010\u73af\u7403\u7f51\u519b\u4e8b\u62a5\u9053\u3011", "events": [], "arguments": {"time": [], "loc": [], "country": [], "weapon": []}}, {"sentence": "\u4fc4\u7f57\u65af\u536b\u661f\u901a\u8baf\u793e8\u670816\u65e5\u62a5\u9053\uff0c\u4fc4\u7f57\u65af\u56fd\u9632\u90e8\u56fd\u5bb6\u56fd\u9632\u7ba1\u7406\u4e2d\u5fc3\u5f53\u5929\u53d1\u5e03\u6d88\u606f\u79f0\uff0c\u4fc4\u519b\u82cf-27SM\u6218\u673a\u5f53\u5929\u5347\u7a7a\u98de\u81f3\u9ed1\u6d77\uff0c\u67e5\u9a8c\u5411\u4fc4\u8fb9\u754c\u9760\u8fd1\u7684\u610f\u5927\u5229\u6d77\u519b\u98de\u673a\uff0c\u6ca1\u6709\u53d1\u751f\u4fb5\u72af\u4fc4\u7f57\u65af\u9886\u7a7a\u7684\u60c5\u51b5\u3002", "events": [], "arguments": {"time": [{"text": "8\u670816\u65e5", "offset": 8, "length": 5}], "loc": [{"text": "\u9ed1\u6d77", "offset": 54, "length": 2}], "country": [{"text": "\u4fc4\u7f57\u65af", "offset": 80, "length": 3}], "weapon": [{"text": "\u82cf-27SM\u6218\u673a", "offset": 40, "length": 8}]}}, {"sentence": "\u4fc4\u7f57\u65af\u56fd\u9632\u90e8\u5728\u6d88\u606f\u4e2d\u8bf4\uff1a\u201c\u4fc4\u7f57\u65af\u5357\u90e8\u519b\u533a\u9632\u7a7a\u90e8\u961f\u62c5\u4efb\u6218\u5907\u6267\u52e4\u4efb\u52a1\u7684\u82cf-27SM\u6218\u673a\u5347\u7a7a\uff0c\u524d\u5f80\u67e5\u8bc1\u3002", "events": [], "arguments": {"time": [], "loc": [], "country": [], "weapon": [{"text": "\u82cf-27SM", "offset": 33, "length": 6}, {"text": "\u82cf-27SM\u6218\u673a", "offset": 33, "length": 8}]}}, {"sentence": "\u4fc4\u519b\u98de\u884c\u5458\u9a7e\u673a\u63a5\u8fd1\u76ee\u6807\u81f3\u5b89\u5168\u8ddd\u79bb\uff0c\u8bc6\u522b\u51fa\u76ee\u6807\u4e3a\u610f\u5927\u5229\u6d77\u519b\u2018\u5927\u897f\u6d0b\u2019\u53cd\u6f5c\u673a\u201d\u3002", "events": [], "arguments": {"time": [], "loc": [], "country": [], "weapon": [{"text": "\u2018\u5927\u897f\u6d0b\u2019\u53cd\u6f5c\u673a\u201d", "offset": 28, "length": 9}]}}, {"sentence": "\u4fc4\u7f57\u65af\u56fd\u9632\u90e8\u5728\u6d88\u606f\u4e2d\u6307\u51fa\uff0c\u5728\u610f\u5927\u5229\u98de\u673a\u98de\u79bb\u4fc4\u7f57\u65af\u8fb9\u754c\u540e\uff0c\u4fc4\u519b\u6218\u673a\u8fd4\u56de\u9a7b\u5730\u673a\u573a\u3002", "events": [], "arguments": {"time": [], "loc": [], "country": [], "weapon": [{"text": "\u6218\u673a", "offset": 30, "length": 2}]}}, {"sentence": "\u6d88\u606f\u4e2d\u8bf4\uff1a\u201c\u82cf-27SM\u6218\u673a\u5728\u6574\u4e2a\u98de\u884c\u671f\u95f4\u4e25\u683c\u9075\u5b88\u4e86\u56fd\u9645\u7a7a\u57df\u4f7f\u7528\u89c4\u5219\uff0c\u6ca1\u6709\u53d1\u751f\u610f\u5927\u5229\u519b\u673a\u4fb5\u72af\u4fc4\u7f57\u65af\u9886\u7a7a\u7684\u60c5\u51b5\u201c\u3002", "events": [], "arguments": {"time": [], "loc": [], "country": [], "weapon": [{"text": "\u201c\u82cf-27SM\u6218\u673a", "offset": 5, "length": 9}]}}, {"sentence": "\u8fd1\u671f\u4fc4\u7f57\u65af\u9891\u7e41\u51fa\u52a8\u6218\u6597\u673a\u5728\u9ed1\u6d77\u4e0a\u7a7a\u67e5\u8bc1\u62e6\u622a\u5317\u7ea6\u4fa6\u5bdf\u673a\uff0c\u6b64\u524d\u51fa\u73b0\u5728\u9ed1\u6d77\u4e0a\u7a7a\u7684\u591a\u4e3a\u7f8e\u519b\u4fa6\u5bdf\u673a\u3002", "events": [], "arguments": {"time": [], "loc": [], "country": [], "weapon": [{"text": "\u5317\u7ea6\u4fa6\u5bdf\u673a", "offset": 21, "length": 5}, {"text": "\u4fa6\u5bdf\u673a", "offset": 0, "length": 3}]}}, {"sentence": "\u4fc4\u7f57\u65af\u56fd\u9632\u90e8\u56fd\u5bb6\u56fd\u9632\u7ba1\u7406\u4e2d\u5fc38\u670815\u65e5\u53d1\u5e03\u6d88\u606f\u79f0\uff0c\u4fc4\u519b\u51fa\u52a8\u4e00\u67b6\u82cf-27\u6218\u673a\u5728\u9ed1\u6d77\u4e0a\u7a7a\u62e6\u622a\u4e86\u4e00\u67b6\u7f8e\u519b\u4fa6\u5bdf\u673a\u3002", "events": [], "arguments": {"time": [], "loc": [], "country": [], "weapon": [{"text": "\u82cf-27\u6218\u673a", "offset": 31, "length": 6}, {"text": "\u7f8e\u519b\u4fa6\u5bdf\u673a", "offset": 47, "length": 5}]}}, {"sentence": "\u4e3a\u4e86\u8bc6\u522b\u548c\u62e6\u622a\u76ee\u6807\uff0c\u4fc4\u5357\u90e8\u519b\u533a\u9632\u7a7a\u90e8\u961f\u7684\u4e00\u67b6\u82cf-27\u6218\u6597\u673a\u7d27\u6025\u5347\u7a7a\uff0c\u673a\u7ec4\u4eba\u5458\u5728\u5b89\u5168\u8ddd\u79bb\u63a5\u8fd1\u8fd9\u4e00\u7a7a\u4e2d\u76ee\u6807\uff0c\u5e76\u786e\u5b9a\u5176\u4e3a\u7f8e\u56fd\u6d77\u519b\u7684EP-3E\u578b\u65e0\u7ebf\u7535\u4fa6\u5bdf\u673a\u3002", "events": [], "arguments": {"time": [], "loc": [], "country": [], "weapon": [{"text": "\u82cf-27\u6218\u6597\u673a", "offset": 22, "length": 7}, {"text": "EP-3E\u578b\u65e0\u7ebf\u7535\u4fa6\u5bdf\u673a", "offset": 62, "length": 12}]}}, {"sentence": "8\u670812\u65e5\uff0c\u4fc4\u7f57\u65af\u7684\u82cf-27\u6218\u6597\u673a\u5728\u9ed1\u6d77\u4e0a\u7a7a\u62e6\u622a\u4e86\u4e00\u67b6\u7f8e\u56fd\u7a7a\u519b\u7684RC-135\u6218\u7565\u4fa6\u5bdf\u673a\u548c\u4e00\u67b6\u7f8e\u56fd\u6d77\u519b\u7684P-8A\u5de1\u903b\u673a\uff1b8\u670810\u65e5\uff0c\u4fc4\u7f57\u65af\u7684\u82cf-27\u6218\u6597\u673a\u4e5f\u5728\u9ed1\u6d77\u4e0a\u7a7a\u62e6\u622a\u4e86\u4e00\u67b6\u7f8e\u56fd\u7a7a\u519b\u7684RC-135\u6218\u7565\u4fa6\u5bdf\u673a\u548c\u4e00\u67b6\u7f8e\u56fd\u6d77\u519b\u7684P-8A\u5de1\u903b\u673a\uff1b8\u67089\u65e5\uff0c\u4fc4\u5357\u90e8\u519b\u533a\u7684\u4e00\u67b6\u82cf-27\u6218\u6597\u673a\u5347\u7a7a\u5728\u9ed1\u6d77\u4e0a\u7a7a\u62e6\u622a\u4e86\u4e00\u67b6\u7f8e\u56fd\u6d77\u519bEP-3E\u7535\u5b50\u4fa6\u5bdf\u673a\u3002", "events": [], "arguments": {"time": [{"text": "8\u670812\u65e5", "offset": 0, "length": 5}, {"text": "8\u670810\u65e5", "offset": 59, "length": 5}, {"text": "8\u67089\u65e5", "offset": 119, "length": 4}], "loc": [{"text": "\u9ed1\u6d77", "offset": 142, "length": 2}], "country": [], "weapon": [{"text": "\u82cf-27\u6218\u6597\u673a", "offset": 132, "length": 7}, {"text": "RC-135\u6218\u7565\u4fa6\u5bdf\u673a", "offset": 92, "length": 11}, {"text": "P-8A\u5de1\u903b\u673a", "offset": 111, "length": 7}, {"text": "EP-3E\u7535\u5b50\u4fa6\u5bdf\u673a", "offset": 155, "length": 10}, {"text": "RC-135\u6218\u7565\u4fa6\u5bdf\u673a", "offset": 32, "length": 11}, {"text": "P-8A\u5de1\u903b\u673a", "offset": 51, "length": 7}, {"text": "\u82cf-27\u6218\u6597\u673a", "offset": 69, "length": 7}]}}]