[{"sentence": "\u4fc4\u8f70\u70b8\u673a\u5de1\u822a8000\u516c\u91cc\u5e76\u53d1\u5c04\u5bfc\u5f39", "events": [{"trigger": {"text": "\u53d1\u5c04", "offset": 13, "length": 2}, "subject": {"text": "\u4fc4\u8f70\u70b8\u673a", "offset": 0, "length": 4}, "object": {"text": "\u5bfc\u5f39", "offset": 15, "length": 2}}], "arguments": {"time": [], "loc": [], "country": [], "weapon": [{"text": "\u8f70\u70b8\u673a", "offset": 1, "length": 3}, {"text": "\u5bfc\u5f39", "offset": 15, "length": 2}]}}, {"sentence": "14\u65e5\uff0c\u4fc4\u7f57\u65af\u56fd\u9632\u90e8\u6d88\u606f\uff0c\u4e24\u67b6\u4fc4\u56fe-160\u8f70\u70b8\u673a\u5de1\u822a\uff0c\u7a7f\u8d8a\u4e1c\u897f\u4f2f\u5229\u4e9a\u6d77\u7b49\u533a\u57df\uff0c\u98de\u884c\u8ddd\u79bb\u8d858000\u516c\u91cc\uff0c\u98de\u884c\u8fc7\u7a0b\u4e2d\u8fd8\u5411\u9776\u573a\u53d1\u5c04\u5bfc\u5f39\u5e76\u547d\u4e2d\u76ee\u6807\u3002", "events": [{"trigger": {"text": "\u7a7f\u8d8a", "offset": 27, "length": 2}, "subject": {"text": "\u56fe-160\u8f70\u70b8\u673a", "offset": 16, "length": 8}, "object": {"text": "\u4e1c\u897f\u4f2f\u5229\u4e9a\u6d77\u7b49\u533a\u57df", "offset": 29, "length": 9}}], "arguments": {"time": [{"text": "14\u65e5", "offset": 0, "length": 3}], "loc": [{"text": "\u4e1c\u897f\u4f2f\u5229\u4e9a\u6d77\u7b49\u533a\u57df", "offset": 29, "length": 9}], "country": [{"text": "\u4fc4\u7f57\u65af", "offset": 4, "length": 3}], "weapon": [{"text": "\u56fe-160\u8f70\u70b8\u673a", "offset": 16, "length": 8}]}}, {"sentence": "\u56fe-160\u662f\u4e16\u754c\u4e0a\u6700\u5927\u7684\u53ef\u53d8\u540e\u63a0\u7ffc\u8d85\u58f0\u901f\u6218\u7565\u8f70\u70b8\u673a\uff0c\u4e00\u6b21\u52a0\u6cb9\u7eed\u822a\u91cc\u7a0b\u53ef\u8fbe12000\u516c\u91cc\u3002", "events": [], "arguments": {"time": [], "loc": [], "country": [], "weapon": [{"text": "\u56fe-160", "offset": 0, "length": 5}, {"text": "\u53ef\u53d8\u540e\u63a0\u7ffc\u8d85\u58f0\u901f\u6218\u7565\u8f70\u70b8\u673a", "offset": 12, "length": 13}]}}]