[{"sentence": "\u7f8e\u6d77\u519b\u201c\u7f57\u7eb3\u5fb7\u00b7\u91cc\u6839\u201d\u53f7\u822a\u6bcd\u91cd\u56de\u5357\u6d77\u00a0\u4e0a\u6708\u66fe\u4e24\u6b21\u4e0e\u201c\u5c3c\u7c73\u5179\u201d\u53f7\u4e3e\u884c\u53cc\u822a\u6bcd\u6f14\u4e60", "events": [], "arguments": {"time": [], "loc": [], "country": [], "weapon": [{"text": "\u201c\u7f57\u7eb3\u5fb7\u00b7\u91cc\u6839\u201d\u53f7\u822a\u6bcd", "offset": 3, "length": 11}, {"text": "\u201c\u5c3c\u7c73\u5179\u201d\u53f7", "offset": 25, "length": 6}]}}, {"sentence": "\u3010\u73af\u7403\u7f51\u62a5\u9053 \u89c1\u4e60\u8bb0\u8005 \u9a6c\u5ca9 \u4faf\u4f73\u6b23\u3011", "events": [], "arguments": {"time": [], "loc": [], "country": [], "weapon": []}}, {"sentence": "\u7f8e\u56fd\u592a\u5e73\u6d0b\u8230\u961f8\u670814\u65e5\u53d1\u5e03\u6d88\u606f\u79f0\uff0c\u201c\u7f57\u7eb3\u5fb7\u00b7\u91cc\u6839\u201d\u53f7\u822a\u6bcd\u6218\u6597\u7fa4\u5df2\u8fdb\u5165\u5357\u6d77\uff0c\u5e76\u8fdb\u884c\u4e86\u6d77\u4e0a\u9632\u7a7a\u884c\u52a8\u3002", "events": [], "arguments": {"time": [{"text": "8\u670814\u65e5", "offset": 7, "length": 5}], "loc": [], "country": [{"text": "\u7f8e\u56fd", "offset": 0, "length": 2}], "weapon": [{"text": "\u201c\u7f57\u7eb3\u5fb7\u00b7\u91cc\u6839\u201d\u53f7\u822a\u6bcd", "offset": 18, "length": 11}, {"text": "\u201c\u7f57\u7eb3\u5fb7\u00b7\u91cc\u6839\u201d\u53f7\u822a\u6bcd\u6218\u6597\u7fa4", "offset": 18, "length": 14}]}}, {"sentence": "\u636e\u6089\uff0c\u8be5\u822a\u6bcd\u6218\u6597\u7fa4\u5305\u62ec\u201c\u7f57\u7eb3\u5fb7\u00b7\u91cc\u6839\u201d\u53f7\u822a\u6bcd\u3001\u822a\u6bcd\u7a7a\u519b\u8054\u961f\u3001\u201c\u5b89\u63d0\u5854\u201d\u53f7\u5bfc\u5f39\u5de1\u6d0b\u8230\u3001\u201c\u9a6c\u65af\u6c40\u201d\u53f7\u5bfc\u5f39\u9a71\u9010\u8230\u548c\u201c\u62c9\u6590\u5c14\u00b7\u4f69\u62c9\u5c14\u5854\u201d\u53f7\u5bfc\u5f39\u9a71\u9010\u8230\u7b49\u3002", "events": [], "arguments": {"time": [], "loc": [], "country": [], "weapon": [{"text": "\u201c\u7f57\u7eb3\u5fb7\u00b7\u91cc\u6839\u201d\u53f7\u822a\u6bcd", "offset": 11, "length": 11}, {"text": "\u201c\u5b89\u63d0\u5854\u201d\u53f7\u5bfc\u5f39\u5de1\u6d0b\u8230", "offset": 30, "length": 11}, {"text": "\u201c\u9a6c\u65af\u6c40\u201d\u53f7\u5bfc\u5f39\u9a71\u9010\u8230", "offset": 42, "length": 11}, {"text": "\u201c\u62c9\u6590\u5c14\u00b7\u4f69\u62c9\u5c14\u5854\u201d\u53f7\u5bfc\u5f39\u9a71\u9010\u8230", "offset": 54, "length": 16}]}}, {"sentence": "\u6b64\u524d\uff0c\u201c\u7f57\u7eb3\u5fb7\u00b7\u91cc\u6839\u201d\u53f7\u822a\u6bcd\u6218\u6597\u7fa4\u5728\u65e5\u672c\u5317\u90e8\u6d77\u5cb8\u8fdb\u884c\u4e86\u7efc\u5408\u8bad\u7ec3\uff0c\u5305\u62ec\u7a7a\u5bf9\u7a7a\u4f5c\u6218\u3001\u4f5c\u6218\u641c\u6551\u3001\u9632\u7a7a\u6f14\u4e60\u7b49\u79d1\u76ee\u3002", "events": [], "arguments": {"time": [], "loc": [{"text": "\u65e5\u672c\u5317\u90e8\u6d77\u5cb8", "offset": 18, "length": 6}], "country": [], "weapon": [{"text": "\u201c\u7f57\u7eb3\u5fb7\u00b7\u91cc\u6839\u201d\u53f7\u822a\u6bcd\u6218\u6597\u7fa4", "offset": 3, "length": 14}]}}, {"sentence": "\u6b64\u5916\uff0c\u201c\u7f57\u7eb3\u5fb7\u00b7\u91cc\u6839\u201d\u53f7\u822a\u6bcd\u6700\u8fd1\u8fd8\u4e0e\u4e00\u67b6\u4ece\u5173\u5c9b\u8d77\u98de\u7684B-1B\u8fdb\u884c\u4e86\u6d77\u4e0a\u8054\u5408\u8bad\u7ec3\u3002", "events": [], "arguments": {"time": [], "loc": [{"text": "\u5173\u5c9b", "offset": 21, "length": 2}], "country": [], "weapon": [{"text": "B-1B", "offset": 26, "length": 4}, {"text": "\u201c\u7f57\u7eb3\u5fb7\u00b7\u91cc\u6839\u201d\u53f7\u822a\u6bcd", "offset": 3, "length": 11}]}}, {"sentence": "\u5c31\u5728\u4e0a\u4e2a\u6708\uff0c\u201c\u7f57\u7eb3\u5fb7\u00b7\u91cc\u6839\u201d\u53f7\u822a\u6bcd\u548c\u201c\u5c3c\u7c73\u5179\u201d\u53f7\u822a\u6bcd\u57287\u67086\u65e5\u548c7\u670817\u65e5\u4e24\u6b21\u4e3e\u884c\u53cc\u822a\u6bcd\u6f14\u4e60\u3002", "events": [], "arguments": {"time": [{"text": "7\u67086\u65e5", "offset": 27, "length": 4}, {"text": "7\u670817\u65e5", "offset": 32, "length": 5}], "loc": [], "country": [], "weapon": [{"text": "\u201c\u7f57\u7eb3\u5fb7\u00b7\u91cc\u6839\u201d\u53f7\u822a\u6bcd", "offset": 6, "length": 11}, {"text": "\u201c\u5c3c\u7c73\u5179\u201d\u53f7\u822a\u6bcd", "offset": 18, "length": 8}]}}, {"sentence": "\u4e2d\u56fd\u4eba\u6c11\u5927\u5b66\u56fd\u9645\u5173\u7cfb\u5b66\u9662\u526f\u9662\u957f\u91d1\u707f\u83638\u670815\u65e5\u5728\u63a5\u53d7\u73af\u7403\u7f51\u8bb0\u8005\u91c7\u8bbf\u65f6\u8868\u793a\uff0c\u7f8e\u56fd\u5728\u5357\u6d77\u3001\u4e1c\u6d77\u519b\u4e8b\u52a8\u4f5c\u5f88\u591a\uff0c\u800c\u4e14\u529b\u5ea6\u6bd4\u8f83\u5927\uff0c\u7ecf\u5e38\u51fa\u73b0\u201c\u53cc\u822a\u6bcd\u6f14\u4e60\u73b0\u8c61\u201d\uff0c\u91cc\u6839\u53f7\u518d\u5165\u5357\u6d77\u53ef\u4ee5\u89c6\u4e3a\u6700\u8fd1\u4e00\u7cfb\u5217\u519b\u4e8b\u52a8\u4f5c\u7684\u5ef6\u7eed\u3002", "events": [], "arguments": {"time": [{"text": "8\u670815\u65e5", "offset": 18, "length": 5}], "loc": [], "country": [], "weapon": []}}, {"sentence": "\u7f8e\u56fd\u5bf9\u4e2d\u56fd\u654c\u610f\u5f88\u91cd\uff0c\u7f8e\u56fd\u5a92\u4f53\u4eba\u731c\u6d4b\uff0c\u9274\u4e8e\u5927\u9009\u7b49\u65b9\u9762\u56e0\u7d20\uff0c\u7279\u6717\u666e\u653f\u5e9c\u4f1a\u4e0d\u65ad\u7092\u4f5c\u5916\u4ea4\u8bae\u9898\uff0c\u5176\u4e2d\u5305\u62ec\u4e2d\u7f8e\u5173\u7cfb\u7b49\u3002", "events": [], "arguments": {"time": [], "loc": [], "country": [], "weapon": []}}, {"sentence": "\u56e0\u6b64\uff0c\u7f8e\u56fd\u5728\u4e1c\u6d77\u3001\u5357\u6d77\u95ee\u9898\u4e0a\u9891\u9891\u201c\u60f9\u4e8b\u201d\uff0c\u4ece\u67d0\u79cd\u7a0b\u5ea6\u4e0a\u6765\u8bf4\uff0c\u8fd9\u662f\u4e00\u79cd\u5fc5\u7136\u73b0\u8c61\u3002", "events": [], "arguments": {"time": [], "loc": [], "country": [], "weapon": []}}, {"sentence": "\u8c08\u53ca\u7f8e\u56fd\u6b64\u4e3e\u5bf9\u4e2d\u56fd\u7684\u5f71\u54cd\uff0c\u91d1\u707f\u8363\u79f0\uff0c\u8fd9\u65e0\u975e\u662f\u4e00\u79cd\u201c\u653f\u6cbb\u5ba3\u8a93\u201d\uff0c\u5e76\u4e0d\u662f\u5177\u6709\u5b9e\u8d28\u6027\u610f\u4e49\u7684\u52a8\u4f5c\u3002", "events": [], "arguments": {"time": [], "loc": [], "country": [], "weapon": []}}, {"sentence": "\u5bf9\u4e8e\u8fd9\u4e00\u52a8\u4f5c\uff0c\u6211\u4eec\u8981\u8b66\u60d5\u3001\u8981\u5173\u6ce8\uff0c\u4f46\u662f\u6ca1\u6709\u5fc5\u8981\u7d27\u5f20\u3002", "events": [], "arguments": {"time": [], "loc": [], "country": [], "weapon": []}}, {"sentence": "\u8b66\u60d5\u800c\u4e0d\u7d27\u5f20\uff0c\u5e94\u8be5\u662f\u8fd9\u6837\u4e00\u79cd\u6001\u5ea6\u3002", "events": [], "arguments": {"time": [], "loc": [], "country": [], "weapon": []}}, {"sentence": "\u5bf9\u4e8e\u7f8e\u519b\u8230\u673a\u7684\u62b5\u8fd1\u884c\u4e3a\uff0c\u5927\u9646\u56fd\u9632\u90e8\u65b0\u95fb\u53d1\u8a00\u4eba\u5434\u8c26\u5927\u6821\u66fe\u8868\u793a\uff0c\u5f53\u524d\uff0c\u5728\u5730\u533a\u56fd\u5bb6\u7684\u5171\u540c\u52aa\u529b\u4e0b\uff0c\u4e1c\u6d77\u3001\u5357\u6d77\u7684\u5c40\u52bf\u603b\u4f53\u662f\u7a33\u5b9a\u7684\u3002", "events": [], "arguments": {"time": [], "loc": [], "country": [], "weapon": [{"text": "\u8230\u673a", "offset": 4, "length": 2}]}}, {"sentence": "\u8fd9\u5145\u5206\u8bf4\u660e\u57df\u5185\u56fd\u5bb6\u6709\u667a\u6167\u3001\u6709\u80fd\u529b\u3001\u6709\u529e\u6cd5\u901a\u8fc7\u76f4\u63a5\u8c08\u5224\u534f\u5546\uff0c\u59a5\u5904\u5206\u6b67\uff0c\u5171\u62a4\u548c\u5e73\u3002", "events": [], "arguments": {"time": [], "loc": [], "country": [], "weapon": []}}, {"sentence": "\u53cd\u89c2\u4f5c\u4e3a\u57df\u5916\u56fd\u5bb6\u7684\u7f8e\u56fd\uff0c\u6253\u7740\u6240\u8c13\u201c\u822a\u884c\u81ea\u7531\u201d\u7684\u5e4c\u5b50\uff0c\u6d3e\u519b\u7528\u8230\u673a\u6765\u4e1c\u6d77\u3001\u5357\u6d77\u6311\u8845\uff0c\u5bf9\u4e2d\u65b9\u5b9e\u65bd\u9ad8\u9891\u5ea6\u62b5\u8fd1\u4fa6\u5bdf\uff0c\u4e3e\u884c\u9488\u5bf9\u6027\u6781\u5f3a\u7684\u519b\u4e8b\u6f14\u4e60\uff0c\u4e25\u91cd\u5371\u5bb3\u5730\u533a\u56fd\u5bb6\u7684\u4e3b\u6743\u4e0e\u5b89\u5168\u5229\u76ca\uff0c\u4e25\u91cd\u7834\u574f\u672c\u5730\u533a\u7684\u548c\u5e73\u7a33\u5b9a\u3002", "events": [], "arguments": {"time": [], "loc": [], "country": [], "weapon": []}}, {"sentence": "\u4e2d\u56fd\u5916\u4ea4\u90e8\u53d1\u8a00\u4eba\u8d75\u7acb\u575a\u6b64\u524d\u4e5f\u66fe\u8868\u793a\uff0c\u5f53\u524d\u5728\u4e2d\u56fd\u548c\u4e1c\u76df\u56fd\u5bb6\u7684\u5171\u540c\u52aa\u529b\u4e0b\uff0c\u5357\u6d77\u5c40\u52bf\u4fdd\u6301\u603b\u4f53\u7a33\u5b9a\u3001\u5411\u597d\u53d1\u5c55\u3002", "events": [], "arguments": {"time": [], "loc": [], "country": [], "weapon": []}}, {"sentence": "\u5728\u6b64\u5f62\u52bf\u4e0b\uff0c\u7f8e\u56fd\u84c4\u610f\u6d3e\u91cd\u5175\u5728\u5357\u6d77\u6709\u5173\u6d77\u57df\u8fdb\u884c\u5927\u89c4\u6a21\u519b\u6f14\uff0c\u70ab\u8000\u6b66\u529b\uff0c\u5b8c\u5168\u662f\u522b\u6709\u7528\u5fc3\u3002", "events": [], "arguments": {"time": [], "loc": [], "country": [], "weapon": []}}, {"sentence": "\u7f8e\u65b9\u7684\u884c\u5f84\u4e00\u518d\u6311\u62e8\u79bb\u95f4\u5730\u533a\u56fd\u5bb6\u95f4\u5173\u7cfb\uff0c\u63a8\u52a8\u5357\u6d77\u519b\u4e8b\u5316\uff0c\u7834\u574f\u5357\u6d77\u5730\u533a\u548c\u5e73\u4e0e\u7a33\u5b9a\u3002", "events": [], "arguments": {"time": [], "loc": [], "country": [], "weapon": []}}, {"sentence": "\u56fd\u9645\u793e\u4f1a\u7279\u522b\u662f\u672c\u5730\u533a\u56fd\u5bb6\uff0c\u5bf9\u6b64\u770b\u5f97\u6e05\u6e05\u695a\u695a\u3002", "events": [], "arguments": {"time": [], "loc": [], "country": [], "weapon": []}}]