[{"sentence": "\u4fc4\u526f\u9632\u957f\uff1a\u6539\u8fdb\u578b\u56fe-160\u6218\u7565\u8f70\u70b8\u673a\u5c06\u4e8e2021\u5e74\u4ea4\u4ed8\u90e8\u961f", "events": [{"trigger": {"text": "\u4ea4\u4ed8", "offset": 25, "length": 2}, "subject": {"text": "\u6539\u8fdb\u578b\u56fe-160\u6218\u7565\u8f70\u70b8\u673a", "offset": 5, "length": 13}, "object": {"text": "\u90e8\u961f", "offset": 27, "length": 2}}], "arguments": {"time": [{"text": "2021\u5e74", "offset": 20, "length": 5}], "loc": [], "country": [{"text": "\u4fc4", "offset": 0, "length": 1}], "weapon": [{"text": "\u6539\u8fdb\u578b\u56fe-160\u6218\u7565\u8f70\u70b8\u673a", "offset": 5, "length": 13}]}}, {"sentence": "\u3010\u73af\u7403\u7f51\u519b\u4e8b\u62a5\u9053\u3011", "events": [], "arguments": {"time": [], "loc": [], "country": [], "weapon": []}}, {"sentence": "\u514b\u91cc\u6c83\u9c81\u5947\u79d1\u5728\u63a5\u53d7\u91c7\u8bbf\u65f6\u79f0\uff1a\u201c\u4ea4\u4ed8\u56fe-160\u6218\u7565\u8f70\u70b8\u673a\u5c06\u5b8c\u5584", "events": [], "arguments": {"time": [], "loc": [], "country": [], "weapon": [{"text": "\u56fe-160\u6218\u7565\u8f70\u70b8\u673a", "offset": 17, "length": 10}]}}, {"sentence": "\uff08\u4fc4\u7f57\u65af\uff09", "events": [], "arguments": {"time": [], "loc": [], "country": [{"text": "\u4fc4\u7f57\u65af", "offset": 1, "length": 3}], "weapon": []}}, {"sentence": "\u4e09\u4f4d\u4e00\u4f53\u6838\u529b\u91cf\u7684\u7a7a\u57fa\u90e8\u5206\u3002", "events": [], "arguments": {"time": [], "loc": [], "country": [], "weapon": []}}, {"sentence": "\uff08\u8be5\u673a\uff09", "events": [], "arguments": {"time": [], "loc": [], "country": [], "weapon": []}}, {"sentence": "\u4fc4\u7f57\u65af\u56fd\u9632\u90e8\u957f\u8c22\u5c14\u76d6\u00b7\u7ecd\u4f0a\u53e4\u6b64\u524d\u8868\u793a\uff0c\u8ba1\u52122021\u5e74\u5f00\u59cb\u5bf9\u6539\u8fdb\u578b\u56fe-160\u6218\u7565\u8f70\u70b8\u673a\u8fdb\u884c\u56fd\u5bb6\u8bd5\u9a8c\u3002", "events": [{"trigger": {"text": "\u8bd5\u9a8c", "offset": 46, "length": 2}, "subject": {"text": "\u4fc4\u7f57\u65af", "offset": 0, "length": 3}, "object": {"text": "\u6539\u8fdb\u578b\u56fe-160\u6218\u7565\u8f70\u70b8\u673a", "offset": 29, "length": 13}}], "arguments": {"time": [{"text": "2021\u5e74", "offset": 21, "length": 5}], "loc": [], "country": [{"text": "\u4fc4\u7f57\u65af", "offset": 0, "length": 3}], "weapon": [{"text": "\u6539\u8fdb\u578b\u56fe-160\u6218\u7565\u8f70\u70b8\u673a", "offset": 29, "length": 13}]}}, {"sentence": "\u4fc4\u7f57\u65af\u56fe-160M\u662f\u4e00\u6b3e\u6df1\u5165\u6539\u8fdb\u578b\u6218\u7565\u8f70\u70b8\u673a\uff0c2020\u5e742\u67082\u65e5\u5b8c\u6210\u9996\u98de\u3002", "events": [{"trigger": {"text": "\u9996\u98de", "offset": 34, "length": 2}, "subject": {"text": "\u4fc4\u7f57\u65af", "offset": 0, "length": 3}, "object": {"text": "\u56fe-160M", "offset": 3, "length": 6}}], "arguments": {"time": [{"text": "2020\u5e742\u67082\u65e5", "offset": 23, "length": 9}], "loc": [], "country": [{"text": "\u4fc4\u7f57\u65af", "offset": 0, "length": 3}], "weapon": [{"text": "\u56fe-160M", "offset": 3, "length": 6}, {"text": "\u6539\u8fdb\u578b\u6218\u7565\u8f70\u70b8\u673a", "offset": 14, "length": 8}, {"text": "\u6539\u8fdb\u578b\u6218\u7565\u8f70\u70b8\u673a", "offset": 0, "length": 8}]}}]