[{"sentence": "\u5370\u5ea6\u9996\u62795\u67b6\u9635\u98ce\u6218\u6597\u673a\u5230\u8d27\u540e\u00a0\u7f8e\u5a92\u4e00\u987f\u65e0\u60c5\u5410\u69fd\u2026\u2026", "events": [], "arguments": {"time": [], "loc": [], "country": [], "weapon": [{"text": "\u9635\u98ce\u6218\u6597\u673a", "offset": 6, "length": 5}]}}, {"sentence": "\u3010\u73af\u7403\u7f51\u62a5\u9053 \u8bb0\u8005 \u5f90\u7490\u660e\u3011", "events": [], "arguments": {"time": [], "loc": [], "country": [], "weapon": []}}, {"sentence": "\u7f8e\u56fd\u300a\u56fd\u5bb6\u5229\u76ca\u300b\u6742\u5fd7\u7f51\u7ad98\u67083\u65e5\u53d1\u8868\u9898\u4e3a\u300a\u4e3a\u4ec0\u4e48\u5370\u5ea6\u519b\u961f\u5f97\u4e0d\u5230\u5b83\u9700\u8981\u7684\u6b66\u5668\u300b\u7684\u6587\u7ae0\uff0c\u901a\u8fc7\u591a\u4e2a\u5b9e\u4f8b\u6307\u51fa\u4e86\u5370\u5ea6\u73b0\u6709\u56fd\u9632\u91c7\u8d2d\u673a\u5236\u4e0a\u5b58\u5728\u7684\u95ee\u9898\u3002", "events": [], "arguments": {"time": [], "loc": [], "country": [], "weapon": []}}, {"sentence": "\u62a5\u9053\u79f0\uff0c\u5370\u5ea6\u4ece\u6cd5\u56fd\u8d2d\u4e70\u768436\u67b6\u201c\u9635\u98ce\u201d\u6218\u6597\u673a\u4e2d\u7684\u524d5\u67b6\u5df2\u7ecf\u4e8e7\u6708\u5e95\u62b5\u8fbe\u5370\u5ea6\u5317\u90e8\u7684\u5b89\u5df4\u62c9\u7a7a\u519b\u57fa\u5730\u3002", "events": [], "arguments": {"time": [], "loc": [], "country": [], "weapon": [{"text": "\u201c\u9635\u98ce\u201d\u6218\u6597\u673a", "offset": 15, "length": 7}]}}, {"sentence": "\u8fd9\u6279\u201c\u9635\u98ce\u201d\u6218\u6597\u673a\u662f\u57282016\u5e74\u8d2d\u4e70\u7684\uff0c\u4f46\u5176\u5b9e\u6700\u521d\u7684\u91c7\u8d2d\u62db\u6807\u57282000\u5e74\u5c31\u5df2\u7ecf\u5f00\u59cb\uff0c\u5370\u519b\u6700\u521d\u7684\u9700\u6c42\u662f\u5f15\u8fdb126\u67b6\u4e2d\u578b\u591a\u7528\u9014\u6218\u6597\u673a\u3002", "events": [], "arguments": {"time": [], "loc": [], "country": [], "weapon": [{"text": "\u201c\u9635\u98ce\u201d\u6218\u6597\u673a", "offset": 2, "length": 7}, {"text": "\u4e2d\u578b\u591a\u7528\u9014\u6218\u6597\u673a", "offset": 56, "length": 8}]}}, {"sentence": "\u5370\u5ea6\u98de\u884c\u5458\u9a7e\u9a76\u201c\u9635\u98ce\u201d\u6218\u6597\u673a\u98de\u62b5\u5b89\u5df4\u62c9\u7a7a\u519b\u57fa\u5730", "events": [], "arguments": {"time": [], "loc": [], "country": [], "weapon": [{"text": "\u201c\u9635\u98ce\u201d\u6218\u6597\u673a", "offset": 7, "length": 7}]}}, {"sentence": "\u62a5\u9053\u8ba4\u4e3a\uff0c\u8fd9\u4e9b\u6218\u6597\u673a\u6781\u5176\u7f13\u6162\u7684\u91c7\u8d2d\u8fc7\u7a0b\u662f\u5370\u5ea6\u56fd\u9632\u91c7\u8d2d\u8fc7\u7a0b\u5b58\u5728\u7f3a\u9677\u7684\u7f29\u5f71\uff0c\u8fd9\u9879\u91c7\u8d2d\u662f\u5982\u6b64\u7684\u62d6\u6c93\u3001\u7e41\u7410\u548c\u65f7\u65e5\u6301\u4e45\uff0c\u5f88\u53ef\u80fd\u4f1a\u5371\u53ca\u5370\u5ea6\u7684\u56fd\u5bb6\u5b89\u5168\u3002", "events": [], "arguments": {"time": [], "loc": [], "country": [], "weapon": [{"text": "\u6218\u6597\u673a", "offset": 7, "length": 3}]}}, {"sentence": "\u4e0d\u5e78\u7684\u662f\uff0c\u201c\u9635\u98ce\u201d\u6218\u6597\u673a\u7684\u91c7\u8d2d\u5386\u7a0b\u53ea\u662f\u56f0\u6270\u5370\u5ea6\u5f15\u8fdb\u6b66\u5668\u96be\u9898\u7684\u4e00\u4e2a\u4f8b\u5b50\u3002", "events": [], "arguments": {"time": [], "loc": [], "country": [], "weapon": [{"text": "\u201c\u9635\u98ce\u201d\u6218\u6597\u673a", "offset": 5, "length": 7}]}}, {"sentence": "\u5370\u5ea6\u519b\u961f\u6025\u9700\u5f15\u8fdb\u4e00\u7cfb\u5217\u5176\u4ed6\u6b66\u5668\uff0c\u4f46\u5374\u4ecd\u53d7\u56f0\u4e8e\u5b98\u50da\u4e3b\u4e49\u7684\u74f6\u9888\u3002", "events": [], "arguments": {"time": [], "loc": [], "country": [], "weapon": []}}, {"sentence": "\u300a\u56fd\u5bb6\u5229\u76ca\u300b\u5217\u4e3e\u4e86\u5370\u5ea6\u7a7a\u519b\u8d2d\u4e70\u52a0\u6cb9\u673a\u7684\u4e8b\u4f8b\uff0c\u8fd9\u4e00\u8fdb\u7a0b\u5df2\u7ecf\u6301\u7eed\u4e8614\u5e74\u4e4b\u4e45\uff0c\u800c\u5370\u5ea6\u7a7a\u519b\u4ecd\u65e0\u6cd5\u4e70\u5230\u8ba1\u5212\u4e2d\u76846\u67b6\u7a7a\u4e2d\u52a0\u6cb9\u673a\u3002", "events": [], "arguments": {"time": [], "loc": [], "country": [], "weapon": [{"text": "\u7a7a\u4e2d\u52a0\u6cb9\u673a", "offset": 53, "length": 5}]}}, {"sentence": "\u7a7a\u5ba2\u7684A330\u52a0\u6cb9\u673a\u66fe\u4e24\u6b21\u5165\u56f4\u7ade\u6807\uff0c\u4f46\u5370\u5ea6\u6700\u7ec8\u64a4\u56de\u4e86\u6295\u6807\u8bf7\u6c42\u3002", "events": [], "arguments": {"time": [], "loc": [], "country": [], "weapon": [{"text": "A330\u52a0\u6cb9\u673a", "offset": 3, "length": 7}]}}, {"sentence": "2018\u5e74\u5370\u5ea6\u7a7a\u519b\u518d\u6b21\u53d1\u5e03\u91c7\u8d2d\u9700\u6c42\uff0c\u6ce2\u97f3\u516c\u53f8\u7684KC-46A\u52a0\u6cb9\u673a\u52a0\u5165\u4e86\u4e0e\u7a7a\u5ba2\u52a0\u6cb9\u673a\u7684\u7ade\u4e89\u3002", "events": [], "arguments": {"time": [], "loc": [], "country": [], "weapon": [{"text": "KC-46A\u52a0\u6cb9\u673a", "offset": 23, "length": 9}, {"text": "\u7a7a\u5ba2\u52a0\u6cb9\u673a", "offset": 36, "length": 5}]}}, {"sentence": "\u7136\u800c\u7531\u4e8e\u5370\u5ea6\u9884\u7b97\u6709\u9650\uff0c\u5f88\u53ef\u80fd\u4f1a\u8f6c\u4e3a\u9009\u62e9\u79df\u7528\u52a0\u6cb9\u673a\u3002", "events": [], "arguments": {"time": [], "loc": [], "country": [], "weapon": [{"text": "\u52a0\u6cb9\u673a", "offset": 21, "length": 3}]}}, {"sentence": "\u8ba9\u5370\u5ea6\u56fd\u9632\u91c7\u8d2d\u7cfb\u7edf\u201c\u5d29\u6e83\u201d\u7684\u53e6\u4e00\u4e2a\u4f8b\u5b50\u662f\u5370\u5ea6\u5728\u672c\u571f\u5efa\u9020\u7684\u4ece\u6cd5\u56fd\u5f15\u8fdb\u7684\u201c\u9c89\u9c7c\u201d\u7ea7\u6f5c\u8247\uff0c\u8fd9\u4e9b\u65b0\u578b\u6f5c\u5728\u5728\u670d\u5f79\u65f6\u5374\u6ca1\u6709\u914d\u5907\u4e3b\u8981\u6b66\u5668\u2014\u2014\u9c7c\u96f7\u3002", "events": [], "arguments": {"time": [], "loc": [], "country": [], "weapon": [{"text": "\u201c\u9c89\u9c7c\u201d\u7ea7\u6f5c\u8247", "offset": 34, "length": 7}, {"text": "\u96f7", "offset": 0, "length": 1}]}}, {"sentence": "\u5370\u5ea6\u53d6\u6d88\u4e86\u8d2d\u4e70\u610f\u5927\u5229\u6c34\u4e0b\u9632\u52a1\u7cfb\u7edf\u8bbe\u5907\u516c\u53f8\uff08WASS\uff09\u7814\u53d1\u7684\u201c\u9ed1\u9ca8\u201d\u91cd\u578b\u9c7c\u96f7\uff0c\u56e0\u4e3a\u8be5\u516c\u53f8\u6bcd\u516c\u53f8\u963f\u53e4\u65af\u5854-\u7ef4\u65af\u7279\u5170\u56e0\u6d89\u5acc\u76f4\u5347\u673a\u91c7\u8d2d\u8d3f\u8d42\u88ab\u5370\u5ea6\u5217\u5165\u4e86\u9ed1\u540d\u5355\u3002", "events": [], "arguments": {"time": [], "loc": [], "country": [], "weapon": [{"text": "\u201c\u9ed1\u9ca8\u201d\u91cd\u578b\u9c7c\u96f7", "offset": 29, "length": 8}]}}, {"sentence": "\u8feb\u4e0d\u5f97\u5df2\u4e4b\u4e0b\u5370\u5ea6\u6d77\u519b\u53ea\u80fd\u4f9d\u97604\u8258\u201c\u897f\u8212\u739b\u201d\u7ea7\u6f5c\u8247\u4e0a\u8001\u65e7\u7684\u5fb7\u5236\u6c34\u96f7\u4f5c\u6218\u3002", "events": [], "arguments": {"time": [], "loc": [], "country": [], "weapon": [{"text": "\u201c\u897f\u8212\u739b\u201d\u7ea7\u6f5c\u8247", "offset": 16, "length": 8}]}}, {"sentence": "\u62a5\u9053\u79f0\uff0c\u5370\u5ea6\u56fd\u9632\u90e8\u5b9a\u671f\u4f1a\u516c\u5e03\u4e00\u9879\u56fd\u9632\u91c7\u8d2d\u7a0b\u5e8f\uff0c\u4f1a\u5f3a\u8c03\u6b66\u5668\u88c5\u5907\u7684\u672c\u571f\u91c7\u8d2d\u548c\u751f\u4ea7\u3002", "events": [], "arguments": {"time": [], "loc": [], "country": [], "weapon": []}}, {"sentence": "\u7136\u800c\u5728\u9010\u6b65\u63a8\u8fdb\u6b66\u5668\u56fd\u4ea7\u5316\u7684\u8fc7\u7a0b\u4e2d\uff0c\u5370\u5ea6\u56fd\u9632\u90e8\u5f88\u5c11\u4f1a\u5904\u7406\u6210\u672c\u6ea2\u4ef7\u6216\u662f\u4ea7\u80fd\u964d\u4f4e\u7684\u95ee\u9898\u3002", "events": [], "arguments": {"time": [], "loc": [], "country": [], "weapon": []}}, {"sentence": "\u5728\u4e0a\u5468\u5370\u5ea6\u516c\u5e03\u7684\u6700\u65b0\u56fd\u9632\u91c7\u8d2d\u4e2d\uff0c\u4ecd\u7136\u5ffd\u89c6\u4e86\u5370\u5ea6\u7f3a\u4e4f\u6838\u5fc3\u7cfb\u7edf\u5236\u9020\u80fd\u529b\u7684\u95ee\u9898\u3002", "events": [], "arguments": {"time": [], "loc": [], "country": [], "weapon": []}}, {"sentence": "\u540c\u65f6\uff0c\u5370\u5ea6\u8fd8\u65e0\u6cd5\u7cbe\u7b80\u6b66\u5668\u91c7\u8d2d\u6d41\u7a0b\uff0c\u5bfc\u81f4\u5176\u6301\u7eed\u4f9d\u8d56\u653f\u5e9c\u95f4\u7684\u56fd\u9632\u91c7\u8d2d\uff0c\u4ee5\u53ca\u6240\u8c13\u7684\u201c\u7d27\u6025\u91c7\u8d2d\u201d\u65b9\u6848\u3002", "events": [], "arguments": {"time": [], "loc": [], "country": [], "weapon": []}}, {"sentence": "\u8fd9\u5145\u5206\u8bc1\u660e\u4e86\u5728\u73b0\u6709\u7684\u56fd\u9632\u91c7\u8d2d\u5236\u5ea6\u4e4b\u4e0b\uff0c\u5370\u5ea6\u65e0\u6cd5\u4ece\u516c\u5e73\u7ade\u4e89\u7684\u7a0b\u5e8f\u4e2d\u53ca\u65f6\u83b7\u5f97\u6025\u9700\u7684\u6b66\u5668\u88c5\u5907\u3002", "events": [], "arguments": {"time": [], "loc": [], "country": [], "weapon": []}}, {"sentence": "\u62a5\u9053\u8ba4\u4e3a\uff0c\u5370\u5ea6\u76ee\u524d\u9762\u4e34\u7740\u6765\u81ea\u5916\u90e8\u7684\u5b8c\u5168\u5a01\u80c1\uff0c\u8fd9\u4e9b\u5a01\u80c1\u4e0d\u4f1a\u201c\u5947\u8ff9\u822c\u201d\u6d88\u5931\u3002", "events": [], "arguments": {"time": [], "loc": [], "country": [], "weapon": []}}, {"sentence": "\u5982\u679c\u5370\u5ea6\u90e8\u961f\u8be5\u56fd\u201c\u7b28\u62d9\u201d\u7684\u56fd\u9632\u91c7\u8d2d\u673a\u5236\u8fdb\u884c\u91cd\u5927\u91cd\u7ec4\u6539\u9769\uff0c\u90a3\u4e48\u5728\u53ef\u4ee5\u9884\u89c1\u7684\u672a\u6765\uff0c\u5370\u5ea6\u7684\u56fd\u5bb6\u5b89\u5168\u4ecd\u5c06\u6781\u6613\u53d7\u5230\u73b0\u6709\u5a01\u80c1\u7684\u5f71\u54cd\u3002", "events": [], "arguments": {"time": [], "loc": [], "country": [], "weapon": []}}]