[{"sentence": "\u97e9\u56fd\u88ab\u66dd\u518d\u6b21\u8bd5\u5c04\u7384\u6b664\u65b0\u578b\u5f39\u9053\u5bfc\u5f39\u00a0\u9996\u6b21\u8bd5\u5c04\u66fe\u5931\u8d25", "events": [], "arguments": {"time": [], "loc": [], "country": [], "weapon": [{"text": "\u7384\u6b664\u65b0\u578b\u5f39\u9053\u5bfc\u5f39", "offset": 8, "length": 9}]}}, {"sentence": "\u3010\u73af\u7403\u7f51\u62a5\u9053 \u8bb0\u8005 \u5f90\u7490\u660e\u3011", "events": [], "arguments": {"time": [], "loc": [], "country": [], "weapon": []}}, {"sentence": "\u636e\u201c\u9632\u52a1\u535a\u5ba2\u201d\u7f51\u7ad98\u67083\u65e5\u62a5\u9053\uff0c\u97e9\u56fd\u56fd\u9632\u79d1\u5b66\u7814\u7a76\u6240(ADD)\u8fd1\u65e5\u5bf9\u8be5\u56fd\u7814\u53d1\u7684\u201c\u7384\u6b66\u201d-4\u65b0\u578b\u5f39\u9053\u5bfc\u5f39\u8fdb\u884c\u4e86\u4e00\u6b21\u65b0\u7684\u6d4b\u8bd5\u3002", "events": [], "arguments": {"time": [{"text": "8\u67083\u65e5", "offset": 9, "length": 4}], "loc": [{"text": "\u97e9\u56fd\u56fd\u9632\u79d1\u5b66\u7814\u7a76\u6240(ADD)", "offset": 16, "length": 14}], "country": [{"text": "\u97e9\u56fd", "offset": 16, "length": 2}], "weapon": [{"text": "\u201c\u7384\u6b66\u201d-4\u65b0\u578b\u5f39\u9053\u5bfc\u5f39", "offset": 38, "length": 12}]}}, {"sentence": "\u97e9\u519b\u5728\u6f14\u4e60\u4e2d\u53d1\u5c04\u65e9\u671f\u578b\u53f7\u7684\u201c\u7384\u6b66\u201d\u5bfc\u5f39", "events": [], "arguments": {"time": [], "loc": [], "country": [], "weapon": [{"text": "\u201c\u7384\u6b66\u201d\u5bfc\u5f39", "offset": 13, "length": 6}]}}, {"sentence": "\u62a5\u9053\u79f0\uff0c\u6839\u636e\u97e9\u56fd\u6700\u8fd1\u53d1\u5e03\u7684\u7a7a\u57df\u9650\u5236\u901a\u544a\uff0c\u97e9\u56fd\u8fdb\u884c\u4e86\u201c\u7384\u6b66\u201d-4\u5bfc\u5f39\u7684\u8bd5\u5c04\u3002", "events": [{"trigger": {"text": "\u8bd5\u5c04", "offset": 34, "length": 2}, "subject": {"text": "\u97e9\u56fd", "offset": 20, "length": 2}, "object": {"text": "\u201c\u7384\u6b66\u201d-4\u5bfc\u5f39", "offset": 25, "length": 8}}], "arguments": {"time": [], "loc": [], "country": [], "weapon": [{"text": "\u201c\u7384\u6b66\u201d-4\u5bfc\u5f39", "offset": 25, "length": 8}]}}, {"sentence": "\u8fd9\u79cd\u5bfc\u5f39\u7684\u5c04\u7a0b\u53ef\u8fbe800\u516c\u91cc\uff0c\u6709\u6548\u8f7d\u8377\u8fbe\u52302\u5428\uff0c\u53ef\u7528\u4e8e\u6467\u6bc1\u6df1\u57cb\u5730\u4e0b\u7684\u575a\u56fa\u76ee\u6807\uff0c\u5982\u5730\u4e0b\u6307\u6325\u6240\u7b49\u3002", "events": [], "arguments": {"time": [], "loc": [], "country": [], "weapon": [{"text": "\u5bfc\u5f39", "offset": 2, "length": 2}]}}, {"sentence": "\u201c\u7384\u6b66\u201d-4\u5bfc\u5f39\u7684\u7814\u5236\u59cb\u4e8e2017\u5e74\uff0c\u5f53\u65f6\u7f8e\u56fd\u53d6\u6d88\u4e86\u5bf9\u97e9\u56fd\u7814\u5236\u5f39\u9053\u5bfc\u5f39\u7684\u5f39\u5934\u91cd\u91cf\u9650\u5236\u3002", "events": [], "arguments": {"time": [], "loc": [], "country": [], "weapon": [{"text": "\u201c\u7384\u6b66\u201d-4\u5bfc\u5f39", "offset": 0, "length": 8}, {"text": "\u5f39\u9053\u5bfc\u5f39", "offset": 31, "length": 4}]}}, {"sentence": "\u97e9\u56fd\u5728\u4eca\u5e743\u670824\u65e5\u9996\u6b21\u8bd5\u5c04\u4e86\u8fd9\u6b3e\u65b0\u578b\u5bfc\u5f39\uff0c\u4f46\u76f8\u5173\u7684\u8bd5\u5c04\u6d88\u606f\u76f4\u52305\u67086\u65e5\u624d\u516c\u5e03\u3002", "events": [], "arguments": {"time": [], "loc": [], "country": [], "weapon": []}}, {"sentence": "\u4e0d\u8fc7\u4e00\u540d\u97e9\u56fd\u519b\u5b98\u66fe\u57285\u670810\u65e5\u8bc1\u5b9e\uff0c\u201c\u7384\u6b66\u201d-4\u5bfc\u5f39\u7684\u9996\u6b21\u8bd5\u5c04\u53d1\u5c04\u4e86\u4e24\u679a\u5bfc\u5f39\uff0c\u5176\u4e2d\u4e00\u679a\u5931\u8d25\u3002", "events": [], "arguments": {"time": [], "loc": [], "country": [], "weapon": [{"text": "\u201c\u7384\u6b66\u201d-4\u5bfc\u5f39", "offset": 18, "length": 8}]}}, {"sentence": "\u53d1\u5c04\u5931\u8d25\u7684\u5177\u4f53\u539f\u56e0\u6ca1\u6709\u516c\u5f00\u3002", "events": [], "arguments": {"time": [], "loc": [], "country": [], "weapon": []}}]