[{"sentence": "\u7f8e\u56fd\u5c06\u5f15\u8fdb\u4ee5\u8272\u5217\u201c\u94c1\u7a79\u201d\u53cd\u5bfc\u7cfb\u7edf\u00a0\u00a0\u4e3a\u8be5\u7cfb\u7edf\u9996\u6b21\u90e8\u7f72\u4ee5\u8272\u5217\u4ee5\u5916\u56fd\u5bb6", "events": [{"trigger": {"text": "\u5f15\u8fdb", "offset": 3, "length": 2}, "subject": {"text": "\u7f8e\u56fd", "offset": 0, "length": 2}, "object": {"text": "\u4ee5\u8272\u5217\u201c\u94c1\u7a79\u201d\u53cd\u5bfc\u7cfb\u7edf", "offset": 5, "length": 11}}], "arguments": {"time": [], "loc": [], "country": [], "weapon": [{"text": "\u201c\u94c1\u7a79\u201d\u53cd\u5bfc\u7cfb\u7edf", "offset": 8, "length": 8}]}}, {"sentence": "\u3010\u73af\u7403\u7f51\u62a5\u9053 \u89c1\u4e60\u8bb0\u8005 \u9a6c\u5ca9\u3011", "events": [], "arguments": {"time": [], "loc": [], "country": [], "weapon": []}}, {"sentence": "\u636e\u300a\u9632\u52a1\u65b0\u95fb\u300b\u7f51\u7ad98\u67083\u65e5\u62a5\u9053\uff0c\u7f8e\u56fd\u96f7\u795e\u516c\u53f8\u548c\u4ee5\u8272\u5217\u62c9\u6590\u5c14\u516c\u53f8\u5f53\u5929\u5ba3\u5e03\u6210\u7acb\u5408\u8d44\u516c\u53f8\uff0c\u5728\u7f8e\u56fd\u5efa\u8bbe\u201c\u94c1\u7a79\u201d\u5bfc\u5f39\u9632\u5fa1\u7cfb\u7edf\u3002", "events": [], "arguments": {"time": [{"text": "8\u67083\u65e5", "offset": 9, "length": 4}], "loc": [], "country": [], "weapon": [{"text": "\u201c\u94c1\u7a79\u201d\u5bfc\u5f39\u9632\u5fa1\u7cfb\u7edf", "offset": 47, "length": 10}]}}, {"sentence": "\u62a5\u9053\u79f0\uff0c\u53cc\u65b9\u7684\u5408\u8d44\u516c\u53f8\u5c06\u5728\u7f8e\u56fd\u5efa\u8bbe\u529f\u80fd\u9f50\u5168\u7684\u201c\u94c1\u7a79\u201d\u53cd\u5bfc\u7cfb\u7edf\uff0c\u5c06\u5305\u542b\u201c\u5854\u7c73\u5c14\u201d\u62e6\u622a\u5668\u548c\u53d1\u5c04\u88c5\u7f6e\u3001\u201c\u5929\u730e\u4eba\u201d\u62e6\u622a\u5f39\uff08\u7f8e\u56fd\u7248\u7684\u201c\u5854\u7c73\u5c14\u201d\u62e6\u622a\u5f39\uff09\u7b49\u3002", "events": [], "arguments": {"time": [], "loc": [{"text": "\u5728\u7f8e\u56fd", "offset": 12, "length": 3}], "country": [{"text": "\u7f8e\u56fd", "offset": 57, "length": 2}], "weapon": [{"text": "\u201c\u94c1\u7a79\u201d\u53cd\u5bfc\u7cfb\u7edf", "offset": 22, "length": 8}, {"text": "\u201c\u5929\u730e\u4eba\u201d\u62e6\u622a\u5f39", "offset": 48, "length": 8}, {"text": "\u201c\u5854\u7c73\u5c14\u201d\u62e6\u622a\u5f39", "offset": 61, "length": 8}]}}, {"sentence": "\u201c\u5854\u7c73\u5c14\u201d\u548c\u201c\u5929\u730e\u4eba\u201d\u62e6\u622a\u5f39\u53ef\u4ee5\u62e6\u622a\u5de1\u822a\u5bfc\u5f39\u3001\u65e0\u4eba\u673a\u3001\u706b\u7bad\u5f39\u3001\u8feb\u51fb\u70ae\u5f39\u7b49\u76ee\u6807\u3002", "events": [], "arguments": {"time": [], "loc": [], "country": [], "weapon": [{"text": "\u201c\u5854\u7c73\u5c14\u201d", "offset": 0, "length": 5}, {"text": "\u201c\u5929\u730e\u4eba\u201d\u62e6\u622a\u5f39", "offset": 6, "length": 8}, {"text": "\u5de1\u822a\u5bfc\u5f39", "offset": 18, "length": 4}, {"text": "\u65e0\u4eba\u673a", "offset": 23, "length": 3}, {"text": "\u706b\u7bad\u5f39", "offset": 27, "length": 3}, {"text": "\u8feb\u51fb\u70ae\u5f39", "offset": 31, "length": 4}]}}, {"sentence": "\u96f7\u795e\u548c\u62c9\u6590\u5c14\u5728\u7814\u5236\u201c\u94c1\u7a79\u201d\u7cfb\u7edf\u65b9\u9762\u6709\u957f\u671f\u7684\u5408\u4f5c\uff0c\u8be5\u7cfb\u7edf\u5df2\u88ab\u5e7f\u6cdb\u90e8\u7f72\u5728\u4ee5\u8272\u5217\u3002", "events": [], "arguments": {"time": [], "loc": [], "country": [], "weapon": [{"text": "\u201c\u94c1\u7a79\u201d\u7cfb\u7edf", "offset": 9, "length": 6}]}}, {"sentence": "\u62c9\u6590\u5c14\u516c\u53f8\u8868\u793a\uff0c\u8be5\u7cfb\u7edf\u5df2\u7ecf\u8fdb\u884c\u8fc72500\u6b21\u4ee5\u4e0a\u7684\u5b9e\u6218\u62e6\u622a\uff0c\u6210\u529f\u7387\u8d85\u8fc790%\u3002", "events": [], "arguments": {"time": [], "loc": [], "country": [], "weapon": []}}, {"sentence": "\u7f8e\u56fd\u9646\u519b\u8ba1\u5212\u5728\u4eca\u5e74\u5e74\u5e95\u90e8\u7f72\u201c\u94c1\u7a79\u201d\u7cfb\u7edf\uff0c\u5728\u90e8\u7f72\u524d\u5c06\u5bf9\u64cd\u4f5c\u5458\u8fdb\u884c\u8bad\u7ec3\u3002", "events": [], "arguments": {"time": [], "loc": [], "country": [], "weapon": [{"text": "\u201c\u94c1\u7a79\u201d\u7cfb\u7edf", "offset": 13, "length": 6}]}}, {"sentence": "\u4e00\u4e9b\u56fd\u4f1a\u8bae\u5458\u5efa\u8bae\u8fc5\u901f\u628a\u8be5\u7cfb\u7edf\u90e8\u7f72\u5230\u4e2d\u4e1c\u5730\u533a\uff0c\u4ee5\u4fdd\u62a4\u7f8e\u56fd\u53ca\u76df\u53cb\u514d\u53d7\u201c\u4f0a\u6717\u53ca\u5176\u4ee3\u7406\u4eba\u7684\u653b\u51fb\u201d\u3002", "events": [], "arguments": {"time": [], "loc": [], "country": [], "weapon": []}}, {"sentence": "\u516c\u5f00\u8d44\u6599\u663e\u793a\uff0c\u201c\u94c1\u7a79\u201d\u9632\u5fa1\u7cfb\u7edf\u662f\u4ee5\u8272\u5217\u56fd\u6709\u519b\u5de5\u4f01\u4e1a\u62c9\u6590\u5c14\u56fd\u9632\u7cfb\u7edf\u516c\u53f8\u7814\u53d1\u7684\u5168\u5929\u5019\u3001\u673a\u52a8\u578b\u706b\u7bad\u62e6\u622a\u7cfb\u7edf\uff0c\u4e3b\u8981\u7528\u4e8e\u62e6\u622a\u201c\u5580\u79cb\u838e\u201d\u548c\u201c\u5361\u6851\u706b\u7bad\u70ae\u201d\u7b49\u5c04\u7a0b\u57285\u81f370\u516c\u91cc\u5185\u7684\u706b\u7bad\u5f39\u3001\u706b\u70ae\u3001\u8feb\u51fb\u70ae\u3001\u52a0\u519c\u70ae\u3001\u69b4\u5f39\u70ae\u3001\u77ed\u7a0b\u5bfc\u5f39\u3002", "events": [], "arguments": {"time": [], "loc": [], "country": [], "weapon": [{"text": "\u201c\u94c1\u7a79\u201d\u9632\u5fa1\u7cfb\u7edf", "offset": 7, "length": 8}, {"text": "\u201c\u5580\u79cb\u838e\u201d", "offset": 57, "length": 5}, {"text": "\u201c\u5361\u6851\u706b\u7bad\u70ae\u201d", "offset": 63, "length": 7}, {"text": "\u706b\u7bad\u5f39", "offset": 82, "length": 3}, {"text": "\u706b\u70ae", "offset": 86, "length": 2}, {"text": "\u8feb\u51fb\u70ae", "offset": 89, "length": 3}, {"text": "\u52a0\u519c\u70ae", "offset": 93, "length": 3}, {"text": "\u69b4\u5f39\u70ae", "offset": 97, "length": 3}, {"text": "\u77ed\u7a0b\u5bfc\u5f39", "offset": 101, "length": 4}]}}, {"sentence": "\u6574\u4e2a\u7cfb\u7edf\u7531\u53d1\u5c04\u3001\u96f7\u8fbe\u3001\u64cd\u63a7\u548c\u76d1\u6d4b\u7b49\u88c5\u7f6e\u7ec4\u6210\uff0c\u53ef\u81ea\u52a8\u63a2\u6d4b\u6765\u88ad\u706b\u7bad\u5f39\u5e76\u53d1\u5c04\u5bfc\u5f39\u5728\u7a7a\u4e2d\u8fdb\u884c\u62e6\u622a\u3002", "events": [], "arguments": {"time": [], "loc": [], "country": [], "weapon": [{"text": "\u96f7\u8fbe", "offset": 8, "length": 2}, {"text": "\u706b\u7bad\u5f39", "offset": 29, "length": 3}, {"text": "\u5bfc\u5f39", "offset": 35, "length": 2}]}}, {"sentence": "\uff08\u5b8c\uff09", "events": [], "arguments": {"time": [], "loc": [], "country": [], "weapon": []}}, {"sentence": "\uff08\u5b8c\uff09", "events": [], "arguments": {"time": [], "loc": [], "country": [], "weapon": []}}]