[{"sentence": "\u585e\u5c14\u7ef4\u4e9a\u91c7\u8d2d\u4e2d\u56fdFK-3\u9632\u7a7a\u5bfc\u5f39 \u4e0a\u6708\u521a\u63a5\u6536\u4e86CH-92A\u65e0\u4eba\u673a", "events": [{"trigger": {"text": "\u91c7\u8d2d", "offset": 4, "length": 2}, "subject": {"text": "\u585e\u5c14\u7ef4\u4e9a", "offset": 0, "length": 4}, "object": {"text": "FK-3\u9632\u7a7a\u5bfc\u5f39", "offset": 8, "length": 8}}], "arguments": {"time": [], "loc": [{"text": "\u585e\u5c14\u7ef4\u4e9a", "offset": 0, "length": 4}], "country": [{"text": "\u585e\u5c14\u7ef4\u4e9a", "offset": 0, "length": 4}, {"text": "\u4e2d\u56fd", "offset": 6, "length": 2}], "weapon": [{"text": "FK-3\u9632\u7a7a\u5bfc\u5f39", "offset": 8, "length": 8}, {"text": "CH-92A\u65e0\u4eba\u673a", "offset": 23, "length": 9}]}}, {"sentence": "\u3010\u73af\u7403\u7f51\u62a5\u9053 \u89c1\u4e60\u8bb0\u8005 \u9a6c\u5ca9\u3011", "events": [], "arguments": {"time": [], "loc": [], "country": [], "weapon": []}}, {"sentence": "\u636e\u201c\u9632\u52a1\u535a\u5ba2\u201d\u7f51\u7ad98\u67082\u65e5\u62a5\u9053\uff0c\u585e\u5c14\u7ef4\u4e9a\u6b63\u5728\u91c7\u8d2d\u4e2d\u56fd\u6700\u65b0\u7684FK-3\u9632\u7a7a\u7cfb\u7edf\u3002", "events": [], "arguments": {"time": [{"text": "8\u67082\u65e5", "offset": 9, "length": 4}], "loc": [], "country": [], "weapon": [{"text": "FK-3\u9632\u7a7a\u7cfb\u7edf", "offset": 29, "length": 8}]}}, {"sentence": "\u62a5\u9053\u79f0\uff0c\u585e\u5c14\u7ef4\u4e9a\u91c7\u8d2d\u7684FK-3\u9632\u7a7a\u5bfc\u5f39\u6700\u5927\u5c04\u7a0b100\u516c\u91cc\uff0c\u5c04\u9ad850\u7c73\u81f327000\u7c73\u3002", "events": [], "arguments": {"time": [], "loc": [], "country": [], "weapon": [{"text": "FK-3\u9632\u7a7a\u5bfc\u5f39", "offset": 11, "length": 8}]}}, {"sentence": "FK-3\u662f\u4e2d\u56fd\u6700\u65b0\u4e00\u4ee3\u201c\u7ea2\u65d7-22\u201d\u4e2d\u7a0b\u9632\u7a7a\u5bfc\u5f39\u7684\u51fa\u53e3\u578b\uff0c\u8be5\u578b\u5bfc\u5f39\u7b2c\u4e00\u6b21\u4eae\u76f8\u662f\u57282016\u5e74\u7684\u73e0\u6d77\u822a\u5c55\u3002", "events": [], "arguments": {"time": [], "loc": [], "country": [], "weapon": [{"text": "FK-3", "offset": 0, "length": 4}, {"text": "\u201c\u7ea2\u65d7-22\u201d\u4e2d\u7a0b\u9632\u7a7a\u5bfc\u5f39", "offset": 11, "length": 13}]}}, {"sentence": "\u201c\u7ea2\u65d7-22\u201d\u9632\u7a7a\u5bfc\u5f39\u7cfb\u7edf\u88c5\u6709\u534a\u4e3b\u52a8GPS\uff0c\u5176\u76f8\u63a7\u9635\u96f7\u8fbe\u4e0e\u201c\u7ea2\u65d7-12\u201d\u9632\u7a7a\u5bfc\u5f39\u7cfb\u7edf\u4e00\u6837\uff0c\u4f46\u4e0e\u4e4b\u4e0d\u540c\u7684\u662f\uff0c\u201c\u7ea2\u65d7-22\u201d\u88c5\u5907\u7684\u662f\u201c\u65e0\u7ffc\u201d\u5bfc\u5f39\u3002", "events": [], "arguments": {"time": [], "loc": [], "country": [], "weapon": [{"text": "\u201c\u7ea2\u65d7-12\u201d\u9632\u7a7a\u5bfc\u5f39\u7cfb\u7edf", "offset": 29, "length": 13}, {"text": "\u7ea2\u65d7-22\u201d", "offset": 0, "length": 6}, {"text": "\u201c\u65e0\u7ffc\u201d\u5bfc\u5f39", "offset": 64, "length": 6}]}}, {"sentence": "\u5728\u5c04\u7a0b\u65b9\u9762\uff0c\u201c\u7ea2\u65d7-22\u201d\u4e0e\u7f8e\u56fd\u7684\u201c\u7231\u56fd\u8005-3\u201d\u76f8\u5f53\u3002", "events": [], "arguments": {"time": [], "loc": [], "country": [], "weapon": [{"text": "\u201c\u7ea2\u65d7-22\u201d", "offset": 6, "length": 7}, {"text": "\u201c\u7231\u56fd\u8005-3\u201d", "offset": 17, "length": 7}]}}, {"sentence": "\u4eca\u5e747\u6708\uff0c\u585e\u5c14\u7ef4\u4e9a\u8fd8\u63a5\u6536\u4e86\u4e2d\u56fd\u4ea7\u7684CH-92A\u65e0\u4eba\u673a\u3002", "events": [], "arguments": {"time": [], "loc": [], "country": [], "weapon": [{"text": "CH-92A\u65e0\u4eba\u673a", "offset": 17, "length": 9}]}}, {"sentence": "\u8fd9\u6b3e\u65e0\u4eba\u673a\u4e3b\u8981\u7528\u4e8e\u4fa6\u5bdf\u3001\u76d1\u89c6\uff0c\u4f46\u4e5f\u6709\u4e00\u5b9a\u7684\u6253\u51fb\u80fd\u529b\u3002", "events": [], "arguments": {"time": [], "loc": [], "country": [], "weapon": [{"text": "\u65e0\u4eba\u673a", "offset": 2, "length": 3}]}}]