[{"sentence": "\u7f8e\u56fd\u201c\u91cc\u6839\u201d\u53f7\u822a\u6bcd\u53c8\u73b0\u8eab\u4e1c\u6d77\uff0c\u591a\u67b6\u519b\u673a\u5728\u8be5\u6d77\u57df\u4e0a\u7a7a\u6d3b\u52a8", "events": [], "arguments": {"time": [], "loc": [], "country": [], "weapon": [{"text": "\u201c\u91cc\u6839\u201d\u53f7\u822a\u6bcd", "offset": 2, "length": 7}]}}, {"sentence": "\u3010\u73af\u7403\u65f6\u62a5\u7efc\u5408\u62a5\u9053\u3011", "events": [], "arguments": {"time": [], "loc": [], "country": [], "weapon": []}}, {"sentence": "\u201c\u5357\u6d77\u6218\u7565\u6001\u52bf\u611f\u77e5\u201d\u5fae\u535a\u8d26\u53f730\u65e5\u53d1\u5e03\u6d88\u606f\u79f0\uff0c7\u670828\u65e5\uff0c\u536b\u661f\u5728\u5944\u7f8e\u7fa4\u5c9b\u897f\u5317\u65b9\u5411\u7684\u4e1c\u6d77\u53d1\u73b0\u7f8e\u6d77\u519b\u201c\u91cc\u6839\u201d\u53f7\u822a\u6bcd\u6b63\u5411\u5357\u822a\u884c\u3002", "events": [], "arguments": {"time": [{"text": "7\u670828\u65e5", "offset": 23, "length": 5}], "loc": [{"text": "\u4e1c\u6d77", "offset": 41, "length": 2}, {"text": "\u5944\u7f8e\u7fa4\u5c9b\u897f\u5317", "offset": 32, "length": 6}], "country": [{"text": "\u7f8e", "offset": 45, "length": 1}], "weapon": [{"text": "\u201c\u91cc\u6839\u201d\u53f7", "offset": 48, "length": 5}, {"text": "\u201c\u91cc\u6839\u201d\u53f7\u822a\u6bcd", "offset": 48, "length": 7}]}}, {"sentence": "\u201c\u91cc\u6839\u201d\u53f77\u67084\u65e5\u300117\u65e5\u5206\u522b\u5728\u5357\u6d77\u53c2\u4e0e\u4e86\u4e24\u6b21\u53cc\u822a\u6bcd\u6f14\u4e60\uff0c\u79bb\u5f00\u5357\u6d77\u540e\u968f\u5373\u4e0e\u65e5\u6fb3\u5728\u83f2\u5f8b\u5bbe\u6d77\u4e3e\u884c\u4e86\u4e09\u8fb9\u519b\u4e8b\u6f14\u4e60\u3002", "events": [{"trigger": {"text": "\u519b\u4e8b\u6f14\u4e60", "offset": 49, "length": 4}, "subject": {"text": "", "offset": 0, "length": 0}, "object": {"text": "", "offset": 0, "length": 0}}], "arguments": {"time": [], "loc": [{"text": "\u5357\u6d77", "offset": 31, "length": 2}, {"text": "\u83f2\u5f8b\u5bbe\u6d77", "offset": 40, "length": 4}], "country": [], "weapon": [{"text": "\u201c\u91cc\u6839\u201d\u53f7", "offset": 0, "length": 5}]}}, {"sentence": "\u8be5\u5fae\u535a\u8d26\u53f7\u540c\u65e5\u7684\u53e6\u4e00\u6d88\u606f\u79f0\uff0c30\u65e5\u51cc\u66684\u65f6\u8bb8\uff0c\u7f8e\u7a7a\u519b1\u67b6RC-135S\u7535\u5b50\u4fa6\u5bdf\u673a\u4ece\u51b2\u7ef3\u8d77\u98de\u3002", "events": [], "arguments": {"time": [], "loc": [], "country": [], "weapon": [{"text": "RC-135S\u7535\u5b50\u4fa6\u5bdf\u673a", "offset": 28, "length": 12}]}}, {"sentence": "\u8be5\u673a\u578b\u4e3b\u8981\u8d1f\u8d23\u6536\u96c6\u5f39\u9053\u5bfc\u5f39\u4fe1\u53f7\u7279\u5f81\u4ee5\u53ca\u901a\u4fe1\u60c5\u62a5\u3002", "events": [], "arguments": {"time": [], "loc": [], "country": [], "weapon": [{"text": "\u5f39\u9053\u5bfc\u5f39", "offset": 9, "length": 4}]}}, {"sentence": "\u4e0a\u53488\u65f6\u8bb8\uff0c\u7f8e\u7a7a\u519b1\u67b6KC-135R\u52a0\u6cb9\u673a\u5728\u4e1c\u6d77\u6d3b\u52a8\uff0c\u63a8\u6d4bRC-135S\u524d\u5f80\u4e1c\u6d77\u8fdb\u884c\u4e86\u4fa6\u5bdf\u3002", "events": [{"trigger": {"text": "\u4fa6\u5bdf", "offset": 43, "length": 2}, "subject": {"text": "", "offset": 0, "length": 0}, "object": {"text": "", "offset": 0, "length": 0}}], "arguments": {"time": [], "loc": [], "country": [], "weapon": [{"text": "KC-135R\u52a0\u6cb9\u673a", "offset": 11, "length": 10}, {"text": "RC-135S", "offset": 29, "length": 7}]}}, {"sentence": "\u4e0a\u534810\u65f6\u8bb8\uff0c\u7f8e\u9646\u519b1\u67b6RC-12P\u524d\u5f80\u9ec4\u6d77\u4fa6\u5bdf\u3002", "events": [], "arguments": {"time": [], "loc": [{"text": "\u9ec4\u6d77", "offset": 20, "length": 2}], "country": [], "weapon": [{"text": "RC-12P", "offset": 12, "length": 6}]}}]