[{"sentence": "\u7f8e\u519b\u673a\u73b0\u8eab\u4e1c\u6d77\u5357\u6d77\uff0c\u9f13\u566a\u6218\u4e89\u5a01\u80c1\u00a0\u91d1\u4e00\u5357\uff1a\u8c01\u6562\u653b\u51fb\u5fc5\u4ee4\u5176\u52a0\u500d\u4ed8\u51fa\u4ee3\u4ef7\uff01", "events": [], "arguments": {"time": [], "loc": [{"text": "\u4e1c\u6d77", "offset": 5, "length": 2}, {"text": "\u5357\u6d77", "offset": 7, "length": 2}], "country": [], "weapon": []}}, {"sentence": "\u8fd1\u65e5\uff0c\u7f8e\u519b\u6218\u673a\u5728\u5168\u7403\u591a\u5730\u53d1\u8d77\u6311\u8845\uff0c\u5f15\u8d77\u5e7f\u6cdb\u5173\u6ce8\u3002", "events": [{"trigger": {"text": "\u6311\u8845", "offset": 14, "length": 2}, "subject": {"text": "\u7f8e\u519b\u6218\u673a", "offset": 3, "length": 4}, "object": {"text": "", "offset": 0, "length": 0}}], "arguments": {"time": [], "loc": [], "country": [{"text": "\u7f8e", "offset": 3, "length": 1}], "weapon": [{"text": "\u6218\u673a", "offset": 5, "length": 2}]}}, {"sentence": "\u7279\u522b\u662f7\u670823\u65e5\uff0c\u4e00\u67b6\u8f7d\u6709150\u540d\u4e58\u5ba2\u7684\u4f0a\u6717\u9a6c\u6c49\u822a\u7a7a\u5ba2\u673a\u884c\u7ecf\u53d9\u5229\u4e9a\u65f6\uff0c\u906d\u7f8e\u519b\u6218\u6597\u673a\u7a81\u7136\u903c\u8fd1\uff0c\u5ba2\u673a\u6025\u901f\u4e0b\u964d\uff0c\u9020\u6210\u591a\u540d\u4e58\u5ba2\u4e0d\u540c\u7a0b\u5ea6\u53d7\u4f24\u3002", "events": [], "arguments": {"time": [{"text": "7\u670823", "offset": 3, "length": 4}], "loc": [], "country": [{"text": "\u4f0a\u6717", "offset": 20, "length": 2}], "weapon": [{"text": "\u9a6c\u6c49\u822a\u7a7a\u5ba2\u673a", "offset": 22, "length": 6}, {"text": "\u6218\u6597\u673a", "offset": 0, "length": 3}]}}, {"sentence": " \u90a3\u4e48\uff0c\u7f8e\u56fd\u6d3e\u519b\u673a\u5728\u5168\u7403\u591a\u5730\u53d1\u8d77\u6311\u8845\u5c45\u5fc3\u4f55\u5728\uff1f", "events": [], "arguments": {"time": [], "loc": [], "country": [], "weapon": [{"text": "\u519b\u673a", "offset": 7, "length": 2}]}}, {"sentence": "\u76f8\u5173\u5404\u65b9\u5bf9\u6b64\u53c8\u5e94\u8be5\u5982\u4f55\u5e94\u5bf9\uff1f", "events": [], "arguments": {"time": [], "loc": [], "country": [], "weapon": []}}, {"sentence": "\u4e8b\u53d1\u73b0\u573a\uff08\u56fe\u6e90\uff1aRT\uff09", "events": [], "arguments": {"time": [], "loc": [], "country": [], "weapon": []}}, {"sentence": "\uff08\u56fe\u6e90\uff1aRT\uff09", "events": [], "arguments": {"time": [], "loc": [], "country": [], "weapon": []}}, {"sentence": "\u4e3b\u6301\u4eba\uff1a", "events": [], "arguments": {"time": [], "loc": [], "country": [], "weapon": []}}, {"sentence": "7\u670827\u65e5\uff0c\u4f0a\u6717\u5a92\u4f53\u66dd\u5149\u4e86\u4f0a\u6717\u5ba2\u673a\u906d\u5230\u7f8e\u56fd\u6218\u673a\u4fb5\u6270\u7684\u7ec6\u8282\uff0c\u8fd9\u67b6\u5ba2\u673a\u57286\u5206\u949f\u4e4b\u5185\u906d\u5230\u7f8e\u519b\u4e24\u6b21\u4fb5\u6270\u3002", "events": [], "arguments": {"time": [], "loc": [], "country": [], "weapon": []}}, {"sentence": "\u4f0a\u6717\u5916\u4ea4\u90e8\u53d1\u8a00\u4eba\u7a46\u8428\u7ef4\u79f0\uff0c\u7f8e\u519b\u7684\u884c\u4e3a\u662f\u201c\u6050\u6016\u4e3b\u4e49\u548c\u654c\u5bf9\u884c\u52a8\u201d\uff0c\u4f0a\u6717\u7edd\u4e0d\u80fd\u5bb9\u5fcd\uff0c\u5fc5\u5c06\u8ffd\u7a76\u5176\u8d23\u4efb\u3002", "events": [], "arguments": {"time": [], "loc": [], "country": [], "weapon": []}}, {"sentence": "\u4e00\u5357\u6559\u6388\uff0c\u60a8\u5982\u4f55\u770b\u5f85\u7f8e\u56fd\u519b\u673a\u5bf9\u4f0a\u6717\u5ba2\u673a\u7684\u62e6\u622a\u884c\u4e3a\uff1f", "events": [], "arguments": {"time": [], "loc": [], "country": [], "weapon": [{"text": "\u519b\u673a", "offset": 12, "length": 2}, {"text": "\u673a", "offset": 0, "length": 1}]}}, {"sentence": "\u91d1\u4e00\u5357\uff1a \u7f8e\u519b\u6218\u673a\u7684\u8fd9\u79cd\u62e6\u622a\u884c\u4e3a\u4e25\u91cd\u8fdd\u53cd\u4e86\u300a\u56fd\u9645\u6c11\u822a\u6cd5\u300b \u3002", "events": [], "arguments": {"time": [], "loc": [], "country": [], "weapon": [{"text": "\u6218\u673a", "offset": 7, "length": 2}]}}, {"sentence": "\u9996\u5148\u6211\u4eec\u770b\u5230\uff0c\u4f0a\u6717\u7684\u5ba2\u673a\u6ca1\u6709\u504f\u79bb\u5e38\u89c4\u822a\u7ebf\uff0c\u7f8e\u56fd\u4eba\u4e3a\u4ec0\u4e48\u8981\u8bf4\u62e6\u622a\u5462\uff1f", "events": [], "arguments": {"time": [], "loc": [], "country": [], "weapon": [{"text": "\u5ba2\u673a", "offset": 10, "length": 2}]}}, {"sentence": "\u662f\u56e0\u4e3a\u5f71\u54cd\u4e86\u5b83\u5728\u53d9\u5229\u4e9a\u57fa\u5730\u4e0a\u7a7a\u7684\u5b89\u5168\uff0c\u5b83\u8981\u52a0\u4ee5\u76ee\u6d4b\u8bc6\u522b\u3002", "events": [], "arguments": {"time": [], "loc": [], "country": [], "weapon": []}}, {"sentence": "\u4ec0\u4e48\u53eb\u76ee\u6d4b\u8bc6\u522b\uff1f", "events": [], "arguments": {"time": [], "loc": [], "country": [], "weapon": []}}, {"sentence": "\u975e\u8981\u8d34\u5f97\u5f88\u8fd1\u624d\u80fd\u8bc6\u522b\u5417\uff1f", "events": [], "arguments": {"time": [], "loc": [], "country": [], "weapon": []}}, {"sentence": "\u7f8e\u519b\u6d3e\u51fa\u4e24\u67b6F-15\uff0c\u5176\u4e2d\u4e00\u67b6\u5728\u6c11\u822a\u5ba2\u673a\u7684\u673a\u5934\u524d\u9762\u7ed5\u8fc7\u6765\u7ed5\u8fc7\u53bb\uff0c\u6c11\u822a\u5ba2\u673a\u4e3a\u4e86\u907f\u8ba9\uff0c\u9020\u6210\u5f88\u591a\u4e58\u5ba2\u53d7\u4f24\u3002", "events": [], "arguments": {"time": [], "loc": [], "country": [], "weapon": [{"text": "F-15", "offset": 6, "length": 4}]}}, {"sentence": "\u8fd9\u5b8c\u5168\u662f\u7531\u7f8e\u56fd\u6218\u673a\u6311\u8845\u6027\u884c\u52a8\u9020\u6210\u7684\uff0c\u5b83\u4e0d\u65ad\u5bf9\u8fd9\u67b6\u5728\u6b63\u5e38\u56fd\u9645\u822a\u7ebf\u4e0a\u98de\u884c\u7684\u4f0a\u6717\u5ba2\u673a\u4f5c\u51fa\u79cd\u79cd\u6311\u8845\u884c\u4e3a \u3002", "events": [], "arguments": {"time": [], "loc": [], "country": [], "weapon": []}}, {"sentence": "\u4f0a\u6717\u4e5f\u53d1\u51fa\u4e86\u4e25\u6b63\u8b66\u544a\uff0c\u7f8e\u56fd\u5982\u679c\u518d\u8fd9\u4e48\u505a\uff0c\u4f0a\u6717\u5c06\u91c7\u53d6\u5f3a\u786c\u63aa\u65bd\u52a0\u4ee5\u62a5\u590d\u3002", "events": [], "arguments": {"time": [], "loc": [], "country": [], "weapon": []}}, {"sentence": "\u6211\u4eec\u53ef\u4ee5\u770b\u5230\uff0c\u540c\u6837\u4e00\u67b6\u98de\u673a\u5728\u8fd4\u822a\u7684\u65f6\u5019\u5c31\u6ca1\u6709\u53d7\u5230\u4efb\u4f55\u5e72\u6270\uff0c\u53ef\u89c1\u7f8e\u56fd\u5b8c\u5168\u662f\u84c4\u610f\u800c\u4e3a\u4e4b \u3002", "events": [], "arguments": {"time": [], "loc": [], "country": [], "weapon": []}}, {"sentence": "\u7f8e\u56fd\u4e8b\u540e\u4e5f\u89c9\u5f97\u6709\u70b9\u7406\u4e8f\uff0c\u62fc\u547d\u60f3\u6de1\u5316\u8fd9\u4e2a\u4e8b\u60c5\uff0c\u8bf4\u662f\u4e3a\u4e86\u8fdb\u884c\u5e38\u89c4\u68c0\u67e5\uff0c\u8fdb\u884c\u76ee\u89c6\u641c\u7d22\uff0c\u6240\u4ee5\u79bb\u8fd9\u67b6\u6c11\u822a\u5ba2\u673a\u7684\u9ad8\u5ea6\u8fd1\u4e86\u4e00\u4e9b\u3002", "events": [], "arguments": {"time": [], "loc": [], "country": [], "weapon": [{"text": "\u6c11\u822a\u5ba2\u673a", "offset": 45, "length": 4}]}}, {"sentence": "\u628a\u8fd9\u6837\u4e00\u4e2a\u91cd\u5927\u7684\u4e8b\u4ef6\u8f7b\u63cf\u6de1\u5199\uff0c\u5b8c\u5168\u662f\u81ea\u6b3a\u6b3a\u4eba\u3002", "events": [], "arguments": {"time": [], "loc": [], "country": [], "weapon": []}}, {"sentence": "F-15\u6218\u673a\uff08\u56fe\u6e90\uff1aCNN\uff09", "events": [], "arguments": {"time": [], "loc": [], "country": [], "weapon": [{"text": "F-15\u6218\u673a", "offset": 0, "length": 6}]}}, {"sentence": "\uff08\u56fe\u6e90\uff1aCNN\uff09", "events": [], "arguments": {"time": [], "loc": [], "country": [], "weapon": []}}, {"sentence": "\u4e3b\u6301\u4eba\uff1a", "events": [], "arguments": {"time": [], "loc": [], "country": [], "weapon": []}}, {"sentence": "\u8fd0\u7528\u519b\u4e8b\u529b\u91cf\u4fb5\u6270\u5ba2\u673a\uff0c\u7684\u786e\u662f\u4ef6\u4e0d\u53ef\u7406\u55bb\u7684\u4e8b\u60c5\uff0c\u56e0\u4e3a\u8fd9\u79cd\u4e3e\u52a8\u5341\u5206\u5371\u9669\uff0c\u6781\u6709\u53ef\u80fd\u4f1a\u9020\u6210\u673a\u6bc1\u4eba\u4ea1\uff0c\u7136\u800c\u8fd9\u6837\u7684\u884c\u5f84\u5728\u7f8e\u519b\u5386\u53f2\u4e0a\u5e76\u975e\u6ca1\u6709\u5148\u4f8b\u3002", "events": [], "arguments": {"time": [], "loc": [], "country": [], "weapon": []}}, {"sentence": "1988\u5e74\uff0c\u4f0a\u6717\u4e00\u67b6\u5ba2\u673a\u5728\u98de\u8d8a\u6ce2\u65af\u6e7e\u65f6\uff0c\u5c31\u88ab\u7f8e\u56fd\u6d77\u519b\u201c\u6587\u68ee\u5c3c\u65af\u201d\u53f7\u519b\u8230\u53d1\u5c04\u7684\u4e24\u679a\u5bfc\u5f39\u51fb\u4e2d\uff0c\u673a\u4e0a\u8fd1300\u540d\u5e73\u6c11\u5168\u90e8\u9047\u96be\u3002", "events": [], "arguments": {"time": [], "loc": [], "country": [], "weapon": [{"text": "\u201c\u6587\u68ee\u5c3c\u65af\u201d\u53f7\u519b\u8230", "offset": 26, "length": 9}, {"text": "\u5bfc\u5f39", "offset": 40, "length": 2}]}}, {"sentence": "\u4e8b\u540e\u7f8e\u519b\u4e0d\u4f46\u6ca1\u6709\u9053\u6b49\uff0c\u751a\u81f3\u8fd8\u5bf9\u201c\u6587\u68ee\u5c3c\u65af\u201d\u53f7\u519b\u8230\u8230\u957f\u8fdb\u884c\u4e86\u8868\u5f70\uff0c\u5b9e\u5728\u8ba9\u4eba\u532a\u5937\u6240\u601d\u3002", "events": [], "arguments": {"time": [], "loc": [], "country": [], "weapon": [{"text": "\u201c\u6587\u68ee\u5c3c\u65af\u201d\u53f7\u519b\u8230", "offset": 15, "length": 9}]}}, {"sentence": "\u90a3\u4e48\uff0c\u7a76\u7adf\u5982\u4f55\u624d\u80fd\u9632\u6b62\u7c7b\u4f3c\u4e8b\u4ef6\u518d\u6b21\u53d1\u751f\u5462\uff1f", "events": [], "arguments": {"time": [], "loc": [], "country": [], "weapon": []}}, {"sentence": "\u91d1\u4e00\u5357\uff1a \u5176\u5b9e\u7f8e\u56fd\u4ee5\u524d\u5c31\u5bf9\u4f0a\u6717\u7684\u6c11\u822a\u5ba2\u673a\u505a\u8fc7\u591a\u6b21\u6311\u8845\uff0c\u8fd9\u6b21\u662f\u5b83\u7684\u98de\u673a\u6240\u8c13\u201c\u76ee\u89c6\u8bc6\u522b\u201d\u9760\u5f97\u6700\u8fd1\u7684\u4e00\u6b21\u3002", "events": [], "arguments": {"time": [], "loc": [], "country": [], "weapon": [{"text": "\u6c11\u822a\u5ba2\u673a", "offset": 16, "length": 4}]}}, {"sentence": "\u4f0a\u6717\u53cd\u590d\u63d0\u8fc7\u6297\u8bae\uff0c\u800c\u7f8e\u56fd\u51e0\u4e4e\u6bcf\u4e00\u6b21\u90fd\u542b\u7cca\u5176\u8f9e\u3002", "events": [], "arguments": {"time": [], "loc": [], "country": [], "weapon": []}}, {"sentence": "\u5f53\u7136\u4ece\u8fd9\u70b9\u770b\uff0c\u6211\u89c9\u5f97\u56fd\u9645\u6c11\u822a\u7ec4\u7ec7\u4e5f\u5904\u4e8e\u4e00\u4e2a\u76f8\u5bf9\u5f31\u52bf\u7684\u5730\u4f4d\u3002", "events": [], "arguments": {"time": [], "loc": [], "country": [], "weapon": []}}, {"sentence": "\u7f8e\u56fd\u4e0d\u53ea\u662f\u9488\u5bf9\u4f0a\u6717\u7684\u5ba2\u673a\uff0c\u5b83\u8fd9\u79cd\u6311\u8845\u884c\u4e3a\u4f1a\u5bf9\u6240\u6709\u7684\u6c11\u822a\u98de\u884c\u5668\uff0c\u5728\u7a7a\u4e2d\u6309\u7167\u56fd\u9645\u822a\u7ebf\u98de\u884c\u7684\u56fd\u9645\u822a\u7a7a\u5668\u9020\u6210\u91cd\u5927\u5a01\u80c1\u3002", "events": [], "arguments": {"time": [], "loc": [], "country": [], "weapon": []}}, {"sentence": " \u56e0\u6b64\u4e0d\u4ec5\u662f\u4f0a\u6717\uff0c\u56fd\u9645\u822a\u7a7a\u7ec4\u7ec7\u5305\u62ec\u8054\u5408\u56fd\uff0c\u90fd\u5e94\u8be5\u53d1\u8a00\u53d1\u58f0\uff0c\u8c34\u8d23\u7f8e\u56fd\u7a7a\u519b\u5f71\u54cd\u56fd\u9645\u822a\u73ed\u6b63\u5e38\u8fd0\u884c\u3002", "events": [], "arguments": {"time": [], "loc": [], "country": [], "weapon": []}}, {"sentence": "\u4e3b\u6301\u4eba\uff1a", "events": [], "arguments": {"time": [], "loc": [], "country": [], "weapon": []}}, {"sentence": "\u4f0a\u6717\u4e0e\u7f8e\u56fd\u4e4b\u95f4\u7684\u77db\u76fe\u7531\u6765\u5df2\u4e45\uff0c\u7279\u522b\u662f\u5728\u4eca\u5e74\u5e74\u521d\uff0c\u7f8e\u519b\u523a\u6740\u4e86\u4f0a\u6717\u4f0a\u65af\u5170\u9769\u547d\u536b\u961f\u201c\u5723\u57ce\u65c5\u201d\u6307\u6325\u5b98\u82cf\u83b1\u66fc\u5c3c\u4e4b\u540e\uff0c\u77db\u76fe\u8fdb\u4e00\u6b65\u6fc0\u5316\u3002", "events": [], "arguments": {"time": [], "loc": [], "country": [], "weapon": []}}, {"sentence": "\u518d\u52a0\u4e0a\u6b64\u524d\u7f8e\u56fd\u5355\u65b9\u9762\u6495\u6bc1\u4f0a\u6838\u534f\u8bae\uff0c\u4e0a\u4e2a\u6708\u53c8\u8981\u6c42\u8054\u5408\u56fd\u5ef6\u957f\u5bf9\u4f0a\u6717\u7684\u5236\u88c1\uff0c\u79cd\u79cd\u884c\u5f84\u90fd\u8ba9\u4f0a\u6717\u5bf9\u7f8e\u56fd\u6068\u4e4b\u5165\u9aa8\u3002", "events": [], "arguments": {"time": [], "loc": [], "country": [], "weapon": []}}, {"sentence": "\u8fd9\u6b21\u7f8e\u56fd\u519b\u673a\u4fb5\u6270\u4f0a\u6717\u5ba2\u673a\u540e\uff0c\u4f0a\u6717\u5916\u4ea4\u90e8\u53d1\u8a00\u4eba\u7a46\u8428\u7ef4\u8bf4\uff1a\u201c\u4f0a\u6717\u8981\u91c7\u53d6\u4e00\u5207\u5fc5\u8981\u63aa\u65bd\uff0c\u8ba9\u7f8e\u56fd\u4eba\u5bf9\u6b64\u4e8b\u611f\u5230\u540e\u6094\u3002", "events": [], "arguments": {"time": [], "loc": [], "country": [], "weapon": []}}, {"sentence": "\u201d\u6211\u4eec\u770b\u5230\uff0c\u5c31\u5728\u7a46\u8428\u7ef4\u53d1\u8868\u8bb2\u8bdd\u7684\u7b2c\u4e8c\u5929\uff0c\u4f0a\u6717\u5a92\u4f53\u62a5\u9053\u79f0\uff0c\u4f0a\u6717\u4f0a\u65af\u5170\u9769\u547d\u536b\u961f\u5728\u6d77\u6e7e\u4e3e\u884c\u4e86\u519b\u4e8b\u6f14\u4e60\uff0c\u6253\u51fb\u76ee\u6807\u4e4b\u4e00\u662f\u653e\u7f6e\u5728\u970d\u5c14\u6728\u5179\u6d77\u5ce1\u7684\u4e00\u8258\u7f8e\u56fd\u822a\u6bcd\u6a21\u578b\u3002", "events": [], "arguments": {"time": [], "loc": [], "country": [], "weapon": [{"text": "\u822a\u6bcd", "offset": 69, "length": 2}]}}, {"sentence": "\u4f0a\u6717\u7684\u53cd\u5e94\u4f1a\u8ba9\u7f8e\u56fd\u6709\u6240\u6536\u655b\u5417\uff1f", "events": [], "arguments": {"time": [], "loc": [], "country": [], "weapon": []}}, {"sentence": "\u91d1\u4e00\u5357\uff1a \u4f0a\u6717\u7684\u4f18\u52bf\u5728\u4e8e\u8ddd\u79bb\u970d\u5c14\u6728\u5179\u6d77\u5ce1\u5f88\u8fd1\uff0c\u6240\u4ee5\u4f0a\u6717\u51e0\u6b21\u53d1\u8868\u58f0\u660e\uff0c\u7f8e\u56fd\u5982\u679c\u518d\u80e1\u4f5c\u975e\u4e3a\uff0c\u4f0a\u6717\u53ef\u80fd\u8981\u88ad\u51fb\u7ecf\u8fc7\u970d\u5c14\u6728\u5179\u6d77\u5ce1\u7684\u7f8e\u56fd\u519b\u8230\u3002", "events": [], "arguments": {"time": [], "loc": [], "country": [], "weapon": [{"text": "\u519b\u8230", "offset": 62, "length": 2}]}}, {"sentence": "\u4ece\u8fd9\u70b9\u770b\uff0c\u4f0a\u6717\u7684\u53cd\u8230\u5bfc\u5f39\u662f\u5b8c\u5168\u591f\u5f97\u7740\u7684\u3002", "events": [], "arguments": {"time": [], "loc": [], "country": [], "weapon": [{"text": "\u53cd\u8230\u5bfc\u5f39", "offset": 8, "length": 4}]}}, {"sentence": "\u5728\u8ddd\u4f0a\u6717\u56fd\u571f\u6bd4\u8f83\u8fd1\u7684\u5730\u65b9\uff0c\u5f53\u7f8e\u519b\u6d3b\u52a8\u7684\u65f6\u5019\uff0c\u4e0d\u7ba1\u662f\u6218\u6597\u673a\u3001\u519b\u7528\u98de\u673a\u3001\u519b\u7528\u8239\u53ea\uff0c\u4f0a\u6717\u90fd\u53ef\u80fd\u5bf9\u7f8e\u65b9\u9020\u6210\u6bd4\u8f83\u4e25\u91cd\u7684\u4f24\u5bb3\u3002", "events": [], "arguments": {"time": [], "loc": [], "country": [], "weapon": [{"text": "\u6218\u6597\u673a", "offset": 25, "length": 3}, {"text": "\u519b\u7528\u98de\u673a", "offset": 29, "length": 4}, {"text": "\u519b\u7528\u8239\u53ea", "offset": 34, "length": 4}]}}, {"sentence": " \u6240\u4ee5\u5bf9\u4f0a\u6717\u53d1\u51fa\u7684\u8b66\u544a\uff0c\u7f8e\u65b9\u4e5f\u662f\u91cd\u89c6\u7684\uff0c\u4e5f\u4e0d\u6562\u968f\u610f\u6389\u4ee5\u8f7b\u5fc3\u3002", "events": [], "arguments": {"time": [], "loc": [], "country": [], "weapon": []}}, {"sentence": "P-8A\u53cd\u6f5c\u5de1\u903b\u673a\uff08\u8d44\u6599\u56fe\uff09", "events": [], "arguments": {"time": [], "loc": [], "country": [], "weapon": [{"text": "P-8A\u53cd\u6f5c\u5de1\u903b\u673a", "offset": 0, "length": 9}]}}, {"sentence": "\uff08\u8d44\u6599\u56fe\uff09", "events": [], "arguments": {"time": [], "loc": [], "country": [], "weapon": []}}, {"sentence": "\u4e3b\u6301\u4eba\uff1a", "events": [], "arguments": {"time": [], "loc": [], "country": [], "weapon": []}}, {"sentence": "\u6700\u8fd1\u4e00\u6bb5\u65f6\u95f4\uff0c\u7f8e\u519b\u4e0d\u4ec5\u4fb5\u6270\u4f0a\u6717\u5ba2\u673a\uff0c\u5728\u4e2d\u56fd\u5468\u8fb9\u7684\u6311\u8845\u884c\u4e3a\u4e5f\u66f4\u52a0\u9891\u7e41\u3002", "events": [{"trigger": {"text": "\u6311\u8845", "offset": 24, "length": 2}, "subject": {"text": "\u7f8e\u519b", "offset": 7, "length": 2}, "object": {"text": "\u4e2d\u56fd\u5468\u8fb9", "offset": 19, "length": 4}}], "arguments": {"time": [], "loc": [], "country": [], "weapon": []}}, {"sentence": "\u636e\u62a5\u9053\uff0c7\u670826\u65e5\uff0c\u4e00\u67b6\u96b6\u5c5e\u4e8e\u7f8e\u56fd\u6d77\u519b\u7684P-8A\u6d77\u4e0a\u5de1\u903b\u673a\uff0c\u7a81\u7136\u73b0\u8eab\u4e1c\u6d77\u5bf9\u6211\u56fd\u5c55\u5f00\u62b5\u8fd1\u4fa6\u5bdf\u6d3b\u52a8\uff0c\u5728\u6b64\u671f\u95f4\u8be5\u673a\u8ddd\u79bb\u798f\u5efa\u6d77\u5cb8\u6700\u8fd1\u65f6\u4ec5\u670976\u516c\u91cc\u3002", "events": [], "arguments": {"time": [], "loc": [], "country": [], "weapon": [{"text": "P-8A\u6d77\u4e0a\u5de1\u903b\u673a", "offset": 20, "length": 9}]}}, {"sentence": "\u53e6\u636e\u62a5\u9053\uff0c\u5f53\u5929\u7f8e\u6d77\u519b\u8fd8\u6d3e\u51fa\u201c\u62c9\u6590\u5c14\u00b7\u4f69\u62c9\u5c14\u5854\u201d\u53f7\u9a71\u9010\u8230\u5230\u540c\u4e00\u6d77\u57df\u6d3b\u52a8\uff0c\u8ddd\u79bb\u4e0a\u6d77\u6d77\u5cb8\u4ec5100\u6d77\u91cc\u3002", "events": [], "arguments": {"time": [], "loc": [], "country": [], "weapon": [{"text": "\u201c\u62c9\u6590\u5c14\u00b7\u4f69\u62c9\u5c14\u5854\u201d\u53f7\u9a71\u9010\u8230", "offset": 13, "length": 14}]}}, {"sentence": "\u4e03\u6708\u4efd\u4ee5\u6765\uff0c\u7f8e\u519b\u8230\u673a\u5728\u4e2d\u56fd\u5468\u8fb9\u7684\u62b5\u8fd1\u4fa6\u5bdf\u6d3b\u52a8\u53ef\u4ee5\u7528\u201c\u8fd1\u4e4e\u75af\u72c2\u201d\u6765\u5f62\u5bb9\u3002", "events": [], "arguments": {"time": [], "loc": [], "country": [], "weapon": []}}, {"sentence": "\u5bf9\u6b64\uff0c\u60a8\u600e\u4e48\u770b\uff1f", "events": [], "arguments": {"time": [], "loc": [], "country": [], "weapon": []}}, {"sentence": "\u91d1\u4e00\u5357\uff1a \u5728\u4e0a\u4e16\u7eaa50\u5e74\u4ee3\u300160\u5e74\u4ee3\uff0c\u6211\u4eec\u7684\u9632\u7a7a\u529b\u91cf\u6bd4\u8f83\u5f31\u7684\u65f6\u5019\uff0c\u7f8e\u519b\u751a\u81f3\u4f1a\u8fdb\u5165\u4e2d\u56fd\u9886\u7a7a\u3002", "events": [], "arguments": {"time": [], "loc": [], "country": [], "weapon": []}}, {"sentence": "\u73b0\u5728\u7f8e\u519b\u6218\u673a\u79bb\u6211\u65b9\u6d77\u5cb876\u516c\u91cc\uff0c\u5b83\u5e76\u6ca1\u6709\u5165\u4fb5\u6211\u4eec\u7684\u9886\u7a7a\u3002", "events": [], "arguments": {"time": [], "loc": [], "country": [], "weapon": [{"text": "\u6218\u673a", "offset": 4, "length": 2}]}}, {"sentence": "\u6211\u56fd\u4ece2013\u5e74\u5212\u8bbe\u4e1c\u6d77\u9632\u7a7a\u8bc6\u522b\u533a\uff0c\u8981\u6c42\u51e1\u662f\u8fdb\u5165\u8fd9\u4e2a\u7a7a\u57df\u7684\u5404\u56fd\u98de\u884c\u5668\u63d0\u524d\u8981\u5411\u6211\u7533\u62a5\u98de\u884c\u8ba1\u5212\u3001\u98de\u884c\u76ee\u7684\uff0c\u5bf9\u65b9\u662f\u8def\u8fc7\u6ca1\u95ee\u9898\uff0c\u662f\u4fa6\u5bdf\u90a3\u5c31\u4e0d\u53ef\u4ee5\u3002", "events": [], "arguments": {"time": [], "loc": [], "country": [], "weapon": []}}, {"sentence": "\u5f88\u660e\u663e\u8fd9\u6b21\u7f8eP-8A\u6d77\u4e0a\u5de1\u903b\u673a\u98de\u8fdb\u6765\u6ca1\u6709\u7533\u62a5\uff0c\u6211\u4eec\u8981\u91c7\u53d6\u4e24\u79cd\u65b9\u5f0f\uff1a\u7b2c\u4e00\uff0c\u5bf9\u65b9\u98de\u673a\u8981\u8d77\u98de\uff0c\u6211\u4eec\u8981\u8ddf\u8e2a\u76d1\u89c6\uff1b\u7b2c\u4e8c\uff0c\u5bf9\u65b9\u98de\u673a\u53ef\u80fd\u4e0d\u8d77\u98de\uff0c\u4f46\u662f\u6211\u65b9\u96f7\u8fbe\u8981\u7167\u5c04\u5b83\uff0c\u5168\u7a0b\u8ddf\u8e2a\u5b83\u3002", "events": [], "arguments": {"time": [], "loc": [], "country": [], "weapon": [{"text": "P-8A\u6d77\u4e0a\u5de1\u903b\u673a", "offset": 6, "length": 9}]}}, {"sentence": "\u8ddd\u79bb\u6211\u4eec\u8fd9\u4e48\u8fd1\uff0c\u5b83\u6240\u900f\u9732\u7684\u662f\u56fd\u9645\u9738\u6743\u4e3b\u4e49\u7684\u56a3\u5f20\u3002", "events": [], "arguments": {"time": [], "loc": [], "country": [], "weapon": []}}, {"sentence": "\u8fd9\u79cd\u56a3\u5f20\u6c14\u7130\u662f\u4e00\u5b9a\u8981\u628a\u5b83\u6253\u4e0b\u53bb\u7684\uff0c\u6211\u4eec\u4e00\u5b9a\u8981\u5bfb\u627e\u673a\u4f1a\u8ba9\u5b83\u7684\u56a3\u5f20\u6c14\u7130\u5f97\u4ee5\u6536\u655b\u3002", "events": [], "arguments": {"time": [], "loc": [], "country": [], "weapon": []}}, {"sentence": "\u4e3b\u6301\u4eba\uff1a", "events": [], "arguments": {"time": [], "loc": [], "country": [], "weapon": []}}, {"sentence": "\u5f88\u663e\u7136\uff0c\u8fd9\u67b6P-8A\u6d77\u4e0a\u5de1\u903b\u673a\u5e76\u4e0d\u662f\u8def\u8fc7\u4e1c\u6d77\uff0c\u800c\u662f\u4e13\u4e3a\u641c\u96c6\u6211\u56fd\u6cbf\u6d77\u7535\u5b50\u60c5\u62a5\u4fe1\u606f\u800c\u6765\u3002", "events": [], "arguments": {"time": [], "loc": [], "country": [], "weapon": [{"text": "P-8A\u6d77\u4e0a\u5de1\u903b\u673a", "offset": 6, "length": 9}]}}, {"sentence": "\u4ece\u5b83\u8ddd\u79bb\u798f\u5efa\u6d77\u5cb8\u4ec576\u516c\u91cc\u6765\u770b\uff0c\u662f\u5426\u610f\u5473\u7740\u7f8e\u56fd\u6b63\u5728\u6253\u53f0\u6d77\u7684\u4e3b\u610f\uff1f", "events": [], "arguments": {"time": [], "loc": [], "country": [], "weapon": []}}, {"sentence": "\u91d1\u4e00\u5357\uff1a P-8A\u7535\u5b50\u4fa6\u5bdf\u673a\u548c\u4ee5\u524d\u7684\u5149\u5b66\u4fa6\u5bdf\u4e0d\u540c\uff0c\u4ee5\u524dU-2\u90a3\u79cd\u8001\u95f4\u8c0d\u98de\u673a\u901a\u8fc7\u5149\u5b66\u6444\u5f71\u7167\u76f8\u6210\u50cf\uff0c\u5b83\u4e0d\u662f\u3002", "events": [], "arguments": {"time": [], "loc": [], "country": [], "weapon": [{"text": "P-8A\u7535\u5b50\u4fa6\u5bdf\u673a", "offset": 5, "length": 9}, {"text": "U-2", "offset": 27, "length": 3}]}}, {"sentence": "P-8A\u7535\u5b50\u4fa6\u5bdf\u673a\u4e3b\u8981\u6536\u96c6\u6211\u4eec\u7684\u7535\u5b50\u4fe1\u53f7\uff0c\u5305\u62ec\u519b\u7528\u96f7\u8fbe\u7684\u9891\u7387\u3001\u519b\u7528\u7535\u53f0\u7684\u9891\u7387\u548c\u624b\u673a\u7684\u4fe1\u606f\u3002", "events": [], "arguments": {"time": [], "loc": [], "country": [], "weapon": [{"text": "P-8A\u7535\u5b50\u4fa6\u5bdf\u673a", "offset": 0, "length": 9}]}}, {"sentence": "\u5b83\u80fd\u4e0b\u8f7d\u5927\u91cf\u7684\u624b\u673a\u4fe1\u606f\uff0c\u7136\u540e\u5bf9\u5176\u8fdb\u884c\u5206\u89e3\uff0c\u51e1\u662f\u5e26\u6709\u8f90\u5c04\u4fe1\u53f7\u7684\u5b83\u90fd\u80fd\u591f\u6536\u96c6\uff0c\u8303\u56f4\u5f88\u5927\u3002", "events": [], "arguments": {"time": [], "loc": [], "country": [], "weapon": []}}, {"sentence": "\u73b0\u5728\u6b63\u662f\u7f8e\u56fd\u56fd\u529b\u6bd4\u8f83\u5f31\u7684\u65f6\u5019\uff0c\u56e0\u4e3a\u519b\u961f\u5185\u90e8\u786e\u8bca\u4e86\u5927\u91cf\u7684\u65b0\u51a0\u75c5\u4f8b\uff0c\u524d\u4e0d\u4e45\u51fa\u73b0\u4e86\u822a\u6bcd\u771f\u7a7a\u671f\u3002", "events": [], "arguments": {"time": [], "loc": [], "country": [], "weapon": [{"text": "\u822a\u6bcd", "offset": 38, "length": 2}]}}, {"sentence": "\u867d\u7136\uff0c\u7f8e\u56fd\u6700\u8fd1\u4ee5\u201c\u6253\u80bf\u8138\u5145\u80d6\u5b50\u201d\u7684\u65b9\u5f0f\uff0c\u53c8\u5ba3\u626c\u4e09\u8258\u822a\u6bcd\u540c\u65f6\u5728\u4e9a\u592a\u51fa\u73b0\u4e86\uff0c\u4f46\u662f\u76ee\u524d\u65b0\u51a0\u75c5\u6bd2\u5bf9\u7f8e\u56fd\u7684\u56f0\u6270\u8fd8\u662f\u5f88\u5389\u5bb3\u7684\uff0c\u5bf9\u6c11\u95f4\u793e\u4f1a\u548c\u519b\u961f\u90fd\u9020\u6210\u4e86\u5f88\u5927\u7684\u5f71\u54cd\u3002", "events": [], "arguments": {"time": [], "loc": [], "country": [], "weapon": [{"text": "\u822a\u6bcd", "offset": 25, "length": 2}]}}, {"sentence": "\u5728\u8fd9\u79cd\u60c5\u51b5\u4e0b\uff0c\u7f8e\u56fd\u62c5\u5fc3\u5927\u9646\u4f1a\u4e0d\u4f1a\u501f\u673a\u52a8\u6b66\uff0c\u56e0\u6b64\u5b83\u8fd9\u6bb5\u65f6\u671f\u80af\u5b9a\u4f1a\u5bf9\u6211\u65b9\u6cbf\u6d77\u8fdb\u884c\u7ef5\u5bc6\u7684\u4fa6\u5bdf\u3002", "events": [], "arguments": {"time": [], "loc": [], "country": [], "weapon": []}}, {"sentence": "\u901a\u8fc7\u4fa6\u5bdf\uff0c\u5b83\u518d\u5224\u65ad\u4e0b\u4e00\u6b65\u5e94\u8be5\u505a\u51fa\u600e\u6837\u7684\u53cd\u5e94\uff0c\u4e3a\u5b83\u7684\u8bc4\u4f30\u505a\u8fd9\u6837\u7684\u6280\u672f\u51c6\u5907\u3002", "events": [], "arguments": {"time": [], "loc": [], "country": [], "weapon": []}}, {"sentence": "\u53e6\u5916\uff0c\u7f8e\u519b\u4fa6\u5bdf\u673a\u9760\u5f97\u6bd4\u8f83\u8fd1\uff0c\u6beb\u65e0\u7591\u95ee\u662f\u4e00\u79cd\u6076\u610f\u6311\u8845\u884c\u4e3a\u3002", "events": [], "arguments": {"time": [], "loc": [], "country": [], "weapon": [{"text": "\u7f8e\u519b\u4fa6\u5bdf\u673a", "offset": 3, "length": 5}]}}, {"sentence": "\u6240\u4ee5\uff0c\u5f53\u5b83\u9760\u8fd9\u4e48\u8fd1\u7684\u65f6\u5019\uff0c\u6211\u4eec\u5b8c\u5168\u6709\u5fc5\u8981\u5b9e\u65bd\u4f34\u98de\u3001\u8ddf\u8e2a\u76d1\u89c6\u3002", "events": [], "arguments": {"time": [], "loc": [], "country": [], "weapon": []}}, {"sentence": "\u6211\u5fc5\u987b\u5f80\u5916\u6324\u4f60\uff0c\u8ba9\u4f60\u79bb\u6211\u8fdc\u4e00\u4e9b\uff0c\u8fd9\u662f\u6211\u4eec\u5728\u7ef4\u62a4\u56fd\u5bb6\u5b89\u5168\u65f6\u5e94\u8be5\u8003\u8651\u7684\u4e00\u4e2a\u9009\u9879\u3002", "events": [], "arguments": {"time": [], "loc": [], "country": [], "weapon": []}}, {"sentence": "7\u670823\u65e5\uff0c\u84ec\u4f69\u5965\u53d1\u8868\u6d89\u534e\u6f14\u8bb2\uff08\u56fe\u6e90\uff1a\u7f8e\u8054\u793e\uff09", "events": [], "arguments": {"time": [], "loc": [], "country": [], "weapon": []}}, {"sentence": "\uff08\u56fe\u6e90\uff1a\u7f8e\u8054\u793e\uff09", "events": [], "arguments": {"time": [], "loc": [], "country": [], "weapon": []}}, {"sentence": "\u4e3b\u6301\u4eba\uff1a", "events": [], "arguments": {"time": [], "loc": [], "country": [], "weapon": []}}, {"sentence": "\u7f8e\u519b\u5728\u53f0\u6d77\u5174\u98ce\u4f5c\u6d6a\u7684\u540c\u65f6\uff0c\u7f8e\u56fd\u653f\u5ba2\u4eec\u4e5f\u5fd9\u7740\u5728\u5357\u6d77\u95ee\u9898\u4e0a\u5bf9\u4e2d\u56fd\u8fdb\u884c\u62b9\u9ed1\u548c\u653b\u51fb\u3002", "events": [], "arguments": {"time": [], "loc": [], "country": [], "weapon": []}}, {"sentence": "\u8fd1\u65e5\uff0c\u7f8e\u56fd\u56fd\u52a1\u537f\u84ec\u4f69\u5965\u53d1\u201c\u63a8\u7279\u201d\u79f0\uff0c\u5357\u6d77\u4e0d\u662f\u4e2d\u56fd\u7684\u201c\u6d77\u4e0a\u5e1d\u56fd\u201d\uff0c\u4e2d\u56fd\u8fdd\u53cd\u56fd\u9645\u6cd5\u3002", "events": [], "arguments": {"time": [], "loc": [], "country": [], "weapon": []}}, {"sentence": "\u6b64\u5916\u4ed6\u8fd8\u6566\u4fc3\u6fb3\u5927\u5229\u4e9a\u79ef\u6781\u53c2\u4e0e\u7f8e\u56fd\u4e3b\u5bfc\u7684\u6240\u8c13\u201c\u5357\u6d77\u81ea\u7531\u822a\u884c\u201d\u884c\u52a8\u3002", "events": [], "arguments": {"time": [], "loc": [], "country": [], "weapon": []}}, {"sentence": "\u7f8e\u56fd\u4e0d\u65ad\u62c9\u7740\u81ea\u5df1\u7684\u201c\u5c0f\u5144\u5f1f\u201d\u5728\u5357\u6d77\u6405\u6d51\u6c34\uff0c\u5230\u5e95\u60f3\u8981\u5e72\u4ec0\u4e48\uff1f", "events": [], "arguments": {"time": [], "loc": [], "country": [], "weapon": []}}, {"sentence": "\u91d1\u4e00\u5357\uff1a \u5357\u6d77\u7684\u5f62\u52bf\u6211\u4eec\u73b0\u5728\u53ef\u4ee5\u770b\u5230\uff0c\u7531\u4e8e\u7f8e\u56fd\u5174\u98ce\u4f5c\u6d6a\uff0c\u6240\u4ee5\u6709\u4e9b\u76df\u53cb\u4e0d\u5f97\u4e0d\u8ddf\u968f\uff0c\u6bd4\u5982\u82f1\u56fd\uff0c\u82f1\u56fd\u51c6\u5907\u6d3e\u51fa\u822a\u6bcd\u8fc7\u6765\u8f6c\u4e00\u8f6c\uff0c\u5305\u62ec\u6fb3\u5927\u5229\u4e9a\u90fd\u6709\u8fd9\u6837\u7684\u8d8b\u52bf\u3002", "events": [], "arguments": {"time": [], "loc": [], "country": [], "weapon": [{"text": "\u822a\u6bcd", "offset": 51, "length": 2}]}}, {"sentence": "\u4f46\u662f\u6211\u4eec\u8bb2\uff0c\u82f1\u56fd\u6709\u51e0\u8258\u519b\u8230\uff1f", "events": [], "arguments": {"time": [], "loc": [], "country": [], "weapon": [{"text": "\u519b\u8230", "offset": 11, "length": 2}]}}, {"sentence": "\u80fd\u8de8\u8d8a\u91cd\u6d0b\u8fc7\u6765\u7684\u7740\u5b9e\u6ca1\u51e0\u8258\uff0c\u6fb3\u5927\u5229\u4e9a\u6d77\u519b\u66f4\u4e0d\u503c\u5f97\u4e00\u63d0\u3002", "events": [], "arguments": {"time": [], "loc": [], "country": [], "weapon": []}}, {"sentence": "\u6240\u4ee5\uff0c\u5176\u5b9e\u6d77\u4e0a\u529b\u91cf\u5c31\u662f\u7f8e\u56fd\u3002", "events": [], "arguments": {"time": [], "loc": [], "country": [], "weapon": []}}, {"sentence": "\u7f8e\u56fd\u7684\u6d77\u4e0a\u529b\u91cf\u5728\u4e1c\u4e9a\u5730\u533a\uff0c\u5305\u62ec\u5728\u65e5\u672c\u6a2a\u987b\u8d3a\u57fa\u5730\u3001\u5728\u65b0\u52a0\u5761\u6a1f\u5b9c\u57fa\u5730\u3001\u5728\u51b2\u7ef3\u7684\u9a7b\u6cca\uff0c\u5175\u529b\u7684\u5bcc\u4f59\u91cf\u5e76\u4e0d\u662f\u5f88\u5927\uff0c\u6240\u4ee5\u5b83\u8981\u6c42\u522b\u7684\u56fd\u5bb6\u90fd\u8fc7\u6765\u4e00\u8d77\u53c2\u4e0e\u3002", "events": [], "arguments": {"time": [], "loc": [], "country": [], "weapon": []}}, {"sentence": "\u4ece\u8fd9\u70b9\u6765\u770b\u6709\u70b9\u8272\u5389\u5185\u834f\uff0c\u8868\u9762\u4e0a\u67b6\u52bf\u62c9\u5f97\u5f88\u5927\uff0c\u5b9e\u9645\u4e0a\u53ef\u7528\u7684\u62db\u6570\u5e76\u4e0d\u662f\u5f88\u591a\u3002", "events": [], "arguments": {"time": [], "loc": [], "country": [], "weapon": []}}, {"sentence": "\u53e6\u4e00\u65b9\u9762\uff0c\u7f8e\u56fd\u7279\u522b\u9700\u8981\u51ed\u501f\u865a\u5f20\u58f0\u52bf\u6311\u8d77\u672c\u56fd\u7684\u6c11\u65cf\u4e3b\u4e49\u60c5\u7eea\uff0c\u535a\u5f97\u9009\u6c11\u652f\u6301\u3002", "events": [], "arguments": {"time": [], "loc": [], "country": [], "weapon": []}}, {"sentence": "\u5c31\u662f\u7f8e\u56fd\u53d1\u51fa\u6218\u4e89\u5a01\u80c1\uff0c\u4f46\u53c8\u4e0d\u4ed8\u8bf8\u6218\u4e89\uff0c\u4ed6\u4e5f\u6ca1\u6709\u635f\u5931\uff0c\u7136\u540e\u8bc9\u8bf8\u6c11\u65cf\u4e3b\u4e49\uff0c\u8ba9\u62e5\u62a4\u7f8e\u56fd\u7684\u4eba\u66f4\u591a\uff0c\u8ba9\u5927\u5bb6\u770b\u5b83\u5bf9\u4e2d\u56fd\u591a\u5f3a\u786c\uff0c\u7f8e\u56fd\u5c31\u662f\u60f3\u8fd9\u6837\u3002", "events": [], "arguments": {"time": [], "loc": [], "country": [], "weapon": []}}, {"sentence": "\u4f46\u7f8e\u56fd\u4e5f\u77e5\u9053\u8fd9\u662f\u5728\u73a9\u706b\uff0c\u8fd9\u79cd\u73a9\u6cd5\u73a9\u5230\u6700\u540e\u5bb9\u6613\u70e7\u5230\u81ea\u5df1\u7684\u624b\u3002", "events": [], "arguments": {"time": [], "loc": [], "country": [], "weapon": []}}, {"sentence": "\u5f53\u7136\u6709\u4e9b\u4eba\uff0c\u4ec0\u4e48\u53eb\u201c\u72fc\u72c8\u4e3a\u5978\u201d\uff1f", "events": [], "arguments": {"time": [], "loc": [], "country": [], "weapon": []}}, {"sentence": "\u4f60\u770b\u72c8\u524d\u817f\u5f88\u77ed\uff0c\u5c31\u642d\u5728\u72fc\u7684\u8eab\u4e0a\uff0c\u5305\u62ec\u6709\u4e00\u6279\u8fd9\u6837\u7684\u4eba\u552f\u6050\u5929\u4e0b\u4e0d\u4e71\u3002", "events": [], "arguments": {"time": [], "loc": [], "country": [], "weapon": []}}, {"sentence": "\u6211\u4eec\u770b\u65e5\u672c\u6709\u6311\u8845\u6027\u7684\u8bed\u8a00\uff0c\u5728\u7f8e\u56fd\u751a\u81f3\u5728\u6fb3\u5927\u5229\u4e9a\u4e5f\u6709\u4e00\u4e9b\u6311\u8845\u6027\u7684\u8bed\u8a00\uff0c\u8bf4\u7f8e\u519b\u4e3a\u4ec0\u4e48\u4e0d\u8f70\u70b8\u5357\u6c99\u7684\u5c9b\u5c7f\uff0c\u65e2\u7136\u4e0d\u627f\u8ba4\u5b83\u7684\u56fd\u9645\u5408\u6cd5\u6027\u5b8c\u5168\u53ef\u4ee5\u5c06\u5176\u70b8\u6389\uff0c\u5b83\u7684\u4eba\u5de5\u5c9b\u4e0a\u6ca1\u6709\u591a\u5c11\u5c45\u6c11\uff0c\u70b8\u6389\u5b83\u5b8c\u5168\u662f\u5408\u7406\u7684\u3002", "events": [], "arguments": {"time": [], "loc": [], "country": [], "weapon": []}}, {"sentence": "\u4f60\u4eec\u8c01\u6562\u6765\u70b8\u8bd5\u8bd5\u770b\uff0c\u90a3\u5c31\u662f\u5bf9\u4e2d\u56fd\u5ba3\u6218\uff0c\u8c01\u6562\u505a\u5230\u8fd9\u4e00\u6b65\uff1f", "events": [], "arguments": {"time": [], "loc": [], "country": [], "weapon": []}}, {"sentence": "\u8c01\u4e5f\u4e0d\u6562\u505a\u5230\u8fd9\u4e00\u6b65\u3002", "events": [], "arguments": {"time": [], "loc": [], "country": [], "weapon": []}}, {"sentence": "\u6211\u4eec\u52a0\u5f3a\u5357\u6d77\u7684\u9632\u52a1\u8d23\u65e0\u65c1\u8d37\uff0c\u73b0\u5728\u4ed6\u4eec\u53d1\u51fa\u8fd9\u6837\u7684\u6076\u8a00\uff0c\u800c\u4e14\u519b\u8230\u3001\u519b\u673a\u4e00\u6b21\u6b21\u9760\u8fd1\uff0c\u7ed9\u6211\u4eec\u5357\u6d77\u51e0\u4e2a\u5c9b\u7901\u5b8c\u6210\u81ea\u6211\u9632\u536b\u7684\u6b66\u529b\u90e8\u7f72\u63d0\u4f9b\u4e86\u5145\u5206\u7684\u7406\u7531\uff0c\u6211\u4eec\u4e00\u5b9a\u8981\u5229\u7528\u8fd9\u4e2a\u5145\u5206\u7684\u7406\u7531\uff0c\u6709\u6548\u5730\u5b8c\u6210\u5357\u6d77\u7684\u9632\u5fa1\u6027\u90e8\u7f72\u3002", "events": [], "arguments": {"time": [], "loc": [], "country": [], "weapon": [{"text": "\u519b\u8230", "offset": 28, "length": 2}, {"text": "\u519b\u673a", "offset": 31, "length": 2}]}}, {"sentence": "\u6211\u4eec\u4e0d\u653b\u51fb\u8c01\uff0c\u4f46\u8c01\u6562\u653b\u51fb\u6211\u4eec\uff0c\u6211\u4eec\u8981\u8ba9\u4ed6\u4ed8\u51fa\u52a0\u500d\u4ee3\u4ef7\u6765\u507f\u8fd8\u3002", "events": [], "arguments": {"time": [], "loc": [], "country": [], "weapon": []}}]