[{"sentence": "\u571f\u8033\u5176\u4e0e\u5e0c\u814a\u5173\u7cfb\u7d27\u5f20\u4e4b\u9645\u00a0\u7f8e\u519b\u822a\u6bcd\u5206\u522b\u4e0e\u4e24\u56fd\u5f00\u5c55\u8054\u5408\u6f14\u4e60", "events": [], "arguments": {"time": [], "loc": [], "country": [], "weapon": [{"text": "\u822a\u6bcd", "offset": 15, "length": 2}]}}, {"sentence": "\u3010\u73af\u7403\u7f51\u62a5\u9053 \u8bb0\u8005 \u5f90\u7490\u660e\u3011", "events": [], "arguments": {"time": [], "loc": [], "country": [], "weapon": []}}, {"sentence": "\u636e\u571f\u8033\u5176\u6bcf\u65e5\u65b0\u95fb(hurriyetdailynews)7\u670829\u65e5\u62a5\u9053\uff0c\u571f\u8033\u5176\u56fd\u9632\u90e8\u5f53\u5929\u8868\u793a\uff0c\u571f\u8033\u5176\u548c\u7f8e\u56fd\u6d77\u519b\u5728\u5730\u4e2d\u6d77\u4e1c\u90e8\u6d77\u57df\u8fdb\u884c\u4e86\u6d77\u4e0a\u8054\u5408\u8bad\u7ec3\u3002", "events": [], "arguments": {"time": [], "loc": [{"text": "\u5730\u4e2d\u6d77\u4e1c\u90e8\u6d77\u57df", "offset": 55, "length": 7}], "country": [{"text": "\u571f\u8033\u5176", "offset": 46, "length": 3}, {"text": "\u7f8e\u56fd", "offset": 50, "length": 2}], "weapon": []}}, {"sentence": "\u571f\u8033\u5176\u56fd\u9632\u90e8\u5728\u793e\u4ea4\u5a92\u4f53\u4e0a\u53d1\u5e03\u6d88\u606f\u79f0\uff0c\u53c2\u4e0e\u5730\u4e2d\u6d77\u4e4b\u76fe\u884c\u52a8\u7684\u571f\u8033\u5176\u6d77\u519b\u51ef\u9a6c\u5c14\u00b7\u5217\u4f0a\u65af\u53f7\u62a4\u536b\u8230\u4e0e\u7f8e\u56fd\u201c\u827e\u68ee\u8c6a\u5a01\u5c14\u201d\u53f7\u822a\u6bcd\u6253\u51fb\u7fa4\u5f53\u5730\u65f6\u95f428\u65e5\u5728\u5730\u4e2d\u6d77\u4e2d\u90e8\u548c\u4e1c\u90e8\u5730\u533a\u8fdb\u884c\u4e86\u6d77\u4e0a\u8bad\u7ec3\u3002", "events": [{"trigger": {"text": "\u8bad\u7ec3", "offset": 83, "length": 2}, "subject": {"text": "\u571f\u8033\u5176\u6d77\u519b\u51ef\u9a6c\u5c14\u00b7\u5217\u4f0a\u65af\u53f7\u62a4\u536b\u8230", "offset": 28, "length": 16}, "object": {"text": "\u7f8e\u56fd\u201c\u827e\u68ee\u8c6a\u5a01\u5c14\u201d\u53f7\u822a\u6bcd", "offset": 45, "length": 12}}], "arguments": {"time": [], "loc": [], "country": [], "weapon": [{"text": "\u51ef\u9a6c\u5c14\u00b7\u5217\u4f0a\u65af\u53f7\u62a4\u536b\u8230", "offset": 33, "length": 11}, {"text": "\u201c\u827e\u68ee\u8c6a\u5a01\u5c14\u201d\u53f7\u822a\u6bcd", "offset": 47, "length": 10}]}}, {"sentence": "\u6b64\u524d\u636e\u571f\u8033\u5176\u5a92\u4f53Ahval7\u670826\u65e5\u62a5\u9053\uff0c\u7f8e\u56fd\u6d77\u519b\u201c\u827e\u68ee\u8c6a\u5a01\u5c14\u201d\u53f7\u822a\u6bcd\u5c06\u4e8e\u8fd1\u65e5\u901a\u8fc7\u82cf\u4f0a\u58eb\u8fd0\u6cb3\u8fdb\u5165\u5730\u4e2d\u6d77\uff0c\u5728\u7231\u7434\u6d77\u7684\u514b\u91cc\u7279\u5c9b\u4e0e\u5e0c\u814a\u7a7a\u519b\u4e3e\u884c\u8054\u5408\u519b\u6f14\u3002", "events": [{"trigger": {"text": "\u8054\u5408\u519b\u6f14", "offset": 68, "length": 4}, "subject": {"text": "\u7f8e\u56fd\u6d77\u519b\u201c\u827e\u68ee\u8c6a\u5a01\u5c14\u201d\u53f7\u822a\u6bcd", "offset": 21, "length": 14}, "object": {"text": "\u5e0c\u814a\u7a7a\u519b", "offset": 62, "length": 4}}], "arguments": {"time": [{"text": "7\u670826\u65e5", "offset": 13, "length": 5}], "loc": [{"text": "\u7231\u7434\u6d77\u7684\u514b\u91cc\u7279\u5c9b", "offset": 53, "length": 8}], "country": [{"text": "\u5e0c\u814a", "offset": 62, "length": 2}], "weapon": [{"text": "\u201c\u827e\u68ee\u8c6a\u5a01\u5c14\u201d\u53f7\u822a\u6bcd", "offset": 25, "length": 10}]}}, {"sentence": "\u62a5\u9053\u79f0\uff0c\u9664\u201c\u827e\u68ee\u8c6a\u5a01\u5c14\u201d\u53f7\u822a\u6bcd\u5916\uff0c\u53c2\u4e0e\u519b\u6f14\u7684\u8fd8\u670912\u8258\u7f8e\u56fd\u519b\u8230\uff0c\u5e0c\u814a\u7a7a\u519b\u5219\u5c06\u6d3e\u51fa8\u67b6F-16\uff0c\u6f14\u4e60\u5c06\u6301\u7eed\u7ea610\u5929\uff0c\u4f46\u5177\u4f53\u5f00\u59cb\u65e5\u671f\u8fd8\u6ca1\u6709\u6d88\u606f\u3002", "events": [], "arguments": {"time": [], "loc": [], "country": [], "weapon": [{"text": "F-16", "offset": 42, "length": 4}, {"text": "\u201c\u827e\u68ee\u8c6a\u5a01\u5c14\u201d\u53f7\u822a\u6bcd", "offset": 5, "length": 10}]}}, {"sentence": "\u8fd1\u671f\uff0c\u571f\u8033\u5176\u5ba3\u5e03\u5c06\u6d3e\u79d1\u8003\u8239\u8d74\u4e0e\u5e0c\u814a\u4e89\u8bae\u6d77\u57df\u8fdb\u884c\u5730\u8d28\u52d8\u63a2\u6d3b\u52a8\uff0c\u6b64\u4e3e\u52a0\u5267\u4e86\u571f\u8033\u5176\u4e0e\u90bb\u56fd\u5e0c\u814a\u7684\u7d27\u5f20\u5173\u7cfb\uff0c\u5730\u4e2d\u6d77\u5c40\u52bf\u4e5f\u5f15\u8d77\u56fd\u9645\u793e\u4f1a\u9ad8\u5ea6\u5173\u6ce8\u3002", "events": [], "arguments": {"time": [], "loc": [], "country": [], "weapon": []}}, {"sentence": "\u5f53\u5730\u65f6\u95f47\u670828\u65e5\uff0c\u571f\u8033\u5176\u603b\u7edf\u53d1\u8a00\u4eba\u5361\u6797\u8bc1\u5b9e\uff0c\u571f\u65b9\u5df2\u7ecf\u6682\u505c\u4e86\u5728\u76f8\u5173\u6d77\u57df\u7684\u5730\u8d28\u52d8\u63a2\u6d3b\u52a8\uff0c\u5e76\u5df2\u51c6\u5907\u597d\u4e0e\u5e0c\u814a\u65b9\u9762\u5c31\u6240\u6709\u5bfc\u81f4\u4e24\u56fd\u5173\u7cfb\u7d27\u5f20\u7684\u533a\u57df\u6027\u95ee\u9898\u8fdb\u884c\u5bf9\u8bdd\u3002", "events": [], "arguments": {"time": [], "loc": [], "country": [], "weapon": []}}]