[{"sentence": "\u753b\u98ce\u9519\u4e71\uff1a\u7f8e\u519b\u5de1\u903b\u673a\u98de\u8d8a\u9ed1\u6d77\u00a0\u4e00\u56fd\u6d3e\u82cf27\u62a4\u822a\u53e6\u4e00\u56fd\u6d3e\u82cf27\u62e6\u622a", "events": [], "arguments": {"time": [], "loc": [{"text": "\u9ed1\u6d77", "offset": 12, "length": 2}], "country": [], "weapon": [{"text": "\u5de1\u903b\u673a", "offset": 7, "length": 3}, {"text": "\u82cf27", "offset": 18, "length": 3}, {"text": "\u82cf27", "offset": 27, "length": 3}]}}, {"sentence": "\u3010\u73af\u7403\u7f51\u62a5\u9053 \u8bb0\u8005 \u5f90\u7490\u660e\u3011", "events": [], "arguments": {"time": [], "loc": [], "country": [], "weapon": []}}, {"sentence": "\u636e\u201c\u9632\u52a1\u535a\u5ba2\u201d\u7f51\u7ad97\u670828\u62a5\u9053\uff0c\u4e4c\u514b\u5170\u7684\u82cf-27\u6218\u6597\u673a\u8fd1\u65e5\u4e0e\u7f8e\u56fd\u822a\u7a7a\u5175\u90e8\u961f\u5f00\u5c55\u4e86\u4e00\u6b21\u8fd1\u8ddd\u79bb\u7684\u7a7a\u4e2d\u652f\u63f4\u6f14\u4e60\u3002", "events": [], "arguments": {"time": [{"text": "7\u670828", "offset": 9, "length": 4}], "loc": [], "country": [{"text": "\u7f8e\u56fd", "offset": 30, "length": 2}, {"text": "\u4e4c\u514b\u5170", "offset": 16, "length": 3}], "weapon": [{"text": "\u82cf-27\u6218\u6597\u673a", "offset": 20, "length": 7}]}}, {"sentence": "\u62a5\u9053\u79f0\uff0c\u5728\u7f8e\u4e4c\u4e3b\u529e\u7684\u201c\u6d77\u4e0a\u5fae\u98ce\u201d\u8054\u5408\u6f14\u4e60\u671f\u95f4\uff0c\u4e4c\u514b\u5170\u7684\u82cf-27\u6218\u6597\u673a\u4e3a\u4e00\u67b6\u7f8e\u56fd\u6d77\u519b\u7684P-8A\u53cd\u6f5c\u5de1\u903b\u673a\u8fdb\u884c\u4e86\u62a4\u822a\uff0c\u5f53\u65f6\u8fd9\u67b6\u5de1\u903b\u673a\u6b63\u5728\u9ed1\u6d77\u4e0a\u7a7a\u98de\u884c\u3002", "events": [], "arguments": {"time": [], "loc": [], "country": [], "weapon": [{"text": "P-8A\u53cd\u6f5c\u5de1\u903b\u673a", "offset": 42, "length": 9}, {"text": "\u82cf-27\u6218\u6597\u673a", "offset": 27, "length": 7}]}}, {"sentence": "P-8A\u53cd\u6f5c\u5de1\u903b\u673a\u662f\u7f8e\u56fd\u6d77\u519b\u6700\u65b0\u88c5\u5907\u7684\u6d77\u4e0a\u5de1\u903b\u673a\uff0c\u914d\u5907\u4e86\u6700\u65b0\u7684\u4fa6\u5bdf\u6280\u672f\u548c\u5404\u79cd\u5148\u8fdb\u4f20\u611f\u5668\uff0c\u7528\u4e8e\u53d6\u4ee3\u8001\u65e7\u7684P-3\u7cfb\u5217\u53cd\u6f5c\u5de1\u903b\u673a\u3002", "events": [], "arguments": {"time": [], "loc": [], "country": [], "weapon": [{"text": "P-8A\u53cd\u6f5c\u5de1\u903b\u673a", "offset": 0, "length": 9}, {"text": "P-3\u7cfb\u5217\u53cd\u6f5c\u5de1\u903b\u673a", "offset": 51, "length": 10}]}}, {"sentence": "\u53e6\u636eRT\u65b0\u95fb7\u670827\u65e5\u62a5\u9053\uff0c\u4e00\u67b6\u7f8e\u56fdP-8A\u6d77\u4e0a\u5de1\u903b\u673a\u5f53\u5929\u5728\u9ed1\u6d77\u4e0a\u7a7a\u906d\u4fc4\u6218\u673a\u62e6\u622a\uff0c\u8be5\u673a\u5f53\u65f6\u6b63\u5728\u53c2\u52a0\u201c\u6d77\u4e0a\u5fae\u98ce\u201d\u6f14\u4e60\u3002", "events": [{"trigger": {"text": "\u6f14\u4e60", "offset": 55, "length": 2}, "subject": {"text": "\u4e00\u67b6\u7f8e\u56fdP-8A\u6d77\u4e0a\u5de1\u903b\u673a", "offset": 14, "length": 13}, "object": {"text": "", "offset": 0, "length": 0}}], "arguments": {"time": [], "loc": [], "country": [], "weapon": [{"text": "P-8A\u6d77\u4e0a\u5de1\u903b\u673a", "offset": 18, "length": 9}, {"text": "\u6218\u673a", "offset": 0, "length": 2}]}}, {"sentence": "\u800c\u6709\u8da3\u7684\u662f\uff0c\u4fc4\u7f57\u65af\u51fa\u52a8\u7528\u4e8e\u62e6\u622aP-8A\u53cd\u6f5c\u5de1\u903b\u673a\u7684\u673a\u578b\uff0c\u4e5f\u662f\u82cf-27\u6218\u6597\u673a\u3002", "events": [], "arguments": {"time": [], "loc": [], "country": [], "weapon": [{"text": "P-8A\u53cd\u6f5c\u5de1\u903b\u673a", "offset": 15, "length": 9}, {"text": "\u82cf-27\u6218\u6597\u673a", "offset": 30, "length": 7}]}}, {"sentence": "\u8fd9\u662f\u81ea\u4e0a\u5468\u56db\u4ee5\u6765\uff0c\u4fc4\u7f57\u65af\u6218\u673a\u8fde\u7eed\u7b2c\u4e09\u6b21\u5728\u9ed1\u6d77\u4e0a\u7a7a\u62e6\u622a\u7f8e\u56fd\u95f4\u8c0d\u98de\u673a\u3002", "events": [], "arguments": {"time": [], "loc": [], "country": [], "weapon": [{"text": "\u6218\u673a", "offset": 12, "length": 2}, {"text": "\u8c0d\u98de\u673a", "offset": 0, "length": 3}]}}]