[{"sentence": "\u6b63\u786e\u8ba4\u8bc6\u548c\u501f\u9274\u201c\u4fc4\u7f57\u65af\u6ca1\u6709\u82af\u7247\u5371\u673a\u201d\u7684\u7ecf\u9a8c\u6559\u8bad", "events": [], "arguments": {"time": [], "loc": [], "country": [], "weapon": []}}, {"sentence": "\u6b63\u786e\u8ba4\u8bc6\u548c\u501f\u9274\u201c\u4fc4\u7f57\u65af\u6ca1\u6709\u82af\u7247\u5371\u673a\u201d\u7684\u7ecf\u9a8c\u6559\u8bad", "events": [], "arguments": {"time": [], "loc": [], "country": [], "weapon": []}}, {"sentence": "\u2014\u5e76\u63ed\u53d1\u67d0\u4e9b\u7f51\u6587\u7684\u6284\u88ad\u884c\u4e3a\u2014", "events": [], "arguments": {"time": [], "loc": [], "country": [], "weapon": []}}, {"sentence": "\u822a\u5929\u79d1\u5de5\u4e8c\u9662\u00a0 \u90ed\u884d\u83b9", "events": [], "arguments": {"time": [], "loc": [], "country": [], "weapon": []}}, {"sentence": "\u4e00\u3001\u7f8e\u56fd\u5229\u7528\u201c\u82af\u7247\u5236\u88c1\u201d\u5bf9\u4e2d\u56fd\u6253\u538b\u3001\u904f\u5236\u5c06\u6210\u4e3a\u65b0\u5e38\u6001", "events": [], "arguments": {"time": [], "loc": [], "country": [], "weapon": []}}, {"sentence": "\u7279\u6717\u666e\u4e0a\u53f0\u540e\uff0c\u516c\u5f00\u5ba3\u79f0\u4e2d\u4fc4\u662f\u7f8e\u56fd\u7684\u6218\u7565\u5bf9\u624b\u3002", "events": [], "arguments": {"time": [], "loc": [], "country": [], "weapon": []}}, {"sentence": "\u5e76\u5229\u7528\u82af\u7247\u5236\u88c1\u7684\u624b\u6bb5\u5bf9\u4e2d\u56fd\u53d1\u52a8\u4e00\u7cfb\u5217\u6253\u538b\u548c\u904f\u5236\u63aa\u65bd\u3002", "events": [], "arguments": {"time": [], "loc": [], "country": [], "weapon": []}}, {"sentence": "\u5728\u8fd9\u65b0\u5f62\u52bf\u4e0b\uff0c\u6211\u4e8e2018\u5e748\u67089\u65e5\u5728\u73af\u7403\u7f51\u53d1\u8868\u4e86\u300a\u4ece\u6b66\u5668\u88c5\u5907\u7684\u89c2\u70b9\u770b\u5f53\u524d\u82af\u7247\u95ee\u9898\u300b\u4e00\u6587\uff0c\u7b2c\u4e00\u4e2a\u5728\u4e92\u8054\u7f51\u4e0a\u63d0\u51fa\u201c\u4fc4\u5c16\u7aef\u6b66\u5668\u7f18\u4f55\u6ca1\u6709\u82af\u7247\u5371\u673a\u201d\u95ee\u9898\u3002", "events": [], "arguments": {"time": [], "loc": [], "country": [], "weapon": []}}, {"sentence": "\u4eca\u5e745\u67088\u65e5\u6211\u53c8\u5728\u73af\u7403\u7f51\u53d1\u8868\u300a\u201c\u82af\u7247\u5371\u673a\u201d\u4f1a\u5377\u571f\u91cd\u6765\u5417\uff1f", "events": [], "arguments": {"time": [], "loc": [], "country": [], "weapon": []}}, {"sentence": "\u2014\u518d\u8bba\u4fc4\u5c16\u7aef\u6b66\u5668\u7f18\u4f55\u6ca1\u6709\u82af\u7247\u5371\u673a\uff1f", "events": [], "arguments": {"time": [], "loc": [], "country": [], "weapon": []}}, {"sentence": "\u201d\u300b\u4e00\u6587\u3002", "events": [], "arguments": {"time": [], "loc": [], "country": [], "weapon": []}}, {"sentence": "\u4f5c\u8005\u5728\u6587\u4e2d\u9884\u6d4b\uff0c\u5f85\u65b0\u51a0\u75c5\u6bd2\u75ab\u60c5\u8fc7\u540e\uff0c\u65b0\u4e00\u8f6e\u7684\u7ecf\u6d4e\u6469\u64e6\u548c\u66f4\u4e25\u5389\u7684\u82af\u7247\u5236\u88c1\u5fc5\u5c06\u518d\u5ea6\u4e0a\u6f14\u3002", "events": [], "arguments": {"time": [], "loc": [], "country": [], "weapon": []}}, {"sentence": "\u800c\u4e14\u65b0\u7684\u5236\u88c1\u5fc5\u5c06\u6d89\u53ca\u519b\u7528\u82af\u7247\u3002", "events": [], "arguments": {"time": [], "loc": [], "country": [], "weapon": []}}, {"sentence": "\u540e\u6765\u60c5\u51b5\u662f\uff0c\u7279\u6717\u666e\u4e0d\u987e\u7f8e\u56fd\u7684\u75ab\u60c5\u4e00\u6ce2\u9ad8\u4e00\u6ce2\u5730\u8086\u8650\uff0c\u6025\u4e0d\u53ef\u5f85\u5730\u5bf9\u6211\u56fd\u7684\u6c11\u8425\u4f01\u4e1a\u534e\u4e3a\u53ca\u51765G\u4ea7\u54c1\u8fdb\u884c\u5236\u88c1\u548c\u6253\u538b\u3002", "events": [], "arguments": {"time": [], "loc": [], "country": [], "weapon": []}}, {"sentence": "5\u670815\u65e5\u7f8e\u56fd\u5546\u4e1a\u90e8\u5c31\u5ba3\u5e03\u5168\u9762\u9650\u5236\u534e\u4e3a\u8d2d\u4e70\u91c7\u7528\u7f8e\u56fd\u8f6f\u4ef6\u548c\u6280\u672f\u751f\u4ea7\u7684\u534a\u5bfc\u4f53\u3002", "events": [], "arguments": {"time": [], "loc": [], "country": [], "weapon": []}}, {"sentence": "\u7ee7\u800c\u591a\u6b21\u8ffd\u52a0\u82db\u523b\u7684\u9650\u5236\u6761\u4ef6\u3002", "events": [], "arguments": {"time": [], "loc": [], "country": [], "weapon": []}}, {"sentence": "\u7279\u6717\u666e\u52a8\u5458\u653f\u5e9c\u529b\u91cf\u6765\u5236\u88c1\u548c\u6253\u538b\u4e2d\u56fd\u4e00\u5bb6\u6c11\u8425\u4f01\u4e1a\u5f00\u53d15G\u82af\u7247\uff0c\u624b\u6bb5\u7684\u5351\u52a3\u524d\u6240\u672a\u6709\u3002", "events": [], "arguments": {"time": [], "loc": [], "country": [], "weapon": []}}, {"sentence": "\u81f3\u4e8e\u5728\u519b\u7528\u82af\u7247\u65b9\u9762\uff0c\u7f8e\u56fd\u5bf9\u4e00\u4e9b\u91cd\u8981\u7684\u548c\u5173\u952e\u6027\u82af\u7247\uff0c\u957f\u671f\u6765\u4e00\u76f4\u4e25\u7981\u5176\u519b\u7528\u7ea7\u548c\u822a\u5929\u7ea7\u4ea7\u54c1\u8fdb\u5165\u4e2d\u56fd\u3002", "events": [], "arguments": {"time": [], "loc": [], "country": [], "weapon": []}}, {"sentence": "\u7279\u6717\u666e\u4e0a\u53f0\u540e\u53d8\u672c\u52a0\u5389\uff0c\u4e0d\u65ad\u6269\u5927\u7981\u6b62\u7684\u8303\u56f4\uff0c\u4f01\u56fe\u4ee5\u6b64\u6253\u538b\u6211\u56fd\u519b\u529b\u7684\u53d1\u5c55\u3002", "events": [], "arguments": {"time": [], "loc": [], "country": [], "weapon": []}}, {"sentence": "2017\u5e74\u7f8e\u56fd\u603b\u7edf\u79d1\u6280\u59d4\u5458\u4f1a\u5c31\u53d1\u5e03\u4e00\u4efd\u540d\u4e3a\u300a\u5982\u4f55\u786e\u4fdd\u7f8e\u56fd\u5728\u534a\u5bfc\u4f53\u884c\u4e1a\u7684\u957f\u671f\u9886\u5bfc\u5730\u4f4d\u300b\u62a5\u544a\u3002", "events": [], "arguments": {"time": [], "loc": [], "country": [], "weapon": []}}, {"sentence": "\u5185\u4e2d\u89c4\u5b9a\u4e25\u683c\u7981\u6b62\u519b\u7528\u7ea7\u4ee5\u4e0a\uff08\u5305\u62ec\u5b87\u822a\u7ea7\uff09\u534a\u5bfc\u4f53\u4ea7\u54c1\u4f9b\u5e94\u4e2d\u4fc4\u6218\u7565\u5bf9\u624b\u3002", "events": [], "arguments": {"time": [], "loc": [], "country": [], "weapon": []}}, {"sentence": "\u6b64\u9879\u4efb\u52a1\u7531\u603b\u7edf\u6280\u672f\u52a9\u7406\u7275\u5934\u7684\u9886\u5bfc\u5c0f\u7ec4\u76d1\u7763\u6267\u884c\u3002", "events": [], "arguments": {"time": [], "loc": [], "country": [], "weapon": []}}, {"sentence": "\u5728\u7f8e\u56fd\uff0c\u82af\u7247\u7ecf\u8425\u5546\u5f80\u5f80\u5c31\u662f\u519b\u706b\u5546\uff0c\u6216\u8005\u5bc6\u5207\u76f8\u5173", "events": [], "arguments": {"time": [], "loc": [], "country": [], "weapon": []}}, {"sentence": "\u3002", "events": [], "arguments": {"time": [], "loc": [], "country": [], "weapon": []}}, {"sentence": "\u56e0\u6b64\u653f\u5e9c\u7684\u610f\u5fd7\u5f88\u5feb\u53d8\u6210\u8fd9\u4e9b\u519b\u706b\u5546\u884c\u52a8\u3002", "events": [], "arguments": {"time": [], "loc": [], "country": [], "weapon": []}}, {"sentence": "\u4e0b\u9762\u4e3e\u51e0\u79cd\u7f8e\u56fd\u6700\u901a\u7528\u7684\u519b\u7528\u82af\u7247\u4e3a\u4f8b\u6765\u8bf4\u660e\u60c5\u51b5\u3002", "events": [], "arguments": {"time": [], "loc": [], "country": [], "weapon": []}}, {"sentence": "\u5927\u5bb6\u77e5\u9053\uff0c\u4efb\u4f55\u6570\u5b57\u7535\u5b50\u8bbe\u5907\u7b2c\u4e00\u4e2a\u5173\u952e\u82af\u7247\u662fADC/DAC\u82af\u7247\u3002", "events": [], "arguments": {"time": [], "loc": [], "country": [], "weapon": [{"text": "ADC/DAC\u82af\u7247", "offset": 21, "length": 9}]}}, {"sentence": "\u4e00\u822c\u7684ADC/DAC\u82af\u7247\u7cbe\u5ea6\uff08\u4f4d\u6570\uff09\u4e0d\u9ad8\uff0c\u91c7\u6837\u7387\u4e5f\u8f83\u4f4e\u3002", "events": [], "arguments": {"time": [], "loc": [], "country": [], "weapon": [{"text": "ADC/DAC\u82af\u7247", "offset": 3, "length": 9}]}}, {"sentence": "\u6240\u4ee5\u6570\u5b57\u63a5\u6536\u673a\u7684\u52a8\u6001\u8303\u56f4\u59cb\u7ec8\u8d76\u4e0d\u4e0a\u6a21\u62df\u63a5\u6536\u673a\u3002", "events": [], "arguments": {"time": [], "loc": [], "country": [], "weapon": [{"text": "\u6570\u5b57\u63a5\u6536\u673a", "offset": 2, "length": 5}, {"text": "\u63a5\u6536\u673a", "offset": 0, "length": 3}]}}, {"sentence": "\u4f46\u540e\u6765\u7f8e\u56fdADI\u516c\u53f8\u548c\u56fd\u5bb6\u534a\u5bfc\u4f53\u5728\u6280\u672f\u4e0a\u6709\u7a81\u7834\u3002", "events": [], "arguments": {"time": [], "loc": [], "country": [], "weapon": []}}, {"sentence": "\u81ea\u79f0\u4ed6\u4eec\u638c\u63e1\u7684AD\u6838\u5fc3\u6280\u672f\u8981\u9886\u5148\u5168\u7403\u5176\u4ed6\u56fd\u5bb620\u5e74\u3002", "events": [], "arguments": {"time": [], "loc": [], "country": [], "weapon": []}}, {"sentence": "\u636e\u8bf4\u5b83\u7684\u4e00\u7247\u5b87\u822a\u7ea7ADC\u82af\u7247\u62a5\u4ef720\u4e07\u7f8e\u5143\u3002", "events": [], "arguments": {"time": [], "loc": [], "country": [], "weapon": [{"text": "\u5b87\u822a\u7ea7ADC\u82af\u7247", "offset": 6, "length": 8}]}}, {"sentence": "\u800c\u4e14\u5bf9\u4e2d\u4fc4\u4e25\u683c\u4fdd\u5bc6\u548c\u7981\u8fd0\u3002", "events": [], "arguments": {"time": [], "loc": [], "country": [], "weapon": []}}, {"sentence": "\u518d\u8bf4FPGA\u82af\u7247\u3002", "events": [], "arguments": {"time": [], "loc": [], "country": [], "weapon": [{"text": "FPGA\u82af\u7247", "offset": 2, "length": 6}]}}, {"sentence": "\u636e\u8d44\u6599\u900f\u9732\uff0cXilinx\u516c\u53f8\u7814\u53d1\u7684FPGA\u82af\u7247\u5df2\u5f00\u53d1\u81f310\u7ea7\uff0c\u5373Virtex-10\u3002", "events": [], "arguments": {"time": [], "loc": [], "country": [], "weapon": [{"text": "FPGA\u82af\u7247", "offset": 17, "length": 6}, {"text": "Virtex-10", "offset": 32, "length": 9}]}}, {"sentence": "\u4f46\u5728\u4e2d\u56fd\u5e02\u573a\u4e0a\u53ea\u4f9b\u5e94\u81f37\u7ea7\uff0c\u5373Virtex-7\uff0820nm\u82af\u7247\uff09\u3002", "events": [], "arguments": {"time": [], "loc": [], "country": [], "weapon": []}}, {"sentence": "\u8fd9\u662f\u519b\u6c11\u4e8c\u7528\u7ea7\uff1b\u518d\u5f80\u4e0a\u5c31\u662f\u519b\u7528\u7ea7\u548c\u822a\u5929\u7ea7\uff0c\u90fd\u4ece\u6765\u6ca1\u6709\u5728\u4e2d\u56fd\u5e02\u573a\u9732\u8fc7\u9762\u3002", "events": [], "arguments": {"time": [], "loc": [], "country": [], "weapon": [{"text": "\u519b\u7528\u7ea7", "offset": 13, "length": 3}, {"text": "\u822a\u5929\u7ea7", "offset": 17, "length": 3}]}}, {"sentence": "\u524d\u4e8c\u5e74Xilinx\u516c\u53f8\u66fe\u5ba3\u4f20\u63a8\u51fa\u4e00\u79cd\u65b0\u7684Virtex-7\u519b\u7528\u7ea7\u4ee3\u7528\u54c1\uff0c\u79f0Kintex-7\uff0816nm\u82af\u7247\uff09\u3002", "events": [], "arguments": {"time": [], "loc": [], "country": [], "weapon": []}}, {"sentence": "\u4f46\u5f88\u5feb\u5c31\u65ad\u4f9b\u4e86\u3002", "events": [], "arguments": {"time": [], "loc": [], "country": [], "weapon": []}}, {"sentence": "\u800c\u4e14\u5373\u4f7fVirtex-7\u73b0\u5728\u4e5f\u5f88\u96be\u4e70\u5230\u3002", "events": [], "arguments": {"time": [], "loc": [], "country": [], "weapon": [{"text": "Virtex-7", "offset": 4, "length": 8}]}}, {"sentence": "\u81f3\u4e8eVirtex-7\u4ee5\u4e0b\u5404\u7ea7\u90fd\u662f\u6c11\u7528\u7684\uff0c\u5728\u519b\u4e8b\u4e0a\u610f\u4e49\u4e0d\u5927\u3002", "events": [], "arguments": {"time": [], "loc": [], "country": [], "weapon": [{"text": "Virtex-7", "offset": 2, "length": 8}]}}, {"sentence": "\u4fe1\u53f7\u5904\u7406\u53e6\u4e00\u91cd\u8981\u82af\u7247DSP\u7684\u60c5\u51b5\u548cFPGA\u5dee\u4e0d\u591a\uff0c\u53ea\u662f\u5b83\u7684\u6c11\u7528\u5e02\u573a\u7684\u6bd4\u91cd\u66f4\u5927\u4e9b\u3002", "events": [], "arguments": {"time": [], "loc": [], "country": [], "weapon": [{"text": "DSP", "offset": 10, "length": 3}, {"text": "FPGA", "offset": 17, "length": 4}]}}, {"sentence": "\u636e\u4e1a\u5185\u4eba\u58eb\u5206\u6790\uff0c\u53ea\u8981\u4e2d\u7f8e\u7ecf\u6d4e\u4e0a\u4e0d\u5b8c\u5168\u8131\u94a9\uff0c\u7f8e\u56fd\u5bf9\u534a\u5bfc\u4f53\u4e0d\u4f1a\u5b8c\u5168\u5168\u9762\u5c01\u6740\u3002", "events": [], "arguments": {"time": [], "loc": [], "country": [], "weapon": []}}, {"sentence": "\u56e0\u4e3a\u8fd9\u4e9b\u516c\u53f8\u7684\u6c11\u7528\u7ea7\u82af\u7247\u8fd8\u9700\u8981\u5728\u4e2d\u56fd\u5e02\u573a\u9500\u552e\uff0c\u8d5a\u94b1\u3002", "events": [], "arguments": {"time": [], "loc": [], "country": [], "weapon": []}}, {"sentence": "\u6240\u4ee5\u4f5c\u4e3a\u4e00\u4e2a\u519b\u4e8b\u5f3a\u56fd\u6ca1\u6709\u81ea\u5df1\u7684\u82af\u7247\u4ea7\u4e1a\u94fe\uff0c\u5982\u518d\u52a0\u4e0a\u57fa\u7840\u79d1\u5b66\u5dee\uff0c\u4e0d\u80fd\u50cf\u4fc4\u7f57\u65af\u90a3\u6837\u80fd\u8bbe\u8ba1\u51fa\u82af\u7247\u4ee3\u7528\u54c1\uff0c\u5c31\u53ea\u80fd\u5904\u5904\u53d7\u5236\u4e8e\u4eba\u4e86\u3002", "events": [], "arguments": {"time": [], "loc": [], "country": [], "weapon": []}}, {"sentence": "\u4e8c\u3001\u6982\u8ff0\u6211\u5bf9\u201c\u4fc4\u7f57\u65af\u7f18\u4f55\u6ca1\u6709\u82af\u7247\u5371\u673a\uff1f", "events": [], "arguments": {"time": [], "loc": [], "country": [], "weapon": []}}, {"sentence": "\u201d\u7684\u8ba4\u8bc6", "events": [], "arguments": {"time": [], "loc": [], "country": [], "weapon": []}}, {"sentence": "2005\u5e74\uff0c\u6211\u548c\u5176\u4ed6\u51e0\u4f4d\u521a\u9000\u4f11\u7684\u8001\u540c\u5fd7\u66fe\u5e94\u8058\u53bb\u90e8\u961f\u5927\u4fee\u5382\u5f53\u6280\u672f\u987e\u95ee\uff1b\u6709\u673a\u4f1a\u63a5\u89e6\u5230\u4e00\u4e9b\u4ece\u56fd\u5916\u5f15\u8fdb\u7684\u6b66\u5668\u88c5\u5907\u3002", "events": [], "arguments": {"time": [], "loc": [], "country": [], "weapon": []}}, {"sentence": "\u5927\u4fee\u5382\u5de5\u4eba\u5e08\u5085\u66fe\u5411\u6211\u4eec\u63d0\u51fa\u4e00\u4e2a\u5f88\u6709\u610f\u601d\u7684\u95ee\u9898\uff1a\u4fc4\u7f57\u65af\u7ecf\u6d4e\u4e0d\u666f\u6c14\uff0c\u53c8\u5c61\u906d\u897f\u65b9\u7684\u5236\u88c1\u3002", "events": [], "arguments": {"time": [], "loc": [], "country": [], "weapon": []}}, {"sentence": "\u4f46\u4e3a\u4f55\u4ed6\u7814\u53d1\u7684\u6b66\u5668\u7684\u6c34\u5e73\u603b\u80fd\u4e16\u754c\u4e00\u6d41\uff1f", "events": [], "arguments": {"time": [], "loc": [], "country": [], "weapon": []}}, {"sentence": "\u4f60\u4eec\u80fd\u5426\u603b\u7ed3\u51fa\u51e0\u6761\uff0c\u4f9b\u5e74\u8f7b\u4e00\u4ee3\u7684\u8bbe\u8ba1\u4eba\u5458\u53c2\u8003\u3002", "events": [], "arguments": {"time": [], "loc": [], "country": [], "weapon": []}}, {"sentence": "\u5e08\u5085\u4eec\u656c\u4e1a\u7cbe\u795e\u548c\u7231\u56fd\u60c5\u6000\u611f\u52a8\u6211\u4eec\u3002", "events": [], "arguments": {"time": [], "loc": [], "country": [], "weapon": []}}, {"sentence": "\u6211\u79bb\u804c\u56de\u6765\u540e\u4e00\u76f4\u5728\u6536\u96c6\u8d44\u6599\u548c\u601d\u8003\u5e08\u5085\u4eec\u63d0\u51fa\u7684\u95ee\u9898\uff1b\u5e76\u5c31\u6211\u7684\u89c1\u89e3\u4e8e2015\u5e746\u670817\u65e5\u5728\u5317\u4eac\u65e5\u62a5\u201c\u519b\u4e8b\u680f\u201d\uff08\u73b0\u5df2\u505c\u520a\uff09\u4e0a\u53d1\u8868\u8fc7\u201c\u4fc4\u6b66\u5668\u7814\u53d1\u4e3a\u5565\u603b\u80fd\u7ad9\u5728\u524d\u6cbf\u201d\u4e00\u6587\u3002", "events": [], "arguments": {"time": [], "loc": [], "country": [], "weapon": []}}, {"sentence": "\u7279\u6717\u666e\u4e0a\u53f0\u540e\u53d1\u751f\u201c\u82af\u7247\u5371\u673a\u201d\uff0c\u6211\u53c8\u5728\u73af\u7403\u7f51\u524d\u540e\u53d1\u8868\u4e8c\u6587\uff0c\u9610\u8ff0\u6211\u5bf9\u201c\u4fc4\u7f57\u65af\u7f18\u4f55\u6ca1\u6709\u82af\u7247\u5371\u673a\u201d\u7684\u770b\u6cd5\u3002", "events": [], "arguments": {"time": [], "loc": [], "country": [], "weapon": []}}, {"sentence": "\u4fc4\u7f57\u65af\u7814\u53d1\u5c16\u7aef\u6b66\u5668\u7f18\u4f55\u6ca1\u6709\u82af\u7247\u5371\u673a\uff1f", "events": [], "arguments": {"time": [], "loc": [], "country": [], "weapon": [{"text": "\u5c16\u7aef\u6b66\u5668", "offset": 5, "length": 4}]}}, {"sentence": "\u6982\u62ec\u8d77\u6765\u6211\u8ba4\u4e3a\uff0c\u7b2c\u4e00\uff0c\u4ed6\u7684\u57fa\u7840\u79d1\u5b66\u5f3a\u5927\uff0c\u53ef\u4ee5\u521b\u65b0\u5730\u8bbe\u8ba1\u51fa\u6a21\u62df\u7535\u8def\u6765\u66ff\u4ee3\u82af\u7247\u3002", "events": [], "arguments": {"time": [], "loc": [], "country": [], "weapon": []}}, {"sentence": "\u8fd9\u79cd\u66ff\u4ee3\u4e0d\u662f\u7b80\u5355\u7684\u4ece\u6570\u5b57\u5230\u6a21\u62df\u7684\u5bf9\u5e94\uff0c\u800c\u662f\u4e00\u79cd\u521b\u65b0\u3002", "events": [], "arguments": {"time": [], "loc": [], "country": [], "weapon": []}}, {"sentence": "\u4ee5\u5b9e\u73b0\u8109\u51b2\u591a\u666e\u52d2\u4fe1\u53f7\u5904\u7406\u4e3a\u4f8b\uff0c\u4fc4\u79d1\u6280\u4eba\u5458\u4e2d\u521b\u65b0\u5730\u7528\u4e00\u4e2a\u8f83\u7b80\u5355\u7684\u201c\u4ed6\u6fc0\u6676\u4f53\u632f\u8361\u5668\u201d\u6765\u5b9e\u73b0\u4e2d\u9891\u76f8\u53c2\u79ef\u7d2f\uff08\u52a0\u4e0a\u4e00\u7ec4\u6a21\u62df\u6ee4\u6ce2\u5668\u540e\uff0c\u7406\u8bba\u4e0a\u5c31\u5b8c\u5168\u7b49\u6548FFT\uff09\u3002", "events": [], "arguments": {"time": [], "loc": [], "country": [], "weapon": []}}, {"sentence": "\u89c15\u67088\u65e5\u73af\u7403\u7f51\u4e0a\u6211\u7684\u6587\u7ae0\u3002", "events": [], "arguments": {"time": [], "loc": [], "country": [], "weapon": []}}, {"sentence": "\u6587\u4e2d\u6211\u8fd8\u753b\u4e86\u4e00\u5f20\u539f\u7406\u56fe\uff0c\u8bf4\u660e\u5176\u5de5\u4f5c\u539f\u7406\u3002", "events": [], "arguments": {"time": [], "loc": [], "country": [], "weapon": []}}, {"sentence": "\u7b2c\u4e8c\uff0c\u626c\u957f\u907f\u77ed\uff0c\u6562\u4e8e\u5145\u5206\u53d1\u6325\u81ea\u5df1\u7684\u4f18\u52bf\uff0c\u5927\u80c6\u521b\u65b0\uff0c\u4ee5\u5f25\u8865\u6ca1\u6709\u82af\u7247\u5e26\u6765\u7684\u7f3a\u9677\uff0c\u4f7f\u6b66\u5668\u603b\u4f53\u6c34\u5e73\u4e16\u754c\u4e00\u6d41\u3002", "events": [], "arguments": {"time": [], "loc": [], "country": [], "weapon": []}}, {"sentence": "\u4fc4\u7f57\u65af\u5c3d\u7ba1\u5fae\u7535\u5b50\u6280\u672f\u6c34\u5e73\u4f4e\uff0c\u4f46\u5728\u5176\u4ed6\u5f88\u591a\u65b9\u9762\uff0c\u5982\u5fae\u6ce2\u6beb\u7c73\u6ce2\u6280\u672f\uff08\u5305\u62ec\u6a21\u5757\uff09\u3001\u5fae\u6ce2\u7535\u771f\u7a7a\u6280\u672f\u3001\u81ea\u52a8\u63a7\u5236\u6280\u672f\u7b49\u65b9\u9762\u6709\u5f88\u5927\u4f18\u52bf\u3002", "events": [], "arguments": {"time": [], "loc": [], "country": [], "weapon": []}}, {"sentence": "\u66f4\u4e0d\u7528\u8bf4\u7a7a\u6c14\u52a8\u529b\u5b66\u3001\u53d1\u52a8\u673a\u3001\u5bfc\u5f39\u7b49\u65b9\u9762\u5386\u6765\u662f\u4fc4\u7f57\u65af\u7684\u5f3a\u9879\u3002", "events": [], "arguments": {"time": [], "loc": [], "country": [], "weapon": []}}, {"sentence": "\u4fc4\u79d1\u6280\u4eba\u5458\u5145\u5206\u53d1\u6325\u81ea\u5df1\u7684\u806a\u660e\u624d\u667a\uff0c\u626c\u957f\u907f\u77ed\uff0c\u5f25\u8865\u56e0\u5fae\u7535\u5b50\u6280\u672f\u8584\u5f31\u5e26\u6765\u7684\u7f3a\u9677\u3002", "events": [], "arguments": {"time": [], "loc": [], "country": [], "weapon": []}}, {"sentence": "\u4e2d\u56fd\u6709\u53e5\u4fd7\u8bed\u53eb\u201c\u5824\u5916\u635f\u5931\u5824\u5185\u8865\u201d\uff0c\u5c31\u662f\u8fd9\u4e2a\u610f\u601d\u3002", "events": [], "arguments": {"time": [], "loc": [], "country": [], "weapon": []}}, {"sentence": "\u8b6c\u5982S-300\u96f7\u8fbe\u7cfb\u7edf\uff0c\u88ab\u7f8e\u56fd\u4e00\u4e9b\u8457\u540d\u96f7\u8fbe\u4e13\u5bb6\u8d5e\u8a89\u4e3a\u201c\u9ad8\u6027\u80fd\u3001\u4f4e\u6210\u672c\u3001\u4f4e\u529f\u8017\u201d\u7684\u8bbe\u8ba1\u3002", "events": [], "arguments": {"time": [], "loc": [], "country": [], "weapon": [{"text": "S-300\u96f7\u8fbe\u7cfb\u7edf", "offset": 2, "length": 9}]}}, {"sentence": "\u56e0\u4e3a\u5b83\u6562\u4e8e\u9996\u5148\u91c7\u7528X\u6ce2\u6bb5\uff0c\u800c\u7f8e\u56fd\u201c\u7231\u56fd\u8005\u201d\u81f3\u4eca\u4ecd\u662fC\u6ce2\u6bb5\u3002", "events": [], "arguments": {"time": [], "loc": [], "country": [], "weapon": [{"text": "\u201c\u7231\u56fd\u8005\u201d", "offset": 16, "length": 5}]}}, {"sentence": "\u4fc4\u6709\u5fae\u6ce2\u5927\u529f\u7387\u7535\u771f\u7a7a\u5668\u4ef6\uff0c\u6240\u4ee5\u6562\u4e8e\u5927\u80c6\u91c7\u7528\u201c\u9ad8\u8109\u51b2\u91cd\u590d\u9891\u7387\u7684\u8109\u51b2\u591a\u666e\u52d2\u4f53\u5236\u201d\uff08\u63a5\u8fd1\u8fde\u7eed\u6ce2\uff09\u3002", "events": [], "arguments": {"time": [], "loc": [], "country": [], "weapon": []}}, {"sentence": "\u8fd9\u79cd\u4f53\u5236\u80fd\u5728\u5927\u7a7a\u57df\u5185\u5177\u6709\u4f18\u826f\u7684\u5bf9\u4ed8\u9ad8\u901f\u673a\u52a8\u76ee\u6807\u548c\u6742\u6ce2\u5e72\u6270\u7684\u80fd\u529b\u3002", "events": [], "arguments": {"time": [], "loc": [], "country": [], "weapon": []}}, {"sentence": "\u800c\u8fd9\u79cd\u65b9\u6848\u957f\u671f\u4ee5\u6765\u4e00\u76f4\u662f\u88ab\u7ecf\u5178\u96f7\u8fbe\u7406\u8bba\u8ba4\u4e3a\u662f\u201c\u4e0d\u5efa\u8bae\u91c7\u7528\u201d\u3002", "events": [], "arguments": {"time": [], "loc": [], "country": [], "weapon": []}}, {"sentence": "\u73b0\u5728\u4fc4\u7f57\u65af\u6210\u529f\u91c7\u7528\u4e86\uff0c\u8fd8\u7531\u603b\u5de5\u7a0b\u5e08\u62ff\u5230\u56fd\u9645\u96f7\u8fbe\u4f1a\u8bae\u4e0a\u53bb\u62a5\u544a\uff0c\u7f8e\u56fd\u7684\u51e0\u4f4d\u8001\u4e13\u5bb6\u4e86\u89e3\u540e\u8868\u793a\u795d\u8d3a\u5e76\u5927\u52a0\u8d5e\u8d4f\u3002", "events": [], "arguments": {"time": [], "loc": [], "country": [], "weapon": []}}, {"sentence": "\u8fd9\u4e8c\u6761\u7ed3\u5408\u8d77\u6765\u662f\u5426\u53ef\u4ee5\u8fd9\u6837\u7406\u89e3\uff1a\u4e00\u4e2a\u519b\u4e8b\u5f3a\u56fd\u5f97\u6709\u5f3a\u5927\u7684\u82af\u7247\u4ea7\u4e1a\uff0c\u6216\u8005\u6709\u5f3a\u5927\u7684\u57fa\u7840\u79d1\u5b66\u3002", "events": [], "arguments": {"time": [], "loc": [], "country": [], "weapon": []}}, {"sentence": "\u5982\u679c\u4e8c\u8005\u7686\u65e0\uff0c\u5c31\u53ea\u80fd\u5750\u4ee5\u5f85\u6bd9\u4e86\u3002", "events": [], "arguments": {"time": [], "loc": [], "country": [], "weapon": []}}, {"sentence": "\u8fd9\u91cc\u9700\u8981\u5f3a\u8c03\u7684\u662f\uff0c\u6211\u8bf4\u7684\u8981\u501f\u9274\u4fc4\u7f57\u65af\u7ecf\u9a8c\uff0c\u7edd\u975e\u63d0\u5021\u5927\u5bb6\u90fd\u4e0d\u7528\u82af\u7247\uff0c\u6539\u7528\u6a21\u62df\u7535\u8def\u3002", "events": [], "arguments": {"time": [], "loc": [], "country": [], "weapon": []}}, {"sentence": "\u82af\u7247\u6280\u672f\u4ee3\u8868\u672a\u6765\u7535\u5b50\u5b66\u53d1\u5c55\u65b9\u5411\u3002", "events": [], "arguments": {"time": [], "loc": [], "country": [], "weapon": []}}, {"sentence": "\u6240\u4ee5\u7f8e\u56fd\u7684\u96f7\u8fbe\u7cfb\u7edf\u7279\u522b\u7d27\u51d1\uff0c\u4e0d\u50cf\u4fc4\u7f57\u65af\u90a3\u6837\u201c\u50bb\u5927\u7c97\u201d\u3002", "events": [], "arguments": {"time": [], "loc": [], "country": [], "weapon": []}}, {"sentence": "\u6211\u4eec\u4e3b\u8981\u5b66\u4e60\u4fc4\u7f57\u65af\u7684\u81ea\u4e3b\u521b\u65b0\u7684\u7cbe\u795e\uff0c\u548c\u626c\u957f\u907f\u77ed\u7684\u8bbe\u8ba1\u601d\u60f3\u3002", "events": [], "arguments": {"time": [], "loc": [], "country": [], "weapon": []}}, {"sentence": "\u4fc4\u7f57\u65af\u4eba\u5de7\u5999\u5730\u7528\u521b\u65b0\u7684\u6a21\u62df\u7535\u8def\u6280\u672f\u66ff\u4ee3\u82af\u7247\uff0c\u7684\u786e\u503c\u5f97\u5927\u5bb6\u4f69\u670d\u548c\u501f\u9274\u3002", "events": [], "arguments": {"time": [], "loc": [], "country": [], "weapon": []}}, {"sentence": "\u4f46\u4fc4\u7f57\u65af\u4ece\u672a\u5938\u8000\u81ea\u5df1\u7684\u6a21\u62df\u7535\u8def\u5982\u4f55\u5982\u4f55\u597d\uff0c\u80dc\u8fc7\u82af\u7247\u3002", "events": [], "arguments": {"time": [], "loc": [], "country": [], "weapon": []}}, {"sentence": "\u8bf4\u767d\u4e86\u4ed6\u4eec\u4e5f\u662f\u51fa\u4e8e\u65e0\u5948\u3002", "events": [], "arguments": {"time": [], "loc": [], "country": [], "weapon": []}}, {"sentence": "\u4f46\u4ed6\u4eec\u80fd\u5728\u65e0\u5948\u4e2d\u4e89\u53d6\u6700\u597d\u7684\u7ed3\u679c\u3002", "events": [], "arguments": {"time": [], "loc": [], "country": [], "weapon": []}}, {"sentence": "\u4ed6\u4eec\u7684\u521b\u65b0\u7cbe\u795e\u548c\u626c\u957f\u907f\u77ed\u7684\u8bbe\u8ba1\u601d\u60f3\u624d\u662f\u771f\u6b63\u503c\u5f97\u6211\u4eec\u5b66\u4e60\u7684\u3002", "events": [], "arguments": {"time": [], "loc": [], "country": [], "weapon": []}}, {"sentence": "\u6211\u56fd\u6bd4\u8d77\u4fc4\u7f57\u65af\u6709\u5f88\u591a\u6709\u5229\u6761\u4ef6\uff0c\u9996\u5148\u662f\u6211\u56fd\u7684\u5fae\u7535\u5b50\u6280\u672f\u5305\u62ec\u82af\u7247\u6280\u672f\uff0c\u65e0\u8bba\u662f\u8bbe\u8ba1\u6216\u91cf\u4ea7\uff0c\u90fd\u5df2\u6709\u8f83\u597d\u7684\u57fa\u7840\u3002", "events": [], "arguments": {"time": [], "loc": [], "country": [], "weapon": []}}, {"sentence": "\u53ea\u662f\u6211\u56fd\u7684\u6a21\u62df\u7535\u8def\u6280\u672f\u6c34\u5e73\u7531\u4e8e\u957f\u671f\u4e0d\u5927\u91cd\u89c6\u57fa\u7840\u6559\u80b2\uff0c\u73b0\u5728\u5c31\u8fdc\u4e0d\u5982\u4fc4\u7f57\u65af\u3002", "events": [], "arguments": {"time": [], "loc": [], "country": [], "weapon": []}}, {"sentence": "\u6240\u4ee5\u5b8c\u5168\u4e0d\u5e94\u8be5\u629b\u5f03\u6216\u653e\u6162\u82af\u7247\u6280\u672f\u7684\u53d1\u5c55\uff0c\u56de\u8fc7\u5934\u6765\u7814\u7a76\u5982\u4f55\u7528\u6a21\u62df\u7535\u8def\u6765\u66ff\u4ee3\u82af\u7247\uff08\u5f53\u7136\u4e5f\u4e0d\u6392\u65a5\u67d0\u4e9b\u573a\u5408\u91c7\u7528\u5de7\u5999\u7684\u6a21\u62df\u7535\u8def\uff0c\u505a\u5230\u6570\u6a21\u7ed3\u5408\u6700\u4f18\u5316\uff09\u3002", "events": [], "arguments": {"time": [], "loc": [], "country": [], "weapon": []}}, {"sentence": "\u4e09\u3001\u63ed\u53d1\u4e92\u8054\u7f51\u4e0a\u67d0\u4e9b\u7f51\u6587\u7684\u6284\u88ad\u884c\u4e3a", "events": [], "arguments": {"time": [], "loc": [], "country": [], "weapon": []}}, {"sentence": "\u6211\u63d0\u51fa\u7684\u8fd9\u4e9b\u8bba\u70b9\u5f88\u5e0c\u671b\u5728\u4e92\u8054\u7f51\u4e0a\u548c\u5927\u5bb6\u4e00\u8d77\u63a2\u8ba8\u3002", "events": [], "arguments": {"time": [], "loc": [], "country": [], "weapon": []}}, {"sentence": "\u4f46\u8fd1\u65e5\u6211\u67e5\u9605\u4e92\u8054\u7f51\u8d44\u6599\uff0c\u65e0\u610f\u4e2d\u53d1\u73b0\u6709\u51e0\u7bc7\u7f51\u6587\u6284\u88ad\u6211\u5728\u73af\u7403\u7f51\u4e0a\u53d1\u8868\u6587\u7ae0\u4e2d\u7684\u4e00\u4e9b\u4e3b\u8981\u8bba\u70b9\u3002", "events": [], "arguments": {"time": [], "loc": [], "country": [], "weapon": []}}, {"sentence": "\u8bf4\u5b83\u662f\u6284\u88ad\uff0c\u56e0\u4e3a\u4ed6\u4eec\u4e0d\u9075\u5faa\u6700\u8d77\u7801\u7684\u9053\u5fb7\u51c6\u5219\uff08\u6ce8\u660e\u8fd9\u4e9b\u8bba\u70b9\u7684\u51fa\u5904\uff0c\u5e76\u5f81\u5f97\u73af\u7403\u7f51\u540c\u610f\uff09\u3002", "events": [], "arguments": {"time": [], "loc": [], "country": [], "weapon": []}}, {"sentence": "\u5f53\u7136\u4ed6\u4eec\u53d8\u6362\u624b\u6cd5\uff0c\u53ea\u6284\u88ad\u4e86\u51e0\u5c0f\u6bb5\uff0c\u4f7f\u4e00\u822c\u8bfb\u8005\u96be\u4ee5\u53d1\u73b0\u3002", "events": [], "arguments": {"time": [], "loc": [], "country": [], "weapon": []}}, {"sentence": "\u4f46\u5b83\u4eec\u6284\u88ad\u7684\u662f\u539f\u521b\u6587\u7ae0\u7684\u4e3b\u8981\u89c2\u70b9\uff08\u8bba\u70b9\uff09\uff0c\u4e5f\u5373\u6587\u7ae0\u7684\u201c\u539f\u521b\u201d\u90e8\u5206\u3002", "events": [], "arguments": {"time": [], "loc": [], "country": [], "weapon": []}}, {"sentence": "\u4ee5\u53ca\u6700\u5173\u952e\u7684\u51e0\u6bb5\u8bdd\uff08\u51e0\u53e5\u8bdd\uff09\u3002", "events": [], "arguments": {"time": [], "loc": [], "country": [], "weapon": []}}, {"sentence": "\u7136\u540e\u6539\u5934\u6362\u9762\uff0c\u6362\u4e00\u4e2a\u5438\u5f15\u8bfb\u8005\u773c\u7403\u7684\u9898\u76ee\uff08\u5982\uff1a\u201c\u4fc4\u7f57\u65af\u4ece\u4e0d\u62c5\u5fc3\u88ab\u82af\u7247\u5361\u8116\u5b50\u201d\uff0c\u2026.\u7b49\u7b49\uff09\uff0c\u52a0\u4e0a\u4e00\u4e9b\u65e0\u4e2d\u751f\u6709\uff0c\u54d7\u4f17\u53d6\u5ba0\u7684\u8bdd\uff08\u5982\u4f7f\u7f8e\u56fd\u53f9\u670d\uff0c\u4f7f\u7f8e\u56fd\u6298\u670d\uff0c\u4f69\u670d\uff0c\u7f8e\u56fd\u62ff\u4ed6\u6ca1\u8f99\u2026.\uff09,\u6709\u7684\u8fd8\u5236\u6210\u89c6\u9891\u8282\u76ee\uff0c\u6709\u4e9b\u4e2d\u95f4\u8fd8\u5939\u7740\u5e7f\u544a\uff0c\u76ee\u7684\u662f\u4ee5\u5ba3\u4f20\u9ad8\u79d1\u6280\u4e3a\u5e4c\u5b50\u8fbe\u5230\u8d5a\u94b1\u7684\u76ee\u7684\u3002", "events": [], "arguments": {"time": [], "loc": [], "country": [], "weapon": []}}, {"sentence": "\u6211\u5728\u539f\u7f51\u6587\u4e2d\u8bf4\u7684\u662f\uff1a\u4fc4\u79d1\u6280\u4eba\u5458\u91c7\u7528\u7279\u6b8a\u7684\u201c\u4ed6\u6fc0\u6676\u4f53\u632f\u8361\u5668\u201d\u7535\u8def\u6765\u5b8c\u6210\u4e2d\u9891\u76f8\u53c2\u79ef\u7d2f\u7684\u76ee\u7684\u3002", "events": [], "arguments": {"time": [], "loc": [], "country": [], "weapon": []}}, {"sentence": "\u800c\u4e00\u90e8\u5206\u6284\u88ad\u6587\u7ae0\u8bf4\uff0c\u662f\u7531\u4e8e\u4fc4\u7f57\u65af\u53d1\u660e\u4e86\u6676\u4f53\u632f\u8361\u5668\uff08\u8fd8\u52a0\u9644\u6ce8\u8bf4\u5b83\u662f\u7528\u77f3\u82f1\u6676\u4f53\u4f5c\u5143\u4ef6\u7684\u632f\u8361\u5668\uff09\u6765\u66ff\u4ee3\u82af\u7247\uff1b\u53e6\u4e00\u90e8\u5206\u6284\u88ad\u6587\u7ae0\u8bf4\u662f\u7531\u4e8e\u4fc4\u53d1\u660e\u4e86\u201c\u6fc0\u6676\u4f53\u632f\u8361\u5668\u201d\u66ff\u4ee3\u6676\u7247\u3002", "events": [], "arguments": {"time": [], "loc": [], "country": [], "weapon": []}}, {"sentence": "\u4e8c\u79cd\u8bf4\u6cd5\u90fd\u662f\u6284\u88ad\u6211\u7684\u539f\u521b\u8bba\u70b9\uff0c\u800c\u4e14\u8fd8\u6284\u9519\u4e86\uff0c\u800c\u4e14\u8fd8\u9519\u5f97\u4e00\u6837\u3002", "events": [], "arguments": {"time": [], "loc": [], "country": [], "weapon": []}}, {"sentence": "\u770b\u6765\u8fd9\u51e0\u7bc7\u6284\u88ad\u6587\u7ae0\u51fa\u81ea\u4e00\u3001\u4e8c\u4eba\u4e4b\u624b\uff0c\u6216\u8005\u662f\u4ee5\u8bb9\u4f20\u8bb9\u3002", "events": [], "arguments": {"time": [], "loc": [], "country": [], "weapon": []}}, {"sentence": "\u7b2c\u4e00\u79cd\u8bf4\u6cd5\u3002", "events": [], "arguments": {"time": [], "loc": [], "country": [], "weapon": []}}, {"sentence": "\u4e00\u822c\u6676\u4f53\u632f\u8361\u5668\u5c31\u53ef\u4ee3\u66ff\u82af\u7247\uff0c\u662f\u4e2a\u5927\u7b11\u8bdd\u3002", "events": [], "arguments": {"time": [], "loc": [], "country": [], "weapon": []}}, {"sentence": "\u7b2c\u4e8c\u79cd\u8bf4\u6cd5\u79f0\u4fc4\u53d1\u660e\u201c\u6fc0\u6676\u4f53\u632f\u8361\u5668\u201d\uff0c\u8c01\u4e5f\u5f04\u4e0d\u6e05\u8fd9\u662f\u4ec0\u4e48\u4e1c\u897f\uff1f", "events": [], "arguments": {"time": [], "loc": [], "country": [], "weapon": [{"text": "\u201c\u6fc0\u6676\u4f53\u632f\u8361\u5668\u201d", "offset": 9, "length": 8}]}}, {"sentence": "\u4e2d\u5916\u6240\u6709\u65e0\u7ebf\u7535\u8bcd\u5178\u6050\u5747\u65e0\u8fd9\u4e00\u8bcd\u6c47\u548c\u672f\u8bed\u3002", "events": [], "arguments": {"time": [], "loc": [], "country": [], "weapon": []}}, {"sentence": "\u6211\u5728\u7f51\u6587\u4e2d\u8bf4\u7684 \u201c\u4ed6\u6fc0\u6676\u4f53\u632f\u8361\u5668\u201d\uff0c\u662f\u4e2a\u6b63\u5f0f\u8bcd\u6c47\uff1b\u632f\u8361\u5668\u672c\u6765\u5c31\u6709\u81ea\u6fc0\u3001\u4ed6\u6fc0\uff08\u5916\u6fc0\uff09\u4e4b\u5206\u3002", "events": [], "arguments": {"time": [], "loc": [], "country": [], "weapon": []}}, {"sentence": "\u6211\u628a\u5b83\u5f15\u7528\u5728\u8fd9\u91cc\uff0c\u4e3a\u7684\u662f\u901a\u4fd7\u6613\u61c2\u3002", "events": [], "arguments": {"time": [], "loc": [], "country": [], "weapon": []}}, {"sentence": "\u5176\u5b9e\u5728\u4fc4S-300\u4e2d\uff0c\u5e76\u65e0\u540d\u79f0\u4e3a \u201c\u4ed6\u6fc0\u6676\u4f53\u632f\u8361\u5668\u201d\u8fd9\u4e2a\u7ec4\u5408\u6216\u90e8\u4ef6\u3002", "events": [], "arguments": {"time": [], "loc": [], "country": [], "weapon": [{"text": "\u4fc4S-300", "offset": 3, "length": 6}]}}, {"sentence": "\u5b9e\u9645\u7ec4\u5408\u516c\u5f00\u540d\u79f0\u662f \u201c\u4e2d\u9891\u79ef\u5206\u5668\u201d\uff08\u0418\u041f\u0427\u2014\u0418\u043d\u0442\u0435\u0433\u0440\u0430\u0442\u043e\u0440 \u041f\u0440\u043e\u043c\u0435\u0436\u0442\u043e\u0447\u043d\u043e\u0439 \u0427\u0430\u0441\u0442\u043e\u0442\u044b \uff09\u3002", "events": [], "arguments": {"time": [], "loc": [], "country": [], "weapon": []}}, {"sentence": "\u6211\u4e8e2011\u5e74\u66fe\u5c06\u6b64\u4e00\u6a21\u62df\u7535\u8def\u4ecb\u7ecd\u7ed9\u6709\u5173\u5355\u4f4d\u3002", "events": [], "arguments": {"time": [], "loc": [], "country": [], "weapon": []}}, {"sentence": "\u5e76\u540c\u65f6\u53d1\u8868\u4e8e\u7a7a\u519b\u520a\u7269\u201c\u5730\u9762\u9632\u7a7a\u6b66\u5668\u201d2011\u5e742\u671fp.33-35\uff0c\u548c\u7535\u5b50\u90e8\u520a\u7269\u201c\u96f7\u8fbe\u4e0e\u63a2\u6d4b\u6280\u672f\u52a8\u6001\u201d2011\u5e747\u671fp.6\u4e0a\u3002", "events": [], "arguments": {"time": [], "loc": [], "country": [], "weapon": []}}, {"sentence": "\u4e8c\u7bc7\u6587\u7ae0\u90fd\u8bf4 \u201c\u7528\u4ed6\u6fc0\u632f\u8361\u5668\u5b8c\u6210\u4e2d\u9891\u76f8\u53c2\u79ef\u7d2f\u201d\u3002", "events": [], "arguments": {"time": [], "loc": [], "country": [], "weapon": []}}, {"sentence": "\u770b\u6765\u6284\u88ad\u8005\u5e76\u6ca1\u6709\u5f04\u61c2\u6211\u7684\u6587\u7ae0\uff0c\u53ea\u662f\u6025\u529f\u8fd1\u5229\uff0c\u65ad\u7ae0\u53d6\u4e49\uff0c\u4e0d\u987e\u5185\u5bb9\u662f\u5426\u5408\u7406\u3002", "events": [], "arguments": {"time": [], "loc": [], "country": [], "weapon": []}}, {"sentence": "\u7136\u540e\u4ee5\u8bb9\u4f20\u8bb9\uff0c\u51e0\u7bc7\u6587\u7ae0\u90fd\u9519\u5f97\u4e00\u6837\u3002", "events": [], "arguments": {"time": [], "loc": [], "country": [], "weapon": []}}, {"sentence": "\u6700\u540e\u8bef\u5bfc\u8bfb\u8005\u548c\u7fa4\u4f17\u3002", "events": [], "arguments": {"time": [], "loc": [], "country": [], "weapon": []}}, {"sentence": "\u987a\u4fbf\u6211\u518d\u4ecb\u7ecd\u4e00\u4e9b\u60c5\u51b5\uff1a2103\u5e74\u6211\u4efb\u5927\u4fee\u90e8\u95e8\u987e\u95ee\u671f\u95f4\uff0c\u66fe\u6709\u673a\u4f1a\u8c03\u7814\u56fd\u5185\u4e00\u5bb6\u7814\u53d1\u6bd4\u8f83\u8457\u540d\u7684\u6676\u632f\u6c11\u8425\u4f01\u4e1a\uff0c\u95ee\u80fd\u5426\u7814\u53d1\u8fd9\u79cd\u7279\u6b8a\u7684\u4ed6\u6fc0\u6676\u632f\u4f5c\u4e3a\u5c04\u9891\u8109\u51b2\u79ef\u7d2f\u5668\uff1b\u4e5f\u66fe\u8c03\u7814\u4e00\u5bb6\u7814\u7a76\u6240\uff08\u4e8b\u4e1a\u5355\u4f4d\uff09\uff0c\u95ee\u80fd\u5426\u5229\u7528\u56fd\u5916\u82af\u7247\u7814\u53d1FFT\u4fe1\u53f7\u5904\u7406\u5668\u3002", "events": [], "arguments": {"time": [], "loc": [], "country": [], "weapon": []}}, {"sentence": "\u8fd9\u4e8c\u5bb6\u5206\u522b\u6838\u7b97\u7ed3\u679c\uff0c\u7528\u6a21\u62df\u5f0f\u7684\u7ecf\u8d39\u9700\u6bd4\u7528\u6570\u5b57\u82af\u7247\u591a50%\uff0c\u800c\u603b\u4f53\u79ef\u81f3\u5c11\u5927\u4e09\u5206\u4e4b\u4e00\u3002", "events": [], "arguments": {"time": [], "loc": [], "country": [], "weapon": []}}, {"sentence": "\u8fd9\u5c31\u662f\u6211\u5728\u6587\u7ae0\u4e2d\u63d0\u5230\u7684\uff1a\u201c\u4fc4\u7f57\u65af\u4fe1\u53f7\u5904\u7406\u673a\u67dc\u5982\u679c\u6539\u7528\u82af\u7247\u603b\u4f53\u79ef\u81f3\u5c11\u51cf\u5c11\u4e09\u5206\u4e4b\u4e00\u201d\u7684\u4f9d\u636e\u4e4b\u4e00\uff08\u53e6\u5916\u7684\u4e00\u4e2a\u4f9d\u636e\u662f\u5bf9\u4fc4\u516c\u5f00\u8d44\u6599\u4e0a\u7684\u6570\u636e\u8fdb\u884c\u4f30\u7b97\u800c\u5f97\uff09\u3002", "events": [], "arguments": {"time": [], "loc": [], "country": [], "weapon": []}}, {"sentence": "\u6709\u7bc7\u6284\u88ad\u6587\u7ae0\u4e5f\u8bf4\u4f53\u79ef\u53ef\u5c0f\u4e09\u5206\u4e4b\u4e00\u3002", "events": [], "arguments": {"time": [], "loc": [], "country": [], "weapon": []}}, {"sentence": "\u4e0d\u77e5\u4ed6\u6839\u636e\u4f55\u6765\uff1f", "events": [], "arguments": {"time": [], "loc": [], "country": [], "weapon": []}}, {"sentence": "\u8fd9\u4e9b\u6284\u88ad\u6587\u7ae0\u53e6\u4e00\u6613\u8bef\u5bfc\u8bfb\u8005\u4e4b\u5904\u662f\uff1a\u4fc4\u7f57\u65af\u53d1\u660e\u4e86\u66ff\u4ee3\u82af\u7247\u65b0\u65b9\u6cd5\uff0c\u6240\u4ee5\u4ed6\u201c\u4ece\u4e0d\u62c5\u5fc3\u88ab\u82af\u7247\u5361\u8116\u5b50\u201d\uff0c\u5e76\u4f7f\u201c\u7f8e\u56fd\u62ff\u5b83\u6ca1\u8f99\u201d\uff0c\u201c\u8ba9\u7f8e\u56fd\u53f9\u670d\u201d\uff0c\u201c\u4ee4\u7f8e\u56fd\u6298\u670d\u201d\u2026.\u201d \u201c\u65b9\u6cd5\u503c\u5f97\u4e2d\u56fd\u5b66\u4e60\u201d\u7b49\u7b49\u3002", "events": [], "arguments": {"time": [], "loc": [], "country": [], "weapon": []}}, {"sentence": "\u636e\u6211\u6240\u77e5\uff0c\u7f8e\u56fd\u786e\u6709\u4e00\u6279\u7814\u7a76\u548c\u719f\u6089S-300\u7684\u4e13\u5bb6\u5b66\u8005\u3002", "events": [], "arguments": {"time": [], "loc": [], "country": [], "weapon": [{"text": "S-300", "offset": 16, "length": 5}]}}, {"sentence": "\u5982\u7f16\u8457\u300a\u96f7\u8fbe\u624b\u518c\u300b\u7684\u65af\u79d1\u5c14\u5c3c\u514b\uff0c\u300a\u96f7\u8fbe\u7cfb\u7edf\u5206\u6790\u300b\u7684\u4f5c\u8005\u5df4\u767b\u7b49\u4eba\uff0c\u4e3a\u4e2d\u56fd\u540c\u884c\u95e8\u6240\u719f\u6089\u548c\u5c0a\u656c\u3002", "events": [], "arguments": {"time": [], "loc": [], "country": [], "weapon": []}}, {"sentence": "\u4f46\u4ece\u6ca1\u542c\u8bf4\u4ed6\u4eec\u5bf9\u4fc4\u7f57\u65af\u7684\u8fd9\u4e00\u6a21\u62df\u7535\u8def\u8868\u8fc7\u6001\uff0c\u53d1\u8868\u8fc7\u4efb\u4f55\u610f\u89c1\u3002", "events": [], "arguments": {"time": [], "loc": [], "country": [], "weapon": []}}, {"sentence": "\u4e0d\u77e5\u8fd9\u4e9b\u6284\u88ad\u8005\u4ece\u4f55\u5f97\u6b64\u4fe1\u606f\u3002", "events": [], "arguments": {"time": [], "loc": [], "country": [], "weapon": []}}, {"sentence": "\u65e0\u4e2d\u751f\u6709\u53ea\u80fd\u8d77\u5230\u54d7\u4f17\u53d6\u5ba0\u7684\u4f5c\u7528\u3002", "events": [], "arguments": {"time": [], "loc": [], "country": [], "weapon": []}}, {"sentence": "\u53e6\u5916\uff0c\u6211\u4e2a\u4eba\u4ece\u6ca1\u8bf4\u8fc7\u63d0\u5021\u4e0d\u7528\u82af\u7247\uff0c\u6539\u7528\u6a21\u62df\u7535\u8def\u7684\u8bdd\u3002", "events": [], "arguments": {"time": [], "loc": [], "country": [], "weapon": []}}, {"sentence": "\u6211\u5728\u6587\u7ae0\u4e2d\u4e00\u518d\u8bf4\u4fc4\u7f57\u65af\u7528\u8fd9\u4e9b\u65b9\u6848\u4e5f\u662f\u51fa\u4e8e\u65e0\u5948\u3002", "events": [], "arguments": {"time": [], "loc": [], "country": [], "weapon": []}}, {"sentence": "\u6211\u5e76\u591a\u6b21\u547c\u5401\u53d1\u5c55\u81ea\u5df1\u7684\u519b\u7528\u82af\u7247\u4ea7\u4e1a\u94fe\u3002", "events": [], "arguments": {"time": [], "loc": [], "country": [], "weapon": []}}, {"sentence": "\u5e94\u8be5\u5b66\u4e60\u534e\u4e3a\u7814\u53d15G\u82af\u7247\u65f6\u90a3\u79cd\u201c\u53ea\u6709\u80dc\u5229\uff0c\u6ca1\u6709\u9000\u8def\u201d\u7684\u7cbe\u795e\uff0c\u5efa\u8bbe\u4e2d\u56fd\u81ea\u5df1\u7684\u519b\u7528\u82af\u7247\u4ea7\u4e1a\u94fe\u3002", "events": [], "arguments": {"time": [], "loc": [], "country": [], "weapon": []}}, {"sentence": "\u6700\u540e\uff0c\u6211\u5e0c\u671b\u6284\u88ad\u7684\u540c\u5fd7\u7acb\u5373\u6539\u6b63\u9519\u8bef\uff0c\u7136\u540e\u548c\u5e7f\u5927\u8bfb\u8005\u4e00\u8d77\u53c2\u52a0\u6b63\u5e38\u7684\u8ba8\u8bba\u3002", "events": [], "arguments": {"time": [], "loc": [], "country": [], "weapon": []}}, {"sentence": "\u8fd9\u5c31\u662f\u6211\u7684\u8877\u5fc3\u5e0c\u671b\u3002", "events": [], "arguments": {"time": [], "loc": [], "country": [], "weapon": []}}]