[{"sentence": "\u7f8e\u519b\u4e3a\u6838\u6f5c\u8247\u8247\u5458\u914d\u5907\u6fc0\u5149\u67aa\u00a0\u6d6e\u51fa\u6c34\u9762\u65f6\u80fd\u5bf9\u4ed8\u7a7a\u4e2d\u76ee\u6807", "events": [], "arguments": {"time": [], "loc": [], "country": [], "weapon": [{"text": "\u6838\u6f5c\u8247", "offset": 3, "length": 3}, {"text": "\u6fc0\u5149\u67aa", "offset": 10, "length": 3}]}}, {"sentence": "\u3010\u73af\u7403\u7f51\u62a5\u9053 \u8bb0\u8005 \u5f90\u7490\u660e\u3011", "events": [], "arguments": {"time": [], "loc": [], "country": [], "weapon": []}}, {"sentence": "\u636eThe Drive\u7f51\u7ad9\u201c\u6218\u533a\u201d\u4e13\u680f\u62a5\u9053\uff0c\u8fd1\u65e5\u5728\u793e\u4ea4\u5a92\u4f53\u4e0a\u66dd\u5149\u7684\u4e00\u5f20\u7f8e\u56fd\u6d77\u519b\u5f17\u5409\u5c3c\u4e9a\u7ea7\u653b\u51fb\u6838\u6f5c\u8247\u201c\u660e\u5c3c\u82cf\u8fbe\u201d\u53f7\u7684\u7167\u7247\u663e\u793a\uff0c\u8be5\u6f5c\u8247\u7684\u8247\u5458\u914d\u5907\u7684\u4e00\u6b3e\u6fc0\u5149\u67aa\u76f8\u5f53\u62a2\u773c\u3002", "events": [], "arguments": {"time": [], "loc": [], "country": [], "weapon": [{"text": "\u5f17\u5409\u5c3c\u4e9a\u7ea7\u653b\u51fb\u6838\u6f5c\u8247\u201c\u660e\u5c3c\u82cf\u8fbe\u201d\u53f7", "offset": 38, "length": 17}]}}, {"sentence": "\u62a5\u9053\u79f0\uff0c\u5f53\u6838\u6f5c\u8247\u5728\u7e41\u5fd9\u7684\u6c34\u9053\u4e0a\u4e0a\u6d6e\u822a\u884c\u65f6\u662f\u975e\u5e38\u5bb9\u6613\u906d\u53d7\u653b\u51fb\u7684\uff0c\u56e0\u6b64\u4e3a\u5176\u63d0\u4f9b\u4fdd\u62a4\u63aa\u65bd\u662f\u81f3\u5173\u91cd\u8981\u7684\u3002", "events": [], "arguments": {"time": [], "loc": [], "country": [], "weapon": [{"text": "\u6838\u6f5c\u8247", "offset": 5, "length": 3}]}}, {"sentence": "\u8fd9\u4e9b\u5a01\u80c1\u5305\u62ec\u88c5\u6ee1\u70b8\u836f\u7684\u81ea\u6740\u5f0f\u8230\u8247\u548c\u5c0f\u578b\u65e0\u4eba\u673a\uff0c\u5728\u53d1\u73b0\u5a01\u80c1\u5230\u5176\u5b9e\u65bd\u653b\u51fb\u7684\u51e0\u79d2\u949f\u65f6\u95f4\u5185\uff0c\u80fd\u6709\u4e00\u6b3e\u6b66\u5668\u5bf9\u5176\u5b9e\u65bd\u5feb\u901f\u6253\u51fb\u662f\u975e\u5e38\u5fc5\u8981\u7684\uff0c\u8fd9\u5c31\u662f\u8fd9\u540d\u8247\u5458\u6240\u914d\u5907\u7684\u8fd9\u6b3e\u6fc0\u5149\u70ab\u76ee\u67aa\u3002", "events": [], "arguments": {"time": [], "loc": [], "country": [], "weapon": [{"text": "\u81ea\u6740\u5f0f\u8230\u8247", "offset": 11, "length": 5}, {"text": "\u5c0f\u578b\u65e0\u4eba\u673a", "offset": 17, "length": 5}, {"text": "\u6fc0\u5149\u70ab\u76ee\u67aa", "offset": 76, "length": 5}]}}, {"sentence": "\u8fd9\u6b3e\u6fc0\u5149\u70ab\u76ee\u67aa\u80fd\u591f\u53d1\u5c04\u6fc0\u5149\u675f\uff0c\u5177\u6709\u6781\u9ad8\u7684\u7cbe\u5ea6\uff0c\u540c\u65f6\u80fd\u591f\u5728\u8fdc\u8ddd\u79bb\u62e6\u622a\u76ee\u6807\u3002", "events": [], "arguments": {"time": [], "loc": [], "country": [], "weapon": [{"text": "\u6fc0\u5149\u70ab\u76ee\u67aa", "offset": 2, "length": 5}]}}, {"sentence": "\u8fd9\u6b3e\u6b66\u5668\u7684\u539f\u7406\u662f\u8ba9\u653b\u51fb\u8005\u6682\u65f6\u201c\u5931\u660e\u201d\u6216\u662f\u5bf9\u5176\u5b9e\u65bd\u5e72\u6270\uff0c\u8fd9\u5c06\u4e3a\u51b3\u5b9a\u662f\u5426\u7528\u66f4\u4e3a\u81f4\u547d\u7684\u6b66\u5668\u5bf9\u5176\u5b9e\u65bd\u6253\u51fb\u8d62\u5f97\u5b9d\u8d35\u65f6\u95f4\u3002", "events": [], "arguments": {"time": [], "loc": [], "country": [], "weapon": []}}, {"sentence": "\u56fe\u7247\u4e2d\u66dd\u5149\u7684\u8fd9\u6b3e\u6b66\u5668\u662fB.E. Meyers\u516c\u53f8\u7814\u5236\u7684LA-9/P\u6fc0\u5149\u70ab\u76ee\u5668\uff0c\u636e\u5176\u5236\u9020\u5546\u7684\u63cf\u8ff0\uff0c\u8be5\u6b66\u5668\u7528\u4e8e\u8b66\u544a\u65f6\u6709\u6548\u5c04\u7a0b\u4e3a\u591c\u95f44\u516c\u91cc\u548c\u767d\u59291.5\u516c\u91cc\uff1b\u5b9e\u65bd\u8fdb\u653b\u6027\u62e6\u622a\u65f6\u6709\u6548\u5c04\u7a0b\u4e3a500\u7c73\u3002", "events": [], "arguments": {"time": [], "loc": [], "country": [], "weapon": [{"text": "LA-9/P\u6fc0\u5149\u70ab\u76ee\u5668", "offset": 27, "length": 11}]}}, {"sentence": "\u8fd9\u6b3e\u6b66\u5668\u7684\u7279\u70b9\u662f\u53ef\u4ee5\u5229\u7528\u81ea\u5e26\u7684\u6fc0\u5149\u6d4b\u8ddd\u4eea\u8c03\u6574\u8f93\u51fa\u5230\u76ee\u6807\u7684\u6fc0\u5149\u7684\u6709\u6548\u8ddd\u79bb\u3002", "events": [], "arguments": {"time": [], "loc": [], "country": [], "weapon": []}}, {"sentence": "\u62a5\u9053\u79f0\uff0c\u5982\u4eca\u81ea\u6740\u5f0f\u88ad\u51fb\u7684\u65e0\u4eba\u8239\u548c\u65e0\u4eba\u673a\u662f\u5bf9\u8230\u8247\u6700\u5927\u7684\u6f5c\u5728\u5a01\u80c1\u4e4b\u4e00\uff0c\u6fc0\u5149\u70ab\u76ee\u5668\u5c06\u4e3a\u8230\u8239\u589e\u52a0\u4e00\u5c42\u9632\u62a4\u3002", "events": [], "arguments": {"time": [], "loc": [], "country": [], "weapon": [{"text": "\u65e0\u4eba\u8239", "offset": 12, "length": 3}, {"text": "\u65e0\u4eba\u673a", "offset": 16, "length": 3}]}}, {"sentence": "\u7f8e\u56fd\u6d77\u519b\u5df2\u7ecf\u5728\u5305\u62ec\u822a\u7a7a\u6bcd\u8230\u5728\u5185\u7684\u8bb8\u591a\u8230\u8247\u4e0a\u90e8\u7f72\u4e86\u8fd9\u4e9b\u6fc0\u5149\u9632\u62a4\u7cfb\u7edf\uff0c\u540c\u65f6\u4e5f\u5728\u4e00\u4e9b\u519b\u8230\u4e0a\u5b89\u88c5\u4e86\u66f4\u5f3a\u5927\u7684\u56fa\u4f53\u6fc0\u5149\u53d1\u5c04\u5668\uff0c\u8fd9\u79cd\u6fc0\u5149\u6b66\u5668\u88ab\u547d\u540d\u4e3a\u201c\u5965\u4e01\u201d\uff0c\u76ee\u524d\u5df2\u7ecf\u90e8\u7f72\u5728\u7f8e\u56fd\u6d77\u519b\u7684\u4e00\u8258\u9a71\u9010\u8230\u4e0a\uff0c\u672a\u6765\u4e09\u5e74\u8fd8\u6709\u4e03\u8258\u519b\u8230\u4e5f\u5c06\u88c5\u5907\u8fd9\u6b3e\u6b66\u5668\u3002", "events": [], "arguments": {"time": [], "loc": [], "country": [], "weapon": [{"text": "\u822a\u7a7a\u6bcd\u8230", "offset": 9, "length": 4}, {"text": "\u201c\u5965\u4e01\u201d", "offset": 67, "length": 4}, {"text": "\u9a71\u9010\u8230", "offset": 86, "length": 3}, {"text": "\u519b\u8230", "offset": 99, "length": 2}]}}, {"sentence": "\u5bf9\u4e8e\u6f5c\u8247\u800c\u8a00\uff0c\u8fd1\u671f\u6709\u4e00\u4efd\u62a5\u544a\u8bf4\uff0c\u7f8e\u56fd\u6d77\u519b\u7684\u6f5c\u8247\u5c06\u6765\u53ef\u80fd\u4f1a\u5b89\u88c5\u67d0\u79cd\u7c7b\u578b\u7684\u6fc0\u5149\u6845\u6746\u3002", "events": [], "arguments": {"time": [], "loc": [], "country": [], "weapon": [{"text": "\u6f5c\u8247", "offset": 21, "length": 2}]}}, {"sentence": "\u4f46\u6709\u4e00\u4e9b\u89c2\u70b9\u8ba4\u4e3a\u8fd9\u79cd\u6fc0\u5149\u6845\u6746\u7684\u5b9e\u7528\u6027\u88ab\u5938\u5927\uff0c\u5b83\u4eec\u53ea\u80fd\u7528\u6765\u5bf9\u4ed8\u5c0f\u578b\u7684\u65e0\u4eba\u8239\u548c\u65e0\u4eba\u673a\uff0c\u5982\u679c\u771f\u6709\u5fc5\u8981\u5f88\u53ef\u80fd\u4f1a\u76f4\u63a5\u88c5\u4e0a\u7c7b\u4f3c\u201c\u5965\u4e01\u201d\u7684\u6fc0\u5149\u6b66\u5668\u7cfb\u7edf\u3002", "events": [], "arguments": {"time": [], "loc": [], "country": [], "weapon": [{"text": "\u65e0\u4eba\u8239", "offset": 33, "length": 3}, {"text": "\u65e0\u4eba\u673a", "offset": 37, "length": 3}, {"text": "\u201c\u5965\u4e01\u201d", "offset": 57, "length": 4}]}}]