[{"sentence": "\u6700\u8fd1\uff0c\u5370\u5ea6\u519b\u6f14\u9891\u9891\uff0c\u8fd8\u8981\u52a0\u7d27\u519b\u8d2d\u2026\u2026", "events": [], "arguments": {"time": [], "loc": [], "country": [], "weapon": []}}, {"sentence": "\u5370\u5ea6\u4e0e\u7f8e\u56fd\u7b49\u56fd\u6d77\u4e0a\u8054\u6f14", "events": [], "arguments": {"time": [], "loc": [], "country": [{"text": "\u5370\u5ea6", "offset": 0, "length": 2}, {"text": "\u7f8e\u56fd", "offset": 3, "length": 2}], "weapon": []}}, {"sentence": "\u8fd8\u8003\u8651\u9080\u8bf7\u6fb3\u5927\u5229\u4e9a\u52a0\u5165", "events": [], "arguments": {"time": [], "loc": [], "country": [{"text": "\u6fb3\u5927\u5229\u4e9a", "offset": 5, "length": 4}], "weapon": []}}, {"sentence": "\u540c\u65f6\u8fd8\u52a0\u7d27\u519b\u8d2d\u50ac\u5355", "events": [], "arguments": {"time": [], "loc": [], "country": [], "weapon": []}}, {"sentence": "\u6025\u8d2d\u201c\u9635\u98ce\u201d\u6218\u673a\u3001\u201c\u94c1\u9524\u201d\u5bfc\u5f39\u2026\u2026", "events": [], "arguments": {"time": [], "loc": [], "country": [], "weapon": [{"text": "\u201c\u9635\u98ce\u201d\u6218\u673a", "offset": 2, "length": 6}, {"text": "\u201c\u94c1\u9524\u201d\u5bfc\u5f39", "offset": 9, "length": 6}]}}, {"sentence": "\u5370\u5ea6\u519b\u6f14\u52a8\u4f5c\u9891\u9891", "events": [], "arguments": {"time": [], "loc": [], "country": [], "weapon": []}}, {"sentence": "\u5370\u5ea6\u62df\u9080\u6fb3\u5927\u5229\u4e9a\u52a0\u5165\u8054\u5408\u519b\u6f14", "events": [], "arguments": {"time": [], "loc": [], "country": [], "weapon": []}}, {"sentence": "\u636e\u5370\u5ea6\u5a92\u4f537\u670824\u65e5\u62a5\u9053\uff0c\u5370\u5ea6\u6b63\u8003\u8651\u9080\u8bf7\u6fb3\u5927\u5229\u4e9a\u52a0\u5165\u4eca\u5e74\u5e74\u5e95\u4e3e\u884c\u7684\u201c\u9a6c\u62c9\u5df4\u5c14\u201d\u6d77\u4e0a\u8054\u5408\u519b\u6f14\u3002", "events": [{"trigger": {"text": "\u8054\u5408\u519b\u6f14", "offset": 41, "length": 4}, "subject": {"text": "\u5370\u5ea6\u6b63\u8003\u8651\u9080\u8bf7\u6fb3\u5927\u5229\u4e9a\u52a0\u5165\u4eca\u5e74\u5e74\u5e95\u4e3e\u884c", "offset": 13, "length": 19}, "object": {"text": "", "offset": 0, "length": 0}}], "arguments": {"time": [{"text": "7\u670824\u65e5", "offset": 5, "length": 5}], "loc": [{"text": "\u201c\u9a6c\u62c9\u5df4\u5c14\u201d\u6d77", "offset": 33, "length": 7}], "country": [], "weapon": []}}, {"sentence": "\u7f8e\u56fd\u526f\u56fd\u52a1\u537f\u65af\u8482\u82ac\u00b7\u6bd4\u6839 7\u670823\u65e5\u8868\u793a\uff0c\u6fb3\u5927\u5229\u4e9a\u52a0\u5165\u6f14\u4e60\u5c06\u6709\u5229\u4e8e\u7f8e\u3001\u5370\u3001\u65e5\u3001\u6fb3\u56db\u56fd\u8054\u624b\u634d\u536b\u5171\u540c\u5229\u76ca\u3002", "events": [], "arguments": {"time": [], "loc": [], "country": [], "weapon": []}}, {"sentence": "\u201c\u9a6c\u62c9\u5df4\u5c14\u201d\u8054\u5408\u519b\u6f14\u59cb\u4e8e1992\u5e74\uff0c\u539f\u662f\u7f8e\u56fd\u548c\u5370\u5ea6\u8fdb\u884c\u7684\u53cc\u8fb9\u6f14\u4e60\uff0c2007\u5e74\u65e5\u672c\u52a0\u5165\u540e\u53d8\u6210\u4e09\u65b9\u6f14\u4e60\uff0c\u4ea4\u66ff\u5728\u5370\u5ea6\u6d0b\u548c\u897f\u592a\u5e73\u6d0b\u6d77\u57df\u4e3e\u884c\u3002", "events": [], "arguments": {"time": [], "loc": [], "country": [], "weapon": []}}, {"sentence": "\u5370\u5ea6\u548c\u591a\u56fd\u6d77\u519b\u4e3e\u884c\u4ea4\u6c47\u6f14\u4e60", "events": [], "arguments": {"time": [], "loc": [], "country": [], "weapon": []}}, {"sentence": "7\u670820\u65e5\uff0c\u7f8e\u56fd\u6d77\u519b\u201c\u5c3c\u7c73\u5179\u201d\u53f7\u822a\u6bcd\u6253\u51fb\u7fa4\u5f00\u59cb\u4e0e\u5370\u5ea6\u6d77\u519b\u519b\u8230\u5728\u5370\u5ea6\u6d0b\u4e1c\u90e8\u9760\u8fd1\u5b89\u8fbe\u66fc-\u5c3c\u79d1\u5df4\u7fa4\u5c9b\u7684\u6d77\u57df\u8fdb\u884c\u4ea4\u6c47\u6f14\u4e60\uff08PASSEX\uff09\u3002", "events": [], "arguments": {"time": [], "loc": [], "country": [], "weapon": [{"text": "\u201c\u5c3c\u7c73\u5179\u201d\u53f7\u822a\u6bcd", "offset": 10, "length": 8}]}}, {"sentence": "\u5370\u5ea6\u65b9\u9762\u51fa\u52a8\u4e86\u5305\u62ec\u4e00\u8258\u9690\u5f62\u62a4\u536b\u8230\u5728\u5185\u7684\u56db\u8258\u8230\u8247\u3002", "events": [], "arguments": {"time": [], "loc": [], "country": [], "weapon": [{"text": "\u9690\u5f62\u62a4\u536b\u8230", "offset": 11, "length": 5}, {"text": "\u8230\u8247", "offset": 21, "length": 2}]}}, {"sentence": "\u6f14\u4e60\u6301\u7eed\u523021\u65e5\u4e0b\u5348\u3002", "events": [], "arguments": {"time": [], "loc": [], "country": [], "weapon": []}}, {"sentence": "\u5370\u5ea6\u6d77\u519b\u6700\u8fd1\u8fd8\u4e0e\u65e5\u672c\u6d77\u519b\u548c\u6cd5\u56fd\u6d77\u519b\u8fdb\u884c\u4e86\u7c7b\u4f3c\u7684\u4ea4\u6c47\u6f14\u4e60\u3002", "events": [], "arguments": {"time": [], "loc": [], "country": [], "weapon": []}}, {"sentence": " \u8fd9\u9879\u6f14\u4e60\u7684\u76ee\u7684\u662f\u63d0\u9ad8\u4e0e\u5408\u4f5c\u65b9\u7684\u534f\u540c\u4f5c\u6218\u80fd\u529b\u3002", "events": [], "arguments": {"time": [], "loc": [], "country": [], "weapon": []}}, {"sentence": "\u5370\u5ea6\u52a0\u7d27\u519b\u8d2d", "events": [], "arguments": {"time": [], "loc": [], "country": [], "weapon": []}}, {"sentence": "\u88c5\u5907\u90e8\u7f72\u8fb9\u5883\u5730\u533a", "events": [], "arguments": {"time": [], "loc": [], "country": [], "weapon": []}}, {"sentence": "\u9996\u6279\u6cd5\u56fd\u201c\u9635\u98ce\u201d\u6218\u673a\u5373\u5c06\u4ea4\u4ed8", "events": [], "arguments": {"time": [], "loc": [], "country": [], "weapon": [{"text": "\u201c\u9635\u98ce\u201d\u6218\u673a", "offset": 4, "length": 6}]}}, {"sentence": "\u5982\u679c\u5929\u6c14\u6761\u4ef6\u5141\u8bb8\u7684\u8bdd\uff0c\u5370\u5ea6\u5411\u6cd5\u56fd\u8d2d\u4e70\u7684\u9996\u62795\u67b6\u201c\u9635\u98ce\u201d\u6218\u673a\u5c06\u4e8e7\u670829\u65e5\u4ea4\u4ed8\u5370\u5ea6\u7a7a\u519b\u3002", "events": [], "arguments": {"time": [], "loc": [], "country": [], "weapon": [{"text": "\u201c\u9635\u98ce\u201d\u6218\u673a", "offset": 23, "length": 6}]}}, {"sentence": " \u76ee\u524d\uff0c\u5370\u5ea6\u591a\u540d\u7a7a\u519b\u98de\u884c\u5458\u548c\u5730\u52e4\u4eba\u5458\u5df2\u5728\u6cd5\u56fd\u63a5\u53d7\u5168\u9762\u57f9\u8bad\uff0c\u51c6\u5907\u8fce\u63a5\u201c\u9635\u98ce\u201d\u6218\u673a\u7684\u5230\u6765\u3002", "events": [], "arguments": {"time": [], "loc": [], "country": [], "weapon": [{"text": "\u201c\u9635\u98ce\u201d\u6218\u673a", "offset": 33, "length": 6}]}}, {"sentence": "\u5370\u5ea6\u7a7a\u519b\u53d1\u8a00\u4eba\u5357\u8fea\u8868\u793a\uff0c\u5370\u5ea6\u7a7a\u519b\u4e0b\u4e2a\u6708\u5c06\u4e3a\u6218\u673a\u4e3e\u529e\u6b63\u5f0f\u7684\u5165\u7f16\u4eea\u5f0f\u3002", "events": [], "arguments": {"time": [], "loc": [], "country": [], "weapon": [{"text": "\u6218\u673a", "offset": 21, "length": 2}]}}, {"sentence": "2016\u5e749\u6708\uff0c\u5370\u5ea6\u4e0e\u6cd5\u56fd\u7b7e\u7f72\u4e86\u4e00\u4efd\u4ef7\u503c\u8d856000\u4ebf\u5362\u6bd4\u3001\u7ea6\u540888\u4ebf\u7f8e\u5143\u7684\u519b\u8d2d\u5408\u540c\uff0c\u8d2d\u4e7036\u67b6\u6cd5\u56fd\u201c\u9635\u98ce\u201d\u6218\u6597\u673a\u3002", "events": [], "arguments": {"time": [], "loc": [], "country": [], "weapon": [{"text": "\u201c\u9635\u98ce\u201d\u6218\u6597\u673a", "offset": 49, "length": 7}]}}, {"sentence": "\u53d7\u75ab\u60c5\u5f71\u54cd\uff0c\u9996\u6279\u6218\u673a\u4ea4\u4ed8\u4ece5\u6708\u63a8\u8fdf\u81f37\u6708\u5e95\u3002", "events": [], "arguments": {"time": [], "loc": [], "country": [], "weapon": [{"text": "\u6218\u673a", "offset": 8, "length": 2}]}}, {"sentence": "\u4e0d\u8fc7\uff0c\u7ecf\u8fc7\u53cc\u65b9\u534f\u8c03\uff0c\u9996\u6279\u4ea4\u4ed8\u6570\u91cf\u7531\u4e4b\u524d\u76844\u67b6\u589e\u52a0\u52305\u67b6\u3002", "events": [], "arguments": {"time": [], "loc": [], "country": [], "weapon": []}}, {"sentence": "\u5370\u519b\u6025\u4e3a\u201c\u9635\u98ce\u201d\u6218\u673a\u52a0\u914d\u201c\u94c1\u9524\u201d\u5bfc\u5f39", "events": [], "arguments": {"time": [], "loc": [], "country": [], "weapon": [{"text": "\u201c\u9635\u98ce\u201d\u6218\u673a", "offset": 4, "length": 6}, {"text": "\u201c\u94c1\u9524\u201d\u5bfc\u5f39", "offset": 12, "length": 6}]}}, {"sentence": "\u53e6\u636e\u5370\u5a92\u62a5\u9053\uff0c\u5370\u5ea6\u7a7a\u519b\u5c06\u4e3a\u201c\u9635\u98ce\u201d\u6218\u673a\u52a0\u914d\u6fc0\u5149\u5236\u5bfc\u578b\u201c\u94c1\u9524\u201d \u7a7a\u5730\u5bfc\u5f39\u3002", "events": [], "arguments": {"time": [], "loc": [], "country": [], "weapon": [{"text": "\u201c\u9635\u98ce\u201d\u6218\u673a", "offset": 13, "length": 6}, {"text": "\u6fc0\u5149\u5236\u5bfc\u578b\u201c\u94c1\u9524\u201d \u7a7a\u5730\u5bfc\u5f39", "offset": 21, "length": 14}]}}, {"sentence": "\u62a5\u9053\u79f0\uff0c\u201c\u94c1\u9524\u201d\u5bfc\u5f39\u8ba2\u5355\u6b63\u5728\u52a0\u5feb\u5904\u7406\uff0c\u56e0 \u5370\u65b9\u9700\u6c42\u8feb\u5207\uff0c\u6cd5\u65b9\u5df2\u540c\u610f\u4ece\u5176\u4ed6\u5ba2\u6237\u7684\u8ba2\u5355\u4e2d\u8c03\u914d\u4e00\u4e9b\u4f9b\u7ed9\u5370\u5ea6\u7a7a\u519b\u3002", "events": [], "arguments": {"time": [], "loc": [], "country": [], "weapon": [{"text": "\u201c\u94c1\u9524\u201d\u5bfc\u5f39", "offset": 4, "length": 6}]}}, {"sentence": "\u636e\u6089\uff0c\u5370\u5ea6\u8d2d\u4e70\u7684\u201c\u9635\u98ce\u201d\u6218\u6597\u673a\u8fd8\u968f\u673a\u9644\u5e26\u4e86\u201c\u6d41\u661f\u201d\u4e2d\u8fdc\u7a0b\u7a7a\u5bf9\u7a7a\u5bfc\u5f39\u3001SCALP\u9690\u8eab\u7a7a\u5730\u5bfc\u5f39\u3002", "events": [], "arguments": {"time": [], "loc": [], "country": [], "weapon": [{"text": "\u201c\u9635\u98ce\u201d\u6218\u6597\u673a", "offset": 8, "length": 7}, {"text": "\u201c\u6d41\u661f\u201d\u4e2d\u8fdc\u7a0b\u7a7a\u5bf9\u7a7a\u5bfc\u5f39", "offset": 21, "length": 12}, {"text": "SCALP\u9690\u8eab\u7a7a\u5730\u5bfc\u5f39", "offset": 34, "length": 11}]}}, {"sentence": "\u201c\u6d41\u661f\u201d\u8fdc\u7a0b\u7a7a\u5bf9\u7a7a\u5bfc\u5f39\u5c04\u7a0b\u53ef\u8fbe150\u516c\u91cc\u3002", "events": [], "arguments": {"time": [], "loc": [], "country": [], "weapon": [{"text": "\u201c\u6d41\u661f\u201d\u8fdc\u7a0b\u7a7a\u5bf9\u7a7a\u5bfc\u5f39", "offset": 0, "length": 11}]}}, {"sentence": "\u5370\u5ea6\u7a7a\u519b\u88c5\u5907\u5feb\u901f\u90e8\u7f72\u8fb9\u5883\u5730\u533a", "events": [], "arguments": {"time": [], "loc": [], "country": [], "weapon": []}}, {"sentence": "7\u670822\u65e5\u8d77\uff0c\u5370\u5ea6\u7a7a\u519b\u53ec\u5f00\u4e86\u4e3a\u671f3\u5929\u7684\u6307\u6325\u5b98\u5de5\u4f5c\u4f1a\u8bae\u3002", "events": [], "arguments": {"time": [], "loc": [], "country": [], "weapon": []}}, {"sentence": "\u5370\u5ea6\u56fd\u9632\u90e8\u957f\u62c9\u683c\u7eb3\u7279\u00b7\u8f9b\u683c\u5728\u4f1a\u4e0a\u8868\u793a\uff0c\u5370\u5ea6\u7a7a\u519b\u7684\u88c5\u5907\u5df2\u7ecf\u5feb\u901f\u90e8\u7f72\u3002", "events": [], "arguments": {"time": [], "loc": [], "country": [], "weapon": []}}, {"sentence": "\u81ea5\u6708\u4ee5\u6765\uff0c\u5370\u5ea6\u7a7a\u519b\u63d0\u5347\u4e86\u8b66\u6212\u7ea7\u522b\uff0c\u5728\u8fb9\u5883\u90e8\u7f72\u4e86\u524d\u7ebf\u6218\u6597\u673a\uff0c\u5176\u4e2d\u5305\u62ecAH-64E\u201c\u963f\u5e15\u5947\u201d\u653b\u51fb\u76f4\u5347\u673a\u548cCH-47F\uff08I\uff09\u201c\u652f\u5974\u5e72\u201d\u91cd\u578b\u76f4\u5347\u673a\u3002", "events": [], "arguments": {"time": [], "loc": [], "country": [], "weapon": [{"text": "AH-64E\u201c\u963f\u5e15\u5947\u201d\u653b\u51fb\u76f4\u5347\u673a", "offset": 34, "length": 16}, {"text": "CH-47F\uff08I\uff09\u201c\u652f\u5974\u5e72\u201d\u91cd\u578b\u76f4\u5347\u673a", "offset": 51, "length": 19}]}}, {"sentence": "\u8bb0\u8005 | \u738b\u5efa\u5175 \u5ed6\u7ee7\u52c7", "events": [], "arguments": {"time": [], "loc": [], "country": [], "weapon": []}}]