[{"sentence": "\u6d77\u519b\u7b2c35\u6279\u62a4\u822a\u7f16\u961f\u5b8c\u6210\u9996\u6b21\u56fd\u5185\u7269\u8d44\u8865\u7ed9", "events": [], "arguments": {"time": [], "loc": [], "country": [], "weapon": []}}, {"sentence": "24\u65e5\uff0c\u5de2\u6e56\u8230\u5bf9\u592a\u539f\u8230\u5b9e\u65bd\u6d77\u4e0a\u8865\u7ed9\u3002", "events": [], "arguments": {"time": [], "loc": [], "country": [], "weapon": [{"text": "\u5de2\u6e56\u8230", "offset": 4, "length": 3}, {"text": "\u592a\u539f\u8230", "offset": 8, "length": 3}]}}, {"sentence": "\u949f\u9b41\u6da6\u6444", "events": [], "arguments": {"time": [], "loc": [], "country": [], "weapon": []}}, {"sentence": "7\u670824\u65e5\uff0c\u5728\u4e9a\u4e01\u6e7e\u67d0\u6d77\u57df\uff0c\u968f\u7740\u7efc\u5408\u8865\u7ed9\u8230\u5de2\u6e56\u8230\u5148\u540e\u5bf9\u5bfc\u5f39\u9a71\u9010\u8230\u592a\u539f\u8230\u3001\u5bfc\u5f39\u62a4\u536b\u8230\u8346\u5dde\u8230\u5b9e\u65bd\u6d77\u4e0a\u8865\u7ed9\uff0c\u6d77\u519b\u7b2c35\u6279\u62a4\u822a\u7f16\u961f3\u8258\u519b\u8230\u5168\u90e8\u5b8c\u6210\u7269\u8d44\u8865\u5145\u3002", "events": [], "arguments": {"time": [{"text": "7\u670824\u65e5", "offset": 0, "length": 5}], "loc": [{"text": "\u4e9a\u4e01\u6e7e\u67d0\u6d77\u57df", "offset": 7, "length": 6}], "country": [], "weapon": [{"text": "\u592a\u539f\u8230", "offset": 32, "length": 3}, {"text": "\u8865\u7ed9\u8230\u5de2\u6e56\u8230", "offset": 18, "length": 6}, {"text": "\u8346\u5dde\u8230", "offset": 41, "length": 3}, {"text": "\u7efc\u5408\u8865\u7ed9\u8230\u5de2\u6e56\u8230", "offset": 16, "length": 8}, {"text": "\u5bfc\u5f39\u9a71\u9010\u8230\u592a\u539f\u8230", "offset": 27, "length": 8}, {"text": "\u5bfc\u5f39\u62a4\u536b\u8230\u8346\u5dde\u8230", "offset": 36, "length": 8}]}}, {"sentence": "\u5728\u6211\u9a7b\u5409\u5e03\u63d0\u4fdd\u969c\u57fa\u5730\u534f\u52a9\u4e0b\uff0c\u7f16\u961f\u4f9d\u6258\u56fd\u5185\u7269\u8d44\u7b79\u63aa\u6e20\u9053\uff0c\u91c7\u53d6\u51b7\u94fe\u6280\u672f\u7ec4\u7ec7\u7269\u8d44\u524d\u51fa\u3002", "events": [], "arguments": {"time": [], "loc": [], "country": [], "weapon": []}}, {"sentence": "\u5de2\u6e56\u8230\u4e8e7\u670822\u65e5\u81f323\u65e5\u9760\u6cca\u5409\u5e03\u63d0\u6e2f\u7801\u5934\uff0c\u5c06\u5546\u8239\u4ece\u56fd\u5185\u8f6c\u8fd0\u800c\u6765\u7684\u6570\u5341\u5428\u98df\u54c1\u7b49\u7269\u8d44\u8865\u7ed9\u4e0a\u8230\u3002", "events": [], "arguments": {"time": [], "loc": [], "country": [], "weapon": [{"text": "\u5de2\u6e56\u8230", "offset": 0, "length": 3}]}}, {"sentence": "\u201c\u516b\u4e00\u5efa\u519b\u8282\u5230\u6765\u4e4b\u9645\uff0c\u6211\u4eec\u5728\u5409\u5e03\u63d0\u8865\u7ed9\u4e0a\u4e86\u6765\u81ea\u7956\u56fd\u7684\u65b0\u9c9c\u852c\u83dc\u548c\u6c34\u679c\uff0c\u8fd9\u662f\u6700\u6696\u5fc3\u7684\u8282\u65e5\u793c\u7269\u3002", "events": [], "arguments": {"time": [], "loc": [], "country": [], "weapon": []}}, {"sentence": "\u201d\u5de2\u6e56\u8230\u8865\u7ed9\u8bbe\u5907\u73ed\u957f\u517c\u6280\u5e08\u674e\u5c0f\u6587\u4e0e\u6218\u53cb\u5192\u7740\u70c8\u65e5\u642c\u8fd0\u7269\u8d44\u3002", "events": [], "arguments": {"time": [], "loc": [], "country": [], "weapon": [{"text": "\u5de2\u6e56\u8230", "offset": 1, "length": 3}]}}, {"sentence": "\u9488\u5bf9\u6b64\u6b21\u8865\u7ed9\uff0c\u7f16\u961f\u8ba4\u771f\u5206\u6790\u4e9a\u4e01\u6e7e\u5730\u533a\u75ab\u60c5\u5f62\u52bf\uff0c\u79d1\u5b66\u9009\u62e9\u8865\u7ed9\u65f6\u95f4\u3001\u5730\u70b9\u548c\u65b9\u5f0f\uff0c\u5bf9\u5f15\u6c34\u5458\u4e0a\u8230\u3001\u5165\u5e93\u8def\u7ebf\u7b49\u5173\u952e\u73af\u8282\u505a\u5230\u5206\u533a\u8d1f\u8d23\u3001\u5b9a\u4eba\u5b9a\u4f4d\uff0c\u786e\u4fdd\u8865\u7ed9\u5b89\u5168\u987a\u5229\u3002", "events": [], "arguments": {"time": [], "loc": [], "country": [], "weapon": []}}, {"sentence": "\u636e\u6089\uff0c\u7f16\u961f\u81ea4\u670828\u65e5\u542f\u822a\u4ee5\u6765\uff0c\u8fde\u7eed\u594b\u6218\u5728\u62a4\u822a\u7ebf\u4e0a\uff0c\u5df2\u5b8c\u621012\u627925\u8258\u8239\u8236\u7684\u62a4\u822a\u4efb\u52a1\u3002", "events": [], "arguments": {"time": [], "loc": [], "country": [], "weapon": []}}, {"sentence": "\u89c6\u9891\u5236\u4f5c\uff1a\u5cb3\u4ec1\u9e3f\u3001\u6842\u6c5f\u6ce2\u3001\u676d\u8f89", "events": [], "arguments": {"time": [], "loc": [], "country": [], "weapon": []}}, {"sentence": "\u89c6\u9891\u7f16\u8f91\uff1a\u8d75\u71d5\u98de", "events": [], "arguments": {"time": [], "loc": [], "country": [], "weapon": []}}, {"sentence": "\u6765\u6e90 | \u89e3\u653e\u519b\u62a5", "events": [], "arguments": {"time": [], "loc": [], "country": [], "weapon": []}}, {"sentence": "\u8bb0\u8005\u4e28\u6c5f\u5c71\u3001\u5468\u5149\u8363", "events": [], "arguments": {"time": [], "loc": [], "country": [], "weapon": []}}]