[{"sentence": "\u53f0\u519b\u201c\u5fd9\u574f\u201d\u4e86\uff01", "events": [], "arguments": {"time": [], "loc": [], "country": [], "weapon": []}}, {"sentence": "\u53f0\u5a92\uff1a\u89e3\u653e\u519b\u6218\u673a\u51cc\u66681\u70b9\u534a\u53c8\u73b0\u8eab\u53f0\u6e7e\u897f\u5357\u7a7a\u57df", "events": [], "arguments": {"time": [], "loc": [], "country": [], "weapon": [{"text": "\u89e3\u653e\u519b\u6218\u673a", "offset": 3, "length": 5}]}}, {"sentence": "\u3010\u73af\u7403\u7f51\u62a5\u9053\u8bb0\u8005 \u5f90\u7490\u660e\u3011", "events": [], "arguments": {"time": [], "loc": [], "country": [], "weapon": []}}, {"sentence": "\u636e\u53f0\u6e7e\u201c\u4e2d\u65f6\u7535\u5b50\u62a5\u201d7\u670824\u65e5\u62a5\u9053\uff0c\u89e3\u653e\u519b\u6218\u673a23\u65e5\u9664\u4e86\u4e8e\u665a\u95f419\u65f635\u5206\u5de6\u53f3\u7f55\u89c1\u51fa\u73b0\u5728\u53f0\u6e7e\u897f\u5357\u7a7a\u57df\u5916\uff0c24\u65e5\u51cc\u66681\u70b9\u534a\u53c8\u518d\u5ea6\u73b0\u8eab\u53f0\u6e7e\u897f\u5357\u7a7a\u57df\u3002", "events": [], "arguments": {"time": [], "loc": [], "country": [], "weapon": [{"text": "\u89e3\u653e\u519b\u6218\u673a", "offset": 18, "length": 5}]}}, {"sentence": "\u89e3\u653e\u519b\u6218\u673a\u201c\u7ed5\u5c9b\u5de1\u822a\u201d\u753b\u9762", "events": [], "arguments": {"time": [], "loc": [], "country": [], "weapon": [{"text": "\u89e3\u653e\u519b\u6218\u673a", "offset": 0, "length": 5}]}}, {"sentence": "\u62a5\u9053\u79f0\uff0c\u89e3\u653e\u519b\u7684\u98de\u884c\u6d3b\u52a8\u5e76\u6ca1\u6709\u83b7\u5f97\u53f0\u6e7e\u9632\u52a1\u90e8\u95e8\u7684\u8bc1\u5b9e\u3002", "events": [], "arguments": {"time": [], "loc": [], "country": [], "weapon": []}}, {"sentence": "\u53f0\u6e7e\u201c\u7a7a\u519b\u201d\u5b98\u5458\u65e2\u6ca1\u6709\u8bc1\u5b9e\u4e5f\u6ca1\u6709\u5426\u8ba4\uff0c\u4ec5\u662f\u5f3a\u8c03\u53f0\u6e7e\u5468\u8fb9\u7684\u6d77\u7a7a\u57df\u72b6\u51b5\u90fd\u5728\u201c\u638c\u63e1\u201d\u4e2d\uff0c\u5e76\u80fd\u5e94\u5bf9\u5904\u7406\uff0c\u76ee\u524d\u7684\u60c5\u51b5\u90fd\u6b63\u5e38\u3002", "events": [], "arguments": {"time": [], "loc": [], "country": [], "weapon": []}}, {"sentence": "\u5728\u53f0\u6e7e\u5609\u5357\u5730\u533a\u519b\u7528\u673a\u573a\u7684\u5468\u8fb9\u6c11\u4f17\uff0c\u542c\u5230\u9891\u7e41\u7684\u6218\u673a\u8d77\u964d\u58f0\u3002", "events": [], "arguments": {"time": [], "loc": [], "country": [], "weapon": [{"text": "\u6218\u673a", "offset": 22, "length": 2}]}}, {"sentence": "\u5728\u793e\u4ea4\u5a92\u4f53\u4e0a\u6709\u53f0\u6e7e\u7f51\u53cb\u62b1\u6028\u201c\u5927\u534a\u591c\u90a3\u4e48\u591a\u98de\u673a\u58f0\u201d\u3001\u201c\u88ab\u5413\u9192\u201d\uff0c\u8fd8\u6709\u7f51\u53cb\u8868\u793a\u201c\u534a\u591c\u8fd8\u6709\u98de\u673a\u5728\u98de\uff0c\u597d\u5c11\u89c1\u201d\u3002", "events": [], "arguments": {"time": [], "loc": [], "country": [], "weapon": [{"text": "\u98de\u673a", "offset": 42, "length": 2}]}}, {"sentence": "\u53e6\u636e\u7eff\u5a92\u62a5\u9053\uff0c\u53f0\u6e7e\u201c\u7a7a\u519b\u201d\u867d\u8868\u793a\u5bf9\u4e8e\u5468\u56f4\u6d77\u7a7a\u72b6\u51b5\u90fd\u80fd\u638c\u63e1\uff0c\u4f46\u6574\u591c\u5404\u57fa\u5730\u9891\u9891\u51fa\u73b0\u7d27\u6025\u8d77\u98de\u7684\u60c5\u51b5\uff0c\u8f6e\u6d41\u6d3e\u9063\u6218\u673a\u5347\u7a7a\u76d1\u89c6\uff0c\u5305\u62ec\u82b1\u83b2\u3001\u53f0\u5357\u3001\u5609\u4e49\u53ca\u6e05\u6cc9\u5c97\u57fa\u5730\u5747\u63a5\u8fde\u51fa\u52a8\u6218\u673a\uff0c\u6c14\u6c1b\u76f8\u5f53\u7d27\u5f20\u3002", "events": [], "arguments": {"time": [], "loc": [], "country": [], "weapon": [{"text": "\u6218\u673a", "offset": 79, "length": 2}]}}, {"sentence": "\u76f4\u5230\u51cc\u66680\u65f615\u5206F-16\u6218\u6597\u673a\u624d\u964d\u843d\uff0c\u5f15\u8d77\u4e00\u573a\u865a\u60ca\u3002", "events": [], "arguments": {"time": [], "loc": [], "country": [], "weapon": [{"text": "F-16\u6218\u6597\u673a", "offset": 9, "length": 7}]}}, {"sentence": "\u62a5\u9053\u79f0\uff0c\u5728\u53f0\u519b\u82b1\u83b2\u57fa\u5730\uff0c\u665a\u4e0a9\u70b950\u5206\u5c31\u6709\u4e24\u67b6F-16\u6218\u6597\u673a\u5347\u7a7a\uff0c\u82b1\u83b2\u5e02\u533a\u7684\u6c11\u4f17\u4e5f\u611f\u53d7\u5230\u72b6\u51b5\u5f02\u5e38\uff0c\u5728\u7f51\u7edc\u4e0a\u5f15\u53d1\u8ba8\u8bba\u3002", "events": [], "arguments": {"time": [], "loc": [], "country": [], "weapon": [{"text": "F-16\u6218\u6597\u673a", "offset": 23, "length": 7}]}}, {"sentence": "\u636e\u5a92\u4f53\u62a5\u9053\uff0c\u89e3\u653e\u519b\u519b\u673a\u5e74\u5185\u5df2\u591a\u6b21\u5728\u53f0\u6e7e\u5468\u8fb9\u7a7a\u57df\u98de\u884c\u3002", "events": [], "arguments": {"time": [], "loc": [], "country": [], "weapon": []}}, {"sentence": "\u6211\u56fd\u9632\u90e8\u53d1\u8a00\u4eba\u6b64\u524d\u66fe\u8868\u793a\uff0c\u89e3\u653e\u519b\u7ec4\u7ec7\u6218\u5907\u5de1\u822a\u3001\u8054\u5408\u6f14\u7ec3\u7b49\u4e00\u7cfb\u5217\u519b\u4e8b\u884c\u52a8\uff0c\u76ee\u7684\u5728\u4e8e\u7ef4\u62a4\u56fd\u5bb6\u4e3b\u6743\u548c\u9886\u571f\u5b8c\u6574\uff0c\u76ee\u6807\u662f\u9488\u5bf9\u201c\u53f0\u72ec\u201d\u52bf\u529b\u53ca\u5176\u5206\u88c2\u56fd\u5bb6\u7684\u884c\u5f84\uff0c\u8b66\u544a\u6c11\u8fdb\u515a\u5f53\u5c40\u4e0d\u8981\u73a9\u706b\u3002", "events": [], "arguments": {"time": [], "loc": [], "country": [], "weapon": []}}]