[{"sentence": "\u7f8e\u56fd\u519b\u8230\u5e26\u4e4c\u514b\u5170\u5728\u9ed1\u6d77\u6f14\u7ec3\u00a0\u4fdd\u6301\u201c\u9ad8\u5ea6\u8b66\u6212\u201d\u9632\u8303\u4fc4\u519b", "events": [], "arguments": {"time": [], "loc": [], "country": [], "weapon": []}}, {"sentence": "\u3010\u73af\u7403\u7f51\u62a5\u9053 \u8bb0\u8005 \u5f90\u7490\u660e\u3011", "events": [], "arguments": {"time": [], "loc": [], "country": [], "weapon": []}}, {"sentence": "\u636e\u7f8e\u56fd\u6d77\u519b\u7814\u7a76\u5b66\u4f1a\uff08USNI\uff09\u7f51\u7ad97\u670822\u65e5\u62a5\u9053\uff0c\u6b63\u5728\u9ed1\u6d77\u8fd8\u6709\u53c2\u52a0\u201c\u6d77\u4e0a\u5fae\u98ce\u201d\u6f14\u4e60\u7684\u7f8e\u56fd\u6d77\u519b\u5904\u4e8e\u201c\u9ad8\u5ea6\u8b66\u6212\u201d\u7684\u72b6\u6001\uff0c\u56e0\u4e3a\u4fc4\u7f57\u65af\u4e5f\u5728\u8be5\u6d77\u57df\u5f00\u5c55\u6f14\u4e60\u3002", "events": [{"trigger": {"text": "\u6f14\u4e60", "offset": 70, "length": 2}, "subject": {"text": "\u7f8e\u56fd\u6d77\u519b", "offset": 42, "length": 4}, "object": {"text": "\u5904\u4e8e\u201c\u9ad8\u5ea6\u8b66\u6212\u201d\u7684\u72b6\u6001", "offset": 46, "length": 11}}], "arguments": {"time": [{"text": "7\u670822\u65e5", "offset": 17, "length": 5}], "loc": [{"text": "\u9ed1\u6d77", "offset": 27, "length": 2}], "country": [{"text": "\u7f8e\u56fd", "offset": 42, "length": 2}], "weapon": []}}, {"sentence": "\u62a5\u9053\u79f0\uff0c\u7f8e\u56fd\u6d77\u519b\u201c\u6ce2\u7279\u201d\u53f7\u9a71\u9010\u8230\u6307\u6325\u5b98\u514b\u96f7\u683c\u00b7\u7279\u4f26\u7279\u8868\u793a\uff0c\u867d\u7136\u4fc4\u7f57\u65af\u4e5f\u5728\u9ed1\u6d77\u5f00\u5c55\u884c\u52a8\uff0c\u4f46\u9884\u8ba1\u6b63\u5728\u53c2\u52a0\u201c\u6d77\u4e0a\u5fae\u98ce\u201d\u6f14\u4e60\u7684\u7f8e\u56fd\u6d77\u519b\u4e0d\u4f1a\u4e0e\u4ed6\u4eec\u6709\u4efb\u4f55\u201c\u8d1f\u9762\u4e92\u52a8\u201d\u3002", "events": [], "arguments": {"time": [], "loc": [], "country": [], "weapon": [{"text": "\u201c\u6ce2\u7279\u201d\u53f7\u9a71\u9010\u8230", "offset": 8, "length": 8}]}}, {"sentence": "\u4eca\u5e74\u7684\u201c\u6d77\u4e0a\u5fae\u98ce\u201d\u6f14\u4e60\u5c06\u6301\u7eed\u4e00\u5468\uff0c\u5171\u6709\u5305\u62ec\u7f8e\u56fd\u548c\u4e4c\u514b\u5170\u5728\u5185\u76848\u4e2a\u56fd\u5bb6\u51fa\u52a819\u67b6\u98de\u673a\u300126\u8258\u8230\u8239\u53c2\u52a0\u3002", "events": [], "arguments": {"time": [], "loc": [], "country": [], "weapon": [{"text": "\u98de\u673a", "offset": 39, "length": 2}, {"text": "\u8230\u8239", "offset": 45, "length": 2}]}}, {"sentence": "\u7279\u4f26\u7279\u8bf4\uff1a\u201c\u4ed6\u4eec\uff08\u6307\u4fc4\u7f57\u65af\u519b\u961f\uff09\u80af\u5b9a\u5728\u76d1\u89c6\u6211\u4eec\uff0c\u6211\u4eec\u4e5f\u770b\u7740\u4ed6\u4eec\u3002", "events": [], "arguments": {"time": [], "loc": [], "country": [], "weapon": []}}, {"sentence": "\u5982\u679c\u6709\u4efb\u4f55\u4e0d\u5b89\u5168\u6216\u662f\u4e0d\u4e13\u4e1a\u7684\u4e8b\u60c5\u53d1\u751f\uff0c\u6211\u4eec\u90fd\u51c6\u5907\u91c7\u53d6\u884c\u52a8\u4ee5\u786e\u4fdd\u5b89\u5168\u3002", "events": [], "arguments": {"time": [], "loc": [], "country": [], "weapon": []}}, {"sentence": "\u201d", "events": [], "arguments": {"time": [], "loc": [], "country": [], "weapon": []}}, {"sentence": "\u62a5\u9053\u79f0\uff0c\u4fc4\u7f57\u65af\u6218\u673a\u66fe\u7ecf\u6709\u8fc7\u5728\u6b27\u6d32\u6d77\u57df\u5bf9\u7f8e\u56fd\u519b\u8230\u5b9e\u65bd\u8d85\u4f4e\u7a7a\u98de\u8d8a\u7684\u4e3e\u52a8\u3002", "events": [], "arguments": {"time": [], "loc": [], "country": [], "weapon": [{"text": "\u6218\u673a", "offset": 7, "length": 2}, {"text": "\u519b\u8230", "offset": 21, "length": 2}]}}, {"sentence": "2017\u5e74\uff0c\u201c\u6ce2\u7279\u201d\u53f7\u9a71\u9010\u8230\u5728\u7ed3\u675f\u4e0e\u7f57\u9a6c\u5c3c\u4e9a\u7684\u4e00\u6b21\u6f14\u4e60\u540e\uff0c\u4fc4\u519b\u673a\u5bf9\u7f8e\u8230\u5b9e\u65bd\u4e86\u8fd1\u8ddd\u79bb\u98de\u8d8a\uff1b2016\u5e74\uff0c\u4e24\u67b6\u4fc4\u519b\u82cf-24\u6218\u6597\u8f70\u70b8\u673a\u591a\u6b21\u8d85\u4f4e\u7a7a\u98de\u8d8a\u4e86\u5728\u6ce2\u7f57\u7684\u6d77\u6267\u884c\u4efb\u52a1\u7684\u7f8e\u56fd\u6d77\u519b\u9a71\u9010\u8230\u201c\u5510\u7eb3\u5fb7\u00b7\u5e93\u514b\u201d\u53f7\u3002", "events": [], "arguments": {"time": [], "loc": [], "country": [], "weapon": [{"text": "\u201c\u6ce2\u7279\u201d\u53f7\u9a71\u9010\u8230", "offset": 6, "length": 8}, {"text": "\u82cf-24\u6218\u6597\u8f70\u70b8\u673a", "offset": 54, "length": 9}, {"text": "\u201c\u5510\u7eb3\u5fb7\u00b7\u5e93\u514b\u201d\u53f7", "offset": 88, "length": 9}]}}]