[{"sentence": "\u963f\u5bcc\u6c57\u5973\u5b69\u53cd\u6297\u4e2d\u5f00\u67aa\u6253\u6b7b\u6b66\u88c5\u5206\u5b50\u00a0\u968f\u540e\u5728\u7f51\u7edc\u4e0a\u8d70\u7ea2", "events": [], "arguments": {"time": [], "loc": [], "country": [], "weapon": []}}, {"sentence": "\u3010\u73af\u7403\u7f51\u62a5\u9053 \u89c1\u4e60\u8bb0\u8005 \u9a6c\u5ca9\u3011", "events": [], "arguments": {"time": [], "loc": [], "country": [], "weapon": []}}, {"sentence": "\u636e\u82f1\u56fd\u5e7f\u64ad\u516c\u53f87\u670821\u65e5\u62a5\u9053\uff0c\u4e00\u540d\u963f\u5bcc\u6c57\u5973\u5b69\u4e0a\u5468\u5728\u51b2\u7a81\u4e2d\u5f00\u67aa\u6253\u6b7b2\u540d\u5854\u5229\u73ed\u6b66\u88c5\u4eba\u5458\uff0c\u968f\u540e\u5979\u5728\u793e\u4ea4\u5a92\u4f53\u4e0a\u8d70\u7ea2\u3002", "events": [], "arguments": {"time": [], "loc": [], "country": [], "weapon": []}}, {"sentence": "\u62a5\u9053\u79f0\uff0c\u8fd9\u540d\u5973\u5b69\u7684\u5e74\u9f84\u5927\u6982\u572814\u81f316\u5468\u5c81\u4e4b\u95f4\uff0c\u5bb6\u5728\u963f\u5bcc\u6c57\u897f\u90e8\u7684\u5409\u5c14\u7701\u3002", "events": [], "arguments": {"time": [], "loc": [], "country": [], "weapon": []}}, {"sentence": "\u7531\u4e8e\u5979\u7684\u7236\u4eb2\u662f\u4e00\u540d\u963f\u5bcc\u6c57\u653f\u5e9c\u652f\u6301\u8005\uff0c\u5854\u5229\u73ed\u6b66\u88c5\u4eba\u5458\u524d\u6765\u88ad\u51fb\u5979\u7684\u5bb6\uff0c\u5e76\u6740\u6b7b\u4e86\u5979\u7684\u7236\u6bcd\uff0c\u968f\u540e\uff0c\u5979\u62ff\u51fa\u5bb6\u4e2d\u7684AK-47\u81ea\u52a8\u6b65\u67aa\uff0c\u6253\u6b7b\u4e862\u540d\u6b66\u88c5\u5206\u5b50\uff0c\u5e76\u6253\u4f24\u591a\u4eba\u3002", "events": [], "arguments": {"time": [], "loc": [], "country": [], "weapon": [{"text": "AK-47\u81ea\u52a8\u6b65\u67aa", "offset": 51, "length": 9}]}}, {"sentence": "\u968f\u540e\u66f4\u591a\u5854\u5229\u73ed\u6b66\u88c5\u4eba\u5458\u6765\u88ad\u51fb\u5979\u6240\u5728\u7684\u6751\u5b50\uff0c\u4f46\u88ab\u6751\u6c11\u548c\u4eb2\u653f\u5e9c\u6c11\u5175\u51fb\u9000\u3002", "events": [], "arguments": {"time": [], "loc": [], "country": [], "weapon": []}}, {"sentence": "\u76ee\u524d\uff0c\u8fd9\u540d\u5973\u5b69\u548c\u5979\u7684\u5f1f\u5f1f\u5df2\u7ecf\u88ab\u5e26\u5230\u4e86\u4e00\u4e2a\u5b89\u5168\u7684\u5730\u65b9\u3002", "events": [], "arguments": {"time": [], "loc": [], "country": [], "weapon": []}}, {"sentence": "\u8fd9\u540d\u5973\u5b69\u7684\u6545\u4e8b\u548c\u5979\u7684\u7167\u7247\u968f\u540e\u5728\u793e\u4ea4\u5a92\u4f53\u4e0a\u8d70\u7ea2\uff0c\u7f51\u53cb\u7eb7\u7eb7\u4e3a\u5979\u7684\u52c7\u6562\u70b9\u8d5e\u3002", "events": [], "arguments": {"time": [], "loc": [], "country": [], "weapon": []}}, {"sentence": "\u201c\u4e3a\u5979\u7684\u52c7\u6c14\u8131\u5e3d\u81f4\u656c\u3002", "events": [], "arguments": {"time": [], "loc": [], "country": [], "weapon": []}}, {"sentence": "\u201d\u7f51\u53cb\u90a3\u9f50\u5df4\u2022\u62c9\u7c73\u7559\u8a00\u8bf4\u3002", "events": [], "arguments": {"time": [], "loc": [], "country": [], "weapon": []}}, {"sentence": "\u201c\u7236\u6bcd\u662f\u65e0\u53ef\u66ff\u4ee3\u7684\uff0c\u4f46\u4f60\u7684\u590d\u4ec7\u53ef\u4ee5\u7ed9\u4f60\u76f8\u5bf9\u548c\u5e73\u3002", "events": [], "arguments": {"time": [], "loc": [], "country": [], "weapon": []}}, {"sentence": "\u201d\u7f51\u53cb\u7a46\u54c8\u9ed8\u5fb7\u2022\u8428\u5229\u8d6b\u8bf4\u3002", "events": [], "arguments": {"time": [], "loc": [], "country": [], "weapon": []}}, {"sentence": "\u4eca\u5e742\u6708\uff0c\u7f8e\u56fd\u4e0e\u5854\u5229\u73ed\u8fbe\u6210\u4e86\u548c\u5e73\u534f\u8bae\uff0c\u4f46\u963f\u5bcc\u6c57\u5404\u5730\u51b2\u7a81\u4ecd\u65f6\u6709\u53d1\u751f\u3002", "events": [], "arguments": {"time": [], "loc": [], "country": [], "weapon": []}}, {"sentence": "\uff08\u5b8c\uff09", "events": [], "arguments": {"time": [], "loc": [], "country": [], "weapon": []}}, {"sentence": "\uff08\u5b8c\uff09", "events": [], "arguments": {"time": [], "loc": [], "country": [], "weapon": []}}]