[{"sentence": "\u4fc4\u7f57\u65af\u4e24\u8258\u65b0\u578b\u9ad8\u901f\u5de1\u903b\u8247\u670d\u5f79\u00a0\u53ef\u642d\u8f7d20\u540d\u6d77\u519b\u9646\u6218\u961f\u5458\u6267\u884c\u4efb\u52a1", "events": [], "arguments": {"time": [], "loc": [], "country": [], "weapon": [{"text": "\u9ad8\u901f\u5de1\u903b\u8247", "offset": 7, "length": 5}]}}, {"sentence": "\u3010\u73af\u7403\u7f51\u62a5\u9053 \u89c1\u4e60\u8bb0\u8005 \u9a6c\u5ca9\u3011", "events": [], "arguments": {"time": [], "loc": [], "country": [], "weapon": []}}, {"sentence": "\u636e\u201c\u6d77\u519b\u60c5\u62a5\u201d\u7f51\u7ad97\u670820\u65e5\u62a5\u9053\uff0c\u7531\u4f69\u62c9\u9020\u8239\u5382\u4e3a\u4fc4\u7f57\u65af\u6d77\u519b\u5236\u9020\u7684\u6700\u65b02\u8258\u201c\u731b\u79bd\u201d\u7ea7\u9ad8\u901f\u5de1\u903b\u8247\u8fd1\u65e5\u6b63\u5f0f\u8fdb\u5165\u6ce2\u7f57\u7684\u6d77\u8230\u961f\u670d\u5f79\uff0c\u5b83\u4eec\u5c06\u88ab\u7528\u4e8e\u5728\u8fd1\u6d77\u6267\u884c\u5de1\u903b\u4efb\u52a1\u3002", "events": [], "arguments": {"time": [], "loc": [], "country": [], "weapon": [{"text": "\u201c\u731b\u79bd\u201d\u7ea7\u9ad8\u901f\u5de1\u903b\u8247", "offset": 36, "length": 10}]}}, {"sentence": "\u62a5\u9053\u63f4\u5f15\u4fc4\u7f57\u65af\u6d77\u519b\u7684\u58f0\u660e\u79f0\uff0c\u4e24\u8258\u5de1\u903b\u8247\u90fd\u63d0\u524d\u5b8c\u6210\u4ea4\u4ed8\uff0c\u5b83\u4eec\u7528\u4e8e\u5728\u6d77\u5cb8\u3001\u6d77\u5ce1\u3001\u6cb3\u53e3\u4e09\u89d2\u6d32\u663c\u591c\u6267\u884c\u5de1\u903b\u4efb\u52a1\uff0c\u5de1\u903b\u8303\u56f4\u53ef\u4ee5\u8fbe\u5230\u8ddd\u79bb\u6bcd\u6e2f100\u6d77\u91cc\u3002", "events": [], "arguments": {"time": [], "loc": [], "country": [], "weapon": [{"text": "\u5de1\u903b\u8247", "offset": 16, "length": 3}]}}, {"sentence": "\u6b64\u5916\uff0c\u201c\u731b\u79bd\u201d\u7ea7\u9ad8\u901f\u5de1\u903b\u8247\u8fd8\u53ef\u4ee5\u5e94\u7528\u4e8e\u5feb\u901f\u8fd0\u8f93\u591a\u8fbe20\u540d\u6d77\u519b\u9646\u6218\u961f\u5458\u3001\u62e6\u622a\u6263\u7559\u5c0f\u578b\u8239\u53ea\uff0c\u4ee5\u53ca\u6267\u884c\u641c\u6551\u4efb\u52a1\u3002", "events": [], "arguments": {"time": [], "loc": [], "country": [], "weapon": [{"text": "\u201c\u731b\u79bd\u201d\u7ea7\u9ad8\u901f\u5de1\u903b\u8247", "offset": 3, "length": 10}]}}, {"sentence": "\u201c\u731b\u79bd\u201d\u7ea7\u9ad8\u901f\u5de1\u903b\u8247\u957f16.9\u7c73\uff0c\u5bbd4.1\u7c73\uff0c\u4e58\u54583\u4eba\uff0c\u6700\u9ad8\u822a\u901f50\u8282\u3002", "events": [], "arguments": {"time": [], "loc": [], "country": [], "weapon": [{"text": "\u201c\u731b\u79bd\u201d\u7ea7\u9ad8\u901f\u5de1\u903b\u8247", "offset": 0, "length": 10}]}}, {"sentence": "\u5b83\u62e5\u6709\u88c5\u7532\u8239\u4f53\u548c\u4e00\u4e2a\u8fdc\u7a0b\u9065\u63a7\u6b66\u5668\u7ad9\uff0c\u6b66\u5668\u7ad9\u4e0a\u88c5\u6709\u4e00\u633a14.5\u6beb\u7c73\u673a\u67aa\u548c\u4e24\u633a7.62\u6beb\u7c73\u673a\u67aa\u3002", "events": [], "arguments": {"time": [], "loc": [], "country": [], "weapon": [{"text": "14.5\u6beb\u7c73\u673a\u67aa", "offset": 26, "length": 8}, {"text": "7.62\u6beb\u7c73\u673a\u67aa", "offset": 37, "length": 8}]}}, {"sentence": "\uff08\u5b8c\uff09", "events": [], "arguments": {"time": [], "loc": [], "country": [], "weapon": []}}, {"sentence": "\uff08\u5b8c\uff09", "events": [], "arguments": {"time": [], "loc": [], "country": [], "weapon": []}}]