[{"sentence": "\u65b0\u5bfc\u5f39\u62a4\u536b\u8230\u5165\u5217 \u83f2\u6d77\u519b\u6446\u8131\u201c\u8001\u7237\u201d\u7ea7\u8230\u961f\u540d\u5934", "events": [], "arguments": {"time": [], "loc": [], "country": [], "weapon": [{"text": "\u5bfc\u5f39\u62a4\u536b\u8230", "offset": 1, "length": 5}]}}, {"sentence": "\u65b0\u5bfc\u5f39\u62a4\u536b\u8230\u5165\u5217 \u83f2\u6d77\u519b\u6446\u8131\u201c\u8001\u7237\u201d\u7ea7\u8230\u961f\u540d\u5934", "events": [], "arguments": {"time": [], "loc": [], "country": [], "weapon": [{"text": "\u5bfc\u5f39\u62a4\u536b\u8230", "offset": 1, "length": 5}]}}, {"sentence": "\u201c\u4f55\u585e\u00b7\u9ece\u5239\u201d\u53f7\u7684\u670d\u5f79\u4e3a\u83f2\u5f8b\u5bbe\u521b\u9020\u4e86\u591a\u4e2a\u5386\u53f2\u7eaa\u5f55\u2014\u2014\u83f2\u5f8b\u5bbe\u7684\u7b2c\u4e00\u8258\u5bfc\u5f39\u62a4\u536b\u8230\u3001\u83f2\u5f8b\u5bbe\u7b2c\u4e00\u6b21\u62e5\u6709\u8230\u5bf9\u8230\u5bfc\u5f39\u548c\u8230\u5bf9\u7a7a\u5bfc\u5f39\uff0c\u540c\u65f6\u8ba9\u83f2\u5f8b\u5bbe\u65f6\u969420\u5e74\u540e\u91cd\u65b0\u62e5\u6709\u4e86\u9c7c\u96f7\u6b66\u5668\u3002", "events": [], "arguments": {"time": [], "loc": [], "country": [], "weapon": [{"text": "\u201c\u4f55\u585e\u00b7\u9ece\u5239\u201d\u53f7", "offset": 0, "length": 8}, {"text": "\u5bfc\u5f39\u62a4\u536b\u8230", "offset": 33, "length": 5}, {"text": "\u8230\u5bf9\u8230\u5bfc\u5f39", "offset": 47, "length": 5}, {"text": "\u8230\u5bf9\u7a7a\u5bfc\u5f39", "offset": 53, "length": 5}]}}, {"sentence": "\u672c\u62a5\u8bb0\u8005 \u5f20 \u5f3a", "events": [], "arguments": {"time": [], "loc": [], "country": [], "weapon": []}}, {"sentence": "\u8fd1\u65e5\uff0c\u83f2\u5f8b\u5bbe\u9996\u8258\u5bfc\u5f39\u62a4\u536b\u8230\u201c\u4f55\u585e\u00b7\u9ece\u5239\u201d\u53f7\u6b63\u5f0f\u5165\u5217\u6d77\u519b\u3002", "events": [], "arguments": {"time": [], "loc": [], "country": [], "weapon": [{"text": "\u5bfc\u5f39\u62a4\u536b\u8230\u201c\u4f55\u585e\u00b7\u9ece\u5239\u201d\u53f7", "offset": 8, "length": 13}]}}, {"sentence": "\u636e\u83f2\u5f8b\u5bbe\u6d77\u519b\u58f0\u660e\uff0c\u201c\u4f55\u585e\u00b7\u9ece\u5239\u201d\u53f7\u62a4\u536b\u8230\u6700\u5927\u822a\u901f25\u8282\uff0c\u7eed\u822a\u91cc\u7a0b\u53ef\u8fbe4500\u6d77\u91cc\uff0c\u662f\u83f2\u5f8b\u5bbe\u53f2\u4e0a\u7b2c\u4e00\u8258\u5177\u5907\u5bfc\u5f39\u653b\u51fb\u80fd\u529b\u7684\u62a4\u536b\u8230\uff0c\u5e76\u88c5\u5907\u4e86\u5bfc\u5f39\u7cfb\u7edf\u548c\u4f17\u591a\u6b66\u5668\uff0c\u53ef\u6267\u884c\u9632\u7a7a\u3001\u53cd\u8230\u548c\u53cd\u6f5c\u7b49\u4f5c\u6218\u4efb\u52a1\u3002", "events": [], "arguments": {"time": [], "loc": [], "country": [], "weapon": [{"text": "\u201c\u4f55\u585e\u00b7\u9ece\u5239\u201d\u53f7\u62a4\u536b\u8230", "offset": 9, "length": 11}]}}, {"sentence": "\u7b2c\u4e8c\u8258\u540c\u7ea7\u62a4\u536b\u8230\u5c06\u4e8e\u534a\u5e74\u4e4b\u540e\u4ea4\u4ed8\u3002", "events": [], "arguments": {"time": [], "loc": [], "country": [], "weapon": [{"text": "\u62a4\u536b\u8230", "offset": 5, "length": 3}]}}, {"sentence": "\u5bf9\u6b64\uff0c\u519b\u4e8b\u79d1\u666e\u4f5c\u5bb6\u9648\u5149\u6587\u8868\u793a\uff1a\u201c\u2018\u4f55\u585e\u00b7\u9ece\u5239\u2019\u53f7\u5bfc\u5f39\u62a4\u536b\u8230\u603b\u4f53\u6c34\u5e73\u4e0e\u4e1c\u5357\u4e9a\u5176\u4ed6\u56fd\u5bb6\u7684\u8f7b\u578b\u62a4\u536b\u8230\u76f8\u5f53\u3002", "events": [], "arguments": {"time": [], "loc": [], "country": [], "weapon": [{"text": "\u2018\u4f55\u585e\u00b7\u9ece\u5239\u2019\u53f7\u5bfc\u5f39\u62a4\u536b\u8230", "offset": 16, "length": 13}]}}, {"sentence": "\u7279\u522b\u662f\u8be5\u8230\u7684\u6b66\u5907\u76f8\u6bd4\u83f2\u5f8b\u5bbe\u6d77\u519b\u73b0\u6709\u7684\u6218\u8230\u6765\u8bf4\uff0c\u73b0\u4ee3\u5316\u7a0b\u5ea6\u6709\u4e86\u6781\u5927\u63d0\u5347\uff0c\u5176\u4e2dSSM-700K\u53cd\u8230\u5bfc\u5f39\u662f\u83f2\u6d77\u519b\u88c5\u5907\u7684\u9996\u6b3e\u8fdc\u7a0b\u53cd\u8230\u5bfc\u5f39\uff0c\u5bfc\u5f39\u6700\u5927\u5c04\u7a0b180\u5343\u7c73\uff0c\u5c06\u5927\u5e45\u63d0\u5347\u83f2\u6d77\u519b\u7684\u53cd\u8230\u80fd\u529b\u3002", "events": [], "arguments": {"time": [], "loc": [], "country": [], "weapon": [{"text": "SSM-700K\u53cd\u8230\u5bfc\u5f39", "offset": 37, "length": 12}]}}, {"sentence": "\u5b83\u7684\u670d\u5f79\u5bf9\u83f2\u5f8b\u5bbe\u6d77\u519b\u6765\u8bf4\u53ef\u8c13\u662f\u5386\u53f2\u6027\u7a81\u7834\uff0c\u8fd9\u6807\u5fd7\u7740\u83f2\u5f8b\u5bbe\u6d77\u519b\u6b63\u5f0f\u6446\u8131\u4e86\u88c5\u5907\u9648\u65e7\u7684\u72b6\u6001\u3002", "events": [], "arguments": {"time": [], "loc": [], "country": [], "weapon": []}}, {"sentence": "\u201d", "events": [], "arguments": {"time": [], "loc": [], "country": [], "weapon": []}}, {"sentence": "\u4e3a\u7b2c\u4e00\u8258\u73b0\u4ee3\u5316\u7684\u738b\u724c\u6218\u8230", "events": [], "arguments": {"time": [], "loc": [], "country": [], "weapon": [{"text": "\u6218\u8230", "offset": 10, "length": 2}]}}, {"sentence": "2016\u5e749\u6708\uff0c\u83f2\u5f8b\u5bbe\u4e0e\u97e9\u56fd\u73b0\u4ee3\u91cd\u5de5\u7b7e\u7ea6\u5efa\u9020\u4e24\u8258\u201c\u4f55\u585e\u00b7\u9ece\u5239\u201d\u7ea7\u62a4\u536b\u8230\uff0c\u8017\u8d44180\u4ebf\u6bd4\u7d22(\u7ea6\u54083.6\u4ebf\u7f8e\u5143)\u3002", "events": [], "arguments": {"time": [], "loc": [], "country": [], "weapon": [{"text": "\u201c\u4f55\u585e\u00b7\u9ece\u5239\u201d\u7ea7\u62a4\u536b\u8230", "offset": 24, "length": 11}]}}, {"sentence": "\u8fd9\u4e24\u8258\u5bfc\u5f39\u62a4\u536b\u8230\u5747\u7531\u73b0\u4ee3\u91cd\u5de5\u8d1f\u8d23\u5efa\u9020\uff0c\u5176\u4e2d\u201c\u4f55\u585e\u00b7\u9ece\u5239\u201d\u53f7\u62a4\u536b\u8230\u4e3a\u9996\u8230\u3002", "events": [], "arguments": {"time": [], "loc": [], "country": [], "weapon": [{"text": "\u201c\u4f55\u585e\u00b7\u9ece\u5239\u201d\u53f7\u62a4\u536b\u8230", "offset": 21, "length": 11}]}}, {"sentence": "\u516c\u5f00\u8d44\u6599\u663e\u793a\uff0c\u201c\u4f55\u585e\u00b7\u9ece\u5239\u201d\u53f7\u5168\u957f107\u7c73\uff0c\u4eba\u5458\u7f16\u5236110\u4eba\uff0c\u91c7\u7528\u56db\u53f0\u67f4\u6cb9\u53d1\u52a8\u673a\u7ec4\u6210\u7684\u5168\u67f4\u52a8\u529b\uff0c\u6700\u5927\u822a\u901f\u4e3a25\u8282\uff0c\u5de1\u822a\u901f\u5ea615\u8282\uff0c\u6d77\u4e0a\u6301\u7eed\u5de1\u822a\u80fd\u529b\u4e3a30\u5929\u3002", "events": [], "arguments": {"time": [], "loc": [], "country": [], "weapon": [{"text": "\u201c\u4f55\u585e\u00b7\u9ece\u5239\u201d\u53f7", "offset": 7, "length": 8}]}}, {"sentence": "\u5176\u59d0\u59b9\u8230\u201c\u5b89\u4e1c\u5c3c\u5965\u00b7\u5362\u7eb3\u201d\u53f7\u4e8e2019\u5e7411\u6708\u4e0b\u6c34\uff0c\u76ee\u524d\u8fd8\u5728\u823e\u88c5\u4e2d\u3002", "events": [], "arguments": {"time": [], "loc": [], "country": [], "weapon": [{"text": "\u201c\u5b89\u4e1c\u5c3c\u5965\u00b7\u5362\u7eb3\u201d\u53f7", "offset": 4, "length": 10}]}}, {"sentence": "\u9648\u5149\u6587\u4ecb\u7ecd\uff0c\u201c\u4f55\u585e\u00b7\u9ece\u5239\u201d\u7ea7\u8f7b\u578b\u62a4\u536b\u8230\u91c7\u7528\u4e86\u9690\u8eab\u8bbe\u8ba1\uff0c\u5e76\u914d\u5907\u4e86\u73b0\u4ee3\u5316\u641c\u7d22\u96f7\u8fbe\u3001\u58f0\u5450\u7cfb\u7edf\u548c\u6307\u6325\u7cfb\u7edf\uff0c\u914d\u5907\u7684\u6b66\u5668\u88c5\u5907\u5305\u62ec76\u6beb\u7c73\u53e3\u5f84\u901f\u5c04\u8230\u70ae\u3001SMASH 30\u6beb\u7c73\u81ea\u52a8\u6b66\u5668\u7ad9\u3001\u53ef\u53d1\u5c04\u97e9\u56fd\u5236\u9020\u7684SSM-700K\u53cd\u8230\u5bfc\u5f39\u7684\u53d1\u5c04\u67b6\u3001\u6cd5\u56fd\u201c\u897f\u5317\u98ce\u201dSimbad-RC\u53cc\u8054\u88c5\u77ed\u7a0b\u9632\u7a7a\u5bfc\u5f39\u7cfb\u7edf\u3001\u4e09\u8054\u88c5324\u6beb\u7c73\u9c7c\u96f7\u53d1\u5c04\u7cfb\u7edf\uff0c\u53e6\u5916\u8fd8\u67098\u5355\u5143\u7684CAMM\u8fd1\u7a0b\u9632\u7a7a\u5bfc\u5f39\u5782\u76f4\u53d1\u5c04\u7cfb\u7edf\uff0c\u540c\u65f6\u5176\u53ef\u642d\u8f7d\u4e00\u67b6AW-159\u53cd\u6f5c\u76f4\u5347\u673a\u3002", "events": [], "arguments": {"time": [], "loc": [], "country": [], "weapon": [{"text": "\u201c\u4f55\u585e\u00b7\u9ece\u5239\u201d\u7ea7\u8f7b\u578b\u62a4\u536b\u8230", "offset": 6, "length": 13}, {"text": "76\u6beb\u7c73\u53e3\u5f84\u901f\u5c04\u8230\u70ae", "offset": 58, "length": 10}, {"text": "SMASH 30\u6beb\u7c73\u81ea\u52a8\u6b66\u5668\u7ad9", "offset": 69, "length": 15}, {"text": "SSM-700K\u53cd\u8230\u5bfc\u5f39", "offset": 93, "length": 12}, {"text": "\u7684\u53d1\u5c04\u67b6", "offset": 0, "length": 4}, {"text": "\u201c\u897f\u5317\u98ce\u201dSimbad-RC\u53cc\u8054\u88c5\u77ed\u7a0b\u9632\u7a7a\u5bfc\u5f39\u7cfb\u7edf", "offset": 112, "length": 25}, {"text": "\u4e09\u8054\u88c5324\u6beb\u7c73\u9c7c\u96f7\u53d1\u5c04\u7cfb\u7edf", "offset": 138, "length": 14}, {"text": "CAMM\u8fd1\u7a0b\u9632\u7a7a\u5bfc\u5f39\u5782\u76f4\u53d1\u5c04\u7cfb\u7edf", "offset": 161, "length": 16}, {"text": "AW-159\u53cd\u6f5c\u76f4\u5347\u673a", "offset": 186, "length": 11}]}}, {"sentence": "\u6b64\u5916\uff0c\u8be5\u8230\u8fd8\u88c5\u5907\u4e86\u5bf9\u6297\u5bfc\u5f39\u653b\u51fb\u7684\u7b94\u6761\u548c\u8bf1\u9975\u81ea\u536b\u7cfb\u7edf\u3002", "events": [], "arguments": {"time": [], "loc": [], "country": [], "weapon": [{"text": "\u5bfc\u5f39", "offset": 11, "length": 2}]}}, {"sentence": "\u9700\u8981\u6307\u51fa\u7684\u662f\uff0c\u201c\u4f55\u585e\u00b7\u9ece\u5239\u201d\u53f7\u662f\u4ee5\u73b0\u4ee3\u91cd\u5de5HDF-2600\u578b\u5916\u9500\u62a4\u536b\u8230\u4e3a\u57fa\u7840\u8bbe\u8ba1\u7684\u3002", "events": [], "arguments": {"time": [], "loc": [], "country": [], "weapon": [{"text": "\u201c\u4f55\u585e\u00b7\u9ece\u5239\u201d\u53f7", "offset": 7, "length": 8}, {"text": "HDF-2600\u578b\u5916\u9500\u62a4\u536b\u8230", "offset": 21, "length": 14}]}}, {"sentence": "\u201cHDF-2600\u578b\u5916\u9500\u62a4\u536b\u8230\u662f\u97e9\u56fd\u5927\u90b1\u7ea7\u62a4\u536b\u8230\u7684\u7b80\u5316\u7248\u3002", "events": [], "arguments": {"time": [], "loc": [], "country": [], "weapon": [{"text": "\u201cHDF-2600\u578b\u5916\u9500\u62a4\u536b\u8230", "offset": 0, "length": 15}, {"text": "\u5927\u90b1\u7ea7\u62a4\u536b\u8230", "offset": 18, "length": 6}]}}, {"sentence": "\u97e9\u56fd\u81ea\u7528\u7684\u5927\u90b1\u7ea7\u4e3a3080\u5428\uff0c\u800c\u4e3a\u83f2\u5f8b\u5bbe\u5236\u9020\u7684\u8fd9\u8258\u62a4\u536b\u8230\u4ec5\u4e3a2600\u5428\u3002", "events": [], "arguments": {"time": [], "loc": [], "country": [], "weapon": [{"text": "\u5927\u90b1\u7ea7", "offset": 5, "length": 3}, {"text": "\u62a4\u536b\u8230", "offset": 25, "length": 3}]}}, {"sentence": "\u201d\u9648\u5149\u6587\u8868\u793a\uff0c\u8be5\u8230\u4e0e\u5927\u90b1\u7ea7\u7684\u533a\u522b\u4e3b\u8981\u662f\u6392\u6c34\u91cf\u7f29\u5c0f\u4e86\u8fd1480\u5428\uff0c\u52a8\u529b\u7cfb\u7edf\u4e5f\u4e0d\u662f\u97e9\u56fd\u62a4\u536b\u8230\u7684\u67f4\u71c3\u4ea4\u66ff\u52a8\u529b\uff0c\u6240\u4ee5\u6700\u5927\u822a\u901f\u4e5f\u4f4e5\u8282\u3002", "events": [], "arguments": {"time": [], "loc": [], "country": [], "weapon": [{"text": "\u5927\u90b1\u7ea7", "offset": 10, "length": 3}, {"text": "\u62a4\u536b\u8230", "offset": 40, "length": 3}]}}, {"sentence": "\u5728\u6b66\u5668\u88c5\u5907\u4e0a\uff0c\u9664\u4e86\u53cd\u8230\u5bfc\u5f39\u548c\u9c7c\u96f7\u4e4b\u5916\uff0c\u5176\u4ed6\u5747\u662f\u83f2\u5f8b\u5bbe\u6307\u5b9a\u7684\u578b\u53f7\uff0c\u800c\u5927\u90b1\u7ea7\u88c5\u5907\u7684\u662f127\u6beb\u7c73\u4e3b\u70ae\uff0c16\u5355\u5143\u97e9\u56fd\u81ea\u7814\u7684K-SAAM\u5bfc\u5f39\u5782\u53d1\u7cfb\u7edf\u3002", "events": [], "arguments": {"time": [], "loc": [], "country": [], "weapon": [{"text": "\u53cd\u8230\u5bfc\u5f39", "offset": 9, "length": 4}, {"text": "\u9c7c\u96f7", "offset": 14, "length": 2}, {"text": "127\u6beb\u7c73\u4e3b\u70ae", "offset": 40, "length": 7}, {"text": "K-SAAM\u5bfc\u5f39\u5782\u53d1\u7cfb\u7edf", "offset": 57, "length": 12}]}}, {"sentence": "\u56e0\u6b64\uff0c\u4e24\u8005\u7684\u4f5c\u6218\u80fd\u529b\u5dee\u8ddd\u5c31\u6bd4\u8f83\u660e\u663e\u4e86\u3002", "events": [], "arguments": {"time": [], "loc": [], "country": [], "weapon": []}}, {"sentence": "\u201c\u7efc\u5408\u6765\u770b\uff0c\u8be5\u8230\u53ef\u8fdb\u884c\u9632\u7a7a\u6218\u3001\u6c34\u9762\u6218\u3001\u53cd\u6f5c\u6218\u4ee5\u53ca\u7535\u5b50\u6218\uff0c\u5bf9\u4e8e\u4ee5\u4e8c\u6218\u2018\u8001\u7237\u8230\u2019\u6b66\u88c5\u8d77\u6765\u7684\u83f2\u5f8b\u5bbe\u6d77\u519b\u6765\u8bf4\uff0c\u53ef\u8c13\u662f\u7b2c\u4e00\u8258\u73b0\u4ee3\u5316\u7684\u738b\u724c\u6218\u8230\u4e86\u3002", "events": [], "arguments": {"time": [], "loc": [], "country": [], "weapon": [{"text": "\u2018\u8001\u7237\u8230\u2019", "offset": 33, "length": 5}]}}, {"sentence": "\u201d\u9648\u5149\u6587\u8868\u793a\u3002", "events": [], "arguments": {"time": [], "loc": [], "country": [], "weapon": []}}, {"sentence": "\u521b\u9020\u4e86\u591a\u4e2a\u5386\u53f2\u7eaa\u5f55", "events": [], "arguments": {"time": [], "loc": [], "country": [], "weapon": []}}, {"sentence": "\u957f\u671f\u4ee5\u6765\uff0c\u83f2\u5f8b\u5bbe\u6d77\u519b\u7684\u88c5\u5907\u60c5\u51b5\u5e76\u4e0d\u5c3d\u5982\u4eba\u610f\u3002", "events": [], "arguments": {"time": [], "loc": [], "country": [], "weapon": []}}, {"sentence": "\u5728\u9884\u7b97\u6709\u9650\u7684\u60c5\u51b5\u4e0b\uff0c\u83f2\u6d77\u519b\u4ee5\u5f80\u5efa\u8bbe\u7684\u4e3b\u8981\u4efb\u52a1\u662f\u5e94\u5bf9\u53cd\u653f\u5e9c\u6b66\u88c5\u7684\u201c\u6d77\u4e0a\u6e38\u51fb\u6218\u201d\uff0c\u662f\u4e00\u652f\u4e3b\u8981\u6267\u884c\u53cd\u53db\u4e71\u4e14\u4ee5\u5c9b\u5c7f\u4f5c\u6218\u4e3a\u4e3b\u7684\u8fd1\u5cb8\u6d77\u519b\u3002", "events": [], "arguments": {"time": [], "loc": [], "country": [], "weapon": []}}, {"sentence": "\u201c\u5728\u4e0a\u4e16\u7eaa90\u5e74\u4ee3\u4e4b\u540e\uff0c\u7531\u4e8e\u83f2\u5f8b\u5bbe\u56fd\u9632\u53d1\u5c55\u7f3a\u4e4f\u8d44\u91d1\uff0c\u4f7f\u5f97\u83f2\u5f8b\u5bbe\u6d77\u519b\u5728\u5f88\u957f\u4e00\u6bb5\u65f6\u95f4\u5185\u90fd\u53ea\u80fd\u7ee7\u7eed\u63a5\u6536\u2018\u897f\u65b9\u53cb\u597d\u56fd\u5bb6\u2019\u7684\u4e8c\u624b\u8230\u8239\u5ea6\u65e5\u3002", "events": [], "arguments": {"time": [], "loc": [], "country": [], "weapon": [{"text": "\u8230\u8239", "offset": 59, "length": 2}]}}, {"sentence": "\u4e3b\u529b\u62a4\u536b\u8230\u2018\u62c9\u8d3e\u00b7\u80e1\u9a6c\u90a6\u2019\u53f7\u5230\u9000\u5f79\u65f6\u751a\u81f3\u662f\u6709\u774074\u5e74\u670d\u5f79\u5386\u53f2\u7684\u2018\u4e09\u624b\u8239\u2019\uff0c\u6ee1\u8f7d\u6392\u6c34\u91cf\u4ec5\u67091650\u5428\uff0c\u6574\u4f53\u6c34\u5e73\u53ef\u60f3\u800c\u77e5\u3002", "events": [], "arguments": {"time": [], "loc": [], "country": [], "weapon": [{"text": "\u2018\u62c9\u8d3e\u00b7\u80e1\u9a6c\u90a6\u2019\u53f7", "offset": 5, "length": 9}]}}, {"sentence": "\u5728\u7f8e\u519b\u64a4\u8d70\u540e\uff0c\u83f2\u5f8b\u5bbe\u6d77\u519b\u4e5f\u5e76\u65e0\u591a\u5927\u8fdb\u6b65\uff0c\u5176\u88c5\u5907\u4e5f\u4ecd\u662f\u8001\u65e7\u8230\u8247\u4e3a\u4e3b\uff0c\u53ef\u4ee5\u8bf4\u662f\u4e00\u652f\u540d\u526f\u5176\u5b9e\u7684\u2018\u8001\u7237\u2019\u7ea7\u8230\u961f\u3002", "events": [], "arguments": {"time": [], "loc": [], "country": [], "weapon": [{"text": "\u8230\u8247", "offset": 28, "length": 2}]}}, {"sentence": "\u201d\u9648\u5149\u6587\u4ecb\u7ecd\uff0c\u83f2\u5f8b\u5bbe\u5728\u963f\u57fa\u8bfa\u4e09\u4e16\u4e0a\u53f0\u540e\uff0c\u5f00\u59cb\u81f4\u529b\u4e8e\u5f15\u8fdb\u4e00\u4e9b\u8f83\u65b0\u7684\u8230\u8239\u4ee5\u6539\u5584\u7efc\u5408\u4f5c\u6218\u80fd\u529b\uff0c\u4f46\u5b9e\u9645\u4e0a\u5f97\u5230\u7684\u4ecd\u662f\u7f8e\u56fd\u6d77\u519b\u534a\u5356\u534a\u9001\u7684\u201c\u8001\u7237\u201d\u8230\u3002", "events": [], "arguments": {"time": [], "loc": [], "country": [], "weapon": [{"text": "\u201c\u8001\u7237\u201d\u8230", "offset": 62, "length": 5}]}}, {"sentence": "2011\u5e74\uff0c\u83f2\u5f8b\u5bbe\u6d77\u519b\u5f97\u5230\u4e86\u7f8e\u56fd\u6d77\u5cb8\u8b66\u536b\u961f\u9000\u5f79\u7684\u201c\u6c49\u5bc6\u5c14\u987f\u201d\u7ea7\u5de1\u903b\u8230\uff0c\u6392\u6c34\u91cf3250\u5428\uff0c\u7b2c\u4e00\u8258\u88ab\u547d\u540d\u4e3a\u201c\u5fb7\u5c14\u6bd5\u62c9\u5c14\u201d\u53f7\uff0c\u8230\u824f\u7f16\u53f7\u201cPF-15\u201d\uff0c\u83f2\u5f8b\u5bbe\u6d77\u519b\u5c06\u5176\u79f0\u4e3a\u62a4\u536b\u8230\uff0c\u8fd9\u4e5f\u662f\u83f2\u5f8b\u5bbe\u6d77\u519b\u81ea\u5efa\u519b\u4ee5\u6765\u6240\u62e5\u6709\u7684\u6700\u5148\u8fdb\u3001\u5428\u4f4d\u6700\u5927\u519b\u8230\u3002", "events": [], "arguments": {"time": [], "loc": [], "country": [], "weapon": [{"text": "\u201c\u6c49\u5bc6\u5c14\u987f\u201d\u7ea7\u5de1\u903b\u8230", "offset": 24, "length": 10}, {"text": "\u201c\u5fb7\u5c14\u6bd5\u62c9\u5c14\u201d\u53f7", "offset": 51, "length": 8}, {"text": "PF-15\u201d", "offset": 0, "length": 6}, {"text": "\u62a4\u536b\u8230", "offset": 81, "length": 3}]}}, {"sentence": "\u968f\u540e\uff0c\u83f2\u5f8b\u5bbe\u8fd8\u83b7\u5f97\u4e86\u53e6\u5916\u4e24\u8258\u201c\u6c49\u5bc6\u5c14\u987f\u201d\u7ea7\u5de1\u903b\u8230\uff0c\u5206\u522b\u4e3aPF-16\u201c\u963f\u5c14\u5361\u62c9\u65af\u201d\u53f7\u548cPF-17\u201c\u6ce2\u5c3c\u6cd5\u897f\u5965\u201d\u53f7\u3002", "events": [], "arguments": {"time": [], "loc": [], "country": [], "weapon": [{"text": "\u201c\u6c49\u5bc6\u5c14\u987f\u201d\u7ea7\u5de1\u903b\u8230", "offset": 14, "length": 10}, {"text": "PF-16\u201c\u963f\u5c14\u5361\u62c9\u65af\u201d\u53f7", "offset": 28, "length": 13}, {"text": "PF-17\u201c\u6ce2\u5c3c\u6cd5\u897f\u5965\u201d\u53f7", "offset": 42, "length": 13}]}}, {"sentence": "\u201c\u4e0d\u8fc7\u8be5\u7ea7\u8230\u5e76\u4e0d\u662f\u519b\u8230\uff0c\u53ea\u662f\u7f8e\u56fd\u6d77\u5cb8\u8b66\u5907\u961f\u9000\u5f79\u7684\u5de1\u9632\u8230\uff0c\u76f8\u5f53\u4e8e\u4e2d\u56fd\u7684\u6d77\u76d1\u8239\uff0c\u6700\u5927\u6b66\u5668\u5c31\u662f\u4e00\u95e876\u6beb\u7c73\u8230\u70ae\u548c2\u95e825\u6beb\u7c73\u901f\u5c04\u70ae\uff0c\u6839\u672c\u65e0\u529b\u6267\u884c\u73b0\u4ee3\u6d77\u6218\u4efb\u52a1\u3002", "events": [], "arguments": {"time": [], "loc": [], "country": [], "weapon": [{"text": "\u6d77\u76d1\u8239", "offset": 34, "length": 3}, {"text": "76\u6beb\u7c73\u8230\u70ae", "offset": 46, "length": 6}, {"text": "25\u6beb\u7c73\u901f\u5c04\u70ae", "offset": 55, "length": 7}]}}, {"sentence": "\u867d\u7136\u8be5\u7ea7\u8230\u4ecd\u7136\u6ca1\u6709\u88c5\u5907\u73b0\u4ee3\u5316\u7684\u5bfc\u5f39\u548c\u9c7c\u96f7\uff0c\u4e14\u5e73\u5747\u8230\u9f84\u5df2\u7ecf\u8fbe\u523050\u5e74\u5de6\u53f3\uff0c\u4f46\u4ecd\u7136\u5927\u5e45\u63d0\u5347\u4e86\u83f2\u5f8b\u5bbe\u6d77\u519b\u7684\u4f5c\u6218\u80fd\u529b\u3002", "events": [], "arguments": {"time": [], "loc": [], "country": [], "weapon": [{"text": "\u5bfc\u5f39", "offset": 15, "length": 2}, {"text": "\u9c7c\u96f7", "offset": 18, "length": 2}]}}, {"sentence": "\u201d\u9648\u5149\u6587\u8bf4\u3002", "events": [], "arguments": {"time": [], "loc": [], "country": [], "weapon": []}}, {"sentence": "\u6b63\u56e0\u5982\u6b64\uff0c\u201c\u4f55\u585e\u00b7\u9ece\u5239\u201d\u53f7\u7684\u670d\u5f79\u4e3a\u83f2\u5f8b\u5bbe\u521b\u9020\u4e86\u591a\u4e2a\u5386\u53f2\u7eaa\u5f55\u2014\u2014\u83f2\u5f8b\u5bbe\u7684\u7b2c\u4e00\u8258\u5bfc\u5f39\u62a4\u536b\u8230\uff0c\u83f2\u5f8b\u5bbe\u7b2c\u4e00\u6b21\u62e5\u6709\u8230\u5bf9\u8230\u5bfc\u5f39\u548c\u8230\u5bf9\u7a7a\u5bfc\u5f39\uff0c\u540c\u65f6\u8ba9\u83f2\u5f8b\u5bbe\u65f6\u969420\u5e74\u540e\u91cd\u65b0\u62e5\u6709\u4e86\u9c7c\u96f7\u6b66\u5668\u3002", "events": [], "arguments": {"time": [], "loc": [], "country": [], "weapon": [{"text": "\u201c\u4f55\u585e\u00b7\u9ece\u5239\u201d\u53f7", "offset": 5, "length": 8}, {"text": "\u5bfc\u5f39\u62a4\u536b\u8230", "offset": 38, "length": 5}, {"text": "\u8230\u5bf9\u8230\u5bfc\u5f39", "offset": 52, "length": 5}, {"text": "\u8230\u5bf9\u7a7a\u5bfc\u5f39", "offset": 58, "length": 5}]}}, {"sentence": "\u6d77\u4e0a\u6574\u4f53\u5b9e\u529b\u4ecd\u7136\u6709\u9650", "events": [], "arguments": {"time": [], "loc": [], "country": [], "weapon": []}}, {"sentence": "\u201c\u7531\u4e8e\u56fd\u529b\u5e76\u4e0d\u662f\u5f88\u5f3a\uff0c\u83f2\u5f8b\u5bbe\u5f88\u96be\u62ff\u51fa\u7ecf\u8d39\u6765\u91c7\u8d2d\u65b0\u578b\u73b0\u4ee3\u5316\u6218\u8230\u3002", "events": [], "arguments": {"time": [], "loc": [], "country": [], "weapon": [{"text": "\u6218\u8230", "offset": 28, "length": 2}]}}, {"sentence": "\u4f46\u963f\u57fa\u8bfa\u4e09\u4e16\u57282016\u5e74\u4e0b\u53f0\u65f6\uff0c\u5df2\u51b3\u5b9a\u4ece\u56fd\u5916\u8ba2\u8d2d\u65b0\u578b\u62a4\u536b\u8230\uff0c\u4ee5\u2018\u7ef4\u62a4\u6d77\u6d0b\u4e3b\u6743\u2019\u3002", "events": [], "arguments": {"time": [], "loc": [], "country": [], "weapon": [{"text": "\u62a4\u536b\u8230", "offset": 26, "length": 3}]}}, {"sentence": "\u201d\u9648\u5149\u6587\u4ecb\u7ecd\uff0c\u4ece\u6700\u7ecf\u6d4e\u7684\u89d2\u5ea6\u51fa\u53d1\uff0c\u83f2\u5f8b\u5bbe\u4ece\u97e9\u56fd\u5b9a\u8d2d\u4e86\u4e24\u8258\u7b80\u5316\u578b\u8f7b\u578b\u62a4\u536b\u8230\u3002", "events": [], "arguments": {"time": [], "loc": [], "country": [], "weapon": [{"text": "\u7b80\u5316\u578b\u8f7b\u578b\u62a4\u536b\u8230", "offset": 28, "length": 8}]}}, {"sentence": "\u8be5\u8230\u603b\u4f53\u6c34\u5e73\u4e0e\u4e1c\u5357\u4e9a\u5176\u4ed6\u56fd\u5bb6\u7684\u8f7b\u578b\u62a4\u536b\u8230\u76f8\u5f53\uff0c\u4f46\u8be5\u8230\u7684\u6b66\u5668\u88c5\u5907\u76f8\u6bd4\u83f2\u5f8b\u5bbe\u6d77\u519b\u73b0\u6709\u7684\u6218\u8230\u6765\u8bf4\uff0c\u5c31\u73b0\u4ee3\u5316\u591a\u4e86\u3002", "events": [], "arguments": {"time": [], "loc": [], "country": [], "weapon": [{"text": "\u8f7b\u578b\u62a4\u536b\u8230", "offset": 15, "length": 5}, {"text": "\u6218\u8230", "offset": 41, "length": 2}]}}, {"sentence": "\u201c\u9664\u6c34\u9762\u6218\u8230\u5916\uff0c\u83f2\u5f8b\u5bbe\u6d77\u519b\u4e5f\u5728\u8c0b\u6c42\u62e5\u6709\u6c34\u4e0b\u4f5c\u6218\u529b\u91cf\u3002", "events": [], "arguments": {"time": [], "loc": [], "country": [], "weapon": []}}, {"sentence": "\u201d\u9648\u5149\u6587\u4ecb\u7ecd\uff0c2018\u5e748\u6708\uff0c\u83f2\u5f8b\u5bbe\u4e0e\u4fc4\u7f57\u65af\u8fbe\u6210\u5907\u5fd8\u5f55\u8349\u6848\uff0c\u4fc4\u7f57\u65af\u5c06\u4e3a\u83f2\u5f8b\u5bbe\u5efa\u7acb\u6f5c\u8247\u90e8\u961f\u63d0\u4f9b\u534f\u52a9\u3002", "events": [], "arguments": {"time": [], "loc": [], "country": [], "weapon": [{"text": "\u6f5c\u8247", "offset": 40, "length": 2}]}}, {"sentence": "\u83f2\u5f8b\u5bbe\u8868\u793a\u51fa\u4e86\u5bf9\u4fc4\u7f57\u65af636.3\u578b\u963f\u5c14\u7f57\u8428\u7ea7\u6f5c\u8247\u7684\u5174\u8da3\u3002", "events": [], "arguments": {"time": [], "loc": [], "country": [], "weapon": [{"text": "636.3\u578b\u963f\u5c14\u7f57\u8428\u7ea7\u6f5c\u8247", "offset": 11, "length": 13}]}}, {"sentence": "\u8be5\u578b\u6f5c\u8247\u662f\u201c\u57fa\u6d1b\u201d\u7ea7\u6f5c\u8247\u7684\u6539\u8fdb\u578b\uff0c\u867d\u7136\u6ca1\u6709AIP\u7cfb\u7edf\u4f46\u603b\u4f53\u6027\u80fd\u4e0d\u9519\uff0c\u4e14\u4ef7\u683c\u9002\u4e2d\u3002", "events": [], "arguments": {"time": [], "loc": [], "country": [], "weapon": [{"text": "\u201c\u57fa\u6d1b\u201d\u7ea7\u6f5c\u8247", "offset": 5, "length": 7}]}}, {"sentence": "\u867d\u7136\u8fd1\u51e0\u5e74\u6765\u83f2\u5f8b\u5bbe\u6d77\u519b\u7684\u73b0\u4ee3\u5316\u8fdb\u7a0b\u901f\u5ea6\u5f88\u5feb\uff0c\u6280\u672f\u88c5\u5907\u6c34\u5e73\u7565\u6709\u63d0\u5347\uff0c\u5e76\u5df2\u53d1\u5c55\u4e3a\u5175\u79cd\u914d\u7f6e\u4e0a\u8f83\u4e3a\u9f50\u5168\u7684\u4e00\u652f\u8fd1\u5cb8\u6d77\u519b\uff0c\u4f46\u5176\u6574\u4f53\u5b9e\u529b\u4ecd\u7136\u6709\u9650\u3002", "events": [], "arguments": {"time": [], "loc": [], "country": [], "weapon": []}}, {"sentence": "\u201c\u5e94\u8be5\u6307\u51fa\uff0c\u5373\u4fbf\u83f2\u5f8b\u5bbe\u6d77\u519b\u5b8c\u6210\u73b0\u4ee3\u5316\u8fdb\u7a0b\uff0c\u4f46\u9650\u4e8e\u5176\u89c4\u6a21\uff0c\u5176\u4f5c\u6218\u80fd\u529b\u4ecd\u5c5e\u4e00\u822c\u3002", "events": [], "arguments": {"time": [], "loc": [], "country": [], "weapon": []}}, {"sentence": "\u201d\u9648\u5149\u6587\u8bf4\u3002", "events": [], "arguments": {"time": [], "loc": [], "country": [], "weapon": []}}, {"sentence": "\u8bb0\u8005\u6ce8\u610f\u5230\uff0c\u83f2\u5f8b\u5bbe\u7a7a\u519b\u8fd1\u65e5\u53d1\u8868\u58f0\u660e\uff0c\u5176\u4ece\u4ee5\u8272\u5217\u91c7\u8d2d\u76846\u67b6\u201c\u8d6b\u5c14\u58a8\u65af\u201d-900\u4e2d\u9ad8\u5ea6\u3001\u957f\u822a\u65f6\u65e0\u4eba\u673a\u6709\u671b\u4e8e\u4eca\u5e74\u5b8c\u6210\u4ea4\u4ed8\u3002", "events": [], "arguments": {"time": [], "loc": [], "country": [], "weapon": [{"text": "\u201c\u8d6b\u5c14\u58a8\u65af\u201d-900\u4e2d\u9ad8\u5ea6\u3001\u957f\u822a\u65f6\u65e0\u4eba\u673a", "offset": 28, "length": 20}]}}, {"sentence": "\u636e\u79f0\uff0c\u8fd9\u79cd\u65e0\u4eba\u673a\u53ef\u5f88\u597d\u5730\u62c5\u8d1f\u5de1\u903b\u83f2\u5f8b\u5bbe\u6f2b\u957f\u6d77\u5cb8\u7ebf\u7684\u4efb\u52a1\u3002", "events": [], "arguments": {"time": [], "loc": [], "country": [], "weapon": [{"text": "\u65e0\u4eba\u673a", "offset": 5, "length": 3}]}}, {"sentence": "\u5982\u4eca\uff0c\u201c\u4f55\u585e\u00b7\u9ece\u5239\u201d\u53f7\u62a4\u536b\u8230\u53c8\u5165\u5217\u83f2\u5f8b\u5bbe\u6d77\u519b\u3002", "events": [], "arguments": {"time": [], "loc": [], "country": [], "weapon": [{"text": "\u201c\u4f55\u585e\u00b7\u9ece\u5239\u201d\u53f7\u62a4\u536b\u8230", "offset": 3, "length": 11}]}}, {"sentence": "\u4ece\u67d0\u79cd\u610f\u4e49\u4e0a\uff0c\u83f2\u5f8b\u5bbe\u519b\u961f\u5728\u5176\u6d77\u4e0a\u65b9\u5411\u7684\u4f5c\u6218\u548c\u9632\u5fa1\u6709\u4e86\u66f4\u591a\u7684\u624b\u6bb5\u548c\u9009\u62e9\u4f59\u5730\u3002", "events": [], "arguments": {"time": [], "loc": [], "country": [], "weapon": []}}, {"sentence": "\u5bf9\u6b64\uff0c\u9648\u5149\u6587\u8868\u793a\uff0c\u4e24\u8258\u201c\u4f55\u585e\u00b7\u9ece\u5239\u201d\u7ea7\u62a4\u536b\u8230\u670d\u5f79\u540e\uff0c\u5c06\u5927\u5e45\u63d0\u5347\u83f2\u5f8b\u5bbe\u6d77\u519b\u7ef4\u62a4\u83f2\u5f8b\u5bbe\u7fa4\u5c9b\u4e3b\u6743\u7684\u80fd\u529b\u3002", "events": [], "arguments": {"time": [], "loc": [], "country": [], "weapon": [{"text": "\u201c\u4f55\u585e\u00b7\u9ece\u5239\u201d\u7ea7\u62a4\u536b\u8230", "offset": 11, "length": 11}]}}, {"sentence": "\u4ece\u6218\u672f\u4e0a\u6765\u8bb2\uff0c\u4e24\u8258\u5177\u6709\u4e00\u5b9a\u4f5c\u6218\u80fd\u529b\u7684\u62a4\u536b\u8230\uff0c\u53ef\u4ee5\u4e3a\u83f2\u5f8b\u5bbe\u6d77\u519b\u63d0\u4f9b\u4e00\u5b9a\u7684\u5a01\u6151\u80fd\u529b\uff0c\u800c\u4e14\u8be5\u8230\u4e0e\u201c\u8d6b\u5c14\u58a8\u65af\u201d-900\u65e0\u4eba\u673a\u914d\u5408\uff0c\u53ef\u4ee5\u8ba9\u83f2\u5f8b\u5bbe\u6d77\u519b\u5728\u7ef4\u62a4\u6d77\u6d0b\u6743\u76ca\u65f6\uff0c\u4e0d\u4f46\u4e3b\u52a8\u6027\u5f97\u5230\u589e\u5f3a\uff0c\u8fd8\u53ef\u5728\u7ef4\u62a4\u81ea\u8eab\u7684\u6d77\u57df\u6743\u76ca\u65f6\uff0c\u63d0\u4f9b\u66f4\u5927\u8303\u56f4\u7684\u4f5c\u6218\u3001\u5de1\u903b\u3001\u60c5\u62a5\u641c\u96c6\u3001\u76d1\u89c6\u548c\u4fa6\u5bdf\u80fd\u529b\u3002", "events": [], "arguments": {"time": [], "loc": [], "country": [], "weapon": [{"text": "\u201c\u8d6b\u5c14\u58a8\u65af\u201d-900\u65e0\u4eba\u673a", "offset": 45, "length": 13}]}}, {"sentence": "\u201c\u800c\u4e14\uff0c\u5982\u679c\u2018\u4f55\u585e\u00b7\u9ece\u5239\u2019\u53f7\u8fd9\u6b21\u80fd\u5982\u671f\u53c2\u52a0\u7f8e\u56fd\u7ec4\u7ec7\u7684\u2018\u73af\u592a\u519b\u6f14\u2019-2020\u8054\u5408\u519b\u4e8b\u6f14\u4e60\uff0c\u5bf9\u4e8e\u83f2\u5f8b\u5bbe\u6765\u8bf4\u4e0d\u4f46\u662f\u4e00\u4e2a\u65b0\u7684\u5386\u53f2\u5f00\u7aef\uff0c\u800c\u4e14\u8fd8\u80fd\u4ece\u4e2d\u5b66\u4e60\u5230\u5148\u8fdb\u7684\u6d77\u6218\u6218\u672f\uff0c\u4ece\u800c\u4e3a\u83f2\u5f8b\u5bbe\u6d77\u519b\u57f9\u517b\u4e00\u6279\u80fd\u591f\u719f\u7ec3\u4f7f\u7528\u548c\u7ba1\u7406\u73b0\u4ee3\u6d77\u519b\u8230\u8247\u7ba1\u7406\u4e0e\u6280\u672f\u7684\u519b\u5b98\u3001\u6c34\u624b\u548c\u673a\u68b0\u5e08\uff0c\u4ee5\u9002\u5e94\u672a\u6765\u7684\u83f2\u5f8b\u5bbe\u6d77\u519b\u53d1\u5c55\u89c4\u5212\u3002", "events": [], "arguments": {"time": [], "loc": [], "country": [], "weapon": [{"text": "\u2018\u4f55\u585e\u00b7\u9ece\u5239\u2019\u53f7", "offset": 6, "length": 8}]}}, {"sentence": "\u201d\u9648\u5149\u6587\u8bf4\u3002", "events": [], "arguments": {"time": [], "loc": [], "country": [], "weapon": []}}]