[{"sentence": "\u4fc4\u7248\u201c\u51ef\u6492\u201d\u6765\u4e86\uff01", "events": [], "arguments": {"time": [], "loc": [], "country": [], "weapon": [{"text": "\u201c\u51ef\u6492\u201d", "offset": 2, "length": 4}]}}, {"sentence": "\u4fc4\u7f57\u65af152\u6beb\u7c73\u53e3\u5f84\u5361\u8f66\u70ae\u771f\u5bb9\u66dd\u5149", "events": [], "arguments": {"time": [], "loc": [], "country": [], "weapon": [{"text": "152\u6beb\u7c73\u53e3\u5f84\u5361\u8f66\u70ae", "offset": 3, "length": 10}]}}, {"sentence": "\u3010\u73af\u7403\u7f51\u62a5\u9053 \u89c1\u4e60\u8bb0\u8005 \u9a6c\u5ca9\u3011", "events": [], "arguments": {"time": [], "loc": [], "country": [], "weapon": []}}, {"sentence": "\u636e\u201c\u9632\u52a1\u535a\u5ba2\u201d\u7f51\u7ad97\u670820\u65e5\u62a5\u9053\uff0c\u4fc4\u7f57\u65af\u6700\u65b0\u7684152\u6beb\u7c73\u53e3\u5f84\u201c\u9526\u8475\u201d\u8f6e\u5f0f\u81ea\u884c\u69b4\u5f39\u70ae\u65e5\u524d\u66dd\u5149\uff0c\u8fd9\u6b3e\u4e4b\u524d\u795e\u79d8\u7684\u6b66\u5668\u9996\u6b21\u4eae\u76f8\u3002", "events": [], "arguments": {"time": [], "loc": [], "country": [], "weapon": [{"text": "\u201c\u9526\u8475\u201d\u8f6e\u5f0f\u81ea\u884c\u69b4\u5f39\u70ae", "offset": 30, "length": 11}]}}, {"sentence": "\u201c\u9526\u8475\u201d\u81ea\u884c\u69b4\u5f39\u70ae\u7528\u4e8e\u6253\u51fb\u654c\u65b9\u6307\u6325\u90e8\u3001\u901a\u4fe1\u4e2d\u5fc3\u3001\u706b\u70ae\u9635\u5730\u3001\u5305\u62ec\u5766\u514b\u5728\u5185\u7684\u88c5\u7532\u76ee\u6807\u3001\u53cd\u5766\u514b\u6b66\u5668\u3001\u9632\u7a7a\u548c\u53cd\u5bfc\u7cfb\u7edf\uff0c\u4ee5\u53ca\u4eba\u5458\u3002", "events": [], "arguments": {"time": [], "loc": [], "country": [], "weapon": [{"text": "\u201c\u9526\u8475\u201d\u81ea\u884c\u69b4\u5f39\u70ae", "offset": 0, "length": 9}]}}, {"sentence": "\u7531\u4e8e\u88c5\u6709\u7279\u6b8a\u8bbe\u8ba1\u7684\u88c5\u586b\u673a\u68b0\uff0c\u201c\u9526\u8475\u201d\u7684152\u6beb\u7c73\u706b\u70ae\u6bcf\u5206\u949f\u53ef\u4ee5\u53d1\u5c048\u53d1\u70ae\u5f39\uff0c\u5c04\u901f\u9ad8\u4e8e\u5176\u5b83\u706b\u70ae\u3002", "events": [], "arguments": {"time": [], "loc": [], "country": [], "weapon": [{"text": "\u201c\u9526\u8475\u201d\u7684152\u6beb\u7c73\u706b\u70ae", "offset": 14, "length": 12}, {"text": "\u70ae\u5f39", "offset": 35, "length": 2}]}}, {"sentence": "\u6b64\u5916\uff0c\u201c\u9526\u8475\u201d\u7684\u6574\u5957\u7cfb\u7edf\u8fd8\u5305\u62ec\u4e00\u4e2a\u8fdc\u7a0b\u9065\u63a7\u7ad9\u3002", "events": [], "arguments": {"time": [], "loc": [], "country": [], "weapon": [{"text": "\u201c\u9526\u8475\u201d", "offset": 3, "length": 4}]}}, {"sentence": "\u8fd9\u6b3e\u65b0\u81ea\u884c\u706b\u70ae\u66f4\u8f7b\uff0c\u673a\u52a8\u6027\u66f4\u5f3a\uff0c\u4e5f\u66f4\u5bb9\u6613\u7528\u98de\u673a\u8fd0\u8f93\uff0c\u8fd9\u6269\u5927\u4e86\u5b83\u6267\u884c\u4efb\u52a1\u7684\u8303\u56f4\uff0c\u52a0\u5feb\u4e86\u5176\u53cd\u5e94\u901f\u5ea6\u3002", "events": [], "arguments": {"time": [], "loc": [], "country": [], "weapon": [{"text": "\u81ea\u884c\u706b\u70ae", "offset": 3, "length": 4}]}}, {"sentence": "\uff08\u5b8c\uff09", "events": [], "arguments": {"time": [], "loc": [], "country": [], "weapon": []}}, {"sentence": "\uff08\u5b8c\uff09", "events": [], "arguments": {"time": [], "loc": [], "country": [], "weapon": []}}]