[{"sentence": "F-35\u4e0d\u7ed9\u571f\u8033\u5176\u4e86\uff01", "events": [], "arguments": {"time": [], "loc": [], "country": [{"text": "\u7f8e\u56fd", "offset": -1, "length": 2}], "weapon": [{"text": "F-35", "offset": 0, "length": 4}]}}, {"sentence": "\u7f8e\u56fd\u7a7a\u519b\u51b3\u5b9a\u4e70\u4e0b\u4e3a\u571f\u8033\u5176\u751f\u4ea7\u7684F-35\u6218\u673a", "events": [{"trigger": {"text": "\u4e70", "offset": 6, "length": 1}, "subject": {"text": "\u7f8e\u56fd\u7a7a\u519b", "offset": 0, "length": 4}, "object": {"text": "F-35\u6218\u673a", "offset": 15, "length": 6}}], "arguments": {"time": [], "loc": [], "country": [], "weapon": [{"text": "F-35\u6218\u673a", "offset": 15, "length": 6}]}}, {"sentence": "\u3010\u73af\u7403\u7f51\u62a5\u9053 \u89c1\u4e60\u8bb0\u8005 \u9a6c\u5ca9\u3011", "events": [], "arguments": {"time": [], "loc": [], "country": [], "weapon": []}}, {"sentence": "\u636e\u300a\u9632\u52a1\u65b0\u95fb\u300b\u7f51\u7ad97\u670820\u65e5\u62a5\u9053\uff0c\u7f8e\u56fd\u56fd\u9632\u90e8\u5f53\u5929\u5ba3\u5e03\uff0c\u7f8e\u56fd\u7a7a\u519b\u5c06\u4e70\u4e0b8\u67b6\u6d1b\u00b7\u9a6c\u516c\u53f8\u539f\u672c\u4e3a\u571f\u8033\u5176\u751f\u4ea7\u7684F-35A\u6218\u6597\u673a\u3002", "events": [], "arguments": {"time": [{"text": "7\u670820\u65e5", "offset": 9, "length": 5}], "loc": [{"text": "\u571f\u8033\u5176", "offset": 44, "length": 3}], "country": [], "weapon": [{"text": "F-35A\u6218\u6597\u673a", "offset": 50, "length": 8}]}}, {"sentence": "\u62a5\u9053\u79f0\uff0c\u8fd98\u67b6F-35A\u6218\u6597\u673a\u5c06\u4f5c\u4e3a\u7b2c14\u6279\u6b21\u7684\u4e00\u90e8\u5206\u3002", "events": [], "arguments": {"time": [], "loc": [], "country": [], "weapon": [{"text": "F-35A\u6218\u6597\u673a", "offset": 7, "length": 8}]}}, {"sentence": "2019\u5e7410\u6708\uff0c\u56fd\u9632\u90e8\u548c\u6d1b\u00b7\u9a6c\u516c\u53f8\u8fbe\u6210\u4e86\u7b2c12\u300113\u300114\u6279\u6b21\u7684\u4ea4\u6613\u5408\u540c\uff0c\u5176\u4e2d\u7b2c14\u6279\u6b21\u6218\u673a\u5355\u4ef7\u5b9a\u4e3a7790\u4e07\u7f8e\u5143\u3002", "events": [], "arguments": {"time": [], "loc": [], "country": [], "weapon": [{"text": "\u6218\u673a", "offset": 45, "length": 2}]}}, {"sentence": "\u571f\u8033\u5176\u539f\u6253\u7b97\u8d2d\u4e70100\u67b6F-35A\u6218\u6597\u673a\uff0c\u4f46\u56e0\u4e3a\u4e0d\u542c\u7f8e\u56fd\u529d\u963b\uff0c\u575a\u6301\u8d2d\u4e70\u4fc4\u7f57\u65afS-400\u9632\u7a7a\u7cfb\u7edf\uff0c\u800c\u4e8e\u53bb\u5e747\u6708\u88ab\u9010\u51fa\u4e86\u8fd9\u4e00\u9879\u76ee\u3002", "events": [], "arguments": {"time": [], "loc": [], "country": [], "weapon": [{"text": "F-35A\u6218\u6597\u673a", "offset": 12, "length": 8}, {"text": "S-400\u9632\u7a7a\u7cfb\u7edf", "offset": 38, "length": 9}]}}, {"sentence": "\u5f53\u65f6\uff0c\u5df2\u6709\u4e00\u4e9b\u571f\u8033\u5176\u8d2d\u4e70\u7684F-35A\u6218\u6597\u673a\u4e0b\u7ebf\uff0c\u4e00\u4e9b\u571f\u8033\u5176\u98de\u884c\u5458\u4e5f\u5df2\u7ecf\u5728\u7f8e\u56fd\u63a5\u53d7\u57f9\u8bad\uff0c\u4f46\u968f\u540e\u8fd9\u4e9b\u6218\u673a\u6ca1\u6709\u4ea4\u4ed8\u7ed9\u571f\u8033\u5176\u3002", "events": [], "arguments": {"time": [], "loc": [], "country": [], "weapon": [{"text": "F-35A\u6218\u6597\u673a", "offset": 13, "length": 8}]}}, {"sentence": "\u4ece\u90a3\u4ee5\u540e\uff0c\u4e3a\u571f\u8033\u5176\u751f\u4ea7\u7684\u6218\u673a\u53bb\u5411\u6210\u4e3a\u60ac\u800c\u672a\u51b3\u7684\u95ee\u9898\u3002", "events": [], "arguments": {"time": [], "loc": [], "country": [], "weapon": [{"text": "\u6218\u673a", "offset": 12, "length": 2}]}}, {"sentence": "\u4eca\u5e741\u6708\uff0c\u6709\u62a5\u9053\u79f0\u5df2\u670924\u67b6\u571f\u8033\u5176\u8d2d\u4e70\u7684F-35A\u5df2\u5728\u751f\u4ea7\u4e2d\uff0c\u4f46\u56fd\u9632\u90e8\u6b66\u5668\u91c7\u8d2d\u5b98\u5458\u57c3\u4f26\u00b7\u6d1b\u5fb7\u8868\u793a\uff0c\u7f8e\u56fd\u548c\u571f\u8033\u5176\u672a\u5c31\u6218\u673a\u53bb\u5411\u8fbe\u6210\u4e00\u81f4\u3002", "events": [], "arguments": {"time": [], "loc": [], "country": [], "weapon": [{"text": "F-35A", "offset": 20, "length": 5}]}}, {"sentence": "\u6839\u636e\u201c2020\u8d22\u5e74\u56fd\u9632\u6388\u6743\u6cd5\u6848\u201d\uff0c\u7f8e\u56fd\u56fd\u4f1a\u5141\u8bb8\u56fd\u9632\u90e8\u82b1\u8d39\u6700\u591a3000\u4e07\u7f8e\u5143\u628a\u9996\u6279\u4e3a\u571f\u8033\u5176\u751f\u4ea7\u7684F-35\u98de\u5230\u7279\u5b9a\u5730\u70b9\u5e76\u50a8\u5b58\u8d77\u6765\uff0c\u7b49\u5f85\u56fd\u9632\u90e8\u5c31\u5b83\u4eec\u7684\u53bb\u5411\u5236\u5b9a\u8ba1\u5212\u3002", "events": [], "arguments": {"time": [], "loc": [], "country": [], "weapon": [{"text": "F-35", "offset": 47, "length": 4}]}}, {"sentence": "\u800c\u6839\u636e\u201c2021\u8d22\u5e74\u56fd\u9632\u6388\u6743\u6cd5\u6848\u201d\uff0c\u7f8e\u56fd\u7a7a\u519b\u53ef\u4ee5\u63a5\u53d7\u3001\u4f7f\u7528\uff0c\u751a\u81f3\u6539\u9020\u8fd9\u4e9b\u6218\u673a\u3002", "events": [], "arguments": {"time": [], "loc": [], "country": [], "weapon": [{"text": "\u6218\u673a", "offset": 36, "length": 2}]}}, {"sentence": "\uff08\u5b8c\uff09", "events": [], "arguments": {"time": [], "loc": [], "country": [], "weapon": []}}, {"sentence": "\uff08\u5b8c\uff09", "events": [], "arguments": {"time": [], "loc": [], "country": [], "weapon": []}}]