[{"sentence": "\u97e9\u56fd\u9996\u9897\u519b\u7528\u901a\u4fe1\u536b\u661f\u5728\u7f8e\u53d1\u5c04\u00a0\u6709\u52a9\u97e9\u519b\u6536\u56de\u6218\u65f6\u6307\u6325\u6743", "events": [], "arguments": {"time": [], "loc": [], "country": [], "weapon": [{"text": "\u519b\u7528\u901a\u4fe1\u536b\u661f", "offset": 4, "length": 6}]}}, {"sentence": "\u3010\u73af\u7403\u7f51\u519b\u4e8b\u62a5\u9053\u3011", "events": [], "arguments": {"time": [], "loc": [], "country": [], "weapon": []}}, {"sentence": "\u97e9\u8054\u793e7\u670820\u65e5\u62a5\u9053\u79f0\uff0c\u97e9\u56fd\u9996\u9897\u519b\u4e8b\u901a\u4fe1\u536b\u661f\u2014\u2014\u201cAnasis-II\u201d\u53f7\u4e8e20\u65e5\u4e0b\u5348\u5728\u7f8e\u56fd\u88ab\u9001\u4e0a\u592a\u7a7a\u3002", "events": [], "arguments": {"time": [], "loc": [], "country": [], "weapon": [{"text": "\u519b\u4e8b\u901a\u4fe1\u536b\u661f\u2014\u2014\u201cAnasis-II\u201d\u53f7", "offset": 16, "length": 20}]}}, {"sentence": "\u7531\u6b64\uff0c\u97e9\u56fd\u6210\u4e3a\u4e16\u754c\u4e0a\u7b2c\u5341\u4e2a\u62e5\u6709\u519b\u961f\u4e13\u7528\u536b\u661f\u7684\u56fd\u5bb6\u3002", "events": [], "arguments": {"time": [], "loc": [], "country": [], "weapon": []}}, {"sentence": "\u201cAnasis-II\u201d\u53f7\u536b\u661f", "events": [], "arguments": {"time": [], "loc": [], "country": [], "weapon": [{"text": "\u201cAnasis-II\u201d\u53f7\u536b\u661f", "offset": 0, "length": 14}]}}, {"sentence": "\u636e\u7f8e\u56fd\u6c11\u8425\u7684\u592a\u7a7a\u63a2\u7d22\u6280\u672f\u516c\u53f8\uff08SpaceX\uff09\u5f53\u5929\u53d1\u5e03\u6d88\u606f\uff0c\u201c\u730e\u9e709\u201d\u53f7\u8fd0\u8f7d\u706b\u7bad\u4e1c\u90e8\u65f6\u95f420\u65e5\u4e0b\u53485\u70b930\u5206\u5728\u4f5b\u7f57\u91cc\u8fbe\u5dde\u5361\u7eb3\u7ef4\u62c9\u5c14\u7a7a\u519b\u57fa\u5730\u6267\u884c\u4e86\u53d1\u5c04\u4efb\u52a1\u3002", "events": [], "arguments": {"time": [], "loc": [], "country": [], "weapon": [{"text": "\u201c\u730e\u9e709\u201d\u53f7\u8fd0\u8f7d\u706b\u7bad", "offset": 29, "length": 10}]}}, {"sentence": "\u201cAnasis-II\u201d\u53f7\u7ea6\u4e8e\u53d1\u5c0432\u5206\u949f\u540e\u5728630\u5343\u7c73\u4e0a\u7a7a\u4e0e\u706b\u7bad\u5206\u79bb\uff0c\u4e8e\u97e9\u56fd\u65f6\u95f421\u65e5\u4e0a\u53487\u65f68\u5206\u8bb8\u4e0e\u5730\u9762\u7ad9\u6210\u529f\u8fdb\u884c\u9996\u6b21\u901a\u4fe1\u3002", "events": [], "arguments": {"time": [], "loc": [], "country": [], "weapon": [{"text": "\u201cAnasis-II\u201d\u53f7", "offset": 0, "length": 12}]}}, {"sentence": "\u201c\u730e\u9e709\u201d\u53f7\u706b\u7bad\u8ba1\u5212\u628a\u201cAnasis-II\u201d\u53f7\u536b\u661f\u9001\u5165\u8ddd\u57303.6\u4e07\u5343\u7c73\u7684\u9759\u6b62\u8f68\u9053\u3002", "events": [], "arguments": {"time": [], "loc": [], "country": [], "weapon": [{"text": "\u201c\u730e\u9e709\u201d\u53f7\u706b\u7bad", "offset": 0, "length": 8}, {"text": "\u201cAnasis-II\u201d\u53f7\u536b\u661f", "offset": 11, "length": 14}]}}, {"sentence": "\u201cAnasis-II\u201d\u53f7\u6210\u529f\u53d1\u5c04\u5347\u7a7a\u4f7f\u97e9\u56fd\u62e5\u6709\u4fe1\u606f\u5904\u7406\u901f\u5ea6\u3001\u6297\u7535\u78c1\u5e72\u6270\u80fd\u529b\u3001\u901a\u4fe1\u529f\u80fd\u66f4\u4e0a\u4e00\u5c42\u697c\u7684\u519b\u961f\u4e13\u7528\u536b\u661f\u3002", "events": [], "arguments": {"time": [], "loc": [], "country": [], "weapon": [{"text": "\u201cAnasis-II\u201d\u53f7", "offset": 0, "length": 12}]}}, {"sentence": "\u97e9\u519b\u4eba\u58eb\u8868\u793a\uff0c\u8fd9\u4f7f\u97e9\u56fd\u5f97\u4ee5\u6253\u9020\u6536\u56de\u6218\u65f6\u4f5c\u6218\u6307\u6325\u6743\u6240\u9700\u7684\u6838\u5fc3\u6218\u529b\uff0c\u6709\u671b\u63d0\u5347\u97e9\u519b\u72ec\u81ea\u9042\u884c\u4f5c\u6218\u7684\u80fd\u529b\u3002", "events": [], "arguments": {"time": [], "loc": [], "country": [], "weapon": []}}, {"sentence": "\u97e9\u519b\u6b64\u524d\u4f9d\u9760\u519b\u6c11\u4e24\u7528\u7684\u201c\u65e0\u7a77\u82b15\u201d\u53f7\u536b\u661f\u8fd0\u884c\u901a\u4fe1\u7cfb\u7edf\uff0c\u5f88\u5bb9\u6613\u906d\u53d7\u65e0\u7ebf\u5e72\u6270\u653b\u51fb\uff0c\u6b64\u756a\u5c04\u661f\u5c06\u4e00\u6b65\u5230\u4f4d\u8865\u8db3\u4e86\u77ed\u677f\u3002", "events": [], "arguments": {"time": [], "loc": [], "country": [], "weapon": [{"text": "\u201c\u65e0\u7a77\u82b15\u201d\u53f7\u536b\u661f", "offset": 11, "length": 9}]}}]