[{"sentence": "\u7f8e\u519b\u7ed9\u4e3b\u6218\u5766\u514b\u88c5\u4e0a\u4e3b\u52a8\u9632\u5fa1\u7cfb\u7edf\u00a0\u5f00\u5230\u4fc4\u90bb\u56fd\u53c2\u52a0\u6f14\u4e60", "events": [{"trigger": {"text": "\u6f14\u4e60", "offset": 23, "length": 2}, "subject": {"text": "\u7f8e\u519b", "offset": 0, "length": 2}, "object": {"text": "", "offset": 0, "length": 0}}], "arguments": {"time": [], "loc": [{"text": "\u4fc4\u90bb\u56fd", "offset": 18, "length": 3}], "country": [], "weapon": [{"text": "\u4e3b\u6218\u5766\u514b", "offset": 3, "length": 4}]}}, {"sentence": "\u3010\u73af\u7403\u7f51\u62a5\u9053 \u8bb0\u8005 \u5f90\u7490\u660e\u3011", "events": [], "arguments": {"time": [], "loc": [], "country": [], "weapon": []}}, {"sentence": "\u636e\u201c\u9632\u52a1\u535a\u5ba2\u201d\u7f51\u7ad97\u670819\u65e5\u62a5\u9053\uff0c\u7f8e\u56fd\u9646\u519b\u5df2\u7ecf\u5411\u6b27\u6d32\u90e8\u7f72\u4e86\u9996\u6279\u914d\u5907\u73b0\u4ee3\u5316\u9632\u5fa1\u7cfb\u7edf\u7684M1A2\u827e\u5e03\u62c9\u59c6\u65af\u4e3b\u6218\u5766\u514b\uff0c\u4e3a\u7f8e\u56fd\u9646\u519b\u540e\u52e4\u90e8\u961f\u5728\u5b9e\u6218\u73af\u5883\u4e0b\u8bc4\u4f30\u548c\u6d4b\u8bd5\u65b0\u578b\u9632\u5fa1\u7cfb\u7edf\u63d0\u4f9b\u4e86\u673a\u4f1a\u3002", "events": [], "arguments": {"time": [{"text": "7\u670819\u65e5", "offset": 9, "length": 5}], "loc": [], "country": [{"text": "\u7f8e\u56fd", "offset": 56, "length": 2}], "weapon": [{"text": "M1A2\u827e\u5e03\u62c9\u59c6\u65af\u4e3b\u6218\u5766\u514b", "offset": 41, "length": 13}]}}, {"sentence": "\u52a0\u88c5\u4e86\u201c\u6218\u5229\u54c1\u201d\u4e3b\u52a8\u9632\u5fa1\u7cfb\u7edf\u7684\u7f8e\u519bM1A2\u5766\u514b", "events": [], "arguments": {"time": [], "loc": [], "country": [], "weapon": [{"text": "M1A2\u5766\u514b", "offset": 17, "length": 6}]}}, {"sentence": "\u62a5\u9053\u79f0\uff0c\u7f8e\u56fd\u6b27\u6d32\u9646\u519b\u5728\u63a8\u7279\u4e0a\u516c\u5e03\u4e86\u90e8\u7f72\u5728\u6b27\u6d32\u7684\u7f8e\u519bM1A2\u4e3b\u6218\u5766\u514b\u5b89\u88c5\u4ee5\u8272\u5217\u7814\u5236\u7684\u201c\u6218\u5229\u54c1\u201d\u4e3b\u52a8\u9632\u5fa1\u7cfb\u7edf\u548c\u65b0\u578b\u53cd\u5e94\u88c5\u7532\u7684\u753b\u9762\u3002", "events": [], "arguments": {"time": [], "loc": [], "country": [], "weapon": [{"text": "M1A2\u4e3b\u6218\u5766\u514b", "offset": 25, "length": 8}]}}, {"sentence": "\u5728\u5fb7\u56fd\u8d1d\u5c14\u6839-\u970d\u6069\u8bad\u7ec3\u533a\uff0c\u4e00\u8f86M1A2\u827e\u5e03\u62c9\u59c6\u65af\u5766\u514b\u6b63\u5728\u5907\u6218\u201c\u6b27\u6d32\u9632\u536b\u8005-2020\u201d\u8054\u5408\u6f14\u4e60\u7684\u7b2c\u4e8c\u9636\u6bb5\uff0c\u800c\u8fd9\u8f86\u5766\u514b\u88c5\u4e0a\u4e86ARAT\u53cd\u5e94\u88c5\u7532\u548c\u4e3b\u52a8\u9632\u5fa1\u7cfb\u7edf\u3002", "events": [], "arguments": {"time": [], "loc": [], "country": [], "weapon": [{"text": "M1A2\u827e\u5e03\u62c9\u59c6\u65af\u5766\u514b", "offset": 15, "length": 11}]}}, {"sentence": "\u57286\u67085\u65e5\u81f319\u65e5\uff0c\u201c\u6b27\u6d32\u634d\u536b\u8005\u201d\u6f14\u4e60\u5728\u6ce2\u5170\u6253\u54cd\uff0c\u7ea66000\u540d\u7f8e\u56fd\u548c\u6ce2\u5170\u58eb\u5175\u53c2\u52a0\u4e86\u7b2c\u4e00\u9636\u6bb5\u7684\u6f14\u4e60\uff0c\u7b2c\u4e8c\u9636\u6bb5\u6f14\u4e60\u5c06\u4e8e7\u670814\u65e5\u81f38\u670822\u65e5\u5728\u6ce2\u5170\u4e3e\u884c\uff0c\u800c\u7f8e\u519b\u5c06\u51fa\u52a8\u8fd9\u6b3e\u9632\u5fa1\u529b\u5927\u589e\u7684M1A2\u4e3b\u6218\u5766\u514b\u53c2\u52a0\u6f14\u4e60\u3002", "events": [], "arguments": {"time": [], "loc": [], "country": [], "weapon": [{"text": "M1A2\u4e3b\u6218\u5766\u514b", "offset": 88, "length": 8}]}}, {"sentence": "\u62a5\u9053\u79f0\uff0cARAT\u7206\u70b8\u53cd\u5e94\u88c5\u7532\u753162\u5757\u7bb1\u5f62\u53cd\u5e94\u88c5\u7532\u5355\u5143\u6784\u6210\uff0c\u603b\u91cd\u91cf\u63a5\u8fd12\u5428\uff0c\u5728\u5766\u514b\u906d\u5230\u706b\u7bad\u52a9\u63a8\u69b4\u5f39\u653b\u51fb\u65f6\uff0c\u8fd9\u79cd\u88c5\u586b\u6709\u60f0\u6027\u70b8\u836f\u7684\u88c5\u7532\u4f1a\u5728\u51b2\u51fb\u529b\u4e0b\u5411\u5355\u5411\u7206\u70b8\uff0c\u62b5\u6d88\u53cd\u5766\u514b\u6b66\u5668\u7684\u5927\u90e8\u5206\u6740\u4f24\u529b\uff0c\u4ece\u800c\u4fdd\u62a4\u5766\u514b\u3002", "events": [], "arguments": {"time": [], "loc": [], "country": [], "weapon": [{"text": "ARAT\u7206\u70b8\u53cd\u5e94\u88c5\u7532", "offset": 4, "length": 10}, {"text": "\u5766\u514b", "offset": 95, "length": 2}]}}, {"sentence": "\u7f8e\u519b\u58eb\u5175\u7ed9M1A2\u5766\u514b\u5b89\u88c5\u7206\u70b8\u53cd\u5e94\u88c5\u7532\u5355\u5143", "events": [], "arguments": {"time": [], "loc": [], "country": [], "weapon": [{"text": "M1A2\u5766\u514b", "offset": 5, "length": 6}]}}, {"sentence": "\u201c\u6218\u5229\u54c1\u201d\u5219\u662f\u7531\u4ee5\u8272\u5217\u7814\u5236\u7684\u4e00\u6b3e\u4e3b\u52a8\u9632\u5fa1\u7cfb\u7edf\uff0c\u4e5f\u662f\u76ee\u524d\u552f\u4e00\u4e00\u6b3e\u7ecf\u8fc7\u5b9e\u6218\u9a8c\u8bc1\u7684\u5766\u514b\u4e3b\u52a8\u9632\u5fa1\u7cfb\u7edf\uff0c\u53ef\u4ee5\u90e8\u7f72\u5728\u5404\u79cd\u4e2d\u578b\u3001\u91cd\u578b\u88c5\u7532\u5e73\u53f0\u4e0a\u3002", "events": [], "arguments": {"time": [], "loc": [], "country": [], "weapon": [{"text": "\u5766\u514b\u4e3b\u52a8\u9632\u5fa1\u7cfb\u7edf", "offset": 38, "length": 8}]}}, {"sentence": "\u8fd9\u79cd\u4e3b\u52a8\u9632\u5fa1\u7cfb\u7edf\u53ef\u4ee5\u62b5\u5fa1\u706b\u7bad\u52a9\u63a8\u69b4\u5f39\u3001\u65e0\u540e\u5750\u529b\u70ae\u548c\u53cd\u5766\u514b\u5bfc\u5f39\u7684\u6253\u51fb\u3002", "events": [], "arguments": {"time": [], "loc": [], "country": [], "weapon": [{"text": "\u706b\u7bad\u52a9\u63a8\u69b4\u5f39", "offset": 12, "length": 6}, {"text": "\u65e0\u540e\u5750\u529b\u70ae", "offset": 19, "length": 5}, {"text": "\u53cd\u5766\u514b\u5bfc\u5f39", "offset": 25, "length": 5}]}}, {"sentence": "\u6839\u636e\u7f8e\u56fd\u6b27\u6d32\u9646\u519b\u7684\u8bf4\u6cd5\uff0c\u5728\u6f14\u4e60\u4e2d\u88c5\u5907\u8fd9\u4e9b\u5766\u514b\u9632\u5fa1\u88c5\u7f6e\uff0c\u4e3a\u7f8e\u56fd\u9646\u519b\u540e\u52e4\u56e2\u961f\u63d0\u4f9b\u4e86\u5728\u5b9e\u6218\u73af\u5883\u4e0b\u5bf9\u65b0\u88c5\u5907\u7684\u6d4b\u8bd5\u673a\u4f1a\u3002", "events": [], "arguments": {"time": [], "loc": [], "country": [], "weapon": []}}]