[{"sentence": "\u4fc4\u82cf-30\u6218\u673a\u5728\u9ed1\u6d77\u4e0a\u7a7a\u62e6\u622a\u7f8e\u6cd5\u519b\u673a", "events": [], "arguments": {"time": [], "loc": [], "country": [], "weapon": [{"text": "\u82cf-30\u6218\u673a", "offset": 1, "length": 6}, {"text": "\u673a", "offset": 0, "length": 1}]}}, {"sentence": "\u25b3\u4fc4\u82cf-30\u6218\u673a\u8d44\u6599\u56fe\u3002", "events": [], "arguments": {"time": [], "loc": [], "country": [], "weapon": [{"text": "\u82cf-30\u6218\u673a", "offset": 2, "length": 6}]}}, {"sentence": "\u6765\u6e90\uff1a\u4fc4\u65b0\u793e", "events": [], "arguments": {"time": [], "loc": [], "country": [], "weapon": []}}, {"sentence": "\u5f53\u5730\u65f6\u95f412\u67087\u65e5\uff0c\u4fc4\u8054\u90a6\u56fd\u9632\u6307\u6325\u4e2d\u5fc3\u53d1\u5e03\u6d88\u606f\u79f0\uff0c\u5f53\u5929\u4e00\u67b6\u4fc4\u82cf-30\u6218\u673a\u5728\u9ed1\u6d77\u4e0a\u7a7a\u62e6\u622a\u4e86\u4e24\u67b6\u5206\u5c5e\u7f8e\u56fd\u548c\u6cd5\u56fd\u7684\u6218\u7565\u4fa6\u5bdf\u673a\u3002", "events": [], "arguments": {"time": [], "loc": [], "country": [], "weapon": [{"text": "\u82cf-30\u6218\u673a", "offset": 30, "length": 6}, {"text": "\u6218\u7565\u4fa6\u5bdf\u673a", "offset": 54, "length": 5}]}}, {"sentence": "\u6d88\u606f\u6307\u51fa\uff0c\u5f53\u5929\u4fc4\u519b\u96f7\u8fbe\u7cfb\u7edf\u5728\u9ed1\u6d77\u516c\u6d77\u6d77\u57df\u4e0a\u7a7a\u53d1\u73b0\u4e86\u6b63\u63a5\u8fd1\u4fc4\u8fb9\u5883\u7684\u7a7a\u4e2d\u76ee\u6807\uff0c\u4fc4\u5357\u90e8\u519b\u533a\u7a7a\u519b\u548c\u9632\u7a7a\u8054\u5408\u90e8\u961f\u9042\u6d3e\u51fa\u4e00\u67b6\u82cf-30\u6218\u673a\u5347\u7a7a\u62e6\u622a\u3002", "events": [], "arguments": {"time": [], "loc": [], "country": [], "weapon": [{"text": "\u82cf-30\u6218\u673a", "offset": 56, "length": 6}]}}, {"sentence": "\u7ecf\u786e\u8ba4\uff0c\u7a7a\u4e2d\u76ee\u6807\u5206\u522b\u4e3a\u96b6\u5c5e\u7f8e\u56fd\u7a7a\u519b\u7684RC-135\u6218\u7565\u4fa6\u5bdf\u673a\u3001KC-135\u7a7a\u4e2d\u52a0\u6cb9\u673a\u4ee5\u53ca\u96b6\u5c5e\u6cd5\u56fd\u7a7a\u519b\u7684C.160G\u4fa6\u5bdf\u673a\u3002", "events": [], "arguments": {"time": [], "loc": [], "country": [], "weapon": [{"text": "RC-135\u6218\u7565\u4fa6\u5bdf\u673a", "offset": 18, "length": 11}, {"text": "KC-135\u7a7a\u4e2d\u52a0\u6cb9\u673a", "offset": 30, "length": 11}, {"text": "C.160G\u4fa6\u5bdf\u673a", "offset": 50, "length": 9}]}}, {"sentence": "\u4fc4\u82cf-30\u6218\u673a\u5728\u9ed1\u6d77\u6d77\u57df\u4e0a\u7a7a\u5bf9\u5176\u8fdb\u884c\u4e86\u4f34\u98de\u3002", "events": [], "arguments": {"time": [], "loc": [], "country": [], "weapon": [{"text": "\u82cf-30\u6218\u673a", "offset": 1, "length": 6}]}}, {"sentence": "\u5728\u7f8e\u6cd5\u519b\u673a\u8c03\u8f6c\u822a\u5411\u98de\u79bb\u4fc4\u7f57\u65af\u8fb9\u5883\u540e\uff0c\u4fc4\u82cf-30\u6218\u673a\u5b89\u5168\u8fd4\u822a\u9a7b\u5730\u3002", "events": [], "arguments": {"time": [], "loc": [], "country": [], "weapon": [{"text": "\u82cf-30\u6218\u673a", "offset": 19, "length": 6}]}}, {"sentence": "\u8be5\u4e2d\u5fc3\u5f3a\u8c03\uff0c\u4fc4\u82cf-30\u6218\u673a\u5728\u6574\u4e2a\u98de\u884c\u8fc7\u7a0b\u4e2d\u4e25\u683c\u9075\u5b88\u56fd\u9645\u7a7a\u57df\u98de\u884c\u89c4\u5219\uff0c\u4fc4\u8fb9\u754c\u672a\u53d7\u4fb5\u72af\u3002", "events": [], "arguments": {"time": [], "loc": [], "country": [], "weapon": [{"text": "\u82cf-30\u6218\u673a", "offset": 7, "length": 6}]}}, {"sentence": "\uff08\u603b\u53f0\u8bb0\u8005 \u738b\u658c \u738b\u6653\u96ea\uff09", "events": [], "arguments": {"time": [], "loc": [], "country": [], "weapon": []}}, {"sentence": "\uff08\u603b\u53f0\u8bb0\u8005 \u738b\u658c \u738b\u6653\u96ea\uff09", "events": [], "arguments": {"time": [], "loc": [], "country": [], "weapon": []}}]