[{"sentence": "\u6d77\u519b\u7b2c35\u6279\u62a4\u822a\u7f16\u961f\u987a\u5229\u5b8c\u6210\u7b2c1319\u6279\u8239\u8236\u62a4\u822a\u4efb\u52a1", "events": [], "arguments": {"time": [], "loc": [], "country": [], "weapon": []}}, {"sentence": "\u592a\u539f\u8230\u8230\u8f7d\u76f4\u5347\u673a\u7d27\u6025\u8d77\u98de\uff0c\u8fdb\u884c\u7a7a\u4e2d\u5de1\u903b\u8b66\u6212\u3002", "events": [], "arguments": {"time": [], "loc": [], "country": [], "weapon": [{"text": "\u592a\u539f\u8230\u8230\u8f7d\u76f4\u5347\u673a", "offset": 0, "length": 8}]}}, {"sentence": "\u6c5f\u5c71 \u6444", "events": [], "arguments": {"time": [], "loc": [], "country": [], "weapon": []}}, {"sentence": "\u5f53\u5730\u65f6\u95f47\u670817\u65e53\u65f6\uff0c\u968f\u7740\u4fc4\u7f57\u65af\u7c4d\u5546\u8239\u201c\u62c9\u8fbe\u201d\u53f7\u5b89\u5168\u62b5\u8fbe\u4e9a\u4e01\u6e7e\u897f\u90e8\u89e3\u62a4\u70b9\uff0c\u6d77\u519b\u7b2c35\u6279\u62a4\u822a\u7f16\u961f\u987a\u5229\u5b8c\u6210\u7b2c1319\u6279\u8239\u8236\u62a4\u822a\u4efb\u52a1\u3002", "events": [], "arguments": {"time": [], "loc": [], "country": [], "weapon": [{"text": "\u201c\u62c9\u8fbe\u201d\u53f7", "offset": 20, "length": 5}]}}, {"sentence": "\u7531\u4e8e\u6b64\u6b21\u4f1a\u5408\u70b9\u98ce\u6d6a\u8f83\u5927\uff0c2\u8258\u88ab\u62a4\u5546\u8239\u76f8\u8ddd\u8f83\u8fdc\uff0c\u7f16\u961f\u6839\u636e\u6d77\u533a\u6c14\u8c61\u53d8\u5316\u548c\u88ab\u62a4\u8239\u8236\u7684\u5b9e\u9645\u60c5\u51b5\uff0c\u5b89\u6392\u8346\u5dde\u8230\u3001\u592a\u539f\u8230\u5206\u522b\u5bf9\u88ab\u62a4\u5546\u8239\u4fc4\u7f57\u65af\u7c4d\u201c\u62c9\u8fbe\u201d\u53f7\u548c\u5df4\u62ff\u9a6c\u7c4d\u201c\u6d77\u6f9c\u4e4b\u65c5\u201d\u53f7\u91c7\u53d6\u201c\u4e00\u5bf9\u4e00\u201d\u7684\u65b9\u5f0f\u5b9e\u65bd\u4f34\u968f\u62a4\u822a\u3002", "events": [], "arguments": {"time": [], "loc": [], "country": [], "weapon": [{"text": "\u8346\u5dde\u8230", "offset": 46, "length": 3}, {"text": "\u592a\u539f\u8230", "offset": 50, "length": 3}, {"text": "\u201c\u62c9\u8fbe\u201d\u53f7", "offset": 64, "length": 5}, {"text": "\u201c\u6d77\u6f9c\u4e4b\u65c5\u201d\u53f7", "offset": 74, "length": 7}]}}, {"sentence": "\u9274\u4e8e\u8fd1\u671f\u4e9a\u4e01\u6e7e\u3001\u7d22\u9a6c\u91cc\u6d77\u57df\u6d77\u51b5\u548c\u6d77\u76d7\u6d3b\u52a8\u5f62\u52bf\uff0c\u7f16\u961f\u52a0\u5f3a\u4e0e\u88ab\u62a4\u8239\u8236\u7684\u6c9f\u901a\u8054\u7edc\uff0c\u5728\u5546\u8239\u96c6\u7ed3\u3001\u901a\u8fc7\u590d\u6742\u6d77\u533a\u7b49\u7279\u6b8a\u65f6\u6bb5\u7ec4\u7ec7\u76f4\u5347\u673a\u7a7a\u4e2d\u5de1\u903b\uff0c\u5e76\u9002\u65f6\u5bf9\u88ab\u62a4\u8239\u8236\u5b9e\u65bd\u5ef6\u4f38\u62a4\u822a\u3002", "events": [], "arguments": {"time": [], "loc": [], "country": [], "weapon": [{"text": "\u76f4\u5347\u673a", "offset": 57, "length": 3}]}}, {"sentence": "\u7ecf\u8fc7\u4e24\u5929\u7684\u822a\u884c\uff0c\u5f53\u5730\u65f6\u95f47\u670816\u65e523\u65f6\uff0c\u592a\u539f\u8230\u987a\u5229\u5c06\u201c\u6d77\u6f9c\u4e4b\u65c5\u201d\u53f7\u62a4\u9001\u81f3\u5b89\u5168\u6d77\u57df\u89e3\u62a4\u3002", "events": [], "arguments": {"time": [], "loc": [], "country": [], "weapon": [{"text": "\u592a\u539f\u8230", "offset": 21, "length": 3}, {"text": "\u201c\u6d77\u6f9c\u4e4b\u65c5\u201d\u53f7", "offset": 27, "length": 7}]}}, {"sentence": "4\u5c0f\u65f6\u540e\uff0c\u8346\u5dde\u8230\u4e5f\u5c06\u201c\u62c9\u8fbe\u201d\u53f7\u9001\u62b5\u89e3\u62a4\u70b9\u3002", "events": [], "arguments": {"time": [], "loc": [], "country": [], "weapon": [{"text": "\u8346\u5dde\u8230", "offset": 5, "length": 3}, {"text": "\u201c\u62c9\u8fbe\u201d\u53f7", "offset": 10, "length": 5}]}}, {"sentence": "\u4e2d\u56fd\u6d77\u519b\u62a4\u822a\u7f16\u961f\u5b89\u5168\u3001\u9ad8\u6548\u3001\u8d34\u5fc3\u7684\u62a4\u822a\u670d\u52a1\uff0c\u53d7\u5230\u88ab\u62a4\u5546\u8239\u7684\u79f0\u8d5e\u3002", "events": [], "arguments": {"time": [], "loc": [], "country": [], "weapon": []}}, {"sentence": "\u6765\u6e90 | \u89e3\u653e\u519b\u62a5", "events": [], "arguments": {"time": [], "loc": [], "country": [], "weapon": []}}]