[{"sentence": "\u8377\u5170\u518d\u83b72\u67b6F-35\u6218\u6597\u673a\u00a0\u5171\u8ba1\u5212\u8d2d\u4e708\u67b6", "events": [{"trigger": {"text": "\u8d2d\u4e70", "offset": 17, "length": 2}, "subject": {"text": "", "offset": 0, "length": 0}, "object": {"text": "", "offset": 0, "length": 0}}], "arguments": {"time": [], "loc": [], "country": [{"text": "\u8377\u5170", "offset": 0, "length": 2}], "weapon": [{"text": "F-35\u6218\u6597\u673a", "offset": 6, "length": 7}]}}, {"sentence": "\u3010\u73af\u7403\u7f51\u62a5\u9053 \u89c1\u4e60\u8bb0\u8005 \u9a6c\u5ca9\u3011", "events": [], "arguments": {"time": [], "loc": [], "country": [], "weapon": []}}, {"sentence": "\u636e\u201c\u7a7a\u519b\u60c5\u62a5\u201d\u7f517\u670816\u65e5\u62a5\u9053\uff0c\u8377\u5170\u7687\u5bb6\u7a7a\u519b7\u670814\u65e5\u518d\u83b7\u5f97\u4e24\u67b6F-35A\u201c\u95ea\u75352\u201d\u6218\u6597\u673a\u3002", "events": [], "arguments": {"time": [{"text": "7\u670816\u65e5", "offset": 8, "length": 5}], "loc": [{"text": "\u8377\u5170", "offset": 16, "length": 2}], "country": [], "weapon": [{"text": "F-35A\u201c\u95ea\u75352\u201d\u6218\u6597\u673a", "offset": 32, "length": 13}]}}, {"sentence": "2015\u5e743\u6708\uff0c\u8377\u5170\u8bae\u4f1a\u6279\u51c6\u8d2d\u4e708\u67b6\u6d1b\u514b\u5e0c\u5fb7\u2022\u9a6c\u4e01\u516c\u53f8\u751f\u4ea7\u7684F-35A\u6218\u6597\u673a\uff0c\u4ee5\u53d6\u4ee3\u8001\u5f0fF-16\u6218\u6597\u673a\u3002", "events": [{"trigger": {"text": "\u8d2d\u4e70", "offset": 14, "length": 2}, "subject": {"text": "\u8377\u5170", "offset": 8, "length": 2}, "object": {"text": "F-35A\u6218\u6597\u673a", "offset": 30, "length": 8}}], "arguments": {"time": [], "loc": [], "country": [], "weapon": [{"text": "F-35A\u6218\u6597\u673a", "offset": 30, "length": 8}, {"text": "F-16\u6218\u6597\u673a", "offset": 44, "length": 7}]}}, {"sentence": "2016\u5e745\u6708\uff0cF-35\u6218\u6597\u673a\u9996\u6b21\u62b5\u8fbe\u8377\u5170\uff0c\u5e76\u8fdb\u884c\u4e86\u591a\u573a\u98de\u884c\u8868\u6f14\uff0c\u4ee5\u8ba9\u8377\u5170\u6c11\u4f17\u770b\u5230F-35\u4e0eF-16\u7684\u533a\u522b\uff0c\u6d4b\u8bd5\u7ed3\u679c\u663e\u793a\uff0c\u4e24\u79cd\u98de\u673a\u5728\u566a\u97f3\u65b9\u9762\u533a\u522b\u4e0d\u5927\u3002", "events": [], "arguments": {"time": [], "loc": [], "country": [], "weapon": [{"text": "F-16", "offset": 46, "length": 4}, {"text": "F-35", "offset": 41, "length": 4}]}}, {"sentence": "F-35\u662f\u4e00\u6b3e\u5355\u5ea7\u5355\u53d1\u7684\u7b2c\u4e94\u4ee3\u9690\u8eab\u6218\u6597\u673a\uff0c\u7531\u7f8e\u56fd\u4e3b\u5bfc\uff0c\u82f1\u56fd\u3001\u610f\u5927\u5229\u3001\u8377\u5170\u3001\u52a0\u62ff\u5927\u7b49\u56fd\u53c2\u4e0e\u8054\u5408\u7814\u5236\u3002", "events": [], "arguments": {"time": [], "loc": [], "country": [], "weapon": [{"text": "F-35", "offset": 0, "length": 4}, {"text": "\u7b2c\u4e94\u4ee3\u9690\u8eab\u6218\u6597\u673a", "offset": 12, "length": 8}]}}]