[{"sentence": "\u5f3a\u5f3a\u8054\u624b\uff01", "events": [], "arguments": {"time": [], "loc": [], "country": [], "weapon": []}}, {"sentence": "\u4fc4\u7c73\u683c\u548c\u82cf\u970d\u4f0a\u516c\u53f8\u5c06\u5171\u540c\u7814\u5236\u516d\u4ee3\u6218\u673a", "events": [{"trigger": {"text": "\u7814\u5236", "offset": 12, "length": 2}, "subject": {"text": "\u7c73\u683c\u548c\u82cf\u970d\u4f0a\u516c\u53f8", "offset": 1, "length": 8}, "object": {"text": "\u516d\u4ee3\u6218\u673a", "offset": 14, "length": 4}}], "arguments": {"time": [], "loc": [], "country": [{"text": "\u4fc4", "offset": 0, "length": 1}], "weapon": [{"text": "\u516d\u4ee3\u6218\u673a", "offset": 14, "length": 4}]}}, {"sentence": "\u3010\u73af\u7403\u7f51\u519b\u4e8b\u62a5\u9053\u3011", "events": [], "arguments": {"time": [], "loc": [], "country": [], "weapon": []}}, {"sentence": "\u4fc4\u7f57\u65af\u536b\u661f\u901a\u8baf\u793e7\u670816\u65e5\u62a5\u9053\uff0c\u4fc4\u7f57\u65af\u82cf\u970d\u4f0a\u516c\u53f8\u603b\u7ecf\u7406\u5854\u62c9\u5148\u79d1\u5728\u63a5\u53d7\u536b\u661f\u901a\u8baf\u793e\u91c7\u8bbf\u65f6\u8868\u793a\uff0c\u7c73\u683c\u822a\u7a7a\u5668\u96c6\u56e2\u548c\u82cf\u970d\u4f0a\u516c\u53f8\u5c06\u8054\u5408\u5f00\u53d1\u7b2c\u516d\u4ee3\u6218\u6597\u822a\u7a7a\u7cfb\u7edf\u3002", "events": [{"trigger": {"text": "\u8054\u5408\u5f00\u53d1", "offset": 59, "length": 4}, "subject": {"text": "\u7c73\u683c\u822a\u7a7a\u5668\u96c6\u56e2\u548c\u82cf\u970d\u4f0a\u516c\u53f8", "offset": 45, "length": 13}, "object": {"text": "\u7b2c\u516d\u4ee3\u6218\u6597\u822a\u7a7a\u7cfb\u7edf", "offset": 63, "length": 9}}], "arguments": {"time": [{"text": "7\u670816\u65e5", "offset": 8, "length": 5}], "loc": [{"text": "\u82cf\u970d\u4f0a\u516c\u53f8", "offset": 53, "length": 5}], "country": [{"text": "\u4fc4\u7f57\u65af", "offset": 16, "length": 3}], "weapon": [{"text": "\u7b2c\u516d\u4ee3\u6218\u6597\u822a\u7a7a\u7cfb\u7edf", "offset": 63, "length": 9}]}}, {"sentence": "\u5854\u62c9\u5148\u79d1\u8bf4\uff1a\u201c\u6211\u4eec\u7684\u7ade\u4e89\u5bf9\u624b\u662f\u7f8e\u56fd\u548c\u6b27\u6d32\u98de\u673a\u5236\u9020\u5546\u3002", "events": [], "arguments": {"time": [], "loc": [], "country": [{"text": "\u7f8e\u56fd", "offset": 15, "length": 2}, {"text": "\u6b27\u6d32", "offset": 18, "length": 2}], "weapon": [{"text": "\u98de\u673a", "offset": 20, "length": 2}]}}, {"sentence": "\u4e3a\u4e86\u5728\u884c\u4e1a\u4e2d\u4fdd\u6301\u7a33\u56fa\u7684\u4f7c\u4f7c\u8005\u5730\u4f4d\uff0c\u6211\u4eec\u9700\u8981\u52a0\u5f3a\u76ee\u524d\u7c73\u683c\u548c\u82cf\u970d\u4f0a\u5728\u8be5\u9886\u57df\u62e5\u6709\u7684\u6700\u4f73\u80fd\u529b\uff0c\u5e76\u5f00\u53d1\u51fa\u65b0\u7684\u7b2c\u516d\u4ee3\u98de\u673a\u3002", "events": [], "arguments": {"time": [], "loc": [], "country": [], "weapon": [{"text": "\u7b2c\u516d\u4ee3\u98de\u673a", "offset": 49, "length": 5}]}}, {"sentence": "\u5728\u5171\u540c\u4efb\u52a1\u548c\u5171\u540c\u76ee\u6807\u6846\u67b6\u5185\u5c06\u6f5c\u529b\u7ed3\u5408\u8d77\u6765\u662f\u5b9e\u73b0\u91cd\u5927\u7a81\u7834\u7684\u5de8\u5927\u80fd\u529b\uff0c\u800c\u5916\u56fd\u516c\u53f8\u6ca1\u6709\u8fd9\u79cd\u80fd\u529b\u3002", "events": [], "arguments": {"time": [], "loc": [], "country": [], "weapon": []}}, {"sentence": "\u201d", "events": [], "arguments": {"time": [], "loc": [], "country": [], "weapon": []}}, {"sentence": "\u5f53\u88ab\u95ee\u53ca\u201c\u7b2c\u516d\u4ee3\u98de\u673a\u662f\u5426\u5c06\u7531\u7c73\u683c\u548c\u82cf\u970d\u4f0a\u516c\u53f8\u8054\u5408\u5f00\u53d1\u201d\u65f6\uff0c\u5854\u62c9\u5148\u79d1\u505a\u51fa\u80af\u5b9a\u56de\u7b54\u3002", "events": [], "arguments": {"time": [], "loc": [], "country": [], "weapon": [{"text": "\u7b2c\u516d\u4ee3\u98de\u673a", "offset": 5, "length": 5}]}}, {"sentence": "\u4ed6\u89e3\u91ca\u8bf4\uff1a\u201c\u662f\u7684\uff0c\u8fd9\u5c06\u7531\u8054\u5408\u822a\u7a7a\u5236\u9020\u96c6\u56e2\u516c\u53f8\u519b\u7528\u822a\u7a7a\u90e8\u95e8\u5f00\u53d1\u3002", "events": [], "arguments": {"time": [], "loc": [], "country": [], "weapon": [{"text": "\u8054\u5408\u822a\u7a7a\u5236\u9020\u96c6\u56e2\u516c\u53f8\u519b\u7528\u822a\u7a7a\u90e8\u95e8", "offset": 12, "length": 16}, {"text": "\u519b\u7528\u822a\u7a7a", "offset": 22, "length": 4}]}}, {"sentence": "\u201d\u4ed6\u8865\u5145\u8bf4\uff0c\u5728\u7c73\u683c\u548c\u82cf\u970d\u4f0a\u516c\u53f8\u7684\u57fa\u7840\u4e0a\u7ec4\u5efa\u8054\u5408\u822a\u7a7a\u5236\u9020\u96c6\u56e2\u516c\u53f8\u6218\u6597\u822a\u7a7a\u90e8\u95e8\u7684\u5de5\u4f5c\u5728\u4eca\u5e74\u5e74\u5e95\u524d\u5b8c\u6210\u3002", "events": [{"trigger": {"text": "\u7ec4\u5efa", "offset": 19, "length": 2}, "subject": {"text": "\u7c73\u683c\u548c\u82cf\u970d\u4f0a\u516c\u53f8", "offset": 7, "length": 8}, "object": {"text": "\u8054\u5408\u822a\u7a7a\u5236\u9020\u96c6\u56e2\u516c\u53f8\u6218\u6597\u822a\u7a7a\u90e8\u95e8", "offset": 21, "length": 16}}], "arguments": {"time": [], "loc": [], "country": [], "weapon": []}}, {"sentence": "\u76ee\u524d\u4fc4\u7f57\u65af\u5df2\u7ecf\u5f00\u59cb\u6279\u91cf\u751f\u4ea7\u7b2c\u4e94\u4ee3\u82cf-57\u6218\u6597\u673a\uff0c\u4eca\u5e74\u9996\u67b6\u98de\u673a\u5c06\u63a5\u88c5\u4fc4\u7f57\u65af\u7a7a\u5929\u519b\u3002", "events": [{"trigger": {"text": "\u6279\u91cf\u751f\u4ea7", "offset": 9, "length": 4}, "subject": {"text": "\u4fc4\u7f57\u65af", "offset": 33, "length": 3}, "object": {"text": "\u7b2c\u4e94\u4ee3\u82cf-57\u6218\u6597\u673a", "offset": 13, "length": 10}}], "arguments": {"time": [], "loc": [], "country": [{"text": "\u4fc4\u7f57\u65af", "offset": 33, "length": 3}], "weapon": [{"text": "\u7b2c\u4e94\u4ee3\u82cf-57\u6218\u6597\u673a", "offset": 13, "length": 10}, {"text": "\u4fc4\u7f57\u65af\u7a7a\u5929\u519b", "offset": 33, "length": 6}]}}, {"sentence": "\u4f0a\u5229\u4e9a\u00b7\u5854\u62c9\u5148\u79d1\u4eca\u5e742\u6708\u88ab\u4efb\u547d\u62c5\u4efb\u82cf\u970d\u4f0a\u516c\u53f8\u603b\u7ecf\u7406\uff0c\u8fd9\u6837\u4e00\u6765\uff0c\u4ed6\u8eab\u517c\u4e09\u804c\u2014\u2014\u9664\u4e86\u82cf\u970d\u4f0a\u516c\u53f8\u5916\uff0c\u5854\u62c9\u5148\u79d1\u8fd8\u9886\u5bfc\u7c73\u683c\u822a\u7a7a\u5668\u96c6\u56e2\uff0c\u4ee5\u53ca\u8d1f\u8d23\u8054\u5408\u822a\u7a7a\u5236\u9020\u96c6\u56e2\u7684\u9500\u552e\u548c\u519b\u4e8b\u6280\u672f\u5408\u4f5c\u3002", "events": [{"trigger": {"text": "\u62c5\u4efb", "offset": 15, "length": 2}, "subject": {"text": "\u4f0a\u5229\u4e9a\u00b7\u5854\u62c9\u5148\u79d1", "offset": 0, "length": 8}, "object": {"text": "\u82cf\u970d\u4f0a\u516c\u53f8\u603b\u7ecf\u7406", "offset": 17, "length": 8}}], "arguments": {"time": [{"text": "\u4eca\u5e742\u6708", "offset": 8, "length": 4}], "loc": [], "country": [], "weapon": []}}]