[{"sentence": "\u521a\u53eb\u56a3\u8981\u628a\u822a\u6bcd\u6d3e\u81f3\u5357\u6d77\u00a0\u82f1\u56fd\u53c8\u79f0\u8981\u5728\u8230\u4e0a\u90e8\u7f72\u65e0\u4eba\u673a\u8702\u7fa4", "events": [], "arguments": {"time": [], "loc": [], "country": [], "weapon": [{"text": "\u822a\u6bcd", "offset": 5, "length": 2}, {"text": "\u65e0\u4eba\u673a", "offset": 22, "length": 3}]}}, {"sentence": "\u3010\u73af\u7403\u7f51\u62a5\u9053 \u8bb0\u8005 \u5f90\u7490\u660e\u3011", "events": [], "arguments": {"time": [], "loc": [], "country": [], "weapon": []}}, {"sentence": "\u636e\u300a\u7b80\u6c0f\u9632\u52a1\u5468\u520a\u300b7\u670815\u65e5\u62a5\u9053\uff0c\u82f1\u56fd\u7a7a\u519b\u53c2\u8c0b\u957f\u5f53\u5929\u900f\u9732\uff0c\u82f1\u56fd\u7687\u5bb6\u7a7a\u519b\u5c06\u5728\u4e24\u8258\u201c\u4f0a\u4e3d\u838e\u767d\u5973\u738b\u201d\u7ea7\u822a\u6bcd\u4e0a\u8fdb\u884c\u65e0\u4eba\u673a\u7684\u8bd5\u98de\u5de5\u4f5c\u3002", "events": [{"trigger": {"text": "\u8fdb\u884c", "offset": 51, "length": 2}, "subject": {"text": "\u82f1\u56fd\u7687\u5bb6\u7a7a\u519b", "offset": 29, "length": 6}, "object": {"text": "\u65e0\u4eba\u673a\u7684\u8bd5\u98de\u5de5\u4f5c", "offset": 53, "length": 8}}], "arguments": {"time": [{"text": "7\u670815\u65e5", "offset": 9, "length": 5}], "loc": [], "country": [{"text": "\u82f1\u56fd", "offset": 29, "length": 2}], "weapon": [{"text": "\u201c\u4f0a\u4e3d\u838e\u767d\u5973\u738b\u201d\u7ea7\u822a\u6bcd", "offset": 39, "length": 11}, {"text": "\u65e0\u4eba\u673a", "offset": 53, "length": 3}]}}, {"sentence": "\u62a5\u9053\u79f0\uff0c\u82f1\u56fd\u7a7a\u519b\u4e0a\u5c06\u8fc8\u514b\u00b7\u5a01\u683c\u65af\u987f(Mike Wigston)\u8868\u793a\uff0c\u5bf9\u8702\u7fa4\u65e0\u4eba\u673a\u548c\u201c\u5fe0\u8bda\u50da\u673a\u201d\u7684\u8bc4\u4f30\u5de5\u4f5c\u5df2\u7ecf\u5f00\u59cb\uff0c\u5728\u201c\u4f0a\u4e3d\u838e\u767d\u5973\u738b\u201d\u7ea7\u822a\u6bcd\u4e0a\u7684\u98de\u884c\u8bd5\u9a8c\u5de5\u4f5c\u9884\u8ba1\u5f88\u5feb\u5c31\u4f1a\u5f00\u59cb\u3002", "events": [{"trigger": {"text": "\u5f00\u59cb", "offset": 83, "length": 2}, "subject": {"text": "\u82f1\u56fd\u7a7a\u519b\u4e0a\u5c06\u8fc8\u514b\u00b7\u5a01\u683c\u65af\u987f", "offset": 4, "length": 13}, "object": {"text": "\u5bf9\u8702\u7fa4\u65e0\u4eba\u673a\u548c\u201c\u5fe0\u8bda\u50da\u673a\u201d\u7684\u8bc4\u4f30\u5de5\u4f5c", "offset": 34, "length": 18}}], "arguments": {"time": [], "loc": [], "country": [{"text": "\u82f1\u56fd", "offset": 4, "length": 2}], "weapon": [{"text": "\u8702\u7fa4\u65e0\u4eba\u673a", "offset": 35, "length": 5}, {"text": "\u201c\u5fe0\u8bda\u50da\u673a\u201d", "offset": 41, "length": 6}, {"text": "\u201c\u4f0a\u4e3d\u838e\u767d\u5973\u738b\u201d\u7ea7\u822a\u6bcd", "offset": 58, "length": 11}]}}, {"sentence": "\u5a01\u683c\u65af\u987f\u8bf4\uff1a\u201c\u6211\u4eec\u5c06\u6269\u5927\u7b2c216\u6d4b\u8bd5\u4e2d\u961f\u7684\u6d4b\u8bd5\u5de5\u4f5c\uff0c\u4ee5\u8bc4\u4f30\u5728\u2018\u4f0a\u4e3d\u838e\u767d\u5973\u738b\u2019\u7ea7\u822a\u6bcd\u4e0a\u4f7f\u7528\u65e0\u4eba\u673a\u7684\u80fd\u529b\uff0c\u5305\u62ec\u8702\u7fa4\u65e0\u4eba\u673a\u548c\u2018\u5fe0\u8bda\u50da\u673a\u2019\u65e0\u4eba\u673a\u3002", "events": [{"trigger": {"text": "\u6269\u5927", "offset": 10, "length": 2}, "subject": {"text": "\u5a01\u683c\u65af\u987f", "offset": 0, "length": 4}, "object": {"text": "\u7b2c216\u6d4b\u8bd5\u4e2d\u961f\u7684\u6d4b\u8bd5\u5de5\u4f5c", "offset": 12, "length": 13}}], "arguments": {"time": [], "loc": [], "country": [], "weapon": [{"text": "\u2018\u4f0a\u4e3d\u838e\u767d\u5973\u738b\u2019\u7ea7\u822a\u6bcd", "offset": 30, "length": 11}, {"text": "\u8702\u7fa4\u65e0\u4eba\u673a", "offset": 53, "length": 5}, {"text": "\u2018\u5fe0\u8bda\u50da\u673a\u2019\u65e0\u4eba\u673a", "offset": 59, "length": 9}]}}, {"sentence": "\u201d\u201c\u8fd9\u9879\u8bd5\u9a8c\u6b63\u5728\u8fdb\u884c\uff0c\u9884\u8ba1\u4eca\u5e74\u5e74\u5e95\u4f1a\u6709\u66f4\u591a\u7684\u8fdb\u5c55\u3002", "events": [], "arguments": {"time": [], "loc": [], "country": [], "weapon": []}}, {"sentence": "\u201d", "events": [], "arguments": {"time": [], "loc": [], "country": [], "weapon": []}}, {"sentence": "\u82f1\u56fd\u7687\u5bb6\u7a7a\u519b\u5728\u4eca\u5e744\u67081\u65e5\u6210\u7acb\u4e86\u7b2c216\u6d4b\u8bd5\u4e2d\u961f\uff0c\u4ee5\u7814\u7a76\u64cd\u63a7\u5927\u6279\u91cf\u65e0\u4eba\u673a\u7684\u4f5c\u6218\u80fd\u529b\u3002", "events": [{"trigger": {"text": "\u6210\u7acb", "offset": 13, "length": 2}, "subject": {"text": "\u82f1\u56fd\u7687\u5bb6\u7a7a\u519b", "offset": 0, "length": 6}, "object": {"text": "\u7b2c216\u6d4b\u8bd5\u4e2d\u961f", "offset": 16, "length": 8}}], "arguments": {"time": [{"text": "\u4eca\u5e744\u67081\u65e5", "offset": 7, "length": 6}], "loc": [], "country": [], "weapon": [{"text": "\u65e0\u4eba\u673a", "offset": 33, "length": 3}]}}, {"sentence": "\u300a\u7b80\u6c0f\u9632\u52a1\u5468\u520a\u300b\u4e5f\u66fe\u5728\u53bb\u5e742\u6708\u4e2d\u65ec\u62a5\u9053\u79f0\uff0c\u82f1\u56fd\u5f53\u65f6\u6b63\u5728\u5bfb\u6c42\u4e00\u6b3e\u80fd\u90e8\u7f72\u5728\u822a\u6bcd\u4e0a\u7684\u65e0\u4eba\u673a\uff0c\u8fd9\u4e5f\u662f\u82f1\u56fd\u4e0b\u4e00\u4ee3\u6218\u6597\u673a\u201c\u66b4\u98ce\u96e8\u201d\u7814\u5236\u8ba1\u5212\u4e2d\u7684\u4e00\u90e8\u5206\u3002", "events": [{"trigger": {"text": "\u5bfb\u6c42", "offset": 27, "length": 2}, "subject": {"text": "\u82f1\u56fd", "offset": 46, "length": 2}, "object": {"text": "\u4e00\u6b3e\u80fd\u90e8\u7f72\u5728\u822a\u6bcd\u4e0a\u7684\u65e0\u4eba\u673a", "offset": 29, "length": 13}}], "arguments": {"time": [{"text": "\u53bb\u5e742\u6708\u4e2d\u65ec", "offset": 11, "length": 6}], "loc": [], "country": [], "weapon": [{"text": "\u6218\u6597\u673a\u201c\u66b4\u98ce\u96e8\u201d", "offset": 51, "length": 8}, {"text": "\u65e0\u4eba\u673a", "offset": 39, "length": 3}]}}, {"sentence": "\u53e6\u636e\u82f1\u56fd\u300a\u6cf0\u6664\u58eb\u62a5\u300b7\u670813\u65e5\u62a5\u9053\u79f0\uff0c\u82f1\u56fd\u6d77\u519b\u5ba3\u5e03\u5c06\u4e8e2021\u5e74\u521d\u5c06\u201c\u4f0a\u4e3d\u838e\u767d\u5973\u738b\u201d\u53f7\u822a\u6bcd\u6d3e\u5f80\u5357\u6d77\uff0c\u4e0e\u7f8e\u519b\u548c\u65e5\u672c\u81ea\u536b\u961f\u5f00\u5c55\u6f14\u4e60\uff0c\u4ee5\u914d\u5408\u6240\u8c13\u201c\u904f\u5236\u66f4\u4e3a\u72ec\u65ad\u6fc0\u8fdb\u7684\u4e2d\u56fd\u201d\u7684\u8ba1\u5212\u3002", "events": [{"trigger": {"text": "\u5ba3\u5e03", "offset": 23, "length": 2}, "subject": {"text": "\u82f1\u56fd\u6d77\u519b", "offset": 19, "length": 4}, "object": {"text": "\u5c06\u201c\u4f0a\u4e3d\u838e\u767d\u5973\u738b\u201d\u53f7\u822a\u6bcd\u6d3e\u5f80\u5357\u6d77", "offset": 33, "length": 16}}, {"trigger": {"text": "\u5f00\u5c55", "offset": 59, "length": 2}, "subject": {"text": "\u4e0e\u7f8e\u519b\u548c\u65e5\u672c\u81ea\u536b\u961f", "offset": 50, "length": 9}, "object": {"text": "\u6f14\u4e60", "offset": 61, "length": 2}}, {"trigger": {"text": "\u914d\u5408", "offset": 65, "length": 2}, "subject": {"text": "\u82f1\u56fd\u6d77\u519b", "offset": 19, "length": 4}, "object": {"text": "\u6240\u8c13\u201c\u904f\u5236\u66f4\u4e3a\u72ec\u65ad\u6fc0\u8fdb\u7684\u4e2d\u56fd\u201d\u7684\u8ba1\u5212", "offset": 67, "length": 18}}], "arguments": {"time": [{"text": "7\u670813\u65e5", "offset": 10, "length": 5}, {"text": "2021\u5e74\u521d", "offset": 27, "length": 6}], "loc": [{"text": "\u5357\u6d77", "offset": 47, "length": 2}], "country": [], "weapon": [{"text": "\u201c\u4f0a\u4e3d\u838e\u767d\u5973\u738b\u201d\u53f7\u822a\u6bcd", "offset": 34, "length": 11}]}}, {"sentence": "\u62a5\u9053\u79f0\uff0c\u8230\u961f\u4e2d\u5c06\u4f1a\u67092\u4e2aF-35B\u95ea\u7535II\u9690\u5f62\u6218\u6597\u673a\u4e2d\u961f\u968f\u884c\uff0c\u7531\u7f8e\u56fd\u6d77\u519b\u9646\u6218\u961f\u822a\u7a7a\u5175\u3001\u82f1\u56fd\u7687\u5bb6\u7a7a\u519b\u6df7\u7f16\u800c\u6210\uff0c\u82f1\u519b\u6d88\u606f\u4eba\u58eb\u8868\u793a\uff0c\u65e5\u672c\u81ea\u536b\u961f\u53ef\u80fd\u4e5f\u4f1a\u6d3e\u51fa\u6218\u673a\u3002", "events": [], "arguments": {"time": [], "loc": [], "country": [{"text": "\u7f8e\u56fd", "offset": 32, "length": 2}, {"text": "\u65e5\u672c", "offset": 63, "length": 2}], "weapon": [{"text": "F-35B\u95ea\u7535II\u9690\u5f62\u6218\u6597\u673a", "offset": 12, "length": 14}, {"text": "\u7f8e\u56fd\u6d77\u519b\u9646\u6218\u961f\u822a\u7a7a\u5175", "offset": 32, "length": 10}]}}, {"sentence": "\u81f3\u4e8e\u5230\u90a3\u65f6\u65e0\u4eba\u673a\u662f\u5426\u4f1a\u968f\u201c\u4f0a\u4e3d\u838e\u767d\u5973\u738b\u201d\u53f7\u822a\u6bcd\u4e00\u8d77\u4e0a\u8230\u90e8\u7f72\uff0c\u8fd8\u662f\u4e2a\u672a\u77e5\u6570\u3002", "events": [], "arguments": {"time": [], "loc": [], "country": [], "weapon": [{"text": "\u65e0\u4eba\u673a", "offset": 5, "length": 3}, {"text": "\u201c\u4f0a\u4e3d\u838e\u767d\u5973\u738b\u201d\u53f7\u822a\u6bcd", "offset": 12, "length": 11}]}}]