[{"sentence": "\u7f8e\u519b\u518d\u6d3e3\u67b6\u519b\u673a\u62b5\u8fd1\u4fc4\u8fb9\u754c\u00a0\u632a\u5a01\u4fa6\u5bdf\u673a\u4e5f\u8d76\u6765\u51d1\u70ed\u95f9", "events": [{"trigger": {"text": "\u62b5\u8fd1", "offset": 8, "length": 2}, "subject": {"text": "\u7f8e\u519b\u518d\u6d3e3\u67b6\u519b\u673a", "offset": 0, "length": 8}, "object": {"text": "\u4fc4\u8fb9\u754c\u00a0", "offset": 10, "length": 4}}, {"trigger": {"text": "\u51d1", "offset": 22, "length": 1}, "subject": {"text": "\u632a\u5a01\u4fa6\u5bdf\u673a", "offset": 14, "length": 5}, "object": {"text": "\u70ed\u95f9", "offset": 23, "length": 2}}], "arguments": {"time": [], "loc": [], "country": [{"text": "\u7f8e", "offset": 0, "length": 1}, {"text": "\u4fc4", "offset": 10, "length": 1}, {"text": "\u632a\u5a01", "offset": 14, "length": 2}], "weapon": [{"text": "\u519b\u673a", "offset": 6, "length": 2}, {"text": "\u4fa6\u5bdf\u673a", "offset": 0, "length": 3}]}}, {"sentence": "\u3010\u73af\u7403\u7f51\u519b\u4e8b\u62a5\u9053\u3011", "events": [], "arguments": {"time": [], "loc": [], "country": [], "weapon": []}}, {"sentence": "\u4fc4\u7f57\u65af\u536b\u661f\u901a\u8baf\u793e7\u670814\u65e5\u62a5\u9053\uff0c\u4fc4\u7f57\u65af\u56fd\u9632\u90e8\u56fd\u5bb6\u56fd\u9632\u7ba1\u7406\u4e2d\u5fc3\u53d1\u5e03\u6d88\u606f\u79f0\uff0c\u4fc4\u519b\u6218\u673a\u5f53\u5929\u5347\u7a7a\u62e6\u622a\u4e86\u5df4\u4f26\u652f\u6d77\u548c\u9ed1\u6d77\u4e0a\u7a7a\u7684\u632a\u5a01\u548c\u7f8e\u56fd\u7684\u4fa6\u5bdf\u673a\u3002", "events": [{"trigger": {"text": "\u62e6\u622a\u4e86", "offset": 44, "length": 3}, "subject": {"text": "\u4fc4\u519b\u6218\u673a\u5f53\u5929\u5347\u7a7a", "offset": 36, "length": 8}, "object": {"text": "\u5df4\u4f26\u652f\u6d77\u548c\u9ed1\u6d77\u4e0a\u7a7a\u7684\u632a\u5a01\u548c\u7f8e\u56fd\u7684\u4fa6\u5bdf\u673a", "offset": 47, "length": 19}}], "arguments": {"time": [{"text": "7\u670814\u65e5", "offset": 8, "length": 5}], "loc": [{"text": "\u5df4\u4f26\u652f\u6d77", "offset": 47, "length": 4}, {"text": "\u9ed1\u6d77", "offset": 52, "length": 2}], "country": [], "weapon": [{"text": "\u4fc4\u519b\u6218\u673a", "offset": 36, "length": 4}, {"text": "\u4fa6\u5bdf\u673a", "offset": 63, "length": 3}]}}, {"sentence": "\u4fc4\u56fd\u9632\u90e8\u5728\u516c\u544a\u79f0\u4e2d\uff1a\u201c7\u670814\u65e5\uff0c\u4fc4\u65b9\u7a7a\u57df\u7ba1\u63a7\u7cfb\u7edf\u5728\u5728\u5df4\u4f26\u652f\u6d77\u548c\u9ed1\u6d77\u4e0a\u7a7a\u53d1\u73b0\u4e86\u5411\u4fc4\u56fd\u754c\u65b9\u5411\u98de\u884c\u7684\u7a7a\u4e2d\u76ee\u6807\u3002", "events": [], "arguments": {"time": [], "loc": [], "country": [], "weapon": []}}, {"sentence": "\u201c\u4fc4\u5317\u65b9\u519b\u533a\u548c\u5357\u65b9\u519b\u533a\u9632\u7a7a\u90e8\u961f\u7684\u6218\u6597\u673a\u5347\u7a7a\u62e6\u622a\u5e76\u8fdb\u884c\u4e86\u76ee\u6d4b\u8bc6\u522b\u3002", "events": [], "arguments": {"time": [], "loc": [], "country": [], "weapon": [{"text": "\u6218\u6597\u673a", "offset": 16, "length": 3}]}}, {"sentence": "\u516c\u544a\u79f0\uff0c\u7ecf\u76ee\u6d4b\u8bc6\u522b\uff0c\u8fd9\u4e9b\u7a7a\u4e2d\u76ee\u6807\u4e3a\u632a\u5a01\u7a7a\u519bP-3S\u201c\u730e\u6237\u5ea7\u201c\u4fa6\u5bdf\u673a\uff08\u5df4\u4f26\u652f\u6d77\u4e0a\u7a7a\uff09\uff0c\u4ee5\u53ca\u7f8e\u56fd\u6d77\u519bP-8\u201c\u6ce2\u585e\u51ac\u201d\u4fa6\u5bdf\u673a\u3001\u7f8e\u56fd\u7a7a\u519bRC-135\u4fa6\u5bdf\u673a\u3001\u7f8e\u56fd\u7a7a\u519bMQ-9\u201c\u6b7b\u795e\u201d\u65e0\u4eba\u673a\uff08\u9ed1\u6d77\u4e0a\u7a7a\uff09\u3002", "events": [], "arguments": {"time": [], "loc": [], "country": [], "weapon": [{"text": "P-3S\u201c\u730e\u6237\u5ea7\u201c\u4fa6\u5bdf\u673a", "offset": 21, "length": 12}, {"text": "P-8\u201c\u6ce2\u585e\u51ac\u201d\u4fa6\u5bdf\u673a", "offset": 48, "length": 11}, {"text": "\u7a7a\u519bRC-135\u4fa6\u5bdf\u673a", "offset": 62, "length": 11}, {"text": "MQ-9\u201c\u6b7b\u795e\u201d\u65e0\u4eba\u673a", "offset": 78, "length": 11}, {"text": "RC-135\u4fa6\u5bdf\u673a", "offset": 64, "length": 9}]}}, {"sentence": "\u4fc4\u56fd\u9632\u90e8\u5f3a\u8c03\uff0c\u4fc4\u6218\u6597\u673a\u5728\u4f34\u98de\u671f\u95f4\u4fdd\u6301\u4e86\u5b89\u5168\u8ddd\u79bb\uff0c\u5e76\u5728\u4e0a\u8ff0\u98de\u673a\u8fdc\u79bb\u4fc4\u56fd\u754c\u7ebf\u540e\u8fd4\u56de\u9a7b\u5730\u673a\u573a\u3002", "events": [], "arguments": {"time": [], "loc": [], "country": [], "weapon": [{"text": "\u4fc4\u6218\u6597\u673a", "offset": 7, "length": 4}]}}, {"sentence": "\u6ca1\u6709\u53d1\u751f\u4fb5\u72af\u4fc4\u9886\u7a7a\u7684\u60c5\u51b5\uff0c\u5916\u56fd\u519b\u673a\u7684\u98de\u884c\u4e25\u683c\u9075\u5b88\u4e86\u6709\u5173\u56fd\u9645\u89c4\u5b9a\u3002", "events": [], "arguments": {"time": [], "loc": [], "country": [], "weapon": [{"text": "\u519b\u673a", "offset": 15, "length": 2}]}}]