[{"sentence": "\u53c8\u67092\u540d\u6d77\u519b\u58eb\u5175\u56e0\u4f24\u5c31\u533b\uff01", "events": [], "arguments": {"time": [], "loc": [], "country": [], "weapon": []}}, {"sentence": "\u201c\u597d\u4eba\u7406\u67e5\u5fb7\u201d\u53f7\u706b\u707e\u53d7\u4f24\u4eba\u6570\u5347\u81f359\u4eba", "events": [{"trigger": {"text": "\u5347\u81f3", "offset": 14, "length": 2}, "subject": {"text": "\u201c\u597d\u4eba\u7406\u67e5\u5fb7\u201d\u53f7\u706b\u707e\u53d7\u4f24\u4eba\u6570", "offset": 0, "length": 14}, "object": {"text": "59\u4eba", "offset": 16, "length": 3}}], "arguments": {"time": [], "loc": [], "country": [], "weapon": [{"text": "\u201c\u597d\u4eba\u7406\u67e5\u5fb7\u201d\u53f7", "offset": 0, "length": 8}]}}, {"sentence": "\u3010\u73af\u7403\u7f51\u62a5\u9053 \u89c1\u4e60\u8bb0\u8005 \u9a6c\u5ca9\u3011", "events": [], "arguments": {"time": [], "loc": [], "country": [], "weapon": []}}, {"sentence": "\u636e\u201c\u7f8e\u56fd\u6d77\u519b\u7814\u7a76\u5b66\u4f1a\u201d\u7f51\u7ad97\u670813\u65e5\u62a5\u9053\uff0c\u201c\u597d\u4eba\u7406\u67e5\u5fb7\u201d\u53f7\u4e24\u6816\u653b\u51fb\u8230\u7684\u706b\u707e\u5df2\u8fdb\u5165\u7b2c\u4e8c\u5929\uff0c\u53d7\u4f24\u4eba\u6570\u5df2\u589e\u81f359\u4eba\u3002", "events": [], "arguments": {"time": [], "loc": [], "country": [{"text": "\u7f8e\u56fd", "offset": 2, "length": 2}], "weapon": [{"text": "\u201c\u597d\u4eba\u7406\u67e5\u5fb7\u201d\u53f7\u4e24\u6816\u653b\u51fb\u8230", "offset": 21, "length": 13}]}}, {"sentence": "\u62a5\u9053\u79f0\uff0c\u622a\u81f3\u5f53\u5730\u65f6\u95f413\u65e5\u4e0b\u53484\u65f6\uff0c\u53c8\u67092\u540d\u6d77\u519b\u58eb\u5175\u56e0\u8f7b\u4f24\u63a5\u53d7\u533b\u6cbb\uff0c\u4ece\u800c\u4f7f\u53d7\u4f24\u603b\u6570\u589e\u81f359\u4eba\uff0c\u5305\u62ec36\u540d\u6d77\u519b\u58eb\u5175\u548c23\u540d\u5e73\u6c11\u3002", "events": [], "arguments": {"time": [{"text": "\u5f53\u5730\u65f6\u95f413\u65e5\u4e0b\u53484\u65f6", "offset": 6, "length": 11}], "loc": [], "country": [], "weapon": []}}, {"sentence": "\u4ece\u5f53\u5730\u65f6\u95f412\u65e5\u65e9\u66688\u70b9\u534a\u8ba1\u7b97\uff0c\u81f3\u5f53\u5730\u65f6\u95f413\u65e5\u4e0b\u53486\u70b9\uff08\u5317\u4eac\u65f6\u95f414\u65e5\u4e0a\u53489\u70b9\uff09\uff0c\u8fd9\u8258\u519b\u8230\u5df2\u7ecf\u8fde\u7eed\u71c3\u70e7\u4e86\u8d85\u8fc733\u4e2a\u5c0f\u65f6\u3002", "events": [{"trigger": {"text": "\u8fde\u7eed\u71c3\u70e7\u4e86", "offset": 48, "length": 5}, "subject": {"text": "\u8fd9\u8258\u519b\u8230", "offset": 42, "length": 4}, "object": {"text": "\u8d85\u8fc733\u4e2a\u5c0f\u65f6", "offset": 53, "length": 7}}], "arguments": {"time": [], "loc": [], "country": [], "weapon": [{"text": "\u519b\u8230", "offset": 44, "length": 2}]}}, {"sentence": "\u6709\u7f8e\u56fd\u6d77\u519b\u5b98\u5458\u8868\u793a\uff0c\u706b\u707e\u636e\u63a8\u6d4b\u8d77\u4e8e\u8239\u4e0b\u5b58\u653e\u8bbe\u5907\u548c\u4ea4\u901a\u5de5\u5177\u7684\u8d27\u4ed3\uff0c\u4f46\u53d1\u751f\u7206\u70b8\u7684\u5177\u4f53\u539f\u56e0\u4ecd\u5728\u8c03\u67e5\u4e2d\u3002", "events": [], "arguments": {"time": [], "loc": [], "country": [], "weapon": []}}, {"sentence": "\u201c\u597d\u4eba\u7406\u67e5\u5fb7\u201d\u53f7\u5c5e\u4e8e\u201c\u9ec4\u8702\u201d\u7ea7\u4e24\u6816\u653b\u51fb\u8230\uff0c\u6ee1\u8f7d\u6392\u6c34\u91cf\u8fbe\u52304\u4e07\u5428\uff0c\u901a\u5e38\u642d\u8f7d1200\u540d\u8230\u5458\u3002", "events": [], "arguments": {"time": [], "loc": [], "country": [], "weapon": [{"text": "\u201c\u597d\u4eba\u7406\u67e5\u5fb7\u201d\u53f7", "offset": 0, "length": 8}, {"text": "\u201c\u9ec4\u8702\u201d\u7ea7\u4e24\u6816\u653b\u51fb\u8230", "offset": 10, "length": 10}]}}, {"sentence": "\u8be5\u8230\u53d1\u751f\u4e8b\u6545\u65f6\u6b63\u5728\u8fdb\u884c\u4e2d\u671f\u7ef4\u62a4\uff0c\u4e3b\u8981\u662f\u5bf9\u98de\u884c\u7532\u677f\u8fdb\u884c\u5347\u7ea7\u6539\u9020\uff0c\u4ee5\u8fce\u63a5F-35B\u8230\u8f7d\u6218\u6597\u673a\u4e0a\u8230\u90e8\u7f72\u3002", "events": [], "arguments": {"time": [], "loc": [], "country": [], "weapon": [{"text": "F-35B\u8230\u8f7d\u6218\u6597\u673a", "offset": 34, "length": 10}]}}, {"sentence": "\u8be5\u8230\u5347\u7ea7\u540e\u6700\u591a\u5c06\u80fd\u642d\u8f7d16\u67b6F-35B\u77ed\u8ddd\u8d77\u98de/\u5782\u76f4\u964d\u843d\u6218\u6597\u673a\u621622\u67b6MV-22B\u201c\u9c7c\u9e70\u201d\u8fd0\u8f93\u673a\u3002", "events": [], "arguments": {"time": [], "loc": [], "country": [], "weapon": [{"text": "MV-22B\u201c\u9c7c\u9e70\u201d\u8fd0\u8f93\u673a", "offset": 35, "length": 13}, {"text": "F-35B\u77ed\u8ddd\u8d77\u98de/\u5782\u76f4\u964d\u843d\u6218\u6597\u673a", "offset": 14, "length": 17}]}}]