[{"sentence": "\u7f8e\u56fd\u6295\u5de8\u8d44\u6539\u9020\u524d\u82cf\u8054\u519b\u4e8b\u57fa\u5730\u00a0\u5c06\u6210\u4e3a\u7f8e\u7a7a\u519b\u5728\u4e1c\u5357\u6b27\u884c\u52a8\u4e2d\u5fc3", "events": [{"trigger": {"text": "\u6539\u9020", "offset": 5, "length": 2}, "subject": {"text": "\u7f8e\u56fd\u6295\u5de8\u8d44", "offset": 0, "length": 5}, "object": {"text": "\u524d\u82cf\u8054\u519b\u4e8b\u57fa\u5730", "offset": 7, "length": 7}}], "arguments": {"time": [], "loc": [], "country": [], "weapon": []}}, {"sentence": "\u3010\u73af\u7403\u7f51\u62a5\u9053 \u89c1\u4e60\u8bb0\u8005 \u9a6c\u5ca9\u3011", "events": [], "arguments": {"time": [], "loc": [], "country": [], "weapon": []}}, {"sentence": "\u636e\u300a\u661f\u6761\u65d7\u62a5\u300b\u7f51\u7ad97\u67089\u65e5\u62a5\u9053\uff0c\u7f8e\u519b\u8ba1\u5212\u5bf9\u4f4d\u4e8e\u7f57\u9a6c\u5c3c\u4e9a\u4e2d\u90e8\u5730\u533a\u7684\u4e00\u5ea7\u524d\u82cf\u8054\u519b\u4e8b\u57fa\u5730\u8fdb\u884c\u6539\u9020\uff0c\u5c06\u5b83\u5347\u7ea7\u4e3a\u7f8e\u7a7a\u519b\u5728\u4e1c\u5357\u6b27\u7684\u884c\u52a8\u4e2d\u5fc3\u3002", "events": [], "arguments": {"time": [{"text": "7\u67089\u65e5", "offset": 9, "length": 4}], "loc": [{"text": "\u524d\u82cf\u8054\u519b\u4e8b\u57fa\u5730", "offset": 34, "length": 7}, {"text": "\u4e1c\u5357\u6b27\u7684\u884c\u52a8\u4e2d\u5fc3", "offset": 55, "length": 8}], "country": [{"text": "\u7f57\u9a6c\u5c3c\u4e9a", "offset": 23, "length": 4}], "weapon": []}}, {"sentence": "\u62a5\u9053\u79f0\uff0c\u7f8e\u56fd\u56fd\u4f1a\u6b63\u5728\u5ba1\u6838\u7684\u201c2021\u5e74\u56fd\u9632\u6388\u6743\u6cd5\u6848\u201d\u5305\u542b\u4e861.305\u4ebf\u7f8e\u5143\u8d44\u91d1\uff0c\u4e13\u95e8\u7528\u4e8e\u6539\u9020\u8fd9\u5ea7\u540d\u53eb\u574e\u76ae\u4e9a\u56fe\u5c14\u9f50\u4f0a\uff08Campia Turzii\uff09\u7684\u7a7a\u519b\u57fa\u5730\u3002", "events": [], "arguments": {"time": [], "loc": [], "country": [], "weapon": []}}, {"sentence": "\u7f8e\u56fd\u7a7a\u519b\u8981\u6c42\u5bf9\u57fa\u5730\u8fdb\u884c\u591a\u9879\u6539\u9020\u5347\u7ea7\uff0c\u5305\u62ec\u5371\u9669\u8d27\u7269\u7740\u9646\u7684\u62a4\u5177\u3001\u66f4\u591a\u7684\u6218\u6597\u673a\u505c\u673a\u576a\u3001\u50a8\u6cb9\u8bbe\u65bd\uff0c\u4ee5\u53ca\u7528\u4e8e\u5bb9\u7eb3\u57fa\u5730\u7cfb\u7edf\u7684\u4ed3\u5e93\u7b49\u3002", "events": [], "arguments": {"time": [], "loc": [], "country": [], "weapon": [{"text": "\u6218\u6597\u673a", "offset": 33, "length": 3}]}}, {"sentence": "\u8fd1\u5e74\u6765\uff0c\u7f8e\u56fd\u56fd\u9632\u90e8\u9010\u6e10\u589e\u52a0\u4e86\u5bf9\u574e\u76ae\u4e9a\u56fe\u5c14\u9f50\u4f0a\u7a7a\u519b\u57fa\u5730\u7684\u6295\u5165\u3002", "events": [], "arguments": {"time": [], "loc": [], "country": [], "weapon": []}}, {"sentence": "\u53bb\u5e74\uff0c\u7f8e\u7a7a\u519b\u6b27\u6d32\u53f8\u4ee4\u90e8\u6d3e\u9063\u591a\u67b6MQ-9\u201c\u6536\u5272\u8005\u201d\u65e0\u4eba\u673a\u62b5\u8fbe\u8be5\u57fa\u5730\u77ed\u6682\u9a7b\u9632\uff0c\u6b64\u5916\uff0c\u7a7a\u519b\u7684\u6218\u6597\u673a\u4e5f\u5728\u6b64\u8fdb\u884c\u8fc7\u591a\u8f6e\u9a7b\u9632\u3002", "events": [], "arguments": {"time": [], "loc": [], "country": [], "weapon": [{"text": "MQ-9\u201c\u6536\u5272\u8005\u201d\u65e0\u4eba\u673a", "offset": 15, "length": 12}]}}, {"sentence": "\u4f46\u5982\u679c\u7f8e\u56fd\u53ca\u5176\u76df\u56fd\u9700\u8981\u6269\u5927\u884c\u52a8\u80fd\u529b\uff0c\u5c31\u9700\u8981\u5bf9\u57fa\u5730\u8fdb\u884c\u6539\u9020\u3002", "events": [], "arguments": {"time": [], "loc": [], "country": [], "weapon": []}}, {"sentence": "\u201c\u76ee\u524d\u57fa\u5730\u6ca1\u6709\u5bb9\u7eb3\u5927\u578b\u519b\u7528\u98de\u673a\u7684\u505c\u673a\u576a\uff0c\u5982\u679c\u4e0d\u8fdb\u884c\u5347\u7ea7\u6539\u9020\uff0c\u7a7a\u519b\u80fd\u5f80\u8be5\u57fa\u5730\u6d3e\u9a7b\u7684\u6b66\u5668\u79cd\u7c7b\u5c06\u53d7\u5230\u9650\u5236\uff0c\u6267\u884c\u4efb\u52a1\u7684\u80fd\u529b\u4e5f\u4f1a\u5927\u5927\u964d\u4f4e\u3002", "events": [], "arguments": {"time": [], "loc": [], "country": [], "weapon": []}}, {"sentence": "\u201d\u7f8e\u56fd\u7a7a\u519b\u5728\u7ed9\u56fd\u4f1a\u7684\u9884\u7b97\u7533\u8bf7\u4e2d\u8868\u793a\u3002", "events": [], "arguments": {"time": [], "loc": [], "country": [], "weapon": []}}]