[{"sentence": "\u53f0\u519b\u6f14\u4e60\u5cb8\u8fb9\u6446\u9ed1\u8272\u6a61\u76ae\u8247\uff0c\u6c11\u4f17\u4ee5\u4e3a\u7eaa\u5ff5\u6b7b\u4f24\u58eb\u5175\uff0c\u7ed3\u679c\u2026\u2026", "events": [], "arguments": {"time": [], "loc": [], "country": [], "weapon": []}}, {"sentence": "\u3010\u73af\u7403\u7f51\u62a5\u9053 \u8bb0\u8005 \u5f90\u7490\u660e\u3011", "events": [], "arguments": {"time": [], "loc": [], "country": [], "weapon": []}}, {"sentence": "\u636e\u53f0\u6e7e\u4eb2\u7eff\u5a92\u4f537\u67089\u65e5\u62a5\u9053\uff0c\u5728\u6c49\u5149\u6f14\u4e60\u9884\u6f14\u9636\u6bb5\u53d1\u751f\u7a81\u51fb\u8247\u7ffb\u8986\u4e8b\u4ef6\u540e\uff0c\u53f0\u519b9\u65e5\u4e0a\u5348\u53c8\u5728\u5c4f\u4e1c\u52a0\u7984\u5802\u6d77\u6ee9\u4e3e\u884c\u6f14\u7ec3\uff0c\u4f46\u53d6\u6d88\u4e86\u6b64\u524d\u53d1\u751f\u610f\u5916\u7684\u201c\u7a81\u51fb\u8247\u821f\u6ce2\u8fd0\u52a8\u79d1\u76ee\u201d\u3002", "events": [{"trigger": {"text": "\u4e3e\u884c", "offset": 49, "length": 2}, "subject": {"text": "\u53f0\u519b9\u65e5\u4e0a\u5348\u53c8\u5728\u5c4f\u4e1c\u52a0\u7984\u5802\u6d77\u6ee9", "offset": 34, "length": 15}, "object": {"text": "\u6f14\u7ec3", "offset": 51, "length": 2}}], "arguments": {"time": [], "loc": [{"text": "\u5c4f\u4e1c\u52a0\u7984\u5802\u6d77\u6ee9", "offset": 42, "length": 7}, {"text": "\u53f0\u6e7e", "offset": 1, "length": 2}], "country": [], "weapon": [{"text": "\u7a81\u51fb\u8247", "offset": 66, "length": 3}]}}, {"sentence": "\u4f46\u6709\u773c\u5c16\u7684\u53f0\u6e7e\u6c11\u4f17\u53d1\u73b0\uff0c\u6f14\u7ec3\u5730\u70b9\u7684\u5cb8\u65c1\u653e\u7f6e\u7740\u4e24\u8258\u7591\u4f3c\u7a81\u51fb\u8247\u7684\u9ed1\u8272\u6a61\u76ae\u8247\uff0c\u4ee5\u4e3a\u662f\u53f0\u519b\u7528\u6765\u7eaa\u5ff5\u6b7b\u4f24\u58eb\u5175\u3002", "events": [], "arguments": {"time": [], "loc": [], "country": [], "weapon": [{"text": "\u7a81\u51fb\u8247", "offset": 26, "length": 3}, {"text": "\u6a61\u76ae\u8247", "offset": 32, "length": 3}]}}, {"sentence": "\u53f0\u519b\u968f\u540e\u6f84\u6e05\uff0c\u4e24\u8258\u9ed1\u8272\u6a61\u76ae\u8247\u53ea\u662f\u4e0e\u7a81\u51fb\u8247\u7684\u989c\u8272\u76f8\u540c\uff0c\u4e3b\u8981\u662f\u5728\u6f14\u4e60\u610f\u5916\u53d1\u751f\u65f6\u7d27\u6025\u6551\u751f\u4f7f\u7528\uff0c\u4e0e\u6b64\u524d\u6f14\u7ec3\u6240\u7528\u7684\u7a81\u51fb\u8247\u4e0d\u540c\uff0c\u4e5f\u7edd\u4e0d\u662f\u4ec0\u4e48\u7eaa\u5ff5\u4eea\u5f0f\u3002", "events": [], "arguments": {"time": [], "loc": [], "country": [], "weapon": [{"text": "\u7a81\u51fb\u8247", "offset": 52, "length": 3}]}}, {"sentence": "7\u67083\u65e5\uff0c\u53f0\u519b\u9646\u6218\u961f\u5728\u6c49\u5149\u6f14\u4e60\u9884\u6f14\u9636\u6bb5\u8fdb\u884c\u4e24\u6816\u767b\u9646\u6f14\u7ec3\uff0c\u4e0d\u6599\u5feb\u8247\u7ffb\u8986\uff0c\u9020\u6210\u591a\u4eba\u843d\u6c34\uff0c4\u4eba\u88ab\u9001\u5f80\u53f0\u519b\u9ad8\u96c4\u603b\u533b\u9662\u5de6\u8425\u5206\u9662\uff0c2\u4eba\u533b\u6cbb\u65e0\u6548\u6b7b\u4ea1\u3002", "events": [], "arguments": {"time": [{"text": "7\u67083\u65e5", "offset": 0, "length": 4}], "loc": [], "country": [], "weapon": []}}, {"sentence": "\u5bf9\u6b64\uff0c\u53f0\u6e7e\u519b\u65b9\u89e3\u91ca\u79f0\uff0c\u5f53\u65f6\u8239\u662f\u4ece\u8239\u5c3e\u5f80\u524d\u7ffb\uff0c\u843d\u6c34\u5b98\u5175\u5728\u4e00\u77ac\u95f4\u88ab\u6d77\u6d6a\u545b\u5230\u624d\u5bfc\u81f4\u65e0\u6cd5\u53ca\u65f6\u81ea\u6551\u3002", "events": [], "arguments": {"time": [], "loc": [], "country": [], "weapon": []}}, {"sentence": "\u81f3\u4e8e\u4e8b\u53d1\u5730\u70b9\u6d77\u6c34\u6df1\u5ea6\uff0c\u53f0\u201c\u9646\u6307\u90e8\u526f\u6307\u6325\u5b98\u201d\u9a6c\u7fa4\u8d85\u5728\u8bb0\u8005\u4f1a\u4e0a\u8bf4\uff0c\u6c34\u6df1\u5927\u6982150\u5398\u7c73\uff0c\u800c\u8fd9\u4e00\u8bf4\u6cd5\u4e5f\u5f15\u8d77\u73b0\u573a\u4eba\u5458\u7684\u4e00\u7247\u54d7\u7136\u3002", "events": [], "arguments": {"time": [], "loc": [], "country": [], "weapon": []}}, {"sentence": "\u53f0\u6e7e\u6bcf\u5e74\u4e3e\u529e\u7684\u201c\u6c49\u5149\u6f14\u4e60\u201d\u6b64\u524d\u5df2\u7ecf\u591a\u6b21\u53d1\u751f\u4e8b\u6545\uff0c\u5728\u6700\u8fd1\u51e0\u5e74\u66f4\u662f\u6bcf\u5e74\u90fd\u6709\u58eb\u5175\u6b7b\u4f24\u7684\u60c5\u51b5\u51fa\u73b0\u3002", "events": [], "arguments": {"time": [], "loc": [], "country": [], "weapon": []}}, {"sentence": "2019\u5e745\u6708\u4e0b\u65ec\uff0c\u53f0\u6e7e\u201c\u6c49\u5149\u6f14\u4e60\u201d\u4e2d\u53d1\u751f\u6218\u8f66\u649e\u5012\u5e9f\u5f03\u5c97\u54e8\u7684\u4e8b\u6545\uff0c\u9020\u621015\u4eba\u53d7\u4f24\u3002", "events": [], "arguments": {"time": [], "loc": [], "country": [], "weapon": [{"text": "\u6218\u8f66", "offset": 21, "length": 2}]}}, {"sentence": "\u5f53\u65f6\u53f0\u519b\u58eb\u5175\u9a7e\u9a76\u4e2d\u578b\u6218\u672f\u8f66\u8f86\u884c\u7ecf\u6e56\u53e3\u4e8c\u8425\u533a\u5e9f\u5f03\u5c97\u54e8\u5904\uff0c\u649e\u51fb\u8425\u533a\u56f4\u5899\u81f4\u8f66\u5934\u534a\u6bc1\u300115\u4eba\u53d7\u4f24\uff0c\u968f\u540e\u4f24\u8005\u88ab\u7d27\u6025\u9001\u5f80\u533b\u9662\u3002", "events": [], "arguments": {"time": [], "loc": [], "country": [], "weapon": [{"text": "\u4e2d\u578b\u6218\u672f\u8f66\u8f86", "offset": 8, "length": 6}]}}, {"sentence": "2018\u5e745\u6708\u4e2d\u65ec\uff0c\u201c\u6c49\u514934\u53f7\u201d\u6f14\u4e60\u9884\u6f14\u73af\u8282\u53d1\u751f\u610f\u5916\uff0c\u4e00\u540d\u6a21\u62df\u201c\u5165\u4fb5\u7ea2\u519b\u201d\u7684\u8521\u59d3\u4f1e\u5175\u8df3\u51faC130\u673a\u8231\u540e\uff0c\u964d\u843d\u4f1e\u4e3b\u4f1e\u672a\u80fd\u6253\u5f00\uff0c\u8be5\u58eb\u5175\u4ece1300\u82f1\u5c3a(\u7ea6396\u7c73)\u7684\u9ad8\u7a7a\u5448\u201c\u81ea\u7531\u843d\u4f53\u201d\u5feb\u901f\u6454\u843d\u6e05\u6cc9\u5c97\u673a\u573a\uff0c\u968f\u540e\u88ab\u9001\u5230\u533b\u9662\u62a2\u6551\u3002", "events": [], "arguments": {"time": [], "loc": [], "country": [], "weapon": [{"text": "C130", "offset": 45, "length": 4}]}}, {"sentence": "\u800c\u57282018\u5e746\u6708\u521d\u7684\u6f14\u4e60\u6b63\u5f0f\u73af\u8282\uff0c\u4e00\u67b6\u53c2\u4e0e\u6f14\u4e60\u7684\u53f0\u519bF-16\u6218\u6597\u673a\u5728\u96f7\u8fbe\u5c4f\u5e55\u4e0a\u6d88\u5931\uff0c\u968f\u540e\u53f0\u519b\u65b9\u5728\u57fa\u9686\u5c71\u533a\u53d1\u73b0\u4e86\u6218\u673a\u649e\u5c71\u5760\u6bc1\u7684\u7684\u6b8b\u9ab8\u548c\u6ed1\u8e6d\u75d5\u8ff9\uff0c\u540e\u6765\u53c8\u53d1\u73b0\u4e86\u98de\u884c\u5458\u5434\u5f66\u9706\u5c11\u6821\u7684\u5c38\u5757\uff0c\u5224\u5b9a\u8be5\u67b6\u6218\u6597\u673a\u53d1\u751f\u649e\u5c71\u4e8b\u6545\u81f4\u673a\u6bc1\u4eba\u4ea1\u3002", "events": [], "arguments": {"time": [], "loc": [], "country": [], "weapon": [{"text": "F-16\u6218\u6597\u673a", "offset": 27, "length": 7}]}}, {"sentence": "\u5bf9\u4e8e\u201c\u6c49\u5149\u6f14\u4e60\u201d\uff0c\u519b\u4e8b\u4e13\u5bb6\u5b8b\u5fe0\u5e73\u6b64\u524d\u5bf9\u300a\u73af\u7403\u65f6\u62a5\u300b\u8bb0\u8005\u8868\u793a\uff0c\u201c\u6c49\u5149\u6f14\u4e60\u201d\u5b9e\u9645\u4e0a\u6839\u672c\u4e0d\u662f\u6f14\u4e60\uff0c\u800c\u662f\u6f14\u620f\u3002", "events": [], "arguments": {"time": [], "loc": [], "country": [], "weapon": []}}, {"sentence": "\u662f\u53f0\u5f53\u5c40\u6f14\u7ed9\u6c11\u4f17\u770b\u7684\uff0c\u5e76\u4e0d\u5177\u5907\u5b9e\u6218\u610f\u4e49\u3002", "events": [], "arguments": {"time": [], "loc": [], "country": [], "weapon": []}}, {"sentence": "\u8fd1\u5e74\u6765\u53f0\u6e7e\u5175\u6e90\u4e25\u91cd\u7f3a\u4e4f\uff0c\u6b66\u5668\u88c5\u5907\u4e5f\u5927\u591a\u662f\u8001\u65e7\u7684\u4e8c\u624b\u8d27\uff0c\u53f0\u519b\u5b98\u5175\u4e5f\u4e0d\u60f3\u6253\u4ed7\uff0c\u4e0d\u77e5\u9053\u4e3a\u8c01\u800c\u6218\uff0c\u56e0\u6b64\u201c\u6c49\u5149\u6f14\u4e60\u201d\u591a\u6b21\u53d1\u751f\u4e8b\u6545\u3002", "events": [], "arguments": {"time": [], "loc": [], "country": [], "weapon": []}}, {"sentence": "\u201c\u6c49\u5149\u6f14\u4e60\u201d\u5bf9\u4e8e\u8521\u82f1\u6587\u6765\u8bb2\u53ea\u662f\u4e00\u573a\u4f5c\u79c0\u3002", "events": [], "arguments": {"time": [], "loc": [], "country": [], "weapon": []}}]