[{"sentence": "\u82f1\u56fd\u6062\u590d\u5bf9\u6c99\u7279\u51fa\u53e3\u6b66\u5668\u00a0\u79f0\u5176\u201c\u6709\u8bda\u610f\u201d\u9075\u5b88\u56fd\u9645\u4eba\u9053\u4e3b\u4e49\u6cd5", "events": [{"trigger": {"text": "\u6062\u590d", "offset": 2, "length": 2}, "subject": {"text": "\u82f1\u56fd", "offset": 0, "length": 2}, "object": {"text": "\u5bf9\u6c99\u7279\u51fa\u53e3\u6b66\u5668", "offset": 4, "length": 7}}], "arguments": {"time": [], "loc": [], "country": [{"text": "\u82f1\u56fd", "offset": 0, "length": 2}, {"text": "\u6c99\u7279", "offset": 5, "length": 2}], "weapon": []}}, {"sentence": "\u3010\u73af\u7403\u7f51\u62a5\u9053 \u89c1\u4e60\u8bb0\u8005 \u9a6c\u5ca9\u3011", "events": [], "arguments": {"time": [], "loc": [], "country": [], "weapon": []}}, {"sentence": "\u636e\u300a\u9632\u52a1\u65b0\u95fb\u300b\u7f51\u7ad97\u67088\u65e5\u62a5\u9053\uff0c\u82f1\u56fd\u653f\u5e9c7\u67087\u65e5\u5ba3\u5e03\uff0c\u53d6\u6d88\u5df2\u6301\u7eed\u4e00\u5e74\u7684\u5bf9\u6c99\u7279\u6b66\u5668\u51fa\u53e3\u7981\u4ee4\u3002", "events": [], "arguments": {"time": [{"text": "7\u67087\u65e5", "offset": 20, "length": 4}], "loc": [], "country": [], "weapon": []}}, {"sentence": "\u82f1\u56fd\u5bf9\u6c99\u7279\u7684\u6b66\u5668\u51fa\u53e3\u7981\u4ee4\u59cb\u4e8e2019\u5e746\u6708\uff0c\u5f53\u65f6\u82f1\u56fd\u4e00\u5bb6\u4e0a\u8bc9\u6cd5\u9662\u88c1\u5b9a\u82f1\u56fd\u653f\u5e9c\u5bf9\u6c99\u7279\u7684\u6b66\u5668\u4ea4\u6613\u8fdd\u53cd\u4e86\u56fd\u9645\u4eba\u9053\u4e3b\u4e49\u6cd5\uff0c\u56e0\u4e3a\u8fd9\u4e9b\u6b66\u5668\u4f1a\u88ab\u7528\u4e8e\u4e5f\u95e8\u5185\u6218\u3002", "events": [{"trigger": {"text": "\u59cb\u4e8e", "offset": 12, "length": 2}, "subject": {"text": "\u82f1\u56fd\u5bf9\u6c99\u7279\u7684\u6b66\u5668\u51fa\u53e3\u7981\u4ee4", "offset": 0, "length": 12}, "object": {"text": "2019\u5e746\u6708", "offset": 14, "length": 7}}], "arguments": {"time": [], "loc": [], "country": [], "weapon": []}}, {"sentence": "\u6c99\u7279\u7a7a\u519b\u7684\u201c\u53f0\u98ce\u201d\u6218\u6597\u673a\u6b63\u5728\u8fdb\u884c\u7a7a\u4e2d\u8868\u6f14", "events": [], "arguments": {"time": [], "loc": [], "country": [], "weapon": [{"text": "\u201c\u53f0\u98ce\u201d\u6218\u6597\u673a", "offset": 5, "length": 7}]}}, {"sentence": "\u82f1\u56fd\u662f\u4e16\u754c\u4e0a\u6700\u5927\u7684\u6b66\u5668\u51fa\u53e3\u56fd\u4e4b\u4e00\uff0c\u5728\u8d85\u8fc730\u5e74\u7684\u65f6\u95f4\u91cc\uff0c\u6c99\u7279\u8d2d\u4e70\u4e86\u82f1\u56fd\u5927\u91cf\u7684\u201c\u72c2\u98ce\u201d\u3001\u201c\u53f0\u98ce\u201d\u6218\u6597\u673a\uff0c\u4ee5\u53ca\u201c\u9e70\u201d\u5f0f\u6559\u7ec3\u673a\u3002", "events": [], "arguments": {"time": [], "loc": [], "country": [], "weapon": [{"text": "\u201c\u9e70\u201d\u5f0f\u6559\u7ec3\u673a", "offset": 53, "length": 7}, {"text": "\u201c\u72c2\u98ce\u201d", "offset": 38, "length": 4}, {"text": "\u201c\u53f0\u98ce\u201d\u6218\u6597\u673a", "offset": 43, "length": 7}]}}, {"sentence": "\u90e8\u5206\u7531\u82f1\u56fd\u5236\u9020\u7684\u201c\u5b9d\u77f3\u8def\u201dIV\u7cbe\u786e\u5236\u5bfc\u70b8\u5f39\uff0c\u4e5f\u4f4d\u5217\u6c99\u7279\u7684\u91c7\u8d2d\u6e05\u5355\u3002", "events": [], "arguments": {"time": [], "loc": [], "country": [], "weapon": [{"text": "\u201c\u5b9d\u77f3\u8def\u201dIV\u7cbe\u786e\u5236\u5bfc\u70b8\u5f39", "offset": 8, "length": 13}]}}, {"sentence": "\u6c99\u7279\u5f53\u524d\u6b63\u5728\u5e26\u9886\u4e00\u4e9b\u4e2d\u4e1c\u76df\u56fd\u4e0e\u4e5f\u95e8\u201c\u80e1\u585e\u201d\u6b66\u88c5\u8fdb\u884c\u201c\u62c9\u952f\u6218\u201d\uff0c\u6218\u4e89\u5df2\u7ecf\u6301\u7eed\u6570\u5e74\u3002", "events": [], "arguments": {"time": [], "loc": [], "country": [], "weapon": []}}, {"sentence": "\u6c99\u7279\u7684\u7a7a\u88ad\u884c\u52a8\u5c61\u6b21\u51fb\u4e2d\u6c11\u7528\u76ee\u6807\uff0c\u56e0\u800c\u4e0a\u8bc9\u6cd5\u9662\u8ba4\u4e3a\u8fd9\u8fdd\u53cd\u4e86\u56fd\u9645\u4eba\u9053\u4e3b\u4e49\u6cd5\uff0c\u8fdb\u800c\u8981\u6c42\u82f1\u56fd\u653f\u5e9c\u91cd\u65b0\u8bc4\u4f30\u5bf9\u6c99\u7279\u7684\u6b66\u5668\u51fa\u53e3\u8bb8\u53ef\u3002", "events": [], "arguments": {"time": [], "loc": [], "country": [], "weapon": []}}, {"sentence": "\u7136\u800c\uff0c\u82f1\u56fd\u56fd\u9645\u8d38\u6613\u5927\u81e3\u5229\u5179\u00b7\u7279\u62c9\u65af\u65e5\u524d\u8868\u793a\uff0c\u6c99\u7279\u5df2\u7ecf\u8868\u73b0\u51fa\u4e86\u9075\u5b88\u56fd\u9645\u4eba\u9053\u4e3b\u4e49\u6cd5\u7684\u8bda\u610f\u548c\u80fd\u529b\uff0c\u56e0\u800c\u5bf9\u5176\u7684\u6b66\u5668\u51fa\u53e3\u4e0d\u518d\u6709\u8f83\u5927\u98ce\u9669\u3002", "events": [], "arguments": {"time": [], "loc": [], "country": [], "weapon": []}}, {"sentence": "\u6b64\u5916\uff0c\u6301\u7eed\u4e00\u5e74\u7684\u7981\u4ee4\u53ea\u6682\u505c\u4e86\u6279\u51c6\u65b0\u7684\u6b66\u5668\u4ea4\u6613\uff0c\u5e76\u6ca1\u6709\u5f71\u54cd\u5df2\u6709\u6b66\u5668\u4ea4\u6613\u7684\u843d\u5b9e\u3002", "events": [], "arguments": {"time": [], "loc": [], "country": [], "weapon": []}}, {"sentence": "\u5979\u8fd8\u8bf4\uff0c\u4ece\u53bb\u5e746\u670820\u65e5\u81f3\u4eca\uff0c\u5df2\u7ecf\u79ef\u7d2f\u4e86\u5927\u91cf\u7684\u6c99\u7279\u53ca\u5176\u76df\u53cb\u7684\u6b66\u5668\u91c7\u8d2d\u7533\u8bf7\uff0c\u7981\u4ee4\u89e3\u9664\u540e\uff0c\u82f1\u56fd\u653f\u5e9c\u9700\u8981\u51e0\u4e2a\u6708\u65f6\u95f4\u6765\u5ba1\u6838\u3002", "events": [], "arguments": {"time": [], "loc": [], "country": [], "weapon": []}}]