[{"sentence": "\u7f8e\u5a92\uff1a\u4e4c\u514b\u5170\u5c06\u7f8e\u5236\u201c\u6807\u67aa\u201d\u5bfc\u5f39\u90e8\u7f72\u524d\u7ebf\uff0c\u7528\u4e8e\u5bf9\u4ed8\u4fc4\u519b\u5766\u514b", "events": [{"trigger": {"text": "\u90e8\u7f72\u524d\u7ebf", "offset": 15, "length": 4}, "subject": {"text": "\u4e4c\u514b\u5170\u5c06\u7f8e\u5236\u201c\u6807\u67aa\u201d\u5bfc\u5f39", "offset": 3, "length": 12}, "object": {"text": "\u7528\u4e8e\u5bf9\u4ed8\u4fc4\u519b\u5766\u514b", "offset": 20, "length": 8}}], "arguments": {"time": [], "loc": [], "country": [{"text": "\u4e4c\u514b\u5170", "offset": 3, "length": 3}], "weapon": [{"text": "\u201c\u6807\u67aa\u201d\u5bfc\u5f39", "offset": 9, "length": 6}, {"text": "\u4fc4\u519b\u5766\u514b", "offset": 24, "length": 4}, {"text": "\u5766\u514b", "offset": 26, "length": 2}]}}, {"sentence": "\u3010\u73af\u7403\u7f51\u62a5\u9053 \u89c1\u4e60\u8bb0\u8005 \u9a6c\u5ca9\u3011", "events": [], "arguments": {"time": [], "loc": [], "country": [], "weapon": []}}, {"sentence": "\u636eThe Drive\u7f51\u7ad9\u201c\u6218\u5730\u201d\u4e13\u680f7\u67087\u65e5\u62a5\u9053\uff0c\u4e4c\u514b\u5170\u519b\u961f\u5df2\u88ab\u5141\u8bb8\u51fa\u4e8e\u201c\u9632\u536b\u201d\u9700\u8981\uff0c\u5728\u5168\u56fd\u4efb\u4f55\u5730\u65b9\u4f7f\u7528\u7f8e\u5236\u201c\u6807\u67aa\u201d\u53cd\u5766\u514b\u5bfc\u5f39\uff0c\u5305\u62ec\u5728\u4e4c\u514b\u5170\u4e1c\u90e8\u987f\u5df4\u65af\u5730\u533a\u7528\u5176\u653b\u51fb\u4fc4\u7f57\u65af\u5766\u514b\u3002", "events": [], "arguments": {"time": [{"text": "7\u67087\u65e5", "offset": 18, "length": 4}], "loc": [{"text": "\u4e4c\u514b\u5170\u4e1c\u90e8\u987f\u5df4\u65af\u5730\u533a", "offset": 67, "length": 10}], "country": [], "weapon": [{"text": "\u201c\u6807\u67aa\u201d\u53cd\u5766\u514b\u5bfc\u5f39", "offset": 54, "length": 9}, {"text": "\u5766\u514b", "offset": 84, "length": 2}]}}, {"sentence": "\u76ee\u524d\uff0c\u4e4c\u514b\u5170\u519b\u961f\u6b63\u51c6\u5907\u628a\u201c\u6807\u67aa\u201d\u53cd\u5766\u514b\u5bfc\u5f39\u90e8\u7f72\u5230\u4e1c\u90e8\u524d\u7ebf\uff0c\u4e4c\u514b\u5170\u653f\u5e9c\u4f30\u8ba1\u4fc4\u7f57\u65af\u5728\u987f\u5df4\u65af\u5730\u533a\u5171\u6709481\u8f86\u5404\u5f0f\u5766\u514b\uff0c\u4ee5\u53ca\u5176\u5b83\u91cd\u6b66\u5668\u3002", "events": [], "arguments": {"time": [], "loc": [], "country": [], "weapon": [{"text": "\u201c\u6807\u67aa\u201d\u53cd\u5766\u514b\u5bfc\u5f39", "offset": 12, "length": 9}]}}, {"sentence": "\u62a5\u9053\u79f0\uff0c\u8fc7\u53bb\u6839\u636e\u4e4c\u514b\u5170\u4e0e\u7f8e\u56fd\u8fbe\u6210\u7684\u6b66\u5668\u51fa\u53e3\u534f\u8bae\uff0c\u53ea\u6709\u5728\u4fc4\u7f57\u65af\u519b\u961f\u4ece\u987f\u5df4\u65af\u5730\u533a\u516c\u7136\u5411\u897f\u201c\u5165\u4fb5\u201d\uff0c\u4e4c\u514b\u5170\u519b\u961f\u624d\u80fd\u4f7f\u7528\u8fd9\u4e9b\u201c\u6807\u67aa\u201d\u53cd\u5766\u514b\u5bfc\u5f39\u3002", "events": [], "arguments": {"time": [], "loc": [], "country": [{"text": "\u4fc4\u7f57\u65af", "offset": 27, "length": 3}], "weapon": [{"text": "\u201c\u6807\u67aa\u201d\u53cd\u5766\u514b\u5bfc\u5f39", "offset": 58, "length": 9}]}}, {"sentence": "\u62a5\u9053\u8bf4\uff0c\u4e4c\u514b\u5170\u6240\u79f0\u7684\u201c\u9632\u536b\u201d\u6982\u5ff5\u8f83\u4e3a\u5bbd\u6cdb\uff0c\u6bd4\u5982\u4e4c\u514b\u5170\u519b\u961f\u9996\u5148\u53d1\u8d77\u653b\u51fb\uff0c\u4e4c\u4e1c\u90e8\u6b66\u88c5\u6216\u8005\u652f\u6301\u4ed6\u4eec\u7684\u4fc4\u7f57\u65af\u519b\u961f\u53d1\u8d77\u53cd\u51fb\uff0c\u800c\u540e\u4e4c\u514b\u5170\u519b\u961f\u4f7f\u7528\u201c\u6807\u67aa\u201d\u5bfc\u5f39\uff0c\u4e5f\u53ef\u4ee5\u88ab\u79f0\u4e3a\u201c\u9632\u536b\u201d\u3002", "events": [], "arguments": {"time": [], "loc": [], "country": [], "weapon": [{"text": "\u201c\u6807\u67aa\u201d\u5bfc\u5f39", "offset": 66, "length": 6}]}}, {"sentence": "\u5373\u4fbf\u4e4c\u514b\u5170\u5bf9\u201c\u9632\u536b\u201d\u9700\u8981\u5b9a\u4e49\u5f97\u66f4\u4e25\u683c\uff0c\u201c\u6807\u67aa\u201d\u8fd9\u79cd\u5148\u8fdb\u53cd\u5766\u514b\u5bfc\u5f39\u4e5f\u4f1a\u5927\u5927\u589e\u5f3a\u4e4c\u514b\u5170\u524d\u7ebf\u90e8\u961f\u7684\u706b\u529b\u3002", "events": [], "arguments": {"time": [], "loc": [], "country": [], "weapon": [{"text": "\u201c\u6807\u67aa\u201d", "offset": 19, "length": 4}, {"text": "\u53cd\u5766\u514b\u5bfc\u5f39", "offset": 27, "length": 5}]}}, {"sentence": "\u62a5\u9053\u79f0\uff0c\u5916\u754c\u5e94\u8be5\u5f88\u5feb\u5c31\u80fd\u770b\u5230\u4e4c\u514b\u5170\u4ec0\u4e48\u65f6\u95f4\u3001\u4ee5\u4ec0\u4e48\u65b9\u5f0f\u4f7f\u7528\u201c\u6807\u67aa\u201d\u5bfc\u5f39\u3002", "events": [], "arguments": {"time": [], "loc": [], "country": [], "weapon": [{"text": "\u201c\u6807\u67aa\u201d\u5bfc\u5f39", "offset": 29, "length": 6}]}}, {"sentence": "\u4e4c\u514b\u5170\u6b66\u88c5\u529b\u91cf\u603b\u53f8\u4ee4\u9c81\u65af\u5170\u00b7\u970d\u7c73\u6070\u514b\uff08Ruslan Khomchak\uff09\u8868\u793a\uff0c\u4e0b\u4e00\u652f\u524d\u5f80\u4e1c\u90e8\u524d\u7ebf\u6362\u9632\u7684\u90e8\u961f\u5c31\u5c06\u88c5\u5907\u201c\u6807\u67aa\u201d\u5bfc\u5f39\uff0c\u201c\u6807\u67aa\u201d\u53cd\u5766\u514b\u5bfc\u5f39\u51fa\u73b0\u5728\u524d\u7ebf\u4f1a\u4e00\u5b9a\u7a0b\u5ea6\u4e0a\u5a01\u6151\u4fc4\u7f57\u65af\u7684\u91cd\u88c5\u90e8\u961f\u3002", "events": [], "arguments": {"time": [], "loc": [], "country": [], "weapon": [{"text": "\u201c\u6807\u67aa\u201d\u5bfc\u5f39", "offset": 56, "length": 6}, {"text": "\u201c\u6807\u67aa\u201d\u53cd\u5766\u514b\u5bfc\u5f39", "offset": 63, "length": 9}]}}, {"sentence": "\u62a5\u9053\u8bf4\uff0c\u4e00\u65e6\u4e4c\u514b\u5170\u519b\u961f\u4f7f\u7528\u201c\u6807\u67aa\u201d\u5bfc\u5f39\u9020\u6210\u4fc4\u7f57\u65af\u519b\u4eba\u4f24\u4ea1\uff0c\u7f8e\u56fd\u53ef\u80fd\u4f1a\u88ab\u66f4\u6df1\u5730\u62d6\u8fdb\u4e4c\u514b\u5170\u4e0e\u4fc4\u7f57\u65af\u7684\u51b2\u7a81\u3002", "events": [], "arguments": {"time": [], "loc": [], "country": [], "weapon": [{"text": "\u201c\u6807\u67aa\u201d\u5bfc\u5f39", "offset": 13, "length": 6}]}}]