[{"sentence": "\u7f8e\u519b\u53cc\u822a\u6bcd\u6f14\u4e60\u540e\u8d56\u5728\u5357\u6d77\u4e0d\u8d70 \u53c8\u5e26\u7740\u65e5\u672c\u81ea\u536b\u961f\u8230\u8239\u6f14\u7ec3", "events": [{"trigger": {"text": "\u6f14\u4e60\u540e", "offset": 5, "length": 3}, "subject": {"text": "\u7f8e\u519b\u53cc\u822a\u6bcd\u6f14\u4e60", "offset": 0, "length": 7}, "object": {"text": "\u8d56\u5728\u5357\u6d77\u4e0d\u8d70", "offset": 8, "length": 6}}, {"trigger": {"text": "\u5e26\u7740", "offset": 16, "length": 2}, "subject": {"text": "\u7f8e\u519b\u53cc\u822a\u6bcd\u6f14\u4e60", "offset": 0, "length": 7}, "object": {"text": "\u65e5\u672c\u81ea\u536b\u961f\u8230\u8239\u6f14\u7ec3", "offset": 18, "length": 9}}], "arguments": {"time": [], "loc": [{"text": "\u5357\u6d77", "offset": 10, "length": 2}], "country": [{"text": "\u7f8e", "offset": 0, "length": 1}], "weapon": [{"text": "\u8230\u8239", "offset": 23, "length": 2}]}}, {"sentence": "\u3010\u73af\u7403\u7f51\u62a5\u9053 \u89c1\u4e60\u8bb0\u8005 \u9a6c\u5ca9\u3011", "events": [], "arguments": {"time": [], "loc": [], "country": [], "weapon": []}}, {"sentence": "\u7f8e\u519b\u65e5\u524d\u5728\u5357\u6d77\u4e3e\u884c\u201c\u53cc\u822a\u6bcd\u201d\u6f14\u4e60\u70ab\u8000\u6b66\u529b\u4e4b\u540e\uff0c\u5176\u822a\u6bcd\u6218\u6597\u7fa4\u4f9d\u65e7\u5728\u5357\u6d77\u5f98\u5f8a\uff0c7\u67087\u65e5\u8fd8\u548c\u65e5\u672c\u6d77\u4e0a\u81ea\u536b\u961f\u8230\u8239\u5f00\u5c55\u4e86\u8054\u5408\u6f14\u7ec3\u3002", "events": [], "arguments": {"time": [{"text": "7\u67087\u65e5", "offset": 37, "length": 4}], "loc": [], "country": [], "weapon": []}}, {"sentence": "\u636e\u65e5\u672c\u9632\u536b\u7701\u6d77\u4e0a\u81ea\u536b\u961f7\u67088\u65e5\u53d1\u5e03\u7684\u6700\u65b0\u6d88\u606f\uff0c\u65e5\u672c\u6d77\u4e0a\u81ea\u536b\u961f\u201c\u5c9b\u96ea\u201d\u53f7\u548c\u201c\u9e7f\u5c9b\u201d\u53f7\u8bad\u7ec3\u8230\u4e8e7\u67087\u65e5\u4e0e\u7f8e\u56fd\u6d77\u519b\u201c\u91cc\u6839\u201d\u53f7\u822a\u6bcd\u3001\u201c\u7a46\u65af\u6c40\u201d\u53f7\u9a71\u9010\u8230\u4e3e\u884c\u4e86\u8054\u5408\u6d77\u4e0a\u8bad\u7ec3\u3002", "events": [], "arguments": {"time": [{"text": "7\u67088\u65e5", "offset": 11, "length": 4}], "loc": [], "country": [{"text": "\u65e5\u672c", "offset": 23, "length": 2}], "weapon": [{"text": "\u201c\u5c9b\u96ea\u201d\u53f7", "offset": 30, "length": 5}, {"text": "\u201c\u9e7f\u5c9b\u201d\u53f7\u8bad\u7ec3\u8230", "offset": 36, "length": 8}, {"text": "\u201c\u91cc\u6839\u201d\u53f7\u822a\u6bcd", "offset": 54, "length": 7}, {"text": "\u201c\u7a46\u65af\u6c40\u201d\u53f7\u9a71\u9010\u8230", "offset": 62, "length": 9}]}}, {"sentence": "\u6839\u636e\u65e5\u672c\u81ea\u536b\u961f\u7684\u901a\u544a\uff0c\u65e5\u672c\u6d77\u4e0a\u81ea\u536b\u961f\u548c\u7f8e\u56fd\u6d77\u519b\u5f00\u5c55\u4e86\u6218\u672f\u8bad\u7ec3\u548c\u901a\u8baf\u8bad\u7ec3\uff0c\u76ee\u7684\u662f\u52a0\u5f3a\u6d77\u4e0a\u81ea\u536b\u961f\u7684\u6218\u672f\u6280\u80fd\u4ee5\u53ca\u81ea\u536b\u961f\u4e0e\u7f8e\u519b\u7684\u8054\u7cfb\u3002", "events": [], "arguments": {"time": [], "loc": [], "country": [], "weapon": []}}, {"sentence": "\u7f8e\u56fd\u8fd1\u6765\u5728\u5357\u6d77\u52a8\u4f5c\u9891\u9891\uff0c\u4e8e7\u67084\u65e5\u6d3e\u9063\u4e24\u8258\u822a\u6bcd\u524d\u5f80\u5357\u6d77\u6f14\u4e60\u3002", "events": [], "arguments": {"time": [{"text": "7\u67084\u65e5", "offset": 13, "length": 4}], "loc": [], "country": [{"text": "\u7f8e\u56fd", "offset": 0, "length": 2}], "weapon": [{"text": "\u822a\u6bcd", "offset": 21, "length": 2}]}}, {"sentence": "\u57287\u67086\u65e5\u4e3e\u884c\u7684\u4e2d\u56fd\u5916\u4ea4\u90e8\u4f8b\u884c\u8bb0\u8005\u4f1a\u4e0a\uff0c\u4e2d\u56fd\u5916\u4ea4\u90e8\u53d1\u8a00\u4eba\u5bf9\u6b64\u56de\u5e94\u8bf4\uff0c\u5f53\u524d\u5728\u4e2d\u56fd\u548c\u4e1c\u76df\u56fd\u5bb6\u7684\u5171\u540c\u52aa\u529b\u4e0b\uff0c\u5357\u6d77\u5c40\u52bf\u4fdd\u6301\u603b\u4f53\u7a33\u5b9a\u3001\u5411\u597d\u53d1\u5c55\u3002", "events": [], "arguments": {"time": [], "loc": [], "country": [{"text": "\u4e2d\u56fd", "offset": 37, "length": 2}], "weapon": []}}, {"sentence": "\u5728\u6b64\u5f62\u52bf\u4e0b\uff0c\u7f8e\u56fd\u84c4\u610f\u6d3e\u91cd\u5175\u5728\u5357\u6d77\u6709\u5173\u6d77\u57df\u8fdb\u884c\u5927\u89c4\u6a21\u519b\u6f14\uff0c\u70ab\u8000\u6b66\u529b\uff0c\u5b8c\u5168\u662f\u522b\u6709\u7528\u5fc3\u3002", "events": [], "arguments": {"time": [], "loc": [], "country": [], "weapon": []}}, {"sentence": "\u7f8e\u65b9\u7684\u884c\u5f84\u4e00\u518d\u6311\u62e8\u79bb\u95f4\u5730\u533a\u56fd\u5bb6\u95f4\u5173\u7cfb\uff0c\u63a8\u52a8\u5357\u6d77\u519b\u4e8b\u5316\uff0c\u7834\u574f\u5357\u6d77\u5730\u533a\u548c\u5e73\u4e0e\u7a33\u5b9a\u3002", "events": [], "arguments": {"time": [], "loc": [], "country": [], "weapon": []}}, {"sentence": "\u56fd\u9645\u793e\u4f1a\u7279\u522b\u662f\u672c\u5730\u533a\u56fd\u5bb6\uff0c\u5bf9\u6b64\u770b\u5f97\u6e05\u6e05\u695a\u695a\u3002", "events": [], "arguments": {"time": [], "loc": [], "country": [], "weapon": []}}, {"sentence": "\u6d77\u519b\u7814\u7a76\u9662\u7814\u7a76\u5458\u5f20\u519b\u793e7\u67083\u65e5\u63a5\u53d7\u300a\u73af\u7403\u65f6\u62a5\u300b\u8bb0\u8005\u91c7\u8bbf\u65f6\u8868\u793a\uff0c\u4f5c\u4e3a\u4e00\u4e2a\u57df\u5916\u56fd\u5bb6\uff0c\u7f8e\u56fd\u957f\u5e74\u7d2f\u6708\u9891\u7e41\u6d3e\u51fa\u519b\u8230\u548c\u519b\u673a\u8fdb\u5165\u5357\u6d77\u641e\u6f14\u4e60\u8bad\u7ec3\uff0c\u70ab\u8000\u6b66\u529b\uff0c\u751a\u81f3\u6d3e\u51fa\u8230\u673a\u8fdb\u5165\u5176\u4ed6\u56fd\u5bb6\u6d77\u57df\u5f00\u5c55\u62b5\u8fd1\u4fa6\u5bdf\u548c\u6240\u8c13\u7684\u822a\u884c\u81ea\u7531\u884c\u52a8\uff0c\u4fb5\u72af\u5176\u4ed6\u56fd\u5bb6\u7684\u4e3b\u6743\uff0c\u7834\u574f\u5357\u6d77\u7684\u548c\u5e73\u4e0e\u7a33\u5b9a\uff0c\u7f8e\u56fd\u662f\u5357\u6d77\u519b\u4e8b\u5316\u6700\u5927\u7684\u63a8\u624b\u3002", "events": [], "arguments": {"time": [], "loc": [], "country": [], "weapon": [{"text": "\u519b\u8230", "offset": 50, "length": 2}, {"text": "\u519b\u673a", "offset": 53, "length": 2}, {"text": "\u8230\u673a", "offset": 74, "length": 2}]}}, {"sentence": "\u4e2d\u56fd\u56fd\u9632\u90e8\u65b0\u95fb\u53d1\u8a00\u4eba\u5434\u8c26\u5927\u6821\u6b64\u524d\u4e5f\u66fe\u8868\u793a\uff0c\u4e00\u6bb5\u65f6\u95f4\u4ee5\u6765\uff0c\u7f8e\u56fd\u7b49\u4e00\u4e9b\u57df\u5916\u56fd\u5bb6\u5728\u5357\u6d77\u9891\u7e41\u5f00\u5c55\u519b\u4e8b\u6d3b\u52a8\uff0c\u5f3a\u5316\u519b\u4e8b\u5b58\u5728\uff0c\u8fd9\u79cd\u505a\u6cd5\u4e0d\u5229\u4e8e\u5357\u6d77\u7684\u5b89\u5168\u7a33\u5b9a\uff0c\u6211\u4eec\u5bf9\u6b64\u662f\u575a\u51b3\u53cd\u5bf9\u7684\u3002", "events": [{"trigger": {"text": "\u5f00\u5c55", "offset": 42, "length": 2}, "subject": {"text": "\u7f8e\u56fd\u7b49\u4e00\u4e9b\u57df\u5916\u56fd\u5bb6\u5728\u5357\u6d77\u9891\u7e41", "offset": 28, "length": 14}, "object": {"text": "\u519b\u4e8b\u6d3b\u52a8", "offset": 44, "length": 4}}], "arguments": {"time": [], "loc": [], "country": [], "weapon": []}}, {"sentence": "\u4e8b\u5b9e\u4e00\u518d\u8bc1\u660e\uff0c\u7f8e\u65b9\u662f\u5357\u6d77\u519b\u4e8b\u5316\u7684\u6700\u5927\u63a8\u624b\uff0c\u662f\u5730\u533a\u548c\u5e73\u7a33\u5b9a\u7684\u9ebb\u70e6\u5236\u9020\u8005\u3002", "events": [], "arguments": {"time": [], "loc": [], "country": [], "weapon": []}}, {"sentence": "\u4e2d\u56fd\u4eba\u6c11\u89e3\u653e\u519b\u59cb\u7ec8\u4fdd\u6301\u9ad8\u5ea6\u6212\u5907\uff0c\u575a\u51b3\u634d\u536b\u56fd\u5bb6\u4e3b\u6743\u3001\u5b89\u5168\u3001\u53d1\u5c55\u5229\u76ca\uff0c\u575a\u51b3\u7ef4\u62a4\u5730\u533a\u548c\u5e73\u7a33\u5b9a\u4e0e\u7e41\u8363\u3002", "events": [], "arguments": {"time": [], "loc": [], "country": [], "weapon": []}}]