[{"sentence": "\u7f8e\u519b\u88ab\u66dd\u8d2d\u4e70\u201c\u6570\u91cf\u4e0d\u8be6\u201d\u82cf\u5236\u6b66\u5668\u00a0\u5305\u62ecAK\u6b65\u67aa\u548cT-90\u5766\u514b\u70ae\u5f39", "events": [{"trigger": {"text": "\u8d2d\u4e70", "offset": 4, "length": 2}, "subject": {"text": "\u7f8e\u519b\u88ab\u66dd", "offset": 0, "length": 4}, "object": {"text": "\u201c\u6570\u91cf\u4e0d\u8be6\u201d\u82cf\u5236\u6b66\u5668", "offset": 6, "length": 10}}], "arguments": {"time": [], "loc": [], "country": [], "weapon": [{"text": "AK\u6b65\u67aa", "offset": 19, "length": 4}, {"text": "T-90\u5766\u514b\u70ae\u5f39", "offset": 24, "length": 8}]}}, {"sentence": "\u3010\u73af\u7403\u7f51\u62a5\u9053 \u89c1\u4e60\u8bb0\u8005 \u9a6c\u5ca9\u3011", "events": [], "arguments": {"time": [], "loc": [], "country": [], "weapon": []}}, {"sentence": "\u636e\u201c\u9632\u52a1\u535a\u5ba2\u201d\u7f51\u7ad97\u67086\u65e5\u62a5\u9053\uff0c\u7f8e\u519b\u8ba1\u5212\u8d2d\u4e70\u6570\u91cf\u4e0d\u8be6\u7684\u975e\u5317\u7ea6\u6807\u51c6\u5f39\u836f\uff0c\u4ee5\u53ca\u82cf\u8054\u65f6\u4ee3\u5236\u9020\u7684\u6b66\u5668\u7cfb\u7edf\u3002", "events": [], "arguments": {"time": [{"text": "7\u67086\u65e5", "offset": 9, "length": 4}], "loc": [], "country": [], "weapon": []}}, {"sentence": "\u62a5\u9053\u79f0\uff0c\u7f8e\u519b\u5408\u540c\u7ba1\u7406\u53f8\u4ee4\u90e8\u8ba1\u5212\u4e3a\u7f8e\u56fd\u56fd\u9632\u90e8\u3001\u5176\u5b83\u7f8e\u56fd\u653f\u5e9c\u673a\u6784\u3001\u5916\u56fd\u76df\u53cb\u8d2d\u4e70\u7684\u201c\u7279\u6b8a\u5f39\u836f\u548c\u6b66\u5668\u7cfb\u7edf\u201d\uff08SAWS\uff09\u5c06\u7528\u4e8e\u6d4b\u8bd5\u3001\u8bad\u7ec3\u548c\u4f5c\u6218\uff0c\u4ee5\u652f\u6301\u56fd\u5bb6\u519b\u4e8b\u6218\u7565\u3002", "events": [], "arguments": {"time": [], "loc": [], "country": [{"text": "\u7f8e\u56fd", "offset": 24, "length": 2}], "weapon": [{"text": "\u201c\u7279\u6b8a\u5f39\u836f\u548c\u6b66\u5668\u7cfb\u7edf\u201d\uff08SAWS\uff09", "offset": 38, "length": 17}]}}, {"sentence": "\u62a5\u9053\u63f4\u5f15\u7f8e\u519b\u4e00\u4efd\u58f0\u660e\u8868\u793a\uff0c\u201c\u7279\u6b8a\u5f39\u836f\u548c\u6b66\u5668\u7cfb\u7edf\u201d\u5c06\u9996\u5148\u88ab\u7528\u4e8e\u975e\u7f8e\u56fd\u7684\u6b66\u5668\u7cfb\u7edf\u3002", "events": [], "arguments": {"time": [], "loc": [], "country": [], "weapon": [{"text": "\u201c\u7279\u6b8a\u5f39\u836f\u548c\u6b66\u5668\u7cfb\u7edf\u201d", "offset": 13, "length": 11}]}}, {"sentence": "\u57fa\u4e8e\u91c7\u8d2d\u7684\u610f\u56fe\uff0c\u201c\u7279\u6b8a\u5f39\u836f\u548c\u6b66\u5668\u7cfb\u7edf\u201d\uff0c\u6216\u8005\u975e\u5317\u7ea6\u6807\u51c6\u5f39\u836f\uff0c\u4e3b\u8981\u6307\u524d\u82cf\u8054\u548c\u4e1c\u6b27\u56fd\u5bb6\u751f\u4ea7\u548c\u4f7f\u7528\u7684\u6b66\u5668\u5f39\u836f\u3002", "events": [], "arguments": {"time": [], "loc": [{"text": "\u524d\u82cf\u8054", "offset": 33, "length": 3}], "country": [], "weapon": []}}, {"sentence": "\u53ef\u80fd\u7684\u8d2d\u4e70\u6e05\u5355\u91cc\u5305\u62ec\u82cf\u5236\u6b65\u67aa\u548c\u673a\u67aa\u7684\u5b50\u5f39\uff0c\u4f8b\u5982\u5361\u62c9\u4ec0\u5c3c\u79d1\u592b\uff08AK\uff09\u6b65\u67aa\u5bb6\u65cf\u3002", "events": [], "arguments": {"time": [], "loc": [], "country": [], "weapon": [{"text": "\u5361\u62c9\u4ec0\u5c3c\u79d1\u592b\uff08AK\uff09\u6b65\u67aa", "offset": 23, "length": 12}]}}, {"sentence": "\u6b64\u5916\uff0c\u91c7\u8d2d\u7684\u5f39\u836f\u8fd8\u5305\u62ecT-64\u3001T-72\u3001T-80\u548cT-90\u4e3b\u6218\u5766\u514b\u4f7f\u7528\u7684\u5927\u53e3\u5f84\u70ae\u5f39\u3002", "events": [], "arguments": {"time": [], "loc": [], "country": [], "weapon": [{"text": "T-64\u3001T-72\u3001T-80\u548cT-90\u4e3b\u6218\u5766\u514b", "offset": 11, "length": 23}, {"text": "T-64", "offset": 11, "length": 4}, {"text": "T-72", "offset": 16, "length": 4}, {"text": "T-80", "offset": 21, "length": 4}, {"text": "T-90\u4e3b\u6218\u5766\u514b", "offset": 26, "length": 8}]}}, {"sentence": "\u672a\u6765\u7684\u91c7\u8d2d\u79cd\u7c7b\u5305\u62ec\u4f46\u4e0d\u9650\u4e8e\u706b\u70ae\u548c\u8feb\u51fb\u70ae\u70ae\u5f39\u3001\u706b\u7bad\u5f39\u3001\u822a\u7a7a\u70b8\u5f39\u548c\u5bfc\u5f39\u3001\u53cd\u5766\u514b\u5bfc\u5f39\u548c\u9ad8\u7206\u706b\u7bad\u3002", "events": [], "arguments": {"time": [], "loc": [], "country": [], "weapon": [{"text": "\u706b\u70ae", "offset": 13, "length": 2}, {"text": "\u8feb\u51fb\u70ae\u70ae\u5f39", "offset": 16, "length": 5}, {"text": "\u706b\u7bad\u5f39", "offset": 22, "length": 3}, {"text": "\u822a\u7a7a\u70b8\u5f39", "offset": 26, "length": 4}, {"text": "\u5bfc\u5f39", "offset": 31, "length": 2}, {"text": "\u53cd\u5766\u514b\u5bfc\u5f39", "offset": 34, "length": 5}, {"text": "\u9ad8\u7206\u706b\u7bad", "offset": 40, "length": 4}]}}]