[{"sentence": "\u7f8e\u519b\u6fd2\u6d77\u6218\u6597\u8230\u53bb\u5e74\u5728\u5357\u6d77\u5468\u8fb9\u53d1\u5c04\u5bfc\u5f39\u00a0\u5230\u73b0\u5728\u8fd8\u6ca1\u8865\u4e0a\u2026\u2026", "events": [{"trigger": {"text": "\u53d1\u5c04", "offset": 14, "length": 2}, "subject": {"text": "\u7f8e\u519b\u6fd2\u6d77\u6218\u6597\u8230", "offset": 0, "length": 7}, "object": {"text": "\u5bfc\u5f39", "offset": 16, "length": 2}}], "arguments": {"time": [{"text": "\u53bb\u5e74", "offset": 7, "length": 2}], "loc": [{"text": "\u5357\u6d77", "offset": 10, "length": 2}], "country": [{"text": "\u7f8e", "offset": 0, "length": 1}], "weapon": [{"text": "\u6fd2\u6d77\u6218\u6597\u8230", "offset": 2, "length": 5}, {"text": "\u5bfc\u5f39", "offset": 16, "length": 2}]}}, {"sentence": "\u3010\u73af\u7403\u7f51\u62a5\u9053 \u8bb0\u8005 \u5f90\u7490\u660e\u3011", "events": [], "arguments": {"time": [], "loc": [], "country": [], "weapon": []}}, {"sentence": "\u636eThe Drive\u7f51\u7ad9\u201c\u6218\u5730\u201d\u4e13\u680f7\u67086\u65e5\u62a5\u9053\uff0c\u7f8e\u56fd\u6d77\u519b\u7684\u201c\u5409\u798f\u5179\u201d\u53f7\u6fd2\u6d77\u6218\u6597\u8230\u4e8e\u53bb\u5e74\u5728\u5173\u5c9b\u9644\u8fd1\u6d77\u57df\u53d1\u5c04\u4e86\u4e00\u679a\u201c\u6d77\u519b\u6253\u51fb\u5bfc\u5f39\u201d\uff08NSM\uff09\uff0c\u7136\u800c\u8fc7\u53bb\u4e869\u4e2a\u6708\uff0c\u8fd9\u679a\u5bfc\u5f39\u53d1\u5c04\u540e\u7684\u7a7a\u7f3a\u8fd8\u6ca1\u6709\u8865\u4e0a\u3002", "events": [], "arguments": {"time": [], "loc": [], "country": [], "weapon": [{"text": "\u201c\u5409\u798f\u5179\u201d\u53f7\u6fd2\u6d77\u6218\u6597\u8230", "offset": 30, "length": 11}, {"text": "\u201c\u6d77\u519b\u6253\u51fb\u5bfc\u5f39\u201d\uff08NSM\uff09", "offset": 56, "length": 13}]}}, {"sentence": "\u62a5\u9053\u79f0\uff0c\u5c5e\u4e8e\u201c\u72ec\u7acb\u201d\u7ea7\u7684\u7f8e\u56fd\u6d77\u519b\u6fd2\u6d77\u6218\u6597\u8230\u201c\u5409\u798f\u5179\u201d\u53f7\u4e8e\u53bb\u5e7410\u67081\u65e5\u5728\u5173\u5c9b\u6d77\u57df\u5c55\u5f00\u5b9e\u5f39\u5c04\u51fb\u6f14\u4e60\uff0c\u53d1\u5c04\u4e86\u4e00\u679aRGM-184A\u201c\u6d77\u519b\u6253\u51fb\u5bfc\u5f39\u201d\u3002", "events": [], "arguments": {"time": [{"text": "\u53bb\u5e7410\u67081\u65e5", "offset": 28, "length": 7}], "loc": [], "country": [{"text": "\u7f8e\u56fd", "offset": 12, "length": 2}], "weapon": [{"text": "\u201c\u5409\u798f\u5179\u201d\u53f7", "offset": 21, "length": 6}]}}, {"sentence": "\u8fd9\u79cd\u5bfc\u5f39\u662f\u7f8e\u56fd\u4ece\u632a\u5a01\u5f15\u8fdb\u7684\u65b0\u578b\u53cd\u8230\u6b66\u5668\uff0c\u7531\u201c\u5409\u798f\u5179\u201d\u53f7\u6fd2\u6d77\u6218\u6597\u8230\u642d\u8f7d\u8fdb\u884c\u6d77\u4e0a\u8bd5\u5c04\u3002", "events": [], "arguments": {"time": [], "loc": [], "country": [], "weapon": [{"text": "\u201c\u5409\u798f\u5179\u201d\u53f7\u6fd2\u6d77\u6218\u6597\u8230", "offset": 21, "length": 11}]}}, {"sentence": "\u8be5\u8230\u7684\u53d1\u5c04\u88c5\u7f6e\u80fd\u591f\u88c5\u8f7d8\u679a\u8fd9\u79cd\u5bfc\u5f39\uff0c\u7136\u800c\u4ece\u53bb\u5e74\u53d1\u5c04\u4e861\u679a\u5bfc\u5f39\u4e4b\u540e\uff0c\u81f3\u4eca\u6709\u4e00\u4e2a\u5bfc\u5f39\u53d1\u5c04\u7bb1\u91cc\u8fd8\u662f\u7a7a\u7684\uff0c\u8be5\u8230\u4e00\u76f4\u4ee57\u679a\u5bfc\u5f39\u7684\u975e\u6ee1\u8f7d\u72b6\u6001\u6267\u884c\u4efb\u52a1\u3002", "events": [], "arguments": {"time": [], "loc": [], "country": [], "weapon": [{"text": "\u5bfc\u5f39", "offset": 56, "length": 2}]}}, {"sentence": "\u5230\u76ee\u524d\u4e3a\u6b62\uff0c\u201c\u5409\u798f\u5179\u201d\u53f7\u6fd2\u6d77\u6218\u6597\u8230\u662f\u76ee\u524d\u552f\u4e00\u4e00\u8258\u90e8\u7f72\u4e86\u201c\u6d77\u519b\u6253\u51fb\u5bfc\u5f39\u201d\u7684\u7f8e\u56fd\u519b\u8230\uff0c\u8be5\u8230\u76ee\u524d\u6b63\u5728\u5357\u6d77\u6d3b\u52a8\uff0c\u6301\u7eed\u5728\u897f\u592a\u5730\u533a\u201c\u5237\u5b58\u5728\u201d\u3002", "events": [], "arguments": {"time": [], "loc": [], "country": [], "weapon": [{"text": "\u201c\u5409\u798f\u5179\u201d\u53f7\u6fd2\u6d77\u6218\u6597\u8230", "offset": 6, "length": 11}]}}, {"sentence": "\u7136\u800c\u5728\u76ee\u524d\u7f8e\u519b\u5b98\u65b9\u516c\u5e03\u7684\u201c\u5409\u798f\u5179\u201d\u53f7\u7167\u7247\u4e2d\uff0c\u53ef\u4ee5\u6e05\u695a\u5730\u770b\u5230\u8230\u4e0a\u201c\u6d77\u519b\u6253\u51fb\u5bfc\u5f39\u201d\u53d1\u5c04\u88c5\u7f6e\u4e2d\uff0c\u6709\u4e00\u4e2a\u5bfc\u5f39\u7bb1\u5c3e\u90e8\u7684\u5f00\u5b54\u5df2\u7ecf\u6253\u5f00\uff0c\u8fd9\u8bf4\u660e\u8fd9\u4e2a\u53d1\u5c04\u7bb1\u91cc\u7684\u5bfc\u5f39\u5df2\u7ecf\u53d1\u5c04\uff0c\u800c\u53d1\u5c04\u7bb1\u662f\u7a7a\u7684\u72b6\u6001\u3002", "events": [], "arguments": {"time": [], "loc": [], "country": [], "weapon": [{"text": "\u201c\u5409\u798f\u5179\u201d\u53f7", "offset": 12, "length": 6}]}}, {"sentence": "\u201c\u6d77\u519b\u6253\u51fb\u5bfc\u5f39\u201d\u662f\u7531\u632a\u5a01\u6b66\u5668\u5236\u9020\u5546\u632a\u5a01\u5eb7\u65af\u4f2f\u683c\u7a7a\u95f4\u9632\u52a1\u516c\u53f8\u7814\u5236\uff0c\u5bfc\u5f39\u4f1a\u9884\u5148\u88c5\u5165\u53d1\u5c04\u7bb1\uff0c\u7136\u540e\u5728\u7bb1\u4f53\u540e\u90e8\u7528\u76d6\u5b50\u52a0\u4ee5\u5bc6\u5c01\uff0c\u5bfc\u5f39\u5728\u70b9\u706b\u53d1\u5c04\u65f6\u53d1\u52a8\u673a\u7684\u63a8\u529b\u4f1a\u5c06\u76d6\u5b50\u63a8\u5f00\u3002", "events": [], "arguments": {"time": [], "loc": [], "country": [{"text": "\u632a\u5a01", "offset": 17, "length": 2}], "weapon": []}}, {"sentence": "\u8fd9\u4e2a\u76d6\u5b50\u4e5f\u4e0d\u53ef\u80fd\u4f1a\u5728\u88c5\u6709\u5bfc\u5f39\u7684\u65f6\u5019\u6389\u843d\u4e22\u5931\uff0c\u56e0\u4e3a\u8fd9\u4f1a\u5bfc\u81f4\u5bf9\u5f39\u4f53\u7684\u8150\u8680\u3002", "events": [], "arguments": {"time": [], "loc": [], "country": [], "weapon": [{"text": "\u5bfc\u5f39", "offset": 12, "length": 2}]}}, {"sentence": "\u7531\u6b64\u53ef\u4ee5\u63a8\u6d4b\u8fd9\u4e2a\u53d1\u5c04\u7bb1\u4e2d\uff0c\u4e00\u76f4\u90fd\u6ca1\u6709\u53ca\u65f6\u8865\u5145\u88c5\u586b\u5bfc\u5f39\u3002", "events": [], "arguments": {"time": [], "loc": [], "country": [], "weapon": [{"text": "\u5bfc\u5f39", "offset": 24, "length": 2}]}}, {"sentence": "\u62a5\u9053\u8ba4\u4e3a\uff0c\u5982\u679c\u5bfc\u5f39\u662f\u88c5\u5728\u519b\u8230\u7684\u5782\u76f4\u6b66\u5668\u53d1\u5c04\u88c5\u7f6e\u5185\uff0c\u4ece\u5916\u90e8\u770b\u65e0\u6cd5\u77e5\u9053\u53d1\u5c04\u5355\u5143\u5185\u662f\u5426\u771f\u7684\u6709\u5bfc\u5f39\uff0c\u8fd9\u7ed9\u6f5c\u5728\u5bf9\u624b\u5728\u8fdb\u884c\u98ce\u9669\u8ba1\u7b97\u65f6\u589e\u52a0\u4e86\u4e0d\u786e\u5b9a\u6027\u3002", "events": [], "arguments": {"time": [], "loc": [], "country": [], "weapon": [{"text": "\u5bfc\u5f39", "offset": 43, "length": 2}]}}, {"sentence": "\u800c\u91c7\u7528\u53d1\u5c04\u7bb1\u88c5\u8f7d\u53cd\u8230\u5bfc\u5f39\u7684\u201c\u5409\u798f\u5179\u201d\u53f7\uff0c\u5728\u8fc7\u53bb9\u4e2a\u6708\u6765\u90fd\u660e\u6446\u7740\u4e00\u76f4\u6ca1\u6709\u8865\u5145\u88c5\u586b\u5bfc\u5f39\uff0c\u8fd9\u4f3c\u4e4e\u662f\u5728\u4f20\u9012\u4e00\u4e2a\u4fe1\u606f\u2014\u2014\u8fd9\u8258\u519b\u8230\u7684\u4f5c\u6218\u80fd\u529b\u548c\u7f8e\u56fd\u519b\u65b9\u7684\u516c\u5f00\u58f0\u660e\u5e76\u4e0d\u4e00\u81f4\u3002", "events": [{"trigger": {"text": "\u6ca1\u6709\u8865\u5145\u88c5\u586b", "offset": 33, "length": 6}, "subject": {"text": "\u5728\u8fc7\u53bb9\u4e2a\u6708\u6765\u90fd\u660e\u6446\u7740\u4e00\u76f4", "offset": 20, "length": 13}, "object": {"text": "\u5bfc\u5f39", "offset": 39, "length": 2}}], "arguments": {"time": [], "loc": [], "country": [], "weapon": [{"text": "\u201c\u5409\u798f\u5179\u201d\u53f7", "offset": 13, "length": 6}]}}, {"sentence": "2019\u5e749\u6708\uff0c\u7f8e\u56fd\u6d77\u519b\u5c11\u5c06\u51ef\u897f\u00b7\u83ab\u987f\u5728\u63a5\u53d7\u91c7\u8bbf\u65f6\u8c08\u5230\u4e86\u201c\u6d77\u519b\u6253\u51fb\u5bfc\u5f39\u201d\uff0c\u4ed6\u8bf4\uff1a\u201c\u8fd9\u5c06\u6539\u53d8\u6fd2\u6d77\u6218\u6597\u8230\u7684\u2018\u6e38\u620f\u89c4\u5219\u2019\u3002", "events": [], "arguments": {"time": [], "loc": [], "country": [], "weapon": []}}, {"sentence": "\u201d", "events": [], "arguments": {"time": [], "loc": [], "country": [], "weapon": []}}, {"sentence": "\u62a5\u9053\u8ba4\u4e3a\uff0c\u8fd9\u4e00\u95ee\u9898\u8fd8\u66b4\u9732\u4e86\u7f8e\u56fd\u6d77\u519b\u5728\u201c\u6d77\u519b\u6253\u51fb\u5bfc\u5f39\u201d\u7684\u540e\u52e4\u4fdd\u969c\u95ee\u9898\uff0c\u53ef\u80fd\u8fd9\u6b3e\u5bfc\u5f39\u5e93\u5b58\u6570\u91cf\u5e76\u4e0d\u591a\uff0c\u5982\u679c\u6570\u91cf\u8db3\u591f\u7684\u8bdd\u201c\u5409\u798f\u5179\u201d\u53f7\u6fd2\u6d77\u6218\u6597\u8230\u5c31\u53ef\u4ee5\u968f\u65f6\u8fdb\u884c\u91cd\u65b0\u88c5\u8f7d\u3002", "events": [], "arguments": {"time": [], "loc": [], "country": [], "weapon": [{"text": "\u201c\u5409\u798f\u5179\u201d\u53f7\u6fd2\u6d77\u6218\u6597\u8230", "offset": 56, "length": 11}]}}]