[{"sentence": "\u4fc4\u4e13\u5bb6\uff1a\u7f8e\u56fd\u660e\u5e74\u5c01\u5b584\u8258\u6fd2\u6d77\u6218\u6597\u8230\u00a0\u968f\u540e\u53ef\u80fd\u4f4e\u4ef7\u5356\u7ed9\u4e1c\u5357\u4e9a\u56fd\u5bb6", "events": [{"trigger": {"text": "\u5c01\u5b58", "offset": 8, "length": 2}, "subject": {"text": "\u7f8e\u56fd\u660e\u5e74", "offset": 4, "length": 4}, "object": {"text": "4\u8258\u6fd2\u6d77\u6218\u6597\u8230", "offset": 10, "length": 7}}], "arguments": {"time": [], "loc": [], "country": [{"text": "\u7f8e\u56fd", "offset": 4, "length": 2}], "weapon": [{"text": "\u6218\u6597\u8230", "offset": 14, "length": 3}]}}, {"sentence": "\u3010\u73af\u7403\u7f51\u519b\u4e8b\u62a5\u9053\u3011", "events": [], "arguments": {"time": [], "loc": [], "country": [], "weapon": []}}, {"sentence": "\u4fc4\u7f57\u65af\u536b\u661f\u901a\u8baf\u793e7\u67086\u65e5\u62a5\u9053\u79f0\uff0c\u4fc4\u7f57\u65af\u56fd\u9645\u4e8b\u52a1\u59d4\u5458\u4f1a\u519b\u4e8b\u4e13\u5bb6\u4f0a\u5229\u4e9a\u00b7\u514b\u62c9\u59c6\u5c3c\u514b\u5f53\u5929\u8868\u793a\uff0c\u7f8e\u56fd\u660e\u5e74\u9996\u6279\u9000\u5f79\u76844\u8258\u6fd2\u6d77\u6218\u6597\u8230\u53ef\u80fd\u5c06\u88ab\u8f6c\u4ea4\u81f3\u7f8e\u56fd\u5728\u4e1c\u5357\u4e9a\u7684\u76df\u53cb\uff0c\u4f8b\u5982\u83f2\u5f8b\u5bbe\u548c\u9a6c\u6765\u897f\u4e9a\u3002", "events": [], "arguments": {"time": [], "loc": [], "country": [{"text": "\u4fc4\u7f57\u65af", "offset": 16, "length": 3}, {"text": "\u83f2\u5f8b\u5bbe", "offset": 79, "length": 3}, {"text": "\u9a6c\u6765\u897f\u4e9a", "offset": 83, "length": 4}], "weapon": []}}, {"sentence": "\u62a5\u9053\u79f0\uff0c\u7f8e\u56fd\u300a\u9632\u52a1\u65b0\u95fb\u300b\u5468\u520a\u7f51\u7ad9\u53d1\u5e03\u6d88\u606f\u79f0\u7f8e\u519b\u9996\u62794\u8258\u6fd2\u6d77\u6218\u6597\u8230\u660e\u5e74\u5c06\u4e8e2021\u5e743\u6708\u9000\u5f79\uff0c\u8fd9\u4e9b\u8230\u8247\u5c06\u8fdb\u5165\u5c01\u5b58\u72b6\u6001\u3002", "events": [{"trigger": {"text": "\u9000\u5f79", "offset": 43, "length": 2}, "subject": {"text": "\u7f8e\u519b\u9996\u62794\u8258\u6fd2\u6d77\u6218\u6597\u8230", "offset": 21, "length": 11}, "object": {"text": "2021\u5e743\u6708", "offset": 36, "length": 7}}], "arguments": {"time": [{"text": "2021\u5e743\u6708", "offset": 36, "length": 7}], "loc": [], "country": [], "weapon": []}}, {"sentence": "\u4fc4\u7f57\u65af\u4e13\u5bb6\u4f0a\u5229\u4e9a\u00b7\u514b\u62c9\u59c6\u5c3c\u514b\u5bf9\u6b64\u8868\u793a\uff0c\u9996\u62794\u8258\u6fd2\u6d77\u6218\u6597\u8230\u4e3a\u4e86\u8282\u7701\u5efa\u9020\u5f00\u652f\uff0c\u529f\u80fd\u4e25\u91cd\u53d7\u9650\u3002", "events": [], "arguments": {"time": [], "loc": [], "country": [], "weapon": [{"text": "\u6fd2\u6d77\u6218\u6597\u8230", "offset": 23, "length": 5}]}}, {"sentence": "\u636e\u4ed6\u79f0\uff0c\u8fd9\u4e9b\u6218\u6597\u8230\u6700\u521d\u662f\u4e3a\u5728\u5c01\u95ed\u6218\u573a\u4e2d\u8fdb\u884c\u519b\u4e8b\u884c\u52a8\u4f5c\u4e1a\u800c\u5236\u9020\u7684\uff0c\u4f8b\u5982\u5728\u4e1c\u5357\u4e9a\u3001\u6ce2\u65af\u6e7e\u548c\u5730\u4e2d\u6d77\u3002", "events": [], "arguments": {"time": [], "loc": [], "country": [], "weapon": [{"text": "\u6218\u6597\u8230", "offset": 6, "length": 3}]}}, {"sentence": "\u7f8e\u519b\u6fd2\u6d77\u6218\u6597\u8230\u5f00\u5c55\u7f16\u961f\u8bad\u7ec3", "events": [{"trigger": {"text": "\u5f00\u5c55", "offset": 7, "length": 2}, "subject": {"text": "\u7f8e\u519b\u6fd2\u6d77\u6218\u6597\u8230", "offset": 0, "length": 7}, "object": {"text": "\u7f16\u961f\u8bad\u7ec3", "offset": 9, "length": 4}}], "arguments": {"time": [], "loc": [], "country": [], "weapon": [{"text": "\u6fd2\u6d77\u6218\u6597\u8230", "offset": 2, "length": 5}]}}, {"sentence": "\u8fd9\u4e9b\u5730\u533a\u9700\u8981\u6fd2\u6d77\u8239\u53ea\uff0c\u901f\u5ea6\u76f8\u5bf9\u8f83\u5feb\uff0c\u529f\u80fd\u5f3a\u5927\u4e14\u4ef7\u683c\u4fbf\u5b9c\uff0c\u5e76\u4e14\u5177\u6709\u9690\u5f62\u6280\u672f\u3002", "events": [], "arguments": {"time": [], "loc": [], "country": [], "weapon": []}}, {"sentence": "\u514b\u62c9\u59c6\u5c3c\u514b\u8868\u793a\uff1a\u201c\u975e\u5e38\u6709\u53ef\u80fd\u7684\u662f\uff0c\u7f8e\u56fd\u8fc7\u4e00\u4e9b\u65f6\u95f4\u5c06\u4f4e\u4ef7\u5c06\u8fd9\u4e9b\u8239\u53ea\u51fa\u552e\u7ed9\u5176\u76df\u53cb\uff0c\u4f8b\u5982\u83f2\u5f8b\u5bbe\u6216\u8005\u9a6c\u6765\u897f\u4e9a\u3002", "events": [], "arguments": {"time": [], "loc": [], "country": [], "weapon": []}}, {"sentence": "\u201d", "events": [], "arguments": {"time": [], "loc": [], "country": [], "weapon": []}}, {"sentence": "\u8fd9\u540d\u4e13\u5bb6\u6307\u51fa\uff0c\u7f8e\u56fd\u6fd2\u6d77\u6218\u6597\u8230\u7684\u4e3b\u8981\u95ee\u9898\u662f\u7531\u4e8e\u91c7\u7528\u6a21\u5757\u5316\u8bbe\u8ba1\uff0c\u9020\u8239\u6210\u672c\u9ad8\u6602\uff0c\u8fd9\u79cd\u8bbe\u8ba1\u53ef\u4ee5\u6839\u636e\u60c5\u51b5\u66f4\u6539\u6b66\u5668\u7684\u7ec4\u6210\u3002", "events": [], "arguments": {"time": [], "loc": [], "country": [], "weapon": [{"text": "\u6fd2\u6d77\u6218\u6597\u8230", "offset": 9, "length": 5}]}}, {"sentence": "\u4fc4\u7f57\u65af\u5728\u5efa\u902022160\u548c20380\u578b\u62a4\u536b\u8230\u4e5f\u9047\u5230\u8be5\u95ee\u9898\uff0c\u5176\u5b83\u56fd\u5bb6\u4e5f\u662f\u5982\u6b64\u3002", "events": [], "arguments": {"time": [], "loc": [], "country": [], "weapon": [{"text": "22160\u548c20380\u578b\u62a4\u536b\u8230", "offset": 6, "length": 15}]}}, {"sentence": "\u4ed6\u8868\u793a\uff1a\u201c\u8fd9\u5e76\u4e0d\u610f\u5473\u7740\u6982\u5ff5\u9519\u8bef\uff0c\u53ea\u662f\u8fd8\u592a\u65e9\u3002", "events": [], "arguments": {"time": [], "loc": [], "country": [], "weapon": []}}, {"sentence": "\u4e5f\u8bb8\u6211\u4eec\u4ee5\u540e\u5c06\u770b\u5230\u53ef\u4ee5\u964d\u4f4e\u6210\u672c\u5e76\u7b80\u5316\u4f7f\u7528\u6b64\u7c7b\u6a21\u5757\u5316\u8bbe\u5907\u7684\u89e3\u51b3\u65b9\u6848\u3002", "events": [], "arguments": {"time": [], "loc": [], "country": [], "weapon": []}}, {"sentence": "\u4f46\u76ee\u524d\u4ef7\u683c\u5f88\u8d35\u3002", "events": [], "arguments": {"time": [], "loc": [], "country": [], "weapon": []}}, {"sentence": "\u201d", "events": [], "arguments": {"time": [], "loc": [], "country": [], "weapon": []}}, {"sentence": "\u514b\u62c9\u59c6\u5c3c\u514b\u8ba4\u4e3a\uff0c\u8be5\u7ea7\u522b\u65b0\u8239\u53ea\u7684\u51fa\u53e3\u6f5c\u529b\u975e\u5e38\u53d7\u9650\uff0c\u539f\u56e0\u662f\u5176\u4ef7\u683c\u9ad8\u6602\uff0c\u4ee5\u53ca\u897f\u73ed\u7259\u3001\u610f\u5927\u5229\u3001\u6cd5\u56fd\u548c\u5fb7\u56fd\u8fd9\u4e9b\u79ef\u6781\u51fa\u53e3\u6c34\u9762\u8239\u53ea\u7684\u56fd\u5bb6\u7ade\u4e89\u529b\u5f88\u5f3a\u3002", "events": [], "arguments": {"time": [], "loc": [], "country": [{"text": "\u897f\u73ed\u7259", "offset": 35, "length": 3}, {"text": "\u610f\u5927\u5229", "offset": 39, "length": 3}, {"text": "\u6cd5\u56fd", "offset": 43, "length": 2}, {"text": "\u5fb7\u56fd", "offset": 46, "length": 2}], "weapon": []}}, {"sentence": "\u7f8e\u56fd\u6d77\u519b\u4e8e2016\u5e74\u66f4\u6539\u6fd2\u6d77\u6218\u6597\u8230\u7684\u6982\u5ff5\uff0c\u653e\u5f03\u8be5\u9879\u76ee\u7684\u5173\u5efa\u539f\u5219\u3002", "events": [{"trigger": {"text": "\u66f4\u6539", "offset": 10, "length": 2}, "subject": {"text": "\u7f8e\u56fd\u6d77\u519b\u4e8e2016\u5e74", "offset": 0, "length": 10}, "object": {"text": "\u6fd2\u6d77\u6218\u6597\u8230\u7684\u6982\u5ff5", "offset": 12, "length": 8}}], "arguments": {"time": [{"text": "2016\u5e74", "offset": 5, "length": 5}], "loc": [], "country": [], "weapon": []}}, {"sentence": "\u76ee\u524d\u7f8e\u56fd\u6d77\u519b\u4e2d\u670915\u8258\u8be5\u7ea7\u522b\u7684\u6218\u6597\u8230\uff0c\u9884\u8ba1\u8fd8\u5c06\u5efa\u902016\u8258\u3002", "events": [], "arguments": {"time": [], "loc": [], "country": [], "weapon": [{"text": "\u6218\u6597\u8230", "offset": 15, "length": 3}]}}, {"sentence": "\u7f8e\u56fd\u6d77\u519b\u6700\u521d\u9884\u8ba1\u5efa\u902055-60\u8258\uff0c\u6bcf\u8258\u7684\u4ef7\u683c\u4e3a5.628\u4ebf\u7f8e\u5143\u3002", "events": [], "arguments": {"time": [], "loc": [], "country": [], "weapon": []}}]