[{"sentence": "\u7f8e\u519b\u62ab\u9732\u7f57\u65af\u798f\u53f7\u6b7b\u4ea1\u8230\u5458\u8eab\u4f53\u7a81\u53d1\u4e0d\u9002\uff0c\u5f3a\u8c03\u5176\u591a\u6b21\u65b0\u51a0\u68c0\u6d4b\u90fd\u662f\u9634\u6027", "events": [{"trigger": {"text": "\u62ab\u9732", "offset": 2, "length": 2}, "subject": {"text": "\u7f8e\u519b", "offset": 0, "length": 2}, "object": {"text": "\u7f57\u65af\u798f\u53f7\u6b7b\u4ea1\u8230\u5458\u8eab\u4f53\u7a81\u53d1\u4e0d\u9002", "offset": 4, "length": 14}}], "arguments": {"time": [], "loc": [], "country": [], "weapon": [{"text": "\u7f57\u65af\u798f\u53f7", "offset": 4, "length": 4}]}}, {"sentence": "\u3010\u73af\u7403\u7f51\u62a5\u9053 \u89c1\u4e60\u8bb0\u8005 \u9a6c\u5ca9\u3011", "events": [], "arguments": {"time": [], "loc": [], "country": [], "weapon": []}}, {"sentence": "\u636e\u201c\u7f8e\u56fd\u6d77\u519b\u7814\u7a76\u5b66\u4f1a\u201d\u7f51\u7ad97\u67083\u65e5\u62a5\u9053\uff0c\u7f8e\u56fd\u6d77\u519b\u786e\u8ba42\u65e5\u62a2\u6551\u65e0\u6548\u6b7b\u4ea1\u7684\u201c\u7f57\u65af\u798f\u201d\u53f7\u822a\u6bcd\u8230\u5458\u7684\u8eab\u4efd\u662f\u822a\u7a7a\u7535\u5b50\u8bbe\u5907\u6280\u5e08\u3001\u58eb\u5b98\u957f\u8d3e\u65af\u6c40\u00b7\u8003\u5c14\u5fb7\u4f26\u3002", "events": [], "arguments": {"time": [{"text": "7\u67083\u65e5", "offset": 13, "length": 4}], "loc": [], "country": [{"text": "\u7f8e\u56fd", "offset": 20, "length": 2}], "weapon": [{"text": "\u201c\u7f57\u65af\u798f\u201d\u53f7\u822a\u6bcd", "offset": 35, "length": 8}]}}, {"sentence": "\u62a5\u9053\u79f0\uff0c\u8d3e\u65af\u6c40\u00b7\u8003\u5c14\u5fb7\u8f6e\u662f\u4fc4\u4ea5\u4fc4\u5dde\u4eba\uff0c2003\u5e74\u8fdb\u5165\u6d77\u519b\u670d\u5f79\uff0c\u751f\u524d\u670d\u5f79\u4e8e\u7b2c146\u6218\u6597\u673a\u4e2d\u961f\u3002", "events": [], "arguments": {"time": [], "loc": [], "country": [], "weapon": []}}, {"sentence": "\u636e\u7f8e\u56fd\u6d77\u519b\u900f\u9732\uff0c\u8d3e\u65af\u6c40\u00b7\u8003\u5c14\u5fb7\u4f267\u67082\u65e5\u8eab\u4f53\u7a81\u53d1\u4e0d\u9002\uff0c\u5728\u8239\u4e0a\u8fc5\u901f\u63a5\u6536\u4e86\u7b80\u5355\u7684\u533b\u7597\u63aa\u65bd\uff0c\u800c\u540e\u88ab\u4e00\u67b6\u76f4\u5347\u673a\u8f6c\u9001\u81f3\u5cb8\u4e0a\u7684\u4e00\u6240\u533b\u9662\uff0c\u968f\u540e\u5728\u90a3\u91cc\u88ab\u5ba3\u5e03\u6b7b\u4ea1\u3002", "events": [], "arguments": {"time": [{"text": "7\u67082\u65e5", "offset": 16, "length": 4}], "loc": [], "country": [], "weapon": [{"text": "\u76f4\u5347\u673a", "offset": 48, "length": 3}]}}, {"sentence": "\u4e8b\u53d1\u65f6\uff0c\u201c\u7f57\u65af\u798f\u201d\u53f7\u822a\u6bcd\u6b63\u5728\u8fd4\u56de\u5723\u8fed\u6208\u7684\u6bcd\u6e2f\u3002", "events": [], "arguments": {"time": [], "loc": [], "country": [], "weapon": [{"text": "\u201c\u7f57\u65af\u798f\u201d\u53f7\u822a\u6bcd", "offset": 4, "length": 8}]}}, {"sentence": "\u7f8e\u56fd\u6d77\u519b\u8fd8\u5728\u65b0\u95fb\u7a3f\u4e2d\u79f0\uff1a\u201c\u8fd9\u540d\u8230\u5458\u548c\u2018\u7f57\u65af\u798f\u2019\u53f7\u4e0a\u6240\u6709\u5176\u4ed6\u8230\u5458\u4e00\u6837\uff0c\u6b64\u524d\u66fe\u591a\u6b21\u63a5\u53d7\u65b0\u51a0\u75c5\u6bd2\u68c0\u6d4b\uff0c\u5728\u822a\u6bcd\u7684\u6574\u4e2a\u90e8\u7f72\u8fc7\u7a0b\u4e2d\uff0c\u4ed6\u7684\u68c0\u6d4b\u7ed3\u679c\u5747\u4e3a\u9634\u6027\u3002", "events": [], "arguments": {"time": [], "loc": [], "country": [], "weapon": [{"text": "\u2018\u7f57\u65af\u798f\u2019\u53f7", "offset": 18, "length": 6}]}}, {"sentence": "\u201d", "events": [], "arguments": {"time": [], "loc": [], "country": [], "weapon": []}}, {"sentence": "\u636e\u6089\uff0c\u201c\u7f57\u65af\u798f\u201d\u53f7\u822a\u6bcd\u7d2f\u8ba1\u5df2\u67091200\u591a\u4eba\u65b0\u51a0\u75c5\u6bd2\u68c0\u6d4b\u9633\u6027\uff0c\u8fd9\u6b21\u8230\u5458\u6b7b\u4ea1\u4e8b\u4ef6\u8fd9\u662f\u81ea\u8be5\u822a\u6bcd\u66b4\u53d1\u65b0\u51a0\u80ba\u708e\u75ab\u60c5\u4ee5\u6765\uff0c\u51fa\u73b0\u7684\u7b2c\u4e8c\u8d77\u8230\u5458\u6b7b\u4ea1\u4e8b\u4ef6\u3002", "events": [], "arguments": {"time": [], "loc": [], "country": [], "weapon": [{"text": "\u201c\u7f57\u65af\u798f\u201d\u53f7\u822a\u6bcd", "offset": 3, "length": 8}]}}, {"sentence": "4\u6708\u4e2d\u65ec\uff0c\u8be5\u822a\u6bcd\u4e0a\u540d\u4e3a\u5c0f\u67e5\u5c14\u65af\u00b7\u7f57\u4f2f\u7279\u00b7\u585e\u514b\u768441\u5c81\u58eb\u5b98\u957f\u56e0\u65b0\u51a0\u80ba\u708e\u5728\u5173\u5c9b\u6d77\u519b\u533b\u9662\u53bb\u4e16\uff0c\u51e0\u5929\u524d\u4ed6\u5728\u53c2\u52a0\u4f53\u9a8c\u65f6\u88ab\u53d1\u73b0\u6709\u4e9b\u53cd\u5e94\u8fdf\u949d\uff0c\u968f\u540e\u88ab\u9001\u8fdb\u4e86\u91cd\u75c7\u76d1\u62a4\u5ba4\u3002", "events": [], "arguments": {"time": [], "loc": [], "country": [], "weapon": []}}, {"sentence": "\u5728\u5173\u5c9b\u201c\u8db4\u7a9d\u201d\u4e86\u8fd1\u4e24\u4e2a\u6708\u540e\uff0c\u201c\u7f57\u65af\u798f\u201d\u53f7\u822a\u6bcd\u57285\u6708\u4e0b\u65ec\u518d\u6b21\u51fa\u6d77\u8bad\u7ec3\uff0c\u968f\u540e\u5f00\u59cb\u7ee7\u7eed\u6267\u884c\u5370\u5ea6-\u592a\u5e73\u6d0b\u5730\u533a\u90e8\u7f72\u4efb\u52a1\u3002", "events": [], "arguments": {"time": [], "loc": [], "country": [], "weapon": [{"text": "\u201c\u7f57\u65af\u798f\u201d\u53f7\u822a\u6bcd", "offset": 14, "length": 8}]}}, {"sentence": "6\u670821\u65e5\uff0c\u201c\u7f57\u65af\u798f\u201d\u53f7\u822a\u6bcd\u8fd8\u4e0e\u201c\u5c3c\u7c73\u5179\u201d\u53f7\u822a\u6bcd\u5728\u83f2\u5f8b\u5bbe\u6d77\u5f00\u5c55\u53cc\u822a\u6bcd\u6218\u6597\u7fa4\u4f5c\u6218\u6f14\u7ec3\u3002", "events": [], "arguments": {"time": [], "loc": [], "country": [], "weapon": [{"text": "\u201c\u7f57\u65af\u798f\u201d\u53f7\u822a\u6bcd", "offset": 6, "length": 8}, {"text": "\u201c\u5c3c\u7c73\u5179\u201d\u53f7\u822a\u6bcd", "offset": 16, "length": 8}]}}, {"sentence": "\u81f3\u4e8e\u201c\u7f57\u65af\u798f\u201d\u53f7\u67d3\u4e0a\u75c5\u6bd2\u7684\u539f\u56e0\uff0c\u7f8e\u56fd\u6d77\u519b\u6700\u521d\u8ba4\u4e3a\u822a\u6bcd\u53ef\u80fd\u662f3\u6708\u5728\u8d8a\u5357\u6e2f\u53e3\u505c\u9760\u671f\u95f4\u88ab\u4f20\u67d3\u7684\uff0c\u4f46\u968f\u540e\u8ba4\u5b9a\u662f\u6765\u81ea\u5176\u4ed6\u8230\u8247\u7684\u8230\u8f7d\u673a\u6267\u884c\u7269\u8d44\u8865\u7ed9\u65f6\u5c06\u75c5\u6bd2\u4e00\u5e76\u5e26\u5165\u5e76\u9020\u6210\u75ab\u60c5\u5927\u66b4\u53d1\uff0c\u56e0\u4e3a\u7387\u5148\u53d1\u75c5\u7684\u4e0d\u662f\u66fe\u79bb\u8230\u524d\u5f80\u6e2f\u53e3\u6e38\u73a9\u7684\u8230\u5458\uff0c\u800c\u662f\u8230\u8f7d\u673a\u90e8\u961f\u7684\u4e24\u540d\u58eb\u5175\u3002", "events": [], "arguments": {"time": [], "loc": [], "country": [], "weapon": [{"text": "\u201c\u7f57\u65af\u798f\u201d\u53f7", "offset": 2, "length": 6}]}}, {"sentence": "\u4f46\u7ecf\u8fc7\u957f\u8fbe\u6570\u6708\u7684\u8c03\u67e5\uff0c\u7f8e\u519b\u6700\u7ec8\u5f97\u51fa\u7ed3\u8bba\uff0c\u57fa\u672c\u8ba4\u5b9a\u662f\u822a\u6bcd\u505c\u9760\u8d8a\u5357\u6e2f\u53e3\u65f6\u88ab\u611f\u67d3\u3002", "events": [], "arguments": {"time": [], "loc": [], "country": [], "weapon": [{"text": "\u822a\u6bcd", "offset": 25, "length": 2}]}}]