[{"sentence": "\u5bfc\u5f39\u9884\u8b66\u80fd\u529b\u518d\u83b7\u63d0\u5347\uff01", "events": [], "arguments": {"time": [], "loc": [], "country": [], "weapon": [{"text": "\u5bfc\u5f39", "offset": 0, "length": 2}]}}, {"sentence": "\u4fc4\u519b\u542f\u7528\u65b0\u578b\u592a\u7a7a\u76d1\u89c6\u5149\u7535\u7cfb\u7edf", "events": [{"trigger": {"text": "\u542f\u7528", "offset": 2, "length": 2}, "subject": {"text": "\u4fc4\u519b", "offset": 0, "length": 2}, "object": {"text": "\u65b0\u578b\u592a\u7a7a\u76d1\u89c6\u5149\u7535\u7cfb\u7edf", "offset": 4, "length": 10}}], "arguments": {"time": [], "loc": [], "country": [], "weapon": [{"text": "\u592a\u7a7a\u76d1\u89c6\u5149\u7535\u7cfb\u7edf", "offset": 6, "length": 8}]}}, {"sentence": "\u3010\u73af\u7403\u7f51\u519b\u4e8b\u62a5\u9053\u3011", "events": [], "arguments": {"time": [], "loc": [], "country": [], "weapon": []}}, {"sentence": "\u4fc4\u7f57\u65af\u536b\u661f\u901a\u8baf\u793e7\u67083\u65e5\u62a5\u9053\uff0c\u4fc4\u7f57\u65af\u7a7a\u5929\u519b\u603b\u53f8\u4ee4\u8c22\u5c14\u76d6\u00b7\u82cf\u7f57\u7ef4\u91d1\u4e0a\u5c06\u5728\u63a5\u53d7\u91c7\u8bbf\u65f6\u8868\u793a\uff0c\u4fc4\u7f57\u65af\u7684\u201c\u7784\u51c6\u5668\u201d\u65b0\u578b\u592a\u7a7a\u76d1\u89c6\u5149\u7535\u7cfb\u7edf\u5df2\u7ecf\u6295\u5165\u6218\u6597\u503c\u73ed\u3002", "events": [], "arguments": {"time": [{"text": "7\u67083\u65e5", "offset": 8, "length": 4}], "loc": [], "country": [{"text": "\u4fc4\u7f57\u65af", "offset": 43, "length": 3}], "weapon": [{"text": "\u201c\u7784\u51c6\u5668\u201d\u65b0\u578b\u592a\u7a7a\u76d1\u89c6\u5149\u7535\u7cfb\u7edf", "offset": 47, "length": 15}]}}, {"sentence": "\u62a5\u9053\u79f0\uff0c\u82cf\u7f57\u7ef4\u91d1\u5728\u63a5\u53d7\u4fc4\u300a\u7ea2\u661f\u62a5\u300b\u91c7\u8bbf\u65f6\u6307\u51fa\uff1a\u201c\uff08\u4fc4\u7f57\u65af\uff09\u5bfc\u5f39\u653b\u51fb\u9884\u8b66\u7cfb\u7edf\u7684\u96f7\u8fbe\u7ad9\u5df2\u7ecf\u5728\u5965\u5c14\u65af\u514b\u3001\u5df4\u5c14\u7459\u5c14\u3001\u53f6\u5c3c\u585e\u65af\u514b\u6295\u5165\u8fd0\u884c\u5e76\u5f00\u59cb\u6218\u6597\u503c\u73ed\uff0c\u2018\u7784\u51c6\u5668\u2019\u592a\u7a7a\u76d1\u89c6\u5149\u7535\u7cfb\u7edf\u3001\u2018\u4f69\u5217\u65af\u97e6\u7279\u2019\u4e13\u7528\u6fc0\u5149\u7cfb\u7edf\u3001\u9996\u4e2a\u2018\u96c6\u88c5\u7bb1-3M\u2019\u8d85\u89c6\u8ddd\u63a2\u6d4b\u7ad9\u4e5f\u5df2\u7ecf\u8fd0\u884c\u5e76\u5f00\u59cb\u6218\u6597\u503c\u73ed\u3002", "events": [], "arguments": {"time": [], "loc": [{"text": "\u5965\u5c14\u65af\u514b", "offset": 44, "length": 4}, {"text": "\u5df4\u5c14\u7459\u5c14", "offset": 49, "length": 4}, {"text": "\u53f6\u5c3c\u585e\u65af\u514b", "offset": 54, "length": 5}], "country": [], "weapon": [{"text": "\u2018\u4f69\u5217\u65af\u97e6\u7279\u2019\u4e13\u7528\u6fc0\u5149\u7cfb\u7edf", "offset": 85, "length": 13}, {"text": "\u2018\u96c6\u88c5\u7bb1-3M\u2019\u8d85\u89c6\u8ddd\u63a2\u6d4b\u7ad9", "offset": 101, "length": 14}, {"text": "\u2018\u7784\u51c6\u5668\u2019\u592a\u7a7a\u76d1\u89c6\u5149\u7535\u7cfb\u7edf", "offset": 71, "length": 13}]}}, {"sentence": "\u201d", "events": [], "arguments": {"time": [], "loc": [], "country": [], "weapon": []}}, {"sentence": "\u82cf\u7f57\u7ef4\u91d1\u8fd8\u8868\u793a\uff0c\u4fc4\u7f57\u65af\u5c06\u57282022\u5e74\u5b8c\u6210\u5bfc\u5f39\u653b\u51fb\u9884\u8b66\u7cfb\u7edf\u65b0\u4e00\u4ee3\u96f7\u8fbe\u7ad9\u7684\u6362\u88c5\u5de5\u4f5c\u3002", "events": [{"trigger": {"text": "\u5b8c\u6210", "offset": 18, "length": 2}, "subject": {"text": "\u4fc4\u7f57\u65af\u5c06\u57282022\u5e74", "offset": 8, "length": 10}, "object": {"text": "\u5bfc\u5f39\u653b\u51fb\u9884\u8b66\u7cfb\u7edf\u65b0\u4e00\u4ee3\u96f7\u8fbe\u7ad9\u7684\u6362\u88c5\u5de5\u4f5c", "offset": 20, "length": 19}}], "arguments": {"time": [], "loc": [], "country": [], "weapon": [{"text": "\u5bfc\u5f39\u653b\u51fb\u9884\u8b66\u7cfb\u7edf", "offset": 20, "length": 8}]}}, {"sentence": "\u62a5\u9053\u79f0\uff0c\u4fc4\u7f57\u65af\u8ba1\u5212\u57282022-2023\u5e74\u5f00\u59cb\u90e8\u7f72\u65b0\u7684\u592a\u7a7a\u519b\u7528\u901a\u4fe1\u548c\u4fa6\u5bdf\u7cfb\u7edf\uff0c\u57282024\u5e74\u4e4b\u524d\u90e8\u7f72\u5bfc\u5f39\u653b\u51fb\u9884\u8b66\u7cfb\u7edf\u592a\u7a7a\u68af\u961f\u3002", "events": [], "arguments": {"time": [], "loc": [], "country": [], "weapon": []}}, {"sentence": "\u82cf\u7f57\u7ef4\u91d1\u5bf9\u6b64\u8868\u793a\uff1a\u201c\u8fd9\u4e9b\u65b0\u4e00\u4ee3\u96f7\u8fbe\u7ad9\u52a0\u5165\u5bfc\u5f39\u653b\u51fb\u9884\u8b66\u7cfb\u7edf\u540e\uff0c\u6362\u88c5\u5de5\u4f5c\u5c31\u5c06\u987a\u5229\u5b8c\u6210\u3002", "events": [], "arguments": {"time": [], "loc": [], "country": [], "weapon": [{"text": "\u5bfc\u5f39\u653b\u51fb\u9884\u8b66\u7cfb\u7edf", "offset": 20, "length": 8}]}}, {"sentence": "\u201d\u4ed6\u8868\u793a\uff0c\u6c83\u5c14\u5e93\u5854\u5e02\u9644\u8fd1\u9ad8\u5ea6\u5de5\u5382\u9884\u5236\u5316\u7684\u53cc\u6ce2\u6bb5\u96f7\u8fbe2021\u5e74\u6295\u5165\u4f7f\u7528\u3001\u6469\u5c14\u66fc\u65af\u514b\u5e02\u9644\u8fd1\u5206\u7c73\u6ce2\u9ad8\u5f3a\u5ea6\u96f7\u8fbe\u7ad92022\u5e74\u6295\u5165\u8fd0\u884c\u540e\uff0c\u6362\u88c5\u5de5\u4f5c\u5c31\u5c06\u5ba3\u544a\u7ed3\u675f\u3002", "events": [], "arguments": {"time": [], "loc": [], "country": [], "weapon": [{"text": "\u53cc\u6ce2\u6bb5\u96f7\u8fbe", "offset": 20, "length": 5}]}}, {"sentence": "\u4ed6\u8fd8\u900f\u9732\uff1a\u201c\u57282030\u5e74\u4e4b\u524d\uff0c\u4fc4\u7f57\u65af\u8ba1\u5212\u5347\u7ea7\u514b\u62c9\u65af\u8bfa\u8fbe\u5c14\u8fb9\u7586\u533a\u3001\u4f0a\u5c14\u5e93\u8328\u514b\u5dde\u6218\u6597\u503c\u73ed\u7684\u4e00\u6279\u96f7\u8fbe\u7ad9\uff0c\u5728\u5217\u5b81\u683c\u52d2\u5dde\u548c\u8fdc\u4e1c\u8054\u90a6\u533a\u90e8\u7f72\u65b0\u7684\u9ad8\u6027\u80fd\u3001\u6297\u5e72\u6270\u6027\u8bbe\u5907\uff0c\u4ee5\u4fc3\u8fdb\u5bfc\u5f39\u653b\u51fb\u9884\u8b66\u7cfb\u7edf\u7684\u53d1\u5c55\u3002", "events": [], "arguments": {"time": [], "loc": [], "country": [], "weapon": []}}, {"sentence": "\u201d", "events": [], "arguments": {"time": [], "loc": [], "country": [], "weapon": []}}]