[{"sentence": "\u7f8e\u519b\u4fa6\u5bdf\u673a1\u5468\u5185\u7b2c3\u6b21\u62b5\u8fd1\u4fc4\u8fb9\u754c\u00a0\u4fc4\u519b\u518d\u6d3e\u6218\u6597\u673a\u62e6\u622a", "events": [], "arguments": {"time": [], "loc": [], "country": [], "weapon": [{"text": "\u4fa6\u5bdf\u673a", "offset": 0, "length": 3}, {"text": "\u6218\u6597\u673a", "offset": 21, "length": 3}]}}, {"sentence": "\u3010\u73af\u7403\u7f51\u519b\u4e8b\u62a5\u9053\u3011", "events": [], "arguments": {"time": [], "loc": [], "country": [], "weapon": []}}, {"sentence": "\u636e\u4fc4\u7f57\u65af\u536b\u661f\u65b0\u95fb\u901a\u8baf\u793e7\u67081\u65e5\u62a5\u9053\uff0c\u4fc4\u7f57\u65af\u5357\u90e8\u519b\u533a\u65b0\u95fb\u5904\u901a\u62a5\u79f0\uff0c\u4fc4\u7f57\u65af\u9ed1\u6d77\u8230\u961f\u6d77\u519b\u822a\u7a7a\u5175\u7684\u6218\u6597\u673a\u5f53\u5929\u5347\u7a7a\u62e6\u622a\u4e86\u4e00\u67b6\u7f8e\u56fd\u4fa6\u5bdf\u673a\u3002", "events": [{"trigger": {"text": "\u62e6\u622a", "offset": 52, "length": 2}, "subject": {"text": "\u4fc4\u7f57\u65af\u9ed1\u6d77\u8230\u961f\u6d77\u519b\u822a\u7a7a\u5175\u7684\u6218\u6597\u673a\u5f53\u5929\u5347\u7a7a", "offset": 32, "length": 20}, "object": {"text": "\u4e00\u67b6\u7f8e\u56fd\u4fa6\u5bdf\u673a", "offset": 55, "length": 7}}], "arguments": {"time": [{"text": "7\u67081\u65e5", "offset": 11, "length": 4}], "loc": [], "country": [{"text": "\u4fc4\u7f57\u65af", "offset": 32, "length": 3}], "weapon": [{"text": "\u6218\u6597\u673a", "offset": 45, "length": 3}, {"text": "\u7f8e\u56fd\u4fa6\u5bdf\u673a", "offset": 57, "length": 5}]}}, {"sentence": "\u62a5\u9053\u79f0\uff0c\u4fc4\u519b\u9632\u7a7a\u52e4\u52a1\u4eba\u5458\u63a2\u6d4b\u5230\u4e86\u4e00\u67b6\u79bb\u8fb9\u5883\u5f88\u8fdc\u7684\u7f8e\u56fd\u98de\u673a\uff0c\u501f\u52a9\u96f7\u8fbe\u63a7\u5236\u7cfb\u7edf\u5bf9\u5176\u8fdb\u884c\u8fde\u7eed\u4e0d\u65ad\u7684\u76d1\u89c6\u3002", "events": [], "arguments": {"time": [], "loc": [], "country": [], "weapon": [{"text": "\u98de\u673a", "offset": 26, "length": 2}]}}, {"sentence": "\u82cf-27\u591a\u7528\u9014\u6218\u6597\u673a\u5728\u7a7a\u4e2d\u5bf9\u5b83\u8fdb\u884c\u4e86\u62e6\u622a\u3002", "events": [], "arguments": {"time": [], "loc": [], "country": [], "weapon": [{"text": "\u82cf-27\u591a\u7528\u9014\u6218\u6597\u673a", "offset": 0, "length": 10}]}}, {"sentence": "\u4fc4\u7f57\u65af\u5357\u90e8\u519b\u533a\u65b0\u95fb\u5904\u8bf4\uff1a\u201c\u4fc4\u7f57\u65af\u6218\u673a\u63a5\u8fd1\u7a7a\u4e2d\u76ee\u6807\uff0c\u8bc6\u522b\u51fa\u5b83\u662f\u7f8e\u56fd\u7a7a\u519b\u7684RC-135W\u2018\u8054\u5408\u94c6\u9489\u2019\u4fa6\u5bdf\u673a\uff0c\u968f\u540e\u5b83\u88ab\u8feb\u6539\u53d8\u822a\u5411\u8fdc\u79bb\u4fc4\u7f57\u65af\u7684\u56fd\u754c\u3002", "events": [], "arguments": {"time": [], "loc": [], "country": [], "weapon": [{"text": "RC-135W\u2018\u8054\u5408\u94c6\u9489\u2019\u4fa6\u5bdf\u673a", "offset": 35, "length": 16}]}}, {"sentence": "\u201d", "events": [], "arguments": {"time": [], "loc": [], "country": [], "weapon": []}}, {"sentence": "\u4fc4\u519b\u8868\u793a\uff0c\u7f8e\u56fd\u98de\u673a\u6ca1\u6709\u8fdb\u5165\u4fc4\u7f57\u65af\u7684\u56fd\u754c\uff0c\u4fc4\u7f57\u65af\u6218\u673a\u7684\u98de\u884c\u4e5f\u9075\u5b88\u4e86\u7a7a\u57df\u4f7f\u7528\u7684\u56fd\u9645\u89c4\u5b9a\u3002", "events": [], "arguments": {"time": [], "loc": [], "country": [{"text": "\u7f8e\u56fd", "offset": 5, "length": 2}], "weapon": [{"text": "\u6218\u673a", "offset": 23, "length": 2}]}}, {"sentence": "\u62a5\u9053\u79f0\uff0c\u8fd9\u5df2\u7ecf\u662f\u8fd1\u51e0\u5929\u5185\u7b2c\u4e09\u8d77\u9ed1\u6d77\u4e0a\u7a7a\u51fa\u73b0\u7f8e\u56fd\u98de\u673a\u7684\u7c7b\u4f3c\u4e8b\u4ef6\uff1a6\u670826\u65e5\uff0c\u4e00\u67b6\u82cf-30\u6218\u6597\u673a\u5347\u7a7a\u62e6\u622a\u4e86R-8A\u201c\u6ce2\u585e\u51ac\u201d\u5de1\u903b\u673a\u3001RC-135\u6218\u7565\u4fa6\u5bdf\u673a\u548cKS-135\u52a0\u6cb9\u673a\uff1b\u800c\u5728 6\u670829\u65e5\uff0cP-8A\u201c\u6ce2\u585e\u51ac\u201d\u5de1\u903b\u673a\u548cRC-135\u4fa6\u5bdf\u673a\u518d\u6b21\u63a5\u8fd1\u4fc4\u7f57\u65af\u8fb9\u754c\uff0c\u4fc4\u519b\u968f\u540e\u51fa\u52a8\u4e86\u82cf-27\u6218\u6597\u673a\u5bf9\u76ee\u6807\u8fdb\u884c\u4e86\u62e6\u622a\u3002", "events": [], "arguments": {"time": [], "loc": [], "country": [], "weapon": [{"text": "R-8A\u201c\u6ce2\u585e\u51ac\u201d\u5de1\u903b\u673a", "offset": 51, "length": 12}, {"text": "RC-135\u6218\u7565\u4fa6\u5bdf\u673a", "offset": 64, "length": 11}, {"text": "KS-135\u52a0\u6cb9\u673a", "offset": 76, "length": 9}, {"text": "\u82cf-30\u6218\u6597\u673a", "offset": 39, "length": 7}, {"text": "P-8A\u201c\u6ce2\u585e\u51ac\u201d\u5de1\u903b\u673a", "offset": 95, "length": 12}, {"text": "RC-135\u4fa6\u5bdf\u673a", "offset": 108, "length": 9}, {"text": "\u82cf-27\u6218\u6597\u673a", "offset": 134, "length": 7}]}}, {"sentence": "\u6b64\u5916\uff0c\u7f8e\u519b\u5728\u4fc4\u7f57\u65af\u8fb9\u754c\u9644\u8fd1\u7684\u5176\u4ed6\u5730\u533a\u7684\u6d3b\u52a8\u6709\u6240\u589e\u52a0\u3002", "events": [], "arguments": {"time": [], "loc": [], "country": [], "weapon": []}}, {"sentence": " 6\u6708\u4e2d\u65ec\uff0c\u5728\u6ce2\u7f57\u7684\u6d77\u4e0a\u7a7a\u53d1\u73b0\u4e86B-52H\u8f70\u70b8\u673a\uff0c\u4fc4\u7f57\u65af\u519b\u961f\u7684\u82cf-27\u5347\u7a7a\u4f5c\u51fa\u4e86\u56de\u5e94\u3002", "events": [], "arguments": {"time": [], "loc": [{"text": "\u6ce2\u7f57\u7684\u6d77", "offset": 7, "length": 4}], "country": [], "weapon": [{"text": "B-52H\u8f70\u70b8\u673a", "offset": 16, "length": 8}, {"text": "\u82cf-27", "offset": 31, "length": 4}]}}, {"sentence": "\u51e0\u5929\u540e\uff0cB-52H\u8f70\u70b8\u673a\u98de\u8d8a\u4e86\u9102\u970d\u6b21\u514b\u6d77\uff0c\u4fc4\u7f57\u65af\u7684\u82cf-30\u3001\u82cf-35\u548c\u7c73\u683c-31\u6218\u673a\u5bf9\u5b83\u4eec\u8fdb\u884c\u4e86\u4f34\u98de\u3002", "events": [], "arguments": {"time": [], "loc": [], "country": [], "weapon": [{"text": "B-52H\u8f70\u70b8\u673a", "offset": 4, "length": 8}, {"text": "\u82cf-30", "offset": 25, "length": 4}, {"text": "\u82cf-35", "offset": 30, "length": 4}, {"text": "\u7c73\u683c-31\u6218\u673a", "offset": 35, "length": 7}]}}]