[{"sentence": "\u8d8a\u7ebf\u6311\u8845\u540e\u5370\u519b\u589e\u5175\u52a8\u4f5c\u4e0d\u65ad\u00a0\u5370\u5a92\u66ddT-90\u5766\u514b\u5df2\u90e8\u7f72\u81f3\u52a0\u52d2\u4e07\u6cb3\u8c37", "events": [], "arguments": {"time": [], "loc": [], "country": [{"text": "\u5370", "offset": 14, "length": 1}], "weapon": [{"text": "T-90\u5766\u514b", "offset": 17, "length": 6}]}}, {"sentence": "\u3010\u73af\u7403\u7f51\u62a5\u9053 \u8bb0\u8005 \u5f90\u7490\u660e\u3011", "events": [], "arguments": {"time": [], "loc": [], "country": [], "weapon": []}}, {"sentence": "\u5370\u5ea6\u5a92\u4f53\u79f0\uff0c\u5370\u519b\u5df2\u7ecf\u5728\u52a0\u52d2\u4e07\u6cb3\u8c37\u5730\u533a\u90e8\u7f72T-90\u5766\u514b\uff0c\u62a5\u9053\u8fd8\u79f0\uff0c\u8fd9\u662f\u201c\u4e3a\u6700\u574f\u7684\u60c5\u51b5\u505a\u597d\u51c6\u5907\u201d\u3002", "events": [{"trigger": {"text": "\u90e8\u7f72", "offset": 18, "length": 2}, "subject": {"text": "\u5370\u519b\u5df2\u7ecf\u5728\u52a0\u52d2\u4e07\u6cb3\u8c37\u5730\u533a", "offset": 6, "length": 12}, "object": {"text": "T-90\u5766\u514b", "offset": 20, "length": 6}}], "arguments": {"time": [], "loc": [], "country": [], "weapon": [{"text": "T-90\u5766\u514b", "offset": 20, "length": 6}]}}, {"sentence": "\u636e\u300a\u5370\u5ea6\u65af\u5766\u65f6\u62a5\u300b6\u670830\u65e5\u62a5\u9053\uff0c\u5370\u5ea6\u519b\u961f\u5df2\u7ecf\u5728\u52a0\u52d2\u4e07\u6cb3\u8c37\u5730\u533a\u90e8\u7f72\u4e866\u8f86T-90\u4e3b\u6218\u5766\u514b\u548c\u80a9\u625b\u5f0f\u9632\u7a7a\u5bfc\u5f39\u7cfb\u7edf\u3002", "events": [], "arguments": {"time": [{"text": "6\u670830\u65e5", "offset": 9, "length": 5}], "loc": [{"text": "\u52a0\u52d2\u4e07\u6cb3\u8c37\u5730\u533a", "offset": 24, "length": 7}], "country": [], "weapon": [{"text": "T-90\u4e3b\u6218\u5766\u514b", "offset": 36, "length": 8}, {"text": "\u80a9\u625b\u5f0f\u9632\u7a7a\u5bfc\u5f39\u7cfb\u7edf", "offset": 45, "length": 9}]}}, {"sentence": "\u62a5\u9053\u79f0\uff0c\u8fd9\u8868\u660e\u5370\u5ea6\u5728\u6062\u590d\u62c9\u8fbe\u514b\u4e1c\u90e8\u5730\u533a\u548c\u5e73\u72b6\u6001\u7684\u540c\u65f6\uff0c\u4e5f\u4e3a\u6700\u574f\u7684\u60c5\u51b5\u505a\u597d\u4e86\u51c6\u5907\u3002", "events": [], "arguments": {"time": [], "loc": [], "country": [], "weapon": []}}, {"sentence": "\u62a5\u9053\u8fd8\u79f0\uff0c\u5370\u5ea6\u9646\u519b\u7684\u6b65\u5175\u6218\u8f66\u548c155\u6beb\u7c73\u53e3\u5f84\u69b4\u5f39\u70ae\u4e5f\u88ab\u90e8\u7f72\u5728\u4e86\u62c9\u8fbe\u514b\u4e1c\u90e8\u5730\u533a1597\u516c\u91cc\u957f\u7684\u5b9e\u9645\u63a7\u5236\u7ebf\u6cbf\u7ebf\uff0c\u4e24\u4e2a\u5766\u514b\u56e2\u90e8\u7f72\u5728\u4e86\u5370\u5ea6\u5317\u90e8\u7684\u695a\u8212\u52d2\u5730\u533a\u3002", "events": [], "arguments": {"time": [], "loc": [{"text": "\u62c9\u8fbe\u514b\u4e1c\u90e8\u5730\u533a", "offset": 31, "length": 7}, {"text": "\u695a\u8212\u52d2\u5730\u533a", "offset": 68, "length": 5}], "country": [{"text": "\u5370\u5ea6", "offset": 63, "length": 2}], "weapon": [{"text": "\u6b65\u5175\u6218\u8f66", "offset": 10, "length": 4}, {"text": "155\u6beb\u7c73\u53e3\u5f84\u69b4\u5f39\u70ae", "offset": 15, "length": 10}]}}, {"sentence": "\u6839\u636e\u5370\u5ea6\u519b\u65b9\u6307\u6325\u5b98\u7684\u8bf4\u6cd5\uff0c\u5370\u5ea6\u5df2\u7ecf\u51c6\u5907\u597d\u5728\u6709\u9650\u7684\u8303\u56f4\u5185\u8fdb\u884c\u957f\u65f6\u95f4\u4f5c\u6218\uff0c\u5e76\u6709\u80fd\u529b\u5f00\u5c55\u62a5\u590d\u5f0f\u6253\u51fb\u884c\u52a8\u3002", "events": [], "arguments": {"time": [], "loc": [], "country": [], "weapon": []}}, {"sentence": "\u53e6\u636e\u5370\u5ea6\u5a92\u4f53Zeenews6\u670830\u65e5\u62a5\u9053\uff0c\u5370\u519b\u6700\u65b0\u90e8\u7f72\u7684T-90\u5766\u514b\u88ab\u8ba4\u4e3a\u662f\u4e16\u754c\u4e0a\u201c\u6700\u53ef\u9760\u7684\u5766\u514b\u201d\u3002", "events": [], "arguments": {"time": [], "loc": [], "country": [], "weapon": [{"text": "T-90\u5766\u514b", "offset": 28, "length": 6}]}}, {"sentence": "T-90\u5766\u514b\u7684\u90e8\u7f72\u4e5f\u900f\u9732\u51fa\u4e86\u5370\u519b\u83b7\u5f97\u6218\u7565\u548c\u6218\u672f\u4f18\u52bf\u7684\u4fe1\u606f\u3002", "events": [], "arguments": {"time": [], "loc": [], "country": [], "weapon": [{"text": "T-90\u5766\u514b", "offset": 0, "length": 6}]}}, {"sentence": "\u300a\u5370\u5ea6\u65af\u5766\u65f6\u62a5\u300b6\u670830\u65e5\u62a5\u9053\u79f0\uff0c\u5370\u5ea6\u56fd\u5bb6\u5b89\u5168\u54a8\u8be2\u59d4\u5458\u4f1a\u4e3b\u5e2d\u62c9\u8d3e\u4e07\u5728\u63a5\u53d7\u201cThe Print\u201d\u7f51\u7ad9\u91c7\u8bbf\u65f6\u8868\u793a\uff0c\u53ea\u8981\u53cc\u65b9\u5728\u8fb9\u5883\u5730\u533a\u4e0d\u5f00\u706b\uff0c\u201c\u5c40\u52bf\u5c31\u4e0d\u4f1a\u5347\u7ea7\u201d\u3002", "events": [], "arguments": {"time": [], "loc": [], "country": [], "weapon": []}}, {"sentence": "\u4ed6\u89e3\u91ca\u8bf4\uff0c\u5370\u4e2d\u73b0\u6709\u5404\u9879\u8fb9\u5883\u534f\u8bae\u90fd\u662f\u4e3a\u4e86\u786e\u4fdd\u5728\u51fa\u73b0\u5bf9\u5cd9\u60c5\u51b5\u540e\uff0c\u4e0d\u4f1a\u8fdb\u4e00\u6b65\u5347\u7ea7\u4e3a\u6218\u4e89\u800c\u8bbe\u8ba1\u7684\uff0c\u56e0\u6b64\u53cc\u65b9\u5728\u4efb\u4f55\u60c5\u51b5\u4e0b\u90fd\u4f1a\u5c3d\u91cf\u4fdd\u8bc1\u4e0d\u53d1\u751f\u4ea4\u706b\uff0c\u201c\u8fd9\u662f\u5370\u4e2d\u8fb9\u5883\u548c\u5370\u5df4\u8fb9\u5883\u7684\u6839\u672c\u533a\u522b\u201d\u3002", "events": [], "arguments": {"time": [], "loc": [], "country": [], "weapon": []}}, {"sentence": "\u62a5\u9053\u8bf4\uff0c\u867d\u7136\u6709\u6d88\u606f\u6307\u5370\u519b\u4e00\u7ebf\u90e8\u961f\u88ab\u6388\u6743\u5728\u6781\u7aef\u548c\u7d27\u6025\u60c5\u51b5\u4e0b\u53ef\u4ee5\u201c\u81ea\u7531\u8fd8\u51fb\u201d\uff0c\u4f46\u653f\u5e9c\u6216\u519b\u65b9\u5b9e\u9645\u4e0a\u5e76\u672a\u754c\u5b9a\u4f55\u4e3a\u201c\u81ea\u7531\u201d\uff0c\u56e0\u6b64\u5728\u5b9e\u9645\u64cd\u4f5c\u5c42\u9762\u4e0d\u592a\u53ef\u80fd\u5141\u8bb8\u4e00\u7ebf\u90e8\u961f\u5f00\u706b\u3002", "events": [], "arguments": {"time": [], "loc": [], "country": [], "weapon": []}}, {"sentence": "\u5bf9\u4e8e\u4e2d\u5370\u8fb9\u9632\u90e8\u961f\u5728\u52a0\u52d2\u4e07\u6cb3\u8c37\u5730\u533a\u53d1\u751f\u51b2\u7a81\uff0c\u4e2d\u56fd\u56fd\u9632\u90e8\u65b0\u95fb\u53d1\u8a00\u4eba\u5434\u8c26\u5927\u6821\u57286\u670824\u65e5\u56fd\u9632\u90e8\u4f8b\u884c\u8bb0\u8005\u4f1a\u4e0a\u56de\u5e94\u79f0\uff0c6\u670815\u65e5\u665a\uff0c\u5370\u5ea6\u4e00\u7ebf\u8fb9\u9632\u90e8\u961f\u516c\u7136\u8fdd\u80cc\u53cc\u65b9\u8fbe\u6210\u7684\u5171\u8bc6\uff0c\u51fa\u5c14\u53cd\u5c14\uff0c\u518d\u6b21\u8d8a\u8fc7\u5b9e\u63a7\u7ebf\u5411\u4e2d\u65b9\u84c4\u610f\u6311\u8845\u3002", "events": [], "arguments": {"time": [], "loc": [], "country": [{"text": "\u4e2d\u56fd", "offset": 21, "length": 2}], "weapon": []}}, {"sentence": "\u4e2d\u65b9\u5b98\u5175\u5728\u73b0\u5730\u4ea4\u6d89\u65f6\uff0c\u7a81\u7136\u53d7\u5230\u5370\u65b9\u66b4\u529b\u653b\u51fb\u3002", "events": [], "arguments": {"time": [], "loc": [], "country": [], "weapon": []}}, {"sentence": "\u8fd9\u5f15\u53d1\u53cc\u65b9\u5b98\u5175\u6fc0\u70c8\u80a2\u4f53\u51b2\u7a81\uff0c\u9020\u6210\u4eba\u5458\u4f24\u4ea1\u3002", "events": [], "arguments": {"time": [], "loc": [], "country": [], "weapon": []}}, {"sentence": "\u4e2d\u56fd\u8fb9\u9632\u90e8\u961f\u679c\u65ad\u91c7\u53d6\u81ea\u536b\u63aa\u65bd\uff0c\u5bf9\u5370\u65b9\u66b4\u529b\u884c\u5f84\u4e88\u4ee5\u575a\u51b3\u56de\u51fb\uff0c\u6709\u6548\u634d\u536b\u4e86\u56fd\u5bb6\u4e3b\u6743\u548c\u9886\u571f\u5b8c\u6574\u3002", "events": [], "arguments": {"time": [], "loc": [], "country": [], "weapon": []}}, {"sentence": "\u6b64\u6b21\u4e8b\u4ef6\u5b8c\u5168\u662f\u7531\u4e8e\u5370\u65b9\u8fdd\u80cc\u5171\u8bc6\u3001\u5355\u65b9\u9762\u6311\u8845\u9020\u6210\u7684\uff0c\u5b8c\u5168\u662f\u5728\u53cc\u65b9\u8ba4\u53ef\u7684\u5b9e\u63a7\u7ebf\u4e2d\u65b9\u4e00\u4fa7\u53d1\u751f\u7684\uff0c\u8d23\u4efb\u5b8c\u5168\u5728\u5370\u65b9\u3002", "events": [], "arguments": {"time": [], "loc": [], "country": [], "weapon": []}}, {"sentence": "\u4e2d\u65b9\u8981\u6c42\u5370\u65b9\u4e25\u60e9\u8087\u4e8b\u4eba\uff0c\u4e25\u683c\u7ba1\u675f\u4e00\u7ebf\u90e8\u961f\uff0c\u786e\u4fdd\u6b64\u7c7b\u4e8b\u4ef6\u4e0d\u518d\u53d1\u751f\u3002", "events": [], "arguments": {"time": [], "loc": [], "country": [], "weapon": []}}, {"sentence": "\u51b2\u7a81\u53d1\u751f\u540e\uff0c\u4e2d\u5370\u53cc\u65b9\u901a\u8fc7\u519b\u4e8b\u548c\u5916\u4ea4\u6e20\u9053\u8fdb\u884c\u4e86\u6c9f\u901a\u534f\u8c03\u3002", "events": [{"trigger": {"text": "\u8fdb\u884c\u4e86", "offset": 19, "length": 3}, "subject": {"text": "\u51b2\u7a81\u53d1\u751f\u540e\uff0c\u4e2d\u5370\u53cc\u65b9\u901a\u8fc7\u519b\u4e8b\u548c\u5916\u4ea4\u6e20\u9053", "offset": 0, "length": 19}, "object": {"text": "\u6c9f\u901a\u534f\u8c03", "offset": 22, "length": 4}}], "arguments": {"time": [], "loc": [], "country": [], "weapon": []}}, {"sentence": "\u4e24\u56fd\u5916\u957f\u901a\u7535\u8bdd\uff0c\u5c31\u516c\u6b63\u5904\u7406\u52a0\u52d2\u4e07\u6cb3\u8c37\u51b2\u7a81\u3001\u63a8\u52a8\u73b0\u5730\u5c40\u52bf\u964d\u6e29\u8fbe\u6210\u4e00\u81f4\u610f\u89c1\u3002", "events": [{"trigger": {"text": "\u516c\u6b63\u5904\u7406", "offset": 9, "length": 4}, "subject": {"text": "\u4e24\u56fd\u5916\u957f\u901a\u7535\u8bdd", "offset": 0, "length": 7}, "object": {"text": "\u52a0\u52d2\u4e07\u6cb3\u8c37\u51b2\u7a81", "offset": 13, "length": 7}}], "arguments": {"time": [], "loc": [], "country": [], "weapon": []}}, {"sentence": "\u4e24\u56fd\u9632\u957f\u901a\u7535\u8bdd\u6b63\u5728\u534f\u5546\u4e2d\uff0c\u53cc\u65b9\u4e8e6\u670822\u65e5\u4e3e\u884c\u7b2c\u4e8c\u6b21\u519b\u957f\u7ea7\u4f1a\u6664\uff0c\u5c31\u7ba1\u63a7\u7d27\u5f20\u5c40\u52bf\u3001\u7ef4\u62a4\u8fb9\u5883\u5730\u533a\u548c\u5e73\u7a33\u5b9a\u6df1\u5165\u4ea4\u6362\u610f\u89c1\u3002", "events": [], "arguments": {"time": [], "loc": [], "country": [], "weapon": []}}, {"sentence": "\u4e2d\u5370\u4e92\u4e3a\u91cd\u8981\u90bb\u56fd\uff0c\u7ef4\u62a4\u8fb9\u5883\u5730\u533a\u548c\u5e73\u4e0e\u5b89\u5b81\u7b26\u5408\u53cc\u65b9\u7684\u5171\u540c\u5229\u76ca\uff0c\u9700\u8981\u53cc\u65b9\u7684\u5171\u540c\u52aa\u529b\u3002", "events": [], "arguments": {"time": [], "loc": [], "country": [], "weapon": []}}, {"sentence": "\u6211\u4eec\u5e0c\u671b\u5370\u65b9\u4e0e\u4e2d\u65b9\u76f8\u5411\u800c\u884c\uff0c\u5207\u5b9e\u843d\u5b9e\u4e24\u56fd\u9886\u5bfc\u4eba\u91cd\u8981\u5171\u8bc6\uff0c\u4e25\u683c\u9075\u5b88\u53cc\u65b9\u8fbe\u6210\u7684\u534f\u5b9a\u534f\u8bae\uff0c\u7ee7\u7eed\u901a\u8fc7\u5404\u5c42\u7ea7\u5bf9\u8bdd\u4e0e\u8c08\u5224\u59a5\u5584\u89e3\u51b3\u6709\u5173\u95ee\u9898\uff0c\u5171\u540c\u4e3a\u7f13\u548c\u8fb9\u5883\u5730\u533a\u5c40\u52bf\u3001\u7ef4\u62a4\u8fb9\u5883\u5730\u533a\u548c\u5e73\u7a33\u5b9a\u4f5c\u51fa\u79ef\u6781\u52aa\u529b\u3002", "events": [], "arguments": {"time": [], "loc": [], "country": [], "weapon": []}}]