[{"sentence": "\u7f8e\u519b\u4e00\u67b6F-16\u6218\u6597\u673a\u591c\u8bad\u65f6\u5760\u6bc1\u00a0\u73b0\u573a\u706b\u5149\u51b2\u5929", "events": [{"trigger": {"text": "\u5760\u6bc1", "offset": 14, "length": 2}, "subject": {"text": "\u7f8e\u519b", "offset": 0, "length": 2}, "object": {"text": "\u4e00\u67b6F-16\u6218\u6597\u673a", "offset": 2, "length": 9}}], "arguments": {"time": [], "loc": [], "country": [], "weapon": [{"text": "F-16\u6218\u6597\u673a", "offset": 4, "length": 7}]}}, {"sentence": "\u3010\u73af\u7403\u7f51\u62a5\u9053 \u8bb0\u8005 \u5f90\u7490\u660e\u3011", "events": [], "arguments": {"time": [], "loc": [], "country": [], "weapon": []}}, {"sentence": "\u636e\u7f8e\u56fd\u300a\u661f\u6761\u65d7\u62a5\u300b7\u67081\u65e5\u62a5\u9053\uff0c\u5f53\u5730\u65f6\u95f46\u670830\u65e5\u665a\u95f4\uff0c\u4e00\u67b6\u7f8e\u56fd\u7a7a\u519b\u7684F-16\u6218\u6597\u673a\u5728\u5357\u5361\u7f57\u6765\u7eb3\u5dde\u7684\u8096\u5c14\u7a7a\u519b\u57fa\u5730\u5760\u6bc1\uff0c\u5f53\u65f6\u8be5\u673a\u6b63\u5728\u6267\u884c\u4f8b\u884c\u8bad\u7ec3\u4efb\u52a1\u3002", "events": [], "arguments": {"time": [{"text": "6\u670830\u65e5", "offset": 20, "length": 5}], "loc": [{"text": "\u5357\u5361\u7f57\u6765\u7eb3\u5dde\u7684\u8096\u5c14\u7a7a\u519b\u57fa\u5730", "offset": 43, "length": 13}], "country": [{"text": "\u7f8e\u56fd", "offset": 30, "length": 2}], "weapon": [{"text": "F-16\u6218\u6597\u673a", "offset": 35, "length": 7}]}}, {"sentence": "\u62a5\u9053\u79f0\uff0c\u8fd9\u67b6\u6218\u6597\u673a\u96b6\u5c5e\u4e8e\u7b2c20\u6218\u6597\u673a\u8054\u961f\uff0c\u673a\u4e0a\u53ea\u6709\u4e00\u540d\u98de\u884c\u5458\u3002", "events": [], "arguments": {"time": [], "loc": [], "country": [], "weapon": []}}, {"sentence": "\u8be5\u673a\u4e8e\u665a\u4e0a11\u70b930\u5206\u5de6\u53f3\u5760\u6bc1\uff0c\u8096\u5c14\u7a7a\u519b\u57fa\u5730\u7684\u5e94\u6025\u4eba\u5458\u7acb\u5373\u8d76\u5230\u73b0\u573a\uff0c\u76ee\u524d\u4e8b\u6545\u539f\u56e0\u548c\u98de\u884c\u72b6\u51b5\u8fd8\u5c1a\u4e0d\u6e05\u695a\u3002", "events": [], "arguments": {"time": [], "loc": [], "country": [], "weapon": []}}]