[{"sentence": "\u4fc4\u552f\u4e00\u822a\u6bcd\u5e93\u5179\u6d85\u4f50\u592b\u53f7\u6700\u65b0\u72b6\u51b5\u66dd\u5149\uff0c\u5c06\u57282022\u5e74\u8fdb\u884c\u6d77\u8bd5", "events": [], "arguments": {"time": [], "loc": [], "country": [], "weapon": [{"text": "\u822a\u6bcd\u5e93\u5179\u6d85\u4f50\u592b\u53f7", "offset": 3, "length": 8}]}}, {"sentence": "\u3010\u73af\u7403\u7f51\u62a5\u9053 \u8bb0\u8005 \u5f90\u7490\u660e\u3011", "events": [], "arguments": {"time": [], "loc": [], "country": [], "weapon": []}}, {"sentence": "\u636e\u4fc4\u7f57\u65af\u5854\u65af\u793e12\u67084\u65e5\u62a5\u9053\uff0c\u4fc4\u7f57\u65af\u8054\u5408\u9020\u8239\u96c6\u56e2\u7684\u4e00\u540d\u6d88\u606f\u4eba\u58eb\u8868\u793a\uff0c\u4fc4\u6d77\u519b\u201c\u5e93\u5179\u6d85\u4f50\u592b\u201d\u53f7\u822a\u6bcd\u5c06\u57282022\u5e74\u8fdb\u884c\u6d77\u4e0a\u6d4b\u8bd5\u3002", "events": [], "arguments": {"time": [], "loc": [], "country": [], "weapon": [{"text": "\u201c\u5e93\u5179\u6d85\u4f50\u592b\u201d\u53f7\u822a\u6bcd", "offset": 37, "length": 10}]}}, {"sentence": "\u201c\u660e\u5e74\u590f\u5929\uff0c\u2018\u5e93\u5179\u6d85\u4f50\u592b\u2019\u53f7\u6d77\u519b\u4e0a\u5c06\u53f7\u5c06\u518d\u6b21\u505c\u9760\u7801\u5934\uff0c\u7136\u540e\u57282022\u5e74\u5f00\u59cb\u6d77\u4e0a\u8bd5\u822a\uff0c\u201d\u8be5\u6d88\u606f\u4eba\u58eb\u8bf4\u3002", "events": [], "arguments": {"time": [], "loc": [], "country": [], "weapon": [{"text": "\u2018\u5e93\u5179\u6d85\u4f50\u592b\u2019\u53f7\u6d77\u519b\u4e0a\u5c06\u53f7", "offset": 6, "length": 13}]}}, {"sentence": "\u4f46\u4ed6\u6ca1\u6709\u5177\u4f53\u8bf4\u660e\u8fd9\u8258\u822a\u6bcd\u5728\u53bb\u5e74\u53d1\u751f\u8d77\u706b\u4e8b\u6545\u540e\u7684\u7ef4\u4fee\u8fdb\u5ea6\u3002", "events": [], "arguments": {"time": [], "loc": [], "country": [], "weapon": [{"text": "\u822a\u6bcd", "offset": 10, "length": 2}]}}, {"sentence": "\u201c\u5e93\u5179\u6d85\u4f50\u592b\u201d\u53f7\u822a\u6bcd", "events": [], "arguments": {"time": [], "loc": [], "country": [], "weapon": [{"text": "\u201c\u5e93\u5179\u6d85\u4f50\u592b\u201d\u53f7\u822a\u6bcd", "offset": 0, "length": 10}]}}, {"sentence": "2019\u5e7412\u6708\uff0c\u201c\u5e93\u5179\u6d85\u4f50\u592b\u201d\u53f7\u822a\u6bcd\u5728\u6469\u5c14\u66fc\u65af\u514b\u8fdb\u884c\u7ef4\u4fee\u65f6\u53d1\u751f\u706b\u707e\u3002", "events": [], "arguments": {"time": [], "loc": [], "country": [], "weapon": [{"text": "\u201c\u5e93\u5179\u6d85\u4f50\u592b\u201d\u53f7\u822a\u6bcd", "offset": 9, "length": 10}]}}, {"sentence": "\u636e\u5f53\u65f6\u5e94\u6025\u7ba1\u7406\u90e8\u95e8\u7684\u62a5\u544a\uff0c\u706b\u707e\u53ef\u80fd\u662f\u7531\u4e8e\u5de5\u4eba\u5728\u4f5c\u4e1a\u65f6\u8fdd\u53cd\u4e86\u5b89\u5168\u89c4\u5b9a\u800c\u5f15\u8d77\u7684\u3002", "events": [], "arguments": {"time": [], "loc": [], "country": [], "weapon": []}}, {"sentence": "\u8230\u4e0a\u7ea6500\u5e73\u65b9\u7c73\u7684\u9762\u79ef\u88ab\u70e7\uff0c\u4e8b\u6545\u5bfc\u81f42\u4eba\u6b7b\u4ea1\u300114\u4eba\u53d7\u4f24\u3002", "events": [], "arguments": {"time": [], "loc": [], "country": [], "weapon": []}}, {"sentence": "\u201c\u5e93\u5179\u6d85\u4f50\u592b\u201d\u53f7\u822a\u6bcd\u662f\u4fc4\u7f57\u65af\u552f\u4e00\u73b0\u5f79\u822a\u6bcd\uff0c\u8be5\u8230\u5728\u7ed3\u675f\u5728\u7ed3\u675f\u53c2\u4e0e\u5bf9\u53d9\u5229\u4e9a\u519b\u4e8b\u884c\u52a8\u540e\uff0c\u4e8e2017\u5e74\u8fdb\u884c\u8239\u575e\u7ef4\u4fee\u3002", "events": [], "arguments": {"time": [], "loc": [], "country": [], "weapon": [{"text": "\u201c\u5e93\u5179\u6d85\u4f50\u592b\u201d\u53f7\u822a\u6bcd", "offset": 0, "length": 10}]}}, {"sentence": "2018\u5e7410\u670830\u65e5\uff0c\u822a\u6bcd\u5165\u6c34\u4f5c\u4e1a\u671f\u95f4\u8239\u575e\u8d77\u91cd\u673a\u5012\u584c\u7838\u4e2d\u8239\u4f53\u3002", "events": [], "arguments": {"time": [], "loc": [], "country": [], "weapon": [{"text": "\u822a\u6bcd", "offset": 12, "length": 2}]}}, {"sentence": "2019\u5e7412\u670812\u65e5\uff0c\u822a\u6bcd\u53c8\u53d1\u751f\u706b\u707e\u4e8b\u6545\u3002", "events": [], "arguments": {"time": [], "loc": [], "country": [], "weapon": [{"text": "\u822a\u6bcd", "offset": 12, "length": 2}]}}, {"sentence": "\u4fc4\u7f57\u65af\u8054\u5408\u9020\u8239\u96c6\u56e2\u603b\u7ecf\u7406\u62c9\u8d6b\u9a6c\u8bfa\u592b\u6b64\u524d\u5728\u201c\u519b\u961f-2020\u201d\u8bba\u575b\u671f\u95f4\u63a5\u53d7\u5a92\u4f53\u91c7\u8bbf\u65f6\u8868\u793a\uff0c\u8be5\u96c6\u56e2\u5df2\u5b8c\u6210\u5bf9\u201c\u5e93\u5179\u6d85\u4f50\u592b\u6d77\u519b\u4e0a\u5c06\u201d\u53f7\u822a\u7a7a\u6bcd\u8230\u706b\u707e\u635f\u5931\u91d1\u989d\u7684\u8bc4\u4f30\uff0c\u7ef4\u4fee\u8be5\u8230\u5c06\u8017\u8d443-3.5\u4ebf\u5362\u5e03\uff08\u7ea6\u5408400.9\u4e07-467.7\u4e07\u7f8e\u5143\uff09\u3002", "events": [], "arguments": {"time": [], "loc": [], "country": [], "weapon": [{"text": "\u201c\u5e93\u5179\u6d85\u4f50\u592b\u6d77\u519b\u4e0a\u5c06\u201d\u53f7\u822a\u7a7a\u6bcd\u8230", "offset": 50, "length": 16}]}}]