[{"sentence": "\u63a5\u8fde\u5728\u83f2\u5f8b\u5bbe\u6d77\u8fdb\u884c\u53cc\u822a\u6bcd\u6f14\u4e60\uff0c\u7f8e\u56fd\u60f3\u5e72\u5565", "events": [{"trigger": {"text": "\u63a5\u8fde", "offset": 0, "length": 2}, "subject": {"text": "\u7f8e\u56fd", "offset": 15, "length": 2}, "object": {"text": "\u5728\u83f2\u5f8b\u5bbe\u6d77\u8fdb\u884c\u53cc\u822a\u6bcd\u6f14\u4e60", "offset": 2, "length": 12}}], "arguments": {"time": [], "loc": [{"text": "\u83f2\u5f8b\u5bbe\u6d77", "offset": 3, "length": 4}], "country": [{"text": "\u83f2\u5f8b\u5bbe", "offset": 3, "length": 3}, {"text": "\u7f8e\u56fd", "offset": 15, "length": 2}], "weapon": []}}, {"sentence": "\u3010\u73af\u7403\u65f6\u62a5\u7279\u7ea6\u8bb0\u8005 \u9b4f\u4e91\u5cf0 \u73af\u7403\u65f6\u62a5\u8bb0\u8005 \u9a6c\u4fca\u3011", "events": [], "arguments": {"time": [], "loc": [], "country": [], "weapon": []}}, {"sentence": "\u7f8e\u56fd\u6d77\u519b\u8fd1\u5e74\u7f55\u89c1\u7684\u53cc\u822a\u6bcd\u6f14\u4e60\u521a\u5728\u83f2\u5f8b\u5bbe\u6d77\u7ed3\u675f\uff0c\u7b2c\u4e8c\u8f6e\u53cc\u822a\u6bcd\u6f14\u4e60\u7acb\u5373\u53c8\u5728\u540c\u4e00\u6d77\u57df\u5c55\u5f00\u3002", "events": [], "arguments": {"time": [], "loc": [], "country": [], "weapon": []}}, {"sentence": "\u8fd9\u79cd\u8fde\u8f74\u8f6c\u7684\u52b2\u5934\u8ba9\u7f8e\u56fd\u300a\u661f\u6761\u65d7\u62a5\u300b6\u670829\u65e5\u611f\u53f9\u79f0\u201c\u6b64\u524d\u4ece\u672a\u6709\u8fc7\u201d\u3002", "events": [], "arguments": {"time": [], "loc": [], "country": [], "weapon": []}}, {"sentence": "\u4e2d\u56fd\u6d77\u519b\u4e13\u5bb6\u674e\u67706\u670830\u65e5\u63a5\u53d7\u300a\u73af\u7403\u65f6\u62a5\u300b\u8bb0\u8005\u91c7\u8bbf\u65f6\u8868\u793a\uff0c\u7f8e\u56fd\u5728\u5357\u6d77\u9644\u8fd1\u51fa\u52a8\u5f53\u524d\u4e9a\u592a\u5730\u533a\u7684\u5168\u90e83\u8258\u822a\u6bcd\u63a5\u529b\u641e\u201c\u53cc\u822a\u6bcd\u6f14\u4e60\u201d\uff0c\u76ee\u7684\u4e0d\u4ec5\u662f\u8981\u5411\u4e2d\u56fd\u793a\u5a01\uff0c\u800c\u4e14\u4e5f\u8bd5\u56fe\u5411\u5468\u8fb9\u70ab\u8000\u6b66\u529b\uff0c\u8868\u793a\u201c\u7f8e\u519b\u5e76\u672a\u79bb\u5f00\u201d\u3002", "events": [], "arguments": {"time": [{"text": "6\u670830\u65e5", "offset": 8, "length": 5}], "loc": [], "country": [], "weapon": []}}, {"sentence": "\u4ec5\u4ec5\u65f6\u9694\u4e00\u5468", "events": [], "arguments": {"time": [], "loc": [], "country": [], "weapon": []}}, {"sentence": "\u300a\u661f\u6761\u65d7\u62a5\u300b\u79f0\uff0c\u6839\u636e\u7f8e\u56fd\u6d77\u519b\u53d1\u8868\u7684\u58f0\u660e\uff0c\u201c\u5c3c\u7c73\u5179\u201d\u53f7\u548c\u201c\u91cc\u6839\u201d\u53f7\u822a\u6bcd\u4e8e6\u670828\u65e5\u5728\u83f2\u5f8b\u5bbe\u6d77\u5f00\u59cb\u201c\u53cc\u822a\u6bcd\u7efc\u5408\u6f14\u7ec3\u201d\uff0c\u5c55\u793a\u201c\u5927\u89c4\u6a21\u4f5c\u6218\u80fd\u529b\u201d\u3002", "events": [], "arguments": {"time": [], "loc": [], "country": [], "weapon": [{"text": "\u201c\u5c3c\u7c73\u5179\u201d\u53f7", "offset": 20, "length": 6}, {"text": "\u201c\u91cc\u6839\u201d\u53f7\u822a\u6bcd", "offset": 27, "length": 7}]}}, {"sentence": "\u8fd9\u662f\u65f6\u9694\u4e00\u5468\uff0c\u7f8e\u56fd\u6d77\u519b\u5728\u540c\u4e00\u6d77\u57df\u8fdb\u884c\u7684\u7b2c\u4e8c\u8f6e\u53cc\u822a\u6bcd\u6f14\u4e60\u3002", "events": [], "arguments": {"time": [], "loc": [], "country": [], "weapon": []}}, {"sentence": "6\u670821\u65e5\uff0c\u7f8e\u519b\u201c\u5c3c\u7c73\u5179\u201d\u53f7\u4e0e\u201c\u7f57\u65af\u798f\u201d\u53f7\u822a\u6bcd\u4e5f\u5728\u8be5\u6d77\u57df\u4e3e\u884c\u6f14\u4e60\u3002", "events": [], "arguments": {"time": [], "loc": [], "country": [], "weapon": [{"text": "\u201c\u5c3c\u7c73\u5179\u201d\u53f7", "offset": 8, "length": 6}, {"text": "\u201c\u7f57\u65af\u798f\u201d\u53f7\u822a\u6bcd", "offset": 15, "length": 8}]}}, {"sentence": "\u62a5\u9053\u63d0\u5230\uff0c\u5373\u4fbf\u5bf9\u4e8e\u62e5\u670911\u8258\u822a\u6bcd\u7684\u7f8e\u56fd\u6d77\u519b\u800c\u8a00\uff0c\u53cc\u822a\u6bcd\u6f14\u4e60\u4e5f\u76f8\u5f53\u7f55\u89c1\u3002", "events": [], "arguments": {"time": [], "loc": [], "country": [], "weapon": []}}, {"sentence": "\u201c\u867d\u7136\u7f8e\u56fd\u6d77\u519b\u540c\u65f6\u5728\u592a\u5e73\u6d0b\u90e8\u7f72\u4e24\u8258\u6216\u66f4\u591a\u822a\u6bcd\u7684\u60c5\u51b5\u5e76\u4e0d\u7f55\u89c1\uff0c\u4f46\u5b83\u4eec\u901a\u5e38\u662f\u5404\u81ea\u72ec\u7acb\u8fd0\u4f5c\u201d\u3002", "events": [], "arguments": {"time": [], "loc": [], "country": [], "weapon": [{"text": "\u822a\u6bcd", "offset": 20, "length": 2}]}}, {"sentence": "\u6309\u7167\u7f8e\u56fd\u7b2c\u4e03\u8230\u961f\u53d1\u8a00\u4eba\u4e54\u00b7\u57fa\u5229\u7684\u8bf4\u6cd5\uff0c6\u670828\u65e5\u7684\u53cc\u822a\u6bcd\u6f14\u4e60\u662f\u81ea2001\u5e74\u4ee5\u6765\u7f8e\u56fd\u6d77\u519b\u5728\u5370\u5ea6\u6d0b-\u592a\u5e73\u6d0b\u5730\u533a\u8fdb\u884c\u7684\u7b2c\u4e03\u6b21\u540c\u7c7b\u884c\u52a8\u3002", "events": [], "arguments": {"time": [], "loc": [], "country": [], "weapon": []}}, {"sentence": "\u300a\u661f\u6761\u65d7\u62a5\u300b\u79f0\uff0c\u867d\u71362017\u5e74\u201c\u5c3c\u7c73\u5179\u201d\u53f7\u3001\u201c\u91cc\u6839\u201d\u53f7\u548c\u201c\u7f57\u65af\u798f\u201d\u53f7\u66fe\u4e00\u8d77\u53c2\u52a0\u6f14\u4e60\uff0c\u4f46\u8fd8\u4ece\u6765\u6ca1\u6709\u51fa\u73b0\u8fc7\u53cc\u822a\u6bcd\u6f14\u4e60\u8fde\u8f74\u8f6c\u7684\u60c5\u51b5\u3002", "events": [], "arguments": {"time": [], "loc": [], "country": [], "weapon": [{"text": "\u201c\u5c3c\u7c73\u5179\u201d\u53f7", "offset": 15, "length": 6}, {"text": "\u201c\u91cc\u6839\u201d\u53f7", "offset": 22, "length": 5}, {"text": "\u201c\u7f57\u65af\u798f\u201d\u53f7", "offset": 28, "length": 6}]}}, {"sentence": "\u7f8e\u56fd\u300a\u5916\u4ea4\u5b66\u8005\u300b\u7f51\u7ad96\u670830\u65e5\u79f0\uff0c\u6b64\u524d\u53d7\u65b0\u51a0\u75ab\u60c5\u7684\u5f71\u54cd\uff0c\u7f8e\u56fd\u822a\u6bcd\u7f3a\u5e2d\u5370\u5ea6\u6d0b-\u592a\u5e73\u6d0b\u5730\u533a\u7684\u60c5\u51b5\u66fe\u6301\u7eed\u4e86\u4e24\u4e2a\u591a\u6708\u3002", "events": [], "arguments": {"time": [], "loc": [], "country": [], "weapon": [{"text": "\u822a\u6bcd", "offset": 30, "length": 2}]}}, {"sentence": "\u201c\u4e2d\u56fd\u6d77\u519b\u5229\u7528\u7f8e\u822a\u6bcd\u7a7a\u7f3a\u671f\u52a0\u5f3a\u6d3b\u52a8\uff0c\u4f5c\u4e3a\u56de\u5e94\uff0c\u7f8e\u6d77\u519b\u51fa\u52a8\u524d\u6cbf\u90e8\u7f72\u7684\u5168\u90e84\u8258\u6838\u6f5c\u8247\uff0c\u5e76\u52a0\u5f3a\u4e86\u5de1\u6d0b\u8230\u548c\u9a71\u9010\u8230\u7684\u2018\u81ea\u7531\u822a\u884c\u2019\u884c\u52a8\u201d\u3002", "events": [], "arguments": {"time": [], "loc": [], "country": [], "weapon": [{"text": "\u6838\u6f5c\u8247", "offset": 37, "length": 3}, {"text": "\u5de1\u6d0b\u8230", "offset": 45, "length": 3}, {"text": "\u9a71\u9010\u8230", "offset": 49, "length": 3}]}}, {"sentence": "\u5982\u4eca\u6062\u590d\u822a\u6bcd\u8fd0\u4f5c\u7684\u7f8e\u56fd\u6d77\u519b\u5728\u58f0\u660e\u4e2d\u5f3a\u8c03\uff0c\u201c\u7f8e\u56fd\u6d77\u519b\u5df2\u51c6\u5907\u5c31\u7eea\u5e76\u4fdd\u6301\u5168\u7403\u90e8\u7f72\u3002", "events": [], "arguments": {"time": [], "loc": [], "country": [], "weapon": [{"text": "\u822a\u6bcd", "offset": 4, "length": 2}]}}, {"sentence": "\u201d", "events": [], "arguments": {"time": [], "loc": [], "country": [], "weapon": []}}, {"sentence": "\u201c\u91cc\u6839\u201d\u53f7\u822a\u6bcd\u6218\u6597\u7fa4\u6307\u6325\u5b98\u4e54\u6cbb\u00b7\u7ef4\u79d1\u592b\u8868\u793a\uff1a\u201c\u6211\u4eec\u79ef\u6781\u5bfb\u6c42\u4e00\u5207\u673a\u4f1a\u63d0\u9ad8\u548c\u52a0\u5f3a\u6211\u4eec\u5728\u5168\u57df\u4f5c\u6218\u7684\u80fd\u529b\u548c\u719f\u7ec3\u7a0b\u5ea6\u3002", "events": [], "arguments": {"time": [], "loc": [], "country": [], "weapon": [{"text": "\u201c\u91cc\u6839\u201d\u53f7\u822a\u6bcd\u6218\u6597\u7fa4", "offset": 0, "length": 10}]}}, {"sentence": "\u53cc\u822a\u6bcd\u884c\u52a8\u5c55\u793a\u4e86\u6211\u4eec\u5bf9\u5730\u533a\u76df\u53cb\u7684\u627f\u8bfa\u3001\u6211\u4eec\u5728\u5370\u5ea6\u6d0b-\u592a\u5e73\u6d0b\u5730\u533a\u7684\u5feb\u901f\u5927\u89c4\u6a21\u4f5c\u6218\u80fd\u529b\uff0c\u4ee5\u53ca\u6211\u4eec\u51c6\u5907\u597d\u5e94\u5bf9\u6311\u6218\u652f\u6301\u5730\u533a\u7a33\u5b9a\u7684\u56fd\u9645\u51c6\u5219\u7684\u5bf9\u624b\u3002", "events": [], "arguments": {"time": [], "loc": [], "country": [], "weapon": []}}, {"sentence": "\u201d", "events": [], "arguments": {"time": [], "loc": [], "country": [], "weapon": []}}, {"sentence": "\u53cc\u822a\u6bcd\u6218\u6597\u7fa4\u662f\u4ec0\u4e48\u914d\u5907", "events": [], "arguments": {"time": [], "loc": [], "country": [], "weapon": [{"text": "\u53cc\u822a\u6bcd\u6218\u6597\u7fa4", "offset": 0, "length": 6}]}}, {"sentence": "\u636e\u4ecb\u7ecd\uff0c\u53cc\u822a\u6bcd\u6218\u6597\u7fa4\u662f\u7f8e\u56fd\u6d77\u519b\u5e94\u5bf9\u4e2d\u7b49\u5730\u533a\u5a01\u80c1\u65f6\u7684\u6807\u51c6\u914d\u5907\uff0c\u5728\u5e94\u5bf9\u5730\u533a\u5c40\u52bf\u65f6\u66f4\u7075\u6d3b\u548c\u66f4\u6709\u5a01\u6151\u529b\u3002", "events": [], "arguments": {"time": [], "loc": [], "country": [], "weapon": [{"text": "\u53cc\u822a\u6bcd\u6218\u6597\u7fa4", "offset": 4, "length": 6}]}}, {"sentence": "\u4e2d\u56fd\u6d77\u519b\u4e13\u5bb6\u674e\u6770\u4ecb\u7ecd\u8bf4\uff0c\u7f8e\u56fd\u63a5\u8fde\u4e3e\u884c\u53cc\u822a\u6bcd\u6f14\u4e60\uff0c\u5c24\u5176\u662f\u201c\u5c3c\u7c73\u5179\u201d\u53f7\u9a6c\u4e0d\u505c\u8e44\u5730\u201c\u8fde\u8d76\u4e24\u573a\u201d\uff0c\u5bf9\u822a\u6bcd\u672c\u8eab\u7684\u6218\u5907\u503c\u73ed\u60c5\u51b5\u548c\u4eba\u5458\u7d20\u8d28\u90fd\u63d0\u51fa\u8f83\u9ad8\u8981\u6c42\u3002", "events": [], "arguments": {"time": [], "loc": [], "country": [], "weapon": [{"text": "\u201c\u5c3c\u7c73\u5179\u201d\u53f7", "offset": 27, "length": 6}]}}, {"sentence": "\u6839\u636e\u7f8e\u56fd\u6d77\u519b\u7684\u8bf4\u6cd5\uff0c\u53cc\u822a\u6bcd\u6f14\u4e60\u79d1\u76ee\u5305\u62ec\u8054\u5408\u9632\u7a7a\u3001\u6d77\u4e0a\u76d1\u89c6\u3001\u6d77\u4e0a\u8865\u7ed9\u3001\u9632\u5fa1\u6027\u7a7a\u6218\u8bad\u7ec3\u3001\u8fdc\u7a0b\u6253\u51fb\u7b49\u3002", "events": [], "arguments": {"time": [], "loc": [], "country": [], "weapon": []}}, {"sentence": "\u7f8e\u6d77\u519b\u4e3e\u884c\u5982\u6b64\u590d\u6742\u7684\u6f14\u4e60\uff0c\u663e\u7136\u6709\u610f\u5bf9\u5916\u5c55\u793a\u201c\u65b0\u51a0\u75ab\u60c5\u5e76\u6ca1\u6709\u5bf9\u7f8e\u56fd\u6d77\u519b\u7684\u4f5c\u6218\u80fd\u529b\u9020\u6210\u5f71\u54cd\u201d\u3002", "events": [], "arguments": {"time": [], "loc": [], "country": [], "weapon": []}}, {"sentence": "\u674e\u6770\u5206\u6790\u79f0\uff0c\u8fd9\u662f\u7f8e\u56fd\u6d77\u519b\u5f53\u524d\u90e8\u7f72\u5728\u4e9a\u592a\u5730\u533a\u76843\u8258\u822a\u6bcd\u7f55\u89c1\u7684\u96c6\u7ed3\uff0c\u5c31\u50cf\u8bf8\u591a\u5916\u5a92\u5206\u6790\u7684\u90a3\u6837\uff0c\u7f8e\u519b\u6b64\u4e3e\u5c31\u662f\u5411\u4e2d\u56fd\u6b66\u529b\u793a\u5a01\uff0c\u540c\u65f6\u4e5f\u5bf9\u5468\u8fb9\u5176\u4ed6\u56fd\u5bb6\u8868\u793a\u201c\u7f8e\u519b\u5e76\u672a\u79bb\u5f00\u201d\u3002", "events": [], "arguments": {"time": [], "loc": [], "country": [], "weapon": [{"text": "\u822a\u6bcd", "offset": 24, "length": 2}]}}, {"sentence": "\u4fc4\u7f57\u65af\u536b\u661f\u7f516\u670830\u65e5\u4e5f\u8ba4\u4e3a\uff0c\u7f8e\u56fd\u4e00\u76f4\u5e0c\u671b\u7528\u201c\u80e1\u841d\u535c\u52a0\u5927\u68d2\u201d\u7684\u653f\u7b56\u8ba9\u4e1c\u5357\u4e9a\u8131\u79bb\u4e2d\u56fd\u7684\u5f71\u54cd\uff0c\u800c\u5f3a\u5927\u7684\u822a\u6bcd\u6218\u6597\u7fa4\u662f\u6267\u884c\u8be5\u653f\u7b56\u7684\u5f97\u529b\u5de5\u5177\u3002", "events": [], "arguments": {"time": [], "loc": [], "country": [], "weapon": []}}, {"sentence": "\u793a\u5a01", "events": [], "arguments": {"time": [], "loc": [], "country": [], "weapon": []}}, {"sentence": "\u201c\u5c3c\u7c73\u5179\u201d\u53f7\u822a\u6bcd\u6218\u6597\u7fa4\u6307\u6325\u5b98\u8a79\u59c6\u65af\u00b7\u67ef\u514b\u57286\u670828\u65e5\u7684\u65b0\u95fb\u53d1\u5e03\u4f1a\u4e0a\u5f3a\u8c03\uff0c\u201c\u53ea\u6709\u7f8e\u56fd\u6d77\u519b\u624d\u80fd\u6574\u5408\u5982\u6b64\u89c4\u6a21\u7684\u822a\u6bcd\u6253\u51fb\u529b\u91cf\uff0c\u5e76\u59cb\u7ec8\u5982\u4e00\u5730\u6295\u5c04\u529b\u91cf\u4ee5\u4fdd\u62a4\u6d77\u6d0b\u81ea\u7531\u3002", "events": [], "arguments": {"time": [], "loc": [], "country": [], "weapon": [{"text": "\u201c\u5c3c\u7c73\u5179\u201d\u53f7\u822a\u6bcd\u6218\u6597\u7fa4", "offset": 0, "length": 11}]}}, {"sentence": "\u6765\u81ea\u5404\u5730\u76841\u4e07\u540d\u7f8e\u56fd\u6c34\u624b\u56e2\u7ed3\u884c\u52a8\uff0c\u4f7f\u6211\u4eec\u53ef\u4ee5\u65f6\u523b\u51c6\u5907\u5e94\u5bf9\u4efb\u4f55\u7a81\u53d1\u4e8b\u4ef6\u3002", "events": [], "arguments": {"time": [], "loc": [], "country": [], "weapon": []}}, {"sentence": "\u201d\u300a\u661f\u6761\u65d7\u62a5\u300b\u8ba4\u4e3a\uff0c\u8a79\u59c6\u65af\u00b7\u67ef\u514b\u8fd9\u756a\u8bdd\u663e\u7136\u610f\u6709\u6240\u6307\u3002", "events": [], "arguments": {"time": [], "loc": [], "country": [], "weapon": []}}, {"sentence": "\u6b64\u524d\u65e5\u672c\u5a92\u4f53\u731c\u6d4b\uff0c\u4e2d\u56fd\u6d77\u519b\u8ba1\u5212\u4e8e\u4eca\u5e74\u590f\u5b63\u5728\u5357\u6d77\u4e3e\u884c\u5927\u89c4\u6a21\u519b\u4e8b\u6f14\u4e60\uff0c\u201c\u6709\u53ef\u80fd\u4f1a\u540c\u65f6\u51fa\u52a8\u4e24\u8258\u822a\u6bcd\u201d\u3002", "events": [], "arguments": {"time": [], "loc": [], "country": [], "weapon": [{"text": "\u822a\u6bcd", "offset": 44, "length": 2}]}}, {"sentence": "\u674e\u6770\u8ba4\u4e3a\uff0c\u7f8e\u56fd\u6d77\u519b\u4e60\u60ef\u4e8e\u6446\u51fa\u201c\u529b\u538b\u5bf9\u624b\u201d\u7684\u5f3a\u6743\u52a8\u4f5c\u3002", "events": [], "arguments": {"time": [], "loc": [], "country": [], "weapon": []}}, {"sentence": "\u4ed6\u8868\u793a\uff0c\u5728\u7f8e\u56fd\u4eba\u770b\u6765\uff0c\u4e2d\u56fd\u73b0\u5f79\u4e24\u8258\u822a\u6bcd\u65e0\u8bba\u662f\u8f7d\u673a\u6570\u91cf\u8fd8\u662f\u5b9e\u9645\u4f5c\u6218\u80fd\u529b\uff0c\u90fd\u65e0\u6cd5\u4e0e\u7f8e\u56fd\u8d85\u7ea7\u822a\u6bcd\u76f8\u6bd4\u3002", "events": [], "arguments": {"time": [], "loc": [], "country": [], "weapon": []}}, {"sentence": "\u5982\u679c\u4e2d\u56fd\u5f53\u771f\u51fa\u52a8\u8fbd\u5b81\u8230\u548c\u5c71\u4e1c\u8230\u53c2\u52a0\u5357\u6d77\u6f14\u4e60\uff0c\u7f8e\u56fd\u6301\u7eed\u5728\u5357\u6d77\u9644\u8fd1\u641e\u53cc\u822a\u6bcd\u6f14\u4e60\uff0c\u4e0d\u4ec5\u53ef\u4ee5\u4fdd\u6301\u5bf9\u4e2d\u56fd\u7684\u6218\u7565\u5a01\u6151\uff0c\u800c\u4e14\u6b63\u597d\u5411\u5468\u8fb9\u5c55\u793a\u201c\u7f8e\u56fd\u822a\u6bcd\u6218\u6597\u529b\u66f4\u5f3a\u201d\u3002", "events": [], "arguments": {"time": [], "loc": [], "country": [], "weapon": [{"text": "\u8fbd\u5b81\u8230", "offset": 8, "length": 3}, {"text": "\u5c71\u4e1c\u8230", "offset": 12, "length": 3}, {"text": "\u822a\u6bcd", "offset": 65, "length": 2}]}}, {"sentence": "\u6709\u5206\u6790\u8ba4\u4e3a\uff0c\u968f\u7740\u4e2d\u56fd\u6d77\u519b\u7684\u5feb\u901f\u53d1\u5c55\uff0c\u7f8e\u56fd\u822a\u6bcd\u60f3\u5728\u4e2d\u56fd\u5468\u8fb9\u5c55\u793a\u201c\u5f3a\u52bf\u201d\u7684\u96be\u5ea6\u5c06\u8d8a\u6765\u8d8a\u5927\u3002", "events": [], "arguments": {"time": [], "loc": [], "country": [], "weapon": [{"text": "\u822a\u6bcd", "offset": 20, "length": 2}]}}, {"sentence": "\u4f5c\u4e3a\u57df\u5916\u56fd\u5bb6\uff0c\u7f8e\u519b\u5728\u5357\u6d77\u7684\u4ecb\u5165\uff0c\u53ea\u4f1a\u52a0\u5267\u5730\u533a\u7d27\u5f20\uff0c\u800c\u4e0d\u4f1a\u5e26\u6765\u548c\u5e73\u3002", "events": [], "arguments": {"time": [], "loc": [], "country": [], "weapon": []}}]