[{"sentence": "\u97e9\u56fd\u5411\u4e2d\u4e1c\u8fd0\u9001130\u4f59\u540d\u58eb\u5175\u00a0\u7528\u7684\u4e0d\u662f\u8fd0\u8f93\u673a\u800c\u662f\u52a0\u6cb9\u673a", "events": [{"trigger": {"text": "\u8fd0\u9001", "offset": 5, "length": 2}, "subject": {"text": "\u97e9\u56fd\u5411\u4e2d\u4e1c", "offset": 0, "length": 5}, "object": {"text": "130\u4f59\u540d\u58eb\u5175", "offset": 7, "length": 7}}], "arguments": {"time": [], "loc": [{"text": "\u4e2d\u4e1c", "offset": 3, "length": 2}], "country": [{"text": "\u97e9\u56fd", "offset": 0, "length": 2}], "weapon": [{"text": "\u8fd0\u8f93\u673a", "offset": 19, "length": 3}, {"text": "\u52a0\u6cb9\u673a", "offset": 24, "length": 3}]}}, {"sentence": "\u3010\u73af\u7403\u7f51\u519b\u4e8b\u62a5\u9053\u3011", "events": [], "arguments": {"time": [], "loc": [], "country": [], "weapon": []}}, {"sentence": "\u97e9\u8054\u793e6\u670830\u65e5\u62a5\u9053\uff0c\u97e9\u56fd\u56fd\u9632\u90e830\u65e5\u8868\u793a\uff0c\u5f53\u5929\u6d3e\u9063KC-330\u201c\u5929\u9e45\u201d\u7a7a\u4e2d\u52a0\u6cb9\u673a\u6267\u884c\u6d3e\u9a7b\u963f\u8054\u914b\u7684\u5144\u5f1f\u90e8\u961f\u7684\u8f6e\u6362\u4ea4\u63a5\u4efb\u52a1\u3002", "events": [], "arguments": {"time": [], "loc": [], "country": [], "weapon": [{"text": "KC-330\u201c\u5929\u9e45\u201d\u7a7a\u4e2d\u52a0\u6cb9\u673a", "offset": 26, "length": 15}]}}, {"sentence": "\u7a7a\u4e2d\u52a0\u6cb9\u673aKC-330\u5f53\u5929\u4e0a\u534810\u65f6\u642d\u8f7d\u5144\u5f1f\u90e8\u961f\u7b2c17\u68af\u961f130\u4f59\u4eba\u4ece\u4ec1\u5ddd\u56fd\u9645\u673a\u573a\u8d77\u98de\u8d74\u963f\u8054\u914b\u963f\u5e03\u624e\u6bd4\u963f\u5229\u592b\u519b\u7528\u673a\u573a\uff0c\u5230\u8fbe\u540e\u5c06\u63a5\u56de\u5728\u5f53\u5730\u6267\u884c\u4efb\u52a1\u7684\u7b2c16\u68af\u961f\uff0c\u8ba1\u5212\u4e8e\u4e0b\u67083\u65e5\u4e0a\u5348\u8fd4\u62b5\u4f4d\u4e8e\u4eac\u757f\u9053\u57ce\u5357\u5e02\u7684\u9996\u5c14\u673a\u573a\u3002", "events": [], "arguments": {"time": [{"text": "\u5f53\u5929\u4e0a\u534810\u65f6", "offset": 11, "length": 7}], "loc": [{"text": "\u963f\u8054\u914b\u963f\u5e03\u624e\u6bd4\u963f\u5229\u592b\u519b\u7528\u673a\u573a", "offset": 44, "length": 14}, {"text": "\u4eac\u757f\u9053\u57ce\u5357\u5e02\u7684\u9996\u5c14\u673a\u573a", "offset": 92, "length": 11}], "country": [], "weapon": [{"text": "\u7a7a\u4e2d\u52a0\u6cb9\u673aKC-330", "offset": 0, "length": 11}]}}, {"sentence": "\u4e3a\u9632\u8303\u65b0\u51a0\u75c5\u6bd2\u75ab\u60c5\uff0c\u7b2c17\u68af\u961f\u5728\u51fa\u53d1\u524d\u5df2\u63a5\u53d72\u5468\u9694\u79bb\u548c\u5b9e\u65f6\u805a\u5408\u9176\u94fe\u5f0f\u53cd\u5e94\uff08PCR\uff09\u68c0\u6d4b\uff0c\u5230\u8fbe\u5f53\u5730\u540e\u5c06\u4e58\u4e13\u8f66\u76f4\u63a5\u524d\u5f80\u9a7b\u624e\u5730\u3002", "events": [], "arguments": {"time": [], "loc": [], "country": [], "weapon": []}}, {"sentence": "\u7b2c16\u68af\u961f\u56de\u56fd\u540e\u4e5f\u5c06\u7acb\u5373\u63a5\u53d7\u68c0\u6d4b\u548c\u4e3a\u671f2\u5468\u7684\u9694\u79bb\u3002", "events": [], "arguments": {"time": [], "loc": [], "country": [], "weapon": []}}, {"sentence": "KC-330\u7a7a\u4e2d\u52a0\u6cb9\u673a\u4ee5\u6c11\u822a\u5ba2\u673a\u7a7a\u4e2d\u5ba2\u8f66A330-200\u4e3a\u57fa\u7840\u5236\u9020\uff0c\u4e3b\u8981\u7528\u4e8e\u7a7a\u4e2d\u52a0\u6cb9\uff0c\u5e76\u53ef\u642d\u8f7d300\u4f59\u4eba\u4e0e47\u5428\u8d27\u7269\uff0c\u6700\u5927\u7eed\u822a15320\u516c\u91cc\uff0c\u53ef\u4e0d\u7ecf\u505c\u76f4\u8fbe\u4e16\u754c\u5404\u5730\uff0c\u5fc5\u8981\u65f6\u53ef\u7528\u4e8e\u6d77\u5916\u516c\u6c11\u4e0e\u9a7b\u5916\u90e8\u961f\u7684\u8fd0\u9001\u4efb\u52a1\u3002", "events": [], "arguments": {"time": [], "loc": [], "country": [], "weapon": [{"text": "\u6c11\u822a\u5ba2\u673a\u7a7a\u4e2d\u5ba2\u8f66A330-200", "offset": 12, "length": 16}, {"text": "KC-330\u7a7a\u4e2d\u52a0\u6cb9\u673a", "offset": 0, "length": 11}, {"text": "\u7a7a\u4e2d\u5ba2\u8f66A330-200", "offset": 16, "length": 12}]}}, {"sentence": "\u97e9\u56fd\u56fd\u9632\u90e8\u4ecb\u7ecd\uff0cKC-330\u6bd4\u6c11\u822a\u5ba2\u673a\u66f4\u52a0\u8282\u7701\u7ecf\u8d39\uff0c\u4f5c\u6218\u80fd\u529b\u8f83\u5176\u4ed6\u7a7a\u4e2d\u52a0\u6cb9\u673a\u66f4\u52a0\u51fa\u8272\u3002", "events": [], "arguments": {"time": [], "loc": [], "country": [], "weapon": [{"text": "KC-330", "offset": 8, "length": 6}, {"text": "\u5ba2\u673a", "offset": 0, "length": 2}, {"text": "\u7a7a\u4e2d\u52a0\u6cb9\u673a", "offset": 33, "length": 5}]}}, {"sentence": "\u5e94\u963f\u8054\u914b\u65b9\u9762\u7684\u8981\u6c42\uff0c\u97e9\u56fd\u4e8e2011\u5e74\u5411\u8be5\u56fd\u6d3e\u9063\u5144\u5f1f\u90e8\u961f\u4e0e\u963f\u8054\u914b\u7279\u79cd\u5175\u8fdb\u884c\u8054\u5408\u6f14\u4e60\u3002", "events": [], "arguments": {"time": [], "loc": [], "country": [], "weapon": []}}, {"sentence": "\u8be5\u90e8\u961f\u8fd8\u4e3a\u963f\u8054\u914b\u519b\u6f14\u63d0\u4f9b\u652f\u63f4\uff0c\u540c\u65f6\u6267\u884c\u4fdd\u62a4\u5f53\u5730\u97e9\u56fd\u516c\u6c11\u7b49\u4efb\u52a1\u3002", "events": [], "arguments": {"time": [], "loc": [], "country": [], "weapon": []}}]