[{"sentence": "\u4e3a\u51cf\u5c11\u65b0\u51a0\u75c5\u6bd2\u4f20\u64ad\uff0c\u7f8e\u56fd\u6d77\u519b\u6269\u5927\u75c5\u6bd2\u68c0\u6d4b", "events": [{"trigger": {"text": "\u6269\u5927", "offset": 14, "length": 2}, "subject": {"text": "\u7f8e\u56fd\u6d77\u519b", "offset": 10, "length": 4}, "object": {"text": "\u75c5\u6bd2\u68c0\u6d4b", "offset": 16, "length": 4}}], "arguments": {"time": [], "loc": [], "country": [{"text": "\u7f8e\u56fd", "offset": 10, "length": 2}], "weapon": []}}, {"sentence": "\u3010\u73af\u7403\u7f51\u519b\u4e8b\u62a5\u9053\u3011", "events": [], "arguments": {"time": [], "loc": [], "country": [], "weapon": []}}, {"sentence": "\u636e\u300a\u7b80\u6c0f\u9632\u52a1\u5468\u520a\u300b\u7f51\u7ad96\u670825\u65e5\u62a5\u9053\uff0c\u7f8e\u56fd\u6d77\u519b\u5b98\u5458\u5728\u65b9\u5929\u7684\u4e00\u4efd\u58f0\u660e\u4e2d\u8868\u793a\uff0c\u5f97\u76ca\u4e8e\u65b0\u51a0\u75c5\u6bd2\u68c0\u6d4b\u80fd\u529b\u7684\u589e\u5f3a\uff0c\u7f8e\u56fd\u6d77\u519b\u5df2\u7ecf\u5f00\u53d1\u4e86\u4e00\u9879\u201c\u76d1\u89c6\u6d4b\u8bd5\u8ba1\u5212\u201d\uff0c\u65e8\u5728\u51cf\u5c11\u65b0\u51a0\u75c5\u6bd2\u5728\u90e8\u961f\u4e2d\u7684\u4f20\u64ad\uff0c\u5f00\u5c55\u201c\u65e0\u75c5\u6bd2\u201d\u7684\u90e8\u7f72\u548c\u5176\u4ed6\u884c\u52a8\u3002", "events": [{"trigger": {"text": "\u5df2\u7ecf\u5f00\u53d1\u4e86", "offset": 56, "length": 5}, "subject": {"text": "\u7f8e\u56fd\u6d77\u519b", "offset": 52, "length": 4}, "object": {"text": "\u4e00\u9879\u201c\u76d1\u89c6\u6d4b\u8bd5\u8ba1\u5212\u201d", "offset": 61, "length": 10}}], "arguments": {"time": [{"text": "6\u670825\u65e5", "offset": 11, "length": 5}], "loc": [], "country": [], "weapon": []}}, {"sentence": "\u622a\u6b62\u65e5\u524d\uff0c\u7f8e\u56fd\u6d77\u519b\u6700\u4e25\u91cd\u7684\u75ab\u60c5\u7206\u53d1\u53d1\u751f\u5728\u897f\u5965\u591a\u00b7\u7f57\u65af\u798f\u53f7\u822a\u7a7a\u6bcd\u8230\uff08CVN 71\uff09\u4e0a\uff0c\u7f8e\u56fd\u6d77\u519b\u62a5\u544a\u4e861273\u4f8b\u4e0e\u8be5\u8230\u76f8\u5173\u7684\u65b0\u51a0\u75c5\u6bd2\u9633\u6027\u75c5\u4f8b\u3002", "events": [], "arguments": {"time": [], "loc": [], "country": [], "weapon": [{"text": "\u897f\u5965\u591a\u00b7\u7f57\u65af\u798f\u53f7\u822a\u7a7a\u6bcd\u8230\uff08CVN 71\uff09", "offset": 20, "length": 20}]}}, {"sentence": "\u7f8e\u56fd\u6d77\u519b\u4f5c\u6218\u90e8\u52a9\u7406\u526f\u90e8\u957f\u6d77\u519b\u5c11\u5c06\u5361\u5c14\u00b7\u6258\u9a6c\u65af\uff08Karl Thomas\uff09\u4e3a\u6d77\u519b\u4f5c\u6218\u90e8\u52a9\u7406\u526f\u90e8\u957f\uff0c\u57286\u670825\u65e5\u7684\u4e00\u4efd\u58f0\u660e\u4e2d\u8bf4\uff0c\u7f8e\u56fd\u6d77\u519b\u4e3a\u4e86\u63a7\u5236\u65b0\u51a0\u75c5\u6bd2\u5728\u6574\u4e2a\u90e8\u961f\u4e2d\u7684\u4f20\u64ad\uff0c\u521b\u5efa\u65e0\u75c5\u6bd2\u533a\u57df\u3001\u5f00\u5c55\u65e0\u75c5\u6bd2\u6d3b\u52a8\uff0c\u5df2\u7ecf\u5f00\u53d1\u4e86\u4e00\u5957\u201c\u76d1\u89c6\u6d4b\u8bd5\u8ba1\u5212\u201d\uff0c\u76ee\u6807\u662f\u5728\u90e8\u961f\u90e8\u7f72\u524d\u548c\u90e8\u7f72\u671f\u95f4\uff0c\u5728\u90e8\u961f\u5468\u56f4\u5236\u9020\u4e00\u4e2a\u65e0\u75c5\u6bd2\u7684\u7a7a\u95f4\u3002", "events": [], "arguments": {"time": [], "loc": [], "country": [], "weapon": []}}, {"sentence": "\u73b0\u6709\u7684\u6d4b\u8bd5\u80fd\u529b\u53ef\u5728\u6574\u4e2a\u6d77\u519b\u8303\u56f4\u5185\u66f4\u5e7f\u6cdb\u5730\u63a8\u5e7f\u5b9e\u65bd\u3002", "events": [], "arguments": {"time": [], "loc": [], "country": [], "weapon": []}}, {"sentence": "\u540c\u65f6\uff0c\u8be5\u8ba1\u5212\u5c06\u5e2e\u52a9\u7f8e\u56fd\u519b\u79cd\u9886\u5bfc\u4eba\u4e86\u89e3\u75c5\u6bd2\u4f20\u8f93\u6a21\u5f0f\uff0c\u4ee5\u4fbf\u5728\u9700\u8981\u7684\u65f6\u5019\u8c03\u6574\u75ab\u60c5\u9632\u63a7\u6d41\u7a0b\u548c\u63aa\u65bd\u3002", "events": [], "arguments": {"time": [], "loc": [], "country": [], "weapon": []}}, {"sentence": "\u4e3a\u4e86\u5b9e\u73b0\u8fd9\u4e00\u76ee\u6807\uff0c\u7f8e\u56fd\u6d77\u519b\u5efa\u7acb\u4e86\u201c\u54e8\u7ad9\u76d1\u89c6\u6d4b\u8bd5\u201d\uff08SST\uff09\u6765\u68c0\u6d4b\u65e0\u75c7\u72b6\u7684\u73b0\u5f79\u519b\u4eba\uff0c\u8fd9\u5c06\u6709\u52a9\u4e8e\u90e8\u961f\u627e\u51fa\u611f\u67d3\u65b0\u51a0\u80ba\u708e\u7684\u6210\u5458\u3002", "events": [{"trigger": {"text": "\u5efa\u7acb\u4e86", "offset": 13, "length": 3}, "subject": {"text": "\u7f8e\u56fd\u6d77\u519b", "offset": 9, "length": 4}, "object": {"text": "\u201c\u54e8\u7ad9\u76d1\u89c6\u6d4b\u8bd5\u201d\uff08SST\uff09\u6765\u68c0\u6d4b\u65e0\u75c7\u72b6\u7684\u73b0\u5f79\u519b\u4eba", "offset": 16, "length": 24}}], "arguments": {"time": [], "loc": [], "country": [], "weapon": []}}, {"sentence": "\u4e0a\u8ff0\u4e3e\u63aa\u5c06\u5e2e\u52a9\u7f8e\u56fd\u6d77\u519b\u9884\u9632\u75ab\u60c5\u66b4\u53d1\uff0c\u540c\u65f6\u66f4\u597d\u53d1\u73b0\u4efb\u4f55\u6f5c\u5728\u7684\u7b2c\u4e8c\u6ce2\u611f\u67d3\u6216\u9632\u6b62\u75ab\u60c5\u7684\u6b7b\u7070\u590d\u71c3\u3002", "events": [], "arguments": {"time": [], "loc": [], "country": [], "weapon": []}}, {"sentence": "\u7f8e\u56fd\u6d77\u519b\u672a\u6765\u5c06\u5728\u4e24\u5468\u5185\u8fdb\u884c\u6d4b\u8bd5\u5e76\u6536\u96c6\u62a5\u544a\u3002", "events": [], "arguments": {"time": [], "loc": [], "country": [], "weapon": []}}, {"sentence": "\u636e\u7f8e\u56fd\u6d77\u519b\u6d88\u606f\uff0cSST\u7684\u7b2c\u4e00\u9636\u6bb5\u4e8e6\u670825\u65e5\u5f00\u59cb\u3002", "events": [], "arguments": {"time": [], "loc": [], "country": [], "weapon": [{"text": "SST", "offset": 8, "length": 3}]}}, {"sentence": "\u6b64\u524d\uff0c\u7f8e\u56fd\u6d77\u519b\u7684\u9884\u9632\u5de5\u4f5c\u4e3b\u8981\u96c6\u4e2d\u5728\u53ef\u4ee5\u90e8\u7f72\u7684\u3001\u6ca1\u6709\u51fa\u73b0\u611f\u67d3\u7684\u90e8\u961f\u4e2d\u3002", "events": [], "arguments": {"time": [], "loc": [], "country": [], "weapon": []}}, {"sentence": "\u7f8e\u56fd\u6d77\u519b\u5b98\u5458\u8bf4\uff0c\u73b0\u5728\u5df2\u7ecf\u6709\u8db3\u591f\u7684\u68c0\u6d4b\u80fd\u529b\uff0c\u80fd\u591f\u5728\u6d77\u519b\u4e2d\u66f4\u5e7f\u5730\u5b9e\u65bd\u9884\u9632\u63aa\u65bd\u3002", "events": [], "arguments": {"time": [], "loc": [], "country": [], "weapon": []}}, {"sentence": "\uff08\u6c88\u5a1f\uff09", "events": [], "arguments": {"time": [], "loc": [], "country": [], "weapon": []}}, {"sentence": "\uff08\u6c88\u5a1f\uff09", "events": [], "arguments": {"time": [], "loc": [], "country": [], "weapon": []}}]