[{"sentence": "\u65e5\u672c\u201c\u51fa\u4e91\u201d\u53f7\u6539\u88c5\u6210\u771f\u822a\u6bcd\u73b0\u573a\u66dd\u5149\u00a0\u4e13\u5bb6\u63a8\u6d4b\u5c06\u80fd\u642d\u8f7d28\u67b6\u6218\u673a", "events": [{"trigger": {"text": "\u6539\u88c5", "offset": 7, "length": 2}, "subject": {"text": "\u65e5\u672c\u201c\u51fa\u4e91\u201d\u53f7", "offset": 0, "length": 7}, "object": {"text": "\u6210\u771f\u822a\u6bcd\u73b0\u573a\u66dd\u5149", "offset": 9, "length": 8}}], "arguments": {"time": [], "loc": [], "country": [{"text": "\u65e5\u672c", "offset": 0, "length": 2}], "weapon": [{"text": "\u201c\u51fa\u4e91\u201d\u53f7", "offset": 2, "length": 5}, {"text": "\u6218\u673a", "offset": 29, "length": 2}]}}, {"sentence": "\u3010\u73af\u7403\u7f51\u62a5\u9053 \u8bb0\u8005 \u5f90\u7490\u660e\u3011", "events": [], "arguments": {"time": [], "loc": [], "country": [], "weapon": []}}, {"sentence": "\u65e5\u672c\u6b63\u5728\u5bf9\u201c\u51fa\u4e91\u201d\u53f7\u76f4\u5347\u673a\u822a\u6bcd\u8fdb\u884c\u5347\u7ea7\u6539\u9020\uff0c\u4f7f\u5176\u80fd\u591f\u642d\u8f7dF-35B\u8230\u8f7d\u6218\u6597\u673a\uff0c\u6210\u4e3a\u771f\u6b63\u610f\u4e49\u4e0a\u7684\u822a\u6bcd\uff0c\u5916\u5a92\u8fd1\u65e5\u62ab\u9732\u4e86\u8fd9\u8258\u51c6\u822a\u6bcd\u7684\u6700\u65b0\u6539\u9020\u8fdb\u5c55\u3002", "events": [], "arguments": {"time": [], "loc": [], "country": [], "weapon": [{"text": "F-35B\u8230\u8f7d\u6218\u6597\u673a", "offset": 28, "length": 10}, {"text": "\u201c\u51fa\u4e91\u201d\u53f7\u76f4\u5347\u673a\u822a\u6bcd", "offset": 5, "length": 10}]}}, {"sentence": "\u636e\u201c\u6d77\u519b\u60c5\u62a5\u7f51\u201d6\u670829\u65e5\u62a5\u9053\uff0c6\u670827\u65e5\u5728\u63a8\u7279\u4e0a\u66dd\u5149\u7684\u7167\u7247\u5c55\u793a\u4e86\u201c\u51fa\u4e91\u201d\u53f7\u76f4\u5347\u673a\u822a\u6bcd\u8fdb\u884c\u5347\u7ea7\u4f5c\u4e1a\u7684\u6700\u65b0\u8fdb\u5c55\u3002", "events": [], "arguments": {"time": [{"text": "6\u670827\u65e5", "offset": 16, "length": 5}], "loc": [], "country": [], "weapon": [{"text": "\u201c\u51fa\u4e91\u201d\u53f7\u76f4\u5347\u673a\u822a\u6bcd", "offset": 33, "length": 10}]}}, {"sentence": "2018\u5e7412\u6708\u65e5\u672c\u5185\u9601\u6b63\u5f0f\u6279\u51c6\u5c06\u201c\u51fa\u4e91\u201d\u7ea7\u76f4\u5347\u673a\u822a\u6bcd\u6539\u88c5\u6210\u4e3a\u80fd\u591f\u642d\u8f7d\u5177\u5907\u77ed\u8ddd\u8d77\u98de/\u5782\u76f4\u964d\u843d\u80fd\u529b\u7684F-35B\u6218\u6597\u673a\u7684\u822a\u6bcd\uff0c2019\u5e7412\u670830\u65e5\u65e5\u672c\u9632\u536b\u7701\u6279\u51c6\u4e862020\u8d22\u5e74\u9884\u7b97\uff0c\u4e3a\u201c\u51fa\u4e91\u201d\u7ea7\u7684\u5347\u7ea7\u6539\u9020\u63d0\u4f9b\u8d44\u91d1\u652f\u6301\u3002", "events": [], "arguments": {"time": [], "loc": [], "country": [], "weapon": [{"text": "F-35B\u6218\u6597\u673a", "offset": 49, "length": 8}]}}, {"sentence": "\u76ee\u524d\uff0c\u65e5\u672c\u6d77\u4e0a\u81ea\u536b\u961f\u88c5\u5907\u6709\u4e24\u8258\u201c\u51fa\u4e91\u201d\u7ea7\u76f4\u5347\u673a\u822a\u6bcd\uff0c\u5206\u522b\u662fDDH-183\u201c\u51fa\u4e91\u201d\u53f7\u548cDDH-184\u201c\u52a0\u8d3a\u201d\u53f7\uff0c\u5b83\u4eec\u90fd\u5c06\u88ab\u6539\u88c5\u6210\u771f\u6b63\u610f\u4e49\u4e0a\u7684\u822a\u6bcd\u3002", "events": [], "arguments": {"time": [], "loc": [], "country": [], "weapon": [{"text": "DDH-183\u201c\u51fa\u4e91\u201d\u53f7", "offset": 29, "length": 12}, {"text": "DDH-184\u201c\u52a0\u8d3a\u201d\u53f7", "offset": 42, "length": 12}]}}, {"sentence": "\u636e\u4f30\u8ba1\uff0c\u6bcf\u8258\u201c\u51fa\u4e91\u201d\u7ea7\u53ef\u4ee5\u642d\u8f7d12\u67b6\u6216\u8005\u66f4\u591a\u7684F-35B\u6218\u6597\u673a\u3002", "events": [], "arguments": {"time": [], "loc": [], "country": [], "weapon": [{"text": "\u201c\u51fa\u4e91\u201d\u7ea7", "offset": 6, "length": 5}, {"text": "F-35B\u6218\u6597\u673a", "offset": 23, "length": 8}]}}, {"sentence": "\u62a5\u9053\u79f0\uff0c\u5c06\u201c\u51fa\u4e91\u201d\u7ea7\u6539\u88c5\u6210\u4e3a\u771f\u822a\u6bcd\u7684\u6700\u91cd\u8981\u9879\u76ee\u4e4b\u4e00\u5c31\u662f\u5bf9\u98de\u884c\u7532\u677f\u8fdb\u884c\u52a0\u5f3a\uff0c\u4ee5\u627f\u8f7dF-35B\u6218\u6597\u673a\u7684\u91cd\u91cf\u4ee5\u53ca\u5728\u5782\u76f4\u7740\u8230\u671f\u95f4\u53d1\u52a8\u673a\u55b7\u51fa\u7684\u70ed\u6d41\u3002", "events": [], "arguments": {"time": [], "loc": [], "country": [], "weapon": [{"text": "\u201c\u51fa\u4e91\u201d\u7ea7", "offset": 5, "length": 5}, {"text": "F-35B\u6218\u6597\u673a", "offset": 40, "length": 8}]}}, {"sentence": "\u6709\u6d77\u519b\u519b\u4e8b\u4e13\u5bb6\u8ba4\u4e3a\uff0c\u6539\u88c5\u540e\u7684\u6bcf\u8258\u201c\u51fa\u4e91\u201d\u7ea7\u80fd\u591f\u643a\u5e26\u591a\u8fbe28\u67b6\u5404\u578b\u6218\u673a\uff0c\u5305\u62ec12\u67b6F-35B\u6218\u6597\u673a\u30018\u67b6V-22\u201c\u9c7c\u9e70\u201d\u8fd0\u8f93\u673a\u548c8\u67b6\u53cd\u6f5c\u641c\u6551\u76f4\u5347\u673a\u3002", "events": [], "arguments": {"time": [], "loc": [], "country": [], "weapon": [{"text": "F-35B\u6218\u6597\u673a", "offset": 40, "length": 8}, {"text": "V-22\u201c\u9c7c\u9e70\u201d\u8fd0\u8f93\u673a", "offset": 51, "length": 11}, {"text": "\u53cd\u6f5c\u641c\u6551\u76f4\u5347\u673a", "offset": 65, "length": 7}, {"text": "\u201c\u51fa\u4e91\u201d\u7ea7", "offset": 16, "length": 5}]}}, {"sentence": "\u6267\u884c\u5176\u4ed6\u884c\u52a8\u4efb\u52a1\u65f6\uff0c\u4e5f\u53ef\u4ee5\u8fd0\u8f7d400\u540d\u58eb\u5175\u6216\u662f50\u8f863.5\u5428\u91cd\u7684\u5361\u8f66\u3002", "events": [], "arguments": {"time": [], "loc": [], "country": [], "weapon": [{"text": "\u5361\u8f66", "offset": 32, "length": 2}]}}, {"sentence": "\u98de\u884c\u7532\u677f\u4e0a\u67095\u4e2a\u76f4\u5347\u673a\u7740\u8230\u70b9\uff0c\u5141\u8bb8\u540c\u65f6\u964d\u843d\u548c\u8d77\u98de\u3002", "events": [], "arguments": {"time": [], "loc": [], "country": [], "weapon": [{"text": "\u76f4\u5347\u673a", "offset": 8, "length": 3}]}}]