[{"sentence": "\u4fc4\u6f5c\u8247\u8fde\u5c044\u679a\u5e03\u62c9\u74e6\u6d32\u9645\u5bfc\u5f39 \u7f8e\u5a92\u611f\u53f9\uff1a\u8fd9\u662f\u6587\u660e\u7ec8\u7ed3\u7684\u9884\u6f14", "events": [], "arguments": {"time": [], "loc": [], "country": [{"text": "\u4fc4", "offset": 0, "length": 1}, {"text": "\u7f8e", "offset": 15, "length": 1}], "weapon": [{"text": "\u6f5c\u8247", "offset": 1, "length": 2}, {"text": "\u5e03\u62c9\u74e6\u6d32\u9645\u5bfc\u5f39", "offset": 7, "length": 7}]}}, {"sentence": "\u3010\u73af\u7403\u7f51\u62a5\u9053 \u8bb0\u8005 \u5f90\u7490\u660e\u3011", "events": [], "arguments": {"time": [], "loc": [], "country": [], "weapon": []}}, {"sentence": "\u4fc4\u7f57\u65af\u201c\u5317\u98ce\u4e4b\u795e\u201d\u7ea7\u6218\u7565\u5bfc\u5f39\u6838\u6f5c\u8247\u8fd1\u65e5\u7f55\u89c1\u63a5\u8fde\u53d1\u5c04\u4e864\u679a\u201c\u5e03\u62c9\u74e6\u201d\u6f5c\u5c04\u6d32\u9645\u5f39\u9053\u5bfc\u5f39\uff0c\u7f8e\u56fd\u5a92\u4f53\u5728\u62a5\u9053\u4e2d\u79f0\uff0c\u8fd9\u4e00\u666f\u8c61\u5c31\u50cf\u662f\u6587\u660e\u7ec8\u7ed3\u7684\u9884\u6f14\u3002", "events": [], "arguments": {"time": [], "loc": [], "country": [{"text": "\u4fc4\u7f57\u65af", "offset": 0, "length": 3}, {"text": "\u7f8e\u56fd", "offset": 42, "length": 2}], "weapon": [{"text": "\u201c\u5317\u98ce\u4e4b\u795e\u201d\u7ea7\u6218\u7565\u5bfc\u5f39\u6838\u6f5c\u8247", "offset": 3, "length": 14}, {"text": "\u201c\u5e03\u62c9\u74e6\u201d\u6f5c\u5c04\u6d32\u9645\u5f39\u9053\u5bfc\u5f39", "offset": 28, "length": 13}]}}, {"sentence": "\u7f8e\u56fd\u300a\u5927\u4f17\u673a\u68b0\u300b\u6742\u5fd712\u670815\u65e5\u62a5\u9053\u79f0\uff0c\u4fc4\u7f57\u65af\u592a\u5e73\u6d0b\u8230\u961f\u201c\u5f17\u62c9\u57fa\u7c73\u5c14\u00b7\u83ab\u8bfa\u9a6c\u8d6b\u201d\u53f7\u6218\u7565\u6838\u6f5c\u8247\u4e8e12\u65e5\u8fde\u7eed\u53d1\u5c04\u4e864\u679a\u201c\u5e03\u62c9\u74e6\u201d\u6f5c\u5c04\u6d32\u9645\u5bfc\u5f39\u3002", "events": [], "arguments": {"time": [{"text": "12\u670815\u65e5", "offset": 10, "length": 6}, {"text": "12\u65e5", "offset": 47, "length": 3}], "loc": [{"text": "\u592a\u5e73\u6d0b", "offset": 23, "length": 3}], "country": [{"text": "\u7f8e\u56fd", "offset": 0, "length": 2}, {"text": "\u4fc4\u7f57\u65af", "offset": 20, "length": 3}], "weapon": [{"text": "\u201c\u5f17\u62c9\u57fa\u7c73\u5c14\u00b7\u83ab\u8bfa\u9a6c\u8d6b\u201d\u53f7\u6218\u7565\u6838\u6f5c\u8247", "offset": 28, "length": 18}, {"text": "\u201c\u5e03\u62c9\u74e6\u201d\u6f5c\u5c04\u6d32\u9645\u5bfc\u5f39", "offset": 57, "length": 11}]}}, {"sentence": "\u8fd9\u4e9b\u5bfc\u5f39\u51e0\u4e4e\u5168\u90e8\u98de\u8fc7\u4e86\u4fc4\u7f57\u65af\u5168\u5883\uff0c\u4ece\u65e5\u672c\u6d77\u5317\u90e8\u4e00\u76f4\u98de\u884c\u5c9b\u82ac\u5170\u6e7e\u9644\u8fd1\u7684\u67d0\u4e2a\u5730\u70b9\u3002", "events": [], "arguments": {"time": [], "loc": [{"text": "\u65e5\u672c\u6d77\u5317\u90e8", "offset": 18, "length": 5}, {"text": "\u82ac\u5170\u6e7e", "offset": 28, "length": 3}], "country": [{"text": "\u4fc4\u7f57\u65af", "offset": 11, "length": 3}], "weapon": [{"text": "\u5bfc\u5f39", "offset": 2, "length": 2}]}}, {"sentence": "\u8fd9\u662f\u81ea2018\u5e74\u4ee5\u6765\u201c\u5e03\u62c9\u74e6\u201d\u6f5c\u5c04\u5f39\u9053\u5bfc\u5f39\u7cfb\u7edf\u9996\u6b21\u8fdb\u884c\u591a\u5f39\u8fde\u7eed\u53d1\u5c04\u6d4b\u8bd5\u3002", "events": [], "arguments": {"time": [], "loc": [], "country": [], "weapon": [{"text": "\u201c\u5e03\u62c9\u74e6\u201d\u6f5c\u5c04\u5f39\u9053\u5bfc\u5f39\u7cfb\u7edf", "offset": 10, "length": 13}]}}, {"sentence": "\u62a5\u9053\u79f0\uff0c\u8fd9\u4e9b\u5bfc\u5f39\u4ece\u9102\u970d\u6b21\u514b\u6d77\u5c04\u5411\u963f\u5c14\u6c49\u683c\u5c14\u65af\u514b\u7684\u5947\u624e\u8bad\u7ec3\u573a\uff0c\u98de\u884c\u4e86\u5927\u7ea63100\u82f1\u91cc\uff08\u7ea64988\u516c\u91cc\uff09\u5e76\u51c6\u786e\u51fb\u4e2d\u76ee\u6807\u3002", "events": [], "arguments": {"time": [], "loc": [{"text": "\u9102\u970d\u6b21\u514b\u6d77", "offset": 9, "length": 5}, {"text": "\u963f\u5c14\u6c49\u683c\u5c14\u65af\u514b\u7684\u5947\u624e\u8bad\u7ec3\u573a", "offset": 16, "length": 13}], "country": [], "weapon": [{"text": "\u5bfc\u5f39", "offset": 6, "length": 2}]}}, {"sentence": "\u800c\u57282018\u5e74\u4fc4\u7f57\u65af\u5317\u65b9\u8230\u961f\u88c5\u5907\u7684\u53e6\u4e00\u8258\u201c\u5317\u98ce\u4e4b\u795e\u201d\u7ea7\u6838\u6f5c\u8247\u66fe\u5411\u76f8\u53cd\u65b9\u5411\u8fde\u7eed\u53d1\u5c04\u4e864\u679a\u201c\u5e03\u62c9\u74e6\u201d\u5bfc\u5f39\uff0c\u5bfc\u5f39\u4ece\u767d\u6d77\u6d77\u57df\u98de\u884c\u81f3\u4fc4\u7f57\u65af\u8fdc\u4e1c\u5730\u533a\u7684\u52d8\u5bdf\u52a0\u534a\u5c9b\u3002", "events": [], "arguments": {"time": [{"text": "2018\u5e74", "offset": 2, "length": 5}], "loc": [{"text": "\u767d\u6d77\u6d77\u57df", "offset": 54, "length": 4}, {"text": "\u4fc4\u7f57\u65af\u8fdc\u4e1c\u5730\u533a\u7684\u52d8\u5bdf\u52a0\u534a\u5c9b", "offset": 61, "length": 13}], "country": [{"text": "\u4fc4\u7f57\u65af", "offset": 7, "length": 3}, {"text": "\u7f57\u65af", "offset": 0, "length": 2}], "weapon": [{"text": "\u201c\u5317\u98ce\u4e4b\u795e\u201d\u7ea7\u6838\u6f5c\u8247", "offset": 20, "length": 10}, {"text": "\u201c\u5e03\u62c9\u74e6\u201d\u5bfc\u5f39", "offset": 43, "length": 7}]}}, {"sentence": "\u201c\u5f17\u62c9\u57fa\u7c73\u5c14\u00b7\u83ab\u8bfa\u9a6c\u8d6b\u201d\u53f7\u662f\u4fc4\u201c\u5317\u98ce\u4e4b\u795e\u201d\u7ea7\u6218\u7565\u6838\u6f5c\u8247\u7684\u7b2c\u4e09\u8258\uff0c\u8be5\u578b\u6f5c\u8247\u914d\u5907\u670916\u4e2a\u5bfc\u5f39\u53d1\u5c04\u7ba1\uff0c\u6bcf\u5177\u53d1\u5c04\u7ba1\u5185\u53ef\u88c5\u586b\u4e00\u679a\u201c\u5e03\u62c9\u74e6\u201d\u5bfc\u5f39\uff0c\u6bcf\u679a\u5bfc\u5f39\u80fd\u643a\u5e264-6\u679a\u6838\u5f39\u5934\u3002", "events": [], "arguments": {"time": [], "loc": [], "country": [{"text": "\u4fc4", "offset": 14, "length": 1}], "weapon": [{"text": "\u201c\u5f17\u62c9\u57fa\u7c73\u5c14\u00b7\u83ab\u8bfa\u9a6c\u8d6b\u201d\u53f7", "offset": 0, "length": 13}, {"text": "\u201c\u5317\u98ce\u4e4b\u795e\u201d\u7ea7\u6218\u7565\u6838\u6f5c\u8247", "offset": 15, "length": 12}, {"text": "\u201c\u5e03\u62c9\u74e6\u201d\u5bfc\u5f39", "offset": 59, "length": 7}]}}, {"sentence": "\u4ece\u9102\u970d\u6b21\u514b\u6d77\u4e0a\u53d1\u5c04\u7684\u201c\u5e03\u62c9\u74e6\u201d\u5bfc\u5f39\u53ef\u4ee5\u98de\u81f3\u5bc6\u897f\u897f\u6bd4\u6cb3\u4ee5\u897f\u7684\u7f8e\u56fd\u5927\u90e8\u5206\u5730\u533a\uff0c\u800c\u4ece\u767d\u6d77\u53d1\u5c04\u7684\u5bfc\u5f39\u53ef\u4ee5\u62b5\u8fbe\u5bc6\u897f\u897f\u6bd4\u6cb3\u4ee5\u4e1c\u7684\u7f8e\u56fd\u9886\u571f\u3002", "events": [], "arguments": {"time": [], "loc": [{"text": "\u9102\u970d\u6b21\u514b\u6d77", "offset": 1, "length": 5}, {"text": "\u4e0a", "offset": 0, "length": 1}, {"text": "\u5bc6\u897f\u897f\u6bd4\u6cb3", "offset": 21, "length": 5}, {"text": "\u767d\u6d77", "offset": 39, "length": 2}, {"text": "\u56fd\u9886\u571f", "offset": 0, "length": 3}], "country": [{"text": "\u7f8e\u56fd", "offset": 29, "length": 2}, {"text": "\u7f8e\u56fd", "offset": 58, "length": 2}], "weapon": [{"text": "\u201c\u5e03\u62c9\u74e6\u201d\u5bfc\u5f39", "offset": 10, "length": 7}, {"text": "\u5bfc\u5f39", "offset": 44, "length": 2}]}}, {"sentence": "\u62a5\u9053\u8ba4\u4e3a\uff0c\u201c\u5e03\u62c9\u74e6\u201d\u6d32\u9645\u5bfc\u5f39\u5927\u81f4\u76f8\u5f53\u4e8e\u7f8e\u56fd\u7684\u201c\u4e09\u53c9\u621f\u201dD5\u578b\u6f5c\u5c04\u6d32\u9645\u5bfc\u5f39\uff0c\u4f46\u201c\u5e03\u62c9\u74e6\u201d\u5bfc\u5f39\u5728\u7814\u5236\u8fc7\u7a0b\u4e2d\u66fe\u906d\u9047\u9ebb\u70e6\u3002", "events": [], "arguments": {"time": [], "loc": [], "country": [{"text": "\u7f8e\u56fd", "offset": 19, "length": 2}], "weapon": [{"text": "\u201c\u4e09\u53c9\u621f\u201dD5\u578b\u6f5c\u5c04\u6d32\u9645\u5bfc\u5f39", "offset": 22, "length": 14}, {"text": "\u201c\u5e03\u62c9\u74e6\u201d\u5bfc\u5f39", "offset": 38, "length": 7}]}}, {"sentence": "\u8be5\u5bfc\u5f39\u57282003\u5e74\u81f32009\u5e74\u671f\u95f4\u8fdb\u884c\u768412\u6b21\u8bd5\u5c04\u4e2d\uff0c\u6709\u4e00\u534a\u90fd\u4ee5\u5931\u8d25\u544a\u7ec8\u3002", "events": [], "arguments": {"time": [{"text": "2003\u5e74\u81f32009\u5e74", "offset": 4, "length": 11}], "loc": [], "country": [], "weapon": [{"text": "\u5bfc\u5f39", "offset": 1, "length": 2}]}}, {"sentence": "\u4f46\u4ece2018\u5e74\u8d77\uff0c\u6240\u670910\u679a\u5bfc\u5f39\u7684\u8bd5\u5c04\u90fd\u53d6\u5f97\u4e86\u6210\u529f\u3002", "events": [], "arguments": {"time": [{"text": "2018\u5e74", "offset": 2, "length": 5}], "loc": [], "country": [], "weapon": [{"text": "\u5bfc\u5f39", "offset": 14, "length": 2}]}}]