[{"sentence": "\u7f8e\u5a92\uff1a\u7f8e\u56fd\u7a7a\u519b\u60f3\u8981\u81f3\u5c11180\u67b6B-21\u9690\u5f62\u8f70\u70b8\u673a", "events": [{"trigger": {"text": "\u60f3\u8981", "offset": 7, "length": 2}, "subject": {"text": "\u7f8e\u56fd\u7a7a\u519b", "offset": 3, "length": 4}, "object": {"text": "\u81f3\u5c11180\u67b6", "offset": 9, "length": 6}}], "arguments": {"time": [], "loc": [], "country": [{"text": "\u7f8e\u56fd", "offset": 3, "length": 2}], "weapon": [{"text": "B-21\u9690\u5f62\u8f70\u70b8\u673a", "offset": 15, "length": 9}]}}, {"sentence": "\u3010\u73af\u7403\u7f51\u62a5\u9053 \u8bb0\u8005 \u5f90\u7490\u660e\u3011", "events": [], "arguments": {"time": [], "loc": [], "country": [], "weapon": []}}, {"sentence": "\u636e\u7f8e\u56fd\u300a\u56fd\u5bb6\u5229\u76ca\u300b\u7f51\u7ad99\u670816\u65e5\u53d1\u8868\u9898\u4e3a\u300a\u7f8e\u56fd\u7a7a\u519b\u60f3\u8981\u81f3\u5c11180\u67b6B-21\u9690\u5f62\u8f70\u70b8\u673a\u300b\u7684\u6587\u7ae0\uff0c\u4ecb\u7ecd\u4e86\u7f8e\u56fd\u7a7a\u519b\u9ad8\u5c42\u5bf9\u5927\u5e45\u589e\u8d2dB-21\u8f70\u70b8\u673a\u7684\u613f\u666f\uff0c\u8fd8\u5f15\u7528\u4e13\u5bb6\u7684\u89c2\u70b9\u79f0\u5e0c\u671b\u80fd\u5438\u53d6\u5728B-2\u8f70\u70b8\u673a\u7814\u5236\u88c5\u5907\u4e0a\u7684\u6559\u8bad\u3002", "events": [], "arguments": {"time": [{"text": "9\u670816\u65e5", "offset": 11, "length": 5}], "loc": [], "country": [{"text": "\u7f8e\u56fd", "offset": 50, "length": 2}, {"text": "\u7f8e\u56fd", "offset": 1, "length": 2}, {"text": "\u7f8e\u56fd", "offset": 21, "length": 2}], "weapon": [{"text": "B-21\u9690\u5f62\u8f70\u70b8\u673a", "offset": 33, "length": 9}, {"text": "B-21\u8f70\u70b8\u673a", "offset": 61, "length": 7}, {"text": "B-2\u8f70\u70b8\u673a", "offset": 87, "length": 6}]}}, {"sentence": "\u7f8e\u56fd\u7c73\u5207\u5c14\u822a\u7a7a\u7814\u7a76\u6240\u6240\u957f\u5927\u536b\u00b7\u5fb7\u666e\u56fe\u62c9\u8fd1\u65e5\u63d0\u51fa\u4e86\u4e00\u4e2a\u91cd\u8981\u4e14\u7ecf\u5e38\u88ab\u8ba8\u8bba\u7684\u89c2\u70b9\uff0c\u5373\u51b7\u6218\u65f6\u671f\u7684B-2\u8f70\u70b8\u673a\u8ba1\u5212\u662f\u5982\u4f55\u4ece\u5236\u9020134\u67b6\u673a\u88ab\u5927\u5e45\u524a\u51cf\u523021\u67b6\u7684\u3002", "events": [], "arguments": {"time": [], "loc": [], "country": [{"text": "\u7f8e\u56fd", "offset": 0, "length": 2}], "weapon": [{"text": "B-2\u8f70\u70b8\u673a", "offset": 44, "length": 6}]}}, {"sentence": "\u4ed6\u544a\u8beb\u7f8e\u56fd\u56fd\u4f1a\u548c\u9ad8\u7ea7\u519b\u4e8b\u89c4\u5212\u4eba\u5458\u4e0d\u8981\u72af\u201c\u540c\u6837\u7684\u9519\u8bef\u201d\u3002", "events": [], "arguments": {"time": [], "loc": [], "country": [{"text": "\u7f8e\u56fd", "offset": 3, "length": 2}], "weapon": []}}, {"sentence": "\u62a5\u9053\u79f0\uff0c\u7f8e\u56fd\u7a7a\u519b\u5bf9\u65b0\u578b\u7684B-21\u8f70\u70b8\u673a\u7684\u9700\u6c42\u6570\u91cf\u5728150\u67b6\u5230180\u67b6\u4e4b\u95f4\uff0c\u8fbe\u5230\u8fd9\u4e00\u89c4\u6a21\u4e0d\u662f\u7edd\u4e0d\u53ef\u80fd\u7684\uff0c\u88c5\u5907\u6570\u91cf\u89c4\u6a21\u4f1a\u53d7\u5230\u6280\u672f\u6c34\u5e73\u3001\u65b0\u7684\u5a01\u80c1\u3001\u9884\u7b97\u7b49\u56e0\u7d20\u5f71\u54cd\u3002", "events": [], "arguments": {"time": [], "loc": [], "country": [{"text": "\u7f8e\u56fd", "offset": 4, "length": 2}], "weapon": [{"text": "B-21\u8f70\u70b8\u673a", "offset": 12, "length": 7}]}}, {"sentence": "\u7f8e\u56fd\u7a7a\u519b\u9ad8\u5c42\u9886\u5bfc\u4eba\u6b63\u5728\u5bfb\u6c42\u6269\u5c55\u65e9\u5148\u5173\u4e8eB-21\u8f70\u70b8\u673a\u7684\u8ba1\u5212\uff0c\u8be5\u8ba1\u5212\u8981\u6c42\u88c5\u590780\u5230100\u67b6\u8be5\u578b\u8f70\u70b8\u673a\uff0c\u800c\u7a7a\u519b\u9886\u5bfc\u4eba\u5e0c\u671b\u5927\u5e45\u589e\u52a0\u8f70\u70b8\u673a\u4e2d\u961f\u7684\u6570\u91cf\u548cB-21\u8f70\u70b8\u673a\u7684\u6570\u91cf\u3002", "events": [{"trigger": {"text": "\u5bfb\u6c42\u6269\u5c55", "offset": 11, "length": 4}, "subject": {"text": "\u7f8e\u56fd\u7a7a\u519b\u9ad8\u5c42\u9886\u5bfc\u4eba", "offset": 0, "length": 9}, "object": {"text": "\u65e9\u5148\u5173\u4e8eB-21\u8f70\u70b8\u673a\u7684\u8ba1\u5212", "offset": 15, "length": 14}}], "arguments": {"time": [], "loc": [], "country": [{"text": "\u7f8e\u56fd", "offset": 0, "length": 2}], "weapon": [{"text": "B-21\u8f70\u70b8\u673a", "offset": 71, "length": 7}]}}, {"sentence": "\u7f8e\u56fd\u7a7a\u519b\u88c5\u5907\u53f8\u4ee4\u90e8\u53f8\u4ee4\u963f\u8bfa\u5fb7\u00b7\u90a6\u5947\u5c06\u519b\u662f\u8d1f\u8d23\u7ba1\u7406B-21\u8f70\u70b8\u673a\u751f\u4ea7\u548c\u7ef4\u62a4\u7684\u9ad8\u7ea7\u5c06\u9886\u4e4b\u4e00\uff0c\u4ed6\u8ba4\u4e3a\u4ee5\u76ee\u524d\u7684\u5de5\u4e1a\u6c34\u5e73\u4ee5\u53caB-21\u8ba1\u5212\u76ee\u524d\u53d6\u5f97\u7684\u6210\u5c31\uff0c\u8db3\u4ee5\u8ba9\u7a7a\u519b\u88c5\u5907\u201c\u8d85\u8fc7\u201d100\u67b6B-21\u8f70\u70b8\u673a\u3002", "events": [], "arguments": {"time": [], "loc": [], "country": [{"text": "\u7f8e\u56fd", "offset": 0, "length": 2}], "weapon": [{"text": "B-21\u8f70\u70b8\u673a", "offset": 86, "length": 7}]}}, {"sentence": "\u4ed6\u8bf4\uff1a\u201c\u5f53\u6211\u5ba1\u67e5\u6211\u4eec\u5982\u4f55\u4e3aB-21\u8f70\u70b8\u673a\u5efa\u7acb\u4efb\u52a1\u7cfb\u7edf\u548c\u5f00\u653e\u5f0f\u67b6\u6784\u65f6\uff0c\u6211\u4eec\u5c06\u8ba9\u8fd9\u4e9b\u6218\u673a\u670d\u5f79\u5f88\u957f\u4e00\u6bb5\u65f6\u95f4\uff0c\u56e0\u4e3a\u6211\u4eec\u5c06\u4e3a\u5176\u5f15\u8fdb\u65b0\u7684\u6280\u672f\u3002", "events": [], "arguments": {"time": [], "loc": [], "country": [], "weapon": [{"text": "B-21\u8f70\u70b8\u673a", "offset": 13, "length": 7}]}}, {"sentence": "\u201d", "events": [], "arguments": {"time": [], "loc": [], "country": [], "weapon": []}}, {"sentence": "\u5728\u4e0e\u90a6\u5947\u5c06\u519b\u5728\u4e00\u6b21\u8c08\u8bdd\u4e2d\uff0c\u5fb7\u666e\u56fe\u62c9\u63d0\u51fa\u4e86\u201c180\u67b6B-21\u201d\u7684\u60f3\u6cd5\uff0c\u8fd9\u4e2a\u6570\u5b57\u53ef\u80fd\u5728\u7f8e\u519b\u5b9e\u9645\u7684\u8003\u8651\u8303\u7574\u4e4b\u5185\u3002", "events": [], "arguments": {"time": [], "loc": [], "country": [{"text": "\u7f8e", "offset": 41, "length": 1}], "weapon": [{"text": "B-21", "offset": 25, "length": 4}, {"text": "B-21\u201d", "offset": 25, "length": 5}]}}, {"sentence": "\u90a6\u5947\u8868\u793a\uff0cB-21\u8f70\u70b8\u673a\u7684\u786e\u5207\u6570\u91cf\u548c\u5efa\u9020\u901f\u5ea6\u5c06\u53d6\u51b3\u4e8e\u6280\u672f\u53d1\u5c55\u548c\u9884\u7b97\u6c34\u5e73\u3002", "events": [], "arguments": {"time": [], "loc": [], "country": [], "weapon": [{"text": "B-21\u8f70\u70b8\u673a", "offset": 5, "length": 7}]}}, {"sentence": "\u5728\u8ba8\u8bba\u4e2d\u5fb7\u666e\u56fe\u62c9\u63d0\u5230\uff0c\u51b7\u6218\u65f6\u671f\u7684B-2\u8f70\u70b8\u673a\u8ba1\u5212\u4ece\u5236\u9020134\u67b6\u673a\u88ab\u5927\u5e45\u524a\u51cf\u523021\u67b6\u3002", "events": [], "arguments": {"time": [], "loc": [], "country": [], "weapon": [{"text": "B-2\u8f70\u70b8\u673a", "offset": 16, "length": 6}]}}, {"sentence": "\u5f53B-2\u8f70\u70b8\u673a\u572880\u5e74\u4ee3\u672b\u523090\u5e74\u4ee3\u521d\u4e4b\u95f4\u51fa\u73b0\u65f6\uff0c\u6b63\u503c\u82cf\u8054\u89e3\u4f53\u3002", "events": [], "arguments": {"time": [{"text": "80\u5e74\u4ee3\u672b\u523090\u5e74\u4ee3\u521d\u4e4b\u95f4", "offset": 8, "length": 13}, {"text": "80\u5e74\u4ee3\u672b\u523090\u5e74\u4ee3\u521d", "offset": 8, "length": 11}], "loc": [], "country": [{"text": "\u82cf\u8054", "offset": 27, "length": 2}], "weapon": [{"text": "B-2\u8f70\u70b8\u673a", "offset": 1, "length": 6}]}}, {"sentence": "\u5f53\u65f6\u51b7\u6218\u5373\u5c06\u7ed3\u675f\uff0c\u4e00\u4e9b\u89c2\u5bdf\u4eba\u58eb\u8ba4\u4e3a\uff0c\u4e00\u67b6\u53ef\u4ee5\u907f\u5f00\u5e76\u6467\u6bc1\u82cf\u8054\u9632\u7a7a\u7cfb\u7edf\u7684\u9020\u4ef7\u6602\u8d35\u7684\u9690\u5f62\u8f70\u70b8\u673a\u4e0d\u518d\u662f\u90a3\u4e48\u6709\u5fc5\u8981\u4e86\u3002", "events": [], "arguments": {"time": [], "loc": [], "country": [{"text": "\u82cf\u8054", "offset": 27, "length": 2}], "weapon": [{"text": "\u9690\u5f62\u8f70\u70b8\u673a", "offset": 39, "length": 5}]}}, {"sentence": "\u8fd9\u79cd\u89c2\u70b9\u867d\u7136\u53ef\u80fd\u662f\u5728\u7279\u5b9a\u7684\u5386\u53f2\u65f6\u671f\u5f62\u6210\u7684\uff0c\u4f46\u53ef\u80fd\u662f\u7f3a\u4e4f\u8fdc\u89c1\u7684\u3002", "events": [], "arguments": {"time": [], "loc": [], "country": [], "weapon": []}}, {"sentence": "\u62a5\u9053\u8ba4\u4e3a\uff0c\u76f8\u6bd4\u4e4b\u4e0b\uff0c\u8003\u8651\u5230\u5bf9\u624b\u9632\u7a7a\u6280\u672f\u7684\u8fdb\u6b65\u4e0e\u519b\u4e8b\u73b0\u4ee3\u5316\u7684\u63a8\u8fdb\uff0c\u6beb\u65e0\u7591\u95ee\uff0c\u5f53\u524d\u7684\u5a01\u80c1\u6b63\u5728\u63a8\u52a8\u5bf9B-21\u8f70\u70b8\u673a\u7684\u5de8\u5927\u9700\u6c42\u3002", "events": [], "arguments": {"time": [], "loc": [], "country": [], "weapon": [{"text": "B-21\u8f70\u70b8\u673a", "offset": 47, "length": 7}]}}]