[{"sentence": "\u4eca\u5929\uff0c\u5c71\u4e1c\u8230\u5165\u52171\u5468\u5e74", "events": [], "arguments": {"time": [], "loc": [], "country": [], "weapon": [{"text": "\u5c71\u4e1c\u8230", "offset": 3, "length": 3}]}}, {"sentence": "\u53bb\u5e74\u4eca\u5929\uff0c\u4e2d\u56fd\u7b2c\u4e00\u8258\u81ea\u4e3b\u7814\u53d1\u822a\u7a7a\u6bcd\u8230\u6b63\u5f0f\u4ea4\u4ed8\u4eba\u6c11\u6d77\u519b\uff0c\u547d\u540d\u4e3a\u201c\u4e2d\u56fd\u4eba\u6c11\u89e3\u653e\u519b\u6d77\u519b\u5c71\u4e1c\u8230\u201d\uff0c\u8237\u53f7\u4e3a17\u3002", "events": [], "arguments": {"time": [], "loc": [], "country": [{"text": "\u4e2d\u56fd", "offset": 5, "length": 2}, {"text": "\u4e2d\u56fd", "offset": 31, "length": 2}], "weapon": [{"text": "\u822a\u7a7a\u6bcd\u8230", "offset": 14, "length": 4}, {"text": "\u201c\u4e2d\u56fd\u4eba\u6c11\u89e3\u653e\u519b\u6d77\u519b\u5c71\u4e1c\u8230\u201d", "offset": 30, "length": 14}]}}, {"sentence": "\u8fd9\u6807\u5fd7\u7740\uff0c\u4eba\u6c11\u6d77\u519b\u8fce\u6765\u4e86\u53cc\u822a\u6bcd\u65f6\u4ee3\u3002", "events": [], "arguments": {"time": [], "loc": [], "country": [], "weapon": []}}, {"sentence": "\u5982\u679c\u8bf4\u8fbd\u5b81\u8230\u8ba9\u4e2d\u56fd\u6d77\u519b\u4e00\u53ea\u811a\u8e0f\u5165\u822a\u6bcd\u6d77\u519b\u7684\u5927\u95e8\uff0c\u90a3\u4e48\u5c71\u4e1c\u8230\u7684\u670d\u5f79\u610f\u5473\u7740\u4e2d\u56fd\u6d77\u519b\u5df2\u7ecf\u6b63\u5f0f\u8d70\u5728\u822a\u6bcd\u6d77\u519b\u7684\u9053\u8def\u4e0a\u3002", "events": [], "arguments": {"time": [], "loc": [], "country": [{"text": "\u4e2d\u56fd", "offset": 7, "length": 2}, {"text": "\u4e2d\u56fd", "offset": 35, "length": 2}], "weapon": [{"text": "\u8fbd\u5b81\u8230", "offset": 3, "length": 3}, {"text": "\u5c71\u4e1c\u8230", "offset": 26, "length": 3}]}}]