[{"sentence": "\u89e3\u653e\u519b\u8d74\u4fc4\u53c2\u52a0\u5927\u578b\u519b\u6f14\uff0c\u8fd0-20\u5e26\u6b65\u6218\u8f66\u98de\u8d74\u6218\u573a\uff0c\u4e0d\u9488\u5bf9\u4efb\u4f55\u7b2c\u4e09\u65b9", "events": [{"trigger": {"text": "\u53c2\u52a0", "offset": 5, "length": 2}, "subject": {"text": "\u89e3\u653e\u519b", "offset": 0, "length": 3}, "object": {"text": "\u5927\u578b\u519b\u6f14", "offset": 7, "length": 4}}], "arguments": {"time": [], "loc": [], "country": [{"text": "\u4fc4", "offset": 4, "length": 1}], "weapon": [{"text": "\u8fd0-20\u5e26\u6b65\u6218\u8f66", "offset": 12, "length": 8}]}}, {"sentence": "\u6839\u636e\u4e2d\u4fc4\u53cc\u65b9\u8fbe\u6210\u7684\u5171\u8bc6\uff0c\u4e2d\u56fd\u519b\u961f\u5c06\u6d3e\u5458\u8d74\u4fc4\u7f57\u65af\u963f\u65af\u7279\u62c9\u7f55\u5dde\u53c2\u52a0\u4e8e9\u670821\u65e5\u81f326\u65e5\u4e3e\u884c\u7684\u201c\u9ad8\u52a0\u7d22-2020\u201d\u6218\u7565\u6f14\u4e60\u3002", "events": [{"trigger": {"text": "\u53c2\u52a0", "offset": 29, "length": 2}, "subject": {"text": "\u4e2d\u56fd\u519b\u961f", "offset": 12, "length": 4}, "object": {"text": "\u201c\u9ad8\u52a0\u7d22-2020\u201d\u6218\u7565\u6f14\u4e60", "offset": 44, "length": 14}}], "arguments": {"time": [{"text": "9\u670821\u65e5\u81f326\u65e5", "offset": 32, "length": 9}], "loc": [{"text": "\u4fc4\u7f57\u65af\u963f\u65af\u7279\u62c9\u7f55\u5dde", "offset": 20, "length": 9}], "country": [{"text": "\u4e2d\u56fd", "offset": 12, "length": 2}, {"text": "\u4fc4\u7f57\u65af", "offset": 20, "length": 3}, {"text": "\u4e2d", "offset": 2, "length": 1}, {"text": "\u4fc4", "offset": 3, "length": 1}], "weapon": []}}, {"sentence": "\u4e2d\u65b9\u53c2\u6f14\u90e8\u961f\u4ee5\u897f\u90e8\u6218\u533a\u4e3a\u4e3b\uff0c\u643a\u90e8\u5206\u8f6e\u5f0f\u88c5\u5907\u53ca\u8f7b\u6b66\u5668\uff0c\u4f7f\u7528\u6211\u519b\u65b0\u578b\u8fd0\u8f93\u673a\u5b9e\u65bd\u6295\u9001\u3002", "events": [], "arguments": {"time": [], "loc": [], "country": [{"text": "\u4e2d\u65b9", "offset": 0, "length": 2}], "weapon": [{"text": "\u8f6e\u5f0f\u88c5\u5907", "offset": 17, "length": 4}, {"text": "\u8f7b\u6b66\u5668", "offset": 22, "length": 3}, {"text": "\u65b0\u578b\u8fd0\u8f93\u673a", "offset": 30, "length": 5}, {"text": "\u8fd0\u8f93\u673a", "offset": 0, "length": 3}]}}]