[{"sentence": "\u8fd0-20\u518d\u51fa\u56fd\u95e8\uff01", "events": [], "arguments": {"time": [], "loc": [], "country": [], "weapon": [{"text": "\u8fd0-20", "offset": 0, "length": 4}]}}, {"sentence": "\u8fdc\u7a0b\u6295\u9001\u8d74\u4fc4\u53c2\u6f14\u5b98\u5175\u548c\u88c5\u5907", "events": [], "arguments": {"time": [], "loc": [], "country": [{"text": "\u4fc4", "offset": 5, "length": 1}], "weapon": []}}, {"sentence": "\u4fc4\u7f57\u65af\u201c\u9ad8\u52a0\u7d22-2020\u201d\u6218\u7565\u6f14\u4e60", "events": [], "arguments": {"time": [], "loc": [], "country": [{"text": "\u4fc4\u7f57\u65af", "offset": 0, "length": 3}], "weapon": []}}, {"sentence": "\u5c06\u4e8e9\u670821\u65e5-26\u65e5", "events": [], "arguments": {"time": [{"text": "9\u670821\u65e5-26\u65e5", "offset": 2, "length": 9}], "loc": [], "country": [], "weapon": []}}, {"sentence": "\u5728\u4fc4\u7f57\u65af\u963f\u65af\u7279\u62c9\u7f55\u5dde\u4e3e\u884c", "events": [], "arguments": {"time": [], "loc": [{"text": "\u4fc4\u7f57\u65af\u963f\u65af\u7279\u62c9\u7f55\u5dde", "offset": 1, "length": 9}], "country": [{"text": "\u4fc4\u7f57\u65af", "offset": 1, "length": 3}], "weapon": []}}, {"sentence": "9\u670811\u65e5\u51cc\u6668", "events": [], "arguments": {"time": [{"text": "9\u670811\u65e5\u51cc\u6668", "offset": 0, "length": 7}], "loc": [], "country": [], "weapon": []}}, {"sentence": "\u8fd0-20\u5927\u578b\u8fd0\u8f93\u673a", "events": [], "arguments": {"time": [], "loc": [], "country": [], "weapon": [{"text": "\u8fd0-20\u5927\u578b\u8fd0\u8f93\u673a", "offset": 0, "length": 9}]}}, {"sentence": "\u5b9e\u65bd\u70b9\u5bf9\u70b9\u8fdc\u7a0b\u7a7a\u4e2d\u6295\u9001\u4eba\u5458\u548c\u88c5\u5907", "events": [], "arguments": {"time": [], "loc": [], "country": [], "weapon": []}}, {"sentence": "\u5954\u8d74\u6f14\u4e60\u5730\u57df", "events": [], "arguments": {"time": [], "loc": [], "country": [], "weapon": []}}, {"sentence": "\u8fd0-20\u5927\u578b\u8fd0\u8f93\u673a", "events": [], "arguments": {"time": [], "loc": [], "country": [], "weapon": [{"text": "\u8fd0-20\u5927\u578b\u8fd0\u8f93\u673a", "offset": 0, "length": 9}]}}, {"sentence": "\u8fdc\u7a0b\u7a7a\u4e2d\u6295\u9001\u4eba\u5458\u548c\u88c5\u5907", "events": [], "arguments": {"time": [], "loc": [], "country": [], "weapon": []}}, {"sentence": "9\u670811\u65e5\u51cc\u6668\u4e00\u70b9\u4e09\u5341\u5206\uff0c\u7518\u8083\u9152\u6cc9\u67d0\u519b\u7528\u673a\u573a\uff0c\u53c2\u6f14\u5b98\u5175\u6574\u9f50\u5217\u961f\uff0c\u6307\u6325\u5458\u7ec4\u7ec7\u90e8\u961f\u6709\u5e8f\u8fdb\u884c\u4eba\u5458\u3001\u7269\u8d44\u88c5\u8f7d\u3002", "events": [], "arguments": {"time": [{"text": "9\u670811\u65e5\u51cc\u6668\u4e00\u70b9\u4e09\u5341\u5206", "offset": 0, "length": 12}], "loc": [{"text": "\u7518\u8083\u9152\u6cc9\u67d0\u519b\u7528\u673a\u573a", "offset": 13, "length": 9}], "country": [], "weapon": []}}, {"sentence": "\u6b64\u6b21\u6f14\u4e60\uff0c\u53c2\u6f14\u4eba\u5458\u3001\u88c5\u5907\u5168\u90e8\u4f9d\u6258\u8fd0-20\u5927\u578b\u8fd0\u8f93\u673a\uff0c\u5b9e\u65bd\u70b9\u5bf9\u70b9\u8fdc\u7a0b\u7a7a\u4e2d\u6295\u9001\u3002", "events": [], "arguments": {"time": [], "loc": [], "country": [], "weapon": [{"text": "\u8fd0-20\u5927\u578b\u8fd0\u8f93\u673a", "offset": 16, "length": 9}]}}, {"sentence": "\u6b64\u6b21\u4e2d\u65b9\u53c2\u6f14\u90e8\u961f\u4ee5\u897f\u90e8\u6218\u533a\u673a\u5173\u548c\u6218\u533a\u9646\u519b\u3001\u6218\u533a\u7a7a\u519b\u4e3a\u4e3b\u62bd\u7ec4\u529b\u91cf\u7ec4\u5efa\uff0c\u7f16\u8bbe\u4e2d\u65b9\u5bfc\u6f14\u90e8\u3001\u8054\u5408\u6218\u5f79\u6307\u6325\u90e8\u3001\u5408\u6210\u6218\u6597\u7fa4\u3001\u6307\u6325\u4fdd\u969c\u961f\u3001\u540e\u88c5\u4fdd\u969c\u961f\u3001\u536b\u751f\u9632\u75ab\u961f\u7b49\u529b\u91cf\u3002", "events": [], "arguments": {"time": [], "loc": [], "country": [{"text": "\u4e2d\u65b9", "offset": 36, "length": 2}, {"text": "\u4e2d\u65b9", "offset": 2, "length": 2}], "weapon": []}}, {"sentence": "\u53c2\u6f14\u7b2c\u4e00\u68af\u961f\u4eba\u5458\u4ece\u9152\u6cc9\u67d0\u519b\u7528\u673a\u573a\u4e58\u57502\u67b6\u8fd0-20\u8fd0\u8f93\u673a\u51fa\u53d1\uff0c\u7ecf\u4e4c\u9c81\u6728\u9f50\u5730\u7a9d\u5821\u673a\u573a\u901a\u5173\uff0c\u7a7a\u8f6c\u81f3\u4fc4\u7f57\u65af\u963f\u65af\u7279\u62c9\u7f55\u5dde\u67d0\u519b\u7528\u673a\u573a\u3002", "events": [], "arguments": {"time": [], "loc": [{"text": "\u4e4c\u9c81\u6728\u9f50\u5730\u7a9d\u5821\u673a\u573a", "offset": 31, "length": 9}, {"text": "\u4fc4\u7f57\u65af\u963f\u65af\u7279\u62c9\u7f55\u5dde\u67d0\u519b\u7528\u673a\u573a", "offset": 46, "length": 14}, {"text": "\u9152\u6cc9\u67d0\u519b\u7528\u673a\u573a", "offset": 9, "length": 7}], "country": [{"text": "\u4fc4\u7f57\u65af", "offset": 46, "length": 3}], "weapon": [{"text": "\u8fd0-20\u8fd0\u8f93\u673a", "offset": 20, "length": 7}]}}, {"sentence": "\u9996\u6279\u4eba\u54589\u670811\u65e5\u5230\u8fbe\u540e\uff0c\u5c06\u6839\u636e\u4e2d\u4fc4\u78cb\u5546\u8fbe\u6210\u7684\u5171\u8bc6\u5148\u671f\u5c55\u5f00\u6709\u5173\u5de5\u4f5c\uff0c\u4e3a\u540e\u7eed\u4e2d\u65b9\u53c2\u6f14\u90e8\u961f\u7684\u5230\u6765\u505a\u597d\u534f\u8c03\u4fdd\u969c\u3002", "events": [], "arguments": {"time": [{"text": "9\u670811\u65e5", "offset": 4, "length": 5}], "loc": [], "country": [{"text": "\u4e2d\u65b9", "offset": 37, "length": 2}, {"text": "\u4fc4", "offset": 17, "length": 1}], "weapon": []}}, {"sentence": "\u4fc4\u519b\u672c\u5e74\u5ea6\u6700\u5927\u89c4\u6a21", "events": [], "arguments": {"time": [], "loc": [], "country": [{"text": "\u4fc4", "offset": 0, "length": 1}], "weapon": []}}, {"sentence": "\u56fd\u9645\u8054\u5408\u519b\u6f14", "events": [], "arguments": {"time": [], "loc": [], "country": [], "weapon": []}}, {"sentence": "\u201c\u9ad8\u52a0\u7d22-2020\u201d\u6218\u7565\u6f14\u4e60\u662f\u4fc4\u7f57\u65af\u5728\u897f\u5357\u6218\u7565\u65b9\u5411\u7684\u91cd\u8981\u6f14\u4e60\uff0c\u4e5f\u662f\u4fc4\u519b\u672c\u5e74\u5ea6\u6700\u5927\u89c4\u6a21\u56fd\u9645\u8054\u5408\u519b\u6f14\u3002", "events": [], "arguments": {"time": [], "loc": [{"text": "\u897f\u5357", "offset": 19, "length": 2}], "country": [{"text": "\u4fc4\u7f57\u65af", "offset": 15, "length": 3}], "weapon": []}}, {"sentence": "\u25b2\u8d44\u6599\u56fe", "events": [], "arguments": {"time": [], "loc": [], "country": [], "weapon": []}}, {"sentence": "\u53c2\u6f14\u5175\u529b\u4e3b\u8981\u5305\u62ec\u4fc4\u7f57\u65af\u3001\u4e2d\u56fd\u3001\u767d\u4fc4\u7f57\u65af\u3001\u5df4\u57fa\u65af\u5766\u3001\u4e9a\u7f8e\u5c3c\u4e9a\u3001\u4f0a\u6717\u3001\u7f05\u7538\u7b49\u591a\u4e2a\u56fd\u5bb6\u5b9e\u5175\u90e8\u961f\u3002", "events": [], "arguments": {"time": [], "loc": [], "country": [{"text": "\u767d\u4fc4\u7f57\u65af", "offset": 15, "length": 4}, {"text": "\u4e2d\u56fd", "offset": 12, "length": 2}, {"text": "\u4fc4\u7f57\u65af\u3001", "offset": 16, "length": 4}, {"text": "\u5df4\u57fa\u65af\u5766", "offset": 20, "length": 4}, {"text": "\u4e9a\u7f8e\u5c3c\u4e9a", "offset": 25, "length": 4}, {"text": "\u4f0a\u6717", "offset": 30, "length": 2}, {"text": "\u7f05\u7538", "offset": 33, "length": 2}, {"text": "\u4fc4\u7f57\u65af", "offset": 8, "length": 3}], "weapon": []}}, {"sentence": "\u65e8\u5728\u6df1\u5316\u591a\u8fb9\u519b\u4e8b\u5408\u4f5c\uff0c\u63d0\u5347\u8054\u5408\u5e94\u5bf9\u8be5\u65b9\u5411\u519b\u4e8b\u5b89\u5168\u5a01\u80c1\u7684\u6218\u7565\u7b79\u5212\u548c\u7ec4\u7ec7\u6307\u6325\u80fd\u529b\u3002", "events": [], "arguments": {"time": [], "loc": [], "country": [], "weapon": []}}, {"sentence": "\u25b2\u8d44\u6599\u56fe", "events": [], "arguments": {"time": [], "loc": [], "country": [], "weapon": []}}, {"sentence": "\u636e\u4e86\u89e3\uff0c\u7ee72018\u5e74\u4fc4\u7f57\u65af\u201c\u4e1c\u65b9-2018\u201d\u6218\u7565\u6f14\u4e60\u30012019\u5e74\u201c\u4e2d\u90e8-2019\u201d\u6218\u7565\u6f14\u4e60\uff0c\u89e3\u653e\u519b\u5df2\u7ecf\u8fde\u7eed\u4e09\u5e74\u53c2\u4e0e\u4fc4\u519b\u5e74\u5ea6\u6218\u7565\u6f14\u4e60\u3002", "events": [{"trigger": {"text": "\u53c2\u4e0e", "offset": 55, "length": 2}, "subject": {"text": "\u89e3\u653e\u519b", "offset": 46, "length": 3}, "object": {"text": "\u4fc4\u519b\u5e74\u5ea6\u6218\u7565\u6f14\u4e60", "offset": 57, "length": 8}}], "arguments": {"time": [{"text": "2018\u5e74", "offset": 5, "length": 5}, {"text": "2019\u5e74", "offset": 27, "length": 5}], "loc": [], "country": [{"text": "\u4fc4\u7f57\u65af", "offset": 10, "length": 3}], "weapon": []}}, {"sentence": "\u25b2\u8d44\u6599\u56fe", "events": [], "arguments": {"time": [], "loc": [], "country": [], "weapon": []}}, {"sentence": "\u76f4\u51fb\u8fd0-20\u51fa\u53d1\u73b0\u573a", "events": [], "arguments": {"time": [], "loc": [], "country": [], "weapon": [{"text": "\u8fd0-20", "offset": 2, "length": 4}]}}, {"sentence": "\u573a\u9762\u7279\u522b\u58ee\u89c2", "events": [], "arguments": {"time": [], "loc": [], "country": [], "weapon": []}}, {"sentence": "\u2193\u2193\u2193", "events": [], "arguments": {"time": [], "loc": [], "country": [], "weapon": []}}, {"sentence": "\u76d1\u5236\u00a0|\u00a0\u5218\u4e00\u9e23", "events": [], "arguments": {"time": [], "loc": [], "country": [], "weapon": []}}, {"sentence": "\u4e3b\u7f16 | \u767d\u6668\u00a0\u4efb\u6cfd\u5175", "events": [], "arguments": {"time": [], "loc": [], "country": [], "weapon": []}}, {"sentence": "\u8bb0\u8005 |\u00a0\u5f90\u6653\u8f89 \u5218\u6d77\u6d9b \u738b\u6587\u5f6a\u00a0\u674e\u6653\u4e1c", "events": [], "arguments": {"time": [], "loc": [], "country": [], "weapon": []}}, {"sentence": "\u738b\u6d9b \u4efb\u5efa\u8363 \u5353\u5f3a", "events": [], "arguments": {"time": [], "loc": [], "country": [], "weapon": []}}, {"sentence": "\u7f16\u8f91\u00a0| \u97a0\u4e9a\u5029", "events": [], "arguments": {"time": [], "loc": [], "country": [], "weapon": []}}, {"sentence": "\u89c6\u9891\u7f16\u8f91\u00a0| \u4f0a\u51ef\u65b0", "events": [], "arguments": {"time": [], "loc": [], "country": [], "weapon": []}}, {"sentence": "\u00a9\u592e\u89c6\u519b\u4e8b", "events": [], "arguments": {"time": [], "loc": [], "country": [], "weapon": []}}]