[{"sentence": "\u7f8e\u519b\u9ad8\u5b98\uff1a2023\u5e74\u7f8e\u9646\u519b\u706b\u529b\u5c06\u8fce\u91cd\u5927\u53d8\u5316\uff0c\u4e0e\u4e2d\u4fc4\u5bf9\u6297\u6a21\u5f0f\u5c06\u6539\u53d8", "events": [], "arguments": {"time": [{"text": "2023\u5e74", "offset": 5, "length": 5}], "loc": [], "country": [{"text": "\u7f8e", "offset": 10, "length": 1}, {"text": "\u4e2d", "offset": 23, "length": 1}, {"text": "\u4fc4", "offset": 24, "length": 1}], "weapon": []}}, {"sentence": "\u3010\u73af\u7403\u7f51\u62a5\u9053 \u8bb0\u8005 \u5f90\u7490\u660e\u3011", "events": [], "arguments": {"time": [], "loc": [], "country": [], "weapon": []}}, {"sentence": "\u7f8e\u56fd\u300a\u9632\u52a1\u65b0\u95fb\u300b\u7f51\u7ad99\u670810\u65e5\u62a5\u9053\u79f0\uff0c\u5bf9\u4e8e\u7f8e\u56fd\u9646\u519b\u7684\u706b\u529b\u6253\u51fb\u80fd\u529b\u800c\u8a00\uff0c2023\u5e74\u5c06\u4f1a\u662f\u201c\u6539\u53d8\u4e00\u5207\u201d\u7684\u4e00\u5e74\u3002", "events": [], "arguments": {"time": [{"text": "9\u670810\u65e5", "offset": 10, "length": 5}, {"text": "2023\u5e74", "offset": 35, "length": 5}], "loc": [], "country": [{"text": "\u7f8e\u56fd", "offset": 21, "length": 2}, {"text": "\u7f8e\u56fd", "offset": 0, "length": 2}], "weapon": []}}, {"sentence": "\u8d1f\u8d23\u7f8e\u56fd\u9646\u519b\u8fdc\u7a0b\u7cbe\u786e\u6253\u51fb\u706b\u529b\u73b0\u4ee3\u5316\u5347\u7ea7\u5de5\u4f5c\u7684\u7ea6\u7ff0\u00b7\u62c9\u5f17\u8482\u51c6\u5c06\u8868\u793a\uff0c\u52302023\u5e74\uff0c\u7f8e\u56fd\u9646\u519b\u5c06\u5f00\u59cb\u63a5\u88c5\u6218\u7565\u6253\u51fb\u3001\u4e2d\u7a0b\u6253\u51fb\u548c\u77ed\u7a0b\u6253\u51fb\u706b\u529b\u88c5\u5907\uff0c\u8fd9\u5c06\u6539\u53d8\u7f8e\u519b\u4e0e\u4fc4\u7f57\u65af\u548c\u4e2d\u56fd\u7684\u5bf9\u6297\u6a21\u5f0f\u3002", "events": [{"trigger": {"text": "\u5c06\u6539\u53d8", "offset": 69, "length": 3}, "subject": {"text": "\u7f8e\u519b\u4e0e\u4fc4\u7f57\u65af\u548c\u4e2d\u56fd\u7684\u5bf9\u6297\u6a21\u5f0f", "offset": 72, "length": 14}, "object": {"text": "\u6218\u7565\u6253\u51fb\u3001\u4e2d\u7a0b\u6253\u51fb\u548c\u77ed\u7a0b\u6253\u51fb\u706b\u529b\u88c5\u5907", "offset": 49, "length": 18}}, {"trigger": {"text": "\u63a5\u88c5", "offset": 47, "length": 2}, "subject": {"text": "\u7f8e\u56fd\u9646\u519b", "offset": 40, "length": 4}, "object": {"text": "\u6218\u7565\u6253\u51fb\u3001\u4e2d\u7a0b\u6253\u51fb\u548c\u77ed\u7a0b\u6253\u51fb\u706b\u529b\u88c5\u5907", "offset": 49, "length": 18}}], "arguments": {"time": [{"text": "2023\u5e74", "offset": 34, "length": 5}], "loc": [], "country": [{"text": "\u7f8e\u56fd", "offset": 40, "length": 2}, {"text": "\u4fc4\u7f57\u65af", "offset": 75, "length": 3}, {"text": "\u4e2d\u56fd", "offset": 79, "length": 2}, {"text": "\u7f8e\u56fd", "offset": 2, "length": 2}], "weapon": [{"text": "\u6218\u7565\u6253\u51fb\u3001\u4e2d\u7a0b\u6253\u51fb\u548c\u77ed\u7a0b\u6253\u51fb\u706b\u529b\u88c5\u5907", "offset": 49, "length": 18}, {"text": "\u4e2d\u7a0b\u6253\u51fb", "offset": 54, "length": 4}, {"text": "\u77ed\u7a0b\u6253\u51fb\u706b\u529b\u88c5\u5907", "offset": 59, "length": 8}]}}, {"sentence": "\u62c9\u5f17\u8482\u57289\u67084\u65e5\u63a5\u53d7\u91c7\u8bbf\u65f6\u8868\u793a\uff0c\u7f8e\u56fd\u9646\u519b\u5728\u4eca\u5e74\u65e9\u4e9b\u65f6\u5019\u5b8c\u6210\u4e86\u4e00\u9879\u6218\u7565\u6253\u51fb\u7814\u7a76\uff0c\u53d1\u73b0\u7f8e\u519b\u5728\u6253\u51fb\u654c\u4eba\u7684\u4e2d\u7a0b\u76ee\u6807\uff08\u7ea6500\u52302000\u516c\u91cc\uff09\u80fd\u529b\u4e0a\u5b58\u5728\u7f3a\u9677\u3002", "events": [{"trigger": {"text": "\u5b8c\u6210", "offset": 27, "length": 2}, "subject": {"text": "\u7f8e\u56fd\u9646\u519b", "offset": 16, "length": 4}, "object": {"text": "\u4e00\u9879\u6218\u7565\u6253\u51fb\u7814\u7a76", "offset": 30, "length": 8}}], "arguments": {"time": [{"text": "9\u67084\u65e5", "offset": 4, "length": 4}], "loc": [], "country": [{"text": "\u7f8e", "offset": 41, "length": 1}, {"text": "\u7f8e\u56fd", "offset": 16, "length": 2}], "weapon": []}}, {"sentence": "\u4ed6\u8bf4\uff1a\u201c\u6211\u4eec\u9700\u8981\u4ee5\u6781\u5feb\u7684\u901f\u5ea6\u8fbe\u6210\u8fd9\u4e00\u76ee\u6807\uff0c\u57282023\u5e74\u2018\u6539\u53d8\u4e00\u5207\u2019\uff0c\u80fd\u591f\u5e94\u5bf9\u6240\u6709\u5a01\u80c1\u3002", "events": [], "arguments": {"time": [{"text": "2023\u5e74", "offset": 22, "length": 5}], "loc": [], "country": [], "weapon": []}}, {"sentence": "\u201d", "events": [], "arguments": {"time": [], "loc": [], "country": [], "weapon": []}}, {"sentence": "\u62c9\u5f17\u8482\u8fd8\u8bf4\uff1a\u201c\u4f60\u53ef\u4ee5\u770b\u5230\uff0c\u5728\u592a\u5e73\u6d0b\u5730\u533a\uff0c\u62e5\u6709\u5bf9\u4ed8\u6d77\u4e0a\u76ee\u6807\u7684\u4e2d\u7a0b\u6253\u51fb\u80fd\u529b\u662f\u975e\u5e38\u96be\u80fd\u53ef\u8d35\u7684\u3002", "events": [], "arguments": {"time": [], "loc": [{"text": "\u592a\u5e73\u6d0b\u5730\u533a", "offset": 14, "length": 5}, {"text": "\u6d77\u4e0a", "offset": 24, "length": 2}], "country": [], "weapon": []}}, {"sentence": "\u201d\u4ed6\u8865\u5145\u8bf4\uff0c\u800c\u5728\u6b27\u6d32\u201c\u4f60\u53ef\u4ee5\u8ba9\u5bf9\u624b\u7684\u8d44\u4ea7\u5904\u4e8e\u9ad8\u5ea6\u98ce\u9669\u4e4b\u4e2d\u3002", "events": [], "arguments": {"time": [], "loc": [{"text": "\u6b27\u6d32", "offset": 8, "length": 2}], "country": [], "weapon": []}}, {"sentence": "\u201d\u201c\u6211\u8ba4\u4e3a\uff0c\u5728\u592a\u5e73\u6d0b\u62e5\u6709\u5404\u79cd\u5c04\u7a0b\u80fd\u529b\u5c06\u7ed9\u4f60\u63d0\u4f9b\u5f88\u591a\u9009\u62e9\uff0c\u56e0\u4e3a\u4f60\u53ef\u4ee5\u4ece\u4e0d\u540c\u7684\u5730\u70b9\u5f00\u706b\u3002", "events": [], "arguments": {"time": [], "loc": [{"text": "\u592a\u5e73\u6d0b", "offset": 7, "length": 3}], "country": [], "weapon": []}}, {"sentence": "\u6765\u81ea\u4e0d\u540c\u5730\u70b9\u7684\u8fdc\u7a0b\u3001\u4e2d\u7a0b\u548c\u77ed\u7a0b\u5bfc\u5f39\u6df7\u642d\u4f7f\u7528\uff0c\u80fd\u7ed9\u654c\u4eba\u5236\u9020\u4e24\u96be\u5883\u5730\u3002", "events": [], "arguments": {"time": [], "loc": [], "country": [], "weapon": [{"text": "\u77ed\u7a0b\u5bfc\u5f39", "offset": 13, "length": 4}]}}, {"sentence": "\u5982\u679c\u654c\u4eba\u4e0d\u80fd\u6b63\u6b63\u5730\u5206\u8fa8\u4f60\u9009\u7528\u4f55\u79cd\u6b66\u5668\uff0c\u90a3\u4e48\u4ed6\u5c31\u5f88\u96be\u8c03\u6574\u4ed6\u7684\u53cd\u4ecb\u5165/\u533a\u57df\u62d2\u6b62\u80fd\u529b\u6765\u5e94\u5bf9\u3002", "events": [], "arguments": {"time": [], "loc": [], "country": [], "weapon": []}}, {"sentence": "\u201d", "events": [], "arguments": {"time": [], "loc": [], "country": [], "weapon": []}}, {"sentence": "\u6839\u636e\u62c9\u5f17\u8482\u7684\u8bf4\u6cd5\uff0c\u7f8e\u56fd\u9646\u519b\u5728\u51762020\u5e74\u8d22\u653f\u9884\u7b97\u4e2d\u8bf7\u6c42\u542f\u52a8\u4e00\u9879\u673a\u52a8\u90e8\u7f72\u7684\u4e2d\u7a0b\u5bfc\u5f39\u8ba1\u5212\uff0c\u4f46\u968f\u540e\u53c8\u7533\u8bf7\u53d6\u6d88\u8be5\u8ba1\u5212\uff0c\u56e0\u4e3a\u8fd9\u4e00\u8ba1\u5212\u82b1\u8d39\u7684\u65f6\u95f4\u592a\u957f\u3002", "events": [{"trigger": {"text": "\u8bf7\u6c42\u542f\u52a8", "offset": 25, "length": 4}, "subject": {"text": "\u7f8e\u56fd\u9646\u519b", "offset": 9, "length": 4}, "object": {"text": "\u4e00\u9879\u673a\u52a8\u90e8\u7f72\u7684\u4e2d\u7a0b\u5bfc\u5f39\u8ba1\u5212", "offset": 29, "length": 13}}], "arguments": {"time": [{"text": "2020\u5e74", "offset": 15, "length": 5}], "loc": [], "country": [{"text": "\u7f8e\u56fd", "offset": 9, "length": 2}], "weapon": [{"text": "\u4e2d\u7a0b\u5bfc\u5f39", "offset": 36, "length": 4}]}}, {"sentence": "\u62c9\u5f17\u8482\u900f\u9732\uff0c\u901a\u8fc7\u5feb\u901f\u80fd\u529b\u548c\u5173\u952e\u6280\u672f\u529e\u516c\u5ba4\u6765\u7814\u5236\u5bfc\u5f39\uff0c\u7f8e\u56fd\u9646\u519b\u5c06\u6709\u673a\u4f1a\u66f4\u5feb\u5730\u5f00\u5c55\u884c\u52a8\u3002", "events": [], "arguments": {"time": [], "loc": [], "country": [{"text": "\u7f8e\u56fd", "offset": 26, "length": 2}], "weapon": [{"text": "\u5bfc\u5f39", "offset": 23, "length": 2}]}}, {"sentence": "\u7f8e\u56fd\u9646\u519b\u5728\u7814\u53d1\u65b0\u578b\u4e2d\u7a0b\u5bfc\u5f39\u7684\u540c\u65f6\uff0c\u4e5f\u6ca1\u6709\u653e\u5f03\u63d0\u5347\u73b0\u6709\u7684\u201c\u8fdc\u7a0b\u7cbe\u786e\u6253\u51fb\u5bfc\u5f39\u201d(PrSM)\u7684\u80fd\u529b\u3002", "events": [{"trigger": {"text": "\u7814\u53d1", "offset": 5, "length": 2}, "subject": {"text": "\u7f8e\u56fd\u9646\u519b", "offset": 0, "length": 4}, "object": {"text": "\u65b0\u578b\u4e2d\u7a0b\u5bfc\u5f39", "offset": 7, "length": 6}}, {"trigger": {"text": "\u63d0\u5347", "offset": 22, "length": 2}, "subject": {"text": "\u7f8e\u56fd\u9646\u519b", "offset": 0, "length": 4}, "object": {"text": "\u73b0\u6709\u7684\u201c\u8fdc\u7a0b\u7cbe\u786e\u6253\u51fb\u5bfc\u5f39\u201d(PrSM)\u7684\u80fd\u529b", "offset": 24, "length": 22}}], "arguments": {"time": [], "loc": [], "country": [{"text": "\u7f8e\u56fd", "offset": 0, "length": 2}], "weapon": [{"text": "\u65b0\u578b\u4e2d\u7a0b\u5bfc\u5f39", "offset": 7, "length": 6}, {"text": "\u201c\u8fdc\u7a0b\u7cbe\u786e\u6253\u51fb\u5bfc\u5f39\u201d(PrSM)", "offset": 27, "length": 16}]}}, {"sentence": "\u62c9\u5f17\u8482\u8868\u793a\uff0c\u5728\u5c04\u7a0b\u4e0a\u91cd\u53e0\u662f\u201c\u4e00\u4ef6\u597d\u4e8b\u201d\uff0c\u4ed6\u8bf4\uff1a\u201c\u6211\u4eec\u77e5\u9053\uff0c\u9700\u8981\u505a\u66f4\u591a\u7684\u5206\u6790\uff0c\u624d\u80fd\u786e\u5b9a\u8fd9\u4e9b\u6b66\u5668\u7cfb\u7edf\u7684\u6700\u4f73\u6446\u653e\u4f4d\u7f6e\u3002", "events": [], "arguments": {"time": [], "loc": [], "country": [], "weapon": []}}, {"sentence": "\u201d\u4ed6\u8868\u793a\uff0c\u7f8e\u56fd\u9646\u519bPrSM\u5bfc\u5f39\u7684\u4f18\u5148\u4efb\u52a1\u662f\u63d0\u5347\u6740\u4f24\u529b\u548c\u5bfb\u6c42\u6253\u51fb\u6d77\u4e0a\u8230\u8247\u7684\u80fd\u529b\u3002", "events": [], "arguments": {"time": [], "loc": [{"text": "\u6d77\u4e0a", "offset": 31, "length": 2}], "country": [{"text": "\u7f8e\u56fd", "offset": 5, "length": 2}], "weapon": [{"text": "PrSM\u5bfc\u5f39", "offset": 9, "length": 6}, {"text": "\u6d77\u4e0a\u8230\u8247", "offset": 31, "length": 4}]}}, {"sentence": "\u7f8e\u56fd\u56fd\u9632\u90e8\u4e5f\u8ba1\u5212\u4e3a\u8be5\u5bfc\u5f39\u589e\u52a0\u5c04\u7a0b\u3002", "events": [{"trigger": {"text": "\u589e\u52a0\u5c04\u7a0b", "offset": 12, "length": 4}, "subject": {"text": "\u7f8e\u56fd\u56fd\u9632\u90e8", "offset": 0, "length": 5}, "object": {"text": "\u5bfc\u5f39", "offset": 10, "length": 2}}], "arguments": {"time": [], "loc": [], "country": [{"text": "\u7f8e\u56fd", "offset": 0, "length": 2}], "weapon": [{"text": "\u5bfc\u5f39", "offset": 10, "length": 2}]}}, {"sentence": "\u7f8e\u56fd\u9646\u519b\u8fd8\u5728\u5bfb\u6c42\u4e00\u770b\u80fd\u591f\u6253\u51fb\u6d77\u4e0a\u76ee\u6807\u7684\u4e2d\u7a0b\u5bfc\u5f39\u3002", "events": [], "arguments": {"time": [], "loc": [{"text": "\u6d77\u4e0a", "offset": 14, "length": 2}], "country": [{"text": "\u7f8e\u56fd", "offset": 0, "length": 2}], "weapon": [{"text": "\u4e2d\u7a0b\u5bfc\u5f39", "offset": 19, "length": 4}]}}, {"sentence": "\u62c9\u5f17\u8482\u8bf4\uff1a\u201c\u8fd9\u662f\u4e00\u79cd\u5f88\u6709\u610f\u601d\u7684\u6253\u51fb\u6d77\u4e0a\u76ee\u6807\u7684\u65b9\u5f0f\uff0c\u7814\u7a76PrSM\u5bfc\u5f39\u6253\u51fb\u6d77\u4e0a\u8230\u8247\u7684\u80fd\u529b\u63d0\u4f9b\u4e86\u4e00\u4e2a\u5f88\u597d\u7684\u5f00\u7aef\uff0c\u7f8e\u56fd\u9646\u519b\u5c06\u5728\u4eca\u5e74\u79cb\u5929\u7ee7\u7eed\u6d4b\u8bd5\u5f15\u5bfc\u5934\u7684\u5236\u5bfc\u80fd\u529b\u3002", "events": [{"trigger": {"text": "\u7814\u7a76", "offset": 25, "length": 2}, "subject": {"text": "\u7f8e\u56fd\u9646\u519b", "offset": 53, "length": 4}, "object": {"text": "PrSM\u5bfc\u5f39\u6253\u51fb\u6d77\u4e0a\u8230\u8247\u7684\u80fd\u529b", "offset": 27, "length": 15}}, {"trigger": {"text": "\u7ee7\u7eed\u6d4b\u8bd5", "offset": 63, "length": 4}, "subject": {"text": "\u7f8e\u56fd\u9646\u519b", "offset": 53, "length": 4}, "object": {"text": "\u5f15\u5bfc\u5934\u7684\u5236\u5bfc\u80fd\u529b", "offset": 67, "length": 8}}], "arguments": {"time": [], "loc": [{"text": "\u6d77\u4e0a", "offset": 17, "length": 2}, {"text": "\u6d77\u4e0a", "offset": 35, "length": 2}], "country": [{"text": "\u7f8e\u56fd", "offset": 53, "length": 2}], "weapon": [{"text": "PrSM\u5bfc\u5f39", "offset": 27, "length": 6}]}}, {"sentence": "\u201d", "events": [], "arguments": {"time": [], "loc": [], "country": [], "weapon": []}}]