[{"sentence": "\u5ae6\u5a25\u4e94\u53f7\u201c\u56de\u5bb6\u201d\u4e4b\u9645\uff0c\u201c\u5ae6\u5a25\u4e4b\u7236\u201d\u6709\u8bdd\u8bf4", "events": [], "arguments": {"time": [], "loc": [], "country": [], "weapon": []}}, {"sentence": "\u3010\u73af\u7403\u7f51\u519b\u4e8b/\u822a\u7a7a\u62a5\u9053\u3011", "events": [], "arguments": {"time": [], "loc": [], "country": [], "weapon": []}}, {"sentence": "\u643a\u5e26\u6b64\u524d\u91c7\u96c6\u7684\u6708\u58e4\u6837\u54c1\u7684\u201c\u5ae6\u5a25\u4e94\u53f7\u201d\u8f68\u9053\u5668\u548c\u8fd4\u56de\u5668\u7ec4\u5408\u4f53\u76ee\u524d\u6b63\u5728\u4ece\u6708\u7403\u8fd4\u56de\u5730\u7403\u7684\u9014\u4e2d\u3002", "events": [], "arguments": {"time": [], "loc": [], "country": [], "weapon": [{"text": "\u201c\u5ae6\u5a25\u4e94\u53f7\u201d\u8f68\u9053\u5668", "offset": 12, "length": 9}, {"text": "\u8fd4\u56de\u5668", "offset": 22, "length": 3}]}}, {"sentence": "\u5f85\u7ec4\u5408\u4f53\u98de\u884c\u5230\u8ddd\u79bb\u5730\u74035000\u516c\u91cc\u7684\u9ad8\u5ea6\u65f6\uff0c\u627f\u62c5\u5730\u6708\u5f80\u8fd4\u8fd0\u8f93\u4efb\u52a1\u7684\u5ae6\u5a25\u4e94\u53f7\u8f68\u9053\u5668\u5c06\u4e0e\u8fd4\u56de\u5668\u5206\u79bb\uff0c\u8fd4\u56de\u5668\u5c06\u72ec\u81ea\u643a\u5e26\u6708\u58e4\u6837\u54c1\u5728\u5185\u8499\u53e4\u56db\u5b50\u738b\u65d7\u7740\u9646\u573a\u7740\u9646\u3002", "events": [], "arguments": {"time": [], "loc": [{"text": "\u5185\u8499\u53e4\u56db\u5b50\u738b\u65d7\u7740\u9646\u573a", "offset": 61, "length": 10}], "country": [], "weapon": [{"text": "\u5ae6\u5a25\u4e94\u53f7\u8f68\u9053\u5668", "offset": 33, "length": 7}]}}, {"sentence": "\u5c31\u5728\u201c\u5ae6\u5a25\u4e94\u53f7\u201d\u5373\u5c06\u5b8c\u6210\u9996\u6b21\u6708\u7403\u201c\u6316\u571f\u201d\u4efb\u52a1\u4e4b\u9645\uff0c\u4e2d\u56fd\u63a2\u6708\u5de5\u7a0b\u79d1\u5b66\u5e94\u7528\u9996\u4efb\u9996\u5e2d\u79d1\u5b66\u5bb6\u3001\u88ab\u8a89\u4e3a\u201c\u5ae6\u5a25\u4e4b\u7236\u201d\u7684\u6b27\u9633\u81ea\u8fdc\u9662\u58eb\u63a5\u53d7\u4e86\u73af\u7403\u7f51\u8bb0\u8005\u7684\u91c7\u8bbf\uff0c\u8be6\u7ec6\u89e3\u8bfb\u4e86\u4e2d\u56fd\u63a2\u6708\u5de5\u7a0b\u7684\u73b0\u5728\u4e0e\u672a\u6765\u3002", "events": [], "arguments": {"time": [], "loc": [], "country": [{"text": "\u4e2d\u56fd", "offset": 25, "length": 2}, {"text": "\u4e2d\u56fd", "offset": 76, "length": 2}], "weapon": [{"text": "\u201c\u5ae6\u5a25\u4e94\u53f7\u201d", "offset": 2, "length": 6}]}}, {"sentence": "\u5ae6\u5a25\u4e94\u53f7\u8fd4\u56de\u5668\u5982\u4f55\u56de\u5230\u5730\u7403\uff1f", "events": [], "arguments": {"time": [], "loc": [], "country": [], "weapon": [{"text": "\u5ae6\u5a25\u4e94\u53f7\u8fd4\u56de\u5668", "offset": 0, "length": 7}]}}, {"sentence": "\u6b27\u9633\u81ea\u8fdc\u9662\u58eb\u8868\u793a\uff0c\u8f68\u8fd4\u7ec4\u5408\u4f53\u4e0e\u4e0a\u5347\u5668\u5206\u79bb\u540e\uff0c\u5728\u73af\u6708\u8f68\u9053\u505c\u7559\u51e0\u5929\uff0c\u7b49\u5f85\u6708\u5730\u8f6c\u79fb\u7a97\u53e3\u3002", "events": [], "arguments": {"time": [], "loc": [], "country": [], "weapon": []}}, {"sentence": "\u5728\u5b9e\u65bd\u6708\u5730\u8f6c\u79fb\u5165\u5c04\u673a\u52a8\u540e\uff0c\u8fdb\u5165\u6708\u5730\u8f6c\u79fb\u8f68\u9053\u3002", "events": [], "arguments": {"time": [], "loc": [], "country": [], "weapon": []}}, {"sentence": "\u4e3a\u4e86\u786e\u4fdd\u8fd4\u56de\u5668\u7cbe\u51c6\u964d\u843d\u81f3\u4f4d\u4e8e\u5185\u8499\u53e4\u7684\u6307\u5b9a\u964d\u843d\u573a\u5185\uff0c\u98de\u884c\u51e0\u5929\u8fd8\u8981\u8fdb\u884c\u51e0\u6b21\u4e2d\u9014\u4fee\u6b63\uff0c\u6d4b\u63a7\u4e0e\u56de\u6536\u7cfb\u7edf\u7cbe\u786e\u786e\u5b9a\u8fd4\u56de\u8f68\u9053\uff0c\u5e76\u5c06\u9ad8\u7cbe\u5ea6\u53c2\u6570\u6ce8\u5165\u8f68\u9053\u5668\uff0c\u4e3a\u540e\u7eed\u8f68-\u8fd4\u5206\u79bb\u548c\u518d\u5165\u5236\u5bfc\u5bfc\u822a\u63d0\u4f9b\u57fa\u51c6\u3002", "events": [], "arguments": {"time": [], "loc": [], "country": [], "weapon": []}}, {"sentence": "\u5f53\u8fbe\u5230\u4e00\u5b9a\u98de\u884c\u9ad8\u5ea6\u65f6\uff0c\u8f68\u9053\u5668\u5728\u964d\u843d\u573a\u4e0a\u7a7a\u91ca\u653e\u51fa\u643a\u5e26\u6708\u7403\u6837\u54c1\u7684\u8fd4\u56de\u5668\u3002", "events": [], "arguments": {"time": [], "loc": [], "country": [], "weapon": []}}, {"sentence": "\u800c\u8fd9\u65f6\u98de\u8239\u7684\u901f\u5ea6\u9ad8\u8fbe\u6bcf\u79d210\u81f312\u516c\u91cc\uff08\u63a5\u8fd1\u7b2c\u4e8c\u5b87\u5b99\u901f\u5ea6\uff09\uff0c\u5982\u679c\u8ba9\u8fd4\u56de\u5668\u76f4\u63a5\u7838\u5165\u5927\u6c14\u5c42\u4e2d\uff0c\u8fc7\u5feb\u7684\u901f\u5ea6\u4f1a\u8ba9\u8fd4\u56de\u5668\u70e7\u6bc1\u3002", "events": [], "arguments": {"time": [], "loc": [], "country": [], "weapon": []}}, {"sentence": "\u6b27\u9633\u81ea\u8fdc\u9662\u58eb\u8bf4\uff1a\u201c\u6211\u4eec\u4e4b\u524d\u505a\u8fc7\u7a7a\u95f4\u8bd5\u9a8c\uff0c\u5c31\u662f\u5b83\u4e00\u7838\u8fdb\u6765\uff0c\u6211\u4eec\u80fd\u4e0d\u80fd\u8ba9\u5b83\u518d\u8df3\u51fa\u5927\u6c14\u5c42\uff0c\u7136\u540e\u518d\u81ea\u5df1\u843d\u4e0b\u6765\uff0c\u8fd9\u4e9b\u90fd\u8981\u7b97\u5f97\u5f88\u7cbe\u786e\u3002", "events": [], "arguments": {"time": [], "loc": [], "country": [], "weapon": []}}, {"sentence": "\u201d", "events": [], "arguments": {"time": [], "loc": [], "country": [], "weapon": []}}, {"sentence": "\u6b27\u9633\u81ea\u8fdc\u9662\u58eb\u5f62\u5bb9\uff0c\u8fd9\u4e00\u8fc7\u7a0b\u5c31\u50cf\u5c0f\u5b69\u7528\u4e00\u5757\u77f3\u5934\u5728\u6c34\u4e0a\u6253\u4e86\u4e00\u4e2a\u6c34\u6f02\uff0c\u77f3\u5934\u9ad8\u901f\u7838\u8fdb\u6c34\u9762\u540e\u53c8\u5f39\u8d77\u6765\uff0c\u518d\u843d\u4e0b\u65f6\u77f3\u5934\u7684\u901f\u5ea6\u4f1a\u660e\u663e\u4e0b\u964d\u3002", "events": [], "arguments": {"time": [], "loc": [], "country": [], "weapon": []}}, {"sentence": "\u201c\u6211\u4eec\u5c31\u662f\u4eff\u7167\u8fd9\u79cd\u529e\u6cd5\uff0c\u8ba9\u8fd4\u56de\u5668\u5728\u5927\u6c14\u5c42\u6253\u4e86\u4e00\u4e2a\u6c34\u6f02\uff0c\u7136\u540e\u518d\u8ba9\u5b83\u843d\u4e0b\u6765\uff0c\u201d\u6b27\u9633\u81ea\u8fdc\u9662\u58eb\u8bf4\u3002", "events": [], "arguments": {"time": [], "loc": [], "country": [], "weapon": []}}, {"sentence": "\u5728\u8fd4\u56de\u5668\u8ddd\u79bb\u5730\u9762\u6bd4\u8f83\u8fd1\u7684\u65f6\u5019\uff0c\u518d\u6253\u5f00\u964d\u843d\u4f1e\u7f13\u6162\u7740\u9646\u3002", "events": [], "arguments": {"time": [], "loc": [], "country": [], "weapon": []}}, {"sentence": "\u5bf9\u4e8e\u8fd4\u56de\u5668\u7740\u9646\u540e\u6708\u7403\u571f\u58e4\u5ca9\u77f3\u6837\u54c1\u5982\u4f55\u63d0\u53d6\uff0c\u6b27\u9633\u81ea\u8fdc\u9662\u58eb\u8bf4\uff1a\u201c\u5047\u5982\u6708\u7403\u6837\u54c1\u66b4\u9732\u5728\u5730\u7403\u7a7a\u6c14\u4e2d\uff0c\u5c31\u4f1a\u53d7\u5230\u5404\u79cd\u6c61\u67d3\uff0c\u6240\u4ee5\u5728\u56de\u6536\u4ea4\u63a5\u540e\uff0c\u9700\u8981\u5728\u73b0\u573a\u8fdb\u884c\u5c01\u88c5\uff0c\u5728\u5bb9\u5668\u4e2d\u5145\u6ee1\u6c2e\u6c14\uff0c\u5c01\u5b58\u540e\u518d\u8fdb\u884c\u8fd0\u8f7d\u3002", "events": [], "arguments": {"time": [], "loc": [], "country": [], "weapon": []}}, {"sentence": "\u201d", "events": [], "arguments": {"time": [], "loc": [], "country": [], "weapon": []}}, {"sentence": "\u5ae6\u5a25\u4e94\u53f7\u201c\u6316\u571f\u201d\u5730\u70b9\u9009\u5740\u610f\u4e49\u975e\u51e1", "events": [], "arguments": {"time": [], "loc": [], "country": [], "weapon": [{"text": "\u5ae6\u5a25\u4e94\u53f7", "offset": 0, "length": 4}]}}, {"sentence": "\u6b27\u9633\u81ea\u8fdc\u9662\u58eb\u8bf4\uff0c\u201c\u5ae6\u5a25\u4e94\u53f7\u201d\u7740\u9646\u5668\u4e0e\u4e0a\u5347\u5668\u7ec4\u5408\u4f53\u9009\u62e9\u7684\u7740\u9646\u533a\uff0c\u5728\u98ce\u66b4\u6d0b\u7684\u897f\u5317\u90e8\uff0c\u8fd9\u5757\u533a\u57df\u8ddd\u79bb\u7f8e\u56fd\u201c\u963f\u6ce2\u7f57\u201d\u53f7\u7cfb\u5217\u98de\u82396\u6b21\u767b\u6708\u91c7\u6837\u7684\u5730\u70b9\u4ee5\u53ca\u82cf\u8054LK\u98de\u82393\u6b21\u767b\u6708\u91c7\u6837\u7684\u5730\u70b9\u8ddd\u79bb\u90fd\u57281000\u516c\u91cc\u4ee5\u4e0a\u3002", "events": [], "arguments": {"time": [], "loc": [{"text": "\u98ce\u66b4\u6d0b", "offset": 32, "length": 3}, {"text": "\u90e8", "offset": 0, "length": 1}], "country": [{"text": "\u7f8e\u56fd", "offset": 46, "length": 2}, {"text": "\u82cf\u8054", "offset": 69, "length": 2}], "weapon": [{"text": "\u201c\u5ae6\u5a25\u4e94\u53f7\u201d\u7740\u9646\u5668", "offset": 8, "length": 9}, {"text": "\u201c\u963f\u6ce2\u7f57\u201d\u53f7\u7cfb\u5217\u98de\u8239", "offset": 48, "length": 10}, {"text": "LK\u98de\u8239", "offset": 71, "length": 4}]}}, {"sentence": "\u6708\u7403\u6709\u774045\u4ebf\u5e74\u7684\u5386\u53f2\uff0c\u76ee\u524d\u4eba\u7c7b\u5bf9\u6708\u7403\u5386\u53f2\u7684\u4e86\u89e3\u572845\u4ebf\u5e74\u524d\u523030\u4ebf\u5e74\u524d\u4e4b\u95f4\uff0c\u6b64\u524d\u4eba\u7c7b\u4ece\u6708\u7403\u5e26\u56de\u7684\u571f\u58e4\u5ca9\u77f3\u4e5f\u57fa\u672c\u90fd\u5728\u8fd9\u4e00\u65f6\u95f4\u6bb5\u5185\u3002", "events": [], "arguments": {"time": [], "loc": [], "country": [], "weapon": []}}, {"sentence": "\u6b64\u524d\u66fe\u6709\u7814\u7a76\u8868\u660e\uff0c\u5c31\u5728\u98ce\u66b4\u6d0b\u7684\u897f\u5317\u90e8\u533a\u57df\uff0c\u53ef\u80fd\u6709\u6bd4\u8f83\u201c\u5e74\u8f7b\u201d\u7684\u6708\u5ca9\u3001\u6708\u58e4\u3002", "events": [], "arguments": {"time": [], "loc": [], "country": [], "weapon": []}}, {"sentence": "\u76f8\u6bd4\u76ee\u524d\u5df2\u77e5\u7684\u6708\u7403\u5df2\u670940\u591a\u4ebf\u5e74\u7684\u5386\u53f2\uff0c\u8fd9\u4e9b\u6708\u5ca9\u3001\u6708\u58e4\u7684\u5f62\u6210\u65f6\u95f4\u53ef\u80fd\u5728\u8ddd\u4eca20\u4ebf\u5e74\u524d\u751a\u81f36\u4ebf\u5e74\u524d\uff0c\u8fd9\u4e5f\u662f\u4eba\u7c7b\u76ee\u524d\u672a\u66fe\u627e\u5230\u8fc7\u7684\u6708\u7403\u201c\u6700\u5e74\u8f7b\u201d\u7684\u6708\u9762\uff0c\u8fd9\u5c06\u6709\u52a9\u4e8e\u79d1\u5b66\u5bb6\u4eec\u4e86\u89e3\u6708\u7403\u7684\u5b8c\u6574\u5386\u53f2\u3002", "events": [], "arguments": {"time": [], "loc": [], "country": [], "weapon": []}}, {"sentence": "\u6b27\u9633\u81ea\u8fdc\u9662\u58eb\u8bf4\uff1a\u201c\u2018\u5ae6\u5a25\u4e94\u53f7\u2019\u7684\u79d1\u5b66\u76ee\u6807\u4e4b\u4e00\uff0c\u5c31\u662f\u8981\u628a\u8fd9\u4e9b\u6708\u5ca9\u3001\u6708\u58e4\u62ff\u56de\u6765\uff0c\u6d4b\u91cf\u5b83\u4eec\u7684\u5e74\u9f84\uff0c\u4e86\u89e3\u5f53\u65f6\u7684\u6708\u7403\u73af\u5883\uff0c\u5ef6\u7eed\u6708\u7403\u6700\u8fd1\u7684\u5386\u53f2\u3002", "events": [], "arguments": {"time": [], "loc": [], "country": [], "weapon": [{"text": "\u2018\u5ae6\u5a25\u4e94\u53f7\u2019", "offset": 9, "length": 6}]}}, {"sentence": "\u201d", "events": [], "arguments": {"time": [], "loc": [], "country": [], "weapon": []}}, {"sentence": "\u6b27\u9633\u81ea\u8fdc\u9662\u58eb\u8fd8\u63d0\u5230\uff0c\u867d\u7136\u6708\u7403\u73b0\u5728\u5df2\u7ecf\u786e\u5b9e\u662f\u53ea\u5269\u4e0b\u4e00\u5177\u8eaf\u58f3\uff0c\u5185\u90e8\u5df2\u7ecf\u6ca1\u6709\u80fd\u91cf\uff0c\u4f46\u662f\u6708\u6838\u80fd\u91cf\u7684\u6d88\u901d\u662f\u5230\u5e95\u662f6\u4ebf\u5e74\u524d\u300110\u4ebf\u5e74\u524d\u300120\u4ebf\u5e74\u524d\u8fd8\u662f\u73b0\u5728\u6240\u77e5\u768430\u4ebf\u5e74\u4ee5\u524d\uff0c\u8fd9\u5728\u79d1\u5b66\u4e0a\u9700\u8981\u6709\u4e00\u4e2a\u5b9a\u8bba\u3002", "events": [], "arguments": {"time": [], "loc": [], "country": [], "weapon": []}}, {"sentence": "\u6240\u4ee5\u201c\u5ae6\u5a25\u4e94\u53f7\u201d\u6b64\u6b21\u4efb\u52a1\u6709\u7740\u7279\u6b8a\u610f\u4e49\uff0c\u5c31\u662f\u8981\u964d\u843d\u5728\u98ce\u66b4\u6d0b\u7684\u897f\u5317\u90e8\uff0c\u628a\u201c\u6700\u5e74\u8f7b\u201d\u7684\u6708\u5ca9\u3001\u6708\u58e4\u6837\u672c\u53d6\u56de\u6765\u3002", "events": [], "arguments": {"time": [], "loc": [{"text": "\u98ce\u66b4\u6d0b", "offset": 25, "length": 3}], "country": [], "weapon": [{"text": "\u201c\u5ae6\u5a25\u4e94\u53f7\u201d", "offset": 2, "length": 6}]}}, {"sentence": "\u4e2d\u56fd\u8fd8\u4f1a\u5230\u54ea\u4e9b\u5929\u4f53\u4e0a\u201c\u6316\u571f\u201d\uff1f", "events": [], "arguments": {"time": [], "loc": [], "country": [{"text": "\u4e2d\u56fd", "offset": 0, "length": 2}], "weapon": []}}, {"sentence": "\u6709\u4e86\u201c\u5ae6\u5a25\u4e94\u53f7\u201d\u6708\u7403\u201c\u6316\u571f\u201d\u7684\u6210\u529f\u7ecf\u9a8c\u540e\uff0c\u6211\u56fd\u662f\u5426\u8fd8\u4f1a\u767b\u4e0a\u5176\u4ed6\u5730\u5916\u5929\u4f53\u8fdb\u884c\u91c7\u6837\uff1f", "events": [], "arguments": {"time": [], "loc": [], "country": [], "weapon": [{"text": "\u201c\u5ae6\u5a25\u4e94\u53f7\u201d", "offset": 2, "length": 6}]}}, {"sentence": "\u6b27\u9633\u81ea\u8fdc\u9662\u58eb\u5728\u63a5\u53d7\u91c7\u8bbf\u65f6\u8bf4\uff0c\u4e2d\u56fd\u5230\u6708\u7403\u91c7\u6837\u8fd8\u662f\u7b2c\u4e00\u6b21\uff0c\u7f8e\u82cf\u90fd\u66fe\u6210\u529f\u5230\u6708\u7403\u91c7\u6837\uff0c\u7f8e\u56fd6\u6b21\u8f7d\u4eba\u767b\u6708\u91c7\u56de\u4e86381.7\u516c\u65a4\u7684\u6708\u7403\u7684\u5ca9\u77f3\u548c\u571f\u58e4\uff0c\u963f\u6ce2\u7f5711\u53f7\u9996\u6b21\u91c7\u96c6\u4e8622\u516c\u65a4\u6708\u5ca9\u548c\u6708\u58e4\u3002", "events": [], "arguments": {"time": [], "loc": [], "country": [{"text": "\u4e2d\u56fd", "offset": 14, "length": 2}, {"text": "\u7f8e\u56fd", "offset": 39, "length": 2}], "weapon": [{"text": "\u963f\u6ce2\u7f5711\u53f7", "offset": 67, "length": 6}]}}, {"sentence": "\u82cf\u8054\u7684\u63a2\u6d4b\u56683\u6b21\u767b\u9646\u6708\u7403\u6253\u94bb\u53d6\u6837\uff0c\u603b\u5171\u53d6\u68370.33\u516c\u65a4\uff0c\u9996\u6b21\u6708\u740316\u53f7\u4ec5\u91c7\u56de\u6708\u7403\u6837\u54c10.101\u516c\u65a4\u3002", "events": [], "arguments": {"time": [], "loc": [], "country": [{"text": "\u82cf\u8054", "offset": 0, "length": 2}], "weapon": [{"text": "\u63a2\u6d4b\u5668", "offset": 3, "length": 3}, {"text": "\u6708\u740316\u53f7", "offset": 30, "length": 5}]}}, {"sentence": "\u4e2d\u56fd\u9996\u6b21\u6708\u9762\u91c7\u6837\u53d6\u56de2\u516c\u65a4\u7684\u6837\u54c1\uff0c\u4f46\u6280\u672f\u6bd4\u7f8e\u82cf\u767b\u6708\u65f6\u8981\u66f4\u5b8c\u5584\u3002", "events": [], "arguments": {"time": [], "loc": [], "country": [{"text": "\u4e2d\u56fd", "offset": 0, "length": 2}], "weapon": []}}, {"sentence": "\u8fd9\u4e9b\u6837\u54c1\u5bf9\u4e8e\u79d1\u5b66\u5bb6\u4eec\u4e86\u89e3\u6708\u7403\u7684\u5386\u53f2\u76f8\u5f53\u6709\u5e2e\u52a9\u3002", "events": [], "arguments": {"time": [], "loc": [], "country": [], "weapon": []}}, {"sentence": "\u6b27\u9633\u81ea\u8fdc\u9662\u58eb\u8bf4\uff1a\u201c\u4e0b\u4e00\u6b65\uff0c\u6211\u4eec\u8981\u5230\u706b\u661f\u4e0a\u91c7\u6837\uff0c\u8fc7\u7a0b\u4e5f\u4e0e\u6708\u9762\u91c7\u6837\u7c7b\u4f3c\u3002", "events": [], "arguments": {"time": [], "loc": [], "country": [], "weapon": []}}, {"sentence": "\u6709\u4e86\u6708\u9762\u91c7\u6837\u7684\u7ecf\u9a8c\u540e\uff0c\u5bf9\u4e8e\u672a\u6765\u5230\u706b\u661f\u91c7\u6837\u4e5f\u662f\u5f88\u597d\u7684\u501f\u9274\u4f5c\u7528\u3002", "events": [], "arguments": {"time": [], "loc": [], "country": [], "weapon": []}}, {"sentence": "\u201d", "events": [], "arguments": {"time": [], "loc": [], "country": [], "weapon": []}}, {"sentence": "\u53e6\u5916\uff0c\u4e2d\u56fd\u5c06\u6765\u8fd8\u8981\u5728\u5bf9\u8fd1\u5730\u5c0f\u884c\u661f2016HO3\u8fdb\u884c\u7ed5\u98de\u63a2\u6d4b\u65f6\uff0c\u5728\u5176\u8868\u9762\u9644\u7740\u91c7\u96c6\u5c0f\u884c\u661f\u6837\u54c1\u3002", "events": [], "arguments": {"time": [], "loc": [], "country": [{"text": "\u4e2d\u56fd", "offset": 3, "length": 2}], "weapon": []}}, {"sentence": "\u636e\u6089\uff0c\u76ee\u524d\u5305\u62ec\u7f8e\u56fd\u3001\u65e5\u672c\u4ee5\u53ca\u6b27\u6d32\u90fd\u5728\u79ef\u6781\u5f00\u5c55\u5730\u5916\u5929\u4f53\u91c7\u6837\u5de5\u4f5c\u3002", "events": [], "arguments": {"time": [], "loc": [], "country": [{"text": "\u7f8e\u56fd", "offset": 7, "length": 2}, {"text": "\u65e5\u672c", "offset": 10, "length": 2}, {"text": "\u6b27\u6d32", "offset": 14, "length": 2}], "weapon": []}}, {"sentence": "\u6b27\u9633\u81ea\u8fdc\u9662\u58eb\u8868\u793a\uff0c\u6211\u56fd\u5f00\u5c55\u5730\u5916\u5929\u4f53\u91c7\u6837\uff0c\u5bf9\u4e8e\u6211\u4eec\u89e3\u5730\u5916\u5929\u4f53\u7684\u8d44\u6e90\u60c5\u51b5\u3001\u73af\u5883\u60c5\u51b5\u3001\u5386\u53f2\u4ee5\u53ca\u63d0\u9ad8\u6280\u672f\u6c34\u5e73\uff0c\u90fd\u662f\u6709\u597d\u5904\u7684\u3002", "events": [], "arguments": {"time": [], "loc": [], "country": [], "weapon": []}}, {"sentence": "\u5728\u8c08\u5230\u201c\u5ae6\u5a25\u4e94\u53f7\u201d\u662f\u5426\u4f1a\u63a8\u52a8\u6211\u56fd\u4e0b\u4e00\u6b65\u8f7d\u4eba\u767b\u6708\u7684\u76f8\u5173\u5de5\u4f5c\u65f6\uff0c\u6b27\u9633\u81ea\u8fdc\u9662\u58eb\u8bf4\uff1a\u201c\u2018\u5ae6\u5a25\u4e94\u53f7\u2019\u662f\u76ee\u524d\u6700\u590d\u6742\u7684\u4e00\u6b21\u4efb\u52a1\uff0c\u5305\u62ec\u53bb\u3001\u843d\u3001\u56de\u4e09\u4e2a\u6b65\u9aa4\uff0c\u5982\u679c\u662f\u8f7d\u4eba\u767b\u6708\u4e5f\u662f\u4e00\u6837\uff0c\u4f46\u4f1a\u5e26\u6765\u66f4\u591a\u590d\u6742\u7684\u95ee\u9898\uff0c\u8981\u6c42\u4e5f\u66f4\u9ad8\u3002", "events": [], "arguments": {"time": [], "loc": [], "country": [], "weapon": []}}, {"sentence": "\u2018\u5ae6\u5a25\u4e94\u53f7\u2019\u4e3a\u6211\u4eec\u8f7d\u4eba\u767b\u6708\u505a\u4e86\u4e00\u4e9b\u521d\u6b65\u7684\u6280\u672f\u4e0a\u7684\u8bd5\u9a8c\u3002", "events": [], "arguments": {"time": [], "loc": [], "country": [], "weapon": [{"text": "\u2018\u5ae6\u5a25\u4e94\u53f7\u2019", "offset": 0, "length": 6}]}}, {"sentence": "\u4e2d\u56fd\u73b0\u5728\u4e5f\u5728\u5b89\u6392\u505a\u5404\u79cd\u8bba\u8bc1\uff0c\u4e5f\u8981\u8fdb\u4e00\u6b65\u5b9e\u73b0\u8f7d\u4eba\u767b\u9646\u6708\u7403\u540c\u65f6\u53d6\u6837\u3002", "events": [], "arguments": {"time": [], "loc": [], "country": [{"text": "\u4e2d\u56fd", "offset": 0, "length": 2}], "weapon": []}}, {"sentence": "\u201d", "events": [], "arguments": {"time": [], "loc": [], "country": [], "weapon": []}}, {"sentence": "\u6b27\u9633\u81ea\u8fdc\u9662\u58eb\u8fd8\u8868\u793a\uff1a\u201c\u2018\u5ae6\u5a25\u4e94\u53f7\u2019\u8d77\u4e86\u975e\u5e38\u597d\u7684\u5148\u950b\u4f5c\u7528\uff0c\u63d0\u9ad8\u4e86\u6211\u4eec\u7684\u4fe1\u5fc3\uff0c\u6f14\u7ece\u4e86\u6211\u4eec\u7684\u6280\u672f\u80fd\u529b\uff0c\u662f\u975e\u5e38\u975e\u5e38\u597d\u7684\u4e00\u6b21\u5c1d\u8bd5\u3002", "events": [], "arguments": {"time": [], "loc": [], "country": [], "weapon": [{"text": "\u2018\u5ae6\u5a25\u4e94\u53f7\u2019", "offset": 11, "length": 6}]}}, {"sentence": "\u201d", "events": [], "arguments": {"time": [], "loc": [], "country": [], "weapon": []}}]