[{"sentence": "\u7f8e\u519b\u591a\u67b6B-52\u8f70\u70b8\u673a\u7a81\u7136\u73b0\u8eab\u5317\u975e\u00a0\u58f0\u79f0\u8981\u201c\u904f\u5236\u6709\u5bb3\u52bf\u529b\u201d", "events": [{"trigger": {"text": "\u73b0\u8eab", "offset": 13, "length": 2}, "subject": {"text": "\u7f8e\u519b\u591a\u67b6B-52\u8f70\u70b8\u673a", "offset": 0, "length": 11}, "object": {"text": "\u5317\u975e", "offset": 15, "length": 2}}], "arguments": {"time": [], "loc": [{"text": "\u5317\u975e", "offset": 15, "length": 2}], "country": [{"text": "\u7f8e", "offset": 0, "length": 1}], "weapon": [{"text": "B-52\u8f70\u70b8\u673a", "offset": 4, "length": 7}]}}, {"sentence": "\u3010\u73af\u7403\u7f51\u62a5\u9053 \u8bb0\u8005 \u5f90\u7490\u660e\u3011", "events": [], "arguments": {"time": [], "loc": [], "country": [], "weapon": []}}, {"sentence": "\u636e\u201c\u9632\u52a1\u535a\u5ba2\u201d\u7f51\u7ad99\u67089\u65e5\u62a5\u9053\uff0c\u7f8e\u56fd\u7a7a\u519b\u7684\u591a\u67b6B-52H\u6218\u7565\u8f70\u70b8\u673a\u8fd1\u65e5\u88ab\u53d1\u73b0\u5728\u5317\u975e\u4e0a\u7a7a\u8fdb\u884c\u98de\u884c\u3002", "events": [{"trigger": {"text": "\u98de\u884c", "offset": 45, "length": 2}, "subject": {"text": "\u7f8e\u56fd\u7a7a\u519b\u7684\u591a\u67b6B-52H\u6218\u7565\u8f70\u70b8\u673a", "offset": 16, "length": 17}, "object": {"text": "\u5317\u975e\u4e0a\u7a7a", "offset": 39, "length": 4}}], "arguments": {"time": [{"text": "9\u67089\u65e5", "offset": 9, "length": 4}], "loc": [{"text": "\u5317\u975e\u4e0a\u7a7a", "offset": 39, "length": 4}], "country": [{"text": "\u7f8e\u56fd", "offset": 16, "length": 2}], "weapon": [{"text": "B-52H\u6218\u7565\u8f70\u70b8\u673a", "offset": 23, "length": 10}]}}, {"sentence": "\u62a5\u9053\u79f0\uff0c\u7f8e\u56fd\u7a7a\u519b\u7684B-52\u6218\u7565\u8f70\u70b8\u673a\u4e8e9\u67087\u65e5\u88ab\u53d1\u73b0\u5728\u5317\u975e\u4e0a\u7a7a\u98de\u884c\u3002", "events": [{"trigger": {"text": "\u53d1\u73b0", "offset": 24, "length": 2}, "subject": {"text": "\u5317\u975e\u4e0a\u7a7a", "offset": 27, "length": 4}, "object": {"text": "\u7f8e\u56fd\u7a7a\u519b\u7684B-52\u6218\u7565\u8f70\u70b8\u673a", "offset": 4, "length": 14}}], "arguments": {"time": [{"text": "9\u67087\u65e5", "offset": 19, "length": 4}], "loc": [{"text": "\u5317\u975e\u4e0a\u7a7a", "offset": 27, "length": 4}], "country": [{"text": "\u7f8e\u56fd", "offset": 4, "length": 2}], "weapon": [{"text": "B-52\u6218\u7565\u8f70\u70b8\u673a", "offset": 9, "length": 9}]}}, {"sentence": "\u968f\u540e\u7f8e\u56fd\u975e\u6d32\u53f8\u4ee4\u90e8\u8bc1\u5b9e\uff0cB-52H\u8f70\u70b8\u673a\u4e0e\u6469\u6d1b\u54e5\u7a7a\u519b\u7684F-16\u6218\u6597\u673a\u4e00\u8d77\u5728\u8be5\u5730\u533a\u5f00\u5c55\u4e86\u8054\u5408\u8bad\u7ec3\u3002", "events": [{"trigger": {"text": "\u5f00\u5c55", "offset": 40, "length": 2}, "subject": {"text": "B-52H\u8f70\u70b8\u673a\u4e0e\u6469\u6d1b\u54e5\u7a7a\u519b\u7684F-16\u6218\u6597\u673a", "offset": 12, "length": 22}, "object": {"text": "\u8bad\u7ec3", "offset": 45, "length": 2}}, {"trigger": {"text": "\u8054\u5408\u8bad\u7ec3", "offset": 43, "length": 4}, "subject": {"text": "B-52H\u8f70\u70b8\u673a\u4e0e\u6469\u6d1b\u54e5\u7a7a\u519b\u7684F-16\u6218\u6597\u673a", "offset": 12, "length": 22}, "object": {"text": "\u8bad\u7ec3", "offset": 45, "length": 2}}], "arguments": {"time": [], "loc": [{"text": "\u975e\u6d32", "offset": 4, "length": 2}], "country": [{"text": "\u7f8e\u56fd", "offset": 2, "length": 2}, {"text": "\u6469\u6d1b\u54e5", "offset": 21, "length": 3}], "weapon": [{"text": "B-52H\u8f70\u70b8\u673a", "offset": 12, "length": 8}, {"text": "F-16\u6218\u6597\u673a", "offset": 27, "length": 7}]}}, {"sentence": "\u201c\u4e0e\u6211\u4eec\u7684\u975e\u6d32\u4f19\u4f34\u4e00\u8d77\u6267\u884c\u8fd9\u4e9b\u4efb\u52a1\uff0c\u663e\u793a\u4e86\u6211\u4eec\u8054\u5408\u90e8\u961f\u7684\u6218\u7565\u5f71\u54cd\u529b\uff0c\u4ee5\u53ca\u6211\u4eec\u5728\u975e\u6d32\u904f\u5236\u6709\u5bb3\u52bf\u529b\u7684\u5171\u540c\u627f\u8bfa\uff0c\u201d\u7f8e\u56fd\u975e\u6d32\u53f8\u4ee4\u90e8\u884c\u52a8\u4e3b\u4efb\u4e54\u5c14\u00b7\u6cf0\u52d2\u5c11\u5c06\u8bf4\u3002", "events": [], "arguments": {"time": [], "loc": [{"text": "\u975e\u6d32", "offset": 5, "length": 2}, {"text": "\u975e\u6d32", "offset": 39, "length": 2}, {"text": "\u975e\u6d32", "offset": 56, "length": 2}], "country": [{"text": "\u7f8e\u56fd", "offset": 54, "length": 2}], "weapon": []}}, {"sentence": "\u201c\u975e\u6d32\u5927\u9646\u7684\u5b89\u5168\u548c\u7a33\u5b9a\u4ecd\u7136\u662f\u7f8e\u56fd\u81f3\u5173\u91cd\u8981\u7684\u5229\u76ca\u3002", "events": [], "arguments": {"time": [], "loc": [{"text": "\u975e\u6d32", "offset": 1, "length": 2}], "country": [{"text": "\u7f8e\u56fd", "offset": 14, "length": 2}], "weapon": []}}, {"sentence": "\u201d", "events": [], "arguments": {"time": [], "loc": [], "country": [], "weapon": []}}, {"sentence": "\u6cf0\u52d2\u8fd8\u8bf4\uff1a\u201c\u8fd9\u4e9b\u52aa\u529b\u663e\u793a\u4e86\u6211\u4eec\u4e0e\u56fd\u9645\u4f19\u4f34\u90e8\u961f\u7684\u4e13\u4e1a\u3001\u654f\u6377\u548c\u6218\u6597\u529b\uff0c\u4ee5\u5e94\u5bf9\u5f53\u4eca\u590d\u6742\u7684\u5168\u7403\u5b89\u5168\u73af\u5883\uff0c\u786e\u4fdd\u6211\u4eec\u5bf9\u5730\u4e2d\u6d77\u5730\u533a\u7684\u5b89\u5168\u627f\u8bfa\u3002", "events": [], "arguments": {"time": [], "loc": [{"text": "\u5730\u4e2d\u6d77\u5730\u533a", "offset": 53, "length": 5}], "country": [], "weapon": []}}, {"sentence": "\u201d", "events": [], "arguments": {"time": [], "loc": [], "country": [], "weapon": []}}, {"sentence": "\u8fd1\u671f\uff0c\u7f8e\u519b\u90e8\u7f72\u5230\u6b27\u6d32\u7684B-52\u6218\u7565\u8f70\u70b8\u673a\u52a8\u4f5c\u9891\u9891\uff0c\u63a5\u4e8c\u8fde\u4e09\u5730\u5f00\u5c55\u98de\u884c\u6d3b\u52a8\uff0c\u5c55\u793a\u5a01\u6151\u529b\u3002", "events": [], "arguments": {"time": [{"text": "\u8fd1\u671f", "offset": 0, "length": 2}], "loc": [], "country": [{"text": "\u7f8e", "offset": 3, "length": 1}, {"text": "\u6b27\u6d32", "offset": 8, "length": 2}], "weapon": [{"text": "B-52\u6218\u7565\u8f70\u70b8\u673a", "offset": 11, "length": 9}]}}, {"sentence": "9\u67084\u65e53\u67b6\u7f8e\u56fd\u7a7a\u519bB-52\u8f70\u70b8\u673a\u5728\u4e0e\u4e4c\u514b\u5170\u6218\u6597\u673a\u5f00\u5c55\u8054\u5408\u8bad\u7ec3\uff0c\u8fd8\u88ab\u53d1\u73b0\u98de\u8fd1\u4e86\u514b\u91cc\u7c73\u4e9a\u534a\u5c9b\u3002", "events": [{"trigger": {"text": "\u8054\u5408\u8bad\u7ec3", "offset": 27, "length": 4}, "subject": {"text": "\u7f8e\u56fd\u7a7a\u519bB-52\u8f70\u70b8\u673a\u5728\u4e0e\u4e4c\u514b\u5170\u6218\u6597\u673a", "offset": 6, "length": 19}, "object": {"text": "", "offset": 0, "length": 0}}], "arguments": {"time": [{"text": "9\u67084\u65e5", "offset": 0, "length": 4}], "loc": [{"text": "\u514b\u91cc\u7c73\u4e9a\u534a\u5c9b", "offset": 39, "length": 6}], "country": [{"text": "\u7f8e\u56fd", "offset": 6, "length": 2}, {"text": "\u4e4c\u514b\u5170", "offset": 19, "length": 3}], "weapon": [{"text": "B-52\u8f70\u70b8\u673a", "offset": 10, "length": 7}, {"text": "\u4e4c\u514b\u5170\u6218\u6597\u673a", "offset": 19, "length": 6}, {"text": "\u6218\u6597\u673a", "offset": 0, "length": 3}]}}, {"sentence": "\u89c2\u5bdf\u4eba\u58eb\u79f0\u5728\u8ddd\u79bb\u514b\u91cc\u7c73\u4e9a\u8fb9\u5883\u4ec525\u516c\u91cc\u7684\u5730\u65b9\u53d1\u73b0\u4e86B-52\u8f70\u70b8\u673a\u3002", "events": [], "arguments": {"time": [], "loc": [], "country": [{"text": "\u514b\u91cc\u7c73\u4e9a", "offset": 8, "length": 4}], "weapon": [{"text": "B-52\u8f70\u70b8\u673a", "offset": 25, "length": 7}]}}, {"sentence": "\u57288\u670828\u65e5\u7f8e\u519bB-52\u8f70\u70b8\u673a\u98de\u8d8a\u9ed1\u6d77\u4e0a\u7a7a\u65f6\uff0c\u906d\u5230\u4e86\u4e24\u67b6\u4fc4\u7f57\u65af\u82cf-27\u6218\u6597\u673a\u7684\u62e6\u622a\uff0c\u5176\u4e2d\u4e00\u67b6\u8ddd\u79bbB-52\u8f70\u70b8\u673a\u4e0d\u5230100\u82f1\u5c3a\uff08\u7ea6\u540830\u7c73\uff09\u3002", "events": [{"trigger": {"text": "\u62e6\u622a", "offset": 39, "length": 2}, "subject": {"text": "\u4e24\u67b6\u4fc4\u7f57\u65af\u82cf-27\u6218\u6597\u673a", "offset": 26, "length": 12}, "object": {"text": "\u7f8e\u519bB-52\u8f70\u70b8\u673a", "offset": 6, "length": 9}}], "arguments": {"time": [{"text": "8\u670828\u65e5", "offset": 1, "length": 5}], "loc": [{"text": "\u9ed1\u6d77", "offset": 17, "length": 2}], "country": [{"text": "\u7f8e", "offset": 6, "length": 1}, {"text": "\u4fc4\u7f57\u65af", "offset": 28, "length": 3}], "weapon": [{"text": "B-52\u8f70\u70b8\u673a", "offset": 48, "length": 7}, {"text": "\u82cf-27\u6218\u6597\u673a", "offset": 31, "length": 7}]}}]