[{"sentence": "\u7f8e\u519bMQ-4C\u65e0\u4eba\u673a\u672c\u6708\u7b2c3\u6b21\u73b0\u8eab\u5357\u6d77 \u540c\u578b\u673a\u6b64\u524d\u66fe\u88ab\u4f0a\u6717\u51fb\u843d", "events": [], "arguments": {"time": [{"text": "\u672c\u6708", "offset": 10, "length": 2}], "loc": [{"text": "\u5357\u6d77", "offset": 17, "length": 2}], "country": [{"text": "\u7f8e", "offset": 0, "length": 1}, {"text": "\u4f0a\u6717", "offset": 27, "length": 2}], "weapon": [{"text": "MQ-4C\u65e0\u4eba\u673a", "offset": 2, "length": 8}]}}, {"sentence": "\u3010\u73af\u7403\u7f51\u62a5\u9053 \u8bb0\u8005 \u5f90\u7490\u660e\u3011", "events": [], "arguments": {"time": [], "loc": [], "country": [], "weapon": []}}, {"sentence": "\u7f8e\u56fd\u6d77\u519b\u4e00\u67b6MQ-4C\u201c\u6d77\u795e\u201d\u65e0\u4eba\u673a\u88ab\u66dd\u4e8e12\u670815\u65e5\u98de\u5165\u5357\u6d77\u4e0a\u7a7a\uff0c\u8fd9\u5df2\u662f\u672c\u6708\u7b2c3\u6b21\u53d1\u73b0\u8fd9\u6b3e\u7f8e\u519b\u65e0\u4eba\u673a\u51fa\u73b0\u5728\u5357\u6d77\u3002", "events": [], "arguments": {"time": [{"text": "12\u670815\u65e5", "offset": 21, "length": 6}, {"text": "\u672c\u6708", "offset": 37, "length": 2}], "loc": [{"text": "\u5357\u6d77\u4e0a\u7a7a", "offset": 29, "length": 4}, {"text": "\u5357\u6d77", "offset": 54, "length": 2}], "country": [{"text": "\u7f8e\u56fd", "offset": 0, "length": 2}], "weapon": [{"text": "MQ-4C\u201c\u6d77\u795e\u201d\u65e0\u4eba\u673a", "offset": 6, "length": 12}]}}, {"sentence": "\u201c\u5357\u6d77\u6218\u7565\u6001\u52bf\u611f\u77e5\u201d\u8ba1\u5212\u5e73\u53f0\u53d1\u5e03\u7684\u7f8e\u519b\u65e0\u4eba\u673a12\u670815\u65e5\u5728\u5357\u6d77\u98de\u884c\u8def\u7ebf", "events": [], "arguments": {"time": [{"text": "12\u670815\u65e5", "offset": 22, "length": 6}], "loc": [{"text": "\u5357\u6d77", "offset": 1, "length": 2}, {"text": "\u5357\u6d77", "offset": 29, "length": 2}], "country": [{"text": "\u7f8e", "offset": 17, "length": 1}], "weapon": [{"text": "\u65e0\u4eba\u673a", "offset": 19, "length": 3}]}}, {"sentence": "\u201c\u5357\u6d77\u6218\u7565\u6001\u52bf\u611f\u77e5\u201d\u8ba1\u5212\u5e73\u53f012\u670815\u65e5\u53d1\u5e03\u6d88\u606f\u79f0\uff0c\u5f53\u5929\u4e00\u67b6\u7f8e\u56fd\u6d77\u519b\u7684MQ-4C\u65e0\u4eba\u4fa6\u5bdf\u673a\u51fa\u73b0\u5728\u5357\u6d77\u4e0a\u7a7a\uff0c\u8be5\u673a\u4e8e\u5f53\u5929\u4e2d\u5348\u5728\u53f0\u6e7e\u6d77\u5ce1\u5357\u7aef\u671d\u7740\u5e7f\u4e1c\u7701\u6d77\u5cb8\u98de\u884c\u3002", "events": [], "arguments": {"time": [{"text": "12\u670815\u65e5", "offset": 14, "length": 6}], "loc": [{"text": "\u5357\u6d77", "offset": 1, "length": 2}, {"text": "\u5357\u6d77\u4e0a\u7a7a", "offset": 48, "length": 4}, {"text": "\u53f0\u6e7e\u6d77\u5ce1\u5357\u7aef", "offset": 61, "length": 6}, {"text": "\u5e7f\u4e1c\u7701\u6d77\u5cb8", "offset": 69, "length": 5}], "country": [{"text": "\u7f8e\u56fd", "offset": 30, "length": 2}], "weapon": [{"text": "MQ-4C\u65e0\u4eba\u4fa6\u5bdf\u673a", "offset": 35, "length": 10}]}}, {"sentence": "\u8fd9\u662f\u672c\u6708\u7b2c\u4e09\u6b21\u5728\u5357\u6d77\u4e0a\u7a7a\u53d1\u73b0\u8be5\u578b\u65e0\u4eba\u673a\uff0c\u8be5\u673a\u8fd8\u66fe\u4e8e7\u67081\uff081\u6b21\uff09\u300111\u6708\uff082\u6b21\uff09\u8fdb\u5165\u8fc7\u5357\u6d77\u6d77\u57df\u4e0a\u7a7a\u3002", "events": [], "arguments": {"time": [{"text": "\u672c\u6708", "offset": 2, "length": 2}, {"text": "11\u6708", "offset": 33, "length": 3}], "loc": [{"text": "\u5357\u6d77\u4e0a\u7a7a", "offset": 8, "length": 4}], "country": [], "weapon": [{"text": "\u65e0\u4eba\u673a", "offset": 16, "length": 3}]}}, {"sentence": "MQ-4C\u201c\u6d77\u795e\u201d\u65e0\u4eba\u673a\u662f\u5728RQ-4\u201c\u5168\u7403\u9e70\u201d\u65e0\u4eba\u673a\u57fa\u7840\u4e0a\u9488\u5bf9\u7f8e\u56fd\u6d77\u519b\u9700\u6c42\u7814\u5236\u7684\u9ad8\u7a7a\u957f\u822a\u65f6\u65e0\u4eba\u673a\uff0c\u662f\u7f8e\u56fd\u6d77\u519b\u6700\u5148\u8fdb\u7684\u6c34\u9762\u76d1\u63a7\u5e73\u53f0\u4e4b\u4e00\u3002", "events": [], "arguments": {"time": [], "loc": [], "country": [{"text": "\u7f8e\u56fd", "offset": 31, "length": 2}, {"text": "\u7f8e\u56fd", "offset": 50, "length": 2}], "weapon": [{"text": "MQ-4C\u201c\u6d77\u795e\u201d\u65e0\u4eba\u673a", "offset": 0, "length": 12}, {"text": "RQ-4\u201c\u5168\u7403\u9e70\u201d\u65e0\u4eba\u673a", "offset": 14, "length": 12}, {"text": "\u7a7a\u957f\u822a\u65f6\u65e0\u4eba\u673a", "offset": 0, "length": 7}]}}, {"sentence": "\u8be5\u673a\u914d\u5907\u4e86\u96f7\u8fbe\u3001\u5149\u7535\u7b49\u5b8c\u5584\u7684\u63a2\u6d4b\u8bbe\u5907\uff0c\u53ef\u5927\u8303\u56f4\u76d1\u89c6\u6d77\u4e0a\u76ee\u6807\u3002", "events": [], "arguments": {"time": [], "loc": [{"text": "\u6d77\u4e0a", "offset": 25, "length": 2}], "country": [], "weapon": []}}, {"sentence": "\u8be5\u65e0\u4eba\u673a\u6700\u5927\u822a\u7a0b15186\u516c\u91cc\uff0c\u6700\u957f\u6ede\u7a7a\u65f6\u95f430\u5c0f\u65f6\u3002", "events": [], "arguments": {"time": [], "loc": [], "country": [], "weapon": [{"text": "\u65e0\u4eba\u673a", "offset": 1, "length": 3}]}}, {"sentence": "\u7f8e\u56fd\u6d77\u519bMQ-4C\u201c\u6d77\u795e\u201d\u65e0\u4eba\u673a", "events": [], "arguments": {"time": [], "loc": [], "country": [{"text": "\u7f8e\u56fd", "offset": 0, "length": 2}], "weapon": [{"text": "MQ-4C\u201c\u6d77\u795e\u201d\u65e0\u4eba\u673a", "offset": 4, "length": 12}]}}, {"sentence": "\u503c\u5f97\u6ce8\u610f\u7684\u662f\uff0c\u57282019\u5e746\u670820\u65e5\uff0c\u4e00\u67b6\u7f8e\u56fd\u6d77\u519b\u7684MQ-4C\u201c\u6d77\u795e\u201d\u65e0\u4eba\u673a\u5728\u5bf9\u4f0a\u6717\u5b9e\u65bd\u62b5\u8fd1\u4fa6\u5bdf\u65f6\uff0c\u88ab\u4f0a\u6717\u9632\u7a7a\u706b\u529b\u51fb\u843d\u3002", "events": [], "arguments": {"time": [{"text": "2019\u5e746\u670820\u65e5", "offset": 8, "length": 10}], "loc": [], "country": [{"text": "\u7f8e\u56fd", "offset": 21, "length": 2}, {"text": "\u4f0a\u6717", "offset": 40, "length": 2}, {"text": "\u4f0a\u6717", "offset": 51, "length": 2}], "weapon": [{"text": "MQ-4C\u201c\u6d77\u795e\u201d\u65e0\u4eba\u673a", "offset": 26, "length": 12}]}}, {"sentence": "\u4f0a\u6717\u4f0a\u65af\u5170\u9769\u547d\u536b\u961f\u5f53\u65f6\u53d1\u8868\u58f0\u660e\u79f0\uff0c\u7f8e\u56fd\u201c\u5168\u7403\u9e70\u201d\u65e0\u4eba\u673a\u5165\u4fb5\u8be5\u56fd\u5357\u90e8\uff0c\u5728\u5e93\u9ed8\u5df4\u62c9\u514b\u4e0a\u7a7a\u88ab\u51fb\u843d\u3002", "events": [], "arguments": {"time": [], "loc": [{"text": "\u5e93\u9ed8\u5df4\u62c9\u514b\u4e0a\u7a7a", "offset": 35, "length": 7}], "country": [{"text": "\u4f0a\u6717", "offset": 0, "length": 2}, {"text": "\u7f8e\u56fd", "offset": 17, "length": 2}], "weapon": [{"text": "\u201c\u5168\u7403\u9e70\u201d\u65e0\u4eba\u673a", "offset": 19, "length": 8}]}}, {"sentence": "\u5f53\u65f6\u6709\u4e13\u5bb6\u8868\u793a\uff0c\u7f8e\u56fd\u4eba\u5f80\u5f80\u5e76\u4e0d\u5b89\u5206\u5b88\u5df1\uff0c\u5229\u7528\u65e0\u4eba\u673a\u4e0d\u642d\u8f7d\u98de\u884c\u5458\uff0c\u5373\u4fbf\u88ab\u51fb\u843d\u653f\u6cbb\u98ce\u9669\u4e5f\u5f88\u5c0f\u7684\u4f18\u52bf\uff0c\u6709\u4e9b\u6709\u6043\u65e0\u6050\u3002", "events": [], "arguments": {"time": [], "loc": [], "country": [{"text": "\u7f8e\u56fd", "offset": 8, "length": 2}], "weapon": [{"text": "\u65e0\u4eba\u673a", "offset": 22, "length": 3}]}}, {"sentence": "\u201c\u5168\u7403\u9e70\u201d\u8fd9\u7c7b\u65e0\u4eba\u673a\u5f80\u5f80\u4f1a\u6253\u4e9b\u64e6\u8fb9\u7403\uff0c\u53ef\u80fd\u4f1a\u7d27\u8d34\u522b\u56fd\u7684\u9886\u6d77\u7ebf\u4e0a\u7a7a\u98de\u884c\uff0c\u751a\u81f3\u53ef\u80fd\u901a\u8fc7S\u578b\u673a\u52a8\uff0c\u4e00\u8fdb\u4e00\u51fa\uff0c\u6253\u201c\u65f6\u95f4\u5dee\u201d\u3002", "events": [], "arguments": {"time": [], "loc": [], "country": [], "weapon": [{"text": "\u201c\u5168\u7403\u9e70\u201d", "offset": 0, "length": 5}, {"text": "\u65e0\u4eba\u673a", "offset": 7, "length": 3}]}}, {"sentence": "\u5bf9\u4e8e\u7f8e\u519b\u8fd1\u671f\u5728\u4e2d\u56fd\u5468\u8fb9\u6d3b\u52a8\u9891\u7e41\u7b49\u60c5\u51b5\uff0c\u4e2d\u56fd\u56fd\u9632\u90e8\u65b0\u95fb\u53d1\u8a00\u4eba\u5434\u8c26\u5927\u6821\u6b64\u524d\u5728\u4f8b\u884c\u8bb0\u8005\u4f1a\u4e0a\u56de\u5e94\u79f0\uff0c\u8fd1\u671f\uff0c\u7f8e\u65b9\u52a0\u5927\u5bf9\u534e\u6311\u8845\u65bd\u538b\u529b\u5ea6\uff0c\u5bf9\u6b64\u6211\u4eec\u7684\u6001\u5ea6\u6e05\u6670\u660e\u786e\uff1a\u4e00\u662f\u53cd\u5bf9\uff0c\u4e8c\u662f\u4e0d\u6015\u3002", "events": [], "arguments": {"time": [], "loc": [{"text": "\u4e2d\u56fd\u5468\u8fb9", "offset": 7, "length": 4}], "country": [{"text": "\u4e2d\u56fd", "offset": 7, "length": 2}, {"text": "\u4e2d\u56fd", "offset": 19, "length": 2}, {"text": "\u7f8e\u65b9", "offset": 49, "length": 2}], "weapon": []}}, {"sentence": "\u7f8e\u65b9\u4e00\u4e9b\u653f\u5ba2\u5728\u5927\u9009\u524d\u4e3a\u4e86\u4e00\u5df1\u79c1\u5229\uff0c\u6781\u529b\u7834\u574f\u4e2d\u7f8e\u4e24\u56fd\u4e24\u519b\u5173\u7cfb\uff0c\u751a\u81f3\u5984\u56fe\u5236\u9020\u610f\u5916\u4e8b\u4ef6\u548c\u519b\u4e8b\u51b2\u7a81\uff0c\u8fd9\u79cd\u884c\u5f84\u7f6e\u53cc\u65b9\u4e00\u7ebf\u5b98\u5175\u751f\u547d\u5b89\u5371\u4e8e\u4e0d\u987e\uff0c\u7f6e\u4e24\u56fd\u4eba\u6c11\u6839\u672c\u5229\u76ca\u4e8e\u4e0d\u987e\uff0c\u7f6e\u4e16\u754c\u4eba\u6c11\u548c\u5e73\u8bc9\u6c42\u4e8e\u4e0d\u987e\uff0c\u662f\u6781\u4e0d\u5f97\u4eba\u5fc3\u7684\u3002", "events": [], "arguments": {"time": [], "loc": [], "country": [{"text": "\u7f8e\u65b9", "offset": 0, "length": 2}, {"text": "\u4e2d", "offset": 21, "length": 1}, {"text": "\u7f8e", "offset": 22, "length": 1}], "weapon": []}}, {"sentence": "\u4e2d\u56fd\u519b\u961f\u5c06\u575a\u5b9a\u634d\u536b\u56fd\u5bb6\u4e3b\u6743\u3001\u5b89\u5168\u3001\u53d1\u5c55\u5229\u76ca\uff0c\u575a\u5b9a\u7ef4\u62a4\u4e16\u754c\u548c\u5730\u533a\u548c\u5e73\u7a33\u5b9a\u3002", "events": [], "arguments": {"time": [], "loc": [], "country": [{"text": "\u4e2d\u56fd", "offset": 0, "length": 2}], "weapon": []}}, {"sentence": "\u6211\u4eec\u5949\u529d\u7f8e\u65b9\u4e00\u4e9b\u653f\u5ba2\u8ba4\u6e05\u73b0\u5b9e\uff0c\u4fdd\u6301\u7406\u6027\uff0c\u505c\u6b62\u6311\u8845\uff0c\u63a8\u52a8\u4e24\u56fd\u4e24\u519b\u5173\u7cfb\u56de\u5230\u6b63\u786e\u7684\u8f68\u9053\u3002", "events": [], "arguments": {"time": [], "loc": [], "country": [{"text": "\u7f8e\u65b9", "offset": 4, "length": 2}], "weapon": []}}]