[{"sentence": "\u7f8e\u5a92\uff1a\u4e00\u67b6\u7c73\u683c29\u6218\u673a\u5728\u5229\u6bd4\u4e9a\u88ab\u51fb\u843d\u00a0\u98de\u884c\u5458\u8df3\u4f1e\u540e\u8bf4\u4fc4\u8bed", "events": [{"trigger": {"text": "\u88ab\u51fb\u843d", "offset": 15, "length": 3}, "subject": {"text": "\u4e00\u67b6\u7c73\u683c29\u6218\u673a", "offset": 3, "length": 8}, "object": {"text": "", "offset": 0, "length": 0}}], "arguments": {"time": [], "loc": [{"text": "\u5229\u6bd4\u4e9a", "offset": 12, "length": 3}], "country": [{"text": "\u7f8e", "offset": 0, "length": 1}, {"text": "\u5229\u6bd4\u4e9a", "offset": 12, "length": 3}], "weapon": [{"text": "\u7c73\u683c29\u6218\u673a", "offset": 5, "length": 6}]}}, {"sentence": "\u3010\u73af\u7403\u7f51\u62a5\u9053 \u8bb0\u8005 \u5f90\u7490\u660e\u3011", "events": [], "arguments": {"time": [], "loc": [], "country": [], "weapon": []}}, {"sentence": "\u636e\u7f8e\u56fd\u201c\u9632\u52a1\u535a\u5ba2\u201d\u7f51\u7ad99\u67088\u65e5\u62a5\u9053\uff0c\u8fd1\u65e5\u4e00\u67b6\u7c73\u683c-29\u6218\u6597\u673a\u5728\u5229\u6bd4\u4e9a\u4e0a\u7a7a\u88ab\u51fb\u843d\uff0c\u800c\u8be5\u673a\u636e\u79f0\u662f\u5c5e\u4e8e\u4fc4\u7f57\u65af\u652f\u6301\u7684\u79c1\u4eba\u9632\u52a1\u627f\u5305\u5546\u3002", "events": [{"trigger": {"text": "\u51fb\u843d", "offset": 37, "length": 2}, "subject": {"text": "\u4e00\u67b6\u7c73\u683c-29\u6218\u6597\u673a", "offset": 20, "length": 10}, "object": {"text": "", "offset": 0, "length": 0}}], "arguments": {"time": [{"text": "9\u67088\u65e5", "offset": 11, "length": 4}], "loc": [{"text": "\u5229\u6bd4\u4e9a\u4e0a\u7a7a", "offset": 31, "length": 5}], "country": [{"text": "\u7f8e\u56fd", "offset": 1, "length": 2}, {"text": "\u5229\u6bd4\u4e9a", "offset": 31, "length": 3}, {"text": "\u4fc4\u7f57\u65af", "offset": 48, "length": 3}], "weapon": [{"text": "\u7c73\u683c-29\u6218\u6597\u673a", "offset": 22, "length": 8}]}}, {"sentence": "\u62a5\u9053\u79f0\uff0c\u8fd9\u67b6\u7c73\u683c-29\u6218\u6597\u673a\u5728\u5229\u6bd4\u4e9a\u82cf\u5c14\u7279\u9644\u8fd1\u88ab\u51fb\u843d\uff0c\u98de\u884c\u5458\u6210\u529f\u8df3\u4f1e\u3002", "events": [], "arguments": {"time": [], "loc": [{"text": "\u5229\u6bd4\u4e9a\u82cf\u5c14\u7279\u9644\u8fd1", "offset": 15, "length": 8}, {"text": "\u5229\u6bd4\u4e9a\u82cf\u5c14\u7279", "offset": 15, "length": 6}], "country": [{"text": "\u5229\u6bd4\u4e9a", "offset": 15, "length": 3}], "weapon": [{"text": "\u7c73\u683c-29\u6218\u6597\u673a", "offset": 6, "length": 8}]}}, {"sentence": "\u5728\u793e\u4ea4\u5a92\u4f53\u4e0a\u8fd8\u6d41\u4f20\u4e86\u4e00\u6bb5\u636e\u79f0\u662f\u98de\u884c\u5458\u62cd\u6444\u7684\u89c6\u9891\uff0c\u89c6\u9891\u4e2d\u53ef\u4ee5\u770b\u5230\u5730\u4e0a\u7684\u964d\u843d\u4f1e\u3001\u5934\u76d4\u3001\u65e0\u7ebf\u7535\u8bbe\u5907\u7b49\u7269\u54c1\uff0c\u89c6\u9891\u7684\u62cd\u6444\u8005\u8bf4\uff0c\u4ed6\u7684\u6218\u6597\u673a\u662f\u88ab\u51fb\u843d\u7684\uff0c\u800c\u4e0d\u662f\u56e0\u4e3a\u6280\u672f\u6545\u969c\u5760\u6bc1\u3002", "events": [], "arguments": {"time": [], "loc": [], "country": [], "weapon": [{"text": "\u6218\u6597\u673a", "offset": 60, "length": 3}]}}, {"sentence": "\u98de\u884c\u5458\u8df3\u4f1e\u540e\u62cd\u6444\u7684\u753b\u9762\uff0c\u53ef\u4ee5\u770b\u5230\u5730\u4e0a\u7684\u964d\u843d\u4f1e\u3001\u5934\u76d4\u3001\u65e0\u7ebf\u7535\u8bbe\u5907\u7b49\u7269\u54c1\u3002", "events": [], "arguments": {"time": [], "loc": [], "country": [], "weapon": []}}, {"sentence": "\u62a5\u9053\u5f3a\u8c03\uff0c\u8fd9\u540d\u98de\u884c\u5458\u8bf4\u7684\u662f\u4fc4\u8bed\uff0c\u957f\u7740\u4e5f\u662f\u4e00\u526f\u6b27\u6d32\u4eba\u7684\u9762\u5b54\u3002", "events": [], "arguments": {"time": [], "loc": [], "country": [{"text": "\u4fc4", "offset": 13, "length": 1}, {"text": "\u6b27\u6d32", "offset": 22, "length": 2}], "weapon": []}}, {"sentence": "\u89c6\u9891\u663e\u793a\uff0c\u968f\u540e\u98de\u6765\u4e86\u4e00\u67b6\u7c73-24\u6b66\u88c5\u76f4\u5347\u673a\uff0c\u7591\u4f3c\u662f\u6765\u5c06\u8df3\u4f1e\u7684\u98de\u884c\u5458\u63a5\u8d70\u3002", "events": [], "arguments": {"time": [], "loc": [], "country": [], "weapon": [{"text": "\u7c73-24\u6b66\u88c5\u76f4\u5347\u673a", "offset": 12, "length": 9}]}}, {"sentence": "\u7f8e\u56fd\u975e\u6d32\u53f8\u4ee4\u90e8\u66fe\u5728\u4eca\u5e745\u6708\u4e0b\u65ec\u53d1\u8868\u58f0\u660e\u79f0\uff0c\u4fc4\u7f57\u65af\u8fd1\u65e5\u5411\u5229\u6bd4\u4e9a\u90e8\u7f72\u4e86\u4e00\u6279\u6218\u673a\uff0c\u4ee5\u534f\u52a9\u4fc4\u7f57\u65af\u652f\u6301\u7684\u6b66\u88c5\u56e2\u4f53\u5728\u5229\u6bd4\u4e9a\u5f00\u5c55\u5730\u9762\u884c\u52a8\u3002", "events": [{"trigger": {"text": "\u90e8\u7f72", "offset": 30, "length": 2}, "subject": {"text": "\u4fc4\u7f57\u65af", "offset": 41, "length": 3}, "object": {"text": "\u4e00\u6279\u6218\u673a", "offset": 33, "length": 4}}], "arguments": {"time": [{"text": "\u4eca\u5e745\u6708\u4e0b\u65ec", "offset": 9, "length": 6}], "loc": [{"text": "\u975e\u6d32", "offset": 2, "length": 2}], "country": [{"text": "\u7f8e\u56fd", "offset": 0, "length": 2}, {"text": "\u4fc4\u7f57\u65af", "offset": 41, "length": 3}, {"text": "\u4fc4\u7f57\u65af", "offset": 21, "length": 3}, {"text": "\u5229\u6bd4\u4e9a", "offset": 27, "length": 3}, {"text": "\u5229\u6bd4\u4e9a", "offset": 52, "length": 3}], "weapon": [{"text": "\u6218\u673a", "offset": 35, "length": 2}]}}, {"sentence": "\u7f8e\u56fd\u975e\u6d32\u53f8\u4ee4\u90e8\u8868\u793a\uff0c\u4fc4\u7f57\u65af\u7684\u6218\u673a\u53ef\u4ee5\u4e3a\u96c7\u4f63\u519b\u63d0\u4f9b\u8fd1\u8ddd\u79bb\u7684\u706b\u529b\u652f\u63f4\uff0c\u4fc4\u7f57\u65af\u519b\u673a\u4ece\u4fc4\u5883\u5185\u7684\u57fa\u5730\u8d77\u98de\u540e\u5728\u53d9\u5229\u4e9a\u8f6c\u573a\uff0c\u968f\u540e\u98de\u62b5\u5229\u6bd4\u4e9a\u3002", "events": [], "arguments": {"time": [], "loc": [{"text": "\u5229\u6bd4\u4e9a", "offset": 59, "length": 3}, {"text": "\u4fc4\u5883\u5185\u7684\u57fa\u5730", "offset": 39, "length": 6}, {"text": "\u53d9\u5229\u4e9a\u8f6c\u573a", "offset": 49, "length": 5}, {"text": "\u975e\u6d32", "offset": 2, "length": 2}], "country": [{"text": "\u7f8e\u56fd", "offset": 0, "length": 2}, {"text": "\u4fc4\u7f57\u65af", "offset": 33, "length": 3}, {"text": "\u4fc4\u7f57\u65af", "offset": 10, "length": 3}, {"text": "\u53d9\u5229\u4e9a", "offset": 49, "length": 3}, {"text": "\u5229\u6bd4\u4e9a", "offset": 59, "length": 3}], "weapon": [{"text": "\u519b\u673a", "offset": 36, "length": 2}]}}, {"sentence": "\u7f8e\u519b\u79f0\uff0c\u4fc4\u7f57\u65af\u6218\u673a\u5728\u53d9\u5229\u4e9a\u91cd\u65b0\u55b7\u6f06\uff0c\u4ee5\u63a9\u9970\u5176\u8eab\u4efd\u3002", "events": [], "arguments": {"time": [], "loc": [], "country": [{"text": "\u7f8e", "offset": 0, "length": 1}, {"text": "\u4fc4\u7f57\u65af", "offset": 4, "length": 3}, {"text": "\u53d9\u5229\u4e9a", "offset": 10, "length": 3}], "weapon": [{"text": "\u6218\u673a", "offset": 7, "length": 2}]}}, {"sentence": "\u9664\u4e86\u53d1\u5e03\u58f0\u660e\u6307\u8d23\u4fc4\u7f57\u65af\u5411\u5229\u6bd4\u4e9a\u6d3e\u51fa\u6218\u673a\u5916\uff0c\u7f8e\u56fd\u975e\u6d32\u53f8\u4ee4\u90e8\u8fd8\u62ff\u51fa\u4e86\u201c\u8bc1\u636e\u201d\uff0c\u516c\u5e03\u4e86\u591a\u5f20\u636e\u79f0\u662f\u4fc4\u7f57\u65af\u6218\u673a\u524d\u5f80\u5229\u6bd4\u4e9a\u90e8\u7f72\u7684\u7167\u7247\u3002", "events": [], "arguments": {"time": [], "loc": [{"text": "\u5229\u6bd4\u4e9a", "offset": 52, "length": 3}, {"text": "\u975e\u6d32", "offset": 23, "length": 2}], "country": [{"text": "\u4fc4\u7f57\u65af", "offset": 45, "length": 3}, {"text": "\u5229\u6bd4\u4e9a", "offset": 52, "length": 3}, {"text": "\u4fc4\u7f57\u65af", "offset": 8, "length": 3}, {"text": "\u5229\u6bd4\u4e9a", "offset": 12, "length": 3}, {"text": "\u7f8e\u56fd", "offset": 21, "length": 2}], "weapon": [{"text": "\u6218\u673a", "offset": 48, "length": 2}]}}, {"sentence": "\u98de\u884c\u5458\u6c42\u6551\u540e\u4e0d\u4e45\uff0c\u4e00\u67b6\u8eab\u4efd\u4e0d\u660e\u7684\u7c73-24\u6b66\u88c5\u76f4\u5347\u673a\u98de\u62b5\u73b0\u573a\u3002", "events": [], "arguments": {"time": [], "loc": [], "country": [], "weapon": [{"text": "\u7c73-24\u6b66\u88c5\u76f4\u5347\u673a", "offset": 16, "length": 9}]}}, {"sentence": "\u4fc4\u7f57\u65af\u56fd\u5bb6\u675c\u9a6c\u56fd\u9632\u59d4\u5458\u4f1a\u7b2c\u4e00\u526f\u4e3b\u5e2d\u5b89\u5fb7\u70c8\u514b\u62c9\u7d22\u592b\u5bf9\u6b64\u56de\u5e94\u8bf4\uff0c\u4fc4\u7f57\u65af\u5411\u5229\u6bd4\u4e9a\u6d3e\u9063\u6218\u673a\u8fdb\u884c\u8f70\u70b8\u7684\u8bf4\u6cd5\u201c\u4e0e\u73b0\u5b9e\u4e0d\u7b26\u201d\u3002", "events": [], "arguments": {"time": [], "loc": [], "country": [{"text": "\u4fc4\u7f57\u65af", "offset": 30, "length": 3}, {"text": "\u5229\u6bd4\u4e9a", "offset": 34, "length": 3}, {"text": "\u4fc4\u7f57\u65af", "offset": 0, "length": 3}], "weapon": [{"text": "\u6218\u673a", "offset": 39, "length": 2}]}}, {"sentence": "\u4ed6\u8bf4\uff1a\u201c\u4fc4\u7f57\u65af\u7684\u7acb\u573a\u662f\u4f17\u6240\u5468\u77e5\u7684\uff1a\u6211\u4eec\u8d5e\u6210\u7ed3\u675f\u5229\u6bd4\u4e9a\u7684\u6d41\u8840\u51b2\u7a81\uff0c\u6566\u4fc3\u51b2\u7a81\u5404\u65b9\u4e0d\u8981\u4f7f\u7528\u6b66\u5668\uff0c\u800c\u8981\u8fdb\u884c\u8c08\u5224\u3002", "events": [], "arguments": {"time": [], "loc": [{"text": "\u5229\u6bd4\u4e9a", "offset": 23, "length": 3}], "country": [{"text": "\u4fc4\u7f57\u65af", "offset": 4, "length": 3}, {"text": "\u5229\u6bd4\u4e9a", "offset": 23, "length": 3}], "weapon": []}}, {"sentence": "\u201d", "events": [], "arguments": {"time": [], "loc": [], "country": [], "weapon": []}}, {"sentence": "\u4fc4\u7f57\u65af\u5916\u957f\u62c9\u592b\u7f57\u592b\u6b64\u524d\u66fe\u8868\u793a\uff0c\u4fc4\u7f57\u65af\u5728\u5229\u6bd4\u4e9a\u51b2\u7a81\u4e2d\u4e0d\u7ad9\u5728\u4efb\u4f55\u4e00\u8fb9\uff0c\u5e76\u5c06\u5229\u6bd4\u4e9a\u4eba\u7684\u5229\u76ca\u653e\u5728\u9996\u4f4d\u3002", "events": [], "arguments": {"time": [], "loc": [], "country": [{"text": "\u4fc4\u7f57\u65af", "offset": 15, "length": 3}, {"text": "\u5229\u6bd4\u4e9a", "offset": 35, "length": 3}, {"text": "\u4fc4\u7f57\u65af", "offset": 0, "length": 3}, {"text": "\u5229\u6bd4\u4e9a", "offset": 19, "length": 3}], "weapon": []}}, {"sentence": "\u4ed6\u6307\u51fa\uff0c\u83ab\u65af\u79d1\u7684\u76ee\u6807\u662f\u6062\u590d\u5229\u6bd4\u4e9a\u5168\u5883\u7684\u548c\u5e73\u4e0e\u5b89\u5168\u3002", "events": [], "arguments": {"time": [], "loc": [{"text": "\u83ab\u65af\u79d1", "offset": 4, "length": 3}, {"text": "\u5883", "offset": 0, "length": 1}], "country": [{"text": "\u5229\u6bd4\u4e9a", "offset": 13, "length": 3}], "weapon": []}}, {"sentence": "\u6b64\u5916\uff0c\u4fc4\u603b\u7edf\u65b0\u95fb\u79d8\u4e66\u4f69\u65af\u79d1\u592b\u79f0\uff0c\u5229\u6bd4\u4e9a\u6ca1\u6709\u4efb\u4f55\u4fc4\u7f57\u65af\u519b\u961f\uff0c\u5e76\u6307\u51fa\uff0c\u8be5\u56fd\u8c03\u89e3\u7684\u552f\u4e00\u53ef\u80fd\u65b9\u6848\u662f\u51b2\u7a81\u5404\u65b9\u7684\u653f\u6cbb\u5916\u4ea4\u6c9f\u901a\u3002", "events": [], "arguments": {"time": [], "loc": [], "country": [{"text": "\u5229\u6bd4\u4e9a", "offset": 16, "length": 3}, {"text": "\u4fc4\u7f57\u65af", "offset": 23, "length": 3}], "weapon": []}}]