[{"sentence": "\u4fc4\u6218\u7565\u706b\u7bad\u5175\u53f8\u4ee4\uff1a\u4fc4\u519b\u6bcf\u5e74\u63a5\u6536\u7ea620\u5957\u4e9a\u5c14\u65af\u548c\u5148\u950b\u5bfc\u5f39\u7cfb\u7edf", "events": [], "arguments": {"time": [], "loc": [], "country": [{"text": "\u4fc4", "offset": 0, "length": 1}, {"text": "\u4fc4", "offset": 9, "length": 1}], "weapon": [{"text": "\u4e9a\u5c14\u65af\u548c\u5148\u950b\u5bfc\u5f39\u7cfb\u7edf", "offset": 19, "length": 10}]}}, {"sentence": "\u3010\u73af\u7403\u7f51\u519b\u4e8b\u62a5\u9053\u3011", "events": [], "arguments": {"time": [], "loc": [], "country": [], "weapon": []}}, {"sentence": "\u4fc4\u7f57\u65af\u536b\u661f\u901a\u8baf\u793e12\u670816\u65e5\u62a5\u9053\uff0c\u4fc4\u7f57\u65af\u6218\u7565\u706b\u7bad\u5175\u53f8\u4ee4\u8c22\u5c14\u76d6\u00b7\u5361\u62c9\u5361\u8036\u592b\u8868\u793a\uff0c\u4fc4\u519b\u90e8\u961f\u6bcf\u5e74\u63a5\u6536\u7ea620\u5957\u201c\u4e9a\u5c14\u65af\u201d\u548c\u201c\u5148\u950b\u201d\u5bfc\u5f39\u7cfb\u7edf\u3002", "events": [], "arguments": {"time": [{"text": "12\u670816\u65e5", "offset": 8, "length": 6}], "loc": [], "country": [{"text": "\u4fc4\u7f57\u65af", "offset": 0, "length": 3}, {"text": "\u4fc4\u7f57\u65af", "offset": 17, "length": 3}], "weapon": [{"text": "\u201c\u4e9a\u5c14\u65af\u201d", "offset": 51, "length": 5}, {"text": "\u201c\u5148\u950b\u201d\u5bfc\u5f39\u7cfb\u7edf", "offset": 57, "length": 8}]}}, {"sentence": "\u4fc4\u519b\u4e9a\u5c14\u65af\u6d32\u9645\u5bfc\u5f39\u5728\u96ea\u5730\u4e0a\u884c\u9a76", "events": [], "arguments": {"time": [], "loc": [], "country": [{"text": "\u4fc4", "offset": 0, "length": 1}], "weapon": [{"text": "\u4e9a\u5c14\u65af\u6d32\u9645\u5bfc\u5f39", "offset": 2, "length": 7}]}}, {"sentence": "\u5361\u62c9\u5361\u8036\u592b\u5728\u63a5\u53d7\u300a\u7ea2\u661f\u62a5\u300b\u91c7\u8bbf\u65f6\u8bf4\uff1a\u201c\uff08\u4fc4\u7f57\u65af\uff09\u56fd\u5185\u519b\u5de5\u4f01\u4e1a\u4e00\u76f4\u6309\u7167\u56fd\u5bb6\u6b66\u5668\u53d1\u5c55\u89c4\u5212\u89c4\u5b9a\u7684\u901f\u5ea6\u5411\u90e8\u961f\u4ea4\u4ed8\u65b0\u5bfc\u5f39\u7cfb\u7edf\u7684\u5404\u7ec4\u6210\u90e8\u5206\u3002", "events": [], "arguments": {"time": [], "loc": [], "country": [{"text": "\u4fc4\u7f57\u65af", "offset": 20, "length": 3}], "weapon": []}}, {"sentence": "\u9996\u5148\u5305\u62ec\u2018\u4e9a\u5c14\u65af\u2019\u4e95\u57fa\u56fa\u5b9a\u5f0f\u548c\u5730\u9762\u79fb\u52a8\u5f0f\u5bfc\u5f39\u7cfb\u7edf\u4ee5\u53ca\u2018\u5148\u950b\u2019\u56fa\u5b9a\u5f0f\u5bfc\u5f39\u7cfb\u7edf\uff0c\u6bcf\u5e74\u603b\u5171\uff08\u4ea4\u4ed8\uff09\u5927\u7ea620\u4e2a\u53d1\u5c04\u88c5\u7f6e\u53ca\u5176\u4fdd\u969c\u7cfb\u7edf\u3002", "events": [], "arguments": {"time": [], "loc": [], "country": [], "weapon": [{"text": "\u2018\u4e9a\u5c14\u65af\u2019\u4e95\u57fa\u56fa\u5b9a\u5f0f\u548c\u5730\u9762\u79fb\u52a8\u5f0f\u5bfc\u5f39\u7cfb\u7edf", "offset": 4, "length": 20}, {"text": "\u2018\u5148\u950b\u2019\u56fa\u5b9a\u5f0f\u5bfc\u5f39\u7cfb\u7edf", "offset": 26, "length": 11}]}}, {"sentence": "\u201d", "events": [], "arguments": {"time": [], "loc": [], "country": [], "weapon": []}}, {"sentence": "\u5361\u62c9\u5361\u8036\u592b\u63d0\u9192\u8bf4\uff0c\u76ee\u524d\u6218\u7565\u706b\u7bad\u5175\u6218\u6597\u5e8f\u5217\u5185\u6709\u5f88\u591a\u5bfc\u5f39\u7cfb\u7edf\uff0c\u4f5c\u6218\u5e94\u7528\u65b9\u6cd5\u5404\u5f02\u3002", "events": [], "arguments": {"time": [], "loc": [], "country": [], "weapon": [{"text": "\u5bfc\u5f39\u7cfb\u7edf", "offset": 24, "length": 4}]}}, {"sentence": "\u5176\u4e2d\u5305\u62ec\u201c\u5148\u950b\u201d\u3001\u201c\u519b\u653f\u957f\u5b98\u201d\u3001\u201c\u4e09\u68f1\u5315\u9996\u201d\u3001\u201c\u767d\u6768-M\u201d\u548c\u201c\u4e9a\u5c14\u65af\u201d\u56fa\u5b9a\u5f0f\u4e95\u57fa\u5bfc\u5f39\u7cfb\u7edf\u548c\u201c\u767d\u6768\u201d\u3001\u201c\u767d\u6768-M\u201d\u3001\u201c\u4e9a\u5c14\u65af\u201d\u5730\u9762\u79fb\u52a8\u5f0f\u5bfc\u5f39\u7cfb\u7edf\u3002", "events": [], "arguments": {"time": [], "loc": [], "country": [], "weapon": [{"text": "\u201c\u5148\u950b\u201d", "offset": 4, "length": 4}, {"text": "\u201c\u519b\u653f\u957f\u5b98\u201d", "offset": 9, "length": 6}, {"text": "\u201c\u4e09\u68f1\u5315\u9996\u201d", "offset": 16, "length": 6}, {"text": "\u201c\u767d\u6768-M\u201d", "offset": 23, "length": 6}, {"text": "\u201c\u4e9a\u5c14\u65af\u201d\u56fa\u5b9a\u5f0f\u4e95\u57fa\u5bfc\u5f39\u7cfb\u7edf", "offset": 30, "length": 14}, {"text": "\u201c\u767d\u6768-M\u201d", "offset": 50, "length": 6}, {"text": "\u201c\u4e9a\u5c14\u65af\u201d\u5730\u9762\u79fb\u52a8\u5f0f\u5bfc\u5f39\u7cfb\u7edf", "offset": 57, "length": 14}]}}, {"sentence": "\u5361\u62c9\u5361\u8036\u592b\u8868\u793a\uff0c2020\u5e74\u5e95\u524d\u4fc4\u7f57\u65af\u6218\u7565\u706b\u7bad\u5175\u5bfc\u5f39\u5175\u5668\u73b0\u4ee3\u5316\u578b\u53f7\u7684\u6bd4\u4f8b\u5df2\u7ecf\u8fbe\u523081%\u3002", "events": [], "arguments": {"time": [{"text": "2020\u5e74\u5e95", "offset": 8, "length": 6}], "loc": [], "country": [{"text": "\u4fc4\u7f57\u65af", "offset": 15, "length": 3}], "weapon": [{"text": "\u706b\u7bad\u5175\u5bfc\u5f39\u5175\u5668", "offset": 20, "length": 7}]}}, {"sentence": "\u4eca\u5e74\u6218\u7565\u706b\u7bad\u5175\u5404\u7ea7\u90e8\u961f\u8fdb\u884c\u4e86200\u591a\u573a\u6f14\u4e60\uff0c\u6765\u5e74\u201c\u6f14\u4e60\u6570\u91cf\u5c06\u4fdd\u6301\u4eca\u5e74\u7684\u53c2\u6570\u6c34\u5e73\u201d\u3002", "events": [], "arguments": {"time": [], "loc": [], "country": [], "weapon": []}}]