[{"sentence": "\u7f8e\u5a92\uff1a\u7f8e\u65a5\u8d44133\u4ebf\u7814\u5236\u201c\u6c11\u5175-3\u201d\u7ee7\u4efb\u8005", "events": [{"trigger": {"text": "\u7814\u5236", "offset": 10, "length": 2}, "subject": {"text": "\u7f8e", "offset": 3, "length": 1}, "object": {"text": "\u201c\u6c11\u5175-3\u201d\u7ee7\u4efb\u8005", "offset": 12, "length": 9}}], "arguments": {"time": [], "loc": [], "country": [{"text": "\u7f8e", "offset": 3, "length": 1}, {"text": "\u7f8e", "offset": 0, "length": 1}], "weapon": [{"text": "\u201c\u6c11\u5175-3\u201d\u7ee7\u4efb\u8005", "offset": 12, "length": 9}]}}, {"sentence": "\u3010\u73af\u7403\u65f6\u62a5\u8bb0\u8005 \u4efb\u91cd\u3011", "events": [], "arguments": {"time": [], "loc": [], "country": [], "weapon": []}}, {"sentence": "\u636e\u7f8e\u56fd\u300a\u9632\u52a1\u65b0\u95fb\u300b8\u65e5\u62a5\u9053\uff0c\u7f8e\u56fd\u8bfa\u65af\u7f57\u666e\u00b7\u683c\u9c81\u66fc\u516c\u53f8\u5f53\u5929\u5ba3\u5e03\uff0c\u4ed6\u4eec\u83b7\u5f97\u7f8e\u56fd\u7a7a\u519b133\u4ebf\u7f8e\u5143\u7684\u5408\u540c\uff0c\u5c06\u4e3a\u7f8e\u56fd\u7a7a\u519b\u7814\u53d1\u4e0b\u4e00\u4ee3\u6d32\u9645\u5f39\u9053\u5bfc\u5f39\u201c\u9646\u57fa\u6218\u7565\u5a01\u6151\u201d\uff08GBSD\uff09\u3002", "events": [{"trigger": {"text": "\u7814\u53d1", "offset": 55, "length": 2}, "subject": {"text": "\u7f8e\u56fd\u7a7a\u519b", "offset": 51, "length": 4}, "object": {"text": "\u4e0b\u4e00\u4ee3\u6d32\u9645\u5f39\u9053\u5bfc\u5f39\u201c\u9646\u57fa\u6218\u7565\u5a01\u6151\u201d\uff08GBSD\uff09", "offset": 57, "length": 23}}], "arguments": {"time": [{"text": "8\u65e5", "offset": 9, "length": 2}], "loc": [], "country": [{"text": "\u7f8e\u56fd", "offset": 51, "length": 2}, {"text": "\u7f8e\u56fd", "offset": 1, "length": 2}, {"text": "\u7f8e\u56fd", "offset": 14, "length": 2}, {"text": "\u7f8e\u56fd", "offset": 35, "length": 2}], "weapon": [{"text": "\u201c\u9646\u57fa\u6218\u7565\u5a01\u6151\u201d\uff08GBSD\uff09", "offset": 66, "length": 14}]}}, {"sentence": "\u8bfa\u00b7\u683c\u57288\u65e5\u7684\u4e00\u4efd\u58f0\u660e\u4e2d\u8bf4\uff0cGBSD\u5c06\u4ece2029\u5e74\u5f00\u59cb\u53d6\u4ee3\u201c\u6c11\u5175-3\u201d\u6d32\u9645\u5f39\u9053\u5bfc\u5f39\u3002", "events": [{"trigger": {"text": "\u5f00\u59cb\u53d6\u4ee3", "offset": 25, "length": 4}, "subject": {"text": "GBSD", "offset": 14, "length": 4}, "object": {"text": "\u201c\u6c11\u5175-3\u201d\u6d32\u9645\u5f39\u9053\u5bfc\u5f39", "offset": 29, "length": 12}}], "arguments": {"time": [{"text": "2029\u5e74", "offset": 20, "length": 5}, {"text": "8\u65e5", "offset": 4, "length": 2}], "loc": [], "country": [], "weapon": [{"text": "GBSD", "offset": 14, "length": 4}, {"text": "\u201c\u6c11\u5175-3\u201d\u6d32\u9645\u5f39\u9053\u5bfc\u5f39", "offset": 29, "length": 12}]}}, {"sentence": "\u8bfa\u00b7\u683c\u9996\u5e2d\u6267\u884c\u5b98\u51ef\u897f\u00b7\u6c83\u767b\u8bf4\uff1a\u201c\u6211\u56fd\u6b63\u9762\u4e34\u4e00\u4e2a\u8fc5\u901f\u6f14\u53d8\u7684\u5a01\u80c1\u73af\u5883\uff0c\u7528\u73b0\u4ee3\u6218\u7565\u5a01\u6151\u80fd\u529b\u4fdd\u62a4\u6211\u4eec\u7684\u516c\u6c11\u53d8\u5f97\u81f3\u5173\u91cd\u8981\u3002", "events": [], "arguments": {"time": [], "loc": [], "country": [], "weapon": []}}, {"sentence": "\u201d", "events": [], "arguments": {"time": [], "loc": [], "country": [], "weapon": []}}, {"sentence": "\u6839\u636e\u7f8e\u65b9\u300a2018\u5e74\u6838\u6001\u52bf\u8bc4\u4f30\u62a5\u544a\u300b\uff0c\u7f8e\u56fd\u5c06\u4e0d\u518d\u524a\u51cf\u6838\u6b66\u5668\uff0c\u800c\u662f\u5728\u7814\u53d1\u65b0\u578b\u6838\u6b66\u5668\u7684\u540c\u65f6\uff0c\u5bf9\u73b0\u6709\u6838\u6b66\u5e93\u8fdb\u884c\u5347\u7ea7\u3002", "events": [], "arguments": {"time": [{"text": "2018\u5e74", "offset": 5, "length": 5}], "loc": [], "country": [{"text": "\u7f8e\u56fd", "offset": 19, "length": 2}, {"text": "\u7f8e\u65b9", "offset": 2, "length": 2}], "weapon": []}}, {"sentence": "\u6bd4\u5982\u9646\u57fa\u6838\u529b\u91cf\u63d0\u51fa\u7814\u5236GBSD\u65b0\u578b\u6d32\u9645\u5bfc\u5f39\uff0c\u66ff\u6362\u73b0\u5f79\u201c\u6c11\u5175-3\u201d\u6d32\u9645\u5bfc\u5f39\u3002", "events": [], "arguments": {"time": [], "loc": [], "country": [], "weapon": [{"text": "GBSD\u65b0\u578b\u6d32\u9645\u5bfc\u5f39", "offset": 11, "length": 10}, {"text": "\u201c\u6c11\u5175-3\u201d\u6d32\u9645\u5bfc\u5f39", "offset": 26, "length": 10}]}}, {"sentence": "\u6839\u636e\u7f8e\u56fd\u300a\u539f\u5b50\u79d1\u5b66\u5bb6\u516c\u62a5\u300b\u516c\u5e03\u7684\u4fe1\u606f\uff0c\u7f8e\u56fd\u7a7a\u519b2016\u5e74\u62e5\u6709450\u679a\u201c\u6c11\u5175-3\u201d\u5bfc\u5f39\u3002", "events": [], "arguments": {"time": [{"text": "2016\u5e74", "offset": 23, "length": 5}], "loc": [], "country": [{"text": "\u7f8e\u56fd", "offset": 19, "length": 2}, {"text": "\u7f8e\u56fd", "offset": 2, "length": 2}], "weapon": [{"text": "\u201c\u6c11\u5175-3\u201d\u5bfc\u5f39", "offset": 34, "length": 8}]}}, {"sentence": "\u7f8e\u519b\u7684\u201c\u6c11\u5175-3\u201d\u5bfc\u5f39\u5927\u591a\u5df2\u670d\u5f79\u51e0\u5341\u5e74\uff0c\u5373\u4f7f\u518d\u91c7\u7528\u5148\u8fdb\u6280\u672f\u5bf9\u73b0\u6709\u5bfc\u5f39\u8fdb\u884c\u6539\u8fdb\uff0c\u5176\u5f39\u4f53\u5bff\u547d\u4e5f\u65e0\u6cd5\u6709\u6548\u5ef6\u957f\u3002", "events": [], "arguments": {"time": [], "loc": [], "country": [{"text": "\u7f8e", "offset": 0, "length": 1}], "weapon": [{"text": "\u201c\u6c11\u5175-3\u201d\u5bfc\u5f39", "offset": 3, "length": 8}]}}, {"sentence": "\u4e3a\u4e86\u7ef4\u7cfb\u9646\u57fa\u6218\u7565\u5a01\u6151\u529b\u91cf\uff0c\u7f8e\u56fd\u542f\u52a8\u4e86GBSD\u5bfc\u5f39\u9879\u76ee\u3002", "events": [], "arguments": {"time": [], "loc": [], "country": [{"text": "\u7f8e\u56fd", "offset": 13, "length": 2}], "weapon": [{"text": "GBSD", "offset": 18, "length": 4}, {"text": "GBSD\u5bfc\u5f39", "offset": 18, "length": 6}]}}, {"sentence": "\u6839\u636e\u7f8e\u56fd\u7a7a\u519b\u7684\u8bf4\u6cd5\uff0cGBSD\u5bfc\u5f39\u8ba1\u5212\u4ece2027\u5e74\u5f00\u59cb\u4ea4\u4ed8\uff0c2029\u5e74\u5f62\u6210\u521d\u59cb\u4f5c\u6218\u80fd\u529b\u3002", "events": [{"trigger": {"text": "\u5f00\u59cb\u4ea4\u4ed8", "offset": 24, "length": 4}, "subject": {"text": "2027\u5e74", "offset": 19, "length": 5}, "object": {"text": "GBSD\u5bfc\u5f39", "offset": 10, "length": 6}}], "arguments": {"time": [{"text": "2027\u5e74", "offset": 19, "length": 5}, {"text": "2029\u5e74", "offset": 29, "length": 5}], "loc": [], "country": [{"text": "\u7f8e\u56fd", "offset": 2, "length": 2}], "weapon": [{"text": "GBSD", "offset": 10, "length": 4}, {"text": "GBSD\u5bfc\u5f39", "offset": 10, "length": 6}]}}, {"sentence": "\u636e\u7f8e\u56fd\u519b\u63a7\u534f\u4f1a\u7f51\u7ad9\u62a5\u9053\uff0c\u672a\u6765GBSD\u5bfc\u5f39\u8ba1\u5212\u91c7\u8d2d642\u679a\uff0c\u5176\u4e2d400\u679a\u7528\u4e8e\u90e8\u7f72\uff0c242\u679a\u7528\u4e8e\u98de\u884c\u8bd5\u9a8c\u6216\u5907\u4efd\uff0c\u4ee5\u7ef4\u630150\u5e74\u7684\u5bff\u547d\u9884\u671f\u3002", "events": [{"trigger": {"text": "\u8ba1\u5212\u91c7\u8d2d", "offset": 20, "length": 4}, "subject": {"text": "GBSD\u5bfc\u5f39", "offset": 14, "length": 6}, "object": {"text": "642\u679a", "offset": 24, "length": 4}}], "arguments": {"time": [], "loc": [], "country": [{"text": "\u7f8e\u56fd", "offset": 1, "length": 2}], "weapon": [{"text": "GBSD", "offset": 14, "length": 4}, {"text": "GBSD\u5bfc\u5f39", "offset": 14, "length": 6}]}}, {"sentence": "\u7f8e\u56fd\u7a7a\u519b\u5b98\u5458\u79f0\uff0c\u672a\u676530\u5e74GBSD\u521d\u6b65\u91c7\u8d2d\u6210\u672c\u4f30\u7b97\u8fbe623\u4ebf\u7f8e\u5143\uff0c\u5176\u4e2d485\u4ebf\u7f8e\u5143\u7528\u4e8e\u5bfc\u5f39\uff0c69\u4ebf\u7f8e\u5143\u7528\u4e8e\u6307\u6325\u63a7\u5236\u7cfb\u7edf\uff0c69\u4ebf\u7f8e\u5143\u7528\u4e8e\u7ffb\u65b0\u53d1\u5c04\u63a7\u5236\u4e2d\u5fc3\u548c\u53d1\u5c04\u8bbe\u65bd\u3002", "events": [], "arguments": {"time": [], "loc": [], "country": [{"text": "\u7f8e\u56fd", "offset": 0, "length": 2}], "weapon": [{"text": "GBSD", "offset": 13, "length": 4}, {"text": "\u5bfc\u5f39", "offset": 43, "length": 2}]}}, {"sentence": "\u636e\u7f8e\u56fd\u7a7a\u519b\u7684\u8bf4\u6cd5\uff0cGBSD\u5bfc\u5f39\u5c06\u63d0\u9ad8\u51c6\u786e\u6027\uff0c\u589e\u5f3a\u5b89\u5168\u6027\u548c\u53ef\u9760\u6027\uff0c\u4e3a\u7f8e\u56fd\u63d0\u4f9b\u5347\u7ea7\u548c\u66f4\u5e7f\u6cdb\u7684\u6218\u7565\u6838\u9009\u9879\uff0c\u4ee5\u5e94\u5bf9\u5f53\u524d\u548c\u672a\u6765\u7684\u5a01\u80c1\u3002", "events": [], "arguments": {"time": [], "loc": [], "country": [{"text": "\u7f8e\u56fd", "offset": 33, "length": 2}, {"text": "\u7f8e\u56fd", "offset": 1, "length": 2}], "weapon": [{"text": "GBSD\u5bfc\u5f39", "offset": 9, "length": 6}]}}, {"sentence": "\u300a\u9632\u52a1\u65b0\u95fb\u300b\u5f15\u8ff0\u7f8e\u56fd\u7a7a\u519b\u6b66\u5668\u9879\u76ee\u6267\u884c\u5b98\u5b89\u4e1c\u5c3c\u00b7\u5409\u7eb3\u5766\u666e\u7684\u8bdd\u8bf4\uff0cGBSD\u5bfc\u5f39\u5229\u7528\u65b0\u6280\u672f\u6765\u964d\u4f4e\u9879\u76ee\u7684\u98ce\u9669\uff0c\u5e76\u786e\u4fdd\u5b9a\u65f6\u4ea4\u4ed8\uff0c\u4ee5\u6ee1\u8db3\u4f5c\u6218\u4eba\u5458\u9700\u8981\u3002", "events": [], "arguments": {"time": [], "loc": [], "country": [{"text": "\u7f8e\u56fd", "offset": 8, "length": 2}], "weapon": [{"text": "GBSD\u5bfc\u5f39", "offset": 31, "length": 6}]}}, {"sentence": "\u5b83\u7684\u91c7\u8d2d\u6218\u7565\u91cd\u70b9\u5728\u4e8e\u6210\u719f\u6280\u672f\u3001\u667a\u80fd\u901a\u7528\u6027\u3001\u6a21\u5757\u5316\u8bbe\u8ba1\uff0c\u5e76\u4fdd\u6301\u7a7a\u519b\u5728\u6574\u4e2a\u6b66\u5668\u7cfb\u7edf\u751f\u547d\u5468\u671f\u4e2d\u5177\u6709\u7ade\u4e89\u6027\u7684\u80fd\u529b\uff0c\u4ee5\u786e\u4fdd\u8be5\u6d32\u9645\u5bfc\u5f39\u6709\u6548\u9002\u5e94\u4e0d\u65ad\u53d1\u5c55\u7684\u73af\u5883\u3002", "events": [], "arguments": {"time": [], "loc": [], "country": [], "weapon": [{"text": "\u6d32\u9645\u5bfc\u5f39", "offset": 57, "length": 4}]}}]