[{"sentence": "\u4fc4\u4e1c\u90e8\u519b\u533a\u540c\u65f6\u5728\u8fdc\u4e1c\u4e09\u4e2a\u5730\u533a\u6f14\u4e60\u00a0\u51fa\u52a83000\u591a\u5175\u529b", "events": [{"trigger": {"text": "\u6f14\u4e60", "offset": 14, "length": 2}, "subject": {"text": "\u4fc4\u4e1c\u90e8\u519b\u533a", "offset": 0, "length": 5}, "object": {"text": "", "offset": 0, "length": 0}}], "arguments": {"time": [], "loc": [{"text": "\u8fdc\u4e1c", "offset": 8, "length": 2}], "country": [{"text": "\u4fc4", "offset": 0, "length": 1}], "weapon": []}}, {"sentence": "\u3010\u73af\u7403\u7f51\u519b\u4e8b\u62a5\u9053\u3011", "events": [], "arguments": {"time": [], "loc": [], "country": [], "weapon": []}}, {"sentence": "\u4fc4\u7f57\u65af\u536b\u661f\u901a\u8baf\u793e9\u67088\u65e5\u62a5\u9053\uff0c\u4fc4\u7f57\u65af\u4e1c\u90e8\u519b\u533a\u65b0\u95fb\u5904\u5904\u957f\u4e9a\u5386\u5c71\u5927\u00b7\u6208\u5c14\u6770\u8036\u592b\u900f\u9732\uff0c\u4e1c\u90e8\u519b\u533a\u6469\u6b65\u5175\u56e2\u548c\u70ae\u5175\u5175\u56e2\u5728\u4fc4\u8fdc\u4e1c\u5730\u533a\u591a\u4e2a\u533a\u57df\u540c\u65f6\u5f00\u5c55\u6f14\u4e60\u3002", "events": [{"trigger": {"text": "\u5f00\u5c55\u6f14\u4e60", "offset": 65, "length": 4}, "subject": {"text": "\u4e1c\u90e8\u519b\u533a\u6469\u6b65\u5175\u56e2\u548c\u70ae\u5175\u5175\u56e2", "offset": 40, "length": 13}, "object": {"text": "", "offset": 0, "length": 0}}], "arguments": {"time": [{"text": "9\u67088\u65e5", "offset": 8, "length": 4}], "loc": [{"text": "\u4fc4\u8fdc\u4e1c\u5730\u533a", "offset": 54, "length": 5}], "country": [{"text": "\u4fc4\u7f57\u65af", "offset": 15, "length": 3}, {"text": "\u4fc4\u7f57\u65af", "offset": 0, "length": 3}], "weapon": []}}, {"sentence": "\u6208\u5c14\u6770\u8036\u592b\u79f0\uff1a\u201c\u4fc4\u7f57\u65af\u4e1c\u90e8\u519b\u533a\u5408\u6210\u96c6\u56e2\u519b\u6469\u6b65\u5175\u56e2\u548c\u70ae\u5175\u5175\u56e2\u5206\u961f\u5728\u963f\u7a46\u5c14\u5dde\u3001\u54c8\u5df4\u7f57\u592b\u65af\u514b\u8fb9\u7586\u533a\u548c\u72b9\u592a\u81ea\u6cbb\u5dde\u7684\u8bad\u7ec3\u573a\u540c\u65f6\u5f00\u59cb\u6218\u672f\u6f14\u4e60\u3002", "events": [{"trigger": {"text": "\u5f00\u59cb\u6218\u672f\u6f14\u4e60", "offset": 58, "length": 6}, "subject": {"text": "\u4fc4\u7f57\u65af\u4e1c\u90e8\u519b\u533a\u5408\u6210\u96c6\u56e2\u519b\u6469\u6b65\u5175\u56e2\u548c\u70ae\u5175\u5175\u56e2\u5206\u961f", "offset": 8, "length": 23}, "object": {"text": "", "offset": 0, "length": 0}}], "arguments": {"time": [], "loc": [{"text": "\u963f\u7a46\u5c14\u5dde\u3001\u54c8\u5df4\u7f57\u592b\u65af\u514b\u8fb9\u7586\u533a\u548c\u72b9\u592a\u81ea\u6cbb\u5dde\u7684\u8bad\u7ec3\u573a", "offset": 32, "length": 24}, {"text": "\u963f\u7a46\u5c14\u5dde\u3001\u54c8\u5df4\u7f57\u592b\u65af\u514b\u8fb9\u7586\u533a", "offset": 32, "length": 14}, {"text": "\u72b9\u592a\u81ea\u6cbb\u5dde", "offset": 47, "length": 5}], "country": [{"text": "\u4fc4\u7f57\u65af", "offset": 8, "length": 3}], "weapon": []}}, {"sentence": "\u201d", "events": [], "arguments": {"time": [], "loc": [], "country": [], "weapon": []}}, {"sentence": "\u636e\u4fc4\u4e1c\u90e8\u519b\u533a\u65b0\u95fb\u5904\u4ecb\u7ecd\uff0c\u5728\u4e3a\u671f\u4e00\u5468\u7684\u6f14\u4e60\u671f\u95f4\uff0c\u5206\u961f\u5c06\u9690\u853d\u673a\u52a8\uff0c\u51fb\u9000\u5047\u60f3\u654c\u5c0f\u7ec4\u7684\u7834\u574f\u5e76\u9042\u884c\u5176\u4ed6\u4efb\u52a1\u3002", "events": [], "arguments": {"time": [], "loc": [], "country": [{"text": "\u4fc4", "offset": 1, "length": 1}], "weapon": []}}, {"sentence": "\u5404\u5206\u961f\u6309\u8bad\u7ec3\u8b66\u62a5\u51fa\u52a8\u5e76\u4ece\u7ad9\u9a7b\u5730\u53ca\u91ce\u6218\u8425\u5730\u51fa\u53d1\uff0c3000\u591a\u540d\u519b\u4eba\u548c\u8fd1500\u4ef6\u5404\u7c7b\u519b\u4e8b\u6280\u672f\u88c5\u5907\u53c2\u52a0\u6f14\u4e60\u3002", "events": [], "arguments": {"time": [], "loc": [], "country": [], "weapon": []}}, {"sentence": "\u591a\u6570\u6f14\u4e60\u4ee5\u5bf9\u6297\u65b9\u5f0f\u8fdb\u884c\u3002", "events": [], "arguments": {"time": [], "loc": [], "country": [], "weapon": []}}, {"sentence": "\u62a5\u9053\u79f0\uff0c\u4fc4\u7f57\u65af\u519b\u4eba\u5c06\u6f14\u7ec3\u5728\u6218\u6597\u4e2d\u5229\u7528\u65e0\u4eba\u673a\u7684\u4fa6\u5bdf\u60c5\u62a5\u4ee5\u53ca\u4f7f\u7528\u5176\u4ed6\u73b0\u4ee3\u5316\u4fa6\u5bdf\u5668\u6750\u548c\u5206\u961f\u81ea\u52a8\u5316\u6307\u6325\u7cfb\u7edf\u7684\u4efb\u52a1\u3002", "events": [], "arguments": {"time": [], "loc": [], "country": [{"text": "\u4fc4\u7f57\u65af", "offset": 4, "length": 3}], "weapon": [{"text": "\u65e0\u4eba\u673a", "offset": 18, "length": 3}]}}, {"sentence": "\u6b64\u6b21\u519b\u6f14\u671f\u95f4\uff0c\u4fc4\u7f57\u65af\u52a8\u7528\u201c\u9a6c\u5c14\u5361\u201d\u8fdc\u7a0b\u5927\u5a01\u529b\u81ea\u884c\u706b\u70ae\u3001\u201c\u98ce\u4fe1\u5b50-S\u201d\u81ea\u884c\u706b\u70ae\uff0c\u201c\u9f99\u5377\u98ce\u201d\u9f50\u5c04\u706b\u7bad\u70ae\u7cfb\u7edf\u548c\u5176\u4ed6\u706b\u70ae\u7cfb\u7edf\u3002", "events": [], "arguments": {"time": [], "loc": [], "country": [{"text": "\u4fc4\u7f57\u65af", "offset": 7, "length": 3}], "weapon": [{"text": "\u201c\u9a6c\u5c14\u5361\u201d\u8fdc\u7a0b\u5927\u5a01\u529b\u81ea\u884c\u706b\u70ae", "offset": 12, "length": 14}, {"text": "\u201c\u98ce\u4fe1\u5b50-S\u201d\u81ea\u884c\u706b\u70ae", "offset": 27, "length": 11}, {"text": "\u201c\u9f99\u5377\u98ce\u201d\u9f50\u5c04\u706b\u7bad\u70ae\u7cfb\u7edf", "offset": 39, "length": 12}]}}, {"sentence": "\u73b0\u4ee3\u5316\u6539\u88c5\u578b\u5766\u514bT-72B3\u548cT-80BV\u4e5f\u53c2\u52a0\u6f14\u4e60\u3002", "events": [{"trigger": {"text": "\u53c2\u52a0", "offset": 22, "length": 2}, "subject": {"text": "\u73b0\u4ee3\u5316\u6539\u88c5\u578b\u5766\u514bT-72B3\u548cT-80BV", "offset": 0, "length": 21}, "object": {"text": "\u6f14\u4e60", "offset": 24, "length": 2}}], "arguments": {"time": [], "loc": [], "country": [], "weapon": [{"text": "T-72B3", "offset": 8, "length": 6}, {"text": "T-80BV", "offset": 15, "length": 6}]}}]