[{"sentence": "\u4fc4\u519b\u7c73\u683c-29\u6218\u6597\u673a\u4e00\u5929\u5185\u4e24\u6b21\u62e6\u622a\u82f1\u519b\u4fa6\u5bdf\u673a", "events": [{"trigger": {"text": "\u62e6\u622a", "offset": 15, "length": 2}, "subject": {"text": "\u4fc4\u519b\u7c73\u683c-29\u6218\u6597\u673a", "offset": 0, "length": 10}, "object": {"text": "\u82f1\u519b\u4fa6\u5bdf\u673a", "offset": 17, "length": 5}}], "arguments": {"time": [], "loc": [], "country": [{"text": "\u4fc4", "offset": 0, "length": 1}, {"text": "\u82f1", "offset": 17, "length": 1}], "weapon": [{"text": "\u7c73\u683c-29\u6218\u6597\u673a", "offset": 2, "length": 8}, {"text": "\u82f1\u519b\u4fa6\u5bdf\u673a", "offset": 17, "length": 5}]}}, {"sentence": "\u3010\u73af\u7403\u7f51\u519b\u4e8b\u62a5\u9053\u3011", "events": [], "arguments": {"time": [], "loc": [], "country": [], "weapon": []}}, {"sentence": "\u4fc4\u7f57\u65af\u536b\u661f\u901a\u8baf\u793e9\u67088\u65e5\u62a5\u9053\uff0c\u4fc4\u7f57\u65af\u56fd\u9632\u6307\u6325\u4e2d\u5fc3\u8868\u793a\uff0c9\u67087\u65e5\u5f53\u5929\uff0c\u4fc4\u7f57\u65af\u7684\u7c73\u683c-29\u6218\u6597\u673a\u5728\u5df4\u4f26\u652f\u6d77\u4e0a\u7a7a\u5bf9\u82f1\u56fd\u4fa6\u5bdf\u673a\u8fdb\u884c\u4e86\u8ddf\u8e2a\u76d1\u89c6\u3002", "events": [{"trigger": {"text": "\u8ddf\u8e2a\u76d1\u89c6", "offset": 62, "length": 4}, "subject": {"text": "\u4fc4\u7f57\u65af\u7684\u7c73\u683c-29\u6218\u6597\u673a", "offset": 34, "length": 12}, "object": {"text": "\u82f1\u56fd\u4fa6\u5bdf\u673a", "offset": 54, "length": 5}}], "arguments": {"time": [{"text": "9\u67088\u65e5", "offset": 8, "length": 4}, {"text": "9\u67087\u65e5", "offset": 27, "length": 4}], "loc": [{"text": "\u5df4\u4f26\u652f\u6d77\u4e0a\u7a7a", "offset": 47, "length": 6}], "country": [{"text": "\u4fc4\u7f57\u65af", "offset": 34, "length": 3}, {"text": "\u4fc4\u7f57\u65af", "offset": 0, "length": 3}, {"text": "\u4fc4\u7f57\u65af", "offset": 15, "length": 3}, {"text": "\u82f1\u56fd", "offset": 54, "length": 2}], "weapon": [{"text": "\u7c73\u683c-29\u6218\u6597\u673a", "offset": 38, "length": 8}, {"text": "\u5bdf\u673a", "offset": 0, "length": 2}]}}, {"sentence": "\u4fc4\u7f57\u65af\u56fd\u9632\u6307\u6325\u4e2d\u5fc3\u5728\u6d88\u606f\u4e2d\u8bf4\uff1a\u201c\u4fc4\u7f57\u65af\u5bf9\u7a7a\u76d1\u89c6\u8bbe\u5907\u5728\u5df4\u4f26\u652f\u6d77\u4e2d\u7acb\u6c34\u57df\u4e0a\u7a7a\u53d1\u73b0\u4e86\u4e00\u4e2a\u4e0d\u65ad\u5411\u4fc4\u7f57\u65af\u56fd\u754c\u62b5\u8fd1\u7684\u7a7a\u4e2d\u76ee\u6807\u3002", "events": [], "arguments": {"time": [], "loc": [{"text": "\u5df4\u4f26\u652f\u6d77\u4e2d\u7acb\u6c34\u57df\u4e0a\u7a7a", "offset": 26, "length": 10}, {"text": "\u4fc4\u7f57\u65af\u56fd\u754c", "offset": 44, "length": 5}], "country": [{"text": "\u4fc4\u7f57\u65af", "offset": 44, "length": 3}, {"text": "\u4fc4\u7f57\u65af", "offset": 0, "length": 3}, {"text": "\u4fc4\u7f57\u65af", "offset": 16, "length": 3}], "weapon": []}}, {"sentence": "\u201d\u4e3a\u4e86\u8bc6\u522b\u7a7a\u4e2d\u76ee\u6807\u3001\u9632\u6b62\u5176\u4fb5\u5165\u4fc4\u9886\u7a7a\uff0c\u4fc4\u7f57\u65af\u5317\u65b9\u8230\u961f\u9632\u7a7a\u503c\u73ed\u90e8\u961f\u51fa\u52a8\u4e86\u4e00\u67b6\u7c73\u683c-29\u6218\u6597\u673a\u3002", "events": [], "arguments": {"time": [], "loc": [], "country": [{"text": "\u4fc4\u7f57\u65af", "offset": 19, "length": 3}], "weapon": [{"text": "\u7c73\u683c-29\u6218\u6597\u673a", "offset": 37, "length": 8}]}}, {"sentence": "\u4fc4\u56fd\u9632\u6307\u6325\u4e2d\u5fc3\u79f0\uff1a\u201c\u4fc4\u7f57\u65af\u6b7c\u51fb\u673a\u673a\u7ec4\u6210\u5458\u8ba4\u51fa\u7a7a\u4e2d\u76ee\u6807\u662f\u4e00\u67b6\u82f1\u56fd\u7a7a\u519bRC-135\u6218\u7565\u4fa6\u5bdf\u673a\uff0c\u5728\u5df4\u4f26\u652f\u6d77\u6c34\u57df\u5bf9\u5176\u8fdb\u884c\u4e86\u8ddf\u8e2a\u76d1\u89c6\uff0c\u4fc4\u6218\u673a\u4e25\u683c\u9075\u5b88\u4e86\u56fd\u9645\u7a7a\u57df\u4f7f\u7528\u89c4\u5219\u3002", "events": [{"trigger": {"text": "\u8ddf\u8e2a\u76d1\u89c6", "offset": 57, "length": 4}, "subject": {"text": "\u4fc4\u7f57\u65af\u6b7c\u51fb\u673a\u673a\u7ec4", "offset": 10, "length": 8}, "object": {"text": "\u82f1\u56fd\u7a7a\u519bRC-135\u6218\u7565\u4fa6\u5bdf\u673a", "offset": 29, "length": 15}}], "arguments": {"time": [], "loc": [{"text": "\u5df4\u4f26\u652f\u6d77\u6c34\u57df", "offset": 46, "length": 6}], "country": [{"text": "\u4fc4\u7f57\u65af", "offset": 10, "length": 3}, {"text": "\u82f1\u56fd", "offset": 29, "length": 2}], "weapon": [{"text": "RC-135\u6218\u7565\u4fa6\u5bdf\u673a", "offset": 33, "length": 11}]}}, {"sentence": "\u201d\u4fc4\u519b\u65b9\u5f3a\u8c03\uff0c\u82f1\u56fd\u519b\u673a\u8fdc\u79bb\u56fd\u754c\u540e\uff0c\u4fc4\u7f57\u65af\u6b7c\u51fb\u673a\u987a\u5229\u8fd4\u964d\u57fa\u5730\u673a\u573a\uff0c\u82f1\u56fd\u4fa6\u5bdf\u673a\u672a\u4fb5\u72af\u4fc4\u7f57\u65af\u9886\u7a7a\u3002", "events": [], "arguments": {"time": [], "loc": [], "country": [{"text": "\u4fc4\u7f57\u65af", "offset": 40, "length": 3}, {"text": "\u82f1\u56fd", "offset": 32, "length": 2}, {"text": "\u82f1\u56fd", "offset": 7, "length": 2}, {"text": "\u4fc4\u7f57\u65af", "offset": 17, "length": 3}], "weapon": [{"text": "\u6b7c\u51fb\u673a", "offset": 20, "length": 3}, {"text": "\u82f1\u56fd\u4fa6\u5bdf\u673a", "offset": 32, "length": 5}]}}, {"sentence": "\u53e6\u5916\u57289\u67087\u65e5\u5f53\u5929\u65e9\u4e9b\u65f6\u5019\uff0c\u4fc4\u7f57\u65af\u4e5f\u66fe\u51fa\u52a8\u7c73\u683c-29\u6218\u6597\u673a\u5bf9\u82f1\u56fd\u7a7a\u519b\u7684\u53e6\u4e00\u67b6\u4fa6\u5bdf\u673a\u8fdb\u884c\u62e6\u622a\u3002", "events": [{"trigger": {"text": "\u62e6\u622a", "offset": 43, "length": 2}, "subject": {"text": "\u4fc4\u7f57\u65af", "offset": 14, "length": 3}, "object": {"text": "\u82f1\u56fd\u7a7a\u519b\u7684\u53e6\u4e00\u67b6\u4fa6\u5bdf\u673a", "offset": 30, "length": 11}}], "arguments": {"time": [{"text": "9\u67087\u65e5", "offset": 3, "length": 4}], "loc": [], "country": [{"text": "\u4fc4\u7f57\u65af", "offset": 14, "length": 3}, {"text": "\u82f1\u56fd", "offset": 30, "length": 2}], "weapon": [{"text": "\u7c73\u683c-29\u6218\u6597\u673a", "offset": 21, "length": 8}]}}, {"sentence": "\u4fc4\u519b\u5728\u65e9\u4e9b\u65f6\u5019\u53d1\u5e03\u7684\u6d88\u606f\u4e2d\u8bf4\uff1a\u201c9\u67087\u65e5\uff0c\u4fc4\u7f57\u65af\u5317\u65b9\u8230\u961f\u9632\u7a7a\u90e8\u961f\u7a7a\u57df\u76d1\u63a7\u8bbe\u5907\u5728\u5df4\u4f26\u652f\u6d77\u4e2d\u7acb\u6c34\u57df\u4e0a\u7a7a\u53d1\u73b0\u4e00\u4e2a\u76ee\u6807\u6b63\u5728\u5411\u4fc4\u7f57\u65af\u8fb9\u5883\u9760\u8fd1\u3002", "events": [], "arguments": {"time": [{"text": "9\u67087\u65e5", "offset": 16, "length": 4}], "loc": [{"text": "\u5df4\u4f26\u652f\u6d77\u4e2d\u7acb\u6c34\u57df\u4e0a\u7a7a", "offset": 39, "length": 10}, {"text": "\u4fc4\u7f57\u65af\u8fb9\u5883", "offset": 58, "length": 5}], "country": [{"text": "\u4fc4\u7f57\u65af", "offset": 58, "length": 3}, {"text": "\u4fc4\u7f57\u65af", "offset": 21, "length": 3}], "weapon": []}}, {"sentence": "\u201d\u4fc4\u7f57\u65af\u5317\u65b9\u8230\u961f\u9632\u7a7a\u90e8\u961f\u62c5\u4efb\u6218\u5907\u6267\u52e4\u4efb\u52a1\u7684\u7c73\u683c-29\u6218\u673a\u5347\u7a7a\uff0c\u524d\u5f80\u67e5\u8bc1\u3001\u62e6\u622a\u3002", "events": [{"trigger": {"text": "\u67e5\u8bc1\u3001\u62e6\u622a", "offset": 33, "length": 5}, "subject": {"text": "\u7c73\u683c-29\u6218\u673a", "offset": 21, "length": 7}, "object": {"text": "", "offset": 0, "length": 0}}], "arguments": {"time": [], "loc": [], "country": [{"text": "\u4fc4\u7f57\u65af", "offset": 1, "length": 3}], "weapon": [{"text": "\u7c73\u683c-29\u6218\u673a", "offset": 21, "length": 7}]}}, {"sentence": "\u201c\u7ecf\u67e5\u8bc1\uff0c\u76ee\u6807\u4e3a\u82f1\u56fd\u7a7a\u519b\u2019\u524d\u54e8\u2019R1\u4fa6\u5bdf\u673a\uff0c\u4fc4\u519b\u6218\u673a\u968f\u5373\u5728\u5df4\u4f26\u652f\u6d77\u4e0a\u7a7a\u4f34\u98de\u82f1\u56fd\u4fa6\u5bdf\u673a\u3002", "events": [], "arguments": {"time": [], "loc": [{"text": "\u5df4\u4f26\u652f\u6d77\u4e0a\u7a7a", "offset": 29, "length": 6}], "country": [{"text": "\u82f1\u56fd", "offset": 37, "length": 2}, {"text": "\u4fc4", "offset": 22, "length": 1}, {"text": "\u82f1\u56fd", "offset": 8, "length": 2}], "weapon": [{"text": "\u2019\u524d\u54e8\u2019R1\u4fa6\u5bdf\u673a", "offset": 12, "length": 9}, {"text": "\u82f1\u56fd\u4fa6\u5bdf\u673a", "offset": 37, "length": 5}]}}, {"sentence": "\u5728\u82f1\u519b\u98de\u673a\u98de\u79bb\u4fc4\u7f57\u65af\u8fb9\u5883\u540e\uff0c\u4fc4\u519b\u6218\u673a\u8fd4\u56de\u9a7b\u5730\u673a\u573a\u201d\u3002", "events": [], "arguments": {"time": [], "loc": [{"text": "\u4fc4\u7f57\u65af\u8fb9\u5883", "offset": 7, "length": 5}, {"text": "\u9a7b\u5730\u673a\u573a", "offset": 20, "length": 4}], "country": [{"text": "\u82f1", "offset": 1, "length": 1}, {"text": "\u4fc4\u7f57\u65af", "offset": 7, "length": 3}, {"text": "\u4fc4", "offset": 14, "length": 1}], "weapon": [{"text": "\u6218\u673a", "offset": 16, "length": 2}]}}, {"sentence": "\u6b64\u5916\uff0c\u4fc4\u7f57\u65af\u7a7a\u57df\u76d1\u63a7\u8bbe\u5907\u5f53\u5929\u8fd8\u5728\u5df4\u4f26\u652f\u6d77\u4e2d\u7acb\u6c34\u57df\u4e0a\u7a7a\u53d1\u73b0\u53e6\u4e00\u4e2a\u76ee\u6807\u4e5f\u6b63\u5728\u5411\u4fc4\u7f57\u65af\u8fb9\u5883\u9760\u8fd1\u3002", "events": [], "arguments": {"time": [], "loc": [{"text": "\u5df4\u4f26\u652f\u6d77\u4e2d\u7acb\u6c34\u57df\u4e0a\u7a7a", "offset": 16, "length": 10}, {"text": "\u4fc4\u7f57\u65af\u8fb9\u5883", "offset": 37, "length": 5}], "country": [{"text": "\u4fc4\u7f57\u65af", "offset": 37, "length": 3}, {"text": "\u4fc4\u7f57\u65af", "offset": 3, "length": 3}], "weapon": []}}, {"sentence": "\u4fc4\u7f57\u65af\u5317\u65b9\u8230\u961f\u9632\u7a7a\u90e8\u961f\u62c5\u4efb\u6218\u5907\u6267\u52e4\u4efb\u52a1\u7684\u7c73\u683c-31\u6218\u673a\u5347\u7a7a\uff0c\u524d\u5f80\u67e5\u8bc1\u3001\u62e6\u622a\u3002", "events": [{"trigger": {"text": "\u67e5\u8bc1\u3001\u62e6\u622a", "offset": 32, "length": 5}, "subject": {"text": "\u7c73\u683c-31\u6218\u673a", "offset": 20, "length": 7}, "object": {"text": "", "offset": 0, "length": 0}}], "arguments": {"time": [], "loc": [], "country": [{"text": "\u4fc4\u7f57\u65af", "offset": 0, "length": 3}], "weapon": [{"text": "\u7c73\u683c-31\u6218\u673a", "offset": 20, "length": 7}]}}, {"sentence": "\u7ecf\u67e5\u8bc1\uff0c\u76ee\u6807\u4e3a\u632a\u5a01\u7a7a\u519bP-3C\u2018\u730e\u6237\u5ea7\u2019\u6d77\u4e0a\u5de1\u903b\u673a\u3002", "events": [], "arguments": {"time": [], "loc": [], "country": [{"text": "\u632a\u5a01", "offset": 7, "length": 2}], "weapon": [{"text": "P-3C\u2018\u730e\u6237\u5ea7\u2019\u6d77\u4e0a\u5de1\u903b\u673a", "offset": 11, "length": 14}]}}, {"sentence": "\u5728\u632a\u5a01\u98de\u673a\u98de\u79bb\u4fc4\u7f57\u65af\u8fb9\u5883\u540e\uff0c\u4fc4\u519b\u6218\u673a\u8fd4\u56de\u9a7b\u5730\u673a\u573a\u3002", "events": [], "arguments": {"time": [], "loc": [{"text": "\u4fc4\u7f57\u65af\u8fb9\u5883", "offset": 7, "length": 5}, {"text": "\u9a7b\u5730\u673a\u573a", "offset": 20, "length": 4}], "country": [{"text": "\u632a\u5a01", "offset": 1, "length": 2}, {"text": "\u4fc4", "offset": 14, "length": 1}], "weapon": [{"text": "\u6218\u673a", "offset": 16, "length": 2}]}}, {"sentence": "\u7c73\u683c-31\u6218\u673a\u5728\u6574\u4e2a\u98de\u884c\u671f\u95f4\u4e25\u683c\u9075\u5b88\u4e86\u56fd\u9645\u7a7a\u57df\u4f7f\u7528\u89c4\u5219\u3002", "events": [], "arguments": {"time": [], "loc": [], "country": [], "weapon": [{"text": "\u7c73\u683c-31\u6218\u673a", "offset": 0, "length": 7}]}}, {"sentence": "\u6ca1\u6709\u53d1\u751f\u632a\u5a01\u519b\u673a\u4fb5\u72af\u4fc4\u7f57\u65af\u9886\u7a7a\u7684\u60c5\u51b5\u3002", "events": [], "arguments": {"time": [], "loc": [], "country": [{"text": "\u632a\u5a01", "offset": 4, "length": 2}, {"text": "\u4fc4\u7f57\u65af", "offset": 10, "length": 3}], "weapon": [{"text": "\u519b\u673a", "offset": 6, "length": 2}]}}]