[{"sentence": "\u5370\u5a92:\u00a0\u5370\u5ea6\u6210\u529f\u6d4b\u8bd5\u9ad8\u8d85\u9a8c\u8bc1\u98de\u884c\u5668", "events": [{"trigger": {"text": "\u6210\u529f\u6d4b\u8bd5", "offset": 6, "length": 4}, "subject": {"text": "\u5370\u5ea6", "offset": 4, "length": 2}, "object": {"text": "\u9ad8\u8d85\u9a8c\u8bc1\u98de\u884c\u5668", "offset": 10, "length": 7}}], "arguments": {"time": [], "loc": [], "country": [{"text": "\u5370\u5ea6", "offset": 4, "length": 2}], "weapon": [{"text": "\u9ad8\u8d85\u9a8c\u8bc1\u98de\u884c\u5668", "offset": 10, "length": 7}]}}, {"sentence": "\u3010\u73af\u7403\u65f6\u62a5\u8bb0\u8005 \u5f20\u4f1f\u3011", "events": [], "arguments": {"time": [], "loc": [], "country": [], "weapon": []}}, {"sentence": "\u636e\u300a\u5370\u5ea6\u65af\u5766\u65f6\u62a5\u300b\u62a5\u9053\uff0c\u5370\u5ea67\u65e5\u6210\u529f\u5728\u5965\u91cc\u8428\u90a6\u5df4\u62c9\u7d22\u5c14\u7684\u963f\u535c\u675c\u5c14\u00b7\u5361\u62c9\u59c6\u6d4b\u8bd5\u573a\u8fdb\u884c\u201c\u9ad8\u8d85\u97f3\u901f\u8bd5\u9a8c\u9a8c\u8bc1\u98de\u884c\u5668\u201d\uff08HSTVD\uff09\u98de\u884c\u6d4b\u8bd5\uff0c\u8fd9\u6807\u5fd7\u7740\u5370\u5ea6\u6210\u4e3a\u7ee7\u7f8e\u56fd\u3001\u4fc4\u7f57\u65af\u548c\u4e2d\u56fd\u4e4b\u540e\u7b2c\u56db\u4e2a\u5f00\u53d1\u5e76\u6210\u529f\u6d4b\u8bd5\u9ad8\u8d85\u97f3\u901f\u6280\u672f\u7684\u56fd\u5bb6\uff0c\u5e76\u5c06\u4e3a\u5370\u5ea6\u5f00\u53d16\u500d\u97f3\u901f\u5bfc\u5f39\u94fa\u5e73\u9053\u8def\u3002", "events": [{"trigger": {"text": "\u6d4b\u8bd5", "offset": 94, "length": 2}, "subject": {"text": "\u5370\u5ea6", "offset": 109, "length": 2}, "object": {"text": "\u201c\u9ad8\u8d85\u97f3\u901f\u8bd5\u9a8c\u9a8c\u8bc1\u98de\u884c\u5668\u201d\uff08HSTVD\uff09", "offset": 41, "length": 20}}], "arguments": {"time": [{"text": "7\u65e5", "offset": 14, "length": 2}], "loc": [{"text": "\u5965\u91cc\u8428\u90a6\u5df4\u62c9\u7d22\u5c14\u7684\u963f\u535c\u675c\u5c14\u00b7\u5361\u62c9\u59c6\u6d4b\u8bd5\u573a", "offset": 19, "length": 20}], "country": [{"text": "\u5370\u5ea6", "offset": 109, "length": 2}, {"text": "\u7f8e\u56fd", "offset": 75, "length": 2}, {"text": "\u4fc4\u7f57\u65af", "offset": 78, "length": 3}, {"text": "\u4e2d\u56fd", "offset": 82, "length": 2}, {"text": "\u5370\u5ea6", "offset": 12, "length": 2}, {"text": "\u5370\u5ea6", "offset": 70, "length": 2}], "weapon": [{"text": "\u201c\u9ad8\u8d85\u97f3\u901f\u8bd5\u9a8c\u9a8c\u8bc1\u98de\u884c\u5668\u201d\uff08HSTVD\uff09", "offset": 41, "length": 20}, {"text": "6\u500d\u97f3\u901f\u5bfc\u5f39", "offset": 113, "length": 6}]}}, {"sentence": "\u6587\u7ae0\u79f0\uff0cHSTVD\u7531\u5370\u5ea6\u56fd\u9632\u7814\u7a76\u4e0e\u53d1\u5c55\u7ec4\u7ec7\uff08DRDO\uff09\u7814\u53d1\u3002", "events": [], "arguments": {"time": [], "loc": [], "country": [{"text": "\u5370\u5ea6", "offset": 10, "length": 2}], "weapon": [{"text": "HSTVD", "offset": 4, "length": 5}]}}, {"sentence": "\u672c\u6b21\u6d4b\u8bd5\u4e8e\u5f53\u5730\u65f6\u95f47\u65e5\u4e0a\u534811\u65f603\u5206\u8fdb\u884c\uff0c\u4f7f\u7528\u4e86\u201c\u70c8\u706b\u201d\u5bfc\u5f39\u52a9\u63a8\u5668\uff0c\u6d4b\u8bd5\u6301\u7eed\u4e865\u5206\u949f\u3002", "events": [{"trigger": {"text": "\u6d4b\u8bd5", "offset": 35, "length": 2}, "subject": {"text": "", "offset": 0, "length": 0}, "object": {"text": "", "offset": 0, "length": 0}}], "arguments": {"time": [{"text": "7\u65e5\u4e0a\u534811\u65f603\u5206", "offset": 9, "length": 10}], "loc": [], "country": [], "weapon": [{"text": "\u201c\u70c8\u706b\u201d\u5bfc\u5f39", "offset": 25, "length": 6}]}}, {"sentence": "\u77e5\u60c5\u4eba\u58eb\u8bf4\uff0c\u8fd9\u9879\u6d4b\u8bd5\u610f\u5473\u7740DRDO\u5c06\u5728\u672a\u6765\u4e94\u5e74\u5185\u5f00\u53d1\u51fa\u914d\u5907\u8d85\u71c3\u51b2\u538b\u53d1\u52a8\u673a\u7684\u9ad8\u8d85\u97f3\u901f\u5bfc\u5f39\uff0c\u8fd9\u79cd\u5bfc\u5f39\u80fd\u591f\u4ee5\u6bcf\u79d2\u8d85\u8fc7\u4e24\u516c\u91cc\u7684\u901f\u5ea6\u98de\u884c\u3002", "events": [], "arguments": {"time": [], "loc": [], "country": [], "weapon": [{"text": "\u9ad8\u8d85\u97f3\u901f\u5bfc\u5f39", "offset": 37, "length": 6}]}}, {"sentence": "\u6b64\u6b21\u6d4b\u8bd5\u7531DRDO\u8d1f\u8d23\u4eba\u8428\u8482\u4ec0\u00b7\u96f7\u8fea\u53ca\u5176\u9886\u5bfc\u7684\u9ad8\u8d85\u97f3\u901f\u5bfc\u5f39\u5f00\u53d1\u56e2\u961f\u7275\u5934\u3002", "events": [], "arguments": {"time": [], "loc": [], "country": [], "weapon": [{"text": "\u9ad8\u8d85\u97f3\u901f\u5bfc\u5f39", "offset": 23, "length": 6}]}}, {"sentence": "DRDO\u79f0\uff0c\u8fd9\u6b21\u6d4b\u8bd5\u5bf9HSTVD\u7684\u6240\u6709\u53c2\u6570\u90fd\u8fdb\u884c\u4e86\u5c55\u793a\uff0c\u5305\u62ec\u71c3\u70e7\u5ba4\u538b\u529b\u3001\u8fdb\u6c14\u53e3\u548c\u98de\u63a7\u7cfb\u7edf\u3002", "events": [], "arguments": {"time": [], "loc": [], "country": [], "weapon": [{"text": "HSTVD", "offset": 11, "length": 5}]}}, {"sentence": "\u62a5\u9053\u79f0\uff0c11\u65f603\u5206\uff0c\u201c\u70c8\u706b\u201d\u5bfc\u5f39\u5c06HSTVD\u63a8\u5347\u81f330\u516c\u91cc\u7684\u9ad8\u5ea6\u540e\u4e0eHSTVD\u5206\u79bb\u3002", "events": [], "arguments": {"time": [{"text": "11\u65f603\u5206", "offset": 4, "length": 6}], "loc": [], "country": [], "weapon": [{"text": "\u201c\u70c8\u706b\u201d\u5bfc\u5f39", "offset": 11, "length": 6}, {"text": "HSTVD", "offset": 35, "length": 5}, {"text": "HSTVD", "offset": 18, "length": 5}]}}, {"sentence": "\u968f\u540e\uff0c\u8d85\u71c3\u51b2\u538b\u53d1\u52a8\u673a\u6210\u529f\u70b9\u706b\u5e76\u6301\u7eed\u5de5\u4f5c20\u79d2\u949f\u4ee5\u4e0a\uff0cHSTVD\u7684\u901f\u5ea6\u8fbe\u52306\u9a6c\u8d6b\u3002", "events": [], "arguments": {"time": [], "loc": [], "country": [], "weapon": [{"text": "HSTVD", "offset": 26, "length": 5}]}}, {"sentence": "\u4e00\u540d\u9ad8\u7ea7\u5b98\u5458\u79f0\uff0cHSTVD\u5728\u6240\u6709\u9884\u5b9a\u53c2\u6570\u4e0a\u5747\u8868\u73b0\u51fa\u8272\uff0c\u5305\u62ec\u627f\u53d7\u8d85\u8fc72500\u6444\u6c0f\u5ea6\u7684\u71c3\u70e7\u6e29\u5ea6\uff0c\u4ee5\u53ca\u7a7a\u6c14\u52a8\u529b\u6027\u80fd\u65b9\u9762\u7684\u80fd\u529b\u3002", "events": [], "arguments": {"time": [], "loc": [], "country": [], "weapon": [{"text": "HSTVD\u5728", "offset": 8, "length": 6}, {"text": "HSTVD", "offset": 8, "length": 5}]}}]