[{"sentence": "\u7f8e\u6d77\u519b\u65b0\u670d\u5f79\u4e00\u8258\u201c\u963f\u5229\u2022\u4f2f\u514b\u201d\u7ea7\u9a71\u9010\u8230\u00a0\u4ecd\u6709\u56db\u8258\u5728\u5efa", "events": [], "arguments": {"time": [], "loc": [], "country": [{"text": "\u7f8e", "offset": 0, "length": 1}], "weapon": [{"text": "\u201c\u963f\u5229\u2022\u4f2f\u514b\u201d\u7ea7\u9a71\u9010\u8230", "offset": 8, "length": 11}]}}, {"sentence": "\u3010\u73af\u7403\u7f51\u62a5\u9053 \u8bb0\u8005 \u9a6c\u5ca9\u3011", "events": [], "arguments": {"time": [], "loc": [], "country": [], "weapon": []}}, {"sentence": "\u636e\u201c\u6d77\u519b\u60c5\u62a5\u201d\u7f519\u67086\u65e5\u62a5\u9053\uff0c\u65b0\u5efa\u6210\u7684\u201c\u5fb7\u5c14\u4f2f\u7279\u2022\u5e03\u83b1\u514b\u201d\u53f7\u201c\u963f\u5229\u2022\u4f2f\u514b\u201d\u7ea7\u9a71\u9010\u8230\u8fd1\u65e5\u4ece\u4ea8\u5ef7\u987f\u2022\u82f1\u683c\u5c14\u65af\u5de5\u4e1a\u516c\u53f8\u7684\u82f1\u683c\u5c14\u65af\u9020\u8239\u5206\u90e8\u51fa\u53d1\uff0c\u9a76\u5f80\u4f4d\u4e8e\u4f5b\u7f57\u91cc\u8fbe\u5dde\u6885\u6ce2\u7279\u6e2f\u7684\u6bcd\u6e2f\u3002", "events": [], "arguments": {"time": [{"text": "9\u67086\u65e5", "offset": 8, "length": 4}], "loc": [{"text": "\u82f1\u683c\u5c14\u65af\u9020\u8239\u5206\u90e8", "offset": 57, "length": 8}, {"text": "\u4f5b\u7f57\u91cc\u8fbe\u5dde\u6885\u6ce2\u7279\u6e2f", "offset": 72, "length": 9}, {"text": "\u4f5b\u7f57\u91cc\u8fbe\u5dde\u6885\u6ce2\u7279\u6e2f\u7684\u6bcd\u6e2f", "offset": 72, "length": 12}], "country": [], "weapon": [{"text": "\u201c\u5fb7\u5c14\u4f2f\u7279\u2022\u5e03\u83b1\u514b\u201d\u53f7", "offset": 19, "length": 11}, {"text": "\u201c\u963f\u5229\u2022\u4f2f\u514b\u201d\u7ea7\u9a71\u9010\u8230", "offset": 30, "length": 11}, {"text": "\u201c\u5fb7\u5c14\u4f2f\u7279\u2022\u5e03\u83b1\u514b\u201d\u53f7\u201c\u963f\u5229\u2022\u4f2f\u514b\u201d\u7ea7\u9a71\u9010\u8230", "offset": 19, "length": 22}]}}, {"sentence": "\u82f1\u683c\u5c14\u65af\u516c\u53f8\u6b64\u524d\u5df2\u7ecf\u5411\u6d77\u519b\u4ea4\u4ed8\u4e8632\u8258\u9a71\u9010\u8230\uff0c\u76ee\u524d\u8fd8\u6709\u56db\u8258\u5728\u5efa\uff0c\u5206\u522b\u4e3a\u201c\u5f17\u5170\u514b\u2022\u5f7c\u5f97\u68ee\u201d\u53f7\uff08DDG 121\uff09\u3001\u201c\u83b1\u7eb3\u2022\u8428\u7279\u514b\u91cc\u592b\u2022\u6d77\u683c\u6bd4\u201d\u53f7\uff08DDG 123\uff09\u3001\u201c\u6770\u514b\u2022\u5362\u5361\u65af\u201d\u53f7\uff08DDG 125\uff09\u548c\u201c\u6cf0\u5fb7\u2022\u53f2\u8482\u6587\u65af\u201d\u53f7\uff08DDG 128\uff09\u3002", "events": [{"trigger": {"text": "\u4ea4\u4ed8", "offset": 13, "length": 2}, "subject": {"text": "\u82f1\u683c\u5c14\u65af\u516c\u53f8", "offset": 0, "length": 6}, "object": {"text": "32\u8258\u9a71\u9010\u8230", "offset": 16, "length": 6}}], "arguments": {"time": [{"text": "\u4eca\u5e746\u6708", "offset": -1, "length": 4}], "loc": [], "country": [], "weapon": [{"text": "\u201c\u5f17\u5170\u514b\u2022\u5f7c\u5f97\u68ee\u201d\u53f7\uff08DDG 121\uff09", "offset": 35, "length": 19}, {"text": "\u201c\u83b1\u7eb3\u2022\u8428\u7279\u514b\u91cc\u592b\u2022\u6d77\u683c\u6bd4\u201d\u53f7\uff08DDG 123\uff09", "offset": 55, "length": 24}, {"text": "\u201c\u6770\u514b\u2022\u5362\u5361\u65af\u201d\u53f7\uff08DDG 125\uff09", "offset": 80, "length": 18}, {"text": "\u201c\u6cf0\u5fb7\u2022\u53f2\u8482\u6587\u65af\u201d\u53f7\uff08DDG 128\uff09", "offset": 99, "length": 19}]}}, {"sentence": "\u4eca\u5e746\u6708\uff0c\u82f1\u683c\u5c14\u65af\u516c\u53f8\u83b7\u5f97\u4e869.36\u4ebf\u7f8e\u5143\u5408\u540c\uff0c\u518d\u5efa\u9020\u4e00\u8258\u201c\u963f\u5229\u2022\u4f2f\u514b\u201d\u7ea7\u9a71\u9010\u8230\u3002", "events": [], "arguments": {"time": [{"text": "\u4eca\u5e746\u6708", "offset": 0, "length": 4}], "loc": [], "country": [], "weapon": [{"text": "\u201c\u963f\u5229\u2022\u4f2f\u514b\u201d\u7ea7\u9a71\u9010\u8230", "offset": 29, "length": 11}]}}, {"sentence": "\u201c\u963f\u5229\u2022\u4f2f\u514b\u201d\u7ea7\u9a71\u9010\u8230\u80fd\u591f\u6267\u884c\u591a\u79cd\u591a\u6837\u7684\u4efb\u52a1\uff0c\u4ece\u548c\u5e73\u65f6\u671f\u7684\u519b\u4e8b\u5b58\u5728\u548c\u5371\u673a\u7ba1\u7406\uff0c\u5230\u6d77\u4e0a\u63a7\u5236\u548c\u529b\u91cf\u6295\u9001\uff0c\u6240\u6709\u8fd9\u4e9b\u90fd\u6709\u52a9\u4e8e\u7f8e\u56fd\u5b9e\u73b0\u5176\u519b\u4e8b\u6218\u7565\u3002", "events": [], "arguments": {"time": [], "loc": [{"text": "\u6d77\u4e0a", "offset": 40, "length": 2}], "country": [{"text": "\u7f8e\u56fd", "offset": 58, "length": 2}], "weapon": [{"text": "\u201c\u963f\u5229\u2022\u4f2f\u514b\u201d\u7ea7\u9a71\u9010\u8230", "offset": 0, "length": 11}]}}, {"sentence": "\u5b83\u53ef\u4ee5\u540c\u65f6\u6253\u51fb\u7a7a\u4e2d\u3001\u6c34\u9762\u548c\u6c34\u4e0b\u76ee\u6807\uff0c\u5e76\u88c5\u6709\u65e0\u6570\u7684\u8fdb\u653b\u548c\u9632\u5fa1\u6b66\u5668\u3002", "events": [], "arguments": {"time": [], "loc": [], "country": [], "weapon": []}}, {"sentence": "\u201c\u5fb7\u5c14\u4f2f\u7279\u2022\u5e03\u83b1\u514b\u201d\u53f7\u642d\u8f7d380\u540d\u8239\u5458\uff0c\u88c5\u6709\u4e00\u4e2a32\u5355\u5143\u548c\u4e00\u4e2a64\u5355\u5143\u7684MK-41\u5782\u76f4\u53d1\u5c04\u7cfb\u7edf\uff0c96\u679aRIM-66 SM-2 \u5bfc\u5f39\u3001BGM-109\u201c\u6218\u65a7\u201d\u5bfc\u5f39\u548cRUM-139 VL-Asroc\u5bfc\u5f39\u3002", "events": [], "arguments": {"time": [], "loc": [], "country": [], "weapon": [{"text": "\u201c\u5fb7\u5c14\u4f2f\u7279\u2022\u5e03\u83b1\u514b\u201d\u53f7", "offset": 0, "length": 11}, {"text": "MK-41\u5782\u76f4\u53d1\u5c04\u7cfb\u7edf", "offset": 36, "length": 11}, {"text": "RIM-66 SM-2 \u5bfc\u5f39", "offset": 51, "length": 14}, {"text": "BGM-109\u201c\u6218\u65a7\u201d\u5bfc\u5f39", "offset": 66, "length": 13}, {"text": "RUM-139 VL-Asroc\u5bfc\u5f39", "offset": 80, "length": 18}]}}, {"sentence": "\u6b64\u5916\uff0c\u5b83\u8fd8\u88c5\u6709\u4e00\u95e8\u53e3\u5f84130\u6beb\u7c73\u52a0\u519c\u70ae\u3001\u4e24\u95e8\u53e3\u5f8425\u6beb\u7c73\u81ea\u52a8\u52a0\u519c\u70ae\u3001\u56db\u95e8\u53e3\u5f8412.7\u6beb\u7c73\u673a\u67aa\u3001\u4e09\u4e2aMK 46\u9c7c\u96f7\u53d1\u5c04\u7ba1\uff0c\u4ee5\u53ca\u4e00\u95e8\u53e3\u5f8420\u6beb\u7c73\u201c\u5bc6\u96c6\u9635\u201d\u8fd1\u7a0b\u9632\u5fa1\u6b66\u5668\u3002", "events": [], "arguments": {"time": [], "loc": [], "country": [], "weapon": [{"text": "130\u6beb\u7c73\u52a0\u519c\u70ae", "offset": 11, "length": 8}, {"text": "25\u6beb\u7c73\u81ea\u52a8\u52a0\u519c\u70ae", "offset": 24, "length": 9}, {"text": "12.7\u6beb\u7c73\u673a\u67aa", "offset": 38, "length": 8}, {"text": "MK 46\u9c7c\u96f7\u53d1\u5c04\u7ba1", "offset": 49, "length": 10}, {"text": "20\u6beb\u7c73\u201c\u5bc6\u96c6\u9635\u201d\u8fd1\u7a0b\u9632\u5fa1\u6b66\u5668", "offset": 66, "length": 15}]}}, {"sentence": "\u201c\u5fb7\u5c14\u4f2f\u7279\u2022\u5e03\u83b1\u514b\u201d\u53f7\u7531\u56db\u53f0\u901a\u7528\u7535\u6c14LM2500\u71c3\u6c14\u6da1\u8f6e\u53d1\u52a8\u673a\u63a8\u8fdb\uff0c\u6700\u5927\u822a\u901f31\u8282\u3002", "events": [], "arguments": {"time": [], "loc": [], "country": [], "weapon": [{"text": "\u201c\u5fb7\u5c14\u4f2f\u7279\u2022\u5e03\u83b1\u514b\u201d\u53f7", "offset": 0, "length": 11}]}}]