[{"sentence": "\u60ca\u7206\u89e3\u653e\u519b\u8230\u961f\u201c\u9996\u6b21\u63a5\u8fd1\u590f\u5a01\u5937\u201d\uff0c\u53f0\u6e7e\u9632\u52a1\u90e8\u95e8\u8fd9\u6b21\u201c\u7ffb\u8f66\u201d\u4e86", "events": [], "arguments": {"time": [], "loc": [{"text": "\u590f\u5a01\u5937", "offset": 12, "length": 3}], "country": [{"text": "\u53f0\u6e7e", "offset": 17, "length": 2}], "weapon": []}}, {"sentence": "\u3010\u73af\u7403\u7f51\u62a5\u9053\u8bb0\u8005 \u5f90\u7490\u660e\u3011", "events": [], "arguments": {"time": [], "loc": [], "country": [], "weapon": []}}, {"sentence": "\u53f0\u6e7e\u9632\u52a1\u90e8\u95e8\u53c8\u7206\u51fa\u4e00\u4e2a\u5173\u4e8e\u89e3\u653e\u519b\u7684\u201c\u5927\u65b0\u95fb\u201d\u2014\u2014\u5728\u4e00\u4efd\u673a\u5bc6\u6587\u4ef6\u4e2d\u79f0\u89e3\u653e\u519b\u8230\u961f\u5728\u4eca\u5e74\u5e74\u521d\u201c\u9996\u6b21\u63a5\u8fd1\u590f\u5a01\u5937\u201d\u3002", "events": [], "arguments": {"time": [{"text": "\u4eca\u5e74\u5e74\u521d", "offset": 39, "length": 4}], "loc": [{"text": "\u590f\u5a01\u5937", "offset": 48, "length": 3}], "country": [{"text": "\u53f0\u6e7e", "offset": 0, "length": 2}], "weapon": []}}, {"sentence": "\u7136\u800c\u7ecf\u8fc7\u67e5\u8bc1\u540e\u53ef\u4ee5\u53d1\u73b0\uff0c\u53f0\u6e7e\u9632\u52a1\u90e8\u95e8\u7684\u8fd9\u4e00\u201c\u52b2\u7206\u6d88\u606f\u201d\u57fa\u672c\u4e0d\u9760\u8c31\u3002", "events": [], "arguments": {"time": [], "loc": [], "country": [{"text": "\u53f0\u6e7e", "offset": 12, "length": 2}], "weapon": []}}, {"sentence": "\u53f0\u6e7e\u201c\u4e2d\u592e\u793e\u201d9\u67084\u65e5\u63f4\u5f15\u65e5\u672c\u300a\u4ea7\u7ecf\u65b0\u95fb\u300b\u7684\u62a5\u9053\u79f0\uff0c\u53f0\u6e7e\u9632\u52a1\u90e8\u95e8\u57289\u67081\u65e5\u9001\u4ea4\u201c\u7acb\u6cd5\u9662\u201d\u7684\u4e00\u4efd\u4e0d\u516c\u5f00\u7684\u201c\u4e2d\u56fd\u519b\u529b\u5e74\u5ea6\u62a5\u544a\u201d\u4e2d\u8868\u793a\uff0c\u89e3\u653e\u519b\u5357\u6d77\u8230\u961f\u5728\u4eca\u5e74\u5e74\u521d\u7a7f\u8d8a\u201c\u7b2c\u4e8c\u5c9b\u94fe\u201d\uff0c\u9996\u6b21\u63a5\u8fd1\u4e86\u5305\u62ec\u590f\u5a01\u5937\u5728\u5185\u7684\u533a\u57df\uff0c\u5e76\u5728\u9644\u8fd1\u5f00\u5c55\u6f14\u4e60\u3002", "events": [], "arguments": {"time": [{"text": "9\u67084\u65e5", "offset": 7, "length": 4}, {"text": "9\u67081\u65e5", "offset": 33, "length": 4}, {"text": "\u4eca\u5e74\u5e74\u521d", "offset": 73, "length": 4}], "loc": [{"text": "\u5357\u6d77", "offset": 68, "length": 2}, {"text": "\u590f\u5a01\u5937", "offset": 93, "length": 3}], "country": [{"text": "\u53f0\u6e7e", "offset": 0, "length": 2}, {"text": "\u65e5\u672c", "offset": 13, "length": 2}, {"text": "\u53f0\u6e7e", "offset": 26, "length": 2}, {"text": "\u4e2d\u56fd", "offset": 52, "length": 2}], "weapon": []}}, {"sentence": "\u300a\u4ea7\u7ecf\u65b0\u95fb\u300b\u62a5\u9053\u79f0\uff0c\u590f\u5a01\u5937\u662f\u7f8e\u56fd\u5370\u5ea6-\u592a\u5e73\u6d0b\u53f8\u4ee4\u90e8\u6240\u5728\u5730\uff0c\u4e2d\u56fd\u5927\u9646\u501f\u6b64\u5c55\u793a\u5df2\u6709\u80fd\u529b\u7a81\u7834\u7f8e\u56fd\u5173\u5c9b\u4e0e\u65e5\u672c\u5c0f\u7b20\u539f\u8bf8\u5c9b\u7b49\u7ec4\u6210\u7684\u201c\u7b2c\u4e8c\u5c9b\u94fe\u201d\uff0c\u76f4\u6307\u590f\u5a01\u5937\u8fd9\u4e00\u6218\u7565\u636e\u70b9\u3002", "events": [], "arguments": {"time": [], "loc": [{"text": "\u590f\u5a01\u5937", "offset": 10, "length": 3}, {"text": "\u592a\u5e73\u6d0b", "offset": 19, "length": 3}, {"text": "\u5173\u5c9b", "offset": 45, "length": 2}, {"text": "\u5c0f\u7b20\u539f\u8bf8\u5c9b", "offset": 0, "length": 5}, {"text": "\u590f\u5a01\u5937", "offset": 68, "length": 3}], "country": [{"text": "\u7f8e\u56fd", "offset": 14, "length": 2}, {"text": "\u4e2d\u56fd", "offset": 29, "length": 2}, {"text": "\u7f8e\u56fd", "offset": 43, "length": 2}, {"text": "\u65e5\u672c", "offset": 48, "length": 2}], "weapon": []}}, {"sentence": "\u62a5\u9053\u8fd8\u79f0\uff0c\u53f0\u6e7e\u9632\u52a1\u90e8\u95e8\u5728\u8fd9\u4efd\u62a5\u544a\u4e2d\u62ab\u9732\u89e3\u653e\u519b\u5357\u6d77\u8230\u961f\u7684\u8fdc\u822a\u8230\u961f\u4eca\u5e74\u521d\u201c\u9996\u6b21\u63a5\u8fd1\u7b2c\u4e09\u5c9b\u94fe\uff0c\u5bf9\u5916\u5c55\u793a\u7a81\u7834\uff08\u7b2c\u4e00\u3001\u7b2c\u4e8c\uff09\u5c9b\u94fe\u5c01\u9501\u3001\u5b9e\u65bd\u8fdc\u6d0b\u4f5c\u6218\u7684\u5b9e\u529b\u201d\u3002", "events": [], "arguments": {"time": [], "loc": [{"text": "\u5357\u6d77", "offset": 22, "length": 2}, {"text": "\u7b2c\u4e09\u5c9b\u94fe", "offset": 39, "length": 4}], "country": [{"text": "\u53f0\u6e7e", "offset": 5, "length": 2}], "weapon": []}}, {"sentence": "\u4f46\u62a5\u9053\u4e2d\u5e76\u672a\u63d0\u53ca\u6240\u8c13\u7684\u201c\u63a5\u8fd1\u201d\u5230\u5e95\u662f\u6709\u591a\u8fd1\uff0c\u4e5f\u6ca1\u6709\u63d0\u53ca\u6240\u8c13\u7684\u201c\u4eca\u5e74\u5e74\u521d\u201d\u7684\u5177\u4f53\u65f6\u95f4\u3002", "events": [], "arguments": {"time": [], "loc": [], "country": [], "weapon": []}}, {"sentence": "\u5176\u5b9e\u65e9\u5728\u4eca\u5e742\u6708\uff0c\u5c31\u6709\u4e0d\u5c11\u5916\u5a92\u7092\u4f5c\u201c\u4e2d\u56fd\u519b\u8230\u62b5\u8fd1\u590f\u5a01\u5937\u201d\u201c\u4e2d\u56fd\u8230\u961f\u5728\u590f\u5a01\u5937\u6d77\u57df\u81ea\u7531\u822a\u884c\u201d\u7b49\u76f8\u5173\u8bdd\u9898\u3002", "events": [], "arguments": {"time": [{"text": "\u4eca\u5e742\u6708", "offset": 4, "length": 4}], "loc": [{"text": "\u590f\u5a01\u5937", "offset": 24, "length": 3}, {"text": "\u590f\u5a01\u5937\u6d77\u57df", "offset": 34, "length": 5}], "country": [{"text": "\u4e2d\u56fd", "offset": 18, "length": 2}, {"text": "\u4e2d\u56fd", "offset": 29, "length": 2}], "weapon": [{"text": "\u519b\u8230", "offset": 20, "length": 2}]}}, {"sentence": "\u800c\u8fd9\u756a\u7092\u4f5c\u57fa\u672c\u6e90\u4e8e\u5f53\u65f6\u300a\u89e3\u653e\u519b\u62a5\u300b\u7684\u4e00\u7bc7\u62a5\u9053\u3002", "events": [], "arguments": {"time": [], "loc": [], "country": [], "weapon": []}}, {"sentence": "\u300a\u89e3\u653e\u519b\u62a5\u300b\u57282\u670818\u65e5\u53d1\u5e03\u4e86\u9898\u4e3a\u300a\u8fdc\u822a\u783a\u5175\u592a\u5e73\u6d0b\u300b\u7684\u6587\u7ae0\uff0c\u4ecb\u7ecd\u4e86\u5357\u90e8\u6218\u533a\u6d77\u519b\u8fdc\u6d77\u8bad\u7ec3\u7f16\u961f\u5f00\u5c55\u8fdc\u6d77\u8bad\u7ec3\u6d3b\u52a8\u7684\u60c5\u51b5\uff0c\u8fd9\u662f\u8fd1\u5e74\u6765\u6211\u6d77\u519b\u8230\u8247\u7f16\u961f\u9996\u6b21\u4ee5\u6218\u5907\u8bad\u7ec3\u72b6\u6001\u901a\u8fc7\u56fd\u9645\u65e5\u671f\u53d8\u66f4\u7ebf\u3002", "events": [], "arguments": {"time": [{"text": "2\u670818\u65e5", "offset": 7, "length": 5}], "loc": [{"text": "\u592a\u5e73\u6d0b", "offset": 22, "length": 3}, {"text": "\u5357\u90e8\u6218\u533a", "offset": 33, "length": 4}], "country": [], "weapon": []}}, {"sentence": "\u300a\u89e3\u653e\u519b\u62a5\u300b\u5f53\u65f6\u7684\u62a5\u9053\u5e76\u672a\u63d0\u53ca\u201c\u63a5\u8fd1\u590f\u5a01\u5937\u201d\u4e00\u4e8b\uff0c\u4ece\u5730\u56fe\u4e0a\u770b\uff0c\u590f\u5a01\u5937\u5728\u56fd\u9645\u65e5\u671f\u53d8\u66f4\u7ebf\u7684\u4e1c\u4fa7\uff0c\u4e2d\u56fd\u6d77\u519b\u8fdc\u6d77\u8bad\u7ec3\u7f16\u961f\u4e5f\u6b63\u662f\u5411\u4e1c\u822a\u884c\u901a\u8fc7\u56fd\u9645\u65e5\u671f\u53d8\u66f4\u7ebf\uff0c\u4e8e\u662f\u5c31\u88ab\u4e0d\u5c11\u5a92\u4f53\u8fc7\u5ea6\u89e3\u8bfb\u6210\u4e86\u201c\u4e2d\u56fd\u519b\u8230\u62b5\u8fd1\u590f\u5a01\u5937\u201d\u3002", "events": [], "arguments": {"time": [], "loc": [{"text": "\u590f\u5a01\u5937", "offset": 18, "length": 3}, {"text": "\u590f\u5a01\u5937", "offset": 31, "length": 3}, {"text": "\u7ebf", "offset": 0, "length": 1}, {"text": "\u590f\u5a01\u5937", "offset": 94, "length": 3}], "country": [{"text": "\u4e2d\u56fd", "offset": 46, "length": 2}, {"text": "\u4e2d\u56fd", "offset": 88, "length": 2}], "weapon": []}}, {"sentence": "\u5982\u679c\u5149\u51ed\u201c\u8d8a\u8fc7\u56fd\u9645\u65e5\u671f\u53d8\u66f4\u7ebf\u201d\u7684\u62a5\u9053\uff0c\u5c31\u8111\u8865\u51fa\u4e2d\u56fd\u6d77\u519b\u8230\u961f\u6b63\u5728\u903c\u8fd1\u590f\u5a01\u5937\uff0c\u672a\u514d\u6709\u4e9b\u592a\u7a7a\u7a74\u6765\u98ce\u3002", "events": [], "arguments": {"time": [], "loc": [{"text": "\u590f\u5a01\u5937", "offset": 33, "length": 3}], "country": [{"text": "\u4e2d\u56fd", "offset": 23, "length": 2}], "weapon": []}}, {"sentence": "\u5176\u5b9e\u53ea\u8981\u7a0d\u5fae\u6d4b\u91cf\u5c31\u4f1a\u53d1\u73b0\uff0c\u56fd\u9645\u65e5\u671f\u53d8\u66f4\u7ebf\u4e0e\u590f\u5a01\u5937\u4e4b\u95f4\u7684\u6700\u8fd1\u8ddd\u79bb\uff0c\u4e5f\u57282000\u516c\u91cc\u4ee5\u4e0a\uff0c\u7528\u201c\u62b5\u8fd1\u201d\u6765\u5f62\u5bb9\u8fd9\u4e00\u8ddd\u79bb\u4e5f\u8fc7\u4e8e\u5938\u5f20\u3002", "events": [], "arguments": {"time": [], "loc": [{"text": "\u590f\u5a01\u5937", "offset": 21, "length": 3}], "country": [], "weapon": []}}, {"sentence": "\u53e6\u5916\uff0c\u53f0\u6e7e\u9632\u52a1\u90e8\u95e8\u7684\u8fd9\u4efd\u201c\u4e2d\u56fd\u519b\u529b\u5e74\u5ea6\u62a5\u544a\u201d\u79f0\uff0c\u8fd9\u662f\u89e3\u653e\u519b\u8230\u961f\u201c\u9996\u6b21\u201d\u63a5\u8fd1\u590f\u5a01\u5937\u3002", "events": [], "arguments": {"time": [], "loc": [{"text": "\u590f\u5a01\u5937", "offset": 37, "length": 3}], "country": [{"text": "\u53f0\u6e7e", "offset": 3, "length": 2}, {"text": "\u4e2d\u56fd", "offset": 13, "length": 2}], "weapon": []}}, {"sentence": "\u800c\u5b9e\u9645\u4e0a\uff0c\u4e2d\u56fd\u6d77\u519b\u8230\u961f\u66fe\u591a\u6b21\u5230\u8bbf\u590f\u5a01\u5937\u3002", "events": [], "arguments": {"time": [], "loc": [{"text": "\u590f\u5a01\u5937", "offset": 16, "length": 3}], "country": [{"text": "\u4e2d\u56fd", "offset": 5, "length": 2}], "weapon": []}}, {"sentence": "\u57282013\u5e749\u67086\u65e5\uff0c\u4e2d\u56fd\u6d77\u519b\u7684\u9752\u5c9b\u53f7\u9a71\u9010\u8230\u3001\u4e34\u6c82\u53f7\u62a4\u536b\u8230\u548c\u6d2a\u6cfd\u6e56\u53f7\u8fdc\u6d0b\u7efc\u5408\u8865\u7ed9\u8230\u5c31\u66fe\u5230\u8bbf\u590f\u5a01\u5937\uff1b2014\u5e746\u6708\u4e0b\u65ec\uff0c\u4e2d\u56fd\u6d77\u519b\u6d3e\u51fa\u6d77\u53e3\u8230\u3001\u5cb3\u9633\u8230\u3001\u5343\u5c9b\u6e56\u8230\u3001\u548c\u5e73\u65b9\u821f\u533b\u9662\u8239\u53c2\u52a0\u201c\u73af\u592a\u5e73\u6d0b-2014\u201d\u6f14\u4e60\uff0c\u8fd9\u4e9b\u8230\u8239\u4e5f\u66fe\u524d\u5f80\u590f\u5a01\u5937\uff1b2015\u5e7412\u670814\u65e5\uff0c\u6b63\u5728\u5f00\u5c55\u73af\u7403\u8bbf\u95ee\u822a\u884c\u7684\u4e2d\u56fd\u6d77\u519b152\uff08\u201c\u6d4e\u5357\u201d\u8230\uff09\u8230\u8247\u7f16\u961f\u7ecf\u8fc7\u5728\u592a\u5e73\u6d0b15\u5929\u7684\u8fde\u7eed\u822a\u884c\uff0c\u62b5\u8fbe\u590f\u5a01\u5937\u73cd\u73e0\u6e2f\uff0c\u5f00\u59cb\u5bf9\u7f8e\u56fd\u8fdb\u884c\u4e3a\u671f5\u5929\u7684\u53cb\u597d\u8bbf\u95ee\u3002", "events": [], "arguments": {"time": [{"text": "2014\u5e746\u6708\u4e0b\u65ec", "offset": 49, "length": 9}, {"text": "2013\u5e749\u67086\u65e5", "offset": 1, "length": 9}, {"text": "2015\u5e7412\u670814\u65e5", "offset": 113, "length": 11}], "loc": [{"text": "\u590f\u5a01\u5937", "offset": 171, "length": 3}, {"text": "\u9752\u5c9b", "offset": 16, "length": 2}, {"text": "\u590f\u5a01\u5937", "offset": 45, "length": 3}, {"text": "\u592a\u5e73\u6d0b", "offset": 89, "length": 3}, {"text": "\u590f\u5a01\u5937", "offset": 109, "length": 3}, {"text": "\u592a\u5e73\u6d0b", "offset": 157, "length": 3}], "country": [{"text": "\u4e2d\u56fd", "offset": 136, "length": 2}, {"text": "\u4e2d\u56fd", "offset": 11, "length": 2}, {"text": "\u4e2d\u56fd", "offset": 59, "length": 2}, {"text": "\u7f8e\u56fd", "offset": 181, "length": 2}], "weapon": [{"text": "\u6d77\u53e3\u8230", "offset": 65, "length": 3}, {"text": "\u5cb3\u9633\u8230", "offset": 69, "length": 3}, {"text": "\u5343\u5c9b\u6e56\u8230", "offset": 73, "length": 4}, {"text": "\u548c\u5e73\u65b9\u821f\u533b\u9662\u8239", "offset": 78, "length": 7}, {"text": "\u201c\u6d4e\u5357\u201d\u8230", "offset": 144, "length": 5}, {"text": "\u9752\u5c9b\u53f7\u9a71\u9010\u8230", "offset": 16, "length": 6}, {"text": "\u4e34\u6c82\u53f7\u62a4\u536b\u8230", "offset": 23, "length": 6}, {"text": "\u6d2a\u6cfd\u6e56\u53f7\u8fdc\u6d0b\u7efc\u5408\u8865\u7ed9\u8230", "offset": 30, "length": 11}, {"text": "152\uff08\u201c\u6d4e\u5357\u201d\u8230", "offset": 140, "length": 9}]}}, {"sentence": "\u7531\u6b64\u770b\u6765\uff0c\u53f0\u6e7e\u9632\u52a1\u90e8\u95e8\u6240\u8c13\u7684\u201c\u9996\u6b21\u63a5\u8fd1\u590f\u5a01\u5937\u201d\u7684\u8868\u8ff0\u4e5f\u672a\u514d\u592a\u4e0d\u4e25\u8c28\uff0c\u52a0\u4e0a\u53f0\u5a92\u7684\u535a\u773c\u7403\u5f0f\u62a5\u9053\uff0c\u523b\u610f\u5938\u5927\u7092\u4f5c\u5927\u9646\u6d77\u519b\u5e74\u5ea6\u6b63\u5e38\u8bad\u7ec3\u6d3b\u52a8\u3002", "events": [], "arguments": {"time": [], "loc": [{"text": "\u590f\u5a01\u5937", "offset": 19, "length": 3}], "country": [{"text": "\u53f0\u6e7e", "offset": 5, "length": 2}], "weapon": []}}]