[{"sentence": "\u7f8e\u7a7a\u519b\u4e00\u67b6MQ-9\u65e0\u4eba\u673a\u6ed1\u51fa\u8dd1\u9053\u53d7\u635f\u00a0\u540c\u4e00\u57fa\u57307\u6708\u521a\u5760\u6bc1\u4e00\u67b6F-16", "events": [], "arguments": {"time": [{"text": "7\u6708", "offset": 23, "length": 2}], "loc": [], "country": [{"text": "\u7f8e", "offset": 0, "length": 1}], "weapon": [{"text": "MQ-9\u65e0\u4eba\u673a", "offset": 5, "length": 7}, {"text": "F-16", "offset": 30, "length": 4}]}}, {"sentence": "\u3010\u73af\u7403\u7f51\u62a5\u9053 \u8bb0\u8005 \u9a6c\u5ca9\u3011", "events": [], "arguments": {"time": [], "loc": [], "country": [], "weapon": []}}, {"sentence": "\u636e\u300a\u7a7a\u519b\u65f6\u62a5\u300b\u7f51\u7ad99\u67083\u65e5\u62a5\u9053\uff0c\u65b0\u58a8\u897f\u54e5\u5dde\u970d\u6d1b\u66fc\u7a7a\u519b\u57fa\u5730\u5bf9\u5916\u5ba3\u5e03\uff0c\u8be5\u57fa\u5730\u4e00\u67b6MQ-9\u201c\u6536\u5272\u8005\u201d\u65e0\u4eba\u673a9\u67082\u65e5\u4e0a\u5348\u8d77\u98de\u65f6\u51b2\u51fa\u8dd1\u9053\uff0c\u5e76\u635f\u6bc1\u3002", "events": [{"trigger": {"text": "\u635f\u6bc1", "offset": 65, "length": 2}, "subject": {"text": "MQ-9\u201c\u6536\u5272\u8005\u201d\u65e0\u4eba\u673a", "offset": 38, "length": 12}, "object": {"text": "", "offset": 0, "length": 0}}], "arguments": {"time": [{"text": "9\u67082\u65e5\u4e0a\u5348", "offset": 50, "length": 6}, {"text": "9\u67083\u65e5", "offset": 9, "length": 4}], "loc": [{"text": "\u65b0\u58a8\u897f\u54e5\u5dde\u970d\u6d1b\u66fc\u7a7a\u519b\u57fa\u5730", "offset": 16, "length": 12}], "country": [], "weapon": [{"text": "MQ-9\u201c\u6536\u5272\u8005\u201d\u65e0\u4eba\u673a", "offset": 38, "length": 12}]}}, {"sentence": "\u62a5\u9053\u79f0\uff0c\u8fd9\u67b6\u201c\u6536\u5272\u8005\u201d\u65e0\u4eba\u673a\u96b6\u5c5e\u4e8e\u7b2c49\u98de\u884c\u4e2d\u961f\u3002", "events": [], "arguments": {"time": [], "loc": [], "country": [], "weapon": [{"text": "\u201c\u6536\u5272\u8005\u201d\u65e0\u4eba\u673a", "offset": 6, "length": 8}]}}, {"sentence": "\u4e8b\u6545\u53d1\u751f\u5728\u5f53\u5730\u65f6\u95f4\u4e0a\u53488\u70b930\u5206\u5de6\u53f3\uff0c\u6ca1\u6709\u5176\u5b83\u98de\u673a\u5377\u5165\u6b64\u6b21\u4e8b\u6545\uff0c\u4e8b\u6545\u539f\u56e0\u6b63\u5728\u8c03\u67e5\u4e2d\u3002", "events": [], "arguments": {"time": [{"text": "\u4e0a\u53488\u70b930\u5206\u5de6\u53f3", "offset": 9, "length": 9}], "loc": [], "country": [], "weapon": [{"text": "\u98de\u673a", "offset": 23, "length": 2}]}}, {"sentence": "\u636e\u6089\uff0c\u7b2c49\u98de\u884c\u4e2d\u961f\u662f\u7a7a\u519b\u6559\u80b2\u548c\u8bad\u7ec3\u53f8\u4ee4\u90e8\u7684\u4e00\u90e8\u5206\uff0c\u8d1f\u8d23\u8bad\u7ec3\u7a7a\u519b\u4eba\u5458\u64cd\u4f5cMQ-9\u65e0\u4eba\u673a\u548cF-16\u6218\u6597\u673a\u3002", "events": [], "arguments": {"time": [], "loc": [], "country": [], "weapon": [{"text": "MQ-9\u65e0\u4eba\u673a", "offset": 36, "length": 7}, {"text": "F-16\u6218\u6597\u673a", "offset": 44, "length": 7}]}}, {"sentence": "7\u670813\u65e5\uff0c\u4e00\u67b6F-16\u6218\u6597\u673a\u4e5f\u5728\u970d\u6d1b\u66fc\u7a7a\u519b\u57fa\u5730\u5760\u6bc1\uff0c\u98de\u884c\u5458\u6210\u529f\u5f39\u5c04\u8df3\u4f1e\uff0c\u4ec5\u53d7\u4e86\u8f7b\u4f24\u3002", "events": [], "arguments": {"time": [{"text": "7\u670813\u65e5", "offset": 0, "length": 5}], "loc": [{"text": "\u970d\u6d1b\u66fc\u7a7a\u519b\u57fa\u5730", "offset": 17, "length": 7}], "country": [], "weapon": [{"text": "F-16\u6218\u6597\u673a", "offset": 8, "length": 7}]}}, {"sentence": "\uff08\u5b8c\uff09", "events": [], "arguments": {"time": [], "loc": [], "country": [], "weapon": []}}, {"sentence": "\uff08\u5b8c\uff09", "events": [], "arguments": {"time": [], "loc": [], "country": [], "weapon": []}}]