[{"sentence": "\u6fb3\u5927\u5229\u4e9a\u5c06\u91c7\u8d2d\u97e9\u56fdK9\u81ea\u884c\u706b\u70ae\u00a0\u8be5\u6b66\u5668\u6b64\u524d\u5df2\u51fa\u53e3\u52305\u4e2a\u56fd\u5bb6", "events": [], "arguments": {"time": [], "loc": [], "country": [{"text": "\u6fb3\u5927\u5229\u4e9a", "offset": 0, "length": 4}, {"text": "\u97e9\u56fd", "offset": 7, "length": 2}], "weapon": [{"text": "K9\u81ea\u884c\u706b\u70ae", "offset": 9, "length": 6}]}}, {"sentence": "\u3010\u73af\u7403\u7f51\u62a5\u9053 \u8bb0\u8005 \u5f90\u7490\u660e\u3011", "events": [], "arguments": {"time": [], "loc": [], "country": [], "weapon": []}}, {"sentence": "\u636e\u97e9\u8054\u793e9\u67083\u65e5\u62a5\u9053\uff0c\u97e9\u56fd\u97e9\u534e\u9632\u52a1\u516c\u53f8\u5f53\u5929\u8868\u793a\uff0c\u97e9\u56fd\u7814\u5236\u7684K-9\u81ea\u884c\u69b4\u5f39\u70ae\u88ab\u6307\u5b9a\u4e3a\u6fb3\u5927\u5229\u4e9a\u706b\u70ae\u91c7\u8d2d\u9879\u76ee\u7684\u552f\u4e00\u4f18\u5148\u6295\u6807\u8005\u3002", "events": [], "arguments": {"time": [{"text": "9\u67083\u65e5", "offset": 4, "length": 4}], "loc": [], "country": [{"text": "\u97e9\u56fd", "offset": 24, "length": 2}, {"text": "\u97e9\u56fd", "offset": 11, "length": 2}, {"text": "\u6fb3\u5927\u5229\u4e9a", "offset": 41, "length": 4}], "weapon": [{"text": "K-9\u81ea\u884c\u69b4\u5f39\u70ae", "offset": 29, "length": 8}]}}, {"sentence": "\u8fd9\u610f\u5473\u7740\uff0c\u6fb3\u5927\u5229\u4e9a\u5c06\u91c7\u8d2d\u8fd9\u6b3e\u97e9\u56fd\u5236\u9020\u7684\u81ea\u884c\u706b\u70ae\u3002", "events": [], "arguments": {"time": [], "loc": [], "country": [{"text": "\u6fb3\u5927\u5229\u4e9a", "offset": 5, "length": 4}, {"text": "\u97e9\u56fd", "offset": 14, "length": 2}], "weapon": [{"text": "\u81ea\u884c\u706b\u70ae", "offset": 19, "length": 4}]}}, {"sentence": "\u62a5\u9053\u79f0\uff0c\u6839\u636e\u8fd9\u9879\u4ef7\u503c\u7ea61\u4e07\u4ebf\u97e9\u5143\uff08\u7ea6\u54089.6\u4ebf\u7f8e\u5143\uff09\u7684\u8ba1\u5212\uff0c\u6fb3\u5927\u5229\u4e9a\u9646\u519b\u9884\u8ba1\u5c06\u91c7\u8d2d30\u5957K-9\u81ea\u884c\u69b4\u5f39\u70ae\u4ee5\u53ca15\u8f86K-10\u5f39\u836f\u8865\u7ed9\u8f66\u3002", "events": [], "arguments": {"time": [], "loc": [], "country": [{"text": "\u6fb3\u5927\u5229\u4e9a", "offset": 30, "length": 4}], "weapon": [{"text": "K-9\u81ea\u884c\u69b4\u5f39\u70ae", "offset": 44, "length": 8}, {"text": "K-10\u5f39\u836f\u8865\u7ed9\u8f66", "offset": 57, "length": 9}]}}, {"sentence": "K-9\u81ea\u884c\u69b4\u5f39\u70ae\u7684\u7814\u5236\u65b9\u97e9\u56fd\u97e9\u534e\u9632\u52a1\u516c\u53f8\u5728\u6fb3\u5927\u5229\u4e9a\u7684\u5206\u516c\u53f8\u5c06\u63d0\u4ea4\u4e00\u4efd\u8be6\u7ec6\u7684\u63d0\u6848\u3002", "events": [], "arguments": {"time": [], "loc": [], "country": [{"text": "\u97e9\u56fd", "offset": 12, "length": 2}, {"text": "\u6fb3\u5927\u5229\u4e9a", "offset": 21, "length": 4}], "weapon": [{"text": "K-9\u81ea\u884c\u69b4\u5f39\u70ae", "offset": 0, "length": 8}]}}, {"sentence": "2010\u5e74\uff0c\u6fb3\u5927\u5229\u4e9a\u9009\u62e9\u97e9\u56fd\u7684K-9\u81ea\u884c\u69b4\u5f39\u70ae\u4f5c\u4e3a\u5176\u91c7\u8d2d\u9879\u76ee\u552f\u4e00\u6295\u6807\u8005\uff0c\u4f46\u4e24\u5e74\u540e\u56e0\u9884\u7b97\u95ee\u9898\u8be5\u9879\u76ee\u88ab\u53d6\u6d88\u3002", "events": [{"trigger": {"text": "\u91c7\u8d2d", "offset": 26, "length": 2}, "subject": {"text": "\u6fb3\u5927\u5229\u4e9a", "offset": 6, "length": 4}, "object": {"text": "K-9\u81ea\u884c\u69b4\u5f39\u70ae", "offset": 15, "length": 8}}], "arguments": {"time": [{"text": "2010\u5e74", "offset": 0, "length": 5}], "loc": [], "country": [{"text": "\u6fb3\u5927\u5229\u4e9a", "offset": 6, "length": 4}, {"text": "\u97e9\u56fd", "offset": 12, "length": 2}], "weapon": [{"text": "K-9\u81ea\u884c\u69b4\u5f39\u70ae", "offset": 15, "length": 8}]}}, {"sentence": "\u53bb\u5e74\uff0c\u6fb3\u5927\u5229\u4e9a\u653f\u5e9c\u5ba3\u5e03\u91cd\u542f\u8fd9\u4e00\u9879\u76ee\u3002", "events": [], "arguments": {"time": [], "loc": [], "country": [{"text": "\u6fb3\u5927\u5229\u4e9a", "offset": 3, "length": 4}], "weapon": []}}, {"sentence": "\u4e3a\u4e86\u5e2e\u52a9\u6269\u5927\u6fb3\u5927\u5229\u4e9a\u56fd\u9632\u5de5\u4e1a\u8bbe\u65bd\uff0c\u97e9\u534e\u9632\u52a1\u627f\u8bfa\u5728\u6fb3\u5927\u5229\u4e9a\u7684\u5409\u9686\u5730\u533a\u5efa\u8bbe\u76f8\u5173\u751f\u4ea7\u8bbe\u65bd\uff0c\u5e76\u5e2e\u52a9\u57f9\u8bad\u5f53\u5730\u52b3\u52a8\u529b\u3002", "events": [], "arguments": {"time": [], "loc": [{"text": "\u5409\u9686\u5730\u533a", "offset": 29, "length": 4}], "country": [{"text": "\u6fb3\u5927\u5229\u4e9a", "offset": 6, "length": 4}, {"text": "\u6fb3\u5927\u5229\u4e9a", "offset": 24, "length": 4}], "weapon": []}}, {"sentence": "\u97e9\u534e\u9632\u52a1\u516c\u53f8\u79f0\uff0c\u97e9\u56fd\u5df2\u7ecf\u5411\u571f\u8033\u5176\u3001\u6ce2\u5170\u3001\u5370\u5ea6\u3001\u632a\u5a01\u548c\u7231\u6c99\u5c3c\u4e9a\u7b49\u56fd\u51fa\u53e3\u4e86K-9\u81ea\u884c\u69b4\u5f39\u70ae\uff0c\u76ee\u524d\u5728\u4e16\u754c\u5404\u5730\u670d\u5f79\u7684K-9\u81ea\u884c\u69b4\u5f39\u70ae\u7ea6\u67091700\u5957\u3002", "events": [], "arguments": {"time": [], "loc": [], "country": [{"text": "\u571f\u8033\u5176", "offset": 13, "length": 3}, {"text": "\u6ce2\u5170", "offset": 17, "length": 2}, {"text": "\u5370\u5ea6", "offset": 20, "length": 2}, {"text": "\u632a\u5a01", "offset": 23, "length": 2}, {"text": "\u7231\u6c99\u5c3c\u4e9a", "offset": 26, "length": 4}, {"text": "\u97e9\u56fd", "offset": 8, "length": 2}], "weapon": [{"text": "K-9\u81ea\u884c\u69b4\u5f39\u70ae", "offset": 54, "length": 8}]}}]