[{"sentence": "\u4e3a\u6ee1\u8db3\u5feb\u901f\u53d1\u5c55\u7684\u65e0\u4eba\u673a\u5e02\u573a\u9700\u6c42\u00a0\u4fc4\u591a\u5bb6\u519b\u706b\u516c\u53f8\u7814\u53d1\u5c0f\u578b\u5f39\u836f", "events": [], "arguments": {"time": [], "loc": [], "country": [{"text": "\u4fc4", "offset": 16, "length": 1}], "weapon": [{"text": "\u65e0\u4eba\u673a", "offset": 8, "length": 3}]}}, {"sentence": "\u3010\u73af\u7403\u7f51\u62a5\u9053 \u8bb0\u8005 \u9a6c\u5ca9\u3011", "events": [], "arguments": {"time": [], "loc": [], "country": [], "weapon": []}}, {"sentence": "\u636e\u300a\u7b80\u6c0f\u9632\u52a1\u5468\u520a\u300b\u7f51\u7ad99\u67082\u65e5\u62a5\u9053\uff0c\u4fc4\u7f57\u65af\u591a\u5bb6\u519b\u706b\u516c\u53f8\u8fd1\u65e5\u516c\u5e03\u4e86\u5b83\u4eec\u4e3a\u65e0\u4eba\u673a\u7814\u53d1\u7684\u5c0f\u578b\u7a7a\u5c04\u5f39\u836f\u3002", "events": [{"trigger": {"text": "\u516c\u5e03", "offset": 29, "length": 2}, "subject": {"text": "\u519b\u706b\u516c\u53f8", "offset": 23, "length": 4}, "object": {"text": "\u5c0f\u578b\u7a7a\u5c04\u5f39\u836f", "offset": 41, "length": 6}}], "arguments": {"time": [{"text": "9\u67082\u65e5", "offset": 11, "length": 4}], "loc": [], "country": [{"text": "\u4fc4\u7f57\u65af", "offset": 18, "length": 3}], "weapon": [{"text": "\u65e0\u4eba\u673a", "offset": 35, "length": 3}]}}, {"sentence": "KTRV\u516c\u53f8\u603b\u5e72\u4e8b\u9c8d\u91cc\u65af\u8868\u793a\uff0c\u8be5\u516c\u53f8\u6b63\u5728\u4e3a\u65e0\u4eba\u673a\u8bbe\u8ba1\u65b0\u7684\u5bfc\u5f39\u548c\u70b8\u5f39\uff0c\u5e76\u5347\u7ea7\u73b0\u6709\u7684\u6b66\u5668\uff0c\u76ee\u524d\u6b63\u4e3a\u84ec\u52c3\u53d1\u5c55\u7684\u65e0\u4eba\u673a\u5e02\u573a\u53d1\u5c5550\u81f3100\u516c\u65a4\u7684\u5c0f\u578b\u6b66\u5668\u3002", "events": [], "arguments": {"time": [], "loc": [], "country": [], "weapon": [{"text": "\u65e0\u4eba\u673a", "offset": 52, "length": 3}]}}, {"sentence": "\u6b64\u5916\uff0c\u8be5\u516c\u53f8\u6b63\u4e0eKronshtadt\u548c\u82cf\u970d\u4f0a\u8bbe\u8ba1\u5c40\u5408\u4f5c\uff0c\u4e3a\u4ed6\u4eec\u7684\u65e0\u4eba\u673a\u7814\u53d1\u6b66\u5668\u3002", "events": [], "arguments": {"time": [], "loc": [], "country": [], "weapon": [{"text": "\u65e0\u4eba\u673a", "offset": 32, "length": 3}]}}, {"sentence": "KTRV\u516c\u53f8\u768450\u516c\u65a4Kh-50\u5bfc\u5f39\u53ef\u4ee5\u6253\u51fb\u5c0f\u578b\u5730\u9762\u548c\u6c34\u9762\u76ee\u6807\u3002", "events": [], "arguments": {"time": [], "loc": [], "country": [], "weapon": [{"text": "Kh-50\u5bfc\u5f39", "offset": 11, "length": 7}]}}, {"sentence": "\u5b83\u957f1.8\u7c73\uff0c\u76f4\u5f84180\u6beb\u7c73\uff0c\u6709300\u6beb\u7c73\u7684\u7fc5\u7247\u548c10\u81f320\u516c\u65a4\u7684\u9ad8\u7206\u5f39\u5934\u3002", "events": [], "arguments": {"time": [], "loc": [], "country": [], "weapon": []}}, {"sentence": "\u800cTsNIIKhM\u516c\u53f8\u7684KB-20\u5236\u5bfc\u70b8\u5f39\u91cd21\u516c\u65a4\uff0c\u643a\u5e26\u4e00\u4e2a7\u516c\u65a4\u7684\u5f39\u5934\u4ee5\u53ca\u4e00\u4e2a\u536b\u661f\u4fe1\u53f7\u63a5\u6536\u5668\u6216\u6fc0\u5149\u5236\u5bfc\u5355\u5143\u3002", "events": [], "arguments": {"time": [], "loc": [], "country": [], "weapon": [{"text": "KB-20\u5236\u5bfc\u70b8", "offset": 12, "length": 8}, {"text": "KB-20\u5236\u5bfc\u70b8\u5f39", "offset": 12, "length": 9}]}}, {"sentence": "\u5b83\u957f900\u6beb\u7c73\uff0c\u76f4\u5f84130\u6beb\u7c73\uff0c\u7fc5\u7247350\u6beb\u7c73\u3002", "events": [], "arguments": {"time": [], "loc": [], "country": [], "weapon": []}}, {"sentence": "\u6b64\u79cd\u5f39\u836f\u9002\u5408\u6253\u51fb\u4eba\u5458\u7b49\u8f6f\u76ee\u6807\u3002", "events": [], "arguments": {"time": [], "loc": [], "country": [], "weapon": []}}, {"sentence": "\uff08\u5b8c\uff09", "events": [], "arguments": {"time": [], "loc": [], "country": [], "weapon": []}}, {"sentence": "\uff08\u5b8c\uff09", "events": [], "arguments": {"time": [], "loc": [], "country": [], "weapon": []}}]