[{"sentence": "\u7f8e\u56fd\u4e07\u5428\u7ea7\u519b\u8230\u88ab\u4e09\u679a\u5bfc\u5f39\u547d\u4e2d\uff0c\u77ac\u95f4\u6d53\u70df\u6eda\u6eda\uff01", "events": [], "arguments": {"time": [], "loc": [], "country": [{"text": "\u7f8e\u56fd", "offset": 0, "length": 2}], "weapon": [{"text": "\u519b\u8230", "offset": 5, "length": 2}, {"text": "\u5bfc\u5f39", "offset": 10, "length": 2}]}}, {"sentence": "\u3010\u73af\u7403\u7f51\u62a5\u9053 \u8bb0\u8005 \u5f90\u7490\u660e\u3011", "events": [], "arguments": {"time": [], "loc": [], "country": [], "weapon": []}}, {"sentence": "2020\u5e74\u5ea6\u201c\u73af\u592a\u5e73\u6d0b\u201d\u519b\u4e8b\u6f14\u4e60\u5df2\u7ecf\u843d\u4e0b\u5e37\u5e55\uff0c\u5728\u6f14\u4e60\u7684\u6700\u540e\u9636\u6bb5\uff0c\u7f8e\u56fd\u53ca\u5176\u76df\u53cb\u4e3e\u884c\u4e86\u201c\u51fb\u6c89\u201d\u6f14\u4e60\uff0c\u8fd9\u4e5f\u662f\u73af\u592a\u519b\u6f14\u4f20\u7edf\u7684\u538b\u8f74\u9879\u76ee\uff0c\u5c06\u4e00\u8258\u5927\u578b\u519b\u8230\u4f5c\u4e3a\u9776\u8239\uff0c\u7136\u540e\u4f7f\u7528\u5404\u79cd\u53cd\u8230\u6b66\u5668\u8fdb\u884c\u5b9e\u5f39\u6253\u51fb\u3002", "events": [{"trigger": {"text": "\u6f14\u4e60", "offset": 45, "length": 2}, "subject": {"text": "\u7f8e\u56fd\u53ca\u5176\u76df\u53cb", "offset": 32, "length": 6}, "object": {"text": "", "offset": 0, "length": 0}}], "arguments": {"time": [{"text": "2020\u5e74", "offset": 0, "length": 5}], "loc": [{"text": "\u592a\u5e73\u6d0b", "offset": 8, "length": 3}], "country": [{"text": "\u7f8e\u56fd", "offset": 32, "length": 2}], "weapon": [{"text": "\u519b\u8230", "offset": 68, "length": 2}]}}, {"sentence": "\u636e\u7f8e\u56fd\u300a\u56fd\u5bb6\u5229\u76ca\u300b\u6742\u5fd7\u7f51\u7ad99\u67081\u65e5\u62a5\u9053\uff0c\u8fd9\u9879\u201c\u51fb\u6c89\u201d\u6f14\u4e60\u65e8\u5728\u8bc4\u4f30\u53cd\u8230\u6b66\u5668\u7684\u6740\u4f24\u529b\u3001\u7834\u574f\u4e86\u4ee5\u53ca\u63a2\u7d22\u8230\u8239\u7684\u9632\u5fa1\u65b9\u5f0f\uff0c\u8fd9\u79cd\u8bc4\u4f30\u65e0\u6cd5\u901a\u8fc7\u6a21\u62df\u7684\u65b9\u5f0f\u8fdb\u884c\uff0c\u53ea\u80fd\u7528\u5b9e\u5f39\u6253\u51fb\u7684\u65b9\u5f0f\u6765\u68c0\u6d4b\u3002", "events": [], "arguments": {"time": [{"text": "9\u67081\u65e5", "offset": 13, "length": 4}], "loc": [], "country": [{"text": "\u7f8e\u56fd", "offset": 1, "length": 2}], "weapon": [{"text": "\u53cd\u8230\u6b66\u5668", "offset": 32, "length": 4}, {"text": "\u8230\u8239", "offset": 48, "length": 2}]}}, {"sentence": "\u5728\u672c\u6b21\u73af\u592a\u519b\u6f14\u4e2d\u4f5c\u4e3a\u9776\u8239\u7684\u662f\u4e00\u8258\u9000\u5f79\u7684\u7f8e\u56fd\u6d77\u519b\u4e24\u6816\u8fd0\u8f93\u8230\u2014\u2014\u201c\u8fbe\u52d2\u59c6\u201d\u53f7\uff0c\u8be5\u8230\u7684\u6ee1\u8f7d\u6392\u6c34\u91cf\u8fbe\u52301.8\u4e07\u5428\u3002", "events": [], "arguments": {"time": [], "loc": [], "country": [{"text": "\u7f8e\u56fd", "offset": 19, "length": 2}], "weapon": [{"text": "\u201c\u8fbe\u52d2\u59c6\u201d\u53f7", "offset": 30, "length": 6}, {"text": "\u4e24\u6816\u8fd0\u8f93\u8230\u2014\u2014\u201c\u8fbe\u52d2\u59c6\u201d\u53f7", "offset": 23, "length": 13}]}}, {"sentence": "\u5728\u7f8e\u56fd\u56fd\u9632\u90e8\u516c\u5e03\u7684\u6f14\u4e60\u89c6\u9891\u4e2d\uff0c\u53ef\u4ee5\u770b\u5230\u201c\u8fbe\u52d2\u59c6\u201d\u53f7\u4e24\u6816\u8fd0\u8f93\u8230\u906d\u5230\u4e86\u81f3\u5c113\u679a\u53cd\u8230\u5bfc\u5f39\u7684\u76f4\u63a5\u6253\u51fb\uff0c\u5bfc\u5f39\u5747\u4ece\u8be5\u8230\u5de6\u4fa7\u6765\u88ad\uff0c\u7cbe\u51c6\u547d\u4e2d\u4e86\u8230\u4f53\u7684\u8981\u5bb3\u90e8\u4f4d\uff0c\u5176\u4e2d\u8fd8\u6709\u5bfc\u5f39\u751a\u81f3\u5c06\u8230\u4f53\u6253\u7a7f\u3002", "events": [], "arguments": {"time": [], "loc": [], "country": [{"text": "\u7f8e\u56fd", "offset": 1, "length": 2}], "weapon": [{"text": "\u53cd\u8230\u5bfc\u5f39", "offset": 37, "length": 4}, {"text": "\u201c\u8fbe\u52d2\u59c6\u201d\u53f7\u4e24\u6816\u8fd0\u8f93\u8230", "offset": 19, "length": 11}]}}, {"sentence": "\u5bfc\u5f39\u547d\u4e2d\u540e\u53ef\u4ee5\u770b\u5230\u201c\u8fbe\u52d2\u59c6\u201d\u53f7\u7acb\u5373\u5192\u51fa\u6d53\u70df\u548c\u706b\u5149\u3002", "events": [], "arguments": {"time": [], "loc": [], "country": [], "weapon": [{"text": "\u5bfc\u5f39", "offset": 0, "length": 2}, {"text": "\u201c\u8fbe\u52d2\u59c6\u201d\u53f7", "offset": 9, "length": 6}]}}, {"sentence": "\u5728\u53e6\u5916\u51e0\u6bb5\u89c6\u9891\u4e2d\uff0c\u5c55\u793a\u4e86\u6fb3\u5927\u5229\u4e9a\u6d77\u519b\u548c\u52a0\u62ff\u5927\u6d77\u519b\u62a4\u536b\u8230\u53d1\u5c04\u201c\u9c7c\u53c9\u201d\u53cd\u8230\u5bfc\u5f39\u7684\u573a\u666f\uff0c\u53ef\u4ee5\u63a8\u6d4b\u5c31\u662f\u8be5\u578b\u5bfc\u5f39\u51fb\u4e2d\u4e86\u9776\u8239\u3002", "events": [], "arguments": {"time": [], "loc": [], "country": [{"text": "\u6fb3\u5927\u5229\u4e9a", "offset": 12, "length": 4}, {"text": "\u52a0\u62ff\u5927", "offset": 19, "length": 3}], "weapon": [{"text": "\u62a4\u536b\u8230", "offset": 24, "length": 3}, {"text": "\u201c\u9c7c\u53c9\u201d\u53cd\u8230\u5bfc\u5f39", "offset": 29, "length": 8}]}}, {"sentence": "\u201c\u2018\u51fb\u6c89\u2019\u6f14\u4e60\u662f\u7528\u6700\u73b0\u5b9e\u7684\u65b9\u5f0f\u6d4b\u8bd5\u6211\u4eec\u7684\u6b66\u5668\u7cfb\u7edf\u7684\u91cd\u8981\u65b9\u5f0f\uff0c\u8fd9\u8868\u660e\u4f5c\u4e3a\u4e00\u652f\u8054\u5408\u90e8\u961f\uff0c\u6211\u4eec\u6709\u80fd\u529b\u8fdb\u884c\u9ad8\u7ea7\u522b\u7684\u4f5c\u6218\uff0c\u201d\u6fb3\u5927\u5229\u4e9a\u7687\u5bb6\u6d77\u519b\u8230\u957f\u83f2\u8389\u5e15\u5728\u4e00\u4efd\u62a5\u544a\u4e2d\u8bf4\u3002", "events": [], "arguments": {"time": [], "loc": [], "country": [{"text": "\u6fb3\u5927\u5229\u4e9a", "offset": 57, "length": 4}], "weapon": []}}, {"sentence": "\u201c\u51fb\u6c89\u201d\u6f14\u4e60\u6709\u4e00\u5b9a\u7684\u8981\u6c42\uff0c\u5305\u62ec\u5fc5\u987b\u5c06\u9776\u8239\u6c89\u5165\u52306000\u82f1\u5c3a\uff08\u7ea61828\u7c73\uff09\u7684\u6d77\u4e2d\uff0c\u5e76\u4e14\u81f3\u5c11\u8ddd\u79bb\u9646\u573050\u6d77\u91cc\u3002", "events": [], "arguments": {"time": [], "loc": [], "country": [], "weapon": [{"text": "\u9776\u8239", "offset": 18, "length": 2}]}}, {"sentence": "\u8fd9\u9879\u6f14\u4e60\u53ef\u4ee5\u7528\u4e8e\u5bf9\u635f\u4f24\u8bc4\u4f30\u3001\u7206\u70b8\u51b2\u51fb\u548c\u5e73\u53f0\u751f\u5b58\u80fd\u529b\u7b49\u95ee\u9898\u8fdb\u884c\u7814\u7a76\uff0c\u5e2e\u52a9\u7f8e\u56fd\u53ca\u5176\u76df\u53cb\u4e86\u89e3\u548c\u6539\u8fdb\u6b66\u5668\u7cfb\u7edf\u3002", "events": [], "arguments": {"time": [], "loc": [], "country": [{"text": "\u7f8e\u56fd", "offset": 35, "length": 2}], "weapon": []}}, {"sentence": "\u201c\u51fb\u6c89\u201d\u6f14\u4e60\u4e5f\u662f\u5386\u5c4a\u73af\u592a\u519b\u6f14\u7684\u538b\u8f74\u9879\u76ee\uff0c\u57282018\u5e74\u7684\u6f14\u4e60\u4e2d\uff0c\u65e5\u672c\u81ea\u536b\u961f\u66fe\u4f7f\u752812\u5f0f\u53cd\u8230\u5bfc\u5f39\u5bf9\u9776\u8239\u8fdb\u884c\u6253\u51fb\uff0c\u5e76\u5c06\u5176\u51fb\u6c89\u3002", "events": [], "arguments": {"time": [{"text": "2018\u5e74", "offset": 21, "length": 5}], "loc": [], "country": [{"text": "\u65e5\u672c", "offset": 31, "length": 2}], "weapon": [{"text": "12\u5f0f\u53cd\u8230\u5bfc\u5f39", "offset": 39, "length": 7}]}}]