[{"sentence": "\u571f\u8033\u5176\u5c06\u81ea\u4e3b\u7814\u53d1\u9996\u6b3e\u5730\u5bf9\u5730\u6fc0\u5149\u5236\u5bfc\u5bfc\u5f39\u00a0\u53ef\u4e0e\u65e0\u4eba\u673a\u914d\u5408\u4f7f\u7528", "events": [], "arguments": {"time": [], "loc": [], "country": [{"text": "\u571f\u8033\u5176", "offset": 0, "length": 3}], "weapon": [{"text": "\u5730\u5bf9\u5730\u6fc0\u5149\u5236\u5bfc\u5bfc\u5f39", "offset": 10, "length": 9}, {"text": "\u65e0\u4eba\u673a", "offset": 22, "length": 3}]}}, {"sentence": "\u3010\u73af\u7403\u7f51\u62a5\u9053 \u8bb0\u8005 \u9a6c\u5ca9\u3011", "events": [], "arguments": {"time": [], "loc": [], "country": [], "weapon": []}}, {"sentence": "\u636e\u300a\u9632\u52a1\u65b0\u95fb\u300b\u7f51\u7ad99\u67082\u65e5\u62a5\u9053\uff0c\u571f\u8033\u5176\u56fd\u6709\u519b\u706b\u516c\u53f8Roketsan\u8ba1\u5212\u7814\u53d1\u8be5\u56fd\u7b2c\u4e00\u6b3e\u5730\u5bf9\u5730\u6fc0\u5149\u5236\u5bfc\u5bfc\u5f39\u3002", "events": [{"trigger": {"text": "\u7814\u53d1", "offset": 35, "length": 2}, "subject": {"text": "\u571f\u8033\u5176\u56fd\u6709\u519b\u706b\u516c\u53f8Roketsan", "offset": 16, "length": 17}, "object": {"text": "\u5730\u5bf9\u5730\u6fc0\u5149\u5236\u5bfc\u5bfc\u5f39", "offset": 42, "length": 9}}], "arguments": {"time": [{"text": "9\u67082\u65e5", "offset": 9, "length": 4}], "loc": [], "country": [{"text": "\u571f\u8033\u5176", "offset": 16, "length": 3}], "weapon": [{"text": "\u5730\u5bf9\u5730\u6fc0\u5149\u5236\u5bfc\u5bfc\u5f39", "offset": 42, "length": 9}]}}, {"sentence": "\u62a5\u9053\u63f4\u5f15\u571f\u8033\u5176\u5b98\u5458\u7684\u8bdd\u8bf4\uff0c\u8fd9\u6b3e\u540d\u53ebTRGL-230\u7684\u5bfc\u5f39\u76f4\u5f84230\u6beb\u7c73\uff0c\u5c06\u4e3b\u8981\u7528\u4e8e\u571f\u8033\u5176\u7684\u6d77\u5916\u519b\u4e8b\u884c\u52a8\u3002", "events": [], "arguments": {"time": [], "loc": [], "country": [{"text": "\u571f\u8033\u5176", "offset": 41, "length": 3}, {"text": "\u571f\u8033\u5176", "offset": 4, "length": 3}], "weapon": [{"text": "TRGL-230\u7684\u5bfc\u5f39", "offset": 17, "length": 11}]}}, {"sentence": "\u8be5\u5bfc\u5f39\u53ef\u4ee5\u4e0eTB-2\u65e0\u4eba\u673a\u914d\u5408\u4f7f\u7528\uff0c\u65e0\u4eba\u673a\u8d1f\u8d23\u7528\u6fc0\u5149\u675f\u7167\u5c04\u76ee\u6807\uff0c\u800c\u5bfc\u5f39\u6cbf\u7740\u6fc0\u5149\u675f\u53bb\u6253\u51fb\u76ee\u6807\u3002", "events": [], "arguments": {"time": [], "loc": [], "country": [], "weapon": [{"text": "TB-2\u65e0\u4eba\u673a", "offset": 6, "length": 7}]}}, {"sentence": "\u636e\u4ecb\u7ecd\uff0cTB-2\u662f\u4e00\u79cd\u4e2d\u7a7a\u3001\u957f\u822a\u65f6\u3001\u6218\u672f\u65e0\u4eba\u673a\uff0c\u53ef\u4ee5\u6267\u884c\u4fa6\u5bdf\u548c\u60c5\u62a5\u4efb\u52a1\uff0c\u571f\u8033\u5176\u519b\u65b9\u76ee\u524d\u88c5\u590775\u67b6TB-2\u65e0\u4eba\u673a\u3002", "events": [], "arguments": {"time": [], "loc": [], "country": [{"text": "\u571f\u8033\u5176", "offset": 36, "length": 3}], "weapon": [{"text": "TB-2\u65e0\u4eba\u673a", "offset": 48, "length": 7}]}}, {"sentence": "\u62a5\u9053\u63f4\u5f15Roketsan\u516c\u53f8\u5b98\u5458\u7684\u8bdd\u8bf4\uff0cTRGL-230\u7684\u7814\u5236\u5de5\u4f5c\u542f\u52a8\u4e8e2020\u5e744\u6708\uff0c\u76ee\u524d\u6b63\u5904\u4e8e\u8bbe\u8ba1\u9636\u6bb5\uff0c\u8be5\u5bfc\u5f39\u5c06\u5728\u6ca1\u6709\u5916\u56fd\u53c2\u4e0e\u7684\u60c5\u51b5\u4e0b\u81ea\u884c\u7814\u5236\u3002", "events": [], "arguments": {"time": [{"text": "2020\u5e744\u6708", "offset": 36, "length": 7}], "loc": [], "country": [], "weapon": [{"text": "TRGL-230", "offset": 20, "length": 8}]}}, {"sentence": "\u571f\u8033\u5176\u519b\u961f\u5df2\u7ecf\u88c5\u5907\u4e86\u4ece\u98de\u673a\u4e0a\u53d1\u5c04\u7684\u6fc0\u5149\u5236\u5bfc\u5bfc\u5f39\uff0c\u4f46TRGL-230\u5c06\u662f\u9996\u4e2a\u4ece\u5730\u9762\u53d1\u5c04\u7684\u6b64\u7c7b\u5bfc\u5f39\u3002", "events": [], "arguments": {"time": [], "loc": [], "country": [{"text": "\u571f\u8033\u5176", "offset": 0, "length": 3}], "weapon": [{"text": "\u6fc0\u5149\u5236\u5bfc\u5bfc\u5f39", "offset": 17, "length": 6}, {"text": "TRGL-230", "offset": 25, "length": 8}]}}]