[{"sentence": "\u5916\u5a92\uff1a\u571f\u8033\u5176\u5bf9\u82cf57\u5174\u8da3\u8d8a\u6765\u8d8a\u6d53\uff0c\u53ef\u80fd\u4f1a\u4e27\u5931\u5317\u7ea6\u6210\u5458\u56fd\u8eab\u4efd", "events": [], "arguments": {"time": [], "loc": [], "country": [{"text": "\u571f\u8033\u5176", "offset": 3, "length": 3}, {"text": "\u5317\u7ea6", "offset": 22, "length": 2}], "weapon": [{"text": "\u82cf57", "offset": 7, "length": 3}]}}, {"sentence": "\u3010\u73af\u7403\u7f51\u62a5\u9053 \u8bb0\u8005 \u5f90\u7490\u660e\u3011", "events": [], "arguments": {"time": [], "loc": [], "country": [], "weapon": []}}, {"sentence": "\u636e\u300a\u6b27\u4e9a\u65f6\u62a5\u300b8\u670831\u65e5\u62a5\u9053\uff0c\u4fc4\u7f57\u65af\u201c\u9646\u519b-2020\u201d\u56fd\u9645\u519b\u4e8b\u6280\u672f\u8bba\u575b\u6b63\u5728\u4e3e\u884c\uff0c\u56f4\u7ed5\u571f\u8033\u5176\u8d2d\u4e70\u4fc4\u5236\u82cf-57\u6218\u6597\u673a\u7684\u8bdd\u9898\u4e5f\u518d\u6b21\u5347\u6e29\u3002", "events": [{"trigger": {"text": "\u8d2d\u4e70", "offset": 45, "length": 2}, "subject": {"text": "\u571f\u8033\u5176", "offset": 42, "length": 3}, "object": {"text": "\u82cf-57\u6218\u6597\u673a", "offset": 49, "length": 7}}], "arguments": {"time": [{"text": "8\u670831\u65e5", "offset": 7, "length": 5}], "loc": [], "country": [{"text": "\u4fc4\u7f57\u65af", "offset": 15, "length": 3}, {"text": "\u571f\u8033\u5176", "offset": 42, "length": 3}], "weapon": [{"text": "\u8d2d\u4e70", "offset": 45, "length": 2}, {"text": "\u82cf-57\u6218\u6597\u673a", "offset": 49, "length": 7}]}}, {"sentence": "\u62a5\u9053\u79f0\uff0c\u81ea2018\u5e74\u4ee5\u6765\uff0c\u7f8e\u56fd\u5c31\u4e00\u76f4\u5411\u571f\u8033\u5176\u653f\u5e9c\u65bd\u538b\uff0c\u8981\u6c42\u5176\u53d6\u6d88\u4ece\u4fc4\u7f57\u65af\u8d2d\u4e70S-400\u9632\u7a7a\u7cfb\u7edf\u3002", "events": [], "arguments": {"time": [], "loc": [{"text": "\u7f8e\u56fd", "offset": 13, "length": 2}], "country": [{"text": "\u571f\u8033\u5176", "offset": 19, "length": 3}, {"text": "\u4fc4\u7f57\u65af", "offset": 33, "length": 3}, {"text": "\u7f8e\u56fd", "offset": 13, "length": 2}], "weapon": [{"text": "S-400\u9632\u7a7a\u7cfb\u7edf", "offset": 38, "length": 9}]}}, {"sentence": "\u7136\u800c\u571f\u8033\u5176\u5374\u575a\u6301\u81ea\u5df1\u7684\u7acb\u573a\uff0c\u5e76\u5728\u53bb\u5e747\u6708\u63a5\u6536\u4e86\u9996\u6279S-400\u9632\u7a7a\u7cfb\u7edf\uff0c\u7136\u540e\u53c8\u4e0b\u4e86\u7b2c\u4e8c\u7b14\u8ba2\u5355\u3002", "events": [], "arguments": {"time": [{"text": "\u53bb\u5e747\u6708", "offset": 16, "length": 4}], "loc": [], "country": [{"text": "\u571f\u8033\u5176", "offset": 2, "length": 3}], "weapon": [{"text": "S-400\u9632\u7a7a\u7cfb\u7edf", "offset": 25, "length": 9}]}}, {"sentence": "\u73b0\u5728\uff0c\u571f\u8033\u5176\u603b\u7edf\u57c3\u5c14\u591a\u5b89\u53c8\u5bf9\u4fc4\u7f57\u65af\u7684\u82cf-578\u6218\u6597\u673a\u8868\u73b0\u51fa\u8d8a\u6765\u8d8a\u6d53\u539a\u7684\u5174\u8da3\u3002", "events": [], "arguments": {"time": [], "loc": [], "country": [{"text": "\u571f\u8033\u5176", "offset": 3, "length": 3}, {"text": "\u4fc4\u7f57\u65af", "offset": 14, "length": 3}], "weapon": [{"text": "\u82cf-578\u6218\u6597\u673a", "offset": 18, "length": 8}]}}, {"sentence": "\u82cf-57\u6218\u6597\u673a\u5177\u6709\u8d85\u97f3\u901f\u5de1\u822a\u80fd\u529b\u3001\u8d85\u673a\u52a8\u98de\u884c\u80fd\u529b\u3001\u9690\u8eab\u80fd\u529b\uff0c\u8fd8\u914d\u5907\u4e86\u5148\u8fdb\u7684\u822a\u7a7a\u7535\u5b50\u8bbe\u5907\u3002", "events": [], "arguments": {"time": [], "loc": [], "country": [], "weapon": [{"text": "\u82cf-57\u6218\u6597\u673a", "offset": 0, "length": 7}]}}, {"sentence": "\u57c3\u5c14\u591a\u5b89\u53bb\u5e74\u66fe\u8868\u793a\uff0c\u571f\u8033\u5176\u53ef\u80fd\u4f1a\u8d2d\u4e70\u4fc4\u5236\u82cf-35\u548c\u82cf-57\u6218\u6597\u673a\u3002", "events": [], "arguments": {"time": [], "loc": [], "country": [{"text": "\u571f\u8033\u5176", "offset": 10, "length": 3}], "weapon": [{"text": "\u82cf-35", "offset": 20, "length": 4}, {"text": "\u82cf-57\u6218\u6597\u673a", "offset": 25, "length": 7}]}}, {"sentence": "\u57c3\u5c14\u591a\u5b89\u5f53\u65f6\u8868\u793a\uff0c\u4ed6\u662f\u5728\u4e0e\u7f8e\u56fd\u603b\u7edf\u7279\u6717\u666e\u901a\u7535\u8bdd\u65f6\u5f97\u77e5\u7f8e\u56fd\u7981\u6b62\u571f\u8033\u5176\u7ee7\u7eed\u53c2\u4e0eF-35\u9879\u76ee\u7684\u6d88\u606f\u540e\u4f5c\u51fa\u7684\u8fd9\u4e00\u51b3\u5b9a\u3002", "events": [], "arguments": {"time": [], "loc": [], "country": [{"text": "\u7f8e\u56fd", "offset": 13, "length": 2}, {"text": "\u7f8e\u56fd", "offset": 26, "length": 2}, {"text": "\u571f\u8033\u5176", "offset": 30, "length": 3}], "weapon": [{"text": "F-35", "offset": 37, "length": 4}]}}, {"sentence": "\u5728\u8d2d\u4e70\u4e86\u4fc4\u5236S-400\u9632\u7a7a\u7cfb\u7edf\u3001\u6536\u5230\u9996\u6279S-400\u7684\u90e8\u5206\u7ec4\u4ef6\u540e\uff0c\u7f8e\u56fd\u5c06\u571f\u8033\u5176\u8e22\u51fa\u4e86F-35\u6218\u6597\u673a\u9879\u76ee\u3002", "events": [], "arguments": {"time": [], "loc": [], "country": [{"text": "\u7f8e\u56fd", "offset": 32, "length": 2}, {"text": "\u571f\u8033\u5176", "offset": 35, "length": 3}], "weapon": [{"text": "S-400\u9632\u7a7a\u7cfb\u7edf", "offset": 6, "length": 9}, {"text": "F-35\u6218\u6597\u673a", "offset": 41, "length": 7}]}}, {"sentence": "\u7f8e\u56fd\u65b9\u9762\u79f0\u201cF-35\u4e0d\u80fd\u4e0e\u4fc4\u7f57\u65af\u60c5\u62a5\u6536\u96c6\u5e73\u53f0\u5171\u5b58\uff0c\u540e\u8005\u5c06\u4f1a\u88ab\u7528\u6765\u4e86\u89e3F-35\u6218\u673a\u7684\u5148\u8fdb\u80fd\u529b\u3002", "events": [], "arguments": {"time": [], "loc": [], "country": [{"text": "\u7f8e\u56fd", "offset": 0, "length": 2}, {"text": "\u4fc4\u7f57\u65af", "offset": 13, "length": 3}], "weapon": [{"text": "\u201cF-35", "offset": 5, "length": 5}, {"text": "F-35\u6218\u673a", "offset": 34, "length": 6}]}}, {"sentence": "\u201d\u7f8e\u56fd\u575a\u6301\u8ba4\u4e3aS-400\u4e0e\u5317\u7ea6\u7cfb\u7edf\u4e0d\u517c\u5bb9\uff0c\u5e76\u5a01\u80c1\u5230\u65b0\u578b\u6218\u6597\u673a\u7684\u9690\u8eab\u80fd\u529b\u3002", "events": [], "arguments": {"time": [], "loc": [], "country": [{"text": "\u7f8e\u56fd", "offset": 1, "length": 2}, {"text": "\u5317\u7ea6", "offset": 13, "length": 2}], "weapon": [{"text": "S-400", "offset": 7, "length": 5}]}}, {"sentence": "\u571f\u8033\u5176\u7a7a\u519b\u73b0\u5728\u8feb\u5207\u9700\u89814.5\u4ee3\u6218\u6597\u673a\u6765\u9010\u6b65\u53d6\u4ee3\u5176\u88c5\u5907\u7684\u8001\u5f0fF-16\u548cF-4\u6218\u6597\u673a\u3002", "events": [], "arguments": {"time": [], "loc": [], "country": [{"text": "\u571f\u8033\u5176", "offset": 0, "length": 3}], "weapon": [{"text": "F-16", "offset": 29, "length": 4}, {"text": "F-4\u6218\u6597\u673a", "offset": 34, "length": 6}]}}, {"sentence": "\u7f8e\u56fd\u5916\u4ea4\u653f\u7b56\u7814\u7a76\u6240\u4e2d\u4e1c\u9879\u76ee\u7814\u7a76\u90e8\u4e3b\u4efb\u4e9a\u4f26\u65af\u5766\u8bf4\uff1a\u201c\u571f\u8033\u5176\u66fe\u5728\u591a\u4e2a\u573a\u5408\u6697\u793a\uff0c\u5b83\u5411\u4fc4\u7f57\u65af\u5bfb\u6c42\u2018\u65b0\u6218\u673a\u2019\u3002", "events": [], "arguments": {"time": [], "loc": [], "country": [{"text": "\u7f8e\u56fd", "offset": 0, "length": 2}, {"text": "\u571f\u8033\u5176", "offset": 25, "length": 3}, {"text": "\u4fc4\u7f57\u65af", "offset": 39, "length": 3}], "weapon": [{"text": "\u6218\u673a", "offset": 46, "length": 2}]}}, {"sentence": "\u201d\u4fc4\u7f57\u65af\u65b9\u9762\u5219\u8868\u793a\uff0c\u5df2\u7ecf\u5c31\u82cf-35\u95ee\u9898\u4e0e\u571f\u8033\u5176\u8fdb\u884c\u4e86\u521d\u6b65\u8c08\u5224\u3002", "events": [], "arguments": {"time": [], "loc": [], "country": [{"text": "\u4fc4\u7f57\u65af", "offset": 1, "length": 3}, {"text": "\u571f\u8033\u5176", "offset": 20, "length": 3}], "weapon": [{"text": "\u82cf-35", "offset": 13, "length": 4}]}}, {"sentence": "\u4f46\u8c08\u5224\u4f3c\u4e4e\u672a\u53d6\u5f97\u8fdb\u5c55\u3002", "events": [], "arguments": {"time": [], "loc": [], "country": [], "weapon": []}}, {"sentence": "\u800c\u5982\u679c\u6ca1\u6709\u73b0\u4ee3\u5316\u7684\u6218\u6597\u673a\u673a\u961f\uff0c\u571f\u8033\u5176\u7a7a\u519b\u5c06\u65e0\u6cd5\u7ee7\u7eed\u7ef4\u6301\u8fd0\u8425\u3002", "events": [], "arguments": {"time": [], "loc": [], "country": [{"text": "\u571f\u8033\u5176", "offset": 15, "length": 3}], "weapon": [{"text": "\u6218\u6597\u673a", "offset": 9, "length": 3}]}}, {"sentence": "\u5728\u8fd9\u79cd\u60c5\u51b5\u4e0b\uff0c\u82cf-35\u3001\u82cf-30SM\u4ee5\u53ca\u82cf-57\u6218\u6597\u673a\u5bf9\u4e8e\u571f\u8033\u5176\u800c\u8a00\u90fd\u662f\u6700\u6709\u5438\u5f15\u529b\u7684\u66ff\u4ee3\u54c1\u3002", "events": [], "arguments": {"time": [], "loc": [], "country": [{"text": "\u571f\u8033\u5176", "offset": 29, "length": 3}], "weapon": [{"text": "\u82cf-35", "offset": 7, "length": 4}, {"text": "\u82cf-30SM", "offset": 12, "length": 6}, {"text": "\u82cf-57\u6218\u6597\u673a", "offset": 20, "length": 7}]}}, {"sentence": "\u62a5\u9053\u8ba4\u4e3a\uff0c\u8fd9\u53ef\u80fd\u4f1a\u5bfc\u81f4\u571f\u8033\u5176\u4e0e\u5317\u7ea6\u5173\u7cfb\u8fdb\u4e00\u6b65\u6076\u5316\uff0c\u751a\u81f3\u4f1a\u7ec8\u7ed3\u571f\u8033\u5176\u7684\u5317\u7ea6\u6210\u5458\u56fd\u8eab\u4efd\u3002", "events": [], "arguments": {"time": [], "loc": [], "country": [{"text": "\u571f\u8033\u5176", "offset": 11, "length": 3}, {"text": "\u5317\u7ea6", "offset": 15, "length": 2}, {"text": "\u571f\u8033\u5176", "offset": 30, "length": 3}, {"text": "\u5317\u7ea6", "offset": 34, "length": 2}], "weapon": []}}]