[{"sentence": "\u5370\u5a92\uff1a\u7ee7\u5370\u5ea6\u4e4b\u540e\u5e0c\u814a\u4e5f\u8981\u6709\u9635\u98ce\u6218\u673a\u4e86\u00a0\u80fd\u593a\u53d6\u5730\u4e2d\u6d77\u5236\u7a7a\u6743", "events": [], "arguments": {"time": [], "loc": [{"text": "\u5730\u4e2d\u6d77", "offset": 22, "length": 3}], "country": [{"text": "\u5370\u5ea6", "offset": 4, "length": 2}, {"text": "\u5e0c\u814a", "offset": 8, "length": 2}], "weapon": [{"text": "\u9635\u98ce\u6218\u673a", "offset": 13, "length": 4}]}}, {"sentence": "\u3010\u73af\u7403\u7f51\u62a5\u9053 \u8bb0\u8005 \u5f90\u7490\u660e\u3011", "events": [], "arguments": {"time": [], "loc": [], "country": [], "weapon": []}}, {"sentence": "\u636e\u5370\u5ea6\u5a92\u4f53\u300a\u6b27\u4e9a\u65f6\u62a5\u300b8\u670831\u65e5\u62a5\u9053\uff0c\u5728\u5e0c\u814a\u548c\u571f\u8033\u5176\u4e4b\u95f4\u7684\u7d27\u5f20\u5c40\u52bf\u4e0d\u65ad\u5347\u7ea7\u4e4b\u9645\uff0c\u6cd5\u56fd\u5411\u5e0c\u814a\u201c\u4f38\u51fa\u63f4\u624b\u201d\uff0c\u4e3a\u5e0c\u814a\u63d0\u4f9b18\u67b6\u201c\u9635\u98ce\u201d\u6218\u6597\u673a\u3002", "events": [{"trigger": {"text": "\u63d0\u4f9b", "offset": 55, "length": 2}, "subject": {"text": "\u6cd5\u56fd", "offset": 40, "length": 2}, "object": {"text": "18\u67b6\u201c\u9635\u98ce\u201d\u6218\u6597\u673a", "offset": 57, "length": 10}}], "arguments": {"time": [{"text": "8\u670831\u65e5", "offset": 11, "length": 5}], "loc": [], "country": [{"text": "\u5370\u5ea6", "offset": 1, "length": 2}, {"text": "\u5e0c\u814a", "offset": 20, "length": 2}, {"text": "\u571f\u8033\u5176", "offset": 23, "length": 3}, {"text": "\u6cd5\u56fd", "offset": 40, "length": 2}, {"text": "\u5e0c\u814a", "offset": 43, "length": 2}, {"text": "\u5e0c\u814a", "offset": 53, "length": 2}], "weapon": [{"text": "\u201c\u9635\u98ce\u201d\u6218\u6597\u673a", "offset": 60, "length": 7}]}}, {"sentence": "\u5728\u6b64\u4e4b\u524d\uff0c\u5370\u5ea6\u6536\u5230\u4e86\u4ece\u6cd5\u56fd\u5f15\u8fdb\u7684\u9996\u6279\u201c\u9635\u98ce\u201d\uff0c\u8fd9\u6b3e\u6218\u6597\u673a\u6210\u4e3a\u65b0\u95fb\u62a5\u9053\u7684\u7126\u70b9\u4e4b\u4e00\u3002", "events": [], "arguments": {"time": [], "loc": [], "country": [{"text": "\u5370\u5ea6", "offset": 5, "length": 2}, {"text": "\u6cd5\u56fd", "offset": 11, "length": 2}], "weapon": [{"text": "\u201c\u9635\u98ce\u201d", "offset": 18, "length": 4}]}}, {"sentence": "\u62a5\u9053\u79f0\uff0c\u6cd5\u56fd\u548c\u5e0c\u814a\u653f\u5e9c\u4e4b\u95f4\u7684\u5408\u540c\u5df2\u7ecf\u8fdb\u5165\u4e86\u540e\u671f\u9636\u6bb5\uff0c\u88c5\u5907F-16\u3001\u5e7b\u5f712000\u3001F-4\u6218\u6597\u673a\u7684\u5e0c\u814a\u7a7a\u519b\u5c06\u518d\u589e\u52a0\u4e00\u4e2a\u5b8c\u6574\u7684\u201c\u9635\u98ce\u201d\u6218\u6597\u673a\u4e2d\u961f\uff0c\u8fd9\u9879\u4ea4\u6613\u5c06\u5728\u4eca\u5e74\u5e74\u5e95\u5b8c\u6210\u3002", "events": [], "arguments": {"time": [], "loc": [], "country": [{"text": "\u6cd5\u56fd", "offset": 4, "length": 2}, {"text": "\u5e0c\u814a", "offset": 47, "length": 2}, {"text": "\u5e0c\u814a", "offset": 7, "length": 2}], "weapon": [{"text": "F-16", "offset": 28, "length": 4}, {"text": "\u5e7b\u5f712000", "offset": 33, "length": 6}, {"text": "F-4\u6218\u6597\u673a", "offset": 40, "length": 6}]}}, {"sentence": "\u636e\u63a8\u6d4b\uff0c\u8fd9\u6bd4\u4ea4\u6613\u5c06\u5206\u4e24\u90e8\u5206\u8fdb\u884c\uff0c\u5176\u4e2d10\u67b6\u201c\u9635\u98ce\u201d\u6218\u6597\u673a\u662f\u65b0\u8d2d\u4e70\u7684\uff0c\u5269\u4f59\u76848\u67b6\u4f5c\u4e3a\u793c\u7269\u8d60\u9001\u7ed9\u5e0c\u814a\u3002", "events": [], "arguments": {"time": [], "loc": [], "country": [{"text": "\u5e0c\u814a", "offset": 46, "length": 2}], "weapon": [{"text": "\u201c\u9635\u98ce\u201d\u6218\u6597\u673a", "offset": 21, "length": 7}]}}, {"sentence": "\u636e\u62a5\u9053\uff0c\u8fd98\u67b6\u201c\u9635\u98ce\u201d\u6218\u6597\u673a\u66fe\u5bf9\u571f\u8033\u5176\u4f4d\u4e8e\u5229\u6bd4\u4e9a\u7684\u519b\u4e8b\u57fa\u5730\u8bbe\u65bd\u8fdb\u884c\u8fc7\u8f70\u70b8\u3002", "events": [], "arguments": {"time": [], "loc": [], "country": [{"text": "\u571f\u8033\u5176", "offset": 16, "length": 3}, {"text": "\u5229\u6bd4\u4e9a", "offset": 21, "length": 3}], "weapon": [{"text": "\u201c\u9635\u98ce\u201d\u6218\u6597\u673a", "offset": 7, "length": 7}]}}, {"sentence": "\u201c\u9635\u98ce\u201d\u6218\u6597\u673a\u662f\u4e00\u6b3e\u6cd5\u56fd\u7814\u5236\u7684\u53cc\u53d1\u591a\u7528\u9014\u6218\u6597\u673a\uff0c\u914d\u5907\u4e86\u591a\u79cd\u6b66\u5668\uff0c\u80fd\u591f\u6267\u884c\u5236\u7a7a\u3001\u62e6\u622a\u3001\u7a7a\u4e2d\u4fa6\u5bdf\u3001\u5730\u9762\u652f\u63f4\u3001\u8fdc\u7a0b\u6253\u51fb\u3001\u53cd\u8230\u653b\u51fb\u548c\u6838\u5a01\u6151\u7684\u4efb\u52a1\u3002", "events": [], "arguments": {"time": [], "loc": [], "country": [{"text": "\u6cd5\u56fd", "offset": 10, "length": 2}], "weapon": [{"text": "\u201c\u9635\u98ce\u201d\u6218\u6597\u673a", "offset": 0, "length": 7}, {"text": "\u53cc\u53d1\u591a\u7528\u9014\u6218\u6597\u673a", "offset": 15, "length": 8}]}}, {"sentence": "\u51ed\u501f\u4e24\u53f0M88\u822a\u7a7a\u53d1\u52a8\u673a\u7684\u5f3a\u52b2\u52a8\u529b\uff0c\u201c\u9635\u98ce\u201d\u6218\u6597\u673a\u80fd\u5728\u643a\u5e264\u679a\u5bfc\u5f39\u548c1\u5177\u526f\u6cb9\u7bb1\u7684\u60c5\u51b5\u4e0b\u8fdb\u884c\u8d85\u97f3\u901f\u5de1\u822a\u3002", "events": [], "arguments": {"time": [], "loc": [], "country": [], "weapon": [{"text": "\u201c\u9635\u98ce\u201d\u6218\u6597\u673a", "offset": 18, "length": 7}, {"text": "\u5bfc\u5f39", "offset": 31, "length": 2}]}}, {"sentence": "\u867d\u7136\u8fd9\u6b3e\u6218\u6597\u673a\u4e0d\u662f\u9690\u5f62\u6218\u673a\uff0c\u4f46\u5176\u8bbe\u8ba1\u6709\u52a9\u4e8e\u51cf\u5c11\u96f7\u8fbe\u6a2a\u622a\u9762(RCS)\u548c\u7ea2\u5916\u7279\u5f81\uff0c\u8fd9\u610f\u5473\u7740\u5b83\u6709\u4e00\u5b9a\u7684\u9690\u5f62\u80fd\u529b\u3002", "events": [], "arguments": {"time": [], "loc": [], "country": [], "weapon": [{"text": "\u6218\u6597\u673a", "offset": 4, "length": 3}, {"text": "\u9690\u5f62\u6218\u673a", "offset": 9, "length": 4}]}}, {"sentence": "\u62a5\u9053\u8ba4\u4e3a\uff0c\u5982\u679c\u8fd9\u7b14\u4ea4\u6613\u8fbe\u6210\uff0c\u8fd9\u4e9b\u6218\u6597\u673a\u5c06\u8ba9\u5e0c\u814a\u7a7a\u519b\u7684\u4f5c\u6218\u80fd\u529b\u5927\u589e\uff0c\u6709\u52a9\u4e8e\u593a\u53d6\u5730\u4e2d\u6d77\u7684\u5236\u7a7a\u6743\u3002", "events": [], "arguments": {"time": [], "loc": [{"text": "\u5730\u4e2d\u6d77", "offset": 38, "length": 3}], "country": [{"text": "\u5e0c\u814a", "offset": 21, "length": 2}], "weapon": [{"text": "\u6218\u6597\u673a", "offset": 16, "length": 3}]}}, {"sentence": "\u8fd1\u671f\u5e0c\u814a\u548c\u571f\u8033\u5176\u4e4b\u95f4\u7684\u7d27\u5f20\u5173\u7cfb\u6025\u5267\u4e0a\u5347\uff0c\u539f\u56e0\u662f\u5e0c\u814a\u5bf9\u571f\u8033\u5176\u5728\u5730\u4e2d\u6d77\u4e1c\u90e8\u8fdb\u884c\u80fd\u6e90\u52d8\u6d4b\u63d0\u51fa\u4e86\u5f02\u8bae\u3002", "events": [], "arguments": {"time": [], "loc": [{"text": "\u5730\u4e2d\u6d77\u4e1c\u90e8", "offset": 30, "length": 5}], "country": [{"text": "\u5e0c\u814a", "offset": 2, "length": 2}, {"text": "\u571f\u8033\u5176", "offset": 5, "length": 3}, {"text": "\u5e0c\u814a", "offset": 23, "length": 2}, {"text": "\u571f\u8033\u5176", "offset": 26, "length": 3}], "weapon": []}}, {"sentence": "\u800c\u8fd1\u65e5\u963f\u8054\u914b\u4e5f\u52a0\u5165\u4e86\u652f\u6301\u5e0c\u814a\u7684\u56fd\u5bb6\u7684\u884c\u5217\uff0c\u963f\u8054\u914b\u6d3e\u51fa4\u67b6F-16\u6218\u6597\u673a\u53c2\u4e0e\u4e0e\u5e0c\u814a\u7a7a\u519b\u5f00\u5c55\u7684\u8054\u5408\u6f14\u4e60\u3002", "events": [], "arguments": {"time": [], "loc": [], "country": [{"text": "\u963f\u8054\u914b", "offset": 3, "length": 3}, {"text": "\u5e0c\u814a", "offset": 12, "length": 2}, {"text": "\u963f\u8054\u914b", "offset": 21, "length": 3}, {"text": "\u5e0c\u814a", "offset": 38, "length": 2}], "weapon": [{"text": "F-16\u6218\u6597\u673a", "offset": 28, "length": 7}]}}, {"sentence": "\u636e\u62a5\u9053\uff0c\u8fd9\u4e9b\u6218\u6597\u673a\u5c06\u9a7b\u624e\u5728\u82cf\u8fbe\u6e7e\u7684\u5e0c\u814a\u7a7a\u519b\u57fa\u5730\uff0c\u5e76\u5c06\u4e0e\u5e0c\u814a\u519b\u961f\u4e00\u8d77\u5728\u5730\u4e2d\u6d77\u4e1c\u90e8\u8054\u5408\u6f14\u4e60\u3002", "events": [], "arguments": {"time": [], "loc": [{"text": "\u5e0c\u814a\u7a7a\u519b\u57fa\u5730", "offset": 17, "length": 6}, {"text": "\u5730\u4e2d\u6d77\u4e1c\u90e8", "offset": 34, "length": 5}], "country": [{"text": "\u5e0c\u814a", "offset": 17, "length": 2}, {"text": "\u5e0c\u814a", "offset": 27, "length": 2}], "weapon": []}}, {"sentence": "\u5f97\u77e5\u8fd9\u4e00\u6d88\u606f\u540e\uff0c\u571f\u8033\u5176\u7acb\u5373\u8fdb\u884c\u4e86\u56de\u5e94\uff0c\u571f\u65b9\u53d1\u5e03\u8b66\u544a\u79f0\u5982\u679c\u963f\u8054\u914b\u7684\u6218\u6597\u673a\u5371\u9669\u5730\u63a5\u8fd1\u6216\u4fb5\u72af\u5176\u9886\u7a7a\uff0c\u5c06\u201c\u51fb\u843d\u201d\u5b83\u4eec\u3002", "events": [], "arguments": {"time": [], "loc": [], "country": [{"text": "\u571f\u8033\u5176", "offset": 8, "length": 3}, {"text": "\u963f\u8054\u914b", "offset": 28, "length": 3}, {"text": "\u571f\u65b9", "offset": 19, "length": 2}], "weapon": [{"text": "\u6218\u6597\u673a", "offset": 32, "length": 3}]}}, {"sentence": "\u571f\u8033\u5176\u603b\u7edf\u57c3\u5c14\u591a\u5b89\u5bf9\u6b64\u8868\u793a\uff0c\u571f\u8033\u5176\u65e0\u610f\u4e0e\u5e0c\u814a\u53d1\u751f\u77db\u76fe\uff0c\u5bf9\u8bdd\u53ef\u80fd\u662f\u552f\u4e00\u7684\u89e3\u51b3\u65b9\u6cd5\u3002", "events": [], "arguments": {"time": [], "loc": [], "country": [{"text": "\u571f\u8033\u5176", "offset": 0, "length": 3}, {"text": "\u571f\u8033\u5176", "offset": 14, "length": 3}, {"text": "\u5e0c\u814a", "offset": 20, "length": 2}], "weapon": []}}, {"sentence": "\u4ed6\u8bf4\uff1a\u201c\u5982\u679c\u6211\u4eec\u672c\u7740\u5e38\u8bc6\u548c\u7406\u6027\u884c\u4e8b\uff0c\u90a3\u6211\u4eec\u5c31\u80fd\u627e\u5230\u4e00\u4e2a\u7b26\u5408\u5404\u65b9\u5229\u76ca\u7684\u53cc\u8d62\u65b9\u6848\u3002", "events": [], "arguments": {"time": [], "loc": [], "country": [], "weapon": []}}, {"sentence": "\u201d", "events": [], "arguments": {"time": [], "loc": [], "country": [], "weapon": []}}]