[{"sentence": "\u725b\uff01", "events": [], "arguments": {"time": [], "loc": [], "country": [], "weapon": []}}, {"sentence": "\u89e3\u653e\u519b\u5bfc\u5f39\u540a\u88c5\u624b\u7528130\u5428\u540a\u88c5\u8f66\u5f00\u74f6\u76d6", "events": [], "arguments": {"time": [], "loc": [], "country": [], "weapon": [{"text": "\u5bfc\u5f39", "offset": 3, "length": 2}]}}, {"sentence": "\u62e5\u6709130\u5428\u7684\u8d77\u91cd\u91cf\uff0c\u540a\u81c2\u5168\u90e8\u5c55\u5f00\u957f\u8fbe46\u7c73\uff0c\u8fd9\u4e2a\u201c\u5927\u529b\u58eb\u201d\u5c31\u662f\u5bfc\u5f39\u540a\u88c5\u8f66\u3002", "events": [], "arguments": {"time": [], "loc": [], "country": [], "weapon": [{"text": "\u5bfc\u5f39\u540a\u88c5\u8f66", "offset": 32, "length": 5}]}}, {"sentence": "\u6570\u767e\u679a\u91cd\u8fbe\u51e0\u5428\u5230\u51e0\u5341\u5428\u4e0d\u7b49\u7684\u5bfc\u5f39\uff0c\u5c31\u662f\u901a\u8fc7\u5b83\u540a\u88c5\u5230\u8230\u8247\u4e0a\u3002", "events": [], "arguments": {"time": [], "loc": [], "country": [], "weapon": [{"text": "\u5bfc\u5f39", "offset": 14, "length": 2}]}}, {"sentence": "\u4f46\u4eca\u5929\uff0c\u5bfc\u5f39\u540a\u88c5\u624b\u5374\u8981\u7528\u8fd9\u4e2a\u201c\u5927\u529b\u58eb\u201d\u6765\u5f00\u74f6\u76d6\u3002", "events": [], "arguments": {"time": [], "loc": [], "country": [], "weapon": [{"text": "\u5bfc\u5f39", "offset": 4, "length": 2}]}}]