[{"sentence": "\u53f0\u9632\u52a1\u90e8\u95e8\uff1a\u89e3\u653e\u519b\u5bf9\u7f8e\u519b\u5de1\u822a\u4e1c\u6d77\u3001\u53f0\u6d77\u53ca\u5357\u6d77\u201c\u9022\u8230\u5fc5\u8ddf\u3001\u9022\u673a\u5fc5\u67e5\u201d", "events": [], "arguments": {"time": [], "loc": [{"text": "\u4e1c\u6d77\u3001\u53f0\u6d77", "offset": 14, "length": 5}, {"text": "\u5357\u6d77", "offset": 20, "length": 2}], "country": [], "weapon": []}}, {"sentence": "\u3010\u73af\u7403\u7f51\u62a5\u9053\u3011", "events": [], "arguments": {"time": [], "loc": [], "country": [], "weapon": []}}, {"sentence": "\u591a\u5bb6\u53f0\u6e7e\u5a92\u4f53\u63f4\u5f15\u53f0\u9632\u52a1\u90e8\u95e8\u4eca\u65e5\u6d88\u606f\uff0c\u7f8e\u56fd\u6d77\u519b\u4e00\u8258\u9a71\u9010\u8230\u6628\u65e5\uff0830\u65e5\uff09\u7531\u5317\u5411\u5357\u7a7f\u8d8a\u53f0\u6e7e\u6d77\u5ce1\uff0c\u7ee7\u7eed\u5411\u5357\u884c\u9a76\u3002", "events": [], "arguments": {"time": [{"text": "\u6628\u65e5\uff0830\u65e5", "offset": 27, "length": 6}], "loc": [{"text": "\u53f0\u6e7e\u6d77\u5ce1", "offset": 40, "length": 4}], "country": [{"text": "\u53f0\u6e7e", "offset": 2, "length": 2}, {"text": "\u7f8e\u56fd", "offset": 18, "length": 2}], "weapon": [{"text": "\u9a71\u9010\u8230", "offset": 24, "length": 3}]}}, {"sentence": "\u53f0\u5a92\u5ba3\u79f0\uff0c\u8fd9\u662f\u7f8e\u56fd\u519b\u8230\u4eca\u5e74\u7b2c9\u6b21\u7a7f\u8d8a\u53f0\u6e7e\u6d77\u5ce1\u3002", "events": [], "arguments": {"time": [], "loc": [{"text": "\u53f0\u6e7e\u6d77\u5ce1", "offset": 18, "length": 4}], "country": [{"text": "\u7f8e\u56fd", "offset": 7, "length": 2}], "weapon": [{"text": "\u519b\u8230", "offset": 9, "length": 2}]}}, {"sentence": "\u53f0\u9632\u52a1\u90e8\u95e8\u79f0\uff0c\u7f8e\u56fd\u519b\u8230\u822a\u7ecf\u53f0\u6e7e\u6d77\u5ce1\u6267\u884c\u4e00\u822c\u822a\u884c\u4efb\u52a1\uff0c\u53f0\u519b\u8fd0\u7528\u8054\u5408\u60c5\u62a5\u76d1\u4fa6\u624b\u6bb5\uff0c\u5168\u7a0b\u638c\u63e1\u5468\u8fb9\u6d77\u3001\u7a7a\u57df\u76f8\u5173\u52a8\u6001\uff0c\u72b6\u51b5\u5747\u6b63\u5e38\u3002", "events": [], "arguments": {"time": [], "loc": [{"text": "\u53f0\u6e7e\u6d77\u5ce1", "offset": 13, "length": 4}], "country": [{"text": "\u7f8e\u56fd", "offset": 7, "length": 2}], "weapon": [{"text": "\u519b\u8230", "offset": 9, "length": 2}]}}, {"sentence": "\u53e6\u636e\u8def\u900f\u793e\u6d88\u606f\uff0c\u7f8e\u56fd\u6d77\u519b\u7b2c\u4e03\u8230\u961f\u4ee3\u8868\u4e3d\u6069\u00b7\u83ab\u59c6\u68ee\u8868\u793a\uff0c\u963f\u5229\u4f2f\u514b\u7ea7\u5bfc\u5f39\u9a71\u9010\u8230\u201c\u54c8\u5c14\u897f\u201d\u53f7\u4e8e8\u670830\u65e5\u4f8b\u884c\u901a\u8fc7\u53f0\u6e7e\u6d77\u5ce1\u3002", "events": [], "arguments": {"time": [{"text": "8\u670830\u65e5", "offset": 44, "length": 5}], "loc": [{"text": "\u53f0\u6e7e\u6d77\u5ce1", "offset": 53, "length": 4}], "country": [{"text": "\u7f8e\u56fd", "offset": 8, "length": 2}], "weapon": [{"text": "\u963f\u5229\u4f2f\u514b\u7ea7\u5bfc\u5f39\u9a71\u9010\u8230\u201c\u54c8\u5c14\u897f\u201d\u53f7", "offset": 27, "length": 16}]}}, {"sentence": "\u636e\u6089\uff0c\u7f8e\u56fd\u519b\u8230\u4e0a\u4e00\u6b21\u7a7f\u8d8a\u53f0\u6e7e\u6d77\u5ce1\u53d1\u751f\u5728\u672c\u670818\u65e5\u300119\u65e5\uff0c\u6d89\u4e8b\u519b\u8230\u4e3a\u96b6\u5c5e\u7f8e\u7b2c\u4e03\u8230\u961f\u7684\u963f\u5229\u00b7\u4f2f\u514b\u7ea7\u5bfc\u5f39\u9a71\u9010\u8230\u201c\u9a6c\u65af\u5ef7\u201d\u53f7\u3002", "events": [], "arguments": {"time": [{"text": "\u672c\u670818\u65e5", "offset": 19, "length": 5}, {"text": "19\u65e5", "offset": 25, "length": 3}], "loc": [{"text": "\u53f0\u6e7e\u6d77\u5ce1", "offset": 12, "length": 4}], "country": [{"text": "\u7f8e\u56fd", "offset": 3, "length": 2}], "weapon": [{"text": "\u963f\u5229\u00b7\u4f2f\u514b\u7ea7\u5bfc\u5f39\u9a71\u9010\u8230\u201c\u9a6c\u65af\u5ef7\u201d\u53f7", "offset": 42, "length": 17}]}}, {"sentence": "\u53f0\u5a92\u5f53\u65f6\u79f0\uff0c\u4e0e\u8fc7\u53bb\u7f8e\u56fd\u519b\u8230\u7a7f\u8d8a\u53f0\u6e7e\u6d77\u5ce1\u65f6\u90fd\u662f\u5728\u6240\u8c13\u7684\u201c\u53f0\u6d77\u4e2d\u7ebf\u201d\u4ee5\u4e1c\u822a\u884c\u4e0d\u540c\uff0c\u201c\u9a6c\u65af\u5ef7\u201d\u53f7\u5f53\u65f6\u7a7f\u8d8a\u53f0\u6e7e\u6d77\u5ce1\u65f6\uff0c\u662f\u5728\u6240\u8c13\u7684\u201c\u53f0\u6d77\u4e2d\u7ebf\u201d\u4ee5\u897f\u822a\u884c\uff0c\u66f4\u63a5\u8fd1\u5927\u9646\u4e00\u4fa7\u7684\u6d77\u5cb8\u7ebf\u3002", "events": [], "arguments": {"time": [], "loc": [{"text": "\u53f0\u6e7e\u6d77\u5ce1", "offset": 15, "length": 4}, {"text": "\u53f0\u6e7e\u6d77\u5ce1", "offset": 49, "length": 4}], "country": [{"text": "\u7f8e\u56fd", "offset": 9, "length": 2}], "weapon": [{"text": "\u201c\u9a6c\u65af\u5ef7\u201d\u53f7", "offset": 39, "length": 6}]}}, {"sentence": "\u6709\u6d88\u606f\u79f0\uff0c\u5f53\u65f6\u89e3\u653e\u519b052D\u578b\u5bfc\u5f39\u9a71\u9010\u8230\u201c\u5357\u4eac\u201d\u8230\uff08\u8237\u53f7155\uff09\u5bf9\u201c\u9a6c\u65af\u5ef7\u201d\u53f7\u5b9e\u65bd\u4e86\u8ddf\u8e2a\u76d1\u89c6\u3002", "events": [], "arguments": {"time": [], "loc": [], "country": [], "weapon": [{"text": "052D\u578b\u5bfc\u5f39\u9a71\u9010\u8230\u201c\u5357\u4eac\u201d\u8230\uff08\u8237\u53f7155", "offset": 10, "length": 21}, {"text": "052D\u578b\u5bfc\u5f39\u9a71\u9010\u8230\u201c\u5357\u4eac\u201d\u8230\uff08\u8237\u53f7155\uff09", "offset": 10, "length": 22}]}}, {"sentence": "\u503c\u5f97\u6ce8\u610f\u7684\u662f\uff0c\u53f0\u6e7e\u9632\u52a1\u90e8\u95e8\u4eca\u65e5\u8fd8\u53d1\u5e032020\u5e74\u201c\u4e2d\u5171\u519b\u529b\u62a5\u544a\u4e66\u201d\uff0c\u9996\u5ea6\u516c\u5f00\u8bc1\u5b9e\u201c\u4e2d\u5171\u6bcf\u65e5\u5747\u6d3e\u9063\u6d77\u3001\u7a7a\u519b\u8230\u3001\u673a\uff0c\u4e8e\u6d77\u5ce1\u4e2d\u7ebf\u4ee5\u897f\u6d77\u7a7a\u57df\u4ece\u4e8b\u4f8b\u884c\u6027\u6d77\u5ce1\u5de1\u5f0b\u4efb\u52a1\u201d\uff0c\u5e76\u79f0\u201c\u8fd1\u671f\u7f8e\u519b\u8054\u5408\u76df\u90a6\u6269\u5927\u5728\u4e1c\u6d77\u3001\u53f0\u6d77\u53ca\u5357\u6d77\u5730\u533a\u673a\u3001\u8230\u5de1\u5f0b\u529b\u5ea6\uff0c\u800c\u4e2d\u5171\u2018\u9022\u8230\u5fc5\u8ddf\u3001\u9022\u673a\u5fc5\u67e5\u2019\u201d\u3002", "events": [], "arguments": {"time": [{"text": "2020\u5e74", "offset": 18, "length": 5}], "loc": [{"text": "\u6d77\u5ce1\u4e2d\u7ebf\u4ee5\u897f\u6d77\u7a7a\u57df", "offset": 56, "length": 9}, {"text": "\u4e1c\u6d77", "offset": 92, "length": 2}, {"text": "\u53f0\u6d77", "offset": 95, "length": 2}, {"text": "\u5357\u6d77\u5730\u533a", "offset": 98, "length": 4}], "country": [{"text": "\u53f0\u6e7e", "offset": 7, "length": 2}], "weapon": []}}]