[{"sentence": "\u7f55\u89c1\uff01", "events": [], "arguments": {"time": [], "loc": [], "country": [], "weapon": []}}, {"sentence": "\u7f8e\u519b\u4fa6\u5bdf\u673a\u88ab\u66dd\u884c\u8e2a\u8be1\u5f02\uff0c\u201c\u7591\u4f3c\u76f4\u63a5\u4ece\u53f0\u6e7e\u8d77\u98de\u201d", "events": [], "arguments": {"time": [], "loc": [], "country": [{"text": "\u7f8e", "offset": 0, "length": 1}, {"text": "\u53f0\u6e7e", "offset": 18, "length": 2}], "weapon": [{"text": "\u7f8e\u519b\u4fa6\u5bdf\u673a", "offset": 0, "length": 5}]}}, {"sentence": "\u3010\u73af\u7403\u7f51\u62a5\u9053 \u8bb0\u8005 \u5f90\u7490\u660e\u3011", "events": [], "arguments": {"time": [], "loc": [], "country": [], "weapon": []}}, {"sentence": "\u7f8e\u56fd\u519b\u673a\u8fd1\u671f\u5728\u53f0\u6e7e\u9644\u8fd1\u52a8\u4f5c\u9891\u9891\uff0c8\u670830\u65e5\uff0c1\u67b6\u7f8e\u56fd\u6d77\u519bEP-3E\u7535\u5b50\u4fa6\u5bdf\u673a\u88ab\u66dd\u7591\u4f3c\u76f4\u63a5\u4ece\u53f0\u6e7e\u8d77\u98de\u3002", "events": [{"trigger": {"text": "\u8d77\u98de", "offset": 47, "length": 2}, "subject": {"text": "\u7f8e\u56fd\u6d77\u519bEP-3E\u7535\u5b50\u4fa6\u5bdf\u673a", "offset": 24, "length": 14}, "object": {"text": "", "offset": 0, "length": 0}}], "arguments": {"time": [{"text": "8\u670830\u65e5", "offset": 16, "length": 5}], "loc": [], "country": [{"text": "\u7f8e\u56fd", "offset": 0, "length": 2}, {"text": "\u53f0\u6e7e", "offset": 7, "length": 2}, {"text": "\u7f8e\u56fd", "offset": 24, "length": 2}, {"text": "\u53f0\u6e7e", "offset": 45, "length": 2}], "weapon": [{"text": "EP-3E\u7535\u5b50\u4fa6\u5bdf\u673a", "offset": 28, "length": 10}]}}, {"sentence": "\u636e\u201c\u5357\u6d77\u6218\u7565\u6001\u52bf\u611f\u77e5\u201d\u8ba1\u5212\u5e73\u53f08\u670830\u65e5\u53d1\u5e03\u7684\u6d88\u606f\uff0c1\u67b6\u7f8e\u56fd\u6d77\u519bEP-3E\u7535\u5b50\u4fa6\u5bdf\u673a\uff08AE1D91\uff09\u5f53\u5929\u51fa\u73b0\u5728\u53f0\u6e7e\u4ee5\u5317\u8fd1\u7a7a\uff0c\u540e\u7ecf\u7531\u4e1c\u6d77\u524d\u5f80\u65e5\u672c\uff0c\u8f68\u8ff9\u8f83\u4e3a\u5f02\u5e38\u3002", "events": [], "arguments": {"time": [{"text": "8\u670830\u65e5", "offset": 15, "length": 5}], "loc": [{"text": "\u53f0\u6e7e\u4ee5\u5317\u8fd1\u7a7a", "offset": 55, "length": 6}, {"text": "\u5357\u6d77", "offset": 2, "length": 2}, {"text": "\u4e1c\u6d77", "offset": 65, "length": 2}], "country": [{"text": "\u7f8e\u56fd", "offset": 28, "length": 2}, {"text": "\u53f0\u6e7e", "offset": 55, "length": 2}, {"text": "\u65e5\u672c", "offset": 69, "length": 2}], "weapon": [{"text": "EP-3E\u7535\u5b50\u4fa6\u5bdf\u673a\uff08AE1D91\uff09", "offset": 32, "length": 18}]}}, {"sentence": "\u8fd9\u67b6EP-3E8\u670829\u65e5\u66fe\u524d\u5f80\u53f0\u6e7e\u5357\u90e8\u5357\u6d77\u4fa6\u5bdf\uff0c\u4e4b\u540e\u4fbf\u6ca1\u6709\u6536\u5230\u5176\u6765\u81ea\u51b2\u7ef3\u5609\u624b\u7eb3\u7a7a\u519b\u57fa\u5730\u7684\u8d77\u964d\u4fe1\u53f7\uff0c\u7591\u4f3c\u662f\u76f4\u63a5\u4ece\u53f0\u6e7e\u8d77\u98de\u3002", "events": [], "arguments": {"time": [{"text": "8\u670829\u65e5", "offset": 7, "length": 5}], "loc": [{"text": "\u53f0\u6e7e\u5357\u90e8\u5357\u6d77", "offset": 15, "length": 6}, {"text": "\u51b2\u7ef3\u5609\u624b\u7eb3\u7a7a\u519b\u57fa\u5730", "offset": 34, "length": 9}], "country": [{"text": "\u53f0\u6e7e", "offset": 15, "length": 2}, {"text": "\u53f0\u6e7e", "offset": 55, "length": 2}], "weapon": [{"text": "EP-3E", "offset": 2, "length": 5}]}}, {"sentence": "\u4f46\u201c\u5357\u6d77\u6218\u7565\u6001\u52bf\u611f\u77e5\u201d\u8ba1\u5212\u5e73\u53f0\u4e5f\u8868\u793a\uff0c\u7f8e\u56fd\u519b\u673a\u8be1\u5f02\u7684\u98de\u884c\u8f68\u8ff9\u4e5f\u4e0d\u6392\u9664\u4fe1\u53f7\u9519\u8bef\u5bfc\u81f4\u8f68\u8ff9\u504f\u5dee\u7684\u60c5\u51b5\u3002", "events": [], "arguments": {"time": [], "loc": [{"text": "\u5357\u6d77", "offset": 2, "length": 2}], "country": [{"text": "\u7f8e\u56fd", "offset": 19, "length": 2}], "weapon": [{"text": "\u519b\u673a", "offset": 21, "length": 2}]}}, {"sentence": "\u76ee\u524d\u6682\u672a\u770b\u5230\u53f0\u6e7e\u65b9\u9762\u5bf9\u6b64\u4e8b\u7684\u56de\u5e94\u3002", "events": [], "arguments": {"time": [], "loc": [], "country": [{"text": "\u53f0\u6e7e", "offset": 6, "length": 2}], "weapon": []}}, {"sentence": "\u7f8e\u56fd\u519b\u673a\u8fd1\u671f\u5728\u53f0\u6e7e\u9644\u8fd1\u6d3b\u52a8\u9891\u7e41\uff0c\u6b64\u524d\u4e5f\u66fe\u88ab\u66dd\u51fa\u98de\u8d8a\u53f0\u6e7e\u7a7a\u57df\u6216\u662f\u5728\u53f0\u6e7e\u8d77\u964d\uff0c\u4f46\u8fd9\u6837\u7684\u60c5\u51b5\u76f8\u5f53\u7f55\u89c1\u3002", "events": [], "arguments": {"time": [], "loc": [], "country": [{"text": "\u7f8e\u56fd", "offset": 0, "length": 2}, {"text": "\u53f0\u6e7e", "offset": 7, "length": 2}, {"text": "\u53f0\u6e7e", "offset": 25, "length": 2}, {"text": "\u53f0\u6e7e", "offset": 32, "length": 2}], "weapon": [{"text": "\u519b\u673a", "offset": 2, "length": 2}]}}, {"sentence": "\u53f0\u5a928\u670819\u65e5\u66fe\u62a5\u9053\u79f0\uff0c\u7f51\u4f20\u7f8e\u519b\u4e00\u67b6EP-3E\u7535\u4fa6\u673a18\u65e5\u8fdb\u5165\u5317\u53f0\u6e7e\u7a7a\u57df\u7a7f\u68ad\u98de\u884c\uff0c\u66f4\u7591\u4f3c\u5728\u677e\u5c71\u673a\u573a\u964d\u843d\u3002", "events": [], "arguments": {"time": [{"text": "8\u670819\u65e5", "offset": 2, "length": 5}, {"text": "18\u65e5", "offset": 26, "length": 3}], "loc": [{"text": "\u5317\u53f0\u6e7e\u7a7a\u57df", "offset": 31, "length": 5}, {"text": "\u677e\u5c71\u673a\u573a", "offset": 45, "length": 4}], "country": [{"text": "\u7f8e", "offset": 14, "length": 1}, {"text": "\u6e7e", "offset": 0, "length": 1}], "weapon": [{"text": "EP-3E\u7535\u4fa6\u673a", "offset": 18, "length": 8}]}}, {"sentence": "\u4e0d\u8fc7\uff0c\u53f0\u519b\u519b\u65b9\u5b98\u5458\u5bf9\u6b64\u79c1\u4e0b\u8868\u793a\uff0c\u5e76\u65e0\u6b64\u4e8b\u3002", "events": [], "arguments": {"time": [], "loc": [], "country": [], "weapon": []}}, {"sentence": "\u53f0\u5317\u822a\u7a7a\u7ad9\u5219\u8868\u793a\uff0c\u82e5\u6709\u519b\u673a\u964d\u843d\uff0c\u5c5e\u4e8e\u519b\u65b9\u7ba1\u8f96\u8303\u56f4\uff0c\u56e0\u6b64\u4e0d\u5c31\u6b64\u4e8b\u53d1\u8a00\u3002", "events": [], "arguments": {"time": [], "loc": [], "country": [], "weapon": [{"text": "\u519b\u673a", "offset": 11, "length": 2}]}}, {"sentence": "\u57286\u67089\u65e5\uff0c\u7f8e\u56fd\u6d77\u519b\u4e00\u67b6\u6ce2\u97f3C-40\u8fd0\u8f93\u673a9\u65e5\u4e0a\u5348\u4ece\u65e5\u672c\u51b2\u7ef3\u8d77\u98de\u540e\uff0c\u98de\u8d8a\u53f0\u6e7e\u4e0a\u7a7a\uff0c\u98de\u79bb\u540e\u6301\u7eed\u5f80\u53f0\u6e7e\u897f\u5357\u90e8\u65b9\u5411\u524d\u8fdb\u3002", "events": [], "arguments": {"time": [{"text": "6\u67089\u65e5", "offset": 1, "length": 4}, {"text": "9\u65e5\u4e0a\u5348", "offset": 21, "length": 4}], "loc": [{"text": "\u65e5\u672c\u51b2\u7ef3", "offset": 26, "length": 4}, {"text": "\u53f0\u6e7e\u897f\u5357\u90e8", "offset": 47, "length": 5}], "country": [{"text": "\u7f8e\u56fd", "offset": 6, "length": 2}, {"text": "\u53f0\u6e7e", "offset": 36, "length": 2}, {"text": "\u53f0\u6e7e", "offset": 47, "length": 2}], "weapon": [{"text": "C-40\u8fd0\u8f93\u673a", "offset": 14, "length": 7}, {"text": "\u6ce2\u97f3C-40\u8fd0\u8f93\u673a", "offset": 12, "length": 9}]}}, {"sentence": "\u6709\u53f0\u5a92\u7206\u51fa\u7f8e\u519b\u673a\u5728\u53f0\u6e7e\u673a\u573a\u201c\u964d\u843d\u4e94\u5206\u949f\u201d\uff0c\u5bf9\u6b64\u53f0\u9632\u52a1\u90e8\u95e8\u53d1\u8a00\u4eba\u53f2\u987a\u6587\u56de\u5e94\u79f0\uff0c\u7f8e\u519b\u673a\u786e\u5b9e\u822a\u7ecf\u53f0\u6e7e\u4e0a\u7a7a\uff0c\u4f46\u5e76\u672a\u5728\u53f0\u6e7e\u4efb\u4f55\u4e00\u4e2a\u673a\u573a\u964d\u843d\u3002", "events": [], "arguments": {"time": [], "loc": [{"text": "\u53f0\u6e7e\u673a\u573a", "offset": 9, "length": 4}], "country": [{"text": "\u53f0\u6e7e", "offset": 45, "length": 2}, {"text": "\u53f0\u6e7e", "offset": 54, "length": 2}], "weapon": []}}, {"sentence": "2015\u5e744\u67081\u65e5\uff0c\u4e24\u67b6\u7f8e\u56fdF-18\u6218\u6597\u673a\u66fe\u56e0\u673a\u68b0\u6545\u969c\u201c\u8feb\u964d\u201d\u53f0\u5357\u673a\u573a\u3002", "events": [{"trigger": {"text": "\u201c\u8feb\u964d\u201d", "offset": 27, "length": 4}, "subject": {"text": "\u7f8e\u56fdF-18\u6218\u6597\u673a", "offset": 12, "length": 9}, "object": {"text": "", "offset": 0, "length": 0}}], "arguments": {"time": [{"text": "2015\u5e744\u67081\u65e5", "offset": 0, "length": 9}], "loc": [{"text": "\u53f0\u5357\u673a\u573a", "offset": 31, "length": 4}], "country": [{"text": "\u7f8e\u56fd", "offset": 12, "length": 2}], "weapon": [{"text": "F-18\u6218\u6597\u673a", "offset": 14, "length": 7}]}}, {"sentence": "\u53f0\u519b\u65b9\u8868\u793a\uff0c\u8fd9\u662f\u57fa\u4e8e\u4eba\u9053\u7acb\u573a\u548c\u4f9d\u7167\u56fd\u9645\u60ef\u4f8b\uff0c\u534f\u52a9\u7f8e\u56fd\u519b\u673a\u964d\u843d\uff0c\u6392\u9664\u6545\u969c\u3002", "events": [], "arguments": {"time": [], "loc": [], "country": [{"text": "\u7f8e\u56fd", "offset": 24, "length": 2}], "weapon": [{"text": "\u519b\u673a", "offset": 26, "length": 2}]}}, {"sentence": "\u5bf9\u4e8e\u7f8e\u56fd\u519b\u673a\u5728\u53f0\u6e7e\u7a7a\u57df\u7684\u98de\u884c\u884c\u4e3a\uff0c\u5916\u4ea4\u90e8\u53d1\u8a00\u4eba\u534e\u6625\u83b9\u66fe\u8868\u793a\uff0c\u7f8e\u65b9\u6b64\u4e3e\u4e25\u91cd\u8fdd\u53cd\u56fd\u9645\u6cd5\u548c\u56fd\u9645\u5173\u7cfb\u57fa\u672c\u51c6\u5219\uff0c\u4e2d\u65b9\u5bf9\u6b64\u575a\u51b3\u53cd\u5bf9\u3001\u4e88\u4ee5\u5f3a\u70c8\u8c34\u8d23\u3002", "events": [], "arguments": {"time": [], "loc": [{"text": "\u53f0\u6e7e\u7a7a\u57df", "offset": 7, "length": 4}], "country": [{"text": "\u7f8e\u56fd", "offset": 2, "length": 2}, {"text": "\u53f0\u6e7e", "offset": 7, "length": 2}, {"text": "\u7f8e\u65b9", "offset": 30, "length": 2}, {"text": "\u4e2d\u65b9", "offset": 51, "length": 2}], "weapon": [{"text": "\u519b\u673a", "offset": 4, "length": 2}]}}, {"sentence": "\u4e2d\u65b9\u6566\u4fc3\u7f8e\u65b9\u606a\u5b88\u4e00\u4e2a\u4e2d\u56fd\u539f\u5219\u548c\u4e2d\u7f8e\u4e09\u4e2a\u8054\u5408\u516c\u62a5\u89c4\u5b9a\uff0c\u7acb\u5373\u505c\u6b62\u6b64\u7c7b\u975e\u6cd5\u3001\u6311\u8845\u884c\u5f84\u3002", "events": [], "arguments": {"time": [], "loc": [], "country": [{"text": "\u4e2d\u65b9", "offset": 0, "length": 2}, {"text": "\u7f8e\u65b9", "offset": 4, "length": 2}, {"text": "\u4e2d\u56fd", "offset": 10, "length": 2}, {"text": "\u7f8e", "offset": 16, "length": 1}], "weapon": []}}, {"sentence": "\u4e2d\u65b9\u5c06\u91c7\u53d6\u4e00\u5207\u5fc5\u8981\u63aa\u65bd\uff0c\u575a\u51b3\u7ef4\u62a4\u56fd\u5bb6\u4e3b\u6743\u3001\u5b89\u5168\u3001\u53d1\u5c55\u5229\u76ca\u3002", "events": [], "arguments": {"time": [], "loc": [], "country": [{"text": "\u4e2d\u65b9", "offset": 0, "length": 2}], "weapon": []}}, {"sentence": "\u4e2d\u56fd\u793e\u79d1\u9662\u53f0\u6e7e\u9999\u6e2f\u6fb3\u95e8\u6cd5\u7814\u7a76\u4e2d\u5fc3\u4e3b\u4efb\u9648\u6b23\u65b0\u4e5f\u66fe\u8868\u793a\uff0c\u5982\u679c\u7f8e\u519b\u673a\u964d\u843d\u53f0\u6e7e\u673a\u573a\uff0c\u5b9e\u9645\u4e0a\u662f\u4e00\u79cd\u53d8\u76f8\u652f\u6301\u53f0\u6e7e\u62e5\u6709\u6240\u8c13\u201c\u4e3b\u6743\u5730\u4f4d\u201d\u7684\u64e6\u8fb9\u884c\u4e3a\u3002", "events": [], "arguments": {"time": [], "loc": [], "country": [{"text": "\u4e2d\u56fd", "offset": 0, "length": 2}, {"text": "\u53f0\u6e7e", "offset": 33, "length": 2}, {"text": "\u53f0\u6e7e", "offset": 48, "length": 2}], "weapon": []}}, {"sentence": "\u201c\u6839\u636e\u4e2d\u7f8e\u4e4b\u95f4\u4e09\u4e2a\u8054\u5408\u516c\u62a5\uff0c\u7f8e\u56fd\u627f\u8ba4\u4e16\u754c\u4e0a\u53ea\u6709\u4e00\u4e2a\u4e2d\u56fd\uff0c\u5c31\u662f\u4e2d\u534e\u4eba\u6c11\u5171\u548c\u56fd\uff0c\u53f0\u6e7e\u662f\u4e2d\u534e\u4eba\u6c11\u5171\u548c\u56fd\u9886\u571f\u4e0d\u53ef\u5206\u5272\u7684\u4e00\u90e8\u5206\uff0c\u6240\u4ee5\u7f8e\u56fd\u7684\u519b\u673a\u98de\u5230\u53f0\u6e7e\u4e0a\u7a7a\uff0c\u5982\u679c\u9047\u5230\u7a81\u53d1\u60c5\u51b5\u9700\u8981\u964d\u843d\uff0c\u5e94\u8be5\u5411\u4e2d\u534e\u4eba\u6c11\u5171\u548c\u56fd\u653f\u5e9c\u7533\u8bf7\uff0c\u800c\u4e0d\u5e94\u8be5\u662f\u5411\u53f0\u6e7e\u5f53\u5c40\u7533\u8bf7\u3002", "events": [], "arguments": {"time": [], "loc": [], "country": [{"text": "\u7f8e\u56fd", "offset": 14, "length": 2}, {"text": "\u4e2d\u56fd", "offset": 25, "length": 2}, {"text": "\u53f0\u6e7e", "offset": 38, "length": 2}, {"text": "\u7f8e\u56fd", "offset": 61, "length": 2}, {"text": "\u53f0\u6e7e", "offset": 68, "length": 2}, {"text": "\u53f0\u6e7e", "offset": 107, "length": 2}], "weapon": [{"text": "\u519b\u673a", "offset": 64, "length": 2}]}}, {"sentence": "\u201d", "events": [], "arguments": {"time": [], "loc": [], "country": [], "weapon": []}}, {"sentence": "\u5927\u9646\u56fd\u9632\u90e8\u4e5f\u66fe\u7528\u201c\u4e09\u4e2a\u4e25\u91cd\u201d\u56de\u5e94\u7f8e\u519b\u8230\u673a\u9891\u7e41\u73b0\u8eab\u53f0\u6d77\u7684\u95ee\u9898\uff0c\u56fd\u9632\u90e8\u53d1\u8a00\u4eba\u4efb\u56fd\u5f3a2020\u5e743\u670826\u65e5\u66fe\u8868\u793a\uff0c\u8fd1\u4e00\u6bb5\u65f6\u95f4\u4ee5\u6765\u7f8e\u65b9\u5728\u53f0\u6e7e\u95ee\u9898\u4e0a\u6d88\u6781\u52a8\u4f5c\u4e0d\u65ad\uff0c\u4e25\u91cd\u5e72\u6d89\u4e2d\u56fd\u5185\u653f\uff0c\u4e25\u91cd\u7834\u574f\u53f0\u6d77\u548c\u5e73\u7a33\u5b9a\uff0c\u4e25\u91cd\u6bd2\u5316\u4e2d\u7f8e\u4e24\u56fd\u4e24\u519b\u5173\u7cfb\uff0c\u201c\u5411\u53f0\u72ec\u52bf\u529b\u91ca\u653e\u9519\u8bef\u4fe1\u53f7\uff0c\u662f\u6781\u5176\u5371\u9669\u7684\u201d\uff0c\u4e2d\u56fd\u7edd\u4e0d\u5141\u8bb8\u5916\u56fd\u52bf\u529b\u6253\u201c\u53f0\u6e7e\u724c\u201d\uff0c\u7edd\u4e0d\u5bb9\u5fcd\u4efb\u4f55\u5f62\u5f0f\u7684\u201c\u53f0\u72ec\u201d\u5206\u88c2\u56fe\u8c0b\u548c\u884c\u5f84\u3002", "events": [], "arguments": {"time": [{"text": "2020\u5e743\u670826\u65e5", "offset": 39, "length": 10}], "loc": [{"text": "\u53f0\u6d77", "offset": 24, "length": 2}, {"text": "\u53f0\u6d77", "offset": 88, "length": 2}], "country": [{"text": "\u7f8e\u65b9", "offset": 60, "length": 2}, {"text": "\u4e2d\u56fd", "offset": 79, "length": 2}, {"text": "\u7f8e", "offset": 100, "length": 1}, {"text": "\u4e2d\u56fd", "offset": 129, "length": 2}, {"text": "\u6e7e", "offset": 0, "length": 1}], "weapon": []}}, {"sentence": "\u4ed6\u8bf4\uff0c\u89e3\u653e\u519b\u8fdb\u884c\u6218\u5907\u5de1\u822a\u7b49\u519b\u4e8b\u884c\u52a8\u65e8\u5728\u7ef4\u62a4\u56fd\u5bb6\u4e3b\u6743\u548c\u9886\u571f\u5b8c\u6574\uff0c\u7ef4\u62a4\u53f0\u6d77\u5730\u533a\u548c\u5e73\u7a33\u5b9a\uff0c\u7ef4\u62a4\u4e24\u5cb8\u540c\u80de\u7684\u5171\u540c\u5229\u76ca\u3002", "events": [], "arguments": {"time": [], "loc": [{"text": "\u53f0\u6d77\u5730\u533a", "offset": 33, "length": 4}], "country": [], "weapon": []}}]