[{"sentence": "\u7f8e\u6700\u5f3a\u6838\u6f5c\u8247\u4eae\u76f8\u4fc4\u5bb6\u95e8\u53e3\uff0c\u4fc4\u8fc5\u901f\u56de\u5e94\uff1a\u6211\u4eec\u6ca1\u6253\u778c\u7761\uff01", "events": [], "arguments": {"time": [], "loc": [], "country": [{"text": "\u7f8e", "offset": 0, "length": 1}, {"text": "\u4fc4", "offset": 13, "length": 1}], "weapon": [{"text": "\u6838\u6f5c\u8247", "offset": 3, "length": 3}]}}, {"sentence": "\u7f8e\u519b\u201c\u6d77\u72fc\u201d\u53f7\u6838\u6f5c\u8247\u7f55\u89c1\u4eae\u76f8\u4fc4\u7f57\u65af\u5bb6\u95e8\u53e3 \uff0c\u4e24\u5929\u540e\uff0c\u4fc4\u201c\u9102\u6728\u65af\u514b\u201d\u53f7\u6838\u6f5c\u8247\u5728\u7f8e\u56fd\u963f\u62c9\u65af\u52a0\u9644\u8fd1\u201c\u5192\u5934\u201d\uff0c\u7f8e\u4fc4\u6838\u6f5c\u8247\u201c\u4f60\u6765\u6211\u5f80\u201d \u6709\u4f55\u610f\u56fe\uff1f", "events": [{"trigger": {"text": "\u201c\u5192\u5934\u201d", "offset": 46, "length": 4}, "subject": {"text": "\u4fc4\u201c\u9102\u6728\u65af\u514b\u201d\u53f7\u6838\u6f5c\u8247", "offset": 26, "length": 11}, "object": {"text": "", "offset": 0, "length": 0}}], "arguments": {"time": [], "loc": [{"text": "\u7f8e\u56fd\u963f\u62c9\u65af\u52a0", "offset": 38, "length": 6}], "country": [{"text": "\u4fc4\u7f57\u65af", "offset": 14, "length": 3}, {"text": "\u7f8e\u56fd", "offset": 38, "length": 2}], "weapon": [{"text": "\u201c\u9102\u6728\u65af\u514b\u201d\u53f7\u6838\u6f5c\u8247", "offset": 27, "length": 10}]}}, {"sentence": "\u7f8e\u6700\u5f3a\u6838\u6f5c\u8247\u201c\u6d77\u72fc\u201d\u53f7", "events": [], "arguments": {"time": [], "loc": [], "country": [{"text": "\u7f8e", "offset": 0, "length": 1}], "weapon": [{"text": "\u6838\u6f5c\u8247\u201c\u6d77\u72fc\u201d\u53f7", "offset": 3, "length": 8}]}}, {"sentence": "\u7f55\u89c1\u4eae\u76f8\u4fc4\u5bb6\u95e8\u53e3", "events": [], "arguments": {"time": [], "loc": [], "country": [{"text": "\u4fc4", "offset": 4, "length": 1}], "weapon": []}}, {"sentence": "\u5f53\u5730\u65f6\u95f48\u670821\u65e5\uff0c\u7f8e\u56fd\u6d77\u519b\u7b2c\u516d\u8230\u961f\u7a81\u7136\u516c\u5f00\u4e86\u201c\u6d77\u72fc\u201d\u53f7\u6838\u6f5c\u8247\u7684\u7167\u7247\uff0c\u5f53\u65f6\u5b83\u6b63\u505c\u9760\u5728\u632a\u5a01\u5317\u90e8\u6e2f\u53e3\u57ce\u5e02\u2014\u2014\u7279\u7f57\u59c6\u745f\u3002", "events": [], "arguments": {"time": [{"text": "8\u670821\u65e5", "offset": 4, "length": 5}], "loc": [{"text": "\u7279\u7f57\u59c6\u745f", "offset": 52, "length": 4}], "country": [{"text": "\u7f8e\u56fd", "offset": 10, "length": 2}, {"text": "\u632a\u5a01", "offset": 42, "length": 2}], "weapon": [{"text": "\u201c\u6d77\u72fc\u201d\u53f7\u6838\u6f5c\u8247", "offset": 23, "length": 8}]}}, {"sentence": "8\u670825\u65e5\uff0c\u7f8e\u519b\u53c8\u516c\u5f00\u4e86\u201c\u6d77\u72fc\u201d\u53f7\u6838\u6f5c\u8247\u5728\u632a\u5a01\u6d77\u57df\u6d6e\u51fa\u6c34\u9762\u7684\u7167\u7247\uff0c\u8fd9\u662f\u7f8e\u519b\u4e94\u5e74\u6765\u9996\u6b21\u53d1\u5e03\u5b83\u7684\u6d88\u606f\u3002", "events": [], "arguments": {"time": [{"text": "8\u670825\u65e5", "offset": 0, "length": 5}], "loc": [{"text": "\u632a\u5a01\u6d77\u57df", "offset": 21, "length": 4}], "country": [{"text": "\u632a\u5a01", "offset": 21, "length": 2}], "weapon": [{"text": "\u201c\u6d77\u72fc\u201d\u53f7\u6838\u6f5c\u8247", "offset": 12, "length": 8}]}}, {"sentence": "\u201c\u6d77\u72fc\u201d\u53f7\u4e00\u5411\u5f88\u5c11\u9732\u9762\uff0c\u6b64\u6b21\u7a81\u7136\u51fa\u73b0\u5728\u4fc4\u7f57\u65af\u6d77\u519b\u5bb6\u95e8\u53e3\u7684\u5df4\u4f26\u652f\u6d77\uff0c\u5f15\u53d1\u5173\u6ce8\u3002", "events": [], "arguments": {"time": [], "loc": [{"text": "\u5df4\u4f26\u652f\u6d77", "offset": 28, "length": 4}], "country": [{"text": "\u4fc4\u7f57\u65af", "offset": 19, "length": 3}], "weapon": [{"text": "\u201c\u6d77\u72fc\u201d\u53f7", "offset": 0, "length": 5}]}}, {"sentence": "\u7f8e\u6d77\u519b\u201c\u6d77\u72fc\u201d\u53f7\u6838\u6f5c\u8247\u662f\u201c\u6d77\u72fc\u201d\u7ea7\u9996\u8230\uff0c\u51b7\u6218\u672b\u671f\u7f8e\u56fd\u82b1\u8d39\u91cd\u91d1\u6253\u9020\u7684\u201c\u8d85\u7ea7\u6c34\u4e0b\u6740\u624b\u201d\uff0c \u582a\u79f0\u7f8e\u6d77\u519b\u6700\u5f3a\u6838\u6f5c\u8247\u3002", "events": [], "arguments": {"time": [], "loc": [], "country": [{"text": "\u7f8e", "offset": 0, "length": 1}, {"text": "\u7f8e\u56fd", "offset": 24, "length": 2}], "weapon": [{"text": "\u201c\u6d77\u72fc\u201d\u53f7\u6838\u6f5c\u8247", "offset": 3, "length": 8}]}}, {"sentence": "\u4e0d\u8fc7\u5355\u4ef7\u9ad8\u8fbe30\u4ebf\u7f8e\u5143\u3001\u592a\u8fc7\u6602\u8d35\uff0c\u4e00\u5171\u53ea\u5efa\u9020\u4e863\u8258\u3002", "events": [], "arguments": {"time": [], "loc": [], "country": [], "weapon": []}}, {"sentence": "\u5df4\u4f26\u652f\u6d77\u6b63\u662f\u4fc4\u7f57\u65af\u6d77\u519b\u5317\u65b9\u8230\u961f\u7684\u5f39\u9053\u5bfc\u5f39\u6838\u6f5c\u8247\u548c\u653b\u51fb\u578b\u6838\u6f5c\u8247\u7684\u4e3b\u8981\u6d3b\u52a8\u533a\u57df\uff0c\u66f4\u88ab\u4fc4\u7f57\u65af\u89c6\u4f5c\u6d77\u57fa\u201c\u4e8c\u6b21\u53cd\u51fb\u201d\uff0c\u7528\u6f5c\u5c04\u6d32\u9645\u5bfc\u5f39\u6253\u51fb\u7f8e\u56fd\u672c\u571f\u7684\u201c\u5821\u5792\u6d77\u57df\u201d\u3002", "events": [], "arguments": {"time": [], "loc": [{"text": "\u5df4\u4f26\u652f\u6d77", "offset": 0, "length": 4}], "country": [{"text": "\u4fc4\u7f57\u65af", "offset": 40, "length": 3}, {"text": "\u4fc4\u7f57\u65af", "offset": 6, "length": 3}, {"text": "\u7f8e\u56fd", "offset": 63, "length": 2}], "weapon": [{"text": "\u5f39\u9053\u5bfc\u5f39\u6838\u6f5c\u8247", "offset": 16, "length": 7}, {"text": "\u653b\u51fb\u578b\u6838\u6f5c\u8247", "offset": 24, "length": 6}, {"text": "\u5bfc\u5f39", "offset": 0, "length": 2}]}}, {"sentence": "\u7f8e\u56fd\u5a92\u4f53\u8bc4\u8bba\u79f0\uff0c\u8fd9\u8258\u795e\u79d8\u6f5c\u8247\u539f\u672c\u8fde\u57fa\u672c\u884c\u8e2a\u90fd\u4e25\u683c\u4fdd\u5bc6\uff0c\u5982\u4eca\u5374\u5927\u6447\u5927\u6446\u5730\u51fa\u73b0\u5728\u4fc4\u6d77\u519b\u5317\u65b9\u8230\u961f\u5bb6\u95e8\u53e3\uff0c\u5bf9\u4fc4\u65bd\u538b\u610f\u56fe\u660e\u663e \u3002", "events": [], "arguments": {"time": [], "loc": [], "country": [{"text": "\u7f8e\u56fd", "offset": 0, "length": 2}], "weapon": [{"text": "\u6f5c\u8247", "offset": 12, "length": 2}]}}, {"sentence": "\u4fc4\u201c\u9102\u6728\u65af\u514b\u201d\u53f7\u6838\u6f5c\u8247\u201c\u5192\u5934\u201d", "events": [], "arguments": {"time": [], "loc": [], "country": [{"text": "\u4fc4", "offset": 0, "length": 1}], "weapon": [{"text": "\u4fc4\u201c\u9102\u6728\u65af\u514b\u201d\u53f7\u6838\u6f5c\u8247", "offset": 0, "length": 11}, {"text": "\u201c\u9102\u6728\u65af\u514b\u201d\u53f7\u6838\u6f5c\u8247", "offset": 1, "length": 10}]}}, {"sentence": "\u7a81\u7136\u73b0\u8eab\u7f8e\u56fd\u6d77\u5cb8\u9644\u8fd1", "events": [], "arguments": {"time": [], "loc": [{"text": "\u7f8e\u56fd\u6d77\u5cb8", "offset": 4, "length": 4}], "country": [{"text": "\u7f8e\u56fd", "offset": 4, "length": 2}], "weapon": []}}, {"sentence": "\u5c31\u5728\u7f8e\u519b\u7167\u7247\u53d1\u5e03\u4e24\u5929\u540e\uff0c\u7f8e\u56fd\u5f53\u5730\u65f6\u95f48\u670827\u65e5\uff0c\u7f8e\u519b\u7a81\u7136\u53d1\u73b0\u4e00\u8258\u4fc4\u519b\u6f5c\u8247\u5728\u963f\u62c9\u65af\u52a0\u9644\u8fd1\u6d77\u57df\u201c\u5192\u5934\u201d\u3002", "events": [], "arguments": {"time": [{"text": "8\u670827\u65e5", "offset": 18, "length": 5}], "loc": [{"text": "\u963f\u62c9\u65af\u52a0\u9644\u8fd1\u6d77\u57df", "offset": 37, "length": 8}], "country": [{"text": "\u7f8e\u56fd", "offset": 12, "length": 2}], "weapon": [{"text": "\u6f5c\u8247", "offset": 34, "length": 2}]}}, {"sentence": "\u636e\u7f8e\u56fd\u300a\u519b\u961f\u65f6\u62a5\u300b8\u670827\u65e5\u62a5\u9053\uff0c\u4e00\u8258\u4fc4\u7f57\u65af\u6f5c\u8247\u5f53\u5929\u5728\u7f8e\u56fd\u963f\u62c9\u65af\u52a0\u9644\u8fd1\u6d6e\u51fa\u6c34\u9762\uff0c\u5f53\u65f6\uff0c\u5728\u767d\u4ee4\u6d77\u5ce1\u4f5c\u4e1a\u7684\u591a\u8258\u7f8e\u56fd\u5546\u4e1a\u6e14\u8239\u5411\u6d77\u5cb8\u8b66\u536b\u961f\u62a5\u544a\u79f0\uff0c\u5076\u9047\u4e86\u591a\u8258\u4fc4\u519b\u8230\u8247\uff0c\u62c5\u5fc3\u8fd9\u4e9b\u4fc4\u519b\u8230\u8247\u662f\u8981\u5411\u7f8e\u56fd\u53d1\u52a8\u8fdb\u653b\u3002", "events": [], "arguments": {"time": [{"text": "8\u670827\u65e5", "offset": 9, "length": 5}], "loc": [{"text": "\u7f8e\u56fd\u963f\u62c9\u65af\u52a0\u9644\u8fd1", "offset": 27, "length": 8}, {"text": "\u767d\u4ee4\u6d77\u5ce1", "offset": 44, "length": 4}], "country": [{"text": "\u7f8e\u56fd", "offset": 1, "length": 2}, {"text": "\u4fc4\u7f57\u65af", "offset": 19, "length": 3}, {"text": "\u7f8e\u56fd", "offset": 27, "length": 2}, {"text": "\u7f8e\u56fd", "offset": 53, "length": 2}, {"text": "\u7f8e\u56fd", "offset": 90, "length": 2}], "weapon": []}}, {"sentence": "\u7f8e\u56fd\u5317\u65b9\u53f8\u4ee4\u90e8\u53d1\u8a00\u4eba\u6bd4\u5c14\u00b7\u5218\u6613\u65af\u56de\u5e94\u79f0\uff0c\u7f8e\u519b\u6b63\u5728\u5bc6\u5207\u76d1\u89c6\u52a8\u5411\u3002", "events": [], "arguments": {"time": [], "loc": [], "country": [{"text": "\u7f8e\u56fd", "offset": 0, "length": 2}], "weapon": []}}, {"sentence": "\u4fc4\u7f57\u65af\u592a\u5e73\u6d0b\u8230\u961f\u968f\u540e\u8bc1\u5b9e\uff0c\u8fd9\u6b63\u662f\u5728\u963f\u62c9\u65af\u52a0\u6cbf\u5cb8\u9644\u8fd1\u53c2\u52a0\u6f14\u4e60\u7684\u201c\u9102\u6728\u65af\u514b\u201d\u53f7\u6838\u6f5c\u8247 \u3002", "events": [], "arguments": {"time": [], "loc": [{"text": "\u592a\u5e73\u6d0b", "offset": 3, "length": 3}, {"text": "\u8fd1", "offset": 0, "length": 1}], "country": [{"text": "\u4fc4\u7f57\u65af", "offset": 0, "length": 3}], "weapon": [{"text": "\u201c\u9102\u6728\u65af\u514b\u201d\u53f7\u6838\u6f5c\u8247", "offset": 30, "length": 10}]}}, {"sentence": "\u4fc4\u7f57\u65af\u6d77\u519b\u524d\u603b\u53c2\u8c0b\u957f\u514b\u62c9\u592b\u7434\u79d18\u670828\u65e5\u8868\u793a\uff1a\u201c\u4fc4\u519b\u6f5c\u8247\u5728\u963f\u62c9\u65af\u52a0\u9644\u8fd1\u4e0a\u6d6e\uff0c\u53ef\u80fd\u662f\u5bf9\u7f8e\u56fd\u548c\u5317\u7ea6\u4fa6\u5bdf\u673a\u8fd1\u671f\u9891\u7e41\u2018\u9020\u8bbf\u2019\u4fc4\u8fb9\u5883\u7684\u56de\u5e94\uff0c\u662f\u5728\u544a\u8bc9\u4ed6\u4eec\uff0c\u4fc4\u519b\u6ca1\u5728\u6253\u778c\u7761\u3002", "events": [], "arguments": {"time": [{"text": "8\u670828\u65e5", "offset": 15, "length": 5}], "loc": [{"text": "\u963f\u62c9\u65af\u52a0", "offset": 29, "length": 4}, {"text": "\u2019\u4fc4\u8fb9\u5883", "offset": 57, "length": 4}], "country": [{"text": "\u4fc4\u7f57\u65af", "offset": 0, "length": 3}, {"text": "\u7f8e\u56fd", "offset": 42, "length": 2}, {"text": "\u5317\u7ea6", "offset": 45, "length": 2}], "weapon": [{"text": "\u6f5c\u8247", "offset": 26, "length": 2}, {"text": "\u5317\u7ea6\u4fa6\u5bdf\u673a", "offset": 45, "length": 5}]}}, {"sentence": " \u201d", "events": [], "arguments": {"time": [], "loc": [], "country": [], "weapon": []}}, {"sentence": "\u4fc4\u7f57\u65af\u201c\u9102\u6728\u65af\u514b\u201d\u53f7\u6838\u6f5c\u8247\u7d20\u6709\u201c\u822a\u6bcd\u6740\u624b\u201d \u4e4b\u79f0\uff0c\u6807\u51c6\u6392\u6c34\u91cf1.47\u4e07\u5428\uff0c\u6c34\u4e0b\u6392\u6c34\u91cf2.39\u4e07\u5428\uff0c\u80fd\u591f\u88c5\u590724\u679aP700\u201c\u82b1\u5c97\u5ca9\u201d\u5bfc\u5f39\uff0c\u8fd8\u80fd\u6362\u88c550\u4e07\u5428TNT\u5f53\u91cf\u6838\u5f39\u5934\uff0c\u53ef\u5bf9\u6c34\u4e0a\u5927\u578b\u76ee\u6807\u5b9e\u65bd\u9971\u548c\u653b\u51fb\u3002", "events": [], "arguments": {"time": [], "loc": [], "country": [{"text": "\u4fc4\u7f57\u65af", "offset": 0, "length": 3}], "weapon": [{"text": "\u201c\u9102\u6728\u65af\u514b\u201d\u53f7\u6838\u6f5c\u8247", "offset": 3, "length": 10}, {"text": "P700\u201c\u82b1\u5c97\u5ca9\u201d\u5bfc\u5f39", "offset": 56, "length": 11}]}}, {"sentence": "\u8be5\u578b\u6838\u6f5c\u8247\u57282015\u81f32019\u5e74\u671f\u95f4\u8fdb\u884c\u4e86\u5347\u7ea7\u548c\u73b0\u4ee3\u5316\u6539\u9020\u540e\u518d\u6b21\u670d\u5f79\u3002", "events": [], "arguments": {"time": [{"text": "2015\u81f32019\u5e74", "offset": 6, "length": 10}], "loc": [], "country": [], "weapon": [{"text": "\u6838\u6f5c\u8247", "offset": 2, "length": 3}]}}, {"sentence": "\u4e13\u5bb6\uff1a\u7f8e\u4fc4\u6838\u6f5c\u8247\u201c\u4f60\u6765\u6211\u5f80\u201d", "events": [], "arguments": {"time": [], "loc": [], "country": [{"text": "\u7f8e", "offset": 3, "length": 1}, {"text": "\u4fc4", "offset": 4, "length": 1}], "weapon": [{"text": "\u6838\u6f5c\u8247", "offset": 5, "length": 3}]}}, {"sentence": "\u9646\u6d77\u7a7a\u5168\u65b9\u4f4d\u8f83\u91cf", "events": [], "arguments": {"time": [], "loc": [], "country": [], "weapon": []}}, {"sentence": "\u7f8e\u4fc4\u6838\u6f5c\u8247\u5206\u522b\u5728\u5bf9\u65b9\u8fd1\u6d77\u51fa\u73b0\uff0c\u6709\u4f55\u6218\u7565\u610f\u56fe\uff1f", "events": [], "arguments": {"time": [], "loc": [], "country": [{"text": "\u7f8e", "offset": 0, "length": 1}, {"text": "\u4fc4", "offset": 1, "length": 1}], "weapon": [{"text": "\u6838\u6f5c\u8247", "offset": 2, "length": 3}]}}, {"sentence": "\u519b\u4e8b\u4e13\u5bb6\u675c\u6587\u9f99\u5206\u6790\uff1a", "events": [], "arguments": {"time": [], "loc": [], "country": [], "weapon": []}}, {"sentence": "1.\u7f8e\u56fd\u548c\u4fc4\u7f57\u65af\u7684\u6838\u6f5c\u8247\uff0c\u5206\u522b\u5728\u5bf9\u65b9\u8fd1\u6d77\u51fa\u73b0\uff0c\u8bf4\u660e\u51b7\u6218\u671f\u95f4\u7684\u201c\u540e\u9662\u6218\u7565\u201d\u6b63\u5728\u4ece\u9646\u4e0a\u5411\u6c34\u4e0b\u8f6c\u578b\u3002", "events": [], "arguments": {"time": [], "loc": [], "country": [{"text": "\u7f8e\u56fd", "offset": 2, "length": 2}, {"text": "\u4fc4\u7f57\u65af", "offset": 5, "length": 3}], "weapon": [{"text": "\u6838\u6f5c\u8247", "offset": 9, "length": 3}]}}, {"sentence": "\u6309\u7167\u76ee\u524d\u7684\u6c34\u4e0b\u7efc\u5408\u4f5c\u6218\u80fd\u529b\uff0c\u5bfc\u5f39\u6838\u6f5c\u8247\u53ef\u4ee5\u5728\u5bf9\u65b9\u7684\u5bb6\u95e8\u53e3\u5f62\u6210\u6218\u7565\u5a01\u6151\u6253\u51fb\u80fd\u529b\u3002", "events": [], "arguments": {"time": [], "loc": [], "country": [], "weapon": [{"text": "\u5bfc\u5f39\u6838\u6f5c\u8247", "offset": 14, "length": 5}]}}, {"sentence": "2.\u8fd9\u6b21\u51fa\u52a8\u7684\u662f\u653b\u51fb\u578b\u6838\u6f5c\u8247\uff0c\u4e0b\u4e00\u6b21\u4e0d\u6392\u9664\u4f1a\u51fa\u52a8\u5f39\u9053\u5bfc\u5f39\u6838\u6f5c\u8247\uff0c\u8fd9\u6837\u53ef\u4ee5\u8ba9\u5bf9\u65b9\u660e\u663e\u611f\u89c9\u5230\u81ea\u5df1\u7684\u6838\u6253\u51fb\u4f18\u52bf\u548c\u6c34\u4e0b\u4f18\u52bf\uff0c\u6b63\u5728\u5bf9\u5bf9\u65b9\u6784\u6210\u56f4\u5835\u3002", "events": [], "arguments": {"time": [], "loc": [], "country": [], "weapon": [{"text": "\u653b\u51fb\u578b\u6838\u6f5c\u8247", "offset": 8, "length": 6}, {"text": "\u5f39\u9053\u5bfc\u5f39\u6838\u6f5c\u8247", "offset": 24, "length": 7}]}}, {"sentence": "3.\u4ece\u5927\u56fd\u7ade\u4e89\u7684\u7a7a\u95f4\u53bb\u5206\u6790\uff0c\u4e4b\u524d\u7684\u9646\u4e0a\u3001\u6d77\u4e0a\u3001\u7a7a\u4e2d\uff0c\u5df2\u7ecf\u8fbe\u5230\u4e86\u7269\u7406\u6781\u9650\uff0c\u5982\u679c\u5728\u6c34\u4e0b\u5f62\u6210\u65b0\u7684\u6253\u51fb\u65b9\u5f0f\u3001\u65b0\u7684\u56f4\u5835\u6548\u679c\uff0c\u4e5f\u662f\u53cc\u65b9\u8ffd\u6c42\u7684\u76ee\u6807\u3002", "events": [], "arguments": {"time": [], "loc": [], "country": [], "weapon": []}}, {"sentence": "\u6765\u6e90\uff1aCCTV-7\u300a\u6b63\u5348\u56fd\u9632\u519b\u4e8b\u300b\u3001CCTV-4\u300a\u4eca\u65e5\u4e9a\u6d32\u300b", "events": [], "arguments": {"time": [], "loc": [], "country": [], "weapon": [{"text": "CCTV-7", "offset": 3, "length": 6}, {"text": "CCTV-4", "offset": 18, "length": 6}]}}]