[{"sentence": "\u4fc4\u63a8\u51fa4\u9a6c\u8d6b\u65b0\u578b\u5bfc\u5f39\u00a0\u4e00\u53d1\u5c31\u80fd\u51e0\u4e4e100%\u6253\u7206\u4efb\u4f55\u897f\u65b9\u5766\u514b", "events": [], "arguments": {"time": [], "loc": [], "country": [{"text": "\u4fc4", "offset": 0, "length": 1}], "weapon": [{"text": "4\u9a6c\u8d6b\u65b0\u578b\u5bfc\u5f39", "offset": 3, "length": 7}]}}, {"sentence": "\u3010\u73af\u7403\u7f51\u62a5\u9053 \u8bb0\u8005 \u5f90\u7490\u660e\u3011", "events": [], "arguments": {"time": [], "loc": [], "country": [], "weapon": []}}, {"sentence": "\u636e\u5370\u5ea6\u300a\u6b27\u4e9a\u65f6\u62a5\u300b8\u670827\u65e5\u62a5\u9053\uff0c\u4fc4\u7f57\u65af\u5728\u201c\u519b\u961f-2020\u201d\u56fd\u9645\u519b\u4e8b\u6280\u672f\u8bba\u575b\u4e0a\u9996\u6b21\u516c\u5f00\u5c55\u793a\u4e86\u540d\u4e3a\u201c\u8d6b\u5c14\u58a8\u65af\u201d\uff08Hermes\uff09\u7684\u8fdc\u7a0b\u7cbe\u786e\u5236\u5bfc\u6b66\u5668\u7cfb\u7edf\u3002", "events": [{"trigger": {"text": "\u516c\u5f00\u5c55\u793a", "offset": 41, "length": 4}, "subject": {"text": "\u4fc4\u7f57\u65af\u5728\u201c\u519b\u961f-2020\u201d\u56fd\u9645\u519b\u4e8b\u6280\u672f\u8bba\u575b\u4e0a", "offset": 17, "length": 22}, "object": {"text": "\u201c\u8d6b\u5c14\u58a8\u65af\u201d\uff08Hermes\uff09\u7684\u8fdc\u7a0b\u7cbe\u786e\u5236\u5bfc\u6b66\u5668\u7cfb\u7edf", "offset": 48, "length": 25}}], "arguments": {"time": [{"text": "8\u670827\u65e5", "offset": 9, "length": 5}], "loc": [], "country": [{"text": "\u4fc4\u7f57\u65af", "offset": 17, "length": 3}, {"text": "\u5370\u5ea6", "offset": 1, "length": 2}], "weapon": [{"text": "\u201c\u8d6b\u5c14\u58a8\u65af\u201d\uff08Hermes\uff09\u7684\u8fdc\u7a0b\u7cbe\u786e\u5236\u5bfc\u6b66\u5668\u7cfb\u7edf", "offset": 48, "length": 25}]}}, {"sentence": "\u62a5\u9053\u79f0\uff0c\u7814\u5236\u8be5\u6b66\u5668\u7cfb\u7edf\u7684\u5e0c\u666e\u8bfa\u592b\uff08Shipunov\uff09\u8bbe\u8ba1\u5c40\u7684\u4e00\u540d\u4ee3\u8868\u8868\u793a\uff0c\u8be5\u6b66\u5668\u7cfb\u7edf\u51e0\u4e4e\u80fd\u591f\u4ee5100%\u7684\u6982\u7387\u6467\u6bc1\u4efb\u4f55\u897f\u65b9\u5766\u514b\u3002", "events": [], "arguments": {"time": [], "loc": [], "country": [], "weapon": [{"text": "\u5766\u514b", "offset": 60, "length": 2}]}}, {"sentence": "\u5e0c\u666e\u8bfa\u592b\u8bbe\u8ba1\u5c40\u7684\u8fd9\u540d\u4ee3\u8868\u8bf4\uff1a\u201c\u2018\u8d6b\u5c14\u58a8\u65af\u2019\u5bfc\u5f39\u7cfb\u7edf\u5728\u8bd5\u9a8c\u573a\u8fdb\u884c\u7684\u5404\u79cd\u7c7b\u578b\u76ee\u6807\u6253\u51fb\u80fd\u529b\u6d4b\u8bd5\u4e2d\uff0c\u5f97\u51fa\u7684\u7ed3\u8bba\u662f\uff0c\u53ea\u9700\u8981\u4e00\u679a\u8fd9\u79cd\u5bfc\u5f39\u5c31\u80fd\u53ef\u9760\u5730\u6d88\u706d\u73b0\u5f79\u7684\u4efb\u4f55\u4e00\u6b3e\u897f\u65b9\u5766\u514b\u3002", "events": [], "arguments": {"time": [], "loc": [], "country": [], "weapon": [{"text": "\u2018\u8d6b\u5c14\u58a8\u65af\u2019\u5bfc\u5f39", "offset": 15, "length": 8}, {"text": "\u2018\u8d6b\u5c14\u58a8\u65af\u2019\u5bfc\u5f39\u7cfb\u7edf", "offset": 15, "length": 10}]}}, {"sentence": "\u201d\u4ed6\u8fd8\u8865\u5145\u8bf4\uff0c\u51fb\u6bc1\u5766\u514b\u6982\u7387\u4e3a98%\u81f399%\u3002", "events": [], "arguments": {"time": [], "loc": [], "country": [], "weapon": [{"text": "\u5766\u514b", "offset": 9, "length": 2}]}}, {"sentence": "\u8fd9\u540d\u516c\u53f8\u4ee3\u8868\u58f0\u79f0\uff0c\u5373\u4f7f\u662f\u5728\u5bfc\u5f39\u6700\u5927\u7684100\u516c\u91cc\u5c04\u7a0b\u4e4b\u4e0b\uff0c\u4e5f\u53ea\u4f1a\u670950\u5398\u7c73\u7684\u504f\u5dee\uff0c\u800c\u5bfc\u5f39\u7684\u98de\u884c\u901f\u5ea6\u662f\u97f3\u901f\u76844\u500d\u3002", "events": [], "arguments": {"time": [], "loc": [], "country": [], "weapon": [{"text": "\u5bfc\u5f39", "offset": 41, "length": 2}]}}, {"sentence": "\u8fd9\u79cd\u5bfc\u5f39\u7cfb\u7edf\u91c7\u7528\u7ed3\u6784\u7d27\u51d1\u7684\u6218\u6597\u6a21\u5757\uff0c\u914d\u5907\u4e866\u5177\u53d1\u5c04\u88c5\u7f6e\uff0c\u53ef\u4ee5\u4e0e\u5305\u62ec\u88c5\u7532\u8f66\u5728\u5185\u7684\u591a\u79cd\u5e95\u76d8\u517c\u5bb9\u3002", "events": [], "arguments": {"time": [], "loc": [], "country": [], "weapon": [{"text": "\u88c5\u7532\u8f66", "offset": 33, "length": 3}]}}, {"sentence": "\u4ed6\u8bf4\uff1a\u201c\u8be5\u6b66\u5668\u7cfb\u7edf\u7684\u7279\u70b9\u662f\u53ef\u4ee5\u5bf9\u591a\u4e2a\uff086\u4e2a\uff09\u5206\u6563\u76ee\u6807\u9f50\u5c04\uff0c\u5e76\u81ea\u52a8\u540c\u6b65\u6fc0\u5149\u5236\u5bfc\uff0c\u9ad8\u7cbe\u5ea6\u5f39\u836f\u7684\u504f\u5dee\u8ddd\u79bb\u4e0d\u4f1a\u8d85\u8fc70.5\u7c73\u3002", "events": [], "arguments": {"time": [], "loc": [], "country": [], "weapon": []}}, {"sentence": "\u201d", "events": [], "arguments": {"time": [], "loc": [], "country": [], "weapon": []}}]