[{"sentence": "\u7f8e\u518d\u6d3e\u519b\u673a\u8fdb\u5165\u4e2d\u56fd\u4e1c\u6d77\u9632\u7a7a\u8bc6\u522b\u533a\u00a0\u7a7f\u8d8a\u540e\u8c03\u5934\u98de\u79bb", "events": [], "arguments": {"time": [], "loc": [{"text": "\u4e2d\u56fd\u4e1c\u6d77\u9632\u7a7a\u8bc6\u522b\u533a", "offset": 7, "length": 9}], "country": [{"text": "\u7f8e", "offset": 0, "length": 1}, {"text": "\u4e2d\u56fd", "offset": 7, "length": 2}], "weapon": [{"text": "\u519b\u673a", "offset": 3, "length": 2}]}}, {"sentence": "\u3010\u73af\u7403\u7f51\u62a5\u9053 \u8bb0\u8005 \u9a6c\u5ca9\u3011", "events": [], "arguments": {"time": [], "loc": [], "country": [], "weapon": []}}, {"sentence": "\u8fd1\u6765\uff0c\u7f8e\u56fd\u519b\u673a\u9891\u7e41\u8fdb\u5165\u4e2d\u56fd\u5468\u8fb9\u7a7a\u57df\uff0c8\u670827\u65e5\uff0c\u7f8e\u519b\u518d\u5ea6\u6d3e\u51fa\u4e00\u67b6P-8A\u6d77\u4e0a\u5de1\u903b\u673a\u8fdb\u5165\u4e1c\u6d77\u3002", "events": [{"trigger": {"text": "\u8fdb\u5165", "offset": 41, "length": 2}, "subject": {"text": "P-8A\u6d77\u4e0a\u5de1\u903b", "offset": 32, "length": 8}, "object": {"text": "\u4e1c\u6d77", "offset": 43, "length": 2}}], "arguments": {"time": [{"text": "8\u670827\u65e5", "offset": 18, "length": 5}], "loc": [{"text": "\u4e2d\u56fd\u5468\u8fb9\u7a7a\u57df", "offset": 11, "length": 6}, {"text": "\u4e1c\u6d77", "offset": 43, "length": 2}], "country": [{"text": "\u7f8e\u56fd", "offset": 3, "length": 2}, {"text": "\u4e2d\u56fd", "offset": 11, "length": 2}], "weapon": [{"text": "P-8A\u6d77\u4e0a\u5de1\u903b\u673a", "offset": 32, "length": 9}]}}, {"sentence": "\u201c\u5357\u6d77\u6218\u7565\u6001\u52bf\u611f\u77e5\u8ba1\u5212\u201d\u5e73\u53f0\u53d1\u5e03\u7684\u4fe1\u606f\u663e\u793a\uff0c\u4e00\u67b6P-8A\u201c\u6d77\u795e\u201d\u4ece\u9a7b\u65e5\u7f8e\u519b\u57fa\u5730\u8d77\u98de\uff0c\u4e00\u76f4\u5411\u897f\u5357\u65b9\u5411\u98de\u884c\uff0c\u8fdb\u5165\u4e2d\u65b9\u5212\u5b9a\u7684\u4e1c\u6d77\u9632\u7a7a\u8bc6\u522b\u533a\uff0c\u800c\u540e\u7ee7\u7eed\u5411\u897f\u5357\u98de\u884c\uff0c\u7a7f\u8d8a\u9632\u7a7a\u8bc6\u522b\u533a\uff0c\u968f\u540e\u8c03\u5934\u5411\u4e1c\u5317\u65b9\u5411\u98de\u79bb\u3002", "events": [], "arguments": {"time": [], "loc": [{"text": "\u5357\u6d77", "offset": 1, "length": 2}, {"text": "\u9a7b\u65e5\u7f8e\u519b\u57fa\u5730", "offset": 33, "length": 6}, {"text": "\u4e1c\u6d77\u9632\u7a7a\u8bc6\u522b\u533a", "offset": 59, "length": 7}], "country": [{"text": "\u4e2d\u65b9", "offset": 54, "length": 2}], "weapon": [{"text": "P-8A\u201c\u6d77\u795e\u201d", "offset": 24, "length": 8}]}}, {"sentence": "\u636e\u4ecb\u7ecd\uff0cP-8A\u201c\u6d77\u795e\u201d\u53cd\u6f5c\u5de1\u903b\u673a\u662f\u7f8e\u56fd\u6ce2\u97f3\u516c\u53f8\u8bbe\u8ba1\u751f\u4ea7\u7684\u65b0\u4e00\u4ee3\u6d77\u4e0a\u5de1\u903b\u673a\uff0c\u7528\u4e8e\u53d6\u4ee3\u8001\u578b\u53f7\u7684P-3C\uff0c\u4e3b\u8981\u7528\u9014\u4e3a\u6d77\u4e0a\u5de1\u903b\u3001\u4fa6\u5bdf\u548c\u53cd\u6f5c\uff0c\u5185\u67095\u4e2a\u5f39\u4ed3\uff0c\u5916\u67096\u4e2a\u6b66\u5668\u6302\u70b9\u3002", "events": [], "arguments": {"time": [], "loc": [{"text": "\u6d77\u4e0a", "offset": 56, "length": 2}], "country": [{"text": "\u7f8e\u56fd", "offset": 18, "length": 2}], "weapon": [{"text": "P-8A\u201c\u6d77\u795e\u201d\u53cd\u6f5c\u5de1\u903b\u673a", "offset": 4, "length": 13}, {"text": "P-3C", "offset": 46, "length": 4}]}}, {"sentence": "\u5bf9\u4e8e\u7f8e\u56fd\u519b\u673a\u8fd1\u671f\u5728\u4e2d\u56fd\u6cbf\u6d77\u9ad8\u9891\u5ea6\u62b5\u8fd1\u4fa6\u5bdf\uff0c\u56fd\u9632\u90e8\u65b0\u95fb\u53d1\u8a00\u4eba\u5434\u8c26\u5927\u6821\u57288\u670827\u65e5\u8868\u793a\uff0c\u8fd1\u671f\uff0c\u7f8e\u65b9\u52a0\u5927\u5bf9\u534e\u6311\u8845\u65bd\u538b\u529b\u5ea6\uff0c\u5bf9\u6b64\u6211\u4eec\u7684\u6001\u5ea6\u6e05\u6670\u660e\u786e\uff1a\u4e00\u662f\u53cd\u5bf9\uff0c\u4e8c\u662f\u4e0d\u6015\u3002", "events": [], "arguments": {"time": [{"text": "8\u670827\u65e5", "offset": 34, "length": 5}], "loc": [], "country": [{"text": "\u7f8e\u56fd", "offset": 2, "length": 2}, {"text": "\u4e2d\u56fd", "offset": 9, "length": 2}, {"text": "\u7f8e\u65b9", "offset": 45, "length": 2}], "weapon": []}}, {"sentence": "\u7f8e\u65b9\u4e00\u4e9b\u653f\u5ba2\u5728\u5927\u9009\u524d\u4e3a\u4e86\u4e00\u5df1\u79c1\u5229\uff0c\u6781\u529b\u7834\u574f\u4e2d\u7f8e\u4e24\u56fd\u4e24\u519b\u5173\u7cfb\uff0c\u751a\u81f3\u5984\u56fe\u5236\u9020\u610f\u5916\u4e8b\u4ef6\u548c\u519b\u4e8b\u51b2\u7a81\uff0c\u8fd9\u79cd\u884c\u5f84\u7f6e\u53cc\u65b9\u4e00\u7ebf\u5b98\u5175\u751f\u547d\u5b89\u5371\u4e8e\u4e0d\u987e\uff0c\u7f6e\u4e24\u56fd\u4eba\u6c11\u6839\u672c\u5229\u76ca\u4e8e\u4e0d\u987e\uff0c\u7f6e\u4e16\u754c\u4eba\u6c11\u548c\u5e73\u8bc9\u6c42\u4e8e\u4e0d\u987e\uff0c\u662f\u6781\u4e0d\u5f97\u4eba\u5fc3\u7684\u3002", "events": [], "arguments": {"time": [], "loc": [], "country": [{"text": "\u7f8e\u65b9", "offset": 0, "length": 2}, {"text": "\u4e2d", "offset": 21, "length": 1}, {"text": "\u7f8e", "offset": 22, "length": 1}], "weapon": []}}, {"sentence": "\u4e2d\u56fd\u519b\u961f\u5c06\u575a\u5b9a\u634d\u536b\u56fd\u5bb6\u4e3b\u6743\u3001\u5b89\u5168\u3001\u53d1\u5c55\u5229\u76ca\uff0c\u575a\u5b9a\u7ef4\u62a4\u4e16\u754c\u548c\u5730\u533a\u548c\u5e73\u7a33\u5b9a\u3002", "events": [], "arguments": {"time": [], "loc": [], "country": [{"text": "\u4e2d\u56fd", "offset": 0, "length": 2}], "weapon": []}}, {"sentence": "\u6211\u4eec\u5949\u529d\u7f8e\u65b9\u4e00\u4e9b\u653f\u5ba2\u8ba4\u6e05\u73b0\u5b9e\uff0c\u4fdd\u6301\u7406\u6027\uff0c\u505c\u6b62\u6311\u8845\uff0c\u63a8\u52a8\u4e24\u56fd\u4e24\u519b\u5173\u7cfb\u56de\u5230\u6b63\u786e\u7684\u8f68\u9053\u3002", "events": [], "arguments": {"time": [], "loc": [], "country": [{"text": "\u7f8e\u65b9", "offset": 4, "length": 2}], "weapon": []}}, {"sentence": "\u5bf9\u4e8e\u7f8e\u519b\u8230\u673a\u7684\u62b5\u8fd1\u4fa6\u5bdf\u884c\u4e3a\uff0c\u4e2d\u56fd\u519b\u4e8b\u4e13\u5bb6\u5b8b\u5fe0\u5e737\u67088\u65e5\u5728\u63a5\u53d7\u300a\u73af\u7403\u65f6\u62a5\u300b\u91c7\u8bbf\u65f6\u8868\u793a\uff0c\u89e3\u653e\u519b\u53ef\u4ee5\u91c7\u53d6\u62b5\u8fd1\u62e6\u622a\u7684\u65b9\u5f0f\uff0c\u5bf9\u62b5\u8fd1\u4fa6\u5bdf\u7684\u7f8e\u519b\u673a\u8fdb\u884c\u5e72\u6270\uff0c\u8ba9\u5bf9\u65b9\u65e0\u6cd5\u4e13\u5fc3\u5de5\u4f5c\u3002", "events": [], "arguments": {"time": [{"text": "7\u67088\u65e5", "offset": 23, "length": 4}], "loc": [], "country": [{"text": "\u4e2d\u56fd", "offset": 14, "length": 2}], "weapon": []}}, {"sentence": "\u53e6\u4e00\u65b9\u9762\uff0c\u5f53\u5bf9\u65b9\u4fa6\u5bdf\u673a\u63a5\u8fd1\u6211\u56fd\u76f8\u5173\u7a7a\u57df\u65f6\uff0c\u89e3\u653e\u519b\u4e5f\u53ef\u4ee5\u6682\u505c\u4e00\u4e9b\u519b\u4e8b\u6d3b\u52a8\uff0c\u964d\u4f4e\u7535\u78c1\u9891\u8c31\u4fe1\u53f7\u88ab\u622a\u83b7\u7684\u6982\u7387\u3002", "events": [], "arguments": {"time": [], "loc": [], "country": [], "weapon": [{"text": "\u4fa6\u5bdf\u673a", "offset": 8, "length": 3}]}}, {"sentence": "\uff08\u5b8c\uff09", "events": [], "arguments": {"time": [], "loc": [], "country": [], "weapon": []}}, {"sentence": "\uff08\u5b8c\uff09", "events": [], "arguments": {"time": [], "loc": [], "country": [], "weapon": []}}]