[{"sentence": "\u4fc4\u7f57\u65af\u7c7328N\u6b66\u76f4\u98de\u884c\u65f6\u53d1\u52a8\u673a\u7a81\u7136\u7184\u706b\u00a0\u4f9d\u7136\u6210\u529f\u5b89\u5168\u964d\u843d", "events": [], "arguments": {"time": [], "loc": [], "country": [{"text": "\u4fc4\u7f57\u65af", "offset": 0, "length": 3}], "weapon": [{"text": "\u7c7328N\u6b66\u76f4", "offset": 3, "length": 6}]}}, {"sentence": "\u3010\u73af\u7403\u7f51\u519b\u4e8b\u62a5\u9053\u3011", "events": [], "arguments": {"time": [], "loc": [], "country": [], "weapon": []}}, {"sentence": "\u4fc4\u7f57\u65af\u536b\u661f\u901a\u8baf\u793e8\u670826\u65e5\u62a5\u9053\uff0c\u201c\u7c73\u91cc\u548c\u5361\u83ab\u592b\u201d\u76f4\u5347\u673a\u5236\u9020\u56fd\u5bb6\u4e2d\u5fc3\u98de\u884c\u52e4\u52a1\u5904\u5904\u957f\u3001\u9ad8\u7ea7\u8bd5\u98de\u5458\u3001\u4fc4\u7f57\u65af\u82f1\u96c4\u8c22\u5c14\u76d6\u00b7\u9a6c\u65af\u6d1b\u592b\u5728\u63a5\u53d7\u91c7\u8bbf\u65f6\u79f0\uff0c\u7c73-28N\u653b\u51fb\u76f4\u5347\u673a\u5728\u56fd\u5bb6\u8bd5\u9a8c\u7ed3\u675f\u65f6\u4ee5\u53d1\u52a8\u673a\u5173\u95ed\u60c5\u51b5\u4e0b\u7684\u65cb\u7ffc\u81ea\u8f6c\u65b9\u5f0f\u7740\u9646\u3002", "events": [{"trigger": {"text": "\u7740\u9646", "offset": 102, "length": 2}, "subject": {"text": "\u7c73-28N\u653b\u51fb\u76f4\u5347\u673a", "offset": 68, "length": 10}, "object": {"text": "", "offset": 0, "length": 0}}], "arguments": {"time": [{"text": "8\u670826\u65e5", "offset": 8, "length": 5}], "loc": [], "country": [{"text": "\u4fc4\u7f57\u65af", "offset": 47, "length": 3}, {"text": "\u4fc4\u7f57\u65af", "offset": 0, "length": 3}], "weapon": [{"text": "\u7c73-28N\u653b\u51fb\u76f4\u5347\u673a", "offset": 68, "length": 10}]}}, {"sentence": "\u9a6c\u65af\u6d1b\u592b\u8868\u793a\uff1a\u201c\u56fd\u5bb6\u8bd5\u9a8c\u7ed3\u675f\u65f6\u4ee5\u81ea\u8f6c\u72b6\u6001\uff08\u65cb\u7ffc\u81ea\u8f6c\u65b9\u5f0f\uff09\u7740\u9646\uff0c\u5373\u6211\u4eec\u6545\u610f\u5173\u95ed\u4e86\u53d1\u52a8\u673a\uff0c\u5e76\u5728\u6ca1\u6709\u53d1\u52a8\u673a\u8fd0\u8f6c\u7684\u60c5\u51b5\u4e0b\u7740\u9646\uff0c\u4ee5\u5c55\u73b0\u8fd9\u79cd\u7740\u9646\u65b9\u5f0f\u7684\u53ef\u80fd\u6027\u548c\u5b89\u5168\u6027\uff0c\u7740\u9646\u540e\u53ef\u786e\u4fdd\u76f4\u5347\u673a\u7684\u8fdb\u4e00\u6b65\u4f7f\u7528\u3002", "events": [], "arguments": {"time": [], "loc": [], "country": [], "weapon": [{"text": "\u76f4\u5347\u673a", "offset": 83, "length": 3}]}}, {"sentence": "\u201d", "events": [], "arguments": {"time": [], "loc": [], "country": [], "weapon": []}}, {"sentence": "\u6b64\u5916\u4ed6\u8fd8\u8868\u793a\uff0c\u4fc4\u519b\u540c\u65f6\u5728\u6d4b\u8bd5\u4ece\u5730\u9762\u5411\u76f4\u5347\u673a\u7684\u5bfc\u5f39\u53d1\u5c04\uff0c\u800c\u5b89\u88c5\u5728\u76f4\u5347\u673a\u4e0a\u7684\u673a\u8f7d\u9632\u5fa1\u7cfb\u7edf\u5fc5\u987b\u6d88\u9664\u8fd9\u4e00\u5a01\u80c1\u3002", "events": [], "arguments": {"time": [], "loc": [], "country": [{"text": "\u4fc4", "offset": 7, "length": 1}], "weapon": [{"text": "\u5bfc\u5f39", "offset": 22, "length": 2}, {"text": "\u76f4\u5347\u673a", "offset": 31, "length": 3}]}}, {"sentence": "\u4ed6\u8868\u793a\uff1a\u201c\u8fd9\u662f\u5bf9\u673a\u5185\u6709\u4e58\u5458\u7684\u771f\u5b9e\u4f5c\u6218\u76f4\u5347\u673a\u7684\u771f\u5b9e\u53d1\u5c04\u3002", "events": [], "arguments": {"time": [], "loc": [], "country": [], "weapon": [{"text": "\u4f5c\u6218\u76f4\u5347\u673a", "offset": 16, "length": 5}]}}, {"sentence": "\u201d", "events": [], "arguments": {"time": [], "loc": [], "country": [], "weapon": []}}, {"sentence": "\u7c73-28N\u653b\u51fb\u76f4\u5347\u673a\u7528\u4e8e\u4e3a\u9646\u519b\u3001\u6469\u6b65\u548c\u5766\u514b\u5206\u961f\u7684\u524d\u8fdb\u90e8\u961f\u63d0\u4f9b\u706b\u529b\u652f\u63f4\u3002", "events": [], "arguments": {"time": [], "loc": [], "country": [], "weapon": [{"text": "\u7c73-28N\u653b\u51fb\u76f4\u5347\u673a", "offset": 0, "length": 10}]}}, {"sentence": "\u8be5\u76f4\u5347\u673a\u62e5\u6709\u589e\u5f3a\u88c5\u7532\u4fdd\u62a4\uff0c\u52a0\u5f3a\u7684\u6218\u6597\u751f\u5b58\u80fd\u529b\uff0c\u88c5\u5907\u6709\u73b0\u4ee3\u5316\u7684\u9ad8\u7cbe\u5ea6\u5236\u5bfc\u548c\u975e\u5236\u5bfc\u6b66\u5668\u7cfb\u7edf\u3002", "events": [], "arguments": {"time": [], "loc": [], "country": [], "weapon": [{"text": "\u76f4\u5347\u673a", "offset": 1, "length": 3}]}}]