[{"sentence": "\u82f1\u56fd\u8ba1\u5212\u524a\u51cf\u4e00\u534aF-35\u91c7\u8d2d\u91cf\u00a0\u7701\u4e0b\u8d44\u91d1\u7528\u4e8e\u7814\u53d1\u672a\u6765\u6218\u673a", "events": [], "arguments": {"time": [], "loc": [], "country": [{"text": "\u82f1\u56fd", "offset": 0, "length": 2}], "weapon": [{"text": "F-35", "offset": 8, "length": 4}]}}, {"sentence": "\u3010\u73af\u7403\u7f51\u62a5\u9053 \u8bb0\u8005 \u9a6c\u5ca9\u3011", "events": [], "arguments": {"time": [], "loc": [], "country": [], "weapon": []}}, {"sentence": "\u636e\u300a\u6bcf\u65e5\u90ae\u62a5\u300b\u7f51\u7ad98\u670826\u65e5\u62a5\u9053\uff0c\u82f1\u56fd\u539f\u6253\u7b97\u8d2d\u4e70138\u67b6F-35\u6218\u6597\u673a\uff0c\u4f46\u53ef\u80fd\u53ea\u4f1a\u8d2d\u4e70\u6b64\u6570\u91cf\u7684\u4e00\u534a\uff0c\u7701\u4e0b\u94b1\u7528\u4e8e\u672a\u6765\u7684\u6218\u673a\u3002", "events": [{"trigger": {"text": "\u8d2d\u4e70", "offset": 41, "length": 2}, "subject": {"text": "\u82f1\u56fd", "offset": 17, "length": 2}, "object": {"text": "138\u67b6F-35\u6218\u6597\u673a", "offset": 24, "length": 11}}], "arguments": {"time": [{"text": "8\u670826\u65e5", "offset": 9, "length": 5}], "loc": [], "country": [{"text": "\u82f1\u56fd", "offset": 17, "length": 2}], "weapon": [{"text": "F-35\u6218\u6597\u673a", "offset": 28, "length": 7}]}}, {"sentence": "\u62a5\u9053\u79f0\uff0c\u5c3d\u7ba1\u5982\u6b64\uff0c\u4f4648\u67b6\u5df2\u7b7e\u8ba2\u5408\u540c\u7684F-35\u8fd8\u662f\u4f1a\u5982\u671f\u8d2d\u4e70\uff0c\u5305\u62ec\u51c6\u5907\u5728\u201c\u4f0a\u4e3d\u838e\u767d\u5973\u738b\u201d\u7ea7\u822a\u6bcd\u4e0a\u4f7f\u7528\u7684F-35B\u77ed\u8ddd\u8d77\u98de/\u5782\u76f4\u964d\u843d\u6218\u6597\u673a\u3002", "events": [], "arguments": {"time": [], "loc": [], "country": [], "weapon": [{"text": "F-35B\u77ed\u8ddd\u8d77\u98de/\u5782\u76f4\u964d\u843d\u6218\u6597\u673a", "offset": 51, "length": 17}, {"text": "\u201c\u4f0a\u4e3d\u838e\u767d\u5973\u738b\u201d\u7ea7\u822a\u6bcd", "offset": 36, "length": 11}]}}, {"sentence": "\u82f1\u56fd\u8ba1\u5212\u5c06\u5269\u4e0b\u7684\u94b1\u7528\u4e8e\u7814\u53d1\u672a\u6765\u6218\u6597\u673a\uff0c\u8fd9\u79cd\u6218\u6597\u673a\u53ef\u4ee5\u65e0\u9700\u4eba\u5458\u64cd\u4f5c\uff0c\u5e76\u53ef\u4ee5\u6307\u6325\u4e00\u5927\u7fa4\u65e0\u4eba\u50da\u673a\u4f5c\u6218\u3002", "events": [], "arguments": {"time": [], "loc": [], "country": [{"text": "\u82f1\u56fd", "offset": 0, "length": 2}], "weapon": [{"text": "\u65e0\u4eba\u50da\u673a", "offset": 41, "length": 4}]}}, {"sentence": "2015\u5e74\uff0c\u82f1\u56fd\u519b\u65b9\u66fe\u79f0\u8ba1\u5212\u603b\u5171\u8d2d\u4e70138\u67b6F-35\u6218\u6597\u673a\uff0c\u4f46\u5982\u4eca\u8fd9\u4e00\u6570\u5b57\u53ef\u80fd\u4f1a\u964d\u523070\u67b6\u3002", "events": [], "arguments": {"time": [{"text": "2015\u5e74", "offset": 0, "length": 5}], "loc": [], "country": [{"text": "\u82f1\u56fd", "offset": 6, "length": 2}], "weapon": [{"text": "F-35\u6218\u6597\u673a", "offset": 22, "length": 7}]}}, {"sentence": "\u6709\u4e13\u5bb6\u8ba4\u4e3a\uff0c\u8fd9\u4e00\u6570\u91cf\u662f\u5408\u7406\u7684\uff0c60\u67b6\u7528\u4e8e\u65e5\u5e38\u884c\u52a8\uff0c10\u67b6\u4f5c\u4e3a\u5907\u7528\u3002", "events": [], "arguments": {"time": [], "loc": [], "country": [], "weapon": []}}, {"sentence": "\u62a5\u9053\u79f0\uff0c\u4e5f\u6709\u519b\u4e8b\u4e13\u5bb6\u8d28\u7591\uff0c\u82f1\u56fd\u8bbe\u60f3\u7684\u672a\u6765\u6218\u6597\u673a\u53ef\u80fd\u4e0d\u4f1a\u50cfF-35\u4e00\u6837\u6210\u529f\uff0c\u56e0\u800c\u8fd9\u4e00\u9009\u62e9\u5177\u6709\u5192\u9669\u6027\u3002", "events": [], "arguments": {"time": [], "loc": [], "country": [{"text": "\u82f1\u56fd", "offset": 13, "length": 2}], "weapon": [{"text": "F-35", "offset": 28, "length": 4}]}}]