[{"sentence": "\u4fc4\u519b\u65b9\u900f\u9732\u201c\u9506\u77f3\u201d\u9ad8\u8d85\u97f3\u901f\u5bfc\u5f39\u5c06\u4e8e2022\u5e74\u5f00\u59cb\u6279\u91cf\u4ea4\u4ed8", "events": [{"trigger": {"text": "\u4ea4\u4ed8", "offset": 26, "length": 2}, "subject": {"text": "\u4fc4\u519b\u65b9", "offset": 0, "length": 3}, "object": {"text": "\u201c\u9506\u77f3\u201d\u9ad8\u8d85\u97f3\u901f\u5bfc\u5f39", "offset": 5, "length": 10}}], "arguments": {"time": [{"text": "2022\u5e74", "offset": 17, "length": 5}], "loc": [], "country": [{"text": "\u4fc4", "offset": 0, "length": 1}], "weapon": [{"text": "\u201c\u9506\u77f3\u201d\u9ad8\u8d85\u97f3\u901f\u5bfc\u5f39", "offset": 5, "length": 10}]}}, {"sentence": "\u3010\u73af\u7403\u7f51\u519b\u4e8b\u62a5\u9053\u3011", "events": [], "arguments": {"time": [], "loc": [], "country": [], "weapon": []}}, {"sentence": "\u514b\u91cc\u6c83\u9c81\u5947\u79d1\u5728\u63a5\u53d7\u4fc4\u300a\u7ea2\u661f\u62a5\u300b\u91c7\u8bbf\u65f6\u79f0\uff1a\u201c\u2018\u9506\u77f3\u2019\u9ad8\u8d85\u97f3\u901f\u5de1\u822a\u5bfc\u5f39\u7cfb\u7edf\u6d4b\u8bd5\u5de5\u4f5c\u8fdb\u5c55\u987a\u5229\u3002", "events": [], "arguments": {"time": [], "loc": [], "country": [{"text": "\u4fc4", "offset": 9, "length": 1}], "weapon": [{"text": "\u2018\u9506\u77f3\u2019\u9ad8\u8d85\u97f3\u901f\u5de1\u822a\u5bfc\u5f39\u7cfb\u7edf", "offset": 21, "length": 14}, {"text": "\u201c\u2018\u9506\u77f3\u2019\u9ad8\u8d85\u97f3\u901f\u5de1\u822a\u5bfc\u5f39\u7cfb\u7edf", "offset": 20, "length": 15}]}}, {"sentence": "2020\u5e74\u4ece\u2018\u6208\u5c14\u4ec0\u79d1\u592b\u6d77\u519b\u4e0a\u5c06\u2019\u53f7\u62a4\u536b\u8230\u4e0a\u8fdb\u884c\u4e86\u6570\u6b21\u6210\u529f\u8bd5\u5c04\uff0c2022\u5e74\u5373\u53ef\u5f00\u59cb\u6279\u91cf\u4ea4\u4ed8\u3002", "events": [{"trigger": {"text": "\u8bd5\u5c04", "offset": 29, "length": 2}, "subject": {"text": "", "offset": 0, "length": 0}, "object": {"text": "", "offset": 0, "length": 0}}], "arguments": {"time": [{"text": "2020\u5e74", "offset": 0, "length": 5}, {"text": "2022\u5e74", "offset": 32, "length": 5}], "loc": [], "country": [], "weapon": [{"text": "\u2018\u6208\u5c14\u4ec0\u79d1\u592b\u6d77\u519b\u4e0a\u5c06\u2019\u53f7\u62a4\u536b\u8230", "offset": 6, "length": 15}]}}, {"sentence": "\u201d", "events": [], "arguments": {"time": [], "loc": [], "country": [], "weapon": []}}, {"sentence": "\u6b64\u524d\u6709\u6d88\u606f\u663e\u793a\uff0c\u201c\u9506\u77f3\u201d\u7cfb\u7edf\u5728\u201c\u6208\u5c14\u4ec0\u79d1\u592b\u6d77\u519b\u4e0a\u5c06\u201d\u53f7\u62a4\u536b\u8230\u4e0a\u63a5\u53d7\u4e86\u4e09\u6b21\u6d4b\u8bd5\uff0c\u5176\u4e2d\u4e24\u6b21\u9488\u5bf9\u6d77\u4e0a\u76ee\u6807\u7684\u8bd5\u5c04\uff0c\u4e00\u6b21\u9488\u5bf9\u5cb8\u4e0a\u76ee\u6807\u3002", "events": [{"trigger": {"text": "\u8bd5\u5c04", "offset": 50, "length": 2}, "subject": {"text": "\u201c\u9506\u77f3\u201d\u7cfb\u7edf", "offset": 8, "length": 6}, "object": {"text": "\u6d77\u4e0a\u76ee\u6807", "offset": 45, "length": 4}}], "arguments": {"time": [], "loc": [{"text": "\u6d77\u4e0a", "offset": 45, "length": 2}], "country": [], "weapon": [{"text": "\u201c\u9506\u77f3\u201d\u7cfb\u7edf", "offset": 8, "length": 6}, {"text": "\u201c\u6208\u5c14\u4ec0\u79d1\u592b\u6d77\u519b\u4e0a\u5c06\u201d\u53f7\u62a4\u536b\u8230", "offset": 15, "length": 15}]}}, {"sentence": "\u5bfc\u5f39\u5728\u6d4b\u8bd5\u671f\u95f4\u8fbe\u5230\u4e868\u9a6c\u8d6b\u7684\u901f\u5ea6\u3002", "events": [], "arguments": {"time": [], "loc": [], "country": [], "weapon": [{"text": "\u5bfc\u5f39", "offset": 0, "length": 2}]}}, {"sentence": "\u6309\u7167\u8ba1\u5212\uff0c\u8fd9\u6b3e\u5bfc\u5f39\u7cfb\u7edf\u5c06\u4e8e2020-2021\u5e74\u671f\u95f4\u5217\u88c5\u90e8\u961f\u3002", "events": [{"trigger": {"text": "\u5217\u88c5", "offset": 25, "length": 2}, "subject": {"text": "\u8fd9\u6b3e\u5bfc\u5f39\u7cfb\u7edf", "offset": 5, "length": 6}, "object": {"text": "\u90e8\u961f", "offset": 27, "length": 2}}], "arguments": {"time": [{"text": "2020-2021\u5e74\u671f\u95f4", "offset": 13, "length": 12}, {"text": "2020-2021\u5e74", "offset": 13, "length": 10}], "loc": [], "country": [], "weapon": [{"text": "\u5bfc\u5f39\u7cfb\u7edf", "offset": 7, "length": 4}]}}, {"sentence": "\u9664\u4e86\u6d77\u57fa\u578b\u5916\uff0c\u4fc4\u7f57\u65af\u603b\u7edf\u666e\u4eac\u8fd8\u63d0\u5230\u4e86\u4fc4\u65b9\u6b63\u5728\u8fdb\u884c\u201c\u9506\u77f3\u201d\u9646\u57fa\u7cfb\u7edf\u7684\u7814\u53d1\u5de5\u4f5c\u3002", "events": [{"trigger": {"text": "\u7814\u53d1", "offset": 33, "length": 2}, "subject": {"text": "\u4fc4\u65b9", "offset": 18, "length": 2}, "object": {"text": "\u201c\u9506\u77f3\u201d\u9646\u57fa\u7cfb\u7edf", "offset": 24, "length": 8}}], "arguments": {"time": [], "loc": [], "country": [{"text": "\u4fc4\u7f57\u65af", "offset": 7, "length": 3}, {"text": "\u4fc4\u65b9", "offset": 18, "length": 2}], "weapon": [{"text": "\u201c\u9506\u77f3\u201d\u9646\u57fa\u7cfb\u7edf", "offset": 24, "length": 8}]}}]