[{"sentence": "\u4fc4\u7f57\u65af\u7248\u201c\u5fe0\u8bda\u50da\u673a\u201d\u65e0\u4eba\u673a\u66dd\u5149\u00a0\u88ab\u6307\u5c71\u5be8\u7f8e\u56fd\u4ea7\u54c1", "events": [], "arguments": {"time": [], "loc": [], "country": [{"text": "\u4fc4\u7f57\u65af", "offset": 0, "length": 3}, {"text": "\u7f8e\u56fd", "offset": 20, "length": 2}], "weapon": [{"text": "\u201c\u5fe0\u8bda\u50da\u673a\u201d\u65e0\u4eba\u673a", "offset": 4, "length": 9}]}}, {"sentence": "\u3010\u73af\u7403\u7f51\u62a5\u9053 \u8bb0\u8005 \u5f90\u7490\u660e\u3011", "events": [], "arguments": {"time": [], "loc": [], "country": [], "weapon": []}}, {"sentence": "\u636e\u201c\u9632\u52a1\u535a\u5ba2\u201d\u7f51\u7ad98\u670825\u65e5\u62a5\u9053\uff0c\u5728\u83ab\u65af\u79d1\u9644\u8fd1\u7684\u7231\u56fd\u8005\u516c\u56ed\u4e3e\u884c\u7684\u201c\u519b\u961f-2020\u201d\u56fd\u9645\u519b\u4e8b\u6280\u672f\u8bba\u575b\u4e0a\uff0c\u4fc4\u7f57\u65af\u6b66\u5668\u5236\u9020\u5546\u5c55\u793a\u4e86\u6700\u65b0\u578b\u7684\u9690\u8eab\u65e0\u4eba\u673a\u6982\u5ff5\u6a21\u578b\u3002", "events": [], "arguments": {"time": [{"text": "8\u670825\u65e5", "offset": 9, "length": 5}], "loc": [{"text": "\u83ab\u65af\u79d1", "offset": 18, "length": 3}], "country": [{"text": "\u4fc4\u7f57\u65af", "offset": 51, "length": 3}], "weapon": [{"text": "\u9690\u8eab\u65e0\u4eba\u673a", "offset": 66, "length": 5}]}}, {"sentence": "\u62a5\u9053\u79f0\uff0c\u8fd9\u6b3e\u65b0\u578b\u65e0\u4eba\u673a\u88ab\u547d\u540d\u4e3a\u201c\u96f7\u9e23\u201d\uff0c\u662f\u4e00\u79cd\u80fd\u591f\u6267\u884c\u5e7f\u6cdb\u4efb\u52a1\u9700\u6c42\u7684\u3001\u53ef\u91cd\u590d\u4f7f\u7528\u7684\u65e0\u4eba\u673a\u3002", "events": [], "arguments": {"time": [], "loc": [], "country": [], "weapon": [{"text": "\u201c\u96f7\u9e23\u201d", "offset": 15, "length": 4}, {"text": "\u65e0\u4eba\u673a", "offset": 41, "length": 3}]}}, {"sentence": "\u8be5\u673a\u5177\u5907\u5bdf\u6253\u4e00\u4f53\u80fd\u529b\uff0c\u80fd\u591f\u6267\u884c\u60c5\u62a5\u3001\u76d1\u89c6\u3001\u4fa6\u5bdf\u3001\u6253\u51fb\u548c\u7535\u5b50\u6218\u7b49\u4efb\u52a1\uff0c\u6216\u4f5c\u4e3a\u201c\u5fe0\u8bda\u50da\u673a\u201d\u4e0e\u6709\u4eba\u9a7e\u9a76\u6218\u673a\u4e00\u8d77\u4f5c\u6218\uff0c\u540c\u65f6\u8fd8\u62e5\u6709\u81ea\u4e3b\u4f5c\u6218\u7684\u201c\u8702\u7fa4\u201d\u6a21\u5f0f\u3002", "events": [], "arguments": {"time": [], "loc": [], "country": [], "weapon": [{"text": "\u6218\u673a", "offset": 48, "length": 2}]}}, {"sentence": "\u7814\u5236\u8fd9\u6b3e\u65e0\u4eba\u673a\u7684Kronstadt\u516c\u53f8\u603b\u8bbe\u8ba1\u5e08\u5c3c\u53e4\u62c9\u00b7\u591a\u5c14\u4ec1\u79d1\u592b\u8bf4\uff1a\u201c\u8fd9\u6b3e\u65e0\u4eba\u673a\u7684\u91cd\u91cf\u4e3a7\u5428\uff0c\u6709\u6548\u8f7d\u8377\u7ea6\u4e3a500\u516c\u65a4\u3002", "events": [], "arguments": {"time": [], "loc": [], "country": [], "weapon": [{"text": "\u65e0\u4eba\u673a", "offset": 37, "length": 3}]}}, {"sentence": "\u201d\u201c\u8fd9\u6b3e\u65b0\u578b\u65e0\u4eba\u673a\u5c06\u80fd\u591f\u4e0e\u82cf-35\u8fd8\u6709\u82cf-57\u5e76\u80a9\u6218\u6597\u673a\u3002", "events": [], "arguments": {"time": [], "loc": [], "country": [], "weapon": [{"text": "\u82cf-35", "offset": 13, "length": 4}, {"text": "\u82cf-57", "offset": 19, "length": 4}, {"text": "\u65e0\u4eba\u673a", "offset": 6, "length": 3}]}}, {"sentence": "\u201d", "events": [], "arguments": {"time": [], "loc": [], "country": [], "weapon": []}}, {"sentence": "\u4f46\u62a5\u9053\u79f0\uff0c\u6709\u5206\u6790\u4eba\u58eb\u8868\u793a\uff0c\u8fd9\u6b3e\u4fc4\u7f57\u65af\u7814\u5236\u7684\u9690\u8eab\u65e0\u4eba\u673a\u662f\u7f8e\u56fdXQ-58A\u201c\u5973\u6b66\u795e\u201d\u65e0\u4eba\u673a\u7684\u5c71\u5be8\u54c1\uff0c\u53ea\u662f\u505a\u4e86\u4e00\u4e9b\u6539\u8fdb\u3002", "events": [], "arguments": {"time": [], "loc": [], "country": [{"text": "\u4fc4\u7f57\u65af", "offset": 15, "length": 3}, {"text": "\u7f8e\u56fd", "offset": 27, "length": 2}], "weapon": [{"text": "XQ-58A\u201c\u5973\u6b66\u795e\u201d\u65e0\u4eba\u673a", "offset": 29, "length": 14}]}}, {"sentence": "\u4ece\u5916\u5f62\u3001\u6c14\u52a8\u5e03\u5c40\u7b49\u65b9\u9762\u770b\uff0c\u4fc4\u7f57\u65af\u8fd9\u6b3e\u201c\u96f7\u9e23\u201d\u65e0\u4eba\u673a\u7684\u786e\u4e0e\u7f8e\u56fdXQ-58A\u201c\u5973\u6b66\u795e\u201d\u65e0\u4eba\u673a\u6781\u4e3a\u76f8\u4f3c\u3002", "events": [], "arguments": {"time": [], "loc": [], "country": [{"text": "\u7f8e\u56fd", "offset": 28, "length": 2}, {"text": "\u4fc4\u7f57\u65af", "offset": 13, "length": 3}], "weapon": [{"text": "\u201c\u96f7\u9e23\u201d\u65e0\u4eba\u673a", "offset": 18, "length": 7}, {"text": "XQ-58A\u201c\u5973\u6b66\u795e\u201d\u65e0\u4eba\u673a", "offset": 30, "length": 14}]}}, {"sentence": "\u4f46\u4fc4\u65b9\u6ca1\u6709\u516c\u5f00\u201c\u96f7\u9e23\u201d\u65e0\u4eba\u673a\u7684\u5177\u4f53\u4f5c\u6218\u6027\u80fd\uff0c\u65e0\u6cd5\u4e0eXQ-58A\u505a\u66f4\u4e3a\u8be6\u7ec6\u7684\u6bd4\u8f83\u3002", "events": [], "arguments": {"time": [], "loc": [], "country": [{"text": "\u4fc4\u65b9", "offset": 1, "length": 2}], "weapon": [{"text": "\u201c\u96f7\u9e23\u201d\u65e0\u4eba\u673a", "offset": 7, "length": 7}, {"text": "XQ-58A", "offset": 25, "length": 6}]}}, {"sentence": "XQ-58A\u662f\u7531\u7f8e\u56fdKratos\u65e0\u4eba\u673a\u516c\u53f8\u4e0e\u7f8e\u56fd\u7a7a\u519b\u7814\u7a76\u5b9e\u9a8c\u5ba4\u5171\u540c\u5f00\u53d1\u7684\u4e00\u79cd\u4f4e\u6210\u672c\u3001\u591a\u529f\u80fd\u7684\u8fdc\u7a0b\u3001\u9ad8\u4e9a\u97f3\u901f\u65e0\u4eba\u673a\uff0c\u662f\u7f8e\u56fd\u7a7a\u519b\u201c\u5fe0\u8bda\u50da\u673a\u201d\u8ba1\u5212\u7684\u4e00\u90e8\u5206\u3002", "events": [{"trigger": {"text": "\u5f00\u53d1", "offset": 33, "length": 2}, "subject": {"text": "\u7f8e\u56fdKratos\u65e0\u4eba\u673a\u516c\u53f8\u4e0e\u7f8e\u56fd\u7a7a\u519b\u7814\u7a76\u5b9e\u9a8c\u5ba4", "offset": 8, "length": 23}, "object": {"text": "XQ-58A", "offset": 0, "length": 6}}], "arguments": {"time": [], "loc": [], "country": [{"text": "\u7f8e\u56fd", "offset": 8, "length": 2}, {"text": "\u7f8e\u56fd", "offset": 22, "length": 2}, {"text": "\u7f8e\u56fd", "offset": 58, "length": 2}], "weapon": [{"text": "XQ-58A", "offset": 0, "length": 6}, {"text": "\u8fdc\u7a0b\u3001\u9ad8\u4e9a\u97f3\u901f\u65e0\u4eba\u673a", "offset": 46, "length": 10}]}}, {"sentence": "XQ-58A\u7684\u4e3b\u8981\u7528\u9014\u662f\u5728\u672a\u6765\u7a7a\u6218\u4e2d\u62c5\u4efb\u6709\u4eba\u6218\u673a\u7684\u5148\u950b\u4e0e\u4fdd\u62a4\u8005\u7684\u89d2\u8272\u3002", "events": [], "arguments": {"time": [], "loc": [], "country": [], "weapon": [{"text": "XQ-58A", "offset": 0, "length": 6}, {"text": "\u6709\u4eba\u6218\u673a", "offset": 20, "length": 4}]}}]