[{"sentence": "\u7565\u611f\u5931\u671b\uff1f", "events": [], "arguments": {"time": [], "loc": [], "country": [], "weapon": []}}, {"sentence": "\u7f8e\u519b\u5b98\u5458\u79f0\u73af\u592a\u519b\u6f14\u5c1a\u672a\u53d1\u73b0\u4e2d\u4fc4\u519b\u8230\u76d1\u89c6", "events": [], "arguments": {"time": [], "loc": [], "country": [{"text": "\u7f8e", "offset": 0, "length": 1}, {"text": "\u4e2d", "offset": 13, "length": 1}, {"text": "\u4fc4", "offset": 14, "length": 1}], "weapon": [{"text": "\u519b\u8230", "offset": 15, "length": 2}]}}, {"sentence": "\u7531\u7f8e\u56fd\u4e3b\u5bfc\u7684\u4e24\u5e74\u4e00\u5ea6\u7684\u201c\u73af\u592a\u5e73\u6d0b\u201d\u519b\u4e8b\u6f14\u4e60\u4e8e8\u670817\u65e5\u5728\u7f8e\u56fd\u590f\u5a01\u5937\u62c9\u5f00\u5e37\u5e55\u3002", "events": [{"trigger": {"text": "\u6f14\u4e60", "offset": 19, "length": 2}, "subject": {"text": "\u7531\u7f8e\u56fd\u4e3b\u5bfc\u7684\u4e24\u5e74\u4e00\u5ea6\u7684\u201c\u73af\u592a\u5e73\u6d0b\u201d\u519b\u4e8b", "offset": 0, "length": 19}, "object": {"text": "", "offset": 0, "length": 0}}], "arguments": {"time": [{"text": "8\u670817\u65e5", "offset": 22, "length": 5}], "loc": [{"text": "\u592a\u5e73\u6d0b", "offset": 13, "length": 3}, {"text": "\u590f\u5a01\u5937", "offset": 30, "length": 3}], "country": [{"text": "\u7f8e\u56fd", "offset": 28, "length": 2}, {"text": "\u7f8e\u56fd", "offset": 1, "length": 2}], "weapon": []}}, {"sentence": "\u636e\u7f8e\u56fd\u6d77\u519b\u7814\u7a76\u534f\u4f1a\u65b0\u95fb\u7f51\uff08USNI\uff09\u62a5\u9053\uff0c\u7f8e\u56fd\u6d77\u519b\u5b98\u5458\u79f0\uff0c\u5230\u76ee\u524d\u4e3a\u6b62\uff0c\u7f8e\u56fd\u6d77\u519b\u548c\u4f19\u4f34\u56fd\u5c1a\u672a\u5728\u6f14\u4e60\u6c34\u57df\u53d1\u73b0\u4fc4\u7f57\u65af\u6216\u4e2d\u56fd\u519b\u8230\u7684\u5b58\u5728\u3002", "events": [], "arguments": {"time": [], "loc": [], "country": [{"text": "\u7f8e\u56fd", "offset": 1, "length": 2}, {"text": "\u7f8e\u56fd", "offset": 21, "length": 2}, {"text": "\u7f8e\u56fd", "offset": 35, "length": 2}, {"text": "\u4fc4\u7f57\u65af", "offset": 52, "length": 3}, {"text": "\u4e2d\u56fd", "offset": 56, "length": 2}], "weapon": [{"text": "\u519b\u8230", "offset": 58, "length": 2}]}}, {"sentence": "2020\u5e74\u73af\u592a\u519b\u6f14\u8d1f\u8d23\u4eba\u6770\u4f0a\u00b7\u65af\u6c40\u6208\u5fb7\u4e0a\u682124\u65e5\u544a\u8bc9\u8bb0\u8005\uff0c\u201c\u6211\u4eec\u77e5\u9053\uff0c\u6211\u4eec\u7684\u6f14\u4e60\u6c34\u57df\u5185\u6ca1\u6709\u4e2d\u534e\u4eba\u6c11\u5171\u548c\u56fd\u6216\u4fc4\u7f57\u65af\u8054\u90a6\u7684\u8239\u53ea\u3002", "events": [], "arguments": {"time": [{"text": "2020\u5e74", "offset": 0, "length": 5}, {"text": "24\u65e5", "offset": 21, "length": 3}], "loc": [], "country": [{"text": "\u4fc4\u7f57\u65af", "offset": 53, "length": 3}], "weapon": []}}, {"sentence": "\u201d", "events": [], "arguments": {"time": [], "loc": [], "country": [], "weapon": []}}, {"sentence": "USNI\u58f0\u79f0\uff0c\u4fc4\u7f57\u65af\u548c\u4e2d\u56fd\u6709\u5728\u7f8e\u519b\u53ca\u5176\u76f8\u5173\u6d77\u4e0a\u6f14\u4e60\u671f\u95f4\u8ddf\u8e2a\u7f8e\u56fd\u519b\u8230\u7684\u5386\u53f2\uff0c\u5305\u62ec\u5728\u4ee5\u524d\u7684\u73af\u592a\u519b\u6f14\u4e2d\u3002", "events": [], "arguments": {"time": [], "loc": [{"text": "\u6d77\u4e0a", "offset": 21, "length": 2}], "country": [{"text": "\u4fc4\u7f57\u65af", "offset": 7, "length": 3}, {"text": "\u4e2d\u56fd", "offset": 11, "length": 2}, {"text": "\u7f8e\u56fd", "offset": 29, "length": 2}], "weapon": []}}, {"sentence": "\u57282016\u5e74\u73af\u592a\u519b\u6f14\u671f\u95f4\uff0c\u4fc4\u7f57\u65af\u65e0\u754f\u7ea7\u9a71\u9010\u8230\u201c\u7ef4\u8bfa\u683c\u62c9\u591a\u592b\u6d77\u519b\u4e0a\u5c06\u201d\u53f7\uff08DD-572\uff09\u8ddf\u8e2a\u4e86\u7f8e\u519b\u4e24\u6816\u653b\u51fb\u8230\u201c\u7f8e\u56fd\u201d\u53f7\uff08LHA-6\uff09\u3002", "events": [], "arguments": {"time": [{"text": "2016\u5e74", "offset": 1, "length": 5}], "loc": [], "country": [{"text": "\u4fc4\u7f57\u65af", "offset": 13, "length": 3}, {"text": "\u7f8e\u56fd", "offset": 54, "length": 2}], "weapon": [{"text": "\u201c\u7ef4\u8bfa\u683c\u62c9\u591a\u592b\u6d77\u519b\u4e0a\u5c06\u201d\u53f7\uff08DD-572\uff09", "offset": 22, "length": 21}, {"text": "\u7f8e\u519b\u4e24\u6816\u653b\u51fb\u8230\u201c\u7f8e\u56fd\u201d\u53f7\uff08LHA-6\uff09", "offset": 46, "length": 19}, {"text": "\u4e24\u6816\u653b\u51fb\u8230\u201c\u7f8e\u56fd\u201d\u53f7\uff08LHA-6\uff09", "offset": 48, "length": 17}]}}, {"sentence": "\u800c\u57282014\u5e74\u73af\u592a\u519b\u6f14\u671f\u95f4\uff0c\u4e2d\u56fd\u6d77\u519b\u4e5f\u53c2\u52a0\u6f14\u4e60\uff0c\u4ecd\u9488\u5bf9\u6f14\u4e60\u6d3e\u51fa\u4e86\u7535\u5b50\u4fa6\u5bdf\u8239\u3002", "events": [], "arguments": {"time": [{"text": "2014\u5e74", "offset": 2, "length": 5}], "loc": [], "country": [{"text": "\u4e2d\u56fd", "offset": 14, "length": 2}], "weapon": [{"text": "\u7535\u5b50\u4fa6\u5bdf\u8239", "offset": 32, "length": 5}]}}, {"sentence": "\u636e\u6089\uff0c2020\u5e74\u73af\u592a\u519b\u6f14\u4e3a\u671f\u4e24\u5468\uff0c\u4e8e8\u670817\u65e5\u5f00\u59cb\uff0c\u81f331\u65e5\u7ed3\u675f\u3002", "events": [], "arguments": {"time": [{"text": "2020\u5e74", "offset": 3, "length": 5}, {"text": "8\u670817\u65e5", "offset": 18, "length": 5}, {"text": "31\u65e5", "offset": 27, "length": 3}], "loc": [], "country": [], "weapon": []}}, {"sentence": "\u53c2\u52a0\u6b64\u6b21\u6f14\u4e60\u7684\u5171\u6709\u5341\u4e2a\u56fd\u5bb6\uff0c\u5206\u522b\u4e3a\u7f8e\u56fd\u3001\u52a0\u62ff\u5927\u3001\u6cd5\u56fd\u3001\u6fb3\u5927\u5229\u4e9a\u3001\u65e5\u672c\u3001\u6587\u83b1\u3001\u65b0\u897f\u5170\u3001\u83f2\u5f8b\u5bbe\u3001\u97e9\u56fd\u548c\u65b0\u52a0\u5761\u3002", "events": [], "arguments": {"time": [], "loc": [], "country": [{"text": "\u52a0\u62ff\u5927", "offset": 20, "length": 3}, {"text": "\u6cd5\u56fd", "offset": 24, "length": 2}, {"text": "\u6fb3\u5927\u5229\u4e9a", "offset": 27, "length": 4}, {"text": "\u65e5\u672c", "offset": 32, "length": 2}, {"text": "\u6587\u83b1", "offset": 35, "length": 2}, {"text": "\u65b0\u897f\u5170", "offset": 38, "length": 3}, {"text": "\u83f2\u5f8b\u5bbe", "offset": 42, "length": 3}, {"text": "\u97e9\u56fd", "offset": 46, "length": 2}, {"text": "\u65b0\u52a0\u5761", "offset": 49, "length": 3}, {"text": "\u7f8e\u56fd", "offset": 17, "length": 2}], "weapon": []}}, {"sentence": "\u53c2\u6f14\u519b\u823022\u8258\uff0c\u6f5c\u82471\u8258\uff0c\u53c2\u6f14\u4eba\u6570\u4e3a5300\u4eba\u3002", "events": [], "arguments": {"time": [], "loc": [], "country": [], "weapon": [{"text": "\u519b\u8230", "offset": 2, "length": 2}, {"text": "\u6f5c\u8247", "offset": 8, "length": 2}]}}, {"sentence": "\u4e0e2018\u5e74\u73af\u592a\u519b\u6f14\u76f8\u6bd4\uff0c2020\u5e74\u73af\u592a\u519b\u6f14\u5728\u8303\u56f4\u3001\u89c4\u6a21\u3001\u53c2\u6f14\u56fd\u548c\u65f6\u957f\u90fd\u6709\u660e\u663e\u201c\u7f29\u6c34\u201d\u3002", "events": [], "arguments": {"time": [{"text": "2018\u5e74", "offset": 1, "length": 5}], "loc": [], "country": [], "weapon": []}}, {"sentence": "\u53d7\u65b0\u51a0\u75ab\u60c5\u5f71\u54cd\uff0c\u6b64\u6b21\u6f14\u4e60\u4ec5\u5728\u6d77\u4e0a\u8fdb\u884c\uff0c\u6f14\u4e60\u5185\u5bb9\u5305\u62ec\u6d77\u4e0a\u62e6\u622a\u3001\u5bfc\u5f39\u548c\u70ae\u5f39\u5c04\u51fb\u3001\u53cd\u6f5c\u6218\u548c\u53cd\u6c34\u9762\u6218\u3002", "events": [], "arguments": {"time": [], "loc": [{"text": "\u6d77\u4e0a", "offset": 14, "length": 2}, {"text": "\u6d77\u4e0a", "offset": 25, "length": 2}], "country": [], "weapon": [{"text": "\u5bfc\u5f39", "offset": 30, "length": 2}, {"text": "\u70ae\u5f39", "offset": 33, "length": 2}]}}, {"sentence": "\u4e0e\u4ee5\u5f80\u4f20\u7edf\u4e00\u6837\uff0c\u5728\u6b64\u6b21\u6f14\u4e60\u671f\u95f4\uff0c\u8fd8\u5305\u62ec\u4e00\u9879\u201c\u51fb\u6c89\u6f14\u4e60\u201d\uff08SINKEX\uff09\uff0c\u9776\u8230\u4e3a\u7f8e\u56fd\u6d77\u519b1994\u5e74\u9000\u5f79\u7684\u67e5\u5c14\u65af\u987f\u7ea7\u4e24\u6816\u8d27\u8239\u201c\u8fbe\u52d2\u59c6\u201d\u53f7\u3002", "events": [], "arguments": {"time": [{"text": "1994\u5e74", "offset": 43, "length": 5}], "loc": [], "country": [{"text": "\u7f8e\u56fd", "offset": 39, "length": 2}], "weapon": [{"text": "\u67e5\u5c14\u65af\u987f\u7ea7\u4e24\u6816\u8d27\u8239\u201c\u8fbe\u52d2\u59c6\u201d\u53f7", "offset": 51, "length": 15}]}}]