[{"sentence": "\u5916\u519b\u4fa6\u5bdf\u673a\u4f4e\u7a7a\u4f4e\u901f\u9690\u853d\u62b5\u8fd1\u4fc4\u8fb9\u754c\u00a0\u88ab\u4fc4\u519b\u82cf27\u902e\u4e2a\u6b63\u7740", "events": [], "arguments": {"time": [], "loc": [{"text": "\u4fc4\u8fb9\u754c", "offset": 13, "length": 3}], "country": [{"text": "\u4fc4", "offset": 18, "length": 1}], "weapon": [{"text": "\u4fa6\u5bdf\u673a", "offset": 2, "length": 3}, {"text": "\u82cf27", "offset": 20, "length": 3}]}}, {"sentence": "\u3010\u73af\u7403\u7f51\u519b\u4e8b\u62a5\u9053\u3011", "events": [], "arguments": {"time": [], "loc": [], "country": [], "weapon": []}}, {"sentence": "\u4fc4\u7f57\u65af\u536b\u661f\u901a\u8baf\u793e8\u670824\u65e5\u62a5\u9053\uff0c\u4fc4\u7f57\u65af\u56fd\u9632\u90e8\u56fd\u5bb6\u56fd\u9632\u7ba1\u7406\u4e2d\u5fc3\u5f53\u5929\u53d1\u5e03\u6d88\u606f\u79f0\uff0c\u4fc4\u519b\u82cf-27\u6218\u673a\u5728\u6ce2\u7f57\u7684\u6d77\u62e6\u622a\u4e86\u7f8e\u56fd\u3001\u745e\u5178\u7a7a\u519b\u4fa6\u5bdf\u673a\u4ee5\u53ca\u5fb7\u56fd\u6d77\u519b\u5de1\u903b\u673a\u3002", "events": [{"trigger": {"text": "\u62e6\u622a", "offset": 51, "length": 2}, "subject": {"text": "\u4fc4\u519b\u82cf-27\u6218\u673a", "offset": 38, "length": 8}, "object": {"text": "\u7f8e\u56fd\u3001\u745e\u5178\u7a7a\u519b\u4fa6\u5bdf\u673a\u4ee5\u53ca\u5fb7\u56fd\u6d77\u519b\u5de1\u903b", "offset": 54, "length": 18}}], "arguments": {"time": [{"text": "8\u670824\u65e5", "offset": 8, "length": 5}], "loc": [{"text": "\u6ce2\u7f57\u7684\u6d77", "offset": 47, "length": 4}, {"text": "\u4fc4\u7f57\u65af\u56fd\u9632\u90e8", "offset": 16, "length": 6}], "country": [{"text": "\u4fc4\u7f57\u65af", "offset": 16, "length": 3}, {"text": "\u4fc4\u7f57\u65af", "offset": 0, "length": 3}, {"text": "\u7f8e\u56fd", "offset": 54, "length": 2}, {"text": "\u745e\u5178", "offset": 57, "length": 2}, {"text": "\u5fb7\u56fd", "offset": 66, "length": 2}], "weapon": [{"text": "\u82cf-27\u6218\u673a", "offset": 40, "length": 6}, {"text": "\u7a7a\u519b\u4fa6\u5bdf\u673a", "offset": 59, "length": 5}, {"text": "\u5de1\u903b\u673a", "offset": 70, "length": 3}]}}, {"sentence": "\u4fc4\u56fd\u9632\u90e8\u5728\u6d88\u606f\u4e2d\u8bf4\uff1a\u201c8\u670824\u65e5\uff0c\u4fc4\u7f57\u65af\u7a7a\u57df\u76d1\u63a7\u8bbe\u5907\u5728\u6ce2\u7f57\u7684\u6d77\u4e2d\u7acb\u6c34\u57df\u4e0a\u7a7a\u53d1\u73b0\u4e09\u4e2a\u7a7a\u4e2d\u76ee\u6807\u6b63\u5728\u5411\u4fc4\u7f57\u65af\u8fb9\u5883\u9760\u8fd1\u201d\u3002", "events": [], "arguments": {"time": [{"text": "8\u670824\u65e5", "offset": 11, "length": 5}], "loc": [{"text": "\u6ce2\u7f57\u7684\u6d77\u4e2d\u7acb\u6c34\u57df\u4e0a\u7a7a", "offset": 27, "length": 10}, {"text": "\u4fc4\u7f57\u65af\u8fb9\u5883", "offset": 48, "length": 5}], "country": [{"text": "\u4fc4\u7f57\u65af", "offset": 17, "length": 3}], "weapon": []}}, {"sentence": "\u4fc4\u7f57\u65af\u6ce2\u7f57\u7684\u6d77\u8230\u961f\u9632\u7a7a\u90e8\u961f\u62c5\u4efb\u6218\u5907\u6267\u52e4\u4efb\u52a1\u7684\u82cf-27\u6218\u673a\u5347\u7a7a\uff0c\u524d\u5f80\u67e5\u8bc1\u3001\u62e6\u622a\u3002", "events": [], "arguments": {"time": [], "loc": [{"text": "\u6ce2\u7f57\u7684\u6d77", "offset": 3, "length": 4}], "country": [{"text": "\u4fc4\u7f57\u65af", "offset": 0, "length": 3}], "weapon": [{"text": "\u82cf-27\u6218\u673a", "offset": 22, "length": 6}]}}, {"sentence": "\u6d88\u606f\u4e2d\u8bf4\uff1a\u201c\u4f9d\u6b21\u8bc6\u522b\u51fa\u76ee\u6807\u4e3a\u7f8e\u56fd\u7a7a\u519b\u7684RC-135\u6218\u7565\u4fa6\u5bdf\u673a\u3001\u745e\u5178\u7a7a\u519b\u7684\u2018\u6e7e\u6d41\u2019\u4fa6\u5bdf\u673a\u4ee5\u53ca\u5fb7\u56fd\u6d77\u519b\u7684\u2018\u730e\u6237\u5ea7\u2019\u5de1\u903b\u673a\u3002", "events": [], "arguments": {"time": [], "loc": [], "country": [{"text": "\u7f8e\u56fd", "offset": 14, "length": 2}, {"text": "\u745e\u5178", "offset": 31, "length": 2}, {"text": "\u5fb7\u56fd", "offset": 45, "length": 2}], "weapon": [{"text": "RC-135\u6218\u7565\u4fa6\u5bdf\u673a", "offset": 19, "length": 11}, {"text": "\u2018\u6e7e\u6d41\u2019\u4fa6\u5bdf\u673a", "offset": 36, "length": 7}, {"text": "\u2018\u730e\u6237\u5ea7\u2019\u5de1\u903b\u673a", "offset": 50, "length": 8}]}}, {"sentence": "\u5176\u4e2d\uff0c\u4e3a\u4e86\u9690\u853d\u9760\u8fd1\u4fc4\u7f57\u65af\u8fb9\u754c\uff0c\u5fb7\u56fd\u6d77\u519b\u2018\u730e\u6237\u5ea7\u2019\u5de1\u903b\u673a\u662f\u4f4e\u7a7a\uff08\u9ad8\u5ea6500\u7c73\uff09\u4f4e\u901f\uff08250\u516c\u91cc/\u5c0f\u65f6\uff09\u8fdb\u5165\uff08\u4fc4\u9644\u8fd1\u7a7a\u57df\uff09\u201d\u3002", "events": [], "arguments": {"time": [], "loc": [{"text": "\u4fc4\u7f57\u65af\u8fb9\u754c", "offset": 9, "length": 5}], "country": [{"text": "\u5fb7\u56fd", "offset": 15, "length": 2}], "weapon": [{"text": "\u2018\u730e\u6237\u5ea7\u2019\u5de1\u903b\u673a", "offset": 19, "length": 8}]}}, {"sentence": "\u4fc4\u56fd\u9632\u90e8\u8868\u793a\uff0c\u5728\u5916\u519b\u98de\u673a\u98de\u79bb\u4fc4\u7f57\u65af\u8fb9\u754c\u540e\uff0c\u4fc4\u519b\u6218\u673a\u8fd4\u56de\u9a7b\u5730\u673a\u573a\u3002", "events": [], "arguments": {"time": [], "loc": [{"text": "\u4fc4\u7f57\u65af\u8fb9\u754c", "offset": 14, "length": 5}, {"text": "\u9a7b\u5730\u673a\u573a", "offset": 27, "length": 4}], "country": [], "weapon": [{"text": "\u6218\u673a", "offset": 23, "length": 2}]}}, {"sentence": "\u4fc4\u56fd\u9632\u90e8\u5f3a\u8c03\u79f0\uff1a\u201c\u82cf-27\u6218\u673a\u5728\u6574\u4e2a\u98de\u884c\u671f\u95f4\u4e25\u683c\u9075\u5b88\u4e86\u56fd\u9645\u7a7a\u57df\u4f7f\u7528\u89c4\u5219\uff0c\u6ca1\u6709\u53d1\u751f\u5916\u56fd\u519b\u673a\u4fb5\u72af\u4fc4\u7f57\u65af\u9886\u7a7a\u7684\u60c5\u51b5\u201d\u3002", "events": [], "arguments": {"time": [], "loc": [], "country": [{"text": "\u4fc4\u7f57\u65af", "offset": 46, "length": 3}], "weapon": [{"text": "\u82cf-27\u6218\u673a", "offset": 9, "length": 6}]}}]