[{"sentence": "\u9690\u8eab\u795e\u8bdd\u7834\u706d\uff1f", "events": [], "arguments": {"time": [], "loc": [], "country": [], "weapon": []}}, {"sentence": "\u4f0a\u6717\u4f7f\u7528\u4fc4\u5236\u96f7\u8fbe\u6210\u529f\u53d1\u73b0\u5e76\u8ffd\u8e2aF-35", "events": [], "arguments": {"time": [], "loc": [], "country": [{"text": "\u4f0a\u6717", "offset": 0, "length": 2}], "weapon": [{"text": "F-35", "offset": 15, "length": 4}]}}, {"sentence": "\u3010\u73af\u7403\u7f51\u62a5\u9053\u00a0\u8bb0\u8005\u00a0\u9a6c\u5ca9\u3011", "events": [], "arguments": {"time": [], "loc": [], "country": [], "weapon": []}}, {"sentence": "\u636e\u4fc4\u7f57\u65af\u5854\u65af\u793e8\u670824\u65e5\u62a5\u9053\uff0c\u5728\u4eca\u5e74\u5e74\u521d\uff0c\u4f0a\u6717\u4f7f\u7528\u4ece\u4fc4\u7f57\u65af\u8d2d\u4e70\u7684Rezonans-NE\u96f7\u8fbe\u6210\u529f\u53d1\u73b0\u5e76\u8ffd\u8e2a\u4e86\u7f8e\u56fd\u7684F-35\u9690\u8eab\u6218\u6597\u673a\u3002", "events": [{"trigger": {"text": "\u53d1\u73b0\u5e76\u8ffd\u8e2a", "offset": 47, "length": 5}, "subject": {"text": "\u4f0a\u6717\u4f7f\u7528\u4ece\u4fc4\u7f57\u65af\u8d2d\u4e70\u7684Rezonans-NE\u96f7\u8fbe", "offset": 21, "length": 24}, "object": {"text": "F-35\u9690\u8eab\u6218\u6597\u673a", "offset": 56, "length": 9}}], "arguments": {"time": [{"text": "8\u670824\u65e5", "offset": 7, "length": 5}, {"text": "\u4eca\u5e74\u5e74\u521d", "offset": 16, "length": 4}], "loc": [], "country": [{"text": "\u4fc4\u7f57\u65af", "offset": 26, "length": 3}, {"text": "\u4fc4\u7f57\u65af", "offset": 1, "length": 3}, {"text": "\u4f0a\u6717", "offset": 21, "length": 2}, {"text": "\u7f8e\u56fd", "offset": 53, "length": 2}], "weapon": [{"text": "Rezonans-NE\u96f7\u8fbe", "offset": 32, "length": 13}, {"text": "F-35\u9690\u8eab\u6218\u6597\u673a", "offset": 56, "length": 9}]}}, {"sentence": "Rezonans\u7814\u7a76\u4e2d\u5fc3\u526f\u9996\u5e2d\u6267\u884c\u5b98\u4e9a\u5386\u5c71\u5927\u2022\u65af\u56fe\u5947\u6797\u5728\u201c\u519b\u961f-2020\u201d\u56fd\u9645\u519b\u4e8b\u6280\u672f\u8bba\u575b\u4e0a\u8868\u793a\uff0c\u96f7\u8fbe\u6210\u529f\u8bc6\u522b\u51faF-35\u6218\u6597\u673a\u5e76\u8ffd\u8e2a\u4e86\u5b83\u4eec\uff0c\u96f7\u8fbe\u64cd\u4f5c\u5458\u83b7\u5f97\u4e86\u5305\u62ecF-35\u98de\u884c\u8def\u7ebf\u5728\u5185\u7684\u6240\u6709\u4fe1\u606f\u3002", "events": [], "arguments": {"time": [], "loc": [], "country": [], "weapon": [{"text": "F-35\u6218\u6597\u673a", "offset": 56, "length": 7}]}}, {"sentence": "\u56e0\u6b64\uff0c\u7f8e\u56fd\u98de\u673a\u6ca1\u6562\u91c7\u53d6\u4efb\u4f55\u53ef\u80fd\u5f15\u53d1\u6218\u4e89\u7684\u884c\u52a8\u3002", "events": [], "arguments": {"time": [], "loc": [], "country": [{"text": "\u7f8e\u56fd", "offset": 3, "length": 2}], "weapon": []}}, {"sentence": "\u4ed6\u8bf4\uff0cRezonans-NE\u96f7\u8fbe\u5df2\u7ecf\u5728\u4f0a\u671724\u5c0f\u65f6\u6267\u52e4\u6570\u5e74\u65f6\u95f4\u3002", "events": [], "arguments": {"time": [], "loc": [], "country": [{"text": "\u4f0a\u6717", "offset": 19, "length": 2}], "weapon": [{"text": "Rezonans-NE\u96f7\u8fbe", "offset": 3, "length": 13}]}}, {"sentence": "\u4eca\u5e74\u5e74\u521d\uff0c\u7f8e\u56fd\u65e0\u4eba\u673a\u523a\u6740\u4e86\u4f0a\u6717\u4f0a\u65af\u5170\u9769\u547d\u536b\u961f\u201c\u5723\u57ce\u65c5\u201d\u6307\u6325\u5b98\u82cf\u83b1\u66fc\u5c3c\u540e\uff0c\u4e2d\u4e1c\u5c40\u52bf\u9661\u7136\u7d27\u5f20\uff0c\u51e0\u5929\u540e\uff0c\u4f0a\u6717\u7528\u5bfc\u5f39\u6253\u51fb\u4e86\u9a7b\u4f0a\u62c9\u514b\u7f8e\u519b\u57fa\u5730\u3002", "events": [], "arguments": {"time": [{"text": "\u4eca\u5e74\u5e74\u521d", "offset": 0, "length": 4}], "loc": [{"text": "\u4e2d\u4e1c", "offset": 36, "length": 2}, {"text": "\u9a7b\u4f0a\u62c9\u514b\u7f8e\u519b\u57fa\u5730", "offset": 57, "length": 8}], "country": [{"text": "\u7f8e\u56fd", "offset": 5, "length": 2}, {"text": "\u4f0a\u6717", "offset": 49, "length": 2}, {"text": "\u4f0a\u6717", "offset": 13, "length": 2}, {"text": "\u4f0a\u62c9\u514b", "offset": 58, "length": 3}], "weapon": [{"text": "\u65e0\u4eba\u673a", "offset": 7, "length": 3}, {"text": "\u5bfc\u5f39", "offset": 52, "length": 2}]}}, {"sentence": "\uff08\u5b8c\uff09", "events": [], "arguments": {"time": [], "loc": [], "country": [], "weapon": []}}, {"sentence": "\uff08\u5b8c\uff09", "events": [], "arguments": {"time": [], "loc": [], "country": [], "weapon": []}}]