[{"sentence": "\u4fc4\u4e13\u5bb6\u5217\u51fa\u4e2d\u56fd96B\u5766\u514b\u4e09\u5927\u5f3a\u9879\u00a0\u5728\u67d0\u4e9b\u65b9\u9762\u8d85\u8fc7\u4fc4\u5766\u514b", "events": [], "arguments": {"time": [], "loc": [], "country": [{"text": "\u4fc4", "offset": 0, "length": 1}, {"text": "\u4e2d\u56fd", "offset": 5, "length": 2}], "weapon": [{"text": "96B\u5766\u514b", "offset": 7, "length": 5}, {"text": "\u4fc4\u5766\u514b", "offset": 24, "length": 3}]}}, {"sentence": "\u3010\u73af\u7403\u7f51\u519b\u4e8b\u62a5\u9053\u3011", "events": [], "arguments": {"time": [], "loc": [], "country": [], "weapon": []}}, {"sentence": "\u4fc4\u7f57\u65af\u536b\u661f\u901a\u8baf\u793e8\u670823\u65e5\u62a5\u9053\uff0c\u4fc4\u7f57\u65af\u519b\u4e8b\u4e13\u5bb6\u8d39\u5965\u591a\u5c14\u00b7\u535a\u5c14\u5fb7\u5217\u592b\u8868\u793a\uff0c\u62b5\u8fbe\u4fc4\u7f57\u65af\u53c2\u52a0\u201c\u5766\u514b\u4e24\u9879\u201d\u6bd4\u8d5b\u7684\u4e2d\u56fd96B\u5766\u514b\u7684\u5f3a\u9879\u662f\u751f\u5b58\u529b\u3001\u9632\u62a4\u548c\u706b\u63a7\u7cfb\u7edf\u3002", "events": [], "arguments": {"time": [{"text": "8\u670823\u65e5", "offset": 8, "length": 5}], "loc": [], "country": [{"text": "\u4fc4\u7f57\u65af", "offset": 38, "length": 3}, {"text": "\u4fc4\u7f57\u65af", "offset": 0, "length": 3}, {"text": "\u4fc4\u7f57\u65af", "offset": 16, "length": 3}, {"text": "\u4e2d\u56fd", "offset": 52, "length": 2}], "weapon": [{"text": "96B\u5766\u514b", "offset": 54, "length": 5}]}}, {"sentence": "\u201c\u5766\u514b\u4e24\u9879\u201d\u6bd4\u8d5b\u5c06\u4e8e8\u670823\u65e5\u81f39\u67085\u65e5\u5728\u83ab\u65af\u79d1\u5dde\u7684\u963f\u62c9\u6bd4\u8bfa\u8bad\u7ec3\u573a\u5c55\u5f00\u3002", "events": [], "arguments": {"time": [{"text": "8\u670823\u65e5\u81f39\u67085\u65e5", "offset": 10, "length": 10}], "loc": [{"text": "\u83ab\u65af\u79d1\u5dde\u7684\u963f\u62c9\u6bd4\u8bfa\u8bad\u7ec3\u573a", "offset": 21, "length": 12}], "country": [], "weapon": []}}, {"sentence": "\u5766\u514b\u4e24\u9879\u5305\u62ec\u5355\u8f66\u8d5b\u3001\u56e2\u4f53\u8d5b\u3001\u63a5\u529b\u8d5b\u3002", "events": [], "arguments": {"time": [], "loc": [], "country": [], "weapon": [{"text": "\u5766\u514b", "offset": 0, "length": 2}]}}, {"sentence": "\u4e2d\u56fd\u519b\u961f\u6309\u4ee5\u5f80\u53c2\u8d5b\u60ef\u4f8b\uff0c\u643a96B\u5766\u514b\u53c2\u8d5b\uff0c\u5176\u4ed6\u9879\u76ee\u4e3b\u8981\u53c2\u8d5b\u88c5\u5907\u7531\u4fc4\u65b9\u63d0\u4f9b\u3002", "events": [], "arguments": {"time": [], "loc": [], "country": [{"text": "\u4e2d\u56fd", "offset": 0, "length": 2}, {"text": "\u4fc4\u65b9", "offset": 32, "length": 2}], "weapon": [{"text": "96B\u5766\u514b", "offset": 13, "length": 5}]}}, {"sentence": "\u535a\u5c14\u5fb7\u5217\u592b\u6307\u51fa\uff0c\u76f8\u6bd4\u6240\u6709\u5176\u4ed6\u53c2\u8d5b\u961f\u4f0d\u9a7e\u9a76\u7684\u4fc4\u5236T-72B3\u5766\u514b\uff0c96B\u5766\u514b\u662f\u503c\u5f97\u5c0a\u91cd\u7684\u7ade\u4e89\u5bf9\u624b\uff0c\u751a\u81f3\u5728\u67d0\u4e9b\u65b9\u9762\u8d85\u8fc7\u4fc4\u5766\u514b\u3002", "events": [], "arguments": {"time": [], "loc": [], "country": [], "weapon": [{"text": "T-72B3\u5766\u514b", "offset": 23, "length": 8}, {"text": "96B\u5766\u514b", "offset": 32, "length": 5}]}}, {"sentence": "\u4ed6\u8bf4\uff1a\u201c96B\u5766\u514b\u7531\u4e8e\u7279\u6b8a\u7684\u5f39\u836f\u67b6\u83b7\u5f97\u4e86\u66f4\u597d\u7684\u751f\u5b58\u529b\uff0c\u5373\u4f7f\u5f15\u7206\u5f39\u836f\u4e5f\u4e0d\u4f1a\u9020\u6210\u5766\u514b\u6bc1\u574f\u3002", "events": [], "arguments": {"time": [], "loc": [], "country": [], "weapon": [{"text": "\u201c96B\u5766\u514b", "offset": 3, "length": 6}, {"text": "\u5766\u514b", "offset": 38, "length": 2}]}}, {"sentence": "\u9664\u4e86\u5b8c\u5584\u7684\u57fa\u7840\u88c5\u7532\u4e4b\u5916\uff0c\u5766\u514b\u8fd8\u88c5\u5907\u4e86\u9676\u74f7\u53cd\u5e94\u88c5\u7532\uff0c\u800c\u4e14\u8fd9\u79cd\u88c5\u7532\u53ef\u4ee5\u968f\u65f6\u5378\u6389\u201d\u3002", "events": [], "arguments": {"time": [], "loc": [], "country": [], "weapon": [{"text": "\u5766\u514b", "offset": 12, "length": 2}]}}, {"sentence": "\u8fd9\u540d\u4e13\u5bb6\u8fd8\u8868\u793a\uff0c96B\u5766\u514b\u7684\u53e6\u4e00\u4e2a\u4f18\u70b9\u5305\u62ec\u5149\u7535\u9632\u62a4\u7cfb\u7edf\uff0c\u76ee\u524d\u9664\u4e2d\u56fd\u5916\u8fd8\u6ca1\u6709\u7c7b\u4f3c\u7cfb\u7edf\uff0c\u706b\u63a7\u548c\u591c\u89c6\u7cfb\u7edf\u4e5f\u662f96B\u5766\u514b\u7684\u4eae\u70b9\u3002", "events": [], "arguments": {"time": [], "loc": [], "country": [{"text": "\u4e2d\u56fd", "offset": 31, "length": 2}], "weapon": [{"text": "96B\u5766\u514b", "offset": 51, "length": 5}]}}, {"sentence": "\u535a\u5c14\u5fb7\u5217\u592b\u8fd8\u8bf4\uff0c96B\u5766\u514b\u7684\u53d1\u52a8\u673a\u529f\u7387\u5c0f\u4e8e\u6700\u65b0\u7248T-72B3\u5766\u514b\uff0c\u4f4696B\u5766\u514b\u91cd\u91cf\u66f4\u8f7b\uff0c\u4f7f\u5176\u529f\u7387\u91cd\u91cf\u6bd4\u4e0eT-72B3\u65d7\u9f13\u76f8\u5f53\u3002", "events": [], "arguments": {"time": [], "loc": [], "country": [], "weapon": [{"text": "T-72B3\u5766\u514b", "offset": 24, "length": 8}, {"text": "B\u5766\u514b", "offset": 0, "length": 3}, {"text": "T-72B3", "offset": 52, "length": 6}]}}, {"sentence": "\u53e6\u5916\u636e\u4fc4\u7f57\u65af\u56fd\u9632\u90e88\u670823\u65e5\u53d1\u5e03\u7684\u4fe1\u606f\uff0c\u5728\u201c\u5766\u514b\u4e24\u9879\u201d\u6bd4\u8d5b\u9996\u573a\u5c0f\u7ec4\u8d5b\u4e2d\uff0c\u4e2d\u56fd\u3001\u767d\u4fc4\u7f57\u65af\u3001\u585e\u5c14\u7ef4\u4e9a\u548c\u963f\u585e\u62dc\u75864\u56fd\u4ee3\u8868\u961f\u540c\u573a\u89d2\u9010\uff0c\u6700\u7ec8\u4e2d\u56fd\u961f\u768496B\u5766\u514b\u4ee5\u6253\u9776\u5168\u4e2d\u3001\u7528\u65f6\u6700\u77ed\u7684\u6210\u7ee9\u83b7\u5f97\u8be5\u573a\u5c0f\u7ec4\u8d5b\u7b2c\u4e00\u3002", "events": [], "arguments": {"time": [{"text": "8\u670823\u65e5", "offset": 9, "length": 5}], "loc": [{"text": "\u4fc4\u7f57\u65af\u56fd\u9632\u90e8", "offset": 3, "length": 6}], "country": [{"text": "\u767d\u4fc4\u7f57\u65af", "offset": 39, "length": 4}, {"text": "\u585e\u5c14\u7ef4\u4e9a", "offset": 44, "length": 4}, {"text": "\u963f\u585e\u62dc\u7586", "offset": 49, "length": 4}, {"text": "\u4e2d\u56fd", "offset": 36, "length": 2}, {"text": "\u4e2d\u56fd", "offset": 65, "length": 2}], "weapon": [{"text": "96B\u5766\u514b", "offset": 69, "length": 5}]}}, {"sentence": "\u4e2d\u56fd96B\u5766\u514b\u5728\u6bd4\u8d5b\u8fc7\u7a0b\u4e2d3\u6b21\u706b\u70ae\u5c04\u51fb\u5168\u4e2d\uff0c\u8f66\u8f7d\u9ad8\u5c04\u673a\u67aa\u548c\u5e76\u5217\u673a\u67aa\u9776\u5c04\u51fb\u4e5f\u5747\u547d\u4e2d\uff0c\u6700\u540e\u4ee519\u520644\u79d2\u7684\u6210\u7ee9\u83b7\u5f97\u672c\u573a\u6bd4\u8d5b\u7b2c\u4e00\u3002", "events": [], "arguments": {"time": [], "loc": [], "country": [{"text": "\u4e2d\u56fd", "offset": 0, "length": 2}], "weapon": [{"text": "96B\u5766\u514b", "offset": 2, "length": 5}, {"text": "\u8f66\u8f7d\u9ad8\u5c04\u673a\u67aa", "offset": 22, "length": 6}]}}, {"sentence": "\u767d\u4fc4\u7f57\u65af\u3001\u963f\u585e\u62dc\u7586\u548c\u585e\u5c14\u7ef4\u4e9a\u4ee3\u8868\u961f\u7684\u6700\u7ec8\u7528\u65f6\u5206\u522b\u4e3a21\u520656\u79d2\u300122\u520600\u79d2\u300127\u520616\u79d2\u3002", "events": [], "arguments": {"time": [], "loc": [], "country": [{"text": "\u767d\u4fc4\u7f57\u65af", "offset": 0, "length": 4}, {"text": "\u963f\u585e\u62dc\u7586", "offset": 5, "length": 4}, {"text": "\u585e\u5c14\u7ef4\u4e9a", "offset": 10, "length": 4}], "weapon": []}}]