[{"sentence": "\u9996\u6218\u544a\u6377\uff01", "events": [], "arguments": {"time": [], "loc": [], "country": [], "weapon": []}}, {"sentence": "\u4e2d\u56fd\u961f\u83b7\u201c\u5766\u514b\u4e24\u9879\u201d\u9996\u573a\u5c0f\u7ec4\u8d5b\u7b2c\u4e00", "events": [], "arguments": {"time": [], "loc": [], "country": [{"text": "\u4e2d\u56fd", "offset": 0, "length": 2}], "weapon": [{"text": "\u201c\u5766\u514b\u4e24\u9879\u201d", "offset": 4, "length": 6}]}}, {"sentence": "\u3010\u73af\u7403\u7f51\u62a5\u9053 \u8bb0\u8005 \u5f90\u7490\u660e\u3011", "events": [], "arguments": {"time": [], "loc": [], "country": [], "weapon": []}}, {"sentence": "8\u670823\u65e5\uff0c\u201c\u56fd\u9645\u519b\u4e8b\u6bd4\u8d5b\uff0d2020\u201d\u66a8\u201c\u519b\u961f\uff0d2020\u201d\u56fd\u9645\u519b\u4e8b\u6280\u672f\u8bba\u575b\u5728\u83ab\u65af\u79d1\u90ca\u5916\u7684\u201c\u7231\u56fd\u8005\u201d\u516c\u56ed\u5f00\u5e55\u3002", "events": [], "arguments": {"time": [{"text": "8\u670823\u65e5", "offset": 0, "length": 5}], "loc": [{"text": "\u83ab\u65af\u79d1", "offset": 38, "length": 3}], "country": [], "weapon": []}}, {"sentence": "\u4f5c\u4e3a\u201c\u56fd\u9645\u519b\u4e8b\u6bd4\u8d5b\u201d\u91cd\u5934\u620f\u4e4b\u4e00\u7684\u201c\u5766\u514b\u4e24\u9879\u201d\u8d5b\u4e8b\u7684\u9996\u573a\u5c0f\u7ec4\u8d5b\u4e5f\u5728\u5f53\u5929\u4e3e\u884c\u3002", "events": [], "arguments": {"time": [], "loc": [], "country": [], "weapon": []}}, {"sentence": "\u4e2d\u56fd\u3001\u767d\u4fc4\u7f57\u65af\u3001\u585e\u5c14\u7ef4\u4e9a\u548c\u963f\u585e\u62dc\u75864\u56fd\u4ee3\u8868\u961f\u540c\u573a\u89d2\u9010\uff0c\u6700\u7ec8\u4e2d\u56fd\u961f\u768496B\u5766\u514b\u4ee5\u6253\u9776\u5168\u4e2d\u3001\u7528\u65f6\u6700\u77ed\u7684\u6210\u7ee9\u83b7\u5f97\u8be5\u573a\u5c0f\u7ec4\u8d5b\u7b2c\u4e00\u3002", "events": [], "arguments": {"time": [], "loc": [], "country": [{"text": "\u4e2d\u56fd", "offset": 29, "length": 2}, {"text": "\u767d\u4fc4\u7f57\u65af", "offset": 3, "length": 4}, {"text": "\u585e\u5c14\u7ef4\u4e9a", "offset": 8, "length": 4}, {"text": "\u963f\u585e\u62dc\u7586", "offset": 13, "length": 4}, {"text": "\u4e2d\u56fd", "offset": 0, "length": 2}], "weapon": [{"text": "96B\u5766\u514b", "offset": 33, "length": 5}]}}, {"sentence": "\u6839\u636e\u8d5b\u524d\u62bd\u7b7e\u7684\u7ed3\u679c\uff0c\u4e2d\u56fd\u961f\u7684702\u53f796B\u5766\u514b\u4ee5\u7eff\u8272\u6d82\u88c5\u53c2\u8d5b\uff0c\u4e0e\u53bb\u5e74\u4e9a\u519b\u767d\u4fc4\u7f57\u65af\u961f\u4ee5\u53ca\u585e\u5c14\u7ef4\u4e9a\u3001\u963f\u585e\u62dc\u7586\u961f\u4e00\u8d77\u7ade\u6280\uff0c\u5176\u4f59\u56fd\u5bb6\u4ee3\u8868\u961f\u4f7f\u7528\u7684\u5747\u662f\u4fc4\u65b9\u63d0\u4f9b\u7684T-72B3\u5766\u514b\u3002", "events": [], "arguments": {"time": [], "loc": [], "country": [{"text": "\u4e2d\u56fd", "offset": 10, "length": 2}, {"text": "\u767d\u4fc4\u7f57\u65af", "offset": 36, "length": 4}, {"text": "\u585e\u5c14\u7ef4\u4e9a", "offset": 43, "length": 4}, {"text": "\u963f\u585e\u62dc\u7586", "offset": 48, "length": 4}, {"text": "\u4fc4\u65b9", "offset": 70, "length": 2}], "weapon": [{"text": "96B\u5766\u514b", "offset": 18, "length": 5}, {"text": "T-72B3\u5766\u514b", "offset": 75, "length": 8}]}}, {"sentence": "\u4e2d\u56fd96B\u5766\u514b\u5728\u6bd4\u8d5b\u8fc7\u7a0b\u4e2d3\u6b21\u706b\u70ae\u5c04\u51fb\u5168\u4e2d\uff0c\u8f66\u8f7d\u9ad8\u5c04\u673a\u67aa\u548c\u5e76\u5217\u673a\u67aa\u9776\u5c04\u51fb\u4e5f\u5747\u547d\u4e2d\uff0c\u6700\u540e\u4ee519\u520644\u79d2\u7684\u6210\u7ee9\u83b7\u5f97\u672c\u573a\u6bd4\u8d5b\u7b2c\u4e00\u3002", "events": [], "arguments": {"time": [], "loc": [], "country": [{"text": "\u4e2d\u56fd", "offset": 0, "length": 2}], "weapon": [{"text": "96B\u5766\u514b", "offset": 2, "length": 5}, {"text": "\u8f66\u8f7d\u9ad8\u5c04\u673a\u67aa", "offset": 22, "length": 6}]}}, {"sentence": "\u767d\u4fc4\u7f57\u65af\u3001\u963f\u585e\u62dc\u7586\u548c\u585e\u5c14\u7ef4\u4e9a\u4ee3\u8868\u961f\u7684\u6700\u7ec8\u7528\u65f6\u5206\u522b\u4e3a21\u520656\u79d2\u300122\u520600\u79d2\u300127\u520616\u79d2\u3002", "events": [], "arguments": {"time": [], "loc": [], "country": [{"text": "\u767d\u4fc4\u7f57\u65af", "offset": 0, "length": 4}, {"text": "\u963f\u585e\u62dc\u7586", "offset": 5, "length": 4}, {"text": "\u585e\u5c14\u7ef4\u4e9a", "offset": 10, "length": 4}], "weapon": []}}, {"sentence": "\u6839\u636e2019\u5e74\u7684\u8868\u73b0\u7ed3\u679c\uff0c\u53c2\u8d5b\u961f\u88ab\u5206\u4e3a\u4e24\u7ec4\uff0c\u7b2c\u4e00\u5766\u514b\u8f66\u7ec4\u5305\u62ec\uff1a\u4e2d\u56fd\u3001\u963f\u585e\u62dc\u7586\u3001\u767d\u4fc4\u7f57\u65af\u3001\u54c8\u8428\u514b\u65af\u5766\u3001\u5409\u5c14\u5409\u65af\u65af\u5766\u3001\u4fc4\u7f57\u65af\u3001\u585e\u5c14\u7ef4\u4e9a\u548c\u4e4c\u5179\u522b\u514b\u65af\u5766\u3002", "events": [], "arguments": {"time": [{"text": "2019\u5e74", "offset": 2, "length": 5}], "loc": [], "country": [{"text": "\u4e2d\u56fd", "offset": 31, "length": 2}, {"text": "\u963f\u585e\u62dc\u7586", "offset": 34, "length": 4}, {"text": "\u767d\u4fc4\u7f57\u65af", "offset": 39, "length": 4}, {"text": "\u54c8\u8428\u514b\u65af\u5766", "offset": 44, "length": 5}, {"text": "\u5409\u5c14\u5409\u65af\u65af\u5766", "offset": 50, "length": 6}, {"text": "\u4fc4\u7f57\u65af", "offset": 57, "length": 3}, {"text": "\u585e\u5c14\u7ef4\u4e9a", "offset": 61, "length": 4}, {"text": "\u4e4c\u5179\u522b\u514b\u65af\u5766", "offset": 66, "length": 6}], "weapon": []}}, {"sentence": "\u7b2c\u4e8c\u5766\u514b\u8f66\u7ec4\u5305\u62ec\uff1a\u963f\u5e03\u54c8\u5179\u3001\u8d8a\u5357\u3001\u5361\u5854\u5c14\u3001\u521a\u679c\u3001\u8001\u631d\u3001\u7f05\u7538\u3001\u5854\u5409\u514b\u65af\u5766\u548c\u5357\u5965\u585e\u68af\u3002", "events": [], "arguments": {"time": [], "loc": [], "country": [{"text": "\u963f\u5e03\u54c8\u5179", "offset": 9, "length": 4}, {"text": "\u8d8a\u5357", "offset": 14, "length": 2}, {"text": "\u5361\u5854\u5c14", "offset": 17, "length": 3}, {"text": "\u521a\u679c", "offset": 21, "length": 2}, {"text": "\u8001\u631d", "offset": 24, "length": 2}, {"text": "\u7f05\u7538", "offset": 27, "length": 2}, {"text": "\u5854\u5409\u514b\u65af\u5766", "offset": 30, "length": 5}, {"text": "\u5357\u5965\u585e\u68af", "offset": 36, "length": 4}], "weapon": [{"text": "\u5766\u514b", "offset": 2, "length": 2}]}}, {"sentence": "\u6839\u636e\u8d5b\u7a0b\u5b89\u6392\uff0c\u7b2c\u4e00\u5766\u514b\u8f66\u7ec4\u7684\u6bd4\u8d5b\u65f6\u95f4\u4e3a\uff1a8\u670825\u65e5\u81f327\u65e5\u8fde\u7eed\u4e09\u5929\u4e3e\u884c\u4e09\u573a\u5c0f\u7ec4\u8d5b\uff0c\u53c2\u8d5b\u56fd\u5206\u522b\u662f\u4e4c\u5179\u522b\u514b\u65af\u5766\u3001\u54c8\u8428\u514b\u65af\u5766\u3001\u4fc4\u7f57\u65af\u3001\u5409\u5c14\u5409\u65af\u65af\u5766\uff1b8\u670829\u65e5\u300130\u65e5\u5c06\u4e3e\u884c\u4e24\u573a\u5c0f\u7ec4\u8d5b\uff0c\u53c2\u8d5b\u56fd\u662f\u767d\u4fc4\u7f57\u65af\u3001\u585e\u5c14\u7ef4\u4e9a\u3001\u963f\u585e\u62dc\u7586\u548c\u4e2d\u56fd\u3002", "events": [], "arguments": {"time": [{"text": "8\u670825\u65e5\u81f327\u65e5", "offset": 20, "length": 9}, {"text": "8\u670829\u65e5", "offset": 71, "length": 5}, {"text": "30\u65e5", "offset": 77, "length": 3}], "loc": [], "country": [{"text": "\u4e4c\u5179\u522b\u514b\u65af\u5766", "offset": 47, "length": 6}, {"text": "\u54c8\u8428\u514b\u65af\u5766", "offset": 54, "length": 5}, {"text": "\u4fc4\u7f57\u65af", "offset": 60, "length": 3}, {"text": "\u5409\u5c14\u5409\u65af\u65af\u5766", "offset": 64, "length": 6}, {"text": "\u767d\u4fc4\u7f57\u65af", "offset": 93, "length": 4}, {"text": "\u585e\u5c14\u7ef4\u4e9a", "offset": 98, "length": 4}, {"text": "\u963f\u585e\u62dc\u7586", "offset": 103, "length": 4}, {"text": "\u4e2d\u56fd", "offset": 108, "length": 2}], "weapon": [{"text": "\u7b2c\u4e00\u5766\u514b\u8f66\u7ec4", "offset": 7, "length": 6}]}}, {"sentence": "\u57287\u6708\u5e95\u7684\u4e2d\u56fd\u56fd\u9632\u90e8\u4f8b\u884c\u8bb0\u8005\u4f1a\u4e0a\uff0c\u56fd\u9632\u90e8\u65b0\u95fb\u5c40\u526f\u5c40\u957f\u3001\u56fd\u9632\u90e8\u65b0\u95fb\u53d1\u8a00\u4eba\u4efb\u56fd\u5f3a\u5927\u6821\u8868\u793a\uff0c\u4e2d\u56fd\u4eba\u6c11\u89e3\u653e\u519b\u9646\u519b\u3001\u7a7a\u519b\u90e8\u961f\u5c06\u6d3e\u5458\u8d74\u4fc4\u7f57\u65af\u53c2\u52a0\u4e8e8\u670823\u65e5\u81f39\u67085\u65e5\u4e3e\u884c\u7684\u201c\u56fd\u9645\u519b\u4e8b\u6bd4\u8d5b-2020\u201d\u3002", "events": [], "arguments": {"time": [{"text": "7\u6708\u5e95", "offset": 1, "length": 3}, {"text": "8\u670823\u65e5\u81f39\u67085\u65e5", "offset": 67, "length": 10}], "loc": [], "country": [{"text": "\u4e2d\u56fd", "offset": 5, "length": 2}, {"text": "\u4e2d\u56fd", "offset": 43, "length": 2}, {"text": "\u4fc4\u7f57\u65af", "offset": 61, "length": 3}], "weapon": []}}, {"sentence": "\u5176\u4e2d\uff0c\u9646\u519b\u90e8\u961f\u5c06\u53c2\u52a0\u201c\u5766\u514b\u4e24\u9879\u201d\u5766\u514b\u8f66\u7ec4\u3001\u201c\u5b89\u5168\u73af\u5883\u201d\u6838\u751f\u5316\u4fa6\u5bdf\u7ec4\u3001\u201c\u6c7d\u8f66\u80fd\u624b\u201d\u6c7d\u8f66\u5175\u3001\u201c\u4fa6\u5bdf\u5c16\u5175\u201d\u4fa6\u5bdf\u73ed\u7ec4\u3001\u201c\u5f00\u9614\u6c34\u57df\u201d\u821f\u6865\u90e8\u961f\u7b495\u9879\u6bd4\u8d5b\uff0c\u7a7a\u519b\u90e8\u961f\u5c06\u53c2\u52a0\u201c\u7a7a\u964d\u6392\u201d\u7a7a\u964d\u5175\u5206\u961f\u6bd4\u8d5b\u3002", "events": [], "arguments": {"time": [], "loc": [], "country": [], "weapon": []}}, {"sentence": "\u5728\u5168\u7403\u643a\u624b\u6297\u75ab\u7684\u5173\u952e\u65f6\u523b\uff0c\u4e2d\u65b9\u6d3e\u53c2\u8d5b\u961f\u8d74\u4fc4\u53c2\u52a0\u56fd\u9645\u519b\u4e8b\u6bd4\u8d5b\uff0c\u65e8\u5728\u8fdb\u4e00\u6b65\u52a0\u5f3a\u4e2d\u4fc4\u4e24\u519b\u6218\u7565\u534f\u4f5c\uff0c\u6df1\u5316\u519b\u4e8b\u8bad\u7ec3\u9886\u57df\u52a1\u5b9e\u5408\u4f5c\uff0c\u4e0e\u5404\u56fd\u53c2\u8d5b\u961f\u53cb\u597d\u4ea4\u6d41\u3001\u540c\u8bad\u4e92\u9274\uff0c\u4e0d\u65ad\u63d0\u5347\u90e8\u961f\u8bad\u7ec3\u548c\u6218\u5907\u6c34\u5e73\u3002", "events": [], "arguments": {"time": [], "loc": [], "country": [{"text": "\u4e2d\u65b9", "offset": 13, "length": 2}, {"text": "\u4e2d", "offset": 37, "length": 1}, {"text": "\u4fc4", "offset": 38, "length": 1}], "weapon": []}}]