[{"sentence": "\u7f8e\u519b\u6539\u88c5\u201c\u5546\u52a1\u673a\u201d\uff0c\u8fde\u7eed\u62b5\u8fd1\u4e2d\u56fd\u4fa6\u5bdf\u2026\u2026", "events": [], "arguments": {"time": [], "loc": [], "country": [{"text": "\u7f8e", "offset": 0, "length": 1}, {"text": "\u4e2d\u56fd", "offset": 14, "length": 2}], "weapon": [{"text": "\u201c\u5546\u52a1\u673a", "offset": 4, "length": 4}, {"text": "\u201d", "offset": 0, "length": 1}]}}, {"sentence": "\u7f8e\u519b\u673a\u5728\u4e2d\u56fd\u5468\u8fb9\u6d77\u57df\u201c\u641e\u4e8b\u60c5\u201d", "events": [], "arguments": {"time": [], "loc": [{"text": "\u4e2d\u56fd\u5468\u8fb9\u6d77\u57df", "offset": 4, "length": 6}], "country": [{"text": "\u7f8e", "offset": 0, "length": 1}, {"text": "\u4e2d\u56fd", "offset": 4, "length": 2}], "weapon": []}}, {"sentence": "\u8fd1\u671f\u53c8\u51fa\u65b0\u82b1\u6837", "events": [], "arguments": {"time": [], "loc": [], "country": [], "weapon": []}}, {"sentence": "\u6539\u88c5\u201c\u5546\u52a1\u673a\u201d\u642d\u8f7d\u519b\u7528\u76d1\u63a7\u8bbe\u5907", "events": [], "arguments": {"time": [], "loc": [], "country": [], "weapon": [{"text": "\u201c\u5546\u52a1\u673a", "offset": 2, "length": 4}, {"text": "\u201d", "offset": 0, "length": 1}]}}, {"sentence": "\u5bf9\u4e2d\u56fd\u62b5\u8fd1\u4fa6\u5bdf", "events": [], "arguments": {"time": [], "loc": [], "country": [{"text": "\u4e2d\u56fd", "offset": 1, "length": 2}], "weapon": []}}, {"sentence": "\u7f8e\u6d77\u9646\u7a7a\u4e09\u519b\u4fa6\u5bdf\u673a\u201c\u624e\u5806\u201d\u4e2d\u56fd\u5468\u8fb9", "events": [], "arguments": {"time": [], "loc": [], "country": [{"text": "\u7f8e", "offset": 0, "length": 1}, {"text": "\u4e2d\u56fd", "offset": 13, "length": 2}], "weapon": []}}, {"sentence": "\u7a76\u7adf\u4e3a\u4e86\u4ec0\u4e48\uff1f", "events": [], "arguments": {"time": [], "loc": [], "country": [], "weapon": []}}, {"sentence": "\u7f8e\u519b\u6539\u88c5\u201c\u5546\u52a1\u673a\u201d\u62b5\u8fd1\u4e2d\u56fd\u4fa6\u5bdf", "events": [], "arguments": {"time": [], "loc": [], "country": [{"text": "\u7f8e", "offset": 0, "length": 1}, {"text": "\u4e2d\u56fd", "offset": 11, "length": 2}], "weapon": [{"text": "\u201c\u5546\u52a1\u673a", "offset": 4, "length": 4}, {"text": "\u201d", "offset": 0, "length": 1}]}}, {"sentence": "\u201c\u5546\u52a1\u673a\u201d\u8fde\u7eed\u4e09\u5929\u62b5\u8fd1\u4fa6\u5bdf", "events": [], "arguments": {"time": [], "loc": [], "country": [], "weapon": [{"text": "\u201c\u5546\u52a1\u673a\u201d", "offset": 0, "length": 5}]}}, {"sentence": "8\u670821\u65e5\uff0c\u793e\u4ea4\u5a92\u4f53\u5e73\u53f0\u4e0a\u4e13\u95e8\u8ffd\u8e2a\u5168\u7403\u519b\u60c5\u52a8\u6001\u7684\u8d26\u53f7\u53d1\u5e03\u6d88\u606f\uff0c\u7f8e\u56fd\u9646\u519b\u6d3e\u51fa\u7684\u4e00\u67b6\u98de\u673a\u5df2\u7ecf\u8fde\u7eed\u4e09\u5929\u62b5\u8fd1\u4e2d\u56fd\u8fdb\u884c\u4fa6\u5bdf\u6d3b\u52a8\u3002", "events": [], "arguments": {"time": [{"text": "8\u670821\u65e5", "offset": 0, "length": 5}], "loc": [], "country": [{"text": "\u7f8e\u56fd", "offset": 31, "length": 2}, {"text": "\u4e2d\u56fd", "offset": 50, "length": 2}], "weapon": [{"text": "\u98de\u673a", "offset": 40, "length": 2}]}}, {"sentence": "\u8be5\u673a21\u65e5\u5f53\u5929\u4ece\u65e5\u672c\u51b2\u7ef3\u8d77\u98de\u540e\uff0c\u671d\u53f0\u6e7e\u65b9\u5411\u98de\u884c\u4e86\u4e00\u6bb5\u65f6\u95f4\uff0c\u968f\u540e\u7a81\u7136\u8f6c\u5411\uff0c\u671d\u6d59\u6c5f\u6cbf\u6d77\u65b9\u5411\u62b5\u8fd1\u98de\u884c\u3002", "events": [], "arguments": {"time": [], "loc": [{"text": "\u51b2\u7ef3", "offset": 10, "length": 2}, {"text": "\u6d59\u6c5f\u6cbf\u6d77", "offset": 37, "length": 4}], "country": [{"text": "\u53f0\u6e7e", "offset": 17, "length": 2}], "weapon": []}}, {"sentence": "\u6b64\u524d\u768419\u300120\u65e5\u4e24\u5929\uff0c\u8be5\u673a\u540c\u6837\u4ece\u51b2\u7ef3\u8d77\u98de\uff0c\u81ea\u5317\u5411\u5357\u5728\u53f0\u6e7e\u4e1c\u90e8\u6d77\u57df\u4e0a\u7a7a\u98de\u884c\u3002", "events": [], "arguments": {"time": [{"text": "19", "offset": 3, "length": 2}, {"text": "20\u65e5", "offset": 6, "length": 3}, {"text": "\u5929", "offset": 0, "length": 1}], "loc": [{"text": "\u51b2\u7ef3", "offset": 17, "length": 2}, {"text": "\u53f0\u6e7e\u4e1c\u90e8\u6d77\u57df\u4e0a\u7a7a", "offset": 27, "length": 8}], "country": [{"text": "\u53f0\u6e7e", "offset": 27, "length": 2}], "weapon": []}}, {"sentence": "\u5185\u88c5\u8d85\u9ad8\u89e3\u6790\u5ea6\u63a2\u6d4b\u76d1\u89c6\u7cfb\u7edf", "events": [], "arguments": {"time": [], "loc": [], "country": [], "weapon": [{"text": "\u8d85\u9ad8\u89e3\u6790\u5ea6\u63a2\u6d4b\u76d1\u89c6\u7cfb\u7edf", "offset": 2, "length": 11}]}}, {"sentence": "\u7f8e\u5a92\u79f0\uff0c\u8fd9\u67b6\u98de\u673a\u662f\u7531\u52a0\u62ff\u5927\u5e9e\u5df4\u8fea\u516c\u53f8\u7684\u201c \u5546\u52a1\u673a\u201d\u201c\u6311\u6218\u8005\u201d\u6539\u88c5\u800c\u6765 \u3002", "events": [], "arguments": {"time": [], "loc": [], "country": [{"text": "\u7f8e", "offset": 0, "length": 1}, {"text": "\u52a0\u62ff\u5927", "offset": 10, "length": 3}], "weapon": [{"text": "\u201c \u5546\u52a1\u673a\u201d\u201c\u6311\u6218\u8005\u201d", "offset": 19, "length": 11}]}}, {"sentence": "\u673a\u4e0a\u88c5\u6709\u8d85\u9ad8\u89e3\u6790\u5ea6\u63a2\u6d4b\u76d1\u89c6\u7cfb\u7edf\uff0c\u80fd\u591f\u5bf9\u9646\u5730\u4e0a\u7684\u79fb\u52a8\u76ee\u6807\u4ee5\u53ca\u6c34\u9762\u8230\u8247\u7b49\u8fdb\u884c\u4fa6\u5bdf\uff0c\u914d\u5408\u5730\u9762\u8fdc\u7a0b\u706b\u529b\u6253\u51fb\u3002", "events": [], "arguments": {"time": [], "loc": [], "country": [], "weapon": []}}, {"sentence": "\u501f\u6c11\u7528\u4e4b\u540d\u884c\u519b\u4e8b\u4fa6\u5bdf\u4e4b\u5b9e", "events": [], "arguments": {"time": [], "loc": [], "country": [], "weapon": []}}, {"sentence": "\u7f8e\u519b\u822a\u7a7a\u9879\u76ee\u884c\u653f\u529e\u516c\u5ba4\u66fe\u516c\u5e03\u8fc7\u8be5\u673a\u7167\u7247\uff0c\u5e76\u6ca1\u6709\u7f8e\u519b\u6d82\u88c5 \uff0c\u5916\u89c2\u5c31\u662f\u4e00\u67b6\u5c0f\u578b\u201c\u5546\u52a1\u673a\u201d\u3002", "events": [], "arguments": {"time": [], "loc": [], "country": [{"text": "\u7f8e", "offset": 0, "length": 1}, {"text": "\u7f8e", "offset": 23, "length": 1}], "weapon": []}}, {"sentence": "\u540c\u65f6\uff0c\u5b83\u4e5f\u4e0d\u5728\u7f8e\u519b\u88c5\u5907\u5e8f\u5217\u4e2d\u3002", "events": [], "arguments": {"time": [], "loc": [], "country": [{"text": "\u7f8e", "offset": 7, "length": 1}], "weapon": []}}, {"sentence": " \u7f8e\u9646\u519b\u62ab\u9732\uff0c\u8fd9\u67b6\u98de\u673a\u548c\u98de\u884c\u5458\u90fd\u96b6\u5c5e\u4e8e\u4e00\u5bb6\u7f8e\u56fd\u79c1\u4eba\u516c\u53f8\uff0c\u4f46\u7531\u7f8e\u56fd\u9646\u519b\u652f\u4ed8\u8d39\u7528 \uff0c\u6bcf\u6b21\u51fa\u4efb\u52a1\uff0c\u90fd\u6709\u7f8e\u519b\u4eba\u5458\u5728\u98de\u673a\u4e0a\u64cd\u63a7\u4fa6\u5bdf\u8bbe\u5907\u3002", "events": [], "arguments": {"time": [], "loc": [], "country": [{"text": "\u7f8e\u56fd", "offset": 21, "length": 2}, {"text": "\u7f8e\u56fd", "offset": 30, "length": 2}], "weapon": []}}, {"sentence": "\u25b2 \u7f8e\u519b\u822a\u7a7a\u9879\u76ee\u884c\u653f\u529e\u516c\u5ba4\u53d1\u6587\u622a\u56fe", "events": [], "arguments": {"time": [], "loc": [], "country": [{"text": "\u7f8e", "offset": 2, "length": 1}], "weapon": []}}, {"sentence": "\u9891\u7e41\u62b5\u8fd1\u4ecd\u4e0d\u7f62\u4f11\uff0c\u8fd8\u8981\u7528\u6c11\u7528\u98de\u673a\u4f2a\u88c5\u4fa6\u5bdf\uff0c\u7f8e\u519b\u5230\u5e95\u4f5c\u4f55\u76d8\u7b97\uff1f", "events": [], "arguments": {"time": [], "loc": [], "country": [{"text": "\u7f8e", "offset": 21, "length": 1}], "weapon": [{"text": "\u6c11\u7528\u98de\u673a", "offset": 12, "length": 4}]}}, {"sentence": "\u519b\u4e8b\u4e13\u5bb6\u675c\u6587\u9f99\u5206\u6790\uff1a", "events": [], "arguments": {"time": [], "loc": [], "country": [], "weapon": []}}, {"sentence": "1.\u4f2a\u88c5\u4fa6\u5bdf\u9690\u85cf\u8eab\u4efd\u53ef\u83b7\u53d6\u5927\u91cf\u5b9e\u65f6\u6570\u636e\u3002", "events": [], "arguments": {"time": [], "loc": [], "country": [], "weapon": []}}, {"sentence": "2.\u51ed\u501f\u9690\u85cf\u8bbe\u5907\uff0c\u4e00\u7ebf\u5c9b\u5c7f\u3001\u6e2f\u53e3\u3001\u91cd\u8981\u5730\u9762\u76ee\u6807\u7b49\u5c3d\u6536\u773c\u5e95\u3002", "events": [], "arguments": {"time": [], "loc": [], "country": [], "weapon": []}}, {"sentence": "\u5982\u679c\u8fdb\u884c\u9646\u4e0a\u4f5c\u6218\uff0c\u53ef\u5728\u4f5c\u6218\u65b9\u6848\u4e2d\u8d77\u5230\u91cd\u8981\u4f5c\u7528\u3002", "events": [], "arguments": {"time": [], "loc": [], "country": [], "weapon": []}}, {"sentence": "3.\u6807\u5fd7\u7740\u7f8e\u56fd\u9646\u519b\u4ee5\u519b\u79cd\u7684\u8eab\u4efd\uff0c\u5c06\u60c5\u62a5\u4f53\u7cfb\u63d2\u5230\u4e2d\u56fd\u5468\u8fb9\u3002", "events": [], "arguments": {"time": [], "loc": [{"text": "\u4e2d\u56fd\u5468\u8fb9", "offset": 23, "length": 4}], "country": [{"text": "\u7f8e\u56fd", "offset": 5, "length": 2}, {"text": "\u4e2d\u56fd", "offset": 23, "length": 2}], "weapon": []}}, {"sentence": "\u4eca\u540e\u4e00\u65e6\u6709\u4f5c\u6218\u884c\u52a8\uff0c\u4e09\u519b\u60c5\u62a5\u4f53\u7cfb\u76f8\u4e92\u52fe\u8fde\u3001\u8865\u5145\uff0c\u6709\u975e\u5e38\u5f3a\u7684\u9488\u5bf9\u6027\u3002", "events": [], "arguments": {"time": [], "loc": [], "country": [], "weapon": []}}, {"sentence": "\u2193\u2193\u7f8e\u519b\u6539\u88c5\u201c\u5546\u52a1\u673a\u201d\u62b5\u8fd1\u4e2d\u56fd\u4fa6\u5bdf", "events": [], "arguments": {"time": [], "loc": [], "country": [{"text": "\u7f8e", "offset": 2, "length": 1}, {"text": "\u4e2d\u56fd", "offset": 13, "length": 2}], "weapon": [{"text": "\u201c\u5546\u52a1\u673a", "offset": 6, "length": 4}, {"text": "\u201d", "offset": 0, "length": 1}]}}, {"sentence": "\u7f8e\u4e09\u519b\u4e3b\u529b\u88c5\u5907\u201c\u624e\u5806\u201d\u4e2d\u56fd\u4fa6\u5bdf", "events": [], "arguments": {"time": [], "loc": [], "country": [{"text": "\u7f8e", "offset": 0, "length": 1}, {"text": "\u4e2d\u56fd", "offset": 11, "length": 2}], "weapon": []}}, {"sentence": "\u4e13\u5bb6\uff1a\u4e3a\u60c5\u62a5\uff0c\u4e5f\u4e3a\u4e89\u5ba0", "events": [], "arguments": {"time": [], "loc": [], "country": [], "weapon": []}}, {"sentence": "\u7f8e\u6d77\u519b", "events": [], "arguments": {"time": [], "loc": [], "country": [{"text": "\u7f8e", "offset": 0, "length": 1}], "weapon": []}}, {"sentence": "\u6d77\u519b\u65b9\u9762\uff0c\u4e3b\u8981\u6d3e\u51fa\u7684\u662fP-8A\u548cP-3C\u53cd\u6f5c\u5de1\u903b\u673a\u3002", "events": [], "arguments": {"time": [], "loc": [], "country": [], "weapon": [{"text": "P-8A", "offset": 11, "length": 4}, {"text": "P-3C\u53cd\u6f5c\u5de1\u903b\u673a", "offset": 16, "length": 9}]}}, {"sentence": "\u8fd9\u4e24\u6b3e\u5de1\u903b\u534a\u5f84\u90fd\u57282200\u516c\u91cc\u4ee5\u4e0a\uff0c\u914d\u5907\u58f0\u7eb3\u6d6e\u6807\u3001\u78c1\u5f02\u63a2\u6d4b\u4eea\u4ee5\u53ca\u591a\u79cd\u5148\u8fdb\u96f7\u8fbe\uff0c\u4e3b\u8981\u4fa6\u5bdf\u7684\u662f\u76ee\u6807\u533a\u57df\u5185\u7684\u6c34\u9762\u8230\u8247\u548c\u6c34\u4e0b\u6f5c\u8247\u7684\u90e8\u7f72\u53ca\u52a8\u5411\u3002", "events": [], "arguments": {"time": [], "loc": [], "country": [], "weapon": [{"text": "\u63a2\u6d4b\u4eea", "offset": 0, "length": 3}, {"text": "\u8230\u8247", "offset": 53, "length": 2}, {"text": "\u6f5c\u8247", "offset": 58, "length": 2}]}}, {"sentence": "\u7f8e\u7a7a\u519b", "events": [], "arguments": {"time": [], "loc": [], "country": [{"text": "\u7f8e", "offset": 0, "length": 1}], "weapon": []}}, {"sentence": "\u7a7a\u519b\u65b9\u9762\uff0c\u4e3b\u8981\u6d3e\u51fa\u7684\u662fRC-135\u7cfb\u5217\u7535\u5b50\u4fa6\u5bdf\u673a\uff0c\u5176\u5de8\u5927\u7684\u5934\u90e8\u548c\u673a\u8eab\u6574\u6d41\u7f69\u5185\u88c5\u6709\u5927\u91cf\u7535\u5b50\u5929\u7ebf\uff0c\u914d\u5408\u673a\u5185\u4f17\u591a\u7535\u5b50\u4fa6\u5bdf\u8bbe\u5907\u3002", "events": [], "arguments": {"time": [], "loc": [], "country": [], "weapon": [{"text": "RC-135\u7cfb\u5217\u7535\u5b50\u4fa6\u5bdf\u673a", "offset": 11, "length": 13}]}}, {"sentence": "RC-135\u80fd\u591f\u5bf9\u5e7f\u6cdb\u9891\u6bb5\u65e0\u7ebf\u7535\u4fe1\u53f7\u8fdb\u884c\u8bc6\u522b\u548c\u76d1\u542c\u3002", "events": [], "arguments": {"time": [], "loc": [], "country": [], "weapon": [{"text": "RC-135", "offset": 0, "length": 6}]}}, {"sentence": "\u7f8e\u56fd\u7a7a\u519b\u98de\u673a\u7684\u4e3b\u8981\u4fa6\u5bdf\u65b9\u5f0f\u4ee5\u5e7f\u57df\u4fa6\u5bdf\u3001\u957f\u65f6\u95f4\u4fa6\u5bdf\u548c\u6218\u7565\u4fa6\u5bdf\u4e3a\u4e3b\u3002", "events": [], "arguments": {"time": [], "loc": [], "country": [{"text": "\u7f8e\u56fd", "offset": 0, "length": 2}], "weapon": [{"text": "\u98de\u673a", "offset": 4, "length": 2}]}}, {"sentence": "\u7f8e\u9646\u519b", "events": [], "arguments": {"time": [], "loc": [], "country": [{"text": "\u7f8e", "offset": 0, "length": 1}], "weapon": []}}, {"sentence": "\u9646\u519b\u65b9\u9762\uff0c\u7a7a\u4e2d\u4fa6\u5bdf\u624b\u6bb5\u5e76\u4e0d\u591a\uff0c\u76ee\u524d\u62b5\u8fd1\u4e2d\u56fd\u7684\u53ea\u6709\u6539\u88c5\u578b\u201c\u6311\u6218\u8005\u201d\u8fd9\u4e00\u79cd\u673a\u578b\u3002", "events": [], "arguments": {"time": [], "loc": [], "country": [{"text": "\u4e2d\u56fd", "offset": 19, "length": 2}], "weapon": [{"text": "\u6539\u88c5\u578b\u201c\u6311\u6218\u8005\u201d", "offset": 24, "length": 8}]}}, {"sentence": "\u4f46\u8be5\u673a\u4e0a\u914d\u5907\u9ad8\u7cbe\u5ea6\u4fa6\u5bdf\u63a2\u6d4b\u7cfb\u7edf\uff0c\u53ef\u7ed3\u5408\u5730\u9762\u96f7\u8fbe\u548c\u7535\u5b50\u60c5\u62a5\u63a5\u6536\u5668\uff0c\u5728\u4ed6\u56fd\u9632\u7a7a\u7cfb\u7edf\u8303\u56f4\u4e4b\u5916\u8fd0\u884c\uff0c\u5bf9\u5730\u4fa6\u5bdf\u80fd\u529b\u5f3a\u3002", "events": [], "arguments": {"time": [], "loc": [], "country": [], "weapon": [{"text": "\u9ad8\u7cbe\u5ea6\u4fa6\u5bdf\u63a2\u6d4b\u7cfb\u7edf", "offset": 6, "length": 9}, {"text": "\u5730\u9762\u96f7\u8fbe", "offset": 19, "length": 4}, {"text": "\u7535\u5b50\u60c5\u62a5\u63a5\u6536\u5668", "offset": 24, "length": 7}]}}, {"sentence": "\u519b\u4e8b\u4e13\u5bb6\u675c\u6587\u9f99\u5206\u6790\uff1a", "events": [], "arguments": {"time": [], "loc": [], "country": [], "weapon": []}}, {"sentence": "1.\u5728\u6240\u8c13\u7684\u201c\u592a\u5e73\u6d0b\u5a01\u6151\u6218\u7565\u201d\u4e2d\uff0c\u4e0d\u540c\u519b\u5175\u79cd\u90fd\u5728\u4e89\u5ba0\uff0c\u901a\u8fc7\u9891\u7e41\u7684\u4fa6\u5bdf\u884c\u52a8\uff0c\u663e\u793a\u519b\u4e8b\u5b58\u5728\u3002", "events": [], "arguments": {"time": [], "loc": [{"text": "\u592a\u5e73\u6d0b", "offset": 7, "length": 3}], "country": [], "weapon": []}}, {"sentence": "2.\u4e0d\u540c\u519b\u5175\u79cd\u5404\u6709\u4f18\u52bf\uff0c\u901a\u8fc7\u5404\u79cd\u4fa6\u5bdf\u5e73\u53f0\uff0c\u53ef\u4ee5\u628a\u4e0d\u540c\u4f5c\u6218\u5e73\u53f0\u3001\u4fa6\u5bdf\u5e73\u53f0\u7684\u60c5\u62a5\u8fdb\u884c\u878d\u5408\uff0c\u4e3a\u672c\u519b\u5175\u79cd\u4f5c\u6218\u63d0\u4f9b\u60c5\u62a5\u4fe1\u606f\u53c2\u8003\uff0c\u540c\u65f6\u4e5f\u53ef\u4ee5\u63d0\u9ad8\u8054\u5408\u4f5c\u6218\u80fd\u529b\u3002", "events": [], "arguments": {"time": [], "loc": [], "country": [], "weapon": []}}, {"sentence": "\u4ec5\u4e03\u6708\u7f8e\u519b\u673a\u5357\u6d77\u62b5\u8fd1\u4fa6\u5bdf67\u6b21", "events": [], "arguments": {"time": [{"text": "\u4e03\u6708", "offset": 1, "length": 2}], "loc": [{"text": "\u5357\u6d77", "offset": 6, "length": 2}], "country": [{"text": "\u7f8e", "offset": 3, "length": 1}], "weapon": []}}, {"sentence": "\u7f8e\u519b\u4fa6\u5bdf\u6709\u4f55\u663e\u8457\u53d8\u5316\uff1f", "events": [], "arguments": {"time": [], "loc": [], "country": [{"text": "\u7f8e", "offset": 0, "length": 1}], "weapon": []}}, {"sentence": "\u5317\u4eac\u5927\u5b66\u6d77\u6d0b\u7814\u7a76\u9662\u4e0b\u5c5e\u201c\u5357\u6d77\u6218\u7565\u6001\u52bf\u611f\u77e5\u8ba1\u5212\u201d\u7684\u4e00\u9879\u7edf\u8ba1\u663e\u793a\uff0c\u4ec5\u4eca\u5e74\u4e03\u6708\uff0c\u7f8e\u519b\u5927\u578b\u4fa6\u5bdf\u673a\u5728\u5357\u6d77\u62b5\u8fd1\u4fa6\u5bdf\u7684\u6b21\u6570\u9ad8\u8fbe67\u6b21\uff0c\u670930\u5929\u5728\u5357\u6d77\u6267\u884c\u4fa6\u5bdf\u76d1\u89c6\u4efb\u52a1\uff0c\u6700\u591a\u65f6\u4e00\u5929\u5185\u5c31\u67096\u6b21\uff0c \u6bd4\u4e94\u3001\u516d\u6708\u5927\u5e45\u589e\u52a0\u3002", "events": [], "arguments": {"time": [{"text": "\u4eca\u5e74\u4e03\u6708", "offset": 32, "length": 4}, {"text": "\u516d\u6708", "offset": 0, "length": 2}], "loc": [{"text": "\u5357\u6d77", "offset": 12, "length": 2}, {"text": "\u5357\u6d77", "offset": 45, "length": 2}, {"text": "\u5357\u6d77", "offset": 65, "length": 2}], "country": [{"text": "\u7f8e", "offset": 37, "length": 1}], "weapon": [{"text": "\u5927\u578b\u4fa6\u5bdf\u673a", "offset": 39, "length": 5}]}}, {"sentence": "\u9664\u4e86\u6b21\u6570\u589e\u52a0\u5916\uff0c\u7f8e\u519b\u8fd1\u671f\u5728\u5357\u6d77\u7684\u884c\u52a8\u6a21\u5f0f\u8fd8\u6709\u4e24\u5927\u663e\u8457\u53d8\u5316\uff1a", "events": [], "arguments": {"time": [], "loc": [{"text": "\u5357\u6d77", "offset": 13, "length": 2}], "country": [{"text": "\u7f8e", "offset": 8, "length": 1}], "weapon": []}}, {"sentence": "01", "events": [], "arguments": {"time": [], "loc": [], "country": [], "weapon": []}}, {"sentence": "\u975e\u5e38\u89c4\u65f6\u6bb5\u51fa\u52a8", "events": [], "arguments": {"time": [], "loc": [], "country": [], "weapon": []}}, {"sentence": "\u4e03\u6708\uff0c\u7f8e\u519b\u5171\u670913\u6b21\u884c\u52a8\u53d1\u751f\u5728\u665a20\u70b9\u5230\u6b21\u65e56\u70b9\u4e4b\u95f4\u3002", "events": [], "arguments": {"time": [{"text": "\u4e03\u6708", "offset": 0, "length": 2}, {"text": "\u95f4", "offset": 0, "length": 1}], "loc": [], "country": [{"text": "\u7f8e", "offset": 3, "length": 1}], "weapon": []}}, {"sentence": "02", "events": [], "arguments": {"time": [], "loc": [], "country": [], "weapon": []}}, {"sentence": "\u79bb\u4e2d\u56fd\u6d77\u5cb8\u7ebf\u8d8a\u6765\u8d8a\u8fd1", "events": [], "arguments": {"time": [], "loc": [], "country": [{"text": "\u4e2d\u56fd", "offset": 1, "length": 2}], "weapon": []}}, {"sentence": "\u4e03\u6708\uff0c\u7f8e\u519b\u673a\u5171\u67099\u6b21\u8fdb\u5165\u4e2d\u56fd\u6d77\u5cb8\u7ebf70\u6d77\u91cc\u8303\u56f4\u5185\uff0c\u5176\u4e2d6\u6b21\u8fdb\u516560\u6d77\u91cc\u8303\u56f4\uff0c\u8ddd\u79bb\u6700\u8fd1\u7684\u4e00\u6b21\u53ea\u670941\u6d77\u91cc\u3002", "events": [], "arguments": {"time": [{"text": "\u4e03\u6708", "offset": 0, "length": 2}], "loc": [], "country": [{"text": "\u7f8e", "offset": 3, "length": 1}, {"text": "\u4e2d\u56fd", "offset": 12, "length": 2}], "weapon": []}}, {"sentence": "\u519b\u4e8b\u4e13\u5bb6\u675c\u6587\u9f99\u5206\u6790\uff1a", "events": [], "arguments": {"time": [], "loc": [], "country": [], "weapon": []}}, {"sentence": "\u4e0d\u540c\u519b\u5175\u79cd\u7684\u9ad8\u5bc6\u5ea6\u4fa6\u5bdf\uff0c\u4ece\u7406\u8bba\u4e0a\u770b\uff0c\u597d\u50cf\u5bf9\u7f8e\u519b\u6709\u4e00\u5b9a\u7684\u4ef7\u503c\uff0c\u4f46\u5230\u4e86\u5b9e\u6218\u72b6\u6001\uff0c\u8fd9\u4e9b\u60c5\u62a5\u57fa\u672c\u4e0a\u4ef7\u503c\u5f52\u96f6\u3002", "events": [], "arguments": {"time": [], "loc": [], "country": [{"text": "\u7f8e", "offset": 21, "length": 1}], "weapon": []}}, {"sentence": "\u6765\u6e90\uff1aCCTV-7\u300a\u6b63\u5348\u56fd\u9632\u519b\u4e8b\u300b\u3001CCTV-4\u300a\u4eca\u65e5\u4e9a\u6d32\u300b", "events": [], "arguments": {"time": [], "loc": [], "country": [], "weapon": [{"text": "CCTV-7", "offset": 3, "length": 6}, {"text": "CCTV-4", "offset": 18, "length": 6}]}}]