[{"sentence": "\u7f8e\u519b\u4e00\u5929\u5185\u5411\u53f0\u6e7e\u6d77\u5ce1\u8fde\u6d3e\u4e24\u67b6\u4fa6\u5bdf\u673a\u00a0\u8ddd\u798f\u5efa\u6cbf\u5cb8\u6700\u8fd1\u65f6109\u516c\u91cc", "events": [{"trigger": {"text": "\u6d3e", "offset": 11, "length": 1}, "subject": {"text": "\u7f8e\u519b", "offset": 0, "length": 2}, "object": {"text": "\u4fa6\u5bdf\u673a", "offset": 14, "length": 3}}], "arguments": {"time": [], "loc": [{"text": "\u53f0\u6e7e\u6d77\u5ce1", "offset": 6, "length": 4}, {"text": "\u798f\u5efa\u6cbf\u5cb8", "offset": 19, "length": 4}], "country": [{"text": "\u7f8e", "offset": 0, "length": 1}], "weapon": [{"text": "\u4fa6\u5bdf\u673a", "offset": 14, "length": 3}]}}, {"sentence": "\u3010\u73af\u7403\u7f51\u62a5\u9053 \u89c1\u4e60\u8bb0\u8005 \u9a6c\u5ca9\u3011", "events": [], "arguments": {"time": [], "loc": [], "country": [], "weapon": []}}, {"sentence": "\u8fd1\u671f\u7f8e\u519b\u98de\u673a\u5728\u4e2d\u56fd\u5468\u8fb9\u52a8\u4f5c\u4e0d\u65ad\uff0c8\u670820\u65e5\uff0c\u7f8e\u519b\u518d\u5ea6\u6d3e\u51fa\u4e24\u67b6\u4fa6\u5bdf\u673a\uff0c\u5148\u540e\u524d\u5f80\u53f0\u6e7e\u6d77\u5ce1\u5357\u90e8\u7a7a\u57df\u8fdb\u884c\u4fa6\u5bdf\u3002", "events": [], "arguments": {"time": [{"text": "8\u670820\u65e5", "offset": 16, "length": 5}], "loc": [{"text": "\u4e2d\u56fd\u5468\u8fb9", "offset": 7, "length": 4}, {"text": "\u53f0\u6e7e\u6d77\u5ce1\u5357\u90e8\u7a7a\u57df", "offset": 38, "length": 8}], "country": [{"text": "\u4e2d\u56fd", "offset": 7, "length": 2}], "weapon": [{"text": "\u4fa6\u5bdf\u673a", "offset": 30, "length": 3}]}}, {"sentence": "\u636e\u201c\u5357\u6d77\u6218\u7565\u6001\u52bf\u611f\u77e5\u201d\u5e73\u53f08\u670820\u65e5\u53d1\u5e03\u7684\u6d88\u606f\uff0c\u7f8e\u56fd\u9646\u519b\u5f53\u5929\u6d3e\u51fa\u4e00\u67b6\u201c\u6311\u6218\u8005650\u201d\u4fa6\u5bdf\u673a\u8fdb\u5165\u53f0\u6e7e\u6d77\u5ce1\u5357\u90e8\u7a7a\u57df\uff0c\u5b83\u5148\u5728\u53f0\u6e7e\u5c9b\u4ee5\u4e1c\u6d77\u57df\u5411\u5357\u98de\u884c\uff0c\u7136\u540e\u5728\u53f0\u6e7e\u5c9b\u4ee5\u5357\u6d77\u57df\u81ea\u4e1c\u5411\u897f\u98de\u884c\u4e00\u6bb5\u8ddd\u79bb\u540e\u6298\u8fd4\u3002", "events": [{"trigger": {"text": "\u6d3e\u51fa", "offset": 30, "length": 2}, "subject": {"text": "\u7f8e\u56fd\u9646\u519b", "offset": 24, "length": 4}, "object": {"text": "\u6311\u6218\u8005650", "offset": 35, "length": 6}}], "arguments": {"time": [{"text": "8\u670820\u65e5", "offset": 13, "length": 5}], "loc": [{"text": "\u53f0\u6e7e\u6d77\u5ce1\u5357\u90e8\u7a7a\u57df", "offset": 47, "length": 8}, {"text": "\u5357\u6d77", "offset": 2, "length": 2}, {"text": "\u53f0\u6e7e\u5c9b", "offset": 59, "length": 3}, {"text": "\u53f0\u6e7e\u5c9b", "offset": 74, "length": 3}], "country": [{"text": "\u7f8e\u56fd", "offset": 24, "length": 2}], "weapon": [{"text": "\u6311\u6218\u8005650", "offset": 35, "length": 6}, {"text": "\u201c\u6311\u6218\u8005650\u201d\u4fa6\u5bdf\u673a", "offset": 34, "length": 11}]}}, {"sentence": "\u53e6\u6709\u4e00\u67b6\u7f8e\u56fd\u6d77\u519bP-3C\u53cd\u6f5c\u5de1\u903b\u673a\u5728\u53f0\u6e7e\u5c9b\u4ee5\u5357\u6d77\u57df\u81ea\u4e1c\u5411\u897f\u98de\u884c\u4e00\u6bb5\u8ddd\u79bb\u540e\u6298\u8fd4\uff0c\u636e\u4e2d\u56fd\u798f\u5efa\u7701\u6cbf\u6d77\u6700\u8fd1\u8ddd\u79bb59.12\u6d77\u91cc\uff08\u7ea6109.5\u516c\u91cc\uff09\u3002", "events": [], "arguments": {"time": [], "loc": [{"text": "\u4e2d\u56fd\u798f\u5efa\u7701", "offset": 40, "length": 5}, {"text": "\u53f0\u6e7e\u5c9b\u4ee5\u5357\u6d77\u57df", "offset": 18, "length": 7}], "country": [{"text": "\u7f8e\u56fd", "offset": 4, "length": 2}, {"text": "\u4e2d\u56fd", "offset": 40, "length": 2}], "weapon": [{"text": "P-3C\u53cd\u6f5c\u5de1\u903b\u673a", "offset": 8, "length": 9}]}}, {"sentence": "\u636e\u4ecb\u7ecd\uff0c\u201c\u6311\u6218\u8005650\u201d\u914d\u5907\u9ad8\u7cbe\u5ea6\u68c0\u6d4b\u548c\u5229\u7528\u7cfb\u7edf\uff08HADES\uff09\uff0c\u53ef\u7ed3\u5408\u5730\u9762\u96f7\u8fbe\u548c\u7535\u5b50\u60c5\u62a5\u63a5\u6536\u5668\uff0c\u53ef\u4ee5\u5728\u4fc4\u7f57\u65af\u6216\u4e2d\u56fd\u7684\u9632\u7a7a\u7cfb\u7edf\u8303\u56f4\u4e4b\u5916\u8fd0\u884c\uff0c\u4fa6\u6d4b\u79fb\u52a8\u76ee\u6807\uff0c\u5305\u62ec\u8f66\u8f86\u3001\u8239\u53ea\u7b49\uff0c\u63a5\u6536\u5668\u53ef\u4fa6\u641c\u5230\u654c\u65b9\u96f7\u8fbe\uff0c\u534f\u52a9\u8fdc\u7a0b\u706b\u70ae\u7cbe\u786e\u5c04\u51fb\u3002", "events": [], "arguments": {"time": [], "loc": [], "country": [{"text": "\u4fc4\u7f57\u65af", "offset": 51, "length": 3}, {"text": "\u4e2d\u56fd", "offset": 55, "length": 2}], "weapon": [{"text": "\u9ad8\u7cbe\u5ea6\u68c0\u6d4b\u548c\u5229\u7528\u7cfb\u7edf", "offset": 14, "length": 10}, {"text": "HADES", "offset": 25, "length": 5}, {"text": "\u5730\u9762\u96f7\u8fbe", "offset": 35, "length": 4}, {"text": "\u7535\u5b50\u60c5\u62a5\u63a5\u6536\u5668", "offset": 40, "length": 7}, {"text": "\u201c\u6311\u6218\u8005650\u201d", "offset": 4, "length": 8}]}}, {"sentence": "P-3C\u53cd\u6f5c\u5de1\u903b\u673a\u5b89\u88c5\u4e86\u5927\u91cf\u5148\u8fdb\u7684\u6f5c\u8247\u63a2\u6d4b\u4f20\u611f\u5668\uff0c\u8bf8\u5982\u5b9a\u4f4d\u58f0\u5450\u6d6e\u6807\u7b49\uff0c\u4ee5\u53caMK46/50\u9c7c\u96f7\u3001\u6df1\u6c34\u70b8\u5f39\u3001\u201c\u9c7c\u53c9\u201d\u53cd\u8230\u5bfc\u5f39\u7b49\u6b66\u5668\u3002", "events": [], "arguments": {"time": [], "loc": [], "country": [], "weapon": [{"text": "MK46/50\u9c7c\u96f7", "offset": 37, "length": 9}, {"text": "\u6df1\u6c34\u70b8\u5f39", "offset": 47, "length": 4}, {"text": "\u201c\u9c7c\u53c9\u201d\u53cd\u8230\u5bfc\u5f39", "offset": 52, "length": 8}, {"text": "P-3C\u53cd\u6f5c\u5de1\u903b\u673a", "offset": 0, "length": 9}]}}, {"sentence": "\uff08P-3C\u53cd\u6f5c\u5de1\u903b\u673a\u8d44\u6599\u56fe\uff09", "events": [], "arguments": {"time": [], "loc": [], "country": [], "weapon": [{"text": "P-3C\u53cd\u6f5c\u5de1\u903b\u673a", "offset": 1, "length": 9}]}}, {"sentence": "\u5bf9\u4e8e\u7f8e\u519b\u8230\u673a\u7684\u62b5\u8fd1\u4fa6\u5bdf\u884c\u4e3a\uff0c\u5927\u9646\u56fd\u9632\u90e8\u65b0\u95fb\u53d1\u8a00\u4eba\u5434\u8c26\u5927\u6821\u66fe\u8868\u793a\uff0c\u5f53\u524d\uff0c\u5728\u5730\u533a\u56fd\u5bb6\u7684\u5171\u540c\u52aa\u529b\u4e0b\uff0c\u4e1c\u6d77\u3001\u5357\u6d77\u7684\u5c40\u52bf\u603b\u4f53\u662f\u7a33\u5b9a\u7684\u3002", "events": [], "arguments": {"time": [], "loc": [{"text": "\u4e1c\u6d77", "offset": 47, "length": 2}, {"text": "\u5357\u6d77", "offset": 50, "length": 2}], "country": [{"text": "\u7f8e", "offset": 2, "length": 1}], "weapon": [{"text": "\u8230\u673a", "offset": 4, "length": 2}]}}, {"sentence": "\u8fd9\u5145\u5206\u8bf4\u660e\u57df\u5185\u56fd\u5bb6\u6709\u667a\u6167\u3001\u6709\u80fd\u529b\u3001\u6709\u529e\u6cd5\u901a\u8fc7\u76f4\u63a5\u8c08\u5224\u534f\u5546\uff0c\u59a5\u5904\u5206\u6b67\uff0c\u5171\u62a4\u548c\u5e73\u3002", "events": [], "arguments": {"time": [], "loc": [], "country": [], "weapon": []}}, {"sentence": "\u53cd\u89c2\u4f5c\u4e3a\u57df\u5916\u56fd\u5bb6\u7684\u7f8e\u56fd\uff0c\u6253\u7740\u6240\u8c13\u201c\u822a\u884c\u81ea\u7531\u201d\u7684\u5e4c\u5b50\uff0c\u6d3e\u519b\u7528\u8230\u673a\u6765\u4e1c\u6d77\u3001\u5357\u6d77\u6311\u8845\uff0c\u5bf9\u4e2d\u65b9\u5b9e\u65bd\u9ad8\u9891\u5ea6\u62b5\u8fd1\u4fa6\u5bdf\uff0c\u4e3e\u884c\u9488\u5bf9\u6027\u6781\u5f3a\u7684\u519b\u4e8b\u6f14\u4e60\uff0c\u4e25\u91cd\u5371\u5bb3\u5730\u533a\u56fd\u5bb6\u7684\u4e3b\u6743\u4e0e\u5b89\u5168\u5229\u76ca\uff0c\u4e25\u91cd\u7834\u574f\u672c\u5730\u533a\u7684\u548c\u5e73\u7a33\u5b9a\u3002", "events": [], "arguments": {"time": [], "loc": [{"text": "\u4e1c\u6d77", "offset": 32, "length": 2}, {"text": "\u5357\u6d77", "offset": 35, "length": 2}], "country": [{"text": "\u7f8e\u56fd", "offset": 9, "length": 2}, {"text": "\u4e2d\u65b9", "offset": 41, "length": 2}], "weapon": []}}, {"sentence": "\u5434\u8c26\u8fd8\u66fe\u5f3a\u8c03\uff0c\u53f0\u6e7e\u662f\u4e2d\u56fd\u4e0d\u53ef\u5206\u5272\u7684\u4e00\u90e8\u5206\u3002", "events": [], "arguments": {"time": [], "loc": [], "country": [{"text": "\u53f0\u6e7e", "offset": 7, "length": 2}, {"text": "\u4e2d\u56fd", "offset": 10, "length": 2}], "weapon": []}}, {"sentence": "\u53f0\u6e7e\u4e8b\u52a1\u7eaf\u5c5e\u4e2d\u56fd\u5185\u653f\uff0c\u4e0d\u5bb9\u4efb\u4f55\u5916\u6765\u5e72\u6d89\u3002", "events": [], "arguments": {"time": [], "loc": [], "country": [{"text": "\u53f0\u6e7e", "offset": 0, "length": 2}, {"text": "\u4e2d\u56fd", "offset": 6, "length": 2}], "weapon": []}}, {"sentence": "\u7f8e\u65b9\u9891\u7e41\u6253\u53f0\u6e7e\u724c\uff0c\u60f3\u901a\u8fc7\u201c\u5207\u9999\u80a0\u201d\u7684\u65b9\u5f0f\u6765\u5371\u5bb3\u4e2d\u56fd\u7684\u4e3b\u6743\u548c\u9886\u571f\u5b8c\u6574\uff0c\u8fd9\u5b8c\u5168\u662f\u75f4\u5fc3\u5984\u60f3\u3002", "events": [], "arguments": {"time": [], "loc": [], "country": [{"text": "\u7f8e\u65b9", "offset": 0, "length": 2}, {"text": "\u53f0\u6e7e", "offset": 5, "length": 2}, {"text": "\u4e2d\u56fd", "offset": 23, "length": 2}], "weapon": []}}, {"sentence": "\u89e3\u653e\u519b\u59cb\u7ec8\u4fdd\u6301\u9ad8\u5ea6\u6212\u5907\uff0c\u6709\u575a\u5b9a\u7684\u610f\u5fd7\u3001\u5145\u5206\u7684\u4fe1\u5fc3\u548c\u8db3\u591f\u7684\u80fd\u529b\u7ef4\u62a4\u56fd\u5bb6\u4e3b\u6743\u548c\u9886\u571f\u5b8c\u6574\uff0c\u7ef4\u62a4\u53f0\u6d77\u5730\u533a\u548c\u5e73\u7a33\u5b9a\u3002", "events": [], "arguments": {"time": [], "loc": [{"text": "\u53f0\u6d77\u5730\u533a", "offset": 44, "length": 4}], "country": [], "weapon": []}}, {"sentence": "\u5bf9\u4e8e\u7f8e\u519b\u8230\u673a\u7684\u62b5\u8fd1\u4fa6\u5bdf\u884c\u4e3a\uff0c\u4e2d\u56fd\u519b\u4e8b\u4e13\u5bb6\u5b8b\u5fe0\u5e737\u67088\u65e5\u5728\u63a5\u53d7\u300a\u73af\u7403\u65f6\u62a5\u300b\u91c7\u8bbf\u65f6\u8868\u793a\uff0c\u89e3\u653e\u519b\u53ef\u4ee5\u91c7\u53d6\u62b5\u8fd1\u62e6\u622a\u7684\u65b9\u5f0f\uff0c\u5bf9\u62b5\u8fd1\u4fa6\u5bdf\u7684\u7f8e\u519b\u673a\u8fdb\u884c\u5e72\u6270\uff0c\u8ba9\u5bf9\u65b9\u65e0\u6cd5\u4e13\u5fc3\u5de5\u4f5c\u3002", "events": [], "arguments": {"time": [{"text": "7\u67088\u65e5", "offset": 23, "length": 4}], "loc": [], "country": [{"text": "\u4e2d\u56fd", "offset": 14, "length": 2}], "weapon": []}}, {"sentence": "\u53e6\u4e00\u65b9\u9762\uff0c\u5f53\u5bf9\u65b9\u4fa6\u5bdf\u673a\u63a5\u8fd1\u6211\u56fd\u76f8\u5173\u7a7a\u57df\u65f6\uff0c\u89e3\u653e\u519b\u4e5f\u53ef\u4ee5\u6682\u505c\u4e00\u4e9b\u519b\u4e8b\u6d3b\u52a8\uff0c\u964d\u4f4e\u7535\u78c1\u9891\u8c31\u4fe1\u53f7\u88ab\u622a\u83b7\u7684\u6982\u7387\u3002", "events": [], "arguments": {"time": [], "loc": [], "country": [], "weapon": [{"text": "\u4fa6\u5bdf\u673a", "offset": 8, "length": 3}]}}, {"sentence": "\uff08\u5b8c\uff09", "events": [], "arguments": {"time": [], "loc": [], "country": [], "weapon": []}}, {"sentence": "\uff08\u5b8c\uff09", "events": [], "arguments": {"time": [], "loc": [], "country": [], "weapon": []}}]