[{"sentence": "\u4fc4\u519b\u6218\u673a\u540c\u4e00\u5929\u5206\u522b\u5728\u9ed1\u6d77\u548c\u6ce2\u7f57\u7684\u6d77\u62e6\u622a\u7f8e\u519b\u4fa6\u5bdf\u673a", "events": [{"trigger": {"text": "\u62e6\u622a", "offset": 17, "length": 2}, "subject": {"text": "\u4fc4\u519b\u6218\u673a", "offset": 0, "length": 4}, "object": {"text": "\u7f8e\u519b\u4fa6\u5bdf\u673a", "offset": 19, "length": 5}}], "arguments": {"time": [], "loc": [{"text": "\u9ed1\u6d77", "offset": 10, "length": 2}, {"text": "\u6ce2\u7f57\u7684\u6d77", "offset": 13, "length": 4}], "country": [{"text": "\u4fc4", "offset": 0, "length": 1}, {"text": "\u7f8e", "offset": 19, "length": 1}], "weapon": [{"text": "\u6218\u673a", "offset": 0, "length": 2}, {"text": "\u7f8e\u519b\u4fa6\u5bdf\u673a", "offset": 19, "length": 5}]}}, {"sentence": "\u3010\u73af\u7403\u7f51\u519b\u4e8b\u62a5\u9053\u3011", "events": [], "arguments": {"time": [], "loc": [], "country": [], "weapon": []}}, {"sentence": "\u4fc4\u7f57\u65af\u536b\u661f\u901a\u8baf\u793e8\u670819\u65e5\u62a5\u9053\uff0c\u4fc4\u7f57\u65af\u56fd\u9632\u90e8\u56fd\u5bb6\u56fd\u9632\u7ba1\u7406\u4e2d\u5fc3\u5f53\u5929\u53d1\u5e03\u6d88\u606f\u79f0\uff0c\u4fc4\u519b\u82cf-27\u6218\u673a\u5728\u5df4\u4f26\u652f\u6d77\u5728\u4e2d\u7acb\u6c34\u57df\u4e0a\u7a7a\u62e6\u622a\u4e86\u4e00\u67b6\u7f8e\u519b\u4fa6\u5bdf\u673a\u3002", "events": [], "arguments": {"time": [{"text": "8\u670819\u65e5", "offset": 8, "length": 5}], "loc": [{"text": "\u5df4\u4f26\u652f\u6d77", "offset": 47, "length": 4}, {"text": "\u4fc4\u7f57\u65af\u56fd\u9632\u90e8", "offset": 16, "length": 6}], "country": [{"text": "\u4fc4\u7f57\u65af", "offset": 16, "length": 3}, {"text": "\u4fc4\u7f57\u65af", "offset": 0, "length": 3}], "weapon": [{"text": "\u82cf-27", "offset": 40, "length": 4}, {"text": "\u82cf-27\u6218\u673a", "offset": 40, "length": 6}, {"text": "\u4fa6\u5bdf\u673a", "offset": 0, "length": 3}]}}, {"sentence": "\u4fc4\u7f57\u65af\u82cf-27\u6218\u6597\u673a", "events": [], "arguments": {"time": [], "loc": [], "country": [{"text": "\u4fc4\u7f57\u65af", "offset": 0, "length": 3}], "weapon": [{"text": "\u82cf-27\u6218\u6597\u673a", "offset": 3, "length": 7}]}}, {"sentence": "\u4fc4\u7f57\u65af\u56fd\u9632\u90e8\u5728\u6d88\u606f\u4e2d\u8868\u793a\uff0c\u4fc4\u519b\u98de\u884c\u5458\u9a7e\u673a\u63a5\u8fd1\u76ee\u6807\u81f3\u5b89\u5168\u8ddd\u79bb\uff0c\u8bc6\u522b\u51fa\u76ee\u6807\u4e3a\u7f8e\u56fd\u7a7a\u519bRC-135\u6218\u7565\u4fa6\u5bdf\u673a\u3002", "events": [], "arguments": {"time": [], "loc": [{"text": "\u4fc4\u7f57\u65af\u56fd\u9632\u90e8", "offset": 0, "length": 6}], "country": [{"text": "\u7f8e\u56fd", "offset": 36, "length": 2}], "weapon": [{"text": "RC-135", "offset": 40, "length": 6}, {"text": "RC-135\u6218\u7565\u4fa6\u5bdf\u673a", "offset": 40, "length": 11}]}}, {"sentence": "\u6d88\u606f\u4e2d\u8bf4\uff1a\u201c\u5728\u7f8e\u56fd\u519b\u673a\u98de\u79bb\u4fc4\u7f57\u65af\u8fb9\u754c\u540e\uff0c\u4fc4\u519b\u6218\u673a\u8fd4\u56de\u9a7b\u5730\u673a\u573a\u3002", "events": [], "arguments": {"time": [], "loc": [{"text": "\u4fc4\u7f57\u65af\u8fb9\u754c", "offset": 13, "length": 5}, {"text": "\u9a7b\u5730\u673a\u573a", "offset": 26, "length": 4}], "country": [{"text": "\u7f8e\u56fd", "offset": 7, "length": 2}], "weapon": []}}, {"sentence": "\u82cf-27\u6218\u673a\u5728\u6574\u4e2a\u98de\u884c\u671f\u95f4\u4e25\u683c\u9075\u5b88\u4e86\u56fd\u9645\u7a7a\u57df\u4f7f\u7528\u89c4\u5219\u3002", "events": [], "arguments": {"time": [], "loc": [], "country": [], "weapon": [{"text": "\u82cf-27\u6218\u673a", "offset": 0, "length": 6}]}}, {"sentence": "\u201d\u4fc4\u56fd\u9632\u90e8\u79f0\uff0c\u6ca1\u6709\u53d1\u751f\u7f8e\u519b\u98de\u673a\u4fb5\u72af\u4fc4\u7f57\u65af\u9886\u7a7a\u7684\u60c5\u51b5\u3002", "events": [], "arguments": {"time": [], "loc": [], "country": [{"text": "\u7f8e", "offset": 11, "length": 1}, {"text": "\u4fc4\u7f57\u65af", "offset": 17, "length": 3}], "weapon": [{"text": "\u98de\u673a", "offset": 13, "length": 2}]}}, {"sentence": "\u4fc4\u7f57\u65af\u56fd\u9632\u90e8\u56fd\u5bb6\u56fd\u9632\u7ba1\u7406\u4e2d\u5fc3\u5f53\u5929\u8fd8\u53d1\u5e03\u6d88\u606f\u79f0\uff0c\u4fc4\u519b\u6218\u673a\u5347\u7a7a\uff0c\u5728\u9ed1\u6d77\u6c34\u57df\u62e6\u622a\u7f8e\u56fd\u7a7a\u519b\u3001\u7f8e\u56fd\u6d77\u519b\u98de\u673a\uff0c\u6ca1\u6709\u53d1\u751f\u7f8e\u519b\u98de\u673a\u4fb5\u72af\u4fc4\u7f57\u65af\u9886\u7a7a\u7684\u60c5\u51b5\u3002", "events": [], "arguments": {"time": [], "loc": [{"text": "\u4fc4\u7f57\u65af\u56fd\u9632\u90e8", "offset": 0, "length": 6}, {"text": "\u9ed1\u6d77\u6c34\u57df", "offset": 31, "length": 4}], "country": [{"text": "\u7f8e\u56fd", "offset": 37, "length": 2}, {"text": "\u7f8e\u56fd", "offset": 42, "length": 2}, {"text": "\u4fc4\u7f57\u65af", "offset": 59, "length": 3}], "weapon": [{"text": "\u6218\u673a", "offset": 25, "length": 2}, {"text": "\u519b\u98de\u673a", "offset": 0, "length": 3}, {"text": "\u673a", "offset": 0, "length": 1}]}}, {"sentence": "\u6d88\u606f\u4e2d\u8bf4\uff1a\u201c\u4fc4\u7f57\u65af\u5357\u90e8\u519b\u533a\u9632\u7a7a\u90e8\u961f\u62c5\u4efb\u6218\u5907\u6267\u52e4\u4efb\u52a1\u7684\u82cf-27\u6218\u673a\u5347\u7a7a\uff0c\u524d\u5f80\u67e5\u8bc1\u3001\u62e6\u622a\u3002", "events": [], "arguments": {"time": [], "loc": [{"text": "\u4fc4\u7f57\u65af\u5357\u90e8\u519b\u533a", "offset": 6, "length": 7}], "country": [{"text": "\u4fc4\u7f57\u65af", "offset": 6, "length": 3}], "weapon": [{"text": "\u82cf-27\u6218\u673a", "offset": 26, "length": 6}]}}, {"sentence": "\u4fc4\u519b\u98de\u884c\u5458\u9a7e\u673a\u63a5\u8fd1\u76ee\u6807\u81f3\u5b89\u5168\u8ddd\u79bb\uff0c\u8bc6\u522b\u51fa\u76ee\u6807\u4e3a\u7f8e\u56fd\u7a7a\u519bRC-135\u6218\u7565\u4fa6\u5bdf\u673a\u3001\u7f8e\u56fd\u6d77\u519bP-8A\u2018\u6ce2\u585e\u51ac\u2019\u53cd\u6f5c\u5de1\u903b\u673a\u201d\u3002", "events": [], "arguments": {"time": [], "loc": [], "country": [{"text": "\u4fc4", "offset": 0, "length": 1}, {"text": "\u7f8e\u56fd", "offset": 23, "length": 2}, {"text": "\u7f8e\u56fd", "offset": 39, "length": 2}], "weapon": [{"text": "P-8A", "offset": 43, "length": 4}, {"text": "\u2018\u6ce2\u585e\u51ac\u2019\u53cd\u6f5c\u5de1\u903b\u673a\u201d", "offset": 47, "length": 11}, {"text": "RC-135\u6218\u7565\u4fa6\u5bdf\u673a", "offset": 27, "length": 11}, {"text": "P-8A\u2018\u6ce2\u585e\u51ac\u2019\u53cd\u6f5c\u5de1\u903b\u673a", "offset": 43, "length": 14}, {"text": "\u201d", "offset": 0, "length": 1}]}}, {"sentence": "\u5728\u7f8e\u56fd\u519b\u673a\u98de\u79bb\u4fc4\u7f57\u65af\u8fb9\u754c\u540e\uff0c\u4fc4\u519b\u6218\u673a\u8fd4\u56de\u9a7b\u5730\u673a\u573a\u3002", "events": [], "arguments": {"time": [], "loc": [{"text": "\u4fc4\u7f57\u65af\u8fb9\u754c", "offset": 7, "length": 5}, {"text": "\u9a7b\u5730\u673a\u573a", "offset": 20, "length": 4}], "country": [{"text": "\u7f8e\u56fd", "offset": 1, "length": 2}], "weapon": [{"text": "\u6218\u673a", "offset": 16, "length": 2}]}}]