[{"sentence": "\u201c\u798f\u7279\u201d\u7ea7\u822a\u6bcd\u6280\u672f\u6545\u969c\u4ecd\u672a\u5b8c\u5168\u6392\u9664\uff0c\u7f8e\u56fd\u6d77\u519b\u7ee7\u7eed\u8ffd\u52a0\u9884\u7b97", "events": [], "arguments": {"time": [], "loc": [], "country": [{"text": "\u7f8e\u56fd", "offset": 18, "length": 2}], "weapon": [{"text": "\u201c\u798f\u7279\u201d\u7ea7\u822a\u6bcd", "offset": 0, "length": 7}]}}, {"sentence": "\u3010\u73af\u7403\u65f6\u62a5\u7279\u7ea6\u8bb0\u8005 \u77f3\u7559\u98ce\u3011", "events": [], "arguments": {"time": [], "loc": [], "country": [], "weapon": []}}, {"sentence": "\u7f8e\u56fd\u6d77\u519b\u7814\u7a76\u5b66\u4f1a\u7f51\u7ad918\u65e5\u62ab\u9732\u4e86\u4e0a\u5468\u63d0\u4ea4\u7f8e\u56fd\u4f1a\u7684\u62a5\u544a\uff0c\u62ab\u9732\u4e86\u201c\u798f\u7279\u201d\u7ea7\u822a\u6bcd\u7684\u5efa\u9020\u8d39\u7528\u548c\u8ba1\u5212\uff0c\u663e\u793a\u201c\u798f\u7279\u201d\u53f7\u822a\u6bcd\u7684\u6280\u672f\u6545\u969c\u81f3\u4eca\u4ecd\u672a\u5b8c\u5168\u6392\u9664\uff0c\u7f8e\u56fd\u6d77\u519b\u4e0d\u5f97\u4e0d\u7ee7\u7eed\u8ffd\u52a0\u9884\u7b97\uff0c\u6b64\u4e3e\u4e5f\u5f15\u53d1\u4e86\u7f8e\u56fd\u56fd\u4f1a\u7684\u8d28\u7591\u3002", "events": [], "arguments": {"time": [{"text": "18\u65e5", "offset": 10, "length": 3}, {"text": "\u4e0a\u5468", "offset": 16, "length": 2}], "loc": [], "country": [{"text": "\u7f8e\u56fd", "offset": 89, "length": 2}, {"text": "\u7f8e\u56fd", "offset": 0, "length": 2}, {"text": "\u7f8e\u56fd", "offset": 20, "length": 2}, {"text": "\u7f8e\u56fd", "offset": 69, "length": 2}], "weapon": [{"text": "\u201c\u798f\u7279\u201d\u53f7\u822a\u6bcd", "offset": 48, "length": 7}]}}, {"sentence": "\u62a5\u544a\u79f0\uff0c\u7f8e\u56fd\u6d77\u519b\u57282021\u8d22\u5e74\u9884\u7b97\u6848\u4e2d\uff0c\u4e3a\u201c\u798f\u7279\u201d\u7ea7\u822a\u6bcd\u524d4\u8258\u8230\u8ffd\u52a0\u4e86\u7ea627.15\u4ebf\u7f8e\u5143\u7684\u9884\u7b97\u3002", "events": [], "arguments": {"time": [{"text": "2021", "offset": 9, "length": 4}, {"text": "2021\u8d22\u5e74", "offset": 9, "length": 6}], "loc": [], "country": [{"text": "\u7f8e\u56fd", "offset": 4, "length": 2}], "weapon": [{"text": "\u201c\u798f\u7279\u201d\u7ea7\u822a\u6bcd", "offset": 21, "length": 7}]}}, {"sentence": "\u5176\u4e2d\uff0c\u9996\u8230\u201c\u798f\u7279\u201d\u53f7\u822a\u6bcd\u8fd8\u9700\u8ffd\u52a07100\u4e07\u7f8e\u5143\u9884\u7b97\uff0c3\u53f7\u8230\u201c\u4f01\u4e1a\u53f7\u201d\uff08CVN-80\uff09\u822a\u6bcd\u9700\u8981\u8ffd\u52a09.975\u4ebf\u7f8e\u5143\u9884\u7b97\uff0c4\u53f7\u8230\u201c\u7c73\u52d2\u201d\u53f7\uff08CVN-81\uff09\u4e5f\u9700\u8981\u8ffd\u52a016.465\u4ebf\u7f8e\u5143\u9884\u7b97\u3002", "events": [], "arguments": {"time": [], "loc": [], "country": [], "weapon": [{"text": "CVN-80", "offset": 35, "length": 6}, {"text": "CVN-81", "offset": 68, "length": 6}, {"text": "\u201c\u7c73\u52d2\u201d\u53f7", "offset": 62, "length": 5}, {"text": "\u4f01\u4e1a\u53f7", "offset": 30, "length": 3}, {"text": "\u201c\u798f\u7279\u201d\u53f7", "offset": 5, "length": 5}, {"text": "\u201c\u4f01\u4e1a\u53f7\u201d\uff08CVN-80\uff09\u822a\u6bcd", "offset": 29, "length": 15}, {"text": "\u201c\u7c73\u52d2\u201d\u53f7\uff08CVN-81\uff09", "offset": 62, "length": 13}]}}, {"sentence": "\u201c\u798f\u7279\u201d\u53f7\u822a\u6bcd\u4e8e2008\u8d22\u5e74\u8ba2\u8d2d\uff0c\u539f\u8ba1\u52122014\u5e74\u4ea4\u4ed8\u4f7f\u7528\uff0c\u56e0\u8bf8\u591a\u6280\u672f\u95ee\u9898\u53cd\u590d\u5ef6\u671f\uff0c\u52c9\u5f3a\u4e8e2017\u5e747\u670822\u65e5\u670d\u5f79\u3002", "events": [], "arguments": {"time": [{"text": "2008\u8d22\u5e74", "offset": 8, "length": 6}, {"text": "2014\u5e74", "offset": 20, "length": 5}, {"text": "2017\u5e747\u670822\u65e5", "offset": 45, "length": 10}], "loc": [], "country": [], "weapon": [{"text": "\u201c\u798f\u7279\u201d\u53f7\u822a\u6bcd", "offset": 0, "length": 7}]}}, {"sentence": "\u8be5\u8230\u6700\u521d\u7684\u5efa\u9020\u603b\u9884\u7b97105\u4ebf\u7f8e\u5143\uff0c\u81f3\u4eca\u5df2\u9ad8\u8fbe133.165\u4ebf\u7f8e\u5143\u3002", "events": [], "arguments": {"time": [], "loc": [], "country": [], "weapon": []}}, {"sentence": "\u7f8e\u56fd\u6d77\u519b\u76ee\u524d\u6b63\u5728\u52aa\u529b\u5b8c\u6210\u8be5\u8230\u768411\u90e8\u6b66\u5668\u5347\u964d\u673a\u7684\u6d4b\u8bd5\u548c\u8ba4\u8bc1\uff0c\u9884\u8ba1\u52302021\u5e745\u6708\u624d\u80fd\u5b8c\u6210\u3002", "events": [], "arguments": {"time": [{"text": "2021\u5e745\u6708", "offset": 33, "length": 7}], "loc": [], "country": [{"text": "\u7f8e\u56fd", "offset": 0, "length": 2}], "weapon": [{"text": "\u6b66\u5668\u5347\u964d\u673a", "offset": 18, "length": 5}]}}, {"sentence": "\u6b64\u5916\uff0c\u8fd8\u8981\u89e3\u51b3\u7535\u78c1\u5f39\u5c04\u5668\u6545\u969c\u7387\u8fc7\u9ad8\u3001\u7535\u9a71\u52a8\u7cfb\u7edf\u65e0\u6cd5\u9694\u79bb\u7ef4\u4fee\u7b49\u6280\u672f\u6545\u969c\u3002", "events": [], "arguments": {"time": [], "loc": [], "country": [], "weapon": [{"text": "\u7535\u78c1\u5f39\u5c04\u5668", "offset": 7, "length": 5}]}}, {"sentence": "\u56e0\u6b64\u5bf9\u8be5\u8230\u8fdb\u884c\u201c\u51b2\u51fb\u8bd5\u9a8c\u201d\u7684\u6d77\u8bd5\u65f6\u95f4\u65e0\u6cd5\u786e\u5b9a\uff0c\u8be5\u822a\u6bcd\u90e8\u7f72\u65f6\u95f4\u9884\u8ba1\u5c06\u5ef6\u81f32022\u5e74\u3002", "events": [], "arguments": {"time": [{"text": "2022\u5e74", "offset": 35, "length": 5}], "loc": [], "country": [], "weapon": [{"text": "\u822a\u6bcd", "offset": 24, "length": 2}]}}, {"sentence": "2\u53f7\u8230\u201c\u80af\u5c3c\u8fea\u201d\uff08CVN-79\uff09\u4e8e2013\u8d22\u5e74\u8ba2\u8d2d\uff0c\u5efa\u9020\u6210\u672c\u76ee\u524d\u9884\u4f30\u4e3a\u5927\u7ea6114\u4ebf\u7f8e\u5143\uff0c\u8be5\u8239\u7684\u5236\u9020\u5de5\u827a\u5438\u53d6\u4e86\u201c\u798f\u7279\u201d\u53f7\u7684\u7ecf\u9a8c\u6559\u8bad\uff0c\u91c7\u53d6\u4e86\u4e00\u7cfb\u5217\u6539\u8fdb\u63aa\u65bd\uff0c\u76ee\u524d\u5df2\u5b8c\u621070%\u7684\u5efa\u9020\u8fdb\u5ea6\uff0c\u8ba1\u5212\u4e8e2024\u5e749\u6708\u4ea4\u4ed8\u7f8e\u56fd\u6d77\u519b\u3002", "events": [], "arguments": {"time": [{"text": "2024\u5e749\u6708", "offset": 93, "length": 7}, {"text": "2013\u8d22\u5e74", "offset": 17, "length": 6}], "loc": [], "country": [{"text": "\u7f8e\u56fd", "offset": 102, "length": 2}], "weapon": [{"text": "CVN-79", "offset": 9, "length": 6}, {"text": "\u80af\u5c3c\u8fea", "offset": 4, "length": 3}, {"text": "\u201c\u80af\u5c3c\u8fea\u201d\uff08CVN-79\uff09", "offset": 3, "length": 13}, {"text": "\u201c\u798f\u7279\u201d\u53f7", "offset": 54, "length": 5}]}}, {"sentence": "3\u53f7\u8230\u201c\u4f01\u4e1a\u201d\u53f7\u4e8e2018\u8d22\u5e74\u8ba2\u8d2d\uff0c\u5efa\u9020\u6210\u672c\u76ee\u524d\u9884\u4f30\u4e3a\u5927\u7ea6123\u4ebf\u7f8e\u5143\uff0c\u8ba1\u5212\u4e8e2028\u5e743\u6708\u4ea4\u4ed8\u3002", "events": [], "arguments": {"time": [{"text": "2018", "offset": 9, "length": 4}, {"text": "2028\u5e743\u6708", "offset": 39, "length": 7}, {"text": "2018\u8d22\u5e74", "offset": 9, "length": 6}], "loc": [], "country": [], "weapon": [{"text": "\u201c\u4f01\u4e1a\u201d\u53f7", "offset": 3, "length": 5}]}}, {"sentence": "4\u53f7\u8230\u201c\u7c73\u52d2\u201d\u53f7\u672c\u6765\u662f2019\u8d22\u5e74\u8ba2\u8d2d\uff0c\u5efa\u9020\u6210\u672c\u76ee\u524d\u9884\u4f30\u4e3a\u5927\u7ea6124\u4ebf\u7f8e\u5143\uff0c\u8ba1\u5212\u4e8e2032\u5e742\u6708\u4ea4\u4ed8\u3002", "events": [], "arguments": {"time": [{"text": "2032\u5e742\u6708", "offset": 41, "length": 7}, {"text": "2019\u8d22\u5e74", "offset": 11, "length": 6}], "loc": [], "country": [], "weapon": [{"text": "\u201c\u7c73\u52d2\u201d\u53f7", "offset": 3, "length": 5}]}}, {"sentence": "\u7f8e\u56fd\u6d77\u519b\u4f30\u8ba1\uff0c\u540c\u65f6\u5efa\u9020\u201c\u4f01\u4e1a\u201d\u53f7\u548c\u201c\u7c73\u52d2\u201d\u53f7\u822a\u6bcd\uff0c\u53ef\u4ee5\u5e73\u644a\u5efa\u9020\u6210\u672c\uff0c\u8282\u7701\u7ea640\u4ebf\u7f8e\u5143\u3002", "events": [], "arguments": {"time": [], "loc": [], "country": [{"text": "\u7f8e\u56fd", "offset": 0, "length": 2}], "weapon": [{"text": "\u201c\u4f01\u4e1a\u201d\u53f7", "offset": 11, "length": 5}, {"text": "\u201c\u7c73\u52d2\u201d\u53f7\u822a\u6bcd", "offset": 17, "length": 7}]}}, {"sentence": "\u8003\u8651\u5230\u5efa\u9020\u822a\u6bcd\u6240\u9700\u7684\u65f6\u95f4\u548c\u73b0\u6709\u822a\u6bcd\u7684\u9000\u5f79\u65f6\u95f4\u8868\uff0c\u6309\u7167\u7f8e\u56fd\u6d77\u519b2020\u8d22\u5e7430\u5e74\u9020\u8239\u8ba1\u5212\uff0c\u4ece2028\u8d22\u5e74\u5f00\u59cb\uff0c\u7f8e\u56fd\u5c06\u6bcf4\u5e74\u5efa\u9020\u4e00\u8258\u822a\u6bcd\uff0c\u529b\u4e89\u57282060\u5e74\u540e\u91cd\u73b012\u8258\u822a\u6bcd\u7684\u53d1\u5c55\u76ee\u6807\u3002", "events": [], "arguments": {"time": [{"text": "2020", "offset": 30, "length": 4}, {"text": "2028", "offset": 45, "length": 4}, {"text": "2060", "offset": 70, "length": 4}, {"text": "2028\u8d22\u5e74", "offset": 45, "length": 6}], "loc": [], "country": [{"text": "\u7f8e\u56fd", "offset": 26, "length": 2}, {"text": "\u7f8e\u56fd", "offset": 54, "length": 2}], "weapon": []}}, {"sentence": "\u4f46\u8fd9\u4e00\u8ba1\u5212\u8fd8\u9762\u4e34\u4e00\u7cfb\u5217\u8003\u9a8c\u3002", "events": [], "arguments": {"time": [], "loc": [], "country": [], "weapon": []}}, {"sentence": "\u91cd\u91cd\u7684\u6280\u672f\u95ee\u9898\u56f0\u6270\u548c\u5efa\u9020\u6210\u672c\u4e25\u91cd\u8d85\u652f\uff0c\u52a0\u4e0a\u5bf9\u624b\u53cd\u8230\u5f39\u9053\u5bfc\u5f39\u548c\u5148\u8fdb\u53cd\u8230\u5de1\u822a\u5bfc\u5f39\u7684\u5feb\u901f\u53d1\u5c55\uff0c\u7ed9\u201c\u798f\u7279\u201d\u7ea7\u822a\u6bcd\u7684\u5efa\u9020\u8499\u4e0a\u4e86\u4e00\u5c42\u9634\u5f71\u3002", "events": [], "arguments": {"time": [], "loc": [], "country": [], "weapon": [{"text": "\u53cd\u8230\u5f39\u9053\u5bfc\u5f39", "offset": 23, "length": 6}, {"text": "\u5148\u8fdb\u53cd\u8230\u5de1\u822a\u5bfc\u5f39", "offset": 30, "length": 8}, {"text": "\u201c\u798f\u7279\u201d\u7ea7\u822a\u6bcd", "offset": 45, "length": 7}]}}, {"sentence": "\u7f8e\u56fd\u56fd\u4f1a\u5f00\u59cb\u8fdb\u884c\u7814\u8ba8\uff0c\u5728\u201c\u7c73\u52d2\u201d\u53f7\u822a\u6bcd\u4e4b\u540e\uff0c2024\u8d22\u5e74\u5e94\u8be5\u8ba2\u8d2d\u4ec0\u4e48\u6837\u7684\u822a\u6bcd\u2014\u2014\u5230\u5e95\u662f\u201c\u798f\u7279\u201d\u7ea7\u8fd9\u6837\u7684\u5927\u7532\u677f\u6838\u52a8\u529b\u822a\u6bcd\uff0c\u8fd8\u662f\u8f83\u5c0f\u7684\u8f7b\u578b\u822a\u6bcd\u6216\u662f\u5e38\u89c4\u52a8\u529b\u822a\u6bcd\uff1f", "events": [], "arguments": {"time": [{"text": "2024\u8d22\u5e74", "offset": 22, "length": 6}], "loc": [], "country": [{"text": "\u7f8e\u56fd", "offset": 0, "length": 2}], "weapon": [{"text": "\u201c\u798f\u7279\u201d\u7ea7", "offset": 43, "length": 5}]}}, {"sentence": "\u8f7b\u578b\u822a\u6bcd\u53ef\u4ee5\u8d77\u964dF-35B\u6216\u5168\u90e8\u8d77\u964d\u65e0\u4eba\u673a\uff0c\u8fd9\u662f\u7f8e\u56fd\u6d77\u519b\u8fd1\u5e74\u6765\u6b63\u5728\u7814\u7a76\u7684\u7701\u94b1\u822a\u6bcd\u5efa\u9020\u9009\u9879\u3002", "events": [], "arguments": {"time": [], "loc": [], "country": [{"text": "\u7f8e\u56fd", "offset": 24, "length": 2}], "weapon": [{"text": "F-35B", "offset": 8, "length": 5}, {"text": "\u65e0\u4eba\u673a", "offset": 18, "length": 3}]}}]