[{"sentence": "\u4fc4\u519b\u53f8\u4ee4\u900f\u9732\u4fc4\u6218\u7565\u706b\u7bad\u5175\u91cd\u5927\u4fe1\u606f\u00a0\u5c06\u5168\u9762\u6362\u88c5\u4e09\u6b3e\u201c\u5927\u6740\u5668\u201d", "events": [], "arguments": {"time": [], "loc": [], "country": [{"text": "\u4fc4", "offset": 6, "length": 1}, {"text": "\u4fc4", "offset": 0, "length": 1}], "weapon": []}}, {"sentence": "\u3010\u73af\u7403\u7f51\u519b\u4e8b\u62a5\u9053\u3011", "events": [], "arguments": {"time": [], "loc": [], "country": [], "weapon": []}}, {"sentence": "\u4fc4\u7f57\u65af\u536b\u661f\u65b0\u95fb\u901a\u8baf\u793e8\u670819\u65e5\u62a5\u9053\uff0c\u4fc4\u7f57\u65af\u6218\u7565\u706b\u7bad\u5175\u53f8\u4ee4\u8c22\u5c14\u76d6\u00b7\u5361\u62c9\u5361\u8036\u592b\u8868\u793a\uff0c\u4fc4\u6218\u7565\u706b\u7bad\u5175\u8fd1\u671f\u5c06\u5206\u9636\u6bb5\u4e3a\u6240\u6709\u5bfc\u5f39\u56e2\u6362\u88c5\u6700\u65b0\u578b\u7cfb\u7edf\u201c\u4e9a\u5c14\u65af\u201d\u3001\u201c\u8428\u5c14\u9a6c\u7279\u201d\u548c\u201c\u5148\u950b\u201d\u3002", "events": [], "arguments": {"time": [{"text": "8\u670819\u65e5", "offset": 10, "length": 5}], "loc": [], "country": [{"text": "\u4fc4\u7f57\u65af", "offset": 18, "length": 3}, {"text": "\u4fc4\u7f57\u65af", "offset": 0, "length": 3}], "weapon": [{"text": "\u4e9a\u5c14\u65af", "offset": 66, "length": 3}, {"text": "\u8428\u5c14\u9a6c\u7279", "offset": 72, "length": 4}, {"text": "\u5148\u950b", "offset": 79, "length": 2}, {"text": "\u201c\u4e9a\u5c14\u65af\u201d", "offset": 65, "length": 5}, {"text": "\u201c\u8428\u5c14\u9a6c\u7279\u201d", "offset": 71, "length": 6}, {"text": "\u201c\u5148\u950b\u201d", "offset": 78, "length": 4}]}}, {"sentence": "\u5361\u62c9\u5361\u8036\u592b\u79f0\uff0c\u4fc4\u6218\u7565\u706b\u7bad\u5175\u76ee\u524d\u73b0\u4ee3\u5316\u5bfc\u5f39\u7cfb\u7edf\u5360\u6bd4\u4e3a76%\uff0c\u5e74\u5e95\u524d\u5c06\u63d0\u5347\u81f381%\u3002", "events": [], "arguments": {"time": [], "loc": [], "country": [{"text": "\u4fc4", "offset": 7, "length": 1}], "weapon": []}}, {"sentence": "\u4ed6\u5728\u91c7\u8bbf\u65f6\u8bf4\uff1a\u201c\u6839\u636e\u6218\u7565\u706b\u7bad\u5175\u7684\u5347\u7ea7\u8ba1\u5212\uff0c\u76ee\u524d\u6b63\u79ef\u6781\u5f00\u5c55\u6362\u88c5\u2018\u4e9a\u5c14\u65af\u2019\u5bfc\u5f39\u7cfb\u7edf\u7684\u5de5\u4f5c\uff0c\u540c\u65f6\u4e5f\u6b63\u5728\u51c6\u5907\u88c5\u6709\u2018\u8428\u5c14\u9a6c\u7279\u2019\u5bfc\u5f39\u7684\u65b0\u578b\u5bfc\u5f39\u7cfb\u7edf\u7684\u98de\u884c\u8bd5\u9a8c\u3002", "events": [], "arguments": {"time": [], "loc": [], "country": [], "weapon": [{"text": "\u2018\u4e9a\u5c14\u65af\u2019\u5bfc\u5f39\u7cfb\u7edf", "offset": 30, "length": 9}, {"text": "\u2018\u8428\u5c14\u9a6c\u7279\u2019\u5bfc\u5f39", "offset": 52, "length": 8}]}}, {"sentence": "\u6218\u7565\u706b\u7bad\u5175\u8fd1\u671f\u8ba1\u5212\u5206\u9636\u6bb5\u4e3a\u6240\u6709\u5bfc\u5f39\u5175\u56e2\u6362\u88c5\u65b0\u578b\u5bfc\u5f39\u7cfb\u7edf\u2018\u4e9a\u5c14\u65af\u2019\u3001\u2018\u5148\u950b\u2019\u548c\u2018\u8428\u5c14\u9a6c\u7279\u2019\u3002", "events": [], "arguments": {"time": [], "loc": [], "country": [], "weapon": [{"text": "\u2018\u4e9a\u5c14\u65af\u2019", "offset": 27, "length": 5}, {"text": "\u2018\u5148\u950b\u2019", "offset": 33, "length": 4}, {"text": "\u2018\u8428\u5c14\u9a6c\u7279\u2019", "offset": 38, "length": 6}]}}, {"sentence": "\u201d", "events": [], "arguments": {"time": [], "loc": [], "country": [], "weapon": []}}, {"sentence": "\u201c\u5148\u950b\u201d\u4e0e\u5176\u4ed6\u4fc4\u7f57\u65af\u6700\u65b0\u6b66\u5668\u7cfb\u7edf\u4e8e2018\u5e743\u67081\u65e5\u7531\u4fc4\u7f57\u65af\u603b\u7edf\u666e\u4eac\u5728\u81f4\u8054\u90a6\u4f1a\u8bae\u7684\u56fd\u60c5\u54a8\u6587\u4e2d\u63a8\u51fa\u3002", "events": [], "arguments": {"time": [{"text": "2018\u5e743\u67081\u65e5", "offset": 17, "length": 9}], "loc": [], "country": [{"text": "\u4fc4\u7f57\u65af", "offset": 27, "length": 3}, {"text": "\u4fc4\u7f57\u65af", "offset": 7, "length": 3}], "weapon": [{"text": "\u201c\u5148\u950b\u201d", "offset": 0, "length": 4}]}}, {"sentence": "\u666e\u4eac\u79f0\uff0c\u201c\u5148\u950b\u201d\u5bfc\u5f39\u7684\u5f39\u5934\u80fd\u591f\u4ee520\u500d\u97f3\u901f\u7684\u901f\u5ea6\u98de\u884c\u3002", "events": [], "arguments": {"time": [], "loc": [], "country": [], "weapon": [{"text": "\u201c\u5148\u950b\u201d\u5bfc\u5f39", "offset": 4, "length": 6}]}}, {"sentence": "\u4fc4\u7f57\u65af\u56fd\u9632\u90e8\u6b64\u524d\u8868\u793a\uff0c\u9996\u4e2a\u88c5\u5907\u201c\u5148\u950b\u201d\u7684\u56e2\u4e8e\u53bb\u5e74\u5e74\u5e95\u5728\u5965\u4f26\u5821\u5dde\u6295\u5165\u6218\u6597\u503c\u73ed\u3002", "events": [], "arguments": {"time": [{"text": "\u53bb\u5e74\u5e74\u5e95", "offset": 22, "length": 4}], "loc": [{"text": "\u5965\u4f26\u5821\u5dde", "offset": 27, "length": 4}, {"text": "\u4fc4\u7f57\u65af\u56fd\u9632\u90e8", "offset": 0, "length": 6}], "country": [{"text": "\u4fc4\u7f57\u65af", "offset": 0, "length": 3}], "weapon": []}}, {"sentence": "\u201c\u8428\u5c14\u9a6c\u7279\u201d\uff08RS-28\uff09\u5bfc\u5f39\u5c06\u7528\u4e8e\u66ff\u6362\u4e16\u754c\u4e0a\u6700\u91cd\u578b\u7684\u6218\u7565\u5bfc\u5f39\u201c\u90e8\u961f\u957f\u5b98\u201d\uff08\u5317\u7ea6\u79f0\u4e3a\u201c\u6492\u65e6\u201d\uff09\u3002", "events": [], "arguments": {"time": [], "loc": [], "country": [{"text": "\u5317\u7ea6", "offset": 38, "length": 2}], "weapon": [{"text": "\u201c\u8428\u5c14\u9a6c\u7279\u201d\uff08RS-28\uff09\u5bfc\u5f39", "offset": 0, "length": 15}, {"text": "\u90e8\u961f\u957f\u5b98", "offset": 32, "length": 4}, {"text": "\u201c\u6492\u65e6\u201d", "offset": 42, "length": 4}, {"text": "\u90e8\u961f\u957f\u5b98\u201d", "offset": 0, "length": 5}]}}, {"sentence": "\u65b0\u5bfc\u5f39\u5c06\u80fd\u591f\u8d8a\u8fc7\u5317\u6781\u548c\u5357\u6781\u632b\u8d25\u654c\u65b9\u53cd\u5bfc\u7cfb\u7edf\u653b\u51fb\u76ee\u6807\u3002", "events": [], "arguments": {"time": [], "loc": [{"text": "\u5317\u6781", "offset": 8, "length": 2}, {"text": "\u5357\u6781", "offset": 11, "length": 2}], "country": [], "weapon": [{"text": "\u5bfc\u5f39", "offset": 1, "length": 2}]}}, {"sentence": "\u4fc4\u7f57\u65af\u56fd\u9632\u90e8\u526f\u90e8\u957f\u963f\u5217\u514b\u8c22\u00b7\u514b\u91cc\u6c83\u9c81\u5947\u79d1\u6b64\u524d\u66fe\u79f0\uff0c\u9996\u6279\u91cf\u4ea7\u578b\u201c\u8428\u5c14\u9a6c\u7279\u201d\u5bfc\u5f39\u5c06\u4e8e2021\u5e74\u5217\u88c5\u3002", "events": [], "arguments": {"time": [{"text": "2021\u5e74", "offset": 40, "length": 5}], "loc": [{"text": "\u4fc4\u7f57\u65af\u56fd\u9632\u90e8", "offset": 0, "length": 6}], "country": [], "weapon": [{"text": "\u201c\u8428\u5c14\u9a6c\u7279\u201d\u5bfc\u5f39", "offset": 30, "length": 8}, {"text": "\u91cf\u4ea7\u578b\u201c\u8428\u5c14\u9a6c\u7279\u201d\u5bfc\u5f39", "offset": 27, "length": 11}]}}, {"sentence": "\u5728\u201c\u519b\u961f-2019\u201d\u8bba\u575b\u4e0a\uff0c\u4fc4\u519b\u65b9\u9996\u6b21\u900f\u9732\u4e86\u6700\u65b0\u578b\u6d32\u9645\u5f39\u9053\u5bfc\u5f39\u201c\u8428\u5c14\u9a6c\u7279\u201d\u7684\u4e3b\u8981\u6218\u672f\u6280\u672f\u6027\u80fd\uff0c\u5176\u5c04\u7a0b\u8fbe1.8\u4e07\u516c\u91cc\uff0c\u53d1\u5c04\u91cd\u91cf208.1\u5428\uff0c\u6709\u6548\u8f7d\u8377\u91cd\u91cf\u8d85\u8fc710\u5428\uff0c\u71c3\u6599\u91cd\u91cf178\u5428\uff0c\u5bfc\u5f39\u957f\u5ea635.5\u7c73\uff0c\u76f4\u5f843\u7c73\uff0c\u6218\u6597\u90e8\u7c7b\u578b\u4e3a\u5355\u7528\u5236\u5bfc\u9730\u5c04\u5f39\u5934\u3002", "events": [], "arguments": {"time": [], "loc": [], "country": [{"text": "\u4fc4", "offset": 14, "length": 1}], "weapon": [{"text": "\u201c\u8428\u5c14\u9a6c\u7279\u201d", "offset": 31, "length": 6}]}}]