[{"sentence": "\u5e26\u75c5\u51fa\u53e3\u3001\u4ee5\u6b21\u5145\u597d\uff0c\u65e5\u5a92\uff1a\u7f8e\u5bf9\u5916\u519b\u552e\u5751\u76df\u53cb", "events": [], "arguments": {"time": [], "loc": [], "country": [{"text": "\u7f8e", "offset": 13, "length": 1}], "weapon": []}}, {"sentence": "\u3010\u73af\u7403\u65f6\u62a5\u7279\u7ea6\u8bb0\u8005 \u5546\u5764 \u6613\u6062\u8363\u3011", "events": [], "arguments": {"time": [], "loc": [], "country": [], "weapon": []}}, {"sentence": "\u5728\u519b\u5907\u9886\u57df\u4e25\u91cd\u4f9d\u8d56\u7f8e\u56fd\u7684\u65e5\u672c\u9632\u536b\u7701\uff0c\u8fd1\u65e5\u5374\u575a\u6301\u4e0b\u4e00\u4ee3\u6218\u6597\u673a\u7814\u5236\u5de5\u4f5c\u5fc5\u987b\u201c\u8d70\u81ea\u5df1\u7684\u8def\u201d\uff0c\u8fd9\u4e2a\u51b3\u5b9a\u8ba9\u5916\u754c\u975e\u5e38\u610f\u5916\u3002", "events": [], "arguments": {"time": [], "loc": [], "country": [{"text": "\u65e5\u672c", "offset": 12, "length": 2}, {"text": "\u7f8e\u56fd", "offset": 9, "length": 2}], "weapon": []}}, {"sentence": "\u300a\u65e5\u672c\u7ecf\u6d4e\u65b0\u95fb\u300b\u7f51\u7ad918\u65e5\u62ab\u9732\uff0c\u9632\u536b\u7701\u505a\u6b64\u51b3\u5b9a\uff0c\u662f\u56e0\u4e3a\u6b64\u524d\u4e0e\u7f8e\u56fd\u5408\u4f5c\u7814\u5236\u6b66\u5668\u65f6\u5df2\u7ecf\u5403\u8fc7\u592a\u591a\u7684\u4e8f\u3002", "events": [], "arguments": {"time": [{"text": "18\u65e5", "offset": 10, "length": 3}], "loc": [], "country": [{"text": "\u65e5\u672c", "offset": 1, "length": 2}, {"text": "\u7f8e\u56fd", "offset": 30, "length": 2}], "weapon": []}}, {"sentence": "\u800c\u8ba9\u7f8e\u56fd\u76df\u53cb\u5bd2\u5fc3\u7684\u662f\uff0c\u7c7b\u4f3c\u906d\u9047\u5e76\u975e\u53ea\u6709\u65e5\u672c\u78b0\u5230\u8fc7\u3002", "events": [], "arguments": {"time": [], "loc": [], "country": [{"text": "\u7f8e\u56fd", "offset": 2, "length": 2}, {"text": "\u65e5\u672c", "offset": 19, "length": 2}], "weapon": []}}, {"sentence": "\u65e5\u672c\uff1a\u4e0e\u7f8e\u5408\u9020\u6218\u673a\u201c\u4f24\u4e0d\u8d77\u201d", "events": [], "arguments": {"time": [], "loc": [], "country": [{"text": "\u65e5\u672c", "offset": 0, "length": 2}], "weapon": [{"text": "\u6218\u673a", "offset": 7, "length": 2}]}}, {"sentence": "\u300a\u65e5\u672c\u7ecf\u6d4e\u65b0\u95fb\u300b\u79f0\uff0c\u7f8e\u65b9\u6700\u521d\u5411\u65e5\u672c\u63d0\u8bae\uff0c\u4ee5\u7f8e\u56fdF-22\u3001F-35\u9690\u5f62\u6218\u673a\u4e3a\u57fa\u7840\uff0c\u4e24\u56fd\u5171\u540c\u7814\u53d1\u4e0b\u4e00\u4ee3\u6218\u6597\u673a\u3002", "events": [], "arguments": {"time": [], "loc": [], "country": [{"text": "\u7f8e\u56fd", "offset": 21, "length": 2}, {"text": "\u65e5\u672c", "offset": 1, "length": 2}, {"text": "\u7f8e\u65b9", "offset": 10, "length": 2}, {"text": "\u65e5\u672c", "offset": 15, "length": 2}], "weapon": [{"text": "F-22", "offset": 23, "length": 4}, {"text": "F-35", "offset": 28, "length": 4}, {"text": "F-35\u9690\u5f62\u6218\u673a", "offset": 28, "length": 8}]}}, {"sentence": "\u4f46\u8fd9\u4e2a\u8ba1\u5212\u6700\u7ec8\u843d\u7a7a\uff0c\u662f\u56e0\u4e3a20\u4e16\u7eaa90\u5e74\u4ee3\u7f8e\u65e5\u8054\u5408\u7814\u5236F-2\u6218\u673a\u7684\u5386\u53f2\u6559\u8bad\u8bc1\u660e\u201c\u7f8e\u56fd\u4eba\u6839\u672c\u9760\u4e0d\u4f4f\u201d\u3002", "events": [], "arguments": {"time": [{"text": "20\u4e16\u7eaa90\u5e74\u4ee3", "offset": 13, "length": 8}], "loc": [], "country": [{"text": "\u65e5", "offset": 22, "length": 1}, {"text": "\u7f8e\u56fd", "offset": 40, "length": 2}], "weapon": [{"text": "F-2\u6218\u673a", "offset": 27, "length": 5}]}}, {"sentence": "\u5728\u6b64\u8fc7\u7a0b\u8d77\u5230\u5173\u952e\u4f5c\u7528\u7684\u662fF-2\u6218\u673a\u9996\u5e2d\u8bbe\u8ba1\u5e08\u795e\u7530\u56fd\u4e00\u3002", "events": [], "arguments": {"time": [], "loc": [], "country": [], "weapon": [{"text": "F-2\u6218\u673a", "offset": 12, "length": 5}]}}, {"sentence": "\u4ed6\u5728\u300a\u9996\u5e2d\u8bbe\u8ba1\u5e08\u63ed\u5f00F-2\u6218\u6597\u673a\u7684\u7814\u53d1\u771f\u76f8\u300b\u4e00\u4e66\u4e2d\u751f\u52a8\u5730\u8bb0\u5f55\u4e86\u7f8e\u65e5\u7814\u5236F-2\u65f6\u7684\u79cd\u79cd\u906d\u9047\u3002", "events": [], "arguments": {"time": [], "loc": [], "country": [{"text": "\u7f8e", "offset": 31, "length": 1}, {"text": "\u65e5", "offset": 32, "length": 1}], "weapon": [{"text": "F-2\u6218\u6597\u673a", "offset": 10, "length": 6}, {"text": "F-2", "offset": 35, "length": 3}]}}, {"sentence": "\u4f8b\u5982\u8fdc\u7b97\u4e0d\u4e0a\u5f00\u8bda\u5e03\u516c\u7684\u201c\u5171\u540c\u5f00\u53d1\u201d\uff0cF-2\u6218\u6597\u673a\u540d\u4e3a\u4e24\u56fd\u8054\u5408\u7814\u5236\uff0c\u4f46\u7f8e\u65b9\u4e0d\u4ec5\u6ca1\u6709\u5bf9\u65e5\u672c\u516c\u5f00\u81ea\u5df1\u7684\u6280\u672f\u673a\u5bc6\uff0c\u53cd\u5012\u6c72\u53d6\u4e86\u81ea\u5df1\u60f3\u8981\u7684\u65e5\u672c\u72ec\u5bb6\u6280\u672f\u3002", "events": [], "arguments": {"time": [], "loc": [], "country": [{"text": "\u7f8e\u65b9", "offset": 34, "length": 2}, {"text": "\u65e5\u672c", "offset": 41, "length": 2}, {"text": "\u65e5\u672c", "offset": 63, "length": 2}], "weapon": [{"text": "F-2\u6218\u6597\u673a", "offset": 18, "length": 6}]}}, {"sentence": "\u66f4\u8ba9\u65e5\u672c\u6124\u6168\u7684\u662f\uff0c\u7f8e\u65b9\u6280\u672f\u4eba\u5458\u5c31\u7b97\u53d1\u73b0\u65e5\u65b9\u56e2\u961f\u5728\u7814\u5236\u4e2d\u72af\u4e86\u9519\u8bef\uff0c\u4e5f\u4e0d\u544a\u8bc9\u5bf9\u65b9\u3002", "events": [], "arguments": {"time": [], "loc": [], "country": [{"text": "\u65e5\u672c", "offset": 2, "length": 2}, {"text": "\u7f8e\u65b9", "offset": 9, "length": 2}, {"text": "\u65e5\u65b9", "offset": 19, "length": 2}], "weapon": []}}, {"sentence": "\u5c3d\u7ba1\u5982\u6b64\uff0c\u76f8\u6bd4\u4e4b\u4e0b\u4ecd\u662f\u65e5\u672c\u8d1f\u8d23\u7684\u9879\u76ee\u8fdb\u5c55\u987a\u5229\uff0c\u82b1\u8d39\u7684\u7ecf\u8d39\u4e5f\u8f83\u4f4e\uff0c\u53ef\u89c1\u7f8e\u65b9\u201c\u6545\u610f\u626f\u540e\u817f\u201d\u3002", "events": [], "arguments": {"time": [], "loc": [], "country": [{"text": "\u65e5\u672c", "offset": 11, "length": 2}, {"text": "\u7f8e\u65b9", "offset": 34, "length": 2}], "weapon": []}}, {"sentence": "\u62a5\u9053\u63d0\u5230\uff0c20\u591a\u5e74\u540e\uff0c\u65e5\u672c\u5f15\u8fdb\u7f8e\u5236F-35\u9690\u5f62\u6218\u673a\u65f6\u518d\u6b21\u5c1d\u5230\u7ed9\u7f8e\u56fd\u4eba\u5f53\u5c0f\u767d\u9f20\u7684\u82e6\u5934\u3002", "events": [], "arguments": {"time": [], "loc": [], "country": [{"text": "\u65e5\u672c", "offset": 11, "length": 2}, {"text": "\u7f8e\u56fd", "offset": 31, "length": 2}], "weapon": [{"text": "F-35", "offset": 17, "length": 4}, {"text": "F-35\u9690\u5f62\u6218\u673a", "offset": 17, "length": 8}]}}, {"sentence": "\u65e5\u672c\u822a\u7a7a\u81ea\u536b\u961f2018\u5e74\u5f00\u59cb\u90e8\u7f72F-35\uff0c\u7b2c\u4e8c\u5e744\u6708\u5c31\u53d1\u751fF-35\u5760\u673a\u4e8b\u6545\uff0c\u98de\u884c\u5458\u5728\u9ad8\u901f\u98de\u884c\u8fc7\u7a0b\u4e2d\u51fa\u73b0\u5f04\u9519\u4e0a\u4e0b\u65b9\u5411\u7684\u201c\u98de\u884c\u7a7a\u95f4\u5b9a\u5411\u969c\u788d\u201d\uff0c\u5bfc\u81f4\u64cd\u4f5c\u5931\u8bef\u5760\u5165\u5927\u6d77\u3002", "events": [], "arguments": {"time": [{"text": "2018\u5e74", "offset": 7, "length": 5}, {"text": "\u6708", "offset": 0, "length": 1}], "loc": [], "country": [{"text": "\u65e5\u672c", "offset": 0, "length": 2}], "weapon": [{"text": "F-35", "offset": 29, "length": 4}]}}, {"sentence": "\u7f8e\u519b\u6b64\u540e\u7684\u53cd\u5e94\u8ba9\u65e5\u672c\u7591\u60d1\u2014\u2014\u5f53\u5e747\u6708\uff0c\u7f8e\u519b\u5c31\u4e3a\u672c\u56fdF-35\u5b89\u88c5\u4e86\u539f\u5b9a\u4e8e2026\u5e74\u4f7f\u7528\u7684\u201c\u9632\u5760\u843d\u88c5\u7f6e\u201d\u3002", "events": [], "arguments": {"time": [{"text": "2026\u5e74", "offset": 35, "length": 5}], "loc": [], "country": [{"text": "\u65e5\u672c", "offset": 8, "length": 2}], "weapon": [{"text": "F-35", "offset": 25, "length": 4}]}}, {"sentence": "\u96be\u9053\u8bf4\u4e94\u89d2\u5927\u697c\u65e9\u5df2\u77e5\u9053\u8be5\u6218\u673a\u6709\u6b64\u9690\u60a3\uff1f", "events": [], "arguments": {"time": [], "loc": [{"text": "\u4e94\u89d2\u5927\u697c", "offset": 3, "length": 4}], "country": [], "weapon": [{"text": "\u6218\u673a", "offset": 12, "length": 2}]}}, {"sentence": "\u5f88\u591a\u65e5\u65b9\u4eba\u58eb\u56e0\u6b64\u5f97\u51fa\u7ed3\u8bba\uff0c\u201c\u5982\u679c\u7ee7\u7eed\u50cfF-35\u4e00\u6837\u7531\u7f8e\u519b\u638c\u63e1\u4e3b\u52a8\u6743\uff0c\u65e5\u65b9\u65e0\u6cd5\u4fdd\u62a4\u98de\u884c\u5458\u201d\u3002", "events": [], "arguments": {"time": [], "loc": [], "country": [{"text": "\u7f8e", "offset": 26, "length": 1}, {"text": "\u65e5\u65b9", "offset": 34, "length": 2}], "weapon": [{"text": "F-35", "offset": 19, "length": 4}]}}, {"sentence": "\u75db\u5b9a\u601d\u75db\u4e4b\u4e0b\uff0c\u65e5\u65b9\u624d\u6700\u7ec8\u51b3\u5b9a\uff0c\u4e0b\u4e00\u4ee3\u6218\u673a\u5fc5\u987b\u201c\u8d70\u81ea\u5df1\u7684\u8def\u201d\u3002", "events": [], "arguments": {"time": [], "loc": [], "country": [{"text": "\u65e5\u65b9", "offset": 7, "length": 2}], "weapon": [{"text": "\u6218\u673a", "offset": 18, "length": 2}]}}, {"sentence": "\u4ee5\u8272\u5217\uff1a\u4e70\u52a0\u6cb9\u673a\u53d8\u6210\u201c\u5c0f\u767d\u9f20\u201d", "events": [], "arguments": {"time": [], "loc": [], "country": [{"text": "\u4ee5\u8272\u5217", "offset": 0, "length": 3}], "weapon": [{"text": "\u52a0\u6cb9\u673a", "offset": 5, "length": 3}]}}, {"sentence": "\u7f8e\u56fd\u653f\u5e9c\u548c\u519b\u706b\u5546\u660e\u77e5\u6b66\u5668\u6709\u95ee\u9898\u4e5f\u8981\u51fa\u53e3\u7684\u505a\u6cd5\uff0c\u8fde\u6700\u4eb2\u8fd1\u7684\u76df\u53cb\u90fd\u672a\u80fd\u5e78\u514d\uff0c\u4ee5\u8272\u5217\u88ab\u8feb\u63a5\u53d7\u201c\u5e26\u75c5\u4e0a\u5c97\u201d\u7684KC-46\u52a0\u6cb9\u673a\u5c31\u662f\u5178\u8303\u3002", "events": [], "arguments": {"time": [], "loc": [], "country": [{"text": "\u7f8e\u56fd", "offset": 0, "length": 2}, {"text": "\u4ee5\u8272\u5217", "offset": 36, "length": 3}], "weapon": [{"text": "KC-46\u52a0\u6cb9\u673a", "offset": 50, "length": 8}]}}, {"sentence": "\u8fd9\u79cd\u65b0\u578b\u52a0\u6cb9\u673a\u5728\u7f8e\u519b\u4f7f\u7528\u8fc7\u7a0b\u4e2d\u9891\u9891\u7206\u51fa\u8d28\u91cf\u95ee\u9898\u3002", "events": [], "arguments": {"time": [], "loc": [], "country": [{"text": "\u7f8e", "offset": 8, "length": 1}], "weapon": [{"text": "\u52a0\u6cb9\u673a", "offset": 4, "length": 3}]}}, {"sentence": "\u65e9\u5728\u6d4b\u8bd5\u9636\u6bb5\uff0c\u5b83\u5c31\u7206\u51fa\u52a0\u6cb9\u7ba1\u8fc7\u4e8e\u8106\u5f31\u7b49\u7f3a\u9677\u3002", "events": [], "arguments": {"time": [], "loc": [], "country": [], "weapon": []}}, {"sentence": "\u4ea4\u4ed8\u540e\uff0c\u7f8e\u56fd\u7a7a\u519b\u5c61\u6b21\u53d1\u73b0\u673a\u4f53\u5185\u6b8b\u5b58\u6709\u6273\u624b\u3001\u5783\u573e\u788e\u7247\u7b49\u52a0\u5de5\u9057\u7559\u7269\uff0c\u8fd9\u79cd\u4f4e\u7ea7\u95ee\u9898\u4e25\u91cd\u5a01\u80c1\u98de\u884c\u5b89\u5168\uff0c\u5bfc\u81f4\u8be5\u673a\u6570\u6b21\u505c\u98de\u3002", "events": [], "arguments": {"time": [], "loc": [], "country": [{"text": "\u7f8e\u56fd", "offset": 4, "length": 2}], "weapon": []}}, {"sentence": "KC-46\u5173\u952e\u5b50\u7cfb\u7edf\u2014\u2014\u8fdc\u7a0b\u52a0\u6cb9\u89c6\u89c9\u89c2\u5bdf\u7cfb\u7edf\u4e5f\u5b58\u5728\u8bbe\u8ba1\u7f3a\u9677\uff0c\u52a0\u6cb9\u4eba\u5458\u751a\u81f3\u65e0\u6cd5\u5224\u65ad\u4e0e\u53d7\u6cb9\u673a\u7684\u8ddd\u79bb\u5230\u5e95\u6709\u591a\u8fdc\u3002", "events": [], "arguments": {"time": [], "loc": [], "country": [], "weapon": [{"text": "KC-46\u5173\u952e\u5b50\u7cfb\u7edf\u2014\u2014\u8fdc\u7a0b\u52a0\u6cb9\u89c6\u89c9\u89c2\u5bdf\u7cfb\u7edf", "offset": 0, "length": 22}]}}, {"sentence": "\u66f4\u7cdf\u7cd5\u7684\u662f\uff0c\u8fd9\u4e9b\u8bbe\u8ba1\u95ee\u9898\u81f3\u4eca\u90fd\u6ca1\u6709\u89e3\u51b3\u3002", "events": [], "arguments": {"time": [], "loc": [], "country": [], "weapon": []}}, {"sentence": "2020\u5e74\u521d\uff0c\u7f8e\u7a7a\u519b\u53c2\u8c0b\u957f\u5927\u536b\u00b7\u6208\u5fb7\u8d39\u6069\u516c\u5f00\u627f\u8ba4\uff0c\u5f7b\u5e95\u4fee\u590dKC-46\u7684\u8bbe\u8ba1\u7f3a\u9677\u53ef\u80fd\u9700\u8981\u7b49\u52302023\u5e74\u5de6\u53f3\u3002", "events": [], "arguments": {"time": [{"text": "2020\u5e74\u521d", "offset": 0, "length": 6}], "loc": [], "country": [{"text": "\u7f8e", "offset": 7, "length": 1}], "weapon": [{"text": "KC-46", "offset": 29, "length": 5}]}}, {"sentence": "\u4ee5\u8272\u5217\u660e\u77e5KC-46\u95ee\u9898\u767e\u51fa\uff0c\u4f46\u5728\u7f8e\u56fd\u538b\u529b\u4e0b\uff0c\u4ecd\u88ab\u8feb\u653e\u5f03\u81ea\u884c\u6539\u88c5\u52a0\u6cb9\u673a\u548c\u91c7\u8d2d\u6b27\u6d32\u540c\u7c7b\u4ea7\u54c1\u7684\u8ba1\u5212\uff0c\u9009\u62e9\u82b1\u8d3924\u4ebf\u7f8e\u5143\u91c7\u8d2d8\u67b6\u5b58\u5728\u8d28\u91cf\u7f3a\u9677\u7684KC-46\uff0c\u4e0d\u557b\u7ed9\u7f8e\u56fd\u4eba\u5f53\u8bd5\u9519\u7684\u201c\u5c0f\u767d\u9f20\u201d\u3002", "events": [], "arguments": {"time": [], "loc": [], "country": [{"text": "\u4ee5\u8272\u5217", "offset": 0, "length": 3}, {"text": "\u7f8e\u56fd", "offset": 17, "length": 2}, {"text": "\u6b27\u6d32", "offset": 38, "length": 2}, {"text": "\u7f8e\u56fd", "offset": 77, "length": 2}], "weapon": [{"text": "KC-46", "offset": 68, "length": 5}]}}, {"sentence": "\u7f8e\u56fd\u7a7a\u519b\u63a5\u6536KC-46A\u65f6\u906d\u9047\u7684\u201c\u7cdf\u5fc3\u4e8b\u201d\uff0c\u6781\u6709\u53ef\u80fd\u5728\u4ee5\u8272\u5217\u7a7a\u519b\u4e2d\u91cd\u6f14\u3002", "events": [], "arguments": {"time": [], "loc": [], "country": [{"text": "\u7f8e\u56fd", "offset": 0, "length": 2}, {"text": "\u4ee5\u8272\u5217", "offset": 27, "length": 3}], "weapon": [{"text": "KC-46A", "offset": 6, "length": 6}]}}, {"sentence": "\u5176\u4ed6\u56fd\u5bb6\uff1a\u4ee5\u6b21\u5145\u597d\u5bb3\u6b7b\u4eba", "events": [], "arguments": {"time": [], "loc": [], "country": [], "weapon": []}}, {"sentence": "\u7f8e\u56fd\u5728\u5bf9\u5916\u519b\u552e\u53ca\u519b\u63f4\u65f6\uff0c\u62ff\u4e8c\u624b\u65e7\u8d27\u751a\u81f3\u662f\u201c\u7834\u70c2\u8d27\u201d\u5145\u6570\u7684\u60c5\u51b5\u66f4\u662f\u5e38\u89c1\uff0c\u4e4c\u514b\u5170\u5bf9\u6b64\u6df1\u6709\u4f53\u4f1a\u3002", "events": [], "arguments": {"time": [], "loc": [], "country": [{"text": "\u4e4c\u514b\u5170", "offset": 35, "length": 3}, {"text": "\u7f8e\u56fd", "offset": 0, "length": 2}], "weapon": []}}, {"sentence": "2015\u5e74\uff0c\u4e4c\u514b\u5170\u653f\u5e9c\u519b\u58eb\u5175\u5410\u69fd\u7f8e\u56fd\u63d0\u4f9b\u7684\u201c\u608d\u9a6c\u201d\u88c5\u7532\u8f66\u8d28\u91cf\u4e0d\u8fc7\u5173\uff0c\u5f88\u591a\u662f20\u4e16\u7eaa80\u5e74\u4ee3\u751f\u4ea7\u7684\u4e8c\u624b\u8d27\uff0c\u4f7f\u7528\u8001\u65e7\u8f6e\u80ce\u4e0d\u8bf4\uff0c\u8fde\u95e8\u7a97\u90fd\u662f\u5851\u6599\u7684\u3002", "events": [], "arguments": {"time": [{"text": "2015\u5e74", "offset": 0, "length": 5}, {"text": "20\u4e16\u7eaa80\u5e74\u4ee3", "offset": 37, "length": 8}], "loc": [], "country": [{"text": "\u4e4c\u514b\u5170", "offset": 6, "length": 3}, {"text": "\u7f8e\u56fd", "offset": 16, "length": 2}], "weapon": [{"text": "\u201c\u608d\u9a6c\u201d\u88c5\u7532\u8f66", "offset": 21, "length": 7}]}}, {"sentence": "2018\u5e74\u4e4c\u514b\u5170\u201c\u5149\u7ebf\u201d\u8bbe\u8ba1\u5c40\u5c40\u957f\u900f\u9732\uff0c\u7f8e\u56fd\u51fa\u552e\u7ed9\u4e4c\u514b\u5170\u7684\u201c\u6807\u67aa\u201d\u53cd\u5766\u514b\u5bfc\u5f39\u5b9e\u9645\u662f\u8d85\u8fc7\u4f7f\u7528\u5bff\u547d\u7684\u8fc7\u671f\u8d27\uff0c\u4e4c\u519b\u6f14\u793a\u5c04\u51fb\u65f6\uff0c\u5bfc\u5f39\u6839\u672c\u4e0d\u80fd\u542f\u52a8\u3002", "events": [], "arguments": {"time": [{"text": "2018\u5e74", "offset": 0, "length": 5}], "loc": [], "country": [{"text": "\u4e4c\u514b\u5170", "offset": 5, "length": 3}, {"text": "\u7f8e\u56fd", "offset": 20, "length": 2}, {"text": "\u4e4c\u514b\u5170", "offset": 25, "length": 3}], "weapon": [{"text": "\u201c\u6807\u67aa\u201d\u53cd\u5766\u514b\u5bfc\u5f39", "offset": 29, "length": 9}]}}, {"sentence": "\u6b64\u5916\uff0c\u97e9\u56fd\u3001\u6fb3\u5927\u5229\u4e9a\u4e5f\u7206\u51fa\u4e0d\u5c11\u7f8e\u5236\u6b66\u5668\u8d28\u91cf\u95ee\u9898\u3002", "events": [], "arguments": {"time": [], "loc": [], "country": [{"text": "\u97e9\u56fd", "offset": 3, "length": 2}, {"text": "\u6fb3\u5927\u5229\u4e9a", "offset": 6, "length": 4}], "weapon": []}}, {"sentence": "\u4f8b\u5982\u97e9\u56fd\u519b\u65b9\u5728\u5217\u88c5\u201c\u963f\u5e15\u5947\u201d\u6b66\u88c5\u76f4\u5347\u673a\u65f6\uff0c\u8d2d\u4e70\u4e866\u90e8\u6beb\u7c73\u6ce2\u96f7\u8fbe\uff0c\u4f46\u97e9\u519b\u53d1\u73b0\u8be5\u96f7\u8fbe\u62a5\u9519\u7387\u5f88\u9ad8\u3002", "events": [], "arguments": {"time": [], "loc": [], "country": [{"text": "\u97e9\u56fd", "offset": 2, "length": 2}], "weapon": [{"text": "\u201c\u963f\u5e15\u5947\u201d\u6b66\u88c5\u76f4\u5347\u673a", "offset": 9, "length": 10}]}}, {"sentence": "\u4e00\u540d\u519b\u4e8b\u4e13\u5bb618\u65e5\u544a\u8bc9\u300a\u73af\u7403\u65f6\u62a5\u300b\uff0c\u7f8e\u56fd\u51fa\u552e\u6b66\u5668\u65f6\u5411\u6765\u6709\u201c\u7559\u4e00\u624b\u201d\u7684\u4e60\u60ef\uff0c\u4f8b\u5982\u4ed6\u56fd\u91c7\u8d2dF-35\u65f6\u90fd\u65e0\u6cd5\u83b7\u5f97\u6838\u5fc3\u4ee3\u7801\u3002", "events": [], "arguments": {"time": [{"text": "18\u65e5", "offset": 6, "length": 3}], "loc": [], "country": [{"text": "\u7f8e\u56fd", "offset": 18, "length": 2}], "weapon": [{"text": "F-35", "offset": 43, "length": 4}]}}, {"sentence": "\u4f46\u7f8e\u56fd\u201c\u7ecf\u6d4e+\u519b\u4e8b\u201d\u6346\u7ed1\u76df\u53cb\u7684\u505a\u6cd5\u8ba9\u5f88\u591a\u76df\u56fd\u5403\u4e86\u4e8f\u4e5f\u80fd\u53ea\u80fd\u8ba4\u683d\u3002", "events": [], "arguments": {"time": [], "loc": [], "country": [{"text": "\u7f8e\u56fd", "offset": 1, "length": 2}], "weapon": []}}, {"sentence": "\u8fd9\u7ed9\u90a3\u4e9b\u6ca1\u6709\u81ea\u4e3b\u9632\u52a1\u5de5\u4e1a\u7684\u56fd\u5bb6\uff0c\u4e0a\u4e86\u5f88\u597d\u7684\u4e00\u8bfe\u3002", "events": [], "arguments": {"time": [], "loc": [], "country": [], "weapon": []}}]