[{"sentence": "\u7f8e\u6d77\u519b\u6b32\u6253\u9020\u201c\u65e0\u4eba\u8230\u961f\u201d\u00a0\u7f8e\u5a92\uff1a\u5148\u641e\u6e05\u695a\u6709\u6ca1\u6709\u8fd9\u4f5c\u6218\u9700\u6c42", "events": [], "arguments": {"time": [], "loc": [], "country": [{"text": "\u7f8e", "offset": 0, "length": 1}, {"text": "\u7f8e", "offset": 13, "length": 1}], "weapon": []}}, {"sentence": "\u3010\u73af\u7403\u7f51\u62a5\u9053 \u8bb0\u8005 \u5f90\u7490\u660e\u3011", "events": [], "arguments": {"time": [], "loc": [], "country": [], "weapon": []}}, {"sentence": "\u636e\u201c\u9632\u52a1\u65b0\u95fb\u201d8\u670817\u65e5\u62a5\u9053\uff0c\u5f53\u7f8e\u56fd\u6d77\u519b\u5728\u63a8\u8fdb\u5176\u5927\u578b\u65e0\u4eba\u4f5c\u6218\u8230\u8239\u7684\u8ba1\u5212\u65f6\uff0c\u8d8a\u6765\u8d8a\u591a\u7684\u4eba\u6b63\u8fbe\u6210\u5171\u8bc6\uff0c\u8ba4\u4e3a\u7f8e\u56fd\u519b\u65b9\u5e94\u5f53\u5728\u8fdb\u884c\u91cd\u5927\u6295\u8d44\u4e4b\u524d\u641e\u6e05\u695a\u5230\u5e95\u6709\u6ca1\u6709\u8fd9\u6837\u7684\u4f5c\u6218\u9700\u6c42\u3002", "events": [], "arguments": {"time": [{"text": "8\u670817\u65e5", "offset": 7, "length": 5}], "loc": [], "country": [{"text": "\u7f8e\u56fd", "offset": 51, "length": 2}, {"text": "\u7f8e\u56fd", "offset": 16, "length": 2}], "weapon": [{"text": "\u5927\u578b\u65e0\u4eba\u4f5c\u6218\u8230\u8239", "offset": 24, "length": 8}]}}, {"sentence": "\u62a5\u9053\u79f0\uff0c\u5728\u300a2020\u5e74\u56fd\u9632\u6388\u6743\u6cd5\u6848\u300b\u4e2d\uff0c\u7f8e\u56fd\u56fd\u4f1a\u5df2\u7ecf\u8fde\u7eed\u4e24\u5e74\u524a\u51cf\u4e86\u5927\u578b\u6c34\u9762\u65e0\u4eba\u8230\u8247\u7684(LUSV)\u5f00\u53d1\u6295\u5165\u3002", "events": [], "arguments": {"time": [{"text": "2020", "offset": 6, "length": 4}], "loc": [], "country": [{"text": "\u7f8e\u56fd", "offset": 20, "length": 2}], "weapon": [{"text": "\u5927\u578b\u6c34\u9762\u65e0\u4eba\u8230\u8247\u7684(LUSV)", "offset": 33, "length": 15}]}}, {"sentence": "\u4eca\u5e74\u7684\u6cd5\u6848\u4e2d\u5df2\u7ecf\u8981\u6c42\u7f8e\u56fd\u6d77\u519b\u5728\u6b63\u5f0f\u51b3\u5b9a\u8d2d\u4e70\u8fd9\u4e00\u88c5\u5907\u4e4b\u524d\uff0c\u5148\u9020\u51fa\u4e00\u6b3e\u901a\u8fc7\u6240\u6709\u6d4b\u8bd5\u5e76\u5b8c\u6210\u96c6\u6210\u5de5\u4f5c\u7684\u539f\u578b\u8239\u3002", "events": [], "arguments": {"time": [], "loc": [], "country": [{"text": "\u7f8e\u56fd", "offset": 10, "length": 2}], "weapon": [{"text": "\u539f\u578b\u8239", "offset": 47, "length": 3}]}}, {"sentence": "\u7f8e\u519b\u65e0\u4eba\u8239\u8fdb\u884c\u6d77\u4e0a\u6d4b\u8bd5", "events": [], "arguments": {"time": [], "loc": [{"text": "\u6d77\u4e0a", "offset": 7, "length": 2}], "country": [{"text": "\u7f8e", "offset": 0, "length": 1}], "weapon": [{"text": "\u65e0\u4eba\u8239", "offset": 2, "length": 3}]}}, {"sentence": "\u7f8e\u56fd\u6d77\u519b\u4f5c\u6218\u90e8\u957f\u8fc8\u514b\u5c14\u00b7\u5409\u5c14\u8fea\u5728\u63a5\u53d7\u201c\u9632\u52a1\u65b0\u95fb\u201d\u7684\u91c7\u8bbf\u65f6\u8868\u793a\uff0c\u867d\u7136\u8fd9\u6837\u7684\u8981\u6c42\u8ba9\u4eba\u6cae\u4e27\uff0c\u4f46\u4ed6\u540c\u610f\u4e86\u56fd\u4f1a\u7684\u8981\u6c42\u3002", "events": [], "arguments": {"time": [], "loc": [], "country": [{"text": "\u7f8e\u56fd", "offset": 0, "length": 2}], "weapon": []}}, {"sentence": "\u4ed6\u8bf4\uff1a\u201c\u8fd9\u79cd\u505a\u6cd5\u5fc5\u987b\u7ecf\u8fc7\u6df1\u601d\u719f\u8651\u3002", "events": [], "arguments": {"time": [], "loc": [], "country": [], "weapon": []}}, {"sentence": "\u6211\u4eec\u5fc5\u987b\u786e\u4fdd\u65e0\u4eba\u9a7e\u9a76\u88c5\u5907\u4e0a\u7684\u7cfb\u7edf\uff08\u5305\u62ec\u8239\u4f53\u3001\u673a\u68b0\u8bbe\u5907\u3001\u7535\u5b50\u7cfb\u7edf\uff09\u7b26\u5408\u8bbe\u8ba1\u8981\u6c42\u548c\u6027\u80fd\u9700\u6c42\u3002", "events": [], "arguments": {"time": [], "loc": [], "country": [], "weapon": []}}, {"sentence": "\u800c\u6700\u4e3a\u91cd\u8981\u7684\u662f\u8fd9\u4e9b\u9700\u6c42\u662f\u5426\u5408\u7406\u3002", "events": [], "arguments": {"time": [], "loc": [], "country": [], "weapon": []}}, {"sentence": "\u201d", "events": [], "arguments": {"time": [], "loc": [], "country": [], "weapon": []}}, {"sentence": "\u5409\u5c14\u8fea\u8fd8\u8bf4\uff1a\u201c\u6211\u4eec\u771f\u7684\u9700\u8981\u4e00\u825840\u8282\u822a\u901f\u7684\u6fd2\u6d77\u6218\u6597\u8230\u5417\uff1f", "events": [], "arguments": {"time": [], "loc": [], "country": [], "weapon": [{"text": "\u6fd2\u6d77\u6218\u6597\u8230", "offset": 21, "length": 5}]}}, {"sentence": "\u8fd9\u4e2a\u8fc7\u7a0b\u5c06\u63a8\u52a8\u8230\u8239\u7684\u6574\u4f53\u8bbe\u8ba1\uff0c\u800c\u4e0d\u662f\u4ec5\u4ec5\u662f\u5de5\u7a0b\u8bbe\u5907\u7684\u5236\u9020\uff0c\u8fd8\u5305\u62ec\u5efa\u9020\u65b9\u5f0f\u3002", "events": [], "arguments": {"time": [], "loc": [], "country": [], "weapon": [{"text": "\u8230\u8239", "offset": 7, "length": 2}]}}, {"sentence": "\u201d\u5409\u5c14\u8fea\u547c\u5401\u6d77\u519b\u5b9e\u65bd\u4e00\u9879\u5168\u9762\u7684\u201c\u65e0\u4eba\u4f5c\u6218\u8ba1\u5212\u201d\uff0c\u4e3a\u6b63\u5728\u5f00\u53d1\u548c\u90e8\u7f72\u4e2d\u7684\u6d77\u7a7a\u65e0\u4eba\u7cfb\u7edf\u5f00\u8f9f\u9053\u8def\u3002", "events": [], "arguments": {"time": [], "loc": [], "country": [], "weapon": [{"text": "\u6d77\u7a7a\u65e0\u4eba\u7cfb\u7edf", "offset": 34, "length": 6}]}}, {"sentence": "\u4ed6\u8868\u793a\uff0c\u76ee\u524d\u7684\u5728\u8fd9\u4e00\u65b9\u9762\u7684\u52aa\u529b\u5206\u6563\u5728\u4e0d\u540c\u7684\u9879\u76ee\u4e4b\u4e2d\uff0c\u800c\u8fd9\u4e9b\u9879\u76ee\u7684\u76ee\u6807\u4e0d\u4e00\u5b9a\u90fd\u662f\u4e00\u6837\u7684\u3002", "events": [], "arguments": {"time": [], "loc": [], "country": [], "weapon": []}}, {"sentence": "\u62a5\u9053\u79f0\uff0c\u6839\u636e\u7f8e\u56fd\u56fd\u4f1a\u7814\u7a76\u673a\u6784\u7684\u8bf4\u6cd5\uff0c\u7f8e\u56fd\u6d77\u519b\u65b9\u6cd5\u662f\u5728\u8003\u8651\u5411\u5b8c\u5168\u65e0\u4eba\u9a7e\u9a76\u7cfb\u7edf\u53d1\u5c55\u7684\u540c\u65f6\uff0c\u5c06\u6700\u57fa\u672c\u7684\u8239\u5458\u6d3e\u5230\u8239\u4e0a\u3002", "events": [], "arguments": {"time": [], "loc": [], "country": [{"text": "\u7f8e\u56fd", "offset": 6, "length": 2}, {"text": "\u7f8e\u56fd", "offset": 18, "length": 2}], "weapon": []}}, {"sentence": "\u201c\u7f8e\u56fd\u6d77\u519b\u5e0c\u671b\u5927\u578b\u6c34\u9762\u65e0\u4eba\u8230\u8247\u662f\u57fa\u4e8e\u5546\u4e1a\u8230\u8247\u8bbe\u8ba1\u7684\u4f4e\u6210\u672c\u3001\u9ad8\u7eed\u822a\u529b\u3001\u53ef\u91cd\u65b0\u914d\u7f6e\u7684\u8230\u8247\uff0c\u5177\u5907\u5145\u8db3\u7684\u643a\u5e26\u5404\u79cd\u6a21\u5757\u5316\u6709\u6548\u8f7d\u8377\u7684\u80fd\u529b\uff0c\u7279\u522b\u662f\u53cd\u6c34\u9762\u4f5c\u6218\u548c\u6253\u51fb\u7684\u6709\u6548\u8f7d\u8377\uff0c\u8fd9\u91cc\u4e3b\u8981\u6307\u7684\u662f\u53cd\u8230\u5bfc\u5f39\u548c\u5bf9\u5730\u653b\u51fb\u5bfc\u5f39\uff0c\u201d\u7f8e\u56fd\u56fd\u4f1a\u7814\u7a76\u673a\u6784\u5728\u62a5\u544a\u4e2d\u8bf4\u3002", "events": [], "arguments": {"time": [], "loc": [], "country": [{"text": "\u7f8e\u56fd", "offset": 1, "length": 2}, {"text": "\u7f8e\u56fd", "offset": 100, "length": 2}], "weapon": [{"text": "\u5927\u578b\u6c34\u9762\u65e0\u4eba\u8230\u8247", "offset": 7, "length": 8}, {"text": "\u53cd\u8230\u5bfc\u5f39", "offset": 87, "length": 4}, {"text": "\u5bf9\u5730\u653b\u51fb\u5bfc\u5f39", "offset": 92, "length": 6}]}}, {"sentence": "\u4f46\u5bc6\u6b47\u6839\u5927\u5b66\u9020\u8239\u548c\u6d77\u6d0b\u5de5\u7a0b\u526f\u6559\u6388\u9a6c\u4fee\u00b7\u79d1\u52d2\u7279\u8868\u793a\uff0c\u5173\u4e8e\u5927\u578b\u65e0\u4eba\u6c34\u9762\u8230\u8247\u5982\u4f55\u8fd0\u4f5c\uff0c\u4ecd\u6709\u4e00\u4e9b\u975e\u5e38\u57fa\u672c\u7684\u95ee\u9898\u9700\u8981\u89e3\u7b54\u3002", "events": [], "arguments": {"time": [], "loc": [], "country": [], "weapon": [{"text": "\u5927\u578b\u65e0\u4eba\u6c34\u9762\u8230\u8247", "offset": 27, "length": 8}]}}, {"sentence": "\u4ed6\u8bf4\uff1a\u201c\u6211\u770b\u5230\u8fc7\u4e24\u79cd\u65b9\u6cd5\uff0c\u4e00\u662f\u628a\u5b83\u8bbe\u8ba1\u6210\u50cf\u822a\u5929\u98de\u673a\u4e00\u6837\uff0c\u4f7f\u5b83\u5c3d\u53ef\u80fd\u575a\u56fa\uff0c\u4f46\u8fd9\u4e5f\u610f\u5473\u7740\u66f4\u4f4e\u7684\u6027\u80fd\u3002", "events": [], "arguments": {"time": [], "loc": [], "country": [], "weapon": [{"text": "\u822a\u5929\u98de\u673a", "offset": 21, "length": 4}]}}, {"sentence": "\u4e0d\u53ef\u80fd\u628a\u6240\u6709\u7684\u8bbe\u5907\u90fd\u88c5\u8f7d\u5230\u8fd9\u79cd\u8230\u8239\u4e0a\u3002", "events": [], "arguments": {"time": [], "loc": [], "country": [], "weapon": [{"text": "\u8230\u8239", "offset": 15, "length": 2}]}}, {"sentence": "\u201d\u201c\u53e6\u4e00\u79cd\u65b9\u6cd5\u662f\u5148\u8bd5\u7740\u8fdb\u884c\u7cfb\u7edf\u6a21\u62df\uff0c\u589e\u52a0\u5404\u79cd\u8bbe\u5907\uff0c\u7136\u540e\u518d\u91cd\u65b0\u8bbe\u8ba1\uff0c\u4f7f\u5176\u80fd\u591f\u6267\u884c\u4e3a\u671f6\u4e2a\u6708\u7684\u90e8\u7f72\u4efb\u52a1\u3002", "events": [], "arguments": {"time": [], "loc": [], "country": [], "weapon": []}}, {"sentence": "\u4f46\u6211\u771f\u7684\u65e0\u6cd5\u8bc4\u4f30\u6211\u4eec\u5728\u8fd9\u4e00\u70b9\u4e0a\u7684\u8fdb\u5c55\uff0c\u6211\u6ca1\u6709\u8db3\u591f\u7684\u6d1e\u5bdf\u529b\u6765\u77e5\u90536\u4e2a\u6708\u540e\u662f\u5426\u80fd\u6210\u529f\uff0c\u90a3\u5982\u679c\u662f6\u5e74\u5462\uff1f", "events": [], "arguments": {"time": [], "loc": [], "country": [], "weapon": []}}, {"sentence": "\u96be\u9053\u8fd9\u4e00\u88c5\u5907\u6c38\u8fdc\u90fd\u9020\u4e0d\u51fa\u6765\u4e86\u5417\uff1f", "events": [], "arguments": {"time": [], "loc": [], "country": [], "weapon": []}}, {"sentence": "\u201d", "events": [], "arguments": {"time": [], "loc": [], "country": [], "weapon": []}}, {"sentence": "\u79d1\u52d2\u7279\u8868\u793a\uff0c\u76ee\u524d\u8fd8\u4e0d\u6e05\u695a\u4fee\u6539\u9c9c\u9c7f\u9c7c\u7684\u8bbe\u8ba1\u80fd\u5426\u4f1a\u8ba9\u7f8e\u56fd\u6d77\u519b\u8fbe\u5230\u5176\u9700\u8981\u7684\u76ee\u6807\uff0c\u8fd9\u5728\u5f88\u5927\u7a0b\u5ea6\u662f\u56e0\u4e3a\u6d77\u519b\u76ee\u6807\u4e0e\u5546\u4e1a\u9879\u76ee\u7684\u76ee\u6807\u622a\u7136\u4e0d\u540c\u3002", "events": [], "arguments": {"time": [], "loc": [], "country": [{"text": "\u7f8e\u56fd", "offset": 24, "length": 2}], "weapon": []}}, {"sentence": "\u4ed6\u8bf4\uff1a\u201c\u7f8e\u56fd\u6d77\u519b\u786e\u5b9e\u63d0\u51fa\u4e86\u4e00\u4e2a\u76f8\u5f53\u56f0\u96be\u7684\u95ee\u9898\u3002", "events": [], "arguments": {"time": [], "loc": [], "country": [{"text": "\u7f8e\u56fd", "offset": 4, "length": 2}], "weapon": []}}, {"sentence": "\u4f60\u53ef\u4ee5\u770b\u5230\uff0c\u50cf\u8d85\u5927\u578b\u6c34\u4e0b\u822a\u884c\u5668\u8fd9\u6837\u7684\u6280\u672f\u662f\u5982\u4f55\u671d\u7740\u8fd9\u4e2a\u65b9\u5411\u53d1\u5c55\u7684\uff0c\u4f46\u6362\u505a\u662f\u5927\u578b\u6c34\u9762\u822a\u884c\u5668\u8fd9\u6837\u7684\u4e1c\u897f\uff0c\u6709\u5f88\u5927\u7684\u98ce\u9669\u3002", "events": [], "arguments": {"time": [], "loc": [], "country": [], "weapon": [{"text": "\u8d85\u5927\u578b\u6c34\u4e0b\u822a\u884c\u5668", "offset": 7, "length": 8}, {"text": "\u5927\u578b\u6c34\u9762\u822a\u884c\u5668", "offset": 37, "length": 7}]}}, {"sentence": "\u201d", "events": [], "arguments": {"time": [], "loc": [], "country": [], "weapon": []}}]