[{"sentence": "\u4fc4\u7f57\u65af\u5728\u52a0\u91cc\u5b81\u683c\u52d2\u4e3e\u884c\u5927\u89c4\u6a21\u519b\u6f14\u00a0\u52a8\u7528\u5f39\u9053\u5bfc\u5f39\u3001\u6218\u6597\u673a\u7b49\u91cd\u88c5\u5907", "events": [{"trigger": {"text": "\u4e3e\u884c", "offset": 9, "length": 2}, "subject": {"text": "\u4fc4\u7f57\u65af", "offset": 0, "length": 3}, "object": {"text": "\u5927\u89c4\u6a21\u519b\u6f14", "offset": 11, "length": 5}}], "arguments": {"time": [], "loc": [{"text": "\u52a0\u91cc\u5b81\u683c\u52d2", "offset": 4, "length": 5}], "country": [{"text": "\u4fc4\u7f57\u65af", "offset": 0, "length": 3}], "weapon": [{"text": "\u5f39\u9053\u5bfc\u5f39", "offset": 19, "length": 4}, {"text": "\u6218\u6597\u673a", "offset": 24, "length": 3}]}}, {"sentence": "\u3010\u73af\u7403\u7f51\u62a5\u9053 \u89c1\u4e60\u8bb0\u8005 \u9a6c\u5ca9\u3011", "events": [], "arguments": {"time": [], "loc": [], "country": [], "weapon": []}}, {"sentence": "\u636e\u201c\u9632\u52a1\u535a\u5ba2\u201d\u7f51\u7ad98\u670817\u65e5\u62a5\u9053\uff0c\u4fc4\u7f57\u65af\u76ee\u524d\u6b63\u5728\u4f4d\u4e8e\u6ce2\u5170\u548c\u6ce2\u7f57\u7684\u6d77\u56fd\u5bb6\u4e4b\u95f4\u7684\u98de\u5730\u2014\u2014\u52a0\u91cc\u5b81\u683c\u52d2\u4e3e\u884c\u5927\u89c4\u6a21\u519b\u4e8b\u6f14\u4e60\u3002", "events": [], "arguments": {"time": [{"text": "8\u670817\u65e5", "offset": 9, "length": 5}], "loc": [{"text": "\u52a0\u91cc\u5b81\u683c\u52d2", "offset": 42, "length": 5}, {"text": "\u6ce2\u7f57\u7684\u6d77", "offset": 29, "length": 4}], "country": [{"text": "\u4fc4\u7f57\u65af", "offset": 17, "length": 3}, {"text": "\u6ce2\u5170", "offset": 26, "length": 2}], "weapon": []}}, {"sentence": "\u62a5\u9053\u63f4\u5f15\u6ce2\u7f57\u7684\u6d77\u8230\u961f\u65b0\u95fb\u529e\u516c\u5ba4\u7684\u8bdd\u79f0\uff0c\u8be5\u8230\u961f\u7684\u5bfc\u5f39\u7f16\u961f\u5728\u52a0\u91cc\u5b81\u683c\u52d2\u5730\u533a\u4e3e\u884c\u6f14\u4e60\uff0c\u6f14\u7ec3\u5185\u5bb9\u662f\u6d88\u706d\u654c\u65b9\u7684\u98a0\u8986\u7ec4\u7ec7\uff0c\u5e76\u79d8\u5bc6\u90e8\u7f72\u4f0a\u65af\u574e\u5fb7\u5c14\u6218\u672f\u5bfc\u5f39\u7cfb\u7edf\u3002", "events": [], "arguments": {"time": [], "loc": [{"text": "\u6ce2\u7f57\u7684\u6d77", "offset": 4, "length": 4}, {"text": "\u52a0\u91cc\u5b81\u683c\u52d2\u5730\u533a", "offset": 28, "length": 7}], "country": [], "weapon": [{"text": "\u4f0a\u65af\u574e\u5fb7\u5c14\u6218\u672f\u5bfc\u5f39\u7cfb\u7edf", "offset": 60, "length": 11}]}}, {"sentence": "\u76ee\u524d\uff0c\u5bfc\u5f39\u7f16\u961f\u7684\u5404\u5355\u5143\u5df2\u7ecf\u5230\u6307\u5b9a\u5730\u533a\u6267\u884c\u6218\u6597\u8bad\u7ec3\u4efb\u52a1\uff0c\u5728\u6b64\u671f\u95f4\uff0c\u4ed6\u4eec\u51fb\u9000\u4e86\u6a21\u62df\u7834\u574f\u548c\u4fa6\u5bdf\u5c0f\u7ec4\u7684\u653b\u51fb\uff0c\u5e76\u653b\u514b\u4e86\u53d7\u6c61\u67d3\u7684\u5730\u533a\u3002", "events": [], "arguments": {"time": [], "loc": [], "country": [], "weapon": [{"text": "\u5bfc\u5f39", "offset": 3, "length": 2}]}}, {"sentence": "\u6b64\u5916\uff0c\u6ce2\u7f57\u7684\u6d77\u8230\u961f\u768420\u591a\u540d\u98de\u673a\u548c\u76f4\u5347\u673a\u673a\u7ec4\u4eba\u5458\u53c2\u52a0\u4e86\u52a0\u91cc\u5b81\u683c\u52d2\u7684\u6218\u672f\u98de\u884c\u8bad\u7ec3\u3002", "events": [], "arguments": {"time": [], "loc": [{"text": "\u6ce2\u7f57\u7684\u6d77", "offset": 3, "length": 4}, {"text": "\u52a0\u91cc\u5b81\u683c\u52d2", "offset": 27, "length": 5}], "country": [], "weapon": [{"text": "\u98de\u673a", "offset": 14, "length": 2}, {"text": "\u76f4\u5347\u673a", "offset": 17, "length": 3}]}}, {"sentence": "\u62a5\u9053\u63f4\u5f15\u65b0\u95fb\u529e\u516c\u5ba4\u7684\u58f0\u660e\u8bf4\uff0c\u8fd9\u4e9b\u673a\u7ec4\u4eba\u5458\u9a7e\u9a76\u82cf-27\u3001\u82cf-24\u3001\u82cf-30SM\u3001\u7c73-24\u76f4\u5347\u673a\u3001\u5361-27\u76f4\u5347\u673a\u3001\u5b89-26\u519b\u7528\u8fd0\u8f93\u673a\u7b49\u673a\u578b\uff0c\u5b8c\u6210\u4e86\u591a\u79cd\u4efb\u52a1\u3002", "events": [], "arguments": {"time": [], "loc": [], "country": [], "weapon": [{"text": "\u82cf-27", "offset": 22, "length": 4}, {"text": "\u82cf-24", "offset": 27, "length": 4}, {"text": "\u82cf-30SM", "offset": 32, "length": 6}, {"text": "\u7c73-24\u76f4\u5347\u673a", "offset": 39, "length": 7}, {"text": "\u5361-27\u76f4\u5347\u673a", "offset": 47, "length": 7}, {"text": "\u5b89-26\u519b\u7528\u8fd0\u8f93\u673a", "offset": 55, "length": 9}]}}, {"sentence": "\u58f0\u660e\u8bf4\uff0c\u5728\u6f14\u4e60\u4e2d\uff0c\u673a\u7ec4\u4eba\u5458\u53d1\u5c04\u4e86\u4e0d\u540c\u7ea7\u522b\u7684\u5bfc\u5f39\u548c\u706b\u7bad\u5f39\uff0c\u4f7f\u7528\u4e86\u822a\u7a7a\u70ae\uff0c\u6295\u63b7\u4e86100\u5230500\u516c\u65a4\u7684\u70b8\u5f39\uff0c\u5e76\u7ec3\u4e60\u4e86\u7a7a\u6218\u673a\u52a8\uff0c\u4ee5\u53ca\u5e94\u5bf9\u654c\u519b\u5e72\u6270\u3002", "events": [], "arguments": {"time": [], "loc": [], "country": [], "weapon": [{"text": "\u5bfc\u5f39", "offset": 21, "length": 2}, {"text": "\u706b\u7bad\u5f39", "offset": 24, "length": 3}, {"text": "\u822a\u7a7a\u70ae", "offset": 31, "length": 3}, {"text": "\u70b8\u5f39", "offset": 48, "length": 2}]}}, {"sentence": "\u76f4\u5347\u673a\u7684\u673a\u7ec4\u4eba\u5458\u5219\u4e3b\u8981\u6f14\u7ec3\u641c\u7d22\u3001\u8ddf\u8e2a\u6f5c\u8247\u3001\u4e3a\u6d77\u9632\u90e8\u961f\u63d0\u4f9b\u7a7a\u4e2d\u652f\u63f4\u3001\u8fd0\u8f93\u7a7a\u964d\u7a81\u51fb\u90e8\u961f\u7b49\u3002", "events": [], "arguments": {"time": [], "loc": [], "country": [], "weapon": [{"text": "\u76f4\u5347\u673a", "offset": 0, "length": 3}, {"text": "\u6f5c\u8247", "offset": 18, "length": 2}]}}, {"sentence": "\u62a5\u9053\u79f0\uff0c\u6b64\u6b21\u6f14\u4e60\u663c\u591c\u8fdb\u884c\uff0c\u5171\u52a8\u7528\u4e86\u7ea620\u67b6\u98de\u673a\u548c\u8d85\u8fc7400\u540d\u6ce2\u7f57\u7684\u6d77\u8230\u961f\u5b98\u5175\u3002", "events": [], "arguments": {"time": [], "loc": [{"text": "\u6ce2\u7f57\u7684\u6d77", "offset": 30, "length": 4}], "country": [], "weapon": [{"text": "\u98de\u673a", "offset": 21, "length": 2}]}}, {"sentence": "\uff08\u5b8c\uff09", "events": [], "arguments": {"time": [], "loc": [], "country": [], "weapon": []}}, {"sentence": "\uff08\u5b8c\uff09", "events": [], "arguments": {"time": [], "loc": [], "country": [], "weapon": []}}]