[{"sentence": "\u7a81\u53d1\uff01", "events": [], "arguments": {"time": [], "loc": [], "country": [], "weapon": []}}, {"sentence": "\u7f8e\u519bB-1B\u8f70\u70b8\u673a\u88ab\u66dd\u903c\u8fd1\u4e1c\u6d77\u9632\u7a7a\u8bc6\u522b\u533a\uff0c\u7eff\u5a92\u8fc5\u901f\u7092\u4f5c", "events": [], "arguments": {"time": [], "loc": [{"text": "\u4e1c\u6d77\u9632\u7a7a\u8bc6\u522b\u533a", "offset": 13, "length": 7}], "country": [{"text": "\u7f8e", "offset": 0, "length": 1}], "weapon": [{"text": "B-1B\u8f70\u70b8\u673a", "offset": 2, "length": 7}]}}, {"sentence": "\u3010\u73af\u7403\u7f51\u62a5\u9053\u8bb0\u8005 \u5f90\u7490\u660e\u3011", "events": [], "arguments": {"time": [], "loc": [], "country": [], "weapon": []}}, {"sentence": "\u7f8e\u519b1\u67b6B-1B\u8f70\u70b8\u673a\u88ab\u66dd\u4e8e8\u670816\u65e5\u98de\u5411\u4e1c\u6d77\uff0c\u903c\u8fd1\u4e1c\u6d77\u9632\u7a7a\u8bc6\u522b\u533a\u3002", "events": [], "arguments": {"time": [{"text": "8\u670816\u65e5", "offset": 14, "length": 5}], "loc": [{"text": "\u4e1c\u6d77\uff0c\u903c\u8fd1\u4e1c\u6d77\u9632\u7a7a\u8bc6\u522b\u533a", "offset": 21, "length": 12}, {"text": "\u4e1c\u6d77", "offset": 21, "length": 2}, {"text": "\u4e1c\u6d77\u9632\u7a7a\u8bc6\u522b\u533a", "offset": 26, "length": 7}], "country": [{"text": "\u7f8e", "offset": 0, "length": 1}], "weapon": [{"text": "B-1B\u8f70\u70b8\u673a", "offset": 4, "length": 7}]}}, {"sentence": "\u53f0\u6e7e\u4eb2\u7eff\u5a92\u4f5317\u65e5\u7092\u4f5c\u79f0\uff0c\u6b64\u4e3e\u201c\u6311\u6218\u89e3\u653e\u519b\u5e95\u7ebf\u201d\u3002", "events": [], "arguments": {"time": [{"text": "17\u65e5", "offset": 6, "length": 3}], "loc": [], "country": [{"text": "\u53f0\u6e7e", "offset": 0, "length": 2}], "weapon": []}}, {"sentence": "\u636e\u53f0\u6e7e\u4eb2\u7eff\u5a92\u4f538\u670817\u65e5\u62a5\u9053\uff0c\u5728\u5927\u9646\u5ba3\u5e03\u4e8e\u53f0\u6e7e\u6d77\u5ce1\u53ca\u5357\u5317\u4e24\u7aef\u8fdb\u884c\u5b9e\u6218\u5316\u6f14\u7ec3\u4e4b\u9645\uff0c\u7f8e\u519b\u5f00\u5c55\u76f8\u5e94\u884c\u52a8\uff0c1\u67b6B-1B\u8d85\u97f3\u901f\u6218\u7565\u8f70\u70b8\u673a16\u65e5\u65e9\u4e0a\u98de\u5411\u53f0\u6e7e\u4e1c\u5317\u7a7a\u57df\uff0c\u903c\u8fd1\u5927\u9646\u5212\u8bbe\u7684\u4e1c\u6d77\u9632\u7a7a\u8bc6\u522b\u533a\u3002", "events": [], "arguments": {"time": [{"text": "8\u670817\u65e5", "offset": 7, "length": 5}], "loc": [{"text": "\u53f0\u6e7e\u6d77\u5ce1", "offset": 21, "length": 4}, {"text": "\u53f0\u6e7e\u4e1c\u5317\u7a7a\u57df", "offset": 70, "length": 6}, {"text": "\u4e1c\u6d77\u9632\u7a7a\u8bc6\u522b\u533a", "offset": 84, "length": 7}], "country": [{"text": "\u53f0\u6e7e", "offset": 1, "length": 2}, {"text": "\u53f0\u6e7e", "offset": 70, "length": 2}], "weapon": [{"text": "B-1B\u8d85\u97f3\u901f\u6218\u7565\u8f70\u70b8\u673a", "offset": 51, "length": 12}]}}, {"sentence": "\u62a5\u9053\u79f0\uff0c\u8fd9\u662f\u201c\u6311\u6218\u89e3\u653e\u519b\u5e95\u7ebf\u201d\u3002", "events": [], "arguments": {"time": [], "loc": [], "country": [], "weapon": []}}, {"sentence": "\u793e\u4ea4\u5a92\u4f53\u8d26\u53f7\u201cGolf9\u201d\u53d1\u5e03\u76848\u670816\u65e5\u7f8e\u519bB-1B\u6218\u7565\u8f70\u70b8\u673a\u548cKC-135\u52a0\u6cb9\u673a\u98de\u884c\u8def\u7ebf\u56fe", "events": [], "arguments": {"time": [{"text": "8\u670816\u65e5", "offset": 16, "length": 5}], "loc": [], "country": [{"text": "\u7f8e", "offset": 21, "length": 1}], "weapon": [{"text": "B-1B\u6218\u7565\u8f70\u70b8\u673a", "offset": 23, "length": 9}, {"text": "KC-135\u52a0\u6cb9\u673a", "offset": 33, "length": 9}]}}, {"sentence": "\u636e\u4e13\u95e8\u8ffd\u8e2a\u98de\u673a\u6d3b\u52a8\u8f68\u8ff9\u7684\u793e\u4ea4\u5a92\u4f53\u8d26\u53f7\u201cGolf9\u201d\u53d1\u5e03\u7684\u822a\u8ff9\u56fe\u663e\u793a\uff0c\u8fd9\u67b6\u547c\u53f7\u4e3aRUDEY11\u7684\u7f8e\u56fd\u7a7a\u519bB-1B\u6218\u7565\u8f70\u70b8\u673a16\u65e5\u65e9\u4e0a\u4ece\u5173\u5c9b\u5b89\u5fb7\u68ee\u7a7a\u519b\u57fa\u5730\u98de\u5f80\u4e1c\u6d77\uff0c\u903c\u8fd1\u4e1c\u6d77\u9632\u7a7a\u8bc6\u522b\u533a\uff0c\u671f\u95f4\u8fd8\u6709\u4e00\u67b6\u547c\u53f7\u4e3aPEARL21\u7684KC-135\u7a7a\u4e2d\u52a0\u6cb9\u673a\u4e3a\u5176\u63d0\u4f9b\u7a7a\u4e2d\u52a0\u6cb9\u652f\u63f4\u3002", "events": [], "arguments": {"time": [], "loc": [{"text": "\u5173\u5c9b\u5b89\u5fb7\u68ee\u7a7a\u519b\u57fa\u5730", "offset": 66, "length": 9}, {"text": "\u4e1c\u6d77", "offset": 77, "length": 2}, {"text": "\u4e1c\u6d77\u9632\u7a7a\u8bc6\u522b\u533a", "offset": 82, "length": 7}], "country": [{"text": "\u7f8e\u56fd", "offset": 47, "length": 2}], "weapon": [{"text": "RUDEY11", "offset": 39, "length": 7}, {"text": "B-1B\u6218\u7565\u8f70\u70b8\u673a", "offset": 51, "length": 9}, {"text": "KC-135\u7a7a\u4e2d\u52a0\u6cb9\u673a", "offset": 107, "length": 11}, {"text": "PEARL21", "offset": 99, "length": 7}]}}, {"sentence": "\u53f0\u5a92\u8fd8\u63d0\u5230\uff0c\u636e\u201c\u5357\u6d77\u6218\u7565\u6001\u52bf\u611f\u77e5\u8ba1\u5212\u201d\u5e73\u53f08\u670815\u65e5\u53d1\u5e03\u7684\u6d88\u606f\uff0c\u5f53\u5929\u7f8e\u519b\u4e00\u67b6EP-3E\u7535\u5b50\u4fa6\u5bdf\u673a\u5728\u53f0\u6e7e\u897f\u5357\u7a7a\u57df\u6765\u56de\u98de\u884c\uff0c\u4e00\u5ea6\u903c\u8fd1\u4e2d\u56fd\u5927\u9646\u6cbf\u5cb8\u53ea\u670950.19\u6d77\u91cc\uff08\u7ea6\u540892.95\u516c\u91cc\uff09\uff0c\u521b\u4e0b\u7f8e\u519b\u5bf9\u4e2d\u56fd\u5927\u9646\u62b5\u8fd1\u4fa6\u5bdf\u7684\u6700\u8fd1\u8ddd\u79bb\u7eaa\u5f55\u3002", "events": [], "arguments": {"time": [{"text": "8\u670815\u65e5", "offset": 21, "length": 5}], "loc": [{"text": "\u53f0\u6e7e\u897f\u5357\u7a7a\u57df", "offset": 49, "length": 6}, {"text": "\u5357\u6d77", "offset": 8, "length": 2}], "country": [{"text": "\u4e2d\u56fd", "offset": 64, "length": 2}, {"text": "\u4e2d\u56fd", "offset": 96, "length": 2}], "weapon": [{"text": "EP-3E\u7535\u5b50\u4fa6\u5bdf\u673a", "offset": 38, "length": 10}]}}, {"sentence": "\u7f8e\u56fd\u7a7a\u519b\u88c5\u5907\u7684B-1B\u8f70\u70b8\u673a\u662f\u7f8e\u56fd\u4e09\u5927\u6218\u7565\u8f70\u70b8\u673a\u4e4b\u4e00\uff0c\u4e0eB-52\u3001B-2\u8f70\u70b8\u673a\u76f8\u6bd4\uff0cB-1B\u7684\u7279\u70b9\u662f\u80fd\u591f\u7a81\u7834\u97f3\u901f\u98de\u884c\uff0c\u5b9e\u65bd\u8d85\u97f3\u901f\u7a81\u9632\u6253\u51fb\u3002", "events": [], "arguments": {"time": [], "loc": [], "country": [{"text": "\u7f8e\u56fd", "offset": 0, "length": 2}, {"text": "\u7f8e\u56fd", "offset": 15, "length": 2}], "weapon": [{"text": "B-52", "offset": 28, "length": 4}, {"text": "B-2\u8f70\u70b8\u673a", "offset": 33, "length": 6}]}}, {"sentence": "\u540c\u65f6\u8be5\u673a\u8fd8\u80fd\u591f\u642d\u8f7d\u9632\u533a\u5916\u4f5c\u6218\u6b66\u5668\uff0c\u4ece\u9632\u533a\u5916\u53d1\u8d77\u8fdc\u8ddd\u79bb\u7cbe\u786e\u6253\u51fb\u3002", "events": [], "arguments": {"time": [], "loc": [], "country": [], "weapon": []}}, {"sentence": "\u7f8e\u519b\u5411\u4e1c\u6d77\u6d3e\u51fa\u8fd9\u6b3e\u9887\u5177\u8fdb\u653b\u6027\u7684\u6218\u7565\u8f70\u70b8\u673a\uff0c\u5176\u5a01\u80c1\u6027\u4e0d\u8a00\u800c\u55bb\u3002", "events": [], "arguments": {"time": [], "loc": [{"text": "\u4e1c\u6d77", "offset": 3, "length": 2}], "country": [{"text": "\u7f8e", "offset": 0, "length": 1}], "weapon": []}}, {"sentence": "\u7f8e\u56fd\u7a7a\u519bB-1B\u6218\u7565\u8f70\u70b8\u673a", "events": [], "arguments": {"time": [], "loc": [], "country": [{"text": "\u7f8e\u56fd", "offset": 0, "length": 2}], "weapon": [{"text": "B-1B\u6218\u7565\u8f70\u70b8\u673a", "offset": 4, "length": 9}]}}, {"sentence": "8\u670813\u65e5\uff0c\u89e3\u653e\u519b\u5ba3\u5e03\u5728\u53f0\u6e7e\u6d77\u5ce1\u6d77\u5ce1\u53ca\u5357\u5317\u4e24\u7aef\u7ec4\u7ec7\u5b9e\u6218\u5316\u6f14\u7ec3\u3002", "events": [], "arguments": {"time": [{"text": "8\u670813\u65e5", "offset": 0, "length": 5}], "loc": [{"text": "\u53f0\u6e7e\u6d77\u5ce1\u6d77\u5ce1", "offset": 12, "length": 6}], "country": [], "weapon": []}}, {"sentence": "\u89e3\u653e\u519b\u4e1c\u90e8\u6218\u533a\u53d1\u8a00\u4eba\u3001\u7a7a\u519b\u5927\u6821\u5f20\u6625\u6656\u8868\u793a\uff0c\u4e1c\u90e8\u6218\u533a\u591a\u519b\u79cd\u5728\u591a\u65b9\u5411\u6210\u4f53\u7cfb\u51fa\u52a8\u5175\u529b\uff0c\u5728\u53f0\u6e7e\u6d77\u5ce1\u53ca\u5357\u5317\u4e24\u7aef\u8fde\u7eed\u7ec4\u7ec7\u5b9e\u6218\u5316\u6f14\u7ec3\uff0c\u8fdb\u4e00\u6b65\u68c0\u9a8c\u63d0\u5347\u591a\u519b\u79cd\u8054\u5408\u4f5c\u6218\u80fd\u529b\u3002", "events": [], "arguments": {"time": [], "loc": [{"text": "\u4e1c\u90e8\u6218\u533a", "offset": 3, "length": 4}, {"text": "\u4e1c\u90e8\u6218\u533a", "offset": 21, "length": 4}, {"text": "\u53f0\u6e7e\u6d77\u5ce1", "offset": 41, "length": 4}], "country": [], "weapon": []}}, {"sentence": "\u5f20\u6625\u6656\u5927\u6821\u8868\u793a\uff0c\u201c\u4e2a\u522b\u5927\u56fd\u201d\u5728\u53f0\u6e7e\u95ee\u9898\u4e0a\u6d88\u6781\u52a8\u5411\u4e0d\u65ad\uff0c\u5411\u201c\u53f0\u72ec\u201d\u52bf\u529b\u53d1\u51fa\u4e25\u91cd\u9519\u8bef\u4fe1\u53f7\uff0c\u4e25\u91cd\u5a01\u80c1\u53f0\u6d77\u548c\u5e73\u4e0e\u7a33\u5b9a\uff0c\u201c\u53f0\u6e7e\u662f\u4e2d\u56fd\u9886\u571f\u795e\u5723\u4e0d\u53ef\u5206\u5272\u7684\u4e00\u90e8\u5206\uff0c\u6218\u533a\u90e8\u961f\u7ec4\u7ec7\u7684\u5de1\u903b\u548c\u8bad\u7ec3\u6d3b\u52a8\u662f\u9488\u5bf9\u5f53\u524d\u53f0\u6d77\u5b89\u5168\u5f62\u52bf\u548c\u7ef4\u62a4\u56fd\u5bb6\u4e3b\u6743\u9700\u8981\u91c7\u53d6\u7684\u5fc5\u8981\u884c\u52a8\u201d\u3002", "events": [], "arguments": {"time": [], "loc": [{"text": "\u53f0\u6d77", "offset": 47, "length": 2}, {"text": "\u53f0\u6d77", "offset": 93, "length": 2}], "country": [{"text": "\u53f0\u6e7e", "offset": 56, "length": 2}, {"text": "\u4e2d\u56fd", "offset": 59, "length": 2}], "weapon": []}}, {"sentence": "\u6709\u4e13\u4e1a\u4eba\u58eb13\u65e5\u63a5\u53d7\u300a\u73af\u7403\u65f6\u62a5\u300b\u91c7\u8bbf\u65f6\u8868\u793a\uff0c\u89e3\u653e\u519b\u6b64\u6b21\u6f14\u4e60\u8303\u56f4\u8986\u76d6\u6574\u4e2a\u53f0\u6e7e\u6d77\u5ce1\uff0c\u4ece\u5357\u5230\u5317\uff0c\u8fd9\u610f\u5473\u7740\u89e3\u653e\u519b\u6709\u671d\u4e00\u65e5\u5728\u6b66\u529b\u89e3\u51b3\u53f0\u6e7e\u95ee\u9898\u65f6\uff0c\u53ef\u4ee5\u4ece\u53f0\u6e7e\u6d77\u5ce1\u4efb\u4f55\u65b9\u5411\u5bf9\u201c\u53f0\u72ec\u201d\u52bf\u529b\u53d1\u8d77\u6b66\u529b\u6253\u51fb\uff0c\u610f\u5728\u8b66\u544a\u53f0\u6e7e\u5f53\u5c40\u4e22\u6389\u5e7b\u60f3\uff0c\u5426\u5219\u73b0\u5728\u6f14\u7ec3\u5c31\u4f1a\u6210\u4e3a\u660e\u5929\u7684\u73b0\u5b9e\u3002", "events": [], "arguments": {"time": [{"text": "13\u65e5", "offset": 5, "length": 3}], "loc": [{"text": "\u53f0\u6e7e\u6d77\u5ce1", "offset": 35, "length": 4}, {"text": "\u53f0\u6e7e\u6d77\u5ce1", "offset": 70, "length": 4}], "country": [{"text": "\u53f0\u6e7e", "offset": 61, "length": 2}, {"text": "\u53f0\u6e7e", "offset": 96, "length": 2}], "weapon": []}}, {"sentence": "\u81f3\u4e8e\u8fd9\u6761\u5145\u6ee1\u785d\u70df\u5473\u7684\u6f14\u8bad\u6d88\u606f\u4e0d\u70b9\u540d\u5730\u6307\u5411\u7f8e\u56fd\uff0c\u8be5\u4eba\u58eb\u8ba4\u4e3a\uff0c\u8fd9\u8868\u793a\u7f8e\u56fd\u8fd1\u671f\u4e00\u7cfb\u5217\u6d88\u6781\u52a8\u5411\u4f1a\u5bfc\u81f4\u201c\u53f0\u72ec\u201d\u52bf\u529b\u7684\u56a3\u5f20\u6c14\u7130\u9ad8\u6da8\uff0c\u800c\u8fd9\u6b21\u8b66\u544a\u4e0d\u4ec5\u4ec5\u662f\u6253\u51fb\u201c\u53f0\u72ec\u201d\uff0c\u4e5f\u662f\u5bf9\u7f8e\u56fd\u53d1\u51fa\u8b66\u544a\uff0c\u4f53\u73b0\u4e86\u89e3\u653e\u519b\u7ef4\u62a4\u56fd\u5bb6\u4e3b\u6743\u548c\u9886\u571f\u5b8c\u6574\u7684\u575a\u5f3a\u51b3\u5fc3\u3002", "events": [], "arguments": {"time": [], "loc": [], "country": [{"text": "\u7f8e\u56fd", "offset": 20, "length": 2}, {"text": "\u7f8e\u56fd", "offset": 32, "length": 2}, {"text": "\u7f8e\u56fd", "offset": 79, "length": 2}], "weapon": []}}, {"sentence": "\u5bf9\u4e8e\u7f8e\u519b\u8230\u673a\u5728\u4e1c\u6d77\u7684\u6d3b\u52a8\uff0c\u5927\u9646\u56fd\u9632\u90e8\u65b0\u95fb\u53d1\u8a00\u4eba\u5434\u8c26\u5927\u6821\u66fe\u8868\u793a\uff0c\u5f53\u524d\uff0c\u5728\u5730\u533a\u56fd\u5bb6\u7684\u5171\u540c\u52aa\u529b\u4e0b\uff0c\u4e1c\u6d77\u3001\u5357\u6d77\u7684\u5c40\u52bf\u603b\u4f53\u662f\u7a33\u5b9a\u7684\u3002", "events": [], "arguments": {"time": [], "loc": [{"text": "\u4e1c\u6d77", "offset": 7, "length": 2}, {"text": "\u4e1c\u6d77", "offset": 46, "length": 2}, {"text": "\u5357\u6d77", "offset": 49, "length": 2}], "country": [{"text": "\u7f8e", "offset": 2, "length": 1}], "weapon": []}}, {"sentence": "\u8fd9\u5145\u5206\u8bf4\u660e\u57df\u5185\u56fd\u5bb6\u6709\u667a\u6167\u3001\u6709\u80fd\u529b\u3001\u6709\u529e\u6cd5\u901a\u8fc7\u76f4\u63a5\u8c08\u5224\u534f\u5546\uff0c\u59a5\u5904\u5206\u6b67\uff0c\u5171\u62a4\u548c\u5e73\u3002", "events": [], "arguments": {"time": [], "loc": [], "country": [], "weapon": []}}, {"sentence": "\u53cd\u89c2\u4f5c\u4e3a\u57df\u5916\u56fd\u5bb6\u7684\u7f8e\u56fd\uff0c\u6253\u7740\u6240\u8c13\u201c\u822a\u884c\u81ea\u7531\u201d\u7684\u5e4c\u5b50\uff0c\u6d3e\u519b\u7528\u8230\u673a\u6765\u4e1c\u6d77\u3001\u5357\u6d77\u6311\u8845\uff0c\u5bf9\u4e2d\u65b9\u5b9e\u65bd\u9ad8\u9891\u5ea6\u62b5\u8fd1\u4fa6\u5bdf\uff0c\u4e3e\u884c\u9488\u5bf9\u6027\u6781\u5f3a\u7684\u519b\u4e8b\u6f14\u4e60\uff0c\u4e25\u91cd\u5371\u5bb3\u5730\u533a\u56fd\u5bb6\u7684\u4e3b\u6743\u4e0e\u5b89\u5168\u5229\u76ca\uff0c\u4e25\u91cd\u7834\u574f\u672c\u5730\u533a\u7684\u548c\u5e73\u7a33\u5b9a\u3002", "events": [], "arguments": {"time": [], "loc": [{"text": "\u4e1c\u6d77", "offset": 32, "length": 2}, {"text": "\u5357\u6d77", "offset": 35, "length": 2}], "country": [{"text": "\u7f8e\u56fd", "offset": 9, "length": 2}, {"text": "\u4e2d\u65b9", "offset": 41, "length": 2}], "weapon": []}}]