[{"sentence": "\u7edd\u5bc6\u6863\u6848\u89e3\u5bc6\uff01", "events": [], "arguments": {"time": [], "loc": [], "country": [], "weapon": []}}, {"sentence": "\u7f8e\u56fd\u66fe\u7814\u53d1\u4fa6\u5bdf\u201c\u6697\u5668\u201d\u2026\u2026", "events": [], "arguments": {"time": [], "loc": [], "country": [{"text": "\u7f8e\u56fd", "offset": 0, "length": 2}], "weapon": [{"text": "\u4fa6\u5bdf\u201c\u6697\u5668\u201d\u2026\u2026", "offset": 5, "length": 8}]}}, {"sentence": "\u51b7\u6218\u65f6\u671f", "events": [], "arguments": {"time": [], "loc": [], "country": [], "weapon": []}}, {"sentence": "\u7f8e\u519b\u201c\u9ed1\u9e1f\u201d\u548cU-2\u4fa6\u5bdf\u673a", "events": [], "arguments": {"time": [], "loc": [], "country": [{"text": "\u7f8e", "offset": 0, "length": 1}], "weapon": [{"text": "\u201c\u9ed1\u9e1f\u201d", "offset": 2, "length": 4}, {"text": "U-2\u4fa6\u5bdf\u673a", "offset": 7, "length": 6}]}}, {"sentence": "\u7ecf\u5e38\u5bf9\u5176\u4ed6\u56fd\u5bb6\u62b5\u8fd1\u4fa6\u5bdf", "events": [], "arguments": {"time": [], "loc": [], "country": [], "weapon": []}}, {"sentence": "\u751a\u81f3\u9891\u9891\u5165\u4fb5\u522b\u56fd\u9886\u7a7a", "events": [], "arguments": {"time": [], "loc": [], "country": [], "weapon": []}}, {"sentence": "\u51b7\u6218\u7ed3\u675f\u4e09\u5341\u5e74", "events": [], "arguments": {"time": [], "loc": [], "country": [], "weapon": []}}, {"sentence": "\u7f8e\u56fd\u7684\u8fd9\u79cd\u6076\u4e60\u4ecd\u5728\u5ef6\u7eed", "events": [], "arguments": {"time": [], "loc": [], "country": [{"text": "\u7f8e\u56fd", "offset": 0, "length": 2}], "weapon": []}}, {"sentence": "7\u6708\u7f8e\u4fa6\u5bdf\u673a67\u6b21\u73b0\u8eab\u5357\u6d77", "events": [], "arguments": {"time": [{"text": "7\u6708", "offset": 0, "length": 2}], "loc": [{"text": "\u5357\u6d77", "offset": 11, "length": 2}], "country": [{"text": "\u7f8e", "offset": 2, "length": 1}], "weapon": [{"text": "\u4fa6\u5bdf\u673a", "offset": 3, "length": 3}]}}, {"sentence": "P-8A\u51fa\u73b0\u6b21\u6570\u6700\u591a", "events": [], "arguments": {"time": [], "loc": [], "country": [], "weapon": [{"text": "P-8A", "offset": 0, "length": 4}]}}, {"sentence": "\u8fd1\u65e5\uff0c\u4e2d\u56fd\u4eba\u6c11\u89e3\u653e\u519b\u4e1c\u90e8\u6218\u533a\u591a\u519b\u79cd\u591a\u65b9\u5411\u6210\u4f53\u7cfb\u51fa\u52a8\u5175\u529b\uff0c\u5728\u53f0\u6e7e\u6d77\u5ce1\u53ca\u5357\u5317\u4e24\u7aef\u8fde\u7eed\u7ec4\u7ec7\u5b9e\u6218\u5316\u6f14\u7ec3\u3002", "events": [], "arguments": {"time": [], "loc": [{"text": "\u4e1c\u90e8\u6218\u533a", "offset": 10, "length": 4}, {"text": "\u53f0\u6e7e\u6d77\u5ce1", "offset": 29, "length": 4}], "country": [{"text": "\u4e2d\u56fd", "offset": 3, "length": 2}], "weapon": []}}, {"sentence": "\u6839\u636e\u5317\u4eac\u5927\u5b66\u6d77\u6d0b\u7814\u7a76\u9662\u4e0b\u5c5e\u667a\u5e93\u2014\u2014\u201c\u5357\u6d77\u6218\u7565\u6001\u52bf\u611f\u77e5\u8ba1\u5212\u201d\u5e73\u53f0\u53d1\u5e03\u7684\u4fe1\u606f\uff0c8\u670814\u65e5\u51cc\u66684\u70b9\uff0c\u7f8e\u519b\u4e00\u67b6RC-135\u4fa6\u5bdf\u673a\u4ece\u65e5\u672c\u51b2\u7ef3\u5609\u624b\u7eb3\u57fa\u5730\u8d77\u98de\uff0c\u5728\u4e2d\u56fd\u5468\u8fb9\u5f00\u5c55\u4fa6\u5bdf\u6d3b\u52a8\u3002", "events": [], "arguments": {"time": [{"text": "8\u670814\u65e5\u51cc\u66684\u70b9", "offset": 37, "length": 9}], "loc": [{"text": "\u5357\u6d77", "offset": 18, "length": 2}, {"text": "\u65e5\u672c\u51b2\u7ef3\u5609\u624b\u7eb3\u57fa\u5730", "offset": 61, "length": 9}], "country": [{"text": "\u4e2d\u56fd", "offset": 74, "length": 2}], "weapon": [{"text": "RC-135\u4fa6\u5bdf\u673a", "offset": 51, "length": 9}]}}, {"sentence": "\u6b64\u524d\u4e00\u5929\uff0c\u7f8e\u519b\u521a\u521a\u4ece\u672c\u571f\u5411\u51b2\u7ef3\u589e\u6d3e\u4e86\u4e00\u67b6\u540c\u578b\u53f7\u98de\u673a\u3002", "events": [], "arguments": {"time": [], "loc": [{"text": "\u51b2\u7ef3", "offset": 13, "length": 2}], "country": [{"text": "\u7f8e", "offset": 5, "length": 1}], "weapon": [{"text": "\u98de\u673a", "offset": 23, "length": 2}]}}, {"sentence": "\u667a\u5e93\u5206\u6790\u8ba4\u4e3a\uff0c\u7f8e\u519b\u4fa6\u5bdf\u673a\u7684\u884c\u52a8\u53ef\u80fd\u4e0e\u76d1\u89c6\u4e2d\u56fd\u519b\u961f\u8fd1\u671f\u7684\u6f14\u7ec3\u6709\u5173\u3002", "events": [], "arguments": {"time": [], "loc": [], "country": [{"text": "\u7f8e", "offset": 7, "length": 1}, {"text": "\u4e2d\u56fd", "offset": 20, "length": 2}], "weapon": [{"text": "\u4fa6\u5bdf\u673a", "offset": 9, "length": 3}]}}, {"sentence": "RC-135\u4e0d\u8fdb\u5165\u4ed6\u56fd\u9886\u7a7a\u5c31\u80fd\u83b7\u53d6\u5927\u91cf\u4fe1\u53f7", "events": [], "arguments": {"time": [], "loc": [], "country": [], "weapon": [{"text": "RC-135", "offset": 0, "length": 6}]}}, {"sentence": "RC-135 \u662f\u7f8e\u56fd\u7a7a\u519b\u73b0\u5f79\u6700\u91cd\u8981\u7684\u4fa6\u5bdf\u76d1\u89c6\u5e73\u53f0\uff0c\u4e5f\u662f\u5728\u4e2d\u56fd\u5468\u8fb9\u6d3b\u52a8\u7684\u201c\u5e38\u5ba2\u201d\u3002", "events": [], "arguments": {"time": [], "loc": [], "country": [{"text": "\u7f8e\u56fd", "offset": 8, "length": 2}, {"text": "\u4e2d\u56fd", "offset": 28, "length": 2}], "weapon": [{"text": "RC-135 ", "offset": 0, "length": 7}]}}, {"sentence": "\u8be5\u673a\u578b\u5de8\u5927\u7684\u5934\u90e8\u548c\u673a\u8eab\u6574\u6d41\u7f69\u5185\u88c5\u6709\u5927\u91cf\u7535\u5b50\u5929\u7ebf\uff0c\u914d\u5408\u673a\u5185\u4f17\u591a\u7535\u5b50\u4fa6\u5bdf\u8bbe\u5907\uff0c\u80fd\u5728\u4e0d\u8fdb\u5165\u4ed6\u56fd\u9886\u7a7a\u7684\u60c5\u51b5\u4e0b\uff0c\u63a5\u6536\u5230\u4ece\u9884\u8b66\u96f7\u8fbe\u5230\u79fb\u52a8\u7535\u8bdd\u7b49\u5404\u79cd\u7535\u78c1\u4fe1\u53f7\u3002", "events": [], "arguments": {"time": [], "loc": [], "country": [], "weapon": []}}, {"sentence": "\u7f8e\u6d77\u519bP-8A\u5de1\u903b\u673a7\u6708\u51fa\u52a829\u6b21", "events": [], "arguments": {"time": [{"text": "7\u6708", "offset": 10, "length": 2}], "loc": [], "country": [{"text": "\u7f8e", "offset": 0, "length": 1}], "weapon": [{"text": "P-8A\u5de1\u903b\u673a", "offset": 3, "length": 7}]}}, {"sentence": "\u4e0e\u7f8e\u56fd\u7a7a\u519bRC-135\u5e38\u5e38\u642d\u6863\u51fa\u52a8\u7684\u662f\u7f8e\u56fd\u6d77\u519b\u7684P-8A\u5de1\u903b\u673a\u3002", "events": [], "arguments": {"time": [], "loc": [], "country": [{"text": "\u7f8e\u56fd", "offset": 1, "length": 2}, {"text": "\u7f8e\u56fd", "offset": 19, "length": 2}], "weapon": [{"text": "RC-135", "offset": 5, "length": 6}, {"text": "P-8A\u5de1\u903b\u673a", "offset": 24, "length": 7}]}}, {"sentence": "P-8A \u662f\u7f8e\u56fd\u6ce2\u97f3\u516c\u53f8\u8bbe\u8ba1\u751f\u4ea7\u7684\u65b0\u4e00\u4ee3\u6d77\u4e0a\u5de1\u903b\u673a\uff0c\u4e3b\u8981\u7528\u4e8e\u6d77\u4e0a\u5de1\u903b\u3001\u4fa6\u5bdf\u548c\u53cd\u6f5c\u4f5c\u6218\u3002", "events": [], "arguments": {"time": [], "loc": [{"text": "\u6d77\u4e0a", "offset": 30, "length": 2}], "country": [{"text": "\u7f8e\u56fd", "offset": 6, "length": 2}], "weapon": [{"text": "P-8A ", "offset": 0, "length": 5}]}}, {"sentence": "\u8fd1\u5e74\u6765\uff0c\u7531\u4e8e\u7f8e\u56fd\u52a0\u5927\u5bf9\u5357\u6d77\u7684\u519b\u4e8b\u4ecb\u5165\u529b\u5ea6\uff0cP-8A\u9891\u9891\u51fa\u73b0\u5728\u5357\u6d77\u4e0a\u7a7a\u3002", "events": [], "arguments": {"time": [], "loc": [{"text": "\u5357\u6d77", "offset": 11, "length": 2}, {"text": "\u5357\u6d77\u4e0a\u7a7a", "offset": 30, "length": 4}], "country": [{"text": "\u7f8e\u56fd", "offset": 6, "length": 2}], "weapon": [{"text": "P-8A", "offset": 21, "length": 4}]}}, {"sentence": "\u201c\u5357\u6d77\u6218\u7565\u6001\u52bf\u611f\u77e5\u8ba1\u5212\u201d\u5e73\u53f0\u7edf\u8ba1\u7684\u6570\u636e\u663e\u793a\uff0c\u4eca\u5e747\u6708\uff0c\u7f8e\u519b\u5927\u578b\u4fa6\u5bdf\u673a\u517167\u6b21\u51fa\u73b0\u5728\u5357\u6d77\u4e0a\u7a7a\uff0c\u5176\u4e2dP-8A\u662f\u51fa\u52a8\u6b21\u6570\u6700\u591a\u7684\u673a\u578b\uff0c\u517129\u6b21\u3002", "events": [], "arguments": {"time": [{"text": "\u4eca\u5e747\u6708", "offset": 22, "length": 4}], "loc": [{"text": "\u5357\u6d77", "offset": 1, "length": 2}, {"text": "\u5357\u6d77\u4e0a\u7a7a", "offset": 41, "length": 4}], "country": [{"text": "\u7f8e", "offset": 27, "length": 1}], "weapon": [{"text": "P-8A", "offset": 48, "length": 4}]}}, {"sentence": "\u51b7\u6218\u65f6\u671f\u9488\u5bf9\u82cf\u8054", "events": [], "arguments": {"time": [], "loc": [], "country": [{"text": "\u82cf\u8054", "offset": 6, "length": 2}], "weapon": []}}, {"sentence": "\u7f8e\u56fd\u79d8\u5bc6\u7814\u5236\u95f4\u8c0d\u65e0\u4eba\u673a", "events": [], "arguments": {"time": [], "loc": [], "country": [{"text": "\u7f8e\u56fd", "offset": 0, "length": 2}], "weapon": [{"text": "\u95f4\u8c0d\u65e0\u4eba\u673a", "offset": 6, "length": 5}]}}, {"sentence": "\u4e3a\u4e86\u7aa5\u63a2\u522b\u56fd\u673a\u5bc6\uff0c\u7f8e\u56fd\u591a\u5e74\u6765\u4e00\u76f4\u5728\u79ef\u6781\u5f00\u53d1\u4fa6\u5bdf\u201c\u6697\u5668\u201d\u3002", "events": [], "arguments": {"time": [], "loc": [], "country": [{"text": "\u7f8e\u56fd", "offset": 9, "length": 2}], "weapon": [{"text": "\u4fa6\u5bdf\u201c\u6697\u5668\u201d", "offset": 21, "length": 6}]}}, {"sentence": "\u636e\u5916\u5a92\u62a5\u9053\uff0c\u7f8e\u56fd\u4e2d\u592e\u60c5\u62a5\u5c40\u8fd1\u65e5\u516c\u5f00\u4e86\u4e00\u4efd\u89e3\u5bc6\u6863\u6848\uff0c\u62ab\u9732\u4e86\u51b7\u6218\u671f\u95f4\u7f8e\u56fd\u7edd\u5bc6\u95f4\u8c0d\u65e0\u4eba\u673a\u2014\u2014\u201c\u4eff\u9e1f\u201d\u8ba1\u5212\u7684\u5185\u5e55\u3002", "events": [], "arguments": {"time": [], "loc": [], "country": [{"text": "\u7f8e\u56fd", "offset": 6, "length": 2}, {"text": "\u7f8e\u56fd", "offset": 32, "length": 2}], "weapon": [{"text": "\u65e0\u4eba\u673a\u2014\u2014\u201c\u4eff\u9e1f\u201d", "offset": 38, "length": 9}]}}, {"sentence": "\u201c\u4eff\u9e1f\u201d\uff0c\u6307\u4e00\u79cd\u5916\u5f62\u4e0e\u9e1f\u6781\u5176\u76f8\u4f3c\u7684\u5c0f\u578b\u65e0\u4eba\u673a\uff0c\u957f\u7ea61.5\u7c73\uff0c\u5bbd\u7ea62.3\u7c73\uff0c\u8d77\u98de\u91cd\u91cf\u8fd140\u516c\u65a4\uff0c\u91c7\u7528\u6838\u52a8\u529b\uff0c\u53ef\u5728\u7a7a\u4e2d\u957f\u65f6\u95f4\u505c\u7559\uff0c\u6700\u5927\u98de\u884c\u9ad8\u5ea6\u8d856000\u7c73\u3002", "events": [], "arguments": {"time": [], "loc": [], "country": [], "weapon": [{"text": "\u201c\u4eff\u9e1f\u201d", "offset": 0, "length": 4}, {"text": "\u578b\u65e0\u4eba\u673a", "offset": 0, "length": 4}]}}, {"sentence": "\u65e0\u4eba\u673a\u4f2a\u88c5\u6210\u9e1f\u7c7b\uff0c\u5728\u96f7\u8fbe\u5c4f\u5e55\u4e0a\u5f88\u96be\u88ab\u8bc6\u522b\u3002", "events": [], "arguments": {"time": [], "loc": [], "country": [], "weapon": [{"text": "\u65e0\u4eba\u673a", "offset": 0, "length": 3}]}}, {"sentence": "\u6309\u7167\u7f8e\u56fd\u4e2d\u60c5\u5c40\u7684\u8bbe\u60f3\uff0c\u6267\u884c\u4efb\u52a1\u65f6\uff0c\u4e00\u7fa4\u201c\u4eff\u9e1f\u201d\u65e0\u4eba\u673a\u4f1a\u4ece\u4f4d\u4e8e\u7f8e\u56fd\u5185\u534e\u8fbe\u5dde\u7684\u79d8\u5bc6\u57fa\u5730\u201c51\u533a\u201d\u8d77\u98de\u5347\u7a7a\uff0c\u98de\u5411\u82cf\u8054\u3002", "events": [], "arguments": {"time": [], "loc": [{"text": "\u5185\u534e\u8fbe\u5dde", "offset": 32, "length": 4}, {"text": "\u79d8\u5bc6\u57fa\u5730\u201c51\u533a\u201d", "offset": 0, "length": 9}], "country": [{"text": "\u7f8e\u56fd", "offset": 2, "length": 2}, {"text": "\u7f8e\u56fd", "offset": 30, "length": 2}, {"text": "\u82cf\u8054", "offset": 53, "length": 2}], "weapon": [{"text": "\u201c\u4eff\u9e1f\u201d\u65e0\u4eba\u673a", "offset": 19, "length": 7}]}}, {"sentence": "\u9664\u4e86\u4f20\u56de\u60c5\u62a5\u4e4b\u5916\uff0c\u8fd8\u53ef\u4ee5\u79d8\u5bc6\u6295\u653e\u7279\u5236\u7684\u4f20\u611f\u5668\u3002", "events": [], "arguments": {"time": [], "loc": [], "country": [], "weapon": []}}, {"sentence": "\u4f46\u8be5\u9879\u76ee\u6700\u7ec8\u88ab\u53d6\u6d88\uff0c\u4ece\u672a\u6295\u5165\u8fc7\u5b9e\u6218\u3002", "events": [], "arguments": {"time": [], "loc": [], "country": [], "weapon": []}}, {"sentence": "\u7f8e\u56fd\u300a\u5927\u4f17\u673a\u68b0\u300b\u7f51\u7ad9\u5206\u6790\uff0c\u53d6\u6d88\u7684\u539f\u56e0\u53ef\u80fd\u662f\u6280\u672f\u592a\u8fc7\u590d\u6742\u3002", "events": [], "arguments": {"time": [], "loc": [], "country": [{"text": "\u7f8e\u56fd", "offset": 0, "length": 2}], "weapon": []}}, {"sentence": "\u7f8e\u5927\u529b\u7814\u53d1\u4fa6\u5bdf\u201c\u6697\u5668\u201d", "events": [], "arguments": {"time": [], "loc": [], "country": [{"text": "\u7f8e", "offset": 0, "length": 1}], "weapon": [{"text": "\u4fa6\u5bdf\u201c\u6697\u5668", "offset": 5, "length": 5}]}}, {"sentence": "\u7aa5\u63a2\u522b\u56fd\u60c5\u62a5", "events": [], "arguments": {"time": [], "loc": [], "country": [], "weapon": []}}, {"sentence": "\u7eb5\u89c2\u6574\u4e2a\u51b7\u6218\u671f\u95f4\uff0c\u7f8e\u56fd\u5bf9\u82cf\u8054\u7b49\u56fd\u7684\u4fa6\u5bdf\u76d1\u89c6\u6d3b\u52a8\u4ece\u672a\u95f4\u65ad\uff0c\u5e76\u4e3a\u6b64\u5f00\u53d1\u4e86\u4e0d\u5c11\u5728\u5f53\u65f6\u770b\u6765\u6280\u672f\u6c34\u5e73\u5341\u5206\u8d85\u524d\u7684\u6b66\u5668\u88c5\u5907\u3002", "events": [], "arguments": {"time": [], "loc": [], "country": [{"text": "\u7f8e\u56fd", "offset": 9, "length": 2}, {"text": "\u82cf\u8054", "offset": 12, "length": 2}], "weapon": []}}, {"sentence": "\u201c\u9ed1\u9e1f\u201d\u4fa6\u5bdf\u673a \u9891\u9891\u62b5\u8fd1\u4fa6\u5bdf", "events": [], "arguments": {"time": [], "loc": [], "country": [], "weapon": [{"text": "\u201c\u9ed1\u9e1f\u201d\u4fa6\u5bdf\u673a", "offset": 0, "length": 7}]}}, {"sentence": "\u7ef0\u53f7\u201c\u9ed1\u9e1f\u201d\u7684SR-71\u4fa6\u5bdf\u673a\uff0c\u662f\u519b\u706b\u5de8\u5934\u6d1b\u514b\u5e0c\u5fb7\u00b7\u9a6c\u4e01\u516c\u53f8\u4e3a\u7f8e\u56fd\u7a7a\u519b\u5f00\u53d1\u7684\u4e00\u6b3e\u55b7\u6c14\u5f0f\u8fdc\u7a0b\u9ad8\u7a7a\u9ad8\u901f\u6218\u7565\u4fa6\u5bdf\u673a\u3002", "events": [], "arguments": {"time": [], "loc": [], "country": [{"text": "\u7f8e\u56fd", "offset": 31, "length": 2}], "weapon": [{"text": "SR-71\u4fa6\u5bdf\u673a", "offset": 7, "length": 8}, {"text": "\u55b7\u6c14\u5f0f\u8fdc\u7a0b\u9ad8\u7a7a\u9ad8\u901f\u6218\u7565\u4fa6\u5bdf\u673a", "offset": 40, "length": 14}]}}, {"sentence": "\u5b831964\u5e74\u9996\u98de\uff0c1966\u5e74\u670d\u5f79\uff0c1998\u5e74\u6c38\u4e45\u9000\u5f79\u3002", "events": [], "arguments": {"time": [{"text": "1964\u5e74", "offset": 1, "length": 5}, {"text": "\u5e74", "offset": 0, "length": 1}, {"text": "1998\u5e74", "offset": 17, "length": 5}], "loc": [], "country": [], "weapon": []}}, {"sentence": "\u201c\u9ed1\u9e1f\u201d\u4fa6\u5bdf\u673a\u53ef\u4ee5\u5728\u8ddd\u79bb\u5730\u976226000\u7c73\u7684\u9ad8\u7a7a\u98de\u884c\u3002", "events": [], "arguments": {"time": [], "loc": [], "country": [], "weapon": [{"text": "\u201c\u9ed1\u9e1f\u201d\u4fa6\u5bdf\u673a", "offset": 0, "length": 7}]}}, {"sentence": " \u5728\u8fd9\u4e00\u9ad8\u5ea6\u4e0a\uff0c\u98de\u884c\u5458\u4ece\u9a7e\u9a76\u8231\u5185\u770b\u5230\u7684\u4e0d\u662f\u84dd\u8272\u7684\u5929\u7a7a\uff0c\u800c\u662f\u6f06\u9ed1\u7684\u592a\u7a7a\u3002", "events": [], "arguments": {"time": [], "loc": [], "country": [], "weapon": []}}, {"sentence": "\u201c\u9ed1\u9e1f\u201d\u7684\u98de\u884c\u901f\u5ea6\u6700\u5feb\u80fd\u8fbe\u58f0\u901f\u7684\u4e09\u500d\u4ee5\u4e0a\u3002", "events": [], "arguments": {"time": [], "loc": [], "country": [], "weapon": [{"text": "\u201c\u9ed1\u9e1f\u201d", "offset": 0, "length": 4}]}}, {"sentence": " \u4e3a\u6b64\uff0c\u673a\u8eab\u5927\u91cf\u91c7\u7528\u4f4e\u91cd\u91cf\u3001\u9ad8\u5f3a\u5ea6\u7684\u949b\u5408\u91d1\u4f5c\u4e3a\u7ed3\u6784\u6750\u6599\u3002", "events": [], "arguments": {"time": [], "loc": [], "country": [], "weapon": []}}, {"sentence": "\u6bcf\u6b21\u6267\u884c\u4efb\u52a1\u4e4b\u540e\uff0c\u90fd\u9700\u8981\u590d\u6742\u7684\u7ef4\u62a4\u5de5\u4f5c\uff0c\u56e0\u6b64\u6bcf\u67b6\u98de\u673a\u5e73\u5747\u6bcf\u5468\u53ea\u80fd\u6267\u884c\u4e00\u6b21\u4efb\u52a1\u3002", "events": [], "arguments": {"time": [], "loc": [], "country": [], "weapon": [{"text": "\u98de\u673a", "offset": 24, "length": 2}]}}, {"sentence": "\u5f53\u201c\u9ed1\u9e1f\u201d\u4fa6\u6d4b\u5230\u6709\u5730\u9762\u7684\u9632\u7a7a\u5bfc\u5f39\u6765\u88ad\u65f6\uff0c\u53ea\u9700\u6539\u53d8\u822a\u5411\u5e76\u52a0\u901f\u5c31\u80fd\u6446\u8131\u56f0\u5883\u3002", "events": [], "arguments": {"time": [], "loc": [], "country": [], "weapon": [{"text": "\u201c\u9ed1\u9e1f\u201d", "offset": 1, "length": 4}, {"text": "\u9632\u7a7a\u5bfc\u5f39", "offset": 12, "length": 4}]}}, {"sentence": "\u6d1b\u514b\u5e0c\u5fb7\u00b7\u9a6c\u4e01\u516c\u53f8\u516c\u53f8\u4e00\u5171\u751f\u4ea7\u4e8632\u67b6SR-71\u4fa6\u5bdf\u673a\uff0c\u5176\u4e2d12\u67b6\u56e0\u4e8b\u6545\u7b49\u539f\u56e0\u88ab\u6bc1\uff0c\u4f46\u8be5\u673a\u578b\u4ece\u672a\u88ab\u654c\u65b9\u706b\u529b\u51fb\u843d\u8fc7\u3002", "events": [], "arguments": {"time": [], "loc": [], "country": [], "weapon": [{"text": "SR-71\u4fa6\u5bdf\u673a", "offset": 19, "length": 8}]}}, {"sentence": "U-2\u9ad8\u7a7a\u4fa6\u5bdf\u673a \u5c61\u5c61\u5165\u4fb5\u4ed6\u56fd\u9886\u7a7a", "events": [], "arguments": {"time": [], "loc": [], "country": [], "weapon": [{"text": "U-2\u9ad8\u7a7a\u4fa6\u5bdf\u673a", "offset": 0, "length": 8}]}}, {"sentence": "\u9664\u4e86\u201c\u9ed1\u9e1f\u201d\u4fa6\u5bdf\u673a\uff0cU-2\u4e5f\u662f\u7f8e\u56fd\u5728\u51b7\u6218\u671f\u95f4\u9891\u7e41\u7528\u4e8e\u523a\u63a2\u4ed6\u56fd\u60c5\u62a5\u7684\u5de5\u5177\u3002", "events": [], "arguments": {"time": [], "loc": [], "country": [{"text": "\u7f8e\u56fd", "offset": 15, "length": 2}], "weapon": [{"text": "\u201c\u9ed1\u9e1f\u201d\u4fa6\u5bdf\u673a", "offset": 2, "length": 7}, {"text": "U-2", "offset": 10, "length": 3}]}}, {"sentence": "\u4e0e\u201c\u9ed1\u9e1f\u201d\u7c7b\u4f3c\uff0cU-2\u7684\u6700\u5927\u98de\u884c\u9ad8\u5ea6\u8d852\u4e07\u7c73\uff0c\u98de\u884c\u5458\u9700\u8eab\u7740\u5b87\u822a\u670d\u6267\u884c\u4efb\u52a1\u3002", "events": [], "arguments": {"time": [], "loc": [], "country": [], "weapon": [{"text": "\u201c\u9ed1\u9e1f\u201d", "offset": 1, "length": 4}, {"text": "U-2", "offset": 8, "length": 3}]}}, {"sentence": "\u4f46\u4e0e\u201c\u9ed1\u9e1f\u201d\u5e38\u5e38\u8fdb\u884c\u62b5\u8fd1\u4fa6\u5bdf\u4e0d\u540c\uff0cU-2\u5f80\u5f80\u76f4\u63a5\u5165\u4fb5\u4ed6\u56fd\u9886\u7a7a\uff0c\u8fd9\u4e5f\u4f7f\u5f97\u8be5\u673a\u578b\u88ab\u51fb\u843d\u7684\u98ce\u9669\u5927\u5e45\u589e\u52a0\u3002", "events": [], "arguments": {"time": [], "loc": [], "country": [], "weapon": [{"text": "\u201c\u9ed1\u9e1f\u201d", "offset": 2, "length": 4}, {"text": "U-2", "offset": 17, "length": 3}]}}, {"sentence": "1960\u5e745\u6708\uff0c\u4e00\u67b6U-2\u5728\u82cf\u8054\u9886\u7a7a\u8303\u56f4\u5185\u88ab\u82cf\u519b\u9632\u7a7a\u5bfc\u5f39\u51fb\u843d\uff0c\u6210\u4e3a\u51b7\u6218\u8fdb\u7a0b\u4e2d\u91cd\u5927\u5386\u53f2\u8282\u70b9\u3002", "events": [], "arguments": {"time": [{"text": "1960\u5e745\u6708", "offset": 0, "length": 7}], "loc": [], "country": [{"text": "\u82cf\u8054", "offset": 14, "length": 2}], "weapon": [{"text": "U-2", "offset": 10, "length": 3}, {"text": "\u9632\u7a7a\u5bfc\u5f39", "offset": 24, "length": 4}]}}, {"sentence": "1962\u5e749\u67089\u65e5\uff0c\u6211\u56fd\u7a7a\u519b\u5730\u7a7a\u5bfc\u5f39\u90e8\u961f\u9996\u6b21\u51fb\u843dU-2\u9ad8\u7a7a\u4fa6\u5bdf\u673a\u3002", "events": [], "arguments": {"time": [{"text": "1962\u5e749\u67089\u65e5", "offset": 0, "length": 9}], "loc": [], "country": [], "weapon": [{"text": "U-2\u9ad8\u7a7a\u4fa6\u5bdf\u673a", "offset": 24, "length": 8}]}}, {"sentence": "\u6b64\u540e\uff0c\u53c8\u5148\u540e\u51fb\u843d4\u67b6U-2\u4fa6\u5bdf\u673a\uff0c\u521b\u9020\u4e86\u51fb\u843dU-2\u98de\u673a\u6700\u591a\u7684\u4e16\u754c\u7eaa\u5f55\u3002", "events": [], "arguments": {"time": [], "loc": [], "country": [], "weapon": [{"text": "U-2\u4fa6\u5bdf\u673a", "offset": 10, "length": 6}, {"text": "U-2\u98de\u673a", "offset": 22, "length": 5}]}}]