[{"sentence": "\u97e9\u56fd\u5ba3\u5e03\u5efa\u8f7b\u578b\u822a\u6bcd\uff0c\u4e1c\u5317\u4e9a\u5c06\u5982\u4f55\u53d8\u5c40\uff1f", "events": [], "arguments": {"time": [], "loc": [], "country": [{"text": "\u97e9\u56fd", "offset": 0, "length": 2}], "weapon": [{"text": "\u8f7b\u578b\u822a\u6bcd", "offset": 5, "length": 4}]}}, {"sentence": "\u8fd1\u65e5", "events": [], "arguments": {"time": [], "loc": [], "country": [], "weapon": []}}, {"sentence": "\u97e9\u56fd\u201c\u56fd\u9632\u4e2d\u671f\u8ba1\u5212\u201d\u516c\u5e03", "events": [], "arguments": {"time": [], "loc": [], "country": [{"text": "\u97e9\u56fd", "offset": 0, "length": 2}], "weapon": []}}, {"sentence": "\u4e00\u7cfb\u5217\u91cd\u5927\u519b\u4e8b\u88c5\u5907\u9879\u76ee", "events": [], "arguments": {"time": [], "loc": [], "country": [], "weapon": []}}, {"sentence": "\u5176\u4e2d\u6700\u9192\u76ee\u7684\u662f", "events": [], "arguments": {"time": [], "loc": [], "country": [], "weapon": []}}, {"sentence": "\u97e9\u56fd\u56fd\u9632\u90e8\u6b63\u5f0f\u5ba3\u5e03\u542f\u52a8", "events": [], "arguments": {"time": [], "loc": [], "country": [{"text": "\u97e9\u56fd", "offset": 0, "length": 2}], "weapon": []}}, {"sentence": "3\u4e07\u5428\u7ea7\u8f7b\u578b\u822a\u6bcd\u8ba1\u5212", "events": [], "arguments": {"time": [], "loc": [], "country": [], "weapon": [{"text": "3\u4e07\u5428\u7ea7\u8f7b\u578b\u822a\u6bcd", "offset": 0, "length": 8}]}}, {"sentence": "\u97e9\u56fd\u56fd\u9632\u90e8\u516c\u5e03", "events": [], "arguments": {"time": [], "loc": [], "country": [{"text": "\u97e9\u56fd", "offset": 0, "length": 2}], "weapon": []}}, {"sentence": "\u201c\u56fd\u9632\u4e2d\u671f\u8ba1\u5212\u201d", "events": [], "arguments": {"time": [], "loc": [], "country": [], "weapon": []}}, {"sentence": "\u65e5\u524d\uff0c\u97e9\u56fd\u56fd\u9632\u90e8\u516c\u5e03\u4e86\u603b\u6295\u8d44\u9ad8\u8fbe300\u4e07\u4ebf\u97e9\u5143 \uff08\u7ea61.76\u4e07\u4ebf\u5143\u4eba\u6c11\u5e01\uff09\u7684\u201c2021-2025\u5e74\u56fd\u9632\u4e2d\u671f\u8ba1\u5212\u201d\uff0c\u4e00\u7cfb\u5217\u91cd\u5927\u519b\u4e8b\u88c5\u5907\u9879\u76ee\u6089\u6570\u4eae\u76f8\uff0c\u4ece\u76d1\u63a7\u80fd\u529b\u3001\u53cd\u5bfc\u80fd\u529b\u3001\u5bfc\u5f39\u529b\u91cf\u3001\u6f5c\u8247\u5efa\u9020\u548c\u5efa\u7acb\u8f7b\u578b\u822a\u6bcd\u6218\u6597\u7fa45\u4e2a\u65b9\u9762\u8fdb\u884c\u6218\u529b\u5168\u9762\u63d0\u5347\u3002", "events": [], "arguments": {"time": [], "loc": [], "country": [{"text": "\u97e9\u56fd", "offset": 3, "length": 2}], "weapon": [{"text": "\u5bfc\u5f39", "offset": 84, "length": 2}, {"text": "\u6f5c\u8247", "offset": 89, "length": 2}, {"text": "\u822a\u6bcd", "offset": 98, "length": 2}]}}, {"sentence": "\u6709\u8bc4\u8bba\u79f0\uff0c\u8fd9\u5f3a\u70c8\u7a81\u663e\u4e86\u97e9\u56fd\u8fd1\u5e74\u6765\u5f3a\u5316\u5efa\u8bbe\u201c\u72ec\u7acb\u519b\u4e8b\u529b\u91cf\u7684\u51b3\u5fc3\u201d\u3002", "events": [], "arguments": {"time": [], "loc": [], "country": [{"text": "\u97e9\u56fd", "offset": 11, "length": 2}], "weapon": []}}, {"sentence": "\u97e9\u56fd\u6b63\u5f0f\u542f\u52a8", "events": [], "arguments": {"time": [], "loc": [], "country": [{"text": "\u97e9\u56fd", "offset": 0, "length": 2}], "weapon": []}}, {"sentence": "3\u4e07\u5428\u7ea7\u8f7b\u578b\u822a\u6bcd\u8ba1\u5212", "events": [], "arguments": {"time": [], "loc": [], "country": [], "weapon": [{"text": "3\u4e07\u5428\u7ea7\u8f7b\u578b\u822a\u6bcd", "offset": 0, "length": 8}]}}, {"sentence": "\u6574\u4e2a\u201c2021\u5e74-2025\u5e74\u56fd\u9632\u4e2d\u671f\u8ba1\u5212\u201d\u4e2d\u6700\u9192\u76ee\u7684\uff0c\u5c31\u662f\u97e9\u56fd\u56fd\u9632\u90e8\u6b63\u5f0f\u5ba3\u5e03\u542f\u52a83\u4e07\u5428\u7ea7\u8f7b\u578b\u822a\u6bcd\u8ba1\u5212 \u3002", "events": [], "arguments": {"time": [{"text": "2021\u5e74", "offset": 3, "length": 5}, {"text": "2025\u5e74", "offset": 9, "length": 5}], "loc": [], "country": [{"text": "\u97e9\u56fd", "offset": 29, "length": 2}], "weapon": [{"text": "\u8f7b\u578b\u822a\u6bcd", "offset": 44, "length": 4}]}}, {"sentence": "\u8be5\u822a\u6bcd\u6982\u5ff5\u8bbe\u8ba1\u5c06\u5728\u4eca\u5e74\u5e74\u5e95\u5b8c\u6210\uff0c\u57fa\u7840\u8bbe\u8ba1\u5c06\u5728\u660e\u5e74\u5f00\u59cb\uff0c\u8ba1\u5212\u57282030\u5e74\u521d\u5b9e\u73b0\u3002", "events": [], "arguments": {"time": [{"text": "\u4eca\u5e74\u5e74\u5e95", "offset": 9, "length": 4}, {"text": "2030\u5e74\u521d", "offset": 30, "length": 6}], "loc": [], "country": [], "weapon": [{"text": "\u822a\u6bcd", "offset": 1, "length": 2}]}}, {"sentence": "\u8f7b\u578b\u822a\u6bcd\u5efa\u6210\u540e\uff0c\u5c06\u80fd\u642d\u8f7d20\u67b6F-35B\u6700\u65b0\u77ed\u5782\u9690\u8eab\u6218\u6597\u673a\u3002", "events": [], "arguments": {"time": [], "loc": [], "country": [], "weapon": [{"text": "F-35B\u6700\u65b0\u77ed\u5782\u9690\u8eab\u6218\u6597\u673a", "offset": 15, "length": 14}]}}, {"sentence": "\u76ee\u524d\u97e9\u56fd\u63a8\u52a8\u5efa\u9020\u7684\u8f7b\u578b\u822a\u6bcd\u6570\u91cf\u53ea\u67091\u8258\uff0c\u4f46\u73b0\u6709\u7684\u201c\u72ec\u5c9b\u201d\u53f7\u548c\u201c\u9a6c\u7f57\u5c9b\u201d\u53f7\u4e24\u6816\u653b\u51fb\u8230\u90fd\u53ef\u901a\u8fc7\u589e\u5f3a\u7532\u677f\u6539\u9020\u6210\u8f7b\u578b\u822a\u6bcd\u3002", "events": [], "arguments": {"time": [], "loc": [], "country": [{"text": "\u97e9\u56fd", "offset": 2, "length": 2}], "weapon": [{"text": "\u201c\u72ec\u5c9b\u201d\u53f7", "offset": 24, "length": 5}, {"text": "\u201c\u9a6c\u7f57\u5c9b\u201d\u53f7\u4e24\u6816\u653b\u51fb\u8230", "offset": 30, "length": 11}]}}, {"sentence": "\u636e\u97e9\u56fdYTN\u7535\u89c6\u53f0\u8bb0\u8005\u79f0\uff1a\u201c\u72ec\u5c9b\u201d\u53f7\u662f14500\u5428\u7ea7\u89c4\u6a21\uff0c\u7532\u677f\u4e0a\u53ef\u540c\u65f6\u8d77\u964d6\u67b6\u76f4\u5347\u673a\uff0c\u8f7b\u578b\u822a\u6bcd\u7684\u6392\u6c34\u91cf\u662f\u201c\u72ec\u5c9b\u201d\u53f7\u76842\u500d\u5de6\u53f3\u3002", "events": [], "arguments": {"time": [], "loc": [], "country": [{"text": "\u97e9\u56fd", "offset": 1, "length": 2}], "weapon": [{"text": "\u76f4\u5347\u673a", "offset": 39, "length": 3}, {"text": "\u201c\u72ec\u5c9b\u201d\u53f7", "offset": 52, "length": 5}]}}, {"sentence": "\u6b64\u5916\uff0c\u97e9\u56fd\u8fd8\u5c06\u989d\u5916\u5efa\u90206\u8258\u76f8\u5f53\u4e8e\u8ff7\u4f60\u201c\u5b99\u65af\u76fe\u201d\u8230\u7684\u97e9\u56fd6000\u5428\u7ea7\u65b0\u4e00\u4ee3KDDX\u9a71\u9010\u8230\u3002", "events": [], "arguments": {"time": [], "loc": [], "country": [{"text": "\u97e9\u56fd", "offset": 3, "length": 2}, {"text": "\u97e9\u56fd", "offset": 25, "length": 2}], "weapon": [{"text": "\u201c\u5b99\u65af\u76fe\u201d\u8230", "offset": 18, "length": 6}, {"text": "KDDX\u9a71\u9010\u8230", "offset": 36, "length": 7}]}}, {"sentence": "\u8fd9\u610f\u5473\u7740\uff0c\u97e9\u56fd\u6d77\u519b\u5c06\u4e00\u5171\u62e5\u670912\u8258\u201c\u5b99\u65af\u76fe\u201d\u8230\u3002", "events": [], "arguments": {"time": [], "loc": [], "country": [{"text": "\u97e9\u56fd", "offset": 5, "length": 2}], "weapon": [{"text": "\u201c\u5b99\u65af\u76fe\u201d\u8230", "offset": 17, "length": 6}]}}, {"sentence": "\u97e9\u56fd\u6b63\u5f0f\u542f\u52a8\u8f7b\u578b\u822a\u6bcd\u8ba1\u5212\u2193\u2193", "events": [], "arguments": {"time": [], "loc": [], "country": [{"text": "\u97e9\u56fd", "offset": 0, "length": 2}], "weapon": [{"text": "\u8f7b\u578b\u822a\u6bcd", "offset": 6, "length": 4}]}}, {"sentence": "\u4e13\u5bb6\u89e3\u8bfb\uff1a", "events": [], "arguments": {"time": [], "loc": [], "country": [], "weapon": []}}, {"sentence": "\u97e9\u822a\u6bcd\u5728\u4e1c\u5317\u4e9a\u6d77\u57df\u6050\u201c\u65bd\u5c55\u4e0d\u5f00\u201d", "events": [], "arguments": {"time": [], "loc": [{"text": "\u4e1c\u5317\u4e9a\u6d77\u57df", "offset": 4, "length": 5}], "country": [{"text": "\u97e9", "offset": 0, "length": 1}], "weapon": [{"text": "\u822a\u6bcd", "offset": 1, "length": 2}]}}, {"sentence": "\u97e9\u56fd\u5927\u529b\u53d1\u5c55\u822a\u6bcd\u5bf9\u5730\u533a\u5f62\u52bf\u4f1a\u4ea7\u751f\u600e\u6837\u7684\u5f71\u54cd\uff1f", "events": [], "arguments": {"time": [], "loc": [], "country": [{"text": "\u97e9\u56fd", "offset": 0, "length": 2}], "weapon": [{"text": "\u822a\u6bcd", "offset": 6, "length": 2}]}}, {"sentence": "\u7279\u7ea6\u8bc4\u8bba\u5458\u6ed5\u5efa\u7fa4\uff1a", "events": [], "arguments": {"time": [], "loc": [], "country": [], "weapon": []}}, {"sentence": "\u6211\u89c9\u5f97\u5b83\u5f88\u96be\u65bd\u5c55\u5f00\uff0c\u8fdb\u51fa\u65f6\u80af\u5b9a\u4f1a\u53d7\u5230\u5176\u5b83\u6253\u51fb\u5175\u5668\u7684\u9650\u5236\u3002", "events": [], "arguments": {"time": [], "loc": [], "country": [], "weapon": []}}, {"sentence": "\u4ece\u4e1c\u5317\u4e9a\u5c40\u52bf\u6765\u770b\uff0c\u97e9\u56fd\u5982\u679c\u4e00\u65e6\u62e5\u6709\u4e86\u73b0\u5f79\u7684\u822a\u6bcd\uff0c\u786e\u5b9e\u4f1a\u5bf9\u5730\u533a\u5f62\u52bf\u5e26\u6765\u4e00\u5b9a\u5f71\u54cd\uff0c\u5305\u62ec\u5bf9\u65e5\u672c\uff0c\u56e0\u4e3a\u65e5\u97e9\u4e4b\u95f4\u7d20\u6709\u5c9b\u4e89\u3002", "events": [], "arguments": {"time": [], "loc": [{"text": "\u4e1c\u5317\u4e9a", "offset": 1, "length": 3}], "country": [{"text": "\u97e9\u56fd", "offset": 9, "length": 2}, {"text": "\u65e5\u672c", "offset": 42, "length": 2}], "weapon": [{"text": "\u822a\u6bcd", "offset": 21, "length": 2}]}}, {"sentence": "\u97e9\u56fd\u536f\u7740\u52b2\u53d1\u5c55\u822a\u6bcd\uff0c\u663e\u7136\u8ddf\u65e5\u672c\u62e5\u6709\u51c6\u822a\u6bcd\u6709\u5f88\u5927\u8054\u7cfb\uff0c\u540c\u65f6\u4e5f\u4f1a\u5bf9\u671d\u9c9c\u5e26\u6765\u4e00\u5b9a\u523a\u6fc0\u3002", "events": [], "arguments": {"time": [], "loc": [], "country": [{"text": "\u97e9\u56fd", "offset": 0, "length": 2}, {"text": "\u65e5\u672c", "offset": 13, "length": 2}, {"text": "\u671d\u9c9c", "offset": 31, "length": 2}], "weapon": [{"text": "\u822a\u6bcd", "offset": 7, "length": 2}, {"text": "\u51c6\u822a\u6bcd", "offset": 17, "length": 3}]}}, {"sentence": "\u4e86\u89e3\u56fd\u9645\u5c40\u52bf", "events": [], "arguments": {"time": [], "loc": [], "country": [], "weapon": []}}, {"sentence": "\u5173\u6ce8\u592e\u89c6\u519b\u4e8b", "events": [], "arguments": {"time": [], "loc": [], "country": [], "weapon": []}}, {"sentence": "\u6765\u6e90\uff1aCCTV-7\u300a\u56fd\u9632\u519b\u4e8b\u65e9\u62a5\u300b", "events": [], "arguments": {"time": [], "loc": [], "country": [], "weapon": []}}]