[{"sentence": "\u4e94\u4ee3\u673a\u9644\u4f53\uff1f", "events": [], "arguments": {"time": [], "loc": [], "country": [], "weapon": [{"text": "\u4e94\u4ee3\u673a", "offset": 0, "length": 3}]}}, {"sentence": "\u4fc4\u519b\u4e24\u6b3e\u6218\u7565\u8f70\u70b8\u673a\u5c06\u7528\u4e0a\u82cf57\u6218\u673a\u6280\u672f", "events": [], "arguments": {"time": [], "loc": [], "country": [{"text": "\u4fc4", "offset": 0, "length": 1}], "weapon": [{"text": "\u82cf57\u6218\u673a", "offset": 12, "length": 5}]}}, {"sentence": "\u3010\u73af\u7403\u7f51\u62a5\u9053 \u8bb0\u8005 \u5f90\u7490\u660e\u3011", "events": [], "arguments": {"time": [], "loc": [], "country": [], "weapon": []}}, {"sentence": "\u7f8e\u5a92\u62a5\u9053\u79f0\uff0c\u4fc4\u519b\u4e24\u6b3e\u6218\u7565\u8f70\u70b8\u673a\u5373\u5c06\u88c5\u5907\u4e0e\u82cf-57\u6218\u6597\u673a\u76f8\u540c\u7684\u901a\u4fe1\u7cfb\u7edf\uff0c\u6218\u6597\u80fd\u529b\u5c06\u8fdb\u4e00\u6b65\u63d0\u5347\u3002", "events": [], "arguments": {"time": [], "loc": [], "country": [{"text": "\u7f8e", "offset": 0, "length": 1}, {"text": "\u4fc4", "offset": 6, "length": 1}], "weapon": [{"text": "\u82cf-57", "offset": 20, "length": 4}, {"text": "\u82cf-57\u6218\u6597\u673a", "offset": 20, "length": 7}]}}, {"sentence": "\u636e\u7f8e\u56fd\u300a\u56fd\u5bb6\u5229\u76ca\u300b\u6742\u5fd7\u7f51\u7ad98\u670813\u65e5\u62a5\u9053\uff0c\u5c3d\u7ba1\u56fe-160\u8f70\u70b8\u673a\u5728\u67cf\u6797\u5899\u65f6\u4ee3\u5c31\u4e00\u76f4\u5728\u98de\u884c\u6267\u884c\u4efb\u52a1\uff0c\u4f46\u4fc4\u7f57\u65af\u76f4\u5230\u73b0\u5728\u8fd8\u5728\u7ee7\u7eed\u5bf9\u8fd9\u67b6\u51b7\u6218\u65f6\u671f\u7684\u6218\u7565\u8f70\u70b8\u673a\u8fdb\u884c\u73b0\u4ee3\u5316\u5347\u7ea7\u3002", "events": [], "arguments": {"time": [{"text": "8\u670813\u65e5", "offset": 13, "length": 5}], "loc": [], "country": [{"text": "\u7f8e\u56fd", "offset": 1, "length": 2}, {"text": "\u4fc4\u7f57\u65af", "offset": 49, "length": 3}], "weapon": [{"text": "\u56fe-160\u8f70\u70b8\u673a", "offset": 23, "length": 8}]}}, {"sentence": "\u4e0e\u6b64\u540c\u65f6\uff0c\u4e8e1970\u5e74\u4ee3\u7814\u5236\u7684\u56fe-22M3\u201c\u9006\u706b\u201d\u8f70\u70b8\u673a\u4e5f\u5728\u8fdb\u884c\u540c\u6837\u7684\u6539\u8fdb\u3002", "events": [], "arguments": {"time": [{"text": "1970\u5e74\u4ee3", "offset": 6, "length": 6}], "loc": [], "country": [], "weapon": [{"text": "\u56fe-22M3\u201c\u9006\u706b\u201d\u8f70\u70b8\u673a", "offset": 15, "length": 13}]}}, {"sentence": "\u62a5\u9053\u79f0\uff0c\u8fd9\u4e9b\u8001\u5f0f\u8f70\u70b8\u673a\u5c06\u5f88\u5feb\u4f1a\u63a5\u6536\u57fa\u4e8e\u82cf-57\u7b2c\u4e94\u4ee3\u6218\u6597\u673a\u5e73\u53f0\u7814\u53d1\u7684\u65b0\u578b\u901a\u4fe1\u7cfb\u7edf\u3002", "events": [], "arguments": {"time": [], "loc": [], "country": [], "weapon": [{"text": "\u82cf-57\u7b2c\u4e94\u4ee3\u6218\u6597\u673a", "offset": 19, "length": 10}]}}, {"sentence": "\u5728\u65e5\u76ca\u8001\u5316\u7684\u8f70\u70b8\u673a\u4e0a\u4f7f\u752821\u4e16\u7eaa\u7684\u5148\u8fdb\u6280\u672f\uff0c\u53ef\u4ee5\u8ba9\u8fd9\u4e9b\u6218\u6597\u673a\u518d\u591a\u98de\u51e0\u5341\u5e74\uff0c\u5c31\u50cf\u7f8e\u56fd\u7684B-52\u201c\u540c\u6e29\u5c42\u5821\u5792\u201d\u8f70\u70b8\u673a\u90a3\u6837\uff0c\u591a\u4e8f\u4e86\u591a\u5e74\u7684\u6539\u8fdb\u5347\u7ea7\u624d\u80fd\u98de\u5230\u73b0\u5728\u3002", "events": [], "arguments": {"time": [], "loc": [], "country": [{"text": "\u7f8e\u56fd", "offset": 39, "length": 2}], "weapon": [{"text": "B-52\u201c\u540c\u6e29\u5c42\u5821\u5792\u201d\u8f70\u70b8\u673a", "offset": 42, "length": 14}]}}, {"sentence": "\u4fc4\u7f57\u65af\u7535\u5b50\u96c6\u56e2\u65b0\u95fb\u529e\u516c\u5ba4\u57288\u670812\u65e5\u7684\u65f6\u5019\u5411\u5854\u65af\u793e\u8868\u793a\uff0c\u8fd9\u5957\u901a\u4fe1\u7cfb\u7edf\u662f\u5728\u82cf-57\u6218\u6597\u673a\u7684\u901a\u4fe1\u5e73\u53f0\u57fa\u7840\u4e0a\u5f00\u53d1\uff0c\u5b83\u7684\u4e3b\u8981\u4f18\u70b9\u662f\u53ef\u9760\u6027\u9ad8\u3001\u4fe1\u606f\u4f20\u8f93\u901f\u5ea6\u5feb\u3001\u91cd\u91cf\u8f7b\u4e14\u66f4\u52a0\u8282\u80fd\u3002", "events": [], "arguments": {"time": [{"text": "8\u670812\u65e5", "offset": 13, "length": 5}], "loc": [], "country": [{"text": "\u4fc4\u7f57\u65af", "offset": 0, "length": 3}], "weapon": [{"text": "\u82cf-57\u6218\u6597\u673a", "offset": 36, "length": 7}]}}, {"sentence": "\u8be5\u65b0\u95fb\u529e\u516c\u5ba4\u8fd8\u8865\u5145\u8bf4\uff1a\u201c\u76ee\u524d\u6b63\u5728\u5bf9\u8be5\u7cfb\u7edf\u8fdb\u884c\u98de\u884c\u6d4b\u8bd5\uff0c\u5e76\u5c55\u793a\u51fa\u4e86\u8f83\u9ad8\u6c34\u5e73\u7684\u8fd0\u884c\u7279\u6027\u3002", "events": [], "arguments": {"time": [], "loc": [], "country": [], "weapon": []}}, {"sentence": "\u201d", "events": [], "arguments": {"time": [], "loc": [], "country": [], "weapon": []}}, {"sentence": "\u7814\u5236\u4e8e\u51b7\u6218\u672b\u671f\u7684\u56fe-160\u8f70\u70b8\u673a\u57281981\u5e7412\u6708\u9996\u98de\uff0c\u5728\u82cf\u8054\u89e3\u4f53\u524d\uff0c\u603b\u5171\u751f\u4ea7\u4e8636\u67b6\u3002", "events": [], "arguments": {"time": [{"text": "1981\u5e7412\u6708", "offset": 17, "length": 8}], "loc": [], "country": [{"text": "\u82cf\u8054", "offset": 29, "length": 2}], "weapon": [{"text": "\u56fe-160\u8f70\u70b8\u673a", "offset": 8, "length": 8}]}}, {"sentence": "\u76ee\u524d\u4fc4\u7f57\u65af\u7a7a\u5929\u519b\u90e8\u961f\u4e2d\u88c5\u5907\u670916\u67b6\u56fe-160\uff0c\u5df2\u7ecf\u5347\u7ea7\u5230\u56fe-160M\u7684\u6807\u51c6\u3002", "events": [], "arguments": {"time": [], "loc": [], "country": [{"text": "\u4fc4\u7f57\u65af", "offset": 2, "length": 3}], "weapon": [{"text": "\u56fe-160", "offset": 17, "length": 5}, {"text": "\u56fe-160M", "offset": 28, "length": 6}]}}, {"sentence": "2015\u5e74\uff0c\u4fc4\u7f57\u65af\u5ba3\u5e03\u8ba1\u5212\u5efa\u9020\u81f3\u5c1150\u67b6\u56fe-160M2\u6539\u8fdb\u578b\u8f70\u70b8\u673a\u3002", "events": [], "arguments": {"time": [{"text": "2015\u5e74", "offset": 0, "length": 5}], "loc": [], "country": [{"text": "\u4fc4\u7f57\u65af", "offset": 6, "length": 3}], "weapon": [{"text": "\u56fe-160M2\u6539\u8fdb\u578b\u8f70\u70b8\u673a", "offset": 20, "length": 13}]}}, {"sentence": "\u8fd9\u6b3e\u6539\u8fdb\u578b\u8f70\u70b8\u673a\u9664\u4e86\u673a\u8eab\u8bbe\u8ba1\u5916\uff0c\u548c\u82cf\u8054\u65f6\u4ee3\u7684\u56fe-160\u51e0\u4e4e\u6ca1\u6709\u4ec0\u4e48\u5171\u540c\u70b9\u3002", "events": [], "arguments": {"time": [], "loc": [], "country": [{"text": "\u82cf\u8054", "offset": 17, "length": 2}], "weapon": [{"text": "\u56fe-160", "offset": 22, "length": 5}]}}, {"sentence": "\u8fd9\u6b3e\u65b0\u8f70\u70b8\u673a\u5c06\u914d\u5907\u5168\u65b0\u7684\u822a\u7535\u8bbe\u5907\uff0c\u53d1\u52a8\u673a\u4e5f\u6709\u6240\u6539\u8fdb\u3002", "events": [], "arguments": {"time": [], "loc": [], "country": [], "weapon": [{"text": "\u8f70\u70b8\u673a", "offset": 3, "length": 3}]}}, {"sentence": "\u800c\u73b0\u5728\u8fd9\u6b3e\u8f70\u70b8\u673a\u8fd8\u5c06\u62e5\u6709\u4e0e\u82cf-57\u6218\u6597\u673a\u76f8\u540c\u7684\u901a\u4fe1\u7cfb\u7edf\u3002", "events": [], "arguments": {"time": [], "loc": [], "country": [], "weapon": [{"text": "\u82cf-57\u6218\u6597\u673a", "offset": 13, "length": 7}]}}, {"sentence": "\u7814\u5236\u4e8e\u51b7\u6218\u65f6\u671f\u7684\u56fe-22M3\u8d85\u97f3\u901f\u8f70\u70b8\u673a\u5df2\u7ecf\u8fdb\u884c\u4e86\u591a\u6b21\u5347\u7ea7\uff0c\u5305\u62ec\u65b0\u589e\u7684\u53d1\u5c04\u9ad8\u8d85\u97f3\u901f\u5bfc\u5f39\u7684\u80fd\u529b\u3002", "events": [], "arguments": {"time": [], "loc": [], "country": [], "weapon": [{"text": "\u56fe-22M3\u8d85\u97f3\u901f\u8f70\u70b8\u673a", "offset": 8, "length": 12}]}}, {"sentence": "\u6b64\u5916\uff0c\u5347\u7ea7\u7248\u7684\u56fe-22M3M\u8f70\u70b8\u673a\u7b2c\u4e8c\u67b6\u539f\u578b\u673a\u5728\u4eca\u5e74\u65e9\u4e9b\u65f6\u5019\u7684\u7b2c\u56db\u6b21\u8bd5\u98de\u4e2d\u8fdb\u884c\u4e86\u8d85\u97f3\u901f\u98de\u884c\u6d4b\u8bd5\uff0c\u4e0e\u6700\u521d\u7684\u56fe-22M\u8f70\u70b8\u673a\u76f8\u6bd4\uff0c\u8be5\u673a\u4e0a80%\u7684\u822a\u7a7a\u7535\u5b50\u8bbe\u5907\u90fd\u662f\u65b0\u578b\u7684\uff0c\u8fd9\u4e9b\u7cfb\u7edf\u5305\u62ec\u5bfc\u822a\u3001\u901a\u4fe1\u3001\u706b\u63a7\u3001\u52a8\u529b\u63a7\u5236\u3001\u71c3\u6599\u7ba1\u7406\u548c\u7535\u5b50\u6218\u7cfb\u7edf\u3002", "events": [], "arguments": {"time": [], "loc": [], "country": [], "weapon": [{"text": "\u56fe-22M3M\u8f70\u70b8\u673a", "offset": 7, "length": 10}, {"text": "\u56fe-22M\u8f70\u70b8\u673a", "offset": 52, "length": 8}]}}, {"sentence": "\u8fd9\u4e9b\u5347\u7ea7\u80fd\u591f\u63d0\u9ad8\u8be5\u8f70\u70b8\u673a\u7684\u5bfc\u822a\u7cbe\u5ea6\uff0c\u80fd\u4f7f\u7ef4\u62a4\u8fc7\u7a0b\u66f4\u4e3a\u7b80\u5316\u3002", "events": [], "arguments": {"time": [], "loc": [], "country": [], "weapon": [{"text": "\u8f70\u70b8\u673a", "offset": 9, "length": 3}]}}]