[{"sentence": "\u4fc4\u519b\u6218\u6597\u673a\u964d\u843d\u65f6\u673a\u8f6e\u7a81\u7136\u6389\u4e86\u00a0\u62d6\u7740\u4e00\u9053\u706b\u5149\u6ed1\u884c\u8feb\u964d", "events": [], "arguments": {"time": [], "loc": [], "country": [{"text": "\u4fc4", "offset": 0, "length": 1}], "weapon": [{"text": "\u4fc4\u519b\u6218\u6597\u673a", "offset": 0, "length": 5}]}}, {"sentence": "\u3010\u73af\u7403\u7f51\u62a5\u9053 \u8bb0\u8005 \u5f90\u7490\u660e\u3011", "events": [], "arguments": {"time": [], "loc": [], "country": [], "weapon": []}}, {"sentence": "\u636e\u201c\u9632\u52a1\u535a\u5ba2\u201d\u7f51\u7ad98\u670813\u65e5\u62a5\u9053\uff0c\u4fc4\u7f57\u65af\u4e00\u67b6\u7c73\u683c-31\u6218\u6597\u673a\u5728\u8fd1\u65e5\u53d1\u751f\u4e00\u8d77\u673a\u8f6e\u6389\u843d\u4e8b\u6545\uff0c\u8be5\u673a\u5728\u964d\u843d\u65f6\u540e\u8d77\u843d\u67b6\u4e0a\u7684\u4e00\u4e2a\u673a\u8f6e\u6389\u843d\uff0c\u6240\u5e78\u672a\u9020\u6210\u4e25\u91cd\u540e\u679c\u3002", "events": [], "arguments": {"time": [{"text": "8\u670813\u65e5", "offset": 9, "length": 5}], "loc": [], "country": [{"text": "\u4fc4\u7f57\u65af", "offset": 17, "length": 3}], "weapon": [{"text": "\u7c73\u683c-31\u6218\u6597\u673a", "offset": 22, "length": 8}]}}, {"sentence": "\u62a5\u9053\u79f0\uff0c\u4fc4\u7f57\u65af\u56fd\u9632\u90e8\u8868\u793a\uff0c8\u670811\u65e5\u4fc4\u7f57\u65af\u7a7a\u5929\u519b\u90e8\u961f\u7684\u4e00\u67b6\u7c73\u683c-31\u6218\u6597\u673a\u5728\u4f4d\u4e8e\u5f7c\u5c14\u59c6\u7684\u535a\u5c14\u7d22\u8036\u8428\u7ef4\u8bfa\u673a\u573a(BolshoyeSavino)\u964d\u843d\u65f6\u4e00\u4e2a\u673a\u8f6e\u6389\u843d\u3002", "events": [], "arguments": {"time": [{"text": "8\u670811\u65e5", "offset": 13, "length": 5}], "loc": [{"text": "\u4fc4\u7f57\u65af\u56fd\u9632\u90e8", "offset": 4, "length": 6}, {"text": ")", "offset": 0, "length": 1}], "country": [{"text": "\u4fc4\u7f57\u65af", "offset": 18, "length": 3}], "weapon": [{"text": "\u7c73\u683c-31\u6218\u6597\u673a", "offset": 29, "length": 8}]}}, {"sentence": "\u5728\u4e92\u8054\u7f51\u4e0a\u66dd\u5149\u7684\u73b0\u573a\u89c6\u9891\u663e\u793a\uff0c\u8fd9\u67b6\u7c73\u683c-31\u6218\u6597\u673a\u5728\u4e00\u5904\u6c11\u7528\u673a\u573a\u964d\u843d\uff0c\u62d6\u7740\u4e00\u9053\u706b\u5149\u5728\u8dd1\u9053\u4e0a\u6ed1\u884c\u4e86\u4e00\u6bb5\u8ddd\u79bb\u540e\u505c\u4e0b\u3002", "events": [], "arguments": {"time": [], "loc": [], "country": [], "weapon": [{"text": "\u7c73\u683c-31\u6218\u6597\u673a", "offset": 17, "length": 8}]}}, {"sentence": "\u8fd9\u4e00\u6d88\u606f\u4e5f\u5f97\u5230\u4e86\u4fc4\u7f57\u65af\u4e2d\u592e\u519b\u533a\u65b0\u95fb\u5904\u7684\u8bc1\u5b9e\u3002", "events": [], "arguments": {"time": [], "loc": [], "country": [{"text": "\u4fc4\u7f57\u65af", "offset": 8, "length": 3}], "weapon": []}}, {"sentence": "\u4fc4\u4e2d\u592e\u519b\u533a\u8868\u793a\uff0c\u8fd9\u67b6\u7c73\u683c-31\u6218\u6597\u673a\u5728\u964d\u843d\u65f6\u540e\u8d77\u843d\u67b6\u4e0a\u4e00\u4e2a\u673a\u8f6e\u6389\u843d\uff0c\u98de\u884c\u5458\u6309\u7167\u6b63\u5e38\u7a0b\u5e8f\u5b8c\u6210\u4e86\u964d\u843d\uff0c\u9664\u8d77\u843d\u67b6\u5916\u6218\u673a\u6ca1\u6709\u53d7\u635f\u3002", "events": [], "arguments": {"time": [], "loc": [], "country": [{"text": "\u4fc4", "offset": 0, "length": 1}], "weapon": [{"text": "\u7c73\u683c-31\u6218\u6597\u673a", "offset": 10, "length": 8}]}}, {"sentence": "\u4fc4\u7f57\u65af\u519b\u65b9\u5b98\u5458\u4e5f\u8868\u793a\uff0c\u6b64\u6b21\u4e8b\u6545\u6ca1\u6709\u9020\u6210\u98de\u884c\u5458\u548c\u5730\u9762\u4eba\u5458\u53d7\u4f24\uff0c\u6280\u672f\u4eba\u5458\u5df2\u7ecf\u5f00\u59cb\u8fdb\u884c\u7ef4\u4fee\uff0c\u4e3a\u6218\u6597\u673a\u66f4\u6362\u673a\u8f6e\u3002", "events": [], "arguments": {"time": [], "loc": [], "country": [{"text": "\u4fc4\u7f57\u65af", "offset": 0, "length": 3}], "weapon": [{"text": "\u6218\u6597\u673a", "offset": 44, "length": 3}]}}]