[{"sentence": "\u5e0c\u814a\u548c\u571f\u8033\u5176\u519b\u8230\u636e\u4f20\u53d1\u751f\u78b0\u649e\u00a0\u53cc\u65b9\u5747\u52aa\u529b\u907f\u514d\u6001\u52bf\u5347\u7ea7", "events": [], "arguments": {"time": [], "loc": [], "country": [{"text": "\u5e0c\u814a", "offset": 0, "length": 2}, {"text": "\u571f\u8033\u5176", "offset": 3, "length": 3}], "weapon": [{"text": "\u519b\u8230", "offset": 6, "length": 2}]}}, {"sentence": "\u3010\u73af\u7403\u7f51\u519b\u4e8b\u62a5\u9053\u3011", "events": [], "arguments": {"time": [], "loc": [], "country": [], "weapon": []}}, {"sentence": "\u636e\u4fc4\u7f57\u65af\u536b\u661f\u901a\u8baf\u793e8\u670813\u65e5\u62a5\u9053\uff0c\u5e0c\u814a\u201c\u5229\u59c6\u8bfa\u65af\u201d\u53f7\u62a4\u536b\u82308\u670812\u65e5\u4e0e\u571f\u8033\u5176\u201c\u51ef\u672b\u5c14\u201d\u53f7\u62a4\u536b\u8230\u5728\u5730\u4e2d\u6d77\u4e1c\u90e8\u53d1\u751f\u78b0\u649e\uff0c\u800c\u540e\u53cc\u65b9\u5747\u52aa\u529b\u4fdd\u6301\u514b\u5236\u6001\u5ea6\u3002", "events": [], "arguments": {"time": [{"text": "8\u670813\u65e5", "offset": 9, "length": 5}, {"text": "8\u670812\u65e5", "offset": 29, "length": 5}], "loc": [{"text": "\u5730\u4e2d\u6d77\u4e1c\u90e8", "offset": 48, "length": 5}], "country": [{"text": "\u4fc4\u7f57\u65af", "offset": 1, "length": 3}, {"text": "\u5e0c\u814a", "offset": 17, "length": 2}, {"text": "\u571f\u8033\u5176", "offset": 35, "length": 3}], "weapon": [{"text": "\u201c\u5229\u59c6\u8bfa\u65af\u201d\u53f7\u62a4\u536b\u8230", "offset": 19, "length": 10}, {"text": "\u201c\u51ef\u672b\u5c14\u201d\u53f7\u62a4\u536b\u8230", "offset": 38, "length": 9}]}}, {"sentence": "\u62a5\u9053\u79f0\uff0c\u5c3d\u7ba1\u5e0c\u814a\u5b98\u65b9\u516c\u5f00\u5426\u8ba4\u53d1\u751f\u4e86\u78b0\u649e\u4e8b\u4ef6\uff0c\u4f46\u6709\u533f\u540d\u56fd\u9632\u90e8\u5b98\u5458\u8bc1\u5b9e\u4e86\u8be5\u4e8b\u4ef6\uff0c\u4f46\u53cc\u65b9\u5df2\u8fbe\u6210\u534f\u8bae\u4e0d\u58f0\u5f20\u6b64\u4e8b\u3002", "events": [], "arguments": {"time": [], "loc": [], "country": [{"text": "\u5e0c\u814a", "offset": 6, "length": 2}], "weapon": []}}, {"sentence": "\u5f53\u524d\uff0c\u65e0\u8bba\u5e0c\u814a\u8fd8\u662f\u571f\u8033\u5176\u90fd\u5728\u8fd9\u4e00\u7d27\u5f20\u5c40\u52bf\u4e2d\u4fdd\u6301\u51b7\u9759\uff0c\u53cc\u65b9\u90fd\u5728\u907f\u514d\u4e8b\u6001\u671d\u7740\u4e0d\u53ef\u63a7\u7684\u65b9\u5411\u53d1\u5c55\u3002", "events": [], "arguments": {"time": [], "loc": [], "country": [{"text": "\u5e0c\u814a", "offset": 5, "length": 2}, {"text": "\u571f\u8033\u5176", "offset": 9, "length": 3}], "weapon": []}}, {"sentence": "8\u670812\u65e5\u665a\uff0c\u5e0c\u814a\u603b\u7406\u57fa\u91cc\u4e9a\u79d1\u65af\u2022\u7c73\u4f50\u5854\u57fa\u65af\u5728\u7535\u89c6\u8bb2\u8bdd\u4e2d\u79f0\uff0c\u8fd9\u4e48\u591a\u6570\u91cf\u7684\u8239\u53ea\u96c6\u4e2d\u5728\u5982\u6b64\u72ed\u5c0f\u7684\u7a7a\u95f4\u5185\uff0c\u53d1\u751f\u4e8b\u6545\u7684\u98ce\u9669\u6b63\u5728\u589e\u52a0\u3002", "events": [], "arguments": {"time": [{"text": "8\u670812\u65e5\u665a", "offset": 0, "length": 6}], "loc": [], "country": [{"text": "\u5e0c\u814a", "offset": 7, "length": 2}], "weapon": []}}, {"sentence": "\u8fd1\u51e0\u65e5\uff0c\u5e0c\u814a\u4e0e\u571f\u8033\u5176\u4e4b\u95f4\u7684\u5173\u7cfb\u518d\u5ea6\u6076\u5316\u3002", "events": [], "arguments": {"time": [], "loc": [], "country": [{"text": "\u5e0c\u814a", "offset": 4, "length": 2}, {"text": "\u571f\u8033\u5176", "offset": 7, "length": 3}], "weapon": []}}, {"sentence": "\u571f\u8033\u51768\u670810\u65e5\u8868\u793a\uff0c\u8be5\u56fd\u5965\u9c81\u5947\u2022\u96f7\u65af\u53f7\u8239\u5f00\u59cb\u5728\u4e1c\u5730\u4e2d\u6d77\u8fdb\u884c\u5730\u9707\u52d8\u63a2\u6d3b\u52a8\uff0c\u5176\u6240\u5728\u5730\u533a\u88ab\u5e0c\u814a\u89c6\u4e3a\u4e13\u5c5e\u7ecf\u6d4e\u533a\u3002", "events": [], "arguments": {"time": [{"text": "8\u670810\u65e5", "offset": 3, "length": 5}], "loc": [{"text": "\u4e1c\u5730\u4e2d\u6d77", "offset": 24, "length": 4}], "country": [{"text": "\u571f\u8033\u5176", "offset": 0, "length": 3}, {"text": "\u5e0c\u814a", "offset": 43, "length": 2}], "weapon": [{"text": "\u5965\u9c81\u5947\u2022\u96f7\u65af\u53f7\u8239", "offset": 13, "length": 8}]}}, {"sentence": "\u5e0c\u814a\u6b66\u88c5\u529b\u91cf\u5904\u4e8e\u9ad8\u5ea6\u6212\u5907\u72b6\u6001\u3002", "events": [], "arguments": {"time": [], "loc": [], "country": [{"text": "\u5e0c\u814a", "offset": 0, "length": 2}], "weapon": []}}]