[{"sentence": "\u4fc4\u519b\u4e00\u67b6L-39\u6559\u7ec3\u673a\u5760\u6bc1\u00a0\u4e24\u540d\u98de\u884c\u5458\u6210\u529f\u5f39\u5c04\u9003\u751f", "events": [], "arguments": {"time": [], "loc": [], "country": [{"text": "\u4fc4", "offset": 0, "length": 1}], "weapon": [{"text": "L-39\u6559\u7ec3\u673a", "offset": 4, "length": 7}]}}, {"sentence": "\u3010\u73af\u7403\u7f51\u519b\u4e8b\u62a5\u9053\u3011", "events": [], "arguments": {"time": [], "loc": [], "country": [], "weapon": []}}, {"sentence": "\u4fc4\u7f57\u65af\u536b\u661f\u901a\u8baf\u793e8\u670813\u65e5\u62a5\u9053\uff0c\u4fc4\u7f57\u65af\u56fd\u9632\u90e8\u53d1\u5e03\u6d88\u606f\u79f0\uff0c\u5f53\u5929\u4e00\u67b6L-39\u6559\u7ec3\u673a\u5728\u514b\u62c9\u65af\u8bfa\u8fbe\u5c14\u8fb9\u7586\u533a\u5760\u6bc1\uff0c\u673a\u4e0a2\u540d\u4eba\u5458\u6210\u529f\u5f39\u5c04\uff0c\u6ca1\u6709\u53d7\u4f24\u3002", "events": [], "arguments": {"time": [{"text": "8\u670813\u65e5", "offset": 8, "length": 5}], "loc": [{"text": "\u4fc4\u7f57\u65af\u56fd\u9632\u90e8", "offset": 16, "length": 6}, {"text": "\u514b\u62c9\u65af\u8bfa\u8fbe\u5c14\u8fb9\u7586\u533a", "offset": 40, "length": 9}], "country": [{"text": "\u4fc4\u7f57\u65af", "offset": 0, "length": 3}], "weapon": [{"text": "L-39\u6559\u7ec3\u673a", "offset": 32, "length": 7}]}}, {"sentence": "\u4fc4\u56fd\u9632\u90e8\u5728\u6d88\u606f\u4e2d\u79f0\uff1a\u201cL-39\u6559\u7ec3\u673a\u5728\u514b\u62c9\u65af\u8bfa\u8fbe\u5c14\u8fb9\u7586\u533a\u6309\u7167\u8ba1\u5212\u6267\u884c\u6559\u5b66\u8bad\u7ec3\u98de\u884c\u65f6\u5760\u6bc1\u3002", "events": [], "arguments": {"time": [], "loc": [{"text": "\u514b\u62c9\u65af\u8bfa\u8fbe\u5c14\u8fb9\u7586\u533a", "offset": 19, "length": 9}], "country": [], "weapon": [{"text": "\u201cL-39\u6559\u7ec3\u673a", "offset": 10, "length": 8}]}}, {"sentence": "\u673a\u4e0a2\u4eba\u6210\u529f\u5f39\u5c04\uff0c\u6ca1\u6709\u53d7\u4f24\u3002", "events": [], "arguments": {"time": [], "loc": [], "country": [], "weapon": []}}, {"sentence": "\u201d", "events": [], "arguments": {"time": [], "loc": [], "country": [], "weapon": []}}, {"sentence": "\u4fc4\u519b\u65b9\u8868\u793a\uff0c\u98de\u673a\u5760\u843d\u5728\u65e0\u4eba\u533a\uff0c\u5730\u9762\u4e0a\u6ca1\u6709\u5efa\u7b51\u53d7\u635f\u3002", "events": [], "arguments": {"time": [], "loc": [], "country": [{"text": "\u4fc4", "offset": 0, "length": 1}], "weapon": [{"text": "\u98de\u673a", "offset": 6, "length": 2}]}}, {"sentence": "\u4fc4\u519b\u98de\u884c\u5b89\u5168\u59d4\u5458\u4f1a\u6b63\u5728\u8c03\u67e5\u4e8b\u6545\u539f\u56e0\u3002", "events": [], "arguments": {"time": [], "loc": [], "country": [{"text": "\u4fc4", "offset": 0, "length": 1}], "weapon": []}}]