[{"sentence": "\u9ece\u5df4\u5ae9\u8d1d\u9c81\u7279\u6e2f\u5927\u7206\u70b8\u540e\u00a0\u6cd5\u56fd\u6d3e\u6765\u51c6\u822a\u6bcd\u63d0\u4f9b\u63f4\u52a9", "events": [], "arguments": {"time": [], "loc": [], "country": [{"text": "\u9ece\u5df4\u5ae9", "offset": 0, "length": 3}, {"text": "\u6cd5\u56fd", "offset": 12, "length": 2}], "weapon": [{"text": "\u51c6\u822a\u6bcd", "offset": 16, "length": 3}]}}, {"sentence": "\u3010\u73af\u7403\u7f51\u62a5\u9053 \u8bb0\u8005 \u5f90\u7490\u660e\u3011", "events": [], "arguments": {"time": [], "loc": [], "country": [], "weapon": []}}, {"sentence": "\u636e\u7f8e\u56fd\u6d77\u519b\u7814\u7a76\u5b66\u4f1a\uff08USNI\uff09\u7f51\u7ad98\u670811\u65e5\u62a5\u9053\uff0c\u5728\u9ece\u5df4\u5ae9\u8d1d\u9c81\u7279\u6e2f\u53d1\u751f\u81f4\u547d\u7684\u5927\u7206\u70b8\u540e\uff0c\u6cd5\u56fd\u5728\u672c\u5468\u5411\u8d1d\u9c81\u7279\u6d3e\u51fa\u4e86\u4e00\u8258\u4e24\u6816\u653b\u51fb\u8230\u5f00\u5c55\u63f4\u52a9\u5de5\u4f5c\u3002", "events": [], "arguments": {"time": [{"text": "8\u670811\u65e5", "offset": 17, "length": 5}, {"text": "\u672c\u5468", "offset": 46, "length": 2}], "loc": [{"text": "\u9ece\u5df4\u5ae9\u8d1d\u9c81\u7279\u6e2f", "offset": 26, "length": 7}], "country": [{"text": "\u7f8e\u56fd", "offset": 1, "length": 2}, {"text": "\u9ece\u5df4\u5ae9", "offset": 26, "length": 3}, {"text": "\u6cd5\u56fd", "offset": 43, "length": 2}, {"text": "\u8d1d\u9c81\u7279", "offset": 49, "length": 3}], "weapon": [{"text": "\u4e24\u6816\u653b\u51fb\u8230", "offset": 57, "length": 5}]}}, {"sentence": "\u6cd5\u56fd\u5916\u4ea4\u90e8\u95e8\u5728\u5176\u5b98\u7f51\u4e0a\u53d1\u5e03\u6d88\u606f\u8bf4\uff1a\u201c\u6cd5\u56fd\u6d77\u519b\u7684\u2018\u6258\u5185\u5c14\u2019\u53f7\u4e24\u6816\u653b\u51fb\u8230\u4e8e\u5468\u65e5\u542f\u7a0b\u524d\u5f80\u9ece\u5df4\u5ae9\uff0c\u53e6\u5916\u6cd5\u519b\u8fd8\u6d3e\u51fa\u4e86\u4e00\u8258\u8d27\u8239\u3002", "events": [], "arguments": {"time": [], "loc": [], "country": [{"text": "\u6cd5\u56fd", "offset": 0, "length": 2}, {"text": "\u6cd5\u56fd", "offset": 18, "length": 2}, {"text": "\u9ece\u5df4\u5ae9", "offset": 41, "length": 3}], "weapon": [{"text": "\u2018\u6258\u5185\u5c14\u2019\u53f7\u4e24\u6816\u653b\u51fb\u8230", "offset": 23, "length": 11}]}}, {"sentence": "\u201d", "events": [], "arguments": {"time": [], "loc": [], "country": [], "weapon": []}}, {"sentence": "\u6cd5\u56fd\u536b\u751f\u90e8\u5728\u4e00\u4efd\u65b0\u95fb\u7a3f\u4e2d\u8868\u793a\uff1a\u201c\u6cd5\u56fd\u8fd0\u9001\u7684\u8fd9\u4e9b\u7269\u8d44\u5c06\u6709\u52a9\u4e8e\u4e3a\u9ece\u5df4\u5ae9\u63d0\u4f9b\u533b\u7597\u652f\u6301\uff0c\u8fd9\u4e9b\u7269\u8d44\u5305\u62ec\u8f66\u8f7d\u79fb\u52a8\u5f0f\u533b\u9662\u3001\u5de5\u7a0b\u8bbe\u5907\u3001200\u5428\u9762\u7c89\u3001\u4e73\u5236\u54c1\u548c\u5a74\u513f\u7528\u54c1\u3001134\u5428\u7cae\u98df\uff0c75000\u5347\u996e\u7528\u6c34\u3001\u5efa\u6750\u7b49\u3002", "events": [], "arguments": {"time": [], "loc": [], "country": [{"text": "\u6cd5\u56fd", "offset": 0, "length": 2}, {"text": "\u6cd5\u56fd", "offset": 16, "length": 2}, {"text": "\u9ece\u5df4\u5ae9", "offset": 30, "length": 3}], "weapon": []}}, {"sentence": "\u201d", "events": [], "arguments": {"time": [], "loc": [], "country": [], "weapon": []}}, {"sentence": "\u201c\u6258\u5185\u5c14\u201d\u53f7\u662f\u6cd5\u56fd\u6d77\u519b\u88c5\u5907\u7684\u4e00\u8258\u201c\u897f\u5317\u98ce\u201d\u7ea7\u4e24\u6816\u653b\u51fb\u8230\uff0c\u8be5\u8230\u66fe\u591a\u6b21\u53c2\u4e0e\u56fd\u9645\u4eba\u9053\u4e3b\u4e49\u6551\u63f4\u884c\u52a8\u3002", "events": [], "arguments": {"time": [], "loc": [], "country": [{"text": "\u6cd5\u56fd", "offset": 7, "length": 2}], "weapon": [{"text": "\u201c\u6258\u5185\u5c14\u201d\u53f7", "offset": 0, "length": 6}, {"text": "\u201c\u897f\u5317\u98ce\u201d\u7ea7\u4e24\u6816\u653b\u51fb\u8230", "offset": 16, "length": 11}]}}, {"sentence": "\u5728\u4eca\u5e74\u65e9\u4e9b\u65f6\u5019\uff0c\u201c\u6258\u5185\u5c14\u201d\u53f7\u662f\u8fd8\u524d\u5f80\u79d1\u897f\u5609\u5c9b\uff0c\u5c06\u5f53\u5730\u7684\u65b0\u51a0\u80ba\u708e\u91cd\u75c7\u60a3\u8005\u8f6c\u8fd0\u5230\u6cd5\u56fd\u9a6c\u8d5b\u63a5\u53d7\u6cbb\u7597\u3002", "events": [], "arguments": {"time": [], "loc": [{"text": "\u79d1\u897f\u5609\u5c9b", "offset": 18, "length": 4}], "country": [{"text": "\u6cd5\u56fd", "offset": 38, "length": 2}], "weapon": [{"text": "\u201c\u6258\u5185\u5c14\u201d\u53f7", "offset": 8, "length": 6}]}}, {"sentence": "\u9ece\u5df4\u5ae9\u8d1d\u9c81\u7279\u6e2f\u5927\u7206\u70b8\u53d1\u751f\u540e\uff0c\u6cd5\u56fd\u603b\u7edf\u9a6c\u514b\u9f99\u4e8e8\u67086\u65e5\u62b5\u8fbe\u8d1d\u9c81\u7279\uff0c\u5e76\u5230\u8bbf\u4e86\u7206\u70b8\u73b0\u573a\u3002", "events": [], "arguments": {"time": [{"text": "8\u67086\u65e5", "offset": 22, "length": 4}], "loc": [{"text": "\u8d1d\u9c81\u7279", "offset": 28, "length": 3}], "country": [{"text": "\u9ece\u5df4\u5ae9", "offset": 0, "length": 3}, {"text": "\u6cd5\u56fd", "offset": 14, "length": 2}, {"text": "\u8d1d\u9c81\u7279", "offset": 28, "length": 3}], "weapon": []}}, {"sentence": "8\u67085\u65e5\u4e0b\u5348\uff0c\u5728\u9a6c\u514b\u9f99\u62b5\u8fbe\u524d\uff0c\u6cd5\u56fd\u519b\u65b9\u6d3e\u51fa2\u67b6\u98de\u673a\u8fd0\u900155\u540d\u641c\u6551\u4eba\u5458\u53ca25\u5428\u533b\u7597\u7269\u8d44\u524d\u5f80\u9ece\u5df4\u5ae9\u3002", "events": [], "arguments": {"time": [{"text": "8\u67085\u65e5\u4e0b\u5348", "offset": 0, "length": 6}], "loc": [], "country": [{"text": "\u6cd5\u56fd", "offset": 15, "length": 2}, {"text": "\u9ece\u5df4\u5ae9", "offset": 44, "length": 3}], "weapon": [{"text": "\u98de\u673a", "offset": 23, "length": 2}]}}]