[{"sentence": "\u4fc4\u519b\u5f00\u59cb\u6d4b\u8bd5\u201c\u6df1\u6d77\u5de8\u517d\u201d\uff01", "events": [], "arguments": {"time": [], "loc": [], "country": [{"text": "\u4fc4", "offset": 0, "length": 1}], "weapon": [{"text": "\u201c\u6df1\u6d77\u5de8\u517d\u201d", "offset": 6, "length": 6}]}}, {"sentence": "\u897f\u65b9\u56fd\u5bb6\u795e\u7ecf\u7d27\u5f20\u2026\u2026", "events": [], "arguments": {"time": [], "loc": [], "country": [], "weapon": []}}, {"sentence": "\u4fc4\u7f57\u65af\u56fd\u9632\u90e8\u6700\u8fd1\u5ba3\u5e03", "events": [], "arguments": {"time": [], "loc": [{"text": "\u4fc4\u7f57\u65af\u56fd\u9632\u90e8", "offset": 0, "length": 6}], "country": [{"text": "\u4fc4\u7f57\u65af", "offset": 0, "length": 3}], "weapon": []}}, {"sentence": "\u4fc4\u6d77\u519b\u5f00\u59cb\u6d4b\u8bd5", "events": [], "arguments": {"time": [], "loc": [], "country": [{"text": "\u4fc4", "offset": 0, "length": 1}], "weapon": []}}, {"sentence": "\u201c\u522b\u5c14\u54e5\u7f57\u5fb7\u201d\u53f7\u6838\u6f5c\u8247", "events": [], "arguments": {"time": [], "loc": [], "country": [], "weapon": [{"text": "\u201c\u522b\u5c14\u54e5\u7f57\u5fb7\u201d\u53f7\u6838\u6f5c\u8247", "offset": 0, "length": 11}]}}, {"sentence": "\u8fd9\u8258\u8ba9\u897f\u65b9\u56fd\u5bb6\u7d27\u5f20\u7684\u6f5c\u8247", "events": [], "arguments": {"time": [], "loc": [], "country": [], "weapon": [{"text": "\u6f5c\u8247", "offset": 10, "length": 2}]}}, {"sentence": "\u5230\u5e95\u6709\u4ec0\u4e48\u201c\u8fc7\u4eba\u201d\u4e4b\u5904\uff1f", "events": [], "arguments": {"time": [], "loc": [], "country": [], "weapon": []}}, {"sentence": "\u9996\u8258\uff01", "events": [], "arguments": {"time": [], "loc": [], "country": [], "weapon": []}}, {"sentence": "\u4fc4\u519b\u6b63\u6d4b\u8bd5\u65b0\u578b\u6f5c\u8247", "events": [{"trigger": {"text": "\u6d4b\u8bd5", "offset": 3, "length": 2}, "subject": {"text": "", "offset": 0, "length": 0}, "object": {"text": "", "offset": 0, "length": 0}}], "arguments": {"time": [], "loc": [], "country": [{"text": "\u4fc4", "offset": 0, "length": 1}], "weapon": [{"text": "\u6f5c\u8247", "offset": 7, "length": 2}]}}, {"sentence": "\u636e\u4fc4\u7f57\u65af\u536b\u661f\u901a\u8baf\u793e\u62a5\u9053\uff0c\u4fc4\u7f57\u65af\u56fd\u9632\u90e8\u6700\u8fd1\u5ba3\u5e03\uff0c\u5f00\u59cb\u6d4b\u8bd5\u201c\u522b\u5c14\u54e5\u7f57\u5fb7\u201d\u53f7\u6838\u6f5c\u8247\u3002", "events": [], "arguments": {"time": [], "loc": [{"text": "\u4fc4\u7f57\u65af", "offset": 12, "length": 3}, {"text": "\u4fc4\u7f57\u65af\u56fd\u9632\u90e8", "offset": 12, "length": 6}], "country": [{"text": "\u4fc4\u7f57\u65af", "offset": 1, "length": 3}], "weapon": [{"text": "\u201c\u522b\u5c14\u54e5\u7f57\u5fb7\u201d\u53f7\u6838\u6f5c\u8247", "offset": 27, "length": 11}]}}, {"sentence": "\u8fd9\u662f\u7b2c\u4e00\u8258\u80fd\u642d\u8f7d\u201c\u6ce2\u585e\u51ac\u201d\u6838\u9c7c\u96f7\u7684\u6f5c\u8247\u3002", "events": [], "arguments": {"time": [], "loc": [], "country": [], "weapon": [{"text": "\u201c\u6ce2\u585e\u51ac\u201d\u6838\u9c7c\u96f7", "offset": 8, "length": 8}, {"text": "\u6f5c\u8247", "offset": 17, "length": 2}]}}, {"sentence": "\u81ea\u4fc4\u603b\u7edf\u666e\u4eac2018\u5e743\u6708\u7b2c\u4e00\u6b21\u516c\u5f00\u201c\u6ce2\u585e\u51ac\u201d\u9879\u76ee\u540e\uff0c\u5916\u754c\u5bf9\u8fd9\u5957\u65b0\u5f0f\u9c7c\u96f7\u548c\u65b0\u578b\u6f5c\u8247\u77e5\u4e4b\u751a\u5c11\u3002", "events": [], "arguments": {"time": [{"text": "2018\u5e743\u6708", "offset": 6, "length": 7}], "loc": [], "country": [], "weapon": [{"text": "\u9c7c\u96f7", "offset": 34, "length": 2}, {"text": "\u6f5c\u8247", "offset": 39, "length": 2}]}}, {"sentence": "\u6709\u4fc4\u519b\u4e8b\u4e13\u5bb6\u8868\u793a\uff0c\u642d\u8f7d\u201c\u6ce2\u585e\u51ac\u201d\u7684\u201c\u522b\u5c14\u54e5\u7f57\u5fb7\u201d\u53f7\u6838\u6f5c\u8247\u670d\u5f79\u540e\uff0c\u5c06\u4ece\u6839\u672c\u4e0a\u6539\u53d8\u6d77\u6218\u89c4\u5219\uff0c\u8ba9\u654c\u519b\u53ea\u80fd\u5904\u4e8e\u88ab\u6253\u51fb\u7684\u5730\u4f4d\u3002", "events": [], "arguments": {"time": [], "loc": [], "country": [{"text": "\u4fc4", "offset": 1, "length": 1}], "weapon": [{"text": "\u201c\u522b\u5c14\u54e5\u7f57\u5fb7\u201d\u53f7\u6838\u6f5c\u8247", "offset": 17, "length": 11}]}}, {"sentence": " \u4e5f\u6b63\u662f\u8fd9\u8258\u6f5c\u8247\uff0c\u8ba9\u897f\u65b9\u56fd\u5bb6\u795e\u7ecf\u7d27\u5f20\u3002", "events": [], "arguments": {"time": [], "loc": [], "country": [], "weapon": [{"text": "\u6f5c\u8247", "offset": 6, "length": 2}]}}, {"sentence": "\u6700\u5927\uff01", "events": [], "arguments": {"time": [], "loc": [], "country": [], "weapon": []}}, {"sentence": "\u53ef\u642d\u8f7d6\u679a\u201c\u6ce2\u585e\u51ac\u201d\u6838\u9c7c\u96f7", "events": [], "arguments": {"time": [], "loc": [], "country": [], "weapon": [{"text": "\u201c\u6ce2\u585e\u51ac\u201d\u6838\u9c7c\u96f7", "offset": 5, "length": 8}]}}, {"sentence": "\u201c\u522b\u5c14\u54e5\u7f57\u5fb7\u201d\u53f7\u6838\u6f5c\u8247\u4e8e1992\u5e747\u6708\u5f00\u5de5\u5efa\u9020\uff0c\u8017\u65f627\u5e74\uff0c\u4e2d\u95f4\u7ecf\u5386\u4e86\u591a\u6b21\u505c\u5de5\uff0c\u4e8e2019\u5e744\u670823\u65e5\u5728\u5317\u5fb7\u6587\u65af\u514b\u9020\u8239\u5382\u4e0b\u6c34\u3002", "events": [], "arguments": {"time": [{"text": "1992\u5e747\u6708", "offset": 12, "length": 7}, {"text": "2019\u5e744\u670823\u65e5", "offset": 41, "length": 10}], "loc": [{"text": "\u5317\u5fb7\u6587\u65af\u514b\u9020\u8239\u5382", "offset": 52, "length": 8}], "country": [], "weapon": [{"text": "\u201c\u522b\u5c14\u54e5\u7f57\u5fb7\u201d\u53f7\u6838\u6f5c\u8247", "offset": 0, "length": 11}]}}, {"sentence": "\u201c\u522b\u5c14\u54e5\u7f57\u5fb7\u201d\u53f7\u662f\u76ee\u524d\u4fc4\u7f57\u65af\u6700\u5927\u7684\u6838\u6f5c\u8247\uff0c\u6392\u6c34\u91cf\u7ea62.4\u4e07\u5428\uff0c\u53ef\u643a\u5e266\u679a\u201c\u6ce2\u585e\u51ac\u201d\u3002", "events": [], "arguments": {"time": [], "loc": [], "country": [{"text": "\u4fc4\u7f57\u65af", "offset": 11, "length": 3}], "weapon": [{"text": "\u201c\u522b\u5c14\u54e5\u7f57\u5fb7\u201d\u53f7", "offset": 0, "length": 8}, {"text": "\u6838\u6f5c\u8247", "offset": 17, "length": 3}, {"text": "\u201c\u6ce2\u585e\u51ac\u201d", "offset": 36, "length": 5}]}}, {"sentence": "\u56e0\u4f53\u578b\u5de8\u5927\uff0c\u957f\u8fbe184\u7c73\uff0c\u201c\u522b\u5c14\u54e5\u7f57\u5fb7\u201d\u53f7\u4e5f\u88ab\u79f0\u4e3a\u201c\u6df1\u6d77\u5de8\u517d\u201d\u3002", "events": [], "arguments": {"time": [], "loc": [], "country": [], "weapon": [{"text": "\u201c\u522b\u5c14\u54e5\u7f57\u5fb7\u201d\u53f7", "offset": 13, "length": 8}]}}, {"sentence": "\u6b27\u7f8e\u667a\u5e93\u6b64\u524d\u666e\u904d\u9884\u6d4b\uff0c\u201c\u522b\u5c14\u54e5\u7f57\u5fb7\u201d\u53f7\u6838\u6f5c\u8247\u80fd\u5728\u6df1\u81f31000\u7c73\u7684\u6c34\u4e0b\u6d3b\u52a8\uff0c\u907f\u5f00\u5e38\u89c4\u53cd\u6f5c\u624b\u6bb5\u7684\u63a2\u6d4b\u3002", "events": [], "arguments": {"time": [], "loc": [], "country": [{"text": "\u6b27", "offset": 0, "length": 1}, {"text": "\u7f8e", "offset": 1, "length": 1}], "weapon": [{"text": "\u201c\u522b\u5c14\u54e5\u7f57\u5fb7\u201d\u53f7\u6838\u6f5c\u8247", "offset": 11, "length": 11}]}}, {"sentence": "\u80fd\u6467\u6bc1\u822a\u6bcd\u6218\u6597\u7fa4", "events": [], "arguments": {"time": [], "loc": [], "country": [], "weapon": [{"text": "\u822a\u6bcd\u6218\u6597\u7fa4", "offset": 3, "length": 5}]}}, {"sentence": "\u53ef\u5236\u9020\u767e\u7c73\u9ad8\u6d77\u5578\u5de8\u6d6a", "events": [], "arguments": {"time": [], "loc": [], "country": [], "weapon": []}}, {"sentence": "\u201c\u522b\u5c14\u54e5\u7f57\u5fb7\u201d\u53f7\u642d\u8f7d\u7684\u201c\u6ce2\u585e\u51ac\u201d\u6838\u9c7c\u96f7\uff0c\u662f\u4fc4\u7f57\u65af\u6700\u65b0\u7814\u5236\u7684\u8d85\u8fdc\u7a0b\u6218\u7565\u6838\u9c7c\u96f7\uff0c\u4f5c\u6218\u8ddd\u79bb\u53ef\u8fbe\u4e00\u4e07\u516c\u91cc\u3002", "events": [], "arguments": {"time": [], "loc": [], "country": [{"text": "\u4fc4\u7f57\u65af", "offset": 21, "length": 3}], "weapon": [{"text": "\u201c\u522b\u5c14\u54e5\u7f57\u5fb7\u201d\u53f7", "offset": 0, "length": 8}, {"text": "\u201c\u6ce2\u585e\u51ac\u201d\u6838\u9c7c\u96f7", "offset": 11, "length": 8}, {"text": "\u8d85\u8fdc\u7a0b\u6218\u7565\u6838\u9c7c\u96f7", "offset": 29, "length": 8}]}}, {"sentence": "\u201c\u6ce2\u585e\u51ac\u201d\u80fd\u591f\u5728\u6c34\u4e0b1000\u7c73\u5904\u4ee5\u9ad8\u8fbe200\u516c\u91cc\u7684\u65f6\u901f\u524d\u8fdb\uff0c\u53ef\u642d\u8f7d\u5e38\u89c4\u5f39\u5934\u6216200\u4e07\u5428TNT\u5f53\u91cf\u7684\u6838\u5f39\u5934\uff0c\u80fd\u591f\u6467\u6bc1\u5404\u79cd\u7c7b\u578b\u7684\u76ee\u6807\uff0c\u5305\u62ec\u6f5c\u8247\u3001\u6d77\u519b\u57fa\u5730\u751a\u81f3\u822a\u6bcd\u6218\u6597\u7fa4\u3002", "events": [], "arguments": {"time": [], "loc": [], "country": [], "weapon": [{"text": "\u201c\u6ce2\u585e\u51ac\u201d", "offset": 0, "length": 5}]}}, {"sentence": "\u5173\u4e8e\u201c\u6ce2\u585e\u51ac\u201d\u6838\u9c7c\u96f7\u7684\u5a01\u529b\uff0c\u4fc4\u7f57\u65af\u5a92\u4f53\u66fe\u7ed9\u51fa\u76f4\u89c2\u4ecb\u7ecd\uff1a\u4ee5\u767e\u4e07\u5428TNT\u5f53\u91cf\u7684\u6838\u5f39\u4e3a\u4f8b\uff0c\u5728\u8ddd\u79bb\u6d77\u5cb8\u51e0\u516c\u91cc\u7684\u5730\u65b9\uff0c100\u7c73\u6df1\u5ea6\u7206\u70b8\u5c06\u5f15\u53d1300\u7c73\u9ad8\u7684\u5de8\u6d6a\u3002", "events": [], "arguments": {"time": [], "loc": [], "country": [{"text": "\u4fc4\u7f57\u65af", "offset": 14, "length": 3}], "weapon": [{"text": "\u201c\u6ce2\u585e\u51ac\u201d\u6838\u9c7c\u96f7", "offset": 2, "length": 8}]}}, {"sentence": "\u4f46\u7531\u4e8e\u6db2\u4f53\u7c98\u6ede\u6027\u5f71\u54cd\uff0c\u6d6a\u5f88\u5feb\u4f1a\u51cf\u5f31\uff0c\u5728\u51b2\u5411\u9646\u5730\u7684\u534a\u8def\u4e0a\uff0c\u9ad8\u5ea6\u53ea\u80fd\u52c9\u5f3a\u8d85\u8fc730\u7c73\u3002", "events": [], "arguments": {"time": [], "loc": [], "country": [], "weapon": []}}, {"sentence": "\u4f46\u5728\u4e0a\u5cb8\u65f6\uff0c\u6d77\u6d6a\u5c06\u518d\u6b21\u589e\u5f3a\u5230100\u7c73\uff0c\u6467\u6bc1\u5cb8\u4e0a\u7684\u4e00\u5207\u3002", "events": [], "arguments": {"time": [], "loc": [], "country": [], "weapon": []}}, {"sentence": "\u6309\u7167\u4fc4\u5a92\u7684\u8bf4\u6cd5\uff0c\u201c\u6ce2\u585e\u51ac\u201d\u65e2\u80fd\u5bf9\u654c\u65b9\u822a\u6bcd\u7b49\u5927\u578b\u6c34\u9762\u8230\u8247\u5b9e\u65bd\u6253\u51fb\uff0c\u4e5f\u80fd\u7ed9\u5bf9\u65b9\u91cd\u8981\u7684\u6d77\u6e2f\u3001\u6cbf\u5cb8\u519b\u4e8b\u57fa\u5730\u9020\u6210\u6bc1\u706d\u6027\u6740\u4f24\u3002", "events": [], "arguments": {"time": [], "loc": [], "country": [{"text": "\u4fc4", "offset": 2, "length": 1}], "weapon": [{"text": "\u201c\u6ce2\u585e\u51ac\u201d", "offset": 8, "length": 5}, {"text": "\u822a\u6bcd", "offset": 18, "length": 2}]}}, {"sentence": "\u6765\u6e90\uff1aCCTV-13\u300a\u5171\u540c\u5173\u6ce8\u300b", "events": [], "arguments": {"time": [], "loc": [], "country": [], "weapon": [{"text": "CCTV-13", "offset": 3, "length": 7}]}}]