[{"sentence": "\u82cf\u8054\u201c\u91cc\u6d77\u602a\u7269\u201d\u518d\u6b21\u4e0b\u6d77\uff0c\u7136\u800c\u8fd9\u53ef\u80fd\u4e5f\u662f\u6700\u540e\u4e00\u6b21", "events": [], "arguments": {"time": [], "loc": [], "country": [{"text": "\u82cf\u8054", "offset": 0, "length": 2}], "weapon": []}}, {"sentence": "\u3010\u73af\u7403\u7f51\u62a5\u9053 \u8bb0\u8005 \u5f90\u7490\u660e\u3011", "events": [], "arguments": {"time": [], "loc": [], "country": [], "weapon": []}}, {"sentence": "\u636eThe Drive\u7f51\u7ad9\u201c\u6218\u533a\u201d\u4e13\u680f7\u670831\u65e5\u62a5\u9053\uff0c\u4fc4\u7f57\u65af\u76ee\u524d\u552f\u4e00\u4e00\u8258903\u9879\u76eeMD-160\u578b\u201c\u82b1\u5c3e\u9e3d\u201d\u53f7\u5730\u6548\u98de\u884c\u5668\u8fd1\u65e5\u91cd\u65b0\u4e0b\u6d77\uff0c\u5e76\u5728\u91cc\u6d77\u4e0a\u822a\u884c\uff0c\u8fd9\u662f\u51e0\u5341\u5e74\u6765\u7684\u7b2c\u4e00\u6b21\uff0c\u4e5f\u53ef\u80fd\u662f\u6700\u540e\u4e00\u6b21\u3002", "events": [{"trigger": {"text": "\u822a\u884c", "offset": 70, "length": 2}, "subject": {"text": "\u4fc4\u7f57\u65af", "offset": 26, "length": 3}, "object": {"text": "MD-160\u578b\u201c\u82b1\u5c3e\u9e3d\u201d\u53f7\u5730\u6548\u98de\u884c\u5668", "offset": 40, "length": 18}}], "arguments": {"time": [{"text": "7\u670831", "offset": 18, "length": 4}, {"text": "7\u670831\u65e5", "offset": 18, "length": 5}], "loc": [{"text": "\u4fc4\u7f57\u65af", "offset": 26, "length": 3}, {"text": "\u91cc\u6d77", "offset": 67, "length": 2}, {"text": "\u4e0a", "offset": 0, "length": 1}], "country": [{"text": "\u4fc4\u7f57\u65af", "offset": 26, "length": 3}], "weapon": [{"text": "MD-160\u578b\u201c\u82b1\u5c3e\u9e3d\u201d\u53f7\u5730\u6548\u98de\u884c\u5668", "offset": 40, "length": 18}]}}, {"sentence": "903\u9879\u76ee\u5730\u6548\u98de\u884c\u5668\u662f\u82cf\u8054\u5728\u51b7\u6218\u540e\u671f\u8bbe\u8ba1\u7684\u4e00\u6b3e\u9ad8\u901f\u6c34\u9762\u53cd\u8230\u6b66\u5668\uff0c\u5b83\u6709\u7740\u4e00\u4e2a\u66f4\u4e3a\u4eba\u719f\u77e5\u7684\u540d\u79f0\u2014\u2014\u201c\u91cc\u6d77\u602a\u7269\u201d\u3002", "events": [], "arguments": {"time": [], "loc": [{"text": "\u91cc\u6d77", "offset": 48, "length": 2}], "country": [{"text": "\u82cf\u8054", "offset": 11, "length": 2}], "weapon": [{"text": "903\u9879\u76ee\u5730\u6548\u98de\u884c\u5668", "offset": 0, "length": 10}, {"text": "\u9ad8\u901f\u6c34\u9762\u53cd\u8230\u6b66\u5668", "offset": 23, "length": 8}, {"text": "\u201c\u91cc\u6d77\u602a\u7269\u201d", "offset": 47, "length": 6}]}}, {"sentence": "\u76ee\u524d\u8fd9\u53f0\u4ec5\u5b58\u7684\u5927\u578b\u5730\u6548\u98de\u884c\u5668\u5c06\u5728\u4f4d\u4e8e\u4fc4\u7f57\u65af\u8fbe\u5409\u65af\u5766\u5171\u548c\u56fd\u6770\u5c14\u5bbe\u7279\u7684\u201c\u7231\u56fd\u8005\u201d\u516c\u56ed\u8fdb\u884c\u5c55\u51fa\u3002", "events": [], "arguments": {"time": [], "loc": [{"text": "\u4fc4\u7f57\u65af\u8fbe\u5409\u65af\u5766\u5171\u548c\u56fd\u6770\u5c14\u5bbe\u7279", "offset": 18, "length": 14}], "country": [], "weapon": []}}, {"sentence": "7\u670831\u65e5\uff0c\u4fc4\u7f57\u65af\u56fd\u9632\u90e8\u5ba3\u5e03\u5c06\u8fd9\u67b6MD-160\u578b\u98de\u884c\u5668\u4ece\u4fc4\u7f57\u65af\u6d77\u519b\u57fa\u5730\u8f6c\u79fb\u81f3\u6770\u5c14\u5bbe\u7279\u201c\u7231\u56fd\u8005\u201d\u516c\u56ed\u3002", "events": [], "arguments": {"time": [{"text": "7\u670831\u65e5", "offset": 0, "length": 5}], "loc": [{"text": "\u4fc4\u7f57\u65af\u56fd\u9632\u90e8", "offset": 6, "length": 6}, {"text": "\u4fc4\u7f57\u65af\u6d77\u519b\u57fa\u5730", "offset": 28, "length": 7}, {"text": "\u6770\u5c14\u5bbe\u7279", "offset": 38, "length": 4}], "country": [{"text": "\u4fc4\u7f57\u65af", "offset": 28, "length": 3}], "weapon": [{"text": "MD-160\u578b\u98de\u884c\u5668", "offset": 17, "length": 10}]}}, {"sentence": "\u4fc4\u519b\u65b9\u82b1\u4e86\u4e00\u5929\u65f6\u95f4\u4e3a\u8fd9\u8258\u98de\u884c\u5668\u7684\u6b64\u6b21\u65c5\u7a0b\u505a\u597d\u51c6\u5907\uff0c\u5e76\u4f7f\u7528\u4e00\u8258\u62d6\u8239\u5c06\u5176\u62d6\u5230\u4e86\u201c\u65b0\u5bb6\u201d\uff0c\u8be5\u98de\u884c\u5668\u8ba1\u5212\u4ece\u660e\u5e741\u6708\u5f00\u59cb\u5bf9\u5916\u516c\u5f00\u5c55\u51fa\u3002", "events": [], "arguments": {"time": [{"text": "\u660e\u5e741\u6708", "offset": 49, "length": 4}], "loc": [], "country": [{"text": "\u4fc4", "offset": 0, "length": 1}], "weapon": []}}, {"sentence": "\u8fd9\u6b3e\u6700\u5927\u8d77\u98de\u91cd\u91cf\u8fbe\u5230837757\u78c5\uff08\u7ea6380\u5428\uff09\u7684\u98de\u884c\u5668\u5efa\u9020\u4e8e1986\u5e74\uff0c\u75318\u53f0\u5e93\u5179\u6d85\u4f50\u592bNK-87\u6da1\u6247\u53d1\u52a8\u673a\u63d0\u4f9b\u52a8\u529b\uff0c\u6bcf\u53f0\u53d1\u52a8\u673a\u7684\u6700\u5927\u989d\u5b9a\u63a8\u529b\u4e3a28600\u78c5\uff0c\u5b89\u88c5\u5728\u524d\u673a\u8eab\u4e24\u4fa7\u7684\u4e24\u6392\u56db\u4e2a\u63a8\u8fdb\u5668\u4e2d\u3002", "events": [], "arguments": {"time": [{"text": "1986\u5e74", "offset": 31, "length": 5}], "loc": [], "country": [], "weapon": [{"text": "\u98de\u884c\u5668", "offset": 25, "length": 3}]}}, {"sentence": "\u8fd9\u79cd\u98de\u884c\u5668\u5229\u7528\u5730\u9762\u6548\u5e94\uff08\u4e00\u79cd\u4f7f\u98de\u884c\u5668\u8bf1\u5bfc\u963b\u529b\u51cf\u5c0f\uff0c\u540c\u65f6\u80fd\u83b7\u5f97\u6bd4\u9ad8\u7a7a\u98de\u884c\u66f4\u9ad8\u5347\u963b\u6bd4\u7684\u6d41\u4f53\u529b\u5b66\u6548\u5e94\uff09\u8fdb\u884c\u98de\u884c\u3002", "events": [], "arguments": {"time": [], "loc": [], "country": [], "weapon": []}}, {"sentence": "\u8fd9\u9879\u6280\u672f\u901a\u5e38\u7528\u5728\u6c34\u9762\u98de\u884c\u5668\u7684\u8bbe\u8ba1\u4e0a\uff0c\u8fd9\u6837\u53ef\u4ee5\u4fdd\u8bc1\u9ad8\u6548\u3001\u6301\u7eed\u7684\u9ad8\u901f\u98de\u884c\u80fd\u529b\uff0c\u5728\u6c34\u9762\u4e0a\u64cd\u4f5c\u66f4\u5bb9\u6613\u4e5f\u66f4\u5b89\u5168\u3002", "events": [], "arguments": {"time": [], "loc": [], "country": [], "weapon": []}}, {"sentence": "MD-160\u578b\u5730\u6548\u98de\u884c\u5668\u7684\u5efa\u9020\u5de5\u4f5c\u57281991\u5e74\u5b8c\u6210\u4e3b\u4f53\u5efa\u9020\uff0c\u4f46\u6b63\u597d\u8d76\u4e0a\u82cf\u8054\u89e3\u4f53\uff0c\u5f53\u65f6\u8fd9\u67b6\u98de\u884c\u5668\u88ab\u79fb\u4ea4\u7ed9\u4e86\u4fc4\u7f57\u65af\u91cc\u6d77\u8230\u961f\uff0c\u6210\u4e3a\u4fc4\u7f57\u65af\u6d77\u519b\u7684\u4e00\u90e8\u5206\u3002", "events": [], "arguments": {"time": [{"text": "1991\u5e74", "offset": 18, "length": 5}], "loc": [{"text": "\u91cc\u6d77", "offset": 55, "length": 2}], "country": [{"text": "\u82cf\u8054", "offset": 35, "length": 2}, {"text": "\u4fc4\u7f57\u65af", "offset": 52, "length": 3}, {"text": "\u4fc4\u7f57\u65af", "offset": 62, "length": 3}], "weapon": [{"text": "MD-160\u578b\u5730\u6548\u98de\u884c\u5668", "offset": 0, "length": 12}]}}, {"sentence": "\u6700\u521d\u82cf\u8054\u8ba1\u5212\u5efa\u90208\u67b6\u8fd9\u79cd\u98de\u884c\u5668\uff0c\u5e76\u4e3a\u5176\u914d\u5907\u6b66\u5668\u7cfb\u7edf\uff0c\u5728\u673a\u80cc\u4e0a\u5b89\u88c5\u4e866\u5177SS-N-22\u201c\u65e5\u7099\u201d\u8d85\u97f3\u901f\u53cd\u8230\u5bfc\u5f39\u53d1\u5c04\u88c5\u7f6e\uff0c\u5728\u673a\u5c3e\u4e0a\u5b89\u88c5\u4e86\u4e00\u5957\u5927\u578b\u6c34\u9762\u641c\u7d22\u96f7\u8fbe\u3002", "events": [], "arguments": {"time": [], "loc": [], "country": [{"text": "\u82cf\u8054", "offset": 2, "length": 2}], "weapon": [{"text": "SS-N-22\u201c\u65e5\u7099\u201d\u8d85\u97f3\u901f\u53cd\u8230\u5bfc\u5f39\u53d1\u5c04\u88c5\u7f6e", "offset": 35, "length": 22}]}}, {"sentence": "\u8fd9\u79cd\u98de\u884c\u5668\u7684\u8bbe\u8ba1\u521d\u8877\u662f\u5bf9\u654c\u65b9\u6c34\u9762\u8230\u8247\u90e8\u961f\u53d1\u8d77\u5feb\u901f\u6253\u51fb\uff0c\u540c\u65f6\u5229\u7528\u8d85\u4f4e\u7a7a\u98de\u884c\u80fd\u529b\u548c\u5feb\u901f\u79fb\u52a8\u80fd\u529b\u6765\u63d0\u9ad8\u6218\u573a\u751f\u5b58\u7387\u3002", "events": [], "arguments": {"time": [], "loc": [], "country": [], "weapon": []}}, {"sentence": "\u53e6\u4e00\u8258\u201c\u91cc\u6d77\u602a\u7269\u201d\u7684\u539f\u578b\u673a\u66fe\u57281966\u5e74\u5f00\u59cb\u6d4b\u8bd5\u3002", "events": [], "arguments": {"time": [{"text": "1966\u5e74", "offset": 15, "length": 5}], "loc": [], "country": [], "weapon": [{"text": "\u201c\u91cc\u6d77\u602a\u7269\u201d", "offset": 3, "length": 6}, {"text": "\u578b\u673a", "offset": 0, "length": 2}]}}, {"sentence": "\u5728\u82cf\u8054\u5b89-225\u8fd0\u8f93\u673a\u4e8e1988\u5e74\u8bd5\u98de\u4e4b\u524d\uff0c\u8fd9\u79cd\u98de\u884c\u5668\u4e00\u76f4\u662f\u4e16\u754c\u4e0a\u6700\u5927\u3001\u6700\u91cd\u7684\u98de\u884c\u5668\u3002", "events": [], "arguments": {"time": [{"text": "1988\u5e74", "offset": 12, "length": 5}], "loc": [], "country": [{"text": "\u82cf\u8054", "offset": 1, "length": 2}], "weapon": [{"text": "\u5b89-225\u8fd0\u8f93\u673a", "offset": 3, "length": 8}]}}, {"sentence": "\u4e0d\u8fc7\u8fd9\u67b6\u539f\u578b\u673a\u57281980\u5e74\u7684\u4e00\u6b21\u4e8b\u6545\u4e2d\u5760\u6bc1\u3002", "events": [], "arguments": {"time": [{"text": "1980\u5e74", "offset": 8, "length": 5}], "loc": [], "country": [], "weapon": []}}, {"sentence": "\u4fc4\u7f57\u65af\u66fe\u57282017\u5e74\u63d0\u53ca\u5230\u5730\u6548\u98de\u884c\u5668\u9879\u76ee\uff0c\u5e76\u6253\u7b97\u5c06\u5176\u7528\u4e8e\u5317\u6781\u5730\u533a\uff0c\u4f46\u8fd9\u9879\u5de5\u4f5c\u4f3c\u4e4e\u4e0d\u4e86\u4e86\u4e4b\u3002", "events": [], "arguments": {"time": [{"text": "2017\u5e74", "offset": 5, "length": 5}], "loc": [{"text": "\u5317\u6781\u5730\u533a", "offset": 28, "length": 4}], "country": [{"text": "\u4fc4\u7f57\u65af", "offset": 0, "length": 3}], "weapon": [{"text": "\u5730\u6548\u98de\u884c\u5668", "offset": 13, "length": 5}]}}, {"sentence": "\u636e\u6089\uff0c\u73b0\u5b58\u7684\u8fd9\u67b6MD-160\u578b\u98de\u884c\u5668\u572890\u5e74\u4ee3\u505c\u6b62\u5efa\u9020\u65f6\u5df2\u7ecf\u63a5\u8fd1\u5b8c\u5de5\uff0c\u4ece\u90a3\u4ee5\u540e\u5c31\u4e00\u76f4\u88ab\u95f2\u7f6e\u5728\u4e86\u5efa\u9020\u57fa\u5730\u3002", "events": [], "arguments": {"time": [{"text": "90\u5e74\u4ee3", "offset": 19, "length": 4}], "loc": [], "country": [], "weapon": [{"text": "MD-160\u578b\u98de\u884c\u5668", "offset": 8, "length": 10}]}}, {"sentence": "\u65e0\u8bba\u4fc4\u7f57\u65af\u672a\u6765\u662f\u5426\u4f1a\u91cd\u542f\u5730\u6548\u98de\u884c\u5668\u8ba1\u5212\uff0c\u8fd9\u8258\u201c\u91cc\u6d77\u602a\u7269\u201d\u4f3c\u4e4e\u5df2\u7ecf\u5b8c\u6210\u4e86\u5b83\u7684\u6700\u540e\u4e00\u6b21\u822a\u884c\uff0c\u5c06\u88ab\u4f5c\u4e3a\u4e00\u6bb5\u6709\u8da3\u5386\u65f6\u7684\u89c1\u8bc1\u8005\u5f97\u5230\u66f4\u597d\u7684\u4fdd\u5b58\u3002", "events": [], "arguments": {"time": [], "loc": [], "country": [{"text": "\u4fc4\u7f57\u65af", "offset": 2, "length": 3}], "weapon": [{"text": "\u201c\u91cc\u6d77\u602a\u7269\u201d", "offset": 22, "length": 6}]}}]