[{"sentence": "\u5b98\u65b9\u9996\u6b21\u516c\u5f00\uff01", "events": [], "arguments": {"time": [], "loc": [], "country": [], "weapon": []}}, {"sentence": "\u56fd\u9632\u90e8\uff1a\u65b0\u578b\u6218\u673a\u5357\u6d77\u9ad8\u5f3a\u5ea6\u8bad\u7ec3", "events": [], "arguments": {"time": [], "loc": [{"text": "\u5357\u6d77", "offset": 8, "length": 2}], "country": [], "weapon": []}}, {"sentence": "\u3010\u73af\u7403\u65f6\u62a5\u8bb0\u8005 \u90ed\u5a9b\u4e39\u3011", "events": [], "arguments": {"time": [], "loc": [], "country": [], "weapon": []}}, {"sentence": "30\u65e5\u5728\u56fd\u9632\u90e8\u4f8b\u884c\u8bb0\u8005\u4f1a\u4e0a\uff0c\u56fd\u9632\u90e8\u65b0\u95fb\u5c40\u526f\u5c40\u957f\u3001\u65b0\u95fb\u53d1\u8a00\u4eba\u4efb\u56fd\u5f3a\u4e3b\u52a8\u53d1\u5e03\u4e00\u5219\u6d88\u606f\u79f0\uff0c\u5357\u90e8\u6218\u533a\u6d77\u519b\u822a\u7a7a\u5175\u7ec4\u7ec7\u8f70-6G\u3001\u8f70-6J\u7b49\u65b0\u578b\u6218\u673a\u5728\u5357\u6d77\u6709\u5173\u6d77\u57df\u5f00\u5c55\u663c\u591c\u95f4\u9ad8\u5f3a\u5ea6\u8bad\u7ec3\u3002", "events": [{"trigger": {"text": "\u8bad\u7ec3", "offset": 82, "length": 2}, "subject": {"text": "\u5357\u90e8\u6218\u533a\u6d77\u519b\u822a\u7a7a\u5175", "offset": 42, "length": 9}, "object": {"text": "\u8f70-6G\u3001\u8f70-6J\u7b49\u65b0\u578b\u6218\u673a", "offset": 53, "length": 14}}], "arguments": {"time": [{"text": "30\u65e5", "offset": 0, "length": 3}], "loc": [{"text": "\u5357\u90e8\u6218\u533a", "offset": 42, "length": 4}, {"text": "\u5357\u6d77", "offset": 68, "length": 2}], "country": [], "weapon": [{"text": "\u8f70-6G", "offset": 53, "length": 4}, {"text": "\u8f70-6J", "offset": 58, "length": 4}]}}, {"sentence": "\u8fd9\u662f\u5b98\u65b9\u9996\u6b21\u516c\u5f00\u4e2d\u56fd\u6d77\u519b\u65b0\u578b\u6218\u673a\u8f70-6J\u7684\u6d88\u606f\u3002", "events": [], "arguments": {"time": [], "loc": [], "country": [{"text": "\u4e2d\u56fd", "offset": 8, "length": 2}], "weapon": [{"text": "\u8f70-6J", "offset": 16, "length": 4}]}}, {"sentence": "\u4efb\u56fd\u5f3a\u8868\u793a\uff0c\u6b64\u6b21\u8bad\u7ec3\u201c\u5b8c\u6210\u4e86\u663c\u591c\u95f4\u8d77\u964d\u3001\u8fdc\u7a0b\u5954\u88ad\u3001\u5bf9\u6d77\u9762\u76ee\u6807\u653b\u51fb\u7b49\u8bad\u7ec3\u79d1\u76ee\uff0c\u8fbe\u5230\u4e86\u9884\u671f\u6548\u679c\u3002", "events": [], "arguments": {"time": [], "loc": [], "country": [], "weapon": []}}, {"sentence": "\u6b64\u6b21\u8bad\u7ec3\u662f\u5e74\u5ea6\u8ba1\u5212\u5185\u7684\u4f8b\u884c\u6027\u5b89\u6392\uff0c\u6709\u52a9\u4e8e\u63d0\u9ad8\u98de\u884c\u5458\u7684\u6280\u6218\u672f\u6c34\u5e73\u548c\u90e8\u961f\u5168\u5929\u5019\u4f5c\u6218\u80fd\u529b\u3002", "events": [], "arguments": {"time": [], "loc": [], "country": [], "weapon": []}}, {"sentence": "\u201d", "events": [], "arguments": {"time": [], "loc": [], "country": [], "weapon": []}}, {"sentence": "\u636e\u300a\u73af\u7403\u65f6\u62a5\u300b\u8bb0\u8005\u4e86\u89e3\uff0c\u8fd9\u4e9b\u90fd\u662f\u5b9e\u6218\u5316\u7a0b\u5ea6\u6781\u5f3a\u7684\u8bad\u7ec3\u79d1\u76ee\u3002", "events": [], "arguments": {"time": [], "loc": [], "country": [], "weapon": []}}, {"sentence": "\u76f8\u5173\u4e13\u4e1a\u4eba\u58eb\u5bf9\u300a\u73af\u7403\u65f6\u62a5\u300b\u8868\u793a\uff0c\u8fd9\u5219\u6d88\u606f\u91ca\u653e\u4e86\u4e24\u5c42\u610f\u601d\uff1a\u4e00\u662f\u8f70-6J\u5df2\u5177\u5907\u5168\u5929\u5019\u4f5c\u6218\u80fd\u529b\uff1b\u4e8c\u662f\u8f70-6J\u5bf9\u6d77\u9762\u4e5f\u5c31\u662f\u8bf4\u5bf9\u6d77\u4e0a\u79fb\u52a8\u76ee\u6807\u6709\u7cbe\u786e\u6253\u51fb\u80fd\u529b\u3002", "events": [], "arguments": {"time": [], "loc": [{"text": "\u6d77\u4e0a", "offset": 59, "length": 2}], "country": [], "weapon": [{"text": "\u8f70-6J", "offset": 30, "length": 4}, {"text": "\u8f70-6J", "offset": 47, "length": 4}]}}, {"sentence": "\u56fd\u9632\u90e8\u53d1\u8a00\u4eba\u5728\u4f8b\u884c\u8bb0\u8005\u4f1a\u4e0a\u5bf9\u6218\u673a\u578b\u53f7\u3001\u8bad\u7ec3\u4f5c\u4e1a\u6d77\u57df\u4ee5\u53ca\u6267\u884c\u7684\u6f14\u8bad\u4efb\u52a1\u8fdb\u884c\u8be6\u7ec6\u4ecb\u7ecd\u7684\u4f8b\u5b50\u5e76\u4e0d\u591a\u89c1\u3002", "events": [], "arguments": {"time": [], "loc": [], "country": [], "weapon": [{"text": "\u6218\u673a", "offset": 14, "length": 2}]}}, {"sentence": "\u300a\u822a\u7a7a\u77e5\u8bc6\u300b\u4e3b\u7f16\u738b\u4e9a\u7537\u63a5\u53d7\u300a\u73af\u7403\u65f6\u62a5\u300b\u91c7\u8bbf\u65f6\u8868\u793a\uff0c\u6b64\u6b21\u56fd\u9632\u90e8\u53d1\u8a00\u4eba\u8be6\u7ec6\u4ecb\u7ecd\u8f70-6J\u7b49\u673a\u578b\u7684\u4f5c\u4e1a\u6d77\u57df\u548c\u8bad\u7ec3\u79d1\u76ee\uff0c\u662f\u5411\u5916\u754c\u8868\u660e\u4e2d\u56fd\u6709\u80fd\u529b\u7ef4\u62a4\u81ea\u8eab\u5728\u5357\u6d77\u7684\u56fd\u5bb6\u4e3b\u6743\u548c\u6b63\u5f53\u6743\u76ca\u3002", "events": [], "arguments": {"time": [], "loc": [{"text": "\u5357\u6d77", "offset": 71, "length": 2}], "country": [{"text": "\u4e2d\u56fd", "offset": 61, "length": 2}], "weapon": [{"text": "\u8f70-6J", "offset": 37, "length": 4}]}}, {"sentence": "\u540c\u65f6\u4e5f\u8868\u660e\u4e2d\u56fd\u8f70-6\u5df2\u7ecf\u5b9e\u73b0\u8de8\u578b\u522b\u3001\u591a\u79cd\u578b\u53f7\u534f\u8c03\u4e00\u81f4\u7684\u5168\u5929\u5019\u5b9e\u6218\u80fd\u529b\uff0c\u201c\u8fd9\u662f\u4e00\u4e2a\u660e\u663e\u7684\u4fe1\u53f7\uff0c\u4e2d\u56fd\u5728\u5357\u6d77\u5730\u533a\u7684\u5b89\u5168\u5229\u76ca\u4e0d\u53ef\u4fb5\u72af\u3002", "events": [], "arguments": {"time": [], "loc": [{"text": "\u5357\u6d77\u5730\u533a", "offset": 49, "length": 4}], "country": [{"text": "\u4e2d\u56fd", "offset": 5, "length": 2}, {"text": "\u4e2d\u56fd", "offset": 46, "length": 2}], "weapon": [{"text": "\u8f70-6", "offset": 7, "length": 3}]}}, {"sentence": "\u201d", "events": [], "arguments": {"time": [], "loc": [], "country": [], "weapon": []}}, {"sentence": "\u5bf9\u4e8e\u56fd\u9632\u90e8\u53d1\u8a00\u4eba\u9009\u62e9\u5728\u6b64\u65f6\u4e3b\u52a8\u53d1\u5e03\u8fd9\u6761\u6d88\u606f\uff0c\u738b\u4e9a\u7537\u8ba4\u4e3a\uff0c\u6b64\u524d\u7f8e\u56fd\u5728\u5357\u6d77\u5730\u533a\u8fdb\u884c\u4e86\u9488\u5bf9\u6027\u6781\u5f3a\u7684\u53cc\u822a\u6bcd\u6f14\u4e60\uff0c\u4f46\u4e2d\u56fd\u519b\u65b9\u5e76\u6ca1\u6709\u628a\u76f8\u5173\u8bad\u7ec3\u79d1\u76ee\u5b89\u6392\u5728\u540c\u4e00\u65f6\u95f4\u6bb5\u8fdb\u884c\uff0c\u8868\u660e\u89e3\u653e\u519b\u4fdd\u6301\u4e86\u4f4e\u8c03\u548c\u514b\u5236\u3002", "events": [], "arguments": {"time": [], "loc": [{"text": "\u5357\u6d77\u5730\u533a", "offset": 33, "length": 4}], "country": [{"text": "\u4e2d\u56fd", "offset": 53, "length": 2}, {"text": "\u7f8e\u56fd", "offset": 30, "length": 2}], "weapon": []}}, {"sentence": "\u4f46\u5728\u7a0d\u665a\u65f6\u5019\u4e2d\u56fd\u56fd\u9632\u90e8\u4e3b\u52a8\u516c\u5e03\u65b0\u578b\u8f70\u70b8\u673a\u7684\u8bad\u7ec3\u7ec6\u8282\uff0c\u662f\u8ba9\u5916\u754c\u660e\u767d\u89e3\u653e\u519b\u4fdd\u536b\u56fd\u5bb6\u6838\u5fc3\u5229\u76ca\u7684\u51b3\u5fc3\uff0c\u8fd9\u79cd\u51b3\u5fc3\u662f\u901a\u8fc7\u5b9e\u9645\u884c\u52a8\u5c55\u793a\uff0c\u9760\u5b9e\u529b\u652f\u6491\u7684\u3002", "events": [], "arguments": {"time": [], "loc": [], "country": [{"text": "\u4e2d\u56fd", "offset": 6, "length": 2}], "weapon": [{"text": "\u65b0\u578b\u8f70\u70b8\u673a", "offset": 15, "length": 5}]}}]