[{"sentence": "\u7f8e\u519b\u53c8\u6d3eP-8A\u8fdb\u5165\u5357\u6d77\u4e0a\u7a7a\u00a0\u00a0\u8ddd\u4e2d\u56fd\u5e7f\u4e1c\u6d77\u5cb8\u6700\u8fd1\u7ea696.5\u516c\u91cc", "events": [], "arguments": {"time": [], "loc": [{"text": "\u5357\u6d77\u4e0a\u7a7a", "offset": 10, "length": 4}, {"text": "\u5e7f\u4e1c\u6d77\u5cb8", "offset": 19, "length": 4}], "country": [{"text": "\u7f8e", "offset": 0, "length": 1}, {"text": "\u4e2d\u56fd", "offset": 17, "length": 2}], "weapon": [{"text": "P-8A", "offset": 4, "length": 4}]}}, {"sentence": "\u3010\u73af\u7403\u7f51\u62a5\u9053 \u89c1\u4e60\u8bb0\u8005 \u9a6c\u5ca9\u3011", "events": [], "arguments": {"time": [], "loc": [], "country": [], "weapon": []}}, {"sentence": "\u8fd1\u671f\u7f8e\u56fd\u9891\u7e41\u6d3e\u51fa\u519b\u673a\u8fdb\u5165\u5357\u6d77\u4e0a\u7a7a\uff0c7\u670829\u65e5\uff0c\u7f8e\u519b\u53c8\u6d3e\u51faP-8A\u6d77\u4e0a\u5de1\u903b\u673a\u548cKC-135R\u7a7a\u4e2d\u52a0\u6cb9\u673a\u8fdb\u5165\u5357\u6d77\u4e0a\u7a7a\u3002", "events": [], "arguments": {"time": [{"text": "7\u670829\u65e5", "offset": 17, "length": 5}], "loc": [{"text": "\u5357\u6d77", "offset": 52, "length": 2}, {"text": "\u5357\u6d77\u4e0a\u7a7a", "offset": 12, "length": 4}, {"text": "\u5357\u6d77\u4e0a\u7a7a", "offset": 52, "length": 4}], "country": [{"text": "\u7f8e\u56fd", "offset": 2, "length": 2}], "weapon": [{"text": "P-8A\u6d77\u4e0a\u5de1\u903b\u673a", "offset": 28, "length": 9}, {"text": "KC-135R\u7a7a\u4e2d\u52a0\u6cb9\u673a", "offset": 38, "length": 12}]}}, {"sentence": "\u636e\u201c\u5357\u6d77\u6218\u7565\u6001\u52bf\u611f\u77e5\u8ba1\u5212\u201d\u5e73\u53f07\u670829\u65e5\u53d1\u5e03\u7684\u6d88\u606f\uff0c\u5f53\u5929\u4e00\u67b6P-8A\u6d77\u4e0a\u5de1\u903b\u673a\u4ece\u53f0\u6e7e\u5357\u90e8\u6d77\u57df\u8fdb\u5165\u5357\u6d77\uff0c\u5411\u897f\u98de\u884c\u4e00\u6bb5\u8ddd\u79bb\u540e\u6298\u8fd4\uff0c\u8ddd\u79bb\u4e2d\u56fd\u5e7f\u4e1c\u6d77\u5cb8\u6700\u8fd1\u8ddd\u79bb52.11\u6d77\u91cc\uff08\u7ea696.5\u516c\u91cc\uff09\u3002", "events": [{"trigger": {"text": "\u8fdb\u5165", "offset": 46, "length": 2}, "subject": {"text": "P-8A\u6d77\u4e0a\u5de1\u903b\u673a\u4ece\u53f0\u6e7e\u5357\u90e8\u6d77\u57df", "offset": 30, "length": 16}, "object": {"text": "\u5357\u6d77", "offset": 48, "length": 2}}], "arguments": {"time": [{"text": "7\u670829\u65e5", "offset": 15, "length": 5}], "loc": [{"text": "\u5357\u6d77", "offset": 2, "length": 2}, {"text": "\u53f0\u6e7e\u5357\u90e8\u6d77\u57df", "offset": 40, "length": 6}, {"text": "\u5357\u6d77", "offset": 48, "length": 2}, {"text": "\u5e7f\u4e1c\u6d77\u5cb8", "offset": 67, "length": 4}], "country": [{"text": "\u4e2d\u56fd", "offset": 65, "length": 2}], "weapon": [{"text": "P-8A\u6d77\u4e0a\u5de1\u903b\u673a", "offset": 30, "length": 9}]}}, {"sentence": "\u6b64\u5916\uff0c\u53e6\u6709\u4e00\u67b6KC-135R\u7a7a\u4e2d\u52a0\u6cb9\u673a\u5f53\u5929\u4e5f\u51fa\u73b0\u5728\u5357\u6d77\u4e0a\u7a7a\uff0c\u5411\u897f\u98de\u884c\u4e00\u6bb5\u8ddd\u79bb\u540e\u6298\u8fd4\u3002", "events": [], "arguments": {"time": [], "loc": [{"text": "\u5357\u6d77\u4e0a\u7a7a", "offset": 25, "length": 4}], "country": [], "weapon": [{"text": "KC-135R\u7a7a\u4e2d\u52a0\u6cb9\u673a", "offset": 7, "length": 12}]}}, {"sentence": "\u62a5\u9053\u79f0\uff0c\u53ef\u80fd\u8fd8\u6709\u4e00\u4e9b\u5176\u5b83\u672a\u88ab\u63a2\u6d4b\u5230\u7684\u98de\u673a\u4e5f\u8fdb\u5165\u4e86\u5357\u6d77\u4e0a\u7a7a\u3002", "events": [], "arguments": {"time": [], "loc": [{"text": "\u5357\u6d77\u4e0a\u7a7a", "offset": 24, "length": 4}], "country": [], "weapon": [{"text": "\u98de\u673a", "offset": 18, "length": 2}]}}, {"sentence": "P-8A\u201c\u6d77\u795e\u201d\u53cd\u6f5c\u5de1\u903b\u673a\u662f\u7f8e\u56fd\u6ce2\u97f3\u516c\u53f8\u8bbe\u8ba1\u751f\u4ea7\u7684\u65b0\u4e00\u4ee3\u6d77\u4e0a\u5de1\u903b\u673a\uff0c\u7528\u4e8e\u53d6\u4ee3\u8001\u578b\u53f7P-3C\u5de1\u903b\u673a\uff0c\u4e3b\u8981\u7528\u9014\u4e3a\u6d77\u4e0a\u5de1\u903b\u3001\u4fa6\u5bdf\u3001\u53cd\u6f5c\uff0c\u5185\u67095\u4e2a\u5f39\u4ed3\uff0c\u5916\u67096\u4e2a\u6b66\u5668\u6302\u70b9\uff0c\u53ef\u53d1\u5c04MK54\u53cd\u6f5c\u9c7c\u96f7\u7b49\u6b66\u5668\u3002", "events": [], "arguments": {"time": [], "loc": [{"text": "\u6d77\u4e0a", "offset": 54, "length": 2}], "country": [{"text": "\u7f8e\u56fd", "offset": 14, "length": 2}], "weapon": [{"text": "P-8A\u201c\u6d77\u795e\u201d\u53cd\u6f5c\u5de1\u903b\u673a", "offset": 0, "length": 13}, {"text": "P-3C\u5de1\u903b\u673a", "offset": 41, "length": 7}, {"text": "MK54\u53cd\u6f5c\u9c7c\u96f7", "offset": 84, "length": 8}]}}, {"sentence": "\u5916\u4ea4\u90e8\u53d1\u8a00\u4eba\u6c6a\u6587\u658c7\u670828\u65e5\u5728\u4f8b\u884c\u8bb0\u8005\u4f1a\u4e0a\u8868\u793a\uff0c\u6839\u636e\u516c\u5f00\u62a5\u9053\uff0c\u4eca\u5e74\u4e0a\u534a\u5e74\uff0c\u7f8e\u519b\u673a\u5728\u5357\u6d77\u6d3b\u52a8\u591a\u8fbe2000\u591a\u6b21\u3002", "events": [], "arguments": {"time": [{"text": "7\u670828\u65e5", "offset": 9, "length": 5}], "loc": [{"text": "\u5357\u6d77", "offset": 41, "length": 2}], "country": [{"text": "\u7f8e", "offset": 37, "length": 1}], "weapon": []}}, {"sentence": "\u6c6a\u6587\u658c\u8fd8\u8868\u793a\uff0c\u672c\u670815\u65e5\u81f3\u4eca\uff0c\u7f8e\u519b\u673a\u5df2\u8fde\u7eed12\u5929\u62b5\u8fd1\u5357\u6d77\u4fa6\u5bdf\u3002", "events": [], "arguments": {"time": [{"text": "\u672c\u670815\u65e5\u81f3\u4eca", "offset": 7, "length": 7}], "loc": [{"text": "\u5357\u6d77", "offset": 26, "length": 2}], "country": [{"text": "\u7f8e", "offset": 15, "length": 1}], "weapon": []}}, {"sentence": "\u534a\u5e74\u65f6\u95f4\u91cc\u7f8e\u519b\u5728\u5357\u6d77\u5730\u533a\u8fdb\u884c\u4e86\u591a\u8fbe2000\u6b21\u7684\u8230\u673a\u6d3b\u52a8\uff0c\u8fd9\u662f\u600e\u6837\u4e00\u4e2a\u5f3a\u5ea6\uff1f", "events": [], "arguments": {"time": [], "loc": [{"text": "\u5357\u6d77\u5730\u533a", "offset": 8, "length": 4}], "country": [{"text": "\u7f8e", "offset": 5, "length": 1}], "weapon": []}}, {"sentence": "\u5c06\u4f1a\u5bfc\u81f4\u4ec0\u4e48\u7ed3\u679c\uff1f", "events": [], "arguments": {"time": [], "loc": [], "country": [], "weapon": []}}, {"sentence": "\u636e\u4e00\u4f4d\u76f8\u5173\u4e13\u4e1a\u4eba\u58eb29\u65e5\u5bf9\u300a\u73af\u7403\u65f6\u62a5\u300b\u5206\u6790\uff0c\u5982\u679c\u628a\u5357\u6d77\u7406\u89e3\u6210\u4e3a\u4e00\u6761\u516c\u8def\uff0c\u901a\u8fc7\u7684\u8f66\u8f86\u8d8a\u591a\uff0c\u53d1\u751f\u610f\u5916\u7684\u53ef\u80fd\u6027\u5c31\u8d8a\u5927\u3002", "events": [], "arguments": {"time": [{"text": "29\u65e5", "offset": 9, "length": 3}], "loc": [{"text": "\u5357\u6d77", "offset": 25, "length": 2}], "country": [], "weapon": []}}, {"sentence": "\u5357\u6d77\u8fd9\u6761\u201c\u516c\u8def\u201d\u7684\u7279\u6b8a\u6027\u5728\u4e8e\u884c\u9a76\u7684\u8f66\u8f86\u4e0d\u4ec5\u4ec5\u662f\u666e\u901a\u7684\u5c0f\u8f7f\u8f66\u3001\u8fd0\u8f93\u8f66\uff0c\u66f4\u591a\u7684\u662f\u88c5\u6709\u5f39\u836f\u7684\u5766\u514b\u3001\u88c5\u7532\u8f66\u7b49\u519b\u7528\u8bbe\u65bd\uff0c\u800c\u4e14\u8fd9\u4e9b\u8f66\u8f86\u968f\u65f6\u4f1a\u5728\u516c\u8def\u4e0a\u8fdb\u884c\u6f14\u7ec3\u884c\u52a8\u3002", "events": [], "arguments": {"time": [], "loc": [{"text": "\u5357\u6d77", "offset": 0, "length": 2}], "country": [], "weapon": [{"text": "\u5c0f\u8f7f\u8f66", "offset": 26, "length": 3}, {"text": "\u8fd0\u8f93\u8f66", "offset": 30, "length": 3}, {"text": "\u5766\u514b", "offset": 43, "length": 2}, {"text": "\u88c5\u7532\u8f66", "offset": 46, "length": 3}]}}, {"sentence": "\u8fd9\u4f4d\u4eba\u58eb\u4ecb\u7ecd\uff0c\u201c\u7f8e\u519b2000\u591a\u67b6\u6b21\u5305\u542b\u6709\u822a\u6bcd\u8230\u8f7d\u673a\u7684\u8d77\u98de\u6570\u91cf\uff0c\u822a\u6bcd\u8230\u8f7d\u673a\u4e00\u5929\u5c31\u53ef\u4ee5\u8d77\u98de\u767e\u4f59\u67b6\u6b21\uff0c\u6f14\u7ec3\u4e03\u516b\u5929\u65f6\u95f4\u5c31\u6709\u4e03\u516b\u767e\u67b6\u6b21\u3002", "events": [], "arguments": {"time": [], "loc": [], "country": [{"text": "\u7f8e", "offset": 8, "length": 1}], "weapon": [{"text": "\u822a\u6bcd\u8230\u8f7d\u673a", "offset": 31, "length": 5}]}}, {"sentence": "\u201d", "events": [], "arguments": {"time": [], "loc": [], "country": [], "weapon": []}}, {"sentence": "\u519b\u4e8b\u4e13\u5bb6\u674e\u6770\u5bf9\u300a\u73af\u7403\u65f6\u62a5\u300b\u8868\u8fbe\u4e86\u540c\u6837\u89c2\u70b9\uff0c\u901a\u884c\u98de\u673a\u6570\u91cf\u548c\u5371\u9669\u7a0b\u5ea6\u662f\u6210\u6b63\u6bd4\u7684\uff0c\u98de\u673a\u67b6\u6b21\u6570\u91cf\u8d8a\u591a\uff0c\u5371\u9669\u5ea6\u8d8a\u9ad8\uff0c\u53d1\u751f\u78b0\u649e\u7684\u51e0\u7387\u5927\u4e3a\u589e\u52a0\uff0c\u7f8e\u519b\u534a\u5e74\u4e4b\u51852000\u67b6\u6b21\u98de\u884c\u884c\u52a8\u6beb\u65e0\u7591\u95ee\u7834\u574f\u4e86\u5357\u6d77\u5730\u533a\u7684\u548c\u5e73\u7a33\u5b9a\u3002", "events": [], "arguments": {"time": [], "loc": [{"text": "\u5357\u6d77\u5730\u533a", "offset": 88, "length": 4}], "country": [{"text": "\u7f8e", "offset": 65, "length": 1}], "weapon": []}}, {"sentence": "\u5bf9\u4e8e\u7f8e\u519b\u8230\u673a\u7684\u62b5\u8fd1\u4fa6\u5bdf\u884c\u4e3a\uff0c\u4e2d\u56fd\u519b\u4e8b\u4e13\u5bb6\u5b8b\u5fe0\u5e737\u67088\u65e5\u5728\u63a5\u53d7\u300a\u73af\u7403\u65f6\u62a5\u300b\u91c7\u8bbf\u65f6\u8868\u793a\uff0c\u89e3\u653e\u519b\u53ef\u4ee5\u91c7\u53d6\u62b5\u8fd1\u62e6\u622a\u7684\u65b9\u5f0f\uff0c\u5bf9\u62b5\u8fd1\u4fa6\u5bdf\u7684\u7f8e\u519b\u673a\u8fdb\u884c\u5e72\u6270\uff0c\u8ba9\u5bf9\u65b9\u65e0\u6cd5\u4e13\u5fc3\u5de5\u4f5c\u3002", "events": [], "arguments": {"time": [{"text": "7\u67088\u65e5", "offset": 23, "length": 4}], "loc": [], "country": [{"text": "\u4e2d\u56fd", "offset": 14, "length": 2}], "weapon": []}}, {"sentence": "\u53e6\u4e00\u65b9\u9762\uff0c\u5f53\u5bf9\u65b9\u4fa6\u5bdf\u673a\u63a5\u8fd1\u6211\u56fd\u76f8\u5173\u7a7a\u57df\u65f6\uff0c\u89e3\u653e\u519b\u4e5f\u53ef\u4ee5\u6682\u505c\u4e00\u4e9b\u519b\u4e8b\u6d3b\u52a8\uff0c\u964d\u4f4e\u7535\u78c1\u9891\u8c31\u4fe1\u53f7\u88ab\u622a\u83b7\u7684\u6982\u7387\u3002", "events": [], "arguments": {"time": [], "loc": [], "country": [], "weapon": [{"text": "\u4fa6\u5bdf\u673a", "offset": 8, "length": 3}]}}]