[{"sentence": "\u9996\u62795\u67b6\u201c\u9635\u98ce\u201d\u6218\u6597\u673a\u521a\u521a\u5230\u8d27\uff0c\u6709\u4e9b\u5370\u5ea6\u4eba\u548c\u5370\u5a92\u5c31\u5f00\u59cb\u201c\u98d8\u201d\u4e86", "events": [{"trigger": {"text": "\u5230\u8d27", "offset": 13, "length": 2}, "subject": {"text": "", "offset": 0, "length": 0}, "object": {"text": "", "offset": 0, "length": 0}}], "arguments": {"time": [], "loc": [], "country": [{"text": "\u5370\u5ea6", "offset": 18, "length": 2}], "weapon": [{"text": "\u201c\u9635\u98ce\u201d\u6218\u6597\u673a", "offset": 4, "length": 7}]}}, {"sentence": "\u3010\u73af\u7403\u7f51\u62a5\u9053 \u8bb0\u8005 \u5f90\u7490\u660e\u3011", "events": [], "arguments": {"time": [], "loc": [], "country": [], "weapon": []}}, {"sentence": "\u5370\u5ea6ANI\u7f51\u7ad97\u670829\u65e5\u62a5\u9053\uff0c\u5370\u5ea6\u7a7a\u519b\u7684\u9996\u62795\u67b6\u9635\u98ce\u6218\u6597\u673a\u5df2\u7ecf\u5728\u5370\u5ea6\u5317\u90e8\u7684\u54c8\u91cc\u4e9a\u7eb3\u90a6\u5b89\u5df4\u62c9\u7a7a\u519b\u57fa\u5730\u7740\u9646\uff0c\u5370\u5ea6\u7a7a\u519b\u51fa\u52a8\u4e24\u67b6\u82cf-30MKI\u6218\u6597\u673a\u4e3a\u5176\u62a4\u822a\u3002", "events": [{"trigger": {"text": "\u7740\u9646", "offset": 49, "length": 2}, "subject": {"text": "5\u67b6\u9635\u98ce\u6218\u6597\u673a", "offset": 22, "length": 7}, "object": {"text": "\u5370\u5ea6\u5317\u90e8\u7684\u54c8\u91cc\u4e9a\u7eb3\u90a6\u5b89\u5df4\u62c9\u7a7a\u519b\u57fa\u5730", "offset": 32, "length": 17}}], "arguments": {"time": [{"text": "7\u670829\u65e5", "offset": 7, "length": 5}], "loc": [{"text": "\u5370\u5ea6\u5317\u90e8\u7684\u54c8\u91cc\u4e9a\u7eb3\u90a6\u5b89\u5df4\u62c9\u7a7a\u519b\u57fa\u5730", "offset": 32, "length": 17}, {"text": "\u54c8\u91cc\u4e9a\u7eb3\u90a6\u5b89\u5df4\u62c9\u7a7a\u519b\u57fa\u5730", "offset": 37, "length": 12}], "country": [{"text": "\u5370\u5ea6", "offset": 52, "length": 2}, {"text": "\u5370\u5ea6", "offset": 0, "length": 2}, {"text": "\u5370\u5ea6", "offset": 15, "length": 2}, {"text": "\u5370\u5ea6", "offset": 32, "length": 2}], "weapon": [{"text": "\u82cf-30MKI\u6218\u6597\u673a", "offset": 60, "length": 10}]}}, {"sentence": "\u9996\u6279\u201c\u9635\u98ce\u201d\u6218\u6597\u673a\u7684\u5230\u6765\u8ba9\u5370\u5ea6\u5a92\u4f53\u548c\u7f51\u6c11\u90fd\u9887\u4e3a\u5174\u594b\uff0c\u76f4\u63a5\u5c06\u5176\u4e0e\u4e2d\u56fd\u7a7a\u519b\u7684\u6700\u5148\u8fdb\u6218\u6597\u673a\u76f8\u63d0\u5e76\u8bba\uff0c\u800c\u67d0\u4e9b\u5370\u5ea6\u4eba\u66f4\u662f\u6709\u70b9\u201c\u98d8\u201d\u4e86\u3002", "events": [], "arguments": {"time": [], "loc": [], "country": [{"text": "\u5370\u5ea6", "offset": 13, "length": 2}, {"text": "\u4e2d\u56fd", "offset": 31, "length": 2}, {"text": "\u5370\u5ea6", "offset": 50, "length": 2}], "weapon": [{"text": "\u201c\u9635\u98ce\u201d\u6218\u6597\u673a", "offset": 2, "length": 7}]}}, {"sentence": "\u636e\u300a\u5370\u5ea6\u65af\u5766\u65f6\u62a5\u300b7\u670829\u65e5\u62a5\u9053\uff0c\u5370\u5ea6\u7a7a\u519b\u524d\u4efb\u53c2\u8c0b\u957fB\u00b7S\u00b7\u8fbe\u8bfa\u963f\u8bf4\uff1a\u201c\u2018\u9635\u98ce\u2019\u6218\u6597\u673a\u662f\u6e38\u620f\u89c4\u5219\u7684\u6539\u53d8\u8005\uff0c\u4e2d\u56fd\u7684\u6b7c-20\u6218\u6597\u673a\u751a\u81f3\u65e0\u6cd5\u4e0e\u4e4b\u5ab2\u7f8e\u3002", "events": [], "arguments": {"time": [{"text": "7\u670829\u65e5", "offset": 9, "length": 5}], "loc": [], "country": [{"text": "\u5370\u5ea6", "offset": 17, "length": 2}, {"text": "\u4e2d\u56fd", "offset": 53, "length": 2}], "weapon": [{"text": "\u201c\u2018\u9635\u98ce\u2019\u6218\u6597\u673a", "offset": 35, "length": 8}, {"text": "\u6b7c-20\u6218\u6597\u673a", "offset": 56, "length": 7}]}}, {"sentence": "\u201d", "events": [], "arguments": {"time": [], "loc": [], "country": [], "weapon": []}}, {"sentence": "\u8fbe\u8bfa\u963f\u8868\u793a\uff0c\u5982\u679c\u4e2d\u5370\u53d1\u751f\u51b2\u7a81\uff0c\u4ee5\u201c\u9635\u98ce\u201d\u6218\u6597\u673a\u6253\u5934\u9635\u7684\u5370\u5ea6\u7a7a\u519b\u5c06\u5bf9\u6218\u6597\u7ed3\u679c\u6709\u51b3\u5b9a\u6027\u4f5c\u7528\u3002", "events": [], "arguments": {"time": [], "loc": [], "country": [{"text": "\u5370\u5ea6", "offset": 27, "length": 2}], "weapon": [{"text": "\u201c\u9635\u98ce\u201d\u6218\u6597\u673a", "offset": 16, "length": 7}]}}, {"sentence": "\u4ed6\u8fd8\u8bf4\uff0c\u201c\u9635\u98ce\u201d\u6218\u6597\u673a\u51ed\u501f\u5176\u4e00\u6d41\u7684\u7535\u5b50\u6218\u88c5\u5907\u3001\u201c\u6d41\u661f\u201d\u8d85\u89c6\u8ddd\u7a7a\u7a7a\u5bfc\u5f39\u3001\u201c\u65af\u5361\u666e\u201d\u7a7a\u5c04\u5de1\u822a\u5bfc\u5f39\u4ee5\u53ca\u5730\u5f62\u8ddf\u8e2a\u6280\u672f\uff0c\u80fd\u591f\u5e94\u5bf9\u4e2d\u56fd\u7a7a\u519b\u5e26\u6765\u7684\u4efb\u4f55\u5a01\u80c1\u3002", "events": [], "arguments": {"time": [], "loc": [], "country": [{"text": "\u4e2d\u56fd", "offset": 59, "length": 2}], "weapon": [{"text": "\u201c\u9635\u98ce\u201d\u6218\u6597\u673a", "offset": 4, "length": 7}, {"text": "\u201c\u6d41\u661f\u201d\u8d85\u89c6\u8ddd\u7a7a\u7a7a\u5bfc\u5f39", "offset": 23, "length": 11}, {"text": "\u201c\u65af\u5361\u666e\u201d\u7a7a\u5c04\u5de1\u822a\u5bfc\u5f39", "offset": 35, "length": 11}]}}, {"sentence": "\u5728\u8c08\u53ca\u4e2d\u56fd\u6b7c-20\u6218\u6597\u673a\u6240\u5e26\u6765\u7684\u5a01\u80c1\u65f6\uff0c\u8fbe\u8bfa\u963f\u975e\u5e38\u6709\u4fe1\u5fc3\uff0c\u4ed6\u8868\u793a\u5370\u5ea6\u7a7a\u519b\u51ed\u501f\u6700\u65b0\u578b\u7684\u201c\u9635\u98ce\u201d\u6218\u6597\u673a\u548c\u82cf-30MKI\u6218\u6597\u673a\uff0c\u5c06\u80fd\u591f\u5728\u6700\u574f\u7684\u60c5\u51b5\u4e0b\u5bf9\u4e2d\u56fd\u7684\u653b\u51fb\u505a\u51fa\u6700\u597d\u7684\u53cd\u51fb\uff0c\u201c\u4e2d\u56fd\u5bf9\u5370\u5ea6\u7684\u7a7a\u4e2d\u5a01\u80c1\u4e3b\u8981\u6765\u81ea\u4ed6\u4eec\u7684\u5730\u7a7a\u5bfc\u5f39\u7cfb\u7edf\u201d\u3002", "events": [], "arguments": {"time": [], "loc": [], "country": [{"text": "\u4e2d\u56fd", "offset": 3, "length": 2}, {"text": "\u5370\u5ea6", "offset": 32, "length": 2}, {"text": "\u4e2d\u56fd", "offset": 72, "length": 2}, {"text": "\u4e2d\u56fd", "offset": 86, "length": 2}, {"text": "\u5370\u5ea6", "offset": 89, "length": 2}], "weapon": [{"text": "\u6b7c-20\u6218\u6597\u673a", "offset": 5, "length": 7}, {"text": "\u201c\u9635\u98ce\u201d\u6218\u6597\u673a", "offset": 42, "length": 7}, {"text": "\u82cf-30MKI\u6218\u6597\u673a", "offset": 50, "length": 10}]}}, {"sentence": "\u62a5\u9053\u79f0\uff0c\u8fbe\u8bfa\u963f\u8fd9\u540d\u201c\u673a\u667a\u7684\u7a7a\u4e2d\u6218\u672f\u4e13\u5bb6\u201d\u5df2\u7ecf\u610f\u8bc6\u5230\u4e2d\u56fd\u4ee5\u5730\u7a7a\u5bfc\u5f39\u548c\u706b\u70ae\u7ec4\u5408\u800c\u6210\u7684\u9632\u7a7a\u5a01\u80c1\uff0c\u4ed6\u975e\u5e38\u660e\u786e\u5730\u8868\u793a\uff0c\u7531\u4e8e\u4e2d\u56fd\u6b66\u5668\u5e73\u53f0\u6ca1\u6709\u53ef\u4ee5\u5229\u7528\u7684\u6797\u6728\u7ebf\u4f5c\u4e3a\u63a9\u62a4\uff0c\u5982\u679c\u5b83\u4eec\u7684\u4f2a\u88c5\u7f51\u88ab\u98ce\u5439\u7ffb\uff0c\u5b83\u4eec\u5c31\u4f1a\u6210\u4e3a\u9776\u5b50\u3002", "events": [], "arguments": {"time": [], "loc": [], "country": [{"text": "\u4e2d\u56fd", "offset": 25, "length": 2}, {"text": "\u4e2d\u56fd", "offset": 56, "length": 2}], "weapon": [{"text": "\u5730\u7a7a\u5bfc\u5f39", "offset": 28, "length": 4}, {"text": "\u706b\u70ae", "offset": 33, "length": 2}]}}, {"sentence": "\u4ed6\u8bf4\uff1a\u201c\u2018\u9635\u98ce\u2019\u6218\u6597\u673a\u62e5\u6709\u5148\u8fdb\u7684\u5730\u5f62\u8ddf\u8e2a\u7cfb\u7edf\uff0c\u6b66\u5668\u547d\u4e2d\u7684\u6982\u7387\u8bef\u5dee\u53ea\u670910\u7c73\u3002", "events": [], "arguments": {"time": [], "loc": [], "country": [], "weapon": [{"text": "\u201c\u2018\u9635\u98ce\u2019\u6218\u6597\u673a", "offset": 3, "length": 8}]}}, {"sentence": "\u5c31\u50cf\u6211\u8fc7\u53bb\u8bf4\u7684\uff0c\u2018\u9635\u98ce\u2019\u6218\u6597\u673a\u6539\u53d8\u4e86\u6e38\u620f\u89c4\u5219\u3002", "events": [], "arguments": {"time": [], "loc": [], "country": [], "weapon": [{"text": "\u2018\u9635\u98ce\u2019\u6218\u6597\u673a", "offset": 8, "length": 7}]}}, {"sentence": "\u201d", "events": [], "arguments": {"time": [], "loc": [], "country": [], "weapon": []}}, {"sentence": "\u540c\u4e00\u5929\uff0c\u5370\u5ea6\u300a\u5370\u5ea6\u5feb\u62a5\u300b\u4e5f\u53d1\u5e03\u4e86\u4e00\u7bc7\u6807\u9898\u4e3a\u300a\u5370\u5ea6\u201c\u9635\u98ce\u201d\u6218\u6597\u673a\uff1a\u4ece\u901f\u5ea6\u5230\u6b66\u5668\u5e94\u6709\u5c3d\u6709\u300b\u7684\u62a5\u9053\uff0c\u540c\u6837\u5c06\u6b7c-20\u6218\u6597\u673a\u4f5c\u4e3a\u201c\u9635\u98ce\u201d\u6218\u6597\u673a\u7684\u6bd4\u8f83\u5bf9\u8c61\u3002", "events": [], "arguments": {"time": [], "loc": [], "country": [{"text": "\u5370\u5ea6", "offset": 4, "length": 2}, {"text": "\u5370\u5ea6", "offset": 7, "length": 2}, {"text": "\u5370\u5ea6", "offset": 22, "length": 2}], "weapon": [{"text": "\u6b7c-20\u6218\u6597\u673a", "offset": 50, "length": 7}]}}, {"sentence": "\u62a5\u9053\u79f0\uff0c\u201c\u9635\u98ce\u201d\u6218\u6597\u673a\u201c\u5728\u5b9e\u6218\u7ecf\u9a8c\u548c\u8f7d\u8377\u80fd\u529b\u65b9\u9762\u7684\u8868\u73b0\u90fd\u8981\u4f18\u4e8e\u6b7c-20\u201d\u3002", "events": [], "arguments": {"time": [], "loc": [], "country": [], "weapon": [{"text": "\u201c\u9635\u98ce\u201d\u6218\u6597\u673a", "offset": 4, "length": 7}, {"text": "\u6b7c-20", "offset": 31, "length": 4}]}}, {"sentence": "\u8be5\u5a92\u4f53\u8868\u793a\u6b7c-20\u867d\u7136\u88ab\u5916\u754c\u89c6\u4e3a\u7b2c\u4e94\u4ee3\u6218\u6597\u673a\uff0c\u4f46\u5e76\u6ca1\u6709\u5b9e\u6218\u7ecf\u9a8c\u3002", "events": [], "arguments": {"time": [], "loc": [], "country": [], "weapon": [{"text": "\u6b7c-20", "offset": 5, "length": 4}]}}, {"sentence": "\u800c\u201c\u9635\u98ce\u201d\u6218\u6597\u673a\u7684\u4f5c\u6218\u80fd\u529b\u5df2\u7ecf\u5728\u963f\u5bcc\u6c57\uff0c\u5229\u6bd4\u4e9a\u548c\u53d9\u5229\u4e9a\u7b49\u5730\u7684\u4efb\u52a1\u4e2d\u5f97\u5230\u4e86\u8bc1\u660e\u3002", "events": [], "arguments": {"time": [], "loc": [], "country": [{"text": "\u963f\u5bcc\u6c57", "offset": 16, "length": 3}, {"text": "\u5229\u6bd4\u4e9a", "offset": 20, "length": 3}, {"text": "\u53d9\u5229\u4e9a", "offset": 24, "length": 3}], "weapon": [{"text": "\u201c\u9635\u98ce\u201d\u6218\u6597\u673a", "offset": 1, "length": 7}]}}, {"sentence": "\u7531\u6b64\u5f97\u51fa\u201c\u9635\u98ce\u201d\u8981\u4f18\u4e8e\u6b7c-20\u7684\u7247\u9762\u7ed3\u8bba\u3002", "events": [], "arguments": {"time": [], "loc": [], "country": [], "weapon": [{"text": "\u201c\u9635\u98ce\u201d", "offset": 4, "length": 4}, {"text": "\u6b7c-20", "offset": 11, "length": 4}]}}, {"sentence": "\u5370\u5ea6\u5a92\u4f53\u6b64\u524d\u5c31\u66fe\u9f13\u5439\u201c\u9635\u98ce\u201d\u6218\u6597\u673a\u662f\u201c\u6e38\u620f\u89c4\u5219\u6539\u53d8\u8005\u201d\uff0c\u8fd8\u6709\u8fc7\u5728\u6f14\u4e60\u4e2d\u51fb\u8d25\u7f8e\u56fdF-22\u9690\u5f62\u6218\u6597\u673a\u7684\u201c\u8f89\u714c\u6218\u7ee9\u201d\uff0c\u56e0\u6b64\u5b83\u53ef\u4ee5\u6539\u53d8\u4e2d\u5370\u8fb9\u5883\u5730\u533a\u7684\u7a7a\u4e2d\u6218\u529b\u5e73\u8861\u3002", "events": [], "arguments": {"time": [], "loc": [{"text": "\u4e2d\u5370\u8fb9\u5883\u5730\u533a", "offset": 63, "length": 6}], "country": [{"text": "\u5370\u5ea6", "offset": 0, "length": 2}, {"text": "\u7f8e\u56fd", "offset": 37, "length": 2}], "weapon": [{"text": "F-22\u9690\u5f62\u6218\u6597\u673a", "offset": 39, "length": 9}, {"text": "\u201c\u9635\u98ce\u201d\u6218\u6597\u673a", "offset": 10, "length": 7}]}}, {"sentence": "\u4e0d\u8fc7\u4e2d\u56fd\u519b\u4e8b\u4e13\u5bb6\u5f20\u5b66\u5cf028\u65e5\u63a5\u53d7\u300a\u73af\u7403\u65f6\u62a5\u300b\u91c7\u8bbf\u65f6\u8868\u793a\uff0c\u201c\u9635\u98ce\u201d\u6218\u6597\u673a\u5728\u90e8\u5206\u4f5c\u6218\u6027\u80fd\u4e0a\u7684\u786e\u4f18\u4e8e\u5370\u5ea6\u7a7a\u519b\u73b0\u5f79\u4e3b\u529b\u6218\u673a\u82cf-30MKI\uff0c\u4f46\u5145\u5176\u91cf\u4e5f\u53ea\u80fd\u7b97\u9ad8\u51fa\u201c1/4\u4ee3\u201d\uff0c\u5e76\u65e0\u8d28\u7684\u63d0\u9ad8\u3002", "events": [], "arguments": {"time": [{"text": "28\u65e5", "offset": 11, "length": 3}], "loc": [], "country": [{"text": "\u4e2d\u56fd", "offset": 2, "length": 2}, {"text": "\u5370\u5ea6", "offset": 47, "length": 2}], "weapon": [{"text": "\u82cf-30MKI", "offset": 57, "length": 7}, {"text": "\u201c\u9635\u98ce\u201d\u6218\u6597\u673a", "offset": 28, "length": 7}]}}, {"sentence": "\u4e5f\u6709\u4e2d\u56fd\u4e13\u5bb6\u8868\u793a\uff0c\u5370\u519b\u7684\u201c\u9635\u98ce\u201d\u6218\u6597\u673a\u77ed\u671f\u5185\u5c1a\u65e0\u6cd5\u5f62\u6210\u4f5c\u6218\u80fd\u529b\uff0c\u8be5\u673a\u88c5\u5907\u4e86\u5148\u8fdb\u7684\u6709\u6e90\u76f8\u63a7\u9635\u96f7\u8fbe\u548c\u8fdc\u5c04\u7a0b\u7684\u201c\u6d41\u661f\u201d\u7a7a\u7a7a\u5bfc\u5f39\uff0c\u4f7f\u7528\u4e86\u90e8\u5206\u9690\u5f62\u6280\u672f\uff08\u4f46\u4e0d\u77e5\u9053\u51fa\u53e3\u5370\u5ea6\u7684\u201c\u9635\u98ce\u201d\u662f\u5426\u5177\u6709\u8be5\u6027\u80fd\uff09\uff0c\u4f46\u4ecd\u7136\u5c5e\u4e8e\u4e09\u4ee3\u673a\u8303\u7574\u3002", "events": [], "arguments": {"time": [], "loc": [], "country": [{"text": "\u4e2d\u56fd", "offset": 2, "length": 2}, {"text": "\u5370\u5ea6", "offset": 77, "length": 2}], "weapon": [{"text": "\u201c\u9635\u98ce\u201d\u6218\u6597\u673a", "offset": 12, "length": 7}, {"text": "\u63a7\u9635\u96f7\u8fbe", "offset": 0, "length": 4}, {"text": "\u201c\u6d41\u661f\u201d\u7a7a\u7a7a\u5bfc\u5f39", "offset": 52, "length": 8}]}}, {"sentence": "\u603b\u4f53\u6765\u770b\uff0c\u5370\u5ea6\u7a7a\u519b\u6218\u6597\u673a\u673a\u961f\u6700\u5927\u77ed\u677f\u5728\u4e8e\u6ca1\u6709\u88c5\u5907\u5177\u6709\u9690\u5f62\u80fd\u529b\u7684\u56db\u4ee3\u673a\u3002", "events": [], "arguments": {"time": [], "loc": [], "country": [{"text": "\u5370\u5ea6", "offset": 5, "length": 2}], "weapon": [{"text": "\u56db\u4ee3\u673a", "offset": 31, "length": 3}]}}, {"sentence": "\u524d\u6bb5\u65f6\u95f4\u5370\u5ea6\u7a7a\u519b\u516c\u5e03\u7684450\u67b6\u6218\u6597\u673a\u91c7\u8d2d\u6e05\u5355\u4e2d\uff0c\u53ea\u6709100\u67b6\u56fd\u4ea7\u7684\u201c\u5148\u8fdb\u4e2d\u578b\u6218\u6597\u673a\u201d\u7b97\u662f\u56db\u4ee3\u673a\uff0c\u4f46\u8be5\u673a\u76ee\u524d\u4ecd\u5728\u6982\u5ff5\u8bbe\u8ba1\u9636\u6bb5\uff0c\u88c5\u5907\u90e8\u961f\u9065\u9065\u65e0\u671f\u3002", "events": [], "arguments": {"time": [], "loc": [], "country": [{"text": "\u5370\u5ea6", "offset": 4, "length": 2}], "weapon": [{"text": "\u201c\u5148\u8fdb\u4e2d\u578b\u6218\u6597\u673a\u201d", "offset": 33, "length": 9}]}}]