[{"sentence": "\u592e\u89c6\u66dd\u5149055\u4e07\u5428\u5927\u9a71\u6700\u65b0\u753b\u9762\u00a0\u5728\u67d0\u6d77\u5c9b\u5916\u6f14\u7ec3\u5bf9\u5cb8\u4e0a\u76ee\u6807\u5c04\u51fb", "events": [], "arguments": {"time": [], "loc": [], "country": [], "weapon": [{"text": "\u5927\u9a71", "offset": 9, "length": 2}]}}, {"sentence": "\u3010\u73af\u7403\u7f51\u519b\u4e8b\u62a5\u9053\u3011", "events": [], "arguments": {"time": [], "loc": [], "country": [], "weapon": []}}, {"sentence": "\u636e\u201c\u4eba\u6c11\u6d77\u519b\u201d\u5b98\u65b9\u5fae\u535a7\u670829\u65e5\u53d1\u5e03\u7684\u6d88\u606f\uff0c\u6709\u4e00\u6bb5\u65f6\u95f4\u6ca1\u4eae\u76f8\u7684\u201c\u5357\u660c\u201d\u8230\uff0c\u8fd1\u671f\u516c\u5f00\u4e86\u4e00\u6bb5\u663c\u591c\u95f4\u4e3b\u70ae\u5bf9\u5cb8\u5c04\u51fb\u8bad\u7ec3\u753b\u9762\u3002", "events": [], "arguments": {"time": [{"text": "7\u670829\u65e5", "offset": 11, "length": 5}], "loc": [], "country": [], "weapon": [{"text": "\u201c\u5357\u660c\u201d\u8230", "offset": 31, "length": 5}]}}, {"sentence": "\u4ece\u89c6\u9891\u4e2d\u53ef\u4ee5\u770b\u5230\uff0c\u6d77\u4e0a\u6f02\u6d6e\u7740\u6d53\u96fe\uff0c\u89c6\u8ddd\u4e0d\u8db3\u767e\u7c73\uff0c\u4f46\u4f9d\u7136\u4e0d\u5f71\u54cd\u5176\u547d\u4e2d\u7387\u3002", "events": [], "arguments": {"time": [], "loc": [], "country": [], "weapon": []}}, {"sentence": "\u53e6\u636e\u592e\u89c6\u56fd\u9632\u519b\u4e8b\u9891\u9053\u201c\u6b63\u5348\u56fd\u9632\u519b\u4e8b\u201d\u8282\u76ee7\u670829\u65e5\u62a5\u9053\uff0c\u5317\u90e8\u6218\u533a\u6d77\u519b\u67d0\u8230\u8247\u8bad\u7ec3\u4e2d\u5fc3\u8fd1\u65e5\u7ec4\u7ec7\u201c\u5357\u660c\u201d\u8230\u7b493\u8258\u65b0\u578b\u8230\u8247\uff0c\u8fdb\u884c\u4e86\u8fde\u7eed10\u5929\u7684\u6d77\u4e0a\u8bad\u7ec3\u3002", "events": [], "arguments": {"time": [{"text": "7\u670829\u65e5", "offset": 20, "length": 5}], "loc": [{"text": "\u5317\u90e8\u6218\u533a\u6d77\u519b\u67d0\u8230\u8247\u8bad\u7ec3\u4e2d\u5fc3", "offset": 28, "length": 13}, {"text": "\u5317\u90e8\u6218\u533a", "offset": 28, "length": 4}, {"text": "\u6d77\u4e0a", "offset": 67, "length": 2}], "country": [], "weapon": [{"text": "\u201c\u5357\u660c\u201d\u8230", "offset": 45, "length": 5}]}}, {"sentence": "\u8fd9\u6b21\u8bad\u7ec3\u4e2d\uff0c055\u578b\u9996\u8258\u9a71\u9010\u8230\u201c\u5357\u660c\u201d\u8230\u8fdb\u884c\u4e86\u767d\u5929\u548c\u591c\u95f4\u4e3b\u70ae\u5bf9\u5cb8\u4e0a\u76ee\u6807\u5b9e\u5f39\u5c04\u51fb\u8bad\u7ec3\u3002", "events": [], "arguments": {"time": [], "loc": [], "country": [], "weapon": [{"text": "\u9a71\u9010\u8230\u201c\u5357\u660c\u201d\u8230", "offset": 12, "length": 8}]}}, {"sentence": "\u4e00\u6279\u65b0\u578b\u8230\u8247\u5b9e\u65bd\u591a\u79cd\u4f5c\u6218\u4efb\u52a1\u80fd\u529b\u5f97\u5230\u6709\u6548\u68c0\u9a8c\u3002", "events": [], "arguments": {"time": [], "loc": [], "country": [], "weapon": [{"text": "\u8230\u8247", "offset": 4, "length": 2}]}}, {"sentence": "\u62a5\u9053\u79f0\uff0c\u76db\u590f\u7684\u9ec4\u6d77\u6d77\u57df\u6c14\u5019\u590d\u6742\u591a\u53d8\uff0c\u7531\u201c\u5357\u660c\u201d\u8230\u3001\u201c\u6210\u90fd\u201d\u8230\u548c\u201c\u5927\u540c\u201d\u8230\u7ec4\u6210\u7684\u8230\u8247\u7f16\u961f\u79bb\u5f00\u9752\u5c9b\u67d0\u519b\u6e2f\u7801\u5934\u4e0d\u4e45\uff0c\u6d77\u9762\u5c31\u98d8\u8d77\u4e86\u6d53\u96fe\uff0c\u6d77\u4e0a\u89c6\u8ddd\u4e0d\u8db3\u767e\u7c73\u3002", "events": [], "arguments": {"time": [], "loc": [{"text": "\u9752\u5c9b\u67d0\u519b\u6e2f\u7801", "offset": 45, "length": 6}, {"text": "\u9ec4\u6d77\u6d77\u57df", "offset": 7, "length": 4}, {"text": "\u9752\u5c9b\u67d0\u519b\u6e2f\u7801\u5934", "offset": 45, "length": 7}, {"text": "\u6d77\u4e0a", "offset": 64, "length": 2}], "country": [], "weapon": [{"text": "\u201c\u5357\u660c\u201d\u8230", "offset": 19, "length": 5}, {"text": "\u201c\u6210\u90fd\u201d\u8230", "offset": 25, "length": 5}, {"text": "\u201c\u5927\u540c\u201d\u8230", "offset": 31, "length": 5}]}}, {"sentence": "\u4e09\u8258\u8230\u6309\u7167\u65e2\u5b9a\u8ba1\u5212\u5411\u9884\u5b9a\u6d77\u533a\u822a\u884c\uff0c\u5c55\u5f00\u590d\u6742\u6c14\u8c61\u6761\u4ef6\u4e0b\u7684\u591a\u8bfe\u76ee\u8bad\u7ec3\u3002", "events": [], "arguments": {"time": [], "loc": [], "country": [], "weapon": []}}, {"sentence": "\u5728\u6e24\u6d77\u6d77\u57df\u67d0\u6d77\u5c9b\u5916\uff0c\u201c\u5357\u660c\u201d\u8230\u8fdb\u884c\u7684\u662f\u5bf9\u5cb8\u4e0a\u76ee\u6807\u8fdb\u884c\u5c04\u51fb\u3002", "events": [], "arguments": {"time": [], "loc": [], "country": [], "weapon": [{"text": "\u201c\u5357\u660c\u201d\u8230", "offset": 10, "length": 5}]}}, {"sentence": "\u4e3b\u70ae\u662f\u8230\u8247\u7684\u91cd\u8981\u6b66\u5668\u88c5\u5907\u4e4b\u4e00\uff0c\u201c\u5357\u660c\u201d\u8230\u7684\u4e3b\u70ae\u96f7\u8fbe\u66f4\u5148\u8fdb\u3001\u7efc\u5408\u96c6\u6210\u5ea6\u66f4\u9ad8\u3001\u5a01\u529b\u66f4\u5f3a\u3002", "events": [], "arguments": {"time": [], "loc": [], "country": [], "weapon": [{"text": "\u201c\u5357\u660c\u201d\u8230", "offset": 15, "length": 5}]}}, {"sentence": "\u9501\u5b9a\u76ee\u6807\u540e\uff0c\u201c\u5357\u660c\u201d\u8230\u4e3b\u70ae\u7cbe\u786e\u547d\u4e2d\u3002", "events": [], "arguments": {"time": [], "loc": [], "country": [], "weapon": [{"text": "\u201c\u5357\u660c\u201d\u8230", "offset": 6, "length": 5}, {"text": "\u4e3b\u70ae", "offset": 0, "length": 2}]}}, {"sentence": "\u968f\u540e\u4e09\u8258\u8230\u8247\u7ec4\u6210\u7f16\u961f\u96c6\u4e2d\u706b\u529b\uff0c\u540c\u65f6\u5bf9\u5cb8\u4e0a\u76ee\u6807\u8fdb\u884c\u6253\u51fb\u3002", "events": [], "arguments": {"time": [], "loc": [], "country": [], "weapon": [{"text": "\u8230\u8247", "offset": 4, "length": 2}]}}, {"sentence": "\u665a\u4e0a8\u70b930\u5206\uff0c\u201c\u5357\u660c\u201d\u8230\u5c55\u5f00\u5355\u8230\u5bf9\u5cb8\u4e0a\u76ee\u6807\u7684\u5c04\u51fb\u8bad\u7ec3\u3002", "events": [{"trigger": {"text": "\u8bad\u7ec3", "offset": 25, "length": 2}, "subject": {"text": "\u201c\u5357\u660c\u201d\u8230", "offset": 8, "length": 5}, "object": {"text": "\u5355\u8230\u5bf9\u5cb8\u4e0a\u76ee\u6807\u7684\u5c04\u51fb", "offset": 15, "length": 10}}], "arguments": {"time": [{"text": "\u665a\u4e0a8\u70b930\u5206", "offset": 0, "length": 7}], "loc": [], "country": [], "weapon": [{"text": "\u201c\u5357\u660c\u201d\u8230", "offset": 8, "length": 5}]}}, {"sentence": "\u591c\u95f4\u5c04\u51fb\u5bf9\u4eba\u5458\u548c\u884c\u52a8\u8981\u6c42\u66f4\u9ad8\uff0c\u5b98\u5175\u5b9e\u65bd\u7784\u51c6\u548c\u89c2\u6d4b\u4e5f\u66f4\u52a0\u56f0\u96be\u3002", "events": [], "arguments": {"time": [], "loc": [], "country": [], "weapon": []}}, {"sentence": "\u89c6\u9891\u663e\u793a\uff0c\u5cb8\u4e0a\u7684\u76ee\u6807\u88ab\u6709\u6548\u51fb\u4e2d\u3002", "events": [], "arguments": {"time": [], "loc": [], "country": [], "weapon": []}}, {"sentence": "\u5728\u8fde\u7eed\u591a\u65e5\u7684\u6d77\u4e0a\u8bad\u7ec3\u4e2d\uff0c\u201c\u5357\u660c\u201d\u8230\u3001\u201c\u6210\u90fd\u201d\u8230\u548c\u201c\u5927\u540c\u201d\u8230\u8fd8\u8fdb\u884c\u4e86\u4e0e\u654c\u7a81\u7136\u906d\u9047\u6761\u4ef6\u4e0b\u5bf9\u6d77\u653b\u51fb\u3001\u7a7a\u4e2d\u5a01\u80c1\u6761\u4ef6\u4e0b\u5bf9\u6d77\u4f5c\u6218\u3001\u590d\u6742\u7535\u78c1\u73af\u5883\u4e0b\u5bfc\u5f39\u653b\u51fb\u548c\u9632\u7a7a\u53cd\u5bfc\u7b49\u8bfe\u76ee\u7684\u64cd\u6f14\u8bad\u7ec3\u3002", "events": [], "arguments": {"time": [], "loc": [{"text": "\u6d77\u4e0a", "offset": 6, "length": 2}], "country": [], "weapon": [{"text": "\u201c\u5357\u660c\u201d\u8230", "offset": 12, "length": 5}, {"text": "\u201c\u6210\u90fd\u201d\u8230", "offset": 18, "length": 5}, {"text": "\u201c\u5927\u540c\u201d\u8230", "offset": 24, "length": 5}]}}]