[{"sentence": "\u91c7\u8d2dF-35\u7684\u540c\u65f6\u8fd8\u5347\u7ea7\u65e7\u6218\u673a\u00a0\u65e5\u672c\u5c06\u4e0e\u7f8e\u56fd\u5408\u4f5c\u5347\u7ea7F-15J", "events": [{"trigger": {"text": "\u5347\u7ea7", "offset": 24, "length": 2}, "subject": {"text": "\u65e5\u672c\u5c06\u4e0e\u7f8e\u56fd\u5408\u4f5c", "offset": 16, "length": 8}, "object": {"text": "F-15J", "offset": 26, "length": 5}}], "arguments": {"time": [], "loc": [], "country": [{"text": "\u65e5\u672c", "offset": 16, "length": 2}, {"text": "\u7f8e\u56fd", "offset": 20, "length": 2}], "weapon": [{"text": "F-15", "offset": 26, "length": 4}]}}, {"sentence": "\u3010\u73af\u7403\u7f51\u62a5\u9053 \u89c1\u4e60\u8bb0\u8005 \u9a6c\u5ca9\u3011", "events": [], "arguments": {"time": [], "loc": [], "country": [], "weapon": []}}, {"sentence": "\u636e\u201c\u98de\u884c\u56fd\u9645\u201d\u7f51\u7ad97\u670829\u65e5\u62a5\u9053\uff0c\u7f8e\u56fd\u6ce2\u97f3\u516c\u53f8\u4e0e\u65e5\u672c\u4e09\u83f1\u91cd\u5de5\u65e5\u524d\u8fbe\u6210\u534f\u8bae\uff0c\u5408\u4f5c\u5347\u7ea7\u65e5\u672c\u822a\u7a7a\u81ea\u536b\u961f\u7684F-15J\u6218\u6597\u673a\u3002", "events": [], "arguments": {"time": [{"text": "7\u670829\u65e5", "offset": 9, "length": 5}], "loc": [{"text": "\u7f8e\u56fd", "offset": 17, "length": 2}, {"text": "\u7f8e\u56fd\u6ce2\u97f3\u516c\u53f8", "offset": 17, "length": 6}], "country": [{"text": "\u65e5\u672c", "offset": 41, "length": 2}, {"text": "\u7f8e\u56fd", "offset": 17, "length": 2}, {"text": "\u65e5\u672c", "offset": 24, "length": 2}], "weapon": [{"text": "F-15J\u6218\u6597\u673a", "offset": 49, "length": 8}]}}, {"sentence": "\u6839\u636e\u5408\u540c\uff0c\u6ce2\u97f3\u516c\u53f8\u5c06\u4e3a\u4e09\u83f1\u91cd\u5de5\u63d0\u4f9b\u6539\u9020\u56fe\u3001\u5730\u9762\u652f\u6301\u8bbe\u5907\u548c\u6280\u672f\u6307\u5bfc\uff0c\u4ee5\u534f\u52a9\u4e09\u83f1\u91cd\u5de5\u4ece2022\u5e74\u5f00\u59cb\u5347\u7ea798\u67b6F-15J\u6218\u6597\u673a\u3002", "events": [], "arguments": {"time": [{"text": "2022\u5e74", "offset": 41, "length": 5}], "loc": [], "country": [], "weapon": [{"text": "F-15J\u6218\u6597\u673a", "offset": 53, "length": 8}]}}, {"sentence": "\u6ce2\u97f3\u516c\u53f8\u8868\u793a\uff0c\u8fd9\u4e9b\u5347\u7ea7\u5c06\u5f15\u8fdb\u6700\u5148\u8fdb\u7684\u7535\u5b50\u6218\u7cfb\u7edf\u548c\u6b66\u5668\u3001\u5168\u65b0\u7684\u5148\u8fdb\u9a7e\u9a76\u5ea7\u8231\u3001\u4e16\u754c\u9886\u5148\u7684\u8ba1\u7b97\u673a\u7cfb\u7edf\uff0c\u4ee5\u53ca\u5148\u8fdb\u7684\u73af\u5883\u611f\u77e5\u7cfb\u7edf\u3002", "events": [], "arguments": {"time": [], "loc": [], "country": [], "weapon": []}}, {"sentence": "\u4e00\u5f20\u7531\u6ce2\u97f3\u516c\u53f8\u53d1\u5e03\u7684\u60f3\u8c61\u56fe\u663e\u793a\u4e00\u67b6F-15J\u642d\u8f7d\u77408\u679a\u96f7\u795e\u516c\u53f8\u751f\u4ea7\u7684\u4e2d\u8ddd\u7a7a\u5bf9\u7a7a\u5bfc\u5f39\u548c\u4e00\u679a\u6d1b\u514b\u5e0c\u5fb7\u2022\u9a6c\u4e01\u516c\u53f8\u751f\u4ea7\u7684AGM-158\u5bfc\u5f39\u3002", "events": [], "arguments": {"time": [], "loc": [], "country": [], "weapon": [{"text": "AGM-158\u5bfc\u5f39", "offset": 56, "length": 9}, {"text": "F-15J", "offset": 17, "length": 5}, {"text": "\u4e2d\u8ddd\u7a7a\u5bf9\u7a7a\u5bfc\u5f39", "offset": 34, "length": 7}]}}, {"sentence": "\u65e5\u672c\u4e3a\u5176F-15J\u6218\u6597\u673a\u8d2d\u4e70\u4e86\u53cd\u8230\u548c\u5bf9\u5730\u653b\u51fb\u578b\u4e24\u79cdAGM-158\u5bfc\u5f39\u3002", "events": [], "arguments": {"time": [], "loc": [], "country": [{"text": "\u65e5\u672c", "offset": 0, "length": 2}], "weapon": [{"text": "F-15J\u6218\u6597\u673a", "offset": 4, "length": 8}, {"text": "AGM-158\u5bfc\u5f39", "offset": 25, "length": 9}]}}, {"sentence": "\u4e3a\u4e86\u5bf9\u6218\u673a\u8fdb\u884c\u73b0\u4ee3\u5316\u5347\u7ea7\uff0c\u65e5\u672c\u653f\u5e9c\u63d0\u51fa\u91c7\u8d2d103\u5177\u201c\u96f7\u795e\u201d\u516c\u53f8\u751f\u4ea7\u7684APG-82\uff08v\uff091\u4e3b\u52a8\u7535\u5b50\u626b\u63cf\u76f8\u63a7\u9635\u96f7\u8fbe\uff0c116\u53f0\u6ce2\u97f3\u516c\u53f8\u751f\u4ea7\u7684\u9ad8\u7ea7\u663e\u793a\u4efb\u52a1\u7cfb\u7edf\u7535\u8111\uff0c\u4ee5\u53ca101\u5177\u82f1\u56fdBAE\u516c\u53f8\u751f\u4ea7\u7684ALQ-239\u6570\u5b57\u7535\u5b50\u6218\u7cfb\u7edf\u3002", "events": [], "arguments": {"time": [], "loc": [], "country": [{"text": "\u65e5\u672c", "offset": 13, "length": 2}, {"text": "\u82f1\u56fd", "offset": 84, "length": 2}], "weapon": [{"text": "APG-82\uff08v\uff091\u4e3b\u52a8\u7535\u5b50\u626b\u63cf\u76f8\u63a7\u9635\u96f7\u8fbe", "offset": 34, "length": 21}, {"text": "ALQ-239\u6570\u5b57\u7535\u5b50\u6218\u7cfb\u7edf", "offset": 94, "length": 14}]}}, {"sentence": "\u57282016\u5e74\u65e5\u672c\u822a\u7a7a\u5c55\u4e0a\uff0c\u65f6\u4efb\u6ce2\u97f3\u9632\u52a1\u4e3b\u7ba1\u5409\u7c73\u2022\u963f\u660e\u987f\u8868\u793a\uff0c\u65e5\u672c\u7684F-15J\u673a\u8eab\u5bff\u547d\u8fd8\u5f88\u957f\uff0c\u53ea\u8981\u52a0\u5165\u65b0\u6280\u672f\u8fdb\u884c\u5347\u7ea7\uff0c\u5c31\u80fd\u8ba9\u5176\u6027\u80fd\u5b9e\u73b0\u98de\u8dc3\u3002", "events": [], "arguments": {"time": [{"text": "2016\u5e74", "offset": 1, "length": 5}], "loc": [], "country": [{"text": "\u65e5\u672c", "offset": 6, "length": 2}, {"text": "\u65e5\u672c", "offset": 30, "length": 2}], "weapon": []}}, {"sentence": "\u6b64\u524d\uff0c\u7f8e\u56fd\u56fd\u52a1\u9662\u5df2\u7ecf\u540c\u610f\u5411\u65e5\u672c\u51fa\u53e3105\u67b6F-35\u201c\u95ea\u75352\u201d\u9690\u8eab\u6218\u6597\u673a\uff0c\u5408\u540c\u603b\u4ef7\u503c\u7ea6231.1\u4ebf\u7f8e\u5143\u3002", "events": [], "arguments": {"time": [], "loc": [], "country": [{"text": "\u7f8e\u56fd", "offset": 3, "length": 2}, {"text": "\u65e5\u672c", "offset": 13, "length": 2}], "weapon": [{"text": "F-35\u201c\u95ea\u75352\u201d\u9690\u8eab\u6218\u6597\u673a", "offset": 21, "length": 14}]}}, {"sentence": "\u65e5\u672c\u6240\u62e5\u6709\u7684F-35\u6218\u6597\u673a\u603b\u6570\u5c06\u8fbe147\u67b6\uff0c\u4ec5\u6b21\u4e8e\u7f8e\u56fd\u3002", "events": [], "arguments": {"time": [], "loc": [], "country": [{"text": "\u65e5\u672c", "offset": 0, "length": 2}, {"text": "\u7f8e\u56fd", "offset": 25, "length": 2}], "weapon": [{"text": "F-35\u6218\u6597\u673a", "offset": 6, "length": 7}]}}]