[{"sentence": "\u97e9\u5a92\uff1a\u7f8e\u519b\u201c\u9c7c\u9e70\u201d\u503e\u8f6c\u65cb\u7ffc\u673a\u7f55\u89c1\u73b0\u8eab\u97e9\u56fd\u4e1c\u90e8\u8fd1\u6d77", "events": [{"trigger": {"text": "\u73b0\u8eab", "offset": 16, "length": 2}, "subject": {"text": "\u7f8e\u519b\u201c\u9c7c\u9e70\u201d\u503e\u8f6c\u65cb\u7ffc\u673a", "offset": 3, "length": 11}, "object": {"text": "\u97e9\u56fd\u4e1c\u90e8\u8fd1\u6d77", "offset": 18, "length": 6}}], "arguments": {"time": [], "loc": [{"text": "\u97e9\u56fd\u4e1c\u90e8\u8fd1\u6d77", "offset": 18, "length": 6}], "country": [{"text": "\u7f8e", "offset": 3, "length": 1}, {"text": "\u97e9\u56fd", "offset": 18, "length": 2}], "weapon": [{"text": "\u201c\u9c7c\u9e70\u201d\u503e\u8f6c\u65cb\u7ffc\u673a", "offset": 5, "length": 9}]}}, {"sentence": "\u3010\u73af\u7403\u7f51\u519b\u4e8b\u62a5\u9053\u3011", "events": [], "arguments": {"time": [], "loc": [], "country": [], "weapon": []}}, {"sentence": "\u636e\u97e9\u8054\u793e7\u670829\u65e5\u62a5\u9053\uff0c\u7f8e\u519b27\u65e5\u51fa\u52a8B-1B\u201c\u67aa\u9a91\u5175\u201d\u8f70\u70b8\u673a\u5728\u65e5\u672c\u8fd1\u6d77\u53c2\u4e0e\u7f8e\u65e5\u8054\u5408\u6f14\u4e60\uff0c\u4e00\u67b6\u4ece\u65e5\u672c\u8d77\u98de\u7684CV-22B\u201c\u9c7c\u9e70\u201d\u503e\u8f6c\u65cb\u7ffc\u673a28\u65e5\u7f55\u89c1\u98de\u4e34\u97e9\u56fd\u4e1c\u90e8\u7684\u5e86\u5c1a\u5317\u9053\u6d66\u9879\u5e02\u8fd1\u6d77\u3002", "events": [], "arguments": {"time": [{"text": "27\u65e5", "offset": 14, "length": 3}, {"text": "7\u670829\u65e5", "offset": 4, "length": 5}], "loc": [{"text": "\u65e5\u672c\u8fd1\u6d77", "offset": 32, "length": 4}, {"text": "\u5e86\u5c1a\u5317\u9053\u6d66\u9879\u5e02\u8fd1\u6d77", "offset": 80, "length": 9}], "country": [{"text": "\u65e5\u672c", "offset": 48, "length": 2}, {"text": "\u97e9\u56fd", "offset": 75, "length": 2}], "weapon": [{"text": "CV-22B\u201c\u9c7c\u9e70\u201d\u503e\u8f6c\u65cb\u7ffc\u673a", "offset": 53, "length": 15}, {"text": "B-1B\u201c\u67aa\u9a91\u5175\u201d\u8f70\u70b8\u673a", "offset": 19, "length": 12}]}}, {"sentence": "\u7f8e\u56fd\u592a\u5e73\u6d0b\u7a7a\u519b\u53f8\u4ee4\u90e829\u65e5\u8868\u793a\uff0c\u7f8e\u519b\u7684\u4e24\u67b6B-1B\u201c\u67aa\u9a91\u5175\u201d\u8f70\u70b8\u673a\u4ece\u5173\u5c9b\u5b89\u5fb7\u68ee\u7a7a\u519b\u57fa\u5730\u8d77\u98de\uff0c27\u65e5\u5728\u65e5\u672c\u8fd1\u6d77\u4e0e\u65e5\u672c\u822a\u7a7a\u81ea\u536b\u961f\u7684\u4e24\u67b6F-2\u6218\u6597\u673a\u8fdb\u884c\u8054\u5408\u6f14\u4e60\u3002", "events": [], "arguments": {"time": [{"text": "29\u65e5", "offset": 10, "length": 3}, {"text": "27\u65e5", "offset": 46, "length": 3}], "loc": [{"text": "\u592a\u5e73\u6d0b", "offset": 2, "length": 3}, {"text": "\u5173\u5c9b\u5b89\u5fb7\u68ee\u7a7a\u519b\u57fa\u5730", "offset": 34, "length": 9}, {"text": "\u65e5\u672c\u8fd1\u6d77", "offset": 50, "length": 4}], "country": [{"text": "\u7f8e\u56fd", "offset": 0, "length": 2}, {"text": "\u65e5\u672c", "offset": 50, "length": 2}, {"text": "\u65e5\u672c", "offset": 55, "length": 2}], "weapon": [{"text": "B-1B\u201c\u67aa\u9a91\u5175\u201d\u8f70\u70b8\u673a", "offset": 21, "length": 12}, {"text": "F-2\u6218\u6597\u673a", "offset": 65, "length": 6}]}}, {"sentence": "\u901a\u8fc7\u6b64\u6b21\u4e24\u56fd\u6218\u673a\u7684\u8054\u6f14\u63d0\u5347\u4e86\u76df\u56fd\u4e4b\u95f4\u4f5c\u6218\u7cfb\u7edf\u7684\u4e92\u64cd\u4f5c\u6027\uff0c\u5de9\u56fa\u4e86\u8054\u5408\u9632\u536b\u6001\u52bf\u3002", "events": [], "arguments": {"time": [], "loc": [], "country": [], "weapon": [{"text": "\u6218\u673a", "offset": 6, "length": 2}]}}, {"sentence": "\u592a\u5e73\u6d0b\u7a7a\u519b\u53f8\u4ee4\u90e8\u8868\u793a\uff0c\u6839\u636e\u7f8e\u56fd\u7684\u56fd\u9632\u6218\u7565\uff0c\u4e3a\u63d0\u5347\u7f8e\u519b\u8f70\u70b8\u673a\u4f5c\u6218\u8ba1\u5212\u7684\u4e0d\u53ef\u9884\u6d4b\u6027\uff0c\u5c06\u5176\u90e8\u7f72\u5728\u8ddd\u79bb\u672c\u571f\u8f83\u8fdc\u7684\u5370\u592a\u5730\u533a\u3002", "events": [], "arguments": {"time": [], "loc": [{"text": "\u592a\u5e73\u6d0b", "offset": 0, "length": 3}, {"text": "\u5370\u592a\u5730\u533a", "offset": 52, "length": 4}], "country": [{"text": "\u7f8e\u56fd", "offset": 13, "length": 2}], "weapon": [{"text": "\u8f70\u70b8\u673a", "offset": 26, "length": 3}]}}, {"sentence": "\u53e6\u636e\u98de\u673a\u52a8\u5411\u8ffd\u8e2a\u7f51\u7ad9\u201cNo callsign\u201d\u6d88\u606f\uff0c\u4e00\u67b6\u4ece\u65e5\u672c\u8d77\u98de\u7684\u7f8e\u56fd\u7a7a\u519b\u7279\u79cd\u4f5c\u6218\u53f8\u4ee4\u90e8\uff08AFSOC\uff09\u7684CV-22B\u201c\u9c7c\u9e70\u201d\u503e\u8f6c\u65cb\u7ffc\u673a28\u65e5\u5728\u5e86\u5c1a\u5317\u9053\u6d66\u9879\u5e02\u8fd1\u6d77\u4e0a\u7a7a\u6267\u98de\u3002", "events": [], "arguments": {"time": [], "loc": [{"text": "\u5e86\u5c1a\u5317\u9053\u6d66\u9879\u5e02\u8fd1\u6d77\u4e0a\u7a7a", "offset": 72, "length": 11}], "country": [{"text": "\u65e5\u672c", "offset": 29, "length": 2}, {"text": "\u7f8e\u56fd", "offset": 34, "length": 2}], "weapon": [{"text": "CV-22B\u201c\u9c7c\u9e70\u201d\u503e\u8f6c\u65cb\u7ffc\u673a", "offset": 53, "length": 15}]}}, {"sentence": "\u8be5\u503e\u8f6c\u65cb\u7ffc\u673a\u4ece\u65e5\u672c\u8d77\u98de\u5728\u97e9\u56fd\u8fd1\u6d77\u98de\u884c\u7684\u60c5\u51b5\u5341\u5206\u7f55\u89c1\u3002", "events": [], "arguments": {"time": [], "loc": [], "country": [{"text": "\u65e5\u672c", "offset": 7, "length": 2}, {"text": "\u97e9\u56fd", "offset": 12, "length": 2}], "weapon": [{"text": "\u503e\u8f6c\u65cb\u7ffc\u673a", "offset": 1, "length": 5}]}}, {"sentence": "\u636e\u6089\uff0cCV-22B\u201c\u9c7c\u9e70\u201d\u503e\u8f6c\u65cb\u7ffc\u673a\u88c5\u8f7d\u62e5\u6709\u5b9a\u5411\u8ffd\u8e2a\u3001\u7a7a\u5bf9\u5730\u8ddd\u79bb\u6d4b\u91cf\u3001\u6c14\u8c61\u63a2\u6d4b\u7b498\u79cd\u529f\u80fd\u7684AN/APQ-186\u96f7\u8fbe\u3002", "events": [], "arguments": {"time": [], "loc": [], "country": [], "weapon": [{"text": "CV-22B\u201c\u9c7c\u9e70\u201d\u503e\u8f6c\u65cb\u7ffc\u673a", "offset": 3, "length": 15}, {"text": "AN/APQ-186\u96f7\u8fbe", "offset": 45, "length": 12}]}}, {"sentence": "\u8be5\u673a\u66fe\u4e8e2018\u5e744\u6708\u97e9\u7f8e\u201c\u9e5e\u9e70\u201d\u519b\u6f14\u671f\u95f4\u5728\u4eac\u757f\u9053\u5e73\u6cfd\u5e02\u4e4c\u5c71\u7a7a\u519b\u57fa\u5730\u7740\u9646\u3002", "events": [], "arguments": {"time": [{"text": "2018\u5e744\u6708", "offset": 4, "length": 7}], "loc": [{"text": "\u4eac\u757f\u9053\u5e73\u6cfd\u5e02\u4e4c\u5c71\u7a7a\u519b\u57fa\u5730", "offset": 22, "length": 12}], "country": [{"text": "\u7f8e", "offset": 12, "length": 1}], "weapon": []}}]