[{"sentence": "\u7f8e\u5a92\uff1a\u97e9\u56fd\u8ba1\u5212\u8d2d\u4e7020\u67b6F-35B\u6218\u673a\u00a0\u900f\u9732\u51fa\u8981\u5efa\u9020\u822a\u6bcd\u5f3a\u70c8\u4fe1\u53f7", "events": [], "arguments": {"time": [], "loc": [], "country": [{"text": "\u7f8e", "offset": 0, "length": 1}, {"text": "\u97e9\u56fd", "offset": 3, "length": 2}], "weapon": [{"text": "F-35B\u6218\u673a", "offset": 12, "length": 7}]}}, {"sentence": "\u3010\u73af\u7403\u7f51\u62a5\u9053 \u8bb0\u8005 \u5f90\u7490\u660e\u3011", "events": [], "arguments": {"time": [], "loc": [], "country": [], "weapon": []}}, {"sentence": "\u7f8e\u5a92\u79f0\u97e9\u56fd\u8ba1\u5212\u8d2d\u4e7020\u67b6F-35B\u6218\u6597\u673a\uff0c\u800c\u8fd9\u900f\u9732\u51fa\u4e86\u97e9\u56fd\u63a8\u8fdb\u822a\u6bcd\u7814\u5236\u7684\u91cd\u8981\u4fe1\u53f7\u3002", "events": [{"trigger": {"text": "\u8d2d\u4e70", "offset": 7, "length": 2}, "subject": {"text": "\u97e9\u56fd\u8ba1\u5212", "offset": 3, "length": 4}, "object": {"text": "20\u67b6F-35B\u6218\u6597\u673a", "offset": 9, "length": 11}}], "arguments": {"time": [], "loc": [{"text": "\u97e9\u56fd", "offset": 27, "length": 2}], "country": [{"text": "\u7f8e", "offset": 0, "length": 1}, {"text": "\u97e9\u56fd", "offset": 3, "length": 2}, {"text": "\u97e9\u56fd", "offset": 27, "length": 2}], "weapon": [{"text": "F-35B\u6218\u6597\u673a", "offset": 12, "length": 8}]}}, {"sentence": "\u636e\u7f8e\u56fd\u300a\u798f\u5e03\u65af\u300b\u6742\u5fd7\u7f51\u7ad97\u670827\u65e5\u62a5\u9053\uff0c\u97e9\u56fd\u8ba1\u5212\u8d2d\u4e7020\u67b6F-35B\u9690\u5f62\u6218\u6597\u673a\uff0c\u5c55\u793a\u97e9\u56fd\u6b63\u5728\u63a8\u8fdb\u8f7b\u578b\u822a\u6bcd\u7814\u5236\u7684\u4e00\u4e2a\u5f3a\u70c8\u4fe1\u53f7\u3002", "events": [], "arguments": {"time": [{"text": "7\u670827\u65e5", "offset": 12, "length": 5}], "loc": [], "country": [{"text": "\u97e9\u56fd", "offset": 42, "length": 2}, {"text": "\u7f8e\u56fd", "offset": 1, "length": 2}, {"text": "\u97e9\u56fd", "offset": 20, "length": 2}], "weapon": [{"text": "F-35B\u9690\u5f62\u6218\u6597\u673a", "offset": 29, "length": 10}]}}, {"sentence": "\u4f46\u62a5\u9053\u8ba4\u4e3a\uff0c\u5bf9\u4e8e\u97e9\u56fd\u800c\u8a00\uff0c\u5efa\u9020\u822a\u6bcd\u4f3c\u4e4e\u662f\u4e00\u4e2a\u5947\u602a\u7684\u3001\u751a\u81f3\u4e0d\u660e\u667a\u7684\u6295\u8d44\u51b3\u5b9a\u3002", "events": [], "arguments": {"time": [], "loc": [], "country": [{"text": "\u97e9\u56fd", "offset": 8, "length": 2}], "weapon": [{"text": "\u822a\u6bcd", "offset": 15, "length": 2}]}}, {"sentence": "\u957f\u671f\u4ee5\u6765\uff0c\u97e9\u56fd\u5c06\u5927\u91cf\u519b\u4e8b\u8d44\u6e90\u6295\u5165\u5230\u4e86\u5730\u9762\u4f5c\u6218\u548c\u8fd1\u8ddd\u79bb\u7a7a\u4e2d\u652f\u63f4\u80fd\u529b\u65b9\u9762\uff0c\u91cd\u70b9\u7814\u53d1\u5766\u514b\u3001\u88c5\u7532\u8f66\u8f86\u3001\u706b\u70ae\u3001\u653b\u51fb\u76f4\u5347\u673a\u548c\u7cbe\u786e\u5236\u5bfc\u5bfc\u5f39\u7b49\u3002", "events": [], "arguments": {"time": [], "loc": [], "country": [{"text": "\u97e9\u56fd", "offset": 5, "length": 2}], "weapon": [{"text": "\u5766\u514b", "offset": 39, "length": 2}, {"text": "\u88c5\u7532\u8f66\u8f86", "offset": 42, "length": 4}, {"text": "\u706b\u70ae", "offset": 47, "length": 2}, {"text": "\u653b\u51fb\u76f4\u5347\u673a", "offset": 50, "length": 5}, {"text": "\u7cbe\u786e\u5236\u5bfc\u5bfc\u5f39", "offset": 56, "length": 6}]}}, {"sentence": "\u76ee\u524d\u97e9\u56fd\u62e5\u67092.9\u4e07\u4eba\u7684\u6d77\u519b\u9646\u6218\u961f\u90e8\u961f\uff0c\u88c5\u5907\u4e862\u8258\u201c\u72ec\u5c9b\u201d\u7ea7\u76f4\u5347\u673a\u822a\u6bcd\u30018\u8258\u73b0\u4ee3\u5316\u7684\u9a71\u9010\u8230\u548c\u4e00\u652f\u6c14\u57ab\u767b\u9646\u8247\u961f\u6765\u652f\u63f4\u6d77\u519b\u9646\u6218\u961f\u4f5c\u6218\u3002", "events": [], "arguments": {"time": [], "loc": [], "country": [{"text": "\u97e9\u56fd", "offset": 2, "length": 2}], "weapon": [{"text": "\u201c\u72ec\u5c9b\u201d\u7ea7\u76f4\u5347\u673a\u822a\u6bcd", "offset": 25, "length": 10}, {"text": "\u9a71\u9010\u8230", "offset": 42, "length": 3}]}}, {"sentence": "\u4f46\u5982\u679c\u7f8e\u97e9\u4e24\u519b\u9700\u8981\u5b9e\u65bd\u8054\u5408\u767b\u9646\uff0c\u4ed6\u4eec\u5c31\u9700\u8981\u6709\u7a7a\u4e2d\u63a9\u62a4\u3002", "events": [], "arguments": {"time": [], "loc": [], "country": [{"text": "\u7f8e", "offset": 3, "length": 1}, {"text": "\u97e9", "offset": 4, "length": 1}], "weapon": []}}, {"sentence": "\u9646\u57fa\u6218\u6597\u673a\u53ef\u4ee5\u4e3a\u4e24\u6816\u767b\u9646\u4f5c\u6218\u63d0\u4f9b\u652f\u63f4\uff0c\u4f46\u5982\u679c\u4e24\u6816\u4f5c\u6218\u90e8\u961f\u81ea\u5df1\u5c31\u914d\u5907\u6709\u6218\u6597\u673a\uff0c\u76f4\u63a5\u5728\u6d77\u5cb8\u9644\u8fd1\u884c\u52a8\u652f\u63f4\u767b\u9646\u90e8\u961f\uff0c\u8fd9\u5c06\u66f4\u4e3a\u6709\u6548\u3002", "events": [], "arguments": {"time": [], "loc": [], "country": [], "weapon": [{"text": "\u9646\u57fa\u6218\u6597\u673a", "offset": 0, "length": 5}, {"text": "\u6218\u6597\u673a", "offset": 34, "length": 3}]}}, {"sentence": "\u8fd9\u5c31\u662f\u4e3a\u4ec0\u4e48\u7f8e\u56fd\u6d77\u519b\u7814\u53d1\u4e86\u201c\u7f8e\u5229\u575a\u201d\u7ea7\u4e24\u6816\u653b\u51fb\u8230\uff0c\u4e13\u95e8\u62e5\u6709\u642d\u8f7d\u5927\u91cfF-35B\u6218\u6597\u673a\u3002", "events": [], "arguments": {"time": [], "loc": [], "country": [{"text": "\u7f8e\u56fd", "offset": 6, "length": 2}], "weapon": [{"text": "\u201c\u7f8e\u5229\u575a\u201d\u7ea7\u4e24\u6816\u653b\u51fb\u8230", "offset": 13, "length": 11}, {"text": "F-35B\u6218\u6597\u673a", "offset": 33, "length": 8}]}}, {"sentence": "\u62a5\u9053\u79f0\uff0c\u97e9\u56fd\u5df2\u7ecf\u51b3\u5b9a\u5c06F-35\u6218\u6597\u673a\u88c5\u5907\u5230\u4e24\u6816\u4f5c\u6218\u90e8\u961f\u4e2d\uff0c\u57282019\u5e74\u5ba3\u5e03\u5c06\u5efa\u9020\u4e00\u8258\u6392\u6c34\u91cf\u8fbe3\u4e07\u5428\u7684\u201c\u72ec\u5c9b\u201d\u7ea7\u6539\u8fdb\u578b\u4e24\u6816\u653b\u51fb\u8230\uff08LPH-II\uff09\u3002", "events": [], "arguments": {"time": [{"text": "2019\u5e74", "offset": 30, "length": 5}], "loc": [], "country": [{"text": "\u97e9\u56fd", "offset": 4, "length": 2}], "weapon": [{"text": "F-35\u6218\u6597\u673a", "offset": 11, "length": 7}, {"text": "\u201c\u72ec\u5c9b\u201d\u7ea7\u6539\u8fdb\u578b\u4e24\u6816\u653b\u51fb\u8230\uff08LPH-II\uff09", "offset": 50, "length": 21}]}}, {"sentence": "\u8fd9\u6b3e\u519b\u8230\u6bd4\u7f8e\u56fd\u7684\u201c\u7f8e\u5229\u575a\u201d\u7ea7\u4e24\u6816\u653b\u51fb\u8230\u7565\u5c0f\uff0c\u4f46\u5927\u81f4\u4e0e\u65e5\u672c\u7684\u201c\u51fa\u4e91\u201d\u7ea7\u51c6\u822a\u6bcd\u76f8\u5f53\u3002", "events": [], "arguments": {"time": [], "loc": [], "country": [{"text": "\u7f8e\u56fd", "offset": 5, "length": 2}, {"text": "\u65e5\u672c", "offset": 26, "length": 2}], "weapon": [{"text": "\u201c\u7f8e\u5229\u575a\u201d\u7ea7\u4e24\u6816\u653b\u51fb\u8230", "offset": 8, "length": 11}, {"text": "\u201c\u51fa\u4e91\u201d\u7ea7\u51c6\u822a\u6bcd", "offset": 29, "length": 8}]}}, {"sentence": "\u62a5\u9053\u79f0\uff0c\u8fd9\u6b3e\u97e9\u56fd\u6539\u8fdb\u578b\u4e24\u6816\u653b\u51fb\u8230\u53ef\u4ee5\u642d\u8f7d\u591a\u8fbe16\u67b6F-35B\u3002", "events": [], "arguments": {"time": [], "loc": [], "country": [{"text": "\u97e9\u56fd", "offset": 6, "length": 2}], "weapon": [{"text": "\u6539\u8fdb\u578b\u4e24\u6816\u653b\u51fb\u8230", "offset": 8, "length": 8}, {"text": "F-35B", "offset": 25, "length": 5}]}}, {"sentence": "\u73b0\u5728\u8d8a\u6765\u8d8a\u660e\u786e\u7684\u662f\uff0c\u9996\u5c14\u65b9\u9762\u4e5f\u89c9\u5f97\u8fd9\u4e48\u505a\u3002", "events": [], "arguments": {"time": [], "loc": [], "country": [], "weapon": []}}, {"sentence": "\u4f46\u5c1a\u4e0d\u6e05\u695a\u7684\u662f\u8be5\u9879\u76ee\u7684\u6210\u672c\uff0c\u201c\u72ec\u5c9b\u201d\u7ea7\u7684\u9020\u4ef7\u7ea6\u4e3a3\u4ebf\u7f8e\u5143\uff0c\u800cLPH-II\u7684\u9020\u4ef7\u53ef\u80fd\u662f\u8fd9\u4e2a\u6570\u5b57\u7684\u4e24\u500d\u3002", "events": [], "arguments": {"time": [], "loc": [], "country": [], "weapon": [{"text": "\u201c\u72ec\u5c9b\u201d\u7ea7", "offset": 14, "length": 5}, {"text": "LPH-II", "offset": 30, "length": 6}]}}]