[{"sentence": "\u4f0a\u6717\u4e3a\u6a21\u62df\u201c\u6253\u822a\u6bcd\u201d\u505a\u51c6\u5907\uff1f", "events": [], "arguments": {"time": [], "loc": [], "country": [{"text": "\u4f0a\u6717", "offset": 0, "length": 2}], "weapon": []}}, {"sentence": "\u00a0 \u5916\u5a92\uff1a\u53ef\u80fd\u501f\u6b64\u5411\u7f8e\u56fd\u793a\u5a01", "events": [], "arguments": {"time": [], "loc": [], "country": [{"text": "\u7f8e\u56fd", "offset": 10, "length": 2}], "weapon": []}}, {"sentence": "\u3010\u73af\u7403\u65f6\u62a5\u62a5\u9053\u8bb0\u8005 \u77f3\u7559\u98ce\u3011", "events": [], "arguments": {"time": [], "loc": [], "country": [], "weapon": []}}, {"sentence": "\u98de\u884c\u7532\u677f\u4e0a\u6574\u9f50\u505c\u653e16\u67b6\u201c\u6218\u6597\u673a\u201d\u3001\u5916\u5f62\u9177\u4f3c\u7f8e\u56fd\u201c\u5c3c\u7c73\u5179\u201d\u7ea7\u8d85\u7ea7\u822a\u6bcd\u7684\u4e00\u8258\u5947\u602a\u8230\u8247\u8fd1\u65e5\u51fa\u73b0\u5728\u970d\u5c14\u6728\u5179\u6d77\u5ce1\u3002", "events": [], "arguments": {"time": [], "loc": [{"text": "\u970d\u5c14\u6728\u5179\u6d77\u5ce1", "offset": 46, "length": 6}], "country": [{"text": "\u7f8e\u56fd", "offset": 22, "length": 2}], "weapon": [{"text": "\u201c\u6218\u6597\u673a", "offset": 12, "length": 4}, {"text": "\u201c\u5c3c\u7c73\u5179\u201d\u7ea7\u8d85\u7ea7\u822a\u6bcd", "offset": 24, "length": 10}, {"text": "\u8230\u8247", "offset": 39, "length": 2}]}}, {"sentence": "\u65f6\u503c\u7f8e\u56fd\u4e0e\u4f0a\u6717\u5173\u7cfb\u7d27\u5f20\u4e4b\u9645\uff0c\u4f0a\u6717\u5c06\u8fd9\u8258\u957f\u7ea6200\u7c73\u7684\u201c\u8d85\u7ea7\u822a\u6bcd\u201d\u62d6\u5230\u4e2d\u4e1c\u5173\u952e\u7684\u6d77\u4e0a\u6218\u7565\u8981\u9053\u5f15\u53d1\u5916\u754c\u731c\u6d4b\u3002", "events": [], "arguments": {"time": [], "loc": [{"text": "\u4e2d\u4e1c", "offset": 34, "length": 2}, {"text": "\u6d77\u4e0a", "offset": 39, "length": 2}], "country": [{"text": "\u7f8e\u56fd", "offset": 2, "length": 2}, {"text": "\u4f0a\u6717", "offset": 5, "length": 2}, {"text": "\u4f0a\u6717", "offset": 14, "length": 2}], "weapon": [{"text": "\u201c\u8d85\u7ea7\u822a\u6bcd\u201d", "offset": 26, "length": 6}]}}, {"sentence": "\u591a\u5bb6\u5916\u5a92\u8ba4\u4e3a\uff0c\u4f0a\u6717\u5f88\u53ef\u80fd\u4f1a\u901a\u8fc7\u201c\u6253\u822a\u6bcd\u201d\u5b9e\u5f39\u5c04\u51fb\u6f14\u4e60\u5411\u7f8e\u56fd\u793a\u5a01\u3002", "events": [{"trigger": {"text": "\u6f14\u4e60", "offset": 24, "length": 2}, "subject": {"text": "\u4f0a\u6717\u5f88\u53ef\u80fd\u4f1a\u901a\u8fc7\u201c\u6253\u822a\u6bcd\u201d\u5b9e\u5f39\u5c04\u51fb", "offset": 7, "length": 17}, "object": {"text": "\u5411\u7f8e\u56fd\u793a\u5a01", "offset": 26, "length": 5}}], "arguments": {"time": [], "loc": [], "country": [{"text": "\u4f0a\u6717", "offset": 7, "length": 2}, {"text": "\u7f8e\u56fd", "offset": 27, "length": 2}], "weapon": []}}, {"sentence": "\u7f8e\u56fd\u5e7f\u64ad\u516c\u53f8\u7f51\u7ad927\u65e5\u79f0\uff0c\u8fd1\u65e5\u62cd\u6444\u7684\u5546\u4e1a\u536b\u661f\u7167\u7247\u663e\u793a\uff0c\u4f0a\u6717\u5df2\u7ecf\u7528\u62d6\u8239\u628a\u8fd9\u8258\u4eff\u771f\u822a\u6bcd\u4ece\u6ce2\u65af\u6e7e\u963f\u5df4\u65af\u6e2f\u62d6\u81f3\u970d\u5c14\u6728\u5179\u6d77\u5ce1\uff0c\u4f3c\u4e4e\u5728\u4e3a\u6a21\u62df\u201c\u51fb\u6c89\u7f8e\u56fd\u822a\u6bcd\u201d\u505a\u51c6\u5907\u3002", "events": [], "arguments": {"time": [{"text": "27\u65e5", "offset": 8, "length": 3}], "loc": [{"text": "\u6ce2\u65af\u6e7e\u963f\u5df4\u65af\u6e2f", "offset": 42, "length": 7}, {"text": "\u970d\u5c14\u6728\u5179\u6d77\u5ce1", "offset": 51, "length": 6}], "country": [{"text": "\u4f0a\u6717", "offset": 27, "length": 2}, {"text": "\u7f8e\u56fd", "offset": 0, "length": 2}, {"text": "\u7f8e\u56fd", "offset": 67, "length": 2}], "weapon": [{"text": "\u822a\u6bcd", "offset": 69, "length": 2}]}}, {"sentence": "\u201c\u5c3c\u7c73\u5179\u201d\u7ea7\u822a\u6bcd\u957f\u5ea6\u8d85\u8fc7300\u7c73\u3001\u5bbd\u5ea6\u8d85\u8fc775\u7c73\uff0c\u800c\u4f0a\u6717\u4eff\u771f\u822a\u6bcd\u957f\u7ea6200\u7c73\uff0c\u5bbd\u7ea650\u7c73\uff0c\u53ea\u6709\u524d\u8005\u76842/3\u3002", "events": [], "arguments": {"time": [], "loc": [], "country": [{"text": "\u4f0a\u6717", "offset": 26, "length": 2}], "weapon": [{"text": "\u201c\u5c3c\u7c73\u5179\u201d\u7ea7\u822a\u6bcd", "offset": 0, "length": 8}]}}, {"sentence": "\u4eff\u771f\u822a\u6bcd\u7532\u677f\u4e0a\u8fd8\u505c\u670916\u67b6\u6218\u6597\u673a\u6a21\u578b\uff0c\u5f88\u50cf\u7f8e\u6d77\u519b\u201c\u8d85\u7ea7\u5927\u9ec4\u8702\u201d\u6218\u673a\u3002", "events": [], "arguments": {"time": [], "loc": [], "country": [{"text": "\u7f8e", "offset": 21, "length": 1}], "weapon": [{"text": "\u201c\u8d85\u7ea7\u5927\u9ec4\u8702\u201d\u6218\u673a", "offset": 24, "length": 9}]}}, {"sentence": "\u7f8e\u8054\u793e\u79f0\uff0c\u8fd9\u5df2\u4e0d\u662f\u4f0a\u6717\u7b2c\u4e00\u6b21\u6a21\u62df\u201c\u6253\u822a\u6bcd\u201d\u3002", "events": [], "arguments": {"time": [], "loc": [], "country": [{"text": "\u4f0a\u6717", "offset": 9, "length": 2}], "weapon": []}}, {"sentence": "\u57282015\u5e742\u6708\u7684\u201c\u4f1f\u5927\u5148\u77e5-9\u53f7\u201d\u6f14\u4e60\u4e2d\uff0c\u4f0a\u6717\u66fe\u51fa\u52a8100\u591a\u8258\u5feb\u8247\uff0c\u7528\u673a\u67aa\u548c\u706b\u7bad\u5f39\u626b\u5c04\u7c7b\u4f3c\u7684\u4eff\u771f\u822a\u6bcd\uff0c\u5e76\u6700\u7ec8\u7528\u53cd\u8230\u5bfc\u5f39\u5c06\u5176\u51fb\u6c89\u3002", "events": [], "arguments": {"time": [{"text": "2015\u5e742\u6708", "offset": 1, "length": 7}], "loc": [], "country": [{"text": "\u4f0a\u6717", "offset": 22, "length": 2}], "weapon": [{"text": "\u5feb\u8247", "offset": 32, "length": 2}, {"text": "\u673a\u67aa", "offset": 36, "length": 2}, {"text": "\u706b\u7bad\u5f39", "offset": 39, "length": 3}, {"text": "\u822a\u6bcd", "offset": 49, "length": 2}, {"text": "\u53cd\u8230\u5bfc\u5f39", "offset": 56, "length": 4}]}}, {"sentence": "\u62a5\u9053\u63d0\u5230\uff0c\u4f0a\u6717\u6f14\u7ec3\u201c\u6253\u822a\u6bcd\u201d\u7684\u65f6\u673a\u975e\u5e38\u5de7\u5999\u3002", "events": [], "arguments": {"time": [], "loc": [], "country": [{"text": "\u4f0a\u6717", "offset": 5, "length": 2}], "weapon": []}}, {"sentence": "\u7f8e\u519b\u201c\u5c3c\u7c73\u5179\u201d\u53f7\u822a\u6bcd\u4e0a\u5468\u521a\u4ece\u5370\u5ea6\u6d0b\u8fdb\u5165\u4e2d\u4e1c\u6c34\u57df\uff0c\u5f88\u53ef\u80fd\u7a7f\u8d8a\u970d\u5c14\u6728\u5179\u6d77\u5ce1\uff0c\u66ff\u6362\u5728\u963f\u62c9\u4f2f\u6d77\u5de1\u822a\u7684\u201c\u827e\u68ee\u8c6a\u5a01\u5c14\u201d\u53f7\u822a\u6bcd\u3002", "events": [], "arguments": {"time": [{"text": "\u4e0a\u5468", "offset": 10, "length": 2}], "loc": [{"text": "\u5370\u5ea6\u6d0b", "offset": 14, "length": 3}, {"text": "\u4e2d\u4e1c\u6c34\u57df", "offset": 19, "length": 4}, {"text": "\u970d\u5c14\u6728\u5179\u6d77\u5ce1", "offset": 29, "length": 6}, {"text": "\u963f\u62c9\u4f2f\u6d77", "offset": 39, "length": 4}], "country": [{"text": "\u7f8e", "offset": 0, "length": 1}], "weapon": [{"text": "\u201c\u5c3c\u7c73\u5179\u201d\u53f7\u822a\u6bcd", "offset": 2, "length": 8}, {"text": "\u201c\u827e\u68ee\u8c6a\u5a01\u5c14\u201d\u53f7\u822a\u6bcd", "offset": 46, "length": 10}]}}, {"sentence": "\u62a5\u9053\u63a8\u6d4b\uff0c\u4f0a\u6717\u8fd9\u6b21\u6f14\u7ec3\u201c\u6253\u822a\u6bcd\u201d\uff0c\u53ef\u80fd\u662f\u4e3a\u56de\u5e94\u8fd1\u65e5\u7f8e\u519b\u6218\u673a\u903c\u8fd1\u201c\u62e6\u622a\u201d\u4f0a\u6717\u5ba2\u673a\u7684\u5371\u9669\u52a8\u4f5c\u3002", "events": [], "arguments": {"time": [], "loc": [], "country": [{"text": "\u4f0a\u6717", "offset": 5, "length": 2}, {"text": "\u4f0a\u6717", "offset": 35, "length": 2}], "weapon": [{"text": "\u822a\u6bcd", "offset": 13, "length": 2}, {"text": "\u6218\u673a", "offset": 27, "length": 2}, {"text": "\u673a", "offset": 0, "length": 1}]}}, {"sentence": "\u7f8e\u56fd\u6d77\u519b\u7b2c\u4e94\u8230\u961f\u53d1\u8a00\u4eba\u4e3d\u8d1d\u5361\u00b7\u96f7\u5df4\u91cc\u5947\u8868\u793a\uff0c\u7f8e\u65b9\u4e0d\u6e05\u695a\u4f0a\u6717\u5efa\u9020\u4f7f\u7528\u822a\u6bcd\u6a21\u578b\u7684\u610f\u56fe\uff0c\u4e5f\u4e0d\u60f3\u8ba8\u8bba\u4f0a\u6717\u6f14\u7ec3\u201c\u6253\u822a\u6bcd\u201d\u5e0c\u671b\u83b7\u5f97\u4ec0\u4e48\u6837\u7684\u6218\u672f\u4ef7\u503c\uff0c\u201c\u7f8e\u519b\u6709\u4fe1\u5fc3\u5e94\u5bf9\u4efb\u4f55\u6d77\u4e0a\u5a01\u80c1\u201d\u3002", "events": [], "arguments": {"time": [], "loc": [{"text": "\u6d77\u4e0a", "offset": 78, "length": 2}], "country": [{"text": "\u7f8e\u56fd", "offset": 0, "length": 2}, {"text": "\u7f8e\u65b9", "offset": 22, "length": 2}, {"text": "\u4f0a\u6717", "offset": 27, "length": 2}, {"text": "\u4f0a\u6717", "offset": 46, "length": 2}], "weapon": []}}, {"sentence": "\u7f8e\u56fd\u201c\u6218\u533a\u201d\u7f51\u7ad9\u8ba4\u4e3a\uff0c\u4f0a\u6717\u62e5\u6709\u591a\u79cd\u6253\u822a\u6bcd\u624b\u6bb5\uff0c\u65e2\u5305\u62ec\u5cb8\u57fa\u53cd\u8230\u5f39\u9053\u5bfc\u5f39\u548c\u53cd\u8230\u5de1\u822a\u5bfc\u5f39\u3001\u5c0f\u578b\u5e38\u89c4\u6f5c\u8247\u3001\u91cd\u578b\u6c34\u96f7\u7b49\u4f20\u7edf\u53cd\u822a\u6bcd\u5de5\u5177\uff0c\u4e5f\u5305\u62ec\u4eca\u5e745\u6708\u65b0\u5c55\u793a\u7684\u65e0\u4eba\u6f5c\u8247\u3001\u9065\u63a7\u81ea\u6740\u5c0f\u8247\u7b49\u65b0\u578b\u5e73\u53f0\u3002", "events": [], "arguments": {"time": [{"text": "\u4eca\u5e745\u6708", "offset": 65, "length": 4}], "loc": [], "country": [{"text": "\u7f8e\u56fd", "offset": 0, "length": 2}, {"text": "\u4f0a\u6717", "offset": 11, "length": 2}], "weapon": [{"text": "\u5cb8\u57fa\u53cd\u8230\u5f39\u9053\u5bfc\u5f39", "offset": 26, "length": 8}, {"text": "\u53cd\u8230\u5de1\u822a\u5bfc\u5f39", "offset": 35, "length": 6}, {"text": "\u5c0f\u578b\u5e38\u89c4\u6f5c\u8247", "offset": 42, "length": 6}, {"text": "\u91cd\u578b\u6c34\u96f7", "offset": 49, "length": 4}, {"text": "\u65e0\u4eba\u6f5c\u8247", "offset": 73, "length": 4}, {"text": "\u9065\u63a7\u81ea\u6740\u5c0f\u8247", "offset": 78, "length": 6}]}}, {"sentence": "\u5982\u679c\u4f0a\u6717\u518d\u6b21\u6f14\u7ec3\u201c\u6253\u822a\u6bcd\u201d\uff0c\u53ef\u80fd\u65e8\u5728\u8bc4\u4f30\u548c\u5c55\u793a\u5176\u5728\u6ce2\u65af\u6e7e\u7684\u591a\u6837\u5316\u6d77\u6218\u80fd\u529b\uff0c\u5411\u7f8e\u56fd\u4f20\u9012\u5a01\u6151\u4fe1\u53f7\u3002", "events": [], "arguments": {"time": [], "loc": [{"text": "\u6ce2\u65af\u6e7e", "offset": 25, "length": 3}], "country": [{"text": "\u4f0a\u6717", "offset": 2, "length": 2}, {"text": "\u7f8e\u56fd", "offset": 38, "length": 2}], "weapon": [{"text": "\u822a\u6bcd", "offset": 10, "length": 2}]}}, {"sentence": "\u300a\u8230\u8f7d\u6b66\u5668\u300b\u6267\u884c\u4e3b\u7f16\u77f3\u5b8f28\u65e5\u544a\u8bc9\u300a\u73af\u7403\u65f6\u62a5\u300b\uff0c\u4f0a\u6717\u518d\u6b21\u6f14\u7ec3\u201c\u6253\u822a\u6bcd\u201d\uff0c\u8c61\u5f81\u610f\u4e49\u5927\u4e8e\u5b9e\u8d28\u610f\u4e49\u3002", "events": [], "arguments": {"time": [{"text": "28\u65e5", "offset": 12, "length": 3}], "loc": [], "country": [{"text": "\u4f0a\u6717", "offset": 24, "length": 2}], "weapon": [{"text": "\u822a\u6bcd", "offset": 32, "length": 2}]}}, {"sentence": "\u7f8e\u519b\u822a\u6bcd\u51fa\u822a\u65f6\u5934\u9876\u6709\u9884\u8b66\u673a\u4fa6\u5bdf\u9884\u8b66\uff0c\u8eab\u65c1\u6709\u5927\u91cf\u7684\u62a4\u822a\u8230\u8247\uff0c\u6c34\u4e0b\u8fd8\u6709\u6838\u6f5c\u8247\u62a4\u536b\uff0c\u6784\u6210\u76f8\u5bf9\u5b8c\u5584\u7684\u9632\u7a7a\u3001\u53cd\u6f5c\u3001\u53cd\u8230\u706b\u529b\u7f51\uff0c\u5177\u6709\u8f83\u9ad8\u7684\u6297\u9971\u548c\u653b\u51fb\u80fd\u529b\u3002", "events": [], "arguments": {"time": [], "loc": [], "country": [{"text": "\u7f8e", "offset": 0, "length": 1}], "weapon": [{"text": "\u822a\u6bcd", "offset": 2, "length": 2}, {"text": "\u9884\u8b66\u673a", "offset": 10, "length": 3}, {"text": "\u62a4\u822a\u8230\u8247", "offset": 24, "length": 4}, {"text": "\u6838\u6f5c\u8247", "offset": 33, "length": 3}]}}, {"sentence": "\u4f0a\u6717\u6f14\u7ec3\u201c\u6253\u822a\u6bcd\u201d\u7684\u624b\u6bb5\uff0c\u5b9e\u8d28\u662f\u4f9d\u9760\u7b80\u5355\u7684\u5bf9\u6d77\u653b\u51fb\u624b\u6bb5\u6253\u51fb\u9759\u6b62\u3001\u5b64\u7acb\u72b6\u6001\u7684\u822a\u6bcd\u9776\u8230\uff0c\u5b9e\u6218\u9488\u5bf9\u6027\u5e76\u4e0d\u662f\u5f88\u5f3a\u3002", "events": [], "arguments": {"time": [], "loc": [], "country": [{"text": "\u4f0a\u6717", "offset": 0, "length": 2}], "weapon": [{"text": "\u822a\u6bcd\u9776\u8230", "offset": 37, "length": 4}]}}, {"sentence": "\u77f3\u5b8f\u4e5f\u63d0\u5230\uff0c\u7f8e\u822a\u6bcd\u5728\u6ce2\u65af\u6e7e\u6d77\u57df\u5185\u822a\u884c\u65f6\uff0c\u673a\u52a8\u6027\u4f1a\u53d7\u5230\u4e00\u5b9a\u9650\u5236\uff0c\u5982\u679c\u4f0a\u6717\u5efa\u7acb\u6709\u5b8c\u5584\u7684\u5929\u57fa\u3001\u6d77\u57fa\u3001\u5cb8\u57fa\u4fa6\u5bdf\u89c2\u7784\u7cfb\u7edf\uff0c\u4e5f\u53ef\u4ee5\u7528\u65e0\u4eba\u6f5c\u8247\u3001\u65e0\u4eba\u6c34\u9762\u8247\u3001\u53cd\u8230\u5bfc\u5f39\u4e3a\u88ad\u6270\u624b\u6bb5\uff0c\u53d1\u6325\u5cb8\u57fa\u5f39\u9053\u5bfc\u5f39\u7684\u8fdc\u8ddd\u79bb\u5c04\u7a0b\u4f18\u52bf\uff0c\u5bf9\u7f8e\u822a\u6bcd\u53d1\u52a8\u8fde\u7eed\u7a81\u9632\u6253\u51fb\uff0c\u4f46\u8fd9\u79cd\u5bf9\u7f8e\u519b\u822a\u6bcd\u6784\u6210\u5b9e\u6218\u5a01\u80c1\u7684\u5fc5\u6740\u6280\u95e8\u69db\u8f83\u9ad8\uff0c\u9700\u8981\u957f\u671f\u7684\u6280\u672f\u79ef\u7d2f\u548c\u9488\u5bf9\u8bad\u7ec3\u3002", "events": [], "arguments": {"time": [], "loc": [], "country": [{"text": "\u4f0a\u6717", "offset": 33, "length": 2}], "weapon": [{"text": "\u65e0\u4eba\u6f5c\u8247", "offset": 60, "length": 4}, {"text": "\u65e0\u4eba\u6c34\u9762\u8247", "offset": 65, "length": 5}, {"text": "\u53cd\u8230\u5bfc\u5f39", "offset": 71, "length": 4}, {"text": "\u5cb8\u57fa\u5f39\u9053\u5bfc\u5f39", "offset": 83, "length": 6}]}}]