[{"sentence": "\u5370\u5ea6\u6b22\u547c\u9996\u6279\u201c\u9635\u98ce\u201d\u6218\u673a\u56de\u56fd\uff0c\u771f\u5b9e\u6218\u529b\u5230\u5e95\u5982\u4f55\uff1f", "events": [], "arguments": {"time": [], "loc": [], "country": [{"text": "\u5370\u5ea6", "offset": 0, "length": 2}], "weapon": [{"text": "\u201c\u9635\u98ce\u201d\u6218\u673a", "offset": 6, "length": 6}]}}, {"sentence": "\u3010\u73af\u7403\u65f6\u62a5\u7279\u7ea6\u8bb0\u8005 \u674e\u5f3a\u3011", "events": [], "arguments": {"time": [], "loc": [], "country": [], "weapon": []}}, {"sentence": "\u5370\u5ea6\u7a7a\u519b\u671f\u76fc\u5df2\u4e45\u7684\u6cd5\u5236\u201c\u9635\u98ce\u201d\u6218\u6597\u673a\u7ec8\u4e8e\u5230\u8d27\u4e86\u3002", "events": [], "arguments": {"time": [], "loc": [], "country": [{"text": "\u5370\u5ea6", "offset": 0, "length": 2}], "weapon": [{"text": "\u201c\u9635\u98ce\u201d\u6218\u6597\u673a", "offset": 11, "length": 7}]}}, {"sentence": "\u7f8e\u56fd\u300a\u9632\u52a1\u65b0\u95fb\u300b27\u65e5\u79f0\uff0c\u5370\u5ea6\u8ba2\u8d2d\u7684\u9996\u62795\u67b6\u201c\u9635\u98ce\u201d\u6218\u6597\u673a\u5df2\u4e8e27\u65e5\u4ece\u6cd5\u56fd\u8d77\u98de\uff0c\u5c06\u4e8e29\u65e5\u62b5\u8fbe\u4f4d\u4e8e\u65b0\u5fb7\u91cc\u4ee5\u5317125\u82f1\u91cc\u5904\u7684\u5b89\u5df4\u62c9\u7a7a\u519b\u57fa\u5730\u3002", "events": [], "arguments": {"time": [{"text": "27\u65e5", "offset": 31, "length": 3}, {"text": "27\u65e5", "offset": 8, "length": 3}, {"text": "29\u65e5", "offset": 42, "length": 3}], "loc": [{"text": "\u6cd5\u56fd", "offset": 35, "length": 2}, {"text": "\u65b0\u5fb7\u91cc", "offset": 49, "length": 3}, {"text": "\u5b89\u5df4\u62c9\u7a7a\u519b\u57fa\u5730", "offset": 61, "length": 7}], "country": [{"text": "\u5370\u5ea6", "offset": 13, "length": 2}, {"text": "\u7f8e\u56fd", "offset": 0, "length": 2}, {"text": "\u6cd5\u56fd", "offset": 35, "length": 2}], "weapon": [{"text": "\u201c\u9635\u98ce\u201d\u6218\u6597\u673a", "offset": 22, "length": 7}]}}, {"sentence": "\u8fd9\u79cd\u5148\u8fdb\u6218\u673a\u8ba9\u5370\u5ea6\u5a92\u4f53\u6df1\u611f\u9a84\u50b2\uff0c\u751a\u81f3\u9f13\u5439\u5b83\u53ef\u4ee5\u6539\u53d8\u4e2d\u5370\u8fb9\u5883\u5730\u533a\u7684\u7a7a\u4e2d\u6218\u529b\u5e73\u8861\u3002", "events": [], "arguments": {"time": [], "loc": [{"text": "\u4e2d\u5370\u8fb9\u5883\u5730\u533a", "offset": 25, "length": 6}], "country": [{"text": "\u5370\u5ea6", "offset": 7, "length": 2}], "weapon": []}}, {"sentence": "\u4f46\u201c\u9635\u98ce\u201d\u7684\u771f\u5b9e\u6218\u529b\u5230\u5e95\u5982\u4f55\uff1f", "events": [], "arguments": {"time": [], "loc": [], "country": [], "weapon": [{"text": "\u201c\u9635\u98ce\u201d", "offset": 1, "length": 4}]}}, {"sentence": "\u62a5\u9053\u79f0\uff0c\u8fd9\u6279\u201c\u9635\u98ce\u201d\u6218\u673a\u4ece\u6cd5\u56fd\u57ce\u5e02\u6ce2\u5c14\u591a\u7684\u7a7a\u519b\u57fa\u5730\u8d77\u98de\uff0c\u603b\u822a\u7a0b\u8d85\u8fc77000\u516c\u91cc\uff0c\u5176\u95f4\u5c06\u7531\u7a7a\u5ba2A330MRTT\u52a0\u6cb9\u673a\u8fdb\u884c\u7a7a\u4e2d\u52a0\u6cb9\uff0c\u5e76\u5728\u963f\u8054\u914b\u7684\u57fa\u5730\u505c\u7559\uff0c\u6700\u7ec8\u4e8e29\u65e5\u62b5\u8fbe\u5370\u5ea6\u5883\u5185\u7684\u5b89\u5df4\u62c9\u7a7a\u519b\u57fa\u5730\u3002", "events": [], "arguments": {"time": [{"text": "29\u65e5", "offset": 78, "length": 3}], "loc": [{"text": "\u6ce2\u5c14\u591a\u7684\u7a7a\u519b\u57fa\u5730", "offset": 17, "length": 8}, {"text": "\u5b89\u5df4\u62c9\u7a7a\u519b\u57fa\u5730", "offset": 88, "length": 7}], "country": [{"text": "\u6cd5\u56fd", "offset": 13, "length": 2}, {"text": "\u963f\u8054\u914b", "offset": 66, "length": 3}, {"text": "\u5370\u5ea6", "offset": 83, "length": 2}], "weapon": [{"text": "\u7a7a\u5ba2A330MRTT\u52a0\u6cb9\u673a", "offset": 44, "length": 13}, {"text": "\u201c\u9635\u98ce\u201d\u6218\u673a", "offset": 6, "length": 6}]}}, {"sentence": "\u9a7e\u9a76\u6218\u673a\u7684\u5370\u5ea6\u98de\u884c\u5458\u5728\u6cd5\u56fd\u63a5\u53d7\u4e86\u8fd1\u4e09\u5e74\u7684\u98de\u884c\u8bad\u7ec3\uff0c\u521d\u6b65\u5177\u5907\u4f5c\u6218\u80fd\u529b\u3002", "events": [], "arguments": {"time": [], "loc": [], "country": [{"text": "\u5370\u5ea6", "offset": 5, "length": 2}, {"text": "\u6cd5\u56fd", "offset": 11, "length": 2}], "weapon": [{"text": "\u6218\u673a", "offset": 2, "length": 2}]}}, {"sentence": "\u6cd5\u56fd\u65b9\u9762\u8868\u793a\uff0c\u5df2\u5982\u671f\u5b8c\u621010\u67b6\u6218\u673a\u7684\u4ea4\u4ed8\u5de5\u4f5c\uff0c\u4f46\u5176\u4e2d5\u67b6\u5c06\u7559\u5728\u6cd5\u56fd\u63a5\u53d7\u8bad\u7ec3\u3002", "events": [], "arguments": {"time": [], "loc": [], "country": [{"text": "\u6cd5\u56fd", "offset": 0, "length": 2}, {"text": "\u6cd5\u56fd", "offset": 31, "length": 2}], "weapon": [{"text": "\u6218\u673a", "offset": 15, "length": 2}]}}, {"sentence": "\u5370\u5ea6\u8ba2\u8d2d\u7684\u6240\u670936\u67b6\u6218\u673a\u7684\u4ea4\u4ed8\u5c06\u57282021\u5e74\u5e95\u5b8c\u6210\u3002", "events": [{"trigger": {"text": "\u8ba2\u8d2d", "offset": 2, "length": 2}, "subject": {"text": "\u5370\u5ea6", "offset": 0, "length": 2}, "object": {"text": "36\u67b6\u6218\u673a", "offset": 7, "length": 5}}], "arguments": {"time": [{"text": "2021\u5e74\u5e95", "offset": 17, "length": 6}], "loc": [], "country": [{"text": "\u5370\u5ea6", "offset": 0, "length": 2}], "weapon": [{"text": "\u6218\u673a", "offset": 10, "length": 2}]}}, {"sentence": "\u300a\u5370\u5ea6\u7ecf\u6d4e\u65f6\u62a5\u300b\u79f0\uff0c\u7b2c\u4e00\u4e2a\u201c\u9635\u98ce\u201d\u6218\u673a\u4e2d\u961f\u62df\u9a7b\u624e\u5728\u5b89\u5df4\u62c9\u7a7a\u519b\u57fa\u5730\uff0c\u6b63\u5f0f\u670d\u5f79\u4eea\u5f0f\u5c06\u4e8e8\u6708\u4e2d\u65ec\u4e3e\u884c\u3002", "events": [], "arguments": {"time": [{"text": "8\u6708\u4e2d\u65ec", "offset": 41, "length": 4}], "loc": [{"text": "\u5b89\u5df4\u62c9\u7a7a\u519b\u57fa\u5730", "offset": 25, "length": 7}], "country": [{"text": "\u5370\u5ea6", "offset": 1, "length": 2}], "weapon": [{"text": "\u201c\u9635\u98ce\u201d\u6218\u673a", "offset": 13, "length": 6}]}}, {"sentence": "\u5370\u5ea6\u5b98\u65b9\u4eba\u58eb\u900f\u9732\uff0c\u9274\u4e8e\u5370\u4e2d\u8fb9\u754c\u4e89\u7aef\uff0c\u201c\u9635\u98ce\u201d\u6218\u673a\u670d\u5f79\u540e\u53ef\u80fd\u4f1a\u90e8\u7f72\u5728\u201c\u62c9\u8fbe\u514b\u5730\u533a\u201d\u3002", "events": [], "arguments": {"time": [], "loc": [{"text": "\u5370\u4e2d\u8fb9\u754c", "offset": 11, "length": 4}, {"text": "\u201c\u62c9\u8fbe\u514b\u5730\u533a\u201d", "offset": 33, "length": 7}], "country": [{"text": "\u5370\u5ea6", "offset": 0, "length": 2}], "weapon": [{"text": "\u201c\u9635\u98ce\u201d\u6218\u673a", "offset": 18, "length": 6}]}}, {"sentence": "\u62a5\u9053\u79f0\uff0c\u9664\u5bfc\u5f39\u7cfb\u7edf\u5916\uff0c\u201c\u9635\u98ce\u201d\u6218\u6597\u673a\u8fd8\u9488\u5bf9\u5370\u5ea6\u7684\u9700\u6c42\u8fdb\u884c\u201c\u8ba2\u5236\u5316\u6539\u88c5\u201d\uff0c\u5305\u62ec\u4f7f\u7528\u4ee5\u8272\u5217\u7684\u5934\u76d4\u663e\u793a\u5668\u3001\u96f7\u8fbe\u544a\u8b66\u63a5\u6536\u673a\u3001\u4f4e\u9891\u6bb5\u5e72\u6270\u673a\u3001\u7ea2\u5916\u641c\u7d22\u548c\u8ddf\u8e2a\u7cfb\u7edf\u7b49\u3002", "events": [], "arguments": {"time": [], "loc": [], "country": [{"text": "\u5370\u5ea6", "offset": 21, "length": 2}, {"text": "\u4ee5\u8272\u5217", "offset": 40, "length": 3}], "weapon": [{"text": "\u201c\u9635\u98ce\u201d\u6218\u6597\u673a", "offset": 11, "length": 7}, {"text": "\u96f7\u8fbe\u544a\u8b66\u63a5\u6536\u673a", "offset": 50, "length": 7}, {"text": "\u4f4e\u9891\u6bb5\u5e72\u6270\u673a", "offset": 58, "length": 6}]}}, {"sentence": "\u5370\u5ea6\u5a92\u4f53\u9f13\u5439\u201c\u9635\u98ce\u201d\u6218\u6597\u673a\u662f\u201c\u6e38\u620f\u89c4\u5219\u6539\u53d8\u8005\u201d\uff0c\u8fd8\u6709\u8fc7\u5728\u6f14\u4e60\u4e2d\u51fb\u8d25\u7f8e\u56fdF-22\u9690\u5f62\u6218\u6597\u673a\u7684\u201c\u8f89\u714c\u6218\u7ee9\u201d\uff0c\u56e0\u6b64\u5b83\u53ef\u4ee5\u6539\u53d8\u4e2d\u5370\u8fb9\u5883\u5730\u533a\u7684\u7a7a\u4e2d\u6218\u529b\u5e73\u8861\u3002", "events": [], "arguments": {"time": [], "loc": [{"text": "\u4e2d\u5370\u8fb9\u5883\u5730\u533a", "offset": 59, "length": 6}], "country": [{"text": "\u5370\u5ea6", "offset": 0, "length": 2}, {"text": "\u7f8e\u56fd", "offset": 33, "length": 2}], "weapon": [{"text": "\u201c\u9635\u98ce\u201d\u6218\u6597\u673a", "offset": 6, "length": 7}, {"text": "F-22\u9690\u5f62\u6218\u6597\u673a", "offset": 35, "length": 9}]}}, {"sentence": "\u4e0d\u8fc7\u4e2d\u56fd\u519b\u4e8b\u4e13\u5bb6\u5f20\u5b66\u5cf028\u65e5\u63a5\u53d7\u300a\u73af\u7403\u65f6\u62a5\u300b\u91c7\u8bbf\u65f6\u8868\u793a\uff0c\u201c\u9635\u98ce\u201d\u6218\u6597\u673a\u5728\u90e8\u5206\u4f5c\u6218\u6027\u80fd\u4e0a\u7684\u786e\u4f18\u4e8e\u5370\u5ea6\u7a7a\u519b\u73b0\u5f79\u4e3b\u529b\u6218\u673a\u82cf-30MKI\uff0c\u4f46\u5145\u5176\u91cf\u4e5f\u53ea\u80fd\u7b97\u9ad8\u51fa\u201c1/4\u4ee3\u201d\uff0c\u5e76\u65e0\u8d28\u7684\u63d0\u9ad8\u3002", "events": [], "arguments": {"time": [{"text": "28\u65e5", "offset": 11, "length": 3}], "loc": [], "country": [{"text": "\u4e2d\u56fd", "offset": 2, "length": 2}, {"text": "\u5370\u5ea6", "offset": 47, "length": 2}], "weapon": [{"text": "\u201c\u9635\u98ce\u201d\u6218\u6597\u673a", "offset": 28, "length": 7}, {"text": "\u82cf-30MKI", "offset": 57, "length": 7}]}}, {"sentence": "\u5f20\u5b66\u5cf0\u8ba4\u4e3a\uff0c\u76f8\u5bf9\u4e8e\u82cf-30MKI\uff0c\u201c\u9635\u98ce\u201d\u4e3b\u8981\u4f18\u52bf\u6709\u4e09\u70b9\uff1a\u4e00\u662f\u4f7f\u7528\u6709\u6e90\u76f8\u63a7\u9635\u96f7\u8fbe\uff0c\u6027\u80fd\u660e\u663e\u4f18\u4e8e\u82cf-30MKI\u7684\u65e9\u671f\u65e0\u6e90\u76f8\u63a7\u9635\u96f7\u8fbe\uff1b\u4e8c\u662f\u673a\u8f7d\u6b66\u5668\u66f4\u5148\u8fdb\uff0c\u914d\u5907\u7684\u201c\u6d41\u661f\u201d\u7a7a\u7a7a\u5bfc\u5f39\u6bd4\u5370\u5ea6\u7a7a\u519b\u4f7f\u7528\u7684\u4fc4\u5236R-77\u548c\u4ee5\u8272\u5217\u201c\u5fb7\u6bd4\u201d\u7a7a\u7a7a\u5bfc\u5f39\u5c04\u7a0b\u66f4\u8fdc\uff1b\u4e09\u662f\u91c7\u7528\u4e86\u9690\u5f62\u6d82\u5c42\u3001\u5ea7\u8231\u76d6\u91d1\u5c5e\u9540\u819c\u3001S\u578b\u8fdb\u6c14\u9053\u7b49\u9690\u5f62\u6280\u672f\u3002", "events": [], "arguments": {"time": [], "loc": [], "country": [{"text": "\u5370\u5ea6", "offset": 87, "length": 2}, {"text": "\u4ee5\u8272\u5217", "offset": 101, "length": 3}], "weapon": [{"text": "\u82cf-30MKI", "offset": 47, "length": 7}, {"text": "\u96f7\u8fbe", "offset": 0, "length": 2}, {"text": "\u201c\u6d41\u661f\u201d\u7a7a\u7a7a\u5bfc\u5f39", "offset": 78, "length": 8}, {"text": "R-77", "offset": 96, "length": 4}, {"text": "\u201c\u5fb7\u6bd4\u201d\u7a7a\u7a7a\u5bfc\u5f39", "offset": 104, "length": 8}]}}, {"sentence": "\u5f20\u5b66\u5cf0\u8ba4\u4e3a\uff0c\u201c\u9635\u98ce\u201d\u867d\u7136\u6bd4\u5341\u51e0\u5e74\u524d\u88c5\u5907\u7684\u82cf-30MKI\u5148\u8fdb\uff0c\u4f46\u4e0e\u56fd\u9645\u4e0a\u76f8\u7ee7\u5217\u88c5\u7684\u5176\u4ed6\u4e09\u4ee3\u534a\u6218\u673a\u76f8\u6bd4\uff0c\u57fa\u672c\u5904\u4e8e\u540c\u4e00\u6c34\u51c6\uff0c\u66f4\u96be\u4ee5\u548c\u5177\u5907\u9690\u5f62\u80fd\u529b\u7684\u56db\u4ee3\u673a\u5bf9\u6297\u3002", "events": [], "arguments": {"time": [], "loc": [], "country": [], "weapon": [{"text": "\u201c\u9635\u98ce\u201d", "offset": 6, "length": 4}, {"text": "\u82cf-30MKI", "offset": 20, "length": 7}]}}, {"sentence": "\u6709\u5206\u6790\u8ba4\u4e3a\uff0c\u4e09\u4ee3\u534a\u6218\u673a\u5728\u7279\u5b9a\u6f14\u4e60\u73af\u5883\u4e2d\u51fb\u8d25\u7b2c\u56db\u4ee3\u6218\u673a\u5e76\u4e0d\u7f55\u89c1\uff0c\u5305\u62ec\u6b27\u6d32\u201c\u53f0\u98ce\u201d\u6218\u6597\u673a\u3001\u7f8e\u56fd\u201c\u5486\u54ee\u8005\u201d\u7535\u5b50\u653b\u51fb\u673a\u4e5f\u90fd\u6709\u8fc7\u5728\u6f14\u4e60\u4e2d\u51fb\u8d25F-22\u7684\u5148\u4f8b\uff0c\u4f46\u8fd9\u4e9b\u4e2a\u6848\u65e0\u6cd5\u6539\u53d8\u975e\u9690\u5f62\u6218\u673a\u5728\u9690\u5f62\u6218\u673a\u9762\u524d\u7684\u660e\u663e\u52a3\u52bf\u3002", "events": [], "arguments": {"time": [], "loc": [], "country": [{"text": "\u6b27\u6d32", "offset": 33, "length": 2}, {"text": "\u7f8e\u56fd", "offset": 43, "length": 2}], "weapon": [{"text": "\u201c\u53f0\u98ce\u201d\u6218\u6597\u673a", "offset": 35, "length": 7}, {"text": "\u201c\u5486\u54ee\u8005\u201d\u7535\u5b50\u653b\u51fb\u673a", "offset": 45, "length": 10}, {"text": "F-22", "offset": 65, "length": 4}]}}, {"sentence": "\u5f20\u5b66\u5cf0\u63d0\u9192\u8bf4\uff0c\u5728\u6709\u9650\u7a7a\u95f4\u6709\u9650\u65f6\u95f4\u7684\u6709\u9650\u89c4\u6a21\u51b2\u7a81\u4e2d\uff0c\u5373\u4fbf\u5370\u5ea6\u7a7a\u519b\u603b\u4f53\u4e0d\u5360\u4f18\uff0c\u201c\u9635\u98ce\u201d\u4e5f\u53ef\u80fd\u5177\u6709\u5c40\u90e8\u4f18\u52bf\uff0c\u5bf9\u6b64\u5404\u65b9\u9700\u8981\u4fdd\u6301\u8b66\u60d5\u3002", "events": [], "arguments": {"time": [], "loc": [], "country": [{"text": "\u5370\u5ea6", "offset": 27, "length": 2}], "weapon": [{"text": "\u201c\u9635\u98ce\u201d", "offset": 37, "length": 4}]}}]