[{"sentence": "\u4fc4\u7f57\u65af\u5728\u8fdc\u4e1c\u4e24\u5730\u5f00\u5c55\u5927\u89c4\u6a21\u519b\u6f14\u00a0\u51fa\u52a84000\u591a\u5175\u529b", "events": [], "arguments": {"time": [], "loc": [{"text": "\u8fdc\u4e1c\u4e24\u5730", "offset": 4, "length": 4}, {"text": "\u8fdc\u4e1c", "offset": 4, "length": 2}], "country": [{"text": "\u4fc4\u7f57\u65af", "offset": 0, "length": 3}], "weapon": []}}, {"sentence": "\u3010\u73af\u7403\u7f51\u519b\u4e8b\u62a5\u9053\u3011", "events": [], "arguments": {"time": [], "loc": [], "country": [], "weapon": []}}, {"sentence": "\u4fc4\u7f57\u65af\u536b\u661f\u901a\u8baf\u793e7\u670827\u65e5\u62a5\u9053\uff0c\u4fc4\u7f57\u65af\u4e1c\u90e8\u519b\u533a\u65b0\u95fb\u5904\u5f53\u5929\u53d1\u5e03\u6d88\u606f\u79f0\uff0c\u8be5\u519b\u533a4000\u591a\u540d\u5b98\u51757\u670827\u65e5\u5728\u4e24\u5730\u542f\u52a8\u5927\u89c4\u6a21\u6f14\u4e60\u3002", "events": [{"trigger": {"text": "\u6f14\u4e60", "offset": 58, "length": 2}, "subject": {"text": "\u4fc4\u7f57\u65af\u4e1c\u90e8\u519b\u533a", "offset": 16, "length": 7}, "object": {"text": "", "offset": 0, "length": 0}}], "arguments": {"time": [{"text": "7\u670827\u65e5", "offset": 45, "length": 5}, {"text": "7\u670827\u65e5", "offset": 8, "length": 5}], "loc": [], "country": [{"text": "\u4fc4\u7f57\u65af", "offset": 0, "length": 3}, {"text": "\u4fc4\u7f57\u65af", "offset": 16, "length": 3}], "weapon": []}}, {"sentence": "\u4fc4\u4e1c\u90e8\u519b\u533a\u5728\u6d88\u606f\u4e2d\u8bf4\uff1a\u201c\u4e1c\u90e8\u519b\u533a\u76842\u4e2a\u6469\u6b65\u5175\u56e2\u4e8e\u5927\u578b\u5bf9\u6297\u6027\u6f14\u4e60\u671f\u95f4\uff0c\u5728\u963f\u7a46\u5c14\u5dde\u548c\u72b9\u592a\u81ea\u6cbb\u5dde\u63a5\u5230\u6f14\u4e60\u8b66\u62a5\u540e\u91c7\u53d6\u884c\u52a8\uff0c\u51714000\u591a\u540d\u5b98\u5175\u53c2\u52a0\u6f14\u4e60\u3002", "events": [], "arguments": {"time": [], "loc": [{"text": "\u963f\u7a46\u5c14\u5dde", "offset": 35, "length": 4}, {"text": "\u72b9\u592a\u81ea\u6cbb\u5dde", "offset": 40, "length": 5}], "country": [{"text": "\u4fc4", "offset": 0, "length": 1}], "weapon": []}}, {"sentence": "\u201d", "events": [], "arguments": {"time": [], "loc": [], "country": [], "weapon": []}}, {"sentence": "\u62a5\u9053\u79f0\uff0c\u6b64\u6b21\u6f14\u4e60\u5c06\u6301\u7eed\u4e00\u5468\u4ee5\u4e0a\uff0c\u53c2\u6f14\u90e8\u961f\u5c06\u7814\u7a76\u590d\u6742\u6218\u672f\u73af\u5883\u4e2d\u79d8\u5bc6\u8f6c\u79fb\u7684\u6218\u672f\u3002", "events": [], "arguments": {"time": [], "loc": [], "country": [], "weapon": []}}, {"sentence": "\u6f14\u4e60\u5c06\u52a8\u7528\u5927\u7ea6800\u53f0\u5957\u6280\u672f\u88c5\u5907\uff0c\u5176\u4e2d\u5305\u62ec\u73b0\u4ee3\u5316\u7684T-80BV\u5766\u514b\u3001\u59c6\u65af\u5854-S\u548c\u201c\u91d1\u5408\u6b22\u201d\u81ea\u884c\u69b4\u5f39\u70ae\u3001\u201c\u51b0\u96f9\u201d\u6539\u8fdb\u578b\u591a\u7ba1\u706b\u7bad\u70ae\u7cfb\u7edf\u7b49\uff0c\u65e0\u4eba\u673a\u5c06\u5168\u7a0b\u53c2\u6f14\u3002", "events": [], "arguments": {"time": [], "loc": [], "country": [], "weapon": [{"text": "T-80BV\u5766\u514b", "offset": 25, "length": 8}, {"text": "\u59c6\u65af\u5854-S", "offset": 34, "length": 5}, {"text": "\u201c\u91d1\u5408\u6b22\u201d\u81ea\u884c\u69b4\u5f39\u70ae", "offset": 40, "length": 10}, {"text": "\u201c\u51b0\u96f9\u201d\u6539\u8fdb\u578b\u591a\u7ba1\u706b\u7bad\u70ae\u7cfb\u7edf", "offset": 51, "length": 14}]}}]