[{"sentence": "\u7f8e\u6d77\u519b\u76f4\u5347\u673a\u8bef\u6295\u53cd\u6c34\u96f7\u540a\u8231\u00a0\u6240\u5e78\u672a\u9020\u6210\u4eba\u5458\u4f24\u4ea1", "events": [], "arguments": {"time": [], "loc": [], "country": [{"text": "\u7f8e", "offset": 0, "length": 1}], "weapon": [{"text": "\u76f4\u5347\u673a", "offset": 3, "length": 3}, {"text": "\u53cd\u6c34\u96f7", "offset": 8, "length": 3}]}}, {"sentence": "\u3010\u73af\u7403\u7f51\u62a5\u9053 \u89c1\u4e60\u8bb0\u8005 \u9a6c\u5ca9\u3011", "events": [], "arguments": {"time": [], "loc": [], "country": [], "weapon": []}}, {"sentence": "\u636eMilitary.com\u7f51\u7ad97\u670824\u65e5\u62a5\u9053\uff0c\u7f8e\u56fd\u6d77\u519b\u4e00\u67b6MH-60S\u76f4\u5347\u673a\u672c\u67089\u65e5\u8bef\u5c06AN/AQS-235 \u53cd\u6c34\u96f7\u540a\u8231\u6295\u5728\u4e86\u5f17\u5409\u5c3c\u4e9a\u5dde\u7684\u5207\u8428\u76ae\u514b\u6e7e\u9644\u8fd1\u3002", "events": [], "arguments": {"time": [{"text": "7\u670824\u65e5", "offset": 15, "length": 5}, {"text": "\u672c\u67089\u65e5", "offset": 38, "length": 4}], "loc": [{"text": "\u5f17\u5409\u5c3c\u4e9a\u5dde\u7684\u5207\u8428\u76ae\u514b\u6e7e", "offset": 63, "length": 11}, {"text": "\u8fd1", "offset": 0, "length": 1}], "country": [{"text": "\u7f8e\u56fd", "offset": 23, "length": 2}], "weapon": [{"text": "MH-60S\u76f4\u5347\u673a", "offset": 29, "length": 9}, {"text": "AN/AQS-235 \u53cd\u6c34\u96f7", "offset": 44, "length": 14}]}}, {"sentence": "\u5927\u897f\u6d0b\u6d77\u519b\u822a\u7a7a\u90e8\u961f\u53d1\u8a00\u4eba\u8a79\u59ae\u5f17\u2022\u514b\u62c9\u683c\u8868\u793a\uff0c\u4e8b\u6545\u6ca1\u6709\u9020\u6210\u4eba\u5458\u4f24\u4ea1\uff0c\u4e5f\u6ca1\u6709\u4f7f\u76f4\u5347\u673a\u53d7\u635f\uff0c\u6d77\u519b\u5c06\u4e25\u8083\u5bf9\u5f85\u6b64\u6b21\u4e8b\u6545\uff0c\u5e76\u5c55\u5f00\u5f7b\u5e95\u7684\u8c03\u67e5\uff0c\u67e5\u6e05\u539f\u56e0\u3002", "events": [], "arguments": {"time": [], "loc": [{"text": "\u5927\u897f\u6d0b", "offset": 0, "length": 3}], "country": [], "weapon": [{"text": "\u76f4\u5347\u673a", "offset": 37, "length": 3}]}}, {"sentence": "\u6b64\u5916\uff0c\u88ab\u8bef\u6295\u7684\u540a\u8231\u5df2\u4e8e\u672c\u670814\u65e5\u88ab\u627e\u5230\u3002", "events": [], "arguments": {"time": [{"text": "\u672c\u670814\u65e5", "offset": 11, "length": 5}], "loc": [], "country": [], "weapon": []}}, {"sentence": "\u6d77\u519b\u5b89\u5168\u4e2d\u5fc3\u5df2\u5c06\u6b64\u6b21\u4e8b\u6545\u5b9a\u6027\u4e3aA\u7ea7\u4e8b\u6545\uff0c\u610f\u5473\u7740\u635f\u5931\u8d85\u8fc7250\u4e07\u7f8e\u5143\u3002", "events": [], "arguments": {"time": [], "loc": [], "country": [], "weapon": []}}, {"sentence": "AN/AQS-235\u673a\u8f7d\u626b\u96f7\u7cfb\u7edf\u7528\u4e8e\u6e05\u7406\u6f02\u6d6e\u5728\u6d77\u9762\u4e0a\u7684\u6c34\u96f7\uff0c\u5b83\u7528\u58f0\u5450\u63a2\u6d4b\u6c34\u96f7\uff0c\u4e00\u65e6\u53d1\u73b0\u53ef\u7591\u76ee\u6807\uff0c\u5c31\u5c06\u6295\u653e\u4e00\u4e2a\u7206\u70b8\u88c5\u7f6e\uff0c\u786e\u8ba4\u5e76\u4e14\u5f15\u7206\u6c34\u96f7\u3002", "events": [], "arguments": {"time": [], "loc": [], "country": [], "weapon": [{"text": "AN/AQS-235\u673a\u8f7d\u626b\u96f7\u7cfb\u7edf", "offset": 0, "length": 16}]}}, {"sentence": "\u8a79\u59ae\u5f17\u2022\u514b\u62c9\u683c\u8bf4\uff0c\u4e8b\u53d1\u5f53\u65f6\uff0c\u76f4\u5347\u673a\u4e0a\u67094\u540d\u6210\u5458\uff0c\u4f46\u8c03\u67e5\u8fd8\u5728\u8fdb\u884c\u4e2d\uff0c\u56e0\u800c\u4e0d\u80fd\u786e\u5b9a\u662f\u5426\u6709\u4eba\u4f1a\u906d\u5230\u5904\u7f5a\uff0c\u4e8b\u6545\u6ca1\u6709\u7ed9\u5176\u5b83\u98de\u673a\u6216\u8239\u53ea\u5e26\u6765\u5371\u9669\u3002", "events": [], "arguments": {"time": [], "loc": [], "country": [], "weapon": [{"text": "\u76f4\u5347\u673a", "offset": 14, "length": 3}]}}, {"sentence": "\uff08\u5b8c\uff09", "events": [], "arguments": {"time": [], "loc": [], "country": [], "weapon": []}}, {"sentence": "\uff08\u5b8c\uff09", "events": [], "arguments": {"time": [], "loc": [], "country": [], "weapon": []}}]