[{"sentence": "\u7f8e\u5a92\uff1a\u7f8e\u519b\u5728\u5229\u6bd4\u4e9a\u53d1\u73b0\u8d8a\u6765\u8d8a\u591a\u4fc4\u7f57\u65af\u6b66\u5668\u88c5\u5907", "events": [], "arguments": {"time": [], "loc": [{"text": "\u5229\u6bd4\u4e9a", "offset": 6, "length": 3}], "country": [{"text": "\u5229\u6bd4\u4e9a", "offset": 6, "length": 3}, {"text": "\u4fc4\u7f57\u65af", "offset": 15, "length": 3}], "weapon": []}}, {"sentence": "\u3010\u73af\u7403\u7f51\u62a5\u9053 \u8bb0\u8005 \u5f90\u7490\u660e\u3011", "events": [], "arguments": {"time": [], "loc": [], "country": [], "weapon": []}}, {"sentence": "\u636e\u7f8e\u56fd\u300a\u519b\u4e8b\u65f6\u62a5\u300b7\u670825\u65e5\u62a5\u9053\uff0c\u7f8e\u56fd\u5b98\u5458\u8fd1\u65e5\u5728\u4e00\u4efd\u65b0\u95fb\u7a3f\u4e2d\u8868\u793a\uff0c\u7f8e\u56fd\u975e\u6d32\u53f8\u4ee4\u90e8\u5728\u5229\u6bd4\u4e9a\u53d1\u73b0\u4e86\u8d8a\u6765\u8d8a\u591a\u7684\u4fc4\u7f57\u65af\u6b66\u5668\u88c5\u5907\uff0c\u8fd9\u4e9b\u88c5\u5907\u80fd\u591f\u5e2e\u52a9\u6253\u51fb\u5229\u6bd4\u4e9a\u6c11\u65cf\u56e2\u7ed3\u653f\u5e9c\u3002", "events": [], "arguments": {"time": [{"text": "7\u670825\u65e5", "offset": 9, "length": 5}], "loc": [{"text": "\u975e\u6d32", "offset": 35, "length": 2}], "country": [{"text": "\u7f8e\u56fd", "offset": 1, "length": 2}, {"text": "\u7f8e\u56fd", "offset": 17, "length": 2}, {"text": "\u7f8e\u56fd", "offset": 33, "length": 2}, {"text": "\u5229\u6bd4\u4e9a", "offset": 41, "length": 3}, {"text": "\u4fc4\u7f57\u65af", "offset": 52, "length": 3}, {"text": "\u5229\u6bd4\u4e9a", "offset": 70, "length": 3}], "weapon": []}}, {"sentence": "\u62a5\u9053\u79f0\uff0c\u6700\u65b0\u66dd\u5149\u7684\u56fe\u7247\u663e\u793a\u5728\u53d9\u5229\u4e9a\u7684\u201c\u74e6\u683c\u7eb3\u201d\u96c7\u4f63\u5175\u96c6\u56e2\u83b7\u5f97\u4e86\u519b\u7528\u8fd0\u8f93\u673a\u3001\u9632\u7a7a\u6b66\u5668\u3001\u591a\u7528\u9014\u5361\u8f66\u548c\u9632\u96f7\u53cd\u4f0f\u51fb\u8f66\u7b49\u6b66\u5668\u88c5\u5907\u3002", "events": [], "arguments": {"time": [], "loc": [], "country": [{"text": "\u53d9\u5229\u4e9a", "offset": 14, "length": 3}], "weapon": [{"text": "\u519b\u7528\u8fd0\u8f93\u673a", "offset": 31, "length": 5}, {"text": "\u9632\u7a7a\u6b66\u5668", "offset": 37, "length": 4}, {"text": "\u591a\u7528\u9014\u5361\u8f66", "offset": 42, "length": 5}, {"text": "\u9632\u96f7\u53cd\u4f0f\u51fb\u8f66", "offset": 48, "length": 6}]}}, {"sentence": "\u6839\u636e\u6700\u65b0\u7684\u4e00\u4efd\u65b0\u95fb\u7b80\u62a5\uff0c\u5c3d\u7ba1\u4fc4\u7f57\u65af\u4e00\u518d\u5426\u8ba4\u53c2\u4e0e\u5229\u6bd4\u4e9a\u6218\u4e8b\uff0c\u4f46\u7f8e\u56fd\u5b98\u5458\u4eec\u76f8\u4fe1\uff0c\u8fd9\u4e9b\u56fe\u7247\u5c31\u662f\u8bc1\u636e\u3002", "events": [], "arguments": {"time": [], "loc": [], "country": [{"text": "\u4fc4\u7f57\u65af", "offset": 14, "length": 3}, {"text": "\u5229\u6bd4\u4e9a", "offset": 23, "length": 3}, {"text": "\u7f8e\u56fd", "offset": 30, "length": 2}], "weapon": []}}, {"sentence": "\u7f8e\u56fd\u975e\u6d32\u53f8\u4ee4\u90e8\u516c\u5171\u4e8b\u52a1\u4e3b\u7ba1\u514b\u91cc\u65af\u00b7\u574e\u65af\u4e0a\u6821\u8868\u793a\uff1a\u201c\u4fc4\u7f57\u65af\u7684\u53c2\u4e0e\u662f\u663e\u800c\u6613\u89c1\u7684\u3002", "events": [], "arguments": {"time": [], "loc": [{"text": "\u975e\u6d32", "offset": 2, "length": 2}], "country": [{"text": "\u7f8e\u56fd", "offset": 0, "length": 2}, {"text": "\u4fc4\u7f57\u65af", "offset": 25, "length": 3}], "weapon": []}}, {"sentence": "\u201d", "events": [], "arguments": {"time": [], "loc": [], "country": [], "weapon": []}}, {"sentence": "\u62a5\u9053\u79f0\uff0c\u8fd9\u5f20\u4e8e7\u670824\u65e5\u516c\u5e03\u7684\u7167\u7247\u62cd\u6444\u5230\u7684\u662f\u5728\u5229\u6bd4\u4e9a\u51b2\u7a81\u524d\u7ebf\u7684\u201c\u74e6\u683c\u7eb3\u201d\u96c7\u4f63\u5175\u90e8\u961f\u548c\u5176\u88c5\u5907\uff0c\u5229\u6bd4\u4e9a\u5185\u6218\u53cc\u65b9\u8fc7\u53bb\u51e0\u5468\u4e00\u76f4\u5728\u8be5\u5730\u4ea4\u706b\u3002", "events": [], "arguments": {"time": [{"text": "7\u670824\u65e5", "offset": 7, "length": 5}], "loc": [], "country": [{"text": "\u5229\u6bd4\u4e9a", "offset": 23, "length": 3}, {"text": "\u5229\u6bd4\u4e9a", "offset": 46, "length": 3}], "weapon": []}}, {"sentence": "\u4eca\u5e745\u6708\uff0c\u7f8e\u56fd\u975e\u6d32\u53f8\u4ee4\u90e8\u66fe\u62a5\u544a\u79f0\uff0c\u81f3\u5c11\u670914\u67b6\u7c73\u683c-29\u548c\u82cf-24\u6218\u673a\u4ece\u4fc4\u7f57\u65af\u98de\u5f80\u53d9\u5229\u4e9a\uff0c\u5728\u7ee7\u7eed\u524d\u5f80\u5229\u6bd4\u4e9a\u4e4b\u524d\u91cd\u65b0\u5237\u6f06\u4ee5\u63a9\u76d6\u5176\u4fc4\u7f57\u65af\u519b\u673a\u7684\u8eab\u4efd\u3002", "events": [], "arguments": {"time": [{"text": "\u4eca\u5e745\u6708", "offset": 0, "length": 4}], "loc": [{"text": "\u975e\u6d32", "offset": 7, "length": 2}, {"text": "\u5229\u6bd4\u4e9a", "offset": 50, "length": 3}], "country": [{"text": "\u7f8e\u56fd", "offset": 5, "length": 2}, {"text": "\u4fc4\u7f57\u65af", "offset": 36, "length": 3}, {"text": "\u53d9\u5229\u4e9a", "offset": 41, "length": 3}, {"text": "\u5229\u6bd4\u4e9a", "offset": 50, "length": 3}, {"text": "\u4fc4\u7f57\u65af", "offset": 63, "length": 3}], "weapon": [{"text": "\u7c73\u683c-29", "offset": 23, "length": 5}, {"text": "\u82cf-24\u6218\u673a", "offset": 29, "length": 6}]}}, {"sentence": "\u53e6\u636e\u4fc4\u7f57\u65af\u536b\u661f\u65b0\u95fb\u901a\u8baf\u793e\u57287\u6708\u4e2d\u65ec\u7684\u62a5\u9053\uff0c\u4fc4\u7f57\u65af\u603b\u7edf\u65b0\u95fb\u79d8\u4e66\u5fb7\u7c73\u7279\u91cc\u00b7\u4f69\u65af\u79d1\u592b\u66fe\u8868\u793a\uff0c\u4fc4\u7f57\u65af\u519b\u65b9\u6ca1\u6709\u5728\u5229\u6bd4\u4e9a\u53c2\u52a0\u884c\u52a8\uff0c\u514b\u91cc\u59c6\u6797\u5bab\u4e5f\u4e0d\u4e86\u89e3\u4fc4\u7f57\u65af\u4eba\u5728\u8be5\u56fd\u53c2\u52a0\u6709\u7ec4\u7ec7\u56e2\u4f53\u7684\u60c5\u51b5\u3002", "events": [], "arguments": {"time": [{"text": "7\u6708\u4e2d\u65ec", "offset": 13, "length": 4}], "loc": [{"text": "\u5229\u6bd4\u4e9a", "offset": 51, "length": 3}], "country": [{"text": "\u4fc4\u7f57\u65af", "offset": 2, "length": 3}, {"text": "\u4fc4\u7f57\u65af", "offset": 21, "length": 3}, {"text": "\u4fc4\u7f57\u65af", "offset": 43, "length": 3}, {"text": "\u5229\u6bd4\u4e9a", "offset": 51, "length": 3}, {"text": "\u4fc4\u7f57\u65af", "offset": 68, "length": 3}], "weapon": []}}, {"sentence": "\u4f69\u65af\u79d1\u592b\u8bf4\uff1a\u201c\u6211\u4eec\u6ca1\u6709\u8fd9\u65b9\u9762\u7684\u4fe1\u606f\u3002", "events": [], "arguments": {"time": [], "loc": [], "country": [], "weapon": []}}, {"sentence": "\u4fc4\u7f57\u65af\u519b\u961f\u7edd\u6ca1\u6709\u4ecb\u5165\u5229\u6bd4\u4e9a\uff0c\u4e5f\u4e0d\u4f1a\u53c2\u4e0e\u4efb\u4f55\u8fdb\u7a0b\u3002", "events": [], "arguments": {"time": [], "loc": [], "country": [{"text": "\u4fc4\u7f57\u65af", "offset": 0, "length": 3}, {"text": "\u5229\u6bd4\u4e9a", "offset": 10, "length": 3}], "weapon": []}}, {"sentence": "\u6211\u4eec\u4e0d\u77e5\u9053\u4efb\u4f55\u53ef\u80fd\u4ecb\u5165\u90a3\u91cc\u7684\u6709\u7ec4\u7ec7\u7684\u4fc4\u7f57\u65af\u516c\u6c11\u7684\u60c5\u51b5\u3002", "events": [], "arguments": {"time": [], "loc": [], "country": [{"text": "\u4fc4\u7f57\u65af", "offset": 18, "length": 3}], "weapon": []}}, {"sentence": "\u201d", "events": [], "arguments": {"time": [], "loc": [], "country": [], "weapon": []}}]