[{"sentence": "\u5927\u578b\u6602\u8d35\u6b66\u5668\u5e73\u53f0\u5df2\u8fc7\u65f6\uff1f", "events": [], "arguments": {"time": [], "loc": [], "country": [], "weapon": []}}, {"sentence": "\u7f8e\u5a92\u5efa\u8bae\u519b\u65b9\u53d1\u5c55\u5ec9\u4ef7\u4e14\u66f4\u6709\u6548\u6b66\u5668", "events": [], "arguments": {"time": [], "loc": [], "country": [{"text": "\u7f8e", "offset": 0, "length": 1}], "weapon": []}}, {"sentence": "\u3010\u73af\u7403\u7f51\u62a5\u9053 \u89c1\u4e60\u8bb0\u8005 \u9a6c\u5ca9\u3011", "events": [], "arguments": {"time": [], "loc": [], "country": [], "weapon": []}}, {"sentence": "\u636e\u300a\u56fd\u5bb6\u5229\u76ca\u300b\u6742\u5fd7\u7f51\u7ad97\u670826\u65e5\u62a5\u9053\uff0c\u65b0\u6280\u672f\u7684\u96c6\u6210\u6b63\u5728\u521b\u9020\u51fa\u66f4\u5c0f\u3001\u66f4\u4fbf\u5b9c\u3001\u66f4\u81ea\u52a8\u5316\u7684\u6b66\u5668\uff0c\u8fd9\u6b63\u5728\u6539\u53d8\u7740\u7f8e\u56fd\u4ee5\u5f80\u7684\u6570\u91cf\u5c11\u3001\u4ef7\u683c\u6602\u8d35\u3001\u8fc7\u4e8e\u590d\u6742\u7684\u6b66\u5668\u53d1\u5c55\u8def\u7ebf\uff0c\u7f8e\u56fd\u4ee5\u540e\u6709\u673a\u4f1a\u4ee5\u66f4\u5c0f\u7684\u6210\u672c\u83b7\u5f97\u66f4\u6709\u6548\u7684\u6b66\u5668\u88c5\u5907\u3002", "events": [], "arguments": {"time": [{"text": "7\u670826\u65e5", "offset": 11, "length": 5}], "loc": [], "country": [{"text": "\u7f8e\u56fd", "offset": 51, "length": 2}, {"text": "\u7f8e\u56fd", "offset": 77, "length": 2}], "weapon": []}}, {"sentence": "\u4f8b\u5982\uff0c\u201c\u798f\u7279\u201d\u7ea7\u822a\u6bcd\u6bcf\u8258\u4ef7\u683c\u8d85\u8fc7130\u4ebf\u7f8e\u5143\uff0c\u5b83\u642d\u8f7d\u7684\u822a\u7a7a\u8054\u961f\u6210\u672c\u8d85\u8fc750\u4ebf\u7f8e\u5143\uff0c\u6b64\u5916\uff0c\u822a\u6bcd\u53ca\u822a\u7a7a\u8054\u961f\u7684\u8fd0\u8425\u6210\u672c\u6bcf\u5e74\u4e5f\u8d85\u8fc710\u4ebf\u7f8e\u5143\u3002", "events": [], "arguments": {"time": [], "loc": [], "country": [], "weapon": [{"text": "\u201c\u798f\u7279\u201d\u7ea7\u822a\u6bcd", "offset": 3, "length": 7}]}}, {"sentence": "\u4e0d\u5e78\u7684\u662f\uff0c\u822a\u6bcd\u8230\u8f7d\u673a\u4f5c\u6218\u534a\u5f84\u77ed\uff0c\u65e0\u6cd5\u5e94\u5bf9\u5927\u56fd\u4e4b\u95f4\u7684\u51b2\u7a81\u3002", "events": [], "arguments": {"time": [], "loc": [], "country": [], "weapon": []}}, {"sentence": "\u7136\u800c\uff0c\u4ec5\u9700\u56db\u5206\u4e4b\u4e00\u7684\u6210\u672c\uff0c\u7f8e\u56fd\u6d77\u519b\u5c31\u53ef\u4ee5\u4e7040\u8258\u5bfc\u5f39\u8239\u642d\u8f7d2000\u679a\u5de1\u822a\u5bfc\u5f39\uff0c\u8fd9\u4e9b\u5bfc\u5f39\u5c04\u7a0b\u8d85\u8fc7\u822a\u6bcd\u8230\u8f7d\u673a\u4f5c\u6218\u534a\u5f841000\u82f1\u91cc\uff0c\u4e14\u8fd9\u4e9b\u8239\u5206\u6563\u90e8\u7f72\uff0c\u6218\u573a\u751f\u5b58\u529b\u8fdc\u5f3a\u4e8e\u4e00\u8258\u822a\u6bcd\u3002", "events": [], "arguments": {"time": [], "loc": [], "country": [{"text": "\u7f8e\u56fd", "offset": 13, "length": 2}], "weapon": [{"text": "\u5de1\u822a\u5bfc\u5f39", "offset": 34, "length": 4}, {"text": "\u822a\u6bcd", "offset": 82, "length": 2}]}}, {"sentence": "\u62a5\u9053\u8ba4\u4e3a\uff0c\u7f8e\u56fd\u7a7a\u519b\u5e94\u8be5\u53d6\u6d88\u4ef7\u503c800\u4ebf\u7f8e\u5143\u7684B-21\u9690\u8eab\u8f70\u70b8\u673a\u9879\u76ee\u3002", "events": [], "arguments": {"time": [], "loc": [], "country": [{"text": "\u7f8e\u56fd", "offset": 5, "length": 2}], "weapon": [{"text": "B-21\u9690\u8eab\u8f70\u70b8\u673a", "offset": 22, "length": 9}]}}, {"sentence": "\u7b49\u8be5\u578b\u8f70\u70b8\u673a\u5728\u672c\u4e16\u7eaa20\u5e74\u4ee3\u672b\u670d\u5f79\u4e4b\u9645\uff0c\u5546\u4e1a\u536b\u661f\u5c06\u5b9e\u73b0\u5168\u7403\u8303\u56f4\u7684\u5b9e\u65f6\u89c6\u89c9\u548c\u7ea2\u5916\u8986\u76d6\uff0c\u4e0d\u8bbaB-21\u591a\u4e48\u9690\u8eab\uff0c\u90fd\u4f1a\u88ab\u53d1\u73b0\u3002", "events": [], "arguments": {"time": [{"text": "\u672c\u4e16\u7eaa20\u5e74\u4ee3\u672b", "offset": 7, "length": 8}], "loc": [], "country": [], "weapon": [{"text": "B-21", "offset": 44, "length": 4}]}}, {"sentence": "\u968f\u7740\u96c6\u88c5\u7bb1\u5f0f\u5de1\u822a\u5bfc\u5f39\u53d1\u5c04\u88c5\u7f6e\u7684\u666e\u53ca\uff0c\u4e00\u67b6\u4ef7\u503c8\u4ebf\u7f8e\u5143\u7684B-21\u8f70\u70b8\u673a\u53ef\u80fd\u88ab\u4e00\u679a\u4ef7\u503c100\u4e07\u7f8e\u5143\u7684\u5de1\u822a\u5bfc\u5f39\u6467\u6bc1\u3002", "events": [], "arguments": {"time": [], "loc": [], "country": [], "weapon": [{"text": "B-21\u8f70\u70b8\u673a", "offset": 27, "length": 7}, {"text": "\u5de1\u822a\u5bfc\u5f39", "offset": 48, "length": 4}]}}, {"sentence": "\u7f8e\u56fd\u56fd\u9632\u90e8\u6700\u6602\u8d35\u7684\u9879\u76eeF-35\u4e5f\u9762\u4e34\u7740\u4e09\u5927\u6311\u6218\uff0c\u4e14\u8fdb\u4e00\u6b65\u7684\u6295\u8d44\u4e5f\u65e0\u6d4e\u4e8e\u4e8b\u3002", "events": [], "arguments": {"time": [], "loc": [], "country": [{"text": "\u7f8e\u56fd", "offset": 0, "length": 2}], "weapon": [{"text": "F-35", "offset": 11, "length": 4}]}}, {"sentence": "F-35\u7ed3\u6784\u8fc7\u4e8e\u590d\u6742\uff0c\u65e0\u6cd5\u4fdd\u6301\u9ad8\u51fa\u52e4\u7387\uff1b\u5b83\u7684\u4f5c\u6218\u534a\u5f84\u77ed\uff0c\u5c31\u7b97\u7a7a\u4e2d\u52a0\u6cb9\u4e5f\u7528\u5904\u4e0d\u5927\uff1b\u5b83\u7684\u91c7\u8d2d\u548c\u7ef4\u62a4\u6210\u672c\u9ad8\u6602\uff0c\u751f\u5b58\u529b\u5374\u6bd4\u8f83\u8106\u5f31\u3002", "events": [], "arguments": {"time": [], "loc": [], "country": [], "weapon": [{"text": "F-35", "offset": 0, "length": 4}]}}, {"sentence": "\u62a5\u9053\u79f0\uff0c\u65e0\u4eba\u673a\u548c\u5de1\u822a\u5bfc\u5f39\u4e0d\u9700\u8981\u98de\u884c\u5458\uff0c\u8282\u7701\u4e86\u98de\u884c\u5458\u57f9\u8bad\u6210\u672c\uff0c\u822a\u6bcd\u3001B-21\u3001F-35\u7684\u7ef4\u4fee\u4eba\u5458\u6210\u672c\u4e5f\u8282\u7701\u4e86\uff0c\u6b64\u5916\uff0c\u7a7a\u4e2d\u52a0\u6cb9\u673a\u7684\u76f8\u5173\u6210\u672c\u4e5f\u8282\u7701\u4e86\u4e0b\u6765\u3002", "events": [], "arguments": {"time": [], "loc": [], "country": [], "weapon": [{"text": "\u65e0\u4eba\u673a", "offset": 4, "length": 3}, {"text": "\u5de1\u822a\u5bfc\u5f39", "offset": 8, "length": 4}, {"text": "\u822a\u6bcd", "offset": 30, "length": 2}, {"text": "B-21", "offset": 33, "length": 4}, {"text": "F-35", "offset": 38, "length": 4}, {"text": "\u7a7a\u4e2d\u52a0\u6cb9\u673a", "offset": 57, "length": 5}]}}, {"sentence": "\u62a5\u9053\u603b\u7ed3\u79f0\uff0c\u6bcf\u5e74\u51cf\u5c11500\u4ebf\u7f8e\u5143\u56fd\u9632\u9884\u7b97\u9700\u8981\u8fdb\u884c\u4f24\u7b4b\u52a8\u9aa8\u7684\u6539\u53d8\u3002", "events": [], "arguments": {"time": [], "loc": [], "country": [], "weapon": []}}, {"sentence": "\u56fd\u9632\u90e8\u5e94\u57282052\u5e74\u524d\u628a\u822a\u6bcd\u51cf\u5c11\u52307\u8258\uff0c\u5e76\u57282072\u5e74\u524d\u51cf\u5c11\u52304\u8258\uff1b\u5e94\u53d6\u6d88B-21\u9879\u76ee\uff0c\u5e76\u53d1\u5c55\u5ec9\u4ef7\u4e14\u6709\u6548\u7684\u8fdc\u8ddd\u79bb\u6253\u51fb\u6b66\u5668\uff1b\u5e94\u51cf\u5c11\u91c7\u8d2d40%\u4ee5\u4e0a\u7684F-35\uff0c\u4ee5\u65e0\u4eba\u673a\u548c\u5de1\u822a\u5bfc\u5f39\u53d6\u800c\u4ee3\u4e4b\u3002", "events": [], "arguments": {"time": [], "loc": [], "country": [], "weapon": [{"text": "B-21", "offset": 37, "length": 4}, {"text": "F-35", "offset": 72, "length": 4}, {"text": "\u65e0\u4eba\u673a", "offset": 78, "length": 3}, {"text": "\u5de1\u822a\u5bfc\u5f39", "offset": 82, "length": 4}]}}, {"sentence": "\u7c7b\u4f3c\u8fd9\u4e9b\u63aa\u65bd\u4e0d\u4ec5\u53ef\u4ee5\u7701\u94b1\uff0c\u8fd8\u80fd\u8ba9\u7f8e\u56fd\u66f4\u597d\u5730\u5e94\u5bf9\u672a\u6765\u6218\u4e89\u3002", "events": [], "arguments": {"time": [], "loc": [], "country": [{"text": "\u7f8e\u56fd", "offset": 16, "length": 2}], "weapon": []}}]