[{"sentence": "\u7f8e\u519b\u90e8\u961f\u7d2f\u8ba1\u5df2\u6709\u8fd12.3\u4e07\u4eba\u611f\u67d3\u65b0\u51a0\u00a0\u53d1\u75c5\u7387\u6301\u7eed\u4e0a\u5347", "events": [], "arguments": {"time": [], "loc": [], "country": [{"text": "\u7f8e", "offset": 0, "length": 1}], "weapon": []}}, {"sentence": "\u3010\u73af\u7403\u7f51\u62a5\u9053 \u8bb0\u8005 \u5f90\u7490\u660e\u3011", "events": [], "arguments": {"time": [], "loc": [], "country": [], "weapon": []}}, {"sentence": "\u7f8e\u5a92\u6700\u65b0\u62a5\u9053\u79f0\u7f8e\u519b\u90e8\u961f\u4e2d\u5df2\u6709\u8fd12.3\u4e07\u4eba\u611f\u67d3\u65b0\u51a0\u75c5\u6bd2\uff0c\u800c\u8d8a\u6765\u8d8a\u591a\u7684\u7f8e\u519b\u57fa\u5730\u5f00\u59cb\u91c7\u53d6\u66f4\u4e3a\u4e25\u683c\u7684\u9632\u62a4\u63aa\u65bd\u3002", "events": [], "arguments": {"time": [], "loc": [], "country": [{"text": "\u7f8e", "offset": 0, "length": 1}], "weapon": []}}, {"sentence": "\u636e\u7f8e\u56fd\u300a\u519b\u961f\u65f6\u62a5\u300b7\u670827\u65e5\u62a5\u9053\uff0c\u56e0\u65b0\u51a0\u80ba\u708e\u75ab\u60c5\u6301\u7eed\u52a0\u91cd\uff0c\u66f4\u591a\u7684\u7f8e\u519b\u57fa\u5730\u5f00\u59cb\u589e\u52a0\u4e86\u76f8\u5173\u7684\u5065\u5eb7\u4fdd\u62a4\u63aa\u65bd\u3002", "events": [], "arguments": {"time": [{"text": "7\u670827\u65e5", "offset": 9, "length": 5}], "loc": [], "country": [{"text": "\u7f8e\u56fd", "offset": 1, "length": 2}], "weapon": []}}, {"sentence": "\u6700\u8fd1\u51e0\u5468\uff0c\u7f8e\u519b\u81f3\u5c11\u572821\u5904\u57fa\u5730\uff0c\u5c24\u5176\u662f\u5728\u5fb7\u514b\u8428\u65af\u5dde\u548c\u4f5b\u7f57\u91cc\u8fbe\u5dde\u7684\u57fa\u5730\uff0c\u63d0\u9ad8\u4e86\u5bf9\u90e8\u961f\u6210\u5458\u5065\u5eb7\u4fdd\u62a4\u7684\u8981\u6c42\u3002", "events": [], "arguments": {"time": [], "loc": [{"text": "\u5fb7\u514b\u8428\u65af\u5dde", "offset": 20, "length": 5}, {"text": "\u4f5b\u7f57\u91cc\u8fbe\u5dde", "offset": 26, "length": 5}], "country": [{"text": "\u7f8e", "offset": 5, "length": 1}], "weapon": []}}, {"sentence": "\u76ee\u524d\u65b0\u51a0\u80ba\u708e\u5728\u7f8e\u519b\u90e8\u961f\u4e2d\u7684\u53d1\u75c5\u7387\u6301\u7eed\u4e0a\u5347\uff0c\u4e0a\u4e2a\u6708\u6bd4\u4e4b\u524d\u7ffb\u4e86\u4e00\u500d\u591a\u3002", "events": [], "arguments": {"time": [{"text": "\u4e0a\u4e2a\u6708", "offset": 21, "length": 3}], "loc": [], "country": [{"text": "\u7f8e", "offset": 7, "length": 1}], "weapon": []}}, {"sentence": "\u62a5\u9053\u79f0\uff0c\u5230\u76ee\u524d\u4e3a\u6b62\uff0c\u7f8e\u519b\u90e8\u961f\u4e2d\u7d2f\u8ba1\u5df2\u6709\u8fd12.3\u4e07\u4eba\u611f\u67d3\u65b0\u51a0\u75c5\u6bd2\uff0c\u5e76\u67093\u4eba\u6b7b\u4ea1\u3002", "events": [], "arguments": {"time": [], "loc": [], "country": [{"text": "\u7f8e", "offset": 10, "length": 1}], "weapon": []}}, {"sentence": "\u7f8e\u56fd\u56fd\u9632\u90e8\u957f\u9a6c\u514b\u00b7\u57c3\u65af\u73c0\u4e0a\u5468\u5728\u524d\u5f80\u5bc6\u82cf\u91cc\u5dde\u7684\u6000\u7279\u66fc\u7a7a\u519b\u57fa\u5730\u89c6\u5bdf\u65f6\u8868\u793a\uff1a\u201c\u6211\u53d1\u73b0\u6bcf\u4e2a\u57fa\u5730\u7684\uff08\u9632\u75ab\uff09\u505a\u6cd5\u90fd\u6709\u4e9b\u4e0d\u540c\uff0c\u90fd\u8fdb\u884c\u4e86\u975e\u5e38\u7ec6\u5fc3\u7684\u8c03\u6574\u3002", "events": [], "arguments": {"time": [{"text": "\u4e0a\u5468", "offset": 12, "length": 2}], "loc": [{"text": "\u5bc6\u82cf\u91cc\u5dde", "offset": 17, "length": 4}, {"text": "\u6000\u7279\u66fc\u7a7a\u519b\u57fa\u5730", "offset": 22, "length": 7}], "country": [{"text": "\u7f8e\u56fd", "offset": 0, "length": 2}], "weapon": []}}, {"sentence": "\u201d\u6000\u7279\u66fc\u7a7a\u519b\u57fa\u5730\u662f\u7f8e\u56fd\u7a7a\u519bB-2\u9690\u5f62\u8f70\u70b8\u673a\u90e8\u961f\u7684\u9a7b\u5730\uff0c\u57c3\u65af\u73c0\u6b64\u884c\u7684\u76ee\u7684\u5c31\u662f\u68c0\u67e5\u8fd9\u652f\u6218\u7565\u90e8\u961f\u5e94\u5bf9\u75ab\u60c5\u7684\u60c5\u51b5\u3002", "events": [], "arguments": {"time": [], "loc": [{"text": "\u6000\u7279\u66fc\u7a7a\u519b\u57fa\u5730", "offset": 1, "length": 7}], "country": [{"text": "\u7f8e\u56fd", "offset": 9, "length": 2}], "weapon": [{"text": "B-2\u9690\u5f62\u8f70\u70b8\u673a", "offset": 13, "length": 8}]}}, {"sentence": "\u57c3\u65af\u73c0\u8868\u793a\uff0c\u6700\u65b0\u611f\u67d3\u75c5\u4f8b\u7684\u6fc0\u589e\u5e76\u6ca1\u6709\u5f71\u54cd\u7f8e\u519b\u7684\u8bad\u7ec3\u548c\u6218\u5907\u80fd\u529b\uff0c\u4f46\u8fd9\u5f71\u54cd\u4e86\u519b\u6821\u7684\u6559\u5b66\u8bfe\u7a0b\u3002", "events": [], "arguments": {"time": [], "loc": [], "country": [{"text": "\u7f8e", "offset": 20, "length": 1}], "weapon": []}}, {"sentence": "\u4e94\u89d2\u5927\u697c\u9996\u5e2d\u53d1\u8a00\u4eba\u4e54\u7eb3\u68ee\u00b7\u970d\u592b\u66fc\u5bf9\u6b64\u8868\u793a\uff0c\u9632\u62a4\u7ea7\u522b\u6700\u4e25\u683c\u7684\u57fa\u5730\u53ef\u80fd\u4f1a\u91c7\u7528\u865a\u62df\u6559\u5b66\u7684\u65b9\u5f0f\u5f00\u5c55\u5b66\u4e60\u3002", "events": [], "arguments": {"time": [], "loc": [{"text": "\u4e94\u89d2\u5927\u697c", "offset": 0, "length": 4}], "country": [], "weapon": []}}, {"sentence": "\u636e\u7f8e\u8054\u793e\u6b64\u524d\u83b7\u5f97\u7684\u6570\u636e\u663e\u793a\uff0c\u5168\u7403\u8d85\u8fc745%\u7684\u7f8e\u56fd\u9646\u519b\u3001\u6d77\u519b\u3001\u7a7a\u519b\u548c\u6d77\u519b\u9646\u6218\u961f\u57fa\u5730\u76ee\u524d\u5904\u4e8e\u6240\u8c13\u7684\u201c\u67e5\u7406\u5065\u5eb7\u72b6\u6001\u201d\uff08C\u7ea7\uff09\uff0c\u5373\u5904\u4e8e\u75c5\u6bd2\u201c\u6301\u7eed\u793e\u533a\u4f20\u64ad\u201d\u7684\u201c\u91cd\u5927\u98ce\u9669\u201d\u4e4b\u4e2d\u3002", "events": [], "arguments": {"time": [], "loc": [], "country": [{"text": "\u7f8e\u56fd", "offset": 22, "length": 2}], "weapon": []}}, {"sentence": "\u7f8e\u519b\u76f8\u5f53\u591a\u7684\u57fa\u5730\u5206\u5e03\u5728\u7f8e\u56fd\u672c\u571f\u5357\u90e8\u548c\u897f\u90e8\uff0c\u8fd9\u4e9b\u57fa\u5730\u4e00\u76f4\u505c\u7559\u5728C\u7ea7\u6216\u662f\u6062\u590d\u5230\u4e86C\u7ea7\u9632\u62a4\u72b6\u6001\uff0c\u8be5\u7ea7\u522b\u53ea\u6bd4\u6700\u4e25\u683c\u7684D\u7ea7\u9632\u62a4\u8981\u6c42\u4f4e\u4e86\u4e00\u7ea7\u3002", "events": [], "arguments": {"time": [], "loc": [], "country": [{"text": "\u7f8e", "offset": 0, "length": 1}, {"text": "\u7f8e\u56fd", "offset": 11, "length": 2}], "weapon": []}}, {"sentence": "\u5728C\u7ea7\u9632\u62a4\u8981\u6c42\u4e4b\u4e0b\uff0c\u58eb\u5175\u51fa\u5165\u57fa\u5730\u548c\u5916\u51fa\u65c5\u884c\u90fd\u4f1a\u4e25\u683c\u53d7\u9650\uff0c\u6559\u5b66\u548c\u5176\u4ed6\u805a\u96c6\u6d3b\u52a8\u53ef\u80fd\u4f1a\u88ab\u53d6\u6d88\uff0c\u66f4\u591a\u4eba\u5c06\u5c45\u5bb6\u529e\u516c\u3002", "events": [], "arguments": {"time": [], "loc": [], "country": [], "weapon": []}}, {"sentence": "\u6b64\u5916\uff0c\u5176\u4ed6\u7684\u7f8e\u519b\u57fa\u5730\u51e0\u4e4e\u90fd\u5904\u4e8eB\u7ea7\u9632\u62a4\u72b6\u6001\uff0c\u53ea\u6709\u4e0e\u5728\u5c11\u6570\u975e\u5e38\u504f\u8fdc\u7684\u57fa\u5730\uff0c\u5982\u5728\u632a\u5a01\u548c\u683c\u9675\u5170\u5c9b\u7684\u7f8e\u56fd\u7a7a\u519b\u8bbe\u65bd\uff0c\u662f\u5904\u4e8eA+\u7ea7\u3002", "events": [], "arguments": {"time": [], "loc": [{"text": "\u683c\u9675\u5170\u5c9b", "offset": 41, "length": 4}], "country": [{"text": "\u632a\u5a01", "offset": 38, "length": 2}, {"text": "\u7f8e\u56fd", "offset": 46, "length": 2}], "weapon": []}}]