[{"sentence": "\u7f8e\u5a92\uff1a\u62c5\u5fc3\u88ab\u4e2d\u56fd\u5bfc\u5f39\u201c\u5b9a\u70b9\u79fb\u9664\u201d\uff0c\u7f8e\u519b\u60f3\u5728\u5173\u5c9b\u90e8\u7f72\u9646\u57fa\u5b99\u65af\u76fe\u7cfb\u7edf", "events": [], "arguments": {"time": [], "loc": [{"text": "\u5173\u5c9b", "offset": 21, "length": 2}], "country": [{"text": "\u4e2d\u56fd", "offset": 6, "length": 2}], "weapon": [{"text": "\u5bfc\u5f39", "offset": 8, "length": 2}, {"text": "\u9646\u57fa\u5b99\u65af\u76fe\u7cfb\u7edf", "offset": 25, "length": 7}]}}, {"sentence": "\u3010\u73af\u7403\u7f51\u62a5\u9053\u00a0\u8bb0\u8005 \u5f90\u7490\u660e\u3011", "events": [], "arguments": {"time": [], "loc": [], "country": [], "weapon": []}}, {"sentence": "\u7f8e\u519b\u9ad8\u5b98\u8fd1\u65e5\u53c8\u642c\u51fa\u201c\u4e2d\u56fd\u5a01\u80c1\u8bba\u201d\u4f5c\u4e3a\u589e\u52a0\u7f8e\u519b\u5728\u5370\u592a\u519b\u529b\u90e8\u7f72\u7684\u7406\u7531\uff0c\u8ba4\u4e3a\u7f8e\u519b\u5e94\u8be5\u5728\u5173\u5c9b\u57fa\u5730\u90e8\u7f72\u9646\u57fa\u201c\u5b99\u65af\u76fe\u201d\u7cfb\u7edf\uff0c\u3002", "events": [], "arguments": {"time": [], "loc": [{"text": "\u5370\u592a", "offset": 23, "length": 2}, {"text": "\u5173\u5c9b\u57fa\u5730", "offset": 40, "length": 4}], "country": [{"text": "\u4e2d\u56fd", "offset": 10, "length": 2}], "weapon": [{"text": "\u201c\u5b99\u65af\u76fe\u201d\u7cfb\u7edf", "offset": 48, "length": 7}]}}, {"sentence": "\u636e\u7f8e\u56fd\u300a\u798f\u5e03\u65af\u300b\u6742\u5fd7\u7f51\u7ad97\u670823\u65e5\u62a5\u9053\uff0c\u8d1f\u8d23\u7f8e\u56fd\u5370\u5ea6-\u592a\u5e73\u6d0b\u53f8\u4ee4\u90e8\u7684\u6307\u6325\u5b98\u3001\u7f8e\u56fd\u6d77\u519b\u4e0a\u5c06\u83f2\u5229\u666e\u00b7\u6234\u7ef4\u68ee\u5bf9\u5173\u5c9b\u7684\u5b89\u5168\u72b6\u51b5\u611f\u5230\u62c5\u5fe7\u3002", "events": [], "arguments": {"time": [{"text": "7\u670823\u65e5", "offset": 12, "length": 5}], "loc": [{"text": "\u592a\u5e73\u6d0b", "offset": 27, "length": 3}, {"text": "\u5173\u5c9b", "offset": 52, "length": 2}], "country": [{"text": "\u7f8e\u56fd", "offset": 1, "length": 2}, {"text": "\u7f8e\u56fd", "offset": 22, "length": 2}, {"text": "\u7f8e\u56fd", "offset": 38, "length": 2}], "weapon": []}}, {"sentence": "\u6234\u7ef4\u68ee\u8b66\u544a\u8bf4\uff0c\u5982\u679c\u53d1\u751f\u6218\u4e89\uff0c\u4e2d\u56fd\u53ef\u80fd\u4f1a\u7528\u5de1\u822a\u5bfc\u5f39\u548c\u5f39\u9053\u5bfc\u5f39\u7784\u51c6\u5173\u5c9b\uff0c\u8fd9\u5ea7\u7f8e\u56fd\u7a7a\u519b\u7528\u4e8e\u90e8\u7f72\u8f70\u70b8\u673a\u548c\u5176\u4ed6\u91cd\u578b\u6218\u673a\u7684\u592a\u5e73\u6d0b\u4e3b\u8981\u57fa\u5730\u201c\u53ef\u80fd\u4f1a\u88ab\u4ece\u5730\u56fe\u4e0a\u79fb\u9664\u201d\u3002", "events": [], "arguments": {"time": [], "loc": [{"text": "\u5173\u5c9b", "offset": 31, "length": 2}, {"text": "\u592a\u5e73\u6d0b", "offset": 55, "length": 3}], "country": [{"text": "\u4e2d\u56fd", "offset": 14, "length": 2}, {"text": "\u7f8e\u56fd", "offset": 36, "length": 2}], "weapon": [{"text": "\u5de1\u822a\u5bfc\u5f39", "offset": 20, "length": 4}, {"text": "\u5f39\u9053\u5bfc\u5f39", "offset": 25, "length": 4}, {"text": "\u8f70\u70b8\u673a", "offset": 44, "length": 3}]}}, {"sentence": "\u6234\u7ef4\u68ee\u8868\u793a\uff0c\u8fd9\u4e00\u95ee\u9898\u7684\u89e3\u51b3\u529e\u6cd5\u5c31\u662f\u5728\u5173\u5c9b\u90e8\u7f72\u201c\u5b99\u65af\u76fe\u201d\u9632\u7a7a\u53cd\u5bfc\u7cfb\u7edf\uff0c\u4ed6\u544a\u8bc9\u8bb0\u8005\uff0c\u9646\u57fa\u201c\u5b99\u65af\u76fe\u201d\u7cfb\u7edf\u53ef\u4ee5\u4f5c\u4e3a\u8be5\u5730\u533a\u201c\u56fd\u571f\u9632\u5fa1\u7cfb\u7edf\u7684\u652f\u67f1\u201d\u3002", "events": [], "arguments": {"time": [], "loc": [{"text": "\u5173\u5c9b", "offset": 18, "length": 2}], "country": [], "weapon": [{"text": "\u201c\u5b99\u65af\u76fe\u201d\u9632\u7a7a\u53cd\u5bfc\u7cfb\u7edf", "offset": 22, "length": 11}, {"text": "\u201c\u5b99\u65af\u76fe\u201d\u7cfb\u7edf", "offset": 0, "length": 7}]}}, {"sentence": "\u8be5\u62a5\u9053\u4ecb\u7ecd\u8bf4\uff0c\u5173\u5c9b\u4f4d\u4e8e\u897f\u592a\u5e73\u6d0b\uff0c\u8ddd\u79bb\u4e2d\u56fd1800\u82f1\u91cc\uff08\u7ea62897\u516c\u91cc\uff09\uff0c\u5b83\u8ddd\u79bb\u4e9a\u6d32\u5927\u9646\u8db3\u591f\u8fd1\uff0c\u53ef\u4ee5\u4f5c\u4e3a\u8f70\u70b8\u673a\u3001\u52a0\u6cb9\u673a\u548c\u5176\u4ed6\u60c5\u62a5\u98de\u673a\u7684\u57fa\u5730\uff1b\u8be5\u57fa\u5730\u7684\u4f4d\u7f6e\u540c\u65f6\u4e5f\u8db3\u591f\u8fdc\uff0c\u662f\u666e\u901a\u6b66\u5668\u96be\u4ee5\u6253\u51fb\u5230\u7684\u76ee\u6807\u3002", "events": [], "arguments": {"time": [], "loc": [{"text": "\u5173\u5c9b", "offset": 7, "length": 2}, {"text": "\u897f\u592a\u5e73\u6d0b", "offset": 11, "length": 4}], "country": [{"text": "\u4e2d\u56fd", "offset": 18, "length": 2}], "weapon": [{"text": "\u8f70\u70b8\u673a", "offset": 51, "length": 3}, {"text": "\u52a0\u6cb9\u673a", "offset": 55, "length": 3}, {"text": "\u60c5\u62a5\u98de\u673a", "offset": 61, "length": 4}]}}, {"sentence": "\u62a5\u9053\u8fd8\u79f0\uff0c\u4f4d\u4e8e\u5173\u5c9b\u7684\u7f8e\u56fd\u5b89\u5fb7\u68ee\u7a7a\u519b\u57fa\u5730\u89c4\u6a21\u975e\u5e38\u5927\uff0c\u53ef\u4ee5\u5bb9\u7eb3\u6570\u767e\u67b6\u98de\u673a\uff0c\u4e2d\u56fd\u519b\u4e8b\u6218\u7565\u89c4\u5212\u8005\u80af\u5b9a\u6e05\u695a\u8be5\u57fa\u5730\u5bf9\u4e8e\u7f8e\u56fd\u7684\u4ef7\u503c\uff0c\u4ed6\u4eec\u82b1\u4e86\u51e0\u5341\u5e74\u7684\u65f6\u95f4\u6765\u7814\u7a76\u653b\u51fb\u5173\u5c9b\u7684\u624b\u6bb5\u3002", "events": [], "arguments": {"time": [], "loc": [{"text": "\u5173\u5c9b\u7684\u7f8e\u56fd\u5b89\u5fb7\u68ee\u7a7a\u519b\u57fa\u5730", "offset": 7, "length": 12}, {"text": "\u5173\u5c9b", "offset": 74, "length": 2}], "country": [{"text": "\u7f8e\u56fd", "offset": 10, "length": 2}, {"text": "\u4e2d\u56fd", "offset": 35, "length": 2}, {"text": "\u7f8e\u56fd", "offset": 53, "length": 2}], "weapon": [{"text": "\u98de\u673a", "offset": 32, "length": 2}]}}, {"sentence": "\u5982\u4eca\u4e2d\u56fd\u706b\u7bad\u519b\u62e5\u6709\u5c04\u7a0b2500\u82f1\u91cc\uff08\u7ea64023\u516c\u91cc\uff09\u7684\u4e1c\u98ce-26\u5bfc\u5f39\uff0c\u53ef\u4ee5\u6253\u5230\u5173\u5c9b\uff1b\u4e2d\u56fd\u7a7a\u519b\u642d\u8f7d\u957f\u5251-10\u578b\u5de1\u822a\u5bfc\u5f39\u7684\u8f70-6\u8f70\u70b8\u673a\u4e5f\u53ef\u4ee5\u5bf9\u5173\u5c9b\u8fdb\u884c\u6253\u51fb\uff1b\u4e2d\u56fd\u6d77\u519b\u7684\u8230\u8247\u53ef\u4ee5\u4ece\u7ea6300\u82f1\u91cc\uff08\u7ea6483\u516c\u91cc\uff09\u7684\u8ddd\u79bb\u5916\u53d1\u5c04\u9e70\u51fb-18\u5bfc\u5f39\u6253\u51fb\u5173\u5c9b\u5b89\u5fb7\u68ee\u7a7a\u519b\u57fa\u5730\u3002", "events": [], "arguments": {"time": [], "loc": [{"text": "\u5173\u5c9b", "offset": 39, "length": 2}, {"text": "\u5173\u5c9b", "offset": 69, "length": 2}, {"text": "\u5173\u5c9b\u5b89\u5fb7\u68ee\u7a7a\u519b\u57fa\u5730", "offset": 115, "length": 9}], "country": [{"text": "\u4e2d\u56fd", "offset": 2, "length": 2}, {"text": "\u4e2d\u56fd", "offset": 42, "length": 2}, {"text": "\u4e2d\u56fd", "offset": 76, "length": 2}], "weapon": [{"text": "\u4e1c\u98ce-26\u5bfc\u5f39", "offset": 27, "length": 7}, {"text": "\u957f\u5251-10\u578b\u5de1\u822a\u5bfc\u5f39", "offset": 48, "length": 10}, {"text": "\u8f70-6\u8f70\u70b8\u673a", "offset": 59, "length": 6}, {"text": "\u8230\u8247", "offset": 81, "length": 2}, {"text": "\u9e70\u51fb-18\u5bfc\u5f39", "offset": 106, "length": 7}]}}, {"sentence": "\u7f8e\u56fd\u519b\u65b9\u9886\u5bfc\u4eba\u8ba4\u4e3a\uff0c\u5728\u5927\u89c4\u6a21\u6218\u4e89\u6761\u4ef6\u4e0b\uff0c\u81f3\u5c11\u4f1a\u6709\u6570\u679a\u5bfc\u5f39\u98de\u5411\u5173\u5c9b\uff0c\u6570\u5343\u7f8e\u56fd\u4eba\u7684\u751f\u547d\u3001\u4ef7\u503c\u6570\u4ee5\u4ebf\u7f8e\u5143\u7684\u6218\u673a\u4ee5\u53ca\u7f8e\u56fd\u7a7a\u519b\u7684\u8fdc\u7a0b\u4f5c\u6218\u529b\u91cf\u90fd\u4f1a\u53d7\u5230\u5a01\u80c1\u3002", "events": [], "arguments": {"time": [], "loc": [{"text": "\u5173\u5c9b", "offset": 30, "length": 2}], "country": [{"text": "\u7f8e\u56fd", "offset": 0, "length": 2}, {"text": "\u7f8e\u56fd", "offset": 35, "length": 2}, {"text": "\u7f8e\u56fd", "offset": 54, "length": 2}], "weapon": [{"text": "\u5bfc\u5f39", "offset": 26, "length": 2}, {"text": "\u6218\u673a", "offset": 50, "length": 2}]}}, {"sentence": "\u8fd9\u5c31\u662f\u4e3a\u4ec0\u4e48\u7f8e\u519b\u5728\u5173\u5c9b\u90e8\u7f72\u4e86\u4e00\u7cfb\u5217\u7684\u672b\u6bb5\u9ad8\u7a7a\u533a\u57df\u9632\u5fa1\u7cfb\u7edf\uff0c\u7f8e\u519b\u5728\u5371\u6025\u65f6\u523b\u8fd8\u80fd\u7d27\u6025\u5411\u5173\u5c9b\u90e8\u7f72\u201c\u7231\u56fd\u8005\u201d-3\u9632\u7a7a\u53cd\u5bfc\u7cfb\u7edf\u3002", "events": [], "arguments": {"time": [], "loc": [{"text": "\u5173\u5c9b", "offset": 9, "length": 2}, {"text": "\u5173\u5c9b", "offset": 41, "length": 2}], "country": [], "weapon": [{"text": "\u201c\u7231\u56fd\u8005\u201d-3\u9632\u7a7a\u53cd\u5bfc\u7cfb\u7edf", "offset": 45, "length": 13}]}}, {"sentence": "\u7f8e\u519b\u76ee\u524d\u88c5\u5907\u7684\u201c\u8428\u5fb7\u201d\u548c\u201c\u7231\u56fd\u8005\u201d\u90fd\u662f\u672b\u6bb5\u9ad8\u7a7a\u533a\u57df\u9632\u5fa1\u7cfb\u7edf\uff0c\u5b83\u4eec\u90fd\u662f\u7528\u4e8e\u5728\u98de\u884c\u672b\u6bb5\u5bf9\u5bfc\u5f39\u5b9e\u65bd\u62e6\u622a\u3002", "events": [], "arguments": {"time": [], "loc": [], "country": [{"text": "\u7f8e", "offset": 0, "length": 1}], "weapon": [{"text": "\u201c\u8428\u5fb7\u201d", "offset": 7, "length": 4}, {"text": "\u201c\u7231\u56fd\u8005\u201d", "offset": 12, "length": 5}]}}, {"sentence": "\u800c\u201c\u6807\u51c6\u201d-3\u5bfc\u5f39\u5219\u662f\u4e00\u79cd\u4e2d\u6bb5\u53cd\u5bfc\u62e6\u622a\u7cfb\u7edf\uff0c\u5f53\u5f39\u9053\u5bfc\u5f39\u5728\u5927\u6c14\u5c42\u8fb9\u7f18\u98de\u884c\u65f6\u8fdb\u884c\u62e6\u622a\uff0c\u8fd9\u53ef\u4ee5\u5728\u66f4\u8fdc\u7684\u8ddd\u79bb\u4e4b\u5916\u62e6\u4e0b\u5f39\u9053\u5bfc\u5f39\u3002", "events": [], "arguments": {"time": [], "loc": [], "country": [], "weapon": [{"text": "\u201c\u6807\u51c6\u201d-3\u5bfc\u5f39", "offset": 1, "length": 8}, {"text": "\u5f39\u9053\u5bfc\u5f39", "offset": 54, "length": 4}]}}, {"sentence": "\u76ee\u524d\u6709\u4e24\u79cd\u65b9\u6cd5\u53ef\u4ee5\u53d1\u5c04\u201c\u6807\u51c6\u201d-3\u5bfc\u5f39\uff0c\u4f7f\u7528\u88c5\u5907\u201c\u5b99\u65af\u76fe\u201d\u4f5c\u6218\u7cfb\u7edf\u7684\u6218\u8230\u8fdb\u884c\u6d77\u4e0a\u53d1\u5c04\u6216\u662f\u4f7f\u7528\u9646\u57fa\u201c\u5b99\u65af\u76fe\u201d\u7cfb\u7edf\u8fdb\u884c\u9646\u4e0a\u53d1\u5c04\u3002", "events": [], "arguments": {"time": [], "loc": [{"text": "\u6d77\u4e0a", "offset": 38, "length": 2}], "country": [], "weapon": [{"text": "\u201c\u6807\u51c6\u201d-3\u5bfc\u5f39", "offset": 11, "length": 8}, {"text": "\u201c\u5b99\u65af\u76fe\u201d\u7cfb\u7edf", "offset": 48, "length": 7}]}}, {"sentence": "\u7f8e\u56fd\u5bfc\u5f39\u9632\u5fa1\u5c40\u76ee\u524d\u6b63\u5728\u7f57\u9a6c\u5c3c\u4e9a\u548c\u6ce2\u5170\u5b89\u88c5\u9646\u57fa\u201c\u5b99\u65af\u76fe\u201d\u7cfb\u7edf\u3002", "events": [], "arguments": {"time": [], "loc": [], "country": [{"text": "\u7f8e\u56fd", "offset": 0, "length": 2}, {"text": "\u7f57\u9a6c\u5c3c\u4e9a", "offset": 11, "length": 4}, {"text": "\u6ce2\u5170", "offset": 16, "length": 2}], "weapon": [{"text": "\u9646\u57fa\u201c\u5b99\u65af\u76fe\u201d\u7cfb\u7edf", "offset": 20, "length": 9}]}}, {"sentence": "\u6b64\u524d\u65e5\u672c\u4e5f\u60f3\u8981\u90e8\u7f72\u9646\u57fa\u201c\u5b99\u65af\u76fe\u201d\uff0c\u4f46\u5728\u5f53\u5730\u6c11\u4f17\u7684\u5f3a\u70c8\u53cd\u5bf9\u4e0b\u53d6\u6d88\u4e86\u90e8\u7f72\u8ba1\u5212\u3002", "events": [], "arguments": {"time": [], "loc": [], "country": [{"text": "\u65e5\u672c", "offset": 2, "length": 2}], "weapon": [{"text": "\u9646\u57fa\u201c\u5b99\u65af\u76fe\u201d", "offset": 9, "length": 7}]}}, {"sentence": "\u9646\u57fa\u201c\u5b99\u65af\u76fe\u201d\u7684\u4f7f\u7528\u6210\u672c\u8981\u6bd4\u9a71\u9010\u8230\u66f4\u4e3a\u4fbf\u5b9c\u3002", "events": [], "arguments": {"time": [], "loc": [], "country": [], "weapon": [{"text": "\u9646\u57fa\u201c\u5b99\u65af\u76fe\u201d", "offset": 0, "length": 7}, {"text": "\u9a71\u9010\u8230", "offset": 14, "length": 3}]}}, {"sentence": "\u5982\u679c\u60f3\u8981\u8ba9\u4e24\u8258\u4ef7\u503c\u6570\u5341\u4ebf\u7f8e\u5143\u7684\u201c\u5b99\u65af\u76fe\u201d\u6218\u823024\u5c0f\u65f6\u5f85\u547d\uff0c\u5219\u9700\u8981\u81f3\u5c11\u56db\u8258\u519b\u8230\u8f6e\u6362\u90e8\u7f72\uff0c\u6700\u591a\u53ef\u80fd\u9700\u8981\u516d\u8258\uff0c\u6210\u672c\u76f8\u5f53\u9ad8\u6602\u3002", "events": [], "arguments": {"time": [], "loc": [], "country": [], "weapon": [{"text": "\u201c\u5b99\u65af\u76fe\u201d\u6218\u8230", "offset": 15, "length": 7}]}}, {"sentence": "\u65f6\u4efb\u7f8e\u56fd\u7f8e\u519b\u4f5c\u6218\u90e8\u957f\u7684\u7ea6\u7ff0\u00b7\u7406\u67e5\u5fb7\u68ee\u4e0a\u5c06\u66fe\u57282019\u5e74\u8bf4\uff1a\u201c\u6211\u4eec\u7684\u4f5c\u6218\u80fd\u529b\u975e\u5e38\u5f3a\u5927\uff0c\u6211\u4eec\u7684\u519b\u8230\u5bf9\u4e00\u4e9b\u9646\u4e0a\u76ee\u6807\u7684\u4fdd\u62a4\u957f\u8fbe\u5341\u5e74\u4e4b\u4e45\u3002", "events": [], "arguments": {"time": [{"text": "2019\u5e74", "offset": 22, "length": 5}], "loc": [], "country": [{"text": "\u7f8e\u56fd", "offset": 2, "length": 2}], "weapon": [{"text": "\u519b\u8230", "offset": 45, "length": 2}]}}, {"sentence": "\u5982\u679c\u9700\u8981\u5bf9\u56fa\u5b9a\u7684\u8d44\u4ea7\u8fdb\u884c\u957f\u671f\u4fdd\u62a4\uff0c\u90a3\u4e48\u6211\u4eec\u5e94\u8be5\u5728\u9646\u5730\u4e0a\u5efa\u9020\u4e00\u4e9b\u4e1c\u897f\u6765\u4fdd\u62a4\u5b83\u4eec\uff0c\u8ba9\u6211\u4eec\u7684\u519b\u8230\u4ece\u8fd9\u4e9b\u4efb\u52a1\u4e2d\u8131\u79bb\u51fa\u53bb\u3002", "events": [], "arguments": {"time": [], "loc": [], "country": [], "weapon": [{"text": "\u519b\u8230", "offset": 43, "length": 2}]}}, {"sentence": "\u201d", "events": [], "arguments": {"time": [], "loc": [], "country": [], "weapon": []}}, {"sentence": "\u62a5\u9053\u8ba4\u4e3a\uff0c\u6234\u7ef4\u68ee\u663e\u7136\u540c\u610f\u7406\u7406\u67e5\u5fb7\u68ee\u7684\u89c2\u70b9\uff0c\u4f46\u7f8e\u56fd\u56fd\u4f1a\u662f\u5426\u4f1a\u540c\u610f\u82b1\u8d39\u6570\u5341\u4ebf\u7f8e\u5143\u5728\u5173\u5c9b\u5efa\u7acb\u9646\u57fa\u201c\u5b99\u65af\u76fe\u201d\u7cfb\u7edf\u8fd8\u662f\u4e2a\u672a\u77e5\u6570\u3002", "events": [], "arguments": {"time": [], "loc": [{"text": "\u5173\u5c9b", "offset": 39, "length": 2}], "country": [{"text": "\u7f8e\u56fd", "offset": 22, "length": 2}], "weapon": [{"text": "\u201c\u5b99\u65af\u76fe\u201d\u7cfb\u7edf", "offset": 45, "length": 7}]}}]