[{"sentence": "\u4fc4\u5a92\uff1a\u4fc4\u519b\u53ef\u5728\u672a\u67653\u81f35\u5e74\u5217\u88c5\u65b0\u578b\u5bfc\u5f39\u5217\u8f66\u00a0\u4e00\u5957\u914d\u590730\u679a\u6838\u5f39\u5934", "events": [], "arguments": {"time": [], "loc": [], "country": [{"text": "\u4fc4", "offset": 0, "length": 1}, {"text": "\u4fc4", "offset": 3, "length": 1}], "weapon": []}}, {"sentence": "\u3010\u73af\u7403\u7f51\u519b\u4e8b\u62a5\u9053\u3011", "events": [], "arguments": {"time": [], "loc": [], "country": [], "weapon": []}}, {"sentence": "\u4fc4\u7f57\u65af\u536b\u661f\u65b0\u95fb\u901a\u8baf\u793e7\u670823\u65e5\u62a5\u9053\uff0c\u4fc4\u7f57\u65af\u6218\u7565\u6b66\u5668\u9886\u57df\u4e13\u5bb6\u3001\u6218\u7565\u5bfc\u5f39\u90e8\u961f\u8001\u5175\u5f17\u62c9\u57fa\u7c73\u5c14\u00b7\u53f6\u592b\u8c22\u8036\u592b\u8fd1\u65e5\u5728\u63a5\u53d7\u91c7\u8bbf\u65f6\u8868\u793a\uff0c\u5982\u679c\u4fc4\u7f57\u65af\u519b\u65b9\u9886\u5bfc\u5c42\u505a\u51fa\u51b3\u5b9a\uff0c\u4fc4\u7f57\u65af\u6218\u7565\u5bfc\u5f39\u90e8\u961f\u53ef\u5728\u672a\u67653\u81f35\u5e74\u5185\u5217\u88c5\u201c\u5df4\u5c14\u53e4\u6d25\u201d\u65b0\u578b\u94c1\u8def\u5bfc\u5f39\u4f5c\u6218\u7cfb\u7edf\u3002", "events": [], "arguments": {"time": [{"text": "7\u670823\u65e5", "offset": 10, "length": 5}], "loc": [{"text": "\u4fc4\u7f57\u65af", "offset": 75, "length": 3}], "country": [{"text": "\u4fc4\u7f57\u65af", "offset": 75, "length": 3}, {"text": "\u4fc4\u7f57\u65af", "offset": 0, "length": 3}, {"text": "\u4fc4\u7f57\u65af", "offset": 18, "length": 3}, {"text": "\u4fc4\u7f57\u65af", "offset": 62, "length": 3}], "weapon": [{"text": "\u201c\u5df4\u5c14\u53e4\u6d25\u201d\u65b0\u578b\u94c1\u8def\u5bfc\u5f39", "offset": 95, "length": 12}]}}, {"sentence": "\u636e\u63a8\u6d4b\u201c\u5df4\u5c14\u53e4\u6d25\u201d\u65b0\u4e00\u4ee3\u94c1\u8def\u5bfc\u5f39\u4f5c\u6218\u7cfb\u7edf2018\u5e74\u524d\u4e00\u76f4\u5728\u7814\u53d1\u4e4b\u4e2d\uff0c\u4f46\u300a\u4fc4\u7f57\u65af\u62a5\u300b2017\u5e74\u66fe\u63f4\u5f15\u56fd\u9632\u5de5\u4e1a\u6d88\u606f\u4eba\u58eb\u7684\u8bdd\u62a5\u9053\u79f0\uff0c\u65b0\u4e00\u4ee3\u94c1\u8def\u5bfc\u5f39\u4f5c\u6218\u7cfb\u7edf\u7684\u7814\u53d1\u5de5\u4f5c\u5df2\u7ecf\u6682\u505c\u3002", "events": [], "arguments": {"time": [{"text": "2018\u5e74\u524d", "offset": 20, "length": 6}, {"text": "2017\u5e74", "offset": 41, "length": 5}], "loc": [], "country": [{"text": "\u4fc4\u7f57\u65af", "offset": 36, "length": 3}], "weapon": []}}, {"sentence": "\u6709\u6d88\u606f\u4eba\u58eb\u8868\u793a\uff0c\u201c\u5df4\u5c14\u53e4\u6d25\u201d\u7684\u6027\u80fd\u8fdc\u8d85\u82cf\u8054\u65f6\u671f\u7684\u201c\u83ab\u6d1b\u6770\u8328\u201d\u94c1\u8def\u5bfc\u5f39\u7cfb\u7edf\uff0c\u540e\u8005\u914d\u5907\u7684\u5bfc\u5f39\u8fc7\u91cd\uff0c\u666e\u901a\u8f66\u53a2\u65e0\u6cd5\u5bb9\u7eb3\uff0c\u8fd9\u4f7f\u5176\u5f88\u5bb9\u6613\u66b4\u9732\u3002", "events": [], "arguments": {"time": [], "loc": [], "country": [{"text": "\u82cf\u8054", "offset": 19, "length": 2}], "weapon": [{"text": "\u201c\u5df4\u5c14\u53e4\u6d25\u201d", "offset": 8, "length": 6}, {"text": "\u201c\u83ab\u6d1b\u6770\u8328\u201d\u94c1\u8def\u5bfc\u5f39\u7cfb\u7edf", "offset": 24, "length": 12}]}}, {"sentence": "\u7531\u4e8e\u6240\u8f7d\u5bfc\u5f39\u66f4\u4e3a\u201c\u8f7b\u4fbf\u201d\uff0c\u53ef\u653e\u5165\u666e\u901a\u8f66\u53a2\uff0c\u201c\u5df4\u5c14\u53e4\u6d25\u201d\u80fd\u591f\u5728\u4fc4\u7f57\u65af\u4efb\u610f\u4e00\u6bb5\u94c1\u8def\u8fdb\u884c\u53d1\u5c04\u3002", "events": [], "arguments": {"time": [], "loc": [], "country": [{"text": "\u4fc4\u7f57\u65af", "offset": 30, "length": 3}], "weapon": [{"text": "\u201c\u5df4\u5c14\u53e4\u6d25\u201d", "offset": 21, "length": 6}]}}, {"sentence": "\u5982\u679c\u9700\u8981\u56de\u51fb\uff0c\u201c\u5df4\u5c14\u53e4\u6d25\u201d\u5c06\u6bd4\u201c\u767d\u6768\u201d\u548c\u201c\u4e9a\u5c14\u65af\u201d\u79fb\u52a8\u5730\u9762\u5bfc\u5f39\u7cfb\u7edf\u66f4\u52a0\u6709\u6548\uff0c\u540e\u4e24\u8005\u53d1\u5c04\u5bfc\u5f39\u9700\u8981\u8fdb\u5165\u6218\u533a\uff0c\u5e76\u90e8\u7f72\u5728\u90a3\u91cc\uff0c\u6240\u4ee5\u5728\u67d0\u6bb5\u65f6\u95f4\u4f1a\u5bb9\u6613\u906d\u5230\u654c\u4eba\u653b\u51fb\u3002", "events": [], "arguments": {"time": [], "loc": [], "country": [], "weapon": [{"text": "\u201c\u5df4\u5c14\u53e4\u6d25\u201d", "offset": 7, "length": 6}, {"text": "\u201c\u767d\u6768\u201d", "offset": 15, "length": 4}, {"text": "\u201c\u4e9a\u5c14\u65af\u201d\u79fb\u52a8\u5730\u9762\u5bfc\u5f39\u7cfb\u7edf", "offset": 20, "length": 13}]}}, {"sentence": "\u62a5\u9053\u79f0\uff0c\u6839\u636e\u300a\u7b2c\u4e8c\u9636\u6bb5\u524a\u51cf\u6218\u7565\u6b66\u5668\u6761\u7ea6\u300b\u89c4\u5b9a\uff0c\u82cf\u8054\u201c\u83ab\u6d1b\u6770\u8328\u201d\u94c1\u8def\u5bfc\u5f39\u7cfb\u7edf\u4e8e2005\u5e74\u9000\u5f79\u3002", "events": [], "arguments": {"time": [{"text": "2005\u5e74", "offset": 38, "length": 5}], "loc": [], "country": [{"text": "\u82cf\u8054", "offset": 23, "length": 2}], "weapon": [{"text": "\u201c\u83ab\u6d1b\u6770\u8328\u201d\u94c1\u8def\u5bfc\u5f39\u7cfb\u7edf", "offset": 25, "length": 12}]}}, {"sentence": "\u5176\u540e\u7b7e\u8ba2\u7684\u300a\u7b2c\u4e09\u9636\u6bb5\u524a\u51cf\u6218\u7565\u6b66\u5668\u6761\u7ea6\u300b\uff08\u5373\u300a\u65b0\u524a\u51cf\u6218\u7565\u6b66\u5668\u6761\u7ea6\u300b\uff09\u5219\u4e0d\u7981\u6b62\u7814\u53d1\u6b64\u7c7b\u578b\u65b0\u5bfc\u5f39\u7cfb\u7edf\u3002", "events": [], "arguments": {"time": [], "loc": [], "country": [], "weapon": []}}, {"sentence": "\u201c\u5df4\u5c14\u53e4\u6d25\u201d\u5916\u89c2\u4e0e\u666e\u901a\u8d27\u8fd0\u5217\u8f66\u5e76\u65e0\u533a\u522b\uff0c\u4f46\u8f66\u53a2\u5185\u88c5\u67093\u4e2a\u6d32\u9645\u5f39\u9053\u5bfc\u5f39\u7cfb\u7edf\uff0c\u914d\u590730\u679a\u5f39\u5934\u3002", "events": [], "arguments": {"time": [], "loc": [], "country": [], "weapon": [{"text": "\u201c\u5df4\u5c14\u53e4\u6d25\u201d", "offset": 0, "length": 6}, {"text": "\u8fd0\u5217\u8f66", "offset": 0, "length": 3}, {"text": "\u6d32\u9645\u5f39\u9053\u5bfc\u5f39\u7cfb\u7edf", "offset": 28, "length": 8}]}}, {"sentence": "\u6b64\u5916\uff0c\u8f66\u4e0a\u8fd8\u6709\u6307\u6325\u6240\u3001\u6280\u672f\u7cfb\u7edf\u3001\u901a\u8baf\u8bbe\u5907\uff0c\u5e76\u914d\u5907\u4e86\u76f8\u5e94\u4eba\u5458\u3002", "events": [], "arguments": {"time": [], "loc": [], "country": [], "weapon": []}}, {"sentence": "\u82e5\u9047\u5230\u6838\u6218\u5a01\u80c1\uff0c\u201c\u5bfc\u5f39\u5217\u8f66\u201d\u5c06\u8fdb\u5165\u5de1\u903b\u8def\u7ebf\uff0c\u6df7\u7f16\u5728\u5176\u4ed6\u5217\u8f66\u4e4b\u4e2d\uff0c\u6536\u5230\u6218\u6597\u547d\u4ee4\u540e\u505c\u6b62\u524d\u8fdb\uff0c\u505a\u597d\u8fdb\u653b\u51c6\u5907\u3002", "events": [], "arguments": {"time": [], "loc": [], "country": [], "weapon": [{"text": "\u201c\u5bfc\u5f39\u5217\u8f66\u201d", "offset": 8, "length": 6}]}}, {"sentence": "\u4e09\u8282\u8f66\u53a2\u9876\u90e8\u6253\u5f00\uff0c\u9690\u85cf\u5728\u91cc\u9762\u7684\u88c5\u7f6e\u4f1a\u628a\u5bfc\u5f39\u53d1\u5c04\u5bb9\u5668\u7f6e\u4e8e\u5782\u76f4\u72b6\u6001\uff0c\u5728\u51e0\u5206\u949f\u5185\u5c31\u80fd\u5b8c\u6210\u53d1\u5c04\u3002", "events": [], "arguments": {"time": [], "loc": [], "country": [], "weapon": [{"text": "\u5bfc\u5f39", "offset": 19, "length": 2}]}}]