[{"sentence": "\u6b27\u6d32\u53f0\u98ce\u6218\u673a\u5c06\u8fce\u8131\u80ce\u6362\u9aa8\u5f0f\u5347\u7ea7\u00a0\u6216\u7528\u4e0a\u77e2\u91cf\u63a8\u529b\u5c3e\u55b7\u53e3", "events": [], "arguments": {"time": [], "loc": [], "country": [{"text": "\u6b27\u6d32", "offset": 0, "length": 2}], "weapon": [{"text": "\u53f0\u98ce\u6218\u673a", "offset": 2, "length": 4}]}}, {"sentence": "\u3010\u73af\u7403\u7f51\u62a5\u9053 \u89c1\u4e60\u8bb0\u8005 \u9a6c\u5ca9\u3011", "events": [], "arguments": {"time": [], "loc": [], "country": [], "weapon": []}}, {"sentence": "\u636e\u201c\u98de\u884c\u56fd\u9645\u201d\uff08FlightGlobal\uff09\u7f51\u7ad97\u670823\u65e5\u62a5\u9053\uff0c\u6b27\u6d32\u6218\u6597\u673a\u5de5\u4e1a\u8054\u5408\u4f53\u5c06\u5728\u5e74\u5e95\u524d\u63d0\u4f9b\u4e00\u4efd\u53ef\u9009\u62e9\u7684\u201c\u80fd\u529b\u5347\u7ea7\u6e05\u5355\u201d\uff0c\u4ee5\u5bf9\u201c\u53f0\u98ce\u201d\u6218\u6597\u673a\u8fdb\u884c\u4e00\u7cfb\u5217\u5347\u7ea7\u3002", "events": [], "arguments": {"time": [{"text": "7\u670823\u65e5", "offset": 23, "length": 5}], "loc": [], "country": [{"text": "\u6b27\u6d32", "offset": 31, "length": 2}], "weapon": [{"text": "\u201c\u53f0\u98ce\u201d\u6218\u6597\u673a", "offset": 65, "length": 7}]}}, {"sentence": "\u62a5\u9053\u63f4\u5f15\u201c\u53f0\u98ce\u201d\u9879\u76ee\u8fd0\u8425\u4e3b\u7ba1\u4fdd\u7f57\u2022\u53f2\u5bc6\u65af\u7684\u8bdd\u79f0\uff0c\u6b27\u6d32\u6218\u6597\u673a\u5de5\u4e1a\u8054\u5408\u4f53\u5411\u5ba2\u6237\u63d0\u4f9b\u4e86\u591a\u79cd\u5347\u7ea7\u9009\u9879\uff0c\u5176\u8986\u76d6\u8303\u56f4\u4ece\u5bf9\u6218\u673a\u7684\u73b0\u6709\u80fd\u529b\u8fdb\u884c\u66f4\u65b0\uff0c\u5230\u5b8c\u5168\u66f4\u6362\u822a\u7535\u548c\u7cfb\u7edf\u7684\u67b6\u6784\u3002", "events": [], "arguments": {"time": [], "loc": [], "country": [{"text": "\u6b27\u6d32", "offset": 24, "length": 2}], "weapon": [{"text": "\u6218\u673a", "offset": 54, "length": 2}]}}, {"sentence": "\u4ed6\u8868\u793a\uff0c\u5e0c\u671b\u6218\u673a\u7684\u5408\u4f5c\u4f19\u4f34\u56fd\u5fb7\u56fd\u3001\u610f\u5927\u5229\u3001\u897f\u73ed\u7259\u548c\u82f1\u56fd\u505a\u51fa\u4e00\u4e2a\u5c45\u4e2d\u7684\u9009\u62e9\uff0c\u5347\u7ea7\u9879\u76ee\u5305\u62ec\u5b89\u88c5\u5927\u9762\u79ef\u5c4f\u5e55\u663e\u793a\uff08\u4f46\u6ca1\u6709\u5934\u76d4\u663e\u793a\uff09\uff0c\u66f4\u65b0\u901a\u4fe1\u548c\u6570\u636e\u5b58\u50a8\u8f6f\u4ef6\uff0c\u63d0\u9ad8\u5feb\u901f\u5206\u4eab\u548c\u79fb\u52a8\u6570\u636e\u80fd\u529b\u7b49\u3002", "events": [], "arguments": {"time": [], "loc": [], "country": [{"text": "\u5fb7\u56fd", "offset": 14, "length": 2}, {"text": "\u610f\u5927\u5229", "offset": 17, "length": 3}, {"text": "\u897f\u73ed\u7259", "offset": 21, "length": 3}, {"text": "\u82f1\u56fd", "offset": 25, "length": 2}], "weapon": [{"text": "\u6218\u673a", "offset": 6, "length": 2}]}}, {"sentence": "\u53d1\u52a8\u673a\u548c\u98de\u884c\u63a7\u5236\u7cfb\u7edf\u5347\u7ea7\u65b9\u9762\uff0c\u53ef\u4ee5\u63d0\u9ad8\u201c\u53f0\u98ce\u201d\u6218\u673aEJ200\u6da1\u6247\u53d1\u52a8\u673a\u7684\u71c3\u6cb9\u6548\u7387\uff0c\u5e76\u6539\u9020\u98de\u673a\u7684\u7a7a\u6c14\u52a8\u529b\u5916\u5f62\u3002", "events": [], "arguments": {"time": [], "loc": [], "country": [], "weapon": [{"text": "\u201c\u53f0\u98ce\u201d\u6218\u673a", "offset": 19, "length": 6}]}}, {"sentence": "\u6b64\u5916\uff0c\u91c7\u7528\u4e00\u7ef4\u6216\u4e8c\u7ef4\u77e2\u91cf\u63a8\u529b\u5c3e\u55b7\u53e3\u53ef\u4ee5\u8ba9\u6218\u673a\u5b9e\u73b0\u201c\u9ad8\u89d2\u5ea6\u653b\u51fb\u6001\u52bf\u201d\u98de\u884c\uff0c\u5e76\u63d0\u9ad8\u77ed\u8ddd\u79bb\u8d77\u964d\u80fd\u529b\u3002", "events": [], "arguments": {"time": [], "loc": [], "country": [], "weapon": [{"text": "\u6218\u673a", "offset": 20, "length": 2}]}}, {"sentence": "\u7ecf\u8fc7\u8f6f\u4ef6\u5347\u7ea7\uff0c\u98de\u673a\u8fd8\u53ef\u4ee5\u642d\u8f7d\u66f4\u591a\u79cd\u7c7b\u7684\u6b66\u5668\uff0c\u5305\u62ec\u4e00\u4e9b\u65b0\u5f0f\u6b66\u5668\uff0c\u4f8b\u5982\u6b27\u6d32\u5bfc\u5f39\u96c6\u56e2\u7814\u5236\u7684\u201c\u672a\u6765\u5de1\u822a/\u53cd\u8230\u5bfc\u5f39\u201d\u548cSpear-EW\u7535\u5b50\u653b\u51fb\u5bfc\u5f39\u7b49\u3002", "events": [], "arguments": {"time": [], "loc": [], "country": [{"text": "\u6b27\u6d32", "offset": 33, "length": 2}], "weapon": [{"text": "\u201c\u672a\u6765\u5de1\u822a/\u53cd\u8230\u5bfc\u5f39\u201d", "offset": 42, "length": 11}, {"text": "Spear-EW\u7535\u5b50\u653b\u51fb\u5bfc\u5f39", "offset": 54, "length": 14}]}}, {"sentence": "\u4fdd\u7f57\u2022\u53f2\u5bc6\u65af\u8868\u793a\uff0c\u9664\u4e86\u66f4\u65b0\u6218\u673a\u7684\u73b0\u6709\u80fd\u529b\u5916\uff0c\u5347\u7ea7\u8fd8\u5305\u62ec\u91c7\u7528\u5f00\u653e\u5f0f\u7684\u4efb\u52a1\u7cfb\u7edf\uff0c\u4e3a\u672a\u6765\u7684\u65b0\u6280\u672f\u5e94\u7528\u9884\u7559\u7a7a\u95f4\uff0c\u6bd4\u5982\u82f1\u56fdBAE\u7cfb\u7edf\u516c\u53f8\u4e3b\u5bfc\u7684\u201c\u66b4\u98ce\u96e8\u201d\u672a\u6765\u7a7a\u6218\u7cfb\u7edf\u3002", "events": [], "arguments": {"time": [], "loc": [], "country": [{"text": "\u82f1\u56fd", "offset": 54, "length": 2}], "weapon": [{"text": "\u201c\u66b4\u98ce\u96e8\u201d", "offset": 66, "length": 5}]}}]