[{"sentence": "\u5370\u5ea6\u9996\u6279\u201c\u9635\u98ce\u201d\u6218\u673a\u5373\u5c06\u5230\u8d27\u00a0\u8be5\u673a\u4e00\u9879\u9ad8\u539f\u5173\u952e\u80fd\u529b\u66dd\u5149", "events": [], "arguments": {"time": [], "loc": [{"text": "\u9ad8\u539f", "offset": 19, "length": 2}], "country": [{"text": "\u5370\u5ea6", "offset": 0, "length": 2}], "weapon": [{"text": "\u201c\u9635\u98ce\u201d\u6218\u673a", "offset": 4, "length": 6}]}}, {"sentence": "\u3010\u73af\u7403\u7f51\u62a5\u9053 \u8bb0\u8005 \u5f90\u7490\u660e\u3011", "events": [], "arguments": {"time": [], "loc": [], "country": [], "weapon": []}}, {"sentence": "\u636e\u201c\u6218\u6597\u673a\u4e16\u754c\u201d\u7f51\u7ad97\u670822\u65e5\u62a5\u9053\uff0c\u5370\u5ea6\u5c06\u5728\u4e2d\u5370\u8fb9\u5883\u5730\u533a\u90e8\u7f72\u6700\u65b0\u7684\u201c\u9635\u98ce\u201d\u6218\u6597\u673a\uff0c\u4ee5\u52a0\u5f3a\u5370\u5ea6\u5728\u8be5\u5730\u533a\u7684\u519b\u4e8b\u5b58\u5728\u3002", "events": [], "arguments": {"time": [{"text": "7\u670822\u65e5", "offset": 10, "length": 5}], "loc": [{"text": "\u4e2d\u5370\u8fb9\u5883\u5730\u533a", "offset": 22, "length": 6}], "country": [{"text": "\u5370\u5ea6", "offset": 44, "length": 2}, {"text": "\u5370\u5ea6", "offset": 18, "length": 2}], "weapon": [{"text": "\u201c\u9635\u98ce\u201d\u6218\u6597\u673a", "offset": 33, "length": 7}]}}, {"sentence": "\u62a5\u9053\u79f0\uff0c\u6839\u636e\u5370\u5ea6\u7a7a\u519b\u63d0\u51fa\u7684\u7279\u522b\u8981\u6c42\uff0c\u6cd5\u56fd\u5236\u9020\u5546\u6b63\u5728\u52a0\u5feb\u5411\u5370\u5ea6\u4ea4\u4ed8\u201c\u9635\u98ce\u201d\u6218\u6597\u673a\u3002", "events": [{"trigger": {"text": "\u4ea4\u4ed8", "offset": 30, "length": 2}, "subject": {"text": "\u6cd5\u56fd\u5236\u9020\u5546", "offset": 18, "length": 5}, "object": {"text": "\u201c\u9635\u98ce\u201d\u6218\u6597\u673a", "offset": 32, "length": 7}}], "arguments": {"time": [], "loc": [], "country": [{"text": "\u5370\u5ea6", "offset": 6, "length": 2}, {"text": "\u6cd5\u56fd", "offset": 18, "length": 2}, {"text": "\u5370\u5ea6", "offset": 28, "length": 2}], "weapon": [{"text": "\u201c\u9635\u98ce\u201d\u6218\u6597\u673a", "offset": 32, "length": 7}]}}, {"sentence": "\u6cd5\u56fd\u6700\u521d\u8ba1\u5212\u4ea4\u4ed84\u67b6\u201c\u9635\u98ce\u201d\uff0c\u4f46\u9884\u8ba1\u672c\u6708\u5e95\u5c06\u67096\u67b6\u201c\u9635\u98ce\u201d\u6218\u6597\u673a\u98de\u62b5\u5370\u5ea6\u7684\u5b89\u5df4\u62c9\u673a\u573a\u3002", "events": [], "arguments": {"time": [], "loc": [{"text": "\u5b89\u5df4\u62c9\u673a\u573a", "offset": 37, "length": 5}], "country": [{"text": "\u6cd5\u56fd", "offset": 0, "length": 2}, {"text": "\u5370\u5ea6", "offset": 34, "length": 2}], "weapon": [{"text": "\u201c\u9635\u98ce\u201d", "offset": 25, "length": 4}, {"text": "\u201c\u9635\u98ce\u201d\u6218\u6597\u673a", "offset": 25, "length": 7}]}}, {"sentence": "\u4e00\u540d\u672a\u900f\u9732\u59d3\u540d\u7684\u6d88\u606f\u4eba\u58eb\u8868\u793a\uff1a\u201c\u5370\u5ea6\u98de\u884c\u5458\u548c\u5730\u52e4\u4eba\u5458\u53bb\u5e74\u5df2\u7ecf\u5728\u6cd5\u56fd\u63a5\u53d7\u4e86\u5168\u9762\u7684\u57f9\u8bad\uff0c\u5305\u62ec\u4f7f\u7528\u5148\u8fdb\u7684\u6b66\u5668\u7cfb\u7edf\u3002", "events": [], "arguments": {"time": [], "loc": [], "country": [{"text": "\u5370\u5ea6", "offset": 16, "length": 2}, {"text": "\u6cd5\u56fd", "offset": 31, "length": 2}], "weapon": []}}, {"sentence": "\u201d\u636e\u6089\uff0c\u201c\u9635\u98ce\u201d\u6218\u6597\u673a\u5c06\u5177\u5907\u5728\u9ad8\u6d77\u62d4\u57fa\u5730\u51b7\u542f\u52a8\u7684\u80fd\u529b\uff0c\u8fd8\u5c06\u914d\u5907\u201c\u6d41\u661f\u201d\u8d85\u89c6\u8ddd\u7a7a\u7a7a\u5bfc\u5f39\u3002", "events": [], "arguments": {"time": [], "loc": [], "country": [], "weapon": [{"text": "\u201c\u9635\u98ce\u201d\u6218\u6597\u673a", "offset": 4, "length": 7}, {"text": "\u201c\u6d41\u661f\u201d\u8d85\u89c6\u8ddd\u7a7a\u7a7a\u5bfc\u5f39", "offset": 31, "length": 11}]}}, {"sentence": "\u62a5\u9053\u5f3a\u8c03\uff0c\u201c\u9635\u98ce\u201d\u6218\u6597\u673a\u7684\u53d1\u52a8\u673a\u51b7\u542f\u52a8\u80fd\u529b\u662f\u5370\u5ea6\u5bf9\u8be5\u673a\u63d0\u51fa\u7684\u7279\u6b8a\u6539\u8fdb\u63aa\u65bd\u3002", "events": [], "arguments": {"time": [], "loc": [], "country": [{"text": "\u5370\u5ea6", "offset": 22, "length": 2}], "weapon": [{"text": "\u201c\u9635\u98ce\u201d\u6218\u6597\u673a", "offset": 5, "length": 7}]}}, {"sentence": "\u53d1\u52a8\u673a\u51b7\u542f\u52a8\u662f\u6307\u5728\u5176\u5185\u90e8\u6e29\u5ea6\u4e0e\u73af\u5883\u6e29\u5ea6\u5927\u81f4\u4e00\u81f4\u7684\u60c5\u51b5\u4e0b\u5f00\u59cb\u542f\u52a8\uff0c\u5728\u9ad8\u539f\u7684\u4f4e\u6e29\u4f4e\u6c27\u73af\u5883\u4e2d\uff0c\u8fd9\u9879\u80fd\u529b\u80fd\u591f\u8ba9\u6218\u6597\u673a\u5728\u65e0\u9700\u9884\u70ed\u7684\u60c5\u51b5\u4e0b\u76f4\u63a5\u542f\u52a8\uff0c\u7f29\u77ed\u5e94\u6025\u8d77\u98de\u51c6\u5907\u7684\u65f6\u95f4\u3002", "events": [], "arguments": {"time": [], "loc": [], "country": [], "weapon": [{"text": "\u6218\u6597\u673a", "offset": 51, "length": 3}]}}, {"sentence": "\u5370\u5ea6\u7a7a\u519b\u529b\u91cf\u7814\u7a76\u4e2d\u5fc3\u526f\u4e3b\u4efb\u66fc\u83ab\u6c49\u00b7\u5df4\u54c8\u675c\u5c14\u8bf4\uff0c\u201c\u9635\u98ce\u201d\u6218\u6597\u673a\u7684\u5230\u6765\u5c06\u589e\u5f3a\u5370\u5ea6\u7a7a\u519b\u7684\u80fd\u529b\u3002", "events": [], "arguments": {"time": [], "loc": [], "country": [{"text": "\u5370\u5ea6", "offset": 0, "length": 2}, {"text": "\u5370\u5ea6", "offset": 36, "length": 2}], "weapon": [{"text": "\u201c\u9635\u98ce\u201d\u6218\u6597\u673a", "offset": 23, "length": 7}]}}, {"sentence": "\u4ed6\u8bf4\uff1a\u201c\u53ef\u4ee5\u80af\u5b9a\u7684\u662f\uff0c\u8fd9\u5c06\u9700\u8981\u4e00\u6bb5\u65f6\u95f4\u5c06\u8be5\u6218\u673a\u4e0e\u5176\u4ed6\u7cfb\u7edf\u8fdb\u884c\u6574\u5408\uff0c\u2018\u9635\u98ce\u2019\u6218\u6597\u673a\u5c06\u5728\u4f5c\u6218\u8ba1\u5212\u4eba\u5458\u8ba4\u4e3a\u5408\u9002\u7684\u65f6\u5019\u6295\u5165\u4f7f\u7528\u3002", "events": [], "arguments": {"time": [], "loc": [], "country": [], "weapon": [{"text": "\u2018\u9635\u98ce\u2019\u6218\u6597\u673a", "offset": 33, "length": 7}]}}, {"sentence": "\u201d", "events": [], "arguments": {"time": [], "loc": [], "country": [], "weapon": []}}]