[{"sentence": "\u7ec8\u4e8e\u4e0d\u518d\u906e\u906e\u63a9\u63a9\u4e86\uff01", "events": [], "arguments": {"time": [], "loc": [], "country": [{"text": "\u65e5\u672c", "offset": -1, "length": 2}], "weapon": []}}, {"sentence": "\u65e5\u672c\u653f\u5e9c\u627f\u8ba4\u201c\u51fa\u4e91\u201d\u7ea7\u5c06\u642d\u8f7dF-35B\u6218\u6597\u673a", "events": [], "arguments": {"time": [], "loc": [], "country": [{"text": "\u65e5\u672c", "offset": 0, "length": 2}], "weapon": [{"text": "\u201c\u51fa\u4e91\u201d\u7ea7", "offset": 6, "length": 5}, {"text": "F-35B\u6218\u6597\u673a", "offset": 14, "length": 8}]}}, {"sentence": "\u3010\u73af\u7403\u7f51\u62a5\u9053 \u89c1\u4e60\u8bb0\u8005 \u9a6c\u5ca9\u3011", "events": [], "arguments": {"time": [], "loc": [], "country": [], "weapon": []}}, {"sentence": "\u636e\u201c\u6d77\u519b\u60c5\u62a5\u201d\u7f51\u7ad97\u670820\u65e5\u62a5\u9053\uff0c\u65e5\u672c\u653f\u5e9c\u65e5\u524d\u516c\u5e03\u4e86\u51762020\u56fd\u9632\u767d\u76ae\u4e66\uff0c\u5176\u4e2d\u5173\u4e8eF-35B\u7684\u5185\u5bb9\u8bc1\u5b9e\u4e86\u8fd9\u79cd\u9690\u8eab\u6218\u673a\u53ef\u4ee5\u4ece\u201c\u51fa\u4e91\u201d\u7ea7\u76f4\u5347\u673a\u9a71\u9010\u8230\u4e0a\u8d77\u964d\u3002", "events": [], "arguments": {"time": [{"text": "7\u670820\u65e5", "offset": 9, "length": 5}], "loc": [], "country": [{"text": "\u65e5\u672c", "offset": 17, "length": 2}], "weapon": [{"text": "F-35B", "offset": 41, "length": 5}]}}, {"sentence": "\u62a5\u9053\u79f0\uff0c\u65e5\u672c\u6b64\u524d\u516c\u5e03\u4e86\u5176\u628a\u201c\u51fa\u4e91\u201d\u53f7\u548c\u201c\u52a0\u8d3a\u201d\u53f7\u76f4\u5347\u673a\u9a71\u9010\u8230\u6539\u9020\u6210\u8f7b\u578b\u822a\u6bcd\u7684\u8ba1\u5212\uff0c\u4f7f\u8fd9\u4e24\u8258\u201c\u51fa\u4e91\u201d\u7ea7\u519b\u8230\u53ef\u4ee5\u642d\u8f7dF-35B\u6218\u6597\u673a\u3002", "events": [], "arguments": {"time": [], "loc": [], "country": [{"text": "\u65e5\u672c", "offset": 4, "length": 2}], "weapon": [{"text": "\u201c\u51fa\u4e91\u201d\u53f7", "offset": 13, "length": 5}, {"text": "\u201c\u52a0\u8d3a\u201d\u53f7\u76f4\u5347\u673a\u9a71\u9010\u8230", "offset": 19, "length": 11}, {"text": "F-35B\u6218\u6597\u673a", "offset": 56, "length": 8}]}}, {"sentence": "\u65e5\u672c\u8fd1\u671f\u8fd8\u589e\u52a0\u4e86F-35\u7684\u91c7\u8d2d\u91cf\uff0c\u5176\u4e2d\u5305\u62ec42\u67b6F-35B\uff0c\u4f7f\u5176\u53d6\u4ee3\u82f1\u56fd\uff0c\u6210\u4e3a\u4e86\u62e5\u6709F-35\u6218\u673a\u6570\u91cf\u4ec5\u6b21\u4e8e\u7f8e\u56fd\u7684\u56fd\u5bb6\u3002", "events": [], "arguments": {"time": [], "loc": [], "country": [{"text": "\u65e5\u672c", "offset": 0, "length": 2}, {"text": "\u82f1\u56fd", "offset": 34, "length": 2}, {"text": "\u7f8e\u56fd", "offset": 53, "length": 2}], "weapon": [{"text": "F-35B", "offset": 24, "length": 5}, {"text": "F-35\u6218\u673a", "offset": 42, "length": 6}]}}, {"sentence": "\u65e5\u672c\u653f\u5e9c\u57282020\u8d22\u5e74\u62e8\u7ed9\u65e5\u672c\u6d77\u4e0a\u81ea\u536b\u961f2880\u4e07\u7f8e\u5143\u5bf9\u5728\u5927\u4fee\u4e2d\u7684\u201c\u51fa\u4e91\u201d\u53f7\u8fdb\u884c\u7b2c\u4e00\u9636\u6bb5\u6539\u9020\uff0c\u201c\u51fa\u4e91\u201d\u53f7\u968f\u540e\u4f1a\u8fd4\u56de\u8230\u961f\uff0c\u7b49\u52302025\u8d22\u5e74\u518d\u5b8c\u6210\u5269\u4f59\u6539\u9020\u3002", "events": [], "arguments": {"time": [{"text": "2020\u8d22\u5e74", "offset": 5, "length": 6}, {"text": "2025\u8d22\u5e74", "offset": 62, "length": 6}], "loc": [{"text": "\u6d77\u4e0a", "offset": 15, "length": 2}], "country": [{"text": "\u65e5\u672c", "offset": 0, "length": 2}, {"text": "\u65e5\u672c", "offset": 13, "length": 2}], "weapon": [{"text": "\u201c\u51fa\u4e91\u201d\u53f7", "offset": 47, "length": 5}]}}, {"sentence": "\u800c\u201c\u52a0\u8d3a\u201d\u53f7\u5219\u53ef\u4ee5\u5728\u51762022\u8d22\u5e74\u7684\u5927\u4fee\u4e2d\u4e00\u6b21\u6027\u5b8c\u6210\u5168\u90e8\u6539\u9020\u3002", "events": [], "arguments": {"time": [{"text": "2022\u8d22\u5e74", "offset": 11, "length": 6}], "loc": [], "country": [], "weapon": [{"text": "\u201c\u52a0\u8d3a\u201d\u53f7", "offset": 1, "length": 5}]}}, {"sentence": "\u636e\u4ecb\u7ecd\uff0c\u201c\u51fa\u4e91\u201d\u53f7\u548c\u201c\u52a0\u8d3a\u201d\u53f7\u6392\u6c34\u91cf24000\u5428\uff0c\u5206\u522b\u4e8e2015\u5e74\u548c2017\u5e74\u670d\u5f79\uff0c\u603b\u957f\u5ea6248\u7c73\uff0c\u5176\u5347\u964d\u673a\u3001\u98de\u884c\u7532\u677f\u3001\u88c5\u8f7d\u7a7a\u95f4\u7b49\u65b9\u9762\u7684\u8bbe\u8ba1\u90fd\u53ef\u4ee5\u652f\u6301\u642d\u8f7dF-35B\uff0c\u672a\u6765\u4ec5\u9700\u7a0d\u52a0\u6539\u9020\u3002", "events": [], "arguments": {"time": [{"text": "2015\u5e74", "offset": 28, "length": 5}, {"text": "2017\u5e74", "offset": 34, "length": 5}], "loc": [], "country": [], "weapon": [{"text": "\u201c\u51fa\u4e91\u201d\u53f7", "offset": 4, "length": 5}, {"text": "\u201c\u52a0\u8d3a\u201d\u53f7", "offset": 10, "length": 5}, {"text": "F-35B", "offset": 77, "length": 5}]}}, {"sentence": "\u5176\u603b\u5171\u53ef\u4ee5\u642d\u8f7d28\u67b6\u98de\u673a\uff0c\u5305\u62ec12\u67b6F-35B\uff0c8\u67b6V-22\u201c\u9c7c\u9e70\u201d\u548c8\u67b6\u76f4\u5347\u673a\uff0c\u6b64\u5916\uff0c\u8be5\u8230\u8fd8\u88c5\u5907\u67092\u5957\u53ef\u4ee5\u51fb\u843d\u8d85\u97f3\u901f\u548c\u4e9a\u97f3\u901f\u76ee\u6807\u7684\u201c\u6d77\u62c9\u59c6\u201d\u9632\u7a7a\u5bfc\u5f39\u30012\u5957\u8fd1\u7a0b\u9632\u5fa1\u6b66\u5668\u548c2\u5957\u9c7c\u96f7\u53d1\u5c04\u88c5\u7f6e\u3002", "events": [], "arguments": {"time": [], "loc": [], "country": [], "weapon": [{"text": "F-35B", "offset": 18, "length": 5}, {"text": "V-22\u201c\u9c7c\u9e70\u201d", "offset": 26, "length": 8}, {"text": "\u76f4\u5347\u673a", "offset": 37, "length": 3}, {"text": "\u201c\u6d77\u62c9\u59c6\u201d\u9632\u7a7a\u5bfc\u5f39", "offset": 66, "length": 9}, {"text": "\u8fd1\u7a0b\u9632\u5fa1\u6b66\u5668", "offset": 78, "length": 6}, {"text": "\u9c7c\u96f7\u53d1\u5c04\u88c5\u7f6e", "offset": 87, "length": 6}]}}, {"sentence": "\uff08\u5b8c\uff09", "events": [], "arguments": {"time": [], "loc": [], "country": [], "weapon": []}}, {"sentence": "\uff08\u5b8c\uff09", "events": [], "arguments": {"time": [], "loc": [], "country": [], "weapon": []}}]