[{"sentence": "\u706b\u661f\u53c8\u8981\u201c\u706b\u201d\u4e86\uff0c\u8fd9\u4e9b\u771f\u771f\u5047\u5047\u4f60\u641e\u6e05\u695a\u4e86\u5417\uff1f", "events": [], "arguments": {"time": [], "loc": [], "country": [], "weapon": []}}, {"sentence": "\u672c\u62a5\u8bb0\u8005 \u5f20 \u6654", "events": [], "arguments": {"time": [], "loc": [], "country": [], "weapon": []}}, {"sentence": "\u56fd\u5bb6\u822a\u5929\u5c40\u65e5\u524d\u5ba3\u5e03\uff0c\u8ba1\u5212\u4e8e7\u6708\u4e0b\u65ec\u52308\u6708\u4e0a\u65ec\u62e9\u673a\u5b9e\u65bd\u4e2d\u56fd\u9996\u6b21\u706b\u661f\u63a2\u6d4b\u4efb\u52a1(\u884c\u661f\u63a2\u6d4b\u5de5\u7a0b\u5929\u95ee\u4e00\u53f7\u4efb\u52a1)\u3002", "events": [], "arguments": {"time": [{"text": "7\u6708\u4e0b\u65ec\u52308\u6708\u4e0a\u65ec", "offset": 13, "length": 9}], "loc": [], "country": [{"text": "\u4e2d\u56fd", "offset": 26, "length": 2}], "weapon": []}}, {"sentence": "\u5929\u95ee\u4e00\u53f7\u5c06\u5b9e\u73b0\u706b\u661f\u73af\u7ed5\u548c\u7740\u9646\u5de1\u89c6\uff0c\u5bf9\u706b\u661f\u5f00\u5c55\u5168\u7403\u6027\u3001\u7efc\u5408\u6027\u7684\u73af\u7ed5\u63a2\u6d4b\uff0c\u5e76\u5728\u706b\u661f\u8868\u9762\u5f00\u5c55\u533a\u57df\u5de1\u89c6\u63a2\u6d4b\u3002", "events": [], "arguments": {"time": [], "loc": [], "country": [], "weapon": [{"text": "\u5929\u95ee\u4e00\u53f7", "offset": 0, "length": 4}]}}, {"sentence": "\u5bf9\u4e8e\u8bb8\u591a\u4eba\u6765\u8bf4\uff0c\u4ebf\u4e07\u5343\u7c73\u5916\u7684\u706b\u661f\u65e2\u719f\u6089\u53c8\u795e\u79d8\uff0c\u8bb8\u591a\u79d1\u5e7b\u5927\u7247\u90fd\u4ee5\u706b\u661f\u4e3a\u80cc\u666f\u62cd\u6444\uff0c\u79d1\u5b66\u5bb6\u4e5f\u5728\u8bbe\u60f3\u8ba9\u4eba\u7c7b\u79fb\u6c11\u706b\u661f\uff0c\u4f46\u662f\u5173\u4e8e\u706b\u661f\u662f\u5426\u6709\u751f\u547d\u5b58\u5728\u3001\u5916\u661f\u4eba\u662f\u5426\u5230\u8bbf\u3001\u706b\u661f\u7684\u6c14\u5019\u3001\u8f90\u5c04\u7b49\u73af\u5883\u4ee5\u53ca\u706b\u661f\u4e0e\u5730\u7403\u5173\u7cfb\u7b49\uff0c\u771f\u771f\u5047\u5047\u7684\u4f20\u95fb\u59cb\u7ec8\u662f\u7f51\u7edc\u7684\u70ed\u95e8\u8bdd\u9898\u4e4b\u4e00\u3002", "events": [], "arguments": {"time": [], "loc": [], "country": [], "weapon": []}}, {"sentence": "\u6bcf\u8fc7\u51e0\u5e74\u5c31\u6709\u4eba\u5ba3\u79f0\u5728\u536b\u661f\u62cd\u6444\u7684\u7167\u7247\u4e2d\u53d1\u73b0\u706b\u661f\u6709\u751f\u547d\u5b58\u5728\u7684\u8ff9\u8c61\uff0c\u6216\u662f\u5ba3\u79f0\u706b\u661f\u662f\u5916\u661f\u4eba\u7684\u57fa\u5730\uff1b\u5728\u67d0\u7f51\u7edc\u793e\u4ea4\u5e73\u53f0\u4e0a\uff0c\u8fd8\u6709\u6d88\u606f\u8bf4\u706b\u661f\u9644\u8fd1\u6709\u4e00\u9897\u5c0f\u6052\u661f\uff0c\u4e00\u65e6\u9760\u8fd1\u5730\u7403\u5176\u5de8\u5927\u8f90\u5c04\u5c06\u5bf9\u4eba\u7c7b\u4ea7\u751f\u4f24\u5bb3\uff1b\u4ee5\u53ca\u90e8\u5206\u5916\u5a92\u62a5\u9053\u8bf4\uff0c8\u6708\u4efd\u706b\u661f\u5c06\u975e\u5e38\u9760\u8fd1\u5730\u7403\uff0c\u5c4a\u65f6\u591c\u7a7a\u4e2d\u5c06\u51fa\u73b0\u8089\u773c\u53ef\u89c1\u7684\u4e24\u4e2a\u6708\u4eae\u2026\u2026\u8bb0\u8005\u5e26\u7740\u8fd9\u4e9b\u95ee\u9898\u91c7\u8bbf\u4e86\u4e2d\u56fd\u79d1\u5b66\u9662\u7d2b\u91d1\u5c71\u5929\u6587\u53f0\u5b63\u6c5f\u5fbd\u7814\u7a76\u5458\u3002", "events": [], "arguments": {"time": [{"text": "8\u6708\u4efd", "offset": 101, "length": 3}], "loc": [], "country": [{"text": "\u4e2d\u56fd", "offset": 144, "length": 2}], "weapon": []}}, {"sentence": "\u5047 \u7167\u7247\u663e\u793a\u706b\u661f\u8868\u9762\u60ca\u73b0\u4eba\u9aa8", "events": [], "arguments": {"time": [], "loc": [], "country": [], "weapon": []}}, {"sentence": "\u771f \u73b0\u9636\u6bb5\u706b\u661f\u73af\u5883\u5e76\u4e0d\u9002\u5408\u4eba\u7c7b\u751f\u5b58", "events": [], "arguments": {"time": [], "loc": [], "country": [], "weapon": []}}, {"sentence": "\u706b\u661f\u66fe\u88ab\u8ba4\u4e3a\u662f\u592a\u9633\u7cfb\u4e2d\u6700\u6709\u53ef\u80fd\u5b58\u5728\u5730\u5916\u751f\u547d\u7684\u884c\u661f\u3002", "events": [], "arguments": {"time": [], "loc": [], "country": [], "weapon": []}}, {"sentence": "6\u670816\u65e5\uff0c\u636e\u5916\u5a92\u62a5\u9053\uff0c\u8fd1\u671f\u4e00\u5f20\u5173\u4e8e\u706b\u661f\u8868\u9762\u7684\u7167\u7247\u7a81\u7136\u51fa\u73b0\u5728\u7f51\u4e0a\uff0c\u5e76\u6709\u4eba\u79f0\u5728\u7167\u7247\u4e0a\u53d1\u73b0\u4e86\u4e00\u5757\u4eba\u9aa8\uff0c\u6709\u4eba\u4ee5\u6b64\u5ba3\u79f0\u706b\u661f\u66fe\u6709\u751f\u547d\u51fa\u73b0\u3002", "events": [], "arguments": {"time": [{"text": "6\u670816\u65e5", "offset": 0, "length": 5}], "loc": [], "country": [], "weapon": []}}, {"sentence": "\u5728\u6b64\u4e4b\u524d\uff0c\u7f8e\u56fd\u4fc4\u4ea5\u4fc4\u5dde\u7684\u4e00\u4f4d\u79d1\u5b66\u5bb6\u58f0\u79f0\uff0c\u4ed6\u627e\u5230\u4e86\u53ef\u4ee5\u8bc1\u660e\u706b\u661f\u4e0a\u5b58\u5728\u201c\u6606\u866b\u6216\u722c\u884c\u7c7b\u201d\u751f\u547d\u7684\u7167\u7247\u8bc1\u636e\u3002", "events": [], "arguments": {"time": [], "loc": [{"text": "\u4fc4\u4ea5\u4fc4\u5dde", "offset": 7, "length": 4}], "country": [{"text": "\u7f8e\u56fd", "offset": 5, "length": 2}], "weapon": []}}, {"sentence": "\u4f46\u5176\u4ed6\u7814\u7a76\u4eba\u5458\u8ba4\u4e3a\uff0c\u548c\u4ee5\u5f80\u7684\u90a3\u4e9b\u6240\u8c13\u201c\u53d1\u73b0\u201d\u4e00\u6837\uff0c\u8fd9\u4e9b\u6839\u672c\u5c31\u4e0d\u662f\u4ec0\u4e48\u751f\u547d\u3002", "events": [], "arguments": {"time": [], "loc": [], "country": [], "weapon": []}}, {"sentence": "\u201c\u751f\u547d\u9700\u8981\u4e00\u4e2a\u5f88\u590d\u6742\u7684\u7cfb\u7edf\u624d\u80fd\u751f\u5b58\uff0c\u4ee5\u5730\u7403\u4e3a\u6837\u672c\uff0c\u5c11\u4e0d\u4e86\u5b9c\u5c45\u7684\u73af\u5883\u3001\u6db2\u6001\u6c34\u3001\u5927\u6c14\u3001\u78c1\u573a\u3001\u80fd\u6e90\u7b49\u3002", "events": [], "arguments": {"time": [], "loc": [], "country": [], "weapon": []}}, {"sentence": "\u201d\u5b63\u6c5f\u5fbd\u544a\u8bc9\u8bb0\u8005\uff0c\u706b\u661f\u4e0e\u5730\u7403\u4e00\u6837\uff0c\u90fd\u5904\u4e8e\u592a\u9633\u7cfb\u7684\u5b9c\u5c45\u5e26\u5185(\u91d1\u661f\u5230\u706b\u661f\u4e4b\u95f4)\uff0c\u4e5f\u5c31\u662f\u8bf4\u8ddd\u79bb\u592a\u9633\u4e0d\u8fdc\u4e0d\u8fd1\u7684\u4f4d\u7f6e\u3002", "events": [], "arguments": {"time": [], "loc": [], "country": [], "weapon": []}}, {"sentence": "\u4ece\u6bd4\u8f83\u884c\u661f\u5b66\u6765\u770b\uff0c\u706b\u661f\u4e0e\u5730\u7403\u76f8\u6bd4\uff0c\u67d0\u4e9b\u5730\u65b9\u662f\u5341\u5206\u7c7b\u4f3c\u7684\uff0c\u6bd4\u5982\u4e0e\u592a\u9633\u7684\u8ddd\u79bb\uff0c\u706b\u661f\u7a0d\u8fdc\u4e00\u4e9b\uff0c\u76f8\u8ddd1.52\u4e2a\u5929\u6587\u5355\u4f4d\uff1b\u5927\u5c0f\u76f8\u8fd1\uff0c\u706b\u661f\u76f4\u5f84\u7ea6\u662f\u5730\u7403\u7684\u4e00\u534a\uff1b\u81ea\u8f6c\u5468\u671f\u4e0e\u5730\u7403\u51e0\u4e4e\u76f8\u540c\uff0c\u5e73\u5747\u4e00\u4e2a\u706b\u661f\u65e5\u4e3a24\u5c0f\u65f639\u5206\u591a\uff0c\u4eba\u7c7b\u611f\u53d7\u7684\u4e00\u5929\u51e0\u4e4e\u6ca1\u6709\u53d8\u5316\uff1b\u706b\u661f\u81ea\u8f6c\u8f74\u503e\u89d2\u4e3a25.19\u5ea6\uff0c\u4e0e\u5730\u7403\u7684\u76f8\u8fd1\uff0c\u56e0\u6b64\u706b\u661f\u4e5f\u6709\u201c\u5bd2\u6765\u6691\u5f80\uff0c\u79cb\u6536\u51ac\u85cf\u201d\u56db\u5b63\u66f4\u8fed\uff0c\u53ea\u662f\u5b63\u8282\u957f\u5ea6\u7ea6\u4e3a\u4e24\u500d\u3002", "events": [], "arguments": {"time": [], "loc": [], "country": [], "weapon": []}}, {"sentence": "\u201c\u4f46\u662f\uff0c\u706b\u661f\u73af\u5883\u4e5f\u6709\u5176\u4e25\u9177\u7684\u4e00\u9762\uff0c\u4e0d\u5229\u4e8e\u4eba\u7c7b\u751f\u5b58\u3002", "events": [], "arguments": {"time": [], "loc": [], "country": [], "weapon": []}}, {"sentence": "\u201d\u5b63\u6c5f\u5fbd\u8bf4\uff0c\u4e00\u662f\u706b\u661f\u5927\u6c14\u7a00\u8584\uff0c\u5bc6\u5ea6\u53ea\u6709\u5730\u7403\u7684\u5927\u7ea61%\uff0c\u5927\u6c14\u7a00\u8584\u5e26\u6765\u7684\u540e\u679c\u662f\u5f88\u96be\u5f62\u6210\u6e29\u5ba4\u6548\u5e94\uff0c\u5bfc\u81f4\u706b\u661f\u6e29\u5ea6\u4f4e\uff0c\u5730\u8868\u5e73\u5747\u6e29\u5ea6\u4e3a\u96f6\u4e0b55\u2103\uff0c\u800c\u4e14\u5927\u6c14\u4e2d\u6c34\u5206\u5b50\u9003\u9038\u5230\u5916\u592a\u7a7a\uff0c\u4ece\u800c\u4f7f\u706b\u661f\u8d8a\u6765\u8d8a\u5e72\u71e5\u3002", "events": [], "arguments": {"time": [], "loc": [], "country": [], "weapon": []}}, {"sentence": "\u6b64\u5916\uff0c\u5bfb\u627e\u4eba\u7c7b\u751f\u5b58\u6240\u9700\u7684\u6c27\u6c14\u548c\u6db2\u6001\u6c34\u4e5f\u662f\u91cd\u5927\u6311\u6218\u3002", "events": [], "arguments": {"time": [], "loc": [], "country": [], "weapon": []}}, {"sentence": "\u5b63\u6c5f\u5fbd\u544a\u8bc9\u8bb0\u8005\uff0c\u706b\u661f\u5927\u6c14\u4e3b\u8981\u6210\u5206\u4e3a\u4e8c\u6c27\u5316\u78b3(95.3%)\uff0c\u6c27\u6c14\u542b\u91cf\u6781\u4f4e\uff0c\u7ea6\u4e3a0.15%\uff1b\u800c\u5730\u8868\u7c7b\u4f3c\u4e8e\u8352\u6f20\uff0c2019\u5e7410\u6708\uff0c\u7f8e\u56fd\u201c\u597d\u5947\u201d\u53f7\u706b\u661f\u8f66\u53d1\u73b0\u706b\u661f\u66fe\u5b58\u5728\u76d0\u6c34\u6e56\uff0c\u4f46\u662f\u76ee\u524d\u8fd8\u672a\u53d1\u73b0\u7a33\u5b9a\u7684\u6db2\u6001\u6c34\u3002", "events": [], "arguments": {"time": [{"text": "2019\u5e7410\u6708", "offset": 53, "length": 8}], "loc": [], "country": [{"text": "\u7f8e\u56fd", "offset": 62, "length": 2}], "weapon": [{"text": "\u201c\u597d\u5947\u201d\u53f7\u706b\u661f\u8f66", "offset": 64, "length": 8}]}}, {"sentence": "\u901a\u8fc7\u201c\u706b\u661f\u5feb\u8f66\u201d\u53f7\u9065\u611f\u63a2\u6d4b\u8868\u660e\uff0c\u706b\u661f\u5730\u8868\u4e4b\u4e0b\u5b58\u5728\u7740\u6db2\u6001\u6e56\u6cca\u3002", "events": [], "arguments": {"time": [], "loc": [], "country": [], "weapon": [{"text": "\u201c\u706b\u661f\u5feb\u8f66\u201d\u53f7", "offset": 2, "length": 7}]}}, {"sentence": "\u201c\u6211\u4eec\u4e0d\u80fd\u5426\u8ba4\u706b\u661f\u6ca1\u6709\u751f\u547d\uff0c\u4e5f\u4e0d\u80fd\u56de\u7b54\u706b\u661f\u8fc7\u53bb\u6709\u6ca1\u6709\u751f\u547d\uff0c\u66f4\u4e0d\u80fd\u56de\u7b54\u5730\u7403\u7684\u751f\u547d\u662f\u5426\u6765\u81ea\u4e8e\u706b\u661f\uff0c\u4f46\u662f\u4ece\u76ee\u524d\u7684\u79d1\u5b66\u7814\u7a76\u6765\u770b\uff0c\u73b0\u9636\u6bb5\u706b\u661f\u662f\u4e0d\u9002\u5408\u4eba\u7c7b\u751f\u5b58\u7684\u3002", "events": [], "arguments": {"time": [], "loc": [], "country": [], "weapon": []}}, {"sentence": "\u201d\u5b63\u6c5f\u5fbd\u8bf4\u9053\u3002", "events": [], "arguments": {"time": [], "loc": [], "country": [], "weapon": []}}, {"sentence": "\u5047 \u706b\u661f\u9644\u8fd1\u5c0f\u6052\u661f\u8f90\u5c04\u7206\u53d1", "events": [], "arguments": {"time": [], "loc": [], "country": [], "weapon": []}}, {"sentence": "\u771f \u706b\u661f\u53ea\u6709\u4e24\u9897\u536b\u661f\u4e0d\u53ef\u80fd\u4ea7\u751f\u5de8\u5927\u8f90\u5c04", "events": [], "arguments": {"time": [], "loc": [], "country": [], "weapon": []}}, {"sentence": "\u8fd1\u65e5\uff0c\u4e00\u6761\u5173\u4e8e\u201c\u706b\u661f\u7684\u5c0f\u6052\u661f\u5c06\u9760\u8fd1\u5730\u7403\uff0c\u4ea7\u751f\u5de8\u5927\u8f90\u5c04\u540e\u53ef\u80fd\u9020\u6210\u4eba\u8eab\u4f24\u4ea1\uff0c\u4e00\u5b9a\u8981\u5173\u95ed\u624b\u673a\u201d\u7684\u6d88\u606f\u5728\u4e00\u4e9b\u793e\u4ea4\u5e73\u53f0\u4f20\u64ad\u3002", "events": [], "arguments": {"time": [], "loc": [], "country": [], "weapon": []}}, {"sentence": "\u201c\u592a\u9633\u7cfb\u76ee\u524d\u53ea\u53d1\u73b0\u4e00\u9897\u6052\u661f\uff0c\u90a3\u5c31\u662f\u592a\u9633\uff0c\u6240\u6709\u884c\u661f\u90fd\u56f4\u7ed5\u7740\u592a\u9633\u516c\u8f6c\u3002", "events": [], "arguments": {"time": [], "loc": [], "country": [], "weapon": []}}, {"sentence": "\u201d\u5728\u5b63\u6c5f\u5fbd\u770b\u6765\uff0c\u8fd9\u662f\u4e00\u6761\u5f88\u4f4e\u7ea7\u7684\u8c23\u8a00\u3002", "events": [], "arguments": {"time": [], "loc": [], "country": [], "weapon": []}}, {"sentence": "\u4ed6\u544a\u8bc9\u8bb0\u8005\uff0c\u706b\u661f\u4e0e\u5730\u7403\u975e\u5e38\u8fd1\uff0c\u5982\u679c\u706b\u661f\u9644\u8fd1\u5b58\u5728\u4e00\u9897\u5c0f\u6052\u661f\uff0c\u90a3\u4e5f\u5c31\u662f\u76f8\u5f53\u4e8e\u8fd9\u4e2a\u5c0f\u6052\u661f\u4e5f\u5b58\u5728\u4e8e\u5730\u7403\u9644\u8fd1\uff0c\u65e0\u9700\u7b49\u5b83\u9760\u8fd1\uff0c\u5730\u7403\u5df2\u7ecf\u80fd\u611f\u53d7\u5230\u53cc\u6052\u661f\u5bf9\u5730\u7403\u5e26\u6765\u7684\u5f71\u54cd\u3002", "events": [], "arguments": {"time": [], "loc": [], "country": [], "weapon": []}}, {"sentence": "\u53cc\u6052\u661f\u6216\u591a\u6052\u661f\u7cfb\u7edf\u5728\u5b87\u5b99\u4e2d\u5e76\u4e0d\u5c11\u89c1\u3002", "events": [], "arguments": {"time": [], "loc": [], "country": [], "weapon": []}}, {"sentence": "\u8ddd\u79bb\u592a\u9633\u7cfb\u6700\u8fd1\u7684\u6052\u661f\u7cfb\u7edf\uff0c\u534a\u4eba\u9a6c\u5ea7\u03b1\u661f(\u5357\u95e8\u4e8c)\u5c31\u662f\u4e00\u4e2a\u4e09\u661f\u7cfb\u7edf\uff0c\u5176\u4e2d\u534a\u4eba\u9a6c\u5ea7\u03b1\u661fA\u548c\u534a\u4eba\u9a6c\u5ea7\u03b1\u661fB\u7ec4\u6210\u53cc\u661f\uff0c\u5728\u8ddd\u79bbAB\u53cc\u661f13000\u4e2a\u5929\u6587\u5355\u4f4d\u5904\u6709\u4e00\u9897\u7ea2\u77ee\u661f\uff1a\u534a\u4eba\u9a6c\u5ea7\u03b1\u661fC\uff0c\u53c8\u540d\u6bd4\u90bb\u661f\uff0c\u79bb\u6211\u4eec\u592a\u9633\u7cfb\u7ea64.2\u5149\u5e74\u3002", "events": [], "arguments": {"time": [], "loc": [], "country": [], "weapon": []}}, {"sentence": "\u201c\u53cc\u6052\u661f\u7cfb\u7edf\u5bf9\u884c\u661f\u5f71\u54cd\u975e\u5e38\u5927\uff0c\u751a\u81f3\u662f\u975e\u5e38\u5371\u9669\u7684\u3002", "events": [], "arguments": {"time": [], "loc": [], "country": [], "weapon": []}}, {"sentence": "\u201d\u5b63\u6c5f\u5fbd\u4ecb\u7ecd\u8bf4\uff0c\u524d\u51e0\u5e74\u975e\u5e38\u706b\u7684\u4e00\u90e8\u79d1\u5e7b\u7535\u5f71\u300a\u661f\u9645\u7a7f\u8d8a\u300b\uff0c\u7537\u4e3b\u4eba\u516c\u9a7e\u9a76\u7684\u98de\u8239\u7ecf\u8fc7\u9ed1\u6d1e\u65f6\uff0c\u88ab\u5de8\u5927\u7684\u6f6e\u6c50\u529b\u6495\u626f\u53d8\u5f97\u7c89\u788e\u3002", "events": [], "arguments": {"time": [], "loc": [], "country": [], "weapon": []}}, {"sentence": "\u53cc\u6052\u661f\u4e4b\u95f4\u4e5f\u4f1a\u6709\u5f3a\u70c8\u7684\u6f6e\u6c50\u529b\uff0c\u5982\u679c\u884c\u661f\u9760\u7684\u5f88\u8fd1\uff0c\u4e0d\u4ec5\u4f1a\u8ba9\u884c\u661f\u53d1\u751f\u5f62\u53d8\uff0c\u884c\u661f\u7684\u5927\u6c14\u4e5f\u4f1a\u88ab\u6495\u626f\u3001\u5265\u79bb\uff0c\u6240\u4ee5\u884c\u661f\u8ddd\u79bb\u53cc\u6052\u661f\u592a\u8fd1\u4e5f\u4e0d\u53ef\u80fd\u6709\u6db2\u6001\u6c34\u5b58\u5728\u4e8e\u661f\u7403\u8868\u9762\u3002", "events": [], "arguments": {"time": [], "loc": [], "country": [], "weapon": []}}, {"sentence": "\u5982\u679c\u8c23\u8a00\u8bf4\u7684\u662f\u706b\u661f\u7684\u536b\u661f\uff0c\u8fd9\u4e2a\u536b\u661f\u662f\u771f\u5b9e\u5b58\u5728\u7684\u3002", "events": [], "arguments": {"time": [], "loc": [], "country": [], "weapon": []}}, {"sentence": "\u76ee\u524d\u5df2\u53d1\u73b0\u706b\u661f\u6709\u4e24\u4e2a\u5929\u7136\u536b\u661f\uff1a\u706b\u536b\u4e00\u548c\u706b\u536b\u4e8c\u3002", "events": [], "arguments": {"time": [], "loc": [], "country": [], "weapon": [{"text": "\u706b\u536b\u4e00", "offset": 15, "length": 3}, {"text": "\u706b\u536b\u4e8c", "offset": 19, "length": 3}]}}, {"sentence": "\u8fd9\u4e24\u9897\u536b\u661f\u5f62\u72b6\u4e0d\u89c4\u5219\uff0c\u79d1\u5b66\u5bb6\u63a8\u6d4b\u5b83\u4eec\u53ef\u80fd\u662f\u88ab\u706b\u661f\u4fd8\u83b7\u7684\u5c0f\u884c\u661f\u3002", "events": [], "arguments": {"time": [], "loc": [], "country": [], "weapon": []}}, {"sentence": "\u4f46\u706b\u661f\u536b\u661f\u4e0d\u53ef\u80fd\u4ea7\u751f\u5de8\u5927\u7684\u8f90\u5c04\uff0c\u4e5f\u4e0d\u53ef\u80fd\u5f71\u54cd\u5230\u5730\u7403\u7684\u624b\u673a\u901a\u8baf\u3002", "events": [], "arguments": {"time": [], "loc": [], "country": [], "weapon": []}}, {"sentence": "\u76ee\u524d\uff0c\u5df2\u77e5\u592a\u9633\u7684\u8000\u6591\u7206\u53d1\u4f1a\u5bf9\u5730\u7403\u7535\u529b\u548c\u901a\u8baf\u7cfb\u7edf\u9020\u6210\u4e25\u91cd\u5f71\u54cd\u3002", "events": [], "arguments": {"time": [], "loc": [], "country": [], "weapon": []}}, {"sentence": "1859\u5e74\uff0c\u5929\u6587\u5b66\u5bb6\u7406\u67e5\u5fb7\u00b7\u5361\u6797\u987f\u5728\u89c2\u5bdf\u592a\u9633\u65f6\uff0c\u7b2c\u4e00\u6b21\u89c2\u6d4b\u5230\u592a\u9633\u8000\u6591\u3002", "events": [], "arguments": {"time": [{"text": "1859\u5e74", "offset": 0, "length": 5}], "loc": [], "country": [], "weapon": []}}, {"sentence": "\u5728\u6b64\u540e\u5927\u7ea618\u5c0f\u65f6\uff0c\u5730\u7403\u4e0a\u51fa\u73b0\u4e86\u6709\u8bb0\u5f55\u4ee5\u6765\u6700\u5927\u7684\u5730\u78c1\u98ce\u66b4\uff1a\u4e16\u754c\u5404\u5730\u90fd\u89c2\u6d4b\u5230\u6781\u5149\uff0c\u5176\u4eae\u5ea6\u751a\u81f3\u53ef\u4ee5\u9605\u8bfb\u62a5\u7eb8\uff1b\u800c\u7535\u62a5\u673a\u4f1a\u5728\u65ad\u5f00\u8fde\u63a5\u7684\u60c5\u51b5\u4e0b\uff0c\u56e0\u4e3a\u611f\u5e94\u7535\u6d41\u5f15\u8d77\u9707\u52a8\u3002", "events": [], "arguments": {"time": [], "loc": [], "country": [], "weapon": []}}, {"sentence": "\u5982\u679c\u4eca\u5929\u53d1\u751f\u8fd9\u6837\u7684\u4e8b\u4ef6\uff0c\u5927\u91cf\u7535\u529b\u548c\u7535\u5b50\u57fa\u7840\u8bbe\u65bd\u5c06\u906d\u53d7\u6bc1\u706d\u6027\u7684\u5f71\u54cd\uff0c\u9020\u6210\u635f\u5931\u53ef\u80fd\u9ad8\u8fbe\u6570\u4e07\u4ebf\u7f8e\u5143\u3002", "events": [], "arguments": {"time": [], "loc": [], "country": [], "weapon": []}}, {"sentence": "\u5047 8\u6708\u706b\u661f\u9760\u8fd1\u5730\u7403\u5c06\u73b0\u201c\u53cc\u6708\u201d\u5947\u89c2", "events": [], "arguments": {"time": [{"text": "8\u6708", "offset": 2, "length": 2}], "loc": [], "country": [], "weapon": []}}, {"sentence": "\u771f \u706b\u661f\u201c\u5927\u51b2\u201d\u5e38\u6709\uff0c\u4eae\u5ea6\u96be\u6bd4\u6708\u4eae", "events": [], "arguments": {"time": [], "loc": [], "country": [], "weapon": []}}, {"sentence": "\u636e\u5916\u5a92\u62a5\u9053\uff0c\u8fd1\u671f\u7f51\u4e0a\u6709\u6d88\u606f\u79f0\uff0c8\u670828\u65e5\uff0c\u706b\u661f\u5c06\u975e\u5e38\u9760\u8fd1\u5730\u7403\uff0c\u5c4a\u65f6\u591c\u7a7a\u4e2d\u5c06\u51fa\u73b0\u8089\u773c\u53ef\u89c1\u7684\u4e24\u4e2a\u6708\u4eae\u3002", "events": [], "arguments": {"time": [{"text": "8\u670828\u65e5", "offset": 15, "length": 5}], "loc": [], "country": [], "weapon": []}}, {"sentence": "\u636e\u79f0\uff0c\u5982\u679c\u9519\u8fc7\u673a\u4f1a\uff0c\u4eba\u4eec\u8981\u518d\u7b492287\u5e74\uff0c\u624d\u80fd\u518d\u770b\u89c1\u8fd9\u4e2a\u5929\u6587\u5947\u89c2\u3002", "events": [], "arguments": {"time": [], "loc": [], "country": [], "weapon": []}}, {"sentence": "\u5176\u5b9e\uff0c\u8fd9\u5219\u6d88\u606f\u662f\u6bcf\u5e748\u6708\u5c31\u4f1a\u5728\u4e92\u8054\u7f51\u4e0a\u6d41\u4f20\u7684\u5047\u6d88\u606f\u3002", "events": [], "arguments": {"time": [], "loc": [], "country": [], "weapon": []}}, {"sentence": "\u201c\u706b\u661f\u975e\u5e38\u9760\u8fd1\u5730\u7403\u7684\u73b0\u8c61\u5728\u5929\u6587\u5b66\u4e2d\u79f0\u4e3a\u2018\u51b2\u2019\uff0c\u6bcf\u9694\u5927\u7ea626\u4e2a\u6708\uff0c\u90fd\u662f\u706b\u661f\u8ddd\u79bb\u5730\u7403\u8f83\u8fd1\u7684\u65f6\u5019\u3002", "events": [], "arguments": {"time": [], "loc": [], "country": [], "weapon": []}}, {"sentence": "\u201d\u5b63\u6c5f\u5fbd\u8bf4\u3002", "events": [], "arguments": {"time": [], "loc": [], "country": [], "weapon": []}}, {"sentence": "\u51b2\u65e5\u662f\u706b\u661f\u5728\u7ed5\u7740\u592a\u9633\u516c\u8f6c\u7684\u8fc7\u7a0b\u4e2d\uff0c\u8fd0\u884c\u5230\u4e0e\u5730\u7403\u3001\u592a\u9633\u51e0\u4e4e\u6210\u4e00\u6761\u76f4\u7ebf\u7684\u72b6\u6001\u3002", "events": [], "arguments": {"time": [], "loc": [], "country": [], "weapon": []}}, {"sentence": "\u6b64\u65f6\uff0c\u5730\u7403\u6070\u597d\u5c45\u4e8e\u592a\u9633\u548c\u706b\u661f\u4e4b\u95f4\u3002", "events": [], "arguments": {"time": [], "loc": [], "country": [], "weapon": []}}, {"sentence": "\u706b\u661f\u5230\u5730\u7403\u7684\u8ddd\u79bb\u8fd1\u8ddd\u79bb\u7ea6\u4e3a5500\u4e07\u5343\u7c73\uff0c\u6700\u8fdc\u8ddd\u79bb\u5219\u8d85\u8fc74\u4ebf\u5343\u7c73\u3002", "events": [], "arguments": {"time": [], "loc": [], "country": [], "weapon": []}}, {"sentence": "\u4e24\u8005\u4e4b\u95f4\u7684\u8fd1\u8ddd\u79bb\u51fa\u73b0\u7684\u9891\u7387\u5927\u7ea6\u6bcf15\u5e74\u51fa\u73b0\u4e00\u6b21\u3002", "events": [], "arguments": {"time": [], "loc": [], "country": [], "weapon": []}}, {"sentence": "2003\u5e74\u76848\u670828\u65e5\uff0c\u706b\u661f\u4e0e\u5730\u7403\u7684\u8ddd\u79bb\u4ec5\u4e3a\u7ea65576\u4e07\u5343\u7c73\uff0c\u662f6\u4e07\u5e74\u6765\u6700\u8fd1\u7684\u4e00\u6b21\u3002", "events": [], "arguments": {"time": [{"text": "8\u670828\u65e5", "offset": 0, "length": 5}], "loc": [], "country": [], "weapon": []}}, {"sentence": "2018\u5e74\u706b\u661f\u5927\u51b2\u65f6\uff0c\u548c\u5e73\u65f6\u76f8\u6bd4\uff0c\u5728\u591c\u665a\u8089\u773c\u770b\u706b\u661f\u65f6\u4f1a\u89c9\u5f97\u706b\u661f\u4eae\u4e86\u4e00\u4e9b\uff0c\u56e0\u6b64\u5c31\u51fa\u73b0\u4e86\u706b\u661f\u50cf\u7b2c\u4e8c\u4e2a\u6708\u4eae\u7684\u8bf4\u6cd5\u3002", "events": [], "arguments": {"time": [{"text": "2018\u5e74", "offset": 0, "length": 5}], "loc": [], "country": [], "weapon": []}}, {"sentence": "2020\u5e7410\u670813\u65e5\u7684\u706b\u661f\u51b2\u65e5\uff0c\u706b\u661f\u548c\u5730\u7403\u6700\u8fd1\u65f6\u4e0d\u52306300\u4e07\u5343\u7c73\uff0c\u867d\u6bd4\u4e0d\u4e0a2018\u5e74\u7684\u706b\u661f\u5927\u51b2\uff0c\u8fd9\u5df2\u7ecf\u7b97\u662f\u975e\u5e38\u63a5\u8fd1\u4e86\u3002", "events": [], "arguments": {"time": [{"text": "2020\u5e7410\u670813\u65e5", "offset": 0, "length": 11}, {"text": "2018\u5e74", "offset": 39, "length": 5}], "loc": [], "country": [], "weapon": []}}, {"sentence": "\u4f46\u5b63\u6c5f\u5fbd\u6307\u51fa\uff0c\u706b\u661f\u5728\u7a7a\u4e2d\u8089\u773c\u53ef\u89c1\u7684\u5927\u5c0f\u4e0d\u53ef\u80fd\u50cf\u6708\u7403\u4e00\u6837\u3002", "events": [], "arguments": {"time": [], "loc": [], "country": [], "weapon": []}}, {"sentence": "\u5982\u679c\u662f\u8fd9\u6837\uff0c\u8003\u8651\u5230\u5730\u7403\u3001\u706b\u661f\u53ca\u6708\u7403\u4e4b\u95f4\u7684\u5f15\u529b\uff0c\u4eba\u7c7b\u5c31\u53ef\u80fd\u9762\u4e34\u5927\u9ebb\u70e6\u3002", "events": [], "arguments": {"time": [], "loc": [], "country": [], "weapon": []}}, {"sentence": "\u4e00\u822c\u6765\u8bf4\uff0c\u706b\u661f\u548c\u5730\u7403\u8ddd\u79bb\u8fd1\u7684\u5e74\u4efd\u662f\u6700\u9002\u5408\u53d1\u5c04\u98de\u8239\u63a2\u6d4b\u706b\u661f\u548c\u5728\u5730\u9762\u5bf9\u706b\u661f\u89c2\u6d4b\u7684\u65f6\u673a\u3002", "events": [], "arguments": {"time": [], "loc": [], "country": [], "weapon": []}}, {"sentence": "\u56e0\u6b64\uff0c\u6211\u56fd\u5929\u95ee\u4e00\u53f7\u4e5f\u9009\u62e97\u6708\u4e0b\u65ec\u52308\u6708\u4e0a\u65ec\u95f4\u53d1\u5c04\u3002", "events": [], "arguments": {"time": [{"text": "7\u6708\u4e0b\u65ec\u52308\u6708\u4e0a\u65ec\u95f4", "offset": 12, "length": 10}], "loc": [], "country": [], "weapon": [{"text": "\u5929\u95ee\u4e00\u53f7", "offset": 5, "length": 4}]}}]