[{"sentence": "\u5229\u6bd4\u4e9a\u6c11\u65cf\u56e2\u7ed3\u653f\u5e9c\u8ba1\u5212\u653b\u6253\u6218\u7565\u91cd\u9547\u82cf\u5c14\u7279\u00a0\u571f\u8033\u5176\u90e8\u7f72\u91cd\u70ae\u63d0\u4f9b\u706b\u529b\u652f\u63f4", "events": [{"trigger": {"text": "\u653b\u6253", "offset": 11, "length": 2}, "subject": {"text": "\u5229\u6bd4\u4e9a\u6c11\u65cf\u56e2\u7ed3\u653f\u5e9c", "offset": 0, "length": 9}, "object": {"text": "\u82cf\u5c14\u7279", "offset": 17, "length": 3}}], "arguments": {"time": [], "loc": [{"text": "\u82cf\u5c14\u7279", "offset": 17, "length": 3}], "country": [{"text": "\u571f\u8033\u5176", "offset": 21, "length": 3}, {"text": "\u5229\u6bd4\u4e9a", "offset": 0, "length": 3}], "weapon": []}}, {"sentence": "\u3010\u73af\u7403\u7f51\u62a5\u9053 \u89c1\u4e60\u8bb0\u8005 \u9a6c\u5ca9\u3011", "events": [], "arguments": {"time": [], "loc": [], "country": [], "weapon": []}}, {"sentence": "\u636e\u571f\u8033\u5176\u5a92\u4f53Ahval7\u670820\u65e5\u62a5\u9053\uff0c\u571f\u8033\u5176\u8fd1\u65e5\u5411\u5229\u6bd4\u4e9a\u90e8\u7f72\u4e86\u706b\u70ae\u7b49\u91cd\u578b\u6b66\u5668\uff0c\u4ee5\u5e2e\u52a9\u6c11\u65cf\u56e2\u7ed3\u653f\u5e9c\u519b\u961f\u653b\u4e0b\u6218\u7565\u6e2f\u53e3\u57ce\u5e02\u82cf\u5c14\u7279\u3002", "events": [], "arguments": {"time": [{"text": "7\u670820\u65e5", "offset": 11, "length": 5}], "loc": [{"text": "\u5229\u6bd4\u4e9a", "offset": 25, "length": 3}, {"text": "\u82cf\u5c14\u7279", "offset": 58, "length": 3}], "country": [{"text": "\u571f\u8033\u5176", "offset": 1, "length": 3}, {"text": "\u571f\u8033\u5176", "offset": 19, "length": 3}, {"text": "\u5229\u6bd4\u4e9a", "offset": 25, "length": 3}], "weapon": [{"text": "\u706b\u70ae", "offset": 31, "length": 2}]}}, {"sentence": "\u62a5\u9053\u79f0\uff0c\u571f\u8033\u5176\u5df2\u5c06T-122\u201c\u8428\u5361\u91cc\u4e9a\u201d\u591a\u7ba1\u706b\u7bad\u70ae\u548cT-155\u81ea\u884c\u706b\u70ae\u90e8\u7f72\u5728\u4e86\u82cf\u5c14\u7279\u9644\u8fd1\uff0c\u8fd9\u4e24\u79cd\u706b\u70ae\u5728\u53d9\u5229\u4e9a\u7684\u519b\u4e8b\u884c\u52a8\u4e2d\u88ab\u8bc1\u660e\u975e\u5e38\u6709\u6548\u3002", "events": [], "arguments": {"time": [], "loc": [{"text": "\u82cf\u5c14\u7279", "offset": 39, "length": 3}], "country": [{"text": "\u571f\u8033\u5176", "offset": 4, "length": 3}, {"text": "\u53d9\u5229\u4e9a", "offset": 51, "length": 3}], "weapon": [{"text": "T-122\u201c\u8428\u5361\u91cc\u4e9a", "offset": 9, "length": 10}, {"text": "\u591a\u7ba1\u706b\u7bad\u70ae\u548cT-155\u81ea\u884c\u706b\u70ae", "offset": 20, "length": 15}, {"text": "T-122\u201c\u8428\u5361\u91cc\u4e9a\u201d\u591a\u7ba1\u706b\u7bad\u70ae", "offset": 9, "length": 16}, {"text": "T-155\u81ea\u884c\u706b\u70ae", "offset": 26, "length": 9}]}}, {"sentence": "\u5229\u6bd4\u4e9a\u6c11\u65cf\u56e2\u7ed3\u653f\u5e9c\u8868\u793a\uff0c\u4ed6\u4eec\u5c06\u52aa\u529b\u4ece\u54c8\u592b\u5854\u5c14\u9886\u5bfc\u7684\u5229\u6bd4\u4e9a\u56fd\u6c11\u519b\u624b\u4e2d\u593a\u56de\u6e2f\u53e3\u82cf\u5c14\u7279\uff0c\u56e0\u4e3a\u82cf\u5c14\u7279\u662f\u901a\u5f80\u5229\u6bd4\u4e9a\u4e3b\u8981\u6cb9\u7530\u548c\u6731\u592b\u62c9\u7a7a\u519b\u57fa\u5730\u7684\u5927\u95e8\u3002", "events": [], "arguments": {"time": [], "loc": [{"text": "\u82cf\u5c14\u7279", "offset": 37, "length": 3}, {"text": "\u82cf\u5c14\u7279", "offset": 43, "length": 3}, {"text": "\u6731\u592b\u62c9\u7a7a\u519b\u57fa\u5730", "offset": 57, "length": 7}], "country": [{"text": "\u5229\u6bd4\u4e9a", "offset": 0, "length": 3}, {"text": "\u5229\u6bd4\u4e9a", "offset": 25, "length": 3}, {"text": "\u5229\u6bd4\u4e9a", "offset": 49, "length": 3}], "weapon": []}}, {"sentence": "\u62a5\u9053\u63f4\u5f15\u8def\u900f\u793e\u6b64\u524d\u7684\u62a5\u9053\u79f0\uff0c\u4e00\u652f\u7531\u7ea6200\u8f86\u8f66\u7ec4\u6210\u7684\u8f66\u961f\u4e0a\u5468\u516d\u4ece\u7c73\u82cf\u62c9\u5854\u51fa\u53d1\uff0c\u5411\u4e1c\u884c\u8fdb\u81f3\u5854\u4e4c\u5c14\u52a0\u9547\uff0c\u7ea6\u5360\u81f3\u82cf\u5c14\u7279\u8def\u7a0b\u7684\u4e09\u5206\u4e4b\u4e00\u3002", "events": [], "arguments": {"time": [{"text": "\u4e0a\u5468\u516d", "offset": 28, "length": 3}], "loc": [{"text": "\u7c73\u82cf\u62c9\u5854", "offset": 32, "length": 4}, {"text": "\u5854\u4e4c\u5c14\u52a0\u9547", "offset": 44, "length": 5}, {"text": "\u82cf\u5c14\u7279", "offset": 53, "length": 3}], "country": [], "weapon": []}}, {"sentence": "\u652f\u6301\u56fd\u6c11\u519b\u7684\u57c3\u53ca\u6b64\u524d\u5df2\u8b66\u544a\uff0c\u5982\u679c\u6c11\u65cf\u56e2\u7ed3\u653f\u5e9c\u6b66\u88c5\u8bd5\u56fe\u593a\u53d6\u82cf\u5c14\u7279\uff0c\u5b83\u5c06\u4ee5\u519b\u4e8b\u624b\u6bb5\u56de\u5e94\u3002", "events": [], "arguments": {"time": [], "loc": [{"text": "\u82cf\u5c14\u7279", "offset": 28, "length": 3}], "country": [{"text": "\u57c3\u53ca", "offset": 6, "length": 2}], "weapon": []}}, {"sentence": "\u57c3\u53ca\u5df2\u7ecf\u5728\u5176\u897f\u90e8\u4e0e\u5229\u6bd4\u4e9a\u63a5\u58e4\u7684\u8fb9\u5883\u90e8\u7f72\u4e86\u519b\u961f\u548c\u6b66\u5668\u88c5\u5907\uff0c\u5e76\u4e3e\u884c\u4e86\u9646\u5730\u548c\u6d77\u4e0a\u519b\u6f14\uff0c\u4ee5\u5e94\u5bf9\u53ef\u80fd\u5230\u6765\u7684\u519b\u4e8b\u5e72\u9884\u3002", "events": [], "arguments": {"time": [], "loc": [{"text": "\u6d77\u4e0a", "offset": 35, "length": 2}], "country": [{"text": "\u57c3\u53ca", "offset": 0, "length": 2}, {"text": "\u5229\u6bd4\u4e9a", "offset": 9, "length": 3}], "weapon": []}}, {"sentence": "\u5728\u571f\u8033\u5176\u5e2e\u52a9\u4e0b\uff0c\u6c11\u65cf\u56e2\u7ed3\u653f\u5e9c\u8fd1\u6765\u6536\u590d\u4e86\u5229\u6bd4\u4e9a\u897f\u5317\u90e8\u66fe\u88ab\u56fd\u6c11\u519b\u5360\u636e\u7684\u5927\u90e8\u5206\u5730\u533a\uff0c\u7ed3\u675f\u4e86\u56fd\u6c11\u519b\u957f\u8fbe14\u4e2a\u6708\u5bf9\u9996\u90fd\u7684\u9ece\u6ce2\u91cc\u7684\u56f4\u653b\u3002", "events": [], "arguments": {"time": [], "loc": [{"text": "\u5229\u6bd4\u4e9a\u897f\u5317\u90e8", "offset": 19, "length": 6}, {"text": "\u7684\u9ece\u6ce2\u91cc", "offset": 54, "length": 4}], "country": [{"text": "\u571f\u8033\u5176", "offset": 1, "length": 3}, {"text": "\u5229\u6bd4\u4e9a", "offset": 19, "length": 3}], "weapon": []}}, {"sentence": "\uff08\u5b8c\uff09", "events": [], "arguments": {"time": [], "loc": [], "country": [], "weapon": []}}, {"sentence": "\uff08\u5b8c\uff09", "events": [], "arguments": {"time": [], "loc": [], "country": [], "weapon": []}}]