[{"sentence": "\u536b\u661f\u7167\u66dd\u5149\u7f8e\u519b\u57fa\u5730\u51fa\u73b0\u201c\u6b7c20\u201d\u00a0\u7f8e\u5a92\u5410\u69fd\uff1a\u8fd9\u505a\u5de5\u592a\u7cd9\u4e86", "events": [], "arguments": {"time": [], "loc": [{"text": "\u7f8e\u519b\u57fa\u5730", "offset": 5, "length": 4}], "country": [{"text": "\u7f8e", "offset": 17, "length": 1}], "weapon": [{"text": "\u201c\u6b7c20\u201d", "offset": 11, "length": 5}]}}, {"sentence": "\u3010\u73af\u7403\u7f51\u62a5\u9053 \u8bb0\u8005 \u5f90\u7490\u660e\u3011", "events": [], "arguments": {"time": [], "loc": [], "country": [], "weapon": []}}, {"sentence": "\u8fd1\u65e5\u536b\u661f\u56fe\u66dd\u5149\u4e86\u4e00\u67b6\u201c\u6b7c-20\u201d\u6218\u6597\u673a\u51fa\u73b0\u5728\u4e86\u7f8e\u56fd\u6d77\u519b\u9646\u6218\u961f\u7684\u57fa\u5730\u4e2d\uff0c\u5f15\u8d77\u4e86\u7f8e\u5a92\u7684\u5173\u6ce8\u3002", "events": [], "arguments": {"time": [], "loc": [], "country": [{"text": "\u7f8e\u56fd", "offset": 23, "length": 2}], "weapon": [{"text": "\u201c\u6b7c-20\u201d\u6218\u6597\u673a", "offset": 10, "length": 9}]}}, {"sentence": "\u636eTheAviationist\u7f51\u7ad97\u670818\u65e5\u62a5\u9053\uff0c\u6700\u65b0\u7684\u536b\u661f\u56fe\u50cf\u663e\u793a\uff0c\u4e00\u67b6\u201c\u6b7c-20\u201d\u6218\u6597\u673a\u51fa\u73b0\u5728\u4e86\u4f4d\u4e8e\u7f8e\u56fd\u5317\u5361\u7f57\u6765\u7eb3\u5dde\u7684\u6d77\u519b\u9646\u6218\u961f\u5907\u7528\u8f85\u52a9\u7740\u9646\u573a\u7684\u505c\u673a\u576a\u4e0a\u3002", "events": [], "arguments": {"time": [{"text": "7\u670818\u65e5", "offset": 17, "length": 5}], "loc": [], "country": [{"text": "\u7f8e\u56fd", "offset": 52, "length": 2}], "weapon": [{"text": "\u201c\u6b7c-20\u201d\u6218\u6597\u673a", "offset": 37, "length": 9}]}}, {"sentence": "\u62a5\u9053\u79f0\uff0c\u8fd9\u67b6\u6b7c-20\u6218\u6597\u673a\u7684\u8bad\u7ec3\u6a21\u578b\u6700\u65e9\u57282018\u5e7412\u6708\u88ab\u53d1\u73b0\uff0c\u5f53\u65f6\u8be5\u673a\u51fa\u73b0\u5728\u4e86\u7f8e\u56fd\u4e54\u6cbb\u4e9a\u673a\u573a\u3002", "events": [], "arguments": {"time": [{"text": "2018\u5e7412\u6708", "offset": 21, "length": 8}], "loc": [{"text": "\u7f8e\u56fd\u4e54\u6cbb\u4e9a\u673a\u573a", "offset": 41, "length": 7}], "country": [{"text": "\u7f8e\u56fd", "offset": 41, "length": 2}], "weapon": [{"text": "\u6b7c-20\u6218\u6597\u673a", "offset": 6, "length": 7}]}}, {"sentence": "\u5f53\u65f6\u8fd8\u6709\u66dd\u5149\u7684\u8fd8\u6709\u4e00\u4e9b\u4ece\u5730\u9762\u62cd\u6444\u7684\u7167\u7247\u3002", "events": [], "arguments": {"time": [], "loc": [], "country": [], "weapon": []}}, {"sentence": "\u5f53\u65f6\u6709\u6d88\u606f\u79f0\uff0c\u8fd9\u67b6\u6b7c-20\u662f\u201c\u4e00\u67b6\u5168\u5c3a\u5bf8\u590d\u5236\u54c1\uff0c\u57282018\u5e7412\u67084\u65e5\u81f36\u65e5\u671f\u95f4\u8be5\u673a\u66fe\u5728\u7f8e\u56fd\u7a7a\u519b\u63a7\u5236\u4e2d\u5fc3\u77ed\u6682\u505c\u7559\u8fc7\u4e00\u6bb5\u65f6\u95f4\u201d\u3002", "events": [], "arguments": {"time": [{"text": "2018\u5e7412\u67084\u65e5\u81f36\u65e5", "offset": 25, "length": 13}], "loc": [{"text": "\u7f8e\u56fd\u7a7a\u519b\u63a7\u5236\u4e2d\u5fc3", "offset": 44, "length": 8}], "country": [{"text": "\u7f8e\u56fd", "offset": 44, "length": 2}], "weapon": [{"text": "\u6b7c-20", "offset": 9, "length": 4}]}}, {"sentence": "\u4e0d\u8fc7\u7f8e\u56fd\u6d77\u519b\u9646\u6218\u961f\u5b98\u65b9\u5e76\u672a\u8bf4\u660e\u8fd9\u4e2a\u5168\u5c3a\u5bf8\u6a21\u578b\u7684\u5177\u4f53\u7528\u9014\uff0c\u7f8e\u56fd\u6d77\u519b\u9646\u6218\u961f\u8bad\u7ec3\u548c\u6559\u80b2\u53f8\u4ee4\u90e8\u5728\u53d1\u7ed9\u300a\u6d77\u519b\u9646\u6218\u961f\u65f6\u62a5\u300b\u7684\u4e00\u4efd\u58f0\u660e\u4e2d\u79f0\uff0c\u8fd9\u67b6\u4e2d\u56fd\u6218\u673a\u7684\u5168\u5c3a\u5bf8\u6a21\u578b\u662f\u7528\u4e8e\u89c6\u89c9\u548c\u4f20\u611f\u5668\u8bad\u7ec3\u7684\u3002", "events": [], "arguments": {"time": [], "loc": [], "country": [{"text": "\u7f8e\u56fd", "offset": 2, "length": 2}, {"text": "\u7f8e\u56fd", "offset": 28, "length": 2}, {"text": "\u4e2d\u56fd", "offset": 65, "length": 2}], "weapon": [{"text": "\u6218\u673a", "offset": 67, "length": 2}]}}, {"sentence": "\u8be5\u53f8\u4ee4\u90e8\u4e0b\u8f96\u7684\u90e8\u961f\u8d1f\u8d23\u4e0e\u7f8e\u56fd\u6d77\u519b\u9646\u6218\u961f\u9776\u573a\u548c\u8bad\u7ec3\u533a\u57df\u7ba1\u7406\u90e8\u95e8\u5408\u4f5c\uff0c\u8bc6\u522b\u548c\u91cd\u73b0\u5404\u79cd\u9700\u8981\u590d\u5236\u7684\u6f5c\u5728\u5a01\u80c1\u3002", "events": [], "arguments": {"time": [], "loc": [], "country": [{"text": "\u7f8e\u56fd", "offset": 12, "length": 2}], "weapon": []}}, {"sentence": "\u7f8e\u56fd\u6d77\u519b\u9646\u6218\u961f\u8bad\u7ec3\u548c\u6559\u80b2\u53f8\u4ee4\u90e8\u89e3\u91ca\u8bf4\uff1a\u201c\u8fd9\u67b6\u6a21\u578b\u673a\u4eff\u7167\u7684\u662f\u4e00\u67b6\u6b7c-20\u6218\u6597\u673a\uff0c\u4f5c\u4e3a\u6982\u5ff5\u9a8c\u8bc1\u800c\u4f7f\u7528\uff0c\u8fd9\u662f\u7f8e\u519b\u672a\u6765\u6f5c\u5728\u5a01\u80c1\u5f00\u53d1\u8ba1\u5212\u7684\u4e00\u90e8\u5206\u3002", "events": [], "arguments": {"time": [], "loc": [], "country": [{"text": "\u7f8e\u56fd", "offset": 0, "length": 2}], "weapon": [{"text": "\u6b7c-20\u6218\u6597\u673a", "offset": 31, "length": 7}]}}, {"sentence": "\u201d\u201c\u8be5\u6a21\u578b\u7531\u4e54\u6cbb\u4e9a\u5dde\u7684\u627f\u5305\u5546\u8d1f\u8d23\u5236\u9020\uff0c\u968f\u540e\u88ab\u8f6c\u79fb\u5230\u4e86\u7a7a\u7ba1\u4e2d\u5fc3\uff0c\u4ee5\u8bc4\u4f30\u7ec4\u88c5\u548c\u62c6\u5378\u8fc7\u7a0b\u3001\u70ed\u548c\u5149\u4fe1\u53f7\u7b49\uff0c\u968f\u540e\u53c8\u8f6c\u79fb\u5230\u5317\u5361\u7f57\u83b1\u7eb3\u8bad\u7ec3\u573a\u5730\u5907\u7528\u3002", "events": [], "arguments": {"time": [], "loc": [{"text": "\u4e54\u6cbb\u4e9a\u5dde", "offset": 6, "length": 4}, {"text": "\u5317\u5361\u7f57\u83b1\u7eb3\u8bad\u7ec3\u573a\u5730", "offset": 55, "length": 9}], "country": [], "weapon": []}}, {"sentence": "\u201d", "events": [], "arguments": {"time": [], "loc": [], "country": [], "weapon": []}}, {"sentence": "\u62a5\u9053\u79f0\uff0c\u5bf9\u4e8e\u7f8e\u56fd\u6d77\u519b\u9646\u6218\u961f\uff0c\u4ee5\u53ca\u7f8e\u56fd\u7a7a\u519b\u548c\u7f8e\u56fd\u6d77\u519b\u6765\u8bf4\uff0c\u4f7f\u7528\u771f\u5b9e\u5bf9\u624b\u7684\u98de\u673a\u8fdb\u884c\u8bad\u7ec3\u751a\u81f3\u662f\u5b9e\u6218\u5316\u5bf9\u6297\u8bad\u7ec3\u90fd\u662f\u5f88\u5e38\u89c1\u7684\u3002", "events": [], "arguments": {"time": [], "loc": [], "country": [{"text": "\u7f8e\u56fd", "offset": 6, "length": 2}, {"text": "\u7f8e\u56fd", "offset": 16, "length": 2}, {"text": "\u7f8e\u56fd", "offset": 21, "length": 2}], "weapon": [{"text": "\u98de\u673a", "offset": 35, "length": 2}]}}, {"sentence": "\u4f8b\u59822018\u5e74\u7684\u65f6\u5019\uff0c\u7f8e\u56fd\u6d77\u519b\u9646\u6218\u961f\u7a7a\u4e2d\u548c\u5730\u9762\u7279\u79cd\u90e8\u961f\u8bad\u7ec3\u53f8\u4ee4\u90e8\u5c31\u66fe\u5411\u627f\u5305\u5546\u63d0\u51fa\u4f9b\u5e94\u4e00\u67b6\u4fc4\u5236\u7c73-24\u6b66\u88c5\u76f4\u5347\u673a\uff0c\u88c5\u4e0a\u7535\u5b50\u6a21\u62df\u5668\u540e\u8fdb\u884c\u6218\u6597\u6a21\u62df\u6f14\u7ec3\u3002", "events": [], "arguments": {"time": [{"text": "2018\u5e74", "offset": 2, "length": 5}], "loc": [], "country": [{"text": "\u7f8e\u56fd", "offset": 11, "length": 2}], "weapon": [{"text": "\u7c73-24\u6b66\u88c5\u76f4\u5347\u673a", "offset": 46, "length": 9}]}}, {"sentence": "\u7f8e\u56fd\u5176\u4ed6\u519b\u79cd\u4e5f\u66fe\u505a\u8fc7\u8fd9\u6837\u7684\u6d4b\u8bd5\uff0c\u4f8b\u5982\u7f8e\u56fd\u7a7a\u519b\u4e5f\u66fe\u4f7f\u7528\u7c73-24\u76f4\u5347\u673a\u548c\u82cf-27\u6218\u6597\u673a\u8fdb\u884c\u8bad\u7ec3\u3002", "events": [], "arguments": {"time": [], "loc": [], "country": [{"text": "\u7f8e\u56fd", "offset": 0, "length": 2}, {"text": "\u7f8e\u56fd", "offset": 18, "length": 2}], "weapon": [{"text": "\u7c73-24\u76f4\u5347\u673a", "offset": 26, "length": 7}, {"text": "\u82cf-27\u6218\u6597\u673a", "offset": 34, "length": 7}]}}, {"sentence": "\u4ece\u753b\u9762\u4e2d\u770b\uff0c\u8fd9\u67b6\u201c\u6b7c-20\u201d\u91c7\u7528\u7684\u662f\u9ed1\u8272\u6d82\u88c5\uff0c\u5782\u5c3e\u6ca1\u6709\u505a\u5207\u89d2\u5904\u7406\uff0c\u8fd9\u4e9b\u90fd\u662f\u65e9\u671f\u8bd5\u98de\u7684\u6b7c-20\u539f\u578b\u673a\u7684\u7279\u5f81\uff0c\u4e0e\u89e3\u653e\u519b\u90e8\u961f\u73b0\u5f79\u7684\u6b7c-20\u6709\u5f88\u5927\u4e0d\u540c\u3002", "events": [], "arguments": {"time": [], "loc": [], "country": [], "weapon": [{"text": "\u201c\u6b7c-20\u201d", "offset": 8, "length": 6}, {"text": "\u6b7c-20\u539f\u578b\u673a", "offset": 42, "length": 7}, {"text": "\u6b7c-20", "offset": 62, "length": 4}]}}, {"sentence": "\u8fdeTheAviationist\u7f51\u7ad9\u4e5f\u4e0d\u7981\u8981\u5410\u69fd\u8fd9\u67b6\u6b7c-20\u6218\u6597\u673a\u6a21\u578b\u4e00\u4e9b\u660e\u663e\u7684\u201c\u7c97\u5fc3\u201d\u4e4b\u5904\u3002", "events": [], "arguments": {"time": [], "loc": [], "country": [], "weapon": [{"text": "\u6b7c-20\u6218\u6597\u673a", "offset": 25, "length": 7}]}}, {"sentence": "\u4f8b\u5982\u8be5\u673a\u7684\u63a7\u5236\u9762\u677f\u65e0\u6cd5\u6d3b\u52a8\uff0c\u8fd8\u6709\u519b\u4e8b\u4e13\u5bb6\u6307\u51fa\u5176\u5c3e\u55b7\u53e3\u7684\u5f62\u72b6\u770b\u8d77\u6765\u975e\u5e38\u4e0d\u51c6\u786e\uff0c\u8d77\u843d\u67b6\u4e5f\u4e0e\u771f\u6b63\u7684\u6b7c-20\u4e0d\u540c\u3002", "events": [], "arguments": {"time": [], "loc": [], "country": [], "weapon": [{"text": "\u6b7c-20", "offset": 46, "length": 4}]}}, {"sentence": "\u62a5\u9053\u79f0\uff0c\u4e0d\u7ba1\u600e\u6837\u8fd9\u90fd\u662f\u4e00\u4e2a\u6709\u8da3\u7684\u73b0\u8c61\uff0c\u7f8e\u56fd\u4e0d\u4ec5\u5728\u590d\u5236\u4fc4\u7f57\u65af\u7684\u201c\u5a01\u80c1\u201d\uff0c\u800c\u4e14\u5728\u8ba4\u771f\u5bf9\u5f85\u4e2d\u56fd\u65b0\u5174\u7684\u6b66\u5668\u88c5\u5907\u3002", "events": [], "arguments": {"time": [], "loc": [], "country": [{"text": "\u7f8e\u56fd", "offset": 19, "length": 2}, {"text": "\u4fc4\u7f57\u65af", "offset": 26, "length": 3}, {"text": "\u4e2d\u56fd", "offset": 42, "length": 2}], "weapon": []}}, {"sentence": "\u5728\u4e0d\u4e45\u7684\u5c06\u6765\uff0c\u662f\u5426\u8fd8\u4f1a\u6709\u5176\u4ed6\u4e2d\u56fd\u6b66\u5668\u7684\u590d\u5236\u54c1\u88ab\u7f8e\u519b\u5f15\u5165\u5230\u8bad\u7ec3\u4e2d\u4e5f\u5f88\u503c\u5f97\u5173\u6ce8\u3002", "events": [], "arguments": {"time": [], "loc": [], "country": [{"text": "\u4e2d\u56fd", "offset": 14, "length": 2}, {"text": "\u7f8e", "offset": 23, "length": 1}], "weapon": []}}]