[{"sentence": "\u7f8e\u56fd\u519b\u8230\u63a5\u8fde\u53d1\u751f\u706b\u707e \u7f8e\u5a92\uff1a\u957f\u671f\u6f20\u89c6\u6d88\u9632\u5b89\u5168\u7684\u6076\u679c", "events": [], "arguments": {"time": [], "loc": [], "country": [{"text": "\u7f8e\u56fd", "offset": 0, "length": 2}], "weapon": [{"text": "\u519b\u8230", "offset": 2, "length": 2}]}}, {"sentence": "\u3010\u73af\u7403\u65f6\u62a5\u7279\u7ea6\u8bb0\u8005 \u5f20\u8fbe\u8fce\u3011", "events": [], "arguments": {"time": [], "loc": [], "country": [], "weapon": []}}, {"sentence": "\u5428\u4f4d\u8d85\u8fc7\u8f7b\u578b\u822a\u6bcd\u7684\u7f8e\u56fd\u201c\u597d\u4eba\u7406\u67e5\u5fb7\u201d\u53f7\u4e24\u6816\u653b\u51fb\u8230\u718a\u718a\u71c3\u70e7\u7684\u5927\u706b\u6301\u7eed\u4e864\u5929\uff0c\u8ba9\u7f8e\u56fd\u6d77\u519b\u5728\u4e16\u4eba\u9762\u524d\u5927\u4e22\u989c\u9762\u3002", "events": [], "arguments": {"time": [], "loc": [], "country": [{"text": "\u7f8e\u56fd", "offset": 9, "length": 2}, {"text": "\u7f8e\u56fd", "offset": 38, "length": 2}], "weapon": [{"text": "\u201c\u597d\u4eba\u7406\u67e5\u5fb7\u201d\u53f7\u4e24\u6816\u653b\u51fb\u8230", "offset": 11, "length": 13}]}}, {"sentence": "\u201c\u597d\u4eba\u7406\u67e5\u5fb7\u201d\u53f7\u545b\u4eba\u7684\u6d53\u70df\u5c1a\u672a\u6d88\u6563\uff0c\u5b83\u7684\u59ca\u59b9\u8230\u201c\u57fa\u8428\u5947\u5c71\u201d\u53f717\u65e5\u4e5f\u5728\u7ef4\u4fee\u4e2d\u53d1\u751f\u706b\u707e\u3002", "events": [], "arguments": {"time": [{"text": "17\u65e5", "offset": 30, "length": 3}], "loc": [], "country": [], "weapon": [{"text": "\u201c\u597d\u4eba\u7406\u67e5\u5fb7\u201d\u53f7", "offset": 0, "length": 8}, {"text": "\u201c\u57fa\u8428\u5947\u5c71\u201d\u53f7", "offset": 23, "length": 7}]}}, {"sentence": "\u7f8e\u56fd\u5a92\u4f5318\u65e5\u603b\u7ed3\u79f0\uff0c\u63a5\u8fde\u53d1\u751f\u7684\u706b\u707e\u4e8b\u6545\u663e\u793a\uff0c\u8fd9\u4e9b\u90fd\u662f\u7f8e\u56fd\u6d77\u519b\u957f\u671f\u6f20\u89c6\u6d88\u9632\u5b89\u5168\u7684\u6076\u679c\u3002", "events": [], "arguments": {"time": [{"text": "18\u65e5", "offset": 4, "length": 3}], "loc": [], "country": [{"text": "\u7f8e\u56fd", "offset": 0, "length": 2}, {"text": "\u7f8e\u56fd", "offset": 27, "length": 2}], "weapon": []}}, {"sentence": "\u8fd9\u6b21\u706b\u707e\u53ef\u4ee5\u907f\u514d\u5417\uff1f", "events": [], "arguments": {"time": [], "loc": [], "country": [], "weapon": []}}, {"sentence": "\u7f8e\u56fd\u300a\u661f\u6761\u65d7\u62a5\u300b18\u65e5\u79f0\uff0c2012\u5e74\u7f8e\u56fd\u201c\u8fc8\u963f\u5bc6\u201d\u53f7\u653b\u51fb\u6838\u6f5c\u8247\u5728\u7f05\u56e0\u5dde\u6734\u6b21\u8305\u65af\u6d77\u519b\u9020\u8239\u5382\u7ef4\u4fee\u65f6\u8d77\u706b\u3002", "events": [], "arguments": {"time": [{"text": "18\u65e5", "offset": 8, "length": 3}, {"text": "2012\u5e74", "offset": 13, "length": 5}], "loc": [{"text": "\u7f05\u56e0\u5dde\u6734\u6b21\u8305\u65af\u6d77\u519b\u9020\u8239\u5382", "offset": 32, "length": 12}], "country": [{"text": "\u7f8e\u56fd", "offset": 0, "length": 2}, {"text": "\u7f8e\u56fd", "offset": 18, "length": 2}], "weapon": [{"text": "\u201c\u8fc8\u963f\u5bc6\u201d\u53f7\u653b\u51fb\u6838\u6f5c\u8247", "offset": 20, "length": 11}]}}, {"sentence": "\u7f8e\u519b\u968f\u540e\u603b\u7ed3\u4e86\u51e0\u5341\u5e74\u6765\u7684\u6d77\u519b\u8230\u8247\u706b\u707e\u4e8b\u6545\u6848\u4f8b\uff0c\u5199\u4e86\u8db3\u8db3200\u591a\u9875\u7684\u8c03\u67e5\u62a5\u544a\uff0c\u5f3a\u8c03\u7f8e\u6d77\u519b\u5e94\u8be5\u4ece\u706b\u707e\u4e2d\u5438\u53d6\u6559\u8bad\uff0c\u201c\u5982\u679c\u4e0d\u91c7\u53d6\u7cfb\u7edf\u6027\u7684\u7ea0\u6b63\u63aa\u65bd\uff0c\u6bcf5\u5e74\u7ecf\u5386\u4e00\u6b21\u519b\u8230\u7740\u706b\u7684\u60b2\u5267\u8fd8\u4f1a\u7ee7\u7eed\u4e0a\u6f14\u3002", "events": [], "arguments": {"time": [], "loc": [], "country": [{"text": "\u7f8e", "offset": 0, "length": 1}, {"text": "\u7f8e", "offset": 40, "length": 1}], "weapon": [{"text": "\u519b\u8230", "offset": 76, "length": 2}]}}, {"sentence": "\u201d\u62a5\u544a\u8fd8\u603b\u7ed3\u5f52\u7eb3\u4e86\u63d0\u9ad8\u519b\u8230\u9632\u706b\u548c\u6d88\u9632\u51c6\u5907\u768499\u6761\u5efa\u8bae\uff0c\u7279\u610f\u63d0\u9192\u519b\u8230\u5728\u6e2f\u53e3\u7ef4\u62a4\u6539\u9020\u65f6\u8239\u5458\u8f83\u5c11\u3001\u5bb9\u6613\u8d77\u706b\u7684\u5371\u9669\u6027\u3002", "events": [], "arguments": {"time": [], "loc": [], "country": [], "weapon": [{"text": "\u519b\u8230", "offset": 31, "length": 2}]}}, {"sentence": "\u7136\u800c\u201c\u597d\u4eba\u7406\u67e5\u5fb7\u201d\u53f7\u7684\u706b\u60c5\u51e0\u4e4e\u4e0e\u90a3\u573a\u5927\u706b\u5982\u51fa\u4e00\u8f99\u3002", "events": [], "arguments": {"time": [], "loc": [], "country": [], "weapon": [{"text": "\u201c\u597d\u4eba\u7406\u67e5\u5fb7\u201d\u53f7", "offset": 2, "length": 8}]}}, {"sentence": "\u65f6\u96948\u5e74\u7684\u4e24\u573a\u5927\u706b\u6709\u8bb8\u591a\u5171\u540c\u7684\u7279\u5f81\uff1a\u540c\u6837\u662f\u5728\u8239\u5382\u7ef4\u4fee\u6539\u9020\uff0c\u540c\u6837\u662f\u8230\u4e0a\u635f\u7ba1\u529b\u91cf\u4e0d\u8db3\uff0c\u540c\u6837\u662f\u519b\u8230\u6d88\u9632\u7cfb\u7edf\u5904\u4e8e\u5173\u95ed\u72b6\u6001\uff0c\u540c\u6837\u662f\u4e71\u642d\u811a\u624b\u67b6\u4e71\u63a5\u7535\u7f06\u5bfc\u81f4\u6c34\u5bc6\u95e8\u65e0\u6cd5\u5c01\u95ed\uff0c\u540c\u6837\u662f\u6e2f\u5185\u6d88\u9632\u4eba\u5458\u7f3a\u4e4f\u519b\u8230\u6d88\u9632\u57f9\u8bad\uff0c\u540c\u6837\u662f\u5c0f\u706b\u70e7\u6210\u4e86\u5927\u706b\u2026\u2026\u7531\u6b64\u770b\u6765\uff0c\u7f8e\u56fd\u6d77\u519b\u5e76\u672a\u201c\u5403\u4e00\u5811\u957f\u4e00\u667a\u201d\uff0c\u53cd\u800c\u662f\u660e\u77e5\u6545\u72af\u3001\u5c61\u6559\u4e0d\u6539\uff0c\u5728\u66fe\u7ecf\u6454\u5012\u8fc7\u7684\u5730\u65b9\u53c8\u7ed3\u7ed3\u5b9e\u5b9e\u5730\u6454\u4e86\u4e00\u8de4\u3002", "events": [], "arguments": {"time": [], "loc": [], "country": [{"text": "\u7f8e\u56fd", "offset": 114, "length": 2}], "weapon": []}}, {"sentence": "\u7f8e\u519b\u9000\u5f79\u519b\u5b98\u52b3\u4f26\u65af\u00b7\u5e03\u4f26\u5357\u79f0\uff0c\u7f8e\u6d77\u519b\u5c1a\u672a\u5168\u9762\u843d\u5b9e\u201c\u8fc8\u963f\u5bc6\u201d\u53f7\u706b\u707e\u62a5\u544a\u4e2d\u7684\u5efa\u8bae\uff0c\u65f6\u81f3\u4eca\u65e5\u4f9d\u7136\u6ca1\u6709\u4e00\u4e2a\u4e13\u95e8\u7ec4\u7ec7\u8d1f\u8d23\u5c06\u9632\u707e\u6551\u707e\u7ecf\u9a8c\u7eb3\u5165\u8230\u961f\u8bad\u7ec3\u3002", "events": [], "arguments": {"time": [], "loc": [], "country": [{"text": "\u7f8e", "offset": 0, "length": 1}, {"text": "\u7f8e", "offset": 15, "length": 1}], "weapon": [{"text": "\u201c\u8fc8\u963f\u5bc6\u201d\u53f7", "offset": 24, "length": 6}]}}, {"sentence": "\u7f8e\u56fd\u300a\u9632\u52a1\u65b0\u95fb\u300b\u4e5f\u6279\u8bc4\u79f0\uff0c\u201c\u597d\u4eba\u7406\u67e5\u5fb7\u201d\u53f7\u548c\u201c\u8fc8\u963f\u5bc6\u201d\u53f7\u7684\u4e24\u628a\u706b\uff0c\u66b4\u9732\u51fa\u8230\u4e0a\u6d88\u9632\u5458\u548c\u6e2f\u53e3\u3001\u5cb8\u4e0a\u6d88\u9632\u5458\u5982\u4f55\u5408\u4f5c\u7684\u95ee\u9898\u3002", "events": [], "arguments": {"time": [], "loc": [], "country": [{"text": "\u7f8e\u56fd", "offset": 0, "length": 2}], "weapon": [{"text": "\u201c\u597d\u4eba\u7406\u67e5\u5fb7\u201d\u53f7", "offset": 13, "length": 8}, {"text": "\u201c\u8fc8\u963f\u5bc6\u201d\u53f7", "offset": 22, "length": 6}]}}, {"sentence": "\u519b\u8230\u5728\u6e2f\u5185\u8d77\u706b\uff0c\u9700\u8981\u5f53\u5730\u975e\u519b\u65b9\u6d88\u9632\u5458\u7684\u6307\u6325\u548c\u63a7\u5236\uff0c\u800c\u76ee\u524d\u5e76\u4e0d\u6e05\u6670\u7684\u5408\u4f5c\u6d41\u7a0b\uff0c\u5bfc\u81f4\u6d88\u9632\u5de5\u4f5c\u8131\u8282\u3002", "events": [], "arguments": {"time": [], "loc": [], "country": [], "weapon": [{"text": "\u519b\u8230", "offset": 0, "length": 2}]}}, {"sentence": "\u7f8e\u6d77\u519b\u4f5c\u6218\u90e8\u957f\u8fc8\u514b\u5c14\u00b7\u5409\u5c14\u8fea16\u65e5\u516c\u5f00\u8d28\u7591\uff0c\u6d77\u519b\u662f\u5426\u5145\u5206\u6267\u884c8\u5e74\u524d\u706b\u707e\u8c03\u67e5\u62a5\u544a\u7684\u5efa\u8bae\u3001\u662f\u5426\u5bf9\u6b64\u8ba4\u771f\u4e25\u8083\u5bf9\u5f85\u3002", "events": [], "arguments": {"time": [{"text": "16\u65e5", "offset": 14, "length": 3}], "loc": [], "country": [{"text": "\u7f8e", "offset": 0, "length": 1}], "weapon": []}}, {"sentence": "\u4ed6\u5df2\u7ecf\u4e0b\u4ee4\u6574\u4e2a\u8230\u961f\u505c\u6b62\u884c\u52a8\uff0c\u7763\u4fc3\u5404\u5206\u961f\u8fdb\u884c\u8230\u8247\u4eba\u5458\u57f9\u8bad\u3001\u8230\u8247\u88c5\u5907\u548c\u5e94\u6025\u7a0b\u5e8f\u65b9\u9762\u7684\u51c6\u5907\u60c5\u51b5\u8bc4\u4f30\uff0c\u91cd\u70b9\u8bc4\u4f30\u662f\u5426\u7559\u8db3\u503c\u73ed\u4eba\u5458\u3001\u662f\u5426\u914d\u5907\u7ecf\u8fc7\u635f\u7ba1\u57f9\u8bad\u7684\u5e94\u6025\u961f\u4f0d\u3001\u662f\u5426\u5b89\u6392\u5e94\u6025\u6d88\u9632\u63aa\u65bd\u548c\u5907\u4efd\u63aa\u65bd\u7b49\u3002", "events": [], "arguments": {"time": [], "loc": [], "country": [], "weapon": []}}, {"sentence": "\u5145\u6ee1\u5632\u8bbd\u5473\u9053\u7684\u662f\uff0c\u5409\u5c14\u8fea\u8bdd\u97f3\u672a\u843d\uff0c\u201c\u597d\u4eba\u7406\u67e5\u5fb7\u201d\u53f7\u7684\u59ca\u59b9\u8230\u201c\u57fa\u8428\u5947\u5c71\u201d\u53f7\u4e24\u6816\u653b\u51fb\u823017\u65e5\u4e5f\u5728\u7f8e\u56fd\u8bfa\u798f\u514b\u6d77\u519b\u57fa\u5730\u4fee\u6574\u671f\u95f4\u53d1\u751f\u706b\u707e\u3002", "events": [], "arguments": {"time": [{"text": "17\u65e5", "offset": 41, "length": 3}], "loc": [{"text": "\u7f8e\u56fd\u8bfa\u798f\u514b\u6d77\u519b\u57fa\u5730", "offset": 46, "length": 9}], "country": [{"text": "\u7f8e\u56fd", "offset": 46, "length": 2}], "weapon": [{"text": "\u201c\u597d\u4eba\u7406\u67e5\u5fb7\u201d\u53f7", "offset": 17, "length": 8}, {"text": "\u201c\u57fa\u8428\u5947\u5c71\u201d\u53f7\u4e24\u6816\u653b\u51fb\u8230", "offset": 29, "length": 12}]}}, {"sentence": "\u7f8e\u6d77\u519b\u7d27\u6025\u53d1\u5e03\u505c\u5de5\u4ee4\uff0c\u7763\u4fc3\u8d1f\u8d23\u4fee\u7406\u8be5\u8230\u7684\u901a\u7528\u52a8\u529b-\u56fd\u5bb6\u94a2\u94c1\u9020\u8239\u5382\u8fdb\u884c\u5de5\u7a0b\u590d\u6838\uff0c\u4e25\u683c\u843d\u5b9e\u6d88\u9632\u5b89\u5168\u8981\u6c42\u3002", "events": [], "arguments": {"time": [], "loc": [], "country": [{"text": "\u7f8e", "offset": 0, "length": 1}], "weapon": []}}]