[{"sentence": "\u672c\u6708\u7b2c\u4e8c\u6b21\uff01", "events": [], "arguments": {"time": [{"text": "\u672c\u6708", "offset": 0, "length": 2}], "loc": [], "country": [], "weapon": []}}, {"sentence": "\u7f8e\u519b\u53c8\u6d3e\u201c\u53cc\u822a\u6bcd\u201d\u5230\u5357\u6d77\u79c0\u808c\u8089", "events": [], "arguments": {"time": [], "loc": [{"text": "\u5357\u6d77", "offset": 10, "length": 2}], "country": [{"text": "\u7f8e", "offset": 0, "length": 1}], "weapon": [{"text": "\u201c\u53cc\u822a\u6bcd\u201d", "offset": 4, "length": 5}]}}, {"sentence": "\u3010\u73af\u7403\u7f51\u62a5\u9053 \u8bb0\u8005 \u5f90\u7490\u660e\u3011", "events": [], "arguments": {"time": [], "loc": [], "country": [], "weapon": []}}, {"sentence": "\u7f8e\u56fd\u6d77\u519b\u201c\u5c3c\u7c73\u5179\u201d\u53f7\u548c\u201c\u91cc\u6839\u201d\u53f7\u4e24\u4e2a\u822a\u6bcd\u6218\u6597\u7fa47\u670817\u65e5\u53c8\u5728\u5357\u6d77\u4e3e\u884c\u201c\u53cc\u822a\u6bcd\u201d\u6f14\u4e60\uff0c\u8fd9\u662f\u7f8e\u519b\u672c\u6708\u7b2c\u4e8c\u6b21\u5728\u5357\u6d77\u6d77\u57df\u4e3e\u884c\u201c\u53cc\u822a\u6bcd\u201d\u6f14\u4e60\u3002", "events": [{"trigger": {"text": "\u6f14\u4e60", "offset": 63, "length": 2}, "subject": {"text": "\u7f8e\u56fd\u6d77\u519b\u201c\u5c3c\u7c73\u5179\u201d\u53f7\u548c\u201c\u91cc\u6839\u201d\u53f7\u4e24\u4e2a\u822a\u6bcd\u6218\u6597\u7fa47\u670817\u65e5\u53c8\u5728\u5357\u6d77\u4e3e\u884c\u201c\u53cc\u822a\u6bcd\u201d", "offset": 0, "length": 39}, "object": {"text": "", "offset": 0, "length": 0}}], "arguments": {"time": [{"text": "7\u670817\u65e5", "offset": 23, "length": 5}], "loc": [{"text": "\u5357\u6d77", "offset": 52, "length": 2}, {"text": "\u5357\u6d77", "offset": 30, "length": 2}, {"text": "\u5357\u6d77\u6d77\u57df", "offset": 52, "length": 4}], "country": [{"text": "\u7f8e\u56fd", "offset": 0, "length": 2}], "weapon": [{"text": "\u201c\u5c3c\u7c73\u5179\u201d\u53f7", "offset": 4, "length": 6}, {"text": "\u201c\u91cc\u6839\u201d\u53f7", "offset": 11, "length": 5}]}}, {"sentence": "\u7f8e\u56fd\u592a\u5e73\u6d0b\u8230\u961f7\u670817\u65e5\u5728\u5176\u5b98\u7f51\u4e0a\u53d1\u5e03\u6d88\u606f\u79f0\uff0c\u7f8e\u56fd\u6d77\u519b\u7684\u201c\u5c3c\u7c73\u5179\u201d\u53f7\u548c\u201c\u91cc\u6839\u201d\u53f7\u4e24\u4e2a\u822a\u6bcd\u6218\u6597\u7fa4\u5f53\u5929\u5728\u5357\u6d77\u518d\u6b21\u5f00\u5c55\u4e86\u201c\u9ad8\u7aef\u53cc\u822a\u6bcd\u201d\u6f14\u4e60\u3002", "events": [], "arguments": {"time": [{"text": "7\u670817\u65e5", "offset": 7, "length": 5}], "loc": [{"text": "\u592a\u5e73\u6d0b", "offset": 2, "length": 3}, {"text": "\u5357\u6d77", "offset": 50, "length": 2}], "country": [{"text": "\u7f8e\u56fd", "offset": 0, "length": 2}, {"text": "\u7f8e\u56fd", "offset": 23, "length": 2}], "weapon": [{"text": "\u201c\u5c3c\u7c73\u5179\u201d\u53f7", "offset": 28, "length": 6}, {"text": "\u201c\u91cc\u6839\u201d\u53f7", "offset": 35, "length": 5}]}}, {"sentence": "\u7f8e\u56fd\u592a\u5e73\u6d0b\u8230\u961f\u5728\u901a\u62a5\u4e2d\u79f0\uff0c\u201c\u5c3c\u7c73\u5179\u201d\u53f7\u548c\u201c\u91cc\u6839\u201d\u53f7\u4e24\u4e2a\u822a\u6bcd\u6218\u6597\u7fa4\u8d85\u8fc71.2\u4e07\u540d\u8230\u5458\u53c2\u4e0e\u4e86\u6b64\u6b21\u6f14\u4e60\u3002", "events": [], "arguments": {"time": [], "loc": [{"text": "\u592a\u5e73\u6d0b", "offset": 2, "length": 3}], "country": [{"text": "\u7f8e\u56fd", "offset": 0, "length": 2}], "weapon": [{"text": "\u201c\u5c3c\u7c73\u5179\u201d\u53f7", "offset": 13, "length": 6}, {"text": "\u201c\u91cc\u6839\u201d\u53f7", "offset": 20, "length": 5}]}}, {"sentence": "\u592a\u5e73\u6d0b\u8230\u961f\u5ba3\u79f0\uff0c\u901a\u8fc7\u5f00\u5c55\u53cc\u822a\u6bcd\u6218\u6597\u7fa4\u7684\u6700\u9ad8\u6c34\u5e73\u8bad\u7ec3\uff0c\u6765\u786e\u4fdd\u80fd\u591f\u5bf9\u4efb\u4f55\u7a81\u53d1\u4e8b\u4ef6\u505a\u51fa\u56de\u5e94\u3002", "events": [], "arguments": {"time": [], "loc": [{"text": "\u592a\u5e73\u6d0b", "offset": 0, "length": 3}], "country": [], "weapon": []}}, {"sentence": "\u53c2\u52a0\u6f14\u4e60\u7684\u201c\u5c3c\u7c73\u5179\u201d\u53f7\u822a\u6bcd\u6253\u51fb\u7fa4\u7531\u822a\u6bcd\u201c\u5c3c\u7c73\u5179\u201d\u53f7\u3001\u7b2c17\u8230\u8f7d\u673a\u8054\u961f\u3001\u5bfc\u5f39\u5de1\u6d0b\u8230\u201c\u666e\u6797\u65af\u987f\u201d\u53f7\u3001\u5bfc\u5f39\u9a71\u9010\u8230\u201c\u65af\u7279\u96f7\u7279\u201d\u53f7\u548c\u201c\u62c9\u5c14\u592b\u00b7\u7ea6\u7ff0\u900a\u201d\u53f7\u7ec4\u6210\uff1b\u201c\u91cc\u6839\u201d\u53f7\u822a\u6bcd\u6253\u51fb\u7fa4\u7531\u822a\u6bcd\u201c\u91cc\u6839\u201d\u53f7\u3001\u7b2c5\u8230\u8f7d\u673a\u8054\u961f\u3001\u5bfc\u5f39\u5de1\u6d0b\u8230\u201c\u5b89\u63d0\u5854\u59c6\u201d\u53f7\u548c\u5bfc\u5f39\u9a71\u9010\u8230\u201c\u9a6c\u65af\u5ef7\u201d\u53f7\u7ec4\u6210\u3002", "events": [], "arguments": {"time": [], "loc": [], "country": [], "weapon": [{"text": "\u5bfc\u5f39\u5de1\u6d0b\u8230\u201c\u666e\u6797\u65af\u987f\u201d\u53f7", "offset": 35, "length": 12}, {"text": "\u5bfc\u5f39\u9a71\u9010\u8230\u201c\u65af\u7279\u96f7\u7279\u201d\u53f7", "offset": 48, "length": 12}, {"text": "\u201c\u62c9\u5c14\u592b\u00b7\u7ea6\u7ff0\u900a\u201d\u53f7", "offset": 61, "length": 10}, {"text": "\u201c\u91cc\u6839\u201d\u53f7\u822a\u6bcd", "offset": 74, "length": 7}, {"text": "\u5bfc\u5f39\u5de1\u6d0b\u8230\u201c\u5b89\u63d0\u5854\u59c6\u201d\u53f7", "offset": 101, "length": 12}, {"text": "\u5bfc\u5f39\u9a71\u9010\u8230\u201c\u9a6c\u65af\u5ef7\u201d\u53f7", "offset": 114, "length": 11}, {"text": "\u201c\u91cc\u6839\u201d\u53f7", "offset": 87, "length": 5}]}}, {"sentence": "\u636e\u6089\uff0c\u8fd9\u662f7\u6708\u4ee5\u6765\uff0c\u7f8e\u56fd\u6d77\u519b\u7b2c\u4e8c\u6b21\u5728\u5357\u6d77\u5f00\u5c55\u201c\u53cc\u822a\u6bcd\u201d\u6f14\u7ec3\u3002", "events": [], "arguments": {"time": [], "loc": [{"text": "\u5357\u6d77", "offset": 18, "length": 2}], "country": [{"text": "\u7f8e\u56fd", "offset": 10, "length": 2}], "weapon": []}}, {"sentence": "7\u67086\u65e5\uff0c\u201c\u91cc\u6839\u201d\u53f7\u548c\u201c\u5c3c\u7c73\u5179\u201d\u53f7\u822a\u6bcd\u6253\u51fb\u7fa4\u540c\u6837\u5728\u5357\u6d77\u5f00\u5c55\u4e86\u4e00\u6b21\u201c\u53cc\u822a\u6bcd\u201d\u6f14\u4e60\u3002", "events": [{"trigger": {"text": "\u6f14\u4e60", "offset": 37, "length": 2}, "subject": {"text": "\u201c\u91cc\u6839\u201d\u53f7\u548c\u201c\u5c3c\u7c73\u5179\u201d\u53f7\u822a\u6bcd\u6253\u51fb\u7fa4\u540c\u6837\u5728\u5357\u6d77\u5f00\u5c55\u4e86\u4e00\u6b21\u201c\u53cc\u822a\u6bcd\u201d", "offset": 5, "length": 32}, "object": {"text": "", "offset": 0, "length": 0}}], "arguments": {"time": [{"text": "7\u67086\u65e5", "offset": 0, "length": 4}], "loc": [{"text": "\u5357\u6d77", "offset": 25, "length": 2}], "country": [], "weapon": [{"text": "\u201c\u91cc\u6839\u201d\u53f7", "offset": 5, "length": 5}, {"text": "\u201c\u5c3c\u7c73\u5179\u201d\u53f7\u822a\u6bcd", "offset": 11, "length": 8}]}}, {"sentence": "\u8fd9\u662f\u81ea2014\u5e74\u6765\uff0c\u7f8e\u56fd\u6d77\u519b\u5728\u4e2d\u56fd\u5357\u6d77\u9996\u6b21\u4e3e\u884c\u53cc\u822a\u6bcd\u519b\u4e8b\u6f14\u4e60\u3002", "events": [], "arguments": {"time": [], "loc": [{"text": "\u4e2d\u56fd\u5357\u6d77", "offset": 15, "length": 4}], "country": [{"text": "\u7f8e\u56fd", "offset": 10, "length": 2}, {"text": "\u4e2d\u56fd", "offset": 15, "length": 2}], "weapon": []}}, {"sentence": "\u5bf9\u4e8e\u7f8e\u56fd\u5728\u5357\u6d77\u8fdb\u884c\u201c\u53cc\u822a\u6bcd\u201d\u6f14\u4e60\uff0c\u4e2d\u56fd\u5916\u4ea4\u90e8\u53d1\u8a00\u4eba\u8d75\u7acb\u575a\u5219\u56de\u5e94\u8bf4\uff0c\u5f53\u524d\u5728\u4e2d\u56fd\u548c\u4e1c\u76df\u56fd\u5bb6\u7684\u5171\u540c\u52aa\u529b\u4e0b\uff0c\u5357\u6d77\u5c40\u52bf\u4fdd\u6301\u603b\u4f53\u7a33\u5b9a\u3001\u5411\u597d\u53d1\u5c55\u3002", "events": [], "arguments": {"time": [], "loc": [{"text": "\u5357\u6d77", "offset": 5, "length": 2}, {"text": "\u5357\u6d77", "offset": 50, "length": 2}], "country": [{"text": "\u7f8e\u56fd", "offset": 2, "length": 2}, {"text": "\u4e2d\u56fd", "offset": 17, "length": 2}, {"text": "\u4e2d\u56fd", "offset": 36, "length": 2}], "weapon": []}}, {"sentence": "\u5728\u6b64\u5f62\u52bf\u4e0b\uff0c\u7f8e\u56fd\u84c4\u610f\u6d3e\u91cd\u5175\u5728\u5357\u6d77\u6709\u5173\u6d77\u57df\u8fdb\u884c\u5927\u89c4\u6a21\u519b\u6f14\uff0c\u70ab\u8000\u6b66\u529b\uff0c\u5b8c\u5168\u662f\u522b\u6709\u7528\u5fc3\u3002", "events": [], "arguments": {"time": [], "loc": [{"text": "\u5357\u6d77", "offset": 14, "length": 2}], "country": [{"text": "\u7f8e\u56fd", "offset": 6, "length": 2}], "weapon": []}}, {"sentence": "\u7f8e\u65b9\u7684\u884c\u5f84\u4e00\u518d\u6311\u62e8\u79bb\u95f4\u5730\u533a\u56fd\u5bb6\u95f4\u5173\u7cfb\uff0c\u63a8\u52a8\u5357\u6d77\u519b\u4e8b\u5316\uff0c\u7834\u574f\u5357\u6d77\u5730\u533a\u548c\u5e73\u4e0e\u7a33\u5b9a\u3002", "events": [], "arguments": {"time": [], "loc": [{"text": "\u5357\u6d77", "offset": 21, "length": 2}, {"text": "\u5357\u6d77\u5730\u533a", "offset": 29, "length": 4}], "country": [{"text": "\u7f8e\u65b9", "offset": 0, "length": 2}], "weapon": []}}, {"sentence": "\u56fd\u9645\u793e\u4f1a\u7279\u522b\u662f\u672c\u5730\u533a\u56fd\u5bb6\uff0c\u5bf9\u6b64\u770b\u5f97\u6e05\u6e05\u695a\u695a\u3002", "events": [], "arguments": {"time": [], "loc": [], "country": [], "weapon": []}}]