[{"sentence": "\u5916\u5a92\uff1aS-500\u9632\u7a7a\u5bfc\u5f39\u5c06\u4f7f\u4fc4\u7f57\u65af\u7edf\u6cbb\u6b66\u5668\u5e02\u573a\u00a0\u5df2\u5728\u53d9\u5229\u4e9a\u6210\u529f\u8bd5\u9a8c", "events": [], "arguments": {"time": [], "loc": [{"text": "\u53d9\u5229\u4e9a", "offset": 26, "length": 3}], "country": [{"text": "\u4fc4\u7f57\u65af", "offset": 14, "length": 3}, {"text": "\u53d9\u5229\u4e9a", "offset": 26, "length": 3}], "weapon": [{"text": "S-500\u9632\u7a7a\u5bfc\u5f39", "offset": 3, "length": 9}]}}, {"sentence": "\u3010\u73af\u7403\u7f51\u519b\u4e8b\u62a5\u9053\u3011", "events": [], "arguments": {"time": [], "loc": [], "country": [], "weapon": []}}, {"sentence": "\u968f\u7740S-500\u9632\u7a7a\u5bfc\u5f39\u7cfb\u7edf\u7684\u51fa\u73b0\uff0c\u4fc4\u7f57\u65af\u5728\u56fd\u9645\u6b66\u5668\u5e02\u573a\u5c06\u5177\u5907\u7edf\u6cbb\u5730\u4f4d\u3002", "events": [], "arguments": {"time": [], "loc": [{"text": "\u4fc4\u7f57\u65af", "offset": 17, "length": 3}], "country": [{"text": "\u4fc4\u7f57\u65af", "offset": 17, "length": 3}], "weapon": [{"text": "S-500\u9632\u7a7a\u5bfc\u5f39\u7cfb\u7edf", "offset": 2, "length": 11}]}}, {"sentence": "\u62a5\u9053\u79f0\uff0cS-500\u9632\u7a7a\u5bfc\u5f39\u7cfb\u7edf\u53ef\u4ee5\u540c\u65f6\u51fb\u843d10\u679a\u8fdc\u7a0b\u5bfc\u5f39\uff0c\u751a\u81f3\u5728\u5bfc\u5f39\u7684\u901f\u5ea6\u8fbe\u5230\u6bcf\u5c0f\u65f618000\u516c\u91cc\u523025000\u516c\u91cc\u65f6\u51fb\u843d\uff0c\u6b64\u5916\uff0c\u5b83\u8fd8\u53ef\u4ee5\u51fb\u843d\u9ad8\u5ea6\u8fbe\u5230200\u516c\u91cc\u7684\u5bfc\u5f39\u548c\u98de\u673a\u3002", "events": [], "arguments": {"time": [], "loc": [], "country": [], "weapon": [{"text": "S-500\u9632\u7a7a\u5bfc\u5f39\u7cfb\u7edf", "offset": 4, "length": 11}, {"text": "\u5bfc\u5f39", "offset": 80, "length": 2}, {"text": "\u98de\u673a", "offset": 83, "length": 2}]}}, {"sentence": "S-500\u9632\u7a7a\u5bfc\u5f39\u7684\u673a\u52a8\u6027\u662f\u5176\u7684\u53e6\u4e00\u5927\u4f18\u52bf\uff0c\u5b83\u53ef\u4ee54\u79d2\u5185\u8fdb\u5165\u4f5c\u6218\u51c6\u5907\uff0c\u800c\u5176\u4e0a\u4e00\u4ee3S-400\u9700\u898110\u79d2\u3002", "events": [], "arguments": {"time": [], "loc": [], "country": [], "weapon": [{"text": "S-500\u9632\u7a7a\u5bfc\u5f39", "offset": 0, "length": 9}, {"text": "S-400", "offset": 40, "length": 5}]}}, {"sentence": "\u62a5\u9053\u79f0\uff0cS-500\u9632\u7a7a\u7cfb\u7edf\u5728\u53d9\u5229\u4e9a\u6210\u529f\u8fdb\u884c\u4e86\u8bd5\u9a8c\u3002", "events": [{"trigger": {"text": "\u8bd5\u9a8c", "offset": 22, "length": 2}, "subject": {"text": "S-500\u9632\u7a7a\u7cfb\u7edf\u5728\u53d9\u5229\u4e9a", "offset": 4, "length": 13}, "object": {"text": "\u6210\u529f", "offset": 17, "length": 2}}], "arguments": {"time": [], "loc": [], "country": [{"text": "\u53d9\u5229\u4e9a", "offset": 14, "length": 3}], "weapon": [{"text": "S-500\u9632\u7a7a\u7cfb\u7edf", "offset": 4, "length": 9}]}}, {"sentence": "\u5982\u679cS-500\u5728\u52a0\u91cc\u5b81\u683c\u52d2\u90e8\u7f72\uff0c\u8bb8\u591a\u5317\u7ea6\u6210\u5458\u56fd\u90fd\u5c06\u5728\u5176\u8986\u76d6\u8303\u56f4\uff0c\u5982\u679c\u90e8\u7f72\u5728\u514b\u91cc\u7c73\u4e9a\uff0c\u53ef\u4ee5\u6253\u51fb\u9ed1\u6d77\u4e0a\u7a7a\u7684\u4efb\u4f55\u76ee\u6807\u3002", "events": [], "arguments": {"time": [], "loc": [{"text": "\u52a0\u91cc\u5b81\u683c\u52d2", "offset": 8, "length": 5}, {"text": "\u9ed1\u6d77", "offset": 46, "length": 2}], "country": [{"text": "\u5317\u7ea6", "offset": 18, "length": 2}, {"text": "\u514b\u91cc\u7c73\u4e9a", "offset": 37, "length": 4}], "weapon": [{"text": "S-500", "offset": 2, "length": 5}]}}, {"sentence": "\u4eca\u5e745\u6708\uff0c\u4fc4\u7f57\u65af\u56fd\u9632\u90e8\u526f\u90e8\u957f\u963f\u5217\u514b\u8c22\u2022\u514b\u91cc\u6c83\u9c81\u5947\u79d1\u8868\u793a\uff0c\u9996\u6279S-500\u9632\u7a7a\u7cfb\u7edf\u6709\u671b\u660e\u5e74\u6b63\u5f0f\u88c5\u5907\u4fc4\u7f57\u65af\u519b\u961f\u3002", "events": [], "arguments": {"time": [{"text": "\u4eca\u5e745\u6708", "offset": 0, "length": 4}], "loc": [{"text": "\u4fc4\u7f57\u65af\u56fd\u9632\u90e8", "offset": 5, "length": 6}], "country": [{"text": "\u4fc4\u7f57\u65af", "offset": 47, "length": 3}], "weapon": [{"text": "S-500\u9632\u7a7a\u7cfb\u7edf", "offset": 30, "length": 9}]}}]