[{"sentence": "\u4e24\u8258\u4fc4\u7f57\u65af\u519b\u8230\u7a7f\u8d8a\u5b97\u8c37\u6d77\u5ce1\uff0c\u906d\u65e5\u672c\u6d77\u81ea\u8230\u673a\u8ddf\u8e2a\u76d1\u89c6", "events": [{"trigger": {"text": "\u7a7f\u8d8a", "offset": 7, "length": 2}, "subject": {"text": "\u4e24\u8258\u4fc4\u7f57\u65af\u519b\u8230\u7a7f\u8d8a\u5b97\u8c37\u6d77\u5ce1", "offset": 0, "length": 13}, "object": {"text": "\u5b97\u8c37\u6d77\u5ce1", "offset": 9, "length": 4}}, {"trigger": {"text": "\u906d", "offset": 14, "length": 1}, "subject": {"text": "\u4e24\u8258\u4fc4\u7f57\u65af\u519b\u8230\u7a7f\u8d8a\u5b97\u8c37\u6d77\u5ce1", "offset": 0, "length": 13}, "object": {"text": "\u65e5\u672c\u6d77\u81ea\u8230\u673a\u8ddf\u8e2a\u76d1\u89c6", "offset": 15, "length": 10}}], "arguments": {"time": [], "loc": [{"text": "\u5b97\u8c37\u6d77\u5ce1", "offset": 9, "length": 4}], "country": [{"text": "\u4fc4\u7f57\u65af", "offset": 2, "length": 3}, {"text": "\u65e5\u672c", "offset": 15, "length": 2}], "weapon": [{"text": "\u519b\u8230", "offset": 5, "length": 2}, {"text": "\u6d77\u81ea\u8230\u673a", "offset": 17, "length": 4}]}}, {"sentence": "\u636e\u65e5\u672c\u9632\u536b\u7701\u7edf\u5408\u5e55\u50da\u76d1\u90e8\u6700\u65b0\u53d1\u5e03\u7684\u6d88\u606f\uff0c\u5f53\u5730\u65f6\u95f47\u670814\u65e5\uff0c\u4e24\u8258\u4fc4\u7f57\u65af\u519b\u8230\u51fa\u73b0\u5728\u5b97\u8c37\u6d77\u5ce1\u9644\u8fd1\u6d77\u57df\uff0c\u65e5\u672c\u6d77\u4e0a\u81ea\u536b\u961f\u6d3e\u51fa\u8230\u673a\u5bf9\u5176\u5b9e\u65bd\u8ddf\u8e2a\u76d1\u89c6\u3002", "events": [], "arguments": {"time": [{"text": "\u5f53\u5730\u65f6\u95f47\u670814\u65e5", "offset": 20, "length": 9}, {"text": "7\u670814\u65e5", "offset": 24, "length": 5}], "loc": [{"text": "\u65e5\u672c\u9632\u536b\u7701", "offset": 1, "length": 5}, {"text": "\u5b97\u8c37\u6d77\u5ce1", "offset": 40, "length": 4}, {"text": "\u6d77\u57df", "offset": 0, "length": 2}, {"text": "\u6d77\u4e0a", "offset": 51, "length": 2}], "country": [{"text": "\u4fc4\u7f57\u65af", "offset": 32, "length": 3}, {"text": "\u65e5\u672c", "offset": 49, "length": 2}], "weapon": [{"text": "\u519b\u8230", "offset": 35, "length": 2}]}}, {"sentence": "\u65e5\u672c\u7edf\u5408\u5e55\u50da\u76d1\u90e8\u53d1\u5e03\u7684\u8d44\u6599\u79f0\uff0c14\u65e5\u4e0b\u53484\u65f6\u8bb8\uff0c\u6d77\u4e0a\u81ea\u536b\u961f\u4f59\u5e02\u9632\u5907\u961f\u7b2c1\u5bfc\u5f39\u8247\u961f\u6240\u5c5e\u5bfc\u5f39\u8247\u201c\u718a\u9e70\u201d\u53f7\u548c\u516b\u6237\u57fa\u5730\u7b2c2\u822a\u7a7a\u7fa4\u6240\u5c5eP-3C\u6d77\u4e0a\u8bad\u7ec3\u673a\u5728\u5b97\u8c37\u6d77\u5ce1\u4e1c\u5317\u7ea6350\u5343\u7c73\u5904\u6d77\u57df\u53d1\u73b0\u5411\u897f\u5357\u65b9\u5411\u822a\u884c\u7684\u4e24\u8258\u4fc4\u7f57\u65af\u6d77\u519b\u519b\u8230\uff0c\u7ecf\u8bc6\u522b\u5206\u522b\u4e3a1\u8258\u201c\u683c\u91cc\u6c99III\u201d\u7ea7\u5c0f\u578b\u62a4\u536b\u8230\u548c1\u8258\u5175\u5668\u8fd0\u8f93\u8230\u3002", "events": [], "arguments": {"time": [{"text": "14\u65e5\u4e0b\u53484\u65f6\u8bb8", "offset": 15, "length": 8}], "loc": [{"text": "\u5b97\u8c37\u6d77\u5ce1\u4e1c\u5317\u7ea6350\u5343\u7c73\u5904\u6d77\u57df", "offset": 72, "length": 15}, {"text": "\u6d77\u4e0a", "offset": 24, "length": 2}], "country": [{"text": "\u65e5\u672c", "offset": 0, "length": 2}, {"text": "\u4fc4\u7f57\u65af", "offset": 99, "length": 3}], "weapon": [{"text": "\u5bfc\u5f39\u8247\u201c\u718a\u9e70\u201d\u53f7", "offset": 42, "length": 8}, {"text": "\u516b\u6237\u57fa\u5730\u7b2c2\u822a\u7a7a\u7fa4\u6240\u5c5eP-3C\u6d77\u4e0a\u8bad\u7ec3\u673a", "offset": 51, "length": 20}, {"text": "\u201c\u683c\u91cc\u6c99III\u201d\u7ea7\u5c0f\u578b\u62a4\u536b\u8230", "offset": 115, "length": 14}, {"text": "\u5175\u5668\u8fd0\u8f93\u8230", "offset": 132, "length": 5}]}}, {"sentence": "\u968f\u540e\uff0c\u7ecf\u786e\u8ba4\uff0c\u4e24\u8258\u4fc4\u7f57\u65af\u519b\u8230\u7a7f\u8d8a\u5b97\u8c37\u6d77\u5ce1\u897f\u8fdb\uff0c\u5411\u65e5\u672c\u6d77\u822a\u884c\u800c\u53bb\u3002", "events": [], "arguments": {"time": [], "loc": [{"text": "\u65e5\u672c\u6d77", "offset": 24, "length": 3}, {"text": "\u5b97\u8c37\u6d77\u5ce1", "offset": 16, "length": 4}], "country": [{"text": "\u4fc4\u7f57\u65af", "offset": 9, "length": 3}], "weapon": [{"text": "\u519b\u8230", "offset": 12, "length": 2}]}}, {"sentence": "\u6839\u636e\u65e5\u672c\u7edf\u5408\u5e55\u50da\u76d1\u90e8\u7edf\u8ba1\u7684\u8d44\u6599\u663e\u793a\uff0c\u8fd9\u662f\u8fdb\u51657\u6708\u4efd\u4ee5\u6765\uff0c\u9996\u6b21\u6709\u4fc4\u7f57\u65af\u519b\u8230\u51fa\u73b0\u5728\u65e5\u672c\u9644\u8fd1\u6d77\u57df\u3002", "events": [{"trigger": {"text": "\u51fa\u73b0", "offset": 36, "length": 2}, "subject": {"text": "\u9996\u6b21\u6709\u4fc4\u7f57\u65af\u519b\u8230", "offset": 28, "length": 8}, "object": {"text": "\u5728\u65e5\u672c\u9644\u8fd1\u6d77\u57df", "offset": 38, "length": 7}}], "arguments": {"time": [{"text": "7\u6708\u4efd\u4ee5\u6765", "offset": 22, "length": 5}], "loc": [{"text": "\u65e5\u672c\u9644\u8fd1\u6d77\u57df", "offset": 39, "length": 6}], "country": [{"text": "\u65e5\u672c", "offset": 2, "length": 2}, {"text": "\u4fc4\u7f57\u65af", "offset": 31, "length": 3}, {"text": "\u65e5\u672c", "offset": 39, "length": 2}], "weapon": [{"text": "\u519b\u8230", "offset": 34, "length": 2}]}}, {"sentence": "\u4fc4\u7f57\u65af\u519b\u8230\u4e0a\u4e00\u6b21\u51fa\u73b0\u5728\u65e5\u672c\u9644\u8fd1\u6d77\u57df\u8fd8\u662f\u57286\u670821\u65e5\uff0c\u5f53\u65f6\uff0c\u4e24\u8258\u201c\u6bd2\u8718\u86dbIII\u201d\u7ea7\u5c0f\u578b\u5bfc\u5f39\u8247\u7a7f\u8d8a\u5b97\u8c37\u6d77\u5ce1\u5411\u4e1c\u822a\u884c\u800c\u53bb\u3002", "events": [{"trigger": {"text": "\u7a7f\u8d8a", "offset": 45, "length": 2}, "subject": {"text": "\u4e24\u8258\u201c\u6bd2\u8718\u86dbIII\u201d\u7ea7\u5c0f\u578b\u5bfc\u5f39\u8247", "offset": 29, "length": 16}, "object": {"text": "\u5b97\u8c37\u6d77\u5ce1", "offset": 47, "length": 4}}], "arguments": {"time": [{"text": "6\u670821\u65e5", "offset": 20, "length": 5}], "loc": [{"text": "\u65e5\u672c\u9644\u8fd1\u6d77\u57df", "offset": 11, "length": 6}, {"text": "\u5b97\u8c37\u6d77\u5ce1", "offset": 47, "length": 4}], "country": [{"text": "\u4fc4\u7f57\u65af", "offset": 0, "length": 3}, {"text": "\u65e5\u672c", "offset": 11, "length": 2}], "weapon": [{"text": "\u201c\u6bd2\u8718\u86dbIII\u201d\u7ea7\u5c0f\u578b\u5bfc\u5f39\u8247", "offset": 31, "length": 14}]}}]