[{"sentence": "\u7f8e\u56fd\u8981\u5356\u7ed9\u65e5\u672c105\u67b6\u6218\u6597\u673a\uff01", "events": [{"trigger": {"text": "\u5356\u7ed9", "offset": 3, "length": 2}, "subject": {"text": "\u7f8e\u56fd\u8981", "offset": 0, "length": 3}, "object": {"text": "\u65e5\u672c105\u67b6\u6218\u6597\u673a", "offset": 5, "length": 9}}], "arguments": {"time": [], "loc": [], "country": [{"text": "\u7f8e\u56fd", "offset": 0, "length": 2}, {"text": "\u65e5\u672c", "offset": 5, "length": 2}], "weapon": [{"text": "\u6218\u6597\u673a", "offset": 11, "length": 3}]}}, {"sentence": "\u5c06\u6210\u7f8e\u56fd\u53f2\u4e0a\u6b66\u5668\u4ea4\u6613\u7b2c\u4e8c\u5927\u5355", "events": [], "arguments": {"time": [], "loc": [], "country": [{"text": "\u7f8e\u56fd", "offset": 2, "length": 2}], "weapon": []}}, {"sentence": "\u5f53\u5730\u65f6\u95f47\u67089\u65e5", "events": [], "arguments": {"time": [{"text": "\u5f53\u5730\u65f6\u95f47\u67089\u65e5", "offset": 0, "length": 8}], "loc": [], "country": [], "weapon": []}}, {"sentence": "105\u67b6\u6218\u6597\u673a\u5927\u5355\u83b7\u6279", "events": [], "arguments": {"time": [], "loc": [], "country": [], "weapon": [{"text": "\u6218\u6597\u673a", "offset": 4, "length": 3}]}}, {"sentence": "\u65e5\u672c\uff1a\u822a\u6bcd\u51c6\u5907\u4e2d", "events": [], "arguments": {"time": [], "loc": [], "country": [{"text": "\u65e5\u672c", "offset": 0, "length": 2}], "weapon": [{"text": "\u822a\u6bcd", "offset": 3, "length": 2}]}}, {"sentence": "\u7f8e\u5a92\u62a5\u9053\uff0c\u8fd9\u9879\u519b\u552e\u8ba1\u5212\u5305\u542b63\u67b6F-35A\u548c42\u67b6F-35B\u6218\u673a\u3001110\u53f0\u7f8e\u56fd\u516c\u53f8\u751f\u4ea7\u7684\u53d1\u52a8\u673a\u7b49\u76f8\u5173\u88c5\u5907\uff0c\u603b\u4ef7\u5927\u7ea6231\u4ebf\u7f8e\u5143\uff0c\u7ea6\u54081619\u4ebf\u5143\u4eba\u6c11\u5e01 \uff0c\u5b8c\u6210\u5408\u540c\u7b7e\u7f72\u3001\u4ea7\u54c1\u4ea4\u4ed8\u4ee5\u53ca\u6280\u672f\u652f\u6301\u548c\u57f9\u8bad\u7b49\u6d41\u7a0b\u9700\u8017\u65f625\u5e74 \u3002", "events": [{"trigger": {"text": "\u5b8c\u6210", "offset": 77, "length": 2}, "subject": {"text": "\u519b\u552e\u8ba1\u5212", "offset": 7, "length": 4}, "object": {"text": "\u5408\u540c\u7b7e\u7f72\u3001\u4ea7\u54c1\u4ea4\u4ed8\u4ee5\u53ca\u6280\u672f\u652f\u6301\u548c\u57f9\u8bad\u7b49\u6d41\u7a0b\u9700\u8017\u65f625\u5e74 ", "offset": 79, "length": 28}}], "arguments": {"time": [], "loc": [], "country": [{"text": "\u7f8e\u56fd", "offset": 37, "length": 2}], "weapon": [{"text": "F-35A", "offset": 16, "length": 5}, {"text": "F-35B\u6218\u673a", "offset": 25, "length": 7}]}}, {"sentence": "\u7f8e\u56fd\u56fd\u52a1\u9662\u53d1\u8868\u58f0\u660e\u79f0\uff0c\u201c\u534f\u52a9\u65e5\u672c\u53d1\u5c55\u5e76\u4fdd\u6301\u5f3a\u5927\u6709\u6548\u7684\u81ea\u6211\u9632\u5fa1\u80fd\u529b\u5bf9\u7f8e\u56fd\u56fd\u5bb6\u5229\u76ca\u81f3\u5173\u91cd\u8981\u201d\uff0c\u8fd9\u9879\u8ba1\u5212\u4e2d\u7684\u519b\u552e\u201c\u4e0d\u4f1a\u6539\u53d8\u8be5\u5730\u533a\u7684\u57fa\u672c\u519b\u4e8b\u5e73\u8861\u201d\u3002", "events": [], "arguments": {"time": [], "loc": [], "country": [{"text": "\u7f8e\u56fd", "offset": 0, "length": 2}, {"text": "\u65e5\u672c", "offset": 14, "length": 2}, {"text": "\u7f8e\u56fd", "offset": 33, "length": 2}], "weapon": []}}, {"sentence": "\u62a5\u9053\u79f0\uff0c\u5982\u679c\u8fd9\u4e00\u91c7\u8d2d\u80fd\u6700\u7ec8\u5b8c\u6210\uff0c\u65e5\u672c\u6240\u62e5\u6709\u7684F-35\u6218\u673a\u5c06\u8fbe\u5230147\u67b6\uff0c\u603b\u6570\u4ec5\u6b21\u4e8e\u7f8e\u56fd\u3002", "events": [], "arguments": {"time": [], "loc": [], "country": [{"text": "\u65e5\u672c", "offset": 16, "length": 2}, {"text": "\u7f8e\u56fd", "offset": 41, "length": 2}], "weapon": [{"text": "F-35\u6218\u673a", "offset": 22, "length": 6}]}}, {"sentence": " \u8fd9\u9879\u4ea4\u6613\u4e5f\u662f\u7f8e\u56fd\u5386\u53f2\u4e0a\u91d1\u989d\u7b2c\u4e8c\u5927\u7684\u6b66\u5668\u4ea4\u6613 \uff0c\u4ec5\u6b21\u4e8e2010\u5e74\u6c99\u7279\u4ee5294\u4ebf\u7f8e\u5143\u91c7\u8d2dF-15SA\u6218\u673a\u53ca\u76f8\u5173\u6b66\u5668\u3002", "events": [], "arguments": {"time": [{"text": "2010\u5e74", "offset": 27, "length": 5}], "loc": [], "country": [{"text": "\u6c99\u7279", "offset": 32, "length": 2}, {"text": "\u7f8e\u56fd", "offset": 7, "length": 2}], "weapon": [{"text": "F-15SA\u6218\u673a", "offset": 43, "length": 8}]}}, {"sentence": "\u53e6\u636e\u7f8e\u5a92\u62a5\u9053\uff0c\u65e5\u672c\u76ee\u524d\u6b63\u5728\u5bf9\u201c\u51fa\u4e91\u201d\u53f7\u6218\u8230\u8fdb\u884c\u5347\u7ea7\u6539\u9020\uff0c\u4f7f\u5176\u6210\u4e3a\u80fd\u591f\u642d\u8f7d\u56fa\u5b9a\u7ffc\u6218\u6597\u673a\u7684\u771f\u6b63\u610f\u4e49\u4e0a\u7684\u822a\u6bcd\uff0c\u800c\u65e5\u672c\u589e\u8d2d\u7684105\u67b6F-35\u6218\u6597\u673a\u4e2d\u5c31\u6709F-35B\u578b\uff0c\u53ef\u80fd\u5c31\u662f\u4e3a\u88c5\u5907\u201c\u51fa\u4e91\u201d\u53f7\u800c\u51c6\u5907\u3002", "events": [], "arguments": {"time": [], "loc": [], "country": [{"text": "\u65e5\u672c", "offset": 7, "length": 2}, {"text": "\u65e5\u672c", "offset": 53, "length": 2}], "weapon": [{"text": "F-35\u6218\u6597\u673a", "offset": 62, "length": 7}, {"text": "F-35B\u578b", "offset": 72, "length": 6}]}}, {"sentence": "\u4e13\u5bb6\u89e3\u8bfb\uff1a\u7f8e\u4e3a\u519b\u706b\u5546\u79c1\u5229", "events": [], "arguments": {"time": [], "loc": [], "country": [{"text": "\u7f8e", "offset": 5, "length": 1}], "weapon": []}}, {"sentence": "\u4e0d\u987e\u5730\u533a\u5b89\u5b9a\u4e0e\u548c\u5e73", "events": [], "arguments": {"time": [], "loc": [], "country": [], "weapon": []}}, {"sentence": "\u5982\u679c\u65e5\u672c\u8d85\u767e\u67b6F-35\u7684\u91c7\u8d2d\u8ba1\u5212\u6700\u7ec8\u5b8c\u6210\uff0c\u5c06\u5bf9\u4e1c\u5317\u4e9a\u5730\u533a\u5404\u56fd\u7684\u519b\u4e8b\u5b89\u5168\u4ea7\u751f\u600e\u6837\u7684\u5f71\u54cd\uff1f", "events": [], "arguments": {"time": [], "loc": [{"text": "\u4e1c\u5317\u4e9a\u5730\u533a", "offset": 23, "length": 5}], "country": [{"text": "\u65e5\u672c", "offset": 2, "length": 2}], "weapon": [{"text": "F-35", "offset": 7, "length": 4}]}}, {"sentence": "\u8fd9\u9879\u519b\u552e\u662f\u5426\u771f\u5982\u7f8e\u56fd\u52a1\u9662\u6240\u8bf4\u201c\u4e0d\u4f1a\u6539\u53d8\u8be5\u5730\u533a\u7684\u57fa\u672c\u519b\u4e8b\u5e73\u8861\u201d\uff1f", "events": [], "arguments": {"time": [], "loc": [], "country": [{"text": "\u7f8e\u56fd", "offset": 8, "length": 2}], "weapon": []}}, {"sentence": "\u519b\u4e8b\u4e13\u5bb6\u66f9\u536b\u4e1c\u8ba4\u4e3a\uff0c\u8fd9\u663e\u7136\u662f\u8c0e\u8bdd\u3002", "events": [], "arguments": {"time": [], "loc": [], "country": [], "weapon": []}}, {"sentence": "\u6b64\u9879\u519b\u552e\u6216\u6253\u7834\u5730\u533a\u519b\u529b\u5e73\u8861", "events": [], "arguments": {"time": [], "loc": [], "country": [], "weapon": []}}, {"sentence": "\u7f8e\u56fd\u901a\u8fc7\u5411\u65e5\u672c\u51fa\u552e\u5927\u91cf\u9690\u5f62\u6218\u673a\uff0c\u5c06\u4f1a\u6253\u7834\u4e1c\u5317\u4e9a\u5730\u533a\u7684\u7a7a\u4e2d\u519b\u4e8b\u529b\u91cf\u683c\u5c40\u3002", "events": [], "arguments": {"time": [], "loc": [{"text": "\u4e1c\u5317\u4e9a\u5730\u533a", "offset": 20, "length": 5}], "country": [{"text": "\u7f8e\u56fd", "offset": 0, "length": 2}, {"text": "\u65e5\u672c", "offset": 5, "length": 2}], "weapon": [{"text": "\u9690\u5f62\u6218\u673a", "offset": 11, "length": 4}]}}, {"sentence": "\u5468\u8fb9\u7684\u56fd\u5bb6\u5fc5\u7136\u5f15\u8d77\u8b66\u89c9\u548c\u4e0d\u5b89\uff0c\u5305\u62ec\u97e9\u56fd\u3001\u671d\u9c9c\u7b49\uff0c\u8fd8\u6709\u4fc4\u7f57\u65af\uff0c\u8981\u4e48\u81ea\u5df1\u7814\u53d1\u66f4\u591a\u7684\u9690\u5f62\u6218\u673a\uff0c\u8981\u4e48\u5c31\u5411\u7f8e\u56fd\u8d2d\u8fdb\u6218\u673a\u3002", "events": [], "arguments": {"time": [], "loc": [], "country": [{"text": "\u97e9\u56fd", "offset": 17, "length": 2}, {"text": "\u671d\u9c9c", "offset": 20, "length": 2}, {"text": "\u4fc4\u7f57\u65af", "offset": 26, "length": 3}, {"text": "\u7f8e\u56fd", "offset": 48, "length": 2}], "weapon": [{"text": "\u9690\u5f62\u6218\u673a", "offset": 39, "length": 4}, {"text": "\u6218\u673a", "offset": 52, "length": 2}]}}, {"sentence": "\u53e6\u5916\uff0c\u7f8e\u56fd\u5411\u65e5\u672c\u51fa\u552e\u519b\u706b\u7684\u5229\u6da6\u975e\u5e38\u53ef\u89c2\uff0c\u519b\u706b\u5546\u5c31\u53ef\u4ee5\u8d5a\u5f97\u76c6\u6ee1\u94b5\u6ee1\u3002", "events": [], "arguments": {"time": [], "loc": [], "country": [{"text": "\u7f8e\u56fd", "offset": 3, "length": 2}, {"text": "\u65e5\u672c", "offset": 6, "length": 2}], "weapon": []}}, {"sentence": "\u7f8e\u56fd\u662f\u4e3a\u4e86\u4e00\u5df1\u79c1\u5229\uff0c\u4e0d\u987e\u5730\u533a\u5b89\u5b9a\u4e0e\u548c\u5e73\uff0c\u4e0d\u9057\u4f59\u529b\u5730\u63a8\u9500\u81ea\u5df1\u7684\u519b\u706b\u3002", "events": [], "arguments": {"time": [], "loc": [], "country": [{"text": "\u7f8e\u56fd", "offset": 0, "length": 2}], "weapon": []}}, {"sentence": "\u65e5\u672c\u6216\u4e3a\u81ea\u4e3b\u7814\u53d1\u6253\u57fa\u7840", "events": [], "arguments": {"time": [], "loc": [], "country": [{"text": "\u65e5\u672c", "offset": 0, "length": 2}], "weapon": []}}, {"sentence": "\u65e5\u672c\u901a\u8fc7\u5f15\u8fdb\u3001\u4f7f\u7528\u3001\u7ef4\u4fee\u7f8e\u56fd\u7684F-35\uff0c\u8fd8\u6709\u4e3a\u81ea\u5df1\u7814\u53d1\u9690\u5f62\u6218\u673a\u6253\u57fa\u7840\u7684\u76ee\u7684\u3002", "events": [], "arguments": {"time": [], "loc": [], "country": [{"text": "\u65e5\u672c", "offset": 0, "length": 2}, {"text": "\u7f8e\u56fd", "offset": 12, "length": 2}], "weapon": [{"text": "F-35", "offset": 15, "length": 4}, {"text": "\u9690\u5f62\u6218\u673a", "offset": 27, "length": 4}]}}, {"sentence": "\u6240\u4ee5\u65e5\u672c\u8fd9\u6b21\u662f\u4e0d\u60dc\u91cd\u91d1\u6765\u5927\u91cf\u8d2d\u4e70\u3002", "events": [], "arguments": {"time": [], "loc": [], "country": [{"text": "\u65e5\u672c", "offset": 2, "length": 2}], "weapon": []}}, {"sentence": "\u201c\u5b99\u65af\u76fe\u201d\u5bfc\u5f39\u9632\u5fa1\u7cfb\u7edf", "events": [], "arguments": {"time": [], "loc": [], "country": [], "weapon": [{"text": "\u201c\u5b99\u65af\u76fe\u201d\u5bfc\u5f39\u9632\u5fa1\u7cfb\u7edf", "offset": 0, "length": 11}]}}, {"sentence": "\u5728\u65e5\u672c\u90e8\u7f72\u4e00\u6ce2\u4e09\u6298", "events": [], "arguments": {"time": [], "loc": [], "country": [{"text": "\u65e5\u672c", "offset": 1, "length": 2}], "weapon": []}}, {"sentence": "\u6700\u8fd1\uff0c\u5907\u53d7\u5173\u6ce8\u7684\u7f8e\u65e5\u4e4b\u95f4\u519b\u552e\u90e8\u7f72\u8fd8\u6709\u201c\u5b99\u65af\u76fe\u201d\u3002", "events": [], "arguments": {"time": [], "loc": [], "country": [{"text": "\u7f8e", "offset": 8, "length": 1}, {"text": "\u65e5", "offset": 9, "length": 1}], "weapon": [{"text": "\u201c\u5b99\u65af\u76fe\u201d", "offset": 18, "length": 5}]}}, {"sentence": "\u201c\u5b99\u65af\u76fe\u201d\u662f\u7531\u7f8e\u56fd\u6d1b\u514b\u5e0c\u5fb7\u00b7\u9a6c\u4e01\u516c\u53f8\u5f00\u53d1\u7684\u9646\u4e0a\u90e8\u7f72\u578b\u5bfc\u5f39\u62e6\u622a\u7cfb\u7edf\u3002", "events": [], "arguments": {"time": [], "loc": [], "country": [{"text": "\u7f8e\u56fd", "offset": 7, "length": 2}], "weapon": [{"text": "\u201c\u5b99\u65af\u76fe\u201d", "offset": 0, "length": 5}, {"text": "\u9646\u4e0a\u90e8\u7f72\u578b\u5bfc\u5f39\u62e6\u622a\u7cfb\u7edf", "offset": 21, "length": 11}]}}, {"sentence": "\u65e5\u672c\u653f\u5e9c2017\u5e74\u51b3\u5b9a\u5f15\u8fdb\u4e24\u5957\u201c\u5b99\u65af\u76fe\u201d\u7cfb\u7edf\uff0c\u8ba1\u5212\u90e8\u7f72\u5728\u79cb\u7530\u53bf\u3001\u5c71\u53e3\u53bf \uff0c\u4f46\u906d\u5230\u4e24\u5730\u5c45\u6c11\u5f3a\u70c8\u53cd\u5bf9 \u3002", "events": [], "arguments": {"time": [{"text": "2017\u5e74", "offset": 4, "length": 5}], "loc": [], "country": [{"text": "\u65e5\u672c", "offset": 0, "length": 2}], "weapon": [{"text": "\u201c\u5b99\u65af\u76fe\u201d\u7cfb\u7edf", "offset": 15, "length": 7}]}}, {"sentence": "\u65e5\u672c\u9632\u536b\u5927\u81e3\u6cb3\u91ce\u592a\u90ce6\u670815\u65e5\u8868\u793a\uff0c\u8003\u8651\u5230\u6280\u672f\u548c\u6210\u672c\u7b49\u56e0\u7d20\uff0c\u65e5\u672c\u5c06\u505c\u6b62\u90e8\u7f72\u201c\u5b99\u65af\u76fe\u201d\u3002", "events": [], "arguments": {"time": [{"text": "6\u670815\u65e5", "offset": 10, "length": 5}], "loc": [], "country": [{"text": "\u65e5\u672c", "offset": 0, "length": 2}, {"text": "\u65e5\u672c", "offset": 30, "length": 2}], "weapon": [{"text": "\u201c\u5b99\u65af\u76fe\u201d", "offset": 37, "length": 5}]}}, {"sentence": "6\u670825\u65e5\uff0c\u6cb3\u91ce\u592a\u90ce\u53c8\u8868\u793a\uff0c\u65e5\u672c\u56fd\u5bb6\u5b89\u5168\u4fdd\u969c\u4f1a\u8bae\u5df2\u7ecf\u51b3\u5b9a\u653e\u5f03\u5728\u8fd9\u4e24\u5730\u90e8\u7f72\u201c\u5b99\u65af\u76fe\u201d\u7684\u65b9\u6848\uff0c\u5e76\u5f88\u96be\u53e6\u9009\u5730\u70b9\u90e8\u7f72\u8be5\u7cfb\u7edf\u3002", "events": [], "arguments": {"time": [{"text": "6\u670825\u65e5", "offset": 0, "length": 5}], "loc": [], "country": [{"text": "\u65e5\u672c", "offset": 14, "length": 2}], "weapon": [{"text": "\u201c\u5b99\u65af\u76fe\u201d", "offset": 36, "length": 5}]}}, {"sentence": "\u6709\u5206\u6790\u8ba4\u4e3a\uff0c\u65e5\u672c\u5982\u679c\u4e0d\u5411\u7f8e\u56fd\u4ed4\u7ec6\u8bf4\u660e\uff0c\u6050\u6015\u4f1a\u5bf9\u4e24\u56fd\u5173\u7cfb\u9020\u6210\u6076\u52a3\u5f71\u54cd\u3002", "events": [], "arguments": {"time": [], "loc": [], "country": [{"text": "\u65e5\u672c", "offset": 6, "length": 2}, {"text": "\u7f8e\u56fd", "offset": 12, "length": 2}], "weapon": []}}, {"sentence": "\u800c7\u67081\u65e5\uff0c\u7f8e\u5a92\u63f4\u5f15\u6d88\u606f\u4eba\u58eb\u7684\u8bdd\u62a5\u9053\uff0c\u65e5\u672c\u53ef\u80fd\u4f9d\u7136\u4f1a\u90e8\u7f72\u9646\u57fa\u201c\u5b99\u65af\u76fe\u201d\u5bfc\u5f39\u9632\u5fa1\u7cfb\u7edf\uff0c \u7406\u7531\u662f\u65e5\u672c\u5c1a\u672a\u53d6\u6d88\u4e0e\u6d1b\u514b\u5e0c\u5fb7\u00b7\u9a6c\u4e01\u516c\u53f8\u7b7e\u7f72\u7684\u4ef7\u503c10\u4ebf\u7f8e\u5143\u7684\u56fd\u9632\u7cfb\u7edf\u96f7\u8fbe\u5408\u540c\u3002", "events": [], "arguments": {"time": [{"text": "7\u67081\u65e5", "offset": 1, "length": 4}], "loc": [], "country": [{"text": "\u65e5\u672c", "offset": 19, "length": 2}, {"text": "\u65e5\u672c", "offset": 46, "length": 2}], "weapon": [{"text": "\u9646\u57fa\u201c\u5b99\u65af\u76fe\u201d\u5bfc\u5f39\u9632\u5fa1\u7cfb\u7edf", "offset": 28, "length": 13}]}}, {"sentence": "\u62a5\u9053\u79f0\uff0c\u65e5\u672c\u65b9\u9762\u5e0c\u671b\u4fdd\u7559\u5408\u540c\u5e76\u5bf9\u8bbe\u5907\u8fdb\u884c\u91cd\u65b0\u5229\u7528\u3002", "events": [], "arguments": {"time": [], "loc": [], "country": [{"text": "\u65e5\u672c", "offset": 4, "length": 2}], "weapon": []}}, {"sentence": "\u65e5\u672c\u6b63\u5728\u7814\u7a76\u6765\u81ea\u7f8e\u56fd\u653f\u5e9c\u7684\u6280\u672f\u8bc4\u4f30\u3002", "events": [], "arguments": {"time": [], "loc": [], "country": [{"text": "\u65e5\u672c", "offset": 0, "length": 2}, {"text": "\u7f8e\u56fd", "offset": 8, "length": 2}], "weapon": []}}, {"sentence": "\u8fd9\u4e00\u8bc4\u4f30\u5efa\u8bae\u4f7f\u7528\u5176\u4ed6\u5730\u70b9\u90e8\u7f72\u5bfc\u5f39\u9632\u5fa1\u7cfb\u7edf\u4ee5\u6d88\u9664\u5b89\u5168\u9690\u60a3\u3002", "events": [], "arguments": {"time": [], "loc": [], "country": [], "weapon": []}}, {"sentence": "\u6bd4\u5982\uff0c\u5728\u6d77\u4e0a\u5e73\u53f0\u6216\u504f\u8fdc\u7684\u6cbf\u6d77\u5730\u533a\u5b89\u88c5\u5bfc\u5f39\u53d1\u5c04\u5668\uff0c\u4ee5\u6d88\u9664\u52a9\u63a8\u5668\u5760\u843d\u5230\u5c45\u6c11\u533a\u7684\u98ce\u9669\u3002", "events": [], "arguments": {"time": [], "loc": [{"text": "\u6d77\u4e0a", "offset": 4, "length": 2}], "country": [], "weapon": [{"text": "\u5bfc\u5f39\u53d1\u5c04\u5668", "offset": 18, "length": 5}]}}, {"sentence": "\u6765\u6e90\uff1a\u56fd\u9632\u519b\u4e8b\u9891\u9053\u300a\u6b63\u5348\u56fd\u9632\u519b\u4e8b\u300b", "events": [], "arguments": {"time": [], "loc": [], "country": [], "weapon": []}}]