[{"sentence": "\u7f8e\u519b\u53cc\u822a\u6bcd\u5728\u5357\u6d77\u201c\u95f9\u5f97\u6b22\u201d\uff0c\u6218\u529b\u5982\u4f55", "events": [], "arguments": {"time": [], "loc": [{"text": "\u5357\u6d77", "offset": 6, "length": 2}], "country": [{"text": "\u7f8e", "offset": 0, "length": 1}], "weapon": [{"text": "\u822a\u6bcd", "offset": 3, "length": 2}]}}, {"sentence": "\u3010\u73af\u7403\u65f6\u62a5\u7279\u7ea6\u8bb0\u8005 \u9b4f\u9f50 \u73af\u7403\u65f6\u62a5\u8bb0\u8005 \u5218\u626c\u3011", "events": [], "arguments": {"time": [], "loc": [], "country": [], "weapon": []}}, {"sentence": "\u53d7\u65b0\u51a0\u75ab\u60c5\u51b2\u51fb\u4e4b\u540e\u6b63\u5728\u5357\u6d77\u8000\u6b66\u626c\u5a01\u519b\u6f14\u7684\u7f8e\u56fd\u6d77\u519b\u53cc\u822a\u6bcd\u6218\u6597\u7fa4\u6218\u6597\u529b\u662f\u5426\u771f\u6709\u201c\u8868\u6f14\u201d\u7684\u90a3\u4e48\u5f3a\u5927\u5907\u53d7\u5173\u6ce8\u3002", "events": [], "arguments": {"time": [], "loc": [{"text": "\u5357\u6d77", "offset": 11, "length": 2}], "country": [{"text": "\u7f8e\u56fd", "offset": 20, "length": 2}], "weapon": [{"text": "\u53cc\u822a\u6bcd\u6218\u6597\u7fa4", "offset": 24, "length": 6}]}}, {"sentence": "\u7f8e\u56fd\u5a92\u4f538\u65e5\u63f4\u5f15\u6307\u6325\u4e24\u8258\u822a\u6bcd\u8fdb\u884c\u6f14\u7ec3\u7684\u7f8e\u5c06\u519b\u7684\u8bdd\u79f0\uff0c\u5728\u5357\u6d77\u6f14\u7ec3\u7684\u822a\u6bcd\u6218\u6597\u7fa4\u8230\u5458\u548c\u98de\u884c\u5458\u5df2\u5f00\u59cb\u5168\u5458\u6234\u53e3\u7f69\u3002", "events": [{"trigger": {"text": "\u8fdb\u884c", "offset": 14, "length": 2}, "subject": {"text": "\u7f8e\u56fd\u5a92\u4f538\u65e5\u63f4\u5f15\u6307\u6325\u4e24\u8258\u822a\u6bcd", "offset": 0, "length": 14}, "object": {"text": "\u6f14\u7ec3", "offset": 29, "length": 2}}], "arguments": {"time": [{"text": "8\u65e5", "offset": 4, "length": 2}], "loc": [{"text": "\u5357\u6d77", "offset": 27, "length": 2}], "country": [{"text": "\u7f8e\u56fd", "offset": 0, "length": 2}], "weapon": []}}, {"sentence": "\u6309\u7167\u7f8e\u56fd\u519b\u65b9\u7684\u8bf4\u6cd5\uff0c\u8fd9\u4e9b\u63aa\u65bd\u786e\u4fdd\u6d77\u519b\u53cc\u822a\u6bcd\u7f16\u961f\u201c\u96f6\u65b0\u51a0\u822a\u884c\u201d\uff0c\u5e76\u4e14\u6bcf\u5929\u51fa\u52a8\u6570\u767e\u67b6\u6b21\u98de\u673a\uff0c\u4f3c\u4e4e\u5c55\u73b0\u4e86\u9010\u6b65\u6062\u590d\u6218\u6597\u529b\u7684\u8ff9\u8c61\u3002", "events": [], "arguments": {"time": [], "loc": [], "country": [{"text": "\u7f8e\u56fd", "offset": 2, "length": 2}], "weapon": [{"text": "\u98de\u673a", "offset": 41, "length": 2}]}}, {"sentence": "\u4e0d\u8fc7\uff0c\u4e2d\u56fd\u519b\u4e8b\u4e13\u5bb6\u8ba4\u4e3a\uff0c\u5728\u7f8e\u822a\u6bcd\u7684\u6574\u4e2a\u4efb\u52a1\u5468\u671f\u5185\uff0c\u5e76\u975e\u6234\u53e3\u7f69\u5c31\u80fd\u5b8c\u5168\u89e3\u51b3\u65b0\u51a0\u75ab\u60c5\u7684\u4e0d\u5229\u5f71\u54cd\u3002", "events": [], "arguments": {"time": [], "loc": [], "country": [{"text": "\u4e2d\u56fd", "offset": 3, "length": 2}], "weapon": [{"text": "\u822a\u6bcd", "offset": 14, "length": 2}]}}, {"sentence": "\u7f8e\u6d77\u519b\u201c\u53e3\u7f69\u5927\u519b\u201d\u9ad8\u8c03\u6f14\u7ec3", "events": [], "arguments": {"time": [], "loc": [], "country": [{"text": "\u7f8e", "offset": 0, "length": 1}], "weapon": []}}, {"sentence": "\u7f8e\u56fd\u6709\u7ebf\u7535\u89c6\u65b0\u95fb\u7f51\uff08CNN\uff098\u65e5\u9898\u4e3a\u201c\u5728\u5357\u6d77\u7684\u7f8e\u56fd\u6d77\u519b\u8230\u961f\u53f8\u4ee4\uff1a\u6bcf\u4eba\u90fd\u6234\u53e3\u7f69\u201d\u7684\u62a5\u9053\u79f0\uff0c\u8d1f\u8d23\u201c\u7f55\u89c1\u7684\u5357\u6d77\u6f14\u4e60\u201d\u7684\u4e24\u540d\u7f8e\u6d77\u519b\u5c06\u9886\u8868\u793a\uff0c\u6d77\u519b\u91c7\u53d6\u7684\u201c\u975e\u5e38\u89c4\u201d\u65b0\u51a0\u75c5\u6bd2\u9632\u62a4\u63aa\u65bd\uff0c\u5305\u62ec\u8981\u6c42\u6240\u6709\u6c34\u5175\u90fd\u6234\u4e0a\u53e3\u7f69\uff0c\u4f7f\u4ed6\u4eec\u7684\u822a\u6bcd\u6253\u51fb\u7fa4\u201c\u5728\u4e16\u754c\u4e0a\u6700\u7d27\u5f20\u7684\u6d77\u4e0a\u73af\u5883\u4e4b\u4e00\u4e2d\uff0c\u4fdd\u6301\u9ad8\u5ea6\u6218\u5907\u72b6\u6001\u201d\u3002", "events": [], "arguments": {"time": [{"text": "8\u65e5", "offset": 14, "length": 2}], "loc": [{"text": "\u5357\u6d77", "offset": 50, "length": 2}, {"text": "\u5357\u6d77", "offset": 20, "length": 2}, {"text": "\u6d77\u4e0a", "offset": 117, "length": 2}], "country": [{"text": "\u7f8e\u56fd", "offset": 23, "length": 2}, {"text": "\u7f8e\u56fd", "offset": 0, "length": 2}], "weapon": []}}, {"sentence": "\u62a5\u9053\u79f0\uff0c\u4ee5\u201c\u91cc\u6839\u201d\u53f7\u822a\u6bcd\u4e3a\u9996\u7684\u7b2c5\u822a\u6bcd\u6218\u6597\u7fa4\u53f8\u4ee4\u4e54\u6cbb\u00b7\u7ef4\u79d1\u592b\u5c11\u5c06\u8868\u793a\u8bf4\uff1a\u201c\u6211\u4eec\u5df2\u7ecf\u91c7\u53d6\u2018\u975e\u5e38\u89c4\u63aa\u65bd\u2019\uff0c\u4ee5\u4fdd\u62a4\u6211\u4eec\u7684\u6c34\u624b\u514d\u53d7\u65b0\u51a0\u75c5\u6bd2\u88ad\u51fb\uff0c\u4f46\u8fd9\u4ecd\u7136\u662f\u4e00\u4e2a\u771f\u6b63\u7684\u5a01\u80c1\uff0c\u9700\u8981\u4e0d\u65ad\u4fdd\u6301\u8b66\u60d5\u3002", "events": [], "arguments": {"time": [], "loc": [], "country": [], "weapon": [{"text": "\u201c\u91cc\u6839\u201d\u53f7\u822a\u6bcd", "offset": 5, "length": 7}]}}, {"sentence": "\u201d\u7ef4\u79d1\u592b\u8bf4\uff1a\u201c\u884c\u8fdb\u4e2d\u7684\u6574\u4e2a\u56e2\u961f\uff0c\u8239\u4e0a\u7684\u6bcf\u4e2a\u4eba\u90fd\u5fc5\u987b\u6234\u53e3\u7f69\u3002", "events": [], "arguments": {"time": [], "loc": [], "country": [], "weapon": []}}, {"sentence": "\u201d", "events": [], "arguments": {"time": [], "loc": [], "country": [], "weapon": []}}, {"sentence": "\u7ef4\u79d1\u592b\u548c\u4ee5\u201c\u5c3c\u7c73\u5179\u201d\u53f7\u822a\u6bcd\u4e3a\u9996\u7684\u7b2c11\u822a\u6bcd\u6218\u6597\u7fa4\u53f8\u4ee4\u8a79\u59c6\u65af\u00b7\u67ef\u514b\u8bf4\uff0c\u7f8e\u6d77\u519b\u8fd8\u91c7\u53d6\u4e86\u9519\u5cf0\u8fdb\u9910\u3001\u589e\u5927\u793e\u4ea4\u8ddd\u79bb\u7b49\u63aa\u65bd\uff0c\u5e76\u62db\u52df\u4e86\u5305\u62ec\u5fae\u751f\u7269\u5b66\u5bb6\u548c\u989d\u5916\u536b\u751f\u4eba\u5458\u5728\u5185\u7684\u4e13\u5bb6\u3002", "events": [], "arguments": {"time": [], "loc": [], "country": [{"text": "\u7f8e", "offset": 34, "length": 1}], "weapon": [{"text": "\u201c\u5c3c\u7c73\u5179\u201d\u53f7\u822a\u6bcd", "offset": 5, "length": 8}]}}, {"sentence": "\u7ef4\u79d1\u592b\u8bf4\uff1a\u201c\u8fd9\u4e9b\u9632\u75ab\u63aa\u65bd\u90fd\u5df2\u7ecf\u594f\u6548\uff0c\u6211\u4eec\u73b0\u5728\u6b63\u5728\u8fdb\u884c\u2018\u96f6\u65b0\u51a0\u822a\u884c\u2019\u3002", "events": [], "arguments": {"time": [], "loc": [], "country": [], "weapon": []}}, {"sentence": "\u201d", "events": [], "arguments": {"time": [], "loc": [], "country": [], "weapon": []}}, {"sentence": "\u62a5\u9053\u79f0\uff0c\u5411\u5357\u6d77\u8fdb\u884c\u201c\u53cc\u822a\u6bcd\u90e8\u7f72\u201d\u7684\u8fd9\u4e24\u4e2a\u6218\u6597\u7fa4\u5171\u6709\u8d85\u8fc71.2\u4e07\u540d\u6c34\u624b\u548c\u98de\u884c\u5458\u3002", "events": [], "arguments": {"time": [], "loc": [{"text": "\u5357\u6d77", "offset": 5, "length": 2}], "country": [], "weapon": []}}, {"sentence": "\u8fd9\u662f6\u5e74\u6765\u7b2c\u4e00\u6b21\u6709\u7f8e\u56fd\u6d77\u519b\u7684\u4e24\u8258\u201c\u5927\u578b\u519b\u8230\u201d\u5728\u8be5\u5730\u533a\u8fdb\u884c\u6f14\u4e60\u3002", "events": [], "arguments": {"time": [], "loc": [], "country": [{"text": "\u7f8e\u56fd", "offset": 9, "length": 2}], "weapon": [{"text": "\u201c\u5927\u578b\u519b\u8230", "offset": 16, "length": 5}, {"text": "\u201d", "offset": 0, "length": 1}]}}, {"sentence": "\u90e8\u7f72\u671f\u95f4\uff0c\u8fd9\u4e24\u8258\u822a\u6bcd\u53ca\u5176\u62a4\u822a\u7f16\u961f\u4e00\u592924\u5c0f\u65f6\u4e0d\u95f4\u65ad\u884c\u52a8\uff0c\u6bcf\u5929\u51fa\u52a8\u6570\u767e\u67b6\u98de\u673a\u3002", "events": [], "arguments": {"time": [], "loc": [], "country": [], "weapon": [{"text": "\u822a\u6bcd", "offset": 8, "length": 2}, {"text": "\u98de\u673a", "offset": 35, "length": 2}]}}, {"sentence": "\u957f\u671f\u6218\u529b\u80fd\u5426\u4fdd\u8bc1\u6709\u5f85\u89c2\u5bdf", "events": [], "arguments": {"time": [], "loc": [], "country": [], "weapon": []}}, {"sentence": "\u7f8e\u56fd\u6d77\u519b\u8230\u5458\u548c\u98de\u884c\u5458\u5168\u4f53\u6234\u53e3\u7f69\u53ef\u8c13\u662f\u201c\u4e00\u671d\u88ab\u86c7\u54ac\uff0c\u5341\u5e74\u6015\u4e95\u7ef3\u201d\u3002", "events": [], "arguments": {"time": [], "loc": [], "country": [{"text": "\u7f8e\u56fd", "offset": 0, "length": 2}], "weapon": []}}, {"sentence": "\u201c\u7f57\u65af\u798f\u201d\u53f7\u822a\u6bcd\u66b4\u53d1\u75ab\u60c5\u4e4b\u540e\uff0c\u7f8e\u56fd\u822a\u6bcd\u7f16\u961f\u7684\u5c06\u519b\u5c31\u4e0d\u6562\u518d\u6020\u6162\u4e86\u3002", "events": [], "arguments": {"time": [], "loc": [], "country": [{"text": "\u7f8e\u56fd", "offset": 15, "length": 2}], "weapon": [{"text": "\u201c\u7f57\u65af\u798f\u201d\u53f7\u822a\u6bcd", "offset": 0, "length": 8}]}}, {"sentence": "\u4e0d\u8fc7\u6709\u5206\u6790\u8ba4\u4e3a\uff0c\u5f3a\u8c03\u6234\u53e3\u7f69\uff0c\u66f4\u50cf\u662f\u4e00\u79cd\u8868\u6001\u3002", "events": [], "arguments": {"time": [], "loc": [], "country": [], "weapon": []}}, {"sentence": "\u6234\u53e3\u7f69\u3001\u9519\u5cf0\u5c31\u9910\u53ea\u662f\u8f85\u52a9\u624b\u6bb5\u3002", "events": [], "arguments": {"time": [], "loc": [], "country": [], "weapon": []}}, {"sentence": "\u5728\u8239\u4e0a\u7684\u5bc6\u95ed\u7a7a\u95f4\uff0c\u8230\u5458\u5927\u591a\u96c6\u4f53\u5c45\u4f4f\uff0c\u800c\u4e14\u7a7a\u95f4\u76f8\u5bf9\u72ed\u5c0f\uff0c\u751a\u81f3\u53ef\u80fd\u4f1a\u77ed\u65f6\u5171\u7528\u90e8\u5206\u4f11\u606f\u94fa\u4f4d\uff0c\u8fd9\u4e9b\u9690\u60a3\u662f\u6234\u53e3\u7f69\u6ca1\u529e\u6cd5\u6839\u672c\u89e3\u51b3\u7684\uff0c\u4e00\u65e6\u51fa\u73b0\u786e\u8bca\u75c5\u4f8b\u5f88\u96be\u907f\u514d\u518d\u6b21\u66b4\u53d1\u3002", "events": [], "arguments": {"time": [], "loc": [], "country": [], "weapon": []}}, {"sentence": "\u5176\u5b9e\uff0c\u8230\u4e0a\u4f1a\u4e0d\u4f1a\u66b4\u53d1\u75ab\u60c5\uff0c\u5173\u952e\u662f\u4e0a\u8230\u4e4b\u524d\u7684\u9694\u79bb\u63aa\u65bd\u662f\u5426\u5230\u4f4d\uff0c\u6838\u9178\u68c0\u6d4b\u7b49\u63aa\u65bd\u662f\u5426\u51c6\u786e\uff0c\u6709\u6ca1\u6709\u4eba\u5e26\u75c5\u4e0a\u8239\u7b49\u3002", "events": [], "arguments": {"time": [], "loc": [], "country": [], "weapon": []}}, {"sentence": "\u53e6\u5916\uff0c\u6709\u4e9b\u5de5\u4f5c\u5c97\u4f4d\u57fa\u672c\u4e0a\u662f\u4e0d\u80fd\u6234\u53e3\u7f69\u6216\u589e\u5927\u793e\u4ea4\u8ddd\u79bb\u7684\u3002", "events": [], "arguments": {"time": [], "loc": [], "country": [], "weapon": []}}, {"sentence": "\u6bd4\u5982\u6218\u6597\u673a\u98de\u884c\u5458\u5728\u9a7e\u9a76\u6218\u673a\u65f6\uff0c\u9700\u8981\u6234\u6c27\u6c14\u9762\u7f69\uff0c\u4e0d\u53ef\u80fd\u5728\u6c27\u6c14\u9762\u7f69\u91cc\u9762\u518d\u6234\u53e3\u7f69\uff0c\u8fd9\u4f1a\u5f71\u54cd\u547c\u5438\uff0c\u7279\u522b\u662f\u5728\u505a\u673a\u52a8\u52a8\u4f5c\u65f6\uff0c\u6c27\u6c14\u9762\u7f69\u662f\u52a0\u538b\u7684\uff0c\u8fd9\u6837\u6234\u53e3\u7f69\u53cd\u800c\u5f88\u5371\u9669\u3002", "events": [], "arguments": {"time": [], "loc": [], "country": [], "weapon": [{"text": "\u6218\u673a", "offset": 11, "length": 2}]}}, {"sentence": "\u4e00\u4e9b\u9700\u8981\u591a\u540d\u673a\u7ec4\u4e58\u5458\u7684\u673a\u578b\uff0c\u6bd4\u5982E-2\u9884\u8b66\u673a\uff0c\u7531\u4e8e\u5728\u52a0\u538b\u5bc6\u95ed\u8231\u5ba4\u5185\uff0c\u7406\u8bba\u4e0a\u53ef\u4ee5\u6234\u53e3\u7f69\u64cd\u4f5c\uff0c\u4f46\u662f\u201c\u793e\u4ea4\u8ddd\u79bb\u201d\u4e0d\u53ef\u80fd\u62c9\u5927\u3002", "events": [], "arguments": {"time": [], "loc": [], "country": [], "weapon": [{"text": "E-2\u9884\u8b66\u673a", "offset": 16, "length": 6}]}}, {"sentence": "\u519b\u4e8b\u4e13\u5bb6\u5f20\u5b66\u5cf09\u65e5\u5728\u63a5\u53d7\u300a\u73af\u7403\u65f6\u62a5\u300b\u8bb0\u8005\u91c7\u8bbf\u65f6\u8868\u793a\uff0c\u65b0\u51a0\u80ba\u708e\u75ab\u60c5\u5bf9\u7f8e\u56fd\u6d77\u519b\u822a\u6bcd\u6218\u6597\u529b\u7684\u5f71\u54cd\u4e0d\u662f\u6234\u53e3\u7f69\u80fd\u591f\u5b8c\u5168\u89e3\u51b3\u7684\u95ee\u9898\uff0c\u75ab\u60c5\u4f1a\u5f71\u54cd\u822a\u6bcd\u6574\u4e2a\u652f\u63f4\u3001\u4fdd\u969c\u4f53\u7cfb\uff0c\u5e76\u5bfc\u81f4\u7f8e\u519b\u822a\u6bcd\u5f88\u96be\u4fdd\u8bc1\u5927\u7ea67\u4e2a\u6708\u7684\u4efb\u52a1\u5468\u671f\u5185\u7684\u6301\u7eed\u4f5c\u6218\u80fd\u529b\u3002", "events": [], "arguments": {"time": [{"text": "9\u65e5", "offset": 7, "length": 2}], "loc": [], "country": [{"text": "\u7f8e\u56fd", "offset": 33, "length": 2}], "weapon": [{"text": "\u822a\u6bcd", "offset": 82, "length": 2}]}}, {"sentence": "\u6bd4\u5982\uff0c\u7f8e\u56fd\u822a\u6bcd\u5728\u822a\u884c\u4e00\u6bb5\u65f6\u95f4\u540e\uff0c\u901a\u5e38\u8981\u9760\u5cb8\u4f11\u6574\u3002", "events": [], "arguments": {"time": [], "loc": [], "country": [{"text": "\u7f8e\u56fd", "offset": 3, "length": 2}], "weapon": [{"text": "\u822a\u6bcd", "offset": 5, "length": 2}]}}, {"sentence": "\u5728\u75ab\u60c5\u671f\u95f4\uff0c\u5982\u679c\u7f8e\u822a\u6bcd\u60f3\u5728\u4e1c\u5357\u4e9a\u5730\u533a\u6216\u4e1c\u4e9a\u5730\u533a\u4f11\u6574\uff0c\u5373\u4fbf\u80fd\u627e\u5230\u6e2f\u53e3\u505c\u9760\uff0c\u6050\u6015\u4e5f\u4e0d\u80fd\u50cf\u4e4b\u524d\u90a3\u6837\u81ea\u7531\u4e0a\u5cb8\uff0c\u8fd9\u5c31\u4f1a\u5bf9\u7f8e\u519b\u58eb\u6c14\u9020\u6210\u4e00\u5b9a\u5f71\u54cd\u3002", "events": [], "arguments": {"time": [], "loc": [{"text": "\u4e1c\u5357\u4e9a\u5730\u533a", "offset": 13, "length": 5}, {"text": "\u4e1c\u4e9a\u5730\u533a", "offset": 19, "length": 4}], "country": [], "weapon": [{"text": "\u822a\u6bcd", "offset": 9, "length": 2}]}}, {"sentence": "\u53e6\u5916\uff0c\u8865\u7ed9\u54c1\u53d7\u5230\u65b0\u51a0\u75c5\u6bd2\u6c61\u67d3\u7684\u6f5c\u5728\u53ef\u80fd\u6027\u4e5f\u7ed9\u7f8e\u56fd\u822a\u6bcd\u7684\u540e\u7eed\u884c\u52a8\u5e26\u6765\u98ce\u9669\uff0c\u4e00\u65e6\u51fa\u73b0\u8fd9\u79cd\u60c5\u51b5\uff0c\u6050\u6015\u53c8\u4f1a\u91cd\u6f14\u201c\u7f57\u65af\u798f\u201d\u53f7\u7684\u60b2\u5267\u3002", "events": [], "arguments": {"time": [], "loc": [], "country": [{"text": "\u7f8e\u56fd", "offset": 22, "length": 2}], "weapon": [{"text": "\u201c\u7f57\u65af\u798f\u201d\u53f7", "offset": 51, "length": 6}]}}, {"sentence": "\u5f20\u5b66\u5cf0\u8868\u793a\uff0c\u5c3d\u7ba1\u7f8e\u5a92\u7528\u201c\u7f55\u89c1\u201d\u201c\u65f6\u9694\u516d\u5e74\u201d\u7b49\u8bcd\u6765\u5f62\u5bb9\u53cc\u822a\u6bcd\u6218\u6597\u7fa4\u5728\u76f8\u5173\u533a\u57df\u7684\u6f14\u4e60\u6d3b\u52a8\uff0c\u4f46\u5b9e\u9645\u4e0a\u53cc\u822a\u6bcd\u6218\u6597\u7fa4\u6253\u4e0d\u4e86\u5927\u4ed7\u3002", "events": [], "arguments": {"time": [], "loc": [], "country": [{"text": "\u7f8e", "offset": 8, "length": 1}], "weapon": []}}, {"sentence": "\u4e8c\u6218\u4e4b\u540e\uff0c\u7f8e\u56fd\u4e0e\u5176\u4ed6\u56fd\u5bb6\u53d1\u751f\u7684\u8f83\u5927\u89c4\u6a21\u6218\u4e89\uff0c\u5982\u679c\u9760\u8fd1\u6d77\u57df\uff0c\u5927\u591a\u662f\u4e94\u516d\u8258\u5de6\u53f3\u7684\u822a\u6bcd\u53c2\u52a0\uff0c\u800c\u4e0d\u662f\u5927\u5bb6\u4f20\u7edf\u4e0a\u8ba4\u4e3a\u76843\u8258\u3002", "events": [], "arguments": {"time": [], "loc": [], "country": [{"text": "\u7f8e\u56fd", "offset": 5, "length": 2}], "weapon": [{"text": "\u822a\u6bcd", "offset": 38, "length": 2}]}}, {"sentence": "\u539f\u56e0\u4e5f\u5f88\u7b80\u5355\uff0c\u201c\u8fd9\u8fb9\u6253\u5f97\u4e0d\u53ef\u5f00\u4ea4\uff0c\u7f8e\u56fd\u5176\u4ed6\u822a\u6bcd\u6218\u6597\u7fa4\u4e5f\u4e0d\u53ef\u80fd\u8896\u624b\u65c1\u89c2\u3001\u9694\u5cb8\u89c2\u706b\uff0c\u7f8e\u56fd\u519b\u65b9\u80af\u5b9a\u4e5f\u4e0d\u540c\u610f\u3002", "events": [], "arguments": {"time": [], "loc": [], "country": [{"text": "\u7f8e\u56fd", "offset": 17, "length": 2}, {"text": "\u7f8e\u56fd", "offset": 40, "length": 2}], "weapon": []}}, {"sentence": "\u201d\u800c\u76ee\u524d\uff0c\u7f8e\u56fd\u867d\u7136\u4e24\u8258\u822a\u6bcd\u201c\u6f14\u5f97\u5f88\u5e26\u52b2\u201d\uff0c\u4f46\u5176\u4ed6\u822a\u6bcd\u8fd8\u6ca1\u6709\u201c\u6062\u590d\u5143\u6c14\u201d\uff0c\u65e0\u6cd5\u5b9e\u65bd\u6709\u6548\u652f\u63f4\uff0c\u8fd9\u4e24\u8258\u822a\u6bcd\u65e0\u7591\u662f\u4e24\u53ea\u201c\u7eb8\u8001\u864e\u201d\u3002", "events": [], "arguments": {"time": [], "loc": [], "country": [{"text": "\u7f8e\u56fd", "offset": 5, "length": 2}], "weapon": []}}, {"sentence": "\u4e25\u9632\u4fa6\u5bdf\u673a\u201c\u4e71\u4e2d\u53d6\u6817\u201d", "events": [], "arguments": {"time": [], "loc": [], "country": [], "weapon": [{"text": "\u4fa6\u5bdf\u673a", "offset": 2, "length": 3}]}}, {"sentence": "\u7f8e\u56fd\u53cc\u822a\u6bcd\u7f16\u961f\u5728\u5357\u6d77\u6f14\u4e60\u7684\u540c\u65f6\uff0c\u7f8e\u519b\u673a\u4e5f\u9891\u9891\u73b0\u8eab\u4e2d\u56fd\u5468\u8fb9\uff0c\u591a\u67b6RC-135\u3001EP-3\u3001P-8A\u4ee5\u53caKC-135\u52a0\u6cb9\u673a\u9891\u7e41\u51fa\u73b0\u5728\u4e2d\u56fd\u5468\u8fb9\uff0c\u6709\u4e9b\u4fa6\u5bdf\u673a\u751a\u81f3\u98de\u5230\u8ddd\u79bb\u5e7f\u4e1c\u6cbf\u6d77100\u516c\u91cc\u5de6\u53f3\u7684\u7a7a\u57df\u8fdb\u884c\u62b5\u8fd1\u4fa6\u5bdf\uff0c\u4f46\u6709\u5206\u6790\u8ba4\u4e3a\uff0c\u7f8e\u519b\u4fa6\u5bdf\u673a\u9891\u7e41\u73b0\u8eab\u4e2d\u56fd\u5468\u8fb9\u6d77\u7a7a\u57df\uff0c\u5f88\u53ef\u80fd\u662f\u914d\u5408\u7f8e\u6d77\u519b\u5728\u5357\u6d77\u7684\u6f14\u4e60\u6f14\u7ec3\u3002", "events": [], "arguments": {"time": [], "loc": [{"text": "\u5357\u6d77", "offset": 8, "length": 2}, {"text": "\u5e7f\u4e1c\u6cbf\u6d77", "offset": 79, "length": 4}, {"text": "\u5357\u6d77", "offset": 134, "length": 2}], "country": [{"text": "\u7f8e\u56fd", "offset": 0, "length": 2}, {"text": "\u4e2d\u56fd", "offset": 24, "length": 2}, {"text": "\u4e2d\u56fd", "offset": 63, "length": 2}, {"text": "\u4e2d\u56fd", "offset": 116, "length": 2}], "weapon": [{"text": "RC-135", "offset": 31, "length": 6}, {"text": "EP-3", "offset": 38, "length": 4}, {"text": "P-8A", "offset": 43, "length": 4}, {"text": "KC-135\u52a0\u6cb9\u673a", "offset": 49, "length": 9}]}}, {"sentence": "\u4e00\u4f4d\u4e0d\u613f\u900f\u9732\u59d3\u540d\u7684\u4e2d\u56fd\u519b\u4e8b\u4e13\u5bb69\u65e5\u5bf9\u300a\u73af\u7403\u65f6\u62a5\u300b\u8bb0\u8005\u8868\u793a\uff0c\u5982\u679c\u662f\u4ece\u51b2\u7ef3\u5609\u624b\u7eb3\u57fa\u5730\u6216\u5176\u4ed6\u9a7b\u65e5\u7f8e\u519b\u57fa\u5730\u8d77\u98de\uff0c\u7f8e\u56fd\u6d77\u519b\u7684EP-3\u7535\u5b50\u4fa6\u5bdf\u673a\u3001P-8A\u5de1\u903b\u673a\u4ee5\u53ca\u7a7a\u519bRC-135\u7535\u5b50\u4fa6\u5bdf\u673a\u6df1\u5165\u5357\u6d77\u957f\u65f6\u95f4\u6267\u884c\u4efb\u52a1\u6709\u4e9b\u5403\u529b\u3002", "events": [], "arguments": {"time": [{"text": "9\u65e5", "offset": 15, "length": 2}], "loc": [{"text": "\u51b2\u7ef3\u5609\u624b\u7eb3\u57fa\u5730", "offset": 33, "length": 7}, {"text": "\u4ed6\u9a7b\u65e5\u7f8e\u519b\u57fa\u5730", "offset": 0, "length": 7}, {"text": "\u5357\u6d77", "offset": 91, "length": 2}], "country": [{"text": "\u4e2d\u56fd", "offset": 9, "length": 2}, {"text": "\u7f8e\u56fd", "offset": 52, "length": 2}], "weapon": [{"text": "EP-3\u7535\u5b50\u4fa6\u5bdf\u673a", "offset": 57, "length": 9}, {"text": "P-8A\u5de1\u903b\u673a", "offset": 67, "length": 7}, {"text": "\u7a7a\u519bRC-135\u7535\u5b50\u4fa6\u5bdf\u673a", "offset": 76, "length": 13}]}}, {"sentence": "\u6240\u4ee5\u6709KC-135\u52a0\u6cb9\u673a\u51fa\u73b0\uff0c\u53ef\u80fd\u662f\u4e3aRC-135\u7b49\u8fdb\u884c\u7a7a\u4e2d\u52a0\u6cb9\uff0c\u4f7f\u5176\u53ef\u4ee5\u5728\u5357\u6d77\u7eb5\u6df1\u6267\u884c\u4efb\u52a1\u3002", "events": [], "arguments": {"time": [], "loc": [{"text": "\u5357\u6d77", "offset": 38, "length": 2}], "country": [], "weapon": [{"text": "KC-135\u52a0\u6cb9\u673a", "offset": 3, "length": 9}, {"text": "RC-135", "offset": 19, "length": 6}]}}, {"sentence": "\u8fd9\u4e9b\u98de\u673a\u6709\u4e0d\u540c\u7684\u7528\u9014\uff0c\u5176\u4e2dP-8A\u4e00\u65b9\u9762\u5728\u5357\u6d77\u914d\u5408\u53cc\u822a\u6bcd\u7f16\u961f\u8fdb\u884c\u53cd\u6f5c\u8bad\u7ec3\uff0c\u8fd8\u53ef\u80fd\u7528\u4e8e\u8ffd\u8e2a\u5728\u5357\u6d77\u7684\u522b\u56fd\u8230\u8247\uff0c\u7279\u522b\u662f\u4e2d\u56fd\u6d77\u519b\u7684\u6c34\u9762\u8230\u8247\u548c\u6f5c\u8247\u3002", "events": [], "arguments": {"time": [], "loc": [{"text": "\u5357\u6d77", "offset": 21, "length": 2}, {"text": "\u5357\u6d77", "offset": 45, "length": 2}], "country": [{"text": "\u4e2d\u56fd", "offset": 56, "length": 2}], "weapon": [{"text": "P-8A", "offset": 13, "length": 4}, {"text": "\u6c34\u9762\u8230\u8247", "offset": 61, "length": 4}, {"text": "\u6f5c\u8247", "offset": 66, "length": 2}]}}, {"sentence": "\u800cRC-135\u548cEP-3\u5219\u4e3b\u8981\u662f\u7528\u4e8e\u76d1\u89c6\u3001\u76d1\u542c\u822a\u7ebf\u5468\u8fb9\u7684\u96f7\u8fbe\u4fe1\u53f7\u548c\u65e0\u7ebf\u7535\u901a\u4fe1\u3002", "events": [], "arguments": {"time": [], "loc": [], "country": [], "weapon": [{"text": "RC-135", "offset": 1, "length": 6}, {"text": "EP-3", "offset": 8, "length": 4}]}}, {"sentence": "\u4e13\u5bb6\u8ba4\u4e3a\uff0c\u4ece\u67d0\u79cd\u7a0b\u5ea6\u4e0a\uff0c\u8fd9\u4e9b\u4fa6\u5bdf\u673a\u7684\u5a01\u80c1\u53ef\u80fd\u8981\u6bd4\u53cc\u822a\u6bcd\u6218\u6597\u7fa4\u7684\u5a01\u80c1\u66f4\u5927\u3002", "events": [], "arguments": {"time": [], "loc": [], "country": [], "weapon": [{"text": "\u4fa6\u5bdf\u673a", "offset": 14, "length": 3}, {"text": "\u53cc\u822a\u6bcd\u6218\u6597\u7fa4", "offset": 24, "length": 6}]}}, {"sentence": "\u53cc\u822a\u6bcd\u6218\u6597\u7fa4\u7684\u884c\u52a8\u66f4\u5927\u7a0b\u5ea6\u4e0a\u662f\u79c0\u808c\u8089\uff0c\u5411\u5916\u754c\u8868\u793a\u7f8e\u6d77\u519b\u6218\u6597\u529b\u72b9\u5b58\uff0c\u8868\u6f14\u7684\u5473\u9053\u66f4\u91cd\u4e00\u4e9b\u3002", "events": [], "arguments": {"time": [], "loc": [], "country": [{"text": "\u7f8e", "offset": 24, "length": 1}], "weapon": []}}, {"sentence": "\u800cRC-135\u548cEP-3\u5219\u53ef\u4ee5\u83b7\u53d6\u8d27\u771f\u4ef7\u5b9e\u7684\u60c5\u62a5\u3002", "events": [], "arguments": {"time": [], "loc": [], "country": [], "weapon": [{"text": "RC-135", "offset": 1, "length": 6}, {"text": "EP-3", "offset": 8, "length": 4}]}}, {"sentence": "\u7279\u522b\u662f\u5728\u7f8e\u519b\u53cc\u822a\u6bcd\u6218\u6597\u7fa4\u52a8\u4f5c\u9891\u9891\u7684\u60c5\u51b5\u4e0b\uff0c\u53ef\u80fd\u4f1a\u5bfc\u81f4\u5468\u8fb9\u56fd\u5bb6\u589e\u6d3e\u76d1\u63a7\u88c5\u5907\u3001\u8c03\u52a8\u5904\u7f6e\u5175\u529b\uff0c\u800c\u8fd9\u4e2a\u8fc7\u7a0b\u4e2d\u90fd\u53ef\u80fd\u4f1a\u51fa\u73b0\u5927\u91cf\u5e73\u65f6\u5f88\u5c11\u51fa\u73b0\u7684\u7535\u78c1\u4fe1\u53f7\u3002", "events": [], "arguments": {"time": [], "loc": [], "country": [{"text": "\u7f8e", "offset": 4, "length": 1}], "weapon": [{"text": "\u53cc\u822a\u6bcd", "offset": 6, "length": 3}]}}, {"sentence": "\u4ece\u8fd9\u4e2a\u89d2\u5ea6\u6765\u770b\uff0c\u5bf9\u4e8e\u7f8e\u56fd\u7684\u822a\u6bcd\u6218\u6597\u7fa4\u8981\u628a\u63e1\u597d\u5904\u7f6e\u7684\u5206\u5bf8\uff0c\u7279\u522b\u8981\u505a\u597d\u884c\u52a8\u4e2d\u7684\u7535\u78c1\u9759\u9ed8\u3001\u9690\u771f\u793a\u5047\uff0c\u505a\u5230\u201c\u4e0d\u7ba1\u98ce\u5439\u6d6a\u6253\uff0c\u80dc\u4f3c\u95f2\u5ead\u4fe1\u6b65\u201d\u3002", "events": [], "arguments": {"time": [], "loc": [], "country": [{"text": "\u7f8e\u56fd", "offset": 10, "length": 2}], "weapon": []}}]