[{"sentence": "\u89e3\u653e\u519b\u8be5\u5982\u4f55\u5e94\u5bf9\u7f8e\u519b\u8fde\u7eed\u62b5\u8fd1\u4fa6\u5bdf\u7684\u6311\u8845\u00a0\u519b\u4e8b\u4e13\u5bb6\u89e3\u8bfb", "events": [], "arguments": {"time": [], "loc": [], "country": [{"text": "\u7f8e", "offset": 8, "length": 1}], "weapon": []}}, {"sentence": "\u3010\u73af\u7403\u65f6\u62a5\u8bb0\u8005 \u5f90\u7490\u660e \u5218\u714a\u5c0a\u3011", "events": [], "arguments": {"time": [], "loc": [], "country": [], "weapon": []}}, {"sentence": "\u201c\u5357\u6d77\u6218\u7565\u6001\u52bf\u611f\u77e5\u8ba1\u5212\u201d\u53d1\u5e03\u7684\u7f8e\u519bEP-3E\u7535\u5b50\u4fa6\u5bdf\u673a8\u65e5\u98de\u884c\u8def\u7ebf\u3002", "events": [], "arguments": {"time": [], "loc": [{"text": "\u5357\u6d77", "offset": 1, "length": 2}], "country": [{"text": "\u7f8e", "offset": 15, "length": 1}], "weapon": [{"text": "EP-3E\u7535\u5b50\u4fa6\u5bdf\u673a", "offset": 17, "length": 10}]}}, {"sentence": "\u7f8e\u519b\u4fa6\u5bdf\u673a\u88ab\u7206\u8fd1\u65e5\u8fde\u7eed\u5bf9\u4e2d\u56fd\u6cbf\u6d77\u5b9e\u65bd\u62b5\u8fd1\u4fa6\u5bdf\uff0c\u57287\u67088\u65e5\u4e0a\u5348\u4e00\u67b6\u7f8e\u519b\u4fa6\u5bdf\u673a\u4e00\u5ea6\u98de\u81f3\u8ddd\u79bb\u5e7f\u4e1c\u6d77\u5cb8\u7ea695.7\u516c\u91cc\u7684\u4f4d\u7f6e\u3002", "events": [{"trigger": {"text": "\u98de\u81f3", "offset": 39, "length": 2}, "subject": {"text": "\u4e00\u67b6\u7f8e\u519b\u4fa6\u5bdf\u673a\u4e00\u5ea6", "offset": 30, "length": 9}, "object": {"text": "\u8ddd\u79bb\u5e7f\u4e1c\u6d77\u5cb8\u7ea695.7\u516c\u91cc\u7684\u4f4d\u7f6e", "offset": 41, "length": 16}}], "arguments": {"time": [{"text": "7\u67088\u65e5\u4e0a\u5348", "offset": 24, "length": 6}], "loc": [{"text": "\u5e7f\u4e1c\u6d77\u5cb8", "offset": 43, "length": 4}], "country": [{"text": "\u7f8e", "offset": 32, "length": 1}, {"text": "\u4e2d\u56fd", "offset": 12, "length": 2}], "weapon": [{"text": "\u7f8e\u519b\u4fa6\u5bdf\u673a", "offset": 32, "length": 5}]}}, {"sentence": "\u636e\u5c9b\u5185\u7eff\u5a927\u67088\u65e5\u62a5\u9053\uff0c\u7f8e\u519b\u8fd1\u671f\u4e00\u6b65\u6b65\u5bf9\u5927\u9646\u6cbf\u5cb8\u8fdb\u884c\u62b5\u8fd1\u4fa6\u5bdf\uff0c\u800c\u4e14\u8ddd\u79bb\u8d8a\u6765\u8d8a\u8fd1\u3002", "events": [], "arguments": {"time": [{"text": "7\u67088\u65e5", "offset": 5, "length": 4}], "loc": [], "country": [{"text": "\u7f8e", "offset": 12, "length": 1}], "weapon": []}}, {"sentence": "\u7ee77\u67087\u65e5\u6d3e\u51fa\u519b\u673a\u5bf9\u5927\u9646\u5e7f\u4e1c\u7701\u8fdb\u884c\u8fd1\u8ddd\u79bb\u4fa6\u5bdf\u540e\uff0c7\u67088\u65e5\u4e0a\u5348\u7f8e\u519b\u53c8\u6d3e\u51fa\u4e00\u67b6EP-3E\u7535\u5b50\u4fa6\u5bdf\u673a\u6267\u884c\u4efb\u52a1\uff0c\u8fd9\u67b6\u4fa6\u5bdf\u673a\u98de\u7ecf\u5df4\u58eb\u6d77\u5ce1\uff0c\u7531\u5357\u5f80\u5317\u9760\u8fd1\u6240\u8c13\u201c\u53f0\u6d77\u4e2d\u7ebf\u201d\u540e\uff0c\u518d\u6298\u5f80\u897f\u5357\u98de\u884c\uff0c\u5bf9\u5e7f\u4e1c\u6cbf\u5cb8\u8fdb\u884c\u62b5\u8fd1\u4fa6\u5bdf\uff0c\u800c\u4e14\u8ddd\u79bb\u6bd47\u65e5\u768460\u6d77\u91cc\uff08\u7ea6111\u516c\u91cc\uff09\u66f4\u8fd1\uff0c\u4ec5\u670951.68\u6d77\u91cc\uff08\u7ea695.7\u516c\u91cc\uff09\u3002", "events": [], "arguments": {"time": [{"text": "7\u67087\u65e5", "offset": 1, "length": 4}, {"text": "7\u67088\u65e5\u4e0a\u5348", "offset": 24, "length": 6}], "loc": [{"text": "\u5df4\u58eb\u6d77\u5ce1", "offset": 59, "length": 4}, {"text": "\u201c\u53f0\u6d77\u4e2d\u7ebf\u201d", "offset": 72, "length": 6}, {"text": "\u5e7f\u4e1c\u6cbf\u5cb8", "offset": 89, "length": 4}], "country": [{"text": "\u7f8e", "offset": 30, "length": 1}], "weapon": [{"text": "EP-3E\u7535\u5b50\u4fa6\u5bdf\u673a", "offset": 37, "length": 10}]}}, {"sentence": "\u62a5\u9053\u79f0\uff0c\u5927\u9646\u65b9\u9762\u7d27\u76ef\u7f8e\u519b\u52a8\u6001\uff0c\u5317\u4eac\u5927\u5b66\u6d77\u6d0b\u7814\u7a76\u9662\u8bbe\u7acb\u7684\u201c\u5357\u6d77\u6218\u7565\u6001\u52bf\u611f\u77e5\u8ba1\u5212\u201d\u5e73\u53f0\u5728\u56fd\u5916\u793e\u4ea4\u5a92\u4f53\u4e0a\u53d1\u5e03\u6d88\u606f\u663e\u793a\uff0c\u7f8e\u519b\u5df2\u8fde\u7eed\u4e09\u5929\u6d3e\u51fa\u519b\u673a\u5bf9\u5927\u9646\u8fdb\u884c\u62b5\u8fd1\u4fa6\u5bdf\uff0c6\u65e5\u662f1\u67b6RC-135\u4fa6\u5bdf\u673a\uff0c7\u65e5\u4e3a1\u67b6EP-3E\u7535\u5b50\u4fa6\u5bdf\u673a\uff0cEP-3E\u3001RC-135\u4fa6\u5bdf\u673a\u8ddd\u79bb\u5e7f\u4e1c\u6d77\u5cb8\u7684\u8ddd\u79bb\u5206\u522b\u4e3a60.94\u6d77\u91cc\u53ca60.89\u6d77\u91cc\u3002", "events": [], "arguments": {"time": [], "loc": [{"text": "\u5357\u6d77", "offset": 28, "length": 2}, {"text": "\u5e7f\u4e1c\u6d77\u5cb8", "offset": 125, "length": 4}], "country": [], "weapon": [{"text": "RC-135\u4fa6\u5bdf\u673a", "offset": 114, "length": 9}, {"text": "EP-3E\u7535\u5b50\u4fa6\u5bdf\u673a", "offset": 97, "length": 10}, {"text": "RC-135\u4fa6\u5bdf\u673a", "offset": 82, "length": 9}, {"text": "EP-3E", "offset": 108, "length": 5}]}}, {"sentence": "\u4e2d\u56fd\u519b\u4e8b\u4e13\u5bb6\u5b8b\u5fe0\u5e738\u65e5\u544a\u8bc9\u300a\u73af\u7403\u65f6\u62a5\u300b\u8bb0\u8005\uff0c\u7f8e\u519bEP-3E\u7535\u5b50\u4fa6\u5bdf\u673a\u4e0eRC-135\u4fa6\u5bdf\u673a\u62b5\u8fd1\u4fa6\u5bdf\u4e2d\u56fd\u6cbf\u6d77\u5730\u533a\u7684\u76ee\u7684\u4e3b\u8981\u662f\u4e3a\u4e86\u4e86\u89e3\u89e3\u653e\u519b\u91cd\u8981\u7684\u7535\u78c1\u9891\u8c31\u4fe1\u53f7\u3002", "events": [], "arguments": {"time": [{"text": "8\u65e5", "offset": 9, "length": 2}], "loc": [], "country": [{"text": "\u4e2d\u56fd", "offset": 0, "length": 2}, {"text": "\u7f8e", "offset": 22, "length": 1}, {"text": "\u4e2d\u56fd", "offset": 48, "length": 2}], "weapon": [{"text": "EP-3E\u7535\u5b50\u4fa6\u5bdf\u673a", "offset": 24, "length": 10}, {"text": "RC-135\u4fa6\u5bdf\u673a", "offset": 35, "length": 9}]}}, {"sentence": "\u8fd9\u4e9b\u884c\u52a8\u4e0d\u4ec5\u662f\u653f\u6cbb\u4f5c\u79c0\uff0c\u800c\u4e14\u6709\u7740\u519b\u4e8b\u65b9\u9762\u7684\u8003\u91cf\u3002", "events": [], "arguments": {"time": [], "loc": [], "country": [], "weapon": []}}, {"sentence": "\u5b8b\u5fe0\u5e73\u8868\u793a\uff0cEP-3E\u548cRC-135\u53ef\u4ee5\u5bf9\u7535\u78c1\u9891\u8c31\u4fe1\u53f7\u8fdb\u884c\u6293\u53d6\uff0c\u7136\u540e\u518d\u5bf9\u5927\u91cf\u4fe1\u53f7\u91cc\u5305\u542b\u7684\u4fe1\u606f\u8fdb\u884c\u5206\u6790\u548c\u6bd4\u5bf9\uff0c\u8bd5\u56fe\u4e86\u89e3\u4e2d\u56fd\u6b66\u5668\u88c5\u5907\u548c\u4e2d\u56fd\u519b\u4e8b\u52a8\u6001\u7684\u76f8\u5173\u73b0\u72b6\u3002", "events": [], "arguments": {"time": [], "loc": [], "country": [{"text": "\u4e2d\u56fd", "offset": 58, "length": 2}, {"text": "\u4e2d\u56fd", "offset": 65, "length": 2}], "weapon": [{"text": "EP-3E", "offset": 6, "length": 5}, {"text": "RC-135", "offset": 12, "length": 6}]}}, {"sentence": "\u4ee5\u524d\u6cbf\u90e8\u7f72\u7684\u7f8e\u519bRC-135\u7cfb\u5217\u4fa6\u5bdf\u673a\u4e3a\u4f8b\uff0c\u6309\u4efb\u52a1\u8f7d\u8377\u5927\u81f4\u53ef\u5206\u4e3a\u4e09\u7c7b\uff1a\u4e00\u7c7b\u4e3a\u901a\u4fe1\u4fe1\u53f7\u4fa6\u5bdf\u7cfb\u7edf\uff0c\u53ef\u4fa6\u5bdf\u5230\u97f3\u9891\u3001\u7535\u4f20\u3001\u7535\u62a5\u7b49\u4fe1\u53f7\u3002", "events": [], "arguments": {"time": [], "loc": [], "country": [{"text": "\u7f8e", "offset": 6, "length": 1}], "weapon": [{"text": "RC-135\u7cfb\u5217\u4fa6\u5bdf\u673a", "offset": 8, "length": 11}]}}, {"sentence": "\u636e\u79f0\u57281\u4e07\u7c73\u9ad8\u5ea6\u53ef\u4fa6\u6d4b\u5230600\u81f3800\u516c\u91cc\u5916\u7684\u7535\u53f0\u3002", "events": [], "arguments": {"time": [], "loc": [], "country": [], "weapon": []}}, {"sentence": "\u6b64\u5916\uff0c\u8fd8\u53ef\u4ee5\u6536\u96c6\u3001\u5904\u7406\u548c\u5206\u6790\u5bfc\u5f39\u5236\u5bfc\u7684\u7535\u6ce2\u9891\u7387\u53ca\u76f8\u5173\u4fe1\u606f\u3002", "events": [], "arguments": {"time": [], "loc": [], "country": [], "weapon": [{"text": "\u5bfc\u5f39", "offset": 14, "length": 2}]}}, {"sentence": "\u7b2c\u4e8c\u7c7b\u8f7d\u8377\u662f\u9488\u5bf9\u96f7\u8fbe\u4fe1\u53f7\u7684\u4fa6\u5bdf\u7cfb\u7edf\uff0c\u53ef\u6536\u96c6\u9884\u8b66\u3001\u5236\u5bfc\u548c\u5f15\u5bfc\u96f7\u8fbe\u7684\u9891\u7387\u7b49\u6280\u672f\u53c2\u6570\uff0c\u5e76\u5bf9\u5176\u8fdb\u884c\u5b9a\u4f4d\uff0c\u4e16\u754c\u4e0a\u5404\u79cd\u96f7\u8fbe\u53c2\u6570\u90fd\u5728\u5176\u6d4b\u91cf\u8303\u56f4\u5185\uff0c\u800c\u4e14\u6d4b\u91cf\u7cbe\u5ea6\u76f8\u5f53\u9ad8\u3002", "events": [], "arguments": {"time": [], "loc": [], "country": [], "weapon": []}}, {"sentence": "\u8fd9\u4e9b\u6536\u96c6\u5230\u7684\u6570\u636e\u53ef\u7528\u4e8e\u5efa\u7acb\u654c\u65b9\u9632\u7a7a\u7cfb\u7edf\u6570\u636e\u5e93\uff0c\u6218\u65f6\u53ef\u6839\u636e\u8fd9\u4e9b\u6570\u636e\u7814\u7a76\u5e72\u6270\u3001\u9632\u7a7a\u538b\u5236\u65b9\u6848\u3002", "events": [], "arguments": {"time": [], "loc": [], "country": [], "weapon": []}}, {"sentence": "\u7b2c\u4e09\u7c7b\u8f7d\u8377\u4e3b\u8981\u662f\u7ea2\u5916\u63a2\u6d4b\u7cfb\u7edf\uff0c\u53ef\u5728360\u516c\u91cc\u5185\u5206\u8fa8\u51fa3.7\u7c73\u957f\u7684\u7269\u4f53\uff0c\u4e3b\u8981\u7528\u4e8e\u63a2\u6d4b\u5f39\u9053\u5bfc\u5f39\u7684\u53d1\u5c04\u3002", "events": [], "arguments": {"time": [], "loc": [], "country": [], "weapon": [{"text": "\u5f39\u9053\u5bfc\u5f39", "offset": 41, "length": 4}]}}, {"sentence": "\u90a3\u4e48\uff0c\u9488\u5bf9\u7f8e\u519b\u7684\u6311\u8845\uff0c\u89e3\u653e\u519b\u8be5\u91c7\u53d6\u4ec0\u4e48\u6837\u7684\u884c\u52a8\u5462\uff1f", "events": [], "arguments": {"time": [], "loc": [], "country": [{"text": "\u7f8e", "offset": 5, "length": 1}], "weapon": []}}, {"sentence": "\u5b8b\u5fe0\u5e73\u8ba4\u4e3a\uff0c\u89e3\u653e\u519b\u53ef\u4ee5\u91c7\u53d6\u62b5\u8fd1\u62e6\u622a\u7684\u65b9\u5f0f\uff0c\u5bf9\u62b5\u8fd1\u4fa6\u5bdf\u7684\u7f8e\u519b\u673a\u8fdb\u884c\u5e72\u6270\uff0c\u8ba9\u5bf9\u65b9\u65e0\u6cd5\u4e13\u5fc3\u5de5\u4f5c\u3002", "events": [], "arguments": {"time": [], "loc": [], "country": [{"text": "\u7f8e", "offset": 27, "length": 1}], "weapon": []}}, {"sentence": "\u53e6\u4e00\u65b9\u9762\uff0c\u5f53\u5bf9\u65b9\u4fa6\u5bdf\u673a\u63a5\u8fd1\u6211\u56fd\u76f8\u5173\u7a7a\u57df\u65f6\uff0c\u89e3\u653e\u519b\u4e5f\u53ef\u4ee5\u6682\u505c\u4e00\u4e9b\u519b\u4e8b\u6d3b\u52a8\uff0c\u964d\u4f4e\u7535\u78c1\u9891\u8c31\u4fe1\u53f7\u88ab\u622a\u83b7\u7684\u6982\u7387\u3002", "events": [], "arguments": {"time": [], "loc": [], "country": [], "weapon": [{"text": "\u4fa6\u5bdf\u673a", "offset": 8, "length": 3}]}}]