[{"sentence": "\u7f8e\u56fd\u5c06\u5411\u5370\u5c3c\u51fa\u552e8\u67b6\u6700\u65b0\u7248\u201c\u9c7c\u9e70\u201d\u00a0\u603b\u4ef7\u9ad8\u8fbe20\u4ebf\u7f8e\u5143", "events": [{"trigger": {"text": "\u51fa\u552e", "offset": 6, "length": 2}, "subject": {"text": "\u7f8e\u56fd\u5c06\u5411\u5370\u5c3c", "offset": 0, "length": 6}, "object": {"text": "8\u67b6\u6700\u65b0\u7248\u201c\u9c7c\u9e70\u201d", "offset": 8, "length": 9}}], "arguments": {"time": [], "loc": [], "country": [{"text": "\u7f8e\u56fd", "offset": 0, "length": 2}, {"text": "\u5370\u5c3c", "offset": 4, "length": 2}], "weapon": [{"text": "\u201c\u9c7c\u9e70\u201d", "offset": 13, "length": 4}]}}, {"sentence": "\u3010\u73af\u7403\u7f51\u62a5\u9053 \u89c1\u4e60\u8bb0\u8005 \u9a6c\u5ca9\u3011", "events": [], "arguments": {"time": [], "loc": [], "country": [], "weapon": []}}, {"sentence": "\u636e\u201c\u73af\u7403\u98de\u884c\u201d\uff08FlightGlobal\uff09\u7f51\u7ad97\u67087\u65e5\u62a5\u9053\uff0c\u7f8e\u56fd\u653f\u5e9c\u5df2\u7ecf\u6279\u51c6\u5411\u5370\u5ea6\u5c3c\u897f\u4e9a\u51fa\u552e8\u67b6MV-22 Block C \u201c\u9c7c\u9e70\u201d \u503e\u8f6c\u65cb\u7ffc\u673a\u3002", "events": [], "arguments": {"time": [{"text": "7\u67087\u65e5", "offset": 23, "length": 4}], "loc": [], "country": [{"text": "\u7f8e\u56fd", "offset": 30, "length": 2}, {"text": "\u5370\u5ea6\u5c3c\u897f\u4e9a", "offset": 39, "length": 5}], "weapon": [{"text": "MV-22 Block C \u201c\u9c7c\u9e70\u201d \u503e\u8f6c\u65cb\u7ffc\u673a", "offset": 48, "length": 24}]}}, {"sentence": "\u62a5\u9053\u63f4\u5f15\u7f8e\u56fd\u56fd\u9632\u5b89\u5168\u5408\u4f5c\u5c40\u7684\u8bdd\u8bf4\uff0c\u8fd9\u7b14\u4ea4\u6613\u4ef7\u503c20\u4ebf\u7f8e\u5143\uff0c\u5c06\u6309\u7167\u7f8e\u56fd\u653f\u5e9c\u7684\u5bf9\u5916\u519b\u552e\u7a0b\u5e8f\u8fdb\u884c\u3002", "events": [], "arguments": {"time": [], "loc": [], "country": [{"text": "\u7f8e\u56fd", "offset": 4, "length": 2}, {"text": "\u7f8e\u56fd", "offset": 32, "length": 2}], "weapon": []}}, {"sentence": "\u9664\u4e868\u67b6\u201c\u9c7c\u9e70\u201d\u8fd0\u8f93\u673a\u5916\uff0c\u8be5\u4ea4\u6613\u8fd8\u5305\u62ec24\u53f0\u7f57\u00b7\u7f57 AE 1107C \u53d1\u52a8\u673a\u300140\u633a\u673a\u5173\u67aa\uff0c\u4ee5\u53ca\u4f20\u611f\u5668\u3001\u901a\u8baf\u8bbe\u5907\u7b49\u3002", "events": [], "arguments": {"time": [], "loc": [], "country": [], "weapon": [{"text": "\u7f57\u00b7\u7f57 AE 1107C \u53d1\u52a8\u673a", "offset": 22, "length": 16}, {"text": "\u201c\u9c7c\u9e70\u201d\u8fd0\u8f93\u673a", "offset": 4, "length": 7}]}}, {"sentence": "\u62a5\u9053\u79f0\uff0c\u5370\u5ea6\u5c3c\u897f\u4e9a\u8d2d\u4e70\u7684\u8fd98\u67b6MV-22 Block C\u5c06\u7528\u4e8e\u4e24\u6816\u519b\u4e8b\u884c\u52a8\u3001\u6551\u707e\u3001\u4eba\u9053\u4e3b\u4e49\u6551\u63f4\u7b49\u9886\u57df\u3002", "events": [], "arguments": {"time": [], "loc": [], "country": [{"text": "\u5370\u5ea6\u5c3c\u897f\u4e9a", "offset": 4, "length": 5}], "weapon": [{"text": "MV-22 Block C", "offset": 15, "length": 13}]}}, {"sentence": "\u516c\u5f00\u6570\u636e\u663e\u793a\uff0c\u5370\u5ea6\u5c3c\u897f\u4e9a\u7a7a\u519b\u76ee\u524d\u5171\u670940\u67b6\u5728\u5f79\u7684\u65cb\u7ffc\u98de\u673a\uff0c\u5e73\u5747\u673a\u9f8424.8\u5e74\uff0c\u5305\u62ec6\u67b6\u5e73\u5747\u673a\u9f844.2\u5e74\u3001\u7a7a\u5ba2\u516c\u53f8\u751f\u4ea7\u7684H225M\u76f4\u5347\u673a\u3002", "events": [], "arguments": {"time": [], "loc": [], "country": [{"text": "\u5370\u5ea6\u5c3c\u897f\u4e9a", "offset": 7, "length": 5}], "weapon": [{"text": "H225M\u76f4\u5347\u673a", "offset": 59, "length": 8}]}}, {"sentence": "\u800c\u9646\u519b\u88c5\u5907\u6709144\u67b6\u65cb\u7ffc\u673a\uff0c\u5305\u62ec\u5927\u91cf\u7684\u8d1d\u5c14-412\u76f4\u5347\u673a\u548c8\u67b6AH-64\u201c\u963f\u5e15\u5947\u201d\u76f4\u5347\u673a\u3002", "events": [], "arguments": {"time": [], "loc": [], "country": [], "weapon": [{"text": "\u8d1d\u5c14-412\u76f4\u5347\u673a", "offset": 19, "length": 9}, {"text": "AH-64\u201c\u963f\u5e15\u5947\u201d\u76f4\u5347\u673a", "offset": 31, "length": 13}]}}]