[{"sentence": "\u4e4c\u514b\u5170\u6d77\u519b\u53f8\u4ee4\u79f0\u51c6\u5907\u4e0e\u4fc4\u8fdb\u884c\u5168\u9762\u519b\u4e8b\u5bf9\u6297\u00a0\u4fc4\u4e13\u5bb6\uff1a\u4e4c\u519b\u5df2\u88ab\u5317\u7ea6\u63a7\u5236\uff01", "events": [{"trigger": {"text": "\u8fdb\u884c", "offset": 12, "length": 2}, "subject": {"text": "\u4e4c\u514b\u5170\u6d77\u519b\u53f8\u4ee4\u79f0\u51c6\u5907\u4e0e\u4fc4", "offset": 0, "length": 12}, "object": {"text": "\u5168\u9762\u519b\u4e8b\u5bf9\u6297\u00a0", "offset": 14, "length": 7}}], "arguments": {"time": [], "loc": [], "country": [{"text": "\u4e4c\u514b\u5170", "offset": 0, "length": 3}, {"text": "\u4fc4", "offset": 21, "length": 1}, {"text": "\u5317\u7ea6", "offset": 29, "length": 2}], "weapon": []}}, {"sentence": "\u3010\u73af\u7403\u7f51\u62a5\u9053 \u8bb0\u8005 \u5f90\u7490\u660e\u3011", "events": [], "arguments": {"time": [], "loc": [], "country": [], "weapon": []}}, {"sentence": "\u636e\u4e4c\u514b\u5170UNIAN\u7f51\u7ad97\u67086\u65e5\u62a5\u9053\uff0c\u4e4c\u514b\u5170\u6d77\u519b\u603b\u53f8\u4ee4\u963f\u5217\u514b\u8c22\u00b7\u5185\u5179\u5e15\u5e15\u5f53\u5929\u5728\u63a5\u53d7\u91c7\u8bbf\u65f6\u8868\u793a\uff0c\u4ed6\u4e0d\u6392\u9664\u4fc4\u7f57\u65af\u4ece\u514b\u91cc\u7c73\u4e9a\u5bf9\u4e4c\u514b\u5170\u8d6b\u5c14\u677e\u5730\u533a\u53d1\u52a8\u5165\u4fb5\u7684\u53ef\u80fd\u6027\u3002", "events": [], "arguments": {"time": [{"text": "7\u67086\u65e5", "offset": 11, "length": 4}], "loc": [{"text": "\u4e4c\u514b\u5170\u8d6b\u5c14\u677e\u5730\u533a", "offset": 59, "length": 8}], "country": [{"text": "\u4e4c\u514b\u5170", "offset": 1, "length": 3}, {"text": "\u4e4c\u514b\u5170", "offset": 18, "length": 3}, {"text": "\u4fc4\u7f57\u65af", "offset": 50, "length": 3}, {"text": "\u514b\u91cc\u7c73\u4e9a", "offset": 54, "length": 4}, {"text": "\u4e4c\u514b\u5170", "offset": 59, "length": 3}], "weapon": []}}, {"sentence": "\u62a5\u9053\u79f0\uff0c\u5728\u8fd9\u79cd\u60c5\u51b5\u4e0b\uff0c\u4fc4\u7f57\u65af\u7684\u4e3b\u8981\u76ee\u6807\u662f\u901a\u8fc7\u514b\u91cc\u7c73\u4e9a\u5317\u90e8\u8fd0\u6cb3\uff0c\u4ece\u7b2c\u8042\u4f2f\u6cb3\u5411\u514b\u91cc\u7c73\u4e9a\u63d0\u4f9b\u6de1\u6c34\u3002", "events": [], "arguments": {"time": [], "loc": [{"text": "\u514b\u91cc\u7c73\u4e9a\u5317\u90e8", "offset": 22, "length": 6}, {"text": "\u7b2c\u8042\u4f2f\u6cb3", "offset": 32, "length": 4}], "country": [{"text": "\u4fc4\u7f57\u65af", "offset": 11, "length": 3}, {"text": "\u514b\u91cc\u7c73\u4e9a", "offset": 37, "length": 4}], "weapon": []}}, {"sentence": "\u5185\u5179\u5e15\u5e15\u8bf4\uff1a\u201c\u6211\u4eec\u6b63\u5728\u4e3a\u4e00\u573a\u5168\u9762\u7684\u519b\u4e8b\u5bf9\u6297\u505a\u51c6\u5907\u3002", "events": [], "arguments": {"time": [], "loc": [], "country": [], "weapon": []}}, {"sentence": "\u6211\u4eec\u610f\u8bc6\u5230\uff0c\u4e0d\u5e78\u7684\u662f\uff0c\u5982\u679c\u53d1\u751f\u8fd9\u6837\u7684\u60c5\u51b5\u6211\u4eec\u7684\u519b\u961f\u548c\u5e73\u6c11\u90fd\u5c06\u906d\u53d7\u591a\u4e48\u4e25\u91cd\u7684\u635f\u5931\u3002", "events": [], "arguments": {"time": [], "loc": [], "country": [], "weapon": []}}, {"sentence": "\u5c3d\u7ba1\u56fd\u5bb6\u5df2\u7ecf\u591a\u5e74\u5904\u4e8e\u6218\u4e89\u4e4b\u4e2d\uff0c\u4f46\u5f88\u591a\u4eba\u73b0\u5728\u8fd8\u6ca1\u6709\u610f\u8bc6\u5230\u8fd9\u4e00\u70b9\u3002", "events": [], "arguments": {"time": [], "loc": [], "country": [], "weapon": []}}, {"sentence": "\u201d", "events": [], "arguments": {"time": [], "loc": [], "country": [], "weapon": []}}, {"sentence": "\u4e0e\u6b64\u540c\u65f6\uff0c\u5185\u5179\u5e15\u5e15\u518d\u6b21\u5f3a\u8c03\u4e86\u4e4c\u514b\u5170\u8ba1\u5212\u660e\u5e74\u88c5\u5907\u7684\u201c\u6d77\u738b\u661f\u201d\u5bfc\u5f39\u7cfb\u7edf\u7684\u4f5c\u6218\u80fd\u529b\uff0c\u8fd9\u79cd\u5bfc\u5f39\u5c06\u4f7f\u5f97\u4e4c\u514b\u5170\u5177\u5907\u6253\u51fb\u514b\u91cc\u7c73\u4e9a\u6218\u7565\u6e2f\u53e3\u57ce\u5e02\u585e\u74e6\u65af\u6258\u6ce2\u5c14\u7684\u80fd\u529b\u3002", "events": [{"trigger": {"text": "\u88c5\u5907", "offset": 21, "length": 2}, "subject": {"text": "\u4e4c\u514b\u5170\u8ba1\u5212\u660e\u5e74", "offset": 14, "length": 7}, "object": {"text": "\u201c\u6d77\u738b\u661f\u201d\u5bfc\u5f39\u7cfb\u7edf\u7684\u4f5c\u6218\u80fd\u529b", "offset": 24, "length": 14}}], "arguments": {"time": [], "loc": [{"text": "\u585e\u74e6\u65af\u6258\u6ce2\u5c14", "offset": 63, "length": 6}], "country": [{"text": "\u4e4c\u514b\u5170", "offset": 14, "length": 3}, {"text": "\u4e4c\u514b\u5170", "offset": 46, "length": 3}, {"text": "\u514b\u91cc\u7c73\u4e9a", "offset": 53, "length": 4}], "weapon": [{"text": "\u201c\u6d77\u738b\u661f\u201d\u5bfc\u5f39\u7cfb\u7edf", "offset": 24, "length": 9}]}}, {"sentence": "\u4ed6\u8fd8\u8bf4\uff0c\u4e4c\u514b\u5170\u4e0d\u4ec5\u6b63\u5728\u201c\u5811\u58d5\u6218\u201d\u505a\u51c6\u5907\uff0c\u8fd8\u5728\u4e3a\u5f00\u5c55\u8fdb\u653b\u884c\u52a8\u505a\u597d\u51c6\u5907\u3002", "events": [], "arguments": {"time": [], "loc": [], "country": [{"text": "\u4e4c\u514b\u5170", "offset": 4, "length": 3}], "weapon": []}}, {"sentence": "\u53e6\u636e\u4fc4\u7f57\u65af\u536b\u661f\u65b0\u95fb\u901a\u8baf\u793e7\u67087\u65e5\u7684\u62a5\u9053\uff0c\u5bf9\u4e8e\u4e4c\u514b\u5170\u6d77\u519b\u603b\u53f8\u4ee4\u7684\u76f8\u5173\u8a00\u8bba\uff0c\u4fc4\u7f57\u65af\u519b\u4e8b\u4e13\u5bb6\u5c24\u91cc\u00b7\u79d1\u52aa\u6258\u592b\u8fdb\u884c\u4e86\u56de\u5e94\u3002", "events": [], "arguments": {"time": [{"text": "7\u67087\u65e5", "offset": 12, "length": 4}], "loc": [], "country": [{"text": "\u4fc4\u7f57\u65af", "offset": 2, "length": 3}, {"text": "\u4e4c\u514b\u5170", "offset": 22, "length": 3}, {"text": "\u4fc4\u7f57\u65af", "offset": 36, "length": 3}], "weapon": []}}, {"sentence": "\u4ed6\u5bf9\u4e4c\u514b\u5170\u6709\u548c\u4fc4\u7f57\u65af\u5f00\u6218\u7684\u6f5c\u529b\u8868\u793a\u6000\u7591\uff0c\u5e76\u6307\u660e\u82e5\u514b\u91cc\u7c73\u4e9a\u906d\u5230\u653b\u51fb\uff0c\u57fa\u8f85\u5c06\u9762\u4e34\u600e\u6837\u7684\u5a01\u80c1\u3002", "events": [], "arguments": {"time": [], "loc": [], "country": [{"text": "\u4e4c\u514b\u5170", "offset": 2, "length": 3}, {"text": "\u4fc4\u7f57\u65af", "offset": 7, "length": 3}, {"text": "\u514b\u91cc\u7c73\u4e9a", "offset": 24, "length": 4}, {"text": "\u8f85", "offset": 0, "length": 1}], "weapon": []}}, {"sentence": "\u79d1\u52aa\u6258\u592b\u8868\u793a\uff0c\u4e4c\u514b\u5170\u6d77\u519b\u53f8\u4ee4\u963f\u5217\u514b\u8c22\u00b7\u5185\u5179\u5e15\u5e15\u53d1\u8868\u7684\u5173\u4e8e\u8981\u6253\u51fb\u514b\u91cc\u7c73\u4e9a\u534a\u5c9b\u7684\u8a00\u8bba\u4e0d\u8fc7\u662f\u201c\u5728\u653f\u6cbb\u4e0a\u901e\u5f3a\u201d\u7f62\u4e86\u3002", "events": [], "arguments": {"time": [], "loc": [{"text": "\u514b\u91cc\u7c73\u4e9a\u534a\u5c9b", "offset": 31, "length": 6}], "country": [{"text": "\u4e4c\u514b\u5170", "offset": 7, "length": 3}], "weapon": []}}, {"sentence": "\u636e\u4ed6\u4ecb\u7ecd\uff0c\u82e5\u4e4c\u519b\u8fdb\u653b\u514b\u91cc\u7c73\u4e9a\uff0c\u4fc4\u519b\u4e0d\u4ec5\u4f1a\u5bf9\u653b\u5c9b\u7684\u519b\u961f\u4f5c\u51fa\u8fd8\u51fb\uff0c\u4e5f\u4e0d\u4f1a\u653e\u8fc7\u654c\u519b\u7684\u57fa\u5730\u548c\u6307\u6325\u90e8\u3002", "events": [], "arguments": {"time": [], "loc": [], "country": [{"text": "\u514b\u91cc\u7c73\u4e9a", "offset": 10, "length": 4}, {"text": "\u4fc4", "offset": 15, "length": 1}], "weapon": []}}, {"sentence": "\u79d1\u52aa\u6258\u592b\u5f3a\u8c03\uff0c\u8fd1\u5e74\u6765\uff0c\u7f8e\u56fd\u548c\u5317\u7ea6\u90fd\u5728\u6253\u9020\u548c\u53d1\u5c55\u4e4c\u514b\u5170\u519b\u961f\uff0c\u4ed6\u4eec\u5bf9\u4e4c\u519b\u8fdb\u884c\u4e86\u8ba4\u771f\u7684\u57f9\u8bad\u3002", "events": [{"trigger": {"text": "\u6253\u9020\u548c\u53d1\u5c55", "offset": 18, "length": 5}, "subject": {"text": "\u7f8e\u56fd\u548c\u5317\u7ea6", "offset": 11, "length": 5}, "object": {"text": "\u4e4c\u514b\u5170\u519b\u961f", "offset": 23, "length": 5}}], "arguments": {"time": [], "loc": [], "country": [{"text": "\u7f8e\u56fd", "offset": 11, "length": 2}, {"text": "\u5317\u7ea6", "offset": 14, "length": 2}, {"text": "\u4e4c\u514b\u5170", "offset": 23, "length": 3}], "weapon": []}}, {"sentence": "\u4ed6\u660e\u786e\u6307\u51fa\uff0c\u6240\u6709\u8fd9\u4e00\u5207\u90fd\u662f\u7f8e\u56fd\u9488\u5bf9\u4fc4\u7f57\u65af\u7684\u201c\u7279\u6d1b\u4f0a\u6728\u9a6c\u201d\u6218\u7565\u7684\u4e00\u90e8\u5206\uff0c\u57fa\u8f85\u7684\u6218\u4e89\u8a00\u8bba\u6b63\u53cd\u6620\u51fa\u5317\u7ea6\u7684\u53cd\u4fc4\u60c5\u7eea\u3002", "events": [], "arguments": {"time": [], "loc": [], "country": [{"text": "\u7f8e\u56fd", "offset": 13, "length": 2}, {"text": "\u4fc4\u7f57\u65af", "offset": 17, "length": 3}, {"text": "\u5317\u7ea6", "offset": 46, "length": 2}], "weapon": []}}, {"sentence": "\u79d1\u52aa\u6258\u592b\u8865\u5145\u79f0\uff0c\u6253\u7740\u88c5\u5907\u201c\u9632\u5fa1\u6027\u6b66\u5668\u201d\u7684\u5e4c\u5b50\uff0c\u4e4c\u514b\u5170\u5f97\u5230\u5374\u90fd\u662f\u8fdb\u653b\u6027\u6b66\u5668\uff0c\u800c\u82cf\u8054\u65f6\u7684\u6b66\u5668\u90fd\u5728\u9646\u7eed\u9000\u51fa\u73b0\u5f79\u3002", "events": [], "arguments": {"time": [], "loc": [], "country": [{"text": "\u4e4c\u514b\u5170", "offset": 23, "length": 3}, {"text": "\u82cf\u8054", "offset": 38, "length": 2}], "weapon": []}}, {"sentence": "\u6b64\u5916\uff0c\u7f8e\u56fd\u987e\u95ee\u4e00\u76f4\u548c\u4e4c\u514b\u5170\u519b\u961f\u4e00\u8d77\u5de5\u4f5c\uff0c\u6700\u8fd1\u82f1\u56fd\u987e\u95ee\u4e5f\u52a0\u5165\u8fdb\u6765\u3002", "events": [], "arguments": {"time": [], "loc": [], "country": [{"text": "\u7f8e\u56fd", "offset": 3, "length": 2}, {"text": "\u4e4c\u514b\u5170", "offset": 10, "length": 3}, {"text": "\u82f1\u56fd", "offset": 22, "length": 2}], "weapon": []}}, {"sentence": "\u79d1\u52aa\u6258\u592b\u8ba4\u4e3a\uff0c\u8fd1\u5e74\u6765\u4e4c\u519b\u5b9e\u9645\u4e0a\u5df2\u5728\u5317\u7ea6\u7684\u63a7\u5236\u4e4b\u4e0b\u3002", "events": [], "arguments": {"time": [], "loc": [], "country": [{"text": "\u5317\u7ea6", "offset": 17, "length": 2}], "weapon": []}}]