[{"sentence": "\u4fc4\u5c06\u5347\u7ea7\u7248\u7c73\u683c31\u6218\u673a\u90e8\u7f72\u81f3\u52d8\u5bdf\u52a0\u00a0\u8fdc\u4e1c\u9632\u5fa1\u5b9e\u529b\u5927\u589e", "events": [{"trigger": {"text": "\u90e8\u7f72\u81f3", "offset": 11, "length": 3}, "subject": {"text": "\u4fc4\u5c06\u5347\u7ea7\u7248\u7c73\u683c31\u6218\u673a", "offset": 0, "length": 11}, "object": {"text": "\u52d8\u5bdf\u52a0", "offset": 14, "length": 3}}], "arguments": {"time": [], "loc": [{"text": "\u52d8\u5bdf\u52a0", "offset": 14, "length": 3}, {"text": "\u8fdc\u4e1c", "offset": 18, "length": 2}], "country": [{"text": "\u4fc4", "offset": 0, "length": 1}], "weapon": [{"text": "\u5347\u7ea7\u7248\u7c73\u683c31\u6218\u673a", "offset": 2, "length": 9}, {"text": "\u7c73\u683c31\u6218\u673a", "offset": 5, "length": 6}]}}, {"sentence": "\u3010\u73af\u7403\u7f51\u519b\u4e8b\u62a5\u9053\u3011", "events": [], "arguments": {"time": [], "loc": [], "country": [], "weapon": []}}, {"sentence": "\u636e\u4fc4\u7f57\u65af\u536b\u661f\u901a\u8baf\u793e7\u67083\u65e5\u62a5\u9053\uff0c\u4fc4\u56fd\u9632\u90e8\u6d88\u606f\u4eba\u58eb\u5411\u300a\u6d88\u606f\u62a5\u300b\u8868\u793a\uff0c\u76f8\u5173\u90e8\u95e8\u5df2\u51b3\u5b9a\u5728\u582a\u5bdf\u52a0\u90e8\u7f72\u4e00\u4e2a\u7c73\u683c-31\u5927\u961f\u3002", "events": [], "arguments": {"time": [{"text": "7\u67083\u65e5", "offset": 9, "length": 4}], "loc": [{"text": "\u582a\u5bdf\u52a0", "offset": 41, "length": 3}], "country": [{"text": "\u4fc4\u7f57\u65af", "offset": 1, "length": 3}], "weapon": [{"text": "\u7c73\u683c-31", "offset": 48, "length": 5}]}}, {"sentence": "\u7c73\u683c-31\u5c06\u5728\u5347\u7ea7\u540e\u5165\u5f79\u592a\u5e73\u6d0b\u8230\u961f\u7b2c317\u6df7\u5408\u822a\u7a7a\u56e2\uff0c\u8be5\u56e2\u9a7b\u624e\u4e8e\u582a\u5bdf\u52a0\u5730\u533a\u5f7c\u5f97\u7f57\u5df4\u752b\u6d1b\u592b\u65af\u514b\u7684\u57c3\u5229\u4f50\u6c83\u673a\u573a\u3002", "events": [], "arguments": {"time": [], "loc": [{"text": "\u582a\u5bdf\u52a0\u5730\u533a", "offset": 32, "length": 5}, {"text": "\u592a\u5e73\u6d0b", "offset": 12, "length": 3}, {"text": "\u582a\u5bdf\u52a0\u5730\u533a\u5f7c\u5f97\u7f57\u5df4\u752b\u6d1b\u592b\u65af\u514b\u7684\u57c3\u5229\u4f50\u6c83\u673a\u573a", "offset": 32, "length": 21}], "country": [], "weapon": [{"text": "\u7c73\u683c-31", "offset": 0, "length": 5}]}}, {"sentence": "\u4eca\u5e745\u6708\uff0c\u592a\u5e73\u6d0b\u8230\u961f\u53f8\u4ee4\u8c22\u5c14\u76d6\u00b7\u963f\u74e6\u57fa\u626c\u8328\u79f0\uff0c\u6d77\u519b\u822a\u7a7a\u5175\u7684\u7c73\u683c-31\u6218\u6597\u673a\u6b63\u5728\u8be5\u5730\u533a\u7528\u65b0\u6280\u672f\u8fdb\u884c\u8bad\u7ec3\u3002", "events": [], "arguments": {"time": [{"text": "\u4eca\u5e745\u6708", "offset": 0, "length": 4}], "loc": [{"text": "\u592a\u5e73\u6d0b", "offset": 5, "length": 3}], "country": [], "weapon": [{"text": "\u7c73\u683c-31\u6218\u6597\u673a", "offset": 29, "length": 8}]}}, {"sentence": "\u4f8b\u5982\uff0c\u7c73\u683c-31\u6210\u529f\u62e6\u622a\u4e00\u679a\u56fe-95MS\u8f70\u70b8\u673a\u53d1\u5c04\u7684\u5de1\u822a\u5bfc\u5f39\uff0c\u8fd8\u6709\u51e0\u67b6\u7c73\u683c-31\u51fb\u843d\u4e00\u679a\u5728\u6781\u4f4e\u9ad8\u5ea6\u98de\u884c\u7684\u201c\u767d\u86c9\u201d\u8d85\u97f3\u901f\u53cd\u8230\u5bfc\u5f39\u3002", "events": [], "arguments": {"time": [], "loc": [], "country": [], "weapon": [{"text": "\u56fe-95MS\u8f70\u70b8\u673a", "offset": 14, "length": 9}, {"text": "\u201c\u767d\u86c9\u201d\u8d85\u97f3\u901f\u53cd\u8230\u5bfc\u5f39", "offset": 52, "length": 11}, {"text": "\u5de1\u822a\u5bfc\u5f39", "offset": 26, "length": 4}, {"text": "\u7c73\u683c-31", "offset": 35, "length": 5}]}}, {"sentence": "\u4fc4\u7f57\u65af\u519b\u4e8b\u5386\u53f2\u5b66\u5bb6\u5fb7\u7c73\u7279\u91cc\u00b7\u535a\u5c14\u575a\u79d1\u592b\u6307\u51fa\uff0c\u90e8\u7f72\u5728\u52d8\u5bdf\u52a0\u534a\u5c9b\u7684\u98de\u673a\u98de\u884c\u8303\u56f4\u5c06\u8986\u76d6\u4fc4\u7f57\u65af\u5927\u90e8\u5206\u56fd\u571f\u3002", "events": [], "arguments": {"time": [], "loc": [{"text": "\u52d8\u5bdf\u52a0\u534a\u5c9b", "offset": 25, "length": 5}], "country": [{"text": "\u4fc4\u7f57\u65af", "offset": 40, "length": 3}, {"text": "\u4fc4\u7f57\u65af", "offset": 0, "length": 3}], "weapon": [{"text": "\u98de\u673a", "offset": 31, "length": 2}]}}, {"sentence": "\u4ed6\u5411\u300a\u6d88\u606f\u62a5\u300b\u8868\u793a\uff1a\u201c\u51ed\u501f\u5c04\u7a0b\u548c\u98de\u884c\u901f\u5ea6\uff0c\u7c73\u683c-31\u62e6\u622a\u673a\u53ef\u63a7\u5236\u4ece\u5317\u6781\u5230\u4fc4\u7f57\u65af\u4e1c\u5357\u8fb9\u5883\u7684\u7a7a\u57df\u3002", "events": [{"trigger": {"text": "\u53ef\u63a7\u5236", "offset": 29, "length": 3}, "subject": {"text": "\u7c73\u683c-31\u62e6\u622a\u673a", "offset": 21, "length": 8}, "object": {"text": "\u4ece\u5317\u6781\u5230\u4fc4\u7f57\u65af\u4e1c\u5357\u8fb9\u5883\u7684\u7a7a\u57df", "offset": 32, "length": 14}}], "arguments": {"time": [], "loc": [{"text": "\u5317\u6781", "offset": 33, "length": 2}, {"text": "\u4fc4\u7f57\u65af\u4e1c\u5357\u8fb9\u5883", "offset": 36, "length": 7}], "country": [], "weapon": [{"text": "\u7c73\u683c-31\u62e6\u622a\u673a", "offset": 21, "length": 8}]}}, {"sentence": "\u8fd9\u4e9b\u98de\u673a\u53ef\u5b8c\u6210\u5728\u592a\u5e73\u6d0b\u4e0a\u7a7a\u4f34\u98de\u8f70\u70b8\u673a\u3001\u62e6\u622a\u654c\u65b9\u98de\u673a\u548c\u5de1\u822a\u5bfc\u5f39\u7b49\u4efb\u52a1\u3002", "events": [], "arguments": {"time": [], "loc": [{"text": "\u592a\u5e73\u6d0b\u4e0a\u7a7a", "offset": 8, "length": 5}], "country": [], "weapon": [{"text": "\u8f70\u70b8\u673a", "offset": 15, "length": 3}, {"text": "\u98de\u673a", "offset": 23, "length": 2}, {"text": "\u5de1\u822a\u5bfc\u5f39", "offset": 26, "length": 4}]}}, {"sentence": "\u201d", "events": [], "arguments": {"time": [], "loc": [], "country": [], "weapon": []}}, {"sentence": "\u535a\u5c14\u575a\u79d1\u592b\u79f0\uff0c\u8fd1\u5e74\u6765\u582a\u5bdf\u52a0\u9632\u5fa1\u5927\u5927\u52a0\u5f3a\uff0c\u8fd9\u4e2a\u8fb9\u8fdc\u5730\u533a\u5177\u6709\u5de8\u5927\u6218\u7565\u610f\u4e49\u3002", "events": [], "arguments": {"time": [], "loc": [], "country": [], "weapon": []}}, {"sentence": "\u4fc4\u7f57\u65af\u5728\u582a\u5bdf\u52a0\u9a7b\u6709\u6d77\u519b\u9646\u6218\u961f\u3001\u6cbf\u6d77\u5bfc\u5f39\u90e8\u961f\u3001\u6f5c\u8247\u90e8\u961f\uff0c\u7c73\u683c-31\u5c06\u4e3a\u6240\u6709\u90e8\u961f\u63d0\u4f9b\u7a7a\u4e2d\u63a9\u62a4\u3002", "events": [], "arguments": {"time": [], "loc": [{"text": "\u582a\u5bdf\u52a0", "offset": 4, "length": 3}], "country": [{"text": "\u4fc4\u7f57\u65af", "offset": 0, "length": 3}], "weapon": [{"text": "\u7c73\u683c-31", "offset": 27, "length": 5}]}}, {"sentence": "\u5347\u7ea7\u540e\u7684\u7c73\u683c-31BM\u5177\u5907\u5168\u5957\u66f4\u65b0\u7684\u7535\u5b50\u8bbe\u5907\u548c\u5148\u8fdb\u96f7\u8fbe\uff0c\u7a7a\u4e2d\u76ee\u6807\u63a2\u6d4b\u8303\u56f4\u589e\u52a0\u5230320\u516c\u91cc\uff0c\u80fd\u5728280\u516c\u91cc\u8ddd\u79bb\u4e4b\u5185\u51fb\u4e2d\u76ee\u6807\u3002", "events": [], "arguments": {"time": [], "loc": [], "country": [], "weapon": [{"text": "\u7c73\u683c-31BM", "offset": 4, "length": 7}]}}, {"sentence": "\u76ee\u524d\uff0c\u7c73\u683c-31BM\u662f\u4fc4\u7f57\u65af\u7a7a\u5929\u519b\u552f\u4e00\u80fd\u591f\u914d\u5907\u5982\u6b64\u8fdc\u5c04\u7a0b\u7a7a\u7a7a\u5bfc\u5f39\u7684\u98de\u673a\u3002", "events": [], "arguments": {"time": [], "loc": [], "country": [{"text": "\u4fc4\u7f57\u65af", "offset": 11, "length": 3}], "weapon": [{"text": "\u7c73\u683c-31BM", "offset": 3, "length": 7}]}}, {"sentence": "\u636e\u300a\u6d88\u606f\u62a5\u300b\u6b64\u524d\u62a5\u9053\uff0c\u4fc4\u7f57\u65af\u6b63\u5728\u4e3a\u7c73\u683c-31\u7814\u53d1\u66f4\u8fdc\u7a0b\u7684\u5f39\u836f\uff0c\u4f7f\u5b83\u80fd\u591f\u62e6\u622a\u5305\u62ec\u8d85\u97f3\u901f\u76ee\u6807\u5728\u5185\u7684\u6240\u6709\u76ee\u6807\u3002", "events": [], "arguments": {"time": [], "loc": [], "country": [{"text": "\u4fc4\u7f57\u65af", "offset": 11, "length": 3}], "weapon": [{"text": "\u7c73\u683c-31", "offset": 17, "length": 5}]}}, {"sentence": "\u8bd5\u98de\u5458\u4f0a\u6208\u5c14\u00b7\u9a6c\u91cc\u79d1\u592b\u5411\u300a\u6d88\u606f\u62a5\u300b\u8868\u793a\uff0c\u7c73\u683c-31\u5728\u52d8\u5bdf\u52a0\u5730\u533a\u7684\u4e3b\u8981\u7528\u9014\u662f\u9a71\u79bb\u654c\u65b9\u98de\u673a\uff0c\u5b83\u5e94\u5bf9\u7a7a\u4e2d\u76ee\u6807\u975e\u5e38\u6709\u6548\u3002", "events": [], "arguments": {"time": [], "loc": [{"text": "\u52d8\u5bdf\u52a0\u5730\u533a", "offset": 26, "length": 5}], "country": [], "weapon": [{"text": "\u7c73\u683c-31", "offset": 20, "length": 5}]}}, {"sentence": "\u201c\u6211\u4ece\u7c73\u683c-31\u4e0a\u53d1\u5c04\u8fc7\u5f88\u591a\u5bfc\u5f39\uff0c\u53ef\u4ee5\u8bf4\uff0c\u5f39\u65e0\u865a\u53d1\u3002", "events": [], "arguments": {"time": [], "loc": [], "country": [], "weapon": [{"text": "\u7c73\u683c-31", "offset": 3, "length": 5}, {"text": "\u5bfc\u5f39", "offset": 14, "length": 2}]}}, {"sentence": "\u5f39\u836f\u975e\u5e38\u5f3a\u5927\uff0c\u80fd\u5c06\u76ee\u6807\u6253\u4e2a\u7c89\u788e\uff0c\u4fa6\u5bdf\u673a\u548c\u5176\u4ed6\u98de\u884c\u5668\u90fd\u96be\u4ee5\u9003\u8131\u3002", "events": [], "arguments": {"time": [], "loc": [], "country": [], "weapon": [{"text": "\u4fa6\u5bdf\u673a", "offset": 16, "length": 3}, {"text": "\u98de\u884c\u5668", "offset": 22, "length": 3}]}}, {"sentence": "\u201d\u4ed6\u8bf4\u3002", "events": [], "arguments": {"time": [], "loc": [], "country": [], "weapon": []}}, {"sentence": "\u6539\u9020\u5347\u7ea760\u67b6\u7c73\u683c-31BM\u62e6\u622a\u673a\u7684\u5408\u540c\u4e8e2011\u5e74\u590f\u5929\u7b7e\u8ba2\u3002", "events": [], "arguments": {"time": [{"text": "2011\u5e74\u590f\u5929", "offset": 21, "length": 7}], "loc": [], "country": [], "weapon": [{"text": "\u7c73\u683c-31BM\u62e6\u622a\u673a", "offset": 7, "length": 10}]}}, {"sentence": "2014\u5e74\u79cb\u5929\uff0c\u53c8\u7b7e\u8ba2\u4e86\u53e6\u4e00\u627954\u67b6\u98de\u673a\u7684\u5408\u540c\u3002", "events": [], "arguments": {"time": [{"text": "2014\u5e74\u79cb\u5929", "offset": 0, "length": 7}], "loc": [], "country": [], "weapon": [{"text": "\u98de\u673a", "offset": 18, "length": 2}]}}, {"sentence": "\u636e\u5f00\u53d1\u4eba\u5458\u4f30\u8ba1\uff0c\u5347\u7ea7\u7248\u7684\u7c73\u683c-31\u6218\u6597\u529b\u5c06\u6bd4\u57fa\u672c\u578b\u53f7\u589e\u52a01.6\u500d\u3002", "events": [], "arguments": {"time": [], "loc": [], "country": [], "weapon": [{"text": "\u7c73\u683c-31", "offset": 12, "length": 5}]}}, {"sentence": "\u4fc4\u7f57\u65af\u6b64\u524d\u5df2\u5728\u7c73\u683c-31BM\u62e6\u622a\u673a\u57fa\u7840\u4e0a\u5f00\u53d1\u4e00\u4e2a\u53cd\u536b\u661f\u7cfb\u7edf\u9879\u76ee\u548c\u4e00\u4e2a\u5411\u5730\u7403\u8f68\u9053\u53d1\u5c04\u5c0f\u578b\u822a\u5929\u5668\u7684\u201c\u98de\u884c\u822a\u5929\u53d1\u5c04\u573a\u201c\u9879\u76ee\u3002", "events": [], "arguments": {"time": [], "loc": [], "country": [{"text": "\u4fc4\u7f57\u65af", "offset": 0, "length": 3}], "weapon": [{"text": "\u7c73\u683c-31BM\u62e6\u622a\u673a", "offset": 7, "length": 10}]}}, {"sentence": "\u7c73\u683c-31\u6218\u6597\u673a\u51ed\u501f\u72ec\u7279\u6027\u80fd\u5c06\u80fd\u914d\u5907\u6700\u65b0\u6b66\u5668\uff0c2018\u5e74\uff0c\u4fc4\u7f57\u65af\u5c55\u51fa\u4e86\u914d\u5907\u201c\u5315\u9996\u201d\u9ad8\u8d85\u97f3\u901f\u5bfc\u5f39\u7684\u7c73\u683c-31K\uff0c\u8fd9\u6b3e\u98de\u673a\u53ef\u6253\u51fb\u8ddd\u79bb\u4e00\u5343\u516c\u91cc\u4ee5\u4e0a\u7684\u76ee\u6807\u3002", "events": [], "arguments": {"time": [{"text": "2018\u5e74", "offset": 23, "length": 5}], "loc": [], "country": [{"text": "\u4fc4\u7f57\u65af", "offset": 29, "length": 3}], "weapon": [{"text": "\u7c73\u683c-31\u6218\u6597\u673a", "offset": 0, "length": 8}, {"text": "\u7c73\u683c-31K", "offset": 48, "length": 6}]}}]