[{"sentence": "\u6fb3\u5927\u5229\u4e9a\u6269\u5f20\u519b\u529b\u88ab\u6307\u9488\u5bf9\u4e2d\u56fd\u00a0\u4e13\u5bb6\uff1a\u53ea\u80fd\u5f53\u7f8e\u56fd\u201c\u5c0f\u8ddf\u73ed\u201d", "events": [], "arguments": {"time": [], "loc": [], "country": [{"text": "\u6fb3\u5927\u5229\u4e9a", "offset": 0, "length": 4}, {"text": "\u4e2d\u56fd", "offset": 12, "length": 2}, {"text": "\u7f8e\u56fd", "offset": 21, "length": 2}], "weapon": []}}, {"sentence": "\u3010\u73af\u7403\u65f6\u62a5\u7279\u7ea6\u8bb0\u8005 \u5f20\u4ea6\u9a70 \u73af\u7403\u65f6\u62a5\u8bb0\u8005 \u5218\u714a\u5c0a\u3011", "events": [], "arguments": {"time": [], "loc": [], "country": [], "weapon": []}}, {"sentence": "\u6fb3\u5927\u5229\u4e9a\u56fd\u9632\u90e81\u65e5\u516c\u5e03\u4e86\u300a2020\u5e74\u56fd\u9632\u6218\u7565\u4fee\u8ba2\u300b\u548c\u300a2020\u5e74\u90e8\u961f\u7ed3\u6784\u8ba1\u5212\u300b\u4e24\u4efd\u51b3\u5b9a\u8be5\u56fd\u672a\u6765\u56fd\u9632\u6218\u7565\u8d70\u5411\u548c\u519b\u961f\u53d1\u5c55\u65b9\u5411\u7684\u91cd\u91cf\u7ea7\u6587\u4ef6\u3002", "events": [{"trigger": {"text": "\u516c\u5e03\u4e86", "offset": 9, "length": 3}, "subject": {"text": "\u6fb3\u5927\u5229\u4e9a\u56fd\u9632\u90e81\u65e5", "offset": 0, "length": 9}, "object": {"text": "\u300a2020\u5e74\u56fd\u9632\u6218\u7565\u4fee\u8ba2\u300b\u548c\u300a2020\u5e74\u90e8\u961f\u7ed3\u6784\u8ba1\u5212\u300b\u4e24\u4efd\u51b3\u5b9a\u8be5\u56fd\u672a\u6765\u56fd\u9632\u6218\u7565\u8d70\u5411\u548c\u519b\u961f\u53d1\u5c55\u65b9\u5411\u7684\u91cd\u91cf\u7ea7\u6587\u4ef6", "offset": 12, "length": 54}}], "arguments": {"time": [{"text": "1\u65e5", "offset": 7, "length": 2}], "loc": [], "country": [{"text": "\u6fb3\u5927\u5229\u4e9a", "offset": 0, "length": 4}], "weapon": []}}, {"sentence": "\u6839\u636e\u8fd9\u4e24\u4efd\u6587\u4ef6\uff0c\u672a\u676510\u5e74\u5185\u6fb3\u5927\u5229\u4e9a\u5c06\u6295\u5165\u5de8\u8d44\u8fdb\u884c\u5927\u89c4\u6a21\u7684\u88c5\u5907\u7814\u53d1\u548c\u91c7\u8d2d\u3002", "events": [{"trigger": {"text": "\u8fdb\u884c", "offset": 23, "length": 2}, "subject": {"text": "\u672a\u676510\u5e74\u5185\u6fb3\u5927\u5229\u4e9a\u5c06\u6295\u5165\u5de8\u8d44", "offset": 8, "length": 15}, "object": {"text": "\u5927\u89c4\u6a21\u7684\u88c5\u5907\u7814\u53d1\u548c\u91c7\u8d2d", "offset": 25, "length": 11}}], "arguments": {"time": [], "loc": [], "country": [{"text": "\u6fb3\u5927\u5229\u4e9a", "offset": 14, "length": 4}], "weapon": []}}, {"sentence": "\u8fd9\u5176\u4e2d\u5305\u62ec\u5927\u91cf\u7528\u4e8e\u8fdb\u653b\u6027\u4f5c\u6218\u7684\u8fdc\u7a0b\u6b66\u5668\u88c5\u5907\uff0c\u800c\u8fd9\u88ab\u4e0d\u5c11\u897f\u65b9\u5a92\u4f53\u89e3\u8bfb\u4e3a\u201c\u9488\u5bf9\u4e2d\u56fd\u201d\u3002", "events": [], "arguments": {"time": [], "loc": [], "country": [{"text": "\u4e2d\u56fd", "offset": 37, "length": 2}], "weapon": []}}, {"sentence": "\u4e2d\u56fd\u4e13\u5bb6\u8868\u793a\uff0c\u4e2d\u56fd\u65e0\u610f\u5728\u519b\u4e8b\u4e0a\u4e3b\u52a8\u6311\u6218\u6fb3\u5927\u5229\u4e9a\uff0c\u4f46\u4e5f\u4e0d\u60e7\u6fb3\u5927\u5229\u4e9a\u7684\u6311\u6218\u3002", "events": [], "arguments": {"time": [], "loc": [], "country": [{"text": "\u4e2d\u56fd", "offset": 0, "length": 2}, {"text": "\u4e2d\u56fd", "offset": 7, "length": 2}, {"text": "\u6fb3\u5927\u5229\u4e9a", "offset": 19, "length": 4}, {"text": "\u6fb3\u5927\u5229\u4e9a", "offset": 28, "length": 4}], "weapon": []}}, {"sentence": "\u8d852000\u4ebf\u6fb3\u5143\u5927\u4e3e\u91c7\u8d2d", "events": [], "arguments": {"time": [], "loc": [], "country": [], "weapon": []}}, {"sentence": "\u6839\u636e\u300a2020\u5e74\u90e8\u961f\u7ed3\u6784\u8ba1\u5212\u300b\uff0c\u6fb3\u5927\u5229\u4e9a\u672a\u676510\u5e74\u5c06\u6295\u5165\u8d85\u8fc72000\u4ebf\u6fb3\u5143\u8fdb\u884c\u519b\u4e8b\u91c7\u8d2d\u548c\u7814\u53d1\uff0c\u6db5\u76d6\u4e86\u9646\u3001\u6d77\u3001\u7a7a\u3001\u5929\u3001\u7f51\uff0c\u800c\u4e14\u88c5\u5907\u7684\u8fdb\u653b\u6027\u5f88\u660e\u663e\u3002", "events": [{"trigger": {"text": "\u6295\u5165", "offset": 26, "length": 2}, "subject": {"text": "\u6fb3\u5927\u5229\u4e9a\u672a\u676510\u5e74\u5c06", "offset": 16, "length": 10}, "object": {"text": "\u8d85\u8fc72000\u4ebf\u6fb3\u5143\u8fdb\u884c\u519b\u4e8b\u91c7\u8d2d\u548c\u7814\u53d1", "offset": 28, "length": 18}}], "arguments": {"time": [], "loc": [], "country": [{"text": "\u6fb3\u5927\u5229\u4e9a", "offset": 16, "length": 4}], "weapon": []}}, {"sentence": "\u62a5\u544a\u79f0\uff0c\u6d77\u4e0a\u88c5\u5907\u7684\u53d1\u5c55\u548c\u91c7\u8d2d\u662f\u6fb3\u5927\u5229\u4e9a\u672a\u6765\u7684\u91cd\u70b9\uff0c\u6295\u8d44\u9884\u8ba1\u9ad8\u8fbe750\u4ebf\u6fb3\u5143\u3002", "events": [], "arguments": {"time": [], "loc": [{"text": "\u6d77\u4e0a", "offset": 4, "length": 2}], "country": [{"text": "\u6fb3\u5927\u5229\u4e9a", "offset": 15, "length": 4}], "weapon": []}}, {"sentence": "\u5176\u4e2d\u5305\u62ec\u7ee7\u7eed\u91c7\u8d2d\u201c\u730e\u4eba\u201d\u7ea7\u62a4\u536b\u8230\u3001\u5148\u8fdb\u7684\u6d77\u4e0a\u6253\u51fb\u6b66\u5668\u548c\u9762\u5bf9\u7a7a\u5bfc\u5f39\u4ee5\u53ca\u65e0\u4eba\u822a\u7a7a\u7cfb\u7edf\u3002", "events": [], "arguments": {"time": [], "loc": [{"text": "\u6d77\u4e0a", "offset": 20, "length": 2}], "country": [], "weapon": [{"text": "\u201c\u730e\u4eba\u201d\u7ea7\u62a4\u536b\u8230", "offset": 8, "length": 8}, {"text": "\u6d77\u4e0a\u6253\u51fb\u6b66\u5668", "offset": 20, "length": 6}, {"text": "\u9762\u5bf9\u7a7a\u5bfc\u5f39", "offset": 27, "length": 5}, {"text": "\u65e0\u4eba\u822a\u7a7a\u7cfb\u7edf", "offset": 34, "length": 6}]}}, {"sentence": "\u65b0\u7684\u6295\u8d44\u5305\u62ec\u7cbe\u786e\u6253\u51fb\u3001\u652f\u63f4\u76f4\u5347\u673a\u673a\u7fa4\uff0c\u4ee5\u53ca\u4e3a\u201c\u970d\u5df4\u7279\u201d\u7ea7\u5b99\u65af\u76fe\u9a71\u9010\u8230\u66f4\u65b0\u6362\u4ee3\u3002", "events": [], "arguments": {"time": [], "loc": [], "country": [], "weapon": [{"text": "\u201c\u970d\u5df4\u7279\u201d\u7ea7\u5b99\u65af\u76fe\u9a71\u9010\u8230", "offset": 22, "length": 12}, {"text": "\u76f4\u5347\u673a", "offset": 13, "length": 3}]}}, {"sentence": "\u6c34\u4e0b\u529b\u91cf\u65b9\u9762\uff0c\u5c06\u91c7\u8d2d12\u8258\u201c\u653b\u51fb\u201d\u7ea7\u6f5c\u8247\uff0c\u5e76\u5347\u7ea7\u201c\u79d1\u6797\u65af\u201d\u7ea7\u6f5c\u8247\u3002", "events": [], "arguments": {"time": [], "loc": [], "country": [], "weapon": [{"text": "\u201c\u79d1\u6797\u65af\u201d\u7ea7\u6f5c\u8247", "offset": 24, "length": 8}, {"text": "\u201c\u653b\u51fb\u201d\u7ea7\u6f5c\u8247", "offset": 13, "length": 7}]}}, {"sentence": "\u53d1\u5c55\u65b0\u7684\u6c34\u4e0b\u7efc\u5408\u76d1\u89c6\u7cfb\u7edf\uff0c\u63d0\u9ad8\u6fb3\u5927\u5229\u4e9a\u7684\u6c34\u4e0b\u6001\u52bf\u611f\u77e5\u80fd\u529b\u3002", "events": [], "arguments": {"time": [], "loc": [], "country": [{"text": "\u6fb3\u5927\u5229\u4e9a", "offset": 15, "length": 4}], "weapon": []}}, {"sentence": "\u7ee7\u7eed\u6295\u8d44\u8d2d\u4e7012\u8258\u201c\u963f\u62c9\u5f17\u62c9\u201d\u7ea7\u79bb\u5cb8\u5de1\u903b\u8230\u3001\u5148\u8fdb\u6c34\u96f7\u30016\u8258\u65b0\u578b\u201c\u6d77\u89d2\u201d\u7ea7\u5de1\u903b\u8247\u548c\u6700\u591a8\u8258\u53cd\u6c34\u96f7\u6218\u548c\u6c34\u6587\u8c03\u67e5\u8230\u8247\u3002", "events": [], "arguments": {"time": [], "loc": [], "country": [], "weapon": [{"text": "\u201c\u963f\u62c9\u5f17\u62c9\u201d\u7ea7\u79bb\u5cb8\u5de1\u903b\u8230", "offset": 9, "length": 12}, {"text": "\u201c\u6d77\u89d2\u201d\u7ea7\u5de1\u903b\u8247", "offset": 31, "length": 8}, {"text": "\u5148\u8fdb\u6c34\u96f7", "offset": 22, "length": 4}, {"text": "\u65b0\u578b\u201c\u6d77\u89d2\u201d\u7ea7\u5de1\u903b\u8247", "offset": 29, "length": 10}, {"text": "\u53cd\u6c34\u96f7\u6218", "offset": 44, "length": 4}, {"text": "\u6c34\u6587\u8c03\u67e5\u8230\u8247", "offset": 49, "length": 6}]}}, {"sentence": "\u7ee7\u7eed\u91c7\u8d2d\u4e24\u8258\u201c\u4f9b\u5e94\u201d\u7ea7\u8865\u7ed9\u8230\uff0c\u5347\u7ea7\u6d77\u519b\u7684\u4e24\u6816\u6218\u8230\u3002", "events": [], "arguments": {"time": [], "loc": [], "country": [], "weapon": [{"text": "\u201c\u4f9b\u5e94\u201d\u7ea7\u8865\u7ed9\u8230", "offset": 6, "length": 8}, {"text": "\u4e24\u6816\u6218\u8230", "offset": 20, "length": 4}]}}, {"sentence": "\u65b0\u8d2d\u4e24\u8258\u591a\u4efb\u52a1\u6d77\u8fd0\u548c\u8865\u7ed9\u8239\u3002", "events": [], "arguments": {"time": [], "loc": [], "country": [], "weapon": [{"text": "\u591a\u4efb\u52a1\u6d77\u8fd0\u548c\u8865\u7ed9\u8239", "offset": 4, "length": 9}]}}, {"sentence": "\u6b64\u5916\uff0c\u5728\u6d77\u4e0aC4ISR\u548c\u7535\u5b50\u6218\u7cfb\u7edf\u65b9\u9762\uff0c\u6301\u7eed\u5b9e\u65bd\u73b0\u4ee3\u5316\uff0c\u7ee7\u7eed\u66f4\u65b0Nulka\u5bfc\u5f39\u8bf1\u9975\uff0c\u5e76\u5728\u536b\u661f\u901a\u4fe1\u3001\u5148\u8fdb\u7684\u7f51\u7edc\u548c\u58f0\u5b66\u5206\u6790\u65b9\u9762\u6295\u8d44\u3002", "events": [], "arguments": {"time": [], "loc": [{"text": "\u6d77\u4e0a", "offset": 4, "length": 2}], "country": [], "weapon": [{"text": "Nulka\u5bfc\u5f39", "offset": 32, "length": 7}]}}, {"sentence": "\u6fb3\u7a7a\u519b\u9886\u57df\u7684\u6295\u5165\u7d27\u968f\u5176\u540e\uff0c\u9ad8\u8fbe650\u4ebf\u6fb3\u5143\u3002", "events": [], "arguments": {"time": [], "loc": [], "country": [{"text": "\u6fb3", "offset": 0, "length": 1}], "weapon": []}}, {"sentence": "\u5176\u4e2d\u5305\u62ec\u7ee7\u7eed\u91c7\u8d2d72\u67b6F-35A\u6218\u6597\u673a\uff0c\u589e\u52a0\u50a8\u5907\u7a7a\u5c04\u5f39\u836f\u3002", "events": [], "arguments": {"time": [], "loc": [], "country": [], "weapon": [{"text": "F-35A\u6218\u6597\u673a", "offset": 11, "length": 8}]}}, {"sentence": "\u5728\u9ad8\u901f\u5bfc\u5f39\u3001\u8fdc\u7a0b\u6253\u51fb\u6b66\u5668\u548c\u65e0\u4eba\u673a\u65b9\u9762\u8fdb\u884c\u6295\u8d44\uff0c\u5305\u62ec\u7a7a\u4e2d\u7f16\u7ec4\u65e0\u4eba\u673a\uff0c\u63d0\u9ad8\u98de\u673a\u81ea\u536b\u80fd\u529b\uff0c\u5728\u9ad8\u901f\u5bfc\u5f39\uff08\u5305\u62ec\u9ad8\u8d85\u97f3\u901f\u5bfc\u5f39\uff09\u9632\u5fa1\u65b9\u9762\u6295\u8d44\u3002", "events": [], "arguments": {"time": [], "loc": [], "country": [], "weapon": [{"text": "\u8fdc\u7a0b\u6253\u51fb\u6b66\u5668", "offset": 6, "length": 6}, {"text": "\u65e0\u4eba\u673a", "offset": 13, "length": 3}, {"text": "\u65e0\u4eba\u673a", "offset": 29, "length": 3}, {"text": "\u9ad8\u901f\u5bfc\u5f39", "offset": 43, "length": 4}, {"text": "\u9ad8\u8d85\u97f3\u901f\u5bfc\u5f39", "offset": 50, "length": 6}]}}, {"sentence": "\u7ee7\u7eed\u91c7\u8d2dMQ-9B\u65e0\u4eba\u673a\u548cMC-55\u7535\u5b50\u6218\u98de\u673a\u3002", "events": [], "arguments": {"time": [], "loc": [], "country": [], "weapon": [{"text": "MQ-9B\u65e0\u4eba\u673a", "offset": 4, "length": 8}, {"text": "MC-55\u7535\u5b50\u6218\u98de\u673a", "offset": 13, "length": 10}]}}, {"sentence": "\u6295\u8d44\u62d3\u5c55\u201c\u91d1\u8fbe\u5229\u4f5c\u6218\u96f7\u8fbe\u7f51\u201d\uff08\u4e00\u79cd\u4ee5\u8d85\u89c6\u8ddd\u96f7\u8fbe\u4e3a\u57fa\u7840\u7684\u8fdc\u7a0b\u63a2\u6d4b\u96f7\u8fbe\u7f51\uff09\uff0c\u91c7\u8d2d\u66f4\u591a\u7684\u8f7d\u4eba\u548c\u65e0\u4eba\u60c5\u62a5\u76d1\u89c6\u4fa6\u5bdf\u98de\u673a\u3002", "events": [], "arguments": {"time": [], "loc": [], "country": [], "weapon": [{"text": "\u65e0\u4eba\u60c5\u62a5\u76d1\u89c6\u4fa6\u5bdf\u98de\u673a", "offset": 44, "length": 10}]}}, {"sentence": "\u7ee7\u7eed\u5bf9\u8fd0\u8f93\u673a\u961f\u8fdb\u884c\u5347\u7ea7\uff0c\u65b0\u7684\u6295\u8d44\u5305\u62ec\u4ee3\u66ffC-130J\u548cKC-30A\u52a0\u6cb9\u673a\u7684\u66f4\u5927\u89c4\u6a21\u673a\u961f\u3002", "events": [], "arguments": {"time": [], "loc": [], "country": [], "weapon": [{"text": "C-130J", "offset": 20, "length": 6}, {"text": "KC-30A\u52a0\u6cb9\u673a", "offset": 27, "length": 9}]}}, {"sentence": "\u7528\u66f4\u5927\u89c4\u6a21\u7684\u9884\u8b66\u673a\u673a\u961f\u66ff\u6362\u548c\u5347\u7ea7E-7A\u7a7a\u4e2d\u9884\u8b66\u673a\uff0c\u5e76\u5728\u53ef\u90e8\u7f72\u7684\u5bfc\u5f39\u9632\u5fa1\u80fd\u529b\u65b9\u9762\u6295\u8d44\uff0c\u91c7\u8d2dMQ-4C\u65e0\u4eba\u673a\uff0c\u5347\u7ea7P-8A\u6d77\u4e0a\u5de1\u903b\u673a\u3002", "events": [], "arguments": {"time": [], "loc": [], "country": [], "weapon": [{"text": "P-8A\u6d77\u4e0a\u5de1\u903b\u673a", "offset": 56, "length": 9}, {"text": "E-7A\u7a7a\u4e2d\u9884\u8b66\u673a", "offset": 16, "length": 9}, {"text": "MQ-4C\u65e0\u4eba\u673a", "offset": 45, "length": 8}]}}, {"sentence": "\u9646\u5730\u7cfb\u7edf\u65b9\u9762\u5219\u6295\u5165550\u4ebf\u6fb3\u5143\uff0c\u5305\u62ec\u7ee7\u7eed\u91c7\u8d2d\u201c\u62f3\u51fb\u624b\u201d\u6218\u6597\u4fa6\u5bdf\u8f66\uff0c\u5347\u7ea7\u201c\u827e\u5e03\u62c9\u59c6\u65af\u201d\u4e3b\u6218\u5766\u514b\uff0c\u589e\u5f3a\u70ae\u5175\u548c\u6253\u51fb\u80fd\u529b\uff0c\u5305\u62ec\u53d1\u5c55\u65b0\u7684\u53cd\u88c5\u7532\u7cfb\u7edf\uff0c\u4f8b\u5982\u5b9a\u5411\u80fd\u6b66\u5668\u548c\u7075\u5de7\u53cd\u5766\u514b\u96f7\u3002", "events": [], "arguments": {"time": [], "loc": [], "country": [], "weapon": [{"text": "\u201c\u62f3\u51fb\u624b\u201d\u6218\u6597\u4fa6\u5bdf\u8f66", "offset": 22, "length": 10}, {"text": "\u201c\u827e\u5e03\u62c9\u59c6\u65af\u201d\u4e3b\u6218\u5766\u514b", "offset": 35, "length": 11}, {"text": "\u5b9a\u5411\u80fd\u6b66\u5668", "offset": 71, "length": 5}, {"text": "\u7075\u5de7\u53cd\u5766\u514b\u96f7", "offset": 77, "length": 6}]}}, {"sentence": "\u53d1\u5c55\u8fdc\u7a0b\u65cb\u7ffc\u673a\uff0c\u4ee5\u4fbf\u5411\u66f4\u8fdc\u8ddd\u79bb\u6295\u9001\u5175\u529b\u5e76\u5b9e\u65bd\u652f\u63f4\u3002", "events": [], "arguments": {"time": [], "loc": [], "country": [], "weapon": [{"text": "\u8fdc\u7a0b\u65cb\u7ffc\u673a", "offset": 2, "length": 5}]}}, {"sentence": "\u6b64\u5916\u8fd8\u5206\u522b\u5728\u4fe1\u606f\u4e0e\u7f51\u7edc\u9886\u57df\u6295\u5165150\u4ebf\u6fb3\u5143\uff0c\u5728\u822a\u5929\u9886\u57df\u6295\u516570\u4ebf\u6fb3\u5143\u3002", "events": [], "arguments": {"time": [], "loc": [], "country": [], "weapon": []}}, {"sentence": "\u5927\u5e45\u589e\u5f3a\u8fdc\u7a0b\u8fdb\u653b\u80fd\u529b\u60f3\u5e72\u5565", "events": [], "arguments": {"time": [], "loc": [], "country": [], "weapon": []}}, {"sentence": "\u5e94\u8be5\u8bf4\uff0c\u5982\u679c\u4e0a\u8ff0\u519b\u5907\u8ba1\u5212\u5b9e\u65bd\u4e4b\u540e\uff0c\u6fb3\u5927\u5229\u4e9a\u519b\u961f\u5c06\u8fdb\u4e00\u6b65\u5de9\u56fa\u5176\u5728\u5357\u592a\u5e73\u6d0b\u5730\u533a\u519b\u4e8b\u9738\u4e3b\u5730\u4f4d\uff0c\u5176\u519b\u4e8b\u5b9e\u529b\u751a\u81f3\u8981\u8d85\u8fc7\u6b27\u6d32\u7684\u4e00\u4e9b\u4f20\u7edf\u519b\u4e8b\u5f3a\u56fd\u3002", "events": [], "arguments": {"time": [], "loc": [{"text": "\u5357\u592a\u5e73\u6d0b\u5730\u533a", "offset": 31, "length": 6}], "country": [{"text": "\u6fb3\u5927\u5229\u4e9a", "offset": 17, "length": 4}, {"text": "\u6b27\u6d32", "offset": 54, "length": 2}], "weapon": []}}, {"sentence": "\u7279\u522b\u662f\u8fdc\u7a0b\u6253\u51fb\u80fd\u529b\u66f4\u5c06\u5f97\u5230\u6781\u5927\u589e\u52a0\uff0c\u914d\u5957\u4fdd\u969c\u7cfb\u7edf\u4e5f\u4f1a\u5f97\u5230\u5b8c\u5584\uff0c\u8fdc\u8fdc\u8d85\u51fa\u4fdd\u62a4\u6d77\u4e0a\u822a\u7ebf\u7684\u9700\u6c42\u3002", "events": [], "arguments": {"time": [], "loc": [{"text": "\u6d77\u4e0a", "offset": 37, "length": 2}], "country": [], "weapon": []}}, {"sentence": "\u4f8b\u5982\uff0c\u6fb3\u7a7a\u519b\u6b63\u5728\u91c7\u8d2d\u768472\u67b6F-35A\u6218\u6597\u673a\uff0c\u6bd4\u6b27\u6d32\u7684\u4efb\u4f55\u56fd\u5bb6\u90fd\u591a\u3002", "events": [], "arguments": {"time": [], "loc": [], "country": [{"text": "\u6fb3", "offset": 3, "length": 1}, {"text": "\u6b27\u6d32", "offset": 24, "length": 2}], "weapon": [{"text": "F-35A\u6218\u6597\u673a", "offset": 14, "length": 8}]}}, {"sentence": "\u800c\u4e14\u6fb3\u519b\u8fd8\u51c6\u5907\u6269\u5927\u52a0\u6cb9\u673a\u673a\u961f\uff0c\u8fdb\u4e00\u6b65\u6269\u5927F-35\u653b\u51fb\u8303\u56f4\u3002", "events": [], "arguments": {"time": [], "loc": [], "country": [{"text": "\u6fb3", "offset": 2, "length": 1}], "weapon": [{"text": "\u52a0\u6cb9\u673a", "offset": 9, "length": 3}, {"text": "F-35", "offset": 20, "length": 4}]}}, {"sentence": "\u6f5c\u8247\u672c\u8eab\u5c31\u662f\u8fdb\u653b\u6027\u6b66\u5668\uff0c\u800c\u6fb3\u5927\u5229\u4e9a\u7684\u6f5c\u8247\u76f4\u63a5\u5c31\u53eb\u201c\u8fdb\u653b\u201d\u7ea7\u3002", "events": [], "arguments": {"time": [], "loc": [], "country": [{"text": "\u6fb3\u5927\u5229\u4e9a", "offset": 13, "length": 4}], "weapon": [{"text": "\u6f5c\u8247", "offset": 0, "length": 2}, {"text": "\u6f5c\u8247", "offset": 18, "length": 2}, {"text": "\u201c\u8fdb\u653b\u201d\u7ea7", "offset": 24, "length": 5}]}}, {"sentence": "\u800c\u4e14\u6fb3\u519b\u65b9\u8be5\u578b\u6f5c\u8247\u53ef\u4ee5\u89c6\u4e3a\u4e00\u79cd\u201c\u6838\u6539\u5e38\u201d\u7684\u8d85\u7ea7\u5e38\u89c4\u52a8\u529b\u6f5c\u8247\uff0c\u8bbe\u8ba1\u6e90\u81ea\u201c\u68ad\u9c7c\u201d\u7ea7\u6838\u52a8\u529b\u6f5c\u8247\uff0c\u662f\u4e16\u754c\u4e0a\u76ee\u524d\u6392\u6c34\u91cf\u6700\u5927\u7684\u5e38\u89c4\u52a8\u529b\u6f5c\u8247\uff0c\u6c34\u4e0b\u8fde\u7eed\u822a\u884c\u65f6\u95f4\u548c\u6d77\u4e0a\u81ea\u6301\u529b\u975e\u5e38\u9ad8\uff0c\u7edd\u975e\u7528\u4e8e\u5728\u672c\u56fd\u5468\u8fb9\u6d3b\u52a8\u3002", "events": [], "arguments": {"time": [], "loc": [{"text": "\u6d77\u4e0a", "offset": 73, "length": 2}], "country": [], "weapon": [{"text": "\u201c\u68ad\u9c7c\u201d\u7ea7\u6838\u52a8\u529b\u6f5c\u8247", "offset": 34, "length": 10}]}}, {"sentence": "\u8be5\u578b\u6f5c\u8247\u670d\u5f79\u540e\uff0c\u5357\u6d77\u53ef\u80fd\u6210\u4e3a\u5176\u91cd\u70b9\u6d3b\u52a8\u533a\u57df\u3002", "events": [], "arguments": {"time": [], "loc": [{"text": "\u5357\u6d77", "offset": 8, "length": 2}], "country": [], "weapon": [{"text": "\u6f5c\u8247", "offset": 2, "length": 2}]}}, {"sentence": "\u800c\u6fb3\u65b9\u91c7\u8d2d\u7684\u201c\u730e\u4eba\u201d\u7ea7\u62a4\u536b\u8230\uff0c\u867d\u7136\u53f7\u79f0\u62a4\u536b\u8230\uff0c\u4f46\u6ee1\u8f7d\u6392\u6c34\u91cf\u63a5\u8fd19000\u5428\uff0c\u6218\u529b\u582a\u6bd4\u4e00\u4e9b\u201c\u4e07\u5428\u5927\u9a71\u201d\u3002", "events": [], "arguments": {"time": [], "loc": [], "country": [{"text": "\u6fb3\u65b9", "offset": 1, "length": 2}], "weapon": [{"text": "\u201c\u730e\u4eba\u201d\u7ea7\u62a4\u536b\u8230", "offset": 6, "length": 8}]}}, {"sentence": "\u540c\u65f6\uff0c\u6fb3\u5927\u5229\u4e9a\u8fd8\u6709\u610f\u6295\u8d44\u7a7a\u57fa\u7684\u201c\u9ad8\u901f\u5bfc\u5f39\u201d\uff0c\u5305\u62ec\u9ad8\u8d85\u97f3\u901f\u5bfc\u5f39\u3002", "events": [], "arguments": {"time": [], "loc": [], "country": [{"text": "\u6fb3\u5927\u5229\u4e9a", "offset": 3, "length": 4}], "weapon": [{"text": "\u9ad8\u8d85\u97f3\u901f\u5bfc\u5f39", "offset": 24, "length": 6}]}}, {"sentence": "\u8fd1\u4e9b\u5e74\uff0c\u6fb3\u7f8e\u4e24\u56fd\u5171\u540c\u8fdb\u884c\u4e86\u201c\u7f8e\u56fd-\u6fb3\u5927\u5229\u4e9a\u9ad8\u8d85\u97f3\u901f\u56fd\u9645\u98de\u884c\u7814\u7a76\u5b9e\u9a8c\uff08HiFIRE\uff09\u8ba1\u5212\u201d\uff0c\u867d\u7136\u8fd9\u9879\u8ba1\u5212\u5e76\u4e0d\u662f\u4e00\u4e2a\u6b66\u5668\u6216\u5bfc\u5f39\u7814\u5236\u8ba1\u5212\uff0c\u4f46\u5176\u83b7\u53d6\u7684\u6570\u636e\u5c06\u6709\u52a9\u4e8e\u9ad8\u8d85\u97f3\u901f\u6b66\u5668\u7814\u53d1\u3002", "events": [], "arguments": {"time": [], "loc": [], "country": [{"text": "\u7f8e\u56fd", "offset": 14, "length": 2}, {"text": "\u6fb3\u5927\u5229\u4e9a", "offset": 17, "length": 4}], "weapon": [{"text": "\u9ad8\u8d85\u97f3\u901f\u6b66\u5668", "offset": 77, "length": 6}]}}, {"sentence": "\u6fb3\u5927\u5229\u4e9a\u53ef\u80fd\u4f1a\u91c7\u53d6\u7c7b\u4f3c\u53d1\u5c55\u201c\u5fe0\u8bda\u50da\u673a\u201d\u7684\u6a21\u5f0f\uff0c\u4e0e\u7f8e\u56fd\u4f01\u4e1a\u5171\u540c\u6253\u9020\u9002\u5408\u6fb3\u5927\u5229\u4e9a\u56fd\u60c5\u7684\u9ad8\u8d85\u97f3\u901f\u5bfc\u5f39\uff0c\u6216\u91c7\u8d2d\u7f8e\u56fd\u76ee\u524d\u6b63\u5728\u53d1\u5c55\u7684\u9ad8\u8d85\u97f3\u901f\u5bfc\u5f39\u3002", "events": [], "arguments": {"time": [], "loc": [], "country": [{"text": "\u6fb3\u5927\u5229\u4e9a", "offset": 0, "length": 4}, {"text": "\u7f8e\u56fd", "offset": 24, "length": 2}, {"text": "\u6fb3\u5927\u5229\u4e9a", "offset": 34, "length": 4}, {"text": "\u7f8e\u56fd", "offset": 51, "length": 2}], "weapon": [{"text": "\u9ad8\u8d85\u97f3\u901f\u5bfc\u5f39", "offset": 41, "length": 6}, {"text": "\u9ad8\u8d85\u97f3\u901f\u5bfc\u5f39", "offset": 60, "length": 6}]}}, {"sentence": "\u6fb3\u5927\u5229\u4e9a\u5728\u822a\u5929\u3001\u7535\u5b50\u6218\u9886\u57df\u7684\u6295\u5165\u663e\u7136\u4e5f\u7edd\u975e\u7528\u4e8e\u672c\u571f\u9632\u5fa1\uff0c\u800c\u662f\u57fa\u4e8e\u652f\u63f4\u8fdc\u7a0b\u4f5c\u6218\u7684\u8003\u8651\u3002", "events": [], "arguments": {"time": [], "loc": [], "country": [{"text": "\u6fb3\u5927\u5229\u4e9a", "offset": 0, "length": 4}], "weapon": []}}, {"sentence": "\u4e2d\u56fd\u519b\u4e8b\u4e13\u5bb6\u674e\u67702\u65e5\u544a\u8bc9\u300a\u73af\u7403\u65f6\u62a5\u300b\u8bb0\u8005\uff0c\u6fb3\u5927\u5229\u4e9a\u548c\u65e5\u672c\u539f\u6765\u5c31\u662f\u7f8e\u56fd\u5728\u592a\u5e73\u6d0b\u5357\u5317\u7684\u4e24\u4e2a\u652f\u70b9\uff0c\u8fd9\u4e24\u5927\u201c\u5821\u5792\u201d\u548c\u5173\u5c9b\u5f62\u6210\u4e09\u89d2\u6001\u52bf\uff0c\u5b9e\u9645\u4e0a\u5c31\u662f\u8981\u7262\u7262\u63a7\u5236\u4f4f\u5370\u592a\u6218\u7565\u4e2d\u5173\u952e\u7684\u5357\u6d77\u6d77\u57df\u3001\u897f\u592a\u6d77\u57df\u548c\u5370\u5ea6\u6d0b\u6d77\u57df\u3002", "events": [], "arguments": {"time": [{"text": "2\u65e5", "offset": 8, "length": 2}], "loc": [{"text": "\u592a\u5e73\u6d0b", "offset": 35, "length": 3}, {"text": "\u5173\u5c9b", "offset": 54, "length": 2}, {"text": "\u897f\u592a\u6d77\u57df\u548c\u5370\u5ea6\u6d0b\u6d77\u57df", "offset": 87, "length": 10}], "country": [{"text": "\u4e2d\u56fd", "offset": 0, "length": 2}, {"text": "\u6fb3\u5927\u5229\u4e9a", "offset": 21, "length": 4}, {"text": "\u65e5\u672c", "offset": 26, "length": 2}, {"text": "\u7f8e\u56fd", "offset": 32, "length": 2}], "weapon": []}}, {"sentence": "\u4ece\u6fb3\u5927\u5229\u4e9a\u524d\u5f80\u8fd9\u4e09\u7247\u6d77\u57df\u5f88\u65b9\u4fbf\uff0c\u6240\u4ee5\u6fb3\u5927\u5229\u4e9a\u662f\u4f5c\u4e3a\u5168\u9762\u652f\u63f4\u7f8e\u519b\u5728\u897f\u592a\u4ee5\u53ca\u5370\u5ea6\u6d0b\u7684\u91cd\u8981\u6253\u624b\u89d2\u8272\u3002", "events": [], "arguments": {"time": [], "loc": [{"text": "\u897f\u592a", "offset": 32, "length": 2}, {"text": "\u5370\u5ea6\u6d0b", "offset": 36, "length": 3}], "country": [{"text": "\u6fb3\u5927\u5229\u4e9a", "offset": 1, "length": 4}, {"text": "\u6fb3\u5927\u5229\u4e9a", "offset": 18, "length": 4}], "weapon": []}}, {"sentence": "\u6fb3\u5927\u5229\u4e9a\u6ce8\u5b9a\u662f\u4e2a\u201c\u5c0f\u8ddf\u73ed\u201d", "events": [], "arguments": {"time": [], "loc": [], "country": [{"text": "\u6fb3\u5927\u5229\u4e9a", "offset": 0, "length": 4}], "weapon": []}}, {"sentence": "\u5f88\u591a\u897f\u65b9\u5a92\u4f53\u628a\u6fb3\u5927\u5229\u4e9a\u519b\u529b\u6269\u5f20\u8ba1\u5212\u89e3\u8bfb\u4e3a\u9488\u5bf9\u4e2d\u56fd\u3002", "events": [], "arguments": {"time": [], "loc": [], "country": [{"text": "\u6fb3\u5927\u5229\u4e9a", "offset": 7, "length": 4}, {"text": "\u4e2d\u56fd", "offset": 22, "length": 2}], "weapon": []}}, {"sentence": "\u4e2d\u56fd\u4e13\u5bb6\u8868\u793a\uff0c\u4e2d\u6fb3\u4e4b\u95f4\u6ca1\u6709\u76f4\u63a5\u7684\u3001\u6839\u672c\u6027\u7684\u5229\u76ca\u51b2\u7a81\uff0c\u4e24\u56fd\u76f8\u9694\u6570\u5343\u516c\u91cc\uff0c\u6ca1\u6709\u9886\u571f\u3001\u9886\u6d77\u7ea0\u7eb7\uff0c\u4e2d\u56fd\u6ca1\u6709\u4e3b\u52a8\u5728\u519b\u4e8b\u4e0a\u6311\u6218\u6216\u904f\u5236\u6fb3\u5927\u5229\u4e9a\u7684\u610f\u613f\u3002", "events": [], "arguments": {"time": [], "loc": [], "country": [{"text": "\u4e2d\u56fd", "offset": 0, "length": 2}, {"text": "\u4e2d\u56fd", "offset": 45, "length": 2}, {"text": "\u6fb3\u5927\u5229\u4e9a", "offset": 60, "length": 4}], "weapon": []}}, {"sentence": "\u4f46\u5982\u679c\u6fb3\u65b9\u8868\u73b0\u51fa\u519b\u4e8b\u4e0a\u4e3b\u52a8\u6311\u6218\u4e2d\u56fd\u7684\u503e\u5411\uff0c\u4e2d\u56fd\u540c\u6837\u4e0d\u60e7\u3002", "events": [], "arguments": {"time": [], "loc": [], "country": [{"text": "\u6fb3\u65b9", "offset": 3, "length": 2}, {"text": "\u4e2d\u56fd", "offset": 15, "length": 2}, {"text": "\u4e2d\u56fd", "offset": 21, "length": 2}], "weapon": []}}, {"sentence": "\u6fb3\u5927\u5229\u4e9a\u7684\u6d77\u7a7a\u529b\u91cf\u60f3\u9488\u5bf9\u4e2d\u56fd\u4e5f\u5e76\u4e0d\u90a3\u4e48\u5bb9\u6613\u3002", "events": [], "arguments": {"time": [], "loc": [], "country": [{"text": "\u6fb3\u5927\u5229\u4e9a", "offset": 0, "length": 4}, {"text": "\u4e2d\u56fd", "offset": 12, "length": 2}], "weapon": []}}, {"sentence": "\u6fb3\u65b9\u6c34\u9762\u8230\u8247\u548c\u6f5c\u8247\uff0c\u56fa\u7136\u5177\u6709\u5f88\u5927\u7684\u822a\u7a0b\uff0c\u4f46\u5982\u679c\u7f3a\u5c11\u8230\u8f7d\u822a\u7a7a\u5175\u529b\u91cf\u7684\u63a9\u62a4\uff0c\u751f\u5b58\u80fd\u529b\u4f1a\u8fdb\u4e00\u6b65\u964d\u4f4e\u3002", "events": [], "arguments": {"time": [], "loc": [], "country": [{"text": "\u6fb3\u65b9", "offset": 0, "length": 2}], "weapon": [{"text": "\u6c34\u9762\u8230\u8247", "offset": 2, "length": 4}, {"text": "\u6f5c\u8247", "offset": 7, "length": 2}]}}, {"sentence": "F-35\u5982\u679c\u4ece\u6fb3\u672c\u571f\u8d77\u98de\uff0c\u6050\u6015\u8981\u7ecf\u8fc7\u4e24\u6b21\u7a7a\u4e2d\u52a0\u6cb9\u624d\u53ef\u80fd\u8fdb\u5165\u5357\u6d77\u7eb5\u6df1\uff0c\u8fd9\u79cd\u884c\u52a8\u53ef\u64cd\u4f5c\u6027\u6bd4\u8f83\u4f4e\u3002", "events": [], "arguments": {"time": [], "loc": [{"text": "\u5357\u6d77\u7eb5\u6df1", "offset": 29, "length": 4}], "country": [], "weapon": [{"text": "F-35", "offset": 0, "length": 4}]}}, {"sentence": "\u8fd9\u51b3\u5b9a\u4e86\u6fb3\u53ea\u80fd\u5f53\u7f8e\u56fd\u7684\u201c\u5c0f\u8ddf\u73ed\u201d\u3002", "events": [], "arguments": {"time": [], "loc": [], "country": [{"text": "\u7f8e\u56fd", "offset": 8, "length": 2}], "weapon": []}}, {"sentence": "\u674e\u6770\u8868\u793a\uff0c\u6fb3\u5927\u5229\u4e9a\u91c7\u8d2d\u5bfc\u5f39\u7b49\u6b66\u5668\uff0c\u8fd8\u53ef\u80fd\u4f1a\u548c\u7f8e\u56fd\u8fdb\u884c\u519b\u4e8b\u60c5\u62a5\u6570\u636e\u5171\u4eab\uff0c\u5e76\u548c\u65e5\u672c\u4e0e\u5370\u5ea6\u4e00\u540c\u6765\u5bf9\u4ed8\u4e2d\u56fd\u3002", "events": [], "arguments": {"time": [], "loc": [], "country": [{"text": "\u6fb3\u5927\u5229\u4e9a", "offset": 5, "length": 4}, {"text": "\u7f8e\u56fd", "offset": 22, "length": 2}, {"text": "\u65e5\u672c", "offset": 37, "length": 2}, {"text": "\u5370\u5ea6", "offset": 40, "length": 2}, {"text": "\u4e2d\u56fd", "offset": 47, "length": 2}], "weapon": [{"text": "\u5bfc\u5f39", "offset": 11, "length": 2}]}}, {"sentence": "\u5bf9\u6b64\uff0c\u6211\u56fd\u53ef\u4ee5\u4ece\u519b\u4e8b\u4e0a\u91c7\u53d6\u591a\u79cd\u5e94\u5bf9\u63aa\u65bd\uff0c\u8fd8\u53ef\u4ee5\u4ece\u653f\u6cbb\u3001\u5916\u4ea4\u3001\u7ecf\u6d4e\u65b9\u9762\u8fdb\u884c\u53cd\u5236\u3002", "events": [], "arguments": {"time": [], "loc": [], "country": [], "weapon": []}}]