[{"sentence": "\u7f8e\u56fd\u529d\u5370\u5ea6\u653e\u5f03\u8d2d\u4e70\u4fc4\u7c73\u683c29\u82cf30\u6218\u673a\u00a0\u5426\u5219\u5c31\u8981\u906d\u7f8e\u5236\u88c1", "events": [], "arguments": {"time": [], "loc": [], "country": [{"text": "\u7f8e\u56fd", "offset": 0, "length": 2}, {"text": "\u5370\u5ea6", "offset": 3, "length": 2}], "weapon": [{"text": "\u4fc4\u7c73\u683c29\u82cf30\u6218\u673a", "offset": 9, "length": 10}, {"text": "\u7c73\u683c29\u82cf30\u6218\u673a", "offset": 10, "length": 9}]}}, {"sentence": "\u3010\u73af\u7403\u7f51\u62a5\u9053 \u89c1\u4e60\u8bb0\u8005 \u9a6c\u5ca9\u3011", "events": [], "arguments": {"time": [], "loc": [], "country": [], "weapon": []}}, {"sentence": "\u636e\u300a\u7b80\u6c0f\u9632\u52a1\u5468\u520a\u300b\u7f51\u7ad96\u670829\u65e5\u62a5\u9053\uff0c\u7f8e\u56fd\u653f\u5e9c\u5df2\u7ecf\u6566\u4fc3\u5370\u5ea6\u91cd\u65b0\u8003\u8651\u8d2d\u4e70\u4fc4\u7f57\u65af\u6218\u6597\u673a\uff0c\u5426\u5219\u53ef\u80fd\u9762\u4e34\u7f8e\u56fd\u5236\u88c1\u3002", "events": [{"trigger": {"text": "\u6566\u4fc3", "offset": 25, "length": 2}, "subject": {"text": "\u7f8e\u56fd\u653f\u5e9c", "offset": 19, "length": 4}, "object": {"text": "\u5370\u5ea6\u91cd\u65b0\u8003\u8651\u8d2d\u4e70\u4fc4\u7f57\u65af\u6218\u6597\u673a", "offset": 27, "length": 14}}], "arguments": {"time": [{"text": "6\u670829\u65e5", "offset": 11, "length": 5}], "loc": [], "country": [{"text": "\u7f8e\u56fd", "offset": 19, "length": 2}, {"text": "\u5370\u5ea6", "offset": 27, "length": 2}, {"text": "\u4fc4\u7f57\u65af", "offset": 35, "length": 3}, {"text": "\u7f8e\u56fd", "offset": 48, "length": 2}], "weapon": [{"text": "\u6218\u6597\u673a", "offset": 38, "length": 3}]}}, {"sentence": "\u62a5\u9053\u79f0\uff0c\u5370\u5ea6\u8d2d\u4e70\u4fc4\u5236\u6b66\u5668\u53ef\u80fd\u89e6\u53ca\u7f8e\u56fd\u7684\u300a\u4ee5\u5236\u88c1\u53cd\u51fb\u7f8e\u56fd\u654c\u4eba\u6cd5\u6848\u300b\uff08CAATSA\uff09\uff0c\u6839\u636e\u8fd9\u98792017\u5e74\u901a\u8fc7\u7684\u6cd5\u6848\uff0c\u4efb\u4f55\u56fd\u5bb6\u4ece\u4fc4\u7f57\u65af\u8d2d\u4e70\u91cd\u8981\u519b\u4e8b\u88c5\u5907\uff0c\u90fd\u4f1a\u53d7\u5230\u7f8e\u56fd\u7684\u5236\u88c1\u3002", "events": [], "arguments": {"time": [{"text": "2017\u5e74", "offset": 45, "length": 5}], "loc": [], "country": [{"text": "\u5370\u5ea6", "offset": 4, "length": 2}, {"text": "\u4fc4\u7f57\u65af", "offset": 61, "length": 3}, {"text": "\u7f8e\u56fd", "offset": 16, "length": 2}, {"text": "\u7f8e\u56fd", "offset": 25, "length": 2}, {"text": "\u7f8e\u56fd", "offset": 77, "length": 2}], "weapon": []}}, {"sentence": "\u62a5\u9053\u63f4\u5f15\u7f8e\u56fd\u56fd\u52a1\u9662\u4e00\u4f4d\u5b98\u5458\u7684\u8bdd\u8bf4\uff0c\u7f8e\u56fd\u5e0c\u671b\u6240\u6709\u76df\u56fd\u548c\u4f19\u4f34\u56fd\u5bb6\u505c\u6b62\u4e0e\u4fc4\u7f57\u65af\u7684\u6b66\u5668\u4ea4\u6613\uff0c\u300a\u4ee5\u5236\u88c1\u53cd\u51fb\u7f8e\u56fd\u654c\u4eba\u6cd5\u6848\u300b\uff08GAATSA\uff09\u6ca1\u6709\u8c41\u514d\u6761\u6b3e\uff0c\u4efb\u4f55\u4e00\u6b21\u8c41\u514d\u90fd\u6709\u4e25\u683c\u7684\u8981\u6c42\uff0c\u4efb\u4f55\u4e00\u6b21\u4e0e\u4fc4\u7f57\u65af\u7684\u6b66\u5668\u4ea4\u6613\u90fd\u4f1a\u88ab\u7f8e\u56fd\u653f\u5e9c\u201c\u5c31\u4e8b\u8bba\u4e8b\u201d\u5730\u8bc4\u4f30\uff0c\u4e0d\u8fc7\uff0c\u7f8e\u56fd\u56fd\u52a1\u537f\u76ee\u524d\u8fd8\u672a\u5c31\u5370\u5ea6\u4e0e\u4fc4\u7f57\u65af\u7684\u6b66\u5668\u4ea4\u6613\u4f5c\u51fa\u4efb\u4f55\u51b3\u5b9a\u3002", "events": [], "arguments": {"time": [], "loc": [], "country": [{"text": "\u7f8e\u56fd", "offset": 4, "length": 2}, {"text": "\u7f8e\u56fd", "offset": 17, "length": 2}, {"text": "\u4fc4\u7f57\u65af", "offset": 33, "length": 3}, {"text": "\u7f8e\u56fd", "offset": 48, "length": 2}, {"text": "\u4fc4\u7f57\u65af", "offset": 89, "length": 3}, {"text": "\u7f8e\u56fd", "offset": 100, "length": 2}, {"text": "\u7f8e\u56fd", "offset": 117, "length": 2}, {"text": "\u5370\u5ea6", "offset": 127, "length": 2}, {"text": "\u4fc4\u7f57\u65af", "offset": 130, "length": 3}], "weapon": []}}, {"sentence": "\u62a5\u9053\u79f0\uff0c\u5370\u5ea6\u8ba1\u5212\u82b1\u8d3914\u4ebf\u7f8e\u5143\u5411\u4fc4\u7f57\u65af\u91c7\u8d2d\u6218\u6597\u673a\uff0c\u5305\u62ec21\u67b6\u4e8c\u624b\u7c73\u683c-29\u6218\u6597\u673a\u548c12\u67b6\u65b0\u751f\u4ea7\u7684\u82cf-30MKI\u6218\u6597\u673a\uff0c\u5370\u5ea6\u7a7a\u519b\u671f\u671b\u80fd\u57282022\u5e74\u5b8c\u6210\u4ea4\u4ed8\u3002", "events": [{"trigger": {"text": "\u91c7\u8d2d", "offset": 19, "length": 2}, "subject": {"text": "\u5370\u5ea6\u8ba1\u5212\u82b1\u8d3914\u4ebf\u7f8e\u5143\u5411\u4fc4\u7f57\u65af", "offset": 4, "length": 15}, "object": {"text": "\u6218\u6597\u673a", "offset": 55, "length": 3}}], "arguments": {"time": [{"text": "2022\u5e74", "offset": 67, "length": 5}], "loc": [], "country": [{"text": "\u5370\u5ea6", "offset": 4, "length": 2}, {"text": "\u4fc4\u7f57\u65af", "offset": 16, "length": 3}, {"text": "\u5370\u5ea6", "offset": 59, "length": 2}], "weapon": [{"text": "\u7c73\u683c-29\u6218\u6597\u673a", "offset": 32, "length": 8}, {"text": "\u82cf-30MKI\u6218\u6597\u673a", "offset": 48, "length": 10}]}}]