[{"sentence": "\u795e\u5efa\u8bae\uff01", "events": [], "arguments": {"time": [], "loc": [], "country": [], "weapon": []}}, {"sentence": "\u7f8e\u53c2\u8bae\u5458\u5efa\u8bae\u7f8e\u56fd\u4e70\u4e0b\u571f\u8033\u5176S400\u9632\u7a7a\u7cfb\u7edf\u00a0\u4ee5\u6253\u7834\u5173\u7cfb\u50f5\u5c40", "arguments": {"time": [], "loc": [], "country": [{"text": "\u571f\u8033\u5176", "offset": 10, "length": 3}, {"text": "\u7f8e\u56fd", "offset": 6, "length": 2}], "weapon": [{"text": "S400\u9632\u7a7a\u7cfb\u7edf", "offset": 13, "length": 8}]}, "events": [{"subject": {"text": "\u7f8e\u56fd", "length": 2, "offset": 6}, "object": {"text": "\u571f\u8033\u5176S400\u9632\u7a7a\u7cfb\u7edf", "length": 11, "offset": 10}, "trigger": {"text": "\u4e70\u4e0b", "length": 2, "offset": 8}}]}, {"sentence": "\u3010\u73af\u7403\u7f51\u62a5\u9053 \u89c1\u4e60\u8bb0\u8005 \u9a6c\u5ca9\u3011", "events": [], "arguments": {"time": [], "loc": [], "country": [], "weapon": []}}, {"sentence": "\u636e\u300a\u9632\u52a1\u65b0\u95fb\u300b\u7f51\u7ad96\u670830\u65e5\u62a5\u9053\uff0c\u7f8e\u56fd\u4e00\u540d\u53c2\u8bae\u5458\u4e0a\u5468\u63d0\u8bae\uff0c\u7531\u7f8e\u56fd\u653f\u5e9c\u51fa\u8d44\u4e70\u4e0b\u571f\u8033\u5176\u4ece\u4fc4\u7f57\u65af\u5f15\u8fdb\u7684S400\u9632\u7a7a\u7cfb\u7edf\uff0c\u4ee5\u6253\u7834\u4e24\u56fd\u5173\u7cfb\u7531\u6b64\u9020\u6210\u7684\u50f5\u5c40\u3002", "events": [], "arguments": {"time": [{"text": "6\u670830\u65e5", "offset": 9, "length": 5}, {"text": "\u4e0a\u5468", "offset": 24, "length": 2}], "loc": [], "country": [{"text": "\u4fc4\u7f57\u65af", "offset": 42, "length": 3}, {"text": "\u7f8e\u56fd", "offset": 17, "length": 2}, {"text": "\u7f8e\u56fd", "offset": 30, "length": 2}, {"text": "\u571f\u8033\u5176", "offset": 38, "length": 3}], "weapon": [{"text": "S400\u9632\u7a7a\u7cfb\u7edf", "offset": 48, "length": 8}]}}, {"sentence": "\u8fd9\u4f4d\u540d\u53eb\u7ea6\u7ff0\u00b7\u56fe\u6069\u7684\u53c2\u8bae\u5458\u63d0\u8bae\u5bf92021\u5e74\u56fd\u9632\u6388\u6743\u6cd5\u6848\u8fdb\u884c\u4fee\u6539\uff0c\u5141\u8bb8\u4f7f\u7528\u7f8e\u519b\u7684\u5bfc\u5f39\u91c7\u8d2d\u8d44\u91d1\u6765\u8d2d\u4e70\u571f\u8033\u5176\u7684\u4fc4\u5236S400\u9632\u7a7a\u7cfb\u7edf\u3002", "events": [], "arguments": {"time": [], "loc": [], "country": [{"text": "\u571f\u8033\u5176", "offset": 48, "length": 3}], "weapon": [{"text": "S400\u9632\u7a7a\u7cfb\u7edf", "offset": 54, "length": 8}]}}, {"sentence": "\u4e00\u5e74\u524d\uff0c\u571f\u8033\u5176\u6b63\u5f0f\u63a5\u6536\u4e86\u4ece\u4fc4\u7f57\u65af\u8d2d\u4e70\u7684S400\u9632\u7a7a\u7cfb\u7edf\uff0c\u7f8e\u56fd\u8ba4\u4e3a\u571f\u8033\u5176\u4f7f\u7528\u6b64\u9632\u7a7a\u7cfb\u7edf\u4f1a\u524a\u5f31F-35\u6218\u673a\u7684\u9690\u8eab\u4f18\u52bf\uff0c\u56e0\u800c\u628a\u571f\u8033\u5176\u9010\u51fa\u4e86F-35\u9879\u76ee\u3002", "events": [], "arguments": {"time": [{"text": "\u4e00\u5e74\u524d", "offset": 0, "length": 3}], "loc": [], "country": [{"text": "\u571f\u8033\u5176", "offset": 4, "length": 3}, {"text": "\u4fc4\u7f57\u65af", "offset": 13, "length": 3}, {"text": "\u7f8e\u56fd", "offset": 28, "length": 2}, {"text": "\u571f\u8033\u5176", "offset": 32, "length": 3}, {"text": "\u571f\u8033\u5176", "offset": 60, "length": 3}], "weapon": [{"text": "F-35\u6218\u673a", "offset": 45, "length": 6}, {"text": "S400\u9632\u7a7a\u7cfb\u7edf", "offset": 19, "length": 8}]}}, {"sentence": "\u800c\u7f8e\u56fd\u53c2\u8bae\u9662\u5916\u4ea4\u5173\u7cfb\u59d4\u5458\u4f1a\u4e3b\u5e2d\u5409\u59c6\u00b7\u91cc\u5e0c\u5219\u8fdb\u4e00\u6b65\u63d0\u8bae\uff0c\u5982\u679c\u8fd9\u9879\u5efa\u8bae\u83b7\u5f97\u901a\u8fc7\uff0c\u571f\u8033\u5176\u5c06\u6709\u6700\u591a30\u5929\u4f5c\u51fa\u56de\u5e94\uff0c\u5426\u5219\uff0c\u7f8e\u56fd\u5c06\u4ee5\u300a\u4ee5\u5236\u88c1\u53cd\u51fb\u7f8e\u56fd\u654c\u4eba\u6cd5\u6848\u300b\uff08CAATSA\uff09\u5bf9\u571f\u8033\u5176\u65bd\u52a0\u5236\u88c1\u3002", "events": [], "arguments": {"time": [], "loc": [], "country": [{"text": "\u7f8e\u56fd", "offset": 1, "length": 2}, {"text": "\u571f\u8033\u5176", "offset": 38, "length": 3}, {"text": "\u7f8e\u56fd", "offset": 56, "length": 2}, {"text": "\u7f8e\u56fd", "offset": 66, "length": 2}, {"text": "\u571f\u8033\u5176", "offset": 82, "length": 3}], "weapon": []}}, {"sentence": "\u6839\u636e\u8fd9\u98792017\u5e74\u901a\u8fc7\u7684\u6cd5\u6848\uff0c\u4efb\u4f55\u56fd\u5bb6\u4ece\u4fc4\u7f57\u65af\u8d2d\u4e70\u91cd\u8981\u519b\u4e8b\u88c5\u5907\uff0c\u90fd\u4f1a\u53d7\u5230\u7f8e\u56fd\u7684\u5236\u88c1\u3002", "events": [], "arguments": {"time": [{"text": "2017\u5e74", "offset": 4, "length": 5}], "loc": [], "country": [{"text": "\u4fc4\u7f57\u65af", "offset": 20, "length": 3}, {"text": "\u7f8e\u56fd", "offset": 36, "length": 2}], "weapon": []}}, {"sentence": "\u7f8e\u56fd\u8d1f\u8d23\u6b27\u6d32\u548c\u5317\u7ea6\u4e8b\u52a1\u7684\u524d\u56fd\u9632\u90e8\u5b98\u5458\u5409\u59c6\u00b7\u6c64\u68ee\u8868\u793a\uff0c\u5982\u679c\u8d2d\u4e70\u4e86\u571f\u8033\u5176\u7684S400\u9632\u7a7a\u7cfb\u7edf\uff0c\u7f8e\u56fd\u53ef\u4ee5\u7528\u6765\u7814\u7a76\u5176\u6280\u672f\uff0c\u5e76\u5bfb\u627e\u5bf9\u4ed8\u5b83\u7684\u529e\u6cd5\uff0c\u800c\u57c3\u5c14\u591a\u5b89\u4e5f\u53ef\u4ee5\u627e\u5230\u53f0\u9636\u4e0b\uff0c\u5e76\u4f7f\u571f\u8033\u5176\u91cd\u65b0\u52a0\u5165F-35\u8ba1\u5212\uff0c\u4f46\u5982\u679c\u571f\u8033\u5176\u62d2\u7edd\uff0c\u7f8e\u571f\u5173\u7cfb\u50f5\u5c40\u8fd8\u4f1a\u6301\u7eed\u3002", "events": [], "arguments": {"time": [], "loc": [], "country": [{"text": "\u7f8e\u56fd", "offset": 0, "length": 2}, {"text": "\u6b27\u6d32", "offset": 4, "length": 2}, {"text": "\u5317\u7ea6", "offset": 7, "length": 2}, {"text": "\u571f\u8033\u5176", "offset": 31, "length": 3}, {"text": "\u7f8e\u56fd", "offset": 44, "length": 2}, {"text": "\u571f\u8033\u5176", "offset": 82, "length": 3}, {"text": "\u571f\u8033\u5176", "offset": 99, "length": 3}], "weapon": [{"text": "S400\u9632\u7a7a\u7cfb\u7edf", "offset": 35, "length": 8}, {"text": "F-35", "offset": 89, "length": 4}]}}, {"sentence": "\u7ea6\u7ff0\u00b7\u56fe\u6069\u548c\u5409\u59c6\u00b7\u91cc\u5e0c\u90fd\u662f\u6709\u5f71\u54cd\u529b\u7684\u53c2\u8bae\u5458\uff0c\u4f46\u76ee\u524d\u8fd8\u4e0d\u80fd\u786e\u5b9a\u4ed6\u4eec\u7684\u5efa\u8bae\u662f\u5426\u4f1a\u88ab\u52a0\u51652021\u5e74\u56fd\u9632\u6388\u6743\u6cd5\u6848\uff0c\u5373\u4fbf\u5728\u53c2\u8bae\u9662\u5f97\u5230\u901a\u8fc7\uff0c\u80fd\u5426\u5f97\u5230\u4f17\u8bae\u9662\u7684\u6279\u51c6\u4e5f\u662f\u672a\u77e5\u6570\u3002", "events": [], "arguments": {"time": [], "loc": [], "country": [], "weapon": []}}]