[{"sentence": "\u7f8e\u7a7a\u519b\u3001\u6d77\u519b\u79d8\u5bc6\u7814\u5236\u7b2c\u516d\u4ee3\u6218\u673a\uff0c\u4e3a\u4f55\u8fd9\u4e48\u6025\uff1f", "events": [{"trigger": {"text": "\u7814\u5236", "offset": 8, "length": 2}, "subject": {"text": "\u7f8e\u7a7a\u519b\u3001\u6d77\u519b", "offset": 0, "length": 6}, "object": {"text": "\u7b2c\u516d\u4ee3\u6218\u673a", "offset": 10, "length": 5}}], "arguments": {"loc": [], "time": [], "country": [{"text": "\u7f8e", "offset": 0, "length": 1}], "weapon": [{"text": "\u7b2c\u516d\u4ee3\u6218\u673a", "offset": 10, "length": 5}]}}, {"sentence": "\u7f8e\u56fd\u7a7a\u519b\u3001\u6d77\u519b", "events": [], "arguments": {"loc": [], "time": [], "country": [{"text": "\u7f8e\u56fd", "offset": 0, "length": 2}], "weapon": []}}, {"sentence": "\u7eb7\u7eb7\u79d8\u5bc6\u7814\u5236\u7b2c\u516d\u4ee3\u6218\u673a", "events": [{"trigger": {"text": "\u79d8\u5bc6\u7814\u5236", "offset": 2, "length": 4}, "subject": {"text": "", "offset": 0, "length": 0}, "object": {"text": "\u7b2c\u516d\u4ee3\u6218\u673a", "offset": 6, "length": 5}}], "arguments": {"loc": [], "time": [], "country": [], "weapon": [{"text": "\u7b2c\u516d\u4ee3\u6218\u673a", "offset": 6, "length": 5}]}}, {"sentence": "\u6b64\u4e3e", "events": [], "arguments": {"loc": [], "time": [], "country": [], "weapon": []}}, {"sentence": "\u5bf9\u56fd\u9645\u519b\u4e8b\u7ade\u4e89\u4ea7\u751f\u4ec0\u4e48\u5f71\u54cd\uff1f", "events": [], "arguments": {"loc": [], "time": [], "country": [], "weapon": []}}, {"sentence": "\u7f8e\u7a7a\u519b\u79d8\u5bc6\u7814\u5236\u7b2c\u516d\u4ee3\u6218\u673a", "events": [{"trigger": {"text": "\u79d8\u5bc6\u7814\u5236", "offset": 3, "length": 4}, "subject": {"text": "\u7f8e\u7a7a\u519b", "offset": 0, "length": 3}, "object": {"text": "\u7b2c\u516d\u4ee3\u6218\u673a", "offset": 7, "length": 5}}], "arguments": {"loc": [], "time": [], "country": [{"text": "\u7f8e", "offset": 0, "length": 1}], "weapon": [{"text": "\u7b2c\u516d\u4ee3\u6218\u673a", "offset": 7, "length": 5}]}}, {"sentence": "\u4e14\u5df2\u8bd5\u98de\u8fc7", "events": [], "arguments": {"loc": [], "time": [], "country": [], "weapon": []}}, {"sentence": "\u636e\u7f8e\u56fd\u300a\u56fd\u4f1a\u5c71\u300b\u65e5\u62a5\u62a5\u9053\uff0c\u7f8e\u56fd\u7a7a\u519b\u91c7\u8d2d\u4e3b\u7ba1\u5a01\u5c14\u00b7\u7f57\u73c09\u670815\u65e5\u5728\u7a7a\u519b\u534f\u4f1a\u7684\u4f1a\u8bae\u4e0a\u516c\u5f00\u786e\u8ba4\u4e0b\u4e00\u4ee3\u6218\u6597\u673a\u7684\u5b58\u5728\uff0c\u79f0\u201c\u4e00\u67b6\u5168\u5c3a\u5bf8\u6837\u673a\u5728\u73b0\u5b9e\u4e16\u754c\u4e2d\u98de\u884c\u8fc7\u201d \u3002", "events": [], "arguments": {"loc": [], "time": [{"text": "9\u670815\u65e5", "offset": 26, "length": 5}], "country": [{"text": "\u7f8e\u56fd", "offset": 13, "length": 2}], "weapon": []}}, {"sentence": "\u7f57\u73c0\u8fd8\u79f0\uff0c\u7f8e\u7a7a\u519b\u5c06\u201c\u975e\u5e38\u8fc5\u901f\u5730\u5c06\u8fd9\u6b3e\u6218\u6597\u673a\u6295\u4ea7\u201d  \u3002", "events": [], "arguments": {"loc": [], "time": [], "country": [{"text": "\u7f8e", "offset": 5, "length": 1}], "weapon": []}}, {"sentence": "\u8fd9\u610f\u5473\u7740\u7f8e\u56fd\u7a7a\u519b\u5c06\u63a8\u51fa\u7b2c\u516d\u4ee3\u6218\u6597\u673a \u3002", "events": [{"trigger": {"text": "\u5c06\u63a8\u51fa", "offset": 8, "length": 3}, "subject": {"text": "\u7f8e\u56fd\u7a7a\u519b", "offset": 4, "length": 4}, "object": {"text": "\u7b2c\u516d\u4ee3\u6218\u6597\u673a", "offset": 11, "length": 6}}], "arguments": {"loc": [], "time": [], "country": [{"text": "\u7f8e\u56fd", "offset": 4, "length": 2}], "weapon": [{"text": "\u7b2c\u516d\u4ee3\u6218\u6597\u673a", "offset": 11, "length": 6}]}}, {"sentence": "\u7f8e\u56fd\u7a7a\u519b\u4e0a\u4e00\u6b21\u8bd5\u9a8c\u6837\u673a\u98de\u884c\u662f\u572820\u5e74\u524d\uff0c\u5373\u7b2c\u4e94\u4ee3\u6218\u6597\u673aF-35\u3002", "events": [], "arguments": {"loc": [], "time": [{"text": "20\u5e74\u524d", "offset": 15, "length": 4}], "country": [{"text": "\u7f8e\u56fd", "offset": 0, "length": 2}], "weapon": [{"text": "\u7b2c\u4e94\u4ee3\u6218\u6597\u673aF-35", "offset": 21, "length": 10}]}}, {"sentence": "\u4e0b\u4e00\u4ee3\u6218\u6597\u673a\u96b6\u5c5e\u7a7a\u519b\u201c\u4e0b\u4e00\u4ee3\u7a7a\u4e2d\u4f18\u52bf\u201d\u79d8\u5bc6\u8ba1\u5212\uff0c\u5916\u754c\u5bf9\u8fd9\u6b3e\u6218\u6597\u673a\u77e5\u4e4b\u751a\u5c11\u3002", "events": [], "arguments": {"loc": [], "time": [], "country": [], "weapon": []}}, {"sentence": "\u7f8e\u6d77\u519b\u5f00\u59cb\u7814\u53d1\u7b2c\u516d\u4ee3\u8230\u8f7d\u673a", "events": [], "arguments": {"loc": [], "time": [], "country": [{"text": "\u7f8e", "offset": 0, "length": 1}], "weapon": [{"text": "\u7b2c\u516d\u4ee3\u8230\u8f7d\u673a", "offset": 7, "length": 6}]}}, {"sentence": "\u6216\u501f\u9274F-35C\u6280\u672f", "events": [], "arguments": {"loc": [], "time": [], "country": [], "weapon": [{"text": "F-35C", "offset": 3, "length": 5}]}}, {"sentence": "\u636e\u7f8e\u56fd\u6d77\u519b\u7814\u7a76\u5b66\u4f1a\u7f51\u7ad9\u62a5\u9053\uff0c\u7f8e\u6d77\u519b\u5df2\u6084\u7136\u542f\u52a8\u8fd120\u5e74\u6765\u7b2c\u4e00\u6b3e\u65b0\u578b\u8230\u8f7d\u6218\u6597\u673a\u7684\u5f00\u53d1\u5de5\u4f5c\u3002", "events": [], "arguments": {"loc": [], "time": [], "country": [{"text": "\u7f8e\u56fd", "offset": 1, "length": 2}], "weapon": [{"text": "\u65b0\u578b\u8230\u8f7d\u6218\u6597\u673a", "offset": 30, "length": 7}]}}, {"sentence": "\u62a5\u9053\u79f0\uff0c\u8fd9\u4e00\u9879\u76ee\u65e8\u5728\u5f00\u53d1\u4e00\u6b3e\u65b0\u578b\u7684\u6709\u4eba\u9a7e\u9a76\u6218\u6597\u673a\uff0c\u4ee5\u53d6\u4ee3\u73b0\u5f79F/A-18E/F\u201c\u8d85\u7ea7\u5927\u9ec4\u8702\u201d\u6218\u6597\u673a\u548cEA-18G\u201c\u5486\u54ee\u8005\u201d\u7535\u5b50\u6218\u673a\u3002", "events": [{"trigger": {"text": "\u5f00\u53d1", "offset": 10, "length": 2}, "subject": {"text": "", "offset": 0, "length": 0}, "object": {"text": "\u4e00\u6b3e\u65b0\u578b\u7684\u6709\u4eba\u9a7e\u9a76\u6218\u6597\u673a", "offset": 12, "length": 12}}], "arguments": {"loc": [], "time": [], "country": [], "weapon": [{"text": "F/A-18E/F\u201c\u8d85\u7ea7\u5927\u9ec4\u8702\u201d\u6218\u6597\u673a", "offset": 30, "length": 19}, {"text": "EA-18G\u201c\u5486\u54ee\u8005\u201d\u7535\u5b50\u6218\u673a", "offset": 50, "length": 15}]}}, {"sentence": "\u7f8e\u56fd\u54c8\u5fb7\u900a\u7814\u7a76\u6240\u9ad8\u7ea7\u7814\u7a76\u5458\u514b\u62c9\u514b\u8868\u793a\uff0c\u7f8e\u56fd\u519b\u65b9\u53ef\u80fd\u60f3\u5728\u8fd9\u6b3e\u8230\u8f7d\u6218\u6597\u673a\u4e0a\u501f\u9274F-35C\u7684\u6280\u672f\uff0c\u540c\u65f6\u878d\u5165\u66f4\u591a\u66f4\u5148\u8fdb\u7684\u79d1\u6280\u3002", "events": [], "arguments": {"loc": [], "time": [], "country": [{"text": "\u7f8e\u56fd", "offset": 19, "length": 2}], "weapon": [{"text": "F-35C", "offset": 37, "length": 5}]}}, {"sentence": "\u8fd9\u6b3e\u6218\u6597\u673a\u5728\u6b66\u5668\u8f7d\u8377\u65b9\u9762\u548c\u9690\u8eab\u6027\u80fd\u65b9\u9762\u53ef\u80fd\u4f1a\u6709\u6240\u8ba9\u6b65\uff0c\u4f46\u4f1a\u4fdd\u8bc1\u98de\u884c\u901f\u5ea6\u548c\u4f5c\u6218\u8303\u56f4\u3002", "events": [], "arguments": {"loc": [], "time": [], "country": [], "weapon": []}}, {"sentence": "\u514b\u62c9\u514b\u8fd8\u8868\u793a\uff0c\u7f8e\u56fd\u6d77\u519b\u60f3\u8981\u5f97\u5230\u4e00\u6b3e\u5168\u65b0\u8bbe\u8ba1\u7684\u6218\u6597\u673a\uff0c\u800c\u4e0d\u4ec5\u4ec5\u662f\u5728\u5df2\u6709\u6218\u6597\u673a\u57fa\u7840\u4e0a\u7684\u884d\u751f\u578b\u53f7\uff0c\u8fd9\u5c06\u662f\u4e00\u6b3e\u7b2c\u516d\u4ee3\u6218\u6597\u673a \u3002", "events": [], "arguments": {"loc": [], "time": [], "country": [{"text": "\u7f8e\u56fd", "offset": 7, "length": 2}], "weapon": []}}, {"sentence": "\u7b2c\u516d\u4ee3\u6218\u673a\u7814\u53d1\u5927\u5e55\u62c9\u5f00\uff1f", "events": [], "arguments": {"loc": [], "time": [], "country": [], "weapon": []}}, {"sentence": "\u4e13\u5bb6\uff1a\u62c9\u5f00\u4ee3\u5dee\u3001\u7529\u5f00\u5bf9\u624b", "events": [], "arguments": {"loc": [], "time": [], "country": [], "weapon": []}}, {"sentence": "\u7f8e\u519b\u4e3a\u4ec0\u4e48\u6025\u4e8e\u7814\u53d1\u7b2c\u516d\u4ee3\u6218\u6597\u673a\uff1f", "events": [], "arguments": {"loc": [], "time": [], "country": [{"text": "\u7f8e", "offset": 0, "length": 1}], "weapon": [{"text": "\u7b2c\u516d\u4ee3\u6218\u6597\u673a", "offset": 9, "length": 6}]}}, {"sentence": "\u65b0\u7684\u6218\u673a\u53ef\u80fd\u4f1a\u7740\u91cd\u52a0\u5f3a\u54ea\u4e9b\u529f\u80fd\uff1f", "events": [], "arguments": {"loc": [], "time": [], "country": [], "weapon": []}}, {"sentence": "\u7f8e\u56fd\u7a7a\u519b\u3001\u6d77\u519b\u7684\u7b2c\u516d\u4ee3\u6218\u673a\u7814\u53d1\u6709\u4ec0\u4e48\u4e0d\u540c\u7684\u9700\u6c42\uff1f", "events": [], "arguments": {"loc": [], "time": [], "country": [{"text": "\u7f8e\u56fd", "offset": 0, "length": 2}], "weapon": [{"text": "\u7b2c\u516d\u4ee3\u6218\u673a", "offset": 8, "length": 5}]}}, {"sentence": "\u5982\u679c\u63a8\u51fa\u7b2c\u516d\u4ee3\u6218\u673a\uff0c\u4f1a\u5bf9\u56fd\u9645\u519b\u4e8b\u7ade\u4e89\u4ea7\u751f\u4ec0\u4e48\u5f71\u54cd\uff1f", "events": [], "arguments": {"loc": [], "time": [], "country": [], "weapon": []}}, {"sentence": "\u519b\u4e8b\u4e13\u5bb6\u66f9\u536b\u4e1c\u5206\u6790\uff1a", "events": [], "arguments": {"loc": [], "time": [], "country": [], "weapon": []}}, {"sentence": "\u7f8e\u519b\u610f\u5728\u7a7a\u6218\u98de\u673a\u4e0a\u548c\u5bf9\u624b\u62c9\u5f00\u4ee3\u5dee\u3002", "events": [], "arguments": {"loc": [], "time": [], "country": [{"text": "\u7f8e", "offset": 0, "length": 1}], "weapon": []}}, {"sentence": "\u76ee\u524d\u7684\u4e94\u4ee3\u673a\u4e2d\uff0c\u4fc4\u7f57\u65af\u6709\u82cf-57\uff0c\u4e2d\u56fd\u6709\u6b7c-20\uff0c\u7f8e\u56fd\u6709F-35\u548cF-22\uff0c\u5982\u679c\u8981\u62c9\u5f00\u4ee3\u5dee\uff0c\u5c31\u8981\u5728\u98de\u673a\u6027\u80fd\u4e0a\u6709\u8fdb\u4e00\u6b65\u63d0\u9ad8\u3002", "events": [], "arguments": {"loc": [], "time": [], "country": [{"text": "\u4fc4\u7f57\u65af", "offset": 8, "length": 3}, {"text": "\u4e2d\u56fd", "offset": 17, "length": 2}, {"text": "\u7f8e\u56fd", "offset": 25, "length": 2}], "weapon": [{"text": "\u82cf-57", "offset": 12, "length": 4}, {"text": "\u6b7c-20", "offset": 20, "length": 4}, {"text": "F-35", "offset": 28, "length": 4}, {"text": "F-22", "offset": 33, "length": 4}]}}, {"sentence": "\u5728\u7814\u5236\u516d\u4ee3\u673a\u7684\u8fc7\u7a0b\u4e2d\uff0c\u7f8e\u56fd\u7a7a\u519b\u548c\u6d77\u519b\u6709\u7740\u4e0d\u540c\u7684\u9700\u6c42\uff1a\u7f8e\u7a7a\u519b\u5e0c\u671b\u8fd9\u6b3e\u98de\u673a\u98de\u5f97\u66f4\u9ad8\u66f4\u8fdc\u2014\u2014\u66f4\u9ad8\uff0c\u80fd\u4e0d\u80fd\u8fdb\u5165\u592a\u7a7a\uff1b\u66f4\u8fdc\uff0c\u80fd\u4e0d\u80fd\u6d32\u9645\u98de\u884c\u3002", "events": [], "arguments": {"loc": [], "time": [], "country": [{"text": "\u7f8e\u56fd", "offset": 11, "length": 2}], "weapon": [{"text": "\u516d\u4ee3\u673a", "offset": 3, "length": 3}]}}, {"sentence": "\u7f8e\u6d77\u519b\u5219\u8981\u6c42\u6709\u66f4\u5f3a\u7684\u653b\u51fb\u80fd\u529b\u3002", "events": [], "arguments": {"loc": [], "time": [], "country": [{"text": "\u7f8e", "offset": 0, "length": 1}], "weapon": []}}, {"sentence": "\u4e94\u4ee3\u673a\u6700\u5927\u7279\u70b9\u662f\u9690\u8eab\u6280\u672f\uff0c\u800c\u4f55\u4e3a\u516d\u4ee3\u673a\uff0c\u81f3\u4eca\u6ca1\u6709\u6807\u51c6\u3002", "events": [], "arguments": {"loc": [], "time": [], "country": [], "weapon": [{"text": "\u4e94\u4ee3\u673a", "offset": 0, "length": 3}, {"text": "\u516d\u4ee3\u673a", "offset": 16, "length": 3}]}}, {"sentence": "\u7f8e\u7a7a\u519b\u7814\u5236\u7684\u6240\u8c13\u516d\u4ee3\u673a\uff0c\u662f\u5728B-21\u8f70\u70b8\u673a\u57fa\u7840\u4e0a\u7f29\u5c0f\u4f5c\u4e3a\u516d\u4ee3\u673a\u4f7f\u7528\uff1b\u7f8e\u6d77\u519b\u7814\u5236\u7684\u516d\u4ee3\u673a\uff0c\u5219\u8981\u6c42\u6302\u8f7d\u66f4\u591a\u6b66\u5668\u88c5\u5907\uff0c\u66f4\u597d\u5bf9\u6d77\u3001\u5bf9\u9646\u653b\u51fb\u3002", "events": [{"trigger": {"text": "\u7814\u5236", "offset": 37, "length": 2}, "subject": {"text": "\u7f8e\u7a7a\u519b", "offset": 0, "length": 3}, "object": {"text": "\u516d\u4ee3\u673a", "offset": 40, "length": 3}}], "arguments": {"loc": [], "time": [], "country": [{"text": "\u7f8e", "offset": 34, "length": 1}], "weapon": [{"text": "\u516d\u4ee3\u673a", "offset": 40, "length": 3}, {"text": "B-21\u8f70\u70b8\u673a", "offset": 14, "length": 7}]}}]