[{"sentence": "\u4fc4\u519b\u6218\u6597\u673a\u8fde\u7eed\u4e24\u5929\u5728\u9ed1\u6d77\u62e6\u622a\u5317\u7ea6RC-135\u4fa6\u5bdf\u673a", "events": [{"trigger": {"text": "\u62e6\u622a", "offset": 12, "length": 2}, "subject": {"text": "\u4fc4\u519b\u6218\u6597\u673a", "offset": 0, "length": 5}, "object": {"text": "\u5317\u7ea6RC-135\u4fa6\u5bdf\u673a", "offset": 14, "length": 11}}], "arguments": {"loc": [{"text": "\u9ed1\u6d77", "offset": 10, "length": 2}], "time": [], "country": [{"text": "\u4fc4", "offset": 0, "length": 1}], "weapon": []}}, {"sentence": "\u3010\u73af\u7403\u7f51\u519b\u4e8b\u62a5\u9053\u3011", "events": [], "arguments": {"loc": [], "time": [], "country": [], "weapon": []}}, {"sentence": "\u4fc4\u7f57\u65af\u536b\u661f\u901a\u8baf\u793e9\u670816\u65e5\u62a5\u9053\uff0c\u636e\u4fc4\u7f57\u65af\u56fd\u9632\u7ba1\u7406\u4e2d\u5fc3\u6d88\u606f\uff0c9\u670816\u65e5\uff0c\u4fc4\u519b\u82cf-27\u6218\u673a\u5728\u9ed1\u6d77\u4e0a\u7a7a\u62e6\u622a\u4e86\u82f1\u519b\u7684RC-135\u4fa6\u5bdf\u673a\u3002", "events": [{"trigger": {"text": "\u62e6\u622a", "offset": 48, "length": 2}, "subject": {"text": "\u4fc4\u519b\u82cf-27\u6218\u673a", "offset": 35, "length": 8}, "object": {"text": "\u82f1\u519b\u7684RC-135\u4fa6\u5bdf\u673a", "offset": 51, "length": 12}}], "arguments": {"loc": [{"text": "\u9ed1\u6d77\u4e0a\u7a7a", "offset": 44, "length": 4}], "time": [{"text": "9\u670816\u65e5", "offset": 29, "length": 5}], "country": [{"text": "\u4fc4\u7f57\u65af", "offset": 17, "length": 3}], "weapon": [{"text": "\u82cf-27\u6218\u673a", "offset": 37, "length": 6}, {"text": "RC-135\u4fa6\u5bdf\u673a", "offset": 54, "length": 9}]}}, {"sentence": "\u4fc4\u56fd\u9632\u90e8\u5728\u6d88\u606f\u4e2d\u8bf4\uff1a\u201c2020\u5e749\u670816\u65e5\uff0c\u4fc4\u7f57\u65af\u7a7a\u57df\u76d1\u63a7\u8bbe\u5907\u5728\u9ed1\u6d77\u4e2d\u7acb\u6c34\u57df\u4e0a\u7a7a\u53d1\u73b0\u4e00\u4e2a\u76ee\u6807\u6b63\u5728\u5411\u4fc4\u7f57\u65af\u8fb9\u5883\u9760\u8fd1\u3002", "events": [{"trigger": {"text": "\u9760\u8fd1", "offset": 54, "length": 2}, "subject": {"text": "\u4e00\u4e2a\u76ee\u6807", "offset": 42, "length": 4}, "object": {"text": "\u4fc4\u7f57\u65af\u8fb9\u5883", "offset": 49, "length": 5}}], "arguments": {"loc": [{"text": "\u9ed1\u6d77\u4e2d\u7acb\u6c34\u57df\u4e0a\u7a7a", "offset": 32, "length": 8}], "time": [{"text": "2020\u5e749\u670816\u65e5", "offset": 11, "length": 10}], "country": [{"text": "\u4fc4\u7f57\u65af", "offset": 49, "length": 3}], "weapon": []}}, {"sentence": "\u201d", "events": [], "arguments": {"loc": [], "time": [], "country": [], "weapon": []}}, {"sentence": "\u4fc4\u56fd\u9632\u90e8\u8868\u793a\uff1a\u201c\u4fc4\u519b\u98de\u884c\u5458\u9a7e\u673a\u63a5\u8fd1\u76ee\u6807\u81f3\u5b89\u5168\u8ddd\u79bb\uff0c\u8bc6\u522b\u51fa\u76ee\u6807\u4e3a\u82f1\u56fd\u7a7a\u519bRC-135\u4fa6\u5bdf\u673a\u3002", "events": [], "arguments": {"loc": [], "time": [], "country": [{"text": "\u4fc4", "offset": 8, "length": 1}], "weapon": [{"text": "RC-135\u4fa6\u5bdf\u673a", "offset": 35, "length": 9}]}}, {"sentence": "\u5728\u5916\u519b\u98de\u673a\u98de\u79bb\u4fc4\u7f57\u65af\u8fb9\u754c\u540e\uff0c\u4fc4\u519b\u6218\u673a\u8fd4\u56de\u9a7b\u5730\u673a\u573a\u201d\u3002", "events": [], "arguments": {"loc": [{"text": "\u4fc4\u7f57\u65af\u8fb9\u754c", "offset": 7, "length": 5}], "time": [], "country": [{"text": "\u4fc4", "offset": 14, "length": 1}], "weapon": []}}, {"sentence": "\u4fc4\u56fd\u9632\u90e8\u5f3a\u8c03\u6307\u51fa\uff0c\u82cf-27\u6218\u673a\u5728\u6574\u4e2a\u98de\u884c\u671f\u95f4\u4e25\u683c\u9075\u5b88\u4e86\u56fd\u9645\u7a7a\u57df\u4f7f\u7528\u89c4\u5219\u3002", "events": [], "arguments": {"loc": [], "time": [], "country": [{"text": "\u4fc4", "offset": 0, "length": 1}], "weapon": [{"text": "\u82cf-27\u6218\u673a", "offset": 9, "length": 6}]}}, {"sentence": "\u6ca1\u6709\u53d1\u751f\u5916\u56fd\u519b\u673a\u4fb5\u72af\u4fc4\u7f57\u65af\u9886\u7a7a\u7684\u60c5\u51b5\u3002", "events": [], "arguments": {"loc": [], "time": [], "country": [{"text": "\u4fc4\u7f57\u65af", "offset": 10, "length": 3}], "weapon": []}}, {"sentence": "\u636e\u6089\uff0c\u4fc4\u7f57\u65af\u6218\u6597\u673a\u4ee5\u53ca\u8fde\u7eed\u4e24\u5929\u5728\u9ed1\u6d77\u4e0a\u7a7a\u62e6\u622a\u5317\u7ea6RC-135\u4fa6\u5bdf\u673a\u3002", "events": [{"trigger": {"text": "\u62e6\u622a", "offset": 20, "length": 2}, "subject": {"text": "\u4fc4\u7f57\u65af\u6218\u6597\u673a", "offset": 3, "length": 6}, "object": {"text": "\u5317\u7ea6RC-135\u4fa6\u5bdf\u673a", "offset": 22, "length": 11}}], "arguments": {"loc": [{"text": "\u9ed1\u6d77\u4e0a\u7a7a", "offset": 16, "length": 4}], "time": [], "country": [{"text": "\u4fc4\u7f57\u65af", "offset": 3, "length": 3}], "weapon": [{"text": "RC-135\u4fa6\u5bdf\u673a", "offset": 24, "length": 9}]}}, {"sentence": "\u4fc4\u7f57\u65af\u56fd\u9632\u90e8\u56fd\u5bb6\u56fd\u9632\u7ba1\u7406\u4e2d\u5fc39\u670815\u65e5\u53d1\u5e03\u6d88\u606f\u79f0\uff0c\u5f53\u5929\uff0c\u7f8e\u82f1\u4e24\u56fd\u5404\u6d3e\u51fa\u4e00\u67b6\u4fa6\u5bdf\u673a\u5728\u9ed1\u6d77\u4e0a\u7a7a\u5411\u4fc4\u8fb9\u754c\u9760\u8fd1\uff0c\u4fc4\u519b\u82cf-27\u6218\u673a\u5347\u7a7a\u6212\u5907\u3002", "events": [{"trigger": {"text": "\u9760\u8fd1", "offset": 49, "length": 2}, "subject": {"text": "\u7f8e\u82f1\u4e24\u56fd\u5404\u6d3e\u51fa\u4e00\u67b6\u4fa6\u5bdf\u673a", "offset": 28, "length": 12}, "object": {"text": "\u4fc4\u8fb9\u754c", "offset": 46, "length": 3}}], "arguments": {"loc": [{"text": "\u9ed1\u6d77\u4e0a\u7a7a", "offset": 41, "length": 4}, {"text": "\u4fc4\u8fb9\u754c", "offset": 46, "length": 3}], "time": [{"text": "9\u670815\u65e5", "offset": 14, "length": 5}], "country": [{"text": "\u4fc4\u7f57\u65af", "offset": 0, "length": 3}], "weapon": [{"text": "\u82cf-27\u6218\u673a", "offset": 54, "length": 6}]}}, {"sentence": "\u4fc4\u56fd\u9632\u90e8\u5728\u6d88\u606f\u4e2d\u8bf4\uff1a\u201c\u4fc4\u519b\u98de\u884c\u5458\u9a7e\u673a\u63a5\u8fd1\u76ee\u6807\u81f3\u5b89\u5168\u8ddd\u79bb\uff0c\u8bc6\u522b\u51fa\u76ee\u6807\u5206\u522b\u4e3a\u7f8e\u56fd\u7a7a\u519b\u3001\u82f1\u56fd\u7a7a\u519b\u7684RC-135\u4fa6\u5bdf\u673a\u3002", "events": [], "arguments": {"loc": [], "time": [], "country": [{"text": "\u4fc4", "offset": 11, "length": 1}, {"text": "\u7f8e\u56fd", "offset": 36, "length": 2}, {"text": "\u82f1\u56fd", "offset": 41, "length": 2}], "weapon": [{"text": "RC-135\u4fa6\u5bdf\u673a", "offset": 46, "length": 9}]}}, {"sentence": "\u201d", "events": [], "arguments": {"loc": [], "time": [], "country": [], "weapon": []}}]