[{"sentence": "\u6cf0\u56fd\u9009\u5b9a\u4e2d\u56fdVN16\u4e24\u6816\u5766\u514b\u4f5c\u4e3b\u529b\u88c5\u5907\u00a0\u5c06\u90e8\u7f72\u5728071\u578b\u767b\u9646\u8230\u4e0a", "events": [{"trigger": {"text": "\u9009\u5b9a", "offset": 2, "length": 2}, "subject": {"text": "\u6cf0\u56fd", "offset": 0, "length": 2}, "object": {"text": "\u4e2d\u56fdVN16\u4e24\u6816\u5766\u514b", "offset": 4, "length": 10}}, {"trigger": {"text": "\u90e8\u7f72", "offset": 21, "length": 2}, "subject": {"text": "\u4e2d\u56fdVN16\u4e24\u6816\u5766\u514b", "offset": 4, "length": 10}, "object": {"text": "071\u578b\u767b\u9646\u8230", "offset": 24, "length": 7}}], "arguments": {"loc": [], "time": [], "country": [{"text": "\u6cf0\u56fd", "offset": 0, "length": 2}, {"text": "\u4e2d\u56fd", "offset": 4, "length": 2}], "weapon": [{"text": "VN16\u4e24\u6816\u5766\u514b", "offset": 6, "length": 8}, {"text": "071\u578b\u767b\u9646\u8230", "offset": 24, "length": 7}]}}, {"sentence": "\u3010\u73af\u7403\u7f51\u62a5\u9053 \u8bb0\u8005 \u9a6c\u5ca9\u3011", "events": [], "arguments": {"loc": [], "time": [], "country": [], "weapon": []}}, {"sentence": "\u636e\u300a\u7b80\u6c0f\u9632\u52a1\u5468\u520a\u300b\u7f51\u7ad99\u670815\u65e5\u62a5\u9053\uff0c\u6cf0\u56fd\u5df2\u7ecf\u9009\u5b9a\u4e2d\u56fd\u5236\u9020\u7684VN16\u4e24\u6816\u8f7b\u578b\u5766\u514b\u4f5c\u4e3a\u5176\u6d77\u519b\u9646\u6218\u961f\u7684\u9aa8\u5e72\u88c5\u5907\uff0c\u8fd9\u4e9b\u5766\u514b\u5c06\u90e8\u7f72\u5728071\u578b\u767b\u9646\u8230\u4e0a\u3002", "events": [{"trigger": {"text": "\u9009\u5b9a", "offset": 23, "length": 2}, "subject": {"text": "\u6cf0\u56fd", "offset": 19, "length": 2}, "object": {"text": "\u4e2d\u56fd\u5236\u9020\u7684VN16\u4e24\u6816\u8f7b\u578b\u5766\u514b", "offset": 25, "length": 15}}, {"trigger": {"text": "\u90e8\u7f72", "offset": 59, "length": 2}, "subject": {"text": "\u4e2d\u56fd\u5236\u9020\u7684VN16\u4e24\u6816\u8f7b\u578b\u5766\u514b", "offset": 25, "length": 15}, "object": {"text": "071\u578b\u767b\u9646\u8230", "offset": 62, "length": 7}}], "arguments": {"loc": [], "time": [{"text": "9\u670815\u65e5", "offset": 11, "length": 5}], "country": [{"text": "\u6cf0\u56fd", "offset": 19, "length": 2}, {"text": "\u4e2d\u56fd", "offset": 25, "length": 2}], "weapon": [{"text": "\u5766\u514b", "offset": 56, "length": 2}, {"text": "071\u578b\u767b\u9646\u8230", "offset": 62, "length": 7}]}}, {"sentence": "2019\u5e749\u6708\uff0c\u6cf0\u56fd\u4e0e\u4e2d\u56fd\u7b7e\u7f72\u5408\u540c\uff0c\u8d2d\u4e70\u4e00\u8258071\u578b\u767b\u9646\u8230\u3002", "events": [{"trigger": {"text": "\u8d2d\u4e70", "offset": 18, "length": 2}, "subject": {"text": "\u6cf0\u56fd", "offset": 8, "length": 2}, "object": {"text": "071\u578b\u767b\u9646\u8230", "offset": 22, "length": 7}}], "arguments": {"loc": [], "time": [{"text": "2019\u5e749\u6708", "offset": 0, "length": 7}], "country": [{"text": "\u6cf0\u56fd", "offset": 8, "length": 2}, {"text": "\u4e2d\u56fd", "offset": 11, "length": 2}], "weapon": [{"text": "071\u578b\u767b\u9646\u8230", "offset": 22, "length": 7}]}}, {"sentence": "VN16\u662f\u4e2d\u56fdZTD-05\u4e24\u6816\u7a81\u51fb\u8f66\u7684\u5916\u9500\u578b\uff0c\u5176\u4e3b\u8981\u6b66\u5668\u4e3a\u4e00\u95e8105\u6beb\u7c73\u706b\u70ae\uff0c\u5176\u53ef\u4ee5\u53d1\u5c04\u7a7f\u7532\u5f39\u3001\u9ad8\u7206\u5f39\u3001\u9ad8\u7206\u53cd\u5766\u514b\u5f39\uff0c\u4ee5\u53ca\u4e2d\u56fd\u81ea\u884c\u7814\u5236\u7684\u6fc0\u5149\u5236\u5bfc\u53cd\u5766\u514b\u5bfc\u5f39\u3002", "events": [], "arguments": {"loc": [], "time": [], "country": [{"text": "\u4e2d\u56fd", "offset": 61, "length": 2}], "weapon": [{"text": "ZTD-05\u4e24\u6816\u7a81\u51fb\u8f66", "offset": 7, "length": 11}, {"text": "105\u6beb\u7c73\u706b\u70ae", "offset": 31, "length": 7}, {"text": "\u7a7f\u7532\u5f39", "offset": 44, "length": 3}, {"text": "\u9ad8\u7206\u5f39", "offset": 48, "length": 3}, {"text": "\u9ad8\u7206\u53cd\u5766\u514b\u5f39", "offset": 52, "length": 6}, {"text": "\u6fc0\u5149\u5236\u5bfc\u53cd\u5766\u514b\u5bfc\u5f39", "offset": 68, "length": 9}]}}, {"sentence": "VN16\u5171\u67094\u540d\u6210\u5458\uff0c\u5305\u62ec\u8f66\u957f\u3001\u9a7e\u9a76\u5458\u3001\u70ae\u624b\u548c\u88c5\u586b\u624b\u3002", "events": [], "arguments": {"loc": [], "time": [], "country": [], "weapon": []}}, {"sentence": "\u5176\u8f66\u4f53\u548c\u70ae\u5854\u91c7\u7528\u4e86\u5168\u710a\u63a5\u88c5\u7532\uff0c\u524d\u90e8\u88c5\u7532\u53ef\u4ee5\u62b5\u5fa125\u6beb\u7c73\u7a7f\u7532\u5f39\uff0c\u5176\u5b83\u90e8\u4f4d\u88c5\u7532\u53ef\u96327.62\u6beb\u7c73\u7a7f\u7532\u5f39\u3002", "events": [], "arguments": {"loc": [], "time": [], "country": [], "weapon": [{"text": "25\u6beb\u7c73\u7a7f\u7532\u5f39", "offset": 23, "length": 7}, {"text": "7.62\u6beb\u7c73\u7a7f\u7532\u5f39", "offset": 39, "length": 9}]}}, {"sentence": "VN16\u4e0a\u7684\u8bbe\u5907\u5305\u62ec\u7535\u5b50\u706b\u63a7\u7cfb\u7edf\u3001\u6fc0\u5149\u6d4b\u8ddd\u4eea\u3001\u88ab\u52a8\u591c\u89c6\u4eea\u3001\u5bfc\u822a\u7cfb\u7edf\u3001\u70ed\u6210\u50cf\u7cfb\u7edf\u7b49\u3002", "events": [], "arguments": {"loc": [], "time": [], "country": [], "weapon": []}}, {"sentence": "\u5176\u5728\u6c34\u4e2d\u7531\u4e24\u53f0\u5927\u578b\u63a8\u8fdb\u5668\u63d0\u4f9b\u52a8\u529b\uff0c\u6700\u5927\u822a\u901f\u6bcf\u5c0f\u65f628\u516c\u91cc\u3002", "events": [], "arguments": {"loc": [], "time": [], "country": [], "weapon": []}}]