[{"sentence": "\u4f0a\u62c9\u514b\u4e00\u5929\u53d1\u751f3\u8d77\u9488\u5bf9\u897f\u65b9\u76ee\u6807\u7684\u88ad\u51fb\u00a0\u4f0a\u5b98\u5458\u8ba4\u4e3a\u6216\u7531\u4e8e\u56fd\u5185\u77db\u76fe", "events": [{"trigger": {"text": "\u88ad\u51fb", "offset": 16, "length": 2}, "subject": {"text": "\u4f0a\u62c9\u514b", "offset": 0, "length": 3}, "object": {"text": "\u897f\u65b9\u76ee\u6807", "offset": 11, "length": 4}}], "arguments": {"loc": [], "time": [], "country": [{"text": "\u4f0a\u62c9\u514b", "offset": 0, "length": 3}], "weapon": []}}, {"sentence": "\u3010\u73af\u7403\u7f51\u62a5\u9053 \u8bb0\u8005 \u9a6c\u5ca9\u3011", "events": [], "arguments": {"loc": [], "time": [], "country": [], "weapon": []}}, {"sentence": "\u636e\u300a\u6c99\u5df4\u65e5\u62a5\u300b\u7f51\u7ad99\u670815\u65e5\u62a5\u9053\uff0c\u5728\u4e00\u5929\u4e4b\u5185\uff0c\u4f0a\u62c9\u514b\u5171\u53d1\u751f\u4e863\u8d77\u9488\u5bf9\u897f\u65b9\u56fd\u5bb6\u5916\u4ea4\u6216\u519b\u4e8b\u8bbe\u65bd\u7684\u88ad\u51fb\u3002", "events": [{"trigger": {"text": "\u88ad\u51fb", "offset": 46, "length": 2}, "subject": {"text": "\u4f0a\u62c9\u514b", "offset": 23, "length": 3}, "object": {"text": "", "offset": 0, "length": 0}}], "arguments": {"loc": [], "time": [{"text": "9\u670815\u65e5", "offset": 9, "length": 5}], "country": [{"text": "\u4f0a\u62c9\u514b", "offset": 23, "length": 3}], "weapon": []}}, {"sentence": "\u62a5\u9053\u79f0\uff0c\u8fd9\u4e9b\u88ad\u51fb\u6ca1\u6709\u9020\u6210\u4eba\u5458\u4f24\u4ea1\uff0c\u4f0a\u62c9\u514b\u5b98\u5458\u8ba4\u4e3a\u5176\u76ee\u7684\u662f\u5a01\u80c1\u6b63\u5728\u6253\u51fb\u8150\u8d25\u7684\u653f\u5e9c\u3002", "events": [], "arguments": {"loc": [], "time": [], "country": [{"text": "\u4f0a\u62c9\u514b", "offset": 17, "length": 3}], "weapon": []}}, {"sentence": "\u5f53\u5929\u65e9\u6668\uff0c\u82f1\u56fd\u5927\u4f7f\u9986\u7684\u4e00\u8f86\u6c7d\u8f66\u4ece\u5df4\u683c\u8fbe\u673a\u573a\u8fd4\u56de\u65f6\uff0c\u906d\u9047\u4e86\u7b80\u6613\u7206\u70b8\u88c5\u7f6e\u7684\u88ad\u51fb\uff0c\u8fd9\u662f\u8fc7\u53bb\u5341\u591a\u5e74\u6765\uff0c\u9996\u6b21\u6709\u82f1\u56fd\u653f\u5e9c\u7684\u8f66\u8f86\u5728\u4f0a\u62c9\u514b\u906d\u5230\u88ad\u51fb\u3002", "events": [{"trigger": {"text": "\u88ad\u51fb", "offset": 63, "length": 2}, "subject": {"text": "\u7b80\u6613\u7206\u70b8\u88c5\u7f6e", "offset": 28, "length": 6}, "object": {"text": "\u82f1\u56fd\u5927\u4f7f\u9986\u7684\u4e00\u8f86\u6c7d\u8f66", "offset": 5, "length": 10}}], "arguments": {"loc": [{"text": "\u5df4\u683c\u8fbe\u673a\u573a", "offset": 16, "length": 5}], "time": [{"text": "\u5f53\u5929\u65e9\u6668", "offset": 0, "length": 4}], "country": [{"text": "\u82f1\u56fd", "offset": 50, "length": 2}, {"text": "\u4f0a\u62c9\u514b", "offset": 58, "length": 3}], "weapon": [{"text": "\u7b80\u6613\u7206\u70b8\u88c5\u7f6e", "offset": 28, "length": 6}]}}, {"sentence": "\u5f53\u5929\u591c\u95f4\uff0c\u4e24\u679a\u201c\u5580\u79cb\u838e\u201d\u706b\u7bad\u5f39\u88ad\u51fb\u4e86\u7f8e\u56fd\u9a7b\u4f0a\u62c9\u514b\u5927\u4f7f\u9986\uff0c\u5927\u4f7f\u9986\u7684C-RAM\u706b\u7bad\u9632\u5fa1\u7cfb\u7edf\u62e6\u622a\u4e86\u4e24\u679a\u706b\u7bad\u5f39\u3002", "events": [{"trigger": {"text": "\u88ad\u51fb", "offset": 15, "length": 2}, "subject": {"text": "\u4e24\u679a\u201c\u5580\u79cb\u838e\u201d\u706b\u7bad\u5f39", "offset": 5, "length": 10}, "object": {"text": "\u7f8e\u56fd\u9a7b\u4f0a\u62c9\u514b\u5927\u4f7f\u9986", "offset": 18, "length": 9}}], "arguments": {"loc": [{"text": "\u7f8e\u56fd\u9a7b\u4f0a\u62c9\u514b\u5927\u4f7f\u9986", "offset": 18, "length": 9}], "time": [], "country": [{"text": "\u7f8e\u56fd", "offset": 18, "length": 2}], "weapon": [{"text": "\u706b\u7bad\u5f39", "offset": 48, "length": 3}, {"text": "C-RAM\u706b\u7bad\u9632\u5fa1\u7cfb\u7edf", "offset": 32, "length": 11}]}}, {"sentence": "\u4eca\u5e74\u65e9\u4e9b\u65f6\u5019\u90e8\u7f72\u5728\u7f8e\u56fd\u9a7b\u4f0a\u62c9\u514b\u5927\u4f7f\u9986\u7684C-RAM\u9632\u5fa1\u7cfb\u7edf\u53ef\u4ee5\u53d1\u73b0\u6765\u88ad\u706b\u7bad\u5f39\u6216\u5bfc\u5f39\uff0c\u5e76\u4ee5\u6bcf\u5206\u949f\u53d1\u5c04\u6570\u5343\u5b50\u5f39\u7684\u5c04\u901f\u4e88\u4ee5\u62e6\u622a\u3002", "events": [], "arguments": {"loc": [{"text": "\u7f8e\u56fd\u9a7b\u4f0a\u62c9\u514b\u5927\u4f7f\u9986", "offset": 9, "length": 9}], "time": [], "country": [{"text": "\u7f8e\u56fd", "offset": 9, "length": 2}], "weapon": [{"text": "\u706b\u7bad\u5f39", "offset": 34, "length": 3}, {"text": "\u5bfc\u5f39", "offset": 38, "length": 2}, {"text": "\u5b50\u5f39", "offset": 50, "length": 2}]}}, {"sentence": "\u6b64\u5916\uff0c\u4e00\u652f\u7f8e\u519b\u8f66\u961f\u5f53\u5929\u8fd8\u906d\u5230\u4e86\u4e24\u4e2a\u7206\u70b8\u88c5\u7f6e\u7684\u88ad\u51fb\u3002", "events": [{"trigger": {"text": "\u88ad\u51fb", "offset": 22, "length": 2}, "subject": {"text": "\u4e24\u4e2a\u7206\u70b8\u88c5\u7f6e", "offset": 15, "length": 6}, "object": {"text": "\u4e00\u652f\u7f8e\u519b\u8f66\u961f", "offset": 3, "length": 6}}], "arguments": {"loc": [], "time": [], "country": [{"text": "\u7f8e", "offset": 5, "length": 1}], "weapon": [{"text": "\u7206\u70b8\u88c5\u7f6e", "offset": 17, "length": 4}]}}, {"sentence": "\u4f0a\u62c9\u514b\u60c5\u62a5\u673a\u6784\u6307\u8d23\u4f0a\u6717\u652f\u6301\u7684\u4e00\u4e2a\u6c11\u5175\u7ec4\u7ec7\u53d1\u52a8\u4e86\u8fd9\u51e0\u8d77\u88ad\u51fb\u3002", "events": [], "arguments": {"loc": [], "time": [], "country": [{"text": "\u4f0a\u62c9\u514b", "offset": 0, "length": 3}], "weapon": []}}, {"sentence": "\u800c\u6709\u4f0a\u62c9\u514b\u9ad8\u7ea7\u5b98\u5458\u8ba4\u4e3a\uff0c\u8fd9\u4e9b\u88ad\u51fb\u662f\u9488\u5bf9\u5361\u8fea\u7c73\u7684\u6539\u9769\uff0c\u56e0\u4e3a\u4e00\u4e9b\u52bf\u529b\u8ba4\u4e3a\u4ed6\u7684\u6539\u9769\u4f1a\u5265\u593a\u4ed6\u4eec\u7684\u8d44\u91d1\u6765\u6e90\u3002", "events": [], "arguments": {"loc": [], "time": [], "country": [{"text": "\u4f0a\u62c9\u514b", "offset": 2, "length": 3}], "weapon": []}}, {"sentence": "\uff08\u5b8c\uff09", "events": [], "arguments": {"loc": [], "time": [], "country": [], "weapon": []}}, {"sentence": "\uff08\u5b8c\uff09", "events": [], "arguments": {"loc": [], "time": [], "country": [], "weapon": []}}]