[{"sentence": "\u7f8e\u519b\u516d\u4ee3\u673a\u7814\u5236\u8fdb\u5c55\u610f\u5916\u66dd\u5149\u00a0\u5df2\u9020\u51fa\u9a8c\u8bc1\u673a\u5e76\u8fdb\u884c\u8bd5\u98de", "events": [{"trigger": {"text": "\u66dd\u5149", "offset": 11, "length": 2}, "subject": {"text": "\u7f8e\u519b", "offset": 0, "length": 2}, "object": {"text": "\u516d\u4ee3\u673a\u7814\u5236\u8fdb\u5c55", "offset": 2, "length": 7}}], "arguments": {"loc": [], "time": [], "country": [{"text": "\u7f8e", "offset": 0, "length": 1}], "weapon": [{"text": "\u516d\u4ee3\u673a", "offset": 2, "length": 3}]}}, {"sentence": "\u3010\u73af\u7403\u7f51\u62a5\u9053 \u8bb0\u8005 \u5f90\u7490\u660e\u3011", "events": [], "arguments": {"loc": [], "time": [], "country": [], "weapon": []}}, {"sentence": "\u4e00\u540d\u7f8e\u56fd\u4e13\u5bb6\u5728\u8fd1\u65e5\u7684\u4e00\u6b21\u4f1a\u8bae\u4e0a\u610f\u5916\u900f\u9732\u4e86\u7f8e\u56fd\u4e0b\u4e00\u4ee3\u6218\u673a\u7684\u7814\u5236\u60c5\u51b5\uff0c\u4ed6\u8868\u793a\u7f8e\u56fd\u5df2\u7ecf\u5efa\u9020\u5e76\u8bd5\u98de\u4e86\u4e00\u67b6\u5168\u5c3a\u5bf8\u7684\u6f14\u793a\u673a\uff0c\u7f8e\u5a92\u79f0\u8fd9\u8868\u660e\u7f8e\u56fd\u5728\u516d\u4ee3\u673a\u7684\u7814\u5236\u4e0a\u5df2\u7ecf\u8fdb\u5165\u4e86\u5b9e\u673a\u6d4b\u8bd5\u9636\u6bb5\u3002", "events": [{"trigger": {"text": "\u5efa\u9020\u5e76\u8bd5\u98de", "offset": 40, "length": 5}, "subject": {"text": "\u7f8e\u56fd", "offset": 62, "length": 2}, "object": {"text": "\u4e00\u67b6\u5168\u5c3a\u5bf8\u7684\u6f14\u793a\u673a", "offset": 46, "length": 9}}], "arguments": {"loc": [], "time": [], "country": [{"text": "\u7f8e\u56fd", "offset": 62, "length": 2}], "weapon": [{"text": "\u516d\u4ee3\u673a", "offset": 65, "length": 3}]}}, {"sentence": "\u7f8e\u56fd\u7a7a\u519b\u91c7\u8d2d\u90e8\u95e8\u7684\u52a9\u7406\u79d8\u4e66\u957f\u5a01\u5c14\u00b7\u7f57\u73c0\u535a\u58eb\u57289\u670815\u65e5\u7684\u7f8e\u56fd\u7a7a\u519b\u534f\u4f1a\u4e3e\u529e\u7684\u201c\u865a\u62df\u7a7a\u5929\u548c\u7f51\u7edc\u4f1a\u8bae\u201d\u4e0a\u8868\u793a\uff0c\u7f8e\u56fd\u5df2\u7ecf\u5f00\u59cb\u8fdb\u884c\u201c\u4e0b\u4e00\u4ee3\u7a7a\u4e2d\u4f18\u52bf\u201d\u9879\u76ee\u7684\u98de\u884c\u6d4b\u8bd5\u3002", "events": [{"trigger": {"text": "\u6d4b\u8bd5", "offset": 74, "length": 2}, "subject": {"text": "\u7f8e\u56fd", "offset": 52, "length": 2}, "object": {"text": "\u201c\u4e0b\u4e00\u4ee3\u7a7a\u4e2d\u4f18\u52bf\u201d\u9879\u76ee", "offset": 60, "length": 11}}], "arguments": {"loc": [], "time": [{"text": "9\u670815\u65e5", "offset": 22, "length": 5}], "country": [{"text": "\u7f8e\u56fd", "offset": 52, "length": 2}], "weapon": []}}, {"sentence": "\u201c\u6211\u4eec\u5df2\u7ecf\u5efa\u9020\u5e76\u8bd5\u98de\u4e86\u4e00\u67b6\u5168\u5c3a\u5bf8\u7684\u98de\u884c\u6f14\u793a\u673a\uff0c\u201d\u7f57\u73c0\u5728\u63a5\u53d7\u91c7\u8bbf\u65f6\u8bc1\u5b9e\uff0c\u201c\u6211\u4eec\u6253\u7834\u4e86\u8fd9\u65b9\u9762\u7684\u7eaa\u5f55\uff0c\u6211\u4eec\u5df2\u7ecf\u51c6\u5907\u597d\u4ee5\u524d\u6240\u672a\u6709\u7684\u65b9\u5f0f\u5236\u9020\u4e0b\u4e00\u4ee3\u98de\u673a\u3002", "events": [], "arguments": {"loc": [], "time": [], "country": [], "weapon": []}}, {"sentence": "\u201d", "events": [], "arguments": {"loc": [], "time": [], "country": [], "weapon": []}}, {"sentence": "\u62a5\u9053\u79f0\uff0c\u5c3d\u7ba1\u73b0\u5728\u8fd8\u65e0\u6cd5\u786e\u5b9a\u8fd9\u67b6\u98de\u884c\u6f14\u793a\u673a\u662f\u5426\u5c31\u662f\u201c\u4e0b\u4e00\u4ee3\u7a7a\u4e2d\u4f18\u52bf\u201d\u9879\u76ee\u7684\u539f\u578b\u673a\uff0c\u4f46\u5f88\u660e\u663e\u7684\u662f\uff0c\u7f8e\u56fd\u5728\u7814\u5236\u65b0\u4e00\u4ee3\u6218\u6597\u673a\u65b9\u9762\u5df2\u7ecf\u8d70\u5230\u4e86\u5b9e\u673a\u6d4b\u8bd5\u7684\u9636\u6bb5\u3002", "events": [], "arguments": {"loc": [], "time": [], "country": [{"text": "\u7f8e\u56fd", "offset": 47, "length": 2}], "weapon": [{"text": "\u539f\u578b\u673a", "offset": 36, "length": 3}, {"text": "\u65b0\u4e00\u4ee3\u6218\u6597\u673a", "offset": 52, "length": 6}]}}, {"sentence": "\u7f57\u73c0\u63d0\u5230\u7684\u201c\u6253\u7834\u7eaa\u5f55\u201d\u53ef\u80fd\u4f1a\u8ba9\u4eba\u8054\u60f3\u5230\u6709\u4eba\u9a7e\u9a76\u98de\u673a\u6311\u6218\u7a7a\u4e2d\u6781\u9650\u7684\u753b\u9762\uff0c\u4f46\u53ef\u80fd\u4e5f\u662f\u6307\u98de\u673a\u5728\u8bbe\u8ba1\u548c\u7814\u53d1\u4e0a\u53d6\u5f97\u7684\u8fdb\u6b65\u3002", "events": [], "arguments": {"loc": [], "time": [], "country": [], "weapon": []}}, {"sentence": "\u65e0\u8bba\u5982\u4f55\uff0c\u7f8e\u56fd\u7a7a\u519b\u5df2\u7ecf\u79d8\u5bc6\u5efa\u9020\u5e76\u8bd5\u98de\u4e86\u67d0\u79cd\u9a8c\u8bc1\u673a\u3002", "events": [{"trigger": {"text": "\u79d8\u5bc6\u5efa\u9020\u5e76\u8bd5\u98de", "offset": 11, "length": 7}, "subject": {"text": "\u7f8e\u56fd\u7a7a\u519b", "offset": 5, "length": 4}, "object": {"text": "\u67d0\u79cd\u9a8c\u8bc1\u673a", "offset": 19, "length": 5}}], "arguments": {"loc": [], "time": [], "country": [{"text": "\u7f8e\u56fd", "offset": 5, "length": 2}], "weapon": []}}, {"sentence": "\u4f46\u7f57\u73c0\u6ca1\u6709\u63d0\u4f9b\u66f4\u591a\u7684\u7ec6\u8282\u8bf4\u660e\u662f\u5426\u6709\u4e0d\u6b62\u4e00\u67b6\u9a8c\u8bc1\u673a\uff0c\u6216\u8005\u5230\u76ee\u524d\u4e3a\u6b62\u5df2\u7ecf\u98de\u884c\u4e86\u591a\u5c11\u67b6\u6b21\u3002", "events": [], "arguments": {"loc": [], "time": [], "country": [], "weapon": []}}, {"sentence": "\u8fd9\u67b6\u98de\u673a\u7684\u5236\u9020\u5546\u548c\u540d\u79f0\u4e5f\u90fd\u8fd8\u662f\u4e2a\u8c1c\u3002", "events": [], "arguments": {"loc": [], "time": [], "country": [], "weapon": []}}, {"sentence": "\u76ee\u524d\u5df2\u516c\u5f00\u7684\u7f8e\u56fd\u6700\u65b0\u7684\u6218\u6597\u673a\u539f\u578b\u673a\u662f\u6ce2\u97f3\u516c\u53f8\u7684X-32\u548c\u6d1b\u514b\u5e0c\u5fb7\u00b7\u9a6c\u4e01\u516c\u53f8\u7684X-35\uff0c\u5b83\u4eec\u65e9\u572821\u4e16\u7eaa\u521d\u5c31\u53c2\u4e0e\u4e86\u201c\u8054\u5408\u653b\u51fb\u6218\u6597\u673a\u201d\u9879\u76ee\u7684\u7ade\u4e89\u3002", "events": [], "arguments": {"loc": [], "time": [{"text": "21\u4e16\u7eaa\u521d", "offset": 47, "length": 5}], "country": [{"text": "\u7f8e\u56fd", "offset": 6, "length": 2}], "weapon": [{"text": "X-32", "offset": 23, "length": 4}, {"text": "X-35", "offset": 38, "length": 4}]}}, {"sentence": "\u4efb\u4f55\u4e00\u6b3e\u65b0\u578b\u6218\u6597\u673a\u7684\u516c\u5f00\u90fd\u662f\u4e00\u4ef6\u4e0d\u540c\u5bfb\u5e38\u7684\u4e8b\uff0c\u800c\u201c\u4e0b\u4e00\u4ee3\u7a7a\u4e2d\u4f18\u52bf\u201d\u9879\u76ee\u7684\u4e25\u683c\u4fdd\u5bc6\u4f7f\u5f97\u4efb\u4f55\u4fe1\u606f\u7684\u516c\u5f00\u90fd\u4f1a\u5907\u53d7\u5173\u6ce8\u3002", "events": [], "arguments": {"loc": [], "time": [], "country": [], "weapon": []}}, {"sentence": "\u5176\u5b9e\u5c31\u5728\u5a01\u5c14\u00b7\u7f57\u73c0\u535a\u58eb\u900f\u9732\u7f8e\u56fd\u516d\u4ee3\u673a\u7684\u7814\u5236\u8fdb\u5c55\u4e4b\u524d\uff0c\u7f51\u7edc\u4e0a\u5c31\u51fa\u73b0\u4e86\u795e\u79d8\u98de\u673a\u5728\u7f8e\u519b\u57fa\u5730\u4e0a\u7a7a\u8bd5\u98de\u7684\u753b\u9762\u3002", "events": [], "arguments": {"loc": [], "time": [], "country": [{"text": "\u7f8e\u56fd", "offset": 13, "length": 2}], "weapon": [{"text": "\u516d\u4ee3\u673a", "offset": 15, "length": 3}]}}, {"sentence": "9\u67088\u65e5\uff0c\u4e00\u67b6\u5916\u5f62\u5947\u7279\u7684\u98de\u884c\u5668\u51fa\u73b0\u5728\u7f8e\u56fd\u7a7a\u519b\u56fd\u6c11\u8b66\u536b\u961f\u6ce2\u7279\u5170\u57fa\u5730\u7684\u4e0a\u7a7a\uff0c\u4e0d\u5c11\u4eba\u90fd\u770b\u5230\u4e86\u8fd9\u4e00\u753b\u9762\u3002", "events": [], "arguments": {"loc": [], "time": [{"text": "9\u67088\u65e5", "offset": 0, "length": 4}], "country": [{"text": "\u7f8e\u56fd", "offset": 18, "length": 2}], "weapon": []}}, {"sentence": "\u8fd9\u67b6\u98de\u673a\u7684\u5916\u5f62\u5341\u5206\u5947\u7279\uff0c\u88ab\u8ba4\u4e3a\u662f\u7f8e\u519b\u201c\u4e0b\u4e00\u4ee3\u7a7a\u4e2d\u4f18\u52bf\u201d\u9879\u76ee\u7684\u516d\u4ee3\u673a\u9a8c\u8bc1\u673a\u6b63\u5728\u8fdb\u884c\u8bd5\u98de\u3002", "events": [], "arguments": {"loc": [], "time": [], "country": [{"text": "\u7f8e", "offset": 16, "length": 1}], "weapon": []}}]