[{"sentence": "\u7279\u6717\u666e\u8868\u793a\u5411\u963f\u8054\u914b\u5356F-35\u201c\u6ca1\u95ee\u9898\u201d\u00a0\u906d\u7f8e\u56fd\u4f1a\u5b98\u5458\u8d28\u7591", "events": [{"trigger": {"text": "\u8d28\u7591", "offset": 26, "length": 2}, "subject": {"text": "\u7f8e\u56fd\u4f1a\u5b98\u5458", "offset": 21, "length": 5}, "object": {"text": "\u7279\u6717\u666e", "offset": 0, "length": 3}}], "arguments": {"loc": [], "time": [], "country": [{"text": "\u963f\u8054\u914b", "offset": 6, "length": 3}, {"text": "\u7f8e\u56fd", "offset": 21, "length": 2}], "weapon": [{"text": "F-35", "offset": 10, "length": 4}]}}, {"sentence": "\u3010\u73af\u7403\u7f51\u62a5\u9053 \u8bb0\u8005 \u9a6c\u5ca9\u3011", "events": [], "arguments": {"loc": [], "time": [], "country": [], "weapon": []}}, {"sentence": "\u636e\u300a\u9632\u52a1\u65b0\u95fb\u300b\u7f51\u7ad99\u670815\u65e5\u62a5\u9053\uff0c\u5c3d\u7ba1\u4ee5\u8272\u5217\u603b\u7406\u5185\u5854\u5c3c\u4e9a\u80e1\u53cd\u5bf9\uff0c\u4f46\u7f8e\u56fd\u603b\u7edf\u7279\u6717\u666e\u8868\u793a\u201c\u4ed6\u4e2a\u4eba\u8ba4\u4e3a\u5411\u963f\u8054\u914b\u9500\u552eF-35\u6218\u6597\u673a\u6ca1\u6709\u95ee\u9898\u201d\u3002", "events": [], "arguments": {"loc": [], "time": [{"text": "9\u670815\u65e5", "offset": 9, "length": 5}], "country": [{"text": "\u4ee5\u8272\u5217", "offset": 19, "length": 3}, {"text": "\u7f8e\u56fd", "offset": 33, "length": 2}, {"text": "\u963f\u8054\u914b", "offset": 49, "length": 3}], "weapon": [{"text": "F-35\u6218\u6597\u673a", "offset": 54, "length": 7}]}}, {"sentence": "\u7279\u6717\u666e\u8fd8\u8868\u793a\uff0c\u4ed6\u613f\u610f\u5411\u5176\u5b83\u4e2d\u4e1c\u56fd\u5bb6\u9500\u552e\u5356\u7ed9\u4ee5\u8272\u5217\u7684\u6b66\u5668\u7cfb\u7edf\uff0c\u8fd9\u5c06\u6709\u5229\u4e8e\u7f8e\u56fd\u7ecf\u6d4e\u548c\u521b\u9020\u5c31\u4e1a\u3002", "events": [], "arguments": {"loc": [], "time": [], "country": [{"text": "\u4ee5\u8272\u5217", "offset": 21, "length": 3}, {"text": "\u7f8e\u56fd", "offset": 35, "length": 2}], "weapon": []}}, {"sentence": "\u7279\u6717\u666e\u91cd\u5ba1\uff0c\u4ed6\u7684\u6218\u7565\u662f\u4fc3\u4f7f\u4ee5\u8272\u5217\u4e0e\u66f4\u591a\u4e2d\u4e1c\u56fd\u5bb6\u8fbe\u6210\u548c\u5e73\u534f\u8bae\uff0c\u4ee5\u52aa\u529b\u63a8\u52a8\u5df4\u52d2\u65af\u5766\u4e0e\u4ee5\u8272\u5217\u8fbe\u6210\u548c\u5e73\u534f\u8bae\u3002", "events": [], "arguments": {"loc": [], "time": [], "country": [{"text": "\u4ee5\u8272\u5217", "offset": 40, "length": 3}], "weapon": []}}, {"sentence": "\u4f46\u53c2\u8bae\u9662\u591a\u6570\u515a\u9886\u8896\u9ea6\u5eb7\u5948\u5c14\u8b66\u544a\u8bf4\uff0c\u4efb\u4f55\u519b\u552e\u90fd\u9700\u8981\u56fd\u4f1a\u5ba1\u67e5\uff0c\u7f8e\u56fd\u5728\u5e2e\u52a9\u963f\u62c9\u4f2f\u4f19\u4f34\u56fd\u62b5\u5fa1\u65e5\u76ca\u589e\u957f\u7684\u5a01\u80c1\u7684\u540c\u65f6\uff0c\u5fc5\u987b\u786e\u4fdd\u4ee5\u8272\u5217\u7684\u519b\u4e8b\u4f18\u52bf\u4e0d\u53d7\u6311\u6218\u3002", "events": [], "arguments": {"loc": [], "time": [], "country": [{"text": "\u7f8e\u56fd", "offset": 29, "length": 2}, {"text": "\u963f\u62c9\u4f2f", "offset": 34, "length": 3}, {"text": "\u4ee5\u8272\u5217", "offset": 57, "length": 3}], "weapon": []}}, {"sentence": "\u4f17\u8bae\u9662\u8bae\u957f\u4f69\u6d1b\u897f\u4e5f\u8868\u793a\uff0c\u5bf9\u4e8e\u7279\u6717\u666e\u653f\u5e9c\u53ef\u80fd\u5411\u963f\u8054\u914b\u51fa\u552eF-35\u6218\u6597\u673a\uff0c\u56fd\u4f1a\u5c06\u5bc6\u5207\u5173\u6ce8\u548c\u76d1\u7763\uff0c\u4ee5\u786e\u4fdd\u4ee5\u8272\u5217\u80fd\u591f\u7ef4\u6301\u5728\u4e2d\u4e1c\u5730\u533a\u7684\u519b\u4e8b\u4f18\u52bf\u3002", "events": [], "arguments": {"loc": [], "time": [], "country": [{"text": "\u963f\u8054\u914b", "offset": 22, "length": 3}, {"text": "\u4ee5\u8272\u5217", "offset": 49, "length": 3}], "weapon": [{"text": "F-35\u6218\u6597\u673a", "offset": 27, "length": 7}]}}, {"sentence": "\u62a5\u9053\u79f0\uff0c\u51e0\u5341\u5e74\u6765\uff0c\u4fdd\u6301\u4ee5\u8272\u5217\u7684\u5730\u533a\u519b\u4e8b\u4f18\u52bf\u4e00\u76f4\u662f\u7f8e\u56fd\u7684\u5bf9\u4ee5\u653f\u7b56\uff0c\u4ee5\u8272\u5217\u5229\u7528\u4e0e\u7f8e\u56fd\u7684\u7d27\u5bc6\u5173\u7cfb\uff0c\u6765\u4fdd\u8bc1\u7f8e\u56fd\u4e0d\u5411\u5176\u4e34\u8fd1\u56fd\u5bb6\u51fa\u552e\u5c16\u7aef\u6b66\u5668\u3002", "events": [], "arguments": {"loc": [], "time": [], "country": [{"text": "\u4ee5\u8272\u5217", "offset": 32, "length": 3}, {"text": "\u7f8e\u56fd", "offset": 49, "length": 2}], "weapon": []}}, {"sentence": "\uff08\u5b8c\uff09", "events": [], "arguments": {"loc": [], "time": [], "country": [], "weapon": []}}, {"sentence": "\uff08\u5b8c\uff09", "events": [], "arguments": {"loc": [], "time": [], "country": [], "weapon": []}}]