[{"sentence": "\u4e4c\u514b\u5170\u5c06\u5f15\u8fdb8\u8258\u82f1\u5236\u5bfc\u5f39\u8247\u00a0\u6bcf\u8258\u53ef\u643a\u5e268\u679a\u53cd\u8230\u5bfc\u5f39", "events": [{"trigger": {"text": "\u5f15\u8fdb", "offset": 4, "length": 2}, "subject": {"text": "\u4e4c\u514b\u5170", "offset": 0, "length": 3}, "object": {"text": "8\u8258\u82f1\u5236\u5bfc\u5f39\u8247", "offset": 6, "length": 7}}], "arguments": {"loc": [], "time": [], "country": [{"text": "\u4e4c\u514b\u5170", "offset": 0, "length": 3}, {"text": "\u82f1", "offset": 8, "length": 1}], "weapon": [{"text": "\u5bfc\u5f39\u8247", "offset": 10, "length": 3}, {"text": "\u53cd\u8230\u5bfc\u5f39", "offset": 21, "length": 4}]}}, {"sentence": "\u3010\u73af\u7403\u7f51\u62a5\u9053 \u8bb0\u8005 \u9a6c\u5ca9\u3011", "events": [], "arguments": {"loc": [], "time": [], "country": [], "weapon": []}}, {"sentence": "\u636e\u201c\u6d77\u519b\u60c5\u62a5\u201d\u7f519\u670814\u65e5\u62a5\u9053\uff0c\u82f1\u56fd\u5c06\u4e3a\u4e4c\u514b\u5170\u6d77\u519b\u5efa\u90208\u8258\u5927\u578b\u5bfc\u5f39\u8247\uff0c\u5176\u4e2d\u5934\u4e24\u8258\u5728\u82f1\u56fd\u672c\u571f\u5efa\u9020\uff0c\u5176\u4f596\u8258\u5f15\u8fdb\u82f1\u56fd\u6280\u672f\u8bbe\u5907\u5728\u4e4c\u514b\u5170\u7684\u9020\u8239\u5382\u5efa\u9020\u3002", "events": [{"trigger": {"text": "\u5efa\u9020", "offset": 68, "length": 2}, "subject": {"text": "\u82f1\u56fd", "offset": 54, "length": 2}, "object": {"text": "8\u8258\u5927\u578b\u5bfc\u5f39\u8247", "offset": 27, "length": 7}}], "arguments": {"loc": [{"text": "\u82f1\u56fd\u672c\u571f", "offset": 41, "length": 4}, {"text": "\u4e4c\u514b\u5170\u7684\u9020\u8239\u5382", "offset": 61, "length": 7}], "time": [{"text": "9\u670814\u65e5", "offset": 8, "length": 5}], "country": [{"text": "\u82f1\u56fd", "offset": 54, "length": 2}, {"text": "\u4e4c\u514b\u5170", "offset": 61, "length": 3}], "weapon": [{"text": "\u5927\u578b\u5bfc\u5f39\u8247", "offset": 29, "length": 5}]}}, {"sentence": "\u62a5\u9053\u79f0\uff0c\u4e4c\u514b\u5170\u5c06\u4ece\u82f1\u56fd\u8d37\u6b3e16\u4ebf\u7f8e\u5143\uff0c\u6765\u4e3a\u6b64\u9020\u8239\u9879\u76ee\u63d0\u4f9b\u8d44\u91d1\u3002", "events": [], "arguments": {"loc": [], "time": [], "country": [{"text": "\u4e4c\u514b\u5170", "offset": 4, "length": 3}, {"text": "\u82f1\u56fd", "offset": 9, "length": 2}], "weapon": []}}, {"sentence": "\u636e\u4ecb\u7ecd\uff0c\u8fd9\u578b\u5bfc\u5f39\u8247\u7684\u8bbe\u8ba1\u662f\u4e3a\u963f\u66fc\u548c\u80af\u5c3c\u4e9a\u5efa\u9020\u7684Vosper Thornycroft\u5de1\u903b\u8247\u7684\u884d\u751f\u54c1\uff0c\u957f56\u7c73\uff0c\u5bbd9\u7c73\uff0c\u6392\u6c34\u91cf380\u5428\uff0c\u6700\u5927\u822a\u901f35\u8282\uff0c\u6700\u5927\u822a\u7a0b1800\u6d77\u91cc\uff0c\u6210\u545835\u540d\uff0c\u6bcf\u8258\u8247\u53ef\u4ee5\u643a\u5e268\u679a\u5728\u5916\u56fd\u6216\u4e4c\u514b\u5170\u672c\u571f\u751f\u4ea7\u7684\u201c\u6d77\u738b\u661f\u201d\u53cd\u8230\u5bfc\u5f39\u3002", "events": [], "arguments": {"loc": [], "time": [], "country": [{"text": "\u963f\u66fc", "offset": 14, "length": 2}, {"text": "\u80af\u5c3c\u4e9a", "offset": 17, "length": 3}, {"text": "\u4e4c\u514b\u5170", "offset": 104, "length": 3}], "weapon": [{"text": "\u5bfc\u5f39\u8247", "offset": 6, "length": 3}, {"text": "Vosper Thornycroft\u5de1\u903b\u8247", "offset": 23, "length": 21}, {"text": "\u201c\u6d77\u738b\u661f\u201d\u53cd\u8230\u5bfc\u5f39", "offset": 112, "length": 9}]}}, {"sentence": "\uff08\u5b8c\uff09", "events": [], "arguments": {"loc": [], "time": [], "country": [], "weapon": []}}, {"sentence": "\uff08\u5b8c\uff09", "events": [], "arguments": {"loc": [], "time": [], "country": [], "weapon": []}}]