[{"sentence": "\u53c8\u6709\u4e00\u540d\u7f8e\u56fd\u4eba\u88ab\u59d4\u5185\u745e\u62c9\u6307\u63a7\u72af\u6709\u95f4\u8c0d\u7f6a\u00a0\u6b64\u524d\u5df2\u6709\u4e24\u540d\u7f8e\u56fd\u4eba\u88ab\u5224\u5211", "events": [], "arguments": {"loc": [], "time": [], "country": [{"text": "\u7f8e\u56fd", "offset": 26, "length": 2}, {"text": "\u59d4\u5185\u745e\u62c9", "offset": 8, "length": 4}], "weapon": []}}, {"sentence": "\u3010\u73af\u7403\u7f51\u62a5\u9053 \u8bb0\u8005 \u9a6c\u5ca9\u3011", "events": [], "arguments": {"loc": [], "time": [], "country": [], "weapon": []}}, {"sentence": "\u636e\u300a\u519b\u4e8b\u65f6\u62a5\u300b\u7f51\u7ad99\u670814\u65e5\u62a5\u9053\uff0c\u59d4\u5185\u745e\u62c9\u9996\u5e2d\u68c0\u5bdf\u5b98\u5f53\u5929\u6307\u63a7\u4e00\u4e2a\u8fd1\u671f\u88ab\u902e\u6355\u7684\u7f8e\u56fd\u516c\u6c11\u72af\u6709\u95f4\u8c0d\u7f6a\uff0c\u5e76\u4f01\u56fe\u7834\u574f\u70bc\u6cb9\u5382\u548c\u7535\u529b\u8bbe\u65bd\uff0c\u4ee5\u6311\u52a8\u9a9a\u4e71\u548c\u6740\u5bb3\u65e0\u8f9c\u7684\u4eba\u3002", "events": [{"trigger": {"text": "\u6307\u63a7", "offset": 28, "length": 2}, "subject": {"text": "\u59d4\u5185\u745e\u62c9\u9996\u5e2d\u68c0\u5bdf\u5b98", "offset": 17, "length": 9}, "object": {"text": "\u88ab\u902e\u6355\u7684\u7f8e\u56fd\u516c\u6c11\u72af\u6709\u95f4\u8c0d\u7f6a", "offset": 34, "length": 13}}], "arguments": {"loc": [], "time": [{"text": "9\u670814\u65e5", "offset": 9, "length": 5}], "country": [{"text": "\u59d4\u5185\u745e\u62c9", "offset": 17, "length": 4}, {"text": "\u7f8e\u56fd", "offset": 38, "length": 2}], "weapon": []}}, {"sentence": "\u62a5\u9053\u79f0\uff0c\u8fd9\u540d\u636e\u79f0\u4e0e\u7f8e\u56fd\u4e2d\u60c5\u5c40\u6709\u5173\u8054\u7684\u4eba\u540d\u53eb\u9a6c\u4fee\u2022\u7ea6\u7ff0\u2022\u5e0c\u601d\uff0c\u4ed6\u4e0e\u4e09\u540d\u59d4\u5185\u745e\u62c9\u7c4d\u540c\u4f19\u4e0a\u5468\u5728\u59d4\u5185\u745e\u62c9\u5317\u90e8\u6d77\u5cb8\u7684\u4e24\u5ea7\u70bc\u6cb9\u5382\u9644\u8fd1\u88ab\u6355\u3002", "events": [], "arguments": {"loc": [{"text": "\u59d4\u5185\u745e\u62c9\u5317\u90e8\u6d77\u5cb8\u7684\u4e24\u5ea7\u70bc\u6cb9\u5382\u9644\u8fd1", "offset": 44, "length": 16}], "time": [{"text": "\u4e0a\u5468", "offset": 41, "length": 2}], "country": [{"text": "\u7f8e\u56fd", "offset": 9, "length": 2}, {"text": "\u59d4\u5185\u745e\u62c9", "offset": 44, "length": 4}], "weapon": []}}, {"sentence": "\u68c0\u5bdf\u5b98\u8fd8\u51fa\u793a\u4e86\u636e\u79f0\u662f\u7f34\u83b7\u81ea\u8fd9\u4f19\u5acc\u7591\u4eba\u7684\u7269\u54c1\u7684\u7167\u7247\uff0c\u5305\u62ec\u4e00\u4e2a\u69b4\u5f39\u53d1\u5c04\u5668\u3001\u5851\u6599\u70b8\u5f39\u3001\u4e00\u90e8\u536b\u661f\u7535\u8bdd\u548c\u4e00\u888b\u7f8e\u5143\u3002", "events": [], "arguments": {"loc": [], "time": [], "country": [], "weapon": [{"text": "\u69b4\u5f39\u53d1\u5c04\u5668", "offset": 29, "length": 5}, {"text": "\u5851\u6599\u70b8\u5f39", "offset": 35, "length": 4}]}}, {"sentence": "\u5176\u4e2d\uff0c\u7f34\u83b7\u7684\u624b\u673a\u4e2d\u50a8\u5b58\u6709\u4e00\u5ea7\u5927\u6865\u3001\u591a\u4e2a\u519b\u4e8b\u8bbe\u65bd\u4ee5\u53ca\u591a\u5ea7\u70bc\u6cb9\u5382\u7684\u7167\u7247\u3002", "events": [], "arguments": {"loc": [], "time": [], "country": [], "weapon": []}}, {"sentence": "\u4e0a\u5468\u4e94\uff0c\u59d4\u5185\u745e\u62c9\u603b\u7edf\u9a6c\u675c\u7f57\u5ba3\u5e03\uff0c\u59d4\u519b\u65b9\u6293\u83b7\u4e00\u540d\u7f8e\u56fd\u95f4\u8c0d\uff0c\u5e76\u79f0\u6b64\u4eba\u662f\u4e00\u540d\u6d77\u519b\u9646\u6218\u961f\u5458\u548c\u4e2d\u60c5\u5c40\u524d\u9a7b\u4f0a\u62c9\u514b\u7279\u5de5\u3002", "events": [], "arguments": {"loc": [], "time": [{"text": "\u4e0a\u5468\u4e94", "offset": 0, "length": 3}], "country": [{"text": "\u59d4", "offset": 16, "length": 1}, {"text": "\u7f8e\u56fd", "offset": 23, "length": 2}, {"text": "\u4f0a\u62c9\u514b", "offset": 47, "length": 3}], "weapon": []}}, {"sentence": "\u4eca\u5e745\u6708\u521d\uff0c\u4e24\u540d\u7f8e\u56fd\u201c\u7eff\u8272\u8d1d\u96f7\u5e3d\u201d\u524d\u7279\u79cd\u5175\u56e0\u6d89\u5acc\u53c2\u4e0e\u63a8\u7ffb\u59d4\u5185\u745e\u62c9\u653f\u5e9c\u800c\u88ab\u6355\u3002", "events": [], "arguments": {"loc": [], "time": [{"text": "\u4eca\u5e745\u6708\u521d", "offset": 0, "length": 5}], "country": [{"text": "\u7f8e\u56fd", "offset": 8, "length": 2}, {"text": "\u59d4\u5185\u745e\u62c9", "offset": 28, "length": 4}], "weapon": []}}, {"sentence": "\u8fd9\u4e24\u540d\u7f8e\u56fd\u4eba\u548c80\u591a\u540d\u59d4\u5185\u745e\u62c9\u53cd\u653f\u5e9c\u6b66\u88c5\u4eba\u5458\u8bd5\u56fe\u53d1\u52a8\u88ad\u51fb\uff0c\u902e\u6355\u603b\u7edf\u9a6c\u675c\u7f57\uff0c\u4f46\u6ca1\u6709\u6210\u529f\uff0c\u59d4\u519b\u65b9\u6253\u6b7b\u4e86\u6570\u540d\u53cd\u653f\u5e9c\u6b66\u88c5\u4eba\u5458\u3002", "events": [{"trigger": {"text": "\u8bd5\u56fe\u53d1\u52a8\u88ad\u51fb", "offset": 22, "length": 6}, "subject": {"text": "\u4e24\u540d\u7f8e\u56fd\u4eba\u548c80\u591a\u540d\u59d4\u5185\u745e\u62c9\u53cd\u653f\u5e9c\u6b66\u88c5\u4eba\u5458", "offset": 1, "length": 21}, "object": {"text": "", "offset": 0, "length": 0}}], "arguments": {"loc": [], "time": [], "country": [{"text": "\u7f8e\u56fd", "offset": 3, "length": 2}, {"text": "\u59d4", "offset": 43, "length": 1}], "weapon": []}}, {"sentence": "\u8fd9\u4e24\u540d\u7f8e\u56fd\u4eba\u5df2\u7ecf\u88ab\u59d4\u6cd5\u9662\u5224\u590420\u5e74\u76d1\u7981\u3002", "events": [], "arguments": {"loc": [], "time": [], "country": [{"text": "\u7f8e\u56fd", "offset": 3, "length": 2}, {"text": "\u59d4", "offset": 9, "length": 1}], "weapon": []}}, {"sentence": "\u867d\u7136\u7279\u6717\u666e\u653f\u5e9c\u5426\u8ba4\u4e0e5\u6708\u7684\u5165\u4fb5\u4e8b\u4ef6\u6709\u4efb\u4f55\u5173\u8054\uff0c\u4f46\u5176\u652f\u6301\u59d4\u5185\u745e\u62c9\u53cd\u5bf9\u6d3e\u9886\u5bfc\u4eba\u74dc\u4f0a\u591a\u53d6\u4ee3\u9a6c\u675c\u7f57\u6210\u4e3a\u8be5\u56fd\u9886\u5bfc\u4eba\u3002", "events": [], "arguments": {"loc": [], "time": [{"text": "5\u6708", "offset": 10, "length": 2}], "country": [{"text": "\u59d4\u5185\u745e\u62c9", "offset": 27, "length": 4}], "weapon": []}}, {"sentence": "\uff08\u5b8c\uff09", "events": [], "arguments": {"loc": [], "time": [], "country": [], "weapon": []}}, {"sentence": "\uff08\u5b8c\uff09", "events": [], "arguments": {"loc": [], "time": [], "country": [], "weapon": []}}]