[{"sentence": "\u4e0e\u571f\u8033\u5176\u5173\u7cfb\u7d27\u5f20\u4e4b\u9645\u00a0\u5e0c\u814a\u5ba3\u5e03\u5927\u6279\u91c7\u8d2d\u6b66\u5668", "events": [{"trigger": {"text": "\u91c7\u8d2d", "offset": 17, "length": 2}, "subject": {"text": "\u00a0\u5e0c\u814a", "offset": 10, "length": 3}, "object": {"text": "\u6b66\u5668", "offset": 19, "length": 2}}], "arguments": {"loc": [], "time": [], "country": [{"text": "\u571f\u8033\u5176", "offset": 1, "length": 3}, {"text": "\u5e0c\u814a", "offset": 11, "length": 2}], "weapon": []}}, {"sentence": "\u3010\u73af\u7403\u7f51\u62a5\u9053 \u8bb0\u8005 \u9a6c\u5ca9\u3011", "events": [], "arguments": {"loc": [], "time": [], "country": [], "weapon": []}}, {"sentence": "\u636e\u201c\u6cd5\u56fd24\u5c0f\u65f6\u201d\u7f51\u7ad99\u670812\u65e5\u62a5\u9053\uff0c\u5728\u4e0e\u571f\u8033\u5176\u5173\u7cfb\u7d27\u5f20\u4e4b\u9645\uff0c\u5e0c\u814a\u603b\u7406\u7c73\u4f50\u5854\u57fa\u65af\u5f53\u5929\u5ba3\u5e03\u4e86\u5927\u89c4\u6a21\u7684\u6b66\u5668\u91c7\u8d2d\u8ba1\u5212\u548c\u519b\u961f\u7684\u5168\u9762\u6539\u9769\u8ba1\u5212\u3002", "events": [{"trigger": {"text": "\u91c7\u8d2d", "offset": 51, "length": 2}, "subject": {"text": "\u5e0c\u814a", "offset": 31, "length": 2}, "object": {"text": "\u5927\u89c4\u6a21\u7684\u6b66\u5668", "offset": 45, "length": 6}}], "arguments": {"loc": [], "time": [{"text": "9\u670812\u65e5", "offset": 11, "length": 5}, {"text": "\u5f53\u5929", "offset": 40, "length": 2}], "country": [{"text": "\u6cd5\u56fd", "offset": 2, "length": 2}, {"text": "\u571f\u8033\u5176", "offset": 21, "length": 3}, {"text": "\u5e0c\u814a", "offset": 31, "length": 2}], "weapon": []}}, {"sentence": "\u62a5\u9053\u79f0\uff0c\u7c73\u4f50\u5854\u57fa\u65af\u8868\u793a\uff0c\u5e0c\u814a\u5c06\u8d2d\u4e7018\u67b6\u6cd5\u56fd\u5236\u9020\u7684\u201c\u9635\u98ce\u201d\u6218\u6597\u673a\uff0c4\u8258\u591a\u529f\u80fd\u62a4\u536b\u8230\u548c4\u67b6\u6d77\u519b\u76f4\u5347\u673a\uff0c\u540c\u65f6\u8fd8\u5c06\u62db\u52df15000\u540d\u65b0\u5175\uff0c\u5e76\u628a\u66f4\u591a\u8d44\u6e90\u6295\u5165\u5230\u56fd\u5bb6\u7684\u519b\u4e8b\u5de5\u4e1a\u3002", "events": [{"trigger": {"text": "\u5c06\u8d2d\u4e70", "offset": 14, "length": 3}, "subject": {"text": "\u5e0c\u814a", "offset": 12, "length": 2}, "object": {"text": "18\u67b6\u6cd5\u56fd\u5236\u9020\u7684\u201c\u9635\u98ce\u201d\u6218\u6597\u673a\uff0c4\u8258\u591a\u529f\u80fd\u62a4\u536b\u8230\u548c4\u67b6\u6d77\u519b\u76f4\u5347\u673a", "offset": 17, "length": 32}}, {"trigger": {"text": "\u62db\u52df", "offset": 54, "length": 2}, "subject": {"text": "\u5e0c\u814a", "offset": 12, "length": 2}, "object": {"text": "15000\u540d\u65b0\u5175", "offset": 56, "length": 8}}], "arguments": {"loc": [], "time": [], "country": [{"text": "\u5e0c\u814a", "offset": 12, "length": 2}, {"text": "\u6cd5\u56fd", "offset": 20, "length": 2}], "weapon": [{"text": "\u201c\u9635\u98ce\u201d\u6218\u6597\u673a", "offset": 25, "length": 7}, {"text": "\u591a\u529f\u80fd\u62a4\u536b\u8230", "offset": 35, "length": 6}, {"text": "\u6d77\u519b\u76f4\u5347\u673a", "offset": 44, "length": 5}]}}, {"sentence": "\u7c73\u4f50\u5854\u57fa\u65af\u8bf4\uff0c\u5c06\u4fdd\u8bc1\u5e0c\u814a\u519b\u961f\u6709\u5145\u8db3\u7684\u53cd\u5766\u514b\u6b66\u5668\u3001\u9c7c\u96f7\u548c\u7a7a\u519b\u5bfc\u5f39\uff0c\u5e76\u5347\u7ea7\u73b0\u6709\u76844\u8258\u62a4\u536b\u8230\u3002", "events": [{"trigger": {"text": "\u5347\u7ea7", "offset": 33, "length": 2}, "subject": {"text": "\u5e0c\u814a\u519b\u961f", "offset": 10, "length": 4}, "object": {"text": "\u73b0\u6709\u76844\u8258\u62a4\u536b\u8230", "offset": 35, "length": 8}}], "arguments": {"loc": [], "time": [], "country": [{"text": "\u5e0c\u814a", "offset": 10, "length": 2}], "weapon": [{"text": "\u53cd\u5766\u514b\u6b66\u5668", "offset": 18, "length": 5}, {"text": "\u9c7c\u96f7", "offset": 24, "length": 2}, {"text": "\u7a7a\u519b\u5bfc\u5f39", "offset": 27, "length": 4}, {"text": "\u62a4\u536b\u8230", "offset": 40, "length": 3}]}}, {"sentence": "\u5e0c\u814a\u4e0a\u4e00\u6b21\u7684\u5927\u89c4\u6a21\u6b66\u5668\u91c7\u8d2d\u53d1\u751f\u572821\u4e16\u7eaa\u521d\uff0c\u5f53\u65f6\u8ba1\u5212\u8d2d\u4e70\u5fb7\u56fd\u7684\u5766\u514b\u548c\u6f5c\u8247\u3001\u7f8e\u56fd\u7684\u6218\u6597\u673a\uff0c\u4ee5\u53ca\u4fc4\u7f57\u65af\u7684\u9632\u5fa1\u6027\u5bfc\u5f39\u548c\u6c14\u57ab\u8239\u3002", "events": [], "arguments": {"loc": [], "time": [{"text": "21\u4e16\u7eaa\u521d", "offset": 16, "length": 5}], "country": [{"text": "\u5e0c\u814a", "offset": 0, "length": 2}, {"text": "\u5fb7\u56fd", "offset": 28, "length": 2}, {"text": "\u7f8e\u56fd", "offset": 37, "length": 2}, {"text": "\u4fc4\u7f57\u65af", "offset": 46, "length": 3}], "weapon": [{"text": "\u5766\u514b", "offset": 31, "length": 2}, {"text": "\u6f5c\u8247", "offset": 34, "length": 2}, {"text": "\u6218\u6597\u673a", "offset": 40, "length": 3}, {"text": "\u9632\u5fa1\u6027\u5bfc\u5f39", "offset": 50, "length": 5}, {"text": "\u6c14\u57ab\u8239", "offset": 56, "length": 3}]}}, {"sentence": "\u7136\u800c\uff0c\u7531\u4e8e\u4e3e\u529e2004\u5e74\u96c5\u5178\u5965\u8fd0\u4f1a\u8017\u8d44\u5de8\u5927\uff0c\u5927\u90e8\u5206\u6b66\u5668\u91c7\u8d2d\u8ba1\u5212\u90fd\u88ab\u6401\u7f6e\u3002", "events": [], "arguments": {"loc": [], "time": [{"text": "2004\u5e74", "offset": 7, "length": 5}], "country": [{"text": "\u96c5\u5178", "offset": 12, "length": 2}], "weapon": []}}, {"sentence": "\uff08\u5b8c\uff09", "events": [], "arguments": {"loc": [], "time": [], "country": [], "weapon": []}}, {"sentence": "\uff08\u5b8c\uff09", "events": [], "arguments": {"loc": [], "time": [], "country": [], "weapon": []}}]