[{"sentence": "\u7f8e\u6d77\u519b\u4ee5\u201c\u8499\u5927\u62ff\u201d\u51a0\u540d\u6700\u65b0\u4e00\u8258\u5f17\u5409\u5c3c\u4e9a\u7ea7\u6838\u6f5c\u8247\u00a0\u7cfb\u53f2\u4e0a\u7b2c\u4e8c\u8258\u201c\u8499\u5927\u62ff\u201d\u53f7\u8230", "events": [{"trigger": {"text": "\u51a0\u540d", "offset": 9, "length": 2}, "subject": {"text": "\u7f8e\u6d77\u519b", "offset": 0, "length": 3}, "object": {"text": "\u6700\u65b0\u4e00\u8258\u5f17\u5409\u5c3c\u4e9a\u7ea7\u6838\u6f5c\u8247", "offset": 11, "length": 12}}], "arguments": {"loc": [], "time": [], "country": [{"text": "\u7f8e", "offset": 0, "length": 1}], "weapon": [{"text": "\u201c\u8499\u5927\u62ff\u201d", "offset": 30, "length": 5}, {"text": "\u5f17\u5409\u5c3c\u4e9a\u7ea7\u6838\u6f5c\u8247", "offset": 15, "length": 8}]}}, {"sentence": "\u3010\u73af\u7403\u7f51\u62a5\u9053 \u8bb0\u8005 \u9a6c\u5ca9\u3011", "events": [], "arguments": {"loc": [], "time": [], "country": [], "weapon": []}}, {"sentence": "\u636e\u201c\u6d77\u519b\u60c5\u62a5\u201d\u7f519\u670813\u65e5\u62a5\u9053\uff0c\u7f8e\u56fd\u6d77\u519b\u8fd1\u65e5\u5728\u7ebd\u6ce2\u7279\u7ebd\u65af\u9020\u8239\u5382\u5ba3\u5e03\uff0c\u6700\u65b0\u4e00\u8258\u5f17\u5409\u5c3c\u4e9a\u7ea7\u653b\u51fb\u578b\u6838\u6f5c\u8247\u88ab\u547d\u540d\u4e3a\u201c\u8499\u5927\u62ff\u201d\u53f7\u3002", "events": [{"trigger": {"text": "\u547d\u540d", "offset": 50, "length": 2}, "subject": {"text": "\u7f8e\u56fd\u6d77\u519b", "offset": 16, "length": 4}, "object": {"text": "\u6700\u65b0\u4e00\u8258\u5f17\u5409\u5c3c\u4e9a\u7ea7\u653b\u51fb\u578b\u6838\u6f5c\u8247", "offset": 34, "length": 15}}], "arguments": {"loc": [{"text": "\u7ebd\u6ce2\u7279\u7ebd\u65af\u9020\u8239\u5382", "offset": 23, "length": 8}], "time": [{"text": "9\u670813\u65e5", "offset": 8, "length": 5}], "country": [{"text": "\u7f8e\u56fd", "offset": 16, "length": 2}], "weapon": [{"text": "\u5f17\u5409\u5c3c\u4e9a\u7ea7\u653b\u51fb\u578b\u6838\u6f5c\u8247", "offset": 38, "length": 11}, {"text": "\u201c\u8499\u5927\u62ff\u201d\u53f7", "offset": 53, "length": 6}]}}, {"sentence": "\u62a5\u9053\u79f0\uff0c\u8fd9\u662f\u7b2c\u4e8c\u8258\u4ee5\u201c\u8499\u5927\u62ff\u201d\u53f7\u547d\u540d\u7684\u519b\u8230\u3002", "events": [], "arguments": {"loc": [], "time": [], "country": [], "weapon": [{"text": "\u201c\u8499\u5927\u62ff\u201d\u53f7", "offset": 10, "length": 6}]}}, {"sentence": "\u7b2c\u4e00\u8258\u4ee5\u6b64\u547d\u540d\u7684\u519b\u8230\u662f\u4e00\u8258\u88c5\u7532\u5de1\u6d0b\u8230\uff0c\u4e5f\u662f\u5728\u7ebd\u6ce2\u7279\u7ebd\u65af\u9020\u8239\u5382\u5efa\u9020\u5e76\u57281908\u5e74\u670d\u5f79\u3002", "events": [], "arguments": {"loc": [{"text": "\u7ebd\u6ce2\u7279\u7ebd\u65af\u9020\u8239\u5382", "offset": 22, "length": 8}], "time": [{"text": "1908\u5e74", "offset": 34, "length": 5}], "country": [], "weapon": []}}, {"sentence": "\u8fd9\u8258\u5de1\u6d0b\u8230\u4e3b\u8981\u6d3b\u52a8\u4e8e\u5927\u897f\u6d0b\u548c\u5730\u4e2d\u6d77\uff0c1914\u5e74\u6d77\u5730\u9a9a\u4e71\u671f\u95f4\u8fd0\u9001\u8fc7\u6d77\u519b\u9646\u6218\u961f\u5458\uff0c\u5728\u7b2c\u4e00\u6b21\u4e16\u754c\u5927\u6218\u671f\u95f4\u6267\u884c\u8fc7\u62a4\u822a\u4efb\u52a1\uff0c\u6700\u7ec8\u4e8e1921\u5e74\u9000\u5f79\u3002", "events": [], "arguments": {"loc": [], "time": [{"text": "1921\u5e74", "offset": 60, "length": 5}], "country": [], "weapon": [{"text": "\u5de1\u6d0b\u8230", "offset": 2, "length": 3}]}}, {"sentence": "\u76ee\u524d\uff0c\u7f8e\u56fd\u6d77\u519b\u6709\u4e09\u79cd\u7c7b\u578b\u7684\u6838\u6f5c\u8247\u2014\u2014\u5f39\u9053\u5bfc\u5f39\u6838\u6f5c\u8247\u3001\u5de1\u822a\u5bfc\u5f39\u548c\u7279\u79cd\u884c\u52a8\u6838\u6f5c\u8247\u4ee5\u53ca\u653b\u51fb\u578b\u6838\u6f5c\u8247\u3002", "events": [], "arguments": {"loc": [], "time": [], "country": [{"text": "\u7f8e\u56fd", "offset": 3, "length": 2}], "weapon": [{"text": "\u5f39\u9053\u5bfc\u5f39\u6838\u6f5c\u8247", "offset": 18, "length": 7}, {"text": "\u5de1\u822a\u5bfc\u5f39", "offset": 26, "length": 4}, {"text": "\u7279\u79cd\u884c\u52a8\u6838\u6f5c\u8247", "offset": 31, "length": 7}, {"text": "\u653b\u51fb\u578b\u6838\u6f5c\u8247", "offset": 40, "length": 6}]}}, {"sentence": "\u5f17\u5409\u5c3c\u4e9a\u7ea7\u6838\u6f5c\u8247\u53ef\u4ee5\u6267\u884c\u8fd1\u6d77\u548c\u6df1\u6d77\u53cd\u6f5c\u3001\u53cd\u6c34\u9762\u8230\u8247\u3001\u5bf9\u9646\u6253\u51fb\u3001\u7279\u79cd\u884c\u52a8\u652f\u63f4\u3001\u60c5\u62a5\u3001\u76d1\u89c6\u4e0e\u4fa6\u5bdf\u3001\u975e\u5e38\u89c4\u4f5c\u6218\u7b49\u4efb\u52a1\u3002", "events": [], "arguments": {"loc": [], "time": [], "country": [], "weapon": [{"text": "\u5f17\u5409\u5c3c\u4e9a\u7ea7\u6838\u6f5c\u8247", "offset": 0, "length": 8}, {"text": "\u8230\u8247", "offset": 23, "length": 2}]}}, {"sentence": "\u5176\u81ea\u8eab\u4f18\u8d8a\u7684\u9690\u8eab\u3001\u8010\u4e45\u529b\u3001\u673a\u52a8\u6027\u548c\u706b\u529b\u4f7f\u5176\u5177\u6709\u6d77\u4e0a\u63a7\u5236\u3001\u529b\u91cf\u6295\u9001\u3001\u524d\u6cbf\u90e8\u7f72\u3001\u6d77\u4e0a\u5b89\u5168\u548c\u5a01\u6151\u7684\u80fd\u529b\u3002", "events": [], "arguments": {"loc": [], "time": [], "country": [], "weapon": []}}, {"sentence": "\u5f17\u5409\u5c3c\u4e9a\u7ea7\u6838\u6f5c\u8247\u6b63\u5728\u53d6\u4ee3\u8001\u5f0f\u6d1b\u6749\u77f6\u7ea7\u6838\u6f5c\u8247\u3002", "events": [], "arguments": {"loc": [], "time": [], "country": [], "weapon": [{"text": "\u5f17\u5409\u5c3c\u4e9a\u7ea7\u6838\u6f5c\u8247", "offset": 0, "length": 8}, {"text": "\u8001\u5f0f\u6d1b\u6749\u77f6\u7ea7\u6838\u6f5c\u8247", "offset": 12, "length": 9}]}}, {"sentence": "\u7f8e\u56fd\u6d77\u519b\u4ece1998\u8d22\u5e74\u5f00\u59cb\u91c7\u8d2d\u5f17\u5409\u5c3c\u4e9a\u7ea7\u6838\u6f5c\u8247\uff0c\u7b2c\u4e00\u8258\u4e8e2014\u5e7410\u6708\u670d\u5f79\u3002", "events": [], "arguments": {"loc": [], "time": [{"text": "1998\u8d22\u5e74", "offset": 5, "length": 6}, {"text": "2014\u5e7410\u6708", "offset": 28, "length": 8}], "country": [{"text": "\u7f8e\u56fd", "offset": 0, "length": 2}], "weapon": [{"text": "\u5f17\u5409\u5c3c\u4e9a\u7ea7\u6838\u6f5c\u8247", "offset": 15, "length": 8}]}}, {"sentence": "\u4e0e\u6d77\u72fc\u7ea7\u76f8\u6bd4\uff0c\u5f17\u5409\u5c3c\u4e9a\u7ea7\u5efa\u9020\u6210\u672c\u76f8\u5bf9\u4f4e\u5ec9\uff0c\u4e14\u66f4\u9002\u5408\u540e\u51b7\u6218\u65f6\u671f\u7684\u6f5c\u8247\u4efb\u52a1\u3002", "events": [], "arguments": {"loc": [], "time": [], "country": [], "weapon": []}}, {"sentence": "\u201c\u8499\u5927\u62ff\u201d\u53f7\u4e8e2015\u5e744\u6708\u5f00\u59cb\u5efa\u9020\uff0c\u88c5\u670912\u4e2a\u5782\u76f4\u5bfc\u5f39\u53d1\u5c04\u7ba1\u548c4\u4e2a533\u6beb\u7c73\u9c7c\u96f7\u53d1\u5c04\u7ba1\uff0c\u53ef\u53d1\u5c04\u201c\u6218\u65a7\u201d\u5de1\u822a\u5bfc\u5f39\u3001\u201c\u9a6c\u514b48\u201d\u9c7c\u96f7\u3001\u201c\u9c7c\u53c9\u201d\u53cd\u8230\u5bfc\u5f39\u7b49\u6b66\u5668\u3002", "events": [], "arguments": {"loc": [], "time": [{"text": "2015\u5e744\u6708", "offset": 7, "length": 7}], "country": [], "weapon": [{"text": "\u201c\u8499\u5927\u62ff\u201d\u53f7", "offset": 0, "length": 6}, {"text": "\u5782\u76f4\u5bfc\u5f39\u53d1\u5c04\u7ba1", "offset": 24, "length": 7}, {"text": "\u9c7c\u96f7\u53d1\u5c04\u7ba1", "offset": 39, "length": 5}, {"text": "\u201c\u6218\u65a7\u201d\u5de1\u822a\u5bfc\u5f39", "offset": 48, "length": 8}, {"text": "\u201c\u9a6c\u514b48\u201d\u9c7c\u96f7", "offset": 57, "length": 8}, {"text": "\u201c\u9c7c\u53c9\u201d\u53cd\u8230\u5bfc\u5f39", "offset": 66, "length": 8}]}}, {"sentence": "\uff08\u5b8c\uff09", "events": [], "arguments": {"loc": [], "time": [], "country": [], "weapon": []}}, {"sentence": "\uff08\u5b8c\uff09", "events": [], "arguments": {"loc": [], "time": [], "country": [], "weapon": []}}]