[{"sentence": "\u65e5\u672c\u5c06\u5728\u5e74\u5e95\u524d\u63d0\u51fa\u5bfc\u5f39\u9632\u5fa1\u65b0\u8ba1\u5212", "events": [{"trigger": {"text": "\u63d0\u51fa", "offset": 7, "length": 2}, "subject": {"text": "\u65e5\u672c", "offset": 0, "length": 2}, "object": {"text": "\u5bfc\u5f39\u9632\u5fa1\u65b0\u8ba1\u5212", "offset": 9, "length": 7}}], "arguments": {"loc": [], "time": [], "country": [{"text": "\u65e5\u672c", "offset": 0, "length": 2}], "weapon": []}}, {"sentence": "\u5171\u540c\u793e11\u65e5\u62a5\u9053\uff0c\u65e5\u672c\u9996\u76f8\u5b89\u500d\u664b\u4e09\u5f53\u5929\u53d1\u8868\u58f0\u660e\uff0c\u8bf4\u65e5\u672c\u5fc5\u987b\u589e\u5f3a\u9632\u5fa1\u80fd\u529b\uff0c\u5c06\u5728\u4eca\u5e74\u5e74\u5e95\u524d\u63d0\u51fa\u4e00\u9879\u65b0\u8ba1\u5212\uff0c\u4ee5\u5e94\u5bf9\u56fd\u5bb6\u9762\u4e34\u7684\u5bfc\u5f39\u5a01\u80c1\u3002", "events": [{"trigger": {"text": "\u589e\u5f3a", "offset": 29, "length": 2}, "subject": {"text": "\u65e5\u672c", "offset": 25, "length": 2}, "object": {"text": "\u9632\u5fa1\u80fd\u529b", "offset": 31, "length": 4}}], "arguments": {"loc": [], "time": [{"text": "11\u65e5", "offset": 3, "length": 3}, {"text": "\u4eca\u5e74\u5e74\u5e95", "offset": 38, "length": 4}], "country": [{"text": "\u65e5\u672c", "offset": 25, "length": 2}], "weapon": []}}, {"sentence": "\u3010\u5f3a\u9632\u5fa1\u3011", "events": [], "arguments": {"loc": [], "time": [], "country": [], "weapon": []}}, {"sentence": "\u5b89\u500d11\u65e5\u8bf4\uff0c\u65e5\u672c\u7684\u5b89\u5168\u73af\u5883\u66f4\u52a0\u53d7\u5230\u6311\u6218\uff0c\u53ef\u80fd\u9762\u4e34\u6765\u81ea\u671d\u9c9c\u7684\u5f39\u9053\u5bfc\u5f39\u5a01\u80c1\u3002", "events": [], "arguments": {"loc": [], "time": [{"text": "11\u65e5", "offset": 2, "length": 3}], "country": [{"text": "\u65e5\u672c", "offset": 7, "length": 2}, {"text": "\u671d\u9c9c", "offset": 27, "length": 2}], "weapon": [{"text": "\u5f39\u9053\u5bfc\u5f39", "offset": 30, "length": 4}]}}, {"sentence": "\u201c\u6211\u8ba4\u4e3a\u6709\u5fc5\u8981\u52a0\u5f3a\u9632\u5fa1\u4ece\u800c\u964d\u4f4e\u65e5\u672c\u906d\u53d7\u5f39\u9053\u5bfc\u5f39\u6216\u5176\u4ed6\u88ad\u51fb\u7684\u53ef\u80fd\u6027\u3002", "events": [], "arguments": {"loc": [], "time": [], "country": [{"text": "\u65e5\u672c", "offset": 15, "length": 2}], "weapon": []}}, {"sentence": "\u201d", "events": [], "arguments": {"loc": [], "time": [], "country": [], "weapon": []}}, {"sentence": "\u4e3a\u632b\u8d25\u53ef\u80fd\u53d1\u751f\u7684\u4e0a\u8ff0\u88ad\u51fb\uff0c\u65e5\u672c\u653f\u5e9c\u51b3\u5b9a\u5236\u5b9a\u4e00\u9879\u5bfc\u5f39\u9632\u5fa1\u65b0\u8ba1\u5212\u3002", "events": [], "arguments": {"loc": [], "time": [], "country": [{"text": "\u65e5\u672c", "offset": 13, "length": 2}], "weapon": []}}, {"sentence": "\u65e5\u672c2017\u5e7412\u6708\u51b3\u5b9a\u4ece\u7f8e\u56fd\u5f15\u8fdb\u4e24\u5957\u9646\u57fa\u201c\u5b99\u65af\u76fe\u201d\u5bfc\u5f39\u9632\u5fa1\u7cfb\u7edf\uff0c\u6700\u65e92025\u8d22\u5e74\u5b8c\u6210\u90e8\u7f72\u3002", "events": [{"trigger": {"text": "\u5f15\u8fdb", "offset": 15, "length": 2}, "subject": {"text": "\u65e5\u672c", "offset": 0, "length": 2}, "object": {"text": "\u4e24\u5957\u9646\u57fa\u201c\u5b99\u65af\u76fe\u201d\u5bfc\u5f39\u9632\u5fa1\u7cfb\u7edf", "offset": 17, "length": 15}}], "arguments": {"loc": [], "time": [{"text": "2017\u5e7412\u6708", "offset": 2, "length": 8}, {"text": "2025\u8d22\u5e74", "offset": 35, "length": 6}], "country": [{"text": "\u65e5\u672c", "offset": 0, "length": 2}, {"text": "\u7f8e\u56fd", "offset": 13, "length": 2}], "weapon": [{"text": "\u9646\u57fa\u201c\u5b99\u65af\u76fe\u201d\u5bfc\u5f39\u9632\u5fa1\u7cfb\u7edf", "offset": 19, "length": 13}]}}, {"sentence": "\u53d7\u65e5\u672c\u4e1c\u5317\u90e8\u79cb\u7530\u53bf\u548c\u897f\u90e8\u5c71\u53e3\u53bf\u6c11\u4f17\u53cd\u5bf9\u90e8\u7f72\u201c\u5b99\u65af\u76fe\u201d\u7cfb\u7edf\u3001\u65e5\u672c\u653f\u5e9c\u8fd1\u5e74\u5c31\u90e8\u7f72\u4e8b\u5b9c\u591a\u6b21\u51fa\u73b0\u6570\u636e\u5dee\u9519\u7b49\u56e0\u7d20\u5f71\u54cd\uff0c\u65e5\u672c\u9632\u536b\u5927\u81e3\u6cb3\u91ce\u592a\u90ce6\u670825\u65e5\u5ba3\u5e03\u653e\u5f03\u4e0a\u8ff0\u90e8\u7f72\u65b9\u6848\u3002", "events": [], "arguments": {"loc": [], "time": [{"text": "6\u670825\u65e5", "offset": 64, "length": 5}], "country": [{"text": "\u65e5\u672c", "offset": 54, "length": 2}], "weapon": [{"text": "\u90e8\u7f72\u201c\u5b99\u65af\u76fe\u201d\u7cfb\u7edf", "offset": 19, "length": 9}]}}, {"sentence": "\u65e5\u672c\u653f\u5e9c\u6253\u7b979\u6708\u5e95\u524d\u786e\u5b9a\u66ff\u4ee3\u65b9\u6848\u7684\u57fa\u672c\u65b9\u5411\u3002", "events": [], "arguments": {"loc": [], "time": [{"text": "9\u6708\u5e95", "offset": 6, "length": 3}], "country": [{"text": "\u65e5\u672c", "offset": 0, "length": 2}], "weapon": []}}, {"sentence": "\u5b89\u500d8\u670828\u65e5\u5ba3\u5e03\u56e0\u5065\u5eb7\u95ee\u9898\u8f9e\u804c\uff0c\u6267\u653f\u515a\u81ea\u7531\u6c11\u4e3b\u515a\u5b9a\u4e8e\u672c\u670814\u65e5\u6295\u7968\u9009\u51fa\u65b0\u4efb\u515a\u603b\u88c1\u3002", "events": [], "arguments": {"loc": [], "time": [{"text": "8\u670828\u65e5", "offset": 2, "length": 5}, {"text": "\u672c\u670814\u65e5", "offset": 27, "length": 5}], "country": [], "weapon": []}}, {"sentence": "\u5206\u6790\u4eba\u58eb\u8ba4\u4e3a\uff0c\u5b89\u500d\u5728\u79bb\u4efb\u524d\u63d0\u51fa\u5bfc\u5f39\u9632\u5fa1\u8ba1\u5212\u8bae\u9898\uff0c\u8db3\u89c1\u4ed6\u7684\u91cd\u89c6\uff0c\u8bf4\u660e\u4ed6\u5e0c\u671b\u5212\u5b9a\u8fd9\u4e00\u8bae\u9898\u4eca\u540e\u7684\u8ba8\u8bba\u65b9\u5411\u3002", "events": [], "arguments": {"loc": [], "time": [], "country": [], "weapon": []}}, {"sentence": "\u65e5\u672c\u62d3\u6b96\u5927\u5b66\u8bbf\u95ee\u5b66\u8005\u3001\u9632\u52a1\u4e13\u5bb6\u6b66\u8d1e\u79c0\u58eb\u8bf4\uff1a\u201c\u5bfc\u5f39\u9632\u5fa1\u662f\u5b89\u500d\u672a\u89e3\u51b3\u7684\u4e00\u5927\u8bae\u9898\u2026\u2026\u5b89\u500d\u53d1\u8868\u8fd9\u4efd\u58f0\u660e\u65e8\u5728\u4e3a\u65b0\u7684\u9632\u5fa1\u653f\u7b56\u5960\u5b9a\u57fa\u7840\u5e76\u628a\u4ed6\u7684\u653f\u6cbb\u9057\u4ea7\u7559\u7ed9\u4e0b\u5c4a\u653f\u5e9c\u3002", "events": [], "arguments": {"loc": [], "time": [], "country": [{"text": "\u65e5\u672c", "offset": 0, "length": 2}], "weapon": []}}, {"sentence": "\u201d", "events": [], "arguments": {"loc": [], "time": [], "country": [], "weapon": []}}, {"sentence": "\u3010\u906d\u53cd\u5bf9\u3011", "events": [], "arguments": {"loc": [], "time": [], "country": [], "weapon": []}}, {"sentence": "\u5b89\u500d\u575a\u79f0\u8ba8\u8bba\u5bfc\u5f39\u9632\u5fa1\u7b26\u5408\u65e5\u672c\u5baa\u6cd5\u548c\u56fd\u9645\u6cd5\u3002", "events": [], "arguments": {"loc": [], "time": [], "country": [{"text": "\u65e5\u672c", "offset": 12, "length": 2}], "weapon": []}}, {"sentence": "\u4ed6\u8bf4\uff1a\u201c\u65e5\u672c\u7684\u4e13\u5b88\u9632\u536b\u653f\u7b56\u5c06\u4e0d\u4f1a\u6539\u53d8\u3002", "events": [], "arguments": {"loc": [], "time": [], "country": [{"text": "\u65e5\u672c", "offset": 4, "length": 2}], "weapon": []}}, {"sentence": "\u201d", "events": [], "arguments": {"loc": [], "time": [], "country": [], "weapon": []}}, {"sentence": "\u6cd5\u65b0\u793e\u62a5\u9053\uff0c\u5373\u4f7f\u4ee5\u5a01\u6151\u548c\u9632\u5fa1\u7684\u540d\u4e49\uff0c\u65e5\u672c\u53ef\u80fd\u5177\u5907\u6253\u51fb\u80fd\u529b\u4f9d\u7136\u5b58\u5728\u4e89\u8bae\u3002", "events": [], "arguments": {"loc": [], "time": [], "country": [{"text": "\u65e5\u672c", "offset": 18, "length": 2}], "weapon": []}}, {"sentence": "\u81ea\u6c11\u515a\u6267\u653f\u76df\u53cb\u516c\u660e\u515a\u5f3a\u70c8\u53cd\u5bf9\u4efb\u4f55\u653b\u51fb\u6027\u7684\u519b\u4e8b\u6269\u5f20\uff0c\u8ba4\u5b9a\u5bfc\u5f39\u9632\u5fa1\u8ba1\u5212\u7684\u9ad8\u989d\u6210\u672c\u53ef\u80fd\u62db\u81f4\u53cd\u5bf9\u3002", "events": [], "arguments": {"loc": [], "time": [], "country": [], "weapon": []}}, {"sentence": "\u65e5\u672c\u5728\u7b2c\u4e8c\u6b21\u4e16\u754c\u5927\u6218\u4ee5\u540e\u5949\u884c\u201c\u4e13\u5b88\u9632\u536b\u201d\u7684\u57fa\u672c\u519b\u4e8b\u6218\u7565\uff0c\u4e14\u5728\u9632\u52a1\u9886\u57df\u4f9d\u8d56\u7f8e\u56fd\u3002", "events": [], "arguments": {"loc": [], "time": [], "country": [{"text": "\u65e5\u672c", "offset": 0, "length": 2}], "weapon": []}}, {"sentence": "\u5b89\u500d\u653f\u5e9c2015\u5e749\u6708\u5f3a\u884c\u901a\u8fc7\u65b0\u5b89\u4fdd\u6cd5\uff0c\u89e3\u7981\u96c6\u4f53\u81ea\u536b\u6743\uff0c\u4ece\u6839\u672c\u4e0a\u6539\u53d8\u4e86\u8fd9\u4e00\u653f\u7b56\uff0c\u5f15\u53d1\u65e5\u672c\u56fd\u5185\u3001\u4e9a\u6d32\u56fd\u5bb6\u4e43\u81f3\u56fd\u9645\u793e\u4f1a\u62c5\u5fe7\u3002", "events": [], "arguments": {"loc": [], "time": [{"text": "2015\u5e749\u6708", "offset": 4, "length": 7}], "country": [], "weapon": []}}, {"sentence": "\u968f\u7740\u65e5\u672c2018\u5e74\u5e74\u5e95\u901a\u8fc7\u65b0\u7248\u300a\u9632\u536b\u8ba1\u5212\u5927\u7eb2\u300b\u3001\u9632\u52a1\u5f00\u652f\u8fde\u521b\u65b0\u9ad8\uff0c\u201c\u4e13\u5b88\u9632\u536b\u201d\u7406\u5ff5\u5b9e\u8d28\u4e0a\u5df2\u906d\u67b6\u7a7a\u3002", "events": [], "arguments": {"loc": [], "time": [{"text": "2018\u5e74\u5e74\u5e95", "offset": 4, "length": 7}], "country": [{"text": "\u65e5\u672c", "offset": 2, "length": 2}], "weapon": []}}, {"sentence": "\uff08\u5305\u96ea\u7433\uff09", "events": [], "arguments": {"loc": [], "time": [], "country": [], "weapon": []}}, {"sentence": "\uff08\u5305\u96ea\u7433\uff09\uff08\u65b0\u534e\u793e\u4e13\u7279\u7a3f\uff09", "events": [], "arguments": {"loc": [], "time": [], "country": [], "weapon": []}}, {"sentence": "\uff08\u5305\u96ea\u7433\uff09", "events": [], "arguments": {"loc": [], "time": [], "country": [], "weapon": []}}]