[{"sentence": "\u201c\u9ad8\u52a0\u7d22-2020\u201d\u6218\u7565\u6f14\u4e60 \u4e2d\u65b9\u53c2\u6f14\u90e8\u961f\u51fa\u5f81\uff01", "events": [{"trigger": {"text": "\u53c2\u6f14", "offset": 17, "length": 2}, "subject": {"text": "\u4e2d\u65b9", "offset": 15, "length": 2}, "object": {"text": "\u201c\u9ad8\u52a0\u7d22-2020\u201d\u6218\u7565\u6f14\u4e60", "offset": 0, "length": 14}}], "arguments": {"loc": [], "time": [], "country": [{"text": "\u4e2d\u65b9", "offset": 15, "length": 2}], "weapon": []}}, {"sentence": "\u201c\u9ad8\u52a0\u7d22-2020\u201d\u6218\u7565\u6f14\u4e60", "events": [], "arguments": {"loc": [], "time": [], "country": [], "weapon": []}}, {"sentence": "\u4e2d\u65b9\u53c2\u6f14\u90e8\u961f\u51fa\u5f81", "events": [], "arguments": {"loc": [], "time": [], "country": [{"text": "\u4e2d\u65b9", "offset": 0, "length": 2}], "weapon": []}}, {"sentence": "\u6211\u53c2\u6f14\u90e8\u961f\u7ec4\u7ec7\u4eba\u5458\u767b\u673a\u3002", "events": [], "arguments": {"loc": [], "time": [], "country": [], "weapon": []}}, {"sentence": "\u738b\u8fde\u5f6c\u6444", "events": [], "arguments": {"loc": [], "time": [], "country": [], "weapon": []}}, {"sentence": "\u89e3\u653e\u519b\u62a5\u9152\u6cc99\u670811\u65e5\u7535 \u674e\u8f89\u3001\u7279\u7ea6\u8bb0\u8005\u6768\u6653\u6ce2\u62a5\u9053\uff1a11\u65e5\u51cc\u6668\uff0c\u7531\u897f\u90e8\u6218\u533a\u62bd\u7ec4\u5175\u529b\u7f16\u6210\u7684\u53c2\u52a0\u4fc4\u201c\u9ad8\u52a0\u7d22-2020\u201d\u6218\u7565\u6f14\u4e60\u7684\u4e2d\u65b9\u90e8\u961f\u7b2c\u4e00\u68af\u961f\uff0c\u5728\u7518\u8083\u9152\u6cc9\u67d0\u673a\u573a\u5b8c\u6210\u6b66\u5668\u88c5\u5907\u53ca\u4fdd\u969c\u7269\u8d44\u88c5\u8f7d\uff0c\u4f9d\u4ee4\u51fa\u5f81\u3002", "events": [], "arguments": {"loc": [{"text": "\u7518\u8083\u9152\u6cc9\u67d0\u673a\u573a", "offset": 72, "length": 7}], "time": [{"text": "9\u670811\u65e5", "offset": 6, "length": 5}, {"text": "11\u65e5\u51cc\u6668", "offset": 26, "length": 5}], "country": [], "weapon": []}}, {"sentence": "\u4e2d\u65b9\u53c2\u6f14\u90e8\u961f\u4ece\u4e4c\u9c81\u6728\u9f50\u901a\u5173\u51fa\u5883\uff0c\u9014\u7ecf\u54c8\u8428\u514b\u65af\u5766\u7a7a\u57df\uff0c\u98de\u62b5\u4fc4\u7f57\u65af\u963f\u65af\u7279\u62c9\u7f55\u5dde\u67d0\u519b\u7528\u673a\u573a\uff1b\u5c14\u540e\u4e58\u5750\u4fc4\u65b9\u63d0\u4f9b\u7684\u8fd0\u8f93\u76f4\u5347\u673a\u548c\u8fd0\u8f93\u8f66\u8f86\uff0c\u8f6c\u573a\u81f3\u6f14\u4e60\u5730\u57df\u3002", "events": [], "arguments": {"loc": [{"text": "\u4e4c\u9c81\u6728\u9f50", "offset": 7, "length": 4}, {"text": "\u54c8\u8428\u514b\u65af\u5766\u7a7a\u57df", "offset": 18, "length": 7}, {"text": "\u4fc4\u7f57\u65af\u963f\u65af\u7279\u62c9\u7f55\u5dde\u67d0\u519b\u7528\u673a\u573a", "offset": 28, "length": 14}], "time": [], "country": [{"text": "\u4e2d\u65b9", "offset": 0, "length": 2}, {"text": "\u4fc4\u7f57\u65af", "offset": 28, "length": 3}, {"text": "\u4fc4\u65b9", "offset": 47, "length": 2}], "weapon": []}}, {"sentence": "\u6b64\u6b21\u8d74\u4fc4\u53c2\u52a0\u591a\u56fd\u90e8\u961f\u8054\u5408\u6f14\u4e60\uff0c\u4e2d\u65b9\u53c2\u6f14\u90e8\u961f\u5168\u90e8\u91c7\u53d6\u822a\u7a7a\u6295\u9001\u65b9\u5f0f\uff0c\u533a\u5206\u4e24\u4e2a\u68af\u961f\u5411\u6f14\u4e60\u5730\u57df\u5b9e\u65bd\u70b9\u5bf9\u70b9\u5175\u529b\u6295\u9001\u3002", "events": [], "arguments": {"loc": [], "time": [], "country": [{"text": "\u4fc4", "offset": 3, "length": 1}, {"text": "\u4e2d\u65b9", "offset": 15, "length": 2}], "weapon": []}}, {"sentence": "\u9996\u6279\u51fa\u53d1\u7684\u53c2\u6f14\u90e8\u961f\u642d\u4e582\u67b6\u65b0\u578b\u56fd\u4ea7\u8fd0\u8f93\u673a\u98de\u8d74\u4fc4\u7f57\u65af\u9884\u5b9a\u673a\u573a\uff0c\u4e0d\u4ec5\u643a\u5e26\u4e86\u5404\u7c7b\u6b66\u5668\u88c5\u5907\uff0c\u8fd8\u88c5\u8f7d\u4e86\u90e8\u5206\u533b\u7597\u9632\u75ab\u548c\u751f\u6d3b\u4fdd\u969c\u7b49\u5fc5\u8981\u7269\u8d44\u3002", "events": [], "arguments": {"loc": [{"text": "\u4fc4\u7f57\u65af\u9884\u5b9a\u673a\u573a", "offset": 22, "length": 7}], "time": [], "country": [{"text": "\u4fc4\u7f57\u65af", "offset": 22, "length": 3}], "weapon": []}}, {"sentence": "\u636e\u6089\uff0c\u4e2d\u65b9\u53c2\u6f14\u90e8\u961f\u7b2c\u4e00\u68af\u961f\u5df2\u62b5\u8fbe\u9884\u5b9a\u6f14\u4e60\u5730\u57df\u3002", "events": [], "arguments": {"loc": [], "time": [], "country": [{"text": "\u4e2d\u65b9", "offset": 3, "length": 2}], "weapon": []}}]