[{"sentence": "\u7f8e\u9ad8\u5b98\u900f\u9732\u7f8e\u56fd\u672a\u67654\u5e74\u5c06\u8fdb\u884c40\u6b21\u9ad8\u8d85\u97f3\u901f\u6b66\u5668\u8bd5\u9a8c", "events": [{"trigger": {"text": "\u5c06\u8fdb\u884c", "offset": 11, "length": 3}, "subject": {"text": "\u7f8e\u56fd", "offset": 5, "length": 2}, "object": {"text": "40\u6b21\u9ad8\u8d85\u97f3\u901f\u6b66\u5668\u8bd5\u9a8c", "offset": 14, "length": 11}}], "arguments": {"loc": [], "time": [], "country": [{"text": "\u7f8e\u56fd", "offset": 5, "length": 2}], "weapon": [{"text": "\u9ad8\u8d85\u97f3\u901f\u6b66\u5668", "offset": 17, "length": 6}]}}, {"sentence": "\u3010\u73af\u7403\u7f51\u62a5\u9053 \u8bb0\u8005 \u5f90\u7490\u660e\u3011", "events": [], "arguments": {"loc": [], "time": [], "country": [], "weapon": []}}, {"sentence": "\u636e\u300a\u534e\u5c14\u8857\u5546\u4e1a\u65e5\u62a5\u300b9\u670810\u65e5\u62a5\u9053\uff0c\u968f\u7740\u5168\u7403\u5bfc\u5f39\u7814\u53d1\u548c\u751f\u4ea7\u70ed\u6f6e\u6765\u4e34\uff0c\u4e00\u540d\u5728\u5bfc\u5f39\u9632\u5fa1\u9886\u57df\u7684\u7f8e\u56fd\u56fd\u9632\u884c\u4e1a\u9ad8\u5b98\u547c\u5401\u7f8e\u56fd\u8054\u90a6\u653f\u5e9c\u575a\u5b9a\u5730\u81f4\u529b\u4e8e\u6253\u9020\u4e00\u4e2a\u65b0\u7684\u7a7a\u95f4\u4f20\u611f\u5668\u7f51\u7edc\uff0c\u4ee5\u5e94\u5bf9\u6f5c\u5728\u5a01\u80c1\u3002", "events": [{"trigger": {"text": "\u6253\u9020", "offset": 66, "length": 2}, "subject": {"text": "", "offset": 0, "length": 0}, "object": {"text": "\u7684\u7a7a\u95f4\u4f20\u611f\u5668\u7f51\u7edc", "offset": 71, "length": 8}}], "arguments": {"loc": [], "time": [{"text": "9\u670810\u65e5", "offset": 10, "length": 5}], "country": [{"text": "\u7f8e\u56fd", "offset": 54, "length": 2}], "weapon": [{"text": "\u5bfc\u5f39", "offset": 37, "length": 2}]}}, {"sentence": "\u5f53\u4e0a\u5468\u56db\u88ab\u95ee\u53ca\u7f8e\u56fd\u5982\u4f55\u80fd\u591f\u7528\u6700\u597d\u7684\u65b9\u5f0f\u9632\u5fa1\u9ad8\u8d85\u97f3\u901f\u6b66\u5668\u65f6\uff0c\u7f8e\u56fd\u8bfa\u65af\u7f57\u666e\u00b7\u683c\u9c81\u66fc\u516c\u53f8\u7684\u6218\u6597\u7cfb\u7edf\u548c\u6218\u5907\u9879\u76ee\u603b\u7ecf\u7406\u79d1\u6069\u00b7\u6258\u591a\u7f57\u592b\u8868\u793a\uff0c\u8054\u90a6\u653f\u5e9c\u9700\u8981\u201c\u6295\u5165\u8d44\u91d1\u5e76\u660e\u786e\u8def\u7ebf\u201d\uff0c\u5efa\u9020\u4e00\u4e2a\u536b\u661f\u548c\u4f20\u611f\u5668\u7f51\u7edc\u4f53\u7cfb\u7ed3\u6784\uff0c\u8fd9\u901a\u5e38\u88ab\u79f0\u4e3a\u201c\u7a7a\u95f4\u5c42\u201d\u3002", "events": [], "arguments": {"loc": [], "time": [{"text": "\u4e0a\u5468\u56db", "offset": 1, "length": 3}], "country": [{"text": "\u7f8e\u56fd", "offset": 29, "length": 2}], "weapon": [{"text": "\u9ad8\u8d85\u97f3\u901f\u6b66\u5668", "offset": 21, "length": 6}]}}, {"sentence": "\u4ed6\u8bf4\uff1a\u201c\u6211\u4eec\u7ecf\u5e38\u542c\u5230\u6709\u5173\u2018\u7a7a\u95f4\u5c42\u2019\u7684\u8bdd\u9898\uff0c\u6211\u4eec\u5fc5\u987b\u52a0\u5feb\u884c\u52a8\u3002", "events": [], "arguments": {"loc": [], "time": [], "country": [], "weapon": []}}, {"sentence": "\u201d", "events": [], "arguments": {"loc": [], "time": [], "country": [], "weapon": []}}, {"sentence": "\u7f8e\u56fd\u56fd\u9632\u90e8\u526f\u90e8\u957f\u8bfa\u594e\u65af\u7279\u5728\u4e0a\u5468\u56db\u8fd9\u6b21\u4f1a\u8bae\u7684\u95ed\u5e55\u5f0f\u4e0a\u8bf4\uff0c2017\u81f32020\u8d22\u5e74\uff0c\u7f8e\u56fd\u7528\u4e8e\u5bfc\u5f39\u548c\u5f39\u836f\u91c7\u8d2d\u7684\u5e74\u5e73\u5747\u652f\u51fa\u4e3a146\u4ebf\u7f8e\u5143\uff0c\u9ad8\u4e8e2012\u81f32016\u8d22\u5e74\u768484\u4ebf\u7f8e\u5143\u3002", "events": [], "arguments": {"loc": [], "time": [{"text": "\u4e0a\u5468\u56db", "offset": 13, "length": 3}, {"text": "2017\u81f32020\u8d22\u5e74", "offset": 27, "length": 11}, {"text": "2012\u81f32016\u8d22\u5e74", "offset": 66, "length": 11}], "country": [{"text": "\u7f8e\u56fd", "offset": 39, "length": 2}], "weapon": [{"text": "\u5bfc\u5f39", "offset": 43, "length": 2}, {"text": "\u5f39\u836f", "offset": 46, "length": 2}]}}, {"sentence": "\u4ed6\u8fd8\u8865\u5145\u8bf4\uff0c\u6309\u7167\u7f8e\u56fd\u7684\u9ad8\u8d85\u97f3\u901f\u6b66\u5668\u7814\u5236\u8ba1\u5212\uff0c\u672a\u67654\u5e74\u5c06\u8fdb\u884c40\u6b21\u98de\u884c\u6d4b\u8bd5\u3002", "events": [{"trigger": {"text": "\u6d4b\u8bd5", "offset": 34, "length": 2}, "subject": {"text": "\u7f8e\u56fd\u7684\u9ad8\u8d85\u97f3\u901f\u6b66\u5668\u7814\u5236\u8ba1\u5212", "offset": 8, "length": 13}, "object": {"text": "", "offset": 0, "length": 0}}], "arguments": {"loc": [], "time": [], "country": [{"text": "\u7f8e\u56fd", "offset": 8, "length": 2}], "weapon": [{"text": "\u9ad8\u8d85\u97f3\u901f\u6b66\u5668", "offset": 11, "length": 6}]}}, {"sentence": "\u62a5\u9053\u79f0\uff0c\u9ad8\u8d85\u97f3\u901f\u6b66\u5668\u80fd\u591f\u4ee5\u8d85\u8fc75\u9a6c\u8d6b\u7684\u901f\u5ea6\u98de\u884c\uff0c\u53ef\u4ee5\u89c4\u907f\u76ee\u524d\u7edd\u5927\u591a\u6570\u9646\u57fa\u5bfc\u5f39\u9632\u5fa1\u7cfb\u7edf\uff0c\u8fd8\u80fd\u5728\u4f4e\u9ad8\u5ea6\u98de\u884c\uff0c\u673a\u52a8\u6027\u4e5f\u66f4\u5f3a\u3002", "events": [], "arguments": {"loc": [], "time": [], "country": [], "weapon": [{"text": "\u9ad8\u8d85\u97f3\u901f\u6b66\u5668", "offset": 4, "length": 6}, {"text": "\u9646\u57fa\u5bfc\u5f39\u9632\u5fa1\u7cfb\u7edf", "offset": 34, "length": 8}]}}, {"sentence": "\u76ee\u524d\u591a\u4e2a\u56fd\u5bb6\u90fd\u5728\u8fdb\u884c\u9ad8\u8d85\u97f3\u901f\u6b66\u5668\u7684\u6d4b\u8bd5\u548c\u7814\u53d1\uff0c\u4eca\u5e747\u6708\uff0c\u4fc4\u7f57\u65af\u603b\u7edf\u666e\u4eac\u8868\u793a\uff0c\u4fc4\u7f57\u65af\u6d77\u519b\u53ef\u80fd\u5f88\u5feb\u5c31\u5c06\u88c5\u5907\u8d85\u97f3\u901f\u6b66\u5668\u3002", "events": [{"trigger": {"text": "\u5c06\u88c5\u5907", "offset": 48, "length": 3}, "subject": {"text": "\u4fc4\u7f57\u65af\u6d77\u519b", "offset": 38, "length": 5}, "object": {"text": "\u88c5\u5907\u8d85\u97f3\u901f\u6b66\u5668", "offset": 49, "length": 7}}], "arguments": {"loc": [], "time": [{"text": "\u4eca\u5e747\u6708", "offset": 23, "length": 4}], "country": [{"text": "\u4fc4\u7f57\u65af", "offset": 38, "length": 3}], "weapon": [{"text": "\u9ad8\u8d85\u97f3\u901f\u6b66\u5668", "offset": 10, "length": 6}]}}, {"sentence": "\u6b64\u5916\uff0c\u4fc4\u7f57\u65af\u8fd8\u5728\u53bb\u5e74\u5e74\u5e95\u90e8\u7f72\u4e86\u9996\u4e2a\u201c\u5148\u950b\u201d\u9ad8\u8d85\u97f3\u901f\u5bfc\u5f39\u56e2\uff0c\u8fd9\u79cd\u5bfc\u5f39\u636e\u79f0\u53ef\u4ee5\u8fbe\u523020\u9a6c\u8d6b\u7684\u901f\u5ea6\u3002", "events": [{"trigger": {"text": "\u90e8\u7f72", "offset": 12, "length": 2}, "subject": {"text": "\u4fc4\u7f57\u65af", "offset": 3, "length": 3}, "object": {"text": "\u9996\u4e2a\u201c\u5148\u950b\u201d\u9ad8\u8d85\u97f3\u901f\u5bfc\u5f39\u56e2", "offset": 15, "length": 13}}], "arguments": {"loc": [], "time": [{"text": "\u53bb\u5e74\u5e74\u5e95", "offset": 8, "length": 4}], "country": [{"text": "\u4fc4\u7f57\u65af", "offset": 3, "length": 3}], "weapon": []}}, {"sentence": "\u800c\u4e3a\u4e86\u5e94\u5bf9\u8fd9\u79cd\u6b66\u5668\uff0c\u7f8e\u56fd\u7a7a\u95f4\u53d1\u5c55\u5c40\u548c\u5bfc\u5f39\u9632\u5fa1\u5c40\u63d0\u51fa\u6253\u9020\u4e00\u4e2a\u7531550\u9897\u536b\u661f\u7ec4\u6210\u7684\u7f51\u7edc\uff0c\u88ab\u79f0\u4e3a\u201c\u56fd\u9632\u7a7a\u95f4\u67b6\u6784\u201d\uff0c\u4ee5\u66f4\u597d\u5730\u5e94\u5bf9\u9ad8\u8d85\u97f3\u901f\u6b66\u5668\u7684\u5a01\u80c1\u3002", "events": [{"trigger": {"text": "\u63d0\u51fa\u6253\u9020", "offset": 23, "length": 4}, "subject": {"text": "\u7f8e\u56fd\u7a7a\u95f4\u53d1\u5c55\u5c40\u548c\u5bfc\u5f39\u9632\u5fa1\u5c40", "offset": 10, "length": 13}, "object": {"text": "\u7531550\u9897\u536b\u661f\u7ec4\u6210\u7684\u7f51\u7edc", "offset": 29, "length": 12}}], "arguments": {"loc": [], "time": [], "country": [{"text": "\u7f8e\u56fd", "offset": 10, "length": 2}], "weapon": []}}, {"sentence": "\u201c\u56fd\u9632\u7a7a\u95f4\u67b6\u6784\u201d\u5305\u62ec\u591a\u4e2a\u7531\u536b\u661f\u8986\u76d6\u7684\u7a7a\u95f4\u5c42\uff0c\u5305\u62ec\u5728\u9ad8\u7a7a\u548c\u4f4e\u7a7a\u76d1\u89c6\u5bfc\u5f39\u53d1\u5c04\u7684\u8ddf\u8e2a\u5c42\uff0c\u4ee5\u53ca\u4e0e\u8ddf\u8e2a\u4f20\u611f\u5668\u76f8\u8fde\u7684\u9646\u57fa\u62e6\u622a\u7cfb\u7edf\u7684\u4f20\u8f93\u5c42\u3002", "events": [], "arguments": {"loc": [], "time": [], "country": [], "weapon": []}}, {"sentence": "\u7f8e\u56fd\u7a7a\u95f4\u53d1\u5c55\u5c40\u57285\u6708\u4efd\u53d1\u51fa\u4e86\u4e00\u4efd\u62db\u6807\uff0c\u8981\u6c42\u5236\u902020\u9897\u4f20\u8f93\u5c42\u536b\u661f\uff0c\u5c06\u57282022\u8d22\u5e74\u6295\u5165\u4f7f\u7528\u3002", "events": [], "arguments": {"loc": [], "time": [{"text": "5\u6708\u4efd", "offset": 8, "length": 3}, {"text": "2022\u8d22\u5e74", "offset": 34, "length": 6}], "country": [{"text": "\u7f8e\u56fd", "offset": 0, "length": 2}], "weapon": []}}, {"sentence": "\u4f46\u6258\u591a\u7f57\u592b\u8868\u793a\uff0c\u8054\u90a6\u653f\u5e9c\u5fc5\u987b\u660e\u786e\u8c01\u6765\u76d1\u7ba1\u201c\u56fd\u9632\u7a7a\u95f4\u67b6\u6784\u201d\u9879\u76ee\u7684\u8fdb\u5c55\uff0c\u4ee5\u53ca\u660e\u786e\u8d44\u91d1\u6765\u6e90\uff0c\u628a\u5e94\u5bf9\u9ad8\u8d85\u97f3\u901f\u6b66\u5668\u5a01\u80c1\u5217\u4e3a\u4f18\u5148\u4e8b\u9879\u3002", "events": [], "arguments": {"loc": [], "time": [], "country": [], "weapon": [{"text": "\u9ad8\u8d85\u97f3\u901f\u6b66\u5668", "offset": 46, "length": 6}]}}, {"sentence": "\u5728\u6258\u591a\u7f57\u592b\u53d1\u8868\u6298\u8fd4\u8a00\u8bba\u4e4b\u9645\uff0c\u7f8e\u56fd\u6b63\u5728\u52a0\u7d27\u90e8\u7f72\u5bfc\u5f39\u3002", "events": [{"trigger": {"text": "\u90e8\u7f72", "offset": 20, "length": 2}, "subject": {"text": "\u7f8e\u56fd", "offset": 14, "length": 2}, "object": {"text": "\u5bfc\u5f39", "offset": 22, "length": 2}}], "arguments": {"loc": [], "time": [], "country": [{"text": "\u7f8e\u56fd", "offset": 14, "length": 2}], "weapon": [{"text": "\u5bfc\u5f39", "offset": 22, "length": 2}]}}, {"sentence": "\u672c\u5468\u4e8c\uff0c\u7f8e\u56fd\u7a7a\u519b\u5ba3\u5e03\u6388\u4e88\u8bfa\u65af\u7f57\u666e\u00b7\u683c\u9c81\u66fc\u516c\u53f8\u4e00\u4efd\u4ef7\u503c850\u4ebf\u7f8e\u5143\u7684\u5408\u540c\uff0c\u5236\u9020\u65b0\u578b\u5f39\u9053\u5bfc\u5f39\u4ee5\u53d6\u4ee3450\u679a\u201c\u6c11\u5175\u201d-3\u578b\u6d32\u9645\u5f39\u9053\u5bfc\u5f39\u3002", "events": [{"trigger": {"text": "\u5236\u9020", "offset": 36, "length": 2}, "subject": {"text": "\u7f8e\u56fd", "offset": 4, "length": 2}, "object": {"text": "\u65b0\u578b\u5f39\u9053\u5bfc\u5f39", "offset": 38, "length": 6}}], "arguments": {"loc": [], "time": [{"text": "\u672c\u5468\u4e8c", "offset": 0, "length": 3}], "country": [{"text": "\u7f8e\u56fd", "offset": 4, "length": 2}], "weapon": [{"text": "\u65b0\u578b\u5f39\u9053\u5bfc\u5f39", "offset": 38, "length": 6}, {"text": "\u201c\u6c11\u5175\u201d-3\u578b\u6d32\u9645\u5f39\u9053\u5bfc\u5f39", "offset": 51, "length": 13}]}}]