[{"sentence": "\u53f0\u5a92\uff1a\u53f0\u6e7e\u201c\u65e0\u9650\u9ad8\u201d\u8bd5\u5c04\u4e4b\u9645\u00a0\u89e3\u653e\u519b\u6218\u673a\u8fde\u7eed\u4e24\u5929\u8fdb\u5165\u53f0\u897f\u5357\u7a7a\u57df", "events": [{"trigger": {"text": "\u8fdb\u5165", "offset": 24, "length": 2}, "subject": {"text": "\u89e3\u653e\u519b\u6218\u673a", "offset": 15, "length": 5}, "object": {"text": "\u53f0\u897f\u5357\u7a7a\u57df", "offset": 26, "length": 5}}], "arguments": {"loc": [{"text": "\u53f0\u897f\u5357\u7a7a\u57df", "offset": 26, "length": 5}], "time": [], "country": [{"text": "\u53f0\u6e7e", "offset": 3, "length": 2}], "weapon": [{"text": "\u201c\u65e0\u9650\u9ad8\u201d", "offset": 5, "length": 5}, {"text": "\u6218\u673a", "offset": 18, "length": 2}]}}, {"sentence": "\u3010\u73af\u7403\u7f51\u62a5\u9053 \u8bb0\u8005 \u5f90\u7490\u660e\u3011", "events": [], "arguments": {"loc": [], "time": [], "country": [], "weapon": []}}, {"sentence": "\u57289\u67089\u65e5\u300110\u65e5\u53f0\u6e7e\u8fdb\u884c\u201c\u65e0\u9650\u9ad8\u201d\u8bd5\u5c04\u65e5\u4e4b\u9645\uff0c\u53f0\u6e7e\u9632\u52a1\u90e8\u95e8\u8fde\u7eed\u4e24\u5929\u5ba3\u79f0\u53d1\u73b0\u89e3\u653e\u519b\u6218\u673a\u5728\u53f0\u6e7e\u897f\u5357\u7a7a\u57df\u6d3b\u52a8\uff0c\u8fd8\u5f3a\u8c03\u79f0\u5747\u80fd\u5373\u65f6\u638c\u63e1\u60c5\u51b5\u548c\u5e94\u5bf9\u3002", "events": [{"trigger": {"text": "\u6d3b\u52a8", "offset": 50, "length": 2}, "subject": {"text": "\u89e3\u653e\u519b\u6218\u673a", "offset": 38, "length": 5}, "object": {"text": "\u53f0\u6e7e\u897f\u5357\u7a7a\u57df", "offset": 44, "length": 6}}], "arguments": {"loc": [{"text": "\u53f0\u6e7e\u897f\u5357\u7a7a\u57df", "offset": 44, "length": 6}], "time": [{"text": "9\u67089\u65e5", "offset": 1, "length": 4}, {"text": "10\u65e5", "offset": 6, "length": 3}], "country": [{"text": "\u53f0\u6e7e", "offset": 44, "length": 2}], "weapon": [{"text": "\u6218\u673a", "offset": 41, "length": 2}, {"text": "\u201c\u65e0\u9650\u9ad8\u201d", "offset": 13, "length": 5}]}}, {"sentence": "\u636e\u53f0\u6e7e\u7eff\u5a92\u201c\u4e09\u7acb\u65b0\u95fb\u7f51\u201d9\u670810\u65e5\u62a5\u9053\uff0c\u53f0\u6e7e\u9632\u52a1\u90e8\u95e8\u5f53\u5929\u8868\u793a\uff0c10\u65e5\u4e0a\u5348\u53d1\u73b0\u89e3\u653e\u519b\u82cf-30\u6218\u6597\u673a\u3001\u8fd0-8\u98de\u673a\u7b49\u591a\u578b\u6218\u673a\uff0c\u591a\u67b6\u6b21\u8fdb\u5165\u53f0\u6e7e\u897f\u5357\u7a7a\u57df\u201c\u9632\u7a7a\u8bc6\u522b\u533a\u201d\u6d3b\u52a8\uff0c\u8fd8\u58f0\u79f0\u53f0\u6e7e\u201c\u7a7a\u519b\u201d\u6d3e\u51fa\u7a7a\u4e2d\u5175\u529b\u4e25\u5bc6\u76d1\u63a7\u3001\u5e94\u5bf9\u3002", "events": [{"trigger": {"text": "\u8fdb\u5165", "offset": 63, "length": 2}, "subject": {"text": "\u89e3\u653e\u519b\u82cf-30\u6218\u6597\u673a\u3001\u8fd0-8\u98de\u673a\u7b49\u591a\u578b\u6218\u673a", "offset": 38, "length": 21}, "object": {"text": "\u53f0\u6e7e\u897f\u5357\u7a7a\u57df\u201c\u9632\u7a7a\u8bc6\u522b\u533a\u201d", "offset": 65, "length": 13}}], "arguments": {"loc": [{"text": "\u53f0\u6e7e\u897f\u5357\u7a7a\u57df", "offset": 65, "length": 6}], "time": [{"text": "9\u670810\u65e5", "offset": 12, "length": 5}, {"text": "10\u65e5\u4e0a\u5348", "offset": 31, "length": 5}], "country": [{"text": "\u53f0\u6e7e", "offset": 84, "length": 2}], "weapon": [{"text": "\u82cf-30\u6218\u6597\u673a", "offset": 41, "length": 7}, {"text": "\u8fd0-8\u98de\u673a", "offset": 49, "length": 5}]}}, {"sentence": "\u53f0\u6e7e\u9632\u52a1\u90e8\u95e8\u8fd8\u8868\u793a\uff0c\u5747\u80fd\u5373\u65f6\u638c\u63e1\u60c5\u51b5\uff0c\u5e76\u6309\u7167\u6218\u5907\u89c4\u5b9a\u5e94\u5bf9\uff0c\u634d\u536b\u201c\u5b89\u5168\u201d\u3002", "events": [], "arguments": {"loc": [], "time": [], "country": [{"text": "\u53f0\u6e7e", "offset": 0, "length": 2}], "weapon": []}}, {"sentence": "\u636e\u6089\uff0c\u53f0\u6e7e\u9632\u52a1\u90e8\u95e8\u5df2\u7ecf\u8fde\u7eed\u4e24\u65e5\u5ba3\u79f0\u53d1\u73b0\u89e3\u653e\u519b\u6218\u673a\u5728\u53f0\u6e7e\u897f\u5357\u7a7a\u57df\u6d3b\u52a8\u3002", "events": [], "arguments": {"loc": [{"text": "\u53f0\u6e7e\u897f\u5357\u7a7a\u57df", "offset": 25, "length": 6}], "time": [], "country": [{"text": "\u53f0\u6e7e", "offset": 25, "length": 2}], "weapon": []}}, {"sentence": "\u53f0\u6e7e\u9632\u52a1\u90e8\u95e8\u57289\u67089\u65e5\u8868\u793a\uff0c\u89e3\u653e\u519b\u519b\u673a\u4ece\u5f53\u5929\u4e0a\u5348\u7ea67\u65f6\u8d77\uff0c\u7f55\u89c1\u8fde\u7eed\u8fdb\u5165\u53f0\u897f\u5357\u7a7a\u57df\uff0c\u53f0\u519b\u81f3\u5c11\u8fdb\u884c24\u6b21\u201c\u5e7f\u64ad\u9a71\u79bb\u201d\u3002", "events": [{"trigger": {"text": "\u8fde\u7eed\u8fdb\u5165", "offset": 31, "length": 4}, "subject": {"text": "\u89e3\u653e\u519b\u519b\u673a", "offset": 14, "length": 5}, "object": {"text": "\u53f0\u897f\u5357\u7a7a\u57df", "offset": 35, "length": 5}}], "arguments": {"loc": [{"text": "\u53f0\u897f\u5357\u7a7a\u57df", "offset": 35, "length": 5}], "time": [{"text": "9\u67089\u65e5", "offset": 7, "length": 4}, {"text": "\u5f53\u5929\u4e0a\u5348\u7ea67\u65f6", "offset": 20, "length": 7}], "country": [{"text": "\u53f0\u6e7e", "offset": 0, "length": 2}], "weapon": []}}, {"sentence": "\u201c\u4e09\u7acb\u65b0\u95fb\u7f51\u201d\u62a5\u9053\u79f0\uff0c\u53f0\u6e7e\u201c\u4e2d\u79d1\u9662\u201d\u6b64\u524d\u53d1\u5e03\u516c\u544a\uff0c9\u65e5\u300110\u65e5\u4e24\u5929\u5c06\u5728\u5c4f\u4e1c\u4e5d\u9e4f\u57fa\u5730\u8fdb\u884c\u201c\u706b\u70ae\u8bd5\u5c04\u201d\uff0c\u5176\u4e2d\u6700\u5927\u5f39\u9053\u9ad8\u5ea6\u8bbe\u5b9a\u4e3a\u201c\u65e0\u9650\u9ad8\u201d\u3002", "events": [{"trigger": {"text": "\u8bd5\u5c04", "offset": 46, "length": 2}, "subject": {"text": "\u53f0\u6e7e", "offset": 11, "length": 2}, "object": {"text": "\u201c\u706b\u70ae\u8bd5\u5c04", "offset": 43, "length": 5}}], "arguments": {"loc": [{"text": "\u5c4f\u4e1c\u4e5d\u9e4f\u57fa\u5730", "offset": 35, "length": 6}], "time": [{"text": "9\u65e5", "offset": 25, "length": 2}, {"text": "10\u65e5", "offset": 28, "length": 3}], "country": [{"text": "\u53f0\u6e7e", "offset": 11, "length": 2}], "weapon": []}}, {"sentence": "\u800c\u5728\u6b64\u654f\u611f\u65f6\u673a\uff0c\u89e3\u653e\u519b\u8fde\u7eed\u4e24\u65e5\u6d3e\u51fa\u6218\u673a\u8fdb\u5165\u53f0\u897f\u5357\u7a7a\u57df\u3002", "events": [{"trigger": {"text": "\u8fdb\u5165", "offset": 19, "length": 2}, "subject": {"text": "\u89e3\u653e\u519b", "offset": 8, "length": 3}, "object": {"text": "\u53f0\u897f\u5357\u7a7a\u57df", "offset": 21, "length": 5}}], "arguments": {"loc": [{"text": "\u53f0\u897f\u5357\u7a7a\u57df", "offset": 21, "length": 5}], "time": [], "country": [{"text": "\u53f0", "offset": 21, "length": 1}], "weapon": []}}, {"sentence": "\u6b64\u524d\u8fd8\u6709\u7eff\u5a92\u63f4\u5f15\u4e00\u4f4d\u6240\u8c13\u519b\u4e8b\u8ff7\u8001\u8bb8\u7684\u8bf4\u6cd5\u79f0\uff0c\u5171\u673a\u9009\u5728\u201c\u65e0\u9650\u9ad8\u201d\u8bd5\u5c04\u65e5\uff0c\u51fa\u52a8\u4eca\u5e74\u6700\u9891\u7e41\u7684\u201c\u6270\u53f0\u201d\u653b\u52bf\uff0c\u4e24\u8005\u95f4\u5f88\u96be\u8bf4\u6ca1\u6709\u5173\u7cfb\u3002", "events": [], "arguments": {"loc": [], "time": [], "country": [], "weapon": [{"text": "\u201c\u65e0\u9650\u9ad8\u201d", "offset": 26, "length": 5}]}}, {"sentence": "\u8fd9\u540d\u6240\u8c13\u519b\u4e8b\u8ff7\u8fd8\u8111\u8865\uff1a\u5df2\u663e\u89c1\u53f0\u519b\u81ea\u884c\u7814\u53d1\u7684\u6b66\u5668\u53ca\u519b\u4e8b\u5b9e\u529b\uff0c\u90fd\u8ba9\u4e2d\u56fd\uff08\u5927\u9646\uff09\u611f\u5230\u76f8\u5f53\u4e0d\u5b89\uff0c\u53ea\u80fd\u91c7\u53d6\u5e72\u6270\u7684\u65b9\u5f0f\u6311\u8845\u3002", "events": [], "arguments": {"loc": [], "time": [], "country": [{"text": "\u4e2d\u56fd", "offset": 31, "length": 2}], "weapon": []}}, {"sentence": "\u5bf9\u4e8e\u6b64\u6b21\u201c\u65e0\u9650\u9ad8\u201d\u8bd5\u5c04\uff0c\u5916\u754c\u666e\u904d\u5173\u6ce8\u53f0\u6e7e\u662f\u5426\u8981\u53d1\u5c04\u201c\u5929\u5f13\u4e09\u578b\u201d\u9632\u7a7a\u5bfc\u5f39\uff0c\u800c\u53f0\u519b\u65b9\u4e00\u5ea6\u4e0d\u613f\u8bc4\u8bba\u3002", "events": [], "arguments": {"loc": [], "time": [], "country": [{"text": "\u53f0\u6e7e", "offset": 18, "length": 2}], "weapon": [{"text": "\u201c\u5929\u5f13\u4e09\u578b\u201d\u9632\u7a7a\u5bfc\u5f39", "offset": 25, "length": 10}]}}, {"sentence": "\u201c\u5929\u5f13\u4e09\u578b\u201d\u9632\u7a7a\u5bfc\u5f39\u56e0\u5177\u6709\u8f83\u5f3a\u7684\u62e6\u622a\u80fd\u529b\uff0c\u88ab\u79f0\u4e3a\u53f0\u7248\u201c\u8428\u5fb7\u201d\u3002", "events": [], "arguments": {"loc": [], "time": [], "country": [{"text": "\u53f0", "offset": 24, "length": 1}], "weapon": [{"text": "\u201c\u5929\u5f13\u4e09\u578b\u201d\u9632\u7a7a\u5bfc\u5f39", "offset": 0, "length": 10}]}}, {"sentence": "\u5bf9\u4e8e\u6c11\u8fdb\u515a\u5f53\u5c40\u5984\u56fe\u4ee5\u6b66\u8c0b\u201c\u72ec\u201d\u7684\u505a\u6cd5\uff0c\u4e2d\u56fd\u56fd\u9632\u90e8\u65b0\u95fb\u53d1\u8a00\u4eba\u5434\u8c26\u66fe\u5f3a\u8c03\uff0c\u53f0\u6e7e\u662f\u4e2d\u56fd\u4e0d\u53ef\u5206\u5272\u7684\u4e00\u90e8\u5206\u3002", "events": [], "arguments": {"loc": [], "time": [], "country": [{"text": "\u4e2d\u56fd", "offset": 38, "length": 2}, {"text": "\u53f0\u6e7e", "offset": 35, "length": 2}], "weapon": []}}, {"sentence": "\u4e2d\u65b9\u5728\u53f0\u6e7e\u95ee\u9898\u4e0a\u7684\u7acb\u573a\u662f\u4e00\u8d2f\u7684\u3001\u660e\u786e\u7684\uff0c\u4e2d\u65b9\u51b3\u4e0d\u5141\u8bb8\u4efb\u4f55\u4eba\u3001\u4efb\u4f55\u7ec4\u7ec7\u3001\u4efb\u4f55\u56fd\u5bb6\u91c7\u53d6\u4efb\u4f55\u65b9\u5f0f\u628a\u53f0\u6e7e\u4ece\u7956\u56fd\u5206\u79bb\u51fa\u53bb\uff0c\u4e00\u5207\u8fdd\u80cc\u5386\u53f2\u6f6e\u6d41\u3001\u5236\u9020\u201c\u4e00\u4e2d\u4e00\u53f0\u201d\u3001\u5206\u88c2\u4e2d\u56fd\u7684\u56fe\u8c0b\u90fd\u5c06\u53d7\u5230\u5305\u62ec\u6240\u6709\u6d77\u5916\u534e\u4eba\u5728\u5185\u5168\u4f53\u4e2d\u534e\u513f\u5973\u7684\u575a\u51b3\u53cd\u5bf9\u3002", "events": [], "arguments": {"loc": [], "time": [], "country": [{"text": "\u53f0\u6e7e", "offset": 46, "length": 2}, {"text": "\u4e2d\u56fd", "offset": 76, "length": 2}], "weapon": []}}, {"sentence": "\u6211\u4eec\u540c\u65f6\u6b63\u544a\u6c11\u8fdb\u515a\u5f53\u5c40\uff0c\u7956\u56fd\u7edf\u4e00\u662f\u6c11\u65cf\u5927\u4e49\u6240\u5728\u3001\u4e24\u5cb8\u4eba\u5fc3\u6240\u5411\u3002", "events": [], "arguments": {"loc": [], "time": [], "country": [], "weapon": []}}, {"sentence": "\u631f\u6d0b\u81ea\u91cd\u6c38\u65e0\u51fa\u8def\uff0c\u4ee5\u6b66\u8c0b\u201c\u72ec\u201d\u6b7b\u8def\u4e00\u6761\u3002", "events": [], "arguments": {"loc": [], "time": [], "country": [], "weapon": []}}, {"sentence": "\u4e2d\u56fd\u4eba\u6c11\u89e3\u653e\u519b\u5c06\u91c7\u53d6\u4e00\u5207\u5fc5\u8981\u63aa\u65bd\uff0c\u575a\u51b3\u634d\u536b\u56fd\u5bb6\u4e3b\u6743\u548c\u9886\u571f\u5b8c\u6574\uff0c\u575a\u5b9a\u7ef4\u62a4\u53f0\u6d77\u5730\u533a\u548c\u5e73\u7a33\u5b9a\u3002", "events": [], "arguments": {"loc": [], "time": [], "country": [{"text": "\u4e2d\u56fd", "offset": 0, "length": 2}], "weapon": []}}]