[{"sentence": "\u7f8e\u56fd\u9891\u7e41\u6d3e\u673a\u5230\u5357\u6d77\u4fa6\u5bdf\u4e4b\u9645\u00a0\u7f8e\u519b\u4e24\u8258\u4e07\u5428\u5de8\u8230\u4e5f\u5728\u5357\u6d77\u73b0\u8eab", "events": [{"trigger": {"text": "\u73b0\u8eab", "offset": 26, "length": 2}, "subject": {"text": "\u7f8e\u519b\u4e24\u8258\u4e07\u5428\u5de8\u8230", "offset": 14, "length": 8}, "object": {"text": "\u5357\u6d77", "offset": 24, "length": 2}}], "arguments": {"loc": [{"text": "\u5357\u6d77", "offset": 24, "length": 2}], "time": [], "country": [{"text": "\u7f8e\u56fd", "offset": 0, "length": 2}], "weapon": [{"text": "\u8230", "offset": 21, "length": 1}]}}, {"sentence": "\u3010\u73af\u7403\u7f51\u62a5\u9053 \u8bb0\u8005 \u5f90\u7490\u660e\u3011", "events": [], "arguments": {"loc": [], "time": [], "country": [], "weapon": []}}, {"sentence": "\u636e\u7f8e\u56fd\u592a\u5e73\u6d0b\u8230\u961f9\u67088\u65e5\u53d1\u5e03\u7684\u6d88\u606f\uff0c\u7f8e\u56fd\u6d77\u519b\u4e24\u8258\u4e24\u6816\u8230\u8239\u4e8e9\u67086\u65e5\u5728\u5357\u6d77\u5f00\u5c55\u4e86\u822a\u884c\u8bad\u7ec3\u6d3b\u52a8\u3002", "events": [{"trigger": {"text": "\u5f00\u5c55", "offset": 36, "length": 2}, "subject": {"text": "\u7f8e\u56fd\u6d77\u519b\u4e24\u8258\u4e24\u6816\u8230\u8239", "offset": 18, "length": 10}, "object": {"text": "\u822a\u884c\u8bad\u7ec3\u6d3b\u52a8", "offset": 39, "length": 6}}], "arguments": {"loc": [{"text": "\u5357\u6d77", "offset": 34, "length": 2}], "time": [{"text": "9\u67088\u65e5", "offset": 8, "length": 4}, {"text": "9\u67086\u65e5", "offset": 29, "length": 4}], "country": [{"text": "\u7f8e\u56fd", "offset": 18, "length": 2}], "weapon": [{"text": "\u4e24\u6816\u8230\u8239", "offset": 24, "length": 4}]}}, {"sentence": "\u8fd9\u4e24\u8258\u4e24\u6816\u8230\u8239\u662f\u201c\u65e5\u8033\u66fc\u57ce\u201d\u53f7\uff08LSD 42\uff09\u4e24\u6816\u8239\u575e\u767b\u9646\u8230\u548c\u201c\u65b0\u5965\u5c14\u826f\u201d\u53f7\u4e24\u6816\u8239\u575e\u8fd0\u8f93\u8230\uff08LPD 18\uff09\uff0c\u5206\u522b\u5c5e\u4e8e\u201c\u60e0\u7279\u8d1d\u5c9b\u201d\u7ea7\u548c\u201c\u5723\u5b89\u4e1c\u5c3c\u5965\u201d\u7ea7\u3002", "events": [], "arguments": {"loc": [], "time": [], "country": [], "weapon": [{"text": "\u201c\u65e5\u8033\u66fc\u57ce\u201d\u53f7\uff08LSD 42\uff09\u4e24\u6816\u8239\u575e\u767b\u9646\u8230", "offset": 8, "length": 22}, {"text": "\u201c\u65b0\u5965\u5c14\u826f\u201d\u53f7\u4e24\u6816\u8239\u575e\u8fd0\u8f93\u8230\uff08LPD 18\uff09", "offset": 31, "length": 22}]}}, {"sentence": "\u8fd9\u4e24\u79cd\u4e24\u6816\u4f5c\u6218\u8230\u8239\u7684\u6ee1\u8f7d\u6392\u6c34\u91cf\u90fd\u5728\u4e07\u5428\u7ea7\u4ee5\u4e0a\uff0c\u5176\u4e2d\u201c\u5723\u5b89\u4e1c\u5c3c\u5965\u201d\u7ea7\u8239\u575e\u8fd0\u8f93\u8230\u6ee1\u8f7d\u6392\u6c34\u91cf\u66f4\u662f\u8fbe\u52302.5\u4e07\u5428\u3002", "events": [], "arguments": {"loc": [], "time": [], "country": [], "weapon": [{"text": "\u201c\u5723\u5b89\u4e1c\u5c3c\u5965\u201d\u7ea7\u8239\u575e\u8fd0\u8f93\u8230", "offset": 25, "length": 13}]}}, {"sentence": "\u8fd9\u4e24\u8258\u7f8e\u56fd\u519b\u8230\u5728\u5357\u6d77\u8fdb\u884c\u4e86\u7f16\u961f\u822a\u884c\u3001\u8230\u8f7d\u673a\u8d77\u964d\u548c\u767b\u4e34\u68c0\u67e5\u6f14\u7ec3\u3002", "events": [{"trigger": {"text": "\u6f14\u7ec3", "offset": 28, "length": 2}, "subject": {"text": "\u7f8e\u56fd\u519b\u8230", "offset": 3, "length": 4}, "object": {"text": "\u5357\u6d77", "offset": 8, "length": 2}}], "arguments": {"loc": [], "time": [], "country": [{"text": "\u7f8e\u56fd", "offset": 3, "length": 2}], "weapon": []}}, {"sentence": "\u6f14\u7ec3\u4e2d\u201c\u65e5\u8033\u66fc\u57ce\u201d\u53f7\u4e0a\u642d\u8f7d\u7684\u7f8e\u56fd\u6d77\u519b\u9646\u6218\u961f\u7b2c31\u8fdc\u5f81\u90e8\u961f\u7684\u961f\u5458\u8fdb\u884c\u4e86VBSS\uff08\u68c0\u67e5\u3001\u767b\u8239\u3001\u641c\u7d22\u3001\u6263\u62bc\uff09\u6218\u672f\u6f14\u7ec3\uff0c\u642d\u4e58CH-53E\u8fd0\u8f93\u76f4\u5347\u673a\u5feb\u901f\u7a7a\u964d\u5230\u6a21\u62df\u7684\u76ee\u6807\u8230\u8239\u4e0a\u3002", "events": [{"trigger": {"text": "\u6218\u672f\u6f14\u7ec3", "offset": 51, "length": 4}, "subject": {"text": "\u7f8e\u56fd\u6d77\u519b\u9646\u6218\u961f\u7b2c31\u8fdc\u5f81\u90e8\u961f\u7684\u961f\u5458", "offset": 14, "length": 17}, "object": {"text": "VBSS\uff08\u68c0\u67e5\u3001\u767b\u8239\u3001\u641c\u7d22\u3001\u6263\u62bc\uff09", "offset": 34, "length": 17}}], "arguments": {"loc": [], "time": [], "country": [{"text": "\u7f8e\u56fd", "offset": 14, "length": 2}], "weapon": [{"text": "\u201c\u65e5\u8033\u66fc\u57ce\u201d\u53f7", "offset": 3, "length": 7}, {"text": "CH-53E\u8fd0\u8f93\u76f4\u5347\u673a", "offset": 58, "length": 11}]}}, {"sentence": "\u7f8e\u56fd\u592a\u5e73\u6d0b\u8230\u961f\u5728\u901a\u544a\u4e2d\u8fd8\u8001\u8c03\u91cd\u5f39\u79f0\uff0c\u7f8e\u56fd\u519b\u8230\u5f00\u5c55\u6b64\u6b21\u6f14\u7ec3\u662f\u201c\u51c6\u5907\u4f5c\u4e3a\u53cd\u5e94\u90e8\u961f\u4fdd\u536b\u5370\u5ea6\u592a\u5e73\u6d0b\u5730\u533a\u7684\u548c\u5e73\u4e0e\u7a33\u5b9a\u201d\u3002", "events": [], "arguments": {"loc": [], "time": [], "country": [{"text": "\u7f8e\u56fd", "offset": 18, "length": 2}], "weapon": []}}, {"sentence": "\u8fd1\u671f\uff0c\u7f8e\u519b\u8230\u673a\u5728\u5357\u6d77\u6d3b\u52a8\u9891\u7e41\uff0c\u7f8e\u519b\u4fa6\u5bdf\u673a\u8fde\u7eed\u591a\u65e5\u5728\u5357\u6d77\u4e0a\u7a7a\u5f00\u5c55\u4fa6\u5bdf\u6d3b\u52a8\u3002", "events": [{"trigger": {"text": "\u5f00\u5c55", "offset": 29, "length": 2}, "subject": {"text": "\u7f8e\u519b\u4fa6\u5bdf\u673a", "offset": 15, "length": 5}, "object": {"text": "\u4fa6\u5bdf\u6d3b\u52a8", "offset": 31, "length": 4}}], "arguments": {"loc": [{"text": "\u5357\u6d77", "offset": 25, "length": 2}], "time": [], "country": [{"text": "\u7f8e", "offset": 15, "length": 1}], "weapon": []}}, {"sentence": "\u636e\u201c\u5357\u6d77\u6218\u7565\u6001\u52bf\u611f\u77e5\u201d\u8ba1\u5212\u5e73\u53f0\u6d88\u606f\uff0c9\u67087\u65e5\uff0c\u7f8e\u9646\u519b1\u67b6\u7f16\u53f7\u4e3aN488CR\u7684CL-604\u4fa6\u5bdf\u673a\uff08A60693\uff09\u4ece\u51b2\u7ef3\u5609\u624b\u7eb3\u57fa\u5730\u8d77\u98de\uff0c\u524d\u5f80\u5e7f\u4e1c\u65b9\u5411\u5f00\u5c55\u4fa6\u5bdf\u884c\u52a8\u3002", "events": [], "arguments": {"loc": [{"text": "\u51b2\u7ef3\u5609\u624b\u7eb3\u57fa\u5730", "offset": 56, "length": 7}, {"text": "\u5e7f\u4e1c", "offset": 68, "length": 2}], "time": [{"text": "9\u67087\u65e5", "offset": 18, "length": 4}], "country": [{"text": "\u7f8e", "offset": 23, "length": 1}], "weapon": [{"text": "CL-604\u4fa6\u5bdf\u673a\uff08A60693\uff09", "offset": 38, "length": 17}]}}, {"sentence": "9\u67088\u65e5\uff0c\u7591\u4f3c\u4e00\u67b6\u7f8e\u519bRC-135W\u7535\u5b50\u4fa6\u5bdf\u673a\u4f2a\u88c5\u6210\u4e86\u9a6c\u6765\u897f\u4e9a\u98de\u673a\uff0c\u5728\u5357\u6d77\u4e0a\u7a7a\u5f00\u5c55\u98de\u884c\u6d3b\u52a8\u3002", "events": [{"trigger": {"text": "\u4f2a\u88c5\u6210", "offset": 23, "length": 3}, "subject": {"text": "\u4e00\u67b6\u7f8e\u519bRC-135W\u7535\u5b50\u4fa6\u5bdf\u673a", "offset": 7, "length": 16}, "object": {"text": "\u9a6c\u6765\u897f\u4e9a\u98de\u673a", "offset": 27, "length": 6}}], "arguments": {"loc": [{"text": "\u5357\u6d77", "offset": 35, "length": 2}], "time": [{"text": "9\u67088\u65e5", "offset": 0, "length": 4}], "country": [{"text": "\u7f8e", "offset": 9, "length": 1}, {"text": "\u9a6c\u6765\u897f\u4e9a", "offset": 27, "length": 4}], "weapon": [{"text": "RC-135W\u7535\u5b50\u4fa6\u5bdf\u673a", "offset": 11, "length": 12}]}}, {"sentence": "\u5bf9\u4e8e\u7f8e\u519b\u8fd1\u671f\u5728\u4e2d\u56fd\u5468\u8fb9\u6d3b\u52a8\u9891\u7e41\u7b49\u60c5\u51b5\uff0c\u4e2d\u56fd\u56fd\u9632\u90e8\u65b0\u95fb\u53d1\u8a00\u4eba\u5434\u8c26\u5927\u6821\u57288\u670827\u65e5\u7684\u56fd\u9632\u90e8\u4f8b\u884c\u8bb0\u8005\u4f1a\u4e0a\u56de\u5e94\u79f0\uff0c\u8fd1\u671f\uff0c\u7f8e\u65b9\u52a0\u5927\u5bf9\u534e\u6311\u8845\u65bd\u538b\u529b\u5ea6\uff0c\u5bf9\u6b64\u6211\u4eec\u7684\u6001\u5ea6\u6e05\u6670\u660e\u786e\uff1a\u4e00\u662f\u53cd\u5bf9\uff0c\u4e8c\u662f\u4e0d\u6015\u3002", "events": [], "arguments": {"loc": [{"text": "\u4e2d\u56fd\u5468\u8fb9", "offset": 7, "length": 4}], "time": [{"text": "8\u670827\u65e5", "offset": 34, "length": 5}], "country": [{"text": "\u7f8e", "offset": 56, "length": 1}, {"text": "\u4e2d\u56fd", "offset": 19, "length": 2}], "weapon": []}}, {"sentence": "\u7f8e\u65b9\u4e00\u4e9b\u653f\u5ba2\u5728\u5927\u9009\u524d\u4e3a\u4e86\u4e00\u5df1\u79c1\u5229\uff0c\u6781\u529b\u7834\u574f\u4e2d\u7f8e\u4e24\u56fd\u4e24\u519b\u5173\u7cfb\uff0c\u751a\u81f3\u5984\u56fe\u5236\u9020\u610f\u5916\u4e8b\u4ef6\u548c\u519b\u4e8b\u51b2\u7a81\uff0c\u8fd9\u79cd\u884c\u5f84\u7f6e\u53cc\u65b9\u4e00\u7ebf\u5b98\u5175\u751f\u547d\u5b89\u5371\u4e8e\u4e0d\u987e\uff0c\u7f6e\u4e24\u56fd\u4eba\u6c11\u6839\u672c\u5229\u76ca\u4e8e\u4e0d\u987e\uff0c\u7f6e\u4e16\u754c\u4eba\u6c11\u548c\u5e73\u8bc9\u6c42\u4e8e\u4e0d\u987e\uff0c\u662f\u6781\u4e0d\u5f97\u4eba\u5fc3\u7684\u3002", "events": [], "arguments": {"loc": [], "time": [], "country": [{"text": "\u7f8e", "offset": 22, "length": 1}, {"text": "\u4e2d", "offset": 21, "length": 1}], "weapon": []}}, {"sentence": "\u4e2d\u56fd\u519b\u961f\u5c06\u575a\u5b9a\u634d\u536b\u56fd\u5bb6\u4e3b\u6743\u3001\u5b89\u5168\u3001\u53d1\u5c55\u5229\u76ca\uff0c\u575a\u5b9a\u7ef4\u62a4\u4e16\u754c\u548c\u5730\u533a\u548c\u5e73\u7a33\u5b9a\u3002", "events": [], "arguments": {"loc": [], "time": [], "country": [{"text": "\u4e2d\u56fd", "offset": 0, "length": 2}], "weapon": []}}, {"sentence": "\u6211\u4eec\u5949\u529d\u7f8e\u65b9\u4e00\u4e9b\u653f\u5ba2\u8ba4\u6e05\u73b0\u5b9e\uff0c\u4fdd\u6301\u7406\u6027\uff0c\u505c\u6b62\u6311\u8845\uff0c\u63a8\u52a8\u4e24\u56fd\u4e24\u519b\u5173\u7cfb\u56de\u5230\u6b63\u786e\u7684\u8f68\u9053\u3002", "events": [], "arguments": {"loc": [], "time": [], "country": [], "weapon": []}}]