[{"sentence": "\u5c71\u5be8\u7248F-14\uff1f", "events": [], "arguments": {"loc": [], "time": [], "country": [], "weapon": []}}, {"sentence": "\u4f0a\u6717\u9ad8\u8c03\u5ba3\u5e03\u6253\u9020\u56fd\u4ea7\u91cd\u578b\u6218\u6597\u673a", "events": [{"trigger": {"text": "\u9ad8\u8c03\u5ba3\u5e03", "offset": 2, "length": 4}, "subject": {"text": "\u4f0a\u6717", "offset": 0, "length": 2}, "object": {"text": "\u6253\u9020\u56fd\u4ea7\u91cd\u578b\u6218\u6597\u673a", "offset": 6, "length": 9}}], "arguments": {"loc": [], "time": [], "country": [{"text": "\u4f0a\u6717", "offset": 0, "length": 2}], "weapon": []}}, {"sentence": "\u3010\u73af\u7403\u7f51\u62a5\u9053 \u8bb0\u8005 \u5f90\u7490\u660e\u3011", "events": [], "arguments": {"loc": [], "time": [], "country": [], "weapon": []}}, {"sentence": "\u636e\u201c\u6218\u673a\u4e16\u754c\u201d\u7f51\u7ad99\u67087\u65e5\u62a5\u9053\uff0c\u4f0a\u6717\u53ef\u80fd\u6b63\u5728\u201c\u5c71\u5be8\u201d\u7f8e\u56fd\u7684F-14\u201c\u96c4\u732b\u201d\u6218\u6597\u673a\uff0c\u4ee5\u6253\u9020\u4e00\u6b3e\u201c\u56fd\u4ea7\u201d\u91cd\u578b\u6218\u6597\u673a\u3002", "events": [{"trigger": {"text": "\u5c71\u5be8", "offset": 23, "length": 2}, "subject": {"text": "\u4f0a\u6717", "offset": 16, "length": 2}, "object": {"text": "\u7f8e\u56fd\u7684F-14\u201c\u96c4\u732b\u201d\u6218\u6597\u673a", "offset": 26, "length": 14}}], "arguments": {"loc": [], "time": [{"text": "9\u67087\u65e5", "offset": 9, "length": 4}], "country": [{"text": "\u4f0a\u6717", "offset": 16, "length": 2}, {"text": "\u7f8e\u56fd", "offset": 26, "length": 2}], "weapon": [{"text": "F-14\u201c\u96c4\u732b\u201d\u6218\u6597\u673a", "offset": 29, "length": 11}]}}, {"sentence": "\u62a5\u9053\u79f0\uff0c\u4f0a\u6717\u7a7a\u519b\u526f\u53f8\u4ee4\u54c8\u7c73\u5fb7\u00b7\u74e6\u8d6b\u8fea\u51c6\u5c06\u8868\u793a\uff0c\u4f0a\u6717\u5df2\u7ecf\u51b3\u5b9a\u5f00\u53d1\u4e00\u6b3e\u91cd\u578b\u6218\u6597\u673a\u3002", "events": [{"trigger": {"text": "\u5f00\u53d1", "offset": 29, "length": 2}, "subject": {"text": "\u4f0a\u6717", "offset": 23, "length": 2}, "object": {"text": "\u4e00\u6b3e\u91cd\u578b\u6218\u6597\u673a", "offset": 31, "length": 7}}], "arguments": {"loc": [], "time": [], "country": [{"text": "\u4f0a\u6717", "offset": 23, "length": 2}], "weapon": []}}, {"sentence": "\u5982\u679c\u6210\u529f\uff0c\u5c06\u6807\u5fd7\u7740\u4f0a\u6717\u9020\u51fa\u4e86\u7b2c\u4e8c\u6b3e\u6295\u5165\u91cf\u4ea7\u7684\u56fd\u4ea7\u6218\u6597\u673a\u3002", "events": [], "arguments": {"loc": [], "time": [], "country": [{"text": "\u4f0a\u6717", "offset": 9, "length": 2}], "weapon": []}}, {"sentence": "\u6b64\u524d\u4f0a\u6717\u5df2\u7ecf\u5728\u56fd\u4ea7Kowsar\u6218\u6597\u673a\u9879\u76ee\u4e0a\u53d6\u5f97\u6210\u529f\uff0c\u8be5\u6218\u6597\u673a\u4e8e2018\u5e74\u88c5\u5907\u4f7f\u7528\uff0c\u76ee\u524d\u5df2\u7ecf\u5f00\u59cb\u6279\u91cf\u751f\u4ea7\u3002", "events": [], "arguments": {"loc": [], "time": [{"text": "2018\u5e74", "offset": 31, "length": 5}], "country": [{"text": "\u4f0a\u6717", "offset": 2, "length": 2}], "weapon": [{"text": "Kowsar\u6218\u6597\u673a", "offset": 9, "length": 9}]}}, {"sentence": "\u4e0d\u8fc7\u53f7\u79f0\u201c\u56fd\u4ea7\u201d\u7684Kowsar\u6218\u6597\u673a\u5176\u5b9e\u662f\u6539\u88c5\u81ea\u7f8e\u56fdF-5E\u6218\u6597\u673a\u5e73\u53f0\uff0c\u4f0a\u6717\u66fe\u662f\u8fd9\u79cd\u7f8e\u5236\u6218\u6597\u673a\u7684\u6700\u5927\u8fdb\u53e3\u56fd\u4e4b\u4e00\u3002", "events": [], "arguments": {"loc": [], "time": [], "country": [{"text": "\u7f8e\u56fd", "offset": 24, "length": 2}, {"text": "\u4f0a\u6717", "offset": 36, "length": 2}], "weapon": [{"text": "Kowsar\u6218\u6597\u673a", "offset": 9, "length": 9}, {"text": "F-5E\u6218\u6597\u673a", "offset": 26, "length": 7}]}}, {"sentence": "\u4f0a\u6717\u5c06\u8fd9\u6b3e\u6218\u6597\u673a\u5b9a\u4e49\u4e3a\u201c\u56db\u4ee3\u673a\u201d\uff0c\u56e0\u4e3a\u5176\u914d\u5907\u4e86\u5148\u8fdb\u7684\u822a\u7a7a\u7535\u5b50\u8bbe\u5907\u3001\u4f20\u611f\u5668\u548c\u7535\u5b50\u6218\u7cfb\u7edf\u3002", "events": [], "arguments": {"loc": [], "time": [], "country": [{"text": "\u4f0a\u6717", "offset": 0, "length": 2}], "weapon": []}}, {"sentence": "\u62a5\u9053\u79f0\uff0c\u9274\u4e8eKowsar\u6218\u6597\u673a\u7814\u5236\u601d\u8def\uff0c\u4f0a\u6717\u6240\u8c13\u7684\u56fd\u4ea7\u91cd\u578b\u6218\u6597\u673a\u53ef\u80fd\u57fa\u4e8eF-4E\u548cF-14\u6218\u6597\u673a\u7814\u53d1\u3002", "events": [], "arguments": {"loc": [], "time": [], "country": [{"text": "\u4f0a\u6717", "offset": 20, "length": 2}], "weapon": [{"text": "Kowsar\u6218\u6597\u673a", "offset": 6, "length": 9}, {"text": "F-4E", "offset": 36, "length": 4}, {"text": "F-14\u6218\u6597\u673a", "offset": 41, "length": 7}]}}, {"sentence": "\u76ee\u524d\u4f0a\u6717\u662f\u552f\u4e00\u4e00\u4e2a\u4ecd\u5728\u88c5\u5907\u4f7f\u7528F-14\u6218\u6597\u673a\u7684\u56fd\u5bb6\uff0c\u8fd9\u662f\u4e00\u6b3e\u91cd\u578b\u6218\u6597\u673a\uff0c\u4e3b\u8981\u7528\u4e8e\u5bf9\u7a7a\u4f5c\u6218\u3002", "events": [], "arguments": {"loc": [], "time": [], "country": [], "weapon": [{"text": "F-14\u6218\u6597\u673a", "offset": 15, "length": 7}]}}, {"sentence": "\u4f0a\u6717\u56fd\u9632\u90e8\u95e8\u5df2\u7ecf\u4e3a\u6539\u9020\u8be5\u673a\u5efa\u9020\u4e86\u4e00\u5904\u5148\u8fdb\u7684\u5de5\u4e1a\u57fa\u5730\uff0c\u5e76\u9488\u5bf9\u8be5\u673a\u8fdb\u884c300\u591a\u9879\u6539\u8fdb\uff0c\u5305\u62ec\u66f4\u6362\u96f7\u8fbe\u3001\u822a\u7535\u8bbe\u5907\u548c\u7535\u5b50\u6218\u7cfb\u7edf\uff0c\u8ba1\u5212\u4e3a\u5176\u914d\u5907\u65b0\u578b\u7684\u8fdc\u7a0b\u7a7a\u7a7a\u5bfc\u5f39\u3002", "events": [], "arguments": {"loc": [], "time": [], "country": [{"text": "\u4f0a\u6717", "offset": 0, "length": 2}], "weapon": []}}, {"sentence": "\u7531\u4e8e\u76ee\u524d\u7f8e\u56fd\u5bf9\u4f0a\u6717\u5b9e\u65bd\u4e25\u683c\u7684\u6b66\u5668\u7981\u8fd0\uff0c\u4f0a\u6717\u65e0\u6cd5\u4ece\u56fd\u5916\u8d2d\u4e70\u91cd\u578b\u6218\u6597\u673a\uff0c\u56e0\u6b64\u81ea\u884c\u7814\u53d1\u53ef\u80fd\u662f\u4e00\u4e2a\u66f4\u4e3a\u9ad8\u6548\u7684\u9009\u62e9\u3002", "events": [], "arguments": {"loc": [], "time": [], "country": [{"text": "\u7f8e\u56fd", "offset": 4, "length": 2}, {"text": "\u4f0a\u6717", "offset": 19, "length": 2}], "weapon": []}}, {"sentence": "\u4f0a\u6717\u8fd8\u4e3aF-14\u6218\u6597\u673a\u7279\u522b\u7814\u53d1\u4e86Fakour 90\u8fdc\u7a0b\u7a7a\u7a7a\u5bfc\u5f39\u3002", "events": [{"trigger": {"text": "\u7814\u53d1", "offset": 13, "length": 2}, "subject": {"text": "\u4f0a\u6717", "offset": 0, "length": 2}, "object": {"text": "Fakour 90\u8fdc\u7a0b\u7a7a\u7a7a\u5bfc\u5f39", "offset": 16, "length": 15}}], "arguments": {"loc": [], "time": [], "country": [], "weapon": [{"text": "F-14\u6218\u6597\u673a", "offset": 4, "length": 7}, {"text": "Fakour 90\u8fdc\u7a0b\u7a7a\u7a7a\u5bfc\u5f39", "offset": 16, "length": 15}]}}, {"sentence": "\u867d\u7136F-14\u6218\u6597\u673a\u5df2\u7ecf\u8fc7\u65f6\uff0c\u4f46\u4f0a\u6717\u7684\u201c\u56fd\u4ea7\u201d\u578b\u53f7\u53ef\u80fd\u4f1a\u5148\u8fdb\u5f97\u591a\u3002", "events": [], "arguments": {"loc": [], "time": [], "country": [{"text": "\u4f0a\u6717", "offset": 15, "length": 2}], "weapon": [{"text": "F-14\u6218\u6597\u673a", "offset": 2, "length": 7}]}}, {"sentence": "\u53e6\u5916\uff0c\u8fd8\u6709\u62a5\u9053\u79f0\uff0c\u4f0a\u6717\u5bf9\u4ece\u4fc4\u7f57\u65af\u8d2d\u4e70\u82cf-30SM\u6216\u662f\u82cf-57\u6218\u6597\u673a\u4e5f\u8868\u73b0\u51fa\u4e86\u76f8\u5f53\u5927\u7684\u5174\u8da3\u3002", "events": [], "arguments": {"loc": [], "time": [], "country": [{"text": "\u4f0a\u6717", "offset": 9, "length": 2}, {"text": "\u4fc4\u7f57\u65af", "offset": 13, "length": 3}], "weapon": [{"text": "\u82cf-30SM", "offset": 18, "length": 6}, {"text": "\u82cf-57\u6218\u6597\u673a", "offset": 26, "length": 7}]}}]