[{"sentence": "\u7f8e\u519b\u7528\u706b\u70ae\u53cd\u5bfc\uff0c\u4fc4\u7f57\u65af\u6ca1\u770b\u4e0a......", "events": [], "arguments": {"loc": [], "time": [], "country": [{"text": "\u7f8e", "offset": 0, "length": 1}, {"text": "\u4fc4\u7f57\u65af", "offset": 8, "length": 3}], "weapon": []}}, {"sentence": "\u3010\u73af\u7403\u65f6\u62a5\u8bb0\u8005 \u67f3\u7389\u9e4f\u3011", "events": [], "arguments": {"loc": [], "time": [], "country": [], "weapon": []}}, {"sentence": "\u7f8e\u56fd\u519b\u65b9\u8fd1\u65e5\u6210\u529f\u7528\u5927\u53e3\u5f84\u69b4\u5f39\u70ae\u53d1\u5c04\u65b0\u578b\u8d85\u9ad8\u901f\u70ae\u5f39\u51fb\u843d\u4e00\u67b6\u6a21\u62df\u4fc4\u7f57\u65af\u5de1\u822a\u5bfc\u5f39\u7684\u65e0\u4eba\u9776\u673a\uff0c\u5e76\u5c06\u5176\u5f62\u5bb9\u4e3a\u201c\u9769\u547d\u6027\u6b66\u5668\u201d\u3002", "events": [{"trigger": {"text": "\u51fb\u843d", "offset": 24, "length": 2}, "subject": {"text": "\u7f8e\u56fd\u519b\u65b9", "offset": 0, "length": 4}, "object": {"text": "\u4e00\u67b6\u6a21\u62df\u4fc4\u7f57\u65af\u5de1\u822a\u5bfc\u5f39\u7684\u65e0\u4eba\u9776\u673a", "offset": 26, "length": 16}}], "arguments": {"loc": [], "time": [], "country": [{"text": "\u7f8e\u56fd", "offset": 0, "length": 2}, {"text": "\u4fc4\u7f57\u65af", "offset": 30, "length": 3}], "weapon": [{"text": "\u5927\u53e3\u5f84\u69b4\u5f39\u70ae", "offset": 9, "length": 6}, {"text": "\u4fc4\u7f57\u65af\u5de1\u822a\u5bfc\u5f39", "offset": 30, "length": 7}]}}, {"sentence": "\u4f46\u4fc4\u7f57\u65af\u65b9\u9762\u8868\u793a\uff0c\u7f8e\u519b\u6b64\u4e3e\u662f\u586b\u8865\u9646\u519b\u9632\u7a7a\u7a7a\u767d\u7684\u65e0\u5948\u4e4b\u4e3e\uff0c\u4fc4\u519b\u4e0d\u4f1a\u7814\u5236\u7c7b\u4f3c\u6b66\u5668\u3002", "events": [], "arguments": {"loc": [], "time": [], "country": [{"text": "\u4fc4\u7f57\u65af", "offset": 1, "length": 3}, {"text": "\u7f8e", "offset": 9, "length": 1}], "weapon": []}}, {"sentence": "\u4fc4\u7f57\u65af\u300a\u89c2\u70b9\u62a5\u300b7\u65e5\u79f0\uff0c\u7f8e\u519b\u4e8e3\u65e5\u5728\u65b0\u58a8\u897f\u54e5\u5dde\u7684\u767d\u6c99\u5bfc\u5f39\u9776\u573a\u8fdb\u884c\u4e86\u8fd9\u6b21\u6d4b\u8bd5\u3002", "events": [], "arguments": {"loc": [{"text": "\u65b0\u58a8\u897f\u54e5\u5dde\u7684\u767d\u6c99\u5bfc\u5f39\u9776\u573a", "offset": 18, "length": 12}], "time": [{"text": "7\u65e5", "offset": 8, "length": 2}], "country": [{"text": "\u4fc4\u7f57\u65af", "offset": 0, "length": 3}, {"text": "\u7f8e", "offset": 12, "length": 1}], "weapon": []}}, {"sentence": "\u4e00\u8f86\u7ecf\u8fc7\u6539\u88c5\u7684M109\u81ea\u884c\u69b4\u5f39\u70ae\u5411\u6a21\u62df\u4fc4\u7f57\u65af\u5de1\u822a\u5bfc\u5f39\u7684BQM-157\u65e0\u4eba\u9776\u673a\u53d1\u5c04\u4e86\u4e00\u679a155\u6beb\u7c73\u53e3\u5f84\u7684\u8d85\u9ad8\u901f\u70ae\u5f39\uff0c\u5e76\u6210\u529f\u5c06\u5176\u51fb\u843d\u3002", "events": [{"trigger": {"text": "\u53d1\u5c04", "offset": 38, "length": 2}, "subject": {"text": "\u7ecf\u8fc7\u6539\u88c5\u7684M109\u81ea\u884c\u69b4\u5f39\u70ae", "offset": 2, "length": 14}, "object": {"text": "\u4e00\u679a155\u6beb\u7c73\u53e3\u5f84\u7684\u8d85\u9ad8\u901f\u70ae\u5f39", "offset": 41, "length": 15}}, {"trigger": {"text": "\u51fb\u843d", "offset": 62, "length": 2}, "subject": {"text": "\u7ecf\u8fc7\u6539\u88c5\u7684M109\u81ea\u884c\u69b4\u5f39\u70ae", "offset": 2, "length": 14}, "object": {"text": "\u6a21\u62df\u4fc4\u7f57\u65af\u5de1\u822a\u5bfc\u5f39\u7684BQM-157\u65e0\u4eba\u9776\u673a", "offset": 17, "length": 21}}], "arguments": {"loc": [], "time": [], "country": [{"text": "\u4fc4\u7f57\u65af", "offset": 19, "length": 3}], "weapon": [{"text": "M109\u81ea\u884c\u69b4\u5f39\u70ae", "offset": 7, "length": 9}, {"text": "155\u6beb\u7c73\u53e3\u5f84\u7684\u8d85\u9ad8\u901f\u70ae\u5f39", "offset": 43, "length": 13}]}}, {"sentence": "\u4e94\u89d2\u5927\u697c\u53d1\u8868\u7684\u58f0\u660e\u79f0\uff0c\u7f8e\u56fd\u9646\u519b\u548c\u6d77\u519b\u8054\u5408\u4e3b\u5bfc\u7684\u8fd9\u6b21\u6d4b\u8bd5\u8bc1\u5b9e\u65b0\u578b\u70ae\u5f39\u5177\u5907\u51fb\u843d\u654c\u65b9\u7a7a\u4e2d\u76ee\u6807\u7684\u80fd\u529b\u3002", "events": [], "arguments": {"loc": [], "time": [], "country": [{"text": "\u7f8e\u56fd", "offset": 11, "length": 2}], "weapon": []}}, {"sentence": "\u7f8e\u56fd\u5317\u65b9\u53f8\u4ee4\u90e8\u53f8\u4ee4\u683c\u4f26\u00b7\u8d6b\u514b\u8868\u793a\uff0c\u8fd9\u6b21\u6d4b\u8bd5\u4f7f\u4ed6\u76f8\u4fe1\u201c\u4eba\u5de5\u667a\u80fd\u9a71\u52a8\u7684\u8f6f\u4ef6\u7cfb\u7edf\u786e\u5b9e\u80fd\u8f85\u52a9\u6307\u6325\u5b98\u5728\u5bf9\u6297\u4e2d\u4fc4\u7b49\u5bf9\u624b\u65f6\u505a\u51fa\u51b3\u7b56\u201d\u3002", "events": [], "arguments": {"loc": [], "time": [], "country": [{"text": "\u7f8e\u56fd", "offset": 0, "length": 2}, {"text": "\u4e2d", "offset": 48, "length": 1}, {"text": "\u4fc4", "offset": 49, "length": 1}], "weapon": []}}, {"sentence": "\u7f8e\u56fd\u4e13\u5bb6\u8ba4\u4e3a\uff0c\u8fd9\u79cd\u6b66\u5668\u7cfb\u7edf\u66f4\u7701\u94b1\uff0c\u8db3\u4ee5\u66ff\u4ee3\u73b0\u6709\u7684\u4e2d\u7a0b\u9632\u7a7a\u7cfb\u7edf\uff0c\u800c\u4e14\u5728\u540e\u52e4\u7ef4\u62a4\u65b9\u9762\u66f4\u4e3a\u7b80\u4fbf\u3002", "events": [], "arguments": {"loc": [], "time": [], "country": [{"text": "\u7f8e\u56fd", "offset": 0, "length": 2}], "weapon": []}}, {"sentence": "\u00a0\u00a0\u00a0 \u4f46\u4fc4\u519b\u4e8b\u4e13\u5bb6\u7ef4\u514b\u591a\u00b7\u7a46\u62c9\u970d\u592b\u65af\u57fa\u8868\u793a\uff0c\u7f8e\u56fd\u6b64\u4e3e\u5e76\u6ca1\u6709\u7279\u522b\u7684\u7a81\u7834\uff0c\u5b83\u4e0e\u9ad8\u5c04\u70ae\u7684\u5de5\u4f5c\u539f\u7406\u57fa\u672c\u76f8\u540c\uff0c\u6210\u529f\u547d\u4e2d\u9776\u673a\u7684\u5173\u952e\u53d6\u51b3\u4e8e\u9ad8\u7cbe\u5ea6\u96f7\u8fbe\u3002", "events": [], "arguments": {"loc": [], "time": [], "country": [{"text": "\u4fc4", "offset": 5, "length": 1}, {"text": "\u7f8e\u56fd", "offset": 23, "length": 2}], "weapon": []}}, {"sentence": "\u4ed6\u8ba4\u4e3a\uff0c\u7f8e\u519b\u662f\u88ab\u8feb\u91c7\u53d6\u8fd9\u79cd\u5947\u7279\u7684\u53cd\u5bfc\u6b66\u5668\uff0c\u56e0\u4e3a\u7f8e\u56fd\u9646\u519b\u6ca1\u6709\u4f34\u968f\u9632\u7a7a\u7cfb\u7edf\uff0c\u5728\u201c\u6bd2\u523a\u201d\u4f4e\u7a7a\u9632\u7a7a\u5bfc\u5f39\u548c\u5f3a\u5927\u7684\u201c\u7231\u56fd\u8005\u201d\u201c\u8428\u5fb7\u201d\u9ad8\u7a7a\u9632\u7a7a\u7cfb\u7edf\u4e4b\u95f4\uff0c\u7f3a\u4e4f\u4e2d\u7a0b\u9632\u7a7a\u7cfb\u7edf\u3002", "events": [], "arguments": {"loc": [], "time": [], "country": [{"text": "\u7f8e\u56fd", "offset": 23, "length": 2}], "weapon": []}}, {"sentence": "\u56e0\u6b64\u4e94\u89d2\u5927\u697c\u8bd5\u56fe\u7528155\u6beb\u7c73\u69b4\u5f39\u70ae\u6765\u5b8c\u6210\u8fd9\u9879\u4efb\u52a1\u3002", "events": [], "arguments": {"loc": [], "time": [], "country": [], "weapon": [{"text": "155\u6beb\u7c73\u69b4\u5f39\u70ae", "offset": 9, "length": 8}]}}, {"sentence": "\u4f46\u5b9e\u6218\u7ecf\u9a8c\u8868\u660e\uff0c\u67d0\u4e9b\u591a\u7528\u9014\u6b66\u5668\uff08\u5982\u69b4\u5f39\u70ae\u548c\u9632\u7a7a\u7cfb\u7edf\u7684\u7ed3\u5408\uff09\u603b\u662f\u6bd4\u4e13\u95e8\u7684\u9632\u7a7a\u6b66\u5668\u8981\u5dee\u3002", "events": [], "arguments": {"loc": [], "time": [], "country": [], "weapon": []}}, {"sentence": "\u4ed6\u8ba4\u4e3a\uff0c\u4fc4\u519b\u5df2\u914d\u5907\u4e86\u9636\u68af\u5f0f\u591a\u5c42\u6b21\u4f34\u968f\u9632\u7a7a\u7cfb\u7edf\uff0c\u6ca1\u6709\u5fc5\u8981\u8ddf\u968f\u7f8e\u56fd\u53d1\u5c55\u7c7b\u4f3c\u88c5\u5907\u3002", "events": [], "arguments": {"loc": [], "time": [], "country": [{"text": "\u4fc4", "offset": 4, "length": 1}, {"text": "\u7f8e\u56fd", "offset": 29, "length": 2}], "weapon": []}}, {"sentence": "\u4e0d\u8fc7\u4fc4\u4e13\u5bb6\u5c24\u91cc\u00b7\u79d1\u52aa\u6258\u592b\u8ba4\u4e3a\uff0c\u7f8e\u519b\u5728\u6d4b\u8bd5\u5c55\u793a\u4e86\u96f7\u8fbe\u3001\u8ba1\u7b97\u673a\u3001\u901a\u4fe1\u7cfb\u7edf\u4ee5\u7f51\u7edc\u4e3a\u4e2d\u5fc3\u7684\u4f5c\u6218\u65b0\u6a21\u5f0f\uff0c\u201c\u53cd\u5bfc\u69b4\u5f39\u70ae\u201d\u4f7f\u7528\u7684\u4eba\u5de5\u667a\u80fd\u66f4\u503c\u5f97\u5173\u6ce8\u3002", "events": [], "arguments": {"loc": [], "time": [], "country": [{"text": "\u4fc4", "offset": 2, "length": 1}, {"text": "\u7f8e", "offset": 15, "length": 1}], "weapon": []}}]