[{"sentence": "\u5370\u5ea66\u500d\u97f3\u901f\u5bfc\u5f39\u9760\u8c31\u5417\uff1f", "events": [], "arguments": {"loc": [], "time": [], "country": [{"text": "\u5370\u5ea6", "offset": 0, "length": 2}], "weapon": [{"text": "6\u500d\u97f3\u901f\u5bfc\u5f39", "offset": 2, "length": 6}]}}, {"sentence": "\u4e13\u5bb6\uff1a\u5370\u5ea6\u5a92\u4f53\u8fc7\u4e8e\u4e50\u89c2\u4e86", "events": [], "arguments": {"loc": [], "time": [], "country": [{"text": "\u5370\u5ea6", "offset": 3, "length": 2}], "weapon": []}}, {"sentence": "\u3010\u73af\u7403\u65f6\u62a5\u8bb0\u8005 \u7ae0\u8282\u3011", "events": [], "arguments": {"loc": [], "time": [], "country": [], "weapon": []}}, {"sentence": "\u5370\u5ea67\u65e5\u7a81\u7136\u5ba3\u5e03\u9996\u6b21\u6210\u529f\u8fdb\u884c\u9ad8\u8d85\u97f3\u901f\u98de\u884c\u5668\u8bd5\u9a8c\uff0c\u8ba9\u8be5\u56fd\u5a92\u4f53\u96c6\u4f53\u6b22\u547c\u5370\u5ea6\u6210\u4e3a\u201c\u5168\u7403\u7b2c\u56db\u4e2a\u5b8c\u6210\u8fd9\u4e00\u58ee\u4e3e\u7684\u56fd\u5bb6\u201d\uff0c\u5e76\u8ba4\u4e3a\u201c\u5370\u5ea6\u80fd\u57285\u5e74\u5185\u7814\u5236\u51fa\u9ad8\u8d85\u97f3\u901f\u5de1\u822a\u5bfc\u5f39\u201d\u3002", "events": [{"trigger": {"text": "\u8bd5\u9a8c", "offset": 21, "length": 2}, "subject": {"text": "\u5370\u5ea6", "offset": 58, "length": 2}, "object": {"text": "\u9ad8\u8d85\u97f3\u901f\u98de\u884c\u5668", "offset": 14, "length": 7}}, {"trigger": {"text": "\u7814\u5236", "offset": 65, "length": 2}, "subject": {"text": "\u5370\u5ea6", "offset": 58, "length": 2}, "object": {"text": "\u9ad8\u8d85\u97f3\u901f\u5de1\u822a\u5bfc\u5f39", "offset": 68, "length": 8}}], "arguments": {"loc": [], "time": [{"text": "7\u65e5", "offset": 2, "length": 2}], "country": [{"text": "\u5370\u5ea6", "offset": 58, "length": 2}], "weapon": [{"text": "\u9ad8\u8d85\u97f3\u901f\u98de\u884c\u5668", "offset": 14, "length": 7}, {"text": "\u9ad8\u8d85\u97f3\u901f\u5de1\u822a\u5bfc\u5f39", "offset": 68, "length": 8}]}}, {"sentence": "\u5370\u5ea6\u201cThe Print\u201d\u7f51\u7ad97\u65e5\u79f0\uff0c\u5370\u5ea6\u5f53\u5929\u6210\u529f\u8bd5\u5c04\u7684\u201c\u9ad8\u8d85\u97f3\u901f\u6280\u672f\u6f14\u793a\u98de\u884c\u5668\u201d\uff0c\u8ba9\u5370\u5ea6\u6210\u4e3a\u7ee7\u7f8e\u56fd\u3001\u4e2d\u56fd\u548c\u4fc4\u7f57\u65af\u4e4b\u540e\uff0c\u5168\u7403\u7b2c4\u4e2a\u5f00\u53d1\u548c\u6d4b\u8bd5\u8fd9\u4e00\u6280\u672f\u7684\u56fd\u5bb6\uff0c\u201c\u8fd9\u5c06\u4e3a\u5370\u5ea6\u7814\u52366\u500d\u97f3\u901f\u5bfc\u5f39\u94fa\u5e73\u9053\u8def\u201d\u3002", "events": [{"trigger": {"text": "\u6210\u529f\u8bd5\u5c04", "offset": 23, "length": 4}, "subject": {"text": "\u5370\u5ea6", "offset": 82, "length": 2}, "object": {"text": "\u201c\u9ad8\u8d85\u97f3\u901f\u6280\u672f\u6f14\u793a\u98de\u884c\u5668\u201d", "offset": 28, "length": 13}}], "arguments": {"loc": [], "time": [{"text": "7\u65e5", "offset": 15, "length": 2}], "country": [{"text": "\u5370\u5ea6", "offset": 82, "length": 2}, {"text": "\u7f8e\u56fd", "offset": 48, "length": 2}, {"text": "\u4e2d\u56fd", "offset": 51, "length": 2}, {"text": "\u4fc4\u7f57\u65af", "offset": 54, "length": 3}], "weapon": [{"text": "\u9ad8\u8d85\u97f3\u901f\u6280\u672f\u6f14\u793a\u98de\u884c\u5668", "offset": 29, "length": 11}, {"text": "6\u500d\u97f3\u901f\u5bfc\u5f39", "offset": 86, "length": 6}]}}, {"sentence": "\u62a5\u9053\u5ba3\u79f0\uff0c\u5370\u5ea6\u6709\u671b\u57285\u5e74\u5185\u5236\u9020\u7b2c\u4e00\u679a\u9ad8\u8d85\u97f3\u901f\u5bfc\u5f39\u3002", "events": [], "arguments": {"loc": [], "time": [], "country": [{"text": "\u5370\u5ea6", "offset": 5, "length": 2}], "weapon": [{"text": "\u9ad8\u8d85\u97f3\u901f\u5bfc\u5f39", "offset": 18, "length": 6}]}}, {"sentence": "\u5370\u5ea6\u56fd\u9632\u7814\u7a76\u4e0e\u53d1\u5c55\u7ec4\u7ec7\u7684\u58f0\u660e\u8bf4\uff0c\u8be5\u98de\u884c\u5668\u4f7f\u7528\u201c\u70c8\u706b-1\u201d\u5f39\u9053\u5bfc\u5f39\u7b2c\u4e00\u7ea7\u4f5c\u4e3a\u52a9\u63a8\u5668\uff0c\u5f53\u5b83\u98de\u884c\u523030\u516c\u91cc\u7684\u9ad8\u5ea6\u540e\uff0c\u98de\u884c\u5668\u5728\u9ad8\u8d85\u97f3\u901f\u6761\u4ef6\u4e0b\u6210\u529f\u4e0e\u706b\u7bad\u5206\u79bb\uff0c\u6b64\u540e\u98de\u884c\u5668\u6cbf\u8ba1\u5212\u7684\u8def\u7ebf\u4ee56\u500d\u97f3\u901f\uff08\u7ea6\u6bcf\u79d22\u516c\u91cc\uff09\u98de\u884c\u4e86\u8d85\u8fc720\u79d2\u3002", "events": [], "arguments": {"loc": [], "time": [], "country": [{"text": "\u5370\u5ea6", "offset": 0, "length": 2}], "weapon": [{"text": "\u201c\u70c8\u706b-1\u201d\u5f39\u9053\u5bfc\u5f39", "offset": 22, "length": 10}, {"text": "\u98de\u884c\u5668", "offset": 76, "length": 3}]}}, {"sentence": "\u7f8e\u56fd\u201cThe Drive\u201d\u7f51\u7ad97\u65e5\u79f0\uff0c2019\u5e746\u6708\uff0c\u5370\u5ea6\u5df2\u8fdb\u884c\u8fc7\u7c7b\u4f3c\u8bd5\u9a8c\uff0c\u4f46\u6ca1\u80fd\u6210\u529f\u3002", "events": [], "arguments": {"loc": [], "time": [], "country": [{"text": "\u7f8e\u56fd", "offset": 0, "length": 2}, {"text": "\u5370\u5ea6", "offset": 27, "length": 2}], "weapon": []}}, {"sentence": "\u201c\u5728\u8fc8\u5411\u9ad8\u8d85\u97f3\u901f\u6b66\u5668\u7684\u65b0\u9886\u57df\u65f6\uff0c\u5370\u5ea6\u4e5f\u5728\u6ce8\u89c6\u4e2d\u56fd\u2014\u2014\u4e2d\u56fd\u5df2\u5728\u8be5\u9886\u57df\u53d6\u5f97\u957f\u8db3\u7684\u8fdb\u6b65\u201d\u3002", "events": [], "arguments": {"loc": [], "time": [], "country": [{"text": "\u5370\u5ea6", "offset": 16, "length": 2}, {"text": "\u4e2d\u56fd", "offset": 26, "length": 2}], "weapon": []}}, {"sentence": "\u63a5\u53d7\u300a\u73af\u7403\u65f6\u62a5\u300b\u91c7\u8bbf\u7684\u4e2d\u56fd\u4e13\u5bb68\u65e5\u8868\u793a\uff0c\u76ee\u524d\u9ad8\u8d85\u97f3\u901f\u5bfc\u5f39\u7684\u6280\u672f\u8def\u5f84\u5206\u4e3a\u4e24\u5927\u7c7b\uff0c\u5176\u4e00\u662f\u52a9\u63a8\u6ed1\u7fd4\u578b\u9ad8\u8d85\u97f3\u901f\u5bfc\u5f39\uff0c\u5176\u4e8c\u662f\u4f7f\u7528\u65b0\u578b\u5438\u6c14\u5f0f\u53d1\u52a8\u673a\u7684\u5de1\u822a\u5bfc\u5f39\uff0c\u5370\u5ea6\u8fd9\u6b21\u6d4b\u8bd5\u7684\u5c31\u5c5e\u4e8e\u540e\u8005\u3002", "events": [], "arguments": {"loc": [], "time": [{"text": "8\u65e5", "offset": 15, "length": 2}], "country": [{"text": "\u4e2d\u56fd", "offset": 11, "length": 2}], "weapon": [{"text": "\u9ad8\u8d85\u97f3\u901f\u5bfc\u5f39", "offset": 47, "length": 6}, {"text": "\u65b0\u578b\u5438\u6c14\u5f0f\u53d1\u52a8\u673a\u7684\u5de1\u822a\u5bfc\u5f39", "offset": 59, "length": 13}]}}, {"sentence": "\u4e13\u5bb6\u8ba4\u4e3a\uff0c\u6839\u636e\u5370\u5ea6\u5a92\u4f53\u7684\u63cf\u8ff0\uff0c\u5370\u5ea6\u8fd9\u6b21\u6d4b\u8bd5\u7684\u98de\u884c\u5668\u53d1\u5c55\u9636\u6bb5\u5927\u81f4\u76f8\u5f53\u4e8e10\u5e74\u524d\u7f8e\u56fdX-51A\u9ad8\u8d85\u97f3\u901f\u8bd5\u9a8c\u98de\u884c\u5668\uff0c\u4f46\u6280\u672f\u6c34\u5e73\u8fd8\u5dee\u5f88\u591a\u3002", "events": [], "arguments": {"loc": [], "time": [], "country": [{"text": "\u5370\u5ea6", "offset": 15, "length": 2}, {"text": "\u7f8e\u56fd", "offset": 38, "length": 2}], "weapon": [{"text": "X-51A\u9ad8\u8d85\u97f3\u901f\u8bd5\u9a8c\u98de\u884c\u5668", "offset": 40, "length": 14}]}}, {"sentence": "X-51A\u7b2c\u4e00\u6b21\u8bd5\u5c04\u65f6\uff0c\u8d85\u71c3\u51b2\u538b\u53d1\u52a8\u673a\u5de5\u4f5c\u4e86140\u79d2\u3002", "events": [], "arguments": {"loc": [], "time": [], "country": [], "weapon": [{"text": "X-51A", "offset": 0, "length": 5}]}}, {"sentence": "\u5373\u4fbf\u5982\u6b64\uff0c\u4eceX-51A\u7684\u9996\u6b21\u8bd5\u98de\u81f3\u4eca\u5df2\u7ecf\u8fc7\u53bb10\u5e74\uff0c\u7f8e\u56fd\u91c7\u7528\u8d85\u71c3\u51b2\u538b\u53d1\u52a8\u673a\u7684\u9ad8\u8d85\u97f3\u901f\u5de1\u822a\u5bfc\u5f39\u8fd8\u6ca1\u80fd\u7814\u5236\u6210\u529f\u3002", "events": [], "arguments": {"loc": [], "time": [], "country": [{"text": "\u7f8e\u56fd", "offset": 26, "length": 2}], "weapon": [{"text": "X-51A", "offset": 6, "length": 5}, {"text": "\u9ad8\u8d85\u97f3\u901f\u5de1\u822a\u5bfc\u5f39", "offset": 38, "length": 8}]}}, {"sentence": "\u56e0\u6b64\u5370\u5ea6\u5a92\u4f53\u8ba4\u4e3a\u672c\u56fd\u80fd\u57285\u5e74\u5185\u5236\u9020\u9ad8\u8d85\u97f3\u901f\u5de1\u822a\u5bfc\u5f39\uff0c\u53ef\u80fd\u8fc7\u4e8e\u4e50\u89c2\u3002", "events": [], "arguments": {"loc": [], "time": [], "country": [{"text": "\u5370\u5ea6", "offset": 2, "length": 2}], "weapon": [{"text": "\u9ad8\u8d85\u97f3\u901f\u5de1\u822a\u5bfc\u5f39", "offset": 17, "length": 8}]}}]