[{"sentence": "\u65e5\u672c\u4e3a\u90e8\u7f72\u9646\u57fa\u5b99\u65af\u76fe\u60f3\u51fa\u201c\u5999\u62db\u201d\u00a0\u62df\u65b0\u5efa\u5bfc\u5f39\u9632\u5fa1\u4e13\u7528\u8230", "events": [], "arguments": {"loc": [], "time": [], "country": [], "weapon": []}}, {"sentence": "\u3010\u73af\u7403\u7f51\u62a5\u9053 \u8bb0\u8005 \u5f90\u7490\u660e\u3011", "events": [], "arguments": {"loc": [], "time": [], "country": [], "weapon": []}}, {"sentence": "\u636e\u65e5\u672c\u5171\u540c\u793e9\u67086\u65e5\u62a5\u9053\uff0c\u591a\u540d\u65e5\u672c\u653f\u5e9c\u76f8\u5173\u4eba\u58eb5\u65e5\u900f\u9732\uff0c\u4f5c\u4e3a\u201c\u9646\u57fa\u5b99\u65af\u76fe\u7cfb\u7edf\u201d\u8ba1\u5212\u7684\u66ff\u4ee3\u65b9\u6848\uff0c\u65e5\u672c\u653f\u5e9c\u5df2\u544a\u77e5\u7f8e\u56fd\u65b9\u9762\u5c06\u628a\u5efa\u9020\u5f39\u9053\u5bfc\u5f39\u62e6\u622a\u4e13\u7528\u8230\u4f5c\u4e3a\u6709\u529b\u65b9\u6848\u3002", "events": [{"trigger": {"text": "\u5efa\u9020", "offset": 60, "length": 2}, "subject": {"text": "\u65e5\u672c\u653f\u5e9c", "offset": 47, "length": 4}, "object": {"text": "\u5f39\u9053\u5bfc\u5f39\u62e6\u622a\u4e13\u7528\u8230", "offset": 62, "length": 9}}], "arguments": {"loc": [], "time": [{"text": "9\u67086\u65e5", "offset": 6, "length": 4}], "country": [], "weapon": []}}, {"sentence": "\u6d88\u606f\u4eba\u58eb\u79f0\uff0c\u65e5\u672c\u653f\u5e9c\u5df2\u7ecf\u544a\u77e5\u7f8e\u56fd\uff0c\u201c\u9646\u57fa\u5b99\u65af\u76fe\u7cfb\u7edf\u201d\u8ba1\u5212\u5c06\u4f1a\u53d6\u6d88\uff0c\u4f46\u662f\u4e24\u5957\u201c\u5b99\u65af\u76fe\u201d\u7cfb\u7edf\u4ecd\u4f1a\u7ee7\u7eed\u5f15\u8fdb\uff0c\u5c06\u5b89\u88c5\u5728\u4e13\u7528\u7684\u8230\u8239\u4e0a\u3002", "events": [], "arguments": {"loc": [], "time": [], "country": [{"text": "\u65e5\u672c", "offset": 6, "length": 2}, {"text": "\u7f8e\u56fd", "offset": 14, "length": 2}], "weapon": [{"text": "\u201c\u9646\u57fa\u5b99\u65af\u76fe\u7cfb\u7edf\u201d", "offset": 17, "length": 9}]}}, {"sentence": "\u4e0d\u8fc7\u8fd9\u79cd\u8230\u8239\u5e76\u4e0d\u662f\u201c\u91d1\u521a\u201d\u7ea7\u3001\u201c\u7231\u5b95\u201d\u7ea7\u8fd9\u6837\u7684\u5927\u578b\u201c\u5b99\u65af\u76fe\u201d\u8230\uff0c\u800c\u662f\u53ea\u8d1f\u8d23\u4fa6\u5bdf\u62e6\u622a\u5f39\u9053\u5bfc\u5f39\u4efb\u52a1\uff0c\u6240\u4ee5\u9020\u4ef7\u4e0a\u4f1a\u6bd4\u8f83\u4fbf\u5b9c\u3002", "events": [], "arguments": {"loc": [], "time": [], "country": [], "weapon": []}}, {"sentence": "\u65e5\u672c\u6d77\u4e0a\u81ea\u536b\u961f\u88c5\u5907\u7684\u201c\u5b99\u65af\u76fe\u201d\u6218\u8230", "events": [], "arguments": {"loc": [], "time": [], "country": [], "weapon": [{"text": "\u201c\u5b99\u65af\u76fe\u201d\u6218\u8230", "offset": 10, "length": 7}]}}, {"sentence": "\u62a5\u9053\u79f0\uff0c\u65e5\u672c\u90e8\u7f72\u201c\u9646\u57fa\u5b99\u65af\u76fe\u201d\u7684\u8ba1\u5212\u662f\u7531\u9996\u76f8\u5b89\u500d\u664b\u4e09\u63a8\u52a8\uff0c\u6700\u8981\u662f\u7528\u4e8e\u5e94\u5bf9\u5f39\u9053\u5bfc\u5f39\u5a01\u80c1\u3002", "events": [], "arguments": {"loc": [], "time": [], "country": [], "weapon": []}}, {"sentence": "3\u5e74\u524d\uff0c\u7f8e\u56fd\u63d0\u4f9b\u4e86\u201c\u8428\u5fb7\u201d\u548c\u201c\u9646\u57fa\u5b99\u65af\u76fe\u201d\u4f9b\u65e5\u672c\u9009\u62e9\uff0c\u800c\u65e5\u672c\u653f\u5e9c\u6700\u7ec8\u9009\u62e9\u4e86\u201c\u9646\u57fa\u5b99\u65af\u76fe\u201d\u3002", "events": [], "arguments": {"loc": [], "time": [], "country": [], "weapon": []}}, {"sentence": "\u5f53\u65f6\u65e5\u672c\u653f\u5e9c\u8ba1\u5212\u5728\u672c\u5dde\u5c9b\u897f\u5317\u65b9\u7684\u79cb\u7530\u5e02\u4e0e\u672c\u5dde\u5c9b\u6700\u897f\u5357\u65b9\u7684\u5c71\u53e3\u53bf\u5bfb\u627e\u5408\u9002\u7684\u90e8\u7f72\u5730\u70b9\uff0c\u7136\u800c\u5374\u906d\u9047\u4e86\u91cd\u91cd\u56f0\u96be\u3002", "events": [], "arguments": {"loc": [{"text": "\u672c\u5dde\u5c9b\u897f\u5317\u65b9\u7684\u79cb\u7530\u5e02", "offset": 9, "length": 10}, {"text": "\u672c\u5dde\u5c9b\u6700\u897f\u5357\u65b9\u7684\u5c71\u53e3\u53bf", "offset": 20, "length": 11}], "time": [], "country": [], "weapon": []}}, {"sentence": "\u6bd4\u5982\u53ef\u4ee5\u76f4\u63a5\u8fdb\u884c\u90e8\u7f72\u7684\u81ea\u536b\u961f\u57fa\u5730\uff0c\u5374\u56e0\u53d7\u5230\u5c71\u5730\u906e\u6321\u5bfc\u81f4\u201c\u5b99\u65af\u76fe\u201d\u7cfb\u7edf\u96f7\u8fbe\u65e0\u6cd5\u53d1\u6325\u6700\u4f73\u6027\u80fd\uff0c\u800c\u5728\u5176\u4ed6\u9002\u5408\u90e8\u7f72\u7684\u5730\u70b9\uff0c\u53c8\u62db\u81f4\u5f53\u5730\u5c45\u6c11\u7684\u53cd\u5bf9\uff0c\u76f4\u52302019\u5e74\u4ecd\u672a\u786e\u5b9a\u90e8\u7f72\u5730\u70b9\u3002", "events": [], "arguments": {"loc": [], "time": [], "country": [], "weapon": []}}, {"sentence": "\u65e5\u672c\u653f\u5e9c\u4e5f\u66fe\u8003\u8651\u8fc7\u5176\u4ed6\u9009\u9879\uff0c\u6bd4\u5982\u5efa\u9020\u4e00\u79cd\u5927\u578b\u6d77\u4e0a\u5e73\u53f0\u6765\u653e\u7f6e\u201c\u5b99\u65af\u76fe\u201d\u96f7\u8fbe\uff0c\u4f46\u662f\u90e8\u7f72\u8fd9\u79cd\u5e73\u53f0\u4ecd\u9700\u5f81\u5f97\u5730\u65b9\u653f\u5e9c\u540c\u610f\u3002", "events": [], "arguments": {"loc": [], "time": [], "country": [], "weapon": []}}, {"sentence": "\u4f46\u662f\u76f8\u6bd4\u4e4b\u4e0b\uff0c\u8230\u8239\u53cd\u800c\u6ca1\u8fd9\u4e48\u591a\u9650\u5236\u3002", "events": [], "arguments": {"loc": [], "time": [], "country": [], "weapon": []}}, {"sentence": "\u5b89\u500d\u653f\u5e9c\u6700\u7ec8\u51b3\u5b9a\u5c06\u201c\u9646\u57fa\u5b99\u65af\u76fe\u201d\u5b89\u88c5\u5230\u8230\u8239\u4e0a\u3002", "events": [], "arguments": {"loc": [], "time": [], "country": [], "weapon": []}}, {"sentence": "\u65e5\u672c\u8ba9\u201c\u9646\u57fa\u5b99\u65af\u76fe\u201d\u4e0a\u8230\u7684\u505a\u6cd5\u76f8\u5f53\u5177\u6709\u8bbd\u523a\u610f\u5473\u3002", "events": [], "arguments": {"loc": [], "time": [], "country": [], "weapon": []}}, {"sentence": "\u56e0\u4e3a\u201c\u5b99\u65af\u76fe\u201d\u7cfb\u7edf\u672c\u8eab\u5c31\u662f\u4e3a\u6c34\u9762\u4f5c\u6218\u5e73\u53f0\u7814\u53d1\uff0c\u76ee\u524d\u88c5\u5907\u6570\u91cf\u6700\u591a\u7684\u5c31\u662f\u7f8e\u56fd\u6d77\u519b\u7684\u963f\u5229\u4f2f\u514b\u7ea7\u9a71\u9010\u8230\u3002", "events": [], "arguments": {"loc": [], "time": [], "country": [], "weapon": [{"text": "\u963f\u5229\u4f2f\u514b\u7ea7\u9a71\u9010\u8230", "offset": 39, "length": 8}]}}, {"sentence": "\u201c\u9646\u57fa\u5b99\u65af\u76fe\u201d\u662f\u5728\u6d77\u4e0a\u201c\u5b99\u65af\u76fe\u201d\u5e73\u53f0\u57fa\u7840\u4e0a\u53d1\u5c55\u800c\u6765\u7684\u9646\u5730\u7248\u672c\uff0c\u800c\u73b0\u5728\u65e5\u672c\u53c8\u8981\u5c06\u65a5\u5de8\u8d44\u5f15\u8fdb\u7684\u201c\u9646\u57fa\u5b99\u65af\u76fe\u201d\u9001\u56de\u5230\u519b\u8230\u4e0a\u3002", "events": [], "arguments": {"loc": [], "time": [], "country": [], "weapon": []}}, {"sentence": "\u800c\u4e14\u51fa\u4e8e\u6210\u672c\u3001\u4eba\u529b\u7b49\u56e0\u7d20\u8003\u8651\uff0c\u65e5\u672c\u4ec5\u4ec5\u662f\u60f3\u628a\u201c\u9646\u57fa\u5b99\u65af\u76fe\u201d\u653e\u5230\u8230\u8239\u4e0a\uff0c\u800c\u4e0d\u662f\u6253\u9020\u65b0\u578b\u7684\u201c\u5b99\u65af\u76fe\u201d\u6218\u8230\uff0c\u81f3\u4e8e\u8fd9\u6b3e\u642d\u8f7d\u201c\u9646\u57fa\u5b99\u65af\u76fe\u201d\u7684\u8230\u8239\u4f1a\u662f\u4ec0\u4e48\u6837\uff0c\u73b0\u5728\u4e5f\u8fd8\u6ca1\u6709\u5177\u4f53\u65b9\u6848\u3002", "events": [], "arguments": {"loc": [], "time": [], "country": [], "weapon": []}}]