[{"sentence": "\u4fc4\u519b\u5de5\u8239\u5382\u6d6e\u8239\u575e\u88ab\u53f0\u98ce\u5439\u8dd1\u00a0\u649e\u4e0a\u591a\u8258\u6f5c\u8247\u548c\u5bfc\u5f39\u8247", "events": [], "arguments": {"loc": [], "time": [], "country": [], "weapon": []}}, {"sentence": "\u3010\u73af\u7403\u7f51\u62a5\u9053 \u8bb0\u8005 \u5f90\u7490\u660e\u3011", "events": [], "arguments": {"loc": [], "time": [], "country": [], "weapon": []}}, {"sentence": "\u636e\u7f8e\u56fdThe Drive\u7f51\u7ad9\u201c\u6218\u533a\u201d\u4e13\u680f9\u67084\u65e5\u62a5\u9053\uff0c\u4fc4\u7f57\u65af\u8fdc\u4e1c\u6e2f\u53e3\u57ce\u5e02\u7b26\u62c9\u8fea\u6c83\u65af\u6258\u514b\u8fd1\u65e5\u906d\u5230\u53f0\u98ce\u201c\u7f8e\u838e\u514b\u201d\u88ad\u51fb\u3002", "events": [], "arguments": {"loc": [{"text": "\u4fc4\u7f57\u65af\u8fdc\u4e1c\u6e2f\u53e3\u57ce\u5e02\u7b26\u62c9\u8fea\u6c83\u65af\u6258\u514b", "offset": 27, "length": 16}], "time": [{"text": "9\u67084\u65e5", "offset": 20, "length": 4}], "country": [], "weapon": []}}, {"sentence": "\u5f53\u5730\u4e00\u5ea7\u4fc4\u519b\u8239\u5382\u91cc\u7684\u4e00\u8258\u6d6e\u8239\u575e\u88ab\u53f0\u98ce\u201c\u5439\u8dd1\u201d\uff0c\u7ef3\u7d22\u65ad\u88c2\u540e\u5728\u6d77\u4e0a\u6f02\u6cca\uff0c\u649e\u5230\u4e86\u4fc4\u7f57\u65af\u6d77\u519b\u592a\u5e73\u6d0b\u8230\u961f\u7684\u591a\u8258\u8230\u8247\uff0c\u76ee\u524d\u635f\u5931\u60c5\u51b5\u4e0d\u660e\u3002", "events": [], "arguments": {"loc": [], "time": [], "country": [], "weapon": []}}, {"sentence": "\u6d6e\u8239\u575e\u88ab\u5439\u8dd1\u540e\u649e\u4e0a\u6f5c\u8247\u548c\u5bfc\u5f39\u8247", "events": [], "arguments": {"loc": [], "time": [], "country": [], "weapon": []}}, {"sentence": "\u62a5\u9053\u79f0\uff0c\u73b0\u573a\u753b\u9762\u663e\u793a\u5f53\u65f6\u6d6e\u8239\u575e\u5185\u6ca1\u6709\u642d\u8f7d\u8230\u8247\uff0c\u4f46\u8fd9\u8258\u5de8\u5927\u7684\u6d6e\u8239\u575e\u4f9d\u7136\u662f\u4e00\u4e2a\u5de8\u5927\u7684\u6f5c\u5728\u5371\u9669\uff0c\u800c\u4e14\u5df2\u7ecf\u649e\u4e0a\u4e86\u591a\u8258\u8230\u8247\u3002", "events": [], "arguments": {"loc": [], "time": [], "country": [], "weapon": []}}, {"sentence": "\u5f53\u65f6\u8fd9\u8258\u6d6e\u8239\u575e\u7cfb\u6cca\u5728\u6e2f\u53e3\u5185\uff0c\u65c1\u8fb9\u8fd8\u505c\u9760\u4e86\u4e24\u8258\u201c\u57fa\u6d1b\u201d\u7ea7\u6f5c\u8247\u548c8\u8258\u201c\u6bd2\u8718\u86db\u201d\u7ea7\u5bfc\u5f39\u8247\u3002", "events": [], "arguments": {"loc": [], "time": [], "country": [], "weapon": [{"text": "\u201c\u57fa\u6d1b\u201d\u7ea7\u6f5c\u8247", "offset": 22, "length": 7}, {"text": "\u6bd2\u8718\u86db\u201d\u7ea7\u5bfc\u5f39\u8247", "offset": 33, "length": 8}]}}, {"sentence": "\u8be5\u6d6e\u8239\u575e\u81f3\u5c11\u4e0e1\u8258\u201c\u57fa\u6d1b\u201d\u7ea7\u6f5c\u8247\u548c6\u8258\u201c\u6bd2\u8718\u86db\u201d\u7ea7\u5bfc\u5f39\u8247\u53d1\u751f\u4e86\u76f4\u63a5\u78b0\u649e\u3002", "events": [{"trigger": {"text": "\u78b0\u649e", "offset": 33, "length": 2}, "subject": {"text": "\u6f5c\u8247", "offset": 14, "length": 2}, "object": {"text": "\u5bfc\u5f39\u8247", "offset": 25, "length": 3}}], "arguments": {"loc": [], "time": [], "country": [], "weapon": []}}, {"sentence": "\u4fc4\u7f57\u65af\u8239\u5382\u91cc\u7684\u6d6e\u8239\u575e\u88ab\u53f0\u98ce\u5439\u8dd1", "events": [], "arguments": {"loc": [], "time": [], "country": [{"text": "\u4fc4\u7f57\u65af", "offset": 0, "length": 3}], "weapon": []}}, {"sentence": "\u62a5\u9053\u79f0\uff0c\u76ee\u524d\u5177\u4f53\u7684\u635f\u5931\u60c5\u51b5\u8fd8\u4e0d\u6e05\u695a\uff0c\u4f46\u8fd9\u5df2\u7ecf\u4e0d\u662f\u8fd1\u5e74\u6765\u4fc4\u7f57\u65af\u519b\u5de5\u8239\u5382\u7684\u6d6e\u8239\u575e\u5934\u4e00\u56de\u51fa\u4e8b\u3002", "events": [], "arguments": {"loc": [], "time": [], "country": [], "weapon": []}}, {"sentence": "\u57282018\u5e74\uff0c\u4fc4\u7f57\u65af\u6d77\u519b\u7684\u6700\u5927\u6d6e\u8239\u575ePD-50\u5728\u6469\u5c14\u66fc\u65af\u514b\u9644\u8fd1\u7684\u7f57\u65af\u5c3c\u4e9a\u79d1\u6c83\u7b2c82\u9020\u8239\u5382\u56e0\u7535\u6c14\u6545\u969c\u6c89\u6ca1\u3002", "events": [{"trigger": {"text": "\u6c89\u6ca1", "offset": 49, "length": 2}, "subject": {"text": "\u4fc4\u7f57\u65af\u6d77\u519b\u7684\u6700\u5927\u6d6e\u8239\u575ePD-50", "offset": 7, "length": 16}, "object": {"text": "", "offset": 0, "length": 0}}], "arguments": {"loc": [], "time": [], "country": [], "weapon": []}}, {"sentence": "\u800c\u5f53\u65f6\u8be5\u6d6e\u8239\u575e\u4e0a\u642d\u8f7d\u4e86\u6b63\u5728\u8fdb\u884c\u5927\u4fee\u7ef4\u62a4\u7684\u4fc4\u7f57\u65af\u6d77\u519b\u7684\u552f\u4e00\u822a\u6bcd\u201c\u5e93\u5179\u6d85\u4f50\u592b\u201d\u53f7\uff0c\u4e8b\u6545\u4e5f\u9020\u6210\u822a\u6bcd\u53d7\u635f\u3002", "events": [], "arguments": {"loc": [], "time": [], "country": [], "weapon": [{"text": "\u822a\u6bcd\u201c\u5e93\u5179\u6d85\u4f50\u592b\u201d\u53f7", "offset": 28, "length": 10}]}}, {"sentence": "\u4ece\u53e6\u4e2a\u89d2\u5ea6\u53ef\u4ee5\u770b\u5230\u6d6e\u8239\u575e\u4e0e\u5bfc\u5f39\u8247\u53d1\u751f\u4e86\u76f4\u63a5\u78b0\u649e", "events": [], "arguments": {"loc": [], "time": [], "country": [], "weapon": []}}, {"sentence": "\u8fd9\u4e9b\u4e8b\u6545\u4e5f\u662f\u4fc4\u7f57\u65af\u6d77\u519b\u8fd1\u5e74\u6765\u53d1\u751f\u4e00\u7cfb\u5217\u91cd\u5927\u4e8b\u6545\u7684\u7f29\u5f71\u3002", "events": [], "arguments": {"loc": [], "time": [], "country": [], "weapon": []}}, {"sentence": "\u540c\u6837\u662f\u57282018\u5e74\uff0c\u7b26\u62c9\u8fea\u6c83\u65af\u6258\u514b\u7684\u4e00\u8258\u201c\u57fa\u6d1b\u201d\u7ea7\u6f5c\u8247\u5931\u706b\uff0c\u4fc4\u7f57\u65af\u540e\u6765\u58f0\u79f0\u8fd9\u662f\u4e00\u6b21\u6f14\u4e60\uff0c\u800c\u62a5\u9053\u8ba4\u4e3a\u8fd9\u4f3c\u4e4e\u201c\u6781\u5176\u4e0d\u53ef\u80fd\u201d\uff1b\u53e6\u59162018\u5e74\u4fc4\u7f57\u65af\u5728\u5efa\u768422600\u578b\u7834\u51b0\u8239\u201c\u7ef4\u514b\u6258\u00b7\u5207\u5c14\u8bfa\u6885\u5c14\u91d1\u201d\u53f7\u5728\u5723\u5f7c\u5f97\u5821\u6d77\u519b\u9020\u8239\u5382\u5931\u706b\uff1b2019\u5e74\u4fc4\u7f57\u65af\u6d77\u519b\u7684\u7edd\u5bc6\u6f5c\u8247\u201c\u6d1b\u6c99\u91cc\u514b\u201d\u53f7\u5728\u4fc4\u897f\u5317\u90e8\u6d77\u5cb8\u8bad\u7ec3\u65f6\u4e5f\u53d1\u751f\u4e86\u706b\u707e\u3002", "events": [], "arguments": {"loc": [], "time": [], "country": [], "weapon": [{"text": "\u6f5c\u8247\u201c\u6d1b\u6c99\u91cc\u514b\u201d\u53f7", "offset": 121, "length": 9}]}}]