[{"sentence": "\u7f8e\u6fb3\u519b\u961f\u8054\u5408\u6f14\u4e60\u00a0\u7f8e\u519b\u51fa\u52a8B-1B\u548cB-2\u53c2\u4e0e", "events": [], "arguments": {"loc": [], "time": [], "country": [], "weapon": []}}, {"sentence": "\u3010\u73af\u7403\u7f51\u62a5\u9053 \u8bb0\u8005 \u9a6c\u5ca9\u3011", "events": [], "arguments": {"loc": [], "time": [], "country": [], "weapon": []}}, {"sentence": "\u636e\u300a\u7a7a\u519b\u65f6\u62a5\u300b\u7f51\u7ad99\u67085\u65e5\u62a5\u9053\uff0c\u5728\u4e0a\u6708\u7f8e\u56fd\u6d77\u519b\u9646\u6218\u961f\u4e0e\u6fb3\u5927\u5229\u4e9a\u519b\u961f\u7684\u8054\u5408\u6f14\u4e60\u4e2d\uff0c\u7f8e\u519b\u51fa\u52a8\u4e86B-1B\u548cB-2\u8f70\u70b8\u673a\u3002", "events": [], "arguments": {"loc": [], "time": [{"text": "9\u67085\u65e5", "offset": 9, "length": 4}], "country": [{"text": "\u7f8e\u56fd", "offset": 19, "length": 2}], "weapon": []}}, {"sentence": "\u5728\u6f14\u4e60\u4e2d\uff0c\u7f8e\u6fb3\u519b\u961f\u6f14\u7ec3\u4e86\u4e00\u652f\u5c0f\u578b\u8fdc\u5f81\u6d77\u519b\u5982\u4f55\u5feb\u901f\u90e8\u7f72\u3001\u4e0e\u76df\u53cb\u8054\u5408\u884c\u52a8\u3001\u534f\u8c03\u7a7a\u88ad\u4ee5\u53ca\u5728\u6218\u6597\u4e2d\u547c\u53eb\u8fd1\u8ddd\u79bb\u7a7a\u4e2d\u652f\u63f4\u3002", "events": [{"trigger": {"text": "\u6f14\u7ec3", "offset": 9, "length": 2}, "subject": {"text": "\u7f8e\u6fb3\u519b\u961f", "offset": 5, "length": 4}, "object": {"text": "\u4e00\u652f\u5c0f\u578b\u8fdc\u5f81\u6d77\u519b\u5982\u4f55\u5feb\u901f\u90e8\u7f72\u3001\u4e0e\u76df\u53cb\u8054\u5408\u884c\u52a8\u3001\u534f\u8c03\u7a7a\u88ad\u4ee5\u53ca\u5728\u6218\u6597\u4e2d\u547c\u53eb\u8fd1\u8ddd\u79bb\u7a7a\u4e2d\u652f\u63f4", "offset": 12, "length": 42}}], "arguments": {"loc": [], "time": [], "country": [], "weapon": []}}, {"sentence": "\u6765\u81ea\u7b2c393\u8fdc\u5f81\u8f70\u70b8\u4e2d\u961f\u7684B-2\u8f70\u70b8\u673a\u4ece\u6000\u7279\u66fc\u7a7a\u519b\u57fa\u5730\u98de\u62b5\u5370\u5ea6\u6d0b\u7684\u8fed\u6208\u52a0\u897f\u4e9a\u5c9b\uff0c\u800c\u540e\u53c8\u98de\u884c4000\u82f1\u91cc\u62b5\u8fbe\u6fb3\u5927\u5229\u4e9a\u3002", "events": [], "arguments": {"loc": [{"text": "\u6000\u7279\u66fc\u7a7a\u519b\u57fa\u5730", "offset": 20, "length": 7}, {"text": "\u8fed\u6208\u52a0\u897f\u4e9a\u5c9b", "offset": 33, "length": 6}], "time": [], "country": [{"text": "\u6fb3\u5927\u5229\u4e9a", "offset": 53, "length": 4}], "weapon": [{"text": "B-2\u8f70\u70b8\u673a", "offset": 13, "length": 6}]}}, {"sentence": "\u968f\u540e\uff0cB-2\u8f70\u70b8\u673a\u5728\u6fb3\u5927\u5229\u4e9a\u5317\u90e8\u7684\u5fb7\u62c9\u6885\u5c14\u3001\u5e03\u62c9\u5fb7\u8096\u548c\u90a6\u5fb7\u5229\u5c71\u8bad\u7ec3\u533a\u6267\u884c\u4e86\u4efb\u52a1\u3002", "events": [], "arguments": {"loc": [{"text": "\u5fb7\u62c9\u6885\u5c14", "offset": 17, "length": 4}, {"text": "\u5e03\u62c9\u5fb7\u8096", "offset": 22, "length": 4}, {"text": "\u90a6\u5fb7\u5229\u5c71", "offset": 27, "length": 4}], "time": [], "country": [], "weapon": []}}, {"sentence": "\u7f8e\u56fd\u6d77\u519b\u9646\u6218\u961f\u548c\u6fb3\u5927\u5229\u4e9a\u519b\u961f\u7684\u8054\u5408\u7ec8\u7aef\u653b\u51fb\u63a7\u5236\u5458\u534f\u8c03B-2\u548cB-1\u8fdb\u884c\u4e86\u7a7a\u88ad\u3002", "events": [], "arguments": {"loc": [], "time": [], "country": [], "weapon": []}}, {"sentence": "\u8f70\u70b8\u673a\u6f14\u7ec3\u4e86\u5bf9\u672a\u8ba1\u5212\u548c\u672a\u9884\u6599\u7684\u76ee\u6807\u8fdb\u884c\u7a7a\u88ad\uff0c\u8fd9\u5728\u5b9e\u6218\u4e2d\u975e\u5e38\u91cd\u8981\uff0c\u56e0\u4e3a\u5f62\u52bf\u4f1a\u5feb\u901f\u4e14\u4ee5\u9884\u60f3\u4e0d\u5230\u7684\u65b9\u5f0f\u53d8\u5316\u3002", "events": [], "arguments": {"loc": [], "time": [], "country": [], "weapon": []}}, {"sentence": "\u62a5\u9053\u79f0\uff0c\u7f8e\u56fd\u6d77\u519b\u9646\u6218\u961f\u4ee5\u4f20\u7edf\u548c\u73b0\u4ee3\u7684\u65b9\u5f0f\u5411B-2\u8f70\u70b8\u673a\u4f20\u8f93\u4e86\u76ee\u6807\u7684\u4f4d\u7f6e\uff0c\u5e76\u547c\u53eb\u7a7a\u88ad\uff0c\u800c\u540eB-2\u6295\u4e0b\u5b9e\u5f39\u6765\u663e\u793a\u5176\u7cbe\u786e\u6253\u51fb\u80fd\u529b\u3002", "events": [], "arguments": {"loc": [], "time": [], "country": [], "weapon": []}}]