[{"sentence": "\u4fc4\u519b\u6218\u6597\u673a\u540c\u4e00\u5929\u5728\u5df4\u4f26\u652f\u6d77\u4e0a\u7a7a\u62e6\u622a\u5317\u7ea63\u56fd\u4fa6\u5bdf\u673a", "events": [], "arguments": {"loc": [], "time": [], "country": [], "weapon": []}}, {"sentence": "\u3010\u73af\u7403\u7f51\u519b\u4e8b\u62a5\u9053\u3011", "events": [], "arguments": {"loc": [], "time": [], "country": [], "weapon": []}}, {"sentence": "9\u67083\u65e5\uff0c\u4fc4\u7f57\u65af\u5728\u5df4\u4f26\u652f\u6d77\u4e2d\u7acb\u6c34\u57df\u4e0a\u7a7a\u53d1\u73b0\u591a\u4e2a\u4e0d\u660e\u98de\u884c\u76ee\u6807\uff0c\u4fc4\u519b\u968f\u540e\u51fa\u52a8\u591a\u67b6\u6218\u6597\u673a\u8fdb\u884c\u67e5\u8bc1\u548c\u62e6\u622a\u3002", "events": [], "arguments": {"loc": [], "time": [{"text": "9\u67083\u65e5", "offset": 0, "length": 4}], "country": [], "weapon": []}}, {"sentence": "\u4fc4\u7f57\u65af\u536b\u661f\u901a\u8baf\u793e9\u67083\u65e5\u62a5\u9053\uff0c\u4fc4\u7f57\u65af\u56fd\u9632\u90e8\u56fd\u5bb6\u56fd\u9632\u7ba1\u7406\u4e2d\u5fc3\u53d1\u5e03\u6d88\u606f\uff0c\u4e3a\u9632\u8303\u8fb9\u5883\u906d\u5230\u5165\u4fb5\uff0c\u4fc4\u519b\u7c73\u683c-31\u6218\u673a\u5728\u5df4\u4f26\u652f\u6d77\u62e6\u622a\u4e86\u7f8e\u82f1\u519b\u673a\u3002", "events": [{"trigger": {"text": "\u62e6\u622a", "offset": 58, "length": 2}, "subject": {"text": "\u4fc4\u519b\u7c73\u683c-31\u6218\u673a", "offset": 44, "length": 9}, "object": {"text": "\u7f8e\u82f1\u519b\u673a", "offset": 61, "length": 4}}], "arguments": {"loc": [], "time": [], "country": [], "weapon": []}}, {"sentence": "\u4fc4\u519b\u65b9\u5728\u6d88\u606f\u4e2d\u8bf4\uff1a\u201c9\u67083\u65e5\uff0c\u4fc4\u7f57\u65af\u7a7a\u57df\u76d1\u63a7\u8bbe\u5907\u5728\u5df4\u4f26\u652f\u6d77\u4e2d\u7acb\u6c34\u57df\u4e0a\u7a7a\u53d1\u73b0\u4e24\u4e2a\u76ee\u6807\u6b63\u5728\u5411\u4fc4\u7f57\u65af\u8fb9\u5883\u9760\u8fd1\u3002", "events": [], "arguments": {"loc": [{"text": "\u5df4\u4f26\u652f\u6d77\u4e2d\u7acb\u6c34\u57df", "offset": 25, "length": 8}], "time": [], "country": [{"text": "\u4fc4\u7f57\u65af", "offset": 44, "length": 3}], "weapon": []}}, {"sentence": "\u201d\u4fc4\u7f57\u65af\u5317\u65b9\u8230\u961f\u9632\u7a7a\u90e8\u961f\u62c5\u4efb\u6218\u5907\u6267\u52e4\u4efb\u52a1\u7684\u7c73\u683c-31\u6218\u673a\u5347\u7a7a\uff0c\u524d\u5f80\u67e5\u8bc1\u3001\u62e6\u622a\u3002", "events": [], "arguments": {"loc": [], "time": [], "country": [], "weapon": [{"text": "\u7c73\u683c-31\u6218\u673a", "offset": 21, "length": 7}]}}, {"sentence": "\u6d88\u606f\u4e2d\u8bf4\uff1a\u201c\u4fc4\u519b\u98de\u884c\u5458\u9a7e\u673a\u63a5\u8fd1\u76ee\u6807\u81f3\u5b89\u5168\u8ddd\u79bb\uff0c\u8bc6\u522b\u51fa\u76ee\u6807\u4e3a\u7f8e\u56fd\u7a7a\u519bRC-135\u6218\u7565\u4fa6\u5bdf\u673a\u3001\u82f1\u56fd\u7a7a\u519b\u2019\u524d\u54e8\u2019R1\u4fa6\u5bdf\u673a\u3002", "events": [], "arguments": {"loc": [], "time": [], "country": [{"text": "\u7f8e\u56fd", "offset": 29, "length": 2}], "weapon": [{"text": "\u7f8e\u56fd\u7a7a\u519bRC-135\u6218\u7565\u4fa6\u5bdf\u673a", "offset": 29, "length": 15}, {"text": "\u82f1\u56fd\u7a7a\u519b\u2019\u524d\u54e8\u2019R1\u4fa6\u5bdf\u673a", "offset": 45, "length": 13}]}}, {"sentence": "\u201d", "events": [], "arguments": {"loc": [], "time": [], "country": [], "weapon": []}}, {"sentence": "\u4fc4\u56fd\u9632\u90e8\u5f3a\u8c03\u6307\u51fa\uff0c\u7c73\u683c-31\u6218\u673a\u5728\u6574\u4e2a\u98de\u884c\u671f\u95f4\u4e25\u683c\u9075\u5b88\u4e86\u56fd\u9645\u7a7a\u57df\u4f7f\u7528\u89c4\u5219\uff0c\u6ca1\u6709\u53d1\u751f\u7f8e\u82f1\u519b\u673a\u4fb5\u72af\u4fc4\u7f57\u65af\u9886\u7a7a\u7684\u60c5\u51b5\u3002", "events": [], "arguments": {"loc": [], "time": [], "country": [], "weapon": []}}, {"sentence": "\u53e6\u5916\u4fc4\u7f57\u65af\u56fd\u9632\u90e8\u56fd\u5bb6\u56fd\u9632\u7ba1\u7406\u4e2d\u5fc39\u67083\u65e5\u8fd8\u53d1\u5e03\u6d88\u606f\u79f0\uff0c\u4e00\u67b6\u4fc4\u7f57\u65af\u7c73\u683c-31BM\u6218\u6597\u673a\u5f53\u5929\u5728\u5df4\u4f26\u652f\u6d77\u4e0a\u7a7a\u62e6\u622a\u4e86\u4e00\u67b6\u632a\u5a01\u7a7a\u519b\u98de\u673a\u3002", "events": [], "arguments": {"loc": [], "time": [], "country": [], "weapon": []}}, {"sentence": "\u4fc4\u519b\u5728\u6d88\u606f\u4e2d\u79f0\uff1a\u201c9\u67083\u65e5\uff0c\u4fc4\u7f57\u65af\u7a7a\u57df\u76d1\u63a7\u8bbe\u5907\u5728\u5df4\u4f26\u652f\u6d77\u4e2d\u7acb\u6c34\u57df\u4e0a\u7a7a\u53d1\u73b0\u4e00\u4e2a\u98de\u8fd1\u4fc4\u8fb9\u5883\u7684\u7a7a\u4e2d\u76ee\u6807\u3002", "events": [], "arguments": {"loc": [], "time": [], "country": [], "weapon": []}}, {"sentence": "\u4e3a\u8bc6\u522b\u7a7a\u4e2d\u76ee\u6807\u5e76\u9632\u6b62\u4fb5\u72af\u4fc4\u7f57\u65af\u56fd\u754c\uff0c\u5317\u65b9\u8230\u961f\u9632\u7a7a\u90e8\u961f\u4e00\u67b6\u7c73\u683c-31BM\u6218\u6597\u673a\u5347\u7a7a\u3002", "events": [], "arguments": {"loc": [], "time": [], "country": [], "weapon": []}}, {"sentence": "\u201d \u6d88\u606f\u79f0\uff0c\u4fc4\u7f57\u65af\u6218\u6597\u673a\u673a\u7ec4\u4eba\u5458\u8bc6\u522b\u8be5\u7a7a\u4e2d\u76ee\u6807\u4e3a\u632a\u5a01\u7a7a\u519bP-3C\u201c\u730e\u6237\u5ea7\u201d\u6d77\u4e0a\u5de1\u903b\u673a\u3002", "events": [], "arguments": {"loc": [], "time": [], "country": [{"text": "\u632a\u5a01", "offset": 24, "length": 2}], "weapon": [{"text": "P-3C\u201c\u730e\u6237\u5ea7\u201d\u6d77\u4e0a\u5de1\u903b\u673a", "offset": 28, "length": 14}]}}, {"sentence": "\u6d88\u606f\u8bf4\uff1a\u201c\u5728\u632a\u5a01\u98de\u673a\u6389\u5934\u98de\u79bb\u4fc4\u7f57\u65af\u8fb9\u754c\u540e\uff0c\u4fc4\u519b\u6218\u673a\u5b89\u5168\u8fd4\u56de\u9a7b\u5730\u673a\u573a\u3002", "events": [], "arguments": {"loc": [], "time": [], "country": [], "weapon": []}}, {"sentence": "\u4fc4\u7f57\u65af\u6218\u6597\u673a\u5168\u7a0b\u98de\u884c\u90fd\u4e25\u683c\u6309\u7167\u56fd\u9645\u7a7a\u57df\u4f7f\u7528\u89c4\u5219\u8fdb\u884c\u3002", "events": [], "arguments": {"loc": [], "time": [], "country": [], "weapon": []}}, {"sentence": "\u201d \u6d88\u606f\u6307\u51fa\uff0c\u6ca1\u6709\u53d1\u751f\u632a\u5a01\u519b\u673a\u4fb5\u72af\u4fc4\u7f57\u65af\u9886\u7a7a\u7684\u60c5\u51b5\u3002", "events": [], "arguments": {"loc": [], "time": [], "country": [], "weapon": []}}]