[{"sentence": "\u4e13\u5bb6\uff1a\u7f8e\u4fc4\u6838\u5a01\u6151\u653f\u7b56\u90fd\u6709\u91cd\u5927\u8c03\u6574\u00a0\u6838\u51b2\u7a81\u53ef\u80fd\u6f14\u53d8\u4e3a\u5168\u9762\u6838\u5927\u6218", "events": [], "arguments": {"loc": [], "time": [], "country": [], "weapon": []}}, {"sentence": "\u7f8e\u4fc4\u6838\u5a01\u6151\u653f\u7b56\u7684\u91cd\u5927\u8c03\u6574\u548c\u5bf9\u53cd\u5bfc\u4f5c\u7528\u7684\u91cd\u65b0\u8bc4\u4f30", "events": [], "arguments": {"loc": [], "time": [], "country": [], "weapon": []}}, {"sentence": "\u90ed\u884d\u83b9", "events": [], "arguments": {"loc": [], "time": [], "country": [], "weapon": []}}, {"sentence": "\uff3b\u5bfc\u8bfb\uff3d\u51b7\u6218\u65f6\u671f\u7f8e\u82cf\u4e89\u9738\uff0c\u6838\u6b66\u5668\u548c\u53cd\u5bfc\u90fd\u4f5c\u4e3a\u6218\u7565\u6b66\u5668\u3002", "events": [], "arguments": {"loc": [], "time": [], "country": [], "weapon": []}}, {"sentence": "\u51b7\u6218\u540e\u4fc4\u56fd\u529b\u8870\u9000\uff0c\u5949\u884c\u6838\u5a01\u6151\u653f\u7b56\u4e3a\u56fd\u7b56\u3002", "events": [], "arguments": {"loc": [], "time": [], "country": [], "weapon": []}}, {"sentence": "\u7279\u6717\u666e\u4e0a\u53f0\u540e\u5bf9\u7f8e\u6838\u5a01\u6444\u653f\u7b56\u4f5c\u91cd\u5927\u8c03\u6574\u3002", "events": [], "arguments": {"loc": [], "time": [], "country": [], "weapon": []}}, {"sentence": "\u91cd\u70b9\u53d1\u5c55\u6218\u672f\u6838\u6b66\u5668\u548c\u964d\u4f4e\u6838\u6b66\u5668\u4f7f\u7528\u95e8\u69db\u3002", "events": [], "arguments": {"loc": [], "time": [], "country": [], "weapon": []}}, {"sentence": "\u6838\u6218\u5371\u673a\u52a0\u5927\u3002", "events": [], "arguments": {"loc": [], "time": [], "country": [], "weapon": []}}, {"sentence": "\u4fc4\u4e5f\u8c03\u6574\u5176\u6838\u653f\u7b56\uff0c\u653e\u5bbd\"\u5148\u53d1\u5236\u4eba\"\u6838\u6253\u51fb\u7684\u6761\u4ef6\u548c\u8303\u56f4\uff1b\u5e76\u591a\u6b21\u4e3e\u884c\u4e09\u4f4d\u4e00\u4f53\u6838\u529b\u91cf\u7684\u5b9e\u6218\u6f14\u4e60\u6765\u4f53\u73b0\u5176\u6838\u5a01\u6151\u3002", "events": [], "arguments": {"loc": [], "time": [], "country": [], "weapon": []}}, {"sentence": "\u53cd\u5bfc\u65b9\u9762\u4fc4\u65e0\u529b\u4e3a\u5168\u4fc4\u63d0\u4f9b\u6838\u4fdd\u62a4\u4f1e\uff0c\u4f46\u5f3a\u8c03\u5b83\u5728\u6838\u6218\u65f6\u4fdd\u536b\u6838\u6b66\u5668\u7684\u4f5c\u7528\u3002", "events": [], "arguments": {"loc": [], "time": [], "country": [], "weapon": []}}, {"sentence": "\u4e00\u3001\t\u7f8e\u4fc4\u4e8c\u56fd\u7684\u6838\u5a01\u6151\u653f\u7b56\u7684\u6f14\u53d8\uff1a", "events": [], "arguments": {"loc": [], "time": [], "country": [], "weapon": []}}, {"sentence": "\u51b7\u6218\u65f6\u671f\u7f8e\u82cf\u4e89\u9738\uff1b\u4ed6\u4eec\u4e00\u624b\u62ff\u77db\uff08\u6838\u6b66\u5668\uff09\uff0c\u4e00\u624b\u62ff\u76fe\uff08\u53cd\u5bfc\u6b66\u5668\uff09\uff0c\u58f0\u79f0\u53ea\u6709\u8fd9\u6837\u624d\u80fd\u4fdd\u536b\u81ea\u5df1\uff0c\u963b\u5413\u5bf9\u65b9\u7684\u6218\u4e89\u5a01\u80c1\u3002", "events": [], "arguments": {"loc": [], "time": [], "country": [], "weapon": []}}, {"sentence": "\u53cc\u65b9\u4e0d\u4ec5\u5728\u6218\u7565\u6838\u6b66\u5668\u65b9\u9762\"\u76f8\u4e92\u786e\u4fdd\u6467\u6bc1\"\uff0c\u5728\u6218\u7565\u53cd\u5bfc\u6b66\u5668\u65b9\u9762\u4e5f\u529b\u6c42\u4fdd\u6301\u5e73\u8861\u3002", "events": [], "arguments": {"loc": [], "time": [], "country": [], "weapon": []}}, {"sentence": "\u56e0\u6b64\u4e8c\u56fd\u7b7e\u7f72\u300a\u53cd\u5bfc\u6761\u7ea6\u300b\u548c\u300a\u9650\u5236\u8fdb\u653b\u6027\u6218\u7565\u6b66\u5668\u7684\u4e34\u65f6\u534f\u5b9a\u300b\u3002", "events": [], "arguments": {"loc": [], "time": [], "country": [], "weapon": []}}, {"sentence": "\u8fd9\u79cd\u65e2\u4e92\u76f8\u7ade\u4e89\uff0c\u53c8\u4e92\u76f8\u7275\u5236\uff0c\u53c8\u4e92\u76f8\u5a01\u6151\u7684\u653f\u7b56\u4e00\u76f4\u662f\u7f8e\u82cf\uff08\u4fc4\uff09\u4e8c\u56fd\u57fa\u672c\u6838\u653f\u7b56\u3002", "events": [], "arguments": {"loc": [], "time": [], "country": [], "weapon": []}}, {"sentence": "\u4f46\u51b7\u6218\u7ed3\u675f\u540e\u56fd\u9645\u5f62\u52bf\u53d1\u751f\u91cd\u5927\u53d8\u5316\u3002", "events": [], "arguments": {"loc": [], "time": [], "country": [], "weapon": []}}, {"sentence": "\u7f8e\u56fd\u6210\u4e3a\u4e16\u754c\u552f\u4e00\u8d85\u7ea7\u5927\u56fd\u3002", "events": [], "arguments": {"loc": [], "time": [], "country": [], "weapon": []}}, {"sentence": "\u800c\u4fc4\u7f57\u65af\u7531\u4e8e\u7ecf\u6d4e\u8870\u9000\uff0c\u5df2\u65e0\u529b\u6253\u9020\u50cf\u7f8e\u56fdGMD\u90a3\u6837\u53cd\u5bfc\u5927\u7cfb\u7edf\uff1b\u65e0\u529b\u4e3a\u4fc4\u7f57\u65af\u6574\u4e2a\u56fd\u571f\u63d0\u4f9b\u6838\u4fdd\u62a4\u4f1e\u3002", "events": [], "arguments": {"loc": [], "time": [], "country": [], "weapon": []}}, {"sentence": "\u4fc4\u8003\u8651\u5230\u4ed6\u7684\u519b\u529b\u5728\u6838\u6253\u51fb\u65b9\u9762\u7684\u5b9e\u529b\u548c\u6c34\u5e73\uff08\u6838\u6b66\u5668\u7684\u6570\u91cf\u3001\u5f53\u91cf\u3001\u4ee5\u53ca\u7a81\u9632\u80fd\u529b\u7b49\uff09\u548c\u7f8e\u56fd\u6700\u4e3a\u63a5\u8fd1\uff1b\u56e0\u6b64\u6539\u4e3a\u5949\u884c\u4ee5\u53d1\u5c55\u6838\u6253\u51fb\u529b\u91cf\u4e3a\u4e3b\uff0c\u53cd\u5bfc\u7cfb\u7edf\u914d\u5408\u4e3a\u8f85\uff0c\u5f3a\u8c03\u5148\u53d1\u5236\u4eba\u7684\u6838\u5a01\u6151\u653f\u7b56\uff1b\u5e76\u6210\u4e3a\u4fc4\u7684\u57fa\u672c\u56fd\u7b56\u3002", "events": [], "arguments": {"loc": [], "time": [], "country": [], "weapon": []}}, {"sentence": "20\u591a\u5e74\u6765\u4fc4\u7f57\u65af\u7684\u6838\u5a01\u80c1\u653f\u7b56\u968f\u56fd\u9645\u5f62\u52bf\u53d8\u5316\u800c\u4e0d\u65ad\u8c03\u6574\u3002", "events": [], "arguments": {"loc": [], "time": [], "country": [], "weapon": []}}, {"sentence": "\u5e76\u4e3b\u8981\u53cd\u6620\u5728\u5386\u6b21\u7248\u672c\u7684\u300a\u4fc4\u7f57\u65af\u519b\u4e8b\u5b66\u8bf4\u300b\u4e2d\u3002", "events": [], "arguments": {"loc": [], "time": [], "country": [], "weapon": []}}, {"sentence": "\u800c\u7f8e\u56fd\u7684\u6838\u5a01\u6444\u653f\u7b56\u548c\u53cd\u5bfc\u653f\u7b56\uff0c\u5219\u4e3b\u8981\u53cd\u6620\u5728\u5386\u5c4a\u603b\u7edf\u7684\u300a\u6838\u6001\u52bf\u8bc4\u4f30\u62a5\u544a\u300b\uff0c\u300a\u53cd\u5bfc\u6001\u52bf\u8bc4\u4f30\u62a5\u544a\u300b\u4ee5\u53ca\u56fd\u60c5\u54a8\u6587\u7b49\u6587\u4ef6\u4e2d\u3002", "events": [], "arguments": {"loc": [], "time": [], "country": [], "weapon": []}}, {"sentence": "\u4fc4\u7f57\u65af\u7684\u300a\u519b\u4e8b\u5b66\u8bf4\u300b\uff08\u0412\u043e\u0435\u043d\u043d\u0430\u044f \u0414\u043e\u043a\u0442\u0440\u0438\u043d\u0430\uff09\u662f\u7531\u4fc4\u8054\u90a6\u5b89\u5168\u59d4\u5458\u4f1a\u8058\u8bf7\u4e13\u5bb6\u5de5\u4f5c\u5c0f\u7ec4\u64b0\u5199\uff0c\u518d\u7ecf\u96c6\u4e2d\u8ba8\u8bba\u5b9a\u7a3f\uff0c\u62a5\u8bf7\u666e\u4eac\u603b\u7edf\u6279\u51c6\u3002", "events": [], "arguments": {"loc": [], "time": [], "country": [], "weapon": []}}, {"sentence": "\u5b83\u4f53\u73b0\u4fc4\u4e0d\u540c\u65f6\u671f\u5728\u6218\u4e89\u548c\u519b\u4e8b\u95ee\u9898\u4e0a\u7684\u6839\u672c\u7acb\u573a\uff0c\u662f\u4e00\u79cd\u5fc5\u987b\u5f3a\u5236\u6267\u884c\u7684\u6307\u5bfc\u601d\u60f3\u548c\u884c\u52a8\u51c6\u5219\u3002", "events": [], "arguments": {"loc": [], "time": [], "country": [], "weapon": []}}, {"sentence": "\u8fd9\u548c\u6c49\u8bed\u4e2d \"\u5b66\u8bf4\"\u7684\u6db5\u4e49\u6709\u6240\u5dee\u522b\u3002", "events": [], "arguments": {"loc": [], "time": [], "country": [], "weapon": []}}, {"sentence": "\u540e\u8005\u6cdb\u6307\u65e0\u5f3a\u5236\u6027\u7684\u5b66\u672f\u89c1\u89e3\u3002", "events": [], "arguments": {"loc": [], "time": [], "country": [], "weapon": []}}, {"sentence": "\u636e\u8bf4\u56fd\u5185\u4e5f\u6709\u4eba\u4e3b\u5f20\u6539\u8bd1\u4e3a\"\u519b\u4e8b\u51c6\u5219\"\uff0c\u4f46\u672a\u83b7\u591a\u6570\u4eba\u8d5e\u540c\u3002", "events": [], "arguments": {"loc": [], "time": [], "country": [], "weapon": []}}, {"sentence": "\u5b83\u81ea\u4fc4\u7f57\u65af\u72ec\u7acb\u81f3\u4eca\u5df2\u51fa\u8fc76\u7248\u3002", "events": [], "arguments": {"loc": [], "time": [], "country": [], "weapon": []}}, {"sentence": "\u6bd4\u8f83\u5b8c\u6574\u53cd\u6620\u4fc4\u7f57\u65af\u7684\u6838\u5a01\u6151\u653f\u7b56\u7684\u6f14\u53d8\u3002", "events": [], "arguments": {"loc": [], "time": [], "country": [], "weapon": []}}, {"sentence": "1991\u5e74\u82cf\u8054\u89e3\u4f53\u540e\u4fc4\u7f57\u65af\u4eba\u6c11\u666e\u904d\u538c\u6218\uff0c\u4e0d\u76f8\u4fe1\u7f8e\u4fc4\u4e4b\u95f4\u4f1a\u53d1\u751f\u6838\u6218\u4e89\u3002", "events": [], "arguments": {"loc": [], "time": [], "country": [], "weapon": []}}, {"sentence": "\"\u548c\u5e73\u4e3b\u4e49\u8005\"\u4eba\u58eb\u5ba3\u626c\uff0c\u4e00\u679a\u6838\u5f39\u5c31\u8db3\u4ee5\u4f7f\u5168\u4e16\u754c\u762b\u75ea\uff0c\u53cd\u5bf9\u6269\u5efa\u6838\u6b66\u5668\u5e93\u3002", "events": [], "arguments": {"loc": [], "time": [], "country": [], "weapon": []}}, {"sentence": "\u53f6\u5229\u94a6\u65f6\u671f\u66fe\u77ed\u6682\u6267\u884c\u8fc7\"\u4e0d\u9996\u5148\u4f7f\u7528\u6838\u6b66\u5668\"\u7684\u653f\u7b56\uff08\u81f3\u4e8e\u7f8e\u56fd\uff0c\u4ed6\u4ece\u6765\u5c31\u4e0d\u627f\u8bfa\"\u4e0d\u9996\u5148\u4f7f\u7528\u6838\u6b66\u5668\"\uff09\uff0c\u6838\u6253\u51fb\u65b9\u5f0f\u4e3b\u8981\u662f\u6838\u8fd8\u51fb\u548c\u6838\u8fce\u51fb\uff0c\u4f46\u4fc4\u9ad8\u5c42\u548c\u519b\u65b9\u8ba4\u4e3a\uff0c\u8fd9\u4e24\u79cd\u65b9\u5f0f\u90fd\u662f\u654c\u4eba\u53d1\u52a8\u8fdb\u653b\u4e4b\u540e\u7684\u88ab\u52a8\u62a5\u590d\uff0c\u56fd\u5bb6\u5fc5\u7136\u4f1a\u8499\u53d7\u5de8\u5927\u635f\u5931\uff0c\u66f4\u96be\u4ee5\u5413\u963b\u5317\u7ea6\u7684\u519b\u4e8b\u5a01\u80c1\u3002", "events": [], "arguments": {"loc": [], "time": [], "country": [], "weapon": []}}, {"sentence": "\u6240\u4ee5\u4ece1993\u5e74\u4fc4\u7f57\u65af\u5236\u5b9a\u7684\u9996\u7248\u300a\u519b\u4e8b\u5b66\u8bf4\u300b\u8d77\uff0c\u5c31\u660e\u786e\u5ba3\u5e03\u653e\u5f03\u4e0d\u9996\u5148\u4f7f\u7528\u6838\u6b66\u5668\u7684\u627f\u8bfa\u3002", "events": [], "arguments": {"loc": [], "time": [], "country": [], "weapon": []}}, {"sentence": "\u4e3a\u4e86\u5e94\u5bf9\u5916\u6765\u52bf\u529b\u7684\u5a01\u80c1\uff0c\u4fc4\u65e2\u6709\u6743\u4f7f\u7528\u6838\u6b66\u5668\u5e94\u5bf9\u5927\u89c4\u6a21\u6740\u4f24\u6027\u6b66\u5668\u7684\u8fdb\u72af\uff0c\u4e5f\u6709\u6743\u4f7f\u7528\u6838\u6b66\u5668\u5e94\u5bf9\u5927\u89c4\u6a21\u5e38\u89c4\u6b66\u5668\u7684\u8fdb\u72af\u3002", "events": [], "arguments": {"loc": [], "time": [], "country": [], "weapon": []}}, {"sentence": "\u4e5f\u5373\u5141\u8bb8\"\u5148\u53d1\u5236\u4eba\"\u6838\u6253\u51fb\u3002", "events": [], "arguments": {"loc": [], "time": [], "country": [], "weapon": []}}, {"sentence": "\u4e00\u7248\u4ee5\u540e\uff0c\u53d1\u751f\u4e86\u5317\u7ea6\u4e1c\u6269\uff0c\u79d1\u7d22\u6c83\u6218\u4e89\uff0c\u4e4c\u514b\u5170\u548c\u683c\u9c81\u5409\u4e9a\u989c\u8272\u9769\u547d\uff0c\u7f8e\u56fd\u5728\u4e1c\u6b27\u90e8\u7f72\u53cd\u5bfc\u6b66\u5668\uff0c\u5317\u7ea6\u5bf9\u4fc4\u5236\u88c1\u7b49\u4e00\u8fde\u4e32\u4e8b\u4ef6\u3002", "events": [], "arguments": {"loc": [], "time": [], "country": [], "weapon": []}}, {"sentence": "\u4f7f\u4fc4\u7f57\u65af\u65b0\u9886\u5bfc\u4eba\u660e\u767d\uff0c\u9760\u5e38\u89c4\u6b66\u5668\u5df2\u65e0\u6cd5\u904f\u5236\u5bf9\u65b9\u7684\u6218\u4e89\u5a01\u80c1\uff0c\u8fd9\u5c31\u4f7f\u4fc4\u66f4\u52a0\u7740\u91cd\u5bf9\u6838\u6b66\u5668\u7684\u4f9d\u8d56\u3002", "events": [], "arguments": {"loc": [], "time": [], "country": [], "weapon": []}}, {"sentence": "2001\u5e74\u666e\u4eac\u4e0a\u53f0\u4e0d\u4e45\u5c31\u6279\u51c6\u7b2c\u4e8c\u7248\u53732000\u5e74\u7248\u300a\u519b\u4e8b\u5b66\u8bf4\u300b\uff0c\u63d0\u51fa\u300a\u73b0\u5b9e\u6838\u904f\u5236\u300b\uff0c\u548c\u9996\u5148\u4f7f\u7528\u6838\u6b66\u5668\u7684\u6982\u5ff5\u3002", "events": [], "arguments": {"loc": [], "time": [], "country": [], "weapon": []}}, {"sentence": "\u5176\u8981\u4e49\u662f\uff1a\"\u901a\u8fc7\u6838\u5a01\u6151\u9632\u6b62\u6838\u5927\u6218\u548c\u5927\u89c4\u6a21\u5e38\u89c4\u6218\u4e89\u7684\u7206\u53d1\u3002", "events": [], "arguments": {"loc": [], "time": [], "country": [], "weapon": []}}, {"sentence": "\u5728\u5730\u533a\u6218\u4e89\u548c\u5c40\u90e8\u6218\u4e89\u4e2d\u9996\u5148\u4f7f\u7528\u6838\u6b66\u5668\uff0c\u4ee5\u8fbe\u5230\u7ef4\u62a4\u56fd\u5bb6\u5b89\u5168\u548c\u4fdd\u6301\u5927\u56fd\u5730\u4f4d\"\u3002", "events": [], "arguments": {"loc": [], "time": [], "country": [], "weapon": []}}, {"sentence": "2001\u5e74\u5c0f\u5e03\u4ec0\u4e0a\u53f0\u540e\u7f8e\u4fc4\u5173\u7cfb\u7ee7\u7eed\u6076\u5316\u3002", "events": [], "arguments": {"loc": [], "time": [], "country": [], "weapon": []}}, {"sentence": "\u4ed6\u5ba3\u5e03\u5355\u65b9\u9762\u9000\u51fa1972\u5e74\u7f8e\u82cf\u4e8c\u56fd\u7b7e\u8ba2\u7684\u300a\u53cd\u5bfc\u6761\u7ea6\u300b\u3002", "events": [], "arguments": {"loc": [], "time": [], "country": [], "weapon": []}}, {"sentence": "2002\u5e74\u4ed6\u63d0\u51fa\u7684\u300a\u6838\u6001\u52bf\u8bc4\u4f30\u62a5\u544a\u300b\u4e2d\uff0c\u4e00\u662f\u63d0\u51fa\u5728\u5fc5\u8981\u65f6\u53ef\u5bf9\u5305\u62ec\u4e2d\u4fc4\u5728\u5185\u81f3\u5c11\u4e03\u4e2a\u56fd\u5bb6\u5b9e\u65bd\u6838\u6253\u51fb\uff1b\u4e8c\u662f\u964d\u4f4e\u4e86\u6838\u6b66\u5668\u4f7f\u7528\u95e8\u69db\uff1a\u4e3b\u8981\u4e3a\u5bf9\u4ed8\u6050\u6016\u4e3b\u4e49\u5a01\u80c1\uff0c\u7f8e\u56fd\u53ef\u53d1\u5c55\u4f4e\u5f53\u91cf\u6838\u94bb\u5730\u5f39\u3002", "events": [], "arguments": {"loc": [], "time": [], "country": [], "weapon": []}}, {"sentence": "\u5965\u5df4\u9a6c\u4e0a\u53f0\u540e\u4e8e2009\u5e74\u5411\u5168\u4e16\u754c\u63d0\u51fa\u4e86\"\u65e0\u6838\u6b66\u5668\u4e16\u754c\"\u7684\u8bbe\u60f3\u3002", "events": [], "arguments": {"loc": [], "time": [], "country": [], "weapon": []}}, {"sentence": "\u4ed6\u57282010\u5e744\u6708\u7684\u300a\u6838\u6001\u52bf\u8bc4\u4f30\u62a5\u544a\u300b\u79f0\uff0c\u6838\u653b\u51fb\u7684\u4e3b\u8981\u6765\u81ea\u6050\u6016\u4e3b\u4e49\u548c\u6838\u6269\u6563\u3002", "events": [], "arguments": {"loc": [], "time": [], "country": [], "weapon": []}}, {"sentence": "\u4fc4\u7f57\u65af\u53d7\u6838\u6218\u7684\u538b\u529b\u8868\u9762\u4e0a\u4f3c\u6709\u7f13\u548c\u3002", "events": [], "arguments": {"loc": [], "time": [], "country": [], "weapon": []}}, {"sentence": "2010\u5e744\u67088\u65e5\uff0c\u7f8e\u56fd\u603b\u7edf\u5965\u5df4\u9a6c\u548c\u4fc4\u603b\u7edf\u6885\u5fb7\u97e6\u6770\u592b\u5728\u5e03\u62c9\u683c\u7b7e\u7f72\u4e86\u300a\u4fc4\u7f8e\u5173\u4e8e\u8fdb\u4e00\u6b65\u524a\u5f31\u548c\u9650\u5236\u8fdb\u653b\u6027\u6218\u7565\u6b66\u5668\u63aa\u65bd\u7684\u6761\u7ea6\u300b\u3002", "events": [], "arguments": {"loc": [], "time": [], "country": [], "weapon": []}}, {"sentence": "\u6240\u4ee5\u7b2c\u4e09\u7248\u53732010\u5e74\u7248\u300a\u519b\u4e8b\u5b66\u8bf4\u300b\u4e2d\uff0c\u4fc4\u7f57\u65af\u5bf9\u6838\u6b66\u5668\u4f7f\u7528\u524d\u63d0\u53ea\u4f5c\u4e86\u4e00\u4e9b\u5fae\u5999\u7684\u53d8\u5316\uff0c\u5373\u6709\u6838\u56fd\u5bb6\u5bf9\u4fc4\u7f57\u65af\u53ca\u5176\u76df\u53cb\u5b9e\u65bd\u7684\u5927\u89c4\u6a21\u5e38\u89c4\u6253\u51fb\uff0c\u5305\u62ec\u6838\u6b66\u5668\u50a8\u5907\u57fa\u5730\u3001\u6838\u7535\u7ad9\u3001\u751f\u5316\u5b9e\u9a8c\u5ba4\u7b49\uff0c\u4e5f\u88ab\u89c6\u4e3a\u5bf9\u4fc4\u7f57\u65af\u53ca\u5176\u76df\u56fd\u4e3b\u6743\u548c\u9886\u571f\u7684\u4e25\u91cd\u5a01\u80c1\uff0c\u6b64\u65f6\u4fc4\u7f57\u65af\u5c06\u52a8\u7528\u6838\u6b66\u5668\u8fdb\u884c\u6838\u6253\u51fb\u3002", "events": [], "arguments": {"loc": [], "time": [], "country": [], "weapon": []}}, {"sentence": "\u800c\u5728\u7b2c\u56db\u7248\u53732014\u5e74\u7248\u300a\u519b\u4e8b\u5b66\u8bf4\u300b\u4e2d\u9996\u6b21\u63d0\u51fa\"\u975e\u6838\u904f\u5236\"\u7684\u6982\u5ff5\u3002", "events": [], "arguments": {"loc": [], "time": [], "country": [], "weapon": []}}, {"sentence": "\u5c06\"\u975e\u6838\u904f\u5236\"\u89c6\u4e3a\u56fd\u5bb6\u6218\u7565\u904f\u5236\u4f53\u7cfb\u7684\u53e6\u4e00\u91cd\u8981\u624b\u6bb5\u3002", "events": [], "arguments": {"loc": [], "time": [], "country": [], "weapon": []}}, {"sentence": "\u8fd9\u4f3c\u4e4e\u663e\u793a\u5f53\u65f6\u4fc4\u9ad8\u5c42\u601d\u8def\u6709\u6240\u6539\u53d8\uff0c\u548c\u5bf9\u9ad8\u7cbe\u5ea6\u6b66\u5668\u53d1\u5c55\u7684\u91cd\u89c6\u3002", "events": [], "arguments": {"loc": [], "time": [], "country": [], "weapon": []}}, {"sentence": "\u4e0d\u8fc7\u5728\u5b9e\u9645\u4e0a\u4fc4\u6ca1\u6709\u653e\u677e\u5bf9\u6218\u7565\u6838\u529b\u91cf\u7684\u53d1\u5c55\u3002", "events": [], "arguments": {"loc": [], "time": [], "country": [], "weapon": []}}, {"sentence": "\u76f8\u53cd\u5728\u6b64\u671f\u95f4\u4fc4\u4e09\u4f4d\u4e00\u4f53\u6838\u6253\u51fb\u529b\u91cf\uff08\u5373\u79fb\u52a8\u5f0f\u9646\u57fa\u6d32\u9645\u5f39\u9053\u5bfc\u5f39\uff1b\u6d77\u57fa\u5317\u98ce\u4e4b\u795e\u6838\u6f5c\u8247\uff1b\u88c5\u8f7d\u6838\u70b8\u5f39\u4e0e\u6838\u5de1\u822a\u5bfc\u5f39\u7684\u6218\u7565\u8f70\u70b8\u673a\uff09\u5f97\u5230\u8fc5\u901f\u53d1\u5c55\u3002", "events": [], "arguments": {"loc": [], "time": [], "country": [], "weapon": []}}, {"sentence": "\u56fd\u5916\u5a92\u4f53\u516c\u8ba4\uff0c\u867d\u7136\u4fc4\u4e09\u4f4d\u4e00\u4f53\u6838\u6253\u51fb\u529b\u91cf\u548c\u7f8e\u56fd\u6bd4\u8fd8\u6709\u5dee\u8ddd\uff0c\u4f46\u5df2\u53ef\u4e0e\u7f8e\u56fd\u76f8\u6297\u8861\u3002", "events": [], "arguments": {"loc": [], "time": [], "country": [], "weapon": []}}, {"sentence": "2017\u5e74\uff0c\u4fc4\u7f57\u65af\u548c\u5317\u7ea6\u53cc\u65b9\u90fd\u4e3e\u884c\u4e86\u6838\u6253\u51fb\u529b\u91cf\u7684\u6f14\u4e60\u3002", "events": [], "arguments": {"loc": [], "time": [], "country": [], "weapon": []}}, {"sentence": "2017\u5e7410\u6708\u5317\u7ea6\u4e3e\u884c\u4ee3\u53f7\"\u73af\u7403\u96f7\u9706\"\u548c \"\u575a\u5b9a\u6b63\u5348\"\u7684\u6838\u529b\u91cf\u6f14\u4e60\u3002", "events": [], "arguments": {"loc": [], "time": [], "country": [], "weapon": []}}, {"sentence": "\u6f14\u4e60\u5185\u5bb9\u4e4b\u4e00\u662f\u4f7f\u7528\u98de\u673a\u8fd0\u9001B16\u6218\u672f\u6838\u70b8\u5f39\u3002", "events": [], "arguments": {"loc": [], "time": [], "country": [], "weapon": []}}, {"sentence": "\u4f5c\u4e3a\u56de\u5e94\uff0c2019\u5e74\u4fc4\u7f57\u65af\u4e3e\u884c\"\u96f7\u97062019\u6218\u7565\u6838\u529b\u91cf\u6f14\u4e60\"\u3002", "events": [], "arguments": {"loc": [], "time": [], "country": [], "weapon": []}}, {"sentence": "\u6b64\u6b21\u6f14\u4e60\u903c\u771f\u5730\u6a21\u62df\u4e86\u6838\u6218\u4e89\u7684\u5168\u8fc7\u7a0b\u3002", "events": [], "arguments": {"loc": [], "time": [], "country": [], "weapon": []}}, {"sentence": "\u4e0d\u8fc7\u90a3\u4e00\u5e74\uff0c\u53732017\u5e74\u5373\u7b2c\u4e94\u7248\u300a\u519b\u4e8b\u5b66\u8bf4\u300b\u5bf9\u6838\u904f\u5236\u7684\u8868\u8ff0\u5e76\u65e0\u6839\u672c\u53d8\u5316\u3002", "events": [], "arguments": {"loc": [], "time": [], "country": [], "weapon": []}}, {"sentence": "\u4e8c\u3001\t\u7279\u6717\u666e\u4e0a\u53f0\u540e\u7f8e\u4fc4\u53cc\u65b9\u5bf9\u6838\u5a01\u80c1\u653f\u7b56\u7684\u5927\u8c03\u6574", "events": [], "arguments": {"loc": [], "time": [], "country": [], "weapon": []}}, {"sentence": "\u7279\u6717\u666e\u4e0a\u53f0\u540e\uff0c2018\u5e742\u6708\u53d1\u8868\u4e86\u4ed6\u7684 \"\u6838\u6001\u52bf\u8bc4\u4f30\u62a5\u544a\"\u3002", "events": [], "arguments": {"loc": [], "time": [], "country": [], "weapon": []}}, {"sentence": "\u62a5\u544a\u63d0\u51fa\uff0c\u4e00\u8981\u5927\u529b\u53d1\u5c55\u6218\u672f\u6838\u6b66\u5668\uff0c\u4e8c\u8981\u964d\u4f4e\u6838\u6b66\u5668\u4f7f\u7528\u95e8\u69db\u3002", "events": [], "arguments": {"loc": [], "time": [], "country": [], "weapon": []}}, {"sentence": "\u7f8e\u56fd\u8ba4\u4e3a\uff0c\u5c3d\u7ba1\u7f8e\u4fc4\u6838\u6b66\u5668\u6570\u91cf\u5f88\u6700\u8fd1\uff0c\u4f46\u4fc4\u7f57\u65af\u7684\u4f4e\u5f53\u91cf\u6838\u5f39\u65e0\u8bba\u662f\u6280\u672f\u8fd8\u662f\u6570\u91cf\u8fdc\u4e0d\u53ca\u7f8e\u56fd\u3002", "events": [], "arguments": {"loc": [], "time": [], "country": [], "weapon": []}}, {"sentence": "\u7f8e\u56fd\u73b0\u5f79\u88c5\u5907\u6709\u5927\u91cf\u7684\u4e94\u5343\u5230\u4e00\u4e07\u5428\u4f4e\u5f53\u91cf\u6838\u5f39\u3002", "events": [], "arguments": {"loc": [], "time": [], "country": [], "weapon": []}}, {"sentence": "\u7279\u6717\u666e\u63d0\u51fa\u65b0\u6838\u653f\u7b56\u540e\uff0c\u7f8e\u56fd\u56fd\u5bb6\u6838\u6b66\u5668\u59d4\u5458\u4f1a\u7acb\u523b\u884c\u52a8\uff0c2018\u5e746\u6708\u5c31\u6279\u51c6\u6d77\u57fa\u4f4e\u5f53\u91cf\u6838\u6b66\u5668\u7814\u5236\u65b9\u6848\uff0c\u8ba1\u5212\u6539\u88c5\u4fc4\u4ea5\u4fc4\u7ea7\u6838\u6f5c\u8247\u7684\"\u4e09\u53c9\u621f\u6f5c\u5c04\u5f39\u9053\u5bfc\u5f39\u7684W76\u6838\u5f39\u5934\uff0c\u5c06\u5176\u7206\u70b8\u5f53\u91cf\u5c06\u7531\u539f\u6765\u768410\u4e07\u5428\u5f53\u91cf\u964d\u4f4e\u4e3a6\uff5e7\u5343\u5428\u5f53\u91cf\u3002", "events": [], "arguments": {"loc": [], "time": [], "country": [], "weapon": []}}, {"sentence": "\u65b0\u5f39\u5934\u4ee3\u53f7\u4e3aW76-2\u3002", "events": [], "arguments": {"loc": [], "time": [], "country": [], "weapon": []}}, {"sentence": "\u6b64\u4e3e\u5f88\u5feb\u906d\u5230\u56fd\u5185\u5916\u6050\u614c\u548c\u53cd\u5bf9\u3002", "events": [], "arguments": {"loc": [], "time": [], "country": [], "weapon": []}}, {"sentence": "\u56e0\u4e3a\u4f4e\u5f53\u91cf\u6f5c\u5c04\u5f39\u9053\u5bfc\u5f39\u540c\u6837\u53ef\u5bf9\u5168\u7403100\u591a\u4e2a\u57ce\u5e02\u5b9e\u65bd\u6253\u51fb\uff08\u4fc4\u4ea5\u4fc4\u7ea7\u6f5c\u8247\u4e00\u6b21\u53ef\u9f50\u5c0424\u53d1\u5f39\u9053\u5bfc\u5f39\uff0c\u6bcf\u679a\u5bfc\u5f39\u53ef\u5206\u5bfc8\u4e2a\u6838\u5f39\u5934\uff1b\u4e5f\u5373\u4e00\u6b21\u53ef\u6253\u51fb192\u5ea7\u57ce\u5e02\uff09\uff0c\u6838\u6218\u7684\u5371\u673a\u5927\u5927\u589e\u52a0\u3002", "events": [], "arguments": {"loc": [], "time": [], "country": [], "weapon": []}}, {"sentence": "\u7279\u6717\u666e\u8fd8\u6279\u51c6\u5e76\u50ac\u4fc3\u52a0\u5feb\u7f8e\u56fd \"\u5168\u7403\u5373\u65f6\u6253\u51fb\"\u6b66\u5668\u7684\u7814\u5236\uff0c\u548c17\u500d\u97f3\u901f\u7684\u9ad8\u8d85\u97f3\u901f\u5bfc\u5f39\u7684\u7814\u5236\u3002", "events": [], "arguments": {"loc": [], "time": [], "country": [], "weapon": []}}, {"sentence": "\u8fd9\u4e9b\u6b66\u5668\u4e00\u65e6\u7814\u53d1\u6210\u529f\u5e76\u4e0e\u4f4e\u5f53\u91cf\u6838\u5f39\u5934\u7ed3\u5408\uff0c\u5c06\u662f\u7f8e\u56fd\u653f\u5ba2\u4eec\u5fc3\u76ee\u4e2d\u7684\"\u7ec8\u6781\u6b66\u5668\"\u3002", "events": [], "arguments": {"loc": [], "time": [], "country": [], "weapon": []}}, {"sentence": "\u800c\u4f5c\u4e3a\u9632\u5fa1\u7684\u4e00\u65b9\uff0c\u5e76\u4e0d\u77e5\u9053\u8fd9\u4e2a\u5bfc\u5f39\u91cc\u88c5\u7684\u662f\u4f4e\u5f53\u91cf\u7684\u5e38\u89c4\u5f39\u5934\u8fd8\u662f\u6838\u5f39\u5934\u3002", "events": [], "arguments": {"loc": [], "time": [], "country": [], "weapon": []}}, {"sentence": "\u6781\u53ef\u80fd\u8bf1\u53d1\u5bf9\u65b9\u4f7f\u7528\u6218\u7565\u6838\u6b66\u5668\u8fdb\u884c\u8fd8\u51fb\u3002", "events": [], "arguments": {"loc": [], "time": [], "country": [], "weapon": []}}, {"sentence": "\u8fd9\u79cd\u8bef\u5224\u98ce\u9669\uff0c\u5c06\u53ef\u80fd\u4f7f\u6838\u51b2\u7a81\u6f14\u53d8\u4e3a\u5168\u9762\u6838\u5927\u6218\u3002", "events": [], "arguments": {"loc": [], "time": [], "country": [], "weapon": []}}, {"sentence": "2019\u5e744\u67081\u65e5\u7f8e\u56fd\u9632\u90e8\u53d1\u5e03\u6700\u65b0\u7684\u300a\u7f8e\u56fd\u6838\u5a01\u80c1\u653f\u7b56\u300b\uff0c\u518d\u6b21\u91cd\u7533\u7528\u4e09\u4f4d\u4e00\u4f53\u7684\u6838\u5a01\u80c1\u6765\u904f\u5236\u4e2d\u4fc4\u3002", "events": [], "arguments": {"loc": [], "time": [], "country": [], "weapon": []}}, {"sentence": "\u5e76\u4e14\u5927\u8c08\u4e0d\u9996\u5148\u4f7f\u7528\u6838\u6b66\u5668\u7684\u5371\u5bb3\u3002", "events": [], "arguments": {"loc": [], "time": [], "country": [], "weapon": []}}, {"sentence": "\u6240\u4ee5\u8feb\u4f7f\u4fc4\u7f57\u65af\u9886\u5bfc\u4eba\u8ba4\u4e3a\uff0c\u5fc5\u987b\u91cd\u65b0\u5ba1\u5b9a\u548c\u653e\u5bbd\u4f7f\u7528\u6838\u6b66\u5668\u7684\u6761\u4ef6\u3002", "events": [], "arguments": {"loc": [], "time": [], "country": [], "weapon": []}}, {"sentence": "\u4eca\u5e746\u67082\u65e5\u4fc4\u603b\u7edf\u666e\u4eac\u6b63\u5f0f\u7b7e\u7f72\u4e86\u6700\u65b0\u7684\"\u4fc4\u7f57\u65af\u6838\u5a01\u6151\u56fd\u5bb6\u57fa\u672c\u653f\u7b56\"\u3002", "events": [], "arguments": {"loc": [], "time": [], "country": [], "weapon": []}}, {"sentence": "\u662f\u4fc4\u6838\u5a01\u6151\u653f\u7b56\u4e00\u6b21\u91cd\u5927\u8c03\u6574\u3002", "events": [], "arguments": {"loc": [], "time": [], "country": [], "weapon": []}}, {"sentence": "\u8be5\u6587\u4ef6\u5bf9\u4fc4\u6838\u6253\u51fb\u4ee5\u53ca\u6838\u62a5\u590d\u7684\u4f7f\u7528\u6761\u4ef6\u4f5c\u4e86\u65b0\u7684\u5b9a\u4e49\uff0c\u5176\u4e2d\u89c4\u5b9a\u4fc4\u7f57\u65af\u4f7f\u7528\u6838\u6b66\u5668\u7684\u6761\u4ef6\u5305\u62ec\uff1a\uff081\uff09\u83b7\u6089\u5f39\u9053\u5bfc\u5f39\u653b\u51fb\u4fc4\u7f57\u65af\u53ca\u5176\u76df\u53cb\u9886\u571f\u7684\u53ef\u9760\u4fe1\u606f\uff1b\uff082\uff09\u654c\u65b9\u4f7f\u7528\u6838\u6b66\u5668\u6216\u5176\u4ed6\u5927\u89c4\u6a21\u6740\u4f24\u6027\u6b66\u5668\u653b\u51fb\u4fc4\u7f57\u65af\u53ca\u5176\u76df\u53cb\u9886\u571f\uff1b\uff083\uff09\u654c\u65b9\u653b\u51fb\u4fc4\u7f57\u65af\u91cd\u8981\u56fd\u5bb6\u6216\u519b\u4e8b\u8bbe\u65bd\uff0c\u5bfc\u81f4\u8fd9\u4e9b\u8bbe\u65bd\u65e0\u6cd5\u8fd0\u884c\uff0c\u4f7f\u4fc4\u7f57\u65af\u6838\u529b\u91cf\u54cd\u5e94\u4e2d\u65ad\uff1b\uff084\uff09\u4fc4\u7f57\u65af\u906d\u53d7\u5e38\u89c4\u6b66\u5668\u4fb5\u7565\u5bfc\u81f4\u4fc4\u7f57\u65af\u751f\u5b58\u53d7\u5230\u5a01\u80c1\u3002", "events": [], "arguments": {"loc": [], "time": [], "country": [], "weapon": []}}, {"sentence": "\u65b0\u7248\u6838\u5a01\u6151\u653f\u7b56\u660e\u663e\u5730\u653e\u5bbd\u4e86\u4f7f\u7528\u6838\u6b66\u5668\u7684\u6761\u4ef6\u3002", "events": [], "arguments": {"loc": [], "time": [], "country": [], "weapon": []}}, {"sentence": "\u7531\u6b64\u53ef\u89c1\u4fc4\u7f57\u65af\u7684\u56fd\u5bb6\u6838\u5a01\u6151\u653f\u7b56\u603b\u7684\u8d8b\u52bf\u662f\uff1a\uff081\uff09\u5a01\u6151\u8303\u56f4\u4e0d\u65ad\u6269\u5927\uff1b\uff082\uff09\u5a01\u6151\u624b\u6bb5\u7279\u522b\u5f3a\u8c03\u4e09\u4f4d\u4e00\u4f53\u6838\u6253\u51fb\u529b\u91cf\uff1b\uff083\uff09\"\u5148\u53d1\u5236\u4eba\"\u4f7f\u7528\u6838\u6b66\u5668\u7684\u95e8\u69db\u4e0d\u65ad\u964d\u4f4e\uff1b\uff084\uff09\u6838\u5a01\u6151\u653f\u7b56\u59cb\u7ec8\u516c\u5f00\u900f\u660e\uff0c\u4f7f\u5168\u4e16\u754c\u4eba\u6c11\u90fd\u77e5\u9053\u4e8b\u60c5\u7684\u771f\u76f8\u548c\u4fc4\u7f57\u65af\u51b3\u5fc3\u3002", "events": [], "arguments": {"loc": [], "time": [], "country": [], "weapon": []}}, {"sentence": "2019\u5e742\u6708\u666e\u4eac\u63a5\u89c1\u8bb0\u8005\u65f6\u8bf4\uff1a\"\u4fc4\u7f57\u65af\u90fd\u6ca1\u6709\u4e86\uff0c\u8fd8\u8981\u4e16\u754c\u5e72\u4ec0\u4e48!\"\u8fd9\u4e0d\u4ec5\u663e\u793a\u666e\u4eac\u4e2a\u4eba\u7684\u9738\u6c14\u3001\u9b44\u529b\u548c\u7231\u56fd\u4e3b\u4e49\u7cbe\u795e\uff0c\u4e3b\u8981\u662f\u666e\u4eac\u4ee3\u8868\u4fc4\u7f57\u65af\u53d1\u51fa\u8b66\u544a\uff1a\u8c01\u8981\u628a\u4fc4\u903c\u8fd1\u7edd\u5883\uff0c\u4fc4\u6709\u53ef\u80fd\u7528\u6838\u6b66\u8ddf\u5730\u7403\u540c\u5f52\u4e8e\u5c3d\u3002", "events": [], "arguments": {"loc": [], "time": [], "country": [], "weapon": []}}, {"sentence": "\u4e09\u3001\t\u4fc4\u591a\u6b21\u4e3e\u884c\u4e09\u4f4d\u4e00\u4f53\u6838\u6253\u51fb\u529b\u91cf\u7684\u5b9e\u6218\u6f14\u4e60\u6765\u4f53\u73b0\u5176\u6838\u5a01\u6151", "events": [], "arguments": {"loc": [], "time": [], "country": [], "weapon": []}}, {"sentence": "\u56fd\u5916\u519b\u4e8b\u4e13\u5bb6\u516c\u8ba4\uff0c\u4e00\u4e2a\u56fd\u5bb6\u62e5\u6709\u4e09\u4f4d\u4e00\u4f53\u6838\u6253\u51fb\u80fd\u529b\u65f6\u624d\u7b49\u540c\u4e8e\u5177\u6709\u5168\u9762\u6838\u5a01\u6151\u80fd\u529b\u3002", "events": [], "arguments": {"loc": [], "time": [], "country": [], "weapon": []}}, {"sentence": "\u56e0\u4e3a\u8fd9\u4e09\u79cd\u6838\u6253\u51fb\u80fd\u529b\u4e0d\u53ef\u80fd\u88ab\u654c\u56fd\u4f7f\u7528\u6838\u6b66\u5668\u5728\u540c\u4e00\u65f6\u95f4\u6467\u6bc1\uff0c\u8fd9\u6837\u5373\u4f7f\u654c\u56fd\u5148\u53d1\u52a8\u6838\u6253\u51fb\uff0c\u4f7f\u672c\u56fd\u627f\u53d7\u7b2c\u4e00\u6ce2\u6838\u6253\u51fb\uff0c\u4ecd\u5177\u5907\u6838\u53cd\u51fb\u7684\u80fd\u529b\u3002", "events": [], "arguments": {"loc": [], "time": [], "country": [], "weapon": []}}, {"sentence": "\u6240\u4ee5\u5c3d\u7ba1\u4fc4\u7f57\u65af\u7ecf\u6d4e\u4e0d\u666f\u6c14\uff0c\u4f46\u666e\u4eac\u4e0a\u53f0\u540e\u4ecd\u82b1\u5927\u529b\u6c14\u53d1\u5c55\u4e09\u4f4d\u4e00\u4f53\u7684\u6838\u6253\u51fb\u529b\u91cf\uff0c\u5e76\u9887\u89c1\u6210\u6548\u3002", "events": [], "arguments": {"loc": [], "time": [], "country": [], "weapon": []}}, {"sentence": "\u8fd9\u4e09\u79cd\u6838\u6253\u51fb\u80fd\u529b\u5404\u6709\u6240\u957f\u3002", "events": [], "arguments": {"loc": [], "time": [], "country": [], "weapon": []}}, {"sentence": "\u4f8b\u5982\u9646\u57fa\u6d32\u9645\u5f39\u9053\u5bfc\u5f39\uff0c\u547d\u4e2d\u76ee\u6807\u7cbe\u5ea6\u9ad8\uff0c\u5a01\u529b\u5927\uff0c\"\u5148\u53d1\u5236\u4eba\"\u65f6\u662f\u4e2a\u7406\u60f3\u9009\u62e9\u3002", "events": [], "arguments": {"loc": [], "time": [], "country": [], "weapon": []}}, {"sentence": "\u53c8\u5982\u6d77\u57fa\u6838\u6f5c\u8247\uff0c\u7531\u4e8e\u5e73\u65f6\u9690\u853d\u5728\u832b\u832b\u5927\u6d77\u4e2d\uff0c\u5bb9\u6613\u8eb2\u8fc7\u654c\u65b9\u7b2c\u4e00\u6ce2\u6838\u6253\u51fb\uff0c\u7136\u540e\u7ed9\u654c\u65b9\u81f4\u547d\u6838\u8fd8\u51fb\u3002", "events": [], "arguments": {"loc": [], "time": [], "country": [], "weapon": []}}, {"sentence": "\u3002", "events": [], "arguments": {"loc": [], "time": [], "country": [], "weapon": []}}, {"sentence": "\u81f3\u4e8e\u6218\u7565\u8f70\u70b8\u673a\uff0c\u5177\u6709\u6d32\u9645\u98de\u822a\uff0c\u8fdc\u7a0b\u53d1\u5c04\u6838\u5de1\u822a\u5bfc\u5f39\u7684\u80fd\u529b\uff0c\u5728\u7d27\u5f20\u5f62\u52bf\u4e0b\u53ef\u5728\u7a7a\u4e2d\u5f85\u547d\uff0c\u7075\u6d3b\u6027\u5f3a\uff0c\u800c\u4e14\u517c\u5177\u6838\u6218\u548c\u5e38\u89c4\u6218\u4e89\u7684\u80fd\u529b\u3002", "events": [], "arguments": {"loc": [], "time": [], "country": [], "weapon": []}}, {"sentence": "\u666e\u4eac\u6709\u53e5\u540d\u8a00\uff1a\"\u6297\u8bae1000\u6b21\uff0c\u4e0d\u5982\u6211\u7684\u6218\u7565\u8f70\u70b8\u673a\u7684\u7fc5\u8180\u717d\u52a8\u4e00\u6b21\"\u3002", "events": [], "arguments": {"loc": [], "time": [], "country": [], "weapon": []}}, {"sentence": "\u6709\u4e86\u5b9e\u529b\u4f7f\u666e\u4eac\u8bf4\u8bdd\u6709\u4e86\u5e95\u6c14\u3002", "events": [], "arguments": {"loc": [], "time": [], "country": [], "weapon": []}}, {"sentence": "\u4fc4\u7f57\u65af\u4e8e2004\u5e742\u6708\u9996\u6b21\u4e3e\u884c\u4e86 \"\u5b89\u5168-2004\u6838\u5b9e\u6218\u6f14\u4e60\"\u3002", "events": [], "arguments": {"loc": [], "time": [], "country": [], "weapon": []}}, {"sentence": "\u6b64\u540e\u5728\u6bcf\u5e74\u6f14\u4e60\u4e2d\u90fd\u8981\u6709\u6838\u5b9e\u6218\u6f14\u4e60\u7684\u9879\u76ee\u3002", "events": [], "arguments": {"loc": [], "time": [], "country": [], "weapon": []}}, {"sentence": "\u6bcf\u6b21\u6f14\u4e60\u90fd\u8981\u5f3a\u8c03\u6d4b\u8bd5\u4fc4\"\u4e09\u4f4d\u4e00\u4f53\u6838\u6253\u51fb\u529b\u91cf\"\u7684\u5b9e\u6218\u80fd\u529b\u3001\u89c4\u6a21\u8f83\u5927\u7684\u6838\u5b9e\u6218\u6f14\u4e60\u4e14\u6709\u666e\u4eac\u4eb2\u81ea\u53c2\u4e0e\u6216\u6307\u6325\u7684\uff0c\u96642004\u5e74\u90a3\u6b21\u5916\uff0c\u81f3\u5c11\u8fd8\u67092016\u5e74\u548c2019\u5e74\u4e8c\u6b21\u3002", "events": [], "arguments": {"loc": [], "time": [], "country": [], "weapon": []}}, {"sentence": "\u8fd9\u4e9b\u6f14\u4e60\u771f\u6b63\u8d77\u5230\u5411\u897f\u65b9\u663e\u793a\u4fc4\u6838\u6253\u51fb\u5b9e\u529b\u548c\u51b3\u5fc3\u7684\u4f5c\u7528\u3002", "events": [], "arguments": {"loc": [], "time": [], "country": [], "weapon": []}}, {"sentence": "\u897f\u65b9\u8ba4\u4e3a\uff0c\u672a\u6765\u7684\u6838\u6218\u6709\u4e09\u79cd\u6838\u6253\u51fb\u65b9\u5f0f\uff1a", "events": [], "arguments": {"loc": [], "time": [], "country": [], "weapon": []}}, {"sentence": "\uff081\uff09", "events": [], "arguments": {"loc": [], "time": [], "country": [], "weapon": []}}, {"sentence": "\t\u5148\u53d1\u5236\u4eba\u6838\u6253\u51fb\u80fd\u529b\uff1a\u53ef\u4ee5\u52a8\u7528\uff08\u4e09\u4f4d\u4e00\u4f53\u6838\u529b\u91cf\u4e2d\uff09\u4efb\u4f55\u4e00\u79cd\u6216\u591a\u79cd\u6218\u7565\u6838\u529b\u91cf\u3002", "events": [], "arguments": {"loc": [], "time": [], "country": [], "weapon": []}}, {"sentence": "\uff082\uff09", "events": [], "arguments": {"loc": [], "time": [], "country": [], "weapon": []}}, {"sentence": "\t\u8fd8\u51fb-\u8fce\u51fb\u6838\u6253\u51fb\u80fd\u529b\uff1a\u662f\u6307\u654c\u6838\u6b66\u5668\u5df2\u7ecf\u53d1\u5c04\u5347\u7a7a\uff0c\u4e14\u76ee\u6807\u662f\u9488\u5bf9\u4fc4\u6216\u5176\u76df\u56fd\uff0c\u5728\u5176\u5f39\u5934\u5230\u8fbe\u4fc4\u9886\u571f\u4e4b\u524d\uff0c\u8fd0\u7528\u6838\u529b\u91cf\u8fdb\u884c\u8fce\u51fb\u548c\u8fd8\u51fb\u3002", "events": [], "arguments": {"loc": [], "time": [], "country": [], "weapon": []}}, {"sentence": "\uff083\uff09", "events": [], "arguments": {"loc": [], "time": [], "country": [], "weapon": []}}, {"sentence": "\t\u8fd8\u51fb\u6838\u6253\u51fb\u80fd\u529b\u3002", "events": [], "arguments": {"loc": [], "time": [], "country": [], "weapon": []}}, {"sentence": "\u4fc4\u519b\u4e8b\u4e13\u5bb6\u8ba4\u4e3a\uff0c\u540e\u4e8c\u79cd\u80fd\u529b\u7684\u60c5\u51b5\u5dee\u4e0d\u591a\u3002", "events": [], "arguments": {"loc": [], "time": [], "country": [], "weapon": []}}, {"sentence": "\u5b9e\u9645\u4e0a\u53ea\u6709\u4e8c\u79cd\u6838\u6253\u51fb\u65b9\u5f0f\uff1a\u4e00\u662f\u5148\u53d1\u5236\u4eba\u7684\u6838\u7a81\u51fb\u3002", "events": [], "arguments": {"loc": [], "time": [], "country": [], "weapon": []}}, {"sentence": "\u662f\u6307\u654c\u65b9\u5bf9\u4fc4\u6838\u6253\u51fb\u5df2\u660e\u663e\u4e0d\u53ef\u9006\u8f6c\uff1b\u6216\u8005\u6240\u6709\u5176\u4ed6\u63aa\u65bd\u90fd\u4e0d\u80fd\u5e94\u5bf9\u65f6\uff0c\u5728\u654c\u53d1\u5c04\u5bfc\u5f39\u524d\u5c31\u5b9e\u65bd\u5bf9\u4ed6\u6838\u6253\u51fb\u3002", "events": [], "arguments": {"loc": [], "time": [], "country": [], "weapon": []}}, {"sentence": "\u4e8c\u662f\u6df1\u5ea6\u8fd8\u51fb\u3002", "events": [], "arguments": {"loc": [], "time": [], "country": [], "weapon": []}}, {"sentence": "\u662f\u6307\u654c\u65b9\u9996\u6b21\u6838\u7a81\u51fb\u5df2\u7ecf\u8fbe\u5230\u4fc4\u9886\u571f\uff0c\u4fc4\u7684\u6218\u7565\u6838\u529b\u91cf\u5bf9\u654c\u8fdb\u884c\u6bc1\u706d\u6027\u6838\u62a5\u590d\u3002", "events": [], "arguments": {"loc": [], "time": [], "country": [], "weapon": []}}, {"sentence": "\u666e\u4eac\u4eb2\u81ea\u53c2\u52a0\u4e86\u7b2c\u4e00\u6b21\"\u5b89\u5168-2004\u6838\u5b9e\u6218\u6f14\u4e60\"\uff1b\u4ed6\u5f3a\u8c03\uff1a\u4fc4\u6838\u6253\u51fb\u529b\u91cf\u5fc5\u987b\u4e3a\"\u5148\u53d1\u5236\u4eba\"\u505a\u597d\u51c6\u5907\u3002", "events": [], "arguments": {"loc": [], "time": [], "country": [], "weapon": []}}, {"sentence": "\u56e0\u6b64\u4fc4\u519b\u6f14\u4e60\u4ece\u4e00\u5f00\u59cb\u5c31\u4f53\u73b0\u4fa7\u91cd\u4e8e\"\u5148\u53d1\u5236\u4eba\"\u3002", "events": [], "arguments": {"loc": [], "time": [], "country": [], "weapon": []}}, {"sentence": "\u6240\u4ee5\u5230\u4e862006\u5e74\u90a3\u6b21\u6838\u6f14\u4e60\uff0c\u9664\u4e86\u6ca1\u6709\u88c5\u6838\u5f39\u5934\u5916\uff0c\u65e0\u8bba\u89c4\u6a21\u8fd8\u662f\u5a01\u6151\u7a0b\u5ea6\u90fd\u5b8c\u5168\u548c\u5b9e\u6218\u60c5\u51b5\u76f8\u540c\u3002", "events": [], "arguments": {"loc": [], "time": [], "country": [], "weapon": []}}, {"sentence": "\u6f14\u4e60\u4e2d\u4ece\u9884\u8b66\"\u6218\u7565\u5a01\u80c1\"\uff0c\u5230\u4e0a\u62a5\u666e\u4eac\u603b\u7edf\uff0c\u5230\u666e\u4eac\u4e0b\u8fbe\u547d\u4ee4\uff1b\u786e\u4fdd\u6bcf\u4e00\u53d1\u6838\u5f39\u90fd\u662f\u7531\u603b\u7edf\u51b3\u7b56\u3002", "events": [], "arguments": {"loc": [], "time": [], "country": [], "weapon": []}}, {"sentence": "\u4fc4\u7f57\u65af\u771f\u5200\u771f\u67aa\u7684\u6838\u5b9e\u6218\u6f14\u4e60\uff0c\u786e\u5b9e\u8d77\u5230\"\u5a01\u6151\"\uff0c\"\u5413\u963b\"\u4f5c\u7528\u3002", "events": [], "arguments": {"loc": [], "time": [], "country": [], "weapon": []}}, {"sentence": "\u56db\u3001\u4fc4\u7f57\u65af\u91cd\u65b0\u5f3a\u8c03\u53cd\u5bfc\u6b66\u5668\u5728\u6838\u6253\u51fb\u4e2d\u7684\u91cd\u8981\u4f5c\u7528", "events": [], "arguments": {"loc": [], "time": [], "country": [], "weapon": []}}, {"sentence": "\u51b7\u6218\u65f6\u671f\u82cf\u8054\u548c\u7f8e\u56fd\u4e00\u6837\u5c06\u6838\u6b66\u5668\u548c\u53cd\u5bfc\u6b66\u5668\u89c6\u4e3a\u6218\u7565\u6027\u6b66\u5668\u3002", "events": [], "arguments": {"loc": [], "time": [], "country": [], "weapon": []}}, {"sentence": "\u82cf\u8054\u89e3\u4f53\u540e\u4fc4\u4e3b\u8981\u4f9d\u8d56\u4e8e\u6838\u5a01\u80c1\u4e0e\u7f8e\u56fd\u6297\u8861\uff0c\u65e0\u529b\u4e0e\u7f8e\u56fd\u5728\u53cd\u5bfc\u65b9\u9762\u7ade\u4e89\uff1b\u4e5f\u65e0\u529b\u4e3a\u4fc4\u7f57\u65af\u5168\u5883\u63d0\u4f9b\u6838\u4fdd\u62a4\u4f1e\uff0c\u4f46\u4fdd\u62a4\u91cd\u70b9\u76ee\u6807\u8fd8\u662f\u53ef\u4ee5\u7684\u3002", "events": [], "arguments": {"loc": [], "time": [], "country": [], "weapon": []}}, {"sentence": "\u901a\u8fc7\u5b9e\u8df5\uff0c\u4fc4\u9ad8\u5c42\u548c\u519b\u65b9\u90fd\u8ba4\u8bc6\u5230\uff0c\u53cd\u5bfc\u7cfb\u7edf\u4ecd\u5728\u6838\u5a01\u6444\u4e2d\u8d77\u5230\u91cd\u8981\u548c\u4e0d\u53ef\u66ff\u4ee3\u7684\u4f5c\u7528\u3002", "events": [], "arguments": {"loc": [], "time": [], "country": [], "weapon": []}}, {"sentence": "\u8fd9\u5728\u4fc4\u7f57\u65af\u53e6\u4e00\u91cd\u8981\u56fd\u5bb6\u519b\u4e8b\u6587\u4ef62006\u5e74\u7248\u7684\u300a\u7a7a\u5929\u9632\u5fa1\u6784\u60f3\u300b", "events": [], "arguments": {"loc": [], "time": [], "country": [], "weapon": []}}, {"sentence": "\u4e2d\u5f97\u5230\u660e\u786e\u89c4\u5b9a\uff1a\u53cd\u5bfc\u7cfb\u7edf\u4f18\u5148\u4fdd\u536b\u76ee\u6807\u662f\u56fd\u5bb6\u7684\u6838\u6253\u51fb\u529b\u91cf\u4ee5\u53ca\u5176\u6307\u6325\u7cfb\u7edf\u3002", "events": [], "arguments": {"loc": [], "time": [], "country": [], "weapon": []}}, {"sentence": "\u3002", "events": [], "arguments": {"loc": [], "time": [], "country": [], "weapon": []}}, {"sentence": "\u4fdd\u62a4\u5b83\u4eec\u4e0d\u53d7\u654c\u65b9\u6838\u6b66\u5668\u7684\u6253\u51fb\uff1b\u786e\u4fdd\u5b83\u4eec\u4e0d\u7ba1\u91c7\u7528\u4f55\u79cd\u6838\u6253\u51fb\u65b9\u5f0f\u6253\u51fb\u654c\u4eba\uff0c\u90fd\u80fd\u6b63\u5e38\u53d1\u6325\u5176\u6838\u6253\u51fb\u80fd\u529b\u3002", "events": [], "arguments": {"loc": [], "time": [], "country": [], "weapon": []}}, {"sentence": "\u524d\u9762\u63d0\u5230\uff0c\u91c7\u53d6\u5148\u53d1\u5236\u4eba\u6838\u6253\u51fb\u7684\u524d\u63d0\u662f\uff1a\u6307\u6325\u51b3\u7b56\u90e8\u4eec\u5df2\u7ecf\u83b7\u5f97\u660e\u786e\u60c5\u62a5\uff1a\u654c\u65b9\u5bf9\u4fc4\u6838\u6253\u51fb\u5df2\u660e\u663e\u4e0d\u53ef\u9006\u8f6c", "events": [], "arguments": {"loc": [], "time": [], "country": [], "weapon": []}}, {"sentence": "\uff1b\u6216\u8005\u6240\u6709\u5176\u4ed6\u63aa\u65bd\u90fd\u4e0d\u80fd\u5e94\u5bf9\u3002", "events": [], "arguments": {"loc": [], "time": [], "country": [], "weapon": []}}, {"sentence": "\u90a3\u4e48\u8fd9\u4e2a\u60c5\u62a5\u4ece\u54ea\u513f\u6765\uff1f", "events": [], "arguments": {"loc": [], "time": [], "country": [], "weapon": []}}, {"sentence": "\u6700\u76f4\u63a5\u548c\u6709\u6548\u7684\u9996\u5148\u662f\u5929\u57fa\u4fa6\u67e5\u536b\u661f\uff0c\u4e5f\u5373\u53cd\u5bfc\u7cfb\u7edf\u4e2d\u7684\u9884\u8b66\u536b\u661f\uff1b\u5b83\u4eec\u65f6\u65f6\u523b\u523b\u7aa5\u89c6\u548c\u8b66\u60d5\u5bf9\u65b9\u9776\u573a\u7684\u52a8\u5411\u3002", "events": [], "arguments": {"loc": [], "time": [], "country": [], "weapon": []}}, {"sentence": "\u4e8c\u662f\u53cd\u5bfc\u7cfb\u7edf\u7684\u6218\u7565\u9884\u8b66\u96f7\u8fbe\uff0c\u4f8b\u5982\u4fc4\u7f57\u65af\u7684\u6c83\u7f57\u6d85\u65e5\u9884\u8b66\u96f7\u8fbe\u7f51\u7b49\uff1b\u4ed6\u4eec\u65f6\u523b\u8b66\u60d5\u524d\u65b9\u7684\u654c\u519b\u6d3b\u52a8\u3002", "events": [], "arguments": {"loc": [], "time": [], "country": [], "weapon": []}}, {"sentence": "\u81f3\u4e8e\u6df1\u5ea6\u56de\u51fb\u65b9\u5f0f\uff0c\u53cd\u5bfc\u7cfb\u7edf\u5fc5\u987b\u4fdd\u8bc1\u6240\u4fdd\u536b\u7684\u6838\u6253\u51fb\u529b\u91cf\u80fd\u7ecf\u53d7\u4f4f\u5bf9\u65b9\u7b2c\u4e00\u6ce2\u6838\u6253\u51fb\uff0c\u7136\u540e\u518d\u7ec4\u7ec7\u53cd\u51fb\u3002", "events": [], "arguments": {"loc": [], "time": [], "country": [], "weapon": []}}, {"sentence": "\u6b64\u65f6\u8981\u6839\u636e\u53cd\u5bfc\u7cfb\u7edf\u6d4b\u5f97\u7684\u654c\u65b9\u4f4d\u7f6e\uff0c\u8fdb\u884c\u51c6\u786e\u7684\u6bc1\u706d\u6027\u6838\u62a5\u590d\u3002", "events": [], "arguments": {"loc": [], "time": [], "country": [], "weapon": []}}, {"sentence": "\u6240\u4ee5\u53cd\u5bfc\u7cfb\u7edf\u7684\u4f7f\u547d\uff0c\u4e0d\u4ec5\u4ec5\u662f\u4fdd\u536b\uff0c\u800c\u662f\u6838\u6218\u4e2d\u4e00\u4e2a\u4e3b\u8981\u60c5\u62a5\u4fe1\u606f\u6765\u6e90\u3002", "events": [], "arguments": {"loc": [], "time": [], "country": [], "weapon": []}}, {"sentence": "\u4e0d\u7ba1\u54ea\u79cd\u6838\u6253\u51fb\u65b9\u5f0f\u90fd\u79bb\u4e0d\u5f00\u5b83\u3002", "events": [], "arguments": {"loc": [], "time": [], "country": [], "weapon": []}}, {"sentence": "\u5728\u672a\u6765\u6838\u6218\u4e2d\u53cd\u5bfc\u7684\u4f5c\u7528\u662f\u65e0\u53ef\u66ff\u4ee3\u7684\u3002", "events": [], "arguments": {"loc": [], "time": [], "country": [], "weapon": []}}, {"sentence": "\u4e0a\u8ff0\u53cd\u5bfc\u7cfb\u7edf\u8fd9\u4e9b\u534f\u540c\u4f5c\u6218\u7684\u804c\u8d23\uff0c\u80fd\u5426\u5728\u771f\u5b9e\u6838\u6218\u4e2d\u51c6\u786e\u65e0\u8bef\u5730\u5b8c\u6210\uff0c\u5c31\u9700\u8981\u5728\u5e73\u65f6\u6838\u6218\u6f14\u7ec3\u4e2d\u8ba4\u771f\u8bad\u7ec3\u3002", "events": [], "arguments": {"loc": [], "time": [], "country": [], "weapon": []}}, {"sentence": "\u4fc4\u7f57\u65af\u5728\u8fd9\u65b9\u9762\u7ecf\u9a8c\u6559\u8bad\u4e5f\u662f\u4ece\u591a\u6b21\u6838\u6218\u6f14\u4e60\u4e2d\u603b\u7ed3\u51fa\u6765\u7684\u3002", "events": [], "arguments": {"loc": [], "time": [], "country": [], "weapon": []}}, {"sentence": "\u4fc42016\u5e74\u300a\u519b\u5de5\u4fe1\u4f7f\u300b\u62a5\u9053\uff0c\u6709\u968f\u519b\u8bb0\u8005\u5728\u4e00\u6b21\u6f14\u7ec3\u4e2d\u53d1\u73b0\uff0c\u4fc4\u67d0\u6218\u7565\u5bfc\u5f39\u5175\u7684\u79fb\u52a8\u5f0f\u5bfc\u5f39\u7cfb\u7edf\u56e0\"\u906d\u9047\u5a01\u80c1\"\uff0c\u81ea\u884c\u79bb\u5f00\u9635\u5730\u53bb\u53e6\u4e00\u79d8\u5bc6\u9635\u5730\u5de1\u903b\uff0c\u5bfc\u81f4\u4e0e\u4fdd\u62a4\u5b83\u7684\u53cd\u5bfc\u90e8\u961f\u76f8\u4e92\u8131\u79bb\u8fbe\u6570\u767e\u516c\u91cc\u3002", "events": [], "arguments": {"loc": [], "time": [], "country": [], "weapon": []}}, {"sentence": "\u8bb0\u8005\u53d1\u73b0\u95ee\u9898\u540e\u5411\u6709\u5173\u9886\u5bfc\u90e8\u95e8\u53cd\u6620\u3002", "events": [], "arguments": {"loc": [], "time": [], "country": [], "weapon": []}}, {"sentence": "\u636e\u8bf4\u5f97\u5230\u4fc4\u9ad8\u5c42\u7684\u91cd\u89c6\uff0c\u4e0d\u4ec5\u5bf9\u6709\u5173\u4eba\u5458\u8ffd\u7a76\u8d23\u4efb\uff0c\u5e76\u5bf9\u76f8\u5173\u6761\u6587\u4f5c\u4e86\u8fdb\u4e00\u6b65\u4fee\u6539\u3002", "events": [], "arguments": {"loc": [], "time": [], "country": [], "weapon": []}}, {"sentence": "\u6240\u4ee5\u53cd\u5bfc\u6b66\u5668\u7684\u4f53\u5236\u9996\u5148\u8981\u9002\u5e94\u6211\u65b9\u6838\u6b66\u5668\u7684\u6539\u8fdb\u548c\u53d8\u5316\u3002", "events": [], "arguments": {"loc": [], "time": [], "country": [], "weapon": []}}, {"sentence": "\u4fc4\u7f57\u65af\u5f53\u524d\u9646\u57fa\u6d32\u9645\u7684\u91cd\u70b9\u662f\u53d1\u5c55\u79fb\u52a8\u5f0f\uff0c\u5982\u4e9a\u5c14\u65af\u6d32\u9645\u5bfc\u5f39\u7b49\u3002", "events": [], "arguments": {"loc": [], "time": [], "country": [], "weapon": []}}, {"sentence": "\u53cd\u5bfc\u7cfb\u7edf\u4e5f\u5e94\u53d1\u5c55\u6210\u79fb\u52a8\u5f0f\u7684\u3002", "events": [], "arguments": {"loc": [], "time": [], "country": [], "weapon": []}}, {"sentence": "\u5982\u6218\u7565\u53cd\u5bfc\u7cfb\u7edfA-235\u3002", "events": [], "arguments": {"loc": [], "time": [], "country": [], "weapon": []}}, {"sentence": "\u5b83\u7684\u5bfc\u5f39\u53d1\u63a7\u7cfb\u7edf\u5c31\u505a\u6210\u8f66\u8f7d\u673a\u52a8\u5f0f\u7684\uff0c\u79f0\"\u52aa\u591a\u5229\"\u7cfb\u7edf\u3002", "events": [], "arguments": {"loc": [], "time": [], "country": [], "weapon": []}}, {"sentence": "2014\u5e7411\u6708\uff0c\"\u52aa\u591a\u5229\"\u7cfb\u7edf\u9996\u6b21\u7528\u673a\u52a8\u65b9\u5f0f\u53d1\u5c04\u4e86\u4e00\u679a\u53cd\u5bfc\u62e6\u622a\u5f39\uff0c\u6210\u529f\u62e6\u622a\u4e00\u679a\u536b\u661f\uff0c\u56e0\u800c\u540d\u58f0\u5927\u566a\u3002", "events": [], "arguments": {"loc": [], "time": [], "country": [], "weapon": []}}, {"sentence": "\u53cd\u5bfc\u6b66\u5668\u7684\u4f53\u5236\u4e5f\u8981\u9002\u5e94\u654c\u65b9\u6838\u6b66\u5668\u7684\u6539\u8fdb\u548c\u53d8\u5316\u3002", "events": [], "arguments": {"loc": [], "time": [], "country": [], "weapon": []}}, {"sentence": "\u8b6c\u5982\u5f53\u524d\u6838\u6b66\u5668\u8fd0\u8f7d\u5de5\u5177\uff0c\u9664\u8fdc\u7a0b\u5f39\u9053\u5bfc\u5f39\u5916\uff0c\u5de1\u822a\u5bfc\u5f39\u4e5f\u662f\u4e2a\u7406\u60f3\u7684\u9009\u62e9\u3002", "events": [], "arguments": {"loc": [], "time": [], "country": [], "weapon": []}}, {"sentence": "\u6838\u5de1\u822a\u5bfc\u5f39\u98de\u884c\u673a\u52a8\uff0c\u5c24\u5176\u80fd\u4f4e\u7a7a\u3001\u8d85\u4f4e\u7a7a\u98de\u884c\uff08\u8d34\u5730\u976210\u7c73\u4ee5\u4e0b\u9ad8\u5ea6\uff09\uff0c\u53ef\u4ee5\u907f\u5f00\u53cd\u5bfc\u96f7\u8fbe\u7684\u641c\u7d22\uff1b\u7a81\u9632\u80fd\u529b\u5f3a\u3002", "events": [], "arguments": {"loc": [], "time": [], "country": [], "weapon": []}}, {"sentence": "\u6240\u4ee5\u4fc4\u7f57\u65af\u4e13\u5bb6\u65e9\u5148\u5c31\u63d0\u51fa\"\u6784\u5efa\u4f4e\u7a7a\u96f7\u8fbe\u7f51\u9884\u8b66\u6838\u5de1\u822a\u5bfc\u5f39\u7684\u6253\u51fb\"\u7684\u5efa\u8bae\u3002", "events": [], "arguments": {"loc": [], "time": [], "country": [], "weapon": []}}, {"sentence": "\u5177\u4f53\u5efa\u8bae\u662f\u5728\u6218\u7565\u6838\u5f39\u53d1\u5c04\u4e95\u5468\u56f4\u5efa\u7acb\u4f4e\u7a7a\u96f7\u8fbe\u7f51\u3002", "events": [], "arguments": {"loc": [], "time": [], "country": [], "weapon": []}}, {"sentence": "\u5b9e\u9645\u4e0a\u4fc4\u7f57\u65af\u65b0\u7684S\u7cfb\u5217\u9632\u7a7a\u53cd\u5bfc\u7cfb\u7edf\u7684\u4f4e\u7a7a\u9632\u5fa1\u80fd\u529b\u662f\u5f88\u51fa\u8272\u7684\u3002", "events": [], "arguments": {"loc": [], "time": [], "country": [], "weapon": []}}, {"sentence": "\u5982S-400\u4f5c\u6218\u9ad8\u5ea6\u53ef\u4f4e\u81f35\u7c73\uff08\u8ddd\u79bb2.5km\u4ee5\u5916\uff09\u3002", "events": [], "arguments": {"loc": [], "time": [], "country": [], "weapon": []}}, {"sentence": "\u6b64\u5916\u4fc4\u7f57\u65af\u8457\u540d\u7684\u9053\u513f\u3001\u94e0\u7532\u7b49\u8fd1\u7a0b\u4f4e\u7a7a\u9632\u7a7a\u5bfc\u5f39\u8f66\uff0c\u90fd\u662f\u4fdd\u536b\u6838\u6b66\u5668\u7684\u91cd\u8981\u6b66\u5668\u88c5\u5907\u3002", "events": [], "arguments": {"loc": [], "time": [], "country": [], "weapon": []}}, {"sentence": "\u6700\u540e\u8bf4\u8bf4\u7f8e\u56fd\u6218\u7565\u53cd\u5bfc\u5927\u7cfb\u7edf\u7684\u524d\u666f\u3002", "events": [], "arguments": {"loc": [], "time": [], "country": [], "weapon": []}}, {"sentence": "\u5728\u5965\u5df4\u9a6c\u65f6\u671f\uff0c\u7f8e\u56fd\u6709\u4e9b\u4e13\u5bb6\u66fe\u8d28\u7591\u6218\u7565\u53cd\u5bfc\u7cfb\u7edf\u5728\u672a\u6765\u6838\u6218\u4e2d\u7684\u4f5c\u7528\u3002", "events": [], "arguments": {"loc": [], "time": [], "country": [], "weapon": []}}, {"sentence": "\u56e0\u636e\u516c\u5f00\u62a5\u9053\u622a\u6b622017\u5e74\u5e95\uff0cGBM\u53cd\u5bfc\u7cfb\u7edf\u7528GBI\u62e6\u622a\u5f39\u8fdb\u884c\u4e2d\u6bb5\u53cd\u5bfc\u62e6\u622a\u8bd5\u9a8c\u517119\u6b21\uff0c\u6210\u529f10\u6b21\uff0c\u6210\u529f\u7387\u521a\u8fc750%\u3002", "events": [], "arguments": {"loc": [], "time": [], "country": [], "weapon": []}}, {"sentence": "\u800c\u4e14\u62e6\u622a\u7684\u662f\u5355\u5f39\u5934\uff0c\u4e14\u53d1\u5c04\u65b9\u5411\u4e8b\u5148\u5df2\u77e5\u3002", "events": [], "arguments": {"loc": [], "time": [], "country": [], "weapon": []}}, {"sentence": "\u5982\u679c\u62e6\u622a\u5bf9\u8c61\u662f\u9ad8\u8d85\u97f3\u901f\u5bfc\u5f39\uff0c\u4e14\u662f\u5e26\u8bf1\u9975\u7684\u591a\u5f39\u5934\uff0c\u7ed3\u679c\u80af\u5b9a\u66f4\u4e0d\u4e50\u89c2\u3002", "events": [], "arguments": {"loc": [], "time": [], "country": [], "weapon": []}}, {"sentence": "\u6240\u4ee5\u7f8e\u56fd\u4eba\u6c11\u79f0\u5b83\u4e3a\u70e7\u94b1\u5de5\u7a0b\u3002", "events": [], "arguments": {"loc": [], "time": [], "country": [], "weapon": []}}, {"sentence": "\u5965\u5df4\u9a6c\u65f6\u5c31\u6709\u4e00\u4e9b\u7f8e\u56fd\u4e13\u5bb6\u5efa\u8bae\uff0c\u91cd\u70b9\u5e94\u53d1\u5c55\u8bf8\u5982\u8428\u5fb7\u3001\u9646\u57fa\u5b99\u65af\u76fe\u90a3\u6837\u7684\u6218\u672f\u53cd\u5bfc\u6b66\u5668\uff0c\u4e0d\u8fc7\u7279\u6717\u666e\u4e0a\u53f0\u540e\u5f3a\u8c03\u519b\u4e8b\u4e0a\u5168\u9762\u538b\u5012\u4e2d\u4fc4\u3002", "events": [], "arguments": {"loc": [], "time": [], "country": [], "weapon": []}}, {"sentence": "\u4e3a\u4e86\u7ed9\u7f8e\u56fd\u672c\u571f\u3001\u6d77\u5916\u57fa\u5730\u548c\u76df\u56fd\u63d0\u4f9b\u6838\u4fdd\u62a4\u4f1e\uff0c\u70e7\u94b1\u5de5\u7a0b\u8fd8\u5f97\u7ee7\u7eed\u70e7\u94b1\u3002", "events": [], "arguments": {"loc": [], "time": [], "country": [], "weapon": []}}, {"sentence": "\u90a3\u4e48\u7f8e\u56fd\u6218\u7565\u53cd\u5bfc\u5927\u7cfb\u7edf\u5c06\u6765\u7684\u51fa\u8def\u5728\u54ea\u91cc\u5462\uff1f", "events": [], "arguments": {"loc": [], "time": [], "country": [], "weapon": []}}, {"sentence": "\u4ece\u8d44\u6599\u4e0a\u770b\u51fa\u8def\u5728\u4e8e\uff1a\u4e00\u662f\u7ec4\u5efa\u5929\u57fa\u53cd\u5bfc\u536b\u661f\u7f51\uff0c\u5373\u6240\u8c13\"\u5e84\u5bb6\"\uff0b\"\u9ed1\u5939\u514b\"\u7cfb\u7edf\uff0c\u5927\u5927\u7f29\u77ed\u53cd\u5bfc\u7684\u9884\u8b66\u65f6\u95f4\u3002", "events": [], "arguments": {"loc": [], "time": [], "country": [], "weapon": []}}, {"sentence": "\u4e8c\u662f\u52a0\u901f\u5efa\u7acb\u548c\u5b8c\u5584\u5168\u7403\u53cd\u5bfc\u5927\u7cfb\u7edf\uff0c\u505a\u5230\u4e16\u754c\u4efb\u4f55\u4e00\u5904\u7f8e\u519b\uff0c\u90fd\u80fd\u5171\u4eab\u7f8e\u56fd\u5728\u5168\u4e16\u754c\u7684\u6240\u6709\u53cd\u5bfc\u8d44\u6e90\u3002", "events": [], "arguments": {"loc": [], "time": [], "country": [], "weapon": []}}, {"sentence": "\u5e76\u5bf9\u6765\u88ad\u5f39\u9053\u5bfc\u5f39\u8fdb\u884c\u5206\u6bb5\uff0c\u5206\u5c42\u62e6\u622a\u3002", "events": [], "arguments": {"loc": [], "time": [], "country": [], "weapon": []}}, {"sentence": "\u8fd9\u6837\u80af\u5b9a\u4f1a\u5927\u5927\u63d0\u9ad8\u53cd\u5bfc\u62e6\u622a\u6210\u529f\u7387\u3002", "events": [], "arguments": {"loc": [], "time": [], "country": [], "weapon": []}}, {"sentence": "\u8fd9\u4e00\u8bbe\u60f3\u7f8e\u56fd\u5bfc\u5f39\u9632\u5fa1\u5c40\u8fd8\u66fe\u4f1a\u540c\u4e09\u519b\u90e8\u95e8\u8fdb\u884c\u4e86\u591a\u6b21\u5927\u578b\u8bd5\u9a8c\uff0c\u4ee5\u8bc4\u4f30\u5168\u7403\u5404\u5730\u5f39\u9053\u9632\u5fa1\u7cfb\u7edf\u534f\u540c\u4f5c\u6218\u7684\u80fd\u529b\u3002", "events": [], "arguments": {"loc": [], "time": [], "country": [], "weapon": []}}, {"sentence": "\u4f46\u4e00\u76f4\u6ca1\u6709\u516c\u5e03\u5b9e\u9a8c\u7ed3\u679c\u3002", "events": [], "arguments": {"loc": [], "time": [], "country": [], "weapon": []}}, {"sentence": "\u7531\u4e8e\u8fd9\u4e00\u5927\u65b9\u6848\u6d89\u53ca\u9762\u592a\u5e7f\uff0c\u60c5\u51b5\u590d\u6742\uff0c\u7ed3\u679c\u5982\u4f55\u5927\u5bb6\u53ea\u80fd\u62ed\u76ee\u4ee5\u5f85\u3002", "events": [], "arguments": {"loc": [], "time": [], "country": [], "weapon": []}}]