[{"sentence": "\u7f8e\u5a92\uff1a\u4fc4\u519b\u6218\u6597\u673a\u4e3a\u8ffd\u51fb\u7f8e\u519b\u8f70\u70b8\u673a\u201c\u5165\u4fb5\u201d\u4e39\u9ea6\u9886\u7a7a", "events": [], "arguments": {"loc": [], "time": [], "country": [], "weapon": []}}, {"sentence": "\u3010\u73af\u7403\u7f51\u62a5\u9053 \u8bb0\u8005 \u5f90\u7490\u660e\u3011", "events": [], "arguments": {"loc": [], "time": [], "country": [], "weapon": []}}, {"sentence": "\u636e\u7f8e\u56fd\u300a\u7a7a\u519b\u300b\u6742\u5fd7\u7f51\u7ad98\u670831\u65e5\u62a5\u9053\uff0c\u4e00\u67b6\u4fc4\u7f57\u65af\u6218\u6597\u673a\u57288\u670828\u65e5\u8ffd\u51fb\u7f8e\u519bB-52\u8f70\u70b8\u673a\u65f6\u4fb5\u72af\u4e86\u4e39\u9ea6\u9886\u7a7a\u3002", "events": [{"trigger": {"text": "\u8ffd\u51fb", "offset": 33, "length": 2}, "subject": {"text": "\u4fc4\u7f57\u65af\u6218\u6597\u673a", "offset": 21, "length": 6}, "object": {"text": "\u7f8e\u519bB-52\u8f70\u70b8\u673a", "offset": 35, "length": 9}}], "arguments": {"loc": [], "time": [{"text": "8\u670828\u65e5", "offset": 28, "length": 5}, {"text": "8\u670831\u65e5", "offset": 11, "length": 5}], "country": [], "weapon": []}}, {"sentence": "\u540c\u4e00\u5929\uff0c\u53e6\u4e00\u67b6\u4fc4\u7f57\u65af\u6218\u6597\u673a\u62e6\u622a\u4e86\u7f8e\u519b\u7684\u53e6\u4e00\u67b6B-52\u8f70\u70b8\u673a\uff0c\u7f8e\u56fd\u5b98\u5458\u8868\u793a\uff0c\u4fc4\u519b\u6218\u673a\u7684\u62e6\u622a\u65b9\u5f0f\u65e2\u4e0d\u4e13\u4e1a\u53c8\u4e0d\u5b89\u5168\u3002", "events": [], "arguments": {"loc": [], "time": [], "country": [], "weapon": []}}, {"sentence": "\u62a5\u9053\u79f0\uff0c\u7f8e\u56fd\u7a7a\u519b\u7684B-52\u8f70\u70b8\u673a\u5f53\u5929\u5f00\u5c55\u4e86\u98de\u8d8a\u5317\u7ea6\u6210\u5458\u56fd\u9886\u7a7a\u7684\u4efb\u52a1\uff0cB-52\u5728\u6ce2\u7f57\u7684\u6d77\u4e0a\u7a7a\u98de\u884c\u65f6\uff0c\u4fc4\u7f57\u65af\u7684\u82cf-27\u6218\u6597\u673a\u4ece\u52a0\u91cc\u5b81\u683c\u52d2\u8d77\u98de\u8fdb\u884c\u62e6\u622a\uff0c\u5e76\u98de\u5165\u4e86\u4e39\u9ea6\u9886\u7a7a\u3002", "events": [], "arguments": {"loc": [{"text": "\u4fc4\u7f57\u65af", "offset": 49, "length": 3}], "time": [], "country": [{"text": "\u7f8e\u56fd", "offset": 4, "length": 2}], "weapon": [{"text": "B-52", "offset": 34, "length": 4}]}}, {"sentence": "\u5317\u7ea6\u7a7a\u519b\u5728\u4e00\u4efd\u65b0\u95fb\u7a3f\u4e2d\u5bf9\u6b64\u8868\u793a\uff0c\u8fd9\u662f\u5bf9\u4e39\u9ea6\u9886\u7a7a\u7684\u201c\u4e25\u91cd\u4fb5\u72af\u201d\u3002", "events": [], "arguments": {"loc": [], "time": [], "country": [], "weapon": []}}, {"sentence": "\u201c\u8fd9\u4e00\u4e8b\u4ef6\u8868\u660e\u4fc4\u7f57\u65af\u4e0d\u5c0a\u91cd\u56fd\u9645\u89c4\u5219\uff0c\u4e5f\u4e0d\u5c0a\u91cd\u5317\u7ea6\u76df\u56fd\u7684\u9886\u7a7a\u4e3b\u6743\uff0c\u201d\u7f8e\u56fd\u7a7a\u519b\u4e0a\u5c06\u6770\u5f17\u91cc\u00b7\u54c8\u91cc\u5409\u5b89\u5728\u65b0\u95fb\u7a3f\u4e2d\u8bf4\uff0c\u4ed6\u662f\u7f8e\u56fd\u9a7b\u6b27\u6d32\u548c\u5317\u7ea6\u7a7a\u519b\u53f8\u4ee4\u90e8\u7684\u6307\u6325\u5b98\u3002", "events": [], "arguments": {"loc": [], "time": [], "country": [], "weapon": []}}, {"sentence": "\u201c\u6211\u4eec\u4fdd\u6301\u8b66\u60d5\uff0c\u5e76\u968f\u65f6\u51c6\u5907\u4fdd\u536b\u5317\u7ea6\u9886\u7a7a\u3002", "events": [], "arguments": {"loc": [], "time": [], "country": [], "weapon": []}}, {"sentence": "\u201d", "events": [], "arguments": {"loc": [], "time": [], "country": [], "weapon": []}}, {"sentence": "\u62a5\u9053\u79f0\uff0c\u4e39\u9ea6\u7a7a\u519b\u5feb\u901f\u53cd\u5e94\u8b66\u6212\u90e8\u961f\u7684\u6218\u6597\u673a\u8fc5\u901f\u51fa\u52a8\u201c\u53cd\u51fb\u5165\u4fb5\u201d\uff0c\u4f46\u4fc4\u7f57\u65af\u6218\u6597\u673a\u5df2\u7ecf\u6298\u8fd4\u3002", "events": [], "arguments": {"loc": [], "time": [], "country": [], "weapon": []}}, {"sentence": "\u5317\u7ea6\u79f0\uff0c\u8fd9\u6b21\u201c\u5165\u4fb5\u201d\u662f\u201c\u591a\u5e74\u6765\u201d\u7684\u9996\u6b21\uff0c\u8868\u660e\u4fc4\u7f57\u65af\u7684\u6311\u8845\u884c\u4e3a\u5df2\u7ecf\u4e0a\u5347\u5230\u4e86\u65b0\u7684\u6c34\u5e73\u3002", "events": [], "arguments": {"loc": [], "time": [], "country": [], "weapon": []}}, {"sentence": "\u4fc4\u7f57\u65af\u519b\u65b9\u4e5f\u66fe\u57288\u670829\u65e5\u53d1\u5e03\u6d88\u606f\u8bf4\uff1a\u201c8\u670828\u65e5\uff0c\u4fc4\u7f57\u65af\u5728\u6ce2\u7f57\u7684\u6d77\u4e2d\u7acb\u6c34\u57df\u7684\u7a7a\u4e2d\u76d1\u63a7\u7cfb\u7edf\u53d1\u73b0\u4e00\u4e2a\u63a5\u8fd1\u4fc4\u7f57\u65af\u56fd\u754c\u7684\u7a7a\u4e2d\u76ee\u6807\u3002", "events": [], "arguments": {"loc": [], "time": [], "country": [], "weapon": []}}, {"sentence": "\u4e3a\u4e86\u8bc6\u522b\u8be5\u7a7a\u4e2d\u76ee\u6807\u5e76\u9632\u6b62\u4fc4\u7f57\u65af\u56fd\u754c\u88ab\u4fb5\u72af\uff0c\u6ce2\u7f57\u7684\u6d77\u8230\u961f\u9632\u7a7a\u90e8\u961f\u503c\u73ed\u7684\u4e24\u67b6\u82cf-27\u6218\u6597\u673a\u5347\u7a7a\u3002", "events": [], "arguments": {"loc": [], "time": [], "country": [], "weapon": [{"text": "\u82cf-27\u6218\u6597\u673a", "offset": 36, "length": 7}]}}, {"sentence": "\u201d\u4fc4\u519b\u65b9\u79f0\uff0c\u4fc4\u7f57\u65af\u6218\u6597\u673a\u4eba\u5458\u4ee5\u5b89\u5168\u8ddd\u79bb\u63a5\u8fd1\u7a7a\u4e2d\u76ee\u6807\u5e76\u786e\u5b9a\u5176\u4e3a\u7f8e\u56fd\u7a7a\u519bB-52H\u6218\u7565\u8f70\u70b8\u673a\u3002", "events": [], "arguments": {"loc": [], "time": [], "country": [], "weapon": []}}, {"sentence": "\u5728\u7f8e\u56fd\u519b\u673a\u8f6c\u79bb\u4fc4\u7f57\u65af\u8fb9\u754c\u540e\uff0c\u4fc4\u6218\u6597\u673a\u987a\u5229\u8fd4\u56de\u9a7b\u624e\u673a\u573a\u3002", "events": [], "arguments": {"loc": [], "time": [], "country": [], "weapon": []}}, {"sentence": "\u4fc4\u519b\u8fd8\u5728\u516c\u544a\u4e2d\u5f3a\u8c03\uff1a\u201c\u4fc4\u7f57\u65af\u82cf-27\u6218\u6597\u673a\u7684\u6574\u4e2a\u98de\u884c\u90fd\u4e25\u683c\u6309\u7167\u56fd\u9645\u7a7a\u57df\u4f7f\u7528\u89c4\u5219\u8fdb\u884c\uff0c\u6ca1\u6709\u5141\u8bb8\u7f8e\u56fd\u98de\u673a\u4fb5\u72af\u4fc4\u7f57\u65af\u56fd\u754c\u3002", "events": [], "arguments": {"loc": [], "time": [], "country": [], "weapon": []}}, {"sentence": "\u201d", "events": [], "arguments": {"loc": [], "time": [], "country": [], "weapon": []}}]