[{"sentence": "\u97e9\u56fdKF-X\u9690\u5f62\u6218\u6597\u673a\u9996\u67b6\u539f\u578b\u673a\u4eae\u76f8\u00a0\u673a\u8eab\u4e3b\u4f53\u5b8c\u6210\u7ec4\u88c5", "events": [], "arguments": {"loc": [], "time": [], "country": [], "weapon": []}}, {"sentence": "\u3010\u73af\u7403\u7f51\u62a5\u9053 \u8bb0\u8005 \u5f90\u7490\u660e\u3011", "events": [], "arguments": {"loc": [], "time": [], "country": [], "weapon": []}}, {"sentence": "\u636e\u97e9\u8054\u793e9\u67083\u65e5\u62a5\u9053\uff0c\u97e9\u56fd\u5f53\u5929\u5f00\u59cb\u7ec4\u88c5\u8be5\u56fd\u81ea\u4e3b\u7814\u53d1\u7684\u65b0\u578b\u6218\u6597\u673a\u7684\u9996\u67b6\u539f\u578b\u673a\u3002", "events": [{"trigger": {"text": "\u7ec4\u88c5", "offset": 17, "length": 2}, "subject": {"text": "\u97e9\u56fd", "offset": 11, "length": 2}, "object": {"text": "\u539f\u578b\u673a", "offset": 34, "length": 3}}], "arguments": {"loc": [], "time": [{"text": "9\u67083\u65e5", "offset": 4, "length": 4}], "country": [], "weapon": []}}, {"sentence": "\u62a5\u9053\u79f0\u8fd9\u662f\u5177\u6709\u91cc\u7a0b\u7891\u610f\u4e49\u7684\u4e00\u6b65\uff0c\u610f\u5473\u7740\u97e9\u56fd\u96c4\u5fc3\u52c3\u52c3\u7684\u65b0\u578b\u6218\u6597\u673a\u9879\u76ee\u6b63\u9010\u6b65\u5b9e\u73b0\u3002", "events": [], "arguments": {"loc": [], "time": [], "country": [], "weapon": []}}, {"sentence": "\u97e9\u56fd\u81ea2015\u5e74\u4ee5\u6765\u5c31\u4e00\u76f4\u81f4\u529b\u4e8e\u7814\u53d1\u56fd\u4ea7\u5148\u8fdb\u6218\u6597\u673a\uff0c\u4ee5\u53d6\u4ee3\u97e9\u56fd\u7a7a\u519b\u65e5\u76ca\u8001\u5316\u7684F-4\u548cF-5\u6218\u6597\u673a\u3002", "events": [], "arguments": {"loc": [{"text": "\u97e9\u56fd", "offset": 29, "length": 2}], "time": [], "country": [], "weapon": [{"text": "F-4", "offset": 38, "length": 3}, {"text": "F-5\u6218\u6597\u673a", "offset": 42, "length": 6}]}}, {"sentence": "\u6839\u636e\u97e9\u56fd\u56fd\u9632\u91c7\u8d2d\u8ba1\u5212\u7ba1\u7406\u5c40\u7684\u8bf4\u6cd5\uff0c\u5728\u53bb\u5e74\u786e\u8ba4\u8bbe\u8ba1\u540e\uff0c\u97e9\u56fd\u822a\u7a7a\u822a\u5929\u5de5\u4e1a\u516c\u53f8\uff08KAI\uff09\u5c31\u5f00\u59cb\u5728\u8ddd\u9996\u5c14\u4ee5\u5357440\u516c\u91cc\u7684\u5de5\u5382\u91cc\u8fdb\u884c\u9996\u67b6\u539f\u578b\u673a\u7684\u603b\u88c5\u3002", "events": [], "arguments": {"loc": [], "time": [], "country": [], "weapon": []}}, {"sentence": "\u97e9\u56fd\u56fd\u9632\u91c7\u8d2d\u8ba1\u5212\u7ba1\u7406\u5c40\u8868\u793a\uff0cKF-X\u539f\u578b\u673a\u5c06\u57282021\u5e74\u4e0a\u534a\u5e74\u51c6\u5907\u5c31\u7eea\uff0c\u9884\u8ba1\u57282026\u5e74\u5b8c\u6210\u5730\u9762\u548c\u98de\u884c\u6d4b\u8bd5\u3002", "events": [], "arguments": {"loc": [], "time": [], "country": [], "weapon": [{"text": "KF-X\u539f\u578b\u673a", "offset": 14, "length": 7}]}}, {"sentence": "8\u6708\u521d\uff0c\u97e9\u56fd\u81ea\u4e3b\u7814\u53d1\u7684\u673a\u8f7d\u6709\u6e90\u76f8\u63a7\u9635\uff08AESA\uff09\u96f7\u8fbe\u8bd5\u5236\u54c1\u5386\u65f6\u56db\u5e74\u7ec8\u4e8e\u6210\u529f\u51fa\u7089\u3002", "events": [], "arguments": {"loc": [], "time": [], "country": [], "weapon": [{"text": "\u673a\u8f7d\u6709\u6e90\u76f8\u63a7\u9635\uff08AESA\uff09\u96f7\u8fbe", "offset": 11, "length": 15}]}}, {"sentence": "\u8be5\u96f7\u8fbe\u662f\u7528\u4e8e\u97e9\u56fd\u65b0\u578b\u6218\u673aKF-X\u9879\u76ee\u7684\u6838\u5fc3\u96f7\u8fbe\u7cfb\u7edf\u3002", "events": [], "arguments": {"loc": [], "time": [], "country": [], "weapon": []}}, {"sentence": "\u6b64\u6b21\u7814\u5236\u6210\u529f\u7684\u8bd5\u5236\u54c1\u5c06\u642d\u8f7d\u81f3KAI\u660e\u5e74\u4e0a\u534a\u5e74\u5b8c\u6210\u7684\u6837\u673a\u4e0a\u8fdb\u884c\u5730\u9762\u548c\u98de\u884c\u6d4b\u8bd5\u3002", "events": [], "arguments": {"loc": [], "time": [], "country": [], "weapon": []}}, {"sentence": "\u5b9e\u9645\u642d\u8f7d\u8be5\u96f7\u8fbe\u7684\u97e9\u56fd\u578b\u6218\u673a\u9884\u8ba1\u5c06\u57282026\u5e74\u5b8c\u6210\u7814\u53d1\u3002", "events": [], "arguments": {"loc": [], "time": [], "country": [], "weapon": []}}, {"sentence": "\u97e9\u8054\u793e\u79f0\uff0c\u8fd9\u6b3e\u88ab\u8a89\u4e3a\u201c\u6218\u673a\u4e4b\u773c\u201d\u7684AESA\u96f7\u8fbe\u53ef\u540c\u65f6\u5f62\u6210\u8fd1\u5343\u4e2a\u72ec\u7acb\u6ce2\u675f\uff0c\u6709\u6548\u76d1\u89c6\u8ddf\u8e2a\u591a\u4e2a\u76ee\u6807\uff0c\u5728\u7a7a\u6218\u4e2d\u53d1\u6325\u62a2\u5148\u8bc6\u522b\u654c\u673a\u548c\u9501\u5b9a\u5730\u9762\u76ee\u6807\u7684\u4f5c\u7528\u3002", "events": [], "arguments": {"loc": [], "time": [], "country": [], "weapon": []}}, {"sentence": "\u97e9\u56fd\u56fd\u9632\u91c7\u8d2d\u8ba1\u5212\u7ba1\u7406\u5c40\u5b98\u5458\u8bf4\uff1a\u201c\u5c3d\u7ba1\u51fa\u73b0\u4e86\u65b0\u51a0\u80ba\u708e\u75ab\u60c5\uff0c\u4f46KF-X\u9879\u76ee\u4e00\u76f4\u5728\u6309\u8ba1\u5212\u63a8\u8fdb\uff0c\u539f\u578b\u673a\u9884\u8ba1\u5c06\u4e8e\u660e\u5e74\u5c31\u7eea\u3002", "events": [], "arguments": {"loc": [], "time": [], "country": [], "weapon": []}}, {"sentence": "\u201d", "events": [], "arguments": {"loc": [], "time": [], "country": [], "weapon": []}}, {"sentence": "\u97e9\u56fd\u81ea\u4e3b\u7814\u5236\u7684KF-X\u6218\u6597\u673a\u6700\u5927\u98de\u884c\u901f\u5ea61.8\u9a6c\u8d6b\uff0c\u822a\u7a0b2900\u516c\u91cc\uff0c\u6700\u5927\u6709\u6548\u8f7d\u83777.7\u5428\uff0c\u80fd\u591f\u643a\u5e26\u591a\u79cd\u7c7b\u578b\u7684\u6b66\u5668\u5f39\u836f\u3002", "events": [], "arguments": {"loc": [], "time": [], "country": [], "weapon": []}}]