[{"sentence": "\u5370\u5ea6\u91c7\u8d2d\u5927\u6279\u591a\u7ba1\u706b\u7bad\u53d1\u5c04\u7cfb\u7edf\u00a0\u5c06\u90e8\u7f72\u5728\u5317\u90e8\u548c\u4e1c\u90e8\u8fb9\u5883", "events": [], "arguments": {"loc": [], "time": [], "country": [], "weapon": []}}, {"sentence": "\u3010\u73af\u7403\u7f51\u62a5\u9053 \u8bb0\u8005 \u9a6c\u5ca9\u3011", "events": [], "arguments": {"loc": [], "time": [], "country": [], "weapon": []}}, {"sentence": "\u636e\u300a\u7b80\u6c0f\u9632\u52a1\u5468\u520a\u300b\u7f51\u7ad99\u67081\u65e5\u62a5\u9053\uff0c\u5370\u5ea6\u56fd\u9632\u90e8\u65e5\u524d\u4e0e\u5176\u56fd\u5185\u4e24\u5bb6\u79c1\u8425\u4f01\u4e1a\u548c\u4e00\u5bb6\u516c\u5171\u4f01\u4e1a\u7b7e\u7f72\u4e86\u4e00\u4efd\u4ef7\u503c\u7ea6\u54083.535\u4ebf\u7f8e\u5143\u5408\u540c\uff0c\u4e3a\u5370\u5ea6\u9646\u519b\u63d0\u4f9b6\u4e2a\u5175\u56e2\u81ea\u4e3b\u5f00\u53d1\u7684Pinaka Mk I\u591a\u7ba1\u706b\u7bad\u53d1\u5c04\u7cfb\u7edf\u3002", "events": [{"trigger": {"text": "\u5408\u540c", "offset": 59, "length": 2}, "subject": {"text": "\u5370\u5ea6\u56fd\u9632\u90e8\u65e5\u524d\u4e0e\u5176\u56fd\u5185\u4e24\u5bb6\u79c1\u8425\u4f01\u4e1a", "offset": 18, "length": 17}, "object": {"text": "Pinaka Mk I\u591a\u7ba1\u706b\u7bad\u53d1\u5c04\u7cfb\u7edf", "offset": 78, "length": 19}}], "arguments": {"loc": [], "time": [{"text": "9\u67081\u65e5", "offset": 11, "length": 4}], "country": [], "weapon": [{"text": "Pinaka Mk I\u591a\u7ba1\u706b\u7bad\u53d1\u5c04\u7cfb\u7edf", "offset": 78, "length": 19}]}}, {"sentence": "\u5370\u5ea6\u653f\u5e9c\u65b0\u95fb\u4fe1\u606f\u5c408\u670831\u65e5\u5ba3\u5e03\uff0c\u8fd9\u7b14\u4ea4\u6613\u5305\u62ec\u4ece\u5854\u5854\u7535\u529b\u548cLarsen&Toubro\u91c7\u8d2d\u7684114\u5957\u5e26\u6709\u81ea\u52a8\u706b\u70ae\u6821\u51c6\u548c\u5b9a\u4f4d\u7cfb\u7edf\u7684\u53d1\u5c04\u5668\u548c45\u4e2a\u6307\u6325\u6240\u3002", "events": [], "arguments": {"loc": [], "time": [], "country": [{"text": "\u5370\u5ea6", "offset": 0, "length": 2}], "weapon": []}}, {"sentence": "BEML\u516c\u53f8\u5c06\u5728\u5580\u62c9\u62c9\u90a6\u7684\u5e15\u62c9\u5361\u5fb7\u5de5\u5382\u751f\u4ea7330\u8f86\u9ad8\u673a\u52a8\u8f66\u8f86\uff0c\u9884\u8ba1\u4e09\u5e74\u5185\u4ea4\u4ed8\u3002", "events": [], "arguments": {"loc": [{"text": "\u5580\u62c9\u62c9\u90a6\u7684\u5e15\u62c9\u5361\u5fb7\u5de5\u5382", "offset": 8, "length": 11}], "time": [], "country": [], "weapon": []}}, {"sentence": "\u7136\u800c\uff0c\u8fd9\u4e9b\u8f66\u8f86\u5927\u591a\u6570\u4e0d\u4f1a\u5b89\u88c5\u53d1\u5c04\u5668\uff0c\u800c\u662f\u7528\u4e8e\u88c5\u8f7d\u66f4\u591a\u706b\u7bad\u3002", "events": [], "arguments": {"loc": [], "time": [], "country": [], "weapon": []}}, {"sentence": "\u5c04\u7a0b\u9884\u8ba1\u4e3a38\u81f340\u516c\u91cc\u7684\u706b\u7bad\u5c06\u7531\u4f4d\u4e8e\u5b5f\u4e70\u7684\u79c1\u8425\u516c\u53f8\u201c\u7ecf\u6d4e\u70b8\u836f\u201d\u5236\u9020\u3002", "events": [], "arguments": {"loc": [], "time": [], "country": [], "weapon": []}}, {"sentence": "\u5370\u5ea6\u653f\u5e9c\u65b0\u95fb\u4fe1\u606f\u5c40\u8868\u793a\uff0c\u8fd1\u671f\u8d2d\u4e70\u7684Pinaka\u7cfb\u7edf\u5c06\u57282024\u5e74\u524d\u5b8c\u6210\u4ea4\u4ed8\uff0c\u5e76\u5c06\u90e8\u7f72\u5728\u5317\u90e8\u548c\u4e1c\u90e8\u8fb9\u5883\uff0c\u4ee5\u8fdb\u4e00\u6b65\u589e\u5f3a\u8fb9\u5883\u6b66\u88c5\u90e8\u961f\u7684\u4f5c\u6218\u80fd\u529b\u3002", "events": [], "arguments": {"loc": [], "time": [], "country": [], "weapon": []}}, {"sentence": "\uff08\u5b8c\uff09", "events": [], "arguments": {"loc": [], "time": [], "country": [], "weapon": []}}, {"sentence": "\uff08\u5b8c\uff09", "events": [], "arguments": {"loc": [], "time": [], "country": [], "weapon": []}}]