[{"sentence": "\u4e3a\u4e86\u519b\u552e\uff0c\u7f8e\u56fd\u8fde\u201c\u76df\u53cb\u201d\u90fd\u5751\uff0c\u4e0d\u4e70\u5c31\u5236\u88c1\u2026\u2026", "events": [], "arguments": {"loc": [], "time": [], "country": [], "weapon": []}}, {"sentence": "\u5728\u5408\u4f5c\u4e2d\u201c\u641e\u732b\u817b\u201d", "events": [], "arguments": {"loc": [], "time": [], "country": [], "weapon": []}}, {"sentence": "\u7528\u4e8c\u624b\u65e7\u8d27\u5145\u6570", "events": [], "arguments": {"loc": [], "time": [], "country": [], "weapon": []}}, {"sentence": "\u4e0d\u4e70\u5c31\u5236\u88c1", "events": [], "arguments": {"loc": [], "time": [], "country": [], "weapon": []}}, {"sentence": "\u2026\u2026", "events": [], "arguments": {"loc": [], "time": [], "country": [], "weapon": []}}, {"sentence": "\u7f8e\u56fd\u4e0d\u5c11\u201c\u76df\u53cb\u201d\u66fe\u906d\u5176", "events": [], "arguments": {"loc": [], "time": [], "country": [], "weapon": []}}, {"sentence": "\u5bf9\u5916\u519b\u552e\u548c\u88c5\u5907\u7814\u53d1\u7684\u201c\u5751\u5bb3\u201d", "events": [], "arguments": {"loc": [], "time": [], "country": [], "weapon": []}}, {"sentence": "\u800c\u7f8e\u56fd\u653f\u5e9c\u548c\u519b\u706b\u5546", "events": [], "arguments": {"loc": [], "time": [], "country": [], "weapon": []}}, {"sentence": "\u660e\u77e5\u6b66\u5668\u88c5\u5907\u6709\u95ee\u9898\u5374\u8fd8\u8981\u51fa\u53e3", "events": [], "arguments": {"loc": [], "time": [], "country": [], "weapon": []}}, {"sentence": "\u65e5\u7f8e\u5408\u9020\u6218\u673a", "events": [], "arguments": {"loc": [], "time": [], "country": [], "weapon": []}}, {"sentence": "\u65e5\u672c\uff1a\u201c\u4f24\u4e0d\u8d77\u201d", "events": [], "arguments": {"loc": [], "time": [], "country": [{"text": "\u65e5\u672c", "offset": 0, "length": 2}], "weapon": []}}, {"sentence": "\u636e\u65e5\u672c\u5a92\u4f53\u8fd1\u65e5\u62ab\u9732\uff0c\u65e5\u672c\u8fc7\u5f80\u5728\u4e0e\u7f8e\u56fd\u5408\u4f5c\u7814\u53d1\u6b66\u5668\u7684\u8fc7\u7a0b\u4e2d\u5403\u4e86\u592a\u591a\u4e8f\u3002", "events": [], "arguments": {"loc": [], "time": [], "country": [], "weapon": []}}, {"sentence": "\u4e00\u4f4d\u53c2\u4e0e\u8fc7\u6218\u673a\u5408\u4f5c\u7814\u53d1\u7684\u65e5\u65b9\u8bbe\u8ba1\u5e08\uff0c\u5c31\u66fe\u5199\u4e66\u63ed\u5f00\u53cc\u65b9\u5408\u4f5c\u7684\u771f\u76f8\u3002", "events": [], "arguments": {"loc": [], "time": [], "country": [], "weapon": []}}, {"sentence": "\u25b2 F-2\u6218\u673a\uff08\u8d44\u6599\u56fe\uff09", "events": [], "arguments": {"loc": [], "time": [], "country": [], "weapon": [{"text": " F-2\u6218\u673a", "offset": 1, "length": 6}]}}, {"sentence": "\uff08\u8d44\u6599\u56fe\uff09", "events": [], "arguments": {"loc": [], "time": [], "country": [], "weapon": []}}, {"sentence": "\u62a5\u9053\u79f0\uff0c20\u4e16\u7eaa90\u5e74\u4ee3\uff0c\u7f8e\u56fd\u548c\u65e5\u672c\u8054\u5408\u7814\u5236F-2\u6218\u673a\u7684\u5386\u53f2\u6559\u8bad\u8bc1\u660e\u201c\u7f8e\u56fd\u4eba\u6839\u672c\u9760\u4e0d\u4f4f\u201d\u3002", "events": [], "arguments": {"loc": [], "time": [], "country": [], "weapon": []}}, {"sentence": "F-2\u6218\u673a\u9996\u5e2d\u8bbe\u8ba1\u5e08\u795e\u7530\u56fd\u4e00\u5728\u300a\u9996\u5e2d\u8bbe\u8ba1\u5e08\u63ed\u5f00F-2\u6218\u6597\u673a\u7684\u7814\u53d1\u771f\u76f8\u300b\u4e00\u4e66\u4e2d\uff0c\u5bf9\u7f8e\u56fd\u7684\u4e00\u7cfb\u5217\u6076\u52a3\u884c\u5f84\u8fdb\u884c\u4e86\u6279\u8bc4\u3002", "events": [], "arguments": {"loc": [], "time": [], "country": [], "weapon": []}}, {"sentence": "\u4ed6\u8868\u793a\uff0c\u7f8e\u65b9\u5728\u7814\u53d1\u7684\u65f6\u5019\uff0c\u4e0d\u4ec5\u6ca1\u6709\u5bf9\u65e5\u672c\u516c\u5f00\u7f8e\u56fd\u7684\u6280\u672f\u673a\u5bc6\uff0c\u8fd8\u6c72\u53d6\u4e86\u65e5\u672c\u7684\u72ec\u5bb6\u6280\u672f \u3002", "events": [], "arguments": {"loc": [], "time": [], "country": [], "weapon": []}}, {"sentence": "\u66f4\u8ba9\u65e5\u672c\u611f\u5230\u6124\u6012\u7684\u662f\uff0c\u7f8e\u56fd\u5c31\u7b97\u770b\u5230\u4e86\u65e5\u65b9\u5b58\u5728\u4e00\u4e9b\u7814\u53d1\u4e0a\u7684\u9519\u8bef\uff0c\u4e5f\u6ca1\u6709\u53ca\u65f6\u6307\u51fa \u3002", "events": [], "arguments": {"loc": [], "time": [], "country": [], "weapon": []}}, {"sentence": "\u6240\u4ee5\u5728\u6574\u4e2a\u8fc7\u7a0b\u4e2d\uff0c\u7f8e\u56fd\u57fa\u672c\u4e0a\u6ca1\u6709\u8d77\u5230\u592a\u591a\u4f5c\u7528\uff0c\u53cd\u800c\u5728\u4e0d\u65ad\u62d6\u540e\u817f \u3002", "events": [], "arguments": {"loc": [], "time": [], "country": [{"text": "\u7f8e\u56fd", "offset": 9, "length": 2}], "weapon": []}}, {"sentence": "F-2\u6218\u673a\u7531\u7f8e\u519bF-16\u6218\u673a\u6539\u8fdb\u800c\u6765\u3002", "events": [], "arguments": {"loc": [], "time": [], "country": [], "weapon": [{"text": "F-16\u6218\u673a", "offset": 8, "length": 6}]}}, {"sentence": "\u8d77\u521d\uff0c\u65e5\u672c\u8ba1\u5212\u72ec\u7acb\u7814\u53d1F-2\u6218\u673a\uff0c\u4f46\u5728\u7f8e\u56fd\u653f\u5e9c\u7684\u5f3a\u70c8\u8981\u6c42\u4e0b\uff0c\u6700\u7ec8\u51b3\u5b9a\u7531\u53cc\u65b9\u5171\u540c\u7814\u53d1\u3002", "events": [], "arguments": {"loc": [], "time": [], "country": [], "weapon": []}}, {"sentence": "2007\u5e74\u30012019\u5e74\uff0cF-2\u6218\u673a\u90fd\u5728\u65e5\u672c\u53d1\u751f\u8fc7\u5760\u673a\u4e8b\u6545\u3002", "events": [], "arguments": {"loc": [], "time": [], "country": [], "weapon": []}}, {"sentence": "\u4ee5\u8272\u5217\u88ab\u8feb\u6536\u4e86", "events": [], "arguments": {"loc": [], "time": [], "country": [{"text": "\u4ee5\u8272\u5217", "offset": 0, "length": 3}], "weapon": []}}, {"sentence": "\u201c\u5e26\u75c5\u4e0a\u5c97\u201d\u7684\u52a0\u6cb9\u673a", "events": [], "arguments": {"loc": [], "time": [], "country": [], "weapon": []}}, {"sentence": "\u4ee5\u8272\u5217\u66fe\u88ab\u8feb\u63a5\u6536\u201c\u5e26\u75c5\u4e0a\u5c97\u201d\u7684KC-46\u52a0\u6cb9\u673a\u3002", "events": [], "arguments": {"loc": [], "time": [], "country": [], "weapon": []}}, {"sentence": "\u8fd9\u79cd\u52a0\u6cb9\u673a\u5728\u7f8e\u519b\u4f7f\u7528\u8fc7\u7a0b\u4e2d\u9891\u9891\u51fa\u73b0\u8d28\u91cf\u95ee\u9898\uff0c\u52a0\u6cb9\u4eba\u5458\u751a\u81f3\u65e0\u6cd5\u5224\u65ad\u4e0e\u53d7\u6cb9\u673a\u7684\u8ddd\u79bb\u5230\u5e95\u6709\u591a\u8fdc\u3002", "events": [], "arguments": {"loc": [], "time": [], "country": [], "weapon": []}}, {"sentence": "\u25b2 KC-46\u52a0\u6cb9\u673a\u8fdb\u884c\u7a7a\u4e2d\u52a0\u6cb9", "events": [], "arguments": {"loc": [], "time": [], "country": [], "weapon": [{"text": "KC-46\u52a0\u6cb9\u673a", "offset": 2, "length": 8}]}}, {"sentence": "\u800c\u4ee5\u8272\u5217\u660e\u77e5KC-46\u95ee\u9898\u767e\u51fa\uff0c\u4f46\u5728\u7f8e\u56fd\u538b\u529b\u4e0b\uff0c\u4ecd\u88ab\u8feb\u653e\u5f03\u81ea\u884c\u6539\u88c5\u52a0\u6cb9\u673a\u548c\u91c7\u8d2d\u6b27\u6d32\u540c\u7c7b\u4ea7\u54c1\u7684\u8ba1\u5212\uff0c\u82b1\u8d3924\u4ebf\u7f8e\u5143\u91c7\u8d2d8\u67b6\u5b58\u5728\u8d28\u91cf\u7f3a\u9677\u7684KC-46\u3002", "events": [], "arguments": {"loc": [], "time": [], "country": [], "weapon": []}}, {"sentence": "\u96f7\u8fbe\u5e38\u62a5\u9519", "events": [], "arguments": {"loc": [], "time": [], "country": [], "weapon": []}}, {"sentence": "\u97e9\u56fd\u65a5\u5de8\u8d44\u4e70\u6765\u201c\u7741\u773c\u778e\u201d", "events": [], "arguments": {"loc": [], "time": [], "country": [], "weapon": []}}, {"sentence": "\u97e9\u56fd\u519b\u65b92013\u5e74\u8d77\u65a5\u5de8\u8d44\u5411\u7f8e\u65b9\u8d2d\u4e70\u201c\u963f\u5e15\u5947\u201d\u6b66\u88c5\u76f4\u5347\u673a\uff0c2017\u5e74\u5f00\u59cb\u5217\u88c5\uff0c\u4f46\u662f\u97e9\u56fd\u519b\u65b9\u53d1\u73b0\uff0c\u201c\u963f\u5e15\u5947\u201d\u7684\u96f7\u8fbe\u7cfb\u7edf\u62a5\u9519\u7387\u5f88\u9ad8\uff0c\u5bf9\u9646\u4e0a\u76ee\u6807\u6807\u8bb0\u9891\u9891\u9519\u8bef\uff0c\u4e0d\u662f\u5c11\u6807\u3001\u6f0f\u6807\uff0c\u5c31\u662f\u591a\u6807\u3001\u591a\u8bb0\uff0c\u6c34\u4e0a\u76ee\u6807\u7adf\u7136\u76f4\u63a5\u627e\u4e0d\u5230\uff0c\u6210\u4e86\u201c\u7741\u773c\u778e\u201d\u3002", "events": [], "arguments": {"loc": [], "time": [], "country": [{"text": "\u97e9\u56fd", "offset": 41, "length": 2}], "weapon": []}}, {"sentence": "\u25b2 \u201c\u963f\u5e15\u5947\u201d\u6b66\u88c5\u76f4\u5347\u673a", "events": [], "arguments": {"loc": [], "time": [], "country": [], "weapon": [{"text": "\u201c\u963f\u5e15\u5947\u201d\u6b66\u88c5\u76f4\u5347\u673a", "offset": 2, "length": 10}]}}, {"sentence": "\u65e7\u8d27\u7ec4\u88c5\u6765\u5145\u6570", "events": [], "arguments": {"loc": [], "time": [], "country": [], "weapon": []}}, {"sentence": "\u4e4c\u514b\u5170\u4e70\u5230\u52a3\u8d28\u88c5\u7532\u8f66", "events": [], "arguments": {"loc": [], "time": [], "country": [{"text": "\u4e4c\u514b\u5170", "offset": 0, "length": 3}], "weapon": []}}, {"sentence": "\u7f8e\u56fd\u62ff\u4e8c\u624b\u65e7\u8d27\u751a\u81f3\u662f\u201c\u7834\u70c2\u8d27\u201d\u5145\u6570\u7684\u60c5\u51b5\u66f4\u662f\u5e38\u89c1\uff0c\u4e4c\u514b\u5170\u5bf9\u6b64\u6df1\u6709\u4f53\u4f1a\u3002", "events": [], "arguments": {"loc": [], "time": [], "country": [], "weapon": []}}, {"sentence": "2015\u5e74\uff0c\u4e4c\u514b\u5170\u653f\u5e9c\u519b\u58eb\u5175\u5410\u69fd\u7f8e\u56fd\u63d0\u4f9b\u7684\u201c\u608d\u9a6c\u201d\u88c5\u7532\u8f66\u8d28\u91cf\u4e0d\u8fc7\u5173\uff0c\u4e0d\u4ec5\u4f7f\u7528\u8001\u65e7\u8f6e\u80ce\uff0c\u8fde\u95e8\u7a97\u90fd\u662f\u5851\u6599\u7684\u3002", "events": [], "arguments": {"loc": [], "time": [], "country": [], "weapon": []}}, {"sentence": "2018\u5e74\u4e4c\u514b\u5170\u519b\u4e8b\u8bbe\u8ba1\u5c40\u900f\u9732\uff0c\u7f8e\u56fd\u51fa\u552e\u7ed9\u4e4c\u514b\u5170\u7684\u201c\u6807\u67aa\u201d\u53cd\u5766\u514b\u5bfc\u5f39\u5b9e\u9645\u4e0a\u662f\u8d85\u8fc7\u4f7f\u7528\u5bff\u547d\u7684\u8fc7\u671f\u8d27\uff0c\u4e4c\u514b\u5170\u519b\u6f14\u5c04\u51fb\u65f6\uff0c\u5bfc\u5f39\u6839\u672c\u4e0d\u80fd\u542f\u52a8\u3002", "events": [], "arguments": {"loc": [], "time": [], "country": [], "weapon": []}}, {"sentence": "\u7f8e\u56fd\u8981\u6c42\u571f\u8033\u5176\u5f03\u8d2d\u4fc4\u6b66\u5668", "events": [], "arguments": {"loc": [], "time": [], "country": [], "weapon": []}}, {"sentence": "\u5426\u5219\u8fdb\u884c\u7ecf\u6d4e\u5236\u88c1", "events": [], "arguments": {"loc": [], "time": [], "country": [], "weapon": []}}, {"sentence": "\u7f8e\u56fd\u66fe\u5411\u571f\u8033\u5176\u65bd\u538b\uff0c\u8981\u6c42\u571f\u65b9\u653e\u5f03\u8d2d\u4e70\u4fc4\u7f57\u65afS-400\u9632\u7a7a\u5bfc\u5f39\u7cfb\u7edf\uff0c\u6539\u4e3a\u8d2d\u4e70\u7f8e\u56fd\u201c\u7231\u56fd\u8005\u201d\u9632\u7a7a\u5bfc\u5f39\u7cfb\u7edf\u3002", "events": [], "arguments": {"loc": [], "time": [], "country": [{"text": "\u571f\u8033\u5176", "offset": 4, "length": 3}, {"text": "\u4fc4\u7f57\u65af", "offset": 18, "length": 3}], "weapon": [{"text": "S-400\u9632\u7a7a\u5bfc\u5f39\u7cfb\u7edf", "offset": 21, "length": 11}, {"text": "\u201c\u7231\u56fd\u8005\u201d\u9632\u7a7a\u5bfc\u5f39\u7cfb\u7edf", "offset": 39, "length": 11}]}}, {"sentence": "\u4e3a\u4e86\u8feb\u4f7f\u571f\u65b9\u670d\u4ece\u7f8e\u65b9\u8981\u6c42\uff0c\u7f8e\u65b9\u4e0d\u4ec5\u5bf9\u571f\u8033\u5176\u8fdb\u884c\u7ecf\u6d4e\u5236\u88c1\uff0c\u751a\u81f3\u5c06\u571f\u8033\u5176\u8e22\u51faF-35\u9879\u76ee\u3002", "events": [], "arguments": {"loc": [], "time": [], "country": [], "weapon": [{"text": "F-35", "offset": 36, "length": 4}]}}, {"sentence": "\u4f46\u7f8e\u65b9\u8fd9\u79cd\u201c\u5f3a\u4e70\u5f3a\u5356\u201d\u7684\u65b9\u5f0f\u4e0d\u4ec5\u6ca1\u6709\u80fd\u633d\u56de\u571f\u8033\u5176\uff0c\u53cd\u800c\u5c06\u571f\u8033\u5176\u8d8a\u63a8\u8d8a\u8fdc\u3002", "events": [], "arguments": {"loc": [], "time": [], "country": [], "weapon": []}}, {"sentence": "\u5c31\u5728\u672c\u6708\uff0c\u4fc4\u65b9\u8868\u793a\uff0c\u4fc4\u7f57\u65af\u548c\u571f\u8033\u5176\u5df2\u7ecf\u7b7e\u7f72\u4e86\u5411\u571f\u65b9\u4ea4\u4ed8\u7b2c\u4e8c\u6279S-400\u9632\u7a7a\u5bfc\u5f39\u7cfb\u7edf\u7684\u5408\u540c\u3002", "events": [], "arguments": {"loc": [], "time": [], "country": [], "weapon": []}}]