[{"sentence": "\u7f8e\u6218\u7565\u8f70\u70b8\u673a\u7f55\u89c1\u201c\u5317\u7ea6\u4e00\u65e5\u6e38\u201d,\u7f8e\u5a92\uff1a\u4e3a\u663e\u793a\u5317\u7ea6\u56e2\u7ed3\u548c\u5bf9\u5916\u91ca\u653e\u5a01\u6151\u4fe1\u53f7", "events": [], "arguments": {"loc": [], "time": [], "country": [], "weapon": []}}, {"sentence": "\u3010\u73af\u7403\u65f6\u62a5\u8bb0\u8005 \u9a6c\u6218\u8425\u3011", "events": [], "arguments": {"loc": [], "time": [], "country": [], "weapon": []}}, {"sentence": "\u7f8e\u56fd\u300a\u9632\u52a1\u65b0\u95fb\u300b8\u670829\u65e5\u79f0\uff0c\u7f8e\u56fd\u7a7a\u519b28\u65e5\u51fa\u52a86\u67b6B-52\u6218\u7565\u8f70\u70b8\u673a\uff0c\u5148\u540e\u98de\u8d8a\u5317\u7ea6\u5168\u90e830\u4e2a\u6210\u5458\u56fd\u3002", "events": [{"trigger": {"text": "\u51fa\u52a8", "offset": 22, "length": 2}, "subject": {"text": "\u7f8e\u56fd\u7a7a\u519b", "offset": 15, "length": 4}, "object": {"text": "B-52\u6218\u7565\u8f70\u70b8\u673a", "offset": 26, "length": 9}}], "arguments": {"loc": [], "time": [{"text": "28\u65e5", "offset": 19, "length": 3}], "country": [], "weapon": []}}, {"sentence": "\u8fd9\u6b21\u7f55\u89c1\u7684\u201c\u5317\u7ea6\u4e00\u65e5\u6e38\u201d\uff0c\u76ee\u7684\u662f\u663e\u793a\u5317\u7ea6\u56e2\u7ed3\u548c\u5bf9\u5916\u91ca\u653e\u5a01\u6151\u4fe1\u53f7\u3002", "events": [], "arguments": {"loc": [], "time": [], "country": [], "weapon": []}}, {"sentence": "\u62a5\u9053\u79f0\uff0c\u7f8e\u7a7a\u519b\u6d3e\u51fa\u76846\u67b6B-52\u8f70\u70b8\u673a\u5206\u4e3a2\u7ec4\uff0c\u7b2c\u4e00\u7ec4\u7531\u90e8\u7f72\u5728\u82f1\u56fd\u8d39\u5c14\u798f\u5fb7\u7a7a\u519b\u57fa\u5730\u76844\u67b6B-52\u8f70\u70b8\u673a\u7ec4\u6210\uff0c\u4efb\u52a1\u662f\u98de\u8d8a\u6b27\u6d32\u56fd\u5bb6\u7684\u4e0a\u7a7a\uff0c\u7b2c2\u7ec4\u7531\u90e8\u7f72\u5728\u7f8e\u56fd\u5317\u8fbe\u79d1\u4ed6\u5dde\u7c73\u8bfa\u7279\u7a7a\u519b\u57fa\u5730\u76842\u67b6B-52\u8f70\u70b8\u673a\u7ec4\u6210\uff0c\u8d1f\u8d23\u98de\u8d8a\u7f8e\u56fd\u548c\u52a0\u62ff\u5927\u7684\u4e0a\u7a7a\u3002", "events": [], "arguments": {"loc": [{"text": "\u5317\u8fbe\u79d1\u4ed6\u5dde\u7c73\u8bfa\u7279\u7a7a\u519b\u57fa\u5730", "offset": 76, "length": 12}], "time": [{"text": "\u8d39\u5c14\u798f\u5fb7\u7a7a\u519b\u57fa\u5730", "offset": 33, "length": 8}], "country": [{"text": "\u82f1\u56fd", "offset": 31, "length": 2}, {"text": "\u7f8e\u56fd", "offset": 105, "length": 2}], "weapon": []}}, {"sentence": "B-52\u6cbf\u9014\u6240\u8fc7\u4e4b\u5904\uff0c\u52a0\u62ff\u5927\u3001\u5fb7\u56fd\u3001\u6cd5\u56fd\u3001\u82f1\u56fd\u3001\u610f\u5927\u5229\u3001\u571f\u8033\u5176\u7b49\u5317\u7ea6\u6210\u5458\u56fd\u5148\u540e\u51fa\u52a8\u7ea680\u67b6\u6218\u673a\uff0c\u4e3a\u7f8e\u673a\u63d0\u4f9b\u62a4\u822a\u3001\u7a7a\u4e2d\u52a0\u6cb9\u548c\u5176\u4ed6\u4f34\u98de\u652f\u6301\u3002", "events": [], "arguments": {"loc": [], "time": [], "country": [{"text": "\u52a0\u62ff\u5927", "offset": 11, "length": 3}, {"text": "\u5fb7\u56fd", "offset": 15, "length": 2}, {"text": "\u6cd5\u56fd", "offset": 18, "length": 2}, {"text": "\u82f1\u56fd", "offset": 21, "length": 2}, {"text": "\u610f\u5927\u5229", "offset": 24, "length": 3}, {"text": "\u571f\u8033\u5176", "offset": 28, "length": 3}], "weapon": [{"text": "B-52", "offset": 0, "length": 4}]}}, {"sentence": "\u9a7b\u6b27\u7f8e\u519b\u53f8\u4ee4\u90e8\u53d1\u8868\u58f0\u660e\u79f0\uff0c\u8fd9\u9879\u884c\u52a8\u540d\u4e3a\u201c\u8054\u76df\u5929\u7a7a\u201d\uff0c\u65e8\u5728\u5c55\u793a\u5317\u7ea6\u7684\u56e2\u7ed3\uff0c\u589e\u5f3a\u6218\u5907\u72b6\u6001\uff0c\u57f9\u517b\u7f8e\u56fd\u548c\u76df\u53cb\u53c2\u4e0e\u673a\u7ec4\u7684\u534f\u4f5c\u914d\u5408\u80fd\u529b\u3002", "events": [], "arguments": {"loc": [], "time": [], "country": [], "weapon": []}}, {"sentence": "\u58f0\u660e\u8fd8\u5f3a\u8c03\uff0c\u8fd9\u662f\u7f8e\u519b\u201c\u8f70\u70b8\u673a\u7279\u9063\u961f\u201d\u7684\u7279\u522b\u884c\u52a8\uff0c\u201c\u5e76\u975e\u54cd\u5e94\u5f53\u524d\u6b27\u6d32\u53d1\u751f\u7684\u4efb\u4f55\u653f\u6cbb\u4e8b\u4ef6\u201d\u3002", "events": [], "arguments": {"loc": [], "time": [], "country": [], "weapon": []}}, {"sentence": "\u7f8e\u56fd\u9a7b\u6b27\u6d32\u90e8\u961f\u53f8\u4ee4\u6258\u5fb7\u00b7\u6c83\u5c14\u7279\u65af\u79f0\uff0c\u201c\u7f8e\u56fd\u606a\u5b88\u5bf9\u5317\u7ea6\u540c\u76df\u56fd\u7684\u5b89\u5168\u627f\u8bfa\u3002", "events": [], "arguments": {"loc": [], "time": [], "country": [], "weapon": []}}, {"sentence": "\u201d\u201c\u4eca\u5929\u7684\u8f70\u70b8\u673a\u7279\u9063\u961f\u4efb\u52a1\uff0c\u662f\u5f70\u663e\u5317\u7ea6\u540c\u76df\u5982\u4f55\u7ef4\u6301\u6218\u5907\u72b6\u6001\uff0c\u6539\u5584\u4e92\u64cd\u4f5c\u6027\uff0c\u5c55\u793a\u7f8e\u519b\u5c65\u884c\u6a2a\u8de8\u5927\u897f\u6d0b\u627f\u8bfa\u80fd\u529b\u7684\u53c8\u4e00\u6b21\u5177\u4f53\u793a\u8303\u3002", "events": [], "arguments": {"loc": [], "time": [], "country": [], "weapon": []}}, {"sentence": "\u201d", "events": [], "arguments": {"loc": [], "time": [], "country": [], "weapon": []}}, {"sentence": "\u7136\u800c\u300a\u9632\u52a1\u65b0\u95fb\u300b\u8ba4\u4e3a\uff0c\u5728\u5168\u7403\u5371\u673a\u4e2d\u51fa\u52a8\u6838\u8f70\u70b8\u673a\uff0c\u662f\u7f8e\u56fd\u4e94\u89d2\u5927\u697c\u5a01\u6151\u7b56\u7565\u7684\u5173\u952e\u5de5\u5177\u3002", "events": [], "arguments": {"loc": [], "time": [], "country": [], "weapon": []}}, {"sentence": "\u5f53\u524d\u5317\u7ea6\u4e1c\u90e8\u4fa7\u7ffc\u9762\u4e34\u56fd\u9645\u6ce2\u52a8\uff0c\u6ce2\u7f57\u7684\u6d77\u7b49\u56fd\u975e\u5e38\u62c5\u5fc3\u4fc4\u7f57\u65af\u5728\u8fb9\u5883\u5730\u5e26\u589e\u6d3e\u5175\u529b\u3002", "events": [], "arguments": {"loc": [], "time": [], "country": [], "weapon": []}}, {"sentence": "\u8fd1\u65e5\uff0c\u767d\u4fc4\u7f57\u65af\u53d1\u751f\u7684\u653f\u6cbb\u98ce\u6ce2\uff0c\u4e5f\u53ef\u80fd\u6ce2\u53ca\u6ce2\u5170\u548c\u6ce2\u7f57\u7684\u6d77\u4e09\u56fd\u5b89\u5168\u3002", "events": [], "arguments": {"loc": [], "time": [], "country": [], "weapon": []}}, {"sentence": "\u540c\u65f6\u7f8e\u56fd\u7279\u6717\u666e\u653f\u5e9c\u9891\u7e41\u5bf9\u5317\u7ea6\u76df\u53cb\u63d0\u51fa\u201c\u589e\u52a0\u519b\u8d39\u5f00\u652f\u5360\u6bd4\u201d\u7684\u8981\u6c42\uff0c\u53cc\u65b9\u88c2\u75d5\u8d8a\u6765\u8d8a\u660e\u663e\uff1b\u518d\u52a0\u4e0a\u8fd1\u6765\u540c\u4e3a\u5317\u7ea6\u6210\u5458\u56fd\u7684\u5e0c\u814a\u548c\u571f\u8033\u5176\u53c8\u56e0\u4e89\u593a\u6d77\u6d0b\u6743\u76ca\u800c\u5251\u62d4\u5f29\u5f20\uff0c\u5c55\u793a\u201c\u5317\u7ea6\u5185\u90e8\u56e2\u7ed3\u201d\u7684\u53e3\u53f7\u663e\u5f97\u7a7a\u767d\u65e0\u529b\u3002", "events": [], "arguments": {"loc": [], "time": [], "country": [], "weapon": []}}, {"sentence": "\u800c\u5728\u5bf9\u5916\u91ca\u653e\u5a01\u6151\u4fe1\u53f7\u65b9\u9762\uff0c\u6b64\u4e3e\u4e5f\u906d\u5230\u4fc4\u7f57\u65af\u7684\u53cd\u51fb\u3002", "events": [], "arguments": {"loc": [], "time": [], "country": [], "weapon": []}}, {"sentence": "\u7531\u4e8e\u7f8e\u519b\u6b64\u6b21\u90e8\u7f72\u6b27\u6d32\u7684B-52\u5747\u5177\u5907\u6838\u6253\u51fb\u80fd\u529b\uff0c\u6709\u5206\u6790\u4eba\u58eb\u63a8\u6d4b\uff0cB-52\u5728\u98de\u884c\u4e2d\u53ef\u80fd\u6a21\u62df\u4f7f\u7528\u6838\u5bfc\u5f39\u6253\u51fb\u4fc4\u7f57\u65af\u76ee\u6807\uff0c\u6b64\u524d\u7f8e\u56fd\u5c31\u66fe\u51fa\u52a8B-52\u6a21\u62df\u6253\u51fb\u4fc4\u7f57\u65af\u9996\u90fd\u83ab\u65af\u79d1\u3002", "events": [], "arguments": {"loc": [], "time": [], "country": [], "weapon": []}}, {"sentence": "\u7f8e\u519b\u8f70\u70b8\u673a\u7684\u884c\u52a8\u906d\u5230\u4fc4\u519b\u7684\u5f3a\u529b\u56de\u5e94\u3002", "events": [], "arguments": {"loc": [], "time": [], "country": [], "weapon": []}}, {"sentence": "\u4fc4\u7f57\u65af\u56fd\u9632\u90e8\u6307\u6325\u4e2d\u5fc3\u79f0\uff0c28\u65e5\uff0c\u4fc4\u519b\u4e24\u67b6\u82cf-27\u6218\u6597\u673a\u5728\u6ce2\u7f57\u7684\u6d77\u4e0a\u7a7a\u5347\u7a7a\u62e6\u622a\u7f8e\u519bB-52\u6218\u7565\u8f70\u70b8\u673a\u3002", "events": [], "arguments": {"loc": [], "time": [], "country": [], "weapon": [{"text": "\u82cf-27\u6218\u6597\u673a", "offset": 20, "length": 7}]}}, {"sentence": "\u201c\u4fc4\u7f57\u65af\u6218\u6597\u673a\u4ee5\u5b89\u5168\u8ddd\u79bb\u63a5\u8fd1\u7a7a\u4e2d\u76ee\u6807\uff0c\u5e76\u786e\u5b9a\u5176\u4e3a\u7f8e\u519bB-52\u6218\u7565\u8f70\u70b8\u673a\u201d\u3002", "events": [], "arguments": {"loc": [], "time": [], "country": [], "weapon": []}}, {"sentence": "\u5728\u7f8e\u56fd\u519b\u673a\u8f6c\u79bb\u4fc4\u7f57\u65af\u8fb9\u5883\u540e\uff0c\u4fc4\u6218\u6597\u673a\u987a\u5229\u8fd4\u56de\u9a7b\u624e\u673a\u573a\u3002", "events": [], "arguments": {"loc": [], "time": [], "country": [], "weapon": []}}, {"sentence": "\u4e94\u89d2\u5927\u697c29\u65e5\u8868\u793a\uff0c\u4fc4\u519b\u82cf-27\u6218\u673a\u5bf9\u7f8e\u519bB-52\u8f70\u70b8\u673a\u8fdb\u884c\u4e86\u201c\u4e0d\u5b89\u5168\u4e14\u4e0d\u4e13\u4e1a\u201d\u7684\u62e6\u622a\u3002", "events": [], "arguments": {"loc": [], "time": [], "country": [], "weapon": []}}]