[{"sentence": "\u4e2d\u56fd\u961f\u593a\u5f97\u201c\u56fd\u9645\u519b\u4e8b\u6bd4\u8d5b-2020\u201d\u5766\u514b\u4e24\u9879\u5355\u8f66\u8d5b\u6842\u51a0", "events": [], "arguments": {"loc": [], "time": [], "country": [], "weapon": []}}, {"sentence": "\u5f53\u5730\u65f6\u95f429\u65e5\uff0c\u201c\u56fd\u9645\u519b\u4e8b\u6bd4\u8d5b-2020\u201d\u5766\u514b\u4e24\u9879\u5728\u963f\u62c9\u6bd4\u8bfa\u9776\u573a\u8fdb\u884c\u5355\u8f66\u8d5b\u9636\u6bb5\u7b2c1\u7ec4\u7b2c5\u573a\u6bd4\u8d5b\uff0c\u6bd4\u8d5b\u4e2d\uff0c\u6211\u519b701\u6218\u8f66\u7387\u5148\u8fdb\u5165\u5c04\u51fb\u9635\u4f4d\u5e76\u5b8c\u6210\u706b\u70ae\u5c04\u51fb\uff0c\u867d\u5728\u706b\u70ae\u5c04\u51fb\u4e2d\u51fa\u73b0\u7b2c\u4e09\u53d1\u8131\u9776\u548c\u901a\u8fc7\u6ce5\u6cde\u4fa7\u503e\u5761\u65f6\u4fa7\u6ed1\u522e\u6746\u73b0\u8c61\uff0c\u4f46701\u8f66\u7ec4\u8fc5\u901f\u8c03\u6574\u5fc3\u6001\uff0c\u5728\u63a5\u4e0b\u6765\u7684\u7ade\u901f\u6bd4\u62fc\u4e2d\uff0c\u4e0e\u767d\u4fc4\u7f57\u65af\u3001\u963f\u585e\u62dc\u7586\u3001\u585e\u5c14\u7ef4\u4e9a3\u4e2a\u56fd\u5bb6\u53c2\u8d5b\u961f\u5c55\u5f00\u4e86\u6fc0\u70c8\u4e89\u593a\u3002", "events": [], "arguments": {"loc": [], "time": [], "country": [], "weapon": []}}, {"sentence": "\u6700\u7ec8\uff0c\u4e2d\u56fd\u961f701\u8f66\u7ec4\u4ee522\u520654\u79d2 \u7684\u6210\u7ee9\u7387\u5148\u901a\u8fc7\u4e86\u7ec8\u70b9\u3002", "events": [], "arguments": {"loc": [], "time": [], "country": [], "weapon": []}}, {"sentence": "\u7a7a\u964d\u6392\u9879\u76ee\u8fdb\u884c\u5b9a\u70b9\u8df3\u4f1e\u8bfe\u76ee\u6bd4\u62fc", "events": [], "arguments": {"loc": [], "time": [], "country": [], "weapon": []}}, {"sentence": "\u5f53\u5929\uff0c\u201c\u56fd\u9645\u519b\u4e8b\u6bd4\u8d5b\u201d\u7a7a\u964d\u6392\u9879\u76ee\u4e5f\u8fdb\u5165\u4e86\u7b2c\u56db\u9636\u6bb5\u3002", "events": [], "arguments": {"loc": [], "time": [], "country": [], "weapon": []}}, {"sentence": "\u6bcf\u4e2a\u56fd\u5bb6\u53c2\u8d5b\u961f\u6d3e\u51fa3\u540d\u8df3\u4f1e\u5458\u643a\u5e26\u6218\u6597\u88c5\u5177\u548c\u6b66\u5668\u4ece1200\u7c73\u9ad8\u7a7a\u79bb\u673a\uff0c\u4e0b\u964d\u8fc7\u7a0b\u4e2d\u5bfb\u627e\u7740\u9646\u70b9\uff0c\u5e76\u964d\u843d\u5728\u76f4\u5f8430cm \u7684\u7ea2\u8272\u9776\u5fc3\u4e0a\u3002", "events": [], "arguments": {"loc": [], "time": [], "country": [], "weapon": []}}, {"sentence": "\u6bd4\u8d5b\u4e2d\uff0c\u4e2d\u56fd\u53c2\u8d5b\u961f\u5458\u51c6\u786e\u5224\u65ad\u98ce\u901f\uff0c\u628a\u63e1\u98ce\u5411\uff0c\u6c89\u7a33\u64cd\u7eb5\u964d\u843d\u4f1e\uff0c\u65e0\u4e00\u4eba\u504f\u79bb\u9776\u6807\u533a\u57df\u3002", "events": [], "arguments": {"loc": [], "time": [], "country": [], "weapon": []}}, {"sentence": "\u6700\u7ec8\uff0c\u51ed\u501f\u7cbe\u6e5b\u7684\u6280\u672f\u53d6\u5f97\u4e86\u7b2c\u4e8c\u540d\u3002", "events": [], "arguments": {"loc": [], "time": [], "country": [], "weapon": []}}, {"sentence": " \uff08\u603b\u53f0\u592e\u89c6\u8bb0\u8005 \u5f20\u56ed\uff09", "events": [], "arguments": {"loc": [], "time": [], "country": [], "weapon": []}}, {"sentence": "\uff08\u603b\u53f0\u592e\u89c6\u8bb0\u8005 \u5f20\u56ed\uff09", "events": [], "arguments": {"loc": [], "time": [], "country": [], "weapon": []}}]