[{"sentence": "\u8fbd\u5b81\u8230\u6700\u65b0\u8bad\u7ec3\u753b\u9762\u66dd\u5149 \u76f4\u51fb\u6b7c-15\u8230\u8f7d\u673a\u822a\u6bcd\u8d77\u964d\u5168\u7a0b", "events": [], "arguments": {"loc": [], "time": [], "country": [], "weapon": []}}, {"sentence": "\u5927\u5bb6\u770b\u5230\u7684\u662f\u8fbd\u5b81\u8230\u7684\u6700\u65b0\u8bad\u7ec3\u753b\u9762\uff0c\u8fd9\u7ec4\u753b\u9762\u8ba9\u6211\u4eec\u4e00\u7779\u6b7c-15\u8230\u8f7d\u673a\u8d77\u964d\u7684\u5168\u7a0b\u7ec6\u8282\u3002", "events": [], "arguments": {"loc": [], "time": [], "country": [], "weapon": [{"text": "\u6b7c-15\u8230\u8f7d\u673a", "offset": 26, "length": 7}, {"text": "\u8fbd\u5b81\u8230", "offset": 6, "length": 3}]}}, {"sentence": "\u5176\u5b9e\u6b64\u524d\u6b7c-15\u8230\u8f7d\u6218\u6597\u673a\u5728\u822a\u6bcd\u4e0a\u8d77\u964d\u65f6\uff0c\u8fd9\u4e2a\u201c\u8d70\u4f60\u201d\u4e5f\u88ab\u7f51\u53cb\u4eec\u79f0\u4e3a\u201c\u822a\u6bcdStyle\u201d\u7684\u653e\u98de\u624b\u52bf\uff0c\u5c31\u66fe\u5728\u7f51\u7edc\u4e0a\u5237\u8fc7\u5c4f\uff0c\u76f8\u4fe1\u5927\u5bb6\u5bf9\u8fd9\u4e2a\u624b\u52bf\u4e5f\u5f88\u719f\u6089\u4e86\u3002", "events": [], "arguments": {"loc": [], "time": [], "country": [], "weapon": []}}, {"sentence": "\u800c\u5728\u6b64\u6b21\u6700\u65b0\u7684\u8fbd\u5b81\u8230\u8bad\u7ec3\u753b\u9762\u4e2d\uff0c\u6211\u4eec\u53c8\u4ece\u6b7c-15\u8230\u8f7d\u673a\u5ea7\u8231\u5185\u7684\u89c6\u89d2\uff0c\u770b\u5230\u4e86\u98de\u884c\u5458\u8fd9\u4e2a\u5e05\u6c14\u7684\u624b\u52bf\u52a8\u4f5c\uff0c\u8fd9\u662f\u8230\u8f7d\u673a\u98de\u884c\u5458\u5728\u7a7a\u4e2d\u7f16\u961f\u98de\u884c\u65f6\uff0c\u76f8\u4e92\u4e4b\u95f4\u9ed8\u5951\u914d\u5408\u7684\u624b\u52bf\uff0c\u4e5f\u53ef\u4ee5\u8bf4\u662f\u4e00\u79cd\u6307\u4ee4\u3002", "events": [], "arguments": {"loc": [], "time": [], "country": [], "weapon": []}}, {"sentence": "\u4e0d\u4e00\u6837\u7684\u624b\u52bf\u52a8\u4f5c\u8868\u793a\u7684\u662f\u4e0d\u4e00\u6837\u7684\u98de\u884c\u59ff\u6001\u548c\u7f16\u961f\u5f62\u5f0f\u3002", "events": [], "arguments": {"loc": [], "time": [], "country": [], "weapon": []}}, {"sentence": "\u800c\u5728\u8fd9\u6b21\u6700\u65b0\u7684\u8fbd\u5b81\u8230\u8bad\u7ec3\u753b\u9762\u4e2d\uff0c\u8230\u8f7d\u6218\u6597\u673a\u98de\u884c\u5458\u8fd8\u6709\u90a3\u4e9b\u786c\u6838\u7684\u64cd\u4f5c\uff1f", "events": [], "arguments": {"loc": [], "time": [], "country": [], "weapon": []}}, {"sentence": "\u4e0b\u9762\u7ee7\u7eed\u5e26\u4f60\u9886\u7565\u6d77\u5929\u4e4b\u95f4\u7684\u7cbe\u5f69\u77ac\u95f4\uff01", "events": [], "arguments": {"loc": [], "time": [], "country": [], "weapon": []}}, {"sentence": "\u5728\u8fbd\u5b81\u8230\u6700\u65b0\u7684\u8bad\u7ec3\u753b\u9762\u4e2d\uff0c\u6211\u4eec\u8fd8\u770b\u5230\u4e86\u6b7c-15\u8230\u8f7d\u673a\u6302\u8f7d\u5bfc\u5f39\u4ece\u8fbd\u5b81\u8230\u4e0a\u6ed1\u8dc3\u8d77\u98de\u5e76\u7ec4\u6210\u4e03\u673a\u7f16\u961f\u5728\u7a7a\u4e2d\u98de\u884c\u3002", "events": [{"trigger": {"text": "\u6ed1\u8dc3\u8d77\u98de", "offset": 35, "length": 4}, "subject": {"text": "\u6b7c-15\u8230\u8f7d\u673a\u6302\u8f7d\u5bfc\u5f39", "offset": 19, "length": 11}, "object": {"text": "", "offset": 0, "length": 0}}], "arguments": {"loc": [], "time": [], "country": [], "weapon": []}}, {"sentence": "\u5e26\u5f39\u8d77\u98de\u6709\u4ec0\u4e48\u96be\u5ea6\uff1f", "events": [], "arguments": {"loc": [], "time": [], "country": [], "weapon": []}}, {"sentence": "\u4e03\u673a\u7f16\u961f\u98de\u884c\uff0c\u53c8\u6709\u7740\u600e\u6837\u7684\u610f\u4e49\uff1f", "events": [], "arguments": {"loc": [], "time": [], "country": [], "weapon": []}}, {"sentence": "\u6765\u542c\u519b\u4e8b\u4e13\u5bb6\u5c39\u5353\u7684\u89e3\u8bfb\u3002", "events": [], "arguments": {"loc": [], "time": [], "country": [], "weapon": []}}, {"sentence": "\u519b\u4e8b\u4e13\u5bb6 \u5c39\u5353\uff1a \u9996\u5148\u4e00\u4e2a\uff0c\u6211\u4eec\u6b7c-15\u7684\u5e26\u5f39\u4f5c\u6218\u884c\u52a8\u5df2\u7ecf\u975e\u5e38\u5b8c\u6574\u4e86\uff0c\u4e5f\u5c31\u662f\u8bf4\uff0c\u5b83\u73b0\u5728\u5df2\u7ecf\u8fdb\u5165\u4e86\u9ad8\u7b49\u6218\u672f\u8bad\u7ec3\u7684\u7ea7\u522b\u3002", "events": [], "arguments": {"loc": [], "time": [], "country": [], "weapon": []}}, {"sentence": "\u56e0\u4e3a\u5b83\u5e26\u5f39\u51fa\u822a\uff0c\u540c\u65f6\u8fd4\u56de\u7684\u65f6\u5019\uff0c\u5f39\u5927\u6982\u5df2\u7ecf\u53d1\u5c04\u4e86\uff0c\u8bf4\u660e\u5b83\u8fdb\u884c\u4e86\u6218\u672f\u8bad\u7ec3\u3002", "events": [], "arguments": {"loc": [], "time": [], "country": [], "weapon": []}}, {"sentence": "\u90a3\u4e48\u53ef\u80fd\u662f\u7a7a\u7a7a\u5bf9\u6297\uff0c\u4e5f\u53ef\u80fd\u662f\u7a7a\u6d77\u5bf9\u6297\u3002", "events": [], "arguments": {"loc": [], "time": [], "country": [], "weapon": []}}, {"sentence": "\u8bf4\u660e\u6211\u4eec\u6b7c-15\u7684\u5e26\u5f39\u8d77\u98de\u5e94\u8be5\u8bf4\u662f\u6280\u672f\u5f88\u6210\u719f\uff0c\u56e0\u4e3a\u8230\u8f7d\u673a\uff0c\u7279\u522b\u662f\u6ed1\u8dc3\u8d77\u98de\u8fd9\u79cd\uff0c\u5bf9\u5f39\u7684\u957f\u77ed\u3001\u98de\u673a\u7684\u91cd\u91cf\u662f\u6709\u5f88\u4e25\u683c\u7684\u8981\u6c42\u7684\u3002", "events": [], "arguments": {"loc": [], "time": [], "country": [], "weapon": []}}, {"sentence": "\u6ed1\u8dc3\u8d77\u98de\u5e26\u5f39\u6bd4\u5f39\u5c04\u8d77\u98de\u7684\u8981\u6c42\u8981\u66f4\u9ad8\u4e00\u4e9b\uff0c\u56e0\u4e3a\u5b83\u6ca1\u6709\u5f39\u5c04\u5668\u7684\u52a9\u98de\uff0c\u6240\u4ee5\u98de\u673a\u5e26\u5f39\u91cf\u662f\u53d7\u4e25\u683c\u9650\u5236\u7684\u3002", "events": [], "arguments": {"loc": [], "time": [], "country": [], "weapon": []}}, {"sentence": "\u5e26\u7684\u5f39\u8d8a\u591a\uff0c\u5e26\u7684\u6cb9\u91cf\u5c31\u8d8a\u5c11\uff0c\u4f5c\u6218\u534a\u5f84\u5c31\u8d8a\u77ed\u3002", "events": [], "arguments": {"loc": [], "time": [], "country": [], "weapon": []}}, {"sentence": "\u53e6\u5916\uff0c\u6b7c-15\u8d77\u98de\u7684\u95f4\u9694\u65f6\u95f4\u5e94\u8be5\u662f\u6bd4\u8f83\u77ed\u7684\uff0c\u80fd\u591f\u8fc5\u901f\u5728\u7a7a\u4e2d\u5f62\u6210\u4e00\u4e2a\u4e03\u673a\u7f16\u961f\u3002", "events": [], "arguments": {"loc": [], "time": [], "country": [], "weapon": []}}, {"sentence": "\u6211\u4eec\u60f3\u7b2c\u4e00\u67b6\u98de\u673a\u548c\u7b2c\u4e03\u67b6\u98de\u673a\uff0c\u5728\u7a7a\u4e2d\u7ec4\u6210\u7f16\u961f\u662f\u7b2c\u4e00\u67b6\u8d77\u98de\u7684\u98de\u673a\u8981\u5728\u7a7a\u57df\u7b49\u5f85\u7b2c\u4e03\u67b6\u98de\u673a\u8d77\u6765\u4ee5\u540e\uff0c\u5171\u540c\u7f16\u961f\uff0c\u7136\u540e\u51fa\u822a\uff0c\u8fdb\u884c\u5c0f\u578b\u7f16\u961f\u7684\u4e00\u4e2a\u7a81\u51fb\u3002", "events": [], "arguments": {"loc": [], "time": [], "country": [], "weapon": []}}, {"sentence": "\u800c\u4e14\u6574\u4e2a\u7684\u8fbd\u5b81\u8230\u53ef\u4ee5\u5e2620\u591a\u67b6\u98de\u673a\uff0c\u4eca\u540e\u7ec4\u6210\u51e0\u4e2a\u7f16\u961f\u53ef\u4ee5\u540c\u65f6\u5bf9\u4e0d\u540c\u65b9\u5411\u7684\u7a7a\u57df\u5c55\u793a\u593a\u53d6\u5236\u7a7a\u6743\u3001\u5bf9\u5730\u7684\u76f4\u63a5\u653b\u51fb\u6216\u8005\u662f\u8fd1\u8ddd\u79bb\u7684\u706b\u529b\u652f\u63f4\uff0c\u8fd9\u4e9b\u4efb\u52a1\u5b83\u90fd\u80fd\u591f\u5b8c\u6210\u3002", "events": [], "arguments": {"loc": [], "time": [], "country": [], "weapon": []}}, {"sentence": "\u8fd9\u79cd\u7f16\u961f\u8d77\u98de\u3001\u7f16\u961f\u653b\u51fb\u3001\u7f16\u961f\u8fd4\u822a\u6761\u4ef6\u7684\u8fd9\u79cd\u884c\u52a8\u8bf4\u660e\u6b7c-15\u6574\u4e2a\u7684\u8230\u8f7d\u673a\u7684\u64cd\u4f5c\u548c\u5b83\u7684\u6218\u672f\u8bad\u7ec3\u5df2\u7ecf\u5f62\u6210\u4e00\u4e2a\u5b8c\u6574\u7684\u4f53\u7cfb\uff0c\u6211\u4eec\u6b7c-15\u7684\u4f5c\u6218\u80fd\u529b\u5e94\u8be5\u8bf4\u662f\u5f62\u6210\u4e86\u6574\u88c5\u7684\u4f5c\u6218\u80fd\u529b\u4e86\u3002", "events": [], "arguments": {"loc": [], "time": [], "country": [], "weapon": []}}, {"sentence": "\uff08\u603b\u53f0\u592e\u89c6\u8bb0\u8005 \u90ed\u4fca\uff09", "events": [], "arguments": {"loc": [], "time": [], "country": [], "weapon": []}}, {"sentence": "\uff08\u603b\u53f0\u592e\u89c6\u8bb0\u8005 \u90ed\u4fca\uff09", "events": [], "arguments": {"loc": [], "time": [], "country": [], "weapon": []}}]