[{"sentence": "\u7f8e\u519b\u56db\u5927\u6d77\u4e0a\u636e\u70b9\uff0c\u5984\u56fe\u5bf9\u4e2d\u56fd\u201c\u7f51\u515c\u5f62\u201d\u56f4\u5835\u2026\u2026", "events": [], "arguments": {"loc": [], "time": [], "country": [], "weapon": []}}, {"sentence": "8\u670828\u65e5\u96f6\u70b9", "events": [], "arguments": {"loc": [], "time": [{"text": "8\u670828\u65e5\u96f6\u70b9", "offset": 0, "length": 7}], "country": [], "weapon": []}}, {"sentence": "\u5357\u90e8\u6218\u533a\u56de\u5e94", "events": [], "arguments": {"loc": [], "time": [], "country": [], "weapon": []}}, {"sentence": "\u7f8e\u519b\u8230\u64c5\u95ef\u6211\u897f\u6c99\u9886\u6d77", "events": [], "arguments": {"loc": [{"text": "\u897f\u6c99\u9886\u6d77", "offset": 6, "length": 4}], "time": [], "country": [], "weapon": []}}, {"sentence": "\u7f8e\u56fd\u4e0d\u65ad\u5728\u5370\u592a\u5730\u533a\u8fdb\u884c\u6240\u8c13\u7684", "events": [], "arguments": {"loc": [], "time": [], "country": [{"text": "\u7f8e\u56fd", "offset": 0, "length": 2}], "weapon": []}}, {"sentence": "\u201c\u822a\u884c\u81ea\u7531\u884c\u52a8\u201d", "events": [], "arguments": {"loc": [], "time": [], "country": [], "weapon": []}}, {"sentence": "\u4e3b\u8981\u4f9d\u97604\u4e2a\u519b\u4e8b\u57fa\u5730", "events": [], "arguments": {"loc": [], "time": [], "country": [], "weapon": []}}, {"sentence": "\u2026\u2026", "events": [], "arguments": {"loc": [], "time": [], "country": [], "weapon": []}}, {"sentence": "\u7f8e\u519b\u201c\u9a6c\u65af\u5ef7\u201d\u53f7\u9a71\u9010\u8230\u64c5\u95ef\u897f\u6c99", "events": [{"trigger": {"text": "\u64c5\u95ef", "offset": 11, "length": 2}, "subject": {"text": "\u7f8e\u519b\u201c\u9a6c\u65af\u5ef7\u201d\u53f7\u9a71\u9010\u8230", "offset": 0, "length": 11}, "object": {"text": "", "offset": 0, "length": 0}}], "arguments": {"loc": [], "time": [], "country": [{"text": "\u64c5\u95ef", "offset": 11, "length": 2}], "weapon": [{"text": "\u201c\u9a6c\u65af\u5ef7\u201d\u53f7\u9a71\u9010\u8230", "offset": 2, "length": 9}]}}, {"sentence": "\u89e3\u653e\u519b\u8b66\u544a\u9a71\u79bb", "events": [], "arguments": {"loc": [], "time": [], "country": [], "weapon": []}}, {"sentence": "8\u670828\u65e5\u96f6\u70b9\uff0c\u5357\u90e8\u6218\u533a\u53d1\u5e03\u6d88\u606f\u79f0\uff0c8\u670827\u65e5\uff0c\u7f8e\u519b\u201c\u9a6c\u65af\u5ef7\u201d\u53f7\u5bfc\u5f39\u9a71\u9010\u8230\u64c5\u81ea\u95ef\u5165\u4e2d\u56fd\u897f\u6c99\u9886\u6d77\uff0c\u4e2d\u56fd\u4eba\u6c11\u89e3\u653e\u519b\u5357\u90e8\u6218\u533a\u7ec4\u7ec7\u6d77\u7a7a\u5175\u529b\u5168\u7a0b\u5bf9\u5176\u8ddf\u8e2a\u76d1\u89c6\u3001\u67e5\u8bc1\u8bc6\u522b\uff0c\u5e76\u4e88\u4ee5\u8b66\u544a\u9a71\u79bb\u3002", "events": [], "arguments": {"loc": [], "time": [], "country": [], "weapon": []}}, {"sentence": "\u4e8b\u5b9e\u4e0a\uff0c\u8fd9\u5df2\u7ecf\u4e0d\u662f\u201c\u9a6c\u65af\u5ef7\u201d\u53f7\u7b2c\u4e00\u6b21\u88ab\u4e2d\u65b9\u70b9\u540d\u3002", "events": [], "arguments": {"loc": [], "time": [], "country": [], "weapon": []}}, {"sentence": "\u25b2 \u201c\u9a6c\u65af\u5ef7\u201d\u53f7\u9a71\u9010\u8230\uff08\u8d44\u6599\u56fe\uff09", "events": [], "arguments": {"loc": [], "time": [], "country": [], "weapon": []}}, {"sentence": "\uff08\u8d44\u6599\u56fe\uff09", "events": [], "arguments": {"loc": [], "time": [], "country": [], "weapon": []}}, {"sentence": "8\u670818\u65e5\uff0c\u201c\u9a6c\u65af\u5ef7\u201d\u53f7\u9a71\u9010\u8230\u5c31\u81ea\u5317\u5411\u5357\u7a7f\u822a\u53f0\u6e7e\u6d77\u5ce1\u3002", "events": [], "arguments": {"loc": [], "time": [], "country": [], "weapon": []}}, {"sentence": "19\u65e5\uff0c\u4e2d\u56fd\u4eba\u6c11\u89e3\u653e\u519b\u4e1c\u90e8\u6218\u533a\u65b0\u95fb\u53d1\u8a00\u4eba\u5f20\u6625\u6656\u7a7a\u519b\u5927\u6821\u8868\u793a\uff0c\u4e1c\u90e8\u6218\u533a\u7ec4\u7ec7\u6d77\u7a7a\u5175\u529b\u5168\u7a0b\u5bf9\u7f8e\u8230\u8fdb\u884c\u4e86\u8ddf\u8e2a\u76d1\u89c6\u3002", "events": [], "arguments": {"loc": [], "time": [], "country": [], "weapon": []}}, {"sentence": "\u201c\u9a6c\u65af\u5ef7\u201d\u53f7\u662f\u7f8e\u519b\u201c\u963f\u5229\u4f2f\u514b\u7ea7\u201d\u9a71\u9010\u8230\uff0c\u6ee1\u8f7d\u6392\u6c34\u91cf9200\u591a\u5428\u3002", "events": [], "arguments": {"loc": [], "time": [], "country": [], "weapon": []}}, {"sentence": "\u914d\u5907SPY-1D\u76f8\u63a7\u9635\u96f7\u8fbe\u7cfb\u7edf\uff0c\u88c5\u6709MK-41\u5782\u76f4\u53d1\u5c04\u7cfb\u7edf\uff0c\u8f7d\u5f39\u91cf\u4e3a90\u679a\uff0c\u4e3b\u8981\u914d\u5907\u6807\u51c6SM-2\u5bfc\u5f39\uff0c\u8fd8\u914d\u6709\u53cd\u6f5c\u76f4\u5347\u673a\u3002", "events": [], "arguments": {"loc": [], "time": [], "country": [], "weapon": []}}, {"sentence": "\u8be5\u8230\u4e3b\u8981\u662f\u5c06\u8230\u961f\u9632\u7a7a\u89c6\u4e3a\u4e3b\u8981\u4f5c\u6218\u4efb\u52a1\u3002", "events": [], "arguments": {"loc": [], "time": [], "country": [], "weapon": []}}, {"sentence": "\u7f8e\u5370\u592a\u6218\u7565\u56db\u5927\u636e\u70b9", "events": [], "arguments": {"loc": [], "time": [], "country": [], "weapon": []}}, {"sentence": "\u5984\u56fe\u5bf9\u4e2d\u56fd\u5f62\u6210\u7f51\u515c\u5f62\u5408\u56f4", "events": [], "arguments": {"loc": [], "time": [], "country": [], "weapon": []}}, {"sentence": "\u7f8e\u56fd\u4e0d\u65ad\u5728\u5370\u592a\u5730\u533a\u8fdb\u884c\u6240\u8c13\u7684\u201c\u822a\u884c\u81ea\u7531\u884c\u52a8\u201d\uff0c\u5b9e\u9645\u4e0a\u4e3b\u8981\u4f9d\u9760\u7684\u5c31\u662f4\u4e2a\u519b\u4e8b\u57fa\u5730\uff1a", "events": [], "arguments": {"loc": [], "time": [], "country": [], "weapon": []}}, {"sentence": "01", "events": [], "arguments": {"loc": [], "time": [], "country": [], "weapon": []}}, {"sentence": "\u897f\u5317\u592a\u5e73\u6d0b\u636e\u70b9\uff1a\u6a2a\u987b\u8d3a\u57fa\u5730", "events": [], "arguments": {"loc": [], "time": [], "country": [], "weapon": []}}, {"sentence": "\u7f8e\u519b\u6a2a\u987b\u8d3a\u6d77\u519b\u57fa\u5730\u4f4d\u4e8e\u65e5\u672c\u672c\u5dde\u5c9b\u4e1c\u4eac\u6e7e\u5165\u53e3\u5904\u4e1c\u5cb8\u7684\u6a2a\u987b\u8d3a\u6e2f\uff0c\u6e2f\u5185\u6c34\u57df\u5f00\u9614\uff0c\u53ef\u540c\u65f6\u505c\u6cca\u5305\u62ec\u822a\u6bcd\u5728\u5185\u7684\u5404\u79cd\u8230\u8247300\u4f59\u8258\u3002", "events": [], "arguments": {"loc": [], "time": [], "country": [], "weapon": []}}, {"sentence": "\u5b83\u4e5f\u662f\u7f8e\u56fd\u56fd\u571f\u4ee5\u5916\u552f\u4e00\u4e00\u5904\u5177\u6709\u822a\u7a7a\u6bcd\u8230\u6bcd\u6e2f\u673a\u80fd\u7684\u6e2f\u53e3\uff0c\u76ee\u524d\u4f5c\u4e3a\u7f8e\u56fd\u201c\u91cc\u6839\u201d\u53f7\u822a\u6bcd\u7684\u6bcd\u6e2f\u3002", "events": [], "arguments": {"loc": [], "time": [], "country": [], "weapon": [{"text": "\u201c\u91cc\u6839\u201d\u53f7\u822a\u6bcd", "offset": 33, "length": 7}]}}, {"sentence": "\u64c5\u95ef\u897f\u6c99\u9886\u6d77\u7684\u201c\u9a6c\u65af\u5ef7\u201d\u53f7\u9a71\u9010\u8230\uff0c\u6bcd\u6e2f\u4e5f\u5728\u6b64\u3002", "events": [], "arguments": {"loc": [], "time": [], "country": [], "weapon": []}}, {"sentence": "02", "events": [], "arguments": {"loc": [], "time": [], "country": [], "weapon": []}}, {"sentence": "\u897f\u592a\u5e73\u6d0b\u636e\u70b9\uff1a\u5173\u5c9b\u6d77\u519b\u57fa\u5730", "events": [], "arguments": {"loc": [], "time": [], "country": [], "weapon": []}}, {"sentence": "\u5173\u5c9b\u6d77\u519b\u57fa\u5730\uff0c\u4f4d\u4e8e\u897f\u592a\u5e73\u6d0b\u9a6c\u91cc\u4e9a\u7eb3\u7fa4\u5c9b\u4e2d\u6700\u5927\u3001\u4eba\u53e3\u6700\u5bc6\u7684\u5c9b\u5c7f\u5173\u5c9b\u4e0a\u3002", "events": [], "arguments": {"loc": [], "time": [], "country": [], "weapon": []}}, {"sentence": "\u8fd9\u91cc\u662f\u7f8e\u519b\u897f\u592a\u5e73\u6d0b\u4f5c\u6218\u4f53\u7cfb\u7684\u91cd\u8981\u6218\u7565\u652f\u70b9\u548c\u8054\u7cfb\u672c\u571f\u4e0e\u4e1c\u4e9a\u7684\u91cd\u8981\u67a2\u7ebd\u3002", "events": [], "arguments": {"loc": [], "time": [], "country": [], "weapon": []}}, {"sentence": "\u5173\u5c9b\u7684\u963f\u666e\u62c9\u6e2f\u5185\u53ef\u540c\u65f6\u505c\u6cca80\u4f59\u8258\u8230\u8247\u3002", "events": [], "arguments": {"loc": [], "time": [], "country": [], "weapon": []}}, {"sentence": "\u7f8e\u519b\u76ee\u524d\u5c06\u5173\u5c9b\u4f5c\u4e3a\u6218\u7565\u8f70\u70b8\u673a\u3001\u653b\u51fb\u6838\u6f5c\u8247\u7684\u524d\u6cbf\u4f5c\u6218\u57fa\u5730\u548c\u5f39\u836f\u3001\u822a\u7a7a\u71c3\u6cb9\u50a8\u5b58\u7ad9\u3002", "events": [], "arguments": {"loc": [], "time": [], "country": [], "weapon": []}}, {"sentence": "\u5df2\u5728\u5173\u5c9b\u90e8\u7f72\u4e8663\u679aAGM\u201486C\u578b\u7a7a\u5c04\u5de1\u822a\u5bfc\u5f39\uff0c\u5efa\u6210\u4e86\u7f8e\u7a7a\u519b\u7b2c\u4e8c\u5927\u822a\u7a7a\u71c3\u6cb9\u50a8\u5e93\uff0c\u540c\u65f6\u7ec4\u5efa\u4e86\u7b2c15\u6f5c\u8247\u4e2d\u961f\uff0c\u5e76\u5df2\u90e8\u7f724\u8258\u201c\u6d1b\u6749\u77f6\u201d\u7ea7\u6838\u52a8\u529b\u653b\u51fb\u6f5c\u8247\u3002", "events": [], "arguments": {"loc": [], "time": [], "country": [], "weapon": []}}, {"sentence": "03", "events": [], "arguments": {"loc": [], "time": [], "country": [], "weapon": []}}, {"sentence": "\u897f\u5357\u592a\u5e73\u6d0b\u636e\u70b9\uff1a\u8fbe\u5c14\u6587\u6e2f\u6d77\u519b\u57fa\u5730", "events": [], "arguments": {"loc": [], "time": [], "country": [], "weapon": []}}, {"sentence": "\u8fbe\u5c14\u6587\u662f\u6fb3\u5927\u5229\u4e9a\u5317\u9886\u5730\u7684\u9996\u5e9c\uff0c\u5728\u7b2c\u4e8c\u6b21\u4e16\u754c\u5927\u6218\u671f\u95f4\u66fe\u662f\u76df\u519b\u91cd\u8981\u7684\u519b\u4e8b\u57fa\u5730\uff0c\u4e5f\u662f\u552f\u4e00\u7ecf\u5386\u8fc7\u6218\u4e89\u7684\u6fb3\u5927\u5229\u4e9a\u57ce\u5e02\u3002", "events": [], "arguments": {"loc": [], "time": [], "country": [], "weapon": []}}, {"sentence": "\u4ece\u5730\u7406\u4f4d\u7f6e\u4e0a\u6765\u770b\uff0c\u8fbe\u5c14\u6587\u662f\u6fb3\u5927\u5229\u4e9a\u8ddd\u79bb\u4e9a\u6d32\u6700\u8fd1\u7684\u5730\u533a\u3002", "events": [], "arguments": {"loc": [], "time": [], "country": [], "weapon": []}}, {"sentence": "\u56e0\u6b64\uff0c\u7f8e\u519b\u7684\u8230\u8247\u548c\u98de\u673a\u4ece\u8fd9\u91cc\u51fa\u53d1\uff0c\u5f88\u5feb\u5c31\u53ef\u4ee5\u8fdb\u5165\u5357\u6d77\u7b49\u70ed\u70b9\u533a\u57df\u3002", "events": [], "arguments": {"loc": [], "time": [], "country": [], "weapon": []}}, {"sentence": "04", "events": [], "arguments": {"loc": [], "time": [], "country": [], "weapon": []}}, {"sentence": "\u5370\u5ea6\u6d0b\u636e\u70b9\uff1a\u8fea\u6208\u52a0\u897f\u4e9a", "events": [], "arguments": {"loc": [], "time": [], "country": [], "weapon": []}}, {"sentence": "\u4f4d\u4e8e\u5370\u5ea6\u6d0b\u4e2d\u90e8\u7684\u8fea\u6208\u52a0\u897f\u4e9a\u5c9b\u603b\u9762\u79ef\u53ea\u6709\u5927\u7ea630\u5e73\u65b9\u516c\u91cc\uff0c\u5374\u6709\u7740\u6781\u5176\u91cd\u8981\u7684\u6218\u7565\u5730\u4f4d\uff0c\u662f\u82f1\u5c5e\u5370\u5ea6\u6d0b\u9886\u5730\u7684\u4e00\u90e8\u5206\u3002", "events": [], "arguments": {"loc": [], "time": [], "country": [], "weapon": []}}, {"sentence": "\u4e0a\u4e16\u7eaa60\u5e74\u4ee3\u540e\uff0c\u7f8e\u56fd\u4e0e\u82f1\u56fd\u7b7e\u8ba2\u534f\u8bae\uff0c\u79df\u501f\u4e86\u8be5\u5c9b\uff0c\u5728\u5c9b\u4e0a\u4fee\u5efa\u4e86\u5927\u578b\u673a\u573a\uff0c\u53ef\u8d77\u964d\u5305\u62ec\u6218\u7565\u8f70\u70b8\u673a\u5728\u5185\u3001\u7f8e\u519b\u73b0\u5f79\u51e0\u4e4e\u6240\u6709\u578b\u53f7\u7684\u98de\u673a\uff0c\u8fd9\u91cc\u4e5f\u6210\u4e3a\u652f\u6491\u7f8e\u519b\u5168\u7403\u6218\u7565\u884c\u52a8\u7684\u91cd\u8981\u67a2\u7ebd\u4e4b\u4e00\u3002", "events": [], "arguments": {"loc": [], "time": [], "country": [], "weapon": []}}, {"sentence": "\u4ece\u8fd94\u4e2a\u636e\u70b9\u7684\u90e8\u7f72\u4e0d\u96be\u770b\u51fa\uff0c\u5728\u5370\u5ea6\u6d0b\u548c\u592a\u5e73\u6d0b\u65b9\u5411\uff0c\u7f8e\u6d77\u519b\u6b63\u5984\u56fe\u5bf9\u4e2d\u56fd\u5f62\u6210\u4e00\u4e2a\u7f51\u515c\u5f62\u7684\u5408\u56f4\u4e4b\u52bf\u3002", "events": [], "arguments": {"loc": [], "time": [], "country": [], "weapon": []}}, {"sentence": "\u4e13\u5bb6\uff1a\u7f8e\u57fa\u5730\u6784\u6210\u5c9b\u94fe\u6548\u5e94 \u5bf9\u534e\u5b9e\u73b0\u201c\u534a\u73af\u5f62\u201d\u56f4\u5835", "events": [], "arguments": {"loc": [], "time": [], "country": [], "weapon": []}}, {"sentence": "\u6d3e\u519b\u8230\u98de\u673a\u9891\u7e41\u6311\u8845\uff0c\u5728\u4e2d\u56fd\u5468\u8fb9\u5347\u7ea7\u57fa\u5730\uff0c\u7f8e\u56fd\u7a76\u7adf\u6253\u7740\u600e\u6837\u7684\u7b97\u76d8\uff1f", "events": [], "arguments": {"loc": [], "time": [], "country": [], "weapon": []}}, {"sentence": "\u519b\u4e8b\u4e13\u5bb6\u675c\u6587\u9f99\u5206\u6790\uff1a", "events": [], "arguments": {"loc": [], "time": [], "country": [], "weapon": []}}, {"sentence": "\u8fd9\u51e0\u4e2a\u57fa\u5730\u6784\u6210\u4e00\u4e2a\u5c9b\u94fe\u6548\u5e94\uff0c\u56f4\u7ed5\u5728\u4e2d\u56fd\u5468\u8fb9\uff0c\u7f8e\u56fd\u548c\u76df\u56fd\u628a\u7efc\u5408\u6027\u57fa\u5730\u8fdb\u884c\u4e86\u8054\u5408\u5f00\u53d1\u3001\u8054\u5408\u5efa\u8bbe\uff0c\u4e3b\u8981\u76ee\u6807\u662f\u201c\u534a\u73af\u5f62\u201d\u8d8b\u52bf\uff0c\u5bf9\u4e2d\u56fd\u5468\u8fb9\u6784\u6210\u6bd4\u8f83\u5927\u7684\u5a01\u80c1\u4e0e\u6311\u6218\u3002", "events": [], "arguments": {"loc": [], "time": [], "country": [], "weapon": []}}, {"sentence": "\u76ee\u524d\u770b\uff0c\u7f8e\u56fd\u7279\u522b\u5173\u6ce8\u5370\u5ea6\u6d0b\u65b9\u5411\u548c\u592a\u5e73\u6d0b\u65b9\u5411\uff0c\u4e89\u53d6\u901a\u8fc7\u5357\u6d77\u8fde\u63a5\u6548\u5e94\uff0c\u8ba9\u4e24\u6d0b\u6218\u7565\u9010\u6e10\u5f62\u6210\u3002", "events": [], "arguments": {"loc": [], "time": [], "country": [], "weapon": []}}, {"sentence": "\u5982\u679c\u628a\u4e24\u5927\u6d0b\u8054\u5408\u5728\u4e00\u8d77\uff0c\u4eca\u540e\u5728\u592a\u5e73\u6d0b\u548c\u5370\u5ea6\u6d0b\u4e4b\u95f4\uff0c\u7f8e\u56fd\u53ef\u80fd\u505a\u66f4\u591a\u7684\u5de5\u4f5c\uff0c\u8054\u5408\u76df\u56fd\u5bf9\u4e2d\u56fd\u56f4\u5835\u80fd\u529b\u4e5f\u4f1a\u5448\u500d\u589e\u8d8b\u52bf\u3002", "events": [], "arguments": {"loc": [], "time": [], "country": [], "weapon": []}}]