[{"sentence": "\u4fc4\u5916\u4ea4\u90e8\uff1a\u7f8e\u5728\u5168\u7403\u90e8\u7f72\u9646\u57fa\u4e2d\u7a0b\u5bfc\u5f39\u6781\u5177\u98ce\u9669\u00a0\u5c06\u5f15\u53d1\u519b\u5907\u7ade\u8d5b", "events": [], "arguments": {"loc": [], "time": [], "country": [], "weapon": []}}, {"sentence": "\u3010\u73af\u7403\u7f51\u519b\u4e8b\u62a5\u9053\u3011", "events": [], "arguments": {"loc": [], "time": [], "country": [], "weapon": []}}, {"sentence": "\u4fc4\u7f57\u65af\u536b\u661f\u901a\u8baf\u793e8\u670827\u65e5\u62a5\u9053\uff0c\u4fc4\u7f57\u65af\u5916\u4ea4\u90e8\u53d1\u8a00\u4eba\u739b\u4e3d\u4e9a\u00b7\u624e\u54c8\u7f57\u5a03\u8868\u793a\uff0c\u7f8e\u56fd\u5728\u4e16\u754c\u4e0d\u540c\u5730\u533a\u90e8\u7f72\u9646\u57fa\u4e2d\u7a0b\u548c\u4e2d\u77ed\u7a0b\u5bfc\u5f39\u5c06\u662f\u6781\u5177\u98ce\u9669\u7684\u4e00\u6b65\uff0c\u5e76\u5f15\u53d1\u65b0\u4e00\u8f6e\u519b\u5907\u7ade\u8d5b\u3002", "events": [], "arguments": {"loc": [], "time": [{"text": "8\u670827\u65e5", "offset": 8, "length": 5}], "country": [{"text": "\u4fc4\u7f57\u65af", "offset": 16, "length": 3}], "weapon": []}}, {"sentence": "\u624e\u5361\u7f57\u5a0327\u65e5\u5728\u65b0\u95fb\u53d1\u5e03\u4f1a\u4e0a\u8bf4\uff1a\u201c\u4ece\u56fd\u9645\u548c\u5730\u533a\u5b89\u5168\u89d2\u5ea6\u6765\u770b\uff0c\u7f8e\u56fd\u5728\u4e16\u754c\u5404\u4e2a\u5730\u533a\u90e8\u7f72\u9646\u57fa\u4e2d\u7a0b\u548c\u4e2d\u77ed\u7a0b\u5bfc\u5f39\u5c06\u662f\u6781\u4e3a\u5371\u9669\u548c\u7834\u574f\u7a33\u5b9a\u7684\u4e00\u6b65\u3002", "events": [], "arguments": {"loc": [], "time": [], "country": [], "weapon": []}}, {"sentence": "\u6211\u4eec\u8ba4\u4e3a\uff0c\u8fd9\u4e5f\u5c06\u5f15\u53d1\u65b0\u4e00\u8f6e\u519b\u5907\u7ade\u8d5b\uff0c\u5176\u540e\u679c\u7edd\u5bf9\u65e0\u6cd5\u9884\u6d4b\u3002", "events": [], "arguments": {"loc": [], "time": [], "country": [], "weapon": []}}, {"sentence": "\u201d", "events": [], "arguments": {"loc": [], "time": [], "country": [], "weapon": []}}, {"sentence": "\u5979\u5f3a\u8c03\uff1a\u201c\u6beb\u65e0\u7591\u95ee\uff0c\u5728\u4fc4\u7f57\u65af\u5883\u5185\u51fa\u73b0\u66f4\u591a\u5bfc\u5f39\u98ce\u9669\u5c06\u5f15\u53d1\u6211\u56fd\u7acb\u5373\u505a\u51fa\u53cd\u5e94\u3002", "events": [], "arguments": {"loc": [], "time": [], "country": [], "weapon": []}}, {"sentence": "\u6211\u4eec\u575a\u4fe1\uff0c\u5728\u8fd9\u79cd\u60c5\u51b5\u4e0b\uff0c\u552f\u4e00\u7406\u667a\u548c\u5408\u7406\u7684\u63aa\u65bd\u662f\u901a\u8fc7\u653f\u6cbb\u548c\u5916\u4ea4\u624b\u6bb5\u5171\u540c\u5bfb\u6c42\u5f7c\u6b64\u90fd\u80fd\u63a5\u53d7\u7684\u5f53\u524d\u5c40\u52bf\u89e3\u51b3\u529e\u6cd5\u3002", "events": [], "arguments": {"loc": [], "time": [], "country": [], "weapon": []}}, {"sentence": "\u201d", "events": [], "arguments": {"loc": [], "time": [], "country": [], "weapon": []}}, {"sentence": "\u65e9\u4e9b\u65f6\u5019\uff0c\u7f8e\u56fd\u603b\u7edf\u519b\u63a7\u4e8b\u52a1\u7279\u4f7f\u9a6c\u6b47\u5c14\u00b7\u6bd4\u6797\u65af\u5229\u5728\u63a5\u53d7\u65e5\u672c\u300a\u65e5\u7ecf\u65b0\u95fb\u300b\u91c7\u8bbf\u65f6\u8868\u793a\uff0c\u5728\u5a01\u80c1\u65e5\u76ca\u589e\u52a0\u7684\u60c5\u51b5\u4e0b\uff0c\u7f8e\u56fd\u8ba1\u5212\u4e0e\u4e00\u7cfb\u5217\u4e9a\u6d32\u56fd\u5bb6\u8ba8\u8bba\u5982\u4f55\u6539\u5584\u5bf9\u76df\u56fd\u7684\u4fdd\u62a4\uff0c\u5305\u62ec\u53ef\u80fd\u90e8\u7f72\u9646\u57fa\u4e2d\u77ed\u7a0b\u5bfc\u5f39\u3002", "events": [], "arguments": {"loc": [], "time": [], "country": [{"text": "\u7f8e\u56fd", "offset": 52, "length": 2}], "weapon": []}}, {"sentence": "2019\u5e748\u6708\uff0c\u636e\u79f0\u7531\u4e8e\u4fc4\u7f57\u65af\u8fdd\u53cd\u300a\u4e2d\u5bfc\u6761\u7ea6\u300b\uff0c\u7f8e\u56fd\u51b3\u5b9a\u9000\u51fa\u8be5\u6761\u7ea6\uff0c\u6b64\u540e\u4f5c\u4e3a\u5168\u7403\u6218\u7565\u7a33\u5b9a\u7cfb\u7edf\u652f\u67f1\u4e4b\u4e00\u7684\u300a\u4e2d\u5bfc\u6761\u7ea6\u300b\u88ab\u7834\u574f\u3002", "events": [], "arguments": {"loc": [], "time": [], "country": [], "weapon": []}}, {"sentence": "\u534e\u76db\u987f\u6307\u8d23\u83ab\u65af\u79d1\u7814\u5236\u5e76\u6d4b\u8bd5\u4e86\u88ab\u7981\u6b62\u76849M729\u578b\u5bfc\u5f39\uff08\u5317\u7ea6\u4ee3\u53f7\u4e3aSSC-8\uff09\u3002", "events": [], "arguments": {"loc": [], "time": [], "country": [], "weapon": [{"text": "9M729\u578b\u5bfc\u5f39", "offset": 18, "length": 8}]}}, {"sentence": "\u83ab\u65af\u79d1\u58f0\u79f0\u8be5\u5bfc\u5f39\u7684\u5c04\u7a0b\u4e0d\u8db3500\u516c\u91cc\uff0c\u5728\u5141\u8bb8\u8303\u56f4\u5185\u3002", "events": [], "arguments": {"loc": [], "time": [], "country": [], "weapon": []}}]