[{"sentence": "\u7f8e\u81c6\u6d4b\u4e2d\u56fd\u5411\u5357\u6d77\u5c04\u201c\u822a\u6bcd\u6740\u624b\u201d\uff0c\u4e24\u56fd\u5b98\u65b9\u5747\u672a\u8bc1\u5b9e\u5a92\u4f53\u62a5\u9053\u5185\u5bb9", "events": [], "arguments": {"loc": [], "time": [], "country": [], "weapon": []}}, {"sentence": "\u3010\u73af\u7403\u65f6\u62a5\u8bb0\u8005 \u90ed\u5a9b\u4e39\u3011", "events": [], "arguments": {"loc": [], "time": [], "country": [], "weapon": []}}, {"sentence": "\u4e3a\u5411\u7f8e\u56fd\u793a\u5a01\uff0c\u4e2d\u56fd\u671d\u5357\u6d77\u53d1\u5c04\u201c\u822a\u6bcd\u6740\u624b\u201d\uff01", "events": [], "arguments": {"loc": [], "time": [], "country": [{"text": "\u4e2d\u56fd", "offset": 7, "length": 2}], "weapon": []}}, {"sentence": "\u5728\u5f53\u524d\u4e2d\u7f8e\u4e24\u519b\u9891\u7e41\u4f20\u51fa\u7d27\u5f20\u52a8\u5411\u4e4b\u9645\uff0c\u7f8e\u56fd\u5a92\u4f53\u8fc5\u901f\u5c06\u8fd9\u6761\u52b2\u7206\u6d88\u606f\u653e\u4e0a\u663e\u773c\u4f4d\u7f6e\uff0c\u5e76\u6307\u8d23\u6b64\u4e3e\u53ef\u80fd\u8ba9\u5357\u6d77\u5c40\u52bf\u5347\u7ea7\u3002", "events": [], "arguments": {"loc": [], "time": [], "country": [], "weapon": []}}, {"sentence": "\u300a\u73af\u7403\u65f6\u62a5\u300b\u8bb0\u8005\u6ce8\u610f\u5230\uff0c\u5c3d\u7ba1\u7f8e\u56fd\u5a92\u4f53\u7092\u5f97\u5f88\u70ed\uff0c\u4f46\u4e2d\u7f8e\u5b98\u65b9\u5e76\u6ca1\u6709\u8bc1\u5b9e\u76f8\u5173\u62a5\u9053\u3002", "events": [], "arguments": {"loc": [], "time": [], "country": [], "weapon": []}}, {"sentence": "\u9999\u6e2f\u300a\u5357\u534e\u65e9\u62a5\u300b\u6700\u65e9\u4f20\u51fa\u76f8\u5173\u6d88\u606f\u3002", "events": [], "arguments": {"loc": [], "time": [], "country": [], "weapon": []}}, {"sentence": "\u62a5\u9053\u63f4\u5f15\u201c\u4e00\u540d\u63a5\u8fd1\u4e2d\u56fd\u519b\u65b9\u7684\u6d88\u606f\u4eba\u58eb\u201d\u7684\u8bdd\u79f0\uff0c\u89e3\u653e\u519b\u4e8e26\u65e5\u4e0a\u5348\u5411\u5357\u6d77\u53d1\u5c04\u4e24\u679a\u5bfc\u5f39\uff0c\u5411\u7f8e\u56fd\u53d1\u51fa\u201c\u660e\u786e\u8b66\u544a\u201d\u3002", "events": [], "arguments": {"loc": [{"text": "\u5357\u6d77", "offset": 33, "length": 2}], "time": [{"text": "26\u65e5\u4e0a\u5348", "offset": 27, "length": 5}], "country": [], "weapon": []}}, {"sentence": "\u636e\u79f0\uff0c\u8fd9\u4e24\u679a\u5bfc\u5f39\u5206\u522b\u662f\u4ece\u9752\u6d77\u53d1\u5c04\u7684\u201c\u4e1c\u98ce-26\u201d\u4e2d\u8fdc\u7a0b\u5f39\u9053\u5bfc\u5f39\uff0c\u4ee5\u53ca\u4ece\u6d59\u6c5f\u53d1\u5c04\u7684\u201c\u4e1c\u98ce-21D\u201d\u4e2d\u7a0b\u5f39\u9053\u5bfc\u5f39\u3002", "events": [{"trigger": {"text": "\u53d1\u5c04", "offset": 37, "length": 2}, "subject": {"text": "\u201c\u4e1c\u98ce-26\u201d\u4e2d\u8fdc\u7a0b\u5f39\u9053\u5bfc\u5f39", "offset": 17, "length": 14}, "object": {"text": "", "offset": 0, "length": 0}}], "arguments": {"loc": [], "time": [], "country": [], "weapon": []}}, {"sentence": "\u8be5\u6d88\u606f\u4eba\u58eb\u8bf4\uff0c\u4e24\u679a\u5bfc\u5f39\u843d\u5728\u4ecb\u4e8e\u6d77\u5357\u548c\u897f\u6c99\u7fa4\u5c9b\u4e4b\u95f4\u7684\u533a\u57df\u3002", "events": [], "arguments": {"loc": [], "time": [], "country": [], "weapon": []}}, {"sentence": "\u8fd9\u4e00\u6d88\u606f\u8fc5\u901f\u5f15\u8d77\u7f8e\u56fd\u5a92\u4f53\u7684\u5173\u6ce8\u3002", "events": [], "arguments": {"loc": [], "time": [], "country": [], "weapon": []}}, {"sentence": "\u7f8e\u8054\u793e\u8be6\u7ec6\u4ecb\u7ecd\u4e86\u8fd9\u4e24\u79cd\u5bfc\u5f39\u7684\u7279\u6027\uff0c\u201c\u2018\u4e1c\u98ce-21D\u2019\u80fd\u4ee5\u6781\u9ad8\u7cbe\u5ea6\u547d\u4e2d\u6d77\u4e0a\u822a\u6bcd\uff0c\u88ab\u79f0\u4e3a\u2018\u822a\u6bcd\u6740\u624b\u2019\uff0c\u2018\u4e1c\u98ce-26\u2019\u53ef\u4ee5\u643a\u5e26\u5e38\u89c4\u5f39\u5934\u6216\u6838\u5f39\u5934\uff0c\u6781\u5927\u63d0\u5347\u4e2d\u56fd\u8fdc\u7a0b\u6253\u51fb\u80fd\u529b\u201d\u3002", "events": [], "arguments": {"loc": [], "time": [], "country": [], "weapon": []}}, {"sentence": "\u7f8e\u56fd\u300a\u5927\u4f17\u673a\u68b0\u300b\u7f51\u7ad9\u79f0\uff0c\u201c\u4e1c\u98ce-26\u201d\u548c\u201c\u4e1c\u98ce-21D\u201d\u90fd\u662f\u53cd\u8230\u5f39\u9053\u5bfc\u5f39\uff0c\u201c\u4e1c\u98ce-21D\u201d\u7684\u5c04\u7a0b\u4e3a1800\u516c\u91cc\uff0c\u201c\u4e1c\u98ce-26\u201d\u53ef\u4ee5\u6253\u51fb4000\u516c\u91cc\u5916\u7684\u8230\u8247\u76ee\u6807\u3002", "events": [], "arguments": {"loc": [], "time": [], "country": [{"text": "\u7f8e\u56fd", "offset": 0, "length": 2}], "weapon": [{"text": "\u201c\u4e1c\u98ce-26\u201d", "offset": 56, "length": 7}, {"text": "\u201c\u4e1c\u98ce-21D", "offset": 37, "length": 7}]}}, {"sentence": "\u7f8e\u56fd\u5f6d\u535a\u793e27\u65e5\u7684\u62a5\u9053\u201c\u518d\u6dfb\u4e00\u628a\u706b\u201d\u3002", "events": [], "arguments": {"loc": [], "time": [], "country": [], "weapon": []}}, {"sentence": "\u8be5\u62a5\u9053\u79f0\uff0c\u533f\u540d\u7f8e\u56fd\u56fd\u9632\u5b98\u5458\u79f0\uff0c\u4e2d\u56fd\u4e8e26\u65e5\u53d1\u5c04\u4e864\u679a\u4e2d\u7a0b\u5f39\u9053\u5bfc\u5f39\uff0c\u51fb\u4e2d\u4f4d\u4e8e\u6d77\u5357\u5c9b\u548c\u897f\u6c99\u7fa4\u5c9b\u4e4b\u95f4\u7684\u5357\u6d77\u6d77\u57df\uff0c\u201c\u5317\u4eac\u5728\u5bf9\u7f8e\u56fd\u4fa6\u5bdf\u673a\u8fdb\u5165\u89e3\u653e\u519b\u6f14\u4e60\u7981\u98de\u533a\u53d1\u51fa\u8b66\u544a\u7684\u6b21\u65e5\u53d1\u5c04\u5bfc\u5f39\u201d\u3002", "events": [], "arguments": {"loc": [], "time": [], "country": [], "weapon": []}}, {"sentence": "\u76f8\u5bf9\u4e8e\u7f8e\u56fd\u5a92\u4f53\u7684\u5404\u79cd\u7092\u4f5c\uff0c\u4e94\u89d2\u5927\u697c\u5374\u6ca1\u6709\u6b63\u9762\u8bc1\u5b9e\u8fd9\u6b21\u5bfc\u5f39\u53d1\u5c04\u3002", "events": [], "arguments": {"loc": [], "time": [], "country": [], "weapon": []}}, {"sentence": "\u5f6d\u535a\u793e\u63d0\u5230\uff0c\u7f8e\u56fd\u6d77\u519b\u4e2d\u5c06\u65af\u79d1\u7279\u00b7\u5eb727\u65e5\u5728\u56de\u7b54\u4e0e\u5bfc\u5f39\u53d1\u5c04\u76f8\u5173\u95ee\u9898\u65f6\u8868\u793a\uff0c\u201c\u53ea\u8981\u4ed6\u4eec\uff08\u89e3\u653e\u519b\uff09\u662f\u6309\u7167\u56fd\u9645\u6cd5\u548c\u51c6\u5219\u884c\u4e8b\uff0c\u4ed6\u4eec\u5c31\u5b8c\u5168\u6709\u6743\u8fd9\u4e48\u505a\u201d\uff0c\u7f8e\u56fd\u5df2\u7ecf\u51c6\u5907\u597d\u201c\u5e94\u5bf9\u8be5\u5730\u533a\u7684\u4efb\u4f55\u5a01\u80c1\u201d\u3002", "events": [], "arguments": {"loc": [], "time": [], "country": [], "weapon": []}}, {"sentence": "\u4ed6\u5728\u56de\u7b54\u4e2d\u5e76\u6ca1\u6709\u8bc1\u5b9e\u89e3\u653e\u519b\u662f\u5426\u53d1\u5c04\u201c\u822a\u6bcd\u6740\u624b\u201d\uff0c\u53ea\u662f\u5f3a\u8c03\uff1a\u201c\u5982\u679c\u6240\u6709\u519b\u961f\u64cd\u4f5c\u90fd\u662f\u4e13\u4e1a\u7684\uff0c\u4f60\u5c31\u53ef\u4ee5\u8ba9\u6218\u8230\u4e5f\u524d\u5f80\u540c\u4e00\uff08\u8bd5\u9a8c\uff09\u6d77\u57df\u201d\u3002", "events": [], "arguments": {"loc": [], "time": [], "country": [], "weapon": []}}, {"sentence": "\u7f8e\u56fd\u300a\u661f\u6761\u65d7\u62a5\u300b27\u65e5\u79f0\uff0c\u6b63\u5728\u53c2\u52a0\u201c\u73af\u592a\u5e73\u6d0b\u201d\u591a\u56fd\u6f14\u4e60\u7684\u7f8e\u6d77\u519b\u7b2c\u4e09\u8230\u961f\u53f8\u4ee4\u65af\u79d1\u7279\u00b7\u5eb7\u6069\u8868\u793a\uff0c\u201c\u5df2\u6ce8\u610f\u5230\u4e2d\u56fd\u5411\u5357\u6d77\u53d1\u5c04\u5f39\u9053\u5bfc\u5f39\u7684\u5a92\u4f53\u62a5\u9053\uff0c\u4f46\u7f8e\u56fd\u575a\u6301\u5728\u8be5\u5730\u533a\u7684\u519b\u4e8b\u5b58\u5728\u201d\u3002", "events": [], "arguments": {"loc": [], "time": [], "country": [], "weapon": []}}, {"sentence": "\u7f8e\u56fd\u56fd\u9632\u90e8\u957f\u57c3\u65af\u73c027\u65e5\u5728\u590f\u5a01\u5937\u63a5\u53d7\u91c7\u8bbf\u65f6\u4e5f\u6ca1\u6709\u8bc1\u5b9e\u89e3\u653e\u519b\u76f8\u5173\u5bfc\u5f39\u53d1\u5c04\uff0c\u53ea\u63d0\u53ca\u201c\u4e2d\u56fd\u5728\u4e1c\u5357\u4e9a\u5c55\u793a\u5b9e\u529b\u4f3c\u4e4e\u6700\u4e3a\u660e\u663e\uff0c\u7279\u522b\u662f\u5728\u5357\u6d77\u5730\u533a\u201d\u3002", "events": [], "arguments": {"loc": [], "time": [], "country": [], "weapon": []}}, {"sentence": "\u300a\u73af\u7403\u65f6\u62a5\u300b\u8bb0\u8005\u6ce8\u610f\u5230\uff0c\u6b64\u524d\u89e3\u653e\u519b\u8bd5\u5c04\u201c\u4e1c\u98ce-41\u201d\u201c\u5de8\u6d6a-2\u201d\u7b49\u5f39\u9053\u5bfc\u5f39\u65f6\uff0c\u4e94\u89d2\u5927\u697c\u8bc1\u5b9e\u76f8\u5173\u53d1\u5c04\u6d3b\u52a8\u7684\u6807\u51c6\u7528\u8bed\u662f\u201c\u6211\u4eec\u5df2\u7ecf\u4e86\u89e3\u5230\u6700\u8fd1\u7684\u53d1\u5c04\uff0c\u5e76\u5c06\u6301\u7eed\u5173\u6ce8\u4e2d\u56fd\u6b66\u5668\u7684\u53d1\u5c55\u201d\u3002", "events": [], "arguments": {"loc": [], "time": [], "country": [], "weapon": []}}, {"sentence": "\u76f8\u5173\u4e13\u5bb627\u65e5\u5bf9\u300a\u73af\u7403\u65f6\u62a5\u300b\u8bb0\u8005\u8868\u793a\uff0c\u5982\u679c\u4e2d\u56fd\u53d1\u5c04\u62a5\u9053\u63d0\u53ca\u7684\u4e24\u578b\u5bfc\u5f39\uff0c\u7f8e\u56fd\u5bfc\u5f39\u9884\u8b66\u7cfb\u7edf\u5e94\u8be5\u80fd\u5f88\u5feb\u4fa6\u6d4b\u5230\u3002", "events": [], "arguments": {"loc": [], "time": [], "country": [], "weapon": []}}, {"sentence": "\u7f8e\u8054\u793e27\u65e5\u79f0\uff0c\u4e2d\u56fd\u56fd\u9632\u90e8\u8868\u793a\u89e3\u653e\u519b\u7684\u786e\u5728\u8be5\u5730\u533a\u8fdb\u884c\u4e86\u519b\u4e8b\u6f14\u4e60\uff0c\u4f46\u6ca1\u6709\u8bc1\u5b9e\u662f\u5426\u53d1\u5c04\u5bfc\u5f39\u6216\u5176\u4ed6\u7ec6\u8282\u3002", "events": [], "arguments": {"loc": [], "time": [], "country": [], "weapon": []}}, {"sentence": "\u4e2d\u56fd\u56fd\u9632\u90e8\u65b0\u95fb\u53d1\u8a00\u4eba\u5434\u8c2627\u65e5\u5728\u4f8b\u884c\u8bb0\u8005\u4f1a\u4e0a\u8868\u793a\uff0c\u201c\u4e2d\u56fd\u519b\u961f\u5728\u4f4d\u4e8e\u9752\u5c9b\u4e1c\u5357\u548c\u65c5\u987a\u4ee5\u897f\u9644\u8fd1\u6d77\u7a7a\u57df\uff0c\u5357\u6c99\u5c9b\u7901\u53ca\u5468\u8fb9\u3001\u897f\u6c99\u53ca\u5176\u4ee5\u5317\u9644\u8fd1\u6d77\u7a7a\u57df\uff0c\u7ec4\u7ec7\u4f8b\u884c\u6027\u519b\u4e8b\u6f14\u4e60\u3002", "events": [], "arguments": {"loc": [], "time": [], "country": [], "weapon": []}}, {"sentence": "\u4e0a\u8ff0\u6f14\u4e60\u4e0d\u9488\u5bf9\u4efb\u4f55\u56fd\u5bb6\u3002", "events": [], "arguments": {"loc": [], "time": [], "country": [], "weapon": []}}, {"sentence": "\u201d\u5434\u8c26\u572827\u65e5\u7684\u8bb0\u8005\u4f1a\u4e0a\u8fd8\u8868\u793a\uff0c\u201c\u4e00\u6bb5\u65f6\u95f4\u4ee5\u6765\uff0c\u7f8e\u65b9\u4e0d\u65ad\u6311\u8845\u6ecb\u4e8b\uff0c\u4e25\u91cd\u635f\u5bb3\u4e2d\u56fd\u4e3b\u6743\u5b89\u5168\u3001\u4e25\u91cd\u635f\u5bb3\u4e24\u56fd\u4e24\u519b\u5173\u7cfb\u3002", "events": [], "arguments": {"loc": [], "time": [], "country": [], "weapon": []}}, {"sentence": "\u4e2d\u65b9\u65e2\u4e0d\u4f1a\u968f\u7f8e\u8d77\u821e\uff0c\u4e5f\u4e0d\u4f1a\u4efb\u7f8e\u80e1\u6765\uff0c\u6211\u4eec\u91c7\u53d6\u6709\u529b\u4e3e\u63aa\uff0c\u575a\u5b9a\u634d\u536b\u4e86\u56fd\u5bb6\u4e3b\u6743\u3001\u5b89\u5168\u3001\u53d1\u5c55\u5229\u76ca\u3002", "events": [], "arguments": {"loc": [], "time": [], "country": [], "weapon": []}}, {"sentence": "\u201d", "events": [], "arguments": {"loc": [], "time": [], "country": [], "weapon": []}}, {"sentence": "\u9664\u4e86\u7f8e\u56fd\u519b\u673a\u8fd1\u65e5\u6301\u7eed\u7aa5\u63a2\u89e3\u653e\u519b\u6f14\u4e60\u533a\u57df\u5916\uff0c\u7f8e\u56fd\u6d77\u519b27\u65e5\u5728\u63a8\u7279\u4e0a\u8868\u793a\uff0c\u7f8e\u6d77\u519b\u5bfc\u5f39\u9a71\u9010\u8230\u201c\u9a6c\u65af\u5ef7\u201d\u53f7\u5728\u897f\u6c99\u7fa4\u5c9b\u9644\u8fd1\u6d77\u57df\u8fdb\u884c\u201c\u4f8b\u884c\u884c\u52a8\u201d\u3002", "events": [], "arguments": {"loc": [], "time": [], "country": [], "weapon": []}}, {"sentence": "\u89e3\u653e\u519b\u5357\u90e8\u6218\u533a\u65b0\u95fb\u53d1\u8a00\u4eba\u674e\u534e\u654f\u5927\u6821\u5f53\u5929\u8868\u793a\uff0c\u5357\u90e8\u6218\u533a\u7ec4\u7ec7\u6d77\u7a7a\u5175\u529b\u5168\u7a0b\u5bf9\u201c\u9a6c\u65af\u5ef7\u201d\u53f7\u8ddf\u8e2a\u76d1\u89c6\u3001\u67e5\u8bc1\u8bc6\u522b\uff0c\u5e76\u4e88\u4ee5\u8b66\u544a\u9a71\u79bb\u3002", "events": [], "arguments": {"loc": [], "time": [], "country": [], "weapon": []}}, {"sentence": "\u4e00\u4f4d\u533f\u540d\u4e13\u5bb627\u65e5\u5bf9\u300a\u73af\u7403\u65f6\u62a5\u300b\u8bb0\u8005\u8868\u793a\uff0c\u4e0d\u65ad\u5728\u5357\u6d77\u6311\u8d77\u4e8b\u7aef\u7684\u4e0d\u662f\u4e2d\u56fd\u800c\u662f\u7f8e\u56fd\u3002", "events": [], "arguments": {"loc": [], "time": [], "country": [], "weapon": []}}, {"sentence": "\u7f8e\u56fd\u8d8a\u662f\u8981\u5728\u5357\u6d77\u5c55\u793a\u5b58\u5728\uff0c\u4e0d\u65ad\u5bf9\u6211\u8fdb\u884c\u6311\u8845\uff0c\u4e0d\u65ad\u5bf9\u6211\u65bd\u538b\uff0c\u751a\u81f3\u5a01\u80c1\u5230\u9886\u571f\u4e3b\u6743\u5b89\u5168\uff0c\u6211\u4eec\u8d8a\u662f\u8981\u52a0\u5f3a\u6212\u5907\uff0c\u4e0d\u65ad\u63d0\u9ad8\u81ea\u8eab\u519b\u4e8b\u80fd\u529b\uff0c\u56e0\u4e3a\u80fd\u6218\u624d\u80fd\u6b62\u6218\uff0c\u540c\u65f6\u8981\u4fdd\u6301\u8db3\u591f\u7684\u5b9a\u529b\u3002", "events": [], "arguments": {"loc": [], "time": [], "country": [], "weapon": []}}]