[{"sentence": "\u7f8e\u519b\u6000\u7591\u597d\u4eba\u7406\u67e5\u5fb7\u53f7\u906d\u4eba\u7eb5\u706b\u00a0\u4e00\u540d\u6c34\u5175\u6b63\u63a5\u53d7\u8c03\u67e5", "events": [], "arguments": {"loc": [], "time": [], "country": [], "weapon": []}}, {"sentence": "\u3010\u73af\u7403\u7f51\u62a5\u9053 \u8bb0\u8005 \u5f90\u7490\u660e\u3011", "events": [], "arguments": {"loc": [], "time": [], "country": [], "weapon": []}}, {"sentence": "\u7f8e\u56fd\u6d77\u519b\u4ecd\u5728\u8c03\u67e5\u201c\u597d\u4eba\u7406\u67e5\u5fb7\u201d\u53f7\u4e24\u6816\u653b\u51fb\u8230\u7684\u706b\u707e\uff0c\u6709\u7f8e\u56fd\u56fd\u9632\u90e8\u5b98\u5458\u5411\u5a92\u4f53\u900f\u9732\uff0c\u4e00\u540d\u7f8e\u519b\u6c34\u5175\u88ab\u6000\u7591\u6545\u610f\u7eb5\u706b\uff0c\u5bfc\u81f4\u8fd9\u8258\u4e24\u6816\u653b\u51fb\u8230\u53d1\u751f\u4e25\u91cd\u706b\u707e\u3002", "events": [{"trigger": {"text": "\u706b\u707e", "offset": 66, "length": 2}, "subject": {"text": "\u4e24\u6816\u653b\u51fb\u8230", "offset": 57, "length": 5}, "object": {"text": "", "offset": 0, "length": 0}}], "arguments": {"loc": [], "time": [], "country": [], "weapon": []}}, {"sentence": "\u636eCNN\u7f51\u7ad98\u670827\u65e5\u62a5\u9053\uff0c\u4e24\u540d\u7f8e\u56fd\u56fd\u9632\u90e8\u5b98\u5458\u544a\u8bc9CNN\uff0c\u4e00\u540d\u7f8e\u56fd\u6c34\u5175\u6b63\u5728\u63a5\u53d7\u8baf\u95ee\uff0c\u4ed6\u88ab\u6000\u7591\u5728\u7f8e\u56fd\u6d77\u519b\u7684\u201c\u597d\u4eba\u7406\u67e5\u5fb7\u201d\u53f7\u4e24\u6816\u653b\u51fb\u8230\u4e0a\u6545\u610f\u7eb5\u706b\u3002", "events": [], "arguments": {"loc": [], "time": [{"text": "8\u670827\u65e5", "offset": 6, "length": 5}], "country": [{"text": "\u7f8e\u56fd", "offset": 47, "length": 2}], "weapon": []}}, {"sentence": "\u201c\u76ee\u524d\u6709\u4e00\u540d\u6f5c\u5728\u7684\u5acc\u7591\u4eba\u201d\uff0c\u4e00\u540d\u7f8e\u56fd\u5b98\u5458\u8bf4\uff0c\u4ed6\u540c\u65f6\u5f3a\u8c03\u76ee\u524d\u8fd8\u6ca1\u6709\u4eba\u88ab\u6307\u63a7\uff0c\u8c03\u67e5\u4ecd\u5728\u7ee7\u7eed\u3002", "events": [], "arguments": {"loc": [], "time": [], "country": [], "weapon": []}}, {"sentence": "\u7f8e\u56fd\u6d77\u519b\u65b9\u9762\u5219\u62d2\u7edd\u5bf9\u6b63\u5728\u8fdb\u884c\u7684\u8c03\u67e5\u7f6e\u8bc4\u3002", "events": [], "arguments": {"loc": [], "time": [], "country": [], "weapon": []}}, {"sentence": "\u201c\u597d\u4eba\u7406\u67e5\u5fb7\u201d\u53f7\u4e24\u6816\u653b\u51fb\u8230\u6b64\u524d\u66fe\u53d1\u751f\u4e25\u91cd\u706b\u707e\uff0c\u5927\u706b\u5728\u8fde\u7eed\u70e7\u4e864\u5929\u4e4b\u540e\u624d\u88ab\u6251\u706d\u3002", "events": [], "arguments": {"loc": [], "time": [], "country": [], "weapon": [{"text": "\u201c\u597d\u4eba\u7406\u67e5\u5fb7\u201d\u53f7\u4e24\u6816\u653b\u51fb\u8230", "offset": 0, "length": 13}]}}, {"sentence": "\u8d77\u706b\u65f6\u8be5\u8230\u6b63\u5728\u5723\u8fed\u6208\u8fdb\u884c\u7ef4\u62a4\u548c\u5347\u7ea7\u3002", "events": [], "arguments": {"loc": [], "time": [], "country": [], "weapon": []}}, {"sentence": "\u4e00\u5f00\u59cb\u8230\u5458\u4eec\u66fe\u8bd5\u56fe\u6251\u706d\u5927\u706b\uff0c\u4f46\u968f\u540e\u706b\u707e\u5f15\u8d77\u7206\u70b8\uff0c\u8230\u5458\u4eec\u88ab\u5168\u90e8\u758f\u6563\u3002", "events": [], "arguments": {"loc": [], "time": [], "country": [], "weapon": []}}, {"sentence": "\u201c\u597d\u4eba\u7406\u67e5\u5fb7\u201d\u53f7\u5c5e\u4e8e\u201c\u9ec4\u8702\u201d\u7ea7\u4e24\u6816\u653b\u51fb\u8230\uff0c\u662f\u7f8e\u519b\u4e00\u6b3e\u4e24\u6816\u767b\u9646\u4f5c\u6218\u7684\u6838\u5fc3\u88c5\u5907\u3002", "events": [], "arguments": {"loc": [], "time": [], "country": [], "weapon": [{"text": "\u201c\u9ec4\u8702\u201d\u7ea7\u4e24\u6816\u653b\u51fb\u8230", "offset": 10, "length": 10}]}}, {"sentence": "\u5f53\u65f6\u201c\u597d\u4eba\u7406\u67e5\u5fb7\u201d\u53f7\u6b63\u5728\u8239\u5382\u8fdb\u884c\u6539\u9020\u5347\u7ea7\uff0c\u4e3b\u8981\u662f\u4e3a\u4e86\u51c6\u5907\u5c06F-35B\u8230\u8f7d\u6218\u6597\u673a\u90e8\u7f72\u4e0a\u8230\u3002", "events": [], "arguments": {"loc": [], "time": [], "country": [], "weapon": []}}, {"sentence": "\u7f8e\u56fd\u6d77\u519b\u76ee\u524d\u53ea\u6709\u56db\u8258\u4e24\u6816\u653b\u51fb\u8230\u80fd\u591f\u90e8\u7f72F-35B\u6218\u6597\u673a\uff0c\u201c\u597d\u4eba\u7406\u67e5\u5fb7\u201d\u53f7\u5c31\u662f\u5176\u4e2d\u4e4b\u4e00\u3002", "events": [], "arguments": {"loc": [], "time": [], "country": [], "weapon": [{"text": "F-35B\u6218\u6597\u673a", "offset": 19, "length": 8}]}}, {"sentence": "\u5927\u706b\u5bfc\u81f4\u8fd9\u8258\u6392\u6c34\u91cf\u8fbe4\u4e07\u5428\u7684\u4e24\u6816\u653b\u51fb\u823014\u5c42\u7532\u677f\u4e2d\u768411\u5c42\u88ab\u6bc1\uff0c\u4e0a\u5c42\u5efa\u7b51\u4e5f\u4e25\u91cd\u635f\u574f\u3002", "events": [], "arguments": {"loc": [], "time": [], "country": [], "weapon": []}}, {"sentence": "\u5bf9\u4e8e\u8be5\u8230\u662f\u4fee\u8fd8\u662f\u62a5\u5e9f\u7684\u95ee\u9898\uff0c\u7f8e\u56fd\u519b\u65b9\u76ee\u524d\u4e5f\u8fd8\u672a\u4e0b\u5b9a\u8bba\u3002", "events": [], "arguments": {"loc": [], "time": [], "country": [], "weapon": []}}, {"sentence": "\u4f46\u5df2\u6709\u201c\u9ec4\u8702\u201d\u7ea7\u4e24\u6816\u653b\u51fb\u8230\u7684\u524d\u4efb\u8230\u957f\u8868\u793a\uff0c\u201c\u597d\u4eba\u7406\u67e5\u5fb7\u201d\u53f7\u672a\u6765\u53ef\u80fd\u88ab\u6c89\u5165\u5927\u6d77\u3002", "events": [], "arguments": {"loc": [], "time": [], "country": [], "weapon": []}}, {"sentence": "\u5c3d\u7ba1\u706b\u707e\u5bf9\u201c\u597d\u4eba\u7406\u67e5\u5fb7\u201d\u53f7\u9020\u6210\u4e86\u4e25\u91cd\u635f\u574f\uff0c\u4f46CNN\u7684\u519b\u4e8b\u5206\u6790\u5e08\u7ea6\u7ff0\u00b7\u67ef\u6bd4\u8868\u793a\uff0c\u8fd9\u4e9b\u95ee\u9898\u90fd\u662f\u53ef\u4ee5\u514b\u670d\u7684\u3002", "events": [], "arguments": {"loc": [], "time": [], "country": [], "weapon": []}}]