[{"sentence": "\u4fc4\u7f57\u65af\u5347\u7ea7\u7248\u7c73-35P\u5df2\u5f00\u59cb\u91cf\u4ea7\u00a0\u53ef\u6267\u884c\u6253\u51fb\u8fd0\u8f93\u7b49\u591a\u79cd\u4efb\u52a1", "events": [], "arguments": {"loc": [], "time": [], "country": [], "weapon": []}}, {"sentence": "\u3010\u73af\u7403\u7f51\u62a5\u9053 \u8bb0\u8005 \u9a6c\u5ca9\u3011", "events": [], "arguments": {"loc": [], "time": [], "country": [], "weapon": []}}, {"sentence": "\u636e\u300a\u7b80\u6c0f\u9632\u52a1\u5468\u520a\u300b\u7f51\u7ad98\u670825\u65e5\u62a5\u9053\uff0c\u4fc4\u7f57\u65afRostec\u516c\u53f8\u65e5\u524d\u5728\u65b0\u95fb\u53d1\u5e03\u4f1a\u4e0a\u5ba3\u5e03\uff0c\u5728\u5b8c\u6210\u98de\u884c\u6d4b\u8bd5\u540e\uff0c\u4ed6\u4eec\u5df2\u7ecf\u5f00\u59cb\u5728Rostvertol\u5de5\u5382\u751f\u4ea7\u7ecf\u8fc7\u5347\u7ea7\u7684\u7c73-35P\u653b\u51fb\u76f4\u5347\u673a\u3002", "events": [{"trigger": {"text": "\u751f\u4ea7", "offset": 70, "length": 2}, "subject": {"text": "\u4fc4\u7f57\u65afRostec\u516c\u53f8", "offset": 19, "length": 11}, "object": {"text": "\u7ecf\u8fc7\u5347\u7ea7\u7684\u7c73-35P\u653b\u51fb\u76f4\u5347\u673a", "offset": 72, "length": 15}}], "arguments": {"loc": [], "time": [{"text": "8\u670825\u65e5", "offset": 11, "length": 5}], "country": [{"text": "\u4fc4\u7f57\u65af", "offset": 19, "length": 3}], "weapon": []}}, {"sentence": "\u8be5\u76f4\u5347\u673a\u76ee\u524d\u6b63\u5728\u201c\u519b\u961f-2020\u201d\u9632\u52a1\u5c55\u89c8\u4e0a\u8fdb\u884c\u9759\u6001\u5c55\u793a\u3002", "events": [], "arguments": {"loc": [], "time": [], "country": [], "weapon": []}}, {"sentence": "\u7ecf\u8fc7\u5347\u7ea7\u540e\uff0c\u6b64\u76f4\u5347\u673a\u5b89\u88c5\u4e86\u5177\u6709\u7b2c\u4e09\u4ee3\u957f\u6ce2\u77e9\u9635\u70ed\u6210\u50cf\u7684\u76ee\u6807\u7784\u51c6\u7cfb\u7edf\u3001\u4e00\u4e2a\u9ad8\u5206\u8fa8\u7387\u5f69\u8272\u7535\u89c6\u6444\u50cf\u673a\u548c\u4e00\u4e2a\u6fc0\u5149\u6d4b\u8ddd\u4eea\u3002", "events": [], "arguments": {"loc": [], "time": [], "country": [], "weapon": []}}, {"sentence": "\u6b64\u5916\uff0c\u5b83\u7684\u5916\u90e8\u548c\u5185\u90e8\u7167\u660e\u4e5f\u9002\u5e94\u4e86\u7b2c\u4e09\u4ee3\u53ca\u4ee5\u4e0a\u591c\u89c6\u955c\u7684\u4f7f\u7528\u3002", "events": [], "arguments": {"loc": [], "time": [], "country": [], "weapon": []}}, {"sentence": "\u636e\u4ecb\u7ecd\uff0c\u7c73-35\u653b\u51fb\u76f4\u5347\u673a\u662f\u7c73-24\u653b\u51fb\u76f4\u5347\u673a\u7684\u6539\u8fdb\u578b\uff0c\u53ef\u642d\u8f7d\u53cd\u5766\u514b\u5bfc\u5f39\u3001\u706b\u7bad\u5f39\u3001\u673a\u70ae\u7b49\u6b66\u5668\uff0c\u5e76\u6709\u4e00\u4e2a\u53ef\u5bb9\u7eb38\u4eba\u7684\u8d27\u8231\uff0c\u53ef\u4ee5\u6267\u884c\u591a\u79cd\u4efb\u52a1\u3002", "events": [], "arguments": {"loc": [], "time": [], "country": [], "weapon": [{"text": "\u7c73-35\u653b\u51fb\u76f4\u5347\u673a", "offset": 4, "length": 9}, {"text": "\u7c73-24\u653b\u51fb\u76f4\u5347\u673a", "offset": 14, "length": 9}]}}]