[{"sentence": "\u5e26\u8bc1\u4e0a\u5c97\uff0c\u4ed6\u4eec\u5df2\u7ecf\u51c6\u5907\u597d\u4e86\uff01", "events": [], "arguments": {"loc": [], "time": [], "country": [], "weapon": []}}, {"sentence": "\u8fc7\u5f97\u786c\u7684\u73ed\u957f", "events": [], "arguments": {"loc": [], "time": [], "country": [], "weapon": []}}, {"sentence": "\u624d\u80fd\u5e26\u51fa\u55f7\u55f7\u53eb\u7684\u5175\uff01", "events": [], "arguments": {"loc": [], "time": [], "country": [], "weapon": []}}, {"sentence": "\u8fde\u65e5\u6765", "events": [], "arguments": {"loc": [], "time": [], "country": [], "weapon": []}}, {"sentence": "\u706b\u7bad\u519b\u67d0\u90e8\u65b0\u8bad\u9aa8\u5e72\u8003\u6838\u706b\u70ed\u62c9\u5f00\u6218\u5e55", "events": [], "arguments": {"loc": [], "time": [], "country": [], "weapon": []}}, {"sentence": "500\u4f59\u540d\u201c\u5175\u6559\u5934\u201d\u540c\u53f0\u7ade\u6280", "events": [], "arguments": {"loc": [], "time": [], "country": [], "weapon": []}}, {"sentence": "\u4e89\u593a\u201c\u5e26\u5175\u8d44\u683c\u8bc1\u201d", "events": [], "arguments": {"loc": [], "time": [], "country": [], "weapon": []}}, {"sentence": "\u961f\u5217\u3001\u6218\u672f\u3001\u9632\u62a4", "events": [], "arguments": {"loc": [], "time": [], "country": [], "weapon": []}}, {"sentence": "\u624b\u69b4\u5f39\u6295\u63b7\u3001\u519b\u4e8b\u4f53\u80b2", "events": [], "arguments": {"loc": [], "time": [], "country": [], "weapon": []}}, {"sentence": "\u2026\u2026", "events": [], "arguments": {"loc": [], "time": [], "country": [], "weapon": []}}, {"sentence": "\u4e00\u9879\u4e00\u9879\u8fc7 \u9010\u4e2a\u9010\u4e2a\u8003", "events": [], "arguments": {"loc": [], "time": [], "country": [], "weapon": []}}, {"sentence": "\u8003\u573a\u4e0a", "events": [], "arguments": {"loc": [], "time": [], "country": [], "weapon": []}}, {"sentence": "\u65b0\u8bad\u9aa8\u5e72\u4eec\u94c6\u8db3\u52b2\u5934\u5168\u529b\u4ee5\u8d74", "events": [], "arguments": {"loc": [], "time": [], "country": [], "weapon": []}}, {"sentence": "\u708e\u708e\u590f\u65e5", "events": [], "arguments": {"loc": [], "time": [], "country": [], "weapon": []}}, {"sentence": "\u6c57\u6c34\u6253\u6e7f\u4e86\u8863\u80cc", "events": [], "arguments": {"loc": [], "time": [], "country": [], "weapon": []}}, {"sentence": "\u9633\u5149\u6652\u9ed1\u4e86\u8138\u5e9e", "events": [], "arguments": {"loc": [], "time": [], "country": [], "weapon": []}}, {"sentence": "\u5b98\u5175\u4eec\u6bd4\u62fc\u8d76\u8d85\u7684\u8eab\u5f71", "events": [], "arguments": {"loc": [], "time": [], "country": [], "weapon": []}}, {"sentence": "\u6210\u4e3a\u519b\u8425\u4e00\u9053\u9053\u9753\u4e3d\u7684\u98ce\u666f", "events": [], "arguments": {"loc": [], "time": [], "country": [], "weapon": []}}, {"sentence": "\u81ea\u8eab\u7d20\u8d28\u786c\u8fd8\u5f97\u6559\u7684\u597d", "events": [], "arguments": {"loc": [], "time": [], "country": [], "weapon": []}}, {"sentence": "\u6559\u5b66\u6cd5\u8003\u6838\u73b0\u573a", "events": [], "arguments": {"loc": [], "time": [], "country": [], "weapon": []}}, {"sentence": "\u73ed\u957f\u4eec\u52a8\u4f5c\u6807\u51c6\u3001\u59ff\u6001\u7aef\u6b63", "events": [], "arguments": {"loc": [], "time": [], "country": [], "weapon": []}}, {"sentence": "\u8bb2\u89e3\u7ec6\u81f4\u3001\u65b9\u6cd5\u72ec\u5230", "events": [], "arguments": {"loc": [], "time": [], "country": [], "weapon": []}}, {"sentence": "\u201c\u624b\u69b4\u5f39\u6295\u63b7\u6709\u54ea\u4e9b\u52a8\u4f5c\u8981\u9886\uff1f", "events": [], "arguments": {"loc": [], "time": [], "country": [], "weapon": []}}, {"sentence": "\u65b0\u5175\u51fa\u73b0\u75fc\u7656\u52a8\u4f5c\u8be5\u600e\u4e48\u7ea0\u6b63\u2026\u2026\u201d", "events": [], "arguments": {"loc": [], "time": [], "country": [], "weapon": []}}, {"sentence": "\u9762\u5bf9\u8003\u5b98\u7684\u63a5\u8fde\u53d1\u96be", "events": [], "arguments": {"loc": [], "time": [], "country": [], "weapon": []}}, {"sentence": "\u201c\u5175\u6559\u5934\u201d\u4f1a\u8bb2\u4f1a\u6559\u3001\u4ece\u5bb9\u5e94\u5bf9", "events": [], "arguments": {"loc": [], "time": [], "country": [], "weapon": []}}, {"sentence": "\u8003\u57fa\u672c\u77e5\u8bc6\uff0c\u8003\u7ec4\u8bad\u4efb\u6559", "events": [], "arguments": {"loc": [], "time": [], "country": [], "weapon": []}}, {"sentence": "\u8003\u5171\u540c\u57fa\u7840\uff0c\u8003\u5e26\u5175\u80fd\u529b", "events": [], "arguments": {"loc": [], "time": [], "country": [], "weapon": []}}, {"sentence": "\u8981\u901a\u8fc7\u8003\u6838\u8fd9\u4e9b\u8fd8\u4e0d\u591f", "events": [], "arguments": {"loc": [], "time": [], "country": [], "weapon": []}}, {"sentence": "\u60f3\u6210\u4e3a\u5408\u683c\u201c\u5175\u6559\u5934\u201d", "events": [], "arguments": {"loc": [], "time": [], "country": [], "weapon": []}}, {"sentence": "\u8fd8\u9700\u901a\u8fc7", "events": [], "arguments": {"loc": [], "time": [], "country": [], "weapon": []}}, {"sentence": "\u201c\u7fa4\u4f17\u8bc4\u8bae\u3001\u5fc3\u7406\u6d4b\u8bc4\u3001\u7ec4\u7ec7\u8bc4\u4ef7\u201d", "events": [], "arguments": {"loc": [], "time": [], "country": [], "weapon": []}}, {"sentence": "\u4e09\u5927\u201c\u5173\u5361\u201d", "events": [], "arguments": {"loc": [], "time": [], "country": [], "weapon": []}}, {"sentence": "\u901a\u8fc7\u53ec\u5f00\u519b\u4eba\u5927\u4f1a\u5f00\u5c55\u6c11\u4e3b\u6d4b\u8bc4", "events": [], "arguments": {"loc": [], "time": [], "country": [], "weapon": []}}, {"sentence": "\u4e86\u89e3\u62df\u4efb\u65b0\u8bad\u9aa8\u5e72\u7684\u7fa4\u4f17\u8ba4\u53ef\u5ea6", "events": [], "arguments": {"loc": [], "time": [], "country": [], "weapon": []}}, {"sentence": "\u4f9d\u6258\u5fc3\u7406\u6d4b\u8bc4\u8f6f\u4ef6\u7cfb\u7edf", "events": [], "arguments": {"loc": [], "time": [], "country": [], "weapon": []}}, {"sentence": "\u68c0\u9a8c\u201c\u5175\u6559\u5934\u201d\u7684\u5fc3\u7406\u7d20\u8d28\u548c\u60c5\u7eea\u63a7\u5236\u529b", "events": [], "arguments": {"loc": [], "time": [], "country": [], "weapon": []}}, {"sentence": "\u96c6\u8bad\u961f\u515a\u59d4\u7ed3\u5408\u65e5\u5e38\u5de5\u4f5c\u8868\u73b0\u548c\u8003\u6838\u6210\u7ee9", "events": [], "arguments": {"loc": [], "time": [], "country": [], "weapon": []}}, {"sentence": "\u5bf9\u65b0\u8bad\u9aa8\u5e72\u4f5c\u51fa\u7ec4\u7ec7\u8bc4\u4ef7", "events": [], "arguments": {"loc": [], "time": [], "country": [], "weapon": []}}, {"sentence": "\u62df\u4efb\u65b0\u8bad\u9aa8\u5e72\u5bf9\u7167\u6587\u660e\u5e26\u5175\u548c\u5ec9\u6d01\u5e26\u5175\u76f8\u5173\u8981\u6c42", "events": [], "arguments": {"loc": [], "time": [], "country": [], "weapon": []}}, {"sentence": "\u64b0\u5199\u4e2a\u4eba\u627f\u8bfa\u4e66\uff0c\u4f5c\u51fa\u5e84\u4e25\u627f\u8bfa", "events": [], "arguments": {"loc": [], "time": [], "country": [], "weapon": []}}, {"sentence": "\u601d\u60f3\u653f\u6cbb\u597d \u519b\u4e8b\u6280\u80fd\u7cbe", "events": [], "arguments": {"loc": [], "time": [], "country": [], "weapon": []}}, {"sentence": "\u4f5c\u98ce\u7eaa\u5f8b\u786c \u7ba1\u7406\u80fd\u529b\u5f3a", "events": [], "arguments": {"loc": [], "time": [], "country": [], "weapon": []}}, {"sentence": "\u5e26\u5175\u60c5\u6000\u8db3\u7684\u201c\u5175\u6559\u5934\u201d\u4eec", "events": [], "arguments": {"loc": [], "time": [], "country": [], "weapon": []}}, {"sentence": "\u5df2\u7ecf\u9074\u9009\u51fa\u6765\u4e86", "events": [], "arguments": {"loc": [], "time": [], "country": [], "weapon": []}}, {"sentence": "\u5373\u5c06\u5165\u4f0d\u7684\u65b0\u5175\u4eec", "events": [], "arguments": {"loc": [], "time": [], "country": [], "weapon": []}}, {"sentence": "\u4f60\u4eec\u7684\u73ed\u957f\u5df2\u7ecf\u51c6\u5907\u597d\u4e86\uff01", "events": [], "arguments": {"loc": [], "time": [], "country": [], "weapon": []}}, {"sentence": "\u4f5c\u8005\uff1a\u90ed\u6839\u6d0b\u3001\u7a0b\u88d5\u9f99\u3001\u82cf\u680b\u3001\u5218\u9038\u6587", "events": [], "arguments": {"loc": [], "time": [], "country": [], "weapon": []}}, {"sentence": "\u4e3b\u7ba1 | \u706b\u7bad\u519b\u653f\u6cbb\u5de5\u4f5c\u90e8 \u4e3b\u529e | \u5ba3\u4f20\u6587\u5316\u4e2d\u5fc3", "events": [], "arguments": {"loc": [], "time": [], "country": [], "weapon": []}}, {"sentence": "\u520a\u671f | \u7b2c 2502 \u671f", "events": [], "arguments": {"loc": [], "time": [], "country": [], "weapon": []}}, {"sentence": "\u76d1\u5236\uff1a \u6bdb\u52cb\u6b63", "events": [], "arguments": {"loc": [], "time": [], "country": [], "weapon": []}}, {"sentence": "\u8d23\u7f16\uff1a\u590f\u51b0\u6e05", "events": [], "arguments": {"loc": [], "time": [], "country": [], "weapon": []}}, {"sentence": "\u8fdc\u7a0b\u7f16\u8f91\uff1a\u5d14\u77f3\u78ca", "events": [], "arguments": {"loc": [], "time": [], "country": [], "weapon": []}}]