[{"sentence": "\u4fc4\u5a92\uff1a\u4fc4\u5370\u201c\u5e03\u62c9\u83ab\u65af\u201d\u5bfc\u5f39\u5df2\u83b7\u51c6\u51fa\u53e3\u00a0\u4e2d\u4e9a\u548c\u4e1c\u5357\u4e9a\u56fd\u5bb6\u60f3\u4e70", "events": [], "arguments": {"loc": [], "time": [], "country": [], "weapon": []}}, {"sentence": "\u3010\u73af\u7403\u7f51\u519b\u4e8b\u62a5\u9053\u3011", "events": [], "arguments": {"loc": [], "time": [], "country": [], "weapon": []}}, {"sentence": "\u4fc4\u7f57\u65af\u536b\u661f\u901a\u8baf\u793e8\u670824\u65e5\u62a5\u9053\uff0c\u4fc4\u5370\u5408\u8d44\u4f01\u4e1a\u201c\u5e03\u62c9\u83ab\u65af\u201d\u822a\u7a7a\u822a\u5929\u516c\u53f8\u4fe1\u606f\u6280\u672f\u90e8\u4e3b\u7ba1\u5e15\u7279\u54c8\u514b\u5f53\u5929\u8868\u793a\uff0c\u8be5\u516c\u53f8\u5df2\u83b7\u5f97\u4fc4\u7f57\u65af\u548c\u5370\u5ea6\u653f\u5e9c\u7684\u6279\u51c6\uff0c\u53ef\u5411\u7b2c\u4e09\u56fd\u51fa\u53e3\u51fa\u53e3\u5de1\u822a\u5bfc\u5f39\u3002", "events": [], "arguments": {"loc": [], "time": [], "country": [], "weapon": []}}, {"sentence": "\u5e15\u7279\u54c8\u514b8\u670824\u65e5\u5728\u201c\u519b\u961f-2020\u201d\u8bba\u575b\u671f\u95f4\u8bf4\uff1a\u201c\u8bb8\u591a\u56fd\u5bb6\u975e\u5e38\u6709\u5174\u8da3\u8d2d\u4e70\u2018\u5e03\u62c9\u83ab\u65af\u2019\u7684\u5bfc\u5f39\u3002", "events": [], "arguments": {"loc": [], "time": [], "country": [], "weapon": []}}, {"sentence": "\u6211\u4eec\u6b63\u4e0e\u4fc4\u7f57\u65af\u540c\u884c\u5408\u4f5c\uff0c\u5e76\u4e14\u5df2\u7ecf\u83b7\u5f97\u4e86\u4fc4\u5370\u4e24\u56fd\u653f\u5e9c\u7684\u51fa\u53e3\u8bb8\u53ef\u3002", "events": [], "arguments": {"loc": [], "time": [], "country": [], "weapon": []}}, {"sentence": "\u6211\u4eec\u975e\u5e38\u5e0c\u671b\u5728\u75ab\u60c5\u7ed3\u675f\u540e\u53ef\u4ee5\u9a6c\u4e0a\u5f00\u5c55\u5de5\u4f5c\u3002", "events": [], "arguments": {"loc": [], "time": [], "country": [], "weapon": []}}, {"sentence": "\u201d\u6b64\u524d\u8be5\u516c\u53f8\u8868\u793a\uff0c\u4e2d\u4e9a\u548c\u4e1c\u5357\u4e9a\u56fd\u5bb6\u5bf9\u8d2d\u4e70\u5bfc\u5f39\u611f\u5174\u8da3\u3002", "events": [], "arguments": {"loc": [], "time": [], "country": [], "weapon": []}}, {"sentence": "\u4fc4\u5370\u5408\u8d44\u4f01\u4e1a\u201c\u5e03\u62c9\u83ab\u65af\u201d\u822a\u7a7a\u822a\u5929\u516c\u53f8\uff08BrahMos Aerospace\uff09\u6210\u7acb\u4e8e1998\u5e74\uff0c\u516c\u53f8\u751f\u4ea7\u540c\u540d\u7684\u5de1\u822a\u5bfc\u5f39\u4ee5\u53ca\u53d1\u5c04\u88c5\u5907\u3001\u5bfc\u5f39\u63a7\u5236\u7cfb\u7edf\u7b49\uff0c\u540c\u65f6\u8d1f\u8d23\u4eba\u5458\u8bad\u7ec3\u3001\u5bfc\u5f39\u7684\u7ef4\u4fee\u548c\u5347\u7ea7\u3002", "events": [], "arguments": {"loc": [], "time": [], "country": [], "weapon": []}}]