[{"sentence": "\u5370\u5a92\uff1a\u5370\u5ea6\u7a7a\u519b\u9635\u98ce\u6218\u6597\u673a\u5230\u8d27\u4e86\uff0c\u5374\u9762\u4e34\u98de\u884c\u5458\u77ed\u7f3a\u96be\u9898", "events": [], "arguments": {"loc": [], "time": [], "country": [], "weapon": []}}, {"sentence": "\u3010\u73af\u7403\u7f51\u62a5\u9053 \u8bb0\u8005 \u5f90\u7490\u660e\u3011", "events": [], "arguments": {"loc": [], "time": [], "country": [], "weapon": []}}, {"sentence": "\u5370\u5ea6\u8fd1\u5e74\u6765\u4e0d\u65ad\u901a\u8fc7\u91c7\u8d2d\u65b0\u578b\u6218\u6597\u673a\u63d0\u5347\u7a7a\u519b\u6218\u6597\u529b\uff0c\u800c\u6709\u5370\u5ea6\u5a92\u4f53\u8868\u793a\uff0c\u5370\u5ea6\u7a7a\u519b\u5374\u9762\u4e34\u7740\u98de\u884c\u5458\u77ed\u7f3a\u7684\u95ee\u9898\uff0c\u4e0d\u5c11\u98de\u884c\u5458\u4e3a\u4e86\u66f4\u597d\u7684\u798f\u5229\u5f85\u9047\uff0c\u9000\u4f0d\u8f6c\u4e1a\u5230\u79c1\u4eba\u822a\u7a7a\u516c\u53f8\u5de5\u4f5c\u3002", "events": [], "arguments": {"loc": [], "time": [], "country": [], "weapon": []}}, {"sentence": "\u636e\u300a\u6b27\u4e9a\u65f6\u62a5\u300b\u7f51\u7ad98\u670823\u65e5\u62a5\u9053\uff0c\u5370\u5ea6\u7a7a\u519b\u901a\u8fc7\u8d2d\u4e70\u201c\u9635\u98ce\u201d\u3001\u82cf-30MKI\u3001\u7c73\u683c-29\u6218\u6597\u673a\u7b49\u88c5\u5907\u4e0d\u65ad\u63a8\u8fdb\u63d0\u5347\u6218\u6597\u529b\u3002", "events": [{"trigger": {"text": "\u63d0\u5347\u6218\u6597\u529b", "offset": 53, "length": 5}, "subject": {"text": "\u5370\u5ea6\u7a7a\u519b\u901a\u8fc7\u8d2d\u4e70\u201c\u9635\u98ce\u201d\u3001\u82cf-30MKI\u3001\u7c73\u683c-29\u6218\u6597\u673a\u7b49\u88c5\u5907", "offset": 17, "length": 32}, "object": {"text": "", "offset": 0, "length": 0}}], "arguments": {"loc": [], "time": [{"text": "8\u670823\u65e5", "offset": 9, "length": 5}], "country": [], "weapon": [{"text": "\u201c\u9635\u98ce\u201d", "offset": 25, "length": 4}, {"text": "\u82cf-30MKI", "offset": 30, "length": 7}, {"text": "\u7c73\u683c-29\u6218\u6597\u673a", "offset": 38, "length": 8}]}}, {"sentence": "\u4f46\u662f\u6839\u636e\u201c\u4eca\u65e5\u5370\u5ea6\u201d\u7f51\u7ad9\u7684\u4e00\u4efd\u8c03\u67e5\u62a5\u544a\u663e\u793a\uff0c\u5728\u8fc7\u53bb\u768410\u5e74\u4e2d\uff0c\u5370\u5ea6\u7a7a\u519b\u6709798\u540d\u98de\u884c\u5458\u9000\u5f79\uff0c\u5176\u4e2d289\u4eba\u83b7\u5f97\u4e86\u201c\u4e0d\u53cd\u5bf9\u52a0\u5165\u201d\u8bc1\u4e66\uff0c\u53ef\u4ee5\u5728\u6c11\u8425\u822a\u7a7a\u516c\u53f8\u7ee7\u7eed\u98de\u884c\u3002", "events": [], "arguments": {"loc": [], "time": [], "country": [], "weapon": []}}, {"sentence": "\u62a5\u9053\u79f0\uff0c\u5370\u5ea6\u4e00\u76f4\u81f4\u529b\u4e8e\u5347\u7ea7\u519b\u4e8b\u88c5\u5907\uff0c\u8d2d\u4e70\u5148\u8fdb\u6218\u6597\u673a\uff0c\u4ece\u6cd5\u56fd\u8d2d\u4e70\u7684\u9996\u62795\u67b6\u201c\u9635\u98ce\u201d\u6218\u6597\u673a\u5df2\u7ecf\u5230\u8d27\u3002", "events": [], "arguments": {"loc": [], "time": [], "country": [{"text": "\u5370\u5ea6", "offset": 4, "length": 2}], "weapon": []}}, {"sentence": "\u7136\u800c\uff0c\u5370\u5ea6\u7a7a\u519b\u5374\u9762\u4e34\u7740\u8bad\u7ec3\u6709\u7d20\u7684\u98de\u884c\u5458\u7684\u77ed\u7f3a\u3002", "events": [], "arguments": {"loc": [], "time": [], "country": [], "weapon": []}}, {"sentence": "\u57282016\u5e74\u548c2017\u5e74\uff0c\u5370\u5ea6\u7a7a\u519b\u7ecf\u5386\u4e86\u201c\u6700\u7cdf\u7cd5\u201d\u7684\u65f6\u671f\uff0c\u8fd9\u4e24\u5e74\u5206\u522b\u6709100\u540d\u548c114\u540d\u98de\u884c\u5458\u4ece\u5370\u5ea6\u7a7a\u519b\u90e8\u961f\u9000\u5f79\u3002", "events": [], "arguments": {"loc": [], "time": [], "country": [], "weapon": []}}, {"sentence": "\u800c\u57282015\u5e74\uff0c\u8fd9\u4e00\u6570\u5b57\u4e3a37\u4eba\u3002", "events": [], "arguments": {"loc": [], "time": [], "country": [], "weapon": []}}, {"sentence": "\u76ee\u524d\u5e73\u5747\u6bcf\u5e74\u670980\u540d\u98de\u884c\u5458\u9000\u4f0d\uff0c\u4f7f\u5f97\u5370\u5ea6\u7a7a\u519b\u53ef\u80fd\u9762\u4e34\u4e25\u91cd\u7684\u98de\u884c\u5458\u77ed\u7f3a\u3002", "events": [], "arguments": {"loc": [], "time": [], "country": [], "weapon": []}}, {"sentence": "2018\u5e742\u67081\u65e5\uff0c\u5370\u5ea6\u653f\u5e9c\u544a\u77e5\u5370\u5ea6\u8bae\u4f1a\u4e0a\u9662\uff0c\u5370\u5ea6\u7a7a\u519b\u67093855\u540d\u98de\u884c\u5458\uff0c\u800c\u975e\u6b64\u524d\u6279\u51c6\u76844231\u540d\uff0c\u7f3a\u5c11376\u540d\u98de\u884c\u5458\uff0c\u8fd9\u53cd\u6620\u51fa\u4e86\u5370\u5ea6\u7a7a\u519b\u98de\u884c\u5458\u4eba\u624b\u4e0d\u8db3\u3002", "events": [], "arguments": {"loc": [], "time": [{"text": "2018\u5e742\u67081\u65e5", "offset": 0, "length": 9}], "country": [], "weapon": []}}, {"sentence": "\u5927\u591a\u6570\u5370\u519b\u98de\u884c\u5458\u5728\u670d\u5f7920\u5e74\u540e\u5c31\u9000\u4f0d\uff0c\u8fd9\u6837\u4ed6\u4eec\u6709\u8d44\u683c\u9886\u53d6\u9000\u4f11\u91d1\u3002", "events": [], "arguments": {"loc": [], "time": [], "country": [], "weapon": []}}, {"sentence": "\u4e00\u540d\u6700\u8fd1\u9000\u5f79\u5e76\u4e14\u5728\u4e00\u5bb6\u79c1\u4eba\u822a\u7a7a\u516c\u53f8\u5de5\u4f5c\u7684\u524d\u5370\u5ea6\u7a7a\u519b\u519b\u5b98\u8bf4\uff1a\u201c\u5728\u5370\u5ea6\u7a7a\u519b\u7684\u751f\u6d3b\u975e\u5e38\u597d\uff0c\u9664\u4e86\u85aa\u6c34\u8fd8\u6709\u4e00\u4e9b\u65e0\u5f62\u7684\u597d\u5904\u3002", "events": [], "arguments": {"loc": [], "time": [], "country": [], "weapon": []}}, {"sentence": "\u4f46\u4f5c\u4e3a\u4e00\u540d\u79c1\u4eba\u822a\u7a7a\u516c\u53f8\u7684\u98de\u884c\u5458\uff0c\u6211\u7684\u5de5\u4f5c\u91cf\u8981\u5c11\u5f97\u591a\uff0c\u85aa\u916c\u4e5f\u6ca1\u6709\u4ec0\u4e48\u53ef\u62b1\u6028\u7684\u3002", "events": [], "arguments": {"loc": [], "time": [], "country": [], "weapon": []}}, {"sentence": "\u4f5c\u4e3a\u4e00\u540d\u673a\u957f\uff0c\u5728\u98de\u673a\u8231\u95e8\u5173\u95ed\u540e\u6211\u9700\u8981\u5bf9\u4e00\u5207\u8d1f\u8d23\uff0c\u4e00\u65e6\u8231\u95e8\u518d\u6b21\u6253\u5f00\uff0c\u6211\u7684\u5de5\u4f5c\u5c31\u7ed3\u675f\u4e86\u3002", "events": [], "arguments": {"loc": [], "time": [], "country": [], "weapon": []}}, {"sentence": "\u201d", "events": [], "arguments": {"loc": [], "time": [], "country": [], "weapon": []}}, {"sentence": "\u201c\u5370\u5ea6\u65af\u5766\u201d\u7f51\u7ad9\u66fe\u5728\u4eca\u5e742\u6708\u62a5\u9053\u79f0\uff0c\u5e94\u5bf9\u7a7a\u519b\u6b63\u5728\u91c7\u53d6\u63aa\u65bd\uff0c\u9632\u6b62\u98de\u884c\u5458\u9000\u4f0d\u4ece\u800c\u52a0\u5165\u798f\u5229\u5f85\u9047\u66f4\u9ad8\u7684\u79c1\u4eba\u822a\u7a7a\u516c\u53f8\u3002", "events": [], "arguments": {"loc": [], "time": [], "country": [], "weapon": []}}, {"sentence": "\u5c3d\u7ba1\u5f53\u65f6\u7684\u62a5\u544a\u6ca1\u6709\u8bf4\u660e\u4efb\u4f55\u5177\u4f53\u63aa\u65bd\uff0c\u4f46\u62a5\u544a\u4e2d\u8bf4\u8fd9\u4e9b\u63aa\u65bd\u5c06\u5f88\u5feb\u5b9e\u65bd\uff0c\u53ef\u80fd\u5305\u62ec\u201c\u51b7\u5374\u671f\u201d\u548c\u9000\u4f11\u91d1\u8ba1\u5212\u7684\u53d8\u5316\u3002", "events": [], "arguments": {"loc": [], "time": [], "country": [], "weapon": []}}, {"sentence": "\u4f46\u5370\u5ea6\u7a7a\u519b\u5728\u56de\u5e94\u76f8\u5173\u7684\u8d28\u8be2\u65f6\u8868\u793a\uff0c\u4e0d\u5b58\u5728\u8fd9\u6837\u7684\u8ba1\u5212\u6216\u653f\u7b56\u3002", "events": [], "arguments": {"loc": [], "time": [], "country": [], "weapon": []}}, {"sentence": "\u62a5\u9053\u79f0\uff0c\u6709\u4e13\u5bb6\u8868\u793a\uff0c\u7559\u4f4f\u98de\u884c\u5458\u5bf9\u4e8e\u5370\u5ea6\u7a7a\u519b\u6765\u8bf4\u975e\u5e38\u91cd\u8981\u3002", "events": [], "arguments": {"loc": [], "time": [], "country": [], "weapon": []}}, {"sentence": "\u5370\u5ea6\u7a7a\u519b\u529b\u91cf\u7814\u7a76\u4e2d\u5fc3\u4e3b\u4efb\u3001\u7a7a\u519b\u4e0a\u5c06KK Nohwar\u8868\u793a\uff1a\u201c\u4e00\u540d\u98de\u884c\u5458\u5728\u4e0d\u540c\u7684\u673a\u578b\u4e0a\u7ecf\u8fc7250\u5230300\u5c0f\u65f6\u7684\u8bad\u7ec3\u540e\uff0c\u624d\u80fd\u8fdb\u5165\u5b9e\u9645\u7684\u98de\u884c\u9636\u6bb5\u3002", "events": [], "arguments": {"loc": [], "time": [], "country": [], "weapon": []}}, {"sentence": "\u8fd9\u9700\u8981\u82b1\u5f88\u591a\u94b1\uff0c\u4e0d\u5e94\u8be5\u8ba9\u53d7\u8fc7\u8bad\u7ec3\u7684\u4eba\u79bb\u5f00\u3002", "events": [], "arguments": {"loc": [], "time": [], "country": [], "weapon": []}}, {"sentence": "\u5168\u4e16\u754c\u5176\u4ed6\u56fd\u5bb6\u7684\u7a7a\u519b\u4e5f\u9762\u4e34\u7740\u540c\u6837\u7684\u95ee\u9898\u3002", "events": [], "arguments": {"loc": [], "time": [], "country": [], "weapon": []}}, {"sentence": "\u201d", "events": [], "arguments": {"loc": [], "time": [], "country": [], "weapon": []}}]