[{"sentence": "\u7f8e\u56fd\u9632\u90e8\u79f0F-35\u5c06\u5728\u660e\u5e743\u6708\u524d\u8fdb\u5165\u5168\u9762\u751f\u4ea7\u00a0\u6b64\u524d\u5df2\u7ecf\u591a\u6b21\u63a8\u8fdf", "events": [], "arguments": {"loc": [], "time": [], "country": [], "weapon": []}}, {"sentence": "\u3010\u73af\u7403\u7f51\u62a5\u9053 \u8bb0\u8005 \u9a6c\u5ca9\u3011", "events": [], "arguments": {"loc": [], "time": [], "country": [], "weapon": []}}, {"sentence": "\u7f8e\u56fd\u56fd\u9632\u90e8\u65e5\u524d\u8868\u793a\uff0c\u7531\u6d1b\u514b\u5e0c\u5fb7\u2022\u9a6c\u4e01\u516c\u53f8\u7814\u5236\u7684F-35\u6218\u6597\u673a\u5728\u7ecf\u8fc7\u591a\u6b21\u5ef6\u8fdf\u540e\uff0c\u6700\u7ec8\u5e94\u8be5\u5728\u660e\u5e743\u6708\u524d\u8fdb\u5165\u5168\u9762\u751f\u4ea7\u72b6\u6001\u3002", "events": [{"trigger": {"text": "\u751f\u4ea7", "offset": 53, "length": 2}, "subject": {"text": "\u6d1b\u514b\u5e0c\u5fb7\u2022\u9a6c\u4e01\u516c\u53f8\u7814\u5236\u7684F-35\u6218\u6597\u673a", "offset": 11, "length": 19}, "object": {"text": "", "offset": 0, "length": 0}}], "arguments": {"loc": [], "time": [], "country": [], "weapon": []}}, {"sentence": "\u7f8e\u56fd\u56fd\u9632\u90e8\u8d1f\u8d23\u91c7\u8d2d\u548c\u7ef4\u62a4\u4e8b\u52a1\u7684\u526f\u90e8\u957f\u827e\u4f26\u2022\u6d1b\u5fb7\u8bf4\uff1a\u201c\u6211\u4eec\u6709\u4fe1\u5fc3\u5c06\u5728\u660e\u5e743\u6708\u524d\u5b8c\u6210\u4efb\u52a1\u201d\u3002", "events": [], "arguments": {"loc": [], "time": [], "country": [{"text": "\u7f8e\u56fd", "offset": 0, "length": 2}], "weapon": []}}, {"sentence": "\u4e0d\u8fc7\uff0c\u6d1b\u5fb7\u8bf4\uff0c\u5979\u4e0b\u5468\u5c06\u4e0e\u4e94\u89d2\u5927\u697c\u4f5c\u6218\u6d4b\u8bd5\u4e0e\u8bc4\u4f30\u4e3b\u4efb\u7f57\u4f2f\u7279\u2022\u8d1d\u52d2\u4e00\u8d77\u524d\u5f80\u9a6c\u91cc\u5170\u5dde\u5e15\u56fe\u514b\u68ee\u7279\u6cb3\u6d77\u519b\u822a\u7a7a\u7ad9\uff0c\u68c0\u67e5\u7528\u4e8e\u98de\u884c\u64cd\u4f5c\u6d4b\u8bd5\u7684\u8054\u5408\u6a21\u62df\u73af\u5883\u8bbe\u65bd\u7684\u95ee\u9898\u3002", "events": [], "arguments": {"loc": [], "time": [], "country": [], "weapon": []}}, {"sentence": "\u5979\u8bf4\uff0c\u4e3a\u4e86\u786e\u5207\u4e86\u89e3\u201c\u6211\u4eec\u5728\u8fd0\u884c\u8054\u5408\u6a21\u62df\u73af\u5883\u8bbe\u65bd\u548c\u5168\u9762\u751f\u4ea7\u80fd\u529b\u4e0a\u6240\u5904\u7684\u4f4d\u7f6e\u201d\uff0c\u6b64\u884c\u662f\u975e\u5e38\u5fc5\u8981\u7684\u3002", "events": [], "arguments": {"loc": [], "time": [], "country": [], "weapon": []}}, {"sentence": "F-35\u662f\u8fc4\u4eca\u4e94\u89d2\u5927\u697c\u6700\u6602\u8d35\u7684\u6b66\u5668\u9879\u76ee\uff0c\u5df2\u6295\u8d443980\u4ebf\u7f8e\u5143\u3002", "events": [], "arguments": {"loc": [], "time": [], "country": [], "weapon": [{"text": "F-35", "offset": 0, "length": 4}]}}, {"sentence": "\u622a\u81f32019\u5e7410\u6708\uff0c\u5df2\u6709\u8d85\u8fc7440\u67b6F-35\u88ab\u4ea4\u4ed8\u5230\u4e16\u754c\u5404\u5730\u3002", "events": [], "arguments": {"loc": [], "time": [], "country": [], "weapon": []}}, {"sentence": "\u5168\u9762\u751f\u4ea7\u542f\u52a8\u540e\uff0c\u6bcf\u5e74\u5c06\u80fd\u751f\u4ea7160\u67b6\u4ee5\u4e0a\u7684F-35\u3002", "events": [], "arguments": {"loc": [], "time": [], "country": [], "weapon": []}}]