[{"sentence": "\u4fc4\u7f57\u65af\u5c06\u5411\u4e16\u754c\u5e02\u573a\u63d0\u4f9b\u8fd150\u5957\u65b0\u6b66\u5668\u7cfb\u7edf\u00a0\u5305\u62ec\u82cf-57\u6218\u6597\u673a\u3001T-14\u5766\u514b\u7b49", "events": [], "arguments": {"loc": [], "time": [], "country": [], "weapon": []}}, {"sentence": "\u3010\u73af\u7403\u7f51\u62a5\u9053 \u8bb0\u8005 \u9a6c\u5ca9\u3011", "events": [], "arguments": {"loc": [], "time": [], "country": [], "weapon": []}}, {"sentence": "\u636e\u4fc4\u7f57\u65af\u5854\u65af\u793e8\u670823\u65e5\u62a5\u9053\uff0c\u4fc4\u7f57\u65af\u56fd\u6709\u519b\u706b\u51fa\u53e3\u5546Rosoboronexport\u7684\u9996\u5e2d\u6267\u884c\u5b98\u4e9a\u5386\u5c71\u5927\u2022\u7c73\u54c8\u8036\u592b\u5f53\u5929\u5728\u201c\u519b\u961f-2020\u201d\u56fd\u9645\u519b\u4e8b\u548c\u6280\u672f\u8bba\u575b\u9884\u5907\u9636\u6bb5\u8868\u793a\uff0c\u8be5\u516c\u53f8\u8ba1\u5212\u672a\u6765\u4e94\u516d\u5e74\u5411\u4e16\u754c\u6b66\u5668\u5e02\u573a\u63d0\u4f9b\u8fd150\u5957\u65b0\u7684\u6b66\u5668\u7cfb\u7edf\u3002", "events": [], "arguments": {"loc": [], "time": [{"text": "8\u670823\u65e5", "offset": 7, "length": 5}], "country": [{"text": "\u4fc4\u7f57\u65af", "offset": 15, "length": 3}], "weapon": []}}, {"sentence": "\u4ed6\u8bf4\uff0c\u8fd9\u4e9b\u6b66\u5668\u5305\u62ec\u9632\u7a7a\u7cfb\u7edf\u3001\u6218\u6597\u673a\u3001\u519b\u7528\u8fd0\u8f93\u673a\u3001\u88c5\u7532\u8f66\u8f86\u3001\u6d77\u519b\u88c5\u5907\u4ee5\u53ca\u706b\u70ae\u7b49\u3002", "events": [], "arguments": {"loc": [], "time": [], "country": [], "weapon": []}}, {"sentence": "\u201cT-14\u2018\u963f\u739b\u5854\u2019\u5766\u514b\u3001\u82cf-57\u7b2c\u4e94\u4ee3\u6218\u6597\u673a\u3001200\u7cfb\u5217\u65b0\u4e00\u4ee3\u5361\u62c9\u4ec0\u5c3c\u79d1\u592b\u7a81\u51fb\u6b65\u67aa\u5bb6\u65cf\uff0c\u4ee5\u53ca\u53ef\u4ee5\u63a2\u6d4b\u9ad8\u8d85\u97f3\u901f\u76ee\u6807\u768459N6-TE\u96f7\u8fbe\u90fd\u662f\u4fc4\u7f57\u65af\u7684\u660e\u661f\u4ea7\u54c1\u3002", "events": [], "arguments": {"loc": [], "time": [], "country": [], "weapon": [{"text": "\u201cT-14\u2018\u963f\u739b\u5854\u2019\u5766\u514b", "offset": 0, "length": 12}, {"text": "\u82cf-57\u7b2c\u4e94\u4ee3\u6218\u6597\u673a", "offset": 13, "length": 10}]}}, {"sentence": "\u201d\u4ed6\u8bf4\u3002", "events": [], "arguments": {"loc": [], "time": [], "country": [], "weapon": []}}, {"sentence": "\u4ed6\u8868\u793a\uff0c\u8be5\u516c\u53f8\u672a\u6765\u5c06\u7ee7\u7eed\u4ea4\u4ed8\u82cf-30MKI\u3001\u82cf-35\u3001\u7c73\u683c-29M2\u7b49\u6218\u6597\u673a\uff0c\u7c73-35M\u3001\u7c73-171E\u3001\u7c73-17V-5\u7b49\u76f4\u5347\u673a\uff0cOrlan-10\u65e0\u4eba\u673a\uff0cT-90S\u3001T-90SK\u7b49\u5766\u514b\uff0cBTR-82A\u6b65\u5175\u6218\u8f66\u7b49\u5404\u7c7b\u6b66\u5668\u7cfb\u7edf\u3002", "events": [{"trigger": {"text": "\u4ea4\u4ed8", "offset": 12, "length": 2}, "subject": {"text": "", "offset": 0, "length": 0}, "object": {"text": "\u82cf-30MKI\u3001\u82cf-35\u3001\u7c73\u683c-29M2\u7b49\u6218\u6597\u673a\uff0c\u7c73-35M\u3001\u7c73-171E\u3001\u7c73-17V-5\u7b49\u76f4\u5347\u673a\uff0cOrlan-10\u65e0\u4eba\u673a\uff0cT-90S\u3001T-90SK\u7b49\u5766\u514b\uff0cBTR-82A\u6b65\u5175\u6218\u8f66\u7b49\u5404\u7c7b\u6b66\u5668\u7cfb\u7edf", "offset": 14, "length": 96}}], "arguments": {"loc": [], "time": [], "country": [], "weapon": [{"text": "\u82cf-30MKI", "offset": 14, "length": 7}, {"text": "\u82cf-35", "offset": 22, "length": 4}, {"text": "\u7c73\u683c-29M2", "offset": 27, "length": 7}, {"text": "\u7c73-171E", "offset": 45, "length": 6}, {"text": "\u7c73-17V-5", "offset": 52, "length": 7}, {"text": "Orlan-10\u65e0\u4eba\u673a", "offset": 64, "length": 11}, {"text": "T-90S", "offset": 82, "length": 5}, {"text": "BTR-82A\u6b65\u5175\u6218\u8f66", "offset": 92, "length": 11}]}}, {"sentence": "\u201c\u4eca\u540e\u51e0\u5e74\u4ea4\u4ed8\u7684\u5148\u8fdb\u6b66\u5668\u7cfb\u7edf\uff0c\u90fd\u5c06\u5728\u2018\u519b\u961f-2020\u2019\u8bba\u575b\u4e0a\u5c55\u793a\u3002", "events": [], "arguments": {"loc": [], "time": [], "country": [], "weapon": []}}, {"sentence": "\u201d\u4ed6\u8bf4\u3002", "events": [], "arguments": {"loc": [], "time": [], "country": [], "weapon": []}}, {"sentence": "\uff08\u5b8c\uff09", "events": [], "arguments": {"loc": [], "time": [], "country": [], "weapon": []}}, {"sentence": "\uff08\u5b8c\uff09", "events": [], "arguments": {"loc": [], "time": [], "country": [], "weapon": []}}]