[{"sentence": "\u4fc4\u9ad8\u5b98\uff1a\u4fc4\u519b\u552f\u4e00\u822a\u6bcd\u706b\u707e\u540e\u7ef4\u4fee\u8d39\u7528\u9ad8\u8fbe467\u4e07\u7f8e\u5143", "events": [], "arguments": {"loc": [], "time": [], "country": [], "weapon": []}}, {"sentence": "\u3010\u73af\u7403\u7f51\u9053\u519b\u4e8b\u62a5\u9053\u3011", "events": [], "arguments": {"loc": [], "time": [], "country": [], "weapon": []}}, {"sentence": "\u4fc4\u7f57\u65af\u536b\u661f\u901a\u8baf\u793e\u83ab\u65af\u79d18\u670823\u65e5\u62a5\u9053\uff0c\u4fc4\u7f57\u65af\u8054\u5408\u9020\u8239\u96c6\u56e2\u603b\u7ecf\u7406\u62c9\u8d6b\u9a6c\u8bfa\u592b\u5728\u201c\u519b\u961f-2020\u201d\u8bba\u575b\u671f\u95f4\u63a5\u53d7\u5a92\u4f53\u91c7\u8bbf\u65f6\u8868\u793a\uff0c\u8be5\u96c6\u56e2\u5df2\u5b8c\u6210\u5bf9\u201c\u5e93\u5179\u6d85\u4f50\u592b\u6d77\u519b\u4e0a\u5c06\u201d\u53f7\u822a\u7a7a\u6bcd\u8230\u706b\u707e\u635f\u5931\u91d1\u989d\u7684\u8bc4\u4f30\uff0c\u7ef4\u4fee\u8be5\u8230\u5c06\u8017\u8d443-3.5\u4ebf\u5362\u5e03\uff08\u7ea6\u5408400.9\u4e07-467.7\u4e07\u7f8e\u5143\uff09\u3002", "events": [{"trigger": {"text": "\u706b\u707e", "offset": 83, "length": 2}, "subject": {"text": "\u201c\u5e93\u5179\u6d85\u4f50\u592b\u6d77\u519b\u4e0a\u5c06\u201d\u53f7\u822a\u7a7a\u6bcd\u8230", "offset": 67, "length": 16}, "object": {"text": "", "offset": 0, "length": 0}}], "arguments": {"loc": [], "time": [{"text": "8\u670823\u65e5", "offset": 11, "length": 5}], "country": [{"text": "\u4fc4\u7f57\u65af", "offset": 19, "length": 3}], "weapon": []}}, {"sentence": "\u62c9\u8d6b\u9a6c\u8bfa\u592b\u8bf4\uff1a\u201c\u6240\u5e78\u706b\u707e\u6ca1\u6709\u5f71\u54cd\u5230\u8239\u4f53\u7684\u91cd\u8981\u90e8\u4ef6\uff0c\u6ca1\u6709\u7406\u7531\u8ba4\u4e3a\u8be5\u8d77\u4e8b\u4ef6\u4f1a\u5bf9\u2018\u5e93\u5179\u6d85\u4f50\u592b\u6d77\u519b\u4e0a\u5c06\u2019\u53f7\u7684\u7ef4\u4fee\u5de5\u4f5c\u9020\u6210\u5f71\u54cd\u3002", "events": [], "arguments": {"loc": [], "time": [], "country": [], "weapon": []}}, {"sentence": "\u201d\u4ed6\u8fd8\u8868\u793a\uff0c\u4fc4\u7f57\u65af\u8054\u5408\u9020\u8239\u96c6\u56e2\u76ee\u524d\u6b63\u5728\u52a0\u7d27\u5f00\u5c55\u201c\u5e93\u5179\u6d85\u4f50\u592b\u6d77\u519b\u4e0a\u5c06\u201c\u53f7\u7684\u7ef4\u4fee\u5de5\u4f5c\u3002", "events": [], "arguments": {"loc": [], "time": [], "country": [], "weapon": []}}, {"sentence": "\u8be5\u8230\u5c06\u6309\u539f\u5b9a\u65f6\u95f4\u4e8e2022\u5e74\u4ea4\u4ed8\u4fc4\u6d77\u519b\u3002", "events": [], "arguments": {"loc": [], "time": [], "country": [], "weapon": []}}, {"sentence": "\u201c\u5e93\u5179\u6d85\u4f50\u592b\u6d77\u519b\u4e0a\u5c06\u201d\u53f7\u822a\u6bcd\u7ed3\u675f\u5728\u53d9\u5229\u4e9a\u6d77\u5cb8\u7684\u670d\u5f79\u540e\u4e8e2017\u5e74\u8fdb\u884c\u8239\u575e\u7ef4\u4fee\u3002", "events": [], "arguments": {"loc": [], "time": [], "country": [], "weapon": [{"text": "\u201c\u5e93\u5179\u6d85\u4f50\u592b\u6d77\u519b\u4e0a\u5c06\u201d\u53f7\u822a\u6bcd", "offset": 0, "length": 14}]}}, {"sentence": "2018\u5e7410\u670830\u65e5\uff0c\u822a\u6bcd\u5165\u6c34\u4f5c\u4e1a\u671f\u95f4\u8239\u575e\u8d77\u91cd\u673a\u5012\u584c\u7838\u4e2d\u8239\u4f53\u3002", "events": [], "arguments": {"loc": [], "time": [{"text": "2018\u5e7410\u670830\u65e5", "offset": 0, "length": 11}], "country": [], "weapon": []}}, {"sentence": "2019\u5e7412\u670812\u65e5\uff0c\u822a\u6bcd\u53c8\u53d1\u751f\u706b\u707e\u4e8b\u6545\u3002", "events": [], "arguments": {"loc": [], "time": [{"text": "2019\u5e7412\u670812\u65e5", "offset": 0, "length": 11}], "country": [], "weapon": []}}, {"sentence": "\u76ee\u524d\u8be5\u8230\u4f4d\u4e8e\u6469\u5c14\u66fc\u65af\u514b\u7684\u4e00\u5bb6\u9020\u8239\u5382\u5185\u3002", "events": [], "arguments": {"loc": [], "time": [], "country": [], "weapon": []}}]