[{"sentence": "\u7f8e\u519b\u8ba9F-16\u98de\u884c\u5458\u4e0e\u4eba\u5de5\u667a\u80fd\u7a7a\u6218\u00a0\u7ed3\u679c\u98de\u884c\u5458\u5b8c\u8d25", "events": [], "arguments": {"loc": [], "time": [], "country": [], "weapon": []}}, {"sentence": "\u3010\u73af\u7403\u7f51\u62a5\u9053 \u8bb0\u8005 \u5f90\u7490\u660e\u3011", "events": [], "arguments": {"loc": [], "time": [], "country": [], "weapon": []}}, {"sentence": "\u7f8e\u56fd\u519b\u65b920\u65e5\u4e3e\u884c\u4e86\u4eba\u5de5\u667a\u80fd\u7a7a\u6218\u7b97\u6cd5\u4e0eF-16\u6218\u6597\u673a\u98de\u884c\u5458\u7684\u5bf9\u6297\u8d5b\uff0c\u7ed3\u679c\u4ee5\u4eba\u5de5\u667a\u80fd\u7684\u5b8c\u80dc\u800c\u544a\u7ec8\u3002", "events": [], "arguments": {"loc": [], "time": [{"text": "20\u65e5", "offset": 4, "length": 3}], "country": [], "weapon": []}}, {"sentence": "\u636eThe Drive\u7f51\u7ad9\u201c\u6218\u533a\u201d\u4e13\u680f8\u670820\u65e5\u62a5\u9053\uff0c\u5728\u7f8e\u56fd\u56fd\u9632\u90e8\u8fd1\u65e5\u4e3e\u884c\u201c\u963f\u5c14\u6cd5\u72d7\u6597\u201d\u6a21\u62df\u98de\u884c\u5bf9\u6297\u7ade\u8d5b\u4e2d\uff0c\u4eba\u5de5\u667a\u80fd\u7cfb\u7edf\u4ee55\u6bd40\u7684\u6210\u7ee9\u51fb\u8d25\u4e86\u4e00\u540d\u7f8e\u56fd\u7a7a\u519bF-16\u6218\u6597\u673a\u7684\u98de\u884c\u5458\u3002", "events": [], "arguments": {"loc": [], "time": [{"text": "8\u670820\u65e5", "offset": 18, "length": 5}], "country": [], "weapon": [{"text": "F-16\u6218\u6597\u673a", "offset": 75, "length": 7}]}}, {"sentence": "\u8fd9\u4e00\u6a21\u62df\u98de\u884c\u5bf9\u6297\u8d5b\u7531\u7f8e\u56fd\u56fd\u9632\u90e8\u9ad8\u7ea7\u8ba1\u5212\u7814\u7a76\u5c40\uff08DARPA\uff09\u4e3b\u5bfc\uff0c\u8be5\u9879\u76ee\u662f\u7f8e\u519b\u201c\u7a7a\u4e2d\u4f5c\u6218\u8fdb\u5316\u201d\uff08ACE\uff09\u9879\u76ee\u4e0b\u7684\u5b50\u9879\u76ee\uff0c\u65e8\u5728\u63a2\u7d22\u4eba\u5de5\u667a\u80fd\u80fd\u591f\u5982\u4f55\u5e2e\u52a9\u98de\u884c\u5458\u63d0\u5347\u7a7a\u6218\u80fd\u529b\u3002", "events": [], "arguments": {"loc": [], "time": [], "country": [{"text": "\u7f8e\u56fd", "offset": 10, "length": 2}], "weapon": []}}, {"sentence": "\u5177\u4f53\u8d1f\u8d23\u6b64\u6b21\u6a21\u62df\u98de\u884c\u5bf9\u6297\u7684\u662f\u4ec5\u670930\u540d\u5458\u5de5\u7684\u8d6b\u4f26\u7cfb\u7edf\u516c\u53f8\u3002", "events": [], "arguments": {"loc": [], "time": [], "country": [], "weapon": []}}, {"sentence": "\u8fd9\u6b21\u7ade\u8d5b\u662f\u81ea2019\u5e7411\u6708\u5f00\u59cb\u7684\u4e00\u7cfb\u5217\u7ade\u8d5b\u7684\u6700\u540e\u4e00\u573a\uff0c\u5728\u9996\u573a\u7ade\u8d5b\u4e2d\u5404\u5c0f\u7ec4\u4f7f\u7528\u7684\u662f\u6a21\u62df\u7684F-15\u6218\u6597\u673a\uff0c\u800c\u57281\u5e741\u6708\u8fdb\u884c\u6bd4\u8d5b\u5219\u5f00\u59cb\u6539\u7528F-16\u6218\u6597\u673a\uff0c\u672c\u5468\u7684\u6700\u540e\u4e00\u573a\u6bd4\u8d5b\u540c\u6837\u4e5f\u7528\u4e86F-16\u6218\u6597\u673a\u3002", "events": [], "arguments": {"loc": [], "time": [], "country": [], "weapon": []}}, {"sentence": "\u62a5\u9053\u79f0\uff0c\u76ee\u524d\u8fd8\u4e0d\u6e05\u695a\u8fd9\u6b21\u6bd4\u8d5b\u7684\u7ed3\u679c\u5bf9\u201c\u7a7a\u4e2d\u4f5c\u6218\u8ba1\u5212\u201d\uff08ACE\uff09\u8fdb\u5316\u9879\u76ee\u6709\u4f55\u5f71\u54cd\u3002", "events": [], "arguments": {"loc": [], "time": [], "country": [], "weapon": []}}, {"sentence": "DARPA\u6b64\u524d\u66fe\u8868\u793a\uff0c\u5e0c\u671b\u8fd9\u6b21\u6d3b\u52a8\u81f3\u5c11\u80fd\u201c\u6fc0\u52b1\u548c\u6269\u5927\u4eba\u5de5\u667a\u80fd\u7684\u5f00\u53d1\u201d\u3002", "events": [], "arguments": {"loc": [], "time": [], "country": [], "weapon": []}}, {"sentence": "\u201c\u7a7a\u4e2d\u4f5c\u6218\u8fdb\u5316\u201d\u9879\u76ee\u7684\u7b2c\u4e00\u9636\u6bb5\u5c06\u4e8e\u660e\u5e74\u7ed3\u675f\uff0c\u5176\u4e2d\u5305\u62ec\u8bd5\u9a8c\u8ba9\u4eba\u5de5\u667a\u80fd\u7cfb\u7edf\u64cd\u7eb5\u98de\u884c\u5668\uff0c\u4ece\u800c\u8ba9\u5c0f\u65b0\u87ba\u65cb\u6868\u548c\u55b7\u6c14\u5f0f\u53d1\u52a8\u673a\u9a71\u52a8\u7684\u65e0\u4eba\u673a\u5177\u5907\u81ea\u4e3b\u4f5c\u6218\u80fd\u529b\u3002", "events": [], "arguments": {"loc": [], "time": [], "country": [], "weapon": []}}, {"sentence": "\u6765\u81ea\u201c\u7a7a\u4e2d\u4f5c\u6218\u8fdb\u5316\u201d\u9879\u76ee\u8f6f\u4ef6\u548c\u786c\u4ef6\u6210\u679c\u80fd\u591f\u5e2e\u52a9\u6539\u5584\u65e0\u4eba\u98de\u884c\u5668\u7684\u81ea\u4e3b\u64cd\u4f5c\u80fd\u529b\uff0c\u4e5f\u80fd\u4e3a\u6709\u4eba\u9a7e\u9a76\u98de\u673a\u63d0\u4f9b\u5e2e\u52a9\uff0c\u8fd9\u4e9b\u7cfb\u7edf\u53ef\u80fd\u4f1a\u57282024\u5e74\u5de6\u53f3\u79fb\u4ea4\u7ed9\u7f8e\u56fd\u7a7a\u519b\u3002", "events": [], "arguments": {"loc": [], "time": [], "country": [], "weapon": []}}, {"sentence": "\u7f8e\u56fd\u7a7a\u519b\u7814\u7a76\u5b9e\u9a8c\u5ba4\uff08AFRL\uff09\u7684\u81ea\u4e3b\u80fd\u529b\u7814\u7a76\u7b2c3\u5c0f\u7ec4\uff08ACT3\uff09\u4e5f\u5728\u7814\u7a76\u4e00\u5957\u72ec\u7acb\u7684\u7cfb\u7edf\uff0c\u4ed6\u4eec\u6b63\u5728\u63a2\u7d22\u672a\u6765\u81ea\u4e3b\u548c\u534a\u81ea\u4e3b\u65e0\u4eba\u673a\u7684\u6f5c\u80fd\uff0c\u4ee5\u53ca\u4eba\u5de5\u667a\u80fd\u5728\u5f00\u53d1\u201c\u865a\u62df\u526f\u9a7e\u9a76\u5458\u201d\u4e2d\u7684\u5e94\u7528\u3002", "events": [], "arguments": {"loc": [], "time": [], "country": [], "weapon": []}}, {"sentence": "\u6709\u8da3\u7684\u662f\uff0c\u8fd9\u5957\u7cfb\u7edf\u7a0b\u5e8f\u88ab\u547d\u540d\u4e3aR2-D2\uff0c\u8fd9\u4e5f\u662f\u300a\u661f\u7403\u5927\u6218\u300b\u7cfb\u5217\u7535\u5f71\u4e2d\u4e00\u6b3e\u6709\u540d\u7684\u5b87\u822a\u6280\u5de5\u673a\u5668\u4eba\u7684\u540d\u5b57\u3002", "events": [], "arguments": {"loc": [], "time": [], "country": [], "weapon": []}}]