[{"sentence": "\u7f8e\u8230\u8f7d\u673a\u80fd\u5728\u5370\u822a\u6bcd\u6ed1\u8dc3\u8d77\u98de\u5417\uff1f", "events": [], "arguments": {"loc": [], "time": [], "country": [], "weapon": []}}, {"sentence": "\u4e13\u5bb6\uff1a\u6700\u5927\u8d77\u98de\u91cd\u91cf\u53ef\u80fd\u4f1a\u53d7\u9650", "events": [], "arguments": {"loc": [], "time": [], "country": [], "weapon": []}}, {"sentence": "\u3010\u73af\u7403\u65f6\u62a5\u8bb0\u8005 \u7ae0\u8282\u3011", "events": [], "arguments": {"loc": [], "time": [], "country": [], "weapon": []}}, {"sentence": "\u7f8e\u56fd\u822a\u6bcd\u4e00\u76f4\u88c5\u5907\u91c7\u7528\u5f39\u5c04\u8d77\u98de\u6a21\u5f0f\u7684\u8230\u8f7d\u673a\uff0c\u800c\u6700\u8fd1\u7684\u6d88\u606f\u663e\u793a\uff0c\u6ce2\u97f3\u516c\u53f8\u6b63\u5728\u5bf9F/A-18E/F\u8fdb\u884c\u6ed1\u8dc3\u7532\u677f\u7684\u8d77\u98de\u6d4b\u8bd5\uff0c\u8fd9\u88ab\u8ba4\u4e3a\u662f\u5411\u5370\u5ea6\u63a8\u9500\u201c\u8d85\u7ea7\u5927\u9ec4\u8702\u201d\u7684\u524d\u594f\u3002", "events": [], "arguments": {"loc": [], "time": [], "country": [{"text": "\u7f8e\u56fd", "offset": 0, "length": 2}], "weapon": [{"text": "\u822a\u6bcd", "offset": 2, "length": 2}, {"text": "F/A-18E/F", "offset": 37, "length": 9}, {"text": "\u8d85\u7ea7\u5927\u9ec4\u8702", "offset": 69, "length": 5}]}}, {"sentence": "\u636e\u7f8e\u56fdTheDrive\u7f51\u7ad9\u201c\u6218\u533a\u201d\u9891\u905319\u65e5\u62a5\u9053\uff0c\u6ce2\u97f3\u516c\u53f8\u6700\u8fd1\u4e00\u76f4\u5728\u9a6c\u91cc\u5170\u5dde\u5e15\u7279\u68ee\u6cb3\u6d77\u519b\u822a\u7a7a\u7ad9\u5229\u75281\u67b6F/A-18E/F\u201c\u8d85\u7ea7\u5927\u9ec4\u8702\u201d\u8fdb\u884c\u6ed1\u8dc3\u8d77\u98de\u8bd5\u98de\u3002", "events": [], "arguments": {"loc": [{"text": "\u9a6c\u91cc\u5170\u5dde\u5e15\u7279\u68ee\u6cb3\u6d77\u519b\u822a\u7a7a\u7ad9", "offset": 34, "length": 13}], "time": [{"text": "19\u65e5", "offset": 19, "length": 3}], "country": [], "weapon": []}}, {"sentence": "\u8fd9\u662f\u5411\u5370\u5ea6\u6d77\u519b\u7684\u6f14\u793a\u5de5\u4f5c\u7684\u4e00\u90e8\u5206\uff0c\u4ee5\u8868\u660e\u8be5\u673a\u9002\u7528\u4e8e\u91c7\u7528\u201c\u77ed\u8ddd\u8d77\u98de\u62e6\u963b\u7d22\u7740\u8230\u201d\u65b9\u5f0f\u7684\u822a\u6bcd\uff0c\u5982\u5370\u5ea6\u6d77\u519b\u7684\u201c\u7ef4\u514b\u62c9\u739b\u8482\u4e9a\u201d\u53f7\u548c\u672a\u6765\u7684\u56fd\u4ea7\u201c\u7ef4\u514b\u5170\u7279\u201d\u53f7\u3002", "events": [], "arguments": {"loc": [], "time": [], "country": [{"text": "\u5370\u5ea6", "offset": 45, "length": 2}], "weapon": [{"text": "\u7ef4\u514b\u62c9\u739b\u8482\u4e9a", "offset": 51, "length": 6}, {"text": "\u7ef4\u514b\u5170\u7279", "offset": 66, "length": 4}]}}, {"sentence": "\u62a5\u9053\u79f0\uff0c\u6ce2\u97f3\u516c\u53f8\u8bc1\u5b9e\uff0c\u8fd9\u9879\u6ed1\u8dc3\u8d77\u98de\u9a8c\u8bc1\u9879\u76ee\uff0c\u76ee\u524d\u6b63\u5728\u5e15\u7279\u68ee\u6cb3\u8fdb\u884c\uff0c\u4e0d\u8fc7\u76ee\u524d\u8fd8\u4e0d\u6e05\u695a\u8be5\u9879\u76ee\u7a76\u7adf\u662f\u4f55\u65f6\u5f00\u59cb\u7684\u3002", "events": [], "arguments": {"loc": [], "time": [], "country": [], "weapon": []}}, {"sentence": "\u5e15\u7279\u68ee\u7279\u6cb3\u6d77\u519b\u822a\u7a7a\u7ad9\u6709\u4e00\u4e2a\u5730\u9762\u6ed1\u8dc3\u8d77\u98de\u8bbe\u65bd\uff0c\u7528\u4e8e\u6d4b\u8bd5\u91c7\u7528\u77ed\u8ddd\u8d77\u98de\u5782\u76f4\u7740\u9646\u6a21\u5f0f\u7684F-35B\u6218\u6597\u673a\u3002", "events": [], "arguments": {"loc": [{"text": "\u5e15\u7279\u68ee\u7279\u6cb3\u6d77\u519b\u822a\u7a7a\u7ad9", "offset": 0, "length": 10}], "time": [], "country": [], "weapon": [{"text": "F-35B", "offset": 39, "length": 5}]}}, {"sentence": "\u6ce2\u97f3\u516c\u53f8\u53d1\u8a00\u4eba\u8d3e\u65af\u6c40\u00b7\u5409\u5e03\u68ee\u8868\u793a\uff0c\u6ce2\u97f3\u516c\u53f8\u548c\u7f8e\u56fd\u6d77\u519b\u6b63\u5728\u5e15\u7279\u68ee\u6cb3\u7684\u6ed1\u8dc3\u8d77\u98de\u88c5\u7f6e\u4e0a\u6d4b\u8bd5F/A-18\u201c\u8d85\u7ea7\u5927\u9ec4\u8702\u201d\uff0c\u4ee5\u8bc1\u660e\u5b83\u7b26\u5408\u5370\u5ea6\u6d77\u519b\u822a\u6bcd\u4f7f\u7528\u6807\u51c6\u3002", "events": [], "arguments": {"loc": [], "time": [], "country": [], "weapon": [{"text": "F/A-18", "offset": 42, "length": 6}]}}, {"sentence": "\u6ce2\u97f3\u5b8c\u6210\u4e86\u5bf9 F/A-18 \u4e0e\u5370\u5ea6\u822a\u7a7a\u6bcd\u8230\u517c\u5bb9\u6027\u7684\u5168\u9762\u5206\u6790\uff0c\u5e76\u8fdb\u884c\u4e86150\u591a\u6b21\u98de\u884c\u6a21\u62df\u3002", "events": [], "arguments": {"loc": [], "time": [], "country": [], "weapon": []}}, {"sentence": "\u62a5\u9053\u79f0\uff0c\u8bc4\u4f30\u663e\u793a\uff0c\u6700\u65b0\u578b\u7684F/A18E/F Block III\u975e\u5e38\u9002\u5408\u5728\u6ed1\u8dc3\u7532\u677f\u8d77\u98de\uff0c\u4f46\u8fd9\u5c06\u662f\u4e0b\u4e00\u6b65\u7684\u5de5\u4f5c\u3002", "events": [], "arguments": {"loc": [], "time": [], "country": [], "weapon": [{"text": "F/A18E/F Block III", "offset": 13, "length": 18}]}}, {"sentence": "\u5b9e\u9645\u4e0a\uff0c\u65e9\u671f\u7248\u672c\u7684\u201c\u5927\u9ec4\u8702\u201d\u6218\u6597\u673a\u5f88\u65e9\u5c31\u8fdb\u884c\u8fc7\u7c7b\u4f3c\u8bd5\u9a8c\u3002", "events": [], "arguments": {"loc": [], "time": [], "country": [], "weapon": []}}, {"sentence": "\u7814\u5236\u57fa\u672c\u578bF/A-18\u3001\u540e\u6765\u88ab\u6ce2\u97f3\u516c\u53f8\u6536\u8d2d\u7684\u9ea6\u514b\u5510\u7eb3\u00b7\u9053\u683c\u62c9\u65af\u516c\u53f8\uff0c\u5728\u51b7\u6218\u540e\u671f\u4e5f\u5bf9\u8be5\u98de\u673a\u8fdb\u884c\u8fc7\u6ed1\u8dc3\u8d77\u98de\u6d4b\u8bd5\u3002", "events": [], "arguments": {"loc": [], "time": [], "country": [], "weapon": []}}, {"sentence": "\u6d4b\u8bd5\u8868\u660e\uff0c\u53ea\u8981\u6709\u7532\u677f9\u5ea6\u7684\u503e\u89d2\uff0c\u201c\u5927\u9ec4\u8702\u201d\u6240\u9700\u7684\u8d77\u98de\u6ed1\u8dd1\u8ddd\u79bb\u5c31\u53ef\u4ee5\u51cf\u534a\uff0c\u5c3d\u7ba1\u76ee\u524d\u8fd8\u4e0d\u6e05\u695a\u8d77\u98de\u603b\u91cd\u91cf\u662f\u591a\u5c11\uff0c\u624d\u80fd\u8fbe\u5230\u8fd9\u79cd\u6027\u80fd\u3002", "events": [], "arguments": {"loc": [], "time": [], "country": [], "weapon": [{"text": "\u5927\u9ec4\u8702", "offset": 17, "length": 3}]}}, {"sentence": "\u4e2d\u56fd\u519b\u4e8b\u4e13\u5bb6\u5f20\u5b66\u5cf0\u8868\u793a\uff0cF/A-18E/F\u7cfb\u5217\u6218\u6597\u673a\u7684\u8d77\u964d\u6027\u80fd\u8981\u8fdc\u8d85\u57fa\u672c\u578b\u7684\u201c\u5927\u9ec4\u8702\u201d\uff0c\u524d\u8005\u5728\u8230\u4e0a\u5f39\u5c04\u8d77\u98de\u65f6\u751a\u81f3\u4e0d\u7528\u6253\u5f00\u52a0\u529b\uff0c\u800c\u964d\u843d\u89e6\u8230\u65f6\u590d\u98de\uff0c\u4e5f\u53ef\u4ee5\u4e0d\u5f00\u52a0\u529b\u3002", "events": [], "arguments": {"loc": [], "time": [], "country": [], "weapon": []}}, {"sentence": "\u8fd9\u662f\u4f20\u7edf\u7684\u201c\u5927\u9ec4\u8702\u201d\u505a\u4e0d\u5230\u7684\u3002", "events": [], "arguments": {"loc": [], "time": [], "country": [], "weapon": []}}, {"sentence": "\u6240\u4ee5\u201c\u8d85\u7ea7\u5927\u9ec4\u8702\u201d\u6539\u4e3a\u6ed1\u8dc3\u8d77\u98de\u5e94\u8be5\u6ca1\u6709\u592a\u5927\u95ee\u9898\u3002", "events": [], "arguments": {"loc": [], "time": [], "country": [], "weapon": []}}, {"sentence": "\u4f46\u8be5\u673a\u7684\u6700\u5927\u8d77\u98de\u91cd\u91cf\u6216\u8bb8\u4f1a\u53d7\u5230\u4e00\u4e9b\u9650\u5236\u3002", "events": [], "arguments": {"loc": [], "time": [], "country": [], "weapon": []}}, {"sentence": "\u5f20\u5b66\u5cf0\u79f0\uff0c\u91c7\u7528\u5f39\u5c04\u8d77\u98de\u65b9\u5f0f\u7684\u8230\u8f7d\u673a\uff0c\u76f8\u5f53\u4e8e\u5f39\u5c04\u5668\u62c9\u7740\u8230\u8f7d\u673a\u7684\u524d\u8d77\u843d\u67b6\u9ad8\u901f\u8fd0\u52a8\uff0c\u5bf9\u524d\u8d77\u843d\u67b6\u548c\u90bb\u8fd1\u7684\u7ed3\u6784\u5f3a\u5ea6\u8981\u6c42\u66f4\u9ad8\u3002", "events": [], "arguments": {"loc": [], "time": [], "country": [], "weapon": []}}, {"sentence": "\u5982\u679c\u6ed1\u8dc3\u8d77\u98de\u6539\u5f39\u5c04\u8d77\u98de\uff0c\u9700\u8981\u5bf9\u98de\u673a\u524d\u8d77\u843d\u67b6\u8fdb\u884c\u91cd\u65b0\u8bbe\u8ba1\uff0c\u800c\u4ece\u5f39\u5c04\u8d77\u98de\u6539\u5230\u6ed1\u8dc3\u8d77\u98de\uff0c\u53ef\u80fd\u4e0d\u9700\u8981\u8fdb\u884c\u5927\u6539\u52a8\u3002", "events": [], "arguments": {"loc": [], "time": [], "country": [], "weapon": []}}, {"sentence": "\u4e0d\u8fc7\uff0cF/A-18E/F\u7684\u9a8c\u8bc1\u6210\u529f\u5e76\u4e0d\u610f\u5473\u7740\u5b83\u80fd\u5f88\u5feb\u8fdb\u5165\u5370\u5ea6\u6d77\u519b\uff0c\u5b83\u8fd8\u5c06\u63a5\u53d7\u7ade\u4e89\u8005\u7684\u6311\u6218\u3002", "events": [], "arguments": {"loc": [], "time": [], "country": [], "weapon": []}}, {"sentence": "\u201c\u6218\u533a\u201d\u62a5\u9053\u79f0\uff0c\u201c\u8d85\u7ea7\u5927\u9ec4\u8702\u201d\u5c06\u4e0e\u7c73\u683c-29K\u3001\u6cd5\u56fd\u6d77\u519b\u7248\u201c\u9635\u98ce\u201d\u548c\u745e\u5178\u201c\u9e70\u72ee\u201d\u8230\u8f7d\u578b\u7ade\u4e89\u3002", "events": [], "arguments": {"loc": [], "time": [], "country": [], "weapon": [{"text": "\u7c73\u683c-29K", "offset": 17, "length": 6}, {"text": "\u9635\u98ce", "offset": 30, "length": 2}, {"text": "\u9e70\u72ee", "offset": 37, "length": 2}]}}, {"sentence": "\u5370\u5ea6\u6d77\u519b\u6b64\u524d\u62d2\u7edd\u4e86\u56fd\u5185\u201c\u5149\u8f89\u201d\u8230\u8f7d\u578b\uff0c\u4f46\u8be5\u98de\u673a\u7684\u5f00\u53d1\u4ecd\u5728\u7ee7\u7eed\u3002", "events": [], "arguments": {"loc": [], "time": [], "country": [], "weapon": [{"text": "\u5149\u8f89", "offset": 12, "length": 2}]}}, {"sentence": "\u5f20\u5b66\u5cf0\u8ba4\u4e3a\uff0c\u8fd9\u51e0\u79cd\u98de\u673a\u5404\u6709\u4f18\u52bf\uff0c\u73b0\u5728\u8fd8\u5f88\u96be\u4e0b\u5b9a\u8bba\u3002", "events": [], "arguments": {"loc": [], "time": [], "country": [], "weapon": []}}, {"sentence": "\u7c73\u683c-29K\u5982\u679c\u8fdb\u884c\u4e00\u5b9a\u5347\u7ea7\uff0c\u4e5f\u5e76\u975e\u4e00\u65e0\u662f\u5904\uff0c\u5b83\u6709\u5229\u4e8e\u5370\u5ea6\u6d77\u519b\u7684\u540e\u52e4\u4fdd\u969c\uff0c\u5982\u679c\u80fd\u628a\u4e4b\u524d\u66b4\u9732\u7684\u7f3a\u9677\u6539\u6389\uff0c\u4f7f\u7528\u7c73\u683c-35\u7684\u822a\u7535\u7cfb\u7edf\uff0c\u4ecd\u6709\u4e00\u5b9a\u7ade\u4e89\u529b\u3002", "events": [], "arguments": {"loc": [], "time": [], "country": [], "weapon": []}}, {"sentence": "\u201c\u9635\u98ce\u201d\u7684\u4f18\u52bf\u5728\u4e8e\uff0c\u5370\u5ea6\u7a7a\u519b\u5df2\u91c7\u8d2d\u4e86\u9646\u57fa\u578b\uff0c\u4e0a\u4e2a\u6708\u63a5\u6536\u4e86\u9996\u6279\u9646\u57fa\u578b\u201c\u9635\u98ce\u201d\u98de\u673a\uff0c\u4e24\u8005\u5177\u6709\u4e00\u5b9a\u5171\u901a\u6027\uff0c\u6709\u5229\u4e8e\u5370\u5ea6\u81ea\u884c\u7ec4\u88c5\u3002", "events": [], "arguments": {"loc": [], "time": [], "country": [], "weapon": []}}, {"sentence": "\u8230\u8f7d\u578b\u201c\u9e70\u72ee\u201d\u6210\u719f\u5ea6\u6700\u4f4e\uff0c\u76ee\u524d\u6050\u6015\u8fd8\u53ea\u5b58\u5728\u4e8e\u56fe\u7eb8\u9636\u6bb5\u3002", "events": [], "arguments": {"loc": [], "time": [], "country": [], "weapon": []}}, {"sentence": "\u4f46\u201c\u9e70\u72ee\u201d\u6bd4\u8f83\u5c0f\uff0c\u53ef\u80fd\u66f4\u9002\u5408\u5370\u5ea6\u7684\u5c0f\u578b\u822a\u6bcd\u3002", "events": [], "arguments": {"loc": [], "time": [], "country": [], "weapon": []}}, {"sentence": "\u603b\u4f53\u4e0a\u770b\uff0cF/A-18E/F\u548c\u201c\u9635\u98ce\u201d\u6218\u6597\u673a\u5728\u6280\u672f\u4e0a\u6709\u8f83\u5927\u4f18\u52bf\u3002", "events": [], "arguments": {"loc": [], "time": [], "country": [], "weapon": []}}]