[{"sentence": "B-1B\u548cB-2\u9f50\u51fa\u52a8\uff01", "events": [], "arguments": {"loc": [], "time": [], "country": [], "weapon": [{"text": "B-1B", "offset": 0, "length": 4}, {"text": "B-2", "offset": 5, "length": 3}]}}, {"sentence": "\u7f8e\u7a7a\u519b\u5728\u5370\u592a\u5730\u533a\u4e3e\u884c\u5927\u89c4\u6a21\u8bad\u7ec3", "events": [], "arguments": {"loc": [{"text": "\u5370\u592a\u5730\u533a", "offset": 4, "length": 4}], "time": [], "country": [], "weapon": []}}, {"sentence": "\u3010\u73af\u7403\u7f51\u62a5\u9053 \u89c1\u4e60\u8bb0\u8005 \u9a6c\u5ca9\u3011", "events": [], "arguments": {"loc": [], "time": [], "country": [], "weapon": []}}, {"sentence": "\u636e\u201c\u9632\u52a1\u535a\u5ba2\u201d\u7f51\u7ad98\u670819\u65e5\u62a5\u9053\uff0c8\u670818\u65e5\u7f8e\u56fd\u7a7a\u519b\u3001\u6d77\u519b\u3001\u6d77\u519b\u9646\u6218\u961f\u548c\u65e5\u672c\u822a\u7a7a\u81ea\u536b\u961f\u8fdb\u884c\u4e86\u5927\u89c4\u6a21\u7684\u8054\u5408\u548c\u53cc\u8fb9\u4e00\u4f53\u5316\u8bad\u7ec3\u6f14\u4e60\u3002", "events": [], "arguments": {"loc": [], "time": [{"text": "8\u670819\u65e5", "offset": 9, "length": 5}, {"text": "8\u670818\u65e5", "offset": 17, "length": 5}], "country": [{"text": "\u65e5\u672c", "offset": 36, "length": 2}, {"text": "\u7f8e\u56fd", "offset": 22, "length": 2}], "weapon": []}}, {"sentence": "\u56db\u67b6B-1B\u3001\u4e24\u67b6B-2\u548c\u56db\u67b6F-15C\u5728\u5370\u592a\u5730\u533a24\u5c0f\u65f6\u5185\u540c\u65f6\u6267\u884c\u4e86\u8f70\u70b8\u673a\u7279\u9063\u4efb\u52a1\u3002", "events": [], "arguments": {"loc": [], "time": [], "country": [], "weapon": [{"text": "F-15C", "offset": 15, "length": 5}]}}, {"sentence": "\u7f8e\u7a7a\u519b\u5b9a\u671f\u8fdb\u884c\u8f70\u70b8\u673a\u7279\u9063\u884c\u52a8\uff0c\u4ee5\u663e\u793a\u7f8e\u56fd\u5bf9\u5370\u592a\u5730\u533a\u76df\u53cb\u548c\u4f19\u4f34\u7684\u627f\u8bfa\u3002", "events": [], "arguments": {"loc": [], "time": [], "country": [], "weapon": []}}, {"sentence": "\u4e24\u67b6B-1\u8f70\u70b8\u673a\u4ece\u5fb7\u514b\u8428\u65af\u5dde\u8d77\u98de\uff0c\u98de\u5f80\u65e5\u672c\u6d77\uff0c\u62b5\u8fbe\u540e\u4e0e\u65e5\u672c\u822a\u7a7a\u81ea\u536b\u961f\u4e3e\u884c\u4e86\u8054\u5408\u8bad\u7ec3\u3002", "events": [], "arguments": {"loc": [{"text": "\u5fb7\u514b\u8428\u65af\u5dde", "offset": 9, "length": 5}], "time": [], "country": [], "weapon": []}}, {"sentence": "\u5f53\u8fd9\u4e24\u67b6B-1\u98de\u5f80\u65e5\u672c\u6d77\u7684\u9014\u4e2d\uff0c\u53e6\u5916\u4e24\u67b6B-1\u4ece\u5173\u5c9b\u7684\u5b89\u5fb7\u68ee\u7a7a\u519b\u57fa\u5730\u8d77\u98de\u3002", "events": [], "arguments": {"loc": [{"text": "\u5b89\u5fb7\u68ee\u7a7a\u519b\u57fa\u5730", "offset": 27, "length": 7}, {"text": "\u65e5\u672c\u6d77", "offset": 9, "length": 3}, {"text": "\u5173\u5c9b", "offset": 24, "length": 2}], "time": [], "country": [], "weapon": []}}, {"sentence": "\u9664\u4e86\u4e24\u9879\u8f70\u70b8\u4efb\u52a1\u5916\uff0c\u56db\u67b6F-15C\u4e5f\u4ece\u5609\u624b\u7eb3\u57fa\u5730\u8d77\u98de\uff0c\u98de\u5f80\u65e5\u672c\u6d77\uff0c\u4e0e\u56db\u67b6B-1\u3001\u201c\u91cc\u6839\u201d\u53f7\u822a\u6bcd\u6218\u6597\u7fa4\u3001F-35\u6218\u6597\u673a\u4ee5\u53ca\u65e5\u672c\u822a\u7a7a\u81ea\u536b\u961f\u7684F-15J\u4e00\u8d77\u8fdb\u884c\u4e86\u5927\u89c4\u6a21\u8054\u5408\u8bad\u7ec3\u3002", "events": [], "arguments": {"loc": [{"text": "\u5609\u624b\u7eb3\u57fa\u5730", "offset": 19, "length": 5}], "time": [], "country": [], "weapon": [{"text": "\u201c\u91cc\u6839\u201d\u53f7\u822a\u6bcd", "offset": 40, "length": 7}, {"text": "F-15J", "offset": 68, "length": 5}]}}, {"sentence": "\u5f53\u65e5\u672c\u6d77\u7684\u8bad\u7ec3\u8fdb\u884c\u65f6\uff0c\u4e24\u67b6B-2\u8f70\u70b8\u673a\u4ece\u5bc6\u82cf\u91cc\u5dde\u8d77\u98de\u90e8\u7f72\u5230\u4e86\u5370\u5ea6\u6d0b\u7684\u8fed\u6208\u52a0\u897f\u4e9a\uff0c\u5e76\u5728\u5370\u5ea6\u6d0b\u8fdb\u884c\u4e86\u8054\u5408\u4e92\u64cd\u4f5c\u6027\u6218\u672f\u8bad\u7ec3\u3002", "events": [{"trigger": {"text": "\u90e8\u7f72", "offset": 26, "length": 2}, "subject": {"text": "\u4e24\u67b6B-2\u8f70\u70b8\u673a", "offset": 11, "length": 8}, "object": {"text": "\u5370\u5ea6\u6d0b\u7684\u8fed\u6208\u52a0\u897f\u4e9a", "offset": 30, "length": 9}}], "arguments": {"loc": [{"text": "\u8fed\u6208\u52a0\u897f\u4e9a", "offset": 34, "length": 5}, {"text": "\u5370\u5ea6\u6d0b", "offset": 42, "length": 3}, {"text": "\u5bc6\u82cf\u91cc\u5dde", "offset": 20, "length": 4}], "time": [], "country": [], "weapon": []}}, {"sentence": "\u62a5\u9053\u79f0\uff0c\u8fd9\u4e9b\u4efb\u52a1\u663e\u793a\u51fa\u7f8e\u56fd\u7a7a\u519b\u5168\u7403\u6253\u51fb\u53f8\u4ee4\u90e8\u53ef\u4ee5\u968f\u65f6\u968f\u5730\u5730\u5b9e\u65bd\u81f4\u547d\u8fdc\u7a0b\u6253\u51fb\u3002", "events": [], "arguments": {"loc": [], "time": [], "country": [], "weapon": []}}, {"sentence": "\uff08\u5b8c\uff09", "events": [], "arguments": {"loc": [], "time": [], "country": [], "weapon": []}}, {"sentence": "\uff08\u5b8c\uff09", "events": [], "arguments": {"loc": [], "time": [], "country": [], "weapon": []}}]