[{"sentence": "\u201c\u67ad\u9f99\u201d\u6218\u673a\u73b0\u8eab\u514b\u4ec0\u7c73\u5c14\u57fa\u5730\u540e\u00a0\u5370\u5ea6\u4e5f\u5c06\u56fd\u4ea7\u5149\u8f89\u6218\u6597\u673a\u6d3e\u5230\u8fb9\u5883", "events": [], "arguments": {"loc": [{"text": "\u514b\u4ec0\u7c73\u5c14\u57fa\u5730", "offset": 8, "length": 6}], "time": [], "country": [{"text": "\u5370\u5ea6", "offset": 16, "length": 2}], "weapon": [{"text": "\u67ad\u9f99", "offset": 1, "length": 2}, {"text": "\u5149\u8f89\u6218\u6597\u673a", "offset": 22, "length": 5}]}}, {"sentence": "\u3010\u73af\u7403\u7f51\u62a5\u9053 \u8bb0\u8005 \u5f90\u7490\u660e\u3011", "events": [], "arguments": {"loc": [], "time": [], "country": [], "weapon": []}}, {"sentence": "\u636eThe Print\u7f51\u7ad98\u670819\u65e5\u62a5\u9053\uff0c\u5370\u5ea6\u7a7a\u519b\u5728\u5370\u5df4\u8fb9\u5883\u9644\u8fd1\u7684\u897f\u90e8\u524d\u7ebf\u90e8\u7f72\u4e86\u5370\u5ea6\u56fd\u4ea7\u7684LCA\u201c\u5149\u8f89\u201d\u8f7b\u578b\u6218\u6597\u673a\uff0c\u8fd9\u88ab\u5370\u5ea6\u89c6\u4e3a\u662f\u5176\u56fd\u4ea7\u6218\u6597\u673a\u7684\u53d1\u5c55\u5386\u7a0b\u4e2d\u7684\u4e00\u4e2a\u201c\u91cd\u5927\u6210\u5c31\u201d\u3002", "events": [{"trigger": {"text": "\u90e8\u7f72", "offset": 36, "length": 2}, "subject": {"text": "\u5370\u5ea6\u7a7a\u519b", "offset": 20, "length": 4}, "object": {"text": "\u5370\u5ea6\u56fd\u4ea7\u7684LCA\u201c\u5149\u8f89\u201d\u8f7b\u578b\u6218\u6597\u673a", "offset": 39, "length": 17}}], "arguments": {"loc": [], "time": [{"text": "8\u670819\u65e5", "offset": 12, "length": 5}], "country": [], "weapon": []}}, {"sentence": "\u62a5\u9053\u79f0\uff0c\u5370\u5ea6\u653f\u5e9c\u7684\u6d88\u606f\u4eba\u58eb\u8bf4\uff1a\u201c\u5370\u5ea6\u7a7a\u519b\u5728\u9760\u8fd1\u5df4\u57fa\u65af\u5766\u7684\u897f\u90e8\u524d\u7ebf\u90e8\u7f72\u4e86\u2018\u5149\u8f89\u2019\u6218\u6597\u673a\uff0c\u4ee5\u5e94\u5bf9\u5bf9\u624b\u5728\u90a3\u91cc\u53ef\u80fd\u91c7\u53d6\u7684\u4efb\u4f55\u884c\u52a8\u3002", "events": [], "arguments": {"loc": [], "time": [], "country": [{"text": "\u5df4\u57fa\u65af\u5766", "offset": 23, "length": 4}], "weapon": []}}, {"sentence": "\u201d\u4ed6\u8fd8\u8868\u793a\uff0c\u8fd9\u652f\u90e8\u961f\u662f\u5370\u5ea6\u7a7a\u519b\u9996\u652f\u201c\u5149\u8f89\u201d\u6218\u6597\u673a\u4e2d\u961f\uff0c\u96b6\u5c5e\u4e8e\u5370\u5ea6\u5357\u65b9\u7a7a\u519b\u53f8\u4ee4\u90e8\u3002", "events": [], "arguments": {"loc": [], "time": [], "country": [], "weapon": []}}, {"sentence": "\u5370\u5ea6\u7a7a\u519b\u88c5\u5907\u7684\u201c\u5149\u8f89\u201d\u6218\u6597\u673a", "events": [], "arguments": {"loc": [], "time": [], "country": [], "weapon": []}}, {"sentence": "\u57288\u670815\u65e5\u5370\u5ea6\u72ec\u7acb\u65e5\u7684\u6f14\u8bb2\u4e2d\uff0c\u5370\u5ea6\u603b\u7406\u83ab\u8fea\u66fe\u79f0\u8d5e\u4e86\u5370\u5ea6\u56fd\u4ea7\u7684\u201c\u5149\u8f89\u201d\u6218\u6597\u673a\uff0c\u4ed6\u8868\u793a\u8d2d\u4e70LCA Mark1\u7248\u672c\u7684\u201c\u5149\u8f89\u201d\u6218\u6597\u673a\u7684\u4ea4\u6613\u9884\u8ba1\u5f88\u5feb\u5c31\u4f1a\u5b8c\u6210\u3002", "events": [], "arguments": {"loc": [], "time": [{"text": "8\u670815\u65e5", "offset": 1, "length": 5}], "country": [], "weapon": [{"text": "LCA Mark1", "offset": 44, "length": 9}]}}, {"sentence": "\u62a5\u9053\u79f0\uff0c\u76ee\u524d\u9996\u652f\u201c\u5149\u8f89\u201d\u6218\u6597\u673a\u4e2d\u961f\u88c5\u5907\u7684\u662f\u521d\u59cb\u7248\u672c\u7684\u578b\u53f7\uff0c\u800c\u7b2c\u4e8c\u652f\u4e2d\u961f\u5370\u5ea6\u7a7a\u519b\u7b2c18\u201c\u98de\u884c\u5b50\u5f39\u201d\u4e2d\u961f\u88c5\u5907\u7684\u662f\u5177\u5907\u5b8c\u5168\u4f5c\u6218\u80fd\u529b\u7248\u672c\u7684\u201c\u5149\u8f89\u201d\u6218\u6597\u673a\uff0c\u9996\u6279\u6218\u673a\u5df2\u4e8e5\u670827\u65e5\u5217\u88c5\u3002", "events": [], "arguments": {"loc": [], "time": [], "country": [], "weapon": []}}, {"sentence": "\u5370\u5ea6\u7a7a\u519b\u548c\u5370\u5ea6\u56fd\u9632\u90e8\u9884\u8ba1\u5c06\u5728\u4eca\u5e74\u5e74\u5e95\u524d\u6572\u5b9a\u8d2d\u4e7083\u67b6Mark1\u7248\u672c\u201c\u5149\u8f89\u201d\u6218\u6597\u673a\u7684\u4ea4\u6613\u3002", "events": [], "arguments": {"loc": [], "time": [], "country": [], "weapon": []}}, {"sentence": "\u503c\u5f97\u6ce8\u610f\u7684\u662f\uff0c\u5c31\u5728\u4e0d\u5230\u4e00\u4e2a\u6708\u524d\uff0c\u5df4\u57fa\u65af\u5766\u7a7a\u519b\u53c2\u8c0b\u957f\u8fd1\u65e5\u5230\u8bbf\u4e86\u4f4d\u4e8e\u5df4\u63a7\u514b\u4ec0\u7c73\u5c14\u5730\u533a\u7684\u5df4\u57fa\u65af\u5766\u7a7a\u519b\u524d\u7ebf\u57fa\u5730\uff0c\u5e76\u89c2\u6469\u4e86\u90e8\u7f72\u4e8e\u8be5\u57fa\u5730\u7684JF-17\u201c\u96f7\u7535\u201d\uff08\u4e2d\u65b9\u79f0\u201c\u67ad\u9f99\u201d\uff09\u6218\u6597\u673a\u7684\u7d27\u6025\u51fa\u52a8\u6f14\u7ec3\u3002", "events": [], "arguments": {"loc": [], "time": [], "country": [], "weapon": [{"text": "\u67ad\u9f99", "offset": 77, "length": 2}]}}, {"sentence": "\u5df4\u57fa\u65af\u5766\u7a7a\u519b\u7684JF-17\u6218\u6597\u673a\u4ece\u65af\u5361\u675c\u57fa\u5730\u8d77\u98de", "events": [], "arguments": {"loc": [{"text": "\u65af\u5361\u675c\u57fa\u5730", "offset": 16, "length": 5}], "time": [], "country": [], "weapon": [{"text": "JF-17", "offset": 7, "length": 5}]}}, {"sentence": "\u5728\u5411\u8be5\u57fa\u5730\u7684\u4eba\u5458\u53d1\u8868\u8bb2\u8bdd\u65f6\uff0c\u7a46\u52a0\u5e0c\u5fb7\u8868\u793a\uff0c\u5df4\u57fa\u65af\u5766\u7a7a\u519b\u5f88\u4e86\u89e3\u8be5\u5730\u533a\u7684\u5730\u7f18\u6218\u7565\u53d1\u5c55\u60c5\u51b5\u3002", "events": [], "arguments": {"loc": [], "time": [], "country": [], "weapon": []}}, {"sentence": "\u4ed6\u8bf4\uff0c\u654c\u4eba\u7684\u5177\u6709\u4fb5\u7565\u6027\u7684\u519b\u4e8b\u91c7\u8d2d\u4e0d\u4f1a\u88ab\u5ffd\u89c6\uff0c\u4e00\u4e9b\u5fc5\u8981\u7684\u63aa\u65bd\u5df2\u7ecf\u5230\u4f4d\uff0c\u4ee5\u786e\u4fdd\u5e38\u89c4\u9886\u57df\u7684\u519b\u4e8b\u529b\u91cf\u5e73\u8861\u3002", "events": [], "arguments": {"loc": [], "time": [], "country": [], "weapon": []}}, {"sentence": "\u5df4\u57fa\u65af\u5766\u7a7a\u519b\u4e5f\u5728\u793e\u4ea4\u5a92\u4f53\u4e0a\u516c\u5e03\u4e86\u7a46\u52a0\u5e0c\u5fb7\u6b64\u6b21\u89c6\u5bdf\u7684\u76f8\u5173\u753b\u9762\uff0c\u90e8\u7f72\u5728\u8be5\u57fa\u5730\u7684JF-17\u201c\u96f7\u7535\u201d\u6218\u6597\u673a\u8fdb\u884c\u4e86\u6218\u5907\u7d27\u6025\u51fa\u52a8\u6f14\u793a\u3002", "events": [], "arguments": {"loc": [], "time": [], "country": [], "weapon": []}}, {"sentence": "\u503c\u5f97\u6ce8\u610f\u7684\u662f\uff0cJF-17\u6218\u6597\u673a\u5728\u51fa\u52a8\u65f6\u643a\u5e26\u4e86\u526f\u6cb9\u7bb1\u548c\u4e2d\u8ddd\u3001\u77ed\u8ddd\u4e0d\u540c\u7c7b\u578b\u7684\u7a7a\u7a7a\u5bfc\u5f39\u3002", "events": [], "arguments": {"loc": [], "time": [], "country": [], "weapon": []}}, {"sentence": "\u636e\u6089\uff0c\u65af\u5361\u675c\u57fa\u5730\u662f\u5df4\u57fa\u65af\u5766\u519b\u961f\u5728\u514b\u4ec0\u7c73\u5c14\u5730\u533a\u7684\u524d\u7ebf\u7a7a\u519b\u57fa\u5730\uff0c\u6d77\u62d4\u57282200\u7c73\u4ee5\u4e0a\uff0c\u8ddd\u79bb\u5370\u5df4\u5b9e\u63a7\u7ebf\u6700\u8fd1\u8ddd\u79bb\u4e3a85\u516c\u91cc\uff0c\u4e3b\u8981\u62c5\u8d1f\u5bf9\u5370\u5ea6\u7684\u8b66\u6212\u548c\u5a01\u6151\u4efb\u52a1\u3002", "events": [], "arguments": {"loc": [], "time": [], "country": [], "weapon": []}}]