[{"sentence": "\u7f8e\u519b\u673a\u5728\u6211\u5468\u8fb9\u9891\u98de\u201c\u8be1\u5f02\u8def\u7ebf\u201d\uff0c\u4e13\u5bb6\uff1a\u4e0d\u6392\u9664\u6f14\u7ec3\u6a21\u62df\u653b\u51fb", "events": [], "arguments": {"loc": [], "time": [], "country": [{"text": "\u7f8e", "offset": 0, "length": 1}], "weapon": []}}, {"sentence": "\u3010\u73af\u7403\u65f6\u62a5\u7279\u7ea6\u8bb0\u8005 \u674e\u5f3a \u73af\u7403\u65f6\u62a5\u8bb0\u8005 \u5218\u626c\u3011", "events": [], "arguments": {"loc": [], "time": [], "country": [], "weapon": []}}, {"sentence": "\u636e\u201c\u98de\u673a\u5b88\u671b\u201d18\u65e5\u53d1\u5e03\u7684\u6d88\u606f\u663e\u793a\uff0c\u4e24\u67b6\u547c\u53f7\u4e3aRUDDY11\u548cRUDDY12\u7684\u7f8e\u56fd\u7a7a\u519bB-1B\u8f70\u70b8\u673a\u4e8e17\u65e5\u98de\u79bb\u5173\u5c9b\u5b89\u5fb7\u68ee\u7a7a\u519b\u57fa\u5730\uff0c\u8fd4\u56de\u4f4d\u4e8e\u5357\u8fbe\u79d1\u4ed6\u5dde\u7684\u57c3\u5c14\u65af\u6c83\u65af\u7a7a\u519b\u57fa\u5730\u3002", "events": [], "arguments": {"loc": [{"text": "\u5173\u5c9b\u5b89\u5fb7\u68ee\u7a7a\u519b\u57fa\u5730", "offset": 56, "length": 9}, {"text": "\u5357\u8fbe\u79d1\u4ed6\u5dde\u7684\u57c3\u5c14\u65af\u6c83\u65af\u7a7a\u519b\u57fa\u5730", "offset": 70, "length": 15}], "time": [{"text": "18\u65e5", "offset": 7, "length": 3}], "country": [], "weapon": [{"text": "RUDDY11", "offset": 23, "length": 7}, {"text": "RUDDY12", "offset": 31, "length": 7}, {"text": "B-1B", "offset": 43, "length": 4}]}}, {"sentence": "\u4e0d\u8fc7\u5176\u4e2d\u4e00\u67b6\u8f70\u70b8\u673a\u653e\u7740\u76f4\u98de\u7684\u7ecf\u6d4e\u822a\u7ebf\u4e0d\u8d70\uff0c\u53cd\u800c\u7ed5\u9053\u8fdb\u5165\u4e2d\u56fd\u4e1c\u6d77\u4e0a\u7a7a\u7684\u9632\u7a7a\u8bc6\u522b\u533a\u9644\u8fd1\u3002", "events": [], "arguments": {"loc": [], "time": [], "country": [], "weapon": []}}, {"sentence": "\u90a3\u4e48\uff0c\u7f8e\u56fd\u519b\u673a\u7a76\u7adf\u4e3a\u4f55\u9009\u62e9\u8fd9\u4e2a\u8def\u7ebf\uff0c\u662f\u50cf\u53f0\u5a92\u6240\u8bf4\u201c\u6311\u6218\u89e3\u653e\u519b\u5e95\u7ebf\u201d\u5417\uff1f", "events": [], "arguments": {"loc": [], "time": [], "country": [], "weapon": []}}, {"sentence": "\u6b64\u5916\uff0c\u6700\u8fd1\u7f8e\u56fd\u4fa6\u5bdf\u673a\u4e3a\u4ec0\u4e48\u7ed9\u4eba\u7684\u5370\u8c61\u603b\u662f\u201c\u53bb\u5e7f\u5dde\u201d\uff1f", "events": [], "arguments": {"loc": [], "time": [], "country": [], "weapon": []}}, {"sentence": "B-1B\u98de\u51fa\u5f02\u5e38\u822a\u7ebf", "events": [], "arguments": {"loc": [], "time": [], "country": [], "weapon": []}}, {"sentence": "\u4ece\u201c\u98de\u673a\u5b88\u671b\u201d\u53d1\u5e03\u7684\u4e24\u67b6B-1B\u98de\u673a\u98de\u884c\u8f68\u8ff9\uff08\u90e8\u5206\u8f68\u8ff9\u4e3a\u63a8\u6d4b\uff09\u6765\u770b\uff0c\u7f8e\u519bB-1B\u8f70\u70b8\u673a\u4ece\u5173\u5c9b\u8d77\u98de\u540e\uff0c\u5e76\u6ca1\u6709\u6cbf\u6700\u77ed\u8def\u7ebf\u76f4\u63a5\u98de\u56de\u7f8e\u56fd\u672c\u571f\uff0c\u800c\u662f\u7ed5\u9053\u5230\u4e1c\u6d77\u518d\u8f6c\u5411\u98de\u5f80\u7f8e\u56fd\u3002", "events": [], "arguments": {"loc": [], "time": [], "country": [], "weapon": []}}, {"sentence": "\u8fd9\u4e24\u67b6\u8f70\u70b8\u673a\u5148\u662f\u5411\u897f\u5317\u65b9\u5411\u98de\u5411\u4e1c\u6d77\u6d77\u57df\u4e0a\u7a7a\uff0c\u5176\u4e2d\u547c\u53f7RUDDY11\u7684B-1B\u8f70\u70b8\u673a\u5219\u662f\u98de\u5165\u4e1c\u6d77\u4e0a\u7a7a\uff0c\u5176\u5e94\u7b54\u4fe1\u53f7\u6d88\u5931\u5728\u4e1c\u6d77\u9632\u7a7a\u8bc6\u522b\u533a\u9644\u8fd1\u3002", "events": [], "arguments": {"loc": [], "time": [], "country": [], "weapon": []}}, {"sentence": "\u6839\u636e\u201c\u98de\u673a\u5b88\u671b\u201d\u7684\u63a8\u6d4b\uff0c\u8be5\u673a\u968f\u540e\u8f6c\u5411\u98de\u5411\u4e1c\u5317\uff0c\u4ece\u5bf9\u9a6c\u6d77\u5ce1\u4e0a\u7a7a\u7a7f\u8fc7\uff0c\u7136\u540e\u7a7f\u8d8a\u65e5\u672c\u4e0a\u7a7a\uff0c\u4e0e\u5728\u4e1c\u6d77\u4ee5\u4e1c\u4e0a\u7a7a\u8f6c\u5411\u65e5\u672c\u5916\u6d77\u7684\u53e6\u4e00\u67b6B-1B\u4f1a\u5408\u540e\u8fd4\u56de\u7f8e\u56fd\u672c\u571f\u3002", "events": [], "arguments": {"loc": [], "time": [], "country": [{"text": "\u65e5\u672c", "offset": 52, "length": 2}], "weapon": []}}, {"sentence": "\u4e0d\u613f\u900f\u9732\u59d3\u540d\u7684\u4e2d\u56fd\u519b\u4e8b\u4e13\u5bb6\u8868\u793a\uff0c\u8fd9\u4e2a\u822a\u7ebf\u8fd4\u56de\u7f8e\u56fd\u672c\u571f\uff0c\u76f8\u5f53\u4e8e\u7ed5\u4e86\u4e00\u6bb5\u201c\u51a4\u6789\u8def\u201d\u3002", "events": [], "arguments": {"loc": [], "time": [], "country": [], "weapon": []}}, {"sentence": "\u8fd9\u5f88\u53ef\u80fd\u662f\u4e3a\u4e86\u5bf9\u4e2d\u56fd\u663e\u793a\u5b58\u5728\u611f\uff0c\u8868\u660e\u7f8e\u56fd\u5728\u65b0\u51a0\u75ab\u60c5\u4e0b\u4ecd\u5177\u5907\u4e00\u5b9a\u6218\u5907\u80fd\u529b\u3002", "events": [], "arguments": {"loc": [], "time": [], "country": [{"text": "\u7f8e\u56fd", "offset": 18, "length": 2}], "weapon": []}}, {"sentence": "\u8fd9\u4e24\u67b6\u8f70\u70b8\u673a\u5230\u5173\u5c9b\u9a7b\u8bad\u51e0\u4e2a\u6708\uff0c\u5fc5\u7136\u643a\u5e26\u4e86\u4e00\u5b9a\u6570\u91cf\u7684\u5b9e\u5f39\u3002", "events": [], "arguments": {"loc": [], "time": [], "country": [], "weapon": []}}, {"sentence": "\u4eca\u5e745\u6708\uff0c\u7f8e\u519b\u5a92\u4f53\u8fd8\u66dd\u5149\u4e86B-1B\u6218\u7565\u8f70\u70b8\u673a\u5728\u5173\u5c9b\u88c5\u586bAGM-158\u201c\u8054\u5408\u9632\u533a\u5916\u7a7a\u5730\u5bfc\u5f39\u201d\u7684\u7167\u7247\u3002", "events": [], "arguments": {"loc": [], "time": [], "country": [], "weapon": [{"text": "AGM-158", "offset": 27, "length": 7}, {"text": "\u8054\u5408\u9632\u533a\u5916\u7a7a\u5730\u5bfc\u5f39", "offset": 35, "length": 9}]}}, {"sentence": "\u56e0\u6b64\uff0c\u4e0d\u540c\u4e8e\u4e00\u822c\u7684\u98de\u884c\u8bad\u7ec3\uff0c\u8fd9\u6b21B-1B\u8fd4\u56de\u7f8e\u56fd\u5f88\u53ef\u80fd\u643a\u5e26\u5b9e\u5f39\u8fd4\u56de\u3002", "events": [], "arguments": {"loc": [], "time": [], "country": [{"text": "\u7f8e\u56fd", "offset": 22, "length": 2}], "weapon": []}}, {"sentence": "\u6709\u4e13\u5bb6\u5206\u6790\u8ba4\u4e3a\uff0c\u5b83\u53ef\u80fd\u5229\u7528\u8fd9\u4e2a\u673a\u4f1a\u6f14\u7ec3\u5bf9\u5730\u3001\u5bf9\u6d77\u653b\u51fb\u3002", "events": [], "arguments": {"loc": [], "time": [], "country": [], "weapon": []}}, {"sentence": "\u8fd9\u6837\u7684\u8bdd\uff0c\u8fd9\u4e2a\u822a\u7ebf\u5f88\u53ef\u80fd\u5c31\u662f\u4e00\u6b21\u8fdb\u5165\u53d1\u5c04\u9635\u4f4d\u3001\u5b9e\u65bd\u6a21\u62df\u653b\u51fb\u7136\u540e\u8131\u79bb\u7684\u5178\u578b\u822a\u7ebf\u3002", "events": [], "arguments": {"loc": [], "time": [], "country": [], "weapon": []}}, {"sentence": "\u503c\u5f97\u6ce8\u610f\u7684\u662f\uff0cAGM-158\u57fa\u672c\u578b\u5c04\u7a0b\u7ea6400\u516c\u91cc\uff0c\u800cB-1B\u5e94\u7b54\u4fe1\u53f7\u6d88\u5931\u70b9\uff0c\u8ddd\u79bb\u5927\u9646\u6070\u5728\u6b64\u8303\u56f4\u5185\u3002", "events": [], "arguments": {"loc": [], "time": [], "country": [], "weapon": [{"text": "AGM-158", "offset": 7, "length": 7}]}}, {"sentence": "\u53e6\u5916\uff0c\u7f8e\u56fd\u7a7a\u519b\u8fd1\u5e74\u6765\u4e00\u76f4\u53d1\u5c55\u4f7f\u7528\u8f70\u70b8\u673a\u5b9e\u65bd\u5bf9\u6d77\u653b\u51fb\u7684\u6982\u5ff5\uff0c\u4e5f\u4e0d\u6392\u9664\u8fd9\u6b21\u98de\u884c\u8fdb\u884c\u76f8\u5173\u6f14\u7ec3\u7684\u53ef\u80fd\u6027\u3002", "events": [], "arguments": {"loc": [], "time": [], "country": [], "weapon": []}}, {"sentence": "\u6709\u7f51\u53cb\u8ba4\u4e3a\uff0c\u7f8e\u519b\u8f70\u70b8\u673a\u822a\u5411\u5ef6\u957f\u7ebf\u4e0a\u7684\u57ce\u5e02\u53ef\u80fd\u6210\u4e3a\u5176\u5a01\u80c1\u5bf9\u8c61\uff0c\u5176\u5b9e\u8fd9\u4e2a\u8bf4\u6cd5\u6709\u4e9b\u60f3\u5f53\u7136\u3002", "events": [], "arguments": {"loc": [], "time": [], "country": [], "weapon": []}}, {"sentence": "B-1B\u643a\u5e26\u7684AGM-158\u53ef\u4ee5\u8fdb\u884c\u7075\u6d3b\u7684\u822a\u8def\u89c4\u5212\uff0c\u53ef\u6253\u51fb\u591a\u4e2a\u65b9\u5411\u4e0a\u7684\u76ee\u6807\u3002", "events": [], "arguments": {"loc": [], "time": [], "country": [], "weapon": [{"text": "AGM-158", "offset": 7, "length": 7}, {"text": "B-1B", "offset": 0, "length": 4}]}}, {"sentence": "\u95ef\u9632\u7a7a\u8bc6\u522b\u533a\u5a01\u80c1\u6709\u591a\u5927\uff1f", "events": [], "arguments": {"loc": [], "time": [], "country": [], "weapon": []}}, {"sentence": "\u800c\u8fd9\u5df2\u7ecf\u4e0d\u662f\u7f8e\u519b\u8f70\u70b8\u673a\u8fd1\u671f\u9996\u6b21\u98de\u4e34\u6211\u4e1c\u6d77\u9632\u7a7a\u8bc6\u522b\u533a\u76f8\u5173\u7a7a\u57df\u4e86\uff0c1\u67b6B-1B\u8d85\u97f3\u901f\u6218\u7565\u8f70\u70b8\u673a16\u65e5\u65e9\u4e0a\u98de\u5411\u53f0\u6e7e\u4e1c\u5317\u7a7a\u57df\uff0c\u903c\u8fd1\u5927\u9646\u4e1c\u6d77\u9632\u7a7a\u8bc6\u522b\u533a\u3002", "events": [], "arguments": {"loc": [{"text": "\u53f0\u6e7e\u4e1c\u5317\u7a7a\u57df", "offset": 52, "length": 6}], "time": [{"text": "16\u65e5", "offset": 45, "length": 3}], "country": [], "weapon": [{"text": "B-1B", "offset": 33, "length": 4}]}}, {"sentence": "\u4e0d\u8fc7\u4e0a\u8ff0\u519b\u4e8b\u4e13\u5bb6\u8868\u793a\uff0c\u5b9e\u9645\u4e0a\uff0c\u5c3d\u7ba1B-1B\u6709\u79c0\u808c\u8089\u7684\u610f\u56fe\uff0c\u4f46\u5728\u5176\u4fe1\u53f7\u6d88\u5931\u7684\u7a7a\u57df\uff0c\u5df2\u7ecf\u5b8c\u5168\u8fdb\u5165\u89e3\u653e\u519b\u5cb8\u57fa\u822a\u7a7a\u5175\u7684\u62e6\u622a\u8303\u56f4\uff0c\u5b83\u4e0d\u6562\u6709\u8fc7\u5206\u4e3e\u52a8\u3002", "events": [], "arguments": {"loc": [], "time": [], "country": [], "weapon": [{"text": "B-1B", "offset": 17, "length": 4}]}}, {"sentence": "\u65e2\u60f3\u5728\u4e2d\u56fd\u5468\u8fb9\u201c\u6f47\u6d12\u8d70\u4e00\u56de\u201d\uff0c\u53c8\u6015\u60f9\u51fa\u4e8b\u88ab\u4e2d\u56fd\u6218\u673a\u62e6\u622a\u9a71\u79bb\uff0c\u59a8\u788d\u5176\u8fd4\u56de\u672c\u571f\u7684\u4efb\u52a1\u987a\u5229\u5b8c\u6210\u3002", "events": [], "arguments": {"loc": [], "time": [], "country": [], "weapon": []}}, {"sentence": "\u5728\u8fd9\u4e2a\u8ddd\u79bb\u4e0a\uff0cB-1B\u4e0d\u6562\u6a2a\u751f\u679d\u8282\u3002", "events": [], "arguments": {"loc": [], "time": [], "country": [], "weapon": [{"text": "B-1B", "offset": 7, "length": 4}]}}, {"sentence": "\u8fd9\u4e00\u70b9\u4ece\u5176\u5728\u4e1c\u6d77\u9632\u7a7a\u8bc6\u522b\u533a\u9644\u8fd1\u5173\u95ed\u5e94\u7b54\u673a\u4fbf\u53ef\u89c1\u4e00\u6591\u3002", "events": [], "arguments": {"loc": [], "time": [], "country": [], "weapon": []}}, {"sentence": "\u8be5\u673a\u53ef\u80fd\u662f\u60f3\u5077\u5077\u6e9c\u8fdb\u4e1c\u6d77\u9632\u7a7a\u8bc6\u522b\u533a\uff0c\u81f3\u5c11\u4e0d\u5f15\u53d1\u5916\u754c\u5e7f\u6cdb\u5173\u6ce8\uff0c\u4e5f\u907f\u514d\u5f15\u53d1\u89e3\u653e\u519b\u7684\u8fc7\u5ea6\u53cd\u5e94\u3002", "events": [], "arguments": {"loc": [], "time": [], "country": [], "weapon": []}}, {"sentence": "\u4e0d\u8fc7\u8fd9\u4e2a\u8ddd\u79bb\u65e9\u5df2\u8fdb\u5165\u4e2d\u56fd\u96f7\u8fbe\u7f51\u63a2\u6d4b\u8303\u56f4\u3002", "events": [], "arguments": {"loc": [], "time": [], "country": [], "weapon": []}}, {"sentence": "\u4fa6\u5bdf\u673a\u559c\u6b22\u201c\u53bb\u5e7f\u4e1c\u201d\uff1f", "events": [], "arguments": {"loc": [{"text": "\u5e7f\u4e1c", "offset": 7, "length": 2}], "time": [], "country": [], "weapon": []}}, {"sentence": "\u9664\u4e86B-1B\u8f70\u70b8\u673a\u98de\u62b5\u4e2d\u56fd\u5468\u8fb9\u5916\uff0c\u6700\u8fd1\u5173\u4e8e\u7f8e\u56fd\u4fa6\u5bdf\u673a\u5230\u4e2d\u56fd\u5468\u8fb9\u4fa6\u5bdf\u7684\u62a5\u9053\u4e5f\u4e0d\u5c11\uff0c\u5176\u4e2d\u5f88\u591a\u62a5\u9053\u90fd\u63d0\u5230\u7f8e\u56fd\u4fa6\u5bdf\u673a\u8ddd\u79bb\u4e2d\u56fd\u5e7f\u4e1c\u6cbf\u5cb8\u82e5\u5e72\u6d77\u91cc\u3002", "events": [], "arguments": {"loc": [{"text": "\u5e7f\u4e1c\u6cbf\u5cb8", "offset": 58, "length": 4}], "time": [], "country": [{"text": "\u4e2d\u56fd", "offset": 56, "length": 2}], "weapon": []}}, {"sentence": "\u8fd9\u7ed9\u4eba\u4e00\u4e2a\u5370\u8c61\uff0c\u7f8e\u56fd\u4fa6\u5bdf\u673a\u4f3c\u4e4e\u504f\u7231\u5e7f\u4e1c\u6cbf\u6d77\u3002", "events": [], "arguments": {"loc": [], "time": [], "country": [], "weapon": []}}, {"sentence": "\u96be\u9053\u662f\u90a3\u91cc\u6709\u4ec0\u4e48\u91cd\u5927\u519b\u4e8b\u6d3b\u52a8\u5417\uff1f", "events": [], "arguments": {"loc": [], "time": [], "country": [], "weapon": []}}, {"sentence": "\u5176\u5b9e\uff0c\u8fd9\u53ef\u80fd\u662f\u5927\u5bb6\u7684\u4e00\u4e2a\u8bef\u89e3\u3002", "events": [], "arguments": {"loc": [], "time": [], "country": [], "weapon": []}}, {"sentence": "\u519b\u4e8b\u4e13\u5bb6\u5f20\u5b66\u5cf0\u5728\u63a5\u53d7\u300a\u73af\u7403\u65f6\u62a5\u300b\u91c7\u8bbf\u65f6\u8868\u793a\uff0c\u516c\u5f00\u4fe1\u606f\u663e\u793a\uff0c\u5728\u4e2d\u56fd\u4e1c\u5357\u6cbf\u6d77\u98de\u884c\u7684\u7f8e\u56fd\u4fa6\u5bdf\u673a\uff0c\u4f8b\u5982EP-3\u3001RC-135\u3001E-8\u7b49\uff0c\u4e3b\u8981\u662f\u4ece\u51b2\u7ef3\u5c9b\u4e0a\u7684\u5609\u624b\u7eb3\u6216\u666e\u5929\u95f4\u57fa\u5730\u8d77\u98de\uff0c\u8fd9\u4e9b\u98de\u673a\u5728\u98de\u8d74\u4fa6\u5bdf\u7a7a\u57df\u6216\u4fa6\u5bdf\u822a\u7ebf\u7684\u8fc7\u7a0b\u4e2d\uff0c\u901a\u5e38\u4f1a\u5c31\u8fd1\u4f7f\u7528\u4e00\u4e9b\u6c11\u822a\u822a\u7ebf\u3002", "events": [], "arguments": {"loc": [{"text": "\u5609\u624b\u7eb3", "offset": 73, "length": 3}, {"text": "\u666e\u5929\u95f4\u57fa\u5730", "offset": 77, "length": 5}], "time": [], "country": [], "weapon": [{"text": "EP-3", "offset": 47, "length": 4}, {"text": "RC-135", "offset": 52, "length": 6}, {"text": "E-8", "offset": 59, "length": 3}]}}, {"sentence": "\u4e3a\u4e86\u5728\u6c11\u822a\u822a\u7ebf\u98de\u884c\u65f6\u4fdd\u8bc1\u81ea\u8eab\u548c\u6c11\u822a\u98de\u673a\u5b89\u5168\uff0c\u8fd9\u4e9b\u98de\u673a\u5f80\u5f80\u4f1a\u6253\u5f00\u5e94\u7b54\u673a\uff0c\u4ee5\u65b9\u4fbf\u822a\u7ba1\u8bc6\u522b\u3002", "events": [], "arguments": {"loc": [], "time": [], "country": [], "weapon": []}}, {"sentence": "\u5728\u8fdb\u5165\u4fa6\u5bdf\u822a\u7ebf\u6216\u4e4b\u540e\uff0c\u8fd9\u4e9b\u98de\u673a\u7684\u5e94\u7b54\u673a\u5c31\u4f1a\u5173\u6389\uff0c\u8fd9\u6837\u5c31\u5f88\u96be\u4ece\u516c\u5f00\u6e20\u9053\u83b7\u53d6\u8fd9\u4e9b\u98de\u673a\u7684\u822a\u7ebf\u4e86\u3002", "events": [], "arguments": {"loc": [], "time": [], "country": [], "weapon": []}}, {"sentence": "\u6240\u4ee5\uff0c\u5916\u754c\u770b\u5230\u7684\u7f8e\u519b\u673a\u822a\u7ebf\uff0c\u5e76\u975e\u662f\u5b8c\u6574\u822a\u7ebf\u3002", "events": [], "arguments": {"loc": [], "time": [], "country": [], "weapon": []}}, {"sentence": "\u4ece\u516c\u5f00\u4fe1\u606f\u6765\u5224\u65ad\uff0c\u8fd9\u4e9b\u4fa6\u5bdf\u673a\u4ece\u51b2\u7ef3\u5c9b\u8d77\u98de\u540e\uff0c\u901a\u5e38\u98de\u7ecf\u53f0\u6e7e\u5c9b\u4ee5\u5357\u7684\u5df4\u58eb\u6d77\u5ce1\uff0c\u9760\u8fd1\u4e2d\u56fd\u5927\u9646\u4e1c\u5357\u6cbf\u6d77\u3002", "events": [], "arguments": {"loc": [], "time": [], "country": [], "weapon": []}}, {"sentence": "\u800c\u4ece\u5df4\u58eb\u6d77\u5ce1\u98de\u62b5\u4e2d\u56fd\u5927\u9646\u9644\u8fd1\u7684\u6377\u5f84\u5c31\u662f\u76f4\u98de\u5e7f\u4e1c\u6b63\u9762\u3002", "events": [], "arguments": {"loc": [], "time": [], "country": [], "weapon": []}}, {"sentence": "\u7f8e\u673a\u5728\u63a5\u8fd1\u4e4b\u540e\uff0c\u5c31\u4f1a\u5173\u95ed\u5e94\u7b54\u673a\u3002", "events": [], "arguments": {"loc": [], "time": [], "country": [], "weapon": []}}, {"sentence": "\u6240\u4ee5\u7ed9\u4eba\u4ee5\u9488\u5bf9\u5e7f\u4e1c\u6cbf\u5cb8\u5b9e\u65bd\u4fa6\u5bdf\u7684\u611f\u89c9\u3002", "events": [], "arguments": {"loc": [], "time": [], "country": [], "weapon": []}}, {"sentence": "\u800c\u5176\u5177\u4f53\u7684\u4fa6\u5bdf\u822a\u7ebf\u662f\u4e0d\u516c\u5f00\u7684\u3002", "events": [], "arguments": {"loc": [], "time": [], "country": [], "weapon": []}}, {"sentence": "\u6839\u636e\u7f8e\u56fd\u4e2d\u60c5\u5c40\u524d\u96c7\u5458\u65af\u8bfa\u767b\u62ab\u9732\u7684EP-3\u4fa6\u5bdf\u822a\u7ebf\u56fe\uff0c\u7f8e\u56fd\u4fa6\u5bdf\u673a\u901a\u5e38\u4f1a\u6cbf\u7740\u4e1c\u5357\u6cbf\u6d77\u5916\u6d77\u4e00\u76f4\u5411\u5357\uff0c\u5148\u540e\u7ecf\u8fc7\u9999\u6e2f\u3001\u6d77\u5357\u5c9b\u5916\u6d77\u8fdb\u5165\u5357\u6d77\uff0c\u7136\u540e\u518d\u6298\u8fd4\u3002", "events": [], "arguments": {"loc": [], "time": [], "country": [], "weapon": []}}, {"sentence": "\u5982\u679c\u6267\u884c\u76f8\u4f3c\u4efb\u52a1\uff0c\u5927\u81f4\u4f1a\u6309\u7167\u8fd9\u4e2a\u822a\u7ebf\u6765\u98de\u3002", "events": [], "arguments": {"loc": [], "time": [], "country": [], "weapon": []}}]