[{"sentence": "\u7f8e\u519b\u70ab\u8000\u9a71\u9010\u8230\u6628\u65e5\u8fc7\u53f0\u6d77\uff0c\u53f0\u5a92\u52a0\u5927\u6599\uff01", "events": [{"trigger": {"text": "\u8fc7", "offset": 9, "length": 1}, "subject": {"text": "\u9a71\u9010\u8230", "offset": 4, "length": 3}, "object": {"text": "\u53f0\u6d77", "offset": 10, "length": 2}}], "arguments": {"loc": [], "time": [], "country": [], "weapon": []}}, {"sentence": "\u7f8e\u56fd\u592a\u5e73\u6d0b\u8230\u961f8\u670818\u65e5\u8bc1\u5b9e\u5176\u4e00\u8258\u519b\u8230\u5f53\u65e5\u901a\u8fc7\u53f0\u6e7e\u6d77\u5ce1\u3002", "events": [], "arguments": {"loc": [{"text": "\u53f0\u6e7e\u6d77\u5ce1", "offset": 23, "length": 4}], "time": [{"text": "8\u670818\u65e5", "offset": 7, "length": 5}], "country": [], "weapon": []}}, {"sentence": "\u7f8e\u8230\u7684\u8fd9\u4e00\u4e3e\u52a8\u88ab\u53f0\u5a92\u8fc5\u901f\u7092\u4f5c\uff0c\u79f0\u7f8e\u519b\u8230\u6b64\u6b21\u822a\u884c\u7684\u8def\u7ebf\u66f4\u9760\u8fd1\u4e2d\u56fd\u5927\u9646\uff0c\u201c\u662f\u6700\u903c\u8fd1\u4e2d\u56fd\u5927\u9646\u6cbf\u5cb8\u7684\u4e00\u6b21\u201d\u3002", "events": [], "arguments": {"loc": [], "time": [], "country": [{"text": "\u7f8e", "offset": 16, "length": 1}], "weapon": []}}, {"sentence": "\u636e\u7f8e\u56fd\u6d77\u519b\u7814\u7a76\u5b66\u4f1a\u7f51\u7ad9(USNI)8\u670818\u65e5\u62a5\u9053\uff0c\u7f8e\u56fd\u7b2c\u4e03\u8230\u961f\u5728\u4e00\u4efd\u65b0\u95fb\u7a3f\u4e2d\u8bf4\uff0c\u4e00\u8258\u7f8e\u56fd\u6d77\u519b\u5bfc\u5f39\u9a71\u9010\u8230\u5f53\u5929\u5728\u4e0e\u65e5\u672c\u6d77\u4e0a\u81ea\u536b\u961f\u5f00\u5c55\u8054\u5408\u6f14\u4e60\u540e\u822a\u884c\u901a\u8fc7\u4e86\u53f0\u6e7e\u6d77\u5ce1\u3002", "events": [], "arguments": {"loc": [], "time": [{"text": "8\u670818\u65e5", "offset": 17, "length": 5}], "country": [{"text": "\u7f8e\u56fd", "offset": 42, "length": 2}, {"text": "\u65e5\u672c", "offset": 55, "length": 2}], "weapon": []}}, {"sentence": "\u7f8e\u56fd\u592a\u5e73\u6d0b\u8230\u961f\u53d1\u5e03\u76848\u670818\u65e5\u201c\u9a6c\u65af\u6c40\u201d\u53f7\u5bfc\u5f39\u9a71\u9010\u8230\u901a\u8fc7\u53f0\u6e7e\u6d77\u5ce1\u753b\u9762", "events": [], "arguments": {"loc": [], "time": [], "country": [], "weapon": [{"text": "\u9a6c\u65af\u6c40", "offset": 16, "length": 3}]}}, {"sentence": "\u62a5\u9053\u79f0\uff0c\u6b64\u6b21\u901a\u8fc7\u6d77\u5ce1\u7684\u662f\u201c\u9a6c\u65af\u6c40\u201d\u53f7\u5bfc\u5f39\u9a71\u9010\u8230\uff0c\u8be5\u8230\u96b6\u5c5e\u4e8e\u201c\u91cc\u6839\u201d\u53f7\u822a\u6bcd\u6218\u6597\u7fa4\u3002", "events": [], "arguments": {"loc": [], "time": [], "country": [], "weapon": [{"text": "\u201c\u9a6c\u65af\u6c40\u201d\u53f7\u5bfc\u5f39\u9a71\u9010\u8230", "offset": 12, "length": 11}]}}, {"sentence": "\u7f8e\u56fd\u6d77\u519b\u8fd8\u58f0\u79f0\uff0c\u6b64\u6b21\u822a\u884c\u884c\u52a8\u8868\u660e\u4e86\u201c\u7f8e\u56fd\u5bf9\u5370\u5ea6-\u592a\u5e73\u6d0b\u5730\u533a\u81ea\u7531\u5f00\u653e\u7684\u627f\u8bfa\u201d\u3002", "events": [], "arguments": {"loc": [], "time": [], "country": [], "weapon": []}}, {"sentence": "\u201c\u9a6c\u65af\u6c40\u201d\u53f7\u5bfc\u5f39\u9a71\u9010\u8230\uff08\u8d44\u6599\u56fe\uff09", "events": [], "arguments": {"loc": [], "time": [], "country": [], "weapon": []}}, {"sentence": "\uff08\u8d44\u6599\u56fe\uff09", "events": [], "arguments": {"loc": [], "time": [], "country": [], "weapon": []}}, {"sentence": "\u7f8e\u519b\u9a71\u9010\u8230\u5728\u6b64\u6b21\u901a\u8fc7\u53f0\u6e7e\u6d77\u5ce1\u4e4b\u524d\uff0c\u8fd8\u4e0e\u65e5\u672c\u6d77\u4e0a\u81ea\u536b\u961f\u7684\u201c\u51c9\u6708\u201d\u53f7\u9a71\u9010\u8230\u5728\u4e1c\u6d77\u5f00\u5c55\u4e86\u4e3a\u671f\u4e24\u5929\u7684\u6f14\u7ec3\uff0c\u6f14\u7ec3\u8bfe\u76ee\u5305\u62ec\u8230\u8f7d\u76f4\u5347\u673a\u8d77\u964d\u3001\u901a\u4fe1\u3001\u7f16\u961f\u822a\u884c\u4ee5\u53ca\u591a\u9886\u57df\u6218\u672f\u8bad\u7ec3\u3002", "events": [], "arguments": {"loc": [{"text": "\u53f0\u6e7e\u6d77\u5ce1", "offset": 10, "length": 4}], "time": [], "country": [], "weapon": [{"text": "\u201c\u51c9\u6708\u201d\u53f7\u9a71\u9010\u8230", "offset": 27, "length": 8}]}}, {"sentence": "\u7f8e\u56fd\u592a\u5e73\u6d0b\u8230\u961f\u8fd8\u5728\u5176\u793e\u4ea4\u5a92\u4f53\u5b98\u65b9\u8d26\u53f7\u4e0a\uff0c\u53d1\u5e03\u4e86\u201c\u9a6c\u65af\u6c40\u201d\u53f7\u9a71\u9010\u8230\u4e0e\u65e5\u672c\u9a71\u9010\u8230\u5728\u4e1c\u6d77\u6f14\u7ec3\u4ee5\u53ca\u901a\u8fc7\u53f0\u6e7e\u6d77\u5ce1\u65f6\u7684\u73b0\u573a\u753b\u9762\u3002", "events": [], "arguments": {"loc": [{"text": "\u4e1c\u6d77", "offset": 39, "length": 2}, {"text": "\u53f0\u6e7e\u6d77\u5ce1", "offset": 47, "length": 4}], "time": [], "country": [], "weapon": []}}, {"sentence": "\u53e6\u636e\u53f0\u6e7e\u201c\u4e1c\u68ee\u65b0\u95fb\u7f51\u201d8\u670819\u65e5\u62a5\u9053\uff0c\u53f0\u6e7e\u9632\u52a1\u90e8\u95e8\u4e5f\u572819\u65e5\u8bc1\u5b9e\u4e86\u7f8e\u56fd\u519b\u8230\u4e8e18\u65e5\u7531\u5317\u5411\u5357\u822a\u7ecf\u53f0\u6e7e\u6d77\u5ce1\u3002", "events": [], "arguments": {"loc": [], "time": [{"text": "19\u65e5", "offset": 27, "length": 3}], "country": [], "weapon": []}}, {"sentence": " \u53f0\u6e7e\u9632\u52a1\u90e8\u95e8\u8868\u793a\uff0c\u7f8e\u56fd\u519b\u8230\u6b64\u6b21\u822a\u7ecf\u53f0\u6e7e\u6d77\u5ce1\u662f\u6267\u884c\u4e00\u822c\u822a\u884c\u4efb\u52a1\uff0c\u53f0\u519b\u5168\u7a0b\u638c\u63e1\u53f0\u6d77\u5468\u8fb9\u6d77\u57df\u3001\u7a7a\u57df\u76f8\u5173\u52a8\u6001\u3002", "events": [], "arguments": {"loc": [], "time": [], "country": [], "weapon": []}}, {"sentence": "8\u670817\u65e5\uff0c\u7f8e\u56fd\u6d77\u519b\u201c\u9a6c\u65af\u6c40\u201d\u53f7\u5bfc\u5f39\u9a71\u9010\u8230\u4e0e\u65e5\u672c\u81ea\u536b\u961f\u201c\u51c9\u6708\u201d\u53f7\u9a71\u9010\u8230\u5f00\u5c55\u8054\u5408\u6f14\u7ec3\u3002", "events": [], "arguments": {"loc": [], "time": [], "country": [], "weapon": [{"text": "\u201c\u9a6c\u65af\u6c40\u201d\u53f7\u5bfc\u5f39\u9a71\u9010\u8230", "offset": 10, "length": 11}, {"text": "\u201c\u51c9\u6708\u201d\u53f7\u9a71\u9010\u8230", "offset": 27, "length": 8}]}}, {"sentence": "\u62a5\u9053\u8fd8\u79f0\uff0c\u7f8e\u56fd\u6d77\u519b\u201c\u9a6c\u65af\u6c40\u201d\u53f7\u5bfc\u5f39\u9a71\u9010\u823018\u65e5\u8fd8\u51fa\u73b0\u5728\u4e86\u9a6c\u7956\u5217\u5c9b\u4e1c\u5f15\u5c9b\u4e1c\u5357\u65b9\u6d77\u57df\uff0c\u5728\u901a\u8fc7\u53f0\u6e7e\u6d77\u5ce1\u65f6\u4ece\u6240\u8c13\u201c\u6d77\u5ce1\u4e2d\u7ebf\u201d\u4ee5\u897f\u822a\u884c\uff0c\u66f4\u52a0\u9760\u8fd1\u4e2d\u56fd\u5927\u9646\u6d77\u5cb8\u7ebf\uff0c\u5176\u540e\u65b9\u6709\u4e00\u8258\u89e3\u653e\u519b052D\u578b\u9a71\u9010\u8230\u5357\u4eac\u8230\u4f34\u884c\u3002", "events": [], "arguments": {"loc": [{"text": "\u9a6c\u7956\u5217\u5c9b\u4e1c", "offset": 28, "length": 5}, {"text": "\u5f15\u5c9b\u4e1c\u5357\u65b9\u6d77\u57df", "offset": 33, "length": 7}], "time": [], "country": [], "weapon": [{"text": "052D\u578b\u9a71\u9010\u8230", "offset": 84, "length": 8}, {"text": "\u5357\u4eac\u8230", "offset": 92, "length": 3}, {"text": "\u201c\u9a6c\u65af\u6c40\u201d\u53f7\u5bfc\u5f39\u9a71\u9010\u8230", "offset": 9, "length": 11}]}}, {"sentence": "\u201c\u4e1c\u68ee\u65b0\u95fb\u7f51\u201d\u8fd8\u7092\u4f5c\u79f0\uff0c\u8fd9\u662f\u7f8e\u519b\u9996\u6b21\u901a\u8fc7\u6240\u8c13\u201c\u6d77\u5ce1\u4e2d\u7ebf\u201d\u4ee5\u897f\uff0c\u800c\u4e14\u662f\u6700\u903c\u8fd1\u4e2d\u56fd\u5927\u9646\u6cbf\u5cb8\u7684\u4e00\u6b21\u3002", "events": [], "arguments": {"loc": [], "time": [], "country": [], "weapon": []}}, {"sentence": "\u4f46\u5728\u7f8e\u56fd\u592a\u5e73\u6d0b\u8230\u961f\u5b98\u65b9\u53d1\u5e03\u7684\u65b0\u95fb\u7a3f\u4e2d\uff0c\u5e76\u672a\u63d0\u53ca\u7f8e\u8230\u5728\u6240\u8c13\u201c\u6d77\u5ce1\u4e2d\u7ebf\u201d\u4ee5\u897f\u822a\u884c\u4e00\u4e8b\u3002", "events": [], "arguments": {"loc": [], "time": [], "country": [], "weapon": []}}, {"sentence": "\u5bf9\u4e8e\u7f8e\u519b\u673a\u3001\u8230\u8fc7\u53f0\u6d77\uff0c\u5916\u4ea4\u90e8\u53d1\u8a00\u4eba\u66fe\u591a\u6b21\u8868\u793a\uff0c\u53f0\u6e7e\u95ee\u9898\u4e8b\u5173\u4e2d\u56fd\u7684\u4e3b\u6743\u548c\u9886\u571f\u5b8c\u6574\uff0c\u662f\u4e2d\u7f8e\u5173\u7cfb\u4e2d\u6700\u91cd\u8981\u3001\u6700\u654f\u611f\u7684\u95ee\u9898\u3002", "events": [], "arguments": {"loc": [], "time": [], "country": [], "weapon": []}}, {"sentence": "\u6211\u4eec\u6566\u4fc3\u7f8e\u65b9\u606a\u5b88\u4e00\u4e2a\u4e2d\u56fd\u539f\u5219\u548c\u4e2d\u7f8e\u4e09\u4e2a\u8054\u5408\u516c\u62a5\u7684\u89c4\u5b9a\uff0c\u614e\u91cd\u59a5\u5584\u5730\u5904\u7406\u6d89\u53f0\u95ee\u9898\uff0c\u4ee5\u514d\u635f\u5bb3\u4e2d\u7f8e\u5173\u7cfb\u548c\u53f0\u6d77\u7684\u548c\u5e73\u7a33\u5b9a\u3002", "events": [], "arguments": {"loc": [], "time": [], "country": [], "weapon": []}}, {"sentence": "\u5927\u9646\u56fd\u9632\u90e8\u65b0\u95fb\u53d1\u8a00\u4eba\u5434\u8c26\u4e5f\u66fe\u5f3a\u8c03\uff0c\u53f0\u6e7e\u662f\u4e2d\u56fd\u4e0d\u53ef\u5206\u5272\u7684\u4e00\u90e8\u5206\u3002", "events": [], "arguments": {"loc": [], "time": [], "country": [], "weapon": []}}, {"sentence": "\u53f0\u6e7e\u4e8b\u52a1\u7eaf\u5c5e\u4e2d\u56fd\u5185\u653f\uff0c\u4e0d\u5bb9\u4efb\u4f55\u5916\u6765\u5e72\u6d89\u3002", "events": [], "arguments": {"loc": [], "time": [], "country": [], "weapon": []}}, {"sentence": "\u7f8e\u65b9\u9891\u7e41\u6253\u53f0\u6e7e\u724c\uff0c\u60f3\u901a\u8fc7\u201c\u5207\u9999\u80a0\u201d\u7684\u65b9\u5f0f\u6765\u5371\u5bb3\u4e2d\u56fd\u7684\u4e3b\u6743\u548c\u9886\u571f\u5b8c\u6574\uff0c\u8fd9\u5b8c\u5168\u662f\u75f4\u5fc3\u5984\u60f3\u3002", "events": [], "arguments": {"loc": [], "time": [], "country": [], "weapon": []}}, {"sentence": " \u89e3\u653e\u519b\u59cb\u7ec8\u4fdd\u6301\u9ad8\u5ea6\u6212\u5907\uff0c\u6709\u575a\u5b9a\u7684\u610f\u5fd7\u3001\u5145\u5206\u7684\u4fe1\u5fc3\u548c\u8db3\u591f\u7684\u80fd\u529b\u7ef4\u62a4\u56fd\u5bb6\u4e3b\u6743\u548c\u9886\u571f\u5b8c\u6574\uff0c\u7ef4\u62a4\u53f0\u6d77\u5730\u533a\u548c\u5e73\u7a33\u5b9a\u3002", "events": [], "arguments": {"loc": [], "time": [], "country": [], "weapon": []}}, {"sentence": "\u756a\u5916", "events": [], "arguments": {"loc": [], "time": [], "country": [], "weapon": []}}, {"sentence": "\u7f8e\u519b\u70ab\u8000\u9a71\u9010\u8230\u6628\u65e5\u7a7f\u8d8a\u53f0\u6e7e\u6d77\u5ce1\u73b0\u573a\u56fe", "events": [], "arguments": {"loc": [], "time": [], "country": [], "weapon": []}}, {"sentence": "\u7f8e\u56fd\u592a\u5e73\u6d0b\u8230\u961f\u4eca\u5929\uff0819\u65e5\uff09\u5728\u793e\u4ea4\u5a92\u4f53\u4e0a\u53d1\u6587\u8868\u793a\uff0c\u7b2c7\u8230\u961f\u963f\u5229\u00b7\u4f2f\u514b\u7ea7\u5bfc\u5f39\u9a71\u9010\u8230\u201c\u9a6c\u65af\u5ef7\u201d\u53f7\uff08USS Mustin, DDG 89\uff0918\u65e5\u7a7f\u8d8a\u53f0\u6e7e\u6d77\u5ce1\uff0c\u5e76\u53d1\u5e03\u4e86 \u201c\u9a6c\u65af\u5ef7\u201d\u53f7\u7a7f\u8d8a\u53f0\u6e7e\u6d77\u5ce1\u65f6\u7684\u73b0\u573a\u56fe\u7247\u3002", "events": [], "arguments": {"loc": [], "time": [], "country": [], "weapon": [{"text": "USS Mustin, DDG 89", "offset": 47, "length": 18}]}}, {"sentence": "\u636e\u53f0\u6e7e\u201c\u4e2d\u592e\u793e\u201d\u62a5\u9053\uff0c\u53f0\u9632\u52a1\u90e8\u95e8\u4eca\u5929\u4e5f\u8bc1\u5b9e\uff0c\u7f8e\u519b1\u8258\u6218\u8230\u7531\u5317\u5411\u5357\u822a\u7ecf\u53f0\u6e7e\u6d77\u5ce1\uff0c\u7ee7\u7eed\u5411\u5357\u822a\u884c\uff0c\u7f8e\u8230\u7ecf\u53f0\u6e7e\u6d77\u5ce1\u6267\u884c\u4e00\u822c\u822a\u884c\u4efb\u52a1\uff1b\u53f0\u519b\u8fd0\u7528\u8054\u5408\u60c5\u76d1\u4fa6\u4f5c\u4e3a\uff0c\u5168\u7a0b\u638c\u63e1\u53f0\u6d77\u5468\u8fb9\u6d77\u3001\u7a7a\u57df\u76f8\u5173\u52a8\u6001\uff0c\u72b6\u51b5\u6b63\u5e38\u3002", "events": [], "arguments": {"loc": [], "time": [], "country": [], "weapon": []}}, {"sentence": "\u6628\u65e5\u6709\u53f0\u5a92\u62a5\u9053\u79f0\u201c\u9a6c\u65af\u5ef7\u201d\u7a7f\u8d8a\u53f0\u6e7e\u6d77\u5ce1\uff0c\u4e14\u822a\u7ebf\u4e0e\u4ee5\u5f80\u5927\u4e0d\u76f8\u540c\u3002", "events": [], "arguments": {"loc": [], "time": [], "country": [], "weapon": []}}, {"sentence": "\u8fc7\u53bb\u7a7f\u8d8a\u53f0\u6e7e\u6d77\u5ce1\u7684\u7f8e\u56fd\u519b\u8230\u90fd\u662f\u5728\u6240\u8c13\u7684\u201c\u53f0\u6d77\u4e2d\u7ebf\u201d\u4ee5\u4e1c\u822a\u884c\uff0c\u4f46\u201c\u9a6c\u65af\u5ef7\u201d\u53f7\u6b64\u6b21\u7a7f\u8d8a\u65f6\u53f0\u6e7e\u6d77\u5ce1\u662f\u5728\u6240\u8c13\u7684\u201c\u53f0\u6d77\u4e2d\u7ebf\u201d\u4ee5\u897f\u822a\u884c\uff0c\u66f4\u52a0\u9760\u8fd1\u4e2d\u56fd\u5927\u9646\u6d77\u5cb8\u7ebf\u3002", "events": [], "arguments": {"loc": [], "time": [], "country": [], "weapon": [{"text": "\u9a6c\u65af\u5ef7", "offset": 32, "length": 3}]}}, {"sentence": "\u6709\u6d88\u606f\u79f0\uff0c\u89e3\u653e\u519b052D\u578b\u5bfc\u5f39\u9a71\u9010\u8230\u5357\u4eac\u8230\uff08\u8237\u53f7155\uff09\u5f53\u65f6\u6b63\u5728\u5bf9\u5176\u5b9e\u65bd\u8ddf\u8e2a\u76d1\u89c6\u3002", "events": [], "arguments": {"loc": [], "time": [], "country": [], "weapon": [{"text": "052D\u578b\u5bfc\u5f39\u9a71\u9010\u8230\u5357\u4eac\u8230", "offset": 8, "length": 13}]}}, {"sentence": "\u6765\u6e90\uff1a\u73af\u7403\u7f51/\u5f90\u7490\u660e\u3001\u73af\u7403\u65f6\u62a5\u65b0\u5a92\u4f53", "events": [], "arguments": {"loc": [], "time": [], "country": [], "weapon": []}}]