[{"sentence": "\u65e5\u672c\u9996\u6b21\u5411\u8d8a\u5357\u51fa\u552e\u519b\u7528\u8230\u8247\u00a0\u4fc4\u4e13\u5bb6\u4e00\u8bed\u9053\u51fa\u80cc\u540e\u771f\u5b9e\u4f01\u56fe", "events": [], "arguments": {"loc": [], "time": [], "country": [{"text": "\u65e5\u672c", "offset": 0, "length": 2}, {"text": "\u8d8a\u5357", "offset": 5, "length": 2}, {"text": "\u4fc4", "offset": 14, "length": 1}], "weapon": [{"text": "\u519b\u7528\u8230\u8247", "offset": 9, "length": 4}]}}, {"sentence": "\u3010\u73af\u7403\u7f51\u519b\u4e8b\u62a5\u9053\u3011", "events": [], "arguments": {"loc": [], "time": [], "country": [], "weapon": []}}, {"sentence": "\u4fc4\u7f57\u65af\u536b\u661f\u901a\u8baf\u793e8\u670819\u65e5\u62a5\u9053\uff0c\u4fc4\u7f57\u65af\u5723\u5f7c\u5f97\u5821\u56fd\u7acb\u5927\u5b66\u8fdc\u4e1c\u56fd\u5bb6\u5386\u53f2\u6559\u7814\u5ba4\u4e3b\u4efb\u79d1\u6d1b\u6258\u592b\u5728\u63a5\u53d7\u91c7\u8bbf\u65f6\u8868\u793a\uff0c\u65e5\u672c\u4e0e\u8d8a\u5357\u5173\u4e8e\u91c7\u8d2d\u5de1\u903b\u8247\u7684\u534f\u8bae\u662f\u4f01\u56fe\u5c06\u4fc4\u7f57\u65af\u6392\u6324\u51fa\u8d8a\u5357\u7684\u6b66\u5668\u5e02\u573a\u3002", "events": [], "arguments": {"loc": [], "time": [{"text": "8\u670819\u65e5", "offset": 8, "length": 5}], "country": [{"text": "\u65e5\u672c", "offset": 51, "length": 2}, {"text": "\u8d8a\u5357", "offset": 76, "length": 2}], "weapon": [{"text": "\u5de1\u903b\u8247", "offset": 60, "length": 3}]}}, {"sentence": "\u300a\u65e5\u672c\u65f6\u62a5\u300b8\u670811\u65e5\u62a5\u9053\u4e86\u6709\u5173\u65e5\u8d8a\u5173\u4e8e6\u8258\u5de1\u903b\u8247\u4f9b\u5e94\u7684\u534f\u8bae\uff0c\u65e5\u672c\u5c06\u4ee5\u4fe1\u8d37\u65b9\u5f0f\u5411\u8d8a\u5357\u63d0\u4f9b\u4ef7\u503c3.45\u4ebf\u7f8e\u5143\u7684\u8239\u8236\u3002", "events": [], "arguments": {"loc": [], "time": [{"text": "8\u670811\u65e5", "offset": 6, "length": 5}], "country": [{"text": "\u65e5\u672c", "offset": 31, "length": 2}], "weapon": [{"text": "\u5de1\u903b\u8247", "offset": 22, "length": 3}]}}, {"sentence": "\u65e5\u672c\u6b64\u524d\u66fe\u5411\u8d8a\u5357\u51fa\u552e\u6e14\u8239\uff0c\u8fd9\u662f\u9996\u6b21\u5411\u6cb3\u5185\u51fa\u552e\u519b\u4e8b\u88c5\u5907\u3002", "events": [], "arguments": {"loc": [], "time": [], "country": [{"text": "\u65e5\u672c", "offset": 0, "length": 2}], "weapon": []}}, {"sentence": "\u4fc4\u7f57\u65af\u4e13\u5bb6\u79d1\u6d1b\u6258\u592b\u5bf9\u6b64\u8868\u793a\uff0c\u8d8a\u5357\u6d77\u519b\u7684\u57fa\u7840\u662f\u7531\u82cf\u5236\u548c\u4fc4\u5236\u7684\u62a4\u536b\u8230\u3001\u5bfc\u5f39\u548c\u5de1\u903b\u8247\u7ec4\u6210\u3002", "events": [], "arguments": {"loc": [], "time": [], "country": [], "weapon": []}}, {"sentence": "\u65e5\u672c\u5411\u8d8a\u5357\u51fa\u552e6\u8258\u5de1\u903b\u8247\u53ef\u80fd\u662f\u7f8e\u56fd\u9650\u5236\u4fc4\u7f57\u65af\u5728\u5168\u7403\u6b66\u5668\u5e02\u573a\u7684\u5bf9\u7b56\u4e4b\u4e00\u3002", "events": [], "arguments": {"loc": [], "time": [], "country": [], "weapon": []}}, {"sentence": "2016\u5e745\u6708\u7f8e\u56fd\u5ba3\u5e03\u89e3\u96641984\u5e74\u505a\u51fa\u7684\u5bf9\u8d8a\u5357\u7684\u6b66\u5668\u7981\u8fd0\u7684\u89c4\u5b9a\u3002", "events": [], "arguments": {"loc": [], "time": [{"text": "2016\u5e745\u6708", "offset": 0, "length": 7}], "country": [{"text": "\u7f8e\u56fd", "offset": 7, "length": 2}, {"text": "\u8d8a\u5357", "offset": 22, "length": 2}], "weapon": []}}, {"sentence": "\u79d1\u6d1b\u6258\u592b\u8bf4\uff0c\u201c\u65e5\u672c\u4e0d\u80fd\u81ea\u4e3b\u884c\u4f7f\u5bf9\u5916\u653f\u7b56\u548c\u5b89\u5168\u9886\u57df\u7684\u653f\u7b56\uff0c\u6240\u6709\u4e3e\u63aa\u5747\u901a\u8fc7\u4e0e\u7f8e\u65b9\u534f\u5546\u505a\u51fa\u3002", "events": [], "arguments": {"loc": [], "time": [], "country": [], "weapon": []}}, {"sentence": "6\u8258\u5de1\u903b\u8247\u4e0d\u4f1a\u6539\u53d8\u529b\u91cf\u5e73\u8861\uff0c\u4f46\u7c7b\u4f3c\u8fd9\u6837\u7684\u4ea4\u6613\u5f88\u591a\uff0c\u4e0d\u4ec5\u662f\u548c\u65e5\u672c\u3002", "events": [], "arguments": {"loc": [], "time": [], "country": [], "weapon": []}}, {"sentence": "\u4ece\u6b66\u5668\u751f\u4ea7\u89d2\u5ea6\u6765\u770b\uff0c\u8d8a\u5357\u5b8c\u5168\u65e0\u6cd5\u81ea\u7ed9\u81ea\u8db3\u3002", "events": [], "arguments": {"loc": [], "time": [], "country": [], "weapon": []}}, {"sentence": "\u201d\u79d1\u6d1b\u6258\u592b\u8fd8\u8868\u793a\uff1a\u201c\u5feb\u901f\u5de1\u903b\u8247\u6b63\u597d\u6ee1\u8db3\u8d8a\u5357\u9700\u6c42\uff0c\u66f4\u4f55\u51b5\u5728\u5b83\u4e0a\u9762\u8fd8\u53ef\u4ee5\u642d\u8f7d\u51e0\u4e4e\u4efb\u4f55\u7684\u6b66\u5668\uff0c\u5c24\u5176\u6709\u6548\u7684\u662f\u88c5\u914d\u5927\u53e3\u5f84\u7684\u91cd\u673a\u67aa\u3002", "events": [], "arguments": {"loc": [], "time": [], "country": [], "weapon": [{"text": "\u5feb\u901f\u5de1\u903b\u8247", "offset": 10, "length": 5}]}}, {"sentence": "\u201d", "events": [], "arguments": {"loc": [], "time": [], "country": [], "weapon": []}}, {"sentence": "\u4fc4\u7f57\u65af\u66fe\u5411\u8d8a\u5357\u51fa\u552e\u591a\u67b6\u82cf-30MKV\u98de\u673a\uff0c\u8d8a\u5357\u7a7a\u519b\u76ee\u524d\u662f\u4e16\u754c\u4e0a\u82cf-30\u6218\u6597\u673a\u7fa4\u6700\u591a\u7684\u56fd\u5bb6\u4e4b\u4e00\uff0c\u5728\u6570\u91cf\u4e0a\u4ec5\u6b21\u4e8e\u4fc4\u7f57\u65af\u3001\u5370\u5ea6\u548c\u4e2d\u56fd\u3002", "events": [], "arguments": {"loc": [], "time": [], "country": [{"text": "\u4fc4\u7f57\u65af", "offset": 54, "length": 3}, {"text": "\u8d8a\u5357", "offset": 21, "length": 2}, {"text": "\u5370\u5ea6", "offset": 58, "length": 2}, {"text": "\u4e2d\u56fd", "offset": 61, "length": 2}], "weapon": [{"text": "\u82cf-30MKV", "offset": 11, "length": 7}]}}, {"sentence": "\u8fd1\u5e74\u6765\uff0c\u4fc4\u7f57\u65af\u5411\u8d8a\u5357\u51fa\u552e\u7684\u6700\u91cd\u8981\u7684\u6b66\u5668\u67096\u825806361\u9879\u76ee\u7684\u5927\u578b\u67f4\u7535\u6f5c\u8247\u3001S-300PMU-1\u9632\u7a7a\u5bfc\u5f39\u7cfb\u7edf\u3001T-90S\u5766\u514b\u3002", "events": [], "arguments": {"loc": [], "time": [], "country": [{"text": "\u4fc4\u7f57\u65af", "offset": 4, "length": 3}, {"text": "\u8d8a\u5357", "offset": 8, "length": 2}], "weapon": [{"text": "06361", "offset": 22, "length": 5}, {"text": "\u5927\u578b\u67f4\u7535\u6f5c\u8247", "offset": 30, "length": 6}, {"text": "S-300PMU-1\u9632\u7a7a\u5bfc\u5f39\u7cfb\u7edf", "offset": 37, "length": 16}, {"text": "T-90S\u5766\u514b", "offset": 54, "length": 7}]}}, {"sentence": "\u6b64\u5916\uff0c\u636e\u4fc4\u7f57\u65af\u5a92\u4f53\u62a5\u9053\uff0c2011\u5e74\u81f32017\u5e74\u95f4\uff0c\u8d8a\u5357\u8fd8\u91c7\u8d2d\u4e864\u8258\u201c\u730e\u8c79-3.9\u201d\u7ea7\u62a4\u536b\u8230\uff0c\u8fd8\u5ba3\u5e03\u4e86\u518d\u91c7\u8d2d2\u8258\u8be5\u62a4\u536b\u8230\u7684\u8ba1\u5212\u3002", "events": [], "arguments": {"loc": [], "time": [{"text": "2011", "offset": 12, "length": 4}, {"text": "2017", "offset": 18, "length": 4}], "country": [{"text": "\u8d8a\u5357", "offset": 25, "length": 2}], "weapon": [{"text": "\u730e\u8c79-3.9", "offset": 34, "length": 6}]}}]