[{"sentence": "\u521a\u5b9e\u73b0\u5173\u7cfb\u6b63\u5e38\u5316\u00a0\u4ee5\u8272\u5217\u5c31\u53cd\u5bf9\u7f8e\u56fd\u5411\u963f\u8054\u914b\u51fa\u552eF-35", "events": [], "arguments": {"loc": [], "time": [], "country": [], "weapon": []}}, {"sentence": "\u3010\u73af\u7403\u7f51\u62a5\u9053 \u89c1\u4e60\u8bb0\u8005 \u9a6c\u5ca9\u3011", "events": [], "arguments": {"loc": [], "time": [], "country": [], "weapon": []}}, {"sentence": "\u636e\u8def\u900f\u793e8\u670818\u65e5\u62a5\u9053\uff0c\u4ee5\u8272\u5217\u603b\u7406\u5185\u5854\u5c3c\u4e9a\u80e1\u5f53\u5929\u8868\u793a\uff0c\u5c3d\u7ba1\u4ee5\u8272\u5217\u5df2\u7ecf\u4e0e\u963f\u8054\u914b\u5efa\u7acb\u4e86\u5916\u4ea4\u5173\u7cfb\uff0c\u4f46\u53cd\u5bf9\u7f8e\u56fd\u5411\u5176\u51fa\u552eF-35\u6218\u6597\u673a\uff0c\u56e0\u4e3a\u4ee5\u8272\u5217\u9700\u8981\u5728\u4e2d\u4e1c\u4fdd\u6301\u519b\u4e8b\u4f18\u52bf\u3002", "events": [], "arguments": {"loc": [], "time": [{"text": "8\u670818\u65e5", "offset": 4, "length": 5}], "country": [{"text": "\u4ee5\u8272\u5217", "offset": 65, "length": 3}, {"text": "\u7f8e\u56fd", "offset": 49, "length": 2}, {"text": "\u963f\u8054\u914b", "offset": 35, "length": 3}], "weapon": [{"text": "F-35", "offset": 55, "length": 4}]}}, {"sentence": "\u6b64\u524d\u6709\u4ee5\u8272\u5217\u5a92\u4f53\u62a5\u9053\u79f0\uff0c\u7531\u4e8e\u963f\u8054\u914b\u5728\u7f8e\u56fd\u65a1\u65cb\u4e0b\u4e0e\u4ee5\u8272\u5217\u5b9e\u73b0\u4e86\u5173\u7cfb\u6b63\u5e38\u5316\uff0c\u7279\u6717\u666e\u653f\u5e9c\u6b63\u5728\u8ba1\u5212\u5411\u5176\u51fa\u552eF-35\u3002", "events": [], "arguments": {"loc": [], "time": [], "country": [{"text": "\u4ee5\u8272\u5217", "offset": 24, "length": 3}], "weapon": [{"text": "F-35", "offset": 49, "length": 4}]}}, {"sentence": "\u7f8e\u56fd\u9a7b\u8036\u8def\u6492\u51b7\u5927\u4f7f\u9986\u548c\u963f\u8054\u914b\u653f\u5e9c\u4ee3\u8868\u6ca1\u6709\u7acb\u5373\u56de\u5e94\u7f6e\u8bc4\u8bf7\u6c42\u3002", "events": [], "arguments": {"loc": [{"text": "\u8036\u8def\u6492\u51b7", "offset": 3, "length": 4}], "time": [], "country": [{"text": "\u7f8e\u56fd", "offset": 0, "length": 2}, {"text": "\u963f\u8054\u914b", "offset": 11, "length": 3}], "weapon": []}}, {"sentence": "\u6839\u636e\u51e0\u5341\u5e74\u524d\u8fbe\u6210\u7684\u8c05\u89e3\uff0c\u7f8e\u56fd\u4e0d\u5411\u4e2d\u4e1c\u56fd\u5bb6\u51fa\u552e\u53ef\u80fd\u524a\u5f31\u4ee5\u8272\u5217\u519b\u4e8b\u4f18\u52bf\u7684\u6b66\u5668\u3002", "events": [], "arguments": {"loc": [], "time": [], "country": [{"text": "\u7f8e\u56fd", "offset": 12, "length": 2}, {"text": "\u4ee5\u8272\u5217", "offset": 26, "length": 3}], "weapon": []}}, {"sentence": "\u56e0\u800c\u4ee5\u8272\u5217\u5df2\u7ecf\u8d2d\u4e70\u5e76\u90e8\u7f72\u7684F-35\u6218\u6597\u673a\u5c31\u4e0d\u5e94\u4e5f\u5411\u963f\u62c9\u4f2f\u56fd\u5bb6\u51fa\u552e\u3002", "events": [], "arguments": {"loc": [], "time": [], "country": [{"text": "\u4ee5\u8272\u5217", "offset": 2, "length": 3}], "weapon": [{"text": "F-35", "offset": 13, "length": 4}]}}, {"sentence": "\u5185\u5854\u5c3c\u4e9a\u80e1\u529e\u516c\u5ba4\u53d1\u8868\u7684\u58f0\u660e\u79f0\uff0c\u5728\u4e0e\u963f\u8054\u914b\u8ba8\u8bba\u5173\u7cfb\u6b63\u5e38\u5316\u65f6\uff0c\u4ee5\u8272\u5217\u4ecd\u7136\u53cd\u5bf9\u5411\u4efb\u4f55\u4e2d\u4e1c\u56fd\u5bb6\u51fa\u552e\u53ef\u80fd\u6253\u7834\u519b\u4e8b\u5e73\u8861\u7684\u6b66\u5668\uff0c\u8fd9\u4e00\u7acb\u573a\u59cb\u7ec8\u6ca1\u6709\u6539\u53d8\u3002", "events": [], "arguments": {"loc": [], "time": [], "country": [], "weapon": []}}, {"sentence": "\u4ee5\u8272\u5217\u5b89\u5168\u5185\u9601\u89c2\u5bdf\u5458\u3001\u80fd\u6e90\u90e8\u957f\u5c24\u74e6\u5c14\u2022\u65bd\u6cf0\u5c3c\u8328\u8868\u793a\uff0c\u8fc7\u53bb\u51e0\u5c4a\u7f8e\u56fd\u653f\u5e9c\u201c\u8fdd\u80cc\u4ee5\u8272\u5217\u7684\u610f\u613f\u201d\uff0c\u5411\u963f\u8054\u914b\u51fa\u552e\u4e86\u66f4\u5148\u8fdb\u7684F-16\u6218\u6597\u673a\uff0c\u5e76\u5411\u6c99\u7279\u963f\u62c9\u4f2f\u51fa\u552e\u4e86F-15\u6218\u6597\u673a\u3002", "events": [], "arguments": {"loc": [], "time": [], "country": [{"text": "\u6c99\u7279\u963f\u62c9\u4f2f", "offset": 66, "length": 5}, {"text": "\u4ee5\u8272\u5217", "offset": 37, "length": 3}, {"text": "\u7f8e\u56fd", "offset": 30, "length": 2}, {"text": "\u963f\u8054\u914b", "offset": 46, "length": 3}], "weapon": [{"text": "F-16", "offset": 56, "length": 4}, {"text": "F-15", "offset": 74, "length": 4}]}}, {"sentence": "\u4ed6\u8bf4\uff0c\u5373\u4f7f\u7f8e\u56fd\u5411\u963f\u8054\u914b\u51fa\u552e\u4e86F-35\uff0c\u4e5f\u4e0d\u592a\u53ef\u80fd\u5bf9\u4ee5\u8272\u5217\u6784\u6210\u5a01\u80c1\uff0c\u56e0\u4e3a\u4e24\u56fd\u4e4b\u95f4\u7684\u8ddd\u79bb\u662fF-35\u5728\u4e0d\u7a7a\u4e2d\u52a0\u6cb9\u60c5\u51b5\u4e0b\u4f5c\u6218\u534a\u5f84\u7684\u4e24\u500d\u591a\u3002", "events": [], "arguments": {"loc": [], "time": [], "country": [], "weapon": [{"text": "F-35", "offset": 43, "length": 4}]}}, {"sentence": "\uff08\u5b8c\uff09", "events": [], "arguments": {"loc": [], "time": [], "country": [], "weapon": []}}, {"sentence": "\uff08\u5b8c\uff09", "events": [], "arguments": {"loc": [], "time": [], "country": [], "weapon": []}}]