[{"sentence": "\u76f8\u649e\u8fd8\u662f\u88ab\u51fb\u843d\uff1f", "events": [], "arguments": {"loc": [], "time": [], "country": [], "weapon": []}}, {"sentence": "\u7f8e\u4e24\u67b6\u65e0\u4eba\u673a\u5728\u53d9\u5229\u4e9a\u5760\u6bc1", "events": [], "arguments": {"loc": [], "time": [], "country": [{"text": "\u7f8e", "offset": 0, "length": 1}, {"text": "\u53d9\u5229\u4e9a", "offset": 7, "length": 3}], "weapon": []}}, {"sentence": "\u3010\u73af\u7403\u7f51\u62a5\u9053 \u89c1\u4e60\u8bb0\u8005 \u9a6c\u5ca9\u3011", "events": [], "arguments": {"loc": [], "time": [], "country": [], "weapon": []}}, {"sentence": "\u636e\u300a\u519b\u4e8b\u65f6\u62a5\u300b\u7f51\u7ad98\u670818\u65e5\u62a5\u9053\uff0c\u4e00\u540d\u7f8e\u519b\u5b98\u5458\u8868\u793a\uff0c\u7f8e\u519b\u4e24\u67b6\u65e0\u4eba\u673a\u5f53\u5929\u5728\u53d9\u5229\u4e9a\u4e0a\u7a7a\u76f8\u649e\u5e76\u5760\u6bc1\u3002", "events": [], "arguments": {"loc": [], "time": [{"text": "8\u670818\u65e5", "offset": 9, "length": 5}], "country": [{"text": "\u7f8e", "offset": 26, "length": 1}, {"text": "\u53d9\u5229\u4e9a", "offset": 36, "length": 3}], "weapon": []}}, {"sentence": "\u5f53\u5929\u6709\u4eba\u5728\u63a8\u7279\u4e0a\u53d1\u5e03\u4e86\u5760\u6bc1\u65e0\u4eba\u673a\u71c3\u70e7\u7684\u7167\u7247\u3002", "events": [], "arguments": {"loc": [], "time": [], "country": [], "weapon": []}}, {"sentence": "\u6709\u4eba\u58eb\u63a8\u6d4b\u8fd9\u67b6\u65e0\u4eba\u673a\u578b\u53f7\u662fMQ-9\u201c\u6536\u5272\u8005\u201d\u2014\u2014\u4e00\u6b3e\u8fdc\u7a0b\u9065\u63a7\u65e0\u4eba\u673a\uff0c\u4e3b\u8981\u7528\u4e8e\u6253\u51fb\uff0c\u4f46\u4e5f\u5177\u5907\u76d1\u89c6\u548c\u60c5\u62a5\u641c\u96c6\u80fd\u529b\uff0c\u4e14\u662f\u88ab\u51fb\u843d\u7684\u3002", "events": [], "arguments": {"loc": [], "time": [], "country": [], "weapon": [{"text": "MQ-9\u201c\u6536\u5272\u8005\u201d", "offset": 13, "length": 9}]}}, {"sentence": "\u7136\u800c\uff0c\u8fd9\u540d\u7f8e\u519b\u5b98\u5458\u65e0\u6cd5\u786e\u5b9a\u5760\u6bc1\u65e0\u4eba\u673a\u7684\u578b\u53f7\u3002", "events": [], "arguments": {"loc": [], "time": [], "country": [], "weapon": []}}, {"sentence": "\u4ed6\u8bf4\uff0c\u62a5\u544a\u663e\u793a\u6709\u8fc7\u78b0\u649e\uff0c\u4f46\u540e\u6765\u5b83\u4eec\u662f\u5426\u906d\u5230\u5c04\u51fb\uff0c\u4ee5\u53ca\u662f\u5426\u88ab\u51fb\u843d\uff0c\u5e76\u4e0d\u660e\u786e\u3002", "events": [], "arguments": {"loc": [], "time": [], "country": [], "weapon": []}}, {"sentence": "\u201c\u6536\u5272\u8005\u201d\u88ab\u51fb\u843d\u5e76\u4e0d\u662f\u6ca1\u6709\u5148\u4f8b\u3002", "events": [], "arguments": {"loc": [], "time": [], "country": [], "weapon": []}}, {"sentence": "2019\u5e746\u6708\uff0c\u4e5f\u95e8\u80e1\u585e\u6b66\u88c5\u66fe\u4f7f\u7528\u201c\u8428\u59c6-6\u201d\u5730\u5bf9\u7a7a\u5bfc\u5f39\u51fb\u843d\u4e00\u67b6\u201c\u6536\u5272\u8005\u201d\u3002", "events": [{"trigger": {"text": "\u51fb\u843d", "offset": 28, "length": 2}, "subject": {"text": "\u201c\u8428\u59c6-6\u201d\u5730\u5bf9\u7a7a\u5bfc\u5f39", "offset": 17, "length": 11}, "object": {"text": "\u201c\u6536\u5272\u8005\u201d", "offset": 32, "length": 5}}], "arguments": {"loc": [], "time": [], "country": [], "weapon": [{"text": "\u201c\u8428\u59c6-6\u201d\u5730\u5bf9\u7a7a\u5bfc\u5f39", "offset": 17, "length": 11}]}}, {"sentence": "\u636e\u4ecb\u7ecd\uff0cMQ-9\u201c\u6536\u5272\u8005\u201d\u65e0\u4eba\u673a\u5de1\u822a\u901f\u5ea6\u4e3a\u6bcf\u5c0f\u65f6230\u82f1\u91cc\uff0c\u4e3b\u8981\u88c5\u5907\u6709AGM-114\u201c\u5730\u72f1\u706b\u201d\u5bfc\u5f39\u3001GBU-12\u201c\u5b9d\u77f3\u8def\u201d\u6fc0\u5149\u5236\u5bfc\u70b8\u5f39\u3001GBU-38\u8054\u5408\u76f4\u63a5\u653b\u51fb\u5f39\u836f\u7b49\u6b66\u5668\u3002", "events": [], "arguments": {"loc": [], "time": [], "country": [], "weapon": [{"text": "AGM-114\u201c\u5730\u72f1\u706b\u201d\u5bfc\u5f39", "offset": 35, "length": 14}, {"text": "AGM-114\u201c\u5730\u72f1\u706b\u201d\u5bfc\u5f39", "offset": 35, "length": 14}, {"text": "GBU-12\u201c\u5b9d\u77f3\u8def\u201d\u6fc0\u5149\u5236\u5bfc\u70b8\u5f39", "offset": 50, "length": 17}, {"text": "GBU-38\u8054\u5408\u76f4\u63a5\u653b\u51fb\u5f39\u836f", "offset": 68, "length": 14}]}}, {"sentence": "\uff08\u5b8c\uff09", "events": [], "arguments": {"loc": [], "time": [], "country": [], "weapon": []}}, {"sentence": "\uff08\u5b8c\uff09", "events": [], "arguments": {"loc": [], "time": [], "country": [], "weapon": []}}]