[{"sentence": "\u767d\u4fc4\u7f57\u65af\u4e3e\u884c\u5927\u89c4\u6a21\u519b\u6f14\u00a0\u5c06\u6700\u5f3a\u8fdc\u7a0b\u706b\u7bad\u70ae\u90e8\u7f72\u81f3\u8fb9\u5883", "events": [], "arguments": {"loc": [], "time": [], "country": [{"text": "\u767d\u4fc4\u7f57\u65af", "offset": 0, "length": 4}], "weapon": [{"text": "\u8fdc\u7a0b\u706b\u7bad\u70ae", "offset": 15, "length": 5}]}}, {"sentence": "\u3010\u73af\u7403\u7f51\u62a5\u9053 \u8bb0\u8005 \u5f90\u7490\u660e\u3011", "events": [], "arguments": {"loc": [], "time": [], "country": [], "weapon": []}}, {"sentence": "\u767d\u4fc4\u7f57\u65af\u8fd1\u65e5\u5728\u4e0e\u6ce2\u5170\u548c\u7acb\u9676\u5b9b\u7684\u8fb9\u5883\u4e3e\u884c\u5927\u89c4\u6a21\u519b\u6f14\uff0c\u5916\u5a92\u79f0\u767d\u4fc4\u7f57\u65af\u519b\u961f\u5df2\u7ecf\u5c06\u5176\u6700\u5f3a\u7684\u591a\u7ba1\u706b\u7bad\u70ae\u7cfb\u7edf\u90e8\u7f72\u5230\u4e86\u8fb9\u5883\u5730\u533a\u3002", "events": [{"trigger": {"text": "\u90e8\u7f72", "offset": 48, "length": 2}, "subject": {"text": "\u591a\u7ba1\u706b\u7bad\u70ae\u7cfb\u7edf", "offset": 41, "length": 7}, "object": {"text": "\u8fb9\u5883\u5730\u533a", "offset": 52, "length": 4}}], "arguments": {"loc": [], "time": [], "country": [{"text": "\u767d\u4fc4\u7f57\u65af", "offset": 28, "length": 4}, {"text": "\u6ce2\u5170", "offset": 8, "length": 2}, {"text": "\u7acb\u9676\u5b9b", "offset": 11, "length": 3}], "weapon": []}}, {"sentence": "\u636e\u201c\u9632\u52a1\u535a\u5ba2\u201d8\u670817\u65e5\u62a5\u9053\uff0c\u767d\u4fc4\u7f57\u65af\u519b\u961f\u88c5\u5907\u7684\u8fdc\u7a0b\u706b\u7bad\u5f39\u7cfb\u7edf\u8fd1\u65e5\u88ab\u53d1\u73b0\u51fa\u73b0\u5728\u4e86\u8be5\u56fd\u4e0e\u7acb\u9676\u5b9b\u7684\u8fb9\u5883\u9644\u8fd1\u3002", "events": [], "arguments": {"loc": [], "time": [{"text": "8\u670817\u65e5", "offset": 7, "length": 5}], "country": [], "weapon": []}}, {"sentence": "\u51fa\u73b0\u5728\u767d\u4fc4\u7f57\u65af\u4e0e\u7acb\u9676\u5b9b\u8fb9\u5883\u9644\u8fd1\u7684\u201c\u6ce2\u7f57\u4e43\u5179\u201d\u591a\u7ba1\u706b\u7bad\u70ae", "events": [], "arguments": {"loc": [], "time": [], "country": [], "weapon": [{"text": "\u201c\u6ce2\u7f57\u4e43\u5179\u201d\u591a\u7ba1\u706b\u7bad\u70ae", "offset": 16, "length": 11}]}}, {"sentence": "\u62a5\u9053\u79f0\uff0c\u767d\u4fc4\u7f57\u65af\u519b\u961f\u5df2\u7ecf\u5728\u8be5\u56fd\u4e0e\u7acb\u9676\u5b9b\u8fb9\u5883\u9644\u8fd1\u7684\u5229\u8fbe\uff08Lida\uff09\u5730\u533a\u90e8\u7f72\u4e86\u91cd\u578b\u706b\u70ae\u3001\u4e3b\u6218\u5766\u514b\u3001\u6b65\u5175\u6218\u8f66\u548c\u5176\u4ed6\u6b66\u5668\u88c5\u5907\u3002", "events": [], "arguments": {"loc": [{"text": "\u5229\u8fbe\uff08Lida\uff09\u5730\u533a", "offset": 24, "length": 10}], "time": [], "country": [], "weapon": []}}, {"sentence": "\u6b64\u5916\uff0c\u7f51\u53cb\u5728\u793e\u4ea4\u5a92\u4f53\u4e0a\u53d1\u5e03\u7684\u7167\u7247\u663e\u793a\uff0c\u5728\u8fd9\u4e00\u5730\u533a\u8fd8\u51fa\u73b0\u4e86\u767d\u4fc4\u7f57\u65af\u88c5\u5907\u7684\u201c\u6ce2\u7f57\u4e43\u5179\u201d\u591a\u7ba1\u706b\u7bad\u70ae\u7cfb\u7edf\u3002", "events": [], "arguments": {"loc": [], "time": [], "country": [], "weapon": []}}, {"sentence": "\u201c\u6ce2\u7f57\u4e43\u5179\u201d\u591a\u7ba1\u706b\u7bad\u70ae\u662f\u4e00\u79cd\u8fdc\u7a0b\u706b\u7bad\u70ae\u7cfb\u7edf\uff0c\u65e8\u5728\u6467\u6bc1\u654c\u65b9\u7684\u6709\u751f\u76ee\u6807\u3001\u88c5\u7532\u8f66\u8f86\u3001\u706b\u70ae\u9635\u5730\u3001\u5bfc\u5f39\u53d1\u5c04\u7cfb\u7edf\u3001\u673a\u573a\u7b49\u76ee\u6807\uff0c\u5c04\u7a0b\u4ece50\u516c\u91cc\u81f3200\u516c\u91cc\uff0c\u800c\u4e14\u6253\u51fb\u7cbe\u5ea6\u6781\u9ad8\u3002", "events": [], "arguments": {"loc": [], "time": [], "country": [], "weapon": []}}, {"sentence": "\u8be5\u591a\u7ba1\u706b\u7bad\u70ae\u643a\u5e26\u67094\u5177\u53d1\u5c04\u7bb1\uff0c\u4f7f\u7528300\u6beb\u7c73\u53e3\u5f84\u7684\u56fa\u4f53\u71c3\u6599\u63a8\u8fdb\u706b\u7bad\u5f39\u3002", "events": [], "arguments": {"loc": [], "time": [], "country": [], "weapon": []}}, {"sentence": "\u636e\u6089\uff0c\u201c\u6ce2\u7f57\u4e43\u5179\u201d\u662f\u767d\u4fc4\u7f57\u65af\u88c5\u5907\u7684\u6700\u5148\u8fdb\u8fdc\u7a0b\u706b\u7bad\u70ae\u6b66\u5668\u7cfb\u7edf\u3002", "events": [], "arguments": {"loc": [], "time": [], "country": [], "weapon": []}}, {"sentence": "\u6b64\u5916\uff0c\u6709\u62a5\u9053\u79f0\u5728\u660e\u65af\u514b\u5730\u533a\u7684\u9ad8\u901f\u516c\u8def\u4e0a\uff0c\u8fd8\u51fa\u73b0\u4e86\u591a\u5957\u201c\u5706\u70b9\u201d-U\u6218\u672f\u5bfc\u5f39\u7cfb\u7edf\u3002", "events": [], "arguments": {"loc": [], "time": [], "country": [], "weapon": [{"text": "\u201c\u5706\u70b9\u201d-U\u6218\u672f\u5bfc\u5f39", "offset": 26, "length": 10}]}}, {"sentence": "\u636e\u4fc4\u7f57\u65af\u536b\u661f\u65b0\u95fb\u901a\u8baf\u793e8\u670817\u65e5\u62a5\u9053\uff0c\u767d\u4fc4\u7f57\u65af\u56fd\u9632\u90e816\u65e5\u53d1\u5e03\u6d88\u606f\u79f0\uff0c\u767d\u4fc4\u7f57\u65af\u519b\u961f\u5c06\u4e8e8\u670817\u65e5\u81f320\u65e5\u5728\u8be5\u56fd\u6838\u7535\u7ad9\u9644\u8fd1\u4ee5\u53ca\u683c\u7f57\u5fb7\u8bfa\u5dde\u591a\u5904\u9776\u573a\u4e3e\u884c\u6218\u672f\u6f14\u4e60\uff0c\u5c4a\u65f6\u5c06\u51fa\u52a8\u706b\u7bad\u70ae\u8425\u3002", "events": [], "arguments": {"loc": [{"text": "\u683c\u7f57\u5fb7\u8bfa\u5dde", "offset": 62, "length": 5}], "time": [{"text": "8\u670817\u65e5\u81f320\u65e5", "offset": 43, "length": 9}], "country": [{"text": "\u767d\u4fc4\u7f57\u65af", "offset": 35, "length": 4}], "weapon": []}}, {"sentence": "\u767d\u4fc4\u56fd\u9632\u90e8\u53d1\u6d88\u606f\u79f0\uff1a\u201c\u6839\u636e\u767d\u4fc4\u6b66\u88c5\u529b\u91cf\u519b\u4e8b\u8bad\u7ec3\u8ba1\u5212\uff0c8\u670817\u65e5\u81f320\u65e5\uff0c\u519b\u4e8b\u9776\u573a\u548c\u4e2a\u522b\u5730\u533a\u5c06\u4e3e\u884c\u4e00\u7cfb\u5217\u6218\u672f\u6f14\u4e60\uff0c\u5c06\u51fa\u52a8\u706b\u7bad\u70ae\u8425\u524d\u5f80\u5965\u65af\u7279\u7f57\u7ef4\u8328\u3001\u683c\u65e5\u65af\u57fa\u4ee5\u53ca\u6d85\u66fc\u9776\u573a\u3002", "events": [], "arguments": {"loc": [{"text": "\u5965\u65af\u7279\u7f57\u7ef4\u8328", "offset": 65, "length": 6}, {"text": "\u683c\u65e5\u65af\u57fa", "offset": 72, "length": 4}, {"text": "\u6d85\u66fc\u9776\u573a", "offset": 78, "length": 4}], "time": [{"text": "8\u670817\u65e5\u81f320\u65e5", "offset": 26, "length": 9}], "country": [], "weapon": []}}, {"sentence": "\u6307\u5b9a\u7684\u706b\u7bad\u70ae\u90e8\u961f\u548c\u70ae\u5175\u90e8\u961f\u5c06\u8fdb\u5165\u6218\u6597\u503c\u52e4\u201d\u3002", "events": [], "arguments": {"loc": [], "time": [], "country": [], "weapon": []}}, {"sentence": "\u767d\u4fc4\u56fd\u9632\u90e8\u8868\u793a\uff0c\u706b\u7bad\u70ae\u90e8\u961f\u5df2\u7ecf\u51fa\u53d1\u524d\u5f80\u6307\u5b9a\u5730\u533a\uff0c\u5e76\u5f00\u59cb\u8fdb\u5165\u6218\u6597\u503c\u52e4\u4fdd\u62a4\u767d\u4fc4\u8fb9\u754c\u3002", "events": [], "arguments": {"loc": [], "time": [], "country": [], "weapon": []}}, {"sentence": "\u6b64\u5916\uff0c\u6218\u672f\u6f14\u4e60\u671f\u95f4\u7b2c103\u7a7a\u964d\u5175\u65c5\u5c06\u524d\u5f80\u683c\u65e5\u65af\u57fa\u9776\u573a\uff0c\u4e0e\u8fb9\u9632\u519b\u6c47\u5408\u540e\uff0c\u5171\u540c\u6f14\u7ec3\u52a0\u5f3a\u8fb9\u754c\u5b89\u5168\u3002", "events": [], "arguments": {"loc": [], "time": [], "country": [], "weapon": []}}, {"sentence": "\u767d\u4fc4\u7f57\u65af\u6838\u7535\u7ad9\u8ddd\u79bb\u7acb\u9676\u5b9b\u9996\u90fd\u7ef4\u5c14\u7ebd\u65af\u8fd150\u516c\u91cc\u3002", "events": [], "arguments": {"loc": [], "time": [], "country": [], "weapon": []}}, {"sentence": "\u7acb\u9676\u5b9b\u653f\u5e9c\u6b64\u524d\u5df2\u5ba3\u5e03\uff0c\u4e0d\u518d\u4ece\u767d\u4fc4\u8d2d\u4e70\u6838\u7535\u3002", "events": [], "arguments": {"loc": [], "time": [], "country": [], "weapon": []}}]