[{"sentence": "\u4fc4\u519b\u8ba1\u5212\u589e\u8d2d\u82cf-57\u7b2c\u4e94\u4ee3\u6218\u6597\u673a \u6b64\u524d\u5df2\u8ba2\u8d2d76\u67b6", "events": [{"trigger": {"text": "\u589e\u8d2d", "offset": 4, "length": 2}, "subject": {"text": "\u4fc4\u519b", "offset": 0, "length": 2}, "object": {"text": "\u82cf-57\u7b2c\u4e94\u4ee3\u6218\u6597\u673a", "offset": 6, "length": 10}}], "arguments": {"loc": [], "time": [], "country": [{"text": "\u4fc4", "offset": 0, "length": 1}], "weapon": [{"text": "\u82cf-57", "offset": 6, "length": 4}]}}, {"sentence": "\u3010\u73af\u7403\u7f51\u519b\u4e8b\u62a5\u9053\u3011", "events": [], "arguments": {"loc": [], "time": [], "country": [], "weapon": []}}, {"sentence": "\u62a5\u9053\u79f0\uff0c\u514b\u91cc\u6c83\u9c81\u5947\u79d1\u5728\u63a5\u53d7\u4fc4\u300a\u7ea2\u661f\u62a5\u300b\u91c7\u8bbf\u65f6\u79f0\uff1a\u201c\u5f53\u524d\u6b63\u5728\u62df\u5b9a\u8fdb\u4e00\u6b65\u589e\u8d2d\u82cf-57\u98de\u673a\u7684\u63aa\u65bd\uff0c\u5176\u5c06\u5217\u5165\u65b0\u7684\u56fd\u5bb6\u6b66\u5668\u88c5\u5907\u53d1\u5c55\u7eb2\u8981\u3002", "events": [{"trigger": {"text": "\u589e\u8d2d", "offset": 34, "length": 2}, "subject": {"text": "", "offset": 0, "length": 0}, "object": {"text": "\u82cf-57\u98de\u673a", "offset": 36, "length": 6}}], "arguments": {"loc": [], "time": [], "country": [{"text": "\u4fc4", "offset": 13, "length": 1}], "weapon": [{"text": "\u82cf-57\u98de\u673a", "offset": 36, "length": 6}]}}, {"sentence": "\u201d", "events": [], "arguments": {"loc": [], "time": [], "country": [], "weapon": []}}, {"sentence": "\u6b64\u524d\uff0c\u4fc4\u7f57\u65af\u56fd\u9632\u90e8\u5728\u201c\u519b\u961f\uff0d2019\u201d\u56fd\u9645\u519b\u4e8b\u6280\u672f\u8bba\u575b\u4e0a\u7b7e\u7f72\u4e86\u4e3a\u4fc4\u7a7a\u5929\u519b\u91c7\u8d2d76\u67b6\u82cf-57\u6218\u6597\u673a\u7684\u5408\u540c\u3002", "events": [{"trigger": {"text": "\u91c7\u8d2d", "offset": 36, "length": 2}, "subject": {"text": "\u4fc4\u7f57\u65af\u56fd\u9632\u90e8", "offset": 3, "length": 6}, "object": {"text": "76\u67b6\u82cf-57\u6218\u6597\u673a", "offset": 38, "length": 10}}], "arguments": {"loc": [], "time": [], "country": [{"text": "\u4fc4", "offset": 32, "length": 1}], "weapon": [{"text": "\u82cf-57\u6218\u6597\u673a", "offset": 41, "length": 7}]}}, {"sentence": "\u6309\u7167\u8be5\u5408\u540c\uff0c\u9996\u67b6\u98de\u673a\u5df2\u7ecf\u5728\u4e0d\u4e45\u524d\u4ea4\u4ed8\u4fc4\u519b\u3002", "events": [{"trigger": {"text": "\u4ea4\u4ed8", "offset": 16, "length": 2}, "subject": {"text": "\u9996\u67b6\u98de\u673a", "offset": 6, "length": 4}, "object": {"text": "\u4fc4\u519b", "offset": 18, "length": 2}}], "arguments": {"loc": [], "time": [], "country": [{"text": "\u4fc4", "offset": 18, "length": 1}], "weapon": []}}, {"sentence": "\u82cf-57\u6218\u6597\u673a\uff0c\u53c8\u79f0\u4e3a\u201c\u524d\u7ebf\u822a\u7a7a\u5175\u672a\u6765\u822a\u7a7a\u7cfb\u7edf\u201d\uff0c\u5b9e\u9a8c\u9636\u6bb5\u88ab\u79f0\u4e3aT-50\u6218\u6597\u673a\uff0c\u662f\u4fc4\u7f57\u65af\u7814\u5236\u7684\u7b2c\u4e94\u4ee3\u6218\u6597\u673a\uff0c\u5373\u53ef\u7528\u4e8e\u593a\u53d6\u5236\u7a7a\u6743\uff0c\u4e5f\u53ef\u7528\u4e8e\u53cd\u8230\u548c\u6253\u51fb\u5730\u9762\u76ee\u6807\u3002", "events": [], "arguments": {"loc": [], "time": [], "country": [{"text": "\u4fc4\u7f57\u65af", "offset": 41, "length": 3}], "weapon": [{"text": "\u82cf-57\u6218\u6597\u673a", "offset": 0, "length": 7}, {"text": "\u201c\u524d\u7ebf\u822a\u7a7a\u5175\u672a\u6765\u822a\u7a7a\u7cfb\u7edf\u201d", "offset": 11, "length": 13}, {"text": "T-50\u6218\u6597\u673a", "offset": 32, "length": 7}]}}, {"sentence": "\u539f\u578b\u673a2010\u5e74\u9996\u6b21\u5347\u7a7a\u3002", "events": [], "arguments": {"loc": [], "time": [{"text": "2010\u5e74", "offset": 3, "length": 5}], "country": [], "weapon": []}}, {"sentence": "\u82cf-57\u6218\u673a\u822a\u7535\u7cfb\u7edf\u5148\u8fdb\uff0c\u5177\u6709\u8d85\u97f3\u901f\u5de1\u822a\u3001\u8d85\u673a\u52a8\u3001\u9690\u5f62\u7b49\u7279\u70b9\u3002", "events": [], "arguments": {"loc": [], "time": [], "country": [], "weapon": [{"text": "\u82cf-57\u6218\u673a", "offset": 0, "length": 6}]}}, {"sentence": "\u4fc4\u7f57\u65af\u56fd\u9632\u90e8\u591a\u6b21\u8868\u793a\uff0c\u82cf-57\u6218\u673a\u5728\u53d9\u5229\u4e9a\u6210\u529f\u901a\u8fc7\u4e86\u6d4b\u8bd5\u3002", "events": [{"trigger": {"text": "\u6d4b\u8bd5", "offset": 26, "length": 2}, "subject": {"text": "\u4fc4\u7f57\u65af", "offset": 0, "length": 3}, "object": {"text": "\u82cf-57\u6218\u673a", "offset": 11, "length": 6}}], "arguments": {"loc": [{"text": "\u53d9\u5229\u4e9a", "offset": 18, "length": 3}], "time": [], "country": [{"text": "\u4fc4\u7f57\u65af", "offset": 0, "length": 3}], "weapon": [{"text": "\u82cf-57\u6218\u673a", "offset": 11, "length": 6}]}}]