[{"sentence": "\u7f8e\u56fd\u519b\u8230\u53c8\u51fa\u73b0\u8230\u5458\u79bb\u5947\u6b7b\u4ea1\u4e8b\u4ef6\u00a0\u8be5\u8230\u8fd1\u671f\u9891\u7e41\u5728\u4e1c\u6d77\u6d3b\u52a8", "events": [], "arguments": {"loc": [], "time": [], "country": [], "weapon": []}}, {"sentence": "\u3010\u73af\u7403\u7f51\u62a5\u9053 \u8bb0\u8005 \u5f90\u7490\u660e\u3011", "events": [], "arguments": {"loc": [], "time": [], "country": [], "weapon": []}}, {"sentence": "\u636e\u7f8e\u56fd\u300a\u6d77\u519b\u65f6\u62a5\u300b8\u67083\u65e5\u62a5\u9053\uff0c\u4e0a\u4e2a\u6708\u5e95\u6709\u4e00\u540d\u521d\u7ea7\u6c34\u624b\u5728\u968f\u8230\u8bbf\u95ee\u5173\u5c9b\u6e2f\u53e3\u671f\u95f4\u6b7b\u4ea1\u3002", "events": [], "arguments": {"loc": [], "time": [], "country": [], "weapon": []}}, {"sentence": "\u62a5\u9053\u79f0\uff0c\u8fd9\u540d23\u5c81\u6c34\u624b\u662f\u7f8e\u56fd\u6d77\u519b\u201c\u62c9\u6590\u5c14\u00b7\u4f69\u62c9\u5c14\u5854\u201d\u53f7\u9a71\u9010\u8230\u4e0a\u7684\u70ae\u624b\uff0c\u4ed6\u4e8e7\u670830\u65e5\u5728\u5173\u5c9b\u6d77\u519b\u533b\u9662\u53bb\u4e16\u3002", "events": [], "arguments": {"loc": [], "time": [], "country": [], "weapon": []}}, {"sentence": "\u7f8e\u56fd\u6d77\u519b\u5728\u901a\u544a\u4e2d\u79f0\uff1a\u201c\u7279\u7eb3\u5728\u5173\u5c9b\u6d77\u519b\u57fa\u5730\u7684\u4e00\u4e2a\u81ea\u7531\u6d3b\u52a8\u533a\u57df\u88ab\u53d1\u73b0\u53cd\u5e94\u8fdf\u949d\uff0c\u5f53\u65f6\u4ed6\u6b63\u968f\u519b\u8230\u8fdb\u884c\u4e00\u6b21\u9884\u5b9a\u7684\u6e2f\u53e3\u8bbf\u95ee\u3002", "events": [], "arguments": {"loc": [], "time": [], "country": [], "weapon": []}}, {"sentence": "\u201d\u201c\u4e09\u540d\u5177\u5907\u641c\u7d22\u548c\u6551\u63f4\u8d44\u683c\u7684\u6c34\u624b\u5bf9\u4ed6\u8fdb\u884c\u4e86\u62a2\u6551\uff0c\u76f4\u5230\u4e00\u8f86\u6551\u62a4\u8f66\u62b5\u8fbe\u73b0\u573a\u5f00\u5c55\u6025\u6551\u5de5\u4f5c\u3002", "events": [], "arguments": {"loc": [], "time": [], "country": [], "weapon": []}}, {"sentence": "\u201d", "events": [], "arguments": {"loc": [], "time": [], "country": [], "weapon": []}}, {"sentence": "\u62a5\u9053\u79f0\uff0c\u7279\u7eb3\u6765\u81ea\u9a6c\u91cc\u5170\u5dde\uff0c\u4e8e2018\u5e74\u5165\u4f0d\uff0c\u201c\u62c9\u6590\u5c14\u00b7\u4f69\u62c9\u5c14\u5854\u201d\u53f7\u9a71\u9010\u8230\u662f\u4ed6\u670d\u5f79\u7684\u9996\u8258\u519b\u8230\u3002", "events": [], "arguments": {"loc": [], "time": [], "country": [], "weapon": []}}, {"sentence": "\u7f8e\u56fd\u6d77\u519b\u72af\u7f6a\u8c03\u67e5\u5c40\u6b63\u5728\u8c03\u67e5\u4ed6\u7684\u6b7b\u56e0\u3002", "events": [], "arguments": {"loc": [], "time": [], "country": [], "weapon": []}}, {"sentence": "\u8fd1\u671f\uff0c\u7f8e\u56fd\u6d77\u519b\u5df2\u7ecf\u53d1\u751f\u591a\u8d77\u8230\u5458\u6b7b\u4ea1\u4e8b\u4ef6\uff0c\u800c\u7f8e\u56fd\u519b\u65b9\u90fd\u672a\u516c\u5f00\u5177\u4f53\u7684\u6b7b\u56e0\u3002", "events": [], "arguments": {"loc": [], "time": [], "country": [], "weapon": []}}, {"sentence": "\u636e\u7f8e\u56fd\u300a\u6d77\u519b\u65f6\u62a5\u300b7\u670823\u65e5\u62a5\u9053\uff0c\u8fd1\u65e5\u4e00\u540d\u88ab\u6d3e\u9a7b\u5230\u7f8e\u56fd\u6d77\u519b\u201c\u963f\u7c73\u8389\u4e9a\u00b7\u57c3\u5c14\u54c8\u7279\u201d\u53f7\u5e72\u8d27\u8865\u7ed9\u8230\u7684\u5e73\u6c11\u6c34\u624b\u6b7b\u4ea1\u3002", "events": [], "arguments": {"loc": [], "time": [], "country": [], "weapon": []}}, {"sentence": "\u7f8e\u56fd\u6d77\u519b\u53ea\u662f\u8868\u793a\u8fd9\u540d\u5e73\u6c11\u6c34\u624b\u662f\u5728\u201c\u4e0e\u6218\u6597\u65e0\u5173\u7684\u4e8b\u4ef6\u201d\u4e2d\u4e27\u751f\uff0c\u5e76\u672a\u516c\u5e03\u5176\u6b7b\u56e0\u3002", "events": [], "arguments": {"loc": [], "time": [], "country": [], "weapon": []}}, {"sentence": "7\u67083\u65e5\uff0c\u6b64\u524d\u66b4\u53d1\u65b0\u51a0\u80ba\u708e\u7684\u201c\u7f57\u65af\u798f\u201d\u53f7\u822a\u6bcd\u5728\u8fd4\u56de\u7f8e\u56fd\u672c\u571f\u6bcd\u6e2f\u9014\u4e2d\uff0c\u4e00\u540d\u822a\u7a7a\u7535\u5b50\u8bbe\u5907\u6280\u5e08\u3001\u58eb\u5b98\u957f\u8d3e\u65af\u6c40\u00b7\u8003\u5c14\u5fb7\u4f26\u8eab\u4f53\u7a81\u53d1\u4e0d\u9002\uff0c\u800c\u540e\u88ab\u4e00\u67b6\u76f4\u5347\u673a\u8f6c\u9001\u81f3\u5cb8\u4e0a\u7684\u4e00\u6240\u533b\u9662\uff0c\u968f\u540e\u5728\u90a3\u91cc\u88ab\u5ba3\u5e03\u6b7b\u4ea1\u3002", "events": [], "arguments": {"loc": [], "time": [], "country": [], "weapon": []}}, {"sentence": "\u503c\u5f97\u6ce8\u610f\u7684\u662f\uff0c\u6b64\u6b21\u51fa\u4e8b\u7684\u7f8e\u56fd\u6d77\u519b\u201c\u62c9\u83f2\u5c14\u00b7\u4f69\u62c9\u5c14\u5854\u201d\u53f7\u9a71\u9010\u8230\u5728\u505c\u9760\u5173\u5c9b\u4e4b\u524d\u66fe\u9891\u7e41\u5728\u4e2d\u56fd\u5468\u8fb9\u6d3b\u52a8\u3002", "events": [{"trigger": {"text": "\u6d3b\u52a8", "offset": 45, "length": 2}, "subject": {"text": "\u7f8e\u56fd\u6d77\u519b\u201c\u62c9\u83f2\u5c14\u00b7\u4f69\u62c9\u5c14\u5854\u201d\u53f7\u9a71\u9010\u8230", "offset": 12, "length": 18}, "object": {"text": "\u4e2d\u56fd\u5468\u8fb9", "offset": 41, "length": 4}}], "arguments": {"loc": [], "time": [], "country": [{"text": "\u7f8e\u56fd", "offset": 12, "length": 2}, {"text": "\u4e2d\u56fd", "offset": 41, "length": 2}], "weapon": [{"text": "\u201c\u62c9\u83f2\u5c14\u00b7\u4f69\u62c9\u5c14\u5854\u201d\u53f7\u9a71\u9010\u8230", "offset": 16, "length": 14}]}}, {"sentence": "7\u670826\u65e5\uff0c\u8be5\u8230\u66fe\u4e0e\u4e00\u67b6\u7f8e\u56fd\u6d77\u519bP-8A\u53cd\u6f5c\u5de1\u903b\u673a\u4e00\u8d77\u73b0\u8eab\u4e1c\u6d77\uff0c\u5f53\u65f6\u8be5\u8230\u8ddd\u79bb\u4e0a\u6d77\u6d77\u5cb8\u7ea6100\u6d77\u91cc\uff08\u7ea6185\u516c\u91cc\uff09\u3002", "events": [], "arguments": {"loc": [{"text": "\u4e1c\u6d77", "offset": 29, "length": 2}], "time": [], "country": [], "weapon": [{"text": "P-8A\u53cd\u6f5c\u5de1\u903b\u673a", "offset": 16, "length": 9}]}}, {"sentence": "7\u670810\u65e5\uff0c\u201c\u62c9\u83f2\u5c14\u00b7\u4f69\u62c9\u5c14\u5854\u201d\u53f7\u9a71\u9010\u8230\u4e5f\u88ab\u66dd\u51fa\u51fa\u73b0\u5728\u53f0\u6e7e\u5317\u90e8\u6d77\u57df\uff0c\u6700\u8fd1\u70b9\u8ddd\u79bb\u5927\u9646\u6d59\u6c5f\u7701\u6d77\u5cb8\u53ea\u670982.68\u6d77\u91cc\uff08\u7ea6\u5408153.12\u516c\u91cc\uff09\u3002", "events": [], "arguments": {"loc": [], "time": [{"text": "7\u670810\u65e5", "offset": 0, "length": 5}], "country": [], "weapon": []}}, {"sentence": "6\u670817\u65e5\uff0c\u8be5\u8230\u4e5f\u51fa\u73b0\u5728\u4e1c\u6d77\uff0c\u5e76\u51fa\u52a8\u4e86\u8230\u8f7d\u76f4\u5347\u673a\u6267\u884c\u98de\u884c\u4efb\u52a1\u3002", "events": [], "arguments": {"loc": [], "time": [], "country": [], "weapon": []}}]