[{"sentence": "\u73b0\u573a\u89c6\u9891\uff01", "events": [], "arguments": {"loc": [], "time": [], "country": [], "weapon": []}}, {"sentence": "\u4f0a\u6717\u9769\u547d\u536b\u961f\u56f4\u653b\u593a\u53d6\u201c\u7f8e\u822a\u6bcd\u201d", "events": [], "arguments": {"loc": [], "time": [], "country": [], "weapon": []}}, {"sentence": "\u4f0a\u6717\u5728\u4e3e\u884c\u7684\u5927\u89c4\u6a21\u8054\u5408\u519b\u6f14\u57287\u670828\u65e5\u8fce\u6765\u9ad8\u6f6e\uff0c\u4f0a\u65af\u5170\u9769\u547d\u536b\u961f\u5728\u970d\u5c14\u6728\u5179\u6d77\u5ce1\u6f14\u7ec3\u593a\u53d6\u201c\u7f8e\u56fd\u822a\u6bcd\u201d\u3002", "events": [{"trigger": {"text": "\u8054\u5408\u519b\u6f14", "offset": 9, "length": 4}, "subject": {"text": "\u4f0a\u6717", "offset": 0, "length": 2}, "object": {"text": "\u593a\u53d6\u201c\u7f8e\u56fd\u822a\u6bcd\u201d", "offset": 40, "length": 8}}], "arguments": {"loc": [{"text": "\u970d\u5c14\u6728\u5179\u6d77\u5ce1", "offset": 32, "length": 6}], "time": [{"text": "7\u670828\u65e5", "offset": 14, "length": 5}], "country": [{"text": "\u4f0a\u6717", "offset": 0, "length": 2}], "weapon": [{"text": "\u201c\u7f8e\u56fd\u822a\u6bcd\u201d", "offset": 42, "length": 6}]}}, {"sentence": "\u636eRT\u65b0\u95fb7\u670828\u65e5\u62a5\u9053\uff0c\u5728\u7f8e\u4f0a\u5173\u7cfb\u7d27\u5f20\u4e4b\u9645\uff0c\u4f0a\u6717\u519b\u961f\u5728\u4e00\u6b21\u5927\u89c4\u6a21\u6f14\u4e60\u4e2d\u6f14\u7ec3\u4e86\u5982\u4f55\u653b\u51fb\u4e00\u8258\u822a\u7a7a\u6bcd\u8230\uff0c\u4e0d\u8fc7\u4f7f\u7528\u7684\u662f\u822a\u6bcd\u6a21\u578b\u800c\u4e0d\u662f\u5b9e\u7269\u3002", "events": [], "arguments": {"loc": [], "time": [], "country": [], "weapon": []}}, {"sentence": "\u4f0a\u6717\u76f4\u5347\u673a\u53d1\u5c04\u5bfc\u5f39\u51fb\u4e2d\u4f5c\u4e3a\u6807\u9776\u7684\u822a\u6bcd\u6a21\u578b", "events": [], "arguments": {"loc": [], "time": [], "country": [], "weapon": []}}, {"sentence": "\u62a5\u9053\u79f0\uff0c\u8fd9\u8258\u822a\u6bcd\u6a21\u578b\u906d\u5230\u4e86\u4f0a\u6717\u7684\u7a7a\u4e2d\u706b\u529b\u6253\u51fb\uff0c\u5468\u56f4\u8fd8\u56f4\u7740\u4e00\u4e9b\u5feb\u8247\u3002", "events": [], "arguments": {"loc": [], "time": [], "country": [], "weapon": []}}, {"sentence": "\u636e\u6089\uff0c\u8fd9\u662f\u4f0a\u6717\u4f0a\u65af\u5170\u9769\u547d\u536b\u961f\u5927\u578b\u8054\u5408\u519b\u6f14\u7684\u6700\u540e\u4e00\u9879\u8bfe\u76ee\uff0c\u6f14\u4e60\u5728\u970d\u5c14\u6728\u5179\u6d77\u5ce1\u897f\u90e8\u4e3e\u884c\u3002", "events": [], "arguments": {"loc": [], "time": [], "country": [], "weapon": []}}, {"sentence": "\u6b64\u6b21\u6f14\u4e60\u7684\u4eae\u70b9\u4e4b\u4e00\u5c31\u662f\u6a21\u62df\u653b\u51fb\u822a\u6bcd\uff0c\u8fd9\u8258\u822a\u6bcd\u6a21\u578b\u4eff\u7167\u7f8e\u56fd\u6d77\u519b\u201c\u5c3c\u7c73\u5179\u201d\u7ea7\u822a\u6bcd\u5efa\u9020\uff0c\u7532\u677f\u4e0a\u8fd8\u505c\u653e\u7740\u8230\u8f7d\u673a\u6a21\u578b\u3002", "events": [], "arguments": {"loc": [], "time": [], "country": [], "weapon": []}}, {"sentence": "\u4f0a\u6717\u516c\u5e03\u7684\u753b\u9762\u663e\u793a\uff0c\u4e00\u67b6\u653b\u51fb\u76f4\u5347\u673a\u53d1\u5c04\u4e86\u4e00\u679a\u5bfc\u5f39\u653b\u51fb\u4e86\u201c\u822a\u6bcd\u201d\uff0c\u968f\u540e\u7a81\u51fb\u5c0f\u961f\u7d22\u964d\u767b\u8230\uff0c\u540c\u65f6\u5927\u6279\u6b66\u88c5\u5feb\u8247\u5c06\u201c\u822a\u6bcd\u201d\u56f4\u4f4f\u3002", "events": [], "arguments": {"loc": [], "time": [], "country": [], "weapon": []}}, {"sentence": "\u4f0a\u6717\u58eb\u5175\u642d\u4e58\u76f4\u5347\u673a\u767b\u4e0a\u201c\u7f8e\u56fd\u822a\u6bcd\u201d", "events": [], "arguments": {"loc": [], "time": [], "country": [], "weapon": []}}, {"sentence": "\u6f14\u4e60\u7684\u5185\u5bb9\u8fd8\u5305\u62ec\u5bfc\u5f39\u8bd5\u5c04\u3001\u9632\u7a7a\u4f5c\u6218\u7b49\u3002", "events": [], "arguments": {"loc": [], "time": [], "country": [], "weapon": []}}, {"sentence": "\u4f0a\u6717\u66fe\u57282015\u5e74\u4e3e\u884c\u8fc7\u7c7b\u4f3c\u7684\u6f14\u4e60\uff0c\u5f53\u65f6\u4e5f\u662f\u52a8\u7528\u4e86\u4e00\u8258\u5168\u5c3a\u5bf8\u7684\u822a\u6bcd\u6a21\u578b\u3002", "events": [], "arguments": {"loc": [], "time": [], "country": [], "weapon": []}}, {"sentence": "\u6765\u6e90\uff1a\u73af\u89c6\u9891/\u9a6c\u7d2b\u8587", "events": [], "arguments": {"loc": [], "time": [], "country": [], "weapon": []}}, {"sentence": "\u5bf9\u4e8e\u6b64\u6b21\u6a21\u62df\u6253\u51fb\u822a\u6bcd\u6f14\u4e60\uff0c\u7f8e\u5a92\u5728\u6570\u5929\u524d\u5c31\u201c\u9884\u62a5\u201d\u8fc7\u3002", "events": [], "arguments": {"loc": [], "time": [], "country": [], "weapon": []}}, {"sentence": "\u636e\u7f8e\u56fd\u5e7f\u64ad\u516c\u53f87\u670827\u65e5\u62a5\u9053\uff0c\u5728\u7f8e\u56fd\u4e0e\u4f0a\u6717\u5173\u7cfb\u7d27\u5f20\u4e4b\u9645\uff0c\u4f0a\u6717\u628a\u4e00\u8258\u4eff\u771f\u7f8e\u56fd\u822a\u6bcd\u62d6\u81f3\u970d\u5c14\u6728\u5179\u6d77\u5ce1\uff0c\u9884\u793a\u5176\u53ef\u80fd\u5c06\u4e3e\u884c\u5b9e\u5f39\u5c04\u51fb\u6f14\u4e60\u3002", "events": [], "arguments": {"loc": [], "time": [], "country": [], "weapon": []}}, {"sentence": "\u62a5\u9053\u79f0\uff0c\u8fd9\u4e2a\u822a\u6bcd\u6a21\u578b\u957f\u7ea6200\u7c73\uff0c\u5bbd\u7ea650\u7c73\uff0c\u4e0a\u9762\u642d\u8f7d\u670916\u67b6\u4eff\u771f\u6218\u6597\u673a\uff0c\u800c\u4e00\u8258\u771f\u7684\u201c\u5c3c\u7c73\u5179\u201d\u7ea7\u822a\u6bcd\u957f\u5ea6\u8d85\u8fc7300\u7c73\uff0c\u5bbd\u5ea6\u8d85\u8fc775\u7c73\u3002", "events": [], "arguments": {"loc": [], "time": [], "country": [], "weapon": []}}, {"sentence": "\u62a5\u9053\u8ba4\u4e3a\uff0c\u8fd1\u65e5\u4e00\u67b6\u7f8e\u56fdF-15\u6218\u6597\u673a\u5728\u53d9\u5229\u4e9a\u4e0a\u7a7a\u63a5\u8fd1\u4e00\u67b6\u4f0a\u6717\u9a6c\u6c49\u822a\u7a7a\u5ba2\u673a\uff0c\u9020\u6210\u5ba2\u673a\u4e0a\u4e00\u4e9b\u4e58\u5ba2\u53d7\u4f24\uff0c\u4f0a\u6717\u5373\u5c06\u4e3e\u884c\u7684\u8fd9\u573a\u6f14\u4e60\u5f88\u53ef\u80fd\u662f\u5bf9\u8fd9\u8d77\u4e8b\u4ef6\u7684\u56de\u5e94\u3002", "events": [], "arguments": {"loc": [], "time": [], "country": [], "weapon": []}}, {"sentence": "\u4f0a\u6717\u5feb\u8247\u5c06\u201c\u7f8e\u56fd\u822a\u6bcd\u201d\u56e2\u56e2\u56f4\u4f4f", "events": [], "arguments": {"loc": [], "time": [], "country": [], "weapon": []}}, {"sentence": "\u6765\u6e90\uff1a\u73af\u7403\u7f51/\u5f90\u7490\u660e", "events": [], "arguments": {"loc": [], "time": [], "country": [], "weapon": []}}]