[{"sentence": "\u65e5\u672c\u90fd\u6ca1\u6709\u201c\u5598\u606f\u201d\u673a\u4f1a\uff0c\u7f8e\u5a92\uff1a\u65e5\u672c\u6218\u673a\u53bb\u5e74\u7d27\u6025\u51fa\u52a8675\u6b21\u5e94\u5bf9\u4e2d\u56fd\u6218\u673a", "events": [], "arguments": {"loc": [], "time": [], "country": [], "weapon": []}}, {"sentence": "\u3010\u73af\u7403\u7f51\u62a5\u9053\u8bb0\u8005 \u5f90\u7490\u660e\u3011", "events": [], "arguments": {"loc": [], "time": [], "country": [], "weapon": []}}, {"sentence": "\u7f8e\u5a92\u62a5\u9053\u79f0\uff0c\u65e5\u672c\u6b63\u9762\u4e34\u8d8a\u6765\u8d8a\u5927\u7684\u7a7a\u4e2d\u538b\u529b\uff0c\u800c\u8fd9\u79cd\u538b\u529b\u4e3b\u8981\u6765\u81ea\u4e2d\u56fd\u3002", "events": [], "arguments": {"loc": [], "time": [], "country": [{"text": "\u65e5\u672c", "offset": 6, "length": 2}], "weapon": []}}, {"sentence": "\u4e2d\u56fd\u6218\u673a\u5728\u9891\u7e41\u7684\u51fa\u52a8\u8ba9\u65e5\u672c\u81ea\u536b\u961f\u90fd\u6ca1\u6709\u201c\u5598\u606f\u201d\u7684\u673a\u4f1a\u3002", "events": [], "arguments": {"loc": [], "time": [], "country": [], "weapon": []}}, {"sentence": "\u636eCNN\u7f51\u7ad97\u670829\u65e5\u62a5\u9053\uff0c\u65e5\u672c\u822a\u7a7a\u81ea\u536b\u961f\u6b63\u9762\u4e34\u7740\u6765\u81ea\u4e2d\u56fd\u7684\u201c\u6301\u7eed\u5f3a\u70c8\u201d\u7684\u538b\u529b\u3002", "events": [], "arguments": {"loc": [], "time": [{"text": "7\u670829\u65e5", "offset": 6, "length": 5}], "country": [], "weapon": []}}, {"sentence": "\u65e5\u672c\u6218\u6597\u673a\u98de\u884c\u5458\u57ce\u7530\u5b5d\u9053\u5728\u63a5\u6536\u91c7\u8bbf\u65f6\u8868\u793a\uff0c\u65e5\u672c\u6b63\u9762\u4e34\u8d8a\u6765\u8d8a\u5927\u7684\u7a7a\u4e2d\u538b\u529b\u3002", "events": [], "arguments": {"loc": [], "time": [], "country": [], "weapon": []}}, {"sentence": "\u800c\u6709\u5206\u6790\u4eba\u58eb\u8868\u793a\uff0c\u51e0\u4e4e\u6ca1\u6709\u5176\u4ed6\u56fd\u5bb6\u4f1a\u9762\u4e34\u8fd9\u79cd\u538b\u529b\u3002", "events": [], "arguments": {"loc": [], "time": [], "country": [], "weapon": []}}, {"sentence": "\u62a5\u9053\u79f0\uff0c\u65e5\u672c\u6218\u6597\u673a\u98de\u884c\u5458\u6bcf\u5929\u81f3\u5c11\u4f1a\u63a5\u5230\u4e24\u6b21\u8b66\u62a5\uff0c\u4ed6\u4eec\u4ece\u6218\u5907\u5ba4\u7684\u5ea7\u4f4d\u4e0a\u8df3\u8d77\u6765\uff0c\u5954\u5411\u6218\u6597\u673a\uff0c\u7136\u540e\u547c\u5578\u7740\u8d77\u98de\uff0c\u51c6\u5907\u62e6\u622a\u53ef\u80fd\u5165\u4fb5\u65e5\u672c\u9886\u7a7a\u7684\u4e0d\u660e\u8eab\u4efd\u76ee\u6807\u3002", "events": [], "arguments": {"loc": [], "time": [], "country": [], "weapon": []}}, {"sentence": "\u4ece\u53bb\u5e743\u6708\u5230\u4eca\u5e743\u6708\uff0c\u65e5\u672c\u822a\u7a7a\u81ea\u536b\u961f\u4e00\u5171\u7d27\u6025\u51fa\u52a8947\u6b21\uff0c\u800c\u5176\u4e2d\u5927\u591a\u6570\u60c5\u51b5\u662f\u4e3a\u4e86\u5e94\u5bf9\u4e2d\u56fd\u6218\u673a\u3002", "events": [], "arguments": {"loc": [], "time": [], "country": [], "weapon": []}}, {"sentence": "\u57ce\u7530\u5b5d\u9053\u8868\u793a\uff0c\u6f5c\u5728\u7684\u5165\u4fb5\u9886\u7a7a\u5a01\u80c1\u6b63\u5728\u589e\u52a0\u3002", "events": [], "arguments": {"loc": [], "time": [], "country": [], "weapon": []}}, {"sentence": "\u4ed6\u8bf4\uff1a\u201c\u5728\u8fc7\u53bb\u5341\u5e74\uff0c\u822a\u7a7a\u81ea\u536b\u961f\u9488\u5bf9\u4fb5\u72af\u9886\u7a7a\u4e8b\u4ef6\u7684\u7d27\u6025\u884c\u52a8\u8fc5\u901f\u589e\u52a0\uff0c\u5c24\u5176\u662f\u5728\u65e5\u672c\u897f\u5357\u65b9\u5411\u7a7a\u57df\u3002", "events": [], "arguments": {"loc": [], "time": [], "country": [], "weapon": []}}, {"sentence": "\u201d\u201c\u65e5\u672c\u81ea\u536b\u961f\u6bcf\u5e74\u5927\u7ea670%\u7684\u7d27\u6025\u51fa\u52a8\u90fd\u662f\u5728\u8fd9\u4e00\u533a\u57df\u8fdb\u884c\u7684\u3002", "events": [], "arguments": {"loc": [], "time": [], "country": [], "weapon": []}}, {"sentence": "\u201d", "events": [], "arguments": {"loc": [], "time": [], "country": [], "weapon": []}}, {"sentence": "\u62a5\u9053\u5f3a\u8c03\uff0c\u65e5\u672c\u897f\u5357\u6d77\u57df\u6709\u9493\u9c7c\u5c9b\uff08\u65e5\u79f0\u5c16\u9601\u8bf8\u5c9b\uff09\uff0c\u8fd8\u6709\u7f8e\u56fd\u7a7a\u519b\u5609\u624b\u7eb3\u57fa\u5730\u6240\u5728\u5730\u51b2\u7ef3\uff0c\u8be5\u57fa\u5730\u88ab\u7f8e\u519b\u79f0\u4e3a\u201c\u592a\u5e73\u6d0b\u7684\u57fa\u77f3\u201d\u3002", "events": [], "arguments": {"loc": [], "time": [], "country": [], "weapon": []}}, {"sentence": "\u4eca\u5e743\u6708\uff0c\u65e5\u672c\u9632\u536b\u7701\u516c\u5e03\u4e86\u4e00\u5f20\u4e2d\u4fc4\u6218\u673a\u98de\u884c\u8def\u7ebf\u7684\u5730\u56fe\uff0c\u4e2d\u56fd\u6218\u673a\u7684\u822a\u7ebf\u7528\u7ea2\u8272\u6807\u51fa\uff0c\u8fd9\u4e9b\u7ea2\u8272\u7684\u8f68\u8ff9\u94fa\u6ee1\u4e86\u4e1c\u6d77\u4e0a\u7a7a\u3002", "events": [], "arguments": {"loc": [], "time": [], "country": [], "weapon": []}}, {"sentence": "\u4f46CNN\u540c\u65f6\u4e5f\u8868\u793a\uff0c\u4e2d\u56fd\u6218\u673a\u7684\u6d3b\u52a8\u5e76\u672a\u8fdd\u53cd\u56fd\u9645\u6cd5\u3002", "events": [], "arguments": {"loc": [], "time": [], "country": [], "weapon": []}}, {"sentence": "\u5728\u4e0a\u4e00\u8d22\u653f\u5e74\u5ea6\uff0c\u65e5\u672c\u6218\u6597\u673a\u5728\u4e2d\u56fd\u6218\u673a\u540e\u7d27\u6025\u51fa\u52a8\u4e86675\u67b6\u6b21\uff0c\u4f46\u5176\u4e2d\u6ca1\u6709\u4efb\u4f55\u4e00\u6b21\u51fa\u73b0\u4e2d\u56fd\u98de\u673a\u98de\u5165\u56fd\u9645\u516c\u8ba4\u768412\u6d77\u91cc\u9886\u6d77\u7a7a\u57df\u8303\u56f4\u3002", "events": [], "arguments": {"loc": [], "time": [], "country": [], "weapon": []}}, {"sentence": "\u4f46\u65e5\u672c\u65b9\u9762\u8868\u793a\uff0c\u4e2d\u56fd\u6218\u673a\u7ecf\u5e38\u98de\u5165\u5176\u9632\u7a7a\u8bc6\u522b\u533a\u3002", "events": [], "arguments": {"loc": [], "time": [], "country": [], "weapon": []}}, {"sentence": "\u73b0\u4efb\u65e5\u672c\u822a\u7a7a\u81ea\u536b\u961f\u7b2c204\u6218\u672f\u98de\u884c\u4e2d\u961f\u6307\u6325\u5b98\u7684\u57ce\u7530\u5b5d\u9053\u8868\u793a\uff0c\u4ed6\u7684\u961f\u5458\u4eec\u4e00\u5e74365\u5929\u6bcf\u592924\u5c0f\u65f6\u90fd\u5904\u4e8e\u8b66\u6212\u72b6\u6001\uff0c\u5c3d\u7ba1\u6ca1\u6709\u53d1\u751f\u4e2d\u56fd\u98de\u673a\u5165\u4fb5\u9886\u7a7a\u7684\u4e8b\u4ef6\uff0c\u4f46\u8fd9\u4e00\u76f4\u662f\u4e00\u9879\u7d27\u5f20\u7684\u5de5\u4f5c\u3002", "events": [], "arguments": {"loc": [], "time": [], "country": [], "weapon": []}}, {"sentence": "\u4ed6\u8bf4\uff1a\u201c\u56e0\u4e3a\u6211\u4eec\u6c38\u8fdc\u4e0d\u77e5\u9053\uff0c\u4e00\u65e6\u98de\u4e0a\u5929\u7a7a\uff0c\u6211\u4eec\u5c06\u8981\u9762\u5bf9\u4ec0\u4e48\u3002", "events": [], "arguments": {"loc": [], "time": [], "country": [], "weapon": []}}, {"sentence": "\u6211\u4eec\u53ef\u80fd\u4f1a\u770b\u5230\u4ed6\u4eec\uff08\u4e2d\u56fd\u6218\u673a\uff09\u79bb\u5f00\uff0c\u6216\u8005\u4f1a\u53d1\u751f\u5bf9\u5cd9\u3002", "events": [], "arguments": {"loc": [], "time": [], "country": [], "weapon": []}}, {"sentence": "\u201d", "events": [], "arguments": {"loc": [], "time": [], "country": [], "weapon": []}}, {"sentence": "\u62a5\u9053\u79f0\uff0c\u6ca1\u6709\u54ea\u4e2a\u897f\u65b9\u56fd\u5bb6\u7684\u7a7a\u519b\u80fd\u5728\u5e94\u5bf9\u6f5c\u5728\u5a01\u80c1\u7d27\u6025\u8d77\u98de\u7684\u6b21\u6570\u4e0a\u4e0e\u65e5\u672c\u76f8\u6bd4\uff0c\u53bb\u5e74\u6b27\u76df27\u4e2a\u6210\u5458\u56fd\u7a7a\u519b\u8fdb\u884c\u7684\u62e6\u622a\u98de\u884c\u603b\u6570\u8fd8\u4e0d\u5230\u65e5\u672c\u4e00\u534a\u3002", "events": [], "arguments": {"loc": [], "time": [], "country": [], "weapon": []}}, {"sentence": "\u5317\u7ea6\u7a7a\u519b\u516c\u5171\u4e8b\u52a1\u8d1f\u8d23\u4eba\u8fc8\u514b\u5c14\u4e2d\u6821\u5411CNN\u8868\u793a\uff1a\u201c\u6211\u53ef\u4ee5\u544a\u8bc9\u4f60\uff0c\u57282019\u5e74\u671f\u95f4\uff0c\u5317\u7ea6\u6218\u673a\u5927\u7ea6430\u6b21\u62e6\u622a\u6216\u89c6\u89c9\u8bc6\u522b\u4e86\u4e0d\u660e\u8eab\u4efd\u7684\u98de\u673a\uff0c\u8fd9\u4e9b\u98de\u673a\u5f53\u65f6\u6b63\u63a5\u8fd1\u5317\u7ea6\u9886\u7a7a\u3002", "events": [], "arguments": {"loc": [], "time": [], "country": [], "weapon": []}}, {"sentence": "\u201d", "events": [], "arguments": {"loc": [], "time": [], "country": [], "weapon": []}}, {"sentence": "\u5317\u7f8e\u9632\u7a7a\u53f8\u4ee4\u90e8\u7684\u53d1\u8a00\u4eba\u5361\u6885\u4f26\u00b7\u5e0c\u5229\u5c14\u8868\u793a\uff0c\u81ea2007\u5e74\u4ee5\u6765\uff0c\u5317\u7f8e\u9632\u7a7a\u53f8\u4ee4\u90e8\u6307\u6325\u7684\u7f8e\u56fd\u548c\u52a0\u62ff\u5927\u6218\u6597\u673a\u5e73\u5747\u6bcf\u5e74\u62e6\u622a\u4fc4\u7f57\u65af\u98de\u673a\u7684\u6b21\u6570\u4ec5\u4e3a7\u6b21\uff0c\u751a\u81f3\u6709\u4e9b\u5e74\u5934\u7f8e\u56fd\u548c\u52a0\u62ff\u5927\u7684\u6218\u6597\u673a\u6839\u672c\u4e0d\u7528\u7d27\u6025\u8d77\u98de\u3002", "events": [], "arguments": {"loc": [], "time": [], "country": [], "weapon": []}}, {"sentence": "\u4f46\u65e5\u672c\u6ca1\u6709\u8fd9\u6837\u7684\u201c\u5598\u606f\u201d\u673a\u4f1a\uff0c\u5373\u4fbf\u662f\u5728\u5317\u7f8e\u9632\u7a7a\u53f8\u4ee4\u90e8\u7d27\u6025\u8d77\u98de\u6b21\u6570\u6700\u5c11\u76842009\u5e74\uff0c\u65e5\u672c\u6218\u6597\u673a\u7d27\u6025\u5347\u7a7a\u4e86200\u591a\u6b21\u3002", "events": [], "arguments": {"loc": [], "time": [], "country": [], "weapon": []}}, {"sentence": "\u524d\u6fb3\u5927\u5229\u4e9a\u7687\u5bb6\u7a7a\u519b\u98de\u884c\u5458\u3001\u73b0\u5c31\u804c\u4e8e\u683c\u91cc\u83f2\u65af\u4e9a\u6d32\u7814\u7a76\u6240\u7684\u5206\u6790\u5e08\u5f7c\u5f97\u00b7\u83b1\u987f\u8868\u793a\uff0c\u53bb\u5e74\u4e00\u7bc7\u53d1\u5e03\u5728\u7f51\u7edc\u4e0a\u7684\u8bc4\u8bba\u6587\u7ae0\u4e2d\uff0c\u8be6\u7ec6\u63cf\u8ff0\u4e86\u4e2d\u56fd\u6218\u673a\u7684\u8fdc\u822a\u98de\u884c\u80fd\u529b\uff0c\u4ee5\u53ca\u4e2d\u56fd\u5982\u4f55\u6709\u80fd\u529b\u5c06\u65e5\u672c\u63a8\u5230\u65e5\u672c\u53ef\u80fd\u65e0\u6cd5\u5230\u8fbe\u7684\u6781\u9650\u3002", "events": [], "arguments": {"loc": [], "time": [], "country": [], "weapon": []}}, {"sentence": "\u4ed6\u8bf4\uff1a\u201c\u65e5\u672c\u81ea\u536b\u961f\u7684215\u67b6F-15J\u6218\u6597\u673a\u5728\u7d27\u6025\u4efb\u52a1\u4e2d\u9996\u5148\u53d7\u5230\u5f71\u54cd\u3002", "events": [], "arguments": {"loc": [], "time": [], "country": [], "weapon": []}}, {"sentence": "\u201d\u201c\u81ea2016\u5e74\u4ee5\u6765\uff0c\u65e5\u672c\u81ea\u536b\u961f\u901a\u5e38\u5728\u6bcf\u6b21\u7d27\u6025\u8d77\u98de\u65f6\u51fa\u52a84\u67b6\u6218\u6597\u673a\u3002", "events": [], "arguments": {"loc": [], "time": [], "country": [], "weapon": []}}, {"sentence": "\u201d\u201c\u8fd9\u4e9b\u65e5\u5e38\u9891\u7e41\u7684\u7d27\u6025\u8d77\u98de\u4efb\u52a1\u6b63\u5728\u9010\u6e10\u8017\u5c3d\u65e5\u672c\u7684F-15J\u673a\u7fa4\uff0c\u4ee4\u4eba\u62c5\u5fe7\u7684\u662f\u4e2d\u56fd\u62e5\u6709\u7684\u6218\u6597\u673a\u6570\u91cf\u662f\u65e5\u672c\u81ea\u536b\u961f\u76846\u500d\uff0c\u53ea\u8981\u4e2d\u56fd\u8ba4\u4e3a\u5408\u9002\uff0c\u5c31\u53ef\u80fd\u8fdb\u4e00\u6b65\u52a0\u5927\u98de\u884c\u529b\u5ea6\u3002", "events": [], "arguments": {"loc": [], "time": [], "country": [], "weapon": []}}, {"sentence": "\u65e5\u672cF-15J\u673a\u961f\u7684\u670d\u5f79\u5e74\u9650\u73b0\u5728\u51e0\u4e4e\u53d6\u51b3\u4e8e\u4e2d\u56fd\u3002", "events": [], "arguments": {"loc": [], "time": [], "country": [], "weapon": []}}, {"sentence": "\u201d", "events": [], "arguments": {"loc": [], "time": [], "country": [], "weapon": []}}, {"sentence": "\u4e0d\u8fc7\u83b1\u987f\u544a\u8bc9CNN\uff0c\u4e1c\u4eac\u4e0d\u80fd\u8ba9\u6b65\u3002", "events": [], "arguments": {"loc": [], "time": [], "country": [], "weapon": []}}, {"sentence": "\u4ed6\u8bf4\uff1a\u201c\u65e5\u672c\u4eba\u8ba4\u4e3a\u4ed6\u4eec\u6bcf\u6b21\u90fd\u9700\u8981\u4f5c\u51fa\u56de\u5e94\uff0c\u5426\u5219\u53ef\u80fd\u4f1a\u88ab\u89e3\u8bfb\u4e3a\u6ca1\u6709\u52aa\u529b\u5730\u5b88\u62a4\u9886\u571f\u3002", "events": [], "arguments": {"loc": [], "time": [], "country": [], "weapon": []}}, {"sentence": "\u201d\u65e5\u672c\u9632\u536b\u7701\u7684\u4e00\u540d\u5b98\u5458\u8bf4\uff0c\u4e00\u65e6\u4e2d\u56fd\u6218\u673a\u4ece\u4e2d\u56fd\u5927\u9646\u8d77\u98de\uff0c\u65e5\u672c\u6218\u6597\u673a\u5c31\u5f00\u59cb\u7d27\u6025\u884c\u52a8\u3002", "events": [], "arguments": {"loc": [], "time": [], "country": [], "weapon": []}}, {"sentence": "\u6b64\u524d\u4ed6\u4eec\u4e00\u76f4\u7b49\u5230\u4e2d\u56fd\u6218\u673a\u98de\u5411\u65e5\u672c\u9886\u7a7a\u65f6\u624d\u51fa\u52a8\u3002", "events": [], "arguments": {"loc": [], "time": [], "country": [], "weapon": []}}, {"sentence": "\u5728\u65e5\u672c2020\u5e74\u53d1\u5e03\u7684\u56fd\u9632\u767d\u76ae\u4e66\u4e2d\uff0c\u65e5\u672c\u8868\u793a\uff1a\u201c\u4eca\u5e74\u6765\uff0c\u4e2d\u56fd\u6d77\u7a7a\u519b\u6269\u5927\u548c\u52a0\u5f3a\u4e86\u5728\u65e5\u672c\u5468\u8fb9\u6d77\u7a7a\u57df\u7684\u6d3b\u52a8\u201d\u3002", "events": [], "arguments": {"loc": [{"text": "\u65e5\u672c\u5468\u8fb9\u6d77\u7a7a\u57df", "offset": 40, "length": 7}], "time": [], "country": [], "weapon": []}}, {"sentence": "\u8fd9\u4efd\u767d\u76ae\u4e66\u63d0\u5230\u4e86\u65e5\u672c\u6b63\u5728\u91c7\u53d6\u7684\u5e94\u5bf9\u6311\u6218\u7684\u63aa\u65bd\uff0c\u6bd4\u5982\u6b63\u5728\u7814\u53d1\u7684F-3\u9690\u5f62\u6218\u6597\u673a\u3002", "events": [{"trigger": {"text": "\u7814\u53d1", "offset": 27, "length": 2}, "subject": {"text": "\u65e5\u672c", "offset": 8, "length": 2}, "object": {"text": "F-3\u9690\u5f62\u6218\u6597\u673a", "offset": 30, "length": 8}}], "arguments": {"loc": [], "time": [], "country": [], "weapon": [{"text": "F-3\u9690\u5f62\u6218\u6597\u673a", "offset": 30, "length": 8}]}}, {"sentence": "\u65e5\u672c\u4e5f\u5f00\u59cb\u63a5\u88c5\u7f8e\u56fd\u7814\u5236\u7684F-35\u6218\u6597\u673a\uff0c\u8fd9\u79cd\u6218\u6597\u673a\u88ab\u8ba4\u4e3a\u80fd\u591f\u4e0e\u4e2d\u56fd\u76ee\u524d\u7684\u6700\u5f3a\u6218\u6597\u673a\u5339\u654c\uff0c\u751a\u81f3\u66f4\u597d\u3002", "events": [], "arguments": {"loc": [], "time": [], "country": [], "weapon": []}}, {"sentence": "\u4e0d\u8fc7CNN\u4e5f\u6307\u51fa\uff0c\u73b0\u5728\u8ddd\u79bbF-3\u6218\u6597\u673a\u7684\u6b63\u5f0f\u91cf\u4ea7\u8fd8\u5c1a\u9700\u65f6\u65e5\uff0c\u800c\u76ee\u524d\u65e5\u672c\u62e5\u6709\u7684F-35\u6218\u6597\u673a\u6570\u91cf\u4e5f\u4e0d\u4f1a\u5bf9\u4e2d\u56fd\u7684\u4f18\u52bf\u6709\u592a\u5927\u524a\u5f31\u3002", "events": [], "arguments": {"loc": [], "time": [], "country": [], "weapon": []}}]