[{"sentence": "\u82ac\u5170\u79f0\u906d\u4fc4\u7f57\u65af\u82cf-27\u6218\u6597\u673a\u5165\u4fb5\u9886\u7a7a\u00a0\u4fc4\u519b\u6de1\u5b9a\u56de\u5e94", "events": [], "arguments": {"loc": [], "time": [], "country": [], "weapon": []}}, {"sentence": "\u3010\u73af\u7403\u7f51\u519b\u4e8b\u62a5\u9053\u3011", "events": [], "arguments": {"loc": [], "time": [], "country": [], "weapon": []}}, {"sentence": "\u4fc4\u7f57\u65af\u536b\u661f\u901a\u8baf\u793e7\u670828\u65e5\u62a5\u9053\u79f0\uff0c\u82ac\u5170\u56fd\u9632\u90e8\u5f53\u5929\u8868\u793a\uff0c\u4e24\u67b6\u4fc4\u7f57\u65af\u82cf-27\u6218\u6597\u673a\u6d89\u5acc\u4fb5\u72af\u82ac\u5170\u9886\u7a7a\u3002", "events": [{"trigger": {"text": "\u4fb5\u72af", "offset": 41, "length": 2}, "subject": {"text": "\u4e24\u67b6\u4fc4\u7f57\u65af\u82cf-27\u6218\u6597\u673a", "offset": 27, "length": 12}, "object": {"text": "\u82ac\u5170\u9886\u7a7a", "offset": 43, "length": 4}}], "arguments": {"loc": [{"text": "\u82ac\u5170", "offset": 43, "length": 2}], "time": [{"text": "7\u670828\u65e5", "offset": 8, "length": 5}], "country": [{"text": "\u4fc4\u7f57\u65af", "offset": 29, "length": 3}], "weapon": [{"text": "\u82cf-27\u6218\u6597\u673a", "offset": 32, "length": 7}]}}, {"sentence": "\u82ac\u5170\u56fd\u9632\u90e8\u8868\u793a\uff1a\u201c7\u670828\u65e5\uff0c\u4e24\u67b6\u4fc4\u7f57\u65af\u82cf-27\u6218\u6597\u673a\u6d89\u5acc\u4fb5\u72af\u82ac\u5170\u9886\u7a7a\u3002", "events": [], "arguments": {"loc": [], "time": [], "country": [], "weapon": []}}, {"sentence": "\u7591\u4f3c\u4fb5\u72af\u884c\u4e3a\u53d1\u751f\u4e8e\u5f53\u65e514\u65f6\u5de6\u53f3\uff0c\u4f4d\u7f6e\u5728\u8d6b\u5c14\u8f9b\u57fa\u9644\u8fd1\u7684\u82ac\u5170\u6e7e\u3002", "events": [], "arguments": {"loc": [], "time": [], "country": [], "weapon": []}}, {"sentence": "\u201d\u82ac\u5170\u8fb9\u9632\u90e8\u961f\u6b63\u5728\u5bf9\u8be5\u8d77\u4e8b\u4ef6\u8fdb\u884c\u8c03\u67e5\u3002", "events": [], "arguments": {"loc": [], "time": [], "country": [], "weapon": []}}, {"sentence": "\u968f\u540e\uff0c\u4fc4\u7f57\u65af\u519b\u65b9\u5bf9\u6b64\u8fdb\u884c\u4e86\u56de\u5e94\u3002", "events": [], "arguments": {"loc": [], "time": [], "country": [], "weapon": []}}, {"sentence": "\u4fc4\u7f57\u65af\u56fd\u9632\u90e8\u4fe1\u606f\u548c\u5927\u4f17\u4f20\u5a92\u53f8\u5f53\u5929\u53d1\u5e03\u6d88\u606f\u79f0\uff0c\u4fc4\u7f57\u65af\u6d77\u519b\u822a\u7a7a\u51754\u67b6\u82cf-27\u6218\u673a\u6309\u7167\u8ba1\u5212\u4ece\u5361\u7d2f\u5229\u963f\u8fdb\u9a7b\u5230\u52a0\u91cc\u5b81\u683c\u52d2\uff0c\u8f6c\u573a\u671f\u95f4\u5e76\u672a\u4fb5\u72af\u4ed6\u56fd\u8fb9\u754c\u3002", "events": [], "arguments": {"loc": [], "time": [], "country": [], "weapon": []}}, {"sentence": "\u4fc4\u519b\u65b9\u5728\u6d88\u606f\u4e2d\u8bf4\uff1a\u201c7\u670828\u65e5\uff0c\u4fc4\u7f57\u65af\u6d77\u519b\u822a\u7a7a\u51754\u67b6\u82cf-27\u6218\u673a\u6309\u7167\u8ba1\u5212\u4ece\u5361\u7d2f\u5229\u963f\u5171\u548c\u56fd\u8fdb\u9a7b\u5230\u52a0\u91cc\u5b81\u683c\u52d2\u201d\u3002", "events": [], "arguments": {"loc": [], "time": [], "country": [], "weapon": []}}, {"sentence": "\u8f6c\u573a\u98de\u884c\u6309\u7167\u65e2\u5b9a\u8def\u7ebf\u6267\u884c\uff0c\u98de\u884c\u671f\u95f4\u673a\u7ec4\u4eba\u5458\u4e0e\u7a7a\u7ba1\u4e00\u76f4\u4fdd\u6301\u7740\u8054\u7cfb\u3002", "events": [], "arguments": {"loc": [], "time": [], "country": [], "weapon": []}}, {"sentence": "\u4fc4\u7f57\u65af\u56fd\u9632\u90e8\u8868\u793a\uff0c\u4fc4\u519b\u6218\u673a\u5728\u98de\u884c\u671f\u95f4\u4e25\u683c\u9075\u5b88\u4e86\u56fd\u9645\u7a7a\u57df\u4f7f\u7528\u89c4\u5b9a\uff0c\u6ca1\u6709\u4fb5\u72af\u4ed6\u56fd\u8fb9\u754c\uff0c\u8fd9\u70b9\u98de\u53c2\u6570\u636e\u80fd\u591f\u8bc1\u5b9e\u3002", "events": [], "arguments": {"loc": [], "time": [], "country": [], "weapon": []}}]