[{"sentence": "\u5370\u5ea6\u8ba1\u5212\u8d2d\u4e70\u201c\u94c1\u9524\u201d\u5bfc\u5f39\u88c5\u5907\u201c\u9635\u98ce\u201d\u6218\u673a\u00a0\u00a0\u53ef\u4ee5\u6253\u51fb\u4f4d\u4e8e\u5c71\u533a\u7684\u575a\u56fa\u76ee\u6807", "events": [], "arguments": {"loc": [], "time": [], "country": [], "weapon": []}}, {"sentence": "\u3010\u73af\u7403\u7f51\u62a5\u9053 \u89c1\u4e60\u8bb0\u8005 \u9a6c\u5ca9\u3011", "events": [], "arguments": {"loc": [], "time": [], "country": [], "weapon": []}}, {"sentence": "\u636e\u201c\u6218\u6597\u673a\u4e16\u754c\u201d\u7f51\u7ad97\u670825\u65e5\u62a5\u9053\uff0c\u5370\u5ea6\u6b63\u8ba1\u5212\u8d2d\u4e70\u201c\u94c1\u9524\u201d\u7a7a\u5bf9\u5730\u5bfc\u5f39\uff0c\u4ee5\u589e\u5f3a\u4ece\u6cd5\u56fd\u8fdb\u53e3\u7684\u201c\u9635\u98ce\u201d\u6218\u6597\u673a\u7684\u6253\u51fb\u80fd\u529b\u3002", "events": [{"trigger": {"text": "\u8d2d\u4e70", "offset": 23, "length": 2}, "subject": {"text": "\u5370\u5ea6", "offset": 18, "length": 2}, "object": {"text": "\u201c\u94c1\u9524\u201d\u7a7a\u5bf9\u5730\u5bfc\u5f39", "offset": 25, "length": 9}}], "arguments": {"loc": [], "time": [{"text": "7\u670825\u65e5", "offset": 10, "length": 5}], "country": [{"text": "\u5370\u5ea6", "offset": 18, "length": 2}], "weapon": [{"text": "\u201c\u94c1\u9524\u201d\u7a7a\u5bf9\u5730\u5bfc\u5f39", "offset": 25, "length": 9}, {"text": "\u201c\u9635\u98ce\u201d\u6218\u6597\u673a", "offset": 44, "length": 7}]}}, {"sentence": "\u62a5\u9053\u63f4\u5f15\u5370\u5ea6\u653f\u5e9c\u5b98\u5458\u7684\u8bdd\u8bf4\uff0c\u5370\u5ea6\u8d2d\u4e70\u201c\u94c1\u9524\u201d\u5bfc\u5f39\u7684\u8ba2\u5355\u6b63\u5728\u5904\u7406\u8fc7\u7a0b\u4e2d\uff0c\u800c\u6cd5\u56fd\u653f\u5e9c\u5df2\u7ecf\u540c\u610f\u63d0\u4f9b\u8fd9\u79cd\u5bfc\u5f39\u3002", "events": [], "arguments": {"loc": [{"text": "\u5370\u5ea6", "offset": 14, "length": 2}], "time": [], "country": [], "weapon": []}}, {"sentence": "\u201c\u94c1\u9524\u201d\u662f\u4e00\u6b3e\u4e2d\u7a0b\u7a7a\u5bf9\u5730\u5bfc\u5f39\uff0c\u5b83\u53ef\u4ee5\u7cbe\u786e\u6253\u51fb\u5305\u62ec\u5c71\u533a\u5728\u5185\u7684\u5404\u79cd\u5730\u5f62\u7684\u7889\u5821\u548c\u575a\u56fa\u63a9\u4f53\u3002", "events": [], "arguments": {"loc": [], "time": [], "country": [], "weapon": []}}, {"sentence": "\u9996\u62795\u67b6\u201c\u9635\u98ce\u201d\u6218\u6597\u673a\u5c06\u4e8e7\u670829\u65e5\u4ece\u6cd5\u56fd\u98de\u62b5\u5370\u5ea6\uff0c\u8fd9\u4e9b\u6218\u6597\u673a\u5c06\u643a\u5e26\u201c\u65af\u5361\u666e\u201d\u5de1\u822a\u5bfc\u5f39\u548c\u201c\u6d41\u661f\u201d\u7a7a\u5bf9\u7a7a\u5bfc\u5f39\u3002", "events": [], "arguments": {"loc": [], "time": [], "country": [], "weapon": []}}, {"sentence": "2016\u5e749\u6708\uff0c\u5370\u5ea6\u4e0e\u6cd5\u56fd\u8fbe\u6210\u534f\u8bae\uff0c\u4ee56000\u4ebf\u5362\u6bd4\u7684\u4ef7\u683c\u4ece\u6cd5\u56fd\u8d2d\u4e70\u4e8636\u67b6\u201c\u9635\u98ce\u201d\u6218\u6597\u673a\u3002", "events": [], "arguments": {"loc": [], "time": [], "country": [], "weapon": []}}]