[{"sentence": "\u6b7c-15\u8230\u8f7d\u673a\u591c\u95f4\u7a7a\u4e2d\u52a0\u6cb9", "events": [], "arguments": {"loc": [], "time": [], "country": [], "weapon": []}}, {"sentence": "\u8fd1\u65e5\uff0c\u6d77\u519b\u8230\u8f7d\u822a\u7a7a\u5175\u67d0\u90e8\u6b7c-15\u8230\u8f7d\u6218\u6597\u673a\u6210\u529f\u5b8c\u6210\u591c\u95f4\u7a7a\u4e2d\u4f19\u4f34\u52a0\u6cb9\uff0c\u90e8\u961f\u5168\u5929\u5019\u4f5c\u6218\u80fd\u529b\u548c\u5b9e\u6218\u5316\u8bad\u7ec3\u6c34\u5e73\u5f97\u5230\u5b9e\u9645\u68c0\u9a8c\u548c\u6709\u6548\u63d0\u5347\u3002", "events": [], "arguments": {"loc": [], "time": [], "country": [], "weapon": [{"text": "\u6b7c-15\u8230\u8f7d\u6218\u6597\u673a", "offset": 12, "length": 9}]}}, {"sentence": "\uff08\u603b\u53f0\u592e\u89c6\u8bb0\u8005 \u5218\u5c11\u4f1f \u8d75\u8fb0\u4e1c \u5218\u6c38\u537f \u5b8b\u5949\u6d0b \u5f20\u4ed8\u534e \u4faf\u7235\uff09", "events": [], "arguments": {"loc": [], "time": [], "country": [], "weapon": []}}, {"sentence": "\uff08\u603b\u53f0\u592e\u89c6\u8bb0\u8005 \u5218\u5c11\u4f1f \u8d75\u8fb0\u4e1c \u5218\u6c38\u537f \u5b8b\u5949\u6d0b \u5f20\u4ed8\u534e \u4faf\u7235\uff09", "events": [], "arguments": {"loc": [], "time": [], "country": [], "weapon": []}}]