[{"sentence": "\u97e9\u56fd\u9646\u519b\u9000\u5f79\u7f8e\u5236UH-1H\u76f4\u5347\u673a\u00a0\u00a0\u53d6\u4e4b\u4ee5\u81ea\u4e3b\u7814\u5236\u673a\u578b", "events": [], "arguments": {"loc": [], "time": [], "country": [{"text": "\u97e9\u56fd", "offset": 0, "length": 2}], "weapon": []}}, {"sentence": "\u3010\u73af\u7403\u7f51\u62a5\u9053 \u89c1\u4e60\u8bb0\u8005 \u9a6c\u5ca9\u3011", "events": [], "arguments": {"loc": [], "time": [], "country": [], "weapon": []}}, {"sentence": "\u636e\u201c\u9632\u52a1\u4e16\u754c\u201d\u7f51\u7ad97\u670827\u65e5\u62a5\u9053\uff0c\u97e9\u56fd\u9646\u519b\u65e5\u524d\u9000\u5f79\u4e865\u67b6\u5df2\u6709\u51e0\u5341\u5e74\u673a\u9f84\u7684\u7f8e\u5236UH-1H\u76f4\u5347\u673a\uff0c\u5e76\u7528\u81ea\u4e3b\u7814\u5236\u7684\u201c\u5b8c\u7f8e\u96c4\u9e70\u201d\u76f4\u5347\u673a\u53d6\u800c\u4ee3\u4e4b\u3002", "events": [{"trigger": {"text": "\u7814\u5236", "offset": 51, "length": 2}, "subject": {"text": "\u97e9\u56fd\u9646\u519b", "offset": 17, "length": 4}, "object": {"text": "\u201c\u5b8c\u7f8e\u96c4\u9e70\u201d\u76f4\u5347\u673a", "offset": 54, "length": 9}}], "arguments": {"loc": [{"text": "\u97e9\u56fd", "offset": 17, "length": 2}], "time": [{"text": "7\u670827\u65e5", "offset": 9, "length": 5}], "country": [], "weapon": [{"text": "UH-1H\u76f4\u5347\u673a", "offset": 38, "length": 8}]}}, {"sentence": "\u62a5\u9053\u79f0\uff0c\u97e9\u56fd\u9646\u519b\u66fe\u62e5\u6709\u8fc7129\u67b6UH-1H\u76f4\u5347\u673a\u670d\u5f79\uff0c\u5b83\u4eec\u603b\u8ba1\u98de\u884c\u8fc7792000\u5c0f\u65f6\u548c1.46\u4ebf\u516c\u91cc\u3002", "events": [], "arguments": {"loc": [], "time": [], "country": [], "weapon": []}}, {"sentence": "\u636e\u4ecb\u7ecd\uff0cKUH-1\u201c\u5b8c\u7f8e\u96c4\u9e70\u201d\u7531\u97e9\u56fd\u822a\u7a7a\u822a\u5929\u5de5\u4e1a\u96c6\u56e2\u548c\u6b27\u6d32\u76f4\u5347\u673a\u516c\u53f8\u8054\u5408\u7814\u5236\uff0c\u5b83\u53ef\u4ee5\u6267\u884c\u591a\u79cd\u4efb\u52a1\uff0c\u5305\u62ec\u6b66\u529b\u6253\u51fb\u3001\u641c\u6551\u3001\u8fd0\u8f93\u3001\u8054\u7edc\u548c\u64a4\u79bb\u4f24\u5458\uff0c\u5b83\u53ef\u4ee5\u642d\u8f7d\u4e3b\u526f\u98de\u884c\u5458\u3001\u4e24\u540d\u673a\u67aa\u624b\u548c\u4e5d\u540d\u58eb\u5175\u3002", "events": [], "arguments": {"loc": [], "time": [], "country": [], "weapon": [{"text": "KUH-1\u201c\u5b8c\u7f8e\u96c4\u9e70\u201d", "offset": 4, "length": 11}]}}, {"sentence": "\u8be5\u578b\u76f4\u5347\u673a\u88c5\u5907\u6709\u60ef\u6027\u5bfc\u822a\u7cfb\u7edf\u3001\u5168\u7403\u5b9a\u4f4d\u7cfb\u7edf\u3001\u81ea\u52a8\u98de\u884c\u63a7\u5236\u7cfb\u7edf\u3001\u524d\u89c6\u7ea2\u5916\u7ebf\u96f7\u8fbe\u548c\u6570\u5b57\u5730\u56fe\u3002", "events": [], "arguments": {"loc": [], "time": [], "country": [], "weapon": []}}, {"sentence": "\u6b66\u5668\u88c5\u5907\u65b9\u9762\uff0c\u8be5\u673a\u53ef\u4ee5\u6302\u8f7d6\u679aBGM-71\u201c\u9676\u201d\u5f0f\u5149\u5b66\u5236\u5bfc\u7a7a\u5bf9\u5730\u5bfc\u5f39\uff0c\u6216\u80054\u4e2a\u706b\u7bad\u540a\u8231\u3002", "events": [], "arguments": {"loc": [], "time": [], "country": [], "weapon": []}}, {"sentence": "\u201c\u9676\u201d\u5f0f\u5bfc\u5f39\u5177\u6709\u6253\u51fb\u5766\u514b\u7b49\u88c5\u7532\u76ee\u6807\u7684\u80fd\u529b\uff0c\u6709\u6548\u5c04\u7a0b3750\u7c73\u3002", "events": [], "arguments": {"loc": [], "time": [], "country": [], "weapon": []}}]