[{"sentence": "\u5370\u5a92\uff1a\u5370\u519b\u9996\u6b21\u5411\u8fb9\u5883\u519b\u4e8b\u57fa\u5730\u90e8\u7f72T90\u5766\u514b", "events": [{"trigger": {"text": "\u90e8\u7f72", "offset": 14, "length": 2}, "subject": {"text": "\u5370\u519b", "offset": 3, "length": 2}, "object": {"text": "T90\u5766\u514b", "offset": 16, "length": 5}}], "arguments": {"loc": [], "time": [], "country": [], "weapon": []}}, {"sentence": "\u3010#\u5370\u519b\u9996\u6b21\u5411\u8fb9\u5883\u519b\u4e8b\u57fa\u5730\u90e8\u7f72T90\u5766\u514b#\u3011", "events": [], "arguments": {"loc": [], "time": [], "country": [], "weapon": []}}, {"sentence": "\u636e\u5370\u5ea6\u5a92\u4f53\u62a5\u9053\uff0c7\u670827\u65e5\uff0c\u5370\u65b9\u9996\u6b21\u5411\u8fb9\u5883\u5730\u533a\u7684\u9053\u62c9\u7279\u00b7\u8d1d\u683c\u00b7\u5965\u5c14\u8fea\u519b\u4e8b\u57fa\u5730\u90e8\u7f72\u53ef\u53d1\u5c04\u5bfc\u5f39\u7684T-90\u5766\u514b\u4e2d\u961f\u3001\u88c5\u7532\u8fd0\u5175\u8f66\uff0c\u548c\u4e00\u4e2a\u5175\u529b4000\u4eba\u7684\u5b8c\u6574\u65c5\u3002", "events": [], "arguments": {"loc": [{"text": "\u9053\u62c9\u7279\u00b7\u8d1d\u683c\u00b7\u5965\u5c14\u8fea\u519b\u4e8b\u57fa\u5730", "offset": 24, "length": 14}], "time": [{"text": "7\u670827\u65e5", "offset": 8, "length": 5}], "country": [{"text": "\u5370\u5ea6", "offset": 1, "length": 2}], "weapon": [{"text": "T-90\u5766\u514b", "offset": 46, "length": 6}]}}, {"sentence": "\u56e0\u9014\u7ecf\u516c\u8def\u67d0\u4e9b\u6865\u6881\u65e0\u6cd5\u627f\u53d7T-90\u5766\u514b46\u5428\u7684\u91cd\u91cf\uff0c\u5370\u519b\u8fd8\u4f7f\u7528\u4e86\u7279\u6b8a\u8bbe\u5907\u8fd0\u9001\u5766\u514b\u3002", "events": [], "arguments": {"loc": [], "time": [], "country": [], "weapon": []}}, {"sentence": "\uff08\u603b\u53f0\u8bb0\u8005\u738b\u5efa\u5175\uff09", "events": [], "arguments": {"loc": [], "time": [], "country": [], "weapon": []}}, {"sentence": "\uff08\u603b\u53f0\u8bb0\u8005\u738b\u5efa\u5175\uff09", "events": [], "arguments": {"loc": [], "time": [], "country": [], "weapon": []}}, {"sentence": "\u200b\u200b\u200b\u200b", "events": [], "arguments": {"loc": [], "time": [], "country": [], "weapon": []}}]