[{"sentence": "\u5927\u6f20\u6df1\u5904\u8d77\u98ce\u96f7\uff01", "events": [], "arguments": {"loc": [], "time": [], "country": [], "weapon": []}}, {"sentence": "\u5f53\u5b98\u5175\u9047\u4e0a\u610f\u6599\u4e4b\u5916\u7684\u201c\u654c\u60c5\u201d\u2026\u2026", "events": [], "arguments": {"loc": [], "time": [], "country": [], "weapon": []}}, {"sentence": "\u5927\u6f20\u6df1\u5904\u8d77\u98ce\u96f7", "events": [], "arguments": {"loc": [], "time": [], "country": [], "weapon": []}}, {"sentence": "\u2014\u2014\u7b2c75\u96c6\u56e2\u519b\u67d0\u65c5\u70ae\u5175\u8425\u5b9e\u5f39\u6f14\u7ec3\u8003\u6838\u63a0\u5f71", "events": [], "arguments": {"loc": [], "time": [], "country": [], "weapon": []}}, {"sentence": "\u25a0\u8096\u66f2\u6797 \u4f59\u5c0f\u5e73 \u66f9\u51ef \u9ece\u4f1f\u6770\u6444\u5f71\u62a5\u9053", "events": [], "arguments": {"loc": [], "time": [], "country": [], "weapon": []}}, {"sentence": "\u591c\u95f4\u5c04\u51fb\uff0c\u63d0\u5347\u6697\u591c\u6761\u4ef6\u4e0b\u6253\u51fb\u80fd\u529b\u3002", "events": [], "arguments": {"loc": [], "time": [], "country": [], "weapon": []}}, {"sentence": "\u4ef2\u590f\u65f6\u8282\uff0c\u7b2c75\u96c6\u56e2\u519b\u67d0\u65c5\u70ae\u5175\u8425\u4e00\u573a\u5b9e\u5f39\u6f14\u7ec3\u8003\u6838\u5728\u897f\u5317\u5927\u6f20\u6253\u54cd\u3002", "events": [], "arguments": {"loc": [], "time": [], "country": [], "weapon": []}}, {"sentence": "\u6e05\u6668\uff0c\u4e00\u9635\u6025\u4fc3\u7684\u8b66\u62a5\u58f0\u54cd\u8d77\uff0c\u5b98\u5175\u4eec\u8fc5\u901f\u5954\u5411\u6218\u8f66\u3002", "events": [], "arguments": {"loc": [], "time": [], "country": [], "weapon": []}}, {"sentence": "\u968f\u5373\uff0c\u6570\u5341\u8f86\u706b\u70ae\u6218\u8f66\u5377\u8d77\u6eda\u6eda\u6c99\u5c18\u5411\u53d1\u5c04\u9635\u5730\u5feb\u901f\u673a\u52a8\u3002", "events": [], "arguments": {"loc": [], "time": [], "country": [], "weapon": []}}, {"sentence": "\u673a\u52a8\u9014\u4e2d\uff0c\u610f\u6599\u4e4b\u5916\u7684\u201c\u654c\u60c5\u201d\u63a5\u8fde\u51fa\u73b0\uff0c\u5b98\u5175\u4eec\u514b\u670d\u98ce\u6c99\u6f2b\u5929\u7b49\u4e0d\u5229\u5929\u6c14\u5f71\u54cd\uff0c\u4e34\u5371\u4e0d\u4e71\uff0c\u6c89\u7740\u5e94\u5bf9\u3002", "events": [], "arguments": {"loc": [], "time": [], "country": [], "weapon": []}}, {"sentence": "\u7ecf\u8fc73\u4e2a\u591a\u5c0f\u65f6\u673a\u52a8\uff0c\u90e8\u961f\u62b5\u8fbe\u53d1\u5c04\u9635\u5730\uff0c\u968f\u5373\u5c55\u5f00\u6218\u6597\u4f5c\u4e1a\u3002", "events": [], "arguments": {"loc": [], "time": [], "country": [], "weapon": []}}, {"sentence": "\u6307\u6325\u8f66\u5185\uff0c\u4e00\u9053\u9053\u6307\u4ee4\u6025\u901f\u4f20\u5411\u5404\u6218\u4f4d\u3002", "events": [], "arguments": {"loc": [], "time": [], "country": [], "weapon": []}}, {"sentence": "\u968f\u7740\u5c04\u51fb\u53e3\u4ee4\u4e0b\u8fbe\uff0c\u9635\u5730\u4e0a\u785d\u70df\u6eda\u6eda\uff0c\u4e00\u6761\u6761\u201c\u706b\u9f99\u201d\u547c\u5578\u7740\u5212\u7834\u5929\u7a7a\u3002", "events": [], "arguments": {"loc": [], "time": [], "country": [], "weapon": []}}, {"sentence": "\u7ecf\u8fc7\u4e24\u8f6e\u706b\u529b\u6253\u51fb\uff0c\u201c\u654c\u201d\u76ee\u6807\u9677\u4e8e\u4e00\u7247\u706b\u6d77\u4e4b\u4e2d\u3002", "events": [], "arguments": {"loc": [], "time": [], "country": [], "weapon": []}}, {"sentence": "\u968f\u540e\uff0c\u6839\u636e\u5bfc\u8c03\u7ec4\u7684\u60c5\u51b5\u901a\u62a5\uff0c\u90e8\u961f\u5feb\u901f\u5b8c\u6210\u6218\u6597\u884c\u519b\u8f6c\u6362\uff0c\u5411\u9884\u5907\u53d1\u5c04\u9635\u5730\u673a\u52a8\u3002", "events": [], "arguments": {"loc": [], "time": [], "country": [], "weapon": []}}, {"sentence": "\u636e\u4ecb\u7ecd\uff0c\u6b64\u6b21\u5b9e\u5f39\u6f14\u7ec3\u8003\u6838\u8fc7\u7a0b\u4e2d\uff0c\u7a7f\u63d2\u8bbe\u7f6e\u4e86\u906d\u201c\u654c\u201d\u706b\u529b\u6253\u51fb\u3001\u9635\u5730\u8f6c\u79fb\u3001\u5f39\u836f\u7d27\u6025\u524d\u9001\u7b49\u591a\u4e2a\u8bfe\u76ee\uff0c\u7efc\u5408\u68c0\u9a8c\u90e8\u961f\u5b9e\u6218\u80fd\u529b\u3002", "events": [], "arguments": {"loc": [], "time": [], "country": [], "weapon": []}}, {"sentence": "\u7ecf\u8fc710\u591a\u4e2a\u5c0f\u65f6\u8fde\u8d2f\u6f14\u7ec3\uff0c\u591c\u5e55\u964d\u4e34\uff0c\u6c14\u6e29\u9aa4\u964d\uff0c\u7136\u800c\u5b98\u5175\u4eec\u6597\u5fd7\u4f9d\u65e7\u6602\u626c\u3002", "events": [], "arguments": {"loc": [], "time": [], "country": [], "weapon": []}}, {"sentence": "\u832b\u832b\u591c\u8272\u4e2d\uff0c\u591c\u95f4\u6781\u9650\u8ddd\u79bb\u5c04\u51fb\u8003\u6838\u53c8\u62c9\u5f00\u4e86\u5e8f\u5e55\u2026\u2026", "events": [], "arguments": {"loc": [], "time": [], "country": [], "weapon": []}}, {"sentence": "\u5feb\u901f\u4f2a\u88c5\u88c5\u5907\uff0c\u5e94\u5bf9\u201c\u654c\u201d\u4fa6\u5bdf\u3002", "events": [], "arguments": {"loc": [], "time": [], "country": [], "weapon": []}}, {"sentence": "\u5feb\u901f\u6218\u6597\u884c\u519b\uff0c\u5411\u9884\u5907\u53d1\u5c04\u9635\u5730\u673a\u52a8\u3002", "events": [], "arguments": {"loc": [], "time": [], "country": [], "weapon": []}}, {"sentence": "\u4fa6\u5bdf\u5175\u6355\u6349\u9501\u5b9a\u76ee\u6807\u3002", "events": [], "arguments": {"loc": [], "time": [], "country": [], "weapon": []}}, {"sentence": "\u69b4\u5f39\u70ae\u76f4\u7784\u6253\u51fb\u201c\u654c\u201d\u76ee\u6807\u3002", "events": [], "arguments": {"loc": [], "time": [], "country": [], "weapon": []}}, {"sentence": "\uff08\u672c\u6587\u520a\u4e8e\u300a\u89e3\u653e\u519b\u62a5\u300b2020\u5e747\u670828\u65e5\u7b2c9\u7248\uff09", "events": [], "arguments": {"loc": [], "time": [], "country": [], "weapon": []}}]