[{"sentence": "\u4fc4\u56fd\u9632\u90e8\uff1a\u201c\u9506\u77f3\u201d\u9ad8\u8d85\u97f3\u901f\u5bfc\u5f39\u7684\u8bd5\u9a8c\u5df2\u63a5\u8fd1\u5c3e\u58f0", "events": [], "arguments": {"loc": [], "time": [], "country": [], "weapon": []}}, {"sentence": "\u3010\u73af\u7403\u7f51\u519b\u4e8b\u62a5\u9053\u3011", "events": [], "arguments": {"loc": [], "time": [], "country": [], "weapon": []}}, {"sentence": "\u4fc4\u7f57\u65af\u536b\u661f\u901a\u8baf\u793e7\u670826\u65e5\u62a5\u9053\uff0c\u4fc4\u7f57\u65af\u56fd\u9632\u90e826\u65e5\u53d1\u5e03\u6d88\u606f\u79f0\uff0c\u5728\u201c\u6208\u5c14\u4ec0\u79d1\u592b\u6d77\u519b\u5143\u5e05\u201d\u53f7\u62a4\u536b\u8230\u4e0a\u8fdb\u884c\u7684\u201c\u9506\u77f3\u201d\u9ad8\u8d85\u97f3\u901f\u5bfc\u5f39\u7684\u8bd5\u5c04\uff0c\u9a8c\u8bc1\u4e86\u8be5\u5bfc\u5f39\u5728\u5c04\u7a0b\u3001\u51c6\u786e\u6027\u548c\u901f\u5ea6\u65b9\u9762\u7684\u4f18\u8d8a\u6027\u80fd\u3002", "events": [{"trigger": {"text": "\u8bd5\u5c04", "offset": 62, "length": 2}, "subject": {"text": "\u4fc4\u7f57\u65af\u56fd\u9632\u90e8", "offset": 16, "length": 6}, "object": {"text": "\u201c\u9506\u77f3\u201d\u9ad8\u8d85\u97f3\u901f\u5bfc\u5f39", "offset": 51, "length": 10}}], "arguments": {"loc": [{"text": "\u4fc4\u7f57\u65af", "offset": 16, "length": 3}], "time": [{"text": "7\u670826\u65e5", "offset": 8, "length": 5}], "country": [{"text": "\u4fc4\u7f57\u65af", "offset": 16, "length": 3}], "weapon": [{"text": "\u201c\u6208\u5c14\u4ec0\u79d1\u592b\u6d77\u519b\u5143\u5e05\u201d\u53f7\u62a4\u536b\u8230", "offset": 32, "length": 15}, {"text": "\u201c\u9506\u77f3\u201d\u9ad8\u8d85\u97f3\u901f\u5bfc\u5f39", "offset": 51, "length": 10}]}}, {"sentence": "\u4fc4\u519b\u65b9\u5728\u516c\u544a\u4e2d\u8868\u793a\uff0c\u5bf9\u201c\u9506\u77f3\u201d\u9ad8\u8d85\u97f3\u901f\u5bfc\u5f39\u7684\u8bd5\u9a8c\u5df2\u987a\u5229\u63a5\u8fd1\u5c3e\u58f0\u3002", "events": [], "arguments": {"loc": [], "time": [], "country": [], "weapon": []}}, {"sentence": "\u4fc4\u56fd\u9632\u90e8\u8fd8\u79f0\uff0c\u4fc4\u6d77\u519b\u6b63\u4e0e\u4fc4\u56fd\u9632\u5de5\u4e1a\u4f01\u4e1a\u8bd5\u9a8c\u9996\u8258\u53ef\u642d\u8f7d\u201c\u6ce2\u585e\u51ac\u201d\u65e0\u4eba\u6f5c\u822a\u5668\u7684\u6838\u6f5c\u8247\u3002", "events": [], "arguments": {"loc": [], "time": [], "country": [], "weapon": []}}, {"sentence": "\u516c\u544a\u79f0\uff1a\u201c\u6d77\u519b\u8230\u961f\u6b63\u4e0e\u56fd\u9632\u5de5\u4e1a\u4f01\u4e1a\u4e00\u8d77\u8bd5\u9a8c2019\u5e743\u6708\u4e0b\u6c34\u7684\u9996\u8258\u5c06\u642d\u8f7d\u2018\u6ce2\u585e\u51ac\u2019\u65e0\u4eba\u6f5c\u822a\u5668\u7684\u6838\u6f5c\u8247\u3002", "events": [], "arguments": {"loc": [], "time": [], "country": [], "weapon": []}}, {"sentence": "\u201c\u6f5c\u8247\u8230\u5458\u6b63\u5728\u4e3a\u638c\u63e1\u8be5\u65e0\u4eba\u6f5c\u822a\u5668\u7684\u5b9e\u9645\u64cd\u4f5c\u63a5\u53d7\u57f9\u8bad\u3002", "events": [], "arguments": {"loc": [], "time": [], "country": [], "weapon": []}}]