[{"sentence": "\u53c8\u6311\u8845\uff1f", "events": [{"trigger": {"text": "\u6311\u8845", "offset": 1, "length": 2}, "subject": {"text": "", "offset": 0, "length": 0}, "object": {"text": "", "offset": 0, "length": 0}}], "arguments": {"loc": [], "time": [], "country": [], "weapon": []}}, {"sentence": "\u7f8e\u519b\u673a\u4eca\u65e5\u73b0\u8eab\u4e1c\u6d77\uff0c\u4e00\u5ea6\u8ddd\u79bb\u4e2d\u56fd\u6d77\u5cb8\u4ec576\u516c\u91cc", "events": [], "arguments": {"loc": [{"text": "\u4e1c\u6d77", "offset": 7, "length": 2}], "time": [], "country": [{"text": "\u4e2d\u56fd", "offset": 14, "length": 2}], "weapon": []}}, {"sentence": "\u3010\u73af\u7403\u7f51\u62a5\u9053 \u8bb0\u8005 \u674e\u4e1c\u5c27\u3011", "events": [], "arguments": {"loc": [], "time": [], "country": [], "weapon": []}}, {"sentence": "\u8fd1\u671f\u7f8e\u56fd\u519b\u673a\u9891\u7e41\u8fdb\u5165\u4e2d\u56fd\u8fd1\u6d77\u4e0a\u7a7a\uff0c7\u670826\u65e5\uff0c\u6839\u636e\u201c\u5357\u6d77\u6218\u7565\u6001\u52bf\u611f\u77e5\u8ba1\u5212\u201d\u5e73\u53f0\u5728\u63a8\u7279\u4e0a\u53d1\u5e03\u7684\u6700\u65b0\u6d88\u606f\uff0c\u4e00\u67b6\u96b6\u5c5e\u4e8e\u7f8e\u56fd\u6d77\u519b\u7684P-8A\u6d77\u4e0a\u5de1\u903b\u673a\u5f53\u5929\u73b0\u8eab\u4e1c\u6d77\uff0c\u671f\u95f4\u4e00\u5ea6\u98de\u81f3\u8ddd\u79bb\u798f\u5efa\u6d77\u5cb8\u53ea\u6709\u7ea676\u516c\u91cc\u7684\u4f4d\u7f6e\u3002", "events": [], "arguments": {"loc": [], "time": [{"text": "7\u670826\u65e5", "offset": 17, "length": 5}], "country": [], "weapon": [{"text": "P-8A\u6d77\u4e0a\u5de1\u903b\u673a", "offset": 61, "length": 9}]}}, {"sentence": "\u6839\u636e\u8be5\u5e73\u53f0\u63d0\u4f9b\u7684P-8A\u98de\u884c\u8def\u5f84\u56fe\uff0c\u8be5\u673a26\u65e5\u8fdb\u5165\u4e1c\u6d77\u62b5\u8fd1\u4fa6\u5bdf\uff0c\u4ece\u65e5\u672c\u65b9\u5411\u5f80\u5357\u98de\u884c\u4e86\u4e00\u6bb5\u8ddd\u79bb\u540e\u5317\u8fd4\u3002", "events": [], "arguments": {"loc": [], "time": [], "country": [], "weapon": []}}, {"sentence": "\u8def\u5f84\u56fe\u663e\u793a\uff0c\u8be5\u673a\u4e00\u5ea6\u98de\u81f3\u8ddd\u79bb\u798f\u5efa\u6d77\u5cb8\u4ec5\u670941.3\u6d77\u91cc\uff08\u7ea6\u540876\u516c\u91cc\uff09\u3002", "events": [], "arguments": {"loc": [], "time": [], "country": [], "weapon": []}}, {"sentence": "\u8be5\u5e73\u53f0\u8fd8\u914d\u6587\u79f0\uff0c\u8fd9\u53ef\u80fd\u662f\u7f8e\u519b\u4fa6\u5bdf\u673a\u8fd1\u6765\u98de\u79bb\u4e2d\u56fd\u6d77\u5cb8\u6700\u8fd1\u7684\u4e00\u6b21\u3002", "events": [], "arguments": {"loc": [], "time": [], "country": [], "weapon": []}}, {"sentence": "\u53e6\u636e\u201c\u5357\u6d77\u6218\u7565\u6001\u52bf\u611f\u77e5\u201d\u5e73\u53f0\u540c\u65e5\u65e9\u4e9b\u65f6\u5019\u53d1\u5e03\u7684\u6d88\u606f\uff0c\u4e00\u67b6\u7f8e\u56fd\u6d77\u519bP-8A\u53cd\u6f5c\u5de1\u903b\u673a\u51fa\u73b0\u5728\u4e1c\u6d77\u4e0a\u7a7a\uff0c\u8ddd\u79bb\u4e0a\u6d77\u6d77\u5cb8\u7ea6\u4e3a84\u6d77\u91cc\uff08\u7ea6156\u516c\u91cc\uff09\u3002", "events": [], "arguments": {"loc": [], "time": [], "country": [], "weapon": []}}, {"sentence": "\u800c\u5f53\u5929\u7f8e\u56fd\u6d77\u519b\u7684\u201c\u62c9\u6590\u5c14\u00b7\u4f69\u62c9\u5c14\u5854\u201d\u53f7\u9a71\u9010\u8230\u4e5f\u51fa\u73b0\u5728\u540c\u4e00\u6d77\u57df\uff0c\u8ddd\u79bb\u4e0a\u6d77\u6d77\u5cb8\u7ea6100\u6d77\u91cc\uff08\u7ea6185\u516c\u91cc\uff09\u3002", "events": [], "arguments": {"loc": [], "time": [], "country": [], "weapon": []}}, {"sentence": "\u622a\u81f3\u76ee\u524d\uff0c\u7f8e\u56fd\u519b\u65b9\u5c1a\u672a\u5c31\u8fd9\u4e9b\u98de\u884c\u884c\u52a8\u8fdb\u884c\u8868\u6001\u6216\u4e88\u4ee5\u8bc1\u5b9e\u3002", "events": [], "arguments": {"loc": [], "time": [], "country": [], "weapon": []}}, {"sentence": "\u636e\u6089\uff0cP-8A\u662f\u6ce2\u97f3\u516c\u53f8\u8bbe\u8ba1\u751f\u4ea7\u7684\u65b0\u4e00\u4ee3\u6d77\u4e0a\u5de1\u903b\u673a\uff0c\u7528\u4e8e\u53d6\u4ee3\u8001\u578b\u53f7P-3C\u5de1\u903b\u673a\uff0c\u8be5\u673a\u4e3b\u8981\u7528\u9014\u662f\u6d77\u4e0a\u8bad\u7ec3\u3001\u4fa6\u5bdf\u548c\u53cd\u6f5c\uff0c\u5185\u67095\u4e2a\u5f39\u4ed3\uff0c\u5916\u67096\u4e2a\u6b66\u5668\u6302\u70b9\uff0c\u53ef\u4ee5\u53d1\u5c04MK54\u53cd\u6f5c\u9c7c\u96f7\u7b49\u6b66\u5668\u3002", "events": [], "arguments": {"loc": [], "time": [], "country": [], "weapon": []}}, {"sentence": "\u5bf9\u4e8e\u7f8e\u519b\u8230\u673a\u7684\u62b5\u8fd1\u4fa6\u5bdf\u884c\u4e3a\uff0c\u5927\u9646\u56fd\u9632\u90e8\u65b0\u95fb\u53d1\u8a00\u4eba\u5434\u8c26\u5927\u6821\u57286\u6708\u56fd\u9632\u90e8\u4f8b\u884c\u8bb0\u8005\u4f1a\u8868\u793a\uff0c\u5f53\u524d\uff0c\u5728\u5730\u533a\u56fd\u5bb6\u7684\u5171\u540c\u52aa\u529b\u4e0b\uff0c\u4e1c\u6d77\u3001\u5357\u6d77\u7684\u5c40\u52bf\u603b\u4f53\u662f\u7a33\u5b9a\u7684\u3002", "events": [], "arguments": {"loc": [], "time": [], "country": [], "weapon": []}}, {"sentence": "\u8fd9\u5145\u5206\u8bf4\u660e\u57df\u5185\u56fd\u5bb6\u6709\u667a\u6167\u3001\u6709\u80fd\u529b\u3001\u6709\u529e\u6cd5\u901a\u8fc7\u76f4\u63a5\u8c08\u5224\u534f\u5546\uff0c\u59a5\u5904\u5206\u6b67\uff0c\u5171\u62a4\u548c\u5e73\u3002", "events": [], "arguments": {"loc": [], "time": [], "country": [], "weapon": []}}, {"sentence": "\u53cd\u89c2\u4f5c\u4e3a\u57df\u5916\u56fd\u5bb6\u7684\u7f8e\u56fd\uff0c\u6253\u7740\u6240\u8c13\u201c\u822a\u884c\u81ea\u7531\u201d\u7684\u5e4c\u5b50\uff0c\u6d3e\u519b\u7528\u8230\u673a\u6765\u4e1c\u6d77\u3001\u5357\u6d77\u6311\u8845\uff0c\u5bf9\u4e2d\u65b9\u5b9e\u65bd\u9ad8\u9891\u5ea6\u62b5\u8fd1\u4fa6\u5bdf\uff0c\u4e3e\u884c\u9488\u5bf9\u6027\u6781\u5f3a\u7684\u519b\u4e8b\u6f14\u4e60\uff0c\u4e25\u91cd\u5371\u5bb3\u5730\u533a\u56fd\u5bb6\u7684\u4e3b\u6743\u4e0e\u5b89\u5168\u5229\u76ca\uff0c\u4e25\u91cd\u7834\u574f\u672c\u5730\u533a\u7684\u548c\u5e73\u7a33\u5b9a\u3002", "events": [{"trigger": {"text": "\u6311\u8845", "offset": 37, "length": 2}, "subject": {"text": "\u7f8e\u56fd\uff0c\u6253\u7740\u6240\u8c13\u201c\u822a\u884c\u81ea\u7531\u201d\u7684\u5e4c\u5b50\uff0c\u6d3e\u519b\u7528\u8230\u673a\u6765\u4e1c\u6d77\u3001\u5357\u6d77", "offset": 9, "length": 28}, "object": {"text": "", "offset": 0, "length": 0}}], "arguments": {"loc": [], "time": [], "country": [], "weapon": []}}, {"sentence": "\u5c31\u7f8e\u519b\u8230\u673a\u7684\u62b5\u8fd1\u4fa6\u5bdf\u884c\u4e3a\uff0c\u4e2d\u56fd\u519b\u4e8b\u4e13\u5bb6\u5b8b\u5fe0\u5e737\u67088\u65e5\u5728\u63a5\u53d7\u300a\u73af\u7403\u65f6\u62a5\u300b\u91c7\u8bbf\u65f6\u5219\u8868\u793a\uff0c\u89e3\u653e\u519b\u53ef\u4ee5\u91c7\u53d6\u62b5\u8fd1\u62e6\u622a\u7684\u65b9\u5f0f\uff0c\u5bf9\u62b5\u8fd1\u4fa6\u5bdf\u7684\u7f8e\u519b\u673a\u8fdb\u884c\u5e72\u6270\uff0c\u8ba9\u5bf9\u65b9\u65e0\u6cd5\u4e13\u5fc3\u5de5\u4f5c\u3002", "events": [], "arguments": {"loc": [], "time": [], "country": [], "weapon": []}}, {"sentence": "\u53e6\u4e00\u65b9\u9762\uff0c\u5f53\u5bf9\u65b9\u4fa6\u5bdf\u673a\u63a5\u8fd1\u6211\u56fd\u76f8\u5173\u7a7a\u57df\u65f6\uff0c\u89e3\u653e\u519b\u4e5f\u53ef\u4ee5\u6682\u505c\u4e00\u4e9b\u519b\u4e8b\u6d3b\u52a8\uff0c\u964d\u4f4e\u7535\u78c1\u9891\u8c31\u4fe1\u53f7\u88ab\u622a\u83b7\u7684\u6982\u7387\u3002", "events": [], "arguments": {"loc": [], "time": [], "country": [], "weapon": []}}]