[{"sentence": "\u7a81\u7834\u81ea\u7b7e\u534f\u8bae \u7f8e\u653e\u677e\u6b66\u88c5\u65e0\u4eba\u673a\u51fa\u53e3\u9650\u5236", "events": [], "arguments": {"loc": [], "time": [], "country": [], "weapon": []}}, {"sentence": "\u7f8e\u56fd\u653f\u5e9c24\u65e5\u5ba3\u5e03\u653e\u677e\u5bf9\u6b66\u88c5\u65e0\u4eba\u9a7e\u9a76\u98de\u673a\u7684\u51fa\u53e3\u7ba1\u63a7\uff0c\u65e8\u5728\u63a8\u52a8\u7f8e\u56fd\u6b66\u88c5\u65e0\u4eba\u673a\u5360\u636e\u56fd\u9645\u5e02\u573a\u3002", "events": [], "arguments": {"loc": [], "time": [], "country": [], "weapon": []}}, {"sentence": "\u8fd9\u4e00\u51b3\u5b9a\u7a81\u7834\u4e86\u7f8e\u65b9\u81ea\u8eab\u53d1\u8d77\u7684\u4e00\u9879\u591a\u8fb9\u534f\u8bae\u6240\u8bbe\u9650\u5236\u3002", "events": [], "arguments": {"loc": [], "time": [], "country": [], "weapon": []}}, {"sentence": "\u3010\u81ea\u6211\u677e\u7ed1\u3011", "events": [], "arguments": {"loc": [], "time": [], "country": [], "weapon": []}}, {"sentence": "\u767d\u5bab\u53d1\u8868\u58f0\u660e\u8bf4\uff0c\u603b\u7edf\u5510\u7eb3\u5fb7\u00b7\u7279\u6717\u666e\u51b3\u5b9a\u8c03\u6574\u7f8e\u56fd\u6b66\u88c5\u65e0\u4eba\u673a\u7684\u51fa\u53e3\u9650\u5236\uff0c\u653e\u677e\u5bf9\u65f6\u901f\u4e0d\u8d85\u8fc7800\u516c\u91cc\u7684\u6b66\u88c5\u65e0\u4eba\u673a\u7684\u51fa\u53e3\u7ba1\u63a7\u3002", "events": [], "arguments": {"loc": [], "time": [], "country": [], "weapon": []}}, {"sentence": "\u8fd9\u7c7b\u65e0\u4eba\u673a\u5305\u62ec\u7f8e\u56fd\u901a\u7528\u539f\u5b50\u80fd\uff0d\u822a\u7a7a\u7cfb\u7edf\u516c\u53f8\u751f\u4ea7\u7684MQ-9\u201c\u6b7b\u795e\u201d\u65e0\u4eba\u673a\u548c\u8bfa\u601d\u7f57\u666e\u2014\u683c\u9c81\u66fc\u516c\u53f8\u751f\u4ea7\u7684\u201c\u5168\u7403\u9e70\u201d\u65e0\u4eba\u673a\u3002", "events": [], "arguments": {"loc": [], "time": [], "country": [], "weapon": []}}, {"sentence": "\u6309\u7167\u4fc4\u7f57\u65af\u536b\u661f\u901a\u8baf\u793e\u7684\u8bf4\u6cd5\uff0cMQ-9\u201c\u6b7b\u795e\u201d\u662f\u7f8e\u519b\u6700\u5177\u6740\u4f24\u529b\u7684\u65e0\u4eba\u673a\u3002", "events": [], "arguments": {"loc": [], "time": [], "country": [], "weapon": []}}, {"sentence": "\u7f8e\u56fd\u7b497\u56fd1987\u5e74\u53d1\u8d77\u201c\u5bfc\u5f39\u53ca\u5176\u6280\u672f\u63a7\u5236\u5236\u5ea6\u201d\u534f\u8bae\uff0c\u4ee5\u671f\u9650\u5236\u5bfc\u5f39\u548c\u5bfc\u5f39\u6280\u672f\u6269\u6563\u3002", "events": [], "arguments": {"loc": [], "time": [], "country": [], "weapon": []}}, {"sentence": "\u6309\u7167\u8fd9\u4e0035\u56fd\u7b7e\u7f72\u7684\u534f\u8bae\uff0c\u822a\u7a0b\u548c\u8f7d\u8377\u8d85\u8fc7\u4e00\u5b9a\u6807\u51c6\u7684\u65e0\u4eba\u673a\u5e94\u53d7\u5230\u51fa\u53e3\u7ba1\u63a7\u3002", "events": [], "arguments": {"loc": [], "time": [], "country": [], "weapon": []}}, {"sentence": "\u767d\u5bab\u58f0\u660e\u8bf4\uff0c\u5bfc\u5f39\u53ca\u5176\u6280\u672f\u63a7\u5236\u5236\u5ea6\u5173\u4e8e\u6b66\u88c5\u65e0\u4eba\u673a\u7684\u51fa\u53e3\u9650\u5236\u6761\u4ef6\u201c\u5df2\u8fc7\u65f6\u201d\uff0c\u6709\u788d\u7f8e\u65b9\u5411\u76df\u53cb\u548c\u5408\u4f5c\u4f19\u4f34\u51fa\u53e3\u6b66\u88c5\u65e0\u4eba\u673a\uff0c\u56e0\u800c\u635f\u5bb3\u7f8e\u56fd\u5de5\u4e1a\uff0c\u59a8\u788d\u7f8e\u65b9\u5f3a\u5316\u6d77\u5916\u5a01\u6151\u80fd\u529b\u3002", "events": [], "arguments": {"loc": [], "time": [], "country": [], "weapon": []}}, {"sentence": "\u58f0\u660e\u8bf4\uff0c\u7f8e\u65b9\u653e\u677e\u6b66\u88c5\u65e0\u4eba\u673a\u51fa\u53e3\u7ba1\u63a7\u5c06\u201c\u63d0\u5347\u5408\u4f5c\u4f19\u4f34\u7684\u80fd\u529b\u201d\u5e76\u4e14\u6709\u5229\u4e8e\u7f8e\u65b9\u5360\u636e\u6b66\u88c5\u65e0\u4eba\u673a\u56fd\u9645\u5e02\u573a\uff0c\u4ece\u800c\u589e\u5f3a\u7f8e\u56fd\u56fd\u5bb6\u5b89\u5168\u548c\u201c\u7ecf\u6d4e\u5b89\u5168\u201d\u3002", "events": [], "arguments": {"loc": [], "time": [], "country": [], "weapon": []}}, {"sentence": "\u7f8e\u56fd\u52a9\u7406\u56fd\u52a1\u537f\u514b\u62c9\u514b\u00b7\u5e93\u73c024\u65e5\u5728\u7535\u8bdd\u8bb0\u8005\u4f1a\u4e0a\u8bf4\uff0c\u8fd9\u4e00\u51b3\u5b9a\u6709\u671b\u5927\u5e45\u589e\u52a0\u7f8e\u56fd\u519b\u5de5\u4f01\u4e1a\u7684\u6536\u5165\u548c\u5c31\u4e1a\u5c97\u4f4d\u3002", "events": [], "arguments": {"loc": [], "time": [], "country": [], "weapon": []}}, {"sentence": "\u3010\u201c\u53c8\u4e00\u4f8b\u8bc1\u201d\u3011", "events": [], "arguments": {"loc": [], "time": [], "country": [], "weapon": []}}, {"sentence": "\u8def\u900f\u793e\u62a5\u9053\uff0c\u653e\u677e\u6b66\u88c5\u65e0\u4eba\u673a\u51fa\u53e3\u7ba1\u63a7\u4e0e\u7f8e\u56fd\u519b\u706b\u5546\u5411\u653f\u5e9c\u65bd\u538b\u6709\u5173\uff0c\u662f\u7279\u6717\u666e\u653f\u5e9c\u5411\u6d77\u5916\u51fa\u552e\u66f4\u591a\u6b66\u5668\u7684\u4e3e\u63aa\u4e4b\u4e00\u3002", "events": [], "arguments": {"loc": [], "time": [], "country": [], "weapon": []}}, {"sentence": "\u519b\u63a7\u4eba\u58eb\u63d0\u51fa\uff0c\u7f8e\u65b9\u653e\u677e\u51fa\u53e3\u6b66\u88c5\u65e0\u4eba\u673a\u7ba1\u5236\u5c06\u52a0\u5267\u4e2d\u4e1c\u548c\u5357\u4e9a\u7b49\u5730\u533a\u7684\u4e0d\u7a33\u5b9a\u5c40\u52bf\u3002", "events": [], "arguments": {"loc": [], "time": [], "country": [], "weapon": []}}, {"sentence": "\u7f8e\u56fd\u56fd\u4f1a\u53c2\u8bae\u9662\u5916\u4ea4\u5173\u7cfb\u59d4\u5458\u4f1a\u8d44\u6df1\u6c11\u4e3b\u515a\u7c4d\u8bae\u5458\u9c8d\u52c3\u00b7\u6885\u5ae9\u5fb7\u65af\u53d1\u8868\u58f0\u660e\u8bf4\uff0c\u7279\u6717\u666e\u653f\u5e9c\u8fd9\u4e00\u51b3\u5b9a\u201c\u4e0d\u8ba1\u540e\u679c\u201d\uff0c\u6d89\u53ca\u4e00\u4e9b\u5c5e\u4e8e\u7f8e\u519b\u6700\u81f4\u547d\u6b66\u5668\u7684\u65e0\u4eba\u673a\uff0c\u524a\u5f31\u4e86\u201c\u56fd\u9645\u4e0a\u5bf9\u81f4\u547d\u65e0\u4eba\u673a\u7684\u51fa\u53e3\u63a7\u5236\u201d\u3002", "events": [], "arguments": {"loc": [], "time": [], "country": [], "weapon": []}}, {"sentence": "\u7279\u6717\u666e\u653f\u5e9c\u5949\u884c\u5355\u8fb9\u4e3b\u4e49\uff0c\u201c\u9000\u7fa4\u201d\u6210\u763e\uff0c\u5148\u540e\u9000\u51fa\u591a\u4e2a\u56fd\u9645\u7ec4\u7ec7\u548c\u534f\u8bae\uff0c\u5305\u62ec\u5e94\u5bf9\u6c14\u5019\u53d8\u5316\u7684\u300a\u5df4\u9ece\u534f\u5b9a\u300b\u3001\u4f0a\u6717\u6838\u95ee\u9898\u5168\u9762\u534f\u8bae\u548c\u300a\u4e2d\u5bfc\u6761\u7ea6\u300b\uff0c\u5728\u56fd\u5185\u5916\u5e7f\u53d7\u6279\u8bc4\u3002", "events": [], "arguments": {"loc": [], "time": [], "country": [], "weapon": []}}, {"sentence": "\u7f8e\u56fd\u667a\u5e93\u53f2\u6c40\u751f\u4e2d\u5fc3\u6b66\u5668\u4e13\u5bb6\u857e\u5207\u5c14\u00b7\u65af\u6258\u5c14\u8bf4\uff0c\u653e\u677e\u6b66\u88c5\u65e0\u4eba\u673a\u51fa\u53e3\u7ba1\u63a7\u7684\u51b3\u5b9a\u5c06\u7ecf\u6d4e\u5229\u76ca\u7f6e\u4e8e\u7f8e\u56fd\u56fd\u5bb6\u5b89\u5168\u548c\u5916\u4ea4\u653f\u7b56\u4e4b\u4e0a\uff0c\u662f\u201c\u7279\u6717\u666e\u653f\u5e9c\u77ed\u89c6\u51b3\u5b9a\u7684\u53c8\u4e00\u4f8b\u8bc1\u201d\u3002", "events": [], "arguments": {"loc": [], "time": [], "country": [], "weapon": []}}, {"sentence": "\uff08\u5434\u5b9d\u6f8d\uff09", "events": [], "arguments": {"loc": [], "time": [], "country": [], "weapon": []}}, {"sentence": "\uff08\u5434\u5b9d\u6f8d\uff09\uff08\u65b0\u534e\u793e\u4e13\u7279\u7a3f\uff09", "events": [], "arguments": {"loc": [], "time": [], "country": [], "weapon": []}}, {"sentence": "\uff08\u5434\u5b9d\u6f8d\uff09", "events": [], "arguments": {"loc": [], "time": [], "country": [], "weapon": []}}]