[{"sentence": "\u5730\u7a7a\u653b\u9632\u65b0\u62db\u9891\u51fa\uff0c\u9646\u519b\u9632\u7a7a\u90e8\u961f\u4e0e\u7a7a\u519b\u822a\u7a7a\u5175\u5bf9\u6297\u8bad\u7ec3\u4e0a\u6f14", "events": [], "arguments": {"loc": [], "time": [], "country": [], "weapon": []}}, {"sentence": "\u539f\u6807\u9898\uff1a\u4e92\u4e3a\u5bf9\u624b\u8bbe\u9669\u5c40 \u5171\u7814\u6218\u6cd5\u589e\u80dc\u7b97", "events": [], "arguments": {"loc": [], "time": [], "country": [], "weapon": []}}, {"sentence": "\u2014\u2014\u4e1c\u90e8\u6218\u533a\u9646\u519b\u9632\u7a7a\u90e8\u961f\u4e0e\u7a7a\u519b\u822a\u7a7a\u5175\u5bf9\u6297\u8bad\u7ec3\u89c1\u95fb", "events": [], "arguments": {"loc": [], "time": [], "country": [], "weapon": []}}, {"sentence": "\u7a7a\u5730\u653b\u9632\uff0c\u8001\u5bf9\u624b\u9891\u51fa\u65b0\u62db\u6570", "events": [], "arguments": {"loc": [], "time": [], "country": [], "weapon": []}}, {"sentence": "\u25a0\u6731 \u5f3a \u9ec4\u5fd7\u4f1f", "events": [], "arguments": {"loc": [], "time": [], "country": [], "weapon": []}}, {"sentence": "\u76db\u590f\u65f6\u8282\uff0c\u70ed\u6d6a\u88ad\u4eba\u3002", "events": [], "arguments": {"loc": [], "time": [], "country": [], "weapon": []}}, {"sentence": "\u4e00\u67b6\u67b6\u201c\u654c\u673a\u201d\u547c\u5578\u800c\u6765\uff0c\u8d85\u4f4e\u7a7a\u7a81\u9632\u540e\u76f4\u6251\u5730\u9762\u9632\u7a7a\u6307\u6325\u6240\u3002", "events": [], "arguments": {"loc": [], "time": [], "country": [], "weapon": []}}, {"sentence": "\u521a\u5b8c\u6210\u957f\u9014\u5954\u88ad\u7684\u7b2c73\u96c6\u56e2\u519b\u67d0\u65c5\u5b98\u5175\u8fc5\u901f\u67b6\u8bbe\u706b\u529b\u7f51\uff0c\u4e00\u9053\u9053\u4f5c\u6218\u6307\u4ee4\u98de\u901f\u4f20\u9012\uff0c\u7a7a\u6c14\u4e2d\u5f25\u6f2b\u7740\u6d53\u6d53\u6218\u5473\u3002", "events": [], "arguments": {"loc": [], "time": [], "country": [], "weapon": []}}, {"sentence": "\u201c\u867d\u65e9\u6709\u9884\u6599\uff0c\u53ef\u6ca1\u60f3\u5230\u2018\u654c\u673a\u2019\u6765\u5f97\u8fd9\u4e48\u7a81\u7136\u3001\u51fa\u62db\u8fd9\u4e48\u72e0\uff0c\u9669\u4e9b\u8d25\u4e0b\u9635\u6765\u3002", "events": [], "arguments": {"loc": [], "time": [], "country": [], "weapon": []}}, {"sentence": "\u201d\u636e\u8be5\u65c5\u65c5\u957f\u4ecb\u7ecd\uff0c\u4f5c\u4e3a\u8001\u5bf9\u624b\u7684\u7a7a\u519b\u822a\u7a7a\u5175\u67d0\u90e8\uff0c\u5728\u4e00\u6b21\u6b21\u5730\u7a7a\u5bf9\u6297\u4e2d\u6740\u62db\u9891\u51fa\uff0c\u5c3d\u7ba1\u65c5\u961f\u5b98\u5175\u6709\u591a\u5e74\u5bf9\u6297\u7ecf\u9a8c\uff0c\u4f46\u4e5f\u4e1d\u6beb\u4e0d\u6562\u5927\u610f\u3002", "events": [], "arguments": {"loc": [], "time": [], "country": [], "weapon": []}}, {"sentence": "\u53cc\u65b9\u653b\u5b88\u6001\u52bf\u51e0\u5ea6\u53d8\u5316\uff0c\u5bf9\u6297\u7126\u707c\u3001\u96be\u5206\u9ad8\u4e0b\u3002", "events": [], "arguments": {"loc": [], "time": [], "country": [], "weapon": []}}, {"sentence": "\u6218\u673a\u8fde\u7eed\u5feb\u901f\u673a\u52a8\uff0c\u5e76\u91ca\u653e\u5f3a\u7535\u78c1\u5e72\u6270\uff0c\u9632\u7a7a\u96f7\u8fbe\u663e\u793a\u5c4f\u4e0a\u4e00\u7247\u201c\u96ea\u82b1\u201d\u3002", "events": [], "arguments": {"loc": [], "time": [], "country": [], "weapon": []}}, {"sentence": "\u4e0a\u58eb\u59da\u6d77\u6d0b\u8fc5\u901f\u5224\u5b9a\u5e72\u6270\u6a21\u5f0f\uff0c\u4e0d\u65ad\u8c03\u6574\u96f7\u8fbe\u53cd\u5e72\u6270\u63aa\u65bd\u3002", "events": [], "arguments": {"loc": [], "time": [], "country": [], "weapon": []}}, {"sentence": "\u4e00\u573a\u6218\u6597\u521a\u521a\u7ed3\u675f\uff0c\u7a81\u88ad\u53c8\u63a5\u8e35\u800c\u81f3\u3002", "events": [], "arguments": {"loc": [], "time": [], "country": [], "weapon": []}}, {"sentence": "\u9632\u7a7a\u90e8\u961f\u8fc5\u901f\u6355\u6349\u76ee\u6807\uff0c\u53ef\u201c\u654c\u673a\u201d\u4f3c\u4e4e\u6709\u5907\u800c\u6765\uff0c\u8fc5\u901f\u8c03\u6574\u98de\u884c\u9ad8\u5ea6\uff0c\u5e76\u91ca\u653e\u5f3a\u7535\u78c1\u5e72\u6270\uff0c\u8131\u9003\u800c\u53bb\u3002", "events": [], "arguments": {"loc": [], "time": [], "country": [], "weapon": []}}, {"sentence": "\u591c\u5e55\u964d\u4e34\uff0c\u7a81\u88ad\u5931\u8d25\u7684\u822a\u7a7a\u5175\u67d0\u90e8\u5e76\u672a\u7f62\u624b\u3002", "events": [], "arguments": {"loc": [], "time": [], "country": [], "weapon": []}}, {"sentence": "\u832b\u832b\u591c\u7a7a\u4e2d\uff0c\u201c\u654c\u673a\u201d\u7f16\u961f\u5feb\u901f\u5411\u76ee\u6807\u7a7a\u57df\u673a\u52a8\u3002", "events": [], "arguments": {"loc": [], "time": [], "country": [], "weapon": []}}, {"sentence": "\u4ea4\u53c9\u7a81\u51fb\u3001\u8d85\u4f4e\u7a7a\u98de\u884c\u3001\u8dc3\u5347\u5012\u8f6c\u2026\u2026\u9ad8\u96be\u5ea6\u6218\u672f\u52a8\u4f5c\u8f6e\u756a\u4e0a\u6f14\u3002", "events": [], "arguments": {"loc": [], "time": [], "country": [], "weapon": []}}, {"sentence": "\u7ecf\u8fc7\u524d\u51e0\u6b21\u7684\u8f83\u91cf\uff0c\u98de\u884c\u5458\u4eec\u5f00\u59cb\u5c1d\u8bd5\u65b0\u7684\u6218\u6cd5\u3002", "events": [], "arguments": {"loc": [], "time": [], "country": [], "weapon": []}}, {"sentence": "\u96f7\u8fbe\u64cd\u4f5c\u624b\u59da\u6d77\u6d0b\u518d\u6b21\u53d1\u73b0\u201c\u654c\u673a\u201d\uff0c\u5c82\u6599\u5374\u662f\u5bf9\u624b\u7684\u8bf1\u9a97\u6218\u672f\uff0c\u201c\u654c\u673a\u201d\u7f16\u961f\u65e9\u5df2\u6cbf\u7740\u7535\u78c1\u76f2\u533a\uff0c\u5229\u7528\u5c71\u8c37\u5730\u5f62\u4f5c\u63a9\u62a4\uff0c\u6210\u529f\u7a81\u7834\u5c42\u5c42\u706b\u529b\u7f51\u3002", "events": [], "arguments": {"loc": [], "time": [], "country": [], "weapon": []}}, {"sentence": "\u590d\u76d8\u603b\u7ed3\u4f1a\u4e0a\uff0c\u53cc\u65b9\u8bb2\u8bc4\u5f00\u95e8\u89c1\u5c71\uff0c\u4e00\u4e2a\u4e2a\u95ee\u9898\u76f4\u51fb\u8bad\u7ec3\u8f6f\u808b\u3002", "events": [], "arguments": {"loc": [], "time": [], "country": [], "weapon": []}}, {"sentence": "\u968f\u540e\uff0c\u6218\u9e70\u817e\u7a7a\u800c\u8d77\uff0c\u518d\u4e00\u6b21\u878d\u5165\u65e0\u8fb9\u7684\u591c\u8272\uff1b\u96f7\u8fbe\u9635\u5730\u5929\u7ebf\u98de\u8f6c\uff0c\u9632\u7a7a\u5229\u5251\u76f4\u6307\u82cd\u7a79\u2026\u2026", "events": [], "arguments": {"loc": [], "time": [], "country": [], "weapon": []}}, {"sentence": "\u6218\u673a\u63a0\u8fc7\u9632\u7a7a\u9635\u5730\u3002", "events": [], "arguments": {"loc": [], "time": [], "country": [], "weapon": []}}, {"sentence": "\u5510 \u4e7e\u6444", "events": [], "arguments": {"loc": [], "time": [], "country": [], "weapon": []}}, {"sentence": "\u9646\u7a7a\u5bf9\u6297\uff0c\u591a\u7a7a\u57df\u7814\u7ec3\u65b0\u5251\u6cd5", "events": [], "arguments": {"loc": [], "time": [], "country": [], "weapon": []}}, {"sentence": "\u25a0\u5f20 \u65ed \u89e3\u653e\u519b\u62a5\u8bb0\u8005 \u674e\u6000\u5764 \u7279\u7ea6\u901a\u8baf\u5458 \u859b\u7ef4\u9ad8", "events": [], "arguments": {"loc": [], "time": [], "country": [], "weapon": []}}, {"sentence": "\u8fd1\u65e5\uff0c\u7b2c71\u96c6\u56e2\u519b\u67d0\u65c5\u4e0e\u7a7a\u519b\u822a\u7a7a\u5175\u67d0\u90e8\u8054\u5408\u5c55\u5f00\u9ad8\u5f3a\u5ea6\u5bf9\u6297\u6f14\u7ec3\uff0c\u4fa6\u5bdf\u4e0e\u53cd\u4fa6\u5bdf\u3001\u5e72\u6270\u4e0e\u53cd\u5e72\u6270\u3001\u9501\u5b9a\u4e0e\u53cd\u9501\u5b9a\u8f6e\u756a\u4e0a\u6f14\uff0c\u5404\u9632\u7a7a\u6b66\u5668\u5355\u5143\u7075\u6d3b\u7ec4\u5408\uff0c\u5728\u771f\u6253\u5b9e\u6297\u4e2d\u67e5\u627e\u80fd\u529b\u77ed\u677f\u3002", "events": [], "arguments": {"loc": [], "time": [], "country": [], "weapon": []}}, {"sentence": "\u636e\u8be5\u65c5\u9886\u5bfc\u4ecb\u7ecd\uff0c\u4ee5\u5f80\u9632\u7a7a\u6f14\u7ec3\uff0c\u5927\u90fd\u81ea\u5df1\u8bbe\u7f6e\u201c\u654c\u60c5\u201d\uff0c\u5bb9\u6613\u9677\u5165\u201c\u81ea\u6211\u8bbe\u8ba1\u3001\u81ea\u6211\u68c0\u9a8c\u3001\u5f80\u590d\u5faa\u73af\u201d\u7684\u602a\u5708\uff0c\u4e0e\u5b9e\u6218\u6807\u51c6\u6709\u4e0d\u5c0f\u5dee\u8ddd\u3002", "events": [], "arguments": {"loc": [], "time": [], "country": [], "weapon": []}}, {"sentence": "\u4e00\u6b21\u8054\u5408\u6f14\u7ec3\u4e2d\uff0c\u201c\u654c\u65b9\u201d\u6218\u673a\u4ece\u4e0d\u540c\u65b9\u5411\u5c55\u5f00\u653b\u51fb\u3001\u91ca\u653e\u5f3a\u7535\u78c1\u5e72\u6270\u3002", "events": [], "arguments": {"loc": [], "time": [], "country": [], "weapon": []}}, {"sentence": "\u5e73\u65f6\u8bad\u7ec3\u6210\u7ee9\u4f18\u5f02\u7684\u67d0\u8425\u5b98\u5175\u5374\u56e0\u7a7a\u60c5\u7814\u5224\u9519\u8bef\u3001\u76ee\u6807\u5206\u914d\u4e0d\u5f53\u5bfc\u81f4\u60e8\u8d25\u3002", "events": [], "arguments": {"loc": [], "time": [], "country": [], "weapon": []}}, {"sentence": "\u4e3a\u6b64\uff0c\u4ed6\u4eec\u4e3b\u52a8\u8054\u7edc\u7a7a\u519b\u822a\u7a7a\u5175\u67d0\u90e8\uff0c\u628a\u7a7a\u519b\u6307\u6325\u5458\u3001\u98de\u884c\u5458\u3001\u9886\u822a\u5458\u8bf7\u8fdb\u95e8\uff0c\u5171\u5546\u5bf9\u6297\u65b9\u6848\u3002", "events": [], "arguments": {"loc": [], "time": [], "country": [], "weapon": []}}, {"sentence": "\u4ece\u6218\u5907\u7b49\u7ea7\u8f6c\u8fdb\u3001\u8fdc\u7a0b\u673a\u52a8\u3001\u5360\u9886\u9635\u5730\u5230\u5c55\u5f00\u5bf9\u6297\uff0c\u9646\u7a7a\u53cc\u65b9\u4e00\u6b65\u4e00\u52a8\u7d27\u8d34\u5b9e\u6218\u5b8c\u5584\u65b9\u6848\uff0c\u5728\u591a\u7a7a\u57df\u5c55\u5f00\u6f14\u7ec3\u53ae\u6740\uff0c\u6bcf\u6b21\u53cc\u65b9\u90fd\u4e0d\u7559\u60c5\u9762\uff0c\u5728\u6fc0\u70c8\u5bf9\u6297\u4e2d\u4e0d\u65ad\u63d0\u5347\u4f5c\u6218\u80fd\u529b\u3002", "events": [], "arguments": {"loc": [], "time": [], "country": [], "weapon": []}}, {"sentence": "\u201c\u5bf9\u624b\u8bbe\u5371\u5c40\u3001\u9669\u5c40\u3001\u96be\u5c40\uff0c\u624d\u80fd\u68c0\u9a8c\u51fa\u6211\u65b9\u4f5c\u6218\u80fd\u529b\u7684\u77ed\u677f\u5f31\u9879\u3002", "events": [], "arguments": {"loc": [], "time": [], "country": [], "weapon": []}}, {"sentence": "\u201d\u8be5\u65c5\u4f5c\u8bad\u79d1\u53c2\u8c0b\u5468\u5ce5\u544a\u8bc9\u8bb0\u8005\uff0c\u8fd9\u6b21\u9646\u7a7a\u5bf9\u6297\u8bad\u7ec3\uff0c\u590d\u6742\u7535\u78c1\u73af\u5883\u7531\u7a7a\u519b\u822a\u7a7a\u5175\u67d0\u90e8\u5e03\u8bbe\uff0c\u5bf9\u65b9\u542f\u7528\u4e86\u673a\u8f7d\u5e72\u6270\u8bbe\u5907\u3001\u5e72\u6270\u5f39\u7b49\u591a\u79cd\u5e72\u6270\u624b\u6bb5\u3002", "events": [], "arguments": {"loc": [], "time": [], "country": [], "weapon": []}}, {"sentence": "\u53cc\u65b9\u4ea4\u624b\u7b2c\u4e00\u4e2a\u56de\u5408\u5c31\u9677\u5165\u80f6\u7740\u72b6\u6001\uff0c\u6253\u5f97\u96be\u89e3\u96be\u5206\u2026\u2026", "events": [], "arguments": {"loc": [], "time": [], "country": [], "weapon": []}}, {"sentence": "\u5bf9\u6297\u6f14\u7ec3\u4e00\u7ed3\u675f\uff0c\u9646\u7a7a\u53cc\u65b9\u5c31\u5750\u5728\u4e00\u8d77\u4e92\u63ed\u77ed\u677f\uff0c\u68b3\u7406\u51fa\u914d\u7f6e\u706b\u529b\u4ea4\u53c9\u7a7a\u9699\u5927\u3001\u4fe1\u606f\u8fdc\u8ddd\u4f20\u8f93\u4e0d\u7a33\u5b9a\u3001\u8fd1\u8ddd\u4f4e\u7a7a\u641c\u7d22\u5b58\u5728\u76f2\u533a\u7b496\u7c7b18\u4e2a\u95ee\u9898\uff0c\u529b\u4e89\u5b9e\u73b0\u6253\u4e00\u4ed7\u8fdb\u4e00\u6b65\u3002", "events": [], "arguments": {"loc": [], "time": [], "country": [], "weapon": []}}]