[{"sentence": "\u7f8e\u547c\u5401\u4fc4\u505c\u6b62\u7814\u53d1\u6838\u52a8\u529b\u5de1\u822a\u5bfc\u5f39\uff1a\u8fd9\u5c31\u662f\u4e2a\u201c\u98de\u884c\u7684\u5207\u5c14\u8bfa\u8d1d\u5229\u201d", "events": [], "arguments": {"loc": [], "time": [], "country": [], "weapon": []}}, {"sentence": "\u3010\u73af\u7403\u65f6\u62a5\u8bb0\u8005 \u67f3\u7389\u9e4f\u3011", "events": [], "arguments": {"loc": [], "time": [], "country": [], "weapon": []}}, {"sentence": "\u7f8e\u56fd\u9ad8\u5b98\u8fd1\u65e5\u547c\u5401\u4fc4\u7f57\u65af\u505c\u6b62\u7814\u53d1\u6838\u52a8\u529b\u5de1\u822a\u5bfc\u5f39\uff0c\u79f0\u8fd9\u5c31\u662f\u4e2a\u201c\u4f1a\u98de\u7684\u5207\u5c14\u8bfa\u8d1d\u5229\u201d\u3002", "events": [], "arguments": {"loc": [], "time": [], "country": [], "weapon": []}}, {"sentence": "\u4fc4\u7f57\u65af\u5854\u65af\u793e22\u65e5\u62a5\u9053\u79f0\uff0c\u7f8e\u56fd\u603b\u7edf\u519b\u63a7\u4e8b\u52a1\u7279\u4f7f\u9a6c\u6b47\u5c14\u00b7\u6bd4\u6797\u65af\u522921\u65e5\u5728\u53c2\u8bae\u9662\u5916\u4ea4\u59d4\u5458\u4f1a\u542c\u8bc1\u4f1a\u4e0a\u8868\u793a\uff0c\u7f8e\u56fd\u547c\u5401\u4fc4\u7f57\u65af\u505c\u6b62\u5f00\u53d1\u5e76\u5e94\u7528\u5e26\u6709\u6838\u53d1\u52a8\u673a\u7684\u65b0\u578b\u5bfc\u5f39\u3002", "events": [], "arguments": {"loc": [], "time": [], "country": [], "weapon": []}}, {"sentence": "\u7f8e\u65e0\u610f\u7814\u53d1\u9ad8\u8d85\u97f3\u901f\u6838\u6b66\u5668\u3002", "events": [], "arguments": {"loc": [], "time": [], "country": [], "weapon": []}}, {"sentence": "\u4ed6\u79f0\uff1a\u201c\u6211\u4eec\u76f8\u4fe1\u8fd9\u79cd\u6b66\u5668\u6839\u672c\u5c31\u4e0d\u5e94\u8be5\u5b58\u5728\u3002", "events": [], "arguments": {"loc": [], "time": [], "country": [], "weapon": []}}, {"sentence": "\u4e3a\u4ec0\u4e48\u8981\u6709\u6838\u52a8\u529b\u5de1\u822a\u5bfc\u5f39\u5462\uff1f", "events": [], "arguments": {"loc": [], "time": [], "country": [], "weapon": []}}, {"sentence": "\u8fd9\u5c31\u662f\u4e2a\u4f1a\u98de\u7684\u5207\u5c14\u8bfa\u8d1d\u5229\u3002", "events": [], "arguments": {"loc": [], "time": [], "country": [], "weapon": []}}, {"sentence": "\u60f3\u8c61\u4e00\u4e0b\uff0c\u8fd9\u79cd\u6b66\u5668\u5728\u98de\u884c\u4e2d\u80fd\u4ea7\u751f\u600e\u6837\u7684\u8f90\u5c04\u3002", "events": [], "arguments": {"loc": [], "time": [], "country": [], "weapon": []}}, {"sentence": "\u6ca1\u6709\u903b\u8f91\u80fd\u591f\u8bc1\u660e\u672b\u65e5\u6b66\u5668\u7cfb\u7edf\u7684\u6b63\u5f53\u6027\u3002", "events": [], "arguments": {"loc": [], "time": [], "country": [], "weapon": []}}, {"sentence": "\u6211\u8ba4\u4e3a\uff0c\u7f8e\u56fd\u9700\u8981\u7684\u4e0d\u662f\u9ad8\u8d85\u97f3\u901f\u6838\u6b66\u5668\uff0c\u800c\u662f\u5e38\u89c4\u9ad8\u8d85\u97f3\u901f\u6b66\u5668\u3002", "events": [], "arguments": {"loc": [], "time": [], "country": [], "weapon": []}}, {"sentence": "\u201d", "events": [], "arguments": {"loc": [], "time": [], "country": [], "weapon": []}}, {"sentence": "\u4fc4\u603b\u7edf\u666e\u4eac2018\u5e743\u67081\u65e5\u5728\u53d1\u8868\u56fd\u60c5\u54a8\u6587\u65f6\u62ab\u9732\u4e86\u201c\u5148\u950b\u201d\u9ad8\u8d85\u97f3\u901f\u6218\u7565\u5bfc\u5f39\u53ca\u201c\u6d77\u71d5\u201d\u6838\u52a8\u529b\u5de1\u822a\u5bfc\u5f39\u7b49\u65b0\u578b\u6218\u7565\u6b66\u5668\u3002", "events": [], "arguments": {"loc": [], "time": [], "country": [], "weapon": []}}, {"sentence": "\u56e0\u6b64\uff0c\u6bd4\u6797\u65af\u5229\u6b64\u6b21\u6240\u6307\u7684\u5e94\u8be5\u662f\u4fc4\u6b63\u5728\u7814\u53d1\u7684\u201c\u6d77\u71d5\u201d\u6838\u52a8\u529b\u6218\u7565\u5de1\u822a\u5bfc\u5f39\u3002", "events": [], "arguments": {"loc": [], "time": [], "country": [], "weapon": []}}, {"sentence": "\u4fc4\u65b0\u793e21\u65e5\u62a5\u9053\u79f0\uff0c\u5bf9\u4e8e\u7f8e\u65b9\u7684\u547c\u5401\uff0c\u4fc4\u7f57\u65af\u8054\u90a6\u59d4\u5458\u4f1a\u4fe1\u606f\u653f\u7b56\u59d4\u5458\u4f1a\u4e3b\u5e2d\u963f\u5217\u514b\u8c22\u00b7\u666e\u4ec0\u79d1\u592b\u5728\u63a8\u7279\u4e0a\u56de\u5e94\u79f0\uff1a\u201c\u7f8e\u56fd\u7528\u6765\u53d6\u4ee3\u6240\u6709\u2018\u6c11\u5175\u2019\u6d32\u9645\u5f39\u9053\u5bfc\u5f39\u7684\u6700\u65b0\u578b\u6838\u5bfc\u5f39\uff0c\u96be\u9053\u662f\u4eba\u9053\u4e3b\u4e49\u6b66\u5668\u6216\u662f\u2018\u5929\u4e0a\u7684\u5929\u4f7f\u2019\u5417\uff1f", "events": [], "arguments": {"loc": [], "time": [], "country": [], "weapon": []}}, {"sentence": "\u6211\u8981\u544a\u8bc9\u6bd4\u6797\u65af\u5229\uff1a\u90a3\u4e9b\u662f\u2018\u4e16\u754c\u672b\u65e5\u2019\u6b66\u5668\u3002", "events": [], "arguments": {"loc": [], "time": [], "country": [], "weapon": []}}, {"sentence": "\u201d\u666e\u4ec0\u79d1\u592b\u79f0\uff0c\u7f8e\u56fd\u5e94\u5c06\u91cd\u70b9\u653e\u5728\u63a7\u5236\u6838\u6b66\u5668\u7684\u65b0\u673a\u5236\u4e0a\uff0c\u800c\u4e0d\u662f\u544a\u8bc9\u4fc4\u7f57\u65af\u201c\u8be5\u505a\u4ec0\u4e48\u6216\u4e0d\u8be5\u505a\u4ec0\u4e48\u201d\u3002", "events": [], "arguments": {"loc": [], "time": [], "country": [], "weapon": []}}, {"sentence": "\u4fc4\u300a\u56fd\u9632\u300b\u6742\u5fd7\u4e3b\u7f16\u4f0a\u6208\u5c14\u00b7\u79d1\u7f57\u7434\u79d1\u79f0\uff0c\u5728\u6838\u52a8\u529b\u5bfc\u5f39\u5f00\u53d1\u65b9\u9762\u7f8e\u56fd\u843d\u540e\u4fc4\u7f57\u65af10-15\u5e74\uff0c\u8fd9\u662f\u7f8e\u65b9\u8fd9\u6837\u547c\u5401\u7684\u4e3b\u8981\u539f\u56e0\u3002", "events": [], "arguments": {"loc": [], "time": [], "country": [], "weapon": []}}, {"sentence": "\u7f8e\u56fd\u65e8\u5728\u51cf\u6162\u4fc4\u7f57\u65af\u7684\u8fd9\u6b3e\u5bfc\u5f39\u53d1\u5c55\u901f\u5ea6\u3002", "events": [], "arguments": {"loc": [], "time": [], "country": [], "weapon": []}}, {"sentence": "\u6709\u6d88\u606f\u79f0\uff0c\u53bb\u5e74\u521d\uff0c\u8fd9\u6b3e\u88ab\u5916\u754c\u5b9a\u4e49\u4e3a\u98de\u884c\u534a\u5f84\u51e0\u4e4e\u4e0d\u53d7\u9650\u5236\u7684\u6218\u7565\u6b66\u5668\u7684\u6838\u52a8\u529b\u66fe\u6210\u529f\u5b8c\u6210\u8bd5\u9a8c\uff0c\u6838\u52a8\u529b\u88c5\u7f6e\u5b8c\u5168\u7b26\u5408\u6280\u672f\u8981\u6c42\u3002", "events": [], "arguments": {"loc": [], "time": [], "country": [], "weapon": []}}]