[{"sentence": "\u65e5\u5a92\uff1a\u65e5\u672c\u6218\u8230\u53c2\u52a0\u73af\u592a\u5e73\u6d0b\u519b\u6f14\u524d\u7a81\u73b0\u65b0\u51a0\u611f\u67d3", "events": [], "arguments": {"loc": [], "time": [], "country": [], "weapon": []}}, {"sentence": "\u3010\u73af\u7403\u65f6\u62a5\u8bb0\u8005 \u90ed\u4f1f\u6c11\u3011", "events": [], "arguments": {"loc": [], "time": [], "country": [], "weapon": []}}, {"sentence": "\u65e5\u672c\u300a\u671d\u65e5\u65b0\u95fb\u300b\u79f0\uff0c\u65e5\u672c\u9632\u536b\u770121\u65e5\u5ba3\u5e03\uff0c\u6d77\u4e0a\u81ea\u536b\u961f\u5b99\u65af\u76fe\u9a71\u9010\u8230\u201c\u8db3\u67c4\u201d\u53f7\u4e00\u540d20\u591a\u5c81\u7537\u6027\u8239\u5458\u786e\u8bca\u611f\u67d3\u65b0\u51a0\u80ba\u708e\u3002", "events": [], "arguments": {"loc": [], "time": [], "country": [], "weapon": []}}, {"sentence": "\u8fd9\u662f\u65e5\u672c\u81ea\u536b\u961f\u8230\u8247\u9996\u6b21\u51fa\u73b0\u65b0\u51a0\u611f\u67d3\u3002", "events": [], "arguments": {"loc": [], "time": [], "country": [], "weapon": []}}, {"sentence": "\u201c\u8db3\u67c4\u201d\u53f7\u539f\u5b9a\u4e8e23\u65e5\u51fa\u53d1\u524d\u5f80\u590f\u5a01\u5937\u5468\u8fb9\u6d77\u57df\uff0c\u53c2\u4e0e\u7f8e\u56fd\u6d77\u519b\u7ec4\u7ec7\u7684\u73af\u592a\u5e73\u6d0b\u519b\u6f14\u3002", "events": [], "arguments": {"loc": [], "time": [], "country": [], "weapon": []}}, {"sentence": "\u636e\u62a5\u9053\uff0c\u76ee\u524d\u5df2\u5bf9\u201c\u8db3\u67c4\u201d\u53f7\u5168\u4f53\u8239\u5458\u8fdb\u884c\u6838\u9178\u68c0\u6d4b\u3002", "events": [], "arguments": {"loc": [], "time": [], "country": [], "weapon": []}}, {"sentence": "\u9632\u536b\u7701\u79f0\uff0c\u786e\u8bca\u8239\u5458\u4e3a\u65e0\u75c7\u72b6\u611f\u67d3\u8005\uff0c\u8be5\u8230\u8247\u5176\u4ed6\u4eba\u5458\u7684\u68c0\u6d4b\u7ed3\u679c\u90fd\u4e3a\u9634\u6027\u3002", "events": [], "arguments": {"loc": [], "time": [], "country": [], "weapon": []}}, {"sentence": "\u786e\u8bca\u8239\u5458\u4ee5\u53ca\u6709\u8fc7\u5bc6\u5207\u63a5\u89e6\u768421\u4eba\u5df2\u4e0b\u8239\u8fdb\u884c\u9694\u79bb\u3002", "events": [], "arguments": {"loc": [], "time": [], "country": [], "weapon": []}}, {"sentence": "\u9a71\u9010\u8230\u5185\u4e5f\u5df2\u6d88\u6bd2\u3002", "events": [], "arguments": {"loc": [], "time": [], "country": [], "weapon": []}}, {"sentence": "\u201c\u8db3\u67c4\u201d\u53f7\u5c06\u5728\u4f50\u4e16\u4fdd\u6d77\u57df\u505c\u7559\u4e24\u5468\u5de6\u53f3\uff0c\u5982\u679c\u8239\u5458\u6ca1\u6709\u5176\u4ed6\u5f02\u5e38\u60c5\u51b5\uff0c\u9884\u8ba1\u5c06\u6309\u539f\u8ba1\u5212\u524d\u5f80\u590f\u5a01\u5937\u53c2\u52a0\u6f14\u4e60\u3002", "events": [], "arguments": {"loc": [], "time": [], "country": [], "weapon": []}}, {"sentence": "\u7f8e\u56fd\u6d77\u519b\u4e3b\u529e\u7684\u73af\u592a\u5e73\u6d0b\u519b\u6f14\u6bcf\u4e24\u5e74\u4e3e\u529e\u4e00\u6b21\uff0c\u65e5\u672c\u6d77\u4e0a\u81ea\u536b\u961f\u81ea1980\u5e74\u5f00\u59cb\u53c2\u52a0\u3002", "events": [], "arguments": {"loc": [], "time": [], "country": [], "weapon": []}}, {"sentence": "\u4eca\u5e74\u4e3a\u9632\u6b62\u75ab\u60c5\u6269\u6563\uff0c\u8239\u5458\u5c06\u4e0d\u53c2\u4e0e\u9646\u4e0a\u6f14\u7ec3\u79d1\u76ee\uff0c\u4ec5\u53c2\u52a0\u6d77\u4e0a\u8bad\u7ec3\u3002", "events": [], "arguments": {"loc": [], "time": [], "country": [], "weapon": []}}, {"sentence": "\u65e5\u672c\u5e7f\u64ad\u534f\u4f1a\u7535\u89c6\u53f0\u79f0\uff0c\u9664\u4e86\u8be5\u786e\u8bca\u8239\u5458\u4e4b\u5916\uff0c\u201c\u8db3\u67c4\u201d\u53f7\u548c\u53e6\u5916\u4e00\u8258\u53c2\u52a0\u6f14\u4e60\u7684\u6218\u8230\u4e0a\u5e76\u6ca1\u53d1\u73b0\u786e\u8bca\u4eba\u5458\u3002", "events": [], "arguments": {"loc": [], "time": [], "country": [], "weapon": []}}, {"sentence": "\u65e5\u672c\u65f6\u4e8b\u901a\u8baf\u793e\u79f0\uff0c\u65e5\u672c\u6d77\u4e0a\u81ea\u536b\u961f\u5c06\u4e8e8\u670817\u65e5\u81f331\u65e5\u53c2\u52a0\u7f8e\u56fd\u6d77\u519b\u5728\u590f\u5a01\u5937\u9644\u8fd1\u4e3e\u884c\u7684\u73af\u592a\u5e73\u6d0b\u591a\u56fd\u6d77\u519b\u6f14\u4e60\uff08RIMPAC\uff09\u3002", "events": [], "arguments": {"loc": [], "time": [], "country": [], "weapon": []}}, {"sentence": "\u9664\u4e86\u201c\u8db3\u67c4\u201d\u53f7\u9a71\u9010\u8230\u4e4b\u5916\uff0c\u53e6\u4e00\u8258\u662f\u76f4\u5347\u673a\u6bcd\u8230\u201c\u4f0a\u52bf\u201d\u53f7\u3002", "events": [], "arguments": {"loc": [], "time": [], "country": [], "weapon": []}}]