[{"sentence": "\u201c\u65b0\u795e\u76fe\u201d\u6765\u4e86\uff01", "events": [], "arguments": {"loc": [], "time": [], "country": [], "weapon": []}}, {"sentence": "\u7f8e\u519b\u9a71\u9010\u8230\u5f00\u59cb\u5b89\u88c5SPY-6\u76f8\u63a7\u9635\u96f7\u8fbe", "events": [], "arguments": {"loc": [], "time": [], "country": [], "weapon": []}}, {"sentence": "\u3010\u73af\u7403\u7f51\u62a5\u9053 \u8bb0\u8005 \u5f90\u7490\u660e\u3011", "events": [], "arguments": {"loc": [], "time": [], "country": [], "weapon": []}}, {"sentence": "\u7f8e\u56fd\u6d77\u519b\u4e3a\u65b0\u578b\u201c\u963f\u5229\u4f2f\u514b\u201d\u7ea7\u9a71\u9010\u8230\u7814\u53d1\u7684\u201c\u65b0\u795e\u76fe\u201d\u2014\u2014\u9996\u53f0SPY-6\u6709\u6e90\u76f8\u63a7\u9635\u96f7\u8fbe\u5df2\u7ecf\u6b63\u5f0f\u4ea4\u4ed8\uff0c\u800c\u8fd9\u79cd\u96f7\u8fbe\u5c06\u8ba9\u7f8e\u519b\u9a71\u9010\u8230\u7684\u4f5c\u6218\u80fd\u529b\u5927\u589e\u3002", "events": [], "arguments": {"loc": [], "time": [], "country": [], "weapon": []}}, {"sentence": "\u636e\u7f8e\u56fd\u201c\u9632\u52a1\u65b0\u95fb\u201d7\u670821\u65e5\u62a5\u9053\uff0c\u7f8e\u56fd\u6d77\u519b\u5df2\u7ecf\u5411Flight III\u578b\u201c\u963f\u5229\u4f2f\u514b\u201d\u7ea7\u9a71\u9010\u8230\u201c\u6770\u514b\u00b7\u5362\u5361\u65af\u201d\u53f7\u4ea4\u4ed8\u4e86\u9996\u53f0AN/SPY-6\u6709\u6e90\u76f8\u63a7\u9635\u96f7\u8fbe\u7cfb\u7edf\uff0c\u8fd9\u79cd\u96f7\u8fbe\u662f\u4e13\u95e8\u4e3a\u63d0\u5347\u201c\u963f\u5229\u4f2f\u514b\u201d\u7ea7\u9a71\u9010\u8230\u7684\u9632\u7a7a\u53cd\u5bfc\u80fd\u529b\u8bbe\u8ba1\u7684\u3002", "events": [], "arguments": {"loc": [], "time": [], "country": [], "weapon": []}}, {"sentence": "AN/SPY-6\u6709\u6e90\u76f8\u63a7\u9635\u96f7\u8fbe\u7cfb\u7edf", "events": [], "arguments": {"loc": [], "time": [], "country": [], "weapon": []}}, {"sentence": "\u62a5\u9053\u79f0\uff0cSPY-6\u96f7\u8fbe\u7075\u654f\u5ea6\u662f\u76ee\u524d\u4f7f\u7528\u7684SPY-1\u96f7\u8fbe\u768430\u500d\uff0c\u4f46\u8fd9\u79cd\u65b0\u96f7\u8fbe\u4e5f\u9700\u8981\u66f4\u591a\u7684\u80fd\u91cf\uff0c\u8fd9\u4f7f\u5f97\u4eceFlight IIA\u578b\u201c\u963f\u5229\u4f2f\u514b\u201d\u7ea7\u9a71\u9010\u8230\u5f00\u59cb\u5c31\u8981\u8fdb\u884c\u91cd\u65b0\u8bbe\u8ba1\u3002", "events": [], "arguments": {"loc": [], "time": [], "country": [], "weapon": []}}, {"sentence": "\u6b63\u5728\u5efa\u9020\u7684\u201c\u6770\u514b\u00b7\u5362\u5361\u65af\u201d\u53f7\u9a71\u9010\u8230\u662f\u9996\u8258\u88c5\u5907SPY-6\u76f8\u63a7\u9635\u96f7\u8fbe\u7cfb\u7edf\u7684\u6218\u8230\uff0c\u8be5\u8230\u8ba1\u5212\u57282024\u5e74\u4ea4\u4ed8\u3002", "events": [], "arguments": {"loc": [], "time": [], "country": [], "weapon": []}}, {"sentence": "SPY-6\u65b0\u578b\u6709\u6e90\u76f8\u63a7\u9635\u96f7\u8fbe\u7cfb\u7edf\u6b63\u51c6\u5907\u6210\u4e3a\u7f8e\u56fd\u6d77\u519b\u8230\u961f\u7684\u201c\u6807\u914d\u201d\uff0c\u7f8e\u56fd\u6d77\u519b\u8fd8\u8ba1\u5212\u5728\u65e7\u578b\u7684\u201c\u963f\u5229\u4f2f\u514b\u201d\u7ea7\u9a71\u9010\u8230\u4e0a\u5b89\u88c5\u4e00\u79cd\u7f29\u5c0f\u7248\u7684\u96f7\u8fbe\u7cfb\u7edf\uff0c\u4ee5\u4fdd\u8bc1\u65b0\u8001\u6218\u8230\u7684\u4e92\u901a\u6027\uff0c\u672a\u6765\u4e5f\u4f1a\u5c06\u8fd9\u79cd\u7f29\u5c0f\u7248\u96f7\u8fbe\u5b89\u88c5\u5728\u7531\u82ac\u574e\u8482\u91cc\u516c\u53f8\u5efa\u9020\u7684FFG(X)\u62a4\u536b\u8230\u4e0a\u3002", "events": [], "arguments": {"loc": [], "time": [], "country": [], "weapon": []}}, {"sentence": "\u96f7\u58f0\u516c\u53f8\u5bfc\u5f39\u548c\u9632\u5fa1\u4e1a\u52a1\u603b\u88c1\u7ef4\u514b\u00b7\u514b\u96f7\u9ed87\u670815\u5728\u63a5\u53d7\u91c7\u8bbf\u65f6\u66fe\u8868\u793a\uff0cSPY-6\u96f7\u8fbe\u7684\u8bbe\u8ba1\u662f\u7528\u4e8e\u540c\u65f6\u5904\u7406\u591a\u4e2a\u4efb\u52a1\uff0c\u4f46\u4e0d\u4f1a\u4e27\u5931\u5bf9\u5355\u4e2a\u4efb\u52a1\u7684\u7cbe\u51c6\u5ea6\u3002", "events": [], "arguments": {"loc": [], "time": [], "country": [], "weapon": []}}, {"sentence": "\u4ed6\u8bf4\uff1a\u201cSPY-6\u96f7\u8fbe\u5728\u80fd\u529b\u4e0a\u662f\u5411\u524d\u8fc8\u4e86\u4e00\u6b65\uff0c\u4f46\u66f4\u4e3a\u91cd\u8981\u7684\u662f\u5b83\u7684\u8bbe\u8ba1\u4f7f\u5176\u5c31\u6709\u96be\u4ee5\u7f6e\u4fe1\u7684\u4f5c\u6218\u8303\u56f4\u548c\u7075\u654f\u5ea6\uff0c\u80fd\u591f\u652f\u6301\u6d77\u519b\u9a71\u9010\u8230\u7684\u6240\u6709\u4efb\u52a1\u540c\u65f6\u8fdb\u884c\uff0c\u5305\u62ec\u9632\u5fa1\u5f39\u9053\u5bfc\u5f39\u3001\u6c34\u9762\u4f5c\u6218\u548c\u9632\u7a7a\u4f5c\u6218\u3002", "events": [], "arguments": {"loc": [], "time": [], "country": [], "weapon": []}}, {"sentence": "\u201d\u201c\u8be5\u96f7\u8fbe\u5c31\u53ef\u4ee5\u5728\u7535\u5b50\u653b\u51fb\u6216\u7535\u5b50\u5e72\u6270\u7684\u73af\u5883\u4e0b\u5b8c\u6210\u5de5\u4f5c\uff0c\u8fd9\u5c31\u662f\u5b83\u7684\u9b54\u529b\u6240\u5728\u3002", "events": [], "arguments": {"loc": [], "time": [], "country": [], "weapon": []}}, {"sentence": "\u201d", "events": [], "arguments": {"loc": [], "time": [], "country": [], "weapon": []}}, {"sentence": "\u7f8e\u56fd\u6d77\u519b\u5e0c\u671b\u4ece2021\u5e74\u5f00\u59cb\u5b89\u88c5\u7f29\u5c0f\u7248\u7684SPY-6\u96f7\u8fbe\u3002", "events": [], "arguments": {"loc": [], "time": [], "country": [], "weapon": []}}, {"sentence": "\u514b\u96f7\u9ed8\u8868\u793a\uff0c\u9664\u6b64\u4e4b\u5916\uff0c\u96f7\u58f0\u516c\u53f8\u8fd8\u5c06\u65e5\u672c\u548c\u97e9\u56fd\u4f5c\u4e3a\u7f29\u5c0f\u7248SPY-6\u96f7\u8fbe\u7684\u6f5c\u5728\u5ba2\u6237\u3002", "events": [], "arguments": {"loc": [], "time": [], "country": [], "weapon": []}}]