[{"sentence": "\u7f8e\u8bae\u5458\u5411\u56fd\u4f1a\u63d0\u4ea4\u5236\u88c1\u571f\u8033\u5176\u6cd5\u6848\u00a0\u4fc4\u56de\u5e94\uff1a\u5bf9\u571fS400\u4f9b\u5e94\u4e0d\u4f1a\u4e2d\u65ad", "events": [], "arguments": {"loc": [], "time": [], "country": [], "weapon": []}}, {"sentence": "\u3010\u73af\u7403\u7f51\u519b\u4e8b\u62a5\u9053\u3011", "events": [], "arguments": {"loc": [], "time": [], "country": [], "weapon": []}}, {"sentence": "\u4fc4\u7f57\u65af\u536b\u661f\u901a\u8baf\u793e7\u670818\u65e5\u62a5\u9053\uff0c\u4fc4\u7f57\u65af\u8054\u90a6\u59d4\u5458\u4f1a\u56fd\u9645\u4e8b\u52a1\u59d4\u5458\u4f1a\u7b2c\u4e00\u526f\u4e3b\u5e2d\u8d3e\u5df4\u7f57\u592b\u8fd1\u65e5\u8868\u793a\uff0c\u5c3d\u7ba1\u7f8e\u56fd\u5a01\u80c1\u8fdb\u884c\u5236\u88c1\uff0c\u4f46\u4fc4\u7f57\u65af\u4e0d\u4f1a\u505c\u6b62\u5411\u4f9b\u5e94\u571f\u8033\u5176S-400\uff0c\u4fc4\u7f57\u65af\u6b63\u5728\u843d\u5b9e\u5408\u540c\u3002", "events": [], "arguments": {"loc": [], "time": [], "country": [], "weapon": []}}, {"sentence": "\u6b64\u524d\u6709\u62a5\u9053\u79f0\uff0c\u7f8e\u56fd\u5c31\u571f\u8033\u5176\u91c7\u8d2d\u4fc4\u7f57\u65afS-400\u9632\u7a7a\u5bfc\u5f39\u7cfb\u7edf\u5bf9\u571f\u8033\u5176\u653f\u5e9c\u5b9e\u65bd\u5236\u88c1\u7684\u6cd5\u6848\u5df2\u7ecf\u63d0\u4ea4\u81f3\u56fd\u4f1a\uff0c\u8be5\u6587\u4ef6\u7684\u4f5c\u8005\u4e4b\u4e00\u5171\u548c\u515a\u56fd\u4f1a\u8bae\u5458\u4e9a\u5f53\u00b7\u91d1\u8f9b\u683c\u5728\u5176\u7f51\u7ad9\u4e0a\u516c\u5e03\u4e86\u8fd9\u4e00\u6d88\u606f\u3002", "events": [], "arguments": {"loc": [], "time": [], "country": [], "weapon": []}}, {"sentence": "\u4fc4\u7f57\u65af\u8054\u90a6\u59d4\u5458\u4f1a\u56fd\u9645\u4e8b\u52a1\u59d4\u5458\u4f1a\u7b2c\u4e00\u526f\u4e3b\u5e2d\u8d3e\u5df4\u7f57\u592b\u5bf9\u6b64\u8868\u793a\uff1a\u201c\u5982\u8bba\u7f8e\u56fd\u56fd\u4f1a\u505a\u51fa\u600e\u6837\u7684\u51b3\u5b9a\uff0c\u5c65\u884c\u534f\u8bae\u90fd\u4e0d\u4f1a\u6709\u9000\u8def\u3002", "events": [], "arguments": {"loc": [], "time": [], "country": [], "weapon": []}}, {"sentence": "\u6b63\u5728\u6267\u884c\u5408\u540c\u3002", "events": [], "arguments": {"loc": [], "time": [], "country": [], "weapon": []}}, {"sentence": "\u201d", "events": [], "arguments": {"loc": [], "time": [], "country": [], "weapon": []}}, {"sentence": "\u8d3e\u5df4\u7f57\u592b\u8fd8\u8868\u793a\uff0c\u571f\u8033\u5176\u603b\u7edf\u4e0d\u662f\u90a3\u79cd\u4f1a\u5c48\u670d\u4e8e\u534e\u76db\u987f\u8fd9\u79cd\u5a01\u80c1\u7684\u4eba\u3002", "events": [], "arguments": {"loc": [], "time": [], "country": [], "weapon": []}}, {"sentence": "\u4ed6\u5f3a\u8c03\uff1a\u201c\u57c3\u5c14\u591a\u5b89\u662f\u4e00\u4e2a\u56fa\u6267\u7684\u4eba\uff0c\u4ed6\u4e0d\u592a\u53ef\u80fd\u53d7\u5230\u5f71\u54cd\u3002", "events": [], "arguments": {"loc": [], "time": [], "country": [], "weapon": []}}, {"sentence": "\u201d\u8d3e\u5df4\u7f57\u592b\u5f3a\u8c03\u8bf4\uff1a\u201c\u6709\u8fd9\u6837\u4e00\u79cd\u611f\u89c9\uff0c\u4ed6\u4eec\uff08\u6307\u7f8e\u56fd\uff09\u5df2\u7ecf\u56e0\u5236\u88c1\u53d1\u75af\u3002", "events": [], "arguments": {"loc": [], "time": [], "country": [], "weapon": []}}, {"sentence": " \u8fd9\u662f\u4ed6\u4eec\u7684\u4e00\u5207\uff0c\u800c\u4e0d\u662f\u901a\u8fc7\u6cd5\u5f8b\u3002", "events": [], "arguments": {"loc": [], "time": [], "country": [], "weapon": []}}, {"sentence": "\u201d", "events": [], "arguments": {"loc": [], "time": [], "country": [], "weapon": []}}, {"sentence": "2019\u5e747\u6708\u4e2d\u65ec\uff0c\u4fc4\u7f57\u65af\u5f00\u59cb\u5411\u571f\u8033\u5176\u4ea4\u4ed8S-400\u9632\u7a7a\u7cfb\u7edf\u3002", "events": [], "arguments": {"loc": [], "time": [], "country": [], "weapon": []}}, {"sentence": "\u7f8e\u56fd\u53cd\u5bf9\u571f\u8033\u5176\u8d2d\u4e70\u4fc4\u5236S-400\u9632\u7a7a\u7cfb\u7edf\uff0c\u5e76\u4ee5\u63a8\u8fdf\u6216\u53d6\u6d88\u5411\u571f\u65b9\u51fa\u552eF-35\u6218\u673a\u548c\u5b9e\u65bd\u5236\u88c1\u76f8\u5a01\u80c1\uff0c\u8981\u6c42\u571f\u8033\u5176\u653e\u5f03\u8fd9\u7b14\u4ea4\u6613\uff0c\u6539\u4e3a\u8d2d\u4e70\u7f8e\u56fd\u7684\u201c\u7231\u56fd\u8005\u201d\u9632\u7a7a\u7cfb\u7edf\uff0c\u4f46\u571f\u8033\u5176\u62d2\u7edd\u8ba9\u6b65\u3002", "events": [], "arguments": {"loc": [], "time": [], "country": [], "weapon": []}}, {"sentence": "7\u670817\u65e5\uff0c\u7f8e\u56fd\u5171\u548c\u515a\u56fd\u4f1a\u8bae\u5458\u4e9a\u5f53\u00b7\u91d1\u8f9b\u683c\u53d1\u5e03\u6d88\u606f\u79f0\uff1a\u201c\u4eca\u65e5\u4f17\u8bae\u9662\u5916\u4ea4\u4e8b\u52a1\u59d4\u5458\u4f1a\u4ee3\u8868\u4e9a\u5f53\u00b7\u91d1\u8f9b\u683c\u3001\u963f\u6bd4\u76d6\u5c14\u00b7\u65af\u6f58\u4f2f\u683c\u4ee5\u53ca\u526f\u4e3b\u5e2d\u9ea6\u514b\u00b7\u9ea6\u514b\u8003\u63d0\u4ea4\u6cd5\u6848\uff0c\u65e8\u5728\u5bf9\u571f\u8033\u5176\u653f\u5e9c\u5c31\u5176\u91c7\u8d2d\u4fc4\u7f57\u65afS-400\u53cd\u5bfc\u7cfb\u7edf\u5b9e\u65bd\u5236\u88c1\u3002", "events": [], "arguments": {"loc": [], "time": [], "country": [], "weapon": []}}, {"sentence": "\u201d", "events": [], "arguments": {"loc": [], "time": [], "country": [], "weapon": []}}]