[{"sentence": "\u4e4c\u514b\u5170\u5c06\u8d2d\u4e70\u7f8e\u56fd16\u8258\u5de1\u903b\u8247\u00a0\u79f0\u53ef\u62b5\u6297\u4fc4\u7f57\u65af\u201c\u4fb5\u7565\u201d", "events": [{"trigger": {"text": "\u8d2d\u4e70", "offset": 4, "length": 2}, "subject": {"text": "\u4e4c\u514b\u5170", "offset": 0, "length": 3}, "object": {"text": "\u7f8e\u56fd16\u8258\u5de1\u903b\u8247", "offset": 6, "length": 8}}], "arguments": {"loc": [], "time": [], "country": [], "weapon": []}}, {"sentence": "\u3010\u73af\u7403\u7f51\u519b\u4e8b\u62a5\u9053\u3011", "events": [], "arguments": {"loc": [], "time": [], "country": [], "weapon": []}}, {"sentence": "\u4fc4\u7f57\u65af\u536b\u661f\u901a\u8baf\u793e7\u670819\u65e5\u62a5\u9053\uff0c\u4e4c\u514b\u5170\u5916\u4ea4\u90e8\u957f\u5fb7\u7c73\u7279\u91cc\u00b7\u5e93\u5217\u5df4\u8868\u793a\uff0c\u7f8e\u56fd\u6279\u51c6\u4e86\u5411\u4e4c\u514b\u5170\u51fa\u552e16\u8258Mark VI\u578b\u5de1\u903b\u8247\u4ee5\u53ca\u76f8\u5e94\u7684\u8bbe\u5907\u3002", "events": [], "arguments": {"loc": [{"text": "\u4e4c\u514b\u5170", "offset": 40, "length": 3}], "time": [{"text": "7\u670819\u65e5", "offset": 8, "length": 5}], "country": [{"text": "\u7f8e\u56fd", "offset": 34, "length": 2}], "weapon": [{"text": "Mark VI\u578b\u5de1\u903b\u8247", "offset": 48, "length": 11}]}}, {"sentence": "6\u6708\u65f6\u7f8e\u56fd\u56fd\u9632\u90e8\u66fe\u8868\u793a\uff0c\u51fa\u552e\u7ed9\u4e4c\u514b\u5170\u7684\u5de1\u903b\u8247\u53ca\u8bbe\u5907\u7684\u4ef7\u683c\u5927\u7ea6\u4e3a6\u4ebf\u7f8e\u5143\u3002", "events": [], "arguments": {"loc": [], "time": [], "country": [], "weapon": []}}, {"sentence": "\u5e93\u5217\u5df4\u5728\u793e\u4ea4\u5a92\u4f53\u4e0a\u5199\u9053\uff1a\u201c\u7f8e\u56fd\u6279\u51c6\u5411\u4e4c\u514b\u5170\u51fa\u552e16\u8258Mark VI\u5de1\u903b\u8247\u548c\u76f8\u5e94\u8bbe\u5907\u3002", "events": [], "arguments": {"loc": [], "time": [], "country": [], "weapon": []}}, {"sentence": "\u8fd9\u5c06\u63d0\u9ad8\u4e4c\u514b\u5170\u7684\u6d77\u4e0a\u6218\u6597\u80fd\u529b\uff0c\u5c06\u6709\u52a9\u4e8e\u62b5\u6297\u9ed1\u6d77\u548c\u4e9a\u901f\u6d77\u73b0\u6709\u7684\u548c\u6f5c\u5728\u7684\u5a01\u80c1\u3002", "events": [], "arguments": {"loc": [], "time": [], "country": [], "weapon": []}}, {"sentence": "\u201d", "events": [], "arguments": {"loc": [], "time": [], "country": [], "weapon": []}}, {"sentence": "\u4ed6\u8868\u793a\uff0c6\u8258\u5de1\u903b\u8247\u662f\u7f8e\u56fd\u5728\u5b89\u5168\u63f4\u52a9\u6846\u67b6\u4e0b\u4e3a\u4e4c\u514b\u5170\u51c6\u5907\u7684\uff0c\u5176\u4f5910\u8258\u5219\u662f\u4e4c\u514b\u5170\u7528\u56fd\u9632\u9884\u7b97\u6765\u8d2d\u4e70\u3002", "events": [], "arguments": {"loc": [], "time": [], "country": [], "weapon": []}}, {"sentence": "\u5e93\u5217\u5df4\u8bf4\uff0c\u8fd9\u4e00\u6b65\u8bf4\u660e\u7f8e\u56fd\u548c\u4e4c\u514b\u5170\u4e4b\u95f4\u7684\u4fe1\u4efb\u6b63\u5728\u589e\u957f\u3002", "events": [], "arguments": {"loc": [], "time": [], "country": [], "weapon": []}}, {"sentence": "\u4ed6\u8bf4\uff0c\u8fd9\u79cd\u652f\u6301\u56fd\u9632\u5de5\u4e1a\u4ee5\u53ca\u5b89\u5168\u4e0e\u9632\u5fa1\u90e8\u95e8\u7684\u6539\u9769\u5c06\u6709\u52a9\u4e8e\u4e4c\u514b\u5170\u201c\u5b9e\u73b0\u73b0\u4ee3\u5316\u3001\u4e0e\u5317\u7ea6\u6b66\u88c5\u529b\u91cf\u8054\u5408\u884c\u52a8\uff0c\u53ef\u4ee5\u6709\u6548\u62b5\u6297\u4fc4\u7f57\u65af\u7684\u4fb5\u7565\u201d\u3002", "events": [], "arguments": {"loc": [], "time": [], "country": [], "weapon": []}}, {"sentence": "7\u6708\u521d\u4e4c\u514b\u5170\u6218\u6597\u8230\u961f\u6307\u6325\u963f\u5217\u514b\u8c22\u00b7\u6d85\u65e5\u70ed\u5df4\u5df4\u66fe\u8bf4\uff0c\u4e4c\u514b\u5170\u6d77\u519b\u51c6\u5907\u4e0e\u4fc4\u7f57\u65af\u8fdb\u884c\u5168\u9762\u7684\u519b\u4e8b\u5bf9\u6297\u3002", "events": [], "arguments": {"loc": [], "time": [], "country": [], "weapon": []}}, {"sentence": "7\u670818\u65e5\uff0c\u4e4c\u514b\u5170\u603b\u7edf\u6cfd\u8fde\u65af\u57fa\u8d23\u6210\u6d85\u65e5\u70ed\u5df4\u5df4\u7528\u5bfc\u5f39\u5168\u9762\u88c5\u5907\u8230\u961f\u3002", "events": [], "arguments": {"loc": [], "time": [], "country": [], "weapon": []}}]