[{"sentence": "\u5bf9\u6807\u89e3\u653e\u519b\uff1f", "events": [], "arguments": {"loc": [], "time": [], "country": [], "weapon": []}}, {"sentence": "\u5370\u5a92\u79f0\u5370\u519b\u5c06\u7d27\u6025\u91c7\u8d2d\u8f7b\u578b\u5766\u514b\uff0c\u4f46\u4ece\u54ea\u4e70\u662f\u4e2a\u96be\u9898", "events": [{"trigger": {"text": "\u7d27\u6025\u91c7\u8d2d", "offset": 6, "length": 4}, "subject": {"text": "\u5370\u519b", "offset": 3, "length": 2}, "object": {"text": "\u8f7b\u578b\u5766\u514b", "offset": 10, "length": 4}}], "arguments": {"loc": [], "time": [], "country": [{"text": "\u5370", "offset": 3, "length": 1}], "weapon": [{"text": "\u8f7b\u578b\u5766\u514b", "offset": 10, "length": 4}]}}, {"sentence": "\u636e\u5370\u5ea6\u300a\u7ecf\u6d4e\u65f6\u62a5\u300b\u62a5\u9053\uff0c\u5370\u5ea6\u653f\u5e9c\u5df2\u6279\u51c6\u5370\u5ea6\u9646\u519b\u7d27\u6025\u91c7\u8d2d\u53ef\u90e8\u7f72\u5728\u9ad8\u6d77\u62d4\u6761\u4ef6\u4e0b\u7684\u8f7b\u578b\u5766\u514b\u3002", "events": [], "arguments": {"loc": [], "time": [], "country": [{"text": "\u5370\u5ea6", "offset": 19, "length": 2}], "weapon": []}}, {"sentence": "\u6d88\u606f\u4eba\u58eb\u79f0\uff0c\u5141\u8bb8\u91cd\u65b0\u5f15\u5165\u8f7b\u578b\u5766\u514b\u5bf9\u5370\u5ea6\u9646\u519b\u6765\u8bf4\u5c06\u662f\u4e00\u6b21\u91cd\u5927\u88c5\u5907\u5347\u7ea7\uff0c\u8fd9\u4e9b\u8f7b\u578b\u5766\u514b\u5728\u4e2d\u5370\u8fb9\u5883\u5730\u533a\u53ef\u80fd\u5c06\u8d77\u5230\u5173\u952e\u4f5c\u7528\uff0c\u4e0e\u91cd\u578b\u4e3b\u6218\u5766\u514b\u76f8\u6bd4\uff0c\u8f7b\u578b\u5766\u514b\u5728\u9ad8\u6d77\u62d4\u6761\u4ef6\u4e0b\u66f4\u52a0\u7075\u6d3b\u3002", "events": [], "arguments": {"loc": [{"text": "\u4e2d\u5370\u8fb9\u5883\u5730\u533a", "offset": 41, "length": 6}], "time": [], "country": [{"text": "\u5370\u5ea6", "offset": 17, "length": 2}], "weapon": [{"text": "\u91cd\u578b\u4e3b\u6218\u5766\u514b", "offset": 58, "length": 6}]}}, {"sentence": "\u6b64\u6b21\u91c7\u8d2d\u5c06\u5728\u52a0\u52d2\u4e07\u6cb3\u8c37\u51b2\u7a81\u540e\u5370\u519b\u8fdb\u884c\u7d27\u6025\u91c7\u8d2d\u7684\u8282\u70b9\u4e0b\u8fdb\u884c\uff0c\u4ee5\u52a0\u5f3a\u5370\u519b\u7684\u9632\u5fa1\u80fd\u529b\u3002", "events": [], "arguments": {"loc": [{"text": "\u52a0\u52d2\u4e07\u6cb3\u8c37", "offset": 6, "length": 5}], "time": [], "country": [], "weapon": []}}, {"sentence": "\u5370\u5a92\u58f0\u79f0\uff0c\u4e2d\u56fd\u4e8e4\u6708\u4e0b\u65ec\u5728\u4e2d\u5370\u8fb9\u5883\u5b9e\u63a7\u7ebf\u6cbf\u7ebf\u90e8\u7f72\u4e86\u65b0\u578b\u768415\u5f0f\u8f7b\u578b\u5766\u514b\u3002", "events": [{"trigger": {"text": "\u90e8\u7f72", "offset": 22, "length": 2}, "subject": {"text": "\u4e2d\u56fd\u4e8e4\u6708\u4e0b\u65ec\u5728\u4e2d\u5370\u8fb9\u5883\u5b9e\u63a7\u7ebf\u6cbf\u7ebf", "offset": 5, "length": 17}, "object": {"text": "\u65b0\u578b\u768415\u5f0f\u8f7b\u578b\u5766\u514b", "offset": 25, "length": 10}}], "arguments": {"loc": [{"text": "\u4e2d\u5370\u8fb9\u5883\u5b9e\u63a7\u7ebf\u6cbf\u7ebf", "offset": 13, "length": 9}], "time": [{"text": "4\u6708\u4e0b\u65ec", "offset": 8, "length": 4}], "country": [{"text": "\u4e2d\u56fd", "offset": 5, "length": 2}], "weapon": [{"text": "15\u5f0f\u8f7b\u578b\u5766\u514b", "offset": 28, "length": 7}]}}, {"sentence": "\u6d88\u606f\u4eba\u58eb\u5bf9\u5370\u5ea6\u300a\u7ecf\u6d4e\u65f6\u62a5\u300b\u8bf4\uff0c\u5370\u5ea6\u9646\u519b\u6b63\u5728\u5bfb\u627e\u80fd\u591f\u7a7a\u6295\u6216\u7a7a\u8fd0\u5230\u524d\u6cbf\u5730\u533a\u7684\u5766\u514b\uff0c\u4ee5\u5b9e\u73b0\u5feb\u901f\u90e8\u7f72\u201c\u904f\u5236\u4fb5\u7565\u201d\u3002", "events": [{"trigger": {"text": "\u5bfb\u627e", "offset": 21, "length": 2}, "subject": {"text": "\u5370\u5ea6\u9646\u519b", "offset": 15, "length": 4}, "object": {"text": "\u80fd\u591f\u7a7a\u6295\u6216\u7a7a\u8fd0\u5230\u524d\u6cbf\u5730\u533a\u7684\u5766\u514b", "offset": 23, "length": 15}}], "arguments": {"loc": [], "time": [], "country": [{"text": "\u5370\u5ea6", "offset": 15, "length": 2}], "weapon": []}}, {"sentence": "\u4e0e\u4e2d\u56fd\u62e5\u6709\u8fde\u63a5\u8fb9\u5883\u7684\u5e7f\u6cdb\u516c\u8def\u7f51\u7edc\u4e0d\u540c\uff0c\u5370\u5ea6\u7684\u57fa\u7840\u8bbe\u65bd\u4ecd\u5728\u5b8c\u5584\u548c\u5347\u7ea7\u4e2d\uff0c\u5c3d\u7ba1\u5370\u5ea6\u5728\u6218\u7565\u6027\u5730\u70b9\u5df2\u7ecf\u4fee\u5efa\u4e86\u524d\u6cbf\u673a\u573a\u3002", "events": [], "arguments": {"loc": [], "time": [], "country": [], "weapon": []}}, {"sentence": "\u5370\u5ea6\u653f\u5e9c\u5728\u4e0a\u5468\u53ec\u5f00\u7684\u4e00\u6b21\u91cd\u8981\u4f1a\u8bae\u4e0a\u6279\u51c6\u4e86\u4e00\u7cfb\u5217\u91cd\u5927\u7d27\u6025\u91c7\u8d2d\u4e8b\u9879\uff0c\u63a8\u51fa\u4e00\u6b3e\u65b0\u7684\u8f7b\u578b\u5766\u514b\u5c31\u662f\u5176\u4e2d\u4e4b\u4e00\uff0c\u6b64\u5916\uff0c\u8fd8\u5305\u62ec\u91c7\u8d2d\u4ea7\u81ea\u4ee5\u8272\u5217\u7684\u65b0\u578b\u5de1\u98de\u5f39\u3001\u66f4\u591a\u7684\u82cd\u9e6d\u65e0\u4eba\u673a\u3001\u66f4\u591a\u7684\u897f\u683c\u00b7\u7ecd\u5c14\u7a81\u51fb\u6b65\u67aa\u3001\u4fbf\u643a\u5f0f\u5730\u7a7a\u5bfc\u5f39\u3001\u957f\u9489\u53cd\u5766\u514b\u5bfc\u5f39\u548c\u4e00\u7cfb\u5217\u5f39\u836f\u3002", "events": [{"trigger": {"text": "\u6279\u51c6", "offset": 17, "length": 2}, "subject": {"text": "\u5370\u5ea6\u653f\u5e9c", "offset": 0, "length": 4}, "object": {"text": "\u4e00\u7cfb\u5217\u91cd\u5927\u7d27\u6025\u91c7\u8d2d\u4e8b\u9879", "offset": 20, "length": 11}}], "arguments": {"loc": [], "time": [], "country": [{"text": "\u4ee5\u8272\u5217", "offset": 59, "length": 3}], "weapon": [{"text": "\u65b0\u578b\u5de1\u98de\u5f39", "offset": 63, "length": 5}, {"text": "\u82cd\u9e6d\u65e0\u4eba\u673a", "offset": 72, "length": 5}, {"text": "\u897f\u683c\u00b7\u7ecd\u5c14\u7a81\u51fb\u6b65\u67aa", "offset": 81, "length": 9}, {"text": "\u4fbf\u643a\u5f0f\u5730\u7a7a\u5bfc\u5f39", "offset": 91, "length": 7}, {"text": "\u957f\u9489\u53cd\u5766\u514b\u5bfc\u5f39", "offset": 99, "length": 7}, {"text": "\u4e00\u7cfb\u5217\u5f39\u836f", "offset": 107, "length": 5}]}}, {"sentence": "\u4f46\u662f\uff0c\u7531\u4e8e\u76ee\u524d\u5f88\u5c11\u6709\u56fd\u5bb6\u751f\u4ea7\u8f7b\u578b\u5766\u514b\uff0c\u56e0\u6b64\u5bf9\u4e8e\u5370\u5ea6\u800c\u8a00\uff0c\u7d27\u6025\u91c7\u8d2d\u8f7b\u5766\u7684\u53ef\u9009\u8303\u56f4\u975e\u5e38\u6709\u9650\u3002", "events": [], "arguments": {"loc": [], "time": [], "country": [], "weapon": []}}, {"sentence": "\u62a5\u9053\u79f0\uff0c\u4ece\u4e2d\u56fd\u91c7\u8d2d\u663e\u7136\u4e0d\u53ef\u80fd\uff0c\u867d\u7136\u7f8e\u56fd\u5df2\u7ecf\u6839\u636e\u5176\u201c\u673a\u52a8\u9632\u62a4\u706b\u529b\u8ba1\u5212\u201d\u7740\u624b\u7814\u5236\u4e86\u4e00\u6b3e\u8f7b\u578b\u5766\u514b\uff0c\u4f46\u5b83\u76ee\u524d\u8fd8\u5904\u4e8e\u539f\u578b\u9636\u6bb5\u3002", "events": [], "arguments": {"loc": [], "time": [], "country": [{"text": "\u7f8e\u56fd", "offset": 17, "length": 2}], "weapon": [{"text": "\u201c\u673a\u52a8\u9632\u62a4\u706b\u529b\u8ba1\u5212\u201d", "offset": 24, "length": 10}]}}, {"sentence": "\u800c\u4fc4\u7f57\u65af\u5219\u62e5\u6709\u53ef\u7a7a\u8fd0\u76842S25M\u8f7b\u578b\u5766\u514b\uff08\u4e25\u683c\u610f\u4e49\u4e0a\u6765\u8bf4\uff0c2S25M\u662f\u4e00\u6b3e\u5766\u514b\u6b7c\u51fb\u8f66\uff09\uff0c\u4e0e\u5370\u519b\u76ee\u524d\u88c5\u5907\u7684T-72\u548cT-90\u5766\u514b\u5177\u6709\u5171\u6027\u3002", "events": [], "arguments": {"loc": [], "time": [], "country": [{"text": "\u4fc4\u7f57\u65af", "offset": 1, "length": 3}], "weapon": [{"text": "2S25M\u8f7b\u578b\u5766\u514b", "offset": 11, "length": 9}, {"text": "T-72\u548cT-90\u5766\u514b", "offset": 52, "length": 11}]}}, {"sentence": "\u5370\u5ea6\u76ee\u524d\u4e3b\u8981\u88c5\u5907\u7684T-72\u3001T-90\u4ee5\u53ca\u963f\u743c\u5766\u514b\u90fd\u5c5e\u4e8e\u91cd\u578b\u4e3b\u6218\u5766\u514b\uff0c\u88ab\u8ba4\u4e3a\u66f4\u9002\u5408\u5728\u5e73\u539f\u5730\u533a\u4f5c\u6218\u3002", "events": [], "arguments": {"loc": [], "time": [], "country": [], "weapon": [{"text": "\u963f\u743c\u5766\u514b", "offset": 20, "length": 4}, {"text": "T-72", "offset": 9, "length": 4}, {"text": "T-90", "offset": 14, "length": 4}]}}, {"sentence": "\u8fd9\u4e9b\u5766\u514b\u4e5f\u5df2\u88ab\u9001\u5f80\u4e2d\u5370\u8fb9\u5883\u9644\u8fd1\uff0c\u4f46\u8ba9\u5b83\u4eec\u5728\u5730\u5f62\u5d0e\u5c96\u8fb9\u5883\u5730\u533a\u884c\u8fdb\u5374\u662f\u4e00\u4e2a\u5927\u95ee\u9898\u3002", "events": [], "arguments": {"loc": [], "time": [], "country": [], "weapon": []}}, {"sentence": "\u5370\u5a92\u79f0\uff0c\u5370\u5ea6\u8fc7\u53bb\u66fe\u4f7f\u7528\u8fc7\u8f7b\u578b\u5766\u514b\uff0c\u8fd9\u4e9b\u8f7b\u578b\u5766\u514b\u66fe\u53c2\u4e0e\u8fc71947-48\u5e74\u7684\u7b2c\u4e00\u6b21\u5370\u5df4\u6218\u4e89\u4ee5\u53ca1962\u5e74\u7684\u4e2d\u5370\u8fb9\u754c\u81ea\u536b\u53cd\u51fb\u6218\uff0c\u968f\u7740\u4e16\u754c\u5404\u56fd\u8f6c\u5411\u5efa\u8bbe\u91cd\u578b\u88c5\u7532\u90e8\u961f\uff0c\u8fd9\u4e9b\u8f7b\u578b\u5766\u514b\u6700\u7ec8\u88ab\u6dd8\u6c70\u3002", "events": [], "arguments": {"loc": [], "time": [{"text": "1947-48\u5e74", "offset": 27, "length": 8}, {"text": "1962\u5e74", "offset": 45, "length": 5}], "country": [], "weapon": []}}]