[{"sentence": "\u4fc4\u7f57\u65af\u8981\u9020\u51c6\u822a\u6bcd\u4e86\uff0c\u5728\u514b\u91cc\u7c73\u4e9a\u540c\u65f6\u5f00\u5de5\u5efa\u9020\u4e24\u8258", "events": [{"trigger": {"text": "\u5f00\u5de5\u5efa\u9020", "offset": 17, "length": 4}, "subject": {"text": "\u4fc4\u7f57\u65af", "offset": 0, "length": 3}, "object": {"text": "\u822a\u6bcd", "offset": 6, "length": 2}}], "arguments": {"loc": [{"text": "\u514b\u91cc\u7c73\u4e9a", "offset": 11, "length": 4}], "time": [], "country": [{"text": "\u4fc4\u7f57\u65af", "offset": 0, "length": 3}], "weapon": [{"text": "\u51c6\u822a\u6bcd", "offset": 5, "length": 3}]}}, {"sentence": "\u3010\u73af\u7403\u7f51\u519b\u4e8b\u62a5\u9053\u3011", "events": [], "arguments": {"loc": [], "time": [], "country": [], "weapon": []}}, {"sentence": "\u4fc4\u7f57\u65af\u536b\u661f\u901a\u8baf\u793e7\u670816\u65e5\u62a5\u9053\uff0c\u4fc4\u7f57\u65af\u9020\u8239\u4e1a\u6d88\u606f\u4eba\u58eb\u900f\u9732\uff0c\u4fc4\u7f57\u65af\u9996\u6b21\u5f00\u5de5\u5efa\u9020\u76f4\u5347\u673a\u822a\u6bcd\uff0c\u5c06\u4e8e7\u670816\u65e5\u5728\u514b\u91cc\u7c73\u4e9a\u5171\u548c\u56fd\u523b\u8d64\u5e02\u201c\u6d77\u6e7e\u201d\u9020\u8239\u5382\u540c\u65f6\u5f00\u5de5\u5efa\u9020\u4e24\u825823900\u578b\u901a\u7528\u767b\u9646\u8230\u3002", "events": [{"trigger": {"text": "\u5f00\u5de5\u5efa\u9020", "offset": 71, "length": 4}, "subject": {"text": "\u4fc4\u7f57\u65af", "offset": 29, "length": 3}, "object": {"text": "\u4e24\u825823900\u578b\u901a\u7528\u767b\u9646\u8230", "offset": 75, "length": 13}}], "arguments": {"loc": [{"text": "\u514b\u91cc\u7c73\u4e9a\u5171\u548c\u56fd\u523b\u8d64\u5e02\u201c\u6d77\u6e7e\u201d\u9020\u8239\u5382", "offset": 52, "length": 17}], "time": [{"text": "7\u670816\u65e5", "offset": 46, "length": 5}], "country": [{"text": "\u4fc4\u7f57\u65af", "offset": 29, "length": 3}], "weapon": [{"text": "\u76f4\u5347\u673a\u822a\u6bcd", "offset": 38, "length": 5}, {"text": "23900\u578b\u901a\u7528\u767b\u9646\u8230", "offset": 77, "length": 11}]}}, {"sentence": "\u6d88\u606f\u4eba\u58eb\u79f0\uff1a\u201c\u4fc4\u7f57\u65af\u9996\u6b21\u5f00\u5de5\u5efa\u9020\u4e24\u8258\u65b0\u578b\u76f4\u5347\u673a\u822a\u6bcd\uff0c\u8fd9\u662f\u4fc4\u7f57\u65af\u7248\u7684\u2018\u897f\u5317\u98ce\u2019\u7ea7\u522b\u7684\u8230\u8247\u3002", "events": [], "arguments": {"loc": [], "time": [], "country": [], "weapon": [{"text": "\u2018\u897f\u5317\u98ce\u2019\u7ea7\u522b\u7684\u8230\u8247", "offset": 33, "length": 10}]}}, {"sentence": "\u5f00\u5de5\u4eea\u5f0f\u5c06\u5728\u523b\u8d64\u2018\u6d77\u6e7e\u2019\u9020\u8239\u5382\u4e3e\u884c\u3002", "events": [], "arguments": {"loc": [{"text": "\u523b\u8d64\u2018\u6d77\u6e7e\u2019\u9020\u8239\u5382", "offset": 6, "length": 9}], "time": [], "country": [], "weapon": []}}, {"sentence": "\u201d", "events": [], "arguments": {"loc": [], "time": [], "country": [], "weapon": []}}, {"sentence": "\u4ed6\u8868\u793a\uff0c\u8fd9\u6b3e23900\u578b\u76f4\u5347\u673a\u822a\u6bcd\u7684\u6218\u672f\u6280\u672f\u6027\u80fd\u5c1a\u4e0d\u6e05\u695a\uff0c\u4f46\u4ed6\u8bf4\u201c\u4eea\u5f0f\u540e\u8ba1\u5212\u5ba3\u5e03\uff08\u5177\u4f53\u6027\u80fd\uff09\u3002", "events": [], "arguments": {"loc": [], "time": [], "country": [], "weapon": []}}, {"sentence": "\u201d\u636e\u4ecb\u7ecd\uff0c\u8be5\u578b\u901a\u7528\u767b\u9646\u8230\u7684\u9996\u9020\u8230\u5c06\u547d\u540d\u4e3a\u201c\u585e\u74e6\u65af\u6258\u6ce2\u5c14\u201d\u53f7\u3002", "events": [], "arguments": {"loc": [], "time": [], "country": [], "weapon": [{"text": "\u201c\u585e\u74e6\u65af\u6258\u6ce2\u5c14\u201d\u53f7", "offset": 20, "length": 9}]}}, {"sentence": "\u62a5\u9053\u79f0\uff0c\u6839\u636e\u516c\u5f00\u6765\u6e90\u7684\u4fe1\u606f\uff0c23900\u578b\u76f4\u5347\u673a\u822a\u6bcd\u7684\u6392\u6c34\u91cf\u5c06\u8fbe2.5\u4e07\u5428\u3002", "events": [], "arguments": {"loc": [], "time": [], "country": [], "weapon": []}}, {"sentence": "\u9020\u4ef7\u4f30\u8ba1\u4e3a400\u591a\u4ebf\u5362\u5e03\uff08\u7ea65.62\u4ebf\u7f8e\u5143\uff09\u3002", "events": [], "arguments": {"loc": [], "time": [], "country": [], "weapon": []}}, {"sentence": "\u8be5\u7cfb\u5217\u9996\u9020\u8230\u5c06\u4e0d\u665a\u4e8e2027\u5e74\u5efa\u6210\u3002", "events": [], "arguments": {"loc": [], "time": [], "country": [], "weapon": []}}, {"sentence": "\u65b0\u8230\u4e0a\u5c06\u90e8\u7f72\u5361-52K\u3001\u5361-27\u3001\u5361-29\u4ee5\u53ca\u5361-31\u7b49\u578b\u53f7\u76f4\u5347\u673a\u3002", "events": [], "arguments": {"loc": [], "time": [], "country": [], "weapon": [{"text": "\u5361-52K", "offset": 6, "length": 5}, {"text": "\u5361-27", "offset": 12, "length": 4}, {"text": "\u5361-29", "offset": 17, "length": 4}, {"text": "\u5361-31", "offset": 23, "length": 4}]}}, {"sentence": "\u9664\u4e86\u6b66\u88c5\u76f4\u5347\u673a\uff0c\u4fc4\u519b\u8fd8\u8ba1\u5212\u4e3a\u8be5\u578b\u8230\u8247\u88c5\u5907\u201c\u94e0\u7532-M\u201d\u9632\u7a7a\u5f39\u70ae\u7cfb\u7edf\u3001100\u6beb\u7c73\u7684A-190\u578b\u8230\u70ae\u3002", "events": [], "arguments": {"loc": [], "time": [], "country": [{"text": "\u4fc4", "offset": 8, "length": 1}], "weapon": [{"text": "\u201c\u94e0\u7532-M\u201d\u9632\u7a7a\u5f39\u70ae\u7cfb\u7edf", "offset": 20, "length": 12}, {"text": "100\u6beb\u7c73\u7684A-190\u578b\u8230\u70ae", "offset": 33, "length": 14}]}}, {"sentence": "\u6cd5\u56fdDCNS/STX\u516c\u53f8\u4e0e\u4fc4\u7f57\u65af\u56fd\u9632\u4ea7\u54c1\u51fa\u53e3\u516c\u53f8\u57282011\u5e74\u7b7e\u7f72\u4e86\u4f9b\u5e94\u4ef7\u503c12\u4ebf\u6b27\u5143\u7684\u4e24\u8258\u201c\u897f\u5317\u98ce\u201d\u578b\u76f4\u5347\u673a\u822a\u6bcd\u7684\u5408\u540c\u3002", "events": [{"trigger": {"text": "\u7b7e\u7f72\u4e86", "offset": 30, "length": 3}, "subject": {"text": "\u6cd5\u56fdDCNS/STX\u516c\u53f8\u4e0e\u4fc4\u7f57\u65af\u56fd\u9632\u4ea7\u54c1\u51fa\u53e3\u516c\u53f8", "offset": 0, "length": 24}, "object": {"text": "\u4f9b\u5e94\u4ef7\u503c12\u4ebf\u6b27\u5143\u7684\u4e24\u8258\u201c\u897f\u5317\u98ce\u201d\u578b\u76f4\u5347\u673a\u822a\u6bcd\u7684\u5408\u540c", "offset": 33, "length": 26}}], "arguments": {"loc": [], "time": [{"text": "2011\u5e74", "offset": 25, "length": 5}], "country": [], "weapon": [{"text": "\u201c\u897f\u5317\u98ce\u201d\u578b\u76f4\u5347\u673a\u822a\u6bcd", "offset": 45, "length": 11}]}}, {"sentence": "\u201c\u585e\u74e6\u65af\u6258\u6ce2\u5c14\u201d\u53f7\u548c\u201c\u7b26\u62c9\u8fea\u6c83\u65af\u6258\u514b\u201d\u53f7\u8230\u5206\u522b\u4e8e2012\u5e74\u548c2013\u5e74\u5f00\u59cb\u5efa\u9020\uff0c\u4f46\u7531\u4e8e2014\u5e74\u7684\u4e4c\u514b\u5170\u5371\u673a\u548c\u5bf9\u4fc4\u5236\u88c1\uff0c\u5408\u540c\u4e8e2015\u5e74\u88ab\u89e3\u9664\u3002", "events": [{"trigger": {"text": "\u89e3\u9664", "offset": 69, "length": 2}, "subject": {"text": "2014\u5e74\u7684\u4e4c\u514b\u5170\u5371\u673a\u548c\u5bf9\u4fc4\u5236\u88c1", "offset": 43, "length": 16}, "object": {"text": "\u5408\u540c", "offset": 60, "length": 2}}], "arguments": {"loc": [], "time": [{"text": "2012\u5e74", "offset": 24, "length": 5}, {"text": "2013\u5e74", "offset": 30, "length": 5}, {"text": "2014\u5e74", "offset": 43, "length": 5}, {"text": "2015\u5e74", "offset": 63, "length": 5}], "country": [{"text": "\u4e4c\u514b\u5170", "offset": 49, "length": 3}], "weapon": [{"text": "\u201c\u585e\u74e6\u65af\u6258\u6ce2\u5c14\u201d\u53f7", "offset": 0, "length": 9}, {"text": "\u201c\u7b26\u62c9\u8fea\u6c83\u65af\u6258\u514b\u201d\u53f7", "offset": 10, "length": 10}]}}, {"sentence": "\u76f8\u5173\u8230\u8247\u5df2\u51fa\u552e\u7ed9\u57c3\u53ca\u5e76\u5217\u88c5\u8be5\u56fd\u6d77\u519b\u90e8\u961f\u3002", "events": [{"trigger": {"text": "\u51fa\u552e\u7ed9", "offset": 5, "length": 3}, "subject": {"text": "\u76f8\u5173\u8230\u8247", "offset": 0, "length": 4}, "object": {"text": "\u57c3\u53ca\u5e76\u5217\u88c5\u8be5\u56fd\u6d77\u519b\u90e8\u961f", "offset": 8, "length": 11}}], "arguments": {"loc": [], "time": [], "country": [{"text": "\u57c3\u53ca", "offset": 8, "length": 2}], "weapon": []}}]