[{"sentence": "\u7f8e\u519bE-8C\u98de\u673a\u88ab\u66dd\u518d\u6b21\u73b0\u8eab\u5357\u6d77\u4e0a\u7a7a\u00a0\u4e09\u5929\u5185\u7b2c\u4e8c\u6b21\u62b5\u8fd1\u4e2d\u56fd\u5e7f\u4e1c\u6cbf\u6d77", "events": [{"trigger": {"text": "\u88ab\u66dd\u518d\u6b21\u73b0\u8eab", "offset": 8, "length": 6}, "subject": {"text": "\u7f8e\u519bE-8C\u98de\u673a", "offset": 0, "length": 8}, "object": {"text": "\u5357\u6d77\u4e0a\u7a7a", "offset": 14, "length": 4}}], "arguments": {"loc": [{"text": "\u5357\u6d77", "offset": 14, "length": 2}, {"text": "\u4e2d\u56fd\u5e7f\u4e1c\u6cbf\u6d77", "offset": 27, "length": 6}], "time": [], "country": [{"text": "\u7f8e", "offset": 0, "length": 1}, {"text": "\u4e2d\u56fd", "offset": 27, "length": 2}], "weapon": [{"text": "E-8C\u98de\u673a", "offset": 2, "length": 6}]}}, {"sentence": "\u3010\u73af\u7403\u7f51\u62a5\u9053 \u8bb0\u8005 \u5f90\u7490\u660e\u3011", "events": [], "arguments": {"loc": [], "time": [], "country": [], "weapon": []}}, {"sentence": "\u57287\u670813\u65e5\u88ab\u66dd\u5149\u5bf9\u4e2d\u56fd\u5e7f\u4e1c\u7701\u8fdb\u884c\u62b5\u8fd1\u4fa6\u5bdf\u4e4b\u540e\uff0c\u7f8e\u56fd\u7a7a\u519b\u7684E-8C\u4fa6\u5bdf\u673a\u4e8e7\u670815\u65e5\u518d\u6b21\u73b0\u8eab\u5357\u6d77\u4e0a\u7a7a\uff0c\u5e76\u671d\u7740\u4e2d\u56fd\u5e7f\u4e1c\u7701\u65b9\u5411\u98de\u884c\u3002", "events": [], "arguments": {"loc": [], "time": [{"text": "7\u670813\u65e5", "offset": 1, "length": 5}], "country": [], "weapon": [{"text": "E-8C\u4fa6\u5bdf\u673a", "offset": 29, "length": 7}]}}, {"sentence": "\u636e\u201c\u5357\u6d77\u6218\u7565\u6001\u52bf\u611f\u77e5\u8ba1\u5212\u201d\u5e73\u53f07\u670815\u65e5\u53d1\u5e03\u7684\u6d88\u606f\u79f0\uff0c\u7f8e\u56fd\u7a7a\u519b\u7684\u4e00\u67b6E-8C\u201c\u8054\u5408\u661f\u201d\u98de\u673a\u5f53\u5929\u9014\u5f84\u5df4\u58eb\u6d77\u5ce1\u8fdb\u5165\u5357\u6d77\uff0c\u671d\u7740\u4e2d\u56fd\u5e7f\u4e1c\u7701\u65b9\u5411\u98de\u884c\u3002", "events": [], "arguments": {"loc": [], "time": [], "country": [], "weapon": []}}, {"sentence": "\u8fd9\u662f\u7f8e\u519bE-8C\u98de\u673a\u4e09\u5929\u5185\u7b2c\u4e8c\u6b21\u62b5\u8fd1\u5e7f\u4e1c\u6cbf\u6d77\u3002", "events": [], "arguments": {"loc": [], "time": [], "country": [], "weapon": []}}, {"sentence": "7\u670813\u65e5\u5f53\u5929\u4e5f\u6709\u4e00\u67b6E-8C\u201c\u8054\u5408\u661f\u201d\u7531\u53f0\u6e7e\u5357\u90e8\u8fdb\u5165\u5357\u6d77\uff0c\u968f\u540e\u81ea\u4e1c\u5411\u897f\u98de\u884c\uff0c\u4e00\u5ea6\u98de\u81f3\u8ddd\u79bb\u5e7f\u4e1c\u6d77\u5cb867.51\u6d77\u91cc\uff08\u7ea6125\u516c\u91cc\uff09\u7684\u4f4d\u7f6e\u3002", "events": [], "arguments": {"loc": [{"text": "\u5e7f\u4e1c\u6d77\u5cb867.51\u6d77\u91cc", "offset": 45, "length": 11}], "time": [], "country": [], "weapon": []}}, {"sentence": "\u4e0e\u6b64\u524d\u7f8e\u519b\u6d3e\u51fa\u7684\u5bf9\u4e2d\u56fd\u5b9e\u65bd\u62b5\u8fd1\u4fa6\u5bdf\u7684P-8A\u53cd\u6f5c\u5de1\u903b\u673a\u3001RC-135\u4fa6\u5bdf\u673a\u7684\u4e0d\u540c\u7684\u662f\uff0cE-8C\u201c\u8054\u5408\u661f\u201d\u662f\u4e00\u6b3e\u7a7a\u5730\u76d1\u89c6\u98de\u673a\u3002", "events": [], "arguments": {"loc": [], "time": [], "country": [], "weapon": [{"text": "P-8A\u53cd\u6f5c\u5de1\u903b\u673a", "offset": 18, "length": 9}, {"text": "RC-135\u4fa6\u5bdf\u673a", "offset": 28, "length": 9}]}}, {"sentence": "\u8be5\u673a\u578b\u5168\u79f0\u4e3a\u201c\u8054\u5408\u76d1\u89c6\u76ee\u6807\u653b\u51fb\u96f7\u8fbe\u7cfb\u7edf\u201d\uff08JointSTARS\uff09\uff0c\u642d\u8f7d\u6709\u7f8e\u519b\u6700\u5148\u8fdb\u7684\u673a\u8f7d\u5bf9\u5730\u76d1\u89c6\u3001\u76ee\u6807\u641c\u7d22\u548c\u6218\u573a\u7ba1\u7406\u7cfb\u7edf\uff0c\u582a\u79f0\u7f8e\u519b\u7a7a\u5730\u4e00\u4f53\u4f5c\u6218\u7684\u201c\u4e2d\u67a2\u795e\u7ecf\u201d\u3002", "events": [], "arguments": {"loc": [], "time": [], "country": [], "weapon": [{"text": "\u201c\u8054\u5408\u76d1\u89c6\u76ee\u6807\u653b\u51fb\u96f7\u8fbe\u7cfb\u7edf\u201d", "offset": 6, "length": 14}]}}, {"sentence": "\u8be5\u673a\u53ef\u4ee5\u5728\u9632\u533a\u5916\u5bf9\u5730\u9762\u76ee\u6807\u8fdb\u884c\u63a2\u6d4b\u3001\u8bc6\u522b\u3001\u5206\u7c7b\uff0c\u5e76\u5b9e\u65f6\u5c06\u6570\u636e\u4f20\u9012\u7ed9\u540e\u65b9\u6307\u6325\u6240\u3002", "events": [], "arguments": {"loc": [], "time": [], "country": [], "weapon": []}}, {"sentence": "\u201c\u5357\u6d77\u6218\u7565\u6001\u52bf\u611f\u77e5\u8ba1\u5212\u201d\u5e73\u53f0\u79f0\uff0c\u8be5\u673a\u91cd\u70b9\u5728\u4e8e\u76d1\u89c6\u548c\u7814\u5236\u5bf9\u624b\u7684\u5730\u9762\u96f7\u8fbe\u7cfb\u7edf\uff0c\u6b64\u756a\u524d\u6765\u610f\u5728\u641c\u96c6\u5730\u9762\u96f7\u8fbe\u7cfb\u7edf\u6570\u636e\uff0c\u5e76\u53ef\u80fd\u8fdb\u884c\u7535\u78c1\u538b\u5236\u3002", "events": [], "arguments": {"loc": [], "time": [], "country": [], "weapon": []}}, {"sentence": "\u5bf9\u4e8e\u7f8e\u519b\u8230\u673a\u7684\u62b5\u8fd1\u4fa6\u5bdf\u884c\u4e3a\uff0c\u5927\u9646\u56fd\u9632\u90e8\u65b0\u95fb\u53d1\u8a00\u4eba\u5434\u8c26\u5927\u6821\u57286\u6708\u56fd\u9632\u90e8\u4f8b\u884c\u8bb0\u8005\u4f1a\u8868\u793a\uff0c\u5f53\u524d\uff0c\u5728\u5730\u533a\u56fd\u5bb6\u7684\u5171\u540c\u52aa\u529b\u4e0b\uff0c\u4e1c\u6d77\u3001\u5357\u6d77\u7684\u5c40\u52bf\u603b\u4f53\u662f\u7a33\u5b9a\u7684\u3002", "events": [], "arguments": {"loc": [], "time": [], "country": [], "weapon": []}}, {"sentence": "\u8fd9\u5145\u5206\u8bf4\u660e\u57df\u5185\u56fd\u5bb6\u6709\u667a\u6167\u3001\u6709\u80fd\u529b\u3001\u6709\u529e\u6cd5\u901a\u8fc7\u76f4\u63a5\u8c08\u5224\u534f\u5546\uff0c\u59a5\u5904\u5206\u6b67\uff0c\u5171\u62a4\u548c\u5e73\u3002", "events": [], "arguments": {"loc": [], "time": [], "country": [], "weapon": []}}, {"sentence": "\u53cd\u89c2\u4f5c\u4e3a\u57df\u5916\u56fd\u5bb6\u7684\u7f8e\u56fd\uff0c\u6253\u7740\u6240\u8c13\u201c\u822a\u884c\u81ea\u7531\u201d\u7684\u5e4c\u5b50\uff0c\u6d3e\u519b\u7528\u8230\u673a\u6765\u4e1c\u6d77\u3001\u5357\u6d77\u6311\u8845\uff0c\u5bf9\u4e2d\u65b9\u5b9e\u65bd\u9ad8\u9891\u5ea6\u62b5\u8fd1\u4fa6\u5bdf\uff0c\u4e3e\u884c\u9488\u5bf9\u6027\u6781\u5f3a\u7684\u519b\u4e8b\u6f14\u4e60\uff0c\u4e25\u91cd\u5371\u5bb3\u5730\u533a\u56fd\u5bb6\u7684\u4e3b\u6743\u4e0e\u5b89\u5168\u5229\u76ca\uff0c\u4e25\u91cd\u7834\u574f\u672c\u5730\u533a\u7684\u548c\u5e73\u7a33\u5b9a\u3002", "events": [], "arguments": {"loc": [], "time": [], "country": [], "weapon": []}}, {"sentence": "\u4e2d\u56fd\u6d77\u519b\u519b\u4e8b\u4e13\u5bb6\u5f20\u519b\u793e\u8fd1\u65e5\u4e5f\u8868\u793a\uff0c\u4e8b\u5b9e\u4e0a\uff0c\u7f8e\u519b\u957f\u5e74\u7d2f\u6708\u9891\u7e41\u6d3e\u51fa\u519b\u8230\u548c\u6218\u673a\u8fdb\u5165\u5357\u6d77\u5927\u641e\u540d\u76ee\u7e41\u591a\u7684\u519b\u4e8b\u6f14\u4e60\u548c\u5de1\u822a\u6d3b\u52a8\uff0c\u70ab\u8000\u6b66\u529b\uff0c\u751a\u81f3\u6d3e\u51fa\u8230\u673a\u95ef\u5165\u5176\u4ed6\u56fd\u5bb6\u6d77\u7a7a\u57df\u5f00\u5c55\u62b5\u8fd1\u4fa6\u5bdf\u548c\u6240\u8c13\u7684\u201c\u822a\u884c\u81ea\u7531\u884c\u52a8\u201d\uff0c\u4fb5\u72af\u6cbf\u5cb8\u56fd\u4e3b\u6743\u5b89\u5168\uff0c\u7834\u574f\u5357\u6d77\u7684\u548c\u5e73\u7a33\u5b9a\u548c\u826f\u597d\u79e9\u5e8f\uff0c\u8fd9\u624d\u662f\u5f71\u54cd\u5357\u6d77\u5c40\u52bf\u7a33\u5b9a\u7684\u6839\u672c\u539f\u56e0\u3002", "events": [], "arguments": {"loc": [], "time": [], "country": [], "weapon": []}}, {"sentence": "\u76f8\u5173\u62a5\u9053\uff1a", "events": [], "arguments": {"loc": [], "time": [], "country": [], "weapon": []}}, {"sentence": "\u7f8e\u56fd\u5728\u5357\u6d77\u6405\u5c40\u6311\u62e8\u540e\uff0c\u53c8\u6d3e\u519b\u8230\u5230\u5357\u6c99\u7fa4\u5c9b\u822a\u884c\u5236\u9020\u7d27\u5f20", "events": [], "arguments": {"loc": [], "time": [], "country": [], "weapon": []}}, {"sentence": "\u3010\u73af\u7403\u7f51\u62a5\u9053\u8bb0\u8005 \u5f90\u7490\u660e\u3011", "events": [], "arguments": {"loc": [], "time": [], "country": [], "weapon": []}}, {"sentence": "\u5728\u7f8e\u56fd\u56fd\u52a1\u966213\u65e5\u53d1\u8868\u6d89\u5357\u6d77\u58f0\u660e\u540e\uff0c\u7f8e\u519b\u9a71\u9010\u823014\u65e5\u5728\u5357\u6c99\u7fa4\u5c9b\u5f00\u5c55\u4e86\u6240\u8c13\u7684\u201c\u65e0\u5bb3\u901a\u884c\u201d\u822a\u884c\u6d3b\u52a8\u3002", "events": [], "arguments": {"loc": [], "time": [], "country": [], "weapon": []}}, {"sentence": "\u7f8e\u56fd\u592a\u5e73\u6d0b\u8230\u961f7\u670814\u65e5\u5728\u5176\u5b98\u7f51\u4e0a\u53d1\u5e03\u6d88\u606f\u79f0\uff0c\u7f8e\u56fd\u6d77\u519b\u963f\u5229\u4f2f\u514b\u7ea7\u9a71\u9010\u8230\u201c\u62c9\u5c14\u592b\u00b7\u7ea6\u7ff0\u900a\u201d\u53f7\u5f53\u5929\u5728\u5357\u6c99\u7fa4\u5c9b\u5f00\u5c55\u822a\u884c\u6d3b\u52a8\u3002", "events": [{"trigger": {"text": "\u5f00\u5c55", "offset": 52, "length": 2}, "subject": {"text": "\u7f8e\u56fd\u6d77\u519b\u963f\u5229\u4f2f\u514b\u7ea7\u9a71\u9010\u8230\u201c\u62c9\u5c14\u592b\u00b7\u7ea6\u7ff0\u900a\u201d\u53f7\u5f53\u5929\u5728\u5357\u6c99\u7fa4\u5c9b", "offset": 23, "length": 29}, "object": {"text": "\u822a\u884c\u6d3b\u52a8", "offset": 54, "length": 4}}], "arguments": {"loc": [], "time": [], "country": [], "weapon": []}}, {"sentence": "\u7f8e\u56fd\u592a\u5e73\u6d0b\u8230\u961f\u8fd8\u5728\u901a\u544a\u4e2d\u58f0\u79f0\uff0c\u901a\u8fc7\u6b64\u6b21\u201c\u65e0\u5bb3\u901a\u884c\u201d\u884c\u52a8\uff0c\u7ef4\u62a4\u4e86\u5408\u6cd5\u4f7f\u7528\u6d77\u6d0b\u7684\u6743\u5229\u548c\u81ea\u7531\u3002", "events": [], "arguments": {"loc": [], "time": [], "country": [], "weapon": []}}, {"sentence": "\u7f8e\u56fd\u592a\u5e73\u6d0b\u8230\u961f\u53d1\u5e03\u7684\u9a71\u9010\u8230\u201c\u62c9\u5c14\u592b\u00b7\u7ea6\u7ff0\u900a\u201d\u53f7\u9a71\u9010\u8230\u5728\u5357\u6c99\u7fa4\u5c9b\u822a\u884c\u753b\u9762", "events": [], "arguments": {"loc": [], "time": [], "country": [], "weapon": [{"text": "\u9a71\u9010\u8230\u201c\u62c9\u5c14\u592b\u00b7\u7ea6\u7ff0\u900a\u201d\u53f7", "offset": 10, "length": 13}]}}, {"sentence": "\u503c\u5f97\u6ce8\u610f\u7684\u662f\uff0c\u7f8e\u56fd\u519b\u8230\u5f00\u5c55\u6b64\u6b21\u884c\u52a8\u7684\u524d\u4e00\u5929\uff0c\u7f8e\u56fd\u56fd\u52a1\u537f\u84ec\u4f69\u5965\u53d1\u8868\u58f0\u660e\uff0c\u5ba3\u79f0\u4e2d\u56fd\u5728\u5357\u6d77\u8bb8\u591a\u4e3b\u5f20\u201c\u975e\u6cd5\u201d\u3002", "events": [], "arguments": {"loc": [], "time": [], "country": [], "weapon": []}}, {"sentence": "\u84ec\u4f69\u5965\u9009\u62e9\u5728\u6240\u8c13\u201c\u5357\u6d77\u4ef2\u88c1\u6848\u201d4\u5468\u5e74\u4e4b\u9645\u53d1\u8868\u8fd9\u4e00\u58f0\u660e\uff0c\u4f01\u56fe\u5728\u4e2d\u56fd\u5468\u8fb9\u5236\u9020\u65b0\u7684\u7d27\u5f20\uff0c\u8fd9\u662f\u7f8e\u56fd\u8fd1\u6765\u9488\u5bf9\u4e2d\u56fd\u7684\u4e00\u7cfb\u5217\u62b9\u9ed1\u548c\u6253\u538b\u884c\u52a8\u7684\u6700\u65b0\u4e3e\u52a8\u3002", "events": [], "arguments": {"loc": [], "time": [], "country": [], "weapon": []}}, {"sentence": "7\u670814\u65e5\uff0c\u4e2d\u56fd\u5916\u4ea4\u90e8\u53d1\u8a00\u4eba\u8d75\u7acb\u575a\u5728\u8bb0\u8005\u4f1a\u4e0a\u8868\u793a\uff0c\u7f8e\u65b9\u501f\u7092\u4f5c\uff08\u5357\u6d77\uff09\u4ef2\u88c1\u6848\u6765\u670d\u52a1\u81ea\u8eab\u653f\u6cbb\u76ee\u7684\uff0c\u662f\u5bf9\u56fd\u9645\u6d77\u6d0b\u6cd5\u7684\u6ee5\u7528\uff0c\u4e2d\u65b9\u7edd\u4e0d\u63a5\u53d7\u3002", "events": [], "arguments": {"loc": [], "time": [], "country": [], "weapon": []}}, {"sentence": "\u8d75\u7acb\u575a1\u8868\u793a\uff0c\u7f8e\u56fd\u62d2\u7edd\u52a0\u5165\u300a\u8054\u5408\u56fd\u6d77\u6d0b\u6cd5\u516c\u7ea6\u300b\uff0c\u5728\u56fd\u9645\u4e0a\u9891\u9891\u201c\u9000\u7fa4\u6bc1\u7ea6\u201d\uff0c\u5bf9\u56fd\u9645\u6cd5\u5408\u5219\u7528\u4e0d\u5408\u5219\u5f03\uff0c\u9891\u7e41\u6d3e\u9063\u5927\u89c4\u6a21\u5148\u8fdb\u519b\u8230\u519b\u673a\u5728\u5357\u6d77\u5927\u641e\u519b\u4e8b\u5316\uff0c\u63a8\u884c\u5f3a\u6743\u903b\u8f91\u548c\u9738\u9053\u505a\u6cd5\uff0c\u624d\u662f\u672c\u5730\u533a\u548c\u5e73\u7a33\u5b9a\u7684\u7834\u574f\u8005\u548c\u9ebb\u70e6\u5236\u9020\u8005\uff0c\u56fd\u9645\u793e\u4f1a\u770b\u5f97\u5341\u5206\u6e05\u695a\u3002", "events": [], "arguments": {"loc": [], "time": [], "country": [], "weapon": []}}, {"sentence": "\u4e2d\u56fd\u793e\u79d1\u9662\u4e1c\u5357\u4e9a\u7814\u7a76\u4e2d\u5fc3\u4e3b\u4efb\u8bb8\u5229\u5e7314\u65e5\u63a5\u53d7\u300a\u73af\u7403\u65f6\u62a5\u300b\u8bb0\u8005\u91c7\u8bbf\u65f6\u8868\u793a\uff0c\u4eca\u5e74\u8d8a\u5357\u662f\u4e1c\u76df\u8f6e\u503c\u4e3b\u5e2d\u56fd\uff0c\u4e2d\u56fd\u548c\u4e1c\u76df\u6b63\u5728\u52a0\u5feb\u201c\u5357\u6d77\u884c\u4e3a\u51c6\u5219\u201d\u7684\u78cb\u5546\u3002", "events": [], "arguments": {"loc": [], "time": [], "country": [], "weapon": []}}, {"sentence": "\u7f8e\u56fd\u6b64\u65f6\u63d2\u624b\u5357\u6d77\u95ee\u9898\uff0c\u6545\u610f\u5728\u5357\u6d77\u95ee\u9898\u4e0a\u9009\u8fb9\u7ad9\uff0c\u662f\u4f01\u56fe\u8ba9\u5357\u6d77\u4e00\u4e9b\u56fd\u5bb6\u4e0e\u4e2d\u56fd\u5207\u5272\u3001\u8131\u94a9\u548c\u5bf9\u6297\u3002", "events": [], "arguments": {"loc": [], "time": [], "country": [], "weapon": []}}, {"sentence": "\u6b64\u5916\uff0c\u75ab\u60c5\u5bf9\u7f8e\u56fd\u7ecf\u6d4e\u6253\u51fb\u6bd4\u8f83\u5927\uff0c\u5b83\u501f\u6b64\u6e32\u67d3\u4e2d\u56fd\u7684\u5b89\u5168\u5a01\u80c1\uff0c\u4e3a\u81ea\u5df1\u53ef\u80fd\u5356\u519b\u706b\u63d0\u4f9b\u4fbf\u5229\u3002", "events": [], "arguments": {"loc": [], "time": [], "country": [], "weapon": []}}]