[{"sentence": "\u7f8e\u519b\u4e24\u6816\u653b\u51fb\u8230\u88ab\u70e7\u60e8\u72b6\u66dd\u5149\uff1a\u8231\u5185\u4e00\u7247\u7126\u9ed1\uff0c\u8230\u5c9b\u9876\u90e8\u51fa\u73b0\u5927\u6d1e", "events": [{"trigger": {"text": "\u66dd\u5149", "offset": 11, "length": 2}, "subject": {"text": "\u7f8e\u519b\u4e24\u6816\u653b\u51fb\u8230", "offset": 0, "length": 7}, "object": {"text": "\u88ab\u70e7\u60e8\u72b6", "offset": 7, "length": 4}}], "arguments": {"loc": [], "time": [], "country": [{"text": "\u7f8e", "offset": 0, "length": 1}], "weapon": [{"text": "\u4e24\u6816\u653b\u51fb\u8230", "offset": 2, "length": 5}]}}, {"sentence": "\u3010\u73af\u7403\u7f51\u62a5\u9053 \u8bb0\u8005 \u5f90\u7490\u660e\u3011", "events": [], "arguments": {"loc": [], "time": [], "country": [], "weapon": []}}, {"sentence": "\u7f8e\u56fd\u6d77\u519b\u201c\u597d\u4eba\u7406\u67e5\u5fb7\u201d\u53f7\u4e24\u6816\u653b\u51fb\u8230\u81ea7\u670812\u65e5\u4e0a\u5348\u7206\u70b8\u8d77\u706b\u540e\u4ecd\u5728\u6301\u7eed\u71c3\u70e7\uff0c400\u591a\u540d\u6c34\u5175\u548c\u6d88\u9632\u5458\u6295\u5165\u5230\u706d\u706b\u5de5\u4f5c\u4e2d\uff0c\u9664\u4e86\u5728\u6c34\u9762\u4e0a\u4f7f\u7528\u6d88\u9632\u8239\u6d47\u6c34\u964d\u6e29\u4e4b\u5916\uff0c\u7f8e\u519b\u8fd8\u4e0d\u65ad\u51fa\u52a8\u76f4\u5347\u673a\u8fdb\u884c\u6d12\u6c34\u706d\u706b\u3002", "events": [], "arguments": {"loc": [], "time": [{"text": "7\u670812\u65e5", "offset": 18, "length": 5}], "country": [{"text": "\u7f8e\u56fd", "offset": 0, "length": 2}], "weapon": [{"text": "\u201c\u597d\u4eba\u7406\u67e5\u5fb7\u201d\u53f7\u4e24\u6816\u653b\u51fb\u8230", "offset": 4, "length": 13}]}}, {"sentence": "\u800c\u53e6\u4e00\u65b9\u9762\uff0c\u5730\u9762\u7684\u6d88\u9632\u4eba\u5458\u4e5f\u4e00\u76f4\u5728\u5c1d\u8bd5\u8fdb\u5165\u8230\u4f53\u5185\u90e8\u5b9e\u65bd\u706d\u706b\u4f5c\u4e1a\u3002", "events": [], "arguments": {"loc": [], "time": [], "country": [], "weapon": []}}, {"sentence": "\u57287\u670813\u65e5\u706b\u52bf\u6709\u6240\u51cf\u5f31\u7684\u6709\u5229\u65f6\u673a\uff0c\u90e8\u5206\u6d88\u9632\u5458\u8fdb\u5165\u5230\u4e86\u8230\u4f53\u5185\u90e8\uff0c\u8fd9\u8258\u6ee1\u8f7d\u6392\u6c34\u91cf\u57284\u4e07\u5428\u4ee5\u4e0a\u7684\u51c6\u822a\u6bcd\u88ab\u70e7\u540e\u7684\u8231\u5185\u753b\u9762\u4e5f\u9996\u6b21\u66dd\u5149\u3002", "events": [], "arguments": {"loc": [], "time": [], "country": [], "weapon": []}}, {"sentence": "\u5728\u793e\u4ea4\u5a92\u4f53\u4e0a\u516c\u5f00\u4e86\u753b\u9762\u663e\u793a\uff0c\u201c\u597d\u4eba\u7406\u67e5\u5fb7\u201d\u53f7\u7684\u5185\u90e8\u8d27\u8231\u5df2\u7ecf\u662f\u4e00\u7247\u7126\u9ed1\uff0c\u9876\u90e8\u5927\u91cf\u7ba1\u9053\u7ebf\u8def\u6389\u843d\uff0c\u90e8\u5206\u91d1\u5c5e\u90e8\u4ef6\u56e0\u9ad8\u6e29\u53d8\u5f62\u3002", "events": [], "arguments": {"loc": [], "time": [], "country": [], "weapon": []}}, {"sentence": "\u800c\u4ece\u706d\u706b\u76f4\u5347\u673a\u4ece\u7a7a\u4e2d\u4fef\u62cd\u7684\u753b\u9762\u663e\u793a\uff0c\u201c\u597d\u4eba\u7406\u67e5\u5fb7\u201d\u53f7\u7684\u8230\u5c9b\u4e5f\u4e25\u91cd\u53d7\u635f\uff0c\u88ab\u4e0a\u7a9c\u7684\u5927\u706b\u70e7\u51fa\u591a\u4e2a\u5927\u6d1e\uff0c\u524d\u6845\u6746\u574d\u584c\uff0c\u8230\u5c9b\u4e0a\u7684\u4e00\u5177\u201c\u5bc6\u96c6\u9635\u201d\u8fd1\u9632\u6b66\u5668\u7cfb\u7edf\u4e5f\u5df2\u7ecf\u635f\u6bc1\u3002", "events": [], "arguments": {"loc": [], "time": [], "country": [], "weapon": []}}, {"sentence": "\u4e0d\u8fc7\u5728\u8230\u5c9b\u524d\u65b9\u7684\u4e24\u5957\u201c\u6d77\u9ebb\u96c0\u201d\u9632\u7a7a\u5bfc\u5f39\u548c\u201c\u62c9\u59c6\u201d\u9632\u7a7a\u7cfb\u7edf\u770b\u8d77\u6765\u8fd8\u6bd4\u8f83\u5b8c\u597d\u3002", "events": [], "arguments": {"loc": [], "time": [], "country": [], "weapon": [{"text": "\u201c\u6d77\u9ebb\u96c0\u201d\u9632\u7a7a\u5bfc\u5f39", "offset": 10, "length": 9}, {"text": "\u201c\u62c9\u59c6\u201d\u9632\u7a7a\u7cfb\u7edf", "offset": 20, "length": 8}]}}, {"sentence": "\u53e6\u636e\u300a\u56fd\u4f1a\u5c71\u62a5\u300b\u300a\u534e\u76db\u987f\u65f6\u62a5\u300b\u7b49\u5a92\u4f5313\u65e5\u62a5\u9053\uff0c\u7f8e\u56fd\u6d77\u519b\u5c11\u5c06\u83f2\u5229\u666e\u00b7\u7d22\u8d1d\u514b\u5f53\u5929\u8868\u793a\uff0c\u7531\u4e8e\u8fd9\u8258\u4e24\u6816\u653b\u51fb\u8230\u8d77\u706b\u65f6\u6b63\u5728\u8fdb\u884c\u7ef4\u62a4\uff0c\u56e0\u6b64\u8be5\u8230\u7684\u706d\u706b\u7cfb\u7edf\u88ab\u5173\u95ed\u4e86\u3002", "events": [], "arguments": {"loc": [], "time": [], "country": [], "weapon": []}}, {"sentence": "\u7d22\u8d1d\u514b\u79f0\uff0c\u706b\u707e\u4e8b\u6545\u53d1\u751f\u4e8e\u4e00\u4e2a\u5b58\u653e\u7eb8\u677f\u548c\u77f3\u818f\u677f\u7684\u5927\u50a8\u85cf\u533a\u3002", "events": [], "arguments": {"loc": [], "time": [], "country": [], "weapon": []}}, {"sentence": "\u57fa\u5730\u548c\u8230\u4e0a\u7684\u6d88\u9632\u5458\u6700\u521d\u66fe\u8bd5\u56fe\u7528\u6c34\u6251\u706d\u5927\u706b\uff0c\u4f46\u968f\u540e\u706b\u52bf\u5931\u63a7\u3001\u4eba\u5458\u88ab\u8feb\u64a4\u9000\u3002", "events": [], "arguments": {"loc": [], "time": [], "country": [], "weapon": []}}, {"sentence": "\u76ee\u524d\uff0c\u6d77\u519b\u8fd8\u6ca1\u6709\u7ed9\u51fa\u8d77\u706b\u539f\u56e0\u7684\u6700\u7ec8\u8c03\u67e5\u7ed3\u679c\u3002", "events": [], "arguments": {"loc": [], "time": [], "country": [], "weapon": []}}, {"sentence": "\u201c\u597d\u4eba\u7406\u67e5\u5fb7\u201d\u53f7\u5c5e\u4e8e\u201c\u9ec4\u8702\u201d\u7ea7\u4e24\u6816\u653b\u51fb\u8230\uff0c\u6ee1\u8f7d\u6392\u6c34\u91cf\u8fbe\u52304\u4e07\u5428\uff0c\u901a\u5e38\u642d\u8f7d1200\u540d\u8230\u5458\u3002", "events": [], "arguments": {"loc": [], "time": [], "country": [], "weapon": []}}, {"sentence": "\u8be5\u8230\u53d1\u751f\u4e8b\u6545\u65f6\u6b63\u5728\u8fdb\u884c\u4e2d\u671f\u7ef4\u62a4\uff0c\u4e3b\u8981\u662f\u5bf9\u98de\u884c\u7532\u677f\u8fdb\u884c\u5347\u7ea7\u6539\u9020\uff0c\u4ee5\u8fce\u63a5F-35B\u8230\u8f7d\u6218\u6597\u673a\u4e0a\u8230\u90e8\u7f72\u3002", "events": [], "arguments": {"loc": [], "time": [], "country": [], "weapon": []}}, {"sentence": "\u8be5\u8230\u5347\u7ea7\u540e\u6700\u591a\u5c06\u80fd\u642d\u8f7d16\u67b6F-35B\u77ed\u8ddd\u8d77\u98de/\u5782\u76f4\u964d\u843d\u6218\u6597\u673a\u621622\u67b6MV-22B\u201c\u9c7c\u9e70\u201d\u8fd0\u8f93\u673a\u3002", "events": [], "arguments": {"loc": [], "time": [], "country": [], "weapon": [{"text": "F-35B\u77ed\u8ddd\u8d77\u98de/\u5782\u76f4\u964d\u843d\u6218\u6597\u673a", "offset": 14, "length": 17}, {"text": "MV-22B\u201c\u9c7c\u9e70\u201d\u8fd0\u8f93\u673a", "offset": 35, "length": 13}]}}]