[{"sentence": "\u7f8e\u519b\u53c8\u6454\u4e00\u67b6F-16\u6218\u6597\u673a \u8ddd\u79bbF-16\u4e0a\u6b21\u5760\u6bc1\u624d\u521a\u8fc7\u4e24\u5468", "events": [{"trigger": {"text": "\u5760\u6bc1", "offset": 22, "length": 2}, "subject": {"text": "\u7f8e\u519b", "offset": 0, "length": 2}, "object": {"text": "\u4e00\u67b6F-16\u6218\u6597\u673a", "offset": 4, "length": 9}}], "arguments": {"loc": [], "time": [], "country": [], "weapon": [{"text": "F-16\u6218\u6597\u673a", "offset": 6, "length": 7}]}}, {"sentence": "\u3010\u73af\u7403\u7f51\u62a5\u9053 \u8bb0\u8005 \u5f90\u7490\u660e\u3011", "events": [], "arguments": {"loc": [], "time": [], "country": [], "weapon": []}}, {"sentence": "\u636e\u7f8e\u56fd\u300a\u7a7a\u519b\u65f6\u62a5\u300b7\u670814\u65e5\u62a5\u9053\uff0c\u4f4d\u4e8e\u65b0\u58a8\u897f\u54e5\u5dde\u7684\u970d\u6d1b\u66fc\u7a7a\u519b\u57fa\u5730\u5728\u4e00\u4efd\u58f0\u660e\u4e2d\u79f0\uff0c\u5f53\u5730\u65f6\u95f47\u670813\u65e5\uff0c\u4e00\u67b6\u96b6\u5c5e\u4e8e\u8be5\u57fa\u5730\u7684F-16C\u6218\u6597\u673a\u53d1\u751f\u5760\u6bc1\u4e8b\u6545\u3002", "events": [], "arguments": {"loc": [{"text": "\u4f4d\u4e8e\u65b0\u58a8\u897f\u54e5\u5dde\u7684\u970d\u6d1b\u66fc\u7a7a\u519b\u57fa\u5730", "offset": 17, "length": 15}], "time": [{"text": "\u5f53\u5730\u65f6\u95f47\u670813\u65e5", "offset": 40, "length": 9}], "country": [{"text": "\u7f8e\u56fd", "offset": 1, "length": 2}], "weapon": []}}, {"sentence": "\u970d\u6d1b\u66fc\u7a7a\u519b\u57fa\u5730\u5728\u58f0\u660e\u4e2d\u79f0\uff0c\u4e8b\u6545\u53d1\u751f\u5728\u5f53\u5730\u65f6\u95f4\u4e0b\u53486\u70b9\u5de6\u53f3\uff0c\u98de\u884c\u5458\u6210\u529f\u5f39\u5c04\u8df3\u4f1e\u9003\u751f\uff0c\u4ec5\u53d7\u8f7b\u4f24\uff0c\u76ee\u524d\u6b63\u5728\u63a5\u53d7\u6cbb\u7597\u3002", "events": [], "arguments": {"loc": [], "time": [], "country": [], "weapon": []}}, {"sentence": "\u636e\u6089\uff0c\u8fd9\u662f\u65f6\u9694\u4e24\u5468\u7f8e\u56fd\u7a7a\u519b\u518d\u6b21\u53d1\u751fF-16\u6218\u6597\u673a\u5760\u6bc1\u4e8b\u6545\u3002", "events": [], "arguments": {"loc": [], "time": [], "country": [], "weapon": []}}, {"sentence": "\u636e\u7f8e\u56fd\u300a\u661f\u6761\u65d7\u62a5\u300b7\u67081\u65e5\u62a5\u9053\uff0c\u5f53\u5730\u65f6\u95f46\u670830\u65e5\u665a\u95f4\uff0c\u4e00\u67b6\u7f8e\u56fd\u7a7a\u519b\u7684F-16\u6218\u6597\u673a\u5728\u5357\u5361\u7f57\u6765\u7eb3\u5dde\u7684\u8096\u5c14\u7a7a\u519b\u57fa\u5730\u5760\u6bc1\uff0c\u98de\u884c\u5458\u8eab\u4ea1\u3002", "events": [{"trigger": {"text": "\u5760\u6bc1", "offset": 56, "length": 2}, "subject": {"text": "\u7f8e\u56fd\u7a7a\u519b", "offset": 30, "length": 4}, "object": {"text": "F-16\u6218\u6597\u673a", "offset": 35, "length": 7}}], "arguments": {"loc": [], "time": [{"text": "\u5f53\u5730\u65f6\u95f46\u670830\u65e5\u665a\u95f4", "offset": 16, "length": 11}], "country": [], "weapon": []}}, {"sentence": "\u5f53\u65f6\u8be5\u673a\u6b63\u5728\u6267\u884c\u4f8b\u884c\u8bad\u7ec3\u4efb\u52a1\u3002", "events": [], "arguments": {"loc": [], "time": [], "country": [], "weapon": []}}]