[{"sentence": "\u9020\u8239\u5382\u6210\u201c\u70e7\u8239\u5382\u201d\uff1a\u76d8\u70b9\u7f8e\u56fd\u9020\u8239\u5382\u8fd1\u5e74\u519b\u8230\u706b\u707e\u4e8b\u6545", "events": [], "arguments": {"loc": [], "time": [], "country": [], "weapon": []}}, {"sentence": "\u3010\u73af\u7403\u65f6\u62a5-\u73af\u7403\u7f51\u62a5\u9053 \u8bb0\u8005 \u5218\u626c \u5f90\u7490\u660e\u3011", "events": [], "arguments": {"loc": [], "time": [], "country": [], "weapon": []}}, {"sentence": "\u7f8e\u56fd\u6d77\u519b\u201c\u597d\u4eba\u7406\u67e5\u5fb7\u201d\u53f7\u4e24\u6816\u653b\u51fb\u8230\u4e8e\u5f53\u5730\u65f6\u95f47\u670812\u65e5\u53d1\u751f\u7206\u70b8\u8d77\u706b\uff0c\u5230\u76ee\u524d\u5df2\u7ecf\u6301\u7eed\u71c3\u70e7\u4e86\u8d85\u8fc730\u4e2a\u5c0f\u65f6\uff0c\u4ecd\u6709\u5927\u91cf\u6d53\u70df\u5f04\u8230\u4f53\u4e2d\u6d8c\u51fa\u3002", "events": [{"trigger": {"text": "\u53d1\u751f", "offset": 27, "length": 2}, "subject": {"text": "\u7f8e\u56fd\u6d77\u519b\u201c\u597d\u4eba\u7406\u67e5\u5fb7\u201d\u53f7\u4e24\u6816\u653b\u51fb\u8230\u4e8e\u5f53\u5730\u65f6\u95f47\u670812\u65e5", "offset": 0, "length": 27}, "object": {"text": "\u7206\u70b8\u8d77\u706b", "offset": 29, "length": 4}}], "arguments": {"loc": [], "time": [{"text": "7\u670812\u65e5", "offset": 22, "length": 5}], "country": [{"text": "\u7f8e\u56fd", "offset": 0, "length": 2}], "weapon": [{"text": "\u201c\u597d\u4eba\u7406\u67e5\u5fb7\u201d\u53f7\u4e24\u6816\u653b\u51fb\u8230", "offset": 4, "length": 13}]}}, {"sentence": "\u76ee\u524d\u8fd9\u4e00\u4e8b\u6545\u5df2\u7ecf\u5bfc\u81f459\u4eba\u53d7\u4f24\uff0c\u8230\u4f53\u5185\u5916\u90fd\u88ab\u70e7\u6bc1\u3002", "events": [], "arguments": {"loc": [], "time": [], "country": [], "weapon": []}}, {"sentence": "\u867d\u7136\u76ee\u524d\u4e8b\u6545\u539f\u56e0\u5c1a\u4e0d\u6e05\u695a\uff0c\u4f46\u7f8e\u56fd\u5a92\u4f53\u5728\u4e8b\u6545\u53d1\u751f\u540e\u4e5f\u7acb\u5373\u5f00\u59cb\u53cd\u601d\uff0c\u8ba4\u4e3a\u8fd9\u573a\u5927\u706b\u5176\u5b9e\u662f\u53ef\u4ee5\u907f\u514d\u7684\u3002", "events": [], "arguments": {"loc": [], "time": [], "country": [], "weapon": []}}, {"sentence": "\u7f8e\u56fd\u798f\u5e03\u65af\u65b0\u95fb\u7f51\u79f0\uff0c\u8239\u5382\u706b\u707e\u5bf9\u7f8e\u56fd\u6d77\u519b\u6765\u8bf4\u662f\u4e00\u4e2a\u4e25\u91cd\u95ee\u9898\u3002", "events": [], "arguments": {"loc": [], "time": [], "country": [], "weapon": []}}, {"sentence": "\u5728\u8fc7\u53bb\u51e0\u4e2a\u6708\uff0c\u6b63\u5728\u63a5\u53d7\u7ef4\u4fee\u7684\u7f8e\u56fd\u6d77\u519b\u8230\u8239\u4e0a\u53d1\u751f\u591a\u6b21\u5927\u706b\u3002", "events": [], "arguments": {"loc": [], "time": [], "country": [], "weapon": []}}, {"sentence": "\u7f8e\u56fd\u6d77\u519b\u4f3c\u4e4e\u6ca1\u6709\u505a\u4efb\u4f55\u6539\u53d8\uff0c\u800c\u662f\u9009\u62e9\u5ffd\u7565\u8fd9\u4e2a\u95ee\u9898\u3002", "events": [], "arguments": {"loc": [], "time": [], "country": [], "weapon": []}}, {"sentence": "\u5f53\u4fc4\u7f57\u65af\u8239\u5382\u7684\u5927\u706b\u51e0\u4e4e\u201c\u51fb\u6c89\u201d\u201c\u5e93\u5179\u6d85\u4f50\u592b\u201d\u53f7\u822a\u6bcd\u65f6\uff0c\u7f8e\u56fd\u6d77\u519b\u8fd8\u5728\u5e78\u707e\u4e50\u7978\u3002", "events": [], "arguments": {"loc": [], "time": [], "country": [], "weapon": []}}, {"sentence": "\u7f8e\u56fd\u6d77\u519b\u5728\u591a\u6b21\u53d7\u5230\u7f8e\u56fd\u6218\u8230\u8d77\u706b\u7684\u8b66\u544a\u540e\u4ecd\u672a\u91c7\u53d6\u884c\u52a8\uff0c\u8fd9\u662f\u65e0\u6cd5\u89e3\u91ca\u548c\u539f\u8c05\u7684\u3002", "events": [], "arguments": {"loc": [], "time": [], "country": [], "weapon": []}}, {"sentence": "\u62a5\u9053\u79f0\uff0c\u9664\u975e\u53d1\u751f\u975e\u5e38\u4e0d\u5bfb\u5e38\u7684\u60c5\u51b5\uff0c\u5426\u5219\u76ee\u524d\u6b63\u5728\u70e7\u6bc1\u201c\u597d\u4eba\u7406\u67e5\u5fb7\u201d\u53f7\u7684\u9020\u8239\u5382\u706b\u707e\u5f88\u53ef\u80fd\u662f\u5b8c\u5168\u53ef\u4ee5\u907f\u514d\u7684\u3002", "events": [], "arguments": {"loc": [], "time": [], "country": [], "weapon": []}}, {"sentence": "\u53ea\u8981\u7ef4\u62a4\u4eba\u5458\u9075\u5faa\u57fa\u672c\u7684\u9632\u706b\u63aa\u65bd\uff0c\u7801\u5934\u706b\u707e\u5f88\u5bb9\u6613\u88ab\u907f\u514d\u3002", "events": [], "arguments": {"loc": [], "time": [], "country": [], "weapon": []}}, {"sentence": "\u5c3d\u7ba1\u5728\u8fc7\u53bb\u51e0\u5e74\u4e2d\u591a\u6b21\u8b66\u544a\uff0c\u7f8e\u56fd\u6d77\u519b\u663e\u7136\u5728\u9020\u8239\u5382\u5b89\u5168\u7ba1\u7406\u65b9\u9762\u4ecd\u7136\u5b58\u5728\u4e25\u91cd\u95ee\u9898\u3002", "events": [], "arguments": {"loc": [], "time": [], "country": [], "weapon": []}}, {"sentence": "\u81ea2012\u5e74\u4ee5\u6765\uff0c\u7f8e\u6d77\u519b\u5728\u53ef\u907f\u514d\u7684\u9020\u8239\u5382\u4e8b\u6545\u4e2d\u7684\u7269\u8d44\u635f\u5931\u8981\u6bd4\u6218\u6597\u635f\u5931\u6216\u6d77\u4e0a\u6545\u4e8b\u635f\u5931\u66f4\u5927\uff0c\u5e76\u4e14\u4e8b\u6545\u540e\u51e0\u4e4e\u6ca1\u6709\u91c7\u53d6\u8865\u6551\u63aa\u65bd\u3002", "events": [], "arguments": {"loc": [], "time": [], "country": [], "weapon": []}}, {"sentence": "\u62a5\u9053\u79f0\uff0c\u76f8\u5bf9\u4e8e\u6d77\u4e0a\u53d1\u751f\u706b\u707e\uff0c\u6c34\u624b\u4eec\u66f4\u62c5\u5fc3\u7684\u662f\u6b63\u5728\u6539\u88c5\u7684\u8230\u8247\u4e0a\u53d1\u751f\u5927\u706b\u3002", "events": [], "arguments": {"loc": [], "time": [], "country": [], "weapon": []}}, {"sentence": "\u9020\u8239\u5382\u6539\u88c5\u662f\u8239\u53ea\u6700\u5371\u9669\u7684\u65f6\u671f\u4e4b\u4e00\u3002", "events": [], "arguments": {"loc": [], "time": [], "country": [], "weapon": []}}, {"sentence": "\u5728\u6539\u88c5\u4e2d\uff0c\u8d1f\u8d23\u5b89\u5168\u7684\u8239\u8236\u7cfb\u7edf\u7ecf\u5e38\u88ab\u5173\u95ed\uff0c\u5173\u952e\u901a\u9053\u88ab\u7535\u7f06\u3001\u8d27\u76d8\u548c\u5176\u4ed6\u6613\u71c3\u6750\u6599\u5835\u585e\uff0c\u540c\u65f6\u5de5\u4eba\u7ecf\u5e38\u8fd8\u8981\u8d76\u8fdb\u5ea6\uff0c\u5728\u6267\u884c\u5404\u79cd\u7ef4\u62a4\u4efb\u52a1\u65f6\u603b\u8981\u60f3\u7740\u201c\u6284\u8fd1\u8def\u201d\u3002", "events": [], "arguments": {"loc": [], "time": [], "country": [], "weapon": []}}, {"sentence": "\u5728\u8fd9\u79cd\u73af\u5883\u4e0b\u5c31\u53ef\u80fd\u5bfc\u81f4\u707e\u96be\u3002", "events": [], "arguments": {"loc": [], "time": [], "country": [], "weapon": []}}, {"sentence": "\u62a5\u9053\u79f0\uff0c\u7f8e\u56fd\u6d77\u519b\u5df2\u7ecf\u53d1\u751f\u591a\u6b21\u7c7b\u4f3c\u60c5\u51b5\u3002", "events": [], "arguments": {"loc": [], "time": [], "country": [], "weapon": []}}, {"sentence": "2012\u5e74\uff0c\u653b\u51fb\u578b\u6838\u6f5c\u8247\u201c\u8fc8\u963f\u5bc6\u201d\u53f7\uff08SSN-755\uff09\u53d1\u751f\u5927\u706b\uff0c\u635f\u5931\u6570\u5341\u4ebf\u7f8e\u5143\uff0c\u4e8b\u6545\u662f\u7531\u5e0c\u671b\u5c3d\u5feb\u6536\u5de5\u7684\u9020\u8239\u5382\u5de5\u4eba\u7684\u758f\u5ffd\u9020\u6210\u3002", "events": [{"trigger": {"text": "\u53d1\u751f", "offset": 27, "length": 2}, "subject": {"text": "\u653b\u51fb\u578b\u6838\u6f5c\u8247\u201c\u8fc8\u963f\u5bc6\u201d\u53f7\uff08SSN-755\uff09", "offset": 6, "length": 21}, "object": {"text": "\u5927\u706b", "offset": 29, "length": 2}}], "arguments": {"loc": [], "time": [{"text": "2012\u5e74", "offset": 0, "length": 5}], "country": [], "weapon": []}}, {"sentence": "\u53bb\u5e74\uff0c\u201c\u786b\u78fa\u5c9b \u201d\u53f7\uff08LHD-7\uff09\u4e24\u6816\u653b\u51fb\u8230\u4e0a\u7684\u4e00\u573a\u5927\u706b\u70e7\u4f24\u4e8611\u540d\u7f8e\u56fd\u6c34\u624b\u3002", "events": [{"trigger": {"text": "\u70e7\u4f24", "offset": 28, "length": 2}, "subject": {"text": "\u201c\u786b\u78fa\u5c9b \u201d\u53f7\uff08LHD-7\uff09\u4e24\u6816\u653b\u51fb\u8230\u4e0a\u7684\u4e00\u573a\u5927\u706b", "offset": 3, "length": 25}, "object": {"text": "11\u540d\u7f8e\u56fd\u6c34\u624b", "offset": 31, "length": 7}}], "arguments": {"loc": [], "time": [{"text": "\u53bb\u5e74", "offset": 0, "length": 2}], "country": [], "weapon": []}}, {"sentence": "\u201c\u5965\u65af\u4e01\u201d\u53f7\uff08DDG-79\uff09\u9a71\u9010\u8230\u4e5f\u4e8e2018\u5e7411\u6708\u906d\u9047\u706b\u707e\uff0c\u5bfc\u81f4\u5ef6\u671f\u8fd1\u4e24\u5e74\u624d\u91cd\u8fd4\u8230\u961f\u3002", "events": [], "arguments": {"loc": [], "time": [], "country": [], "weapon": []}}, {"sentence": "\u201c\u83f2\u8328\u6770\u62c9\u5fb7\u201d\u53f7\uff08DDG -62\uff09\u9a71\u9010\u8230\u4e5f\u66fe\u906d\u53d7\u9020\u8239\u5382\u5927\u706b \u3002", "events": [], "arguments": {"loc": [], "time": [], "country": [], "weapon": []}}, {"sentence": "2011\u5e74\uff0c\u4e00\u573a\u5927\u706b\u8fd8\u70b9\u71c3\u201c\u65af\u666e\u9c81\u6069\u65af\u201d\u53f7\u9a71\u9010\u8230\uff08DDG-111\uff09\u7684\u5806\u79ef\u7269\u3002", "events": [{"trigger": {"text": "\u70b9\u71c3", "offset": 11, "length": 2}, "subject": {"text": "\u4e00\u573a\u5927\u706b", "offset": 6, "length": 4}, "object": {"text": "\u201c\u65af\u666e\u9c81\u6069\u65af\u201d\u53f7\u9a71\u9010\u8230\uff08DDG-111\uff09\u7684\u5806\u79ef\u7269", "offset": 13, "length": 24}}], "arguments": {"loc": [], "time": [{"text": "2011\u5e74", "offset": 0, "length": 5}], "country": [], "weapon": []}}, {"sentence": "\u9664\u4e86\u706b\u707e\uff0c\u8fd1\u5e74\u7f8e\u56fd\u9020\u8239\u5382\u8fd8\u53d1\u751f\u4e86\u5176\u4ed6\u7c7b\u578b\u4e8b\u6545\uff0c\u5728\u5efa\u7684 \u201c\u5e03\u83b1\u514b\u201d\uff08DDG-119\uff09\u53f7\u9a71\u9010\u8230\u57282019\u5e744\u6708\u53d1\u751f\u78b0\u649e\u4e8b\u6545\uff0c\u635f\u5931\u8d85\u8fc73000\u4e07\u7f8e\u5143\u3002", "events": [], "arguments": {"loc": [], "time": [], "country": [], "weapon": []}}, {"sentence": "\u8fd9\u4e9b\u4ee5\u53ca\u5176\u4ed6\u53ef\u907f\u514d\u7684\u4e8b\u6545\u2014\u2014\u6d77\u4e0a\u706b\u707e\u3001\u6401\u6d45\u3001\u78b0\u649e\u548c\u5176\u4ed6\u4e8b\u6545\u2014\u2014\u5df2\u7ecf\u4f7f\u6574\u4e2a\u7f8e\u56fd\u8230\u961f\u906d\u53d7\u635f\u5931\u3002", "events": [], "arguments": {"loc": [], "time": [], "country": [], "weapon": []}}]