[{"sentence": "\u597d\u4eba\u7406\u67e5\u5fb7\u53f7\u706b\u707e\u6301\u7eed\u00a0\u7f8e\u5a92\uff1a\u7f8e\u519b\u5728\u592a\u5e73\u6d0b\u90e8\u7f72F-35B\u8ba1\u5212\u906d\u5230\u91cd\u51fb", "events": [{"trigger": {"text": "\u906d\u5230", "offset": 29, "length": 2}, "subject": {"text": "\u7f8e\u519b\u5728\u592a\u5e73\u6d0b\u90e8\u7f72F-35B\u8ba1\u5212", "offset": 14, "length": 15}, "object": {"text": "\u91cd\u51fb", "offset": 31, "length": 2}}], "arguments": {"loc": [], "time": [], "country": [{"text": "\u7f8e", "offset": 14, "length": 1}], "weapon": [{"text": "\u597d\u4eba\u7406\u67e5\u5fb7\u53f7", "offset": 0, "length": 6}]}}, {"sentence": "\u3010\u73af\u7403\u7f51\u62a5\u9053 \u89c1\u4e60\u8bb0\u8005 \u9a6c\u5ca9\u3011", "events": [], "arguments": {"loc": [], "time": [], "country": [], "weapon": []}}, {"sentence": "\u636e\u300a\u9632\u52a1\u65b0\u95fb\u300b\u7f51\u7ad97\u670814\u65e5\u62a5\u9053\uff0c\u53d1\u751f\u706b\u707e\u7684\u4e24\u6816\u653b\u51fb\u8230\u201c\u597d\u4eba\u7406\u67e5\u5fb7\u201d\u53f7\u4e4b\u524d\u5df2\u63a5\u8fd1\u5b8c\u6210\u4e24\u5e74\u5347\u7ea7\u4efb\u52a1\u5e76\u5177\u5907\u642d\u8f7dF-35B\u7b2c\u4e94\u4ee3\u6218\u6597\u673a\u7684\u80fd\u529b\uff0c\u5b83\u7684\u9000\u51fa\u610f\u5473\u7740\u7f8e\u56fd\u5728\u592a\u5e73\u6d0b\u90e8\u7f72\u4e94\u4ee3\u673a\u7684\u80fd\u529b\u53d7\u5230\u5f71\u54cd\u3002", "events": [], "arguments": {"loc": [], "time": [], "country": [], "weapon": [{"text": "F-35B\u7b2c\u4e94\u4ee3\u6218\u6597\u673a", "offset": 53, "length": 11}]}}, {"sentence": "2018\u5e74\uff0c\u6d77\u519b\u7ed9\u4e88\u901a\u7528\u52a8\u529b\u516c\u53f8\u548c\u56fd\u5bb6\u94a2\u94c1\u4e0e\u9020\u8239\u516c\u53f82.19\u4ebf\u7f8e\u5143\u73b0\u4ee3\u5316\u5347\u7ea7\u5408\u540c\uff0c\u5171\u5347\u7ea7\u6539\u90204\u8258\u5927\u578b\u4e24\u6816\u653b\u51fb\u8230\uff0c\u5176\u4e2d\u5305\u62ec\u201c\u597d\u4eba\u7406\u67e5\u5fb7\u201d\u53f7\u3002", "events": [{"trigger": {"text": "\u5347\u7ea7", "offset": 42, "length": 2}, "subject": {"text": "\u6d77\u519b\u7ed9\u4e88\u901a\u7528\u52a8\u529b\u516c\u53f8\u548c\u56fd\u5bb6\u94a2\u94c1\u4e0e\u9020\u8239\u516c\u53f82.19\u4ebf\u7f8e\u5143\u73b0\u4ee3\u5316", "offset": 6, "length": 30}, "object": {"text": "\u5408\u540c", "offset": 38, "length": 2}}], "arguments": {"loc": [], "time": [{"text": "2018\u5e74", "offset": 0, "length": 5}], "country": [], "weapon": []}}, {"sentence": "\u6709\u4e13\u5bb6\u8868\u793a\uff0c\u65e0\u8bba\u7f8e\u6d77\u519b\u5b8c\u5168\u5931\u53bb\u201c\u597d\u4eba\u7406\u67e5\u5fb7\u201d\u53f7\uff0c\u8fd8\u662f\u9700\u8981\u5bf9\u5176\u5927\u89c4\u6a21\u7ef4\u4fee\uff0c\u90fd\u5bf9\u7f8e\u6d77\u519b\u6301\u7eed\u5728\u592a\u5e73\u6d0b\u90e8\u7f72F-35B\u7684\u8ba1\u5212\u662f\u4e00\u4e2a\u6c89\u91cd\u6253\u51fb\u3002", "events": [], "arguments": {"loc": [], "time": [], "country": [], "weapon": []}}, {"sentence": "\u7f8e\u56fd\u6d77\u519b\u6253\u7b97\u5728\u5370\u592a\u3001\u4e2d\u4e1c\u7b49\u91cd\u70b9\u5730\u533a\u4e0d\u95f4\u65ad\u5730\u90e8\u7f72F-35B\uff0c\u4e3a\u8fbe\u5230\u8fd9\u4e00\u76ee\u6807\uff0c\u7f8e\u6d77\u519b\u9700\u8981\u5728\u4efb\u4f55\u65f6\u95f4\u4fdd\u6301\u4e00\u8258\u4e24\u6816\u653b\u51fb\u8230\u524d\u6cbf\u90e8\u7f72\u3001\u4e00\u8258\u5728\u7d27\u6025\u60c5\u51b5\u4e0b\u53ef\u968f\u65f6\u51fa\u52a8\u3001\u4e00\u8258\u5728\u7ef4\u62a4\u4fee\u7406\u4e2d\uff0c\u4ee5\u53ca\u4e00\u8258\u5728\u8fdb\u884c\u90e8\u7f72\u524d\u7684\u68c0\u67e5\u3002", "events": [], "arguments": {"loc": [{"text": "\u4e2d\u4e1c", "offset": 10, "length": 2}], "time": [], "country": [{"text": "\u5370\u592a", "offset": 7, "length": 2}], "weapon": []}}, {"sentence": "\u6362\u53e5\u8bdd\u8bf4\uff0c\u7f8e\u6d77\u519b\u81f3\u5c11\u9700\u89814\u8258\u4e24\u6816\u653b\u51fb\u8230\uff0c\u624d\u80fd\u4fdd\u8bc1\u4e00\u8258\u5904\u4e8e\u90e8\u7f72\u72b6\u6001\uff0c\u5982\u679c\u7b97\u4e0aF-35B\u6218\u6597\u673a\u7684\u5347\u7ea7\u65f6\u95f4\uff0c\u5219\u9700\u89815\u8258\u8230\u3002", "events": [], "arguments": {"loc": [], "time": [], "country": [], "weapon": []}}, {"sentence": "\u76ee\u524d\uff0c\u6d77\u519b\u53ea\u80fd\u9009\u62e9\u8ba9\u5176\u5b83\u4e24\u6816\u653b\u51fb\u8230\u90e8\u7f72\u66f4\u957f\u65f6\u95f4\uff0c\u6216\u91cd\u65b0\u542f\u7528\u5df2\u7ecf\u5c01\u5b58\u7684\u201c\u5854\u62c9\u74e6\u201d\u7ea7\u653b\u51fb\u8230\u6765\u586b\u8865\u7a7a\u7f3a\u3002", "events": [], "arguments": {"loc": [], "time": [], "country": [], "weapon": []}}]