[{"sentence": "\u518d\u4e5f\u4e0d\u6015\u53cd\u5766\u514b\u5bfc\u5f39\u4e86\uff1f", "events": [], "arguments": {"loc": [], "time": [], "country": [], "weapon": []}}, {"sentence": "\u90e8\u7f72\u4fc4\u90bb\u56fd\u7f8e\u519b\u5766\u514b\u52a0\u88c5\u4e3b\u52a8\u9632\u5fa1\u7cfb\u7edf", "events": [], "arguments": {"loc": [], "time": [], "country": [], "weapon": []}}, {"sentence": "\u3010\u73af\u7403\u7f51\u62a5\u9053 \u89c1\u4e60\u8bb0\u8005 \u9a6c\u5ca9\u3011", "events": [], "arguments": {"loc": [], "time": [], "country": [], "weapon": []}}, {"sentence": "\u636e\u201c\u9632\u52a1\u535a\u5ba2\u201d\u7f51\u7ad97\u670811\u65e5\u62a5\u9053\uff0c\u7f8e\u56fd\u9646\u519b7\u670810\u65e5\u5ba3\u5e03\u5c06\u5728\u5373\u5c06\u90e8\u7f72\u5230\u6ce2\u5170\u7684\u201c\u827e\u5e03\u62c9\u59c6\u65af\u201d\u4e3b\u6218\u5766\u514b\u4e0a\u52a0\u88c5\u201c\u6218\u5229\u54c1\u201d\u4e3b\u52a8\u9632\u5fa1\u7cfb\u7edf\u3002", "events": [{"trigger": {"text": "\u5ba3\u5e03", "offset": 26, "length": 2}, "subject": {"text": "\u7f8e\u56fd\u9646\u519b", "offset": 17, "length": 4}, "object": {"text": "\u5c06\u5728\u5373\u5c06\u90e8\u7f72\u5230\u6ce2\u5170\u7684\u201c\u827e\u5e03\u62c9\u59c6\u65af\u201d\u4e3b\u6218\u5766\u514b\u4e0a\u52a0\u88c5\u201c\u6218\u5229\u54c1\u201d\u4e3b\u52a8\u9632\u5fa1\u7cfb\u7edf", "offset": 28, "length": 35}}], "arguments": {"loc": [], "time": [{"text": "7\u670810\u65e5", "offset": 21, "length": 5}], "country": [{"text": "\u7f8e\u56fd", "offset": 17, "length": 2}], "weapon": []}}, {"sentence": "\u62a5\u9053\u63f4\u5f15\u7f8e\u56fd\u9a7b\u6b27\u6d32\u9646\u519b\u7684\u58f0\u660e\u79f0\uff0c\u201c\u6218\u5229\u54c1\u201d\u4e3b\u52a8\u9632\u5fa1\u7cfb\u7edf\u80fd\u591f\u63a2\u6d4b\u5e76\u62e6\u622a\u706b\u7bad\u5f39\u3001\u65e0\u540e\u5750\u529b\u70ae\u3001\u53cd\u5766\u514b\u5bfc\u5f39\u7b49\u6b66\u5668\u7684\u653b\u51fb\u3002", "events": [{"trigger": {"text": "\u63a2\u6d4b\u5e76\u62e6\u622a", "offset": 29, "length": 5}, "subject": {"text": "\u201c\u6218\u5229\u54c1\u201d\u4e3b\u52a8\u9632\u5fa1\u7cfb\u7edf\u80fd\u591f", "offset": 16, "length": 13}, "object": {"text": "\u706b\u7bad\u5f39\u3001\u65e0\u540e\u5750\u529b\u70ae\u3001\u53cd\u5766\u514b\u5bfc\u5f39\u7b49\u6b66\u5668\u7684\u653b\u51fb", "offset": 34, "length": 21}}], "arguments": {"loc": [], "time": [], "country": [], "weapon": [{"text": "\u706b\u7bad\u5f39", "offset": 34, "length": 3}, {"text": "\u65e0\u540e\u5750\u529b\u70ae", "offset": 38, "length": 5}, {"text": "\u53cd\u5766\u514b\u5bfc\u5f39", "offset": 44, "length": 5}]}}, {"sentence": "\u7f8e\u519b\u5766\u514b\u52a0\u88c5\u201c\u6218\u5229\u54c1\u201d\u4e3b\u52a8\u9632\u5fa1\u7cfb\u7edf", "events": [], "arguments": {"loc": [], "time": [], "country": [], "weapon": []}}, {"sentence": "2019\u5e74\uff0c\u7f8e\u519b\u5c31\u66fe\u7ed9\u5728\u7f57\u9a6c\u5c3c\u4e9a\u53c2\u52a0\u201c\u6b63\u4e49\u4e4b\u9e7019\u201d\u591a\u56fd\u8054\u5408\u6f14\u4e60\u7684\u827e\u5e03\u62c9\u59c6\u65af\u5766\u514b\u52a0\u88c5\u201c\u6218\u5229\u54c1\u201d\u7cfb\u7edf\u3002", "events": [], "arguments": {"loc": [], "time": [], "country": [{"text": "\u7f57\u9a6c\u5c3c\u4e9a", "offset": 12, "length": 4}], "weapon": []}}, {"sentence": "\u6b64\u5916\uff0c\u6709\u7f8e\u56fd\u9a7b\u6b27\u6d32\u519b\u5b98\u8868\u793a\uff0c\u5728\u53c2\u52a0\u201c\u519b\u5200\u536b\u58eb19\u201d\u519b\u6f14\u65f6\uff0c\u827e\u5e03\u62c9\u59c6\u65af\u5766\u514b\u88ab\u52a0\u88c5\u4e86\u6a21\u62df\u201c\u6218\u5229\u54c1\u201d\u7cfb\u7edf\u7684\u89c6\u89c9\u88c5\u7f6e\uff0c\u8fd9\u4e9b\u6a21\u62df\u88c5\u7f6e\u7684\u4f53\u79ef\u548c\u91cd\u91cf\u90fd\u4e0e\u771f\u6b63\u7684\u201c\u6218\u5229\u54c1\u201d\u7cfb\u7edf\u4e00\u6837\uff0c\u5b83\u4eec\u7528\u4e8e\u5411\u56fd\u9632\u90e8\u53cd\u9988\u8be5\u7cfb\u7edf\u5bf9\u8f66\u8f86\u673a\u52a8\u3001\u4e58\u5458\u6001\u52bf\u611f\u77e5\u3001\u653b\u51fb\u654c\u65b9\u76ee\u6807\u7b49\u65b9\u9762\u7684\u5f71\u54cd\u3002", "events": [], "arguments": {"loc": [], "time": [], "country": [{"text": "\u6b27\u6d32", "offset": 7, "length": 2}], "weapon": []}}]