[{"sentence": "\u53f2\u65e0\u524d\u4f8b\uff01", "events": [], "arguments": {"loc": [], "time": [], "country": [], "weapon": []}}, {"sentence": "\u7f8e\u56fd\u6d77\u519b\u9996\u4f4d\u975e\u6d32\u88d4\u5973\u6027\u6218\u6597\u673a\u98de\u884c\u5458\u8bde\u751f", "events": [{"trigger": {"text": "\u8bde\u751f", "offset": 17, "length": 2}, "subject": {"text": "\u7f8e\u56fd\u6d77\u519b", "offset": 0, "length": 4}, "object": {"text": "\u9996\u4f4d\u975e\u6d32\u88d4\u5973\u6027\u6218\u6597\u673a\u98de\u884c\u5458", "offset": 4, "length": 13}}], "arguments": {"loc": [], "time": [], "country": [{"text": "\u7f8e\u56fd", "offset": 0, "length": 2}], "weapon": []}}, {"sentence": "\u3010\u73af\u7403\u7f51\u62a5\u9053 \u89c1\u4e60\u8bb0\u8005 \u9a6c\u5ca9\u3011", "events": [], "arguments": {"loc": [], "time": [], "country": [], "weapon": []}}, {"sentence": "\u636eThe Drive\u7f51\u7ad9\u201c\u6218\u5730\u201d\u4e13\u680f7\u67089\u65e5\u62a5\u9053\uff0c\u7f8e\u56fd\u6d77\u519b\u4e2d\u5c09\u739b\u5fb7\u7433\u6210\u4e3a\u6d77\u519b\u53f2\u4e0a\u9996\u4f4d\u975e\u6d32\u88d4\u5973\u6027\u6218\u6597\u673a\u98de\u884c\u5458\uff0c\u5979\u5c06\u5728\u672c\u6708\u665a\u4e9b\u65f6\u5019\u6b63\u5f0f\u83b7\u5f97\u4efb\u547d\u3002", "events": [], "arguments": {"loc": [], "time": [], "country": [], "weapon": []}}, {"sentence": "\u9996\u4f4d\u975e\u6d32\u88d4\u5973\u6027\u6218\u6597\u673a\u98de\u884c\u5458\u739b\u5fb7\u7433", "events": [], "arguments": {"loc": [], "time": [], "country": [], "weapon": []}}, {"sentence": "\u62a5\u9053\u79f0\uff0c\u739b\u5fb7\u7433\u7684\u4e00\u4f4d\u597d\u53cb7\u67087\u65e5\u901a\u8fc7\u63a8\u6587\u53d1\u5e03\u4e86\u5979\u5706\u6ee1\u5b8c\u6210\u5168\u90e8\u6218\u6597\u673a\u98de\u884c\u5458\u8bad\u7ec3\u7684\u6d88\u606f\uff0c\u8fd9\u5219\u6d88\u606f\u968f\u540e\u5f97\u5230\u4e86\u7f8e\u56fd\u6d77\u519b\u5b98\u65b9\u7684\u786e\u8ba4\u3002", "events": [], "arguments": {"loc": [], "time": [{"text": "7\u67087\u65e5", "offset": 12, "length": 4}], "country": [], "weapon": []}}, {"sentence": "\u5230\u76ee\u524d\u4e3a\u6b62\uff0c\u7f8e\u56fd\u6d77\u519b\u8fd8\u6ca1\u6709\u739b\u5fb7\u7433\u5728\u519b\u961f\u91cc\u7684\u5c65\u5386\u3002", "events": [], "arguments": {"loc": [], "time": [], "country": [], "weapon": []}}, {"sentence": "1974\u5e74\uff0c\u9732\u4e1d\u739b\u4e3d\u00b7\u9a6c\u4e3d\u5a1c\u6210\u4e3a\u6d77\u519b\u9996\u540d\u5973\u6027\u6218\u6597\u673a\u98de\u884c\u5458\u3002", "events": [], "arguments": {"loc": [], "time": [], "country": [], "weapon": []}}, {"sentence": "\u5979\u6700\u7ec8\u5347\u804c\u5230\u6d77\u519b\u4e0a\u6821\uff0c\u5e76\u6210\u4e3a\u53f2\u4e0a\u7b2c\u4e00\u4f4d\u5973\u6027\u98de\u884c\u4e2d\u961f\u6307\u6325\u5b98\u3002", "events": [], "arguments": {"loc": [], "time": [], "country": [], "weapon": []}}, {"sentence": "\u5979\u4e8e1997\u5e74\u9000\u4f11\uff0c\u53bb\u5e74\u53bb\u4e16\u3002", "events": [], "arguments": {"loc": [], "time": [], "country": [], "weapon": []}}, {"sentence": "\u622a\u81f32018\u5e74\uff0c\u4ec5\u67092.7%\u7684\u6d77\u519b\u98de\u884c\u5458\u662f\u975e\u6d32\u88d4\uff0c\u9a7e\u9a76F/A-18C/D\u201c\u5927\u9ec4\u8702\u201d\u3001F/A-18E/F\u201c\u8d85\u7ea7\u5927\u9ec4\u8702\u201d\u3001E/A-18G\u201c\u5486\u54ee\u8005\u201d\u6218\u6597\u673a\uff0cE-2C\u201c\u9e70\u773c\u201d\u9884\u8b66\u673a\u4ee5\u53caC-2A\u201c\u7070\u72d7\u201d\u8fd0\u8f93\u673a\u7684\u98de\u884c\u5458\u4e2d\u66f4\u662f\u4ec5\u6709\u4e0d\u52302%\u662f\u975e\u6d32\u88d4\u3002", "events": [], "arguments": {"loc": [], "time": [], "country": [], "weapon": [{"text": "F/A-18C/D\u201c\u5927\u9ec4\u8702", "offset": 27, "length": 13}, {"text": "F/A-18E/F\u201c\u8d85\u7ea7\u5927\u9ec4\u8702\u201d", "offset": 42, "length": 16}, {"text": "E/A-18G\u201c\u5486\u54ee\u8005\u201d\u6218\u6597\u673a", "offset": 59, "length": 15}, {"text": "E-2C\u201c\u9e70\u773c\u201d\u9884\u8b66\u673a", "offset": 75, "length": 11}, {"text": "C-2A\u201c\u7070\u72d7\u201d\u8fd0\u8f93\u673a", "offset": 88, "length": 11}]}}]