[{"sentence": "\u963f\u5bcc\u6c57\u7a7a\u519b\u4e00\u67b6\u6218\u6597\u673a\u5760\u6bc1\u00a0\u673a\u4e0a\u4e00\u540d\u7f8e\u56fd\u4eba\u5f39\u5c04\u9003\u751f", "events": [{"trigger": {"text": "\u5760\u6bc1", "offset": 10, "length": 2}, "subject": {"text": "\u963f\u5bcc\u6c57\u7a7a\u519b", "offset": 0, "length": 5}, "object": {"text": "\u4e00\u67b6\u6218\u6597\u673a", "offset": 5, "length": 5}}], "arguments": {"loc": [], "time": [], "country": [{"text": "\u963f\u5bcc\u6c57", "offset": 0, "length": 3}], "weapon": []}}, {"sentence": "\u3010\u73af\u7403\u7f51\u62a5\u9053 \u8bb0\u8005 \u5f90\u7490\u660e\u3011", "events": [], "arguments": {"loc": [], "time": [], "country": [], "weapon": []}}, {"sentence": "\u636eThe Drive\u7f51\u7ad9\u201c\u6218\u533a\u201d\u4e13\u680f7\u67089\u65e5\u62a5\u9053\uff0c\u963f\u5bcc\u6c57\u7a7a\u519b\u7684\u4e00\u67b6A-29\u201c\u8d85\u7ea7\u5de8\u5634\u9e1f\u201d\u653b\u51fb\u673a\u5728\u5f53\u5929\u65e9\u4e9b\u65f6\u5019\u5760\u6bc1\uff0c\u673a\u4e0a\u6709\u4e00\u540d\u7f8e\u56fd\u98de\u884c\u5458\u3002", "events": [], "arguments": {"loc": [], "time": [{"text": "7\u67089\u65e5", "offset": 18, "length": 4}], "country": [], "weapon": [{"text": "A-29\u201c\u8d85\u7ea7\u5de8\u5634\u9e1f\u201d\u653b\u51fb\u673a", "offset": 33, "length": 14}]}}, {"sentence": "\u62a5\u9053\u79f0\uff0c\u8fd9\u540d\u7f8e\u56fd\u98de\u884c\u5458\u6210\u529f\u5f39\u5c04\u9003\u751f\uff0c\u4f46\u53d7\u4e86\u4f24\uff0c\u76ee\u524d\u673a\u4e0a\u4e24\u4eba\u90fd\u5df2\u7ecf\u83b7\u6551\u3002", "events": [{"trigger": {"text": "\u6210\u529f\u5f39\u5c04", "offset": 11, "length": 4}, "subject": {"text": "\u7f8e\u56fd\u98de\u884c\u5458", "offset": 6, "length": 5}, "object": {"text": "\u9003\u751f", "offset": 15, "length": 2}}], "arguments": {"loc": [], "time": [], "country": [], "weapon": []}}, {"sentence": "\u4e0d\u8fc7\u76ee\u524d\u8fd9\u4e24\u4eba\u7684\u5177\u4f53\u8eab\u4efd\u8fd8\u4e0d\u6e05\u695a\uff0c\u4e5f\u4e0d\u77e5\u9053\u4ed6\u4eec\u662f\u7f8e\u56fd\u519b\u4eba\u8fd8\u662f\u79c1\u4eba\u627f\u5305\u5546\u7684\u4eba\u5458\u3002", "events": [], "arguments": {"loc": [], "time": [], "country": [], "weapon": []}}, {"sentence": "\u963f\u5bcc\u6c57\u7a7a\u519b\u7684A-29\u653b\u51fb\u673a", "events": [], "arguments": {"loc": [], "time": [], "country": [], "weapon": []}}, {"sentence": "\u8fd9\u8d77\u4e8b\u6545\u53d1\u751f\u5728\u963f\u5bcc\u6c57\u4e1c\u5317\u90e8\u5df4\u683c\u5170\u7701\u591a\u5e0c\u5730\u533a\uff0c\u636e\u79f0\u662f\u56e0\u4e3a\u6280\u672f\u6545\u969c\u5f15\u8d77\u7684\u3002", "events": [], "arguments": {"loc": [{"text": "\u963f\u5bcc\u6c57\u4e1c\u5317\u90e8\u5df4\u683c\u5170\u7701\u591a\u5e0c\u5730\u533a", "offset": 7, "length": 14}], "time": [], "country": [], "weapon": []}}, {"sentence": "\u8fd9\u67b6A-29\u653b\u51fb\u673a\u96b6\u5c5e\u4e8e\u5580\u5e03\u5c14\u7a7a\u519b\u8054\u961f\uff0c\u8fd9\u79cd\u8f7b\u578b\u87ba\u65cb\u6868\u6218\u673a\u662f\u963f\u5bcc\u6c57\u7a7a\u519b\u7684\u4e3b\u529b\u6218\u6597\u673a\uff0c\u914d\u5907\u6709\u4e24\u95e8.50\u53e3\u5f84\u7684\u673a\u67aa\uff0c\u8fd8\u53ef\u4ee5\u643a\u5e26\u591a\u79cd\u5f39\u836f\uff0c\u5305\u62ec\u6fc0\u5149\u5236\u5bfc\u70b8\u5f39\uff0c\u8be5\u673a\u673a\u7ffc\u4e0b\u65b9\u67094\u4e2a\u6b66\u5668\u6302\u70b9\uff0c\u673a\u8eab\u4e0b\u65b9\u4e5f\u8fd8\u67091\u4e2a\u3002", "events": [], "arguments": {"loc": [], "time": [], "country": [], "weapon": [{"text": "\u6fc0\u5149\u5236\u5bfc\u70b8\u5f39", "offset": 68, "length": 6}]}}, {"sentence": "\u963f\u5bcc\u6c57\u7a7a\u519b\u76ee\u524d\u670925\u67b6A-29\u653b\u51fb\u673a\uff0c\u5176\u4e2d10\u67b6\u5728\u7f8e\u56fd\uff0c\u7528\u4e8e\u98de\u884c\u5458\u57f9\u8bad\u3002", "events": [], "arguments": {"loc": [], "time": [], "country": [], "weapon": [{"text": "A-29\u653b\u51fb\u673a", "offset": 11, "length": 7}]}}, {"sentence": "\u963f\u5bcc\u6c57\u201c\u8d85\u7ea7\u5de8\u5634\u9e1f\u201d\u98de\u884c\u5458\u4ee5\u53ca\u7ef4\u62a4\u4eba\u5458\u7684\u57f9\u8bad\uff0c\u90fd\u4e25\u91cd\u4f9d\u8d56\u4e8e\u7f8e\u56fd\u627f\u5305\u5546\u3002", "events": [], "arguments": {"loc": [], "time": [], "country": [], "weapon": []}}, {"sentence": "\u4e94\u89d2\u5927\u697c\u6700\u8fd1\u4e00\u4efd\u5173\u4e8e\u201c\u52a0\u5f3a\u963f\u5bcc\u6c57\u5b89\u5168\u4e0e\u7a33\u5b9a\u201d\u7684\u5b63\u5ea6\u62a5\u544a\u4e2d\u8bf4\uff0c\u963f\u5bcc\u6c57\u7a7a\u519b\u4eba\u5458\u81f3\u8d1f\u8d23\u8be5\u673a\u578b30%\u7684\u7ef4\u62a4\u5de5\u4f5c\u3002", "events": [], "arguments": {"loc": [], "time": [], "country": [], "weapon": []}}, {"sentence": "\u8fd9\u53ef\u80fd\u6709\u52a9\u4e8e\u89e3\u91ca\u4e3a\u4f55\u5728\u8fd9\u8d77\u4e8b\u6545\u4e2d\uff0c\u6709\u53ef\u80fd\u662f\u4e00\u540d\u7f8e\u56fd\u627f\u5305\u5546\u7684\u4eba\u5458\u5728\u9a7e\u9a76\u8fd9\u67b6\u98de\u673a\u3002", "events": [], "arguments": {"loc": [], "time": [], "country": [], "weapon": []}}]