[{"sentence": "\u75ab\u60c5\u3001\u5760\u673a\u3001\u6b7b\u4eba\u2026\u2026\u7f8e\u5a92\u5217\u51fa\u7f57\u65af\u798f\u53f7\u822a\u6bcd\u534a\u5e74\u90e8\u7f72\u671f\u95f4\u5404\u79cd\u201c\u574e\u5777\u201d", "events": [], "arguments": {"loc": [], "time": [], "country": [], "weapon": []}}, {"sentence": "\u3010\u73af\u7403\u7f51\u62a5\u9053 \u8bb0\u8005 \u5f90\u7490\u660e\u3011", "events": [], "arguments": {"loc": [], "time": [], "country": [], "weapon": []}}, {"sentence": "\u7f8e\u56fd\u6d77\u519b\u7684\u201c\u7f57\u65af\u798f\u201d\u53f7\u822a\u6bcd\u7684\u5370\u5ea6-\u592a\u5e73\u6d0b\u90e8\u7f72\u4e4b\u65c5\u5373\u5c06\u7ed3\u675f\uff0c\u6b64\u6b21\u90e8\u7f72\u8fc7\u7a0b\u4e2d\u8fd9\u8258\u822a\u6bcd\u53ef\u4ee5\u8bf4\u662f\u5386\u7ecf\u574e\u5777\uff0c\u7f8e\u5a92\u5bf9\u201c\u7f57\u65af\u798f\u201d\u53f7\u5728\u90e8\u7f72\u671f\u95f4\u53d1\u751f\u7684\u79cd\u79cd\u4e8b\u6545\u8fdb\u884c\u4e86\u56de\u987e\u3002", "events": [], "arguments": {"loc": [], "time": [], "country": [], "weapon": []}}, {"sentence": "\u636e\u7f8e\u56fd\u300a\u661f\u6761\u65d7\u62a5\u300b7\u67089\u65e5\u62a5\u9053\uff0c\u201c\u7f57\u65af\u798f\u201d\u53f7\u822a\u6bcd\u76ee\u524d\u6b63\u5728\u8fd4\u56de\u4f4d\u4e8e\u5723\u8fed\u6208\u6bcd\u6e2f\u7684\u9014\u4e2d\uff0c\u7531\u4e8e\u65b0\u51a0\u75ab\u60c5\u7684\u66b4\u53d1\u3001\u9886\u5bfc\u5c42\u7684\u7ba1\u7406\u5371\u673a\uff0c\u7ed9\u8fd9\u8258\u822a\u6bcd\u4e3a\u671f6\u4e2a\u6708\u7684\u90e8\u7f72\u9020\u6210\u4e86\u4e25\u91cd\u540e\u679c\u3002", "events": [], "arguments": {"loc": [{"text": "\u5723\u8fed\u6208\u6bcd\u6e2f", "offset": 32, "length": 5}], "time": [], "country": [], "weapon": []}}, {"sentence": "\u62a5\u9053\u79f0\uff0c\u201c\u7f57\u65af\u798f\u201d\u53f7\u822a\u6bcd\u8230\u957f\u5361\u6d1b\u65af\u00b7\u8428\u8fea\u8036\u6d1b7\u67088\u65e5\u5728\u793e\u4ea4\u5a92\u4f53\u4e0a\u53d1\u5e16\u8bf4\u5230\uff1a\u201c\u5f53\u8fd9\u6b21\u90e8\u7f72\u63a5\u8fd1\u5c3e\u58f0\uff0c\u56de\u60f3\u8d77\u4e09\u4e2a\u6708\u524d\u7684\u60c5\u51b5\u548c\u73b0\u5728\u7684\u60c5\u51b5\uff0c\u6211\u4e0d\u7981\u9732\u51fa\u4e00\u4e1d\u5e73\u9759\u7684\u5fae\u7b11\u3002", "events": [], "arguments": {"loc": [], "time": [], "country": [], "weapon": []}}, {"sentence": "\u201d\u201c\u5f53\u8fd9\u4e2a\u4e16\u754c\u9700\u8981\u82f1\u96c4\u7684\u65f6\u5019\uff0c\u4f60\u4eec\uff08\u6307\u2018\u7f57\u65af\u798f\u2019\u53f7\u822a\u6bcd\u8230\u5458\uff09\u633a\u8eab\u800c\u51fa\u3002", "events": [], "arguments": {"loc": [], "time": [], "country": [], "weapon": []}}, {"sentence": "\u201d", "events": [], "arguments": {"loc": [], "time": [], "country": [], "weapon": []}}, {"sentence": "\u7136\u800c\uff0c\u6839\u636e\u7f8e\u56fd\u6d77\u519b5\u6708\u4efd\u516c\u5f00\u7684\u4e00\u4efd\u8c03\u67e5\u62a5\u544a\u663e\u793a\uff0c\u201c\u7f57\u65af\u798f\u201d\u53f7\u822a\u6bcd\u4e0a\u8d85\u8fc71150\u540d\u8230\u5458\u7684\u65b0\u51a0\u75c5\u6bd2\u68c0\u6d4b\u4e3a\u9633\u6027\uff0c\u5e76\u67091\u4eba\u56e0\u65b0\u51a0\u80ba\u708e\u6b7b\u4ea1\u3002", "events": [{"trigger": {"text": "\u68c0\u6d4b\u4e3a", "offset": 47, "length": 3}, "subject": {"text": "\u201c\u7f57\u65af\u798f\u201d\u53f7\u822a\u6bcd\u4e0a\u8d85\u8fc71150\u540d\u8230\u5458\u7684\u65b0\u51a0\u75c5\u6bd2", "offset": 24, "length": 23}, "object": {"text": "\u9633\u6027", "offset": 50, "length": 2}}], "arguments": {"loc": [], "time": [{"text": "5\u6708\u4efd", "offset": 9, "length": 3}], "country": [{"text": "\u7f8e\u56fd", "offset": 5, "length": 2}], "weapon": []}}, {"sentence": "\u8fd9\u8258\u822a\u6bcd\u88ab\u8feb\u505c\u9760\u5173\u5c9b\uff0c\u201c\u8db4\u7a9d\u201d\u5c06\u8fd1\u4e24\u4e2a\u6708\uff0c\u8ba9\u5927\u90e8\u5206\u8230\u5458\u4e0b\u8239\u63a5\u53d7\u9694\u79bb\u548c\u6cbb\u7597\uff0c\u5e76\u5bf9\u822a\u6bcd\u8fdb\u884c\u4e86\u5168\u9762\u7684\u6d88\u6bd2\u3002", "events": [], "arguments": {"loc": [], "time": [], "country": [], "weapon": []}}, {"sentence": "\u6b7b\u8005\u662f41\u5c81\u7684\u519b\u58eb\u957f\u5c0f\u67e5\u5c14\u65af\u00b7\u7f57\u4f2f\u7279\u00b7\u585e\u514b\uff0c\u4ed6\u57284\u670813\u65e5\u53bb\u4e16\uff0c\u968f\u540e\u88ab\u5b89\u846c\u5728\u4e86\u7f8e\u56fd\u53f2\u5bc6\u65af\u5821\u56fd\u5bb6\u516c\u5893\u3002", "events": [], "arguments": {"loc": [], "time": [], "country": [], "weapon": []}}, {"sentence": "\u201c\u7f57\u65af\u798f\u201d\u53f7\u822a\u6bcd\u906d\u9047\u7684\u4e8b\u6545\uff0c\u8fd8\u4e0d\u6b62\u75ab\u60c5\u66b4\u53d1\u3002", "events": [], "arguments": {"loc": [], "time": [], "country": [], "weapon": []}}, {"sentence": "\u201c\u7f57\u65af\u798f\u201d\u53f7\u4e8e6\u67084\u65e5\u91cd\u65b0\u8fd4\u56de\u4e86\u90e8\u7f72\u4efb\u52a1\u4e4b\u4e2d\uff0c\u4e24\u5468\u540e\u76846\u670818\u65e5\uff0c\u8be5\u822a\u6bcd\u4e0a\u7684\u4e00\u67b6F/A-18F\u201c\u8d85\u7ea7\u5927\u9ec4\u8702\u201d\u6218\u6597\u673a\u5728\u83f2\u5f8b\u5bbe\u6d77\u57df\u5760\u6bc1\uff0c\u6240\u5e78\u7684\u662f\u98de\u884c\u5458\u548c\u6b66\u5668\u64cd\u4f5c\u5458\u90fd\u88ab\u6210\u529f\u6551\u8d77\u3002", "events": [{"trigger": {"text": "\u5760\u6bc1", "offset": 63, "length": 2}, "subject": {"text": "\u8be5\u822a\u6bcd\u4e0a\u7684\u4e00\u67b6F/A-18F\u201c\u8d85\u7ea7\u5927\u9ec4\u8702\u201d\u6218\u6597\u673a", "offset": 33, "length": 24}, "object": {"text": "\u5728\u83f2\u5f8b\u5bbe\u6d77\u57df", "offset": 57, "length": 6}}], "arguments": {"loc": [], "time": [{"text": "6\u670818\u65e5", "offset": 27, "length": 5}], "country": [], "weapon": []}}, {"sentence": "\u4f46\u5728\u8fd9\u8258\u822a\u6bcd\u8fd4\u56de\u7f8e\u56fd\u897f\u6d77\u5cb8\u7684\u9014\u4e2d\uff0c\u53c8\u51fa\u73b0\u4e86\u8230\u5458\u6b7b\u4ea1\u7684\u610f\u5916\u4e8b\u4ef6\u3002", "events": [], "arguments": {"loc": [], "time": [], "country": [], "weapon": []}}, {"sentence": "\u4e00\u540d\u88ab\u5206\u914d\u5230\u201c\u7f57\u65af\u798f\u201d\u53f7\u822a\u6bcdVFA-146\u201c\u84dd\u8272\u94bb\u77f3\u201d\u6218\u6597\u673a\u98de\u884c\u4e2d\u961f\u7684\u8230\u5458\u4e8e7\u67083\u65e5\u6b7b\u4ea1\u3002", "events": [], "arguments": {"loc": [], "time": [], "country": [], "weapon": [{"text": "VFA-146\u201c\u84dd\u8272\u94bb\u77f3\u201d\u6218\u6597\u673a", "offset": 14, "length": 16}, {"text": "\u201c\u7f57\u65af\u798f\u201d\u53f7\u822a\u6bcd", "offset": 6, "length": 8}]}}, {"sentence": "\u7f8e\u519b\u79f0\u8fd9\u540d\u8230\u5458\u8eab\u4f53\u7a81\u53d1\u4e0d\u9002\uff0c\u88ab\u4e00\u67b6\u76f4\u5347\u673a\u8f6c\u9001\u81f3\u5cb8\u4e0a\u7684\u4e00\u6240\u533b\u9662\uff0c\u968f\u540e\u5728\u90a3\u91cc\u88ab\u5ba3\u5e03\u6b7b\u4ea1\u3002", "events": [], "arguments": {"loc": [], "time": [], "country": [], "weapon": []}}, {"sentence": "\u7f8e\u519b\u8fd8\u5f3a\u8c03\u79f0\uff1a\u201c\u8fd9\u540d\u8230\u5458\u548c\u2018\u7f57\u65af\u798f\u2019\u53f7\u4e0a\u6240\u6709\u5176\u4ed6\u8230\u5458\u4e00\u6837\uff0c\u6b64\u524d\u66fe\u591a\u6b21\u63a5\u53d7\u65b0\u51a0\u75c5\u6bd2\u68c0\u6d4b\uff0c\u5728\u822a\u6bcd\u7684\u6574\u4e2a\u90e8\u7f72\u8fc7\u7a0b\u4e2d\uff0c\u4ed6\u7684\u68c0\u6d4b\u7ed3\u679c\u5747\u4e3a\u9634\u6027\u3002", "events": [], "arguments": {"loc": [], "time": [], "country": [], "weapon": []}}, {"sentence": "\u201d", "events": [], "arguments": {"loc": [], "time": [], "country": [], "weapon": []}}, {"sentence": "\u62a5\u9053\u8fd8\u63d0\u5230\u4e86\u201c\u7f57\u65af\u798f\u201d\u53f7\u822a\u6bcd\u56e0\u66b4\u53d1\u75ab\u60c5\u5f15\u8d77\u7684\u4eba\u4e8b\u53d8\u52a8\u98ce\u6ce2\uff0c\u8be5\u822a\u6bcd\u7684\u524d\u4efb\u8230\u957f\u514b\u7f57\u6cfd\u56e0\u53d1\u51fa\u201c\u6c42\u63f4\u4fe1\u201d\u800c\u906d\u5230\u89e3\u804c\uff0c\u5c06\u4ed6\u89e3\u804c\u7684\u524d\u7f8e\u56fd\u6d77\u519b\u4ee3\u7406\u90e8\u957f\u6258\u9a6c\u65af\u00b7\u83ab\u5fb7\u5229\u5728\u5bf9\u8230\u5458\u7684\u8bb2\u8bdd\u4e2d\u516c\u5f00\u8bad\u65a5\u514b\u7f57\u6cfd\u201c\u592a\u5929\u771f\u3001\u592a\u611a\u8822\u201d\uff0c\u7ed3\u679c\u8fd9\u6bb5\u8bad\u8bdd\u7684\u5f55\u97f3\u4e5f\u88ab\u5916\u6cc4\uff0c\u5bfc\u81f4\u83ab\u5fb7\u5229\u8feb\u4e8e\u538b\u529b\u8f9e\u804c\u3002", "events": [], "arguments": {"loc": [], "time": [], "country": [], "weapon": []}}, {"sentence": "\u5f53\u65f6\u7f8e\u56fd\u56fd\u5185\u4e00\u5ea6\u6709\u4e0d\u5c11\u547c\u58f0\u8ba4\u4e3a\u514b\u7f57\u6cfd\u8230\u957f\u5e94\u5f53\u590d\u804c\uff0c\u751a\u81f3\u6709\u4e0d\u5c11\u6c11\u4f17\u5728\u7f51\u4e0a\u516c\u5f00\u53d1\u8d77\u8bf7\u613f\u6d3b\u52a8\u3002", "events": [], "arguments": {"loc": [], "time": [], "country": [], "weapon": []}}, {"sentence": "\u7136\u800c\u5728\u5386\u7ecf\u6570\u6708\u7684\u8c03\u67e5\u4e4b\u540e\uff0c\u7f8e\u56fd\u6d77\u519b\u51b3\u5b9a\u5c06\u4e0d\u518d\u6062\u590d\u514b\u7f57\u6cfd\u201c\u7f57\u65af\u798f\u201d\u53f7\u822a\u6bcd\u8230\u957f\u7684\u804c\u52a1\u3002", "events": [], "arguments": {"loc": [], "time": [], "country": [], "weapon": []}}, {"sentence": "\u7f8e\u56fd\u6d77\u519b\u4f5c\u6218\u90e8\u957f\u5409\u5c14\u6234\u8bf4\uff0c\u6d77\u519b\u7684\u6700\u65b0\u8c03\u67e5\u201c\u8ba9\u6211\u5bf9\u514b\u7f57\u6cfd\u7684\u6307\u6325\u80fd\u529b\u4ea7\u751f\u4e86\u8db3\u591f\u7684\u6000\u7591\u3002", "events": [], "arguments": {"loc": [], "time": [], "country": [], "weapon": []}}, {"sentence": "\u201d\u4ed6\u8fd8\u8868\u793a\uff0c\u514b\u7f57\u6cfd\u4e0d\u518d\u9002\u5408\u62c5\u4efb\u5176\u4ed6\u4efb\u4f55\u6307\u6325\u804c\u4f4d\uff0c\u5c06\u53e6\u6709\u4efb\u7528\u3002", "events": [], "arguments": {"loc": [], "time": [], "country": [], "weapon": []}}]