[{"sentence": "\u7f8e\u519b\u6218\u7565\u8f70\u70b8\u673a\u4ece\u672c\u571f\u8d77\u98de\u524d\u5f80\u5357\u6d77\u00a0\u8d77\u98de\u5230\u964d\u843d\u5168\u7a0b\u517128\u5c0f\u65f6", "events": [{"trigger": {"text": "\u8d77\u98de", "offset": 17, "length": 2}, "subject": {"text": "\u7f8e\u519b\u6218\u7565\u8f70\u70b8\u673a\u4ece\u672c\u571f", "offset": 0, "length": 10}, "object": {"text": "\u524d\u5f80\u5357\u6d77", "offset": 12, "length": 4}}], "arguments": {"loc": [{"text": "\u5357\u6d77", "offset": 14, "length": 2}], "time": [], "country": [{"text": "\u7f8e", "offset": 0, "length": 1}], "weapon": [{"text": "\u6218\u7565\u8f70\u70b8\u673a", "offset": 2, "length": 5}]}}, {"sentence": "\u77ed\u77ed\u4e09\u5468\u4e4b\u5185", "events": [], "arguments": {"loc": [], "time": [], "country": [], "weapon": []}}, {"sentence": "\u7f8e\u519b\u5728\u4e9a\u592a\u5730\u533a", "events": [], "arguments": {"loc": [], "time": [], "country": [], "weapon": []}}, {"sentence": "\u63a5\u8fde\u4e3e\u884c\u4e09\u6b21\u53cc\u822a\u6bcd\u6f14\u4e60", "events": [], "arguments": {"loc": [], "time": [], "country": [], "weapon": []}}, {"sentence": "\u6218\u7565\u8f70\u70b8\u673a\u4e5f\u524d\u6765\u53c2\u52a0", "events": [], "arguments": {"loc": [], "time": [], "country": [], "weapon": []}}, {"sentence": "\u6b64\u5916\uff0c\u7f8e\u5a92\u8fd8\u7206\u6599", "events": [], "arguments": {"loc": [], "time": [], "country": [], "weapon": []}}, {"sentence": "\u7f8e\u519b\u5728\u592a\u5e73\u6d0b\u5c9b\u7901\u5347\u7ea7\u57fa\u5efa", "events": [], "arguments": {"loc": [], "time": [], "country": [], "weapon": []}}, {"sentence": "\u5168\u7a0b28\u5c0f\u65f6\uff01", "events": [], "arguments": {"loc": [], "time": [], "country": [], "weapon": []}}, {"sentence": "B-52\u4ece\u7f8e\u672c\u571f\u8d77\u98de\u524d\u5f80\u5357\u6d77", "events": [], "arguments": {"loc": [], "time": [], "country": [], "weapon": []}}, {"sentence": "\u5f53\u5730\u65f6\u95f47\u67085\u65e5\uff0c\u7f8e\u56fd\u7a7a\u519b\u53d1\u5e03\u6d88\u606f\uff0c\u4e00\u67b6B-52\u6218\u7565\u8f70\u70b8\u673a\u4ece\u4f4d\u4e8e\u8def\u6613\u65af\u5b89\u90a3\u5dde\u7684\u5df4\u514b\u65af\u4ee3\u5c14\u7a7a\u519b\u57fa\u5730\u51fa\u53d1\uff0c\u524d\u5f80\u5357\u6d77\u4e0a\u7a7a\uff0c\u4e0e\u7f8e\u6d77\u519b\u201c\u5c3c\u7c73\u5179\u201d\u53f7\u548c\u201c\u91cc\u6839\u201d\u53f7\u4e24\u4e2a\u822a\u6bcd\u6253\u51fb\u7fa4\u8fdb\u884c\u8054\u5408\u6f14\u7ec3\u3002", "events": [], "arguments": {"loc": [{"text": "\u8def\u6613\u65af\u5b89\u90a3\u5dde\u7684\u5df4\u514b\u65af\u4ee3\u5c14\u7a7a\u519b\u57fa\u5730", "offset": 32, "length": 16}], "time": [{"text": "\u5f53\u5730\u65f6\u95f47\u67085\u65e5", "offset": 0, "length": 8}], "country": [], "weapon": [{"text": "B-52\u6218\u7565\u8f70\u70b8\u673a", "offset": 20, "length": 9}, {"text": "\u201c\u5c3c\u7c73\u5179\u201d\u53f7\u548c\u201c\u91cc\u6839\u201d\u53f7\u4e24\u4e2a\u822a\u6bcd", "offset": 62, "length": 16}]}}, {"sentence": "\u6f14\u7ec3\u7ed3\u675f\u540e\uff0c\u8fd9\u67b6B-52\u6218\u7565\u8f70\u70b8\u673a\u98de\u5f80\u5173\u5c9b\u3002", "events": [], "arguments": {"loc": [{"text": "\u5173\u5c9b", "offset": 19, "length": 2}], "time": [], "country": [], "weapon": []}}, {"sentence": "\u636e\u7f8e\u519b\u900f\u9732\uff0c\u4ece\u8d77\u98de\u5230\u964d\u843d\u5168\u7a0b\u517128\u5c0f\u65f6\u3002", "events": [], "arguments": {"loc": [], "time": [], "country": [], "weapon": []}}, {"sentence": "\u8fd1\u671f\u7f8e\u519b\u5728\u4e9a\u592a\u5730\u533a\u7684\u6d3b\u52a8\u51fa\u73b0\u65b0\u7279\u5f81\u2014\u2014\u6218\u7565\u8f70\u70b8\u673a\u4e0d\u518d\u50cf\u5f80\u5e74\u5927\u591a\u4ece\u5173\u5c9b\u8d77\u98de\uff0c\u800c\u662f\u591a\u6b21\u4ece\u672c\u571f\u51fa\u53d1 \uff0c\u62b5\u8fbe\u4efb\u52a1\u7a7a\u57df\u540e\u4e0d\u843d\u5730\u76f4\u63a5\u8fd4\u56de\u3002", "events": [], "arguments": {"loc": [{"text": "\u4e9a\u592a\u5730\u533a", "offset": 5, "length": 4}], "time": [], "country": [], "weapon": []}}, {"sentence": "\u4e9a\u592a\u5730\u533a\u52a8\u4f5c\u9891\u9891", "events": [], "arguments": {"loc": [], "time": [], "country": [], "weapon": []}}, {"sentence": "\u53cc\u822a\u6bcd\u6f14\u7ec3\u660e\u663e\u589e\u591a", "events": [], "arguments": {"loc": [], "time": [], "country": [], "weapon": []}}, {"sentence": "7\u67084\u65e5\uff0c\u7f8e\u56fd\u6d3e\u53cc\u822a\u6bcd\u524d\u5f80\u5357\u6d77\u6f14\u4e60 \uff0c\u201c\u5c3c\u7c73\u5179\u201d\u53f7\u4e0e\u201c\u91cc\u6839\u201d\u53f7\u4e24\u8258\u822a\u6bcd\u53ca\u5404\u81ea\u7684\u968f\u884c\u519b\u8230\u5c55\u5f00\u6f14\u7ec3\u3002", "events": [{"trigger": {"text": "\u524d\u5f80", "offset": 11, "length": 2}, "subject": {"text": "\u7f8e\u56fd\u6d3e\u53cc\u822a\u6bcd", "offset": 5, "length": 6}, "object": {"text": "\u5357\u6d77\u6f14\u4e60", "offset": 13, "length": 4}}], "arguments": {"loc": [], "time": [{"text": "7\u67084\u65e5", "offset": 0, "length": 4}], "country": [], "weapon": []}}, {"sentence": "\u81f3\u6b64\uff0c\u4e09\u5468\u4e4b\u5185\uff0c\u7f8e\u519b\u5728\u4e9a\u592a\u5730\u533a\u5df2\u7ecf\u8fdb\u884c\u4e86\u4e09\u6b21\u53cc\u822a\u6bcd\u6f14\u4e60\u3002", "events": [], "arguments": {"loc": [], "time": [], "country": [], "weapon": []}}, {"sentence": "\u6b64\u524d\u4e24\u6b21\u5206\u522b\u662f6\u670821\u65e5\u201c\u5c3c\u7c73\u5179\u201d\u53f7\u4e0e\u201c\u7f57\u65af\u798f\u201d\u53f7\u5728\u897f\u592a\u5e73\u6d0b\u6f14\u7ec3\uff0c6\u670828\u65e5\u201c\u5c3c\u7c73\u5179\u201d\u53f7\u4e0e\u201c\u91cc\u6839\u201d\u53f7\u5728\u897f\u592a\u5e73\u6d0b\u6f14\u7ec3\u3002", "events": [], "arguments": {"loc": [], "time": [], "country": [], "weapon": []}}, {"sentence": "\u25b2 \u201c\u5c3c\u7c73\u5179\u201d\u53f7\u822a\u6bcd", "events": [], "arguments": {"loc": [], "time": [], "country": [], "weapon": []}}, {"sentence": "\u636e\u7f8e\u56fd\u5a92\u4f53\u7edf\u8ba1\uff0c\u4ece2001\u5e749\u6708\u52302019\u5e74\u5e74\u5e95\uff0c\u7f8e\u56fd\u5728\u897f\u592a\u5e73\u6d0b\u5730\u533a\u4e00\u5171\u53ea\u8fdb\u884c\u8fc75\u6b21\u53cc\u822a\u6bcd\u6f14\u7ec3\u3002", "events": [{"trigger": {"text": "\u8fdb\u884c\u8fc7", "offset": 37, "length": 3}, "subject": {"text": "\u7f8e\u56fd\u5728\u897f\u592a\u5e73\u6d0b\u5730\u533a\u4e00\u5171\u53ea", "offset": 25, "length": 12}, "object": {"text": "5\u6b21\u53cc\u822a\u6bcd\u6f14\u7ec3", "offset": 40, "length": 7}}], "arguments": {"loc": [], "time": [{"text": "2001\u5e749\u6708\u52302019\u5e74\u5e74\u5e95", "offset": 9, "length": 15}], "country": [], "weapon": []}}, {"sentence": "\u201c\u5927\u8c61\u6f2b\u6b65\u201d\u79c0\u808c\u8089", "events": [], "arguments": {"loc": [], "time": [], "country": [], "weapon": []}}, {"sentence": "\u5728\u4e9a\u592a\u57fa\u5730\u591a\u6b21\u4e0a\u6f14", "events": [], "arguments": {"loc": [], "time": [], "country": [], "weapon": []}}, {"sentence": "\u9664\u4e86\u53cc\u822a\u6bcd\u6f14\u7ec3\u9891\u7e41\uff0c\u4eca\u5e744\u6708\u4ee5\u6765\uff0c\u7f8e\u519b\u5df2\u5728\u963f\u62c9\u65af\u52a0\u3001\u5173\u5c9b\u548c\u590f\u5a01\u5937\uff0c\u4ee5\u53ca\u65e5\u672c\u6a2a\u7530\u57fa\u5730\u548c\u5609\u624b\u7eb3\u57fa\u5730\u7b49\u591a\u5730\u6f14\u7ec3\u201c\u5927\u8c61\u6f2b\u6b65\u201d\u3002", "events": [], "arguments": {"loc": [{"text": "\u963f\u62c9\u65af\u52a0\u3001", "offset": 21, "length": 5}, {"text": "\u590f\u5a01\u5937", "offset": 29, "length": 3}, {"text": "\u6a2a\u7530\u57fa\u5730", "offset": 37, "length": 4}, {"text": "\u5609\u624b\u7eb3\u57fa\u5730", "offset": 42, "length": 5}], "time": [], "country": [{"text": "\u65e5\u672c", "offset": 35, "length": 2}], "weapon": []}}, {"sentence": "\u6240\u8c13\u201c\u5927\u8c61\u6f2b\u6b65\u201d\uff0c\u6307\u7684\u662f\u591a\u67b6\u519b\u673a\u4ee5\u6700\u5c0f\u95f4\u8ddd\u9996\u5c3e\u76f8\u8fde\u6ed1\u884c\uff0c\u4ee5\u4fbf\u6700\u77ed\u65f6\u95f4\u8d77\u98de\u6700\u591a\u67b6\u6b21\u3002", "events": [], "arguments": {"loc": [], "time": [], "country": [], "weapon": []}}, {"sentence": "\u8fd9\u79cd\u884c\u52a8\u5728\u6218\u65f6\u53ef\u5feb\u901f\u51fa\u52a8\u5927\u91cf\u88c5\u5907\uff0c\u975e\u6218\u65f6\u5219\u8d77\u5230\u5c55\u793a\u519b\u529b\u7684\u4f5c\u7528\u3002", "events": [], "arguments": {"loc": [], "time": [], "country": [], "weapon": []}}, {"sentence": "\u7f8e\u519b\u82b1\u8d39\u6570\u4ebf\u7f8e\u5143", "events": [], "arguments": {"loc": [], "time": [], "country": [], "weapon": []}}, {"sentence": "\u5347\u7ea7\u592a\u5e73\u6d0b\u5c0f\u5c9b\u57fa\u5efa", "events": [], "arguments": {"loc": [], "time": [], "country": [], "weapon": []}}, {"sentence": "\u7f8e\u56fd\u4e00\u65b9\u9762\u52a0\u5f3a\u4e86\u519b\u4e8b\u6f14\u7ec3\u7684\u9891\u7387\u548c\u5f3a\u5ea6\uff0c\u53e6\u4e00\u65b9\u9762\u8fd8\u8ba1\u5212\u8c03\u6574\u5728\u4e9a\u592a\u7684\u90e8\u7f72\u3002", "events": [], "arguments": {"loc": [], "time": [], "country": [], "weapon": []}}, {"sentence": "\u636e\u300a\u65e5\u672c\u7ecf\u6d4e\u65b0\u95fb\u300b\u62a5\u9053\uff0c\u7279\u6717\u666e\u653f\u5e9c\u5c06\u5bf9\u7f8e\u519b\u5168\u7403\u90e8\u7f72\u8fdb\u884c\u5927\u5e45\u8c03\u6574\uff0c\u6570\u5343\u540d\u76ee\u524d\u90e8\u7f72\u5728\u5fb7\u56fd\u7684\u5b98\u5175\u5c06\u88ab\u8f6c\u79fb\u5230\u4e9a\u592a\u5730\u533a\u3002", "events": [{"trigger": {"text": "\u8fdb\u884c", "offset": 25, "length": 2}, "subject": {"text": "\u7279\u6717\u666e\u653f\u5e9c\u5c06\u5bf9\u7f8e\u519b\u5168\u7403\u90e8\u7f72", "offset": 12, "length": 13}, "object": {"text": "\u5927\u5e45\u8c03\u6574", "offset": 27, "length": 4}}], "arguments": {"loc": [], "time": [], "country": [], "weapon": []}}, {"sentence": "\u53e6\u636e\u7f8e\u5a92\u8fd1\u65e5\u516c\u5e03\u7684\u4e00\u6279\u536b\u661f\u7167\u7247\u663e\u793a\uff0c\u7f8e\u519b\u6b63\u5728\u592a\u5e73\u6d0b\u6df1\u5904\u7684\u5a01\u514b\u5c9b \u4e0a\u5927\u5174\u571f\u6728\u3002", "events": [], "arguments": {"loc": [], "time": [], "country": [], "weapon": []}}, {"sentence": "\u5a01\u514b\u5c9b\u662f\u592a\u5e73\u6d0b\u4e0a\u7684\u4e00\u5ea7\u73af\u7901\uff0c\u4f4d\u4e8e\u5173\u5c9b\u548c\u590f\u5a01\u5937\u4e4b\u95f4\uff0c\u7b2c\u4e8c\u5c9b\u94fe\u4ee5\u5916\u3002", "events": [], "arguments": {"loc": [], "time": [], "country": [], "weapon": []}}, {"sentence": "\u8be5\u5c9b\u76ee\u524d\u7531\u7f8e\u56fd\u7a7a\u519b\u8fdb\u884c\u7ba1\u7406\u3002", "events": [], "arguments": {"loc": [], "time": [], "country": [], "weapon": []}}, {"sentence": "\u5c9b\u4e0a\u5927\u90e8\u5206\u533a\u57df\u90fd\u662f\u7f8e\u519b\u673a\u573a\uff0c\u62e5\u6709\u4e00\u6761\u957f\u8fbe3000\u7c73\u7684\u8dd1\u9053\uff0c\u53ef\u8d77\u964d\u7f8e\u519b\u73b0\u5f79\u6240\u6709\u578b\u53f7\u7684\u98de\u673a\u3002", "events": [], "arguments": {"loc": [], "time": [], "country": [], "weapon": []}}, {"sentence": "\u636e\u7f8e\u56fd\u5a92\u4f53\u62a5\u9053\uff0c\u5a01\u514b\u5c9b\u591a\u5e74\u6765\u4e00\u76f4\u662f\u7f8e\u519b\u98de\u673a\u8fdb\u884c\u8de8\u592a\u5e73\u6d0b\u98de\u884c\u7684\u4e2d\u8f6c\u7ad9\u548c\u8865\u7ed9\u7ad9\uff0c\u540c\u65f6\u4e5f\u662f\u7d27\u6025\u60c5\u51b5\u4e0b\u7684\u4e00\u5904\u5907\u964d\u673a\u573a\u3002", "events": [], "arguments": {"loc": [{"text": "\u5a01\u514b\u5c9b", "offset": 8, "length": 3}], "time": [], "country": [], "weapon": []}}, {"sentence": "\u536b\u661f\u7167\u7247\u663e\u793a\uff0c\u4e0e\u524d\u51e0\u5e74\u76f8\u6bd4\uff0c\u5c9b\u4e0a\u673a\u573a\u7684\u8dd1\u9053\u5df2\u7ecf\u88ab\u5f7b\u5e95\u7ffb\u65b0\uff0c\u8dd1\u9053\u5468\u8fb9\u7684\u5efa\u7b51\u4e5f\u660e\u663e\u591a\u4e86\u8d77\u6765\u3002", "events": [], "arguments": {"loc": [], "time": [], "country": [], "weapon": []}}, {"sentence": "\u7f8e\u5a92\u900f\u9732\uff0c\u7f8e\u519b\u4e3a\u8be5\u5c9b\u57fa\u7840\u8bbe\u65bd\u7684\u5347\u7ea7\u5df2\u7ecf\u6295\u5165\u4e86\u6570\u4ebf\u7f8e\u5143\u3002", "events": [], "arguments": {"loc": [], "time": [], "country": [], "weapon": []}}, {"sentence": "\u5c9b\u4e0a\u7684\u8bbe\u65bd\u4e00\u65e6\u5b8c\u5907\uff0c\u610f\u5473\u7740\u7f8e\u519b\u5728\u592a\u5e73\u6d0b\u4e0a\u53c8\u591a\u4e86\u4e00\u5904\u53ef\u4ee5\u524d\u6cbf\u90e8\u7f72\u5148\u8fdb\u6218\u673a\u3001\u8f70\u70b8\u673a\u548c\u52a0\u6cb9\u673a\u7684\u57fa\u5730\uff0c \u5a01\u514b\u5c9b\u7684\u5730\u4f4d\u5c06\u53d8\u5f97\u66f4\u52a0\u91cd\u8981\u3002", "events": [], "arguments": {"loc": [], "time": [], "country": [], "weapon": []}}]