[{"sentence": "\u571f\u8033\u5176\u53c8\u523a\u6fc0\u7f8e\u56fd\uff01", "events": [], "arguments": {"loc": [], "time": [], "country": [{"text": "\u571f\u8033\u5176", "offset": 0, "length": 3}, {"text": "\u7f8e\u56fd", "offset": 6, "length": 2}], "weapon": []}}, {"sentence": "\u88ab\u66dd\u7528\u4fc4\u5236S400\u7cfb\u7edf\u8ffd\u8e2a\u7f8e\u519bF-22\u548cF-35\u6218\u673a", "events": [{"trigger": {"text": "\u8ffd\u8e2a", "offset": 11, "length": 2}, "subject": {"text": "\u7528\u4fc4\u5236S400\u7cfb\u7edf", "offset": 2, "length": 9}, "object": {"text": "\u7f8e\u519bF-22\u548cF-35\u6218\u673a", "offset": 13, "length": 13}}], "arguments": {"loc": [], "time": [], "country": [], "weapon": [{"text": "\u4fc4\u5236S400\u7cfb\u7edf", "offset": 3, "length": 8}, {"text": "F-22", "offset": 15, "length": 4}, {"text": "F-35\u6218\u673a", "offset": 20, "length": 6}]}}, {"sentence": "\u3010\u73af\u7403\u7f51\u62a5\u9053 \u89c1\u4e60\u8bb0\u8005 \u9a6c\u5ca9\u3011", "events": [], "arguments": {"loc": [], "time": [], "country": [], "weapon": []}}, {"sentence": "\u636e\u201c\u9646\u519b\u60c5\u62a5\u201d\u7f51\u7ad97\u67087\u65e5\u62a5\u9053\uff0c\u571f\u8033\u5176\u65e5\u524d\u8bd5\u9a8c\u4e86\u7528\u5176\u9996\u90e8\u4fc4\u5236S400\u9632\u7a7a\u5bfc\u5f39\u7cfb\u7edf\u8ffd\u8e2a\u7f8e\u5236F-22\u548cF-35\u9690\u8eab\u6218\u6597\u673a\uff0c\u5c3d\u7ba1\u8bd5\u9a8c\u7ed3\u679c\u672a\u88ab\u516c\u5e03\uff0c\u4f46\u6709\u8ff9\u8c61\u663e\u793a\u571f\u8033\u5176\u5bf9\u8be5\u9632\u7a7a\u5bfc\u5f39\u7cfb\u7edf\u975e\u5e38\u6ee1\u610f\u3002", "events": [], "arguments": {"loc": [], "time": [{"text": "7\u67087\u65e5", "offset": 9, "length": 4}], "country": [], "weapon": []}}, {"sentence": "\u62a5\u9053\u79f0\uff0c\u571f\u8033\u5176\u81f3\u5c113\u6b21\u8bd5\u9a8c\u7528S400\u9632\u7a7a\u5bfc\u5f39\u7cfb\u7edf\u8ffd\u8e2a\u7f8e\u56fd\u9690\u8eab\u6218\u6597\u673a\uff0c\u9664F-35\u5916\uff0c\u66f4\u9ad8\u7ea7\u7684F-22\u6218\u6597\u673a\u4e5f\u51fa\u73b0\u5728\u63a2\u6d4b\u8303\u56f4\u5185\u3002", "events": [], "arguments": {"loc": [], "time": [], "country": [], "weapon": [{"text": "S400\u9632\u7a7a\u5bfc\u5f39\u7cfb\u7edf", "offset": 14, "length": 10}]}}, {"sentence": "\u88abS400\u8ffd\u8e2a\u7684\u7f8e\u56fd\u7b2c\u4e94\u4ee3\u6218\u6597\u673a\u662f\u524d\u5f80\u4e2d\u4e1c\u5730\u533a\u8f6e\u6d41\u90e8\u7f72\u7684\uff0c\u5b83\u4eec\u98de\u8d8a\u9ed1\u6d77\u548c\u571f\u8033\u5176\u9886\u571f\u4e0a\u7a7a\uff0c\u5176\u8def\u7ebf\u8ddd\u79bb\u571f\u8033\u5176\u90e8\u7f72S400\u7684\u7a7a\u519b\u57fa\u5730\u4ec5\u6709170\u81f3200\u516c\u91cc\uff0c\u56e0\u800c\u571f\u8033\u5176\u83b7\u5f97\u4e86\u6d4b\u8bd5S400\u7684\u7edd\u597d\u673a\u4f1a\u3002", "events": [], "arguments": {"loc": [{"text": "\u9ed1\u6d77", "offset": 33, "length": 2}, {"text": "\u571f\u8033\u5176\u9886\u571f\u4e0a\u7a7a", "offset": 36, "length": 7}, {"text": "\u4e2d\u4e1c\u5730\u533a", "offset": 19, "length": 4}], "time": [], "country": [], "weapon": []}}, {"sentence": "\u8fd9\u4e0d\u662f\u571f\u8033\u5176\u9996\u6b21\u6d4b\u8bd5\u7528S400\u8ffd\u8e2a\u7f8e\u56fd\u9690\u5f62\u6218\u673a\uff0c2019\u5e7411\u6708\uff0c\u5c31\u6709\u89c6\u9891\u663e\u793a\u571f\u8033\u5176\u5728\u7528S400\u7684\u96f7\u8fbe\u8ffd\u8e2a\u7f8e\u56fd\u5236\u9020\u7684F-16\u6218\u6597\u673a\u548cF-4E\u7535\u5b50\u6218\u98de\u673a\u3002", "events": [], "arguments": {"loc": [], "time": [], "country": [], "weapon": []}}, {"sentence": "\u4e0d\u4e45\u524d\uff0c\u7f8e\u56fd\u63d0\u51fa\u8d2d\u4e70\u571f\u8033\u5176\u7684S400\u9632\u7a7a\u5bfc\u5f39\u7cfb\u7edf\uff0c\u82e5\u571f\u8033\u5176\u540c\u610f\uff0c\u5219\u5141\u8bb8\u5176\u91cd\u65b0\u53c2\u4e0eF-35\u9879\u76ee\uff0c\u4ee5\u89e3\u51b3\u4e24\u56fd\u5173\u7cfb\u50f5\u5c40\u3002", "events": [{"trigger": {"text": "\u63d0\u51fa\u8d2d\u4e70", "offset": 6, "length": 4}, "subject": {"text": "\u7f8e\u56fd", "offset": 4, "length": 2}, "object": {"text": "\u571f\u8033\u5176\u7684S400\u9632\u7a7a\u5bfc\u5f39\u7cfb\u7edf", "offset": 10, "length": 14}}], "arguments": {"loc": [], "time": [], "country": [], "weapon": []}}, {"sentence": "\u4f46\u636e\u4fc4\u7f57\u65af\u5a92\u4f53\u62a5\u9053\uff0c\u571f\u8033\u5176\u5df2\u7ecf\u62d2\u7edd\u4e86\u8fd9\u4e00\u5efa\u8bae\u3002", "events": [], "arguments": {"loc": [], "time": [], "country": [], "weapon": []}}]