[{"sentence": "\u8fde\u7eed\u7b2c\u4e09\u5929\uff01", "events": [], "arguments": {"loc": [], "time": [], "country": [], "weapon": []}}, {"sentence": "\u7f8e\u56fd\u519b\u673a\u88ab\u66dd\u53c8\u5bf9\u4e2d\u56fd\u5b9e\u65bd\u62b5\u8fd1\u4fa6\u5bdf\u00a0\u8fd9\u6b21\u8ddd\u5e7f\u4e1c\u6d77\u5cb8\u4e0d\u5230100\u516c\u91cc", "events": [{"trigger": {"text": "\u62b5\u8fd1\u4fa6\u5bdf", "offset": 12, "length": 4}, "subject": {"text": "\u7f8e\u56fd\u519b\u673a", "offset": 0, "length": 4}, "object": {"text": "\u4e2d\u56fd", "offset": 8, "length": 2}}], "arguments": {"loc": [{"text": "\u8ddd\u5e7f\u4e1c\u6d77\u5cb8\u4e0d\u5230100\u516c\u91cc", "offset": 19, "length": 12}], "time": [], "country": [{"text": "\u7f8e\u56fd", "offset": 0, "length": 2}], "weapon": []}}, {"sentence": "\u3010\u73af\u7403\u7f51\u62a5\u9053 \u8bb0\u8005 \u5f90\u7490\u660e\u3011", "events": [], "arguments": {"loc": [], "time": [], "country": [], "weapon": []}}, {"sentence": "\u7f8e\u519b\u4fa6\u5bdf\u673a\u88ab\u66dd\u8fd1\u65e5\u8fde\u7eed\u5bf9\u4e2d\u56fd\u6cbf\u6d77\u5b9e\u65bd\u62b5\u8fd1\u4fa6\u5bdf\uff0c\u57287\u67088\u65e5\u4e0a\u5348\u4e00\u67b6\u7f8e\u519b\u4fa6\u5bdf\u673a\u4e00\u5ea6\u98de\u81f3\u8ddd\u79bb\u5e7f\u4e1c\u6d77\u5cb8\u7ea695.7\u516c\u91cc\u7684\u4f4d\u7f6e\u3002", "events": [], "arguments": {"loc": [], "time": [{"text": "7\u67088\u65e5\u4e0a\u5348", "offset": 24, "length": 6}], "country": [{"text": "\u4e2d\u56fd", "offset": 12, "length": 2}], "weapon": [{"text": "\u7f8e\u519b\u4fa6\u5bdf\u673a", "offset": 32, "length": 5}]}}, {"sentence": "\u636e\u5c9b\u5185\u7eff\u5a927\u67088\u65e5\u62a5\u9053\uff0c\u7f8e\u519b\u8fd1\u671f\u4e00\u6b65\u6b65\u5bf9\u4e2d\u56fd\u5927\u9646\u6cbf\u5cb8\u8fdb\u884c\u62b5\u8fd1\u4fa6\u5bdf\uff0c\u800c\u4e14\u8ddd\u79bb\u8d8a\u6765\u8d8a\u8fd1\u3002", "events": [], "arguments": {"loc": [], "time": [], "country": [], "weapon": []}}, {"sentence": "\u7ee77\u67087\u65e5\u6d3e\u51fa\u519b\u673a\u5bf9\u5927\u9646\u5e7f\u4e1c\u7701\u8fdb\u884c\u8fd1\u8ddd\u79bb\u7684\u4fa6\u5bdf\u540e\uff0c7\u67088\u65e5\u4e0a\u5348\u7f8e\u519b\u53c8\u6d3e\u51fa\u4e00\u67b6EP-3E\u7535\u5b50\u4fa6\u5bdf\u673a\u6267\u884c\u4efb\u52a1\uff0c\u8fd9\u67b6\u4fa6\u5bdf\u673a\u98de\u7ecf\u5df4\u58eb\u6d77\u5ce1\uff0c\u7531\u5357\u5f80\u5317\u9760\u8fd1\u6240\u8c13\u201c\u53f0\u6d77\u4e2d\u7ebf\u201d\u540e\uff0c\u518d\u6298\u5f80\u897f\u5357\u98de\u884c\uff0c\u5bf9\u5e7f\u4e1c\u6cbf\u5cb8\u8fdb\u884c\u62b5\u8fd1\u4fa6\u5bdf\uff0c\u800c\u4e14\u8ddd\u79bb\u6bd4\u6628\u5929\u768460\u6d77\u91cc\uff08\u7ea6111\u516c\u91cc\uff09\u66f4\u8fd1\uff0c\u4ec5\u670951.68\u6d77\u91cc\uff08\u7ea695.7\u516c\u91cc\uff09\u3002", "events": [{"trigger": {"text": "\u6d3e\u51fa", "offset": 34, "length": 2}, "subject": {"text": "7\u67088\u65e5\u4e0a\u5348\u7f8e\u519b", "offset": 25, "length": 8}, "object": {"text": "\u4e00\u67b6EP-3E\u7535\u5b50\u4fa6\u5bdf\u673a\u6267\u884c\u4efb\u52a1", "offset": 36, "length": 16}}], "arguments": {"loc": [{"text": "\u5df4\u58eb\u6d77\u5ce1", "offset": 60, "length": 4}], "time": [], "country": [], "weapon": []}}, {"sentence": "\u201c\u5357\u6d77\u6218\u7565\u6001\u52bf\u611f\u77e5\u8ba1\u5212\u201d\u5e73\u53f0\u53d1\u5e03\u76847\u67088\u65e5\u7f8e\u519bEP-3E\u4fa6\u5bdf\u673a\u98de\u884c\u8def\u7ebf", "events": [], "arguments": {"loc": [], "time": [], "country": [], "weapon": []}}, {"sentence": "\u62a5\u9053\u79f0\uff0c\u5927\u9646\u65b9\u9762\u4e5f\u7d27\u76ef\u7f8e\u519b\u52a8\u6001\uff0c\u5317\u4eac\u5927\u5b66\u6d77\u6d0b\u7814\u7a76\u9662\u8bbe\u7acb\u7684\u201c\u5357\u6d77\u6218\u7565\u6001\u52bf\u611f\u77e5\u8ba1\u5212\u201d\u5e73\u53f0\u5728\u56fd\u5916\u793e\u4ea4\u5a92\u4f53\u4e0a\u53d1\u5e03\u6d88\u606f\u663e\u793a\uff0c\u7f8e\u519b\u5df2\u7ecf\u5df2\u8fde\u7eed\u4e09\u5929\u6d3e\u51fa\u519b\u673a\u5bf9\u4e2d\u56fd\u5927\u9646\u8fdb\u884c\u62b5\u8fd1\u4fa6\u5bdf\uff0c6\u65e5\u662f1\u67b6RC-135\u4fa6\u5bdf\u673a\uff0c7\u65e5\u4e3a1\u67b6EP-3E\u7535\u5b50\u4fa6\u5bdf\u673a\uff0cEP-3E\u3001RC-135\u4fa6\u5bdf\u673a\u8ddd\u79bb\u5e7f\u4e1c\u6d77\u5cb8\u7684\u8ddd\u79bb\u5206\u522b\u4e3a60.94\u6d77\u91cc\u53ca60.89\u6d77\u91cc\u3002", "events": [], "arguments": {"loc": [], "time": [{"text": "\u8fde\u7eed\u4e09\u5929", "offset": 62, "length": 4}], "country": [], "weapon": [{"text": "RC-135\u4fa6\u5bdf\u673a", "offset": 119, "length": 9}, {"text": "EP-3E\u7535\u5b50\u4fa6\u5bdf\u673a", "offset": 102, "length": 10}]}}, {"sentence": "\u7f8e\u56fd\u6d77\u519bEP-3E\u7535\u5b50\u4fa6\u5bdf\u673a", "events": [], "arguments": {"loc": [], "time": [], "country": [], "weapon": []}}, {"sentence": "\u9488\u5bf9\u7f8e\u56fd\u8230\u673a\u8fd1\u671f\u5728\u53f0\u6e7e\u9644\u8fd1\u7684\u6d3b\u52a8\uff0c\u5927\u9646\u56fd\u9632\u90e8\u65b0\u95fb\u53d1\u8a00\u4eba\u5434\u8c26\u5927\u6821\u57286\u6708\u56fd\u9632\u90e8\u4f8b\u884c\u8bb0\u8005\u4f1a\u4e0a\u56de\u5e94\u79f0\uff0c\u53f0\u6e7e\u662f\u4e2d\u56fd\u4e0d\u53ef\u5206\u5272\u7684\u4e00\u90e8\u5206\u3002", "events": [], "arguments": {"loc": [], "time": [], "country": [], "weapon": []}}, {"sentence": "\u53f0\u6e7e\u4e8b\u52a1\u7eaf\u5c5e\u4e2d\u56fd\u5185\u653f\uff0c\u4e0d\u5bb9\u4efb\u4f55\u5916\u6765\u5e72\u6d89\u3002", "events": [], "arguments": {"loc": [{"text": "\u53f0\u6e7e", "offset": 0, "length": 2}], "time": [], "country": [], "weapon": []}}, {"sentence": "\u7f8e\u65b9\u9891\u7e41\u6253\u53f0\u6e7e\u724c\uff0c\u60f3\u901a\u8fc7\u201c\u5207\u9999\u80a0\u201d\u7684\u65b9\u5f0f\u6765\u5371\u5bb3\u4e2d\u56fd\u7684\u4e3b\u6743\u548c\u9886\u571f\u5b8c\u6574\uff0c\u8fd9\u5b8c\u5168\u662f\u75f4\u5fc3\u5984\u60f3\u3002", "events": [], "arguments": {"loc": [], "time": [], "country": [], "weapon": []}}, {"sentence": "\u89e3\u653e\u519b\u59cb\u7ec8\u4fdd\u6301\u9ad8\u5ea6\u6212\u5907\uff0c\u6709\u575a\u5b9a\u7684\u610f\u5fd7\u3001\u5145\u5206\u7684\u4fe1\u5fc3\u548c\u8db3\u591f\u7684\u80fd\u529b\u7ef4\u62a4\u56fd\u5bb6\u4e3b\u6743\u548c\u9886\u571f\u5b8c\u6574\uff0c\u7ef4\u62a4\u53f0\u6d77\u5730\u533a\u548c\u5e73\u7a33\u5b9a\u3002", "events": [], "arguments": {"loc": [], "time": [], "country": [], "weapon": []}}, {"sentence": "\u5bf9\u4e8e\u7f8e\u519b\u8230\u673a\u7684\u62b5\u8fd1\u4fa6\u5bdf\u884c\u4e3a\uff0c\u5434\u8c26\u5927\u6821\u4e5f\u56de\u5e94\u8bf4\uff0c\u5f53\u524d\uff0c\u5728\u5730\u533a\u56fd\u5bb6\u7684\u5171\u540c\u52aa\u529b\u4e0b\uff0c\u4e1c\u6d77\u3001\u5357\u6d77\u7684\u5c40\u52bf\u603b\u4f53\u662f\u7a33\u5b9a\u7684\u3002", "events": [], "arguments": {"loc": [{"text": "\u4e1c\u6d77", "offset": 38, "length": 2}, {"text": "\u5357\u6d77", "offset": 41, "length": 2}], "time": [], "country": [], "weapon": []}}, {"sentence": "\u8fd9\u5145\u5206\u8bf4\u660e\u57df\u5185\u56fd\u5bb6\u6709\u667a\u6167\u3001\u6709\u80fd\u529b\u3001\u6709\u529e\u6cd5\u901a\u8fc7\u76f4\u63a5\u8c08\u5224\u534f\u5546\uff0c\u59a5\u5904\u5206\u6b67\uff0c\u5171\u62a4\u548c\u5e73\u3002", "events": [], "arguments": {"loc": [], "time": [], "country": [], "weapon": []}}, {"sentence": "\u53cd\u89c2\u4f5c\u4e3a\u57df\u5916\u56fd\u5bb6\u7684\u7f8e\u56fd\uff0c\u6253\u7740\u6240\u8c13\u201c\u822a\u884c\u81ea\u7531\u201d\u7684\u5e4c\u5b50\uff0c\u6d3e\u519b\u7528\u8230\u673a\u6765\u4e1c\u6d77\u3001\u5357\u6d77\u6311\u8845\uff0c\u5bf9\u4e2d\u65b9\u5b9e\u65bd\u9ad8\u9891\u5ea6\u62b5\u8fd1\u4fa6\u5bdf\uff0c\u4e3e\u884c\u9488\u5bf9\u6027\u6781\u5f3a\u7684\u519b\u4e8b\u6f14\u4e60\uff0c\u4e25\u91cd\u5371\u5bb3\u5730\u533a\u56fd\u5bb6\u7684\u4e3b\u6743\u4e0e\u5b89\u5168\u5229\u76ca\uff0c\u4e25\u91cd\u7834\u574f\u672c\u5730\u533a\u7684\u548c\u5e73\u7a33\u5b9a\u3002", "events": [], "arguments": {"loc": [], "time": [], "country": [], "weapon": []}}]