[{"sentence": "\u771f\u519b\u706b\u8d29\u5b50\uff1a\u7f8e\u56fd\u5728\u4e00\u5929\u4e4b\u5185\u6279\u51c675\u4ebf\u7f8e\u5143\u5bf9\u5916\u519b\u552e", "events": [{"trigger": {"text": "\u6279\u51c6", "offset": 13, "length": 2}, "subject": {"text": "\u7f8e\u56fd\u5728\u4e00\u5929\u4e4b\u5185", "offset": 6, "length": 7}, "object": {"text": "75\u4ebf\u7f8e\u5143\u5bf9\u5916\u519b\u552e", "offset": 15, "length": 9}}], "arguments": {"loc": [], "time": [], "country": [{"text": "\u7f8e\u56fd", "offset": 6, "length": 2}], "weapon": []}}, {"sentence": "\u3010\u73af\u7403\u7f51\u62a5\u9053 \u8bb0\u8005 \u5f90\u7490\u660e\u3011", "events": [], "arguments": {"loc": [], "time": [], "country": [], "weapon": []}}, {"sentence": "\u7f8e\u5a92\u62a5\u9053\u79f0\uff0c\u7f8e\u56fd\u5728\u4e00\u5929\u4e4b\u5185\u6279\u51c6\u4e86\u9ad8\u8fbe75\u4ebf\u7f8e\u5143\u7684\u5bf9\u5916\u6b66\u5668\u9500\u552e\u3002", "events": [], "arguments": {"loc": [], "time": [], "country": [], "weapon": []}}, {"sentence": "\u636e\u201c\u9632\u52a1\u65b0\u95fb\u201d7\u67087\u65e5\u62a5\u9053\uff0c\u7f8e\u56fd\u56fd\u52a1\u9662\u57287\u67086\u65e5\u5ba3\u5e03\uff0c\u5df2\u7ecf\u6279\u51c6\u54115\u4e2a\u4e0d\u540c\u7684\u56fd\u5bb6\u8fdb\u884c\u4ef7\u503c\u8fd175\u4ebf\u7f8e\u5143\u7684\u5bf9\u5916\u519b\u552e\uff0c\u8fd9\u5bf9\u4e8e\u7f8e\u56fd\u7684\u519b\u706b\u5546\u4eec\u6765\u8bf4\u662f\u4e00\u4e2a\u201c\u6109\u5feb\u7684\u201d\u72ec\u7acb\u65e5\u5047\u671f\u3002", "events": [], "arguments": {"loc": [], "time": [{"text": "7\u67086\u65e5", "offset": 20, "length": 4}], "country": [], "weapon": []}}, {"sentence": "\u7f8e\u56fd\u56fd\u9632\u5b89\u5168\u5408\u4f5c\u5c40\u5b98\u7f51\u516c\u5e03\u7684\u8fd9\u4e9b\u519b\u552e\u9879\u76ee\u5305\u62ec\u5411\u7acb\u9676\u5b9b\u51fa\u552eUH-60M\u201c\u9ed1\u9e70\u201d\u76f4\u5347\u673a\u3001\u5411\u6cd5\u56fd\u51fa\u552eE-2D\u201c\u5148\u8fdb\u9e70\u773c\u201d\u9884\u8b66\u673a\u3001\u5411\u5370\u5ea6\u5c3c\u897f\u4e9a\u51fa\u552eMV-22\u201c\u9c7c\u9e70\u201d\u503e\u8f6c\u65cb\u7ffc\u673a\u3001\u5411\u963f\u6839\u5ef7\u51fa\u552e\u201c\u53f2\u5d14\u514b\u201d\u88c5\u7532\u8f66\u4ee5\u53ca\u4e3a\u4ee5\u8272\u5217\u63d0\u4f9b\u822a\u7a7a\u71c3\u6599\u3002", "events": [], "arguments": {"loc": [], "time": [], "country": [{"text": "\u7acb\u9676\u5b9b", "offset": 23, "length": 3}, {"text": "\u6cd5\u56fd", "offset": 43, "length": 2}, {"text": "\u5370\u5ea6\u5c3c\u897f\u4e9a", "offset": 62, "length": 5}, {"text": "\u963f\u6839\u5ef7", "offset": 85, "length": 3}, {"text": "\u4ee5\u8272\u5217", "offset": 101, "length": 3}], "weapon": [{"text": "UH-60M\u201c\u9ed1\u9e70\u201d\u76f4\u5347\u673a", "offset": 28, "length": 13}, {"text": "E-2D\u201c\u5148\u8fdb\u9e70\u773c\u201d\u9884\u8b66\u673a", "offset": 47, "length": 13}, {"text": "MV-22\u201c\u9c7c\u9e70\u201d\u503e\u8f6c\u65cb\u7ffc\u673a", "offset": 69, "length": 14}, {"text": "\u201c\u53f2\u5d14\u514b\u201d\u88c5\u7532\u8f66", "offset": 90, "length": 8}]}}, {"sentence": "\u7f8e\u519b\u88c5\u5907\u7684\u201c\u9c7c\u9e70\u201d\u8fd0\u8f93\u673a", "events": [], "arguments": {"loc": [], "time": [], "country": [], "weapon": []}}, {"sentence": "\u7f8e\u56fd\u56fd\u9632\u5b89\u5168\u5408\u4f5c\u5c40\u53d1\u8868\u7684\u516c\u544a\u610f\u5473\u7740\u7f8e\u56fd\u56fd\u52a1\u9662\u5df2\u7ecf\u8ba4\u5b9a\u8fd9\u4e9b\u6f5c\u5728\u7684\u519b\u552e\u9879\u76ee\u7b26\u5408\u6807\u51c6\uff0c\u4f46\u4e0d\u80fd\u4fdd\u8bc1\u9879\u76ee\u4f1a\u4e25\u683c\u6309\u7167\u516c\u544a\u4e2d\u6240\u5199\u7684\u5185\u5bb9\u8fdb\u884c\uff0c\u5728\u5f97\u5230\u7f8e\u56fd\u56fd\u4f1a\u6279\u51c6\u4e4b\u540e\u5916\u56fd\u5ba2\u6237\u4f1a\u5c31\u6570\u91cf\u548c\u4ef7\u683c\u5c55\u5f00\u8c08\u5224\uff0c\u5728\u8fd9\u4e00\u8fc7\u7a0b\u4e2d\u6570\u91cf\u548c\u4ef7\u683c\u90fd\u53ef\u80fd\u53d1\u751f\u6539\u53d8\u3002", "events": [], "arguments": {"loc": [], "time": [], "country": [], "weapon": []}}, {"sentence": "\u201c\u9632\u52a1\u65b0\u95fb\u201d\u5217\u51fa\u4e86\u7f8e\u56fd\u6279\u51c6\u7684\u54115\u4e2a\u56fd\u5bb6\u8fdb\u884c\u519b\u552e\u7684\u5177\u4f53\u5185\u5bb9\u3002", "events": [{"trigger": {"text": "\u5217\u51fa\u4e86", "offset": 6, "length": 3}, "subject": {"text": "\u201c\u9632\u52a1\u65b0\u95fb\u201d", "offset": 0, "length": 6}, "object": {"text": "\u7f8e\u56fd\u6279\u51c6\u7684\u54115\u4e2a\u56fd\u5bb6\u8fdb\u884c\u519b\u552e\u7684\u5177\u4f53\u5185\u5bb9\u3002", "offset": 9, "length": 20}}], "arguments": {"loc": [], "time": [], "country": [], "weapon": []}}, {"sentence": "\u4ee5\u8272\u5217\uff1a\u4ee5\u8272\u5217\u8ba1\u5212\u4ece\u7f8e\u56fd\u8d2d\u4e70\u4ef7\u503c30\u4ebf\u7f8e\u5143\u76849\u4ebf9\u5343\u4e07\u52a0\u4ed1\u77f3\u5316\u71c3\u6599\uff0c\u5305\u62ecJP-8\u822a\u7a7a\u71c3\u6599\u3001\u67f4\u6cb9\u71c3\u6599\u548c\u65e0\u94c5\u6c7d\u6cb9\u3002", "events": [{"trigger": {"text": "\u8d2d\u4e70", "offset": 12, "length": 2}, "subject": {"text": "\u4ee5\u8272\u5217\u8ba1\u5212\u4ece\u7f8e\u56fd", "offset": 4, "length": 8}, "object": {"text": "\u4ef7\u503c30\u4ebf\u7f8e\u5143\u76849\u4ebf9\u5343\u4e07\u52a0\u4ed1\u77f3\u5316\u71c3\u6599", "offset": 14, "length": 19}}], "arguments": {"loc": [], "time": [], "country": [], "weapon": []}}, {"sentence": "\u6839\u636e\u516c\u544a\uff0c\u4f9b\u5e94\u5546\u5c06\u201c\u901a\u8fc7\u56fd\u9632\u540e\u52e4\u673a\u6784\u80fd\u6e90\u516c\u53f8\u7684\u7ade\u4e89\u6027\u6295\u6807\u7a0b\u5e8f\u6765\u9009\u62e9\u4f9b\u5e94\u6765\u6e90\u201d\u3002", "events": [], "arguments": {"loc": [], "time": [], "country": [], "weapon": []}}, {"sentence": "\u6cd5\u56fd\uff1a\u6cd5\u56fd\u8981\u6c42\u8d2d\u4e703\u67b6E-2D\u201c\u5148\u8fdb\u9e70\u773c\u201d\u9884\u8b66\u673a\uff0c\u4f30\u8ba1\u4ef7\u683c\u7ea6\u4e3a20\u4ebf\u7f8e\u5143\u3002", "events": [{"trigger": {"text": "\u8d2d\u4e70", "offset": 7, "length": 2}, "subject": {"text": "\u6cd5\u56fd\u8981\u6c42", "offset": 3, "length": 4}, "object": {"text": "3\u67b6E-2D\u201c\u5148\u8fdb\u9e70\u773c\u201d\u9884\u8b66\u673a", "offset": 9, "length": 15}}], "arguments": {"loc": [], "time": [], "country": [], "weapon": []}}, {"sentence": "\u8fd9\u6b3e\u98de\u673a\u5c06\u53d6\u4ee3\u6cd5\u56fd\u73b0\u5f79\u7684E-2C\u201c\u9e70\u773c\u201d\u9884\u8b66\u673a\uff0c\u9664\u4e86\u98de\u673a\u672c\u8eab\u4e4b\u5916\uff0c\u6cd5\u56fd\u8fd8\u5c06\u8d2d\u4e7010\u53f0T-56-427A\u53d1\u52a8\u673a\uff0c3\u5177AN/AP-9\u96f7\u8fbe\u7684\u76f8\u5173\u7ec4\u4ef6\u30014\u5957AN/ALQ-217\u7535\u5b50\u652f\u6301\u6d4b\u91cf\u7cfb\u7edf\u548c\u4e00\u5957\u8054\u5408\u4efb\u52a1\u89c4\u5212\u7cfb\u7edf\u7b49\u3002", "events": [{"trigger": {"text": "\u8d2d\u4e70", "offset": 37, "length": 2}, "subject": {"text": "\u6cd5\u56fd", "offset": 33, "length": 2}, "object": {"text": "10\u53f0T-56-427A\u53d1\u52a8\u673a\uff0c3\u5177AN/AP-9\u96f7\u8fbe\u7684\u76f8\u5173\u7ec4\u4ef6\u30014\u5957AN/ALQ-217\u7535\u5b50\u652f\u6301\u6d4b\u91cf\u7cfb\u7edf\u548c\u4e00\u5957\u8054\u5408\u4efb\u52a1\u89c4\u5212\u7cfb\u7edf\u7b49", "offset": 39, "length": 65}}], "arguments": {"loc": [], "time": [], "country": [], "weapon": []}}, {"sentence": "\u7f8e\u56fd\u56fd\u9632\u5b89\u5168\u5408\u4f5c\u5c40\u79f0\uff1a\u201cE-2D\u9884\u8b66\u673a\u5c06\u6269\u5c55\u6cd5\u56fd\u6d77\u519b\u7684\u7a7a\u4e2d\u4f5c\u6218\u80fd\u529b\uff0c\u5e76\u4fdd\u6301\u5176\u4e0e\u7f8e\u56fd\u6d77\u519b\u7684\u4e92\u64cd\u4f5c\u6027\u3002", "events": [], "arguments": {"loc": [], "time": [], "country": [], "weapon": []}}, {"sentence": "\u201d\u8fd9\u662f\u81ea2017\u5e749\u6708\u4ee5\u6765\uff0c\u7f8e\u56fd\u56fd\u9632\u5b89\u5168\u5408\u4f5c\u5c40\u9996\u6b21\u5411\u6cd5\u56fd\u53d1\u51fa\u6b66\u5668\u9500\u552e\u7684\u901a\u77e5\uff0c\u56e0\u4e3a\u6cd5\u56fd\u519b\u961f\u66f4\u503e\u5411\u4e8e\u4f9d\u9760\u56fd\u5185\u7684\u6b66\u5668\u5236\u9020\u5de5\u4e1a\u3002", "events": [], "arguments": {"loc": [], "time": [], "country": [], "weapon": []}}, {"sentence": "\u5370\u5ea6\u5c3c\u897f\u4e9a\uff1a\u5370\u5ea6\u5c3c\u897f\u4e9a\u5c06\u82b1\u8d39\u7ea620\u4ebf\u7f8e\u5143\u8d2d\u4e708\u67b6Block C\u7248\u672c\u7684MV-22\u201c\u9c7c\u9e70\u201d\u503e\u8f6c\u65cb\u7ffc\u673a\u3002", "events": [{"trigger": {"text": "\u8d2d\u4e70", "offset": 20, "length": 2}, "subject": {"text": "\u5370\u5ea6\u5c3c\u897f\u4e9a\u5c06\u82b1\u8d39\u7ea620\u4ebf\u7f8e\u5143", "offset": 6, "length": 14}, "object": {"text": "8\u67b6Block C\u7248\u672c\u7684MV-22\u201c\u9c7c\u9e70\u201d\u503e\u8f6c\u65cb\u7ffc\u673a", "offset": 22, "length": 26}}], "arguments": {"loc": [], "time": [], "country": [], "weapon": []}}, {"sentence": "\u8be5\u9879\u76ee\u8fd8\u5305\u62ec24\u53f0AE1107C\u578b\u53d1\u52a8\u673a\uff0c\u540420\u53f0AN/AAQ-27\u524d\u89c6\u7ea2\u5916\u96f7\u8fbe\u3001AN/AR-47\u5bfc\u5f39\u544a\u8b66\u7cfb\u7edf\u548cAN/APR-39\u96f7\u8fbe\u544a\u8b66\u63a5\u6536\u673a\uff0c20\u633aM240\u673a\u67aa\u548cGAU-21\u91cd\u673a\u67aa\u7b49\u3002", "events": [], "arguments": {"loc": [], "time": [], "country": [], "weapon": [{"text": "AE1107C\u578b\u53d1\u52a8\u673a", "offset": 9, "length": 11}, {"text": "AN/AAQ-27\u524d\u89c6\u7ea2\u5916\u96f7\u8fbe", "offset": 25, "length": 15}, {"text": "AN/AR-47\u5bfc\u5f39\u544a\u8b66\u7cfb\u7edf", "offset": 41, "length": 14}, {"text": "M240\u673a\u67aa", "offset": 76, "length": 6}, {"text": "GAU-21\u91cd\u673a\u67aa", "offset": 83, "length": 9}, {"text": "AN/APR-39\u96f7\u8fbe\u544a\u8b66\u63a5\u6536\u673a", "offset": 56, "length": 16}]}}, {"sentence": "\u8fd9\u662f\u81ea2017\u5e749\u6708\u4ee5\u6765\uff0c\u7f8e\u56fd\u56fd\u9632\u5b89\u5168\u5408\u4f5c\u5c40\u7b2c\u4e00\u6b21\u901a\u62a5\u5bf9\u5370\u5c3c\u7684\u6b66\u5668\u9500\u552e\u3002", "events": [], "arguments": {"loc": [], "time": [], "country": [], "weapon": []}}, {"sentence": "\u7acb\u9676\u5b9b\uff1a\u6ce2\u7f57\u7684\u6d77\u56fd\u5bb6\u7acb\u9676\u5b9b\u8ba1\u5212\u82b1\u8d393.8\u4ebf\u7f8e\u5143\u91c7\u8d2d6\u67b6UH-60M\u201c\u9ed1\u9e70\u201d\u76f4\u5347\u673a\uff0c\u7f8e\u56fd\u5bf9\u8fd9\u9879\u519b\u552e\u8981\u6c42\u7684\u6807\u51c6\u914d\u7f6e\u5305\u62ec14\u53f0T700-GE-701D\u53d1\u52a8\u673a\u300112\u95e8M240H\u673a\u67aa\u3001\u591c\u89c6\u955c\u3001\u5927\u91cf\u65e0\u7ebf\u7535\u8bbe\u5907\u548c\u6570\u5343\u53d1\u5f39\u836f\u3002", "events": [{"trigger": {"text": "\u91c7\u8d2d", "offset": 23, "length": 2}, "subject": {"text": "\u6ce2\u7f57\u7684\u6d77\u56fd\u5bb6\u7acb\u9676\u5b9b\u8ba1\u5212\u82b1\u8d393.8\u4ebf\u7f8e\u5143", "offset": 4, "length": 19}, "object": {"text": "6\u67b6UH-60M\u201c\u9ed1\u9e70\u201d\u76f4\u5347\u673a", "offset": 25, "length": 15}}], "arguments": {"loc": [], "time": [], "country": [], "weapon": [{"text": "M240H\u673a\u67aa", "offset": 79, "length": 7}]}}, {"sentence": "\u7acb\u9676\u5b9b\u5f15\u8fdb\u7684\u201c\u9ed1\u9e70\u201d\u76f4\u5347\u673a\u5c06\u7528\u4e8e\u53d6\u4ee3\u82cf\u8054\u65f6\u671f\u5236\u9020\u7684\u7c73-8\u76f4\u5347\u673a\u673a\u961f\u3002", "events": [], "arguments": {"loc": [], "time": [], "country": [], "weapon": [{"text": "\u7c73-8\u76f4\u5347\u673a", "offset": 25, "length": 6}]}}, {"sentence": "\u7f8e\u56fd\u6b63\u5728\u901a\u8fc7\u201c\u6b27\u6d32\u8d44\u672c\u91cd\u7ec4\u6fc0\u52b1\u8ba1\u5212\u201d\uff08ERIP\uff09\u4e3a\u7acb\u9676\u5b9b\u63d0\u4f9b\u8d44\u91d1\u652f\u6301\uff0c\u8be5\u8ba1\u5212\u7531\u7f8e\u56fd\u6b27\u6d32\u53f8\u4ee4\u90e8\u57282018\u5e74\u63d0\u51fa\uff0c\u65e8\u5728\u52a0\u5feb\u8ba9\u7f8e\u56fd\u76df\u53cb\u5c3d\u5feb\u6446\u8131\u5bf9\u4fc4\u5236\u88c5\u5907\u7684\u4f9d\u8d56\u3002", "events": [], "arguments": {"loc": [], "time": [], "country": [], "weapon": []}}, {"sentence": "\u963f\u6839\u5ef7\uff1a\u8fd9\u4e2a\u5357\u7f8e\u6d32\u56fd\u5bb6\u60f3\u8981\u8d2d\u4e7027\u8f86M1126\u578b\u201c\u53f2\u5d14\u514b\u201d\u6b65\u5175\u8fd0\u8f93\u8f66\uff0c\u9879\u76ee\u6807\u4ef7\u4e3a1\u4ebf\u7f8e\u5143\u3002", "events": [{"trigger": {"text": "\u8d2d\u4e70", "offset": 13, "length": 2}, "subject": {"text": "\u963f\u6839\u5ef7", "offset": 0, "length": 3}, "object": {"text": "27\u8f86M1126\u578b\u201c\u53f2\u5d14\u514b\u201d\u6b65\u5175\u8fd0\u8f93\u8f66", "offset": 15, "length": 19}}], "arguments": {"loc": [], "time": [], "country": [], "weapon": []}}, {"sentence": "\u9664\u4e86\u8f66\u8f86\u672c\u8eab\uff0c\u8fd8\u5305\u62ec27\u633a\u91cd\u673a\u67aa\u3001\u901a\u8baf\u8bbe\u5907\u4ee5\u53ca\u70df\u96fe\u5f39\u53d1\u5c04\u5668\u7b49\uff0c\u53e6\u5916\u8fd8\u6709\u7ef4\u4fee\u4ee5\u53ca\u57f9\u8bad\u7b49\u670d\u52a1\u3002", "events": [], "arguments": {"loc": [], "time": [], "country": [], "weapon": []}}]