[{"sentence": "\u7f8e\u56fd\u6279\u51c6\u5411\u6cd5\u56fd\u51fa\u552e3\u67b6E-2D\u9884\u8b66\u673a\u00a0\u8981\u4ef7\u9ad8\u8fbe20\u4ebf\u7f8e\u5143", "events": [{"trigger": {"text": "\u51fa\u552e", "offset": 7, "length": 2}, "subject": {"text": "\u7f8e\u56fd\u6279\u51c6\u5411\u6cd5\u56fd", "offset": 0, "length": 7}, "object": {"text": "3\u67b6E-2D\u9884\u8b66\u673a", "offset": 9, "length": 9}}], "arguments": {"loc": [], "time": [], "country": [{"text": "\u6cd5\u56fd", "offset": 5, "length": 2}, {"text": "\u7f8e\u56fd", "offset": 0, "length": 2}], "weapon": []}}, {"sentence": "\u3010\u73af\u7403\u7f51\u62a5\u9053 \u8bb0\u8005 \u5f90\u7490\u660e\u3011", "events": [], "arguments": {"loc": [], "time": [], "country": [], "weapon": []}}, {"sentence": "\u636e\u7f8e\u56fd\u6d77\u519b\u7814\u7a76\u5b66\u4f1a\u7f51\u7ad9\uff08USNI\uff097\u67086\u65e5\u62a5\u9053\uff0c\u7f8e\u56fd\u56fd\u52a1\u9662\u8fd1\u65e5\u6279\u51c6\u4e86\u5411\u6cd5\u56fd\u51fa\u552e3\u67b6E-2D\u201c\u5148\u8fdb\u9e70\u773c\u201d\u9884\u8b66\u673a\u3002", "events": [], "arguments": {"loc": [], "time": [{"text": "7\u67086\u65e5", "offset": 17, "length": 4}], "country": [], "weapon": []}}, {"sentence": "\u62a5\u9053\u79f0\uff0c\u5982\u679c\u8fd9\u9879\u519b\u552e\u6700\u7ec8\u80fd\u591f\u6572\u5b9a\uff0c\u6cd5\u56fd\u5c06\u6210\u4e3a\u7b2c\u4e09\u4e2a\u88c5\u5907\u4f7f\u7528\u8fd9\u6b3e\u5148\u8fdb\u8230\u8f7d\u9884\u8b66\u673a\u7684\u56fd\u5bb6\u3002", "events": [], "arguments": {"loc": [], "time": [], "country": [], "weapon": []}}, {"sentence": "2015\u5e74\u65e5\u672c\u4ece\u7f8e\u56fd\u8d2d\u4e70\u4e864\u67b6E-2D\u9884\u8b66\u673a\uff0c\u968f\u540e\u57282018\u5e74\u53c8\u589e\u8d2d\u4e868\u67b6\uff0c\u9996\u67b6\u673a\u5df2\u7ecf\u5728\u53bb\u5e74\u4ea4\u4ed8\u822a\u7a7a\u81ea\u536b\u961f\u3002", "events": [{"trigger": {"text": "\u8d2d\u4e70", "offset": 10, "length": 2}, "subject": {"text": "\u65e5\u672c\u4ece\u7f8e\u56fd", "offset": 5, "length": 5}, "object": {"text": "4\u67b6E-2D\u9884\u8b66\u673a", "offset": 13, "length": 9}}, {"trigger": {"text": "\u589e\u8d2d\u4e86", "offset": 32, "length": 3}, "subject": {"text": "\u65e5\u672c\u4ece\u7f8e\u56fd", "offset": 5, "length": 5}, "object": {"text": "8\u67b6", "offset": 35, "length": 2}}], "arguments": {"loc": [], "time": [{"text": "2015\u5e74", "offset": 0, "length": 5}, {"text": "2018\u5e74", "offset": 26, "length": 5}], "country": [{"text": "\u65e5\u672c", "offset": 5, "length": 2}], "weapon": []}}, {"sentence": "E-2D\u201c\u5148\u8fdb\u9e70\u773c\u201d\u9884\u8b66\u673a", "events": [], "arguments": {"loc": [], "time": [], "country": [], "weapon": [{"text": "E-2D\u201c\u5148\u8fdb\u9e70\u773c\u201d\u9884\u8b66\u673a", "offset": 0, "length": 13}]}}, {"sentence": "\u6839\u636e\u63d0\u4ea4\u7ed9\u7f8e\u56fd\u56fd\u4f1a\u7684\u4e00\u4efd\u6587\u4ef6\u663e\u793a\uff0c\u5411\u6cd5\u56fd\u51fa\u552e\u7684\u8fd9\u4e09\u67b6\u9884\u8b66\u673a\u53ca\u5176\u76f8\u5173\u96f6\u90e8\u4ef6\u7684\u6210\u672c\u7ea6\u4e3a20\u4ebf\u7f8e\u5143\u3002", "events": [], "arguments": {"loc": [], "time": [], "country": [], "weapon": []}}, {"sentence": "\u6cd5\u56fd\u76ee\u524d\u4f7f\u7528\u7684\u662fE-2C\u201c\u9e70\u773c\u201d\u9884\u8b66\u673a\u3002", "events": [], "arguments": {"loc": [], "time": [], "country": [], "weapon": [{"text": "E-2C\u201c\u9e70\u773c\u201d\u9884\u8b66\u673a", "offset": 8, "length": 11}]}}, {"sentence": "\u6839\u636e\u7f8e\u56fd\u6d77\u519b\u7684\u6587\u4ef6\u663e\u793a\uff0c\u5347\u7ea7\u540e\u7684E-2D\u201c\u5177\u6709\u6700\u5148\u8fdb\u7684\u96f7\u8fbe\u6280\u672f\uff0c\u5728\u80fd\u529b\u4e0a\u5b9e\u73b0\u4e86\u4e24\u4ee3\u7684\u98de\u8dc3\uff0c\u98de\u673a\u7684\u98de\u884c\u7cfb\u7edf\u4e5f\u5f97\u5230\u5347\u7ea7\uff0c\u4fdd\u969c\u80fd\u529b\u548c\u6218\u5907\u80fd\u529b\u90fd\u5f97\u5230\u63d0\u5347\u201d\u3002", "events": [], "arguments": {"loc": [], "time": [], "country": [], "weapon": []}}, {"sentence": "\u7f8e\u56fd\u6d77\u519b\u79f0\uff0cE-2D\u9884\u8b66\u673a\u5173\u952e\u80fd\u529b\u5305\u62ec\u6218\u573a\u7a7a\u95f4\u76ee\u6807\u7684\u63a2\u6d4b\u548c\u6001\u52bf\u611f\u77e5\u80fd\u529b\uff0c\u7279\u522b\u662f\u5728\u6cbf\u6d77\u5730\u533a\uff0c\u80fd\u591f\u7528\u4e8e\u652f\u63f4\u5bfc\u5f39\u9632\u5fa1\u884c\u52a8\u3002", "events": [], "arguments": {"loc": [], "time": [], "country": [], "weapon": []}}, {"sentence": "\u53e6\u5916\u6839\u636e\u7f8e\u56fd\u56fd\u9632\u5b89\u5168\u5408\u4f5c\u5c40\u62ab\u9732\u7684\u6d88\u606f\uff0c\u6cd5\u56fd\u8bf7\u6c42\u8d2d\u4e70\u76843\u67b6E-2D\u9884\u8b66\u673a\u4e8b\u5b9c\u4e2d\u8fd8\u5305\u62ec\u5907\u7528\u7684\u53d1\u52a8\u673a\u3001APY-9\u96f7\u8fbe\u7ec4\u4ef6\u3001\u7528\u4e8e\u6d4b\u8bd5\u7684\u901a\u7528\u7cfb\u7edf\u96c6\u6210\u5b9e\u9a8c\u5ba4\u3001\u7a7a\u52e4\u548c\u5730\u52e4\u4eba\u5458\u7684\u57f9\u8bad\u7b49\uff0c\u9884\u8ba1\u9879\u76ee\u603b\u6210\u672c\u4e3a20\u4ebf\u7f8e\u5143\u3002", "events": [], "arguments": {"loc": [], "time": [], "country": [], "weapon": []}}]