[{"sentence": "\u97e9\u56fd\u660e\u5e74\u5c06\u63a8\u51faKF-X\u9690\u8eab\u6218\u673a\u539f\u578b\u673a\u00a0\u6709\u671b\u4e8e2026\u5e74\u91cf\u4ea7\u5217\u88c5", "events": [{"trigger": {"text": "\u63a8\u51fa", "offset": 5, "length": 2}, "subject": {"text": "\u97e9\u56fd\u660e\u5e74\u5c06", "offset": 0, "length": 5}, "object": {"text": "KF-X\u9690\u8eab\u6218\u673a\u539f\u578b\u673a", "offset": 7, "length": 11}}], "arguments": {"loc": [], "time": [], "country": [{"text": "\u97e9\u56fd", "offset": 0, "length": 2}], "weapon": [{"text": "KF-X\u9690\u8eab\u6218\u673a", "offset": 7, "length": 8}]}}, {"sentence": "\u3010\u73af\u7403\u7f51\u62a5\u9053 \u89c1\u4e60\u8bb0\u8005 \u9a6c\u5ca9\u3011", "events": [], "arguments": {"loc": [], "time": [], "country": [], "weapon": []}}, {"sentence": "\u636e\u300a\u7b80\u6c0f\u9632\u52a1\u5468\u520a\u300b7\u67086\u65e5\u62a5\u9053\uff0c\u97e9\u56fd\u822a\u7a7a\u822a\u5929\u5de5\u4e1a\u516c\u53f8\u65e5\u524d\u5ba3\u5e03\uff0c\u5c06\u57282021\u5e744\u6708\u516c\u5e03\u5176\u81ea\u4e3b\u7814\u5236\u7684KF-X\u9690\u8eab\u591a\u7528\u9014\u6218\u6597\u673a\u7684\u539f\u578b\u673a\u3002", "events": [{"trigger": {"text": "\u516c\u5e03", "offset": 40, "length": 2}, "subject": {"text": "\u97e9\u56fd\u822a\u7a7a\u822a\u5929\u5de5\u4e1a\u516c\u53f8", "offset": 16, "length": 10}, "object": {"text": "\u5176\u81ea\u4e3b\u7814\u5236\u7684KF-X\u9690\u8eab\u591a\u7528\u9014\u6218\u6597\u673a\u7684\u539f\u578b\u673a", "offset": 42, "length": 22}}], "arguments": {"loc": [], "time": [{"text": "2021\u5e744\u6708", "offset": 33, "length": 7}], "country": [], "weapon": []}}, {"sentence": "\u62a5\u9053\u79f0\uff0c\u5728\u97e9\u56fd\u822a\u7a7a\u822a\u5929\u5de5\u4e1a\u516c\u53f8\u6700\u65b0\u4e00\u671f\u7684\u6708\u520a\u6742\u5fd7\u300a\u4e00\u8d77\u98de\u300b\uff08Fly Together\uff09\u4e0a\uff0c\u516c\u5e03\u4e86\u4e00\u5f20\u8be5\u6218\u6597\u673a\u673a\u8eab\u90e8\u4ef6\u7684\u7167\u7247\u3002", "events": [], "arguments": {"loc": [], "time": [], "country": [], "weapon": []}}, {"sentence": "\u867d\u6ca1\u6709\u900f\u9732\u66f4\u591a\u7ec6\u8282\uff0c\u4f46\u300a\u7b80\u6c0f\u9632\u52a1\u5468\u520a\u300b\u9884\u8ba1KF-X\u5c06\u57282022\u5e74\u5b9e\u73b0\u9996\u98de\u3002", "events": [], "arguments": {"loc": [], "time": [], "country": [], "weapon": []}}, {"sentence": "\u62a5\u9053\u79f0\uff0cKF-X\u6218\u6597\u673a\u5c06\u5206\u6210\u4e0d\u540c\u6279\u6b21\u751f\u4ea7\uff0c\u6bcf\u4e00\u4e2a\u6279\u6b21\u6027\u80fd\u90fd\u5c06\u6709\u63d0\u5347\uff0c\u6700\u521d\u5c06\u751f\u4ea76\u67b6\u201c0\u6279\u6b21\u201d\u539f\u578b\u673a\uff0c\u968f\u540e\u5c06\u8fdb\u884c4\u5e74\u7684\u8bd5\u9a8c\uff0c\u5e76\u6709\u671b\u4e8e2026\u5e74\u4e2d\u65ec\u5b8c\u6210\u7814\u53d1\u3002", "events": [], "arguments": {"loc": [], "time": [], "country": [], "weapon": []}}, {"sentence": "\u7b2c\u4e00\u6279\u6b21\u5927\u89c4\u6a21\u751f\u4ea7\u7684KF-X\u6218\u6597\u673a\u6709\u671b\u4e8e2026\u5e74\u81f32028\u5e74\u95f4\u88c5\u5907\u90e8\u961f\uff0c\u5b83\u4eec\u5c06\u914d\u5907\u7a7a\u5bf9\u7a7a\u6b66\u5668\u548c\u6709\u9650\u7684\u7a7a\u5bf9\u5730\u6b66\u5668\u3002", "events": [{"trigger": {"text": "\u88c5\u5907", "offset": 32, "length": 2}, "subject": {"text": "\u7b2c\u4e00\u6279\u6b21\u5927\u89c4\u6a21\u751f\u4ea7\u7684KF-X\u6218\u6597\u673a\u6709\u671b\u4e8e2026\u5e74\u81f32028\u5e74\u95f4", "offset": 0, "length": 32}, "object": {"text": "\u90e8\u961f", "offset": 34, "length": 2}}], "arguments": {"loc": [], "time": [], "country": [], "weapon": []}}, {"sentence": "\u800c\u9884\u8ba1\u57282029\u5e74\u540e\u6295\u5165\u4f7f\u7528\u7684\u7b2c\u4e8c\u6279\u6b21KF-X\u5c06\u5177\u5907\u5168\u9762\u7684\u7a7a\u5bf9\u7a7a\u548c\u7a7a\u5bf9\u5730\u4f5c\u6218\u80fd\u529b\u3002", "events": [], "arguments": {"loc": [], "time": [], "country": [], "weapon": []}}, {"sentence": "\u4e0e\u6b64\u540c\u65f6\uff0c\u62a5\u9053\u63f4\u5f15\u97e9\u56fd\u56fd\u9632\u91c7\u8d2d\u8ba1\u5212\u5c40\u5b98\u5458\u7684\u8bdd\u8bf4\uff0c\u97e9\u56fd\u56fd\u9632\u53d1\u5c55\u5c40\u4e0e\u97e9\u534e\u96c6\u56e2\u4e3aKF-X\u6218\u6597\u673a\u5408\u4f5c\u7814\u5236\u7684\u4e3b\u52a8\u7535\u5b50\u626b\u63cf\u76f8\u63a7\u9635\u96f7\u8fbe\u6709\u671b\u4e8e\u4eca\u5e748\u6708\u4e2d\u65ec\u95ee\u4e16\u3002", "events": [], "arguments": {"loc": [], "time": [], "country": [], "weapon": []}}]