[{"sentence": "\u4fc4\u5a92\uff1a\u6700\u8fd1\u4e00\u546825\u67b6\u5916\u56fd\u519b\u673a\u5728\u4fc4\u9644\u8fd1\u4fa6\u5bdf\u00a0\u53e6\u5916\u8fd8\u67098\u67b6\u65e0\u4eba\u673a", "events": [], "arguments": {"loc": [], "time": [], "country": [], "weapon": []}}, {"sentence": "\u3010\u73af\u7403\u7f51\u519b\u4e8b\u62a5\u9053\u3011", "events": [], "arguments": {"loc": [], "time": [], "country": [], "weapon": []}}, {"sentence": "\u636e\u4fc4\u7f57\u65af\u536b\u661f\u901a\u8baf\u793e7\u67083\u65e5\u62a5\u9053\uff0c\u6700\u8fd1\u4e00\u5468\u5185\uff0c\u670925\u67b6\u5916\u56fd\u519b\u673a\u5728\u4fc4\u7f57\u65af\u8fb9\u5883\u9644\u8fd1\u5b9e\u65bd\u4fa6\u5bdf\u3002", "events": [{"trigger": {"text": "\u5b9e\u65bd", "offset": 38, "length": 2}, "subject": {"text": "\u6700\u8fd1\u4e00\u5468\u5185\uff0c\u670925\u67b6\u5916\u56fd\u519b\u673a\u5728\u4fc4\u7f57\u65af\u8fb9\u5883\u9644\u8fd1", "offset": 16, "length": 22}, "object": {"text": "\u4fa6\u5bdf", "offset": 40, "length": 2}}], "arguments": {"loc": [], "time": [{"text": "7\u67083\u65e5", "offset": 9, "length": 4}], "country": [{"text": "\u4fc4\u7f57\u65af", "offset": 31, "length": 3}], "weapon": []}}, {"sentence": "\u6b64\u5916\uff0c\u8fd8\u67098\u67b6\u5916\u56fd\u65e0\u4eba\u673a\u5728\u4fc4\u8fb9\u5883\u5b9e\u65bd\u4e86\u4fa6\u5bdf\u3002", "events": [], "arguments": {"loc": [], "time": [], "country": [], "weapon": []}}, {"sentence": "\u62a5\u9053\u79f0\uff0c\u8fc7\u53bb\u4e00\u5468\uff0c\u4fc4\u7f57\u65af\u9632\u7a7a\u90e8\u961f\u6218\u6597\u673a10\u6b21\u5347\u7a7a\u8b66\u6212\uff0c\u672a\u53d1\u751f\u4fc4\u9886\u7a7a\u88ab\u4fb5\u72af\u7684\u60c5\u51b5\u3002", "events": [], "arguments": {"loc": [], "time": [], "country": [], "weapon": []}}, {"sentence": "\u6b64\u524d\u636e\u4fc4\u7f57\u65af\u536b\u661f\u65b0\u95fb\u901a\u8baf\u793e\u62a5\u9053\uff0c\u4fc4\u7f57\u65af\u5357\u90e8\u519b\u533a\u65b0\u95fb\u59047\u67081\u65e5\u901a\u62a5\u79f0\uff0c\u4fc4\u7f57\u65af\u9ed1\u6d77\u8230\u961f\u6d77\u519b\u822a\u7a7a\u5175\u7684\u6218\u6597\u673a\u5f53\u5929\u5347\u7a7a\u62e6\u622a\u4e86\u4e00\u67b6\u7f8e\u56fd\u4fa6\u5bdf\u673a\u3002", "events": [], "arguments": {"loc": [], "time": [], "country": [], "weapon": []}}, {"sentence": "\u4fc4\u519b\u9632\u7a7a\u52e4\u52a1\u4eba\u5458\u63a2\u6d4b\u5230\u4e86\u4e00\u67b6\u79bb\u8fb9\u5883\u5f88\u8fdc\u7684\u7f8e\u56fd\u98de\u673a\uff0c\u501f\u52a9\u96f7\u8fbe\u63a7\u5236\u7cfb\u7edf\u5bf9\u5176\u8fdb\u884c\u8fde\u7eed\u4e0d\u65ad\u7684\u76d1\u89c6\u3002", "events": [], "arguments": {"loc": [], "time": [], "country": [], "weapon": []}}, {"sentence": "\u82cf-27\u591a\u7528\u9014\u6218\u6597\u673a\u5728\u7a7a\u4e2d\u5bf9\u5b83\u8fdb\u884c\u4e86\u62e6\u622a\u3002", "events": [], "arguments": {"loc": [], "time": [], "country": [], "weapon": [{"text": "\u82cf-27\u591a\u7528\u9014\u6218\u6597\u673a", "offset": 0, "length": 10}]}}, {"sentence": "\u62a5\u9053\u79f0\uff0c\u8fd9\u5df2\u7ecf\u662f\u8fd1\u51e0\u5929\u5185\u7b2c\u4e09\u8d77\u9ed1\u6d77\u4e0a\u7a7a\u51fa\u73b0\u7f8e\u56fd\u98de\u673a\u7684\u7c7b\u4f3c\u4e8b\u4ef6\uff1a6\u670826\u65e5\uff0c\u4e00\u67b6\u82cf-30\u6218\u6597\u673a\u5347\u7a7a\u62e6\u622a\u4e86R-8A\u201c\u6ce2\u585e\u51ac\u201d\u5de1\u903b\u673a\u3001RC-135\u6218\u7565\u4fa6\u5bdf\u673a\u548cKS-135\u52a0\u6cb9\u673a\uff1b\u800c\u5728 6\u670829\u65e5\uff0cP-8A\u201c\u6ce2\u585e\u51ac\u201d\u5de1\u903b\u673a\u548cRC-135\u4fa6\u5bdf\u673a\u518d\u6b21\u63a5\u8fd1\u4fc4\u7f57\u65af\u8fb9\u754c\uff0c\u4fc4\u519b\u968f\u540e\u51fa\u52a8\u4e86\u82cf-27\u6218\u6597\u673a\u5bf9\u76ee\u6807\u8fdb\u884c\u4e86\u62e6\u622a\u3002", "events": [{"trigger": {"text": "\u5347\u7a7a\u62e6\u622a\u4e86", "offset": 46, "length": 5}, "subject": {"text": "\u4e00\u67b6\u82cf-30\u6218\u6597\u673a", "offset": 37, "length": 9}, "object": {"text": "R-8A\u201c\u6ce2\u585e\u51ac\u201d\u5de1\u903b\u673a\u3001RC-135\u6218\u7565\u4fa6\u5bdf\u673a\u548cKS-135\u52a0\u6cb9\u673a", "offset": 51, "length": 34}}], "arguments": {"loc": [], "time": [{"text": "6\u670826\u65e5", "offset": 31, "length": 5}], "country": [], "weapon": [{"text": "R-8A\u201c\u6ce2\u585e\u51ac\u201d\u5de1\u903b\u673a", "offset": 51, "length": 12}, {"text": "RC-135\u6218\u7565\u4fa6\u5bdf\u673a", "offset": 64, "length": 11}, {"text": "KS-135\u52a0\u6cb9\u673a", "offset": 76, "length": 9}]}}]