[{"sentence": "\u5370\u5ea6\u5c06\u5728\u672c\u6708\u5e95\u63a5\u65366\u67b6\u9635\u98ce\u6218\u673a\u00a0\u914d\u6709\u5c04\u7a0b\u8d85150\u516c\u91cc\u7a7a\u7a7a\u5bfc\u5f39", "events": [{"trigger": {"text": "\u63a5\u6536", "offset": 7, "length": 2}, "subject": {"text": "\u5370\u5ea6\u5c06\u5728\u672c\u6708\u5e95", "offset": 0, "length": 7}, "object": {"text": "6\u67b6\u9635\u98ce\u6218\u673a", "offset": 9, "length": 6}}], "arguments": {"loc": [], "time": [], "country": [{"text": "\u5370\u5ea6", "offset": 0, "length": 2}], "weapon": [{"text": "\u9635\u98ce\u6218\u673a", "offset": 11, "length": 4}]}}, {"sentence": "\u3010\u73af\u7403\u7f51\u62a5\u9053 \u89c1\u4e60\u8bb0\u8005 \u9a6c\u5ca9\u3011", "events": [], "arguments": {"loc": [], "time": [], "country": [], "weapon": []}}, {"sentence": "\u636e\u201c\u6218\u673a\u4e16\u754c\u201d\u7f51\u7ad97\u67081\u65e5\u62a5\u9053\uff0c\u5370\u5ea6\u7a7a\u519b\u9884\u8ba1\u5c06\u6700\u665a7\u670827\u65e5\u83b7\u5f97\u9996\u62796\u67b6\u6cd5\u56fd\u201c\u9635\u98ce\u201d\u6218\u673a\uff0c\u673a\u4e0a\u642d\u8f7d\u7684\u201c\u6d41\u661f\u201d\u8fdc\u7a0b\u7a7a\u5bf9\u7a7a\u5bfc\u5f39\u53ef\u4ee5\u6253\u51fb\u8d85\u8fc7150\u516c\u91cc\u5916\u7684\u76ee\u6807\u3002", "events": [], "arguments": {"loc": [], "time": [], "country": [], "weapon": [{"text": "\u201c\u6d41\u661f\u201d\u8fdc\u7a0b\u7a7a\u5bf9\u7a7a\u5bfc\u5f39", "offset": 50, "length": 11}]}}, {"sentence": "\u6cd5\u56fd\u539f\u8ba1\u5212\u9996\u6279\u4ea4\u4ed84\u67b6\u201c\u9635\u98ce\u201d\u6218\u6597\u673a\uff0c\u4f46\u5728\u5370\u5ea6\u653f\u5e9c\u7684\u7279\u522b\u8981\u6c42\u4e0b\uff0c\u6cd5\u56fd\u52a0\u5feb\u4e86\u53d7\u5230\u65b0\u51a0\u75ab\u60c5\u62d6\u7d2f\u7684\u4ea4\u4ed8\u8fdb\u5ea6\u3002", "events": [], "arguments": {"loc": [], "time": [], "country": [{"text": "\u6cd5\u56fd", "offset": 32, "length": 2}], "weapon": []}}, {"sentence": "\u5c3d\u7ba1\u5b58\u5728\u65b0\u51a0\u75ab\u60c5\uff0c\u4f46\u5370\u5ea6\u653f\u5e9c\u52aa\u529b\u4fdd\u8bc1\u5730\u9762\u57fa\u7840\u8bbe\u65bd\u53ef\u4ee5\u5728\u6218\u673a\u5230\u6765\u65f6\u6b63\u5e38\u4f7f\u7528\u3002", "events": [], "arguments": {"loc": [], "time": [], "country": [], "weapon": []}}, {"sentence": "\u201c\u9635\u98ce\u201d\u6218\u6597\u673a\u5c06\u5148\u98de\u62b5\u4e2d\u4e1c\u77ed\u6682\u505c\u7559\uff0c\u800c\u540e\u518d\u98de\u5230\u5370\u5ea6\uff0c\u9014\u4e2d\u8fdb\u884c\u4e24\u6b21\u7a7a\u4e2d\u52a0\u6cb9\u3002", "events": [], "arguments": {"loc": [{"text": "\u4e2d\u4e1c", "offset": 11, "length": 2}], "time": [], "country": [], "weapon": []}}, {"sentence": "\u5370\u5ea6\u6d3e\u51fa\u7684\u7b2c\u4e00\u62797\u540d\u98de\u884c\u5458\u5df2\u7ecf\u5728\u6cd5\u56fd\u5b8c\u6210\u4e86\u8bad\u7ec3\u8bfe\u7a0b\uff0c\u7b2c\u4e8c\u6279\u98de\u884c\u5458\u5c06\u7b49\u9632\u75ab\u63aa\u65bd\u4e00\u653e\u677e\u5c31\u8d74\u6cd5\u56fd\u3002", "events": [], "arguments": {"loc": [], "time": [], "country": [], "weapon": []}}, {"sentence": "2016\u5e749\u6708\uff0c\u5370\u5ea6\u4e0e\u6cd5\u56fd\u7b7e\u7f72\u4ef7\u503c\u8d856000\u4ebf\u5362\u6bd4\uff08\u7ea6\u540880.4\u4ebf\u7f8e\u5143\uff09\u7684\u5408\u540c\uff0c\u8d2d\u4e7036\u67b6\u201c\u9635\u98ce\u201d\u6218\u673a\u3002", "events": [{"trigger": {"text": "\u7b7e\u7f72", "offset": 13, "length": 2}, "subject": {"text": "\u5370\u5ea6\u4e0e\u6cd5\u56fd", "offset": 8, "length": 5}, "object": {"text": "\u4ef7\u503c\u8d856000\u4ebf\u5362\u6bd4\uff08\u7ea6\u540880.4\u4ebf\u7f8e\u5143\uff09\u7684\u5408\u540c\uff0c\u8d2d\u4e7036\u67b6\u201c\u9635\u98ce\u201d\u6218\u673a", "offset": 15, "length": 36}}], "arguments": {"loc": [], "time": [{"text": "2016\u5e749\u6708", "offset": 0, "length": 7}], "country": [], "weapon": []}}, {"sentence": "\u5176\u4e2d\uff0c30\u67b6\u4e3a\u4f5c\u6218\u98de\u673a\uff0c6\u67b6\u53cc\u5ea7\u578b\u4f5c\u4e3a\u8bad\u7ec3\u673a\u3002", "events": [], "arguments": {"loc": [], "time": [], "country": [], "weapon": []}}]