[{"sentence": "\u5370\u5ea6\u56fd\u9632\u90e8\u6279\u51c6\u5de8\u989d\u6b66\u5668\u91c7\u8d2d\u00a0\u4e00\u53e3\u6c14\u72c2\u4e70550\u679a\u5148\u8fdb\u5bfc\u5f39", "events": [{"trigger": {"text": "\u6279\u51c6", "offset": 5, "length": 2}, "subject": {"text": "\u5370\u5ea6\u56fd\u9632\u90e8", "offset": 0, "length": 5}, "object": {"text": "\u5de8\u989d\u6b66\u5668\u91c7\u8d2d", "offset": 7, "length": 6}}], "arguments": {"loc": [], "time": [], "country": [], "weapon": []}}, {"sentence": "\u3010\u73af\u7403\u7f51\u62a5\u9053 \u89c1\u4e60\u8bb0\u8005 \u9a6c\u5ca9\u3011", "events": [], "arguments": {"loc": [], "time": [], "country": [], "weapon": []}}, {"sentence": "\u636e\u300a\u5370\u5ea6\u65f6\u62a5\u300b7\u67083\u65e5\u62a5\u9053\uff0c\u5370\u5ea6\u56fd\u9632\u90e8\u5df2\u6279\u51c6\u603b\u4ef7\u503c3890\u4ebf\u5362\u6bd4\uff08\u7ea6\u540852\u4ebf\u7f8e\u5143\uff09\u7684\u591a\u9879\u6b66\u5668\u91c7\u8d2d\u8ba1\u5212\uff0c\u5305\u62ec33\u67b6\u6218\u6597\u673a\u3001300\u679a\u8fdc\u7a0b\u5de1\u822a\u5bfc\u5f39\u548c250\u679a\u7a7a\u5bf9\u7a7a\u5bfc\u5f39\u3002", "events": [], "arguments": {"loc": [], "time": [{"text": "7\u67083\u65e5", "offset": 7, "length": 4}], "country": [], "weapon": []}}, {"sentence": "\u5176\u4e2d\uff0c\u6218\u6597\u673a\u91c7\u8d2d\u5305\u62ec21\u67b6\u7c73\u683c-29\u548c12\u67b6\u82cf-30\uff0c\u5e76\u5bf9\u5370\u7a7a\u519b\u73b0\u670959\u67b6\u7c73\u683c-29\u8fdb\u884c\u5347\u7ea7\uff1b\u91c7\u8d2d\u7684\u7a7a\u5bf9\u7a7a\u5bfc\u5f39\u578b\u53f7\u4e3a\u5370\u5ea6\u81ea\u4e3b\u7814\u5236\u7684\u201c\u963f\u65af\u7279\u62c9\u201d\u8d85\u89c6\u8ddd\u7a7a\u5bf9\u7a7a\u5bfc\u5f39\uff0c\u5370\u519b\u8ba1\u5212\u4ece\u660e\u5e74\u5f00\u59cb\u628a\u8fd9\u79cd\u5bfc\u5f39\u52a0\u88c5\u5230\u82cf\u970d\u4f0a\u7cfb\u5217\u6218\u6597\u673a\u4e0a\uff0c\u5e76\u8ba1\u5212\u5c06\u5176\u5c04\u7a0b\u4ece110\u516c\u91cc\u5ef6\u957f\u81f3\u8d85\u8fc7160\u516c\u91cc\uff1b\u91c7\u8d2d\u7684\u5de1\u822a\u5bfc\u5f39\u578b\u53f7\u4e3a\u5370\u5ea6\u81ea\u4e3b\u7814\u5236\u7684\u201c\u65e0\u754f\u201d\u5f0f\u5de1\u822a\u5bfc\u5f39\uff0c\u5176\u5c04\u7a0b\u8d85\u8fc71000\u516c\u91cc\uff0c\u4f46\u8fd9\u79cd\u5bfc\u5f39\u7684\u5148\u8fdb\u7248\u672c\u4ecd\u9700\u7ee7\u7eed\u8bd5\u9a8c2\u52303\u5e74\u3002", "events": [], "arguments": {"loc": [], "time": [], "country": [], "weapon": [{"text": "\u7c73\u683c-29", "offset": 37, "length": 5}, {"text": "\u82cf-30", "offset": 22, "length": 4}, {"text": "\u201c\u963f\u65af\u7279\u62c9\u201d\u8d85\u89c6\u8ddd\u7a7a\u5bf9\u7a7a\u5bfc\u5f39", "offset": 65, "length": 14}, {"text": "\u82cf\u970d\u4f0a\u7cfb\u5217\u6218\u6597\u673a", "offset": 97, "length": 8}, {"text": "\u201c\u65e0\u754f\u201d\u5f0f\u5de1\u822a\u5bfc\u5f39", "offset": 148, "length": 9}]}}, {"sentence": "\u62a5\u9053\u79f0\uff0c\u5370\u5ea6\u8981\u8d2d\u4e70\u768421\u67b6\u7c73\u683c-29\u6218\u6597\u673a\u4e3a\u4fc4\u7f57\u65af\u5c01\u5b58\u7684\u4e8c\u624b\u98de\u673a\uff0c\u5370\u5ea6\u7a7a\u519b\u5e94\u8be5\u5f88\u5feb\u5c31\u80fd\u83b7\u5f97\u3002", "events": [], "arguments": {"loc": [], "time": [], "country": [{"text": "\u4fc4\u7f57\u65af", "offset": 22, "length": 3}, {"text": "\u5370\u5ea6", "offset": 33, "length": 2}], "weapon": []}}, {"sentence": "\u53e6\u5916\uff0c\u5728\u5168\u90e8\u5370\u5ea6\u8ba1\u5212\u4ece\u4fc4\u7f57\u65af\u8d2d\u4e70\u7684272\u67b6\u82cf\u970d\u4f0a\u6218\u6597\u673a\u4e2d\uff0c\u8d85\u8fc7250\u67b6\u5df2\u7ecf\u6295\u5165\u4f7f\u7528\u3002", "events": [], "arguments": {"loc": [], "time": [], "country": [], "weapon": []}}]