[{"sentence": "\u7f8e\u56fd\u4e00\u67b6F-16\u6218\u6597\u673a\u5760\u6bc1 \u98de\u884c\u5458\u6b7b\u4ea1", "events": [{"trigger": {"text": "\u5760\u6bc1", "offset": 11, "length": 2}, "subject": {"text": "\u7f8e\u56fd", "offset": 0, "length": 2}, "object": {"text": "\u4e00\u67b6F-16\u6218\u6597\u673a", "offset": 2, "length": 9}}], "arguments": {"loc": [], "time": [], "country": [{"text": "\u7f8e\u56fd", "offset": 0, "length": 2}], "weapon": [{"text": "F-16\u6218\u6597\u673a", "offset": 4, "length": 7}]}}, {"sentence": "\u636e\u7f8e\u56fd\u5168\u56fd\u5e7f\u64ad\u516c\u53f8\u62a5\u9053\uff0c\u5f53\u5730\u65f6\u95f46\u670830\u65e5\uff0c\u7f8e\u56fd\u5357\u52a0\u5dde\u8096\u7a7a\u519b\u57fa\u5730\u4e00\u67b6F-16\u6218\u6597\u673a\u5728\u6267\u884c\u65e5\u5e38\u8bad\u7ec3\u4efb\u52a1\u65f6\u5760\u6bc1\uff0c \u673a\u4e0a\u98de\u884c\u5458\u88ab\u9001\u5f80\u533b\u9662\uff0c\u4e4b\u540e\u88ab\u5ba3\u5e03\u8111\u6b7b\u4ea1\u3002", "events": [], "arguments": {"loc": [{"text": "\u5357\u52a0\u5dde\u8096\u7a7a\u519b\u57fa\u5730", "offset": 24, "length": 8}], "time": [{"text": "\u5f53\u5730\u65f6\u95f46\u670830\u65e5", "offset": 12, "length": 9}], "country": [], "weapon": []}}, {"sentence": "\u5931\u4e8b\u98de\u673a\u4e3a\u5355\u5ea7\u6218\u6597\u673a\uff0c\u4e8b\u6545\u53d1\u751f\u65f6\u98de\u673a\u4e0a\u53ea\u6709\u98de\u884c\u5458\u4e00\u4eba\u3002", "events": [], "arguments": {"loc": [], "time": [], "country": [], "weapon": []}}, {"sentence": "\u4e8b\u6545\u539f\u56e0\u8fd8\u5728\u8c03\u67e5\u4e2d\u3002", "events": [], "arguments": {"loc": [], "time": [], "country": [], "weapon": []}}]