[{"sentence": "\u767d\u4fc4\u7f57\u65af\u6b63\u5f0f\u90e8\u7f72\u82cf30SM\u6218\u6597\u673a\u00a0\u4e3a\u82cf30\u7cfb\u5217\u6700\u5f3a\u7248\u672c", "events": [{"trigger": {"text": "\u6b63\u5f0f\u90e8\u7f72", "offset": 4, "length": 4}, "subject": {"text": "\u767d\u4fc4\u7f57\u65af", "offset": 0, "length": 4}, "object": {"text": "\u82cf30SM\u6218\u6597\u673a", "offset": 8, "length": 8}}], "arguments": {"loc": [], "time": [], "country": [{"text": "\u767d\u4fc4\u7f57\u65af", "offset": 0, "length": 4}], "weapon": []}}, {"sentence": "\u3010\u73af\u7403\u7f51\u62a5\u9053 \u8bb0\u8005 \u5f90\u7490\u660e\u3011", "events": [], "arguments": {"loc": [], "time": [], "country": [], "weapon": []}}, {"sentence": "\u636e\u767d\u4fc4\u7f57\u65afBelta\u65b0\u95fb\u7f51\u7ad97\u67081\u65e5\u62a5\u9053\uff0c\u767d\u4fc4\u7f57\u65af\u7a7a\u519b\u5f53\u5929\u5728\u7b2c61\u7a7a\u519b\u57fa\u5730\u4e3e\u884c\u4e86\u82cf-30SM\u6218\u6597\u673a\u7684\u6218\u5907\u90e8\u7f72\u4eea\u5f0f\uff0c\u6807\u5fd7\u8fd9\u6b3e\u6218\u6597\u673a\u6b63\u5f0f\u7528\u4e8e\u4fdd\u536b\u767d\u4fc4\u7f57\u65af\u9886\u7a7a\u3002", "events": [], "arguments": {"loc": [], "time": [{"text": "7\u67081\u65e5", "offset": 14, "length": 4}], "country": [], "weapon": [{"text": "\u82cf-30SM\u6218\u6597\u673a", "offset": 40, "length": 9}]}}, {"sentence": "\u767d\u4fc4\u7f57\u65af\u56fd\u9632\u90e8\u957f\u8d6b\u5217\u5b81\u5728\u4eea\u5f0f\u4e0a\u8868\u793a\uff1a\u201c\u4eca\u5929\u5bf9\u7b2c61\u7a7a\u519b\u57fa\u5730\u7684\u4eba\u5458\u6765\u8bf4\u662f\u4e00\u4e2a\u4e0d\u540c\u5bfb\u5e38\u7684\u65e5\u5b50\uff0c\u6700\u65b0\u578b\u7684\u82cf-30SM\u6218\u6597\u673a\u5df2\u7ecf\u8fdb\u5165\u5f85\u547d\u72b6\u6001\u3001\u4fdd\u536b\u6211\u56fd\u9886\u7a7a\u3002", "events": [], "arguments": {"loc": [], "time": [], "country": [], "weapon": []}}, {"sentence": "\u5177\u6709\u8c61\u5f81\u6027\u610f\u4e49\u7684\u662f\uff0c\u6b64\u6b21\u90e8\u7f72\u6b63\u597d\u662f\u5728\u767d\u4fc4\u7f57\u65af\u72ec\u7acb\u7eaa\u5ff5\u65e5\uff08\u6bcf\u5e747\u67083\u65e5\uff09\u524d\u5915\u3002", "events": [], "arguments": {"loc": [], "time": [], "country": [], "weapon": []}}, {"sentence": "\u201d", "events": [], "arguments": {"loc": [], "time": [], "country": [], "weapon": []}}, {"sentence": "\u62a5\u9053\u79f0\uff0c\u82cf-30SM\u662f\u767d\u4fc4\u7f57\u65af\u4ece\u4fc4\u7f57\u65af\u5f15\u8fdb\u7684\u4e00\u6b3e\u91cd\u578b\u6218\u6597\u673a\uff0c\u8be5\u673a\u4e13\u95e8\u4e3a\u7a7a\u4e2d\u4f5c\u6218\u800c\u8bbe\u8ba1\uff0c\u5177\u6709\u5168\u5929\u5019\u3001\u663c\u591c\u95f4\u7684\u4f5c\u6218\u80fd\u529b\u3002", "events": [], "arguments": {"loc": [], "time": [], "country": [], "weapon": []}}, {"sentence": "\u53bb\u5e74\u79cb\u5929\uff0c\u7b2c61\u7a7a\u519b\u57fa\u5730\u63a5\u6536\u4e86\u9996\u6279\u8be5\u578b\u6218\u6597\u673a\uff0c\u968f\u540e\u98de\u884c\u5458\u4eec\u5728\u7d27\u5f20\u7684\u65f6\u95f4\u5b89\u6392\u4e0b\u5b8c\u6210\u4e86\u7406\u8bba\u5b66\u4e60\u548c\u5b9e\u8df5\u64cd\u4f5c\u8bad\u7ec3\uff0c\u73b0\u5728\u5df2\u7ecf\u53ef\u4ee5\u72ec\u7acb\u6267\u884c\u98de\u884c\u4efb\u52a1\u3002", "events": [], "arguments": {"loc": [], "time": [], "country": [], "weapon": []}}, {"sentence": "\u53e6\u636e\u4fc4\u7f57\u65af\u536b\u661f\u65b0\u95fb\u901a\u8baf\u793e7\u67082\u65e5\u7684\u62a5\u9053\uff0c4\u67b6\u82cf-30SM\u6218\u6597\u673a\u57282019\u5e74\u4ece\u4fc4\u7f57\u65af\u62b5\u8fbe\u767d\u4fc4\u7f57\u65af\u3002", "events": [], "arguments": {"loc": [], "time": [], "country": [], "weapon": []}}, {"sentence": "\u6839\u636e\u5408\u540c\uff0c\u4fc4\u65b9\u603b\u5171\u5c06\u5411\u767d\u4fc4\u7f57\u65af\u4f9b\u5e9412\u67b6\u82cf-30SM\u6218\u6597\u673a\u3002", "events": [], "arguments": {"loc": [], "time": [], "country": [], "weapon": []}}, {"sentence": "\u660e\u65af\u514b\u65e9\u4e9b\u65f6\u5019\u8bf4\uff0c\u4ed6\u4eec\u9884\u8ba1\u5728\u4e3a\u671f3\u5e74\u7684\u65f6\u95f4\u5185\u6bcf\u5e74\u5c06\u4ece\u4fc4\u7f57\u65af\u6536\u52304\u67b6\u98de\u673a\u3002", "events": [], "arguments": {"loc": [], "time": [], "country": [], "weapon": []}}, {"sentence": "\u767d\u4fc4\u7f57\u65af\u56fd\u9632\u90e8\u957f\u8d6b\u5217\u5b81\u8fd8\u5728\u4eea\u5f0f\u4e0a\u8bf4\uff1a\u201c\u4efb\u4f55\u70ed\u7231\u548c\u5e73\u7684\u65b9\u9488\u90fd\u5fc5\u987b\u7531\u4fdd\u62a4\u4eba\u6c11\u7684\u3001\u5b9e\u5b9e\u5728\u5728\u7684\u56fd\u5bb6\u529b\u91cf\u6765\u52a0\u5f3a\u5de9\u56fa\u3002", "events": [], "arguments": {"loc": [], "time": [], "country": [], "weapon": []}}, {"sentence": "\u201d\u8fd9\u4f4d\u90e8\u957f\u8bf4\uff1a\u201c\u65f6\u523b\u5f85\u547d\u7684\u6b66\u88c5\u90e8\u961f\u3001\u9886\u571f\u9632\u5fa1\u4f53\u7cfb\u548c\u6709\u6548\u7684\u6267\u6cd5\u673a\u6784\u7684\u5b58\u5728\uff0c\u662f\u6211\u4eec\u56fd\u571f\u548c\u5e73\u4e0e\u5b89\u5b81\u7684\u4fdd\u8bc1\u3002", "events": [], "arguments": {"loc": [], "time": [], "country": [], "weapon": []}}, {"sentence": "\u201d", "events": [], "arguments": {"loc": [], "time": [], "country": [], "weapon": []}}]