[{"sentence": "\u89e3\u653e\u519b\u5728\u897f\u6c99\u7fa4\u5c9b\u8bad\u7ec3\u4e4b\u9645\u00a0\u7f8e\u519b\u4fa6\u5bdf\u673a\u88ab\u66dd\u98de\u5411\u5357\u6d77", "events": [], "arguments": {"loc": [{"text": "\u5357\u6d77", "offset": 22, "length": 2}, {"text": "\u897f\u6c99\u7fa4\u5c9b", "offset": 4, "length": 4}], "time": [], "country": [], "weapon": []}}, {"sentence": "\u3010\u73af\u7403\u7f51\u62a5\u9053 \u8bb0\u8005 \u5f90\u7490\u660e\u3011", "events": [], "arguments": {"loc": [], "time": [], "country": [], "weapon": []}}, {"sentence": "\u636e\u53f0\u6e7e\u4eb2\u7eff\u5a92\u4f53\u300a\u81ea\u7531\u65f6\u62a5\u300b7\u67082\u65e5\u62a5\u9053\uff0c\u89e3\u653e\u519b\u81ea7\u67081\u65e5\u8d77\u5728\u897f\u6c99\u7fa4\u5c9b\u6d77\u57df\u8fdb\u884c\u519b\u4e8b\u8bad\u7ec3\uff0c7\u67082\u65e51\u67b6\u7f8e\u56fd\u6d77\u519b\u7535\u5b50\u4fa6\u5bdf\u673a\u51fa\u73b0\u5728\u53f0\u6e7e\u897f\u5357\u7a7a\u57df\u3002", "events": [{"trigger": {"text": "\u8fdb\u884c", "offset": 36, "length": 2}, "subject": {"text": "\u89e3\u653e\u519b\u81ea7\u67081\u65e5\u8d77\u5728\u897f\u6c99\u7fa4\u5c9b\u6d77\u57df", "offset": 20, "length": 16}, "object": {"text": "\u519b\u4e8b\u8bad\u7ec3", "offset": 38, "length": 4}}, {"trigger": {"text": "\u51fa\u73b0", "offset": 58, "length": 2}, "subject": {"text": "7\u67082\u65e51\u67b6\u7f8e\u56fd\u6d77\u519b\u7535\u5b50\u4fa6\u5bdf\u673a", "offset": 43, "length": 15}, "object": {"text": "\u5728\u53f0\u6e7e\u897f\u5357\u7a7a\u57df", "offset": 60, "length": 7}}], "arguments": {"loc": [{"text": "\u53f0\u6e7e", "offset": 61, "length": 2}], "time": [], "country": [{"text": "\u7f8e\u56fd", "offset": 49, "length": 2}], "weapon": []}}, {"sentence": "\u62a5\u9053\u79f0\uff0c\u636e\u5317\u4eac\u5927\u5b66\u6d77\u6d0b\u7814\u7a76\u9662\u8bbe\u7acb\u7684\u5e73\u53f0\u201c\u5357\u6d77\u6218\u7565\u6001\u52bf\u611f\u77e5\u8ba1\u5212\u201d7\u67082\u65e5\u53d1\u5e03\u7684\u6d88\u606f\uff0c\u4e00\u67b6\u7f8e\u56fd\u6d77\u519b\u7684EP-3E\u201c\u767d\u7f8a\u5ea7\u201d\u7535\u5b50\u4fa6\u5bdf\u673a\u4e8e\u5f53\u5929\u4e0a\u53488\u70b9\u51fa\u73b0\u5728\u5df4\u58eb\u6d77\u5ce1\u4e0a\u7a7a\uff0c\u5411\u897f\u671d\u5357\u6d77\u98de\u884c\u4e0d\u52301\u4e2a\u5c0f\u65f6\u540e\u6cbf\u539f\u822a\u7ebf\u8fd4\u822a\u3002", "events": [], "arguments": {"loc": [], "time": [], "country": [], "weapon": [{"text": "EP-3E\u201c\u767d\u7f8a\u5ea7\u201d\u7535\u5b50\u4fa6\u5bdf\u673a", "offset": 48, "length": 15}]}}, {"sentence": "\u300a\u81ea\u7531\u65f6\u62a5\u300b\u79f0\uff0c\u8fd9\u5df2\u7ecf\u662f\u7f8e\u56fd\u519b\u673a\u8fde\u7eed\u7b2c12\u5929\u73b0\u8eab\u53f0\u6e7e\u5468\u56f4\u7a7a\u57df\u3002", "events": [], "arguments": {"loc": [], "time": [], "country": [], "weapon": []}}, {"sentence": "\u300a\u81ea\u7531\u65f6\u62a5\u300b\u8fd8\u7092\u4f5c\u79f0\uff0c\u7f8e\u56fd\u519b\u673a\u6b64\u6b21\u73b0\u8eab\u53f0\u6e7e\u897f\u5357\u7a7a\u57df\u7684\u65f6\u95f4\uff0c\u6b63\u503c\u89e3\u653e\u519b\u5728\u897f\u6c99\u7fa4\u5c9b\u8fdb\u884c\u8bad\u7ec3\u3002", "events": [], "arguments": {"loc": [], "time": [], "country": [], "weapon": []}}, {"sentence": "\u636e\u6d77\u5357\u6d77\u4e8b\u5c40\u5b98\u7f516\u670829\u65e5\u53d1\u5e03\u7684\u6d88\u606f\uff0c2020\u5e747\u67081\u65e5\u96f6\u65f6\u81f37\u67085\u65e524\u65f6\uff0c\u897f\u6c99\u7fa4\u5c9b\u6d77\u57df\u5c06\u8fdb\u884c\u519b\u4e8b\u8bad\u7ec3\u3002", "events": [], "arguments": {"loc": [], "time": [{"text": "2020\u5e747\u67081\u65e5\u96f6\u65f6\u81f37\u67085\u65e524\u65f6", "offset": 19, "length": 19}], "country": [], "weapon": []}}, {"sentence": "\u4efb\u4f55\u8239\u8236\u7981\u6b62\u8fdb\u5165\u519b\u4e8b\u8bad\u7ec3\u6d77\u57df\u822a\u884c\uff0c\u5e76\u542c\u4ece\u73b0\u573a\u5f15\u5bfc\u8239\u53ea\u5f15\u5bfc\u548c\u6307\u6325\u3002", "events": [], "arguments": {"loc": [], "time": [], "country": [], "weapon": []}}, {"sentence": "\u9488\u5bf9\u7f8e\u56fd\u8230\u673a\u8fd1\u671f\u5728\u53f0\u6e7e\u9644\u8fd1\u7684\u6d3b\u52a8\uff0c\u5927\u9646\u56fd\u9632\u90e8\u65b0\u95fb\u53d1\u8a00\u4eba\u5434\u8c26\u5927\u6821\u57286\u6708\u56fd\u9632\u90e8\u4f8b\u884c\u8bb0\u8005\u4f1a\u4e0a\u56de\u5e94\u79f0\uff0c\u53f0\u6e7e\u662f\u4e2d\u56fd\u4e0d\u53ef\u5206\u5272\u7684\u4e00\u90e8\u5206\u3002", "events": [], "arguments": {"loc": [], "time": [], "country": [{"text": "\u4e2d\u56fd", "offset": 50, "length": 2}], "weapon": []}}, {"sentence": "\u53f0\u6e7e\u4e8b\u52a1\u7eaf\u5c5e\u4e2d\u56fd\u5185\u653f\uff0c\u4e0d\u5bb9\u4efb\u4f55\u5916\u6765\u5e72\u6d89\u3002", "events": [], "arguments": {"loc": [], "time": [], "country": [], "weapon": []}}, {"sentence": "\u7f8e\u65b9\u9891\u7e41\u6253\u53f0\u6e7e\u724c\uff0c\u60f3\u901a\u8fc7\u201c\u5207\u9999\u80a0\u201d\u7684\u65b9\u5f0f\u6765\u5371\u5bb3\u4e2d\u56fd\u7684\u4e3b\u6743\u548c\u9886\u571f\u5b8c\u6574\uff0c\u8fd9\u5b8c\u5168\u662f\u75f4\u5fc3\u5984\u60f3\u3002", "events": [], "arguments": {"loc": [], "time": [], "country": [], "weapon": []}}, {"sentence": "\u89e3\u653e\u519b\u59cb\u7ec8\u4fdd\u6301\u9ad8\u5ea6\u6212\u5907\uff0c\u6709\u575a\u5b9a\u7684\u610f\u5fd7\u3001\u5145\u5206\u7684\u4fe1\u5fc3\u548c\u8db3\u591f\u7684\u80fd\u529b\u7ef4\u62a4\u56fd\u5bb6\u4e3b\u6743\u548c\u9886\u571f\u5b8c\u6574\uff0c\u7ef4\u62a4\u53f0\u6d77\u5730\u533a\u548c\u5e73\u7a33\u5b9a\u3002", "events": [], "arguments": {"loc": [], "time": [], "country": [], "weapon": []}}, {"sentence": "\u5bf9\u4e8e\u7f8e\u519b\u8230\u673a\u5728\u5357\u6d77\u7684\u6d3b\u52a8\uff0c\u5434\u8c26\u5927\u6821\u4e5f\u66fe\u8868\u793a\uff0c\u4e00\u6bb5\u65f6\u95f4\u4ee5\u6765\uff0c\u7f8e\u6fb3\u7b49\u4e00\u4e9b\u57df\u5916\u56fd\u5bb6\u5728\u5357\u6d77\u9891\u7e41\u5f00\u5c55\u519b\u4e8b\u6d3b\u52a8\uff0c\u5f3a\u5316\u519b\u4e8b\u5b58\u5728\uff0c\u8fd9\u79cd\u505a\u6cd5\u4e0d\u5229\u4e8e\u5357\u6d77\u7684\u5b89\u5168\u7a33\u5b9a\uff0c\u6211\u4eec\u5bf9\u6b64\u662f\u575a\u51b3\u53cd\u5bf9\u7684\u3002", "events": [], "arguments": {"loc": [], "time": [], "country": [], "weapon": []}}, {"sentence": "\u4e8b\u5b9e\u4e00\u518d\u8bc1\u660e\uff0c\u7f8e\u65b9\u662f\u5357\u6d77\u519b\u4e8b\u5316\u7684\u6700\u5927\u63a8\u624b\uff0c\u662f\u5730\u533a\u548c\u5e73\u7a33\u5b9a\u7684\u9ebb\u70e6\u5236\u9020\u8005\u3002", "events": [], "arguments": {"loc": [], "time": [], "country": [], "weapon": []}}, {"sentence": "\u4e2d\u56fd\u4eba\u6c11\u89e3\u653e\u519b\u59cb\u7ec8\u4fdd\u6301\u9ad8\u5ea6\u6212\u5907\uff0c\u575a\u51b3\u634d\u536b\u56fd\u5bb6\u4e3b\u6743\u3001\u5b89\u5168\u3001\u53d1\u5c55\u5229\u76ca\uff0c\u575a\u51b3\u7ef4\u62a4\u5730\u533a\u548c\u5e73\u7a33\u5b9a\u4e0e\u7e41\u8363\u3002", "events": [], "arguments": {"loc": [], "time": [], "country": [], "weapon": []}}]