[{"sentence": "\u897f\u85cf\u519b\u533a\u5b98\u5fae\u53d1\u5e03\u9996\u6761\u89c6\u9891\u00a0\u591a\u578b\u706b\u70ae\u9ad8\u539f\u5b9e\u5f39\u5c04\u51fb\u6f14\u7ec3\u753b\u9762\u5f15\u5173\u6ce8", "events": [], "arguments": {"loc": [], "time": [], "country": [], "weapon": []}}, {"sentence": "\u3010\u73af\u7403\u65f6\u62a5\u7279\u7ea6\u8bb0\u8005 \u7ae0\u8282\u3011", "events": [], "arguments": {"loc": [], "time": [], "country": [], "weapon": []}}, {"sentence": "\u897f\u85cf\u519b\u533a\u5b98\u65b9\u5fae\u535a7\u67081\u65e5\u5f00\u901a\uff0c\u9996\u6761\u89c6\u9891\u5c31\u5f15\u53d1\u5173\u6ce8\uff0c\u5176\u4e2d\u5305\u62ec\u897f\u85cf\u519b\u533a\u5728\u9ad8\u539f\u8fdb\u884c\u591a\u578b\u706b\u70ae\u5b9e\u5f39\u5c04\u51fb\u6f14\u7ec3\u7684\u9ad8\u6e05\u753b\u9762\u3002", "events": [], "arguments": {"loc": [], "time": [], "country": [], "weapon": []}}, {"sentence": "\u4e0e\u6b64\u540c\u65f6\uff0c\u5370\u5ea6\u4e5f\u52a0\u7d27\u91c7\u8d2d\u69b4\u5f39\u70ae\u70ae\u5f39\uff0c\u8fd8\u5411\u8fb9\u5883\u5730\u533a\u90e8\u7f72\u4e86T-90\u4e3b\u6218\u5766\u514b\uff0c\u5e76\u6709\u53ef\u80fd\u90e8\u7f72\u8fdc\u7a0b\u706b\u7bad\u70ae\u3002", "events": [], "arguments": {"loc": [], "time": [], "country": [], "weapon": []}}, {"sentence": "\u6216\u8bb8\u6709\u4eba\u4f1a\u95ee\uff0c\u822a\u7a7a\u5175\u3001\u5bfc\u5f39\u9010\u6b65\u6210\u4e3a\u6218\u4e89\u821e\u53f0\u4e3b\u89d2\u65f6\uff0c\u4e3a\u4ec0\u4e48\u4eca\u5929\u5f88\u591a\u56fd\u5bb6\u4ecd\u7136\u91cd\u89c6\u70ae\u5175\u53d1\u5c55\uff1f", "events": [], "arguments": {"loc": [], "time": [], "country": [], "weapon": []}}, {"sentence": "\u70ae\u5175\u5728\u9ad8\u539f\u5c71\u5730\u4f5c\u6218\u4e2d\u5230\u5e95\u80fd\u53d1\u6325\u54ea\u4e9b\u4f5c\u7528\u5462\uff1f", "events": [], "arguments": {"loc": [], "time": [], "country": [], "weapon": []}}, {"sentence": "\u201c\u9646\u6218\u4e4b\u795e\u201d\u4e3a\u4f55\u4ecd\u53d7\u949f\u7231", "events": [], "arguments": {"loc": [], "time": [], "country": [], "weapon": []}}, {"sentence": "\u706b\u70ae\u81ea\u53d1\u660e\u4ee5\u6765\uff0c\u5c31\u4ee5\u5c04\u7a0b\u8fdc\u3001\u5a01\u529b\u5927\u800c\u5728\u9646\u6218\u4e2d\u626e\u6f14\u7740\u91cd\u8981\u89d2\u8272\uff0c\u4ee5\u81f3\u4e8e\u88ab\u5c01\u4e3a\u201c\u6218\u4e89\u4e4b\u795e\u201d\u201c\u9646\u6218\u4e4b\u795e\u201d\u3002", "events": [], "arguments": {"loc": [], "time": [], "country": [], "weapon": []}}, {"sentence": "\u5f53\u7136\uff0c\u4f34\u968f\u7740\u4f5c\u6218\u98de\u673a\u3001\u5bfc\u5f39\u7684\u5e7f\u6cdb\u88c5\u5907\u4f7f\u7528\uff0c\u706b\u70ae\u5728\u5c04\u7a0b\u3001\u5a01\u529b\u3001\u7cbe\u5ea6\u7b49\u65b9\u9762\u5927\u6709\u88ab\u8d76\u8d85\u4e4b\u52bf\uff0c\u4f46\u5b83\u4ecd\u7136\u662f\u9646\u519b\u7684\u201c\u6700\u7231\u201d\u3002", "events": [], "arguments": {"loc": [], "time": [], "country": [], "weapon": []}}, {"sentence": "\u9996\u5148\uff0c\u822a\u7a7a\u5175\u867d\u7136\u706b\u529b\u731b\uff0c\u4f46\u6280\u672f\u8981\u6c42\u9ad8\uff0c\u5e76\u975e\u54ea\u4e2a\u56fd\u5bb6\u90fd\u6709\u8db3\u591f\u5f3a\u5927\u7684\u5bf9\u5730\u653b\u51fb\u822a\u7a7a\u5175\u529b\u91cf\u3002", "events": [], "arguments": {"loc": [], "time": [], "country": [], "weapon": []}}, {"sentence": "\u76ee\u524d\uff0c\u5927\u591a\u6570\u56fd\u5bb6\u7684\u822a\u7a7a\u5175\u90e8\u961f\u5c1a\u5f88\u96be\u5f62\u6210\u4f53\u7cfb\uff0c\u5982\u679c\u6ca1\u6709\u50cf\u7f8e\u56fd\u90a3\u79cd\u7535\u5b50\u6218\u3001\u53cd\u8f90\u5c04\u653b\u51fb\u3001\u9632\u533a\u5916\u6253\u51fb\u529b\u91cf\u914d\u5408\uff0c\u5355\u7eaf\u9760\u6218\u6597\u673a\u3001\u653b\u51fb\u673a\u8f70\u70b8\uff0c\u5f88\u5bb9\u6613\u88ab\u5bf9\u65b9\u9632\u7a7a\u7cfb\u7edf\u62e6\u622a\u3002", "events": [], "arguments": {"loc": [], "time": [], "country": [], "weapon": []}}, {"sentence": "\u4f8b\u5982\uff0c\u5370\u5df4\u5361\u5409\u5c14\u51b2\u7a81\u671f\u95f4\uff0c\u5df4\u65b9\u5e76\u672a\u90e8\u7f72\u4e25\u5bc6\u7684\u9632\u7a7a\u706b\u529b\uff0c\u5373\u4fbf\u5982\u6b64\uff0c\u5370\u5ea6\u7a7a\u519b\u76841\u67b6\u7c73\u683c-27\u30011\u67b6\u7c73\u683c-21\u548c1\u67b6\u7c73-8\u76f4\u5347\u673a\u88ab\u51fb\u843d\u3002", "events": [], "arguments": {"loc": [], "time": [], "country": [], "weapon": []}}, {"sentence": "\u5176\u6b21\uff0c\u5373\u4fbf\u5177\u6709\u4e00\u5b9a\u7684\u822a\u7a7a\u5175\u529b\u91cf\uff0c\u7531\u4e8e\u822a\u7a7a\u5175\u5c5e\u4e8e\u7a7a\u519b\uff0c\u5728\u534f\u8c03\u4f7f\u7528\u4e0a\u4e5f\u76f8\u5bf9\u590d\u6742\u3002", "events": [], "arguments": {"loc": [], "time": [], "country": [], "weapon": []}}, {"sentence": "\u4ee5\u5370\u5df4\u5361\u5409\u5c14\u51b2\u7a81\u4e3a\u4f8b\uff0c\u5370\u5ea6\u7684\u6218\u6597\u673a\u548c\u653b\u51fb\u673a\u4ee5\u53ca\u90e8\u5206\u6b66\u88c5\u76f4\u5347\u673a\u5c5e\u4e8e\u7a7a\u519b\u3002", "events": [], "arguments": {"loc": [], "time": [], "country": [], "weapon": []}}, {"sentence": "\u5370\u5ea6\u9646\u519b\u4e0e\u7a7a\u519b\u5728\u4f7f\u7528\u4ec0\u4e48\u673a\u79cd\u5b9e\u65bd\u652f\u63f4\u3001\u5982\u4f55\u652f\u63f4\u7b49\u65b9\u9762\u6700\u521d\u5e76\u672a\u8fbe\u6210\u4e00\u81f4\uff0c\u652f\u63f4\u4e5f\u4e0d\u662f\u5f88\u6709\u6548\u3002", "events": [], "arguments": {"loc": [], "time": [], "country": [], "weapon": []}}, {"sentence": "\u5373\u4fbf\u662f\u7a7a\u5730\u4e00\u4f53\u6218\u8fd0\u4f5c\u5f88\u5a34\u719f\u7684\u7f8e\u519b\uff0c\u4e5f\u5e76\u975e\u6bcf\u6b21\u6218\u6597\u90fd\u80fd\u5f97\u5230\u7f8e\u56fd\u7a7a\u519b\u6218\u6597\u673a\u7684\u53ca\u65f6\u652f\u6301\u3002", "events": [], "arguments": {"loc": [], "time": [], "country": [], "weapon": []}}, {"sentence": "\u800c\u70ae\u5175\u662f\u9646\u519b\u81ea\u5df1\u7ba1\u7684\uff0c\u4f7f\u7528\u8d77\u6765\u5f97\u5fc3\u5e94\u624b\uff0c\u706b\u529b\u652f\u63f4\u6765\u5f97\u6700\u53ca\u65f6\u3002", "events": [], "arguments": {"loc": [], "time": [], "country": [], "weapon": []}}, {"sentence": "\u7b2c\u4e09\uff0c\u5728\u4e00\u4e9b\u51b2\u7a81\u4e2d\uff0c\u51b2\u7a81\u53cc\u65b9\u53ef\u80fd\u4f1a\u6709\u610f\u9650\u5236\u51b2\u7a81\u89c4\u6a21\u3002", "events": [], "arguments": {"loc": [], "time": [], "country": [], "weapon": []}}, {"sentence": "\u8ba9\u822a\u7a7a\u5175\u76f4\u63a5\u53c2\u6218\uff0c\u53ef\u80fd\u4f1a\u5bfc\u81f4\u51b2\u7a81\u8fdb\u4e00\u6b65\u5347\u7ea7\uff0c\u6700\u7ec8\u96be\u4ee5\u6536\u573a\u3002", "events": [], "arguments": {"loc": [], "time": [], "country": [], "weapon": []}}, {"sentence": "\u800c\u5728\u6709\u9650\u89c4\u6a21\u7684\u51b2\u7a81\u4e2d\uff0c\u70ae\u5175\u5219\u53ef\u80fd\u662f\u53cc\u65b9\u80fd\u591f\u52a8\u7528\u7684\u6700\u5f3a\u5927\u706b\u529b\uff0c\u80fd\u4e0d\u80fd\u5728\u77ed\u4fc3\u6709\u9650\u89c4\u6a21\u51b2\u7a81\u4e2d\u201c\u4e0d\u5403\u4e8f\u201d\uff0c\u5f88\u53ef\u80fd\u8981\u770b\u70ae\u5175\u7684\u8868\u73b0\u3002", "events": [], "arguments": {"loc": [], "time": [], "country": [], "weapon": []}}, {"sentence": "\u6709\u6548\u5e73\u8861\u706b\u529b\u4e0e\u6210\u672c", "events": [], "arguments": {"loc": [], "time": [], "country": [], "weapon": []}}, {"sentence": "\u76f8\u5bf9\u4e8e\u822a\u7a7a\u5175\u548c\u5730\u5bf9\u5730\u5bfc\u5f39\u90e8\u961f\uff0c\u706b\u70ae\u53ef\u4ee5\u5728\u706b\u529b\u4e0e\u6210\u672c\u4e4b\u95f4\u53d6\u5f97\u5e73\u8861\u3002", "events": [], "arguments": {"loc": [], "time": [], "country": [], "weapon": []}}, {"sentence": "\u9996\u5148\uff0c\u706b\u70ae\u4f7f\u7528\u8d77\u6765\u66f4\u7ecf\u6d4e\u3002", "events": [], "arguments": {"loc": [], "time": [], "country": [], "weapon": []}}, {"sentence": "\u73b0\u5728\u7684\u5de1\u822a\u5bfc\u5f39\u3001\u9632\u533a\u5916\u53d1\u5c04\u5bfc\u5f39\u5f80\u5f80\u5355\u4ef7\u662f\u767e\u4e07\u7f8e\u5143\u7ea7\u522b\uff0c\u76f8\u5f53\u4e8e\u53d1\u5c04\u4e86\u4e00\u8f86\u8f86\u8d85\u7ea7\u8dd1\u8f66\uff0c\u5373\u4fbf\u662f\u7f8e\u56fd\u7a7a\u519b\u6700\u5e38\u4f7f\u7528\u7684\u201c\u6770\u8fbe\u59c6\u201d\u5236\u5bfc\u70b8\u5f39\u4e5f\u67093\u4e07\u7f8e\u5143\u5de6\u53f3\uff0c\u518d\u52a0\u4e0a1\u67b6\u4e09\u4ee3\u673a\u6bcf\u5c0f\u65f6\u98de\u884c\u6210\u672c\u5e73\u57473\u4e07\u7f8e\u5143\uff0c\u4f5c\u6218\u6210\u672c\u5341\u5206\u9ad8\u6602\u3002", "events": [], "arguments": {"loc": [], "time": [], "country": [], "weapon": []}}, {"sentence": "\u800c\u70ae\u5f39\u5219\u4fbf\u5b9c\u5f97\u591a\u3002", "events": [], "arguments": {"loc": [], "time": [], "country": [], "weapon": []}}, {"sentence": "\u7f8e\u56fd\u6d77\u519b\u7684\u201c\u6731\u59c6\u6c83\u5c14\u7279\u201d\u7ea7\u9a71\u9010\u8230\u4e3a\u4e86\u63d0\u9ad8\u5bf9\u5730\u6253\u51fb\u7684\u6301\u7eed\u6027\u3001\u964d\u4f4e\u6210\u672c\uff0c\u8fd8\u4e13\u95e8\u88c5\u5907\u4e86155\u6beb\u7c73\u5927\u578b\u8230\u70ae\uff0c\u4e3a\u6b64\u51cf\u5c11\u4e86\u5782\u76f4\u53d1\u5c04\u88c5\u7f6e\u7684\u6570\u91cf\uff0c\u582a\u79f021\u4e16\u7eaa\u7684\u5927\u70ae\u5de8\u8230\uff0c\u4e5f\u8db3\u89c1\u5927\u578b\u706b\u70ae\u7684\u7ecf\u6d4e\u6027\u3002", "events": [], "arguments": {"loc": [], "time": [], "country": [], "weapon": []}}, {"sentence": "\u5176\u6b21\uff0c\u706b\u70ae\u7684\u706b\u529b\u4e5f\u8db3\u591f\u5f3a\u5927\uff0c\u8db3\u591f\u6467\u6bc1\u7edd\u5927\u591a\u6570\u9646\u4e0a\u76ee\u6807\u3002", "events": [], "arguments": {"loc": [], "time": [], "country": [], "weapon": []}}, {"sentence": "\u6bd4\u5982\uff0c\u53cd\u5766\u514b\u70ae\u521d\u901f\u9ad8\uff0c\u91c7\u7528\u957f\u6746\u5f0f\u7a7f\u7532\u5f39\u53ef\u6709\u6548\u5bf9\u4ed8\u4e3b\u6218\u5766\u514b\u3002", "events": [], "arguments": {"loc": [], "time": [], "country": [], "weapon": []}}, {"sentence": "\u8feb\u51fb\u70ae\u5f39\u9053\u5f2f\u66f2\uff0c\u53ef\u4ee5\u6253\u51fb\u5c71\u4f53\u53cd\u659c\u9762\u4e0a\u7684\u76ee\u6807\u3002", "events": [], "arguments": {"loc": [], "time": [], "country": [], "weapon": []}}, {"sentence": "\u800c\u5927\u53e3\u5f84\u7684\u52a0\u519c\u70ae\u3001\u69b4\u5f39\u70ae\u5219\u53ef\u6709\u6548\u5bf9\u4ed8\u5404\u7c7b\u63a9\u4f53\uff0c\u5e76\u8fdb\u884c\u706b\u529b\u538b\u5236\u3002", "events": [], "arguments": {"loc": [], "time": [], "country": [], "weapon": []}}, {"sentence": "\u4e0a\u8ff0\u706b\u70ae\u9664\u4e86\u4f7f\u7528\u4f20\u7edf\u70ae\u5f39\uff0c\u8fd8\u80fd\u4f7f\u7528\u5b50\u6bcd\u5f39\u3001\u672b\u654f\u5f39\u3001\u7cbe\u786e\u5236\u5bfc\u70ae\u5f39\u751a\u81f3\u70ae\u5c04\u5bfc\u5f39\uff0c\u65e2\u53ef\u4ee5\u7528\u4e8e\u538b\u5236\u9762\u76ee\u6807\uff0c\u4e5f\u53ef\u4ee5\u7cbe\u786e\u6253\u51fb\u70b9\u76ee\u6807\uff0c\u65e2\u53ef\u4ee5\u5bf9\u4ed8\u8f6f\u76ee\u6807\uff0c\u4e5f\u80fd\u5927\u89c4\u6a21\u6297\u51fb\u88c5\u7532\u8f66\u8f86\u7b49\u786c\u76ee\u6807\u3002", "events": [], "arguments": {"loc": [], "time": [], "country": [], "weapon": []}}, {"sentence": "\u5b9e\u9645\u4e0a\uff0c\u56e0\u4e3a\u70ae\u5175\u5177\u6709\u81ea\u5df1\u72ec\u7279\u7684\u4f18\u52bf\uff0c\u5373\u4fbf\u62e5\u6709\u5f3a\u5927\u822a\u7a7a\u5175\u529b\u91cf\u548c\u6b66\u88c5\u76f4\u5347\u673a\u90e8\u961f\u7684\u519b\u961f\uff0c\u5bf9\u706b\u70ae\u7684\u53d1\u5c55\u548c\u8fd0\u7528\u4ecd\u7136\u5341\u5206\u91cd\u89c6\u3002", "events": [], "arguments": {"loc": [], "time": [], "country": [], "weapon": []}}, {"sentence": "\u7f8e\u56fd\u7a7a\u519b\u548c\u9646\u519b\u7684\u914d\u5408\u662f\u975e\u5e38\u5b8c\u5584\u7684\uff0c\u4ed6\u4eec\u7684\u7a7a\u5730\u4e00\u4f53\u4f5c\u6218\u7406\u8bba\uff0c\u65e9\u5728\u4e0a\u4e16\u7eaa80\u5e74\u4ee3\u5c31\u5df2\u7ecf\u6210\u719f\u3002", "events": [], "arguments": {"loc": [], "time": [], "country": [], "weapon": []}}, {"sentence": "\u5728\u8fd9\u79cd\u60c5\u51b5\u4e0b\uff0c\u7f8e\u56fd\u9646\u519b\u4ecd\u7136\u5728\u706b\u70ae\u65b9\u9762\u4e0d\u9057\u4f59\u529b\u3002", "events": [], "arguments": {"loc": [], "time": [], "country": [], "weapon": []}}, {"sentence": "\u9664\u4e86\u88c5\u5907\u4e16\u754c\u4e0a\u6700\u8f7b\u7684\u3001\u673a\u52a8\u6027\u6700\u597d\u7684M777\u8d85\u8f7b\u578b\u69b4\u5f39\u70ae\u5916\uff0c\u8fd8\u5728\u53d1\u5c5558\u500d\u53e3\u5f84\u7684\u957f\u8eab\u7ba1155\u6beb\u7c73M109A8\u81ea\u884c\u69b4\u5f39\u70ae\uff0c\u6700\u8fdc\u5c04\u7a0b\u8fbe70\u516c\u91cc\uff0c\u672a\u6765\u4f7f\u7528\u65b0\u578b\u589e\u7a0b\u5f39\u65f6\u80fd\u6253100\u516c\u91cc\u3002", "events": [], "arguments": {"loc": [], "time": [], "country": [], "weapon": []}}, {"sentence": "\u5fb7\u56fd\u83b1\u8335\u516c\u53f8\u5219\u8ba1\u5212\u7814\u5236\u91c7\u752860\u500d\u53e3\u5f84\u8eab\u7ba1\u7684155\u6beb\u7c73\u69b4\u5f39\u70ae\uff0c\u6700\u5927\u5c04\u7a0b\u53ef\u4ee5\u8fbe\u523083\u516c\u91cc\u3002", "events": [], "arguments": {"loc": [], "time": [], "country": [], "weapon": []}}, {"sentence": "\u800c\u82cf\u8054\u4ee5\u53ca\u73b0\u5728\u7684\u4fc4\u7f57\u65af\u9646\u519b\u66f4\u662f\u5d07\u5c1a\u706b\u70ae\uff0c\u524d\u4e0d\u4e45\u7684\u7ea2\u573a\u9605\u5175\u5c31\u5c55\u73b0\u4e86\u591a\u79cd\u5148\u8fdb\u706b\u70ae\u7cfb\u7edf\u3002", "events": [], "arguments": {"loc": [], "time": [], "country": [], "weapon": []}}, {"sentence": "\u9ad8\u539f\u4f5c\u6218\u4f5c\u7528\u66f4\u5927", "events": [], "arguments": {"loc": [], "time": [], "country": [], "weapon": []}}, {"sentence": "\u5728\u9ad8\u539f\u5c71\u5730\u4f5c\u6218\u65f6\uff0c\u70ae\u5175\u7684\u5730\u4f4d\u5c31\u66f4\u91cd\u8981\u4e86\u3002", "events": [], "arguments": {"loc": [], "time": [], "country": [], "weapon": []}}, {"sentence": "\u4e00\u65b9\u9762\uff0c\u9ad8\u539f\u4f5c\u6218\u4f1a\u524a\u5f31\u822a\u7a7a\u5175\u7684\u652f\u63f4\u80fd\u529b\u3002", "events": [], "arguments": {"loc": [], "time": [], "country": [], "weapon": []}}, {"sentence": "\u6bd4\u5982\uff0c\u56fa\u5b9a\u7ffc\u98de\u673a\u5728\u9ad8\u539f\u673a\u573a\u8d77\u98de\uff0c\u53ef\u80fd\u5c31\u8981\u5c11\u5e26\u5f39\u3001\u5c11\u5e26\u6cb9\uff0c\u964d\u4f4e\u4e86\u6301\u7eed\u652f\u63f4\u6253\u51fb\u80fd\u529b\u3002", "events": [], "arguments": {"loc": [], "time": [], "country": [], "weapon": []}}, {"sentence": "\u76f4\u5347\u673a\u5982\u679c\u6ca1\u6709\u7ecf\u8fc7\u4e13\u95e8\u8bbe\u8ba1\uff0c\u6b66\u88c5\u76f4\u5347\u673a\u5728\u9ad8\u539f\u98de\u884c\u4e0d\u4ec5\u88c5\u4e0d\u591a\uff0c\u800c\u4e14\u98de\u4e0d\u9ad8\uff08\u76f8\u5bf9\u9ad8\u5ea6\uff09\uff0c\u673a\u52a8\u6027\u80fd\u53d8\u5dee\uff0c\u66f4\u5bb9\u6613\u906d\u9047\u8f7b\u6b66\u5668\u548c\u4fbf\u643a\u5f0f\u9632\u7a7a\u5bfc\u5f39\u6253\u51fb\u3002", "events": [], "arguments": {"loc": [], "time": [], "country": [], "weapon": []}}, {"sentence": "\u4e00\u4e9b\u4e2d\u7a7a\u957f\u822a\u65f6\u5bdf\u6253\u4e00\u4f53\u65e0\u4eba\u673a\uff0c\u5373\u4fbf\u662f\u5728\u98de\u884c\u9ad8\u5ea6\u6781\u9650\u98de\u884c\uff0c\u5728\u9ad8\u539f\u5c71\u533a\u76f8\u5bf9\u9ad8\u5ea6\u4e5f\u8f83\u4f4e\uff0c\u66f4\u5bb9\u6613\u906d\u9047\u9632\u7a7a\u706b\u529b\u6253\u51fb\u3002", "events": [], "arguments": {"loc": [], "time": [], "country": [], "weapon": []}}, {"sentence": "\u5728\u8fd9\u79cd\u60c5\u51b5\u4e0b\uff0c\u76f4\u63a5\u7531\u9646\u519b\u4f7f\u7528\u7684\u70ae\u5175\u5c31\u663e\u5f97\u5c24\u4e3a\u91cd\u8981\u3002", "events": [], "arguments": {"loc": [], "time": [], "country": [], "weapon": []}}, {"sentence": "\u800c\u4e14\uff0c\u706b\u70ae\u5728\u9ad8\u539f\u5730\u533a\u4f5c\u6218\uff0c\u8fd8\u80fd\u6253\u5f97\u66f4\u8fdc\u4e9b\u3002", "events": [], "arguments": {"loc": [], "time": [], "country": [], "weapon": []}}, {"sentence": "\u56e0\u4e3a\u9ad8\u539f\u7a7a\u6c14\u7a00\u8584\uff0c\u70ae\u53e3\u521d\u901f\u589e\u5927\uff0c\u963b\u529b\u4e5f\u964d\u4f4e\u4e86\uff0c\u4f1a\u5728\u4e00\u5b9a\u7a0b\u5ea6\u4e0a\u63d0\u9ad8\u706b\u70ae\u7684\u5c04\u7a0b\u4ee5\u53ca\u7a7f\u7532\u5f39\u7684\u7a7f\u6df1\u3002", "events": [], "arguments": {"loc": [], "time": [], "country": [], "weapon": []}}, {"sentence": "\u5f53\u7136\uff0c\u7531\u4e8e\u7a7a\u6c14\u7a00\u8584\uff0c\u9ad8\u5ea6\u5dee\u8f83\u5927\uff0c\u8981\u60f3\u6253\u5f97\u51c6\uff0c\u5c31\u9700\u8981\u5bf9\u706b\u70ae\u7684\u5c04\u8868\u8fdb\u884c\u91cd\u65b0\u4fee\u6b63\u3002", "events": [], "arguments": {"loc": [], "time": [], "country": [], "weapon": []}}, {"sentence": "\u57281999\u5e74\u7684\u5370\u5df4\u5361\u5409\u5c14\u51b2\u7a81\u4e2d\uff0c\u5370\u5ea6\u53d1\u5c04\u4e86\u5927\u91cf\u70ae\u5f39\uff0c\u4f46\u6548\u679c\u5e76\u4e0d\u597d\uff0c\u4e00\u4e2a\u91cd\u8981\u539f\u56e0\u5c31\u662f\u4e8b\u53d1\u7a81\u7136\uff0c\u5728\u6d77\u62d4\u8fd17000\u7c73\u7684\u533a\u57df\u4f5c\u6218\uff0c\u6ca1\u6709\u6478\u6e05\u8fd9\u4e00\u9ad8\u5ea6\u7684\u5c04\u8868\u3002", "events": [], "arguments": {"loc": [], "time": [], "country": [], "weapon": []}}, {"sentence": "\u6b64\u5916\uff0c\u4e3a\u9002\u5e94\u9ad8\u539f\u5730\u533a\u7279\u6b8a\u7684\u5730\u7406\u73af\u5883\uff0c\u70ae\u5175\u5728\u9ad8\u539f\u5c71\u533a\u4f5c\u6218\u4e5f\u8981\u5728\u6280\u6218\u672f\u8fd0\u7528\u4e0a\u9002\u5f53\u8c03\u6574\uff0c\u4ee5\u626c\u957f\u907f\u77ed\u3002", "events": [], "arguments": {"loc": [], "time": [], "country": [], "weapon": []}}, {"sentence": "\u6bd4\u5982\uff0c\u5728\u4e00\u4e9b\u9ad8\u539f\u5c71\u533a\uff0c\u5730\u5f62\u5d0e\u5c96\uff0c\u4e0d\u9002\u5408\u91cd\u578b\u706b\u70ae\u673a\u52a8\uff0c\u8fd9\u65f6\u5c31\u5c3d\u91cf\u4f7f\u7528\u8f7b\u578b\u7275\u5f15\u5f0f\u706b\u70ae\uff0c\u7279\u522b\u662f\u8feb\u51fb\u70ae\u3002", "events": [], "arguments": {"loc": [], "time": [], "country": [], "weapon": []}}, {"sentence": "\u800c\u8fdc\u7a0b\u91cd\u578b\u706b\u70ae\u3001\u706b\u7bad\u70ae\u53ef\u4ee5\u9760\u540e\u90e8\u7f72\u3002", "events": [], "arguments": {"loc": [], "time": [], "country": [], "weapon": []}}, {"sentence": "\u6b64\u5916\uff0c\u7531\u4e8e\u5c71\u533a\u540e\u52e4\u8865\u7ed9\u4e0d\u4fbf\uff0c\u5982\u679c\u5c55\u5f00\u5927\u89c4\u6a21\u70ae\u6218\uff0c\u5bf9\u70ae\u5f39\u7684\u540e\u52e4\u4f9b\u5e94\u8981\u6c42\u5f88\u9ad8\uff0c\u6240\u4ee5\u5728\u53ef\u80fd\u7684\u60c5\u51b5\u4e0b\u53ef\u4ee5\u63d0\u9ad8\u7cbe\u786e\u5236\u5bfc\u70ae\u5f39\u7684\u4f7f\u7528\u6bd4\u4f8b\u3002", "events": [], "arguments": {"loc": [], "time": [], "country": [], "weapon": []}}, {"sentence": "\u8fd9\u5927\u6982\u4e5f\u662f\u5370\u5ea6\u7d27\u6025\u91c7\u8d2d\u201c\u795e\u5251\u201d\u5236\u5bfc\u70ae\u5f39\u7684\u539f\u56e0\u4e4b\u4e00\u3002", "events": [], "arguments": {"loc": [], "time": [], "country": [], "weapon": []}}, {"sentence": "\u540c\u65f6\uff0c\u8fd8\u8981\u6ce8\u610f\u70ae\u4f4d\u4fa6\u6d4b\u96f7\u8fbe\u7b49\u6280\u672f\u4fa6\u5bdf\u624b\u6bb5\u7684\u8fd0\u7528\uff0c\u80fd\u591f\u53ca\u65f6\u6709\u6548\u538b\u5236\u3001\u6467\u6bc1\u5bf9\u65b9\u70ae\u5175\u706b\u529b\u548c\u9635\u5730\u3002", "events": [], "arguments": {"loc": [], "time": [], "country": [], "weapon": []}}]