[{"sentence": "\u82f1\u56fd\u82b1\u91cd\u91d1\u5efa\u9020\u4e24\u8258\u65b0\u822a\u6bcd\uff0c\u7ed3\u679c\u5374\u6ca1\u94b1\u4e70\u8230\u8f7d\u673a\u548c\u62a4\u536b\u8230", "events": [{"trigger": {"text": "\u5efa\u9020", "offset": 5, "length": 2}, "subject": {"text": "\u82f1\u56fd\u82b1\u91cd\u91d1", "offset": 0, "length": 5}, "object": {"text": "\u4e24\u8258\u65b0\u822a\u6bcd", "offset": 7, "length": 5}}], "arguments": {"loc": [], "time": [], "country": [{"text": "\u82f1\u56fd", "offset": 0, "length": 2}], "weapon": [{"text": "\u8230\u8f7d\u673a", "offset": 19, "length": 3}, {"text": "\u62a4\u536b\u8230", "offset": 23, "length": 3}]}}, {"sentence": "\u3010\u73af\u7403\u7f51\u62a5\u9053 \u8bb0\u8005 \u5f90\u7490\u660e\u3011", "events": [], "arguments": {"loc": [], "time": [], "country": [], "weapon": []}}, {"sentence": "\u82f1\u56fd\u65a5\u5de8\u8d44\u5efa\u9020\u7684\u4e24\u8258\u65b0\u578b\u822a\u6bcd\u5982\u4eca\u90fd\u5df2\u670d\u5f79\uff0c\u800c\u4e3a\u4e86\u5efa\u9020\u8fd9\u4e24\u8258\u822a\u6bcd\u5bfc\u81f4\u82f1\u56fd\u6ca1\u94b1\u518d\u8d2d\u4e70\u66f4\u591a\u7684\u5148\u8fdb\u8230\u673a\uff0c\u5bf9\u4e8e\u8fd9\u6837\u7684\u5c40\u9762\u5916\u5a92\u4e5f\u5fcd\u4e0d\u4f4f\u8981\u201c\u5410\u69fd\u201d\u4e00\u756a\u3002", "events": [], "arguments": {"loc": [], "time": [], "country": [], "weapon": []}}, {"sentence": "\u636e\u300a\u798f\u5e03\u65af\u300b\u6742\u5fd7\u7f51\u7ad96\u670828\u65e5\u62a5\u9053\uff0c\u82f1\u56fd\u82b1\u8d39\u4e86\u8fd180\u4ebf\u7f8e\u5143\u5efa\u9020\u4e24\u8258\u201c\u4f0a\u4e3d\u838e\u767d\u5973\u738b\u201d\u7ea7\u822a\u6bcd\uff0c\u5e76\u4e3a\u5176\u914d\u5907\u4e86F-35B\u9690\u5f62\u8230\u8f7d\u673a\u3002", "events": [{"trigger": {"text": "\u82b1\u8d39\u4e86", "offset": 20, "length": 3}, "subject": {"text": "\u82f1\u56fd", "offset": 18, "length": 2}, "object": {"text": "\u8fd180\u4ebf\u7f8e\u5143\u5efa\u9020\u4e24\u8258\u201c\u4f0a\u4e3d\u838e\u767d\u5973\u738b\u201d\u7ea7\u822a\u6bcd", "offset": 23, "length": 21}}], "arguments": {"loc": [], "time": [{"text": "6\u670828\u65e5", "offset": 10, "length": 5}], "country": [], "weapon": [{"text": "F-35B\u9690\u5f62\u8230\u8f7d\u673a", "offset": 51, "length": 10}, {"text": "\u201c\u4f0a\u4e3d\u838e\u767d\u5973\u738b\u201d\u7ea7\u822a\u6bcd", "offset": 33, "length": 11}]}}, {"sentence": "\u82f1\u56fd\u5728\u8fd9\u4e24\u8258\u822a\u6bcd\u4e0a\u82b1\u8d39\u4e86\u592a\u591a\u7684\u8d44\u91d1\uff0c\u4ee5\u81f3\u4e8e\u4e70\u4e0d\u8d77\u5176\u4ed6\u7684\u6218\u6597\u673a\u548c\u62a4\u536b\u8230\u8239\u3002", "events": [{"trigger": {"text": "\u4e70\u4e0d\u8d77", "offset": 21, "length": 3}, "subject": {"text": "\u82f1\u56fd", "offset": 0, "length": 2}, "object": {"text": "\u5176\u4ed6\u7684\u6218\u6597\u673a\u548c\u62a4\u536b\u8230\u8239", "offset": 24, "length": 11}}], "arguments": {"loc": [], "time": [], "country": [], "weapon": []}}, {"sentence": "\u62a5\u9053\u79f0\uff0c\u201c\u4f0a\u4e3d\u838e\u767d\u5973\u738b\u201d\u53f7\u822a\u6bcd\u8ba1\u5212\u57282021\u5e74\u8fdb\u884c\u9996\u6b21\u90e8\u7f72\uff0c\u7ed3\u675f\u81ea2014\u5e74\u7687\u5bb6\u6d77\u519b\u5c06\u5176\u4e09\u8258\u51b7\u6218\u65f6\u671f\u7684\u8f7b\u578b\u822a\u6bcd\u9000\u5f79\u4ee5\u6765\u76847\u5e74\u7a7a\u7a97\u671f\u3002", "events": [], "arguments": {"loc": [], "time": [], "country": [], "weapon": []}}, {"sentence": "\u201c\u4f0a\u4e3d\u838e\u767d\u5973\u738b\u201d\u53f7\u822a\u6bcd\u53ca\u5176\u59ca\u59b9\u8230\u201c\u5a01\u5c14\u58eb\u4eb2\u738b\u201d\u53f7\u662f\u4ee4\u4eba\u5370\u8c61\u6df1\u523b\u7684\u8230\u8239\uff0c\u8be5\u578b\u822a\u6bcd\u7684\u6392\u6c34\u91cf\u7ea6\u4e3a7\u4e07\u5428\uff0c\u4ec5\u6b21\u4e8e\u7f8e\u56fd\u6d77\u519b\u822a\u6bcd\u3002", "events": [], "arguments": {"loc": [], "time": [], "country": [], "weapon": []}}, {"sentence": "\u7406\u8bba\u4e0a\u6765\u8bf4\uff0c\u822a\u6bcd\u662f\u91cd\u632f\u82f1\u56fd\u7687\u5bb6\u6d77\u519b\u4f5c\u6218\u529b\u91cf\u7684\u6838\u5fc3\u3002", "events": [], "arguments": {"loc": [], "time": [], "country": [], "weapon": []}}, {"sentence": "\u82f1\u56fd\u56fd\u5bb6\u5ba1\u8ba1\u90e8\u95e8\u57286\u6708\u4efd\u7684\u4e00\u4efd\u62a5\u544a\u4e2d\u8bf4\uff1a\u201c\u822a\u7a7a\u80fd\u591f\u642d\u8f7d\u56fa\u5b9a\u7ffc\u6218\u6597\u673a\uff0c\u6267\u884c\u4e00\u7cfb\u5217\u7684\u519b\u4e8b\u4efb\u52a1\u3002", "events": [], "arguments": {"loc": [], "time": [], "country": [], "weapon": []}}, {"sentence": "\u201d\u201c\u8fd9\u662f\u653f\u5e9c\u5bf9\u82f1\u56fd\u6b66\u88c5\u529b\u91cf\u53d1\u5c55\u8ba1\u5212\u7684\u6838\u5fc3\u3002", "events": [], "arguments": {"loc": [], "time": [], "country": [], "weapon": []}}, {"sentence": "\u201d", "events": [], "arguments": {"loc": [], "time": [], "country": [], "weapon": []}}, {"sentence": "\u4f46\u62a5\u9053\u6307\u51fa\u4e86\u4e00\u4e2a\u95ee\u9898\uff0c\u5c31\u662f\u5728\u82b1\u8d39\u4e86\u6570\u5341\u4ebf\u7f8e\u5143\u5efa\u9020\u822a\u6bcd\u540e\uff0c\u82f1\u56fd\u653f\u5e9c\u518d\u4e5f\u8d1f\u62c5\u4e0d\u8d77\u8d2d\u4e70\u98de\u673a\u3001\u62a4\u822a\u548c\u652f\u63f4\u8230\u8247\u6765\u8f85\u52a9\u822a\u6bcd\u6267\u884c\u90e8\u7f72\u3001\u9632\u536b\u548c\u6253\u51fb\u7684\u4efb\u52a1\u3002", "events": [], "arguments": {"loc": [], "time": [], "country": [], "weapon": []}}, {"sentence": "\u800c\u82f1\u56fd\u653f\u5e9c\u4e5f\u65e0\u529b\u5bf9\u4e24\u8258\u201c\u4f0a\u4e3d\u838e\u767d\u5973\u738b\u201d\u7ea7\u822a\u6bcd\u8fdb\u884c\u6539\u9020\uff0c\u4f7f\u5176\u80fd\u591f\u7528\u4e8e\u652f\u6301\u4e24\u6816\u767b\u9646\u4f5c\u6218\u3002", "events": [], "arguments": {"loc": [], "time": [], "country": [], "weapon": []}}, {"sentence": "\u62a5\u9053\u79f0\uff0c\u81f3\u5c11\u6709\u4e00\u540d\u5206\u6790\u4eba\u58eb\u8ba4\u4e3a\uff0c\u82f1\u56fd\u5982\u679c\u4e0d\u5efa\u65b0\u822a\u6bcd\uff0c\u4f1a\u8fc7\u5f97\u66f4\u597d\u3002", "events": [], "arguments": {"loc": [], "time": [], "country": [], "weapon": []}}, {"sentence": "\u6839\u636e\u82f1\u56fd\u56fd\u5bb6\u5ba1\u8ba1\u7f72\u7684\u8bf4\u6cd5\uff0c\u82f1\u56fd\u76ee\u524d\u9762\u4e34\u201c\u65e0\u6570\u7684\u201d\u88c5\u5907\u77ed\u7f3a\u95ee\u9898\u3002", "events": [], "arguments": {"loc": [], "time": [], "country": [], "weapon": []}}, {"sentence": "\u65b0\u822a\u6bcd\u7684\u8230\u8f7d\u673a\u90e8\u961f\u81f3\u5c11\u5e94\u8be5\u5305\u62ec12\u67b6F-35B\u6218\u6597\u673a\u548c12\u67b6\u201c\u6885\u6797\u201d\u76f4\u5347\u673a\uff0c\u5176\u4e2d\u4e00\u4e9b\u8230\u8f7d\u673a\u5c06\u643a\u5e26\u6d1b\u514b\u5e0c\u5fb7\u00b7\u9a6c\u4e01\u516c\u53f8\u7814\u5236\u7684\u201c\u9e26\u5de2\u201d(Crowsnest)\u9884\u8b66\u96f7\u8fbe\uff0c\u4e3a\u822a\u6bcd\u6218\u6597\u7fa4\u63d0\u4f9b\u9884\u8b66\u63a2\u6d4b\u80fd\u529b\u3002", "events": [], "arguments": {"loc": [], "time": [], "country": [], "weapon": []}}, {"sentence": "\u7136\u800c\u82f1\u56fd\u56fd\u5bb6\u5ba1\u8ba1\u7f72\u8bf4\uff1a\u201c\u65b0\u578b\u7684\u2018\u9e26\u5de2\u2019\u9884\u8b66\u96f7\u8fbe\u7cfb\u7edf\u5ef6\u8fdf\u4e8618\u4e2a\u6708\uff0c\u8fd9\u5c06\u5f71\u54cd\u65b0\u822a\u6bcd\u5934\u4e24\u5e74\u7684\u4f5c\u6218\u80fd\u529b\u3002", "events": [], "arguments": {"loc": [], "time": [], "country": [], "weapon": []}}, {"sentence": "\u201d\u201c\uff08\u82f1\u56fd\u56fd\u9632\u90e8\uff09\u6ca1\u6709\u6709\u6548\u5730\u76d1\u7763\u5176\u4e0e\u6d1b\u9a6c\u516c\u53f8\u7684\u5408\u540c\uff0c\u800c\u4e14\u5c3d\u7ba1\u9879\u76ee\u65e9\u671f\u5b58\u5728\u95ee\u9898\uff0c\u53cc\u65b9\u6b64\u524d\u90fd\u4e0d\u77e5\u9053\u5206\u5305\u5546\u7684\u8fdb\u5c55\u5ef6\u8fdf\uff0c\u5230\u63a5\u8fd1\u539f\u5b9a\u7684\u4ea4\u4ed8\u65e5\u524d\u65f6\u624d\u53d1\u73b0\uff0c\u4e3a\u65f6\u5df2\u665a\u3002", "events": [], "arguments": {"loc": [], "time": [], "country": [], "weapon": []}}, {"sentence": "\u201d\u201c\u8fdb\u4e00\u6b65\u7684\u5ef6\u8fdf\u610f\u5473\u7740\u65b0\u822a\u6bcd\u8981\u52302023\u5e745\u6708\u624d\u80fd\u62e5\u6709\u5b8c\u5907\u7684\u673a\u8f7d\u96f7\u8fbe\u63a2\u6d4b\u80fd\u529b\u3002", "events": [], "arguments": {"loc": [], "time": [], "country": [], "weapon": []}}, {"sentence": "\u201d", "events": [], "arguments": {"loc": [], "time": [], "country": [], "weapon": []}}, {"sentence": "\u4e0e\u6b64\u540c\u65f6\uff0c\u82f1\u56fd\u56fd\u9632\u90e8\u5728\u8d2d\u4e70F-35\u6218\u6597\u673a\u65b9\u9762\u4e5f\u884c\u52a8\u8fdf\u7f13\u3002", "events": [], "arguments": {"loc": [], "time": [], "country": [], "weapon": []}}, {"sentence": "\u82f1\u56fd\u56fd\u5bb6\u5ba1\u8ba1\u7f72\u79f0\uff1a\u201c\u4ece2015\u5e74\u5f00\u59cb\uff0c\uff08\u56fd\u9632\u90e8\uff09\u6253\u7b97\u8d2d\u4e70138\u67b6F-35\u6218\u6597\u673a\uff0c\u8fd9\u5c06\u7ef4\u6301\u822a\u6bcd\u6253\u51fb\u884c\u52a8\u81f3\u672c\u4e16\u7eaa60\u5e74\u4ee3\u3002", "events": [], "arguments": {"loc": [], "time": [], "country": [], "weapon": [{"text": "F-35\u6218\u6597\u673a", "offset": 32, "length": 7}]}}, {"sentence": "\u56fd\u9632\u90e8\u6700\u521d\u8ba2\u8d2d\u4e8648\u67b6F-35\uff0c\u4f46\u5c1a\u672a\u627f\u8bfa\u4f1a\u7ee7\u7eed\u8d2d\u4e70\u3002", "events": [], "arguments": {"loc": [], "time": [], "country": [], "weapon": []}}, {"sentence": "\u201d\u4e00\u8258\u201c\u4f0a\u4e3d\u838e\u767d\u5973\u738b\u201d\u7ea7\u822a\u6bcd\u6700\u591a\u53ef\u4ee5\u643a\u5e2624\u67b6F-35\u6218\u6597\u673a\uff0c\u4f46\u8003\u8651\u5230\u9646\u4e0a\u8bad\u7ec3\u548c\u6218\u673a\u7ef4\u62a4\u7684\u9700\u8981\uff0c48\u67b6F-35\u53ef\u80fd\u96be\u4ee5\u7ef4\u630124\u67b6\u4e0a\u8230\u90e8\u7f72\u7684\u9700\u6c42\u3002", "events": [], "arguments": {"loc": [], "time": [], "country": [], "weapon": []}}, {"sentence": "\u901a\u5e38\u60c5\u51b5\u4e0b\uff0c\u8230\u8f7d\u673a\u90e8\u961f\u4e0d\u80fd\u6709\u8d85\u8fc7\u4e09\u5206\u4e4b\u4e00\u6218\u673a\u4e0a\u8230\u90e8\u7f72\u3002", "events": [], "arguments": {"loc": [], "time": [], "country": [], "weapon": []}}, {"sentence": "\u62a5\u9053\u79f0\uff0c\u540c\u6837\u4ee4\u4eba\u70e6\u607c\u7684\u662f\uff0c\u82f1\u56fd\u7687\u5bb6\u6d77\u519b\u5df2\u7ecf\u5c06\u5176\u7edd\u5927\u591a\u6570\u7684\u56fa\u4f53\u8d27\u7269\u8865\u7ed9\u8230\u95f2\u7f6e\uff0c\u53ea\u7559\u4e0b\u4e86\u4e00\u8258\u3002", "events": [], "arguments": {"loc": [], "time": [], "country": [], "weapon": []}}, {"sentence": "\u8fd9\u4e9b\u652f\u63f4\u8230\u8239\u53ef\u4ee5\u4e0e\u524d\u7ebf\u90e8\u7f72\u7684\u8230\u8247\u4e00\u8d77\u822a\u884c\uff0c\u4e3a\u524d\u7ebf\u8230\u8247\u50a8\u5907\u98df\u7269\u3001\u96f6\u90e8\u4ef6\u548c\u6b66\u5668\u5f39\u836f\u3002", "events": [], "arguments": {"loc": [], "time": [], "country": [], "weapon": []}}, {"sentence": "\u82f1\u56fd\u56fd\u5bb6\u5ba1\u8ba1\u7f72\u8b66\u544a\u8bf4\uff0c\u56fd\u9632\u90e8\u201c\u65e9\u5c31\u610f\u8bc6\u5230\u8fd9\u5c06\u9650\u5236\u822a\u6bcd\u7684\u4f5c\u6218\u80fd\u529b\uff0c\u4f46\u5c1a\u672a\u627e\u5230\u89e3\u51b3\u65b9\u6848\u3002", "events": [], "arguments": {"loc": [], "time": [], "country": [], "weapon": []}}, {"sentence": "\u201d", "events": [], "arguments": {"loc": [], "time": [], "country": [], "weapon": []}}, {"sentence": "\u9664\u4e86\u4e0a\u8ff0\u8fd9\u4e9b\u88c5\u5907\u77ed\u7f3a\u4e4b\u5916\uff0c\u82f1\u56fd\u7684\u822a\u6bcd\u6218\u6597\u7fa4\u81f3\u5c11\u5e94\u8be5\u81f3\u5c11\u5305\u62ec\u4e00\u8258\u53cd\u6f5c\u62a4\u536b\u8230\u548c\u4e00\u8258\u9632\u7a7a\u9a71\u9010\u8230\uff0c\u4f46\u7687\u5bb6\u6d77\u519b\u53ea\u670913\u8258\u65e5\u76ca\u8001\u5316\u768423\u578b\u62a4\u536b\u8230\u548c6\u825845\u578b\u9a71\u9010\u8230\u3002", "events": [], "arguments": {"loc": [], "time": [], "country": [], "weapon": []}}, {"sentence": "\u5176\u4e2d23\u578b\u62a4\u536b\u8230\u5c06\u4e8e2023\u5e74\u9000\u5f79\uff0c\u5b83\u7684\u7ee7\u4efb\u8005\u2014\u201426\u578b\u62a4\u536b\u8230\u8981\u52302027\u5e74\u624d\u4f1a\u5165\u5217\u3002", "events": [], "arguments": {"loc": [], "time": [], "country": [], "weapon": []}}, {"sentence": "\u7687\u5bb6\u6d77\u519b\u8ba1\u5212\u53ea\u8d2d\u4e708\u825826\u578b\u62a4\u536b\u8230\uff0c\u53e6\u5916\u8fd8\u5c06\u8d2d\u4e70\u81f3\u5c115\u8258\u6700\u65b0\u578b\u768431\u578b\u62a4\u536b\u8230\uff0c\u4f46\u8fd9\u79cd\u62a4\u536b\u8230\u7f3a\u4e4f\u53cd\u6f5c\u6b66\u5668\u7cfb\u7edf\u3002", "events": [], "arguments": {"loc": [], "time": [], "country": [], "weapon": [{"text": "31\u578b\u62a4\u536b\u8230", "offset": 32, "length": 6}]}}, {"sentence": "\u4e5f\u5c31\u662f\u8bf4\uff0c\u4ece\u672c\u4e16\u7eaa20\u5e74\u4ee3\u4e2d\u671f\u5f00\u59cb\uff0c\u82f1\u56fd\u822a\u6bcd\u53ef\u80fd\u4f1a\u5bb9\u6613\u906d\u5230\u6f5c\u8247\u7684\u653b\u51fb\u3002", "events": [], "arguments": {"loc": [], "time": [], "country": [], "weapon": []}}, {"sentence": "\u62a5\u9053\u6307\u51fa\uff0c\u4e0d\u8981\u6307\u671b\u6709\u201c\u610f\u5916\u4e4b\u8d22\u201d\u80fd\u591f\u62ef\u6551\u7687\u5bb6\u6d77\u519b\uff0c\u4f7f\u5176\u6446\u8131\u822a\u6bcd\u95ee\u9898\u7684\u56f0\u6270\u3002", "events": [], "arguments": {"loc": [], "time": [], "country": [], "weapon": []}}, {"sentence": "\u5982\u679c\u6709\u7684\u8bdd\uff0c\u9884\u7b97\u95ee\u9898\u53ef\u80fd\u4f1a\u53d8\u5f97\u66f4\u7cdf\uff0c\u82f1\u56fd\u56fd\u9632\u90e8\u5df2\u7ecf\u5728\u524a\u51cf\u5bf9\u4e8e\u4e24\u8258\u201c\u4f0a\u4e3d\u838e\u767d\u5973\u738b\u201d\u7ea7\u822a\u6bcd\u7684\u6295\u8d44\u3002", "events": [], "arguments": {"loc": [], "time": [], "country": [], "weapon": []}}, {"sentence": "\u82f1\u56fd\u653f\u5e9c\u66fe\u8ba1\u5212\u82b1\u8d397500\u4e07\u7f8e\u5143\u5bf9\u5176\u4e2d\u4e00\u8258\u822a\u6bcd\u8fdb\u884c\u6539\u9020\uff0c\u901a\u8fc7\u589e\u52a0\u989d\u5916\u7684\u8bbe\u5907\u4f7f\u5176\u6210\u4e3a\u4e00\u8258\u4e24\u6816\u653b\u51fb\u8230\u3002", "events": [], "arguments": {"loc": [], "time": [], "country": [], "weapon": []}}, {"sentence": "\u4f46\u6839\u636e\u82f1\u56fd\u56fd\u5bb6\u5ba1\u8ba1\u7f72\u7684\u8bf4\u6cd5\uff0c\u82f1\u56fd\u56fd\u9632\u90e8\u57282020\u5e743\u6708\u6084\u6084\u653e\u5f03\u4e86\u201c\u6c34\u9646\u4e24\u7528\u201d\u7684\u4f5c\u6218\u9700\u6c42\u3002", "events": [], "arguments": {"loc": [], "time": [], "country": [], "weapon": []}}, {"sentence": "\u5bf9\u4e8e\u82f1\u56fd\u7687\u5bb6\u6d77\u519b\u6765\u8bf4\uff0c\u6700\u5177\u8bbd\u523a\u610f\u5473\u7684\u662f\uff0c\u5b83\u57282018\u5e74\u201c\u727a\u7272\u201d\u4e86\u201c\u6d77\u6d0b\u201d\u53f7\u4e24\u6816\u653b\u51fb\u8230\uff08\u5c06\u5176\u9000\u5f79\uff09\uff0c\u4ee5\u4fbf\u817e\u51fa\u66f4\u591a\u7684\u8d44\u91d1\u548c\u4eba\u529b\u6765\u5efa\u9020\u65b0\u822a\u6bcd\uff0c\u7136\u540e\u53c8\u60f3\u901a\u8fc7\u5bf9\u822a\u6bcd\u8fdb\u884c\u6539\u88c5\u91cd\u83b7\u4e24\u6816\u4f5c\u6218\u80fd\u529b\u3002", "events": [], "arguments": {"loc": [], "time": [], "country": [], "weapon": [{"text": "\u201c\u6d77\u6d0b\u201d\u53f7\u4e24\u6816\u653b\u51fb\u8230", "offset": 32, "length": 10}]}}, {"sentence": "\u73b0\u5728\u770b\u6765\uff0c\u7687\u5bb6\u6d77\u519b\u653e\u5f03\u4e86\u201c\u6d77\u6d0b\u201d\u53f7\u7ed3\u679c\u5374\u4e00\u65e0\u6240\u83b7\u3002", "events": [], "arguments": {"loc": [], "time": [], "country": [], "weapon": []}}]