[{"sentence": "\u97e9\u56fdF-35A\u4ea4\u4ed8\u56e0\u75ab\u60c5\u63a8\u8fdf\u00a0\u97e9\u5411\u7f8e\u63d0\u8bae\u68c0\u6d4b\u7f8e\u519b\u98de\u884c\u5458\u906d\u62d2", "events": [{"trigger": {"text": "\u63d0\u8bae", "offset": 18, "length": 2}, "subject": {"text": "\u00a0\u97e9\u5411\u7f8e", "offset": 14, "length": 4}, "object": {"text": "\u68c0\u6d4b\u7f8e\u519b\u98de\u884c\u5458\u906d\u62d2", "offset": 20, "length": 9}}], "arguments": {"loc": [], "time": [], "country": [{"text": "\u97e9\u56fd", "offset": 0, "length": 2}, {"text": "\u7f8e", "offset": 22, "length": 1}], "weapon": [{"text": "F-35A", "offset": 2, "length": 5}]}}, {"sentence": "\u3010\u73af\u7403\u7f51\u519b\u4e8b\u62a5\u9053\u3011", "events": [], "arguments": {"loc": [], "time": [], "country": [], "weapon": []}}, {"sentence": "\u97e9\u8054\u793e6\u670830\u65e5\u62a5\u9053\uff0c\u636e\u97e9\u519b\u6d88\u606f\u4eba\u58eb30\u65e5\u62ab\u9732\uff0c\u53d7\u65b0\u51a0\u80ba\u708e\u75ab\u60c5\u5f71\u54cd\uff0c\u539f\u5b9a\u4e8e4\u6708\u5f15\u8fdb\u591a\u67b6F-35A\u6218\u673a\u65e5\u7a0b\u88ab\u8feb\u63a8\u8fdf\u81f3\u4e0b\u534a\u5e74\u3002", "events": [{"trigger": {"text": "\u88ab\u8feb\u63a8\u8fdf\u81f3", "offset": 52, "length": 5}, "subject": {"text": "\u539f\u5b9a\u4e8e4\u6708\u5f15\u8fdb\u591a\u67b6F-35A\u6218\u673a\u65e5\u7a0b", "offset": 34, "length": 18}, "object": {"text": "\u4e0b\u534a\u5e74", "offset": 57, "length": 3}}], "arguments": {"loc": [], "time": [{"text": "6\u670830\u65e5", "offset": 3, "length": 5}], "country": [], "weapon": []}}, {"sentence": "\u97e9\u519b\u8ba1\u5212\u5728\u5e74\u5185\u4ece\u7f8e\u65b9\u63a5\u653610\u591a\u67b6F-35A\u6218\u673a\uff0c\u5176\u4e2d\u4e00\u90e8\u5206\u5df2\u4e8e\u4eca\u5e742\u6708\u62b5\u97e9\u3002", "events": [], "arguments": {"loc": [], "time": [], "country": [], "weapon": []}}, {"sentence": "\u56e0F-35A\u6218\u673a\u91c7\u7528\u7531\u7f8e\u519b\u98de\u884c\u5458\u9a7e\u9a76\u5230\u6e05\u5dde\u57fa\u5730\u540e\u4ea4\u4ed8\u7ed9\u97e9\u65b9\u7684\u65b9\u5f0f\uff0c\u800c\u7f8e\u56fd\u56fd\u9632\u90e8\u7981\u6b62\u5b98\u5175\u51fa\u56fd\u548c\u5883\u5916\u8c03\u52a8\u76f4\u81f36\u670830\u65e5\uff0c\u56e0\u800c\u5bfc\u81f4F-35A\u6218\u673a\u4ea4\u4ed8\u8fdb\u7a0b\u53d7\u963b\u3002", "events": [], "arguments": {"loc": [], "time": [], "country": [], "weapon": []}}, {"sentence": "\u97e9\u56fd\u7a7a\u519b\u7684F-35A\u6218\u6597\u673a", "events": [], "arguments": {"loc": [], "time": [], "country": [], "weapon": []}}, {"sentence": "\u636e\u6089\uff0c\u97e9\u519b\u66fe\u63d0\u8bae\u5728\u9a7b\u97e9\u7f8e\u519b\u914d\u5408\u4e0b\u5bf9\u7f8e\u519b\u98de\u884c\u5458\u91c7\u53d6\u68c0\u75ab\u548c\u9632\u75ab\u63aa\u65bd\uff0c\u4f46\u906d\u7f8e\u65b9\u62d2\u7edd\u3002", "events": [], "arguments": {"loc": [], "time": [], "country": [], "weapon": []}}, {"sentence": "\u97e9\u56fd\u56fd\u9632\u90e8\u548c\u7a7a\u519b\u65b9\u9762\u8868\u793a\uff0c\u5c31\u6218\u673a\u4ea4\u4ed8\u4e8b\u5b9c\u4e0e\u7f8e\u65b9\u7684\u78cb\u5546\u8fdb\u5c55\u987a\u5229\uff0c\u9884\u8ba1\u5168\u90e8\u6218\u673a\u5c06\u5728\u5e74\u5e95\u4e4b\u524d\u4ea4\u4ed8\u5b8c\u6bd5\uff0c\u670d\u5f79\u8ba1\u5212\u4e0d\u4f1a\u88ab\u803d\u6401\u3002", "events": [], "arguments": {"loc": [], "time": [], "country": [], "weapon": []}}, {"sentence": "F-35A\u6700\u5927\u98de\u884c\u901f\u5ea61.6\u9a6c\u8d6b\u3001\u4f5c\u6218\u534a\u5f841093\u5343\u7c73\uff0c\u88c5\u5907\u7a7a\u7a7a\u5bfc\u5f39\u3001\u8054\u5408\u5236\u5bfc\u653b\u51fb\u6b66\u5668\uff08JDAM\uff09\u3001\u5c0f\u53e3\u5f84\u7cbe\u786e\u5236\u5bfc\u70b8\u5f39\uff08SDB\uff09\u7b49\u6b66\u5668\u3002", "events": [], "arguments": {"loc": [], "time": [], "country": [], "weapon": [{"text": "\u8054\u5408\u5236\u5bfc\u653b\u51fb\u6b66\u5668\uff08JDAM\uff09", "offset": 35, "length": 14}, {"text": "\u5c0f\u53e3\u5f84\u7cbe\u786e\u5236\u5bfc\u70b8\u5f39\uff08SDB\uff09", "offset": 50, "length": 14}]}}, {"sentence": "\u8be5\u673a\u578b\u5177\u6709\u9690\u5f62\u529f\u80fd\u53ef\u8eb2\u907f\u96f7\u8fbe\u63a2\u6d4b\uff0c\u88ab\u89c6\u4e3a\u97e9\u56fd\u6218\u7565\u76ee\u6807\u6253\u51fb\u9879\u76ee\u7684\u6838\u5fc3\u6218\u529b\u3002", "events": [], "arguments": {"loc": [], "time": [], "country": [], "weapon": []}}]