[{"sentence": "\u7f8e\u519b\u53c8\u6d3e\u98de\u673a\u63a5\u8fd1\u4fc4\u7f57\u65af\u8fb9\u754c\u00a0\u4fc4\u519b\u7acb\u5373\u51fa\u52a8\u6218\u6597\u673a\u62e6\u622a", "events": [{"trigger": {"text": "\u63a5\u8fd1", "offset": 6, "length": 2}, "subject": {"text": "\u7f8e\u519b\u53c8\u6d3e\u98de\u673a", "offset": 0, "length": 6}, "object": {"text": "\u4fc4\u7f57\u65af\u8fb9\u754c", "offset": 8, "length": 5}}], "arguments": {"loc": [], "time": [], "country": [{"text": "\u7f8e", "offset": 0, "length": 1}, {"text": "\u4fc4\u7f57\u65af", "offset": 8, "length": 3}], "weapon": []}}, {"sentence": "\u3010\u73af\u7403\u7f51\u62a5\u9053 \u89c1\u4e60\u8bb0\u8005 \u9a6c\u5ca9\u3011", "events": [], "arguments": {"loc": [], "time": [], "country": [], "weapon": []}}, {"sentence": "\u636e\u4fc4\u5854\u793e6\u670829\u65e5\u62a5\u9053\uff0c\u4fc4\u7f57\u65af\u56fd\u9632\u63a7\u5236\u4e2d\u5fc3\u79f0\u5f53\u5929\u4fc4\u6218\u673a\u7d27\u6025\u8d77\u98de\uff0c\u5728\u9ed1\u6d77\u4e0a\u7a7a\u62e6\u622a\u4e86\u7f8e\u56fd\u7684\u95f4\u8c0d\u98de\u673a\u3002", "events": [{"trigger": {"text": "\u62e6\u622a\u4e86", "offset": 37, "length": 3}, "subject": {"text": "\u4fc4\u6218\u673a\u7d27\u6025\u8d77\u98de", "offset": 24, "length": 7}, "object": {"text": "\u7f8e\u56fd\u7684\u95f4\u8c0d\u98de\u673a", "offset": 40, "length": 7}}], "arguments": {"loc": [{"text": "\u9ed1\u6d77", "offset": 33, "length": 2}], "time": [{"text": "6\u670829\u65e5", "offset": 4, "length": 5}], "country": [{"text": "\u7f8e\u56fd", "offset": 40, "length": 2}], "weapon": []}}, {"sentence": "\u62a5\u9053\u79f0\uff0c\u4fc4\u7f57\u65af\u5357\u90e8\u519b\u533a\u7684\u9632\u7a7a\u5feb\u901f\u53cd\u5e94\u90e8\u961f\u5f53\u5929\u63a2\u6d4b\u5230\u7f8e\u519b\u4e00\u67b6P-8A\u201c\u6d77\u795e\u201d\u6d77\u4e0a\u5de1\u903b\u673a\u548c\u4e00\u67b6RC-135\u6218\u7565\u4fa6\u5bdf\u673a\u51fa\u73b0\u5728\u9ed1\u6d77\u7684\u516c\u6d77\u4e0a\u7a7a\uff0c\u5e76\u8fdb\u884c\u4e86\u8ffd\u8e2a\uff0c\u968f\u540e\u51fa\u52a8\u4e86\u82cf-27\u6218\u6597\u673a\u5bf9\u76ee\u6807\u8fdb\u884c\u4e86\u62e6\u622a\u3002", "events": [], "arguments": {"loc": [], "time": [], "country": [], "weapon": [{"text": "P-8A\u201c\u6d77\u795e\u201d\u6d77\u4e0a\u5de1\u903b\u673a", "offset": 29, "length": 13}, {"text": "RC-135\u6218\u7565\u4fa6\u5bdf\u673a", "offset": 45, "length": 11}, {"text": "\u82cf-27\u6218\u6597\u673a", "offset": 79, "length": 7}]}}, {"sentence": "\u62a5\u9053\u63f4\u5f15\u4fc4\u7f57\u65af\u56fd\u9632\u63a7\u5236\u4e2d\u5fc3\u7684\u58f0\u660e\u79f0\uff0c\u7f8e\u56fd\u7684\u519b\u673a\u81ea\u59cb\u81f3\u7ec8\u88ab\u4fc4\u519b\u96f7\u8fbe\u9501\u5b9a\u8ffd\u8e2a\uff0c\u4fc4\u519b\u6218\u673a\u4e25\u683c\u9075\u5b88\u4e86\u516c\u6d77\u4e0a\u7a7a\u7684\u56fd\u9645\u884c\u4e3a\u51c6\u5219\uff0c\u6ca1\u6709\u4fb5\u72af\u5176\u5b83\u56fd\u5bb6\u7684\u8fb9\u754c\u3002", "events": [], "arguments": {"loc": [], "time": [], "country": [], "weapon": []}}, {"sentence": "\u4fc4\u7f57\u65af\u8fd1\u671f\u591a\u6b21\u51fa\u52a8\u6218\u673a\u62e6\u622a\u63a5\u8fd1\u5176\u8fb9\u754c\u7684\u7f8e\u56fd\u519b\u673a\uff0c\u5c31\u5728\u672c\u670826\u65e5\uff0c\u4fc4\u519b\u51fa\u52a8\u4e00\u67b6\u82cf-30\u6218\u673a\u62e6\u622a\u4e86\u7f8e\u519b\u4e00\u67b6P-8A\u6d77\u4e0a\u5de1\u903b\u673a\u3001\u4e00\u67b6RC-135\u4fa6\u5bdf\u673a\u548c\u4e00\u67b6KC-135\u7a7a\u4e2d\u52a0\u6cb9\u673a\u3002", "events": [], "arguments": {"loc": [], "time": [], "country": [], "weapon": []}}]